<?xml version="1.0" encoding="UTF-8"?>
<kml xmlns="http://www.opengis.net/kml/2.2"><Document><name>SSM cluster regions (k=5)</name><description>Nearest-well (Voronoi) regions over the 66 reference dipwells, dissolved by cluster and clipped to the site boundary. Generated from outputs/03_master_data.csv; regenerate if the partition or the reference network changes. Not a hydrological boundary.</description><Style id="c1"><LineStyle><color>ffaf6f1a</color><width>2</width></LineStyle><PolyStyle><color>26af6f1a</color><fill>1</fill><outline>1</outline></PolyStyle></Style><Style id="c2"><LineStyle><color>ff2ca02c</color><width>2</width></LineStyle><PolyStyle><color>262ca02c</color><fill>1</fill><outline>1</outline></PolyStyle></Style><Style id="c3"><LineStyle><color>ff2827d6</color><width>2</width></LineStyle><PolyStyle><color>262827d6</color><fill>1</fill><outline>1</outline></PolyStyle></Style><Style id="c4"><LineStyle><color>ffdd777f</color><width>2</width></LineStyle><PolyStyle><color>26dd777f</color><fill>1</fill><outline>1</outline></PolyStyle></Style><Style id="c5"><LineStyle><color>ff13458B</color><width>2</width></LineStyle><PolyStyle><color>2613458B</color><fill>1</fill><outline>1</outline></PolyStyle></Style><Placemark><name>C1 (Lake Edge)</name><description>Nearest-well (Voronoi) region of the 7 reference wells in this cluster, clipped to the site boundary. Wells: ceh5, ceh6, ceh11, ceh23, ceh25, ceh26, ceh27. This is a rendering of well membership, not a mapped hydrological boundary.</description><styleUrl>#c1</styleUrl><MultiGeometry><Polygon><outerBoundaryIs><LinearRing><coordinates>-4.3560446,53.1400738,0 -4.3412074,53.1382044,0 -4.3412332,53.1382039,0 -4.3412322,53.1381860,0 -4.3412621,53.1381854,0 -4.3412611,53.1381674,0 -4.3412910,53.1381668,0 -4.3412900,53.1381489,0 -4.3413199,53.1381483,0 -4.3413189,53.1381303,0 -4.3413488,53.1381297,0 -4.3413478,53.1381118,0 -4.3413777,53.1381112,0 -4.3413767,53.1380932,0 -4.3414066,53.1380926,0 -4.3414056,53.1380747,0 -4.3414355,53.1380741,0 -4.3414335,53.1380381,0 -4.3414634,53.1380376,0 -4.3414624,53.1380196,0 -4.3414923,53.1380190,0 -4.3414913,53.1380010,0 -4.3415212,53.1380005,0 -4.3415202,53.1379825,0 -4.3415501,53.1379819,0 -4.3415491,53.1379639,0 -4.3415789,53.1379634,0 -4.3415780,53.1379454,0 -4.3416078,53.1379448,0 -4.3416069,53.1379268,0 -4.3416367,53.1379263,0 -4.3416358,53.1379083,0 -4.3416656,53.1379077,0 -4.3416647,53.1378897,0 -4.3416945,53.1378892,0 -4.3416935,53.1378712,0 -4.3417234,53.1378706,0 -4.3417224,53.1378526,0 -4.3417523,53.1378521,0 -4.3417513,53.1378341,0 -4.3417812,53.1378335,0 -4.3417802,53.1378155,0 -4.3418101,53.1378150,0 -4.3418091,53.1377970,0 -4.3418390,53.1377964,0 -4.3418380,53.1377784,0 -4.3418679,53.1377779,0 -4.3418669,53.1377599,0 -4.3418968,53.1377593,0 -4.3418958,53.1377413,0 -4.3419257,53.1377407,0 -4.3419247,53.1377228,0 -4.3419546,53.1377222,0 -4.3419536,53.1377042,0 -4.3419835,53.1377036,0 -4.3419825,53.1376857,0 -4.3420124,53.1376851,0 -4.3420114,53.1376671,0 -4.3420412,53.1376665,0 -4.3420403,53.1376486,0 -4.3420701,53.1376480,0 -4.3420692,53.1376300,0 -4.3420990,53.1376294,0 -4.3420981,53.1376115,0 -4.3421279,53.1376109,0 -4.3421269,53.1375929,0 -4.3421568,53.1375923,0 -4.3421558,53.1375744,0 -4.3421857,53.1375738,0 -4.3421847,53.1375558,0 -4.3422146,53.1375552,0 -4.3422136,53.1375373,0 -4.3422435,53.1375367,0 -4.3422425,53.1375187,0 -4.3422724,53.1375181,0 -4.3422714,53.1375002,0 -4.3423013,53.1374996,0 -4.3423003,53.1374816,0 -4.3423302,53.1374810,0 -4.3423292,53.1374631,0 -4.3423591,53.1374625,0 -4.3423581,53.1374445,0 -4.3423880,53.1374439,0 -4.3423870,53.1374260,0 -4.3424169,53.1374254,0 -4.3424159,53.1374074,0 -4.3424458,53.1374068,0 -4.3424448,53.1373889,0 -4.3424746,53.1373883,0 -4.3424737,53.1373703,0 -4.3425035,53.1373697,0 -4.3425026,53.1373518,0 -4.3425324,53.1373512,0 -4.3425315,53.1373332,0 -4.3425613,53.1373326,0 -4.3425603,53.1373147,0 -4.3425902,53.1373141,0 -4.3425892,53.1372961,0 -4.3426191,53.1372955,0 -4.3426181,53.1372776,0 -4.3426480,53.1372770,0 -4.3426470,53.1372590,0 -4.3426769,53.1372584,0 -4.3426749,53.1372225,0 -4.3427048,53.1372219,0 -4.3427038,53.1372040,0 -4.3427337,53.1372034,0 -4.3427327,53.1371854,0 -4.3427626,53.1371848,0 -4.3427616,53.1371669,0 -4.3427915,53.1371663,0 -4.3427905,53.1371483,0 -4.3428204,53.1371477,0 -4.3428194,53.1371297,0 -4.3428493,53.1371292,0 -4.3428483,53.1371112,0 -4.3428782,53.1371106,0 -4.3428772,53.1370926,0 -4.3429071,53.1370921,0 -4.3429061,53.1370741,0 -4.3429360,53.1370735,0 -4.3429350,53.1370555,0 -4.3429648,53.1370550,0 -4.3429639,53.1370370,0 -4.3429937,53.1370364,0 -4.3429928,53.1370184,0 -4.3430226,53.1370179,0 -4.3430217,53.1369999,0 -4.3430515,53.1369993,0 -4.3430505,53.1369813,0 -4.3430804,53.1369808,0 -4.3430794,53.1369628,0 -4.3431093,53.1369622,0 -4.3431083,53.1369442,0 -4.3431382,53.1369437,0 -4.3431372,53.1369257,0 -4.3431671,53.1369251,0 -4.3431661,53.1369071,0 -4.3431960,53.1369065,0 -4.3431950,53.1368886,0 -4.3432249,53.1368880,0 -4.3432239,53.1368700,0 -4.3432538,53.1368694,0 -4.3432528,53.1368515,0 -4.3432827,53.1368509,0 -4.3432817,53.1368329,0 -4.3433116,53.1368323,0 -4.3433106,53.1368144,0 -4.3433404,53.1368138,0 -4.3433395,53.1367958,0 -4.3433693,53.1367952,0 -4.3433684,53.1367773,0 -4.3433982,53.1367767,0 -4.3433973,53.1367587,0 -4.3434271,53.1367581,0 -4.3434261,53.1367402,0 -4.3434560,53.1367396,0 -4.3434550,53.1367216,0 -4.3434849,53.1367210,0 -4.3434839,53.1367031,0 -4.3435138,53.1367025,0 -4.3435128,53.1366845,0 -4.3435427,53.1366839,0 -4.3435417,53.1366660,0 -4.3435716,53.1366654,0 -4.3435706,53.1366474,0 -4.3436005,53.1366468,0 -4.3435995,53.1366289,0 -4.3436294,53.1366283,0 -4.3436284,53.1366103,0 -4.3436583,53.1366097,0 -4.3436573,53.1365918,0 -4.3436872,53.1365912,0 -4.3436862,53.1365732,0 -4.3437160,53.1365726,0 -4.3437151,53.1365547,0 -4.3437449,53.1365541,0 -4.3437440,53.1365361,0 -4.3437738,53.1365355,0 -4.3437728,53.1365176,0 -4.3438027,53.1365170,0 -4.3438017,53.1364990,0 -4.3438316,53.1364984,0 -4.3438306,53.1364805,0 -4.3438605,53.1364799,0 -4.3438595,53.1364619,0 -4.3438894,53.1364613,0 -4.3438884,53.1364434,0 -4.3439183,53.1364428,0 -4.3439173,53.1364248,0 -4.3439472,53.1364242,0 -4.3439452,53.1363883,0 -4.3439751,53.1363877,0 -4.3439741,53.1363697,0 -4.3440040,53.1363692,0 -4.3440030,53.1363512,0 -4.3440329,53.1363506,0 -4.3440319,53.1363326,0 -4.3440618,53.1363321,0 -4.3440608,53.1363141,0 -4.3440907,53.1363135,0 -4.3440897,53.1362955,0 -4.3441195,53.1362950,0 -4.3441186,53.1362770,0 -4.3441484,53.1362764,0 -4.3441475,53.1362584,0 -4.3441773,53.1362578,0 -4.3441764,53.1362399,0 -4.3442062,53.1362393,0 -4.3442052,53.1362213,0 -4.3442351,53.1362207,0 -4.3442341,53.1362028,0 -4.3442640,53.1362022,0 -4.3442630,53.1361842,0 -4.3442929,53.1361836,0 -4.3442919,53.1361657,0 -4.3443218,53.1361651,0 -4.3443208,53.1361471,0 -4.3443507,53.1361465,0 -4.3443497,53.1361286,0 -4.3443796,53.1361280,0 -4.3443786,53.1361100,0 -4.3444085,53.1361094,0 -4.3444075,53.1360915,0 -4.3444374,53.1360909,0 -4.3444364,53.1360729,0 -4.3444662,53.1360723,0 -4.3444653,53.1360544,0 -4.3444951,53.1360538,0 -4.3444942,53.1360358,0 -4.3445240,53.1360352,0 -4.3445230,53.1360173,0 -4.3445529,53.1360167,0 -4.3445519,53.1359987,0 -4.3445818,53.1359981,0 -4.3445808,53.1359802,0 -4.3446107,53.1359796,0 -4.3446097,53.1359616,0 -4.3446396,53.1359610,0 -4.3446386,53.1359431,0 -4.3446685,53.1359425,0 -4.3446675,53.1359245,0 -4.3446974,53.1359239,0 -4.3446964,53.1359060,0 -4.3447263,53.1359054,0 -4.3447253,53.1358874,0 -4.3447552,53.1358868,0 -4.3447542,53.1358689,0 -4.3447840,53.1358683,0 -4.3447831,53.1358503,0 -4.3448129,53.1358497,0 -4.3448120,53.1358318,0 -4.3448418,53.1358312,0 -4.3448409,53.1358132,0 -4.3448707,53.1358126,0 -4.3448697,53.1357947,0 -4.3448996,53.1357941,0 -4.3448986,53.1357761,0 -4.3449285,53.1357755,0 -4.3449275,53.1357576,0 -4.3449574,53.1357570,0 -4.3449564,53.1357390,0 -4.3449863,53.1357384,0 -4.3449853,53.1357204,0 -4.3450152,53.1357199,0 -4.3450142,53.1357019,0 -4.3450739,53.1357007,0 -4.3450730,53.1356828,0 -4.3451028,53.1356822,0 -4.3451018,53.1356642,0 -4.3451317,53.1356636,0 -4.3451307,53.1356457,0 -4.3451606,53.1356451,0 -4.3451596,53.1356271,0 -4.3452194,53.1356259,0 -4.3452184,53.1356080,0 -4.3452483,53.1356074,0 -4.3452473,53.1355894,0 -4.3452771,53.1355888,0 -4.3452762,53.1355709,0 -4.3453359,53.1355697,0 -4.3453349,53.1355517,0 -4.3453648,53.1355511,0 -4.3453638,53.1355332,0 -4.3453937,53.1355326,0 -4.3453927,53.1355146,0 -4.3454525,53.1355134,0 -4.3454515,53.1354955,0 -4.3454813,53.1354949,0 -4.3454804,53.1354769,0 -4.3455102,53.1354763,0 -4.3455093,53.1354584,0 -4.3455690,53.1354572,0 -4.3455680,53.1354392,0 -4.3455979,53.1354386,0 -4.3455969,53.1354207,0 -4.3456268,53.1354201,0 -4.3456258,53.1354021,0 -4.3456855,53.1354010,0 -4.3456846,53.1353830,0 -4.3457144,53.1353824,0 -4.3457134,53.1353644,0 -4.3457433,53.1353638,0 -4.3457423,53.1353459,0 -4.3458021,53.1353447,0 -4.3458011,53.1353267,0 -4.3458310,53.1353262,0 -4.3458300,53.1353082,0 -4.3458599,53.1353076,0 -4.3458589,53.1352896,0 -4.3459186,53.1352885,0 -4.3459176,53.1352705,0 -4.3459475,53.1352699,0 -4.3459465,53.1352520,0 -4.3459764,53.1352514,0 -4.3459754,53.1352334,0 -4.3460352,53.1352322,0 -4.3460342,53.1352143,0 -4.3460640,53.1352137,0 -4.3460631,53.1351957,0 -4.3460929,53.1351951,0 -4.3460920,53.1351772,0 -4.3461517,53.1351760,0 -4.3461507,53.1351580,0 -4.3461806,53.1351574,0 -4.3461796,53.1351395,0 -4.3462095,53.1351389,0 -4.3462085,53.1351209,0 -4.3462682,53.1351197,0 -4.3462672,53.1351018,0 -4.3462971,53.1351012,0 -4.3462961,53.1350832,0 -4.3463260,53.1350826,0 -4.3463250,53.1350647,0 -4.3463848,53.1350635,0 -4.3463838,53.1350455,0 -4.3464137,53.1350449,0 -4.3464127,53.1350270,0 -4.3464425,53.1350264,0 -4.3464416,53.1350084,0 -4.3464714,53.1350078,0 -4.3464705,53.1349899,0 -4.3465302,53.1349887,0 -4.3465292,53.1349707,0 -4.3465591,53.1349701,0 -4.3465581,53.1349522,0 -4.3465880,53.1349516,0 -4.3465870,53.1349336,0 -4.3466467,53.1349324,0 -4.3466458,53.1349145,0 -4.3466756,53.1349139,0 -4.3466746,53.1348959,0 -4.3467045,53.1348953,0 -4.3467035,53.1348774,0 -4.3467633,53.1348762,0 -4.3467623,53.1348582,0 -4.3467922,53.1348577,0 -4.3467912,53.1348397,0 -4.3468210,53.1348391,0 -4.3468201,53.1348211,0 -4.3468798,53.1348200,0 -4.3468788,53.1348020,0 -4.3469087,53.1348014,0 -4.3469077,53.1347834,0 -4.3469376,53.1347829,0 -4.3469366,53.1347649,0 -4.3469963,53.1347637,0 -4.3469954,53.1347458,0 -4.3470252,53.1347452,0 -4.3470243,53.1347272,0 -4.3470541,53.1347266,0 -4.3470531,53.1347086,0 -4.3471129,53.1347075,0 -4.3471119,53.1346895,0 -4.3471418,53.1346889,0 -4.3471408,53.1346710,0 -4.3471707,53.1346704,0 -4.3471697,53.1346524,0 -4.3472294,53.1346512,0 -4.3472284,53.1346333,0 -4.3472583,53.1346327,0 -4.3472573,53.1346147,0 -4.3472872,53.1346141,0 -4.3472862,53.1345962,0 -4.3473460,53.1345950,0 -4.3473450,53.1345770,0 -4.3473748,53.1345764,0 -4.3473739,53.1345585,0 -4.3474037,53.1345579,0 -4.3474028,53.1345399,0 -4.3474625,53.1345387,0 -4.3474615,53.1345208,0 -4.3474914,53.1345202,0 -4.3474904,53.1345022,0 -4.3475203,53.1345016,0 -4.3475193,53.1344837,0 -4.3475790,53.1344825,0 -4.3475780,53.1344645,0 -4.3476079,53.1344639,0 -4.3476069,53.1344460,0 -4.3476368,53.1344454,0 -4.3476358,53.1344274,0 -4.3476657,53.1344268,0 -4.3476647,53.1344089,0 -4.3477244,53.1344077,0 -4.3477235,53.1343897,0 -4.3477533,53.1343891,0 -4.3477524,53.1343712,0 -4.3484692,53.1343570,0 -4.3484682,53.1343391,0 -4.3494539,53.1343196,0 -4.3494529,53.1343017,0 -4.3504684,53.1342816,0 -4.3504674,53.1342636,0 -4.3514531,53.1342442,0 -4.3514521,53.1342262,0 -4.3524676,53.1342061,0 -4.3524667,53.1341882,0 -4.3534523,53.1341687,0 -4.3534513,53.1341507,0 -4.3544669,53.1341306,0 -4.3544659,53.1341127,0 -4.3554515,53.1340932,0 -4.3554505,53.1340752,0 -4.3564661,53.1340551,0 -4.3564651,53.1340371,0 -4.3567936,53.1340306,0 -4.3567946,53.1340486,0 -4.3570634,53.1340433,0 -4.3570644,53.1340612,0 -4.3573034,53.1340565,0 -4.3573043,53.1340745,0 -4.3575433,53.1340697,0 -4.3575443,53.1340877,0 -4.3577832,53.1340829,0 -4.3577842,53.1341009,0 -4.3580231,53.1340962,0 -4.3580241,53.1341141,0 -4.3582929,53.1341088,0 -4.3582939,53.1341268,0 -4.3584500,53.1341237,0 -4.3577236,53.1397959,0 -4.3575534,53.1398927,0 -4.3560446,53.1400738,0</coordinates></LinearRing></outerBoundaryIs></Polygon><Polygon><outerBoundaryIs><LinearRing><coordinates>-4.3576827,53.1522571,0 -4.3597225,53.1521936,0 -4.3616427,53.1513746,0 -4.3624212,53.1514376,0 -4.3648231,53.1508706,0 -4.3662370,53.1521555,0 -4.3667895,53.1526612,0 -4.3686515,53.1560404,0 -4.3676014,53.1594227,0 -4.3663052,53.1594485,0 -4.3643518,53.1594873,0 -4.3643508,53.1594693,0 -4.3640220,53.1594759,0 -4.3640211,53.1594579,0 -4.3636624,53.1594650,0 -4.3636614,53.1594471,0 -4.3633327,53.1594536,0 -4.3633317,53.1594356,0 -4.3629731,53.1594428,0 -4.3629721,53.1594248,0 -4.3626434,53.1594313,0 -4.3626424,53.1594134,0 -4.3622837,53.1594205,0 -4.3622828,53.1594025,0 -4.3619241,53.1594096,0 -4.3619231,53.1593917,0 -4.3615944,53.1593982,0 -4.3615934,53.1593802,0 -4.3612348,53.1593873,0 -4.3612338,53.1593694,0 -4.3609051,53.1593759,0 -4.3609041,53.1593579,0 -4.3607749,53.1593605,0 -4.3605454,53.1593650,0 -4.3605445,53.1593471,0 -4.3601858,53.1593542,0 -4.3601848,53.1593362,0 -4.3598561,53.1593428,0 -4.3598551,53.1593248,0 -4.3594965,53.1593319,0 -4.3594955,53.1593139,0 -4.3591668,53.1593205,0 -4.3591658,53.1593025,0 -4.3588072,53.1593096,0 -4.3588062,53.1592916,0 -4.3584774,53.1592982,0 -4.3584764,53.1592802,0 -4.3581178,53.1592873,0 -4.3581168,53.1592693,0 -4.3577582,53.1592764,0 -4.3577572,53.1592585,0 -4.3574285,53.1592650,0 -4.3574275,53.1592470,0 -4.3570689,53.1592541,0 -4.3570679,53.1592362,0 -4.3567391,53.1592427,0 -4.3567382,53.1592247,0 -4.3563795,53.1592318,0 -4.3563785,53.1592138,0 -4.3560199,53.1592209,0 -4.3560189,53.1592030,0 -4.3556902,53.1592095,0 -4.3556892,53.1591915,0 -4.3553306,53.1591986,0 -4.3553296,53.1591807,0 -4.3551802,53.1591836,0 -4.3551811,53.1592016,0 -4.3550915,53.1592034,0 -4.3550925,53.1592213,0 -4.3549729,53.1592237,0 -4.3549739,53.1592416,0 -4.3548544,53.1592440,0 -4.3548554,53.1592620,0 -4.3547358,53.1592643,0 -4.3547368,53.1592823,0 -4.3546173,53.1592847,0 -4.3546182,53.1593026,0 -4.3544987,53.1593050,0 -4.3544997,53.1593230,0 -4.3543801,53.1593253,0 -4.3543811,53.1593433,0 -4.3542915,53.1593451,0 -4.3542924,53.1593630,0 -4.3541729,53.1593654,0 -4.3541739,53.1593833,0 -4.3540543,53.1593857,0 -4.3540553,53.1594037,0 -4.3539358,53.1594060,0 -4.3539368,53.1594240,0 -4.3538172,53.1594264,0 -4.3538182,53.1594443,0 -4.3536987,53.1594467,0 -4.3536996,53.1594646,0 -4.3535801,53.1594670,0 -4.3535811,53.1594850,0 -4.3534914,53.1594867,0 -4.3534924,53.1595047,0 -4.3533729,53.1595071,0 -4.3533719,53.1594891,0 -4.3532523,53.1594915,0 -4.3532514,53.1594735,0 -4.3531019,53.1594765,0 -4.3531009,53.1594585,0 -4.3529814,53.1594609,0 -4.3529804,53.1594429,0 -4.3528310,53.1594459,0 -4.3528300,53.1594279,0 -4.3527105,53.1594303,0 -4.3527095,53.1594123,0 -4.3525601,53.1594152,0 -4.3525591,53.1593973,0 -4.3524096,53.1594002,0 -4.3524087,53.1593823,0 -4.3522891,53.1593846,0 -4.3522881,53.1593667,0 -4.3521387,53.1593696,0 -4.3521377,53.1593517,0 -4.3520182,53.1593540,0 -4.3520172,53.1593361,0 -4.3518678,53.1593390,0 -4.3518668,53.1593211,0 -4.3517472,53.1593234,0 -4.3517463,53.1593055,0 -4.3515968,53.1593084,0 -4.3515958,53.1592904,0 -4.3514763,53.1592928,0 -4.3514753,53.1592748,0 -4.3513259,53.1592778,0 -4.3513249,53.1592598,0 -4.3511755,53.1592628,0 -4.3511745,53.1592448,0 -4.3510550,53.1592472,0 -4.3510540,53.1592292,0 -4.3509045,53.1592322,0 -4.3509036,53.1592142,0 -4.3507840,53.1592166,0 -4.3507830,53.1591986,0 -4.3507233,53.1591998,0 -4.3506934,53.1592004,0 -4.3506635,53.1592010,0 -4.3506625,53.1591830,0 -4.3506326,53.1591836,0 -4.3506307,53.1591477,0 -4.3506008,53.1591483,0 -4.3505998,53.1591303,0 -4.3505699,53.1591309,0 -4.3505679,53.1590950,0 -4.3505381,53.1590956,0 -4.3505361,53.1590596,0 -4.3505062,53.1590602,0 -4.3505052,53.1590423,0 -4.3504753,53.1590428,0 -4.3504734,53.1590069,0 -4.3504435,53.1590075,0 -4.3504425,53.1589895,0 -4.3504126,53.1589901,0 -4.3504107,53.1589542,0 -4.3503808,53.1589548,0 -4.3503798,53.1589368,0 -4.3503499,53.1589374,0 -4.3503480,53.1589015,0 -4.3503181,53.1589021,0 -4.3503161,53.1588662,0 -4.3502862,53.1588668,0 -4.3502852,53.1588488,0 -4.3502553,53.1588494,0 -4.3502534,53.1588135,0 -4.3502235,53.1588140,0 -4.3502225,53.1587961,0 -4.3501926,53.1587967,0 -4.3501907,53.1587608,0 -4.3501608,53.1587613,0 -4.3501588,53.1587254,0 -4.3501289,53.1587260,0 -4.3501280,53.1587080,0 -4.3500981,53.1587086,0 -4.3500961,53.1586727,0 -4.3500662,53.1586733,0 -4.3500652,53.1586553,0 -4.3500354,53.1586559,0 -4.3500334,53.1586200,0 -4.3500035,53.1586206,0 -4.3500025,53.1586026,0 -4.3499726,53.1586032,0 -4.3499707,53.1585673,0 -4.3499408,53.1585679,0 -4.3499388,53.1585320,0 -4.3499089,53.1585325,0 -4.3499080,53.1585146,0 -4.3498781,53.1585152,0 -4.3498761,53.1584792,0 -4.3498462,53.1584798,0 -4.3498452,53.1584619,0 -4.3498154,53.1584625,0 -4.3498134,53.1584265,0 -4.3497835,53.1584271,0 -4.3497825,53.1584092,0 -4.3497526,53.1584098,0 -4.3497507,53.1583738,0 -4.3497208,53.1583744,0 -4.3497188,53.1583385,0 -4.3496889,53.1583391,0 -4.3496880,53.1583211,0 -4.3496581,53.1583217,0 -4.3496561,53.1582858,0 -4.3496262,53.1582864,0 -4.3496252,53.1582684,0 -4.3495954,53.1582690,0 -4.3495934,53.1582331,0 -4.3495635,53.1582337,0 -4.3495625,53.1582157,0 -4.3495327,53.1582163,0 -4.3495307,53.1581804,0 -4.3495008,53.1581810,0 -4.3494988,53.1581450,0 -4.3494690,53.1581456,0 -4.3494680,53.1581277,0 -4.3494381,53.1581283,0 -4.3494361,53.1580923,0 -4.3494062,53.1580929,0 -4.3494053,53.1580750,0 -4.3493754,53.1580755,0 -4.3493734,53.1580396,0 -4.3493435,53.1580402,0 -4.3493416,53.1580043,0 -4.3493117,53.1580049,0 -4.3493107,53.1579869,0 -4.3492808,53.1579875,0 -4.3492789,53.1579516,0 -4.3492490,53.1579522,0 -4.3492480,53.1579342,0 -4.3492181,53.1579348,0 -4.3492161,53.1578989,0 -4.3491863,53.1578995,0 -4.3491853,53.1578815,0 -4.3491554,53.1578821,0 -4.3491534,53.1578462,0 -4.3491235,53.1578467,0 -4.3491216,53.1578108,0 -4.3490917,53.1578114,0 -4.3490907,53.1577934,0 -4.3490608,53.1577940,0 -4.3490589,53.1577581,0 -4.3490290,53.1577587,0 -4.3490280,53.1577407,0 -4.3489981,53.1577413,0 -4.3489961,53.1577054,0 -4.3489663,53.1577060,0 -4.3489653,53.1576880,0 -4.3489354,53.1576886,0 -4.3489334,53.1576527,0 -4.3489036,53.1576533,0 -4.3489016,53.1576174,0 -4.3488717,53.1576179,0 -4.3488707,53.1576000,0 -4.3488408,53.1576006,0 -4.3488389,53.1575647,0 -4.3487791,53.1575658,0 -4.3487781,53.1575479,0 -4.3487482,53.1575485,0 -4.3487473,53.1575305,0 -4.3487174,53.1575311,0 -4.3487164,53.1575131,0 -4.3486865,53.1575137,0 -4.3486855,53.1574957,0 -4.3486556,53.1574963,0 -4.3486547,53.1574784,0 -4.3486248,53.1574790,0 -4.3486238,53.1574610,0 -4.3485939,53.1574616,0 -4.3485929,53.1574436,0 -4.3485630,53.1574442,0 -4.3485621,53.1574263,0 -4.3485322,53.1574268,0 -4.3485312,53.1574089,0 -4.3485013,53.1574095,0 -4.3485003,53.1573915,0 -4.3484705,53.1573921,0 -4.3484695,53.1573741,0 -4.3484396,53.1573747,0 -4.3484386,53.1573568,0 -4.3484087,53.1573574,0 -4.3484077,53.1573394,0 -4.3483480,53.1573406,0 -4.3483470,53.1573226,0 -4.3483171,53.1573232,0 -4.3483161,53.1573052,0 -4.3482862,53.1573058,0 -4.3482853,53.1572879,0 -4.3482554,53.1572885,0 -4.3482544,53.1572705,0 -4.3482245,53.1572711,0 -4.3482235,53.1572531,0 -4.3481936,53.1572537,0 -4.3481927,53.1572357,0 -4.3481628,53.1572363,0 -4.3481618,53.1572184,0 -4.3481319,53.1572190,0 -4.3481309,53.1572010,0 -4.3481010,53.1572016,0 -4.3481001,53.1571836,0 -4.3480702,53.1571842,0 -4.3480692,53.1571662,0 -4.3480393,53.1571668,0 -4.3480383,53.1571489,0 -4.3480085,53.1571495,0 -4.3480075,53.1571315,0 -4.3479776,53.1571321,0 -4.3479766,53.1571141,0 -4.3479168,53.1571153,0 -4.3479159,53.1570973,0 -4.3478860,53.1570979,0 -4.3478850,53.1570800,0 -4.3478551,53.1570806,0 -4.3478541,53.1570626,0 -4.3478002,53.1570637,0 -4.3539656,53.1547603,0 -4.3545417,53.1531020,0 -4.3574693,53.1524325,0 -4.3576827,53.1522571,0</coordinates></LinearRing></outerBoundaryIs></Polygon></MultiGeometry></Placemark><Placemark><name>C2 (Dune)</name><description>Nearest-well (Voronoi) region of the 24 reference wells in this cluster, clipped to the site boundary. Wells: nw3, nw4, nw4b, ceh10, ceh24, ceh28, WMC1, L7, D5, D6, D7, D8, D9, D10, D15, D17, D38, D41, T41a, T41b, T41c, T41d, D43, D44. This is a rendering of well membership, not a mapped hydrological boundary.</description><styleUrl>#c2</styleUrl><Polygon><outerBoundaryIs><LinearRing><coordinates>-4.3604221,53.1455312,0 -4.3608505,53.1461909,0 -4.3614089,53.1465063,0 -4.3632143,53.1465203,0 -4.3650803,53.1463022,0 -4.3675037,53.1471357,0 -4.3671803,53.1490192,0 -4.3663277,53.1497236,0 -4.3659455,53.1499815,0 -4.3651621,53.1503708,0 -4.3648231,53.1508706,0 -4.3624212,53.1514376,0 -4.3616427,53.1513746,0 -4.3597225,53.1521936,0 -4.3576827,53.1522571,0 -4.3574693,53.1524325,0 -4.3545417,53.1531020,0 -4.3539656,53.1547603,0 -4.3478002,53.1570637,0 -4.3477944,53.1570638,0 -4.3477934,53.1570458,0 -4.3477037,53.1570476,0 -4.3477027,53.1570296,0 -4.3476131,53.1570314,0 -4.3476121,53.1570134,0 -4.3475523,53.1570146,0 -4.3475514,53.1569966,0 -4.3474617,53.1569984,0 -4.3474607,53.1569804,0 -4.3474010,53.1569816,0 -4.3474000,53.1569637,0 -4.3473103,53.1569654,0 -4.3473093,53.1569475,0 -4.3472496,53.1569486,0 -4.3472486,53.1569307,0 -4.3471589,53.1569325,0 -4.3471580,53.1569145,0 -4.3470683,53.1569163,0 -4.3470673,53.1568983,0 -4.3470076,53.1568995,0 -4.3470066,53.1568815,0 -4.3469169,53.1568833,0 -4.3469160,53.1568653,0 -4.3468562,53.1568665,0 -4.3468552,53.1568485,0 -4.3467656,53.1568503,0 -4.3467646,53.1568323,0 -4.3467048,53.1568335,0 -4.3467038,53.1568156,0 -4.3466142,53.1568173,0 -4.3466132,53.1567994,0 -4.3465235,53.1568011,0 -4.3465226,53.1567832,0 -4.3464329,53.1567849,0 -4.3464319,53.1567670,0 -4.3463423,53.1567687,0 -4.3463413,53.1567508,0 -4.3462516,53.1567525,0 -4.3462507,53.1567346,0 -4.3461610,53.1567363,0 -4.3461600,53.1567184,0 -4.3460704,53.1567201,0 -4.3460694,53.1567022,0 -4.3459797,53.1567039,0 -4.3459788,53.1566860,0 -4.3458891,53.1566878,0 -4.3458881,53.1566698,0 -4.3457985,53.1566716,0 -4.3457975,53.1566536,0 -4.3457078,53.1566554,0 -4.3457069,53.1566374,0 -4.3456172,53.1566392,0 -4.3456162,53.1566212,0 -4.3455266,53.1566230,0 -4.3455256,53.1566050,0 -4.3454360,53.1566068,0 -4.3454350,53.1565888,0 -4.3453752,53.1565900,0 -4.3453742,53.1565720,0 -4.3453145,53.1565732,0 -4.3453135,53.1565552,0 -4.3452537,53.1565564,0 -4.3452527,53.1565385,0 -4.3451930,53.1565396,0 -4.3451920,53.1565217,0 -4.3451322,53.1565228,0 -4.3451312,53.1565049,0 -4.3450715,53.1565061,0 -4.3450705,53.1564881,0 -4.3450107,53.1564893,0 -4.3450097,53.1564713,0 -4.3449500,53.1564725,0 -4.3449490,53.1564545,0 -4.3448892,53.1564557,0 -4.3448882,53.1564377,0 -4.3448285,53.1564389,0 -4.3448275,53.1564210,0 -4.3447677,53.1564221,0 -4.3447668,53.1564042,0 -4.3447070,53.1564054,0 -4.3447060,53.1563874,0 -4.3446462,53.1563886,0 -4.3446453,53.1563706,0 -4.3445855,53.1563718,0 -4.3445845,53.1563538,0 -4.3445247,53.1563550,0 -4.3445238,53.1563370,0 -4.3444640,53.1563382,0 -4.3444630,53.1563202,0 -4.3444032,53.1563214,0 -4.3444023,53.1563035,0 -4.3443425,53.1563046,0 -4.3443415,53.1562867,0 -4.3442818,53.1562879,0 -4.3442808,53.1562699,0 -4.3442210,53.1562711,0 -4.3442200,53.1562531,0 -4.3441603,53.1562543,0 -4.3441593,53.1562363,0 -4.3440995,53.1562375,0 -4.3440985,53.1562195,0 -4.3440388,53.1562207,0 -4.3440378,53.1562027,0 -4.3439780,53.1562039,0 -4.3439770,53.1561860,0 -4.3439173,53.1561871,0 -4.3439163,53.1561692,0 -4.3438565,53.1561704,0 -4.3438555,53.1561524,0 -4.3437958,53.1561536,0 -4.3437948,53.1561356,0 -4.3436753,53.1561380,0 -4.3436743,53.1561200,0 -4.3435548,53.1561223,0 -4.3435538,53.1561044,0 -4.3434641,53.1561061,0 -4.3434631,53.1560882,0 -4.3433436,53.1560905,0 -4.3433426,53.1560726,0 -4.3432231,53.1560749,0 -4.3432221,53.1560570,0 -4.3431325,53.1560587,0 -4.3431315,53.1560408,0 -4.3430120,53.1560431,0 -4.3430110,53.1560252,0 -4.3428914,53.1560275,0 -4.3428905,53.1560095,0 -4.3428008,53.1560113,0 -4.3427998,53.1559934,0 -4.3426803,53.1559957,0 -4.3426793,53.1559777,0 -4.3425598,53.1559801,0 -4.3425588,53.1559621,0 -4.3424692,53.1559639,0 -4.3424682,53.1559459,0 -4.3423486,53.1559483,0 -4.3423477,53.1559303,0 -4.3422879,53.1559315,0 -4.3422869,53.1559135,0 -4.3422570,53.1559141,0 -4.3422561,53.1558962,0 -4.3422262,53.1558967,0 -4.3422252,53.1558788,0 -4.3421953,53.1558794,0 -4.3421943,53.1558614,0 -4.3421644,53.1558620,0 -4.3421635,53.1558440,0 -4.3421336,53.1558446,0 -4.3421316,53.1558087,0 -4.3421017,53.1558093,0 -4.3421008,53.1557913,0 -4.3420709,53.1557919,0 -4.3420699,53.1557739,0 -4.3420400,53.1557745,0 -4.3420390,53.1557566,0 -4.3420092,53.1557572,0 -4.3420082,53.1557392,0 -4.3419783,53.1557398,0 -4.3419773,53.1557218,0 -4.3419474,53.1557224,0 -4.3419465,53.1557044,0 -4.3419166,53.1557050,0 -4.3419156,53.1556871,0 -4.3418857,53.1556877,0 -4.3418847,53.1556697,0 -4.3418549,53.1556703,0 -4.3418539,53.1556523,0 -4.3418240,53.1556529,0 -4.3418230,53.1556350,0 -4.3417931,53.1556355,0 -4.3417912,53.1555996,0 -4.3417613,53.1556002,0 -4.3417603,53.1555822,0 -4.3417304,53.1555828,0 -4.3417295,53.1555649,0 -4.3416996,53.1555655,0 -4.3416986,53.1555475,0 -4.3416687,53.1555481,0 -4.3416677,53.1555301,0 -4.3416378,53.1555307,0 -4.3416369,53.1555127,0 -4.3416070,53.1555133,0 -4.3416060,53.1554954,0 -4.3415761,53.1554960,0 -4.3415751,53.1554780,0 -4.3415453,53.1554786,0 -4.3415443,53.1554606,0 -4.3415144,53.1554612,0 -4.3415134,53.1554432,0 -4.3414835,53.1554438,0 -4.3414826,53.1554259,0 -4.3414527,53.1554265,0 -4.3414507,53.1553905,0 -4.3414208,53.1553911,0 -4.3414199,53.1553732,0 -4.3413900,53.1553737,0 -4.3413890,53.1553558,0 -4.3413591,53.1553564,0 -4.3413581,53.1553384,0 -4.3413283,53.1553390,0 -4.3413273,53.1553210,0 -4.3412974,53.1553216,0 -4.3412964,53.1553037,0 -4.3412665,53.1553042,0 -4.3412656,53.1552863,0 -4.3412357,53.1552869,0 -4.3412347,53.1552689,0 -4.3412048,53.1552695,0 -4.3412038,53.1552515,0 -4.3411739,53.1552521,0 -4.3411730,53.1552342,0 -4.3411431,53.1552347,0 -4.3411421,53.1552168,0 -4.3411122,53.1552174,0 -4.3411103,53.1551814,0 -4.3410804,53.1551820,0 -4.3410794,53.1551641,0 -4.3410495,53.1551646,0 -4.3410486,53.1551467,0 -4.3410187,53.1551473,0 -4.3410177,53.1551293,0 -4.3409878,53.1551299,0 -4.3409868,53.1551119,0 -4.3409569,53.1551125,0 -4.3409560,53.1550946,0 -4.3409261,53.1550951,0 -4.3409251,53.1550772,0 -4.3408952,53.1550778,0 -4.3408942,53.1550598,0 -4.3408644,53.1550604,0 -4.3408634,53.1550424,0 -4.3408335,53.1550430,0 -4.3408325,53.1550251,0 -4.3408026,53.1550256,0 -4.3408017,53.1550077,0 -4.3407718,53.1550083,0 -4.3407698,53.1549723,0 -4.3407399,53.1549729,0 -4.3407390,53.1549550,0 -4.3407091,53.1549556,0 -4.3407081,53.1549376,0 -4.3406782,53.1549382,0 -4.3406772,53.1549202,0 -4.3406474,53.1549208,0 -4.3406464,53.1549028,0 -4.3406165,53.1549034,0 -4.3406155,53.1548855,0 -4.3405856,53.1548861,0 -4.3405847,53.1548681,0 -4.3405548,53.1548687,0 -4.3405538,53.1548507,0 -4.3405239,53.1548513,0 -4.3405229,53.1548333,0 -4.3404931,53.1548339,0 -4.3404921,53.1548160,0 -4.3404622,53.1548166,0 -4.3404612,53.1547986,0 -4.3404313,53.1547992,0 -4.3404304,53.1547812,0 -4.3404005,53.1547818,0 -4.3403985,53.1547459,0 -4.3403686,53.1547465,0 -4.3403677,53.1547285,0 -4.3403378,53.1547291,0 -4.3403368,53.1547111,0 -4.3403069,53.1547117,0 -4.3403059,53.1546938,0 -4.3402761,53.1546943,0 -4.3402751,53.1546764,0 -4.3402452,53.1546770,0 -4.3402442,53.1546590,0 -4.3402143,53.1546596,0 -4.3402134,53.1546416,0 -4.3401835,53.1546422,0 -4.3401825,53.1546243,0 -4.3401526,53.1546248,0 -4.3401516,53.1546069,0 -4.3401218,53.1546075,0 -4.3401208,53.1545895,0 -4.3400909,53.1545901,0 -4.3400899,53.1545721,0 -4.3400600,53.1545727,0 -4.3400581,53.1545368,0 -4.3400282,53.1545374,0 -4.3400272,53.1545194,0 -4.3399973,53.1545200,0 -4.3399964,53.1545020,0 -4.3399665,53.1545026,0 -4.3399655,53.1544847,0 -4.3399356,53.1544853,0 -4.3399346,53.1544673,0 -4.3399048,53.1544679,0 -4.3399038,53.1544499,0 -4.3398739,53.1544505,0 -4.3398729,53.1544325,0 -4.3398430,53.1544331,0 -4.3398421,53.1544152,0 -4.3398122,53.1544158,0 -4.3398112,53.1543978,0 -4.3397813,53.1543984,0 -4.3397803,53.1543804,0 -4.3397505,53.1543810,0 -4.3397495,53.1543630,0 -4.3397196,53.1543636,0 -4.3397186,53.1543457,0 -4.3396887,53.1543462,0 -4.3396868,53.1543103,0 -4.3396569,53.1543109,0 -4.3396559,53.1542929,0 -4.3396260,53.1542935,0 -4.3396251,53.1542756,0 -4.3395952,53.1542762,0 -4.3395942,53.1542582,0 -4.3395643,53.1542588,0 -4.3395633,53.1542408,0 -4.3395335,53.1542414,0 -4.3395325,53.1542234,0 -4.3395026,53.1542240,0 -4.3395016,53.1542061,0 -4.3394717,53.1542067,0 -4.3394708,53.1541887,0 -4.3394409,53.1541893,0 -4.3394399,53.1541713,0 -4.3394100,53.1541719,0 -4.3394091,53.1541539,0 -4.3393792,53.1541545,0 -4.3393782,53.1541366,0 -4.3393483,53.1541372,0 -4.3393464,53.1541012,0 -4.3393165,53.1541018,0 -4.3393155,53.1540839,0 -4.3392856,53.1540844,0 -4.3392846,53.1540665,0 -4.3392548,53.1540671,0 -4.3392538,53.1540491,0 -4.3392239,53.1540497,0 -4.3392229,53.1540317,0 -4.3391930,53.1540323,0 -4.3391911,53.1539964,0 -4.3391612,53.1539970,0 -4.3391573,53.1539251,0 -4.3391274,53.1539257,0 -4.3391225,53.1538359,0 -4.3390926,53.1538365,0 -4.3390878,53.1537467,0 -4.3390579,53.1537473,0 -4.3390530,53.1536574,0 -4.3390231,53.1536580,0 -4.3390192,53.1535862,0 -4.3389893,53.1535868,0 -4.3389844,53.1534970,0 -4.3389546,53.1534975,0 -4.3389497,53.1534077,0 -4.3389198,53.1534083,0 -4.3389149,53.1533185,0 -4.3388850,53.1533191,0 -4.3388811,53.1532472,0 -4.3388214,53.1532484,0 -4.3388204,53.1532304,0 -4.3387905,53.1532310,0 -4.3387895,53.1532131,0 -4.3387596,53.1532137,0 -4.3387587,53.1531957,0 -4.3387288,53.1531963,0 -4.3387278,53.1531783,0 -4.3386979,53.1531789,0 -4.3386969,53.1531609,0 -4.3386671,53.1531615,0 -4.3386661,53.1531436,0 -4.3386362,53.1531442,0 -4.3386352,53.1531262,0 -4.3386053,53.1531268,0 -4.3386044,53.1531088,0 -4.3385745,53.1531094,0 -4.3385735,53.1530914,0 -4.3385436,53.1530920,0 -4.3385426,53.1530741,0 -4.3385128,53.1530747,0 -4.3385118,53.1530567,0 -4.3384819,53.1530573,0 -4.3384809,53.1530393,0 -4.3384510,53.1530399,0 -4.3384501,53.1530219,0 -4.3384202,53.1530225,0 -4.3384192,53.1530046,0 -4.3383893,53.1530051,0 -4.3383884,53.1529872,0 -4.3383286,53.1529884,0 -4.3383276,53.1529704,0 -4.3382977,53.1529710,0 -4.3382958,53.1529351,0 -4.3382968,53.1529530,0 -4.3382669,53.1529536,0 -4.3382659,53.1529356,0 -4.3382360,53.1529362,0 -4.3382350,53.1529183,0 -4.3382052,53.1529189,0 -4.3382042,53.1529009,0 -4.3381743,53.1529015,0 -4.3381733,53.1528835,0 -4.3381434,53.1528841,0 -4.3381425,53.1528661,0 -4.3381126,53.1528667,0 -4.3381116,53.1528488,0 -4.3380817,53.1528494,0 -4.3380808,53.1528314,0 -4.3380509,53.1528320,0 -4.3380499,53.1528140,0 -4.3380200,53.1528146,0 -4.3380190,53.1527966,0 -4.3379892,53.1527972,0 -4.3379882,53.1527793,0 -4.3379583,53.1527798,0 -4.3379573,53.1527619,0 -4.3379274,53.1527625,0 -4.3379265,53.1527445,0 -4.3378966,53.1527451,0 -4.3378956,53.1527271,0 -4.3378358,53.1527283,0 -4.3378349,53.1527103,0 -4.3378050,53.1527109,0 -4.3378040,53.1526930,0 -4.3377741,53.1526936,0 -4.3377653,53.1525319,0 -4.3377952,53.1525313,0 -4.3377845,53.1523337,0 -4.3378144,53.1523331,0 -4.3378036,53.1521355,0 -4.3378335,53.1521349,0 -4.3378228,53.1519374,0 -4.3378526,53.1519368,0 -4.3378439,53.1517751,0 -4.3378737,53.1517745,0 -4.3378718,53.1517386,0 -4.3379017,53.1517380,0 -4.3378997,53.1517021,0 -4.3379296,53.1517015,0 -4.3379276,53.1516656,0 -4.3379575,53.1516650,0 -4.3379556,53.1516290,0 -4.3379855,53.1516285,0 -4.3379835,53.1515925,0 -4.3380134,53.1515919,0 -4.3380114,53.1515560,0 -4.3380413,53.1515554,0 -4.3380394,53.1515195,0 -4.3380692,53.1515189,0 -4.3380673,53.1514830,0 -4.3380972,53.1514824,0 -4.3380942,53.1514285,0 -4.3381241,53.1514279,0 -4.3381222,53.1513920,0 -4.3381520,53.1513914,0 -4.3381501,53.1513555,0 -4.3381800,53.1513549,0 -4.3381780,53.1513190,0 -4.3382079,53.1513184,0 -4.3382059,53.1512825,0 -4.3382358,53.1512819,0 -4.3382339,53.1512460,0 -4.3382638,53.1512454,0 -4.3382618,53.1512094,0 -4.3382917,53.1512089,0 -4.3382897,53.1511729,0 -4.3383196,53.1511723,0 -4.3383177,53.1511364,0 -4.3383475,53.1511358,0 -4.3383456,53.1510999,0 -4.3383755,53.1510993,0 -4.3383735,53.1510634,0 -4.3384034,53.1510628,0 -4.3384005,53.1510089,0 -4.3384303,53.1510083,0 -4.3384284,53.1509724,0 -4.3384583,53.1509718,0 -4.3384563,53.1509359,0 -4.3384862,53.1509353,0 -4.3384842,53.1508994,0 -4.3385141,53.1508988,0 -4.3385122,53.1508629,0 -4.3385420,53.1508623,0 -4.3385401,53.1508264,0 -4.3385700,53.1508258,0 -4.3385680,53.1507898,0 -4.3385979,53.1507893,0 -4.3385959,53.1507533,0 -4.3386258,53.1507527,0 -4.3386239,53.1507168,0 -4.3386538,53.1507162,0 -4.3386518,53.1506803,0 -4.3386817,53.1506797,0 -4.3386797,53.1506438,0 -4.3387096,53.1506432,0 -4.3387067,53.1505893,0 -4.3387366,53.1505887,0 -4.3387346,53.1505528,0 -4.3387645,53.1505522,0 -4.3387625,53.1505163,0 -4.3387924,53.1505157,0 -4.3387905,53.1504798,0 -4.3388203,53.1504792,0 -4.3388184,53.1504433,0 -4.3388483,53.1504427,0 -4.3388463,53.1504068,0 -4.3388762,53.1504062,0 -4.3388742,53.1503702,0 -4.3389041,53.1503697,0 -4.3389022,53.1503337,0 -4.3389320,53.1503331,0 -4.3389301,53.1502972,0 -4.3389600,53.1502966,0 -4.3389590,53.1502787,0 -4.3389889,53.1502781,0 -4.3389869,53.1502421,0 -4.3390168,53.1502416,0 -4.3390158,53.1502236,0 -4.3390457,53.1502230,0 -4.3390438,53.1501871,0 -4.3390736,53.1501865,0 -4.3390717,53.1501506,0 -4.3391016,53.1501500,0 -4.3391006,53.1501320,0 -4.3391305,53.1501314,0 -4.3391285,53.1500955,0 -4.3391584,53.1500949,0 -4.3391574,53.1500770,0 -4.3391873,53.1500764,0 -4.3391871,53.1500728,0 -4.3391853,53.1500404,0 -4.3392152,53.1500399,0 -4.3392133,53.1500039,0 -4.3392431,53.1500033,0 -4.3392422,53.1499854,0 -4.3392720,53.1499848,0 -4.3392701,53.1499489,0 -4.3393000,53.1499483,0 -4.3392990,53.1499303,0 -4.3393289,53.1499297,0 -4.3393269,53.1498938,0 -4.3393568,53.1498932,0 -4.3393548,53.1498573,0 -4.3393847,53.1498567,0 -4.3393837,53.1498387,0 -4.3394136,53.1498382,0 -4.3394117,53.1498022,0 -4.3394416,53.1498016,0 -4.3394406,53.1497837,0 -4.3394705,53.1497831,0 -4.3394685,53.1497472,0 -4.3394984,53.1497466,0 -4.3394964,53.1497107,0 -4.3395263,53.1497101,0 -4.3395253,53.1496921,0 -4.3395552,53.1496915,0 -4.3395533,53.1496556,0 -4.3395831,53.1496550,0 -4.3395822,53.1496370,0 -4.3396120,53.1496365,0 -4.3396101,53.1496005,0 -4.3396400,53.1495999,0 -4.3396380,53.1495640,0 -4.3396679,53.1495634,0 -4.3396669,53.1495455,0 -4.3396968,53.1495449,0 -4.3396948,53.1495090,0 -4.3397247,53.1495084,0 -4.3397237,53.1494904,0 -4.3397536,53.1494898,0 -4.3397517,53.1494539,0 -4.3397815,53.1494533,0 -4.3397796,53.1494174,0 -4.3398095,53.1494168,0 -4.3398085,53.1493988,0 -4.3398384,53.1493982,0 -4.3398364,53.1493623,0 -4.3398663,53.1493617,0 -4.3398653,53.1493438,0 -4.3398952,53.1493432,0 -4.3398932,53.1493072,0 -4.3399231,53.1493067,0 -4.3399212,53.1492707,0 -4.3399510,53.1492701,0 -4.3399501,53.1492522,0 -4.3399799,53.1492516,0 -4.3399780,53.1492157,0 -4.3400079,53.1492151,0 -4.3400069,53.1491971,0 -4.3400368,53.1491965,0 -4.3400348,53.1491606,0 -4.3400647,53.1491600,0 -4.3400627,53.1491241,0 -4.3400926,53.1491235,0 -4.3400916,53.1491055,0 -4.3401215,53.1491050,0 -4.3401196,53.1490690,0 -4.3401494,53.1490684,0 -4.3401485,53.1490505,0 -4.3401784,53.1490499,0 -4.3401696,53.1488882,0 -4.3401397,53.1488888,0 -4.3401309,53.1487272,0 -4.3401010,53.1487277,0 -4.3400912,53.1485481,0 -4.3400614,53.1485487,0 -4.3400526,53.1483870,0 -4.3400227,53.1483876,0 -4.3400158,53.1482619,0 -4.3399860,53.1482625,0 -4.3399850,53.1482445,0 -4.3399551,53.1482451,0 -4.3399541,53.1482271,0 -4.3398944,53.1482283,0 -4.3398934,53.1482103,0 -4.3398336,53.1482115,0 -4.3398327,53.1481936,0 -4.3398028,53.1481941,0 -4.3398018,53.1481762,0 -4.3397421,53.1481774,0 -4.3397411,53.1481594,0 -4.3396813,53.1481606,0 -4.3396803,53.1481426,0 -4.3394712,53.1481467,0 -4.3394702,53.1481287,0 -4.3390519,53.1481370,0 -4.3390509,53.1481190,0 -4.3386326,53.1481272,0 -4.3386317,53.1481093,0 -4.3382134,53.1481175,0 -4.3382124,53.1480995,0 -4.3377941,53.1481077,0 -4.3377931,53.1480898,0 -4.3373748,53.1480980,0 -4.3373739,53.1480800,0 -4.3369556,53.1480882,0 -4.3369546,53.1480703,0 -4.3368052,53.1480732,0 -4.3368042,53.1480552,0 -4.3367743,53.1480558,0 -4.3367734,53.1480379,0 -4.3367435,53.1480385,0 -4.3367425,53.1480205,0 -4.3366828,53.1480217,0 -4.3366818,53.1480037,0 -4.3366519,53.1480043,0 -4.3366509,53.1479863,0 -4.3366210,53.1479869,0 -4.3366201,53.1479690,0 -4.3365603,53.1479701,0 -4.3365593,53.1479522,0 -4.3365295,53.1479527,0 -4.3365285,53.1479348,0 -4.3364986,53.1479354,0 -4.3364976,53.1479174,0 -4.3364678,53.1479180,0 -4.3364668,53.1479000,0 -4.3364070,53.1479012,0 -4.3364060,53.1478832,0 -4.3363762,53.1478838,0 -4.3363752,53.1478659,0 -4.3363453,53.1478665,0 -4.3363443,53.1478485,0 -4.3362846,53.1478497,0 -4.3362836,53.1478317,0 -4.3362537,53.1478323,0 -4.3362528,53.1478143,0 -4.3362229,53.1478149,0 -4.3362219,53.1477969,0 -4.3361920,53.1477975,0 -4.3361621,53.1477981,0 -4.3361612,53.1477802,0 -4.3361910,53.1477796,0 -4.3361313,53.1477807,0 -4.3361303,53.1477628,0 -4.3361004,53.1477634,0 -4.3360995,53.1477454,0 -4.3360397,53.1477466,0 -4.3360387,53.1477286,0 -4.3360088,53.1477292,0 -4.3360079,53.1477112,0 -4.3359780,53.1477118,0 -4.3359770,53.1476939,0 -4.3359173,53.1476950,0 -4.3359163,53.1476771,0 -4.3358864,53.1476777,0 -4.3358854,53.1476597,0 -4.3358556,53.1476603,0 -4.3358546,53.1476423,0 -4.3357948,53.1476435,0 -4.3357939,53.1476255,0 -4.3357640,53.1476261,0 -4.3357630,53.1476082,0 -4.3357331,53.1476087,0 -4.3357321,53.1475908,0 -4.3357023,53.1475914,0 -4.3356724,53.1475919,0 -4.3356714,53.1475740,0 -4.3356415,53.1475746,0 -4.3356406,53.1475566,0 -4.3356107,53.1475572,0 -4.3356097,53.1475392,0 -4.3355500,53.1475404,0 -4.3355490,53.1475224,0 -4.3355191,53.1475230,0 -4.3355181,53.1475051,0 -4.3354882,53.1475057,0 -4.3354873,53.1474877,0 -4.3354574,53.1474883,0 -4.3354564,53.1474703,0 -4.3353967,53.1474715,0 -4.3353957,53.1474535,0 -4.3353658,53.1474541,0 -4.3353648,53.1474361,0 -4.3353350,53.1474367,0 -4.3353340,53.1474188,0 -4.3352742,53.1474199,0 -4.3352732,53.1474020,0 -4.3352434,53.1474026,0 -4.3352424,53.1473846,0 -4.3352125,53.1473852,0 -4.3352115,53.1473672,0 -4.3351518,53.1473684,0 -4.3351508,53.1473504,0 -4.3351209,53.1473510,0 -4.3351200,53.1473331,0 -4.3350901,53.1473336,0 -4.3350891,53.1473157,0 -4.3350294,53.1473169,0 -4.3350284,53.1472989,0 -4.3349985,53.1472995,0 -4.3349975,53.1472815,0 -4.3349676,53.1472821,0 -4.3349667,53.1472641,0 -4.3349069,53.1472653,0 -4.3349059,53.1472473,0 -4.3348761,53.1472479,0 -4.3348751,53.1472300,0 -4.3348452,53.1472306,0 -4.3348442,53.1472126,0 -4.3347845,53.1472138,0 -4.3347835,53.1471958,0 -4.3347536,53.1471964,0 -4.3347527,53.1471784,0 -4.3347228,53.1471790,0 -4.3347218,53.1471610,0 -4.3346620,53.1471622,0 -4.3346611,53.1471443,0 -4.3346312,53.1471448,0 -4.3346302,53.1471269,0 -4.3346003,53.1471275,0 -4.3345945,53.1470197,0 -4.3346244,53.1470191,0 -4.3346205,53.1469472,0 -4.3346503,53.1469467,0 -4.3346464,53.1468748,0 -4.3346763,53.1468742,0 -4.3346714,53.1467844,0 -4.3347013,53.1467838,0 -4.3346974,53.1467120,0 -4.3347273,53.1467114,0 -4.3347234,53.1466395,0 -4.3347533,53.1466389,0 -4.3347484,53.1465491,0 -4.3347783,53.1465485,0 -4.3347744,53.1464767,0 -4.3348043,53.1464761,0 -4.3348004,53.1464043,0 -4.3348302,53.1464037,0 -4.3348254,53.1463139,0 -4.3348552,53.1463133,0 -4.3348513,53.1462414,0 -4.3348812,53.1462408,0 -4.3348773,53.1461690,0 -4.3349072,53.1461684,0 -4.3349023,53.1460786,0 -4.3349322,53.1460780,0 -4.3349283,53.1460061,0 -4.3349582,53.1460056,0 -4.3349543,53.1459337,0 -4.3349842,53.1459331,0 -4.3349793,53.1458433,0 -4.3350092,53.1458427,0 -4.3350053,53.1457709,0 -4.3350351,53.1457703,0 -4.3350312,53.1456984,0 -4.3350611,53.1456978,0 -4.3350562,53.1456080,0 -4.3350861,53.1456074,0 -4.3350822,53.1455356,0 -4.3351121,53.1455350,0 -4.3351082,53.1454632,0 -4.3351381,53.1454626,0 -4.3351332,53.1453728,0 -4.3351631,53.1453722,0 -4.3351592,53.1453003,0 -4.3351890,53.1452997,0 -4.3351851,53.1452279,0 -4.3352150,53.1452273,0 -4.3352101,53.1451375,0 -4.3352400,53.1451369,0 -4.3352361,53.1450650,0 -4.3352660,53.1450644,0 -4.3352621,53.1449926,0 -4.3352920,53.1449920,0 -4.3352871,53.1449022,0 -4.3353170,53.1449016,0 -4.3353131,53.1448298,0 -4.3353430,53.1448292,0 -4.3353391,53.1447573,0 -4.3353689,53.1447567,0 -4.3353641,53.1446669,0 -4.3353939,53.1446663,0 -4.3353900,53.1445945,0 -4.3354199,53.1445939,0 -4.3354160,53.1445220,0 -4.3354459,53.1445215,0 -4.3354410,53.1444316,0 -4.3354709,53.1444311,0 -4.3354670,53.1443592,0 -4.3354969,53.1443586,0 -4.3354930,53.1442868,0 -4.3355228,53.1442862,0 -4.3355180,53.1441964,0 -4.3355478,53.1441958,0 -4.3355439,53.1441239,0 -4.3355738,53.1441233,0 -4.3355699,53.1440515,0 -4.3355998,53.1440509,0 -4.3355949,53.1439611,0 -4.3356248,53.1439605,0 -4.3356209,53.1438887,0 -4.3356508,53.1438881,0 -4.3356469,53.1438162,0 -4.3356767,53.1438156,0 -4.3356719,53.1437258,0 -4.3357017,53.1437252,0 -4.3356978,53.1436534,0 -4.3357277,53.1436528,0 -4.3357238,53.1435809,0 -4.3357537,53.1435803,0 -4.3357488,53.1434905,0 -4.3357787,53.1434899,0 -4.3357748,53.1434181,0 -4.3358047,53.1434175,0 -4.3358008,53.1433457,0 -4.3358306,53.1433451,0 -4.3358258,53.1432553,0 -4.3358556,53.1432547,0 -4.3358517,53.1431828,0 -4.3358816,53.1431822,0 -4.3358777,53.1431104,0 -4.3359076,53.1431098,0 -4.3359027,53.1430200,0 -4.3359326,53.1430194,0 -4.3359287,53.1429475,0 -4.3359586,53.1429470,0 -4.3359547,53.1428751,0 -4.3359845,53.1428745,0 -4.3359796,53.1427847,0 -4.3360095,53.1427841,0 -4.3360056,53.1427123,0 -4.3360355,53.1427117,0 -4.3360316,53.1426398,0 -4.3360615,53.1426392,0 -4.3360566,53.1425494,0 -4.3360865,53.1425488,0 -4.3360826,53.1424770,0 -4.3361124,53.1424764,0 -4.3361085,53.1424045,0 -4.3361384,53.1424040,0 -4.3361335,53.1423141,0 -4.3361634,53.1423136,0 -4.3361595,53.1422417,0 -4.3361894,53.1422411,0 -4.3361855,53.1421693,0 -4.3362154,53.1421687,0 -4.3362105,53.1420789,0 -4.3362404,53.1420783,0 -4.3362365,53.1420064,0 -4.3362663,53.1420058,0 -4.3362624,53.1419340,0 -4.3362923,53.1419334,0 -4.3362874,53.1418436,0 -4.3363173,53.1418430,0 -4.3363134,53.1417712,0 -4.3363433,53.1417706,0 -4.3363394,53.1416987,0 -4.3363692,53.1416981,0 -4.3363644,53.1416083,0 -4.3363942,53.1416077,0 -4.3363903,53.1415359,0 -4.3364202,53.1415353,0 -4.3364163,53.1414634,0 -4.3364462,53.1414629,0 -4.3364413,53.1413730,0 -4.3364712,53.1413725,0 -4.3364673,53.1413006,0 -4.3364972,53.1413000,0 -4.3364962,53.1412821,0 -4.3365261,53.1412815,0 -4.3365251,53.1412635,0 -4.3365550,53.1412629,0 -4.3365540,53.1412450,0 -4.3365839,53.1412444,0 -4.3365829,53.1412264,0 -4.3366128,53.1412258,0 -4.3366118,53.1412079,0 -4.3366416,53.1412073,0 -4.3366407,53.1411893,0 -4.3366705,53.1411887,0 -4.3366696,53.1411708,0 -4.3366994,53.1411702,0 -4.3366985,53.1411522,0 -4.3367283,53.1411516,0 -4.3367274,53.1411337,0 -4.3367572,53.1411331,0 -4.3367563,53.1411151,0 -4.3367861,53.1411145,0 -4.3367852,53.1410966,0 -4.3368150,53.1410960,0 -4.3368141,53.1410780,0 -4.3368439,53.1410774,0 -4.3368430,53.1410595,0 -4.3368728,53.1410589,0 -4.3368719,53.1410409,0 -4.3369017,53.1410403,0 -4.3369008,53.1410224,0 -4.3369306,53.1410218,0 -4.3369297,53.1410038,0 -4.3369595,53.1410032,0 -4.3369586,53.1409853,0 -4.3369884,53.1409847,0 -4.3369874,53.1409667,0 -4.3370173,53.1409661,0 -4.3370163,53.1409482,0 -4.3370462,53.1409476,0 -4.3370452,53.1409296,0 -4.3370751,53.1409290,0 -4.3370741,53.1409111,0 -4.3371040,53.1409105,0 -4.3371030,53.1408925,0 -4.3371329,53.1408919,0 -4.3371319,53.1408740,0 -4.3371618,53.1408734,0 -4.3371608,53.1408554,0 -4.3371907,53.1408548,0 -4.3371897,53.1408369,0 -4.3372196,53.1408363,0 -4.3372186,53.1408183,0 -4.3372485,53.1408177,0 -4.3372475,53.1407998,0 -4.3372774,53.1407992,0 -4.3372764,53.1407812,0 -4.3373063,53.1407806,0 -4.3373053,53.1407627,0 -4.3373352,53.1407621,0 -4.3373342,53.1407441,0 -4.3373641,53.1407435,0 -4.3373631,53.1407256,0 -4.3373930,53.1407250,0 -4.3373920,53.1407070,0 -4.3374219,53.1407064,0 -4.3374209,53.1406885,0 -4.3374508,53.1406879,0 -4.3374498,53.1406699,0 -4.3374797,53.1406693,0 -4.3374787,53.1406514,0 -4.3375086,53.1406508,0 -4.3375076,53.1406328,0 -4.3375375,53.1406322,0 -4.3375365,53.1406143,0 -4.3375664,53.1406137,0 -4.3375654,53.1405957,0 -4.3375953,53.1405951,0 -4.3375943,53.1405772,0 -4.3376242,53.1405766,0 -4.3376232,53.1405586,0 -4.3376531,53.1405580,0 -4.3376511,53.1405221,0 -4.3376810,53.1405215,0 -4.3376800,53.1405036,0 -4.3377099,53.1405030,0 -4.3377089,53.1404850,0 -4.3377388,53.1404844,0 -4.3377378,53.1404665,0 -4.3377677,53.1404659,0 -4.3377667,53.1404479,0 -4.3377966,53.1404473,0 -4.3377956,53.1404294,0 -4.3378255,53.1404288,0 -4.3378245,53.1404108,0 -4.3378544,53.1404102,0 -4.3378534,53.1403923,0 -4.3378833,53.1403917,0 -4.3378823,53.1403737,0 -4.3379122,53.1403731,0 -4.3379112,53.1403552,0 -4.3379411,53.1403546,0 -4.3379401,53.1403366,0 -4.3379700,53.1403360,0 -4.3379690,53.1403181,0 -4.3379989,53.1403175,0 -4.3379979,53.1402995,0 -4.3380278,53.1402989,0 -4.3380268,53.1402810,0 -4.3380566,53.1402804,0 -4.3380557,53.1402624,0 -4.3380855,53.1402618,0 -4.3380846,53.1402439,0 -4.3381144,53.1402433,0 -4.3381135,53.1402253,0 -4.3381433,53.1402247,0 -4.3381424,53.1402068,0 -4.3381722,53.1402062,0 -4.3381713,53.1401882,0 -4.3382011,53.1401876,0 -4.3382002,53.1401697,0 -4.3382300,53.1401691,0 -4.3382291,53.1401511,0 -4.3382589,53.1401505,0 -4.3382580,53.1401326,0 -4.3382878,53.1401320,0 -4.3382868,53.1401140,0 -4.3383167,53.1401134,0 -4.3383157,53.1400955,0 -4.3383456,53.1400949,0 -4.3383446,53.1400769,0 -4.3383745,53.1400763,0 -4.3383735,53.1400584,0 -4.3384034,53.1400578,0 -4.3384024,53.1400398,0 -4.3384323,53.1400392,0 -4.3384313,53.1400213,0 -4.3384612,53.1400207,0 -4.3384602,53.1400027,0 -4.3384901,53.1400021,0 -4.3384891,53.1399842,0 -4.3385190,53.1399836,0 -4.3385180,53.1399656,0 -4.3385479,53.1399650,0 -4.3385469,53.1399471,0 -4.3385768,53.1399465,0 -4.3385758,53.1399285,0 -4.3386057,53.1399279,0 -4.3386047,53.1399100,0 -4.3386346,53.1399094,0 -4.3386336,53.1398914,0 -4.3386635,53.1398908,0 -4.3386625,53.1398729,0 -4.3386924,53.1398723,0 -4.3386914,53.1398543,0 -4.3387213,53.1398537,0 -4.3387203,53.1398358,0 -4.3387502,53.1398352,0 -4.3387492,53.1398172,0 -4.3387791,53.1398166,0 -4.3387781,53.1397987,0 -4.3388080,53.1397981,0 -4.3388070,53.1397801,0 -4.3388369,53.1397795,0 -4.3388359,53.1397616,0 -4.3388658,53.1397610,0 -4.3388648,53.1397430,0 -4.3388946,53.1397424,0 -4.3388927,53.1397065,0 -4.3389226,53.1397059,0 -4.3389216,53.1396879,0 -4.3389515,53.1396874,0 -4.3389505,53.1396694,0 -4.3389804,53.1396688,0 -4.3389794,53.1396508,0 -4.3390093,53.1396503,0 -4.3390083,53.1396323,0 -4.3390382,53.1396317,0 -4.3390372,53.1396137,0 -4.3390670,53.1396132,0 -4.3390661,53.1395952,0 -4.3390959,53.1395946,0 -4.3390950,53.1395766,0 -4.3391248,53.1395761,0 -4.3391239,53.1395581,0 -4.3391537,53.1395575,0 -4.3391528,53.1395395,0 -4.3391826,53.1395390,0 -4.3391817,53.1395210,0 -4.3392115,53.1395204,0 -4.3392106,53.1395024,0 -4.3392404,53.1395019,0 -4.3392394,53.1394839,0 -4.3392693,53.1394833,0 -4.3392683,53.1394653,0 -4.3392982,53.1394648,0 -4.3392972,53.1394468,0 -4.3393271,53.1394462,0 -4.3393261,53.1394282,0 -4.3393560,53.1394277,0 -4.3393550,53.1394097,0 -4.3393849,53.1394091,0 -4.3393839,53.1393911,0 -4.3394138,53.1393906,0 -4.3394128,53.1393726,0 -4.3394427,53.1393720,0 -4.3394417,53.1393540,0 -4.3394716,53.1393535,0 -4.3394706,53.1393355,0 -4.3395005,53.1393349,0 -4.3394995,53.1393169,0 -4.3395294,53.1393164,0 -4.3395284,53.1392984,0 -4.3395583,53.1392978,0 -4.3395573,53.1392798,0 -4.3395872,53.1392793,0 -4.3395862,53.1392613,0 -4.3396161,53.1392607,0 -4.3396151,53.1392427,0 -4.3396450,53.1392422,0 -4.3396440,53.1392242,0 -4.3396739,53.1392236,0 -4.3396729,53.1392056,0 -4.3397028,53.1392051,0 -4.3397018,53.1391871,0 -4.3397316,53.1391865,0 -4.3397307,53.1391685,0 -4.3397605,53.1391680,0 -4.3397596,53.1391500,0 -4.3397894,53.1391494,0 -4.3397885,53.1391314,0 -4.3398183,53.1391309,0 -4.3398174,53.1391129,0 -4.3398472,53.1391123,0 -4.3398463,53.1390943,0 -4.3398761,53.1390938,0 -4.3398751,53.1390758,0 -4.3399050,53.1390752,0 -4.3399040,53.1390572,0 -4.3399339,53.1390567,0 -4.3399329,53.1390387,0 -4.3399628,53.1390381,0 -4.3399618,53.1390201,0 -4.3399917,53.1390196,0 -4.3399907,53.1390016,0 -4.3400206,53.1390010,0 -4.3400196,53.1389830,0 -4.3400495,53.1389825,0 -4.3400485,53.1389645,0 -4.3400784,53.1389639,0 -4.3400774,53.1389459,0 -4.3401073,53.1389454,0 -4.3401063,53.1389274,0 -4.3401362,53.1389268,0 -4.3401352,53.1389088,0 -4.3401651,53.1389083,0 -4.3401631,53.1388723,0 -4.3401930,53.1388717,0 -4.3401920,53.1388538,0 -4.3402219,53.1388532,0 -4.3402209,53.1388352,0 -4.3402508,53.1388346,0 -4.3402498,53.1388167,0 -4.3402797,53.1388161,0 -4.3402787,53.1387981,0 -4.3403086,53.1387975,0 -4.3403076,53.1387796,0 -4.3403375,53.1387790,0 -4.3403365,53.1387610,0 -4.3403664,53.1387604,0 -4.3403654,53.1387425,0 -4.3403953,53.1387419,0 -4.3403943,53.1387239,0 -4.3404242,53.1387233,0 -4.3404232,53.1387054,0 -4.3404530,53.1387048,0 -4.3404521,53.1386868,0 -4.3404819,53.1386862,0 -4.3404814,53.1386760,0 -4.3404810,53.1386683,0 -4.3405108,53.1386677,0 -4.3405099,53.1386497,0 -4.3405397,53.1386491,0 -4.3405388,53.1386312,0 -4.3405686,53.1386306,0 -4.3405677,53.1386126,0 -4.3405975,53.1386120,0 -4.3405965,53.1385941,0 -4.3406264,53.1385935,0 -4.3406254,53.1385755,0 -4.3406553,53.1385749,0 -4.3406543,53.1385570,0 -4.3406842,53.1385564,0 -4.3406832,53.1385384,0 -4.3407131,53.1385378,0 -4.3407121,53.1385199,0 -4.3407420,53.1385193,0 -4.3407410,53.1385013,0 -4.3407709,53.1385007,0 -4.3407699,53.1384828,0 -4.3407998,53.1384822,0 -4.3407988,53.1384642,0 -4.3408287,53.1384636,0 -4.3408277,53.1384457,0 -4.3408576,53.1384451,0 -4.3408566,53.1384271,0 -4.3408865,53.1384265,0 -4.3408855,53.1384086,0 -4.3409154,53.1384080,0 -4.3409144,53.1383900,0 -4.3409443,53.1383894,0 -4.3409433,53.1383715,0 -4.3409732,53.1383709,0 -4.3409722,53.1383529,0 -4.3410020,53.1383523,0 -4.3410011,53.1383344,0 -4.3410309,53.1383338,0 -4.3410300,53.1383158,0 -4.3410598,53.1383152,0 -4.3410589,53.1382973,0 -4.3410887,53.1382967,0 -4.3410878,53.1382787,0 -4.3411176,53.1382781,0 -4.3411166,53.1382602,0 -4.3411465,53.1382596,0 -4.3411455,53.1382416,0 -4.3411754,53.1382410,0 -4.3411744,53.1382231,0 -4.3412043,53.1382225,0 -4.3412033,53.1382045,0 -4.3412074,53.1382044,0 -4.3560446,53.1400738,0 -4.3575534,53.1398927,0 -4.3580907,53.1424458,0 -4.3567362,53.1439288,0 -4.3604221,53.1455312,0</coordinates></LinearRing></outerBoundaryIs></Polygon></Placemark><Placemark><name>C3 (Western Residual)</name><description>Nearest-well (Voronoi) region of the 21 reference wells in this cluster, clipped to the site boundary. Wells: nw1, nw2, nw5, nw6, nw7, nw11, nw13, ceh1, ceh4, ceh9, ceh18, ceh21, ceh36, ceh39, ceh40, ceh41, ceh42, WMC2, wmc3, wmc4, D25. This is a rendering of well membership, not a mapped hydrological boundary.</description><styleUrl>#c3</styleUrl><Polygon><outerBoundaryIs><LinearRing><coordinates>-4.3697171,53.1346911,0 -4.3697470,53.1346905,0 -4.3697480,53.1347084,0 -4.3697778,53.1347078,0 -4.3697788,53.1347258,0 -4.3698087,53.1347252,0 -4.3698097,53.1347432,0 -4.3698396,53.1347426,0 -4.3698406,53.1347605,0 -4.3698704,53.1347599,0 -4.3698714,53.1347779,0 -4.3699311,53.1347767,0 -4.3699321,53.1347947,0 -4.3699620,53.1347941,0 -4.3699630,53.1348120,0 -4.3699929,53.1348115,0 -4.3699938,53.1348294,0 -4.3700237,53.1348288,0 -4.3700247,53.1348468,0 -4.3700546,53.1348462,0 -4.3700556,53.1348642,0 -4.3700854,53.1348636,0 -4.3700864,53.1348815,0 -4.3701163,53.1348809,0 -4.3701173,53.1348989,0 -4.3701471,53.1348983,0 -4.3701481,53.1349163,0 -4.3701780,53.1349157,0 -4.3701790,53.1349336,0 -4.3702387,53.1349324,0 -4.3702397,53.1349504,0 -4.3702696,53.1349498,0 -4.3702706,53.1349678,0 -4.3703004,53.1349672,0 -4.3703014,53.1349851,0 -4.3703313,53.1349845,0 -4.3703323,53.1350025,0 -4.3703622,53.1350019,0 -4.3703632,53.1350199,0 -4.3703930,53.1350193,0 -4.3703940,53.1350372,0 -4.3704239,53.1350366,0 -4.3704249,53.1350546,0 -4.3704547,53.1350540,0 -4.3704557,53.1350720,0 -4.3704856,53.1350714,0 -4.3704866,53.1350893,0 -4.3705463,53.1350881,0 -4.3705473,53.1351061,0 -4.3705772,53.1351055,0 -4.3705782,53.1351235,0 -4.3706080,53.1351229,0 -4.3706090,53.1351408,0 -4.3706389,53.1351402,0 -4.3706399,53.1351582,0 -4.3706698,53.1351576,0 -4.3706707,53.1351756,0 -4.3707006,53.1351750,0 -4.3707016,53.1351929,0 -4.3707315,53.1351923,0 -4.3707325,53.1352103,0 -4.3707623,53.1352097,0 -4.3707633,53.1352277,0 -4.3707932,53.1352271,0 -4.3707942,53.1352450,0 -4.3708240,53.1352445,0 -4.3708250,53.1352624,0 -4.3708848,53.1352612,0 -4.3708858,53.1352792,0 -4.3709156,53.1352786,0 -4.3709166,53.1352966,0 -4.3709465,53.1352960,0 -4.3709475,53.1353139,0 -4.3709773,53.1353133,0 -4.3709783,53.1353313,0 -4.3710082,53.1353307,0 -4.3710092,53.1353487,0 -4.3710391,53.1353481,0 -4.3710400,53.1353660,0 -4.3710699,53.1353654,0 -4.3710709,53.1353834,0 -4.3711008,53.1353828,0 -4.3711018,53.1354008,0 -4.3711316,53.1354002,0 -4.3711326,53.1354181,0 -4.3711924,53.1354169,0 -4.3711934,53.1354349,0 -4.3712232,53.1354343,0 -4.3712242,53.1354523,0 -4.3712541,53.1354517,0 -4.3712551,53.1354696,0 -4.3712849,53.1354690,0 -4.3712859,53.1354870,0 -4.3713158,53.1354864,0 -4.3713168,53.1355044,0 -4.3713467,53.1355038,0 -4.3713476,53.1355217,0 -4.3713775,53.1355211,0 -4.3713785,53.1355391,0 -4.3714084,53.1355385,0 -4.3714094,53.1355565,0 -4.3714392,53.1355559,0 -4.3714402,53.1355738,0 -4.3715000,53.1355726,0 -4.3715009,53.1355906,0 -4.3715308,53.1355900,0 -4.3715318,53.1356080,0 -4.3715617,53.1356074,0 -4.3715627,53.1356253,0 -4.3715925,53.1356247,0 -4.3715935,53.1356427,0 -4.3716234,53.1356421,0 -4.3716244,53.1356601,0 -4.3716543,53.1356595,0 -4.3716552,53.1356774,0 -4.3716851,53.1356768,0 -4.3716861,53.1356948,0 -4.3717160,53.1356942,0 -4.3717170,53.1357122,0 -4.3717468,53.1357116,0 -4.3717478,53.1357295,0 -4.3717777,53.1357290,0 -4.3717787,53.1357469,0 -4.3718384,53.1357457,0 -4.3718394,53.1357637,0 -4.3718693,53.1357631,0 -4.3718703,53.1357811,0 -4.3719001,53.1357805,0 -4.3719011,53.1357984,0 -4.3719310,53.1357978,0 -4.3719320,53.1358158,0 -4.3719619,53.1358152,0 -4.3719628,53.1358332,0 -4.3719927,53.1358326,0 -4.3719937,53.1358505,0 -4.3720236,53.1358499,0 -4.3720246,53.1358679,0 -4.3720544,53.1358673,0 -4.3720554,53.1358853,0 -4.3720853,53.1358847,0 -4.3720863,53.1359026,0 -4.3721460,53.1359014,0 -4.3721470,53.1359194,0 -4.3721769,53.1359188,0 -4.3721779,53.1359368,0 -4.3722077,53.1359362,0 -4.3722087,53.1359541,0 -4.3722386,53.1359535,0 -4.3722396,53.1359715,0 -4.3722695,53.1359709,0 -4.3722704,53.1359889,0 -4.3723003,53.1359883,0 -4.3723013,53.1360062,0 -4.3723312,53.1360056,0 -4.3723322,53.1360236,0 -4.3723620,53.1360230,0 -4.3723630,53.1360410,0 -4.3723929,53.1360404,0 -4.3723939,53.1360583,0 -4.3724536,53.1360571,0 -4.3724546,53.1360751,0 -4.3724845,53.1360745,0 -4.3724855,53.1360925,0 -4.3725153,53.1360919,0 -4.3725163,53.1361098,0 -4.3725462,53.1361092,0 -4.3725472,53.1361272,0 -4.3725771,53.1361266,0 -4.3725780,53.1361446,0 -4.3726079,53.1361440,0 -4.3726089,53.1361619,0 -4.3726388,53.1361613,0 -4.3726398,53.1361793,0 -4.3726696,53.1361787,0 -4.3726706,53.1361967,0 -4.3727005,53.1361961,0 -4.3727015,53.1362140,0 -4.3727314,53.1362134,0 -4.3727323,53.1362314,0 -4.3727921,53.1362302,0 -4.3727931,53.1362482,0 -4.3728229,53.1362476,0 -4.3728239,53.1362655,0 -4.3728538,53.1362649,0 -4.3728548,53.1362829,0 -4.3728847,53.1362823,0 -4.3728857,53.1363003,0 -4.3729155,53.1362997,0 -4.3729165,53.1363176,0 -4.3729464,53.1363170,0 -4.3729474,53.1363350,0 -4.3729772,53.1363344,0 -4.3729782,53.1363524,0 -4.3730081,53.1363518,0 -4.3730091,53.1363697,0 -4.3730390,53.1363691,0 -4.3730399,53.1363871,0 -4.3730997,53.1363859,0 -4.3731007,53.1364039,0 -4.3731305,53.1364033,0 -4.3731315,53.1364213,0 -4.3731614,53.1364207,0 -4.3731624,53.1364386,0 -4.3731923,53.1364380,0 -4.3731933,53.1364560,0 -4.3732231,53.1364554,0 -4.3732241,53.1364734,0 -4.3732540,53.1364728,0 -4.3732550,53.1364907,0 -4.3732848,53.1364901,0 -4.3732858,53.1365081,0 -4.3733157,53.1365075,0 -4.3733167,53.1365255,0 -4.3733466,53.1365249,0 -4.3733476,53.1365428,0 -4.3734073,53.1365416,0 -4.3734083,53.1365596,0 -4.3734382,53.1365590,0 -4.3734391,53.1365770,0 -4.3734690,53.1365764,0 -4.3734700,53.1365943,0 -4.3734999,53.1365937,0 -4.3735009,53.1366117,0 -4.3735307,53.1366111,0 -4.3735317,53.1366291,0 -4.3735616,53.1366285,0 -4.3735626,53.1366464,0 -4.3735925,53.1366458,0 -4.3735934,53.1366638,0 -4.3736233,53.1366632,0 -4.3736243,53.1366812,0 -4.3736542,53.1366806,0 -4.3736552,53.1366985,0 -4.3736850,53.1366979,0 -4.3736860,53.1367159,0 -4.3737458,53.1367147,0 -4.3737468,53.1367327,0 -4.3737766,53.1367321,0 -4.3737776,53.1367500,0 -4.3738075,53.1367494,0 -4.3738085,53.1367674,0 -4.3738384,53.1367668,0 -4.3738393,53.1367848,0 -4.3738692,53.1367842,0 -4.3738702,53.1368021,0 -4.3739001,53.1368015,0 -4.3739011,53.1368195,0 -4.3739309,53.1368189,0 -4.3739319,53.1368369,0 -4.3739618,53.1368363,0 -4.3739628,53.1368542,0 -4.3739927,53.1368536,0 -4.3739936,53.1368716,0 -4.3740534,53.1368704,0 -4.3740544,53.1368884,0 -4.3740842,53.1368878,0 -4.3740852,53.1369057,0 -4.3741151,53.1369051,0 -4.3741161,53.1369231,0 -4.3741460,53.1369225,0 -4.3741470,53.1369405,0 -4.3741768,53.1369399,0 -4.3741778,53.1369578,0 -4.3742077,53.1369572,0 -4.3742087,53.1369752,0 -4.3742385,53.1369746,0 -4.3742395,53.1369926,0 -4.3742694,53.1369920,0 -4.3742704,53.1370099,0 -4.3743003,53.1370093,0 -4.3743013,53.1370273,0 -4.3743610,53.1370261,0 -4.3743620,53.1370441,0 -4.3743919,53.1370435,0 -4.3743929,53.1370614,0 -4.3744227,53.1370608,0 -4.3744237,53.1370788,0 -4.3744536,53.1370782,0 -4.3744546,53.1370962,0 -4.3744844,53.1370956,0 -4.3744854,53.1371135,0 -4.3745153,53.1371129,0 -4.3745163,53.1371309,0 -4.3745462,53.1371303,0 -4.3745472,53.1371483,0 -4.3745770,53.1371477,0 -4.3745780,53.1371656,0 -4.3746079,53.1371650,0 -4.3746089,53.1371830,0 -4.3746387,53.1371824,0 -4.3746397,53.1372004,0 -4.3746995,53.1371992,0 -4.3747005,53.1372171,0 -4.3747303,53.1372165,0 -4.3747313,53.1372345,0 -4.3747612,53.1372339,0 -4.3747622,53.1372519,0 -4.3747921,53.1372513,0 -4.3747931,53.1372692,0 -4.3748229,53.1372686,0 -4.3748239,53.1372866,0 -4.3748538,53.1372860,0 -4.3748548,53.1373040,0 -4.3748846,53.1373034,0 -4.3748856,53.1373213,0 -4.3749155,53.1373207,0 -4.3749165,53.1373387,0 -4.3749464,53.1373381,0 -4.3749474,53.1373561,0 -4.3750071,53.1373549,0 -4.3750081,53.1373728,0 -4.3750380,53.1373722,0 -4.3750390,53.1373902,0 -4.3750688,53.1373896,0 -4.3750698,53.1374076,0 -4.3750997,53.1374070,0 -4.3751007,53.1374249,0 -4.3751305,53.1374243,0 -4.3751315,53.1374423,0 -4.3751614,53.1374417,0 -4.3751624,53.1374597,0 -4.3751923,53.1374591,0 -4.3751933,53.1374770,0 -4.3752231,53.1374764,0 -4.3752241,53.1374944,0 -4.3752540,53.1374938,0 -4.3752550,53.1375118,0 -4.3753147,53.1375106,0 -4.3753157,53.1375285,0 -4.3753456,53.1375279,0 -4.3753466,53.1375459,0 -4.3753764,53.1375453,0 -4.3753774,53.1375633,0 -4.3754073,53.1375627,0 -4.3754083,53.1375806,0 -4.3754382,53.1375800,0 -4.3754392,53.1375980,0 -4.3754690,53.1375974,0 -4.3754700,53.1376154,0 -4.3754999,53.1376148,0 -4.3755009,53.1376327,0 -4.3755308,53.1376321,0 -4.3755317,53.1376501,0 -4.3755616,53.1376495,0 -4.3755626,53.1376675,0 -4.3755925,53.1376669,0 -4.3755935,53.1376848,0 -4.3756532,53.1376836,0 -4.3756542,53.1377016,0 -4.3756841,53.1377010,0 -4.3756851,53.1377190,0 -4.3757149,53.1377184,0 -4.3757159,53.1377363,0 -4.3757458,53.1377357,0 -4.3757468,53.1377537,0 -4.3757767,53.1377531,0 -4.3757776,53.1377711,0 -4.3758075,53.1377705,0 -4.3758085,53.1377884,0 -4.3758384,53.1377878,0 -4.3758394,53.1378058,0 -4.3758692,53.1378052,0 -4.3758702,53.1378232,0 -4.3759001,53.1378226,0 -4.3759011,53.1378405,0 -4.3759608,53.1378393,0 -4.3759618,53.1378573,0 -4.3759917,53.1378567,0 -4.3759927,53.1378747,0 -4.3760226,53.1378741,0 -4.3760236,53.1378920,0 -4.3760534,53.1378914,0 -4.3760544,53.1379094,0 -4.3760843,53.1379088,0 -4.3760853,53.1379268,0 -4.3761151,53.1379262,0 -4.3761161,53.1379441,0 -4.3761460,53.1379435,0 -4.3761470,53.1379615,0 -4.3761769,53.1379609,0 -4.3761779,53.1379789,0 -4.3762077,53.1379783,0 -4.3762087,53.1379962,0 -4.3762685,53.1379950,0 -4.3762695,53.1380130,0 -4.3762993,53.1380124,0 -4.3763003,53.1380304,0 -4.3763302,53.1380298,0 -4.3763312,53.1380477,0 -4.3763611,53.1380471,0 -4.3763620,53.1380651,0 -4.3763919,53.1380645,0 -4.3763929,53.1380825,0 -4.3764228,53.1380819,0 -4.3764238,53.1380998,0 -4.3764536,53.1380992,0 -4.3764546,53.1381172,0 -4.3764845,53.1381166,0 -4.3764855,53.1381346,0 -4.3765154,53.1381340,0 -4.3765164,53.1381519,0 -4.3765462,53.1381513,0 -4.3765472,53.1381693,0 -4.3766070,53.1381681,0 -4.3766080,53.1381861,0 -4.3766378,53.1381855,0 -4.3766388,53.1382034,0 -4.3766687,53.1382028,0 -4.3766697,53.1382208,0 -4.3766996,53.1382202,0 -4.3767005,53.1382382,0 -4.3767304,53.1382376,0 -4.3767314,53.1382555,0 -4.3767613,53.1382549,0 -4.3767623,53.1382729,0 -4.3767921,53.1382723,0 -4.3767931,53.1382903,0 -4.3768230,53.1382897,0 -4.3768240,53.1383076,0 -4.3768539,53.1383070,0 -4.3768549,53.1383250,0 -4.3769146,53.1383238,0 -4.3769156,53.1383418,0 -4.3769455,53.1383412,0 -4.3769465,53.1383591,0 -4.3769763,53.1383585,0 -4.3769773,53.1383765,0 -4.3770072,53.1383759,0 -4.3770082,53.1383939,0 -4.3770380,53.1383933,0 -4.3770390,53.1384112,0 -4.3770689,53.1384106,0 -4.3770699,53.1384286,0 -4.3770998,53.1384280,0 -4.3771008,53.1384460,0 -4.3771605,53.1384448,0 -4.3771615,53.1384627,0 -4.3772212,53.1384615,0 -4.3772222,53.1384795,0 -4.3772521,53.1384789,0 -4.3772531,53.1384969,0 -4.3773128,53.1384957,0 -4.3773138,53.1385136,0 -4.3773247,53.1385134,0 -4.3773437,53.1385130,0 -4.3773447,53.1385310,0 -4.3774044,53.1385298,0 -4.3774054,53.1385478,0 -4.3774353,53.1385472,0 -4.3774363,53.1385651,0 -4.3774960,53.1385639,0 -4.3774970,53.1385819,0 -4.3775269,53.1385813,0 -4.3775279,53.1385993,0 -4.3775876,53.1385981,0 -4.3775886,53.1386160,0 -4.3776484,53.1386148,0 -4.3776494,53.1386328,0 -4.3776792,53.1386322,0 -4.3776802,53.1386502,0 -4.3777400,53.1386490,0 -4.3777410,53.1386669,0 -4.3777708,53.1386663,0 -4.3777718,53.1386843,0 -4.3778316,53.1386831,0 -4.3778326,53.1387011,0 -4.3778624,53.1387005,0 -4.3778634,53.1387184,0 -4.3779232,53.1387172,0 -4.3779241,53.1387352,0 -4.3779540,53.1387346,0 -4.3779550,53.1387526,0 -4.3780148,53.1387514,0 -4.3780157,53.1387693,0 -4.3780755,53.1387681,0 -4.3780765,53.1387861,0 -4.3781064,53.1387855,0 -4.3781073,53.1388035,0 -4.3781671,53.1388023,0 -4.3781681,53.1388202,0 -4.3781980,53.1388196,0 -4.3781989,53.1388376,0 -4.3782587,53.1388364,0 -4.3782597,53.1388544,0 -4.3782895,53.1388538,0 -4.3782905,53.1388717,0 -4.3783503,53.1388705,0 -4.3783513,53.1388885,0 -4.3783811,53.1388879,0 -4.3783821,53.1389059,0 -4.3784419,53.1389047,0 -4.3784429,53.1389226,0 -4.3785026,53.1389214,0 -4.3785036,53.1389394,0 -4.3785335,53.1389388,0 -4.3785345,53.1389568,0 -4.3785942,53.1389556,0 -4.3785952,53.1389735,0 -4.3786251,53.1389729,0 -4.3786261,53.1389909,0 -4.3786858,53.1389897,0 -4.3786868,53.1390077,0 -4.3787167,53.1390071,0 -4.3787177,53.1390250,0 -4.3787774,53.1390238,0 -4.3787784,53.1390418,0 -4.3788083,53.1390412,0 -4.3788093,53.1390592,0 -4.3788690,53.1390580,0 -4.3788700,53.1390759,0 -4.3789297,53.1390747,0 -4.3789307,53.1390927,0 -4.3789606,53.1390921,0 -4.3789616,53.1391101,0 -4.3790213,53.1391089,0 -4.3790223,53.1391268,0 -4.3790522,53.1391262,0 -4.3790532,53.1391442,0 -4.3791129,53.1391430,0 -4.3791139,53.1391610,0 -4.3791438,53.1391604,0 -4.3791448,53.1391783,0 -4.3792045,53.1391771,0 -4.3792055,53.1391951,0 -4.3792653,53.1391939,0 -4.3792663,53.1392119,0 -4.3792961,53.1392113,0 -4.3792971,53.1392292,0 -4.3793569,53.1392281,0 -4.3793579,53.1392460,0 -4.3793877,53.1392454,0 -4.3793887,53.1392634,0 -4.3794485,53.1392622,0 -4.3794495,53.1392801,0 -4.3794793,53.1392795,0 -4.3794803,53.1392975,0 -4.3795401,53.1392963,0 -4.3795411,53.1393143,0 -4.3795709,53.1393137,0 -4.3795719,53.1393316,0 -4.3796317,53.1393304,0 -4.3796327,53.1393484,0 -4.3796924,53.1393472,0 -4.3796934,53.1393652,0 -4.3797233,53.1393646,0 -4.3797243,53.1393825,0 -4.3797840,53.1393814,0 -4.3797850,53.1393993,0 -4.3798149,53.1393987,0 -4.3798159,53.1394167,0 -4.3798756,53.1394155,0 -4.3798766,53.1394334,0 -4.3799065,53.1394328,0 -4.3799075,53.1394508,0 -4.3799672,53.1394496,0 -4.3799682,53.1394676,0 -4.3799981,53.1394670,0 -4.3799991,53.1394849,0 -4.3800588,53.1394837,0 -4.3800598,53.1395017,0 -4.3801196,53.1395005,0 -4.3801206,53.1395185,0 -4.3801504,53.1395179,0 -4.3801514,53.1395358,0 -4.3802112,53.1395346,0 -4.3802122,53.1395526,0 -4.3802420,53.1395520,0 -4.3802430,53.1395700,0 -4.3803028,53.1395688,0 -4.3803038,53.1395867,0 -4.3803336,53.1395861,0 -4.3803346,53.1396041,0 -4.3803944,53.1396029,0 -4.3803954,53.1396209,0 -4.3804252,53.1396203,0 -4.3804262,53.1396382,0 -4.3804860,53.1396370,0 -4.3804870,53.1396550,0 -4.3805467,53.1396538,0 -4.3805477,53.1396718,0 -4.3805776,53.1396712,0 -4.3805786,53.1396891,0 -4.3806383,53.1396879,0 -4.3806393,53.1397059,0 -4.3806692,53.1397053,0 -4.3806702,53.1397233,0 -4.3807299,53.1397221,0 -4.3807309,53.1397400,0 -4.3807608,53.1397394,0 -4.3807618,53.1397574,0 -4.3808215,53.1397562,0 -4.3808225,53.1397742,0 -4.3808524,53.1397736,0 -4.3808534,53.1397915,0 -4.3809131,53.1397903,0 -4.3809141,53.1398083,0 -4.3809738,53.1398071,0 -4.3809748,53.1398251,0 -4.3810047,53.1398245,0 -4.3810057,53.1398424,0 -4.3810655,53.1398412,0 -4.3810664,53.1398592,0 -4.3810963,53.1398586,0 -4.3810973,53.1398766,0 -4.3811571,53.1398754,0 -4.3811580,53.1398933,0 -4.3811879,53.1398927,0 -4.3811889,53.1399107,0 -4.3812487,53.1399095,0 -4.3812497,53.1399275,0 -4.3813094,53.1399263,0 -4.3813104,53.1399442,0 -4.3813403,53.1399436,0 -4.3813413,53.1399616,0 -4.3814010,53.1399604,0 -4.3814020,53.1399784,0 -4.3814319,53.1399778,0 -4.3814329,53.1399957,0 -4.3814926,53.1399945,0 -4.3814936,53.1400125,0 -4.3815235,53.1400119,0 -4.3815245,53.1400299,0 -4.3815842,53.1400287,0 -4.3815852,53.1400466,0 -4.3816151,53.1400460,0 -4.3816161,53.1400640,0 -4.3816758,53.1400628,0 -4.3816768,53.1400808,0 -4.3817365,53.1400796,0 -4.3817375,53.1400975,0 -4.3817674,53.1400969,0 -4.3817684,53.1401149,0 -4.3818281,53.1401137,0 -4.3818291,53.1401317,0 -4.3818590,53.1401311,0 -4.3818600,53.1401490,0 -4.3819198,53.1401478,0 -4.3819207,53.1401658,0 -4.3819506,53.1401652,0 -4.3819516,53.1401832,0 -4.3820114,53.1401820,0 -4.3820124,53.1401999,0 -4.3820422,53.1401993,0 -4.3820432,53.1402173,0 -4.3821030,53.1402161,0 -4.3821040,53.1402340,0 -4.3821637,53.1402329,0 -4.3821647,53.1402508,0 -4.3821946,53.1402502,0 -4.3821956,53.1402682,0 -4.3822553,53.1402670,0 -4.3822563,53.1402849,0 -4.3822862,53.1402843,0 -4.3822872,53.1403023,0 -4.3823469,53.1403011,0 -4.3823479,53.1403191,0 -4.3823778,53.1403185,0 -4.3823788,53.1403364,0 -4.3824385,53.1403352,0 -4.3824395,53.1403532,0 -4.3824694,53.1403526,0 -4.3824704,53.1403706,0 -4.3825301,53.1403694,0 -4.3825311,53.1403873,0 -4.3825909,53.1403861,0 -4.3825919,53.1404041,0 -4.3826217,53.1404035,0 -4.3826227,53.1404215,0 -4.3826825,53.1404203,0 -4.3826835,53.1404382,0 -4.3827133,53.1404376,0 -4.3827143,53.1404556,0 -4.3827741,53.1404544,0 -4.3827751,53.1404724,0 -4.3828049,53.1404718,0 -4.3828059,53.1404897,0 -4.3828657,53.1404885,0 -4.3828667,53.1405065,0 -4.3828965,53.1405059,0 -4.3828975,53.1405239,0 -4.3829573,53.1405227,0 -4.3829583,53.1405406,0 -4.3830180,53.1405394,0 -4.3830190,53.1405574,0 -4.3830489,53.1405568,0 -4.3830499,53.1405748,0 -4.3831096,53.1405736,0 -4.3831106,53.1405915,0 -4.3831405,53.1405909,0 -4.3831415,53.1406089,0 -4.3832012,53.1406077,0 -4.3832022,53.1406257,0 -4.3832321,53.1406251,0 -4.3832331,53.1406430,0 -4.3832928,53.1406418,0 -4.3832938,53.1406598,0 -4.3833536,53.1406586,0 -4.3833546,53.1406765,0 -4.3833844,53.1406759,0 -4.3833854,53.1406939,0 -4.3834452,53.1406927,0 -4.3834462,53.1407107,0 -4.3834760,53.1407101,0 -4.3834770,53.1407280,0 -4.3835368,53.1407268,0 -4.3835378,53.1407448,0 -4.3835677,53.1407442,0 -4.3835686,53.1407622,0 -4.3836284,53.1407610,0 -4.3836294,53.1407789,0 -4.3836593,53.1407783,0 -4.3836603,53.1407963,0 -4.3837200,53.1407951,0 -4.3837210,53.1408131,0 -4.3837807,53.1408119,0 -4.3837817,53.1408298,0 -4.3838116,53.1408292,0 -4.3838126,53.1408472,0 -4.3838672,53.1408461,0 -4.3796601,53.1432490,0 -4.3792703,53.1435985,0 -4.3792028,53.1436357,0 -4.3762746,53.1443557,0 -4.3769158,53.1462337,0 -4.3759600,53.1466863,0 -4.3745837,53.1469152,0 -4.3743182,53.1468638,0 -4.3714491,53.1474387,0 -4.3716869,53.1479691,0 -4.3711026,53.1504530,0 -4.3714228,53.1508281,0 -4.3713541,53.1508838,0 -4.3687456,53.1559440,0 -4.3686515,53.1560404,0 -4.3667895,53.1526612,0 -4.3662370,53.1521555,0 -4.3648231,53.1508706,0 -4.3651621,53.1503708,0 -4.3659455,53.1499815,0 -4.3663277,53.1497236,0 -4.3671803,53.1490192,0 -4.3675037,53.1471357,0 -4.3650803,53.1463022,0 -4.3632143,53.1465203,0 -4.3614089,53.1465063,0 -4.3608505,53.1461909,0 -4.3604221,53.1455312,0 -4.3567362,53.1439288,0 -4.3580907,53.1424458,0 -4.3575534,53.1398927,0 -4.3577236,53.1397959,0 -4.3584500,53.1341237,0 -4.3585329,53.1341220,0 -4.3585338,53.1341400,0 -4.3587728,53.1341353,0 -4.3587738,53.1341532,0 -4.3590127,53.1341485,0 -4.3590137,53.1341665,0 -4.3592527,53.1341617,0 -4.3592536,53.1341797,0 -4.3595225,53.1341744,0 -4.3595234,53.1341923,0 -4.3597624,53.1341876,0 -4.3597634,53.1342055,0 -4.3600023,53.1342008,0 -4.3600033,53.1342188,0 -4.3602422,53.1342140,0 -4.3602432,53.1342320,0 -4.3604822,53.1342272,0 -4.3604832,53.1342452,0 -4.3607520,53.1342399,0 -4.3607530,53.1342578,0 -4.3609919,53.1342531,0 -4.3609929,53.1342711,0 -4.3612318,53.1342663,0 -4.3612328,53.1342843,0 -4.3614718,53.1342795,0 -4.3614727,53.1342975,0 -4.3617117,53.1342928,0 -4.3617127,53.1343107,0 -4.3619815,53.1343054,0 -4.3619825,53.1343234,0 -4.3622214,53.1343186,0 -4.3622224,53.1343366,0 -4.3622523,53.1343360,0 -4.3622513,53.1343180,0 -4.3623110,53.1343168,0 -4.3623100,53.1342989,0 -4.3623399,53.1342983,0 -4.3623389,53.1342803,0 -4.3623987,53.1342791,0 -4.3623977,53.1342612,0 -4.3624275,53.1342606,0 -4.3624266,53.1342426,0 -4.3624564,53.1342420,0 -4.3624554,53.1342241,0 -4.3625152,53.1342229,0 -4.3625142,53.1342049,0 -4.3625441,53.1342043,0 -4.3625431,53.1341864,0 -4.3626028,53.1341852,0 -4.3626018,53.1341672,0 -4.3626317,53.1341666,0 -4.3626307,53.1341486,0 -4.3626904,53.1341475,0 -4.3626895,53.1341295,0 -4.3627193,53.1341289,0 -4.3627183,53.1341109,0 -4.3627781,53.1341098,0 -4.3627771,53.1340918,0 -4.3628070,53.1340912,0 -4.3628060,53.1340732,0 -4.3628657,53.1340721,0 -4.3628647,53.1340541,0 -4.3628946,53.1340535,0 -4.3628936,53.1340355,0 -4.3629533,53.1340343,0 -4.3629524,53.1340164,0 -4.3629822,53.1340158,0 -4.3629812,53.1339978,0 -4.3630410,53.1339966,0 -4.3630400,53.1339787,0 -4.3630699,53.1339781,0 -4.3630689,53.1339601,0 -4.3631286,53.1339589,0 -4.3631276,53.1339410,0 -4.3631575,53.1339404,0 -4.3631565,53.1339224,0 -4.3632162,53.1339212,0 -4.3632152,53.1339033,0 -4.3632451,53.1339027,0 -4.3632441,53.1338847,0 -4.3633039,53.1338835,0 -4.3633029,53.1338656,0 -4.3633327,53.1338650,0 -4.3633318,53.1338470,0 -4.3633915,53.1338458,0 -4.3633905,53.1338279,0 -4.3634204,53.1338273,0 -4.3634194,53.1338093,0 -4.3634791,53.1338081,0 -4.3634781,53.1337902,0 -4.3635080,53.1337896,0 -4.3635070,53.1337716,0 -4.3635369,53.1337710,0 -4.3635359,53.1337530,0 -4.3635956,53.1337519,0 -4.3635947,53.1337339,0 -4.3636245,53.1337333,0 -4.3636235,53.1337153,0 -4.3636833,53.1337142,0 -4.3636823,53.1336962,0 -4.3637121,53.1336956,0 -4.3637112,53.1336776,0 -4.3637709,53.1336764,0 -4.3637699,53.1336585,0 -4.3637998,53.1336579,0 -4.3637988,53.1336399,0 -4.3638585,53.1336387,0 -4.3638575,53.1336208,0 -4.3638874,53.1336202,0 -4.3638864,53.1336022,0 -4.3639462,53.1336010,0 -4.3639452,53.1335831,0 -4.3639750,53.1335825,0 -4.3639741,53.1335645,0 -4.3640338,53.1335633,0 -4.3640328,53.1335454,0 -4.3640627,53.1335448,0 -4.3640617,53.1335268,0 -4.3641214,53.1335256,0 -4.3641204,53.1335077,0 -4.3641503,53.1335071,0 -4.3641493,53.1334891,0 -4.3642090,53.1334879,0 -4.3642081,53.1334700,0 -4.3642379,53.1334694,0 -4.3642369,53.1334514,0 -4.3642967,53.1334502,0 -4.3642957,53.1334323,0 -4.3643256,53.1334317,0 -4.3643246,53.1334137,0 -4.3643843,53.1334125,0 -4.3643833,53.1333945,0 -4.3644132,53.1333940,0 -4.3644122,53.1333760,0 -4.3644719,53.1333748,0 -4.3644709,53.1333568,0 -4.3645008,53.1333563,0 -4.3644998,53.1333383,0 -4.3645596,53.1333371,0 -4.3645586,53.1333191,0 -4.3645884,53.1333185,0 -4.3645875,53.1333006,0 -4.3646173,53.1333000,0 -4.3646163,53.1332820,0 -4.3646761,53.1332808,0 -4.3646751,53.1332629,0 -4.3648244,53.1332599,0 -4.3648234,53.1332419,0 -4.3649429,53.1332396,0 -4.3649419,53.1332216,0 -4.3650614,53.1332192,0 -4.3650604,53.1332013,0 -4.3652097,53.1331983,0 -4.3652088,53.1331803,0 -4.3653282,53.1331780,0 -4.3653272,53.1331600,0 -4.3654467,53.1331576,0 -4.3654457,53.1331397,0 -4.3655951,53.1331367,0 -4.3655941,53.1331187,0 -4.3657135,53.1331164,0 -4.3657125,53.1330984,0 -4.3658320,53.1330960,0 -4.3658310,53.1330781,0 -4.3659804,53.1330751,0 -4.3659794,53.1330571,0 -4.3660988,53.1330548,0 -4.3660979,53.1330368,0 -4.3662173,53.1330344,0 -4.3662163,53.1330165,0 -4.3664553,53.1330117,0 -4.3664563,53.1330297,0 -4.3664861,53.1330291,0 -4.3664871,53.1330470,0 -4.3665170,53.1330464,0 -4.3665180,53.1330644,0 -4.3665478,53.1330638,0 -4.3665488,53.1330818,0 -4.3665787,53.1330812,0 -4.3665797,53.1330991,0 -4.3666096,53.1330985,0 -4.3666105,53.1331165,0 -4.3666404,53.1331159,0 -4.3666414,53.1331339,0 -4.3666713,53.1331333,0 -4.3666722,53.1331512,0 -4.3667320,53.1331501,0 -4.3667330,53.1331680,0 -4.3667628,53.1331674,0 -4.3667638,53.1331854,0 -4.3667937,53.1331848,0 -4.3667947,53.1332028,0 -4.3668245,53.1332022,0 -4.3668255,53.1332201,0 -4.3668554,53.1332195,0 -4.3668564,53.1332375,0 -4.3668863,53.1332369,0 -4.3668872,53.1332549,0 -4.3669171,53.1332543,0 -4.3669181,53.1332722,0 -4.3669480,53.1332716,0 -4.3669490,53.1332896,0 -4.3669788,53.1332890,0 -4.3669798,53.1333070,0 -4.3670097,53.1333064,0 -4.3670107,53.1333243,0 -4.3670704,53.1333231,0 -4.3670714,53.1333411,0 -4.3671013,53.1333405,0 -4.3671022,53.1333585,0 -4.3671321,53.1333579,0 -4.3671331,53.1333758,0 -4.3671630,53.1333753,0 -4.3671640,53.1333932,0 -4.3671938,53.1333926,0 -4.3671948,53.1334106,0 -4.3672247,53.1334100,0 -4.3672257,53.1334280,0 -4.3672555,53.1334274,0 -4.3672565,53.1334453,0 -4.3672864,53.1334447,0 -4.3672874,53.1334627,0 -4.3673172,53.1334621,0 -4.3673182,53.1334801,0 -4.3673679,53.1334791,0 -4.3673780,53.1334789,0 -4.3673790,53.1334968,0 -4.3674088,53.1334962,0 -4.3674098,53.1335142,0 -4.3674397,53.1335136,0 -4.3674407,53.1335316,0 -4.3674705,53.1335310,0 -4.3674715,53.1335489,0 -4.3675014,53.1335483,0 -4.3675024,53.1335663,0 -4.3675322,53.1335657,0 -4.3675332,53.1335837,0 -4.3675631,53.1335831,0 -4.3675641,53.1336010,0 -4.3675940,53.1336004,0 -4.3675949,53.1336184,0 -4.3676248,53.1336178,0 -4.3676258,53.1336358,0 -4.3676855,53.1336346,0 -4.3676865,53.1336526,0 -4.3677164,53.1336520,0 -4.3677174,53.1336699,0 -4.3677472,53.1336693,0 -4.3677482,53.1336873,0 -4.3677781,53.1336867,0 -4.3677791,53.1337047,0 -4.3678090,53.1337041,0 -4.3678099,53.1337220,0 -4.3678398,53.1337214,0 -4.3678408,53.1337394,0 -4.3678707,53.1337388,0 -4.3678717,53.1337568,0 -4.3679015,53.1337562,0 -4.3679025,53.1337741,0 -4.3679324,53.1337735,0 -4.3679334,53.1337915,0 -4.3679632,53.1337909,0 -4.3679642,53.1338089,0 -4.3680240,53.1338077,0 -4.3680249,53.1338256,0 -4.3680548,53.1338250,0 -4.3680558,53.1338430,0 -4.3680857,53.1338424,0 -4.3680867,53.1338604,0 -4.3681165,53.1338598,0 -4.3681175,53.1338777,0 -4.3681474,53.1338772,0 -4.3681484,53.1338951,0 -4.3681782,53.1338945,0 -4.3681792,53.1339125,0 -4.3682091,53.1339119,0 -4.3682101,53.1339299,0 -4.3682400,53.1339293,0 -4.3682409,53.1339472,0 -4.3682708,53.1339466,0 -4.3682718,53.1339646,0 -4.3683315,53.1339634,0 -4.3683325,53.1339814,0 -4.3683624,53.1339808,0 -4.3683634,53.1339987,0 -4.3683932,53.1339981,0 -4.3683942,53.1340161,0 -4.3684241,53.1340155,0 -4.3684251,53.1340335,0 -4.3684550,53.1340329,0 -4.3684559,53.1340508,0 -4.3684858,53.1340502,0 -4.3684868,53.1340682,0 -4.3685167,53.1340676,0 -4.3685177,53.1340856,0 -4.3685475,53.1340850,0 -4.3685485,53.1341029,0 -4.3685784,53.1341023,0 -4.3685794,53.1341203,0 -4.3686391,53.1341191,0 -4.3686401,53.1341371,0 -4.3686700,53.1341365,0 -4.3686710,53.1341544,0 -4.3687008,53.1341539,0 -4.3687018,53.1341718,0 -4.3687317,53.1341712,0 -4.3687327,53.1341892,0 -4.3687625,53.1341886,0 -4.3687635,53.1342066,0 -4.3687934,53.1342060,0 -4.3687944,53.1342239,0 -4.3688242,53.1342233,0 -4.3688252,53.1342413,0 -4.3688551,53.1342407,0 -4.3688561,53.1342587,0 -4.3688860,53.1342581,0 -4.3688869,53.1342760,0 -4.3689168,53.1342754,0 -4.3689178,53.1342934,0 -4.3689775,53.1342922,0 -4.3689785,53.1343102,0 -4.3690084,53.1343096,0 -4.3690094,53.1343275,0 -4.3690393,53.1343269,0 -4.3690402,53.1343449,0 -4.3690701,53.1343443,0 -4.3690711,53.1343623,0 -4.3691010,53.1343617,0 -4.3691020,53.1343796,0 -4.3691318,53.1343790,0 -4.3691328,53.1343970,0 -4.3691627,53.1343964,0 -4.3691637,53.1344144,0 -4.3691935,53.1344138,0 -4.3691945,53.1344317,0 -4.3692244,53.1344311,0 -4.3692254,53.1344491,0 -4.3692851,53.1344479,0 -4.3692861,53.1344659,0 -4.3693160,53.1344653,0 -4.3693170,53.1344832,0 -4.3693468,53.1344827,0 -4.3693478,53.1345006,0 -4.3693777,53.1345000,0 -4.3693787,53.1345180,0 -4.3694086,53.1345174,0 -4.3694095,53.1345354,0 -4.3694394,53.1345348,0 -4.3694404,53.1345527,0 -4.3694703,53.1345521,0 -4.3694713,53.1345701,0 -4.3695011,53.1345695,0 -4.3695021,53.1345875,0 -4.3695320,53.1345869,0 -4.3695330,53.1346048,0 -4.3695927,53.1346036,0 -4.3695937,53.1346216,0 -4.3696236,53.1346210,0 -4.3696246,53.1346390,0 -4.3696544,53.1346384,0 -4.3696554,53.1346563,0 -4.3696853,53.1346557,0 -4.3696863,53.1346737,0 -4.3696927,53.1346736,0 -4.3697161,53.1346731,0 -4.3697171,53.1346911,0</coordinates></LinearRing></outerBoundaryIs></Polygon></Placemark><Placemark><name>C4 (Main Forest)</name><description>Nearest-well (Voronoi) region of the 9 reference wells in this cluster, clipped to the site boundary. Wells: nw10, ceh2, ceh13, ceh14, ceh20, ceh30, Ceh32, ceh33, ceh34. This is a rendering of well membership, not a mapped hydrological boundary.</description><styleUrl>#c4</styleUrl><Polygon><outerBoundaryIs><LinearRing><coordinates>-4.3714491,53.1474387,0 -4.3743182,53.1468638,0 -4.3745837,53.1469152,0 -4.3759600,53.1466863,0 -4.3769158,53.1462337,0 -4.3774082,53.1462199,0 -4.3791751,53.1467871,0 -4.3807050,53.1465052,0 -4.3892425,53.1491914,0 -4.3939821,53.1500144,0 -4.3940150,53.1506046,0 -4.3940448,53.1506040,0 -4.3940658,53.1509812,0 -4.3940668,53.1509992,0 -4.3941078,53.1517356,0 -4.3940779,53.1517362,0 -4.3940789,53.1517542,0 -4.3940491,53.1517548,0 -4.3940501,53.1517727,0 -4.3940202,53.1517733,0 -4.3940212,53.1517913,0 -4.3939913,53.1517919,0 -4.3939933,53.1518278,0 -4.3939634,53.1518284,0 -4.3939644,53.1518464,0 -4.3939345,53.1518470,0 -4.3939355,53.1518649,0 -4.3939057,53.1518655,0 -4.3939067,53.1518835,0 -4.3938768,53.1518841,0 -4.3938778,53.1519021,0 -4.3938479,53.1519027,0 -4.3938489,53.1519206,0 -4.3938190,53.1519212,0 -4.3938200,53.1519392,0 -4.3937901,53.1519398,0 -4.3937911,53.1519578,0 -4.3937613,53.1519584,0 -4.3937623,53.1519763,0 -4.3937324,53.1519769,0 -4.3937334,53.1519949,0 -4.3937035,53.1519955,0 -4.3937045,53.1520134,0 -4.3936746,53.1520140,0 -4.3936766,53.1520500,0 -4.3936467,53.1520506,0 -4.3936477,53.1520685,0 -4.3936179,53.1520691,0 -4.3936189,53.1520871,0 -4.3935890,53.1520877,0 -4.3935900,53.1521057,0 -4.3935601,53.1521063,0 -4.3935611,53.1521242,0 -4.3935312,53.1521248,0 -4.3935322,53.1521428,0 -4.3935023,53.1521434,0 -4.3935033,53.1521613,0 -4.3934735,53.1521620,0 -4.3934745,53.1521799,0 -4.3934446,53.1521805,0 -4.3934456,53.1521985,0 -4.3934157,53.1521991,0 -4.3934167,53.1522170,0 -4.3933868,53.1522176,0 -4.3933878,53.1522356,0 -4.3933579,53.1522362,0 -4.3933599,53.1522721,0 -4.3933301,53.1522727,0 -4.3933311,53.1522907,0 -4.3933012,53.1522913,0 -4.3933022,53.1523093,0 -4.3932723,53.1523099,0 -4.3932733,53.1523278,0 -4.3932434,53.1523284,0 -4.3932444,53.1523464,0 -4.3932145,53.1523470,0 -4.3932155,53.1523649,0 -4.3931857,53.1523655,0 -4.3931867,53.1523835,0 -4.3931568,53.1523841,0 -4.3931578,53.1524021,0 -4.3931279,53.1524027,0 -4.3931289,53.1524206,0 -4.3930990,53.1524212,0 -4.3931000,53.1524392,0 -4.3930701,53.1524398,0 -4.3930711,53.1524578,0 -4.3930413,53.1524584,0 -4.3930433,53.1524943,0 -4.3930134,53.1524949,0 -4.3930144,53.1525128,0 -4.3929845,53.1525134,0 -4.3929855,53.1525314,0 -4.3929556,53.1525320,0 -4.3929566,53.1525500,0 -4.3929267,53.1525506,0 -4.3929277,53.1525685,0 -4.3928978,53.1525691,0 -4.3928988,53.1525871,0 -4.3928690,53.1525877,0 -4.3928700,53.1526057,0 -4.3928401,53.1526063,0 -4.3928411,53.1526242,0 -4.3928112,53.1526248,0 -4.3928122,53.1526428,0 -4.3927823,53.1526434,0 -4.3927833,53.1526613,0 -4.3927534,53.1526619,0 -4.3927554,53.1526979,0 -4.3927256,53.1526985,0 -4.3927266,53.1527164,0 -4.3926967,53.1527170,0 -4.3926977,53.1527350,0 -4.3926678,53.1527356,0 -4.3926688,53.1527536,0 -4.3926389,53.1527542,0 -4.3926399,53.1527721,0 -4.3926100,53.1527727,0 -4.3926110,53.1527907,0 -4.3925812,53.1527913,0 -4.3925822,53.1528093,0 -4.3925523,53.1528099,0 -4.3925533,53.1528278,0 -4.3925234,53.1528284,0 -4.3925244,53.1528464,0 -4.3924945,53.1528470,0 -4.3924955,53.1528649,0 -4.3924656,53.1528655,0 -4.3924666,53.1528835,0 -4.3924367,53.1528841,0 -4.3924387,53.1529200,0 -4.3924089,53.1529206,0 -4.3924099,53.1529386,0 -4.3923800,53.1529392,0 -4.3923810,53.1529572,0 -4.3923511,53.1529578,0 -4.3923521,53.1529757,0 -4.3923222,53.1529763,0 -4.3923232,53.1529943,0 -4.3922933,53.1529949,0 -4.3922943,53.1530128,0 -4.3922645,53.1530134,0 -4.3922655,53.1530314,0 -4.3922356,53.1530320,0 -4.3922366,53.1530500,0 -4.3922067,53.1530506,0 -4.3922077,53.1530685,0 -4.3921778,53.1530691,0 -4.3921788,53.1530871,0 -4.3921489,53.1530877,0 -4.3921499,53.1531057,0 -4.3921201,53.1531063,0 -4.3921220,53.1531422,0 -4.3920922,53.1531428,0 -4.3920932,53.1531607,0 -4.3920633,53.1531613,0 -4.3920643,53.1531793,0 -4.3920344,53.1531799,0 -4.3920354,53.1531979,0 -4.3920055,53.1531985,0 -4.3920065,53.1532164,0 -4.3919766,53.1532170,0 -4.3919776,53.1532350,0 -4.3919478,53.1532356,0 -4.3919488,53.1532536,0 -4.3919189,53.1532542,0 -4.3919199,53.1532721,0 -4.3918900,53.1532727,0 -4.3918910,53.1532907,0 -4.3918611,53.1532913,0 -4.3918621,53.1533092,0 -4.3918322,53.1533098,0 -4.3918332,53.1533278,0 -4.3918034,53.1533284,0 -4.3918053,53.1533643,0 -4.3917755,53.1533649,0 -4.3917765,53.1533829,0 -4.3917466,53.1533835,0 -4.3917476,53.1534015,0 -4.3917177,53.1534021,0 -4.3917187,53.1534200,0 -4.3916888,53.1534206,0 -4.3916898,53.1534386,0 -4.3916599,53.1534392,0 -4.3916609,53.1534571,0 -4.3916311,53.1534577,0 -4.3916321,53.1534757,0 -4.3916022,53.1534763,0 -4.3916032,53.1534943,0 -4.3915733,53.1534949,0 -4.3915743,53.1535128,0 -4.3915444,53.1535134,0 -4.3915454,53.1535314,0 -4.3915155,53.1535320,0 -4.3915175,53.1535679,0 -4.3914876,53.1535685,0 -4.3914886,53.1535865,0 -4.3914588,53.1535871,0 -4.3914598,53.1536050,0 -4.3914299,53.1536056,0 -4.3914309,53.1536236,0 -4.3914010,53.1536242,0 -4.3914020,53.1536422,0 -4.3913721,53.1536428,0 -4.3913731,53.1536607,0 -4.3913432,53.1536613,0 -4.3913442,53.1536793,0 -4.3912845,53.1536805,0 -4.3912855,53.1536985,0 -4.3912556,53.1536991,0 -4.3912566,53.1537170,0 -4.3911968,53.1537182,0 -4.3911978,53.1537362,0 -4.3911679,53.1537368,0 -4.3911689,53.1537547,0 -4.3911092,53.1537559,0 -4.3911102,53.1537739,0 -4.3910803,53.1537745,0 -4.3910813,53.1537925,0 -4.3910215,53.1537937,0 -4.3910225,53.1538116,0 -4.3909927,53.1538122,0 -4.3909937,53.1538302,0 -4.3909339,53.1538314,0 -4.3909349,53.1538494,0 -4.3909050,53.1538500,0 -4.3909060,53.1538679,0 -4.3908462,53.1538691,0 -4.3908472,53.1538871,0 -4.3908174,53.1538877,0 -4.3908184,53.1539056,0 -4.3907586,53.1539068,0 -4.3907596,53.1539248,0 -4.3907297,53.1539254,0 -4.3907307,53.1539434,0 -4.3906709,53.1539446,0 -4.3906719,53.1539625,0 -4.3906421,53.1539631,0 -4.3906431,53.1539811,0 -4.3905833,53.1539823,0 -4.3905843,53.1540003,0 -4.3905544,53.1540009,0 -4.3905554,53.1540188,0 -4.3904957,53.1540200,0 -4.3904967,53.1540380,0 -4.3904668,53.1540386,0 -4.3904678,53.1540565,0 -4.3904080,53.1540577,0 -4.3904090,53.1540757,0 -4.3903791,53.1540763,0 -4.3903801,53.1540943,0 -4.3903204,53.1540955,0 -4.3903214,53.1541134,0 -4.3902915,53.1541140,0 -4.3902925,53.1541320,0 -4.3902327,53.1541332,0 -4.3902337,53.1541512,0 -4.3902038,53.1541518,0 -4.3902048,53.1541697,0 -4.3901451,53.1541709,0 -4.3901461,53.1541889,0 -4.3901162,53.1541895,0 -4.3901172,53.1542074,0 -4.3900574,53.1542086,0 -4.3900584,53.1542266,0 -4.3900285,53.1542272,0 -4.3900295,53.1542452,0 -4.3899698,53.1542464,0 -4.3899708,53.1542643,0 -4.3899409,53.1542649,0 -4.3899419,53.1542829,0 -4.3898821,53.1542841,0 -4.3898831,53.1543021,0 -4.3898532,53.1543027,0 -4.3898542,53.1543206,0 -4.3897945,53.1543218,0 -4.3897955,53.1543398,0 -4.3897656,53.1543404,0 -4.3897666,53.1543583,0 -4.3897068,53.1543595,0 -4.3897078,53.1543775,0 -4.3896779,53.1543781,0 -4.3896789,53.1543961,0 -4.3896192,53.1543973,0 -4.3896202,53.1544152,0 -4.3895903,53.1544158,0 -4.3895913,53.1544338,0 -4.3895315,53.1544350,0 -4.3895325,53.1544530,0 -4.3895026,53.1544536,0 -4.3895036,53.1544715,0 -4.3894439,53.1544727,0 -4.3894449,53.1544907,0 -4.3894150,53.1544913,0 -4.3894160,53.1545092,0 -4.3893562,53.1545104,0 -4.3893572,53.1545284,0 -4.3893273,53.1545290,0 -4.3893283,53.1545470,0 -4.3892686,53.1545482,0 -4.3892696,53.1545661,0 -4.3892397,53.1545667,0 -4.3892407,53.1545847,0 -4.3891809,53.1545859,0 -4.3891819,53.1546038,0 -4.3891520,53.1546044,0 -4.3891530,53.1546224,0 -4.3890933,53.1546236,0 -4.3890943,53.1546416,0 -4.3890644,53.1546422,0 -4.3890654,53.1546601,0 -4.3890056,53.1546613,0 -4.3890066,53.1546793,0 -4.3889767,53.1546799,0 -4.3889777,53.1546979,0 -4.3889180,53.1546991,0 -4.3889190,53.1547170,0 -4.3888293,53.1547188,0 -4.3888303,53.1547368,0 -4.3887706,53.1547380,0 -4.3887716,53.1547559,0 -4.3887118,53.1547571,0 -4.3887128,53.1547751,0 -4.3886530,53.1547763,0 -4.3886540,53.1547943,0 -4.3885943,53.1547955,0 -4.3885953,53.1548134,0 -4.3885355,53.1548146,0 -4.3885365,53.1548326,0 -4.3884767,53.1548338,0 -4.3884777,53.1548517,0 -4.3884180,53.1548529,0 -4.3884190,53.1548709,0 -4.3883293,53.1548727,0 -4.3883303,53.1548907,0 -4.3882706,53.1548919,0 -4.3882716,53.1549098,0 -4.3882118,53.1549110,0 -4.3882128,53.1549290,0 -4.3881530,53.1549302,0 -4.3881540,53.1549482,0 -4.3880943,53.1549494,0 -4.3880953,53.1549673,0 -4.3880355,53.1549685,0 -4.3880365,53.1549865,0 -4.3879767,53.1549877,0 -4.3879777,53.1550056,0 -4.3879180,53.1550068,0 -4.3879190,53.1550248,0 -4.3878293,53.1550266,0 -4.3878303,53.1550446,0 -4.3877705,53.1550458,0 -4.3877715,53.1550637,0 -4.3877118,53.1550649,0 -4.3877128,53.1550829,0 -4.3876530,53.1550841,0 -4.3876540,53.1551020,0 -4.3875942,53.1551032,0 -4.3875952,53.1551212,0 -4.3875355,53.1551224,0 -4.3875365,53.1551404,0 -4.3874767,53.1551416,0 -4.3874777,53.1551595,0 -4.3874179,53.1551607,0 -4.3874189,53.1551787,0 -4.3873293,53.1551805,0 -4.3873303,53.1551985,0 -4.3872705,53.1551996,0 -4.3872715,53.1552176,0 -4.3872118,53.1552188,0 -4.3872128,53.1552368,0 -4.3871530,53.1552380,0 -4.3871540,53.1552559,0 -4.3870942,53.1552571,0 -4.3870952,53.1552751,0 -4.3870355,53.1552763,0 -4.3870365,53.1552943,0 -4.3869767,53.1552955,0 -4.3869777,53.1553134,0 -4.3868880,53.1553152,0 -4.3868890,53.1553332,0 -4.3868293,53.1553344,0 -4.3868303,53.1553523,0 -4.3867705,53.1553535,0 -4.3867715,53.1553715,0 -4.3867117,53.1553727,0 -4.3867127,53.1553907,0 -4.3866530,53.1553919,0 -4.3866540,53.1554098,0 -4.3865942,53.1554110,0 -4.3865952,53.1554290,0 -4.3865354,53.1554302,0 -4.3865364,53.1554481,0 -4.3864767,53.1554493,0 -4.3864777,53.1554673,0 -4.3863880,53.1554691,0 -4.3863890,53.1554871,0 -4.3863292,53.1554883,0 -4.3863302,53.1555062,0 -4.3862705,53.1555074,0 -4.3862715,53.1555254,0 -4.3862117,53.1555266,0 -4.3862127,53.1555445,0 -4.3861529,53.1555457,0 -4.3861539,53.1555637,0 -4.3860942,53.1555649,0 -4.3860952,53.1555829,0 -4.3860354,53.1555841,0 -4.3860364,53.1556020,0 -4.3859766,53.1556032,0 -4.3859776,53.1556212,0 -4.3858880,53.1556230,0 -4.3858888,53.1556385,0 -4.3858890,53.1556409,0 -4.3858292,53.1556421,0 -4.3858302,53.1556601,0 -4.3857705,53.1556613,0 -4.3857714,53.1556793,0 -4.3857117,53.1556805,0 -4.3857127,53.1556984,0 -4.3856529,53.1556996,0 -4.3856539,53.1557176,0 -4.3855941,53.1557188,0 -4.3855951,53.1557367,0 -4.3855354,53.1557379,0 -4.3855364,53.1557559,0 -4.3854766,53.1557571,0 -4.3854776,53.1557751,0 -4.3853880,53.1557769,0 -4.3853890,53.1557948,0 -4.3853292,53.1557960,0 -4.3853302,53.1558140,0 -4.3852704,53.1558152,0 -4.3852714,53.1558331,0 -4.3852116,53.1558343,0 -4.3852126,53.1558523,0 -4.3851529,53.1558535,0 -4.3851539,53.1558715,0 -4.3850941,53.1558727,0 -4.3850951,53.1558906,0 -4.3850353,53.1558918,0 -4.3850363,53.1559098,0 -4.3849467,53.1559116,0 -4.3849477,53.1559295,0 -4.3848879,53.1559307,0 -4.3848889,53.1559487,0 -4.3848292,53.1559499,0 -4.3848301,53.1559679,0 -4.3847704,53.1559691,0 -4.3847714,53.1559870,0 -4.3847116,53.1559882,0 -4.3847126,53.1560062,0 -4.3846528,53.1560074,0 -4.3846538,53.1560253,0 -4.3845941,53.1560265,0 -4.3845951,53.1560445,0 -4.3845652,53.1560451,0 -4.3845662,53.1560631,0 -4.3845363,53.1560637,0 -4.3845373,53.1560816,0 -4.3845074,53.1560822,0 -4.3845084,53.1561002,0 -4.3844486,53.1561014,0 -4.3844496,53.1561193,0 -4.3844198,53.1561199,0 -4.3844208,53.1561379,0 -4.3843909,53.1561385,0 -4.3843919,53.1561565,0 -4.3843620,53.1561571,0 -4.3843630,53.1561750,0 -4.3843032,53.1561762,0 -4.3843042,53.1561942,0 -4.3842743,53.1561948,0 -4.3842753,53.1562127,0 -4.3842454,53.1562133,0 -4.3842464,53.1562313,0 -4.3842166,53.1562319,0 -4.3842175,53.1562499,0 -4.3841578,53.1562511,0 -4.3841588,53.1562690,0 -4.3841289,53.1562696,0 -4.3841299,53.1562876,0 -4.3841000,53.1562882,0 -4.3841010,53.1563061,0 -4.3840711,53.1563067,0 -4.3840721,53.1563247,0 -4.3840123,53.1563259,0 -4.3840133,53.1563439,0 -4.3839835,53.1563445,0 -4.3839845,53.1563624,0 -4.3839546,53.1563630,0 -4.3839556,53.1563810,0 -4.3839257,53.1563816,0 -4.3839267,53.1563995,0 -4.3838669,53.1564007,0 -4.3838679,53.1564187,0 -4.3838380,53.1564193,0 -4.3838390,53.1564373,0 -4.3838091,53.1564379,0 -4.3838101,53.1564558,0 -4.3837803,53.1564564,0 -4.3837813,53.1564744,0 -4.3837215,53.1564756,0 -4.3837225,53.1564935,0 -4.3836926,53.1564941,0 -4.3836936,53.1565121,0 -4.3836637,53.1565127,0 -4.3836647,53.1565307,0 -4.3836348,53.1565313,0 -4.3836358,53.1565492,0 -4.3835761,53.1565504,0 -4.3835770,53.1565684,0 -4.3835472,53.1565690,0 -4.3835482,53.1565870,0 -4.3835183,53.1565875,0 -4.3835193,53.1566055,0 -4.3834894,53.1566061,0 -4.3834904,53.1566241,0 -4.3834306,53.1566253,0 -4.3834316,53.1566432,0 -4.3834017,53.1566438,0 -4.3834027,53.1566618,0 -4.3833728,53.1566624,0 -4.3833738,53.1566804,0 -4.3833440,53.1566810,0 -4.3833449,53.1566989,0 -4.3832852,53.1567001,0 -4.3832862,53.1567181,0 -4.3832563,53.1567187,0 -4.3832573,53.1567366,0 -4.3832274,53.1567372,0 -4.3832284,53.1567552,0 -4.3831686,53.1567564,0 -4.3831696,53.1567744,0 -4.3831397,53.1567750,0 -4.3831407,53.1567929,0 -4.3831109,53.1567935,0 -4.3831119,53.1568115,0 -4.3830820,53.1568121,0 -4.3830830,53.1568300,0 -4.3830232,53.1568312,0 -4.3830242,53.1568492,0 -4.3829943,53.1568498,0 -4.3829953,53.1568678,0 -4.3829654,53.1568684,0 -4.3829664,53.1568863,0 -4.3829365,53.1568869,0 -4.3829375,53.1569049,0 -4.3828778,53.1569061,0 -4.3828788,53.1569240,0 -4.3828489,53.1569246,0 -4.3828499,53.1569426,0 -4.3828200,53.1569432,0 -4.3828210,53.1569612,0 -4.3827911,53.1569618,0 -4.3827921,53.1569797,0 -4.3827323,53.1569809,0 -4.3827333,53.1569989,0 -4.3827034,53.1569995,0 -4.3827044,53.1570174,0 -4.3826746,53.1570180,0 -4.3826755,53.1570360,0 -4.3826457,53.1570366,0 -4.3826467,53.1570546,0 -4.3825869,53.1570558,0 -4.3825879,53.1570737,0 -4.3825580,53.1570743,0 -4.3825590,53.1570923,0 -4.3825291,53.1570929,0 -4.3825301,53.1571108,0 -4.3825002,53.1571114,0 -4.3825012,53.1571294,0 -4.3824415,53.1571306,0 -4.3824425,53.1571486,0 -4.3824126,53.1571492,0 -4.3824136,53.1571671,0 -4.3823837,53.1571677,0 -4.3823847,53.1571857,0 -4.3823548,53.1571863,0 -4.3823558,53.1572042,0 -4.3822960,53.1572054,0 -4.3822970,53.1572234,0 -4.3822671,53.1572240,0 -4.3822681,53.1572420,0 -4.3822382,53.1572426,0 -4.3822392,53.1572605,0 -4.3822094,53.1572611,0 -4.3822103,53.1572791,0 -4.3821506,53.1572803,0 -4.3821516,53.1572982,0 -4.3821217,53.1572988,0 -4.3821227,53.1573168,0 -4.3820928,53.1573174,0 -4.3820938,53.1573354,0 -4.3820639,53.1573360,0 -4.3820649,53.1573539,0 -4.3820051,53.1573551,0 -4.3820061,53.1573731,0 -4.3819763,53.1573737,0 -4.3819772,53.1573916,0 -4.3819474,53.1573922,0 -4.3819484,53.1574102,0 -4.3819185,53.1574108,0 -4.3819195,53.1574288,0 -4.3818597,53.1574299,0 -4.3818607,53.1574479,0 -4.3818308,53.1574485,0 -4.3818318,53.1574665,0 -4.3818019,53.1574671,0 -4.3818029,53.1574850,0 -4.3817730,53.1574856,0 -4.3817740,53.1575036,0 -4.3817143,53.1575048,0 -4.3817153,53.1575228,0 -4.3816854,53.1575233,0 -4.3816864,53.1575413,0 -4.3816565,53.1575419,0 -4.3816575,53.1575599,0 -4.3816276,53.1575605,0 -4.3816286,53.1575784,0 -4.3815688,53.1575796,0 -4.3815698,53.1575976,0 -4.3815399,53.1575982,0 -4.3815409,53.1576162,0 -4.3815110,53.1576167,0 -4.3815120,53.1576347,0 -4.3814822,53.1576353,0 -4.3814831,53.1576533,0 -4.3814234,53.1576545,0 -4.3814244,53.1576724,0 -4.3813945,53.1576730,0 -4.3813955,53.1576910,0 -4.3813656,53.1576916,0 -4.3813666,53.1577095,0 -4.3813367,53.1577101,0 -4.3813377,53.1577281,0 -4.3812779,53.1577293,0 -4.3812789,53.1577473,0 -4.3812490,53.1577479,0 -4.3812500,53.1577658,0 -4.3812202,53.1577664,0 -4.3812212,53.1577844,0 -4.3811614,53.1577856,0 -4.3811624,53.1578035,0 -4.3811325,53.1578041,0 -4.3811335,53.1578221,0 -4.3811036,53.1578227,0 -4.3811046,53.1578407,0 -4.3810747,53.1578413,0 -4.3810757,53.1578592,0 -4.3810159,53.1578604,0 -4.3810169,53.1578784,0 -4.3809871,53.1578790,0 -4.3809880,53.1578969,0 -4.3809582,53.1578975,0 -4.3809592,53.1579155,0 -4.3809293,53.1579161,0 -4.3809303,53.1579341,0 -4.3808705,53.1579353,0 -4.3808715,53.1579532,0 -4.3808416,53.1579538,0 -4.3808426,53.1579718,0 -4.3808127,53.1579724,0 -4.3808137,53.1579903,0 -4.3807838,53.1579909,0 -4.3807848,53.1580089,0 -4.3807251,53.1580101,0 -4.3807261,53.1580281,0 -4.3806962,53.1580287,0 -4.3806972,53.1580466,0 -4.3806673,53.1580472,0 -4.3806683,53.1580652,0 -4.3806384,53.1580658,0 -4.3806394,53.1580837,0 -4.3805796,53.1580849,0 -4.3805806,53.1581029,0 -4.3805507,53.1581035,0 -4.3805517,53.1581215,0 -4.3805218,53.1581221,0 -4.3805228,53.1581400,0 -4.3804929,53.1581406,0 -4.3804939,53.1581586,0 -4.3804342,53.1581598,0 -4.3804352,53.1581777,0 -4.3804053,53.1581783,0 -4.3804063,53.1581963,0 -4.3803764,53.1581969,0 -4.3803774,53.1582149,0 -4.3803475,53.1582155,0 -4.3803485,53.1582334,0 -4.3802887,53.1582346,0 -4.3802897,53.1582526,0 -4.3802598,53.1582532,0 -4.3802608,53.1582711,0 -4.3802309,53.1582717,0 -4.3802319,53.1582897,0 -4.3802021,53.1582903,0 -4.3802030,53.1583083,0 -4.3801433,53.1583094,0 -4.3801443,53.1583274,0 -4.3800546,53.1583292,0 -4.3800556,53.1583472,0 -4.3799062,53.1583502,0 -4.3799072,53.1583681,0 -4.3797578,53.1583711,0 -4.3797588,53.1583891,0 -4.3796093,53.1583921,0 -4.3796103,53.1584100,0 -4.3794609,53.1584130,0 -4.3794619,53.1584310,0 -4.3792826,53.1584345,0 -4.3792836,53.1584525,0 -4.3791342,53.1584555,0 -4.3791352,53.1584735,0 -4.3789857,53.1584764,0 -4.3789867,53.1584944,0 -4.3788373,53.1584974,0 -4.3788383,53.1585154,0 -4.3786889,53.1585183,0 -4.3786899,53.1585363,0 -4.3785404,53.1585393,0 -4.3785414,53.1585573,0 -4.3783920,53.1585602,0 -4.3783930,53.1585782,0 -4.3782137,53.1585818,0 -4.3782147,53.1585997,0 -4.3780653,53.1586027,0 -4.3780663,53.1586207,0 -4.3779168,53.1586237,0 -4.3779178,53.1586416,0 -4.3777684,53.1586446,0 -4.3777694,53.1586626,0 -4.3776200,53.1586656,0 -4.3776210,53.1586835,0 -4.3774716,53.1586865,0 -4.3774725,53.1587045,0 -4.3773231,53.1587075,0 -4.3773241,53.1587254,0 -4.3771448,53.1587290,0 -4.3771458,53.1587470,0 -4.3769964,53.1587500,0 -4.3769974,53.1587679,0 -4.3768479,53.1587709,0 -4.3768489,53.1587889,0 -4.3766995,53.1587918,0 -4.3767005,53.1588098,0 -4.3765511,53.1588128,0 -4.3765521,53.1588308,0 -4.3764026,53.1588337,0 -4.3764036,53.1588517,0 -4.3762542,53.1588547,0 -4.3762552,53.1588726,0 -4.3760759,53.1588762,0 -4.3760769,53.1588942,0 -4.3759275,53.1588972,0 -4.3759285,53.1589151,0 -4.3757790,53.1589181,0 -4.3757800,53.1589361,0 -4.3756306,53.1589391,0 -4.3756316,53.1589570,0 -4.3754822,53.1589600,0 -4.3754832,53.1589780,0 -4.3753337,53.1589810,0 -4.3753347,53.1589989,0 -4.3751853,53.1590019,0 -4.3751863,53.1590199,0 -4.3750070,53.1590234,0 -4.3750080,53.1590414,0 -4.3748586,53.1590444,0 -4.3748595,53.1590623,0 -4.3747101,53.1590653,0 -4.3747111,53.1590833,0 -4.3745617,53.1590863,0 -4.3745627,53.1591042,0 -4.3744132,53.1591072,0 -4.3744142,53.1591252,0 -4.3742648,53.1591282,0 -4.3742658,53.1591461,0 -4.3741164,53.1591491,0 -4.3741174,53.1591671,0 -4.3739381,53.1591706,0 -4.3739391,53.1591886,0 -4.3737896,53.1591916,0 -4.3737906,53.1592095,0 -4.3736412,53.1592125,0 -4.3736422,53.1592305,0 -4.3734928,53.1592335,0 -4.3734937,53.1592514,0 -4.3733443,53.1592544,0 -4.3733453,53.1592724,0 -4.3731959,53.1592753,0 -4.3731969,53.1592933,0 -4.3730475,53.1592963,0 -4.3730484,53.1593142,0 -4.3676014,53.1594227,0 -4.3686515,53.1560404,0 -4.3687456,53.1559440,0 -4.3713541,53.1508838,0 -4.3714228,53.1508281,0 -4.3711026,53.1504530,0 -4.3716869,53.1479691,0 -4.3714491,53.1474387,0</coordinates></LinearRing></outerBoundaryIs></Polygon></Placemark><Placemark><name>C5 (Coastal Forest)</name><description>Nearest-well (Voronoi) region of the 5 reference wells in this cluster, clipped to the site boundary. Wells: nw9, ceh16, ceh17, ceh19, ceh31. This is a rendering of well membership, not a mapped hydrological boundary.</description><styleUrl>#c5</styleUrl><Polygon><outerBoundaryIs><LinearRing><coordinates>-4.3838723,53.1408460,0 -4.3838733,53.1408640,0 -4.3839032,53.1408634,0 -4.3839042,53.1408813,0 -4.3839640,53.1408801,0 -4.3839649,53.1408981,0 -4.3839948,53.1408975,0 -4.3839958,53.1409155,0 -4.3840556,53.1409143,0 -4.3840566,53.1409322,0 -4.3840864,53.1409316,0 -4.3840874,53.1409496,0 -4.3841472,53.1409484,0 -4.3841482,53.1409664,0 -4.3842079,53.1409652,0 -4.3842089,53.1409831,0 -4.3842388,53.1409825,0 -4.3842398,53.1410005,0 -4.3842995,53.1409993,0 -4.3843005,53.1410172,0 -4.3843304,53.1410166,0 -4.3843314,53.1410346,0 -4.3843911,53.1410334,0 -4.3843921,53.1410514,0 -4.3844220,53.1410508,0 -4.3844230,53.1410687,0 -4.3844827,53.1410675,0 -4.3844837,53.1410855,0 -4.3845136,53.1410849,0 -4.3845146,53.1411029,0 -4.3845743,53.1411017,0 -4.3845753,53.1411196,0 -4.3846351,53.1411184,0 -4.3846361,53.1411364,0 -4.3846659,53.1411358,0 -4.3846669,53.1411538,0 -4.3847267,53.1411526,0 -4.3847277,53.1411705,0 -4.3847576,53.1411699,0 -4.3847586,53.1411879,0 -4.3848183,53.1411867,0 -4.3848193,53.1412047,0 -4.3848492,53.1412041,0 -4.3848502,53.1412220,0 -4.3849099,53.1412208,0 -4.3849109,53.1412388,0 -4.3849408,53.1412382,0 -4.3849418,53.1412561,0 -4.3850015,53.1412550,0 -4.3850025,53.1412729,0 -4.3850623,53.1412717,0 -4.3850632,53.1412897,0 -4.3850931,53.1412891,0 -4.3850941,53.1413070,0 -4.3851539,53.1413058,0 -4.3851549,53.1413238,0 -4.3851847,53.1413232,0 -4.3851857,53.1413412,0 -4.3852455,53.1413400,0 -4.3852465,53.1413579,0 -4.3852763,53.1413573,0 -4.3852773,53.1413753,0 -4.3853371,53.1413741,0 -4.3853381,53.1413921,0 -4.3853978,53.1413909,0 -4.3853988,53.1414088,0 -4.3854287,53.1414082,0 -4.3854297,53.1414262,0 -4.3854894,53.1414250,0 -4.3854904,53.1414430,0 -4.3855203,53.1414424,0 -4.3855213,53.1414603,0 -4.3855810,53.1414591,0 -4.3855820,53.1414771,0 -4.3856119,53.1414765,0 -4.3856129,53.1414944,0 -4.3856727,53.1414933,0 -4.3856736,53.1415112,0 -4.3857035,53.1415106,0 -4.3857045,53.1415286,0 -4.3857643,53.1415274,0 -4.3857653,53.1415453,0 -4.3858250,53.1415441,0 -4.3858260,53.1415621,0 -4.3858559,53.1415615,0 -4.3858569,53.1415795,0 -4.3859166,53.1415783,0 -4.3859176,53.1415962,0 -4.3859475,53.1415956,0 -4.3859485,53.1416136,0 -4.3860082,53.1416124,0 -4.3860092,53.1416304,0 -4.3860391,53.1416298,0 -4.3860401,53.1416477,0 -4.3860998,53.1416465,0 -4.3861008,53.1416645,0 -4.3861307,53.1416639,0 -4.3861317,53.1416819,0 -4.3861914,53.1416807,0 -4.3861924,53.1416986,0 -4.3862522,53.1416974,0 -4.3862532,53.1417154,0 -4.3863129,53.1417142,0 -4.3863139,53.1417321,0 -4.3863737,53.1417309,0 -4.3863747,53.1417489,0 -4.3864643,53.1417471,0 -4.3864653,53.1417651,0 -4.3865250,53.1417639,0 -4.3865260,53.1417818,0 -4.3865858,53.1417806,0 -4.3865868,53.1417986,0 -4.3866764,53.1417968,0 -4.3866774,53.1418148,0 -4.3867371,53.1418136,0 -4.3867381,53.1418315,0 -4.3868277,53.1418297,0 -4.3868287,53.1418477,0 -4.3868885,53.1418465,0 -4.3868895,53.1418645,0 -4.3869791,53.1418627,0 -4.3869798,53.1418758,0 -4.3869801,53.1418806,0 -4.3870398,53.1418794,0 -4.3870408,53.1418974,0 -4.3871006,53.1418962,0 -4.3871016,53.1419142,0 -4.3871912,53.1419124,0 -4.3871922,53.1419303,0 -4.3872519,53.1419291,0 -4.3872529,53.1419471,0 -4.3873426,53.1419453,0 -4.3873435,53.1419632,0 -4.3874033,53.1419620,0 -4.3874043,53.1419800,0 -4.3874939,53.1419782,0 -4.3874949,53.1419962,0 -4.3875547,53.1419950,0 -4.3875557,53.1420129,0 -4.3876154,53.1420117,0 -4.3876164,53.1420297,0 -4.3877060,53.1420279,0 -4.3877070,53.1420459,0 -4.3877668,53.1420447,0 -4.3877678,53.1420626,0 -4.3878574,53.1420608,0 -4.3878584,53.1420788,0 -4.3879181,53.1420776,0 -4.3879191,53.1420956,0 -4.3880087,53.1420938,0 -4.3880097,53.1421117,0 -4.3880695,53.1421105,0 -4.3880705,53.1421285,0 -4.3881302,53.1421273,0 -4.3881312,53.1421452,0 -4.3882208,53.1421435,0 -4.3882218,53.1421614,0 -4.3882816,53.1421602,0 -4.3882826,53.1421782,0 -4.3883722,53.1421764,0 -4.3883732,53.1421943,0 -4.3884329,53.1421931,0 -4.3884339,53.1422111,0 -4.3885236,53.1422093,0 -4.3885245,53.1422273,0 -4.3885843,53.1422261,0 -4.3885853,53.1422440,0 -4.3886450,53.1422428,0 -4.3886460,53.1422608,0 -4.3887357,53.1422590,0 -4.3887367,53.1422770,0 -4.3887964,53.1422758,0 -4.3887974,53.1422937,0 -4.3888870,53.1422919,0 -4.3888880,53.1423099,0 -4.3889478,53.1423087,0 -4.3889488,53.1423266,0 -4.3890384,53.1423248,0 -4.3890394,53.1423428,0 -4.3890991,53.1423416,0 -4.3891001,53.1423596,0 -4.3891599,53.1423584,0 -4.3891609,53.1423763,0 -4.3892505,53.1423745,0 -4.3892515,53.1423925,0 -4.3893112,53.1423913,0 -4.3893122,53.1424093,0 -4.3894018,53.1424075,0 -4.3894028,53.1424254,0 -4.3894626,53.1424242,0 -4.3894636,53.1424422,0 -4.3895532,53.1424404,0 -4.3895542,53.1424583,0 -4.3896139,53.1424571,0 -4.3896149,53.1424751,0 -4.3896747,53.1424739,0 -4.3896757,53.1424919,0 -4.3897653,53.1424901,0 -4.3897663,53.1425080,0 -4.3898261,53.1425068,0 -4.3898270,53.1425248,0 -4.3899167,53.1425230,0 -4.3899177,53.1425410,0 -4.3899774,53.1425398,0 -4.3899784,53.1425577,0 -4.3900680,53.1425559,0 -4.3900690,53.1425739,0 -4.3901288,53.1425727,0 -4.3901298,53.1425906,0 -4.3901895,53.1425894,0 -4.3901905,53.1426074,0 -4.3902801,53.1426056,0 -4.3902811,53.1426236,0 -4.3903409,53.1426224,0 -4.3903419,53.1426403,0 -4.3904315,53.1426385,0 -4.3904325,53.1426565,0 -4.3904922,53.1426553,0 -4.3904932,53.1426733,0 -4.3905530,53.1426721,0 -4.3905829,53.1426715,0 -4.3905839,53.1426894,0 -4.3905540,53.1426900,0 -4.3906436,53.1426882,0 -4.3906446,53.1427062,0 -4.3907044,53.1427050,0 -4.3907054,53.1427229,0 -4.3907950,53.1427211,0 -4.3907960,53.1427391,0 -4.3908557,53.1427379,0 -4.3908567,53.1427559,0 -4.3909463,53.1427541,0 -4.3909473,53.1427720,0 -4.3910071,53.1427708,0 -4.3910081,53.1427888,0 -4.3910977,53.1427870,0 -4.3910987,53.1428050,0 -4.3911584,53.1428038,0 -4.3911594,53.1428217,0 -4.3912192,53.1428205,0 -4.3912202,53.1428385,0 -4.3913098,53.1428367,0 -4.3913108,53.1428546,0 -4.3913706,53.1428534,0 -4.3913715,53.1428714,0 -4.3914612,53.1428696,0 -4.3914622,53.1428876,0 -4.3915219,53.1428864,0 -4.3915229,53.1429043,0 -4.3916125,53.1429025,0 -4.3916135,53.1429205,0 -4.3916733,53.1429193,0 -4.3916743,53.1429372,0 -4.3917340,53.1429360,0 -4.3917350,53.1429540,0 -4.3918246,53.1429522,0 -4.3918256,53.1429702,0 -4.3918854,53.1429690,0 -4.3918864,53.1429869,0 -4.3919760,53.1429851,0 -4.3919770,53.1430031,0 -4.3920368,53.1430019,0 -4.3920378,53.1430199,0 -4.3920676,53.1430193,0 -4.3920975,53.1430187,0 -4.3920985,53.1430366,0 -4.3921582,53.1430354,0 -4.3921592,53.1430534,0 -4.3922190,53.1430522,0 -4.3922200,53.1430701,0 -4.3922797,53.1430689,0 -4.3922807,53.1430869,0 -4.3923405,53.1430857,0 -4.3923415,53.1431037,0 -4.3924012,53.1431025,0 -4.3924022,53.1431204,0 -4.3924620,53.1431192,0 -4.3924630,53.1431372,0 -4.3925227,53.1431360,0 -4.3925237,53.1431539,0 -4.3925835,53.1431527,0 -4.3925845,53.1431707,0 -4.3926442,53.1431695,0 -4.3926452,53.1431875,0 -4.3927050,53.1431863,0 -4.3927060,53.1432042,0 -4.3927657,53.1432030,0 -4.3927667,53.1432210,0 -4.3928265,53.1432198,0 -4.3928275,53.1432377,0 -4.3928872,53.1432365,0 -4.3928882,53.1432545,0 -4.3929479,53.1432533,0 -4.3929489,53.1432713,0 -4.3930087,53.1432701,0 -4.3930097,53.1432880,0 -4.3930694,53.1432868,0 -4.3930704,53.1433048,0 -4.3931302,53.1433036,0 -4.3931312,53.1433216,0 -4.3931909,53.1433204,0 -4.3931919,53.1433383,0 -4.3932517,53.1433371,0 -4.3932527,53.1433551,0 -4.3933124,53.1433539,0 -4.3933134,53.1433718,0 -4.3933732,53.1433706,0 -4.3933742,53.1433886,0 -4.3934040,53.1433880,0 -4.3934370,53.1439807,0 -4.3934669,53.1439801,0 -4.3935049,53.1446627,0 -4.3935347,53.1446621,0 -4.3935467,53.1448777,0 -4.3935477,53.1448956,0 -4.3935847,53.1455602,0 -4.3936146,53.1455596,0 -4.3936705,53.1465655,0 -4.3937004,53.1465649,0 -4.3937564,53.1475708,0 -4.3937863,53.1475702,0 -4.3938432,53.1485940,0 -4.3938731,53.1485934,0 -4.3939291,53.1495993,0 -4.3939590,53.1495987,0 -4.3939821,53.1500144,0 -4.3892425,53.1491914,0 -4.3807050,53.1465052,0 -4.3791751,53.1467871,0 -4.3774082,53.1462199,0 -4.3769158,53.1462337,0 -4.3762746,53.1443557,0 -4.3792028,53.1436357,0 -4.3792703,53.1435985,0 -4.3796601,53.1432490,0 -4.3838672,53.1408461,0 -4.3838723,53.1408460,0</coordinates></LinearRing></outerBoundaryIs></Polygon></Placemark></Document></kml>
