{"type": "FeatureCollection", "name": "site_outline", "crs": {"type": "name", "properties": {"name": "urn:ogc:def:crs:EPSG::27700"}}, "features": [{"type": "Feature", "properties": {"source": "data/geo/site_boundary.kml", "source_sha256": "e33d72177fcf54d90eab98362a10ce65b78ac7b7ac0c7f44c465430846993ec3", "method": "kml_io.read_kml (EPSG:27700), unary_union of 11715 pieces; no simplify, no buffer", "tool": "tools/make_site_outline.py 1.0.0", "decision": "D-204", "made": "2026-09-27"}, "geometry": {"type": "Polygon", "coordinates": [[[240198.00070248102, 363285.99962765735], [240198.00070248128, 363287.99962766084], [240194.0007024776, 363287.9996276538], [240194.00070247822, 363289.99962766294], [240188.00070247252, 363289.9996276573], [240188.0007024728, 363291.99962765654], [240184.00070246923, 363291.9996276558], [240184.00070246955, 363293.9996276621], [240178.0007024646, 363293.9996276657], [240178.0007024647, 363295.99962766276], [240174.00070246134, 363295.99962766847], [240174.00070246143, 363297.9996276698], [240168.00070245622, 363297.9996276613], [240168.00070245654, 363299.99962766905], [240164.00070245285, 363299.9996276655], [240164.00070245308, 363301.999627669], [240160.00070245028, 363301.999627669], [240160.0007024501, 363303.99962766684], [240154.0007024449, 363303.99962767464], [240154.00070244557, 363305.9996276739], [240150.00070244182, 363305.99962767033], [240150.00070244193, 363307.9996276738], [240144.00070243707, 363307.9996276689], [240144.0007024373, 363309.9996276766], [240140.0007024332, 363309.9996276688], [240140.000702434, 363311.9996276737], [240134.00070242857, 363311.9996276737], [240134.00070242884, 363313.99962768075], [240130.00070242534, 363313.9996276772], [240130.00070242537, 363315.99962767784], [240126.00070242205, 363315.99962767784], [240126.00070242226, 363317.9996276856], [240120.0007024172, 363317.9996276828], [240120.0007024172, 363319.99962768203], [240116.0007024141, 363319.9996276778], [240116.00070241428, 363321.9996276813], [240110.00070240904, 363321.9996276763], [240110.0007024093, 363323.99962768616], [240106.00070240608, 363323.99962768616], [240106.00070240622, 363325.9996276854], [240104.00070240424, 363325.99962768046], [240102.0007024028, 363325.99962767976], [240102.00070240317, 363327.9996276849], [240098.00070239912, 363327.99962768256], [240098.00070239927, 363329.99962768814], [240094.00070239604, 363329.99962768884], [240094.00070239638, 363331.9996276952], [240090.00070239286, 363331.9996276888], [240090.000702393, 363333.9996276888], [240086.0007023897, 363333.9996276873], [240086.0007023901, 363335.9996276944], [240082.00070238678, 363335.999627693], [240082.00070238634, 363337.9996276957], [240078.00070238285, 363337.99962768867], [240078.00070238323, 363339.9996276964], [240074.00070238, 363339.99962769356], [240074.00070237997, 363341.99962769495], [240070.0007023769, 363341.99962769565], [240070.0007023773, 363343.9996277041], [240066.00070237293, 363343.999627697], [240066.0007023732, 363345.99962769554], [240062.00070237025, 363345.9996277062], [240062.00070237007, 363347.99962769833], [240058.00070236681, 363347.9996276997], [240058.00070236716, 363349.9996277004], [240054.00070236382, 363349.99962770747], [240054.00070236388, 363351.99962770107], [240050.00070236035, 363351.9996276989], [240050.000702361, 363353.9996277095], [240046.0007023575, 363353.99962771306], [240046.00070235707, 363355.99962770735], [240042.00070235415, 363355.9996277123], [240042.00070235386, 363357.9996277101], [240038.00070235084, 363357.99962771084], [240038.00070235087, 363359.99962771434], [240034.0007023474, 363359.99962770724], [240034.00070234752, 363361.9996277143], [240030.00070234426, 363361.9996277121], [240030.0007023441, 363363.9996277149], [240026.0007023409, 363363.9996277149], [240026.00070234062, 363365.99962771346], [240022.00070233754, 363365.9996277184], [240022.00070233812, 363367.99962771835], [240018.00070233463, 363367.99962771765], [240018.00070233457, 363369.9996277148], [240016.00070233314, 363369.9996277169], [240016.00070233856, 363435.99962778395], [240014.00070233687, 363435.999627779], [240014.00070234234, 363511.9996278479], [240012.00070234123, 363511.9996278564], [240012.0007023428, 363535.99962787], [240012.00070234286, 363537.9996278699], [240012.0007023493, 363611.99962795095], [240010.00070234758, 363611.99962794746], [240010.0007023563, 363723.99962804874], [240008.00070235488, 363723.9996280502], [240008.00070236373, 363835.9996281579], [240006.00070236195, 363835.9996281501], [240006.00070237136, 363949.9996282634], [240004.00070236975, 363949.99962826126], [240004.00070237817, 364061.9996283619], [240002.00070237715, 364061.99962836545], [240002.0007023862, 364173.99962847243], [240000.00070238387, 364173.9996284668], [240000.00070238742, 364215.9996285132], [240000.0007023877, 364217.9996285082], [240000.0007023942, 364299.9996285911], [240002.0007023962, 364299.99962858757], [240002.00070239627, 364301.9996285882], [240004.00070239787, 364301.9996285854], [240004.00070239833, 364303.99962859595], [240006.00070239947, 364303.9996285917], [240006.0007023999, 364305.99962859874], [240008.00070240136, 364305.99962859595], [240008.00070240247, 364309.9996286001], [240010.00070240351, 364309.9996285987], [240010.00070240395, 364311.9996285979], [240012.0007024053, 364311.9996285951], [240012.0007024055, 364313.9996286028], [240014.000702407, 364313.99962860066], [240014.00070240806, 364315.9996286056], [240016.00070240904, 364315.99962860346], [240016.0007024093, 364317.99962860625], [240018.00070241126, 364317.9996286041], [240018.00070241088, 364319.99962860334], [240020.00070241312, 364319.99962860264], [240020.0007024132, 364321.99962861184], [240022.0007024149, 364321.9996286083], [240022.00070241498, 364323.9996286146], [240024.0007024163, 364323.9996286125], [240024.00070241705, 364325.99962861737], [240026.00070241853, 364325.99962861737], [240026.00070241874, 364327.9996286152], [240028.00070242042, 364327.9996286138], [240028.0007024209, 364329.99962862366], [240030.0007024223, 364329.99962862366], [240030.00070242275, 364333.99962862214], [240032.0007024246, 364333.99962862424], [240032.00070242427, 364335.9996286228], [240034.00070242622, 364335.99962862424], [240034.00070242604, 364337.999628622], [240036.00070242808, 364337.999628622], [240036.00070242822, 364339.99962862977], [240038.0007024298, 364339.99962862977], [240038.00070243006, 364341.99962863396], [240040.00070243183, 364341.9996286347], [240040.00070243207, 364343.99962863605], [240042.0007024335, 364343.9996286396], [240042.00070243364, 364345.9996286367], [240044.00070243533, 364345.99962863885], [240044.0007024354, 364347.99962863594], [240046.00070243745, 364347.99962863664], [240046.00070243725, 364349.9996286416], [240048.0007024394, 364349.9996286437], [240048.00070243928, 364351.9996286472], [240050.00070244112, 364351.9996286366], [240050.00070244144, 364353.99962864927], [240052.00070244292, 364353.9996286379], [240052.0007024431, 364357.9996286449], [240054.00070244455, 364357.9996286449], [240054.00070244522, 364359.999628647], [240056.0007024471, 364359.99962865125], [240056.0007024472, 364361.99962865404], [240058.00070244857, 364361.99962865474], [240058.00070244863, 364363.9996286526], [240060.00070245078, 364363.99962865753], [240060.00070245017, 364365.9996286525], [240062.0007024527, 364365.999628656], [240062.00070245247, 364367.9996286588], [240064.00070245442, 364367.99962866236], [240064.00070245445, 364369.9996286531], [240066.00070245596, 364369.99962865596], [240066.0007024561, 364371.99962866795], [240068.00070245826, 364371.99962866155], [240068.00070245826, 364373.9996286679], [240070.0007024598, 364373.9996286601], [240070.00070246, 364375.99962866574], [240072.0007024614, 364375.9996286721], [240072.0007024619, 364377.99962866283], [240074.00070246356, 364377.9996286671], [240074.0007024639, 364381.99962867546], [240076.0007024656, 364381.9996286712], [240076.000702466, 364383.9996286747], [240078.0007024671, 364383.99962866976], [240078.00070246734, 364385.99962867255], [240080.00070246914, 364385.9996286782], [240080.00070246938, 364387.9996286796], [240082.00070247104, 364387.9996286725], [240082.00070247153, 364389.9996286824], [240084.0007024728, 364389.9996286767], [240084.00070247336, 364391.9996286837], [240086.00070247467, 364391.9996286788], [240086.00070247517, 364393.99962868367], [240088.00070247613, 364393.9996286794], [240088.00070247697, 364395.99962869], [240090.00070247817, 364395.99962868716], [240090.00070247852, 364397.9996286857], [240092.00070248026, 364397.9996286935], [240092.00070248093, 364399.9996286899], [240094.00070248227, 364399.99962868635], [240094.00070248227, 364403.99962869124], [240096.00070248422, 364403.9996286884], [240096.00070248442, 364405.9996286997], [240098.000702486, 364405.9996286975], [240098.00070248634, 364407.99962869467], [240100.00070248774, 364407.9996287018], [240100.00070248806, 364409.9996286946], [240102.0007024894, 364409.9996286939], [240102.0007024905, 364411.9996287073], [240104.00070249205, 364411.99962870375], [240104.000702492, 364413.99962870585], [240106.00070249368, 364413.9996287023], [240106.00070249362, 364415.999628703], [240108.00070249598, 364415.99962871004], [240108.0007024958, 364417.99962870573], [240110.0007024972, 364417.99962870433], [240110.0007024975, 364419.9996287092], [240112.00070249918, 364419.9996287071], [240112.00070249932, 364421.99962870847], [240114.0007025011, 364421.99962870637], [240114.0007025016, 364423.99962871766], [240116.00070250293, 364423.9996287155], [240116.00070250325, 364427.99962871755], [240118.00070250506, 364427.99962871755], [240118.00070250526, 364429.99962871964], [240120.00070250654, 364429.99962871964], [240120.00070250663, 364431.99962871673], [240122.00070250864, 364431.9996287196], [240122.0007025092, 364433.999628728], [240124.0007025109, 364433.999628728], [240124.0007025102, 364435.99962872156], [240126.0007025121, 364435.99962872156], [240126.00070251233, 364437.99962872505], [240128.00070251373, 364437.99962872505], [240128.0007025139, 364439.99962872575], [240130.00070251626, 364439.99962872715], [240130.00070251685, 364441.99962873704], [240132.000702518, 364441.99962873774], [240132.00070251813, 364443.99962873274], [240134.00070252016, 364443.99962873413], [240134.0007025198, 364445.9996287376], [240136.00070252226, 364445.9996287426], [240136.00070252176, 364447.9996287418], [240138.00070252374, 364447.9996287326], [240138.0007025238, 364451.9996287396], [240140.00070252584, 364451.9996287417], [240140.00070252613, 364453.9996287438], [240142.00070252782, 364453.9996287502], [240142.00070252814, 364455.99962875084], [240144.00070252956, 364455.99962874374], [240144.0007025294, 364457.99962875433], [240146.0007025312, 364457.99962874583], [240146.00070253148, 364459.9996287536], [240148.00070253276, 364459.99962874793], [240148.00070253306, 364461.9996287528], [240150.00070253506, 364461.99962875637], [240150.0007025352, 364463.99962876056], [240152.00070253666, 364463.99962875276], [240152.00070253687, 364465.999628752], [240154.00070253847, 364465.9996287584], [240154.0007025386, 364467.9996287562], [240156.0007025403, 364467.99962876184], [240156.00070254068, 364469.9996287661], [240158.0007025421, 364469.9996287611], [240158.0007025425, 364471.9996287646], [240160.00070254417, 364471.99962875823], [240160.00070254464, 364475.9996287723], [240162.00070254607, 364475.9996287645], [240162.0007025463, 364477.99962877156], [240164.00070254787, 364477.9996287687], [240164.00070254807, 364479.9996287715], [240166.00070254985, 364479.99962876656], [240166.00070254976, 364481.9996287693], [240168.00070255174, 364481.99962877925], [240168.00070255212, 364483.99962877494], [240170.0007025538, 364483.9996287721], [240170.000702554, 364485.9996287812], [240172.00070255576, 364485.99962877773], [240172.0007025558, 364487.9996287812], [240174.00070255777, 364487.9996287791], [240174.00070255768, 364489.9996287797], [240176.00070255902, 364489.9996287776], [240176.00070255896, 364491.99962877895], [240178.00070256105, 364491.9996287882], [240178.00070256137, 364493.9996287853], [240180.0007025626, 364493.99962878245], [240180.00070256376, 364497.9996287916], [240182.00070256536, 364497.9996287923], [240182.00070256478, 364499.9996287908], [240184.0007025666, 364499.99962878943], [240184.0007025668, 364501.9996287872], [240186.00070256862, 364501.9996287879], [240186.00070256914, 364503.99962879496], [240188.00070257063, 364503.99962879426], [240188.00070257098, 364505.99962879845], [240190.00070257246, 364505.99962879845], [240190.0007025728, 364507.99962879985], [240192.00070257447, 364507.99962879985], [240192.0007025746, 364509.9996287991], [240196.0007025774, 364509.99962879764], [240196.00070257785, 364511.99962880753], [240198.00070257956, 364511.9996288061], [240198.00070257942, 364513.9996288025], [240202.00070258317, 364513.9996288004], [240202.0007025836, 364515.999628806], [240204.00070258495, 364515.99962880387], [240204.00070258515, 364517.99962880736], [240208.00070258862, 364517.99962880457], [240208.00070258896, 364519.99962881726], [240210.00070259089, 364519.9996288158], [240210.0007025909, 364521.99962881574], [240214.0007025939, 364521.99962881365], [240214.00070259423, 364523.99962882], [240216.00070259618, 364523.99962881923], [240216.00070259586, 364525.9996288157], [240220.00070259956, 364525.99962882133], [240220.00070259933, 364527.9996288142], [240222.00070260136, 364527.9996288248], [240222.0007026019, 364529.99962882546], [240226.000702605, 364529.9996288212], [240226.00070260494, 364531.9996288219], [240228.00070260634, 364531.99962881906], [240228.0007026071, 364533.99962882965], [240232.00070261053, 364533.99962882325], [240232.00070261053, 364535.99962883315], [240234.00070261233, 364535.9996288289], [240234.00070261236, 364537.9996288352], [240238.00070261615, 364537.99962882814], [240238.000702616, 364539.99962883303], [240240.00070261772, 364539.9996288302], [240240.00070261818, 364541.9996288316], [240244.0007026212, 364541.9996288372], [240244.0007026214, 364543.9996288386], [240246.0007026231, 364543.9996288329], [240246.0007026234, 364545.9996288421], [240250.00070262697, 364545.99962884636], [240250.0007026269, 364547.99962884345], [240252.00070262843, 364547.9996288385], [240252.00070262866, 364549.99962884485], [240256.00070263183, 364549.99962884764], [240256.0007026327, 364551.99962885113], [240258.00070263405, 364551.9996288476], [240258.000702634, 364553.999628849], [240262.00070263745, 364553.9996288504], [240262.000702638, 364555.999628851], [240264.00070263908, 364555.99962884537], [240264.00070263993, 364557.9996288545], [240268.0007026431, 364557.9996288545], [240268.00070264342, 364559.99962885305], [240270.00070264481, 364559.99962885876], [240270.00070264487, 364561.999628853], [240274.0007026484, 364561.99962885445], [240274.00070264877, 364563.99962885724], [240276.00070265078, 364563.9996288615], [240276.00070265084, 364565.9996288657], [240280.00070265413, 364565.99962886213], [240280.00070265413, 364567.9996288642], [240282.00070265602, 364567.9996288699], [240282.00070265567, 364569.99962886696], [240286.0007026588, 364569.99962886557], [240286.00070265925, 364571.9996288627], [240288.00070266097, 364571.9996288669], [240288.00070266152, 364573.99962887395], [240292.0007026649, 364573.9996288697], [240292.0007026647, 364575.99962887465], [240294.0007026666, 364575.99962886964], [240294.00070266667, 364577.99962886964], [240298.00070267043, 364577.99962887814], [240298.0007026705, 364579.9996288788], [240300.00070267156, 364579.9996288724], [240300.00070267238, 364581.9996288823], [240304.0007026755, 364581.9996288766], [240304.00070267505, 364583.9996288737], [240306.00070267703, 364583.99962887936], [240306.00070267767, 364585.9996288836], [240310.00070268023, 364585.9996288786], [240310.0007026809, 364587.99962888355], [240312.00070268268, 364587.9996288885], [240312.00070268294, 364589.99962888844], [240316.00070268603, 364589.9996288835], [240316.00070268652, 364591.9996288955], [240318.00070268786, 364591.9996288863], [240318.00070268876, 364593.9996288954], [240322.00070269173, 364593.9996288905], [240322.00070269188, 364595.99962888827], [240324.00070269362, 364595.9996288918], [240324.00070269336, 364597.999628896], [240328.00070269674, 364597.99962888827], [240328.0007026971, 364599.99962889316], [240330.00070269915, 364599.9996288967], [240330.0007026995, 364601.9996288995], [240334.0007027029, 364601.9996289016], [240334.00070270294, 364603.99962890154], [240336.00070270477, 364603.9996289037], [240336.00070270465, 364605.99962890294], [240340.0007027078, 364605.99962890573], [240340.00070270823, 364607.999628905], [240342.00070270998, 364607.9996289029], [240342.00070271033, 364609.9996289113], [240346.00070271306, 364609.9996289014], [240346.00070271318, 364611.9996289056], [240348.00070271504, 364611.99962890917], [240348.0007027157, 364613.9996289105], [240352.00070271918, 364613.99962891266], [240352.00070271897, 364615.9996289133], [240354.00070272066, 364615.9996289154], [240354.00070272078, 364617.99962891254], [240358.0007027242, 364617.99962891394], [240358.0007027245, 364619.99962892313], [240364.00070272986, 364619.9996289217], [240364.00070272968, 364621.9996289202], [240368.00070273274, 364621.9996289167], [240368.00070273344, 364623.9996289251], [240372.0007027367, 364623.99962891947], [240372.00070273716, 364625.9996289265], [240376.00070274045, 364625.99962892296], [240376.00070274004, 364627.99962892575], [240380.0007027437, 364627.9996289328], [240380.00070274444, 364629.9996289342], [240384.0007027472, 364629.9996289271], [240384.0007027476, 364631.9996289299], [240388.00070275104, 364631.99962893204], [240388.00070275128, 364633.9996289341], [240392.00070275445, 364633.9996289348], [240392.0007027546, 364635.9996289362], [240398.00070276, 364635.9996289291], [240398.0007027601, 364637.99962893897], [240402.00070276324, 364637.99962893897], [240402.00070276362, 364639.99962893606], [240406.00070276664, 364639.99962894525], [240406.0007027673, 364641.9996289417], [240410.0007027701, 364641.99962893745], [240410.0007027703, 364643.99962894444], [240414.0007027743, 364643.99962895084], [240414.0007027738, 364645.99962894514], [240418.00070277724, 364645.9996289494], [240418.00070277762, 364647.9996289543], [240422.00070278076, 364647.9996289458], [240422.00070278096, 364649.99962895067], [240426.0007027847, 364649.9996289528], [240426.00070278443, 364651.99962895346], [240432.0007027899, 364651.99962895416], [240432.00070279022, 364653.99962895556], [240436.00070279324, 364653.99962895626], [240436.0007027931, 364655.9996289555], [240440.00070279717, 364655.9996289548], [240440.0007027969, 364657.99962895544], [240444.0007028004, 364657.99962896184], [240444.00070280067, 364659.99962895963], [240448.00070280465, 364659.99962896603], [240448.00070280442, 364661.9996289653], [240452.00070280788, 364661.9996289702], [240452.00070280815, 364663.9996289666], [240456.0007028117, 364663.99962897017], [240456.00070281178, 364665.99962896586], [240460.00070281472, 364665.999628968], [240460.0007028146, 364667.9996289736], [240466.0007028199, 364667.9996289722], [240466.00070282028, 364669.9996289757], [240470.00070282345, 364669.9996289757], [240470.00070282366, 364671.9996289792], [240474.000702827, 364671.99962897704], [240474.00070282747, 364673.99962897983], [240478.00070283056, 364673.99962897913], [240478.00070283058, 364675.999628977], [240482.0007028345, 364675.9996289762], [240482.00070283478, 364677.9996289882], [240486.00070283812, 364677.99962898256], [240486.0007028375, 364679.9996289804], [240490.00070284173, 364679.99962898606], [240490.00070284153, 364681.9996289846], [240496.0007028472, 364681.99962899095], [240496.00070284682, 364683.9996289881], [240500.00070285038, 364683.99962899165], [240500.00070285026, 364685.99962898804], [240504.000702854, 364685.99962898664], [240504.000702854, 364687.9996289951], [240508.00070285733, 364687.9996289951], [240508.0007028576, 364689.99962899997], [240512.00070286114, 364689.99962899927], [240512.00070286088, 364691.99962899], [240516.00070286484, 364691.99962900206], [240516.0007028645, 364693.99962900486], [240520.00070286792, 364693.9996290006], [240520.00070286795, 364695.99962900335], [240524.00070287174, 364695.9996289984], [240524.00070287188, 364697.9996290005], [240530.00070287683, 364697.9996290019], [240530.0007028768, 364699.9996290033], [240534.00070288047, 364699.99962900684], [240534.00070288076, 364701.9996290068], [240538.00070288405, 364701.999629011], [240538.00070288402, 364703.9996290081], [240542.0007028875, 364703.9996290096], [240542.000702888, 364705.99962901656], [240546.00070289083, 364705.99962900666], [240546.00070289106, 364707.9996290165], [240550.0007028946, 364707.9996290144], [240550.00070289514, 364709.99962902145], [240554.00070289816, 364709.9996290193], [240554.00070289822, 364711.99962902634], [240558.00070290227, 364711.9996290235], [240558.0007029021, 364713.999629027], [240564.00070290678, 364713.9996290256], [240564.0007029076, 364715.99962903047], [240568.0007029108, 364715.9996290248], [240568.00070291106, 364717.9996290297], [240572.00070291417, 364717.99962903257], [240572.0007029148, 364719.99962903396], [240576.00070291784, 364719.99962902826], [240576.0007029181, 364721.9996290282], [240580.00070292118, 364721.99962902965], [240580.0007029211, 364723.9996290296], [240584.0007029252, 364723.9996290324], [240584.000702925, 364725.99962904013], [240588.00070292872, 364725.9996290423], [240588.00070292846, 364727.9996290394], [240592.00070293187, 364727.9996290387], [240592.00070293184, 364729.9996290372], [240598.00070293734, 364729.99962904287], [240598.00070293748, 364731.99962904], [240602.00070294115, 364731.9996290485], [240602.00070294098, 364733.9996290435], [240606.00070294438, 364733.99962904985], [240606.0007029442, 364735.99962904415], [240610.00070294813, 364735.99962905055], [240610.00070294802, 364737.99962905474], [240614.0007029519, 364737.9996290498], [240614.00070295198, 364739.99962905113], [240618.0007029552, 364739.9996290554], [240618.0007029554, 364741.9996290568], [240622.00070295876, 364741.999629049], [240622.00070295905, 364743.99962906167], [240628.00070296417, 364743.9996290581], [240628.00070296446, 364745.99962905806], [240632.00070296726, 364745.99962905876], [240632.0007029676, 364747.99962905946], [240636.0007029708, 364747.99962905876], [240636.0007029712, 364749.9996290679], [240640.00070297482, 364749.99962906574], [240640.00070297488, 364751.9996290629], [240644.00070297834, 364751.9996290615], [240644.0007029784, 364753.9996290685], [240648.00070298152, 364753.999629065], [240648.00070298184, 364755.999629072], [240652.00070298542, 364755.9996290663], [240652.00070298577, 364757.9996290719], [240654.00070298757, 364757.99962907477], [240654.00070298713, 364759.9996290669], [240656.00070298908, 364759.99962907046], [240656.00070298943, 364761.99962907255], [240658.00070299095, 364761.9996290768], [240658.0007029907, 364763.99962907465], [240662.00070299418, 364763.9996290725], [240662.00070299453, 364765.99962908024], [240664.00070299578, 364765.9996290746], [240664.00070299648, 364767.9996290809], [240666.00070299837, 364767.9996290851], [240666.0007029985, 364769.9996290872], [240668.00070299968, 364769.9996290809], [240668.00070300009, 364771.99962908437], [240672.00070300352, 364771.9996290836], [240672.00070300337, 364773.9996290836], [240674.00070300567, 364773.99962908996], [240674.00070300576, 364775.9996290878], [240676.00070300756, 364775.99962909205], [240676.00070300722, 364777.99962908705], [240678.0007030088, 364777.9996290948], [240678.00070300951, 364779.9996290983], [240682.00070301298, 364779.99962910044], [240682.00070301295, 364781.9996290919], [240684.00070301455, 364781.9996290961], [240684.00070301443, 364783.9996290982], [240686.0007030164, 364783.9996291032], [240686.00070301644, 364785.9996291017], [240688.00070301828, 364785.99962909886], [240688.00070301883, 364787.999629108], [240692.00070302183, 364787.9996290981], [240692.000703022, 364789.99962910445], [240694.0007030233, 364789.9996291002], [240694.00070302354, 364791.9996291051], [240696.0007030255, 364791.9996291136], [240696.00070302602, 364793.99962911283], [240698.00070302712, 364793.9996291093], [240698.0007030277, 364795.9996291099], [240702.00070303123, 364795.9996291135], [240702.0007030314, 364797.999629112], [240704.00070303306, 364797.9996291205], [240704.00070303335, 364799.9996291162], [240706.0007030349, 364799.99962911196], [240706.00070303513, 364801.9996291183], [240708.00070303623, 364801.99962911615], [240708.0007030366, 364803.99962911895], [240712.0007030401, 364803.9996291239], [240712.00070304013, 364805.99962911464], [240714.0007030419, 364805.9996291246], [240714.0007030419, 364807.9996291231], [240716.00070304357, 364807.9996291231], [240716.0007030441, 364809.999629128], [240718.00070304587, 364809.999629128], [240718.00070304575, 364811.9996291322], [240722.000703049, 364811.99962913006], [240722.00070304915, 364813.9996291364], [240724.00070305125, 364813.99962913356], [240724.00070305148, 364815.99962913495], [240726.00070305305, 364815.99962913495], [240726.00070305294, 364817.9996291363], [240728.00070305477, 364817.9996291356], [240728.00070305465, 364819.9996291299], [240732.00070305789, 364819.99962913204], [240732.00070305847, 364821.9996291383], [240734.0007030605, 364821.999629139], [240734.00070306033, 364823.9996291418], [240736.00070306202, 364823.9996291418], [240736.0007030627, 364825.999629146], [240738.0007030639, 364825.99962914817], [240738.0007030641, 364827.9996291474], [240742.00070306743, 364827.9996291495], [240742.00070306772, 364829.99962914735], [240744.00070306973, 364829.9996291502], [240744.0007030696, 364831.9996291466], [240746.00070307127, 364831.99962915014], [240746.00070307156, 364833.99962915503], [240750.00070307465, 364833.99962914654], [240750.00070307514, 364835.99962914933], [240752.00070307698, 364835.9996291507], [240752.00070307683, 364837.9996291535], [240754.00070307887, 364837.9996291564], [240754.00070307893, 364839.9996291556], [240756.00070308062, 364839.99962915987], [240756.00070308073, 364841.99962915626], [240760.00070308437, 364841.9996291612], [240760.0007030838, 364843.99962915905], [240762.00070308565, 364843.99962916115], [240762.00070308638, 364845.9996291661], [240764.0007030875, 364845.999629159], [240764.00070308772, 364847.9996291625], [240766.0007030894, 364847.99962916673], [240766.0007030898, 364849.9996291667], [240770.00070309348, 364849.9996291738], [240770.0007030932, 364851.9996291744], [240772.00070309473, 364851.9996291673], [240772.0007030948, 364853.99962917366], [240774.00070309665, 364853.9996291694], [240774.0007030969, 364855.9996291729], [240776.0007030987, 364855.99962917855], [240776.0007030988, 364857.99962917145], [240780.00070310244, 364857.99962918134], [240780.00070310218, 364859.9996291728], [240782.00070310396, 364859.99962917704], [240782.00070310448, 364861.99962917913], [240784.00070310614, 364861.9996291848], [240784.0007031062, 364863.9996291833], [240786.0007031077, 364863.9996291762], [240786.00070310824, 364865.99962918396], [240790.0007031118, 364865.9996291854], [240790.00070311164, 364867.999629191], [240792.00070311324, 364867.99962918536], [240792.00070311336, 364869.99962918885], [240794.0007031152, 364869.9996291853], [240794.00070311525, 364871.9996291867], [240796.00070311708, 364871.9996291952], [240796.00070311743, 364873.9996291937], [240800.00070312098, 364873.99962919584], [240800.00070312058, 364875.9996291958], [240802.0007031221, 364875.99962919083], [240802.000703123, 364877.9996291964], [240804.00070312418, 364877.9996291936], [240804.00070312447, 364879.9996291999], [240806.00070312596, 364879.99962919496], [240806.0007031262, 364881.99962919776], [240810.00070312998, 364881.99962920486], [240810.00070313024, 364883.9996292041], [240812.00070313134, 364883.99962920125], [240812.0007031316, 364885.9996291991], [240814.00070313338, 364885.9996292104], [240814.00070313382, 364887.99962920684], [240816.00070313542, 364887.999629204], [240816.0007031357, 364889.9996292089], [240820.00070313844, 364889.9996292075], [240820.00070313865, 364891.999629211], [240822.0007031405, 364891.9996292088], [240822.00070314083, 364893.999629213], [240824.00070314237, 364893.9996292116], [240824.000703143, 364895.9996292236], [240826.00070314438, 364895.99962920946], [240826.00070314456, 364897.9996292193], [240830.00070314814, 364897.9996292186], [240830.0007031479, 364899.9996292143], [240832.00070314985, 364899.9996292143], [240832.00070315014, 364901.99962921924], [240834.0007031515, 364901.99962922133], [240834.00070315207, 364903.9996292248], [240836.00070315372, 364903.99962922273], [240836.00070315352, 364905.99962922547], [240840.00070315725, 364905.9996292283], [240840.00070315698, 364907.99962922756], [240842.00070315893, 364907.99962922756], [240842.00070315896, 364909.9996292353], [240844.00070316088, 364909.9996292261], [240844.00070316117, 364911.99962923315], [240846.00070316292, 364911.99962923524], [240846.0007031632, 364913.99962923804], [240850.0007031661, 364913.9996292331], [240850.0007031662, 364915.99962923443], [240852.00070316836, 364915.999629238], [240852.00070316793, 364917.9996292386], [240854.0007031704, 364917.9996292415], [240854.00070316996, 364919.9996292386], [240856.00070317197, 364919.99962924287], [240856.0007031717, 364921.99962923926], [240860.00070317573, 364921.99962924706], [240860.0007031755, 364923.99962924205], [240862.00070317715, 364923.9996292456], [240862.0007031778, 364925.99962924904], [240864.00070317948, 364925.9996292519], [240864.00070317925, 364927.99962924334], [240866.0007031808, 364927.9996292476], [240866.0007031809, 364929.9996292475], [240870.0007031846, 364929.9996292582], [240870.0007031847, 364931.99962925527], [240872.00070318647, 364931.9996292496], [240872.0007031864, 364933.99962925666], [240874.00070318786, 364933.999629251], [240874.00070318865, 364935.9996292552], [240876.00070318996, 364935.99962926155], [240876.00070319066, 364937.99962926295], [240880.00070319357, 364937.99962925445], [240880.00070319392, 364939.999629265], [240882.0007031953, 364939.9996292636], [240882.0007031959, 364941.99962926214], [240884.0007031977, 364941.9996292678], [240884.00070319787, 364943.99962926493], [240888.00070320084, 364943.9996292684], [240888.00070320148, 364945.9996292627], [240890.00070320294, 364945.9996292712], [240890.00070320285, 364947.9996292662], [240892.0007032046, 364947.999629274], [240892.0007032051, 364949.9996292754], [240894.00070320672, 364949.99962927395], [240894.0007032064, 364951.9996292732], [240898.00070321045, 364951.9996292796], [240898.00070321048, 364953.99962927814], [240900.00070321173, 364953.9996292739], [240900.00070321202, 364955.9996292717], [240902.00070321403, 364955.9996292802], [240902.00070321362, 364957.9996292759], [240904.00070321583, 364957.9996292851], [240904.00070321548, 364959.99962927727], [240908.00070321935, 364959.9996292759], [240908.0007032195, 364961.9996292864], [240910.00070322154, 364961.9996292878], [240910.00070322165, 364963.9996292878], [240912.0007032232, 364963.9996292885], [240912.00070322322, 364965.9996292856], [240914.00070322503, 364965.9996292849], [240914.00070322526, 364967.99962929124], [240918.00070322864, 364967.99962929334], [240918.00070322878, 364969.9996292968], [240920.00070322998, 364969.99962928763], [240920.00070323024, 364971.9996292911], [240922.0007032318, 364971.9996292918], [240922.0007032321, 364973.9996292925], [240924.00070323396, 364973.9996292953], [240924.0007032342, 364975.99962930375], [240928.00070323714, 364975.9996292967], [240928.00070323728, 364977.9996292945], [240930.0007032389, 364977.99962929735], [240930.00070323935, 364979.9996293037], [240932.00070324127, 364979.9996293072], [240932.0007032413, 364981.9996292994], [240934.00070324275, 364981.99962930294], [240934.00070324322, 364983.9996293043], [240938.00070324712, 364983.9996293121], [240938.0007032468, 364985.9996293134], [240940.0007032488, 364985.9996293057], [240940.0007032488, 364987.9996293148], [240942.00070325017, 364987.9996293077], [240942.00070325026, 364989.99962931406], [240944.00070325218, 364989.9996293084], [240944.00070325227, 364991.9996293133], [240948.00070325585, 364991.9996293133], [240948.00070325565, 364993.9996293168], [240950.0007032576, 364993.99962932104], [240950.00070325812, 364995.99962932453], [240952.00070325975, 364995.99962931883], [240952.0007032595, 364997.99962931883], [240954.0007032612, 364997.9996293252], [240954.00070326167, 364999.99962932087], [240958.00070326496, 364999.9996293251], [240958.0007032647, 365001.99962932157], [240964.0007032699, 365001.9996293272], [240964.0007032702, 365003.9996293243], [240974.00070327905, 365003.99962932576], [240974.00070327963, 365005.9996293363], [240984.00070328728, 365005.9996293342], [240984.0007032883, 365007.9996293391], [240994.00070329595, 365007.99962933554], [240994.00070329657, 365009.99962933053], [241004.00070330495, 365009.9996293405], [241004.00070330471, 365011.9996293362], [241016.00070331502, 365011.9996293397], [241016.0007033154, 365013.99962934037], [241026.0007033239, 365013.99962934246], [241026.00070332433, 365015.9996293502], [241036.00070333242, 365015.9996293389], [241036.00070333286, 365017.9996293502], [241046.0007033411, 365017.99962934945], [241046.00070334115, 365019.99962935084], [241056.00070335018, 365019.99962935224], [241056.0007033502, 365021.99962935643], [241066.0007033587, 365021.99962935434], [241066.0007033587, 365023.9996293614], [241076.00070336717, 365023.9996293522], [241076.00070336764, 365025.99962935987], [241088.0007033775, 365025.9996293557], [241088.0007033774, 365027.99962936196], [241098.0007033864, 365027.9996293669], [241098.00070338597, 365029.99962936336], [241108.00070339482, 365029.99962936685], [241108.00070339494, 365031.9996293661], [241118.00070340314, 365031.99962936895], [241118.0007034039, 365033.99962937244], [241128.00070341225, 365033.999629376], [241128.00070341257, 365035.9996293703], [241138.00070342098, 365035.9996293731], [241138.00070342052, 365037.9996293702], [241148.0007034294, 365037.9996293745], [241148.00070342934, 365039.9996293723], [241160.0007034402, 365039.99962937937], [241160.0007034395, 365041.99962937506], [241170.00070344878, 365041.99962938356], [241170.0007034488, 365043.9996293821], [241180.00070345693, 365043.9996293807], [241180.0007034573, 365045.99962937995], [241190.00070346607, 365045.99962938915], [241190.00070346595, 365047.99962938274], [241200.00070347483, 365047.99962939124], [241200.00070347456, 365049.99962938833], [241210.00070348312, 365049.9996293968], [241210.00070348338, 365051.99962939677], [241220.00070349177, 365051.9996293925], [241220.00070349168, 365053.99962939747], [241232.00070350227, 365053.9996294024], [241232.0007035021, 365055.9996293988], [241242.00070351065, 365055.99962940306], [241242.00070351092, 365057.9996294037], [241252.00070351944, 365057.99962939875], [241252.0007035195, 365059.99962940085], [241262.0007035283, 365059.9996294044], [241262.00070352785, 365061.9996294008], [241272.00070353693, 365061.99962940434], [241272.00070353676, 365063.9996294029], [241282.00070354567, 365063.9996294085], [241282.0007035459, 365065.9996294141], [241292.00070355384, 365065.9996294156], [241292.00070355416, 365067.99962941126], [241304.0007035645, 365067.99962941837], [241304.0007035644, 365069.9996294197], [241314.00070357302, 365069.9996294211], [241314.0007035732, 365071.9996294246], [241324.0007035821, 365071.99962942605], [241324.00070358152, 365073.9996294203], [241334.0007035905, 365073.99962942244], [241334.00070359037, 365075.9996294238], [241344.00070359913, 365075.9996294238], [241344.0007035993, 365077.9996294294], [241354.0007036077, 365077.9996294287], [241354.00070360833, 365079.99962943717], [241364.00070361627, 365079.9996294273], [241364.00070361645, 365081.99962943926], [241376.00070362684, 365081.9996294371], [241376.00070362675, 365083.99962944415], [241386.00070363545, 365083.99962944275], [241386.00070363533, 365085.99962943915], [241396.00070364415, 365085.99962943984], [241396.00070364415, 365087.9996294391], [241406.00070365262, 365087.9996294398], [241406.00070365221, 365089.9996294447], [241416.0007036612, 365089.999629444], [241416.00070366188, 365091.9996294524], [241426.00070366994, 365091.9996294524], [241426.00070367035, 365093.99962945166], [241436.00070367914, 365093.9996294545], [241436.00070367884, 365095.99962944665], [242018.00070417317, 365095.9996294991], [242018.0007041726, 365093.99962950265], [242040.00070419148, 365093.9996294984], [242040.00070419122, 365091.9996295027], [242064.00070421194, 365091.9996295041], [242064.0007042117, 365089.99962949636], [242086.0007042302, 365089.99962950416], [242086.00070422943, 365087.9996294964], [242110.00070425065, 365087.9996295021], [242110.00070425, 365085.9996295036], [242132.0007042687, 365085.99962950003], [242132.0007042687, 365083.9996295015], [242156.00070428898, 365083.9996294994], [242156.00070428883, 365081.99962949945], [242180.000704309, 365081.9996294987], [242180.00070430926, 365079.9996295009], [242202.00070432818, 365079.99962950865], [242202.0007043276, 365077.9996294967], [242226.00070434794, 365077.9996294988], [242226.00070434788, 365075.99962949817], [242248.00070436648, 365075.9996295045], [242248.00070436674, 365073.9996295046], [242272.00070438636, 365073.9996294982], [242272.00070438668, 365071.9996295075], [242296.00070440694, 365071.9996294997], [242296.0007044065, 365069.999629499], [242318.00070442565, 365069.999629504], [242318.0007044253, 365067.9996295005], [242342.00070444588, 365067.99962950824], [242342.00070444585, 365065.9996295005], [242364.00070446447, 365065.999629509], [242364.00070446378, 365063.9996295027], [242388.00070448403, 365063.999629502], [242388.00070448406, 365061.99962950486], [242410.0007045029, 365061.99962949776], [242410.00070450298, 365059.99962950277], [242434.000704523, 365059.99962950207], [242434.0007045227, 365057.99962950073], [242458.00070454323, 365057.9996295028], [242458.00070454317, 365055.9996295008], [242480.00070456156, 365055.99962950643], [242480.00070456156, 365053.99962950364], [242504.00070458182, 365053.9996295072], [242504.00070458208, 365051.9996295023], [242526.00070460033, 365051.9996295051], [242526.00070460053, 365049.9996294995], [242550.0007046209, 365049.99962950376], [242550.0007046205, 365047.99962950737], [242574.00070464064, 365047.99962950166], [242574.00070464105, 365045.9996295031], [242596.00070465961, 365045.9996295039], [242596.00070465947, 365043.9996295067], [242620.00070467964, 365043.9996294996], [242620.00070467955, 365041.9996294976], [242630.00070468764, 365041.99962949543], [242630.0007046884, 365043.9996295089], [242636.00070469308, 365043.999629506], [242636.0007046936, 365045.9996295088], [242644.00070469998, 365045.9996295081], [242644.00070470027, 365047.999629513], [242652.0007047067, 365047.99962950737], [242652.00070470758, 365049.9996295186], [242660.00070471418, 365049.9996295094], [242660.0007047143, 365051.9996295108], [242668.00070472134, 365051.9996295207], [242668.00070472102, 365053.99962951354], [242676.00070472763, 365053.99962951994], [242676.0007047285, 365055.9996295185], [242684.00070473467, 365055.9996295199], [242684.00070473514, 365057.9996295227], [242690.00070474015, 365057.9996295262], [242690.00070474047, 365059.99962952826], [242698.00070474707, 365059.99962952617], [242698.00070474713, 365061.9996295325], [242706.00070475368, 365061.9996295247], [242706.00070475377, 365063.99962952395], [242714.00070476055, 365063.9996295282], [242714.00070476107, 365065.99962952884], [242722.00070476817, 365065.99962953874], [242722.000704768, 365067.99962953443], [242730.0007047751, 365067.9996295373], [242730.00070477536, 365069.9996295365], [242738.0007047816, 365069.9996295379], [242738.0007047816, 365071.9996295407], [242744.0007047869, 365071.99962953717], [242744.00070478744, 365073.9996295414], [242752.00070479413, 365073.99962953856], [242752.00070479373, 365071.9996295393], [242760.00070480042, 365071.9996295407], [242760.00070480074, 365069.9996295401], [242770.0007048091, 365069.99962953513], [242770.00070480883, 365067.99962953443], [242778.0007048158, 365067.99962954083], [242778.00070481555, 365065.99962953804], [242788.000704824, 365065.999629543], [242788.00070482396, 365063.9996295381], [242796.0007048305, 365063.9996295402], [242796.00070483057, 365061.999629536], [242806.00070483892, 365061.99962953746], [242806.0007048385, 365059.99962953327], [242816.00070484733, 365059.9996295382], [242816.00070484713, 365057.99962953187], [242824.0007048538, 365057.999629539], [242824.00070485368, 365055.99962953123], [242834.0007048622, 365055.9996295355], [242834.00070486154, 365053.9996295249], [242842.00070486843, 365053.99962952913], [242842.00070486875, 365051.9996295313], [242852.00070487714, 365051.9996295306], [242852.00070487696, 365049.99962953205], [242860.0007048836, 365049.99962952855], [242860.00070488348, 365047.9996295293], [242870.00070489204, 365047.9996295321], [242870.0007048916, 365045.99962952157], [242878.0007048987, 365045.99962952366], [242878.00070489862, 365043.99962952157], [242888.00070490694, 365043.9996295223], [242888.0007049063, 365041.9996295209], [242898.00070491497, 365041.9996295266], [242898.00070491518, 365039.9996295217], [242906.00070492164, 365039.999629521], [242906.00070492222, 365037.9996295267], [242916.0007049302, 365037.9996295175], [242916.00070493008, 365035.9996295232], [242924.00070493706, 365035.99962952605], [242924.00070493665, 365033.9996295197], [242928.0007049397, 365033.9996295176], [242930.00070494195, 365033.99962952116], [242932.00070494364, 365033.9996295254], [242932.00070494303, 365031.99962952116], [242934.0007049448, 365031.99962952046], [242934.00070494457, 365027.99962951633], [242936.00070494603, 365027.9996295128], [242936.0007049465, 365025.9996295157], [242938.00070494742, 365025.9996295072], [242938.0007049474, 365021.99962950725], [242940.00070494923, 365021.9996295087], [242940.00070494894, 365017.99962950026], [242942.0007049509, 365017.99962950806], [242942.00070495074, 365015.9996295095], [242944.0007049519, 365015.9996295039], [242944.00070495164, 365011.99962949904], [242946.0007049535, 365011.99962949904], [242946.00070495327, 365009.99962949625], [242948.00070495505, 365009.99962950475], [242948.00070495455, 365005.9996294949], [242950.00070495688, 365005.99962949846], [242950.0007049566, 365003.9996294921], [242952.00070495816, 365003.99962949357], [242952.0007049578, 364999.9996294866], [242954.00070495953, 364999.9996294958], [242954.00070495924, 364995.99962949305], [242956.0007049605, 364995.9996294874], [242956.00070496078, 364993.99962948955], [242958.0007049619, 364993.9996294775], [242958.00070496177, 364989.9996294812], [242960.00070496328, 364989.9996294776], [242960.00070496325, 364987.9996294755], [242962.00070496535, 364987.9996294833], [242962.00070496477, 364983.99962947634], [242964.00070496646, 364983.99962947564], [242964.00070496651, 364979.999629475], [242966.00070496785, 364979.9996294729], [242966.00070496745, 364977.999629468], [242968.0007049696, 364977.99962947436], [242968.00070496922, 364973.9996294653], [242970.00070497108, 364973.9996294667], [242970.00070497085, 364971.999629471], [242972.00070497213, 364971.99962946953], [242972.0007049716, 364967.9996294633], [242974.00070497335, 364967.9996294569], [242974.0007049736, 364965.9996294612], [242976.00070497513, 364965.9996294619], [242976.00070497536, 364961.99962945917], [242978.00070497658, 364961.9996294571], [242978.00070497647, 364957.9996294494], [242980.0007049778, 364957.99962945434], [242980.00070497816, 364955.99962945224], [242982.00070497976, 364955.9996294551], [242982.00070497944, 364951.99962945166], [242984.00070498072, 364951.9996294474], [242984.0007049808, 364949.9996294439], [242986.0007049825, 364949.99962944956], [242986.00070498209, 364945.99962943903], [242988.0007049841, 364945.9996294405], [242988.00070498354, 364943.99962944194], [242990.00070498526, 364943.99962944194], [242990.00070498517, 364939.99962943495], [242992.00070498677, 364939.9996294406], [242992.00070498654, 364935.99962943787], [242994.000704988, 364935.99962943787], [242994.0007049879, 364933.9996294273], [242996.0007049895, 364933.9996294252], [242996.0007049891, 364929.9996294267], [242998.0007049909, 364929.99962943094], [242998.00070499082, 364927.9996294303], [243000.00070499236, 364927.9996294211], [243000.00070499245, 364923.999629424], [243002.00070499402, 364923.99962942186], [243002.00070499355, 364921.99962941697], [243004.0007049958, 364921.9996294234], [243004.00070499527, 364917.99962942064], [243006.00070499704, 364917.99962942203], [243006.00070499667, 364913.99962941365], [243008.00070499856, 364913.99962942], [243008.00070499827, 364911.9996294151], [243010.00070499995, 364911.9996294087], [243010.00070499978, 364907.99962941447], [243012.00070500147, 364907.99962941447], [243012.00070500092, 364905.9996294046], [243014.00070500208, 364905.9996294053], [243014.00070500188, 364901.9996294019], [243016.00070500388, 364901.99962940684], [243016.00070500319, 364897.9996293956], [243018.00070500548, 364897.99962939846], [243018.0007050052, 364895.99962939497], [243020.000705007, 364895.99962939427], [243020.00070500697, 364891.9996293986], [243022.00070500802, 364891.9996293943], [243022.00070500787, 364889.99962938734], [243024.00070501002, 364889.99962939083], [243024.00070500918, 364885.9996293874], [243026.00070501104, 364885.9996293867], [243026.00070501104, 364883.99962938746], [243028.0007050129, 364883.9996293825], [243028.00070501247, 364879.9996293869], [243030.00070501442, 364879.9996293883], [243030.00070501358, 364875.999629382], [243032.00070501512, 364875.9996293806], [243032.0007050151, 364873.99962938065], [243034.00070501692, 364873.99962937355], [243034.00070501692, 364869.99962937366], [243036.0007050187, 364869.99962937576], [243036.0007050182, 364867.99962937227], [243038.00070502027, 364867.99962937227], [243038.00070501975, 364863.9996293724], [243040.00070502158, 364863.999629366], [243040.00070502097, 364861.99962937244], [243042.00070502303, 364861.99962937523], [243042.00070502263, 364857.999629369], [243044.0007050245, 364857.9996293683], [243044.00070502382, 364853.99962936627], [243046.0007050253, 364853.99962935917], [243046.00070502528, 364851.9996293642], [243048.00070502688, 364851.999629355], [243048.0007050269, 364847.9996293565], [243052.0007050298, 364847.99962935224], [243052.0007050302, 364845.99962934945], [243054.00070503168, 364845.9996293551], [243054.00070503145, 364843.99962934526], [243056.0007050332, 364843.9996293481], [243056.00070503337, 364841.99962934887], [243058.0007050344, 364841.999629346], [243058.00070503485, 364839.9996293496], [243060.00070503636, 364839.99962934747], [243060.0007050361, 364837.9996293447], [243062.00070503805, 364837.9996293497], [243062.0007050378, 364835.99962934334], [243064.00070503933, 364835.9996293462], [243064.0007050394, 364833.9996293448], [243066.00070504105, 364833.9996293434], [243066.0007050405, 364831.99962933635], [243068.0007050427, 364831.99962934625], [243068.0007050426, 364829.9996293456], [243070.00070504376, 364829.9996293385], [243070.00070504405, 364827.9996293435], [243072.00070504582, 364827.99962934566], [243072.00070504533, 364825.99962934287], [243074.00070504696, 364825.9996293344], [243074.00070504684, 364823.9996293365], [243076.00070504835, 364823.9996293351], [243076.00070504812, 364821.99962933303], [243080.000705052, 364821.9996293359], [243080.00070505167, 364819.99962933664], [243082.00070505354, 364819.999629331], [243082.0007050535, 364817.9996293353], [243084.00070505496, 364817.99962932605], [243084.0007050549, 364815.99962932896], [243086.00070505615, 364815.9996293254], [243086.00070505607, 364813.9996293212], [243088.000705058, 364813.99962932756], [243088.00070505822, 364811.9996293298], [243090.00070505933, 364811.99962932407], [243090.0007050595, 364809.9996293178], [243092.0007050609, 364809.9996293199], [243092.00070506072, 364807.99962932133], [243094.00070506256, 364807.99962932133], [243094.00070506247, 364805.99962931505], [243096.000705064, 364805.99962932424], [243096.0007050639, 364803.99962931155], [243098.00070506555, 364803.99962931866], [243098.00070506518, 364801.99962931516], [243100.00070506704, 364801.99962931516], [243100.000705067, 364799.9996293173], [243102.000705069, 364799.9996293173], [243102.0007050682, 364797.9996293124], [243104.0007050703, 364797.9996293074], [243104.0007050699, 364795.99962930963], [243108.00070507312, 364795.99962931033], [243108.00070507373, 364793.9996293118], [243110.00070507542, 364793.99962931464], [243110.0007050749, 364791.99962930195], [243112.00070507647, 364791.9996293147], [243112.00070507627, 364789.99962930696], [243116.00070508008, 364789.9996293112], [243116.00070507967, 364787.99962930696], [243122.0007050846, 364787.99962930696], [243122.00070508476, 364785.999629307], [243128.0007050896, 364785.9996293056], [243128.00070508968, 364783.9996293071], [243132.00070509297, 364783.9996293071], [243132.0007050926, 364781.9996293015], [243138.00070509745, 364781.99962930003], [243138.000705098, 364779.9996293058], [243142.00070510063, 364779.99962930504], [243142.0007051006, 364777.99962930015], [243148.0007051058, 364777.99962929945], [243148.00070510563, 364775.9996293002], [243152.0007051091, 364775.9996292938], [243152.00070510947, 364773.9996292981], [243158.0007051144, 364773.999629296], [243158.00070511398, 364771.9996292883], [243164.00070511928, 364771.9996292953], [243164.00070511887, 364769.9996292911], [243168.00070512266, 364769.9996292968], [243168.00070512196, 364767.99962929473], [243174.00070512717, 364767.9996292905], [243174.0007051273, 364765.99962929264], [243178.00070513037, 364765.99962929264], [243178.00070513046, 364763.99962928565], [243184.0007051352, 364763.9996292913], [243184.00070513526, 364761.9996292871], [243188.00070513852, 364761.9996292814], [243188.00070513808, 364759.99962928216], [243194.00070514347, 364759.9996292857], [243194.00070514303, 364757.9996292879], [243200.0007051482, 364757.9996292801], [243200.00070514824, 364755.9996292816], [243206.00070515313, 364755.999629283], [243206.00070515324, 364753.9996292767], [243212.00070515843, 364753.9996292767], [243212.00070515813, 364751.9996292831], [243218.00070516334, 364751.9996292824], [243218.00070516323, 364749.99962927744], [243224.00070516797, 364749.99962927605], [243224.00070516812, 364747.999629286], [243230.00070517298, 364747.99962928036], [243230.00070517318, 364745.999629279], [243236.00070517763, 364745.99962927477], [243236.00070517766, 364743.99962927477], [243242.00070518302, 364743.99962928117], [243242.0007051823, 364741.99962927203], [243248.00070518776, 364741.9996292755], [243248.00070518776, 364739.9996292671], [243254.00070519274, 364739.99962926924], [243254.00070519294, 364737.99962927354], [243260.00070519772, 364737.99962927564], [243260.00070519728, 364735.99962927145], [243266.0007052029, 364735.9996292693], [243266.0007052024, 364733.9996292658], [243272.00070520712, 364733.9996292637], [243272.0007052077, 364731.9996292623], [243276.00070521046, 364731.99962926656], [243276.00070521035, 364729.9996292589], [243280.0007052143, 364729.9996292681], [243280.00070521384, 364727.9996292631], [243284.00070521713, 364727.9996292653], [243284.0007052169, 364725.9996292639], [243288.00070522018, 364725.99962925824], [243288.00070522047, 364723.99962926115], [243292.0007052236, 364723.99962926115], [243292.00070522298, 364721.9996292548], [243296.00070522708, 364721.99962925905], [243296.000705227, 364719.99962925765], [243300.00070522988, 364719.99962925556], [243300.00070522993, 364717.999629257], [243304.00070523325, 364717.9996292577], [243304.00070523281, 364715.99962924997], [243308.00070523645, 364715.9996292557], [243308.00070523625, 364713.9996292536], [243312.00070523992, 364713.9996292514], [243312.00070523945, 364711.99962925434], [243316.00070524297, 364711.99962925503], [243316.00070524297, 364709.9996292487], [243320.0007052463, 364709.9996292558], [243320.000705246, 364707.9996292523], [243324.00070524943, 364707.9996292502], [243324.00070524905, 364705.99962924176], [243328.0007052528, 364705.99962924456], [243328.00070525243, 364703.99962924817], [243332.0007052557, 364703.9996292439], [243332.0007052559, 364701.9996292411], [243336.00070525912, 364701.9996292418], [243336.0007052589, 364699.9996292426], [243340.00070526212, 364699.99962923554], [243340.00070526236, 364697.99962924054], [243344.00070526538, 364697.9996292377], [243344.00070526567, 364695.9996292434], [243348.00070526887, 364695.9996292363], [243348.00070526847, 364693.9996292328], [243352.00070527187, 364693.9996292406], [243352.00070527152, 364691.99962923076], [243356.00070527534, 364691.99962924205], [243356.00070527522, 364689.99962923717], [243360.0007052786, 364689.9996292393], [243360.00070527868, 364687.9996292393], [243364.00070528136, 364687.9996292344], [243364.0007052815, 364685.99962922593], [243368.00070528474, 364685.99962922663], [243368.00070528476, 364683.99962923164], [243372.00070528858, 364683.9996292359], [243372.00070528814, 364681.9996292218], [243376.0007052918, 364681.9996292303], [243376.00070529094, 364679.9996292197], [243380.00070529422, 364679.99962922256], [243380.0007052946, 364677.99962922686], [243388.0007053011, 364677.9996292247], [243388.0007053014, 364675.9996292283], [243396.00070530825, 364675.9996292269], [243396.00070530796, 364673.9996292213], [243402.00070531253, 364673.9996292241], [243402.00070531244, 364671.99962921994], [243410.00070531984, 364671.9996292256], [243410.00070531943, 364669.99962922], [243418.00070532635, 364669.99962921644], [243418.0007053262, 364667.99962922075], [243424.00070533055, 364667.99962921505], [243424.00070533078, 364665.9996292215], [243432.00070533788, 364665.9996292144], [243432.0007053376, 364663.999629218], [243440.00070534417, 364663.99962921377], [243440.00070534457, 364661.999629218], [243446.00070534938, 364661.99962921307], [243446.0007053489, 364659.9996292096], [243454.00070535572, 364659.9996292124], [243454.000705356, 364657.99962921813], [243462.00070536253, 364657.99962920893], [243462.0007053626, 364655.99962921464], [243468.00070536693, 364655.9996292111], [243468.0007053669, 364653.9996292062], [243476.00070537394, 364653.9996292055], [243476.00070537406, 364651.9996292119], [243480.00070537688, 364651.999629202], [243480.00070537717, 364649.99962920987], [243482.00070537894, 364649.99962921056], [243482.00070537877, 364647.99962920067], [243484.00070538043, 364647.99962920847], [243484.00070538008, 364645.9996292043], [243486.0007053818, 364645.99962919863], [243486.00070538156, 364643.9996292008], [243488.00070538343, 364643.9996292015], [243488.0007053829, 364641.9996291994], [243490.0007053849, 364641.9996291966], [243490.0007053847, 364637.99962919526], [243492.00070538663, 364637.99962920166], [243492.0007053858, 364635.9996291946], [243494.00070538808, 364635.9996291967], [243494.0007053879, 364633.9996291947], [243496.0007053891, 364633.9996291947], [243496.00070538884, 364631.9996291855], [243498.00070539056, 364631.9996291933], [243498.00070539018, 364629.99962919264], [243500.00070539227, 364629.99962918623], [243500.0007053919, 364627.99962919054], [243502.00070539382, 364627.99962918984], [243502.000705394, 364625.9996291892], [243504.00070539548, 364625.99962918775], [243504.00070539527, 364623.9996291793], [243506.0007053968, 364623.9996291871], [243506.00070539673, 364621.9996291836], [243508.0007053985, 364621.99962918926], [243508.00070539818, 364619.9996291794], [243510.0007054002, 364619.9996291823], [243510.00070540005, 364617.9996291788], [243512.00070540173, 364617.999629178], [243512.00070540156, 364613.9996291803], [243514.00070540293, 364613.9996291732], [243514.0007054032, 364611.9996291789], [243516.00070540424, 364611.9996291697], [243516.00070540418, 364609.9996291676], [243518.00070540584, 364609.99962916836], [243518.00070540584, 364607.9996291726], [243520.00070540718, 364607.99962916836], [243520.00070540752, 364605.9996291684], [243522.00070540883, 364605.99962917337], [243522.00070540892, 364603.9996291656], [243524.0007054105, 364603.9996291678], [243524.00070541052, 364601.99962916714], [243526.00070541183, 364601.999629165], [243526.00070541207, 364599.9996291686], [243528.00070541367, 364599.99962916505], [243528.00070541346, 364597.9996291644], [243530.00070541564, 364597.99962916865], [243530.0007054152, 364595.9996291623], [243532.0007054164, 364595.999629163], [243532.00070541666, 364593.99962916167], [243534.00070541812, 364593.9996291588], [243534.0007054181, 364589.99962915183], [243536.00070541963, 364589.9996291561], [243536.0007054192, 364587.9996291505], [243538.00070542115, 364587.9996291519], [243538.0007054207, 364585.99962915195], [243540.00070542298, 364585.99962915125], [243540.00070542234, 364583.9996291463], [243542.00070542458, 364583.9996291534], [243542.00070542385, 364581.999629152], [243544.00070542592, 364581.99962914706], [243544.0007054261, 364579.99962914997], [243546.00070542717, 364579.999629145], [243546.00070542697, 364577.9996291429], [243548.0007054288, 364577.99962914083], [243548.0007054286, 364575.99962914584], [243550.00070543052, 364575.99962914083], [243550.00070543002, 364573.9996291402], [243552.00070543206, 364573.99962914444], [243552.00070543197, 364571.9996291374], [243554.00070543354, 364571.99962914095], [243554.00070543351, 364569.99962913885], [243556.0007054347, 364569.99962913746], [243556.00070543442, 364565.99962913047], [243558.00070543663, 364565.9996291361], [243558.00070543573, 364563.9996291305], [243560.00070543803, 364563.9996291319], [243560.00070543788, 364561.9996291327], [243562.00070543936, 364561.9996291327], [243562.00070543945, 364559.9996291278], [243564.00070544032, 364559.99962912285], [243564.00070544062, 364557.99962912145], [243566.00070544236, 364557.99962912925], [243566.00070544216, 364555.99962912366], [243568.000705444, 364555.99962912436], [243568.00070544396, 364553.9996291237], [243570.0007054455, 364553.9996291244], [243570.00070544492, 364551.9996291152], [243572.00070544734, 364551.9996291259], [243572.00070544682, 364549.9996291231], [243574.00070544833, 364549.9996291202], [243574.0007054486, 364547.99962912244], [243576.00070545005, 364547.99962912174], [243576.00070545, 364545.9996291225], [243578.0007054517, 364545.99962912104], [243578.00070545136, 364541.99962911336], [243580.00070545287, 364541.9996291098], [243580.0007054531, 364539.9996291148], [243582.00070545424, 364539.9996291063], [243582.000705454, 364537.9996291078], [243584.00070545592, 364537.9996291064], [243584.00070545566, 364535.99962911283], [243586.00070545785, 364535.9996291093], [243586.00070545732, 364533.9996291086], [243588.00070545895, 364533.99962910294], [243588.0007054592, 364531.99962910934], [243590.00070546076, 364531.9996291101], [243590.00070546026, 364529.9996290988], [243592.00070546268, 364529.99962911085], [243592.00070546215, 364527.9996291038], [243594.00070546375, 364527.99962910026], [243594.00070546384, 364525.9996290996], [243596.00070546547, 364525.99962910387], [243596.0007054652, 364523.9996290968], [243598.00070546722, 364523.9996291004], [243598.00070546687, 364521.9996291004], [243600.0007054685, 364521.999629099], [243600.00070546777, 364519.99962909194], [243602.00070547004, 364519.99962909834], [243602.0007054696, 364515.99962909136], [243604.00070547158, 364515.9996290956], [243604.0007054712, 364513.99962909636], [243606.0007054726, 364513.9996290942], [243606.00070547257, 364511.9996290893], [243608.00070547446, 364511.9996290872], [243608.00070547423, 364509.9996290858], [243610.00070547624, 364509.9996290915], [243610.00070547563, 364507.9996290859], [243612.0007054771, 364507.999629088], [243612.00070547717, 364505.99962908874], [243614.000705479, 364505.99962908804], [243614.00070547874, 364503.9996290803], [243616.00070548014, 364503.9996290768], [243616.00070547985, 364501.9996290754], [243618.00070548212, 364501.9996290832], [243618.00070548206, 364499.99962907616], [243620.00070548375, 364499.99962907686], [243620.00070548308, 364497.9996290755], [243622.0007054852, 364497.9996290748], [243622.00070548497, 364495.9996290791], [243624.00070548663, 364495.9996290756], [243624.00070548593, 364491.99962907], [243626.0007054877, 364491.9996290721], [243626.00070548826, 364489.99962907215], [243628.00070548957, 364489.9996290736], [243628.00070548966, 364487.99962906586], [243630.00070549062, 364487.9996290637], [243630.0007054912, 364485.99962906446], [243632.00070549277, 364485.999629068], [243632.0007054923, 364483.9996290624], [243634.00070549434, 364483.9996290645], [243634.00070549393, 364481.9996290632], [243636.00070549556, 364481.9996290632], [243636.00070549536, 364479.99962905823], [243638.0007054975, 364479.9996290632], [243638.0007054973, 364477.99962906394], [243640.00070549882, 364477.9996290576], [243640.00070549862, 364475.9996290619], [243642.0007054998, 364475.9996290527], [243642.00070549973, 364473.9996290506], [243644.00070550144, 364473.9996290499], [243644.0007055014, 364471.9996290563], [243646.00070550307, 364471.99962905206], [243646.00070550307, 364469.99962904927], [243648.00070550464, 364469.9996290542], [243648.00070550476, 364465.999629048], [243650.00070550657, 364465.99962904514], [243650.00070550613, 364463.9996290523], [243652.0007055076, 364463.99962904805], [243652.0007055075, 364461.99962904805], [243654.00070550913, 364461.999629041], [243654.00070550898, 364459.9996290481], [243656.00070551079, 364459.9996290488], [243656.0007055104, 364457.9996290376], [243658.00070551227, 364457.99962904677], [243658.00070551247, 364455.9996290404], [243660.00070551346, 364455.9996290376], [243660.00070551372, 364453.99962903623], [243662.00070551556, 364453.9996290405], [243662.00070551515, 364451.99962903484], [243664.00070551664, 364451.9996290356], [243664.00070551693, 364449.99962903565], [243666.00070551864, 364449.9996290342], [243666.0007055182, 364447.9996290364], [243668.00070552033, 364447.99962903355], [243668.00070551946, 364445.99962903216], [243670.00070552147, 364445.9996290343], [243670.00070552155, 364441.9996290273], [243672.0007055225, 364441.9996290273], [243672.00070552266, 364439.999629021], [243674.00070552446, 364439.9996290274], [243674.00070552446, 364437.99962902744], [243676.00070552618, 364437.99962902034], [243676.00070552618, 364435.99962902605], [243678.0007055278, 364435.9996290289], [243678.00070552705, 364433.9996290176], [243680.00070552927, 364433.9996290254], [243680.0007055289, 364429.999629022], [243682.00070553058, 364429.99962901487], [243682.00070553002, 364421.999629008], [243684.0007055313, 364421.99962901365], [243684.00070553052, 364411.9996290047], [243686.00070553203, 364411.99962899904], [243686.0007055312, 364401.9996289879], [243688.00070553302, 364401.9996289943], [243688.000705532, 364391.9996289818], [243690.00070553436, 364391.9996289875], [243690.0007055334, 364383.9996289799], [243692.00070553483, 364383.9996289778], [243692.00070553448, 364373.9996289667], [243694.00070553581, 364373.9996289653], [243694.00070553558, 364363.99962896266], [243696.00070553672, 364363.9996289584], [243696.00070553567, 364353.9996289445], [243698.00070553776, 364353.9996289523], [243698.00070553762, 364345.99962894473], [243702.00070554035, 364345.9996289419], [243702.00070554062, 364343.9996289398], [243704.00070554207, 364343.99962893344], [243704.00070554236, 364341.99962893984], [243706.00070554385, 364341.9996289427], [243706.00070554356, 364339.9996289406], [243708.00070554524, 364339.9996289406], [243708.0007055451, 364337.99962893146], [243710.00070554644, 364337.99962892936], [243710.00070554612, 364335.99962892866], [243712.00070554836, 364335.99962893437], [243712.0007055484, 364333.9996289358], [243714.00070554973, 364333.9996289266], [243714.00070554944, 364331.9996289259], [243716.00070555165, 364331.9996289359], [243716.00070555092, 364329.9996289267], [243718.0007055525, 364329.9996289239], [243718.00070555226, 364327.9996289204], [243720.00070555432, 364327.99962892465], [243720.0007055547, 364325.9996289275], [243722.0007055556, 364325.9996289289], [243722.00070555627, 364323.9996289254], [243724.00070555744, 364323.999628924], [243724.00070555715, 364321.9996289276], [243726.00070555875, 364321.99962892197], [243726.00070555857, 364319.9996289199], [243728.00070556087, 364319.9996289241], [243728.0007055601, 364317.99962891353], [243730.00070556204, 364317.99962891213], [243730.00070556183, 364315.99962891004], [243734.000705565, 364315.99962891784], [243734.00070556503, 364313.99962891504], [243736.0007055667, 364313.9996289101], [243736.00070556672, 364309.99962891586], [243736.00070556672, 364311.9996289158], [243738.00070556786, 364311.999628908], [243738.00070556792, 364309.99962891656], [243740.00070557016, 364309.99962891726], [243740.00070556978, 364307.9996289074], [243742.00070557118, 364307.99962890457], [243742.00070557123, 364305.9996289046], [243744.0007055726, 364305.9996289096], [243744.0007055728, 364303.99962889974], [243746.00070557458, 364303.9996289026], [243746.00070557458, 364301.9996289005], [243748.0007055759, 364301.9996288991], [243748.00070557586, 364299.99962890334], [243750.0007055774, 364299.99962890125], [243750.00070557726, 364297.99962889706], [243752.00070557895, 364297.9996289013], [243752.0007055791, 364295.9996288921], [243754.00070558023, 364295.99962889496], [243754.00070558055, 364293.9996289021], [243756.0007055821, 364293.99962889927], [243756.00070558136, 364291.9996288915], [243758.0007055835, 364291.9996288979], [243758.00070558343, 364289.99962889514], [243760.0007055852, 364289.99962889793], [243760.00070558515, 364287.9996288888], [243762.0007055866, 364287.9996288902], [243762.00070558643, 364285.9996288846], [243766.0007055899, 364285.9996288917], [243766.0007055898, 364283.9996288896], [243768.00070559082, 364283.99962888396], [243768.0007055917, 364281.99962888897], [243770.00070559315, 364281.99962888967], [243770.0007055916, 364263.9996288724], [243768.00070558983, 364263.9996288681], [243768.0007055878, 364241.99962884886], [243766.00070558637, 364241.99962884246], [243766.00070558448, 364219.99962882744], [243764.00070558282, 364219.99962883594], [243764.00070558095, 364197.99962881097], [243762.00070557947, 364197.9996288032], [243762.00070557822, 364179.9996287888], [243760.0007055763, 364179.9996287909], [243760.00070557624, 364175.9996287889], [243758.00070557388, 364175.9996287818], [243758.0007055737, 364171.99962878047], [243756.00070557193, 364171.9996287784], [243756.00070557164, 364167.99962877634], [243754.0007055698, 364167.99962877773], [243754.00070557022, 364163.99962877785], [243752.0007055679, 364163.99962877005], [243752.00070556745, 364159.99962877156], [243750.0007055657, 364159.9996287659], [243750.00070556588, 364155.9996287653], [243748.00070556402, 364155.9996287681], [243748.00070556384, 364151.9996287555], [243746.00070556195, 364151.99962876044], [243746.00070556218, 364147.99962876196], [243744.00070555985, 364147.9996287584], [243744.00070555948, 364141.9996287564], [243742.0007055579, 364141.99962875573], [243742.00070555756, 364137.9996287523], [243740.0007055554, 364137.9996287445], [243740.00070555514, 364133.99962874036], [243738.0007055541, 364133.99962874886], [243738.00070555383, 364129.9996287468], [243736.0007055516, 364129.9996287468], [243736.0007055516, 364125.9996287335], [243734.00070554993, 364125.9996287356], [243734.00070554964, 364121.99962873425], [243732.0007055476, 364121.9996287286], [243732.0007055473, 364117.99962872727], [243730.0007055458, 364117.99962872587], [243730.00070554545, 364113.9996287253], [243728.0007055441, 364113.9996287281], [243728.0007055433, 364109.9996287176], [243726.00070554184, 364109.99962872185], [243726.00070554155, 364105.99962872337], [243724.00070553963, 364105.9996287212], [243724.000705539, 364101.99962871213], [243722.0007055376, 364101.9996287114], [243722.0007055371, 364095.99962870445], [243720.0007055352, 364095.9996287087], [243720.00070553544, 364091.99962870596], [243718.00070553378, 364091.99962870387], [243718.00070553334, 364087.99962870113], [243716.00070553162, 364087.99962870113], [243716.00070553133, 364083.9996286991], [243714.00070552915, 364083.9996286913], [243714.00070552938, 364079.9996286999], [243712.00070552723, 364079.99962869706], [243712.0007055269, 364075.999628695], [243710.00070552508, 364075.999628683], [243710.00070552505, 364071.99962868454], [243708.00070552356, 364071.99962868594], [243708.00070552347, 364067.99962868606], [243706.00070552147, 364067.99962867965], [243706.0007055209, 364063.99962868047], [243704.0007055197, 364063.99962867977], [243704.00070551888, 364059.99962866993], [243702.0007055175, 364059.9996286721], [243702.00070551716, 364055.9996286743], [243700.0007055154, 364055.9996286672], [243700.00070551486, 364049.9996286667], [243698.00070551285, 364049.999628666], [243698.0007055128, 364045.999628659], [243696.00070551148, 364045.99962866324], [243696.00070551105, 364041.99962865975], [243694.0007055092, 364041.9996286541], [243694.00070550895, 364037.99962865206], [243692.00070550706, 364037.99962864927], [243692.0007055069, 364033.99962864723], [243690.00070550514, 364033.9996286479], [243690.0007055045, 364029.9996286452], [243688.00070550284, 364029.9996286381], [243688.00070550252, 364025.9996286389], [243686.00070550112, 364025.9996286453], [243686.00070550054, 364021.9996286348], [243684.00070549911, 364021.9996286341], [243684.0007054989, 364017.99962863204], [243682.00070549746, 364017.999628637], [243682.0007054968, 364015.9996286335], [243680.00070549475, 364015.99962862645], [243680.00070549498, 364011.9996286237], [243678.0007054932, 364011.99962863146], [243678.00070549286, 364009.9996286209], [243676.0007054917, 364009.9996286301], [243676.0007054907, 364005.99962862383], [243674.00070548936, 364005.9996286274], [243674.0007054892, 364001.9996286204], [243672.00070548727, 364001.9996286133], [243672.0007054873, 363999.99962861405], [243670.00070548573, 363999.99962861976], [243670.00070548506, 363995.9996286121], [243668.00070548346, 363995.9996286113], [243668.00070548314, 363993.9996286142], [243666.00070548183, 363993.9996286107], [243666.00070548095, 363989.999628603], [243664.00070547953, 363989.9996286044], [243664.0007054789, 363985.9996285967], [243662.00070547764, 363985.99962860096], [243662.0007054776, 363983.99962860526], [243660.0007054757, 363983.9996286003], [243660.0007054751, 363979.9996285997], [243658.00070547397, 363979.9996285976], [243658.00070547342, 363977.9996285927], [243656.00070547147, 363977.9996285927], [243656.00070547147, 363973.99962858995], [243654.0007054701, 363973.99962859135], [243654.0007054694, 363969.99962859], [243652.00070546794, 363969.99962858506], [243652.00070546748, 363967.9996285809], [243650.00070546608, 363967.9996285865], [243650.00070546585, 363963.9996285817], [243648.00070546367, 363963.999628581], [243648.00070546384, 363961.99962858245], [243646.00070546207, 363961.99962858175], [243646.0007054616, 363957.99962857406], [243644.0007054599, 363957.99962857756], [243644.00070545968, 363953.9996285699], [243642.0007054578, 363953.9996285664], [243642.00070545735, 363951.999628565], [243640.0007054562, 363951.9996285714], [243640.00070545578, 363947.99962856364], [243638.00070545438, 363947.99962856155], [243638.00070545392, 363945.99962856725], [243636.00070545194, 363945.9996285559], [243636.00070545188, 363941.999628556], [243634.00070545037, 363941.9996285589], [243634.00070544978, 363937.99962855893], [243632.00070544795, 363937.99962855614], [243632.00070544804, 363935.99962854624], [243630.00070544644, 363935.99962855474], [243630.0007054464, 363931.999628552], [243628.00070544452, 363931.999628552], [243628.000705444, 363929.9996285478], [243626.00070544262, 363929.99962854927], [243626.00070544178, 363925.9996285437], [243624.00070544018, 363925.9996285401], [243624.00070543963, 363921.99962853384], [243622.00070543852, 363921.99962854234], [243622.00070543808, 363919.9996285346], [243620.0007054364, 363919.9996285339], [243620.00070543576, 363915.9996285269], [243618.00070543415, 363915.99962852837], [243618.00070543386, 363913.999628527], [243616.00070543296, 363913.99962852837], [243616.00070543255, 363909.99962853134], [243614.0007054305, 363909.99962852494], [243614.00070543058, 363905.99962852645], [243612.00070542854, 363905.9996285229], [243612.00070542857, 363903.99962852226], [243610.00070542653, 363903.99962852086], [243610.00070542647, 363899.9996285209], [243608.00070542446, 363899.9996285224], [243608.0007054242, 363897.99962851324], [243606.00070542278, 363897.99962851463], [243606.0007054227, 363893.9996285112], [243604.00070542112, 363893.99962850625], [243604.00070542074, 363889.9996285042], [243602.00070541835, 363889.9996285035], [243602.00070541882, 363887.9996285035], [243600.00070541698, 363887.9996285028], [243600.0007054168, 363883.9996284973], [243598.00070541515, 363883.9996285001], [243598.0007054144, 363881.9996284938], [243596.00070541288, 363881.99962849804], [243596.00070541175, 363863.9996284765], [243598.00070541323, 363863.9996284758], [243598.00070541198, 363845.9996284621], [243600.00070541352, 363845.9996284663], [243600.00070541233, 363825.999628447], [243602.00070541355, 363825.99962845194], [243602.00070541192, 363807.9996284283], [243604.00070541343, 363807.99962842406], [243604.00070541262, 363793.99962841097], [243606.0007054145, 363793.9996284145], [243606.00070541393, 363791.9996284124], [243608.00070541588, 363791.9996284103], [243608.0007054163, 363789.99962841603], [243612.00070541925, 363789.9996284167], [243612.00070541946, 363787.99962841254], [243616.00070542243, 363787.99962840474], [243616.00070542254, 363785.9996284055], [243618.000705424, 363785.9996284048], [243618.00070542374, 363783.99962841196], [243622.00070542755, 363783.99962841335], [243622.00070542676, 363781.9996284077], [243626.00070543002, 363781.99962840276], [243626.00070542988, 363779.9996284028], [243640.00070544227, 363779.99962840497], [243640.00070544146, 363777.9996284], [243668.00070546588, 363777.9996284064], [243668.00070546498, 363775.9996284008], [243696.00070548936, 363775.9996284057], [243696.000705489, 363773.99962840084], [243724.00070551294, 363773.9996284051], [243724.00070551282, 363771.9996284094], [243752.0007055361, 363771.9996284101], [243752.00070553625, 363769.9996284066], [243780.00070555962, 363769.9996284052], [243780.00070555985, 363767.9996284102], [243808.00070558363, 363767.99962840806], [243808.0007055835, 363765.99962840386], [243818.0007055914, 363765.9996284053], [243818.00070559193, 363763.99962840957], [243820.0007055936, 363763.9996284061], [243820.00070559312, 363761.9996284026], [243822.0007055954, 363761.99962840823], [243822.0007055942, 363759.9996283998], [243826.0007055984, 363759.99962840404], [243826.00070559783, 363757.999628397], [243828.0007055995, 363757.9996284069], [243828.00070559952, 363755.99962839705], [243830.00070560133, 363755.9996284013], [243830.00070560077, 363753.99962839566], [243834.00070560438, 363753.9996284006], [243834.00070560427, 363751.99962839996], [243836.000705606, 363751.99962839717], [243836.0007056057, 363749.9996284007], [243838.00070560756, 363749.9996283937], [243838.00070560753, 363747.999628393], [243840.00070560924, 363747.99962839583], [243840.00070560846, 363745.9996283881], [243844.0007056119, 363745.9996283867], [243844.0007056119, 363743.9996283924], [243846.00070561367, 363743.9996283917], [243846.00070561343, 363741.9996283889], [243848.00070561553, 363741.99962839385], [243848.0007056153, 363739.9996283875], [243852.0007056182, 363739.99962838896], [243852.00070561835, 363737.99962838547], [243854.0007056199, 363737.9996283826], [243854.00070561963, 363735.9996283869], [243856.0007056219, 363735.9996283798], [243856.0007056214, 363733.99962837703], [243858.0007056227, 363733.9996283806], [243860.0007056244, 363733.9996283799], [243860.00070562452, 363731.99962837924], [243858.000705623, 363731.99962838064], [243862.00070562644, 363731.9996283771], [243862.00070562612, 363729.9996283821], [243864.000705628, 363729.9996283743], [243864.00070562738, 363727.99962837505], [243868.00070563142, 363727.99962838006], [243868.00070563093, 363725.99962837156], [243870.00070563267, 363725.99962837156], [243870.0007056326, 363723.99962837656], [243872.00070563375, 363723.9996283723], [243872.0007056343, 363721.9996283745], [243876.0007056376, 363721.9996283696], [243876.0007056373, 363719.999628376], [243878.0007056386, 363719.9996283746], [243878.00070563878, 363717.99962837034], [243880.00070564038, 363717.99962836824], [243880.0007056403, 363715.9996283619], [243884.00070564356, 363715.9996283676], [243884.00070564332, 363713.9996283655], [243886.00070564527, 363713.9996283655], [243886.0007056452, 363711.99962836766], [243888.0007056465, 363711.99962836417], [243888.00070564644, 363709.9996283614], [243890.00070564818, 363709.9996283656], [243892.00070565002, 363709.9996283571], [243892.00070564955, 363707.999628355], [243894.00070565133, 363707.999628355], [243894.00070565092, 363705.99962836143], [243896.0007056528, 363705.99962835934], [243896.000705653, 363703.99962835794], [243900.0007056563, 363703.99962835584], [243900.00070565628, 363701.9996283573], [243902.00070565776, 363701.99962836015], [243902.0007056575, 363699.9996283552], [243904.00070565916, 363699.9996283531], [243904.00070565907, 363697.99962835317], [243906.0007056609, 363697.9996283489], [243906.00070566076, 363695.9996283539], [243910.0007056641, 363695.999628349], [243910.00070566355, 363693.9996283483], [243912.0007056657, 363693.9996283462], [243912.00070566527, 363691.9996283505], [243914.00070566693, 363691.9996283448], [243914.00070566678, 363689.99962834414], [243918.00070567007, 363689.9996283491], [243918.0007056702, 363687.99962833995], [243920.0007056717, 363687.99962833856], [243920.00070567205, 363685.99962834496], [243922.0007056736, 363685.9996283421], [243922.0007056732, 363683.99962834216], [243926.0007056765, 363683.9996283386], [243926.0007056766, 363681.9996283415], [243928.00070567848, 363681.99962834007], [243928.00070567848, 363679.9996283401], [243930.0007056796, 363679.9996283366], [243930.0007056796, 363677.9996283381], [243934.00070568259, 363677.99962833733], [243934.00070568282, 363675.99962833175], [243936.0007056844, 363675.99962833035], [243936.00070568454, 363673.9996283311], [243938.00070568573, 363673.9996283311], [243938.00070568605, 363671.99962833396], [243942.00070568942, 363671.99962833256], [243942.000705689, 363669.9996283319], [243944.00070569068, 363669.9996283333], [243944.00070569068, 363667.9996283256], [243946.0007056925, 363667.9996283227], [243946.00070569196, 363665.99962831923], [243950.0007056955, 363665.9996283292], [243950.00070569504, 363663.9996283193], [243952.00070569714, 363663.99962832214], [243952.00070569717, 363661.99962832715], [243954.0007056988, 363661.9996283243], [243954.00070569845, 363659.99962832505], [243958.00070570208, 363659.99962832575], [243958.00070570182, 363657.999628318], [243960.00070570328, 363657.99962831946], [243960.00070570316, 363655.99962831667], [243962.00070570444, 363655.9996283138], [243962.0007057037, 363643.99962830846], [243960.00070570214, 363643.99962830066], [243960.00070570115, 363635.9996282952], [243958.00070569944, 363635.99962829734], [243958.00070569888, 363627.9996282876], [243956.0007056976, 363627.9996282954], [243956.00070569638, 363617.99962827936], [243954.000705695, 363617.9996282836], [243954.0007056939, 363609.9996282725], [243952.00070569274, 363609.99962827604], [243952.0007056918, 363601.9996282684], [243950.00070569012, 363601.9996282684], [243950.0007056891, 363591.99962825666], [243948.00070568797, 363591.9996282538], [243948.00070568686, 363583.9996282455], [243946.00070568558, 363583.99962824903], [243946.00070568515, 363575.99962824286], [243944.00070568352, 363575.9996282457], [243944.00070568215, 363565.99962823035], [243942.00070568034, 363565.9996282311], [243942.0007056799, 363557.9996282221], [243940.00070567874, 363557.9996282306], [243940.00070567743, 363549.9996282152], [243938.00070567583, 363549.99962822086], [243938.0007056755, 363539.9996282119], [243936.00070567342, 363539.999628202], [243936.00070567254, 363531.9996281951], [243934.00070567097, 363531.9996282057], [243934.00070567068, 363523.99962819385], [243932.00070566838, 363523.99962819176], [243932.00070566844, 363513.99962818564], [243930.00070566597, 363513.9996281807], [243930.00070566556, 363505.99962817447], [243928.00070566405, 363505.9996281766], [243928.00070566297, 363497.9996281648], [243926.00070566108, 363497.9996281655], [243926.0007056607, 363487.999628153], [243924.00070565942, 363487.9996281622], [243924.00070565857, 363479.9996281482], [243922.00070565694, 363479.99962815316], [243922.000705656, 363471.9996281456], [243920.00070565435, 363471.9996281371], [243920.00070565357, 363461.999628131], [243918.00070565174, 363461.9996281303], [243918.00070565168, 363453.99962813046], [243916.00070564964, 363453.9996281248], [243916.00070564888, 363445.99962812004], [243914.00070564685, 363445.99962811294], [243914.00070564644, 363435.9996281104], [243912.00070564446, 363435.9996281033], [243912.0007056442, 363427.9996281056], [243910.00070564242, 363427.9996281042], [243910.00070564114, 363419.99962808954], [243908.00070564018, 363419.9996280959], [243908.00070563896, 363409.9996280876], [243906.0007056374, 363409.999628082], [243906.00070563663, 363401.99962807295], [243904.00070563518, 363401.9996280758], [243904.00070563407, 363393.99962806323], [243902.0007056328, 363393.9996280732], [243902.00070563162, 363383.9996280578], [243900.00070563043, 363383.999628055], [243900.00070562994, 363375.99962804955], [243898.00070562822, 363375.9996280545], [243898.00070562738, 363367.9996280419], [243896.00070562557, 363367.9996280426], [243896.00070562464, 363357.9996280358], [243894.00070562324, 363357.9996280344], [243894.00070562208, 363349.9996280183], [243892.0007056203, 363349.9996280261], [243892.00070562004, 363341.9996280164], [243890.00070561824, 363341.9996280199], [243890.000705617, 363331.999628006], [243888.00070561585, 363331.9996280067], [243888.00070561498, 363323.9996280041], [243886.00070561367, 363323.9996280034], [243886.00070561265, 363315.99962799577], [243884.0007056112, 363315.9996279894], [243884.0007056101, 363305.99962798186], [243882.00070560898, 363305.9996279847], [243882.00070560814, 363297.9996279743], [243880.00070560633, 363297.9996279757], [243880.00070560552, 363289.9996279688], [243878.00070560374, 363289.99962796597], [243878.00070560345, 363279.9996279627], [243876.0007056016, 363279.999627957], [243876.00070560104, 363271.99962794804], [243874.00070559903, 363271.99962795153], [243874.00070559824, 363263.99962793477], [243872.00070559693, 363263.9996279468], [243872.00070559586, 363253.99962793785], [243870.00070559455, 363253.9996279336], [243870.00070559388, 363245.9996279246], [243868.000705592, 363245.99962792103], [243868.00070559102, 363237.9996279191], [243866.00070558977, 363237.9996279205], [243866.00070558835, 363227.9996279052], [243864.00070558686, 363227.9996279045], [243864.00070558663, 363219.9996279004], [243862.00070558515, 363219.9996279054], [243862.00070558392, 363211.99962789495], [243860.00070558218, 363211.9996278992], [243860.00070558162, 363201.99962788745], [243858.00070557953, 363201.99962787895], [243858.0007055793, 363193.9996278777], [243856.0007055777, 363193.9996278728], [243856.000705577, 363185.99962786445], [243854.0007055753, 363185.99962787156], [243854.0007055743, 363175.9996278555], [243852.00070557286, 363175.99962785904], [243852.00070557187, 363167.9996278578], [243850.00070557056, 363167.9996278585], [243850.00070556943, 363159.9996278396], [243848.00070556812, 363159.9996278474], [243848.00070556742, 363149.9996278349], [243846.0007055653, 363149.9996278335], [243846.000705565, 363141.99962783157], [243844.00070556323, 363141.99962782237], [243844.0007055627, 363133.9996278183], [243842.00070556096, 363133.99962781614], [243842.00070555985, 363123.9996278115], [243840.00070555825, 363123.99962780863], [243840.00070555738, 363115.9996277989], [243838.00070555584, 363115.99962780456], [243838.00070555537, 363107.9996277892], [243836.0007055536, 363107.9996277906], [243836.00070555325, 363097.9996277901], [243834.00070555107, 363097.9996277901], [243834.00070555066, 363089.99962778256], [243832.00070554888, 363089.9996277776], [243832.00070554775, 363081.99962776504], [243830.00070554664, 363081.9996277672], [243830.00070554548, 363071.9996277611], [243828.00070554423, 363071.9996277618], [243828.0007055433, 363063.999627757], [243826.00070554184, 363063.999627757], [243826.0007055407, 363055.99962774303], [243824.00070553887, 363055.9996277395], [243824.00070553835, 363045.9996277362], [243822.00070553675, 363045.9996277405], [243822.0007055357, 363037.99962772505], [243820.00070553395, 363037.99962772505], [243820.00070553325, 363029.9996277168], [243818.00070553235, 363029.9996277231], [243818.00070553145, 363019.99962771416], [243816.00070552932, 363019.9996277099], [243816.00070552924, 363011.9996277073], [243814.000705527, 363011.9996276988], [243814.0007055269, 363009.9996277017], [243812.00070552548, 363009.99962770595], [243812.00070552508, 363007.9996276975], [243810.00070552327, 363007.99962770246], [243810.00070552333, 363005.99962770246], [243808.0007055216, 363005.9996276961], [243808.0007055216, 363003.9996276948], [243806.0007055196, 363003.99962769053], [243806.00070551943, 363001.999627699], [243804.00070551777, 363001.9996276948], [243804.00070551794, 362999.9996276913], [243802.00070551594, 362999.99962768634], [243802.00070551597, 362997.9996276935], [243800.00070551422, 362997.99962769065], [243800.00070551404, 362995.9996276843], [243798.00070551204, 362995.9996276829], [243798.0007055122, 362993.99962768436], [243796.00070551058, 362993.9996276858], [243796.0007055102, 362991.9996276866], [243794.00070550892, 362991.99962768727], [243794.0007055085, 362989.9996276845], [243792.00070550674, 362989.99962767813], [243792.00070550622, 362987.99962767464], [243790.00070550517, 362987.99962767604], [243790.00070550485, 362985.99962767464], [243788.0007055028, 362985.9996276775], [243788.00070550258, 362983.9996276719], [243786.00070550092, 362983.9996276754], [243786.00070550063, 362981.9996276698], [243784.00070549946, 362981.99962767476], [243784.00070549862, 362979.9996276677], [243782.0007054978, 362979.9996276741], [243782.000705497, 362977.9996276642], [243780.00070549574, 362977.9996276699], [243780.00070549553, 362975.9996276699], [243778.0007054937, 362975.9996276678], [243778.0007054934, 362973.99962766643], [243776.00070549204, 362973.9996276622], [243776.00070549178, 362971.99962766015], [243774.0007054901, 362971.999627658], [243774.00070549033, 362969.99962766585], [243772.00070548832, 362969.99962766445], [243772.0007054882, 362967.9996276588], [243770.00070548596, 362967.99962766026], [243770.00070548613, 362965.99962765106], [243768.00070548418, 362965.9996276539], [243768.000705484, 362963.999627654], [243766.00070548264, 362963.9996276575], [243766.00070548238, 362961.9996276568], [243764.00070548092, 362961.999627649], [243764.00070548026, 362959.9996276477], [243762.0007054788, 362959.99962765264], [243762.0007054788, 362957.99962764984], [243760.0007054768, 362957.9996276435], [243760.0007054766, 362955.9996276506], [243758.0007054749, 362955.99962764705], [243758.0007054749, 362953.99962765136], [243756.00070547356, 362953.9996276464], [243756.00070547333, 362951.99962763936], [243754.00070547103, 362951.9996276359], [243754.00070547118, 362949.9996276373], [243752.00070546928, 362949.99962763663], [243752.00070546946, 362947.99962763663], [243750.00070546725, 362947.99962763593], [243750.0007054677, 362945.9996276346], [243748.00070546576, 362945.9996276339], [243748.00070546576, 362943.9996276318], [243746.00070546428, 362943.9996276318], [243746.00070546407, 362941.9996276269], [243744.00070546175, 362941.999627629], [243744.00070546204, 362939.9996276347], [243742.00070546038, 362939.9996276262], [243742.0007054602, 362937.9996276291], [243740.00070545817, 362937.9996276213], [243740.000705458, 362935.99962762423], [243738.00070545686, 362935.999627627], [243738.00070545654, 362933.9996276193], [243736.00070545505, 362933.99962762144], [243736.00070545438, 362931.9996276222], [243734.0007054529, 362931.9996276165], [243734.00070545243, 362927.99962761876], [243732.00070545072, 362927.99962761876], [243732.00070545077, 362925.9996276209], [243730.00070544874, 362925.9996276195], [243730.00070544856, 362923.9996276089], [243728.00070544696, 362923.9996276103], [243728.0007054473, 362921.9996276097], [243726.0007054454, 362921.9996276118], [243726.0007054452, 362919.99962761113], [243724.0007054437, 362919.99962761113], [243724.00070544358, 362917.9996276105], [243722.0007054415, 362917.99962759984], [243722.0007054411, 362915.9996276084], [243720.00070543942, 362915.9996275999], [243720.00070543992, 362913.9996276049], [243718.00070543794, 362913.99962759786], [243718.00070543773, 362911.9996276021], [243716.0007054362, 362911.99962759716], [243716.00070543555, 362909.9996276001], [243714.0007054343, 362909.9996275937], [243714.00070543378, 362907.99962759303], [243712.00070543264, 362907.99962760153], [243712.00070543226, 362905.99962759943], [243710.00070543058, 362905.99962759664], [243710.00070543037, 362903.99962759455], [243708.0007054281, 362903.999627591], [243708.00070542804, 362901.99962758966], [243706.00070542647, 362901.9996275861], [243706.00070542673, 362899.9996275918], [243704.00070542467, 362899.9996275911], [243704.00070542432, 362897.99962758407], [243702.00070542272, 362897.99962758407], [243702.00070542275, 362895.9996275862], [243700.00070542152, 362895.9996275884], [243700.00070542106, 362893.9996275905], [243698.00070541914, 362893.99962757993], [243698.00070541873, 362891.99962757924], [243696.00070541768, 362891.9996275821], [243696.00070541757, 362889.9996275793], [243694.00070541538, 362889.99962758215], [243694.00070541544, 362887.9996275822], [243692.0007054134, 362887.9996275744], [243692.00070541372, 362885.9996275787], [243690.0007054116, 362885.99962757446], [243690.00070541218, 362883.9996275781], [243688.00070541026, 362883.999627571], [243688.00070541032, 362881.9996275767], [243686.00070540796, 362881.9996275696], [243686.0007054083, 362879.9996275725], [243684.00070540654, 362879.9996275711], [243684.00070540616, 362877.9996275697], [243682.00070540427, 362877.9996275683], [243682.000705404, 362875.9996275641], [243680.00070540226, 362875.9996275641], [243680.00070540237, 362873.9996275606], [243678.00070540045, 362873.9996275606], [243678.00070540063, 362871.99962755636], [243676.00070539882, 362871.9996275663], [243676.0007053992, 362869.99962755997], [243674.00070539728, 362869.99962756137], [243674.00070539644, 362867.9996275544], [243672.0007053949, 362867.9996275565], [243672.00070539533, 362865.99962755584], [243670.00070539318, 362865.99962754734], [243670.00070539318, 362863.9996275481], [243668.00070539175, 362863.99962755165], [243668.00070539114, 362861.99962755025], [243666.00070538916, 362861.9996275432], [243666.0007053898, 362859.999627551], [243664.00070538744, 362859.99962754746], [243664.0007053873, 362857.99962754187], [243662.0007053857, 362857.99962754967], [243662.0007053856, 362855.9996275426], [243660.00070538456, 362855.99962754897], [243660.00070538395, 362853.99962753983], [243658.00070538215, 362853.99962753843], [243658.0007053821, 362851.9996275392], [243656.0007053801, 362851.99962753704], [243656.00070538023, 362849.99962753855], [243654.0007053785, 362849.999627535], [243654.0007053782, 362847.99962753506], [243652.00070537627, 362847.99962753506], [243652.00070537612, 362845.99962753366], [243650.00070537458, 362845.99962753226], [243650.00070537458, 362843.9996275273], [243648.0007053727, 362843.9996275281], [243648.00070537257, 362839.9996275232], [243646.00070537112, 362839.99962752743], [243646.0007053706, 362837.9996275275], [243644.00070536873, 362837.99962752394], [243644.00070536908, 362835.99962751975], [243642.00070536713, 362835.99962752685], [243642.0007053672, 362833.99962752336], [243640.00070536532, 362833.99962751765], [243640.0007053657, 362831.99962752266], [243638.00070536355, 362831.99962752056], [243638.00070536343, 362829.9996275149], [243636.0007053618, 362829.9996275227], [243636.00070536113, 362827.999627515], [243634.00070535962, 362827.9996275122], [243634.00070535945, 362825.99962751503], [243632.00070535782, 362825.99962751433], [243632.00070535782, 362823.99962751224], [243630.00070535575, 362823.99962751224], [243630.00070535607, 362821.9996275116], [243628.00070535447, 362821.9996275102], [243628.00070535418, 362819.9996275081], [243626.0007053524, 362819.9996275088], [243626.0007053523, 362817.9996275046], [243624.00070535092, 362817.9996275067], [243624.00070535034, 362815.9996275018], [243622.0007053487, 362815.9996275033], [243622.0007053484, 362813.99962749693], [243620.0007053464, 362813.9996275012], [243620.00070534658, 362811.99962750124], [243618.00070534475, 362811.99962749484], [243618.00070534457, 362809.9996274935], [243616.00070534344, 362809.999627502], [243616.0007053428, 362807.9996274992], [243614.00070534094, 362807.99962749635], [243614.0007053404, 362805.99962749355], [243612.00070533916, 362805.9996274886], [243612.0007053394, 362803.99962749647], [243610.00070533768, 362803.9996274908], [243610.00070533695, 362801.9996274859], [243608.00070533605, 362801.99962749507], [243608.0007053357, 362799.9996274874], [243606.00070533346, 362799.99962748523], [243606.00070533363, 362797.9996274874], [243604.0007053317, 362797.999627486], [243604.0007053314, 362795.99962748535], [243602.00070533002, 362795.99962748744], [243602.00070532996, 362793.9996274861], [243600.0007053282, 362793.9996274854], [243600.00070532784, 362791.999627484], [243598.00070532618, 362791.99962747266], [243598.0007053263, 362789.9996274812], [243596.0007053247, 362789.99962748337], [243596.000705324, 362787.9996274792], [243594.0007053228, 362787.999627482], [243594.00070532228, 362785.99962747353], [243592.0007053209, 362785.9996274785], [243592.00070532074, 362783.99962746864], [243590.00070531896, 362783.9996274743], [243590.0007053186, 362781.99962747295], [243588.00070531698, 362781.9996274687], [243588.00070531692, 362779.999627468], [243586.00070531495, 362779.99962746375], [243586.0007053145, 362777.999627461], [243584.00070531334, 362777.99962746876], [243584.0007053132, 362775.99962746387], [243582.0007053113, 362775.9996274603], [243582.00070531122, 362773.99962745473], [243580.0007053096, 362773.9996274653], [243580.0007053092, 362771.9996274562], [243578.00070530744, 362771.9996274548], [243578.00070530767, 362769.99962745694], [243576.00070530563, 362769.99962745624], [243576.00070530546, 362767.9996274577], [243574.0007053041, 362767.99962746055], [243574.00070530406, 362765.99962745706], [243572.00070530194, 362765.9996274471], [243572.00070530147, 362763.99962744507], [243570.0007053, 362763.99962744646], [243570.00070530034, 362761.9996274536], [243568.00070529833, 362761.9996274458], [243568.00070529807, 362759.99962745013], [243566.00070529646, 362759.9996274437], [243566.0007052966, 362757.99962744734], [243564.0007052946, 362757.99962744024], [243564.00070529422, 362755.9996274417], [243562.00070529283, 362755.99962743674], [243562.0007052928, 362753.9996274354], [243560.00070529126, 362753.9996274439], [243560.0007052906, 362749.9996274369], [243558.00070528933, 362749.9996274369], [243558.00070528899, 362747.99962743977], [243556.00070528744, 362747.9996274384], [243556.00070528712, 362745.99962743063], [243554.0007052852, 362745.99962742924], [243554.00070528476, 362743.9996274314], [243552.00070528337, 362743.9996274307], [243552.00070528314, 362741.99962743075], [243550.00070528145, 362741.99962743424], [243550.00070528124, 362739.99962742015], [243548.00070527926, 362739.999627423], [243548.00070527935, 362737.999627428], [243546.0007052781, 362737.9996274216], [243546.00070527743, 362735.9996274174], [243544.00070527568, 362735.9996274188], [243544.00070527566, 362733.9996274253], [243542.00070527388, 362733.9996274189], [243542.00070527417, 362731.9996274218], [243540.000705272, 362731.9996274154], [243540.000705272, 362729.9996274176], [243538.00070527042, 362729.9996274126], [243538.00070527048, 362727.99962741055], [243536.00070526882, 362727.99962741905], [243536.00070526853, 362725.99962741486], [243534.00070526643, 362725.9996274127], [243534.00070526655, 362723.9996274099], [243532.0007052649, 362723.9996274071], [243532.00070526486, 362721.9996274135], [243530.00070526276, 362721.99962741137], [243530.00070526273, 362719.9996274051], [243528.0007052612, 362719.9996274036], [243528.00070526125, 362717.99962740723], [243526.0007052594, 362717.99962740653], [243526.00070525968, 362715.999627408], [243524.00070525712, 362715.99962739524], [243524.00070525688, 362713.9996273953], [243522.00070525517, 362713.99962739745], [243522.00070525537, 362711.99962739536], [243520.00070525333, 362711.99962739606], [243520.0007052533, 362709.9996273947], [243518.00070525162, 362709.9996273968], [243518.00070525164, 362707.9996273919], [243516.00070525004, 362707.9996273947], [243516.00070524964, 362705.99962738773], [243514.00070524818, 362705.9996273912], [243514.00070524754, 362703.99962738494], [243512.0007052458, 362703.9996273906], [243512.000705246, 362701.99962739204], [243510.0007052442, 362701.999627385], [243510.00070524402, 362699.99962738645], [243508.00070524277, 362699.99962738075], [243508.00070524213, 362697.9996273801], [243506.00070524096, 362697.9996273872], [243506.00070524067, 362695.9996273823], [243504.00070523884, 362695.99962738156], [243504.00070523878, 362693.9996273753], [243502.000705237, 362693.9996273831], [243502.00070523663, 362691.99962737603], [243500.00070523508, 362691.99962737603], [243500.00070523532, 362689.9996273775], [243498.00070523343, 362689.9996273782], [243498.00070523348, 362687.99962737894], [243496.00070523086, 362687.99962736835], [243496.00070523113, 362685.99962736695], [243494.00070522947, 362685.9996273698], [243494.00070522935, 362683.999627367], [243492.00070522728, 362683.9996273684], [243492.00070522772, 362681.9996273649], [243490.000705226, 362681.99962736777], [243490.00070522603, 362679.9996273622], [243488.00070522394, 362679.999627365], [243488.0007052237, 362677.9996273587], [243486.00070522225, 362677.99962736433], [243486.00070522178, 362675.9996273644], [243484.00070522042, 362675.99962736014], [243484.0007052203, 362673.9996273602], [243482.00070521803, 362673.9996273545], [243482.00070521826, 362671.99962735455], [243480.0007052167, 362671.9996273595], [243480.00070521657, 362669.99962735816], [243478.00070521442, 362669.9996273539], [243478.0007052148, 362667.9996273504], [243476.0007052133, 362667.99962735677], [243476.0007052126, 362665.9996273526], [243474.0007052112, 362665.999627349], [243474.00070521087, 362663.99962734344], [243472.0007052089, 362663.99962735263], [243472.00070520875, 362659.9996273428], [243470.00070520697, 362659.99962734355], [243470.00070520706, 362657.99962734006], [243468.00070520508, 362657.99962734286], [243468.00070520508, 362655.99962733727], [243466.00070520354, 362655.9996273408], [243466.000705203, 362653.99962733587], [243464.00070520188, 362653.9996273387], [243464.00070520144, 362651.9996273409], [243462.00070519972, 362651.9996273359], [243462.00070519964, 362649.9996273353], [243460.00070519763, 362649.99962733034], [243460.0007051979, 362647.99962732964], [243458.0007051959, 362647.99962733604], [243458.00070519603, 362645.99962733535], [243456.00070519405, 362645.999627329], [243456.00070519367, 362643.9996273262], [243454.00070519262, 362643.9996273333], [243454.0007051921, 362641.9996273305], [243452.00070519024, 362641.99962732627], [243452.00070518994, 362639.9996273192], [243450.00070518846, 362639.999627327], [243450.00070518846, 362637.9996273207], [243448.00070518636, 362637.9996273193], [243448.00070518642, 362635.99962732143], [243446.00070518462, 362635.99962732004], [243446.00070518433, 362633.9996273194], [243444.00070518293, 362633.99962731794], [243444.00070518247, 362631.999627318], [243442.00070518086, 362631.9996273173], [243442.00070518072, 362629.9996273138], [243440.0007051795, 362629.9996273152], [243440.0007051792, 362627.9996273118], [243438.0007051777, 362627.99962731387], [243438.00070517702, 362625.9996273061], [243436.0007051753, 362625.999627309], [243436.00070517528, 362623.99962731183], [243434.00070517344, 362623.99962730403], [243434.00070517338, 362621.99962730624], [243432.00070517175, 362621.9996273119], [243432.00070517207, 362619.99962731125], [243430.00070516963, 362619.99962730345], [243430.00070516963, 362617.99962730135], [243428.00070516765, 362617.9996272978], [243428.00070516838, 362615.9996273028], [243426.00070516623, 362615.99962729856], [243426.00070516558, 362613.99962729367], [243424.00070516425, 362613.9996273008], [243424.00070516395, 362611.9996272937], [243422.00070516253, 362611.9996273036], [243422.0007051626, 362609.9996272938], [243420.00070516043, 362609.99962729093], [243420.00070516052, 362607.9996272917], [243418.00070515875, 362607.9996272896], [243418.00070515875, 362605.99962728965], [243416.00070515668, 362605.9996272875], [243416.00070515694, 362603.99962728826], [243414.00070515537, 362603.99962728686], [243414.00070515476, 362601.99962728267], [243412.00070515287, 362601.99962728337], [243412.0007051534, 362599.999627277], [243410.00070515127, 362599.9996272792], [243410.00070515103, 362597.9996272827], [243408.00070514926, 362597.9996272863], [243408.0007051492, 362595.99962727714], [243406.00070514798, 362595.99962727784], [243406.00070514722, 362593.99962728], [243404.00070514565, 362593.99962728284], [243404.00070514562, 362591.99962727015], [243402.00070514396, 362591.9996272737], [243402.0007051442, 362589.99962727376], [243400.00070514192, 362589.99962727656], [243400.00070514195, 362587.99962727376], [243398.00070513992, 362587.9996272674], [243398.0007051399, 362585.9996272724], [243396.00070513826, 362585.9996272668], [243396.00070513794, 362583.999627271], [243394.00070513622, 362583.9996272668], [243394.00070513634, 362581.999627269], [243392.00070513482, 362581.99962726614], [243392.00070513476, 362579.9996272669], [243390.0007051324, 362579.99962726195], [243390.00070513273, 362577.9996272627], [243388.00070513083, 362577.99962725915], [243388.0007051308, 362575.9996272571], [243386.00070512883, 362575.9996272578], [243386.0007051288, 362571.9996272565], [243384.0007051272, 362571.9996272558], [243384.00070512682, 362569.99962725793], [243382.0007051252, 362569.99962725013], [243382.0007051252, 362567.9996272502], [243380.0007051231, 362567.99962725164], [243380.00070512336, 362565.99962725095], [243378.00070512178, 362565.9996272524], [243378.0007051212, 362563.999627251], [243376.00070511963, 362563.9996272425], [243376.00070511972, 362561.99962724966], [243374.00070511797, 362561.99962724256], [243374.00070511788, 362559.99962724827], [243372.0007051158, 362559.9996272412], [243372.00070511553, 362557.9996272455], [243370.00070511398, 362557.9996272405], [243370.00070511407, 362555.9996272406], [243368.00070511212, 362555.99962723564], [243368.00070511212, 362553.9996272378], [243366.00070510994, 362553.99962723284], [243366.0007051103, 362551.9996272315], [243364.00070510828, 362551.99962723925], [243364.0007051084, 362549.99962723436], [243362.00070510647, 362549.99962723366], [243362.00070510636, 362547.9996272273], [243360.00070510485, 362547.9996272273], [243360.00070510496, 362545.9996272309], [243358.00070510324, 362545.9996272302], [243358.00070510284, 362543.9996272324], [243356.00070510115, 362543.9996272218], [243356.00070510086, 362541.99962722324], [243354.00070509908, 362541.99962722254], [243354.0007050992, 362539.9996272233], [243352.00070509725, 362539.999627224], [243352.0007050971, 362537.9996272226], [243350.00070509574, 362537.99962722405], [243350.0007050951, 362535.9996272177], [243348.0007050936, 362535.99962722196], [243348.00070509376, 362533.99962721637], [243346.0007050917, 362533.99962721986], [243346.00070509143, 362531.9996272121], [243344.0007050901, 362531.9996272171], [243344.00070508997, 362529.99962722], [243342.00070508788, 362529.9996272108], [243342.00070508762, 362527.99962721224], [243340.00070508596, 362527.999627208], [243340.0007050862, 362525.9996272045], [243338.00070508462, 362525.9996272109], [243338.000705084, 362523.9996272102], [243336.00070508255, 362523.99962720386], [243336.00070508235, 362521.99962720106], [243334.00070508092, 362521.99962720816], [243334.00070508054, 362519.9996272011], [243332.00070507865, 362519.99962719897], [243332.00070507903, 362517.9996272026], [243330.00070507664, 362517.999627199], [243330.00070507702, 362515.99962720124], [243328.00070507522, 362515.9996271998], [243328.00070507516, 362513.99962720124], [243326.00070507306, 362513.99962719844], [243326.00070507298, 362511.9996271985], [243324.00070507132, 362511.99962719635], [243324.00070507103, 362509.99962719425], [243322.00070506977, 362509.9996271957], [243322.00070506925, 362507.9996271915], [243320.00070506777, 362507.9996271915], [243320.00070506718, 362505.99962718517], [243318.00070506532, 362505.99962718517], [243318.00070506553, 362503.9996271895], [243316.0007050639, 362503.9996271803], [243316.0007050638, 362501.99962718313], [243314.0007050624, 362501.9996271867], [243314.00070506203, 362499.99962718674], [243312.00070505973, 362499.9996271761], [243312.00070506008, 362497.99962717685], [243310.00070505808, 362497.9996271797], [243310.00070505816, 362495.9996271762], [243308.00070505647, 362495.9996271826], [243308.00070505642, 362493.99962717696], [243306.00070505426, 362493.9996271713], [243306.00070505432, 362491.9996271756], [243304.00070505246, 362491.9996271706], [243304.00070505243, 362489.9996271742], [243302.00070505106, 362489.9996271679], [243302.00070505083, 362487.99962717074], [243300.0007050493, 362487.99962716794], [243300.00070504873, 362485.99962716585], [243298.0007050469, 362485.9996271623], [243298.00070504702, 362481.99962716876], [243296.00070504512, 362481.99962716736], [243296.00070504463, 362479.9996271596], [243294.00070504314, 362479.9996271603], [243294.0007050428, 362477.9996271611], [243292.00070504122, 362477.9996271639], [243292.00070504134, 362475.999627164], [243290.0007050391, 362475.99962715333], [243290.00070503927, 362473.9996271541], [243288.00070503753, 362473.9996271555], [243288.00070503747, 362471.99962715275], [243286.00070503575, 362471.99962715554], [243286.0007050355, 362469.99962715065], [243284.0007050342, 362469.9996271542], [243284.00070503383, 362467.99962714856], [243282.00070503217, 362467.99962715356], [243282.0007050317, 362465.99962714367], [243280.00070503037, 362465.9996271493], [243280.0007050297, 362463.9996271395], [243278.0007050283, 362463.9996271451], [243278.0007050285, 362461.9996271459], [243276.00070502653, 362461.99962714023], [243276.00070502638, 362459.99962713744], [243274.00070502463, 362459.99962714454], [243274.0007050244, 362457.99962714245], [243272.00070502266, 362457.9996271389], [243272.00070502245, 362455.999627134], [243270.00070502132, 362455.99962714035], [243270.00070502094, 362453.99962713546], [243268.00070501934, 362453.99962713337], [243268.00070501908, 362451.9996271348], [243266.00070501724, 362451.9996271334], [243266.0007050175, 362449.9996271349], [243264.00070501547, 362449.9996271342], [243264.0007050156, 362447.9996271335], [243262.000705014, 362447.9996271328], [243262.00070501328, 362445.99962713144], [243260.00070501212, 362445.9996271307], [243260.00070501197, 362443.99962712795], [243258.00070500982, 362443.99962712935], [243258.0007050096, 362441.99962712516], [243256.0007050079, 362441.9996271223], [243256.0007050075, 362439.9996271181], [243254.00070500615, 362439.9996271188], [243254.00070500615, 362437.999627121], [243252.00070500447, 362437.9996271238], [243252.00070500397, 362435.9996271147], [243250.00070500228, 362435.99962711753], [243250.00070500243, 362433.99962711544], [243248.0007050004, 362433.99962711753], [243248.00070500068, 362431.9996271169], [243246.00070499867, 362431.99962711125], [243246.00070499867, 362429.9996271063], [243244.00070499675, 362429.99962711055], [243244.0007049967, 362427.99962710706], [243242.0007049952, 362427.99962711276], [243242.00070499437, 362425.99962710286], [243240.00070499346, 362425.99962710997], [243240.00070499323, 362423.9996271022], [243238.00070499143, 362423.9996271093], [243238.00070499087, 362421.99962709734], [243236.00070498945, 362421.9996271044], [243236.00070498922, 362419.99962710374], [243234.00070498788, 362419.9996270995], [243234.00070498761, 362417.9996270967], [243232.00070498546, 362417.999627096], [243232.00070498587, 362415.9996271017], [243230.00070498406, 362415.9996270989], [243230.00070498366, 362413.99962709326], [243228.00070498226, 362413.99962709186], [243228.00070498182, 362411.99962709687], [243226.00070498028, 362411.9996270962], [243226.00070497987, 362409.9996270969], [243224.0007049783, 362409.9996270856], [243224.00070497775, 362407.99962708564], [243220.00070497455, 362407.99962708564], [243220.00070497463, 362405.99962708494], [243218.0007049726, 362405.99962708494], [243218.0007049728, 362403.9996270843], [243216.0007049711, 362403.9996270836], [243216.00070497056, 362401.99962708226], [243214.0007049693, 362401.99962708296], [243214.00070496864, 362399.999627078], [243210.0007049659, 362399.99962708016], [243210.00070496523, 362397.999627076], [243208.0007049637, 362397.9996270767], [243208.0007049631, 362395.9996270696], [243206.00070496133, 362395.999627071], [243206.0007049617, 362393.99962707394], [243202.0007049586, 362393.9996270768], [243202.00070495796, 362391.99962707114], [243200.0007049566, 362391.99962706974], [243200.00070495627, 362389.9996270733], [243198.0007049547, 362389.99962707545], [243198.00070495452, 362387.99962706346], [243194.00070495103, 362387.9996270691], [243194.00070495086, 362385.99962706777], [243192.00070494917, 362385.99962705857], [243192.00070494896, 362383.9996270586], [243190.00070494745, 362383.9996270607], [243190.0007049471, 362381.9996270579], [243186.0007049438, 362381.9996270629], [243186.00070494373, 362379.99962706014], [243184.0007049419, 362379.99962706224], [243184.00070494175, 362377.99962706014], [243182.00070494026, 362377.9996270623], [243182.00070494, 362375.99962705455], [243178.00070493662, 362375.9996270496], [243178.000704936, 362373.9996270553], [243176.00070493517, 362373.9996270574], [243176.00070493424, 362371.9996270511], [243174.00070493296, 362371.9996270539], [243174.00070493273, 362369.9996270441], [243170.0007049293, 362369.9996270504], [243170.00070492976, 362367.99962705333], [243168.00070492696, 362367.99962704413], [243168.00070492734, 362365.9996270449], [243166.00070492586, 362365.99962703924], [243166.0007049254, 362363.99962703855], [243162.0007049222, 362363.99962704425], [243162.000704922, 362361.999627045], [243160.00070492004, 362361.99962703575], [243160.00070491983, 362359.99962703226], [243158.0007049181, 362359.9996270365], [243158.0007049177, 362357.9996270345], [243154.00070491433, 362357.9996270309], [243154.0007049147, 362355.999627038], [243152.00070491288, 362355.999627031], [243152.00070491308, 362353.999627036], [243150.00070491058, 362353.9996270289], [243150.00070491064, 362351.9996270339], [243146.00070490743, 362351.9996270311], [243146.00070490746, 362349.99962702545], [243144.0007049056, 362349.999627029], [243144.00070490586, 362347.99962703115], [243142.00070490406, 362347.99962702335], [243142.00070490368, 362345.99962702557], [243138.00070490004, 362345.9996270227], [243138.00070489984, 362343.99962702487], [243136.00070489835, 362343.9996270185], [243136.00070489824, 362341.9996270186], [243134.00070489693, 362341.9996270235], [243134.00070489664, 362339.99962702004], [243130.00070489338, 362339.99962702073], [243130.00070489256, 362337.99962701794], [243128.0007048912, 362337.9996270123], [243128.0007048905, 362335.9996270067], [243126.0007048894, 362335.99962701165], [243126.00070488927, 362333.99962700746], [243124.0007048871, 362333.9996270117], [243124.00070488706, 362331.99962700607], [243120.00070488395, 362331.99962700746], [243120.0007048839, 362329.9996270111], [243118.0007048817, 362329.9996270061], [243118.0007048816, 362327.99962700973], [243116.0007048798, 362327.99962700263], [243116.00070487967, 362325.9996270041], [243112.00070487676, 362325.9996270034], [243112.00070487594, 362323.99962699565], [243110.00070487487, 362323.9996269992], [243110.00070487504, 362321.99962700065], [243108.00070487265, 362321.9996269964], [243108.00070487274, 362319.999626995], [243104.00070486945, 362319.99962699576], [243104.0007048691, 362317.99962699227], [243102.00070486745, 362317.999627], [243102.00070486782, 362315.9996269973], [243100.00070486558, 362315.999626993], [243100.00070486523, 362313.9996269874], [243096.0007048622, 362313.9996269874], [243096.00070486148, 362311.9996269839], [243094.0007048605, 362311.9996269903], [243094.00070485976, 362309.99962698255], [243092.0007048587, 362309.99962699035], [243092.00070485796, 362307.99962698185], [243088.00070485493, 362307.9996269833], [243088.00070485452, 362305.99962697696], [243086.00070485307, 362305.9996269826], [243086.00070485263, 362303.9996269714], [243084.000704851, 362303.99962698057], [243084.00070485094, 362301.9996269799], [243080.00070484754, 362301.9996269827], [243080.00070484745, 362299.9996269729], [243078.00070484524, 362299.99962697853], [243078.00070484553, 362297.9996269779], [243076.00070484346, 362297.9996269722], [243076.00070484317, 362295.99962696945], [243072.00070484047, 362295.99962697295], [243072.00070483983, 362293.9996269709], [243070.00070483805, 362293.9996269638], [243070.00070483796, 362291.9996269617], [243068.00070483642, 362291.9996269681], [243068.00070483642, 362289.9996269632], [243064.00070483313, 362289.9996269646], [243064.00070483278, 362287.9996269576], [243062.0007048309, 362287.9996269675], [243062.00070483054, 362285.99962695903], [243060.0007048286, 362285.9996269548], [243060.00070482868, 362283.9996269563], [243056.0007048256, 362283.9996269591], [243056.0007048249, 362281.99962694995], [243054.00070482382, 362281.99962695845], [243054.00070482344, 362279.9996269592], [243052.0007048223, 362279.99962695496], [243052.000704822, 362277.99962695286], [243048.00070481809, 362277.9996269465], [243048.00070481832, 362275.9996269444], [243046.00070481637, 362275.9996269522], [243046.00070481643, 362273.9996269501], [243044.0007048147, 362273.9996269459], [243044.00070481416, 362271.9996269403], [243042.0007048126, 362271.9996269502], [243042.0007048128, 362269.99962694244], [243038.00070480944, 362269.9996269481], [243038.00070480932, 362267.9996269425], [243036.0007048076, 362267.99962693895], [243036.00070480726, 362265.99962694326], [242988.00070476628, 362265.9996269305], [242988.00070476648, 362263.99962693127], [242922.00070471075, 362263.9996269292], [242922.00070471046, 362261.9996269242], [242854.0007046524, 362261.9996269235], [242854.00070465208, 362259.9996269137], [242788.00070459602, 362259.9996269087], [242788.00070459628, 362257.9996269116], [242720.00070453866, 362257.9996269024], [242720.0007045385, 362255.9996268975], [242654.00070448252, 362255.99962690315], [242654.00070448214, 362253.99962689896], [242586.0007044244, 362253.99962688476], [242586.0007044244, 362251.9996268848], [242520.00070436858, 362251.999626882], [242520.00070436878, 362249.9996268835], [242452.00070431049, 362249.9996268736], [242452.00070431066, 362247.99962687783], [242430.0007042921, 362247.99962686724], [242430.00070429247, 362249.9996268764], [242412.00070427704, 362249.9996268771], [242412.0007042773, 362251.9996268778], [242396.00070426357, 362251.9996268707], [242396.0007042639, 362253.9996268784], [242380.0007042499, 362253.99962687626], [242380.00070425041, 362255.9996268755], [242364.00070423685, 362255.99962687766], [242364.0007042373, 362257.99962688255], [242348.00070422344, 362257.9996268762], [242348.00070422352, 362259.999626874], [242330.0007042079, 362259.9996268719], [242330.00070420813, 362261.99962687254], [242314.00070419462, 362261.999626874], [242314.000704195, 362263.99962688173], [242298.0007041814, 362263.9996268775], [242298.0007041814, 362265.9996268753], [242282.00070416828, 362265.9996268788], [242282.0007041681, 362267.99962687877], [242266.00070415452, 362267.99962687667], [242266.00070415472, 362269.99962687306], [242248.0007041397, 362269.99962688016], [242248.00070413962, 362271.9996268787], [242232.00070412635, 362271.99962688435], [242232.00070412597, 362273.9996268758], [242216.00070411258, 362273.9996268737], [242216.00070411243, 362275.99962688284], [242200.00070409928, 362275.99962687504], [242200.00070409902, 362277.9996268757], [242184.00070408607, 362277.9996268828], [242184.00070408618, 362279.9996268792], [242166.00070407035, 362279.9996268756], [242166.00070407116, 362281.9996268848], [242150.00070405717, 362281.99962688057], [242150.00070405766, 362283.99962688476], [242134.0007040436, 362283.99962688406], [242134.00070404366, 362285.99962688185], [242118.0007040306, 362285.9996268854], [242118.00070403086, 362287.9996268889], [242102.00070401703, 362287.9996268861], [242102.00070401686, 362289.9996268839], [242084.00070400175, 362289.99962687894], [242084.00070400213, 362291.99962688104], [242068.00070398877, 362291.9996268881], [242068.00070398836, 362293.999626881], [242066.00070398688, 362293.999626881], [242066.00070398703, 362291.99962688953], [242062.00070398313, 362291.9996268874], [242062.00070398307, 362289.99962688034], [242060.00070398144, 362289.9996268811], [242060.0007039812, 362287.99962687335], [242056.00070397783, 362287.9996268804], [242056.00070397792, 362285.9996268755], [242054.0007039759, 362285.99962687265], [242054.000703976, 362283.99962687487], [242052.0007039742, 362283.9996268734], [242052.00070397413, 362281.99962687277], [242048.00070397058, 362281.9996268671], [242048.00070397012, 362279.9996268686], [242046.00070396852, 362279.9996268664], [242046.0007039686, 362277.99962686293], [242042.00070396552, 362277.9996268672], [242042.00070396528, 362275.99962686584], [242040.00070396322, 362275.9996268616], [242040.00070396304, 362273.999626868], [242036.0007039597, 362273.9996268595], [242036.0007039598, 362271.99962686666], [242034.0007039582, 362271.9996268624], [242034.0007039578, 362269.99962685676], [242030.0007039542, 362269.99962685467], [242030.00070395437, 362267.9996268597], [242028.00070395245, 362267.99962685327], [242028.0007039525, 362265.9996268576], [242024.00070394902, 362265.9996268533], [242024.00070394925, 362263.99962685624], [242022.00070394698, 362263.99962684984], [242022.00070394715, 362261.9996268499], [242018.0007039437, 362261.99962684565], [242018.0007039433, 362259.9996268464], [242016.00070394189, 362259.99962684925], [242016.0007039415, 362257.99962684716], [242012.00070393796, 362257.9996268408], [242012.00070393822, 362255.99962685007], [242010.00070393606, 362255.9996268394], [242010.0007039362, 362253.999626848], [242006.00070393272, 362253.9996268381], [242006.00070393266, 362251.9996268338], [242004.00070393065, 362251.999626836], [242004.00070393074, 362249.999626841], [242000.0007039277, 362249.9996268403], [242000.0007039272, 362247.99962683395], [241998.00070392538, 362247.99962683464], [241998.00070392503, 362245.9996268361], [241994.00070392207, 362245.999626834], [241994.00070392163, 362243.99962682556], [241992.0007039201, 362243.99962683616], [241992.0007039193, 362241.99962682417], [241988.00070391688, 362241.99962683266], [241988.00070391697, 362239.999626832], [241986.00070391456, 362239.9996268292], [241986.0007039145, 362237.99962682714], [241982.00070391098, 362237.9996268222], [241982.00070391104, 362235.9996268194], [241980.0007039095, 362235.9996268272], [241980.00070390897, 362233.99962682294], [241978.00070390696, 362233.9996268187], [241978.00070390708, 362231.9996268138], [241974.00070390382, 362231.99962681805], [241974.00070390396, 362229.99962682166], [241972.0007039022, 362229.9996268174], [241972.0007039017, 362227.9996268068], [241968.00070389852, 362227.999626809], [241968.00070389797, 362225.9996268118], [241966.0007038971, 362225.9996268168], [241966.00070389622, 362223.99962680554], [241962.00070389337, 362223.99962681613], [241962.0007038928, 362221.9996268063], [241960.0007038915, 362221.9996268084], [241960.0007038911, 362219.99962680705], [241956.00070388723, 362219.9996268049], [241956.0007038872, 362217.9996268021], [241954.00070388554, 362217.99962680496], [241954.0007038854, 362215.99962680077], [241950.00070388222, 362215.99962679436], [241950.0007038821, 362213.9996268015], [241948.00070388088, 362213.9996268036], [241948.00070388019, 362211.99962679873], [241944.0007038767, 362211.9996268008], [241944.00070387643, 362209.99962679524], [241942.00070387486, 362209.99962679663], [241942.00070387445, 362207.9996267861], [241938.00070387137, 362207.99962679954], [241938.00070387125, 362205.99962678965], [241936.00070386936, 362205.99962678965], [241936.00070386942, 362203.9996267883], [241932.0007038659, 362203.9996267876], [241932.00070386595, 362201.9996267869], [241930.00070386412, 362201.9996267862], [241930.00070386412, 362199.9996267834], [241926.00070386057, 362199.9996267813], [241926.00070386002, 362197.99962677783], [241924.000703859, 362197.99962678563], [241924.0007038586, 362195.99962678284], [241920.0007038549, 362195.9996267765], [241920.00070385492, 362193.99962678074], [241918.00070385326, 362193.99962677865], [241918.00070385297, 362191.9996267716], [241914.00070384963, 362191.99962677376], [241914.00070384948, 362189.99962677946], [241912.00070384808, 362189.9996267745], [241912.0007038478, 362187.9996267753], [241908.0007038445, 362187.99962677667], [241908.00070384415, 362185.9996267661], [241906.00070384273, 362185.9996267718], [241906.00070384203, 362183.9996267704], [241904.0007038404, 362183.99962676613], [241904.0007038403, 362181.99962676334], [241900.00070383685, 362181.99962676194], [241900.0007038369, 362179.9996267705], [241890.00070382867, 362179.9996267641], [241890.00070382832, 362177.99962675635], [241882.00070382128, 362177.99962676346], [241882.0007038214, 362175.9996267571], [241874.0007038148, 362175.99962675927], [241874.00070381412, 362173.9996267551], [241864.00070380577, 362173.99962675717], [241864.00070380603, 362171.9996267572], [241856.00070379922, 362171.9996267509], [241856.00070379817, 362169.99962674524], [241848.00070379215, 362169.99962675513], [241848.00070379174, 362167.99962674885], [241838.00070378312, 362167.99962674815], [241838.00070378307, 362165.99962674745], [241830.00070377605, 362165.99962673895], [241830.0007037758, 362163.99962674116], [241822.0007037691, 362163.9996267376], [241822.0007037696, 362161.999626744], [241812.00070376034, 362161.9996267334], [241812.00070376074, 362159.9996267342], [241804.00070375335, 362159.9996267349], [241804.00070375353, 362157.99962673563], [241796.00070374674, 362157.99962673], [241796.00070374683, 362155.99962673424], [241780.00070373292, 362155.99962673214], [241780.00070373344, 362157.99962673424], [241778.00070373138, 362157.99962673493], [241778.00070373187, 362159.9996267363], [241776.0007037302, 362159.9996267327], [241776.0007037301, 362161.99962673767], [241774.00070372826, 362161.9996267292], [241774.00070372914, 362163.99962674116], [241772.00070372724, 362163.99962673266], [241772.00070372713, 362165.9996267404], [241770.0007037253, 362165.99962673825], [241770.00070372524, 362167.9996267368], [241768.00070372416, 362167.9996267439], [241768.00070372396, 362169.9996267396], [241766.00070372212, 362169.99962674524], [241766.00070372268, 362171.9996267445], [241762.00070371878, 362171.9996267459], [241762.00070371933, 362173.9996267501], [241760.00070371793, 362173.9996267437], [241760.00070371758, 362175.9996267458], [241758.00070371572, 362175.99962674937], [241758.00070371592, 362177.99962674436], [241756.00070371453, 362177.99962674646], [241756.00070371447, 362179.99962674786], [241754.0007037131, 362179.9996267549], [241754.0007037128, 362181.99962675135], [241752.00070371144, 362181.999626757], [241752.00070371202, 362183.99962675903], [241750.00070371, 362183.9996267506], [241750.00070371022, 362185.9996267576], [241748.00070370836, 362185.9996267576], [241748.0007037084, 362187.9996267597], [241746.0007037064, 362187.9996267561], [241746.0007037074, 362189.99962676456], [241744.00070370513, 362189.9996267575], [241744.00070370527, 362191.99962675956], [241740.00070370204, 362191.99962676025], [241740.00070370236, 362193.9996267574], [241738.00070370076, 362193.9996267659], [241738.00070370073, 362195.9996267694], [241736.00070369898, 362195.9996267616], [241736.00070369942, 362197.99962677073], [241734.0007036975, 362197.99962675944], [241734.000703698, 362199.9996267764], [241732.00070369634, 362199.9996267728], [241732.0007036964, 362201.9996267714], [241730.00070369453, 362201.9996267671], [241730.00070369424, 362203.9996267699], [241728.00070369316, 362203.9996267734], [241728.00070369267, 362205.99962677195], [241726.00070369153, 362205.99962677265], [241726.00070369116, 362207.99962677545], [241724.00070369, 362207.99962677405], [241724.00070368953, 362209.9996267733], [241720.00070368653, 362209.9996267825], [241720.00070368647, 362211.9996267754], [241718.0007036851, 362211.9996267754], [241718.0007036857, 362213.9996267845], [241716.0007036835, 362213.9996267824], [241716.00070368365, 362215.9996267753], [241714.00070368152, 362215.9996267816], [241714.0007036821, 362217.99962678086], [241712.00070368042, 362217.9996267823], [241712.00070368033, 362219.9996267872], [241710.00070367867, 362219.9996267872], [241710.00070367934, 362221.99962678645], [241708.00070367721, 362221.9996267822], [241708.00070367742, 362223.99962678924], [241706.00070367576, 362223.9996267942], [241706.0007036756, 362225.99962679343], [241704.00070367413, 362225.99962678493], [241704.00070367445, 362227.9996267898], [241700.00070367096, 362227.9996267856], [241700.00070367128, 362229.9996267948], [241698.0007036691, 362229.99962678977], [241698.00070366988, 362231.9996267954], [241696.00070366784, 362231.9996267975], [241696.00070366802, 362233.99962679675], [241694.00070366653, 362233.9996267975], [241694.00070366694, 362235.9996268024], [241692.00070366514, 362235.99962679745], [241692.00070366473, 362237.9996267981], [241690.0007036632, 362237.99962680234], [241690.00070366345, 362239.9996268002], [241688.00070366173, 362239.9996268009], [241688.00070366167, 362241.9996268008], [241686.00070366054, 362241.9996268093], [241686.0007036604, 362243.99962680717], [241684.00070365882, 362243.99962680077], [241684.00070365888, 362245.99962680216], [241682.0007036569, 362245.9996268064], [241682.00070365702, 362247.9996268014], [241678.00070365434, 362247.9996268127], [241678.00070365443, 362249.9996268141], [241676.0007036527, 362249.9996268084], [241676.00070365312, 362251.99962681544], [241674.00070365053, 362251.99962680694], [241674.00070365082, 362253.99962680973], [241672.00070364916, 362253.99962680833], [241672.00070364974, 362255.99962681957], [241670.00070364785, 362255.9996268146], [241670.0007036478, 362257.9996268181], [241668.00070364625, 362257.99962681317], [241668.00070364648, 362259.9996268209], [241666.0007036452, 362259.99962682376], [241666.0007036453, 362261.9996268258], [241664.00070364316, 362261.9996268244], [241664.00070364325, 362263.99962682225], [241662.00070364153, 362263.9996268194], [241662.00070364194, 362265.9996268236], [241658.00070363857, 362265.99962681864], [241658.00070363897, 362267.9996268271], [241656.0007036368, 362267.9996268271], [241656.0007036371, 362269.99962683127], [241654.00070363536, 362269.999626827], [241654.00070363565, 362271.99962682556], [241652.00070363388, 362271.9996268298], [241652.00070363397, 362273.999626834], [241650.0007036323, 362273.9996268227], [241650.0007036326, 362275.9996268354], [241648.00070363045, 362275.99962683325], [241648.00070363152, 362277.9996268382], [241646.00070362914, 362277.9996268332], [241646.00070362946, 362279.9996268346], [241644.0007036279, 362279.999626836], [241644.0007036276, 362281.99962683243], [241642.00070362625, 362281.999626843], [241642.0007036269, 362283.99962684297], [241638.00070362317, 362283.9996268373], [241638.00070362302, 362285.9996268415], [241636.00070362104, 362285.9996268337], [241636.00070362203, 362287.999626845], [241634.00070362005, 362287.999626845], [241634.00070362003, 362289.9996268414], [241632.00070361787, 362289.9996268393], [241632.00070361843, 362291.9996268506], [241630.0007036169, 362291.9996268442], [241630.00070361682, 362293.99962684984], [241628.00070361502, 362293.99962684343], [241628.00070361551, 362295.9996268455], [241626.00070361397, 362295.9996268462], [241626.00070361403, 362297.9996268518], [241624.00070361226, 362297.9996268483], [241624.00070361237, 362299.99962685106], [241622.0007036107, 362299.99962685676], [241622.00070361097, 362301.99962685246], [241620.00070360902, 362301.99962685455], [241620.00070360958, 362303.99962685525], [241616.0007036055, 362303.9996268531], [241616.00070360606, 362305.99962686154], [241614.0007036046, 362305.9996268559], [241614.00070360434, 362307.99962685653], [241612.00070360297, 362307.999626858], [241612.000703603, 362309.9996268558], [241610.00070360172, 362309.9996268664], [241610.00070360154, 362311.99962685717], [241608.00070360018, 362311.99962686497], [241608.00070359968, 362313.99962686276], [241606.000703598, 362313.9996268677], [241606.0007035983, 362315.9996268606], [241604.0007035965, 362315.9996268627], [241604.0007035967, 362317.9996268712], [241602.00070359535, 362317.99962687044], [241602.00070359555, 362319.99962687324], [241600.00070359328, 362319.99962687114], [241600.0007035937, 362321.9996268689], [241596.00070359083, 362321.99962687463], [241596.0007035905, 362323.9996268788], [241594.00070358854, 362323.9996268654], [241594.0007035894, 362325.9996268752], [241592.0007035869, 362325.99962687166], [241592.00070358758, 362327.99962687376], [241590.00070358592, 362327.9996268794], [241590.00070358612, 362329.9996268801], [241588.00070358417, 362329.99962687935], [241588.00070358464, 362331.9996268836], [241586.00070358266, 362331.9996268836], [241586.00070358315, 362333.9996268821], [241584.0007035809, 362333.9996268786], [241584.00070358108, 362335.9996268828], [241582.0007035793, 362335.9996268757], [241582.0007035799, 362337.9996268877], [241580.00070357823, 362337.99962688837], [241580.0007035784, 362339.99962688336], [241576.0007035752, 362339.9996268876], [241576.0007035748, 362341.99962688616], [241574.00070357308, 362341.9996268918], [241574.0007035734, 362343.9996268847], [241572.00070357166, 362343.9996268868], [241572.00070357166, 362345.99962688604], [241570.0007035707, 362345.999626896], [241570.0007035701, 362347.9996268917], [241568.0007035688, 362347.99962689873], [241568.00070356933, 362349.9996269001], [241566.00070356682, 362349.99962689093], [241566.00070356712, 362351.9996268965], [241564.00070356537, 362351.9996268972], [241564.00070356572, 362353.9996269007], [241562.0007035637, 362353.99962689646], [241562.0007035642, 362355.9996268936], [241560.00070356234, 362355.99962689925], [241560.00070356234, 362357.99962690205], [241558.0007035611, 362357.99962690275], [241558.00070356112, 362359.999626902], [241554.00070355754, 362359.9996268999], [241554.00070355763, 362361.99962690054], [241552.0007035564, 362361.99962690764], [241552.00070355664, 362363.99962690193], [241550.00070355434, 362363.9996269069], [241550.0007035552, 362365.9996269089], [241548.0007035534, 362365.9996269097], [241548.00070355335, 362367.99962690746], [241546.0007035518, 362367.99962691526], [241546.00070355198, 362369.99962690886], [241544.00070354997, 362369.9996269138], [241544.00070355003, 362371.99962691235], [241542.00070354852, 362371.99962691305], [241542.0007035489, 362373.99962691724], [241540.00070354715, 362373.99962691724], [241540.00070354692, 362375.9996269165], [241538.0007035458, 362375.99962691223], [241538.00070354587, 362377.9996269164], [241534.00070354235, 362377.99962691433], [241534.00070354235, 362379.9996269221], [241532.00070354057, 362379.99962692417], [241532.00070354066, 362381.9996269163], [241530.0007035395, 362381.9996269241], [241530.0007035392, 362383.99962692335], [241528.0007035376, 362383.9996269177], [241528.00070353772, 362385.9996269219], [241526.00070353615, 362385.99962692475], [241526.0007035364, 362387.9996269247], [241524.00070353458, 362387.999626924], [241524.00070353464, 362389.99962693173], [241522.0007035328, 362389.99962692603], [241522.0007035335, 362391.9996269267], [241520.00070353175, 362391.9996269295], [241520.00070353207, 362393.99962693726], [241518.00070352986, 362393.99962692667], [241518.00070353033, 362395.99962693016], [241514.00070352704, 362395.9996269365], [241514.00070352672, 362397.9996269301], [241512.00070352526, 362397.99962693575], [241512.00070352544, 362399.99962693645], [241510.00070352395, 362399.99962693924], [241510.0007035234, 362401.99962693424], [241508.0007035223, 362401.99962693284], [241508.0007035223, 362403.9996269342], [241506.00070352067, 362403.9996269427], [241506.00070352075, 362405.99962693837], [241504.00070351944, 362405.9996269426], [241504.00070351938, 362407.9996269454], [241502.00070351796, 362407.99962694687], [241502.0007035178, 362409.99962694326], [241500.00070351604, 362409.99962694326], [241500.00070351578, 362411.99962694535], [241498.00070351508, 362411.99962695385], [241498.0007035148, 362413.99962694955], [241496.00070351263, 362413.99962694175], [241496.00070351292, 362415.99962694733], [241492.00070350972, 362415.99962694664], [241492.00070351028, 362417.99962695653], [241490.00070350806, 362417.9996269516], [241490.00070350865, 362419.9996269565], [241488.0007035067, 362419.9996269593], [241488.0007035066, 362421.9996269585], [241486.00070350512, 362421.9996269585], [241486.0007035051, 362423.9996269514], [241484.00070350335, 362423.99962695], [241484.0007035037, 362425.999626962], [241482.0007035023, 362425.9996269556], [241482.00070350262, 362427.9996269605], [241480.0007035007, 362427.9996269669], [241480.00070350058, 362429.99962696614], [241478.00070349907, 362429.99962696544], [241478.00070349907, 362431.99962696043], [241476.00070349724, 362431.9996269576], [241476.0007034977, 362433.9996269575], [241472.0007034947, 362433.99962696887], [241472.00070349462, 362435.9996269759], [241470.00070349252, 362435.99962696387], [241470.00070349252, 362437.9996269645], [241468.00070349133, 362437.9996269631], [241468.00070349127, 362439.99962697085], [241466.0007034895, 362439.99962696445], [241466.00070348996, 362441.99962697714], [241464.0007034882, 362441.99962696864], [241464.00070348862, 362443.999626975], [241462.00070348638, 362443.9996269764], [241462.00070348705, 362445.9996269785], [241460.0007034851, 362445.9996269764], [241460.00070348507, 362447.99962697277], [241458.00070348347, 362447.9996269791], [241458.00070348405, 362449.9996269826], [241456.0007034817, 362449.9996269741], [241456.00070348202, 362451.9996269826], [241452.00070347852, 362451.99962698115], [241452.0007034786, 362453.99962698325], [241450.00070347695, 362453.999626979], [241450.00070347777, 362455.99962698814], [241448.00070347567, 362455.99962697964], [241448.000703476, 362457.99962698313], [241446.00070347416, 362457.9996269846], [241446.00070347413, 362459.99962699227], [241444.0007034728, 362459.99962699227], [241444.00070347273, 362461.9996269823], [241442.00070347142, 362461.9996269908], [241442.000703471, 362463.99962698866], [241440.00070346965, 362463.9996269922], [241440.00070346973, 362465.9996269964], [241438.00070346796, 362465.999626995], [241438.00070346828, 362467.9996269935], [241436.00070346633, 362467.99962699425], [241436.00070346656, 362469.99962699774], [241434.00070346502, 362469.9996269942], [241434.00070346566, 362471.9996270047], [241430.0007034619, 362471.9996269977], [241430.00070346185, 362473.9996270033], [241428.0007034602, 362473.9996270012], [241428.00070346025, 362475.9996270004], [241426.00070345876, 362475.99962700676], [241426.00070345885, 362477.99962700106], [241424.00070345716, 362477.9996270046], [241424.00070345736, 362479.99962700525], [241422.00070345527, 362479.99962700525], [241422.00070345547, 362481.99962700094], [241420.000703454, 362481.9996269974], [241420.00070345443, 362483.99962701084], [241418.00070345274, 362483.9996270073], [241418.0007034527, 362485.9996270129], [241416.0007034507, 362485.99962700583], [241416.00070345064, 362487.9996270072], [241414.00070344956, 362487.9996270065], [241414.00070344942, 362489.99962701637], [241410.00070344607, 362489.99962700997], [241410.00070344578, 362491.9996270099], [241408.00070344462, 362491.99962701346], [241408.00070344453, 362493.99962700985], [241406.00070344307, 362493.999627012], [241406.00070344296, 362495.9996270148], [241404.0007034412, 362495.99962701264], [241404.00070344168, 362497.9996270204], [241402.0007034397, 362497.99962701544], [241402.00070344022, 362499.9996270196], [241400.0007034383, 362499.9996270218], [241400.0007034385, 362501.99962702027], [241398.00070343714, 362501.99962702027], [241398.00070343708, 362503.9996270245], [241396.00070343527, 362503.99962702167], [241396.0007034355, 362505.9996270216], [241394.00070343402, 362505.9996270287], [241394.00070343414, 362507.9996270322], [241390.0007034302, 362507.9996270258], [241390.00070343114, 362509.999627035], [241388.00070342908, 362509.999627035], [241388.00070342925, 362511.99962702784], [241386.00070342707, 362511.9996270222], [241386.00070342742, 362513.9996270334], [241384.00070342573, 362513.9996270271], [241384.00070342625, 362515.99962703127], [241382.0007034246, 362515.99962703197], [241382.00070342465, 362517.9996270319], [241380.00070342273, 362517.9996270305], [241380.00070342285, 362519.99962703616], [241378.00070342157, 362519.9996270432], [241378.00070342183, 362521.99962704314], [241376.00070342005, 362521.9996270361], [241376.0007034201, 362523.9996270424], [241374.00070341848, 362523.9996270417], [241374.00070341877, 362525.9996270438], [241372.0007034171, 362525.9996270431], [241372.0007034172, 362527.9996270501], [241368.0007034136, 362527.9996270388], [241368.00070341406, 362529.99962705147], [241366.00070341173, 362529.99962704227], [241366.00070341254, 362531.99962705], [241364.00070341027, 362531.9996270493], [241364.00070341042, 362533.99962704995], [241362.00070340864, 362533.999627045], [241362.00070340888, 362535.99962705415], [241360.00070340754, 362535.9996270478], [241360.0007034079, 362537.99962704914], [241358.00070340594, 362537.99962705054], [241358.0007034063, 362539.99962706043], [241356.00070340474, 362539.9996270583], [241356.00070340416, 362541.9996270498], [241354.00070340282, 362541.999627059], [241354.00070340288, 362543.99962705607], [241352.00070340117, 362543.9996270596], [241352.00070340175, 362545.9996270624], [241348.00070339817, 362545.9996270645], [241348.0007033981, 362547.99962706235], [241346.0007033966, 362547.9996270595], [241346.0007033966, 362549.9996270623], [241344.00070339482, 362549.99962705735], [241344.0007033952, 362551.9996270672], [241342.00070339363, 362551.99962707073], [241342.00070339328, 362553.99962706293], [241340.0007033915, 362553.9996270615], [241340.00070339217, 362555.9996270756], [241338.0007033906, 362555.9996270678], [241338.00070339078, 362557.99962707417], [241336.00070338915, 362557.99962706777], [241336.0007033889, 362559.99962706916], [241334.00070338734, 362559.99962707126], [241334.0007033877, 362561.9996270776], [241332.0007033859, 362561.99962707545], [241332.00070338583, 362563.99962707754], [241328.00070338268, 362563.99962707824], [241328.00070338254, 362565.99962707324], [241326.0007033808, 362565.9996270761], [241326.00070338117, 362567.99962707533], [241324.0007033791, 362567.9996270781], [241324.0007033795, 362569.9996270838], [241322.00070337774, 362569.9996270816], [241322.0007033784, 362571.999627083], [241320.00070337646, 362571.99962707807], [241320.00070337637, 362573.99962708366], [241318.00070337512, 362573.9996270872], [241318.00070337532, 362575.99962709], [241316.00070337384, 362575.9996270893], [241316.0007033737, 362577.9996270864], [241314.00070337183, 362577.99962708284], [241314.00070337157, 362579.99962708633], [241312.00070337075, 362579.99962709344], [241312.00070337066, 362581.9996270898], [241310.0007033688, 362581.9996270934], [241310.00070336874, 362583.99962709687], [241306.00070336516, 362583.999627094], [241306.00070336592, 362585.99962709186], [241304.00070336382, 362585.99962709896], [241304.00070336415, 362587.9996270911], [241302.00070336246, 362587.99962709536], [241302.00070336257, 362589.9996270946], [241300.00070336077, 362589.9996270932], [241300.00070336094, 362591.9996270995], [241298.00070335952, 362591.9996270967], [241298.00070335917, 362593.9996270945], [241296.00070335783, 362593.9996271009], [241296.0007033577, 362595.9996270959], [241294.00070335626, 362595.9996270987], [241294.0007033562, 362597.9996270979], [241292.00070335437, 362597.9996271001], [241292.00070335492, 362599.99962710496], [241290.0007033528, 362599.99962710356], [241290.00070335314, 362601.9996271049], [241286.00070335012, 362601.9996271028], [241286.00070334997, 362603.99962710985], [241284.00070334846, 362603.99962710985], [241284.00070334875, 362605.9996271126], [241282.00070334686, 362605.9996271112], [241282.0007033466, 362607.9996271055], [241280.00070334558, 362607.9996271126], [241280.00070334531, 362609.9996271146], [241278.00070334406, 362609.9996271189], [241278.00070334427, 362611.9996271167], [241276.0007033426, 362611.9996271174], [241276.00070334278, 362613.9996271202], [241274.00070334086, 362613.99962711596], [241274.0007033405, 362615.9996271159], [241272.00070333952, 362615.999627123], [241272.00070333946, 362617.9996271258], [241270.00070333743, 362617.999627118], [241270.00070333778, 362619.99962712335], [241266.00070333423, 362619.99962711724], [241266.00070333466, 362621.9996271179], [241264.00070333327, 362621.99962712923], [241264.00070333324, 362623.9996271263], [241262.00070333152, 362623.99962713197], [241262.00070333108, 362625.99962712347], [241260.00070332995, 362625.99962712557], [241260.00070333004, 362627.9996271248], [241258.00070332858, 362627.9996271248], [241258.00070332875, 362629.999627129], [241256.00070332654, 362629.9996271368], [241256.00070332727, 362631.99962713744], [241254.00070332512, 362631.9996271311], [241254.00070332567, 362633.9996271367], [241252.00070332366, 362633.9996271367], [241252.00070332392, 362635.9996271395], [241250.0007033223, 362635.9996271374], [241250.0007033222, 362637.99962713517], [241248.00070332066, 362637.9996271394], [241248.00070332058, 362639.99962714437], [241244.00070331738, 362639.9996271394], [241244.00070331772, 362641.9996271464], [241242.00070331572, 362641.9996271471], [241242.00070331641, 362643.9996271485], [241240.00070331412, 362643.99962714495], [241240.00070331417, 362645.99962714134], [241238.00070331272, 362645.9996271449], [241238.00070331307, 362647.9996271484], [241236.0007033111, 362647.9996271406], [241236.00070331115, 362649.9996271505], [241234.0007033098, 362649.9996271491], [241234.0007033095, 362651.9996271426], [241232.00070330818, 362651.9996271497], [241232.0007033085, 362653.99962714827], [241230.00070330699, 362653.9996271539], [241230.0007033068, 362655.9996271482], [241228.0007033051, 362655.9996271496], [241228.00070330544, 362657.9996271595], [241224.0007033018, 362657.99962715665], [241224.00070330198, 362659.99962715094], [241222.00070330052, 362659.99962715805], [241222.00070330064, 362661.99962715583], [241220.0007032992, 362661.9996271601], [241220.00070329924, 362663.999627165], [241218.00070329694, 362663.9996271537], [241218.0007032978, 362665.999627165], [241216.0007032957, 362665.9996271642], [241216.00070329584, 362667.9996271592], [241214.00070329444, 362667.9996271642], [241214.0007032947, 362669.9996271677], [241212.00070329258, 362669.9996271592], [241212.00070329278, 362671.9996271641], [241210.00070329092, 362671.99962716695], [241210.0007032915, 362673.999627169], [241208.00070328932, 362673.99962716474], [241208.0007032895, 362675.9996271647], [241204.00070328667, 362675.99962717463], [241204.00070328644, 362677.9996271647], [241202.00070328478, 362677.9996271647], [241202.0007032848, 362679.9996271738], [241200.0007032836, 362679.9996271745], [241200.00070328327, 362681.9996271766], [241198.00070328158, 362681.9996271716], [241198.00070328228, 362683.9996271801], [241196.0007032803, 362683.9996271723], [241196.00070328044, 362685.9996271772], [241194.0007032787, 362685.99962718075], [241194.00070327855, 362687.99962717714], [241192.0007032773, 362687.99962717784], [241192.0007032772, 362689.9996271813], [241190.00070327558, 362689.99962717784], [241190.00070327552, 362691.99962718907], [241188.00070327366, 362691.999627182], [241188.000703274, 362693.99962718907], [241186.00070327293, 362693.9996271883], [241186.0007032729, 362695.9996271904], [241182.00070326947, 362695.99962718546], [241182.00070326924, 362697.99962718965], [241180.00070326755, 362697.9996271847], [241180.00070326784, 362699.99962718535], [241178.00070326615, 362699.9996271889], [241178.00070326656, 362701.9996271938], [241176.00070326458, 362701.9996271938], [241176.00070326464, 362703.9996271966], [241174.00070326318, 362703.999627193], [241174.00070326283, 362705.9996271895], [241172.00070326155, 362705.9996271958], [241172.00070326182, 362707.99962719646], [241170.00070326027, 362707.9996271986], [241170.00070326045, 362709.99962719856], [241168.00070325853, 362709.99962719856], [241168.0007032587, 362711.9996271992], [241166.0007032572, 362711.9996271957], [241166.0007032575, 362713.99962720624], [241162.00070325355, 362713.99962720484], [241162.00070325358, 362715.9996271963], [241160.0007032519, 362715.99962719984], [241160.00070325244, 362717.9996272061], [241158.00070325108, 362717.9996272061], [241158.00070325067, 362719.9996272104], [241156.000703249, 362719.9996272068], [241156.00070324898, 362721.9996272039], [241154.00070324747, 362721.99962720746], [241154.00070324753, 362723.99962721166], [241152.0007032464, 362723.9996272145], [241152.0007032463, 362725.99962721445], [241150.00070324482, 362725.99962721445], [241150.00070324432, 362727.9996272059], [241148.0007032428, 362727.999627213], [241148.00070324334, 362729.9996272165], [241146.00070324162, 362729.99962722004], [241146.00070324168, 362731.99962721503], [241142.0007032384, 362731.99962721503], [241142.0007032383, 362733.99962721637], [241140.00070323673, 362733.9996272136], [241140.0007032369, 362735.99962721986], [241138.00070323484, 362735.9996272156], [241138.00070323568, 362737.9996272262], [241136.00070323364, 362737.9996272177], [241136.00070323428, 362739.99962722685], [241134.00070323207, 362739.99962722615], [241134.0007032324, 362741.99962722894], [241132.0007032307, 362741.9996272268], [241132.00070323085, 362743.99962722394], [241130.0007032292, 362743.99962722673], [241130.00070322934, 362745.9996272331], [241128.000703227, 362745.9996272232], [241128.00070322785, 362747.999627233], [241126.0007032258, 362747.9996272316], [241126.00070322605, 362749.9996272266], [241124.0007032248, 362749.9996272344], [241124.0007032245, 362751.99962723436], [241120.0007032208, 362751.9996272322], [241120.00070322104, 362753.99962723715], [241118.00070321985, 362753.99962723855], [241118.00070321988, 362755.9996272364], [241116.0007032183, 362755.9996272364], [241116.00070321828, 362757.9996272413], [241114.00070321656, 362757.99962723703], [241114.00070321638, 362759.9996272363], [241112.0007032152, 362759.9996272405], [241112.00070321493, 362761.9996272369], [241110.00070321365, 362761.9996272384], [241110.00070321324, 362763.99962723686], [241108.00070321187, 362763.9996272376], [241108.0007032123, 362765.9996272446], [241106.0007032104, 362765.9996272418], [241106.00070321056, 362767.99962724315], [241104.00070320888, 362767.9996272474], [241104.000703209, 362769.99962724454], [241100.00070320515, 362769.99962724594], [241100.00070320605, 362771.99962724734], [241098.00070320448, 362771.99962725653], [241098.00070320436, 362773.9996272529], [241096.00070320215, 362773.9996272465], [241096.00070320294, 362775.99962725], [241094.00070320079, 362775.99962725356], [241094.00070320128, 362777.9996272521], [241092.00070319953, 362777.99962724926], [241092.00070319948, 362779.9996272556], [241090.0007031974, 362779.9996272535], [241090.00070319822, 362781.99962726334], [241088.000703196, 362781.9996272584], [241088.0007031965, 362783.999627264], [241084.00070319296, 362783.9996272555], [241084.0007031934, 362785.9996272654], [241080.0007031896, 362785.9996272632], [241080.00070319034, 362787.9996272653], [241078.0007031881, 362787.9996272597], [241078.00070318903, 362789.9996272695], [241074.00070318484, 362789.99962726457], [241074.0007031853, 362791.99962726666], [241072.00070318338, 362791.9996272659], [241072.0007031837, 362793.99962726305], [241068.00070318018, 362793.99962726515], [241068.00070318056, 362795.9996272701], [241066.0007031789, 362795.9996272722], [241066.000703179, 362797.99962727004], [241062.00070317517, 362797.99962726934], [241062.0007031759, 362799.99962727213], [241060.00070317363, 362799.9996272686], [241060.00070317462, 362801.9996272777], [241056.000703171, 362801.9996272728], [241056.00070317095, 362803.99962727627], [241052.00070316764, 362803.99962727627], [241052.00070316813, 362805.9996272826], [241050.00070316644, 362805.99962727906], [241050.00070316615, 362807.9996272811], [241046.00070316248, 362807.9996272776], [241046.00070316275, 362809.99962728674], [241044.00070316144, 362809.99962728674], [241044.00070316147, 362811.999627286], [241040.00070315826, 362811.99962728244], [241040.0007031584, 362813.999627288], [241038.00070315623, 362813.9996272817], [241038.00070315623, 362815.9996272838], [241034.0007031535, 362815.99962728727], [241034.00070315323, 362817.99962728086], [241032.00070315175, 362817.99962729076], [241032.00070315236, 362819.99962729285], [241028.00070314846, 362819.99962729355], [241028.0007031486, 362821.99962728855], [241024.00070314566, 362821.9996272928], [241024.00070314505, 362823.99962728994], [241022.00070314392, 362823.99962728994], [241022.0007031442, 362825.99962729553], [241018.00070314083, 362825.999627297], [241018.00070314092, 362827.9996272955], [241016.00070313926, 362827.999627299], [241016.00070313842, 362829.9996272926], [241012.0007031353, 362829.99962729117], [241012.0007031363, 362831.99962729967], [241010.00070313388, 362831.9996272968], [241010.00070313414, 362833.9996273024], [241006.0007031312, 362833.99962729745], [241006.00070313088, 362835.9996272967], [241004.00070312954, 362835.9996272974], [241004.00070312957, 362837.99962730234], [241000.00070312642, 362837.9996273073], [241000.00070312613, 362839.9996273044], [240996.00070312287, 362839.9996273023], [240996.00070312325, 362841.9996273044], [240994.00070312165, 362841.9996273058], [240994.0007031213, 362843.99962730287], [240990.00070311796, 362843.99962730857], [240990.00070311825, 362845.9996273113], [240988.0007031167, 362845.99962730496], [240988.00070311708, 362847.9996273141], [240984.00070311362, 362847.99962730706], [240984.00070311315, 362849.99962731055], [240982.0007031122, 362849.99962731905], [240982.00070311222, 362851.99962731474], [240978.00070310847, 362851.99962731753], [240978.00070310864, 362853.9996273203], [240976.0007031072, 362853.99962731043], [240976.00070310757, 362855.9996273189], [240972.0007031041, 362855.9996273182], [240972.00070310401, 362857.9996273174], [240968.00070310073, 362857.99962732027], [240968.00070310044, 362859.99962731596], [240966.0007030991, 362859.99962731806], [240966.0007030991, 362861.99962732085], [240962.00070309575, 362861.99962731946], [240962.00070309592, 362863.99962732504], [240960.00070309456, 362863.9996273215], [240960.00070309464, 362865.9996273236], [240956.000703091, 362865.9996273307], [240956.00070309138, 362867.9996273257], [240954.00070308955, 362867.9996273278], [240954.00070308952, 362869.9996273277], [240950.0007030863, 362869.9996273341], [240950.00070308652, 362871.99962732766], [240946.00070308306, 362871.9996273383], [240946.00070308364, 362873.9996273354], [240944.00070308114, 362873.9996273241], [240944.00070308187, 362875.99962733185], [240940.0007030787, 362875.9996273382], [240940.0007030785, 362877.99962733744], [240938.00070307686, 362877.9996273318], [240938.00070307695, 362879.9996273374], [240934.00070307386, 362879.99962734093], [240934.00070307357, 362881.9996273409], [240932.00070307223, 362881.9996273395], [240932.00070307226, 362883.9996273423], [240928.00070306918, 362883.99962734437], [240928.0007030691, 362885.99962734507], [240926.00070306723, 362885.9996273493], [240926.0007030669, 362887.9996273393], [240922.00070306385, 362887.9996273393], [240922.00070306423, 362889.99962735205], [240918.00070306068, 362889.9996273414], [240918.0007030608, 362891.9996273463], [240916.00070305925, 362891.99962734774], [240916.00070305917, 362893.9996273484], [240912.000703056, 362893.9996273484], [240912.00070305617, 362895.999627349], [240910.00070305465, 362895.9996273483], [240910.0007030545, 362897.9996273455], [240906.00070305122, 362897.9996273547], [240906.0007030513, 362899.99962735816], [240904.0007030495, 362899.99962734827], [240904.0007030499, 362901.9996273574], [240900.00070304633, 362901.99962735176], [240900.00070304648, 362903.9996273552], [240898.00070304525, 362903.9996273609], [240898.00070304537, 362905.99962735944], [240894.00070304133, 362905.9996273637], [240894.00070304194, 362907.99962735514], [240890.00070303862, 362907.99962736294], [240890.0007030386, 362909.9996273593], [240888.00070303713, 362909.9996273657], [240888.0007030374, 362911.99962736847], [240884.0007030338, 362911.9996273621], [240884.00070303434, 362913.99962736916], [240882.0007030325, 362913.9996273684], [240882.00070303222, 362915.9996273719], [240878.00070302867, 362915.9996273627], [240878.00070302913, 362917.99962736905], [240876.0007030271, 362917.9996273641], [240876.00070302692, 362919.99962736544], [240872.0007030237, 362919.99962736544], [240872.00070302427, 362921.9996273746], [240870.00070302255, 362921.99962737033], [240870.00070302247, 362923.9996273731], [240866.0007030191, 362923.99962737033], [240866.0007030191, 362925.99962737807], [240862.00070301647, 362925.99962738017], [240862.00070301644, 362927.9996273808], [240860.00070301426, 362927.9996273787], [240860.0007030151, 362929.9996273843], [240856.00070301126, 362929.9996273744], [240856.00070301144, 362931.99962737504], [240854.0007030094, 362931.9996273779], [240854.00070300978, 362933.9996273821], [240850.00070300623, 362933.9996273807], [240850.00070300637, 362935.99962737923], [240848.00070300515, 362935.99962738773], [240848.0007030053, 362937.9996273834], [240844.00070300163, 362937.9996273799], [240844.0007030018, 362939.9996273883], [240842.0007030004, 362939.99962739117], [240842.0007030006, 362941.9996273847], [240838.00070299732, 362941.99962738826], [240838.000702997, 362943.99962738896], [240834.0007029933, 362943.9996273854], [240834.00070299412, 362945.9996273917], [240832.00070299223, 362945.9996273917], [240832.0007029923, 362947.99962739093], [240828.00070298937, 362947.99962739594], [240828.00070298917, 362949.9996273895], [240826.00070298743, 362949.9996273966], [240826.0007029876, 362951.9996273951], [240822.00070298478, 362951.9996273987], [240822.00070298408, 362953.9996273915], [240820.00070298303, 362953.9996274014], [240820.0007029829, 362955.9996274014], [240816.00070297968, 362955.9996274028], [240816.00070297936, 362957.99962739565], [240812.00070297607, 362957.9996273999], [240812.00070297645, 362959.99962739844], [240810.00070297503, 362959.99962740834], [240810.00070297485, 362961.99962740194], [240806.00070297145, 362961.99962740333], [240806.00070297145, 362963.9996274005], [240804.00070296985, 362963.9996274061], [240804.0007029702, 362965.9996274096], [240800.0007029666, 362965.9996274118], [240800.0007029669, 362967.99962740747], [240798.00070296507, 362967.99962740607], [240798.00070296493, 362969.99962740956], [240794.00070296178, 362969.9996274074], [240794.00070296208, 362971.99962741655], [240792.00070296053, 362971.99962740735], [240792.00070296074, 362973.99962741084], [240788.0007029568, 362973.9996274066], [240788.00070295716, 362975.9996274172], [240784.00070295378, 362975.9996274165], [240784.00070295404, 362977.9996274171], [240782.0007029524, 362977.99962742], [240782.00070295268, 362979.9996274192], [240778.00070294904, 362979.9996274164], [240778.00070294904, 362981.99962741917], [240776.00070294738, 362981.9996274255], [240776.00070294813, 362983.9996274212], [240772.0007029442, 362983.9996274177], [240772.00070294447, 362985.99962742045], [240770.00070294243, 362985.9996274226], [240770.00070294298, 362987.99962742894], [240766.00070293964, 362987.99962742394], [240766.00070293946, 362989.99962742603], [240764.00070293827, 362989.999627431], [240764.00070293815, 362991.99962742743], [240760.0007029349, 362991.9996274317], [240760.00070293492, 362993.9996274309], [240756.0007029318, 362993.9996274274], [240756.00070293155, 362995.9996274365], [240754.0007029301, 362995.9996274294], [240754.0007029299, 362997.9996274322], [240750.0007029267, 362997.99962743575], [240750.00070292642, 362999.99962743215], [240748.00070292503, 362999.99962743005], [240748.00070292526, 363001.99962743284], [240744.00070292177, 363001.99962743494], [240744.00070292174, 363003.99962742993], [240742.0007029205, 363003.9996274349], [240742.00070292025, 363005.9996274356], [240738.00070291723, 363005.9996274377], [240738.00070291717, 363007.9996274433], [240736.00070291557, 363007.99962743977], [240736.0007029156, 363009.99962744256], [240732.00070291242, 363009.9996274411], [240732.00070291274, 363011.99962744885], [240728.00070290925, 363011.99962744815], [240728.00070290957, 363013.9996274488], [240726.00070290803, 363013.9996274474], [240726.00070290765, 363015.9996274431], [240722.00070290448, 363015.9996274438], [240722.00070290457, 363017.99962744303], [240720.0007029031, 363017.9996274452], [240720.00070290352, 363019.9996274536], [240716.00070289927, 363019.9996274508], [240716.0007028997, 363021.99962745147], [240714.00070289776, 363021.9996274472], [240714.00070289793, 363023.99962745496], [240710.00070289482, 363023.99962744926], [240710.000702895, 363025.99962745135], [240708.000702893, 363025.99962745066], [240708.00070289342, 363027.9996274577], [240704.00070289, 363027.9996274527], [240704.00070289022, 363029.9996274647], [240700.00070288705, 363029.9996274619], [240700.000702887, 363031.99962745473], [240698.000702885, 363031.9996274576], [240698.00070288524, 363033.9996274575], [240694.00070288227, 363033.9996274653], [240694.00070288166, 363035.99962745886], [240692.00070288053, 363035.99962746387], [240692.00070288053, 363037.9996274652], [240688.0007028772, 363037.9996274581], [240688.00070287767, 363039.99962746515], [240686.00070287535, 363039.99962746445], [240686.00070287572, 363041.9996274637], [240682.0007028725, 363041.99962746794], [240682.00070287258, 363043.9996274736], [240678.0007028694, 363043.9996274672], [240678.00070286944, 363045.9996274678], [240676.00070286795, 363045.99962746643], [240676.00070286787, 363047.9996274728], [240672.0007028646, 363047.9996274784], [240672.0007028651, 363049.99962747766], [240670.00070286312, 363049.9996274713], [240670.00070286333, 363051.9996274769], [240666.0007028597, 363051.999627479], [240666.0007028601, 363053.99962747685], [240664.00070285794, 363053.99962747615], [240664.0007028588, 363055.99962748174], [240660.00070285535, 363055.9996274832], [240660.00070285553, 363057.99962748174], [240658.000702853, 363057.99962747324], [240658.0007028536, 363059.9996274817], [240654.0007028505, 363059.9996274795], [240654.00070285032, 363061.99962747877], [240650.00070284688, 363061.9996274809], [240650.00070284717, 363063.9996274851], [240648.00070284566, 363063.99962748867], [240648.00070284534, 363065.99962749], [240644.00070284214, 363065.99962749], [240644.00070284217, 363067.9996274949], [240642.00070284092, 363067.99962748925], [240642.00070284045, 363069.99962749134], [240638.00070283734, 363069.9996274892], [240638.00070283742, 363071.9996274934], [240636.00070283606, 363071.99962749693], [240636.0007028361, 363073.9996274948], [240632.0007028325, 363073.9996274934], [240632.00070283294, 363075.9996274969], [240630.0007028307, 363075.9996274926], [240630.00070283128, 363077.99962749326], [240626.00070282826, 363077.99962750037], [240626.00070282814, 363079.9996274939], [240622.00070282468, 363079.99962750456], [240622.00070282508, 363081.9996275038], [240620.0007028233, 363081.9996274981], [240620.00070282348, 363083.99962750234], [240616.00070281985, 363083.9996274995], [240616.00070282014, 363085.99962749874], [240614.00070281827, 363085.99962749943], [240614.00070281827, 363087.9996275043], [240610.00070281475, 363087.9996274994], [240610.00070281513, 363089.99962751067], [240608.00070281368, 363089.9996275057], [240608.0007028135, 363091.9996275085], [240604.00070281018, 363091.99962750426], [240604.00070281053, 363093.9996275134], [240602.0007028089, 363093.9996275127], [240602.00070280896, 363095.99962750624], [240598.00070280535, 363095.9996275105], [240598.00070280544, 363097.99962750974], [240594.00070280215, 363097.99962751754], [240594.0007028025, 363099.999627521], [240592.00070280128, 363099.99962751893], [240592.000702801, 363101.9996275182], [240588.0007027974, 363101.9996275111], [240588.0007027977, 363103.99962751527], [240586.00070279636, 363103.9996275195], [240586.00070279618, 363105.99962751946], [240582.00070279304, 363105.99962752516], [240582.00070279292, 363107.9996275173], [240580.00070279153, 363107.9996275265], [240580.00070279112, 363109.99962752574], [240576.00070278783, 363109.99962751794], [240576.00070278786, 363111.9996275179], [240574.00070278667, 363111.99962752213], [240574.00070278623, 363113.99962752213], [240570.00070278326, 363113.99962752213], [240570.00070278355, 363115.9996275277], [240566.0007027801, 363115.9996275313], [240566.00070278026, 363117.9996275305], [240564.00070277884, 363117.9996275326], [240564.00070277846, 363119.9996275276], [240560.0007027752, 363119.99962752906], [240560.00070277575, 363121.9996275389], [240558.00070277374, 363121.99962753465], [240558.0007027734, 363123.99962752755], [240554.00070277016, 363123.99962753034], [240554.00070277063, 363125.99962753954], [240552.0007027689, 363125.99962753174], [240552.00070276874, 363127.99962753453], [240548.0007027655, 363127.9996275324], [240548.0007027656, 363129.9996275345], [240544.00070276263, 363129.9996275359], [240544.00070276248, 363131.99962753867], [240542.00070276085, 363131.9996275429], [240542.00070276097, 363133.99962754146], [240538.00070275794, 363133.99962754146], [240538.00070275774, 363135.99962754495], [240536.0007027564, 363135.9996275428], [240536.00070275614, 363137.999627552], [240532.0007027527, 363137.99962754064], [240532.0007027526, 363139.99962754553], [240530.00070275113, 363139.99962754623], [240530.00070275177, 363141.9996275455], [240526.00070274805, 363141.9996275434], [240526.00070274805, 363143.9996275455], [240524.000702747, 363143.9996275547], [240524.00070274697, 363145.99962755176], [240520.0007027433, 363145.99962755176], [240520.0007027433, 363147.99962755316], [240516.00070274022, 363147.99962755456], [240516.00070273975, 363149.99962755095], [240514.00070273803, 363149.9996275474], [240514.00070273873, 363151.99962755374], [240510.0007027351, 363151.99962755165], [240510.00070273562, 363153.99962755863], [240508.00070273379, 363153.9996275615], [240508.00070273402, 363155.9996275558], [240504.00070273073, 363155.9996275643], [240504.000702731, 363157.9996275628], [240502.00070272855, 363157.9996275564], [240502.00070272936, 363159.99962756207], [240498.0007027259, 363159.9996275677], [240498.00070272628, 363161.99962756626], [240496.00070272424, 363161.99962756626], [240496.00070272418, 363163.99962755985], [240492.00070272136, 363163.99962756404], [240492.00070272104, 363165.9996275633], [240488.00070271827, 363165.99962757254], [240488.0007027176, 363167.9996275647], [240484.00070271455, 363167.999627564], [240484.0007027147, 363169.9996275745], [240480.0007027113, 363169.9996275696], [240480.000702711, 363171.999627571], [240474.0007027061, 363171.99962757167], [240474.0007027064, 363173.99962757586], [240470.00070270294, 363173.99962757516], [240470.00070270343, 363175.9996275765], [240466.0007027002, 363175.99962757865], [240466.0007027001, 363177.99962757225], [240460.00070269473, 363177.9996275793], [240460.00070269514, 363179.99962757574], [240456.00070269185, 363179.9996275842], [240456.00070269182, 363181.999627575], [240450.000702687, 363181.9996275778], [240450.0007026873, 363183.9996275841], [240446.00070268344, 363183.9996275841], [240446.000702684, 363185.99962758546], [240440.00070267895, 363185.99962758407], [240440.00070267866, 363187.99962758756], [240436.00070267494, 363187.99962758116], [240436.0007026749, 363189.9996275804], [240432.00070267243, 363189.9996275889], [240432.00070267223, 363191.99962759315], [240426.00070266725, 363191.99962758605], [240426.00070266673, 363193.99962758244], [240422.00070266356, 363193.999627586], [240422.00070266362, 363195.99962758593], [240416.00070265876, 363195.9996275881], [240416.00070265925, 363197.999627593], [240412.00070265552, 363197.9996275887], [240412.000702656, 363199.9996275993], [240406.00070265072, 363199.99962759577], [240406.0007026509, 363201.99962759856], [240402.00070264706, 363201.9996275886], [240402.00070264796, 363203.99962759635], [240398.00070264444, 363203.9996276006], [240398.0007026444, 363205.99962759065], [240392.00070263934, 363205.9996275963], [240392.0007026396, 363207.99962760264], [240388.00070263605, 363207.9996275984], [240388.0007026365, 363209.9996276005], [240382.000702631, 363209.9996276012], [240382.00070263143, 363211.9996276033], [240378.00070262802, 363211.9996275962], [240378.00070262846, 363213.9996276053], [240372.00070262287, 363213.9996276025], [240372.00070262345, 363215.99962760386], [240368.00070261955, 363215.9996276003], [240368.00070262022, 363217.99962760665], [240364.00070261685, 363217.99962760665], [240364.0007026164, 363219.9996276073], [240358.00070261152, 363219.99962761084], [240358.00070261135, 363221.99962760514], [240354.00070260814, 363221.9996276094], [240354.0007026087, 363223.9996276065], [240348.0007026037, 363223.99962760793], [240348.0007026035, 363225.99962761067], [240344.0007026001, 363225.99962761067], [240344.00070260052, 363227.999627617], [240338.0007025954, 363227.99962761276], [240338.00070259554, 363229.9996276134], [240334.00070259225, 363229.99962761765], [240334.00070259196, 363231.99962760985], [240330.00070258914, 363231.99962761975], [240330.00070258888, 363233.9996276183], [240324.0007025839, 363233.9996276112], [240324.0007025837, 363235.99962762604], [240320.0007025807, 363235.99962762604], [240320.00070258067, 363237.9996276231], [240314.00070257575, 363237.9996276238], [240314.00070257572, 363239.9996276259], [240310.0007025723, 363239.999627621], [240310.00070257232, 363241.99962762516], [240304.0007025675, 363241.9996276223], [240304.00070256795, 363243.999627623], [240300.00070256388, 363243.99962762085], [240300.00070256414, 363245.9996276258], [240296.00070256123, 363245.99962763005], [240296.0007025613, 363247.99962762854], [240290.0007025559, 363247.9996276321], [240290.00070255657, 363249.9996276342], [240286.0007025531, 363249.99962763203], [240286.00070255296, 363251.9996276292], [240280.00070254787, 363251.9996276278], [240280.00070254813, 363253.9996276298], [240276.00070254467, 363253.999627632], [240276.00070254516, 363255.99962763616], [240270.00070253943, 363255.999627634], [240270.0007025396, 363257.99962763046], [240266.00070253608, 363257.9996276269], [240266.00070253646, 363259.9996276332], [240262.00070253332, 363259.9996276318], [240262.0007025337, 363261.99962764024], [240256.00070252793, 363261.9996276339], [240256.00070252852, 363263.99962763523], [240252.0007025254, 363263.99962764303], [240252.00070252485, 363265.99962763593], [240246.00070252028, 363265.99962763663], [240246.0007025201, 363267.9996276366], [240242.00070251722, 363267.99962764647], [240242.00070251725, 363269.99962764076], [240236.0007025119, 363269.99962763867], [240236.00070251233, 363271.99962764495], [240232.0007025088, 363271.99962765066], [240232.00070250913, 363273.99962765415], [240228.0007025056, 363273.9996276513], [240228.00070250558, 363275.9996276484], [240222.00070250107, 363275.99962765264], [240222.00070250107, 363277.99962765473], [240218.0007024972, 363277.9996276568], [240218.00070249752, 363279.9996276504], [240212.00070249205, 363279.9996276526], [240212.00070249254, 363281.99962764897], [240208.00070248896, 363281.99962765817], [240208.00070248893, 363283.9996276503], [240204.00070248556, 363283.99962765106], [240202.000702484, 363283.9996276489], [240202.00070248466, 363285.99962765595], [240204.0007024862, 363285.9996276602], [240198.00070248102, 363285.99962765735]]]}}]}