key,col,Cluster,E,N,slope_mm_yr_2005_2025,p_ar_2005_2025,p_ols_2005_2025,sig_2005_2025,rho_2005_2025,n_eff_2005_2025,boot_lo_mm_yr_2005_2025,boot_hi_mm_yr_2005_2025,boot_sig_2005_2025,n_2005_2025,cwb_loading_mm_per_m_2005_2025,dh_corr_mm_2005_2025,bhat_m_per_cwb_2005_2025,slope_mm_yr_2011_2025,p_ar_2011_2025,p_ols_2011_2025,sig_2011_2025,rho_2011_2025,n_eff_2011_2025,boot_lo_mm_yr_2011_2025,boot_hi_mm_yr_2011_2025,boot_sig_2011_2025,n_2011_2025,cwb_loading_mm_per_m_2011_2025,slope_mm_yr_2006_2012,p_ar_2006_2012,p_ols_2006_2012,sig_2006_2012,rho_2006_2012,n_eff_2006_2012,boot_lo_mm_yr_2006_2012,boot_hi_mm_yr_2006_2012,boot_sig_2006_2012,n_2006_2012,cwb_loading_mm_per_m_2006_2012,dh_corr_mm_2006_2012,bhat_m_per_cwb_2006_2012,slope_mm_yr_2015_2017,p_ar_2015_2017,p_ols_2015_2017,sig_2015_2017,rho_2015_2017,n_eff_2015_2017,boot_lo_mm_yr_2015_2017,boot_hi_mm_yr_2015_2017,boot_sig_2015_2017,n_2015_2017,cwb_loading_mm_per_m_2015_2017,dh_corr_mm_2015_2017,bhat_m_per_cwb_2015_2017,slope_mm_yr_2017_2025,p_ar_2017_2025,p_ols_2017_2025,sig_2017_2025,rho_2017_2025,n_eff_2017_2025,boot_lo_mm_yr_2017_2025,boot_hi_mm_yr_2017_2025,boot_sig_2017_2025,n_2017_2025,cwb_loading_mm_per_m_2017_2025,dh_corr_mm_2017_2025,bhat_m_per_cwb_2017_2025,slope_mm_yr_2018_2025,p_ar_2018_2025,p_ols_2018_2025,sig_2018_2025,rho_2018_2025,n_eff_2018_2025,boot_lo_mm_yr_2018_2025,boot_hi_mm_yr_2018_2025,boot_sig_2018_2025,n_2018_2025,cwb_loading_mm_per_m_2018_2025,dh_corr_mm_2018_2025,bhat_m_per_cwb_2018_2025,slope_mm_yr_2005_2010,p_ar_2005_2010,p_ols_2005_2010,sig_2005_2010,rho_2005_2010,n_eff_2005_2010,boot_lo_mm_yr_2005_2010,boot_hi_mm_yr_2005_2010,boot_sig_2005_2010,n_2005_2010,cwb_loading_mm_per_m_2005_2010,dh_corr_mm_2005_2010,bhat_m_per_cwb_2005_2010,slope_mm_yr_2005_2013,p_ar_2005_2013,p_ols_2005_2013,sig_2005_2013,rho_2005_2013,n_eff_2005_2013,boot_lo_mm_yr_2005_2013,boot_hi_mm_yr_2005_2013,boot_sig_2005_2013,n_2005_2013,cwb_loading_mm_per_m_2005_2013,dh_corr_mm_2005_2013,bhat_m_per_cwb_2005_2013,slope_mm_yr_2005_2016,p_ar_2005_2016,p_ols_2005_2016,sig_2005_2016,rho_2005_2016,n_eff_2005_2016,boot_lo_mm_yr_2005_2016,boot_hi_mm_yr_2005_2016,boot_sig_2005_2016,n_2005_2016,cwb_loading_mm_per_m_2005_2016,dh_corr_mm_2005_2016,bhat_m_per_cwb_2005_2016,slope_mm_yr_2005_2019,p_ar_2005_2019,p_ols_2005_2019,sig_2005_2019,rho_2005_2019,n_eff_2005_2019,boot_lo_mm_yr_2005_2019,boot_hi_mm_yr_2005_2019,boot_sig_2005_2019,n_2005_2019,cwb_loading_mm_per_m_2005_2019,dh_corr_mm_2005_2019,bhat_m_per_cwb_2005_2019,slope_mm_yr_2005_2022,p_ar_2005_2022,p_ols_2005_2022,sig_2005_2022,rho_2005_2022,n_eff_2005_2022,boot_lo_mm_yr_2005_2022,boot_hi_mm_yr_2005_2022,boot_sig_2005_2022,n_2005_2022,cwb_loading_mm_per_m_2005_2022,dh_corr_mm_2005_2022,bhat_m_per_cwb_2005_2022
ceh1,ceh1,3.0,241595.864,363948.335,-8.520883895574372,0.6888133111914213,0.636298419384518,False,0.1577369247824314,14.550163464395876,-43.262500864192475,26.4316599555751,False,20.0,2808.5578263015086,-62.42644706990386,4.682001875199601,27.781657267877513,0.3874338375782952,0.29892828387157655,False,0.16818399651268817,10.680885964503245,-20.4149036620473,74.30177507124246,False,15.0,5165.178340955845,-233.27369140657828,0.18859893877396108,0.009988435779929956,False,0.32801211559271193,4.0,-309.2069679950944,-161.478460544906,True,7,-2643.481655233423,-999.3411996196631,4.682001875199601,-357.4173317440995,2.7656058858717807e-16,2.7656058858717807e-16,True,0.0,4.0,-357.4173317440998,-357.4173317440995,True,3.0,13565.508278264642,-268.54682038332123,4.682001875199601,84.70380732894581,0.15496302386273994,0.15496302386273994,False,0.0,9.0,7.127651595501928,173.45281388836506,True,9.0,3281.8697222958353,574.2955745119235,4.682001875199601,84.5390118467857,0.27056439562622153,0.27056439562622153,False,0.0,8.0,-4.24399649579912,192.43067984426165,False,8.0,3280.3922363320685,468.49611914004976,4.682001875199601,-110.51547278221486,0.06900725146098399,0.06900725146098399,False,0.0,5.0,-136.69371152610356,-75.2795271438731,True,5.0,-1834.271735081078,-119.27597783705315,4.682001875199601,-118.52439831787098,0.14998988969245183,0.14998988969245183,False,0.0,8.0,-214.2593986380388,-47.15117934398272,True,8,2352.9741872185537,-681.2274797264841,4.682001875199601,-38.98956963181482,0.44298144096175773,0.4360193645652597,False,0.013813544468907809,10.70024273203494,-126.69958612902346,37.423447621916374,False,11,4757.58927507778,-267.08159799355093,4.682001875199601,-64.22029677559937,0.07944793922807913,0.07774031346652036,False,0.00522790273692785,13.85438001050764,-123.60352831006924,-10.845212758285134,True,14,4406.503090344127,-647.246470259311,4.682001875199601,-14.979089591406169,0.6076207179625408,0.5460396542813686,False,0.15180367415091323,12.518919554640354,-57.472408603888425,25.691666862415623,False,17,1867.4499740079532,-384.8715877926216,4.682001875199601
ceh10,ceh10,2.0,242538.185,363173.915,1.7090510877828535,0.9246324678227128,0.9246324678227128,False,0.0,19.0,-29.167359764733792,33.128259326548864,False,19.0,3223.391597605339,132.54229922888538,5.759675357050865,18.384875088546693,0.5240596656752692,0.46629329295697475,False,0.12466647588828361,11.674574767870991,-26.8604808368055,62.64986353802679,False,15.0,5191.898842599641,-163.57445421298044,0.059552837964530675,0.0034031966698517347,False,0.17296220673998206,4.230508648144463,-184.42541675130875,-140.96812401040526,True,6,-1172.21982624168,-541.7647829334907,5.759675357050865,-383.9305746887911,3.3157038088304913e-16,3.3157038088304913e-16,True,0.0,4.0,-383.9305746887912,-383.93057468879095,True,3.0,15483.582194658617,-279.3534349449749,5.759675357050865,75.50216835453156,0.2306302084387112,0.22221351698262568,False,0.015276077323531034,8.729167860875407,-6.230956398711635,167.86690415021073,False,9.0,3564.63745392666,580.066099270887,5.759675357050865,64.68010273111524,0.4111059626067487,0.4111059626067487,False,0.0,8.0,-32.00940896443092,175.06944660897395,False,8.0,3467.6114320483543,328.95371138019283,5.759675357050865,-116.86333079610311,0.09012816724157732,0.09012816724157732,False,0.0,4.0,-126.16646516313446,-102.71828636363422,True,4.0,-1378.0599689716805,-727.2135538085557,5.759675357050865,-77.20130317533025,0.37873316351451425,0.37873316351451425,False,0.0,7.0,-134.51631347930794,8.657470788845046,False,7,3468.7184256707214,-393.64239183504867,5.759675357050865,-20.00168236763162,0.7218607635517322,0.7218607635517322,False,0.0,10.0,-93.12497951833491,62.46987602510254,False,10,5499.36484090427,-145.61666696650155,5.759675357050865,-62.042622496869065,0.14301978488999298,0.14301978488999298,False,0.0,13.0,-128.93045182187313,2.448508553826861,False,13,5605.84340712284,-570.8557917301893,5.759675357050865,5.089184627009136,0.8412174900711974,0.8412174900711974,False,0.0,16.0,-37.22479108223139,45.987606035944026,False,16,1604.88644921764,-175.8789005036885,5.759675357050865
ceh11,ceh11,1.0,242618.62,362688.287,-3.632699038716769,0.722146378062631,0.722146378062631,False,0.0,19.0,-21.071778141285183,14.801916396861508,False,19.0,2221.6279480899343,-12.80384442164284,4.354847565297122,4.80773424933334,0.7459570016606685,0.7450265433270932,False,0.003595453794555504,14.892522815414482,-18.88357973131878,28.596919808768522,False,15.0,3165.0089555886393,-87.7795317485871,0.24437441018248174,0.042751842250296046,False,0.3044830310340078,4.0,-121.1655935221092,-53.922263257391855,True,6,375.3249161911562,-288.2101466678552,4.354847565297122,-188.6925862951313,1.0922798019534806e-15,1.0922798019534806e-15,True,0.0,4.0,-188.69258629513163,-188.69258629513104,True,3.0,9701.562272775333,-108.7779733345403,4.354847565297122,22.495437206892927,0.5074338536160419,0.5074338536160419,False,0.0,9.0,-21.029475633265275,71.26810327095701,False,9.0,1404.1829660272404,275.6587735332915,4.354847565297122,14.671601432588277,0.7372768329695171,0.7372768329695171,False,0.0,8.0,-37.043716729932456,76.50411886893077,False,8.0,1334.0377934303008,163.7341297347249,4.354847565297122,-18.06641725289378,0.38485716554620825,0.38485716554620825,False,0.0,4.0,-28.665341627738538,-11.095550665946405,True,4.0,73.7456617594168,-285.61520928866423,4.354847565297122,-38.58414320784842,0.4653714114887879,0.4653714114887879,False,0.0,7.0,-88.75447051713437,25.572695385467583,False,7,3018.655138066276,-188.5310767504344,4.354847565297122,-19.645638972886267,0.5340810722327727,0.5340810722327727,False,0.0,10.0,-62.21897663120321,28.134954623755025,False,10,4228.141461843659,-156.3588002211091,4.354847565297122,-41.198016465647626,0.08482464680958847,0.08482464680958847,False,0.0,13.0,-77.38473708659549,-3.6459325988781806,True,13,4209.82016986934,-392.45348154087736,4.354847565297122,-2.6395182590408517,0.8632462744099669,0.8632462744099669,False,0.0,16.0,-27.451748059596557,21.224930415198983,False,16,1929.8130863127287,-173.76056947092394,4.354847565297122
ceh13,ceh13,4.0,240964.108,364066.298,-3.866690370084136,0.8522974056685981,0.8482909043678125,False,0.025995238751499235,17.087882126828628,-37.41404141274969,28.814914404053336,False,18.0,721.7145861693413,20.03495350901774,3.1401810577423093,24.070627646702647,0.5064965321238057,0.42278592276811616,False,0.17102184593592926,9.91074094576027,-28.134577894779756,78.70922667181699,False,14.0,3019.1521201158776,-249.26042340212052,0.07631680981227536,0.07631680981227536,False,0.0,5.0,-306.61371709231975,-171.44391039369867,True,5,-1996.6935755988286,-716.3598024292017,3.1401810577423093,-324.9105206301753,5.375454393187942e-16,5.375454393187942e-16,True,0.0,4.0,-324.9105206301756,-324.9105206301753,True,3.0,10479.911108413467,-281.089130158682,3.1401810577423093,92.56432123114747,0.19001238229811548,0.19001238229811548,False,0.0,9.0,-5.11198097612205,206.06114344179366,False,9.0,2140.1706014117526,556.4522382384298,3.1401810577423093,92.97170666810173,0.30897518796148704,0.30897518796148704,False,0.0,8.0,-20.10341155407512,233.8533724482481,False,8.0,2143.8230453807914,491.9283387764948,3.1401810577423093,-167.71164838015994,0.32008652612966,0.32008652612966,False,0.0,4.0,-246.03701434350833,-116.19739493382086,True,4.0,-2328.438134826906,-817.4931523997012,3.1401810577423093,-95.48315175296219,0.47072091889628637,0.47072091889628637,False,0.0,6.0,-223.23825035626842,56.439044582720314,False,6,1827.6889304816582,-571.6094424517269,3.1401810577423093,-34.620658111641944,0.5708940955571169,0.5708940955571169,False,0.0,9.0,-127.76322252899152,59.42225680806112,False,9,2811.092534379052,-335.39857705908673,3.1401810577423093,-74.7216906663506,0.09143896848463313,0.09143896848463313,False,0.0,12.0,-139.74472722118432,-8.709146480163072,True,12,3358.9069680656435,-668.1424391060177,3.1401810577423093,-2.2557521649784196,0.9388723067746491,0.9360286469855804,False,0.04314075685448529,13.759301947383216,-42.84006345614947,39.15323258309344,False,15,-990.7729533386164,-191.6750959133644,3.1401810577423093
ceh14,ceh14,4.0,241292.0,364488.0,-4.446063751651685,0.867294531818746,0.867294531818746,False,0.0,18.0,-47.955146667774784,37.52489536175093,False,18.0,2912.6238401531573,-3.1246942987851467,5.5172534167464224,24.800911309306173,0.6006544515778202,0.5283065445920331,False,0.1701532021226181,9.928490687551811,-43.02272575573187,98.93232431864247,False,14.0,6180.199987480709,-258.63849395160355,0.11640816808469842,0.11640816808469842,False,0.0,5.0,-320.27682659985055,-149.77099615605027,True,5,-2960.8356397581106,-757.2494382186183,5.5172534167464224,-461.6572112259105,6.019034770168058e-16,6.019034770168058e-16,True,0.0,4.0,-461.65721122591094,-461.6572112259103,True,3.0,16122.940166789946,-390.5080226399371,5.5172534167464224,130.37684961504686,0.16086758171978274,0.16086758171978274,False,0.0,9.0,7.326780185737294,278.91971268611155,True,9.0,5473.251437254822,745.3528766076118,5.5172534167464224,117.72880848318046,0.3187760864612913,0.3187760864612913,False,0.0,8.0,-28.90102937065389,294.77596675346973,False,8.0,5359.854498233967,597.9350665194387,5.5172534167464224,-178.5168263942487,0.4636864437878179,0.4636864437878179,False,0.0,4.0,-313.7416620935497,-89.58003851236373,True,4.0,-3286.7746533272975,-1044.283084435673,5.5172534167464224,-32.42440617823483,0.859364481348877,0.859364481348877,False,0.0,6.0,-226.44600469017107,189.09576457487142,False,6,2665.0230494454227,-358.79165237097163,5.5172534167464224,-38.963342230774245,0.6245680462273304,0.6245680462273304,False,0.0,9.0,-147.67650471370075,74.5609710629922,False,9,4952.319897555445,-475.23367687998376,5.5172534167464224,-96.16875718020523,0.10219262055063988,0.10219262055063988,False,0.0,12.0,-180.12518905539594,-10.883358953563109,True,12,6064.414846795795,-818.0381986902171,5.5172534167464224,-1.999678959524187,0.9563270140852795,0.9563270140852795,False,0.0,15.0,-53.9967197645131,49.77624750292076,False,15,387.52508444243443,-202.4221184032582,5.5172534167464224
ceh15,ceh15,,240679.892,363754.368,,,,,,,,,,,,,,,,,,,,,,,,,-378.10317396767834,0.012688015139605742,0.012688015139605742,True,0.0,5.0,-420.9119726812198,-336.32704350282785,True,5,-3432.2934389243856,-970.0823394517605,6.907491681106438,-395.5927006128416,4.4149997783294834e-16,4.4149997783294834e-16,True,0.0,4.0,-395.59270061284195,-395.59270061284144,True,3.0,13426.517414757835,-463.68387178313486,6.907491681106438,,,,,,,,,,,,,,,,,,,,,,,,,,,-280.82007045449336,2.8151297401878514e-16,2.8151297401878514e-16,True,0.0,4.0,-280.8200704544935,-280.8200704544933,True,3.0,-2723.324667490623,-104.3571253176101,6.907491681106438,-175.72432997310284,0.2424875080091626,0.2424875080091626,False,0.0,6.0,-330.15902055637713,-97.65707148477176,True,6,4882.792272819235,-948.1696543143264,6.907491681106438,-47.213963944213695,0.5748832629021823,0.5270884695639426,False,0.1019504485343727,7.334672783100675,-170.67438735941238,56.68470707782543,False,9,6795.302535809836,-274.7870014542475,6.907491681106438,-69.54360011586452,0.29632201198825664,0.2783543793905802,False,0.03258651003505125,9.368837192460608,-165.89387315154093,29.504887111645203,False,10,6907.491681106439,-599.6003694197301,6.907491681106438,-69.54360011586452,0.29632201198825664,0.2783543793905802,False,0.03258651003505125,9.368837192460608,-165.89387315154093,29.504887111645203,False,10,6907.491681106439,-599.6003694197301,6.907491681106438
ceh16,ceh16,5.0,240988.214,363614.897,-12.502818252162484,0.5193595411639157,0.41274185908304933,False,0.22198393297923164,11.46028914818133,-39.759886723662206,11.586813513155441,False,18.0,2423.382335677726,-81.08747690175477,5.277408204891384,11.083863486731182,0.5918077089176835,0.5352091224144406,False,0.135028808103627,11.431047199694538,-21.808998387234038,41.486945106751705,False,15.0,3543.561063696001,-293.41893330335677,0.025711685653477694,0.025711685653477694,True,0.0,5.0,-340.2759545919154,-247.73104833300798,True,5,-1919.6595828449517,-757.5977739370416,5.277408204891384,-250.9659497580118,2.750895968148603e-16,2.750895968148603e-16,True,0.0,4.0,-250.96594975801202,-250.9659497580118,True,3.0,9062.204300644002,-311.79205951068377,5.277408204891384,54.039010200162814,0.1567459578116672,0.1567459578116672,False,0.0,9.0,4.1275221762820715,110.15347880317444,True,9.0,2507.383854122391,432.9474038614958,5.277408204891384,55.195007854765606,0.26291814074337,0.26291814074337,False,0.0,8.0,-2.6611301586765346,123.80950880677544,False,8.0,2517.748035751821,335.851568184196,5.277408204891384,-179.36826103312936,4.674737428583752e-16,4.674737428583752e-16,True,0.0,4.0,-179.36826103312953,-179.36826103312933,True,3.0,-1096.6408057009207,-56.08882870478404,5.277408204891384,-150.9812308054781,0.18434834439305545,0.18434834439305545,False,0.0,6.0,-261.81173671011845,-93.15242760324605,True,6,3932.6403981029116,-776.726553463878,5.277408204891384,-55.51023374957517,0.3982862331588029,0.31771161900081163,False,0.136752439676915,6.834582246523189,-146.25969673808075,22.21814376153784,False,9,5220.518102887028,-330.0671599226928,5.277408204891384,-79.33878529997429,0.07281720585971307,0.036475734268306616,False,0.12958063368090764,9.246823187639475,-132.39402013090375,-27.008537272275223,True,12,5150.716667898808,-665.1310453997645,5.277408204891384,-19.63725838195396,0.4750411146880313,0.3774568598829685,False,0.1929338401825289,10.148083648469347,-53.074688096967954,13.67898822121489,False,15,1848.843709300713,-292.49975150735764,5.277408204891384
ceh17,ceh17,5.0,240804.597413,363576.069469,-16.638137443516943,0.37154879896748055,0.2342677250290473,False,0.2599821236320834,10.571833936996438,-41.361162816974776,5.5795529319143125,False,18.0,1934.6194814130329,-152.06128133712758,4.811306672004058,7.328441301408084,0.6633613185167672,0.6287084255552687,False,0.09856655573050949,12.308313586927847,-20.032908383263237,33.57414631821702,False,15.0,2860.6157096940497,-283.48816844667857,0.009331750672979458,0.009331750672979458,True,0.0,5.0,-311.8840999394421,-255.673680566209,True,5,-1502.4364640355368,-743.8451498049334,4.811306672004058,-222.7196384454335,1.2399108119081174e-15,1.2399108119081174e-15,True,0.0,4.0,-222.71963844543393,-222.7196384454332,True,3.0,7672.295665575901,-301.7094759366583,4.811306672004058,50.98214992186127,0.10106722203439591,0.10106722203439591,False,0.0,9.0,13.650012856982121,93.53614181501214,True,9.0,2186.876703109238,407.4763945965221,4.811306672004058,51.07329506372782,0.19918059656369344,0.19918059656369344,False,0.0,8.0,4.699338584239321,101.7362919301057,True,8.0,2187.6938715534625,313.0396314871562,4.811306672004058,-239.1479792386736,6.611345280815568e-16,6.611345280815568e-16,True,0.0,4.0,-239.147979238674,-239.14797923867349,True,3.0,-1157.565294906527,-194.8865699154616,4.811306672004058,-156.87136420582215,0.13033740535237937,0.13033740535237937,False,0.0,6.0,-252.0461414207329,-114.19030540944686,True,6,3699.834480045959,-782.5425750305899,4.811306672004058,-69.76658089026793,0.24367096911160932,0.17083430578809283,False,0.12756363822021194,6.963622264736973,-149.13430015752377,-2.104113273597074,True,9,4769.190237911444,-402.0679474611255,4.811306672004058,-83.48978597489153,0.033390973916029534,0.01497448174654023,True,0.11192425313554422,9.584204078939527,-130.84262314530676,-37.75932858467221,True,12,4720.103063551845,-693.613805641206,4.811306672004058,-27.92031333079659,0.27384233359946986,0.1667806408196571,False,0.20935244074777878,9.806664285102945,-57.76002077215562,2.0474996583298695,False,15,1632.0724655421163,-359.68992140567036,4.811306672004058
ceh18,ceh18,3.0,241267.167,363202.889,-12.290642383254724,0.42740419093795107,0.3967592719078598,False,0.062438717637973255,15.884307303893856,-36.4294515682189,9.430299126261643,False,18.0,2781.414816422163,-76.79149055495749,5.600644587543049,5.772291539333008,0.752225802583681,0.7452161030953242,False,0.0273537651917635,14.201236240566335,-23.839837014530197,33.888383750285506,False,15.0,3866.679983235108,-252.8125661373528,0.015741942035646037,0.015741942035646037,True,0.0,5.0,-283.1412873524768,-223.27623195327217,True,5,-1855.297961285689,-643.2652861975283,5.600644587543049,-285.63394125191104,7.351060931638457e-16,7.351060931638457e-16,True,0.0,4.0,-285.6339412519113,-285.63394125191076,True,3.0,11703.030707273394,-264.69741183607454,5.600644587543049,33.175651766985204,0.42494893340826867,0.42494893340826867,False,0.0,9.0,-20.91537163726236,96.65853383544673,False,9.0,2202.198087846173,357.00971514905746,5.600644587543049,21.985739970160623,0.6784689858121666,0.6784689858121666,False,0.0,8.0,-41.69361266834204,99.68220880910206,False,8.0,2101.874114161726,174.98766708845537,5.600644587543049,-172.04074898309534,5.13748114217015e-16,5.13748114217015e-16,True,0.0,4.0,-172.0407489830955,-172.04074898309526,True,3.0,-1279.4142733177405,-17.407834025033985,5.600644587543049,-115.01916442301186,0.25880558563968015,0.25880558563968015,False,0.0,6.0,-221.21346771132622,-58.17900548384891,True,6,3806.1828691818096,-635.4071740808109,5.600644587543049,-44.48032886723559,0.37284454170539094,0.37284454170539094,False,0.0,9.0,-125.71688188672297,20.822768336813144,False,9,5522.85977163243,-284.0905066358538,5.600644587543049,-71.89202305798759,0.04010297793120582,0.04010297793120582,True,0.0,12.0,-121.46106809320756,-25.48699110598485,True,12,5470.778496577821,-583.7886903929646,5.600644587543049,-13.196589461223596,0.548464217584816,0.5369866883979406,False,0.026874626959644814,14.214861495627325,-44.467854028867556,17.86839571642511,False,15,2122.5242981790952,-226.72680356422703,5.600644587543049
ceh19,ceh19,5.0,240845.741,363532.891,-10.683214132423569,0.3866619558213399,0.34093676790168387,False,0.09039294425829678,15.015620826937571,-29.983322583601822,6.8370354118879915,False,18.0,1625.844848742806,-89.34485870739096,3.509161913727867,3.2192169044145125,0.8232025260254039,0.814439663831903,False,0.04657023144566607,13.665061453697087,-20.675045413245996,26.192749514587806,False,15.0,2461.189057555448,-194.1480226513592,0.046918791731723836,0.046918791731723836,True,0.0,5.0,-238.99245266529024,-150.2097036151837,True,5,-1961.6663079349253,-473.7984022947156,3.509161913727867,-184.13677788413787,7.498569566219949e-16,7.498569566219949e-16,True,0.0,4.0,-184.1367778841383,-184.13677788413776,True,3.0,6866.148657236406,-199.62591764925742,3.509161913727867,43.767860896940356,0.11235840856539678,0.11235840856539678,False,0.0,9.0,11.37015729897318,79.77333890145948,True,9.0,1909.4118909399738,332.03291649291856,3.509161913727867,45.48163191439913,0.20017330251080995,0.20017330251080995,False,0.0,8.0,3.3941861524355854,90.19661073381857,True,8.0,1924.776830501468,265.2189794830868,3.509161913727867,-126.49004449695583,4.419317618690695e-16,4.419317618690695e-16,True,0.0,4.0,-126.49004449695583,-126.49004449695575,True,3.0,-1431.725496331758,-18.38067262162657,3.509161913727867,-88.77274105084342,0.2751578199411314,0.2751578199411314,False,0.0,6.0,-168.55439171347487,-57.919964933652146,True,6,2367.8598476295,-500.0730442426381,3.509161913727867,-36.16917092297538,0.36756174041113726,0.36756174041113726,False,0.0,9.0,-99.9306938888823,17.436523141843036,False,9,3453.684050066927,-206.13101517780208,3.509161913727867,-57.71249712597992,0.03961624681260922,0.03961624681260922,True,0.0,12.0,-97.13974270067905,-20.15497051817087,True,12,3473.6484619493335,-485.34583534241114,3.509161913727867,-18.904150424722932,0.25292476720186746,0.24121854832752804,False,0.02319056807672172,14.320051353083343,-41.54789396090579,2.587347266330266,False,15,1324.1783441790396,-244.0245082860336,3.509161913727867
ceh2,ceh2,4.0,241421.0,363979.0,-6.254540500451489,0.7116330460032123,0.7116330460032123,False,0.0,19.0,-34.5122263774686,23.791898115686298,False,19.0,1307.7739245688351,38.27844709541273,2.0096036174365994,22.970750575359133,0.48159698063316414,0.4267496798968378,False,0.11231485655677137,11.172728598335423,-25.777884526375704,74.06966393250254,False,14.0,3524.9393220393868,-176.41448437997508,0.10543458757210203,0.02852698770080947,False,0.13748288046932064,4.549609322514684,-231.19581584190607,-120.62769943593965,True,6,-2963.8761889717075,-624.1974215058538,2.0096036174365994,-339.9356816923262,1.1049384104404386e-15,1.1049384104404386e-15,True,0.0,4.0,-339.9356816923268,-339.9356816923261,True,3.0,11675.232534572026,-194.29140363000118,2.0096036174365994,94.43777281076436,0.18747486101272928,0.18747486101272928,False,0.0,9.0,-6.369681127829495,204.4457108239522,False,9.0,3211.7357034952984,517.8145952032804,2.0096036174365994,91.25056358649131,0.32270741898260846,0.32270741898260846,False,0.0,8.0,-24.894723046434105,230.57441419061144,False,8.0,3183.160545786407,470.5210104139297,2.0096036174365994,-121.95994430323421,0.09817938927237811,0.09817938927237811,False,0.0,5.0,-157.07477399331228,-74.40318128611412,True,5.0,-2642.8119174565945,-210.0704664350076,2.0096036174365994,-62.69940219846731,0.3347155252009801,0.3347155252009801,False,0.0,7.0,-119.33979530837746,-3.3777865530850715,True,7,347.29169815989746,-517.2870001736603,2.0096036174365994,-22.671661742142746,0.5340331075297575,0.5340331075297575,False,0.0,10.0,-76.24425008196783,22.446623396098687,False,10,2023.7596017229532,-163.89865747494105,2.0096036174365994,-52.54589958450961,0.06519345118568486,0.06519345118568486,False,0.0,13.0,-98.2122393537636,-16.36147745097626,True,13,1994.6124586570845,-591.2099939669905,2.0096036174365994,-8.792909745532999,0.6916843625063716,0.6916843625063716,False,0.0,16.0,-40.296988465180696,25.879427922219083,False,16,-371.1007296247091,-261.6005145866885,2.0096036174365994
ceh20,ceh20,4.0,241153.0,363829.0,7.43513412970486,0.7554711543045461,0.7336363083098812,False,0.08419854051827039,14.359569976682742,-28.047852138650832,42.37975119995003,False,17.0,2114.9633277447024,23.56058198455746,7.756400301353558,28.528479077484903,0.2987516395264923,0.22771586625433313,False,0.136897575042791,11.387601362304647,-12.417172065546044,67.33218624233969,False,15.0,3998.352537617652,-447.40437993795877,0.07141676635390595,0.07141676635390595,False,0.0,4.0,-482.47860427352674,-433.8887968328369,True,4,1511.8405585631926,-1617.8753560284738,7.756400301353558,-300.2928512605778,1.1812611979318033e-15,1.1812611979318033e-15,True,0.0,4.0,-300.2928512605781,-300.2928512605778,True,3.0,10229.727554101208,-476.3311756667128,7.756400301353558,75.28908922143604,0.15214515183912045,0.15214515183912045,False,0.0,9.0,2.3046574539450364,156.22059164950025,True,9.0,2398.9218550685005,615.2309987138486,7.756400301353558,73.65600505376646,0.27545272878752564,0.27545272878752564,False,0.0,8.0,-8.776313926427967,175.04754078766865,False,8.0,2384.2803193677196,481.46574503915195,7.756400301353558,,,,,,,,,,,,,,-435.6969366247867,0.19738320549397773,0.19738320549397773,False,0.0,5.0,-516.9989834302378,-212.35816823422348,True,5,13856.003260555277,-947.4424282770989,7.756400301353558,-76.96637464040012,0.667485099492274,0.5362881311620754,False,0.2570054225839118,4.728664262330909,-244.803995826123,117.62108099155915,False,8,7261.520836459828,-311.77197997556493,7.756400301353558,-108.97246417005847,0.3055333804910772,0.1257403773759645,False,0.3060861118406887,5.8442186166385595,-194.66634907328793,-5.841016419423351,True,11,7756.119016472162,-610.8899699308465,7.756400301353558,7.5272310248397645,0.8361671036015137,0.8236001880396361,False,0.07034516428552381,12.159785585326153,-44.5658718467903,61.224354014845574,False,14,1106.2518890648328,-184.31205236208982,7.756400301353558
ceh22,ceh22,,241375.022,362906.94,,,,,,,,,,,,,,-10.750788847476933,0.3875183458475087,0.38402769222303884,False,0.006930095995733082,14.79352799097101,-30.949645821681386,7.739125364420473,False,15.0,2604.3338110402633,-209.67549160587328,1.046838938634213e-15,1.046838938634213e-15,True,0.0,4.0,-209.67549160587356,-209.67549160587328,True,3,6222.646917647782,-409.05542684626494,6.739378630027051,-136.27733794457805,8.030052088062084e-16,8.030052088062084e-16,True,0.0,4.0,-136.27733794457828,-136.27733794457794,True,3.0,7283.121247756839,-245.23824147007355,6.739378630027051,2.855051070766235,0.9126408399659433,0.9126408399659433,False,0.0,9.0,-31.00093491873321,39.56316493278476,False,9.0,1326.421185108577,239.2514283827234,6.739378630027051,4.941856293312341,0.8856728660484015,0.8856728660484015,False,0.0,8.0,-35.433378757141696,54.79478434025032,False,8.0,1345.1305901541689,132.09697898571514,6.739378630027051,,,,,,,,,,,,,,-190.52055951704716,0.022454854692169235,0.022454854692169235,True,0.0,4.0,-194.85095260528595,-189.60606377464904,True,4,8067.235384178913,-483.15266011869596,6.739378630027051,-46.313234267972625,0.3608460534681323,0.3608460534681323,False,0.0,7.0,-121.502355007447,29.097791902132464,False,7,6496.818899881992,-304.1675867417587,6.739378630027051,-82.48060241333451,0.11036288142968342,0.021093670967823188,False,0.2575199633027549,5.9043200773305635,-131.22378760999413,-29.522012287171318,True,10,6487.249180990296,-594.5861792381667,6.739378630027051,-16.676347975466143,0.3587519200487075,0.3587519200487075,False,0.0,13.0,-42.829545861400646,9.84614969191356,False,13,2451.900959959346,-173.7706725841265,6.739378630027051
ceh23,ceh23,1.0,242325.311,364428.124,,,,,,,,,,,,,,7.489402625075581,0.25862713296411816,0.22515534650748228,False,0.06558410764395523,12.276668166447235,-2.3541486144634862,16.227694106290922,False,14.0,2422.1145763260142,-213.4955875303967,8.554373597379308e-16,8.554373597379308e-16,True,0.0,4.0,-213.49558753039688,-213.4955875303967,True,3,-3111.3234588238984,-291.7945299433806,3.674166461242661,,,,,,,,,,,,,,6.403218727359272,0.6046912876880581,0.6046912876880581,False,0.0,8.0,-7.422625009234629,21.9762200965663,False,8.0,1760.7152021973436,78.18115440755064,3.674166461242661,6.403218727359272,0.6046912876880581,0.6046912876880581,False,0.0,8.0,-7.422625009234629,21.9762200965663,False,8.0,1760.7152021973436,78.18115440755064,3.674166461242661,,,,,,,,,,,,,,-120.66615422981819,0.16788711092697806,0.16788711092697806,False,0.0,4.0,-141.65228639075522,-116.23428670197723,True,4,5827.998342309366,-202.36053284398326,3.674166461242661,0.027439780917237755,0.9995123348191919,0.999365161226093,False,0.18856741597442142,4.778885919165469,-62.27873837744724,58.51573453682812,False,7,3674.166461242661,-40.43912455012077,3.674166461242661,-16.7343270654996,0.6069425219615198,0.43205223213470634,False,0.30392296962341586,4.804496445981433,-57.73068444550778,22.377405231245984,False,9,3772.755772472279,-78.70584171787681,3.674166461242661,5.511579228599128,0.5796550263023371,0.5438577131461377,False,0.08356430996164803,10.149123756991832,-7.562204877698808,18.038775792604778,False,12,2464.602245450579,63.313480558484294,3.674166461242661
ceh24,ceh24,2.0,242938.911,363392.114,,,,,,,,,,,,,,13.945824664032713,0.42416309962132503,0.3883491705203527,False,0.07145701803798694,12.999256615010937,-13.003328065933873,39.359095475539036,False,15.0,4272.966156273453,-278.0429339290092,4.895860128895574e-16,4.895860128895574e-16,True,0.0,4.0,-278.04293392900945,-278.0429339290092,True,3,-2145.740316430276,-307.03262634623496,10.354187166019141,-217.49981302223816,3.1741692543952293e-16,3.1741692543952293e-16,True,0.0,4.0,-217.4998130222383,-217.49981302223807,True,3.0,10118.53486329576,-446.8382799648282,10.354187166019141,34.501139359066066,0.3317423697602441,0.3317423697602441,False,0.0,9.0,-10.680386048639846,86.75949177220326,False,9.0,2490.010277046692,511.4576721227574,10.354187166019141,23.79868624166992,0.5949963332946361,0.5949963332946361,False,0.0,8.0,-29.67215086136088,86.7265934801793,False,8.0,2394.056649850689,268.10142402808424,10.354187166019141,,,,,,,,,,,,,,-129.21036218075164,0.2445781735411052,0.2445781735411052,False,0.0,4.0,-162.85723375485261,-122.10478996767549,True,4,12186.591639534014,-233.45288933315322,10.354187166019141,-23.78474763938776,0.6187642338312922,0.6026795770884914,False,0.03574990260239125,6.516776554672183,-99.37188615239378,63.99050967396924,False,7,9742.719597592893,-215.8448342688315,10.354187166019141,-80.65794634364859,0.36049113608944405,0.03373139171445351,False,0.47411055839070376,4.0,-135.56388459732653,-21.57178867591454,True,10,10014.354259345795,-586.4440416811454,10.354187166019141,15.097872800985755,0.5216140051539587,0.5049627630220677,False,0.03673673915185493,12.078690682140163,-21.156186000710406,50.009009017635265,False,13,4131.9501949573,69.22880029440203,10.354187166019141
ceh25,ceh25,1.0,242512.557,364638.544,,,,,,,,,,,,,,16.005062637262313,0.08458249179784584,0.08458249179784584,False,0.0,15.0,0.7355937275239867,29.652904530719574,True,15.0,3034.5368231731686,-86.1432911591162,2.1200966349818137e-15,2.1200966349818137e-15,True,0.0,4.0,-86.14329115911629,-86.1432911591162,True,3,7831.9521549705005,-211.40799539664667,5.86845702628739,-115.21736807412523,3.0146613882030733e-16,3.0146613882030733e-16,True,0.0,4.0,-115.21736807412529,-115.21736807412523,True,3.0,6643.763275625512,-191.48505366212544,5.86845702628739,28.708948929621847,0.21894541694714095,0.21894541694714095,False,0.0,9.0,1.256835947734544,59.21772897128183,True,9.0,2363.356735267015,332.5657083438357,5.86845702628739,22.652979623649205,0.43925754382905574,0.43925754382905574,False,0.0,8.0,-11.502858157971474,59.59663678583205,False,8.0,2309.0614989579467,187.57323533295877,5.86845702628739,,,,,,,,,,,,,,-99.56970036258016,0.030106508091580827,0.030106508091580827,True,0.0,4.0,-100.21070467391446,-96.53436568507168,True,4,6539.011023736583,-260.1358294470035,5.86845702628739,-13.818127432483784,0.6241260958684081,0.6241260958684081,False,0.0,7.0,-57.75519447036803,28.896416250641987,False,7,5596.570665782756,-113.69890217097512,5.86845702628739,-41.485870675127096,0.17661734429958936,0.038001464653031815,False,0.29476838343728057,5.446778169625281,-69.52439692520772,-10.251636589608246,True,10,5930.263753079043,-292.2937250651043,5.86845702628739,13.221632477059,0.3124278163613312,0.3124278163613312,False,0.0,13.0,-5.213147085871965,31.634487614069723,False,13,2547.64258079898,86.21255560772656,5.86845702628739
ceh26,ceh26,1.0,242172.261,364362.239,,,,,,,,,,,,,,9.388289036659447,0.23628089550973652,0.16956185735238777,False,0.13549533776434083,11.420187738565739,-1.2474598552729976,19.668675437459267,False,15.0,2275.3597328789206,-250.53917803917315,5.433319151910617e-16,5.433319151910617e-16,True,0.0,4.0,-250.53917803917315,-250.53917803917292,True,3,-16951.34849979916,-92.89435141980951,3.535317029049616,-39.601589792678965,1.2406309909181495e-15,1.2406309909181495e-15,True,0.0,4.0,-39.60158979267904,-39.60158979267891,True,3.0,3168.9916879552657,-97.60655984242061,3.535317029049616,10.259542702380703,0.37758662736101783,0.37758662736101783,False,0.0,9.0,-4.372652834534641,25.061428453138767,False,9.0,1504.951604778769,154.01217757333458,3.535317029049616,13.97016850177546,0.3575867611530406,0.3575867611530406,False,0.0,8.0,-2.9001794583052396,33.87308658408461,False,8.0,1538.2194921232337,116.79962933067183,3.535317029049616,,,,,,,,,,,,,,-26.823765662886245,0.7904271329486279,0.7904271329486279,False,0.0,4.0,-77.39954797284997,-16.14313306247528,True,4,4592.0778898605495,44.69089006613669,3.535317029049616,31.881895878271393,0.31538716195315114,0.31538716195315114,False,0.0,7.0,-12.250470265119606,89.39772301732728,False,7,3299.362684020926,92.24462726992488,3.535317029049616,-4.829053428722255,0.8709116752809526,0.81604348543674,False,0.2882195801771697,5.525303533462353,-37.787062865674585,31.086591512272623,False,10,3644.6759142953183,-12.17972567664738,3.535317029049616,13.083331984761612,0.23888469501684842,0.1754838171583195,False,0.12525368009898474,10.105900882468447,-3.038647367293346,28.21032760308365,False,13,2537.4209839329806,122.58627724699056,3.535317029049616
ceh27,ceh27,1.0,242005.373,364330.297,,,,,,,,,,,,,,17.874084022988512,0.0834582773886038,0.07120675996303133,False,0.0380671946048583,13.899863280449337,2.446585631367782,32.033998554445816,True,15.0,3172.195954920833,-309.74370958547877,4.814253913844644e-16,4.814253913844644e-16,True,0.0,4.0,-309.7437095854789,-309.7437095854786,True,3,-10514.127550508338,-296.5662030555061,5.69321735086905,-92.2412043090436,5.020769237714626e-16,5.020769237714626e-16,True,0.0,4.0,-92.24120430904364,-92.24120430904351,True,3.0,5198.258295154688,-209.34806406735618,5.69321735086905,30.971996281555086,0.1479723549561828,0.1479723549561828,False,0.0,9.0,5.049138859295397,58.97914559136477,True,9.0,2515.5841700955216,328.97131240307203,5.69321735086905,29.668816213455074,0.2788960709238883,0.2788960709238883,False,0.0,8.0,-1.7717311722265094,63.0380156505379,False,8.0,2503.9004137592747,207.7606519014899,5.69321735086905,,,,,,,,,,,,,,-120.03388642099466,0.3224121425631787,0.3224121425631787,False,0.0,4.0,-162.9219584430075,-110.97675039095378,True,4,7754.616508417405,-180.79953295008988,5.69321735086905,0.3218335563754948,0.9941193049614677,0.9937204726148142,False,0.05273298537064766,6.2987188532625495,-65.56320173607766,77.64710474003012,False,7,5426.522765296578,-74.2197638593236,5.69321735086905,-31.95196162167209,0.40611259413135076,0.2025303806719169,False,0.31257140583452664,5.23726626307549,-74.17621814377254,14.609014524652897,False,10,5713.158075292084,-206.6398874797082,5.69321735086905,15.674431010428417,0.25415710569635613,0.2503910229291699,False,0.007320720541855617,12.81104455591278,-5.223377057443223,35.92429277709659,False,13,2773.9552289845815,126.05917606179796,5.69321735086905
ceh28,ceh28,2.0,242331.051,364122.039,,,,,,,,,,,,,,14.936213770724294,0.22692357281859013,0.22692357281859013,False,0.0,13.0,-2.5590135214391907,31.88704917412821,False,13.0,4021.275630838752,-414.4166972647944,9.406120656883105e-16,9.406120656883105e-16,True,0.0,4.0,-414.4166972647945,-414.4166972647944,True,3,-14161.88608843981,-401.3014669672477,7.295847440831418,-153.61710310867872,4.078647921837377e-16,4.078647921837377e-16,True,0.0,4.0,-153.61710310867872,-153.6171031086787,True,3.0,6115.597994299634,-366.52734520093054,7.295847440831418,19.010853259720406,0.4911891285459494,0.46358347499975694,False,0.04832447244330083,6.354643879838641,-12.151327570955495,54.73734424535781,False,7.0,2870.2268043032595,263.5949641538731,7.295847440831418,-11.488176542369999,0.6769250693650587,0.6769250693650587,False,0.0,6.0,-38.132386755420185,17.246530979114993,False,6.0,2481.7289000544347,-60.147359292267886,7.295847440831418,,,,,,,,,,,,,,-160.64297340222743,0.3222871563410616,0.3222871563410616,False,0.0,4.0,-218.01409717833133,-148.52729536545615,True,4,10276.106276911034,-228.09226961263684,7.295847440831418,-10.598913280354338,0.8584959819143198,0.8530006452558103,False,0.031222425333778503,6.5761205886000615,-104.77230379402513,101.11172365315745,False,7,6841.327989134361,-161.62210469407646,7.295847440831418,-36.25447288577206,0.4772428518856888,0.37267445604497607,False,0.18113566805639672,6.239570260052919,-112.69680473138364,45.1085980925727,False,9,7207.438135732923,-217.3024141109523,7.295847440831418,16.76707740072647,0.3766102015055087,0.3766102015055087,False,0.0,11.0,-10.069946336819546,45.184533221026335,False,11,4458.809841031265,20.883520518748643,7.295847440831418
ceh3,ceh3,,240743.0,363388.0,-26.885555327748584,0.11830035482206361,0.019899562187084798,False,0.3432396109945375,9.289814928748802,-46.07661131866956,-7.739302654563083,True,19.0,248.07569191197183,-357.7657071927519,2.4962601074335984,-1.7239432154056988,0.8832724246206047,0.8734648889146702,False,0.07664465738860358,12.86434669426109,-19.944355131091783,16.21880806340229,False,15.0,1442.9904105619642,-186.2964121434322,0.001972029046415452,0.001972029046415452,True,0.0,6.0,-207.63710991499934,-167.60829600885296,True,6,-99.40049279760791,-698.6472563778275,2.4962601074335984,-30.25406797057845,4.563890184971377e-15,4.563890184971377e-15,True,0.0,4.0,-30.25406797057868,-30.25406797057842,True,3.0,2863.2117882402836,-42.07328975312219,2.4962601074335984,32.540445883605386,0.14813416935241205,0.14813416935241205,False,0.0,9.0,9.782832617982827,54.42205523902974,True,9.0,1288.579417242299,276.19009419969177,2.4962601074335984,45.78092413123591,0.10708941730598213,0.10708941730598213,False,0.0,8.0,19.245669506566752,76.0509619354055,True,8.0,1407.2878946104304,262.59084024513936,2.4962601074335984,-156.389311566319,0.13702353155743252,0.13702353155743252,False,0.0,4.0,-175.4859739941923,-127.35359866600892,True,4.0,-235.64542597915377,-606.4805840540531,2.4962601074335984,-144.56895191567077,0.021603536433043094,0.021603536433043094,True,0.0,7.0,-172.5632269790176,-101.46923145034447,True,7,2142.668529805915,-720.8103553997421,2.4962601074335984,-89.85477504499242,0.03228101538237441,0.019282701295555444,True,0.0704195879632344,8.684261970631033,-135.49638212011516,-39.11526502936149,True,10,2580.361966986263,-584.90284704002,2.4962601074335984,-82.71126902581993,0.00627789861657235,0.0019424756088990364,True,0.10444842676266301,10.541162602051665,-113.49883462352284,-45.36611924624391,True,13,2630.3642564504207,-748.6280332463919,2.4962601074335984,-43.620503666235436,0.030352563046259492,0.005161447599535076,True,0.21949684246076334,10.240330344299013,-67.28306568988745,-21.232639352493567,True,16,322.15430956367373,-607.7020022473189,2.4962601074335984
ceh4,ceh4,3.0,241131.693,363211.05,-20.93399495418069,0.16821933631199212,0.11902792683512389,False,0.11590484106655367,15.053082845021587,-44.51062237978483,2.692044090488805,False,19.0,1869.104609860585,-238.9766273251812,4.2636558672994935,4.51295390460249,0.7768351364311363,0.7691978753427694,False,0.032768097226767386,14.04814747914587,-22.115021983628377,29.57923372946036,False,15.0,3497.1830976686274,-188.8275101804312,0.13709774264554042,0.008485914899793641,False,0.2943788107102266,4.0,-227.40049922949356,-149.8076451738361,True,6,189.11615344918056,-687.2154873374138,4.2636558672994935,-234.70677478389857,1.381235207333508e-15,1.381235207333508e-15,True,0.0,4.0,-234.70677478389894,-234.70677478389814,True,3.0,10007.342172490315,-180.86336945758586,4.2636558672994935,38.0730251411294,0.30098930400577917,0.30098930400577917,False,0.0,9.0,-10.279631668552607,92.106503589252,False,9.0,2524.040387830184,325.9652393172514,4.2636558672994935,34.7659564914573,0.46548674500707615,0.46548674500707615,False,0.0,8.0,-20.64603423059541,106.17352737091501,False,8.0,2494.3906216652194,213.20816013990208,4.2636558672994935,-108.45879474356389,0.0639030618977,0.0639030618977,False,0.0,4.0,-117.73560929708121,-102.35747405125836,True,4.0,-161.33416499870307,-564.084496667499,4.2636558672994935,-137.87691749836563,0.053224253167464,0.053224253167464,False,0.0,7.0,-190.05272366766147,-71.16746218446433,True,7,2926.755705730097,-688.8651492368867,4.2636558672994935,-70.40517766010778,0.11835184882907175,0.11835184882907175,False,0.0,10.0,-127.55113133819259,-2.8769739459912422,True,10,4204.621703974684,-480.7811741608233,4.2636558672994935,-79.25346181757071,0.012299920581120952,0.012299920581120952,True,0.0,13.0,-122.18844824662457,-31.866809237557394,True,13,4240.382216033914,-733.6638184802007,4.2636558672994935,-26.22276075111496,0.20023523197175633,0.16563433136060135,False,0.07377903483361571,13.801289615380194,-57.708979385303174,4.1979252121252975,False,16,1105.5358808370331,-482.2826536964998,4.2636558672994935
ceh5,ceh5,1.0,242521.077,364465.817,-0.4884509744420562,0.9424857870007036,0.9424857870007036,False,0.0,19.0,-12.834598497373607,11.179807216868884,False,19.0,2402.2373760088744,24.411782468328923,3.6022201816851775,10.279478569149347,0.2569850914667514,0.2569850914667514,False,0.0,15.0,-3.843209374370393,23.092034676684218,False,15.0,3207.7444921220017,-82.22618360209056,0.23007156859207964,0.046801054803144185,False,0.20860530807939973,4.0,-110.11072171283453,-52.41842363390536,True,6,1385.7294578845615,-287.73113330004327,3.6022201816851775,-135.2173680741253,5.385257819966449e-16,5.385257819966449e-16,True,0.0,4.0,-135.2173680741254,-135.21736807412515,True,3.0,6643.7632756255125,-117.63429389981262,3.6022201816851775,19.228489744824003,0.3577968645807544,0.3577968645807544,False,0.0,9.0,-6.566074893777782,48.48567691136781,False,9.0,2356.6594324723924,191.78840656857804,3.6022201816851775,9.752277264021725,0.7025676945834248,0.7025676945834248,False,0.0,8.0,-20.189507382103677,41.79062661317134,False,8.0,2271.6997555049575,80.22290233658158,3.6022201816851775,-20.703107420216416,0.31167770444269827,0.31167770444269827,False,0.0,4.0,-26.864760815120682,-11.33455940082384,True,4.0,1113.597661590713,-192.13771523800682,3.6022201816851775,-53.61569174363234,0.16621728026491028,0.16621728026491028,False,0.0,7.0,-87.81828802889092,-12.38834017850654,True,7,2923.0072401211783,-275.8030367523581,3.6022201816851775,-19.973340528889146,0.3970801442167352,0.3970801442167352,False,0.0,10.0,-54.81486157857971,20.274383576579538,False,10,3538.208431922642,-122.54751061391045,3.6022201816851775,-28.487335919853777,0.08581610163282283,0.08581610163282283,False,0.0,13.0,-52.73487366193588,0.03560786385059724,False,13,3739.3321433605165,-263.45461332518835,3.6022201816851775,-0.745114484007825,0.94069028683858,0.94069028683858,False,0.0,16.0,-18.086986047613614,15.602858657667444,False,16,2067.7393846771092,-100.71882070737259,3.6022201816851775
ceh6,ceh6,1.0,242621.679,364724.912,3.2434424668867923,0.49758426212721746,0.4562555357842241,False,0.08977885628028623,16.704694507040593,-4.824041463967832,11.2212700488319,False,20.0,1910.8138524689693,51.115568284901826,2.136269587693774,12.156667410122335,0.0752179911465631,0.07418004864102473,False,0.003301088089783363,14.90129319715774,1.6678728223647799,21.871801578124337,True,15.0,2406.756673555605,-40.52126176544968,0.019138930232453253,0.019138930232453253,True,0.0,7.0,-53.233744030956046,-28.445476672088077,True,7,859.2779802493329,-188.9992595809073,2.136269587693774,-14.535188091458796,2.5048880834378743e-15,2.5048880834378743e-15,True,0.0,4.0,-14.535188091458846,-14.535188091458716,True,3.0,3697.1569692811427,49.34517633110991,2.136269587693774,22.901824470144835,0.19013075858072676,0.19013075858072676,False,0.0,9.0,1.226414264422173,44.430152336125985,True,9.0,2254.5882879671035,174.24115974393743,2.136269587693774,29.25647135574483,0.1968253070282415,0.1968253070282415,False,0.0,8.0,4.995177041408584,58.385630884965614,True,8.0,2311.5613399893496,142.79492811213777,2.136269587693774,-19.034869348966144,0.30927552616522996,0.30927552616522996,False,0.0,5.0,-36.74554230029692,-9.654144276037169,True,5.0,989.4131722650457,-36.91632067176751,2.136269587693774,-26.987673667669966,0.045668663322025696,0.045668663322025696,True,0.0,8.0,-41.634856769723115,-14.581035466999104,True,8,1448.5624411846659,-159.12158226577031,2.136269587693774,-4.954222975431059,0.6464112163951444,0.6464112163951444,False,0.0,11.0,-24.88616417823509,13.60397372428651,False,11,2132.3110841615944,-40.985980182193686,2.136269587693774,-9.248256930596277,0.2543397750022356,0.2368136962642759,False,0.03442067658060294,13.068291106242418,-23.063758109100185,3.2159096504363216,False,14,2029.4165006857052,-99.79150803440135,2.136269587693774,1.255095005773985,0.8376447249632922,0.8208090666083617,False,0.09511878167993423,14.046860458226565,-8.662310112249912,9.99541666192286,False,17,1454.187403703848,-21.824381316915662,2.136269587693774
ceh7,ceh7,,243385.803,363612.9,,,,,,,,,,,,,,,,,,,,,,,,,-77.20254677485394,0.12508403136030552,0.12508403136030552,False,0.0,5.0,-103.30812578320536,-46.65214368435561,True,5,506.6101095996833,-191.5128146236587,2.833632746268069,-205.1967477545906,3.877376477551972e-16,3.877376477551972e-16,True,0.0,4.0,-205.19674775459077,-205.19674775459046,True,3.0,7505.506629367734,-175.68881652936096,2.833632746268069,,,,,,,,,,,,,,,,,,,,,,,,,,,-34.129674086817104,0.10379194600162985,0.10379194600162985,False,0.0,4.0,-37.26543639719804,-29.36187267064197,True,4.0,331.38747552906693,-234.47559955561735,2.833632746268069,-26.247834624319786,0.5591557598739137,0.5591557598739137,False,0.0,6.0,-61.202401349637725,19.24820590219678,False,6,1773.8345027822131,-192.13866434025934,2.833632746268069,-12.540691221854416,0.5976355885959695,0.5976355885959695,False,0.0,9.0,-43.10105798727637,15.373045951734952,False,9,2594.7465840356863,-109.98226663800887,2.833632746268069,-27.073698878923203,0.24171571732333894,0.24171571732333894,False,0.0,10.0,-55.3292742083135,3.9085979392247925,False,10,2833.632746268069,-268.13863108954126,2.833632746268069,-27.073698878923203,0.24171571732333894,0.24171571732333894,False,0.0,10.0,-55.3292742083135,3.9085979392247925,False,10,2833.632746268069,-268.13863108954126,2.833632746268069
ceh8,ceh8,,243149.932,363382.305,,,,,,,,,,,,,,,,,,,,,,,,,-110.58654933450492,0.2606235745940395,0.06156353623196759,False,0.2318879851048761,4.0,-157.49277776240066,-65.59923658754168,True,6,101.76274343969094,-388.0317015824503,2.707954001604628,-134.9426797840122,5.147983593321218e-16,5.147983593321218e-16,True,0.0,4.0,-134.94267978401226,-134.94267978401217,True,3.0,4642.29484112745,-172.70832586853086,2.707954001604628,-28.089557310839776,2.1048472226394446e-15,2.1048472226394446e-15,True,0.0,4.0,-28.089557310839865,-28.089557310839737,True,3.0,6184.822155783276,-15.228029732216374,2.707954001604628,,,,,,,,,,,,,,-18.002882757122084,0.609549907966004,0.609549907966004,False,0.0,4.0,-39.72394174991,-3.7170364758425944,True,4.0,-306.93349718897326,-221.1053929508902,2.707954001604628,-68.10703918047123,0.2236482737823431,0.2236482737823431,False,0.0,7.0,-121.48845265589702,-5.807225404194094,True,7,2384.2403563083108,-328.7173424068895,2.707954001604628,-28.09084076279162,0.3525139316299656,0.34698889328611554,False,0.01015053404713918,9.799029279201163,-75.92316644005606,28.31784867534494,False,10,2657.8608131596593,-198.96195020368032,2.707954001604628,-31.755197147225708,0.11787537003561253,0.11787537003561253,False,0.0,13.0,-62.498685230102254,7.0134714588644265,False,13,2901.8465653213684,-310.43132009823387,2.707954001604628,-31.755197147225708,0.11787537003561253,0.11787537003561253,False,0.0,13.0,-62.498685230102254,7.0134714588644265,False,13,2901.8465653213684,-310.43132009823387,2.707954001604628
ceh9,ceh9,3.0,241711.211,363459.012,-7.950472194741431,0.6422957879769144,0.6010670566746408,False,0.11275326171566108,15.149529196985666,-36.318209403134595,20.36003122997439,False,19.0,1760.3446185731436,-53.845564965408485,4.719410621972421,20.650935601626674,0.30816929046170166,0.2647414349461445,False,0.08383384298099458,12.679519507794202,-11.122724212154406,50.89065115145794,False,15.0,3811.5564621813724,-218.13273580286884,0.19944084779402363,0.028079859160974528,False,0.2525662825801474,4.0,-286.91252896511577,-152.33774556648027,True,6,-739.7625842510024,-769.9698007950035,4.719410621972421,-291.68937037974763,2.8129537641081817e-16,2.8129537641081817e-16,True,0.0,4.0,-291.68937037974786,-291.6893703797476,True,3.0,10285.32389950393,-303.75948696109714,4.719410621972421,55.136915931932165,0.16187523572032908,0.16187523572032908,False,0.0,9.0,4.9385171409765665,116.00119077167717,True,9.0,2112.34586055167,428.87059238623704,4.719410621972421,47.734869236269795,0.3365568252200927,0.3365568252200927,False,0.0,8.0,-13.023734685251613,118.57751913380542,False,8.0,2045.9822688281458,292.50101730789834,4.719410621972421,-82.76427138292686,0.30355264116185887,0.30355264116185887,False,0.0,4.0,-119.07263001876711,-58.88442140096206,True,4.0,-1334.8413074607404,-581.7271927979585,4.719410621972421,-135.73536605688207,0.18135120588979328,0.18135120588979328,False,0.0,7.0,-225.30261794358177,-29.159476163262532,True,7,3687.5519286168465,-656.6342681376982,4.719410621972421,-61.07410355914382,0.2709497650352088,0.2709497650352088,False,0.0,10.0,-140.54986921738845,33.73578606657701,False,10,4622.086318301483,-450.87906546894254,4.719410621972421,-74.79787698014337,0.05093506152817987,0.05093506152817987,False,0.0,13.0,-129.94270481576237,-9.491002483093752,True,13,4800.911541507128,-710.9276915366787,4.719410621972421,-11.816290252143702,0.6305813029557683,0.5936006392801788,False,0.09802115236957226,13.143336565914746,-51.51510747858408,25.401680095608086,False,16,1111.389424273454,-362.3281502156388,4.719410621972421
d10,D10,2.0,242613.907,364118.797,,,,,,,,,,,,,,18.273088030561713,0.1684933296956196,0.1684933296956196,False,0.0,15.0,-2.3811108828959315,37.02807646747678,False,15.0,2959.8230516066246,-399.3459753586317,1.5244267125240512e-16,1.5244267125240512e-16,True,0.0,4.0,-399.3459753586317,-399.3459753586316,True,3,-7295.5170758629465,-499.38617935629355,7.726573840844497,-208.4385183245529,2.3711439812792783e-16,2.3711439812792783e-16,True,0.0,4.0,-208.438518324553,-208.43851832455286,True,3.0,6838.350484535045,-461.4994264912464,7.726573840844497,32.9257161969659,0.2318359926586333,0.2318359926586333,False,0.0,9.0,0.7840476048060449,70.4770606017799,True,9.0,1649.4954862802579,429.7965436937722,7.726573840844497,18.285182080323146,0.5711155750614935,0.5711155750614935,False,0.0,8.0,-20.551497288856524,59.720024500695466,False,8.0,1518.2347054883041,203.15252024045182,7.726573840844497,,,,,,,,,,,,,,-204.97594886168537,0.20453354402760035,0.20453354402760035,False,0.0,4.0,-248.91756219656358,-195.69632516703274,True,4,11421.996901895589,-331.8034209350279,7.726573840844497,-27.69151825148608,0.6683264025053832,0.6157460608462451,False,0.11851472064214223,5.516598790906001,-123.16056433615863,68.9393289987068,False,7,7240.7442015197375,-222.87286565694663,7.726573840844497,-65.23884397879866,0.24210282965561866,0.05799957394157547,False,0.3251474938750723,5.09265956615505,-124.46089706680914,-6.673238089628312,True,10,7726.31992886196,-440.04817641940764,7.726573840844497,14.609145930703127,0.4436025305880777,0.4436025305880777,False,0.0,13.0,-14.655440751121635,42.63959240240395,False,13,2803.3372763979155,88.16262538225028,7.726573840844497
d15,D15,2.0,241980.565,363895.719,,,,,,,,,,,,,,22.70548329638844,0.20665335027978984,0.172617779085421,False,0.07124747372346185,13.004733486768881,-5.45607813767951,48.74218192692656,False,15.0,3690.186265812529,-520.41353675847,6.028950959208485e-16,6.028950959208485e-16,True,0.0,4.0,-520.4135367584702,-520.4135367584697,True,3,-12338.00681947407,-607.6505745401615,9.403026509156044,-255.49205636423827,2.178553577768884e-16,2.178553577768884e-16,True,0.0,4.0,-255.49205636423838,-255.49205636423827,True,3.0,8645.231710123573,-549.0540584269015,9.403026509156044,49.3571534201669,0.13215714064497036,0.13215714064497036,False,0.0,9.0,8.771800554314082,96.05190842360462,True,9.0,2215.2879163302505,563.219739762862,9.403026509156044,40.28895159241408,0.3187986955924713,0.3187986955924713,False,0.0,8.0,-9.412819139074942,90.72715485857108,False,8.0,2133.986288752548,335.47055576550287,9.403026509156044,,,,,,,,,,,,,,-249.2586439805766,0.23218866347242764,0.23218866347242764,False,0.0,4.0,-310.55916272333485,-236.31315329309288,True,4,13773.763535136377,-402.064669056395,9.403026509156044,-22.418166971062803,0.7844125074146487,0.7488661412365494,False,0.11939049543993217,5.506806210193748,-144.87391770032866,102.85641204374785,False,7,8778.289956078295,-228.0840598599787,9.403026509156044,-78.16858496713058,0.34120050328056184,0.08388073831731671,False,0.3765702680415833,4.528862393965234,-155.70564445819429,0.35230569366429504,False,10,9187.576818696156,-546.6360057899859,9.403026509156044,17.24029518307812,0.49806923719600527,0.467346515210901,False,0.0648708842524087,11.416105637307632,-19.891595271106667,53.8835376472869,False,13,3391.316479853086,105.47728728993033,9.403026509156044
d17,D17,2.0,242446.951,363534.961,,,,,,,,,,,,,,13.64424359782257,0.3474379841978827,0.33586511649127326,False,0.02254116041443103,14.338672281750638,-8.715348749507612,34.175299857129886,False,15.0,2751.34138990286,-397.551163484704,2.1655979480549855e-16,2.1655979480549855e-16,True,0.0,4.0,-397.551163484704,-397.55116348470375,True,3,-12552.580851117094,-381.04956434722305,8.228636350748877,-197.9897859929302,3.214812477416285e-16,3.214812477416285e-16,True,0.0,4.0,-197.9897859929303,-197.9897859929301,True,3.0,7616.699320173181,-426.72194387151643,8.228636350748877,19.17372023364998,0.4329185852340769,0.4329185852340769,False,0.0,9.0,-11.732388301870785,54.94052914738613,False,9.0,672.8340721669833,392.0167381622491,8.228636350748877,7.783515875425029,0.7952548476962601,0.7952548476962601,False,0.0,8.0,-31.298237709746616,46.97000120470268,False,8.0,570.7143608552927,185.49892018165426,8.228636350748877,,,,,,,,,,,,,,-152.36835344549604,0.327290927086556,0.327290927086556,False,0.0,4.0,-207.79731247417033,-140.6628232535905,True,4,11058.120637813885,-214.99362979671955,8.228636350748877,-8.67731893624235,0.8722255349773443,0.8663656982532393,False,0.036590165695276136,6.50581981511442,-93.15379038585547,90.61591990681306,False,7,7671.6866484377315,-145.14313835458648,8.228636350748877,-61.44668173502178,0.379262073175337,0.08944073445041227,False,0.3983219538819141,4.302857753522024,-119.1141316229511,-0.7580509501413918,True,10,8065.162537334835,-429.56593257910515,8.228636350748877,16.534531810276434,0.422048428099785,0.39571790952474756,False,0.051908099963884895,11.716988110361216,-14.4630654942395,47.24016314872557,False,13,3275.149541083908,105.66246120503264,8.228636350748877
d25,D25,3.0,242215.187,363143.807,,,,,,,,,,,,,,15.208699135853543,0.5908133907194542,0.5343943188862718,False,0.13336435826324902,10.70520604945332,-27.658629828799675,57.61647748135096,False,14.0,4261.808974163418,-313.49558753039673,8.684392179600898e-16,8.684392179600898e-16,True,0.0,4.0,-313.495587530397,-313.4955875303965,True,3,-3111.3234588238824,-341.8290172017344,11.200902603121925,-330.0272444556971,6.548656536238092e-16,6.548656536238092e-16,True,0.0,4.0,-330.02724445569737,-330.02724445569686,True,3.0,12342.38867940472,-602.7087364793668,11.200902603121925,83.01073469577469,0.13049356945424573,0.13049356945424573,False,0.0,8.0,17.052807029982908,153.51698483387088,True,8.0,1500.3164521009294,573.1198343875405,11.200902603121925,77.74412351113446,0.282826354633323,0.282826354633323,False,0.0,7.0,3.646434266422638,170.75334723404146,True,7.0,1507.3920798200868,512.2792172796449,11.200902603121925,,,,,,,,,,,,,,-151.5594004760299,0.2284011177732177,0.2284011177732177,False,0.0,4.0,-188.16863207779198,-143.82823479429163,True,4,12482.865106781303,-331.6165278883845,11.200902603121925,-23.531910839265535,0.6719834701095647,0.6719834701095647,False,0.0,7.0,-116.62272987284261,80.98030882953023,False,7,10268.11193156236,-251.78592515676047,11.200902603121925,-102.38919146806991,0.361590441515142,0.040901813311483855,False,0.4363226964067302,4.0,-175.00011430447032,-24.572424000859108,True,10,10542.487255359258,-785.6933120590488,11.200902603121925,13.789522983013915,0.6485001173490452,0.6221916536774189,False,0.07214883091320647,11.250364548599478,-31.65537264338158,59.301532049677974,False,13,3478.887379839578,48.793936511752904,11.200902603121925
d38,D38,2.0,242711.571,363069.196,,,,,,,,,,,,,,13.848779756441942,0.5488362310793731,0.47312666062279324,False,0.16544955828338587,10.741139791744915,-22.590870013994447,48.95624382572218,False,15.0,4618.7915501425505,-177.86487720032315,2.0536050128323936e-15,2.0536050128323936e-15,True,0.0,4.0,-177.86487720032335,-177.86487720032315,True,3,10084.979487222285,-336.79687066652696,11.035216762889073,-293.13621162321914,3.159772028710439e-16,3.159772028710439e-16,True,0.0,4.0,-293.13621162321937,-293.1362116232191,True,3.0,12731.563097223785,-501.0517105729044,11.035216762889073,62.190302989340225,0.17075163511328276,0.16357336975169598,False,0.014069875696598748,8.750256103047331,7.157981380885396,126.06769739031922,True,9.0,3362.0073642760985,684.0626507797207,11.035216762889073,61.1163409768265,0.287474627031361,0.287474627031361,False,0.0,8.0,-7.934268061593475,137.345398880258,False,8.0,3352.378679203516,436.9939888596788,11.035216762889073,,,,,,,,,,,,,,-159.92095666343607,0.025057586538460457,0.025057586538460457,True,0.0,4.0,-163.9775739935576,-159.06427709616722,True,4,11812.949532389168,-426.2134317147759,11.035216762889073,-26.065898042471503,0.6252433618761843,0.6252433618761843,False,0.0,7.0,-109.17867894753641,61.25846037625049,False,7,10246.314091042637,-241.11147802369925,11.035216762889073,-97.65210783261323,0.25588936137029256,0.052171896158978444,False,0.34744139066185764,4.8429461486084255,-169.46504326994446,-23.353398555080453,True,10,9947.317013674136,-794.1353698543636,11.035216762889073,7.558715706970557,0.7941488206505719,0.7777218606078392,False,0.07311232467735183,11.228591361875665,-35.63473308515199,50.89952190280681,False,13,3529.6998315464416,11.823239542365638,11.035216762889073
d41,D41,2.0,242771.66,363342.853,,,,,,,,,,,,,,14.091057877493096,0.24418859972225215,0.2275863421100402,False,0.03312102436377025,14.038224266585788,-5.004071669941069,31.18160505252562,False,15.0,2802.5824809089113,-274.31186636882876,9.150308320694916e-16,9.150308320694916e-16,True,0.0,4.0,-274.31186636882876,-274.3118663688286,True,3,1072.87015821513,-424.65909995223166,7.294627846652931,-155.75766316911893,4.675085475735594e-16,4.675085475735594e-16,True,0.0,4.0,-155.75766316911913,-155.75766316911884,True,3.0,6532.570584820064,-349.7994088023939,7.294627846652931,25.749525602972433,0.2684546759451008,0.2684546759451008,False,0.0,9.0,-3.306151960665163,58.39529138760832,False,9.0,1461.7643697045924,382.1259039870625,7.294627846652931,17.310385122626172,0.5470482291829444,0.5470482291829444,False,0.0,8.0,-17.52223140625421,53.99725733019167,False,8.0,1386.1026377050723,200.953746524554,7.294627846652931,,,,,,,,,,,,,,-179.8999947563704,0.1159595506372113,0.1159595506372113,False,0.0,4.0,-201.24387185195758,-175.39257837812983,True,4,10164.578167012873,-334.6823602996438,7.294627846652931,-28.689686322053376,0.6304705034879273,0.5484537134653599,False,0.1575340566006559,5.094676541193067,-110.32173692609781,54.65399760976241,False,7,6939.390807285944,-213.22860020718036,7.294627846652931,-61.536266152761414,0.29921807133677863,0.04505243397969637,False,0.3905693582967579,4.382597948582045,-110.01273249135943,-10.931200916489788,True,10,7146.4424011278,-426.6824920560067,7.294627846652931,10.008338468640932,0.5611436659675921,0.5548924298728781,False,0.014817423203962558,12.620372103893612,-16.022472281742118,34.977855081298976,False,13,2748.335168521728,52.47381582616406,7.294627846652931
d43,D43,2.0,242664.714,363428.693,,,,,,,,,,,,,,18.433873103674614,0.2941805337871954,0.24055195289704476,False,0.10382282281766024,12.178274791801147,-9.856548356778521,44.19560320306933,False,15.0,3791.292742049429,-331.41288017870295,1.0552210573829658e-15,1.0552210573829658e-15,True,0.0,4.0,-331.41288017870306,-331.41288017870284,True,3,-643.7220949291014,-463.59989726502613,9.355380210130921,-238.91695246094272,4.02948427873541e-16,4.02948427873541e-16,True,0.0,4.0,-238.91695246094287,-238.91695246094267,True,3.0,9312.387854956261,-479.99374638429225,9.355380210130921,47.58698301107547,0.15925036196141193,0.15925036196141193,False,0.0,9.0,5.812468690384835,95.49935194374643,True,9.0,2474.9804254741853,556.0826911598732,9.355380210130921,39.10824419812098,0.3530028039087677,0.3530028039087677,False,0.0,8.0,-11.58257567070331,93.92743155281823,False,8.0,2398.963671723766,322.39298334632247,9.355380210130921,,,,,,,,,,,,,,-199.14433848038016,0.14579848144567623,0.14579848144567623,False,0.0,4.0,-229.04654727473428,-192.82956703273513,True,4,12093.521001011923,-390.73971597825863,9.355380210130921,-27.124223111815837,0.6824223314112562,0.6332854257944068,False,0.1156437240061573,5.548808995875043,-123.55083311016735,75.46053516446483,False,7,8749.064230749387,-238.23333301500816,9.355380210130921,-80.21799526223509,0.35503114450288525,0.04874703747734809,False,0.4194726346828213,4.089739746528447,-142.6772561076529,-13.286793828433824,True,10,8979.14974900311,-586.7218921538,9.355380210130921,13.079300021615737,0.5793028360975817,0.5582904849169248,False,0.05050065308057429,11.750103604177177,-22.062925603617337,47.55600320230963,False,13,3272.720105874923,68.31193680855475,9.355380210130921
d44,D44,2.0,242819.407,363279.547,,,,,,,,,,,,,,15.279719685314497,0.31348052063473164,0.24377337529196186,False,0.1336193294107382,11.463910081344654,-8.326709309962288,37.120553596995606,False,15.0,3354.865954680542,-240.14645166544085,7.170091233234269e-16,7.170091233234269e-16,True,0.0,4.0,-240.1464516654412,-240.14645166544085,True,3,6008.072886004755,-436.73986966358115,8.193990078558851,-175.08456467168492,4.987708907377237e-16,4.987708907377237e-16,True,0.0,4.0,-175.08456467168506,-175.0845646716848,True,3.0,7700.093838277267,-374.9813912804837,8.193990078558851,40.20892813487294,0.13897228349779378,0.13897228349779378,False,0.0,9.0,6.239231318747212,76.45427596529993,True,9.0,2249.7106175708154,484.2000800018226,8.193990078558851,35.402189290262065,0.3003706192671291,0.3003706192671291,False,0.0,8.0,-4.689840057145123,78.64306920463602,False,8.0,2206.6154484478866,289.3213919577499,8.193990078558851,,,,,,,,,,,,,,-190.7472275000419,0.05770610939923958,0.05770610939923958,False,0.0,4.0,-201.9150070514506,-188.388807226481,True,4,10765.136953292134,-397.81825680682914,8.193990078558851,-34.06721422222603,0.5793679546813918,0.519591608439033,False,0.11134077729046078,5.597396123746254,-122.4839809914613,57.00423511269692,False,7,7777.748315352395,-250.93379421282413,8.193990078558851,-71.73637898207511,0.25934317886932234,0.04508467373663368,False,0.36143366584667663,4.690396235766644,-127.14398723791814,-13.254609696158807,True,10,7719.629860716649,-528.467224739902,8.193990078558851,7.774567978933065,0.7015108143087002,0.6827054437238537,False,0.05987625515830738,11.531165665294138,-22.49423160749275,37.59693638216981,False,13,2846.853745745957,32.45878496131505,8.193990078558851
d5,D5,2.0,242083.407,363901.712,,,,,,,,,,,,,,18.78441538808273,0.1930729619929379,0.18024094923411504,False,0.02715514117637446,14.206882969637643,-3.7647178707809865,39.46293535430577,False,15.0,3189.769107015536,-466.95456214443357,6.518553642349575e-17,6.518553642349575e-17,True,0.0,4.0,-466.95456214443357,-466.95456214443357,True,3,-7724.665139149003,-618.2437509628409,8.118510606503607,-198.4385183245529,6.66255973163772e-16,6.66255973163772e-16,True,0.0,4.0,-198.43851832455303,-198.43851832455275,True,3.0,6838.350484535047,-461.18946844575623,8.118510606503607,32.82025586410228,0.18746526681855988,0.18746526681855988,False,0.0,9.0,3.7773091617300265,66.63230694779638,True,9.0,1681.539646367538,441.69473829172745,8.118510606503607,24.452164236116623,0.4241906001910784,0.4241906001910784,False,0.0,8.0,-15.616072181417806,63.950132305249156,False,8.0,1606.5149080569738,251.29971173054034,8.118510606503607,,,,,,,,,,,,,,-253.98968304456204,0.1822021909622891,0.1822021909622891,False,0.0,4.0,-302.1350711991619,-243.82230295082684,True,4,12783.502571504336,-413.07904550295206,8.118510606503607,-24.594907023177903,0.7694580565631566,0.7176425932204669,False,0.15398633688166302,5.131859409905343,-145.3860310861881,92.40979957122897,False,7,7673.731474153356,-217.20986129809927,8.118510606503607,-67.08061740497818,0.32810123639390676,0.09862234064674594,False,0.34964364803731907,4.81872643129498,-138.7992287431267,3.3691944473529465,False,10,8093.692030828994,-444.6648736229427,8.118510606503607,12.409736674055894,0.563547719327801,0.5430222009046266,False,0.0480514900966749,11.807941447229558,-19.903850560548072,43.58040864161996,False,13,3241.3818080308306,77.81565842625649,8.118510606503607
d6,D6,2.0,242114.898,364021.851,,,,,,,,,,,,,,19.832423946255506,0.15906160121299873,0.15906160121299873,False,0.0,15.0,-1.4252481625615319,39.15117662071691,False,15.0,3476.131041460058,-482.1509253312996,3.7878616864047114e-16,3.7878616864047114e-16,True,0.0,4.0,-482.1509253312996,-482.1509253312994,True,3,-19204.37583205095,-418.9550420638745,8.166460696277285,-179.49848819500568,5.931240206839411e-16,5.931240206839411e-16,True,0.0,4.0,-179.49848819500585,-179.49848819500554,True,3.0,7477.708456666372,-393.59837560142563,8.166460696277285,31.467332127544488,0.2551185062010735,0.2551185062010735,False,0.0,9.0,-1.5420486860895686,68.79372212898998,False,9.0,1956.8366839800326,426.61964820398646,8.166460696277285,21.457233943366294,0.5292897215153048,0.5292897215153048,False,0.0,8.0,-21.23127357479096,65.15290923539119,False,8.0,1867.0904156409747,223.271626714591,8.166460696277285,,,,,,,,,,,,,,-166.2730445344476,0.37437477264290187,0.37437477264290187,False,0.0,4.0,-237.68417694602738,-151.19238667743318,True,4,11214.144737388362,-224.42307301961262,8.166460696277285,-8.015269247204415,0.8863976683136794,0.8858145582477966,False,0.004236348768425092,6.940941310448794,-95.47211928484778,98.07831786003018,False,7,7676.005673517041,-148.74224294276038,8.166460696277285,-57.37897461518108,0.2788753288526035,0.10914748519829533,False,0.2852848253297746,5.56075323216273,-115.89413461379338,4.879563440656706,False,10,8356.112536652472,-367.9365683726149,8.166460696277285,20.01920167127998,0.30580726130598435,0.30580726130598435,False,0.0,13.0,-9.2847462877505,49.147287757262376,False,13,3597.8356656847754,136.6428852146907,8.166460696277285
d7,D7,2.0,242610.75,364204.554,,,,,,,,,,,,,,20.88937943959257,0.1992874702548006,0.17341707792720842,False,0.05457240246813362,13.447548911566098,-5.4407076297399275,44.768291924354145,False,15.0,3467.1359641769204,-365.34281485230684,4.998924141604689e-16,4.998924141604689e-16,True,0.0,4.0,-365.342814852307,-365.3428148523066,True,3,-5471.637806897192,-450.14813391047693,8.60847748190043,-233.77960831588612,6.832600592324722e-16,6.832600592324722e-16,True,0.0,4.0,-233.77960831588638,-233.77960831588592,True,3.0,8311.653637707233,-482.47099439121365,8.60847748190043,49.117901568383935,0.15956932793008288,0.15956932793008288,False,0.0,9.0,6.954673017456891,97.83627703428516,True,9.0,2377.418904828869,546.8467834543948,8.60847748190043,36.74217376014788,0.3874504775903134,0.3874504775903134,False,0.0,8.0,-14.829429038149655,90.57880254210637,False,8.0,2266.463410853331,301.20674764480407,8.60847748190043,,,,,,,,,,,,,,-189.39822760262004,0.20064516179535946,0.20064516179535946,False,0.0,4.0,-229.17436572755534,-180.99827216600596,True,4,11471.53666557589,-342.17645933629717,8.60847748190043,-26.855090925090863,0.6695668282572054,0.6237567061929206,False,0.10561736417838023,5.662608650691598,-118.90276613339879,74.235905195696,False,7,8013.17959416173,-235.55003798984498,8.60847748190043,-75.36635504010229,0.3010948787110842,0.04532247821997108,False,0.3914649965469269,4.373340364027982,-134.68485272394324,-12.64762334596376,True,10,8452.088988949235,-532.1060768740379,8.60847748190043,16.310844066929153,0.45161053532094964,0.45161053532094964,False,0.0,13.0,-16.744958822982834,48.66336667921335,False,13,2825.118819349516,94.6728923295368,8.60847748190043
d8,D8,2.0,242676.867,364024.231,,,,,,,,,,,,,,16.370768598917174,0.20623765488600027,0.20623765488600027,False,0.0,15.0,-3.5132125318867224,34.36330555770769,False,15.0,2934.5309063597556,-419.0530720277498,5.989785831074471e-16,5.989785831074471e-16,True,0.0,4.0,-419.0530720277498,-419.0530720277497,True,3,-19311.662847872456,-304.9829969626624,7.445670794622557,-173.28055385996169,5.363868828664613e-16,5.363868828664613e-16,True,0.0,4.0,-173.2805538599617,-173.28055385996154,True,3.0,6699.359621028236,-384.05414130782765,7.445670794622557,26.578702375580868,0.2723159081698632,0.2723159081698632,False,0.0,9.0,-1.9987106876439447,60.39379642967014,False,9.0,1419.6669606771122,389.36159791569935,7.445670794622557,14.779125858693565,0.6100230871983284,0.6100230871983284,False,0.0,8.0,-20.0794788152841,52.52679148899492,False,8.0,1313.8769932974096,188.10972613412846,7.445670794622557,,,,,,,,,,,,,,-116.51929868186706,0.4704666920940472,0.4704666920940472,False,0.0,4.0,-184.91370253463833,-102.07571588173003,True,4,9821.842113781666,-120.832724015286,7.445670794622557,-1.8807470512776092,0.9699290876414096,0.9699290876414096,False,0.0,7.0,-80.77095463986339,96.67333576105786,False,7,6907.940898107847,-117.34727720414551,7.445670794622557,-50.407742430776885,0.3018898078502444,0.12556660733348216,False,0.2884606541003241,5.522398713808711,-104.06787357502466,8.347819645421996,False,10,7482.011628522659,-334.29389925746665,7.445670794622557,18.732091413757008,0.29512681335723356,0.29512681335723356,False,0.0,13.0,-9.592013207824948,45.726842097619155,False,13,3211.7457474048006,131.758744271698,7.445670794622557
d9,D9,2.0,242710.726,363910.68,,,,,,,,,,,,,,19.81285656127163,0.34953818230942657,0.31862478430360863,False,0.05983569213695037,13.306274474971584,-13.767095405569558,50.28708132822344,False,15.0,4412.5420348496045,-512.5694699428844,2.6557557446717773e-16,2.6557557446717773e-16,True,0.0,4.0,-512.5694699428844,-512.5694699428843,True,3,-11801.571740366522,-554.8223002379757,11.803517090041488,-321.8724959064896,5.834732643484821e-16,5.834732643484821e-16,True,0.0,4.0,-321.87249590648975,-321.87249590648923,True,3.0,11619.636189169305,-652.9827642549642,11.803517090041488,50.90234846869445,0.21342223900109855,0.21342223900109855,False,0.0,9.0,-0.27657254190515357,110.27952603679128,False,9.0,2419.9835499672313,659.5643508192491,11.803517090041488,36.08225910427709,0.47201451796300636,0.47201451796300636,False,0.0,8.0,-24.59026822728798,103.06916975008873,False,8.0,2287.1129534519946,338.56435598014855,11.803517090041488,,,,,,,,,,,,,,-230.55234864378883,0.25816265813324013,0.25816265813324013,False,0.0,4.0,-294.3085127050971,-217.08827288956556,True,4,15356.2133616796,-394.4535358923482,11.803517090041488,-29.8601607236062,0.6952471863163953,0.666629420283799,False,0.07408896434584132,6.034302059444863,-144.2313196082985,100.53167020860565,False,7,10963.60586897359,-287.3504670110982,11.803517090041488,-99.29012445128112,0.3374133192903945,0.05177348067794593,False,0.40674761832783396,4.217191299583292,-179.58768280770275,-15.976333496271693,True,10,11266.836538578009,-732.1257519818267,11.803517090041488,17.006752987523832,0.5579169300842295,0.5427779310443107,False,0.035334438792835945,12.112658311950966,-28.319599398160282,60.76442965867057,False,13,4109.198016023654,89.70820683752345,11.803517090041488
l7,L7,2.0,242812.0,364395.0,10.424940963009288,0.4399244809231526,0.43692488329001083,False,0.006249228878819924,16.788845769236893,-12.091915072118653,32.871250141546795,False,17.0,2920.0827139813505,66.79432715266475,7.4153650227379355,18.254688677259878,0.28784471628635605,0.2546353299298868,False,0.06460427240053442,13.179484882541544,-8.526742336520533,44.030921061680324,False,15.0,3631.310492992826,-187.10152055492202,0.10726618027487934,0.10726618027487934,False,0.0,4.0,-209.24969489970914,-178.56689158865402,True,4,3053.7134199894576,-751.4449672197836,7.4153650227379355,-258.804769378037,5.335150669680721e-16,5.335150669680721e-16,True,0.0,4.0,-258.80476937803746,-258.804769378037,True,3.0,9506.975063865795,-412.5316459153159,7.4153650227379355,47.28963484997098,0.22583851959313408,0.22583851959313408,False,0.0,9.0,-2.6286313525874045,105.75985335569348,False,9.0,2471.341116078649,487.2445667538543,7.4153650227379355,31.09708745127371,0.5113114156924662,0.5113114156924662,False,0.0,8.0,-25.09892902403088,97.70702454935164,False,8.0,2326.1656465479555,250.89900781012742,7.4153650227379355,,,,,,,,,,,,,,-181.4325716951508,0.24611074837342342,0.24611074837342342,False,0.0,5.0,-225.99782370659403,-73.41149529376389,True,5,9030.97294646148,-438.520758301137,7.4153650227379355,-39.11315800386461,0.561553204282932,0.5032740381671862,False,0.1141506818467995,6.360714632852569,-115.53929996089529,52.992265953760494,False,8,6692.69420025773,-182.89672110608612,7.4153650227379355,-75.1419219624154,0.14719769806238797,0.04871225642749597,False,0.2385816394526552,6.762252643856464,-125.23063591743183,-21.922078112461385,True,11,7379.544980540828,-471.7575950311481,7.4153650227379355,14.063708436405697,0.5019931105592682,0.5019931105592682,False,0.0,14.0,-17.139714536716664,50.68532633194705,False,14,2139.085323465758,-84.30891826440012,7.4153650227379355
nw1,nw1,3.0,241725.0,364139.0,-2.8303542303660825,0.8469831114479612,0.8032566278006185,False,0.23928139604047066,12.890608004115009,-26.56950438766251,19.26660817484564,False,21.0,2543.3892364275034,-101.61923604488909,3.7487528592175234,26.05196044324032,0.23580323694879599,0.16491761102975944,False,0.14419733505871654,11.21925351579367,-6.599889426559646,56.25263102506235,False,15.0,4010.138185362325,-180.1656254386852,0.21334180206376369,0.016551044992863237,False,0.3128589777233421,4.0,-247.74136070912655,-117.98169291124006,True,7,-276.11852275241483,-804.0729967954832,3.7487528592175234,-238.71320661466595,7.760304636888788e-16,7.760304636888788e-16,True,0.0,4.0,-238.71320661466615,-238.71320661466595,True,3.0,8839.818919033105,-221.6624403283143,3.7487528592175234,59.097742650655,0.10730780663757522,0.10730780663757522,False,0.0,9.0,13.004884254554844,111.05339002429982,True,9.0,2394.332378949139,419.9855050941883,3.7487528592175234,57.85531418317147,0.21661748532588193,0.21661748532588193,False,0.0,8.0,1.1258757408286832,122.00846152899291,True,8.0,2383.193295537232,318.4090243191744,3.7487528592175234,-16.585799984725785,0.7484501181243577,0.7484501181243577,False,0.0,6.0,-63.30308570805904,27.037591228164516,False,6.0,217.65182475060496,189.13867103149684,3.7487528592175234,-61.768024590700485,0.23865934632575528,0.23865934632575528,False,0.0,9.0,-136.22870554790433,-3.6924590297143545,True,9,2358.2434208007276,-478.1853593430627,3.7487528592175234,-19.777076623092693,0.5839044515585594,0.5108948943128023,False,0.16302201689908652,8.635894807898927,-71.87813277098911,34.39802557567446,False,12,3869.787590599,-82.90741406377688,3.7487528592175234,-35.81331759146033,0.15782061202643372,0.10397762514570866,False,0.1278524376948545,11.599224328773971,-69.51308067435139,1.3888568893851907,False,15,3522.9644943172752,-429.51924750840885,3.7487528592175234,-8.046862660779475,0.6801995621916849,0.6016729566570665,False,0.2193759183202784,11.523299139440875,-37.67484089266308,21.040369111211565,False,18,2132.4906067014967,-283.9033745646253,3.7487528592175234
nw10,nw10,4.0,241435.0,364325.025,4.229939135316663,0.8370912109743707,0.8292569303868094,False,0.0455162882119883,15.519818565568038,-27.77952729575679,37.88752348230486,False,17.0,2699.998671447438,58.749954775153654,4.907352021976233,22.54217887549892,0.5098391885261937,0.4199929348435022,False,0.18302917490840534,9.668055356426748,-26.566180279284154,74.10439640281959,False,14.0,4182.954374833373,-300.0757216813939,0.09299893261914015,0.09299893261914015,False,0.0,4.0,-332.74750971891365,-285.55022206034096,True,4,-3258.635799370037,-393.32124992291995,4.907352021976233,-338.8550915023386,5.234159115593203e-16,5.234159115593203e-16,True,0.0,4.0,-338.8550915023389,-338.8550915023386,True,3.0,11897.61791618292,-326.53458329117615,4.907352021976233,99.70203651601966,0.12830721019427196,0.12830721019427196,False,0.0,9.0,10.205495578906884,199.8191347543308,True,9.0,3715.4471972557917,623.9976996365184,4.907352021976233,99.27635953458713,0.23811400721054163,0.23811400721054163,False,0.0,8.0,-2.0004005481286486,222.75304193903088,False,8.0,3711.630759105184,530.3194008997474,4.907352021976233,-243.9443455753856,6.874514933919062e-16,6.874514933919062e-16,True,0.0,4.0,-243.94434557538568,-243.9443455753856,True,3.0,-2904.0673188005903,-116.9928851353681,4.907352021976233,-27.221115772047,0.8568658038023598,0.8568658038023598,False,0.0,5.0,-187.93020170238162,78.71114684058611,False,5,3184.007888314096,-422.1740480094394,4.907352021976233,-9.094938228307647,0.8689213666484479,0.8689213666484479,False,0.0,8.0,-87.51004816019226,56.73620680571756,False,8,4626.1457588989215,-95.12368548932781,4.907352021976233,-64.80497833632714,0.12292455409511982,0.12292455409511982,False,0.0,11.0,-124.09343203103622,-8.50796919672936,True,11,4925.2444020022185,-433.6385847400903,4.907352021976233,1.5040599440589997,0.9567431430914731,0.9561299424262673,False,0.013306336017800341,13.632315129931387,-35.868780087199845,42.531886670513586,False,14,1086.0857975314098,-141.60222773188892,4.907352021976233
nw11,nw11,3.0,241689.0,364237.0,6.07489398351202,0.7520895440080123,0.6975880581973809,False,0.19377570822752663,12.15641862360514,-21.723296998089598,31.3669171625919,False,18.0,3169.6169096942144,145.50423170782324,6.227989518300667,27.592519412771743,0.24091558791000156,0.16776333366836635,False,0.14790833945897974,11.134490855027057,-7.307390743985653,60.010821898672084,False,15.0,4303.677329162326,-282.6447205523854,0.05351917075233155,0.05351917075233155,False,0.0,5.0,-348.8625477358407,-218.09228961745376,True,5,-1483.6723766819118,-708.1900233244058,6.227989518300667,-256.4398431517853,3.8546095810821223e-16,3.8546095810821223e-16,True,0.0,4.0,-256.4398431517853,-256.4398431517851,True,3.0,9479.176891164432,-349.54717610640796,6.227989518300667,63.44229964382546,0.12585458941621921,0.12558255868407134,False,0.000594368143802602,8.989307728557085,9.127028684108922,123.98400954710691,True,9.0,2727.0151696663934,512.2772175567789,6.227989518300667,61.138788346284834,0.24756113976573768,0.24756113976573768,False,0.0,8.0,-3.5090352611895153,134.82760288681072,False,8.0,2706.362870435413,374.0275915819964,6.227989518300667,-118.89859102772112,7.052224219848448e-16,7.052224219848448e-16,True,0.0,4.0,-118.89859102772127,-118.89859102772105,True,3.0,-304.6224460280335,72.3792755375523,6.227989518300667,-119.5576211093794,0.3310339432781491,0.3310339432781491,False,0.0,6.0,-247.97506284058278,-51.5126997447819,True,6,5217.043881903895,-663.9213976195999,6.227989518300667,-28.58742137635301,0.6660323953369318,0.6170925123055121,False,0.12441756256532717,7.008287845427729,-125.43162210932033,57.27770829053045,False,9,6156.054651026464,-183.5295767901939,6.227989518300667,-59.195493656431175,0.18826961970840023,0.12507535494112976,False,0.13329855063164303,9.177120527175843,-113.76518712699598,-0.8161910082956859,True,12,6098.976628146368,-517.9387223739367,6.227989518300667,3.0405487514100216,0.914329750449067,0.8951601223654804,False,0.1871446316475323,10.270720348847194,-33.40160023481579,38.00262851155186,False,15,2643.331512895749,-63.632890387408494,6.227989518300667
nw2,nw2,3.0,241703.008,364112.082,-3.2111562941318503,0.8320558316955885,0.7817703203424469,False,0.24957076142312842,12.611541896328031,-27.321569691648726,19.709435497426117,False,21.0,2480.541034025909,-111.11754720069867,3.6656636843027104,27.007031197002096,0.22578260221405358,0.15625031147553664,False,0.14340080971383043,11.237518589398567,-5.92418822360653,57.38133144138492,False,15.0,3961.6687786500393,-181.66230060315064,0.2225225115933704,0.01811415182443987,False,0.32926718977123126,4.0,-253.19050000037623,-114.32610507620056,True,7,-310.604198830737,-811.0519835241222,3.6656636843027104,-248.06072843676662,3.574974316227266e-16,3.574974316227266e-16,True,0.0,4.0,-248.0607284367667,-248.06072843676662,True,3.0,9145.598818748089,-220.82155607507593,3.6656636843027104,60.983902016951326,0.11078646957577226,0.11078646957577226,False,0.0,9.0,12.924887211082874,115.01887439563349,True,9.0,2414.487024201292,428.3386905083746,3.6656636843027104,60.11044410930744,0.21880636345269702,0.21880636345269702,False,0.0,8.0,0.2233350587692584,127.00131851251162,True,8.0,2406.6559733644235,329.1396229823247,3.6656636843027104,-14.53352592070878,0.7793483611651368,0.7793483611651368,False,0.0,6.0,-61.902173396594456,29.6913507409875,False,6.0,210.35404932752039,192.15690152343933,3.6656636843027104,-66.66667112692313,0.20350339628453779,0.20350339628453779,False,0.0,9.0,-141.99429338251198,-9.182384249896394,True,9,2132.6186846019637,-501.27319842799886,3.6656636843027104,-21.059804448228636,0.5760158730175898,0.489207621735033,False,0.18780208090469283,8.205386390399596,-74.52077109231338,34.315264725018366,False,12,3785.5381931955812,-97.11584562920439,3.6656636843027104,-37.17479851574179,0.15529752403369024,0.09613463042128939,False,0.14262744535957278,11.255276924981716,-70.81995245401431,1.2340873923072866,False,15,3454.3753004638324,-440.9108010080672,3.6656636843027104,-8.605478325956817,0.6688442684567254,0.5835473972994917,False,0.2298196121827855,11.272585705560692,-39.05435174831971,21.36923470089822,False,18,2027.170169021776,-295.7926178732405,3.6656636843027104
nw3,nw3,2.0,242091.94,363939.361,-3.4142173665662328,0.7139919879413346,0.6586157281816999,False,0.1773094617852885,14.674562520130106,-19.41592384602611,11.468412272018016,False,21.0,1975.6983903874816,-86.7599685739856,2.7874985330081348,17.648788294656104,0.1764347455876983,0.162612386255019,False,0.030156426959768046,14.121790841549181,-3.8130176299120078,36.57405627783282,False,15.0,2985.238325810313,-117.83648252119096,0.26087217246643896,0.026820523928738467,False,0.37591484468104297,4.0,-169.22746792630238,-66.886067117369,True,7,67.6498685380846,-536.6676706640754,2.7874985330081348,-199.61067127791134,6.928077483273722e-16,6.928077483273722e-16,True,0.0,4.0,-199.6106712779115,-199.6106712779112,True,3.0,7283.121247756839,-173.37113501995006,2.7874985330081348,35.19925355781105,0.17089373083144171,0.17089373083144171,False,0.0,9.0,4.501317315910456,70.30555245557059,True,9.0,1772.6803025539036,273.634762263087,2.7874985330081348,24.04746447791073,0.43346089004536636,0.43346089004536636,False,0.0,8.0,-16.94974473637644,63.757369999996925,False,8.0,1672.6981208798813,148.93028702499873,2.7874985330081348,-6.284942852125663,0.7938608193359795,0.7938608193359795,False,0.0,6.0,-27.633126609412916,11.847363370214303,False,6.0,536.0435794336613,143.88226586601735,2.7874985330081348,-46.35678394904667,0.17977732807172245,0.17977732807172245,False,0.0,9.0,-95.64194980316645,-8.027212025652542,True,9,1746.3773749731702,-349.6662221207935,2.7874985330081348,-17.51755302589686,0.4658673734872024,0.3885663365278661,False,0.14921113358459578,8.883890956694522,-51.99822085883093,18.528384466454554,False,12,2897.3708705015492,-82.18468282092,2.7874985330081348,-27.691698575214918,0.07978382308789685,0.0677384416558103,False,0.03840207457440906,13.890543205333591,-49.63990142660039,-2.465169248611446,True,15,2824.7224395045437,-317.710873734779,2.7874985330081348,-6.434767296712218,0.6031605831430131,0.5449485526904962,False,0.14364175177730196,13.478389053262001,-26.682496631830677,13.782877935286272,False,18,1725.9312286520833,-206.94838990798237,2.7874985330081348
nw4,nw4,2.0,242431.164,363744.512,-4.242200506661457,0.5761908021788937,0.48376680350409224,False,0.2119154524666995,13.65588289555542,-16.874421444230798,7.320544458212534,False,21.0,1747.4744366519792,-101.73634267028956,2.4550297741366953,12.586651482496158,0.20214453546134642,0.20214453546134642,False,0.0,15.0,-1.6059069292436168,26.07146604742589,False,15.0,2474.2126090423276,-94.00351248580886,0.32856115694446664,0.06783887089327222,False,0.3307072407735421,4.0,-152.1897706090939,-39.307273971199706,True,7,163.85706965183277,-404.1763409505034,2.4550297741366953,-87.21604324689277,5.460045352417924e-16,5.460045352417924e-16,True,0.0,4.0,-87.21604324689284,-87.21604324689268,True,3.0,4002.9368689961248,-96.6686350650564,2.4550297741366953,13.269539175340334,0.4083760957537472,0.4083760957537472,False,0.0,9.0,-6.586136588405541,34.38102479109368,False,9.0,1279.5260479487815,148.15489552137774,2.4550297741366953,9.664803383601539,0.6386928594158188,0.6386928594158188,False,0.0,8.0,-16.323591236353074,36.41609087617037,False,8.0,1247.2075252225864,79.62844775937728,2.4550297741366953,-7.010674934729844,0.679941887641983,0.679941887641983,False,0.0,6.0,-17.65978574144389,6.339482133883134,False,6.0,741.3033990654608,116.49570719055279,2.4550297741366953,-43.832972192776595,0.14991244852444144,0.14991244852444144,False,0.0,9.0,-88.58019405754365,-10.022356794591534,True,9,1664.18354735516,-299.84198797233887,2.4550297741366953,-16.92373864928065,0.4380662094353311,0.3313835733651972,False,0.19640562219530394,8.06008627405312,-48.04440990192339,14.840599308247103,False,12,2477.313829330757,-77.90791660407027,2.4550297741366953,-20.907174643782334,0.15818299528647922,0.09076040815393588,False,0.16271841659999706,10.801603872178724,-40.445205718578336,1.4172657039105079,False,15,2491.5575174569194,-236.385130776526,2.4550297741366953,-6.517007469755143,0.5322764841904225,0.43853676562888005,False,0.20048604365707884,11.987853828214492,-23.867801300336367,10.28704615250951,False,18,1735.621872056111,-165.9852719051399,2.4550297741366953
nw4b,nw4b,2.0,242414.677,363751.66,-3.354720051655491,0.7165957730346876,0.6482507265284679,False,0.21436970555052207,12.93889811082401,-18.711055734481416,10.640379639218066,False,20.0,1746.8022895101983,-28.876842987536953,2.755860487731591,13.995836133743556,0.19689582300893732,0.19689582300893732,False,0.0,15.0,-1.9869857585029294,28.891449594131462,False,15.0,2561.707476486412,-101.88449351418885,0.3072232682802907,0.061472251373245836,False,0.29174348605419753,4.0,-161.4334179382536,-46.33341462399021,True,7,110.66576368300517,-433.2880628954603,2.755860487731591,-90.3250104144147,2.777277755978601e-16,2.777277755978601e-16,True,0.0,4.0,-90.32501041441476,-90.3250104144147,True,3.0,4392.111286815191,-98.44837580612736,2.755860487731591,16.48942074523204,0.36534493008241065,0.36534493008241065,False,0.0,9.0,-7.032261701400127,40.47469722726386,False,9.0,1310.084121233327,180.3623986938349,2.755860487731591,14.73187410787058,0.5333345187596008,0.5333345187596008,False,0.0,8.0,-14.504443063124267,44.744858341503935,False,8.0,1294.3267081457707,111.69565162178068,2.755860487731591,-13.414236007412761,0.6105742829517549,0.6105742829517549,False,0.0,5.0,-41.020763137614104,10.914849573776086,False,5.0,706.293505347323,48.533013344136315,2.755860487731591,-59.2460918299238,0.152525180039004,0.152525180039004,False,0.0,8.0,-110.75119125453293,-19.763149842595862,True,8,1967.2427017515247,-329.58655751630596,2.755860487731591,-21.449555567871577,0.44965319984669627,0.36094826931810337,False,0.16401807973752025,7.900050079085439,-62.00006319631304,15.770800850691922,False,11,2761.7391731710695,-150.5156156388393,2.755860487731591,-26.403535745573414,0.16672734487193636,0.10587405724723509,False,0.14003610878398487,10.560625566383237,-52.40758544326302,-0.6353604443312922,True,14,2793.6078698019423,-264.5541368267388,2.755860487731591,-5.938402102152259,0.6490674760011926,0.571490555687272,False,0.20214446067142328,11.282790556644311,-26.556386220983804,12.185528368537355,False,17,1688.6068318799985,-157.7389377722949,2.755860487731591
nw5,nw5,3.0,241711.757,363023.697,-12.244150114943393,0.3906346191957812,0.3607946002622055,False,0.060089522976501296,18.619295436552488,-37.2217879889873,12.049212458306904,False,21.0,2541.0357074841636,-193.70691428059212,3.5966898329584613,14.697541329668162,0.5496796758497466,0.5057116354416102,False,0.09965482854616282,12.281287928924524,-24.274746046083173,51.870487532034055,False,15.0,4466.293555340356,-196.43416247297262,0.13462797098625703,0.0020361297899294025,False,0.40280443957318174,4.0,-237.94673473324312,-150.74876064358523,True,7,-1935.5026633422813,-864.0324340919404,3.5966898329584613,-335.70488369574736,4.740026622519425e-16,4.740026622519425e-16,True,0.0,4.0,-335.70488369574764,-335.7048836957471,True,3.0,13231.930205848303,-187.35646133090577,3.5966898329584613,56.780788933539675,0.2819339978656966,0.2819339978656966,False,0.0,9.0,-14.576468056278,139.30230382404181,False,9.0,2655.6561756529068,402.7159523610783,3.5966898329584613,46.06095379005515,0.4933795988225041,0.4933795988225041,False,0.0,8.0,-36.58163652095606,138.74935592682203,False,8.0,2559.5467086290682,265.6791766264476,3.5966898329584613,-75.95269377427272,0.18766877222366482,0.18766877222366482,False,0.0,6.0,-119.48245339527853,-38.42864584923977,True,6.0,-1700.0480821333274,96.69021568182478,3.5966898329584613,-70.45519996617348,0.17728451963668032,0.17728451963668032,False,0.0,9.0,-140.56247194442744,-11.739307003306646,True,9,1614.3806169727454,-542.8835344358012,3.5966898329584613,-27.08161535011122,0.3998711336400407,0.3998711336400407,False,0.0,12.0,-77.95570750290098,24.365764732422967,False,12,3787.7591153655053,-131.4358134591178,3.5966898329584613,-47.68198683216917,0.05088771941468812,0.05088771941468812,False,0.0,15.0,-81.87669031813446,-10.490281055761388,True,15,3330.1577625749796,-569.5070533718954,3.5966898329584613,-15.147500169649275,0.42591662650646994,0.4006460079937964,False,0.05159084996850658,16.233846748550675,-45.91633862320453,15.765512521205384,False,18,1694.8527267753989,-377.45071754667697,3.5966898329584613
nw6,nw6,3.0,241444.307,363316.599,-11.481313843257457,0.26360517016100665,0.26360517016100665,False,0.0,20.0,-28.57143614885922,6.499153482235714,False,20.0,1504.5719505650795,-137.0856894243876,1.791451900147777,6.9586411614768195,0.7343244522001913,0.7100951331075773,False,0.08503964491706896,11.805508702993132,-25.800671773037138,40.663524264637765,False,14.0,3261.1197574443695,-146.47165664123918,0.024202473226074602,0.024202473226074602,True,0.0,6.0,-188.3205854561494,-107.2724380660155,True,6,-1612.8337310748816,-519.3171169870566,1.791451900147777,-254.48240861808713,5.002310673397276e-16,5.002310673397276e-16,True,0.0,4.0,-254.4824086180872,-254.48240861808696,True,3.0,10396.516590309377,-76.66527400343148,1.791451900147777,44.64996124476674,0.2897109059751843,0.2897109059751843,False,0.0,9.0,-12.784292356969756,109.35115697021563,False,9.0,2321.394041541159,286.129180710018,1.791451900147777,39.45501453551125,0.46778232431148226,0.46778232431148226,False,0.0,8.0,-23.7522950572413,114.74465984014337,False,8.0,2274.8183663781642,209.93806655118314,1.791451900147777,-49.503133337956754,0.28623483357886076,0.28623483357886076,False,0.0,6.0,-87.28370504965133,-14.698846770779038,True,6.0,-1492.4185686597948,43.05929373002501,1.791451900147777,-36.05186058494447,0.36469259890953365,0.36469259890953365,False,0.0,8.0,-95.26793114502641,2.639318084242115,False,8,390.4565016586171,-318.2158390418006,1.791451900147777,-12.713419117848845,0.5934741617857974,0.5934741617857974,False,0.0,11.0,-46.59963343219955,21.413745274320924,False,11,1905.9338274716447,-89.60307859571049,1.791451900147777,-33.578173605309345,0.07433328863739139,0.07433328863739139,False,0.0,14.0,-58.045399337792304,-7.2443126559080815,True,14,1623.9884853654303,-408.64249756361926,1.791451900147777,-12.692024889715825,0.34623714679218126,0.34623714679218126,False,0.0,17.0,-32.615752894564935,6.7893665214588514,False,17,472.97382547350776,-285.36002952325015,1.791451900147777
nw7,nw7,3.0,241423.695,363584.862,-14.198477963850653,0.2736236627209429,0.2599959182873986,False,0.02732927431448424,18.935909839317272,-37.04802500425276,9.695836636811702,False,20.0,1309.9202026332337,-180.20815957241032,1.8079667652939326,13.138608472831326,0.6001067026389443,0.5603406702439293,False,0.09767602352484814,11.508437280142669,-26.007979184104578,54.17567543622869,False,14.0,3184.0861881259,-179.87665471651314,0.048885037019966764,0.013671513670143675,True,0.10528531843577563,4.856925175648463,-221.30013150189697,-137.3019782329704,True,6,-1722.0700981063694,-657.8407987052422,1.8079667652939326,-343.900872884024,8.228304051583893e-16,8.228304051583893e-16,True,0.0,4.0,-343.9008728840243,-343.9008728840239,True,3.0,12231.195988599267,-164.16161120905338,1.8079667652939326,73.72698282958238,0.15109122598982772,0.15109122598982772,False,0.0,9.0,8.200891673218504,151.70817647637844,True,9.0,2624.9881626526485,425.56623692653426,1.8079667652939326,67.80774812941104,0.2991981898937487,0.2991981898937487,False,0.0,8.0,-8.823480272597976,160.3736115309491,False,8.0,2571.9188304653667,335.79009829575045,1.8079667652939326,-64.83390420919832,0.3548613173519229,0.3548613173519229,False,0.0,6.0,-122.5122813565569,-6.982400110483233,True,6.0,-1727.0733698113409,-10.138840376725632,1.8079667652939326,-52.37797183685354,0.25958673084416467,0.25958673084416467,False,0.0,8.0,-120.68014058647624,-0.7178108186034482,True,8,176.8245127507585,-425.6551394460848,1.8079667652939326,-23.10316347526986,0.40501907034953594,0.40501907034953594,False,0.0,11.0,-63.57587913926473,19.486621067524432,False,11,1957.4427303036982,-195.5522964512759,1.8079667652939326,-46.952573841725574,0.034925587448260305,0.034925587448260305,True,0.0,14.0,-75.76677110188828,-15.84699183654716,True,14,1617.7605153509146,-559.9269695587601,1.8079667652939326,-18.910280762604508,0.24395216124466548,0.24395216124466548,False,0.0,17.0,-43.522461034142815,6.140803103024215,False,17,98.14620158379098,-392.9520706304753,1.8079667652939326
nw8,nw8,,241276.11,363480.129,,,,,,,,,,,,,,,,,,,,,,,,,-201.31689446106503,0.08608156756585328,0.00038793278109510755,False,0.3827660846764546,4.0,-229.41385793073366,-172.24006025857452,True,7,-1675.198016698042,-910.0063732382389,2.720572977012679,,,,,,,,,,,,,,,,,,,,,,,,,,,,,,,,,,,,,,,,-156.8286436845956,0.012550938222062805,0.012550938222062805,True,0.0,5.0,-173.1263675979362,-136.7346861539962,True,5.0,-1390.6649863254413,-335.2167359524538,2.720572977012679,-120.54352814893421,0.042123107902470404,0.042123107902470404,True,0.0,8.0,-177.4123815672854,-73.04583844772733,True,8,1841.865549983571,-660.5520508514243,2.720572977012679,-77.18338486406336,0.10251469304489835,0.06670179801039848,False,0.09441686554646227,8.274572175944709,-136.4360303642736,-18.179616657070774,True,10,2720.572977012679,-417.61396710138933,2.720572977012679,-77.18338486406336,0.10251469304489835,0.06670179801039848,False,0.09441686554646227,8.274572175944709,-136.4360303642736,-18.179616657070774,True,10,2720.572977012679,-417.61396710138933,2.720572977012679,-77.18338486406336,0.10251469304489835,0.06670179801039848,False,0.09441686554646227,8.274572175944709,-136.4360303642736,-18.179616657070774,True,10,2720.572977012679,-417.61396710138933,2.720572977012679
nw9,nw9,5.0,240937.259,363567.162,-26.961524865250162,0.15634698779270997,0.04778038104937875,False,0.2982462624066783,10.810795423241448,-53.261118025737666,-1.587946351947541,True,20.0,1515.4006390143406,-319.60662792898,2.9381904652527777,8.320857247635427,0.6318343600370053,0.5942750358992644,False,0.09915520510552304,12.293688698967573,-19.199238888931824,34.833745618382494,False,15.0,3154.6596710583126,-218.38567947029074,0.0024560615160560077,0.0024560615160560077,True,0.0,7.0,-266.1463968110702,-182.17168826493645,True,7,-2325.79677003109,-972.294149169782,2.9381904652527777,-217.7654198271189,6.340595489219399e-16,6.340595489219399e-16,True,0.0,4.0,-217.76541982711905,-217.7654198271187,True,3.0,8005.873737992248,-180.94156659993575,2.9381904652527777,46.642722621191524,0.14794148293865858,0.14794148293865858,False,0.0,9.0,6.025919136493041,93.64675794565164,True,9.0,2278.723491962395,316.4143607074302,2.9381904652527777,46.411313580661414,0.26322537129224577,0.26322537129224577,False,0.0,8.0,-3.2170551043752544,102.03495153448472,False,8.0,2276.648777262756,250.52440961645615,2.9381904652527777,-152.9096391616358,0.05416882073424618,0.05416882073424618,False,0.0,5.0,-191.9639474710775,-119.53623293300764,True,5.0,-1886.1605526376295,-336.92163395851617,2.9381904652527777,-138.58846743945242,0.033103284210015675,0.033103284210015675,True,0.0,8.0,-204.28602937328836,-96.56600693902328,True,8,1148.7627286025534,-758.7431365407417,2.9381904652527777,-71.21275271039418,0.09783955154205476,0.07256168849383364,False,0.0693121748247434,9.573973174490158,-135.87391547719199,-14.596659253035448,True,11,2955.9517270908286,-496.363065693528,2.9381904652527777,-74.88519992617083,0.010432806177267571,0.007616158127987423,True,0.036198905654875,13.021838999438117,-117.64337474535832,-34.988077756659855,True,14,2980.505082761024,-703.5690333032635,2.9381904652527777,-37.19352595330557,0.13471513229193538,0.043952837269086255,False,0.2620828791165065,9.939593716540196,-69.89856247248034,-6.459610151073257,True,17,1008.6270947225975,-540.8557284534392,2.9381904652527777
t41a,T41a,2.0,242709.928,363275.666,,,,,,,,,,,,,,19.86827893609977,0.4315932294696201,0.3782241092537702,False,0.10579942840051557,12.12969389339758,-19.2114334121636,57.898492689264835,False,15.0,4485.310437597992,-249.20453154630553,1.2029727741108701e-15,1.2029727741108701e-15,True,0.0,4.0,-249.20453154630567,-249.2045315463051,True,3,6437.220949290818,-372.80150935093206,12.74143647962582,-349.7616376508164,4.501097979293342e-16,4.501097979293342e-16,True,0.0,4.0,-349.76163765081674,-349.7616376508161,True,3.0,14455.049804708227,-613.4351069514707,12.74143647962582,63.65770336454453,0.22945697998958875,0.22486649446984114,False,0.008347647204527017,8.850986264411834,-4.139244260837122,139.63887186101593,False,9.0,2498.4626994016257,775.1405520639121,12.74143647962582,52.30790321519984,0.4302777350502221,0.4302777350502221,False,0.0,8.0,-30.797376938537788,146.510594709528,False,8.0,2396.705234983567,417.6241826129159,12.74143647962582,,,,,,,,,,,,,,-172.9257676173468,0.09778255292298522,0.09778255292298522,False,0.0,4.0,-190.17025747330507,-169.28406298875308,True,4,13782.74050175559,-433.3436957226946,12.74143647962582,-35.394095249136726,0.518748217897413,0.518748217897413,False,0.0,7.0,-122.11519734129617,59.4792390264729,False,7,11814.89552749177,-300.2912899632689,12.74143647962582,-115.1451888869782,0.3092724547058816,0.03177809646261289,False,0.41319978073157154,4.152280712672199,-191.09544246682546,-36.852588416875776,True,10,11754.553667617598,-910.3213491192251,12.74143647962582,18.60805539396644,0.5634775735655677,0.5507052560020498,False,0.030168190647220844,12.238597188353344,-31.673145113464717,68.25859289888905,False,13,3527.6259627717163,78.25184963221743,12.74143647962582
t41b,T41b,2.0,242715.085,363309.565,,,,,,,,,,,,,,12.472158729494698,0.35088933654145665,0.34104689306471797,False,0.019198558053263964,14.434892507405001,-8.403528131846972,31.68131039639925,False,15.0,2710.6835333417903,-287.7708409828654,5.696106222559719e-16,5.696106222559719e-16,True,0.0,4.0,-287.77084098286565,-287.7708409828653,True,3,-3540.471522109967,-346.3715196302103,7.961528584159014,-173.91241171832644,4.780159544605397e-16,4.780159544605397e-16,True,0.0,4.0,-173.9124117183266,-173.91241171832635,True,3.0,7255.323075055477,-383.30303655955447,7.961528584159014,22.673479497795793,0.38734040533634656,0.38734040533634656,False,0.0,9.0,-10.658969435936108,60.17803648121089,False,9.0,1010.6167229174004,399.92857914282456,7.961528584159014,11.352137637726244,0.7252878136503166,0.7252878136503166,False,0.0,8.0,-28.07694657866201,55.561812206180946,False,8.0,909.1144033759226,194.14822449063618,7.961528584159014,,,,,,,,,,,,,,-143.76254165140878,0.21522450842293034,0.21522450842293034,False,0.0,4.0,-176.3187804927693,-136.88729009751734,True,4,10327.290931954109,-244.88911202996155,7.961528584159014,-26.127292055323714,0.5923018528413196,0.551154305221429,False,0.08185324957424894,5.94075698853753,-98.60532071732919,56.23482855542239,False,7,7510.059079146884,-210.29816801543777,7.961528584159014,-66.69889109450759,0.32870675712246994,0.03421934976993954,False,0.4204911623082399,4.079637051384973,-113.90543489033516,-15.728866291158571,True,10,7752.255380747088,-470.5794250938933,7.961528584159014,12.436373477422197,0.5072789694642011,0.49977501759528153,False,0.01638235155048314,12.580924305048399,-16.73496712883703,40.189567035279744,False,13,2884.0025957667194,60.70771429629107,7.961528584159014
t41c,T41c,2.0,242721.13,363323.682,,,,,,,,,,,,,,14.452618247301707,0.2514549659041084,0.24470750198105878,False,0.01337335877637062,14.604093831936176,-5.965207980560372,32.76057865311861,False,15.0,3016.246760271684,-288.74937401836064,9.888858241801281e-16,9.888858241801281e-16,True,0.0,4.0,-288.74937401836064,-288.74937401836064,True,3,-2467.6013638948166,-376.03040587691993,7.644050472958204,-169.18255926582336,7.199263315320104e-16,7.199263315320104e-16,True,0.0,4.0,-169.18255926582356,-169.1825592658233,True,3.0,7199.726729652753,-360.686967139946,7.644050472958204,28.599534588119134,0.2710358404199796,0.2710358404199796,False,0.0,9.0,-3.337852920122935,65.06935688047855,False,9.0,1681.8187624001114,403.724065133353,7.644050472958204,18.942628642902413,0.5544320527157535,0.5544320527157535,False,0.0,8.0,-19.726328686342942,60.33136862560839,False,8.0,1595.2390649447636,208.3377207613859,7.644050472958204,,,,,,,,,,,,,,-159.18129188870546,0.17714998834464665,0.17714998834464665,False,0.0,4.0,-188.47300248880748,-152.9954459191867,True,4,10009.591915550045,-294.9552702532839,7.644050472958204,-24.773266236290503,0.6388376533750295,0.588991752999314,False,0.10620719405320746,5.655856945481602,-102.08497375703018,59.40154238622508,False,7,7220.926720006654,-204.63474118144964,7.644050472958204,-63.52597745902,0.2913419695043155,0.04107310543494705,False,0.3905313474733894,4.382991103609579,-110.41893837193258,-11.832390631096816,True,10,7567.031073045917,-439.5724889150839,7.644050472958204,12.05610974848773,0.49560377543130985,0.49560377543130985,False,0.0,13.0,-15.097396146142197,38.292675533262404,False,13,2919.0135628105677,64.88057133453395,7.644050472958204
t41d,T41d,2.0,242731.987,363353.284,,,,,,,,,,,,,,14.850048026892715,0.2034619178806742,0.19440489281639287,False,0.018837111454763297,14.44533494384005,-3.268698717703944,31.212637452608725,False,15.0,2702.1651332492443,-303.73106756018046,4.0086361745332414e-16,4.0086361745332414e-16,True,0.0,4.0,-303.7310675601807,-303.7310675601804,True,3,-3218.610474645412,-402.12430049545975,7.087250339027309,-151.68028889451523,6.921507473350952e-16,6.921507473350952e-16,True,0.0,4.0,-151.68028889451537,-151.68028889451512,True,3.0,6171.19433970236,-349.3812184631859,7.087250339027309,25.762739949243137,0.24908260924192227,0.24908260924192227,False,0.0,9.0,-1.4347250849371478,57.109133666464096,False,9.0,1381.5728005502515,375.2425553699736,7.087250339027309,16.758196583981146,0.5390348717332704,0.5390348717332704,False,0.0,8.0,-16.333402054576673,51.26541742551216,False,8.0,1300.8419075799088,192.78644436352855,7.087250339027309,,,,,,,,,,,,,,-166.597102568808,0.1790451192982136,0.1790451192982136,False,0.0,4.0,-197.599247155253,-160.05004583475113,True,4,9987.164884920192,-281.6615242822711,7.087250339027309,-25.062150187175725,0.6466035308881101,0.5857209211614715,False,0.12789038240759815,5.412553753774865,-102.82275453895551,57.689319940385175,False,7,6728.044468820915,-196.3305433970395,7.087250339027309,-57.38988942595772,0.2869572757042318,0.051555776037261775,False,0.37350258092259353,4.561312281310623,-104.95405202676184,-7.930358818991144,True,10,6943.58746771598,-395.68571928217455,7.087250339027309,11.975385315984552,0.4702014256297341,0.46536614003567334,False,0.010117569910622235,12.73957801991361,-13.495248278709678,36.18325628939943,False,13,2674.9552273226604,69.07720541008466,7.087250339027309
wmc1,WMC1,2.0,242765.629,363643.556,1.8202849446108214,0.8852656289970097,0.8822787906087439,False,0.024763738761057398,16.17837928292243,-18.12857959436405,20.29350227884596,False,17.0,2050.827559428881,-12.697269498341157,5.874806588953155,14.317642105975636,0.2918818248552664,0.27467714674923216,False,0.03347910844827912,14.02816298342364,-7.466191363743746,33.94832302769299,False,15.0,3134.818281237374,-278.7553317550562,0.066080995670964,0.066080995670964,False,0.0,4.0,-298.9633595515424,-270.96832336790123,True,4,2436.8959667153035,-988.9483140322357,5.874806588953155,-194.34052373041447,1.2053423654339091e-15,1.2053423654339091e-15,True,0.0,4.0,-194.3405237304148,-194.3405237304142,True,3.0,7338.717593159564,-315.1373750727102,5.874806588953155,32.09315492885501,0.22864098699430654,0.22864098699430654,False,0.0,9.0,-1.480238822850217,70.58272264434758,False,9.0,1825.2679924707659,349.44313197202115,5.874806588953155,22.87323757462478,0.48674777567370037,0.48674777567370037,False,0.0,8.0,-17.568163074082737,65.81124333596078,False,8.0,1742.606148229863,177.6872231932517,5.874806588953155,,,,,,,,,,,,,,-271.9530089085058,0.17756097817870575,0.17756097817870575,False,0.0,5.0,-319.0194948211023,-142.18340667399377,True,5,9609.169000471235,-597.2414101712548,5.874806588953155,-56.309177228249574,0.6129095713806406,0.44674364190817284,False,0.2752559583539291,4.546500877088572,-154.42363359597877,59.055807967354845,False,8,5571.685060650572,-241.46275143496283,5.874806588953155,-72.1201740002977,0.2523401482163494,0.08872940941264197,False,0.29973975190657726,5.926465446431401,-121.18693791991164,-14.128631152649769,True,11,5939.449482182418,-412.600273154588,5.874806588953155,2.390904989528986,0.9012121172518214,0.9012121172518214,False,0.0,14.0,-27.895011295811223,32.891890263295814,False,14,1565.2699329347643,-127.3743705116106,5.874806588953155
wmc2,WMC2,3.0,241885.149,362855.856,2.7803894585534707,0.8840589103977957,0.8840589103977957,False,0.0,17.0,-29.57583834462063,34.246482200107565,False,17.0,3125.903986390414,-39.47881183359825,9.37292335177401,14.718956809918637,0.5389499222613651,0.5068810141484804,False,0.07247384455274149,12.97271015267606,-24.108476230269083,52.18332882168403,False,15.0,4294.2638458707515,-262.7638504702199,0.03160358844111491,0.03160358844111491,True,0.0,4.0,-271.8487360646047,-259.2630595453321,True,4,1039.2200204219253,-1117.6226735723512,9.37292335177401,-364.8280393520365,3.4114769390252177e-16,3.4114769390252177e-16,True,0.0,4.0,-364.82803935203657,-364.82803935203634,True,3.0,13926.884523382347,-500.8750752751541,9.37292335177401,57.94415710731367,0.27907330288418186,0.27907330288418186,False,0.0,9.0,-12.469359564760023,140.71650010690382,False,9.0,2479.4138548550914,617.7761005209293,9.37292335177401,44.608932282157454,0.5099847111886348,0.5099847111886348,False,0.0,8.0,-34.15515366756905,140.12935313434983,False,8.0,2359.8559201075805,373.81903034892395,9.37292335177401,,,,,,,,,,,,,,-253.57553471940264,0.289819883958336,0.289819883958336,False,0.0,5.0,-319.40597633957066,-77.8524040979871,True,5,10727.250237724867,-649.7319448860078,9.37292335177401,-63.898287164136036,0.5006023894438271,0.46289436921468996,False,0.07033766670368902,6.948553617920484,-164.8333495334686,72.96030138250175,False,8,8470.126884943245,-290.37507120305827,9.37292335177401,-112.64115189453248,0.12661607020721838,0.04724586251660955,False,0.20699951070171516,7.227016502442347,-181.77540266104938,-34.60401860744383,True,11,9073.461559937034,-712.8622672445695,9.37292335177401,5.817508146604755,0.8458836943092045,0.8458836943092045,False,0.0,14.0,-38.953186968302745,56.90413165644595,False,14,2180.327277274644,-250.98092224437573,9.37292335177401
wmc3,wmc3,3.0,241217.327,363562.323,,,,,,,,,,,,,,20.45233495080767,0.3325684136169214,0.28491646796942166,False,0.09160419284165502,12.482488796515382,-12.844006587703193,51.88918917704936,False,15.0,3624.1532329475785,-433.24465454452815,1.3767600828020263e-15,1.3767600828020263e-15,True,0.0,4.0,-433.24465454452815,-433.2446545445276,True,3,-9583.529304578275,-478.5167113763282,9.888730149459668,-296.84733484433855,1.3156210199412104e-15,1.3156210199412104e-15,True,0.0,4.0,-296.847334844339,-296.84733484433815,True,3.0,10424.314763010743,-566.7880754750012,9.888730149459668,62.39658650714122,0.15581845849348583,0.15581845849348583,False,0.0,9.0,8.648940328446757,130.5384135329843,True,9.0,2377.587600526892,628.2302780971416,9.888730149459668,53.61885137296119,0.3317279218309814,0.3317279218309814,False,0.0,8.0,-12.875471872421015,131.4114895554903,False,8.0,2298.8901733621447,411.9677244067303,9.888730149459668,,,,,,,,,,,,,,-204.99914856940825,0.23715653674357032,0.23715653674357032,False,0.0,4.0,-256.5990580294191,-194.10224000990974,True,4,12396.137650485867,-397.5610692004818,9.888730149459668,-26.664958846671638,0.6914626594405849,0.6684381547934636,False,0.059990494887483155,6.207665604101558,-128.06586851743697,89.33359843122757,False,7,9111.34541424125,-264.5472345308948,9.888730149459668,-90.177624248596,0.30092658107953557,0.051343624146307144,False,0.38385912448593856,4.452338136245905,-160.94533701459497,-13.76188440576625,True,10,9388.481511735448,-675.2224360525572,9.888730149459668,16.313305988810725,0.5661958530096897,0.5386642862014839,False,0.06419913330440506,11.431517736035332,-24.682394424565466,57.63846793381975,False,13,3019.263430895724,81.28761607482727,9.888730149459668
