Control,Zone,Clearfell_step_m,Clearfell_CI_lo_m,Clearfell_CI_hi_m,Clearfell_p,Clearfell_sig,Scraping_step_m,Scraping_p,Easting_coef,Easting_p,R2,N,Oct2023_step_m,Oct2023_p,dAIC_M3_M2,Climate_background_m,Net_clearfell_m
Forest,Impact,0.1347,0.0574,0.212,0.00079515735839759,***,0.375,0.0019953814789320703,4.087945489452923e-05,9.236301193192115e-05,0.3705,178,0.4667,0.0006017192866818444,-10.29,-0.0142,0.1489
Forest,Edge,0.0415,-0.0142,0.0973,0.14606082464570688,ns,0.6554,2.3133918688716385e-05,6.048372702692744e-06,0.0002722969974386048,0.6112,186,0.5335,0.0019186470640920057,-8.03,-0.0924,0.1339
Climate,Impact,-0.0142,-0.0653,0.0368,0.585450052081052,ns,0.0933,0.41737826756173635,-1.5020131801681794e-06,0.025473506147547405,0.1317,178,0.1154,0.3850570380498365,1.21,-0.0142,0.0
Climate,Edge,-0.0924,-0.1581,-0.0267,0.006409992295648701,**,0.0525,0.8922740916568463,-2.069780538477998e-06,0.0013448716676357556,0.1253,186,-0.2195,0.6239750621479472,1.75,-0.0924,0.0
Combined,Impact,0.0617,0.0246,0.0987,0.0013442685546911676,**,0.2209,0.002639763445852249,3.6486156301779966e-06,0.024214046259437284,0.3211,178,0.2346,0.004628520914140676,-6.37,-0.0142,0.0759
Combined,Edge,-0.0224,-0.0533,0.0084,0.15507055705915235,ns,0.3894,0.0032299253981267996,-3.06295249498129e-07,0.6214061137057327,0.412,186,0.1093,0.4681568844367089,1.45,-0.0924,0.07
