Control,Zone,Clearfell_step_m,Clearfell_CI_lo_m,Clearfell_CI_hi_m,Clearfell_p,Clearfell_sig,Scraping_step_m,Scraping_p,Easting_coef,Easting_p,R2,N,Oct2023_step_m,Oct2023_p,dAIC_M3_M2,Climate_background_m,Net_clearfell_m
Forest,Impact,0.093,0.0157,0.1703,0.019342740854541043,*,0.4231,0.0007154235347541827,2.5707471264029675e-05,0.009559992957342391,0.376,199,0.1945,0.14541647779312006,-0.2,0.0503,0.0427
Forest,Edge,0.1532,0.0904,0.216,3.1968064133827758e-06,***,0.7128,8.427752465182466e-05,1.5330869762567663e-05,1.5691475852542288e-18,0.66,222,1.2243,2.9989889616463965e-13,-53.07,0.2382,-0.085
Climate,Impact,0.0503,-0.0018,0.1023,0.06011778958522264,ns,-0.0487,0.6868782644122381,-3.0721455751496593e-07,0.6389296846350516,0.0973,199,0.3134,0.01617451997611164,-4.01,0.0503,0.0
Climate,Edge,0.2382,0.1261,0.3504,4.535881608599187e-05,***,0.2176,0.7537494248880878,6.383538983839354e-06,1.0834902156696043e-10,0.3331,222,4.5585,4.1822396123964234e-12,-47.71,0.2382,0.0
Combined,Impact,0.0632,0.0237,0.1027,0.002000501236372146,**,0.1726,0.03116496204827767,1.6099450622518354e-06,0.3292908452761172,0.2668,199,0.0698,0.4194445168517847,1.32,0.0503,0.0129
Combined,Edge,0.1935,0.1209,0.2661,4.0906368622712105e-07,***,0.4891,0.1299084569626069,1.1282843072896696e-05,1.9197342247818922e-16,0.4712,222,2.3273,1.1769250677049194e-14,-59.66,0.2382,-0.0447
