Control,Zone,Clearfell_step_m,Clearfell_CI_lo_m,Clearfell_CI_hi_m,Clearfell_p,Clearfell_sig,Scraping_step_m,Scraping_p,Easting_coef,Easting_p,R2,N,Oct2023_step_m,Oct2023_p,dAIC_M3_M2,Climate_background_m,Net_clearfell_m
Forest,Impact,0.1362,0.0584,0.2141,0.0007470311926955735,***,0.4089,0.0009270716309498001,4.116288389388362e-05,9.078076155450282e-05,0.4306,186,0.4532,0.001045758076112503,-9.2,0.0324,0.1038
Forest,Edge,0.0284,-0.0232,0.0801,0.28220342293541745,ns,0.6029,2.665523892924151e-05,4.826860760970297e-06,0.0016451103874361237,0.594,186,0.5314,0.0008398445033439796,-9.62,-0.0754,0.1038
Climate,Impact,0.0324,-0.0196,0.0844,0.22375276352536047,ns,-0.0724,0.5398460643210097,-1.0067417045990078e-06,0.1394149280270873,0.1249,186,0.2125,0.11773774467577766,-0.55,0.0324,0.0
Climate,Edge,-0.0754,-0.1399,-0.0109,0.023116478858601564,*,-0.4202,0.27113918167340256,-2.1648795449359965e-06,0.0006569797905598605,0.1109,186,-0.0024,0.9956807564917247,2.0,-0.0754,0.0
Combined,Impact,0.092,0.0528,0.1311,7.767776878189123e-06,***,0.127,0.10144897997393712,4.732595138150046e-06,0.0057778436736928155,0.2818,186,0.2581,0.0033927657207798905,-6.94,0.0324,0.0596
Combined,Edge,-0.0158,-0.0435,0.0119,0.2642191554858086,ns,0.1066,0.3636411749576559,-7.460653593020729e-07,0.18107419086769028,0.3077,186,0.1563,0.2473562518817192,0.61,-0.0754,0.0596
