Variant,Control,Clearfell_step_m,Clearfell_CI_lo_m,Clearfell_CI_hi_m,Clearfell_p,Clearfell_sig,Scraping_step_m,Scraping_p,R2,N,Oct2023_step_m,Oct2023_p,dAIC_M3_M2,Climate_background_m,Net_clearfell_m
A (WMC3+FE1+FE2),Forest,0.044727,-0.016958,0.106411,0.1568782505306065,ns,0.422616,0.0017183791217183755,0.3787,199,0.113156,0.4339142676093136,1.36,0.001978,0.042749
A (WMC3+FE1+FE2),Climate,0.001978,-0.056883,0.060839,0.9475456167959252,ns,-0.338406,0.12508367639826476,0.0328,199,0.245224,0.30459092285815603,0.9,0.001978,0.0
A (WMC3+FE1+FE2),Combined,0.014915,-0.015604,0.045433,0.3393239303638437,ns,0.048517,0.596802893009129,0.1466,199,-0.104821,0.2923704141257118,0.85,0.001978,0.012937
B (WMC3+FE2),Forest,0.103015,0.024526,0.181504,0.010849675609443447,*,0.397519,0.003102260151891925,0.4445,199,0.362532,0.011414761659045215,-4.65,0.060266,0.042749
B (WMC3+FE2),Climate,0.060266,-0.004699,0.125232,0.07057913035999676,ns,-0.130837,0.42699829600288663,0.0963,199,0.575814,0.0011050914029706387,-9.06,0.060266,0.0
B (WMC3+FE2),Combined,0.073203,0.029121,0.117284,0.0013400528552402217,**,0.11969,0.21257586259759656,0.3119,199,0.275606,0.007595491504712288,-5.41,0.060266,0.012937
C (WMC3 only),Forest,0.093002,0.015718,0.170286,0.019342740854541043,*,0.42314,0.0007154235347541827,0.376,199,0.194513,0.14541647779312006,-0.2,0.050253,0.042749
C (WMC3 only),Climate,0.050253,-0.001833,0.102339,0.06011778958522264,ns,-0.048678,0.6868782644122381,0.0973,199,0.313375,0.01617451997611164,-4.01,0.050253,0.0
C (WMC3 only),Combined,0.063189,0.023657,0.102722,0.002000501236372146,**,0.172558,0.03116496204827767,0.2668,199,0.06982,0.4194445168517847,1.32,0.050253,0.012936
