date,polygon,h_scene,winter,n_cells,vv_db,vh_db,vv_norm,dark_share,wet_share
2015-08-17,broadleaf_restock,-1.063,False,700,-7.53,-13.65,3.87,0.0,1.0
2015-08-17,felling_1998_control,-1.063,False,981,-9.8,-14.89,1.6,0.008,0.938
2015-08-17,rides,-1.063,False,432,-9.1,-14.26,2.3,0.028,0.933
2015-08-17,forest_edge_band,-1.063,False,1637,-8.85,-13.98,2.55,0.042,0.933
2015-08-17,closed_pine,-1.063,False,22397,-8.77,-13.75,2.63,0.009,0.964
2015-08-29,broadleaf_restock,-1.103,False,700,-7.71,-13.33,3.99,0.0,0.991
2015-08-29,felling_1998_control,-1.103,False,981,-9.91,-14.52,1.79,0.017,0.89
2015-08-29,rides,-1.103,False,432,-9.22,-14.11,2.48,0.028,0.928
2015-08-29,forest_edge_band,-1.103,False,1637,-8.87,-14.01,2.84,0.018,0.909
2015-08-29,closed_pine,-1.103,False,22397,-8.6,-13.46,3.1,0.008,0.974
2015-09-10,broadleaf_restock,-1.135,False,700,-7.69,-13.8,4.31,0.0,0.997
2015-09-10,felling_1998_control,-1.135,False,981,-10.25,-14.93,1.75,0.004,0.847
2015-09-10,rides,-1.135,False,432,-9.07,-14.46,2.93,0.016,0.917
2015-09-10,forest_edge_band,-1.135,False,1637,-9.01,-14.19,2.99,0.021,0.912
2015-09-10,closed_pine,-1.135,False,22397,-9.01,-13.89,2.99,0.007,0.947
2015-09-22,broadleaf_restock,-1.165,False,700,-7.05,-13.15,3.4,0.0,1.0
2015-09-22,felling_1998_control,-1.165,False,981,-9.4,-14.1,1.06,0.03,0.98
2015-09-22,rides,-1.165,False,432,-8.4,-13.87,2.05,0.039,0.986
2015-09-22,forest_edge_band,-1.165,False,1637,-8.29,-13.41,2.16,0.031,0.993
2015-09-22,closed_pine,-1.165,False,22397,-8.38,-13.26,2.07,0.019,0.991
2015-10-04,broadleaf_restock,-1.188,False,700,-7.85,-13.31,4.58,0.0,0.999
2015-10-04,felling_1998_control,-1.188,False,981,-10.39,-14.76,2.04,0.002,0.861
2015-10-04,rides,-1.188,False,432,-9.41,-14.22,3.02,0.016,0.91
2015-10-04,forest_edge_band,-1.188,False,1637,-9.29,-13.98,3.14,0.016,0.87
2015-10-04,closed_pine,-1.188,False,22397,-9.07,-13.71,3.36,0.005,0.945
2015-10-28,broadleaf_restock,-1.203,False,700,-7.58,-12.77,3.12,0.0,1.0
2015-10-28,felling_1998_control,-1.203,False,981,-9.45,-14.12,1.25,0.036,0.959
2015-10-28,rides,-1.203,False,432,-8.77,-13.68,1.93,0.028,0.94
2015-10-28,forest_edge_band,-1.203,False,1637,-8.32,-13.14,2.39,0.039,0.981
2015-10-28,closed_pine,-1.203,False,22397,-8.31,-13.0,2.39,0.013,0.989
2015-11-09,broadleaf_restock,-1.096,True,700,-7.54,-12.31,3.41,0.0,1.0
2015-11-09,felling_1998_control,-1.096,True,981,-8.97,-13.46,1.98,0.005,0.983
2015-11-09,rides,-1.096,True,432,-8.62,-13.16,2.33,0.009,0.975
2015-11-09,forest_edge_band,-1.096,True,1637,-8.09,-13.03,2.86,0.018,0.991
2015-11-09,closed_pine,-1.096,True,22397,-8.18,-12.79,2.77,0.007,0.99
2015-11-21,broadleaf_restock,-0.95,True,700,-8.11,-13.05,3.49,0.0,0.996
2015-11-21,felling_1998_control,-0.95,True,981,-9.99,-14.78,1.61,0.022,0.917
2015-11-21,rides,-0.95,True,432,-9.43,-14.13,2.18,0.012,0.924
2015-11-21,forest_edge_band,-0.95,True,1637,-9.02,-14.02,2.58,0.026,0.935
2015-11-21,closed_pine,-0.95,True,22397,-8.81,-13.48,2.79,0.008,0.963
2015-12-03,broadleaf_restock,-0.764,True,700,-8.14,-12.02,3.06,0.0,1.0
2015-12-03,felling_1998_control,-0.764,True,981,-10.21,-14.21,0.98,0.044,0.923
2015-12-03,rides,-0.764,True,432,-9.54,-13.9,1.65,0.072,0.926
2015-12-03,forest_edge_band,-0.764,True,1637,-8.89,-13.44,2.3,0.023,0.966
2015-12-03,closed_pine,-0.764,True,22397,-9.12,-13.17,2.08,0.019,0.958
2015-12-15,broadleaf_restock,-0.46,True,700,-8.4,-12.03,3.42,0.006,0.97
2015-12-15,felling_1998_control,-0.46,True,981,-10.37,-14.16,1.46,0.018,0.873
2015-12-15,rides,-0.46,True,432,-9.54,-13.8,2.28,0.002,0.875
2015-12-15,forest_edge_band,-0.46,True,1637,-8.96,-13.55,2.86,0.024,0.922
2015-12-15,closed_pine,-0.46,True,22397,-9.1,-13.1,2.72,0.009,0.954
2015-12-27,broadleaf_restock,-0.156,True,700,-8.36,-12.25,3.68,0.0,0.981
2015-12-27,felling_1998_control,-0.156,True,981,-10.58,-14.75,1.46,0.014,0.817
2015-12-27,rides,-0.156,True,432,-9.57,-13.76,2.46,0.0,0.926
2015-12-27,forest_edge_band,-0.156,True,1637,-9.02,-13.72,3.02,0.018,0.922
2015-12-27,closed_pine,-0.156,True,22397,-9.04,-13.14,2.99,0.008,0.948
2016-01-08,broadleaf_restock,-0.046,True,700,-8.1,-12.34,2.75,0.0,0.997
2016-01-08,felling_1998_control,-0.046,True,981,-9.83,-13.93,1.01,0.047,0.938
2016-01-08,rides,-0.046,True,432,-9.37,-13.3,1.47,0.039,0.942
2016-01-08,forest_edge_band,-0.046,True,1637,-8.61,-13.2,2.23,0.027,0.976
2016-01-08,closed_pine,-0.046,True,22397,-8.82,-12.92,2.03,0.018,0.976
2016-01-20,broadleaf_restock,-0.032,True,700,-9.0,-13.06,4.76,0.0,0.99
2016-01-20,felling_1998_control,-0.032,True,981,-11.53,-16.0,2.23,0.002,0.599
2016-01-20,rides,-0.032,True,432,-10.39,-14.63,3.37,0.005,0.759
2016-01-20,forest_edge_band,-0.032,True,1637,-10.06,-14.83,3.7,0.007,0.834
2016-01-20,closed_pine,-0.032,True,22397,-9.64,-13.94,4.12,0.002,0.899
2016-02-01,broadleaf_restock,-0.019,True,700,-8.31,-11.93,3.53,0.0,0.991
2016-02-01,felling_1998_control,-0.019,True,981,-9.66,-13.9,2.18,0.002,0.96
2016-02-01,rides,-0.019,True,432,-9.36,-13.7,2.48,0.014,0.91
2016-02-01,forest_edge_band,-0.019,True,1637,-9.14,-13.76,2.7,0.034,0.922
2016-02-01,closed_pine,-0.019,True,22397,-8.86,-13.01,2.98,0.004,0.967
2016-02-13,broadleaf_restock,-0.002,True,700,-8.48,-12.58,3.58,0.0,0.984
2016-02-13,felling_1998_control,-0.002,True,981,-10.43,-14.45,1.63,0.018,0.883
2016-02-13,rides,-0.002,True,432,-9.75,-14.04,2.31,0.016,0.873
2016-02-13,forest_edge_band,-0.002,True,1637,-9.11,-14.04,2.95,0.028,0.932
2016-02-13,closed_pine,-0.002,True,22397,-9.34,-13.38,2.72,0.006,0.937
2016-02-25,broadleaf_restock,0.014,True,700,-9.46,-13.19,4.43,0.0,0.937
2016-02-25,felling_1998_control,0.014,True,981,-11.59,-15.87,2.3,0.011,0.561
2016-02-25,rides,0.014,True,432,-10.45,-14.71,3.44,0.012,0.778
2016-02-25,forest_edge_band,0.014,True,1637,-9.82,-14.88,4.07,0.012,0.82
2016-02-25,closed_pine,0.014,True,22397,-9.78,-14.06,4.11,0.003,0.872
2016-03-08,broadleaf_restock,-0.006,True,700,-8.41,-12.21,3.35,0.0,0.997
2016-03-08,felling_1998_control,-0.006,True,981,-9.76,-14.07,2.0,0.016,0.888
2016-03-08,rides,-0.006,True,432,-9.99,-13.91,1.76,0.046,0.882
2016-03-08,forest_edge_band,-0.006,True,1637,-9.11,-13.59,2.65,0.025,0.963
2016-03-08,closed_pine,-0.006,True,22397,-9.19,-13.11,2.57,0.006,0.949
2016-03-20,broadleaf_restock,-0.045,True,700,-8.79,-13.04,4.78,0.0,0.976
2016-03-20,felling_1998_control,-0.045,True,981,-11.2,-15.11,2.38,0.01,0.665
2016-03-20,rides,-0.045,True,432,-10.39,-14.77,3.18,0.0,0.822
2016-03-20,forest_edge_band,-0.045,True,1637,-9.96,-14.66,3.62,0.034,0.808
2016-03-20,closed_pine,-0.045,True,22397,-9.75,-13.85,3.82,0.003,0.891
2016-04-01,broadleaf_restock,-0.083,False,700,-9.14,-12.45,3.68,0.0,0.983
2016-04-01,felling_1998_control,-0.083,False,981,-10.48,-14.68,2.34,0.01,0.81
2016-04-01,rides,-0.083,False,432,-9.92,-14.04,2.9,0.012,0.826
2016-04-01,forest_edge_band,-0.083,False,1637,-9.49,-13.85,3.34,0.029,0.87
2016-04-01,closed_pine,-0.083,False,22397,-9.43,-13.44,3.4,0.003,0.933
2016-04-13,broadleaf_restock,-0.119,False,700,-8.1,-12.46,4.24,0.0,0.986
2016-04-13,felling_1998_control,-0.119,False,981,-10.82,-14.79,1.52,0.033,0.726
2016-04-13,rides,-0.119,False,432,-9.79,-14.12,2.55,0.014,0.88
2016-04-13,forest_edge_band,-0.119,False,1637,-9.54,-13.88,2.8,0.037,0.903
2016-04-13,closed_pine,-0.119,False,22397,-9.33,-13.41,3.01,0.004,0.937
2016-04-25,broadleaf_restock,-0.155,False,700,-8.84,-13.12,4.08,0.0,0.97
2016-04-25,felling_1998_control,-0.155,False,981,-10.78,-14.99,2.14,0.007,0.753
2016-04-25,rides,-0.155,False,432,-10.27,-14.48,2.64,0.014,0.836
2016-04-25,forest_edge_band,-0.155,False,1637,-9.84,-14.45,3.08,0.011,0.859
2016-04-25,closed_pine,-0.155,False,22397,-9.66,-13.99,3.26,0.004,0.902
2016-05-19,broadleaf_restock,-0.326,False,700,-7.61,-12.89,4.73,0.0,0.997
2016-05-19,felling_1998_control,-0.326,False,981,-10.22,-14.26,2.13,0.008,0.91
2016-05-19,rides,-0.326,False,432,-9.54,-14.07,2.8,0.007,0.847
2016-05-19,forest_edge_band,-0.326,False,1637,-9.42,-13.84,2.92,0.031,0.899
2016-05-19,closed_pine,-0.326,False,22397,-9.25,-13.44,3.09,0.005,0.937
2016-05-31,broadleaf_restock,-0.425,False,700,-8.02,-13.16,3.9,0.0,0.994
2016-05-31,felling_1998_control,-0.425,False,981,-10.05,-14.5,1.86,0.021,0.873
2016-05-31,rides,-0.425,False,432,-9.92,-14.39,1.99,0.028,0.833
2016-05-31,forest_edge_band,-0.425,False,1637,-9.31,-13.96,2.61,0.034,0.912
2016-05-31,closed_pine,-0.425,False,22397,-9.41,-13.79,2.51,0.008,0.934
2016-06-12,broadleaf_restock,-0.431,False,700,-8.17,-13.21,3.58,0.0,0.996
2016-06-12,felling_1998_control,-0.431,False,981,-10.37,-14.56,1.38,0.024,0.867
2016-06-12,rides,-0.431,False,432,-9.62,-14.59,2.13,0.023,0.905
2016-06-12,forest_edge_band,-0.431,False,1637,-9.49,-13.95,2.26,0.037,0.897
2016-06-12,closed_pine,-0.431,False,22397,-9.18,-13.78,2.57,0.008,0.947
2016-07-06,broadleaf_restock,-0.477,False,700,-8.2,-13.32,3.93,0.0,0.984
2016-07-06,felling_1998_control,-0.477,False,981,-10.81,-14.09,1.31,0.037,0.774
2016-07-06,rides,-0.477,False,432,-10.12,-14.69,2.0,0.019,0.87
2016-07-06,forest_edge_band,-0.477,False,1637,-9.64,-13.97,2.48,0.037,0.869
2016-07-06,closed_pine,-0.477,False,22397,-9.33,-13.59,2.8,0.009,0.934
2016-07-18,broadleaf_restock,-0.55,False,700,-8.06,-13.42,3.63,0.0,0.993
2016-07-18,felling_1998_control,-0.55,False,981,-10.33,-13.99,1.37,0.014,0.9
2016-07-18,rides,-0.55,False,432,-9.52,-14.25,2.17,0.046,0.921
2016-07-18,forest_edge_band,-0.55,False,1637,-9.55,-13.79,2.15,0.031,0.909
2016-07-18,closed_pine,-0.55,False,22397,-9.14,-13.36,2.56,0.008,0.956
2016-07-30,broadleaf_restock,-0.624,False,700,-7.97,-13.12,2.81,0.001,1.0
2016-07-30,felling_1998_control,-0.624,False,981,-9.39,-13.93,1.39,0.023,0.972
2016-07-30,rides,-0.624,False,432,-9.72,-14.15,1.05,0.076,0.954
2016-07-30,forest_edge_band,-0.624,False,1637,-8.82,-13.78,1.96,0.053,0.972
2016-07-30,closed_pine,-0.624,False,22397,-9.08,-13.41,1.69,0.026,0.972
2016-08-11,broadleaf_restock,-0.662,False,700,-8.56,-13.73,3.28,0.0,0.976
2016-08-11,felling_1998_control,-0.662,False,981,-10.16,-14.58,1.68,0.019,0.874
2016-08-11,rides,-0.662,False,432,-10.42,-14.55,1.42,0.044,0.822
2016-08-11,forest_edge_band,-0.662,False,1637,-9.33,-14.38,2.51,0.033,0.919
2016-08-11,closed_pine,-0.662,False,22397,-9.46,-13.83,2.38,0.01,0.934
2016-08-23,broadleaf_restock,-0.697,False,700,-8.26,-12.97,2.6,0.003,0.996
2016-08-23,felling_1998_control,-0.697,False,981,-9.5,-13.81,1.36,0.052,0.95
2016-08-23,rides,-0.697,False,432,-9.51,-13.85,1.35,0.039,0.924
2016-08-23,forest_edge_band,-0.697,False,1637,-8.7,-13.47,2.16,0.046,0.979
2016-08-23,closed_pine,-0.697,False,22397,-8.77,-13.04,2.09,0.016,0.978
2016-09-04,broadleaf_restock,-0.735,False,700,-7.86,-13.11,3.53,0.003,0.994
2016-09-04,felling_1998_control,-0.735,False,981,-9.94,-14.43,1.45,0.019,0.907
2016-09-04,rides,-0.735,False,432,-9.54,-14.22,1.86,0.019,0.887
2016-09-04,forest_edge_band,-0.735,False,1637,-8.86,-13.79,2.53,0.027,0.941
2016-09-04,closed_pine,-0.735,False,22397,-9.02,-13.43,2.37,0.011,0.959
2016-09-16,broadleaf_restock,-0.779,False,700,-8.71,-14.03,4.1,0.0,0.97
2016-09-16,felling_1998_control,-0.779,False,981,-10.89,-14.94,1.91,0.004,0.746
2016-09-16,rides,-0.779,False,432,-10.77,-14.56,2.04,0.042,0.718
2016-09-16,forest_edge_band,-0.779,False,1637,-9.88,-14.12,2.93,0.021,0.839
2016-09-16,closed_pine,-0.779,False,22397,-9.78,-13.89,3.03,0.005,0.885
2016-09-28,broadleaf_restock,-0.823,False,700,-8.96,-13.31,3.17,0.0,0.974
2016-09-28,felling_1998_control,-0.823,False,981,-10.13,-14.3,2.01,0.009,0.859
2016-09-28,rides,-0.823,False,432,-9.79,-14.27,2.35,0.021,0.894
2016-09-28,forest_edge_band,-0.823,False,1637,-9.44,-14.09,2.7,0.032,0.889
2016-09-28,closed_pine,-0.823,False,22397,-9.38,-13.6,2.76,0.009,0.93
2016-10-04,broadleaf_restock,-0.839,False,700,-8.52,-13.32,3.95,0.0,0.997
2016-10-04,felling_1998_control,-0.839,False,981,-10.33,-14.48,2.14,0.0,0.856
2016-10-04,rides,-0.839,False,432,-9.73,-14.4,2.74,0.016,0.817
2016-10-04,forest_edge_band,-0.839,False,1637,-9.37,-14.08,3.1,0.026,0.869
2016-10-04,closed_pine,-0.839,False,22397,-9.42,-13.93,3.05,0.006,0.924
2016-10-10,broadleaf_restock,-0.853,False,700,-8.66,-13.82,4.13,0.0,0.986
2016-10-10,felling_1998_control,-0.853,False,981,-11.34,-15.5,1.45,0.014,0.619
2016-10-10,rides,-0.853,False,432,-10.86,-14.96,1.93,0.044,0.745
2016-10-10,forest_edge_band,-0.853,False,1637,-10.21,-15.04,2.58,0.035,0.8
2016-10-10,closed_pine,-0.853,False,22397,-10.13,-14.3,2.66,0.008,0.844
2016-10-16,broadleaf_restock,-0.866,False,700,-8.4,-13.14,3.83,0.0,0.987
2016-10-16,felling_1998_control,-0.866,False,981,-10.2,-14.75,2.02,0.001,0.889
2016-10-16,rides,-0.866,False,432,-9.91,-14.67,2.31,0.016,0.808
2016-10-16,forest_edge_band,-0.866,False,1637,-9.22,-14.05,3.0,0.056,0.9
2016-10-16,closed_pine,-0.866,False,22397,-9.62,-14.23,2.61,0.009,0.906
2016-10-22,broadleaf_restock,-0.88,False,700,-8.44,-13.68,4.49,0.0,0.98
2016-10-22,felling_1998_control,-0.88,False,981,-11.33,-15.39,1.59,0.015,0.634
2016-10-22,rides,-0.88,False,432,-10.6,-15.13,2.33,0.019,0.738
2016-10-22,forest_edge_band,-0.88,False,1637,-9.89,-14.79,3.03,0.028,0.834
2016-10-22,closed_pine,-0.88,False,22397,-10.06,-14.29,2.87,0.006,0.855
2016-10-28,broadleaf_restock,-0.893,False,700,-7.85,-12.95,3.41,0.0,0.997
2016-10-28,felling_1998_control,-0.893,False,981,-9.86,-14.33,1.41,0.017,0.895
2016-10-28,rides,-0.893,False,432,-9.4,-14.25,1.86,0.025,0.947
2016-10-28,forest_edge_band,-0.893,False,1637,-9.18,-14.07,2.08,0.049,0.946
2016-10-28,closed_pine,-0.893,False,22397,-9.14,-13.87,2.12,0.017,0.958
2016-11-03,broadleaf_restock,-0.888,True,700,-8.41,-13.24,4.79,0.0,0.993
2016-11-03,felling_1998_control,-0.888,True,981,-10.7,-14.81,2.5,0.008,0.778
2016-11-03,rides,-0.888,True,432,-10.4,-14.52,2.8,0.005,0.778
2016-11-03,forest_edge_band,-0.888,True,1637,-10.11,-14.49,3.08,0.024,0.804
2016-11-03,closed_pine,-0.888,True,22397,-9.86,-14.01,3.34,0.003,0.875
2016-11-09,broadleaf_restock,-0.864,True,700,-7.98,-12.8,3.46,0.0,1.0
2016-11-09,felling_1998_control,-0.864,True,981,-9.78,-14.62,1.66,0.025,0.903
2016-11-09,rides,-0.864,True,432,-9.33,-14.33,2.11,0.044,0.921
2016-11-09,forest_edge_band,-0.864,True,1637,-8.97,-14.32,2.46,0.04,0.947
2016-11-09,closed_pine,-0.864,True,22397,-9.05,-13.95,2.39,0.014,0.959
2016-11-15,broadleaf_restock,-0.84,True,700,-8.33,-12.01,2.72,0.0,1.0
2016-11-15,felling_1998_control,-0.84,True,981,-10.01,-14.22,1.03,0.054,0.955
2016-11-15,rides,-0.84,True,432,-9.7,-13.89,1.35,0.056,0.947
2016-11-15,forest_edge_band,-0.84,True,1637,-8.88,-13.15,2.17,0.03,0.964
2016-11-15,closed_pine,-0.84,True,22397,-9.07,-13.09,1.98,0.02,0.964
2016-11-21,broadleaf_restock,-0.816,True,700,-8.91,-13.46,4.23,0.0,0.963
2016-11-21,felling_1998_control,-0.816,True,981,-9.97,-15.24,3.17,0.001,0.884
2016-11-21,rides,-0.816,True,432,-10.23,-14.63,2.9,0.014,0.799
2016-11-21,forest_edge_band,-0.816,True,1637,-9.84,-14.38,3.3,0.032,0.833
2016-11-21,closed_pine,-0.816,True,22397,-9.77,-14.29,3.37,0.002,0.884
2016-11-27,broadleaf_restock,-0.792,True,700,-8.88,-12.93,4.11,0.0,0.973
2016-11-27,felling_1998_control,-0.792,True,981,-10.7,-14.83,2.29,0.013,0.772
2016-11-27,rides,-0.792,True,432,-10.42,-14.52,2.57,0.028,0.766
2016-11-27,forest_edge_band,-0.792,True,1637,-10.17,-14.47,2.82,0.025,0.838
2016-11-27,closed_pine,-0.792,True,22397,-9.77,-13.72,3.21,0.004,0.893
2016-12-03,broadleaf_restock,-0.782,True,700,-8.82,-13.39,4.28,0.0,0.994
2016-12-03,felling_1998_control,-0.782,True,981,-10.38,-14.91,2.73,0.0,0.805
2016-12-03,rides,-0.782,True,432,-10.04,-14.45,3.06,0.002,0.808
2016-12-03,forest_edge_band,-0.782,True,1637,-9.72,-14.51,3.38,0.017,0.834
2016-12-03,closed_pine,-0.782,True,22397,-9.62,-14.1,3.48,0.003,0.908
2016-12-09,broadleaf_restock,-0.786,True,700,-8.55,-12.11,3.44,0.0,1.0
2016-12-09,felling_1998_control,-0.786,True,981,-9.85,-13.47,2.13,0.015,0.889
2016-12-09,rides,-0.786,True,432,-9.74,-13.69,2.24,0.019,0.87
2016-12-09,forest_edge_band,-0.786,True,1637,-9.5,-13.4,2.48,0.02,0.94
2016-12-09,closed_pine,-0.786,True,22397,-9.13,-12.91,2.86,0.007,0.952
2016-12-15,broadleaf_restock,-0.79,True,700,-8.11,-12.44,4.03,0.0,0.996
2016-12-15,felling_1998_control,-0.79,True,981,-9.57,-14.18,2.57,0.0,0.956
2016-12-15,rides,-0.79,True,432,-9.4,-13.87,2.74,0.023,0.882
2016-12-15,forest_edge_band,-0.79,True,1637,-9.17,-14.15,2.97,0.029,0.911
2016-12-15,closed_pine,-0.79,True,22397,-9.1,-13.52,3.04,0.005,0.94
2016-12-21,broadleaf_restock,-0.794,True,700,-8.28,-12.25,3.77,0.0,0.999
2016-12-21,felling_1998_control,-0.794,True,981,-9.79,-13.92,2.26,0.006,0.922
2016-12-21,rides,-0.794,True,432,-10.01,-14.11,2.04,0.025,0.817
2016-12-21,forest_edge_band,-0.794,True,1637,-9.46,-13.71,2.59,0.025,0.908
2016-12-21,closed_pine,-0.794,True,22397,-9.17,-13.17,2.88,0.007,0.946
2016-12-27,broadleaf_restock,-0.797,True,700,-8.83,-13.11,4.32,0.0,0.986
2016-12-27,felling_1998_control,-0.797,True,981,-10.68,-15.05,2.47,0.002,0.758
2016-12-27,rides,-0.797,True,432,-10.24,-14.23,2.91,0.016,0.771
2016-12-27,forest_edge_band,-0.797,True,1637,-9.78,-14.63,3.37,0.016,0.816
2016-12-27,closed_pine,-0.797,True,22397,-9.59,-14.08,3.56,0.004,0.908
2017-01-02,broadleaf_restock,-0.792,True,700,-9.2,-13.28,4.23,0.0,0.983
2017-01-02,felling_1998_control,-0.792,True,981,-11.44,-15.27,1.99,0.014,0.598
2017-01-02,rides,-0.792,True,432,-10.5,-14.58,2.93,0.009,0.722
2017-01-02,forest_edge_band,-0.792,True,1637,-10.1,-14.5,3.33,0.015,0.774
2017-01-02,closed_pine,-0.792,True,22397,-9.78,-13.82,3.64,0.003,0.889
2017-01-08,broadleaf_restock,-0.768,True,700,-7.97,-12.29,3.95,0.0,1.0
2017-01-08,felling_1998_control,-0.768,True,981,-9.63,-13.7,2.3,0.005,0.94
2017-01-08,rides,-0.768,True,432,-9.27,-13.56,2.65,0.028,0.919
2017-01-08,forest_edge_band,-0.768,True,1637,-9.05,-13.64,2.87,0.026,0.924
2017-01-08,closed_pine,-0.768,True,22397,-8.99,-13.34,2.94,0.006,0.949
2017-01-14,broadleaf_restock,-0.744,True,700,-8.66,-13.05,4.07,0.0,0.993
2017-01-14,felling_1998_control,-0.744,True,981,-10.41,-14.45,2.33,0.008,0.786
2017-01-14,rides,-0.744,True,432,-10.26,-14.33,2.48,0.03,0.833
2017-01-14,forest_edge_band,-0.744,True,1637,-9.97,-14.39,2.77,0.016,0.852
2017-01-14,closed_pine,-0.744,True,22397,-9.61,-13.75,3.13,0.006,0.904
2017-01-20,broadleaf_restock,-0.719,True,700,-8.5,-13.09,4.31,0.0,0.996
2017-01-20,felling_1998_control,-0.719,True,981,-10.19,-14.64,2.62,0.0,0.863
2017-01-20,rides,-0.719,True,432,-10.02,-14.45,2.79,0.023,0.852
2017-01-20,forest_edge_band,-0.719,True,1637,-9.71,-13.94,3.11,0.015,0.874
2017-01-20,closed_pine,-0.719,True,22397,-9.43,-13.9,3.38,0.005,0.925
2017-01-26,broadleaf_restock,-0.695,True,700,-9.41,-13.29,4.77,0.0,0.963
2017-01-26,felling_1998_control,-0.695,True,981,-11.33,-15.44,2.85,0.003,0.612
2017-01-26,rides,-0.695,True,432,-10.61,-14.97,3.57,0.0,0.78
2017-01-26,forest_edge_band,-0.695,True,1637,-10.33,-14.89,3.85,0.007,0.752
2017-01-26,closed_pine,-0.695,True,22397,-9.89,-13.92,4.29,0.002,0.861
2017-02-01,broadleaf_restock,-0.673,True,700,-8.24,-12.01,3.46,0.0,0.997
2017-02-01,felling_1998_control,-0.673,True,981,-9.65,-14.0,2.06,0.001,0.915
2017-02-01,rides,-0.673,True,432,-9.33,-13.98,2.38,0.021,0.896
2017-02-01,forest_edge_band,-0.673,True,1637,-8.88,-13.79,2.83,0.02,0.928
2017-02-01,closed_pine,-0.673,True,22397,-9.0,-13.46,2.71,0.009,0.951
2017-02-07,broadleaf_restock,-0.659,True,700,-8.64,-12.62,3.49,0.0,0.987
2017-02-07,felling_1998_control,-0.659,True,981,-10.49,-14.19,1.64,0.01,0.836
2017-02-07,rides,-0.659,True,432,-10.08,-13.76,2.05,0.002,0.907
2017-02-07,forest_edge_band,-0.659,True,1637,-9.26,-13.74,2.87,0.023,0.93
2017-02-07,closed_pine,-0.659,True,22397,-9.32,-13.24,2.8,0.008,0.942
2017-02-13,broadleaf_restock,-0.645,True,700,-8.24,-12.87,4.13,0.0,0.996
2017-02-13,felling_1998_control,-0.645,True,981,-9.84,-14.51,2.53,0.004,0.862
2017-02-13,rides,-0.645,True,432,-9.84,-13.97,2.53,0.021,0.854
2017-02-13,forest_edge_band,-0.645,True,1637,-9.52,-14.19,2.84,0.018,0.902
2017-02-13,closed_pine,-0.645,True,22397,-9.19,-13.69,3.18,0.005,0.941
2017-02-19,broadleaf_restock,-0.631,True,700,-8.76,-13.0,4.41,0.0,0.949
2017-02-19,felling_1998_control,-0.631,True,981,-10.27,-14.31,2.9,0.003,0.829
2017-02-19,rides,-0.631,True,432,-10.57,-14.49,2.6,0.009,0.762
2017-02-19,forest_edge_band,-0.631,True,1637,-9.92,-14.24,3.25,0.01,0.831
2017-02-19,closed_pine,-0.631,True,22397,-9.6,-13.65,3.57,0.003,0.898
2017-02-25,broadleaf_restock,-0.617,True,700,-8.59,-12.53,3.56,0.0,0.981
2017-02-25,felling_1998_control,-0.617,True,981,-9.75,-14.26,2.4,0.0,0.898
2017-02-25,rides,-0.617,True,432,-9.34,-14.1,2.81,0.002,0.907
2017-02-25,forest_edge_band,-0.617,True,1637,-9.09,-13.56,3.05,0.02,0.934
2017-02-25,closed_pine,-0.617,True,22397,-8.94,-13.36,3.21,0.004,0.962
2017-03-03,broadleaf_restock,-0.599,True,700,-8.95,-12.44,3.71,0.0,0.969
2017-03-03,felling_1998_control,-0.599,True,981,-10.39,-14.67,2.27,0.016,0.805
2017-03-03,rides,-0.599,True,432,-10.03,-14.25,2.63,0.009,0.812
2017-03-03,forest_edge_band,-0.599,True,1637,-9.57,-14.02,3.09,0.024,0.919
2017-03-03,closed_pine,-0.599,True,22397,-9.42,-13.5,3.24,0.006,0.928
2017-03-09,broadleaf_restock,-0.578,True,700,-8.56,-12.36,4.02,0.0,0.991
2017-03-09,felling_1998_control,-0.578,True,981,-10.09,-14.57,2.48,0.003,0.872
2017-03-09,rides,-0.578,True,432,-9.72,-14.14,2.85,0.009,0.884
2017-03-09,forest_edge_band,-0.578,True,1637,-9.38,-13.82,3.19,0.021,0.918
2017-03-09,closed_pine,-0.578,True,22397,-9.04,-13.41,3.54,0.004,0.952
2017-03-15,broadleaf_restock,-0.557,True,700,-8.42,-12.68,5.34,0.0,0.981
2017-03-15,felling_1998_control,-0.557,True,981,-11.05,-14.85,2.71,0.002,0.688
2017-03-15,rides,-0.557,True,432,-10.3,-14.39,3.47,0.0,0.729
2017-03-15,forest_edge_band,-0.557,True,1637,-10.3,-14.47,3.47,0.001,0.77
2017-03-15,closed_pine,-0.557,True,22397,-9.58,-13.67,4.19,0.002,0.901
2017-03-21,broadleaf_restock,-0.535,True,700,-8.61,-13.0,3.96,0.0,0.987
2017-03-21,felling_1998_control,-0.535,True,981,-10.06,-14.78,2.51,0.0,0.9
2017-03-21,rides,-0.535,True,432,-9.43,-14.43,3.14,0.023,0.9
2017-03-21,forest_edge_band,-0.535,True,1637,-9.35,-14.35,3.22,0.024,0.923
2017-03-21,closed_pine,-0.535,True,22397,-9.23,-13.91,3.34,0.004,0.946
2017-03-27,broadleaf_restock,-0.514,True,700,-8.9,-13.13,4.94,0.0,0.981
2017-03-27,felling_1998_control,-0.514,True,981,-11.11,-15.05,2.73,0.002,0.692
2017-03-27,rides,-0.514,True,432,-10.56,-14.89,3.29,0.012,0.773
2017-03-27,forest_edge_band,-0.514,True,1637,-10.19,-14.51,3.65,0.02,0.815
2017-03-27,closed_pine,-0.514,True,22397,-9.87,-13.84,3.97,0.005,0.872
2017-04-02,broadleaf_restock,-0.519,False,700,-8.51,-13.38,4.56,0.0,0.981
2017-04-02,felling_1998_control,-0.519,False,981,-10.59,-15.31,2.47,0.009,0.823
2017-04-02,rides,-0.519,False,432,-9.58,-14.31,3.49,0.021,0.838
2017-04-02,forest_edge_band,-0.519,False,1637,-9.63,-14.07,3.43,0.013,0.825
2017-04-02,closed_pine,-0.519,False,22397,-9.45,-13.85,3.62,0.003,0.91
2017-04-08,broadleaf_restock,-0.577,False,700,-9.6,-12.86,4.46,0.0,0.944
2017-04-08,felling_1998_control,-0.577,False,981,-11.49,-15.39,2.56,0.001,0.574
2017-04-08,rides,-0.577,False,432,-10.88,-14.35,3.18,0.0,0.688
2017-04-08,forest_edge_band,-0.577,False,1637,-10.21,-14.54,3.84,0.009,0.765
2017-04-08,closed_pine,-0.577,False,22397,-10.05,-13.98,4.01,0.001,0.852
2017-04-20,broadleaf_restock,-0.693,False,700,-8.84,-12.93,3.08,0.0,0.996
2017-04-20,felling_1998_control,-0.693,False,981,-10.07,-14.3,1.85,0.019,0.886
2017-04-20,rides,-0.693,False,432,-10.2,-14.2,1.72,0.035,0.843
2017-04-20,forest_edge_band,-0.693,False,1637,-9.58,-13.9,2.34,0.015,0.917
2017-04-20,closed_pine,-0.693,False,22397,-9.44,-13.45,2.48,0.009,0.928
2017-04-26,broadleaf_restock,-0.751,False,700,-9.19,-14.12,3.83,0.0,0.967
2017-04-26,felling_1998_control,-0.751,False,981,-10.91,-15.52,2.11,0.003,0.762
2017-04-26,rides,-0.751,False,432,-10.55,-15.45,2.47,0.039,0.775
2017-04-26,forest_edge_band,-0.751,False,1637,-9.65,-15.11,3.37,0.043,0.855
2017-04-26,closed_pine,-0.751,False,22397,-9.95,-14.71,3.06,0.006,0.868
2017-05-02,broadleaf_restock,-0.801,False,700,-9.03,-13.43,3.95,0.0,0.987
2017-05-02,felling_1998_control,-0.801,False,981,-10.7,-14.32,2.27,0.009,0.777
2017-05-02,rides,-0.801,False,432,-10.5,-14.8,2.48,0.025,0.771
2017-05-02,forest_edge_band,-0.801,False,1637,-9.95,-14.4,3.02,0.024,0.84
2017-05-02,closed_pine,-0.801,False,22397,-9.81,-13.98,3.17,0.005,0.883
2017-05-08,broadleaf_restock,-0.833,False,700,-8.65,-14.25,4.78,0.0,0.986
2017-05-08,felling_1998_control,-0.833,False,981,-10.5,-15.06,2.94,0.0,0.814
2017-05-08,rides,-0.833,False,432,-10.11,-14.49,3.33,0.005,0.824
2017-05-08,forest_edge_band,-0.833,False,1637,-9.83,-14.91,3.61,0.021,0.845
2017-05-08,closed_pine,-0.833,False,22397,-9.83,-14.51,3.6,0.004,0.878
2017-05-14,broadleaf_restock,-0.865,False,700,-8.81,-13.47,3.22,0.0,1.0
2017-05-14,felling_1998_control,-0.865,False,981,-9.81,-14.23,2.22,0.009,0.95
2017-05-14,rides,-0.865,False,432,-9.96,-14.45,2.07,0.023,0.856
2017-05-14,forest_edge_band,-0.865,False,1637,-9.51,-14.05,2.52,0.016,0.914
2017-05-14,closed_pine,-0.865,False,22397,-9.26,-13.66,2.77,0.005,0.946
2017-05-20,broadleaf_restock,-0.896,False,700,-7.69,-13.76,4.92,0.0,1.0
2017-05-20,felling_1998_control,-0.896,False,981,-10.01,-14.7,2.6,0.0,0.884
2017-05-20,rides,-0.896,False,432,-9.45,-14.43,3.17,0.014,0.889
2017-05-20,forest_edge_band,-0.896,False,1637,-9.27,-14.33,3.35,0.012,0.914
2017-05-20,closed_pine,-0.896,False,22397,-9.16,-14.04,3.45,0.003,0.937
2017-05-26,broadleaf_restock,-0.928,False,700,-7.61,-12.77,4.55,0.0,1.0
2017-05-26,felling_1998_control,-0.928,False,981,-9.74,-14.06,2.41,0.004,0.911
2017-05-26,rides,-0.928,False,432,-9.5,-13.91,2.66,0.007,0.887
2017-05-26,forest_edge_band,-0.928,False,1637,-8.99,-13.54,3.16,0.026,0.937
2017-05-26,closed_pine,-0.928,False,22397,-8.8,-13.3,3.35,0.004,0.958
2017-06-01,broadleaf_restock,-0.955,False,700,-8.16,-13.89,4.27,0.0,0.999
2017-06-01,felling_1998_control,-0.955,False,981,-10.1,-14.68,2.34,0.002,0.885
2017-06-01,rides,-0.955,False,432,-9.96,-14.67,2.47,0.012,0.85
2017-06-01,forest_edge_band,-0.955,False,1637,-9.56,-14.47,2.88,0.023,0.873
2017-06-01,closed_pine,-0.955,False,22397,-9.25,-14.01,3.19,0.004,0.941
2017-06-07,broadleaf_restock,-0.956,False,700,-7.99,-13.52,3.8,0.0,0.994
2017-06-07,felling_1998_control,-0.956,False,981,-9.95,-14.34,1.85,0.009,0.905
2017-06-07,rides,-0.956,False,432,-9.27,-14.06,2.53,0.007,0.931
2017-06-07,forest_edge_band,-0.956,False,1637,-8.92,-13.8,2.87,0.031,0.924
2017-06-07,closed_pine,-0.956,False,22397,-8.93,-13.55,2.87,0.005,0.962
2017-06-13,broadleaf_restock,-0.957,False,700,-8.05,-14.02,3.74,0.0,1.0
2017-06-13,felling_1998_control,-0.957,False,981,-10.04,-14.7,1.75,0.01,0.893
2017-06-13,rides,-0.957,False,432,-9.88,-14.68,1.9,0.051,0.889
2017-06-13,forest_edge_band,-0.957,False,1637,-9.32,-14.73,2.46,0.047,0.922
2017-06-13,closed_pine,-0.957,False,22397,-9.22,-14.08,2.57,0.007,0.948
2017-06-19,broadleaf_restock,-0.958,False,700,-8.05,-12.98,3.83,0.0,1.0
2017-06-19,felling_1998_control,-0.958,False,981,-9.72,-13.88,2.17,0.011,0.945
2017-06-19,rides,-0.958,False,432,-9.41,-13.81,2.48,0.005,0.907
2017-06-19,forest_edge_band,-0.958,False,1637,-9.14,-13.83,2.75,0.022,0.909
2017-06-19,closed_pine,-0.958,False,22397,-9.04,-13.46,2.84,0.008,0.955
2017-06-25,broadleaf_restock,-0.959,False,700,-7.71,-13.31,3.03,0.0,1.0
2017-06-25,felling_1998_control,-0.959,False,981,-9.82,-14.26,0.92,0.039,0.97
2017-06-25,rides,-0.959,False,432,-9.64,-14.74,1.1,0.074,0.938
2017-06-25,forest_edge_band,-0.959,False,1637,-9.12,-14.24,1.62,0.064,0.959
2017-06-25,closed_pine,-0.959,False,22397,-9.16,-14.07,1.58,0.032,0.967
2017-07-01,broadleaf_restock,-0.964,False,700,-8.15,-13.29,3.28,0.0,0.999
2017-07-01,felling_1998_control,-0.964,False,981,-9.83,-14.2,1.59,0.004,0.893
2017-07-01,rides,-0.964,False,432,-9.12,-14.06,2.3,0.005,0.926
2017-07-01,forest_edge_band,-0.964,False,1637,-9.06,-13.96,2.37,0.021,0.954
2017-07-01,closed_pine,-0.964,False,22397,-8.84,-13.27,2.59,0.008,0.971
2017-07-07,broadleaf_restock,-0.987,False,700,-7.98,-13.93,4.18,0.0,0.996
2017-07-07,felling_1998_control,-0.987,False,981,-10.51,-15.02,1.66,0.012,0.819
2017-07-07,rides,-0.987,False,432,-10.16,-15.1,2.01,0.044,0.85
2017-07-07,forest_edge_band,-0.987,False,1637,-9.74,-14.62,2.42,0.035,0.867
2017-07-07,closed_pine,-0.987,False,22397,-9.48,-14.22,2.69,0.01,0.916
2017-07-13,broadleaf_restock,-1.01,False,700,-8.02,-13.61,3.93,0.0,1.0
2017-07-13,felling_1998_control,-1.01,False,981,-10.04,-14.19,1.91,0.019,0.852
2017-07-13,rides,-1.01,False,432,-9.76,-14.5,2.2,0.014,0.833
2017-07-13,forest_edge_band,-1.01,False,1637,-9.53,-14.03,2.43,0.035,0.932
2017-07-13,closed_pine,-1.01,False,22397,-9.34,-13.66,2.62,0.011,0.923
2017-07-19,broadleaf_restock,-1.034,False,700,-7.82,-13.64,3.06,0.0,1.0
2017-07-19,felling_1998_control,-1.034,False,981,-9.51,-14.55,1.37,0.033,0.964
2017-07-19,rides,-1.034,False,432,-9.7,-14.6,1.18,0.09,0.954
2017-07-19,forest_edge_band,-1.034,False,1637,-9.11,-14.15,1.77,0.062,0.954
2017-07-19,closed_pine,-1.034,False,22397,-9.15,-13.84,1.73,0.024,0.968
2017-07-25,broadleaf_restock,-1.057,False,700,-8.36,-13.0,3.46,0.0,0.99
2017-07-25,felling_1998_control,-1.057,False,981,-9.85,-13.86,1.96,0.009,0.887
2017-07-25,rides,-1.057,False,432,-9.89,-14.14,1.92,0.009,0.847
2017-07-25,forest_edge_band,-1.057,False,1637,-9.39,-13.78,2.43,0.022,0.929
2017-07-25,closed_pine,-1.057,False,22397,-9.33,-13.66,2.48,0.006,0.943
2017-07-31,broadleaf_restock,-1.08,False,700,-8.85,-14.01,3.15,0.0,0.994
2017-07-31,felling_1998_control,-1.08,False,981,-10.01,-14.71,1.98,0.003,0.858
2017-07-31,rides,-1.08,False,432,-9.77,-14.94,2.23,0.032,0.838
2017-07-31,forest_edge_band,-1.08,False,1637,-9.41,-14.52,2.59,0.03,0.916
2017-07-31,closed_pine,-1.08,False,22397,-9.31,-14.18,2.69,0.008,0.939
2017-08-06,broadleaf_restock,-1.103,False,700,-8.77,-13.48,3.87,0.0,0.99
2017-08-06,felling_1998_control,-1.103,False,981,-10.33,-14.35,2.31,0.006,0.847
2017-08-06,rides,-1.103,False,432,-9.94,-14.69,2.7,0.023,0.847
2017-08-06,forest_edge_band,-1.103,False,1637,-9.68,-14.22,2.96,0.017,0.883
2017-08-06,closed_pine,-1.103,False,22397,-9.61,-13.94,3.03,0.005,0.911
2017-08-12,broadleaf_restock,-1.126,False,700,-8.76,-13.9,4.06,0.0,0.986
2017-08-12,felling_1998_control,-1.126,False,981,-10.24,-14.94,2.58,0.002,0.863
2017-08-12,rides,-1.126,False,432,-10.33,-15.26,2.49,0.0,0.801
2017-08-12,forest_edge_band,-1.126,False,1637,-9.84,-14.71,2.97,0.029,0.862
2017-08-12,closed_pine,-1.126,False,22397,-9.68,-14.51,3.14,0.005,0.902
2017-08-18,broadleaf_restock,-1.15,False,700,-8.58,-13.79,3.36,0.0,1.0
2017-08-18,felling_1998_control,-1.15,False,981,-9.91,-14.39,2.03,0.007,0.897
2017-08-18,rides,-1.15,False,432,-9.75,-14.28,2.19,0.016,0.873
2017-08-18,forest_edge_band,-1.15,False,1637,-9.25,-13.95,2.69,0.031,0.928
2017-08-18,closed_pine,-1.15,False,22397,-9.25,-13.61,2.69,0.009,0.943
2017-08-24,broadleaf_restock,-1.173,False,700,-8.75,-13.93,3.76,0.0,0.993
2017-08-24,felling_1998_control,-1.173,False,981,-10.17,-14.79,2.34,0.008,0.872
2017-08-24,rides,-1.173,False,432,-10.27,-15.01,2.25,0.035,0.785
2017-08-24,forest_edge_band,-1.173,False,1637,-9.56,-14.62,2.95,0.042,0.894
2017-08-24,closed_pine,-1.173,False,22397,-9.58,-14.21,2.93,0.006,0.908
2017-08-30,broadleaf_restock,-1.196,False,700,-8.44,-13.77,3.84,0.0,0.997
2017-08-30,felling_1998_control,-1.196,False,981,-10.18,-14.37,2.1,0.001,0.852
2017-08-30,rides,-1.196,False,432,-10.03,-14.4,2.25,0.019,0.836
2017-08-30,forest_edge_band,-1.196,False,1637,-9.42,-14.22,2.86,0.019,0.911
2017-08-30,closed_pine,-1.196,False,22397,-9.43,-13.81,2.86,0.008,0.928
2017-09-05,broadleaf_restock,-1.169,False,700,-7.57,-12.97,2.87,0.0,1.0
2017-09-05,felling_1998_control,-1.169,False,981,-9.4,-13.55,1.04,0.048,0.971
2017-09-05,rides,-1.169,False,432,-9.27,-14.06,1.17,0.095,0.979
2017-09-05,forest_edge_band,-1.169,False,1637,-8.43,-13.59,2.02,0.037,0.991
2017-09-05,closed_pine,-1.169,False,22397,-8.75,-13.35,1.7,0.025,0.99
2017-09-11,broadleaf_restock,-1.132,False,700,-8.23,-12.95,3.41,0.0,0.999
2017-09-11,felling_1998_control,-1.132,False,981,-9.84,-14.09,1.8,0.019,0.931
2017-09-11,rides,-1.132,False,432,-9.43,-13.97,2.21,0.012,0.896
2017-09-11,forest_edge_band,-1.132,False,1637,-9.08,-13.92,2.56,0.029,0.96
2017-09-11,closed_pine,-1.132,False,22397,-9.0,-13.6,2.64,0.007,0.957
2017-09-17,broadleaf_restock,-1.095,False,700,-8.43,-14.35,3.86,0.0,0.997
2017-09-17,felling_1998_control,-1.095,False,981,-10.84,-14.88,1.44,0.011,0.751
2017-09-17,rides,-1.095,False,432,-10.0,-15.09,2.29,0.009,0.806
2017-09-17,forest_edge_band,-1.095,False,1637,-9.56,-14.65,2.73,0.02,0.921
2017-09-17,closed_pine,-1.095,False,22397,-9.71,-14.39,2.58,0.008,0.916
2017-09-23,broadleaf_restock,-1.058,False,700,-8.31,-13.25,3.29,0.0,1.0
2017-09-23,felling_1998_control,-1.058,False,981,-9.73,-13.9,1.87,0.016,0.933
2017-09-23,rides,-1.058,False,432,-9.98,-14.13,1.63,0.062,0.875
2017-09-23,forest_edge_band,-1.058,False,1637,-9.39,-13.86,2.22,0.035,0.929
2017-09-23,closed_pine,-1.058,False,22397,-9.21,-13.5,2.39,0.012,0.947
2017-09-29,broadleaf_restock,-1.021,False,700,-7.83,-13.49,4.01,0.0,0.994
2017-09-29,felling_1998_control,-1.021,False,981,-10.03,-14.51,1.8,0.009,0.895
2017-09-29,rides,-1.021,False,432,-9.98,-14.34,1.85,0.037,0.843
2017-09-29,forest_edge_band,-1.021,False,1637,-9.04,-14.05,2.79,0.024,0.929
2017-09-29,closed_pine,-1.021,False,22397,-9.3,-13.87,2.53,0.012,0.938
2017-10-05,broadleaf_restock,-1.024,False,700,-8.81,-13.14,3.26,0.0,0.97
2017-10-05,felling_1998_control,-1.024,False,981,-9.94,-13.82,2.13,0.01,0.913
2017-10-05,rides,-1.024,False,432,-10.03,-14.34,2.04,0.035,0.856
2017-10-05,forest_edge_band,-1.024,False,1637,-9.73,-14.23,2.34,0.037,0.918
2017-10-05,closed_pine,-1.024,False,22397,-9.56,-13.75,2.51,0.009,0.919
2017-10-11,broadleaf_restock,-1.035,False,700,-8.16,-13.11,3.43,0.0,1.0
2017-10-11,felling_1998_control,-1.035,False,981,-9.54,-14.13,2.05,0.011,0.959
2017-10-11,rides,-1.035,False,432,-9.3,-14.25,2.3,0.035,0.919
2017-10-11,forest_edge_band,-1.035,False,1637,-8.91,-14.09,2.69,0.03,0.956
2017-10-11,closed_pine,-1.035,False,22397,-8.83,-13.61,2.77,0.007,0.968
2017-10-17,broadleaf_restock,-1.045,False,700,-8.54,-12.43,4.14,0.0,0.989
2017-10-17,felling_1998_control,-1.045,False,981,-10.06,-14.17,2.62,0.0,0.87
2017-10-17,rides,-1.045,False,432,-9.75,-14.3,2.93,0.0,0.85
2017-10-17,forest_edge_band,-1.045,False,1637,-9.67,-14.34,3.01,0.035,0.88
2017-10-17,closed_pine,-1.045,False,22397,-9.38,-13.7,3.3,0.004,0.927
2017-10-23,broadleaf_restock,-1.056,False,700,-7.95,-12.82,3.92,0.0,1.0
2017-10-23,felling_1998_control,-1.056,False,981,-9.82,-14.34,2.05,0.003,0.902
2017-10-23,rides,-1.056,False,432,-9.93,-14.39,1.94,0.037,0.894
2017-10-23,forest_edge_band,-1.056,False,1637,-9.38,-13.89,2.49,0.037,0.932
2017-10-23,closed_pine,-1.056,False,22397,-9.23,-13.84,2.63,0.013,0.937
2017-10-29,broadleaf_restock,-1.066,False,700,-8.04,-12.22,4.47,0.0,0.997
2017-10-29,felling_1998_control,-1.066,False,981,-9.67,-13.7,2.84,0.002,0.937
2017-10-29,rides,-1.066,False,432,-9.88,-13.9,2.63,0.016,0.852
2017-10-29,forest_edge_band,-1.066,False,1637,-9.13,-13.72,3.38,0.025,0.914
2017-10-29,closed_pine,-1.066,False,22397,-9.24,-13.33,3.27,0.006,0.938
2017-11-04,broadleaf_restock,-1.027,True,700,-8.36,-12.9,3.36,0.0,0.991
2017-11-04,felling_1998_control,-1.027,True,981,-9.65,-14.39,2.06,0.009,0.924
2017-11-04,rides,-1.027,True,432,-9.98,-14.11,1.74,0.032,0.903
2017-11-04,forest_edge_band,-1.027,True,1637,-9.11,-14.0,2.6,0.034,0.933
2017-11-04,closed_pine,-1.027,True,22397,-9.06,-13.69,2.65,0.01,0.957
2017-11-10,broadleaf_restock,-0.962,True,700,-8.22,-12.15,3.67,0.0,1.0
2017-11-10,felling_1998_control,-0.962,True,981,-9.75,-13.94,2.14,0.009,0.932
2017-11-10,rides,-0.962,True,432,-9.55,-13.83,2.34,0.021,0.933
2017-11-10,forest_edge_band,-0.962,True,1637,-9.24,-13.43,2.65,0.039,0.927
2017-11-10,closed_pine,-0.962,True,22397,-9.01,-13.21,2.88,0.006,0.953
2017-11-16,broadleaf_restock,-0.897,True,700,-7.91,-12.2,4.13,0.0,1.0
2017-11-16,felling_1998_control,-0.897,True,981,-9.68,-13.79,2.36,0.007,0.946
2017-11-16,rides,-0.897,True,432,-9.32,-14.09,2.72,0.019,0.894
2017-11-16,forest_edge_band,-0.897,True,1637,-8.87,-13.7,3.17,0.028,0.936
2017-11-16,closed_pine,-0.897,True,22397,-8.88,-13.55,3.16,0.006,0.965
2017-11-22,broadleaf_restock,-0.832,True,700,-7.85,-11.73,3.03,0.0,1.0
2017-11-22,felling_1998_control,-0.832,True,981,-9.34,-13.04,1.54,0.004,0.978
2017-11-22,rides,-0.832,True,432,-9.02,-13.27,1.86,0.037,0.97
2017-11-22,forest_edge_band,-0.832,True,1637,-8.55,-12.79,2.33,0.036,0.979
2017-11-22,closed_pine,-0.832,True,22397,-8.52,-12.74,2.36,0.008,0.987
2017-11-28,broadleaf_restock,-0.767,True,700,-8.56,-12.84,3.59,0.0,1.0
2017-11-28,felling_1998_control,-0.767,True,981,-9.81,-14.78,2.34,0.008,0.923
2017-11-28,rides,-0.767,True,432,-9.91,-14.64,2.24,0.019,0.861
2017-11-28,forest_edge_band,-0.767,True,1637,-9.35,-14.28,2.8,0.03,0.917
2017-11-28,closed_pine,-0.767,True,22397,-9.22,-13.9,2.93,0.006,0.94
2017-12-04,broadleaf_restock,-0.718,True,700,-8.07,-12.35,3.96,0.0,0.994
2017-12-04,felling_1998_control,-0.718,True,981,-10.01,-13.77,2.01,0.001,0.904
2017-12-04,rides,-0.718,True,432,-9.62,-14.1,2.4,0.021,0.91
2017-12-04,forest_edge_band,-0.718,True,1637,-9.24,-13.59,2.78,0.034,0.933
2017-12-04,closed_pine,-0.718,True,22397,-9.18,-13.27,2.84,0.009,0.948
2017-12-10,broadleaf_restock,-0.677,True,700,-8.39,-12.62,3.11,0.0,0.987
2017-12-10,felling_1998_control,-0.677,True,981,-10.23,-14.43,1.27,0.039,0.891
2017-12-10,rides,-0.677,True,432,-10.13,-14.81,1.37,0.049,0.866
2017-12-10,forest_edge_band,-0.677,True,1637,-9.39,-13.99,2.11,0.048,0.938
2017-12-10,closed_pine,-0.677,True,22397,-9.57,-14.08,1.94,0.021,0.93
2017-12-16,broadleaf_restock,-0.637,True,700,-8.69,-12.6,3.49,0.0,0.989
2017-12-16,felling_1998_control,-0.637,True,981,-9.91,-14.09,2.27,0.006,0.887
2017-12-16,rides,-0.637,True,432,-10.08,-13.91,2.1,0.019,0.826
2017-12-16,forest_edge_band,-0.637,True,1637,-9.17,-13.67,3.01,0.027,0.937
2017-12-16,closed_pine,-0.637,True,22397,-9.21,-13.33,2.97,0.007,0.946
2017-12-22,broadleaf_restock,-0.596,True,700,-7.74,-11.85,3.98,0.0,1.0
2017-12-22,felling_1998_control,-0.596,True,981,-9.66,-13.88,2.06,0.022,0.917
2017-12-22,rides,-0.596,True,432,-9.51,-14.19,2.21,0.035,0.894
2017-12-22,forest_edge_band,-0.596,True,1637,-9.08,-13.42,2.64,0.032,0.943
2017-12-22,closed_pine,-0.596,True,22397,-8.83,-13.3,2.9,0.009,0.963
2017-12-28,broadleaf_restock,-0.555,True,700,-8.85,-12.82,4.04,0.0,0.993
2017-12-28,felling_1998_control,-0.555,True,981,-10.27,-14.44,2.62,0.0,0.906
2017-12-28,rides,-0.555,True,432,-9.75,-14.19,3.14,0.0,0.84
2017-12-28,forest_edge_band,-0.555,True,1637,-9.62,-13.93,3.26,0.015,0.885
2017-12-28,closed_pine,-0.555,True,22397,-9.38,-13.45,3.51,0.003,0.923
2018-01-03,clearfell_2017,-0.524,True,395,-8.92,-13.67,2.86,0.0,1.0
2018-01-03,broadleaf_restock,-0.524,True,700,-8.17,-12.76,3.61,0.0,0.974
2018-01-03,felling_1998_control,-0.524,True,981,-9.5,-14.27,2.27,0.008,0.952
2018-01-03,rides,-0.524,True,432,-9.62,-14.23,2.15,0.025,0.889
2018-01-03,forest_edge_band,-0.524,True,1637,-8.98,-14.14,2.79,0.027,0.952
2018-01-03,closed_pine,-0.524,True,22397,-8.86,-13.65,2.91,0.006,0.965
2018-01-09,clearfell_2017,-0.502,True,395,-10.15,-13.88,4.66,0.0,0.957
2018-01-09,broadleaf_restock,-0.502,True,700,-9.59,-13.68,5.22,0.0,0.937
2018-01-09,felling_1998_control,-0.502,True,981,-11.42,-15.41,3.39,0.002,0.622
2018-01-09,rides,-0.502,True,432,-10.93,-15.06,3.88,0.009,0.701
2018-01-09,forest_edge_band,-0.502,True,1637,-10.46,-14.79,4.35,0.001,0.71
2018-01-09,closed_pine,-0.502,True,22397,-10.27,-14.26,4.53,0.001,0.813
2018-01-15,clearfell_2017,-0.479,True,395,-9.24,-13.02,2.47,0.0,0.97
2018-01-15,broadleaf_restock,-0.479,True,700,-8.12,-12.45,3.59,0.0,0.999
2018-01-15,felling_1998_control,-0.479,True,981,-9.66,-14.01,2.05,0.009,0.896
2018-01-15,rides,-0.479,True,432,-9.21,-13.96,2.49,0.016,0.9
2018-01-15,forest_edge_band,-0.479,True,1637,-8.98,-13.66,2.73,0.023,0.961
2018-01-15,closed_pine,-0.479,True,22397,-8.73,-13.14,2.97,0.005,0.973
2018-01-21,clearfell_2017,-0.457,True,395,-8.59,-13.06,2.62,0.0,0.959
2018-01-21,broadleaf_restock,-0.457,True,700,-8.78,-12.2,2.43,0.0,1.0
2018-01-21,felling_1998_control,-0.457,True,981,-9.76,-14.07,1.45,0.007,0.935
2018-01-21,rides,-0.457,True,432,-9.5,-13.78,1.7,0.046,0.924
2018-01-21,forest_edge_band,-0.457,True,1637,-9.1,-13.68,2.11,0.043,0.962
2018-01-21,closed_pine,-0.457,True,22397,-9.23,-13.4,1.98,0.016,0.953
2018-01-27,clearfell_2017,-0.435,True,395,-7.73,-13.63,3.24,0.0,0.995
2018-01-27,broadleaf_restock,-0.435,True,700,-7.83,-12.57,3.14,0.0,0.997
2018-01-27,felling_1998_control,-0.435,True,981,-9.31,-13.81,1.65,0.01,0.978
2018-01-27,rides,-0.435,True,432,-9.18,-14.08,1.78,0.035,0.951
2018-01-27,forest_edge_band,-0.435,True,1637,-8.83,-13.55,2.13,0.038,0.952
2018-01-27,closed_pine,-0.435,True,22397,-8.76,-13.41,2.2,0.014,0.978
2018-02-02,clearfell_2017,-0.423,True,395,-8.5,-13.85,4.08,0.0,0.995
2018-02-02,broadleaf_restock,-0.423,True,700,-8.3,-12.7,4.28,0.0,1.0
2018-02-02,felling_1998_control,-0.423,True,981,-9.78,-13.75,2.8,0.002,0.916
2018-02-02,rides,-0.423,True,432,-9.37,-13.6,3.2,0.012,0.856
2018-02-02,forest_edge_band,-0.423,True,1637,-9.19,-13.89,3.39,0.031,0.903
2018-02-02,closed_pine,-0.423,True,22397,-9.16,-13.25,3.42,0.003,0.945
2018-02-08,clearfell_2017,-0.431,True,395,-8.09,-13.2,3.5,0.0,1.0
2018-02-08,broadleaf_restock,-0.431,True,700,-8.08,-12.1,3.51,0.0,0.999
2018-02-08,felling_1998_control,-0.431,True,981,-9.69,-13.74,1.9,0.016,0.916
2018-02-08,rides,-0.431,True,432,-9.67,-13.81,1.92,0.035,0.942
2018-02-08,forest_edge_band,-0.431,True,1637,-9.05,-13.49,2.54,0.035,0.958
2018-02-08,closed_pine,-0.431,True,22397,-9.06,-13.32,2.53,0.012,0.953
2018-02-14,clearfell_2017,-0.44,True,395,-7.99,-13.59,4.0,0.0,1.0
2018-02-14,broadleaf_restock,-0.44,True,700,-8.13,-12.61,3.85,0.0,0.994
2018-02-14,felling_1998_control,-0.44,True,981,-9.49,-13.98,2.49,0.014,0.918
2018-02-14,rides,-0.44,True,432,-9.04,-13.69,2.94,0.007,0.931
2018-02-14,forest_edge_band,-0.44,True,1637,-8.93,-13.72,3.06,0.024,0.954
2018-02-14,closed_pine,-0.44,True,22397,-8.95,-13.16,3.03,0.004,0.958
2018-02-20,clearfell_2017,-0.449,True,395,-8.07,-13.74,4.02,0.0,1.0
2018-02-20,broadleaf_restock,-0.449,True,700,-8.1,-12.91,3.99,0.0,0.993
2018-02-20,felling_1998_control,-0.449,True,981,-9.56,-14.3,2.53,0.004,0.923
2018-02-20,rides,-0.449,True,432,-9.27,-14.29,2.81,0.032,0.91
2018-02-20,forest_edge_band,-0.449,True,1637,-9.13,-14.03,2.96,0.029,0.922
2018-02-20,closed_pine,-0.449,True,22397,-8.99,-13.62,3.1,0.004,0.953
2018-02-26,clearfell_2017,-0.457,True,395,-12.4,-18.09,2.02,0.0,0.359
2018-02-26,broadleaf_restock,-0.457,True,700,-10.08,-13.89,4.34,0.0,0.896
2018-02-26,felling_1998_control,-0.457,True,981,-11.12,-15.26,3.3,0.0,0.662
2018-02-26,rides,-0.457,True,432,-10.79,-14.93,3.63,0.0,0.685
2018-02-26,forest_edge_band,-0.457,True,1637,-10.53,-14.91,3.89,0.007,0.721
2018-02-26,closed_pine,-0.457,True,22397,-10.35,-14.45,4.07,0.002,0.811
2018-03-04,clearfell_2017,-0.459,True,395,-11.32,-16.97,2.15,0.0,0.653
2018-03-04,broadleaf_restock,-0.459,True,700,-8.8,-13.51,4.67,0.0,0.987
2018-03-04,felling_1998_control,-0.459,True,981,-10.37,-15.14,3.1,0.0,0.831
2018-03-04,rides,-0.459,True,432,-10.44,-14.82,3.03,0.028,0.815
2018-03-04,forest_edge_band,-0.459,True,1637,-10.05,-14.74,3.42,0.028,0.801
2018-03-04,closed_pine,-0.459,True,22397,-9.8,-14.19,3.67,0.004,0.879
2018-03-10,clearfell_2017,-0.457,True,395,-7.73,-12.57,2.78,0.0,1.0
2018-03-10,broadleaf_restock,-0.457,True,700,-7.99,-12.11,2.52,0.0,1.0
2018-03-10,felling_1998_control,-0.457,True,981,-9.39,-13.03,1.12,0.019,0.991
2018-03-10,rides,-0.457,True,432,-8.83,-13.1,1.68,0.065,0.975
2018-03-10,forest_edge_band,-0.457,True,1637,-8.72,-12.76,1.8,0.033,0.987
2018-03-10,closed_pine,-0.457,True,22397,-8.71,-12.62,1.8,0.026,0.987
2018-03-16,clearfell_2017,-0.455,True,395,-7.95,-14.45,2.71,0.003,1.0
2018-03-16,broadleaf_restock,-0.455,True,700,-8.06,-12.23,2.6,0.0,1.0
2018-03-16,felling_1998_control,-0.455,True,981,-9.41,-13.96,1.25,0.013,0.971
2018-03-16,rides,-0.455,True,432,-9.28,-14.07,1.38,0.088,0.965
2018-03-16,forest_edge_band,-0.455,True,1637,-8.89,-13.35,1.77,0.046,0.979
2018-03-16,closed_pine,-0.455,True,22397,-9.04,-13.4,1.62,0.028,0.979
2018-03-22,clearfell_2017,-0.453,True,395,-10.36,-16.21,2.7,0.0,0.853
2018-03-22,broadleaf_restock,-0.453,True,700,-8.31,-12.79,4.74,0.0,0.994
2018-03-22,felling_1998_control,-0.453,True,981,-10.23,-14.44,2.83,0.002,0.884
2018-03-22,rides,-0.453,True,432,-10.02,-14.41,3.03,0.019,0.85
2018-03-22,forest_edge_band,-0.453,True,1637,-9.51,-13.9,3.55,0.045,0.88
2018-03-22,closed_pine,-0.453,True,22397,-9.38,-13.45,3.68,0.004,0.935
2018-03-28,clearfell_2017,-0.451,True,395,-10.82,-16.59,2.43,0.005,0.775
2018-03-28,broadleaf_restock,-0.451,True,700,-8.56,-12.84,4.68,0.0,0.996
2018-03-28,felling_1998_control,-0.451,True,981,-10.4,-14.91,2.85,0.002,0.8
2018-03-28,rides,-0.451,True,432,-10.29,-14.71,2.95,0.012,0.819
2018-03-28,forest_edge_band,-0.451,True,1637,-9.68,-14.47,3.56,0.024,0.84
2018-03-28,closed_pine,-0.451,True,22397,-9.57,-13.92,3.67,0.003,0.912
2018-04-03,clearfell_2017,-0.457,False,395,-7.94,-12.92,3.01,0.0,1.0
2018-04-03,broadleaf_restock,-0.457,False,700,-7.67,-12.03,3.29,0.001,0.996
2018-04-03,felling_1998_control,-0.457,False,981,-9.35,-13.13,1.61,0.006,0.963
2018-04-03,rides,-0.457,False,432,-9.13,-13.04,1.83,0.037,0.965
2018-04-03,forest_edge_band,-0.457,False,1637,-8.92,-13.09,2.03,0.023,0.967
2018-04-03,closed_pine,-0.457,False,22397,-8.78,-12.71,2.18,0.014,0.977
2018-04-09,clearfell_2017,-0.471,False,395,-11.46,-17.24,2.32,0.0,0.613
2018-04-09,broadleaf_restock,-0.471,False,700,-8.37,-12.94,5.41,0.0,0.996
2018-04-09,felling_1998_control,-0.471,False,981,-10.93,-15.01,2.85,0.004,0.705
2018-04-09,rides,-0.471,False,432,-10.1,-14.93,3.67,0.014,0.778
2018-04-09,forest_edge_band,-0.471,False,1637,-10.17,-14.68,3.61,0.033,0.797
2018-04-09,closed_pine,-0.471,False,22397,-9.76,-14.02,4.02,0.002,0.878
2018-04-15,clearfell_2017,-0.485,False,395,-10.74,-16.21,2.25,0.0,0.82
2018-04-15,broadleaf_restock,-0.485,False,700,-8.11,-12.09,4.89,0.0,0.999
2018-04-15,felling_1998_control,-0.485,False,981,-10.01,-13.83,2.99,0.001,0.923
2018-04-15,rides,-0.485,False,432,-9.78,-13.78,3.21,0.005,0.833
2018-04-15,forest_edge_band,-0.485,False,1637,-9.28,-13.53,3.72,0.021,0.875
2018-04-15,closed_pine,-0.485,False,22397,-9.13,-13.16,3.87,0.002,0.943
2018-04-21,clearfell_2017,-0.499,False,395,-12.17,-18.26,1.35,0.0,0.403
2018-04-21,broadleaf_restock,-0.499,False,700,-8.83,-13.21,4.7,0.0,0.984
2018-04-21,felling_1998_control,-0.499,False,981,-10.59,-14.99,2.94,0.0,0.838
2018-04-21,rides,-0.499,False,432,-10.48,-15.01,3.05,0.007,0.741
2018-04-21,forest_edge_band,-0.499,False,1637,-10.03,-14.69,3.5,0.02,0.811
2018-04-21,closed_pine,-0.499,False,22397,-9.71,-14.13,3.81,0.004,0.892
2018-04-27,clearfell_2017,-0.513,False,395,-9.14,-15.01,2.22,0.0,0.99
2018-04-27,broadleaf_restock,-0.513,False,700,-8.75,-12.34,2.61,0.0,0.997
2018-04-27,felling_1998_control,-0.513,False,981,-9.46,-13.93,1.9,0.005,0.953
2018-04-27,rides,-0.513,False,432,-9.75,-14.0,1.61,0.06,0.914
2018-04-27,forest_edge_band,-0.513,False,1637,-9.35,-13.6,2.01,0.067,0.941
2018-04-27,closed_pine,-0.513,False,22397,-9.39,-13.47,1.97,0.02,0.937
2018-05-03,clearfell_2017,-0.539,False,395,-10.35,-16.55,2.17,0.0,0.813
2018-05-03,broadleaf_restock,-0.539,False,700,-8.56,-13.48,3.96,0.0,0.984
2018-05-03,felling_1998_control,-0.539,False,981,-10.17,-14.81,2.35,0.0,0.848
2018-05-03,rides,-0.539,False,432,-10.06,-14.7,2.46,0.021,0.808
2018-05-03,forest_edge_band,-0.539,False,1637,-9.66,-14.22,2.86,0.037,0.869
2018-05-03,closed_pine,-0.539,False,22397,-9.5,-14.02,3.02,0.004,0.927
2018-05-09,clearfell_2017,-0.578,False,395,-9.39,-15.42,2.6,0.0,0.932
2018-05-09,broadleaf_restock,-0.578,False,700,-8.43,-12.74,3.56,0.0,0.997
2018-05-09,felling_1998_control,-0.578,False,981,-9.63,-13.64,2.35,0.0,0.963
2018-05-09,rides,-0.578,False,432,-9.51,-13.9,2.48,0.002,0.907
2018-05-09,forest_edge_band,-0.578,False,1637,-9.0,-13.41,2.98,0.029,0.926
2018-05-09,closed_pine,-0.578,False,22397,-9.05,-13.29,2.94,0.006,0.95
2018-05-15,clearfell_2017,-0.617,False,395,-11.59,-17.81,1.19,0.02,0.572
2018-05-15,broadleaf_restock,-0.617,False,700,-8.29,-14.0,4.49,0.0,1.0
2018-05-15,felling_1998_control,-0.617,False,981,-10.12,-14.67,2.66,0.0,0.866
2018-05-15,rides,-0.617,False,432,-10.37,-15.35,2.41,0.03,0.81
2018-05-15,forest_edge_band,-0.617,False,1637,-10.23,-15.09,2.55,0.034,0.824
2018-05-15,closed_pine,-0.617,False,22397,-9.77,-14.39,3.01,0.005,0.883
2018-05-21,clearfell_2017,-0.655,False,395,-11.69,-17.39,0.93,0.0,0.552
2018-05-21,broadleaf_restock,-0.655,False,700,-7.98,-13.44,4.64,0.0,0.996
2018-05-21,felling_1998_control,-0.655,False,981,-9.59,-13.84,3.03,0.007,0.909
2018-05-21,rides,-0.655,False,432,-9.73,-14.29,2.89,0.005,0.845
2018-05-21,forest_edge_band,-0.655,False,1637,-9.38,-13.78,3.24,0.037,0.867
2018-05-21,closed_pine,-0.655,False,22397,-9.25,-13.53,3.37,0.003,0.936
2018-05-27,clearfell_2017,-0.694,False,395,-11.92,-18.08,0.91,0.008,0.456
2018-05-27,broadleaf_restock,-0.694,False,700,-8.07,-13.6,4.76,0.0,1.0
2018-05-27,felling_1998_control,-0.694,False,981,-9.96,-14.95,2.86,0.001,0.872
2018-05-27,rides,-0.694,False,432,-10.01,-14.83,2.82,0.019,0.817
2018-05-27,forest_edge_band,-0.694,False,1637,-9.65,-14.71,3.18,0.02,0.826
2018-05-27,closed_pine,-0.694,False,22397,-9.49,-14.32,3.34,0.005,0.915
2018-06-08,clearfell_2017,-0.781,False,395,-11.57,-18.11,1.15,0.01,0.59
2018-06-08,broadleaf_restock,-0.781,False,700,-8.22,-13.66,4.5,0.0,0.99
2018-06-08,felling_1998_control,-0.781,False,981,-10.06,-15.17,2.66,0.002,0.909
2018-06-08,rides,-0.781,False,432,-9.94,-15.05,2.78,0.007,0.852
2018-06-08,forest_edge_band,-0.781,False,1637,-9.38,-14.86,3.34,0.015,0.855
2018-06-08,closed_pine,-0.781,False,22397,-9.33,-14.28,3.39,0.004,0.915
2018-06-20,clearfell_2017,-0.873,False,395,-10.7,-16.34,1.02,0.008,0.828
2018-06-20,broadleaf_restock,-0.873,False,700,-8.19,-13.43,3.53,0.0,1.0
2018-06-20,felling_1998_control,-0.873,False,981,-9.74,-14.27,1.97,0.0,0.967
2018-06-20,rides,-0.873,False,432,-9.78,-14.66,1.93,0.058,0.921
2018-06-20,forest_edge_band,-0.873,False,1637,-9.22,-14.51,2.5,0.045,0.903
2018-06-20,closed_pine,-0.873,False,22397,-9.17,-14.2,2.55,0.012,0.944
2018-06-26,clearfell_2017,-0.919,False,395,-11.93,-17.36,0.68,0.01,0.466
2018-06-26,broadleaf_restock,-0.919,False,700,-8.56,-13.15,4.05,0.0,0.993
2018-06-26,felling_1998_control,-0.919,False,981,-9.8,-13.9,2.81,0.0,0.931
2018-06-26,rides,-0.919,False,432,-9.92,-14.0,2.69,0.005,0.84
2018-06-26,forest_edge_band,-0.919,False,1637,-9.5,-14.0,3.11,0.017,0.861
2018-06-26,closed_pine,-0.919,False,22397,-9.26,-13.45,3.35,0.006,0.927
2018-07-02,clearfell_2017,-0.96,False,395,-12.4,-18.17,0.65,0.053,0.344
2018-07-02,broadleaf_restock,-0.96,False,700,-8.22,-13.33,4.83,0.0,0.997
2018-07-02,felling_1998_control,-0.96,False,981,-10.18,-14.84,2.87,0.002,0.893
2018-07-02,rides,-0.96,False,432,-10.07,-15.04,2.98,0.009,0.785
2018-07-02,forest_edge_band,-0.96,False,1637,-10.04,-15.02,3.01,0.014,0.782
2018-07-02,closed_pine,-0.96,False,22397,-9.56,-14.32,3.49,0.005,0.903
2018-07-08,clearfell_2017,-0.989,False,395,-12.76,-17.69,0.19,0.101,0.349
2018-07-08,broadleaf_restock,-0.989,False,700,-7.57,-13.19,5.39,0.0,1.0
2018-07-08,felling_1998_control,-0.989,False,981,-10.0,-14.06,2.96,0.0,0.891
2018-07-08,rides,-0.989,False,432,-9.8,-14.18,3.15,0.0,0.87
2018-07-08,forest_edge_band,-0.989,False,1637,-9.95,-14.21,3.01,0.014,0.809
2018-07-08,closed_pine,-0.989,False,22397,-9.36,-13.66,3.59,0.004,0.918
2018-07-14,clearfell_2017,-1.018,False,395,-12.82,-18.75,0.57,0.02,0.23
2018-07-14,broadleaf_restock,-1.018,False,700,-8.35,-13.31,5.04,0.0,0.991
2018-07-14,felling_1998_control,-1.018,False,981,-10.44,-14.62,2.96,0.0,0.865
2018-07-14,rides,-1.018,False,432,-10.36,-15.33,3.03,0.0,0.785
2018-07-14,forest_edge_band,-1.018,False,1637,-9.96,-14.89,3.43,0.024,0.806
2018-07-14,closed_pine,-1.018,False,22397,-9.8,-14.42,3.59,0.002,0.878
2018-07-20,clearfell_2017,-1.047,False,395,-11.64,-17.91,1.05,0.03,0.58
2018-07-20,broadleaf_restock,-1.047,False,700,-8.13,-12.75,4.57,0.0,0.993
2018-07-20,felling_1998_control,-1.047,False,981,-9.66,-13.84,3.04,0.0,0.923
2018-07-20,rides,-1.047,False,432,-9.92,-14.42,2.78,0.021,0.852
2018-07-20,forest_edge_band,-1.047,False,1637,-9.58,-14.11,3.11,0.029,0.853
2018-07-20,closed_pine,-1.047,False,22397,-9.29,-13.6,3.41,0.005,0.931
2018-07-26,clearfell_2017,-1.076,False,395,-12.07,-19.14,1.0,0.02,0.435
2018-07-26,broadleaf_restock,-1.076,False,700,-8.0,-13.77,5.07,0.0,0.99
2018-07-26,felling_1998_control,-1.076,False,981,-10.06,-14.9,3.0,0.0,0.891
2018-07-26,rides,-1.076,False,432,-9.95,-15.1,3.12,0.005,0.838
2018-07-26,forest_edge_band,-1.076,False,1637,-9.61,-14.88,3.46,0.027,0.838
2018-07-26,closed_pine,-1.076,False,22397,-9.6,-14.42,3.47,0.005,0.907
2018-08-01,clearfell_2017,-1.105,False,395,-11.39,-16.59,0.3,0.035,0.643
2018-08-01,broadleaf_restock,-1.105,False,700,-7.85,-13.23,3.85,0.0,1.0
2018-08-01,felling_1998_control,-1.105,False,981,-9.55,-13.86,2.14,0.007,0.951
2018-08-01,rides,-1.105,False,432,-9.42,-14.01,2.27,0.025,0.921
2018-08-01,forest_edge_band,-1.105,False,1637,-9.21,-13.77,2.48,0.062,0.919
2018-08-01,closed_pine,-1.105,False,22397,-8.95,-13.29,2.75,0.008,0.961
2018-08-07,clearfell_2017,-1.137,False,395,-9.04,-15.12,0.95,0.043,1.0
2018-08-07,broadleaf_restock,-1.137,False,700,-8.08,-13.3,1.91,0.001,1.0
2018-08-07,felling_1998_control,-1.137,False,981,-9.43,-14.3,0.56,0.033,1.0
2018-08-07,rides,-1.137,False,432,-9.63,-14.65,0.36,0.111,1.0
2018-08-07,forest_edge_band,-1.137,False,1637,-8.72,-14.13,1.27,0.079,1.0
2018-08-07,closed_pine,-1.137,False,22397,-9.22,-13.92,0.77,0.062,1.0
2018-08-19,clearfell_2017,-1.201,False,395,-9.55,-15.86,2.25,0.0,0.957
2018-08-19,broadleaf_restock,-1.201,False,700,-8.19,-13.71,3.61,0.0,0.984
2018-08-19,felling_1998_control,-1.201,False,981,-9.86,-14.12,1.94,0.003,0.926
2018-08-19,rides,-1.201,False,432,-9.87,-14.97,1.93,0.021,0.891
2018-08-19,forest_edge_band,-1.201,False,1637,-9.36,-14.56,2.44,0.026,0.924
2018-08-19,closed_pine,-1.201,False,22397,-9.32,-14.08,2.48,0.008,0.944
2018-08-25,clearfell_2017,-1.233,False,395,-9.9,-15.22,1.59,0.005,0.944
2018-08-25,broadleaf_restock,-1.233,False,700,-8.35,-13.54,3.14,0.001,0.996
2018-08-25,felling_1998_control,-1.233,False,981,-9.91,-14.11,1.57,0.017,0.926
2018-08-25,rides,-1.233,False,432,-10.09,-14.7,1.4,0.021,0.847
2018-08-25,forest_edge_band,-1.233,False,1637,-9.51,-13.91,1.98,0.035,0.921
2018-08-25,closed_pine,-1.233,False,22397,-9.47,-13.82,2.02,0.016,0.935
2018-08-31,clearfell_2017,-1.264,False,395,-12.25,-18.39,0.25,0.086,0.486
2018-08-31,broadleaf_restock,-1.264,False,700,-8.92,-14.81,3.58,0.0,0.989
2018-08-31,felling_1998_control,-1.264,False,981,-10.63,-15.34,1.87,0.008,0.821
2018-08-31,rides,-1.264,False,432,-10.57,-15.61,1.94,0.035,0.725
2018-08-31,forest_edge_band,-1.264,False,1637,-9.99,-15.14,2.51,0.032,0.809
2018-08-31,closed_pine,-1.264,False,22397,-10.09,-14.87,2.41,0.014,0.854
2018-09-06,clearfell_2017,-1.248,False,395,-8.07,-13.4,1.67,0.0,1.0
2018-09-06,broadleaf_restock,-1.248,False,700,-7.44,-12.64,2.31,0.004,1.0
2018-09-06,felling_1998_control,-1.248,False,981,-9.22,-13.24,0.52,0.041,1.0
2018-09-06,rides,-1.248,False,432,-9.11,-13.87,0.64,0.157,1.0
2018-09-06,forest_edge_band,-1.248,False,1637,-8.59,-13.07,1.16,0.05,1.0
2018-09-06,closed_pine,-1.248,False,22397,-8.81,-13.45,0.93,0.062,1.0
2018-09-12,clearfell_2017,-1.231,False,395,-8.97,-15.11,2.12,0.0,0.997
2018-09-12,broadleaf_restock,-1.231,False,700,-8.1,-13.26,2.99,0.0,0.984
2018-09-12,felling_1998_control,-1.231,False,981,-9.4,-14.32,1.69,0.007,0.962
2018-09-12,rides,-1.231,False,432,-9.56,-14.54,1.53,0.083,0.924
2018-09-12,forest_edge_band,-1.231,False,1637,-8.85,-14.09,2.24,0.045,0.943
2018-09-12,closed_pine,-1.231,False,22397,-9.11,-13.99,1.98,0.017,0.966
2018-09-18,clearfell_2017,-1.214,False,395,-9.0,-14.64,1.93,0.0,1.0
2018-09-18,broadleaf_restock,-1.214,False,700,-8.08,-13.11,2.86,0.0,1.0
2018-09-18,felling_1998_control,-1.214,False,981,-9.2,-13.48,1.74,0.008,0.976
2018-09-18,rides,-1.214,False,432,-9.19,-13.7,1.75,0.037,0.949
2018-09-18,forest_edge_band,-1.214,False,1637,-8.74,-13.38,2.2,0.055,0.97
2018-09-18,closed_pine,-1.214,False,22397,-8.97,-13.27,1.97,0.017,0.972
2018-09-24,clearfell_2017,-1.197,False,395,-10.94,-17.85,1.78,0.0,0.815
2018-09-24,broadleaf_restock,-1.197,False,700,-9.12,-14.61,3.59,0.0,0.983
2018-09-24,felling_1998_control,-1.197,False,981,-10.39,-15.27,2.32,0.012,0.8
2018-09-24,rides,-1.197,False,432,-10.49,-15.2,2.22,0.025,0.771
2018-09-24,forest_edge_band,-1.197,False,1637,-9.97,-15.3,2.74,0.027,0.801
2018-09-24,closed_pine,-1.197,False,22397,-10.0,-14.81,2.72,0.009,0.87
2018-09-30,clearfell_2017,-1.18,False,395,-10.98,-17.02,1.24,0.018,0.744
2018-09-30,broadleaf_restock,-1.18,False,700,-8.32,-13.72,3.91,0.0,1.0
2018-09-30,felling_1998_control,-1.18,False,981,-9.62,-14.56,2.6,0.009,0.925
2018-09-30,rides,-1.18,False,432,-10.05,-14.61,2.17,0.032,0.85
2018-09-30,forest_edge_band,-1.18,False,1637,-9.41,-14.22,2.81,0.034,0.888
2018-09-30,closed_pine,-1.18,False,22397,-9.56,-13.99,2.66,0.007,0.92
2018-10-06,clearfell_2017,-1.166,False,395,-8.78,-14.87,2.23,0.0,1.0
2018-10-06,broadleaf_restock,-1.166,False,700,-8.24,-13.77,2.77,0.0,0.999
2018-10-06,felling_1998_control,-1.166,False,981,-10.11,-14.9,0.9,0.04,0.919
2018-10-06,rides,-1.166,False,432,-10.05,-15.12,0.96,0.067,0.917
2018-10-06,forest_edge_band,-1.166,False,1637,-9.21,-14.37,1.8,0.048,0.961
2018-10-06,closed_pine,-1.166,False,22397,-9.46,-14.18,1.54,0.034,0.95
2018-10-12,clearfell_2017,-1.153,False,395,-8.25,-13.83,2.08,0.0,1.0
2018-10-12,broadleaf_restock,-1.153,False,700,-7.73,-11.96,2.6,0.0,1.0
2018-10-12,felling_1998_control,-1.153,False,981,-9.01,-13.04,1.32,0.011,0.996
2018-10-12,rides,-1.153,False,432,-8.69,-12.95,1.65,0.028,0.977
2018-10-12,forest_edge_band,-1.153,False,1637,-8.34,-13.02,1.99,0.027,0.996
2018-10-12,closed_pine,-1.153,False,22397,-8.45,-12.82,1.88,0.016,0.994
2018-10-18,clearfell_2017,-1.139,False,395,-10.48,-17.13,2.36,0.0,0.884
2018-10-18,broadleaf_restock,-1.139,False,700,-8.46,-14.14,4.39,0.0,0.984
2018-10-18,felling_1998_control,-1.139,False,981,-10.53,-14.98,2.32,0.0,0.798
2018-10-18,rides,-1.139,False,432,-10.38,-15.1,2.46,0.032,0.81
2018-10-18,forest_edge_band,-1.139,False,1637,-9.84,-14.93,3.01,0.032,0.856
2018-10-18,closed_pine,-1.139,False,22397,-9.73,-14.45,3.11,0.006,0.893
2018-10-24,clearfell_2017,-1.126,False,395,-10.46,-16.87,1.99,0.0,0.813
2018-10-24,broadleaf_restock,-1.126,False,700,-8.37,-12.64,4.07,0.0,0.98
2018-10-24,felling_1998_control,-1.126,False,981,-9.93,-13.68,2.52,0.0,0.937
2018-10-24,rides,-1.126,False,432,-9.74,-13.94,2.71,0.012,0.84
2018-10-24,forest_edge_band,-1.126,False,1637,-9.6,-13.93,2.85,0.027,0.877
2018-10-24,closed_pine,-1.126,False,22397,-9.38,-13.44,3.07,0.006,0.927
2018-10-30,clearfell_2017,-1.112,False,395,-14.69,-21.12,1.15,0.018,0.035
2018-10-30,broadleaf_restock,-1.112,False,700,-10.45,-14.76,5.39,0.0,0.813
2018-10-30,felling_1998_control,-1.112,False,981,-11.93,-16.81,3.91,0.0,0.469
2018-10-30,rides,-1.112,False,432,-11.6,-15.93,4.24,0.0,0.549
2018-10-30,forest_edge_band,-1.112,False,1637,-11.22,-15.91,4.62,0.006,0.6
2018-10-30,closed_pine,-1.112,False,22397,-10.93,-15.11,4.91,0.0,0.707
2018-11-05,clearfell_2017,-1.062,True,395,-9.04,-14.43,2.52,0.0,0.962
2018-11-05,broadleaf_restock,-1.062,True,700,-7.9,-12.55,3.66,0.0,1.0
2018-11-05,felling_1998_control,-1.062,True,981,-9.64,-13.61,1.92,0.0,0.953
2018-11-05,rides,-1.062,True,432,-9.27,-13.61,2.29,0.012,0.951
2018-11-05,forest_edge_band,-1.062,True,1637,-9.05,-13.6,2.51,0.035,0.94
2018-11-05,closed_pine,-1.062,True,22397,-9.14,-13.15,2.42,0.008,0.956
2018-11-11,clearfell_2017,-1.004,True,395,-8.41,-14.33,1.69,0.018,1.0
2018-11-11,broadleaf_restock,-1.004,True,700,-8.28,-12.37,1.82,0.004,1.0
2018-11-11,felling_1998_control,-1.004,True,981,-9.3,-13.96,0.8,0.048,1.0
2018-11-11,rides,-1.004,True,432,-9.18,-13.97,0.92,0.125,1.0
2018-11-11,forest_edge_band,-1.004,True,1637,-8.84,-13.59,1.26,0.049,1.0
2018-11-11,closed_pine,-1.004,True,22397,-9.0,-13.53,1.1,0.049,1.0
2018-11-17,clearfell_2017,-0.946,True,395,-9.96,-15.92,2.2,0.0,0.922
2018-11-17,broadleaf_restock,-0.946,True,700,-8.2,-12.34,3.95,0.0,1.0
2018-11-17,felling_1998_control,-0.946,True,981,-10.1,-13.69,2.06,0.007,0.886
2018-11-17,rides,-0.946,True,432,-9.83,-13.88,2.33,0.012,0.854
2018-11-17,forest_edge_band,-0.946,True,1637,-9.87,-13.67,2.29,0.039,0.888
2018-11-17,closed_pine,-0.946,True,22397,-9.37,-13.29,2.79,0.009,0.933
2018-11-23,clearfell_2017,-0.888,True,395,-13.51,-20.42,1.38,0.0,0.048
2018-11-23,broadleaf_restock,-0.888,True,700,-9.73,-13.94,5.15,0.0,0.914
2018-11-23,felling_1998_control,-0.888,True,981,-11.38,-15.68,3.51,0.0,0.629
2018-11-23,rides,-0.888,True,432,-11.09,-15.39,3.8,0.007,0.653
2018-11-23,forest_edge_band,-0.888,True,1637,-10.94,-15.58,3.95,0.028,0.692
2018-11-23,closed_pine,-0.888,True,22397,-10.42,-14.74,4.47,0.001,0.788
2018-11-29,clearfell_2017,-0.83,True,395,-8.16,-13.46,1.71,0.008,1.0
2018-11-29,broadleaf_restock,-0.83,True,700,-7.47,-11.26,2.41,0.006,1.0
2018-11-29,felling_1998_control,-0.83,True,981,-8.86,-12.96,1.02,0.029,1.0
2018-11-29,rides,-0.83,True,432,-8.57,-12.85,1.3,0.06,1.0
2018-11-29,forest_edge_band,-0.83,True,1637,-8.26,-12.27,1.61,0.029,1.0
2018-11-29,closed_pine,-0.83,True,22397,-8.24,-12.29,1.64,0.027,1.0
2018-12-05,clearfell_2017,-0.793,True,395,-8.71,-14.38,1.55,0.003,1.0
2018-12-05,broadleaf_restock,-0.793,True,700,-7.8,-12.18,2.45,0.0,1.0
2018-12-05,felling_1998_control,-0.793,True,981,-9.51,-13.73,0.75,0.049,0.989
2018-12-05,rides,-0.793,True,432,-9.15,-14.09,1.1,0.062,0.979
2018-12-05,forest_edge_band,-0.793,True,1637,-8.58,-13.4,1.67,0.03,0.995
2018-12-05,closed_pine,-0.793,True,22397,-8.78,-13.42,1.48,0.034,0.996
2018-12-11,clearfell_2017,-0.76,True,395,-9.34,-14.78,2.47,0.0,0.97
2018-12-11,broadleaf_restock,-0.76,True,700,-8.2,-11.93,3.62,0.0,0.99
2018-12-11,felling_1998_control,-0.76,True,981,-9.68,-13.52,2.14,0.002,0.923
2018-12-11,rides,-0.76,True,432,-9.68,-13.62,2.13,0.014,0.894
2018-12-11,forest_edge_band,-0.76,True,1637,-9.49,-13.51,2.33,0.029,0.901
2018-12-11,closed_pine,-0.76,True,22397,-9.0,-13.13,2.81,0.007,0.956
2018-12-17,clearfell_2017,-0.727,True,395,-9.54,-15.14,2.19,0.0,0.967
2018-12-17,broadleaf_restock,-0.727,True,700,-8.33,-12.41,3.39,0.0,0.999
2018-12-17,felling_1998_control,-0.727,True,981,-9.81,-14.14,1.92,0.022,0.919
2018-12-17,rides,-0.727,True,432,-9.89,-14.36,1.84,0.025,0.875
2018-12-17,forest_edge_band,-0.727,True,1637,-9.6,-13.97,2.13,0.031,0.916
2018-12-17,closed_pine,-0.727,True,22397,-9.29,-13.74,2.44,0.011,0.943
2018-12-23,clearfell_2017,-0.694,True,395,-8.4,-13.62,1.75,0.003,1.0
2018-12-23,broadleaf_restock,-0.694,True,700,-7.34,-12.11,2.81,0.0,1.0
2018-12-23,felling_1998_control,-0.694,True,981,-9.22,-13.44,0.93,0.028,1.0
2018-12-23,rides,-0.694,True,432,-9.2,-13.52,0.96,0.056,1.0
2018-12-23,forest_edge_band,-0.694,True,1637,-8.63,-12.99,1.53,0.034,1.0
2018-12-23,closed_pine,-0.694,True,22397,-8.85,-12.87,1.31,0.04,0.997
2018-12-29,clearfell_2017,-0.661,True,395,-9.18,-15.25,2.45,0.0,0.977
2018-12-29,broadleaf_restock,-0.661,True,700,-8.0,-12.19,3.64,0.001,0.996
2018-12-29,felling_1998_control,-0.661,True,981,-9.62,-14.1,2.02,0.004,0.924
2018-12-29,rides,-0.661,True,432,-9.62,-14.28,2.01,0.019,0.882
2018-12-29,forest_edge_band,-0.661,True,1637,-9.49,-14.25,2.15,0.044,0.931
2018-12-29,closed_pine,-0.661,True,22397,-9.12,-13.54,2.51,0.011,0.956
2019-01-04,clearfell_2017,-0.655,True,395,-10.39,-16.37,2.54,0.0,0.782
2019-01-04,broadleaf_restock,-0.655,True,700,-8.7,-12.89,4.23,0.0,0.99
2019-01-04,felling_1998_control,-0.655,True,981,-9.96,-14.29,2.96,0.0,0.928
2019-01-04,rides,-0.655,True,432,-10.2,-14.37,2.73,0.012,0.785
2019-01-04,forest_edge_band,-0.655,True,1637,-10.25,-14.11,2.67,0.034,0.805
2019-01-04,closed_pine,-0.655,True,22397,-9.6,-13.62,3.32,0.004,0.9
2019-01-10,clearfell_2017,-0.663,True,395,-11.52,-18.13,1.99,0.0,0.603
2019-01-10,broadleaf_restock,-0.663,True,700,-8.65,-13.26,4.86,0.0,0.983
2019-01-10,felling_1998_control,-0.663,True,981,-10.12,-14.85,3.39,0.0,0.907
2019-01-10,rides,-0.663,True,432,-10.18,-15.27,3.33,0.007,0.785
2019-01-10,forest_edge_band,-0.663,True,1637,-10.39,-14.87,3.12,0.027,0.759
2019-01-10,closed_pine,-0.663,True,22397,-9.87,-14.34,3.64,0.002,0.88
2019-01-16,clearfell_2017,-0.671,True,395,-9.91,-15.42,1.11,0.018,0.982
2019-01-16,broadleaf_restock,-0.671,True,700,-8.29,-12.2,2.72,0.0,0.997
2019-01-16,felling_1998_control,-0.671,True,981,-9.82,-13.8,1.2,0.005,0.97
2019-01-16,rides,-0.671,True,432,-9.78,-14.03,1.24,0.069,0.942
2019-01-16,forest_edge_band,-0.671,True,1637,-9.28,-13.77,1.73,0.044,0.947
2019-01-16,closed_pine,-0.671,True,22397,-9.27,-13.38,1.75,0.025,0.953
2019-01-22,clearfell_2017,-0.678,True,395,-9.38,-16.02,2.37,0.0,0.995
2019-01-22,broadleaf_restock,-0.678,True,700,-8.56,-13.31,3.2,0.0,0.994
2019-01-22,felling_1998_control,-0.678,True,981,-9.81,-14.58,1.94,0.005,0.938
2019-01-22,rides,-0.678,True,432,-9.94,-14.56,1.81,0.023,0.88
2019-01-22,forest_edge_band,-0.678,True,1637,-9.39,-14.67,2.36,0.039,0.92
2019-01-22,closed_pine,-0.678,True,22397,-9.34,-14.09,2.42,0.011,0.946
2019-01-28,clearfell_2017,-0.686,True,395,-10.18,-16.17,1.9,0.0,0.937
2019-01-28,broadleaf_restock,-0.686,True,700,-8.63,-13.05,3.44,0.0,0.976
2019-01-28,felling_1998_control,-0.686,True,981,-10.0,-14.38,2.08,0.0,0.898
2019-01-28,rides,-0.686,True,432,-9.85,-14.29,2.23,0.014,0.826
2019-01-28,forest_edge_band,-0.686,True,1637,-9.77,-14.15,2.31,0.032,0.88
2019-01-28,closed_pine,-0.686,True,22397,-9.52,-13.7,2.55,0.009,0.926
2019-02-09,clearfell_2017,-0.714,True,395,-9.45,-15.33,2.0,0.0,0.985
2019-02-09,broadleaf_restock,-0.714,True,700,-8.1,-12.27,3.34,0.0,1.0
2019-02-09,felling_1998_control,-0.714,True,981,-9.4,-13.57,2.05,0.0,0.973
2019-02-09,rides,-0.714,True,432,-9.03,-13.56,2.41,0.005,0.949
2019-02-09,forest_edge_band,-0.714,True,1637,-8.82,-13.69,2.62,0.032,0.952
2019-02-09,closed_pine,-0.714,True,22397,-8.77,-13.23,2.67,0.006,0.974
2019-02-15,clearfell_2017,-0.73,True,395,-10.61,-17.33,2.28,0.0,0.787
2019-02-15,broadleaf_restock,-0.73,True,700,-9.09,-13.44,3.8,0.0,0.981
2019-02-15,felling_1998_control,-0.73,True,981,-10.15,-14.73,2.74,0.004,0.805
2019-02-15,rides,-0.73,True,432,-10.05,-14.85,2.83,0.016,0.81
2019-02-15,forest_edge_band,-0.73,True,1637,-10.09,-14.73,2.79,0.042,0.803
2019-02-15,closed_pine,-0.73,True,22397,-9.68,-14.13,3.2,0.007,0.906
2019-02-21,clearfell_2017,-0.746,True,395,-8.86,-13.88,2.08,0.0,0.992
2019-02-21,broadleaf_restock,-0.746,True,700,-7.65,-11.84,3.3,0.0,1.0
2019-02-21,felling_1998_control,-0.746,True,981,-9.04,-12.92,1.91,0.006,0.986
2019-02-21,rides,-0.746,True,432,-9.23,-13.05,1.72,0.049,0.947
2019-02-21,forest_edge_band,-0.746,True,1637,-8.7,-12.83,2.25,0.034,0.969
2019-02-21,closed_pine,-0.746,True,22397,-8.61,-12.6,2.34,0.015,0.979
2019-02-27,clearfell_2017,-0.762,True,395,-13.05,-19.2,0.62,0.018,0.238
2019-02-27,broadleaf_restock,-0.762,True,700,-8.99,-13.51,4.68,0.0,0.983
2019-02-27,felling_1998_control,-0.762,True,981,-11.05,-14.97,2.62,0.007,0.7
2019-02-27,rides,-0.762,True,432,-10.61,-14.99,3.06,0.009,0.713
2019-02-27,forest_edge_band,-0.762,True,1637,-10.29,-15.08,3.38,0.034,0.77
2019-02-27,closed_pine,-0.762,True,22397,-9.92,-14.27,3.75,0.003,0.873
2019-03-05,clearfell_2017,-0.75,True,395,-9.14,-15.97,2.58,0.0,0.982
2019-03-05,broadleaf_restock,-0.75,True,700,-8.44,-12.33,3.27,0.0,1.0
2019-03-05,felling_1998_control,-0.75,True,981,-9.59,-13.82,2.12,0.002,0.957
2019-03-05,rides,-0.75,True,432,-9.19,-13.67,2.52,0.03,0.921
2019-03-05,forest_edge_band,-0.75,True,1637,-9.09,-13.79,2.63,0.03,0.951
2019-03-05,closed_pine,-0.75,True,22397,-8.95,-13.25,2.77,0.007,0.96
2019-03-11,clearfell_2017,-0.733,True,395,-9.94,-17.11,1.81,0.0,0.954
2019-03-11,broadleaf_restock,-0.733,True,700,-8.46,-13.52,3.29,0.0,0.997
2019-03-11,felling_1998_control,-0.733,True,981,-9.67,-14.62,2.08,0.0,0.891
2019-03-11,rides,-0.733,True,432,-9.93,-14.75,1.82,0.032,0.847
2019-03-11,forest_edge_band,-0.733,True,1637,-9.36,-14.73,2.39,0.043,0.886
2019-03-11,closed_pine,-0.733,True,22397,-9.39,-14.18,2.36,0.011,0.945
2019-03-17,clearfell_2017,-0.716,True,395,-9.38,-15.59,2.41,0.0,0.995
2019-03-17,broadleaf_restock,-0.716,True,700,-8.78,-12.59,3.01,0.0,0.994
2019-03-17,felling_1998_control,-0.716,True,981,-9.72,-13.81,2.07,0.009,0.923
2019-03-17,rides,-0.716,True,432,-9.34,-13.77,2.45,0.023,0.91
2019-03-17,forest_edge_band,-0.716,True,1637,-9.05,-13.73,2.74,0.021,0.912
2019-03-17,closed_pine,-0.716,True,22397,-9.14,-13.51,2.65,0.008,0.949
2019-03-23,clearfell_2017,-0.698,True,395,-10.14,-16.05,1.97,0.0,0.939
2019-03-23,broadleaf_restock,-0.698,True,700,-8.41,-12.98,3.71,0.0,0.986
2019-03-23,felling_1998_control,-0.698,True,981,-9.97,-14.66,2.15,0.033,0.832
2019-03-23,rides,-0.698,True,432,-9.96,-14.79,2.16,0.021,0.87
2019-03-23,forest_edge_band,-0.698,True,1637,-9.65,-14.24,2.46,0.031,0.869
2019-03-23,closed_pine,-0.698,True,22397,-9.43,-13.88,2.68,0.008,0.926
2019-03-29,clearfell_2017,-0.681,True,395,-11.9,-18.44,1.01,0.0,0.428
2019-03-29,broadleaf_restock,-0.681,True,700,-8.46,-12.83,4.45,0.0,0.993
2019-03-29,felling_1998_control,-0.681,True,981,-10.06,-14.46,2.86,0.0,0.859
2019-03-29,rides,-0.681,True,432,-10.03,-14.61,2.89,0.021,0.815
2019-03-29,forest_edge_band,-0.681,True,1637,-9.64,-14.62,3.28,0.027,0.866
2019-03-29,closed_pine,-0.681,True,22397,-9.53,-14.01,3.38,0.003,0.915
2019-04-04,clearfell_2017,-0.682,False,395,-10.26,-16.1,1.51,0.005,0.863
2019-04-04,broadleaf_restock,-0.682,False,700,-8.47,-13.18,3.3,0.0,0.996
2019-04-04,felling_1998_control,-0.682,False,981,-10.4,-14.61,1.37,0.019,0.847
2019-04-04,rides,-0.682,False,432,-10.21,-14.73,1.56,0.046,0.856
2019-04-04,forest_edge_band,-0.682,False,1637,-9.79,-14.53,1.98,0.032,0.877
2019-04-04,closed_pine,-0.682,False,22397,-9.65,-13.98,2.12,0.016,0.913
2019-04-10,clearfell_2017,-0.692,False,395,-13.05,-18.92,0.12,0.076,0.218
2019-04-10,broadleaf_restock,-0.692,False,700,-9.01,-13.39,4.17,0.0,0.98
2019-04-10,felling_1998_control,-0.692,False,981,-10.64,-14.52,2.53,0.0,0.781
2019-04-10,rides,-0.692,False,432,-10.45,-14.73,2.73,0.009,0.833
2019-04-10,forest_edge_band,-0.692,False,1637,-10.11,-14.63,3.07,0.014,0.816
2019-04-10,closed_pine,-0.692,False,22397,-9.89,-14.24,3.28,0.005,0.883
2019-04-16,clearfell_2017,-0.702,False,395,-9.21,-15.54,1.32,0.0,0.98
2019-04-16,broadleaf_restock,-0.702,False,700,-8.72,-12.6,1.8,0.004,0.994
2019-04-16,felling_1998_control,-0.702,False,981,-9.73,-14.4,0.79,0.046,0.983
2019-04-16,rides,-0.702,False,432,-9.97,-14.71,0.55,0.083,0.958
2019-04-16,forest_edge_band,-0.702,False,1637,-9.05,-14.2,1.48,0.051,0.972
2019-04-16,closed_pine,-0.702,False,22397,-9.53,-14.06,0.99,0.055,0.969
2019-04-22,clearfell_2017,-0.712,False,395,-12.21,-18.26,0.55,0.033,0.392
2019-04-22,broadleaf_restock,-0.712,False,700,-8.22,-13.38,4.54,0.0,0.996
2019-04-22,felling_1998_control,-0.712,False,981,-10.33,-14.51,2.43,0.004,0.839
2019-04-22,rides,-0.712,False,432,-10.07,-14.49,2.69,0.012,0.824
2019-04-22,forest_edge_band,-0.712,False,1637,-9.52,-14.67,3.24,0.015,0.839
2019-04-22,closed_pine,-0.712,False,22397,-9.39,-13.89,3.37,0.005,0.931
2019-04-28,clearfell_2017,-0.722,False,395,-10.6,-16.28,1.49,0.0,0.861
2019-04-28,broadleaf_restock,-0.722,False,700,-8.83,-13.84,3.26,0.0,0.966
2019-04-28,felling_1998_control,-0.722,False,981,-10.03,-14.7,2.06,0.023,0.889
2019-04-28,rides,-0.722,False,432,-10.37,-15.09,1.72,0.028,0.829
2019-04-28,forest_edge_band,-0.722,False,1637,-9.47,-14.92,2.62,0.043,0.899
2019-04-28,closed_pine,-0.722,False,22397,-9.67,-14.36,2.42,0.007,0.92
2019-05-04,clearfell_2017,-0.747,False,395,-10.92,-17.2,1.4,0.0,0.757
2019-05-04,broadleaf_restock,-0.747,False,700,-8.89,-13.63,3.42,0.0,0.983
2019-05-04,felling_1998_control,-0.747,False,981,-10.06,-14.58,2.26,0.014,0.918
2019-05-04,rides,-0.747,False,432,-10.02,-14.72,2.29,0.016,0.796
2019-05-04,forest_edge_band,-0.747,False,1637,-9.62,-14.66,2.7,0.035,0.844
2019-05-04,closed_pine,-0.747,False,22397,-9.72,-14.18,2.59,0.007,0.901
2019-05-10,clearfell_2017,-0.78,False,395,-11.12,-17.12,1.22,0.005,0.658
2019-05-10,broadleaf_restock,-0.78,False,700,-8.57,-14.32,3.77,0.0,0.994
2019-05-10,felling_1998_control,-0.78,False,981,-10.51,-15.0,1.83,0.004,0.831
2019-05-10,rides,-0.78,False,432,-10.49,-15.59,1.86,0.03,0.792
2019-05-10,forest_edge_band,-0.78,False,1637,-9.81,-15.22,2.54,0.034,0.856
2019-05-10,closed_pine,-0.78,False,22397,-9.84,-14.6,2.51,0.009,0.886
2019-05-16,clearfell_2017,-0.813,False,395,-11.97,-17.47,0.28,0.086,0.537
2019-05-16,broadleaf_restock,-0.813,False,700,-8.4,-13.51,3.84,0.0,0.993
2019-05-16,felling_1998_control,-0.813,False,981,-9.98,-13.97,2.27,0.003,0.899
2019-05-16,rides,-0.813,False,432,-10.17,-14.67,2.08,0.012,0.826
2019-05-16,forest_edge_band,-0.813,False,1637,-9.47,-14.18,2.77,0.032,0.878
2019-05-16,closed_pine,-0.813,False,22397,-9.49,-13.95,2.75,0.008,0.924
2019-05-22,clearfell_2017,-0.846,False,395,-13.23,-18.79,-0.47,0.213,0.405
2019-05-22,broadleaf_restock,-0.846,False,700,-8.73,-13.92,4.03,0.0,0.996
2019-05-22,felling_1998_control,-0.846,False,981,-10.48,-14.88,2.28,0.008,0.782
2019-05-22,rides,-0.846,False,432,-10.64,-15.51,2.12,0.016,0.752
2019-05-22,forest_edge_band,-0.846,False,1637,-10.11,-15.01,2.65,0.038,0.811
2019-05-22,closed_pine,-0.846,False,22397,-9.95,-14.7,2.81,0.006,0.864
2019-05-28,clearfell_2017,-0.879,False,395,-9.24,-14.79,1.43,0.0,1.0
2019-05-28,broadleaf_restock,-0.879,False,700,-7.59,-13.16,3.08,0.0,1.0
2019-05-28,felling_1998_control,-0.879,False,981,-9.27,-13.55,1.39,0.016,0.965
2019-05-28,rides,-0.879,False,432,-9.45,-14.25,1.21,0.019,0.963
2019-05-28,forest_edge_band,-0.879,False,1637,-8.69,-13.7,1.97,0.045,0.986
2019-05-28,closed_pine,-0.879,False,22397,-8.9,-13.55,1.76,0.023,0.98
2019-06-03,clearfell_2017,-0.906,False,395,-11.07,-17.19,0.5,0.056,0.777
2019-06-03,broadleaf_restock,-0.906,False,700,-8.31,-13.74,3.27,0.0,0.99
2019-06-03,felling_1998_control,-0.906,False,981,-10.06,-14.54,1.51,0.009,0.9
2019-06-03,rides,-0.906,False,432,-9.85,-14.9,1.73,0.019,0.866
2019-06-03,forest_edge_band,-0.906,False,1637,-9.68,-14.69,1.9,0.049,0.911
2019-06-03,closed_pine,-0.906,False,22397,-9.33,-14.24,2.25,0.01,0.941
2019-06-09,clearfell_2017,-0.93,False,395,-9.92,-15.52,1.24,0.015,0.934
2019-06-09,broadleaf_restock,-0.93,False,700,-8.0,-13.0,3.16,0.0,0.997
2019-06-09,felling_1998_control,-0.93,False,981,-9.73,-13.91,1.43,0.003,0.916
2019-06-09,rides,-0.93,False,432,-9.43,-14.1,1.73,0.037,0.919
2019-06-09,forest_edge_band,-0.93,False,1637,-8.92,-13.79,2.24,0.035,0.941
2019-06-09,closed_pine,-0.93,False,22397,-8.98,-13.5,2.18,0.011,0.966
2019-06-15,clearfell_2017,-0.952,False,395,-10.98,-16.92,0.82,0.013,0.782
2019-06-15,broadleaf_restock,-0.952,False,700,-8.4,-13.63,3.4,0.0,0.979
2019-06-15,felling_1998_control,-0.952,False,981,-10.12,-14.58,1.68,0.014,0.903
2019-06-15,rides,-0.952,False,432,-9.93,-15.15,1.87,0.03,0.868
2019-06-15,forest_edge_band,-0.952,False,1637,-9.82,-14.76,1.98,0.04,0.887
2019-06-15,closed_pine,-0.952,False,22397,-9.6,-14.37,2.2,0.013,0.921
2019-06-21,clearfell_2017,-0.976,False,395,-11.85,-17.4,-0.04,0.111,0.592
2019-06-21,broadleaf_restock,-0.976,False,700,-8.39,-13.39,3.42,0.0,0.997
2019-06-21,felling_1998_control,-0.976,False,981,-9.83,-13.72,1.97,0.006,0.941
2019-06-21,rides,-0.976,False,432,-9.79,-14.45,2.01,0.016,0.896
2019-06-21,forest_edge_band,-0.976,False,1637,-9.26,-13.91,2.54,0.038,0.907
2019-06-21,closed_pine,-0.976,False,22397,-9.3,-13.98,2.51,0.008,0.94
2019-06-27,clearfell_2017,-0.998,False,395,-11.59,-17.54,0.08,0.192,0.729
2019-06-27,broadleaf_restock,-0.998,False,700,-8.37,-13.9,3.29,0.0,0.996
2019-06-27,felling_1998_control,-0.998,False,981,-10.27,-14.73,1.39,0.022,0.866
2019-06-27,rides,-0.998,False,432,-10.09,-14.96,1.57,0.069,0.85
2019-06-27,forest_edge_band,-0.998,False,1637,-9.9,-14.78,1.77,0.053,0.893
2019-06-27,closed_pine,-0.998,False,22397,-9.47,-14.23,2.2,0.015,0.931
2019-07-03,clearfell_2017,-1.018,False,395,-11.64,-16.97,-0.17,0.116,0.658
2019-07-03,broadleaf_restock,-1.018,False,700,-7.91,-13.36,3.55,0.001,0.996
2019-07-03,felling_1998_control,-1.018,False,981,-9.75,-14.43,1.72,0.008,0.939
2019-07-03,rides,-1.018,False,432,-9.61,-14.52,1.86,0.058,0.919
2019-07-03,forest_edge_band,-1.018,False,1637,-9.58,-14.17,1.89,0.06,0.9
2019-07-03,closed_pine,-1.018,False,22397,-9.21,-13.86,2.26,0.012,0.946
2019-07-09,clearfell_2017,-1.033,False,395,-10.35,-16.41,0.82,0.078,0.876
2019-07-09,broadleaf_restock,-1.033,False,700,-8.03,-13.37,3.14,0.0,0.997
2019-07-09,felling_1998_control,-1.033,False,981,-9.63,-14.22,1.54,0.019,0.933
2019-07-09,rides,-1.033,False,432,-9.85,-14.94,1.32,0.079,0.887
2019-07-09,forest_edge_band,-1.033,False,1637,-9.64,-14.96,1.53,0.034,0.919
2019-07-09,closed_pine,-1.033,False,22397,-9.38,-14.28,1.79,0.028,0.936
2019-07-15,clearfell_2017,-1.049,False,395,-11.5,-16.91,-0.1,0.132,0.737
2019-07-15,broadleaf_restock,-1.049,False,700,-7.75,-13.69,3.65,0.003,0.99
2019-07-15,felling_1998_control,-1.049,False,981,-9.65,-14.1,1.76,0.018,0.943
2019-07-15,rides,-1.049,False,432,-9.55,-14.55,1.85,0.03,0.921
2019-07-15,forest_edge_band,-1.049,False,1637,-9.51,-14.49,1.9,0.045,0.908
2019-07-15,closed_pine,-1.049,False,22397,-9.2,-13.85,2.21,0.015,0.944
2019-07-21,clearfell_2017,-1.064,False,395,-10.97,-16.28,0.67,0.01,0.77
2019-07-21,broadleaf_restock,-1.064,False,700,-7.96,-13.92,3.68,0.0,0.997
2019-07-21,felling_1998_control,-1.064,False,981,-10.06,-14.6,1.58,0.013,0.884
2019-07-21,rides,-1.064,False,432,-10.13,-15.05,1.5,0.035,0.838
2019-07-21,forest_edge_band,-1.064,False,1637,-9.78,-14.69,1.85,0.041,0.896
2019-07-21,closed_pine,-1.064,False,22397,-9.49,-14.11,2.15,0.013,0.929
2019-07-27,clearfell_2017,-1.08,False,395,-11.76,-18.12,0.13,0.137,0.651
2019-07-27,broadleaf_restock,-1.08,False,700,-8.04,-13.34,3.86,0.0,0.991
2019-07-27,felling_1998_control,-1.08,False,981,-9.72,-14.35,2.17,0.0,0.926
2019-07-27,rides,-1.08,False,432,-9.85,-14.61,2.04,0.032,0.912
2019-07-27,forest_edge_band,-1.08,False,1637,-9.84,-14.44,2.06,0.057,0.864
2019-07-27,closed_pine,-1.08,False,22397,-9.37,-13.77,2.53,0.01,0.93
2019-08-02,clearfell_2017,-1.099,False,395,-11.04,-17.37,0.32,0.058,0.803
2019-08-02,broadleaf_restock,-1.099,False,700,-8.11,-14.36,3.25,0.0,0.994
2019-08-02,felling_1998_control,-1.099,False,981,-10.07,-14.32,1.28,0.029,0.915
2019-08-02,rides,-1.099,False,432,-9.66,-15.12,1.7,0.056,0.905
2019-08-02,forest_edge_band,-1.099,False,1637,-9.53,-15.1,1.83,0.07,0.898
2019-08-02,closed_pine,-1.099,False,22397,-9.51,-14.33,1.85,0.026,0.933
2019-08-08,clearfell_2017,-1.126,False,395,-11.01,-16.54,0.62,0.023,0.711
2019-08-08,broadleaf_restock,-1.126,False,700,-8.45,-13.8,3.17,0.0,0.997
2019-08-08,felling_1998_control,-1.126,False,981,-9.71,-13.55,1.92,0.002,0.934
2019-08-08,rides,-1.126,False,432,-10.19,-14.61,1.44,0.035,0.875
2019-08-08,forest_edge_band,-1.126,False,1637,-9.69,-14.33,1.94,0.045,0.869
2019-08-08,closed_pine,-1.126,False,22397,-9.52,-13.96,2.1,0.016,0.929
2019-08-14,clearfell_2017,-1.153,False,395,-9.47,-15.54,1.25,0.005,0.972
2019-08-14,broadleaf_restock,-1.153,False,700,-8.06,-13.53,2.66,0.004,0.991
2019-08-14,felling_1998_control,-1.153,False,981,-9.88,-13.91,0.84,0.028,0.95
2019-08-14,rides,-1.153,False,432,-9.9,-14.54,0.82,0.086,0.951
2019-08-14,forest_edge_band,-1.153,False,1637,-9.27,-14.49,1.45,0.076,0.955
2019-08-14,closed_pine,-1.153,False,22397,-9.24,-13.89,1.48,0.032,0.969
2019-08-20,clearfell_2017,-1.18,False,395,-11.35,-17.49,0.63,0.048,0.641
2019-08-20,broadleaf_restock,-1.18,False,700,-8.51,-13.72,3.47,0.0,0.989
2019-08-20,felling_1998_control,-1.18,False,981,-10.14,-14.29,1.84,0.002,0.908
2019-08-20,rides,-1.18,False,432,-10.27,-14.92,1.71,0.019,0.843
2019-08-20,forest_edge_band,-1.18,False,1637,-9.78,-14.68,2.2,0.047,0.881
2019-08-20,closed_pine,-1.18,False,22397,-9.42,-14.13,2.56,0.007,0.926
2019-08-26,clearfell_2017,-1.207,False,395,-11.39,-17.73,0.41,0.043,0.681
2019-08-26,broadleaf_restock,-1.207,False,700,-8.47,-13.91,3.34,0.0,0.997
2019-08-26,felling_1998_control,-1.207,False,981,-10.21,-14.54,1.6,0.013,0.892
2019-08-26,rides,-1.207,False,432,-10.32,-15.33,1.49,0.03,0.796
2019-08-26,forest_edge_band,-1.207,False,1637,-9.79,-14.95,2.02,0.045,0.892
2019-08-26,closed_pine,-1.207,False,22397,-9.68,-14.48,2.13,0.015,0.902
2019-09-01,clearfell_2017,-1.228,False,395,-10.98,-16.63,0.42,0.066,0.785
2019-09-01,broadleaf_restock,-1.228,False,700,-8.45,-13.5,2.94,0.0,0.987
2019-09-01,felling_1998_control,-1.228,False,981,-9.84,-14.38,1.55,0.013,0.949
2019-09-01,rides,-1.228,False,432,-10.15,-14.61,1.25,0.051,0.914
2019-09-01,forest_edge_band,-1.228,False,1637,-9.57,-14.81,1.83,0.057,0.878
2019-09-01,closed_pine,-1.228,False,22397,-9.42,-14.14,1.98,0.02,0.94
2019-09-07,clearfell_2017,-1.212,False,395,-12.0,-18.1,0.67,0.096,0.537
2019-09-07,broadleaf_restock,-1.212,False,700,-8.84,-14.12,3.83,0.0,0.993
2019-09-07,felling_1998_control,-1.212,False,981,-10.39,-14.75,2.29,0.005,0.832
2019-09-07,rides,-1.212,False,432,-10.6,-15.54,2.08,0.007,0.764
2019-09-07,forest_edge_band,-1.212,False,1637,-10.17,-15.2,2.51,0.035,0.808
2019-09-07,closed_pine,-1.212,False,22397,-9.98,-14.77,2.7,0.008,0.863
2019-09-13,clearfell_2017,-1.198,False,395,-10.2,-15.78,0.89,0.035,0.939
2019-09-13,broadleaf_restock,-1.198,False,700,-7.89,-13.27,3.21,0.003,1.0
2019-09-13,felling_1998_control,-1.198,False,981,-10.01,-14.39,1.08,0.041,0.931
2019-09-13,rides,-1.198,False,432,-9.85,-14.65,1.25,0.065,0.912
2019-09-13,forest_edge_band,-1.198,False,1637,-9.32,-14.33,1.77,0.054,0.94
2019-09-13,closed_pine,-1.198,False,22397,-9.28,-13.9,1.82,0.02,0.953
2019-09-19,clearfell_2017,-1.182,False,395,-11.53,-18.15,0.52,0.063,0.625
2019-09-19,broadleaf_restock,-1.182,False,700,-8.14,-14.19,3.91,0.004,0.97
2019-09-19,felling_1998_control,-1.182,False,981,-10.65,-15.13,1.4,0.017,0.799
2019-09-19,rides,-1.182,False,432,-10.58,-15.17,1.47,0.062,0.817
2019-09-19,forest_edge_band,-1.182,False,1637,-10.04,-15.38,2.01,0.046,0.841
2019-09-19,closed_pine,-1.182,False,22397,-9.95,-14.72,2.1,0.016,0.878
2019-09-25,clearfell_2017,-1.167,False,395,-9.35,-14.96,1.48,0.02,0.959
2019-09-25,broadleaf_restock,-1.167,False,700,-7.82,-12.85,3.01,0.0,0.997
2019-09-25,felling_1998_control,-1.167,False,981,-9.69,-13.86,1.13,0.043,0.943
2019-09-25,rides,-1.167,False,432,-9.43,-14.44,1.39,0.056,0.94
2019-09-25,forest_edge_band,-1.167,False,1637,-8.93,-14.11,1.89,0.053,0.97
2019-09-25,closed_pine,-1.167,False,22397,-8.98,-13.6,1.84,0.022,0.972
2019-10-01,clearfell_2017,-1.145,False,395,-9.58,-15.69,1.44,0.01,0.98
2019-10-01,broadleaf_restock,-1.145,False,700,-7.93,-13.74,3.1,0.003,0.997
2019-10-01,felling_1998_control,-1.145,False,981,-9.65,-14.35,1.37,0.013,0.957
2019-10-01,rides,-1.145,False,432,-9.7,-14.55,1.32,0.058,0.905
2019-10-01,forest_edge_band,-1.145,False,1637,-9.36,-14.31,1.66,0.077,0.943
2019-10-01,closed_pine,-1.145,False,22397,-9.14,-13.81,1.88,0.019,0.968
2019-10-07,clearfell_2017,-1.086,False,395,-8.95,-14.87,1.79,0.03,0.977
2019-10-07,broadleaf_restock,-1.086,False,700,-8.06,-12.93,2.68,0.0,1.0
2019-10-07,felling_1998_control,-1.086,False,981,-9.47,-13.62,1.26,0.035,0.976
2019-10-07,rides,-1.086,False,432,-9.54,-14.3,1.2,0.056,0.944
2019-10-07,forest_edge_band,-1.086,False,1637,-9.17,-14.01,1.57,0.065,0.977
2019-10-07,closed_pine,-1.086,False,22397,-9.01,-13.55,1.73,0.022,0.978
2019-10-13,clearfell_2017,-1.027,False,395,-10.02,-16.21,1.12,0.02,0.952
2019-10-13,broadleaf_restock,-1.027,False,700,-8.43,-13.95,2.71,0.0,1.0
2019-10-13,felling_1998_control,-1.027,False,981,-10.16,-14.7,0.98,0.02,0.883
2019-10-13,rides,-1.027,False,432,-10.36,-15.26,0.78,0.046,0.854
2019-10-13,forest_edge_band,-1.027,False,1637,-9.63,-14.77,1.51,0.056,0.903
2019-10-13,closed_pine,-1.027,False,22397,-9.74,-14.55,1.4,0.035,0.923
2019-10-19,clearfell_2017,-0.968,False,395,-9.54,-14.49,0.86,0.02,0.997
2019-10-19,broadleaf_restock,-0.968,False,700,-7.83,-12.96,2.57,0.0,1.0
2019-10-19,felling_1998_control,-0.968,False,981,-9.75,-13.82,0.65,0.045,0.975
2019-10-19,rides,-0.968,False,432,-9.34,-13.87,1.06,0.102,0.965
2019-10-19,forest_edge_band,-0.968,False,1637,-8.9,-13.62,1.5,0.06,0.985
2019-10-19,closed_pine,-0.968,False,22397,-8.91,-13.38,1.49,0.036,0.984
2019-10-25,clearfell_2017,-0.909,False,395,-10.2,-15.79,1.32,0.025,0.886
2019-10-25,broadleaf_restock,-0.909,False,700,-8.04,-13.4,3.48,0.0,0.987
2019-10-25,felling_1998_control,-0.909,False,981,-10.04,-14.7,1.48,0.032,0.891
2019-10-25,rides,-0.909,False,432,-10.12,-14.92,1.4,0.058,0.891
2019-10-25,forest_edge_band,-0.909,False,1637,-9.81,-14.71,1.71,0.045,0.91
2019-10-25,closed_pine,-0.909,False,22397,-9.54,-14.23,1.98,0.016,0.932
2019-10-31,clearfell_2017,-0.85,False,395,-11.69,-17.14,0.73,0.0,0.542
2019-10-31,broadleaf_restock,-0.85,False,700,-8.28,-13.39,4.14,0.0,0.987
2019-10-31,felling_1998_control,-0.85,False,981,-10.5,-14.83,1.92,0.0,0.822
2019-10-31,rides,-0.85,False,432,-10.17,-14.49,2.26,0.042,0.831
2019-10-31,forest_edge_band,-0.85,False,1637,-10.04,-14.67,2.38,0.042,0.844
2019-10-31,closed_pine,-0.85,False,22397,-9.85,-14.05,2.58,0.01,0.893
2019-11-06,clearfell_2017,-0.814,True,395,-9.9,-15.43,1.25,0.033,0.896
2019-11-06,broadleaf_restock,-0.814,True,700,-8.33,-13.09,2.82,0.0,0.996
2019-11-06,felling_1998_control,-0.814,True,981,-10.34,-14.37,0.81,0.047,0.859
2019-11-06,rides,-0.814,True,432,-10.19,-14.76,0.96,0.069,0.921
2019-11-06,forest_edge_band,-0.814,True,1637,-9.63,-14.73,1.52,0.043,0.924
2019-11-06,closed_pine,-0.814,True,22397,-9.53,-14.15,1.62,0.027,0.945
2019-11-18,clearfell_2017,-0.742,True,395,-11.48,-17.77,1.19,0.018,0.605
2019-11-18,broadleaf_restock,-0.742,True,700,-8.5,-13.61,4.17,0.0,0.981
2019-11-18,felling_1998_control,-0.742,True,981,-10.58,-14.79,2.09,0.0,0.794
2019-11-18,rides,-0.742,True,432,-10.25,-15.19,2.41,0.037,0.812
2019-11-18,forest_edge_band,-0.742,True,1637,-10.04,-14.71,2.63,0.046,0.826
2019-11-18,closed_pine,-0.742,True,22397,-9.85,-14.34,2.82,0.008,0.88
2019-11-24,clearfell_2017,-0.706,True,395,-10.31,-15.62,1.18,0.023,0.889
2019-11-24,broadleaf_restock,-0.706,True,700,-8.04,-12.44,3.44,0.0,0.997
2019-11-24,felling_1998_control,-0.706,True,981,-10.03,-14.08,1.46,0.019,0.924
2019-11-24,rides,-0.706,True,432,-10.43,-14.32,1.06,0.042,0.854
2019-11-24,forest_edge_band,-0.706,True,1637,-9.61,-14.32,1.88,0.046,0.899
2019-11-24,closed_pine,-0.706,True,22397,-9.59,-13.86,1.9,0.017,0.927
2019-11-30,clearfell_2017,-0.67,True,395,-13.29,-20.0,0.31,0.018,0.162
2019-11-30,broadleaf_restock,-0.67,True,700,-8.67,-13.83,4.92,0.0,0.967
2019-11-30,felling_1998_control,-0.67,True,981,-11.12,-15.77,2.48,0.017,0.708
2019-11-30,rides,-0.67,True,432,-10.66,-15.12,2.94,0.023,0.72
2019-11-30,forest_edge_band,-0.67,True,1637,-10.47,-15.49,3.13,0.024,0.735
2019-11-30,closed_pine,-0.67,True,22397,-10.2,-14.6,3.39,0.005,0.836
2019-12-06,clearfell_2017,-0.668,True,395,-9.46,-15.51,2.15,0.005,0.927
2019-12-06,broadleaf_restock,-0.668,True,700,-7.88,-12.25,3.73,0.0,0.994
2019-12-06,felling_1998_control,-0.668,True,981,-9.68,-13.83,1.94,0.01,0.954
2019-12-06,rides,-0.668,True,432,-9.56,-14.02,2.06,0.044,0.905
2019-12-06,forest_edge_band,-0.668,True,1637,-9.45,-14.07,2.16,0.037,0.894
2019-12-06,closed_pine,-0.668,True,22397,-9.16,-13.45,2.46,0.012,0.953
2019-12-12,clearfell_2017,-0.666,True,395,-10.12,-15.7,1.6,0.003,0.866
2019-12-12,broadleaf_restock,-0.666,True,700,-8.52,-12.69,3.21,0.0,0.993
2019-12-12,felling_1998_control,-0.666,True,981,-9.9,-14.22,1.82,0.004,0.914
2019-12-12,rides,-0.666,True,432,-10.08,-14.31,1.65,0.042,0.854
2019-12-12,forest_edge_band,-0.666,True,1637,-9.48,-14.25,2.24,0.028,0.889
2019-12-12,closed_pine,-0.666,True,22397,-9.54,-13.89,2.18,0.016,0.922
2019-12-18,clearfell_2017,-0.664,True,395,-10.17,-15.71,1.58,0.025,0.919
2019-12-18,broadleaf_restock,-0.664,True,700,-8.38,-12.73,3.37,0.006,0.994
2019-12-18,felling_1998_control,-0.664,True,981,-10.16,-14.53,1.59,0.014,0.885
2019-12-18,rides,-0.664,True,432,-10.06,-14.53,1.69,0.06,0.863
2019-12-18,forest_edge_band,-0.664,True,1637,-9.8,-14.63,1.95,0.065,0.877
2019-12-18,closed_pine,-0.664,True,22397,-9.54,-13.98,2.21,0.019,0.913
2019-12-24,clearfell_2017,-0.662,True,395,-9.37,-15.29,1.37,0.005,0.962
2019-12-24,broadleaf_restock,-0.662,True,700,-7.78,-12.34,2.96,0.0,1.0
2019-12-24,felling_1998_control,-0.662,True,981,-9.56,-14.05,1.18,0.038,0.952
2019-12-24,rides,-0.662,True,432,-9.78,-14.51,0.97,0.06,0.968
2019-12-24,forest_edge_band,-0.662,True,1637,-9.24,-14.2,1.51,0.044,0.957
2019-12-24,closed_pine,-0.662,True,22397,-9.28,-13.93,1.46,0.033,0.969
2019-12-30,clearfell_2017,-0.66,True,395,-10.97,-16.05,1.26,0.02,0.729
2019-12-30,broadleaf_restock,-0.66,True,700,-8.44,-12.31,3.78,0.0,0.986
2019-12-30,felling_1998_control,-0.66,True,981,-10.23,-13.8,1.99,0.0,0.889
2019-12-30,rides,-0.66,True,432,-10.06,-14.22,2.16,0.028,0.866
2019-12-30,forest_edge_band,-0.66,True,1637,-9.84,-14.37,2.39,0.053,0.831
2019-12-30,closed_pine,-0.66,True,22397,-9.61,-13.65,2.61,0.007,0.92
2020-01-05,clearfell_2017,-0.639,True,395,-10.42,-15.57,1.59,0.038,0.899
2020-01-05,broadleaf_restock,-0.639,True,700,-8.37,-12.82,3.64,0.0,0.987
2020-01-05,felling_1998_control,-0.639,True,981,-9.59,-14.22,2.42,0.013,0.959
2020-01-05,rides,-0.639,True,432,-10.09,-14.86,1.91,0.056,0.882
2020-01-05,forest_edge_band,-0.639,True,1637,-9.75,-14.55,2.26,0.031,0.873
2020-01-05,closed_pine,-0.639,True,22397,-9.6,-14.14,2.4,0.013,0.915
2020-01-11,clearfell_2017,-0.614,True,395,-9.9,-15.83,1.79,0.0,0.987
2020-01-11,broadleaf_restock,-0.614,True,700,-8.11,-12.07,3.58,0.0,0.994
2020-01-11,felling_1998_control,-0.614,True,981,-9.62,-13.54,2.07,0.004,0.944
2020-01-11,rides,-0.614,True,432,-9.65,-13.84,2.04,0.037,0.894
2020-01-11,forest_edge_band,-0.614,True,1637,-9.4,-13.97,2.28,0.031,0.906
2020-01-11,closed_pine,-0.614,True,22397,-9.14,-13.4,2.55,0.007,0.957
2020-01-17,clearfell_2017,-0.589,True,395,-9.91,-14.65,1.02,0.015,0.97
2020-01-17,broadleaf_restock,-0.589,True,700,-8.03,-12.76,2.9,0.0,0.994
2020-01-17,felling_1998_control,-0.589,True,981,-9.82,-13.76,1.1,0.021,0.963
2020-01-17,rides,-0.589,True,432,-9.9,-14.28,1.02,0.067,0.921
2020-01-17,forest_edge_band,-0.589,True,1637,-9.05,-14.05,1.87,0.045,0.97
2020-01-17,closed_pine,-0.589,True,22397,-9.27,-13.79,1.65,0.026,0.962
2020-01-23,clearfell_2017,-0.564,True,395,-11.18,-16.75,1.36,0.008,0.699
2020-01-23,broadleaf_restock,-0.564,True,700,-8.48,-12.47,4.06,0.0,1.0
2020-01-23,felling_1998_control,-0.564,True,981,-10.05,-13.95,2.49,0.0,0.906
2020-01-23,rides,-0.564,True,432,-9.64,-13.93,2.9,0.005,0.887
2020-01-23,forest_edge_band,-0.564,True,1637,-9.52,-14.01,3.02,0.02,0.899
2020-01-23,closed_pine,-0.564,True,22397,-9.42,-13.61,3.13,0.005,0.926
2020-01-29,clearfell_2017,-0.538,True,395,-10.25,-16.75,1.52,0.005,0.906
2020-01-29,broadleaf_restock,-0.538,True,700,-8.22,-12.93,3.55,0.0,0.993
2020-01-29,felling_1998_control,-0.538,True,981,-9.89,-14.48,1.88,0.025,0.889
2020-01-29,rides,-0.538,True,432,-10.2,-14.81,1.57,0.042,0.854
2020-01-29,forest_edge_band,-0.538,True,1637,-9.54,-14.74,2.23,0.048,0.91
2020-01-29,closed_pine,-0.538,True,22397,-9.43,-14.09,2.34,0.014,0.933
2020-02-04,clearfell_2017,-0.489,True,395,-10.5,-16.5,1.21,0.003,0.878
2020-02-04,broadleaf_restock,-0.489,True,700,-8.4,-12.61,3.31,0.0,0.996
2020-02-04,felling_1998_control,-0.489,True,981,-9.4,-13.69,2.31,0.0,0.96
2020-02-04,rides,-0.489,True,432,-9.73,-14.45,1.98,0.035,0.924
2020-02-04,forest_edge_band,-0.489,True,1637,-9.65,-14.16,2.06,0.055,0.894
2020-02-04,closed_pine,-0.489,True,22397,-9.16,-13.67,2.55,0.009,0.946
2020-02-10,clearfell_2017,-0.428,True,395,-10.12,-16.62,1.71,0.003,0.904
2020-02-10,broadleaf_restock,-0.428,True,700,-8.24,-12.86,3.6,0.0,0.991
2020-02-10,felling_1998_control,-0.428,True,981,-9.94,-14.73,1.89,0.005,0.917
2020-02-10,rides,-0.428,True,432,-9.96,-14.44,1.88,0.028,0.912
2020-02-10,forest_edge_band,-0.428,True,1637,-9.55,-14.53,2.28,0.053,0.911
2020-02-10,closed_pine,-0.428,True,22397,-9.42,-14.06,2.41,0.01,0.941
2020-02-16,clearfell_2017,-0.367,True,395,-9.55,-14.83,1.02,0.035,0.972
2020-02-16,broadleaf_restock,-0.367,True,700,-7.91,-12.29,2.66,0.0,0.991
2020-02-16,felling_1998_control,-0.367,True,981,-9.37,-13.57,1.2,0.013,0.968
2020-02-16,rides,-0.367,True,432,-9.48,-13.74,1.09,0.074,0.963
2020-02-16,forest_edge_band,-0.367,True,1637,-9.03,-13.79,1.55,0.064,0.963
2020-02-16,closed_pine,-0.367,True,22397,-8.9,-13.41,1.67,0.025,0.981
2020-02-22,clearfell_2017,-0.306,True,395,-10.2,-15.75,1.48,0.005,0.825
2020-02-22,broadleaf_restock,-0.306,True,700,-8.24,-12.96,3.44,0.0,0.997
2020-02-22,felling_1998_control,-0.306,True,981,-9.86,-13.81,1.81,0.012,0.912
2020-02-22,rides,-0.306,True,432,-9.57,-14.25,2.1,0.021,0.919
2020-02-22,forest_edge_band,-0.306,True,1637,-9.33,-14.42,2.34,0.047,0.906
2020-02-22,closed_pine,-0.306,True,22397,-9.02,-13.65,2.65,0.009,0.959
2020-02-28,clearfell_2017,-0.245,True,395,-10.65,-16.68,1.38,0.0,0.894
2020-02-28,broadleaf_restock,-0.245,True,700,-8.41,-12.57,3.62,0.0,0.991
2020-02-28,felling_1998_control,-0.245,True,981,-9.5,-13.84,2.54,0.001,0.915
2020-02-28,rides,-0.245,True,432,-9.83,-14.6,2.2,0.019,0.838
2020-02-28,forest_edge_band,-0.245,True,1637,-9.25,-14.3,2.78,0.032,0.932
2020-02-28,closed_pine,-0.245,True,22397,-9.51,-13.89,2.53,0.01,0.929
2020-03-05,clearfell_2017,-0.27,True,395,-12.62,-18.96,0.67,0.015,0.324
2020-03-05,broadleaf_restock,-0.27,True,700,-8.54,-13.72,4.75,0.001,0.997
2020-03-05,felling_1998_control,-0.27,True,981,-10.53,-15.07,2.76,0.002,0.75
2020-03-05,rides,-0.27,True,432,-10.42,-15.48,2.87,0.016,0.794
2020-03-05,forest_edge_band,-0.27,True,1637,-10.27,-15.54,3.02,0.041,0.807
2020-03-05,closed_pine,-0.27,True,22397,-10.04,-14.73,3.25,0.005,0.859
2020-03-11,clearfell_2017,-0.311,True,395,-10.31,-16.44,1.46,0.013,0.861
2020-03-11,broadleaf_restock,-0.311,True,700,-7.92,-12.47,3.85,0.0,0.989
2020-03-11,felling_1998_control,-0.311,True,981,-9.56,-13.51,2.21,0.007,0.959
2020-03-11,rides,-0.311,True,432,-9.68,-14.29,2.09,0.03,0.928
2020-03-11,forest_edge_band,-0.311,True,1637,-9.04,-14.58,2.73,0.035,0.932
2020-03-11,closed_pine,-0.311,True,22397,-9.06,-13.47,2.71,0.009,0.96
2020-03-17,clearfell_2017,-0.353,True,395,-10.32,-15.68,0.97,0.025,0.873
2020-03-17,broadleaf_restock,-0.353,True,700,-7.63,-12.3,3.65,0.0,0.991
2020-03-17,felling_1998_control,-0.353,True,981,-9.53,-13.86,1.75,0.009,0.962
2020-03-17,rides,-0.353,True,432,-9.92,-13.96,1.37,0.056,0.905
2020-03-17,forest_edge_band,-0.353,True,1637,-9.19,-13.96,2.1,0.044,0.932
2020-03-17,closed_pine,-0.353,True,22397,-9.17,-13.45,2.11,0.015,0.953
2020-03-23,clearfell_2017,-0.395,True,395,-13.38,-19.17,-0.34,0.078,0.235
2020-03-23,broadleaf_restock,-0.395,True,700,-8.68,-13.04,4.35,0.0,0.984
2020-03-23,felling_1998_control,-0.395,True,981,-10.39,-14.74,2.64,0.013,0.809
2020-03-23,rides,-0.395,True,432,-10.33,-14.85,2.71,0.023,0.801
2020-03-23,forest_edge_band,-0.395,True,1637,-10.09,-14.95,2.95,0.037,0.78
2020-03-23,closed_pine,-0.395,True,22397,-9.79,-14.18,3.25,0.004,0.895
2020-03-29,clearfell_2017,-0.436,True,395,-13.31,-19.52,-0.38,0.248,0.428
2020-03-29,broadleaf_restock,-0.436,True,700,-8.94,-13.0,3.99,0.0,0.967
2020-03-29,felling_1998_control,-0.436,True,981,-10.21,-14.83,2.72,0.006,0.828
2020-03-29,rides,-0.436,True,432,-10.68,-15.36,2.25,0.021,0.792
2020-03-29,forest_edge_band,-0.436,True,1637,-10.27,-14.81,2.66,0.056,0.795
2020-03-29,closed_pine,-0.436,True,22397,-9.87,-14.59,3.06,0.007,0.878
2020-04-04,clearfell_2017,-0.477,False,395,-13.46,-19.1,-0.42,0.144,0.261
2020-04-04,broadleaf_restock,-0.477,False,700,-8.44,-12.78,4.6,0.0,0.974
2020-04-04,felling_1998_control,-0.477,False,981,-10.29,-14.16,2.75,0.006,0.806
2020-04-04,rides,-0.477,False,432,-10.42,-14.69,2.62,0.0,0.748
2020-04-04,forest_edge_band,-0.477,False,1637,-9.99,-14.77,3.05,0.034,0.808
2020-04-04,closed_pine,-0.477,False,22397,-9.85,-14.11,3.19,0.007,0.869
2020-04-10,clearfell_2017,-0.518,False,395,-13.91,-19.75,-0.6,0.235,0.311
2020-04-10,broadleaf_restock,-0.518,False,700,-8.61,-13.22,4.69,0.0,0.991
2020-04-10,felling_1998_control,-0.518,False,981,-10.21,-14.51,3.1,0.001,0.832
2020-04-10,rides,-0.518,False,432,-10.62,-14.88,2.68,0.012,0.75
2020-04-10,forest_edge_band,-0.518,False,1637,-10.31,-15.4,3.0,0.039,0.777
2020-04-10,closed_pine,-0.518,False,22397,-9.84,-14.34,3.47,0.005,0.866
2020-04-16,clearfell_2017,-0.559,False,395,-13.97,-18.78,-0.54,0.261,0.349
2020-04-16,broadleaf_restock,-0.559,False,700,-8.58,-12.98,4.85,0.0,0.993
2020-04-16,felling_1998_control,-0.559,False,981,-9.94,-14.37,3.49,0.0,0.872
2020-04-16,rides,-0.559,False,432,-10.3,-14.87,3.13,0.0,0.701
2020-04-16,forest_edge_band,-0.559,False,1637,-10.02,-14.65,3.41,0.013,0.825
2020-04-16,closed_pine,-0.559,False,22397,-10.02,-14.33,3.41,0.003,0.857
2020-04-22,clearfell_2017,-0.6,False,395,-14.16,-19.5,-0.73,0.246,0.294
2020-04-22,broadleaf_restock,-0.6,False,700,-8.6,-13.92,4.84,0.0,0.983
2020-04-22,felling_1998_control,-0.6,False,981,-10.3,-14.55,3.13,0.0,0.807
2020-04-22,rides,-0.6,False,432,-10.54,-15.04,2.89,0.014,0.743
2020-04-22,forest_edge_band,-0.6,False,1637,-10.58,-15.32,2.85,0.02,0.727
2020-04-22,closed_pine,-0.6,False,22397,-10.16,-14.62,3.27,0.005,0.845
2020-04-28,clearfell_2017,-0.641,False,395,-13.59,-18.46,-0.4,0.132,0.167
2020-04-28,broadleaf_restock,-0.641,False,700,-8.81,-13.95,4.38,0.001,0.97
2020-04-28,felling_1998_control,-0.641,False,981,-10.24,-14.47,2.94,0.003,0.827
2020-04-28,rides,-0.641,False,432,-10.52,-15.27,2.67,0.007,0.769
2020-04-28,forest_edge_band,-0.641,False,1637,-10.18,-14.99,3.01,0.034,0.779
2020-04-28,closed_pine,-0.641,False,22397,-9.83,-14.26,3.36,0.005,0.874
2020-05-04,clearfell_2017,-0.683,False,395,-13.98,-19.22,-0.67,0.218,0.281
2020-05-04,broadleaf_restock,-0.683,False,700,-8.89,-14.34,4.42,0.0,0.98
2020-05-04,felling_1998_control,-0.683,False,981,-10.33,-14.67,2.98,0.004,0.791
2020-05-04,rides,-0.683,False,432,-10.71,-15.54,2.6,0.007,0.731
2020-05-04,forest_edge_band,-0.683,False,1637,-10.19,-15.22,3.12,0.038,0.818
2020-05-04,closed_pine,-0.683,False,22397,-10.12,-14.68,3.2,0.004,0.844
2020-05-10,clearfell_2017,-0.724,False,395,-13.86,-18.48,-0.89,0.278,0.392
2020-05-10,broadleaf_restock,-0.724,False,700,-8.69,-13.68,4.28,0.0,0.986
2020-05-10,felling_1998_control,-0.724,False,981,-9.89,-13.83,3.08,0.0,0.893
2020-05-10,rides,-0.724,False,432,-10.15,-14.82,2.82,0.0,0.847
2020-05-10,forest_edge_band,-0.724,False,1637,-9.63,-14.44,3.34,0.018,0.869
2020-05-10,closed_pine,-0.724,False,22397,-9.52,-14.21,3.45,0.004,0.91
2020-05-16,clearfell_2017,-0.766,False,395,-14.52,-19.29,-1.06,0.337,0.392
2020-05-16,broadleaf_restock,-0.766,False,700,-9.05,-13.72,4.41,0.0,0.99
2020-05-16,felling_1998_control,-0.766,False,981,-9.77,-14.52,3.69,0.003,0.876
2020-05-16,rides,-0.766,False,432,-10.45,-14.99,3.01,0.002,0.755
2020-05-16,forest_edge_band,-0.766,False,1637,-9.98,-14.95,3.48,0.015,0.8
2020-05-16,closed_pine,-0.766,False,22397,-9.91,-14.67,3.55,0.003,0.867
2020-05-22,clearfell_2017,-0.808,False,395,-9.55,-16.06,1.52,0.0,0.977
2020-05-22,broadleaf_restock,-0.808,False,700,-8.27,-12.93,2.79,0.0,1.0
2020-05-22,felling_1998_control,-0.808,False,981,-9.2,-13.44,1.86,0.008,0.98
2020-05-22,rides,-0.808,False,432,-9.52,-13.84,1.54,0.023,0.931
2020-05-22,forest_edge_band,-0.808,False,1637,-9.02,-14.01,2.04,0.031,0.965
2020-05-22,closed_pine,-0.808,False,22397,-8.92,-13.38,2.14,0.014,0.976
2020-05-28,clearfell_2017,-0.849,False,395,-14.33,-19.6,-1.12,0.329,0.372
2020-05-28,broadleaf_restock,-0.849,False,700,-8.46,-13.91,4.75,0.0,0.991
2020-05-28,felling_1998_control,-0.849,False,981,-9.92,-14.38,3.29,0.0,0.895
2020-05-28,rides,-0.849,False,432,-10.31,-15.41,2.9,0.0,0.78
2020-05-28,forest_edge_band,-0.849,False,1637,-9.87,-14.93,3.34,0.032,0.803
2020-05-28,closed_pine,-0.849,False,22397,-9.68,-14.31,3.53,0.003,0.899
2020-06-03,clearfell_2017,-0.882,False,395,-10.18,-15.93,0.67,0.048,0.911
2020-06-03,broadleaf_restock,-0.882,False,700,-7.76,-13.34,3.08,0.0,1.0
2020-06-03,felling_1998_control,-0.882,False,981,-9.31,-13.63,1.54,0.002,0.983
2020-06-03,rides,-0.882,False,432,-9.3,-14.32,1.55,0.023,0.954
2020-06-03,forest_edge_band,-0.882,False,1637,-8.66,-13.72,2.19,0.038,0.957
2020-06-03,closed_pine,-0.882,False,22397,-9.02,-13.75,1.83,0.023,0.971
2020-06-09,clearfell_2017,-0.906,False,395,-14.12,-20.21,-0.87,0.306,0.395
2020-06-09,broadleaf_restock,-0.906,False,700,-9.05,-14.52,4.19,0.0,0.977
2020-06-09,felling_1998_control,-0.906,False,981,-10.18,-14.61,3.07,0.0,0.884
2020-06-09,rides,-0.906,False,432,-10.26,-15.27,2.99,0.016,0.771
2020-06-09,forest_edge_band,-0.906,False,1637,-9.98,-14.98,3.27,0.018,0.783
2020-06-09,closed_pine,-0.906,False,22397,-9.8,-14.48,3.45,0.004,0.878
2020-06-15,clearfell_2017,-0.93,False,395,-11.18,-16.59,-0.2,0.066,0.785
2020-06-15,broadleaf_restock,-0.93,False,700,-7.61,-12.83,3.36,0.0,0.999
2020-06-15,felling_1998_control,-0.93,False,981,-9.17,-13.55,1.8,0.006,0.983
2020-06-15,rides,-0.93,False,432,-9.53,-14.17,1.44,0.03,0.947
2020-06-15,forest_edge_band,-0.93,False,1637,-8.79,-13.93,2.18,0.04,0.957
2020-06-15,closed_pine,-0.93,False,22397,-9.01,-13.68,1.96,0.018,0.966
2020-06-21,clearfell_2017,-0.954,False,395,-10.31,-16.23,1.04,0.013,0.901
2020-06-21,broadleaf_restock,-0.954,False,700,-8.51,-13.55,2.84,0.0,0.996
2020-06-21,felling_1998_control,-0.954,False,981,-9.35,-14.38,2.0,0.008,0.943
2020-06-21,rides,-0.954,False,432,-9.73,-14.6,1.62,0.032,0.912
2020-06-21,forest_edge_band,-0.954,False,1637,-9.33,-14.54,2.02,0.034,0.924
2020-06-21,closed_pine,-0.954,False,22397,-9.08,-13.9,2.26,0.015,0.951
2020-06-27,clearfell_2017,-0.978,False,395,-9.32,-15.64,1.21,0.035,0.97
2020-06-27,broadleaf_restock,-0.978,False,700,-8.25,-13.05,2.29,0.0,0.997
2020-06-27,felling_1998_control,-0.978,False,981,-9.1,-13.1,1.43,0.003,0.984
2020-06-27,rides,-0.978,False,432,-9.25,-13.74,1.28,0.03,0.965
2020-06-27,forest_edge_band,-0.978,False,1637,-8.5,-13.43,2.04,0.031,0.982
2020-06-27,closed_pine,-0.978,False,22397,-8.77,-13.32,1.77,0.022,0.984
2020-07-03,clearfell_2017,-0.99,False,395,-9.25,-15.65,1.04,0.0,1.0
2020-07-03,broadleaf_restock,-0.99,False,700,-7.72,-13.68,2.58,0.01,1.0
2020-07-03,felling_1998_control,-0.99,False,981,-9.46,-14.01,0.83,0.036,0.99
2020-07-03,rides,-0.99,False,432,-9.42,-14.53,0.87,0.093,0.977
2020-07-03,forest_edge_band,-0.99,False,1637,-8.54,-13.93,1.75,0.054,0.988
2020-07-03,closed_pine,-0.99,False,22397,-8.81,-13.83,1.49,0.034,0.991
2020-07-09,clearfell_2017,-0.99,False,395,-9.06,-14.98,1.13,0.023,0.995
2020-07-09,broadleaf_restock,-0.99,False,700,-7.62,-12.89,2.57,0.0,1.0
2020-07-09,felling_1998_control,-0.99,False,981,-8.96,-13.14,1.23,0.006,0.993
2020-07-09,rides,-0.99,False,432,-8.92,-13.79,1.27,0.037,1.0
2020-07-09,forest_edge_band,-0.99,False,1637,-8.63,-13.02,1.56,0.043,0.994
2020-07-09,closed_pine,-0.99,False,22397,-8.52,-13.16,1.68,0.02,0.998
2020-07-15,clearfell_2017,-0.99,False,395,-9.98,-15.92,0.57,0.043,0.959
2020-07-15,broadleaf_restock,-0.99,False,700,-7.59,-13.44,2.96,0.0,1.0
2020-07-15,felling_1998_control,-0.99,False,981,-9.42,-13.96,1.13,0.03,0.981
2020-07-15,rides,-0.99,False,432,-9.49,-14.36,1.06,0.088,0.968
2020-07-15,forest_edge_band,-0.99,False,1637,-8.78,-13.95,1.77,0.054,0.965
2020-07-15,closed_pine,-0.99,False,22397,-8.91,-13.77,1.64,0.028,0.983
2020-07-21,clearfell_2017,-0.99,False,395,-13.7,-19.45,-1.56,0.466,0.61
2020-07-21,broadleaf_restock,-0.99,False,700,-8.31,-13.67,3.83,0.0,0.996
2020-07-21,felling_1998_control,-0.99,False,981,-9.86,-14.01,2.28,0.007,0.897
2020-07-21,rides,-0.99,False,432,-9.74,-14.49,2.4,0.016,0.882
2020-07-21,forest_edge_band,-0.99,False,1637,-9.58,-14.31,2.56,0.047,0.877
2020-07-21,closed_pine,-0.99,False,22397,-9.43,-13.97,2.72,0.01,0.93
2020-07-27,clearfell_2017,-0.99,False,395,-8.94,-15.3,0.56,0.086,1.0
2020-07-27,broadleaf_restock,-0.99,False,700,-7.41,-12.76,2.09,0.0,1.0
2020-07-27,felling_1998_control,-0.99,False,981,-9.08,-13.99,0.42,0.075,1.0
2020-07-27,rides,-0.99,False,432,-9.05,-13.67,0.45,0.13,1.0
2020-07-27,forest_edge_band,-0.99,False,1637,-8.41,-13.32,1.09,0.059,1.0
2020-07-27,closed_pine,-0.99,False,22397,-8.49,-13.35,1.01,0.057,1.0
2020-08-02,clearfell_2017,-0.97,False,395,-12.5,-18.66,-0.73,0.205,0.478
2020-08-02,broadleaf_restock,-0.97,False,700,-8.3,-13.47,3.46,0.001,0.996
2020-08-02,felling_1998_control,-0.97,False,981,-9.62,-13.86,2.14,0.008,0.952
2020-08-02,rides,-0.97,False,432,-9.69,-14.78,2.08,0.023,0.861
2020-08-02,forest_edge_band,-0.97,False,1637,-9.3,-14.19,2.46,0.048,0.914
2020-08-02,closed_pine,-0.97,False,22397,-9.35,-13.93,2.41,0.01,0.935
2020-08-08,clearfell_2017,-0.91,False,395,-12.73,-18.66,-0.59,0.17,0.367
2020-08-08,broadleaf_restock,-0.91,False,700,-8.45,-13.9,3.69,0.0,0.989
2020-08-08,felling_1998_control,-0.91,False,981,-10.42,-14.1,1.72,0.004,0.864
2020-08-08,rides,-0.91,False,432,-10.04,-15.04,2.09,0.016,0.852
2020-08-08,forest_edge_band,-0.91,False,1637,-9.57,-14.74,2.57,0.035,0.873
2020-08-08,closed_pine,-0.91,False,22397,-9.45,-14.2,2.69,0.009,0.915
2020-08-14,clearfell_2017,-0.85,False,395,-13.55,-18.65,-1.57,0.443,0.562
2020-08-14,broadleaf_restock,-0.85,False,700,-8.45,-12.94,3.53,0.0,0.991
2020-08-14,felling_1998_control,-0.85,False,981,-10.06,-13.89,1.92,0.009,0.9
2020-08-14,rides,-0.85,False,432,-10.01,-14.61,1.97,0.03,0.854
2020-08-14,forest_edge_band,-0.85,False,1637,-9.49,-13.94,2.49,0.043,0.903
2020-08-14,closed_pine,-0.85,False,22397,-9.53,-13.73,2.45,0.011,0.922
2020-08-20,clearfell_2017,-0.79,False,395,-10.35,-17.02,0.83,0.091,0.937
2020-08-20,broadleaf_restock,-0.79,False,700,-7.91,-13.23,3.27,0.0,0.999
2020-08-20,felling_1998_control,-0.79,False,981,-9.74,-13.79,1.44,0.015,0.954
2020-08-20,rides,-0.79,False,432,-9.7,-14.24,1.49,0.06,0.944
2020-08-20,forest_edge_band,-0.79,False,1637,-9.02,-14.12,2.16,0.032,0.961
2020-08-20,closed_pine,-0.79,False,22397,-9.05,-13.71,2.13,0.012,0.963
2020-08-26,clearfell_2017,-0.73,False,395,-10.27,-17.04,0.96,0.043,0.853
2020-08-26,broadleaf_restock,-0.73,False,700,-7.9,-13.3,3.33,0.003,0.993
2020-08-26,felling_1998_control,-0.73,False,981,-9.48,-13.83,1.75,0.0,0.948
2020-08-26,rides,-0.73,False,432,-9.02,-14.13,2.21,0.012,0.928
2020-08-26,forest_edge_band,-0.73,False,1637,-9.16,-13.93,2.07,0.035,0.96
2020-08-26,closed_pine,-0.73,False,22397,-8.84,-13.54,2.39,0.012,0.969
2020-09-07,clearfell_2017,-0.696,False,395,-11.51,-18.25,0.36,0.078,0.648
2020-09-07,broadleaf_restock,-0.696,False,700,-8.3,-13.53,3.57,0.0,0.999
2020-09-07,felling_1998_control,-0.696,False,981,-9.5,-14.21,2.37,0.009,0.932
2020-09-07,rides,-0.696,False,432,-9.76,-14.79,2.11,0.03,0.905
2020-09-07,forest_edge_band,-0.696,False,1637,-9.36,-14.56,2.51,0.035,0.915
2020-09-07,closed_pine,-0.696,False,22397,-9.26,-13.97,2.61,0.009,0.947
2020-09-13,clearfell_2017,-0.71,False,395,-12.42,-18.68,-0.08,0.119,0.39
2020-09-13,broadleaf_restock,-0.71,False,700,-8.32,-13.37,4.03,0.0,1.0
2020-09-13,felling_1998_control,-0.71,False,981,-10.0,-14.18,2.35,0.002,0.902
2020-09-13,rides,-0.71,False,432,-9.82,-14.84,2.53,0.03,0.87
2020-09-13,forest_edge_band,-0.71,False,1637,-9.43,-14.52,2.91,0.055,0.901
2020-09-13,closed_pine,-0.71,False,22397,-9.35,-14.09,3.0,0.006,0.931
2020-09-19,clearfell_2017,-0.724,False,395,-13.4,-19.05,-0.84,0.218,0.342
2020-09-19,broadleaf_restock,-0.724,False,700,-8.37,-13.57,4.19,0.0,0.991
2020-09-19,felling_1998_control,-0.724,False,981,-10.22,-14.36,2.33,0.004,0.863
2020-09-19,rides,-0.724,False,432,-10.18,-14.78,2.37,0.021,0.829
2020-09-19,forest_edge_band,-0.724,False,1637,-9.93,-14.51,2.63,0.019,0.837
2020-09-19,closed_pine,-0.724,False,22397,-9.85,-14.27,2.71,0.008,0.881
2020-09-25,clearfell_2017,-0.738,False,395,-10.43,-17.6,1.11,0.033,0.886
2020-09-25,broadleaf_restock,-0.738,False,700,-8.31,-13.71,3.23,0.0,1.0
2020-09-25,felling_1998_control,-0.738,False,981,-10.15,-14.77,1.39,0.017,0.894
2020-09-25,rides,-0.738,False,432,-9.89,-15.03,1.64,0.072,0.877
2020-09-25,forest_edge_band,-0.738,False,1637,-9.2,-14.76,2.34,0.038,0.921
2020-09-25,closed_pine,-0.738,False,22397,-9.56,-14.43,1.98,0.017,0.928
2020-10-01,clearfell_2017,-0.742,False,395,-10.04,-16.55,1.24,0.046,0.894
2020-10-01,broadleaf_restock,-0.742,False,700,-7.92,-12.75,3.35,0.0,0.996
2020-10-01,felling_1998_control,-0.742,False,981,-9.66,-13.9,1.62,0.017,0.917
2020-10-01,rides,-0.742,False,432,-9.52,-14.08,1.76,0.044,0.926
2020-10-01,forest_edge_band,-0.742,False,1637,-8.99,-13.73,2.28,0.035,0.94
2020-10-01,closed_pine,-0.742,False,22397,-9.25,-13.55,2.03,0.015,0.953
2020-10-13,clearfell_2017,-0.641,False,395,-9.92,-16.45,0.99,0.018,0.962
2020-10-13,broadleaf_restock,-0.641,False,700,-8.43,-12.8,2.48,0.0,0.999
2020-10-13,felling_1998_control,-0.641,False,981,-9.72,-14.12,1.19,0.017,0.956
2020-10-13,rides,-0.641,False,432,-9.6,-14.21,1.31,0.069,0.94
2020-10-13,forest_edge_band,-0.641,False,1637,-8.88,-13.76,2.03,0.035,0.96
2020-10-13,closed_pine,-0.641,False,22397,-9.28,-13.8,1.63,0.027,0.957
2020-10-19,clearfell_2017,-0.591,False,395,-12.77,-19.52,0.02,0.091,0.301
2020-10-19,broadleaf_restock,-0.591,False,700,-8.79,-13.05,3.99,0.0,1.0
2020-10-19,felling_1998_control,-0.591,False,981,-10.12,-14.76,2.67,0.002,0.864
2020-10-19,rides,-0.591,False,432,-10.26,-14.87,2.53,0.028,0.775
2020-10-19,forest_edge_band,-0.591,False,1637,-10.05,-14.5,2.73,0.023,0.815
2020-10-19,closed_pine,-0.591,False,22397,-9.67,-14.21,3.11,0.006,0.9
2020-10-25,clearfell_2017,-0.54,False,395,-9.99,-16.41,1.07,0.0,0.965
2020-10-25,broadleaf_restock,-0.54,False,700,-7.67,-12.22,3.39,0.0,1.0
2020-10-25,felling_1998_control,-0.54,False,981,-9.53,-13.7,1.53,0.002,0.964
2020-10-25,rides,-0.54,False,432,-9.19,-13.89,1.87,0.007,0.942
2020-10-25,forest_edge_band,-0.54,False,1637,-8.73,-13.58,2.33,0.037,0.975
2020-10-25,closed_pine,-0.54,False,22397,-8.83,-13.4,2.23,0.013,0.976
2020-10-31,clearfell_2017,-0.49,False,395,-9.88,-16.25,1.3,0.0,0.97
2020-10-31,broadleaf_restock,-0.49,False,700,-7.49,-12.53,3.7,0.0,0.986
2020-10-31,felling_1998_control,-0.49,False,981,-9.18,-13.63,2.01,0.004,0.972
2020-10-31,rides,-0.49,False,432,-9.13,-13.92,2.06,0.021,0.921
2020-10-31,forest_edge_band,-0.49,False,1637,-8.72,-13.87,2.47,0.015,0.966
2020-10-31,closed_pine,-0.49,False,22397,-8.78,-13.26,2.41,0.009,0.973
2020-11-06,clearfell_2017,-0.47,True,395,-11.1,-18.02,1.33,0.018,0.742
2020-11-06,broadleaf_restock,-0.47,True,700,-8.29,-12.58,4.13,0.0,0.999
2020-11-06,felling_1998_control,-0.47,True,981,-10.01,-14.44,2.42,0.001,0.93
2020-11-06,rides,-0.47,True,432,-9.79,-14.41,2.64,0.002,0.856
2020-11-06,forest_edge_band,-0.47,True,1637,-9.44,-14.37,2.98,0.027,0.86
2020-11-06,closed_pine,-0.47,True,22397,-9.6,-13.94,2.83,0.007,0.91
2020-11-12,clearfell_2017,-0.45,True,395,-10.68,-17.78,1.18,0.013,0.825
2020-11-12,broadleaf_restock,-0.45,True,700,-8.27,-12.53,3.59,0.0,1.0
2020-11-12,felling_1998_control,-0.45,True,981,-9.81,-14.25,2.05,0.004,0.911
2020-11-12,rides,-0.45,True,432,-9.79,-14.65,2.07,0.019,0.863
2020-11-12,forest_edge_band,-0.45,True,1637,-9.54,-14.5,2.32,0.015,0.893
2020-11-12,closed_pine,-0.45,True,22397,-9.31,-14.0,2.55,0.009,0.943
2020-11-18,clearfell_2017,-0.43,True,395,-10.75,-17.0,1.05,0.0,0.838
2020-11-18,broadleaf_restock,-0.43,True,700,-8.0,-12.17,3.79,0.0,0.987
2020-11-18,felling_1998_control,-0.43,True,981,-9.57,-13.89,2.22,0.001,0.945
2020-11-18,rides,-0.43,True,432,-8.95,-14.02,2.85,0.002,0.949
2020-11-18,forest_edge_band,-0.43,True,1637,-9.04,-13.9,2.75,0.012,0.911
2020-11-18,closed_pine,-0.43,True,22397,-8.99,-13.37,2.81,0.007,0.964
2020-11-24,clearfell_2017,-0.41,True,395,-11.22,-17.54,0.93,0.003,0.666
2020-11-24,broadleaf_restock,-0.41,True,700,-7.99,-12.26,4.16,0.0,1.0
2020-11-24,felling_1998_control,-0.41,True,981,-9.76,-14.12,2.39,0.004,0.946
2020-11-24,rides,-0.41,True,432,-9.61,-14.32,2.54,0.014,0.894
2020-11-24,forest_edge_band,-0.41,True,1637,-9.57,-14.22,2.58,0.027,0.882
2020-11-24,closed_pine,-0.41,True,22397,-9.24,-13.84,2.9,0.006,0.941
2020-11-30,clearfell_2017,-0.39,True,395,-11.19,-17.53,1.13,0.023,0.706
2020-11-30,broadleaf_restock,-0.39,True,700,-8.17,-12.37,4.15,0.0,1.0
2020-11-30,felling_1998_control,-0.39,True,981,-9.55,-14.14,2.77,0.0,0.949
2020-11-30,rides,-0.39,True,432,-9.57,-14.11,2.75,0.016,0.873
2020-11-30,forest_edge_band,-0.39,True,1637,-9.47,-14.01,2.85,0.029,0.866
2020-11-30,closed_pine,-0.39,True,22397,-9.33,-13.65,2.99,0.004,0.932
2020-12-06,clearfell_2017,-0.332,True,395,-13.0,-20.0,0.54,0.046,0.253
2020-12-06,broadleaf_restock,-0.332,True,700,-8.49,-12.88,5.06,0.0,0.994
2020-12-06,felling_1998_control,-0.332,True,981,-10.95,-15.19,2.6,0.0,0.741
2020-12-06,rides,-0.332,True,432,-10.7,-14.96,2.84,0.007,0.72
2020-12-06,forest_edge_band,-0.332,True,1637,-10.06,-14.95,3.48,0.024,0.812
2020-12-06,closed_pine,-0.332,True,22397,-9.75,-14.3,3.79,0.004,0.869
2020-12-12,clearfell_2017,-0.274,True,395,-10.11,-16.17,1.49,0.008,0.856
2020-12-12,broadleaf_restock,-0.274,True,700,-8.36,-12.53,3.24,0.0,0.997
2020-12-12,felling_1998_control,-0.274,True,981,-9.54,-13.7,2.06,0.009,0.964
2020-12-12,rides,-0.274,True,432,-9.65,-13.97,1.95,0.035,0.907
2020-12-12,forest_edge_band,-0.274,True,1637,-8.92,-13.84,2.67,0.029,0.947
2020-12-12,closed_pine,-0.274,True,22397,-9.1,-13.48,2.49,0.009,0.952
2020-12-18,clearfell_2017,-0.216,True,395,-9.99,-16.05,1.13,0.018,0.937
2020-12-18,broadleaf_restock,-0.216,True,700,-7.72,-12.09,3.39,0.0,0.991
2020-12-18,felling_1998_control,-0.216,True,981,-9.35,-13.75,1.77,0.004,0.975
2020-12-18,rides,-0.216,True,432,-9.39,-13.9,1.73,0.025,0.905
2020-12-18,forest_edge_band,-0.216,True,1637,-8.77,-13.53,2.35,0.043,0.973
2020-12-18,closed_pine,-0.216,True,22397,-8.64,-13.2,2.48,0.012,0.975
2020-12-24,clearfell_2017,-0.158,True,395,-10.19,-15.77,1.09,0.0,0.954
2020-12-24,broadleaf_restock,-0.158,True,700,-8.19,-12.15,3.09,0.0,1.0
2020-12-24,felling_1998_control,-0.158,True,981,-9.63,-13.72,1.65,0.003,0.949
2020-12-24,rides,-0.158,True,432,-9.35,-13.96,1.94,0.019,0.905
2020-12-24,forest_edge_band,-0.158,True,1637,-8.87,-13.6,2.41,0.026,0.956
2020-12-24,closed_pine,-0.158,True,22397,-9.29,-13.52,2.0,0.016,0.947
2021-01-05,clearfell_2017,-0.08,True,395,-10.87,-17.82,1.44,0.005,0.79
2021-01-05,broadleaf_restock,-0.08,True,700,-8.37,-12.49,3.94,0.0,0.993
2021-01-05,felling_1998_control,-0.08,True,981,-10.29,-14.26,2.02,0.0,0.882
2021-01-05,rides,-0.08,True,432,-10.03,-14.12,2.27,0.012,0.845
2021-01-05,forest_edge_band,-0.08,True,1637,-9.49,-14.14,2.82,0.027,0.882
2021-01-05,closed_pine,-0.08,True,22397,-9.65,-13.84,2.66,0.01,0.907
2021-01-11,clearfell_2017,-0.069,True,395,-10.16,-17.63,1.83,0.018,0.853
2021-01-11,broadleaf_restock,-0.069,True,700,-7.87,-12.66,4.12,0.0,1.0
2021-01-11,felling_1998_control,-0.069,True,981,-9.95,-14.37,2.04,0.003,0.91
2021-01-11,rides,-0.069,True,432,-9.73,-14.72,2.26,0.007,0.863
2021-01-11,forest_edge_band,-0.069,True,1637,-9.43,-14.42,2.56,0.032,0.911
2021-01-11,closed_pine,-0.069,True,22397,-9.29,-13.92,2.71,0.008,0.94
2021-01-17,clearfell_2017,-0.057,True,395,-10.38,-17.2,1.41,0.0,0.919
2021-01-17,broadleaf_restock,-0.057,True,700,-8.14,-12.46,3.65,0.0,1.0
2021-01-17,felling_1998_control,-0.057,True,981,-9.71,-13.83,2.08,0.002,0.923
2021-01-17,rides,-0.057,True,432,-9.62,-14.07,2.17,0.016,0.854
2021-01-17,forest_edge_band,-0.057,True,1637,-9.17,-13.85,2.62,0.026,0.953
2021-01-17,closed_pine,-0.057,True,22397,-9.17,-13.49,2.62,0.008,0.944
2021-01-23,clearfell_2017,-0.045,True,395,-12.24,-19.26,0.53,0.071,0.453
2021-01-23,broadleaf_restock,-0.045,True,700,-8.42,-12.95,4.35,0.0,1.0
2021-01-23,felling_1998_control,-0.045,True,981,-10.3,-14.57,2.47,0.0,0.803
2021-01-23,rides,-0.045,True,432,-10.1,-14.94,2.67,0.007,0.812
2021-01-23,forest_edge_band,-0.045,True,1637,-9.9,-14.62,2.87,0.013,0.871
2021-01-23,closed_pine,-0.045,True,22397,-9.56,-14.11,3.21,0.006,0.91
2021-01-29,clearfell_2017,-0.034,True,395,-10.19,-16.16,1.19,0.003,0.851
2021-01-29,broadleaf_restock,-0.034,True,700,-7.85,-11.63,3.52,0.0,0.991
2021-01-29,felling_1998_control,-0.034,True,981,-9.24,-13.67,2.14,0.004,0.971
2021-01-29,rides,-0.034,True,432,-9.35,-13.56,2.03,0.023,0.926
2021-01-29,forest_edge_band,-0.034,True,1637,-9.06,-13.29,2.32,0.015,0.944
2021-01-29,closed_pine,-0.034,True,22397,-8.86,-13.05,2.52,0.01,0.969
2021-02-04,clearfell_2017,-0.021,True,395,-9.91,-16.47,1.37,0.005,0.914
2021-02-04,broadleaf_restock,-0.021,True,700,-7.89,-12.32,3.39,0.0,0.993
2021-02-04,felling_1998_control,-0.021,True,981,-9.43,-13.99,1.85,0.002,0.961
2021-02-04,rides,-0.021,True,432,-9.46,-14.11,1.82,0.049,0.938
2021-02-04,forest_edge_band,-0.021,True,1637,-8.85,-13.71,2.43,0.028,0.954
2021-02-04,closed_pine,-0.021,True,22397,-8.89,-13.43,2.39,0.01,0.971
2021-02-10,clearfell_2017,-0.009,True,395,-14.61,-21.32,-0.37,0.137,0.154
2021-02-10,broadleaf_restock,-0.009,True,700,-9.38,-13.92,4.86,0.0,0.983
2021-02-10,felling_1998_control,-0.009,True,981,-11.17,-15.11,3.08,0.0,0.659
2021-02-10,rides,-0.009,True,432,-10.9,-14.97,3.35,0.0,0.639
2021-02-10,forest_edge_band,-0.009,True,1637,-10.43,-15.3,3.81,0.017,0.728
2021-02-10,closed_pine,-0.009,True,22397,-10.43,-14.66,3.82,0.002,0.794
2021-02-16,clearfell_2017,0.004,True,395,-10.12,-17.96,1.52,0.008,0.942
2021-02-16,broadleaf_restock,0.004,True,700,-7.57,-12.42,4.06,0.0,0.997
2021-02-16,felling_1998_control,0.004,True,981,-9.7,-14.35,1.93,0.011,0.923
2021-02-16,rides,0.004,True,432,-9.52,-14.46,2.11,0.039,0.907
2021-02-16,forest_edge_band,0.004,True,1637,-9.21,-14.39,2.43,0.046,0.932
2021-02-16,closed_pine,0.004,True,22397,-9.09,-13.64,2.55,0.008,0.947
2021-02-22,clearfell_2017,0.017,True,395,-10.46,-17.13,1.35,0.003,0.899
2021-02-22,broadleaf_restock,0.017,True,700,-8.07,-12.43,3.74,0.0,0.981
2021-02-22,felling_1998_control,0.017,True,981,-9.62,-13.78,2.18,0.001,0.932
2021-02-22,rides,0.017,True,432,-9.5,-13.9,2.3,0.025,0.898
2021-02-22,forest_edge_band,0.017,True,1637,-9.41,-13.87,2.4,0.024,0.922
2021-02-22,closed_pine,0.017,True,22397,-9.16,-13.34,2.64,0.007,0.944
2021-02-28,clearfell_2017,0.03,True,395,-13.59,-21.34,0.06,0.061,0.162
2021-02-28,broadleaf_restock,0.03,True,700,-8.28,-13.09,5.38,0.0,0.997
2021-02-28,felling_1998_control,0.03,True,981,-10.79,-15.22,2.87,0.002,0.749
2021-02-28,rides,0.03,True,432,-10.41,-14.9,3.24,0.012,0.75
2021-02-28,forest_edge_band,0.03,True,1637,-9.89,-15.1,3.77,0.022,0.808
2021-02-28,closed_pine,0.03,True,22397,-9.76,-14.17,3.89,0.002,0.891
2021-03-06,clearfell_2017,0.028,True,395,-15.07,-21.09,-0.68,0.132,0.149
2021-03-06,broadleaf_restock,0.028,True,700,-8.75,-13.36,5.64,0.0,0.996
2021-03-06,felling_1998_control,0.028,True,981,-11.37,-15.34,3.03,0.0,0.616
2021-03-06,rides,0.028,True,432,-10.49,-15.18,3.91,0.002,0.752
2021-03-06,forest_edge_band,0.028,True,1637,-10.3,-14.91,4.1,0.021,0.762
2021-03-06,closed_pine,0.028,True,22397,-10.18,-14.45,4.22,0.001,0.825
2021-03-12,clearfell_2017,0.026,True,395,-10.62,-18.04,1.81,0.0,0.785
2021-03-12,broadleaf_restock,0.026,True,700,-8.23,-12.58,4.2,0.0,0.993
2021-03-12,felling_1998_control,0.026,True,981,-9.89,-14.4,2.54,0.0,0.898
2021-03-12,rides,0.026,True,432,-9.92,-14.05,2.52,0.007,0.824
2021-03-12,forest_edge_band,0.026,True,1637,-9.2,-14.59,3.23,0.023,0.895
2021-03-12,closed_pine,0.026,True,22397,-9.23,-13.99,3.2,0.005,0.938
2021-03-18,clearfell_2017,0.024,True,395,-11.82,-18.73,0.87,0.02,0.496
2021-03-18,broadleaf_restock,0.024,True,700,-7.71,-12.37,4.99,0.0,1.0
2021-03-18,felling_1998_control,0.024,True,981,-10.11,-14.01,2.58,0.004,0.871
2021-03-18,rides,0.024,True,432,-9.77,-14.52,2.93,0.019,0.856
2021-03-18,forest_edge_band,0.024,True,1637,-9.46,-14.24,3.24,0.024,0.882
2021-03-18,closed_pine,0.024,True,22397,-9.48,-13.77,3.22,0.004,0.915
2021-03-24,clearfell_2017,0.022,True,395,-11.03,-17.78,0.97,0.035,0.744
2021-03-24,broadleaf_restock,0.022,True,700,-7.82,-12.38,4.18,0.0,0.996
2021-03-24,felling_1998_control,0.022,True,981,-9.78,-14.44,2.21,0.009,0.893
2021-03-24,rides,0.022,True,432,-9.99,-14.71,2.0,0.023,0.833
2021-03-24,forest_edge_band,0.022,True,1637,-9.47,-14.44,2.52,0.038,0.916
2021-03-24,closed_pine,0.022,True,22397,-9.47,-14.14,2.52,0.01,0.92
2021-03-30,clearfell_2017,0.02,True,395,-11.71,-18.64,1.01,0.025,0.554
2021-03-30,broadleaf_restock,0.02,True,700,-8.24,-12.1,4.48,0.0,1.0
2021-03-30,felling_1998_control,0.02,True,981,-10.03,-14.34,2.69,0.001,0.92
2021-03-30,rides,0.02,True,432,-10.2,-14.41,2.52,0.025,0.843
2021-03-30,forest_edge_band,0.02,True,1637,-9.67,-14.27,3.05,0.022,0.869
2021-03-30,closed_pine,0.02,True,22397,-9.48,-13.85,3.24,0.003,0.92
2021-04-05,clearfell_2017,-0.027,False,395,-12.99,-20.11,0.13,0.051,0.281
2021-04-05,broadleaf_restock,-0.027,False,700,-8.27,-12.77,4.85,0.0,0.997
2021-04-05,felling_1998_control,-0.027,False,981,-10.22,-14.32,2.9,0.0,0.884
2021-04-05,rides,-0.027,False,432,-10.41,-15.58,2.71,0.021,0.78
2021-04-05,forest_edge_band,-0.027,False,1637,-9.54,-15.22,3.58,0.025,0.855
2021-04-05,closed_pine,-0.027,False,22397,-9.83,-14.46,3.29,0.003,0.881
2021-04-11,clearfell_2017,-0.083,False,395,-13.61,-20.1,-0.29,0.167,0.246
2021-04-11,broadleaf_restock,-0.083,False,700,-8.5,-12.52,4.81,0.0,0.971
2021-04-11,felling_1998_control,-0.083,False,981,-10.51,-14.6,2.81,0.0,0.841
2021-04-11,rides,-0.083,False,432,-10.41,-14.97,2.9,0.005,0.762
2021-04-11,forest_edge_band,-0.083,False,1637,-9.92,-14.5,3.39,0.021,0.857
2021-04-11,closed_pine,-0.083,False,22397,-9.96,-14.28,3.36,0.005,0.86
2021-04-17,clearfell_2017,-0.139,False,395,-14.27,-21.27,-0.59,0.22,0.278
2021-04-17,broadleaf_restock,-0.139,False,700,-8.69,-13.23,4.99,0.0,0.981
2021-04-17,felling_1998_control,-0.139,False,981,-10.52,-15.12,3.16,0.0,0.812
2021-04-17,rides,-0.139,False,432,-10.78,-15.3,2.9,0.007,0.715
2021-04-17,forest_edge_band,-0.139,False,1637,-10.07,-14.97,3.61,0.021,0.781
2021-04-17,closed_pine,-0.139,False,22397,-9.78,-14.56,3.9,0.003,0.885
2021-04-23,clearfell_2017,-0.195,False,395,-14.23,-20.1,-0.57,0.251,0.362
2021-04-23,broadleaf_restock,-0.195,False,700,-8.42,-12.9,5.24,0.0,1.0
2021-04-23,felling_1998_control,-0.195,False,981,-10.12,-14.53,3.54,0.0,0.843
2021-04-23,rides,-0.195,False,432,-9.88,-14.75,3.79,0.002,0.845
2021-04-23,forest_edge_band,-0.195,False,1637,-9.84,-14.29,3.82,0.015,0.825
2021-04-23,closed_pine,-0.195,False,22397,-9.82,-14.06,3.85,0.003,0.882
2021-04-29,clearfell_2017,-0.251,False,395,-14.94,-20.67,-1.45,0.441,0.473
2021-04-29,broadleaf_restock,-0.251,False,700,-9.02,-13.79,4.47,0.0,0.961
2021-04-29,felling_1998_control,-0.251,False,981,-10.48,-14.87,3.01,0.001,0.831
2021-04-29,rides,-0.251,False,432,-10.68,-15.36,2.81,0.005,0.729
2021-04-29,forest_edge_band,-0.251,False,1637,-10.07,-15.04,3.42,0.034,0.816
2021-04-29,closed_pine,-0.251,False,22397,-10.03,-14.59,3.46,0.003,0.851
2021-05-05,clearfell_2017,-0.245,False,395,-11.39,-18.45,0.9,0.066,0.663
2021-05-05,broadleaf_restock,-0.245,False,700,-8.47,-13.25,3.82,0.0,0.981
2021-05-05,felling_1998_control,-0.245,False,981,-9.84,-14.09,2.45,0.0,0.941
2021-05-05,rides,-0.245,False,432,-9.8,-14.52,2.5,0.012,0.854
2021-05-05,forest_edge_band,-0.245,False,1637,-9.44,-14.42,2.86,0.029,0.886
2021-05-05,closed_pine,-0.245,False,22397,-9.52,-14.1,2.77,0.008,0.914
2021-05-11,clearfell_2017,-0.228,False,395,-13.08,-20.13,-0.59,0.122,0.334
2021-05-11,broadleaf_restock,-0.228,False,700,-8.25,-13.41,4.25,0.0,0.987
2021-05-11,felling_1998_control,-0.228,False,981,-10.11,-14.21,2.38,0.004,0.864
2021-05-11,rides,-0.228,False,432,-10.05,-15.16,2.44,0.019,0.847
2021-05-11,forest_edge_band,-0.228,False,1637,-9.38,-14.61,3.11,0.043,0.894
2021-05-11,closed_pine,-0.228,False,22397,-9.39,-14.26,3.1,0.006,0.928
2021-05-17,clearfell_2017,-0.211,False,395,-10.65,-17.85,0.9,0.008,0.881
2021-05-17,broadleaf_restock,-0.211,False,700,-7.81,-13.17,3.74,0.0,0.997
2021-05-17,felling_1998_control,-0.211,False,981,-9.36,-13.7,2.19,0.002,0.961
2021-05-17,rides,-0.211,False,432,-9.8,-13.8,1.75,0.019,0.845
2021-05-17,forest_edge_band,-0.211,False,1637,-9.1,-13.81,2.45,0.046,0.951
2021-05-17,closed_pine,-0.211,False,22397,-9.25,-13.65,2.3,0.01,0.948
2021-05-23,clearfell_2017,-0.193,False,395,-11.1,-18.52,0.91,0.023,0.704
2021-05-23,broadleaf_restock,-0.193,False,700,-8.19,-13.02,3.82,0.0,1.0
2021-05-23,felling_1998_control,-0.193,False,981,-9.78,-14.01,2.23,0.001,0.961
2021-05-23,rides,-0.193,False,432,-9.72,-14.43,2.29,0.012,0.896
2021-05-23,forest_edge_band,-0.193,False,1637,-9.27,-14.35,2.74,0.021,0.9
2021-05-23,closed_pine,-0.193,False,22397,-9.19,-13.98,2.82,0.007,0.946
2021-05-29,clearfell_2017,-0.176,False,395,-10.37,-15.9,0.81,0.0,0.922
2021-05-29,broadleaf_restock,-0.176,False,700,-7.48,-12.89,3.71,0.0,0.999
2021-05-29,felling_1998_control,-0.176,False,981,-9.17,-13.46,2.02,0.0,0.973
2021-05-29,rides,-0.176,False,432,-9.71,-14.0,1.47,0.014,0.919
2021-05-29,forest_edge_band,-0.176,False,1637,-8.86,-13.76,2.32,0.034,0.944
2021-05-29,closed_pine,-0.176,False,22397,-8.88,-13.44,2.3,0.015,0.967
2021-06-04,clearfell_2017,-0.218,False,395,-12.31,-19.26,-0.21,0.197,0.537
2021-06-04,broadleaf_restock,-0.218,False,700,-7.89,-13.56,4.21,0.0,1.0
2021-06-04,felling_1998_control,-0.218,False,981,-9.6,-14.23,2.5,0.0,0.922
2021-06-04,rides,-0.218,False,432,-9.67,-14.97,2.43,0.014,0.891
2021-06-04,forest_edge_band,-0.218,False,1637,-9.28,-14.72,2.82,0.04,0.891
2021-06-04,closed_pine,-0.218,False,22397,-9.32,-14.26,2.78,0.006,0.934
2021-06-10,clearfell_2017,-0.29,False,395,-12.76,-18.83,-0.52,0.111,0.342
2021-06-10,broadleaf_restock,-0.29,False,700,-7.74,-13.08,4.51,0.0,1.0
2021-06-10,felling_1998_control,-0.29,False,981,-9.65,-13.88,2.59,0.007,0.934
2021-06-10,rides,-0.29,False,432,-9.74,-14.64,2.5,0.002,0.85
2021-06-10,forest_edge_band,-0.29,False,1637,-9.32,-14.48,2.92,0.027,0.875
2021-06-10,closed_pine,-0.29,False,22397,-9.24,-13.98,3.0,0.005,0.934
2021-06-16,clearfell_2017,-0.362,False,395,-13.01,-19.19,-0.72,0.233,0.41
2021-06-16,broadleaf_restock,-0.362,False,700,-7.95,-13.7,4.34,0.0,1.0
2021-06-16,felling_1998_control,-0.362,False,981,-9.74,-14.39,2.55,0.002,0.932
2021-06-16,rides,-0.362,False,432,-9.96,-15.03,2.33,0.032,0.85
2021-06-16,forest_edge_band,-0.362,False,1637,-9.34,-15.08,2.95,0.034,0.877
2021-06-16,closed_pine,-0.362,False,22397,-9.41,-14.42,2.88,0.006,0.907
2021-06-22,clearfell_2017,-0.434,False,395,-13.56,-19.21,-1.19,0.365,0.501
2021-06-22,broadleaf_restock,-0.434,False,700,-8.19,-13.27,4.18,0.0,0.99
2021-06-22,felling_1998_control,-0.434,False,981,-9.74,-14.02,2.64,0.0,0.93
2021-06-22,rides,-0.434,False,432,-9.55,-14.39,2.83,0.005,0.866
2021-06-22,forest_edge_band,-0.434,False,1637,-9.19,-14.44,3.19,0.018,0.872
2021-06-22,closed_pine,-0.434,False,22397,-9.38,-13.99,2.99,0.004,0.915
2021-06-28,clearfell_2017,-0.506,False,395,-12.86,-19.34,-0.95,0.314,0.547
2021-06-28,broadleaf_restock,-0.506,False,700,-7.78,-13.2,4.12,0.0,0.991
2021-06-28,felling_1998_control,-0.506,False,981,-9.56,-14.31,2.34,0.009,0.936
2021-06-28,rides,-0.506,False,432,-10.02,-14.85,1.89,0.035,0.887
2021-06-28,forest_edge_band,-0.506,False,1637,-9.46,-14.64,2.44,0.035,0.892
2021-06-28,closed_pine,-0.506,False,22397,-9.23,-14.17,2.68,0.008,0.936
2021-07-04,clearfell_2017,-0.558,False,395,-10.0,-15.69,0.27,0.03,0.982
2021-07-04,broadleaf_restock,-0.558,False,700,-7.7,-13.07,2.56,0.0,1.0
2021-07-04,felling_1998_control,-0.558,False,981,-8.93,-13.09,1.34,0.03,0.994
2021-07-04,rides,-0.558,False,432,-8.93,-13.42,1.34,0.044,0.979
2021-07-04,forest_edge_band,-0.558,False,1637,-8.39,-13.32,1.87,0.06,0.998
2021-07-04,closed_pine,-0.558,False,22397,-8.63,-13.17,1.64,0.024,0.994
2021-07-10,clearfell_2017,-0.601,False,395,-13.93,-19.56,-1.79,0.516,0.633
2021-07-10,broadleaf_restock,-0.601,False,700,-8.42,-13.31,3.72,0.0,0.994
2021-07-10,felling_1998_control,-0.601,False,981,-10.09,-14.24,2.05,0.001,0.902
2021-07-10,rides,-0.601,False,432,-10.09,-14.83,2.06,0.03,0.85
2021-07-10,forest_edge_band,-0.601,False,1637,-9.56,-15.0,2.59,0.034,0.884
2021-07-10,closed_pine,-0.601,False,22397,-9.39,-14.26,2.76,0.007,0.921
2021-07-16,clearfell_2017,-0.644,False,395,-12.75,-18.56,-1.26,0.359,0.529
2021-07-16,broadleaf_restock,-0.644,False,700,-7.65,-13.02,3.84,0.0,1.0
2021-07-16,felling_1998_control,-0.644,False,981,-9.43,-13.55,2.06,0.004,0.957
2021-07-16,rides,-0.644,False,432,-9.45,-14.05,2.04,0.023,0.912
2021-07-16,forest_edge_band,-0.644,False,1637,-9.0,-14.29,2.49,0.035,0.919
2021-07-16,closed_pine,-0.644,False,22397,-8.98,-13.68,2.51,0.011,0.959
2021-07-22,clearfell_2017,-0.686,False,395,-13.55,-19.54,-1.42,0.408,0.516
2021-07-22,broadleaf_restock,-0.686,False,700,-8.11,-13.14,4.02,0.0,1.0
2021-07-22,felling_1998_control,-0.686,False,981,-9.54,-13.97,2.59,0.002,0.923
2021-07-22,rides,-0.686,False,432,-9.55,-14.58,2.58,0.016,0.88
2021-07-22,forest_edge_band,-0.686,False,1637,-9.3,-14.43,2.83,0.031,0.908
2021-07-22,closed_pine,-0.686,False,22397,-9.23,-13.96,2.9,0.007,0.931
2021-07-28,clearfell_2017,-0.729,False,395,-13.56,-19.22,-1.39,0.438,0.59
2021-07-28,broadleaf_restock,-0.729,False,700,-7.78,-13.34,4.39,0.0,0.991
2021-07-28,felling_1998_control,-0.729,False,981,-9.38,-14.03,2.79,0.004,0.923
2021-07-28,rides,-0.729,False,432,-9.57,-14.53,2.59,0.009,0.891
2021-07-28,forest_edge_band,-0.729,False,1637,-9.28,-14.08,2.88,0.023,0.889
2021-07-28,closed_pine,-0.729,False,22397,-9.31,-13.94,2.86,0.01,0.923
2021-08-03,clearfell_2017,-0.764,False,395,-13.57,-19.57,-0.9,0.311,0.471
2021-08-03,broadleaf_restock,-0.764,False,700,-8.28,-13.98,4.38,0.0,0.987
2021-08-03,felling_1998_control,-0.764,False,981,-9.73,-14.37,2.94,0.0,0.928
2021-08-03,rides,-0.764,False,432,-9.91,-15.01,2.76,0.009,0.824
2021-08-03,forest_edge_band,-0.764,False,1637,-9.66,-15.0,3.01,0.031,0.885
2021-08-03,closed_pine,-0.764,False,22397,-9.51,-14.36,3.15,0.007,0.918
2021-08-15,clearfell_2017,-0.818,False,395,-10.85,-16.65,0.31,0.116,0.881
2021-08-15,broadleaf_restock,-0.818,False,700,-8.1,-13.66,3.05,0.0,1.0
2021-08-15,felling_1998_control,-0.818,False,981,-9.42,-13.87,1.74,0.006,0.968
2021-08-15,rides,-0.818,False,432,-9.55,-14.32,1.61,0.032,0.94
2021-08-15,forest_edge_band,-0.818,False,1637,-8.72,-14.36,2.44,0.035,0.957
2021-08-15,closed_pine,-0.818,False,22397,-9.06,-13.81,2.1,0.015,0.96
2021-08-21,clearfell_2017,-0.845,False,395,-9.4,-16.11,0.51,0.078,1.0
2021-08-21,broadleaf_restock,-0.845,False,700,-7.21,-12.71,2.71,0.0,1.0
2021-08-21,felling_1998_control,-0.845,False,981,-8.71,-12.77,1.2,0.018,1.0
2021-08-21,rides,-0.845,False,432,-8.85,-13.97,1.07,0.072,1.0
2021-08-21,forest_edge_band,-0.845,False,1637,-8.12,-13.51,1.79,0.046,1.0
2021-08-21,closed_pine,-0.845,False,22397,-8.62,-13.28,1.3,0.042,1.0
2021-08-27,clearfell_2017,-0.872,False,395,-12.43,-19.43,-0.57,0.233,0.504
2021-08-27,broadleaf_restock,-0.872,False,700,-7.64,-14.36,4.22,0.0,1.0
2021-08-27,felling_1998_control,-0.872,False,981,-10.24,-14.55,1.63,0.007,0.899
2021-08-27,rides,-0.872,False,432,-10.07,-15.27,1.79,0.023,0.822
2021-08-27,forest_edge_band,-0.872,False,1637,-9.67,-15.11,2.19,0.027,0.883
2021-08-27,closed_pine,-0.872,False,22397,-9.64,-14.6,2.22,0.014,0.907
2021-09-02,clearfell_2017,-0.887,False,395,-13.4,-18.84,-1.0,0.306,0.451
2021-09-02,broadleaf_restock,-0.887,False,700,-8.57,-13.54,3.83,0.0,0.997
2021-09-02,felling_1998_control,-0.887,False,981,-9.98,-13.66,2.43,0.006,0.87
2021-09-02,rides,-0.887,False,432,-10.07,-14.91,2.33,0.014,0.833
2021-09-02,forest_edge_band,-0.887,False,1637,-9.59,-14.33,2.82,0.046,0.901
2021-09-02,closed_pine,-0.887,False,22397,-9.72,-14.17,2.69,0.01,0.894
2021-09-08,clearfell_2017,-0.877,False,395,-13.52,-19.81,-0.78,0.38,0.509
2021-09-08,broadleaf_restock,-0.877,False,700,-8.16,-13.56,4.58,0.0,0.997
2021-09-08,felling_1998_control,-0.877,False,981,-9.85,-13.9,2.89,0.0,0.869
2021-09-08,rides,-0.877,False,432,-9.8,-14.86,2.94,0.002,0.843
2021-09-08,forest_edge_band,-0.877,False,1637,-9.2,-14.27,3.54,0.017,0.861
2021-09-08,closed_pine,-0.877,False,22397,-9.28,-13.99,3.46,0.004,0.926
2021-09-14,clearfell_2017,-0.867,False,395,-9.68,-15.97,0.72,0.096,0.972
2021-09-14,broadleaf_restock,-0.867,False,700,-8.1,-12.81,2.3,0.0,0.999
2021-09-14,felling_1998_control,-0.867,False,981,-9.43,-13.3,0.96,0.02,0.987
2021-09-14,rides,-0.867,False,432,-9.2,-13.69,1.19,0.081,0.972
2021-09-14,forest_edge_band,-0.867,False,1637,-8.56,-13.58,1.84,0.034,0.988
2021-09-14,closed_pine,-0.867,False,22397,-8.88,-13.31,1.51,0.034,0.987
2021-09-20,clearfell_2017,-0.857,False,395,-12.38,-18.67,-0.46,0.157,0.501
2021-09-20,broadleaf_restock,-0.857,False,700,-7.61,-13.57,4.32,0.0,0.993
2021-09-20,felling_1998_control,-0.857,False,981,-9.88,-14.16,2.04,0.0,0.928
2021-09-20,rides,-0.857,False,432,-9.95,-15.2,1.97,0.028,0.868
2021-09-20,forest_edge_band,-0.857,False,1637,-9.28,-14.46,2.65,0.022,0.878
2021-09-20,closed_pine,-0.857,False,22397,-9.33,-14.22,2.6,0.011,0.93
2021-09-26,clearfell_2017,-0.847,False,395,-14.04,-19.21,-1.11,0.342,0.4
2021-09-26,broadleaf_restock,-0.847,False,700,-8.22,-13.07,4.72,0.0,0.996
2021-09-26,felling_1998_control,-0.847,False,981,-10.06,-13.92,2.88,0.001,0.919
2021-09-26,rides,-0.847,False,432,-10.06,-14.62,2.88,0.007,0.803
2021-09-26,forest_edge_band,-0.847,False,1637,-9.7,-14.16,3.24,0.039,0.814
2021-09-26,closed_pine,-0.847,False,22397,-9.57,-13.91,3.37,0.005,0.899
2021-10-02,clearfell_2017,-0.801,False,395,-10.25,-17.1,0.47,0.025,0.894
2021-10-02,broadleaf_restock,-0.801,False,700,-8.11,-13.2,2.61,0.0,1.0
2021-10-02,felling_1998_control,-0.801,False,981,-9.15,-13.58,1.57,0.006,0.983
2021-10-02,rides,-0.801,False,432,-9.1,-14.17,1.61,0.035,0.961
2021-10-02,forest_edge_band,-0.801,False,1637,-8.84,-13.9,1.88,0.028,0.975
2021-10-02,closed_pine,-0.801,False,22397,-8.94,-13.85,1.78,0.022,0.975
2021-10-08,clearfell_2017,-0.685,False,395,-10.91,-17.64,1.11,0.035,0.754
2021-10-08,broadleaf_restock,-0.685,False,700,-8.33,-12.93,3.68,0.0,0.999
2021-10-08,felling_1998_control,-0.685,False,981,-9.42,-13.4,2.6,0.006,0.945
2021-10-08,rides,-0.685,False,432,-9.81,-14.1,2.21,0.021,0.868
2021-10-08,forest_edge_band,-0.685,False,1637,-9.21,-13.83,2.81,0.029,0.901
2021-10-08,closed_pine,-0.685,False,22397,-9.23,-13.62,2.79,0.004,0.944
2021-10-14,clearfell_2017,-0.569,False,395,-11.78,-18.08,0.47,0.02,0.547
2021-10-14,broadleaf_restock,-0.569,False,700,-8.4,-13.52,3.85,0.0,0.994
2021-10-14,felling_1998_control,-0.569,False,981,-9.49,-14.0,2.76,0.0,0.934
2021-10-14,rides,-0.569,False,432,-10.13,-14.75,2.12,0.012,0.833
2021-10-14,forest_edge_band,-0.569,False,1637,-9.33,-14.27,2.92,0.027,0.889
2021-10-14,closed_pine,-0.569,False,22397,-9.34,-14.09,2.9,0.006,0.931
2021-10-20,clearfell_2017,-0.453,False,395,-10.19,-16.74,1.23,0.051,0.896
2021-10-20,broadleaf_restock,-0.453,False,700,-7.87,-12.74,3.54,0.0,0.994
2021-10-20,felling_1998_control,-0.453,False,981,-9.31,-13.3,2.1,0.001,0.977
2021-10-20,rides,-0.453,False,432,-9.16,-13.93,2.25,0.035,0.944
2021-10-20,forest_edge_band,-0.453,False,1637,-8.79,-13.61,2.62,0.023,0.965
2021-10-20,closed_pine,-0.453,False,22397,-8.85,-13.31,2.56,0.01,0.964
2021-10-26,clearfell_2017,-0.337,False,395,-10.54,-17.03,0.83,0.038,0.835
2021-10-26,broadleaf_restock,-0.337,False,700,-7.74,-13.49,3.64,0.0,0.997
2021-10-26,felling_1998_control,-0.337,False,981,-9.11,-13.96,2.27,0.0,0.976
2021-10-26,rides,-0.337,False,432,-9.56,-14.76,1.82,0.046,0.933
2021-10-26,forest_edge_band,-0.337,False,1637,-9.22,-14.16,2.16,0.043,0.943
2021-10-26,closed_pine,-0.337,False,22397,-9.06,-13.91,2.32,0.015,0.961
2021-11-01,clearfell_2017,-0.244,True,395,-10.48,-17.41,1.31,0.03,0.889
2021-11-01,broadleaf_restock,-0.244,True,700,-7.46,-12.49,4.33,0.0,0.999
2021-11-01,felling_1998_control,-0.244,True,981,-8.83,-13.55,2.96,0.001,0.991
2021-11-01,rides,-0.244,True,432,-9.21,-13.86,2.58,0.012,0.924
2021-11-01,forest_edge_band,-0.244,True,1637,-8.83,-13.79,2.96,0.023,0.934
2021-11-01,closed_pine,-0.244,True,22397,-8.77,-13.53,3.02,0.003,0.967
2021-11-07,clearfell_2017,-0.266,True,395,-11.26,-18.38,1.0,0.056,0.719
2021-11-07,broadleaf_restock,-0.266,True,700,-8.17,-12.75,4.09,0.0,0.997
2021-11-07,felling_1998_control,-0.266,True,981,-9.38,-13.96,2.88,0.002,0.962
2021-11-07,rides,-0.266,True,432,-9.64,-14.52,2.62,0.021,0.889
2021-11-07,forest_edge_band,-0.266,True,1637,-9.42,-14.72,2.85,0.031,0.898
2021-11-07,closed_pine,-0.266,True,22397,-9.23,-13.91,3.03,0.005,0.937
2021-11-13,clearfell_2017,-0.288,True,395,-11.01,-17.52,1.12,0.015,0.797
2021-11-13,broadleaf_restock,-0.288,True,700,-8.01,-12.13,4.12,0.0,1.0
2021-11-13,felling_1998_control,-0.288,True,981,-8.87,-13.16,3.25,0.0,0.953
2021-11-13,rides,-0.288,True,432,-9.0,-13.73,3.12,0.007,0.933
2021-11-13,forest_edge_band,-0.288,True,1637,-9.36,-13.96,2.77,0.018,0.895
2021-11-13,closed_pine,-0.288,True,22397,-9.08,-13.38,3.04,0.006,0.943
2021-11-19,clearfell_2017,-0.31,True,395,-12.13,-18.57,0.53,0.058,0.481
2021-11-19,broadleaf_restock,-0.31,True,700,-8.01,-12.57,4.65,0.0,1.0
2021-11-19,felling_1998_control,-0.31,True,981,-9.18,-13.83,3.48,0.0,0.946
2021-11-19,rides,-0.31,True,432,-9.69,-14.42,2.97,0.005,0.836
2021-11-19,forest_edge_band,-0.31,True,1637,-9.58,-14.32,3.08,0.024,0.874
2021-11-19,closed_pine,-0.31,True,22397,-9.23,-13.76,3.43,0.005,0.928
2021-11-25,clearfell_2017,-0.332,True,395,-10.95,-17.28,1.3,0.005,0.739
2021-11-25,broadleaf_restock,-0.332,True,700,-8.2,-12.98,4.05,0.0,0.99
2021-11-25,felling_1998_control,-0.332,True,981,-9.47,-13.79,2.78,0.003,0.918
2021-11-25,rides,-0.332,True,432,-9.77,-14.56,2.48,0.014,0.831
2021-11-25,forest_edge_band,-0.332,True,1637,-9.5,-14.36,2.75,0.029,0.896
2021-11-25,closed_pine,-0.332,True,22397,-9.38,-13.86,2.87,0.007,0.925
2021-12-01,clearfell_2017,-0.341,True,395,-10.45,-17.34,1.35,0.0,0.82
2021-12-01,broadleaf_restock,-0.341,True,700,-8.27,-12.73,3.53,0.0,0.999
2021-12-01,felling_1998_control,-0.341,True,981,-9.24,-13.87,2.56,0.003,0.959
2021-12-01,rides,-0.341,True,432,-9.34,-14.0,2.46,0.025,0.926
2021-12-01,forest_edge_band,-0.341,True,1637,-9.1,-13.81,2.7,0.024,0.958
2021-12-01,closed_pine,-0.341,True,22397,-8.87,-13.73,2.93,0.008,0.957
2021-12-07,clearfell_2017,-0.285,True,395,-11.23,-18.2,1.2,0.018,0.696
2021-12-07,broadleaf_restock,-0.285,True,700,-8.63,-12.59,3.8,0.0,0.997
2021-12-07,felling_1998_control,-0.285,True,981,-9.59,-13.59,2.84,0.0,0.958
2021-12-07,rides,-0.285,True,432,-9.73,-14.44,2.7,0.005,0.887
2021-12-07,forest_edge_band,-0.285,True,1637,-9.37,-13.97,3.06,0.012,0.888
2021-12-07,closed_pine,-0.285,True,22397,-9.41,-13.77,3.02,0.005,0.93
2021-12-13,clearfell_2017,-0.228,True,395,-10.6,-17.34,1.53,0.0,0.78
2021-12-13,broadleaf_restock,-0.228,True,700,-8.32,-12.72,3.81,0.0,1.0
2021-12-13,felling_1998_control,-0.228,True,981,-9.55,-14.1,2.59,0.0,0.956
2021-12-13,rides,-0.228,True,432,-9.57,-14.55,2.56,0.002,0.933
2021-12-13,forest_edge_band,-0.228,True,1637,-9.4,-14.21,2.73,0.016,0.932
2021-12-13,closed_pine,-0.228,True,22397,-9.13,-13.85,3.0,0.006,0.946
2021-12-19,clearfell_2017,-0.172,True,395,-13.76,-20.74,0.48,0.025,0.122
2021-12-19,broadleaf_restock,-0.172,True,700,-8.53,-12.51,5.71,0.0,0.996
2021-12-19,felling_1998_control,-0.172,True,981,-10.02,-14.55,4.22,0.001,0.861
2021-12-19,rides,-0.172,True,432,-9.94,-14.87,4.3,0.0,0.794
2021-12-19,forest_edge_band,-0.172,True,1637,-9.95,-14.53,4.29,0.002,0.821
2021-12-19,closed_pine,-0.172,True,22397,-9.5,-13.91,4.74,0.001,0.902
2021-12-31,clearfell_2017,-0.06,True,395,-9.51,-16.32,1.53,0.005,0.975
2021-12-31,broadleaf_restock,-0.06,True,700,-7.62,-11.98,3.42,0.0,1.0
2021-12-31,felling_1998_control,-0.06,True,981,-8.7,-13.01,2.34,0.001,0.988
2021-12-31,rides,-0.06,True,432,-8.45,-13.5,2.59,0.012,0.958
2021-12-31,forest_edge_band,-0.06,True,1637,-8.44,-13.09,2.6,0.023,0.984
2021-12-31,closed_pine,-0.06,True,22397,-8.32,-12.73,2.72,0.008,0.983
2022-01-12,clearfell_2017,-0.157,True,395,-12.35,-19.02,0.5,0.084,0.448
2022-01-12,broadleaf_restock,-0.157,True,700,-8.13,-12.49,4.73,0.0,1.0
2022-01-12,felling_1998_control,-0.157,True,981,-9.76,-13.75,3.09,0.0,0.911
2022-01-12,rides,-0.157,True,432,-9.88,-14.21,2.98,0.005,0.836
2022-01-12,forest_edge_band,-0.157,True,1637,-9.39,-14.21,3.46,0.021,0.886
2022-01-12,closed_pine,-0.157,True,22397,-9.23,-13.58,3.62,0.004,0.928
2022-01-24,clearfell_2017,-0.254,True,395,-12.58,-19.28,0.72,0.046,0.309
2022-01-24,broadleaf_restock,-0.254,True,700,-8.55,-13.2,4.74,0.0,0.98
2022-01-24,felling_1998_control,-0.254,True,981,-9.97,-14.01,3.32,0.0,0.888
2022-01-24,rides,-0.254,True,432,-10.15,-14.78,3.14,0.009,0.808
2022-01-24,forest_edge_band,-0.254,True,1637,-9.94,-14.81,3.36,0.018,0.855
2022-01-24,closed_pine,-0.254,True,22397,-9.71,-14.15,3.58,0.002,0.887
2022-02-05,clearfell_2017,-0.283,True,395,-10.78,-19.14,1.56,0.005,0.78
2022-02-05,broadleaf_restock,-0.283,True,700,-8.43,-12.54,3.9,0.0,1.0
2022-02-05,felling_1998_control,-0.283,True,981,-9.46,-13.94,2.87,0.0,0.968
2022-02-05,rides,-0.283,True,432,-9.86,-14.36,2.47,0.016,0.856
2022-02-05,forest_edge_band,-0.283,True,1637,-9.52,-13.92,2.81,0.026,0.898
2022-02-05,closed_pine,-0.283,True,22397,-9.3,-13.75,3.03,0.008,0.93
2022-02-17,clearfell_2017,-0.219,True,395,-10.49,-18.89,1.59,0.0,0.868
2022-02-17,broadleaf_restock,-0.219,True,700,-8.18,-12.35,3.89,0.0,0.997
2022-02-17,felling_1998_control,-0.219,True,981,-9.22,-13.76,2.86,0.0,0.961
2022-02-17,rides,-0.219,True,432,-9.32,-14.03,2.76,0.007,0.889
2022-02-17,forest_edge_band,-0.219,True,1637,-9.09,-13.86,2.98,0.025,0.9
2022-02-17,closed_pine,-0.219,True,22397,-8.9,-13.48,3.18,0.003,0.958
2022-03-01,clearfell_2017,-0.169,True,395,-12.63,-20.37,0.75,0.063,0.294
2022-03-01,broadleaf_restock,-0.169,True,700,-8.51,-13.04,4.86,0.0,1.0
2022-03-01,felling_1998_control,-0.169,True,981,-10.1,-14.41,3.27,0.0,0.86
2022-03-01,rides,-0.169,True,432,-9.91,-14.35,3.47,0.0,0.815
2022-03-01,forest_edge_band,-0.169,True,1637,-9.53,-14.31,3.84,0.013,0.854
2022-03-01,closed_pine,-0.169,True,22397,-9.38,-13.69,4.0,0.002,0.914
2022-03-13,clearfell_2017,-0.273,True,395,-10.7,-17.86,1.28,0.0,0.833
2022-03-13,broadleaf_restock,-0.273,True,700,-8.1,-12.4,3.88,0.0,1.0
2022-03-13,felling_1998_control,-0.273,True,981,-9.35,-13.47,2.63,0.005,0.969
2022-03-13,rides,-0.273,True,432,-9.45,-13.76,2.53,0.007,0.921
2022-03-13,forest_edge_band,-0.273,True,1637,-9.04,-13.45,2.94,0.024,0.93
2022-03-13,closed_pine,-0.273,True,22397,-9.07,-13.17,2.91,0.004,0.957
2022-03-25,clearfell_2017,-0.378,True,395,-14.33,-20.03,-0.53,0.268,0.344
2022-03-25,broadleaf_restock,-0.378,True,700,-8.46,-11.97,5.34,0.0,0.996
2022-03-25,felling_1998_control,-0.378,True,981,-9.91,-13.59,3.89,0.0,0.872
2022-03-25,rides,-0.378,True,432,-10.0,-14.23,3.8,0.007,0.801
2022-03-25,forest_edge_band,-0.378,True,1637,-9.93,-14.59,3.87,0.022,0.798
2022-03-25,closed_pine,-0.378,True,22397,-9.59,-13.69,4.21,0.004,0.903
2022-04-06,clearfell_2017,-0.46,False,395,-11.65,-18.94,0.78,0.03,0.559
2022-04-06,broadleaf_restock,-0.46,False,700,-8.22,-12.42,4.22,0.0,1.0
2022-04-06,felling_1998_control,-0.46,False,981,-9.52,-13.73,2.91,0.004,0.956
2022-04-06,rides,-0.46,False,432,-9.54,-14.19,2.9,0.016,0.9
2022-04-06,forest_edge_band,-0.46,False,1637,-9.31,-14.33,3.13,0.013,0.861
2022-04-06,closed_pine,-0.46,False,22397,-9.21,-13.64,3.23,0.006,0.94
2022-04-18,clearfell_2017,-0.52,False,395,-12.86,-19.35,0.09,0.076,0.276
2022-04-18,broadleaf_restock,-0.52,False,700,-8.41,-12.84,4.54,0.0,0.994
2022-04-18,felling_1998_control,-0.52,False,981,-9.62,-14.01,3.33,0.0,0.908
2022-04-18,rides,-0.52,False,432,-10.18,-14.48,2.77,0.0,0.824
2022-04-18,forest_edge_band,-0.52,False,1637,-9.96,-14.68,2.99,0.025,0.825
2022-04-18,closed_pine,-0.52,False,22397,-9.6,-14.04,3.35,0.004,0.892
2022-04-30,clearfell_2017,-0.58,False,395,-13.99,-19.14,-0.62,0.208,0.268
2022-04-30,broadleaf_restock,-0.58,False,700,-8.52,-13.8,4.85,0.0,0.993
2022-04-30,felling_1998_control,-0.58,False,981,-9.82,-14.3,3.55,0.001,0.935
2022-04-30,rides,-0.58,False,432,-10.26,-14.81,3.11,0.012,0.812
2022-04-30,forest_edge_band,-0.58,False,1637,-10.02,-14.74,3.35,0.013,0.792
2022-04-30,closed_pine,-0.58,False,22397,-9.73,-14.15,3.64,0.003,0.89
2022-05-12,clearfell_2017,-0.623,False,395,-13.03,-19.03,-0.26,0.149,0.38
2022-05-12,broadleaf_restock,-0.623,False,700,-8.42,-13.46,4.35,0.0,0.966
2022-05-12,felling_1998_control,-0.623,False,981,-9.46,-13.83,3.31,0.0,0.932
2022-05-12,rides,-0.623,False,432,-10.12,-14.39,2.65,0.0,0.882
2022-05-12,forest_edge_band,-0.623,False,1637,-9.73,-14.53,3.04,0.038,0.841
2022-05-12,closed_pine,-0.623,False,22397,-9.37,-13.99,3.4,0.005,0.928
2022-06-05,clearfell_2017,-0.725,False,395,-9.56,-16.52,0.53,0.078,1.0
2022-06-05,broadleaf_restock,-0.725,False,700,-7.27,-12.85,2.81,0.0,1.0
2022-06-05,felling_1998_control,-0.725,False,981,-9.37,-13.39,0.71,0.047,1.0
2022-06-05,rides,-0.725,False,432,-9.22,-13.97,0.86,0.065,1.0
2022-06-05,forest_edge_band,-0.725,False,1637,-8.1,-13.79,1.98,0.031,1.0
2022-06-05,closed_pine,-0.725,False,22397,-8.58,-13.67,1.5,0.041,1.0
2022-06-17,clearfell_2017,-0.809,False,395,-13.72,-19.04,-1.47,0.456,0.587
2022-06-17,broadleaf_restock,-0.809,False,700,-8.17,-13.11,4.08,0.0,0.991
2022-06-17,felling_1998_control,-0.809,False,981,-9.45,-13.57,2.8,0.0,0.963
2022-06-17,rides,-0.809,False,432,-9.38,-14.32,2.87,0.014,0.873
2022-06-17,forest_edge_band,-0.809,False,1637,-9.39,-14.36,2.86,0.016,0.874
2022-06-17,closed_pine,-0.809,False,22397,-9.13,-13.83,3.11,0.007,0.938
2022-06-29,clearfell_2017,-0.893,False,395,-10.19,-17.14,1.0,0.018,0.919
2022-06-29,broadleaf_restock,-0.893,False,700,-7.83,-12.97,3.36,0.0,0.997
2022-06-29,felling_1998_control,-0.893,False,981,-8.75,-13.12,2.43,0.008,0.982
2022-06-29,rides,-0.893,False,432,-9.32,-14.12,1.86,0.025,0.961
2022-06-29,forest_edge_band,-0.893,False,1637,-8.58,-14.05,2.6,0.048,0.953
2022-06-29,closed_pine,-0.893,False,22397,-8.91,-13.53,2.27,0.014,0.965
2022-07-11,clearfell_2017,-0.953,False,395,-14.23,-19.24,-2.29,0.641,0.716
2022-07-11,broadleaf_restock,-0.953,False,700,-8.18,-13.49,3.75,0.0,1.0
2022-07-11,felling_1998_control,-0.953,False,981,-9.92,-14.12,2.01,0.007,0.942
2022-07-11,rides,-0.953,False,432,-10.17,-14.68,1.77,0.012,0.873
2022-07-11,forest_edge_band,-0.953,False,1637,-9.7,-14.44,2.24,0.046,0.877
2022-07-11,closed_pine,-0.953,False,22397,-9.34,-14.08,2.59,0.013,0.934
2022-07-23,clearfell_2017,-1.011,False,395,-14.6,-19.82,-1.63,0.486,0.552
2022-07-23,broadleaf_restock,-1.011,False,700,-8.61,-13.5,4.36,0.0,0.999
2022-07-23,felling_1998_control,-1.011,False,981,-9.59,-13.86,3.37,0.0,0.909
2022-07-23,rides,-1.011,False,432,-10.14,-14.96,2.83,0.002,0.78
2022-07-23,forest_edge_band,-1.011,False,1637,-9.95,-14.51,3.02,0.024,0.818
2022-07-23,closed_pine,-1.011,False,22397,-9.6,-14.2,3.37,0.004,0.887
2022-08-04,clearfell_2017,-1.072,False,395,-13.29,-19.21,-0.88,0.327,0.468
2022-08-04,broadleaf_restock,-1.072,False,700,-8.02,-13.82,4.39,0.0,0.997
2022-08-04,felling_1998_control,-1.072,False,981,-9.95,-13.76,2.46,0.001,0.923
2022-08-04,rides,-1.072,False,432,-9.79,-14.57,2.62,0.005,0.866
2022-08-04,forest_edge_band,-1.072,False,1637,-9.38,-14.15,3.03,0.038,0.893
2022-08-04,closed_pine,-1.072,False,22397,-9.29,-14.0,3.12,0.005,0.934
2022-08-16,clearfell_2017,-1.138,False,395,-13.11,-19.25,-0.93,0.314,0.484
2022-08-16,broadleaf_restock,-1.138,False,700,-8.76,-13.68,3.43,0.0,0.977
2022-08-16,felling_1998_control,-1.138,False,981,-9.72,-13.82,2.47,0.006,0.907
2022-08-16,rides,-1.138,False,432,-10.37,-14.55,1.82,0.044,0.829
2022-08-16,forest_edge_band,-1.138,False,1637,-9.57,-14.37,2.62,0.034,0.871
2022-08-16,closed_pine,-1.138,False,22397,-9.62,-14.09,2.57,0.01,0.905
2022-08-28,clearfell_2017,-1.204,False,395,-13.48,-19.18,-1.24,0.4,0.577
2022-08-28,broadleaf_restock,-1.204,False,700,-8.12,-13.31,4.13,0.0,0.99
2022-08-28,felling_1998_control,-1.204,False,981,-9.62,-14.07,2.63,0.001,0.945
2022-08-28,rides,-1.204,False,432,-10.14,-14.85,2.11,0.005,0.847
2022-08-28,forest_edge_band,-1.204,False,1637,-9.29,-14.52,2.95,0.038,0.855
2022-08-28,closed_pine,-1.204,False,22397,-9.59,-14.06,2.65,0.01,0.904
2022-09-21,clearfell_2017,-1.276,False,395,-13.87,-19.01,-1.26,0.375,0.491
2022-09-21,broadleaf_restock,-1.276,False,700,-8.01,-13.17,4.59,0.0,0.993
2022-09-21,felling_1998_control,-1.276,False,981,-9.77,-13.75,2.84,0.001,0.934
2022-09-21,rides,-1.276,False,432,-10.02,-14.38,2.58,0.019,0.861
2022-09-21,forest_edge_band,-1.276,False,1637,-9.82,-14.28,2.78,0.038,0.85
2022-09-21,closed_pine,-1.276,False,22397,-9.63,-13.8,2.98,0.007,0.901
2022-10-03,clearfell_2017,-1.289,False,395,-13.08,-19.2,-0.52,0.144,0.299
2022-10-03,broadleaf_restock,-1.289,False,700,-8.41,-13.89,4.15,0.0,0.996
2022-10-03,felling_1998_control,-1.289,False,981,-9.73,-14.3,2.83,0.0,0.932
2022-10-03,rides,-1.289,False,432,-9.72,-14.65,2.83,0.016,0.847
2022-10-03,forest_edge_band,-1.289,False,1637,-9.23,-14.69,3.33,0.036,0.829
2022-10-03,closed_pine,-1.289,False,22397,-9.54,-14.08,3.02,0.007,0.906
2022-10-15,clearfell_2017,-1.247,False,395,-10.06,-17.72,1.29,0.013,0.808
2022-10-15,broadleaf_restock,-1.247,False,700,-8.05,-13.24,3.3,0.0,1.0
2022-10-15,felling_1998_control,-1.247,False,981,-9.08,-13.53,2.27,0.005,0.957
2022-10-15,rides,-1.247,False,432,-9.73,-14.19,1.62,0.039,0.912
2022-10-15,forest_edge_band,-1.247,False,1637,-8.94,-14.17,2.41,0.034,0.947
2022-10-15,closed_pine,-1.247,False,22397,-9.18,-13.71,2.17,0.011,0.955
2022-10-27,clearfell_2017,-1.204,False,395,-10.88,-18.63,0.65,0.104,0.803
2022-10-27,broadleaf_restock,-1.204,False,700,-7.87,-12.86,3.67,0.0,0.993
2022-10-27,felling_1998_control,-1.204,False,981,-8.97,-13.5,2.56,0.004,0.962
2022-10-27,rides,-1.204,False,432,-9.45,-13.99,2.09,0.012,0.921
2022-10-27,forest_edge_band,-1.204,False,1637,-9.14,-13.77,2.39,0.042,0.923
2022-10-27,closed_pine,-1.204,False,22397,-9.08,-13.34,2.45,0.009,0.96
2022-11-08,clearfell_2017,-1.091,True,395,-10.55,-17.09,0.89,0.018,0.841
2022-11-08,broadleaf_restock,-1.091,True,700,-8.15,-12.56,3.29,0.0,0.997
2022-11-08,felling_1998_control,-1.091,True,981,-9.09,-13.33,2.35,0.0,0.984
2022-11-08,rides,-1.091,True,432,-9.46,-13.36,1.98,0.012,0.94
2022-11-08,forest_edge_band,-1.091,True,1637,-8.86,-13.31,2.57,0.027,0.959
2022-11-08,closed_pine,-1.091,True,22397,-8.95,-13.25,2.49,0.01,0.963
2022-11-20,clearfell_2017,-0.943,True,395,-10.61,-17.94,0.97,0.008,0.828
2022-11-20,broadleaf_restock,-0.943,True,700,-7.87,-12.7,3.7,0.0,1.0
2022-11-20,felling_1998_control,-0.943,True,981,-9.31,-13.45,2.26,0.001,0.968
2022-11-20,rides,-0.943,True,432,-9.27,-13.81,2.31,0.028,0.914
2022-11-20,forest_edge_band,-0.943,True,1637,-9.0,-13.82,2.57,0.026,0.946
2022-11-20,closed_pine,-0.943,True,22397,-9.03,-13.56,2.54,0.011,0.956
2022-12-02,clearfell_2017,-0.809,True,395,-12.33,-18.54,0.34,0.063,0.435
2022-12-02,broadleaf_restock,-0.809,True,700,-8.9,-12.75,3.77,0.0,0.99
2022-12-02,felling_1998_control,-0.809,True,981,-9.82,-13.84,2.85,0.004,0.873
2022-12-02,rides,-0.809,True,432,-9.99,-14.41,2.68,0.016,0.859
2022-12-02,forest_edge_band,-0.809,True,1637,-9.58,-14.32,3.09,0.026,0.892
2022-12-02,closed_pine,-0.809,True,22397,-9.47,-13.77,3.2,0.007,0.908
2022-12-14,clearfell_2017,-0.741,True,395,-14.69,-21.51,-0.12,0.063,0.119
2022-12-14,broadleaf_restock,-0.741,True,700,-9.39,-14.03,5.19,0.0,0.943
2022-12-14,felling_1998_control,-0.741,True,981,-10.92,-15.28,3.66,0.0,0.741
2022-12-14,rides,-0.741,True,432,-10.79,-15.38,3.79,0.0,0.727
2022-12-14,forest_edge_band,-0.741,True,1637,-10.82,-15.49,3.75,0.001,0.678
2022-12-14,closed_pine,-0.741,True,22397,-10.5,-14.98,4.07,0.003,0.786
2022-12-26,clearfell_2017,-0.673,True,395,-10.5,-17.68,1.16,0.0,0.965
2022-12-26,broadleaf_restock,-0.673,True,700,-7.98,-12.84,3.68,0.0,0.991
2022-12-26,felling_1998_control,-0.673,True,981,-9.65,-13.42,2.01,0.01,0.942
2022-12-26,rides,-0.673,True,432,-9.62,-14.16,2.05,0.005,0.9
2022-12-26,forest_edge_band,-0.673,True,1637,-9.06,-13.96,2.6,0.024,0.953
2022-12-26,closed_pine,-0.673,True,22397,-9.1,-13.44,2.56,0.008,0.95
2023-01-07,clearfell_2017,-0.613,True,395,-10.16,-17.19,0.89,0.051,0.899
2023-01-07,broadleaf_restock,-0.613,True,700,-7.47,-11.87,3.58,0.0,1.0
2023-01-07,felling_1998_control,-0.613,True,981,-9.23,-13.18,1.82,0.01,0.973
2023-01-07,rides,-0.613,True,432,-8.99,-13.39,2.06,0.044,0.94
2023-01-07,forest_edge_band,-0.613,True,1637,-8.6,-13.34,2.45,0.036,0.982
2023-01-07,closed_pine,-0.613,True,22397,-8.59,-12.84,2.46,0.013,0.979
2023-01-19,clearfell_2017,-0.559,True,395,-12.86,-20.0,0.31,0.058,0.311
2023-01-19,broadleaf_restock,-0.559,True,700,-8.81,-13.0,4.35,0.0,0.991
2023-01-19,felling_1998_control,-0.559,True,981,-9.66,-13.87,3.5,0.0,0.964
2023-01-19,rides,-0.559,True,432,-10.04,-14.33,3.12,0.002,0.85
2023-01-19,forest_edge_band,-0.559,True,1637,-9.87,-14.47,3.3,0.029,0.818
2023-01-19,closed_pine,-0.559,True,22397,-9.51,-13.88,3.66,0.004,0.91
2023-01-31,clearfell_2017,-0.505,True,395,-11.75,-19.96,0.99,0.008,0.527
2023-01-31,broadleaf_restock,-0.505,True,700,-8.56,-12.53,4.18,0.0,0.994
2023-01-31,felling_1998_control,-0.505,True,981,-9.51,-13.68,3.23,0.0,0.984
2023-01-31,rides,-0.505,True,432,-10.06,-14.37,2.67,0.019,0.884
2023-01-31,forest_edge_band,-0.505,True,1637,-9.66,-14.47,3.07,0.029,0.889
2023-01-31,closed_pine,-0.505,True,22397,-9.3,-13.73,3.44,0.004,0.933
2023-02-12,clearfell_2017,-0.576,True,395,-12.85,-20.29,0.64,0.073,0.309
2023-02-12,broadleaf_restock,-0.576,True,700,-8.63,-13.05,4.87,0.0,0.986
2023-02-12,felling_1998_control,-0.576,True,981,-9.92,-13.92,3.57,0.0,0.939
2023-02-12,rides,-0.576,True,432,-10.37,-14.76,3.12,0.007,0.792
2023-02-12,forest_edge_band,-0.576,True,1637,-10.2,-14.73,3.3,0.032,0.812
2023-02-12,closed_pine,-0.576,True,22397,-9.72,-13.99,3.78,0.003,0.89
2023-02-24,clearfell_2017,-0.646,True,395,-11.88,-20.15,0.94,0.023,0.496
2023-02-24,broadleaf_restock,-0.646,True,700,-8.58,-12.87,4.23,0.0,0.996
2023-02-24,felling_1998_control,-0.646,True,981,-9.57,-13.87,3.25,0.0,0.95
2023-02-24,rides,-0.646,True,432,-9.75,-14.05,3.06,0.014,0.843
2023-02-24,forest_edge_band,-0.646,True,1637,-9.74,-14.46,3.07,0.027,0.836
2023-02-24,closed_pine,-0.646,True,22397,-9.49,-13.81,3.32,0.006,0.919
2023-03-08,clearfell_2017,-0.603,True,395,-13.83,-21.3,0.24,0.053,0.165
2023-03-08,broadleaf_restock,-0.603,True,700,-9.08,-13.66,4.99,0.0,0.974
2023-03-08,felling_1998_control,-0.603,True,981,-10.25,-14.5,3.83,0.0,0.862
2023-03-08,rides,-0.603,True,432,-10.39,-14.96,3.69,0.012,0.792
2023-03-08,forest_edge_band,-0.603,True,1637,-10.75,-14.98,3.33,0.019,0.699
2023-03-08,closed_pine,-0.603,True,22397,-10.09,-14.44,3.99,0.003,0.843
2023-03-20,clearfell_2017,-0.502,True,395,-9.74,-16.86,1.05,0.005,0.947
2023-03-20,broadleaf_restock,-0.502,True,700,-7.74,-12.05,3.06,0.001,0.997
2023-03-20,felling_1998_control,-0.502,True,981,-8.86,-13.02,1.93,0.003,0.995
2023-03-20,rides,-0.502,True,432,-8.76,-13.25,2.03,0.035,0.958
2023-03-20,forest_edge_band,-0.502,True,1637,-8.56,-12.93,2.24,0.036,0.973
2023-03-20,closed_pine,-0.502,True,22397,-8.68,-12.84,2.12,0.019,0.98
2023-04-01,clearfell_2017,-0.417,False,395,-10.57,-18.02,1.19,0.025,0.818
2023-04-01,broadleaf_restock,-0.417,False,700,-7.95,-12.02,3.82,0.0,1.0
2023-04-01,felling_1998_control,-0.417,False,981,-9.49,-13.56,2.28,0.003,0.976
2023-04-01,rides,-0.417,False,432,-9.58,-13.98,2.19,0.039,0.914
2023-04-01,forest_edge_band,-0.417,False,1637,-9.2,-13.87,2.56,0.027,0.927
2023-04-01,closed_pine,-0.417,False,22397,-9.22,-13.51,2.55,0.01,0.95
2023-04-13,clearfell_2017,-0.501,False,395,-11.5,-19.34,0.43,0.005,0.628
2023-04-13,broadleaf_restock,-0.501,False,700,-8.34,-12.67,3.59,0.0,0.991
2023-04-13,felling_1998_control,-0.501,False,981,-9.32,-13.88,2.61,0.0,0.973
2023-04-13,rides,-0.501,False,432,-9.77,-14.25,2.15,0.009,0.884
2023-04-13,forest_edge_band,-0.501,False,1637,-9.27,-14.34,2.66,0.044,0.911
2023-04-13,closed_pine,-0.501,False,22397,-9.19,-13.72,2.74,0.008,0.941
2023-04-25,clearfell_2017,-0.585,False,395,-12.39,-19.06,0.14,0.127,0.494
2023-04-25,broadleaf_restock,-0.585,False,700,-8.29,-13.07,4.24,0.0,1.0
2023-04-25,felling_1998_control,-0.585,False,981,-9.76,-14.11,2.77,0.001,0.885
2023-04-25,rides,-0.585,False,432,-9.8,-14.7,2.72,0.002,0.84
2023-04-25,forest_edge_band,-0.585,False,1637,-9.28,-14.55,3.25,0.018,0.878
2023-04-25,closed_pine,-0.585,False,22397,-9.75,-14.11,2.78,0.01,0.884
2023-05-07,clearfell_2017,-0.67,False,395,-12.9,-19.96,-0.53,0.17,0.352
2023-05-07,broadleaf_restock,-0.67,False,700,-8.25,-13.29,4.12,0.0,0.996
2023-05-07,felling_1998_control,-0.67,False,981,-9.21,-13.44,3.16,0.001,0.962
2023-05-07,rides,-0.67,False,432,-9.84,-14.57,2.53,0.025,0.824
2023-05-07,forest_edge_band,-0.67,False,1637,-9.39,-14.59,2.98,0.041,0.877
2023-05-07,closed_pine,-0.67,False,22397,-9.43,-13.89,2.94,0.007,0.924
2023-05-19,clearfell_2017,-0.755,False,395,-11.02,-17.57,-0.31,0.109,0.851
2023-05-19,broadleaf_restock,-0.755,False,700,-7.37,-13.05,3.33,0.0,1.0
2023-05-19,felling_1998_control,-0.755,False,981,-9.28,-13.56,1.43,0.005,0.991
2023-05-19,rides,-0.755,False,432,-9.51,-14.6,1.2,0.1,0.949
2023-05-19,forest_edge_band,-0.755,False,1637,-8.99,-14.27,1.72,0.057,0.959
2023-05-19,closed_pine,-0.755,False,22397,-9.18,-13.91,1.53,0.036,0.966
2023-06-12,clearfell_2017,-0.912,False,395,-10.86,-17.78,-0.66,0.134,0.977
2023-06-12,broadleaf_restock,-0.912,False,700,-7.62,-13.16,2.58,0.0,1.0
2023-06-12,felling_1998_control,-0.912,False,981,-9.24,-13.33,0.95,0.04,0.988
2023-06-12,rides,-0.912,False,432,-9.31,-14.41,0.89,0.083,0.991
2023-06-12,forest_edge_band,-0.912,False,1637,-8.29,-13.52,1.91,0.041,0.993
2023-06-12,closed_pine,-0.912,False,22397,-8.83,-13.58,1.37,0.041,0.995
2023-06-24,clearfell_2017,-0.984,False,395,-10.2,-17.57,0.22,0.114,0.97
2023-06-24,broadleaf_restock,-0.984,False,700,-7.61,-13.04,2.82,0.0,1.0
2023-06-24,felling_1998_control,-0.984,False,981,-8.66,-13.42,1.77,0.014,0.996
2023-06-24,rides,-0.984,False,432,-8.99,-13.93,1.44,0.039,0.979
2023-06-24,forest_edge_band,-0.984,False,1637,-8.45,-13.33,1.97,0.049,0.979
2023-06-24,closed_pine,-0.984,False,22397,-8.6,-13.53,1.82,0.027,0.988
2023-07-06,clearfell_2017,-1.017,False,395,-14.44,-20.14,-2.12,0.638,0.689
2023-07-06,broadleaf_restock,-1.017,False,700,-8.62,-13.45,3.71,0.0,0.987
2023-07-06,felling_1998_control,-1.017,False,981,-9.42,-13.99,2.91,0.0,0.962
2023-07-06,rides,-1.017,False,432,-9.77,-14.53,2.56,0.014,0.863
2023-07-06,forest_edge_band,-1.017,False,1637,-9.76,-14.63,2.57,0.03,0.823
2023-07-06,closed_pine,-1.017,False,22397,-9.45,-14.02,2.87,0.006,0.923
2023-07-30,clearfell_2017,-1.005,False,395,-13.8,-20.51,-1.64,0.476,0.585
2023-07-30,broadleaf_restock,-1.005,False,700,-8.24,-13.79,3.92,0.0,0.991
2023-07-30,felling_1998_control,-1.005,False,981,-9.79,-13.71,2.37,0.002,0.895
2023-07-30,rides,-1.005,False,432,-9.7,-14.64,2.47,0.016,0.859
2023-07-30,forest_edge_band,-1.005,False,1637,-9.67,-14.71,2.49,0.031,0.868
2023-07-30,closed_pine,-1.005,False,22397,-9.49,-14.13,2.68,0.01,0.923
2023-08-11,clearfell_2017,-1.005,False,395,-14.14,-19.67,-1.8,0.506,0.643
2023-08-11,broadleaf_restock,-1.005,False,700,-8.44,-13.54,3.89,0.0,0.984
2023-08-11,felling_1998_control,-1.005,False,981,-10.04,-13.93,2.29,0.004,0.937
2023-08-11,rides,-1.005,False,432,-10.04,-14.62,2.29,0.023,0.84
2023-08-11,forest_edge_band,-1.005,False,1637,-9.74,-14.37,2.59,0.034,0.871
2023-08-11,closed_pine,-1.005,False,22397,-9.57,-14.06,2.76,0.008,0.905
2023-08-23,clearfell_2017,-1.005,False,395,-10.43,-17.46,-0.35,0.187,1.0
2023-08-23,broadleaf_restock,-1.005,False,700,-7.67,-13.05,2.4,0.017,1.0
2023-08-23,felling_1998_control,-1.005,False,981,-9.49,-13.47,0.59,0.067,1.0
2023-08-23,rides,-1.005,False,432,-9.43,-14.39,0.65,0.125,1.0
2023-08-23,forest_edge_band,-1.005,False,1637,-8.88,-13.85,1.2,0.074,1.0
2023-08-23,closed_pine,-1.005,False,22397,-8.99,-13.67,1.09,0.053,1.0
2023-09-04,clearfell_2017,-0.971,False,395,-13.73,-19.38,-2.25,0.603,0.787
2023-09-04,broadleaf_restock,-0.971,False,700,-7.94,-13.46,3.54,0.0,1.0
2023-09-04,felling_1998_control,-0.971,False,981,-9.47,-13.91,2.01,0.011,0.943
2023-09-04,rides,-0.971,False,432,-9.73,-14.37,1.75,0.046,0.912
2023-09-04,forest_edge_band,-0.971,False,1637,-9.68,-14.43,1.8,0.064,0.911
2023-09-04,closed_pine,-0.971,False,22397,-9.48,-14.07,2.0,0.022,0.929
2023-09-16,clearfell_2017,-0.869,False,395,-10.8,-17.93,0.01,0.096,0.891
2023-09-16,broadleaf_restock,-0.869,False,700,-7.63,-12.92,3.19,0.0,0.997
2023-09-16,felling_1998_control,-0.869,False,981,-9.25,-13.21,1.57,0.012,0.97
2023-09-16,rides,-0.869,False,432,-9.53,-14.09,1.29,0.062,0.94
2023-09-16,forest_edge_band,-0.869,False,1637,-8.61,-13.45,2.21,0.025,0.983
2023-09-16,closed_pine,-0.869,False,22397,-9.05,-13.39,1.77,0.026,0.97
2023-09-28,clearfell_2017,-0.767,False,395,-10.84,-18.78,0.58,0.058,0.8
2023-09-28,broadleaf_restock,-0.767,False,700,-8.04,-12.59,3.38,0.0,1.0
2023-09-28,felling_1998_control,-0.767,False,981,-9.46,-13.45,1.95,0.006,0.941
2023-09-28,rides,-0.767,False,432,-9.44,-14.04,1.98,0.025,0.9
2023-09-28,forest_edge_band,-0.767,False,1637,-8.92,-13.87,2.5,0.021,0.938
2023-09-28,closed_pine,-0.767,False,22397,-9.14,-13.59,2.27,0.015,0.953
2023-10-10,clearfell_2017,-0.677,False,395,-12.34,-19.57,-0.29,0.218,0.559
2023-10-10,broadleaf_restock,-0.677,False,700,-8.16,-12.84,3.89,0.0,0.997
2023-10-10,felling_1998_control,-0.677,False,981,-9.84,-13.92,2.2,0.005,0.91
2023-10-10,rides,-0.677,False,432,-9.93,-14.09,2.12,0.032,0.836
2023-10-10,forest_edge_band,-0.677,False,1637,-9.58,-14.42,2.47,0.042,0.89
2023-10-10,closed_pine,-0.677,False,22397,-9.41,-13.81,2.64,0.008,0.921
2023-10-22,clearfell_2017,-0.59,False,395,-11.08,-19.07,0.7,0.018,0.709
2023-10-22,broadleaf_restock,-0.59,False,700,-8.03,-12.43,3.75,0.0,1.0
2023-10-22,felling_1998_control,-0.59,False,981,-9.76,-13.81,2.02,0.002,0.908
2023-10-22,rides,-0.59,False,432,-9.47,-14.41,2.31,0.042,0.912
2023-10-22,forest_edge_band,-0.59,False,1637,-9.11,-13.95,2.67,0.031,0.903
2023-10-22,closed_pine,-0.59,False,22397,-9.32,-13.72,2.46,0.01,0.937
2023-11-03,clearfell_2017,-0.517,True,395,-10.69,-17.93,0.86,0.005,0.813
2023-11-03,broadleaf_restock,-0.517,True,700,-8.04,-12.54,3.5,0.0,0.997
2023-11-03,felling_1998_control,-0.517,True,981,-10.07,-13.74,1.47,0.004,0.901
2023-11-03,rides,-0.517,True,432,-9.54,-14.17,2.01,0.028,0.912
2023-11-03,forest_edge_band,-0.517,True,1637,-9.12,-13.88,2.42,0.027,0.938
2023-11-03,closed_pine,-0.517,True,22397,-9.36,-13.63,2.18,0.016,0.943
2023-11-15,clearfell_2017,-0.483,True,395,-11.09,-19.07,0.6,0.03,0.742
2023-11-15,broadleaf_restock,-0.483,True,700,-8.16,-12.51,3.53,0.0,0.986
2023-11-15,felling_1998_control,-0.483,True,981,-9.67,-13.73,2.02,0.0,0.937
2023-11-15,rides,-0.483,True,432,-9.87,-14.24,1.82,0.019,0.891
2023-11-15,forest_edge_band,-0.483,True,1637,-9.42,-14.14,2.27,0.034,0.897
2023-11-15,closed_pine,-0.483,True,22397,-9.21,-13.75,2.48,0.009,0.951
2023-11-27,clearfell_2017,-0.448,True,395,-9.88,-17.47,0.55,0.061,0.98
2023-11-27,broadleaf_restock,-0.448,True,700,-7.67,-11.83,2.75,0.0,1.0
2023-11-27,felling_1998_control,-0.448,True,981,-9.24,-13.61,1.19,0.027,0.996
2023-11-27,rides,-0.448,True,432,-9.12,-13.95,1.31,0.042,0.988
2023-11-27,forest_edge_band,-0.448,True,1637,-8.53,-13.45,1.9,0.035,0.99
2023-11-27,closed_pine,-0.448,True,22397,-8.97,-13.51,1.46,0.04,0.986
2023-12-09,clearfell_2017,-0.367,True,395,-10.06,-17.94,0.73,0.01,0.952
2023-12-09,broadleaf_restock,-0.367,True,700,-8.26,-12.37,2.52,0.0,0.999
2023-12-09,felling_1998_control,-0.367,True,981,-9.02,-13.35,1.77,0.005,0.992
2023-12-09,rides,-0.367,True,432,-8.96,-13.59,1.83,0.042,0.965
2023-12-09,forest_edge_band,-0.367,True,1637,-8.68,-13.38,2.11,0.046,0.974
2023-12-09,closed_pine,-0.367,True,22397,-8.96,-13.09,1.83,0.021,0.973
2023-12-21,clearfell_2017,-0.271,True,395,-10.63,-18.3,1.18,0.008,0.886
2023-12-21,broadleaf_restock,-0.271,True,700,-8.14,-11.98,3.67,0.0,0.997
2023-12-21,felling_1998_control,-0.271,True,981,-9.07,-13.34,2.73,0.0,0.96
2023-12-21,rides,-0.271,True,432,-9.44,-13.95,2.36,0.019,0.933
2023-12-21,forest_edge_band,-0.271,True,1637,-9.03,-13.92,2.77,0.035,0.938
2023-12-21,closed_pine,-0.271,True,22397,-9.06,-13.41,2.75,0.009,0.952
2024-01-02,clearfell_2017,-0.183,True,395,-10.21,-18.2,1.17,0.018,0.911
2024-01-02,broadleaf_restock,-0.183,True,700,-7.95,-12.0,3.43,0.0,0.999
2024-01-02,felling_1998_control,-0.183,True,981,-9.21,-13.36,2.17,0.0,0.963
2024-01-02,rides,-0.183,True,432,-9.26,-13.57,2.12,0.035,0.938
2024-01-02,forest_edge_band,-0.183,True,1637,-8.7,-13.77,2.68,0.02,0.978
2024-01-02,closed_pine,-0.183,True,22397,-8.88,-13.13,2.5,0.01,0.959
2024-01-14,clearfell_2017,-0.143,True,395,-12.05,-19.2,0.34,0.063,0.511
2024-01-14,broadleaf_restock,-0.143,True,700,-8.3,-12.51,4.09,0.0,1.0
2024-01-14,felling_1998_control,-0.143,True,981,-9.95,-13.74,2.44,0.008,0.927
2024-01-14,rides,-0.143,True,432,-10.06,-14.26,2.33,0.037,0.815
2024-01-14,forest_edge_band,-0.143,True,1637,-9.37,-14.18,3.01,0.026,0.933
2024-01-14,closed_pine,-0.143,True,22397,-9.55,-13.73,2.84,0.007,0.915
2024-01-26,clearfell_2017,-0.102,True,395,-10.86,-18.83,1.01,0.005,0.835
2024-01-26,broadleaf_restock,-0.102,True,700,-8.26,-12.57,3.61,0.0,0.999
2024-01-26,felling_1998_control,-0.102,True,981,-9.39,-13.59,2.48,0.0,0.953
2024-01-26,rides,-0.102,True,432,-9.63,-14.34,2.24,0.012,0.905
2024-01-26,forest_edge_band,-0.102,True,1637,-9.05,-14.13,2.82,0.026,0.941
2024-01-26,closed_pine,-0.102,True,22397,-9.11,-13.64,2.76,0.009,0.954
2024-02-19,clearfell_2017,-0.029,True,395,-10.16,-17.77,0.98,0.013,0.939
2024-02-19,broadleaf_restock,-0.029,True,700,-7.88,-11.68,3.26,0.0,1.0
2024-02-19,felling_1998_control,-0.029,True,981,-9.02,-12.84,2.13,0.002,0.991
2024-02-19,rides,-0.029,True,432,-9.35,-13.47,1.8,0.028,0.919
2024-02-19,forest_edge_band,-0.029,True,1637,-8.69,-13.29,2.46,0.021,0.978
2024-02-19,closed_pine,-0.029,True,22397,-8.74,-12.95,2.41,0.011,0.976
2024-03-02,clearfell_2017,0.001,True,395,-11.15,-19.04,0.9,0.048,0.772
2024-03-02,broadleaf_restock,0.001,True,700,-8.71,-12.54,3.34,0.0,0.99
2024-03-02,felling_1998_control,0.001,True,981,-9.83,-13.65,2.23,0.0,0.911
2024-03-02,rides,0.001,True,432,-9.8,-14.3,2.25,0.023,0.87
2024-03-02,forest_edge_band,0.001,True,1637,-9.49,-14.12,2.56,0.018,0.896
2024-03-02,closed_pine,0.001,True,22397,-9.41,-13.67,2.64,0.012,0.929
2024-03-14,clearfell_2017,0.009,True,395,-9.94,-18.3,0.59,0.041,0.982
2024-03-14,broadleaf_restock,0.009,True,700,-7.23,-12.17,3.31,0.0,1.0
2024-03-14,felling_1998_control,0.009,True,981,-8.85,-13.09,1.69,0.006,0.989
2024-03-14,rides,0.009,True,432,-8.92,-13.46,1.62,0.042,0.975
2024-03-14,forest_edge_band,0.009,True,1637,-8.44,-12.64,2.09,0.026,0.994
2024-03-14,closed_pine,0.009,True,22397,-8.56,-12.88,1.98,0.02,0.987
2024-03-26,clearfell_2017,0.017,True,395,-10.87,-19.0,0.69,0.023,0.772
2024-03-26,broadleaf_restock,0.017,True,700,-8.05,-12.35,3.51,0.0,1.0
2024-03-26,felling_1998_control,0.017,True,981,-9.43,-13.49,2.14,0.001,0.938
2024-03-26,rides,0.017,True,432,-9.55,-13.92,2.02,0.039,0.905
2024-03-26,forest_edge_band,0.017,True,1637,-9.15,-13.68,2.41,0.028,0.937
2024-03-26,closed_pine,0.017,True,22397,-9.35,-13.48,2.21,0.017,0.939
2024-04-07,clearfell_2017,-0.001,False,395,-10.56,-17.98,0.59,0.043,0.785
2024-04-07,broadleaf_restock,-0.001,False,700,-7.6,-11.94,3.55,0.0,1.0
2024-04-07,felling_1998_control,-0.001,False,981,-8.89,-13.37,2.26,0.0,0.979
2024-04-07,rides,-0.001,False,432,-9.26,-13.76,1.89,0.014,0.938
2024-04-07,forest_edge_band,-0.001,False,1637,-8.78,-13.57,2.37,0.031,0.968
2024-04-07,closed_pine,-0.001,False,22397,-8.81,-13.29,2.34,0.012,0.978
2024-04-19,clearfell_2017,-0.037,False,395,-11.71,-18.77,0.24,0.081,0.608
2024-04-19,broadleaf_restock,-0.037,False,700,-8.57,-12.86,3.37,0.0,1.0
2024-04-19,felling_1998_control,-0.037,False,981,-9.46,-13.62,2.48,0.0,0.951
2024-04-19,rides,-0.037,False,432,-9.9,-14.5,2.04,0.035,0.859
2024-04-19,forest_edge_band,-0.037,False,1637,-9.62,-14.3,2.32,0.032,0.858
2024-04-19,closed_pine,-0.037,False,22397,-9.46,-13.9,2.48,0.014,0.922
2024-05-01,clearfell_2017,-0.078,False,395,-11.07,-18.59,0.48,0.144,0.81
2024-05-01,broadleaf_restock,-0.078,False,700,-7.98,-12.99,3.57,0.0,0.997
2024-05-01,felling_1998_control,-0.078,False,981,-9.22,-13.81,2.33,0.002,0.943
2024-05-01,rides,-0.078,False,432,-9.71,-14.0,1.84,0.023,0.868
2024-05-01,forest_edge_band,-0.078,False,1637,-9.14,-13.84,2.41,0.018,0.941
2024-05-01,closed_pine,-0.078,False,22397,-9.2,-13.66,2.35,0.014,0.947
2024-05-13,clearfell_2017,-0.172,False,395,-13.99,-19.8,-1.85,0.524,0.689
2024-05-13,broadleaf_restock,-0.172,False,700,-7.79,-13.13,4.36,0.0,0.993
2024-05-13,felling_1998_control,-0.172,False,981,-9.16,-13.45,2.98,0.002,0.966
2024-05-13,rides,-0.172,False,432,-9.8,-14.6,2.34,0.023,0.861
2024-05-13,forest_edge_band,-0.172,False,1637,-9.59,-14.23,2.55,0.024,0.887
2024-05-13,closed_pine,-0.172,False,22397,-9.4,-13.93,2.74,0.01,0.929
2024-05-25,clearfell_2017,-0.266,False,395,-12.33,-18.39,-0.68,0.246,0.648
2024-05-25,broadleaf_restock,-0.266,False,700,-7.83,-13.63,3.82,0.0,0.996
2024-05-25,felling_1998_control,-0.266,False,981,-9.61,-13.92,2.04,0.004,0.959
2024-05-25,rides,-0.266,False,432,-9.8,-14.49,1.86,0.009,0.868
2024-05-25,forest_edge_band,-0.266,False,1637,-8.92,-14.51,2.74,0.037,0.897
2024-05-25,closed_pine,-0.266,False,22397,-9.23,-13.92,2.42,0.014,0.946
2024-06-06,clearfell_2017,-0.371,False,395,-13.69,-19.25,-1.76,0.514,0.615
2024-06-06,broadleaf_restock,-0.371,False,700,-8.08,-13.71,3.85,0.0,0.997
2024-06-06,felling_1998_control,-0.371,False,981,-9.49,-14.25,2.44,0.003,0.933
2024-06-06,rides,-0.371,False,432,-9.9,-14.56,2.03,0.025,0.801
2024-06-06,forest_edge_band,-0.371,False,1637,-9.35,-14.71,2.57,0.066,0.888
2024-06-06,closed_pine,-0.371,False,22397,-9.31,-14.2,2.62,0.011,0.928
2024-06-18,clearfell_2017,-0.488,False,395,-14.46,-19.63,-2.53,0.727,0.797
2024-06-18,broadleaf_restock,-0.488,False,700,-8.88,-13.75,3.04,0.0,0.989
2024-06-18,felling_1998_control,-0.488,False,981,-9.86,-14.1,2.07,0.001,0.902
2024-06-18,rides,-0.488,False,432,-9.91,-14.41,2.02,0.019,0.836
2024-06-18,forest_edge_band,-0.488,False,1637,-9.54,-14.75,2.39,0.051,0.871
2024-06-18,closed_pine,-0.488,False,22397,-9.32,-14.16,2.6,0.01,0.927
2024-07-12,clearfell_2017,-0.677,False,395,-11.56,-18.22,-0.58,0.215,0.762
2024-07-12,broadleaf_restock,-0.677,False,700,-7.67,-13.07,3.32,0.0,1.0
2024-07-12,felling_1998_control,-0.677,False,981,-9.26,-13.47,1.73,0.009,0.957
2024-07-12,rides,-0.677,False,432,-9.26,-14.25,1.73,0.037,0.958
2024-07-12,forest_edge_band,-0.677,False,1637,-8.71,-13.7,2.28,0.028,0.962
2024-07-12,closed_pine,-0.677,False,22397,-8.73,-13.56,2.25,0.015,0.973
2024-07-24,clearfell_2017,-0.748,False,395,-13.22,-19.27,-1.61,0.461,0.585
2024-07-24,broadleaf_restock,-0.748,False,700,-7.84,-13.43,3.77,0.0,0.991
2024-07-24,felling_1998_control,-0.748,False,981,-9.55,-13.7,2.06,0.008,0.936
2024-07-24,rides,-0.748,False,432,-9.64,-14.58,1.97,0.046,0.889
2024-07-24,forest_edge_band,-0.748,False,1637,-9.27,-14.3,2.34,0.051,0.892
2024-07-24,closed_pine,-0.748,False,22397,-9.13,-13.7,2.48,0.012,0.946
2024-08-05,clearfell_2017,-0.798,False,395,-13.17,-19.33,-1.85,0.565,0.749
2024-08-05,broadleaf_restock,-0.798,False,700,-7.3,-13.45,4.02,0.0,0.999
2024-08-05,felling_1998_control,-0.798,False,981,-9.06,-13.63,2.27,0.002,0.971
2024-08-05,rides,-0.798,False,432,-9.55,-14.37,1.78,0.03,0.912
2024-08-05,forest_edge_band,-0.798,False,1637,-9.37,-14.25,1.96,0.047,0.898
2024-08-05,closed_pine,-0.798,False,22397,-8.87,-13.77,2.45,0.014,0.96
2024-08-17,clearfell_2017,-0.817,False,395,-14.1,-19.67,-2.07,0.62,0.681
2024-08-17,broadleaf_restock,-0.817,False,700,-7.93,-13.64,4.1,0.0,0.999
2024-08-17,felling_1998_control,-0.817,False,981,-9.38,-13.69,2.65,0.007,0.952
2024-08-17,rides,-0.817,False,432,-10.06,-14.61,1.97,0.007,0.868
2024-08-17,forest_edge_band,-0.817,False,1637,-9.28,-14.56,2.75,0.044,0.898
2024-08-17,closed_pine,-0.817,False,22397,-9.29,-13.86,2.74,0.009,0.938
2024-08-29,clearfell_2017,-0.837,False,395,-11.98,-19.16,-0.29,0.19,0.61
2024-08-29,broadleaf_restock,-0.837,False,700,-8.06,-13.24,3.64,0.0,0.996
2024-08-29,felling_1998_control,-0.837,False,981,-9.39,-13.86,2.3,0.004,0.975
2024-08-29,rides,-0.837,False,432,-9.81,-14.29,1.88,0.023,0.859
2024-08-29,forest_edge_band,-0.837,False,1637,-9.21,-14.04,2.49,0.027,0.917
2024-08-29,closed_pine,-0.837,False,22397,-9.05,-13.65,2.65,0.013,0.949
2024-09-10,clearfell_2017,-0.83,False,395,-13.16,-19.65,-0.9,0.284,0.466
2024-09-10,broadleaf_restock,-0.83,False,700,-8.15,-13.46,4.11,0.0,1.0
2024-09-10,felling_1998_control,-0.83,False,981,-9.51,-14.01,2.75,0.0,0.973
2024-09-10,rides,-0.83,False,432,-9.8,-14.33,2.46,0.016,0.877
2024-09-10,forest_edge_band,-0.83,False,1637,-9.58,-14.27,2.67,0.033,0.882
2024-09-10,closed_pine,-0.83,False,22397,-9.33,-13.94,2.93,0.006,0.929
2024-09-22,clearfell_2017,-0.818,False,395,-14.09,-19.64,-1.74,0.509,0.671
2024-09-22,broadleaf_restock,-0.818,False,700,-8.21,-13.18,4.13,0.0,1.0
2024-09-22,felling_1998_control,-0.818,False,981,-9.33,-13.77,3.02,0.0,0.94
2024-09-22,rides,-0.818,False,432,-9.96,-14.61,2.39,0.035,0.856
2024-09-22,forest_edge_band,-0.818,False,1637,-9.9,-14.46,2.44,0.033,0.82
2024-09-22,closed_pine,-0.818,False,22397,-9.4,-14.05,2.95,0.009,0.924
2024-10-04,clearfell_2017,-0.807,False,395,-13.57,-19.79,-1.12,0.385,0.605
2024-10-04,broadleaf_restock,-0.807,False,700,-8.32,-13.15,4.13,0.0,1.0
2024-10-04,felling_1998_control,-0.807,False,981,-9.76,-13.66,2.69,0.0,0.944
2024-10-04,rides,-0.807,False,432,-9.82,-14.39,2.63,0.012,0.873
2024-10-04,forest_edge_band,-0.807,False,1637,-9.82,-14.44,2.63,0.029,0.863
2024-10-04,closed_pine,-0.807,False,22397,-9.42,-13.85,3.03,0.005,0.919
2024-10-16,clearfell_2017,-0.8,False,395,-11.43,-17.89,-0.45,0.235,0.82
2024-10-16,broadleaf_restock,-0.8,False,700,-7.81,-12.32,3.17,0.0,1.0
2024-10-16,felling_1998_control,-0.8,False,981,-8.64,-13.28,2.34,0.002,0.984
2024-10-16,rides,-0.8,False,432,-9.07,-13.89,1.91,0.044,0.977
2024-10-16,forest_edge_band,-0.8,False,1637,-8.55,-13.57,2.43,0.029,0.977
2024-10-16,closed_pine,-0.8,False,22397,-8.82,-13.13,2.16,0.019,0.967
2024-10-28,clearfell_2017,-0.792,False,395,-10.86,-17.8,-0.21,0.195,0.876
2024-10-28,broadleaf_restock,-0.792,False,700,-7.43,-12.08,3.22,0.001,0.989
2024-10-28,felling_1998_control,-0.792,False,981,-8.76,-12.89,1.89,0.001,0.985
2024-10-28,rides,-0.792,False,432,-9.13,-13.38,1.52,0.03,0.97
2024-10-28,forest_edge_band,-0.792,False,1637,-8.7,-13.2,1.95,0.03,0.982
2024-10-28,closed_pine,-0.792,False,22397,-8.66,-13.03,1.99,0.021,0.982
2024-11-09,clearfell_2017,-0.787,True,395,-13.93,-19.49,-0.82,0.263,0.37
2024-11-09,broadleaf_restock,-0.787,True,700,-8.25,-13.22,4.87,0.0,1.0
2024-11-09,felling_1998_control,-0.787,True,981,-9.33,-13.43,3.78,0.0,0.962
2024-11-09,rides,-0.787,True,432,-10.07,-14.39,3.04,0.005,0.85
2024-11-09,forest_edge_band,-0.787,True,1637,-9.63,-14.6,3.48,0.054,0.823
2024-11-09,closed_pine,-0.787,True,22397,-9.55,-13.9,3.56,0.006,0.905
2024-11-21,clearfell_2017,-0.783,True,395,-13.99,-20.78,0.32,0.066,0.167
2024-11-21,broadleaf_restock,-0.783,True,700,-9.0,-13.65,5.31,0.0,0.979
2024-11-21,felling_1998_control,-0.783,True,981,-10.25,-14.59,4.07,0.0,0.835
2024-11-21,rides,-0.783,True,432,-10.42,-15.12,3.9,0.002,0.736
2024-11-21,forest_edge_band,-0.783,True,1637,-10.28,-15.14,4.03,0.016,0.736
2024-11-21,closed_pine,-0.783,True,22397,-9.94,-14.27,4.38,0.004,0.862
2024-12-03,clearfell_2017,-0.743,True,395,-10.93,-17.86,0.31,0.053,0.754
2024-12-03,broadleaf_restock,-0.743,True,700,-7.82,-12.47,3.42,0.0,1.0
2024-12-03,felling_1998_control,-0.743,True,981,-9.06,-13.35,2.19,0.008,0.979
2024-12-03,rides,-0.743,True,432,-9.5,-14.22,1.74,0.023,0.91
2024-12-03,forest_edge_band,-0.743,True,1637,-8.98,-14.03,2.27,0.03,0.963
2024-12-03,closed_pine,-0.743,True,22397,-9.22,-13.54,2.03,0.017,0.953
2024-12-15,clearfell_2017,-0.594,True,395,-11.61,-18.17,0.08,0.053,0.643
2024-12-15,broadleaf_restock,-0.594,True,700,-7.89,-12.19,3.8,0.0,1.0
2024-12-15,felling_1998_control,-0.594,True,981,-9.34,-13.23,2.35,0.0,0.957
2024-12-15,rides,-0.594,True,432,-9.43,-13.83,2.25,0.007,0.914
2024-12-15,forest_edge_band,-0.594,True,1637,-8.91,-13.71,2.77,0.021,0.924
2024-12-15,closed_pine,-0.594,True,22397,-8.94,-13.16,2.74,0.008,0.961
2024-12-27,clearfell_2017,-0.445,True,395,-12.09,-19.09,0.36,0.018,0.438
2024-12-27,broadleaf_restock,-0.445,True,700,-8.3,-12.48,4.15,0.0,0.997
2024-12-27,felling_1998_control,-0.445,True,981,-9.55,-13.35,2.9,0.001,0.933
2024-12-27,rides,-0.445,True,432,-9.76,-13.97,2.69,0.023,0.873
2024-12-27,forest_edge_band,-0.445,True,1637,-9.41,-14.11,3.04,0.032,0.883
2024-12-27,closed_pine,-0.445,True,22397,-9.1,-13.47,3.35,0.005,0.941
2025-01-08,clearfell_2017,-0.347,True,395,-14.28,-21.0,-0.49,0.182,0.223
2025-01-08,broadleaf_restock,-0.347,True,700,-8.68,-13.44,5.1,0.0,0.991
2025-01-08,felling_1998_control,-0.347,True,981,-10.07,-14.51,3.72,0.0,0.851
2025-01-08,rides,-0.347,True,432,-10.12,-14.41,3.67,0.012,0.792
2025-01-08,forest_edge_band,-0.347,True,1637,-10.03,-14.74,3.76,0.02,0.803
2025-01-08,closed_pine,-0.347,True,22397,-9.62,-13.98,4.17,0.004,0.888
2025-01-20,clearfell_2017,-0.276,True,395,-13.22,-19.77,-0.3,0.233,0.473
2025-01-20,broadleaf_restock,-0.276,True,700,-8.54,-12.22,4.39,0.0,0.999
2025-01-20,felling_1998_control,-0.276,True,981,-9.83,-13.48,3.09,0.0,0.895
2025-01-20,rides,-0.276,True,432,-9.84,-14.08,3.08,0.002,0.831
2025-01-20,forest_edge_band,-0.276,True,1637,-9.98,-14.41,2.95,0.035,0.841
2025-01-20,closed_pine,-0.276,True,22397,-9.51,-13.54,3.41,0.003,0.913
2025-02-13,clearfell_2017,-0.256,True,395,-14.16,-20.54,-0.87,0.286,0.397
2025-02-13,broadleaf_restock,-0.256,True,700,-8.54,-13.22,4.75,0.0,0.97
2025-02-13,felling_1998_control,-0.256,True,981,-9.88,-13.98,3.42,0.0,0.938
2025-02-13,rides,-0.256,True,432,-10.1,-14.93,3.19,0.019,0.817
2025-02-13,forest_edge_band,-0.256,True,1637,-9.98,-14.86,3.32,0.026,0.787
2025-02-13,closed_pine,-0.256,True,22397,-9.69,-14.04,3.61,0.005,0.884
2025-02-25,clearfell_2017,-0.299,True,395,-12.34,-19.59,0.02,0.137,0.572
2025-02-25,broadleaf_restock,-0.299,True,700,-8.44,-13.09,3.92,0.0,0.991
2025-02-25,felling_1998_control,-0.299,True,981,-9.27,-12.97,3.09,0.0,0.96
2025-02-25,rides,-0.299,True,432,-9.43,-14.22,2.93,0.016,0.894
2025-02-25,forest_edge_band,-0.299,True,1637,-9.35,-14.14,3.01,0.015,0.9
2025-02-25,closed_pine,-0.299,True,22397,-9.17,-13.41,3.19,0.007,0.937
2025-03-09,clearfell_2017,-0.387,True,395,-14.1,-20.59,-0.74,0.218,0.248
2025-03-09,broadleaf_restock,-0.387,True,700,-8.5,-12.33,4.86,0.0,0.994
2025-03-09,felling_1998_control,-0.387,True,981,-9.59,-13.38,3.77,0.0,0.916
2025-03-09,rides,-0.387,True,432,-9.8,-14.38,3.57,0.005,0.81
2025-03-09,forest_edge_band,-0.387,True,1637,-9.8,-14.44,3.56,0.026,0.816
2025-03-09,closed_pine,-0.387,True,22397,-9.49,-13.67,3.87,0.005,0.913
2025-04-02,clearfell_2017,-0.589,False,395,-14.68,-20.83,-1.27,0.37,0.448
2025-04-02,broadleaf_restock,-0.589,False,700,-8.55,-12.76,4.87,0.0,0.986
2025-04-02,felling_1998_control,-0.589,False,981,-9.95,-13.62,3.47,0.0,0.927
2025-04-02,rides,-0.589,False,432,-10.32,-14.17,3.1,0.019,0.759
2025-04-02,forest_edge_band,-0.589,False,1637,-10.23,-14.36,3.19,0.031,0.78
2025-04-02,closed_pine,-0.589,False,22397,-9.65,-13.88,3.76,0.004,0.892
2025-04-08,clearfell_2017,-0.63,False,395,-16.35,-22.84,-1.58,0.471,0.481
2025-04-08,broadleaf_restock,-0.63,False,700,-9.21,-14.66,5.56,0.0,0.971
2025-04-08,felling_1998_control,-0.63,False,981,-10.45,-15.14,4.32,0.0,0.801
2025-04-08,rides,-0.63,False,432,-10.69,-15.8,4.08,0.005,0.731
2025-04-08,forest_edge_band,-0.63,False,1637,-10.94,-16.15,3.83,0.028,0.673
2025-04-08,closed_pine,-0.63,False,22397,-10.5,-15.48,4.27,0.002,0.768
2025-04-14,clearfell_2017,-0.671,False,395,-10.44,-17.85,0.44,0.035,0.937
2025-04-14,broadleaf_restock,-0.671,False,700,-8.07,-12.65,2.82,0.0,0.996
2025-04-14,felling_1998_control,-0.671,False,981,-9.0,-13.5,1.89,0.001,0.985
2025-04-14,rides,-0.671,False,432,-9.33,-14.22,1.56,0.035,0.944
2025-04-14,forest_edge_band,-0.671,False,1637,-8.96,-13.69,1.93,0.049,0.966
2025-04-14,closed_pine,-0.671,False,22397,-8.97,-13.55,1.92,0.021,0.969
2025-04-20,clearfell_2017,-0.712,False,395,-12.88,-21.49,0.07,0.182,0.478
2025-04-20,broadleaf_restock,-0.712,False,700,-8.63,-13.97,4.32,0.0,0.989
2025-04-20,felling_1998_control,-0.712,False,981,-9.66,-14.47,3.29,0.0,0.958
2025-04-20,rides,-0.712,False,432,-9.82,-15.46,3.13,0.009,0.854
2025-04-20,forest_edge_band,-0.712,False,1637,-9.62,-15.33,3.33,0.015,0.849
2025-04-20,closed_pine,-0.712,False,22397,-9.76,-14.7,3.2,0.007,0.897
2025-04-26,clearfell_2017,-0.753,False,395,-11.46,-18.53,-0.62,0.256,0.803
2025-04-26,broadleaf_restock,-0.753,False,700,-7.94,-13.23,2.9,0.0,0.999
2025-04-26,felling_1998_control,-0.753,False,981,-9.02,-13.09,1.82,0.006,0.992
2025-04-26,rides,-0.753,False,432,-9.41,-14.1,1.43,0.039,0.951
2025-04-26,forest_edge_band,-0.753,False,1637,-8.73,-13.84,2.11,0.045,0.974
2025-04-26,closed_pine,-0.753,False,22397,-8.98,-13.49,1.86,0.021,0.976
2025-05-02,clearfell_2017,-0.785,False,395,-15.67,-22.05,-2.18,0.58,0.605
2025-05-02,broadleaf_restock,-0.785,False,700,-8.97,-15.14,4.52,0.0,0.971
2025-05-02,felling_1998_control,-0.785,False,981,-10.22,-14.7,3.27,0.0,0.892
2025-05-02,rides,-0.785,False,432,-10.49,-15.83,3.0,0.012,0.757
2025-05-02,forest_edge_band,-0.785,False,1637,-10.42,-16.06,3.07,0.032,0.767
2025-05-02,closed_pine,-0.785,False,22397,-10.16,-15.41,3.34,0.006,0.837
2025-05-08,clearfell_2017,-0.799,False,395,-14.22,-20.2,-1.43,0.456,0.549
2025-05-08,broadleaf_restock,-0.799,False,700,-8.22,-13.72,4.57,0.0,0.997
2025-05-08,felling_1998_control,-0.799,False,981,-9.19,-13.67,3.6,0.0,0.954
2025-05-08,rides,-0.799,False,432,-10.14,-14.49,2.65,0.007,0.845
2025-05-08,forest_edge_band,-0.799,False,1637,-9.76,-14.82,3.03,0.045,0.839
2025-05-08,closed_pine,-0.799,False,22397,-9.52,-14.2,3.27,0.008,0.901
2025-05-14,clearfell_2017,-0.814,False,395,-15.66,-22.54,-2.05,0.608,0.625
2025-05-14,broadleaf_restock,-0.814,False,700,-8.74,-14.51,4.87,0.0,0.969
2025-05-14,felling_1998_control,-0.814,False,981,-10.01,-14.93,3.61,0.0,0.872
2025-05-14,rides,-0.814,False,432,-10.38,-15.9,3.23,0.005,0.806
2025-05-14,forest_edge_band,-0.814,False,1637,-10.22,-15.98,3.4,0.034,0.773
2025-05-14,closed_pine,-0.814,False,22397,-9.9,-15.29,3.72,0.006,0.854
2025-05-20,clearfell_2017,-0.828,False,395,-14.77,-20.54,-1.88,0.544,0.597
2025-05-20,broadleaf_restock,-0.828,False,700,-7.84,-13.48,5.04,0.0,1.0
2025-05-20,felling_1998_control,-0.828,False,981,-9.42,-14.18,3.47,0.0,0.953
2025-05-20,rides,-0.828,False,432,-9.78,-15.08,3.1,0.009,0.875
2025-05-20,forest_edge_band,-0.828,False,1637,-9.87,-14.67,3.02,0.034,0.825
2025-05-20,closed_pine,-0.828,False,22397,-9.47,-14.17,3.42,0.004,0.914
2025-05-26,clearfell_2017,-0.843,False,395,-14.03,-21.63,-1.3,0.43,0.567
2025-05-26,broadleaf_restock,-0.843,False,700,-8.64,-14.34,4.09,0.0,0.999
2025-05-26,felling_1998_control,-0.843,False,981,-9.74,-14.22,2.99,0.0,0.917
2025-05-26,rides,-0.843,False,432,-9.68,-15.34,3.05,0.005,0.87
2025-05-26,forest_edge_band,-0.843,False,1637,-9.71,-15.28,3.02,0.032,0.849
2025-05-26,closed_pine,-0.843,False,22397,-9.37,-14.67,3.36,0.005,0.92
2025-06-01,clearfell_2017,-0.859,False,395,-14.21,-19.93,-1.86,0.567,0.633
2025-06-01,broadleaf_restock,-0.859,False,700,-8.51,-13.5,3.84,0.0,0.984
2025-06-01,felling_1998_control,-0.859,False,981,-9.42,-13.6,2.93,0.001,0.957
2025-06-01,rides,-0.859,False,432,-9.78,-14.57,2.57,0.007,0.91
2025-06-01,forest_edge_band,-0.859,False,1637,-9.59,-14.43,2.76,0.045,0.831
2025-06-01,closed_pine,-0.859,False,22397,-9.26,-13.77,3.09,0.008,0.927
2025-06-07,clearfell_2017,-0.885,False,395,-12.12,-20.21,-0.02,0.111,0.547
2025-06-07,broadleaf_restock,-0.885,False,700,-7.97,-13.94,4.14,0.0,1.0
2025-06-07,felling_1998_control,-0.885,False,981,-9.43,-14.01,2.68,0.002,0.978
2025-06-07,rides,-0.885,False,432,-9.62,-14.7,2.48,0.009,0.866
2025-06-07,forest_edge_band,-0.885,False,1637,-9.28,-14.73,2.82,0.03,0.944
2025-06-07,closed_pine,-0.885,False,22397,-9.18,-14.38,2.92,0.006,0.936
2025-06-13,clearfell_2017,-0.911,False,395,-11.5,-18.34,-0.05,0.137,0.714
2025-06-13,broadleaf_restock,-0.911,False,700,-8.39,-13.13,3.07,0.0,0.984
2025-06-13,felling_1998_control,-0.911,False,981,-9.02,-13.0,2.44,0.001,0.986
2025-06-13,rides,-0.911,False,432,-9.13,-14.1,2.33,0.021,0.944
2025-06-13,forest_edge_band,-0.911,False,1637,-8.85,-13.69,2.61,0.024,0.948
2025-06-13,closed_pine,-0.911,False,22397,-8.82,-13.18,2.64,0.009,0.97
2025-06-19,clearfell_2017,-0.937,False,395,-13.78,-20.62,-1.69,0.494,0.587
2025-06-19,broadleaf_restock,-0.937,False,700,-7.91,-14.38,4.19,0.0,1.0
2025-06-19,felling_1998_control,-0.937,False,981,-9.57,-14.14,2.52,0.0,0.961
2025-06-19,rides,-0.937,False,432,-9.67,-14.89,2.42,0.012,0.866
2025-06-19,forest_edge_band,-0.937,False,1637,-9.3,-15.18,2.79,0.034,0.852
2025-06-19,closed_pine,-0.937,False,22397,-9.33,-14.47,2.76,0.011,0.919
2025-06-25,clearfell_2017,-0.963,False,395,-11.34,-17.22,-0.67,0.218,0.843
2025-06-25,broadleaf_restock,-0.963,False,700,-7.62,-13.01,3.04,0.0,1.0
2025-06-25,felling_1998_control,-0.963,False,981,-8.91,-13.21,1.76,0.008,0.989
2025-06-25,rides,-0.963,False,432,-9.05,-14.16,1.62,0.023,0.963
2025-06-25,forest_edge_band,-0.963,False,1637,-8.49,-13.78,2.17,0.045,0.973
2025-06-25,closed_pine,-0.963,False,22397,-8.64,-13.46,2.02,0.022,0.981
2025-07-01,clearfell_2017,-0.99,False,395,-13.68,-20.47,-0.96,0.294,0.4
2025-07-01,broadleaf_restock,-0.99,False,700,-8.79,-13.65,3.93,0.0,0.993
2025-07-01,felling_1998_control,-0.99,False,981,-9.32,-13.98,3.4,0.0,0.971
2025-07-01,rides,-0.99,False,432,-9.82,-15.01,2.9,0.0,0.826
2025-07-01,forest_edge_band,-0.99,False,1637,-9.76,-15.11,2.95,0.027,0.847
2025-07-01,closed_pine,-0.99,False,22397,-9.44,-14.43,3.27,0.006,0.909
2025-07-07,clearfell_2017,-1.021,False,395,-12.83,-18.87,-1.24,0.387,0.554
2025-07-07,broadleaf_restock,-1.021,False,700,-8.45,-13.65,3.14,0.0,0.987
2025-07-07,felling_1998_control,-1.021,False,981,-9.42,-13.69,2.17,0.013,0.958
2025-07-07,rides,-1.021,False,432,-9.83,-14.67,1.75,0.06,0.873
2025-07-07,forest_edge_band,-1.021,False,1637,-9.56,-14.5,2.02,0.049,0.893
2025-07-07,closed_pine,-1.021,False,22397,-9.4,-13.97,2.19,0.019,0.932
2025-07-13,clearfell_2017,-1.052,False,395,-13.81,-20.38,-1.18,0.359,0.42
2025-07-13,broadleaf_restock,-1.052,False,700,-8.28,-13.55,4.35,0.0,0.983
2025-07-13,felling_1998_control,-1.052,False,981,-9.44,-14.01,3.19,0.0,0.937
2025-07-13,rides,-1.052,False,432,-9.4,-14.84,3.23,0.007,0.873
2025-07-13,forest_edge_band,-1.052,False,1637,-9.45,-14.72,3.18,0.016,0.853
2025-07-13,closed_pine,-1.052,False,22397,-9.32,-14.32,3.31,0.007,0.927
2025-07-19,clearfell_2017,-1.083,False,395,-14.08,-19.6,-1.65,0.461,0.544
2025-07-19,broadleaf_restock,-1.083,False,700,-8.26,-13.47,4.16,0.0,0.996
2025-07-19,felling_1998_control,-1.083,False,981,-9.5,-13.56,2.93,0.0,0.943
2025-07-19,rides,-1.083,False,432,-9.79,-14.32,2.64,0.019,0.88
2025-07-19,forest_edge_band,-1.083,False,1637,-9.95,-14.68,2.48,0.043,0.858
2025-07-19,closed_pine,-1.083,False,22397,-9.36,-13.95,3.07,0.007,0.928
2025-07-25,clearfell_2017,-1.114,False,395,-13.81,-20.36,-1.39,0.372,0.451
2025-07-25,broadleaf_restock,-1.114,False,700,-8.34,-13.65,4.08,0.0,1.0
2025-07-25,felling_1998_control,-1.114,False,981,-9.23,-14.21,3.19,0.0,0.951
2025-07-25,rides,-1.114,False,432,-9.39,-14.79,3.03,0.005,0.882
2025-07-25,forest_edge_band,-1.114,False,1637,-9.82,-14.93,2.61,0.052,0.845
2025-07-25,closed_pine,-1.114,False,22397,-9.46,-14.51,2.97,0.006,0.911
2025-07-31,clearfell_2017,-1.144,False,395,-13.92,-19.03,-1.87,0.57,0.684
2025-07-31,broadleaf_restock,-1.144,False,700,-8.11,-13.07,3.94,0.0,0.994
2025-07-31,felling_1998_control,-1.144,False,981,-9.23,-13.25,2.82,0.0,0.978
2025-07-31,rides,-1.144,False,432,-9.84,-14.14,2.21,0.012,0.856
2025-07-31,forest_edge_band,-1.144,False,1637,-9.33,-14.44,2.72,0.035,0.864
2025-07-31,closed_pine,-1.144,False,22397,-9.41,-13.88,2.64,0.012,0.923
2025-08-06,clearfell_2017,-1.171,False,395,-14.62,-21.12,-1.66,0.463,0.511
2025-08-06,broadleaf_restock,-1.171,False,700,-8.87,-14.12,4.09,0.0,0.993
2025-08-06,felling_1998_control,-1.171,False,981,-9.25,-14.18,3.71,0.0,0.958
2025-08-06,rides,-1.171,False,432,-9.89,-15.04,3.07,0.021,0.826
2025-08-06,forest_edge_band,-1.171,False,1637,-9.83,-15.24,3.13,0.038,0.792
2025-08-06,closed_pine,-1.171,False,22397,-9.65,-14.68,3.31,0.006,0.903
2025-08-12,clearfell_2017,-1.197,False,395,-13.44,-19.28,-1.49,0.428,0.58
2025-08-12,broadleaf_restock,-1.197,False,700,-8.19,-13.13,3.76,0.0,0.994
2025-08-12,felling_1998_control,-1.197,False,981,-9.19,-13.41,2.76,0.011,0.941
2025-08-12,rides,-1.197,False,432,-9.99,-14.38,1.96,0.009,0.88
2025-08-12,forest_edge_band,-1.197,False,1637,-9.34,-14.68,2.61,0.037,0.864
2025-08-12,closed_pine,-1.197,False,22397,-9.4,-13.96,2.55,0.011,0.925
2025-08-18,clearfell_2017,-1.223,False,395,-15.22,-20.86,-1.8,0.514,0.537
2025-08-18,broadleaf_restock,-1.223,False,700,-8.59,-13.93,4.82,0.0,0.984
2025-08-18,felling_1998_control,-1.223,False,981,-9.65,-14.11,3.76,0.0,0.939
2025-08-18,rides,-1.223,False,432,-9.96,-14.81,3.45,0.0,0.824
2025-08-18,forest_edge_band,-1.223,False,1637,-10.11,-15.33,3.3,0.035,0.775
2025-08-18,closed_pine,-1.223,False,22397,-9.81,-14.72,3.6,0.004,0.879
2025-08-24,clearfell_2017,-1.249,False,395,-15.5,-20.09,-1.92,0.577,0.608
2025-08-24,broadleaf_restock,-1.249,False,700,-8.6,-13.57,4.98,0.0,0.994
2025-08-24,felling_1998_control,-1.249,False,981,-9.82,-13.69,3.76,0.002,0.919
2025-08-24,rides,-1.249,False,432,-10.16,-15.0,3.42,0.0,0.81
2025-08-24,forest_edge_band,-1.249,False,1637,-10.1,-14.97,3.48,0.015,0.755
2025-08-24,closed_pine,-1.249,False,22397,-9.84,-14.14,3.75,0.005,0.871
2025-08-30,clearfell_2017,-1.276,False,395,-14.42,-21.12,-1.51,0.456,0.504
2025-08-30,broadleaf_restock,-1.276,False,700,-8.74,-13.9,4.17,0.0,0.981
2025-08-30,felling_1998_control,-1.276,False,981,-9.61,-14.31,3.29,0.002,0.919
2025-08-30,rides,-1.276,False,432,-9.59,-15.02,3.32,0.012,0.856
2025-08-30,forest_edge_band,-1.276,False,1637,-9.79,-15.26,3.11,0.045,0.809
2025-08-30,closed_pine,-1.276,False,22397,-9.67,-14.58,3.24,0.008,0.897
2025-09-05,clearfell_2017,-1.248,False,395,-13.04,-19.16,-0.77,0.248,0.43
2025-09-05,broadleaf_restock,-1.248,False,700,-8.38,-13.09,3.89,0.0,0.997
2025-09-05,felling_1998_control,-1.248,False,981,-9.38,-13.33,2.89,0.0,0.964
2025-09-05,rides,-1.248,False,432,-10.17,-14.38,2.11,0.019,0.819
2025-09-05,forest_edge_band,-1.248,False,1637,-9.87,-14.5,2.4,0.048,0.871
2025-09-05,closed_pine,-1.248,False,22397,-9.35,-13.89,2.92,0.009,0.92
2025-09-11,clearfell_2017,-1.21,False,395,-12.27,-20.13,-0.22,0.18,0.519
2025-09-11,broadleaf_restock,-1.21,False,700,-8.61,-13.73,3.45,0.0,1.0
2025-09-11,felling_1998_control,-1.21,False,981,-9.44,-14.06,2.62,0.007,0.952
2025-09-11,rides,-1.21,False,432,-9.53,-14.87,2.52,0.0,0.877
2025-09-11,forest_edge_band,-1.21,False,1637,-9.0,-14.97,3.05,0.023,0.907
2025-09-11,closed_pine,-1.21,False,22397,-9.38,-14.46,2.67,0.008,0.935
2025-09-17,clearfell_2017,-1.172,False,395,-10.76,-15.6,-1.23,0.362,1.0
2025-09-17,broadleaf_restock,-1.172,False,700,-7.18,-12.05,2.36,0.006,1.0
2025-09-17,felling_1998_control,-1.172,False,981,-8.71,-12.54,0.82,0.071,1.0
2025-09-17,rides,-1.172,False,432,-8.59,-13.29,0.94,0.095,1.0
2025-09-17,forest_edge_band,-1.172,False,1637,-7.85,-12.43,1.69,0.05,1.0
2025-09-17,closed_pine,-1.172,False,22397,-8.23,-12.91,1.31,0.039,1.0
2025-09-23,clearfell_2017,-1.134,False,395,-13.8,-20.07,-0.83,0.261,0.39
2025-09-23,broadleaf_restock,-1.134,False,700,-8.97,-14.1,4.01,0.0,0.987
2025-09-23,felling_1998_control,-1.134,False,981,-9.82,-14.37,3.16,0.001,0.866
2025-09-23,rides,-1.134,False,432,-10.01,-15.06,2.97,0.0,0.847
2025-09-23,forest_edge_band,-1.134,False,1637,-9.99,-15.37,2.99,0.013,0.815
2025-09-23,closed_pine,-1.134,False,22397,-9.77,-14.65,3.2,0.006,0.883
2025-09-29,clearfell_2017,-1.096,False,395,-12.66,-18.79,-0.27,0.162,0.446
2025-09-29,broadleaf_restock,-1.096,False,700,-8.03,-13.29,4.35,0.0,0.997
2025-09-29,felling_1998_control,-1.096,False,981,-9.45,-13.8,2.93,0.0,0.939
2025-09-29,rides,-1.096,False,432,-9.7,-14.28,2.69,0.009,0.859
2025-09-29,forest_edge_band,-1.096,False,1637,-9.49,-14.35,2.89,0.03,0.877
2025-09-29,closed_pine,-1.096,False,22397,-9.54,-13.97,2.84,0.008,0.919
2025-10-05,clearfell_2017,-1.099,False,395,-12.68,-19.87,-0.12,0.137,0.392
2025-10-05,broadleaf_restock,-1.099,False,700,-8.14,-13.84,4.42,0.0,1.0
2025-10-05,felling_1998_control,-1.099,False,981,-9.42,-14.03,3.14,0.005,0.954
2025-10-05,rides,-1.099,False,432,-9.85,-14.88,2.72,0.019,0.847
2025-10-05,forest_edge_band,-1.099,False,1637,-9.45,-14.96,3.12,0.027,0.851
2025-10-05,closed_pine,-1.099,False,22397,-9.42,-14.44,3.15,0.007,0.928
2025-10-11,clearfell_2017,-1.11,False,395,-13.77,-19.86,-0.56,0.228,0.324
2025-10-11,broadleaf_restock,-1.11,False,700,-8.82,-13.36,4.39,0.0,0.981
2025-10-11,felling_1998_control,-1.11,False,981,-10.24,-13.86,2.98,0.0,0.906
2025-10-11,rides,-1.11,False,432,-10.46,-14.85,2.76,0.012,0.773
2025-10-11,forest_edge_band,-1.11,False,1637,-10.26,-14.9,2.95,0.04,0.794
2025-10-11,closed_pine,-1.11,False,22397,-9.77,-14.26,3.44,0.006,0.879
2025-10-17,clearfell_2017,-1.12,False,395,-14.96,-21.74,-0.83,0.299,0.349
2025-10-17,broadleaf_restock,-1.12,False,700,-9.1,-14.11,5.03,0.0,0.991
2025-10-17,felling_1998_control,-1.12,False,981,-10.21,-14.64,3.92,0.0,0.85
2025-10-17,rides,-1.12,False,432,-10.46,-15.27,3.67,0.007,0.729
2025-10-17,forest_edge_band,-1.12,False,1637,-10.49,-15.88,3.64,0.019,0.726
2025-10-17,closed_pine,-1.12,False,22397,-10.17,-15.02,3.96,0.003,0.832
2025-10-23,clearfell_2017,-1.131,False,395,-12.12,-19.05,-0.05,0.116,0.522
2025-10-23,broadleaf_restock,-1.131,False,700,-8.16,-13.06,3.91,0.0,1.0
2025-10-23,felling_1998_control,-1.131,False,981,-9.74,-13.9,2.33,0.003,0.92
2025-10-23,rides,-1.131,False,432,-10.33,-14.52,1.73,0.025,0.829
2025-10-23,forest_edge_band,-1.131,False,1637,-9.42,-14.91,2.64,0.013,0.895
2025-10-23,closed_pine,-1.131,False,22397,-9.64,-14.16,2.43,0.012,0.904
2025-10-29,clearfell_2017,-1.141,False,395,-12.04,-19.99,0.57,0.048,0.476
2025-10-29,broadleaf_restock,-1.141,False,700,-8.51,-13.3,4.11,0.0,1.0
2025-10-29,felling_1998_control,-1.141,False,981,-9.64,-14.07,2.97,0.002,0.939
2025-10-29,rides,-1.141,False,432,-9.94,-14.68,2.67,0.016,0.838
2025-10-29,forest_edge_band,-1.141,False,1637,-9.55,-14.98,3.06,0.033,0.881
2025-10-29,closed_pine,-1.141,False,22397,-9.57,-14.35,3.04,0.008,0.914
2025-11-04,clearfell_2017,-1.051,True,395,-10.89,-17.41,-0.19,0.177,0.894
2025-11-04,broadleaf_restock,-1.051,True,700,-7.48,-11.88,3.22,0.0,1.0
2025-11-04,felling_1998_control,-1.051,True,981,-8.81,-12.8,1.89,0.003,0.985
2025-11-04,rides,-1.051,True,432,-8.95,-13.89,1.75,0.021,0.968
2025-11-04,forest_edge_band,-1.051,True,1637,-8.75,-13.24,1.96,0.032,0.982
2025-11-04,closed_pine,-1.051,True,22397,-8.56,-13.04,2.14,0.016,0.984
2025-11-10,clearfell_2017,-0.91,True,395,-12.13,-19.09,-0.52,0.137,0.489
2025-11-10,broadleaf_restock,-0.91,True,700,-8.22,-12.86,3.38,0.0,0.997
2025-11-10,felling_1998_control,-0.91,True,981,-9.23,-13.43,2.38,0.005,0.972
2025-11-10,rides,-0.91,True,432,-9.13,-14.32,2.48,0.016,0.896
2025-11-10,forest_edge_band,-0.91,True,1637,-9.19,-14.42,2.42,0.023,0.925
2025-11-10,closed_pine,-0.91,True,22397,-9.0,-13.8,2.6,0.011,0.958
2025-11-16,clearfell_2017,-0.769,True,395,-12.55,-18.89,-0.68,0.111,0.41
2025-11-16,broadleaf_restock,-0.769,True,700,-8.35,-11.95,3.52,0.0,0.999
2025-11-16,felling_1998_control,-0.769,True,981,-9.24,-13.27,2.62,0.001,0.968
2025-11-16,rides,-0.769,True,432,-9.75,-13.86,2.11,0.016,0.889
2025-11-16,forest_edge_band,-0.769,True,1637,-9.17,-14.11,2.69,0.041,0.927
2025-11-16,closed_pine,-0.769,True,22397,-9.13,-13.31,2.73,0.011,0.943
2025-11-22,clearfell_2017,-0.628,True,395,-11.88,-18.62,-0.44,0.17,0.646
2025-11-22,broadleaf_restock,-0.628,True,700,-8.19,-12.8,3.25,0.0,0.999
2025-11-22,felling_1998_control,-0.628,True,981,-8.97,-13.24,2.46,0.003,0.966
2025-11-22,rides,-0.628,True,432,-8.97,-14.0,2.47,0.009,0.926
2025-11-22,forest_edge_band,-0.628,True,1637,-8.79,-13.95,2.65,0.022,0.966
2025-11-22,closed_pine,-0.628,True,22397,-8.9,-13.51,2.53,0.012,0.965
2025-11-28,clearfell_2017,-0.487,True,395,-12.3,-18.76,-0.19,0.157,0.514
2025-11-28,broadleaf_restock,-0.487,True,700,-8.01,-12.13,4.1,0.0,1.0
2025-11-28,felling_1998_control,-0.487,True,981,-9.33,-13.39,2.77,0.001,0.955
2025-11-28,rides,-0.487,True,432,-9.32,-13.94,2.78,0.014,0.91
2025-11-28,forest_edge_band,-0.487,True,1637,-9.16,-13.74,2.94,0.029,0.931
2025-11-28,closed_pine,-0.487,True,22397,-8.98,-13.31,3.13,0.005,0.955
2025-12-04,clearfell_2017,-0.408,True,395,-11.18,-17.78,-0.34,0.203,0.828
2025-12-04,broadleaf_restock,-0.408,True,700,-7.83,-12.28,3.02,0.0,1.0
2025-12-04,felling_1998_control,-0.408,True,981,-9.01,-13.11,1.84,0.016,0.983
2025-12-04,rides,-0.408,True,432,-8.72,-13.94,2.12,0.049,0.965
2025-12-04,forest_edge_band,-0.408,True,1637,-8.47,-13.8,2.38,0.037,0.965
2025-12-04,closed_pine,-0.408,True,22397,-8.87,-13.63,1.97,0.024,0.974
2025-12-10,clearfell_2017,-0.359,True,395,-12.08,-18.92,-0.11,0.106,0.504
2025-12-10,broadleaf_restock,-0.359,True,700,-7.65,-12.43,4.32,0.0,1.0
2025-12-10,felling_1998_control,-0.359,True,981,-9.18,-12.94,2.79,0.0,0.975
2025-12-10,rides,-0.359,True,432,-9.22,-13.78,2.75,0.021,0.914
2025-12-10,forest_edge_band,-0.359,True,1637,-9.05,-13.96,2.92,0.029,0.906
2025-12-10,closed_pine,-0.359,True,22397,-8.94,-13.25,3.04,0.005,0.955
2025-12-16,clearfell_2017,-0.311,True,395,-12.76,-19.92,-0.48,0.197,0.504
2025-12-16,broadleaf_restock,-0.311,True,700,-7.98,-12.55,4.3,0.0,0.997
2025-12-16,felling_1998_control,-0.311,True,981,-9.03,-13.68,3.25,0.0,0.943
2025-12-16,rides,-0.311,True,432,-9.04,-13.87,3.24,0.007,0.931
2025-12-16,forest_edge_band,-0.311,True,1637,-8.95,-14.0,3.32,0.023,0.938
2025-12-16,closed_pine,-0.311,True,22397,-8.98,-13.67,3.3,0.008,0.947
2025-12-22,clearfell_2017,-0.263,True,395,-11.91,-18.17,-0.14,0.089,0.565
2025-12-22,broadleaf_restock,-0.263,True,700,-8.3,-11.93,3.47,0.0,0.999
2025-12-22,felling_1998_control,-0.263,True,981,-9.09,-13.22,2.68,0.002,0.959
2025-12-22,rides,-0.263,True,432,-9.72,-13.99,2.05,0.021,0.898
2025-12-22,forest_edge_band,-0.263,True,1637,-9.09,-13.87,2.68,0.035,0.96
2025-12-22,closed_pine,-0.263,True,22397,-8.98,-13.24,2.79,0.011,0.961
2025-12-28,clearfell_2017,-0.214,True,395,-15.36,-22.47,-0.64,0.225,0.299
2025-12-28,broadleaf_restock,-0.214,True,700,-8.92,-14.0,5.8,0.0,0.996
2025-12-28,felling_1998_control,-0.214,True,981,-10.32,-14.63,4.4,0.0,0.875
2025-12-28,rides,-0.214,True,432,-10.08,-15.1,4.64,0.0,0.771
2025-12-28,forest_edge_band,-0.214,True,1637,-10.8,-15.33,3.91,0.024,0.674
2025-12-28,closed_pine,-0.214,True,22397,-9.81,-14.56,4.91,0.002,0.873
2026-01-03,clearfell_2017,-0.19,True,395,-13.5,-20.36,-0.54,0.17,0.311
2026-01-03,broadleaf_restock,-0.19,True,700,-9.0,-13.36,3.96,0.0,0.984
2026-01-03,felling_1998_control,-0.19,True,981,-10.03,-13.71,2.93,0.0,0.909
2026-01-03,rides,-0.19,True,432,-10.37,-14.92,2.59,0.012,0.819
2026-01-03,forest_edge_band,-0.19,True,1637,-10.09,-14.51,2.87,0.02,0.832
2026-01-03,closed_pine,-0.19,True,22397,-9.89,-14.09,3.07,0.007,0.87
2026-01-09,clearfell_2017,-0.19,True,395,-11.99,-19.52,0.08,0.162,0.608
2026-01-09,broadleaf_restock,-0.19,True,700,-8.03,-12.65,4.05,0.0,0.999
2026-01-09,felling_1998_control,-0.19,True,981,-9.29,-13.75,2.79,0.0,0.992
2026-01-09,rides,-0.19,True,432,-9.42,-14.44,2.66,0.007,0.935
2026-01-09,forest_edge_band,-0.19,True,1637,-9.44,-14.36,2.64,0.022,0.919
2026-01-09,closed_pine,-0.19,True,22397,-9.3,-14.03,2.78,0.011,0.939
2026-01-15,clearfell_2017,-0.19,True,395,-12.4,-18.5,-0.28,0.185,0.552
2026-01-15,broadleaf_restock,-0.19,True,700,-8.16,-12.35,3.96,0.0,0.996
2026-01-15,felling_1998_control,-0.19,True,981,-9.15,-13.63,2.97,0.0,0.98
2026-01-15,rides,-0.19,True,432,-9.71,-13.9,2.41,0.012,0.873
2026-01-15,forest_edge_band,-0.19,True,1637,-9.23,-14.1,2.89,0.034,0.909
2026-01-15,closed_pine,-0.19,True,22397,-9.22,-13.43,2.9,0.008,0.938
2026-01-21,clearfell_2017,-0.19,True,395,-12.45,-20.04,-0.18,0.122,0.446
2026-01-21,broadleaf_restock,-0.19,True,700,-8.59,-13.32,3.67,0.0,0.994
2026-01-21,felling_1998_control,-0.19,True,981,-9.58,-13.57,2.69,0.004,0.97
2026-01-21,rides,-0.19,True,432,-9.63,-14.43,2.64,0.021,0.887
2026-01-21,forest_edge_band,-0.19,True,1637,-9.78,-14.38,2.49,0.031,0.864
2026-01-21,closed_pine,-0.19,True,22397,-9.4,-14.07,2.87,0.01,0.923
2026-01-27,clearfell_2017,-0.19,True,395,-11.76,-18.64,-0.61,0.208,0.714
2026-01-27,broadleaf_restock,-0.19,True,700,-7.91,-12.76,3.24,0.0,1.0
2026-01-27,felling_1998_control,-0.19,True,981,-9.06,-13.06,2.08,0.014,0.983
2026-01-27,rides,-0.19,True,432,-9.2,-14.04,1.95,0.023,0.949
2026-01-27,forest_edge_band,-0.19,True,1637,-8.75,-13.83,2.4,0.014,0.966
2026-01-27,closed_pine,-0.19,True,22397,-8.93,-13.28,2.22,0.016,0.967
2026-02-02,clearfell_2017,-0.182,True,395,-12.31,-19.4,-0.12,0.144,0.481
2026-02-02,broadleaf_restock,-0.182,True,700,-8.56,-13.29,3.62,0.0,0.987
2026-02-02,felling_1998_control,-0.182,True,981,-9.42,-13.58,2.76,0.0,0.945
2026-02-02,rides,-0.182,True,432,-9.64,-14.35,2.55,0.012,0.912
2026-02-02,forest_edge_band,-0.182,True,1637,-9.58,-14.17,2.6,0.035,0.905
2026-02-02,closed_pine,-0.182,True,22397,-9.35,-13.84,2.83,0.01,0.929
2026-02-08,clearfell_2017,-0.159,True,395,-11.85,-18.09,-0.43,0.182,0.681
2026-02-08,broadleaf_restock,-0.159,True,700,-7.94,-11.77,3.49,0.0,0.997
2026-02-08,felling_1998_control,-0.159,True,981,-9.08,-12.85,2.34,0.0,0.979
2026-02-08,rides,-0.159,True,432,-9.31,-13.61,2.12,0.028,0.914
2026-02-08,forest_edge_band,-0.159,True,1637,-9.05,-13.63,2.37,0.038,0.938
2026-02-08,closed_pine,-0.159,True,22397,-8.89,-13.07,2.54,0.012,0.965
2026-02-14,clearfell_2017,-0.135,True,395,-14.51,-21.56,-0.45,0.18,0.256
2026-02-14,broadleaf_restock,-0.135,True,700,-9.49,-13.69,4.57,0.0,0.969
2026-02-14,felling_1998_control,-0.135,True,981,-10.27,-14.57,3.79,0.002,0.843
2026-02-14,rides,-0.135,True,432,-10.41,-15.0,3.65,0.012,0.775
2026-02-14,forest_edge_band,-0.135,True,1637,-10.61,-15.12,3.45,0.021,0.739
2026-02-14,closed_pine,-0.135,True,22397,-9.94,-14.32,4.12,0.004,0.861
2026-02-20,clearfell_2017,-0.111,True,395,-12.46,-18.63,-0.44,0.152,0.451
2026-02-20,broadleaf_restock,-0.111,True,700,-8.18,-13.75,3.84,0.0,0.993
2026-02-20,felling_1998_control,-0.111,True,981,-9.23,-14.18,2.79,0.0,0.979
2026-02-20,rides,-0.111,True,432,-9.65,-14.94,2.37,0.019,0.914
2026-02-20,forest_edge_band,-0.111,True,1637,-9.41,-15.05,2.61,0.031,0.887
2026-02-20,closed_pine,-0.111,True,22397,-9.24,-14.35,2.78,0.008,0.946
2026-02-26,clearfell_2017,-0.088,True,395,-12.65,-18.55,-0.82,0.276,0.585
2026-02-26,broadleaf_restock,-0.088,True,700,-7.56,-12.53,4.27,0.0,0.997
2026-02-26,felling_1998_control,-0.088,True,981,-8.78,-12.88,3.05,0.0,0.988
2026-02-26,rides,-0.088,True,432,-8.75,-13.56,3.07,0.025,0.94
2026-02-26,forest_edge_band,-0.088,True,1637,-9.06,-13.33,2.77,0.033,0.951
2026-02-26,closed_pine,-0.088,True,22397,-8.83,-13.22,2.99,0.008,0.961
2026-03-04,clearfell_2017,-0.092,True,395,-13.52,-19.58,-0.95,0.228,0.413
2026-03-04,broadleaf_restock,-0.092,True,700,-8.24,-12.01,4.33,0.0,1.0
2026-03-04,felling_1998_control,-0.092,True,981,-9.17,-13.35,3.39,0.0,0.93
2026-03-04,rides,-0.092,True,432,-9.44,-13.91,3.13,0.014,0.852
2026-03-04,forest_edge_band,-0.092,True,1637,-9.42,-14.16,3.15,0.024,0.872
2026-03-04,closed_pine,-0.092,True,22397,-9.08,-13.2,3.49,0.005,0.942
2026-03-10,clearfell_2017,-0.109,True,395,-12.95,-20.13,-0.47,0.203,0.448
2026-03-10,broadleaf_restock,-0.109,True,700,-8.17,-12.93,4.31,0.0,1.0
2026-03-10,felling_1998_control,-0.109,True,981,-9.18,-13.56,3.31,0.002,0.945
2026-03-10,rides,-0.109,True,432,-9.56,-14.16,2.92,0.028,0.87
2026-03-10,forest_edge_band,-0.109,True,1637,-9.38,-14.17,3.1,0.024,0.869
2026-03-10,closed_pine,-0.109,True,22397,-9.26,-13.75,3.23,0.008,0.927
2026-03-16,clearfell_2017,-0.126,True,395,-12.7,-19.43,-0.28,0.104,0.344
2026-03-16,broadleaf_restock,-0.126,True,700,-7.76,-12.21,4.65,0.0,1.0
2026-03-16,felling_1998_control,-0.126,True,981,-9.3,-13.2,3.12,0.0,0.952
2026-03-16,rides,-0.126,True,432,-9.37,-13.97,3.04,0.016,0.935
2026-03-16,forest_edge_band,-0.126,True,1637,-9.33,-13.79,3.09,0.038,0.881
2026-03-16,closed_pine,-0.126,True,22397,-9.17,-13.43,3.24,0.006,0.941
2026-03-22,clearfell_2017,-0.144,True,395,-15.59,-21.46,-0.97,0.306,0.347
2026-03-22,broadleaf_restock,-0.144,True,700,-8.45,-13.15,6.17,0.0,0.973
2026-03-22,felling_1998_control,-0.144,True,981,-10.5,-14.28,4.12,0.0,0.841
2026-03-22,rides,-0.144,True,432,-10.44,-14.99,4.17,0.007,0.75
2026-03-22,forest_edge_band,-0.144,True,1637,-10.2,-15.18,4.42,0.018,0.759
2026-03-22,closed_pine,-0.144,True,22397,-9.82,-14.4,4.8,0.002,0.862
2026-03-28,clearfell_2017,-0.161,True,395,-12.91,-19.42,-0.69,0.195,0.494
2026-03-28,broadleaf_restock,-0.161,True,700,-8.32,-12.91,3.9,0.0,1.0
2026-03-28,felling_1998_control,-0.161,True,981,-9.49,-13.33,2.73,0.0,0.957
2026-03-28,rides,-0.161,True,432,-9.54,-14.23,2.68,0.021,0.863
2026-03-28,forest_edge_band,-0.161,True,1637,-9.25,-14.38,2.97,0.034,0.874
2026-03-28,closed_pine,-0.161,True,22397,-9.28,-13.8,2.94,0.008,0.936
2026-04-03,clearfell_2017,,False,395,-11.84,-18.95,-0.07,0.116,0.608
2026-04-03,broadleaf_restock,,False,700,-7.75,-12.25,4.02,0.0,0.997
2026-04-03,felling_1998_control,,False,981,-9.19,-13.43,2.58,0.007,0.981
2026-04-03,rides,,False,432,-9.27,-14.08,2.5,0.021,0.938
2026-04-03,forest_edge_band,,False,1637,-9.26,-13.99,2.51,0.035,0.908
2026-04-03,closed_pine,,False,22397,-9.11,-13.62,2.66,0.01,0.95
2026-04-09,clearfell_2017,,False,395,-13.9,-19.47,-0.58,0.23,0.324
2026-04-09,broadleaf_restock,,False,700,-8.81,-12.68,4.52,0.0,0.993
2026-04-09,felling_1998_control,,False,981,-9.67,-13.37,3.66,0.0,0.911
2026-04-09,rides,,False,432,-10.14,-14.52,3.19,0.0,0.81
2026-04-09,forest_edge_band,,False,1637,-10.11,-14.51,3.22,0.03,0.778
2026-04-09,closed_pine,,False,22397,-9.51,-13.7,3.82,0.004,0.901
2026-04-15,clearfell_2017,,False,395,-12.14,-19.35,-0.32,0.278,0.671
2026-04-15,broadleaf_restock,,False,700,-8.02,-12.12,3.8,0.0,0.997
2026-04-15,felling_1998_control,,False,981,-9.11,-12.94,2.71,0.011,0.976
2026-04-15,rides,,False,432,-9.11,-13.72,2.72,0.009,0.914
2026-04-15,forest_edge_band,,False,1637,-9.06,-13.65,2.76,0.021,0.938
2026-04-15,closed_pine,,False,22397,-8.96,-13.39,2.86,0.007,0.961
2026-04-21,clearfell_2017,,False,395,-14.1,-19.85,-0.71,0.172,0.251
2026-04-21,broadleaf_restock,,False,700,-8.65,-13.4,4.75,0.0,0.983
2026-04-21,felling_1998_control,,False,981,-9.59,-13.86,3.81,0.0,0.953
2026-04-21,rides,,False,432,-10.67,-14.88,2.72,0.005,0.771
2026-04-21,forest_edge_band,,False,1637,-10.15,-14.66,3.25,0.027,0.785
2026-04-21,closed_pine,,False,22397,-9.79,-14.05,3.61,0.004,0.884
2026-04-27,clearfell_2017,,False,395,-14.6,-20.16,-1.34,0.359,0.43
2026-04-27,broadleaf_restock,,False,700,-8.28,-13.22,4.99,0.0,1.0
2026-04-27,felling_1998_control,,False,981,-9.44,-14.12,3.82,0.0,0.946
2026-04-27,rides,,False,432,-10.3,-15.04,2.96,0.009,0.806
2026-04-27,forest_edge_band,,False,1637,-10.2,-15.05,3.06,0.016,0.753
2026-04-27,closed_pine,,False,22397,-9.89,-14.62,3.38,0.006,0.864
2026-05-03,clearfell_2017,,False,395,-12.06,-18.23,-0.82,0.266,0.709
2026-05-03,broadleaf_restock,,False,700,-8.17,-13.01,3.06,0.0,0.993
2026-05-03,felling_1998_control,,False,981,-8.83,-13.3,2.41,0.001,0.971
2026-05-03,rides,,False,432,-9.29,-14.03,1.95,0.021,0.914
2026-05-03,forest_edge_band,,False,1637,-9.18,-13.68,2.06,0.031,0.96
2026-05-03,closed_pine,,False,22397,-9.06,-13.54,2.18,0.015,0.965
2026-05-09,clearfell_2017,,False,395,-14.66,-20.7,-1.45,0.468,0.552
2026-05-09,broadleaf_restock,,False,700,-8.15,-14.11,5.06,0.0,0.961
2026-05-09,felling_1998_control,,False,981,-9.43,-14.03,3.78,0.0,0.93
2026-05-09,rides,,False,432,-10.24,-15.08,2.97,0.009,0.808
2026-05-09,forest_edge_band,,False,1637,-10.04,-14.79,3.17,0.018,0.766
2026-05-09,closed_pine,,False,22397,-9.75,-14.65,3.46,0.004,0.89
2026-05-15,clearfell_2017,,False,395,-12.74,-19.42,-0.67,0.225,0.484
2026-05-15,broadleaf_restock,,False,700,-8.22,-13.7,3.84,0.0,0.984
2026-05-15,felling_1998_control,,False,981,-9.51,-13.36,2.56,0.0,0.943
2026-05-15,rides,,False,432,-10.16,-14.74,1.91,0.023,0.829
2026-05-15,forest_edge_band,,False,1637,-9.34,-14.65,2.73,0.038,0.886
2026-05-15,closed_pine,,False,22397,-9.44,-14.14,2.63,0.01,0.923
2026-05-21,clearfell_2017,,False,395,-12.34,-18.43,-0.97,0.354,0.795
2026-05-21,broadleaf_restock,,False,700,-8.0,-13.16,3.38,0.0,1.0
2026-05-21,felling_1998_control,,False,981,-9.17,-13.86,2.21,0.007,0.957
2026-05-21,rides,,False,432,-9.62,-14.43,1.76,0.028,0.91
2026-05-21,forest_edge_band,,False,1637,-9.16,-14.45,2.22,0.037,0.935
2026-05-21,closed_pine,,False,22397,-9.14,-14.08,2.24,0.014,0.956
2026-05-22,clearfell_2017,,False,395,-13.27,-20.23,-0.82,0.294,0.43
2026-05-22,broadleaf_restock,,False,700,-8.07,-13.45,4.37,0.0,1.0
2026-05-22,felling_1998_control,,False,981,-9.18,-13.76,3.26,0.0,0.975
2026-05-22,rides,,False,432,-9.36,-14.58,3.08,0.023,0.903
2026-05-22,forest_edge_band,,False,1637,-9.68,-14.91,2.76,0.039,0.838
2026-05-22,closed_pine,,False,22397,-9.32,-14.06,3.12,0.007,0.929
2026-05-27,clearfell_2017,,False,395,-15.03,-19.33,-2.29,0.623,0.701
2026-05-27,broadleaf_restock,,False,700,-8.06,-13.09,4.67,0.0,1.0
2026-05-27,felling_1998_control,,False,981,-8.88,-13.25,3.85,0.0,0.976
2026-05-27,rides,,False,432,-9.73,-14.56,3.01,0.0,0.88
2026-05-27,forest_edge_band,,False,1637,-9.48,-14.41,3.25,0.039,0.833
2026-05-27,closed_pine,,False,22397,-9.18,-13.83,3.56,0.005,0.927
2026-06-02,clearfell_2017,,False,395,-11.68,-19.4,0.03,0.119,0.666
2026-06-02,broadleaf_restock,,False,700,-8.34,-13.74,3.37,0.0,1.0
2026-06-02,felling_1998_control,,False,981,-9.32,-13.77,2.38,0.0,0.944
2026-06-02,rides,,False,432,-9.1,-14.17,2.61,0.014,0.935
2026-06-02,forest_edge_band,,False,1637,-8.98,-14.04,2.72,0.037,0.932
2026-06-02,closed_pine,,False,22397,-8.97,-13.77,2.74,0.012,0.954
2026-06-03,clearfell_2017,,False,395,-14.07,-20.44,-2.08,0.557,0.709
2026-06-03,broadleaf_restock,,False,700,-7.91,-13.94,4.08,0.0,1.0
2026-06-03,felling_1998_control,,False,981,-9.63,-13.89,2.36,0.003,0.95
2026-06-03,rides,,False,432,-9.38,-14.89,2.6,0.014,0.877
2026-06-03,forest_edge_band,,False,1637,-9.35,-14.94,2.64,0.04,0.861
2026-06-03,closed_pine,,False,22397,-9.25,-14.33,2.74,0.008,0.931
2026-06-08,clearfell_2017,,False,395,-12.1,-18.55,-1.13,0.357,0.805
2026-06-08,broadleaf_restock,,False,700,-7.87,-13.02,3.1,0.0,1.0
2026-06-08,felling_1998_control,,False,981,-9.32,-13.28,1.65,0.001,0.969
2026-06-08,rides,,False,432,-9.06,-14.46,1.91,0.032,0.94
2026-06-08,forest_edge_band,,False,1637,-9.05,-13.82,1.92,0.043,0.925
2026-06-08,closed_pine,,False,22397,-8.8,-13.64,2.17,0.016,0.972
2026-06-15,clearfell_2017,,False,395,-14.15,-20.6,-1.93,0.587,0.668
2026-06-15,broadleaf_restock,,False,700,-8.34,-13.97,3.88,0.0,1.0
2026-06-15,felling_1998_control,,False,981,-9.76,-13.73,2.47,0.002,0.912
2026-06-15,rides,,False,432,-9.65,-14.79,2.57,0.019,0.877
2026-06-15,forest_edge_band,,False,1637,-9.54,-14.81,2.68,0.061,0.853
2026-06-15,closed_pine,,False,22397,-9.38,-14.19,2.85,0.011,0.919
2026-06-20,clearfell_2017,,False,395,-12.49,-18.88,-1.11,0.286,0.625
2026-06-20,broadleaf_restock,,False,700,-8.04,-12.92,3.35,0.0,0.989
2026-06-20,felling_1998_control,,False,981,-9.35,-13.21,2.04,0.003,0.968
2026-06-20,rides,,False,432,-9.34,-14.08,2.04,0.035,0.882
2026-06-20,forest_edge_band,,False,1637,-9.43,-14.03,1.96,0.056,0.927
2026-06-20,closed_pine,,False,22397,-9.08,-13.58,2.3,0.015,0.955
2026-06-27,clearfell_2017,,False,395,-14.62,-20.54,-1.82,0.534,0.656
2026-06-27,broadleaf_restock,,False,700,-8.06,-13.43,4.74,0.0,1.0
2026-06-27,felling_1998_control,,False,981,-9.64,-13.79,3.16,0.0,0.96
2026-06-27,rides,,False,432,-9.67,-14.58,3.13,0.009,0.845
2026-06-27,forest_edge_band,,False,1637,-9.71,-14.7,3.09,0.045,0.852
2026-06-27,closed_pine,,False,22397,-9.43,-14.29,3.37,0.006,0.908
2026-07-03,clearfell_2017,,False,395,-15.23,-21.29,-2.15,0.59,0.648
2026-07-03,broadleaf_restock,,False,700,-8.31,-13.81,4.77,0.0,0.991
2026-07-03,felling_1998_control,,False,981,-9.35,-14.15,3.73,0.0,0.94
2026-07-03,rides,,False,432,-9.56,-14.63,3.52,0.002,0.877
2026-07-03,forest_edge_band,,False,1637,-9.67,-14.8,3.41,0.032,0.811
2026-07-03,closed_pine,,False,22397,-9.58,-14.42,3.5,0.007,0.906
2026-07-09,clearfell_2017,,False,395,-15.41,-21.38,-2.29,0.585,0.656
2026-07-09,broadleaf_restock,,False,700,-8.14,-13.9,4.98,0.0,1.0
2026-07-09,felling_1998_control,,False,981,-9.87,-14.08,3.25,0.003,0.913
2026-07-09,rides,,False,432,-9.9,-14.8,3.22,0.0,0.801
2026-07-09,forest_edge_band,,False,1637,-9.66,-14.94,3.46,0.027,0.828
2026-07-09,closed_pine,,False,22397,-9.63,-14.41,3.49,0.006,0.889
2026-07-15,clearfell_2017,,False,395,-15.68,-21.28,-2.49,0.689,0.742
2026-07-15,broadleaf_restock,,False,700,-8.04,-13.33,5.16,0.0,1.0
2026-07-15,felling_1998_control,,False,981,-9.52,-13.16,3.68,0.0,0.951
2026-07-15,rides,,False,432,-9.59,-14.05,3.61,0.0,0.85
2026-07-15,forest_edge_band,,False,1637,-9.91,-14.61,3.29,0.02,0.809
2026-07-15,closed_pine,,False,22397,-9.41,-14.06,3.79,0.003,0.909
2026-07-21,clearfell_2017,,False,395,-16.1,-21.29,-2.53,0.646,0.716
2026-07-21,broadleaf_restock,,False,700,-8.26,-14.02,5.3,0.0,0.997
2026-07-21,felling_1998_control,,False,981,-9.91,-13.65,3.65,0.005,0.894
2026-07-21,rides,,False,432,-9.85,-15.01,3.71,0.0,0.826
2026-07-21,forest_edge_band,,False,1637,-10.15,-15.08,3.41,0.009,0.747
2026-07-21,closed_pine,,False,22397,-9.75,-14.39,3.82,0.003,0.879
2026-07-27,clearfell_2017,,False,395,-14.43,-20.94,-1.77,0.534,0.656
2026-07-27,broadleaf_restock,,False,700,-8.14,-13.78,4.53,0.0,1.0
2026-07-27,felling_1998_control,,False,981,-9.63,-13.51,3.03,0.001,0.945
2026-07-27,rides,,False,432,-9.77,-14.55,2.89,0.005,0.81
2026-07-27,forest_edge_band,,False,1637,-9.51,-14.62,3.15,0.04,0.854
2026-07-27,closed_pine,,False,22397,-9.32,-14.24,3.34,0.006,0.919
2026-08-02,clearfell_2017,,False,395,-16.28,-21.46,-2.51,0.658,0.747
2026-08-02,broadleaf_restock,,False,700,-8.46,-14.26,5.31,0.0,0.983
2026-08-02,felling_1998_control,,False,981,-9.87,-13.86,3.9,0.0,0.89
2026-08-02,rides,,False,432,-9.82,-14.86,3.95,0.0,0.782
2026-08-02,forest_edge_band,,False,1637,-10.3,-15.05,3.48,0.023,0.761
2026-08-02,closed_pine,,False,22397,-9.79,-14.45,3.98,0.002,0.874
2026-08-08,clearfell_2017,,False,395,-15.25,-21.73,-1.82,0.519,0.613
2026-08-08,broadleaf_restock,,False,700,-8.42,-13.93,5.01,0.0,0.993
2026-08-08,felling_1998_control,,False,981,-9.59,-14.0,3.84,0.003,0.915
2026-08-08,rides,,False,432,-9.84,-14.56,3.59,0.002,0.843
2026-08-08,forest_edge_band,,False,1637,-9.95,-14.87,3.48,0.042,0.8
2026-08-08,closed_pine,,False,22397,-9.64,-14.31,3.79,0.003,0.901
2026-08-14,clearfell_2017,,False,395,-15.14,-21.51,-1.81,0.511,0.61
2026-08-14,broadleaf_restock,,False,700,-7.86,-13.68,5.46,0.0,1.0
2026-08-14,felling_1998_control,,False,981,-9.33,-13.74,4.0,0.0,0.925
2026-08-14,rides,,False,432,-9.65,-14.34,3.68,0.0,0.852
2026-08-14,forest_edge_band,,False,1637,-9.89,-14.87,3.44,0.026,0.8
2026-08-14,closed_pine,,False,22397,-9.59,-14.26,3.74,0.003,0.898
2026-08-20,clearfell_2017,,False,395,-10.62,-18.18,-0.48,0.203,0.987
2026-08-20,broadleaf_restock,,False,700,-7.65,-13.64,2.49,0.0,1.0
2026-08-20,felling_1998_control,,False,981,-9.13,-13.67,1.01,0.035,0.998
2026-08-20,rides,,False,432,-9.12,-14.05,1.02,0.069,1.0
2026-08-20,forest_edge_band,,False,1637,-8.53,-13.96,1.61,0.075,1.0
2026-08-20,closed_pine,,False,22397,-9.02,-13.95,1.12,0.054,0.998
2026-08-26,clearfell_2017,,False,395,-12.24,-20.55,-0.91,0.261,0.615
2026-08-26,broadleaf_restock,,False,700,-7.94,-13.91,3.39,0.0,0.989
2026-08-26,felling_1998_control,,False,981,-9.39,-13.73,1.95,0.016,0.967
2026-08-26,rides,,False,432,-9.34,-14.52,2.0,0.042,0.907
2026-08-26,forest_edge_band,,False,1637,-9.41,-15.01,1.93,0.084,0.899
2026-08-26,closed_pine,,False,22397,-9.37,-14.17,1.97,0.02,0.944
2026-09-01,clearfell_2017,,False,395,-12.68,-20.43,-0.36,0.154,0.461
2026-09-01,broadleaf_restock,,False,700,-8.35,-13.66,3.97,0.0,0.993
2026-09-01,felling_1998_control,,False,981,-9.41,-13.64,2.91,0.0,0.947
2026-09-01,rides,,False,432,-9.69,-14.65,2.63,0.016,0.894
2026-09-01,forest_edge_band,,False,1637,-9.8,-14.64,2.51,0.031,0.872
2026-09-01,closed_pine,,False,22397,-9.31,-14.08,3.0,0.008,0.929
2026-09-07,clearfell_2017,,False,395,-11.19,-18.84,-0.28,0.084,0.785
2026-09-07,broadleaf_restock,,False,700,-7.77,-13.47,3.14,0.0,1.0
2026-09-07,felling_1998_control,,False,981,-9.22,-13.15,1.7,0.008,0.96
2026-09-07,rides,,False,432,-9.32,-14.21,1.6,0.037,0.935
2026-09-07,forest_edge_band,,False,1637,-8.85,-13.7,2.07,0.056,0.956
2026-09-07,closed_pine,,False,22397,-8.88,-13.84,2.03,0.025,0.968
2026-09-13,clearfell_2017,,False,395,-12.69,-20.29,-0.34,0.19,0.478
2026-09-13,broadleaf_restock,,False,700,-7.93,-13.51,4.42,0.0,1.0
2026-09-13,felling_1998_control,,False,981,-9.72,-13.75,2.63,0.0,0.95
2026-09-13,rides,,False,432,-9.43,-14.39,2.92,0.035,0.889
2026-09-13,forest_edge_band,,False,1637,-9.46,-14.58,2.89,0.032,0.878
2026-09-13,closed_pine,,False,22397,-9.4,-14.17,2.95,0.012,0.923
2026-09-19,clearfell_2017,,False,395,-11.74,-19.42,-0.07,0.157,0.663
2026-09-19,broadleaf_restock,,False,700,-8.1,-13.17,3.56,0.0,1.0
2026-09-19,felling_1998_control,,False,981,-9.23,-13.3,2.44,0.002,0.971
2026-09-19,rides,,False,432,-9.1,-14.38,2.57,0.019,0.931
2026-09-19,forest_edge_band,,False,1637,-9.18,-14.09,2.49,0.046,0.924
2026-09-19,closed_pine,,False,22397,-8.97,-13.82,2.7,0.01,0.96
2026-09-25,clearfell_2017,,False,395,-11.31,-18.84,-0.47,0.263,0.841
2026-09-25,broadleaf_restock,,False,700,-8.31,-13.55,2.53,0.003,0.991
2026-09-25,felling_1998_control,,False,981,-9.22,-13.72,1.63,0.003,0.982
2026-09-25,rides,,False,432,-9.44,-14.43,1.41,0.044,0.917
2026-09-25,forest_edge_band,,False,1637,-9.07,-14.01,1.78,0.075,0.964
2026-09-25,closed_pine,,False,22397,-9.17,-13.96,1.68,0.032,0.967
