well,code,cluster,in_forest,basis,datum_m,beta_3,p_beta_3,n_fit,n_test,nse,bias_m,pearson_r,nse_bias_removed
nw11,1C,3,True,comparison_window,0.5,0.16785829926603607,4.537357413413412e-06,100,82,-11.285043952651453,0.8871319492926987,0.4944752256703378,-0.4566017436815224
nw11,1C,3,True,full_record,0.5,0.13971287820204698,1.4472929705919553e-09,225,82,-10.5455911613807,0.8573341326112535,0.5101006165872886,-0.4323637911594027
nw11,1C,3,True,comparison_window,0.6,0.17482080976211745,6.544988308907154e-07,100,82,-10.819246969951234,0.8687472702306828,0.4948137647662384,-0.4349655689603533
nw11,1C,3,True,full_record,0.6,0.15135777488537006,1.513657268376218e-11,225,82,-10.075759679293446,0.8375074951021294,0.5061800816948072,-0.42487897619587023
nw11,1C,3,True,comparison_window,0.7,0.17877945099616283,1.0431146735098295e-07,100,82,-10.380886955737406,0.8512798776168634,0.49672901327179975,-0.40998885305889443
nw11,1C,3,True,full_record,0.7,0.15988379191420377,1.553891721394677e-13,225,82,-9.625488740068363,0.8184164186991438,0.5049417186958537,-0.4095790702169526
nw11,1C,3,True,comparison_window,0.8,0.18017687092781745,1.915214780301744e-08,100,82,-9.965801933738083,0.8345041387110529,0.49980259038785757,-0.38401449439911084
nw11,1C,3,True,full_record,0.8,0.1653909863728753,1.851443959213161e-15,225,82,-9.191404208897078,0.7998054280279225,0.5056124529440565,-0.38987292456819356
nw11,1C,3,True,comparison_window,0.9,0.17950141532586572,4.155531269909595e-09,100,82,-9.57136846696884,0.8182743779275127,0.503703834478574,-0.3586574654131631
nw11,1C,3,True,full_record,0.9,0.16818216888822574,2.9322795012281883e-17,225,82,-8.772350980799015,0.7815387361790044,0.5076838059412092,-0.3682636050845258
nw11,1C,3,True,comparison_window,1.0,0.17722624118822422,1.077237555265705e-09,100,82,-9.195692485686665,0.802492049707607,0.5081696704220956,-0.3349315458730584
nw11,1C,3,True,full_record,1.0,0.16867603921775445,6.786168557161347e-19,225,82,-8.367992205668001,0.7635414533793046,0.5107835385311571,-0.3465070693956105
nw11,1C,3,True,comparison_window,1.1,0.1737732423199485,3.33463485259493e-10,100,82,-8.837240569783761,0.7870877626319539,0.5129973873483579,-0.3133893064804909
nw11,1C,3,True,full_record,1.1,0.16732965443270353,2.4200219438023446e-20,225,82,-7.9781827615412855,0.745770563884582,0.5146245169705896,-0.325741276785787
nw11,1C,3,True,comparison_window,1.2,0.16949719285754047,1.2221082470065457e-10,100,82,-8.494678614427244,0.7720109498679858,0.518038819246366,-0.2942516883674864
nw11,1C,3,True,full_record,1.2,0.16458240428293677,1.3524590292425976e-21,225,82,-7.602725744990233,0.7282002409743319,0.5189856998559538,-0.30661900203214687
nw11,1C,3,True,comparison_window,1.3,0.16468358340471811,5.231227042704539e-11,100,82,-8.166804221401257,0.7572236400966462,0.5231928747713861,-0.2775151308389976
nw11,1C,3,True,full_record,1.3,0.16082317847713926,1.1717892448647128e-22,225,82,-7.241307032048756,0.7108142199144903,0.523703063820321,-0.28943519169279597
nw11,1C,3,True,comparison_window,1.4,0.1595542651380184,2.5736245124930642e-11,100,82,-7.8525193941528535,0.7426965342809995,0.5283966693747043,-0.2630338659925806
nw11,1C,3,True,full_record,1.4,0.15637641159529397,1.5283100623606058e-23,225,82,-6.893503114337569,0.6936017001160791,0.5286617142893129,-0.2742370134605465
nw11,1C,3,True,comparison_window,1.5,0.15427661073426036,1.4309831767201778e-11,100,82,-7.5508194265283315,0.7284064475667055,0.5336163719513383,-0.2505799787399654
nw11,1C,3,True,full_record,1.5,0.15150084107632036,2.8826819259569087e-24,225,82,-6.558812586234493,0.6765550586365877,0.5337870339589497,-0.26091152335529033
nw11,1C,3,True,comparison_window,1.6,0.14897350137074133,8.846470807401857e-12,100,82,-7.260787569971491,0.7143345999893517,0.538838754578021,-0.2398855005862286
nw11,1C,3,True,full_record,1.6,0.14639542163075578,7.520546807834968e-25,225,82,-6.236690155208351,0.6596685344790971,0.5390352930405481,-0.24925144469236904
nw11,1C,3,True,comparison_window,1.7,0.14373268133048606,5.988986801975947e-12,100,82,-6.981591224068627,0.7004654565530839,0.5440640376342112,-0.2306708068651373
nw11,1C,3,True,full_record,1.7,0.1412083614679739,2.5950298456582815e-25,225,82,-5.9265755360712085,0.6429374628181355,0.5443847143990754,-0.23900223777486151
nw11,1C,3,True,comparison_window,1.8,0.13861483564499424,4.3796818696759595e-12,100,82,-6.7124780710870215,0.6867859328375999,0.5493002488448266,-0.2226629540534686
nw11,1C,3,True,full_record,1.8,0.13604677233947696,1.13539112572812e-25,225,82,-5.6279153966535125,0.6263578372834799,0.5498277652572601,-0.22989434027140443
nw11,1C,3,True,comparison_window,1.9,0.13366022288075086,3.4182508302526982e-12,100,82,-6.452771695043866,0.673284847467543,0.5545590540139321,-0.21560683031765548
nw11,1C,3,True,full_record,1.9,0.1309855957686221,6.062590567766274e-26,225,82,-5.340178746678025,0.6099260740214323,0.5553650435200559,-0.22166420142757426
nw11,1C,3,True,comparison_window,2.0,0.1288939413904206,2.8177348133359253e-12,100,82,-6.201866669720597,0.6599525419874313,0.559852871548359,-0.2092712978984841
nw11,1C,3,True,full_record,2.0,0.12607523511865018,3.820048983987518e-26,225,82,-5.062866854024562,0.5936388996260428,0.5610007882178787,-0.21406714071578437
nw11,1C,3,True,comparison_window,2.1,0.1243300127372208,2.431322856156227e-12,100,82,-5.959223256525846,0.6467806137907804,0.5651930244809082,-0.2034519368233847
nw11,1C,3,True,full_record,2.1,0.12134776726413685,2.7591560839128206e-26,225,82,-4.795518865729754,0.5774933120090818,0.5667398337050857,-0.20688442440828192
nw11,1C,3,True,comparison_window,2.2,0.11997449334392672,2.1793488978758634e-12,100,82,-5.7243618900903925,0.6337617246438375,0.5705886810012476,-0.19797155557188328
nw11,1C,3,True,full_record,2.2,0.11682183249936945,2.2288075874674444e-26,225,82,-4.5377141958277,0.5614865801884484,0.5725857324954923,-0.19992638302066568
nw11,1C,3,True,comparison_window,2.3,0.1158278141138134,2.0163263690528615e-12,100,82,-5.49685761871732,0.6208894590779452,0.576046361818307,-0.1926792975221907
nw11,1C,3,True,full_record,2.3,0.11250639355905026,1.9722295217662303e-26,225,82,-4.289072570830404,0.5456162606040729,0.5785397559491414,-0.19303291955816304
nw11,1C,3,True,comparison_window,2.4,0.11188652052843417,1.9151228599095624e-12,100,82,-5.276334638980357,0.6081582151974114,0.5815698323158449,-0.18744892118408019
nw11,1C,3,True,full_record,2.4,0.10840357444315846,1.8789950217899425e-26,225,82,-4.049252451564168,0.5298802159284329,0.5846005108657314,-0.186072382726989
nw11,1C,3,True,comparison_window,2.5,0.10814455459362952,1.858938128072564e-12,100,82,-5.062461032051855,0.5955631162915912,0.587160238694602,-0.18217664835866154
nw11,1C,3,True,full_record,2.5,0.10451077454844171,1.9000068479472545e-26,225,82,-3.817948395553813,0.5142766283498567,0.5907639579807691,-0.1789394897194163
nw11,1C,3,True,comparison_window,2.6,0.10459419073043617,1.837035572030415e-12,100,82,-4.85494377932222,0.5830999357285304,0.5928163844895538,-0.17677884167406255
nw11,1C,3,True,full_record,2.6,0.10082222471623287,2.0151632340933306e-26,225,82,-3.594887792103404,0.49880400350732695,0.5970236696034537,-0.17155276587327783
nw11,1C,3,True,comparison_window,2.7,0.10122671256658244,1.842370275637795e-12,100,82,-4.653524108789751,0.5707650304241279,0.5985350746956428,-0.17118967877212432
nw11,1C,3,True,full_record,2.7,0.09733012031312839,2.2200614181439386e-26,225,82,-3.379827292692001,0.48346116404320455,0.6033712098567272,-0.16385180949013578
nw11,1C,3,True,comparison_window,2.8,0.098032897072278,1.8702186645580186e-12,100,82,-4.457973202190994,0.5585552800771408,0.6043114788534995,-0.16535892481733105
nw11,1C,3,True,full_record,2.8,0.09402543751335048,2.520290803197754e-26,225,82,-3.172549170580065,0.4682472334566568,0.609796558805251,-0.15579457665190222
nw11,1C,3,True,comparison_window,2.9,0.0950033562746405,1.91735860224265e-12,100,82,-4.268088275813879,0.5464680306000024,0.6101394824534008,-0.159249860265807
nw11,1C,3,True,full_record,2.9,0.09089851445611559,2.9290386615908935e-26,225,82,-2.9728577731320933,0.4531616118743939,0.6162885306843744,-0.14735480204018803
nw11,1C,3,True,comparison_window,3.0,0.0921287742419704,1.98156305444289e-12,100,82,-4.083689034927856,0.5345010409536078,0.6160120089287138,-0.15283739109985794
nw11,1C,3,True,full_record,3.0,0.08793945918990352,3.466276244876678e-26,225,82,-2.7805761756632483,0.43820394574856447,0.6228351574014908,-0.1385196184995856
nw11,1C,3,True,comparison_window,3.1,0.08940006746021345,2.0612783063795825e-12,100,82,-3.9046144922240336,0.5226524330577127,0.621921303415826,-0.14610634959931112
nw11,1C,3,True,full_record,3.1,0.08513843084616506,4.158772544200546e-26,225,82,-2.595543104001238,0.423374093534835,0.6294240229410742,-0.12928740322817167
nw11,1C,3,True,comparison_window,3.2,0.08680848949546643,2.155414077137773e-12,100,82,-3.730720133943775,0.5109206447004478,0.6278591753448562,-0.13904998193318852
nw11,1C,3,True,full_record,3.2,0.08248582861504071,5.040586834972642e-26,225,82,-2.4176101619584793,0.40867208923632975,0.6360425437902147,-0.11966585652773531
nw11,1C,3,True,comparison_window,3.3,0.08434569541312344,2.2632033522483223e-12,100,82,-3.561875412959612,0.49930438548834616,0.6338172006195469,-0.1316686120558077
nw11,1C,3,True,full_record,3.3,0.07997241411107404,6.153867555610374e-26,225,82,-2.246639377429819,0.3940981054258449,0.6426781963599967,-0.10967030591958382
nw11,1C,3,True,comparison_window,3.4,0.0820037773748258,2.3841067577903625e-12,100,82,-3.3979615454133523,0.48780259591171377,0.6397868862965227,-0.12396846789478033
nw11,1C,3,True,full_record,3.4,0.07758938598060532,7.549865643664987e-26,225,82,-2.0825010649779836,0.37965241704398567,0.6493186957006101,-0.09932222117163514
nw11,1C,3,True,comparison_window,3.5,0.07977527982091887,2.517746059522336e-12,100,82,-3.2388695862499324,0.47641440958890957,0.6457598017763506,-0.11596065444642623
nw11,1C,3,True,full_record,3.5,0.07532842058572417,9.290108332756746e-26,225,82,-1.9250719920412829,0.36533536695971425,0.655952131427654,-0.08864792231095264
nw11,1C,3,True,comparison_window,3.6,0.07765320040899895,2.663857121997476e-12,100,82,-3.0844987586840293,0.46513911871526714,0.6517276809323759,-0.10766025833224946
nw11,1C,3,True,full_record,3.6,0.07318168888112903,1.1447697369355655e-25,225,82,-1.7742338290349027,0.35114733399611864,0.6625670673032037,-0.0776774615796827
nw11,1C,3,True,comparison_window,3.7,0.07563098122129973,2.8222561345052987e-12,100,82,-2.934755013095204,0.4539761426981369,0.6576824995851995,-0.09908556907319732
nw11,1C,3,True,full_record,3.7,0.07114185685370522,1.4108703937708579e-25,225,82,-1.6298718596144033,0.33708870387903656,0.6691526107768497,-0.06644366057529805
nw11,1C,3,True,comparison_window,3.8,0.07370249352689313,2.9928150535766297e-12,100,82,-2.7895497917972913,0.44292499991452877,0.6636165324589673,-0.0902574034452972
nw11,1C,3,True,full_record,3.8,0.06920207487130547,1.7373636185404287e-25,225,82,-1.491873925466248,0.3231598433653556,0.675698458282005,-0.0549812848719855
nw11,1C,3,True,comparison_window,3.9,0.07186201847805161,3.175443562000704e-12,100,82,-2.648798977408199,0.43198528248777374,0.6695223933504876,-0.08119852056045707
nw11,1C,3,True,full_record,3.9,0.067355959799765,2.13589565689541e-25,225,82,-1.3601295795556982,0.3093610776480172,0.6821949213942974,-0.04332633985099976
nw11,1C,3,True,comparison_window,4.0,0.070104225451079,3.370075711397174e-12,100,82,-2.512422004030082,0.42115663394693814,0.6753930617818579,-0.07193311662933932
nw11,1C,3,True,full_record,4.0,0.06559757265586667,2.619862655858928e-25,225,82,-1.2345294223479617,0.2956926710128616,0.6886329382134742,-0.03151547303352431
nw11,1C,3,True,comparison_window,4.1,0.0684241492489161,3.576659982489466e-12,100,82,-2.3803411120515867,0.4104387296092649,0.6812218989413322,-0.062486389625960204
nw11,1C,3,True,full_record,4.1,0.06392139376473058,3.204565624078939e-25,225,82,-1.1149645967916397,0.28215481063528774,0.6950040736017659,-0.019585469767077868
nw11,1C,3,True,comparison_window,4.2,0.06681716702041135,3.795151874311478e-12,100,82,-2.2524807289949953,0.3998312595083504,0.687002655274372,-0.05288416524218764
nw11,1C,3,True,full_record,4.2,0.06232229680610138,3.9073636405462964e-25,225,82,-1.0013264195054643,0.2687475933408024,0.7013005112404563,-0.007572830589003932
nw11,1C,3,True,comparison_window,4.3,0.06527897548542416,4.0255083883426e-12,100,82,-2.1287669604386146,0.3893339136812072,0.6927294716832538,-0.04315257657652816
nw11,1C,3,True,full_record,4.3,0.06079552270836301,4.747823100330839e-25,225,82,-0.8935061275338565,0.25547101511685555,0.7075150398723633,0.004486580057073031
nw11,1C,3,True,comparison_window,4.4,0.06380556886078848,4.267683948555806e-12,100,82,-2.009127176603708,0.3789463696243188,0.6983968759362996,-0.03331779093956189
nw11,1C,3,True,full_record,4.4,0.0593366540399914,5.747860849798832e-25,225,82,-0.791394722009011,0.24232496313883875,0.7136410355869999,0.016557822858619953
nw11,1C,3,True,comparison_window,4.5,0.06239321774112879,4.5216274199844575e-12,100,82,-1.8934896816541227,0.3686682817284191,0.703999775577934,-0.023405777984124798
nw11,1C,3,True,full_record,4.5,0.05794159032461873,6.931879165245589e-25,225,82,-0.6948828920534511,0.2293092100646035,0.7196724415759074,0.02860711844741104
nw11,1C,3,True,comparison_window,4.6,0.06103844908660809,4.7872799746068515e-12,100,82,-1.7817834541489987,0.3584992725074472,0.7095334483671983,-0.013442114088245471
nw11,1C,3,True,full_record,4.6,0.05660652454521162,8.326890666751364e-25,225,82,-0.6038610041823083,0.21642341035251944,0.725603746431853,0.040602035050701146
nw11,1C,3,True,comparison_window,4.7,0.05973802739685552,5.0645736148073046e-12,100,82,-1.6739379483622017,0.34843892544377325,0.7149935310507302,-0.003451818546952534
nw11,1C,3,True,full_record,4.7,0.05532792098831939,9.962631429248172e-25,225,82,-0.5182191442712991,0.203667098363731,0.7314299617789098,0.052511635196976325
nw11,1C,3,True,comparison_window,4.8,0.05848893709879216,5.353430209517151e-12,100,82,-1.5698829473500209,0.33848677928015836,0.7203760070927742,0.006540782327519978
nw11,1C,3,True,full_record,4.8,0.05410249449850352,1.187166075132505e-24,225,82,-0.4378472008562162,0.19103968802307933,0.7371465997923476,0.06430658694837432
nw11,1C,3,True,comparison_window,4.9,0.05728836614030371,5.653760931024573e-12,100,82,-1.4695484597496318,0.32864232360202084,0.7256771938343787,0.016512166623668056
nw11,1C,3,True,full_record,4.9,0.05292719115692562,1.4089446261352236e-24,225,82,-0.3626349800562354,0.17854047382523236,0.7427496509884849,0.07595924447814728
nw11,1C,3,True,comparison_window,5.0,0.05613369075747289,5.96546600499699e-12,100,82,-1.3728646532249873,0.318904995560786,0.7308937294320893,0.026439706784069927
nw11,1C,3,True,full_record,5.0,0.05179917035985556,1.6654433275028717e-24,225,82,-0.29247234381859366,0.1661686329899253,0.7482355625274566,0.08744370223590103
nw11,1C,3,True,comparison_window,5.1,0.05502246136725415,6.288434704769433e-12,100,82,-1.2797618183897441,0.30927417760385123,0.7360225598289106,0.03630174075311832
nw11,1C,3,True,full_record,5.1,0.0507157882476769,1.9608097561206588e-24,225,82,-0.22724936443866706,0.15392322858812027,0.7536012171686274,0.0987358264367385
nw11,1C,3,True,comparison_window,5.2,0.05395238952774662,6.6225455351631786e-12,100,82,-1.190170357804107,0.2997491960858534,0.7410609259331832,0.04607762666775461
nw11,1C,3,True,full_record,5.2,0.0496745824191607,2.2994980917873978e-24,225,82,-0.16685648941189601,0.14180321347577485,0.7588439129428723,0.10981326716490303
nw11,1C,3,True,comparison_window,5.3,0.05292133590290136,6.967666561997762e-12,100,82,-1.1040207953568442,0.29032932064773537,0.7460063511207656,0.055747783167161336
nw11,1C,3,True,full_record,5.3,0.04867325785669504,2.6862709201382016e-24,225,82,-0.11118471165829713,0.1298074348879201,0.7639613435524946,0.12065545398943722
nw11,1C,3,True,comparison_window,5.4,0.051927299166272776,7.323655852119313e-12,100,82,-1.0212438019732848,0.2810137642608271,0.7508566291297855,0.06529371715972654
nw11,1C,3,True,full_record,5.4,0.047709673983791945,3.1261992686369372e-24,225,82,-0.0601257410381828,0.11793463956475114,0.7689515794737481,0.1312435776418137
nw11,1C,3,True,comparison_window,5.5,0.05096840577841193,7.690361995403535e-12,100,82,-0.9417702341411425,0.27180168384217196,0.7556098123823777,0.07469804067630426
nw11,1C,3,True,full_record,5.5,0.04678183277517417,3.624660885393801e-24,225,82,-0.013572173811893462,0.1061834792918863,0.7738130497145433,0.14156055999983497
nw11,1C,3,True,comparison_window,5.6,0.05004290057395149,8.06762468575005e-12,100,82,-0.8655311822449929,0.26269218135708877,0.760264200742354,0.08394447825487905
nw11,1C,3,True,full_record,5.6,0.04588786784097138,4.187336791048903e-24,225,82,0.028582342639607794,0.09455251675246938,0.7785445241679264,0.1515910143507857
nw11,1C,3,True,comparison_window,5.7,0.049149138096886216,8.455275342363652e-12,100,82,-0.7924580261428331,0.2536843053344443,0.7648183306997035,0.09301786613970697
nw11,1C,3,True,full_record,5.7,0.045026034409255775,4.8202061527364116e-24,225,82,0.0664429519518599,0.08304023160163664,0.7831450964977902,0.1613211976673088
nw11,1C,3,True,comparison_window,5.8,0.048285574625633196,8.853137756062357e-12,100,82,-0.7224824957901368,0.24477705272635653,0.7692709649605333,0.10190414443411655
nw11,1C,3,True,full_record,5.8,0.04419470013482986,5.52953954567031e-24,225,82,0.1001134394103701,0.07164502668385626,0.787614167494515,0.17073895641763193
nw11,1C,3,True,comparison_window,5.9,0.04745076083286656,9.261028748488956e-12,100,82,-0.655536735064149,0.2359693710526189,0.7736210824136269,0.11059034321978045
nw11,1C,3,True,full_record,5.9,0.04339233666638446,6.321890682515372e-24,225,82,0.12969609230059642,0.06036523432530695,0.7919514288434525,0.1798336672432307
nw11,1C,3,True,comparison_window,6.0,0.046643335028717745,9.678758834126923e-12,100,82,-0.5915533672354594,0.2272601607765533,0.7778678684407121,0.11906456354199446
nw11,1C,3,True,full_record,6.0,0.04261751190863032,7.204086702703611e-24,225,82,0.15529157084939937,0.04919912264020935,0.7961568472567947,0.18859617367132187
nw11,1C,3,True,comparison_window,6.1,0.04586201693953749,1.0106132877362495e-11,100,82,-0.530465560788633,0.21864827786451707,0.7820107055363379,0.12731595406082918
nw11,1C,3,True,full_record,6.1,0.0418688829205365,8.183217124696552e-24,225,82,0.17699879032597676,0.03814490180327097,0.8002306489285582,0.19701871988085418
nw11,1C,3,True,comparison_window,6.2,0.04510560197798501,1.0542950738029445e-11,100,82,-0.4722070945222683,0.21013253648708796,0.7860491642038793,0.13533468407823057
nw11,1C,3,True,full_record,6.2,0.04114518939533655,9.266621571049373e-24,225,82,0.194914814635346,0.02720073024107537,0.8041733042818379,0.2050948824102059
nw11,1C,3,True,comparison_window,6.3,0.04437295596360699,1.0989007900676729e-11,100,82,-0.41671242105595296,0.20171171182521982,0.7899829940964809,0.14311191357236142
nw11,1C,3,True,full_record,6.3,0.040445247672246526,1.0461876383343732e-23,225,82,0.20913476151886945,0.016364720708579375,0.8079855129873759,0.2128195005780349
nw11,1C,3,True,comparison_window,6.4,0.043663010256355266,1.1444096083541834e-11,100,82,-0.3639167280398947,0.19338454294881213,0.793812115374765,0.15063976079891095
nw11,1C,3,True,full_record,6.4,0.03976794523400797,1.1776780246983895e-23,225,82,0.21975171931403004,0.005634946218165166,0.8116681892413651,0.22018860628503178
nw11,1C,3,True,comparison_window,6.5,0.042974757268559,1.190800382427871e-11,100,82,-0.313755996506607,0.18514973573852428,0.7975366102568575,0.15791126795564792
nw11,1C,3,True,full_record,6.5,0.03911223564821616,1.321933894879158e-23,225,82,0.22685667508423668,-0.004990554205042891,0.8152224472988956,0.2271993537731518
nw11,1C,3,True,comparison_window,6.6,0.04230724632371672,1.2380517040487004e-11,100,82,-0.2661670559413509,0.17700596582737585,0.8011567147404642,0.16492036535030896
nw11,1C,3,True,full_record,6.6,0.038477133914037016,1.4797749390550192e-23,225,82,0.23053845381680727,-0.015513769959048997,0.8186495872666295,0.2338499498354789
nw11,1C,3,True,comparison_window,6.7,0.041659579833190394,1.286141956319119e-11,100,82,-0.22108763573518608,0.16895188153773555,0.8046728104805878,0.17166183446034933
nw11,1C,3,True,full_record,6.7,0.03786171217925864,1.6520382981046364e-23,225,82,0.23088366830397744,-0.025936713513461614,0.8219510811645034,0.24013958489941256
nw11,1C,3,True,comparison_window,6.8,0.04103090976429792,1.3350493642693464e-11,100,82,-0.1784564128107322,0.16098610679869843,0.80808541681083,0.17813127022760633
nw11,1C,3,True,full_record,6.8,0.03726509579573632,1.8395768526459858e-23,225,82,0.22797667924886555,-0.03626141528047286,0.8251285592711624,0.2460683653388953
nw11,1C,3,True,comparison_window,6.9,0.04042043437562938,1.3847520425878671e-11,100,82,-0.13821305525155636,0.15310724402406892,0.8113951828997424,0.1843250428903127
nw11,1C,3,True,full_record,6.9,0.036686459684112264,2.043257473665074e-23,225,82,0.22189956509154363,-0.04648991871909397,0.8281837967716907,0.2516372473156686
nw11,1C,3,True,comparison_window,7.0,0.03982739519746003,1.4352280405138831e-11,100,82,-0.10029826186118229,0.14531387693891937,0.8146028800374583,0.19024025961789526
nw11,1C,3,True,full_record,7.0,0.03612502498132098,2.2639592459411533e-23,225,82,0.2127321010125669,-0.05662427567966649,0.8311187007287602,0.25684797239738255
nw11,1C,3,True,comparison_window,7.1,0.03925107423708298,1.486455383881218e-11,100,82,-0.06465379762936552,0.13760457334427606,0.8177093940508172,0.1958747261803987
nw11,1C,3,True,full_record,7.1,0.03558005594675465,2.502571675074193e-23,225,82,0.20055174654778762,-0.06666654199326408,0.8339352973999457,0.26170300515552913
nw11,1C,3,True,comparison_window,7.2,0.038690791390616895,1.538412114369092e-11,100,82,-0.031222525107571952,0.12997788780601233,0.8207157178480428,0.2012269088560381
nw11,1C,3,True,full_record,7.2,0.03505085710513633,2.759992888316298e-23,225,82,0.18543364123586703,-0.07661877330771688,0.8366357199245885,0.26620547290573937
nw11,1C,3,True,comparison_window,7.3,0.03814590204446272,1.591076325990202e-11,100,82,5.1568228729981236e-05,0.12243236426404215,0.823622944096315,0.2062958967517572
nw11,1C,3,True,full_record,7.3,0.03453677060612918,3.0371278387523365e-23,225,82,0.16745060771390774,-0.08648302117121949,0.8392221964032973,0.27035910771761595
nw11,1C,3,True,comparison_window,7.4,0.03761579485101944,1.644426198935935e-11,100,82,0.029223346550548257,0.11496653855309022,0.8264322580375767,0.21108136468940863
nw11,1C,3,True,full_record,7.4,0.034037173782502074,3.33488652178025e-23,225,82,0.14667316167801958,-0.09626132936256483,0.8416970383922681,0.2741681907893667
nw11,1C,3,True,comparison_window,7.5,0.03709988966464842,1.6984400307966557e-11,100,82,0.05634650606275504,0.10757894082923634,0.8291449304492305,0.21558353678688646
nw11,1C,3,True,full_record,7.5,0.033551476890296326,3.654182212179016e-23,225,82,0.1231695281393026,-0.10595573046366323,0.8440626298330027,0.2776374992551014
nw11,1C,3,True,comparison_window,7.6,0.0365976356250282,1.7530962653184792e-11,100,82,0.0814735590686062,0.1002680978992194,0.8317623107577565,0.21980315084562152
nw11,1C,3,True,full_record,7.6,0.03307912101593536,3.9959297292578323e-23,225,82,0.09700566341143646,-0.11556824267210966,0.8463214164358911,0.28077225546805173
nw11,1C,3,True,comparison_window,7.7,0.036108509376204495,1.808373518746774e-11,100,82,0.10465582156059805,0.09303253544883966,0.8342858203137627,0.22374142363680882
nw11,1C,3,True,full_record,7.7,0.03261957613655048,4.361043736962595e-23,225,82,0.06824528228547144,-0.12510086684875638,0.8484758955336901,0.2835780787816734
nw11,1C,3,True,comparison_window,7.8,0.03563201341061277,1.8642506038834723e-11,100,82,0.12594340417583128,0.08587078016750221,0.8367169458375554,0.2274000171641981
nw11,1C,3,True,full_record,7.8,0.03217233932101776,4.750437085090799e-23,225,82,0.036949889867279206,-0.13455558379441757,0.8505286064181984,0.28606093983204184
nw11,1C,3,True,comparison_window,7.9,0.03516767452828001,1.920706551953393e-11,100,82,0.1453852063391271,0.07878136176881041,0.8390572330443478,0.230781005966184
nw11,1C,3,True,full_record,7.9,0.031736933060301724,5.165019197252031e-23,225,82,0.0031788175867349944,-0.1439343517460042,0.8524821211704867,0.28822711730792205
nw11,1C,3,True,comparison_window,8.0,0.03471504240223501,1.9777206324161214e-11,100,82,0.16302891341709458,0.07176281490637439,0.8413082804581307,0.23388684550790617
nw11,1C,3,True,full_record,8.0,0.03131290371672456,5.605694510124179e-23,225,82,-0.033010737125586775,-0.15323910409250682,0.8543390359919842,0.2900831571826876
nw13,1D,3,False,comparison_window,0.5,0.24272185481597452,5.765064129342862e-10,100,82,-4.703970126761052,0.7149841333318593,0.5963491367804044,0.10698008355472288
nw13,1D,3,False,full_record,0.5,0.2250714854539102,7.942957995705573e-15,163,82,-4.369787364955212,0.6907680608645471,0.6024069111150818,0.12079381148286039
nw13,1D,3,False,comparison_window,0.6,0.24439164801546137,4.4015088666861883e-11,100,82,-4.457467627662703,0.6980947144545225,0.5998298301956507,0.12887771903799372
nw13,1D,3,False,full_record,0.6,0.2304163376589016,7.506158887656018e-17,163,82,-4.121927785658261,0.6729142053390332,0.6044110038082918,0.13952270083064156
nw13,1D,3,False,comparison_window,0.7,0.24275311131767338,4.372865625857933e-12,100,82,-4.223972569230537,0.6818337128399276,0.6044015346183012,0.15119806657822865
nw13,1D,3,False,full_record,0.7,0.2319704707625214,1.0274159415390553e-18,163,82,-3.8816356935587937,0.6553264330035121,0.6077274433139525,0.159965206600035
nw13,1D,3,False,comparison_window,0.8,0.23864654024523604,5.808871439347853e-13,100,82,-4.002532238860301,0.6660794017773817,0.6096800045654218,0.17279059824708498
nw13,1D,3,False,full_record,0.8,0.23045163188458373,2.2600824470765678e-20,163,82,-3.6496015497827816,0.6379636620045898,0.6120160002657311,0.1806732969112692
nw13,1D,3,False,comparison_window,0.9,0.23280578922660125,1.0353829547188006e-13,100,82,-3.792312514828894,0.6507443663875576,0.6153447343304937,0.19296792801907436
nw13,1D,3,False,full_record,0.9,0.22658918509632084,8.421462691373733e-22,163,82,-3.4262528495164615,0.6207985034210418,0.6169566862281317,0.20067884347743092
nw13,1D,3,False,comparison_window,1.0,0.225829535165971,2.4430769159749843e-14,100,82,-3.5925324853946767,0.635764226696947,0.6211502456054417,0.2113774749014996
nw13,1D,3,False,full_record,1.0,0.22104558992974582,5.359715245146873e-23,163,82,-3.2117597499266175,0.603811570997388,0.622275999145226,0.2193998243671722
nw13,1D,3,False,comparison_window,1.1,0.21818203430138933,7.450108887395909e-15,100,82,-3.4024502313134874,0.6210906644445081,0.6269241409042091,0.22789608789527271
nw13,1D,3,False,full_record,1.1,0.21437823641002351,5.6840090227437864e-24,163,82,-3.006089623409319,0.5869887211858407,0.6277608054720337,0.236541649696967
nw13,1D,3,False,comparison_window,1.2,0.21020901406763548,2.851393157072387e-15,100,82,-3.2213640361220195,0.606686810153591,0.6325574291051778,0.242550435397055
nw13,1D,3,False,full_record,1.2,0.2070303136481093,9.594913473109673e-25,163,82,-2.8090671172865638,0.5703194768711456,0.6332600872510036,0.2520113373547852
nw13,1D,3,False,comparison_window,1.3,0.20215898944900687,1.3282695049283005e-15,100,82,-3.0486163658243717,0.5925240521769531,0.6379917069322549,0.25545958878021147
nw13,1D,3,False,full_record,1.3,0.19933874989460024,2.436446221231567e-25,163,82,-2.620424723152403,0.5537959601704289,0.6386785356023139,0.2658496979950118
nw13,1D,3,False,comparison_window,1.4,0.19420450695454614,7.311119046705148e-16,100,82,-2.883596856392846,0.5785797747253999,0.6432061577015085,0.2667948101956549
nw13,1D,3,False,full_record,1.4,0.19155000260643332,8.769571979583406e-26,163,82,-2.439841144905065,0.5374120965631529,0.6439661060486954,0.278180615198946
nw13,1D,3,False,comparison_window,1.5,0.18646076291103741,4.627727386205228e-16,100,82,-2.7257436242512734,0.5648357383460734,0.6482059559648012,0.27675204170896217
nw13,1D,3,False,full_record,1.5,0.18383783577447824,4.22509991498885e-26,163,82,-2.2669689859444646,0.521163010743795,0.6491065654618072,0.2891744634919542
nw13,1D,3,False,comparison_window,1.6,0.17900078779547784,3.2886811375825755e-16,100,82,-2.574543107969303,0.5512769194920469,0.6530127361004814,0.2855335534122716
nw13,1D,3,False,full_record,1.6,0.1763199444510612,2.5864103068834963e-26,163,82,-2.1014541459030287,0.5050445818069265,0.6541068603338429,0.29902250767486205
nw13,1D,3,False,comparison_window,1.7,0.17186728145643526,2.570169262736352e-16,100,82,-2.4295288104570054,0.5378906828735278,0.6576572293353337,0.2933361127391426
nw13,1D,3,False,full_record,1.7,0.16907209211486174,1.921928225574889e-26,163,82,-1.9429490596364554,0.4890531343131381,0.6589881990233153,0.3079195632227867
nw13,1D,3,False,comparison_window,1.8,0.16508155995118454,2.1705700894255924e-16,100,82,-2.2902792692591176,0.5246661954847082,0.6621738824479385,0.3003437517099895
nw13,1D,3,False,full_record,1.8,0.16213946032041432,1.6675007073448094e-26,163,82,-1.7911214216522424,0.47318524099267967,0.6637791202923566,0.3160527496640596
nw13,1D,3,False,comparison_window,1.9,0.15865017286901495,1.952031084248674e-16,100,82,-2.1564155088656753,0.5115940150790466,0.66659714498139,0.3067237387568109
nw13,1D,3,False,full_record,1.9,0.15554541903863903,1.635220075729089e-26,163,82,-1.645659606222551,0.4574376119559976,0.6685104597959806,0.3235946622025897
nw13,1D,3,False,comparison_window,2.0,0.1525697176022373,1.8467897285539132e-16,100,82,-2.0275981670345367,0.498665803149905,0.6709590814712398,0.3126247472558893
nw13,1D,3,False,full_record,2.0,0.1492981237413348,1.7646394192023087e-26,163,82,-1.5062756719567125,0.44180704650616054,0.6732119481484016,0.3306996857435709
nw13,1D,3,False,comparison_window,2.1,0.14683029520836643,1.8197600366505854e-16,100,82,-1.903524441559846,0.4858741254409883,0.6752879863269124,0.3181764931739607
nw13,1D,3,False,full_record,2.1,0.1433953789268393,2.050466437559326e-26,163,82,-1.372706612719484,0.42629042668283723,0.6779101124692591,0.33750248847459086
nw13,1D,3,False,comparison_window,2.2,0.14141796164846718,1.8522894316756762e-16,100,82,-1.7839249703465843,0.47321231287749266,0.679607723926247,0.3234903192605658
nw13,1D,3,False,full_record,2.2,0.1378281665787576,2.520782957797982e-26,163,82,-1.244714355851046,0.41088473563193745,0.682627158860652,0.3441179761956623
nw13,1D,3,False,comparison_window,2.3,0.13631644583499575,1.934578421308717e-16,100,82,-1.6685607316929918,0.4606743633225162,0.6839375688127941,0.3286603540795432
nw13,1D,3,False,full_record,2.3,0.1325831707370511,3.232841216369258e-26,163,82,-1.1220848908284582,0.3955870880152042,0.687380552769508,0.3506421785632544
nw13,1D,3,False,comparison_window,2.4,0.13150833789123,2.061912926182865e-16,100,82,-1.5572200305669228,0.4482548702405746,0.688292371550922,0.33376498543159205
nw13,1D,3,False,full_record,2.4,0.1276445599471709,4.276781998059041e-26,163,82,-1.0046268219496097,0.38039476344225404,0.6921830665827658,0.357153685601883
nw13,1D,3,False,comparison_window,2.5,0.12697589765044182,2.232684240412055e-16,100,82,-1.4497156190222649,0.4359489685893501,0.6926829203433739,0.3388684695744665
nw13,1D,3,False,full_record,2.5,0.12299522801882451,5.784374178039686e-26,163,82,-0.8921695685175233,0.36530523706730306,0.6970431168303431,0.3637153657590064
nw13,1D,3,False,comparison_window,2.6,0.12270159285122836,2.44729445021229e-16,100,82,-1.3458819840972915,0.42375229137703285,0.6971164053126142,0.34402255743883037
nw13,1D,3,False,full_record,2.6,0.11861764334423289,7.942110171093213e-26,163,82,-0.7845613802534144,0.3503162039667257,0.7019652607321782,0.37037618214955303
nw13,1D,3,False,comparison_window,2.7,0.1186684462671411,2.707521743782172e-16,100,82,-1.2455728242814819,0.4116609325734592,0.7015969213622788,0.3492680622079517
nw13,1D,3,False,full_record,2.7,0.11449441776765044,1.1008826071998094e-25,163,82,-0.6816672911890687,0.33542559573488434,0.7069507609876883,0.3771729869870273
nw13,1D,3,False,comparison_window,2.8,0.11486024880398807,3.0161345057816893e-16,100,82,-1.1486587257131813,0.3996714136549692,0.7061259675624875,0.3546363233054167
nw13,1D,3,False,full_record,2.8,0.11060867614216022,1.5338355952155548e-25,163,82,-0.5833671000217604,0.32063158899505306,0.7119981583325082,0.38413222018622406
nw13,1D,3,False,comparison_window,2.9,0.11126167942960535,3.3766447465807665e-16,100,82,-1.0550250414838285,0.3877806521640036,0.7107029171710815,0.3601505431859908
nw13,1D,3,False,full_record,2.9,0.10694428542504676,2.1407865954530247e-25,163,82,-0.4895534372840893,0.3059326063296266,0.717103814279759,0.3912714706671303
nw13,1D,3,False,comparison_window,3.0,0.10785836110046744,3.7931419021103324e-16,100,82,-0.964569971505902,0.37598593140291836,0.7153254438901253,0.36582698779197276
nw13,1D,3,False,full_record,3.0,0.10348598573982029,2.9852544450466226e-25,163,82,-0.40012995837777443,0.291327310598085,0.7222624028934858,0.39860088123885995
nw13,1D,3,False,comparison_window,3.1,0.10463687341849709,4.2701741841186045e-16,100,82,-0.8772028360900634,0.3642848708593007,0.7199898978424842,0.37167605099460943
nw13,1D,3,False,full_record,3.1,0.10021945383574175,4.150728587484901e-25,163,82,-0.3150096854082034,0.27681459382907264,0.7274673417673008,0.406124392730683
nw13,1D,3,False,comparison_window,3.2,0.10158473669460141,4.81265871703996e-16,100,82,-0.792842533408497,0.35267539725534547,0.7246916299534416,0.37770318921166346
nw13,1D,3,False,full_record,3.2,0.09713132066637688,5.745591318141375e-25,163,82,-0.23411350882888127,0.26239356192174085,0.7327111598440524,0.41384083234876656
nw13,1D,3,False,comparison_window,3.3,0.0986903777542635,5.425809511510641e-16,100,82,-0.7114161691152896,0.3411557162810715,0.7294252666764484,0.3839097357491499
nw13,1D,3,False,full_record,3.3,0.09420915851481579,7.908834598833416e-25,163,82,-0.1573688513116447,0.24806351633425697,0.7379858043576584,0.42174485668135786
nw13,1D,3,False,comparison_window,3.4,0.095943084714946,6.1150767969623725e-16,100,82,-0.632857845333713,0.32972428515440977,0.7341849388845968,0.3902936060508462
nw13,1D,3,False,full_record,3.4,0.09144144856065252,1.0816594616251017e-24,163,82,-0.08470849025822047,0.23382393381739935,0.7432828918367571,0.4298277625650203
nw13,1D,3,False,comparison_window,3.5,0.09333295574775967,6.886093859070347e-16,100,82,-0.5571075957984786,0.31837978618015295,0.7389644696930178,0.39684990553201227
nw13,1D,3,False,full_record,3.5,0.08881753652907953,1.4689506828570122e-24,163,82,-0.01606953136371736,0.21967444510153858,0.7485939094148122,0.4380781800527195
nw13,1D,3,False,comparison_window,3.6,0.09085084525618431,7.744629096920456e-16,100,82,-0.4841104539843879,0.30712110147486676,0.7437575262997689,0.4035714514394846
nw13,1D,3,False,full_record,3.6,0.08632758173148734,1.9800861869114982e-24,163,82,0.048607476861194265,0.2056148132872091,0.7539103731095369,0.44648266163370176
nw13,1D,3,False,comparison_window,3.7,0.08848830978246736,8.696541965303775e-16,100,82,-0.4138156414282732,0.295947289001051,0.7485577408615885,0.4104492195105801
nw13,1D,3,False,full_record,3.7,0.0839625031422614,2.6485519385546628e-24,163,82,0.10937929909670174,0.19164491253656665,0.7592239495997588,0.45502618109555215
nw13,1D,3,False,comparison_window,3.8,0.08623755515806197,9.747742046836065e-16,100,82,-0.34617586405891787,0.2848575600223067,0.7533588051156114,0.4174727252991227
nw13,1D,3,False,full_record,3.8,0.08171392497146274,3.514951373896838e-24,163,82,0.16630065182662945,0.1777647075235287,0.7645265475723076,0.4636925542987995
nw13,1D,3,False,comparison_window,3.9,0.08409138585523399,1.0904150849643849e-15,100,82,-0.2811467050866847,0.27385125805502974,0.758154543027528,0.42463034903326025
nw13,1D,3,False,full_record,3.9,0.07957412335299217,4.628026347987321e-24,163,82,0.2194247366617752,0.16397423397773142,0.7698103840918437,0.4724647928583894
nw13,1D,3,False,comparison_window,4.0,0.08204315710589619,1.217166613525144e-15,100,82,-0.21868610383273857,0.2629278393591045,0.7629389652630202,0.43190961185329557
nw13,1D,3,False,full_record,4.0,0.07753597517543143,6.0457276567750005e-24,163,82,0.26880368011976175,0.15027358055288773,0.7750680307651218,0.4813254004242318
nw13,1D,3,False,comparison_window,4.1,0.08008673008294243,1.3556128700486234e-15,100,82,-0.15875391072943978,0.25208685497885647,0.767706308788767,0.43929741030232783
nw13,1D,3,False,full_record,4.1,0.07559290966802516,7.836322617383174e-24,163,82,0.314488890992233,0.13666287216556525,0.7802924437916873,0.49025662000315584
nw13,1D,3,False,comparison_window,4.2,0.07821643025438371,1.5063291599384861e-15,100,82,-0.10131150957875645,0.2413279343193363,0.7724510644399131,0.44678021503832066
nw13,1D,3,False,full_record,4.2,0.07373886306665722,1.0079525819622288e-23,163,82,0.3565313456756338,0.12314225487942305,0.7854769813532612,0.49924063961174614
nw13,1D,3,False,comparison_window,4.3,0.07642700889664565,1.669879181760254e-15,100,82,-0.04632149898772786,0.23065077022175343,0.7771679948584634,0.4543442389186654
nw13,1D,3,False,full_record,4.3,0.07196823648800216,1.286763817112539e-23,163,82,0.39498181099584695,0.10971188235739196,0.7906154112135363,0.5082597625121814
nw13,1D,3,False,comparison_window,4.4,0.07471360767275612,1.8468124416194483e-15,100,82,0.006252574307656356,0.22005510548490556,0.7818521448188814,0.46197557888122176
nw13,1D,3,False,full_record,4.4,0.0702758570079825,1.6306678770122417e-23,163,82,0.42989101319343503,0.09637190386169864,0.7957019108874239,0.5172965473689038
nw13,1D,3,False,comparison_window,4.5,0.07307172613098886,2.037661915264378e-15,100,82,0.056446436776163234,0.20954072076645883,0.7864988456156835,0.4696603354087968
nw13,1D,3,False,full_record,4.5,0.06865694185456088,2.0517493954175203e-23,163,82,0.46130976087432596,0.08312245375172415,0.8007310622947799,0.526333922867914
nw13,1D,3,False,comparison_window,4.6,0.07149719195068324,2.2429419571116952e-15,100,82,0.10429526993425442,0.19910742378963397,0.7911037148918016,0.47738471281043915
nw13,1D,3,False,full_record,4.6,0.06710706557110921,2.5636828076502198e-23,163,82,0.4892890289030306,0.06996364240791562,0.8056978424353033,0.5353552806550401
nw13,1D,3,False,comparison_window,4.7,0.06998613374786898,2.463146453456614e-15,100,82,0.14983385791552473,0.18875503977482286,0.7956626530329831,0.48513510307632324
nw13,1D,3,False,full_record,4.7,0.06562212997545357,3.181834112595908e-23,163,82,0.5138800094335868,0.05689554849563751,0.8105976113030392,0.5443445498636273
nw13,1D,3,False,comparison_window,4.8,0.06853495624926789,2.698747215120458e-15,100,82,0.19309670540273283,0.17848340301256332,0.8001718370386858,0.49289815565462247
nw13,1D,3,False,full_record,4.8,0.06419833672421273,3.923355919174167e-23,163,82,0.5351341355478116,0.04391821247326403,0.815426097994205,0.5532862560041463
nw13,1D,3,False,comparison_window,4.9,0.06714031764586456,2.95019260287376e-15,100,82,0.23411813002943416,0.1682923494937877,0.8046277125993533,0.5006608351506152
nw13,1D,3,False,full_record,4.9,0.06283216228721937,4.807274493489915e-23,163,82,0.5531030822998451,0.03103163124678202,0.8201793857441135,0.5621655665660946
nw13,1D,3,False,comparison_window,5.0,0.06579910894416194,3.2179063772895482e-15,100,82,0.2729323328835226,0.15818171051352964,0.8090269849594752,0.5084104686525932
nw13,1D,3,False,full_record,5.0,0.06152033513911598,5.85456766124275e-23,163,82,0.5678387493636836,0.01823575386864413,0.8248538964511999,0.5709683253270695
nw13,1D,3,False,comparison_window,5.1,0.06450843514280825,3.502286763125342e-15,100,82,0.3095734503121429,0.14815130716741842,0.8133666090211074,0.516134784137838
nw13,1D,3,False,full_record,5.1,0.06025981498208282,7.088232575388819e-23,163,82,0.5793932289273667,0.005530478184245788,0.8294463751025424,0.579681077063031
nw13,1D,3,False,comparison_window,5.2,0.06326559807326307,3.8037057172376714e-15,100,82,0.34407558985018516,0.13820094566117236,0.817643779040171,0.5238219412002705
nw13,1D,3,False,full_record,5.2,0.05904777382334321,8.533342526216582e-23,163,82,0.5878187619899486,-0.007084351670810323,0.8339538744002859,0.5882910841013346
nw13,1D,3,False,comparison_window,5.3,0.062068080754838995,4.122508388005419e-15,100,82,0.376472852739408,0.12833041336047774,0.8218559181840179,0.5314605551609546
nw13,1D,3,False,full_record,5.3,0.05788157874233154,1.0217092144695497e-22,163,82,0.5931676857770376,-0.019608947012172768,0.8383737397973259,0.5967863359448953
nw13,1D,3,False,comparison_window,5.4,0.06091353312619928,4.459012753632659e-15,100,82,0.4067993452113522,0.11853947550867176,0.8260006681509009,0.5390397154712443
nw13,1D,3,False,full_record,5.4,0.056758776194359074,1.2168830525857862e-22,163,82,0.5954923746027224,-0.032043575673393186,0.8427035950792773,0.6051555530164019
nw13,1D,3,False,comparison_window,5.5,0.059799759026854644,4.8135094262653066e-15,100,82,0.4350891804225322,0.10882787254819476,0.8300758789973298,0.5465489991895613
nw13,1D,3,False,full_record,5.5,0.05567707770967667,1.4420081972352363e-22,163,82,0.5948451761613909,-0.04438856247657822,0.8469413285746304,0.6133881854200609
nw13,1D,3,False,comparison_window,5.6,0.05872470431320788,5.186261608624445e-15,100,82,0.46137647269866666,0.09919531798229148,0.834079599275557,0.5539784802039978
nw13,1D,3,False,full_record,5.6,0.05463434685864104,1.7004554226183677e-22,163,82,0.5912783449309249,-0.05664428918060006,0.8510850800331137,0.6214744074904953
nw13,1D,3,False,comparison_window,5.7,0.05768644600402073,5.577505189901026e-15,100,82,0.4856953255201911,0.08964149672198227,0.8380100665489633,0.5613187347805607
nw13,1D,3,False,full_record,5.7,0.05362858736499799,1.9958134215427606e-22,163,82,0.5848439741020452,-0.0688111939752332,0.8551332281810063,0.6294051087901772
nw13,1D,3,False,comparison_window,5.8,0.056683182359833995,5.98744896778627e-15,100,82,0.5080798145004648,0.08016606386378244,0.8418656983260157,0.5685608439387573
nw13,1D,3,False,full_record,5.8,0.05265793225993207,2.331887149028974e-22,163,82,0.575593927217545,-0.08088977058189743,0.8590843789395846,0.637171882125044
nw13,1D,3,False,comparison_window,5.9,0.05571322380977537,6.4162749838146145e-15,100,82,0.5285639664327517,0.07076864385113502,0.8456450834326282,0.5756963930892041
nw13,1D,3,False,full_record,5.9,0.051720633979465865,2.712694965744692e-22,163,82,0.5635797705004807,-0.0928805670182907,0.8629373542770411,0.644767009070015
nw13,1D,3,False,comparison_window,6.0,0.05477498464736802,6.8641389595827965e-15,100,82,0.5471817353370636,0.06144882997563937,0.8493469738268774,0.5827174693113603
nw13,1D,3,False,full_record,6.0,0.050815055316941374,3.1424646241654284e-22,163,82,0.5488527066769352,-0.10478418407633196,0.866691181653894,0.6521834434297237
nw13,1D,3,False,comparison_window,6.1,0.053866975424435,7.331170821990242e-15,100,82,0.5639669763101007,0.05220618417568006,0.8529702768482579,0.5896166566009476
nw13,1D,3,False,full_record,6.1,0.049939661150738786,3.625628150830863e-22,163,82,0.5314635109414684,-0.11660127356106137,0.8703450840156943,0.6594147930031282
nw13,1D,3,False,comparison_window,6.2,0.05298779597897491,7.81747530610938e-15,100,82,0.5789534178596731,0.04304023709851929,0.8565140478852101,0.596387029374879
nw13,1D,3,False,full_record,6.2,0.04909301087504636,4.166815687073572e-22,163,82,0.5114624695872911,-0.12833253632954694,0.8738984702840077,0.6664552999720589
nw13,1D,3,False,comparison_window,6.3,0.052136129039086904,8.323132624996038e-15,100,82,0.5921746333111156,0.03395048839014466,0.8599774834387309,0.6030221444857752
nw13,1D,3,False,full_record,6.3,0.04827375146849837,4.770848357867755e-22,163,82,0.48889932170257255,-0.13997872016851093,0.8773509262961436,0.6732998201921664
nw13,1D,3,False,comparison_window,6.4,0.05131073435057246,8.848199196400777e-15,100,82,0.6036640117797325,0.02493640718403334,0.8633599145562298,0.6095160319676357
nw13,1D,3,False,full_record,6.4,0.04748061114180065,5.442730244491731e-22,163,82,0.46382320424170387,-0.15154061754242532,0.8807022061455893,0.6799438016289183
nw13,1D,3,False,comparison_window,6.5,0.05051044328092172,9.392708416950087e-15,100,82,0.6134547291275333,0.015997432761242023,0.8666608006075941,0.6158631847072638
nw13,1D,3,False,full_record,6.5,0.0467123935112166,6.187639540967874e-22,163,82,0.43628260069144564,-0.16301906324245452,0.8839522238777195,0.6863832621501167
nw13,1D,3,False,comparison_window,6.6,0.049734153856928066,9.956671475145057e-15,100,82,0.6215797192544307,0.0071329753567473736,0.8698797233746823,0.6220585472134021
nw13,1D,3,False,full_record,6.6,0.04596797224993116,7.010918977505308e-22,163,82,0.40632529348779467,-0.17441493196054839,0.887101045499038,0.6926147668597419
nw13,1D,3,False,comparison_window,6.7,0.048980826197296136,1.0540078195110236e-14,100,82,0.6280716460135988,-0.0016575829097203521,0.873016381425566,0.6280975036351335
nw13,1D,3,False,full_record,6.7,0.04524628617399418,7.918065595797068e-22,163,82,0.3739983202661482,-0.18572913581440337,0.890148881262302,0.698635405134548
nw13,1D,3,False,comparison_window,6.8,0.04824947830529519,1.1142897903817961e-14,100,82,0.6329628759896077,-0.010374886998538344,0.8760705847458153,0.6339758651640777
nw13,1D,3,False,full_record,6.8,0.04454633472372548,8.914719961819877e-22,163,82,0.3393479339919532,-0.19696262184074279,0.8930960781944275,0.7044427675044138
nw13,1D,3,False,comparison_window,6.9,0.047539182189863555,1.176508031496854e-14,100,82,0.6362854523320753,-0.019019607828256693,0.8790422496004753,0.6396898569391356
nw13,1D,3,False,full_record,6.9,0.043867173805253575,1.000665490148426e-21,163,82,0.30241956696306427,-0.20811636947647566,0.8959431128385903,0.710034922499774
nw13,1D,3,False,comparison_window,7.0,0.046849060286550434,1.240655642359475e-14,100,82,0.6380710697986649,-0.027592441083834764,0.8819313936022614,0.6452361045597614
nw13,1D,3,False,full_record,7.0,0.04320791196026685,1.11997638429262e-21,163,82,0.2632577986401844,-0.2191913880441125,0.898690584186471,0.7154103935737905
nw13,1D,3,False,comparison_window,7.1,0.0461782821524026,1.3067239405769957e-14,100,82,0.6383510511266914,-0.036094105968214524,0.8847381309635189,0.6506116203012986
nw13,1D,3,False,full_record,7.1,0.042567706835099785,1.2500048847485232e-21,163,82,0.2219063272465075,-0.2301887142521726,0.9013392067809779,0.7205681361929888
nw13,1D,3,False,comparison_window,7.2,0.04552606141132021,1.3747025518688751e-14,100,82,0.6371563248234691,-0.0445253439109263,0.8874626679117164,0.6558137891161326
nw13,1D,3,False,full_record,7.2,0.04194576192304545,1.3913608408466006e-21,163,82,0.17840794502737933,-0.24110940972641975,0.9038898039738267,0.7255075151783663
nw13,1D,3,False,comparison_window,7.3,0.04489165292861766,1.444579499660874e-14,100,82,0.6345174044386499,-0.052886917245802835,0.8901052982504508,0.6608403544947254
nw13,1D,3,False,full_record,7.3,0.041341323556257026,1.5446625093417921e-21,163,82,0.13280451707058427,-0.2519545585784141,0.9063433013261443,0.7302282823674853
nw13,1D,3,False,comparison_window,7.4,0.044274350195471476,1.5163412938851724e-14,100,82,0.6304643693629997,-0.06117960786541325,0.892666399050275,0.6656894042526542
nw13,1D,3,False,full_record,7.4,0.04075367812581629,1.710535310221197e-21,163,82,0.08513696354607858,-0.2627252650231544,0.9087007201437135,0.7347305546593789
nw13,1D,3,False,comparison_window,7.5,0.0436734829057521,1.5899730186581746e-14,100,82,0.6250268471744307,-0.06940421586475556,0.8951464264557226,0.670359356302387
nw13,1D,3,False,full_record,7.5,0.04018214951057641,1.8896105808506577e-21,163,82,0.035445245232289646,-0.27342265105120317,0.9109631711414514,0.7390147924946167
nw13,1D,3,False,comparison_window,7.6,0.04308841470930071,1.665458418521616e-14,100,82,0.6182339975415523,-0.07756155817901719,0.8975459115971559,0.6748489444620915
nw13,1D,3,False,full_record,7.6,0.039626096697167296,2.0825243348300485e-21,163,82,-0.016231647827178675,-0.28404785416294787,0.9131318482344035,0.7430817788159224
nw13,1D,3,False,comparison_window,7.7,0.04251854112719424,1.7427799830124383e-14,100,82,0.6101144976756157,-0.085652467225266,0.8998654565978899,0.6791572043478691
nw13,1D,3,False,full_record,7.7,0.03908491157519208,2.28991603144826e-21,163,82,-0.0698557046878372,-0.2946020251691322,0.9152080224547906,0.7469325985474868
nw13,1D,3,False,comparison_window,7.8,0.041963287615820716,1.8219190293421308e-14,100,82,0.6006965293165312,-0.09367778955148516,0.9021057306689826,0.683283459390386
nw13,1D,3,False,full_record,7.8,0.03855801689310019,2.512427361138962e-21,163,82,-0.12538989905783882,-0.30508632606340286,0.917193035996519,0.7505686186252012
nw13,1D,3,False,comparison_window,7.9,0.041422107767784586,1.9028557829846177e-14,100,82,0.5900077672214437,-0.1016383845015431,0.9042674662856853,0.68722730701253
nw13,1D,3,False,full_record,7.9,0.038044864361551606,2.750701051898421e-21,163,82,-0.1827981921933053,-0.315501927968315,0.9190882963900763,0.7539914686041328
nw13,1D,3,False,comparison_window,8.0,0.04089448163870843,1.9855694560575776e-14,100,82,0.5780753691262965,-0.10953512289710696,0.9063514554411359,0.6909886049999165
nw13,1D,3,False,full_record,8.0,0.03754493289227155,3.0053797010987677e-21,163,82,-0.2420455333153313,-0.3258500091604232,0.9208952708119462,0.7572030218650037
nw3,1E,2,False,comparison_window,0.5,0.3136352490294163,1.1867503908432684e-16,100,82,-0.8390021325232586,0.343006193738074,0.6768408016949037,0.3241925412370459
nw3,1E,2,False,full_record,0.5,0.29240380981354114,1.9166860506517992e-30,210,82,-0.8164091839962253,0.34666504266050885,0.6882389882367385,0.3717334516183767
nw3,1E,2,False,comparison_window,0.6,0.2996444363734704,3.962336307356543e-17,100,82,-0.6944100619273346,0.32679090348277295,0.6917791995206488,0.36140632557266217
nw3,1E,2,False,full_record,0.6,0.27695582196825674,2.8775533035888623e-31,210,82,-0.6552534157068208,0.3280875951022952,0.7039870211054426,0.40895845922856255
nw3,1E,2,False,comparison_window,0.7,0.28366408483006395,2.6115323235604222e-17,100,82,-0.5547128578758271,0.3102173388261401,0.7071407906248601,0.39672541234173675
nw3,1E,2,False,full_record,0.7,0.2603358558326704,1.414705461929684e-31,210,82,-0.5013511442243206,0.30916481984182503,0.7196924686791744,0.4436419154381025
nw3,1E,2,False,comparison_window,0.8,0.26697121401118573,2.865440401380225e-17,100,82,-0.42133705367156815,0.29336166544355163,0.7222440742891884,0.42951726070958784
nw3,1E,2,False,full_record,0.8,0.2436661003726628,1.6285281573617622e-31,210,82,-0.3561023358145954,0.2899843950819586,0.7347471993375914,0.4752741482361733
nw3,1E,2,False,comparison_window,0.9,0.25041932031775077,4.469541881311583e-17,100,82,-0.29524349551425044,0.27628759899656913,0.7366412535894227,0.45945114349178573
nw3,1E,2,False,full_record,0.9,0.22761792692884938,3.3095728150464312e-31,210,82,-0.22033219548439775,0.2706177321575367,0.7488099636338451,0.5037051722685373
nw3,1E,2,False,comparison_window,1.0,0.23452963033046378,8.719811167950453e-17,100,82,-0.17703280926274712,0.25904973784462104,0.7500775962862939,0.48642726747867315
nw3,1E,2,False,full_record,1.0,0.21254869717843394,9.576302798531863e-31,210,82,-0.09445645525546542,0.25112351521173,0.7617346249279858,0.5290245748833289
nw3,1E,2,False,comparison_window,1.1,0.2195866479587128,1.9344094409391079e-16,100,82,-0.06702629766416512,0.24169499541077044,0.7624437216557809,0.5105159998309925
nw3,1E,2,False,full_record,1.1,0.19861344278541931,3.383982260748851e-30,210,82,0.021392899124353937,0.23154967215484498,0.7735051596064669,0.5514672878723066
nw3,1E,2,False,comparison_window,1.2,0.2057174840961684,4.564662509527038e-16,100,82,0.03466467020267894,0.22426326388512985,0.7737310526922949,0.5319031813158622
nw3,1E,2,False,full_record,1.2,0.1858448588306603,1.315405758894993e-29,210,82,0.12727092152971464,0.21193481510682935,0.7841839927227271,0.5713426152227747
nw3,1E,2,False,comparison_window,1.3,0.1929505157986346,1.09581740961619e-15,100,82,0.12807833084763798,0.20678790386865875,0.7839947724219118,0.5508430550317235
nw3,1E,2,False,full_record,1.3,0.174206394375425,5.251675213666052e-29,210,82,0.22334713646397986,0.1923095620825873,0.7938743444662799,0.5889842216981178
nw3,1E,2,False,comparison_window,1.4,0.1812558111967228,2.6012130456781977e-15,100,82,0.21335210189823783,0.18929630635890077,0.7933254163220835,0.5676207826985227
nw3,1E,2,False,full_record,1.4,0.1636257156957108,2.062002100969773e-28,210,82,0.30985338445190547,0.17269784113858594,0.8026947838038505,0.6047177543551516
nw3,1E,2,False,comparison_window,1.5,0.17057165991260917,6.000890095855563e-15,100,82,0.2906827748399884,0.17181057899069366,0.8018285864515159,0.5825251042762978
nw3,1E,2,False,full_record,1.5,0.15401494508104147,7.755655124733513e-28,210,82,0.3870483118292021,0.15311815265993303,0.8107633794747741,0.61884212604239
nw3,1E,2,False,comparison_window,1.6,0.16082131712599346,1.332356280244367e-14,100,82,0.3602969806204752,0.15434831943056412,0.8096115098952925,0.5958302664120394
nw3,1E,2,False,full_record,1.6,0.14528240966233316,2.75306674125955e-27,210,82,0.4551947455577048,0.13358473455118736,0.8181888371037273,0.6316205652824339
nw3,1E,2,False,comparison_window,1.7,0.1519231825512925,2.8333452321599104e-14,100,82,0.4224306855695813,0.1369234122191295,0.8167749195512626,0.6077855155471368
nw3,1E,2,False,full_record,1.7,0.13733911800355403,9.154658037526802e-27,210,82,0.5145465189246882,0.11410858475873148,0.8250663775085422,0.6432781044923301
nw3,1E,2,False,comparison_window,1.8,0.1437967210896454,5.76153386756744e-14,100,82,0.47731601978105176,0.11954679017068993,0.8234087937357315,0.6186102149558227
nw3,1E,2,False,full_record,1.8,0.13010204916433146,2.84393279186218e-26,210,82,0.5653418621077304,0.09469831722075751,0.8314766047972302,0.6540029393606578
nw3,1E,2,False,comparison_window,1.9,0.13636569341304833,1.1206711000284178e-13,100,82,0.5251736716184681,0.10222711844474665,0.8295907070204626,0.6284927964261298
nw3,1E,2,False,full_record,1.9,0.1234955648474084,8.255911542045014e-26,210,82,0.6078010943953797,0.07536084791423689,0.8374860985372721,0.6639498367041968
nw3,1E,2,False,comparison_window,2.0,0.12955972815128683,2.0882120045356374e-13,100,82,0.5662092550049871,0.0849713781565745,0.835385817336573,0.6375920920656111
nw3,1E,2,False,full_record,2.0,0.11745175138302479,2.244277485943949e-25,210,82,0.6421269433690702,0.0561019225086223,0.8431488756716732,0.6732443910711629
nw3,1E,2,False,comparison_window,2.1,0.12331489904260073,3.735686188743318e-13,100,82,0.600612339229168,0.06778534211928129,0.8408477802659085,0.6460399676738524
nw3,1E,2,False,full_record,2.1,0.11191017964640311,5.73056228795368e-25,210,82,0.6685063141736478,0.03692650573079309,0.8485081835416963,0.6819874010367453
nw3,1E,2,False,comparison_window,2.2,0.11757372607244694,6.43208177171916e-13,100,82,0.6285571351028589,0.050673946506459525,0.8460201077502565,0.6539445182602679
nw3,1E,2,False,full_record,2.2,0.10681737316740253,1.3794302126979483e-24,210,82,0.6871127222785742,0.01783905605758046,0.8535983099222061,0.6902589649780658
nw3,1E,2,False,comparison_window,2.3,0.11228486104952987,1.068698023594666e-12,100,82,0.6502041073164102,0.03364156906353826,0.8509376641120465,0.6613933570522074
nw3,1E,2,False,full_record,2.3,0.10212615346749764,3.1422991584686634e-24,210,82,0.698108892000188,-0.0011562906418874606,0.8584462456340025,0.6981221105101295
nw3,1E,2,False,comparison_window,2.4,0.1074026167096797,1.7179541107297175e-12,100,82,0.6657020101225165,0.016692227837979193,0.8556281192006654,0.6684567277507227
nw3,1E,2,False,full_record,2.4,0.09779495818918896,6.799989131721639e-24,210,82,0.7016492269616714,-0.020055606967160054,0.8630731290024655,0.7056259019756165
nw3,1E,2,False,comparison_window,2.5,0.10288643441117282,2.6786251464556873e-12,100,82,0.6751900185439428,-0.0001702847417655232,0.860113264650372,0.6751903052256292
nw3,1E,2,False,full_record,2.5,0.09378718355145155,1.4031394633821786e-23,210,82,0.6978819965449277,-0.03885511088705188,0.8674954561935919,0.7128080428911165
nw3,1E,2,False,comparison_window,2.6,0.0987003454667223,4.060576754902779e-12,100,82,0.6787997553378942,-0.01694231832218818,0.8644101542997475,0.6816376361714187
nw3,1E,2,False,full_record,2.6,0.09007057663898684,2.770546928370173e-23,210,82,0.686951171643897,-0.05755113857936664,0.8717260706795941,0.7196970255904542
nw3,1E,2,False,comparison_window,2.7,0.0948124564267491,5.997936872406452e-12,100,82,0.6766571035042672,-0.03362031907987982,0.8685320626966412,0.6878322221346793
nw3,1E,2,False,full_record,2.7,0.08661668794660246,5.2522763075314585e-23,210,82,0.6689978979791447,-0.07614014132499618,0.8757749584688923,0.7263138931651292
nw3,1E,2,False,comparison_window,2.8,0.09119447355860313,8.650585687879432e-12,100,82,0.6688837541169237,-0.05020081158874148,0.8724892735346258,0.693799274206315
nw3,1E,2,False,full_record,2.8,0.08340038611266412,9.589389889032572e-23,210,82,0.6441616268585317,-0.09461869741122746,0.8796498798757544,0.7326736790663111
nw3,1E,2,False,comparison_window,2.9,0.08782127276010959,1.2205011721700206e-11,100,82,0.6555984775853936,-0.06668039950776664,0.8762897182411691,0.6995571802459442
nw3,1E,2,False,full_record,2.9,0.08039943223284327,1.6909767937241107e-22,210,82,0.6125809395875808,-0.1129835323816082,0.88335686775762,0.7387865836962328
nw3,1E,2,False,comparison_window,3.0,0.08467051591766867,1.6874496053838633e-11,100,82,0.6369181295163755,-0.08305577835125051,0.8799394875588776,0.7051187279534308
nw3,1E,2,False,full_record,3.0,0.07759410892991246,2.8875550287160145e-22,210,82,0.5743941083887214,-0.13123154288802488,0.8869006189256213,0.7446589387671256
nw3,1E,2,False,comparison_window,3.1,0.08172231182407114,2.2898625171776427e-11,100,82,0.6129584150214888,-0.09932375522538238,0.8834432383615395,0.7104921245772355
nw3,1E,2,False,full_record,3.1,0.07496689848589509,4.786491203944307e-22,210,82,0.529739437522109,-0.1493598208984313,0.8902848013560495,0.7502940012734902
nw3,1E,2,False,comparison_window,3.2,0.07895891829882601,3.054216643975531e-11,100,82,0.5838344411836733,-0.11548127177104728,0.8868045157384612,0.7156818491977118
nw3,1E,2,False,full_record,3.2,0.07250220422769899,7.718960678833996e-22,210,82,0.47875542585648434,-0.16736567614893602,0.8935122957239082,0.755692610693121
nw3,1E,2,False,comparison_window,3.3,0.07636448153357911,4.0093366999669166e-11,100,82,0.5496610889759415,-0.13152542764803812,0.8900260075398354,0.7206893679346384
nw3,1E,2,False,full_record,3.3,0.07018610964263199,1.2134822575899064e-21,210,82,0.42158078803764754,-0.185246655569824,0.8965853860487553,0.7608537359622394
nw3,1E,2,False,comparison_window,3.4,0.07392480856129369,5.1861756266346465e-11,100,82,0.5105532349543389,-0.14745350275589816,0.8931097456587198,0.7255137369874511
nw3,1E,2,False,full_record,3.4,0.06800617017725497,1.8631352938099107e-21,210,82,0.35835436666995857,-0.20300055901602948,0.8995059110474702,0.7657749329643817
nw3,1E,2,False,comparison_window,3.5,0.07162716890025905,6.617554418087905e-11,100,82,0.4666258506727451,-0.16326297704464765,0.8960572656214351,0.7301521135594267
nw3,1E,2,False,full_record,3.5,0.06595123322139147,2.7985062281669192e-21,210,82,0.28921496313743467,-0.2206254510551827,0.9022753851542372,0.7704527286533533
nw3,1E,2,False,comparison_window,3.6,0.06946012171820715,8.337871272651703e-11,100,82,0.41799400474365433,-0.17895154725633425,0.8988697336959975,0.7346001906079604
nw3,1E,2,False,full_record,3.6,0.06401128233153963,4.118612752917162e-21,210,82,0.21430111018936515,-0.23811966884876218,0.9048950960541778,0.7748829443384821
nw3,1E,2,False,comparison_window,3.7,0.06741336521708333,1.0382789793460927e-10,100,82,0.3647727892402952,-0.1945171402955765,0.9015480487424452,0.7388525680137654
nw3,1E,2,False,full_record,3.7,0.06217730226909127,5.9474841456384706e-21,210,82,0.13375080536228323,-0.25548182634137645,0.9073661839146421,0.779060967913959
nw3,1E,2,False,comparison_window,3.8,0.06547760530806426,1.2788915491089173e-10,100,82,0.30707718900093917,-0.20995792317314874,0.9040929244046729,0.7429030701037114
nw3,1E,2,False,full_record,3.8,0.06044116190204371,8.437938296145403e-21,210,82,0.04770122074445837,-0.27271081508228023,0.9096897062117528,0.7829819827401221
nw3,1E,2,False,comparison_window,3.9,0.0636444410028991,1.5593469049520895e-10,100,82,0.24502190947129254,-0.22527230963749098,0.906504955941762,0.7467450173957157
nw3,1E,2,False,full_record,3.9,0.058795512438654135,1.1775414282719911e-20,210,82,-0.04371159845892025,-0.28980580205595996,0.9118666910673934,0.7866411593301867
nw3,1E,2,False,comparison_window,4.0,0.0619062642778177,1.8833963814369203e-10,100,82,0.17872117610863536,-0.24045896371388376,0.9087846749707001,0.7503714588509535
nw3,1E,2,False,full_record,4.0,0.05723369882794193,1.6181780385663436e-20,210,82,-0.14035303669878707,-0.3067662249194301,0.9138981812707697,0.7900338148357877
nw3,1E,2,False,comparison_window,4.1,0.06025617246419919,2.2547893844633854e-10,100,82,0.10828851606114154,-0.255516800435682,0.9109325945943976,0.7537753697192004
nw3,1E,2,False,full_record,4.1,0.05574968247853947,2.1919037072995776e-20,210,82,-0.24209020450083485,-0.32359178503876884,0.9157852706058398,0.7931555444579509
nw3,1E,2,False,comparison_window,4.2,0.05868789148439999,2.677243771493609e-10,100,82,0.033836530854372104,-0.27044498408011663,0.9129492467758255,0.7569498191592683
nw3,1E,2,False,full_record,4.2,0.05433797371904956,2.929283711896005e-20,210,82,-0.34879222264054355,-0.34028243869783165,0.917529133698141,0.7960023282582436
nw3,1E,2,False,comparison_window,4.3,0.05719570848269538,3.154418212442212e-10,100,82,-0.04452333289895405,-0.2852429242322857,0.9148352133533473,0.7598881111371112
nw3,1E,2,False,full_record,4.3,0.052993572654890686,3.865575024423912e-20,210,82,-0.4603304896867155,-0.35683838682578795,0.9191310502975749,0.7985706163500623
nw3,1E,2,False,comparison_window,4.4,0.05577441260257662,3.689886830434187e-10,100,82,-0.1266810091891042,-0.2999102699927646,0.9165911517425056,0.7625839015906681
nw3,1E,2,False,full_record,4.4,0.051711917274012816,5.041020702224925e-20,210,82,-0.5765789297302919,-0.3732600635546346,0.9205924247001064,0.8008573950666806
nw3,1E,2,False,comparison_window,4.5,0.05441924283559526,4.28711632492489e-10,100,82,-0.21252803033925027,-0.31444690262802893,0.9182178161098521,0.7650312944591254
nw3,1E,2,False,full_record,4.5,0.050488837821507565,6.501106576903992e-20,210,82,-0.697414218144564,-0.38954812388857923,0.9219148008601576,0.8028602364004462
nw3,1E,2,False,comparison_window,4.6,0.05312584201674747,4.949445694157223e-10,100,82,-0.3019577334360626,-0.3288529269412155,0.9197160746141612,0.7672249188707875
nw3,1E,2,False,full_record,4.6,0.04932051660541479,8.296775620326105e-20,210,82,-0.8227159840020313,-0.405703430728857,0.9230998736403669,0.8045773327617185
nw3,1E,2,False,comparison_window,4.7,0.05189021617001349,5.680068600538864e-10,100,82,-0.39486545298594145,-0.3431286616179148,0.9210869231730822,0.769159989543097
nw3,1E,2,False,full_record,4.7,0.04820345251672485,1.0484596433839505e-19,210,82,-0.9523669884676988,-0.4217270414712675,0.9241494965736595,0.8060075189017979
nw3,1E,2,False,comparison_window,4.8,0.050708698517920314,6.482018361230869e-10,100,82,-0.49114869800663663,-0.3572746287721937,0.9223314961159466,0.770832352252156
nw3,1E,2,False,full_record,4.8,0.047134429649020794,1.3126883389509324e-19,210,82,-1.086253278985911,-0.43762019436008387,0.9250656864649714,0.8071502826683825
nw3,1E,2,False,comparison_window,4.9,0.049577917563490684,7.358155496329717e-10,100,82,-0.5907073123709119,-0.3712915428962295,0.9234510740159296,0.7722385160644989
nw3,1E,2,False,full_record,4.9,0.046110489490127395,1.629176701306295e-19,210,82,-1.224264319501247,-0.45338429475615344,0.9258506251289728,0.8080057661081844
nw3,1E,2,False,comparison_window,5.0,0.0484947687337961,8.31115772806225e-10,100,82,-0.693443617693805,-0.38518029939128084,0.9244470889491576,0.7733756738816178
nw3,1E,2,False,full_record,5.0,0.04512890623206468,2.0053214203427684e-19,210,82,-1.366293097313116,-0.4690209014562826,0.9265066585404653,0.8085747582932885
nw3,1E,2,False,comparison_window,5.1,0.04745638914363246,9.343512294858662e-10,100,82,-0.7992625384446952,-0.39894196283431693,0.9253211273985924,0.7742417127209555
nw3,1E,2,False,full_record,5.1,0.04418716480844856,2.4490998811173464e-19,210,82,-1.5122362073784004,-0.484531713174572,0.9270362936617148,0.8088586811217992
nw3,1E,2,False,comparison_window,5.2,0.04646013509717058,1.0457510423248675e-09,100,82,-0.9080717092906265,-0.4125777551144809,0.926074931001902,0.7748352150425194
nw3,1E,2,False,full_record,5.2,0.043282941322036125,2.9690623928534896e-19,210,82,-1.661993915094231,-0.49991855528040946,0.9274421932028097,0.8088595692274914
nw3,1E,2,False,comparison_window,5.3,0.0455035619963453,1.1655243786820124e-09,100,82,-1.019781564951082,-0.42608904355636684,0.9267103953314725,0.7751554523241412
nw3,1E,2,False,full_record,5.3,0.04241408557080799,3.57431979660597e-19,210,82,-1.815470198733824,-0.5151833668707889,0.9277271685650272,0.8085800450254795
nw3,1E,2,False,comparison_window,5.4,0.04458440636841516,1.2938602773836589e-09,100,82,-1.134305413011751,-0.4394773291251017,0.9272295668885728,0.7752023719889558
nw3,1E,2,False,full_record,5.4,0.04157860542000306,4.2745267199572254e-19,210,82,-1.9725727728076676,-0.5303281882398448,0.9278941712117483,0.808023289820383
nw3,1E,2,False,comparison_window,5.5,0.04370056976264759,1.4309276382796142e-09,100,82,-1.2515594903562643,-0.45274423479936116,0.9276346384903953,0.7749765786958678
nw3,1E,2,False,full_record,5.5,0.04077465280092812,5.079860796551227e-19,210,82,-2.133213093675711,-0.5453551487946269,0.9279462827054638,0.8071930118096039
nw3,1E,2,False,comparison_window,5.6,0.04285010429838561,1.5768753566486685e-09,100,82,-1.371463003957344,-0.46589149417961184,0.9279279432267357,0.7744793109150272
nw3,1E,2,False,full_record,5.6,0.040000511146000194,6.000998206384844e-19,210,82,-2.2973063487923056,-0.5602664554570593,0.9278867036424729,0.806093411726533
nw3,1E,2,False,comparison_window,5.7,0.04203119967453006,1.7318325850195118e-09,100,82,-1.4939381568825567,-0.47892094038966676,0.9281119471615352,0.7737124136271177
nw3,1E,2,False,full_record,5.7,0.039254584094076464,7.04908592026572e-19,210,82,-2.4647714309616853,-0.5750643815807698,0.927718741708336,0.8047291467864759
nw3,1E,2,False,comparison_window,5.8,0.04124217147449525,1.8959091056446127e-09,100,82,-1.6189101604369456,-0.49183449531908857,0.9281892409524283,0.7726783079060502
nw3,1E,2,False,full_record,5.8,0.03853538532126153,8.235711049624047e-19,210,82,-2.6355308989775255,-0.589751256403531,0.9274457990671402,0.803105293521673
nw3,1E,2,False,comparison_window,5.9,0.0404814506213775,2.0691957978022557e-09,100,82,-1.746307233387097,-0.5046341592425019,0.9281625305585612,0.7713799580699572
nw3,1E,2,False,full_record,5.9,0.03784152937063022,9.572867711471705e-19,210,82,-2.809510926003047,-0.6043294550494236,0.9270713592860244,0.8012273100207963
nw3,1E,2,False,comparison_window,6.0,0.03974757385602821,2.251765185088791e-09,100,82,-1.876060589270209,-0.5173220008474725,0.9280346272028247,0.7698208370150891
nw3,1E,2,False,full_record,6.0,0.03717172337002615,1.1072921819117066e-18,210,82,-2.986641237013285,-0.6188013890886762,0.9265989739833181,0.7991009980225112
nw3,1E,2,False,comparison_window,6.1,0.039039175126244954,2.4436720489568135e-09,100,82,-2.0081044127470564,-0.5299001476900006,0.9278084367492372,0.76800489028072
nw3,1E,2,False,full_record,6.1,0.03652475954070786,1.274857420348883e-18,210,82,-3.166855036544856,-0.6331694976553314,0.9260322493744412,0.7967324652517905
nw3,1E,2,False,comparison_window,6.2,0.03835497778877431,2.644954095879156e-09,100,82,-2.1423758260293075,-0.5423707770982564,0.9274869486494732,0.7659364993317183
nw3,1E,2,False,full_record,6.2,0.035899508411411346,1.4612822457569106e-18,210,82,-3.350088928003121,-0.6474362391233174,0.9253748328744302,0.7941280883321716
nw3,1E,2,False,comparison_window,6.3,0.03769378753753717,2.85563266666368e-09,100,82,-2.278814846308302,-0.5547361075309143,0.9270732246045734,0.7636204444868958
nw3,1E,2,False,full_record,6.3,0.0352949126626111,1.6678921880917967e-18,210,82,-3.5362828256687457,-0.6616040833334726,0.9246303999000877,0.7912944765557317
nw3,1E,2,False,comparison_window,6.4,0.03705448598168272,3.0757134775449347e-09,100,82,-2.417364335148664,-0.5669983903979942,0.9265703870787542,0.7610618678681302
nw3,1E,2,False,full_record,6.4,0.034709981534681994,1.896034587957872e-18,210,82,-3.7253798604733745,-0.6756755043604084,0.9238026409984523,0.7882384367459484
nw3,1E,2,False,comparison_window,6.5,0.03643602480597393,3.30518738376705e-09,100,82,-2.5579699407922245,-0.5791599023489075,0.92598160779221,0.7582662366953101
nw3,1E,2,False,full_record,6.5,0.0341437857413857,2.1470746155025894e-18,210,82,-3.917326280614282,-0.6896529738106029,0.9228952494119143,0.7849669394066722
nw3,1E,2,False,comparison_window,6.6,0.0358374204537685,3.5440311574142206e-09,100,82,-2.7005800341741093,-0.5912229380193011,0.9253100963090376,0.7552393072056652
nw3,1E,2,False,full_record,6.6,0.033595452836882554,2.4223912989165837e-18,210,82,-4.112071347947532,-0.7035389546358312,0.9219119091740626,0.7814870863119866
nw3,1E,2,False,comparison_window,6.7,0.035257749279655234,3.792208272211433e-09,100,82,-2.845145639583026,-0.6031898032408662,0.9245590888250957,0.7519870894350681
nw3,1E,2,False,full_record,6.7,0.03306416299035958,2.723373590688169e-18,210,82,-4.30956723102843,-0.7173358954443183,0.9208562838145846,0.7778060796574027
nw3,1E,2,False,comparison_window,6.8,0.03469614312475032,4.049669688950612e-09,100,82,-2.991620360675749,-0.6150628086996643,0.9237318372490002,0.7485158130591726
nw3,1E,2,False,full_record,6.8,0.032549145127546794,3.0514164969696477e-18,210,82,-4.509768895653626,-0.7310462252945199,0.9197320057363152,0.7739311928625849
nw3,1E,2,False,comparison_window,6.9,0.034151785272884205,4.316354636025254e-09,100,82,-3.1399603026477303,-0.6268442640387162,0.9228315986577325,0.7448318944580092
nw3,1E,2,False,full_record,6.9,0.03204967340291139,3.4079172927075695e-18,210,82,-4.712633993657398,-0.7446723489525802,0.9185426663131534,0.7698697430884258
nw3,1E,2,False,comparison_window,7.0,0.03362390675048332,4.592191380390475e-09,100,82,-3.290123991229019,-0.6385364723913028,0.9218616251966615,0.740941905135553
nw3,1E,2,False,full_record,7.0,0.03156506397031454,3.7942718424097405e-18,210,82,-4.91812275063811,-0.7582166425929792,0.9172918067441208,0.76562906550727
nw3,1E,2,False,comparison_window,7.1,0.03311178293701252,4.8770979848502725e-09,100,82,-3.4420722891817315,-0.6501417253346097,0.9208251544824106,0.736852541597325
nw3,1E,2,False,full_record,7.1,0.031094672023397964,4.2118710438532995e-18,210,82,-5.126197853235079,-0.7716814499219484,0.9159829096863991,0.7612164893442738
nw3,1E,2,False,comparison_window,7.2,0.03261473045635828,5.170983048468769e-09,100,82,-3.595768310868662,-0.6616622982473619,0.9197254005559101,0.7325705967632037
nw3,1E,2,False,full_record,7.2,0.030637889080058742,4.662097409465966e-18,210,82,-5.336824336572816,-0.7850690787066242,0.9146193916788713,0.756639315689788
nw3,1E,2,False,comparison_window,7.3,0.03213210432271862,5.473746427185439e-09,100,82,-3.751177335503841,-0.6731004460612092,0.9185655454225911,0.7281029329702747
nw3,1E,2,False,full_record,7.3,0.030194140488095197,5.146321797554764e-18,210,82,-5.5499694723102255,-0.7983817976845934,0.9132045963576175,0.7519047970666488
nw3,1E,2,False,comparison_window,7.4,0.03166329531730565,5.785279932474558e-09,100,82,-3.90826671952673,-0.6844583993851834,0.9173487312067341,0.723456456599529
nw3,1E,2,False,full_record,7.4,0.029762883131493136,5.66590030352053e-18,210,82,-5.765602657811781,-0.8116218338374955,0.9117417884557388,0.747020118723275
nw3,1E,2,False,comparison_window,7.5,0.031207727574635025,6.1054680062797015e-09,100,82,-4.067005808634411,-0.6957383609927991,0.9160780529378626,0.7186380943432216
nw3,1E,2,False,full_record,7.5,0.029343603318969548,6.222171318719215e-18,210,82,-5.983695306805189,-0.8247913700057894,0.9102341485722016,0.7419923816120892
nw3,1E,2,False,comparison_window,7.6,0.030764856359352312,6.434188370825194e-09,100,82,-4.227365849844598,-0.7069425026518114,0.9147565519786844,0.7136547711135329
nw3,1E,2,False,full_record,7.6,0.028935814838247295,6.816452763047653e-18,210,82,-6.204220741887218,-0.8378925428251218,0.9086847686876118,0.7368285870034772
nw3,1E,2,False,comparison_window,7.7,0.030334166016475147,6.771312652351863e-09,100,82,-4.389319903989829,-0.7180729622818148,0.9133872100964874,0.7085133895799254
nw3,1E,2,False,full_record,7.7,0.02853905716123872,7.450039495033937e-18,210,82,-6.427154089207329,-0.8509274409658699,0.9070966483993774,0.7315356226781113
nw3,1E,2,False,comparison_window,7.8,0.02991516807964856,7.116706978065394e-09,100,82,-4.552842759000357,-0.7291318414243779,0.9119729441731426,0.7032208113112008
nw3,1E,2,False,full_record,7.8,0.0281528937867689,8.124200902014707e-18,210,82,-6.652472175536081,-0.8638981036529807,0.9054726918440701,0.726120250634081
nw3,1E,2,False,comparison_window,7.9,0.0295073995235349,7.470232545976898e-09,100,82,-4.717910844244623,-0.7401212030067913,0.9105166015429075,0.6977838394879664
nw3,1E,2,False,full_record,7.9,0.02777691070881567,8.840178671175244e-18,210,82,-6.880153428026624,-0.876806519452359,0.9038157052712961,0.7205890962413903
nw3,1E,2,False,comparison_window,8.0,0.02911042114781932,7.831746167450318e-09,100,82,-4.884502146209643,-0.7510430693842678,0.9090209559420629,0.6922092031434071
nw3,1E,2,False,full_record,8.0,0.02741071499940594,9.599184741022692e-18,210,82,-7.110177776790788,-0.8896546253014217,0.9021283952306645,0.7149486387720952
nw4,1F,2,False,comparison_window,0.5,0.2516459914839854,9.742673030534713e-12,100,82,0.23644979226595242,0.17950165813071872,0.7775466006977698,0.6020398803569553
nw4,1F,2,False,full_record,0.5,0.2585022132169428,6.0227251522125194e-24,244,82,0.18759298844960748,0.19025357757142425,0.775491599894807,0.5982915175001701
nw4,1F,2,False,comparison_window,0.6,0.23729607416836498,8.446007553639617e-12,100,82,0.32489755997796776,0.1638651209093301,0.7938448353510512,0.6295681465823698
nw4,1F,2,False,full_record,0.6,0.2445385798423104,2.3719977551716922e-24,244,82,0.2860252582950993,0.17284936458834227,0.7912361932352805,0.6250200751147873
nw4,1F,2,False,comparison_window,0.7,0.2230855565091306,9.016429985708053e-12,100,82,0.4042591260773437,0.1484786445478807,0.8089578793702691,0.6544004658967925
nw4,1F,2,False,full_record,0.7,0.22985417415183151,1.8941626764588148e-24,244,82,0.3751953037272756,0.15558635029096654,0.8062345598036379,0.6498585001449453
nw4,1F,2,False,comparison_window,0.8,0.209444236619183,1.1095967557929438e-11,100,82,0.4749418871988239,0.13332530318278385,0.8226951146987098,0.6766310870848287
nw4,1F,2,False,full_record,0.8,0.21528591400975333,2.4835324580602916e-24,244,82,0.45502089821932046,0.1384670419278827,0.8201090116174872,0.672566502385649
nw4,1F,2,False,comparison_window,0.9,0.19660456753358108,1.4970531430056145e-11,100,82,0.537412657587226,0.11839203203664656,0.8350047902641566,0.6964512167844692
nw4,1F,2,False,full_record,0.9,0.2013306863908094,4.517689173497206e-24,244,82,0.5256225460372341,0.12149500226316397,0.8326851408301899,0.6931069261225478
nw4,1F,2,False,comparison_window,1.0,0.18466942477646692,2.1348885853183583e-11,100,82,0.592151695522516,0.10366802968348356,0.8459270229336167,0.714091971059998
nw4,1F,2,False,full_record,1.0,0.18824989238045248,1.0058555125201537e-23,244,82,0.5872469443355772,0.10467364992592734,0.843929032197614,0.7115644304344781
nw4,1F,2,False,comparison_window,1.1,0.17366102066310155,3.1361033239616533e-11,100,82,0.6396251826590759,0.08914374066121006,0.8555561814480438,0.7297904326866527
nw4,1F,2,False,full_record,1.1,0.17615302421439538,2.5081131586968045e-23,244,82,0.6402111715069758,0.08800540273787033,0.8538941391202121,0.7280883597668975
nw4,1F,2,False,comparison_window,1.2,0.16355412531732733,4.66234918028897e-11,100,82,0.6802698878831746,0.07481029335045447,0.8640131868189337,0.7437708343894641
nw4,1F,2,False,full_record,1.2,0.16505732589509747,6.591278440873035e-23,244,82,0.6848630831765152,0.07149128228088902,0.8626810575024771,0.7428544916234334
nw4,1F,2,False,comparison_window,1.3,0.15429768165405203,6.932390841797159e-11,100,82,0.7144858351692803,0.060659256032839906,0.8714266974090861,0.7562353701222437
nw4,1F,2,False,full_record,1.3,0.15492755529528746,1.7535367825465259e-22,244,82,0.7215547142832399,0.055130909724539996,0.8704097375868628,0.7560411095066895
nw4,1F,2,False,comparison_window,1.4,0.1458283853776567,1.0230318806231714e-10,100,82,0.7426341672921708,0.046682589890791694,0.8779214407660295,0.7673609360574234
nw4,1F,2,False,full_record,1.4,0.14570124494438175,4.602096457122776e-22,244,82,0.7506259209629078,0.038922755974460044,0.8772020021590164,0.7678154766046895
nw4,1F,2,False,comparison_window,1.5,0.13807892878615813,1.4912148239825395e-10,100,82,0.765038270193352,0.0328727050458106,0.8836118153161855,0.7772993401178608
nw4,1F,2,False,full_record,1.5,0.13730413046505643,1.172655391163156e-21,244,82,0.7723956945790357,0.02286451168710461,0.8831717455682676,0.7783274241684005
nw4,1F,2,False,comparison_window,1.6,0.13098280228950376,2.1409871221544345e-10,100,82,0.7819868004779683,0.019222554398746126,0.8885990808262424,0.7861793642804518
nw4,1F,2,False,full_record,1.6,0.12965920535571274,2.874387601904294e-21,244,82,0.7871588472508282,0.006953475004869753,0.8884203605563232,0.7877074541677382
nw4,1F,2,False,comparison_window,1.7,0.12447692625533545,3.023240088013623e-10,100,82,0.7937376675608936,0.005725724810451995,0.8929708004553834,0.7941096465634078
nw4,1F,2,False,full_record,1.7,0.12269177250083488,6.7452943215860575e-21,244,82,0.7951861516103431,-0.008813106870322883,0.8930354185477616,0.7960674349424252
nw4,1F,2,False,comparison_window,1.8,0.11850294490071316,4.196320432388788e-10,100,82,0.8005223264499528,-0.007623495882542278,0.8968015623051744,0.8011817520806043
nw4,1F,2,False,full_record,1.8,0.11633204525681329,1.512595484316056e-20,244,82,0.7967264574480645,-0.024437773472568855,0.8970911746895902,0.8035025722107705
nw4,1F,2,False,comparison_window,1.9,0.11300771535940082,5.7254746091927e-10,100,82,0.8025499667811442,-0.020830084392551587,0.9001543262055051,0.8074730768106031
nw4,1F,2,False,full_record,1.9,0.11051628647390392,3.241213821383001e-20,244,82,0.7920097318987549,-0.03992267213418539,0.9006499515393717,0.8100938230519392
nw4,1F,2,False,comparison_window,2.0,0.10794332848094358,7.682012560542586e-10,100,82,0.800011353831545,-0.03389828020039387,0.9030819871768819,0.8130494089783815
nw4,1F,2,False,full_record,2.0,0.10518710178068387,6.644420700913366e-20,244,82,0.7812503303661442,-0.055269457962240004,0.9037638260310822,0.8159102773443244
nw4,1F,2,False,comparison_window,2.1,0.10326687084545223,1.0142247249682279e-09,100,82,0.7930821985850607,-0.04683161210777443,0.905628921321182,0.8179670870844441
nw4,1F,2,False,full_record,2.1,0.10029326505363212,1.3054880529590047e-19,244,82,0.7646500840792395,-0.07047925922830367,0.9064763021713018,0.8210112728622736
nw4,1F,2,False,comparison_window,2.2,0.09894005636825688,1.3186275947973986e-09,100,82,0.781926016133148,-0.0596329467934996,0.9078323950705185,0.8222747605473912
nw4,1F,2,False,full_record,2.2,0.09578930398300475,2.4638897509131933e-19,244,82,0.7424009891505485,-0.08555269236698385,0.9088238170849425,0.825448160786573
nw4,1F,2,False,comparison_window,2.3,0.09492880460429463,1.6896671247500386e-09,100,82,0.7666964837631923,-0.0723045526870015,0.9097237898605707,0.8260147939370108
nw4,1F,2,False,full_record,2.3,0.09163498047591587,4.477585857024848e-19,244,82,0.7146874139330643,-0.10048991138455181,0.9108370257868796,0.829265723268612
nw4,1F,2,False,comparison_window,2.4,0.09120281075165776,2.1357145814985386e-09,100,82,0.7475393400638713,-0.08484817302436531,0.9113296350428429,0.8292243702759147
nw4,1F,2,False,full_record,2.4,0.0877947433914994,7.854173711000024e-19,244,82,0.681687822222361,-0.11529067856706582,0.9125418628430003,0.832503285965976
nw4,1F,2,False,comparison_window,2.5,0.08773513243784367,2.6651246852045027e-09,100,82,0.7245938809800888,-0.0972651029364238,0.9126724629117566,0.8319363510593052
nw4,1F,2,False,full_record,2.5,0.0842371963074339,1.3330068022593292e-18,244,82,0.643576054351751,-0.1299544460102937,0.9139604039879962,0.8351955830354606
nw4,1F,2,False,comparison_window,2.6,0.08450180617288881,3.2861125861641394e-09,100,82,0.6979941132574332,-0.10955626653258929,0.913771508772942,0.8341799460849451
nw4,1F,2,False,full_record,2.6,0.080934602140039,2.1940199008731895e-18,244,82,0.6005222287023484,-0.14448044011478733,0.9151115595952732,0.8373734317741541
nw4,1F,2,False,comparison_window,2.7,0.08148149901048835,4.006641812825073e-09,100,82,0.6678696240432832,-0.12172229101423793,0.9146432811761577,0.835981238539709
nw4,1F,2,False,full_record,2.7,0.07786243413471652,3.509726872386978e-18,244,82,0.5526933317442515,-0.1588677435130016,0.9160116322315358,0.8390642666448115
nw4,1F,2,False,comparison_window,2.8,0.07865519665267859,4.834325541664994e-09,100,82,0.6343462203211003,-0.13376357578876608,0.9153020260607029,0.8373636022817109
nw4,1F,2,False,full_record,2.8,0.07499897568101814,5.467890341289262e-18,244,82,0.5002535618405627,-0.17311537080890274,0.9166747669426614,0.8402925724569299
nw4,1F,2,False,comparison_window,2.9,0.07600592681344812,5.776342552552132e-09,100,82,0.5975463851952817,-0.1456803553267197,0.9157601055918532,0.8383480401418077
nw4,1F,2,False,full_record,2.9,0.07232496752410263,8.31204545312006e-18,244,82,0.4433644849098062,-0.18722233600129573,0.9171133179811652,0.8410802465619753
nw4,1F,2,False,comparison_window,3.0,0.07351851539389934,6.839368391858914e-09,100,82,0.557589590984447,-0.15747275510875886,0.9160283090282859,0.838953464962595
nw4,1F,2,False,full_record,3.0,0.06982329896811545,1.2351076030002728e-17,244,82,0.38218505129531455,-0.2011877105676767,0.9173381507300157,0.841446911289653
nw4,1F,2,False,comparison_window,3.1,0.07117937245802332,8.029521586832978e-09,100,82,0.5145925023145747,-0.16914084046052386,0.9161161096418788,0.8391969392202577
nw4,1F,2,False,full_record,3.1,0.06747873881396194,1.7968791219694748e-17,244,82,0.3168715143514552,-0.21501067197026572,0.9173588932051566,0.8414101909365975
nw4,1F,2,False,comparison_window,3.2,0.06897630484683887,9.352324237262348e-09,100,82,0.46866909628317655,-0.18068465839747508,0.916031878782465,0.8390938844305371
nw4,1F,2,False,full_record,3.2,0.06527770156498076,2.56331985456911e-17,244,82,0.24757728313550986,-0.2286905428736411,0.9171841479296227,0.8409859624182994
nw4,1F,2,False,comparison_window,3.3,0.06689835235080178,1.0812675941614672e-08,100,82,0.4199307214549908,-0.19210427281920942,0.9157830657298764,0.8386582680026056
nw4,1F,2,False,full_record,3.3,0.06320804457844552,3.590517806650995e-17,244,82,0.17445273454940602,-0.24222682169360263,0.9168216721613269,0.8401885849987002
nw4,1F,2,False,comparison_window,3.4,0.06493564456607247,1.2414839775280626e-08,100,82,0.3684861129569883,-0.2033997935309032,0.9153763499976862,0.8379027726020409
nw4,1F,2,False,full_record,3.4,0.06125889216416963,4.944628625157107e-17,244,82,0.09764500437223567,-0.2556192052856115,0.9162785323296064,0.8390311120331867
nw4,1F,2,False,comparison_window,3.5,0.06307927582258045,1.4162438906319636e-08,100,82,0.31444137723338317,-0.2145713996438154,0.9148177711966139,0.8368389512355374
nw4,1F,2,False,full_record,3.5,0.059420483030923406,6.702545406826497e-17,244,82,0.017297771829796083,-0.26886760466454707,0.9155612369689219,0.837525486110591
nw4,1F,2,False,comparison_window,3.6,0.06132119585134176,1.6058462387186396e-08,100,82,0.2578999569928445,-0.22561935793936388,0.9141128403643367,0.8354773700070518
nw4,1F,2,False,full_record,3.6,0.057684037897952144,8.952438812296053e-17,244,82,-0.0664489514916109,-0.2819721546635925,0.9146758513102256,0.8356827181022377
nw4,1F,2,False,comparison_window,3.7,0.05965411413253212,1.8105278678779757e-08,100,82,0.19896258445765902,-0.2365440367793539,0.9132666357552099,0.83382773967212
nw4,1F,2,False,full_record,3.7,0.05604164449035648,1.1794153295611954e-16,244,82,-0.15345902059874272,-0.2949332184100514,0.9136280958952364,0.8335130502111745
nw4,1F,2,False,comparison_window,3.8,0.0580714161223464,2.0304655528090812e-08,100,82,0.13772722908393864,-0.24734591612505968,0.9122838853977245,0.8318990366139984
nw4,1F,2,False,full_record,3.8,0.05448615750721717,1.5339450348466547e-16,244,82,-0.24360033846930063,-0.30775138743791264,0.9124234310292508,0.8310261029998982
nw4,1F,2,False,comparison_window,3.9,0.05656708978998841,2.26577849171244e-08,100,82,0.07428904439517181,-0.25802559419287224,0.9111690382179332,0.8296996135869786
nw4,1F,2,False,full_record,3.9,0.05301111148336474,1.9712094630522356e-16,244,82,-0.33674501622839514,-0.320427478185667,0.9110671285159525,0.8282310064398875
nw4,1F,2,False,comparison_window,4.0,0.05513566110437157,2.516531191706572e-08,100,82,0.008740317373195472,-0.2685837912318339,0.9099263251517286,0.8272373004456137
nw4,1F,2,False,full_record,4.0,0.051610644758270395,2.504778348897465e-16,244,82,-0.43276950988964824,-0.33296252554998307,0.9095643318710398,0.8251365151859111
nw4,1F,2,False,comparison_window,4.1,0.053772137293622554,2.7827366407205222e-08,100,82,-0.058829577101047414,-0.27902135086514745,0.9085598113943554,0.824519495049275
nw4,1F,2,False,full_record,4.1,0.05027943302024587,3.1493924499802966e-16,244,82,-0.5315547324850292,-0.34535777408712703,0.9079201060514317,0.8217511084747744
nw4,1F,2,False,comparison_window,4.2,0.052471956860707804,3.064359674711748e-08,100,82,-0.12833421498697106,-0.28933923938991624,0.9070734407360491,0.8215532445598854
nw4,1F,2,False,full_record,4.2,0.04901263111411428,3.920926918441932e-16,244,82,-0.6329861412101787,-0.3576146673787217,0.9061394776350796,0.818083075245088
nw4,1F,2,False,comparison_window,4.3,0.051230945477632996,3.3613204615846306e-08,100,82,-0.19969015381800692,-0.2995385433871027,0.9054710727882416,0.8183453174093032
nw4,1F,2,False,full_record,4.3,0.047805821989391054,4.836341391622604e-16,244,82,-0.7369537998292983,-0.36973483600993773,0.9042274663222756,0.8141405852500102
nw4,1F,2,False,comparison_window,4.4,0.05004527700085693,3.6734980351867596e-08,100,82,-0.2728169546790935,-0.3096204659503171,0.9037565138002441,0.8149022662827944
nw4,1F,2,False,full_record,4.4,0.04665497182761023,5.913618122022759e-16,244,82,-0.8433524170233255,-0.3817200845427241,0.9021891085882947,0.8099317470773476
nw4,1F,2,False,comparison_window,4.5,0.04891143895417587,4.000733823781808e-08,100,82,-0.3476371950366006,-0.319586321805434,0.9019335416903418,0.8112304825343788
nw4,1F,2,False,full_record,4.5,0.045556390525341814,7.171689620949275e-16,244,82,-0.9520813617137671,-0.39357237781138177,0.9000294742888799,0.8054646540968062
nw4,1F,2,False,comparison_window,4.6,0.04782620191443479,4.342835127510948e-08,100,82,-0.42407647228181244,-0.3294375315554699,0.9000059258592898,0.807336242511123
nw4,1F,2,False,full_record,4.6,0.0445066968269712,8.630357384159821e-16,244,82,-1.0630446566277234,-0.4052938268159735,0.897753676997489,0.800747419422643
nw4,1F,2,False,comparison_window,4.7,0.046786592311990755,4.699578508330732e-08,100,82,-0.5020633980746319,-0.3391756152561674,0.8979774423120407,0.8032257463130068
nw4,1F,2,False,full_record,4.7,0.043502787501401505,1.0310203308219285e-15,244,82,-1.1761509515464001,-0.41688667444536687,0.8953668788315813,0.7957882010145574
nw4,1F,2,False,comparison_window,4.8,0.04578986822359602,5.0707130638688035e-08,100,82,-0.5815295837165488,-0.3488021854969952,0.8958518845804366,0.7989051495509469
nw4,1F,2,False,full_record,4.8,0.04254181004208257,1.2232495400346046e-15,244,82,-1.2913134777909523,-0.4283532812226282,0.8928742905017154,0.7905952180446303
nw4,1F,2,False,comparison_window,4.9,0.04483349779184767,5.455963563538831e-08,100,82,-0.662409616919466,-0.3583189401394451,0.8936330709123514,0.7943805886881755
nw4,1F,2,False,full_record,4.9,0.04162113844235712,1.4419089340027404e-15,244,82,-1.4084499855629171,-0.4396961112312504,0.8902811672898563,0.7851767596383488
nw4,1F,2,False,comparison_window,5.0,0.04391513995383665,5.8550334311955166e-08,100,82,-0.7446410304125943,-0.3677276548402957,0.8913248481688082,0.7896582005599404
nw4,1F,2,False,full_record,5.0,0.04073835166001597,1.6892327375549504e-15,244,82,-1.5274826658003398,-0.4509177183527396,0.8875928016316077,0.7795411870583513
nw4,1F,2,False,comparison_window,5.1,0.043032627203338475,6.267607563618258e-08,100,82,-0.8281642629112786,-0.3770301754700085,0.8889310928483969,0.7847441366651948
nw4,1F,2,False,full_record,5.1,0.03989121443774214,1.9674935939655297e-15,244,82,-1.6483380581904647,-0.4620207329184995,0.8848145129405064,0.7736969303448359
nw4,1F,2,False,comparison_window,5.2,0.04218395014674547,6.693354978368306e-08,100,82,-0.9129226130029284,-0.38622841051739926,0.8864557096366281,0.7796445728128711
nw4,1F,2,False,full_record,5.2,0.03907766019122021,2.2789923252827975e-15,244,82,-1.7709469469799735,-0.47300784885944175,0.8819516352717305,0.7676524803611461
nw4,1F,2,False,comparison_window,5.3,0.04136724364382902,7.131931288054534e-08,100,82,-0.9988621865522966,-0.39532432355880537,0.8839026278560569,0.7743657146864996
nw4,1F,2,False,full_record,5.3,0.03829577571526423,2.62604780558856e-15,244,82,-1.8952442461747299,-0.48388181141707465,0.8790095033778783,0.7614163771202392
nw4,1F,2,False,comparison_window,5.4,0.040580774351050654,7.582981000838385e-08,100,82,-1.085931838231042,-0.4043199258551371,0.8812757961706048,0.7689137998657393
nw4,1F,2,False,full_record,5.4,0.03754378749133465,3.010987048113075e-15,244,82,-2.0211688756572044,-0.4946454054630113,0.8759934376619023,0.7549971951906456
nw4,1F,2,False,comparison_window,5.5,0.0398229295081244,8.046139649387161e-08,100,82,-1.174083107791906,-0.41321726912989676,0.8785791758744078,0.763295096813585
nw4,1F,2,False,full_record,5.5,0.03682004940814989,3.4361355936859067e-15,244,82,-2.148663629692992,-0.5053014444611411,0.872908728482559,0.7484035269018636
nw4,1F,2,False,comparison_window,5.6,0.03909220682839257,8.521035752250505e-08,100,82,-1.2632701516998042,-0.4220184385707027,0.8758167330715947,0.7575159013047685
nw4,1F,2,False,full_record,5.6,0.03612303173144013,3.9038082747467056e-15,244,82,-2.2776750392154,-0.5158527600944003,0.8697606202170232,0.74164396399075
nw4,1F,2,False,comparison_window,5.7,0.038387205370793,9.007292612990482e-08,100,82,-1.3534496707332697,-0.4307255460894125,0.872992430028965,0.7515825307356652
nw4,1F,2,False,full_record,5.7,0.035451311179817105,4.416300416402304e-15,244,82,-2.4081532292016505,-0.5263021925687816,0.8665542954343124,0.7347270782539768
nw4,1F,2,False,comparison_window,5.8,0.03770661728607479,9.504529963531909e-08,100,82,-1.4445808341337898,-0.43934072386627926,0.8701102159584901,0.7455013167193838
nw4,1F,2,False,full_record,5.8,0.034803561981793275,4.975879523869813e-15,244,82,-2.540051772352309,-0.5366525815975314,0.8632948594830024,0.7276614016982961
nw4,1F,2,False,comparison_window,5.9,0.03704922034288022,1.0012365458839852e-07,100,82,-1.536625200881601,-0.44786611819943967,0.8671740174614517,0.7392785963331276
nw4,1F,2,False,full_record,5.9,0.034178547804555856,5.584777494352809e-15,244,82,-2.673327540208284,-0.5469067580625767,0.8599873257479557,0.7204554066110562
nw4,1F,2,False,comparison_window,6.0,0.036413871150547124,1.0530416030605479e-07,100,82,-1.6295466386404733,-0.4563038836741256,0.8641877288409126,0.7329207023484902
nw4,1F,2,False,full_record,6.0,0.033575114458573405,6.2451833810495814e-15,244,82,-2.807940552747257,-0.5570675363441706,0.8566366017843071,0.7131174859086499
nw4,1F,2,False,comparison_window,6.1,0.035799499005284494,1.1058299107911509e-07,100,82,-1.7233112408874214,-0.4646561776612667,0.8611552024644545,0.726433952739953
nw4,1F,2,False,full_record,6.1,0.03299218329378979,6.959236727525962e-15,244,82,-2.9438538274005115,-0.5671377073040894,0.8532474764932164,0.7056559340608961
nw4,1F,2,False,comparison_window,6.2,0.03520510029491129,1.159563371296373e-07,100,82,-1.8178872427106714,-0.47292515515072175,0.8580802393349505,0.7198246397327968
nw4,1F,2,False,full_record,6.2,0.03242874521327149,7.729021482429843e-15,244,82,-3.081033228359421,-0.5771200319052137,0.849824608463321,0.6980789288346965
nw4,1F,2,False,comparison_window,6.3,0.03462973340481547,1.2142041439946326e-07,100,82,-1.9132449357464876,-0.4811129639225656,0.8549665800038857,0.7130990186193982
nw4,1F,2,False,full_record,6.3,0.03188385523899329,8.556560496884546e-15,244,82,-3.219447316928071,-0.5870172354451291,0.8463725155649146,0.6903945140510226
nw4,1F,2,False,comparison_window,6.4,0.034072514074304755,1.2697147325011263e-07,100,82,-2.009356582664985,-0.4892217400540615,0.8518178959394639,0.7062632965422687
nw4,1F,2,False,full_record,6.4,0.03135662757209271,9.443810600714208e-15,244,82,-3.3590672036163953,-0.596832002380713,0.8428955658505514,0.6826105835049978
nw4,1F,2,False,comparison_window,6.5,0.03353261115823872,1.326058061522714e-07,100,82,-2.106196331601948,-0.49725360375930183,0.8486377814407833,0.6993236214139035
nw4,1F,2,False,full_record,6.5,0.030846231096615405,1.0392658247898547e-14,244,82,-3.4998664025897392,-0.6065669717188804,0.8393979697864484,0.6747348661596854
nw4,1F,2,False,comparison_window,6.6,0.03300924275384907,1.383197544400926e-07,100,82,-2.2037401309000235,-0.5052106555561804,0.8454297461698479,0.6922860711172298
nw4,1F,2,False,full_record,6.6,0.03035188528160498,1.1404915717190826e-14,244,82,-3.6418206889792035,-0.6162247329447077,0.8358837738134078,0.6667749126895253
nw4,1F,2,False,comparison_window,6.7,0.03250167265705947,1.4410971420236825e-07,100,82,-2.3019656444872436,-0.5130949727532464,0.8421972083551247,0.6851566431063647
nw4,1F,2,False,full_record,6.7,0.029872856441497272,1.2482317849871738e-14,244,82,-3.7849079595307034,-0.6258078224607243,0.8323568552142685,0.6587380834195055
nw4,1F,2,False,comparison_window,6.8,0.03200920711648476,1.499721413811132e-07,100,82,-2.400852168177783,-0.5209086062465367,0.8389434887039073,0.6779412445053195
nw4,1F,2,False,full_record,6.8,0.029408454319255616,1.3626519303510333e-14,244,82,-3.92910809696908,-0.6353187205080872,0.828820918246625,0.6506315376802101
nw4,1F,2,False,comparison_window,6.9,0.031531191856721916,1.5590355614155453e-07,100,82,-2.500380547176761,-0.5286535776177327,0.8356718050460504,0.6706456827826908
nw4,1F,2,False,full_record,6.9,0.028958028960608232,1.4839092298331842e-14,244,82,-4.074402838403135,-0.6447598485411288,0.8252794914848134,0.6424622245768898
nw4,1F,2,False,comparison_window,7.0,0.031067009345536113,1.6190054657786576e-07,100,82,-2.600533095013425,-0.5363318765215437,0.8323852677183792,0.6632756570622784
nw4,1F,2,False,full_record,7.0,0.028520967851204306,1.6121524830591043e-14,244,82,-4.220775648046315,-0.6541335670273336,0.8217359263035238,0.6342368751523281
nw4,1F,2,False,comparison_window,7.1,0.030616076282237233,1.6795977181046645e-07,100,82,-2.701293514115275,-0.5439454583509941,0.8290868756877332,0.6558367501140088
nw4,1F,2,False,full_record,7.1,0.028096693291539444,1.7475219326459418e-14,244,82,-4.368211594454038,-0.6634421736437218,0.8181933964266226,0.6259619959078655
nw4,1F,2,False,comparison_window,7.2,0.030177841286871312,1.7407796453226672e-07,100,82,-2.8026468181974122,-0.5514962421677667,0.8257795134005345,0.6483344210552561
nw4,1F,2,False,full_record,7.2,0.027684659987189227,1.8901491708894274e-14,244,82,-4.516697232438204,-0.67268790184178,0.8146548984586807,0.6176438636346671
nw4,1F,2,False,comparison_window,7.3,0.029751782771966478,1.8025193305321933e-07,100,82,-2.904579256640399,-0.5589861088864021,0.8224659483385433,0.6407739987806587
nw4,1F,2,False,full_record,7.3,0.02728435283424566,2.0401570849541533e-14,244,82,-4.666220489794029,-0.681872919755023,0.8111232533127665,0.6092885214975032
nw4,1F,2,False,comparison_window,7.4,0.029337406980402846,1.8647856289184383e-07,100,82,-3.0070782409554893,-0.5664168996968145,0.819148829253341,0.6331606761274917
nw4,1F,2,False,full_record,7.4,0.026895284881958574,2.1976598377430436e-14,244,82,-4.816770558896856,-0.6909993294215717,0.8076011084463116,0.600901776305738
nw4,1F,2,False,comparison_window,7.5,0.028934246174647602,1.9275481795756943e-07,100,82,-3.1101322734810672,-0.5737904147149752,0.8158306850466499,0.6254995047749106
nw4,1F,2,False,full_record,7.5,0.026516995456420847,2.362762881709657e-14,244,82,-4.968337793218237,-0.7000691662969326,0.8040909408165966,0.5924891969006938
nw4,1F,2,False,comparison_window,7.6,0.028541856964040865,1.99077741365284e-07,100,82,-3.213730878380736,-0.5811084118473087,0.8125139242590866,0.6177953908671907
nw4,1F,2,False,full_record,7.6,0.02614904843079523,2.5355630028471574e-14,244,82,-5.120913608786889,-0.7090843990336375,0.8005950604687916,0.5840561135848845
nw4,1F,2,False,comparison_window,7.7,0.028159818758139242,2.0544445591925196e-07,100,82,-3.3178645350058584,-0.5883726058554851,0.8092008351267697,0.6100530913447073
nw4,1F,2,False,full_record,7.7,0.025791030629028645,2.7161483921976913e-14,244,82,-5.274490390522799,-0.7180469295011014,0.7971156146718655,0.5756076185160259
nw4,1F,2,False,comparison_window,7.8,0.027787732335279303,2.1185216430271726e-07,100,82,-3.42252461369156,-0.5955846676102811,0.8058935861629472,0.6022772109609523
nw4,1F,2,False,full_record,7.8,0.025442550351310184,2.904598742292465e-14,244,82,-5.429061403463089,-0.7269585930274965,0.7936545925211921,0.5671485669882261
nw4,1F,2,False,comparison_window,7.9,0.027425218516570787,2.1829814900373973e-07,100,82,-3.527703314001376,-0.6027462235205409,0.8025942272204821,0.5944721999594083
nw4,1F,2,False,full_record,7.9,0.025103236010674053,3.100985366057231e-14,244,82,-5.584620708780102,-0.735821158840368,0.7902138299307118,0.5586835795224278
nw4,1F,2,False,comparison_window,8.0,0.027071916936457358,2.2477977200788074e-07,100,82,-3.633393605467032,-0.609858855127048,0.799304690990479,0.5866423523807436
nw4,1F,2,False,full_record,8.0,0.02477273487118365,3.3053713357890493e-14,244,82,-5.741163084493913,-0.7446363306852717,0.7867950149422118,0.5502170446893002
nw9,2B,5,True,comparison_window,0.5,0.12709524660436777,0.0018093402360386866,100,82,-9.093875373798427,0.6205409475904049,0.6050071953960241,0.15827125015664167
nw9,2B,5,True,full_record,0.5,0.07449295459880848,3.348083697017753e-05,240,82,-12.025894928944412,0.716560387774139,0.692626798125107,0.31103818153748397
nw9,2B,5,True,comparison_window,0.6,0.1484484229110432,0.00015765658421511132,100,82,-8.42995417195303,0.5973256837316427,0.5930409720578026,0.14287155722512346
nw9,2B,5,True,full_record,0.6,0.08680202562983023,7.718543351160071e-07,240,82,-11.248190513305826,0.6924026944519172,0.6712284064349774,0.2709245406085512
nw9,2B,5,True,comparison_window,0.7,0.162455759208667,1.3338793948750804e-05,100,82,-7.866680095150052,0.5775596894316979,0.5895460393977482,0.14816929841793747
nw9,2B,5,True,full_record,0.7,0.09671660286783348,1.3399918873126554e-08,240,82,-10.575458028418828,0.6713021079381947,0.6592545194032452,0.25227749930794474
nw9,2B,5,True,comparison_window,0.8,0.16942590317641298,1.333356014678523e-06,100,82,-7.362909698346661,0.5597109808031523,0.5911188499555645,0.1642177957284202
nw9,2B,5,True,full_record,0.8,0.10405607394954991,2.1269709660795767e-10,240,82,-9.959168095615112,0.651751549561892,0.6535090393269968,0.24707157079228903
nw9,2B,5,True,comparison_window,0.9,0.17065894645949745,1.7932530890904344e-07,100,82,-6.901708110899293,0.5430811163533756,0.5958730940095992,0.18477932889468351
nw9,2B,5,True,full_record,0.9,0.10890782153212131,3.687613762694686e-12,240,82,-9.38026674082661,0.633089981513483,0.6518532738658049,0.24987101356010444
nw9,2B,5,True,comparison_window,1.0,0.16777464149892055,3.4272745739009274e-08,100,82,-6.4747173763058266,0.5273106934871808,0.6025557599049716,0.20617960133375068
nw9,2B,5,True,full_record,1.0,0.11154770463787728,8.040678926693225e-14,240,82,-8.83043775821907,0.6149992261893078,0.6529174575610817,0.25719474623320615
nw9,2B,5,True,comparison_window,1.1,0.16225511658200933,9.272411632811162e-09,100,82,-6.076794538242262,0.5121948652233893,0.6103213068582906,0.2265646898425525
nw9,2B,5,True,full_record,1.1,0.11234938114668361,2.4260693632024985e-15,240,82,-8.305615997037362,0.597315089705285,0.6558270897020767,0.2669056436382504
nw9,2B,5,True,comparison_window,1.2,0.1552538314385572,3.419299571990092e-09,100,82,-5.704165704797904,0.49760665294066936,0.6186453990540173,0.24524532068064675
nw9,2B,5,True,full_record,1.2,0.1117088528834938,1.0666429123785681e-16,240,82,-7.8035058416219325,0.5799477709496861,0.6600195328580035,0.27775983453881126
nw9,2B,5,True,comparison_window,1.3,0.14758007996104044,1.6326806194895541e-09,100,82,-5.353795311319969,0.483461677143838,0.6272424311608831,0.2621869346488963
nw9,2B,5,True,full_record,1.3,0.10999470267318207,6.940744668276125e-18,240,82,-7.322581112158423,0.5628454018017622,0.6651295712628049,0.2890873290943169
nw9,2B,5,True,comparison_window,1.4,0.13975990815666803,9.5843957974933e-10,100,82,-5.023159979127081,0.4697004537449411,0.6359817763416391,0.27766636655720633
nw9,2B,5,True,full_record,1.4,0.10752266397090463,6.6148936122873345e-19,240,82,-6.8616764267163575,0.5459763417040369,0.6709173186807649,0.30057010909586457
nw9,2B,5,True,comparison_window,1.5,0.13211283515232847,6.60582426402035e-10,100,82,-4.710150722724874,0.45627894052942064,0.6448182125846653,0.2920655707641644
nw9,2B,5,True,full_record,1.5,0.10454789111987187,8.988514935082749e-20,240,82,-6.419821787702846,0.5293202148488262,0.6772216054551796,0.3120924998732493
nw9,2B,5,True,comparison_window,1.6,0.12481839247097912,5.145587074621773e-10,100,82,-4.413013474071797,0.4431632898209028,0.6537436626723835,0.3057604731443432
nw9,2B,5,True,full_record,1.6,0.10126777488433547,1.680547232093964e-20,240,82,-5.9961762350197185,0.5128632293342603,0.6839295445823609,0.3236442585269771
nw9,2B,5,True,comparison_window,1.7,0.11796587065478406,4.3948818125834903e-10,100,82,-4.130300385237625,0.43032684601700044,0.6627587439858014,0.3190693717053249
nw9,2B,5,True,full_record,1.7,0.09782977251111108,4.1592527001758006e-21,240,82,-5.589999996821039,0.496595667544655,0.6909569640427248,0.3352607986043519
nw9,2B,5,True,comparison_window,1.8,0.11158870480015859,4.020602026685696e-10,100,82,-3.8608247112894016,0.41774835606194416,0.6718589057613059,0.33223567196980386
nw9,2B,5,True,full_record,1.8,0.09434073200682921,1.3116334206647371e-21,240,82,-5.20064017769252,0.48051050233497,0.6982362867680145,0.34698852174405603
nw9,2B,5,True,comparison_window,1.9,0.10568714503744754,3.8700013422282043e-10,100,82,-3.6036183542556275,0.4054108301462806,0.6810297007191098,0.3454287141902157
nw9,2B,5,True,full_record,1.9,0.09087581142777507,5.086395500797964e-22,240,82,-4.827520294317601,0.4646026034253247,0.7057094328775746,0.3588664154895299
nw9,2B,5,True,comparison_window,2.0,0.10024273515663587,3.866764524446359e-10,100,82,-3.3578927546692308,0.39330074713776264,0.6902469658997683,0.35875292596703146
nw9,2B,5,True,full_record,2.0,0.08748616282078399,2.349411047831577e-22,240,82,-4.470130392112555,0.44886825370887284,0.7133239736091356,0.37091772671438916
nw9,2B,5,True,comparison_window,2.1,0.0952273329972676,3.970052118664691e-10,100,82,-3.1230039073595073,0.3814074443440513,0.6994791438933371,0.3722598064931817
nw9,2B,5,True,full_record,2.1,0.08420516096317165,1.2570072424692754e-22,240,82,-4.128017039157358,0.4333048278199839,0.7210312731436473,0.38314755877117956
nw9,2B,5,True,comparison_window,2.2,0.09060859927633587,4.1567534988710243e-10,100,82,-2.898421947152867,0.3697226119567213,0.7086901555175749,0.385959896160196
nw9,2B,5,True,full_record,2.2,0.08105325941072404,7.60534839767963e-23,240,82,-3.800773394855219,0.4179105559920263,0.7287857574845295,0.39554371521430864
nw9,2B,5,True,comparison_window,2.3,0.08635324569228833,4.413156069456475e-10,100,82,-2.683705380656567,0.3582398555518443,0.7178420354178553,0.3998334358452491
nw9,2B,5,True,full_record,2.3,0.07804167733110824,5.098470036745197e-23,240,82,-3.4880297629617605,0.4026843342720968,0.7365447569665148,0.40807912985894346
nw9,2B,5,True,comparison_window,2.4,0.08242888234586705,4.730761431856662e-10,100,82,-2.478479753497849,0.34695431137097527,0.7268970224264354,0.413839274193632
nw9,2B,5,True,full_record,2.4,0.07517514623430005,3.722447781964797e-23,240,82,-3.189444989825792,0.3876255624462318,0.7442685897221115,0.4207148972341156
nw9,2B,5,True,comparison_window,2.5,0.07880500157586284,5.104061595436386e-10,100,82,-2.2824203596726322,0.3358623085574647,0.7358190538027292,0.4279220154219684
nw9,2B,5,True,full_record,2.5,0.0724539275167696,2.9175771970469693e-23,240,82,-2.904698943307696,0.37273400150865504,0.7519207022976437,0.43340334938614555
nw9,2B,5,True,comparison_window,2.6,0.07545343768216665,5.529300165220195e-10,100,82,-2.0952385065653174,0.32496107588415934,0.7445747315529058,0.44201759426977294
nw9,2B,5,True,full_record,2.6,0.06987527768551413,2.425439022841976e-23,240,82,-2.633486180985336,0.35800964758143866,0.7594677778172528,0.4460908924433661
nw9,2B,5,True,comparison_window,2.7,0.07234851527628942,6.003755687977663e-10,100,82,-1.9166708218405302,0.31424849106838415,0.7531338703469872,0.4560575294363034
nw9,2B,5,True,full_record,2.7,0.0674345019878182,2.1172581977928262e-23,240,82,-2.3755108144770762,0.343452621356697,0.7668797777166495,0.4587204760057846
nw9,2B,5,True,comparison_window,2.8,0.06946701854734873,6.525315003825783e-10,100,82,-1.746471104123335,0.30372287027944533,0.761469738444575,0.4699721071719696
nw9,2B,5,True,full_record,2.8,0.06512570484188747,1.9246195057452873e-23,240,82,-2.1304825053195002,0.3290630728111416,0.774129913165583,0.471233659526772
nw9,2B,5,True,comparison_window,2.9,0.06678806297641648,7.092214277710033e-10,100,82,-1.584404260175659,0.29338279475283846,0.7695590878034457,0.4836927189756195
nw9,2B,5,True,full_record,2.9,0.06294231881565186,1.8091949251121265e-23,240,82,-1.8981134837588853,0.31484110093126133,0.7811945565188549,0.48357228864685575
nw9,2B,5,True,comparison_window,3.0,0.06429291915110975,7.702880343285034e-10,100,82,-1.430241924250104,0.28322697088911913,0.777382049133372,0.49715354072283735
nw9,2B,5,True,full_record,3.0,0.06087747293672287,1.748573923008307e-23,240,82,-1.6781164592206879,0.30078668791558166,0.7880531081214873,0.49567981793966853
nw9,2B,5,True,comparison_window,3.1,0.061964818384654424,8.355833754378371e-10,100,82,-1.2837594119394318,0.2732541199377669,0.7849219478672262,0.5102927043132341
nw9,2B,5,True,full_record,3.1,0.05892424509193721,1.7292199839663954e-23,240,82,-1.4702032841972894,0.28689964700905907,0.7946878338507388,0.5075023254770776
nw9,2B,5,True,comparison_window,3.2,0.05978875742041238,9.049630620494036e-10,100,82,-1.1447337158689965,0.2634628933313622,0.7921650802249518,0.5230530809988677
nw9,2B,5,True,full_record,3.2,0.05707583125246046,1.742779491992367e-23,240,82,-1.27408423666663,0.27317958286798905,0.8010836865448504,0.5189892656162791
nw9,2B,5,True,comparison_window,3.3,0.05775131181671604,9.782829179422402e-10,100,82,-1.0129423011266718,0.2538518098883842,0.799100475346716,0.5353827690925437
nw9,2B,5,True,full_record,3.3,0.05532565535123748,1.7840548780911728e-23,240,82,-1.089467795939778,0.25962586318562225,0.8072281214658228,0.530094003398546
nw9,2B,5,True,comparison_window,3.4,0.05584046289900647,1.0553972262336862e-09,100,82,-0.8881625030188387,0.24441921137898837,0.8057196596476001,0.5472353575957943
nw9,2B,5,True,full_record,3.4,0.05366743709174078,1.8498443033464292e-23,240,82,-0.9160608000837767,0.24623760022863644,0.8131109129783087,0.5407741692051469
nw9,2B,5,True,comparison_window,3.5,0.05404544032746251,1.1361579954318743e-09,100,82,-0.7701713682127413,0.23516323329195302,0.8120164325576651,0.5585700207417075
nw9,2B,5,True,full_record,3.5,0.05209523018108794,1.9382520257220974e-23,240,82,-0.7535688877020204,0.23301364092647145,0.8187239770743474,0.550991867100699
nw9,2B,5,True,comparison_window,3.6,0.052356580658530265,1.220414871438003e-09,100,82,-0.6587458128038322,0.22608178801247847,0.8179866580546604,0.5693514856896884
nw9,2B,5,True,full_record,3.6,0.05060343999537431,2.0482642620749488e-23,240,82,-0.6016971415609289,0.21995256420322773,0.8240612023619915,0.5607137652594716
nw9,2B,5,True,comparison_window,3.7,0.05076520133627621,1.3080154472867055e-09,100,82,-0.5536629978135217,0.21717255798799484,0.8236280733186735,0.5795499058513335
nw9,2B,5,True,full_record,3.7,0.04918682715323637,2.1794799477813202e-23,240,82,-0.4601508654559541,0.20705268432439833,0.829118290660927,0.5699110923174057
nw9,2B,5,True,comparison_window,3.8,0.04926348905532144,1.3988058044986407e-09,100,82,-0.45470084476517214,0.2084329968073315,0.8289401139774775,0.5891406648943209
nw9,2B,5,True,full_record,3.8,0.04784050163750993,2.331934651140142e-23,240,82,-0.3286364383905458,0.1943120591364105,0.8338926073435271,0.5785595595258191
nw9,2B,5,True,comparison_window,3.9,0.04784440121553359,1.4926311746402488e-09,100,82,-0.3616386319604674,0.19986033643531434,0.833923754403531,0.5981041308152616
nw9,2B,5,True,full_record,3.9,0.04655991077486539,2.5059820669725005e-23,240,82,-0.20686220136769462,0.1817285021930707,0.8383830409366317,0.5866392252039263
nw9,2B,5,True,comparison_window,4.0,0.04650157912896312,1.5893366468253296e-09,100,82,-0.27425762655074637,0.19145159912702447,0.8385813610919701,0.6064253751625781
nw9,2B,5,True,full_record,4.0,0.045340823421043654,2.702211998943542e-23,240,82,-0.09453934180841128,0.1692995978801291,0.8425898711672803,0.5941343151481382
nw9,2B,5,True,comparison_window,4.1,0.04522927167260157,1.6887678723374302e-09,100,82,-0.19234171906296105,0.1832036127932456,0.8429165570882524,0.614093869192572
nw9,2B,5,True,full_record,4.1,0.04417931200392661,2.9213920024876403e-23,240,82,0.00861725110863365,0.1570227187637645,0.8465146445137103,0.6010330102884522
nw9,2B,5,True,comparison_window,4.2,0.04402226816340442,1.7907717351559715e-09,100,82,-0.11567803619886652,0.17511302880121324,0.8469340955970984,0.6211031662049309
nw9,2B,5,True,full_record,4.2,0.04307173357493714,3.1644247031983925e-23,240,82,0.1028881799382676,0.14489504449780513,0.8501600563430113,0.6073272109145238
nw9,2B,5,True,comparison_window,4.3,0.04287583933837603,1.8951969693941326e-09,100,82,-0.04405751494067589,0.16717634137726847,0.85063974118694,0.6274505773369057
nw9,2B,5,True,full_record,4.3,0.04201471065798658,3.432315715931274e-23,240,82,0.1885487953066841,0.13291358172261228,0.8535298388249436,0.6130122851606833
nw9,2B,5,True,comparison_window,4.4,0.04178568543658751,2.0018947131148484e-09,100,82,0.022724573372216894,0.1593899079328824,0.8540401573352084,0.6331368465564129
nw9,2B,5,True,full_record,4.4,0.04100511242584264,3.726148878555307e-23,240,82,0.2658685244107889,0.12107518447864313,0.8566286539660909,0.618086808079812
nw9,2B,5,True,comparison_window,4.5,0.04074789049261379,2.1107189938388734e-09,100,82,0.0848681559729384,0.15174996976639113,0.857142799392761,0.6381658293780337
nw9,2B,5,True,full_record,4.5,0.04004003654834863,4.0470666367883315e-23,240,82,0.33511027719903985,0.10937657473874283,0.8594619912798386,0.6225522965022843
nw9,2B,5,True,comparison_window,4.6,0.03975888205704367,2.2215271450087994e-09,100,82,0.14256795224512542,0.14425267270267716,0.8599558123513541,0.6425441788534929
nw9,2B,5,True,full_record,4.6,0.03911679192512105,4.396254133749164e-23,240,82,0.39652993274777404,0.09781436273257652,0.8620360697744123,0.6264129439262035
nw9,2B,5,True,comparison_window,4.7,0.03881539565696113,2.33418015533189e-09,100,82,0.19601312906685198,0.1368940873255718,0.8624879330599355,0.6462810416021929
nw9,2B,5,True,full_record,4.7,0.03823288242237261,4.7749260241610756e-23,240,82,0.45037590597158317,0.0863850668007266,0.8643577440901208,0.6296753588855504
nw9,2B,5,True,comparison_window,4.8,0.03791444339670066,2.4485429545944713e-09,100,82,0.2453870171594169,0.12967022853556484,0.8647483967461874,0.6493877660048283
nw9,2B,5,True,full_record,4.8,0.037385991668653105,5.18431534067302e-23,240,82,0.4968887930012116,0.07508513256817051,0.8664344147400467,0.6323483095674174
nw9,2B,5,True,comparison_window,4.9,0.0370532861767512,2.564484640571116e-09,100,82,0.29086688632289814,0.12257707422912999,0.8667468478578121,0.651877624152851
nw9,2B,5,True,full_record,4.9,0.036573968919748956,5.625663945221708e-23,240,82,0.536301092190441,0.06391095127494904,0.8682739425023026,0.6344424768756589
nw9,2B,5,True,comparison_window,5.0,0.03622940907688773,2.68187865216642e-09,100,82,0.3326237764760043,0.11561058295038414,0.8684932553463461,0.6537655487051708
nw9,2B,5,True,full_record,5.0,0.035794815973056344,6.100214237256171e-23,240,82,0.5688369967249771,0.05285887714188507,0.8698845670763096,0.6359702176501527
nw9,2B,5,True,comparison_window,5.1,0.0354404995092358,2.8006028941601273e-09,100,82,0.370822380772024,0.10876671041097634,0.8699978325800773,0.6550678854337479
nw9,2B,5,True,full_record,5.1,0.03504667509228769,6.609201885474786e-23,240,82,0.5947122541226406,0.04192524368284311,0.871274830152233,0.6369453393345286
nw9,2B,5,True,comparison_window,5.2,0.03468442779884357,2.920539818870701e-09,100,82,0.4056209766777156,0.10204142480901064,0.8712709620985519,0.6558021619294987
nw9,2B,5,True,full_record,5.2,0.03432781789141069,7.153849414681349e-23,240,82,0.6141340874705072,0.031106378905119667,0.8724535030548576,0.6373828870293845
nw9,2B,5,True,comparison_window,5.3,0.03395922989434503,3.0415764698816184e-09,100,82,0.4371714006803089,0.09543072091059396,0.8723231254164878,0.6559868726783915
nw9,2B,5,True,full_record,5.3,0.033636635120017466,7.735360524612022e-23,240,82,0.6273011730045923,0.02039861936394461,0.8734295191150104,0.6372989435650384
nw9,2B,5,True,comparison_window,5.4,0.03326309195025595,3.1636044927071877e-09,100,82,0.4656190622367151,0.08893063288072785,0.8731648380568435,0.655641280498777
nw9,2B,5,True,full_record,5.4,0.032971627289319044,8.354915048911936e-23,240,82,0.6344036685533467,0.009798323056974053,0.8742119108973438,0.6367104429701038
nw9,2B,5,True,comparison_window,5.5,0.03259433655615638,3.2865201169100024e-09,100,82,0.4911029926253325,0.08253724587034927,0.8738065899480059,0.654785234147929
nw9,2B,5,True,full_record,5.5,0.03233139607750972,9.013664484017086e-23,240,82,0.6356232874009223,-0.0006981188370777549,0.8748097523772378,0.6356349974935591
nw9,2B,5,True,comparison_window,5.6,0.03195141041711941,3.4102241138392175e-09,100,82,0.5137559244859661,0.07624670638303249,0.8742587912647377,0.6534390017546031
nw9,2B,5,True,full_record,5.6,0.03171463645447016,9.712728033303448e-23,240,82,0.6311334122598231,-0.011094271359001123,0.8752321061158436,0.6340907381548334
nw9,2B,5,True,comparison_window,5.7,0.03133287331492568,3.534621733769329e-09,100,82,0.5337043980214717,0.07005523145712206,0.8745317237317171,0.6516231196107902
nw9,2B,5,True,full_record,5.7,0.03112012946813903,1.045318912225519e-22,240,82,0.6210992442424047,-0.02139364627948649,0.8754879754343968,0.6320961686431479
nw9,2B,5,True,comparison_window,5.8,0.030737388201352953,3.6596226258339563e-09,100,82,0.551068890062173,0.06395911670833211,0.8746354973466116,0.6493582557569992
nw9,2B,5,True,full_record,5.8,0.030546735637905685,1.1236092347897134e-22,240,82,0.6056779819740994,-0.031599693682666234,0.8755862615399937,0.6296700322616529
nw9,2B,5,True,comparison_window,5.9,0.030163712293636694,3.785140743824976e-09,100,82,0.5659639624426018,0.0579547432857332,0.8745800124199814,0.6466650877179745
nw9,2B,5,True,full_record,5.9,0.02999338890376728,1.206244083124754e-22,240,82,0.5850190262805228,-0.041715794576841006,0.8755357255075555,0.6268311915098129
nw9,2B,5,True,comparison_window,6.0,0.029610689058481493,3.9110942405109625e-09,100,82,0.5784984264072879,0.052038583798858444,0.8743749267744165,0.6435641936876372
nw9,2B,5,True,full_record,6.0,0.02945909108357835,1.293319394475332e-22,240,82,0.5592642061882314,-0.051745254484865534,0.8753449549785769,0.6235985198167378
nw9,2B,5,True,comparison_window,6.1,0.02907724098509539,4.037405352935074e-09,100,82,0.5887755200316831,0.04620720727771548,0.874029627896986,0.6400759564204846
nw9,2B,5,True,full_record,6.1,0.02894290679428195,1.3849265389713418e-22,240,82,0.5285480223056329,-0.06169129795884254,0.8750223353979403,0.6199908048757021
nw9,2B,5,True,comparison_window,6.2,0.028562363059953015,4.164000280699693e-09,100,82,0.5968930959164651,0.040457283229076546,0.8735532097983048,0.6362204790601487
nw9,2B,5,True,full_record,6.2,0.028443958796525864,1.4811521600327401e-22,240,82,0.492997903973204,-0.07155706396489332,0.8745760255764203,0.6160266629842713
nw9,2B,5,True,comparison_window,6.3,0.028065116866596483,4.290809059120456e-09,100,82,0.6029438166780944,0.03478558485290814,0.8729544542989279,0.6320175121218039
nw9,2B,5,True,full_record,6.3,0.027961423725421534,1.582078045251766e-22,240,82,0.45273447689808355,-0.08134560208053233,0.8740139373390861,0.6117244637625885
nw9,2B,5,True,comparison_window,6.4,0.027584625243006144,4.417765428812952e-09,100,82,0.607015356010079,0.029188991484156244,0.8722418164392691,0.6274863908420664
nw9,2B,5,True,full_record,6.4,0.027494528173374347,1.6877810256770887e-22,240,82,0.40787183830764673,-0.09105986944645086,0.8733437189986543,0.6071022646028217
nw9,2B,5,True,comparison_window,6.5,0.02712006743710571,4.5448067030444506e-09,100,82,0.6091906033361536,0.02366449032240701,0.8714234136926939,0.6226459821163328
nw9,2B,5,True,full_record,6.5,0.027042545093892978,1.7983329014859911e-22,240,82,0.3585178369545672,-0.10070272841696064,0.8725727423780032,0.6021777541939854
nw9,2B,5,True,comparison_window,6.6,0.026670674707944736,4.6718736340711e-09,100,82,0.6095478703013952,0.018209177512844493,0.8705070186520983,0.6175146402576697
nw9,2B,5,True,full_record,6.6,0.026604790498036195,1.9138003921485718e-22,240,82,0.30477435560589594,-0.11027694485162139,0.8717080930969597,0.5969682044662336
nw9,2B,5,True,comparison_window,6.7,0.026235726326218362,4.798910279392368e-09,100,82,0.6081610975664127,0.012820258636626652,0.8695000548576185,0.6121101708318641
nw9,2B,5,True,full_record,6.7,0.02618062041770778,2.0342451092276226e-22,240,82,0.24673759391947447,-0.11978518699359403,0.8707565638348568,0.591490430306256
nw9,2B,5,True,comparison_window,6.8,0.025814545933102544,4.925863868807333e-09,100,82,0.6051000605632707,0.007495048669633618,0.8684095954361218,0.6064498018489308
nw9,2B,5,True,full_record,6.8,0.025769428112346848,2.1597235500253433e-22,240,82,0.18449834986432967,-0.12923002488268,0.8697246502814227,0.5857607564094014
nw9,2B,5,True,comparison_window,6.9,0.025406498221058005,5.0526846729113464e-09,100,82,0.6004305730577344,0.002230971464323767,0.8672423642310572,0.6005501616210145
nw9,2B,5,True,full_record,6.9,0.025370641497701393,2.2902871103243624e-22,240,82,0.11814229810439081,-0.13861393024915247,0.8686185494938145,0.5797949906523838
nw9,2B,5,True,comparison_window,7.0,0.025010985904331914,5.1793258737066895e-09,100,82,0.5942146875298364,-0.002974441193506109,0.8660047391130848,0.5944272626296887
nw9,2B,5,True,full_record,7.0,0.024983720777320577,2.4259821146771852e-22,240,82,0.04775026394697501,-0.14793927684411268,0.8674441603862537,0.5736084033941486
nw9,2B,5,True,comparison_window,7.1,0.024627446950487814,5.30574343768152e-09,100,82,0.5865108915368802,-0.008123550903524727,0.8647027571769809,0.5880964907803807
nw9,2B,5,True,full_record,7.1,0.02460815625919287,2.5668498624876155e-22,240,82,-0.02660150829283925,-0.1572083411564164,0.8662070860902197,0.5672157121374245
nw9,2B,5,True,comparison_window,7.2,0.024255352047432652,5.431895991849877e-09,100,82,0.5773742993617894,-0.01321861429958483,0.8633421215476103,0.5815725994582481
nw9,2B,5,True,full_record,7.2,0.02424346634155429,2.7129266885331066e-22,240,82,-0.10484109349694548,-0.16642330347344916,0.8649126379367712,0.5606310710121116
nw9,2B,5,True,comparison_window,7.3,0.02389420228319137,5.557744702956735e-09,100,82,0.5668568383746713,-0.0182617849844051,0.8619282095368268,0.5748697078369416
nw9,2B,5,True,full_record,7.3,0.023889195653372608,2.86424403635367e-22,240,82,-0.186900631345712,-0.17558624924684726,0.8635658408277891,0.5538680645717474
nw9,2B,5,True,comparison_window,7.4,0.023543527018121832,5.683253160183071e-09,100,82,0.555007429647015,-0.023255115711160217,0.860466081913107,0.5680013029290568
nw9,2B,5,True,full_record,7.4,0.023544913336334867,3.020828543211782e-22,240,82,-0.2727160799547257,-0.18469917072201733,0.8621714397792604,0.5469397054240953
nw9,2B,5,True,comparison_window,7.5,0.023202881931419117,5.808387261430418e-09,100,82,0.541872162457592,-0.028200560774815506,0.8589604930662386,0.5609802449043504
nw9,2B,5,True,full_record,7.5,0.023210211456371404,3.182702135257375e-22,240,82,-0.36222697807961035,-0.19376396879762195,0.8607339074365923,0.5398584352488631
nw9,2B,5,True,comparison_window,7.6,0.02287184722566736,5.933115103358181e-09,100,82,0.5274944624182892,-0.03309997857861802,0.8574159018698234,0.5538187752379161
nw9,2B,5,True,full_record,7.6,0.022884703533842036,3.349882131698269e-22,240,82,-0.45537621627942637,-0.20278245508119497,0.8592574523791003,0.5326361287862467
nw9,2B,5,True,comparison_window,7.7,0.022550025974878325,6.0574068752498295e-09,100,82,0.5119152530269092,-0.03795513434437079,0.8558364830644883,0.5465285272862699
nw9,2B,5,True,full_record,7.7,0.02256802318249327,3.5223813568097507e-22,240,82,-0.552109817324794,-0.2117563541104224,0.8577460280478303,0.5252841004108397
nw9,2B,5,True,comparison_window,7.8,0.022237042602959986,6.181234756738835e-09,100,82,0.4951731105209787,-0.042767702938716186,0.8542261390041392,0.5391205389234126
nw9,2B,5,True,full_record,7.8,0.022259822848193167,3.700208258684048e-22,240,82,-0.6523767260419842,-0.2206873057123171,0.8562033421475091,0.5178131129357018
nw9,2B,5,True,comparison_window,7.9,0.02193254148087455,6.304572819392749e-09,100,82,0.4773044119673252,-0.047539271789325634,0.8525885116261513,0.5316052669017707
nw9,2B,5,True,full_record,7.9,0.0219597726392561,3.883367033696204e-22,240,82,-0.7561286087003811,-0.2295768674749271,0.8546328663894931,0.5102333883202852
nw9,2B,5,True,comparison_window,8.0,0.021636185631932252,6.42739693218954e-09,100,82,0.4583434765788005,-0.05227134386553421,0.8509269945239011,0.523992602633812
nw9,2B,5,True,full_record,8.0,0.02166755924090151,4.0718577557631205e-22,240,82,-0.8633196619343753,-0.23842651730475742,0.8530378464578288,0.5025546199840265
wmc3,2C,3,True,comparison_window,0.5,0.059887400316867984,0.06897747633436374,100,67,-8.525865204513169,0.6781409795845851,0.5419088769843772,0.0351875108967179
wmc3,2C,3,True,full_record,0.5,0.030339217660566797,0.17606105861715307,186,67,-6.709378545789095,0.6111437528970375,0.6473392330991105,0.24364894083084476
wmc3,2C,3,True,comparison_window,0.6,0.07237229159424625,0.031697632711884714,100,67,-8.13977555121254,0.659788184420761,0.5087028804163067,-0.035834739238706836
wmc3,2C,3,True,full_record,0.6,0.04284140207579975,0.06672631404732236,186,67,-6.413011098786307,0.5947143539048207,0.6050353423607168,0.17120435929001276
wmc3,2C,3,True,comparison_window,0.7,0.08428937195058152,0.013442863756405793,100,67,-7.784736511741507,0.6430898526216868,0.48463418770033756,-0.08580411043291747
wmc3,2C,3,True,full_record,0.7,0.056418614690071964,0.019375536268462612,186,67,-6.371513781577962,0.5884477308946688,0.557247949861178,0.07467437236132402
wmc3,2C,3,True,comparison_window,0.8,0.09475289053134942,0.005487780723359277,100,67,-7.432923568588002,0.6268999344706779,0.468408537700932,-0.11675603973585069
wmc3,2C,3,True,full_record,0.8,0.07027494549786488,0.004347438136413352,186,67,-6.3206429758366465,0.5824601647316466,0.5182807716868009,-0.004969769292026527
wmc3,2C,3,True,comparison_window,0.9,0.1030030284188135,0.0022748702663553536,100,67,-7.078803385740029,0.6108458764770455,0.4583184730811919,-0.13255217124944285
wmc3,2C,3,True,full_record,0.9,0.08336348183695019,0.0007951882568077222,186,67,-6.196236084801932,0.574183720519524,0.49065123125993954,-0.05877229587523214
wmc3,2C,3,True,comparison_window,1.0,0.10857949740879305,0.0010105924567851146,100,67,-6.723787244123982,0.5948297172396375,0.4529499554321711,-0.13701711179371912
wmc3,2C,3,True,full_record,1.0,0.09459564200884449,0.00013082130066289208,186,67,-6.001144433593173,0.5634971204414576,0.47259648434267143,-0.09001328736145142
wmc3,2C,3,True,comparison_window,1.1,0.11139926346005202,0.0005021573062665425,100,67,-6.370712710523831,0.5788376285938617,0.45129317819028364,-0.1333542457238306
wmc3,2C,3,True,full_record,1.1,0.10311392101237113,2.1950048325463373e-05,186,67,-5.753633210061096,0.5508679637189066,0.4617559748002137,-0.1044946738927599
wmc3,2C,3,True,comparison_window,1.2,0.11171436543889315,0.00028598458395342075,100,67,-6.022041425401498,0.5628725028851462,0.4526467320521542,-0.12400759527021066
wmc3,2C,3,True,full_record,1.2,0.10849953205092239,4.248149929000056e-06,186,67,-5.471353015304893,0.5367850671675602,0.4562862259143673,-0.10736197119084356
wmc3,2C,3,True,comparison_window,1.3,0.10998946621951611,0.00018763322747662942,100,67,-5.679464648206293,0.5469353418651165,0.45650208724736474,-0.11069610219366521
wmc3,2C,3,True,full_record,1.3,0.11081651044370903,1.0398381571192351e-06,186,67,-5.167791070427015,0.5216283073829578,0.45493692047668455,-0.10244064696198696
wmc3,2C,3,True,comparison_window,1.4,0.10676449111148897,0.00014041933634107437,100,67,-5.344021613591686,0.5310245422708432,0.4624634430912244,-0.09454048005230153
wmc3,2C,3,True,full_record,1.4,0.11049729610952404,3.372884391074884e-07,186,67,-4.852413313481041,0.5056665667811172,0.4568627575880386,-0.09231773274058575
wmc3,2C,3,True,comparison_window,1.5,0.10255014082301415,0.00011763777214302294,100,67,-5.016348023644957,0.5151396987579812,0.47020106242379195,-0.07623105422068499
wmc3,2C,3,True,full_record,1.5,0.10815702653459337,1.4550096435666297e-07,186,67,-4.531672277967485,0.489086258574788,0.46145342968549485,-0.0786167084657412
wmc3,2C,3,True,comparison_window,1.6,0.09777129114927978,0.00010792971456956952,100,67,-4.696896209702277,0.49928486061159605,0.47942475172024535,-0.056190935797576946
wmc3,2C,3,True,full_record,1.6,0.10442777531884007,8.128126688784925e-08,186,67,-4.210012461822697,0.4720203604831534,0.4682321072716382,-0.0622998505677721
wmc3,2C,3,True,comparison_window,1.7,0.09275015803810972,0.00010616424745224498,100,67,-4.386080499071821,0.48347010922347555,0.4898684693187943,-0.0347061202150627
wmc3,2C,3,True,full_record,1.7,0.09985678293248566,5.6387363493928146e-08,186,67,-3.890630642512442,0.4545698259128997,0.4768020965907018,-0.0439299030787037
wmc3,2C,3,True,comparison_window,1.8,0.08771346941544617,0.0001099031594365121,100,67,-4.084350990725731,0.4677117545676524,0.5012819466673147,-0.012013502681982313
wmc3,2C,3,True,full_record,1.8,0.09486717645372822,4.642192272876395e-08,186,67,-3.5759747509326205,0.43681714795841753,0.48681835348027525,-0.02386357082315782
wmc3,2C,3,True,comparison_window,1.9,0.08281000521753183,0.00011794432296561376,100,67,-3.792214351471995,0.45203167990578347,0.5134272895577119,0.0116492713974784
wmc3,2C,3,True,full_record,1.9,0.089759473780316,4.34939853026014e-08,186,67,-3.2680396953064434,0.4188341917705101,0.497971529607874,-0.002376066203483518
wmc3,2C,3,True,comparison_window,2.0,0.078129967197508,0.0001296802261260661,100,67,-3.5102209583391044,0.43645622112591786,0.5260789355111717,0.03602267474156862
wmc3,2C,3,True,full_record,2.0,0.08473206289422737,4.477105717690169e-08,186,67,-2.9685268552012376,0.4006864125153134,0.5099794013530703,0.02027018013333659
wmc3,2C,3,True,comparison_window,2.1,0.07372206503938472,0.0001447963627805794,100,67,-3.2389340929826096,0.421014814142059,0.5390254370581803,0.06082282265605565
wmc3,2C,3,True,full_record,2.1,0.07990632819990601,4.923540475154976e-08,186,67,-2.678919800443949,0.38243492702264337,0.522583092406959,0.043795864492259584
wmc3,2C,3,True,comparison_window,2.2,0.06960698736995155,0.000163120937803068,100,67,-2.978892789814451,0.4057385611514138,0.5520718226822072,0.08574930226226973
wmc3,2C,3,True,full_record,2.2,0.07534936922899567,5.6622928302840365e-08,186,67,-2.4005124618573173,0.36413732760679274,0.535546164598864,0.06789922489005695
wmc3,2C,3,True,comparison_window,2.3,0.06578732401867422,0.00018454662592168875,100,67,-2.7305762788830275,0.39065883046423333,0.5650417185564884,0.11049731624103631
wmc3,2C,3,True,full_record,2.3,0.07109192998241831,6.702714957056348e-08,186,67,-2.1344134045652217,0.34584776991702854,0.5486550338980486,0.09226323015447635
wmc3,2C,3,True,comparison_window,2.4,0.06225454463895477,0.00020898895413242767,100,67,-2.494374865300284,0.3758059820105614,0.5777788312147485,0.13477032741605977
wmc3,2C,3,True,full_record,2.4,0.06714148974078302,8.073084750784196e-08,186,67,-1.8815410896127465,0.3276166743426858,0.5617196506171295,0.11656796387961699
wmc3,2C,3,True,comparison_window,2.5,0.058993739551868596,0.00023636441120034935,100,67,-2.270569582042196,0.3612082859641724,0.5901476930907918,0.158291081089048
wmc3,2C,3,True,full_record,2.5,0.063491349805873,9.812360241857009e-08,186,67,-1.6426189314972253,0.30949027103375065,0.57457386923447,0.1405036311206641
wmc3,2C,3,True,comparison_window,2.6,0.055986746868293955,0.00026657966644050274,100,67,-2.0593210800461765,0.3468910739814564,0.6020337415160706,0.18081005682480722
wmc3,2C,3,True,full_record,2.6,0.06012671416993464,1.196547142275012e-07,186,67,-1.4181747229642943,0.29151014371345546,0.5870753023243523,0.16378177171593689
wmc3,2C,3,True,comparison_window,2.7,0.05321415610148398,0.0002995272031761119,100,67,-1.8606669709549832,0.33287613556161716,0.6133428662509752,0.20211114191679458
wmc3,2C,3,True,full_record,2.7,0.057028637944617176,1.4580214334474721e-07,186,67,-1.2085461277579421,0.27371286866558014,0.5991046700940603,0.18614367431213452
wmc3,2C,3,True,comparison_window,2.8,0.05065654926283589,0.0003350846562616307,100,67,-1.6745261392479582,0.3191813499928392,0.6240005622608816,0.2220147357787483
wmc3,2C,3,True,full_record,2.8,0.05417651784826538,1.7704971676541816e-07,186,67,-1.0138921359063358,0.2561297985694652,0.6105647495330536,0.20736582746743093
wmc3,2C,3,True,comparison_window,2.9,0.0482952349399254,0.00037311621810685175,100,67,-1.5007082707157435,0.3058205290965349,0.6339507982420209,0.24037869142347323
wmc3,2C,3,True,full_record,2.9,0.051549611326533774,2.138694138892568e-07,186,67,-0.8342093843153884,0.2387870061378917,0.6213790422575782,0.22726269152405654
wmc3,2C,3,True,comparison_window,3.0,0.046112651499733676,0.000413475100584715,100,67,-1.338926869184169,0.2928034374081102,0.6431546802109385,0.25709755986665417
wmc3,2C,3,True,full_record,3.0,0.04912792158004159,2.5670739439870836e-07,186,67,-0.6693518357296162,0.22170537925411046,0.631490259092146,0.24568726801692975
wmc3,2C,3,True,comparison_window,3.1,0.04409255860387963,0.00045600642235329325,100,67,-1.1888142325464428,0.2801359533033839,0.6515889648526065,0.2721005858164387
wmc3,2C,3,True,full_record,3.1,0.04689267627036661,3.059731598922867e-07,186,67,-0.5190522766839913,0.2049008457969581,0.6408586895368356,0.26252998601525557
wmc3,2C,3,True,comparison_window,3.2,0.04222009652545891,0.000500550135356833,100,67,-1.04993713937212,0.26782033532023836,0.6592444627699413,0.2853488483708262
wmc3,2C,3,True,full_record,3.2,0.04482655095784099,3.6203150007947817e-07,186,67,-0.382944276110984,0.18838470022367879,0.6494604995498812,0.2777163878813236
wmc3,2C,3,True,comparison_window,3.3,0.040481765621052365,0.000546943763983858,100,67,-0.9218122950413714,0.25585556106976703,0.666124366096994,0.29683187301398595
wmc3,2C,3,True,full_record,3.3,0.04291373606512962,4.251969413532236e-07,186,67,-0.26058352305915955,0.17216400289492412,0.6572859861833151,0.291204025366977
wmc3,2C,3,True,comparison_window,3.4,0.038865360012033986,0.0005950248354242186,100,67,-0.803920863467148,0.24423771052771712,0.6722425349099248,0.30656397433618565
wmc3,2C,3,True,full_record,3.4,0.04113991120514444,4.957304137474861e-07,186,67,-0.15146775850093452,0.15624202509938553,0.6643378118158758,0.30297889678237755
wmc3,2C,3,True,comparison_window,3.5,0.037359877314037844,0.0006446329482043282,100,67,-0.6957216480580104,0.2329603703409508,0.6776217790200243,0.3145805288719772
wmc3,2C,3,True,full_record,3.5,0.039492167621565155,5.7383783568637e-07,186,67,-0.055054789308480956,0.14061871631050427,0.6706292409626295,0.313051680555929
wmc3,2C,3,True,comparison_window,3.6,0.03595541816802045,0.0006956114693607886,100,67,-0.5966626771566423,0.2220150405464656,0.6822921733133744,0.32093432640110686
wmc3,2C,3,True,full_record,3.6,0.037958904378904104,6.596703061614614e-07,186,67,0.029221698105912464,0.12529117440013282,0.6761824054506449,0.32145395547470257
wmc3,2C,3,True,comparison_window,3.7,0.03464308401728843,0.0007478088770826552,100,67,-0.506191095997655,0.2113915294932645,0.6862894441675453,0.32569210598778353
wmc3,2C,3,True,full_record,3.7,0.03652971412629001,7.533255974401016e-07,186,67,0.10193862704666978,0.11025410373894812,0.6810266263475999,0.3282345445383207
wmc3,2C,3,True,comparison_window,3.8,0.03341487811885287,0.0008010797804417642,100,67,-0.42376137416461623,0.20107832662206912,0.6896534610649685,0.32893134903199694
wmc3,2C,3,True,full_record,3.8,0.035195267935565544,8.54850657626208e-07,186,67,0.16367229245204407,0.09550024999458606,0.6851968216959697,0.33345607686678
wmc3,2C,3,True,comparison_window,3.9,0.032263612551609214,0.0008552856548620923,100,67,-0.34884191111853435,0.1910629460409504,0.692426861607732,0.3307373744945903
wmc3,2C,3,True,full_record,3.9,0.03394720467458918,9.642448582241598e-07,186,67,0.21498927338258067,0.08102080383075597,0.6887320271760616,0.33719182888039123
wmc3,2C,3,True,comparison_window,4.0,0.031182822570275593,0.0009102953340190943,100,67,-0.28092016936138653,0.18133223654889924,0.6946538304997552,0.3312007601095375
wmc3,2C,3,True,full_record,4.0,0.032778027824611596,1.0814637536139564e-06,186,67,0.25643931554861166,0.06680576856271887,0.6916740524555521,0.33952288032156674
wmc3,2C,3,True,comparison_window,4.1,0.030166688774185282,0.0009659852977669968,100,67,-0.21950649124528177,0.171872655932401,0.6963790446723347,0.33041509684157133
wmc3,2C,3,True,full_record,4.1,0.031681011063289626,1.2064231536462777e-06,186,67,0.2885499709147349,0.05284428914326639,0.6940662898490803,0.34053560111008296
wmc3,2C,3,True,comparison_window,4.2,0.029209967028497822,0.0010222397928219009,100,67,-0.16413676669230148,0.16267050905555855,0.6976467885139838,0.32847507128181885
wmc3,2C,3,True,full_record,4.2,0.030650112969869216,1.33900334485271e-06,186,67,0.31182276840443957,0.0391249416798953,0.6959526848878963,0.3403194702885718
wmc3,2C,3,True,comparison_window,4.3,0.028307925769461593,0.0010789508191173655,100,67,-0.11437411948594156,0.15371215054248843,0.6985002358533764,0.32547486143155013
wmc3,2C,3,True,full_record,4.3,0.029679900642861634,1.4790533281668325e-06,186,67,0.32673069058364146,0.02563598408103845,0.6973768713453367,0.33896521745533026
wmc3,2C,3,True,comparison_window,4.4,0.0274562901637872,0.0011360180106080773,100,67,-0.06980977279585399,0.14498415377407525,0.6989808894035481,0.3215068248441093
wmc3,2C,3,True,full_record,4.4,0.028765481707602646,1.6263949704243374e-06,186,67,0.33371674150756603,0.012365569446113157,0.6983814668724382,0.33656326933866243
wmc3,2C,3,True,comparison_window,4.5,0.026651192521550165,0.001193348435175257,100,67,-0.030063242896113618,0.13647344855093801,0.6991281640165085,0.316660453892181
wmc3,2C,3,True,full_record,4.5,0.027902444036878873,1.7808269927153198e-06,186,67,0.33319340716625123,-0.0006980754680799209,0.6990075201323077,0.33320247893446053
wmc3,2C,3,True,comparison_window,4.6,0.025889128347331154,0.0012508563344071496,100,67,0.005218004336977278,0.12816743016756021,0.6989790973169316,0.31102157057543733
wmc3,2C,3,True,full_record,4.6,0.027086802451227864,1.9421287406420743e-06,186,67,0.325542829594354,-0.013566503918990015,0.6992940964103473,0.32896911141480845
wmc3,2C,3,True,comparison_window,4.7,0.025166917432717005,0.0013084628204870952,100,67,0.03635931514369506,0.12005404284584209,0.6985681699258651,0.30467173240456613
wmc3,2C,3,True,full_record,4.7,0.026314951667194886,2.110063699820013e-06,186,67,0.3111175367703608,-0.026250931943271737,0.6992779861503438,0.323946059405284
wmc3,2C,3,True,comparison_window,4.8,0.02448166943008983,0.0013660955443101292,100,67,0.06365992454290892,0.11212184053492574,0.6979272173062746,0.29768782115840087
wmc3,2C,3,True,full_record,4.8,0.02558362479659788,2.284382734859697e-06,186,67,0.2902415915902691,-0.0387621470728058,0.698993519609126,0.3182122598728395
wmc3,2C,3,True,comparison_window,4.9,0.02383075339353201,0.001423688346217986,100,67,0.0873942598428068,0.1043600280326434,0.6970854159821168,0.29014178742026153
wmc3,2C,3,True,full_record,4.9,0.024889856751913405,2.464827041818137e-06,186,67,0.26321204353188243,-0.051110439882135116,0.6984724706324538,0.3118422854637849
wmc3,2C,3,True,comparison_window,5.0,0.02321177082174812,0.0014811808984391526,100,67,0.10781339705889992,0.09675848525781937,0.6960693282269685,0.28210052550780673
wmc3,2C,3,True,full_record,5.0,0.024230951972303873,2.651130813266928e-06,186,67,0.2303005855567506,-0.06330555535264072,0.6977440331905241,0.304906084426496
wmc3,2C,3,True,comparison_window,5.1,0.02262253178670481,0.0015385183463491046,100,67,0.12514660921498366,0.08930777731529062,0.6949029910427841,0.2736258555102721
wmc3,2C,3,True,full_record,5.1,0.02360445594566152,2.8430236219721564e-06,186,67,0.19175533598499594,-0.07535666121159684,0.6968348555301129,0.2974688450310814
wmc3,2C,3,True,comparison_window,5.2,0.022061033778095516,0.0015956509540458626,100,67,0.1396029569789895,0.08199915278606351,0.6936080371534157,0.26477459146485627
wmc3,2C,3,True,full_record,5.2,0.023008130060829406,3.0402325341768603e-06,186,67,0.14780268037804445,-0.0872723306119769,0.6957691183819745,0.2895909624792513
wmc3,2C,3,True,comparison_window,5.3,0.02152544293673457,0.0016525337583758704,100,67,0.15137288219835432,0.0748245324352626,0.6922038376676197,0.2555986771080555
wmc3,2C,3,True,full_record,5.3,0.022439929379027942,3.242483966891382e-06,186,67,0.09864912185723917,-0.09906053674919613,0.6945686454233789,0.28132808853799174
wmc3,2C,3,True,comparison_window,5.4,0.02101407738904109,0.0017091262344611302,100,67,0.16062977359286723,0.06777649029638005,0.6907076579135482,0.2461453730218327
wmc3,2C,3,True,full_record,5.4,0.021897982963532778,3.4495053058677144e-06,186,67,0.044483099822689165,-0.11072865725409002,0.6932530359939884,0.2727312464174839
wmc3,2C,3,True,comparison_window,5.5,0.02052539242985886,0.001765391974871392,100,67,0.16753148129703377,0.06084822885187948,0.689134819641226,0.2364574812852126
wmc3,2C,3,True,full_record,5.5,0.021380576451602584,3.6610263021173192e-06,186,67,-0.014523253164929084,-0.1222834864443576,0.6918398117962947,0.2638469956604915
wmc3,2C,3,True,comparison_window,5.6,0.020057967332030153,0.001821298383875047,100,67,0.1722217631889671,0.054033549802454436,0.6874988642921364,0.226573595885998
wmc3,2C,3,True,full_record,5.6,0.02088613659255129,3.876780265433801e-06,186,67,-0.07821243834091263,-0.13373125374714534,0.6903445709117261,0.2547176339543651
wmc3,2C,3,True,comparison_window,5.7,0.019610493588688646,0.0018768163876445206,100,67,0.1748316511138418,0.04732682170926779,0.6858117133305144,0.21652836911126216
wmc3,2C,3,True,full_record,5.7,0.020413217511079485,4.096505073206593e-06,186,67,-0.14644001674147566,-0.1450776468316789,0.6887811438916012,0.24538142477691005
wmc3,2C,3,True,comparison_window,5.8,0.019181764418471338,0.0019319201608209225,100,67,0.17548072937137027,0.04072294559214676,0.6840838227205559,0.20635278590365147
wmc3,2C,3,True,full_record,5.8,0.0199604884858091,4.319944012471693e-06,186,67,-0.2190731439010143,-0.15632783819446242,0.6871617479211818,0.23587284161486
wmc3,2C,3,True,comparison_window,5.9,0.018770665385042316,0.001986586869535335,100,67,0.17427832125432907,0.0342173193943869,0.6823243295295671,0.19607443973428662
wmc3,2C,3,True,full_record,5.9,0.019526723059926338,4.546846472326259e-06,186,67,-0.29598921844669457,-0.1674865141345735,0.6854971361042929,0.226222821137953
wmc3,2C,3,True,comparison_window,6.0,0.018376166000906323,0.0020407964306761077,100,67,0.17132458216900925,0.027805802057389594,0.6805411893580662,0.18571780490926015
wmc3,2C,3,True,full_record,6.0,0.0191107893243063,4.776968502888355e-06,186,67,-0.37707464620593956,-0.17855790521750609,0.6837967397847811,0.21645901916580912
wmc3,2C,3,True,comparison_window,6.1,0.017997312201643408,0.0020945312870392484,100,67,0.16671149997753987,0.021484677819672473,0.678741303865236,0.17530450139904719
wmc3,2C,3,True,full_record,6.1,0.01871164123389256,5.010073255959541e-06,186,67,-0.46222371877215074,-0.1895458174925632,0.6820688025254079,0.20660606453678498
wmc3,2C,3,True,comparison_window,6.2,0.01763321959083385,0.0021477761978200573,100,67,0.16052380485306583,0.015250621216941207,0.6769306380948245,0.16485354927899332
wmc3,2C,3,True,full_record,6.2,0.018328310835829455,5.245931321362279e-06,186,67,-0.5513376033492619,-0.2004536638547166,0.6803205049239712,0.1966858070828016
wmc3,2C,3,True,comparison_window,6.3,0.01728306736822329,0.0022005180438224186,100,67,0.15283979212728394,0.009100663163543063,0.6751143276337116,0.1543816107024425
wmc3,2C,3,True,full_record,6.3,0.01795990130321458,5.484320971833032e-06,186,67,-0.6443234391618378,-0.21128449506034352,0.6785580798807248,0.18671755684658997
wmc3,2C,3,True,comparison_window,6.4,0.016946092864390395,0.0022527456466985957,100,67,0.14373206247796066,0.0030321584008657673,0.6732967758729688,0.14390321801879347
wmc3,2C,3,True,full_record,6.4,0.017605580681684052,5.725028328195897e-06,186,67,-0.7410935347077359,-0.22204103001759787,0.6767869182603056,0.17671831246252268
wmc3,2C,3,True,comparison_window,6.5,0.016621586614519047,0.002304449601475496,100,67,0.13326818438256416,-0.002957245484329298,0.6714817418068537,0.13343098721157154
wmc3,2C,3,True,full_record,6.5,0.017264576267626636,5.967847455401933e-06,186,67,-0.8415646593476069,-0.2327256850489732,0.6750116651339012,0.1667029772723434
wmc3,2C,3,True,comparison_window,6.6,0.016308887911998964,0.0023556221216238407,100,67,0.12151128410832579,-0.00886963732389361,0.6696724189137838,0.12297581628155174
wmc3,2C,3,True,full_record,6.6,0.016936169546855766,6.21258039908899e-06,186,67,-0.9456574223745535,-0.2433406019070519,0.6732363069594384,0.15668456228095307
wmc3,2C,3,True,comparison_window,6.7,0.01600738078967737,0.0024062568959135914,100,67,0.10852056868128046,-0.01470686983488342,0.6678715057279172,0.11254706855689944
wmc3,2C,3,True,full_record,6.7,0.016619691631327684,6.459037171142649e-06,186,67,-1.0532957325212768,-0.25388767438560583,0.6714642501739491,0.14667437548796036
wmc3,2C,3,True,comparison_window,6.8,0.015716490382774263,0.0024563489563058935,100,67,0.09435178729975968,-0.020470585236981788,0.6660812687410231,0.10215274118512052
wmc3,2C,3,True,full_record,6.8,0.016314519139049317,6.707035692042743e-06,186,67,-1.1644063308298311,-0.26436857341686243,0.6696983917445327,0.1366821974723742
wmc3,2C,3,True,comparison_window,6.9,0.015435679632870689,0.002505894556161538,100,67,0.07905763657124398,-0.02616223902473036,0.6643035982803753,0.09179961926933544
wmc3,2C,3,True,full_record,6.9,0.016020070468952992,6.95640169673843e-06,186,67,-1.278918390044756,-0.2747847705994822,0.6679411822632967,0.1267164433757666
wmc3,2C,3,True,comparison_window,7.0,0.015164446297112544,0.0025548910580612686,100,67,0.06268811478951819,-0.031783121906497645,0.6625400579966181,0.0814934162595401
wmc3,2C,3,True,full_record,7.0,0.015735802428247507,7.2069686101175614e-06,186,67,-1.3967631737801267,-0.2851375601205042,0.666194682185156,0.11678431163072123
wmc3,2C,3,True,comparison_window,7.1,0.014902320230904337,0.0026033368305604524,100,67,0.045290830238642,-0.037334379960415144,0.6607919285710848,0.07123890131395816
wmc3,2C,3,True,full_record,7.1,0.015461207174777288,7.458577397428717e-06,186,67,-1.517873749257685,-0.2954280790868866,0.6644606118023771,0.10689191993388347
wmc3,2C,3,True,comparison_window,7.2,0.014648860915982848,0.0026512311532497436,100,67,0.026911268240482622,-0.04281703306921725,0.6590602462193591,0.06104001441089435
wmc3,2C,3,True,full_record,7.2,0.015195809441299647,7.711076394273717e-06,186,67,-1.6421847475330251,-0.3056573262791943,0.6627403955316886,0.09704442906703248
wmc3,2C,3,True,comparison_window,7.3,0.014403655208949461,0.0026985741295001827,100,67,0.007593021373830111,-0.04823199170467734,0.6573458365301859,0.05089997002707469
wmc3,2C,3,True,full_record,7.3,0.014939164012409745,7.964321120352696e-06,186,67,-1.7696321657235408,-0.3158261793777321,0.6610352010625722,0.08724615524247559
wmc3,2C,3,True,comparison_window,7.4,0.014166315288113535,0.002745366606334519,100,67,-0.01262201302342425,-0.05358007214765228,0.6556493441384008,0.04082135021121103
wmc3,2C,3,True,full_record,7.4,0.014690853428197061,8.218174080503723e-06,186,67,-1.9001532060748736,-0.3259354107150916,0.6593459738826234,0.07750067169018571
wmc3,2C,3,True,comparison_window,7.5,0.013936476778962955,0.002791610100877681,100,67,-0.033693464271239426,-0.05886201023224844,0.6539712586895237,0.030806187875064284
wmc3,2C,3,True,full_record,7.5,0.014450485891651448,8.4725045561047e-06,186,67,-2.033686147102374,-0.335985701617736,0.6576734676598285,0.06781090022367176
wmc3,2C,3,True,comparison_window,7.6,0.013713797040726798,0.0028373067328901196,100,67,-0.05558234519019756,-0.06407847370213643,0.6523119375129645,0.02085604110463224
wmc3,2C,3,True,full_record,7.6,0.014217693359397847,8.727188389641033e-06,186,67,-2.1701702425894105,-0.3459776554169372,0.6560182709240641,0.05817919352419654
wmc3,2C,3,True,comparison_window,7.7,0.013497953598398872,0.002882459162915439,100,67,-0.07825093121122983,-0.06923007328170201,0.6506716253815586,0.010972059265280332
wmc3,2C,3,True,full_record,7.7,0.013992129797619424,8.982107764625975e-06,186,67,-2.30954564438219,-0.355911809193288,0.6543808304528191,0.04860740886913417
wmc3,2C,3,True,comparison_window,7.8,0.013288642706269642,0.0029270705355982536,100,67,-0.10166265884698422,-0.07431737254314125,0.6490504716979866,0.0011550416361596483
wmc3,2C,3,True,full_record,7.8,0.013773469586997681,9.237150982968608e-06,186,67,-2.4517533456278713,-0.3657886443478063,0.6527614717294162,0.039096974010802144
wmc3,2C,3,True,comparison_window,7.9,0.013085578030495081,0.00297114442776755,100,67,-0.12578204093568024,-0.07934089666717899,0.647448545413691,-0.008594510730508098
wmc3,2C,3,True,full_record,7.9,0.013561406062264188,9.492212241424688e-06,186,67,-2.5967351411555897,-0.37560859606780467,0.6511604168071428,0.029648945880211608
wmc3,2C,3,True,comparison_window,8.0,0.012888489439531737,0.003014684800926638,100,67,-0.1505745963312506,-0.08430114018804587,0.6458658479535889,-0.018276349274551684
wmc3,2C,3,True,full_record,8.0,0.013355650173495034,9.747191408571976e-06,186,67,-2.7444336022557843,-0.3853720617723936,0.6495777998796181,0.0202640627577354
nw6,2E,3,False,comparison_window,0.5,0.21925933574105538,2.143243802565618e-09,100,82,-3.0220920659904538,0.4979619048113854,0.7007151491387557,0.39718393949185427
nw6,2E,3,False,full_record,0.5,0.21719293940363202,4.4543570504286504e-17,214,82,-3.6583699839042616,0.5426072450558717,0.7049250406165596,0.40150907255679913
nw6,2E,3,False,comparison_window,0.6,0.21885368339279831,2.2871268872191746e-10,100,82,-2.806783185922546,0.48356749742615945,0.7076865551168422,0.41767035948470044
nw6,2E,3,False,full_record,0.6,0.213865573798988,9.887453227263141e-19,214,82,-3.3842441685550506,0.5254408681278475,0.7120846668253921,0.42281491470837707
nw6,2E,3,False,comparison_window,0.7,0.2143907698176669,3.813234956375264e-11,100,82,-2.5899968880367314,0.4684911066523757,0.7150099743815891,0.436530593730317
nw6,2E,3,False,full_record,0.7,0.20742247505469563,4.873614342198019e-20,214,82,-3.1192323259809864,0.5081983073302746,0.7194453438626242,0.44206593778912173
nw6,2E,3,False,comparison_window,0.8,0.20720646882081378,9.851688979358521e-12,100,82,-2.375378383840386,0.4529234079266626,0.7223210205645472,0.45335132970923875
nw6,2E,3,False,full_record,0.8,0.1991119931680897,4.972289482214102e-21,214,82,-2.8643529197681676,0.49093128720374446,0.7266868846792387,0.45905263169712396
nw6,2E,3,False,comparison_window,0.9,0.19840778589803465,3.76104865672128e-12,100,82,-2.1652476816040918,0.43700217728354485,0.7294012201312238,0.4681055675324505
nw6,2E,3,False,full_record,0.9,0.1898585572731187,9.420036189793476e-22,214,82,-2.6200172875186096,0.4736776449114673,0.7336448695006477,0.47389286206030645
nw6,2E,3,False,comparison_window,1.0,0.1888232966014543,1.987677937615082e-12,100,82,-1.9610651956706295,0.4208295919584251,0.7361568191828562,0.4809842975588434
nw6,2E,3,False,full_record,1.0,0.1802964906020667,2.94832617867609e-22,214,82,-2.386281100856412,0.45646558071849375,0.7402686797070763,0.48686685343885183
nw6,2E,3,False,comparison_window,1.1,0.17902724248058594,1.3592216208693206e-12,100,82,-1.7637347481511867,0.4044829912875392,0.7425817423730624,0.49228266601625337
nw6,2E,3,False,full_record,1.1,0.17083380974496334,1.3680649685035815e-22,214,82,-2.1630027932028915,0.4393161975791079,0.7465769268537032,0.49831263428537353
nw6,2E,3,False,comparison_window,1.2,0.16939172535133243,1.1313614571150235e-12,100,82,-1.5738009943859783,0.38802166426072127,0.7487198151896202,0.5023257724547916
nw6,2E,3,False,full_record,1.2,0.1617158899884005,8.5811462379288e-23,214,82,-1.9499415667042617,0.42224511911841695,0.752621178455526,0.508563998895249
nw6,2E,3,False,comparison_window,1.3,0.1601411537500774,1.08912413353562e-12,100,82,-1.3915793265789573,0.37149134579261905,0.7546346434457367,0.511423009791151
nw6,2E,3,False,full_record,1.3,0.15307749299926568,6.750902600422063e-23,214,82,-1.7468169907630502,0.4052636657319871,0.7584611511696064,0.5179173029792625
nw6,2E,3,False,comparison_window,1.4,0.1513980743120838,1.164265056902577e-12,100,82,-1.2172417687947914,0.3549274034013899,0.7603894840684137,0.5198428839374745
nw6,2E,3,False,full_record,1.4,0.1449812552563094,6.280529419820309e-23,214,82,-1.553344074770405,0.3883798133008358,0.7641502562227608,0.5266170448206762
nw6,2E,3,False,comparison_window,1.5,0.14321786114353957,1.3394588524369813e-12,100,82,-1.0508733726500412,0.33835723925750366,0.7660360537608801,0.5278021131146697
nw6,2E,3,False,full_record,1.5,0.13744453969451717,6.603532011018309e-23,214,82,-1.369252571728261,0.3715990146982039,0.7697288475363168,0.5348530144123966
nw6,2E,3,False,comparison_window,1.6,0.1356133670289172,1.6198950805218401e-12,100,82,-0.8925084533038532,0.32180217221341867,0.7716099645713883,0.535464107135098
nw6,2E,3,False,full_record,1.6,0.13045746472036823,7.581698322234883e-23,214,82,-1.194296178618063,0.354924901375477,0.7752224736340255,0.5427639833848137
nw6,2E,3,False,comparison_window,1.7,0.12857172490806335,2.0237897664065495e-12,100,82,-0.7421530002055969,0.3052789324289583,0.7771304196127867,0.5429430481440793
nw6,2E,3,False,full_record,1.7,0.12399467641643616,9.262563101119576e-23,214,82,-1.0282553967553207,0.3383598641439519,0.7806429746950773,0.5504445830026107
nw6,2E,3,False,comparison_window,1.8,0.12206545253294825,2.57898360518414e-12,100,82,-0.5997977237964252,0.2888008419367068,0.7826022568727496,0.5503108196241102
nw6,2E,3,False,full_record,1.8,0.11802285715861646,1.1810600309470943e-22,214,82,-0.8709365880159246,0.3219055134574853,0.7859909184356674,0.5579532574395496
nw6,2E,3,False,comparison_window,1.9,0.11605960405834206,3.321670209541089e-12,100,82,-0.46542492773050603,0.2723787312937248,0.7880189991966512,0.5576049202349147
nw6,2E,3,False,full_record,1.9,0.11250540300011465,1.5493236358654533e-22,214,82,-0.7221689338731236,0.30556302619061254,0.7912584302814615,0.5653200581599308
nw6,2E,3,False,comparison_window,2.0,0.11051625797307772,4.2958616895306105e-12,100,82,-0.3390114769289121,0.25602163444073983,0.79336607203022,0.5648362104255527
nw6,2E,3,False,full_record,2.0,0.10740525504481145,2.0687860385128135e-22,214,82,-0.5818004272270916,0.2893333919336443,0.7964318882452205,0.5725536371866843
nw6,2E,3,False,comparison_window,2.1,0.10539724752651249,5.553045294533845e-12,100,82,-0.2205294481592195,0.23973730063941306,0.7986237288367626,0.5719958634930455
nw6,2E,3,False,full_record,2.1,0.10268654474502013,2.7898577723082578e-22,214,82,-0.4496936209962399,0.273217575262,0.8014942298483295,0.5796471738876166
nw6,2E,3,False,comparison_window,2.2,0.10066575097743873,7.151802511189606e-12,100,82,-0.109945540881488,0.22353255955094475,0.8037694789120944,0.5790612488188369
nw6,2E,3,False,full_record,2.2,0.09831548771588607,3.777825008041774e-22,214,82,-0.32572157316729733,0.2572166113082532,0.8064267878648631,0.5865831940094877
nw6,2E,3,False,comparison_window,2.3,0.0962871537924203,9.157297795530232e-12,100,82,-0.007219952844426114,0.20741357188911166,0.808779968137693,0.5860006976244365
nw6,2E,3,False,full_record,2.3,0.09426080893194783,5.115359545118925e-22,214,82,-0.20976423235923725,0.24133165098068762,0.8112106659160392,0.5933373609237401
nw6,2E,3,False,comparison_window,2.4,0.09222945405766395,1.1640609779914056e-11,100,82,0.08769484237645564,0.19138599367581097,0.8136323485130901,0.5927772270709305
nw6,2E,3,False,full_record,2.4,0.09049388176224103,6.905188503773581e-22,214,82,-0.10170537696329118,0.22556397012029455,0.8158277105894426,0.5998813746557186
nw6,2E,3,False,comparison_window,2.5,0.08846338770207596,1.4677912535441928e-11,100,82,0.1748551646264771,0.17545507739365243,0.8183052115860957,0.5993513585196532
nw6,2E,3,False,full_record,2.5,0.08698869756893969,9.2728044422264e-22,214,82,-0.001430136517795999,0.20991495439677196,0.8202611531746147,0.6061851304782178
nw6,2E,3,False,comparison_window,2.6,0.0849623873742156,1.834953329081906e-11,100,82,0.25432691690310893,0.15962572871672653,0.8227791724853123,0.6056831847884958
nw6,2E,3,False,full_record,2.6,0.08372173987098062,1.236910783303765e-21,214,82,0.09117692748573902,0.1943860692374872,0.8244959943294367,0.6122182832064778
nw6,2E,3,False,comparison_window,2.7,0.08170244760104386,2.273892236231508e-11,100,82,0.326186049867921,0.14390253331630776,0.827037187695084,0.6117338367601761
nw6,2E,3,False,full_record,2.7,0.0806718094492512,1.6372881733266728e-21,214,82,0.17623323293513626,0.17897882180375227,0.8285191972509492,0.6179513470081687
nw6,2E,3,False,comparison_window,2.8,0.07866194197481899,2.7931574223332476e-11,100,82,0.3905187046406322,0.12828976464875033,0.8310646789885566,0.6174664833640685
nw6,2E,3,False,full_record,2.8,0.07781982898868854,2.1493007671652896e-21,214,82,0.2538591457349594,0.16369472008942054,0.8323197441102633,0.6233564402814504
nw6,2E,3,False,comparison_window,2.9,0.07582142068528022,3.401393766503245e-11,100,82,0.4474210650750817,0.11279138067943441,0.8348495228003171,0.6228469780222359
nw6,2E,3,False,full_record,2.9,0.07514864446358234,2.7970343602742574e-21,214,82,0.32417857476837175,0.14853523264501559,0.8358885993302648,0.6284077647631698
nw6,2E,3,False,comparison_window,3.0,0.07316340548215813,4.107234932305334e-11,100,82,0.49699896414176437,0.09741101515543958,0.8383819513776039,0.6278442433280893
nw6,2E,3,False,full_record,3.0,0.07264283322360313,3.6079199151301846e-21,214,82,0.3873192601180582,0.13350175120629945,0.839218613087605,0.6330818894496666
nw6,2E,3,False,comparison_window,3.1,0.07067219196742892,4.9192019578886916e-11,100,82,0.5393672934044457,0.08215196723649058,0.8416544005556919,0.6324304662103205
nw6,2E,3,False,full_record,3.1,0.07028852416542307,4.612835956516754e-21,214,82,0.44341281606364613,0.11859555758513714,0.842304389759172,0.637357893958623
nw6,2E,3,False,comparison_window,3.2,0.06833366456466208,5.845609383896888e-11,100,82,0.5746492634783879,0.06701719194369571,0.8446613294237781,0.6365811590745635
nw6,2E,3,False,full_record,3.2,0.06807323252803917,5.846162685453647e-21,214,82,0.4925945833522788,0.10381779551024005,0.8451421390175399,0.6412174127998601
nw6,2E,3,False,comparison_window,3.3,0.06613512666915412,6.89448060801957e-11,100,82,0.6029755592275088,0.05200929290307253,0.8473990295126196,0.640275128631318
nw6,2E,3,False,full_record,3.3,0.06598571011267443,7.345786356145421e-21,214,82,0.5350033377157072,0.08916944763526648,0.8477295217958407,0.6446446114839283
nw6,2E,3,False,comparison_window,3.4,0.06406514674268723,8.07347357682981e-11,100,82,0.6244834278974003,0.037130518163645675,0.8498654352604299,0.64349438314224
nw6,2E,3,False,full_record,3.4,0.06401581070089275,9.153054062712944e-21,214,82,0.5707808942550086,0.07465131761503546,0.8500654991799376,0.6476261171527116
nw6,2E,3,False,comparison_window,3.5,0.062113420086214705,9.389817408544755e-11,100,82,0.6393157323833012,0.022382759390983758,0.8520599431297495,0.6462240002981554
nw6,2E,3,False,full_record,3.5,0.062154369868265905,1.1312680525465848e-20,214,82,0.6000716405071227,0.060264016948897034,0.8521501892100439,0.6501509200921748
nw6,2E,3,False,comparison_window,3.6,0.060270645445506484,1.0850260099478073e-10,100,82,0.6476199959886317,0.007767554422425807,0.8539832435724237,0.6484519714727883
nw6,2E,3,False,full_record,3.6,0.06039309809807339,1.3872609702354826e-20,214,82,0.623022024924875,0.04600795617409036,0.8539847343614497,0.6522102577189733
nw6,2E,3,False,comparison_window,3.7,0.05852841531146123,1.2461027108148963e-10,100,82,0.6495474596721467,-0.006713907028535693,0.8556371678111,0.6501690332795196
nw6,2E,3,False,full_record,3.7,0.05872448598166699,1.6883835055801594e-20,214,82,0.6397800222159591,0.03188333993223958,0.8555711809293955,0.6537974890959012
nw6,2E,3,False,comparison_window,3.8,0.05687911866005549,1.4227790332266918e-10,100,82,0.6452521680514807,-0.021060774845203696,0.8570245498991886,0.6513684938374709
nw6,2E,3,False,full_record,3.8,0.05714172027972744,2.0400183067061082e-20,214,82,0.6504945924667631,0.017890165416598096,0.8569123705032796,0.6549079654479771
nw6,2E,3,False,comparison_window,3.9,0.05531585486656776,1.6155646789543665e-10,100,82,0.6348900963745234,-0.035272527539639206,0.8581491035526879,0.6520460586272816
nw6,2E,3,False,full_record,3.9,0.05563860966701512,2.447806511631406e-20,214,82,0.6553151471841547,0.004028223715949469,0.8580118430493594,0.6555389002958087
nw6,2E,3,False,comparison_window,4.0,0.05383235757991416,1.824910617463177e-10,100,82,0.6186183272671781,-0.04934895924259681,0.859015312669898,0.6521996590400372
nw6,2E,3,False,full_record,4.0,0.05420951906415101,2.917620315268263e-20,214,82,0.6543910322359127,-0.00970289640149225,0.8588737507259985,0.6556892415132896
nw6,2E,3,False,comparison_window,4.1,0.05242292742703119,2.0512086381758963e-10,100,82,0.5965942832584743,-0.06329016504363581,0.8596283341552294,0.6518292855002991
nw6,2E,3,False,full_record,4.1,0.05284931155583445,3.4555334685662573e-20,214,82,0.6478710350832635,-0.023303802685827997,0.8595027813523167,0.6553595467109024
nw6,2E,3,False,comparison_window,4.2,0.05108237251638256,2.2947916045594097e-10,100,82,0.5689750188067169,-0.07709652504823386,0.8599939115545329,0.6509368262238644
nw6,2E,3,False,full_record,4.2,0.05155329699485588,4.0677902569591334e-20,214,82,0.6359029215920365,-0.03677529196583092,0.8599040903802074,0.6545518627345567
nw6,2E,3,False,comparison_window,4.3,0.04980595581287997,2.555934315236941e-10,100,82,0.5359165737260472,-0.09076868748878607,0.8601182980272825,0.6495259121387156
nw6,2E,3,False,full_record,4.3,0.05031718648901808,4.76077348516347e-20,214,82,0.6186330060097812,-0.050118341410572725,0.86008324023657,0.6532696096689903
nw6,2E,3,False,comparison_window,4.4,0.04858934855734505,2.8348548800037166e-10,100,82,0.49757338847193955,-0.10430755119057486,0.8600081872781905,0.6476017681660351
nw6,2E,3,False,full_record,4.4,0.049137052060031036,5.54097196430891e-20,214,82,0.5962057563359182,-0.063334098791806,0.8600461459749258,0.6515174694832708
nw6,2E,3,False,comparison_window,4.5,0.04742858899844764,3.131716523352149e-10,100,82,0.4540977806263895,-0.11771424765662519,0.8596706512134458,0.6451710708642531
nw6,2E,3,False,full_record,4.5,0.04800929084786257,6.4149479581444e-20,214,82,0.568763436232767,-0.07642387200704424,0.8597990262798086,0.6493012793063351
nw6,2E,3,False,comparison_window,4.6,0.04632004579208788,3.446629734191437e-10,100,82,0.4056394810663072,-0.13099012300085122,0.8591130832507684,0.6422418123363411
nw6,2E,3,False,full_record,4.6,0.046930593310238654,7.389305000321998e-20,214,82,0.5364457837802356,-0.08938911808721652,0.8593483589870222,0.6466279292402843
nw6,2E,3,False,comparison_window,4.7,0.04526038550177443,3.7796546873624134e-10,100,82,0.35234522765680276,-0.14413671992580473,0.8583431463813717,0.6388231702557876
nw6,2E,3,False,full_record,4.7,0.04589791493502578,8.470656446364446e-20,214,82,0.49938972671307924,-0.10223143188350346,0.8587008404065211,0.6435052645838626
nw6,2E,3,False,comparison_window,4.8,0.04424654370364539,4.1308038699213313e-10,100,82,0.29435841384709205,-0.15715575991022535,0.8573687252448144,0.6349253838572013
nw6,2E,3,False,full_record,4.8,0.04490845104342539,9.665595074635448e-20,214,82,0.4577291332812117,-0.11495253459529668,0.8578633478548049,0.6399419923303258
nw6,2E,3,False,comparison_window,4.9,0.043275699261859965,4.500044852655478e-10,100,82,0.23181878922081378,-0.1700491257443893,0.8561978816277995,0.6305596357468373
nw6,2E,3,False,full_record,4.9,0.04395961431492034,1.0980664000904491e-19,214,82,0.41159459748894667,-0.12755426227861266,0.8568429049153422,0.6359475918121764
nw6,2E,3,False,comparison_window,5.0,0.04234525139469792,4.887303154597357e-10,100,82,0.16486220884072122,-0.18281884452663208,0.854838812931268,0.6257379394067045
nw6,2E,3,False,full_record,5.0,0.04304901471133955,1.2422329123418952e-19,214,82,0.361113257192046,-0.1400385544504273,0.8556466490459456,0.6315322293808456
nw6,2E,3,False,comparison_window,5.1,0.04145279919956449,5.29246515538878e-10,100,82,0.0936204281002656,-0.19546707121366358,0.8532998132649033,0.6204730322860456
nw6,2E,3,False,full_record,5.1,0.04217444151800608,1.3996953269466107e-19,214,82,0.30640864333376294,-0.1524074428848278,0.8542818012397282,0.6267066770276141
nw6,2E,3,False,comparison_window,5.2,0.04059612334691909,5.715381016858506e-10,100,82,0.018220939756512955,-0.20799607279550372,0.8515892369240116,0.6147782743919172
nw6,2E,3,False,full_record,5.2,0.04133384725530077,1.571077217251105e-19,214,82,0.2476005584690143,-0.16466304067963947,0.8527556375208692,0.6214822348695451
nw6,2E,3,False,comparison_window,5.3,0.03977316968959699,6.155867581416863e-10,100,82,-0.06121315019156692,-0.22040821315263237,0.8497154640812944,0.6086675523047298
nw6,2E,3,False,full_record,5.3,0.04052533324482041,1.7569872369532143e-19,214,82,0.18480498264560108,-0.17680753165727917,0.8510754621183139,0.6158706574389553
nw6,2E,3,False,comparison_window,5.4,0.038982034565758716,6.613711220261587e-10,100,82,-0.14456321105632086,-0.23270593863619504,0.8476868685866903,0.6021551885532546
nw6,2E,3,False,full_record,5.4,0.03974713664112257,1.9580171073527196e-19,214,82,0.1181340046769419,-0.188843160149863,0.8492485822103029,0.6098840837261226
nw6,2E,3,False,comparison_window,5.5,0.038220951601318776,7.088670609567886e-10,100,82,-0.23171514363434498,-0.24489176439898,0.8455117878137574,0.5952558562870613
nw6,2E,3,False,full_record,5.5,0.038997618763393,2.1747398045014415e-19,214,82,0.047695776829433933,-0.20077222120884214,0.847282284171492,0.6035349709323694
nw6,2E,3,False,comparison_window,5.6,0.03748827984175242,7.580479417104636e-10,100,82,-0.3225594070997555,-0.25696826149761026,0.8431984945230457,0.5879844991835359
nw6,2E,3,False,full_record,5.6,0.03827525458168183,2.407707945940483e-19,214,82,-0.026405509019963525,-0.21259705126741826,0.8451838112834237,0.596836031894098
nw6,2E,3,False,comparison_window,5.7,0.036782493064077625,8.088848885780429e-10,100,82,-0.41699101956530416,-0.26893804477286876,0.840755170733435,0.5803562565210003
nw6,2E,3,False,full_record,5.7,0.03757862323003735,2.657452374334657e-19,214,82,-0.10406962566935252,-0.2243200192780082,0.8429603428896506,0.589800176138737
nw6,2E,3,False,comparison_window,5.8,0.03610217013800911,8.613470303976358e-10,100,82,-0.5149095351254003,-0.28080376150896164,0.8381898836034746,0.5723863933410355
nw6,2E,3,False,full_record,5.8,0.03690639943425133,2.924480933442297e-19,214,82,-0.18520029716542785,-0.23594351833774097,0.840618974990042,0.5824404545308765
nw6,2E,3,False,comparison_window,5.9,0.03544598632112227,9.154017355476771e-10,100,82,-0.6162190000580934,-0.29256808086768893,0.8355105633281819,0.5640902356125692
nw6,2E,3,False,full_record,5.9,0.03625734575535705,3.2092774301422005e-19,214,82,-0.26970516944697986,-0.24746995781027575,0.8381667022760682,0.5747700074619847
nw6,2E,3,False,comparison_window,6.0,0.03481270538666424,9.71014834433268e-10,100,82,-0.720827890678347,-0.3042336840839881,0.8327249830542793,0.555483110297337
nw6,2E,3,False,full_record,6.0,0.03563030556171501,3.512300775035423e-19,214,82,-0.3574957667554275,-0.25890175594595427,0.8356104016111954,0.5668020165305852
nw6,2E,3,False,comparison_window,6.1,0.034201172494685406,1.0281508292136285e-09,100,82,-0.8286490352070777,-0.3158032554090309,0.8298407408099641,0.5465802902036794
nw6,2E,3,False,full_record,6.1,0.03502419665274818,3.833984292998224e-19,214,82,-0.4484874354328092,-0.27024133299916947,0.8329568169591345,0.5585496596519643
nw6,2E,3,False,comparison_window,6.2,0.03361030772766557,1.0867730907001932e-09,100,82,-0.9395995218257158,-0.3272794737787103,0.826865243435368,0.537396943501705
nw6,2E,3,False,full_record,6.2,0.03443800546630297,4.174735194481079e-19,214,82,-0.54259927662005,-0.28149110483543927,0.8302125457583501,0.550026069527903
nw6,2E,3,False,comparison_window,6.3,0.03303910022099128,1.1468440424922924e-09,100,82,-1.053600594955336,-0.33866500518591464,0.8238056924881211,0.5279480877602644
nw6,2E,3,False,full_record,6.3,0.03387078180944544,4.534934197574043e-19,214,82,-0.6397540693078863,-0.2926534770220212,0.8273840267349859,0.5412442953986281
nw6,2E,3,False,comparison_window,6.4,0.032486602826659425,1.208325332556691e-09,100,82,-1.170577541634259,-0.34996249573116844,0.8206690720856802,0.5182485483538661
nw6,2E,3,False,full_record,6.4,0.03332163405932427,4.914935290810132e-19,214,82,-0.7398781850575749,-0.30373083938734324,0.8244775291387226,0.5322172679898853
nw6,2E,3,False,comparison_window,6.5,0.03195192725561737,1.2711779925301473e-09,100,82,-1.290459569711504,-0.3611745653237875,0.8174621386333497,0.5083129210765438
nw6,2E,3,False,full_record,6.5,0.032789724786753245,5.315065626199648e-19,214,82,-0.8429014956654381,-0.3147255610391033,0.8214991433778535,0.5229577675606083
nw6,2E,3,False,comparison_window,6.6,0.03143423965031139,1.3353625851282677e-09,100,82,-1.413179679425495,-0.37230380200423957,0.8141914123745999,0.4981555387900751
nw6,2E,3,False,full_record,6.6,0.03227426676042228,5.735625532274333e-19,214,82,-0.9487572749011459,-0.32563998582226084,0.8184547730213565,0.5134783949481945
nw6,2E,3,False,comparison_window,6.7,0.030932756544418943,1.400839340072589e-09,100,82,-1.5386745298222868,-0.3833527568599431,0.8108631706890012,0.487790441926085
nw6,2E,3,False,full_record,6.7,0.03177451929429314,6.176888636776288e-19,214,82,-1.0573820954188196,-0.33647642820408974,0.8153501281275803,0.5037915455023697
nw6,2E,3,False,comparison_window,6.8,0.03044674117150274,1.467568279018037e-09,100,82,-1.6668843012832322,-0.3943239395009824,0.8074834430531815,0.47723135265453875
nw6,2E,3,False,full_record,6.8,0.031289784904797564,6.639102089039288e-19,214,82,-1.1687157217933097,-0.34723716956513123,0.8121907198513498,0.49390938579188104
nw6,2E,3,False,comparison_window,6.9,0.029975500088496625,1.5355093299799573e-09,100,82,-1.7977525553731852,-0.4052198140687849,0.8040580075717179,0.4664916525271037
nw6,2E,3,False,full_record,6.9,0.0308194062480782,7.122486872151002e-19,214,82,-1.2827010006007948,-0.35792445488014757,0.8089818562745054,0.4838438329638848
nw6,2E,3,False,comparison_window,7.0,0.029518380083637615,1.6046224317690703e-09,100,82,-1.9312260930277905,-0.41604279574361197,0.8005923889782771,0.4555843633998603
nw6,2E,3,False,full_record,7.0,0.03036276331065688,7.627238195698628e-19,214,82,-1.3992837483533713,-0.3685404897691842,0.8057286393987256,0.47360653663164487
nw6,2E,3,False,comparison_window,7.1,0.02907476534168699,1.6748676289888464e-09,100,82,-2.0672548120546694,-0.42679524772357946,0.7970918580021369,0.4445221314389708
nw6,2E,3,False,full_record,7.1,0.02991927082974539,8.1535259598312655e-19,214,82,-1.5184126380341931,-0.37908743790005955,0.80243596323461,0.4632088631632396
nw6,2E,3,False,comparison_window,7.2,0.02864407484218376,1.74620515809348e-09,100,82,-2.205791564752121,-0.437479478642234,0.7935614319920498,0.43331721401228096
nw6,2E,3,False,full_record,7.2,0.029488375921876586,8.701495282373531e-19,214,82,-1.6400390848990978,-0.38956741872263073,0.7991085129169785,0.4526618822419407
nw6,2E,3,False,comparison_window,7.3,0.028225759968984267,1.8185955250833475e-09,100,82,-2.346792016411913,-0.4480977403978705,0.790005876687497,0.4219814692714038
nw6,2E,3,False,full_record,7.3,0.029069555900748632,9.2712670806453e-19,214,82,-1.764117132152578,-0.3999825055162931,0.7957507647735415,0.4419763555682491
nw6,2E,3,False,comparison_window,7.4,0.02781930231162728,1.891999575313668e-09,100,82,-2.490214505347919,-0.4586522263653853,0.7864297090273389,0.4105263482314986
nw6,2E,3,False,full_record,7.4,0.028662316267119098,9.86293870040939e-19,214,82,-1.8906033370387516,-0.4103347237319451,0.7923669872722667,0.43116272757312746
nw6,2E,3,False,comparison_window,7.5,0.027424211641028262,1.9663785559571235e-09,100,82,-2.6360199049814823,-0.4691450699603264,0.7828372008867711,0.3989628891589454
nw6,2E,3,False,full_record,7.5,0.028266188855308863,1.0476584585102145e-18,214,82,-2.01945665780284,-0.42062604960777006,0.7889612427718221,0.42023111801267
nw6,2E,3,False,comparison_window,7.6,0.0270400240438021,2.0416941716030388e-09,100,82,-2.784171488529299,-0.4795783435332843,0.779232383635929,0.3873017140828967
nw6,2E,3,False,full_record,7.6,0.02788073012244665,1.1112256978173716e-18,214,82,-2.15063834198378,-0.43085840904418343,0.7855373899997551,0.4091913163166734
nw6,2E,3,False,comparison_window,7.7,0.026666300201075625,2.117908633470502e-09,100,82,-2.9346347966475252,-0.4899540575639191,0.775619053416691,0.37555302725107975
nw6,2E,3,False,full_record,7.7,0.027505519567914867,1.1769986653172105e-18,214,82,-2.2841118163701366,-0.4410336767167441,0.7820990871836336,0.3980527775645816
nw6,2E,3,False,comparison_window,7.8,0.026302623799058747,2.1949847027015744e-09,100,82,-3.087377508422146,-0.5002741601332205,0.7720007770383944,0.36372661535708206
nw6,2E,3,False,full_record,7.8,0.027140158271731777,1.244978366495139e-18,214,82,-2.419842578964125,-0.45115367541200063,0.7786497957623596,0.38682461996643924
nw6,2E,3,False,comparison_window,7.9,0.025948600059897048,2.2728857281605143e-09,100,82,-3.242369315975095,-0.5105405366488217,0.7683808983980639,0.3518318493730319
nw6,2E,3,False,full_record,7.9,0.02678426754164602,1.3151638117761635e-18,214,82,-2.5577980932147337,-0.46122017556828315,0.775192784606653,0.3755156237285454
nw6,2E,3,False,comparison_window,8.0,0.02560385438243642,2.351575679159384e-09,100,82,-3.399581802934513,-0.5207550098018524,0.7647625453360102,0.33987768782884054
nw6,2E,3,False,full_record,8.0,0.02643748765974002,1.387552094469213e-18,214,82,-2.6979476847692823,-0.47123489500665733,0.7717311346808318,0.3641342311884236
nw5,2F,3,False,comparison_window,0.5,0.12442056482000437,0.00012362976707497677,100,82,0.26937984019620886,0.17410641182127873,0.8101631917810311,0.6109163635396329
nw5,2F,3,False,full_record,0.5,0.11605973829620068,4.9232264012686145e-09,243,82,0.1229823950814597,0.21209885402279036,0.8226292775167163,0.6298380157611629
nw5,2F,3,False,comparison_window,0.6,0.12816845856647446,4.00861472943937e-05,100,82,0.3428414188984792,0.1568539537397304,0.813176779576619,0.6200448256235703
nw5,2F,3,False,full_record,0.6,0.1211558861179904,2.3665291091470665e-10,243,82,0.20730420433515306,0.19487245949094525,0.8235756258214045,0.6351709715073628
nw5,2F,3,False,comparison_window,0.7,0.12979311340362892,1.4474247069602913e-05,100,82,0.4119545575476291,0.1401063983381326,0.8184300266098127,0.633123204368487
nw5,2F,3,False,full_record,0.7,0.12397784454674195,1.4093371501155933e-11,243,82,0.2898802496333521,0.1775734748054463,0.8270931040483449,0.6451545633426201
nw5,2F,3,False,comparison_window,0.8,0.1296553761827362,5.912524688084926e-06,100,82,0.4761008478247578,0.12375284742277452,0.8252350030068953,0.6486520635948874
nw5,2F,3,False,full_record,0.8,0.12485521483719242,1.1114562978101464e-12,243,82,0.36898200411975246,0.16020818067559991,0.8324506069927744,0.6581678282462651
nw5,2F,3,False,comparison_window,0.9,0.128135690921081,2.7444149872818995e-06,100,82,0.5347407149231085,0.10772780988238079,0.833027473527787,0.6654972140355129
nw5,2F,3,False,full_record,0.9,0.12416666026359006,1.1998911256167304e-13,243,82,0.44320237473291346,0.14280224754111043,0.8390401260003599,0.6729641130962474
nw5,2F,3,False,comparison_window,1.0,0.12559004818336666,1.441617975904623e-06,100,82,0.5874956762647876,0.09199101298197904,0.8413634666256953,0.6828407865226783
nw5,2F,3,False,full_record,1.0,0.12228441917531371,1.783176255189246e-14,243,82,0.5114954140453309,0.12538599418577104,0.8463776350720912,0.6886309429855979
nw5,2F,3,False,comparison_window,1.1,0.12232615803003663,8.487930552457588e-07,100,82,0.6341513301525613,0.07651653525022593,0.8499072328442325,0.7001170363009501
nw5,2F,3,False,full_record,1.1,0.11954082103923924,3.5969629001436416e-15,243,82,0.5731364399865522,0.10798835441845993,0.854092328757818,0.7045261848467144
nw5,2F,3,False,comparison_window,1.2,0.11859512848923835,5.531739253316765e-07,100,82,0.6746302165724156,0.06128683545821392,0.8584144933410942,0.7169498616926966
nw5,2F,3,False,full_record,1.2,0.11621338516038476,9.594293173622156e-16,243,82,0.6276588412508923,0.09063472625946904,0.8619100631117181,0.720213200309993
nw5,2F,3,False,comparison_window,1.3,0.11459295555666092,3.9369213842433465e-07,100,82,0.7089578090819061,0.04628942801583662,0.8667142938987529,0.7330996982384039
nw5,2F,3,False,full_record,1.3,0.11252259568022493,3.277243066928388e-16,243,82,0.674791646125993,0.07334654322496374,0.8696348867025493,0.7354048058579548
nw5,2F,3,False,comparison_window,1.4,0.11046708411331319,3.019528520142638e-07,100,82,0.7372315733479498,0.03151502108365299,0.874691887039071,0.7484219016193701
nw5,2F,3,False,full_record,1.4,0.10863682242268734,1.3862809191639988e-16,243,82,0.7144068012690801,0.056141573388422544,0.877131351207677,0.7499189362135423
nw5,2F,3,False,comparison_window,1.5,0.10632480992376363,2.465518076710205e-07,100,82,0.759596391046466,0.016956473158530733,0.8822740176266395,0.762835896208779
nw5,2F,3,False,full_record,1.5,0.1046803491950498,7.031105803002474e-17,243,82,0.7464781239420508,0.039034482030255946,0.8843091497127421,0.7636455215007791
nw5,2F,3,False,comparison_window,1.6,0.10224164527204396,2.120134911458732e-07,100,82,0.7762265802299119,0.0026082063294975335,0.8894171009669299,0.776303226585887
nw5,2F,3,False,full_record,1.6,0.10074202177690739,4.1517585918628565e-17,243,82,0.7710509373741105,0.02203744070661898,0.8911106762459646,0.7765227338637255
nw5,2F,3,False,comparison_window,1.7,0.0982687355646714,1.902164002818378e-07,100,82,0.7873135197161176,-0.011534131429580149,0.8960981964983417,0.7888124361269726
nw5,2F,3,False,full_record,1.7,0.0968832148472869,2.780991993081128e-17,243,82,0.7882203994334744,0.005160684032461703,0.8975014585956351,0.7885204691461829
nw5,2F,3,False,comparison_window,1.8,0.09443900780708603,1.7665490791861054e-07,100,82,0.7930575634218046,-0.025473874570717914,0.9023083799068746,0.8003689144420576
nw5,2F,3,False,full_record,1.8,0.09314458333686028,2.066439078983529e-17,243,82,0.7981164319810315,-0.011587025559519697,0.9034630795425831,0.7996291276128056
nw5,2F,3,False,comparison_window,1.9,0.09077205198651782,1.6870429447416013e-07,100,82,0.7936630113242684,-0.039213486459111796,0.9080480205955532,0.8109882224986815
nw5,2F,3,False,full_record,1.9,0.08955149623582646,1.671436463710332e-17,243,82,0.8008934224196576,-0.028198034521706983,0.908988086884114,0.8098521287116184
nw5,2F,3,False,comparison_window,2.0,0.08727788266903186,1.647684426608417e-07,100,82,0.7893351318548368,-0.0527546802724176,0.9133234937412871,0.8206917786009126
nw5,2F,3,False,full_record,2.0,0.0861182618867064,1.448559881164892e-17,243,82,0.7967232429603495,-0.04466553025525632,0.9140764081323448,0.8192009812915813
nw5,2F,3,False,comparison_window,2.1,0.08395977563485787,1.6383914026574057e-07,100,82,0.780278483072532,-0.06609853182804847,0.9181449315665435,0.8295041092206004
nw5,2F,3,False,full_record,2.1,0.08285133455655444,1.3276103215846505e-17,243,82,0.7857904993013108,-0.06098335508386204,0.9187328607444246,0.8276920649697566
nw5,2F,3,False,comparison_window,2.2,0.0808163718626041,1.652574820099545e-07,100,82,0.7666960038216653,-0.0792455910619237,0.9225247068175154,0.837451118765859
nw5,2F,3,False,full_record,2.2,0.07975170431345872,1.2729205552319759e-17,243,82,0.7682892316544709,-0.07714588609684846,0.9229654392031206,0.8353445403653952
nw5,2F,3,False,comparison_window,2.3,0.07784321715165055,1.6857925305938954e-07,100,82,0.7487885238174528,-0.09219599308806076,0.9264764223397672,0.8445590153075697
nw5,2F,3,False,full_record,2.3,0.0768166530675173,1.2655461159314895e-17,243,82,0.7444205351979956,-0.09314796499239732,0.9267841437324561,0.8421789983408203
nw5,2F,3,False,comparison_window,2.4,0.07503387538215897,1.7349612827283277e-07,100,82,0.7267544728938421,-0.10494956705936957,0.9300142462818929,0.850853656813227
nw5,2F,3,False,full_record,2.4,0.07404102944421183,1.2952359725265309e-17,243,82,0.7143907481563387,-0.10898486371067329,0.9302001832732099,0.8482165929844199
nw5,2F,3,False,comparison_window,2.5,0.07238072417319287,1.79788005741518e-07,100,82,0.7007896612700135,-0.1175059401576764,0.9331524819245784,0.8563601679122554
nw5,2F,3,False,full_record,2.5,0.07141816406322815,1.3565602466213312e-17,243,82,0.6784099842529292,-0.12465227397099855,0.9332254364476398,0.8534784936178818
nw5,2F,3,False,comparison_window,2.6,0.06987551646448663,1.8729332262038865e-07,100,82,0.6710870634150219,-0.1298646341346762,0.9359052965912279,0.8611027326135104
nw5,2F,3,False,full_record,2.6,0.06894051916503094,1.4469294776091922e-17,243,82,0.6366908740152257,-0.14014631129867672,0.9358720908466224,0.8579855500959889
nw5,2F,3,False,comparison_window,2.7,0.06750977104668078,1.9589009012485776e-07,100,82,0.6378365762233682,-0.1420251523838875,0.938286558629016,0.8651045032738405
nw5,2F,3,False,full_record,2.7,0.06660014373258732,1.565527062713387e-17,243,82,0.5894474370934559,-0.1554635264391528,0.9381524062974889,0.8617581031049718
nw5,2F,3,False,comparison_window,2.8,0.06527503901127762,2.05483503469528e-07,100,82,0.6012247446644998,-0.15398705623156114,0.9403097480055942,0.8683875875595645
nw5,2F,3,False,full_record,2.8,0.0643889872500816,1.7127058012011077e-17,243,82,0.5368940441956548,-0.1706009190635549,0.9400785648941828,0.8648158944804398
nw5,2F,3,False,comparison_window,2.9,0.06316308081616148,2.1599769024437598e-07,100,82,0.5614344601245588,-0.1657500298207102,0.9419879170632766,0.8709730881139753
nw5,2F,3,False,full_record,2.9,0.062299111404104254,1.8896310438506125e-17,243,82,0.4792444492281831,-0.18555595031183264,0.941662581999748,0.8671780469559524
nw5,2F,3,False,comparison_window,3.0,0.06116597942510609,2.2737012481082155e-07,100,82,0.518644642151012,-0.17731393354299624,0.9433336852235756,0.8728811774626593
nw5,2F,3,False,full_record,3.0,0.060322828591808056,2.098059994974784e-17,243,82,0.4167108847180655,-0.20032655200429264,0.9429162600344966,0.8688630916870925
nw5,2F,3,False,comparison_window,3.1,0.05927620810455784,2.3954779614006574e-07,100,82,0.4730299158777711,-0.1886788464214279,0.9443592562260558,0.874131195482011
nw5,2F,3,False,full_record,3.1,0.058452788318602594,2.3401986895157428e-17,243,82,0.3495032200459889,-0.2149111313202509,0.9438511719571772,0.8698890275900653
nw5,2F,3,False,comparison_window,3.2,0.057486666383077194,2.524845502257493e-07,100,82,0.424760296812532,-0.19984509816060111,0.9450764496904934,0.874741759831741
nw5,2F,3,False,full_record,3.2,0.056682026816943364,2.6186045408368833e-17,243,82,0.2778281848202834,-0.22930857043851594,0.9444786648194871,0.8702734003480108
nw5,2F,3,False,comparison_window,3.3,0.0557906939488801,2.661392319809007e-07,100,82,0.37400089299545247,-0.21081329178298647,0.9454967409847707,0.8747308818771885
nw5,2F,3,False,full_record,3.3,0.055003990992847626,2.9361162777684355e-17,243,82,0.2018886603974509,-0.2435182211182124,0.944809876206989,0.8700333916713274
nw5,2F,3,False,comparison_window,3.4,0.05418206953177258,2.8047437881428297e-07,100,82,0.3209116324843849,-0.22158431787442515,0.9456313049312887,0.8741160822304028
nw5,2F,3,False,full_record,3.4,0.05341254471595868,3.295800706039083e-17,243,82,0.12188304210833245,-0.2575398945138101,0.9448557581422828,0.8691859114988427
nw5,2F,3,False,comparison_window,3.5,0.05265499982488738,2.9545529926469575e-07,100,82,0.2656470220350289,-0.23215936149944708,0.9454910600227177,0.872914501344987
nw5,2F,3,False,full_record,3.5,0.051901963214713936,3.700910030572963e-17,243,82,0.03800467377199279,-0.2713738467103021,0.9446271043509135,0.867747687534337
nw5,2F,3,False,comparison_window,3.6,0.05120410205278392,3.1104942287172416e-07,100,82,0.20835594094808796,-0.24253990283027305,0.9450867106858805,0.8711430017169215
nw5,2F,3,False,full_record,3.6,0.05046691969793587,4.1548459728400785e-17,243,82,-0.04955864506921426,-0.285020760566286,0.9441345778197123,0.8657353479488159
nw5,2F,3,False,comparison_window,3.7,0.049824382740351454,3.272258424310668e-07,100,82,0.14918147241004842,-0.25272771248452475,0.9444287858169556,0.8688182592189482
nw5,2F,3,False,full_record,3.7,0.04910246713297451,4.661128403290338e-17,243,82,-0.1406250798912576,-0.2984817244923683,0.9433887363987131,0.8631654943014666
nw5,2F,3,False,comparison_window,3.8,0.04851121447460386,3.4395499333688365e-07,100,82,0.0882607732938292,-0.2627248424954125,0.9435276723640844,0.8659568419465922
nw5,2F,3,False,full_record,3.8,0.04780401724720355,5.2233671095410674e-17,243,82,-0.23501911161364708,-0.31175820878908783,0.9424000548650405,0.8600547627695276
nw5,2F,3,False,comparison_window,3.9,0.04726031190049343,3.612084308161005e-07,100,82,0.025724982293660936,-0.27253361375516355,0.9423936431865639,0.8625752756846823
nw5,2F,3,False,full_record,3.9,0.046567318195204536,5.845235874907511e-17,243,82,-0.3325718192559657,-0.3248520401371564,0.9411789424137806,0.8564198726448058
nw5,2F,3,False,comparison_window,4.0,0.046067707794858845,3.7895867703824064e-07,100,82,-0.03830083459068967,-0.28215660068584975,0.9410368787923592,0.8586900957169477
nw5,2F,3,False,full_record,4.0,0.04538843188347326,6.530448384905951e-17,243,82,-0.43312109806860244,-0.33776537478875734,0.9397357549883268,0.8522776617644028
nw5,2F,3,False,comparison_window,4.1,0.044929729777737897,3.971791179288743e-07,100,82,-0.10369770284776969,-0.2915966138033128,0.9394674828605003,0.8543178852015849
nw5,2F,3,False,full_record,4.1,0.044263711620539783,7.282735691713606e-17,243,82,-0.53651181688421,-0.3505006709514141,0.93808080222588,0.847645109107298
nw5,2F,3,False,comparison_window,4.2,0.04384297801690792,4.1584393509305655e-07,100,82,-0.17035272463733442,-0.3008566807569685,0.9376954917004914,0.8494753007291599
nw5,2F,3,False,full_record,4.2,0.04318978052848366,8.105825096220704e-17,243,82,-0.6425959188187949,-0.3630606607991675,0.9362243490836857,0.8425393452206907
nw5,2F,3,False,comparison_window,4.3,0.04280430413736163,4.3492806225553825e-07,100,82,-0.23815903281054074,-0.3099400263496193,0.9357308779940106,0.8441790859745966
nw5,2F,3,False,full_record,4.3,0.0421635109867345,9.003420384855757e-17,243,82,-0.7512324696951633,-0.3754483224873825,0.9341766124368498,0.8369776514553231
nw5,2F,3,False,comparison_window,4.4,0.041810791446244035,4.54407158522688e-07,100,82,-0.3070157164255807,-0.31885005196731847,0.9335835493104309,0.8384460745628651
nw5,2F,3,False,full_record,4.4,0.041182005262531185,9.979183401118321e-17,243,82,-0.862287658699642,-0.3876668524919133,0.9319477531071069,0.8309774492031904
nw5,2F,3,False,comparison_window,4.5,0.0408597365136905,4.742575928765243e-07,100,82,-0.37682772055740466,-0.3275903147856048,0.9312633419922668,0.8322931834003046
nw5,2F,3,False,full_record,4.5,0.04024257740098305,1.1036716953506041e-16,243,82,-0.9756347558339751,-0.3997196385418179,0.9295478639004872,0.8245562804597744
nw5,2F,3,False,comparison_window,4.6,0.039948632102334763,4.944564358644749e-07,100,82,-0.4475057232377868,-0.336164507057198,0.9287800110743054,0.8257373977915904
nw5,2F,3,False,full_record,4.6,0.039342736391688914,1.2179549069206745e-16,243,82,-1.0911540306831484,-0.4116102333657097,0.9269869543071712,0.8177317810913479
nw5,2F,3,False,comparison_window,4.7,0.03907515140676937,5.149814555805975e-07,100,82,-0.5189659923682879,-0.34457643573571267,0.9261432169359473,0.8187957496783671
nw5,2F,3,False,full_record,4.7,0.038480170591189994,1.3411118601576886e-16,243,82,-1.2087326369532554,-0.4233423294314987,0.9242749325552473,0.8105216481901967
nw5,2F,3,False,comparison_window,4.8,0.038237133544227836,5.358111158801508e-07,100,82,-0.5911302253645625,-0.3528300026395743,0.9233625093944677,0.8114852903093535
nw5,2F,3,False,full_record,4.8,0.03765273335597151,1.4734762193652018e-16,243,82,-1.328264467066255,-0.4349197348176722,0.921421585717488,0.8029436028590284
nw5,2F,3,False,comparison_window,4.9,0.03743257022599298,5.569245753826399e-07,100,82,-0.6639253742423359,-0.36092918532546275,0.9204473099325232,0.8038230585942449
nw5,2F,3,False,full_record,4.9,0.03685842982553776,1.6153702590962918e-16,243,82,-1.4496499809443173,-0.4463463503230737,0.9184365585524312,0.7950153496920209
nw5,2F,3,False,comparison_window,5.0,0.03665959353296876,5.783016862850301e-07,100,82,-0.7372834586686281,-0.3688780187962918,0.9174068927201248,0.7958260463117744
nw5,2F,3,False,full_record,5.0,0.036095404786518834,1.7671038287079802e-16,243,82,-1.5727960128749925,-0.457626147888936,0.9153293317232672,0.7867545341228097
nw5,2F,3,False,comparison_window,5.1,0.035916464716818634,5.999229923330574e-07,100,82,-0.8111413694292524,-0.37668057814683764,0.914250365044103,0.7875111612453134
nw5,2F,3,False,full_record,5.1,0.03536193154482794,1.928973447503781e-16,243,82,-1.697615560169122,-0.4687631503863747,0.9121091999851905,0.7781786986981958
nw5,2F,3,False,comparison_window,5.2,0.0352015639486934,6.217697255606354e-07,100,82,-0.8854406645415194,-0.3843409622150373,0.9109866477001022,0.7788951892112762
nw5,2F,3,False,full_record,5.2,0.034656401732122886,2.101261526884375e-16,243,82,-1.8240275570069793,-0.4797614127931118,0.9087852508683959,0.7693052392155489
nw5,2F,3,False,comparison_window,5.3,0.034513380940047994,6.438238015659053e-07,100,82,-0.9601273601153149,-0.39186327828929834,0.9076244558373997,0.769994755833532
nw5,2F,3,False,full_record,5.3,0.03397731597422575,2.2842357149877805e-16,243,82,-1.951956636679471,-0.490625004770948,0.9053663443137967,0.760151361539088
nw5,2F,3,False,comparison_window,5.4,0.0338505063635656,6.660678132430952e-07,100,82,-1.0351517178731,-0.39925162789998625,0.9041722806777545,0.7608262888033497
nw5,2F,3,False,full_record,5.4,0.03332327535190824,2.4781483586933615e-16,243,82,-2.0813328851274457,-0.50135799463494,0.9018610936450375,0.750734039787421
nw5,2F,3,False,comparison_window,5.5,0.03321162400646098,6.884850229629469e-07,100,82,-1.110468031059673,-0.4065100937061619,0.9006383724594006,0.7514059812533915
nw5,2F,3,False,full_record,5.5,0.032692973588099694,2.6832360771599094e-16,243,82,-2.2120915884292107,-0.5119644346926173,0.8982778481866354,0.7410699764669368
nw5,2F,3,False,comparison_window,5.6,0.032595503592969595,7.110593532640686e-07,100,82,-1.18603441031639,-0.41364272747666725,0.8970307248879109,0.7417497567679311
nw5,2F,3,False,full_record,5.6,0.03208518989967442,2.8997194406299235e-16,243,82,-2.344172976661271,-0.5224483479231945,0.8946246777661805,0.7311755650141119
nw5,2F,3,False,comparison_window,5.7,0.032000994217473586,7.337753761632021e-07,100,82,-1.2618125709006036,-0.4206535391503135,0.8933570613090328,0.7318732364512145
nw5,2F,3,False,full_record,5.7,0.03149878245627978,3.127802747968081e-16,243,82,-2.4775219662515595,-0.5328137159526256,0.8909093592704176,0.7210668551059666
nw5,2F,3,False,comparison_window,5.8,0.03142701833432514,7.566183012058507e-07,100,82,-1.3377676224820139,-0.4275464869521977,0.8896248227562461,0.721791708383778
nw5,2F,3,False,full_record,5.8,0.030932682393034334,3.367673896053604e-16,243,82,-2.612087902762399,-0.5430644682784358,0.8871393653623102,0.7107595210041256
nw5,2F,3,False,comparison_window,5.9,0.030872566254853934,7.79573962404148e-07,100,82,-1.413867862586578,-0.4343254685349867,0.8858411579685236,0.7115200997121685
nw5,2F,3,False,full_record,5.9,0.03038588832815241,3.619504334136899e-16,243,82,-2.7478243057672205,-0.5532044726888065,0.8833218554094034,0.700268833112754
nw5,2F,3,False,comparison_window,6.0,0.030336691106263435,8.026288042114693e-07,100,82,-1.4900845745972942,-0.44099431310664877,0.8820129154224193,0.7010729515421907
nw5,2F,3,False,full_record,6.0,0.029857461340645302,3.883449096209813e-16,243,82,-2.884688617305048,-0.5632375268194337,0.8794636686239786,0.689609632856195
nw5,2F,3,False,comparison_window,6.1,0.029818504211093857,8.257698666753415e-07,100,82,-1.5663918311036502,-0.4475567745037542,0.8781466373777577,0.6904643967391821
nw5,2F,3,False,full_record,6.1,0.029346520367094786,4.159646904455958e-16,243,82,-3.0226419551442456,-0.5731673507847777,0.8755713193726378,0.678796310916608
nw5,2F,3,False,comparison_window,6.2,0.029317170849592372,8.489847699260146e-07,100,82,-1.6427663032251525,-0.4540165251622226,0.8742485558974962,0.6797081406802684
nw5,2F,3,False,full_record,6.2,0.028852237980103508,4.448220337108562e-16,243,82,-3.161648871968506,-0.5829975808242759,0.871650994577135,0.667842788816472
nw5,2F,3,False,comparison_window,6.3,0.02883190637077567,8.72261698115154e-07,100,82,-1.719187076467227,-0.4603771509404031,0.8703245907705119,0.6688174449544662
nw5,2F,3,False,full_record,6.3,0.028373836514376354,4.749276054062914e-16,243,82,-3.3016771213439,-0.5927317638968361,0.8677085530993652,0.6567625037834157
nw5,2F,3,False,comparison_window,6.4,0.028361972621048694,8.955893829623867e-07,100,82,-1.7956354734920819,-0.4666421467410996,0.8663803492397529,0.657805113963118
nw5,2F,3,False,full_record,6.4,0.027910584509469746,5.062905073980781e-16,243,82,-3.442697431226045,-0.6023733531617428,0.8637495269808861,0.6455683967963658
nw5,2F,3,False,comparison_window,6.5,0.027906674662171643,9.189570869950109e-07,100,82,-1.8720948841373017,-0.47281491288357547,0.8624211274185117,0.6466834843393969
nw5,2F,3,False,full_record,6.5,0.02746179344108411,5.389183096793487e-16,243,82,-3.5846832855872917,-0.611925704282064,0.8597791243908853,0.6342729036806503
nw5,2F,3,False,comparison_window,6.6,0.027465357752927175,9.423545866165543e-07,100,82,-1.948550602907162,-0.47889875217452577,0.8584519132623613,0.6354644170764047
nw5,2F,3,False,full_record,6.6,0.027026814715362956,5.728170865830154e-16,243,82,-3.7276107146271853,-0.6213920724889999,0.8558022341253245,0.6228879490953103
nw5,2F,3,False,comparison_window,6.7,0.027037404571267323,9.657721550759336e-07,100,82,-2.024989674082041,-0.48489686762758266,0.8544773909546782,0.6241592922316543
nw5,2F,3,False,full_record,6.7,0.02660503690302342,6.079914564176254e-16,243,82,-3.871458093920321,-0.6307756103478245,0.8518234314936276,0.6114249432376369
nw5,2F,3,False,comparison_window,6.8,0.026622232655841356,9.892005454470682e-07,100,82,-2.1014007445070124,-0.49081236078055474,0.8505019465575757,0.6127790060581042
nw5,2F,3,False,full_record,6.8,0.026195883192294038,6.444446240154324e-16,243,82,-4.016205952671874,-0.6400793661624703,0.8478469854270295,0.59989478107654
nw5,2F,3,False,comparison_window,6.9,0.026219292047801504,1.0126309736766634e-06,100,82,-2.177773924077811,-0.4966482305627883,0.8465296747782892,0.6013339704002996
nw5,2F,3,False,full_record,6.9,0.02579880904158472,6.821784257133948e-16,243,82,-4.161836791303614,-0.6493062829686059,0.8438768666439214,0.5883078439190426
nw5,2F,3,False,comparison_window,7.0,0.025828063115544083,1.036055101770666e-06,100,82,-2.2541006538816526,-0.5024073726659305,0.8425643867019432,0.589834114185861
nw5,2F,3,False,full_record,7.0,0.025413300014587963,7.211933763221311e-16,243,82,-4.308334908356335,-0.658459198056344,0.8399167567116562,0.5766740031091184
nw5,2F,3,False,comparison_window,7.1,0.02544805454664085,1.0594650211909679e-06,100,82,-2.330373581887233,-0.5080925793717012,0.8386096183451104,0.578288886837748
nw5,2F,3,False,full_record,7.1,0.02503886978210145,7.614887176846915e-16,243,82,-4.455686236743653,-0.6675408429749333,0.8359700578505913,0.5650026256578017
nw5,2F,3,False,comparison_window,7.2,0.025078801492699417,1.0828532364890885e-06,100,82,-2.406586446056124,-0.5137065397939338,0.834668639890487,0.5667072634318814
nw5,2F,3,False,full_record,7.2,0.024675058276325743,8.030624684340622e-16,243,82,-4.6038781892030505,-0.676553843965748,0.832039903334394,0.5533025816053327
nw5,2F,3,False,comparison_window,7.3,0.02471986385417616,1.1062126492405378e-06,100,82,-2.4827339647220548,-0.5192518404948335,0.8307444654699601,0.5550977514255506
nw5,2F,3,False,full_record,7.3,0.02432142998469042,8.459114746238654e-16,243,82,-4.752899512895516,-0.6855007227834705,0.8281291683500502,0.5415822529209955
nw5,2F,3,False,comparison_window,7.4,0.024370824693374378,1.1295365422984164e-06,100,82,-2.558811734012484,-0.5247309664337106,0.8268398633719456,0.5434683987852282
nw5,2F,3,False,full_record,7.4,0.02397757237145684,8.900314609084222e-16,243,82,-4.902740152914384,-0.6943838978581941,0.8242404811913835,0.5298495437522126
nw5,2F,3,False,comparison_window,7.5,0.024031288764920052,1.1528185644094672e-06,100,82,-2.634816132131535,-0.5301463022145431,0.8229573665579695,0.5318268033477149
nw5,2F,3,False,full_record,7.5,0.023643094416418656,9.35417081981073e-16,243,82,-5.053391124505393,-0.7032056857593636,0.8203762346708439,0.5181118918428096
nw5,2F,3,False,comparison_window,7.6,0.02370088115399467,1.1760527152030013e-06,100,82,-2.710744230197708,-0.5355001335917209,0.8190992833832965,0.5201801232545604
nw5,2F,3,False,full_record,7.6,0.02331762526097938,9.820619740461647e-16,243,82,-5.204844393733446,-0.7119683029228107,0.8165385976452658,0.5063762809488124
nw5,2F,3,False,comparison_window,7.7,0.023379246013463098,1.1992333305860965e-06,100,82,-2.786593709494167,-0.5407946492106953,0.815267708426218,0.5085350883079235
nw5,2F,3,False,full_record,7.7,0.023000812952777422,1.0299588060656865e-15,243,82,-5.357092766350857,-0.7206738676076695,0.8127295265625682,0.49464925409067284
nw5,2F,3,False,comparison_window,7.8,0.02306604539185172,1.2223550685395246e-06,100,82,-2.862362784775943,-0.5460319425451261,0.811464533340705,0.496898012103444
nw5,2F,3,False,full_record,7.8,0.022692323280816464,1.0790993305935281e-15,243,82,-5.510129784549977,-0.7293244020491534,0.808950776947136,0.48293692749075323
nw5,2F,3,False,comparison_window,7.9,0.02276095814482243,1.245412895346694e-06,100,82,-2.93805013338593,-0.5512140140041148,0.8076914576566544,0.48527480480480123
nw5,2F,3,False,full_record,7.9,0.022391838693771458,1.1294744340172779e-15,243,82,-5.663949631287354,-0.737921834776966,0.8052039147520262,0.4712450050555671
nw5,2F,3,False,comparison_window,8.0,0.02246367892346464,1.2684020722474445e-06,100,82,-3.0136548299448,-0.5563427731864576,0.803949999461632,0.4736709864342018
nw5,2F,3,False,full_record,8.0,0.022099057294794423,1.181074186063091e-15,243,82,-5.818547041872304,-0.7464680030725237,0.8014903275161938,0.4595787932733558
wmc2,2G,3,False,comparison_window,0.5,0.14144461790821633,9.995781067249614e-07,100,82,0.42439394805664776,0.13581143735180942,0.8254346833101048,0.6551909327764793
wmc2,2G,3,False,full_record,0.5,0.13840121837053004,4.779003642426035e-12,199,82,0.5126158164603118,0.10082500529966315,0.8247066722163074,0.6398178184256103
wmc2,2G,3,False,comparison_window,0.6,0.14243238604270894,2.610672165231733e-07,100,82,0.49444556577102305,0.11935367732631931,0.8331930060549197,0.6726953644814422
wmc2,2G,3,False,full_record,0.6,0.14276907919529613,9.728078785932904e-14,199,82,0.5664507342303937,0.08330696632750419,0.829611008687668,0.6532907870259915
wmc2,2G,3,False,comparison_window,0.7,0.14138848343570795,8.31450268255217e-08,100,82,0.5582355034708798,0.10326842470347632,0.8420532477420676,0.6916775038946493
wmc2,2G,3,False,full_record,0.7,0.14429048302629244,2.9356406355885135e-15,199,82,0.6161666709630726,0.06567433948367277,0.8365075549365708,0.6701362296291864
wmc2,2G,3,False,comparison_window,0.8,0.13879949997260405,3.239991909409029e-08,100,82,0.6152456479267285,0.087504360649432,0.8514524779996436,0.7110569696756168
wmc2,2G,3,False,full_record,0.8,0.14349509464180404,1.4308333770668347e-16,199,82,0.6598967234187768,0.04796616853742161,0.8446508735086333,0.688685784268827
wmc2,2G,3,False,comparison_window,0.9,0.1351129959404258,1.527909448028396e-08,100,82,0.6651873565001021,0.07202961945376675,0.8609650463394382,0.730107531242931
wmc2,2G,3,False,full_record,0.9,0.14094679525792098,1.158475543174024e-17,199,82,0.6963248729124187,0.03022454303339926,0.8534480041231803,0.707755680815279
wmc2,2G,3,False,comparison_window,1.0,0.13070649714592922,8.549432299685124e-09,100,82,0.7079689550525174,0.0568232259448409,0.8702871769087255,0.7483715454682103
wmc2,2G,3,False,full_record,1.0,0.13716462594823453,1.533003038339565e-18,199,82,0.7246076827827277,0.012487695694646667,0.8624515391085168,0.7265589738378506
wmc2,2G,3,False,comparison_window,1.1,0.12587889061776175,5.543715018008057e-09,100,82,0.7436450756631264,0.041870436696438425,0.8792154641218874,0.7655818324599688
wmc2,2G,3,False,full_record,1.1,0.13258335282463313,3.1710933348241896e-19,199,82,0.7442654060165559,-0.00521208612657895,0.8713422281649051,0.7446053290600859
wmc2,2G,3,False,comparison_window,1.2,0.12085523681023976,4.066347934495518e-09,100,82,0.7723685983734158,0.027160200269968265,0.8876238180311593,0.7815990590273554
wmc2,2G,3,False,full_record,1.2,0.1275432583595387,9.669991435705905e-20,199,82,0.7550793745911093,-0.022848542846086076,0.8799055285995695,0.7616117999527272
wmc2,2G,3,False,comparison_window,1.3,0.11579782689094753,3.298719182947011e-09,100,82,0.7943525206675822,0.012683793030542697,0.8954422610535885,0.7963655760954076
wmc2,2G,3,False,full_record,1.3,0.12229692459479444,4.0848319100186205e-20,199,82,0.757008918189952,-0.040400747616862076,0.8880068872591111,0.777432703805385
wmc2,2G,3,False,comparison_window,1.4,0.11081887932501647,2.9010545212285922e-09,100,82,0.809842746407743,-0.0015658899098664808,0.9026393885068678,0.809873428141062
wmc2,2G,3,False,full_record,1.4,0.11702348562918767,2.252818475818419e-20,199,82,0.750129735519816,-0.05785216595095265,0.8955693477919439,0.7920087724733493
wmc2,2G,3,False,comparison_window,1.5,0.10599241743319229,2.719292980546807e-09,100,82,0.819100220370659,-0.015594688228815861,0.9092089684901715,0.8221432825951173
wmc2,2G,3,False,full_record,1.5,0.11184445999222298,1.5386519817766122e-20,199,82,0.7345909580382562,-0.07518970449428487,0.9025553104057129,0.8053324468200576
wmc2,2G,3,False,comparison_window,1.6,0.10136430000460393,2.6787039271149613e-09,100,82,0.8223901201250238,-0.029407350811902735,0.9151603266505974,0.8332111661542588
wmc2,2G,3,False,full_record,1.6,0.10683818621555376,1.2439975900804371e-20,199,82,0.7105867574792566,-0.09240285526216799,0.9089528098972346,0.8174253657016255
wmc2,2G,3,False,comparison_window,1.7,0.09696018800834183,2.7414468982553257e-09,100,82,0.8199759275063704,-0.04300763360322721,0.920511793464726,0.8431204664524573
wmc2,2G,3,False,full_record,1.7,0.1020517375383856,1.1468546992222072e-20,199,82,0.678338447412284,-0.10948298120237629,0.9147658127036714,0.8283244286920524
wmc2,2G,3,False,comparison_window,1.8,0.09279162080162984,2.8881584726199996e-09,100,82,0.8121166163200914,-0.05639837709467639,0.9252864316976239,0.8519173111113205
wmc2,2G,3,False,full_record,1.8,0.09751018553340236,1.1694971180111287e-20,199,82,0.6380837028815899,-0.126422756008045,0.9200076881288579,0.8380735492886612
wmc2,2G,3,False,comparison_window,1.9,0.08886051962362435,3.10934228961524e-09,100,82,0.799065661403808,-0.06958159046957167,0.9295093601478234,0.8596480151321477
wmc2,2G,3,False,full_record,1.9,0.09322352428218408,1.287410204556389e-20,199,82,0.5900703309405296,-0.14321575139698434,0.9246969906634401,0.8467189969760605
wmc2,2G,3,False,comparison_window,2.0,0.08516245417096097,3.4010602021641517e-09,100,82,0.7810709888172039,-0.08255855172306696,0.9332061427510123,0.8663577399661726
wmc2,2G,3,False,full_record,2.0,0.08919170377293026,1.5006694982729823e-20,199,82,0.5345527696695337,-0.1598561536782323,0.928854827152549,0.8543068960980557
wmc2,2G,3,False,comparison_window,2.1,0.08168897074711245,3.7626358495484e-09,100,82,0.7583753119493839,-0.095329923217121,0.9364018622147064,0.8720898328470635
wmc2,2G,3,False,full_record,2.1,0.08540821234056709,1.824402270920085e-20,199,82,0.4717900986802068,-0.176338586070994,0.9325032623202444,0.8608819610211076
wmc2,2G,3,False,comparison_window,2.2,0.07842922569973723,4.195355610900048e-09,100,82,0.7312165328650125,-0.10789587743803003,0.9391206203983986,0.8768855338594091
wmc2,2G,3,False,full_record,2.2,0.08186258217841817,2.2860316063278718e-20,199,82,0.40204479751515787,-0.19265801222132167,0.9356643814629856,0.8664869077296449
wmc2,2G,3,False,comparison_window,2.3,0.07537111353754396,4.701690714545132e-09,100,82,0.6998280460905946,-0.1202562262499586,0.94138529854022,0.8807838769784182
wmc2,2G,3,False,full_record,2.3,0.07854211351843181,2.925329869106666e-20,199,82,0.32558180650793045,-0.20880969814804326,0.9383597588894018,0.8711622199979361
wmc2,2G,3,False,comparison_window,2.4,0.07250203236062311,5.284805753644672e-09,100,82,0.6644388812328927,-0.13241054727816154,0.9432174729290544,0.8838216941366043
wmc2,2G,3,False,full_record,2.4,0.07543304116144929,3.795843978968159e-20,199,82,0.24266765504349963,-0.224789213156872,0.9406101731916213,0.8749460959885729
wmc2,2G,3,False,comparison_window,2.5,0.06980939179488344,5.9482327158589676e-09,100,82,0.6252736782660773,-0.1443583022682654,0.9446374223276183,0.8860336775900186
wmc2,2G,3,False,full_record,2.5,0.07252130799179382,4.9671090528263763e-20,199,82,0.1535695530078045,-0.2405924541267544,0.9424354720268142,0.8778744871670421
wmc2,2G,3,False,comparison_window,2.6,0.06728093988320245,6.695645751977043e-09,100,82,0.5825525189109719,-0.15609894376086916,0.9456641888329985,0.887452479581497
wmc2,2G,3,False,full_record,2.6,0.0697930644223024,6.527376055288356e-20,199,82,0.05855441690822616,-0.2562156813645979,0.9438545279822411,0.8799811880346323
wmc2,2G,3,False,comparison_window,2.7,0.06490496391507447,7.530700647024436e-09,100,82,0.5364906496658659,-0.16763200786054772,0.946315669129164,0.8881088391257669
wmc2,2G,3,False,full_record,2.7,0.06723497860304412,8.586694681185473e-20,199,82,-0.042112158283574175,-0.27165555758580906,0.9448852506210302,0.8812979581860635
wmc2,2G,3,False,comparison_window,2.8,0.06267040441878119,8.456918166978708e-09,100,82,0.4872981340396353,-0.17895719210015315,0.9466087220166476,0.8880317297908212
wmc2,2G,3,False,full_record,2.8,0.06483441732987462,1.1280234929301308e-19,199,82,-0.14816695328724716,-0.28690918435913065,0.9455446335433678,0.8818546680769139
wmc2,2G,3,False,comparison_window,2.9,0.06056691011518667,9.477598735736499e-09,100,82,0.4351794682055905,-0.19007441835069994,0.9465592832401516,0.8872485232769165
wmc2,2G,3,False,full_record,2.9,0.06257953968968193,1.4771744646104408e-19,199,82,-0.25935017203461075,-0.3019741325286635,0.9458488231199683,0.8816794631458268
wmc2,2G,3,False,comparison_window,3.0,0.05858485341898416,1.0595760522067297e-08,100,82,0.3803331886431742,-0.2009838814089671,0.9461824815930364,0.8857851634173577
wmc2,2G,3,False,full_record,3.0,0.060459332741683684,1.9257043938392833e-19,199,82,-0.3754064523435614,-0.3168484647494273,0.9458131999683979,0.8807989413442809
wmc2,2G,3,False,comparison_window,3.1,0.05671532020483175,1.1814095663879807e-08,100,82,0.32295149411947166,-0.21168608434269323,0.9454927520379258,0.8836663449416478
wmc2,2G,3,False,full_record,3.1,0.05846360953429812,2.496745863398284e-19,199,82,-0.4960858149549232,-0.3315307494277379,0.9454524667824941,0.8792383386818137
wmc2,2G,3,False,comparison_window,3.2,0.05495008338224052,1.3134940913901914e-08,100,82,0.2632198985045152,-0.22218186193403272,0.9445039427101047,0.880915691354329
wmc2,2G,3,False,full_record,3.2,0.05658298343093139,3.2173097369562087e-19,199,82,-0.6211445324199907,-0.34602006614005026,0.944780737681978,0.8770217170281999
wmc2,2G,3,False,comparison_window,3.3,0.05328156686600005,1.456025993693152e-08,100,82,0.20131692582689342,-0.23247239368213882,0.9432294134743531,0.8775559266768089
wmc2,2G,3,False,full_record,3.3,0.05480882828907037,4.118588180087653e-19,199,82,-0.7503459053062269,-0.3603160030995332,0.9438116253135606,0.8741721484575362
wmc2,2G,3,False,comparison_window,3.4,0.05170280444087964,1.6091635089390407e-08,100,82,0.1374138548061431,-0.2425592078414083,0.9416821243450386,0.873609036510707
wmc2,2G,3,False,full_record,3.4,0.05313323094711907,5.23622472037869e-19,199,82,-0.8834609383870966,-0.3744186475281549,0.9425583227588317,0.8707118908990239
wmc2,2G,3,False,comparison_window,3.5,0.05020739655012146,1.7730266914442426e-08,100,82,0.07167451677368009,-0.25244417792373824,0.939874712628036,0.8690964147945801
wmc2,2G,3,False,full_record,3.5,0.05154894032510362,6.610544113288896e-19,199,82,-1.0202689137105567,-0.3883285699308807,0.9410336780070412,0.866662550670916
wmc2,2G,3,False,comparison_window,3.6,0.048789467007579385,1.9476979873665314e-08,100,82,0.004255148361705374,-0.2621295129971407,0.9378195581312473,0.8640389936240143
wmc2,2G,3,False,full_record,3.6,0.050049315957534694,8.286736029027444e-19,199,82,-1.1605578607277685,-0.4020468033059327,0.9392502593809638,0.8620452284776057
wmc2,2G,3,False,comparison_window,3.7,0.04744362091529891,2.1332233056659897e-08,100,82,-0.0646957015812577,-0.27161774299797625,0.9355288362263701,0.8584573544922087
wmc2,2G,3,False,full_record,3.7,0.04862827775130725,1.0314987964897782e-18,199,82,-1.3041249261671677,-0.41557481830118664,0.9372204108754556,0.8568806465162896
wmc2,2G,3,False,comparison_window,3.8,0.04616490457088559,2.329613478806003e-08,100,82,-0.1350372127673496,-0.2809117001437476,0.9330145589276183,0.8523718202157952
wmc2,2G,3,False,full_record,3.8,0.0472802580593093,1.2750564245602778e-18,199,82,-1.4507766481159021,-0.42891449525843833,0.9349562968807574,0.8511892553688787
wmc2,2G,3,False,comparison_window,3.9,0.044948767807312606,2.536846020316794e-08,100,82,-0.20663628486202357,-0.2900144974067242,0.930288604480039,0.8458025275968325
wmc2,2G,3,False,full_record,3.9,0.04600015668366941,1.5653829433660528e-18,199,82,-1.600329140040214,-0.4420680940015614,0.9324699362112846,0.8449913202801915
wmc2,2G,3,False,comparison_window,4.0,0.043791028975986815,2.7548670995395805e-08,100,82,-0.27936748306590586,-0.29892950488044095,0.9273627362185448,0.8387694815162534
wmc2,2G,3,False,full_record,4.0,0.04478329910284813,1.9090215872895268e-18,199,82,-1.7526081912899434,-0.4550382221264537,0.9297732257412946,0.8383069872066706
wmc2,2G,3,False,comparison_window,4.1,0.042687842629198385,2.9835936656293055e-08,100,82,-0.353112941902072,-0.3076603247560988,0.924248611667972,0.8312925916527716
wmc2,2G,3,False,full_record,4.1,0.043625398005960075,2.3130136383827865e-18,199,82,-1.9074492911401255,-0.46782780245333366,0.9268779542592875,0.8311563296455415
wmc2,2G,3,False,comparison_window,4.2,0.04163566985740105,3.2229156634222405e-08,100,82,-0.4277622314544973,-0.3162107655164758,0.9209577830056987,0.8233916933809899
wmc2,2G,3,False,full_record,4.2,0.04252251808228319,2.78488442814576e-18,199,82,-2.0646975836464563,-0.48044004020501,0.9237958073939295,0.8235593777235611
wmc2,2G,3,False,comparison_window,4.3,0.04063125117371133,3.472698293082696e-08,100,82,-0.5032121904075628,-0.32458481585845084,0.9175016901049168,0.815086554637486
wmc2,2G,3,False,full_record,4.3,0.04147104393021122,3.3326243872704754e-18,199,82,-2.2242077606711677,-0.4928783903882161,0.9205383646386629,0.8155361313483103
wmc2,2G,3,False,comparison_window,4.4,0.03967158180087605,3.732784273901643e-08,100,82,-0.5793667302211822,-0.3327866187675904,0.9138916474230578,0.8063968706707747
wmc2,2G,3,False,full_record,4.4,0.04046765090153682,3.9646655397749416e-18,199,82,-2.3858439002986898,-0.5051465257699241,0.9171170896148024,0.8071065594208243
wmc2,2G,3,False,comparison_window,4.5,0.038753889196625674,4.0029960799294166e-08,100,82,-0.6561366146822569,-0.340820446091264,0.9101388260021219,0.7973422486292829
wmc2,2G,3,False,full_record,4.5,0.039509278672413925,4.689853900295903e-18,199,82,-2.549479257721294,-0.5172483057726548,0.9135433147703672,0.7982905871966478
wmc2,2G,3,False,comparison_window,4.6,0.037875612645911355,4.28313812166092e-08,100,82,-0.7334392189133185,-0.34869067388870206,0.906254231812,0.7879421839086684
wmc2,2G,3,False,full_record,4.6,0.03859310732359008,5.517418277970216e-18,199,82,-2.7149960153016273,-0.5291877465403735,0.9098282217210971,0.7891080738825059
wmc2,2G,3,False,comparison_window,4.7,0.037034384749016526,4.5729988536053294e-08,100,82,-0.8111982717192547,-0.3564017587777595,0.9022486816013388,0.7782160300929266
wmc2,2G,3,False,full_record,4.7,0.03771653571401831,6.456936018197803e-18,199,82,-2.882284998272988,-0.5409689923773423,0.9059828184090082,0.779578782488959
wmc2,2G,3,False,comparison_window,4.8,0.036228014640036645,4.8723527925074465e-08,100,82,-0.8893435849230191,-0.3639582154476383,0.8981327773296387,0.7681829641977042
wmc2,2G,3,False,full_record,4.8,0.03687716193988334,7.51829622613192e-18,199,82,-3.0512453620669833,-0.5525962887055668,0.9020179141900156,0.7697223438411491
wmc2,2G,3,False,comparison_window,4.9,0.03545447277880585,5.180962435056974e-08,100,82,-0.9678107730498289,-0.3713645954591011,0.8939168801459413,0.7578619487716892
wmc2,2G,3,False,full_record,4.9,0.03607276568279085,8.71166101511242e-18,199,82,-3.2217842568972124,-0.5640739566476736,0.897944093873275,0.7595582164972171
wmc2,2G,3,False,comparison_window,5.0,0.03471187716959662,5.4985800675427225e-08,100,82,-1.0465409665002032,-0.37862546742212505,0.8896110847595103,0.7472716922441923
wmc2,2G,3,False,full_record,5.0,0.03530129226459278,1.0047425310857653e-17,199,82,-3.3938164747618496,-0.5754063693024575,0.8937716916280731,0.7491056441487292
wmc2,2G,3,False,comparison_window,5.1,0.03399848087096653,5.824949462752998e-08,100,82,-1.1254805210063852,-0.38574539860150764,0.885225194922117,0.7364306087317855
wmc2,2G,3,False,full_record,5.1,0.034560838240866226,1.153617572049863e-17,199,82,-3.5672640836040337,-0.5865979297501105,0.8895107655558117,0.7383836118910216
wmc2,2G,3,False,comparison_window,5.2,0.03331266067229245,6.159807461945986e-08,100,82,-1.2045807259448993,-0.3927289379805232,0.8807687006144753,0.7253567783420845
wmc2,2G,3,False,full_record,5.2,0.03384963837963063,1.3188648946390312e-17,199,82,-3.7420560529356033,-0.5976530507979962,0.8851710736006725,0.7274108025614148
wmc2,2G,3,False,comparison_window,5.3,0.03265290682347283,6.502885441640535e-08,100,82,-1.2837975137398105,-0.39958060078360924,0.8762507574053123,0.7140679088424774
wmc2,2G,3,False,full_record,5.3,0.03316605388602622,1.501569018934056e-17,199,82,-3.918127874768186,-0.608576136453735,0.8807620513478432,0.7162055541568275
wmc2,2G,3,False,comparison_window,5.4,0.03201781371471259,6.853910666599048e-08,100,82,-1.3630911723826267,-0.4063048544469294,0.8716801683336596,0.7025812994010838
wmc2,2G,3,False,full_record,5.4,0.03250856174702887,1.7028211947268874e-17,199,82,-4.095421183293257,-0.6193715650955219,0.8762927921367905,0.704785819163811
wmc2,2G,3,False,comparison_window,5.5,0.0314060714130969,7.212607531591175e-08,100,82,-1.442426062777264,-0.41290610600431077,0.8670653685557289,0.690913806957399
wmc2,2G,3,False,full_record,5.5,0.03187574508275913,1.923715357319595e-17,199,82,-4.273883376353709,-0.6300436742951758,0.8717720298023771,0.6931691264673926
wmc2,2G,3,False,comparison_window,5.6,0.030816457971724102,7.578698695608835e-08,100,82,-1.5217703424063647,-0.4193886908474381,0.8624144128989153,0.6790818156440502
wmc2,2G,3,False,full_record,5.6,0.03126628440239166,2.1653441914216212e-17,199,82,-4.453467241332816,-0.6405967472356043,0.8672081242507848,0.6813725463517034
wmc2,2G,3,False,comparison_window,5.7,0.030247832435529767,7.951906112753653e-08,100,82,-1.6010956965622474,-0.42575686280743286,0.8577349663784763,0.6671012095592311
wmc2,2G,3,False,full_record,5.7,0.030678949673165777,2.4287953309662506e-17,199,82,-4.634130587767337,-0.6510350006581798,0.8626090499822656,0.6694126589676974
wmc2,2G,3,False,comparison_window,5.8,0.029699128475517714,8.331951964691617e-08,100,82,-1.6803770781998009,-0.4320147855004391,0.8530342976573135,0.6549873490817482
wmc2,2G,3,False,full_record,5.8,0.03011259312048479,2.715147718492679e-17,199,82,-4.815835888590134,-0.6613625742647412,0.8579823875893611,0.6573055265205061
wmc2,2G,3,False,comparison_window,5.9,0.02916934859002463,8.718559499853782e-08,100,82,-1.7595924572156076,-0.43816652486925745,0.8483192753665125,0.6427550508270381
wmc2,2G,3,False,full_record,5.9,0.029566142685683142,3.025468143602296e-17,199,82,-4.998549931654621,-0.6715835214980834,0.8533353181882521,0.6450666693225964
wmc2,2G,3,False,comparison_window,6.0,0.028657558817891934,9.111453784788705e-08,100,82,-1.8387225798374964,-0.4442160428552874,0.8435963671534598,0.6304185712633824
wmc2,2G,3,False,full_record,6.0,0.029038596075732094,3.360807976265992e-17,199,82,-5.182243482850527,-0.681701801618293,0.8486746206817344,0.6327110457667556
wmc2,2G,3,False,comparison_window,6.1,0.02816288391403285,9.510362373092005e-08,100,82,-1.917750738585967,-0.4501671921272413,0.8388716412845796,0.6179915939403691
wmc2,2G,3,False,full_record,6.1,0.028529015346101323,3.7222001069520915e-17,199,82,-5.36689096189283,-0.6917212729929099,0.8440066717052954,0.6202530361961929
wmc2,2G,3,False,comparison_window,6.2,0.027684502942940982,9.915015897503362e-08,100,82,-1.9966625531784508,-0.45602371179735607,0.8341507706003906,0.6054872202273336
wmc2,2G,3,False,full_record,6.2,0.028036521964150237,4.110656102418578e-17,199,82,-5.552470131587278,-0.7016456875160618,0.8393374480712246,0.6077064305845434
wmc2,2G,3,False,comparison_window,6.3,0.02722164525022876,1.0325148590497102e-07,100,82,-2.075445762551749,-0.4617892240498863,0.8294390386005688,0.5929179634152594
wmc2,2G,3,False,full_record,6.3,0.027560292305981535,4.527163582793428e-17,199,82,-5.738961801202373,-0.7114786860747575,0.8346725314996986,0.5950844198874436
wmc2,2G,3,False,comparison_window,6.4,0.026773586776343842,1.0740498738721794e-07,100,82,-2.1540900281220603,-0.46746723161291853,0.8247413474247828,0.5802957460020095
wmc2,2G,3,False,full_record,6.4,0.027099553544609745,4.972683822925433e-17,199,82,-5.926349544343768,-0.7212237949794251,0.8300171154084275,0.5823995908863444
wmc2,2G,3,False,comparison_window,6.5,0.02633964668026574,1.1160809076314516e-07,100,82,-2.232586748246226,-0.4730611160011138,0.8200622274903655,0.5676318999550691
wmc2,2G,3,False,full_record,6.5,0.02665357989170679,5.4481495785144614e-17,199,82,-6.1146194315877755,-0.7308844232796219,0.8253760135231231,0.5696639243148178
wmc2,2G,3,False,comparison_window,6.6,0.025919184244227577,1.1585827122143642e-07,100,82,-2.310928883824672,-0.47857413646460945,0.8154058485488372,0.554937169728577
wmc2,2G,3,False,full_record,6.6,0.02622168915910783,5.95446313536501e-17,199,82,-6.303759777946848,-0.7404638608864682,0.8207536700683694,0.5568887960351889
wmc2,2G,3,False,comparison_window,6.7,0.02551159603344613,1.201530546549333e-07,100,82,-2.389110794829636,-0.4840094295746352,0.8107760319294088,0.5422217178000388
wmc2,2G,3,False,full_record,6.7,0.02580323960976244,6.492494578336878e-17,199,82,-6.4937609051795,-0.7499652774301871,0.816154171301401,0.5440849810193208
wmc2,2G,3,False,comparison_window,6.8,0.02511631328743516,1.2449002004730953e-07,100,82,-2.4671280875588004,-0.4893700093860008,0.8061762637472357,0.529495132486751
wmc2,2G,3,False,full_record,6.8,0.02539762707093393,7.063080274778428e-17,199,82,-6.684614918722593,-0.7593917217776688,0.811581258158713,0.5312626598785422
wmc2,2G,3,False,comparison_window,6.9,0.02473279952181401,1.2886680143204443e-07,100,82,-2.5449774723132323,-0.49465876811537357,0.8016097088668293,0.516766437801061
wmc2,2G,3,False,full_record,6.9,0.025004282285224368,7.667021566160548e-17,199,82,-6.876315499063572,-0.7687461221459468,0.8070383397963296,0.5184314276856841
wmc2,2G,3,False,comparison_window,7.0,0.024360548321630003,1.332810894605675e-07,100,82,-2.622656631171775,-0.4998784772788014,0.7970792254260004,0.5040441051068207
wmc2,2G,3,False,full_record,7.0,0.024622668477488927,8.305083660307413e-17,199,82,-7.068857707225279,-0.7780312867474716,0.8025285078181744,0.5056003048337196
wmc2,2G,3,False,comparison_window,7.1,0.023999081309045392,1.377306326201631e-07,100,82,-2.7001640954985895,-0.5050317892350168,0.7925873797414308,0.4913360663452452
wmc2,2G,3,False,full_record,7.1,0.02425227911790425,8.977994715849292e-17,199,82,-7.262237803922098,-0.787249904904404,0.7980545510022881,0.49277774968070864
wmc2,2G,3,False,comparison_window,7.2,0.02364794626995775,1.4221323813226877e-07,100,82,-2.77749913281227,-0.5101212390858019,0.788136461434334,0.47864972860772137
wmc2,2G,3,False,full_record,7.2,0.02389263586344208,9.686445109810197e-17,199,82,-7.456453082027068,-0.7964045485799907,0.7936189703513522,0.479971672739927
wmc2,2G,3,False,comparison_window,7.3,0.023306715425582252,1.4672677256534365e-07,100,82,-2.854661642567846,-0.5151492468833272,0.7837284986313592,0.46599198984295176
wmc2,2G,3,False,full_record,7.3,0.023543286661745207,1.0431086878737681e-16,199,82,-7.651501711786276,-0.8054976742704261,0.7892239943109051,0.46718945218380126
wmc2,2G,3,False,comparison_window,7.4,0.022974983836392147,1.5126916219155447e-07,100,82,-2.931652060504827,-0.5201181201067978,0.7793652731131883,0.4533692554987292
wmc2,2G,3,False,full_record,7.4,0.023203804002992476,1.121253332332888e-16,199,82,-7.847382598345188,-0.8145316252126199,0.7848715940160633,0.454437950443518
wmc2,2G,3,False,comparison_window,7.5,0.022652367927008893,1.5583839311377976e-07,100,82,-3.0084712710503947,-0.5250300563615391,0.7750483352996119,0.4407874559107914
wmc2,2G,3,False,full_record,7.5,0.022873783306732596,1.2031358766777538e-16,199,82,-8.044095250938952,-0.8235086338573487,0.7805634984443174,0.4417235316988063
wmc2,2G,3,False,comparison_window,7.6,0.02233850412171853,1.6043251118835585e-07,100,82,-3.0851205274227747,-0.5298871462693259,0.7707790189757447,0.4282520642655907
wmc2,2G,3,False,full_record,7.6,0.022552841431945303,1.2888098455920618e-16,199,82,-8.241639663354139,-0.8324308245743477,0.7763012093685832,0.42905208006822726
wmc2,2G,3,False,comparison_window,7.7,0.022033047581248598,1.6504962176859165e-07,100,82,-3.161601378965667,-0.5346913765126889,0.7665584556786835,0.4157681149769855
wmc2,2G,3,False,full_record,7.7,0.022240615299694757,1.3783248595590579e-16,199,82,-8.44001620491209,-0.8413002165419825,0.7720860160199489,0.416429018323081
wmc2,2G,3,False,comparison_window,7.8,0.021735671032340687,1.696878892861858e-07,100,82,-3.2379156053000946,-0.5394446330029142,0.7623875886781011,0.4033402223315019
wmc2,2G,3,False,full_record,7.8,0.021936760618767367,1.4717266505733078e-16,199,82,-8.639225521588951,-0.850118726795555,0.7679190093843655,0.4038593269649232
wmc2,2G,3,False,comparison_window,7.9,0.021446063682399347,1.7434553669478315e-07,100,82,-3.3140651568889306,-0.5441487041442531,0.7582671864964636,0.3909725992699594
wmc2,2G,3,False,full_record,7.9,0.02164095070558484,1.5690570891406456e-16,199,82,-8.839268446527655,-0.858888173393785,0.7638010960708652,0.3913475635198166
wmc2,2G,3,False,comparison_window,8.0,0.021163930212238592,1.7902084478971022e-07,100,82,-3.390052101607248,-0.5488052841686183,0.7541978559265438,0.3786690761870334
wmc2,2G,3,False,full_record,8.0,0.021352875390502193,1.6703542216043922e-16,199,82,-9.040145919605177,-0.8676102786852152,0.759733011701373,0.37889788191842044
