well,code,cluster,form,length,end,fitted,n_fit,fit_start,fit_end,beta_1,beta_2,beta_3,p_beta_3,alpha,R2,efold_months,t_half_months,rho_ar1_expected,drainage_share,identified,n_test,nse,rmse_m,bias_m,pearson_r,nse_bias_removed
nw11,1C,3,A,24,start,True,24,2007-06,2009-05,5.308338820582135,2.993680219719325,0.07706079322275065,0.00019358052443209118,,0.8034931514440387,12.470085595549868,8.99480983223655,0.38201212213468766,0.6033031917953146,True,82,-3.15640904290448,0.5496223304678017,0.4186619313309853,0.6485938749050033,-0.74474678033986
nw11,1C,3,A,24,end,True,24,2024-03,2026-02,4.65420679474127,1.7666481513059307,0.09057674894828771,0.0015327469952392697,,0.776122694804184,10.532450059776615,7.652595049041542,0.32003143762059905,0.7354102236199666,True,82,-1.350664909688065,0.4133334860352966,0.2959792593306673,0.6219121668021302,-0.14531788380459942
nw11,1C,3,A,36,start,True,36,2007-06,2010-05,4.918853457275961,2.7660914451088368,0.07462135358874608,2.0068620777468318e-05,,0.7804740354092433,12.8945277806243,9.28885831232739,0.39430627139282953,0.6101158303303327,True,82,-1.8892244851768951,0.45824303436836333,0.32076905157284064,0.6556274348484874,-0.47351395425666176
nw11,1C,3,A,36,end,True,36,2023-03,2026-02,4.29268151297707,2.314772464339624,0.06834917145782132,0.0004442518692368732,,0.7864425336266625,14.124855990214119,10.141266759724958,0.4276003917051542,0.6115557268155678,True,82,-1.243739275570631,0.4038233467977219,0.29269008229117927,0.6766583408157916,-0.06503310785763183
nw11,1C,3,A,48,start,True,48,2007-06,2011-05,4.641012568140534,2.5370415464886165,0.07134431302010451,1.6270749035377897e-06,,0.7552341625680384,13.510366612132103,9.715521128707477,0.4113927859229023,0.6104369654879366,True,82,-1.9283713767074748,0.46133701932242993,0.3471620525340474,0.6664369825802589,-0.2701059839383102
nw11,1C,3,A,48,end,True,48,2022-03,2026-02,4.145097981986194,2.11823553226845,0.06867827073592582,3.199973159900469e-05,,0.7746191712784636,14.05471746650315,10.092670842356515,0.42579134613918623,0.6296954103396322,True,82,-1.1513114197669276,0.39541839596032297,0.2927693159742304,0.6769769260247361,0.028033005801212374
nw11,1C,3,A,60,start,True,60,2007-06,2012-05,4.532245255171442,2.507707159738909,0.07006240013315995,1.6548508944707157e-07,,0.7425431897754309,13.766938289567264,9.893283405115385,0.41825938357557807,0.5957993160305399,True,82,-1.5531619882909085,0.430768971922067,0.31211096153852613,0.6702044612146281,-0.21284480384229165
nw11,1C,3,A,60,end,True,60,2021-03,2026-02,4.53560154868688,2.0482452313411454,0.0763424592190858,9.31948177243283e-08,,0.800058959334849,12.592253541028654,9.079445273969597,0.385595327113585,0.6663265441655306,True,82,-2.7758309941989476,0.5238554931473728,0.4390545244860767,0.6554898211651757,-0.12350771899725066
nw11,1C,3,A,80,start,True,80,2007-06,2014-01,4.317508979501994,2.234485672935218,0.06890302097438791,8.325325500906513e-10,,0.7630653936822699,14.007202943465764,10.059750222237664,0.4245599376253887,0.6175819988748467,True,82,-1.8340633349385165,0.4538475595725717,0.359463434293039,0.6758974333900889,-0.05619751336759449
nw11,1C,3,A,80,end,True,80,2019-07,2026-02,4.595683119621915,2.0665599925724942,0.0765936712384652,3.1611915043337494e-10,,0.8071829976094411,12.549269187988775,9.049666497926633,0.3843387391359544,0.6634255544648179,True,82,-3.1836560368442823,0.5514208894541062,0.46953131630321093,0.6548343028194034,-0.15033295475837005
nw11,1C,3,A,100,start,True,100,2007-06,2015-09,4.196360003351384,2.2746571647519724,0.06677870720019309,9.172546957505387e-12,,0.757444665159447,14.469074223800511,10.379763394969423,0.4363306002729917,0.6045916467714387,True,82,-1.1391016785032892,0.39429470321617943,0.28603460262590713,0.6819380877845445,-0.013391244661792534
nw11,1C,3,A,100,end,True,100,2017-11,2026-02,4.497887486560675,2.014347637254651,0.07563098122129973,2.8222561345052987e-12,,0.8066747229162563,12.715541769175854,9.16485769940978,0.3891746777312808,0.6677406400842825,True,82,-2.934755013095204,0.534766357154838,0.4539761426981369,0.6576824995851995,-0.09908556907319732
nw11,1C,3,A,120,start,True,120,2007-06,2017-05,4.264525851087228,2.2332537623891904,0.06990258467663217,1.181213149702014e-14,,0.7802936327605258,13.799584368646542,9.915902019452199,0.4191227645039895,0.6254693794537572,True,82,-1.0887402596559022,0.38962556725824044,0.27548525871888374,0.6722652182105509,-0.044534049498033745
nw11,1C,3,A,120,end,True,120,2016-03,2026-02,4.409228940717711,2.100008338310089,0.07380411001713774,5.281835702456555e-14,,0.7913613875650624,13.042992417850718,9.391715182243814,0.3985053843084751,0.6473513682348369,True,82,-2.024757739684405,0.46886792841736646,0.37587914478421675,0.6620723627711322,-0.08080365603249828
nw11,1C,3,A,144,start,True,144,2007-06,2019-05,4.175118885512218,2.2410135663429767,0.06788845841906334,1.374223400877826e-16,,0.7810854611981357,14.224186216989716,10.21008867635897,0.43014474967190486,0.6145841959163458,True,82,-0.8862515327067186,0.3702584950552178,0.25299415315345314,0.678363827807671,-0.005586989285498278
nw11,1C,3,A,144,end,True,144,2014-03,2026-02,4.358931472088162,2.1835293756423457,0.07190166563847782,1.643178088846711e-16,,0.8039121086485383,13.40166609542414,9.640210340120564,0.40843967226710143,0.633501352144955,True,82,-1.6003660936764263,0.43473286775743153,0.33300856627381503,0.6669069817173235,-0.07455645760308527
nw11,1C,3,A,full,all,True,225,2007-06,2026-02,4.34151734645523,2.1911138648847794,0.07114185685370522,1.4108703937708579e-25,,0.7904349777870016,13.55027315761368,9.743169650256952,0.4124703299233886,0.6309198305508585,True,82,-1.6298718596144033,0.4371923184921884,0.33708870387903656,0.6691526107768497,-0.06644366057529805
nw11,1C,3,B,24,start,True,24,2007-06,2009-05,4.515475905353531,3.8196514727252593,0.24480261351442031,0.05443508260134904,0.6282316886910586,0.8213484514968712,3.5615563842517766,2.831453351780147,0.03441325399749914,0.40266115387296664,False,82,-12.081953113036755,0.9750828608577751,0.9071653216424296,0.4832650600114261,-0.7589292505275873
nw11,1C,3,B,24,end,True,24,2024-03,2026-02,3.703775949486137,3.1887314621696383,0.21482619931681227,0.008301051921769793,0.5281839818190908,0.8069822710038657,4.134791155724777,3.2265486368249485,0.05490218109570802,0.39480920336399644,True,82,-8.288760823720153,0.8216448149111272,0.7613103019921892,0.4979151378826513,-0.31408650276330974
nw11,1C,3,B,36,start,True,36,2007-06,2010-05,4.431171703235558,3.294449056591108,0.1849420524914883,0.07632306522704178,0.40281735389008344,0.7884042120339092,4.890069596528737,3.7479154752640502,0.08595315809964649,0.4837503394334217,False,82,-8.499921864383863,0.8309315427021002,0.7602249945355397,0.5172685093707315,-0.5479683822518331
nw11,1C,3,B,36,end,True,36,2023-03,2026-02,3.3544273776796407,3.809501749218171,0.21176811880575236,0.001366060167640813,0.5884259244807286,0.8192650689197033,4.2023345601716855,3.273142267442747,0.05752385180197231,0.1577833872495482,True,82,-9.760426363250719,0.8843414242068622,0.8227565497996889,0.4900366635874819,-0.44651202897689246
nw11,1C,3,B,48,start,True,48,2007-06,2011-05,4.394720212421044,2.795264180399621,0.1313383522093516,0.057794867695563225,0.21084037078214335,0.7592257151684367,7.102192642997153,5.277568729163571,0.18458982974231186,0.5460372206489275,False,82,-5.743061697336015,0.7000576332926531,0.6246429341237347,0.5575268972012717,-0.374558626826923
nw11,1C,3,B,48,end,True,48,2022-03,2026-02,3.4963253013589575,3.0344688962181854,0.16050593050084752,0.002783425705391385,0.3712044583723084,0.7915641481258342,5.715727161411705,4.31851445237586,0.12252129813610962,0.3654395234809301,True,82,-6.86094857645476,0.7558623378065127,0.6952062753286347,0.5265494192082579,-0.21102108670102027
nw11,1C,3,B,60,start,True,60,2007-06,2012-05,4.513262988506048,2.5297595649310343,0.07414152298275917,0.04792596122320828,0.014199900492675381,0.741281734739806,12.981299763433324,9.348974133174057,0.3967667655197293,0.5903602829660921,True,82,-1.8130666592754694,0.45216322784861074,0.3387170521840417,0.657137249174471,-0.23449731464657741
nw11,1C,3,B,60,end,True,60,2021-03,2026-02,4.231912386323135,2.472056480543261,0.1209219013692994,0.014303143842031706,0.18069570599892176,0.8033259649488577,7.759063340796928,5.7321888980479345,0.21297543894997809,0.566943568196226,True,82,-6.218088497088051,0.724296405549591,0.6600171677864497,0.5698869496887318,-0.22431941897205454
nw11,1C,3,B,80,start,True,80,2007-06,2014-01,4.259630915981056,2.31691904237616,0.08019463554069114,0.011738653442695347,0.04114512440729211,0.7631631110910377,11.96269671926698,8.643311062973023,0.3667340693355461,0.5972618046915784,True,82,-2.61393981010849,0.5125021437083054,0.4261816692997072,0.6411850406881225,-0.11486604835674208
nw11,1C,3,B,80,end,True,80,2019-07,2026-02,4.338997827002114,2.440010146555147,0.11360488337109063,0.0036773576129228696,0.14947666574590895,0.8091585654730585,8.292391569469325,6.101385433368901,0.23524925516337253,0.5765284638564022,True,82,-5.81443020121733,0.7037525840173865,0.6363368066123318,0.579307573093816,-0.24303929676832725
nw11,1C,3,B,100,start,True,100,2007-06,2015-09,4.028256978141768,2.5187810557312855,0.10007875633742391,0.00041285003997210416,0.12191821055268287,0.761253658800634,9.483344856443846,6.926017128179946,0.2821331042992047,0.5421456293169633,True,82,-3.3130629720047784,0.5598840922559492,0.4792113957644363,0.5962288274212201,-0.1533777658072244
nw11,1C,3,B,100,end,True,100,2017-11,2026-02,4.294902850136257,2.2794745927110487,0.10363640826229649,0.0016245803129790967,0.11110782976370143,0.8078327693821532,9.140003041063,6.688259388588983,0.2690360623372902,0.6043781378561132,True,82,-4.798129793045625,0.6491561788924106,0.5796448274189733,0.5944062087139282,-0.17524072717613004
nw11,1C,3,B,120,start,True,120,2007-06,2017-05,4.070157657752894,2.511433637547253,0.10937554142140332,1.981406969551443e-05,0.1440923965063495,0.7855614443632228,8.633161340558438,6.337314280250097,0.2490780242388205,0.5563674339307378,True,82,-3.554156940822855,0.5753196732419041,0.49538341493372934,0.5827458986113578,-0.17761251801094025
nw11,1C,3,B,120,end,True,120,2016-03,2026-02,4.120707246360283,2.454594582642434,0.1157517262842366,6.546862417063426e-05,0.16298448440770952,0.7957418265698405,8.128931145841916,5.988223267252819,0.22850233774269482,0.5569971901130886,True,82,-4.703839294572916,0.6438561808048008,0.5731954147903241,0.5754393623707368,-0.1832509825911035
nw11,1C,3,B,144,start,True,144,2007-06,2019-05,3.9714759185087276,2.5048878227882443,0.10646801412782939,4.499129772230693e-06,0.1400680721404734,0.7861494019740751,8.88311315808705,6.5103795373484425,0.2590128098935916,0.5448456971174651,True,82,-3.1802123198568575,0.5511938956000145,0.4697695087045517,0.5862046095827246,-0.14381085833582352
nw11,1C,3,B,144,end,True,144,2014-03,2026-02,4.034116197832079,2.6154396738030483,0.12369452232066608,1.790212498122789e-06,0.198857839158869,0.810422075714861,7.573432186567495,5.603701502343235,0.20505308948704762,0.5229398911816384,True,82,-4.8352164277853005,0.6512289716520273,0.5798397010491024,0.564502368615845,-0.20921845602441125
nw11,1C,3,B,full,all,True,225,2007-06,2026-02,4.1300837679175535,2.4805615247137,0.10726630251692457,4.685660450681855e-08,0.13637104259940153,0.7941512125014483,8.813138693929773,6.461928530169854,0.2562495654809426,0.5585344121632392,True,82,-3.982083126016513,0.6017425380328073,0.5253934489095464,0.5863572109426088,-0.18404911815900582
nw13,1D,3,A,24,start,True,24,2012-03,2014-07,4.033772074744806,1.0166272456707186,0.090710918532284,5.336909642369252e-06,,0.8145177874645823,10.516108086058429,7.641276174634417,0.31946531626335073,0.8238102914970968,True,82,0.5054864060367041,0.22922928004071882,0.03855412373748003,0.7403536004673753,0.5194751824140981
nw13,1D,3,A,24,end,True,24,2024-03,2026-02,4.9264225856241435,1.1972410216876233,0.1057048645334744,0.00016452742380478953,,0.7939638181972338,8.95099453845036,6.557382043098318,0.26167993357701574,0.8305735169322721,True,82,0.1137592576276083,0.3068716926644276,0.16735315310995993,0.7126900979292982,0.37733525136557444
nw13,1D,3,A,36,start,True,36,2012-03,2015-07,3.883663003948813,1.522180573131398,0.07518690984855861,1.2777297733273102e-06,,0.7776247399920924,12.793674547143432,9.218987480082392,0.3914241520649292,0.7272399335607709,True,82,0.565926901795403,0.214764457169623,0.034648660327346446,0.7815667138447251,0.5772251457760396
nw13,1D,3,A,36,end,True,36,2023-03,2026-02,4.594027283554635,1.7936827057006375,0.08500460958339251,1.724728999831739e-05,,0.7927189603067407,11.256665864915128,8.154230505346225,0.344371239752231,0.7226392881977852,True,82,0.25549220443232734,0.2812649384285091,0.14036923220288744,0.7569310774042123,0.44092301754645113
nw13,1D,3,A,48,start,True,48,2012-03,2016-07,4.359766239199747,1.5156647201774183,0.08800297411135602,1.0669334762800763e-09,,0.8316682476944626,10.855576862624533,7.876406309664717,0.33107094209404014,0.7592011504291014,True,82,0.45633247584054215,0.2403519603755348,0.050817398951571995,0.749760447567301,0.48063564548510784
nw13,1D,3,A,48,end,True,48,2022-03,2026-02,4.470589798192394,1.6779143889643817,0.08330563691125462,4.5592676734043435e-07,,0.7897140943839134,11.496742094319655,8.320531554165465,0.35212327275234584,0.7285048919753295,True,82,0.20892549113435532,0.2899276718923818,0.16759627571343486,0.7607379598591739,0.4732678621734937
nw13,1D,3,A,60,start,True,60,2012-03,2017-07,4.174623015801076,1.804964534524518,0.07799081158884504,1.0384216066994275e-09,,0.7988526021000144,12.315257326020728,8.887549269446064,0.37741833046523793,0.6991237656079142,True,82,0.5213979151001222,0.22551127797918855,0.0011607633438380106,0.7738724402449481,0.5214105952802723
nw13,1D,3,A,60,end,True,60,2021-03,2026-02,4.8020959237735354,1.6644612890356032,0.08789307816633726,5.492205639462724e-10,,0.8176859026904594,10.869794791351222,7.886254469870395,0.33154998940457403,0.7436584245052807,True,82,-0.39930407515542243,0.3855999975825497,0.2933205426922939,0.7499755497528677,0.4103938261076223
nw13,1D,3,A,80,start,True,80,2012-03,2019-03,4.168817086567785,1.76770397458822,0.07646925041584886,4.9808860415072384e-12,,0.7989200561909662,12.570523289811984,9.064390938717573,0.3849606347577696,0.7018203682786469,True,82,0.4874103633978256,0.23338120818171737,0.06849963697295189,0.7779580401921237,0.5315688919720275
nw13,1D,3,A,80,end,True,80,2019-07,2026-02,4.884930531046048,1.66074592244496,0.08967277877872784,4.29741818749401e-13,,0.8165580139432633,10.643828094443267,7.7297390579399945,0.32386972604420355,0.7475231260676596,True,82,-0.4793674651213662,0.3964779185219199,0.304255652301927,0.7460582485321885,0.39182751444400465
nw13,1D,3,A,100,start,True,100,2012-03,2020-11,4.387892026199218,1.8021963041427984,0.0794169628576122,2.0101062011488016e-14,,0.7937686662615969,12.084873472020854,8.727948735620862,0.37047219522545555,0.6982140702325025,True,82,0.31205812163106517,0.27036897027195883,0.1375884738958177,0.770345026048463,0.4902148222013156
nw13,1D,3,A,100,end,True,100,2017-11,2026-02,4.804868055108584,1.6344067412287744,0.08848830978246736,8.696541965303775e-16,,0.8151099261690228,10.793207999475994,7.833206242315209,0.32896289480673846,0.7498226725962489,True,82,-0.4138156414282732,0.3875942843245185,0.295947289001051,0.7485577408615885,0.4104492195105801
nw13,1D,3,A,120,start,True,120,2012-03,2022-07,4.606016665255636,1.6488648137923239,0.08589894471805601,1.1885799674782714e-19,,0.8123727957129208,11.134103049507631,8.0693328985012,0.3403537372681699,0.7371711372956069,True,82,0.016636703044781043,0.3232495808214266,0.2139793366654319,0.7545650713464117,0.447541895734043
nw13,1D,3,A,120,end,True,120,2016-03,2026-02,4.68896069913783,1.7710637417419512,0.08476792969475044,1.8812897171839543e-17,,0.7968186158438312,11.289533773412874,8.176997870019596,0.34544169501713906,0.7209930637143177,True,82,-0.08988620837251493,0.34030752426363053,0.23496157224175102,0.7573727970843414,0.4296690361999197
nw13,1D,3,A,144,start,True,144,2012-03,2024-07,4.515628088750074,1.7489450138499123,0.08268600512283285,5.251537112022064e-22,,0.8059904047479503,11.586753793330745,8.382883893474498,0.3549900919766193,0.7182779036794926,True,82,0.1724273994650326,0.2965405063578601,0.17609472717973096,0.7622931645082826,0.46425795238930634
nw13,1D,3,A,144,end,True,144,2014-03,2026-02,4.65219072493351,1.8607037266736368,0.08312861806125654,5.238408305419781e-21,,0.8126552649469229,11.522320163209567,8.33824977156691,0.3529401038017762,0.707929455387935,True,82,0.06159286148443199,0.3157741861224532,0.19875872193520713,0.7612957220361247,0.4333766467707397
nw13,1D,3,A,full,all,True,163,2012-03,2026-02,4.562507912149408,1.7224021867140622,0.0839625031422614,2.6485519385546628e-24,,0.8045227214891678,11.402771230172677,8.255437303786849,0.34910736899634554,0.7258447646472483,True,82,0.10937929909670174,0.3076290651469965,0.19164491253656665,0.7592239495997588,0.45502618109555215
nw13,1D,3,B,24,start,True,24,2012-03,2014-07,3.96502406562235,1.1590239776566256,0.10333067635140022,0.04266719140234767,0.05205325539525649,0.8033715050751542,9.16858098461829,6.708048423129793,0.27013928501249834,0.7958295275243146,True,82,0.3069929441048952,0.271362481014179,0.13876804097493953,0.7193233643331705,0.4882174684179932
nw13,1D,3,B,24,end,True,24,2024-03,2026-02,3.8447443291386785,3.056379172043842,0.26030548031316714,0.002114181138474662,0.6645516660215001,0.8337107099387737,3.3165517005941427,2.6628220801422886,0.026830502894676218,0.44167397666476255,True,82,-3.31643418275206,0.6772414558328709,0.612693314264883,0.6082598280408343,0.2164088073066014
nw13,1D,3,B,36,start,True,36,2012-03,2015-07,3.594218409229779,2.146627894457766,0.1436023765811825,0.0033376973066161016,0.2630173884945982,0.7858733195800135,6.450759848351876,4.826850342327653,0.15563434455337255,0.585213651806191,True,82,-1.026120554182223,0.46399533501991685,0.39011307062965916,0.6768544086633652,0.4061301908833177
nw13,1D,3,B,36,end,True,36,2023-03,2026-02,3.4872577852736155,3.8173299318446325,0.2708547906753774,0.000153883030494924,0.7746869057090408,0.838196575531098,3.1657353262200307,2.5591099158024133,0.022582307692298534,0.20176911143927093,True,82,-4.117640229676562,0.7374215905193321,0.6718611145620622,0.5971181532940646,0.13048260638057396
nw13,1D,3,B,48,start,True,48,2012-03,2016-07,4.0632774651422885,2.138429784331624,0.15162822730813472,0.00014083436284746204,0.2514904113652636,0.842492343158002,6.081381235705922,4.5713597848199505,0.13900631199405755,0.6341883164280726,True,82,-0.9784396358090954,0.45850320423465635,0.37715706495216206,0.6716204639073713,0.3602581611036305
nw13,1D,3,B,48,end,True,48,2022-03,2026-02,3.6726704798969365,2.97723713714601,0.20588413872205158,0.0002637906039111452,0.5048840584600722,0.8148788760180419,4.337907228671168,3.3666856750714063,0.06289359878958634,0.40829499047751794,True,82,-2.753103867624101,0.6315042314300069,0.5668389681433621,0.6349646158101344,0.2707266896480425
nw13,1D,3,B,60,start,True,60,2012-03,2017-07,3.8346295556933843,2.486618979852115,0.16286968764360354,1.641164882875753e-05,0.3197608728151564,0.8181673785843324,5.625071096095399,4.255839073485001,0.11844502266449922,0.5469545513327962,True,82,-1.2203090181434035,0.485721899233319,0.4071274748764528,0.6623989753864373,0.33959859302788786
nw13,1D,3,B,60,end,True,60,2021-03,2026-02,4.3253269501898215,2.4323418516836894,0.16458157911662982,0.0016238061532350269,0.31500637479832416,0.8255358468124647,5.561036983605233,4.211572062197498,0.11557091884873205,0.5821994132225732,True,82,-2.6819933661626063,0.6254930289597884,0.5622051426928442,0.6625415771542035,0.2926005254871188
nw13,1D,3,B,80,start,True,80,2012-03,2019-03,3.762734520853453,2.4139569599351076,0.1597159626646964,5.148794994712998e-07,0.3122952194243297,0.8197634517350025,5.746620977995995,4.339874167838319,0.12391199843150949,0.5460837401585457,True,82,-1.2139377584316784,0.48502449999873576,0.4083983054604079,0.664562405979928,0.3557234182760568
nw13,1D,3,B,80,end,True,80,2019-07,2026-02,4.442037608284005,2.391977458298124,0.16005585073203332,0.00020409889568589402,0.2878825864999178,0.823379096042721,5.733291466664324,4.330658188312137,0.12331187793139295,0.5966410256544074,True,82,-2.4000812004042107,0.6010707820794449,0.5342112582654147,0.6656648549160928,0.28565978426581173
nw13,1D,3,B,100,start,True,100,2012-03,2020-11,3.967594558228047,2.444955023304413,0.16097200621123073,2.59757560017364e-07,0.3058040776927068,0.8105803082928421,5.6976418471973815,4.306010696359114,0.12170752008147027,0.5444355460207172,True,82,-1.3257389467679639,0.497120251765979,0.41978722438199717,0.6642138858168494,0.3326885453709827
nw13,1D,3,B,100,end,True,100,2017-11,2026-02,4.416290012765499,2.209895913311594,0.14729601072686196,4.688884709324919e-05,0.2369014387456512,0.8205594380538069,6.275777172525754,4.705810952648821,0.14776770809712256,0.6292810258178165,True,82,-1.9136924637828456,0.5564201235998597,0.48693535792377524,0.6749277890202806,0.3177242221347055
nw13,1D,3,B,120,start,True,120,2012-03,2022-07,4.270022123208815,2.1948706384906362,0.14875945321618905,2.172373534908195e-07,0.24284908586283363,0.8210036374976555,6.208845957567918,4.659516861443479,0.14475301696460324,0.6213002574092312,True,82,-1.4936906026578747,0.5147569955388785,0.44086318031948735,0.6737928083940525,0.33544419726108676
nw13,1D,3,B,120,end,True,120,2016-03,2026-02,4.219262017282782,2.4299593951911707,0.16007676418853614,4.4988176339746454e-07,0.2970818757760132,0.8081527129382169,5.732473139695375,4.33009240331449,0.12327503941822562,0.5720160917249734,True,82,-1.932343050817614,0.5581981094854053,0.4879214043825166,0.6653606389009955,0.3081200445448128
nw13,1D,3,B,144,start,True,144,2012-03,2024-07,4.1407607833947315,2.3404731948629465,0.1498211034891873,5.9211872182097755e-09,0.2622509590612153,0.8168375747967294,6.161107344558977,4.626498967216392,0.14260141874711948,0.5868538582286965,True,82,-1.512241130096831,0.5166680828175076,0.442930124167004,0.6726324504582694,0.3340853150098001
nw13,1D,3,B,144,end,True,144,2014-03,2026-02,4.173066830361977,2.5850815545949306,0.16700194495956364,2.072982653437121e-09,0.3275137645368486,0.8265627867351608,5.472735682556942,4.150533580478824,0.11161635825381036,0.5443635008735271,True,82,-1.9475733490960834,0.5596458448145641,0.48768712449182694,0.6603366331737889,0.2907387054318761
nw13,1D,3,B,full,all,True,163,2012-03,2026-02,4.151774159673078,2.395120589097539,0.15765394294860863,5.470783874504765e-10,0.28890893015525565,0.8164953663685122,5.8287165751714145,4.396637138253462,0.1276105462501475,0.5783377474592765,True,82,-1.6923285673830852,0.5348660134268542,0.4625506574554509,0.6669750187022445,0.3211947305356192
nw3,1E,2,A,24,start,True,24,2005-04,2007-06,3.1976955127929276,1.5558934919639522,0.051578547786340405,0.014141518302378489,,0.6648612119607231,18.883492480909997,13.43867189575105,0.5296834748631639,0.6767252311177309,True,82,-0.3067401752773067,0.36355521738236807,-0.3415864616457553,0.9208563789898966,0.8468453010778916
nw3,1E,2,A,24,end,True,24,2023-12,2026-02,3.941151300438273,1.7301699013467062,0.0711417978031722,0.020525052733330332,,0.6277926794274642,13.550284830302015,9.743177737476827,0.4124706445884625,0.7492224897488718,True,82,-1.5555639973744655,0.5084159191535147,-0.48683178374160335,0.89784097082066,0.7876196553676031
nw3,1E,2,A,36,start,True,36,2005-04,2008-06,3.3678763254076785,1.9524819955238972,0.04868258212873051,0.0022772338593910007,,0.6947121726399579,20.037068821300533,14.238094000993378,0.5494211592446413,0.6106464363372296,True,82,-0.6718036874720759,0.41121448024201224,-0.3915236205660712,0.9203787516247766,0.8437258899902682
nw3,1E,2,A,36,end,True,36,2022-12,2026-02,4.286888591485514,2.1970359604145298,0.0675819263583527,0.001135334331635599,,0.6912228625975381,14.291024828835647,10.2563986839401,0.4318453002692294,0.6711440033140638,True,82,-0.7899101524399816,0.425491976988642,-0.3928092632033232,0.899693013702577,0.7355888284530565
nw3,1E,2,A,48,start,True,48,2005-04,2009-06,3.648654015890057,2.0289802791066887,0.052477096348276145,6.816592998709205e-05,,0.7066729717379079,18.551440592698413,13.208565808590416,0.5236927952563052,0.6203166047010518,True,82,-0.05859473706397611,0.32722059128439307,-0.29907431882761254,0.9172713061394445,0.8257197196351906
nw3,1E,2,A,48,end,True,48,2021-08,2026-02,4.53407438094168,1.8383387351760536,0.07511177533069474,3.429762874563184e-06,,0.7532437620944092,12.806985529630444,9.228209258910804,0.39180592792898067,0.7238923432005863,True,82,0.43536127546623216,0.23897974303232014,-0.17167056905647918,0.8937621616226716,0.7267281490061182
nw3,1E,2,A,60,start,True,60,2005-04,2010-06,4.043054716285566,2.055085920908949,0.05977619015858588,3.9396607982387013e-07,,0.7456386009536996,16.223932717891778,11.595706898031304,0.4772818711451994,0.6465096505515994,True,82,0.36285690680832283,0.2538599847431503,-0.20677311378744795,0.9101340348848658,0.7855611583933821
nw3,1E,2,A,60,end,True,60,2020-08,2026-02,4.529736896751064,1.4634961670527629,0.0801947621885442,3.947800477934719e-08,,0.7476323613666435,11.962677015040379,8.643297412994402,0.3667334633893433,0.7782953875974832,True,82,0.6484954208968366,0.18855638934747937,-0.09725831935998466,0.8884232442160271,0.7420148832958162
nw3,1E,2,A,80,start,True,80,2005-04,2013-04,4.117710106398239,1.9586604767179834,0.06418096057639663,2.2729572081726715e-10,,0.7471145632745028,15.075417380833143,10.799887915901012,0.45113084403648746,0.6798765171493786,True,82,0.23082189060761726,0.2789261406249935,-0.23512541332212672,0.905606396005733,0.7773941984914348
nw3,1E,2,A,80,end,True,80,2018-01,2026-02,4.475013512567561,1.7385124515586088,0.07436544152475419,1.3078136213099272e-10,,0.7702038957258933,12.940667330778654,9.32082384435539,0.3956168011665273,0.7369567978164885,True,82,0.5869379326934745,0.2044011886229556,-0.12489575910179565,0.8949576914385429,0.7411590567647255
nw3,1E,2,A,100,start,True,100,2005-04,2014-12,3.7811885916795935,1.9747263592837014,0.056458454079542295,1.1333230223682003e-09,,0.7220767108123898,17.20729660700893,12.277119376726027,0.4978887722832564,0.638591294498256,True,82,0.05243138930036162,0.30958584301753156,-0.2776490035548643,0.9138374876246671,0.8145818539571295
nw3,1E,2,A,100,end,True,100,2016-02,2026-02,4.376137354791349,2.0646643031624885,0.06741336521708333,1.0382789793460927e-10,,0.7441370180692726,14.328038113658543,10.282043899275537,0.43278305244433213,0.6766261392199283,True,82,0.3647727892402952,0.25347802026362637,-0.1945171402955765,0.9015480487424452,0.7388525680137654
nw3,1E,2,A,120,start,True,120,2005-04,2016-11,3.861498720835931,2.0042864170411994,0.058994391582555164,9.232872454937686e-13,,0.7537823369941351,16.445696977389552,11.749374168728798,0.4820660446408928,0.6436732750998013,True,82,-0.26002601106759515,0.3569977796739292,-0.32789095537405605,0.9107125428584762,0.8029105726042715
nw3,1E,2,A,120,end,True,120,2014-03,2026-02,4.224149745636253,2.1848699600751784,0.06303069844207879,2.776759681281852e-12,,0.7654685802032752,15.359860073326864,10.996977626654472,0.457830103335803,0.6446046851167271,True,82,0.04785890064276821,0.31033189672353517,-0.26692411434930746,0.9054838044102871,0.752266611231825
nw3,1E,2,A,144,start,True,144,2005-04,2020-01,3.867998269878221,2.217467832446567,0.05494256532194769,3.653267427205832e-13,,0.7478856917635156,17.696115819412572,12.615850324758252,0.5075729113106998,0.6102142159263307,True,82,-0.3228126275160019,0.3657841861643062,-0.33639347998686786,0.9134241242905602,0.7959646048637092
nw3,1E,2,A,144,end,True,144,2011-01,2026-02,4.078014555905162,2.030295351593564,0.06302300500007421,5.777930966252579e-14,,0.7467147941051737,15.361797489113462,10.998320066761798,0.4578752162130066,0.6637935771485693,True,82,-0.044181534825519675,0.3249853353366416,-0.2883325533575543,0.9062989921183647,0.7777503652505398
nw3,1E,2,A,full,all,True,210,2005-04,2026-02,4.079577898698513,2.0354048191077565,0.06217730226909127,5.9474841456384706e-21,,0.7488422105980913,15.577690201539486,11.14791339064759,0.46285917287527495,0.6580839441327548,True,82,0.13375080536228323,0.2960037286506218,-0.25548182634137645,0.9073661839146421,0.779060967913959
nw3,1E,2,B,24,start,True,24,2005-04,2007-06,1.9146181348344884,3.47159511003347,0.34552940814649646,0.013586265128421905,1.2137170228672707,0.7206381883902657,2.358887644300694,2.0060439552110916,0.006175635279454314,-0.08967407414021408,True,82,-2.193667500443114,0.5683562095621163,0.5102049636244987,0.6395962236251354,0.37991348504023514
nw3,1E,2,B,24,end,True,24,2023-12,2026-02,2.5279236041537705,4.663943389834685,0.37904540039085177,3.7281274477721806e-05,1.2886733339950491,0.8130439627546558,2.0986477419805323,1.8286653256976821,0.0032863830400400797,-0.10364430926223815,True,82,-1.0214485318683493,0.45217557959486343,0.35128741813499936,0.6230476047543626,0.1985903476322637
nw3,1E,2,B,36,start,True,36,2005-04,2008-06,2.340814198729651,3.2870552495515897,0.286044170189724,0.000854672192349279,0.9574859515304304,0.7585489066881385,2.967938709421947,2.423217295777092,0.01754107195888845,0.09332532194970532,True,82,-1.4711301829445764,0.49994654619614926,0.439528306416311,0.6845822288244535,0.4388206154884501
nw3,1E,2,B,36,end,True,36,2022-12,2026-02,2.911675767082246,4.649967532205487,0.3800021404489572,6.865885755113998e-07,1.2613349528894622,0.8309101098261387,2.091878424472708,1.8240612532893101,0.0032261331070132858,-0.08439371326046602,True,82,-0.9540235977382765,0.4445705211926726,0.33885788061341243,0.6305013834365277,0.18120588307467278
nw3,1E,2,B,48,start,True,48,2005-04,2009-06,2.613823604393162,3.4678680418210925,0.30377331552412745,0.0003191826715029945,1.0102317256792153,0.7587323959081632,2.7618207783318383,2.281790878714926,0.01297203091837417,0.12180706605027532,True,82,-1.5885327046178586,0.5116848847344945,0.44936451433512165,0.6795293463023836,0.40786024761771933
nw3,1E,2,B,48,end,True,48,2021-08,2026-02,3.2641926592813744,4.417622488731996,0.37643037231866733,8.654283645387988e-08,1.2229902396499857,0.847252546450439,2.1173214246828054,1.8413688998855842,0.0034563637787691287,0.050919149623862854,True,82,-1.0829070796346882,0.45899790983678923,0.36053542771959723,0.6410014635926776,0.20221496628959335
nw3,1E,2,B,60,start,True,60,2005-04,2010-06,3.2568935273158997,3.1109455728704742,0.23755368811998126,0.0013870136826514437,0.7142249010847238,0.7694600918324069,3.6870004496705775,2.917854848079047,0.03859323783252388,0.34364492813398945,True,82,-0.8836490065751652,0.4364914591448672,0.37250516721052945,0.7363388801649603,0.48822138573427565
nw3,1E,2,B,60,end,True,60,2020-08,2026-02,3.282501327656381,3.861901898939,0.3624489791075288,1.2569797363853561e-08,1.1577277492280218,0.8310900056502215,2.2216249883084442,1.91239931828945,0.0045100291207739365,0.1688598003205856,True,82,-1.190313707252122,0.47068344161609527,0.3879787680586536,0.6554088352849539,0.2978969140840768
nw3,1E,2,B,80,start,True,80,2005-04,2013-04,3.509061323172922,2.8061043709101536,0.20368202827276674,0.00011417867398667303,0.5544522201889772,0.7703332354357495,4.3906499874601215,3.4030846336216616,0.06501868874939871,0.46231259586132095,True,82,-0.23282365238566993,0.35312318974627377,0.28062273725934905,0.7670000568869804,0.5457401233389299
nw3,1E,2,B,80,end,True,80,2018-01,2026-02,3.4613282025333856,3.576234203919001,0.3159758321925774,3.413403282160339e-10,0.9658569513341588,0.837752372253272,2.633227979143402,2.193671508830757,0.010491977649897719,0.2921879635012027,True,82,-0.7737497640930622,0.42356682268169565,0.33850953850161036,0.687632432480864,0.3591469099642688
nw3,1E,2,B,100,start,True,100,2005-04,2014-12,3.033968527521993,3.096206081167673,0.2342692417830175,1.2487229773362114e-07,0.7048612573827053,0.768374185257672,3.746375452829514,2.9587630680170345,0.04063620181783638,0.29292562174487463,True,82,-0.5083010200947495,0.39058878769339234,0.31883377746259634,0.7337905649422054,0.4967245922668134
nw3,1E,2,B,100,end,True,100,2016-02,2026-02,3.494544073057861,3.422673718856834,0.2790872907154973,2.0067216918750492e-11,0.8295634205848824,0.8122537619802473,3.0558871211911898,2.4836214461178825,0.019705714369905078,0.321366827645264,True,82,-0.5172422782461308,0.3917447886243887,0.3055930846998425,0.7113557555153248,0.40604217980211554
nw3,1E,2,B,120,start,True,120,2005-04,2016-11,3.2363344195118,2.9772462790619594,0.21804248181799363,1.3083040957806225e-08,0.6257006949162092,0.7901926122411684,4.065786631551668,3.1789547375384184,0.052263430722126976,0.36818705952297026,True,82,-0.2512454835692546,0.35575173044871716,0.2793864212391847,0.7498667183634067,0.5204732976030448
nw3,1E,2,B,120,end,True,120,2014-03,2026-02,3.3954096096207866,3.5370497538767145,0.27638610194047025,1.0397314394460761e-13,0.8306408555911199,0.8303170963568091,3.091215728310691,2.507894484177933,0.02061022791179958,0.2771571004285317,True,82,-0.4631364799569744,0.38469645042222284,0.2948288868015089,0.7092511483964565,0.39625005678223335
nw3,1E,2,B,144,start,True,144,2005-04,2020-01,3.2189970567924697,3.1028998244072126,0.2217347055369856,6.371795246614173e-11,0.642411677846521,0.791392876100447,3.989025115258305,3.1260202541650726,0.04937782660472377,0.34197217195797636,True,82,-0.20574636781013478,0.34922372543741353,0.26777766225469946,0.7446560517188948,0.5031735393211192
nw3,1E,2,B,144,end,True,144,2011-01,2026-02,3.2430772573532867,3.5311777322560856,0.28469822268456013,1.4738706582191965e-16,0.8651641069173812,0.8190886630073773,2.984622397258125,2.434673367553609,0.017942032940722115,0.25458594939592455,True,82,-0.44100141428868467,0.38177541977445945,0.2912411414087786,0.7020004787930233,0.3975967921894563
nw3,1E,2,B,full,all,True,210,2005-04,2026-02,3.3059281126797178,3.265844223366823,0.25547202439922856,3.4162126615889775e-18,0.7590108577868703,0.8013239588685388,3.389774764455475,2.7132018943755565,0.02901163813687229,0.31833447147201,True,82,-0.4583123417542869,0.3840617314064181,0.3036281942500145,0.7241427929652747,0.45313729004776837
nw4,1F,2,A,24,start,True,24,2005-04,2007-07,2.1668810385638912,1.314022811579517,0.03085722368211569,0.23533691292248318,,0.3641987623927533,31.90471062027422,22.46304423562517,0.6865199405090676,0.5925587423458891,False,82,-4.5109724767784956,0.6969239339255783,-0.6780920295061483,0.8519372674428113,0.7061948090276304
nw4,1F,2,A,24,end,True,24,2024-03,2026-02,3.9313130206442404,0.6899909143180851,0.08047185885199078,0.0047767192644746995,,0.649161966323115,11.919713970033097,8.613535097217376,0.3654098908593807,0.8769521950225777,True,82,-0.6786428467637029,0.38463642588554553,-0.3632779736768179,0.9064902529039733,0.8187495242126597
nw4,1F,2,A,36,start,True,36,2005-04,2008-07,2.6085221296863867,1.3738555452112975,0.03699040529087915,0.09346826367194568,,0.3724768451148115,26.530896480358095,18.738566801560754,0.6361614812293551,0.6285835175680865,False,82,-0.9852989466180104,0.4182964843323512,-0.3934429358604586,0.8807028293596234,0.7710911812964628
nw4,1F,2,A,36,end,True,36,2023-03,2026-02,3.8344366517876756,0.8491447968643995,0.07652927290351606,0.00024667827943555766,,0.6519706109739902,12.560261366189971,9.05728166833399,0.3846605078301158,0.8459352121062675,True,82,-1.114909335414041,0.43173487865126114,-0.41367623382609103,0.9108645974408172,0.8267749913253577
nw4,1F,2,A,48,start,True,48,2005-04,2009-07,2.7269168238863335,1.4328444378187966,0.03844045088586496,0.019469130705651167,,0.41065308424877456,25.51099653969902,18.031713067518265,0.624761446453432,0.6306298290270697,True,82,-0.8350021652162558,0.40215136663743056,-0.3776558951796316,0.8858993863236652,0.7832642459974581
nw4,1F,2,A,48,end,True,48,2021-12,2026-02,3.591863438904044,0.9431953049011554,0.06844605306612049,2.720804081061813e-05,,0.6584172795954932,14.104138300057066,10.126912356660638,0.42706710699751055,0.81380716225989,True,82,-0.9416441517468073,0.4136719541588535,-0.39562244232916544,0.9136594009036694,0.8342591823657257
nw4,1F,2,A,60,start,True,60,2005-04,2010-07,3.4769383735587875,1.291060743507462,0.05479979644938598,0.00010569271785973459,,0.540504011854643,17.74354666966682,12.648718160844773,0.5084938185505858,0.7308105672069878,True,82,0.4619766097945398,0.21775685562602345,-0.1799216767592408,0.9129024938650409,0.8292795990522085
nw4,1F,2,A,60,end,True,60,2020-12,2026-02,3.431413315430127,0.795035913301017,0.06697528584710116,1.2101556463370386e-06,,0.669081297043683,14.425104154584675,10.349297831178218,0.4352289454753714,0.8372720298933451,True,82,-0.7592175913234003,0.3937594937080211,-0.3742550481493909,0.9114281067192029,0.8300345940841726
nw4,1F,2,A,80,start,True,80,2005-04,2012-03,3.558513755243524,1.5236301797187786,0.052974537842668215,3.605538020864055e-06,,0.5723549919971901,18.372457825919476,13.084534736641942,0.5204030935720972,0.6890643540100612,True,82,0.3254074140309825,0.24383275198928342,-0.20861024960374078,0.9124828562353384,0.8191820399386018
nw4,1F,2,A,80,end,True,80,2019-04,2026-02,3.4120742613646367,0.906666891744544,0.06197702151721003,1.3568197517491654e-07,,0.6530265770779877,15.629680855078446,11.183938233744733,0.4640467416500342,0.8021767619634509,True,82,0.03198086737506711,0.29208767310026074,-0.26558194131366547,0.9123423108640417,0.8322840895679677
nw4,1F,2,A,100,start,True,100,2005-04,2013-11,3.451396995394632,1.2123678786585792,0.05622479518940093,3.0757660300273716e-08,,0.5685126955625803,17.280925310113048,12.328140604603075,0.4993703569148201,0.7425420987434134,True,82,0.324466296579744,0.24400277704141465,-0.21152079436587873,0.9133363367103287,0.8321153968662132
nw4,1F,2,A,100,end,True,100,2017-08,2026-02,3.438889263378574,1.0339501913264337,0.05965411413253212,1.8105278678779757e-08,,0.6488064275356964,16.25817785843787,11.619436322866127,0.478026029699075,0.7771268362517596,True,82,0.19896258445765902,0.26570373502248856,-0.2365440367793539,0.9132666357552099,0.83382773967212
nw4,1F,2,A,120,start,True,120,2005-04,2015-07,3.4410268830366757,1.2783308924298735,0.05581600788368456,3.646634497567555e-09,,0.5687226626023203,17.41122129348232,12.41842988850798,0.5019721197859524,0.7326242979415192,True,82,0.03479966721301986,0.2916620942527383,-0.26508781844264023,0.9136575029849274,0.8321276851992059
nw4,1F,2,A,120,end,True,120,2015-12,2026-02,3.3136363986821613,1.18349857065716,0.055840994480248596,2.2670121829067785e-08,,0.6167564297103814,17.403202396677166,12.412873141167228,0.5018127345449385,0.741540431462457,True,82,-0.37417406478298565,0.3480103275429979,-0.3263056312250443,0.9132594343850498,0.8339363286714974
nw4,1F,2,A,144,start,True,144,2005-04,2017-07,3.3787467582060913,1.3808523466801472,0.05395149049706992,1.2032850466935014e-09,,0.567151277705358,18.03054755901669,12.847600208516756,0.5139973380622408,0.7088193501285958,True,82,-0.49329825491623325,0.3627810029965445,-0.3416098445812754,0.913042686269322,0.8307939803390025
nw4,1F,2,A,144,end,True,144,2013-12,2026-02,3.365250354904944,1.2602361122622574,0.05608206189313017,1.1259313704612584e-09,,0.6176987595580821,17.326204047882243,12.359516700381038,0.5002773876746398,0.7310326464009355,True,82,-0.5630503443708077,0.37115707340088516,-0.3509332069477313,0.9139152087219273,0.834303562456336
nw4,1F,2,A,full,all,True,244,2005-04,2026-02,3.392663403863132,1.2375083605023287,0.05604164449035648,1.1794153295611954e-16,,0.5987164799738542,17.33906739604128,12.368430421045558,0.5005345033546459,0.7359017124638382,True,82,-0.15345902059874272,0.31883966436141614,-0.2949332184100514,0.9136280958952364,0.8335130502111745
nw4,1F,2,B,24,start,True,24,2005-04,2007-07,0.7856523439589786,3.464191126322847,0.6674320751034952,0.00114052447281777,2.5036446688690264,0.600426884072395,0.9083385121967295,1.038528423214396,1.8304772144925785e-06,-1.21850593566204,True,82,-1.9156502630968237,0.5069194705729237,0.440345112307347,0.5343335115919364,0.2844569433273675
nw4,1F,2,B,24,end,True,24,2024-03,2026-02,2.7076754201862494,2.913379885459166,0.3370341251481599,0.003782382017200885,1.087182799570476,0.7355607554679782,2.4329020164547934,2.0566083041449836,0.007209316499117946,0.23721414626116336,True,82,0.1598219651777819,0.27211778053636143,0.17767930385952402,0.7322812311122047,0.51802657550612
nw4,1F,2,B,36,start,True,36,2005-04,2008-07,1.1973686396401457,3.481721223833954,0.611453495735397,1.2618953150274914e-05,2.262223918223419,0.6352833208080458,1.0578177652194876,1.1336057204584218,1.183902865797208e-05,-0.8446676039427631,True,82,-1.6182247165301122,0.4803687174827369,0.41306350181396906,0.5674855877685916,0.317711873505532
nw4,1F,2,B,36,end,True,36,2023-03,2026-02,2.6017902626928073,3.2977096558507673,0.37977971293421225,0.0001758953740854953,1.2676577456719489,0.7457192247258208,2.0934492187100795,1.8251295605145093,0.0032400492523710412,0.09598927941637325,True,82,-0.04952788588421675,0.3041362939279744,0.2110170212056689,0.7021729128812092,0.45570598664271156
nw4,1F,2,B,48,start,True,48,2005-04,2009-07,1.279069660445034,3.813026982977833,0.6296490876552397,3.7741790170877346e-07,2.3343665634255846,0.6537370329049228,1.00674082339714,1.1008467956988028,6.6582642352775755e-06,-0.9221714661902974,True,82,-1.5727808031321762,0.47618164576843436,0.406217011087364,0.5601107652369027,0.29951168938958406
nw4,1F,2,B,48,end,True,48,2021-12,2026-02,2.6743171414749076,2.600710817912343,0.2577054636501602,0.0008214726867305007,0.8020098235178719,0.706437467246086,3.3556014927498112,2.6896875632443127,0.027984346356450283,0.308331292216128,True,82,0.38318331812677175,0.23315745906748556,0.13914087345181203,0.7796352391350596,0.6028513878577789
nw4,1F,2,B,60,start,True,60,2005-04,2010-07,2.151895156652356,3.1379898586566464,0.5056037940345547,4.327754086426344e-06,1.7865078150713938,0.6638903852279352,1.4196115565470917,1.3709295474799645,0.00021325614359877162,-0.036855963140560145,True,82,-1.1485547458119871,0.4351554934262677,0.3689685886161456,0.6369408239562396,0.3961172502815188
nw4,1F,2,B,60,end,True,60,2020-12,2026-02,2.6372384686074826,2.3432769599865244,0.2525906224308143,0.00016934793856292855,0.7806934160977796,0.7151569499515136,3.4347475157394154,2.744152470465531,0.030388027479470114,0.37304788037396924,True,82,0.31148597260278976,0.24633586936708848,0.16512642256018184,0.788055225972498,0.6208648272805992
nw4,1F,2,B,80,start,True,80,2005-04,2012-03,3.0965002322538577,2.1278249871231387,0.20120314725361488,0.0003344064150082315,0.5739581989007803,0.6103971786318776,4.451396191355878,3.445011621444664,0.06748948917850202,0.5002994647512036,True,82,0.3233594455262343,0.24420259252932383,0.17992256367177054,0.8315821259108126,0.6906660559865524
nw4,1F,2,B,80,end,True,80,2019-04,2026-02,2.636689350307585,2.391104754446502,0.24878689915699953,2.4495535612212377e-05,0.7760333862277476,0.6995742819533082,3.495697880496289,2.7861080422989946,0.03229667690515187,0.3179644606731959,True,82,0.22875560627577685,0.26071575029326244,0.18612045273433553,0.7888663968351992,0.6218036904675888
nw4,1F,2,B,100,start,True,100,2005-04,2013-11,2.981382935490982,1.9323407103882992,0.20248156272314483,3.336798989157167e-05,0.5722391970866925,0.6093879315899582,4.419883139148071,3.423260721805534,0.06620469421406848,0.52267568532631,True,82,0.3853485694092922,0.23274786548118692,0.16499978212865543,0.8335999931853907,0.6942530621171399
nw4,1F,2,B,100,end,True,100,2017-08,2026-02,2.6316498312400913,2.39387767900146,0.23542156968365868,8.558746344579343e-07,0.7267337909998557,0.6990790388407335,3.7253567390952056,2.9442806854586134,0.03990841710193619,0.3146781469065578,True,82,0.3357648772555244,0.24195364908586428,0.16184286919980811,0.7958906358070198,0.6329620143117037
nw4,1F,2,B,120,start,True,120,2005-04,2015-07,2.8958186218095707,2.178615803404973,0.23420177836906964,4.3764212863512636e-07,0.6980731604113859,0.6236456920518927,3.7476123655447604,2.959615359827205,0.04067918484843484,0.45598283389855876,True,82,0.2897889378422851,0.2501871354645291,0.17875310642268807,0.8077585792047023,0.652336240953135
nw4,1F,2,B,120,end,True,120,2015-12,2026-02,2.5605630118845286,2.4897670349509977,0.25055122108699424,2.496735792796329e-08,0.7860709668455617,0.6791042726820982,3.4671983467121676,2.7664889340901544,0.03139810778800729,0.28538671482739486,True,82,0.3137357217955823,0.2459330835446819,0.1622889589258321,0.7834128411650211,0.6125734538491097
nw4,1F,2,B,144,start,True,144,2005-04,2017-07,2.848370583509401,2.2384021267164966,0.23301751042321311,2.6873929758353366e-08,0.6957577643004453,0.6237372018656525,3.7694412565802042,2.974657051742727,0.041440538286198585,0.43632227155702646,True,82,0.3638974086373814,0.23677445236166628,0.1586507669770923,0.8060941468427087,0.6494866449938518
nw4,1F,2,B,144,end,True,144,2013-12,2026-02,2.598240490716295,2.6068653445052807,0.25826367401171113,1.8987724557599031e-10,0.8138151048072326,0.6856450454019274,3.3471519970270593,2.6838740802878616,0.027732855283254133,0.26861075892284414,True,82,0.3190676651861478,0.2449758296782817,0.15740399156617224,0.7772804163313562,0.6001858667942488
nw4,1F,2,B,full,all,True,244,2005-04,2026-02,2.7751550329591215,2.2713156619154837,0.23146152454780342,5.885205989777693e-14,0.6969085292870382,0.6536948595783383,3.7984590559262417,2.9946540009797205,0.04246072197173136,0.40173612381092905,True,82,0.36592630704809603,0.23639654556639914,0.15746186114806035,0.8046488483497916,0.6472512528832912
nw9,2B,5,A,24,start,True,24,2006-03,2008-02,3.0749059425867116,1.3995927361598315,0.04287596411565662,0.04598254943063318,,0.5908862587756484,22.819438961519957,16.166334561951814,0.5910424467530287,0.6642058918228658,True,82,-12.889878278119593,0.7603234953162233,0.7461809890274936,0.8503060690470917,0.4880843262988057
nw9,2B,5,A,24,end,True,24,2024-03,2026-02,2.874774223533535,0.931320957006816,0.06155936516874776,0.004223027126192141,,0.7371032747392816,15.739187725660669,11.259816904542086,0.4665322338042897,0.7774677049379346,True,82,0.4937874054800432,0.14514954015409878,-0.003741789326948951,0.7855522776734024,0.49412380880631035
nw9,2B,5,A,36,start,True,36,2006-03,2009-02,3.3425588042303858,1.3636452282248461,0.05276459403678562,0.0012068839957119029,,0.6166147005674614,18.44758552139595,13.136596485073067,0.5217891857782431,0.7149799886483529,True,82,-6.50447629870902,0.5588681841883802,0.5334563423794589,0.8164882765239213,0.3330558831810567
nw9,2B,5,A,36,end,True,36,2023-03,2026-02,2.5774626335854878,1.2020069502883066,0.045524491838651746,0.007588881340228769,,0.6577193977498361,21.46231533121135,15.225808187307239,0.5717122087284284,0.6633375708935277,True,82,0.509631501720405,0.1428599430545003,0.0711004258169665,0.8412263653527412,0.6310950659709744
nw9,2B,5,A,48,start,True,48,2006-03,2010-02,3.009318213956033,1.3465647922823507,0.04773236997940694,0.00012081993844333825,,0.636298780374937,20.44606788527046,14.521532889713795,0.5560428514600817,0.6920314769186645,True,82,-3.2836121571297303,0.42223503143344987,0.3962065194282027,0.8338856903883259,0.4881548077159643
nw9,2B,5,A,48,end,True,48,2022-03,2026-02,2.596145278670903,1.0961718533114868,0.047440729615781586,0.00047374236921096777,,0.6876425145863845,20.574883734992394,14.610803547367105,0.5580898134747129,0.6900439299928903,True,82,0.291993050412252,0.1716595428123627,0.11808128611530562,0.8352283487127521,0.6270076758585342
nw9,2B,5,A,60,start,True,60,2006-03,2011-02,2.975679110899259,1.3158266818031499,0.04724941821527051,6.707853656496395e-06,,0.6508625639011942,20.660248404565777,14.669962228993699,0.5594363370754625,0.6898047367774625,True,82,-3.5724268436572313,0.4362370763646712,0.4120494411283813,0.8356603652324095,0.5070105872769206
nw9,2B,5,A,60,end,True,60,2021-03,2026-02,2.6751907270880055,1.0421876559403487,0.05016678936927344,2.3302075627262e-06,,0.7408695792987211,19.429217178154452,13.816853525501667,0.5392227486171983,0.715315213679861,True,82,0.09059562310945701,0.19454842142013962,0.14554056674597093,0.8257659964466937,0.5995393211489359
nw9,2B,5,A,80,start,True,80,2006-03,2012-10,2.969521065597407,1.2764790247229998,0.04873785987908702,2.4707442520315153e-08,,0.6545063638967479,20.013766427003745,14.22194536812989,0.5490381821950587,0.6835824399738102,True,82,-2.6416288479981143,0.389311319739587,0.3619115467689956,0.8305835426217796,0.5054418297819996
nw9,2B,5,A,80,end,True,80,2019-07,2026-02,2.7433725859392837,1.0740956512177091,0.04945355227465087,1.2749026928468193e-07,,0.7358021558273787,19.716767987307776,14.016125205938783,0.544101744386076,0.7053775842272498,True,82,-0.7783373206659976,0.2720547184538291,0.23834379876397063,0.8282926749191378,0.5865893860425156
nw9,2B,5,A,100,start,True,100,2006-03,2014-06,2.8956590140598553,1.187315855917947,0.04953687573572822,8.966887566280738e-11,,0.6924898171874327,19.68274797618291,13.992549394067183,0.5435296786316777,0.7062922463062202,True,82,-1.855545073181744,0.34474160643672447,0.3153948171174147,0.8279318633307635,0.5345254853067443
nw9,2B,5,A,100,end,True,100,2017-11,2026-02,2.752134744551747,1.0414410661268527,0.05076520133627621,1.3080154472867055e-09,,0.741211934544429,19.19419172786165,13.653982695122899,0.5351602048614141,0.7193047240855939,True,82,-0.5536629978135217,0.25428901675198634,0.21717255798799484,0.8236280733186735,0.5795499058513335
nw9,2B,5,A,120,start,True,120,2006-03,2016-02,2.87906215257674,1.1975741463557186,0.04947576674239773,2.3129051399614224e-13,,0.7342669365034002,19.70768687549262,14.009832008645967,0.5439491747495997,0.702801375314168,True,82,-1.4195839368638952,0.3173361420104479,0.28542704058302193,0.8281067655284972,0.5378713334142828
nw9,2B,5,A,120,end,True,120,2016-03,2026-02,2.6840072345207266,1.1160433774594192,0.04931790330102275,3.1971577052565835e-11,,0.7285559030601069,19.772397755069814,14.054676581223818,0.5450342370689368,0.6944235916289018,True,82,0.247138114773502,0.17701368642893556,0.12039425113072236,0.8286671682963754,0.5954057499666557
nw9,2B,5,A,144,start,True,144,2006-03,2018-02,2.8433775789231177,1.2748786804882588,0.04832577847403563,4.1384914856652445e-15,,0.7227103726416917,20.18876208474514,14.34321810112915,0.5518990750776813,0.6813797259577905,True,82,-0.557908119012527,0.25463618062327387,0.21409614872780405,0.8317807729445469,0.5434265932432115
nw9,2B,5,A,144,end,True,144,2014-03,2026-02,2.7348091953031344,1.1271315223291802,0.050855744590860494,5.930208849628586e-15,,0.7596655157827541,19.15911263266926,13.62967322839107,0.5345479677087349,0.7009627467911478,True,82,0.33223284021980715,0.16671002618280978,0.10009503417141591,0.823237221110171,0.5729608813756529
nw9,2B,5,A,full,all,True,240,2006-03,2026-02,2.779011698713746,1.1600574728490247,0.04918682715323637,2.1794799477813202e-23,,0.7297724961898511,19.82644363281093,14.092130366541399,0.5459366862259102,0.6971768483146848,True,82,-0.4601508654559541,0.24651767115391207,0.20705268432439833,0.829118290660927,0.5699110923174057
nw9,2B,5,B,24,start,True,24,2006-03,2008-02,2.554242538073108,1.9440966013197127,0.16319533534872266,0.15111457479042925,0.49609387574124997,0.6150075887278709,5.612786920655574,4.247346770536052,0.11789329591314826,0.43433117905588564,False,82,-31.758042776953644,1.1676378485950696,1.152082797778058,0.6153818688988174,0.13302067736377965
nw9,2B,5,B,24,end,True,24,2024-03,2026-02,2.4124352047782422,1.5443455485267534,0.16361338607443057,0.036144829127464036,0.36932882822353313,0.7617116259107067,5.5970885662816,4.236494318653246,0.11718846931231108,0.5591994813244867,True,82,-4.4472545185266785,0.47614368101737586,0.44224812373384287,0.6174717914578691,0.25205029389854994
nw9,2B,5,B,36,start,True,36,2006-03,2009-02,2.9566487329470106,1.7658478290577855,0.14836974409542103,0.151149951593565,0.38671322547706555,0.6272651845110432,6.226540795823881,4.671755584576338,0.14555026043633348,0.5816580616529485,False,82,-23.863627600948774,1.0172587577022127,0.9985064115077906,0.6306365685366202,0.09176723272219978
nw9,2B,5,B,36,end,True,36,2023-03,2026-02,2.060678634190091,2.018268924776908,0.17839858547885246,0.01822457445688367,0.47380383716582886,0.6903310694114551,5.089061147620823,3.8853849580668993,0.09460936761296225,0.2745522187438649,True,82,-6.622083563404287,0.5632303436666386,0.5326301139837332,0.5984227913867229,0.19428479355527362
nw9,2B,5,B,48,start,True,48,2006-03,2010-02,2.9050038502046585,1.4585740986486981,0.0767082689190492,0.25143618013245683,0.11332225284341174,0.637172338054652,12.529754082032913,9.036146823902762,0.38376675764662344,0.654220447716219,False,82,-10.642900885111981,0.696113075415183,0.6756224530655847,0.7403351895871777,0.3246527217483691
nw9,2B,5,B,48,end,True,48,2022-03,2026-02,2.207126381604981,1.668537538320965,0.14530466920538246,0.01610270061334154,0.343062854077036,0.7073228624692292,6.369012489890824,4.77030218196367,0.15196234157766542,0.4397381747203819,True,82,-4.9461723779675575,0.49747119483217,0.46639323373400354,0.6298925721507064,0.28026919827231744
nw9,2B,5,B,60,start,True,60,2006-03,2011-02,2.9174648593220116,1.3763122799941585,0.06384470290347029,0.14042886943101135,0.06304288275944014,0.6508919858271213,15.157509127499338,10.856768831831609,0.45307989210457394,0.6687181559458838,False,82,-7.465663565166931,0.5935805936096766,0.5722954435960417,0.7780502234375157,0.4037468189186887
nw9,2B,5,B,60,end,True,60,2021-03,2026-02,2.40514269256744,1.4199380345098973,0.11903574439579842,0.015799534009724874,0.24255846366482747,0.7503949865523272,7.89027926648959,5.8230171456332,0.21852415600775416,0.5672388276244047,True,82,-4.4979691662396935,0.4783550257495363,0.44823124199029035,0.6613946957014833,0.3293483482738341
nw9,2B,5,B,80,start,True,80,2006-03,2012-10,2.9921900499391456,1.2467831101707783,0.043827516193016905,0.06753591280702938,-0.01890367881752955,0.6534679867636869,22.312981607413654,15.815342523799815,0.5840296553397062,0.6935489517561139,False,82,-1.7380673109356706,0.337575757906056,0.3075844463680869,0.8476274235191394,0.5350945402606311
nw9,2B,5,B,80,end,True,80,2019-07,2026-02,2.4935459185851587,1.4440373222016936,0.11108784275471661,0.007352121258485823,0.21649515842788816,0.7429665312730727,8.492074327214883,6.239631298722968,0.24339191663819532,0.5599166191275693,True,82,-4.532325318392206,0.47984728982444164,0.4495588253507415,0.6722073991473783,0.3236299013367756
nw9,2B,5,B,100,start,True,100,2006-03,2014-06,2.901834206850715,1.1792312704071313,0.048174850058004995,0.029808500245542775,-0.005208614040824712,0.6921382499358029,20.253604665531928,14.388154394364705,0.5529503165195466,0.7089784516283849,True,82,-1.6250346021461213,0.3305344323888665,0.3003965255468538,0.8327638742250487,0.5431258974692793
nw9,2B,5,B,100,end,True,100,2017-11,2026-02,2.537177943203617,1.3307117258636314,0.10283745071326579,0.0035820032239650135,0.17982952160451648,0.7468061051462864,9.215042501183667,6.740221346915701,0.2719278166985337,0.6080141968448446,True,82,-3.47611497502597,0.43161825831737544,0.3991679375401631,0.6857562889085068,0.3522463279879414
nw9,2B,5,B,120,start,True,120,2006-03,2016-02,2.881469250550085,1.1941016238115663,0.0488917580673256,0.01400882400729972,-0.0021899797417964523,0.7342643529642098,19.94916798520836,14.177178484877928,0.5479732285928168,0.7039441915204852,True,82,-1.3323923604979324,0.31156595526421615,0.2792800065264563,0.8301856747602605,0.5416582252018862
nw9,2B,5,B,120,end,True,120,2016-03,2026-02,2.438905693086133,1.420235769667815,0.11164107854731839,0.00018192599175073632,0.21243602387946403,0.73956850625835,8.44741376770732,6.208710893689181,0.24158035654074825,0.5701063138536627,True,82,-3.1148099067927335,0.4138320092249345,0.3790220017478539,0.6713603360336282,0.336869563450776
nw9,2B,5,B,144,start,True,144,2006-03,2018-02,2.820436796658141,1.3042969386788819,0.053862928166547426,0.002737915898975292,0.02034053788531389,0.7227241064770132,18.06103119466817,12.868724448412689,0.5145750367277986,0.6710654045175487,True,82,-1.2518677091265022,0.30614038771747576,0.27055359917994587,0.8118985099926019,0.506899050970386
nw9,2B,5,B,144,end,True,144,2014-03,2026-02,2.509532569044696,1.4316168354610705,0.1127409749373417,8.558657261505861e-06,0.21096292736267191,0.7707701732784341,8.359923773725637,6.148138961412895,0.2380154273324392,0.5840742720912883,True,82,-3.069053488020719,0.4115246844426383,0.37554240843406106,0.6700654888120241,0.3195409364317233
nw9,2B,5,B,full,all,True,240,2006-03,2026-02,2.737373961452507,1.216350363856648,0.05881812499795004,0.00010510796517735137,0.03496180143733431,0.7302804997842622,16.496510755151608,11.784584778656294,0.4831507531434568,0.6771568083217859,True,82,-1.4589221186882098,0.3199054051272321,0.2861276368384402,0.7950521026597156,0.5081543066172061
wmc3,2C,3,A,24,start,True,24,2009-07,2011-06,1.951172560278212,1.3952037002340072,0.03441912983580989,0.1299289237998282,,0.4497012853748068,28.550692007086003,20.13842836429846,0.6568464189768508,0.5311853527182233,False,67,-0.34744951075557795,0.2690373980829923,-0.20703144678892046,0.6872785802637075,0.4504713638300569
wmc3,2C,3,A,24,end,True,24,2024-03,2026-02,2.0479944504931127,1.48389726317048,0.033739634255115794,0.20932107256771784,,0.5529947885576147,29.135872561439022,20.54400398412281,0.6624147451586572,0.5139631105307972,False,67,0.17504220591550979,0.2105097757817717,-0.11848085650483306,0.6885506259687958,0.43636877266324625
wmc3,2C,3,A,36,start,True,36,2009-07,2013-03,2.3533250561237353,1.5383282207495657,0.03872688646030927,0.03645650403931478,,0.5262018230843537,25.318562484874242,17.89834515280085,0.622531806058906,0.5606650115373415,True,67,0.18293391656861202,0.20950046693644084,0.10165775046489862,0.6770155548981684,0.3753175767266502
wmc3,2C,3,A,36,end,True,36,2023-03,2026-02,2.094490958341206,1.606390850940938,0.027644051255061194,0.1527420821683218,,0.5784787975564071,35.67181186762852,25.074008659748845,0.7143372639185234,0.4390134012575089,False,67,-0.10511271093785046,0.24364622714605394,0.16809088146928303,0.696259056521572,0.4208748842895691
wmc3,2C,3,A,48,start,True,48,2009-07,2014-03,2.2361804300018973,1.6247119875098976,0.03156061008228066,0.04412092482398625,,0.5617626744874062,31.182393171119564,21.962413868200375,0.6805645845661963,0.48793299416608876,True,67,-0.15854013600092642,0.24946633436399465,0.17354053869287075,0.693403819135856,0.4021063121884586
wmc3,2C,3,A,48,end,True,48,2022-03,2026-02,2.2545069296464058,1.5636939069800373,0.034326327505973454,0.044054579528792534,,0.5833608303135721,28.629247385955487,20.19287325273361,0.6576043765437625,0.4959524730578801,True,67,0.08040379497546679,0.2222567650161942,0.13164410171942098,0.6887339847483862,0.4030228416557955
wmc3,2C,3,A,60,start,True,60,2009-07,2015-03,2.2240017136416466,1.649793699503209,0.033342478000183404,0.010468907988060648,,0.5848857015599016,29.488946193605344,20.78871224136768,0.6656893620179773,0.49685315445056266,True,67,0.3955715588446782,0.1801892383331355,-0.005566339224516029,0.6885729909870132,0.3961483605450232
wmc3,2C,3,A,60,end,True,60,2021-03,2026-02,2.386506955055783,1.5732607367980727,0.03837631372958909,0.003295454192109537,,0.651384174292494,25.55447893754472,18.06184891660169,0.6252616978534831,0.5285982956721489,True,67,0.052371364341513016,0.225618907313778,0.12999540406147148,0.6779470278859907,0.36696011539226936
wmc3,2C,3,A,80,start,True,80,2009-07,2016-11,2.4827878231760714,1.7534735992747557,0.03925187779503421,0.0005243125411427254,,0.6622892683034038,24.97315133464075,17.658955940386527,0.6184641518920267,0.5113162665696973,True,67,0.3141144676893398,0.19194739599257193,0.004278688964384869,0.6721764835063561,0.31445527478371604
wmc3,2C,3,A,80,end,True,80,2019-02,2026-02,2.5500076005729215,1.7281760294983188,0.03716980024794274,0.0014079533051415728,,0.6562183049213297,26.40040487223927,18.64812767182706,0.6347408435978209,0.5050252059230099,True,67,-1.05327859291785,0.3321087693375092,0.27142179058918464,0.6810280907373066,0.3181607851489985
wmc3,2C,3,A,100,start,True,100,2009-07,2018-07,2.391134848198493,1.8054153809222169,0.034714143188495514,0.00045227080191000054,,0.6593737040896703,28.303758444793445,19.967284711484933,0.6544422308985723,0.4684805604859582,True,67,0.3401353869230741,0.18827117067477137,0.0028973262426249136,0.6841299591067103,0.34029165921902127
wmc3,2C,3,A,100,end,True,100,2017-06,2026-02,2.488426610170577,1.7953965268286134,0.03464308401728843,0.0007478088770826552,,0.6639924860799034,28.36285228621063,20.00824118932466,0.6550205833785553,0.46911506946675174,True,67,-0.506191095997655,0.2844437801383853,0.2113915294932645,0.6862894441675453,0.32569210598778353
wmc3,2C,3,A,120,start,True,120,2009-07,2020-08,2.4996354558517355,1.7588697746783595,0.038751944961241944,2.811890669921803e-05,,0.6558647349907825,25.301862906962523,17.886771393105604,0.6223370958078319,0.5024427174585193,True,67,0.26439849350053946,0.1987822987966814,0.051213235691127144,0.6741210766580383,0.3132245471755484
wmc3,2C,3,A,120,end,True,120,2015-10,2026-02,2.608219874624372,1.8103718723602356,0.03875033260591544,3.096613883516201e-05,,0.6947034507914505,25.30293676864662,17.88751564042402,0.6223496224947761,0.49954646398002195,True,67,-0.2486248638161257,0.25898367725573923,0.16886984659613485,0.6746763409892005,0.28224908056189035
wmc3,2C,3,A,144,start,True,144,2009-07,2022-08,2.53489031820237,1.7679012923793325,0.03810697665842584,1.6419643657557149e-06,,0.6906164111772283,25.73867629964914,18.189508623919746,0.6273664607547064,0.4997648584321206,True,67,-0.02881303947438396,0.23508484547764105,0.13460488406819,0.6767424996957464,0.30848112641436964
wmc3,2C,3,A,144,end,True,144,2013-10,2026-02,2.4945523384612915,1.8730430854940183,0.034931528205949046,2.7708911316643205e-05,,0.6856928495247525,28.124470521667057,19.843024801929456,0.6526758336690045,0.46535473961936125,True,67,0.166754824631136,0.21156450563323798,0.08698113063484171,0.6837551571670446,0.3075984806287325
wmc3,2C,3,A,full,all,True,186,2009-07,2026-02,2.469750562458965,1.7641725268955513,0.03652971412629001,7.533255974401016e-07,,0.6594781294268013,26.871873635477787,18.97488653110196,0.6398230811303872,0.4908560858735919,True,67,0.10193862704666978,0.2196389769715572,0.11025410373894812,0.6810266263475999,0.3282345445383207
wmc3,2C,3,B,24,start,True,24,2009-07,2011-06,1.6688812149849812,1.706785550479908,0.22324415229950556,0.11628575329199686,0.49988048705740185,0.48885840394239244,3.9583705716857596,3.1048839282921743,0.04824078625856052,0.335459268414981,False,67,-3.9887379273999963,0.5176685113022822,0.46164319141538335,0.3615330614118505,-0.02139207052396941
wmc3,2C,3,B,24,end,True,24,2024-03,2026-02,1.2583736248082737,2.6892897383401975,0.19355748003838838,0.012061842836835689,0.5426970244780411,0.6537661441888043,4.6485108708525695,3.5810921924715746,0.07566255739963518,-0.44382414444035073,True,67,-7.531628420125363,0.676974592931301,0.6296664942282707,0.38461477487176043,-0.15074473713519954
wmc3,2C,3,B,36,start,True,36,2009-07,2013-03,2.1616352841691833,1.8348105143564473,0.13238717349391935,0.05141449525239815,0.2548609115152634,0.5556581836079562,7.04177169310034,5.235757832625546,0.18193303576973605,0.41767652011333745,False,67,-3.173310431612518,0.47347466898881774,0.40964658527030823,0.4324578041715424,-0.04934750886078154
wmc3,2C,3,B,36,end,True,36,2023-03,2026-02,1.3932383461310374,2.770505372888433,0.1882458460549647,0.0048928643524369245,0.5315056319003373,0.652940558178224,4.794834986700264,3.6821379865006834,0.08186424037817554,-0.5594072444137742,True,67,-8.447486247922102,0.7123846251650674,0.6656668591702078,0.3877148761389083,-0.19849079536247682
wmc3,2C,3,B,48,start,True,48,2009-07,2014-03,2.0739268778767355,1.8341937502728092,0.0945586936570077,0.09551918745626702,0.1776155762599857,0.5735082016772628,10.067165833364394,7.330337949403096,0.30361528957491757,0.366254524816929,False,67,-3.5838690542968257,0.49621798979392934,0.442280856459992,0.4883170839223611,0.05765746077443823
wmc3,2C,3,B,48,end,True,48,2022-03,2026-02,1.6323256593320246,2.4569932949846933,0.16243236313179643,0.006123133442973578,0.4196485588609966,0.6302886932537527,5.641645240800243,4.267297274974266,0.11918968095703322,-0.11865508281829273,True,67,-6.422799141865559,0.6314518763446406,0.5812583159134775,0.4047062383067297,-0.1331625769053033
wmc3,2C,3,B,60,start,True,60,2009-07,2015-03,2.022266140118368,1.841843000735227,0.10787560259951547,0.02270187229178415,0.2104029911927115,0.6047294044775808,8.760426220222321,6.425430438921679,0.25415870966935233,0.37512157393396733,True,67,-3.3394785679043313,0.4828088003341312,0.4253235608278271,0.46465716992485684,0.028164655441365705
wmc3,2C,3,B,60,end,True,60,2021-03,2026-02,1.9189474360603296,2.184546872650586,0.1316205634561367,0.004394383712058787,0.31027757807626616,0.6784807405913198,7.085840373383781,5.266252949835916,0.18387147855087843,0.1810818908658162,True,67,-6.331426113165383,0.627553324593352,0.5794956044016858,0.4324091119852423,-0.07987933946152737
wmc3,2C,3,B,80,start,True,80,2009-07,2016-11,2.3204702249497084,1.918208321001833,0.09144777511025587,0.014542699033696049,0.15128382606909996,0.6717551822972445,10.42721248279425,7.57970524405037,0.31637252072605665,0.4236555085500434,True,67,-2.4687295699591307,0.43165981964361744,0.3640561677112858,0.49578801733710054,-0.0014180929055394031
wmc3,2C,3,B,80,end,True,80,2019-02,2026-02,2.206522908141009,2.1833870781635936,0.11026556809200597,0.006201066758179598,0.2363588271645122,0.6716209864556311,8.559280367826902,6.286161605602765,0.24610745664973713,0.2642425223759631,True,67,-5.892666788349567,0.6084852366188304,0.5577467772227398,0.4600457504982811,-0.10156322273784713
wmc3,2C,3,B,100,start,True,100,2009-07,2018-07,2.208769061521069,1.9795244707498516,0.09116459141457381,0.005123333300820265,0.16160764938078873,0.6709286275297811,10.46120635742972,7.603250009730608,0.3175578608517981,0.36418139728336263,True,67,-2.4927773465373777,0.4331535264242918,0.36660667079151965,0.49489108401212345,0.009226188593515205
wmc3,2C,3,B,100,end,True,100,2017-06,2026-02,2.184507091981552,2.1536505964346384,0.0938882846258039,0.004516743118643326,0.1898896379307402,0.6757610617426062,10.142741397424377,7.382680206827885,0.3063239451680644,0.263267992315344,True,67,-4.455257864006229,0.5413324302428711,0.48702516647028693,0.48742471166622353,-0.03965506837115251
wmc3,2C,3,B,120,start,True,120,2009-07,2020-08,2.3147941120930646,1.9279776357782767,0.09283169515016511,0.002898097208022803,0.15398116784379154,0.6656816549388731,10.264065253775248,7.466708212520587,0.3106378833413538,0.40658036441443096,True,67,-2.289957558403723,0.42038920106620137,0.3501482213783066,0.49278647162247274,-0.00756132482915528
wmc3,2C,3,B,120,end,True,120,2015-10,2026-02,2.396919166612837,2.050849147108175,0.08216013075931491,0.004412925479806082,0.1372941797882606,0.7006913146572413,11.664210073448169,8.436539403649375,0.3574398954974737,0.37617379680326657,True,67,-3.335904354513894,0.4826099265369602,0.422417330048713,0.5162559173044756,-0.014126028170961868
wmc3,2C,3,B,144,start,True,144,2009-07,2022-08,2.390270801009712,1.9161097762748573,0.07586052187684683,0.003123920345843068,0.11209237167684794,0.6958305545980733,12.675513336118449,9.137126444835317,0.3880165752359914,0.42190672494174897,True,67,-2.4879213382370504,0.43285231502319527,0.36940084779092575,0.5344583438849855,0.0523667301620977
wmc3,2C,3,B,144,end,True,144,2013-10,2026-02,2.2782577780540625,2.1259492401293967,0.08375770075456763,0.001522116784627115,0.1521768399706446,0.693962539584382,11.431912099807032,8.27562330765324,0.35004513855276603,0.32824248856975996,True,67,-3.204908360015331,0.4752637291293738,0.4140221714970194,0.5101892590859209,-0.013852619456341975
wmc3,2C,3,B,full,all,True,186,2009-07,2026-02,2.259974541288271,2.0011951176498832,0.0890436275470293,0.000183233282015156,0.15902544734178248,0.6695575683065358,10.722679358500882,7.784354699541554,0.3265659789418297,0.36245448827727667,True,67,-3.225344770547486,0.4764172515378334,0.41628883316283255,0.49961587493625575,0.0007469836294057286
nw6,2E,3,A,24,start,True,24,2005-04,2007-03,3.5978483776342878,0.7795986220884945,0.060555944578993035,0.004383390273824811,,0.6985541640325102,16.008450134625942,11.446393667524415,0.4725535954190523,0.8325681294857221,True,82,-3.3420028496462324,0.5611437011099615,0.5404958808296316,0.8485537279177564,0.6863425100055041
nw6,2E,3,A,24,end,True,24,2023-12,2026-02,3.123506201071938,2.0241268703471804,0.04310600082001771,0.11335746794426688,,0.6325359147275835,22.694954430690444,16.080062343386288,0.5893400733403741,0.6061452005363711,False,82,-1.379928950311108,0.4154426082373995,-0.3841960432511973,0.8513520096278275,0.6554613252568389
nw6,2E,3,A,36,start,True,36,2005-04,2008-03,3.445296301942282,1.1619613413224685,0.05310240487973653,0.003783952555352614,,0.6123826789325489,18.326992038486413,13.053028052679492,0.5195605437785563,0.746123267581726,True,82,-1.8563586411193707,0.45512994253305344,0.4304438663462572,0.8586821716693616,0.6985475983357798
nw6,2E,3,A,36,end,True,36,2022-12,2026-02,3.35483835808105,1.868135012485054,0.04867716170920623,0.0035494496956049977,,0.7038404444142825,20.039356653562354,14.239679476399123,0.5494587263462424,0.6315585891445855,True,82,0.2341907318597678,0.2356618861227754,-0.17487385226055863,0.8575490727490798,0.6558791507234233
nw6,2E,3,A,48,start,True,48,2005-04,2009-03,3.4121232824691488,1.3352610673987497,0.05197386729582411,0.0002638196109618127,,0.623458439924006,18.735990995287317,13.336455734854214,0.527040158339681,0.7159297883439214,True,82,-0.3858896133349068,0.317024889739799,0.2798595519292614,0.8597590690695917,0.6941064899228844
nw6,2E,3,A,48,end,True,48,2021-08,2026-02,3.9491490671967475,1.4045099053576893,0.06906428591241895,1.8811363934383625e-06,,0.7582672551007617,13.97330033894273,10.036260730168578,0.4236783781273825,0.7586384793445803,True,82,0.5961597114667274,0.17113303872567376,-0.01352726016246981,0.8440974218300149,0.5986829691531518
nw6,2E,3,A,60,start,True,60,2005-04,2010-03,3.662442527750227,1.5464655770327105,0.05457026364810885,6.78442108214031e-05,,0.6205038689983768,17.820322445690515,12.701921050439465,0.5099775934154592,0.6932476881841787,True,82,-0.08815830886438114,0.2809150981080976,0.2307642055981442,0.8586079702163543,0.6461506216244768
nw6,2E,3,A,60,end,True,60,2020-08,2026-02,3.9868493273909578,1.328138738722894,0.06893256047845434,2.7478594605564713e-08,,0.7751516807587511,14.000981014350055,10.05543934171133,0.4243983333819737,0.7692073461317017,True,82,0.49476625991369994,0.19141466734682547,0.08686764944069006,0.8439988849068758,0.5988200873730775
nw6,2E,3,A,80,start,True,80,2005-04,2012-11,3.71176561252798,1.5259049873648132,0.05772591103781713,3.2116425832756504e-07,,0.6543670043199827,16.818288640348435,12.007557232069564,0.48992205027764785,0.6951399057728244,True,82,0.3612517233114927,0.21522559193539417,0.14199389424776948,0.8564301155623224,0.6392750654559463
nw6,2E,3,A,80,end,True,80,2018-03,2026-02,3.7888459920396853,1.264388137002469,0.06536257092727454,2.6306513918687325e-10,,0.7645611513041457,14.79364318474491,10.604649889478388,0.4443426786413707,0.765929445895223,True,82,0.5167774335539199,0.18719862049593072,0.0944961363423679,0.8482955847399958,0.6399091754693522
nw6,2E,3,A,100,start,True,100,2005-04,2014-07,3.561833928491427,1.4392862852978299,0.057064057870932286,8.699263298070972e-09,,0.6563265916297072,17.01926947208658,12.146825978056246,0.4940674946123986,0.7070835984372309,True,82,0.572211526822097,0.1761341546481627,0.08344545905232367,0.8569907819208225,0.6682283506905922
nw6,2E,3,A,100,end,True,100,2016-02,2026-02,3.6268245480761507,1.5402410359891783,0.05852841531146123,1.2461027108148963e-10,,0.7339486500931933,16.58069239575622,11.842917271402884,0.4849384289076119,0.7085345602606946,True,82,0.6495474596721467,0.1594203089410649,-0.006713907028535693,0.8556371678111,0.6501690332795196
nw6,2E,3,A,120,start,True,120,2005-04,2016-07,3.6496305706308982,1.4901473236184526,0.05926332661475849,1.0174983606375238e-11,,0.7024044141028365,16.36875115181728,11.696055894157807,0.4804153740565976,0.7094709095580315,True,82,0.6383799253769973,0.16194043664699626,0.029630264532736574,0.8550948534992923,0.6504862684565665
nw6,2E,3,A,120,end,True,120,2014-02,2026-02,3.654646039358048,1.5496124674189447,0.059895159083968544,7.429478604318759e-14,,0.7649918118442505,16.190693456993973,11.572674505934689,0.47655767491014617,0.7113628822861151,True,82,0.6131735315079031,0.16748932474756995,-0.04733337952144588,0.8543726067689743,0.6440677309927907
nw6,2E,3,A,144,start,True,144,2005-04,2019-04,3.495193624705447,1.4783570717721641,0.056421108843516324,5.7024762338447e-13,,0.6849906288241111,17.21902360234635,12.285245624689612,0.49812530014355466,0.7032893972369814,True,82,0.674302310679705,0.15368673309591582,0.00098981854237534,0.8573757828236672,0.6743158206094331
nw6,2E,3,A,144,end,True,144,2011-02,2026-02,3.58335212197429,1.496586501562858,0.0590472319262816,1.9950224972123877e-16,,0.7672820606907844,16.43052335413255,11.73885985756818,0.48174131114611446,0.712284796787696,True,82,0.6373274995091571,0.16217591373394905,-0.040004455292318594,0.8552309981406679,0.6593952793355994
nw6,2E,3,A,full,all,True,214,2005-04,2026-02,3.629340133849341,1.4907927657621043,0.05872448598166699,1.6883835055801594e-20,,0.7167591656740505,16.523628852174717,11.803375865671036,0.4837278980325415,0.7115977442195762,True,82,0.6397800222159591,0.1616266374457709,0.03188333993223958,0.8555711809293955,0.6537974890959012
nw6,2E,3,B,24,start,True,24,2005-04,2007-03,2.7212560608745076,2.166452319859722,0.26905431505098354,0.05417621772622673,0.8761907101088171,0.7319308278463101,3.190646307530907,2.576235138353383,0.02326061963680551,0.3715304901419367,False,82,-8.312577973631067,0.8217959587634962,0.7982603223491022,0.7044113281231174,0.47422737753414224
nw6,2E,3,B,24,end,True,24,2023-12,2026-02,2.299670372641222,3.275808590321851,0.24523420529485046,0.006791294832314744,0.8024625639757889,0.7210755540376237,3.5543198080274157,2.8264702296588653,0.0341779902323632,0.08384824561885373,True,82,-2.877244621199149,0.5302621657729549,0.4840248161757274,0.6856537129556117,0.35331065913035375
nw6,2E,3,B,36,start,True,36,2005-04,2008-03,2.5879594543436277,2.3066485309861573,0.2807755471981397,0.008059987334533647,0.9221415016395511,0.6681968563582273,3.0341481566110398,2.468687845066509,0.019159021900028557,0.3199925008404611,True,82,-7.483685758981837,0.7843706362339647,0.7590404500244955,0.6965962578908178,0.4609092035718815
nw6,2E,3,B,36,end,True,36,2022-12,2026-02,2.6910235356181724,2.908120580972867,0.233851452032817,0.0006138778839656488,0.7094361786575645,0.7676019344521394,3.754046845707564,2.964049077029781,0.040903059500666444,0.2559003332547992,True,82,-2.185155065309382,0.48061169036973983,0.43292951365913096,0.7044956989919149,0.39934356677806215
nw6,2E,3,B,48,start,True,48,2005-04,2009-03,2.5614309006533196,2.502353269539693,0.28786351444581976,0.0035589090416248007,0.9503840598917673,0.671826810589482,2.945632235363736,2.4079021681311614,0.017012135903085507,0.2854988767356571,True,82,-6.91295227172937,0.7575273429579348,0.7302382820821648,0.6908084675063637,0.44015857601570896
nw6,2E,3,B,48,end,True,48,2021-08,2026-02,3.3621016993974977,2.5251492108969797,0.24719661054640304,0.00018489584487924463,0.6873818415064834,0.7989508049573116,3.5217320488493926,2.80403189601918,0.03312674691180986,0.482889187837808,True,82,-2.195426634122453,0.4813860109924404,0.43423168575974225,0.7142707014512334,0.4046427698843451
nw6,2E,3,B,60,start,True,60,2005-04,2010-03,2.95880465744982,2.4169113161587292,0.23079672834170498,0.00918677071205347,0.7074573157049342,0.6477101591427733,3.810975436190549,3.0032799231612572,0.04290357413245403,0.4009271169191458,True,82,-5.447466253277968,0.6837913128486485,0.6542676116115211,0.7176758635131006,0.4552616381833543
nw6,2E,3,B,60,end,True,60,2020-08,2026-02,3.498550573569373,2.1176553539175016,0.18756959824441918,0.000267502125446688,0.47386168044534166,0.7972632872569703,4.814056401728477,3.6954132601847096,0.08268638399149149,0.5747398775385527,True,82,-2.343145642523584,0.49238712523635086,0.45158061199499944,0.7425910665200954,0.46883609086780453
nw6,2E,3,B,80,start,True,80,2005-04,2012-11,3.4770815810170226,1.8342711614509344,0.11401096792679485,0.028676744644844872,0.22283509924721112,0.659975836712166,8.261000863167137,6.079653503205123,0.23395921089275937,0.6074503487796761,True,82,-1.6660374127717361,0.4397057653168148,0.4010834094530455,0.7889761442092407,0.5522168035846406
nw6,2E,3,B,80,end,True,80,2018-03,2026-02,3.4387385366059986,1.824191820101935,0.16118317506666174,0.00013926670958142588,0.3693358194417078,0.7817159268334551,5.689482114061618,4.300369317537486,0.12134044830957284,0.6253713196559202,True,82,-1.5847454309141655,0.4329501838084734,0.39060372311468156,0.7571006112042944,0.5191041055907568
nw6,2E,3,B,100,start,True,100,2005-04,2014-07,3.2438035031406223,1.884233086280548,0.1332008526844734,0.0036575687823780906,0.30443020446759494,0.6665811547378815,6.9955511704856566,5.203774349717373,0.1798960821078435,0.5775146605853873,True,82,-2.0282176809050307,0.4686219055211696,0.4322531074798825,0.7718837458858819,0.5482112533463109
nw6,2E,3,B,100,end,True,100,2016-02,2026-02,3.26716794049904,2.0400302772372427,0.161851957383636,7.148202818613765e-06,0.3915014227965886,0.7581427072235567,5.663779935106553,4.2825999250474664,0.12018459971814635,0.5688864082186927,True,82,-1.4253934512830764,0.41939199862809595,0.3746167772735768,0.7535316342793951,0.5097642668538777
nw6,2E,3,B,120,start,True,120,2005-04,2016-07,3.344508987681785,1.9397313057290606,0.1387906162053039,0.0004306674518103446,0.3148431722505292,0.7133814801461471,6.692651225657602,4.994193408109219,0.16645814069731285,0.5855944903527386,True,82,-1.7572840116508837,0.4471670468024818,0.40725107297557206,0.768227241187367,0.5297171962879057
nw6,2E,3,B,120,end,True,120,2014-02,2026-02,3.3059768445039195,2.0792540916673095,0.168676770872688,1.7733358170305117e-07,0.411220395067299,0.7893234201870626,5.413112633167431,4.1093220896617195,0.10895294922640245,0.5691444967753567,True,82,-1.389279019576375,0.41625788666064584,0.37001391065447753,0.7500742637845536,0.49861679166878603
nw6,2E,3,B,144,start,True,144,2005-04,2019-04,3.2333086903656945,1.8401580514070124,0.13058462150946024,0.00012798319976782397,0.2852608016618389,0.6959475050555308,7.1462121894878665,5.308030704899888,0.1865210339829924,0.5992871368303325,True,82,-1.2407706640751828,0.40311387373622,0.36094392659446534,0.7741794208169017,0.5557052411902518
nw6,2E,3,B,144,end,True,144,2011-02,2026-02,3.253415880212496,2.045888242387943,0.157160477307975,5.3956712800460646e-08,0.37455387384302513,0.787811306446098,5.848681611770274,4.4104420680884,0.1285105285562159,0.5635487806916583,True,82,-1.1829015318405718,0.39787450656574297,0.35067792074271803,0.7557078575063783,0.512836518284106
nw6,2E,3,B,full,all,True,214,2005-04,2026-02,3.3192943346757318,1.944772850411984,0.1446915588989115,9.10067301747791e-08,0.3322536195299329,0.7312266836598604,6.3982340761703,4.790515672335878,0.15327562567657085,0.586272996662972,True,82,-1.546346224619751,0.42972217698400683,0.38775519140173137,0.7643590557084997,0.526929972157507
nw5,2F,3,A,24,start,True,24,2005-04,2007-03,3.2673558470755157,1.860441857978009,0.037994253760802114,0.10807876580975163,,0.630117831162384,25.816541641675098,18.24347399803522,0.6282492719884848,0.56171920404978,False,82,-0.045808244843212886,0.30466475729922887,0.28033523586730047,0.9226339495091909,0.8396396297924082
nw5,2F,3,A,24,end,True,24,2024-03,2026-02,3.5857702017202544,2.068315509463175,0.0553449301800559,0.0049487909020144005,,0.8298564972077389,17.563757969275642,12.524131448082082,0.5049857422832573,0.5978368922321888,True,82,-2.5683758029116333,0.562770704068828,-0.5524778900907563,0.9456035700922222,0.8706657850880178
nw5,2F,3,A,36,start,True,36,2005-04,2008-03,3.2870211796481943,2.1249335802175704,0.03618813094997429,0.04038230811603712,,0.6490724275632394,27.130298137161464,19.153992272166178,0.6425504653209159,0.515340530881141,True,82,0.7201215461075676,0.15760896664994903,0.09062808896478347,0.9155199795636633,0.8126623499194141
nw5,2F,3,A,36,end,True,36,2023-03,2026-02,3.364948384731494,2.3044368827762263,0.04207298026622657,0.00404159668462249,,0.8118296560432978,23.264641677562356,16.474877134300808,0.5970202749472258,0.499702352743601,True,82,-1.3927995227803662,0.46083912704050956,-0.4449071803214371,0.9314040173052321,0.8374140397560257
nw5,2F,3,A,48,start,True,48,2005-04,2009-03,3.574200689195528,2.1525681552658695,0.04377901761342626,0.002445958910550688,,0.6593649149427665,22.338262287753075,15.832862826674512,0.5843852294088343,0.5610758164458868,True,82,0.8216543915210854,0.12581354472324927,-0.040990670987095905,0.9367703306088887,0.8405855712130464
nw5,2F,3,A,48,end,True,48,2022-03,2026-02,3.3125169312684473,2.174087324036972,0.043072997148157925,0.000965995435376524,,0.7883606110107763,22.71273270672706,16.092383313279342,0.5895840386262355,0.515584990691918,True,82,-1.1614644582572793,0.4379960943780539,-0.4228928775640907,0.9341490826861713,0.8535045202647314
nw5,2F,3,A,60,start,True,60,2005-04,2010-03,3.597830709984128,2.2613171680237243,0.04423077398369837,0.00030584054728790774,,0.6913780138276191,22.10492345207706,15.671151963458986,0.58108078594419,0.5480915258377956,True,82,0.5198162097980094,0.20644289288580878,-0.1666899879720825,0.9368503242888159,0.832875541175407
nw5,2F,3,A,60,end,True,60,2021-03,2026-02,3.550836958297001,2.0252042571929367,0.05224688854502996,7.175806114756765e-06,,0.7869485233498223,18.63542419419877,13.26676477514146,0.5252216583057636,0.5879801258618789,True,82,-1.0386623511827588,0.42537194195227124,-0.4118834310022088,0.9453921808859456,0.8727582671547971
nw5,2F,3,A,80,start,True,80,2005-04,2011-11,3.583750187267584,2.1194556541150313,0.04695679799029713,3.823444862963423e-06,,0.6964119503832211,20.79216324242048,14.76138089107296,0.5615016734219276,0.5610321240325811,True,82,0.4574406490718723,0.2194420314430334,-0.1876192891395453,0.9413386392041831,0.8540496764772542
nw5,2F,3,A,80,end,True,80,2019-07,2026-02,3.6288915617316144,2.0784228125188013,0.04968040339811551,8.64027352435341e-06,,0.7452101965076685,19.624414805970602,13.952124643702831,0.5425455674200251,0.5697623848078504,True,82,0.23952771407712115,0.2597992448337796,-0.23473912104425262,0.9441145526523514,0.8603661141028865
nw5,2F,3,A,100,start,True,100,2005-04,2013-07,3.6375921093228767,1.9959750794713471,0.050188974207378244,1.4876200418178467e-08,,0.7100753013613162,19.420404101440873,13.8107461151905,0.5390716353567873,0.5923807213334685,True,82,0.566482468988462,0.19615506236538882,-0.16298888188696484,0.9449995505681775,0.8657940933183116
nw5,2F,3,A,100,end,True,100,2017-07,2026-02,3.567146561123721,2.0113866532980818,0.049824382740351454,3.272258424310668e-07,,0.7506099571939135,19.56623565269871,13.911806678511716,0.5415600005251685,0.580777237269206,True,82,0.14918147241004842,0.27479868988917233,-0.25272771248452475,0.9444287858169556,0.8688182592189482
nw5,2F,3,A,120,start,True,120,2005-04,2015-03,3.491594891597045,2.076339283189405,0.0469631580009578,4.050575541366988e-09,,0.7130730567301087,20.78927864107855,14.759381823211479,0.5614567097659223,0.5695778288528422,True,82,0.04765039440346708,0.29073304151988216,-0.26899372755406764,0.9412617880722637,0.8629025000358127
nw5,2F,3,A,120,end,True,120,2015-07,2026-02,3.6704537978581686,2.0867812979205476,0.0523275544883006,3.284363041279869e-09,,0.7657420055577163,18.60591184897978,13.24631329207099,0.5246854721723425,0.5852639349121102,True,82,-0.3471217376992217,0.34577979353255145,-0.3274982681513945,0.9454696611391532,0.8613197818653502
nw5,2F,3,A,144,start,True,144,2005-04,2017-07,3.562367743941646,2.151009890717629,0.048443774812515585,4.3918779408132964e-11,,0.7325186528472443,20.138349297444307,14.308281781147839,0.5510784873857876,0.5650268330820584,True,82,-0.417871672245683,0.35474366736059504,-0.33644636303397957,0.9423559272438825,0.857507436510994
nw5,2F,3,A,144,end,True,144,2013-07,2026-02,3.5227615116787003,2.127399667940324,0.04876343514574718,6.497718869736705e-10,,0.759958147497084,20.003003018486304,14.214486294663697,0.5488610736424882,0.5633884566898877,True,82,-0.7772039491080267,0.3971593793836468,-0.38147379884818133,0.9425954459019296,0.8623928103984044
nw5,2F,3,A,full,all,True,243,2005-04,2026-02,3.5636669913416763,2.085516147094752,0.04910246713297451,4.661128403290338e-17,,0.7398424827279318,19.8613798965931,14.116341215255677,0.5465182226877693,0.5739089028023585,True,82,-0.1406250798912576,0.3181761678569114,-0.2984817244923683,0.9433887363987131,0.8631654943014666
nw5,2F,3,B,24,start,True,24,2005-04,2007-03,2.6290142016092077,2.5569440208713266,0.14266353261841705,0.3632941942024415,0.4474288808493841,0.6381280573758707,6.496677769890487,4.858615007199562,0.15769414381632432,0.24095513826798476,False,82,-2.7013041559331716,0.573156967220694,0.548217111353207,0.8300327275684781,0.6848973359489979
nw5,2F,3,B,24,end,True,24,2024-03,2026-02,3.1465420672090048,2.642665167549686,0.11380591999071778,0.03723973215052347,0.2472294409277638,0.8415780433890521,8.276823292218463,6.090607418458369,0.23460979182845504,0.4111189712356566,True,82,0.6369963725263768,0.17949471715050236,-0.09420331693323498,0.8714204870309523,0.7369825608048053
nw5,2F,3,B,36,start,True,36,2005-04,2008-03,2.936089105504318,2.432025362351572,0.09928236174262749,0.29071601130707403,0.2569919684382084,0.6542859638870346,9.563570518957144,6.981574253408784,0.28514384959790845,0.3766082321284422,False,82,-0.8585663351088806,0.4061488442673772,0.381873868560427,0.888649191794697,0.7844712739149191
nw5,2F,3,B,36,end,True,36,2023-03,2026-02,2.9531697507270938,2.8862642615727863,0.10809179783106634,0.02851984118170937,0.26857832853486585,0.8220191124659826,8.741865165008038,6.412578886357739,0.25342058764003844,0.27328856651374156,True,82,0.718661117296265,0.15801963989628037,0.011545644362312408,0.865191579539017,0.7201630275236063
nw5,2F,3,B,48,start,True,48,2005-04,2009-03,3.2033430473905846,2.5114322378004865,0.11351427371886971,0.2050319689003975,0.28358872335096136,0.6642468369876082,8.299426386251477,6.106255696764609,0.23553799107144435,0.4269826956061738,False,82,-0.45849923525117475,0.3597901682103757,0.3276221179336146,0.876651277512747,0.7508564480386741
nw5,2F,3,B,48,end,True,48,2022-03,2026-02,2.9925661158997876,2.591381691442199,0.09235281028323127,0.032778010443120245,0.19642887556088945,0.7952659335715169,10.31996712671712,7.505425968459151,0.31261139740374927,0.3558444767469752,True,82,0.7073460499735017,0.16116598384849498,-0.08318080713651389,0.8932515598259146,0.7853028283414146
nw5,2F,3,B,60,start,True,60,2005-04,2010-03,3.486525874354901,2.362954462775707,0.06531241340788436,0.350234825478641,0.0842788231917134,0.6918897800447426,14.805396934025685,10.612793868619624,0.4446289120650564,0.5122469128510471,False,82,0.8325769243032058,0.12190003956474396,0.03761349780396844,0.9362586021173288,0.8485171720284256
nw5,2F,3,B,60,end,True,60,2021-03,2026-02,3.2761251200013737,2.3639537674532036,0.09303149520183489,0.014209379967294785,0.1665501462554828,0.7917146816749122,10.240911916759947,7.450672259498138,0.3098178766875387,0.47718566280214336,True,82,0.704705722420174,0.16189137215550498,-0.09426719296864221,0.9047921022454869,0.8048275510734629
nw5,2F,3,B,80,start,True,80,2005-04,2011-11,3.5893874422936856,2.113046500860933,0.04588864320297812,0.2343382256886924,-0.004209230213459231,0.695151470049931,21.287969796655847,15.10498311083124,0.5691002593111135,0.5630652350417007,False,82,0.40311343603719374,0.23016648745503276,-0.19927217674557995,0.9401667255007492,0.8505185588901553
nw5,2F,3,B,80,end,True,80,2019-07,2026-02,3.3673887106001255,2.4232129774391318,0.09026688554128837,0.016072264054122938,0.16382101880063457,0.7487389257452722,10.570377205048596,7.678864473981409,0.32134240580256085,0.45465250666780116,True,82,0.8026481451991894,0.13234782081930782,-0.008605494217658303,0.9080683061400708,0.8034825163069018
nw5,2F,3,B,100,start,True,100,2005-04,2013-07,3.5866932239074494,2.0535668830608325,0.059054936987112186,0.04611604241342163,0.03507346400866276,0.7100965752289179,16.42831303800559,11.737328256081517,0.4816939759888164,0.5742783564347009,True,82,0.7753828881697996,0.1411944441159602,-0.09259631968253851,0.9450965475584243,0.8719868803540942
nw5,2F,3,B,100,end,True,100,2017-07,2026-02,3.3436081634799737,2.278553423898817,0.08441591212839783,0.008142662796018756,0.13625295852987662,0.7531969747483008,11.338759388006244,8.211096262345166,0.34703944208077137,0.4895572231415698,True,82,0.7818306963344992,0.1391531402092323,-0.06423332203585984,0.917493684329513,0.8283173612678472
nw5,2F,3,B,120,start,True,120,2005-04,2015-03,3.383580172474011,2.1981942502976857,0.0672735076679066,0.01354304805153001,0.07912580907749645,0.7144894999305228,14.358889290740022,10.303419645986693,0.43356253511490195,0.528651284409202,True,82,0.7631157696706452,0.14499875178943097,-0.09422222787171629,0.9364751283714572,0.8631421056318863
nw5,2F,3,B,120,end,True,120,2015-07,2026-02,3.452408709297525,2.3520227195147894,0.09029937600533038,0.00112035925732641,0.1472299439982495,0.7696194561456662,10.566388180463026,7.67610155488814,0.3212047146955625,0.49939742479555177,True,82,0.7176924452994226,0.15829144318854232,-0.08953305178412725,0.9109924781087696,0.8080104633235843
nw5,2F,3,B,144,start,True,144,2005-04,2017-07,3.440635823112906,2.296019142653548,0.07343398993204386,0.0028569054972348833,0.09627478515509777,0.7344616977203511,13.111316939678396,9.439051060706175,0.4004205660373417,0.5179943845552214,True,82,0.6962679017012785,0.16418804578370338,-0.11472982257596429,0.9299090779230385,0.8445744293697495
nw5,2F,3,B,144,end,True,144,2013-07,2026-02,3.278297023843951,2.4235795661712363,0.09522707516253759,0.0001743354823341748,0.17745335360648223,0.7662519591776702,9.992877222247728,7.278887641743196,0.3009366978274606,0.4612807118717181,True,82,0.7308516681233835,0.15455819414817054,-0.07544394388836455,0.9008718454753954,0.7949809519113484
nw5,2F,3,B,full,all,True,243,2005-04,2026-02,3.405123670539924,2.2730092866540987,0.07775635097441742,4.181949515945323e-05,0.11139555302961274,0.7426069357512062,12.35394106573764,8.914348112709112,0.37857164133328325,0.5118810826275914,True,82,0.7528945027919435,0.1480939756365519,-0.08794550593002264,0.9255831760351522,0.8400379882128067
wmc2,2G,3,A,24,start,True,24,2009-03,2011-02,3.5966073882056984,1.8331491001566107,0.05477218488569956,1.2718257520530557e-06,,0.9103370654904823,17.75274834450017,12.655094588730178,0.5086720990729934,0.633982152597847,True,82,-0.9990000975293116,0.3996940543062048,-0.3854254302710452,0.9451200463089621,0.8598234748967256
wmc2,2G,3,A,24,end,True,24,2024-03,2026-02,3.5393368631141606,1.6805961278953627,0.06015964674826934,0.013167722953694042,,0.732265597998798,16.117267924116188,11.521796054759673,0.47495127398232106,0.6709050707960531,True,82,-2.8773334182641643,0.5566572303186892,-0.5481154823014471,0.9486220372822298,0.881919785380049
wmc2,2G,3,A,36,start,True,36,2009-03,2012-07,3.5031157555000574,1.6032921671193339,0.0567995240083571,1.3433005813554078e-08,,0.8665291660575,17.100908583907476,12.203397698508184,0.49573334820885,0.6457594454190636,True,82,-0.8486232225113344,0.38436645870340574,-0.3719037296493284,0.9471322656902905,0.8820636795289889
wmc2,2G,3,A,36,end,True,36,2023-03,2026-02,3.2920120791289578,1.8763622241929077,0.047742714096426296,0.004297944576771846,,0.7392324804997753,20.441527842825874,14.518386599471304,0.5559703748345837,0.5889459203194471,True,82,-1.8623847413520327,0.47828337405274524,-0.46611776286674406,0.9354975997617624,0.8562367530331836
wmc2,2G,3,A,48,start,True,48,2009-03,2013-07,3.6221281228981606,1.5502165907592804,0.060329565225907884,7.91297524627628e-10,,0.8353810882566058,16.070435691836195,11.489344867055012,0.47392187195721797,0.6784937064525249,True,82,-0.6427658432105681,0.36233402000808085,-0.349114162740423,0.9490194158135489,0.8823132742865432
wmc2,2G,3,A,48,end,True,48,2022-03,2026-02,3.2675952910136967,1.7933312349604669,0.047452277847468236,0.0007338060633200004,,0.7387330703342233,20.569752846502205,14.60724778667137,0.5580086277140487,0.5940186370924972,True,82,-1.0528893770735257,0.4050457260578294,-0.3910233402507601,0.9353276890218365,0.8603213271794475
wmc2,2G,3,A,60,start,True,60,2009-03,2014-07,3.420824125070147,1.7368938447058015,0.053534768171382856,4.911661454530694e-09,,0.815851498275255,18.174864671513223,12.947607774090798,0.5167208413570191,0.6277469919359902,True,82,-1.607577490720272,0.45649906461011247,-0.4453652540398548,0.9440738897618831,0.8743557922282404
wmc2,2G,3,A,60,end,True,60,2021-03,2026-02,3.27499510520208,1.8280781642662958,0.04827724726159019,1.185583914963277e-05,,0.7723968097925104,20.20956807948927,14.35763677253859,0.5522369030144832,0.5989427668613911,True,82,-1.8387447877146452,0.4763042483354348,-0.4645614534874642,0.9366067937900615,0.8617527343701588
wmc2,2G,3,A,80,start,True,80,2009-03,2016-03,3.4646748133000047,1.8685368442765222,0.05151341145298825,3.230499030823045e-11,,0.8391379599554837,18.908013315355927,13.455664476667781,0.5301201753366757,0.6094416632689774,True,82,-1.3937976992325698,0.4373861258831234,-0.4242980132084261,0.9414439876323085,0.8588819509739496
wmc2,2G,3,A,80,end,True,80,2019-07,2026-02,3.3534646911745845,1.8555793224680561,0.04595586561749811,1.1282948346072538e-06,,0.7753447475732059,21.256087623291418,15.082888141617842,0.5686192906414839,0.5846273884886252,True,82,0.043588013486774435,0.2764673090804124,-0.2530530820341967,0.9323495387891654,0.8448613693735479
wmc2,2G,3,A,100,start,True,100,2009-03,2017-11,3.4266085766066174,1.992301834747358,0.049943178913658716,9.234013031278933e-12,,0.812472932245899,19.518485022735078,13.878715685244053,0.5407480533427613,0.5791803471880068,True,82,-2.6003863844936186,0.5364087278454832,-0.5250057101872524,0.9385705633429263,0.848552458658719
wmc2,2G,3,A,100,end,True,100,2017-11,2026-02,3.32461355004245,1.7583924081972346,0.04744362091529891,2.1332233056659897e-08,,0.7768497154882511,20.57359889397352,14.609913138742526,0.5580694861994956,0.6070709853368469,True,82,-0.0646957015812577,0.29169838901763834,-0.27161774299797625,0.9355288362263701,0.8584573544922087
wmc2,2G,3,A,120,start,True,120,2009-03,2019-07,3.3307420622486132,1.7989416118296129,0.050940823001991514,5.53167218401182e-14,,0.8063829467616177,19.12626438869106,13.606909737851053,0.5339732679980298,0.6083347165232393,True,82,-2.208133376313605,0.5063461218460038,-0.4959315435370661,0.9407424868322672,0.8693867662184276
wmc2,2G,3,A,120,end,True,120,2016-03,2026-02,3.2622686449551757,1.8629891672161647,0.04640249939510536,1.7161361139550835e-09,,0.7597285119520402,21.046603971383917,14.937712183517856,0.5654331274789501,0.5818940336030558,True,82,-1.3414007727031065,0.43257275142030704,-0.41874813590078414,0.9330107648495823,0.8527335593253667
wmc2,2G,3,A,144,start,True,144,2009-03,2021-07,3.3795193765504097,1.880351041925682,0.048953217456281006,3.4805491540643608e-15,,0.8030289998919636,19.923484000782473,14.159379435661794,0.5475484676885332,0.5914326065466117,True,82,-1.3076192201220436,0.4294408502611225,-0.415754519037099,0.9377082684543233,0.8552556585702493
wmc2,2G,3,A,144,end,True,144,2014-03,2026-02,3.3079469503984944,1.952606064656544,0.04613327033768143,1.570670469767757e-11,,0.7815136830925136,21.172394380863647,15.024887147308654,0.5673517688802032,0.570123572458304,True,82,-1.5951253720306418,0.4554077867773663,-0.44147654570220357,0.9321241563679086,0.8436551124179077
wmc2,2G,3,A,full,all,True,199,2009-03,2026-02,3.3515694169985513,1.861496716271349,0.04862827775130725,1.0314987964897782e-18,,0.7926927733367599,20.06001246469023,14.253994025961813,0.5497976309770658,0.5937682815906364,True,82,-1.3041249261671677,0.4291155883960951,-0.41557481830118664,0.9372204108754556,0.8568806465162896
wmc2,2G,3,B,24,start,True,24,2009-03,2011-02,3.5095656651280116,1.89590764344007,0.0774341101220199,0.26260528425010965,0.07927626260734454,0.9099390868775004,12.407489713865973,8.95144503459381,0.38016201444817793,0.6124094469445707,False,82,0.13760106198718736,0.2625278529638512,-0.24246737277702177,0.943815331710522,0.8732388891891537
wmc2,2G,3,B,24,end,True,24,2024-03,2026-02,2.800498072513608,2.7673171665593617,0.1764062713110004,0.013996856925485189,0.4865292462755424,0.7721437733827726,5.152569691637638,3.9292660935956296,0.09739942026869558,0.3085812051499508,True,82,0.669140523084288,0.16260843485866788,0.022093366914862217,0.8359955588964755,0.6752482730477335
wmc2,2G,3,B,36,start,True,36,2009-03,2012-07,3.4240646848478677,1.7099118457424818,0.08177738602706416,0.07076173260424641,0.0856694118199369,0.8603712136131026,11.721210692565363,8.476025148695127,0.3592326585158793,0.6141344071457637,False,82,0.06124106755574843,0.27390396649654747,-0.25637755687156444,0.9433363703312757,0.8837061114277279
wmc2,2G,3,B,36,end,True,36,2023-03,2026-02,2.645102919956071,2.938045171457696,0.17274577523195028,0.003860343411752317,0.5061731882819658,0.7756588641558052,5.273059446202481,4.012527540133693,0.10272305460462025,0.17617868897985825,True,82,0.5605943562056495,0.18739331572251344,0.08720024024198265,0.8278476221124598,0.6557408529494835
wmc2,2G,3,B,48,start,True,48,2009-03,2013-07,3.4936329374501724,1.7728004417822658,0.09470596223447805,0.011039997012512808,0.12700127478038092,0.8359436676181733,10.05070738226706,7.318939211491402,0.30302322891550304,0.6188607569884502,True,82,0.4737546637611345,0.20507627024540742,-0.17693948687887925,0.9347743293191836,0.8655028248045018
wmc2,2G,3,B,48,end,True,48,2022-03,2026-02,2.7462163755917635,2.583987220847936,0.1433184077712452,0.003947510278668853,0.38121587271139956,0.7625426994197474,6.464585153627174,4.83641418669888,0.15625474779619558,0.2936933671203846,True,82,0.7309129960801184,0.14664512897278348,0.013943871823018624,0.8626830669207027,0.7333458957717185
wmc2,2G,3,B,60,start,True,60,2009-03,2014-07,3.244181902704357,2.021234805573469,0.09760590693858562,0.0034802716786199164,0.16599974535432896,0.8206409648128355,9.736724417560533,7.101488037973755,0.2915781162456308,0.5427204559843152,True,82,0.5159116002289627,0.1966906058860303,-0.16338101014560474,0.9255767690111342,0.8499224645130266
wmc2,2G,3,B,60,end,True,60,2021-03,2026-02,2.7922396525997164,2.4908037199542417,0.13160406311725045,0.0006135604357684199,0.33809571989897574,0.793155040092193,7.086794531641142,5.266913225486035,0.1839134084999575,0.3557692366113614,True,82,0.757652007076459,0.13916851525946067,0.009877132764457657,0.875832331053203,0.7588727359651488
wmc2,2G,3,B,80,start,True,80,2009-03,2016-03,3.3310661946535065,2.124234268924313,0.08803160778579724,0.001732697282457673,0.13690165015960573,0.8431123185249529,10.851878169545182,7.873844383787065,0.33094622930892087,0.5364111287276822,True,82,0.41157273769022473,0.2168541177155246,-0.187655541030327,0.9315353634358794,0.8522089899245636
wmc2,2G,3,B,80,end,True,80,2019-07,2026-02,2.9736025818033403,2.4142100426521855,0.11357539120943427,0.0007748543412038161,0.27278237328763455,0.7875036813477211,8.294680072371163,6.102969782263609,0.2353431989864244,0.3818033005790295,True,82,0.7697069192221608,0.1356630963456134,0.044103719978617666,0.8972553302112257,0.7940462080080805
wmc2,2G,3,B,100,start,True,100,2009-03,2017-11,3.20264809710253,2.3424967238029306,0.10860747063772849,1.041339730741401e-05,0.21694378418389448,0.8243621527128189,8.697890988627435,6.3821316939790425,0.251667931758698,0.4681564476291546,True,82,0.48782405872324386,0.20231629694411418,-0.15993309930064967,0.9083709071264651,0.8078860819842062
wmc2,2G,3,B,100,end,True,100,2017-11,2026-02,3.010572342592776,2.1757629413440247,0.10203903309254417,0.00044117372193191686,0.21579989979306427,0.7853035820564015,9.29120393939664,6.792961081190335,0.27484605451093486,0.45714140754643606,True,82,0.8222682165767112,0.11918012309384018,-0.02736610959332069,0.914313500023098,0.8316391653368508
wmc2,2G,3,B,120,start,True,120,2009-03,2019-07,3.1154262973870783,2.1120497126834623,0.10491320447473036,4.340628486221737e-06,0.1980416089241781,0.8160624135748179,9.022454321741874,6.606863111562838,0.26447328199798115,0.5067611208142508,True,82,0.43296495123438905,0.21287577011872819,-0.17891087854556662,0.9157504904523714,0.8334911566539869
wmc2,2G,3,B,120,end,True,120,2016-03,2026-02,2.898958947045294,2.3110403869677016,0.11100665358899311,7.252393513172732e-06,0.2523794975991157,0.7755143942668474,8.498665822407494,6.2441949031843835,0.2436588143231384,0.41202761521534104,True,82,0.7534876310984023,0.14035912036911996,-0.06481397497733656,0.9006373168143803,0.8060523993137542
wmc2,2G,3,B,144,start,True,144,2009-03,2021-07,3.1834417218051536,2.148482652435079,0.09100393725696122,7.559119149539204e-06,0.15912218388680888,0.8096264679931188,10.480585549385022,7.616672436960126,0.3182321297415663,0.5023847632057423,True,82,0.5498067900202188,0.18967965475954973,-0.15464936594320727,0.9266570715905743,0.8490702735628924
wmc2,2G,3,B,144,end,True,144,2014-03,2026-02,2.9976576852837775,2.3677962083345916,0.10641618548772873,1.3032110957373146e-06,0.23346204159606662,0.7946653043983916,8.887692481630522,6.513550334313335,0.2591931535017157,0.4202748135875167,True,82,0.7162655061938152,0.1505834865863322,-0.08597277112009796,0.9049648000940678,0.8087522075753096
wmc2,2G,3,B,full,all,True,199,2009-03,2026-02,3.110245760702011,2.2124058178136385,0.10078976720939516,7.010730060101097e-08,0.19883416019909114,0.8019054647564681,9.412790587132037,6.877158264686748,0.2794698005640292,0.476639059135428,True,82,0.668156747965712,0.16285000477942913,-0.11411133410356204,0.9162495114167571,0.8310919806547417
