site_no,sketch_slack,well,headline,dist_m,ground_m_od,form,basis,datum_m,run_datum_m,beta_1,beta_2,beta_3,n,n_at_surface,r,nse_after_offset,range_ratio,nse_dry_year,n_dry_year,spinup_months
1,PL,ceh25,True,92.60119537563357,9.11,A,comparison_window,0.5,0.5,4.344595717650335,4.717797356868137,0.45630868685307757,24,1,0.9343795565196941,0.8538016294829742,1.0530191325395595,0.8884369090189741,8,239
1,PL,ceh25,True,92.60119537563357,9.11,A,full_record,0.5,0.5,4.045485806431917,4.5839268271116405,0.4544673135618894,24,1,0.9358686869838645,0.8658052239045093,1.0327023820859453,0.9081237837042752,8,239
1,PL,ceh25,True,92.60119537563357,9.11,A,comparison_window,0.6,0.6,4.5651676700272725,4.308890694364925,0.43428145952359637,24,1,0.9342945521187566,0.8582281962518724,1.0401279994877837,0.9101519623315464,8,239
1,PL,ceh25,True,92.60119537563357,9.11,A,full_record,0.6,0.6,4.266238468481427,4.178409357057571,0.43384536976391863,24,1,0.9359491788961344,0.8695861013443015,1.018294157422652,0.9260569390731196,8,239
1,PL,ceh25,True,92.60119537563357,9.11,A,comparison_window,0.7,0.7,4.759203625697912,3.934989025381384,0.4127667774296918,24,1,0.9328819933721193,0.8584414994499842,1.0290135361279968,0.9246075304925658,8,239
1,PL,ceh25,True,92.60119537563357,9.11,A,full_record,0.7,0.7,4.4569777930877565,3.802989697337373,0.4122768721532101,24,1,0.934723087906546,0.8693984907809784,1.0061177051151113,0.9367377954766452,8,239
1,PL,ceh25,True,92.60119537563357,9.11,A,comparison_window,0.8,0.8,4.929405893778821,3.5952518494326604,0.3921228394247124,24,1,0.9301865178390405,0.854986680810109,1.019586990508091,0.9331772483763416,8,239
1,PL,ceh25,True,92.60119537563357,9.11,A,full_record,0.8,0.8,4.620152103456744,3.460873071665898,0.3906869473013223,24,1,0.9322147781291369,0.8658263867769418,0.9960312940182491,0.9416562518827075,8,239
1,PL,ceh25,True,92.60119537563357,9.11,A,comparison_window,0.9,0.9,5.078552717330652,3.287697277774038,0.3725495235156894,24,1,0.9262877182763743,0.8483237283828764,1.0117590527435232,0.9370919648148696,8,239
1,PL,ceh25,True,92.60119537563357,9.11,A,full_record,0.9,0.9,4.758875136844326,3.152302279336398,0.3696779046354034,24,1,0.9284769805219842,0.8593191499480106,0.9878932927621613,0.9421749070556912,8,239
1,PL,ceh25,True,92.60119537563357,9.11,A,comparison_window,1.0,1.0,5.2092922822359595,3.009785769650401,0.3541393671439312,24,1,0.921295559402366,0.838843885600998,1.0054356109635987,0.9374223378402283,8,239
1,PL,ceh25,True,92.60119537563357,9.11,A,full_record,1.0,1.0,4.8763917920097715,2.8757667304925807,0.34961324192989374,24,1,0.9235968561421548,0.8502344330858004,0.981560724798408,0.9394781441505897,8,239
1,PL,ceh25,True,92.60119537563357,9.11,A,comparison_window,1.1,1.1,5.324041823943132,2.7587858704155175,0.3369145626127381,24,1,0.9153437653540933,0.8268851810776149,1.0005163945016398,0.9350766543753032,8,239
1,PL,ceh25,True,92.60119537563357,9.11,A,full_record,1.1,1.1,4.975781256015379,2.6288377921987736,0.33068881859931537,24,1,0.9176957063205177,0.838872493787671,0.9768872706218513,0.9345568930954984,8,239
1,PL,ceh25,True,92.60119537563357,9.11,A,comparison_window,1.2,1.2,5.42495002312028,2.5319914491028546,0.3208529362399242,24,1,0.908581814386518,0.8127458472267449,0.9981011444171194,0.930808576046483,8,239
1,PL,ceh25,True,92.60119537563357,9.11,A,full_record,1.2,1.2,5.059815829002467,2.4087066835501294,0.31298777094678676,24,1,0.9109231263463766,0.8255014587378733,0.9737229463924341,0.928214005651354,8,239
1,PL,ceh25,True,92.60119537563357,9.11,A,comparison_window,1.3,1.3,5.513895196180581,2.326841952914116,0.3059057394152595,24,1,0.901166504352334,0.7966950634063324,0.997414849615034,0.9252308101444545,8,239
1,PL,ceh25,True,92.60119537563357,9.11,A,full_record,1.3,1.3,5.130913200963548,2.2125092082355797,0.2965204818976331,24,1,0.9034473818388022,0.8103741005805151,0.9719154518593806,0.9210808937746895,8,239
1,PL,ceh25,True,92.60119537563357,9.11,A,comparison_window,1.4,1.4,5.59250211053981,2.1409815377755006,0.2920095730914126,24,1,0.8932540556881525,0.7789809650770199,0.9977257487916054,0.9188317344252991,8,239
1,PL,ceh25,True,92.60119537563357,9.11,A,full_record,1.4,1.4,5.191140155122983,2.0375078076630744,0.281252524970742,24,1,0.895444273885883,0.7937374771667469,0.9713125063849561,0.9136394510518824,8,239
1,PL,ceh25,True,92.60119537563357,9.11,A,comparison_window,1.5,1.5,5.662167166040148,1.972281020008952,0.27909421243260857,24,1,0.8849934850260511,0.7598361785892753,0.9989175104955229,0.9119928821132668,8,239
1,PL,ceh25,True,92.60119537563357,9.11,A,full_record,1.5,1.5,5.242241525718815,1.8811829049138886,0.26712361049081074,24,1,0.8870865590644114,0.7758371296788196,0.9718056790010259,0.906245479356573,8,239
1,PL,ceh25,True,92.60119537563357,9.11,A,comparison_window,1.6,1.6,5.724086089231284,1.818838158216931,0.267087617853156,24,1,0.8765216491211614,0.7394812999921999,1.0008769062380212,0.9050059158059988,8,239
1,PL,ceh25,True,92.60119537563357,9.11,A,full_record,1.6,1.6,5.285679146193884,1.7412691646887315,0.2540600962393351,24,1,0.8785353414125766,0.7569175099931861,0.9739456168653686,0.8991513449935433,8,239
1,PL,ceh25,True,92.60119537563357,9.11,A,comparison_window,1.7,1.7,5.779280992643626,1.6789660586418025,0.25591904299584084,24,1,0.8679600408532798,0.7181267818076531,1.0034960558455164,0.8980882770478795,8,239
1,PL,ceh25,True,92.60119537563357,9.11,A,full_record,1.7,1.7,5.322672460905764,1.615759926494717,0.24198303293265216,24,1,0.8699340899840634,0.7372200677695351,0.9767585076475419,0.8925266098508019,8,239
1,PL,ceh25,True,92.60119537563357,9.11,A,comparison_window,1.8,1.8,5.828625259138949,1.5511757375925421,0.24552087230562167,24,1,0.8593281415283487,0.6963088831126707,1.0066738467382514,0.8913971020077056,8,239
1,PL,ceh25,True,92.60119537563357,9.11,A,full_record,1.8,1.8,5.354236641374139,1.5028944391089378,0.23081317983288827,24,1,0.8614053009632326,0.716980111595363,0.9801173684075944,0.8864760589731646,8,239
1,PL,ceh25,True,92.60119537563357,9.11,A,comparison_window,1.9,1.9,5.872865634591861,1.4341564551778658,0.23582962201493027,24,1,0.8507470711249296,0.6740127395719061,1.0103167372192208,0.8850412670915337,8,239
1,PL,ceh25,True,92.60119537563357,9.11,A,full_record,1.9,1.9,5.381216431874659,1.401136797488367,0.22047400120215782,24,1,0.8530494198933443,0.6964232503338648,0.983905885392835,0.8810549747195415,8,239
1,PL,ceh25,True,92.60119537563357,9.11,A,comparison_window,2.0,2.0,5.912641419383928,1.3267559057813472,0.22678639905190498,24,1,0.8423104688737215,0.6513218865604737,1.014339112486958,0.8790916006032511,8,239
1,PL,ceh25,True,92.60119537563357,9.11,A,full_record,2.0,2.0,5.404315242494541,1.3091518117741932,0.21089333939601893,24,1,0.8449454609300173,0.6757619589285293,0.9880191002966725,0.8762817632816209,8,239
1,PL,ceh25,True,92.60119537563357,9.11,A,comparison_window,2.1,2.1,5.9485009099116635,1.227961401297187,0.21833701613330392,24,1,0.8340759738577753,0.6284046331231798,1.018663324268855,0.8735893954300238,8,239
1,PL,ceh25,True,92.60119537563357,9.11,A,full_record,2.1,2.1,5.4241196612707245,1.2257807466310788,0.20200423592649175,24,1,0.8371527457892468,0.6551926070738003,0.9923635359715608,0.872148177183147,8,239
1,PL,ceh25,True,92.60119537563357,9.11,A,comparison_window,2.2,2.2,5.980915359747856,1.1368826048155536,0.21043189543038324,24,1,0.8260883730463794,0.605417668062607,1.0232195130802024,0.8685534062935636,8,239
1,PL,ceh25,True,92.60119537563357,9.11,A,full_record,2.2,2.2,5.441119849129781,1.1500184731223901,0.1937452157938785,24,1,0.8297132648854365,0.6348931353030183,0.9968569364278568,0.8686274380909402,8,239
1,PL,ceh25,True,92.60119537563357,9.11,A,comparison_window,2.3,2.3,6.01029076913105,1.0527360287255942,0.20302584841962132,24,1,0.8183810736565352,0.5825053830068049,1.0279452865178906,0.8639855311254312,8,239
1,PL,ceh25,True,92.60119537563357,9.11,A,full_record,2.3,2.3,5.455726377856225,1.080992746125554,0.18606024371708332,24,1,0.8226542802671526,0.6150214523402076,1.001427750767797,0.8656805769717848,8,239
1,PL,ceh25,True,92.60119537563357,9.11,A,comparison_window,2.4,2.4,6.036977808318952,0.9748313139875544,0.19607778925738614,24,1,0.8109776559180549,0.559799354427226,1.032785307128805,0.8598753724243305,8,239
1,PL,ceh25,True,92.60119537563357,9.11,A,full_record,2.4,2.4,5.468284068051622,1.0179458430532087,0.17889848881013828,24,1,0.8159909079017483,0.5957145508368508,1.0060144558548902,0.8632612935391017,8,239
1,PL,ceh25,True,92.60119537563357,9.11,A,comparison_window,2.5,2.5,6.0612801566215655,0.9025592003668726,0.1895504186492019,24,1,0.803893396354811,0.5374180222653648,1.0376908283342146,0.8562038598487668,8,239
1,PL,ceh25,True,92.60119537563357,9.11,A,full_record,2.5,2.5,5.479083334733032,0.9602185371187306,0.17221398596421306,24,1,0.8097285170954188,0.5770882879911275,1.010564786281035,0.8613196075381162,8,239
1,PL,ceh25,True,92.60119537563357,9.11,A,comparison_window,2.6,2.6,6.083461506827536,0.8353810451384611,0.18340990154872483,24,1,0.7971366916782939,0.5154665785211494,1.042619205681137,0.8529460955613339,8,239
1,PL,ceh25,True,92.60119537563357,9.11,A,full_record,2.6,2.6,5.488369481927356,0.9072362444141255,0.16596525007696245,24,1,0.8038648611815141,0.55923774672388,1.0150349207428806,0.8598045392867648,8,239
1,PL,ceh25,True,92.60119537563357,9.11,A,comparison_window,2.7,2.7,6.103751450889929,0.7728197278486735,0.17762555294785962,24,1,0.7907103441703328,0.494037061704347,1.0475334024603478,0.8500735625630818,8,239
1,PL,ceh25,True,92.60119537563357,9.11,A,full_record,2.7,2.7,5.496350319299021,0.858497125323613,0.16011487805420077,24,1,0.798391906902608,0.5422380771171786,1.0193886596455402,0.8586660211381979,8,239
1,PL,ceh25,True,92.60119537563357,9.11,A,comparison_window,2.8,2.8,6.122350430534856,0.7144517773036962,0.17216954002846035,24,1,0.7846126916346612,0.4732086411724109,1.0524015027509368,0.8475558155320275,8,239
1,PL,ceh25,True,92.60119537563357,9.11,A,full_record,2.8,2.8,5.503202410577959,0.8135619046935448,0.15462915959673937,24,1,0.7932973641184463,0.5261457127996352,1.023596618283147,0.8578562079634057,8,239
1,PL,ceh25,True,92.60119537563357,9.11,A,comparison_window,2.9,2.9,6.139433907442098,0.6599005655305494,0.16701660503271942,24,1,0.7788385800176306,0.4530480679170168,1.0571962406434645,0.8453617546187444,8,239
1,PL,ceh25,True,92.60119537563357,9.11,A,full_record,2.9,2.9,5.509076208130538,0.7720451820816446,0.14947770874575925,24,1,0.788553659555489,0.5110189098950381,1.0276354522706301,0.8573303247004498,8,239
1,PL,ceh25,True,92.60119537563357,9.11,A,comparison_window,3.0,3.0,6.1551558823361,0.6088304268890296,0.16214381069191558,24,1,0.773380186233872,0.4336102643155575,1.0618945513098073,0.843460565742195,8,239
1,PL,ceh25,True,92.60119537563357,9.11,A,full_record,3.0,3.0,5.514100281028894,0.7336080216859697,0.14463312235757883,24,1,0.7840353007228301,0.4970487556367835,1.0314871262527305,0.8570471629276937,8,239
1,PL,ceh25,True,92.60119537563357,9.11,A,comparison_window,3.1,3.1,6.169651870694301,0.5609415757647825,0.1575303084699388,24,1,0.7682277040721363,0.4149390238880638,1.0664771473908126,0.8418223962867383,8,239
1,PL,ceh25,True,92.60119537563357,9.11,A,full_record,3.1,3.1,5.518384804939784,0.6979516344725444,0.14007066801721804,24,1,0.7798463737795487,0.48405515747108285,1.0351382327387388,0.856969316243976,8,239
1,PL,ceh25,True,92.60119537563357,9.11,A,comparison_window,3.2,3.2,6.183041424538807,0.5159657116138936,0.15315712891637945,24,1,0.7633699085460419,0.3970677924957402,1.0709281226136047,0.8404188226343684,8,239
1,PL,ceh25,True,92.60119537563357,9.11,A,full_record,3.2,3.2,5.522024450149027,0.6648119888163577,0.13576800164751682,24,1,0.7759693276394509,0.4720342241445582,1.0385793648099666,0.8570632256805328,8,239
1,PL,ceh25,True,92.60119537563357,9.11,A,comparison_window,3.3,3.3,6.195430274532178,0.47366221462696556,0.14900699287280395,24,1,0.7587946146648975,0.38002050411507393,1.0752345834472357,0.8392231554789495,8,239
1,PL,ceh25,True,92.60119537563357,9.11,A,full_record,3.3,3.3,5.525100778013857,0.6339552086542292,0.1317049137385561,24,1,0.7723861890957988,0.46097201023462797,1.0418045441429122,0.8572990910235234,8,239
1,PL,ceh25,True,92.60119537563357,9.11,A,comparison_window,3.4,3.4,6.206912153930226,0.4338148484870259,0.14506414199258535,24,1,0.7544890460481891,0.36381244686515646,1.0793863088283349,0.8382106201243887,8,239
1,PL,ceh25,True,92.60119537563357,9.11,A,full_record,3.4,3.4,5.527684235086908,0.6051736387737008,0.12786310238608997,24,1,0.7690789421119368,0.45084620178605483,1.0448107040878574,0.8576506913639588,8,239
1,PL,ceh25,True,92.60119537563357,9.11,A,comparison_window,3.5,3.5,6.217570355457456,0.3962288984468805,0.14131418692349892,24,1,0.7504401275995234,0.34845113799716987,1.083375437444035,0.837358441725249,8,239
1,PL,ceh25,True,92.60119537563357,9.11,A,full_record,3.5,3.5,5.529835817183202,0.5782824750827256,0.12422597097225929,24,1,0.7660298135459962,0.44162768793915774,1.0475972263001072,0.8580951480028043,8,239
1,PL,ceh25,True,92.60119537563357,9.11,A,comparison_window,3.6,3.6,6.227479063508688,0.3607286832458162,0.13774397149891127,24,1,0.7466347149336882,0.3339371897983977,1.087196181682537,0.8366458594594386,8,239
1,PL,ceh25,True,92.60119537563357,9.11,A,full_record,3.6,3.6,5.531608461997799,0.5531168735021944,0.1207784482047287,24,1,0.7632214834197232,0.4332819984607901,1.0501655285363334,0.8586126546485706,8,239
1,PL,ceh25,True,92.60119537563357,9.11,A,comparison_window,3.7,3.7,6.236704496931966,0.3271553883074013,0.13434145134502273,24,1,0.7430597716344838,0.32026515161384794,1.090844567105611,0.8360540887253957,8,239
1,PL,ceh25,True,92.60119537563357,9.11,B,comparison_window,,0.7655081872771836,4.873218227674201,3.708680848608292,0.39912979398774456,24,1,0.9312569037596095,0.8565624443565217,1.0226531783360393,0.9308063694218809,8,239
1,PL,ceh25,True,92.60119537563357,9.11,A,full_record,3.7,3.7,5.533048217885298,0.5295294646499039,0.11750682825802622,24,1,0.7606372349711321,0.4257705959680591,1.0525187006254308,0.859186193321491,8,239
1,PL,ceh25,True,92.60119537563357,9.11,B,full_record,,0.7613555798816334,4.560170940367843,3.589068759103701,0.39898826143587346,24,1,0.9333334745712051,0.8675769508935802,0.9996903777817453,0.940348196978307,8,239
1,PL,ceh25,True,92.60119537563357,9.11,A,comparison_window,3.8,3.8,6.245305891751398,0.29536517533558804,0.13109558540998822,24,1,0.7397025038454903,0.3074243163001653,1.0943181961293922,0.8355662464534792,8,239
1,PL,ceh25,True,92.60119537563357,9.11,A,full_record,3.8,3.8,5.534195227560286,0.5073882129694227,0.11439862887225392,24,1,0.7582610571310929,0.41905201883214127,1.05466118524161,0.8598012492343724,8,239
1,PL,ceh25,True,92.60119537563357,9.11,A,comparison_window,3.9,3.9,6.253336348321861,0.2652275299962973,0.1279962390373138,24,1,0.7365504602362787,0.2953994823000974,1.0976160344972532,0.8351672513620187,8,239
1,PL,ceh25,True,92.60119537563357,9.11,A,full_record,3.9,3.9,5.535084558343656,0.4865745686531929,0.11144246542011464,24,1,0.7560777097879994,0.4130828763614083,1.0569369970280889,0.8604455339080691,8,239
1,PL,ceh25,True,92.60119537563357,9.11,A,comparison_window,4.0,4.0,6.260843563387958,0.23662381497536372,0.1250340973290201,24,1,0.7335916040791214,0.2841716651014268,1.1007382190741346,0.8348437083446021,8,239
1,PL,ceh25,True,92.60119537563357,9.11,A,full_record,4.0,4.0,5.535746904822047,0.46698186886443077,0.1086279391283285,24,1,0.7540727602585321,0.40781870204685466,1.0590832090552909,0.8611087226887757,8,239
1,PL,ceh25,True,92.60119537563357,9.11,A,comparison_window,4.1,4.1,6.267870464195122,0.20944600047366424,0.1222005876661458,24,1,0.7308143630277005,0.2737187540913455,1.103685885474164,0.8345837840395357,8,239
1,PL,ceh25,True,92.60119537563357,9.11,A,full_record,4.1,4.1,5.536209185132639,0.4485139516057035,0.10594553781851263,24,1,0.7522325977471132,0.4032146735977272,1.0610391490347695,0.8617822104873135,8,239
1,PL,ceh25,True,92.60119537563357,9.11,A,comparison_window,4.2,4.2,6.274455759047768,0.18359554825417967,0.1194878103709312,24,1,0.728207661206401,0.2640161127282027,1.1064610140431985,0.8343770789152748,8,239
1,PL,ceh25,True,92.60119537563357,9.11,A,full_record,4.2,4.2,5.53649504831359,0.43108395131721716,0.1033865477061766,24,1,0.7505444312201045,0.3992262104020109,1.0628106363540062,0.8624588878084712,8,239
1,PL,ceh25,True,92.60119537563357,9.11,A,comparison_window,4.3,4.3,6.280634416424537,0.15898242879985885,0.11688847660403642,24,1,0.7257609373852227,0.2550371215365653,1.1090662927486907,0.8342144998324886,8,239
1,PL,ceh25,True,92.60119537563357,9.11,A,full_record,4.3,4.3,5.53662530709795,0.4146132500917527,0.10094297495942904,24,1,0.7489962750070306,0.3958094601103753,1.0644039949976833,0.8631329378575322,8,239
1,PL,ceh25,True,92.60119537563357,9.11,A,comparison_window,4.4,4.4,6.286438082862458,0.13552425406637775,0.11439585269014241,24,1,0.7234641523155536,0.24675366470818805,1.111504995575677,0.8340881359521425,8,239
1,PL,ceh25,True,92.60119537563357,9.11,A,full_record,4.4,4.4,5.536618308035851,0.3990305624175454,0.09860747586872518,24,1,0.7475769255339557,0.39292168644489645,1.0658259103979157,0.8637996545993378,8,239
1,PL,ceh25,True,92.60119537563357,9.11,A,comparison_window,4.5,4.5,6.291895448240007,0.11314551079951607,0.11200371015603146,24,1,0.7213077877195109,0.23913656208916712,1.1137808750855887,0.8339911399981428,8,239
1,PL,ceh25,True,92.60119537563357,9.11,A,full_record,4.5,4.5,5.536490248795452,0.3842711347335519,0.09637329461451799,24,1,0.7462759318602048,0.3905215702360971,1.0670833082937439,0.8644552810193816,8,239
1,PL,ceh25,True,92.60119537563357,9.11,A,comparison_window,4.6,4.6,6.297032565769651,0.09177688150038077,0.10970628084684717,24,1,0.7192828389437014,0.23215594908286608,1.115898067860649,0.8339176162098484,8,239
1,PL,ceh25,True,92.60119537563357,9.11,A,full_record,4.6,4.6,5.536255450829075,0.3702760439113063,0.09423420774110461,24,1,0.7450835620990406,0.3885694352314547,1.0681832530237894,0.865096866428727,8,239
1,PL,ceh25,True,92.60119537563357,9.11,A,comparison_window,4.7,4.7,6.301873132906179,0.07135464192012042,0.10749821655910716,24,1,0.7173808028919392,0.22578160753280074,1.1178610116282819,0.8338625157988863,8,239
1,PL,ceh25,True,92.60119537563357,9.11,A,full_record,4.7,4.7,5.53592659422595,0.35699158115434726,0.09218447455291269,24,1,0.7439907673300502,0.3870274095103434,1.0691328628741945,0.8657221414111502,8,239
1,PL,ceh25,True,92.60119537563357,9.11,A,comparison_window,4.8,4.8,6.306438738452382,0.05182012549814963,0.1053745526939265,24,1,0.715593662526907,0.21998325100151273,1.1196743729348495,0.8338215403266999,8,239
1,PL,ceh25,True,92.60119537563357,9.11,A,full_record,4.8,4.8,5.53551492045063,0.34436870980522244,0.09021879274489483,24,1,0.7429891442339319,0.38585953247683935,1.0699392403082384,0.8663294088885766,8,239
1,PL,ceh25,True,92.60119537563357,9.11,A,comparison_window,4.9,4.9,6.310749080366193,0.03311924646504494,0.10333067549136685,24,1,0.7139138689660934,0.21473076806209346,1.121342984314437,0.8337910531201623,8,239
1,PL,ceh25,True,92.60119537563357,9.11,A,full_record,4.9,4.9,5.535030407740711,0.33236258723406087,0.08833225866276653,24,1,0.7420708973810439,0.38503181645566786,1.07060941510801,0.8669174497458898,8,239
1,PL,ceh25,True,92.60119537563357,9.11,A,comparison_window,5.0,5.0,6.314822158119275,0.015202074447771108,0.1013622924576593,24,1,0.7123343219821987,0.20999442729637163,1.1228717899749106,0.8337679986224139,8,239
1,PL,ceh25,True,92.60119537563357,9.11,A,full_record,5.0,5.0,5.534481923172432,0.32093214240334145,0.08652033166261258,24,1,0.7412288018683186,0.38451227094294627,1.0711502986570023,0.8674854414824247,8,239
1,PL,ceh25,True,92.60119537563357,9.11,A,comparison_window,5.1,5.1,6.318674442904987,-0.0019775456299631067,0.09946540564190233,24,1,0.7108483495439202,0.205745047673905,1.124265799098798,0.8337498294183924,8,239
1,PL,ceh25,True,92.60119537563357,9.11,A,full_record,5.1,5.1,5.533877354769166,0.31003970190462515,0.08477880210404974,24,1,0.7404561668127657,0.38427089660280167,1.0715686477820558,0.8680328884248124,8,239
1,PL,ceh25,True,92.60119537563357,9.11,A,comparison_window,5.2,5.2,6.322321028526934,-0.018462333740959735,0.0976362874583862,24,1,0.7094496868922682,0.20195413789096162,1.125530045929928,0.8337344405661673,8,239
1,PL,ceh25,True,92.60119537563357,9.11,A,full_record,5.2,5.2,5.533223726500422,0.2996506582798073,0.08310376256774571,24,1,0.7397468000636581,0.3842796551818648,1.0718710367510782,0.8685595621289288,8,239
1,PL,ceh25,True,92.60119537563357,9.11,A,comparison_window,5.3,5.3,6.325775765403842,-0.03429187972789233,0.09587145878552941,24,1,0.708132455534162,0.1985940080980756,1.1266695558872357,0.8337201107950656,8,239
1,PL,ceh25,True,92.60119537563357,9.11,A,full_record,5.3,5.3,5.5325272985810345,0.2897331753022249,0.08149158193757053,24,1,0.7390949743815997,0.3845124206546149,1.072063836188404,0.8690654507066651,8,239
1,PL,ceh25,True,92.60119537563357,9.11,A,comparison_window,5.4,5.4,6.329051379790501,-0.049502917139660374,0.09416766910309651,24,1,0.7068911424440542,0.195637857254771,1.1276893170146043,0.8337054500909964,8,239
1,PL,ceh25,True,92.60119537563357,9.11,A,full_record,5.4,5.4,5.531793655113089,0.28025792562617236,0.07993888203092266,24,1,0.7384953952443684,0.38494491612490744,1.0721531978212615,0.8695507159275351,8,239
1,PL,ceh25,True,92.60119537563357,9.11,A,comparison_window,5.5,5.5,6.332159580028726,-0.06412956949379128,0.09252187845635627,24,1,0.7057205796914737,0.1930598391342555,1.1285942561391693,0.8336893531711465,8,239
1,PL,ceh25,True,92.60119537563357,9.11,A,full_record,5.5,5.5,5.53102778080707,0.27119785683801434,0.07844251649856829,24,1,0.737943170371565,0.3855546402979735,1.072145044108973,0.870015657060181,8,239
1,PL,ceh25,True,92.60119537563357,9.11,A,comparison_window,5.6,5.6,6.335111151398559,-0.07820357207982442,0.09093124105965733,24,1,0.7046159246542899,0.19083510977008755,1.129389219170456,0.8336709583487101,8,239
1,PL,ceh25,True,92.60119537563357,9.11,A,full_record,5.6,5.6,5.530234128261058,0.26252798247474174,0.07699955174839014,24,1,0.7374337810083125,0.386320786703902,1.0720450619309438,0.8704606805304862,8,239
1,PL,ceh25,True,92.60119537563357,9.11,A,comparison_window,5.7,5.7,6.337916040931519,-0.09175447203136916,0.08939309037281445,24,1,0.703572640931348,0.18893985889989895,1.1300789550285182,0.8336496112988334,8,239
1,PL,ceh25,True,92.60119537563357,9.11,A,full_record,5.7,5.7,5.529416677060548,0.2542251950314534,0.07560724967633609,24,1,0.7369630549693167,0.3872241582963283,1.0718586996211614,0.8708862745788877,8,239
1,PL,ceh25,True,92.60119537563357,9.11,A,comparison_window,5.8,5.8,6.340583433369238,-0.1048098090594356,0.08790492550219478,24,1,0.7025864800317035,0.18735132772514673,1.1306681027411214,0.8336248332561721,8,239
1,PL,ceh25,True,92.60119537563357,9.11,A,full_record,5.8,5.8,5.528578985778803,0.24626809836941624,0.07426305201315084,24,1,0.7365271414156739,0.38824707956473736,1.0715911667361493,0.871292988197767,8,239
1,PL,ceh25,True,92.60119537563357,9.11,A,comparison_window,5.9,5.9,6.343121819297956,-0.11739527894934715,0.0864643987946534,24,1,0.7016534638889472,0.1860478150750775,1.1311611812978777,0.8335962931992286,8,239
1,PL,ceh25,True,92.60119537563357,9.11,A,full_record,5.9,5.9,5.527724237803839,0.23863685727116285,0.07296456611761308,24,1,0.7361224873158396,0.38937330788016833,1.0712474360313893,0.8716814137198601,8,239
1,PL,ceh25,True,92.60119537563357,9.11,A,comparison_window,6.0,6.0,6.345539056357403,-0.12953488167118832,0.08506930450684998,24,1,0.7007698682268027,0.18500867384251107,1.1315625818932018,0.8335637836052076,8,239
1,PL,ceh25,True,92.60119537563357,9.11,A,full_record,6.0,6.0,5.526855281787388,0.23131306217704128,0.07170955206640088,24,1,0.7357458155273766,0.39058794543662645,1.0708322471984988,0.8720521725101875,8,239
1,PL,ceh25,True,92.60119537563357,9.11,A,comparison_window,6.1,6.1,6.3478424243095155,-0.14125105573480856,0.08371756844516416,24,1,0.6999322067848094,0.18421429934989553,1.1318765622302978,0.8335271993893452,8,239
1,PL,ceh25,True,92.60119537563357,9.11,A,full_record,6.1,6.1,5.525974667400337,0.22427960738561978,0.07049591090774186,24,1,0.7353941044261386,0.39187735284750846,1.0703501119834067,0.8724059032869425,8,239
1,PL,ceh25,True,92.60119537563357,9.11,A,comparison_window,6.2,6.2,6.350038674654405,-0.15256480022895968,0.0824072384826412,24,1,0.6991372163996715,0.183646111109391,1.1321072425949863,0.8334865196738348,8,239
1,PL,ceh25,True,92.60119537563357,9.11,A,full_record,6.2,6.2,5.52508467698526,0.2175205812144233,0.06932167396092813,24,1,0.7350645690033306,0.3932290652021213,1.0698053203648976,0.8727432526618726,8,239
1,PL,ceh25,True,92.60119537563357,9.11,A,comparison_window,6.3,6.3,6.3521340753963145,-0.16349578581790725,0.08113647586933125,24,1,0.6983818429277995,0.18328652926039035,1.132258603441507,0.8334417920621657,8,239
1,PL,ceh25,True,92.60119537563357,9.11,A,full_record,6.3,6.3,5.524187353616073,0.2110211668025397,0.06818499305692294,24,1,0.7347546433475274,0.3946317111756811,1.069201947524358,0.8730648675478541,8,239
1,PL,ceh25,True,92.60119537563357,9.11,A,comparison_window,6.4,6.4,6.354134451489248,-0.17406245582294855,0.07990354726116299,24,1,0.6976632279871952,0.18311894680295027,1.1323344842626968,0.8333931191245868,8,239
1,PL,ceh25,True,92.60119537563357,9.11,A,full_record,6.4,6.4,5.523284526006396,0.20476755239694788,0.06708413162683798,24,1,0.7344619644275702,0.3960749356116502,1.0685438613819396,0.8733713891317932,8,239
1,PL,ceh25,True,92.60119537563357,9.11,A,comparison_window,6.5,6.5,6.35604522142804,-0.18428211838891645,0.07870681740028626,24,1,0.6969786964914086,0.1831276985956224,1.1323385835438793,0.8333406468289819,8,239
1,PL,ceh25,True,92.60119537563357,9.11,A,full_record,6.5,6.5,5.522377830649755,0.19874685010349977,0.06601745655523149,24,1,0.7341843570927681,0.3975493258527104,1.0678347305128362,0.8736634481548926,8,239
1,PL,ceh25,True,92.60119537563357,9.11,A,comparison_window,6.6,6.6,6.357871430395531,-0.1941710306239226,0.07754474238673693,24,1,0.6963257449446258,0.18329802795087335,1.132274459624577,0.8332845546782247,8,239
1,PL,ceh25,True,92.60119537563357,9.11,A,full_record,6.6,6.6,5.521468731524019,0.19294702220445245,0.06498343072416034,24,1,0.7339198202085261,0.39904634198147715,1.0670780322901114,0.8739416612804726,8,239
1,PL,ceh25,True,92.60119537563357,9.11,A,comparison_window,6.7,6.7,6.359617780328259,-0.203744475502611,0.07641586348740596,24,1,0.6957020304644609,0.1836160515401417,1.1321455323137506,0.8332250473402099,8,239
1,PL,ceh25,True,92.60119537563357,9.11,A,full_record,6.7,6.7,5.520558537649815,0.18735681424972322,0.0639806061818426,24,1,0.7336665138480979,0.4005582510400323,1.0662770611287264,0.8742066283626783,8,239
1,PL,ceh25,True,92.60119537563357,9.11,A,comparison_window,6.8,6.8,6.3612886572211025,-0.2130168322366685,0.07531880143376268,24,1,0.6951053604976322,0.18406872321246948,1.1319550851241544,0.8331623475798278,8,239
1,PL,ceh25,True,92.60119537563357,9.11,A,full_record,6.8,6.8,5.519648418755171,0.1819656942208502,0.06300761787677642,24,1,0.7334227474644122,0.4020780652250173,1.0654349367293716,0.874458930457854,8,239
1,PL,ceh25,True,92.60119537563357,9.11,A,comparison_window,6.9,6.9,6.362888155954532,-0.2220016407406794,0.07425225116463018,24,1,0.6945336831930246,0.18464379723512592,1.131706268008635,0.8330966903233881,8,239
1,PL,ceh25,True,92.60119537563357,9.11,A,full_record,6.9,6.9,5.518739419266576,0.17676379714689583,0.06206317790438531,24,1,0.7331869689695008,0.4035994839989079,1.0645546122410035,0.8746991284449391,8,239
1,PL,ceh25,True,92.60119537563357,9.11,A,comparison_window,7.0,7.0,6.3644201028960525,-0.23071166075409538,0.07321497697466031,24,1,0.6939850783966505,0.18532979138031835,1.1314021004969284,0.8330283177053117,8,239
1,PL,ceh25,True,92.60119537563357,9.11,A,full_record,7.0,7.0,5.517832470819335,0.17174187462179138,0.06114607021872143,24,1,0.7329577546529542,0.4051168400156563,1.0636388822781178,0.8749277621422666,8,239
1,PL,ceh25,True,92.60119537563357,9.11,A,comparison_window,7.1,7.1,6.36588807649925,-0.2391589261210728,0.07220580803299284,24,1,0.6934577492334061,0.18611595020829963,1.1310454751452264,0.8329574749644543,8,239
1,PL,ceh25,True,92.60119537563357,9.11,A,full_record,7.1,7.1,5.516928403455719,0.16689124873409933,0.0602551457666527,24,1,0.7327337998748277,0.4066250487276293,1.0626903907432845,0.8751453498261096,8,239
1,PL,ceh25,True,92.60119537563357,9.11,A,comparison_window,7.2,7.2,6.367295426099078,-0.2473547946776089,0.07122363424006364,24,1,0.6929500142413132,0.18699220883284384,1.1306391612229567,0.8328844070731226,8,239
1,PL,ceh25,True,92.60119537563357,9.11,A,full_record,7.2,7.2,5.516027955658997,0.1622037699742411,0.05938931800626991,24,1,0.732513910472449,0.40811956151860185,1.0617116384175604,0.8753523880716851,8,239
1,PL,ceh25,True,92.60119537563357,9.11,A,comparison_window,7.3,7.3,6.368645289080307,-0.2553099941488323,0.07026740239356591,24,1,0.6924603000249837,0.18794915739930196,1.1301858085721235,0.8328093559961393,8,239
1,PL,ceh25,True,92.60119537563357,9.11,A,full_record,7.3,7.3,5.5151317833533735,0.15767177873175692,0.058547558775107554,24,1,0.7322969948245903,0.40959632219292197,1.0607049902912944,0.8755493518503501,8,239
1,PL,ceh25,True,92.60119537563357,9.11,A,comparison_window,7.4,7.4,6.369940606576936,-0.2630346644184701,0.06933611263738984,24,1,0.6919871343962068,0.1889780064572294,1.1296879515839244,0.832732558489859,8,239
1,PL,ceh25,True,92.60119537563357,9.11,A,full_record,7.4,7.4,5.51424046798407,0.15328807003702177,0.05772889447718149,24,1,0.7320820565203648,0.4110517266421494,1.0596726826164002,0.8757366948278633,8,239
1,PL,ceh25,True,92.60119537563357,9.11,A,comparison_window,7.5,7.5,6.371184137843327,-0.27053839649574174,0.06842881516976777,24,1,0.6915291399709488,0.1900705533684759,1.1291480132457825,0.832654244362462,8,239
1,PL,ceh25,True,92.60119537563357,9.11,A,full_record,7.5,7.5,5.513354523778334,0.14904586123859237,0.05693240256092454,24,1,0.7318681875839778,0.4124825855063853,1.0586168296677831,0.8759148498178557,8,239
1,PL,ceh25,True,92.60119537563357,9.11,A,comparison_window,7.6,7.6,6.372378473423177,-0.277830268472559,0.06754460718912991,24,1,0.6910850281934228,0.19121914985616317,1.1285683092192698,0.8325746351267692,8,239
1,PL,ceh25,True,92.60119537563357,9.11,A,full_record,7.6,7.6,5.512474404276265,0.14493876234022124,0.05615720826278668,24,1,0.7316545622101149,0.41388608964724116,1.0575394302073633,0.876084229352752,8,239
1,PL,ceh25,True,92.60119537563357,9.11,A,comparison_window,7.7,7.7,6.373526047228987,-0.284918878735008,0.06668263005812383,24,1,0.6906535937593591,0.19241667077031854,1.127951051915718,0.8324939429858188,8,239
1,PL,ceh25,True,92.60119537563357,9.11,A,full_record,7.7,7.7,5.511600508209883,0.14096074875013212,0.05540248159373152,24,1,0.7314404309681591,0.4152597782517582,1.0564423736485258,0.8762452263409394,8,239
1,PL,ceh25,True,92.60119537563357,9.11,A,comparison_window,7.8,7.8,6.3746291476331125,-0.29181237666724497,0.06584206666806271,24,1,0.690233709412072,0.1936564841206938,1.127298354541955,0.8324123700992385,8,239
1,PL,ceh25,True,92.60119537563357,9.11,A,full_record,7.8,7.8,5.510733184799808,0.1371061362208205,0.0546674345480286,24,1,0.7312251154367267,0.41660150939124363,1.0553274459225364,0.8763982147846835,8,239
1,PL,ceh25,True,92.60119537563357,9.11,A,comparison_window,7.9,7.9,6.375689927661117,-0.2985184910629296,0.06502213898767098,24,1,0.6898243210863645,0.19493242240618036,1.1266122350934746,0.8323301080853802,8,239
1,PL,ceh25,True,92.60119537563357,9.11,A,full_record,7.9,7.9,5.50987273853115,0.13336955778025902,0.0539513185156627,24,1,0.7310080032330603,0.4179094328651918,1.054196335051249,0.8765435505380291,8,239
1,PL,ceh25,True,92.60119537563357,9.11,A,comparison_window,8.0,8.0,6.3767104143690245,-0.30504455643875206,0.06422210578143181,24,1,0.6894244433767761,0.19623875525291512,1.1258946202765319,0.832247337720353,8,239
1,PL,ceh25,True,92.60119537563357,9.11,A,full_record,8.0,8.0,5.509019433462879,0.12974594247549046,0.05325342188147614,24,1,0.7307885434047171,0.4191819651676675,1.0530506364326584,0.8766815720878348,8,239
1,PL,ceh5,False,134.5298532594419,9.11,A,comparison_window,0.5,0.5,3.665264987828928,4.204733183234476,0.33522627274178285,24,1,0.9257844266849948,0.8381777321655907,1.0283580207257017,0.9129429954683823,8,239
1,PL,ceh5,False,134.5298532594419,9.11,A,full_record,0.5,0.5,3.5480042118636357,4.125539925932067,0.3413110561383551,24,1,0.9268223535323673,0.8479219770765049,0.9984447321774467,0.923942171743573,8,239
1,PL,ceh5,False,134.5298532594419,9.11,A,comparison_window,0.6,0.6,3.845751609038622,3.923452241172816,0.3198192203334758,24,1,0.9265277265176355,0.8422932311193809,1.0318443884329993,0.9278037616038711,8,239
1,PL,ceh5,False,134.5298532594419,9.11,A,full_record,0.6,0.6,3.7284172124334463,3.8448797020943983,0.3255114734844206,24,1,0.9277590971177907,0.8518157441391003,1.0017005994199044,0.9362417034066555,8,239
1,PL,ceh5,False,134.5298532594419,9.11,A,comparison_window,0.7,0.7,4.006423691384434,3.6660728579836643,0.30448271498219687,24,1,0.9255610022955482,0.8416796215064077,1.0365608382215759,0.9379406003372301,8,239
1,PL,ceh5,False,134.5298532594419,9.11,A,full_record,0.7,0.7,3.886421058619304,3.5880067884733293,0.3089411957532639,24,1,0.9266831112595222,0.8506145570795862,1.0063047452951497,0.9440351715755081,8,239
1,PL,ceh5,False,134.5298532594419,9.11,A,comparison_window,0.8,0.8,4.1487380910637315,3.4323827104586297,0.2895704305067719,24,1,0.9230953970932401,0.8370583735701191,1.0424292556619512,0.9443659567405995,8,239
1,PL,ceh5,False,134.5298532594419,9.11,A,full_record,0.8,0.8,4.023264830084076,3.356476449800779,0.29235430571409776,24,1,0.9238705539789569,0.8451668979743183,1.0121560637354148,0.9483878817053981,8,239
1,PL,ceh5,False,134.5298532594419,9.11,A,comparison_window,0.9,0.9,4.2744617887913865,3.2212010111720186,0.27529688296985844,24,1,0.9190429635364361,0.8290758601395867,1.0397366026392814,0.9479709538726416,8,239
1,PL,ceh5,False,134.5298532594419,9.11,A,full_record,0.9,0.9,4.140975722896474,3.149819335885069,0.27623579931885517,24,1,0.9196179159078025,0.8361773134487889,1.0191348990339864,0.9502395966984419,8,239
1,PL,ceh5,False,134.5298532594419,9.11,A,comparison_window,1.0,1.0,4.385429780470124,3.0308467618569255,0.261779219599774,24,1,0.9139732390493254,0.8183752448641677,1.03774014652074,0.9495055223459987,8,239
1,PL,ceh5,False,134.5298532594419,9.11,A,full_record,1.0,1.0,4.241853722413372,2.9664398393945723,0.2608735432870433,24,1,0.914130684977367,0.824257087375026,1.0239109958191308,0.9503692905643142,8,239
1,PL,ceh5,False,134.5298532594419,9.11,A,comparison_window,1.1,1.1,4.483407487054351,2.859438208136452,0.24906871288338348,24,1,0.9081226464610915,0.8054327225220212,1.0369813342678755,0.9495792360793215,8,239
1,PL,ceh5,False,134.5298532594419,9.11,A,full_record,1.1,1.1,4.328177452094903,2.804214091219408,0.24641868805954786,24,1,0.9076376664613258,0.8100248075942054,1.0243911255221514,0.9493936468519355,8,239
1,PL,ceh5,False,134.5298532594419,9.11,A,comparison_window,1.2,1.2,4.570020754433323,2.70507422140508,0.23717352660470292,24,1,0.9016965978611075,0.7906789707958222,1.037297355048451,0.9486731600251911,8,239
1,PL,ceh5,False,134.5298532594419,9.11,A,full_record,1.2,1.2,4.402052491316426,2.660858742005312,0.2329317328799006,24,1,0.9005771803308474,0.7940278116825449,1.0260262714094155,0.9477817915707165,8,239
1,PL,ceh5,False,134.5298532594419,9.11,A,comparison_window,1.3,1.3,4.646727239382628,2.56593714994934,0.22607468975592243,24,1,0.8948854376461028,0.774508718906773,1.0385308231962584,0.9471566871384831,8,239
1,PL,ceh5,False,134.5298532594419,9.11,A,full_record,1.3,1.3,4.465347548870515,2.5341416786640716,0.22041561702206247,24,1,0.8931877810916963,0.7767437050559047,1.0286071629124478,0.9458767163256947,8,239
1,PL,ceh5,False,134.5298532594419,9.11,A,comparison_window,1.4,1.4,4.714811765050661,2.4403454935388273,0.2157370464074509,24,1,0.8878584298253374,0.7572842269253081,1.0405327195250589,0.94530573877453,8,239
1,PL,ceh5,False,134.5298532594419,9.11,A,full_record,1.4,1.4,4.519680711471556,2.421990974817227,0.20883853498236543,24,1,0.8856769321206462,0.758618322298996,1.0319386680110674,0.9439182404943628,8,239
1,PL,ceh5,False,134.5298532594419,9.11,A,comparison_window,1.5,1.5,4.775394605811173,2.3267756962698023,0.20611660920836378,24,1,0.8807605313633678,0.7393366337941736,1.04316442495339,0.9433202673399161,8,239
1,PL,ceh5,False,134.5298532594419,9.11,A,full_record,1.5,1.5,4.566431779333909,2.322541837071391,0.19814917983315897,24,1,0.8782165707684632,0.7400609296238163,1.035842355073712,0.9420648026995401,8,239
1,PL,ceh5,False,134.5298532594419,9.11,A,comparison_window,1.6,1.6,4.829445977510975,2.22386571350836,0.19716539610668096,24,1,0.8737115239497898,0.7209661347122095,1.0462989829571145,0.941340004246785,8,239
1,PL,ceh5,False,134.5298532594419,9.11,A,full_record,1.6,1.6,4.606766405105958,2.234147761064598,0.18828665127717717,24,1,0.8709425435076931,0.7214389886452912,1.0401580667928598,0.9404127648122166,8,239
1,PL,ceh5,False,134.5298532594419,9.11,A,comparison_window,1.7,1.7,4.877802799894756,2.1304084162260244,0.18883453514260873,24,1,0.8668069061933603,0.7024417017099004,1.0498217316220535,0.9394580203032659,8,239
1,PL,ceh5,False,134.5298532594419,9.11,A,full_record,1.7,1.7,4.641664018990373,2.1553723625408443,0.1791867161265525,24,1,0.863956816687325,0.7030738956086726,1.0447446171883368,0.9390127228747499,8,239
1,PL,ceh5,False,134.5298532594419,9.11,A,comparison_window,1.8,1.8,4.921185541701614,2.045339835481124,0.18107619364152888,24,1,0.860119940118908,0.6840008343834308,1.053630439624998,0.937732034999482,8,239
1,PL,ceh5,False,134.5298532594419,9.11,A,full_record,1.8,1.8,4.671945341765497,2.084971822428087,0.17078563000152572,24,1,0.857331354298253,0.6852384123051798,1.0494797510352207,0.9378827887889662,8,239
1,PL,ceh5,False,134.5298532594419,9.11,A,comparison_window,1.9,1.9,4.960214016815756,1.9677252637061948,0.1738447194567508,24,1,0.8537043310949658,0.6658496378001917,1.05763506658565,0.9361936139919597,8,239
1,PL,ceh5,False,134.5298532594419,9.11,A,full_record,1.9,1.9,4.698297509080303,2.0218737145845362,0.16302235821014727,24,1,0.8511127491227019,0.6681560176232898,1.0542595183328236,0.9370190654039099,8,239
1,PL,ceh5,False,134.5298532594419,9.11,A,comparison_window,2.0,2.0,4.995421622754495,1.8967449674742136,0.1670972610968214,24,1,0.8475971428122171,0.64816337627453,1.0617572508869715,0.9348554917869931,8,239
1,PL,ceh5,False,134.5298532594419,9.11,A,full_record,2.0,2.0,4.721296065494084,1.9651554092860086,0.15583976413714815,24,1,0.8453269546603479,0.6520020892184317,1.0589972143233843,0.9364036638965607,8,239
1,PL,ceh5,False,134.5298532594419,9.11,A,comparison_window,2.1,2.1,5.027267866537483,1.831680479664085,0.1607940486910452,24,1,0.8418216721395467,0.6310875432219002,1.0659296101983005,0.9337172907113886,8,239
1,PL,ceh5,False,134.5298532594419,9.11,A,full_record,2.1,2.1,4.741423736415725,1.914023700047504,0.1491851445766579,24,1,0.8399837094862377,0.6369066349239254,1.0636220227407645,0.9360106561103345,8,239
1,PL,ceh5,False,134.5298532594419,9.11,A,comparison_window,2.2,2.2,5.0561492138205,1.771901958191568,0.15489845887207787,24,1,0.8363901137064284,0.6147394136560461,1.070094923267944,0.9327699049934209,8,239
1,PL,ceh5,False,134.5298532594419,9.11,A,full_record,2.2,2.2,4.759086200171098,1.867796400529187,0.143010362186845,24,1,0.8350804380914736,0.6229582010516338,1.0680774812048386,0.935810348930123,8,239
1,PL,ceh5,False,134.5298532594419,9.11,A,comparison_window,2.3,2.3,5.082408391584121,1.7168568117707215,0.14937694617764802,24,1,0.8313059243975218,0.5992100008929746,1.0742052468659733,0.9319987974433523,8,239
1,PL,ceh5,False,134.5298532594419,9.11,A,full_record,2.3,2.3,4.774625210874219,1.82588615123508,0.13727173816762217,24,1,0.8306055468047193,0.6102085624046256,1.072319866594825,0.9357722347919625,8,239
1,PL,ceh5,False,134.5298532594419,9.11,A,comparison_window,2.4,2.4,5.106342313524182,1.6660596278540467,0.14419889592391677,24,1,0.8265658542838287,0.584566316316187,1.078221009269817,0.9313864263848796,8,239
1,PL,ceh5,False,134.5298532594419,9.11,A,full_record,2.4,2.4,4.788329453110246,1.7877864042152534,0.1319298102422868,24,1,0.8265411180714122,0.5986778236264142,1.0763165772367287,0.935866926361897,8,239
1,PL,ceh5,False,134.5298532594419,9.11,A,comparison_window,2.5,2.5,5.1282088053238395,1.6190833474318005,0.13933643471227541,24,1,0.8221616468385934,0.5708538247407536,1.0821101113084115,0.9309139883274898,8,239
1,PL,ceh5,False,134.5298532594419,9.11,A,full_record,2.5,2.5,4.8004434913903715,1.753059420334795,0.12694902268772532,24,1,0.8228650535708765,0.5883596144544831,1.0800445692895018,0.9360673333219,8,239
1,PL,ceh5,False,134.5298532594419,9.11,A,comparison_window,2.6,2.6,5.148232298897064,1.5755515862787173,0.13476422202014915,24,1,0.8180814324693937,0.5580989928533511,1.0858470574985197,0.9305626307998923,8,239
1,PL,ceh5,False,134.5298532594419,9.11,A,full_record,2.6,2.6,4.811175138359739,1.7213260585936014,0.12229739001059968,24,1,0.8195527383022396,0.5792261276180624,1.0834888876119309,0.936349290532224,8,239
1,PL,ceh5,False,134.5298532594419,9.11,A,comparison_window,2.7,2.7,5.166608649046845,1.535131984031829,0.13045923776977975,24,1,0.8143108499566296,0.5463118401650311,1.0894121329647375,0.9303142615056514,8,239
1,PL,ceh5,False,134.5298532594419,9.11,A,full_record,2.7,2.7,4.820701520419241,1.692257125055262,0.11794615949081967,24,1,0.8165783034256504,0.5712328166021674,1.0866413169885256,0.9366918026432403,8,239
1,PL,ceh5,False,134.5298532594419,9.11,A,comparison_window,2.8,2.8,5.183509207620389,1.4975304596926322,0.12640057504221194,24,1,0.8108339339837763,0.5354884175743391,1.092790636385541,0.930152055227703,8,239
1,PL,ceh5,False,134.5298532594419,9.11,A,full_record,2.8,2.8,4.829174075068262,1.665566059360725,0.11386948723865778,24,1,0.8139155621893331,0.564322634029632,1.0894991679344335,0.9370770319468225,8,239
1,PL,ceh5,False,134.5298532594419,9.11,A,comparison_window,2.9,2.9,5.199084271805757,1.4624862577308462,0.12256924330008444,24,1,0.8076338063010255,0.5256131555405785,1.095972174928739,0.9300607388358362,8,239
1,PL,ceh5,False,134.5298532594419,9.11,A,full_record,2.9,2.9,4.8367226741795,1.6410027575809558,0.11004413565668864,24,1,0.8115386852871417,0.5584297458140071,1.0920642022357812,0.9374901242944073,8,239
1,PL,ceh5,False,134.5298532594419,9.11,A,comparison_window,3.0,3.0,5.213466006019434,1.4297676786780311,0.11894798498237863,24,1,0.8046932050826071,0.5166610403050389,1.0989500238361514,0.9300267171653523,8,239
1,PL,ceh5,False,134.5298532594419,9.11,A,full_record,3.0,3.0,4.843459032726956,1.6183483545978876,0.10644919594670746,24,1,0.809422672318707,0.5534826997255586,1.0943416966423258,0.9379189420363856,8,239
1,PL,ceh5,False,134.5298532594419,9.11,A,comparison_window,3.1,3.1,5.226770921465631,1.399168399430415,0.11552110671453933,24,1,0.8019948829722219,0.5085995914897785,1.1017205508219738,0.9300380881058206,8,239
1,PL,ceh5,False,134.5298532594419,9.11,A,full_record,3.1,3.1,4.849479533257325,1.5974108136999408,0.10306583668449475,24,1,0.8075436663003492,0.5494070594984095,1.0963396383816038,0.9383537525661808,8,239
1,PL,ceh5,False,134.5298532594419,9.11,A,comparison_window,3.2,3.2,5.239101984062049,1.370504299999919,0.1122743253505174,24,1,0.7995218999400172,0.5013906271581985,1.1042827036167195,0.9300845835732143,8,239
1,PL,ceh5,False,134.5298532594419,9.11,A,full_record,3.2,3.2,4.8548675721734,1.5780211938517967,0.09987707792717855,24,1,0.8058791492474444,0.5461275380617405,1.0980680430576824,0.9387869054244634,8,239
1,PL,ceh5,False,134.5298532594419,9.11,A,comparison_window,3.3,3.3,5.250550409965786,1.3436107243900346,0.10919462843334424,24,1,0.7972578328498273,0.49499181281055304,1.1066375576957523,0.9301574637350153,8,239
1,PL,ceh5,False,134.5298532594419,9.11,A,full_record,3.3,3.3,4.859695514041465,1.5600304853888876,0.09686758944057706,24,1,0.8044080490815299,0.5435696774374618,1.0995383836951398,0.939212519233464,8,239
1,PL,ceh5,False,134.5298532594419,9.11,A,comparison_window,3.4,3.4,5.261197198230495,1.3183401132529182,0.10627014829476285,24,1,0.7951869197921008,0.48935799883470277,1.1087879203708149,0.9302493845342108,8,239
1,PL,ceh5,False,134.5298532594419,9.11,A,full_record,3.4,3.4,4.864026323966138,1.5433069224985048,0.09402351118891351,24,1,0.8031107815919211,0.5416611300424092,1.1007631188818516,0.9396261912227846,8,239
1,PL,ceh5,False,134.5298532594419,9.11,A,comparison_window,3.5,3.5,5.271114441971315,1.294559954865028,0.10349004882181573,24,1,0.7932941538752968,0.4844423568231584,1.1107379869040677,0.9303542528678693,8,239
1,PL,ceh5,False,134.5298532594419,9.11,A,full_record,3.5,3.5,4.86791493496842,1.527733695880734,0.09133229405394482,24,1,0.8019692458369171,0.5403325982485931,1.1017553078873974,0.9400247360905107,8,239
1,PL,ceh5,False,134.5298532594419,9.11,A,comparison_window,3.6,3.6,5.280366452598893,1.2721510087304209,0.1008444238380085,24,1,0.7915653383044919,0.48019732917544344,1.1124930440502727,0.930467079414048,8,239
1,PL,ceh5,False,134.5298532594419,9.11,A,full_record,3.6,3.6,4.871409396698017,1.5132070016689185,0.08878255873891498,24,1,0.8009667870701882,0.5395184875888938,1.1025283010652414,0.9404059568296715,8,239
1,PL,ceh5,False,134.5298532594419,9.11,A,comparison_window,3.7,3.7,5.289010726002564,1.2510057628471714,0.0983242060374733,24,1,0.7899871121838977,0.4765754088423715,1.1140592163788325,0.9305838358048663,8,239
1,PL,ceh5,False,134.5298532594419,9.11,B,comparison_window,,0.8496047139745087,4.213061878087911,3.3249105015821696,0.2824010728181424,24,1,0.9212349545402075,0.8334710803233988,1.0412637724559006,0.9464566120322515,8,239
1,PL,ceh5,False,134.5298532594419,9.11,A,full_record,3.7,3.7,4.874551843242245,1.4996343733182194,0.08636397089634675,24,1,0.8000881378673812,0.5391573251931463,1.1030954946095604,0.9407684474560023,8,239
1,PL,ceh5,False,134.5298532594419,9.11,B,full_record,,0.7661989005273653,3.979261363911289,3.431899378095917,0.2979279068256427,24,1,0.9249974642237874,0.847437423928195,1.010045883314112,0.9472401365412663,8,239
1,PL,ceh5,False,134.5298532594419,9.11,A,comparison_window,3.8,3.8,5.297098774837221,1.231027091446784,0.09592108544480747,24,1,0.7885469545113399,0.47352976724913254,1.1154432508209917,0.9307013203923686,8,239
1,PL,ceh5,False,134.5298532594419,9.11,A,full_record,3.8,3.8,4.877379310869235,1.4869332520325165,0.08406713065358451,24,1,0.7993193454525676,0.5391919898821532,1.1034701396938873,0.9411114259112132,8,239
1,PL,ceh5,False,134.5298532594419,9.11,A,comparison_window,3.9,3.9,5.304676847142094,1.212127084948934,0.0936274364325338,24,1,0.7872331722308563,0.47101474864836257,1.1166523350845956,0.9308170350637073,8,239
1,PL,ceh5,False,134.5298532594419,9.11,A,full_record,3.9,3.9,4.879924430943378,1.475029758666766,0.0818834748685633,24,1,0.7986476911450946,0.5395697945686058,1.1036651970667235,0.9414345944849072,8,239
1,PL,ceh5,False,134.5298532594419,9.11,A,comparison_window,4.0,4.0,5.311786548255893,1.194226028070889,0.09143625240034006,24,1,0.7860348769180215,0.46898624866082894,1.1176939458452673,0.930929074282941,8,239
1,PL,ceh5,False,134.5298532594419,9.11,A,full_record,4.0,4.0,4.882216018717475,1.463857636154965,0.07980519061338161,24,1,0.7980616062445932,0.5402424557339804,1.1036932292447115,0.9417380246686703,8,239
1,PL,ceh5,False,134.5298532594419,9.11,A,comparison_window,4.1,4.1,5.318465380279978,1.1772515055940236,0.08934108729754028,24,1,0.7849419536388527,0.46740199377711744,1.1185757229309767,0.9310360266472633,8,239
1,PL,ceh5,False,134.5298532594419,9.11,A,full_record,4.1,4.1,4.884279575029647,1.4533573365830896,0.07782513854477444,24,1,0.7975505874458345,0.5411659791156846,1.1035663234770237,0.9420220632576339,8,239
1,PL,ceh5,False,134.5298532594419,9.11,A,comparison_window,4.2,4.2,5.324747211085718,1.1611376183110376,0.08733600324764239,24,1,0.7839450247010366,0.46622173729619354,1.119305366046402,0.9311368886490731,8,239
1,PL,ceh5,False,134.5298532594419,9.11,A,full_record,4.2,4.2,4.886137714944828,1.4434752312306678,0.07593678497269156,24,1,0.7971051139440246,0.5423004855600213,1.1032960396227813,0.9422872566246776,8,239
1,PL,ceh5,False,134.5298532594419,9.11,A,comparison_window,4.3,4.3,5.330662682980705,1.1458242942371166,0.08541552360845481,24,1,0.7830354103659101,0.4654073857059179,1.119890550917845,0.9312309899559743,8,239
1,PL,ceh5,False,134.5298532594419,9.11,A,full_record,4.3,4.3,4.887810534949219,1.434162925392138,0.0741341415781264,24,1,0.7967165676896535,0.5436099963846144,1.1028933779679868,0.9425342903231899,8,239
1,PL,ceh5,False,134.5298532594419,9.11,A,comparison_window,4.4,4.4,5.336239569582637,1.1312566823362658,0.08357459087116911,24,1,0.7822050880778695,0.4649230679716124,1.1203388620680428,0.9313179292994438,8,239
1,PL,ceh5,False,134.5298532594419,9.11,A,full_record,4.4,4.4,4.889315928319419,1.4253766626862594,0.07241171185784795,24,1,0.7963771577281166,0.5450621935892925,1.1023687628009788,0.9427639414662039,8,239
1,PL,ceh5,False,134.5298532594419,9.11,A,comparison_window,4.5,4.5,5.341503088138367,1.1173846178522893,0.08180852886635381,24,1,0.7814466513670454,0.464735158669745,1.120657739744573,0.9313975199540805,8,239
1,PL,ceh5,False,134.5298532594419,9.11,A,full_record,4.5,4.5,4.890669856664856,1.4170768059706573,0.07076444348685783,24,1,0.7960798491720757,0.5466281668490147,1.1017320382638083,0.9429770416427647,8,239
1,PL,ceh5,False,134.5298532594419,9.11,A,comparison_window,4.6,4.6,5.346476173430746,1.1041621498916063,0.08011300880360035,24,1,0.7807532692686767,0.46481226443772505,1.1208544388206985,0.9314697437585835,8,239
1,PL,ceh5,False,134.5298532594419,9.11,A,full_record,4.6,4.6,4.8918865843089385,1.4092273839850424,0.06918768588969336,24,1,0.7958182970719162,0.5482821563794453,1.1009924736043795,0.9431744484415717,8,239
1,PL,ceh5,False,134.5298532594419,9.11,A,comparison_window,4.7,4.7,5.351179718496062,1.0915471232282685,0.07848401872456154,24,1,0.7801186468603842,0.4651251818432628,1.1209359977603623,0.9315347126511687,8,239
1,PL,ceh5,False,134.5298532594419,9.11,A,full_record,4.7,4.7,4.892978881079147,1.4017956945204118,0.06767715240015541,24,1,0.7955867852467334,0.550001298430925,1.1001587754761677,0.9433570239418708,8,239
1,PL,ceh5,False,134.5298532594419,9.11,A,comparison_window,4.8,4.8,5.355632786603774,1.0795008074252919,0.07691783599669227,24,1,0.7795369873317648,0.4656468335276014,1.120909215987898,0.9315926367469812,8,239
1,PL,ceh5,False,134.5298532594419,9.11,A,full_record,4.8,4.8,4.8939581981736,1.3947519563104331,0.06622888646665735,24,1,0.7953801699957889,0.5517653782786456,1.099239105376509,0.943525618794635,8,239
1,PL,ceh5,False,134.5298532594419,9.11,A,comparison_window,4.9,4.9,5.35985279829964,1.0679875673228816,0.07541100251739569,24,1,0.7790029558577203,0.466352188356312,1.120780638227851,0.9316437980594136,8,239
1,PL,ceh5,False,134.5298532594419,9.11,A,full_record,4.9,4.9,4.8948348210241,1.388069003013324,0.06483923142830773,24,1,0.795193828513411,0.5535565940733056,1.0982411006890571,0.943681060749508,8,239
1,PL,ceh5,False,134.5298532594419,9.11,A,comparison_window,5.0,5.0,5.3638556967664455,1.0569745697589468,0.07396030233598638,24,1,0.7785116454382174,0.4672181703203,1.120556544581145,0.9316885290513993,8,239
1,PL,ceh5,False,134.5298532594419,9.11,A,full_record,5.0,5.0,4.895618002457669,1.381722013635146,0.06350480344616917,24,1,0.7950236117673256,0.5553593337372058,1.0971718981089797,0.9438241466847815,8,239
1,PL,ceh5,False,134.5298532594419,9.11,A,comparison_window,5.1,5.1,5.367656094292272,1.0464315220826497,0.07256274143427636,24,1,0.7780585447854323,0.4682235600650365,1.1202429452823777,0.931727195289857,8,239
1,PL,ceh5,False,134.5298532594419,9.11,A,full_record,5.1,5.1,4.8963160789454,1.3756882745726067,0.06222246722584929,24,1,0.7948658015627175,0.5571599661808389,1.096038158489606,0.94395563737011,8,239
1,PL,ceh5,False,134.5298532594419,9.11,A,comparison_window,5.2,5.2,5.37126740224504,1.0363304386161163,0.07121552943616818,24,1,0.7776395082784394,0.46934889217973863,1.119845579239952,0.931760181562111,8,239
1,PL,ceh5,False,134.5298532594419,9.11,A,full_record,5.2,5.2,4.896936572296786,1.3699469691501396,0.06098931421264423,24,1,0.7947170714950866,0.5589466474260643,1.0948460923627805,0.9440762543372289,8,239
1,PL,ceh5,False,134.5298532594419,9.11,A,comparison_window,5.3,5.3,5.3747019466189405,1.026645431728174,0.0699160630427405,24,1,0.7772507279611927,0.47057635074124415,1.1193699155986059,0.9317878808942979,8,239
1,PL,ceh5,False,134.5298532594419,9.11,A,full_record,5.3,5.3,4.897486278803634,1.364478991114246,0.05980264297971061,24,1,0.794574451489108,0.5607091417105924,1.0936014855606249,0.9441866783556927,8,239
1,PL,ceh5,False,134.5298532594419,9.11,A,comparison_window,5.4,5.4,5.37797107093504,1.0173525246202042,0.06866191101237193,24,1,0.7768887075277929,0.4718896650688499,1.118821157683464,0.9318106859869388,8,239
1,PL,ceh5,False,134.5298532594419,9.11,A,full_record,5.4,5.4,4.897971347535241,1.3592667790459887,0.058659941563920084,24,1,0.7944352956243196,0.5624386572799789,1.0923097245078701,0.944287549111401,8,239
1,PL,ceh5,False,134.5298532594419,9.11,A,comparison_window,5.5,5.5,5.381085228037432,1.008429483299138,0.06745080052578467,24,1,0.7765502382170443,0.4732740071952992,1.118204248788572,0.9318289826510647,8,239
1,PL,ceh5,False,134.5298532594419,9.11,A,full_record,5.5,5.5,4.898397349236931,1.3542941690750316,0.057558871533822116,24,1,0.7942972529585788,0.5641276963161705,1.0909758208686184,0.9443794657686476,8,239
1,PL,ceh5,False,134.5298532594419,9.11,A,comparison_window,5.6,5.6,5.384054062121171,0.9998556655347475,0.06628060479384401,24,1,0.776232376523785,0.4747158921847826,1.117523879362323,0.9318431448892819,8,239
1,PL,ceh5,False,134.5298532594419,9.11,A,full_record,5.6,5.6,4.8987693370729914,1.3495462636372608,0.05649725360010529,24,1,0.7941582410746407,0.5657699182815896,1.0896044353226046,0.9444629881640858,8,239
1,PL,ceh5,False,134.5298532594419,9.11,A,comparison_window,5.7,5.7,5.386886482150222,0.9916118848767861,0.06514933178175895,24,1,0.7759324236257508,0.4762030821215556,1.116784495218832,0.9318535313200982,8,239
1,PL,ceh5,False,134.5298532594419,9.11,A,full_record,5.7,5.7,4.899091900275575,1.3450093143237705,0.055473054601555605,24,1,0.7940164220922998,0.5673600158544155,1.0881999003182916,0.9445386384359966,8,239
1,PL,ceh5,False,134.5298532594419,9.11,A,comparison_window,5.8,5.8,5.389590727675138,0.9836802880470285,0.06405511393731397,24,1,0.7756479064201657,0.4777244943419263,1.1159903064698609,0.9318604826909819,8,239
1,PL,ceh5,False,134.5298532594419,9.11,A,full_record,5.8,5.8,4.899369211611614,1.3406706171298886,0.05448437571928066,24,1,0.7938701809070089,0.5688936025772435,1.0867662417069341,0.9446069029365419,8,239
1,PL,ceh5,False,134.5298532594419,9.11,A,comparison_window,5.9,5.9,5.392174427927839,0.9760442442290411,0.06299619882308369,24,1,0.7753765600630476,0.4792701142811817,1.1151452969274953,0.9318643202665859,8,239
1,PL,ceh5,False,134.5298532594419,9.11,A,full_record,5.9,5.9,4.899605069451512,1.3365184186360812,0.05352944178919852,24,1,0.7937181054349306,0.5703671113250541,1.0853071992056504,0.9446682343103006,8,239
1,PL,ceh5,False,134.5298532594419,9.11,A,comparison_window,6.0,6.0,5.394644654961665,0.9686882449582821,0.06197094056346398,24,1,0.7751163119052659,0.4808309131459969,1.1142532337752187,0.9318653449138153,8,239
1,PL,ceh5,False,134.5298532594419,9.11,A,full_record,6.0,6.0,4.899802935116292,1.3325418318435185,0.05260659159789077,24,1,0.7935589686632915,0.571777702708659,1.08382624567123,0.9447230536507472,8,239
1,PL,ceh5,False,134.5298532594419,9.11,A,comparison_window,6.1,6.1,5.397007971506952,0.9615978134713185,0.06097779202698845,24,1,0.7748652667222221,0.4823987704970242,1.113317677344525,0.9318638367356448,8,239
1,PL,ceh5,False,134.5298532594419,9.11,A,full_record,6.1,6.1,4.899965966085215,1.3287307605516467,0.05171426906010955,24,1,0.7933917123233065,0.5731231825590268,1.0823266051914473,0.9447717526688398,8,239
1,PL,ceh5,False,134.5298532594419,9.11,A,comparison_window,6.2,6.2,5.399270474129715,0.9547594225080636,0.0600152976729095,24,1,0.77462169313795,0.48396640172854066,1.1123419908678136,0.9318600551312483,8,239
1,PL,ceh5,False,134.5298532594419,9.11,A,full_record,6.2,6.2,4.900097045570532,1.3250758313060542,0.05085101518779479,24,1,0.7932154320204515,0.5744019276789953,1.0808112700195998,0.9448146958256909,8,239
1,PL,ceh5,False,134.5298532594419,9.11,A,comparison_window,6.3,6.3,5.401437832210056,0.9481604196798955,0.05908208699853559,24,1,0.7743840111492495,0.48552729035798614,1.1113293501062245,0.931854239181841,8,239
1,PL,ceh5,False,134.5298532594419,9.11,A,full_record,6.3,6.3,4.900198808895825,1.3215683320667564,0.050015460770617075,24,1,0.7930293636733498,0.5756128190981931,1.0792830163907958,0.944852222395116,8,239
1,PL,ceh5,False,134.5298532594419,9.11,A,comparison_window,6.4,6.4,5.403515323192481,0.9417889596187374,0.058176868530520814,24,1,0.7741507806607075,0.48707562498352475,1.1102827527741725,0.9318466082799233,8,239
1,PL,ceh5,False,134.5298532594419,9.11,A,full_record,6.4,6.4,4.90027366705914,1.3182001568524808,0.049206319696956616,24,1,0.7928328711278897,0.5767551821200825,1.0777444192680934,0.9448846484327725,8,239
1,PL,ceh5,False,134.5298532594419,9.11,A,comparison_window,6.5,6.5,5.40550786450844,0.9356339422124944,0.057298424309198875,24,1,0.7739206909469833,0.48860624072830494,1.109205027701782,0.9318373629350878,8,239
1,PL,ceh5,False,134.5298532594419,9.11,A,full_record,6.5,6.5,4.900323827811111,1.3149637557069818,0.048422382852082946,24,1,0.7926254348273122,0.577828732504913,1.076197866071953,0.9449122686368423,8,239
1,PL,ceh5,False,134.5298532594419,9.11,A,comparison_window,6.6,6.6,5.407420042522471,0.9296849563112435,0.05644560482030611,24,1,0.7736925509643714,0.4901145649636306,1.1080988436920765,0.9318266857024036,8,239
1,PL,ceh5,False,134.5298532594419,9.11,A,full_record,6.6,6.6,4.900351314537158,1.3118520894130563,0.04766251253718662,24,1,0.7924066414319255,0.5788335281867092,1.0746455694501285,0.9449353580916668,8,239
1,PL,ceh5,False,134.5298532594419,9.11,A,comparison_window,6.7,6.7,5.409256138813358,0.923932228357021,0.055617324333117564,24,1,0.7734652804392198,0.4915965670863426,1.1069667180428475,0.9318147421901094,8,239
1,PL,ceh5,False,134.5298532594419,9.11,A,full_record,6.7,6.7,4.900357983195592,1.3088585884477069,0.046925637359002605,24,1,0.7921761742938556,0.5797699259752813,1.0730895791462383,0.9449541738904835,8,239
1,PL,ceh5,False,134.5298532594419,9.11,A,comparison_window,6.8,6.8,5.411020154065289,0.9183665754510032,0.05481255660814848,24,1,0.7732379016662182,0.4930487121168745,1.1058110247135782,0.9318016821122831,8,239
1,PL,ceh5,False,134.5298532594419,9.11,A,full_record,6.8,6.8,4.900345537531656,1.3059771157322675,0.0462107475451374,24,1,0.791933804702859,0.5806385427446197,1.0715317930252721,0.944968956637001,8,239
1,PL,ceh5,False,134.5298532594419,9.11,A,comparison_window,6.9,6.9,5.412715829812978,0.9129793624251981,0.05403033094128745,24,1,0.7730095319548733,0.4944679178816431,1.1046340021263699,0.9317876403594515,8,239
1,PL,ceh5,False,134.5298532594419,9.11,A,full_record,6.9,6.9,4.900315542760806,1.3032019327824087,0.04551689064494721,24,1,0.7916793838286941,0.5814402206561333,1.0699739673131095,0.9449799318281451,8,239
1,PL,ceh5,False,134.5298532594419,9.11,A,comparison_window,7.0,7.0,5.414346668256743,0.9077624625320666,0.05326972851450036,24,1,0.7727793766674416,0.4958515155451986,1.1034377605964594,0.9317727380661995,8,239
1,PL,ceh5,False,134.5298532594419,9.11,A,full_record,7.0,7.0,4.90026943789131,1.3005276689094718,0.0448431675800184,24,1,0.7914128352941461,0.5821759960092412,1.0684177261053724,0.9449873111221496,8,239
1,PL,ceh5,False,134.5298532594419,9.11,A,comparison_window,7.1,7.1,5.415915950340386,0.9027082214076694,0.05252987902619265,24,1,0.7725467227963829,0.4971972132627873,1.1022242893934078,0.9317570836597198,8,239
1,PL,ceh5,False,134.5298532594419,9.11,A,full_record,7.1,7.1,4.9002085468344205,1.2979492931629584,0.044188729012024405,24,1,0.7911341483203096,0.5828470713522387,1.0668645701982584,0.9449912934974115,8,239
1,PL,ceh5,False,134.5298532594419,9.11,A,comparison_window,7.2,7.2,5.417426752262484,0.8978094239995935,0.051809957576928786,24,1,0.7723109330338399,0.49850306273186074,1.1009954634380914,0.93174077387736,8,239
1,PL,ceh5,False,134.5298532594419,9.11,A,full_record,7.2,7.2,4.900134088433358,1.295462088739656,0.04355277199902344,24,1,0.7908433713925135,0.5834547905234188,1.0653158852914215,0.9449920663083078,8,239
1,PL,ceh5,False,134.5298532594419,9.11,A,comparison_window,7.3,7.3,5.418881960573575,0.8930592641838309,0.051109181788559735,24,1,0.7720714402898113,0.4997674284304966,1.0997530496438386,0.9317238947444015,8,239
1,PL,ceh5,False,134.5298532594419,9.11,A,full_record,7.3,7.3,4.900047185528062,1.2930616296152444,0.042934536914200405,24,1,0.7905406064011712,0.5840006163259114,1.063772949610143,0.9449898062446652,8,239
1,PL,ceh5,False,134.5298532594419,9.11,A,comparison_window,7.4,7.4,5.420284285995855,0.888451316822782,0.05042680913689783,24,1,0.7718277426195785,0.5009889593413757,1.0984987129124855,0.9317065225060199,8,239
1,PL,ceh5,False,134.5298532594419,9.11,A,full_record,7.4,7.4,4.89994887315561,1.2907437591807165,0.04233330460365618,24,1,0.7902260032171382,0.5844861105705457,1.0622369409906223,0.9449846802017359,8,239
1,PL,ceh5,False,134.5298532594419,9.11,A,comparison_window,7.5,7.5,5.421636276086083,0.8839795120424814,0.04976213447996058,24,1,0.7715793985245157,0.5021665629714184,1.0972340217976682,0.9316887245094189,8,239
1,PL,ceh5,False,134.5298532594419,9.11,A,full_record,7.5,7.5,4.899840105979129,1.2885045706895795,0.04174839376217341,24,1,0.7898997546656679,0.5849129162480667,1.060708943469657,0.9449768460675279,8,239
1,PL,ceh5,False,134.5298532594419,9.11,A,comparison_window,7.6,7.6,5.422940326851421,0.8796381115291023,0.049114487765486686,24,1,0.7713260225937366,0.5032993814886912,1.0959604538491228,0.9316705600338502,8,239
1,PL,ceh5,False,134.5298532594419,9.11,A,full_record,7.6,7.6,4.899721765023679,1.2863403893431509,0.04117915850795237,24,1,0.7895620918671762,0.5852827416171229,1.0591899534167495,0.9449664534342398,8,239
1,PL,ceh5,False,134.5298532594419,9.11,A,comparison_window,7.7,7.7,5.424198693415067,0.8754216866650825,0.04848323190293792,24,1,0.7710672814570607,0.50438676981001,1.094679400652175,0.9316520810675245,8,239
1,PL,ceh5,False,134.5298532594419,9.11,A,full_record,7.7,7.7,4.899594663790359,1.2842477558586982,0.040624986139151865,24,1,0.7892132799164644,0.5855973460164372,1.0576808852437918,0.9449536442402552,8,239
1,PL,ceh5,False,134.5298532594419,9.11,A,comparison_window,7.8,7.8,5.425413499818943,0.8713250983430263,0.04786776078656724,24,1,0.770802890022587,0.5054282754841536,1.0933921725772204,0.9316333330314419,8,239
1,PL,ceh5,False,134.5298532594419,9.11,A,full_record,7.8,7.8,4.899459553812193,1.282223411382128,0.04008529505673445,24,1,0.7888536138751553,0.5858585272293844,1.0561825767249544,0.9449385533488845,8,239
1,PL,ceh5,False,134.5298532594419,9.11,A,comparison_window,7.9,7.9,5.426586748042899,0.8673434783111569,0.04726749745733233,24,1,0.770532607974685,0.5064236202266581,1.0921000032541262,0.931614355450972,8,239
1,PL,ceh5,False,134.5298532594419,9.11,A,full_record,7.9,7.9,4.8993171297073514,1.2802642836210434,0.03955953283957201,24,1,0.7884834150547376,0.5860681102470148,1.0546957939566672,0.9449213090696893,8,239
1,PL,ceh5,False,134.5298532594419,9.11,A,comparison_window,8.0,8.0,5.427720326309705,0.8634722119186207,0.04668189239257107,24,1,0.7702562365105629,0.507372682973062,1.0908040537861572,0.9315951825765857,8,239
1,PL,ceh5,False,134.5298532594419,9.11,A,full_record,8.0,8.0,4.899168033779804,1.2783674740865558,0.039047174459102336,24,1,0.7881030275699373,0.5862279372913327,1.053221235985147,0.9449020336278204,8,239
1,PL,ceh6,False,145.94120591868815,9.11,A,comparison_window,0.5,0.5,4.029680120754049,3.26598180377517,0.46842561234245456,24,1,0.9214358438964158,0.8431367507520405,0.8764660756690553,0.9299846189776003,8,239
1,PL,ceh6,False,145.94120591868815,9.11,A,full_record,0.5,0.5,3.93660612585503,3.2936154724053615,0.4825770653415368,24,1,0.9196481642586469,0.83735420187841,0.8585114089814739,0.927274913944658,8,239
1,PL,ceh6,False,145.94120591868815,9.11,A,comparison_window,0.6,0.6,4.2119709839635835,2.8723435461572504,0.43949211820949247,24,1,0.9167556663310481,0.8340432440627581,0.8794068670505137,0.915714046361131,8,239
1,PL,ceh6,False,145.94120591868815,9.11,A,full_record,0.6,0.6,4.10999407842628,2.896603980965292,0.4479207747326234,24,1,0.9169642540805574,0.8318040433007424,0.8625573508290884,0.9140525777155739,8,239
1,PL,ceh6,False,145.94120591868815,9.11,A,comparison_window,0.7,0.7,4.365650385930933,2.5240543228411054,0.4124064303929409,24,1,0.9103449457251016,0.8227432772496956,0.8834825384378094,0.8981796031716585,8,239
1,PL,ceh6,False,145.94120591868815,9.11,A,full_record,0.7,0.7,4.249049154700099,2.5526577866683033,0.41543224612878954,24,1,0.9129151198819603,0.8247573370187955,0.8674509957061787,0.8987050332885129,8,239
1,PL,ceh6,False,145.94120591868815,9.11,A,comparison_window,0.8,0.8,4.495376791157819,2.2167311457873105,0.3873594714603649,24,1,0.9025061149475657,0.8096577306102279,0.8886988857632984,0.878758780254599,8,239
1,PL,ceh6,False,145.94120591868815,9.11,A,full_record,0.8,0.8,4.360286122373942,2.2564793693215677,0.38557699338411194,24,1,0.9076060503068478,0.8162777453054151,0.8732052428793827,0.8824761473453961,8,239
1,PL,ceh6,False,145.94120591868815,9.11,A,comparison_window,0.9,0.9,4.605200914006604,1.9456236591880098,0.3643633335138732,24,1,0.893670482966109,0.7950993629493535,0.8904262921285484,0.8585477766744702,8,239
1,PL,ceh6,False,145.94120591868815,9.11,A,full_record,0.9,0.9,4.449294851111014,2.0018885084534053,0.35845403643365037,24,1,0.9011802956278395,0.8063873850477736,0.8798134593891582,0.8662927446796871,8,239
1,PL,ceh6,False,145.94120591868815,9.11,A,comparison_window,1.0,1.0,4.698536265287066,1.7061425726334694,0.34333213452887945,24,1,0.8841346890130103,0.7793964914480671,0.8878370253967458,0.8383813187150352,8,239
1,PL,ceh6,False,145.94120591868815,9.11,A,full_record,1.0,1.0,4.5206559142621945,1.7828439014294626,0.333964990044053,24,1,0.8938421059580618,0.7951132766033902,0.8863479049872899,0.85081009302432,8,239
1,PL,ceh6,False,145.94120591868815,9.11,A,comparison_window,1.1,1.1,4.778209895686156,1.4941006054938262,0.32413141108004534,24,1,0.873993045740476,0.7627587048304021,0.8866580750744392,0.8188663378483312,8,239
1,PL,ceh6,False,145.94120591868815,9.11,A,full_record,1.1,1.1,4.578030833994617,1.593890623116332,0.31191622139490965,24,1,0.8859225131535929,0.7825469858097374,0.8865172965900142,0.8364623866708387,8,239
1,PL,ceh6,False,145.94120591868815,9.11,A,comparison_window,1.2,1.2,4.8465418114668495,1.3057961351348655,0.3066073280657875,24,1,0.8634728240618358,0.7453253808766742,0.8867190538243142,0.8004207178326403,8,239
1,PL,ceh6,False,145.94120591868815,9.11,A,full_record,1.2,1.2,4.624308918126631,1.4303030016515386,0.2920775378382849,24,1,0.87741137662014,0.7688449314613944,0.8879217516567641,0.8235106446849374,8,239
1,PL,ceh6,False,145.94120591868815,9.11,A,comparison_window,1.3,1.3,4.905428120895317,1.1380157735447474,0.2906033297492198,24,1,0.8527778203261389,0.7272216322153272,0.8878510284247884,0.783311400964776,8,239
1,PL,ceh6,False,145.94120591868815,9.11,A,full_record,1.3,1.3,4.661756893583161,1.2880791496281652,0.2742142328597726,24,1,0.8685207804164997,0.754145747114587,0.8903519441143565,0.8120846292332197,8,239
1,PL,ceh6,False,145.94120591868815,9.11,A,comparison_window,1.4,1.4,4.956417107562574,0.9879987425119617,0.275969149398292,24,1,0.8420829069203966,0.7085667399849417,0.8898927061547062,0.7676887120225397,8,239
1,PL,ceh6,False,145.94120591868815,9.11,A,full_record,1.4,1.4,4.692150501070608,1.1638717215745777,0.25810342871791914,24,1,0.8594535830286276,0.7386249501127002,0.8936109944253908,0.8022178289507584,8,239
1,PL,ceh6,False,145.94120591868815,9.11,A,comparison_window,1.5,1.5,5.000774532281845,0.8533862710000408,0.2625652618099909,24,1,0.8315319861185925,0.6894785552943906,0.8926940605682715,0.7536155700802717,8,239
1,PL,ceh6,False,145.94120591868815,9.11,A,full_record,1.5,1.5,4.716882657617698,1.054898054414171,0.2435414548718097,24,1,0.8503899919629744,0.722481844829018,0.8975188504497044,0.7938757265065854,8,239
1,PL,ceh6,False,145.94120591868815,9.11,A,comparison_window,1.6,1.6,5.039537802716194,0.7321680368977685,0.250264678607885,24,1,0.8212385945010772,0.6700750537082386,0.8961181702890114,0.7410913779412063,8,239
1,PL,ceh6,False,145.94120591868815,9.11,A,full_record,1.6,1.6,4.737049287990573,0.9588502282799519,0.23034627929470755,24,1,0.8414803412689577,0.705926782386195,0.9019143315360034,0.786978056333131,8,239
1,PL,ceh6,False,145.94120591868815,9.11,A,comparison_window,1.7,1.7,5.073560053570169,0.6226314566087907,0.2389532409884001,24,1,0.8112882999090161,0.6504740592132936,0.9000418640656351,0.7300709831922756,8,239
1,PL,ceh6,False,145.94120591868815,9.11,A,full_record,1.7,1.7,4.753516163286225,0.8738137632347187,0.21835733158798654,24,1,0.8328429392914695,0.6891700711191961,0.9066556459324772,0.7814159195811938,8,239
1,PL,ceh6,False,145.94120591868815,9.11,A,comparison_window,1.8,1.8,5.103545635990253,0.523316267417092,0.2285291031273714,24,1,0.8017421107666045,0.6307919273879157,0.9043556020057968,0.720479371722722,8,239
1,PL,ceh6,False,145.94120591868815,9.11,A,full_record,1.8,1.8,4.7669704477898955,0.7981977627461856,0.2074340519039749,24,1,0.8245654161547047,0.6724130622187372,0.9116199434021136,0.7770646339508911,8,239
1,PL,ceh6,False,145.94120591868815,9.11,A,comparison_window,1.9,1.9,5.130078535001314,0.43297509781180177,0.21890181662972763,24,1,0.7926402850609213,0.6111417582563714,0.9089628925341167,0.7122228221234335,8,239
1,PL,ceh6,False,145.94120591868815,9.11,A,full_record,1.9,1.9,4.777960287233655,0.7306765433151343,0.19745390913771832,24,1,0.8167081052369762,0.6558414937939294,0.916702284013635,0.7737931342343729,8,239
1,PL,ceh6,False,145.94120591868815,9.11,A,comparison_window,2.0,2.0,5.153645075812523,0.3505398595113606,0.2099912543852751,24,1,0.7840061126885927,0.5916315247198956,0.9137794474924716,0.7051972115376614,8,239
1,PL,ceh6,False,145.94120591868815,9.11,A,full_record,2.0,2.0,4.786925191096807,0.6701416253533509,0.18831028967832472,24,1,0.8093083288008394,0.6396209425480102,0.9218142777059354,0.7714706432850462,8,239
1,PL,ceh6,False,145.94120591868815,9.11,A,comparison_window,2.1,2.1,5.174652067758897,0.27509341367994133,0.2017265083188681,24,1,0.7758494097722555,0.5723623589163357,0.918732208521529,0.6992940784030527,8,239
1,PL,ceh6,False,145.94120591868815,9.11,A,full_record,2.1,2.1,4.794219384752582,0.6156625892560789,0.179910462397402,24,1,0.8023848286991498,0.6238941195619376,0.9268825629125013,0.7699712247552393,8,239
1,PL,ceh6,False,145.94120591868815,9.11,A,comparison_window,2.2,2.2,5.193441324518233,0.2058458346226826,0.19404483333446848,24,1,0.7681695906932565,0.5534271331829197,0.9237583299342835,0.6944049483485604,8,239
1,PL,ceh6,False,145.94120591868815,9.11,A,full_record,2.2,2.2,4.800129810881256,0.5664552984584221,0.17217371551507507,24,1,0.7959418954523789,0.6087797027370052,0.9318472343423349,0.7691767220491511,8,239
1,PL,ceh6,False,145.94120591868815,9.11,A,comparison_window,2.3,2.3,5.210301313298148,0.14211459123399556,0.1868906729656553,24,1,0.7609582718066952,0.5349093978874615,0.9288041709064125,0.6904243336153089,8,239
1,PL,ceh6,False,145.94120591868815,9.11,A,full_record,2.3,2.3,4.804890059745007,0.5218561427055609,0.16502970049954588,24,1,0.7899729759433073,0.5943723933162297,0.9366602910489444,0.7689784904379942,8,239
1,PL,ceh6,False,145.94120591868815,9.11,A,comparison_window,2.4,2.4,5.225476530087926,0.08330802140884375,0.18021478087810855,24,1,0.7542014161781333,0.5168826882623048,0.9338243283570592,0.687251731577659,8,239
1,PL,ceh6,False,145.94120591868815,9.11,A,full_record,2.4,2.4,4.808691196909905,0.48130115423804193,0.1584169861150467,24,1,0.7844636876488279,0.5807439008992045,0.9412841498570599,0.7692782448136715,8,239
1,PL,ceh6,False,145.94120591868815,9.11,A,comparison_window,2.5,2.5,5.239175071845153,0.028911551409138203,0.17397344031658427,24,1,0.7478810594647489,0.49941018036859763,0.9387807279456516,0.6847928767458118,8,239
1,PL,ceh6,False,145.94120591868815,9.11,A,full_record,2.5,2.5,4.811690219706026,0.44430904829753426,0.15228180983318995,24,1,0.7793942537773866,0.5679445908840484,0.9456902517051095,0.7699882748884146,8,239
1,PL,ceh6,False,145.94120591868815,9.11,A,comparison_window,2.6,2.6,5.251574775931234,-0.021523807539230888,0.16812777711972782,24,1,0.7419674906930672,0.4825607703466327,0.9436417817102881,0.6829604427847319,8,239
1,PL,ceh6,False,145.94120591868815,9.11,A,full_record,2.6,2.6,4.814016694569016,0.410467417174381,0.1465770069278078,24,1,0.7747414178901564,0.5560055643423327,0.9498577765828832,0.771031221917591,8,239
1,PL,ceh6,False,145.94120591868815,9.11,A,comparison_window,2.7,2.7,5.262828217847754,-0.0683910780329024,0.1626431587654319,24,1,0.73628245433359,0.4666453484330465,0.9483816153113522,0.6816743450967522,8,239
1,PL,ceh6,False,145.94120591868815,9.11,A,full_record,2.7,2.7,4.815777992866402,0.379421457819169,0.14126109556721347,24,1,0.7704799141100497,0.5449409789121191,0.953772474589003,0.772339564626598,8,239
1,PL,ceh6,False,145.94120591868815,9.11,A,comparison_window,2.8,2.8,5.2730667962193465,-0.11203537685453768,0.1574886706729659,24,1,0.7309604568930939,0.4514181928295806,0.9529793644558195,0.6808617584905297,8,239
1,PL,ceh6,False,145.94120591868815,9.11,A,full_record,2.8,2.8,4.817063441962359,0.35086473713272087,0.1362974967451407,24,1,0.7665835710804101,0.5347504574983349,0.9574256149755987,0.7738549251662535,8,239
1,PL,ceh6,False,145.94120591868815,9.11,A,comparison_window,2.9,2.9,5.28240408544422,-0.1527606862387948,0.15263666083715327,24,1,0.7259820122596833,0.4369004522154587,0.9574185380836718,0.6804569365169316,8,239
1,PL,ceh6,False,145.94120591868815,9.11,A,full_record,2.9,2.9,4.817947632652031,0.324531599364364,0.13165386962203138,24,1,0.7630261218432939,0.5254214673628064,0.9608130511092755,0.7755272769090957,8,239
1,PL,ceh6,False,145.94120591868815,9.11,A,comparison_window,3.0,3.0,5.290938598553268,-0.19083555762663118,0.1480623443003281,24,1,0.7213274264890798,0.42310505750370464,0.9616864447847686,0.6804008975228437,8,239
1,PL,ceh6,False,145.94120591868815,9.11,A,full_record,3.0,3.0,4.818493067287233,0.30019090029158485,0.12730154504560057,24,1,0.7597817823375529,0.5169315842294605,0.9639343965605722,0.7773141132514638,8,239
1,PL,ceh6,False,145.94120591868815,9.11,A,comparison_window,3.1,3.1,5.298756073230017,-0.22649792990882786,0.1437434596802023,24,1,0.7169771583254319,0.41003752098309554,0.9657736783505282,0.6806410259566995,8,239
1,PL,ceh6,False,145.94120591868815,9.11,A,full_record,3.1,3.1,4.818752290116238,0.27764081665427315,0.12321504229002107,24,1,0.756825650893838,0.5092505835753083,0.9667923057149973,0.7791796190631136,8,239
1,PL,ceh6,False,145.94120591868815,9.11,A,comparison_window,3.2,3.2,5.305931370795308,-0.2599592115885665,0.1396599707917219,24,1,0.7129120840680211,0.3976967668837299,0.9696736581372978,0.681130624824614,8,239
1,PL,ceh6,False,145.94120591868815,9.11,A,full_record,3.2,3.2,4.818769609002514,0.25670452988689657,0.11937165619858003,24,1,0.7541339713051793,0.5023423240604339,0.9693918511565811,0.7810938730074224,8,239
1,PL,ceh6,False,145.94120591868815,9.11,A,comparison_window,3.3,3.3,5.312530059809838,-0.2914077496171931,0.13579380723013054,24,1,0.7091136866844925,0.38607596488429974,0.9733822198939702,0.6818284455523449,8,239
1,PL,ceh6,False,145.94120591868815,9.11,A,full_record,3.3,3.3,4.818582493126387,0.2372266232312078,0.11575110384713318,24,1,0.7516842934028038,0.49616640617525487,0.9717399894509299,0.7830320988085921,8,239
1,PL,ceh6,False,145.94120591868815,9.11,A,comparison_window,3.4,3.4,5.318609741675825,-0.3210117858658845,0.13212863856825677,24,1,0.7055641855543744,0.3751633440918781,0.9768972528032099,0.6826982141626075,8,239
1,PL,ceh6,False,145.94120591868815,9.11,A,full_record,3.4,3.4,4.818222712549433,0.21907006302297036,0.11233522153715951,24,1,0.7494555577632847,0.49067960301306357,0.9738451067278588,0.7849739759889984,8,239
1,PL,ceh6,False,145.94120591868815,9.11,A,comparison_window,3.5,3.5,5.324221164362593,-0.3489219844139655,0.12864967753827422,24,1,0.7022466201595144,0.36494297050013513,0.9802183786519988,0.6837081670964631,8,239
1,PL,ceh6,False,145.94120591868815,9.11,A,full_record,3.5,3.5,4.817717271185071,0.20211366009262785,0.10910770438133287,24,1,0.7474281251848748,0.4858370701281868,0.9757166355370754,0.7869030150879168,8,239
1,PL,ceh6,False,145.94120591868815,9.11,A,comparison_window,3.6,3.6,5.329409161472926,-0.3752735983246115,0.1253435082075415,24,1,0.6991448984337643,0.3553954757491773,0.9833466692534153,0.6848306057824891,8,239
1,PL,ceh6,False,145.94120591868815,9.11,A,full_record,3.6,3.6,4.817089173689779,0.18624992719945374,0.10605388198002993,24,1,0.7455837667616118,0.4815933483044389,0.9773647347446001,0.7888059984518605,8,239
1,PL,ceh6,False,145.94120591868815,9.11,A,comparison_window,3.7,3.7,5.334213446793058,-0.4001883327302702,0.12219793571925629,24,1,0.696243818314989,0.346498729123369,0.986284398468369,0.6860414758751535,8,239
1,PL,ceh6,False,145.94120591868815,9.11,B,comparison_window,,0.643735085150527,4.282415746894612,2.7146801597525494,0.4274022072015675,24,1,0.9141476844279351,0.8293451084139009,0.8810482129389628,0.9083591543601093,8,239
1,PL,ceh6,False,145.94120591868815,9.11,A,full_record,3.7,3.7,4.816358058267934,0.17138326433236206,0.10316052472904426,24,1,0.7439056265798705,0.47790317733350307,0.9788000246877877,0.7906724849926196,8,239
1,PL,ceh6,False,145.94120591868815,9.11,B,full_record,,0.45920847614648164,3.8544095854184945,3.471523296347996,0.497113565962203,24,1,0.9203326640678136,0.8391543723457228,0.8571024327303238,0.9317040064452751,8,239
1,PL,ceh6,False,145.94120591868815,9.11,A,comparison_window,3.8,3.8,5.338669288831351,-0.42377595136227103,0.11920185465600766,24,1,0.6935290692614632,0.3382284481379779,0.9890348254124759,0.687319974704138,8,239
1,PL,ceh6,False,145.94120591868815,9.11,A,full_record,3.8,3.8,4.815540720766483,0.1574284164203859,0.10041567617302775,24,1,0.7423781660878062,0.4747221411517477,0.9800333703584236,0.7924943755468123,8,239
1,PL,ceh6,False,145.94120591868815,9.11,A,comparison_window,3.9,3.9,5.342808085341359,-0.4461356657245369,0.1163451335045413,24,1,0.6909872190484658,0.330558745820967,0.9916020056722264,0.68864818871511,8,239
1,PL,ceh6,False,145.94120591868815,9.11,A,full_record,3.9,3.9,4.814651550277213,0.14430915817811674,0.09780850755065111,24,1,0.740987096883946,0.47200716540915133,0.9810757059944039,0.7942655344057425,8,239
1,PL,ceh6,False,145.94120591868815,9.11,A,comparison_window,4.0,4.0,5.346657854204825,-0.4673573395995869,0.11361851306069905,24,1,0.6886056899966911,0.32346261495339623,0.993990627591556,0.6900107613971782,8,239
1,PL,ceh6,False,145.94120591868815,9.11,A,full_record,4.0,4.0,4.813702892422204,0.13195716899438803,0.09532919128849572,24,1,0.7397193068995436,0.4697168881744246,0.9819378950959041,0.7959814620294947,8,239
1,PL,ceh6,False,145.94120591868815,9.11,A,comparison_window,4.1,4.1,5.35024365413352,-0.48752253621912645,0.11101351692194741,24,1,0.6863727278534026,0.31691235116209393,0.9962058709216988,0.6913945912730497,8,239
1,PL,ceh6,False,145.94120591868815,9.11,A,full_record,4.1,4.1,4.81270535331869,0.12031106737052041,0.09296879071077166,24,1,0.7385627835959391,0.4678119233675401,0.9826306205164196,0.797639013769172,8,239
1,PL,ceh6,False,145.94120591868815,9.11,A,comparison_window,4.2,4.2,5.353587946290302,-0.5067054310158671,0.10852237247833005,24,1,0.6842773658076229,0.3108799179368755,0.9982532853517808,0.6927885588888669,8,239
1,PL,ceh6,False,145.94120591868815,9.11,A,full_record,4.2,4.2,4.811668054706736,0.10931557975232692,0.09071916365785812,24,1,0.7375065367707667,0.4662550349342638,0.9831642998937435,0.7992361594830885,8,239
1,PL,ceh6,False,145.94120591868815,9.11,A,comparison_window,4.3,4.3,5.356710906016156,-0.5249736092235195,0.10613794103722564,24,1,0.6823093855357378,0.3053372574456059,1.0001386866530255,0.694183281315673,8,239
1,PL,ceh6,False,145.94120591868815,9.11,A,full_record,4.3,4.3,4.81059884872933,0.09892082293285766,0.08857287806246886,24,1,0.7365405227913265,0.46501123795022403,0.9835490222670822,0.8007717791612222,8,239
1,PL,ceh6,False,145.94120591868815,9.11,A,comparison_window,4.4,4.4,5.359630692291274,-0.5423887645676826,0.10385365590878418,24,1,0.6804592767134534,0.3002565515130957,1.001868068374918,0.6955708924108837,8,239
1,PL,ceh6,False,145.94120591868815,9.11,A,full_record,4.4,4.4,4.809504499266234,0.08908168273197656,0.08652313782985464,24,1,0.7356555714919011,0.4640478409222689,0.9837945022664765,0.8022454900034919,8,239
1,PL,ceh6,False,145.94120591868815,9.11,A,comparison_window,4.5,4.5,5.362363681285092,-0.5590073127779015,0.101663467442117,24,1,0.6787181960689822,0.2956104373768451,1.0034475272257617,0.6969448469457662,8,239
1,PL,ceh6,False,145.94120591868815,9.11,A,full_record,4.5,4.5,4.808390835451803,0.07975727454256079,0.08456371761769757,24,1,0.7348433165386616,0.46333444165400184,0.9839100487538956,0.8036575007844593,8,239
1,PL,ceh6,False,145.94120591868815,9.11,A,comparison_window,4.6,4.6,5.36492466930574,-0.5748809315583285,0.09956179414154144,24,1,0.6770779267705388,0.2913721828893928,1.0048832004527115,0.6982997466517946,8,239
1,PL,ceh6,False,145.94120591868815,9.11,A,full_record,4.6,4.6,4.807262881986815,0.07091047369761536,0.08268890532044552,24,1,0.7340961297459258,0.4628428872347271,0.9839045452407056,0.8050084897471091,8,239
1,PL,ceh6,False,145.94120591868815,9.11,A,comparison_window,4.7,4.7,5.367327049600954,-0.5900570369063484,0.09754347911101029,24,1,0.6755308387220735,0.2875158257504473,1.006181213706711,0.699631186250512,8,239
1,PL,ceh6,False,145.94120591868815,9.11,A,full_record,4.7,4.7,4.8061249700317,0.06250750555762492,0.08089345123854218,24,1,0.7334070595937238,0.46254720704315544,0.9837864398034222,0.8062995026777979,8,239
1,PL,ceh6,False,145.94120591868815,9.11,A,comparison_window,4.8,4.8,5.369582966753499,-0.604579204205147,0.09560375117640994,24,1,0.6740698501716406,0.2840162811620397,1.0073476380360094,0.7009356175887143,8,239
1,PL,ceh6,False,145.94120591868815,9.11,A,full_record,4.8,4.8,4.80498083180301,0.054517586822326054,0.0791725230609653,24,1,0.7327697740279006,0.4624235261535452,0.9835637425705493,0.8075318682084393,8,239
1,PL,ceh6,False,145.94120591868815,9.11,A,comparison_window,4.9,4.9,5.371703451827498,-0.6184875412872186,0.09373819012227103,24,1,0.6726883909063037,0.28084942203897967,1.0083884547979463,0.7022102300890147,8,239
1,PL,ceh6,False,145.94120591868815,9.11,A,full_record,4.9,4.9,4.803833681454843,0.046912610899944515,0.07752166591429388,24,1,0.732178507504455,0.4624499652023053,0.98324402916083,0.8087071277609419,8,239
1,PL,ceh6,False,145.94120591868815,9.11,A,comparison_window,5.0,5.0,5.373698540934984,-0.6318190196314764,0.09194269555387732,24,1,0.6713803672076636,0.27799213560124203,1.009309527412728,0.7034528458337104,8,239
1,PL,ceh6,False,145.94120591868815,9.11,A,full_record,5.0,5.0,4.802686284386628,0.03966687127008971,0.07593676683705453,24,1,0.7316280121570999,0.4626065316158604,0.9828344487203863,0.8098269778873778,8,239
1,PL,ceh6,False,145.94120591868815,9.11,A,comparison_window,5.1,5.1,5.375577379486012,-0.6446077689840624,0.0902134589595759,24,1,0.670140128666311,0.27542235984500596,1.010116579005318,0.7046618277190614,8,239
1,PL,ceh6,False,145.94120591868815,9.11,A,full_record,5.1,5.1,4.801541016758941,0.03275681769560362,0.07441402312748473,24,1,0.7311135129119032,0.4628750061077054,0.9823417354368847,0.8108932230652095,8,239
1,PL,ceh6,False,145.94120591868815,9.11,A,comparison_window,5.2,5.2,5.377348314047009,-0.6568853399542947,0.08854693860299202,24,1,0.6689624368965962,0.2731191030508213,1.0108151750930545,0.705835999241065,8,239
1,PL,ceh6,False,145.94120591868815,9.11,A,full_record,5.2,5.2,4.800399916704054,0.02616084090628737,0.07294991408876086,24,1,0.7306306663381236,0.46323882751122436,0.9817722226066272,0.8119077372798653,8,239
1,PL,ceh6,False,145.94120591868815,9.11,A,comparison_window,5.3,5.3,5.379018973447938,-0.6686809385111387,0.08693983692202562,24,1,0.667842436150738,0.27106244915248234,1.0114107105770878,0.7069745745982932,8,239
1,PL,ceh6,False,145.94120591868815,9.11,A,full_record,5.3,5.3,4.799264728475001,0.019859082020521113,0.07154117576029861,24,1,0.7301755230047093,0.46368297831039007,0.9811318584990198,0.8128724329679121,8,239
1,PL,ceh6,False,145.94120591868815,9.11,A,comparison_window,5.4,5.4,5.3805963405405075,-0.6800216357732363,0.0853890801522337,24,1,0.6667756258004394,0.2692335514671935,1.0119084003867207,0.7080770979188465,8,239
1,PL,ceh6,False,145.94120591868815,9.11,A,full_record,5.4,5.4,4.798136940576903,0.013833263511243171,0.07018477827880028,24,1,0.7297444931031636,0.4641938726469287,0.9804262234057569,0.8137892361053034,8,239
1,PL,ceh6,False,145.94120591868815,9.11,A,comparison_window,5.5,5.5,5.382086815808641,-0.6909325560319697,0.08389179992732863,24,1,0.665757834632036,0.26761461698215105,1.0123132732071722,0.7091433905346619,8,239
1,PL,ceh6,False,145.94120591868815,9.11,A,full_record,5.5,5.5,4.797017818758457,0.00806653897787396,0.06887790555975755,24,1,0.7293343150966267,0.46475924810461156,0.979660547382362,0.814660066408804,8,239
1,PL,ceh6,False,145.94120591868815,9.11,A,comparison_window,5.6,5.6,5.383496273862807,-0.7014370455593189,0.08244531663992485,24,1,0.6647851968859793,0.2661888831087945,1.0126301677941143,0.7101735053361729,8,239
1,PL,ceh6,False,145.94120591868815,9.11,A,full_record,5.6,5.6,4.7959084346039,0.0025433593703778276,0.06761793703041862,24,1,0.7289420271596513,0.46536806218407323,0.9788397282907327,0.8154868217774527,8,239
1,PL,ceh6,False,145.94120591868815,9.11,A,comparison_window,5.7,5.7,5.384830113706624,-0.7115568244209334,0.08104712437199094,24,1,0.6638541299613383,0.2649405885552657,1.0128637314432958,0.7111676873424505,8,239
1,PL,ceh6,False,145.94120591868815,9.11,A,full_record,5.7,5.7,4.794809690351377,-0.0027506463626940786,0.06640243117976222,24,1,0.7285649411816166,0.46601039407153555,0.9781717114602113,0.8162713662375689,8,239
1,PL,ceh6,False,145.94120591868815,9.11,A,comparison_window,5.8,5.8,5.386093303541676,-0.7213121232299713,0.07969487722732504,24,1,0.662961313699966,0.26385493973129914,1.0130184202412804,0.7121263397161489,8,239
1,PL,ceh6,False,145.94120591868815,9.11,A,full_record,5.8,5.8,4.793722340468179,-0.007828777953810248,0.0652291107207689,24,1,0.7282006191176007,0.4666773520595273,0.9775165141700339,0.8170155207717396,8,239
1,PL,ceh6,False,145.94120591868815,9.11,A,comparison_window,5.9,5.9,5.387290420772814,-0.7307218065326135,0.07838637691822746,24,1,0.6621036711618864,0.2629180738876026,1.0130985007742466,0.7130499945388216,8,239
1,PL,ceh6,False,145.94120591868815,9.11,A,full_record,5.9,5.9,4.79264701043314,-0.012703359339906094,0.06409584918586889,24,1,0.7278468514829936,0.4673609867866253,0.9768098463900836,0.8177210565119908,8,239
1,PL,ceh6,False,145.94120591868815,9.11,A,comparison_window,6.0,6.0,5.388425687788603,-0.7398034843054824,0.07711956147585669,24,1,0.6612783508026638,0.2621170200027302,1.0131080530170227,0.7139392877405532,8,239
1,PL,ceh6,False,145.94120591868815,9.11,A,full_record,6.0,6.0,4.7915842131098705,-0.017385824345066567,0.06300065879855395,24,1,0.7275016378013206,0.46805421031653394,0.9760557209439739,0.818389689862252,8,239
1,PL,ceh6,False,145.94120591868815,9.11,A,comparison_window,6.1,6.1,5.389503004014865,-0.7485736128626621,0.07589249496882648,24,1,0.6604827099643358,0.26143965826389093,1.0130509741639144,0.7147949376486404,8,239
1,PL,ceh6,False,145.94120591868815,9.11,A,full_record,6.1,6.1,4.790534363037718,-0.021886793665963633,0.0619416794832645,24,1,0.7271631688282871,0.46875072096684745,0.9752579051973169,0.8190230791870327,8,239
1,PL,ceh6,False,145.94120591868815,9.11,A,comparison_window,6.2,6.2,5.390525974675263,-0.7570475863130952,0.07470335812779322,24,1,0.6597142995935924,0.2608746788418901,1.0129309831979338,0.7156177266836711,8,239
1,PL,ceh6,False,145.94120591868815,9.11,A,full_record,6.2,6.2,4.789497788920248,-0.026216144156374487,0.06091716889223452,24,1,0.7268298103884613,0.46944493371713836,0.9744199351314268,0.8196228227640958,8,239
1,PL,ceh6,False,145.94120591868815,9.11,A,comparison_window,6.3,6.3,5.3914979366369025,-0.7652398195718815,0.07355043978533032,24,1,0.6589708501037608,0.2604115405333637,1.0127516260251925,0.716408485788324,8,239
1,PL,ceh6,False,145.94120591868815,9.11,A,full_record,6.3,6.3,4.78847474455054,-0.030383071280522263,0.059925493342369435,24,1,0.7265000886740683,0.47013191596917425,0.9735451288843407,0.8201904577500764,8,239
1,PL,ceh6,False,145.94120591868815,9.11,A,comparison_window,6.4,6.4,5.3924219816713865,-0.7731638238106864,0.07243212905045923,24,1,0.6582502583006852,0.26004042973360364,1.0125162810279265,0.7171680812251296,8,239
1,PL,ceh6,False,145.94120591868815,9.11,A,full_record,6.4,6.4,4.787465418379047,-0.03439614549601,0.058965119567752154,24,1,0.7261726768679537,0.47080732839401085,0.97263659971038,0.820727459951176,8,239
1,PL,ceh6,False,145.94120591868815,9.11,A,comparison_window,6.5,6.5,5.393300977420168,-0.7808322751293627,0.07134690814613234,24,1,0.6575505752963754,0.25975222010879584,1.0122281649126257,0.717897403424329,8,239
1,PL,ceh6,False,145.94120591868815,9.11,A,full_record,6.5,6.5,4.786469941900481,-0.038263363233151035,0.058034607204284896,24,1,0.7258463829646448,0.47146737057737986,0.9716972683284181,0.8212352442272022,8,239
1,PL,ceh6,False,145.94120591868815,9.11,A,comparison_window,6.6,6.6,5.394137586317776,-0.7882570771402586,0.07029334584573269,24,1,0.6568699953384972,0.2595384332562596,1.011890338749796,0.7185973576032709,8,239
1,PL,ceh6,False,145.94120591868815,9.11,A,full_record,6.6,6.6,4.785488397012178,-0.04199219305610822,0.057132601932499985,24,1,0.7255201386746684,0.4721087311629756,0.9707298746439899,0.8217151653875607,8,239
1,PL,ceh6,False,145.94120591868815,9.11,A,comparison_window,6.7,6.7,5.394934282695238,-0.7954494180785855,0.06927009145153885,24,1,0.6562068454877992,0.25939120057287557,1.0115057141191597,0.719268855913934,8,239
1,PL,ceh6,False,145.94120591868815,9.11,A,full_record,6.7,6.7,4.784520822475068,-0.04558961752090871,0.05625782921291928,24,1,0.7251929893077362,0.4727285421901186,0.9697369888423593,0.8221685194631861,8,239
1,PL,ceh6,False,145.94120591868815,9.11,A,comparison_window,6.8,6.8,5.395693368259749,-0.8024198229830893,0.06827586926417767,24,1,0.6555595760798538,0.25930322649458115,1.0110770592891578,0.7199128109064066,8,239
1,PL,ceh6,False,145.94120591868815,9.11,A,full_record,6.8,6.8,4.7835672195909344,-0.049062171184140926,0.05540908855562611,24,1,0.7248640845401155,0.47332433732571155,0.9687210218586418,0.8225965452594899,8,239
1,PL,ceh6,False,145.94120591868815,9.11,A,comparison_window,6.9,6.9,5.396416986123041,-0.8091782014309175,0.06730947349741147,24,1,0.6549267519114934,0.2592677532218546,1.0106070053723126,0.7205301301237004,8,239
1,PL,ceh6,False,145.94120591868815,9.11,A,full_record,6.9,6.9,4.782627557194121,-0.05241597516304026,0.05458524827214221,24,1,0.7245326699805077,0.4738940136986406,0.967684235238167,0.8230004261130828,8,239
1,PL,ceh6,False,145.94120591868815,9.11,A,comparison_window,7.0,7.0,5.397107133530481,-0.815733891257646,0.06636976359738747,24,1,0.6543070440963924,0.25927852700639653,1.0100980524091714,0.721121711667148,8,239
1,PL,ceh6,False,145.94120591868815,9.11,A,full_record,7.0,7.0,4.7817017760429605,-0.055656768601189316,0.053785240663323026,24,1,0.7241980794569632,0.47443579705628725,0.9666287504054094,0.8233812917896832,8,239
1,PL,ceh6,False,145.94120591868815,9.11,A,comparison_window,7.1,7.1,5.3977656734262585,-0.8220956986467453,0.06545565992963451,24,1,0.6536992225380112,0.25932976604136515,1.009552575342946,0.7216884405930105,8,239
1,PL,ceh6,False,145.94120591868815,9.11,A,full_record,7.1,7.1,4.780789792684964,-0.05878993735371578,0.05300805760196232,24,1,0.7238597279549736,0.47494820997669007,0.9655565573635585,0.8237402204727068,8,239
1,PL,ceh6,False,145.94120591868815,9.11,A,comparison_window,7.2,7.2,5.398394344973159,-0.8282719349319178,0.06456613980082695,24,1,0.6531021489718154,0.2594161299711919,1.0089728298548548,0.722231186019231,8,239
1,PL,ceh6,False,145.94120591868815,9.11,A,full_record,7.2,7.2,4.779891502860068,-0.06182054017030814,0.052252746473155254,24,1,0.7235171051437819,0.4754300428851742,0.9644695228493304,0.8240782408022012,8,239
1,PL,ceh6,False,145.94120591868815,9.11,A,comparison_window,7.3,7.3,5.398994773133047,-0.8342704504189946,0.06370023378566074,24,1,0.6525147705322046,0.25953269101538545,1.0083609580372552,0.7227507988375337,8,239
1,PL,ceh6,False,145.94120591868815,9.11,A,full_record,7.3,7.3,4.779006784498059,-0.0647533326235169,0.05151840643935431,24,1,0.7231697694342321,0.47588032764011023,0.9633693979692496,0.8243963339320244,8,239
1,PL,ceh6,False,145.94120591868815,9.11,A,comparison_window,7.4,7.4,5.399568477402462,-0.8400986655025954,0.06285702233209382,24,1,0.6519361138028078,0.25967490668386217,1.0077189938871025,0.7232481099402543,8,239
1,PL,ceh6,False,145.94120591868815,9.11,A,full_record,7.4,7.4,4.77813550035908,-0.06759278900240905,0.050804185000460834,24,1,0.7228173425172357,0.47629831346877016,0.9622578253445164,0.8246954355800468,8,239
1,PL,ceh6,False,145.94120591868815,9.11,A,comparison_window,7.5,7.5,5.400116879785699,-0.8457635993241688,0.06203563262086579,24,1,0.6513652793119651,0.2598385940481315,1.0070488686073058,0.7237239288833085,8,239
1,PL,ceh6,False,145.94120591868815,9.11,A,full_record,7.5,7.5,4.777277500359905,-0.0703431223678553,0.05010927482232922,24,1,0.7224595043370988,0.4766834450501952,0.9611363457918108,0.8249764380517701,8,239
1,PL,ceh6,False,145.94120591868815,9.11,A,comparison_window,7.6,7.6,5.4006413120811345,-0.8512718961927255,0.06123523565750156,24,1,0.6508014364381083,0.2600199055224529,1.0063524157075963,0.7241790429179065,8,239
1,PL,ceh6,False,145.94120591868815,9.11,A,full_record,7.6,7.6,4.776432623623328,-0.07300830294456317,0.049432910809756266,24,1,0.7220959884586639,0.4770353425576267,0.9600064045672662,0.8252401922224066,8,239
1,PL,ceh6,False,145.94120591868815,9.11,A,comparison_window,7.7,7.7,5.401143022546359,-0.8566298499676308,0.06045504357714197,24,1,0.6502438186924571,0.2602153061017165,1.0056313758996969,0.724614216332455,8,239
1,PL,ceh6,False,145.94120591868815,9.11,A,full_record,7.7,7.7,4.775600700283408,-0.07559207500638385,0.048774367402405185,24,1,0.7217265777914637,0.4773537834880224,0.9588693572002648,0.8254875094661678,8,239
1,PL,ceh6,False,145.94120591868815,9.11,A,comparison_window,7.8,7.8,5.4016231820017335,-0.861843426582714,0.059694307144362836,24,1,0.6496917193490271,0.26042155199740613,1.004887401784731,0.7250301900545433,8,239
1,PL,ceh6,False,145.94120591868815,9.11,A,full_record,7.8,7.8,4.774781553075213,-0.07809797239502425,0.04813295607425558,24,1,0.7213511006378964,0.4776386861203996,0.9577264749430036,0.8257191635246395,8,239
1,PL,ceh6,False,145.94120591868815,9.11,A,comparison_window,7.9,7.9,5.402082889425264,-0.8669182848733267,0.05895231343186081,24,1,0.6491444873942672,0.26063567060956716,1.004122062332596,0.7254276814698326,8,239
1,PL,ceh6,False,145.94120591868815,9.11,A,full_record,7.9,7.9,4.773974998734216,-0.08052933279782401,0.04750802301905448,24,1,0.7209694270358811,0.4778900944581328,0.956578949860712,0.8259358923085147,8,239
1,PL,ceh6,False,145.94120591868815,9.11,A,comparison_window,8.0,8.0,5.402523177086643,-0.8718597958523998,0.05822838366334168,24,1,0.6486015237708815,0.2608549417705448,1.0033368471554172,0.725807384420746,8,239
1,PL,ceh6,False,145.94120591868815,9.11,A,full_record,8.0,8.0,4.773180849227482,-0.08288931089718954,0.046898947005937636,24,1,0.7205814653695471,0.4781081645228886,0.9554278995864456,0.8261383996290501,8,239
1,PL,l7,False,293.48642217317246,9.11,A,comparison_window,0.5,0.5,2.4941154170329707,4.766086809956615,0.0980006588554554,24,1,0.7099148504209347,0.22000740498282256,1.1388078771802472,0.7527876422039211,8,239
1,PL,l7,False,293.48642217317246,9.11,A,full_record,0.5,0.5,2.617870756982945,4.3988560778919465,0.06541780447776983,24,1,0.6995276894316701,0.2812371505808333,1.0559096096115166,0.7802415023184857,8,239
1,PL,l7,False,293.48642217317246,9.11,A,comparison_window,0.6,0.6,2.4254179511215153,4.882092706040499,0.11959287689646005,24,1,0.7208380558515737,0.2310224723322024,1.1422338593138257,0.7502493766066023,8,239
1,PL,l7,False,293.48642217317246,9.11,A,full_record,0.6,0.6,2.543019695246067,4.531829979573796,0.0853072153636323,24,1,0.7094200060073607,0.2658741028682058,1.1039162169261842,0.7763383052071138,8,239
1,PL,l7,False,293.48642217317246,9.11,A,comparison_window,0.7,0.7,2.3902187191720072,4.956637453424749,0.14019557072757619,24,1,0.7342379786429549,0.259887538502232,1.1427408650809274,0.752405004226969,8,239
1,PL,l7,False,293.48642217317246,9.11,A,full_record,0.7,0.7,2.4876882946647836,4.643375677545899,0.10628612590686272,24,1,0.7203650942469,0.2676662743976125,1.1281722188981396,0.7754410882890812,8,239
1,PL,l7,False,293.48642217317246,9.11,A,comparison_window,0.8,0.8,2.3917456090541065,4.984186572865227,0.15874132341452019,24,1,0.7494494085761745,0.30207454922794186,1.141488537959543,0.7595026887740061,8,239
1,PL,l7,False,293.48642217317246,9.11,A,full_record,0.8,0.8,2.457961394911628,4.724246273081279,0.1274780586926232,24,1,0.7339496704963757,0.29153957193968094,1.1303320277584614,0.778323267585272,8,239
1,PL,l7,False,293.48642217317246,9.11,A,comparison_window,0.9,0.9,2.429724277823022,4.963651642018803,0.1743364625547242,24,1,0.7653352479070611,0.3518861441315868,1.138710509826839,0.7713790885515024,8,239
1,PL,l7,False,293.48642217317246,9.11,A,full_record,0.9,0.9,2.4584655391447807,4.766559618874955,0.1478132797000849,24,1,0.7498021700142822,0.33051114056982334,1.1298734132190351,0.7852180776147224,8,239
1,PL,l7,False,293.48642217317246,9.11,A,comparison_window,1.0,1.0,2.5004519962141774,4.898522452392153,0.18640005512595376,24,1,0.7809977179711866,0.40471382862076033,1.1339020053245712,0.7872217085149997,8,239
1,PL,l7,False,293.48642217317246,9.11,A,full_record,1.0,1.0,2.4912721663853503,4.765440411642489,0.16617509206996628,24,1,0.7670208157239297,0.3799232944243959,1.1260062046836388,0.7960586702717554,8,239
1,PL,l7,False,293.48642217317246,9.11,A,comparison_window,1.1,1.1,2.59763831921153,4.7959624660296765,0.1947249365576051,24,1,0.79555668980685,0.4560271861431737,1.1264173734999305,0.8056117178885769,8,239
1,PL,l7,False,293.48642217317246,9.11,A,full_record,1.1,1.1,2.55525059797319,4.720199232790321,0.18158578864345729,24,1,0.7845687572479666,0.4355427717120468,1.1158203705566139,0.8103937729611732,8,239
1,PL,l7,False,293.48642217317246,9.11,A,comparison_window,1.2,1.2,2.7136790602815473,4.665249683264937,0.1994512432383015,24,1,0.8083784383031636,0.5014721881313304,1.1183982796059218,0.8248881986527086,8,239
1,PL,l7,False,293.48642217317246,9.11,A,full_record,1.2,1.2,2.646167144612193,4.634564040076218,0.19337338716845273,24,1,0.8011178759538284,0.4897664033125664,1.1082407602991273,0.8272278278874196,8,239
1,PL,l7,False,293.48642217317246,9.11,A,comparison_window,1.3,1.3,2.8409268944542108,4.516121533835015,0.2009767999142377,24,1,0.8191782968767527,0.539539321514205,1.1108318772951398,0.8435665483016066,8,239
1,PL,l7,False,293.48642217317246,9.11,A,full_record,1.3,1.3,2.75752501173149,4.5158511780759785,0.20126258445236844,24,1,0.8158038718106106,0.5383910041504513,1.0991877787030653,0.8451386636788081,8,239
1,PL,l7,False,293.48642217317246,9.11,A,comparison_window,1.4,1.4,2.9726342630433633,4.35747291053135,0.199844062523904,24,1,0.8278692991671207,0.569842578441581,1.1043480800595422,0.8605935822452037,8,239
1,PL,l7,False,293.48642217317246,9.11,A,full_record,1.4,1.4,2.8818272313779696,4.373412662388777,0.20536646689807725,24,1,0.8281214031890769,0.5790939902003716,1.0900830906116048,0.8626486735713085,8,239
1,PL,l7,False,293.48642217317246,9.11,A,comparison_window,1.5,1.5,3.1034522712692905,4.196600014629615,0.19663781442326522,24,1,0.8345049077211579,0.5927084718697795,1.0992607437396578,0.8754005641012982,8,239
1,PL,l7,False,293.48642217317246,9.11,A,full_record,1.5,1.5,3.011819800327817,4.216937586525902,0.20609771681871736,24,1,0.8378700869211824,0.6110842192859919,1.0819345284463904,0.878586707709462,8,239
1,PL,l7,False,293.48642217317246,9.11,A,comparison_window,1.6,1.6,3.229541198896219,4.038952484898713,0.19191174760788485,24,1,0.839235503313199,0.6088569326949345,1.0956360767863353,0.8878235410197023,8,239
1,PL,l7,False,293.48642217317246,9.11,A,full_record,1.6,1.6,3.1413794516589673,4.055108237545068,0.2040432120677227,24,1,0.8450759061454857,0.6345963245990762,1.075331198340475,0.8922614495305766,8,239
1,PL,l7,False,293.48642217317246,9.11,A,comparison_window,1.7,1.7,3.348426999443193,3.88823833374655,0.1861468061387391,24,1,0.8422746603357467,0.6191873358775679,1.093367199255358,0.8979746968670681,8,239
1,PL,l7,False,293.48642217317246,9.11,A,full_record,1.7,1.7,3.265931792966051,3.894840293476258,0.1998448771742734,24,1,0.849919933158829,0.6504413114356907,1.0705004728925787,0.9034434566056445,8,239
1,PL,l7,False,293.48642217317246,9.11,A,comparison_window,1.8,1.8,3.45873820558591,3.7467120059781633,0.17973522813544476,24,1,0.8438713752303867,0.6246483607978474,1.0922408412884705,0.9061197100963537,8,239
1,PL,l7,False,293.48642217317246,9.11,A,full_record,1.8,1.8,3.3824718384045136,3.741072837540492,0.19411203132808164,24,1,0.8526811646567884,0.6596905592186617,1.0673980635507538,0.9122425933446164,8,239
1,PL,l7,False,293.48642217317246,9.11,A,comparison_window,1.9,1.9,3.5599197564752334,3.615516666777908,0.17298147719888887,24,1,0.8442867900928056,0.6261641009785004,1.0919904314167888,0.912584603100611,8,239
1,PL,l7,False,293.48642217317246,9.11,A,full_record,1.9,1.9,3.4893407805685603,3.5969337011907214,0.18737116752676825,24,1,0.8536912197554696,0.663485176191495,1.0658015571595074,0.9189645376788914,8,239
1,PL,l7,False,293.48642217317246,9.11,A,comparison_window,2.0,2.0,3.6519772962563937,3.4950045142647674,0.1661122130654554,24,1,0.8437755335549645,0.6245942067107291,1.0923349567269582,0.917695457744389,8,239
1,PL,l7,False,293.48642217317246,9.11,A,full_record,2.0,2.0,3.585905871957316,3.464088247073608,0.18004683659707943,24,1,0.8532983387794646,0.6629332446014505,1.065390586844249,0.9239926873133275,8,239
1,PL,l7,False,293.48642217317246,9.11,A,comparison_window,2.1,2.1,3.7352729675506264,3.3850012797209947,0.15928974490105702,24,1,0.8425721222209936,0.6207134470346147,1.093005312162495,0.9217452766709728,8,239
1,PL,l7,False,293.48642217317246,9.11,A,full_record,2.1,2.1,3.672242743350007,3.3431285556781685,0.17246307478424228,24,1,0.8518397511441318,0.6590590038040309,1.065807953402471,0.9277092729064784,8,239
1,PL,l7,False,293.48642217317246,9.11,A,comparison_window,2.2,2.2,3.810374395293559,3.2850076469647593,0.15262565219698382,24,1,0.8408824446656508,0.6152022420758361,1.0937605836612068,0.9249799426990973,8,239
1,PL,l7,False,293.48642217317246,9.11,A,full_record,2.2,2.2,3.7488696970076725,3.2339223416158065,0.16485568444632515,24,1,0.8496222566112407,0.6527793527739811,1.06670219133006,0.9304519448175914,8,239
1,PL,l7,False,293.48642217317246,9.11,A,comparison_window,2.3,2.3,3.8779495102630888,3.1943437333696094,0.1461929239885582,24,1,0.8388797700645773,0.6086437161563538,1.0943966942553534,0.9275960408595022,8,239
1,PL,l7,False,293.48642217317246,9.11,A,full_record,2.3,2.3,3.8165482684735967,3.1358897147927727,0.15738849444930525,24,1,0.8469106073482305,0.6448938852340422,1.0677545541613847,0.9324961142787184,8,239
1,PL,l7,False,293.48642217317246,9.11,A,comparison_window,2.4,2.4,3.9386971270355082,3.112247693002718,0.1400360162026658,24,1,0.8367043218189526,0.6015250382079173,1.0947495409860852,0.9297451171135841,8,239
1,PL,l7,False,293.48642217317246,9.11,A,full_record,2.4,2.4,3.8761452520260127,3.0482050966393373,0.15016955904524784,24,1,0.8439226316449321,0.6360819586335389,1.068693938298065,0.9340533403943345,8,239
1,PL,l7,False,293.48642217317246,9.11,A,comparison_window,2.5,2.5,3.9933036420861177,3.0379398748206716,0.13417880132650384,24,1,0.8344653234710809,0.5942418647760355,1.1004022269953808,0.9315407486664903,8,239
1,PL,l7,False,293.48642217317246,9.11,A,full_record,2.5,2.5,3.928543904147229,2.969935128782025,0.14326535437767002,24,1,0.8408295405123326,0.6269042251950524,1.0720528761529458,0.9352782448238164,8,239
1,PL,l7,False,293.48642217317246,9.11,A,comparison_window,2.6,2.6,4.042417909429339,2.9706623750715915,0.12863065038385854,24,1,0.8322445073126814,0.5871051059782031,1.1106728964996035,0.9330662340527882,8,239
1,PL,l7,False,293.48642217317246,9.11,A,full_record,2.6,2.6,3.9745910767597645,2.900127327063835,0.13671233230857338,24,1,0.8377597101218571,0.6178077080859941,1.0821773776683914,0.9362789046116603,8,239
1,PL,l7,False,293.48642217317246,9.11,A,comparison_window,2.7,2.7,4.08663826410194,2.909701684901498,0.12339097561502466,24,1,0.8301002778267004,0.580349350453129,1.1203608913075531,0.9343817233452667,8,239
1,PL,l7,False,293.48642217317246,9.11,A,full_record,2.7,2.7,4.015068930948077,2.83786338171364,0.1305258811368331,24,1,0.8348043959347439,0.6091339281958338,1.0917726997462682,0.9371277042460916,8,239
1,PL,l7,False,293.48642217317246,9.11,A,comparison_window,2.8,2.8,4.1265073554666625,2.8544001163466497,0.11845256027195784,24,1,0.8276060669220487,0.5741454578232292,1.1230910441193098,0.9355302637509776,8,239
1,PL,l7,False,293.48642217317246,9.11,A,full_record,2.8,2.8,4.050682566836309,2.7822883756825325,0.12470704361216417,24,1,0.8320241713171631,0.6011295003100102,1.1007458955547544,0.937871073107973,8,239
1,PL,l7,False,293.48642217317246,9.11,A,comparison_window,2.9,2.9,4.162511788695694,2.8041600335023498,0.11380396098906806,24,1,0.825293109162119,0.5686455464564248,1.1256194255000294,0.9365426256264566,8,239
1,PL,l7,False,293.48642217317246,9.11,A,full_record,2.9,2.9,4.0820574142852255,2.7326243206510403,0.11924742669282995,24,1,0.8293635110708335,0.5939550139555442,1.1077510715353582,0.9385374653946784,8,239
1,PL,l7,False,293.48642217317246,9.11,A,comparison_window,3.0,3.0,4.195084561594947,2.7584436551571407,0.10943121583590341,24,1,0.8231735873120977,0.5639025749801647,1.1279323938063184,0.9374409830073361,8,239
1,PL,l7,False,293.48642217317246,9.11,A,full_record,3.0,3.0,4.109742231770774,2.688173930822299,0.1141327162199488,24,1,0.8266725758365265,0.587717844683145,1.1103870782114373,0.9391434847944025,8,239
1,PL,l7,False,293.48642217317246,9.11,A,comparison_window,3.1,3.1,4.224608984728943,2.716770280536158,0.10531904061325972,24,1,0.8212492579166991,0.5599328834875035,1.1300033095726711,0.9382416170251361,8,239
1,PL,l7,False,293.48642217317246,9.11,A,full_record,3.1,3.1,4.134215027829807,2.6483186388400903,0.10934514692863147,24,1,0.8242517683925922,0.5824722812397002,1.1127457750720446,0.9396983378951863,8,239
1,PL,l7,False,293.48642217317246,9.11,A,comparison_window,3.2,3.2,4.251423254315396,2.678712147551293,0.10145165250647678,24,1,0.8195156481528483,0.556724643380196,1.1318156226774578,0.9389568371174657,8,239
1,PL,l7,False,293.48642217317246,9.11,A,full_record,3.2,3.2,4.1558902363020644,2.6125134712730826,0.104865206766418,24,1,0.8220938003332516,0.5782049740319601,1.114799638928695,0.9402069154963905,8,239
1,PL,l7,False,293.48642217317246,9.11,A,comparison_window,3.3,3.3,4.275825170199344,2.6438896929202462,0.09781332512735025,24,1,0.817963944126768,0.5542451912866766,1.1333610486325953,0.9395963051587606,8,239
1,PL,l7,False,293.48642217317246,9.11,A,full_record,3.3,3.3,4.175126153746804,2.580280439829368,0.10067278905136451,24,1,0.8201847143332964,0.5748712665729276,1.1165338803067562,0.9406718195641843,8,239
1,PL,l7,False,293.48642217317246,9.11,A,comparison_window,3.4,3.4,4.2980767030915965,2.61196668800311,0.09438875170587283,24,1,0.81658247749362,0.5524472632650694,1.1346379174813612,0.9401679213135931,8,239
1,PL,l7,False,293.48642217317246,9.11,A,full_record,3.4,3.4,4.192232083909485,2.551201459237275,0.09674795170192488,24,1,0.8185063310283306,0.5724048610403263,1.1179438991606867,0.9410946225111576,8,239
1,PL,l7,False,293.48642217317246,9.11,A,comparison_window,3.5,3.5,4.318408251414679,2.5826455293044974,0.09116327251322606,24,1,0.8153578687754793,0.5512741401985124,1.1356497223201838,0.9406783991569536,8,239
1,PL,l7,False,293.48642217317246,9.11,A,full_record,3.5,3.5,4.2074749071250235,2.5249113808583044,0.09307140013622148,24,1,0.8170381052387374,0.5707258472793659,1.1190330101514465,0.9414765942255234,8,239
1,PL,l7,False,293.48642217317246,9.11,A,comparison_window,3.6,3.6,4.337022513564003,2.5556628363835143,0.08812300717570365,24,1,0.8142758865315167,0.5506637732807549,1.1364038740319828,0.9411336276384576,8,239
1,PL,l7,False,293.48642217317246,9.11,A,full_record,3.6,3.6,4.221084957860143,2.5010914618608306,0.08962477809297029,24,1,0.8157584937076624,0.5697471250343966,1.1198104752063427,0.941819077790089,8,239
1,PL,l7,False,293.48642217317246,9.11,A,comparison_window,3.7,3.7,4.354097953477732,2.530785429885345,0.08525492117204352,24,1,0.8133220772388714,0.5505519944419854,1.1369106552743908,0.9415388916434724,8,239
1,PL,l7,False,293.48642217317246,9.11,B,comparison_window,,2.2762159114675167,3.86252238034477,3.21510159818308,0.14769916206158165,24,1,0.8393764593297572,0.6102710414924626,1.0942656009458738,0.9270211400399616,8,239
1,PL,l7,False,293.48642217317246,9.11,A,full_record,3.7,3.7,4.233261189732184,2.4794634222823886,0.08639082663646722,24,1,0.8146459315937035,0.5693793467825894,1.1202898487368533,0.9421236457496941,8,239
1,PL,l7,False,293.48642217317246,9.11,B,full_record,,2.22037698323737,3.763359097625669,3.2130641487343152,0.163318489175204,24,1,0.8491020042590749,0.6512789290392607,1.0669133864006797,0.9309173575797878,8,239
1,PL,l7,False,293.48642217317246,9.11,A,comparison_window,3.8,3.8,4.369791867846904,2.5078067129987387,0.08254684749739474,24,1,0.8124822140368939,0.5508749344073599,1.1371823584844767,0.9418990021042215,8,239
1,PL,l7,False,293.48642217317246,9.11,A,full_record,3.8,3.8,4.244175660045373,2.4597841412601475,0.08335345408947756,24,1,0.8136795038113213,0.5695345648997364,1.1204876198856313,0.942392128561478,8,239
1,PL,l7,False,293.48642217317246,9.11,A,comparison_window,3.9,3.9,4.3842430799339525,2.486543450271622,0.07998747844017134,24,1,0.8117426050318484,0.5515707753018588,1.1372325882468548,0.9422183706644786,8,239
1,PL,l7,False,293.48642217317246,9.11,A,full_record,3.9,3.9,4.253977391978564,2.441840985281843,0.08049774698499348,24,1,0.812839383889425,0.570128790308484,1.120422123894982,0.9426265759966992,8,239
1,PL,l7,False,293.48642217317246,9.11,A,comparison_window,4.0,4.0,4.397574292975806,2.466832921267393,0.07756633805235154,24,1,0.8110902946099606,0.5525809595698024,1.1370757066789403,0.9425010521444834,8,239
1,PL,l7,False,293.48642217317246,9.11,A,full_record,4.0,4.0,4.262795682813366,2.425447729708914,0.07780994306292541,24,1,0.8121070996106412,0.571083669539283,1.1201126887762511,0.942829189780449,8,239
1,PL,l7,False,293.48642217317246,9.11,A,comparison_window,4.1,4.1,4.409894138898554,2.448530418287085,0.07527374274868084,24,1,0.8105131846547611,0.5538509660678327,1.1367264006125517,0.9427507696787942,8,239
1,PL,l7,False,293.48642217317246,9.11,A,full_record,4.1,4.1,4.270742927783772,2.4104410197485304,0.07527738088365171,24,1,0.8114656724873538,0.5723274717818765,1.1195789819340372,0.9430022501107892,8,239
1,PL,l7,False,293.48642217317246,9.11,A,comparison_window,4.2,4.2,4.421298957740099,2.4315070542008255,0.07310075521208856,24,1,0.8100000969106034,0.5553307503155053,1.1361993506109562,0.9429709316243181,8,239
1,PL,l7,False,293.48642217317246,9.11,A,full_record,4.2,4.2,4.277917025450066,2.3966773118739013,0.07288843605874167,24,1,0.8108996676257456,0.5737955538976349,1.1188405226948643,0.9431480482812237,8,239
1,PL,l7,False,293.48642217317246,9.11,A,comparison_window,4.3,4.3,4.4318743411450505,2.4156478462941413,0.07103913516673474,24,1,0.8095407930092071,0.5569749310644325,1.1355089837555183,0.9431646454796494,8,239
1,PL,l7,False,293.48642217317246,9.11,A,full_record,4.3,4.3,4.284403424476944,2.3840302372085547,0.0706324508759929,24,1,0.8103951818268116,0.5754304445447904,1.1179163296320984,0.9432688310121328,8,239
1,PL,l7,False,293.48642217317246,9.11,A,comparison_window,4.4,4.4,4.441696470422171,2.4008500436319737,0.06908128942807586,24,1,0.8091259648201409,0.5587427909163785,1.134669294316146,0.9433347315719555,8,239
1,PL,l7,False,293.48642217317246,9.11,A,full_record,4.4,4.4,4.290276864820675,2.372388331974147,0.06849966183417648,24,1,0.809939790763282,0.5771816619091058,1.1168246753296318,0.9433667581221192,8,239
1,PL,l7,False,293.48642217317246,9.11,A,comparison_window,4.5,4.5,4.4508332764676695,2.3870216679441407,0.06722022282158381,24,1,0.8087472046973501,0.5605981454881771,1.1336937186513536,0.9434837377327269,8,239
1,PL,l7,False,293.48642217317246,9.11,A,full_record,4.5,4.5,4.295602859437372,2.361653085146467,0.06648112802406367,24,1,0.8095224705469277,0.5790053550469134,1.1155829252203957,0.9434438729606267,8,239
1,PL,l7,False,293.48642217317246,9.11,A,comparison_window,4.6,4.6,4.459345445664701,2.37408024092516,0.06544949098450617,24,1,0.8083969627569736,0.5625091239975535,1.1325950528193702,0.9436139552869537,8,239
1,PL,l7,False,293.48642217317246,9.11,A,full_record,4.6,4.6,4.300438956161025,2.3517372590103673,0.06456866219719895,24,1,0.8091335047256446,0.5808638375491801,1.1142074410145593,0.9435020839426295,8,239
1,PL,l7,False,293.48642217317246,9.11,A,comparison_window,4.7,4.7,4.467287292843321,2.3619516738041275,0.06376315566053571,24,1,0.8080684964243673,0.5644478942661122,1.1313854033374025,0.9437274361987684,8,239
1,PL,l7,False,293.48642217317246,9.11,A,full_record,4.7,4.7,4.304835813567181,2.3425634438035488,0.06275476561041304,24,1,0.8087643844944961,0.5827250644556735,1.112713532790181,0.9435431551327621,8,239
1,PL,l7,False,293.48642217317246,9.11,A,comparison_window,4.8,4.8,4.474707519612512,2.350569297897425,0.062155742816490216,24,1,0.8077558160285475,0.5663903569654012,1.1300761632602598,0.9438260109948361,8,239
1,PL,l7,False,293.48642217317246,9.11,A,full_record,4.8,4.8,4.308838119505577,2.334062812796069,0.06103256722120829,24,1,0.8084077074635984,0.5845620889921816,1.1111154469551736,0.9435687038243936,8,239
1,PL,l7,False,293.48642217317246,9.11,A,comparison_window,4.9,4.9,4.48164987389209,2.3398730175115228,0.06062220371782716,24,1,0.8074536291121077,0.5683158273282815,1.1286780072510092,0.9439113070201701,8,239
1,PL,l7,False,293.48642217317246,9.11,A,full_record,4.9,4.9,4.312485376542286,2.326174048827145,0.05939576746523545,24,1,0.8080570785225368,0.5863525244392815,1.1094263799730648,0.9435802032591355,8,239
1,PL,l7,False,293.48642217317246,9.11,A,comparison_window,5.0,5.0,4.488153724279282,2.3298085689693657,0.05915787897057948,24,1,0.8071572852900635,0.5702067173197233,1.1272009005905224,0.9439847666004647,8,239
1,PL,l7,False,293.48642217317246,9.11,A,full_record,5.0,5.0,4.315812574747753,2.3188424174670668,0.057838586621220656,24,1,0.8077070150304966,0.5880780278302846,1.1076585099871645,0.9435789889170494,8,239
1,PL,l7,False,293.48642217317246,9.11,A,comparison_window,5.1,5.1,4.494254560970241,2.3203268716808525,0.057758465452772176,24,1,0.8068627228713755,0.5720482272011129,1.1256541181377198,0.9440476647470604,8,239
1,PL,l7,False,293.48642217317246,9.11,A,full_record,5.1,5.1,4.318850769040827,2.3120189655932735,0.05635571762503888,24,1,0.8073528576261254,0.5897238157570811,1.1058230403161224,0.9435662671097599,8,239
1,PL,l7,False,293.48642217317246,9.11,A,comparison_window,5.2,5.2,4.4999844332968735,2.311383459069858,0.05641998600541212,24,1,0.8065664180030199,0.5738280523284411,1.1240462701291676,0.9441011261185489,8,239
1,PL,l7,False,293.48642217317246,9.11,A,full_record,5.2,5.2,4.321627575568705,2.305659827301934,0.05494228310759854,24,1,0.8069906872980902,0.5912782179007936,1.1039302502746766,0.9435431248910645,8,239
1,PL,l7,False,293.48642217317246,9.11,A,comparison_window,5.3,5.3,4.505372332509074,2.302937978825926,0.05513876172221295,24,1,0.8062653367693957,0.5755361087127164,1.1223853324210749,0.944146141031557,8,239
1,PL,l7,False,293.48642217317246,9.11,A,full_record,5.3,5.3,4.324167599309753,2.299725621763704,0.053593796383064135,24,1,0.8066172489136934,0.5927322706134708,1.1019895499500703,0.9435105405458875,8,239
1,PL,l7,False,293.48642217317246,9.11,A,comparison_window,5.4,5.4,4.510444527203443,2.294953753386288,0.053911386661580324,24,1,0.8059568904487333,0.5771642791795615,1.1206786793513683,0.944183580384471,8,239
1,PL,l7,False,293.48642217317246,9.11,A,full_record,5.4,5.4,4.32649280315929,2.294180929928129,0.05230612609190278,24,1,0.8062298811124161,0.5940793506327204,1.1000095364856324,0.943469394123022,8,239
1,PL,l7,False,293.48642217317246,9.11,A,comparison_window,5.5,5.5,4.515224857746938,2.2873973928002913,0.05273470479914008,24,1,0.805638893968902,0.5787061807573051,1.118933117857567,0.9442142094180821,8,239
1,PL,l7,False,293.48642217317246,9.11,A,full_record,5.5,5.5,4.328622827142723,2.288993838933925,0.05107546419860702,24,1,0.805826452291056,0.595314847547219,1.0979980501351125,0.9434204776412334,8,239
1,PL,l7,False,293.48642217317246,9.11,A,comparison_window,5.6,5.6,4.519734995144802,2.28023845320171,0.051605789040802263,24,1,0.8053095274990411,0.5801569530865451,1.11715492184756,0.9442387002857174,8,239
1,PL,l7,False,293.48642217317246,9.11,A,full_record,5.6,5.6,4.330575265048972,2.2841355447415355,0.04989829705044185,24,1,0.8054053023048465,0.5964358727363663,1.0959622288946156,0.9433645047260807,8,239
1,PL,l7,False,293.48642217317246,9.11,A,comparison_window,5.7,5.7,4.52399466903084,2.273449135040992,0.050521922122534174,24,1,0.8049673010463246,0.5815130670879274,1.115349866102322,0.9442576434426648,8,239
1,PL,l7,False,293.48642217317246,9.11,A,full_record,5.7,5.7,4.332365904642096,2.2795800049092705,0.04877137921699967,24,1,0.8049651894604246,0.5974410020186485,1.093908560927501,0.9433021195317455,8,239
1,PL,l7,False,293.48642217317246,9.11,A,comparison_window,5.8,5.8,4.528021868805005,2.267004016024801,0.04948057923197281,24,1,0.8046110218880563,0.5827721527759551,1.113523259208002,0.9442715578922252,8,239
1,PL,l7,False,293.48642217317246,9.11,A,full_record,5.8,5.8,4.334008936660799,2.2753036346262765,0.04769170984768787,24,1,0.8045052423638958,0.598330049035401,1.0918429343006937,0.9432339048737253,8,239
1,PL,l7,False,293.48642217317246,9.11,A,comparison_window,5.9,5.9,4.53183302137961,2.260879814395124,0.04847941219746202,24,1,0.8042397646499242,0.583932844909294,1.1116799751813424,0.9442809003448057,8,239
1,PL,l7,False,293.48642217317246,9.11,A,full_record,5.9,5.9,4.335517137019308,2.2712850401233933,0.0466565113036294,24,1,0.8040249161977415,0.5991038663776793,1.0897706837716945,0.9431603895497062,8,239
1,PL,l7,False,293.48642217317246,9.11,A,comparison_window,6.0,6.0,4.535443148517281,2.255055178767748,0.047516235101319144,24,1,0.8038528438354363,0.5849946450779943,1.1098244835783442,0.9442860733588994,8,239
1,PL,l7,False,293.48642217317246,9.11,A,full_record,6.0,6.0,4.336902025953049,2.2675047844382226,0.04566320984039264,24,1,0.8035239530245203,0.5997641715656681,1.0876966345232315,0.9430820548615799,8,239
1,PL,l7,False,293.48642217317246,9.11,A,comparison_window,6.1,6.1,4.538866006336371,2.249510501255573,0.04658901118543207,24,1,0.8034497886147041,0.5859577988124169,1.1079608779701204,0.9442874325399131,8,239
1,PL,l7,False,293.48642217317246,9.11,A,full_record,6.1,6.1,4.338174007293718,2.26394518123434,0.04470941813768046,24,1,0.8030023457469015,0.6003133951640354,1.085625142852629,0.9429993403753136,8,239
1,PL,l7,False,293.48642217317246,9.11,A,comparison_window,6.2,6.2,4.542114209207038,2.2442277510364272,0.045695840928409066,24,1,0.8030303196896185,0.5868231863333325,1.1060929027384006,0.9442852928758796,8,239
1,PL,l7,False,293.48642217317246,9.11,A,full_record,6.2,6.2,4.339342490583147,2.2605901129895387,0.04379291949104028,24,1,0.8024603053880264,0.6007545485292554,1.0835601338968408,0.9429126489700481,8,239
1,PL,l7,False,293.48642217317246,9.11,A,comparison_window,6.3,6.3,4.545199339962801,2.239190325898525,0.044834951184113084,24,1,0.8025943280645019,0.5875922256286557,1.104223978192473,0.9442799342892043,8,239
1,PL,l7,False,293.48642217317246,9.11,A,full_record,6.3,6.3,4.340415998339791,2.257424870388731,0.042911653498467775,24,1,0.8018982313907421,0.6010911089128543,1.081505136521825,0.9428223512360161,8,239
1,PL,l7,False,293.48642217317246,9.11,A,comparison_window,6.4,6.4,4.548132048096223,2.2343829196189366,0.04400468528143291,24,1,0.8021418555650068,0.5882667866269906,1.1023572240440271,0.9442716064815238,8,239
1,PL,l7,False,293.48642217317246,9.11,A,full_record,6.4,6.4,4.341402260452914,2.2544360102014815,0.042063703091307345,24,1,0.801316684666956,0.6013269198727698,1.07946331553288,0.942728789284202,8,239
1,PL,l7,False,293.48642217317246,9.11,A,comparison_window,6.5,6.5,4.55092213738542,2.2297914033072743,0.04320349399446079,24,1,0.8016730769620615,0.5888491153322712,1.100495481299195,0.9442605331452811,8,239
1,PL,l7,False,293.48642217317246,9.11,A,full_record,6.5,6.5,4.342308297397828,2.251611229300816,0.04124728277406507,24,1,0.8007163631583496,0.6014661051640467,1.0774375013771609,0.9426322800308498,8,239
1,PL,l7,False,293.48642217317246,9.11,A,comparison_window,6.6,6.6,4.55357864421031,2.225402719085186,0.04242992730087737,24,1,0.8011882835713917,0.5893417668805851,1.0986413326420645,0.9442469156112125,8,239
1,PL,l7,False,293.48642217317246,9.11,A,full_record,6.6,6.6,4.343140493723878,2.248939252801957,0.040460727951591155,24,1,0.8000980796963937,0.601512994484464,1.0754302175141632,0.9425331180178018,8,239
1,PL,l7,False,293.48642217317246,9.11,A,comparison_window,6.7,6.7,4.556109907653365,2.2212047846804577,0.04168262685420933,24,1,0.8006878682119901,0.5897475465757431,1.0967971213921488,0.9442309359958472,8,239
1,PL,l7,False,293.48642217317246,9.11,A,full_record,6.7,6.7,4.343904663063039,2.2464097345738834,0.03970248523465782,24,1,0.7994627419728886,0.6014720596376133,1.0734437056280537,0.9424315778261338,8,239
1,PL,l7,False,293.48642217317246,9.11,A,comparison_window,6.8,6.8,4.558523632341561,2.217186407690748,0.040960319102864816,24,1,0.8001723114186993,0.5900694580513403,1.0949649691224297,0.944212759908044,8,239
1,PL,l7,False,293.48642217317246,9.11,A,full_record,6.8,6.8,4.344606105732955,2.2440131686117217,0.038971103626283005,24,1,0.7988113344524015,0.6013478598447188,1.071479948849524,0.9423279161361965,8,239
1,PL,l7,False,293.48642217317246,9.11,A,comparison_window,6.9,6.9,4.560826944861369,2.2133372084284364,0.040261808995376555,24,1,0.7996421688146356,0.5903106577927415,1.0931467920249043,0.9441925387682,8,239
1,PL,l7,False,293.48642217317246,9.11,A,full_record,6.9,6.9,4.345249659862599,2.241740809958488,0.03826522650135964,24,1,0.7981449020749873,0.6011449950868597,1.0695406931461462,0.9422223734824192,8,239
1,PL,l7,False,293.48642217317246,9.11,A,comparison_window,7.0,7.0,4.563026444479107,2.209647550390532,0.03958597421722018,24,1,0.7990980595584664,0.5904744153309707,1.0913443161093512,0.9441704117886901,8,239
1,PL,l7,False,293.48642217317246,9.11,A,full_record,7.0,7.0,4.345839746840655,2.2395846040372365,0.03758358430128079,24,1,0.7974645356120531,0.6008680664929031,1.0676274670296584,0.9421151757463433,8,239
1,PL,l7,False,293.48642217317246,9.11,A,comparison_window,7.1,7.1,4.565128248803336,2.2061084775148143,0.03893175990993916,24,1,0.7985406557897411,0.590564078492797,1.0895590913174595,0.9441465076591515,8,239
1,PL,l7,False,293.48642217317246,9.11,A,full_record,7.1,7.1,4.3463804117792915,2.237537123402702,0.03692498787344686,24,1,0.7967713585503767,0.60052164290615,1.065741599717939,0.9420065354265221,8,239
1,PL,l7,False,293.48642217317246,9.11,A,comparison_window,7.2,7.2,4.567138034952096,2.202711657483818,0.03829817382814112,24,1,0.797970673002452,0.5905830431560628,1.0877925046308659,0.944120945975584,8,239
1,PL,l7,False,293.48642217317246,9.11,A,full_record,7.2,7.2,4.346875359597076,2.235591511048683,0.036288322392865335,24,1,0.7960665153894813,0.6001102328659512,1.0638842378785123,0.9418966527194127,8,239
1,PL,l7,False,293.48642217317246,9.11,A,comparison_window,7.3,7.3,4.569061076716069,2.199449330426356,0.03768428189429039,24,1,0.7973888612830814,0.5905347270181522,1.0860457922465978,0.9440938384479294,8,239
1,PL,l7,False,293.48642217317246,9.11,A,full_record,7.3,7.3,4.347327987241571,2.233741429517221,0.03567254180958561,24,1,0.7953511612462323,0.5996382613316014,1.0620563610695473,0.9417857164410284,8,239
1,PL,l7,False,293.48642217317246,9.11,A,comparison_window,7.4,7.4,4.570902278152838,2.196314262442955,0.03708920411513923,24,1,0.7967959973545506,0.5904225469377089,1.0843200508890065,0.9440652899168187,8,239
1,PL,l7,False,293.48642217317246,9.11,A,full_record,7.4,7.4,4.34774141250643,2.231981015150572,0.03507666377155047,24,1,0.7946264526678742,0.5991100505551585,1.0602587959844403,0.941673904815209,8,239
1,PL,l7,False,293.48642217317246,9.11,A,comparison_window,7.5,7.5,4.572666203993332,2.1932997034483077,0.036512110827168785,24,1,0.7961928773719108,0.5902498994567016,1.0826162483220196,0.9440353992065539,8,239
1,PL,l7,False,293.48642217317246,9.11,A,full_record,7.5,7.5,4.348118499840961,2.2303048369083784,0.03449976497766083,24,1,0.7938935395610773,0.5985298045796086,1.058492229596769,0.9415613861508474,8,239
1,PL,l7,False,293.48642217317246,9.11,A,comparison_window,7.6,7.6,4.574357107197757,2.1903993488825293,0.035952219241584774,24,1,0.795580310419425,0.5900201441515969,1.0809352331209454,0.9440042598380662,8,239
1,PL,l7,False,293.48642217317246,9.11,A,full_record,7.6,7.6,4.348461883496863,2.228707859243546,0.03394097692048901,24,1,0.7931535581501251,0.5979015969000132,1.0567572212935052,0.9414483194271117,8,239
1,PL,l7,False,293.48642217317246,9.11,A,comparison_window,7.7,7.7,4.575978953960435,2.187607304893672,0.03540879026225906,24,1,0.7949591126619444,0.5897365894994684,1.079277743758606,0.943971960622687,8,239
1,PL,l7,False,293.48642217317246,9.11,A,full_record,7.7,7.7,4.348773988314724,2.227185408592464,0.033399481982216074,24,1,0.7924076248823493,0.597229360878943,1.0550542140765906,0.9413348548029156,8,239
1,PL,l7,False,293.48642217317246,9.11,A,comparison_window,7.8,7.8,4.577535446425296,2.1849180566398205,0.034881125552555715,24,1,0.7943301021063299,0.589402480978097,1.077644417055877,0.9439385861548275,8,239
1,PL,l7,False,293.48642217317246,9.11,A,full_record,7.8,7.8,4.349057048418015,2.225733143087181,0.032874509851081465,24,1,0.7916568312034505,0.5965168825546636,1.053383544906122,0.9412211340643948,8,239
1,PL,l7,False,293.48642217317246,9.11,A,comparison_window,7.9,7.9,4.5790300433483155,2.1823264393967197,0.03436856482931785,24,1,0.7936940939311997,0.5890209911483669,1.0760357960431715,0.9439042172193861,8,239
1,PL,l7,False,293.48642217317246,9.11,A,full_record,7.9,7.9,4.349313124043443,2.2243470251453488,0.032365334228920004,24,1,0.7909022391295406,0.5957677955224365,1.0517454542512552,0.9411072910218545,8,239
1,PL,l7,False,293.48642217317246,9.11,A,comparison_window,8.0,8.0,4.580465978912842,2.1798276121935127,0.03387048336431614,24,1,0.7930518963454563,0.5885952114935729,1.0744523372752655,0.9438689311274797,8,239
1,PL,l7,False,293.48642217317246,9.11,A,full_record,8.0,8.0,4.349544116715611,2.2230232966326966,0.03187126980330772,24,1,0.7901448775467061,0.5949855776057476,1.0501400949098507,0.9409934518658674,8,239
4,CG,ceh27,True,132.68373953878918,11.62,A,comparison_window,0.5,0.5,3.5845241311457863,3.6143957183595097,0.3511684350911512,25,4,0.9434095461692477,0.8888965642357104,0.9549789539766468,0.9643228443091707,8,239
4,CG,ceh27,True,132.68373953878918,11.62,A,full_record,0.5,0.5,3.3705787046323796,3.5739409422569937,0.34806770684337457,25,4,0.9433879462354311,0.8894196161219781,0.9435134988212548,0.9626038943596695,8,239
4,CG,ceh27,True,132.68373953878918,11.62,A,comparison_window,0.6,0.6,3.7617241225521756,3.327728352137517,0.333650616133506,25,4,0.9394659582051652,0.8823303817960769,0.9444195871629454,0.9568194918462372,8,239
4,CG,ceh27,True,132.68373953878918,11.62,A,full_record,0.6,0.6,3.549359164235875,3.2903168554156643,0.3322873690721229,25,4,0.9396566529444993,0.8828945052994135,0.9316129977599403,0.9535640564911462,8,239
4,CG,ceh27,True,132.68373953878918,11.62,A,comparison_window,0.7,0.7,3.9170930447213417,3.0682045046005904,0.3163977947161418,25,4,0.9340884124582428,0.8724885647146643,0.9362629251863234,0.9474440424986081,8,239
4,CG,ceh27,True,132.68373953878918,11.62,A,full_record,0.7,0.7,3.704583969406262,3.0309104886045404,0.31547466950378433,25,4,0.9344308122485793,0.8730230829541846,0.9225664620982181,0.9427593511024057,8,239
4,CG,ceh27,True,132.68373953878918,11.62,A,comparison_window,0.8,0.8,4.0527529724452656,2.83494059851074,0.29979066908617685,25,4,0.9273459157168198,0.8599518901793076,0.9303249506204031,0.9370057751168865,8,239
4,CG,ceh27,True,132.68373953878918,11.62,A,full_record,0.8,0.8,3.8377814155776373,2.7975769757666837,0.2985072205185489,25,4,0.92780574710622,0.8605042843480876,0.9161684837569222,0.931086694756799,8,239
4,CG,ceh27,True,132.68373953878918,11.62,A,comparison_window,0.9,0.9,4.171003500727109,2.626120892399314,0.28404300192658055,25,4,0.919356586895719,0.8451944339776378,0.9264026341546171,0.9261512385343964,8,239
4,CG,ceh27,True,132.68373953878918,11.62,A,full_record,0.9,0.9,3.9512692472675552,2.589892342803336,0.28195005120534716,25,4,0.9199095691649226,0.8458595453211648,0.912166955834228,0.9192646187419677,8,239
4,CG,ceh27,True,132.68373953878918,11.62,A,comparison_window,1.0,1.0,4.274082734834,2.439519730090172,0.2692566528054633,25,4,0.9102851283127719,0.828615955536573,0.9242830034393149,0.9153709143398455,8,239
4,CG,ceh27,True,132.68373953878918,11.62,A,full_record,1.0,1.0,4.047600539600866,2.406180123316602,0.2661394235993807,25,4,0.9109165234053143,0.8295044890027794,0.9102874366722886,0.9078273947167745,8,239
4,CG,ceh27,True,132.68373953878918,11.62,A,comparison_window,1.1,1.1,4.364048112848817,2.272814690747447,0.2554612345260672,25,4,0.9003336165184354,0.8105661961669203,0.9237505733645244,0.9050177065443787,8,239
4,CG,ceh27,True,132.68373953878918,11.62,A,full_record,1.1,1.1,4.129252938988685,2.2441876260187117,0.25125362065455425,25,4,0.9010456814623187,0.8117981997944582,0.9102484784547925,0.8971432145801022,8,239
4,CG,ceh27,True,132.68373953878918,11.62,A,comparison_window,1.2,1.2,4.442728830842244,2.123761847562096,0.24264158257734453,25,4,0.8897278926644901,0.791361348255543,0.9245934384142269,0.8953298503381795,8,239
4,CG,ceh27,True,132.68373953878918,11.62,A,full_record,1.2,1.2,4.1984775586100165,2.101496836061392,0.23736678321681373,25,4,0.8905486256428625,0.7930724600863056,0.9117723109542446,0.8874419591896203,8,239
4,CG,ceh27,True,132.68373953878918,11.62,A,comparison_window,1.3,1.3,4.511718310910611,1.990284538772871,0.23075623814518348,25,4,0.8787022822877015,0.7712939832652612,0.9266080537145641,0.8864539862769955,8,239
4,CG,ceh27,True,132.68373953878918,11.62,A,full_record,1.3,1.3,4.2572430647111315,1.975754702438775,0.22448734199445505,25,4,0.8796911443644351,0.7736457053323074,0.9145926197583485,0.8788446466844066,8,239
4,CG,ceh27,True,132.68373953878918,11.62,A,comparison_window,1.4,1.4,4.5723872747602865,1.8705102123310995,0.2197495880306813,25,4,0.8674851552117223,0.7506380563407405,0.9296027495963799,0.8784661921928596,8,239
4,CG,ceh27,True,132.68373953878918,11.62,A,full_record,1.4,1.4,4.307231743826455,1.8647890168670807,0.21258430386123617,25,4,0.8687339342164313,0.7538266782259703,0.91846011673711,0.871390619982161,8,239
4,CG,ceh27,True,132.68373953878918,11.62,A,comparison_window,1.5,1.5,4.625906026589952,1.7627775190581403,0.20955965397095835,25,4,0.8562871272899658,0.7296505457070399,0.9334000979338883,0.8713900306778373,8,239
4,CG,ceh27,True,132.68373953878918,11.62,A,full_record,1.5,1.5,4.349861019369841,1.7666558908327332,0.2016046608179407,25,4,0.8579161043197332,0.7339120107112121,0.9231462690448011,0.8650608151475665,8,239
4,CG,ceh27,True,132.68373953878918,11.62,A,comparison_window,1.6,1.6,4.673269584677474,1.6656273898898282,0.200122958229796,25,4,0.8452928147702655,0.7085710447305165,0.937838300054837,0.8652114051948563,8,239
4,CG,ceh27,True,132.68373953878918,11.62,A,full_record,1.6,1.6,4.386315202630818,1.6796486251927298,0.19148460289844366,25,4,0.8474435675543248,0.7141809238030331,0.928445477209715,0.8597966984346669,8,239
4,CG,ceh27,True,132.68373953878918,11.62,A,comparison_window,1.7,1.7,4.715322325597073,1.5777863454418033,0.19137745565076977,25,4,0.8346562492419273,0.6876203274598212,0.9427717838255122,0.8598904089556846,8,239
4,CG,ceh27,True,132.68373953878918,11.62,A,full_record,1.7,1.7,4.417579321852897,1.6022863320311658,0.1821565372923157,25,4,0.8374828090611943,0.6948892422236929,0.9341759824661338,0.8555150934622544,8,239
4,CG,ceh27,True,132.68373953878918,11.62,A,comparison_window,1.8,1.8,4.75278055756533,1.4981468304050454,0.18326420539641125,25,4,0.8244994987267165,0.66699862022762,0.9480711903151409,0.8553705298136651,8,239
4,CG,ceh27,True,132.68373953878918,11.62,A,full_record,1.8,1.8,4.444471023684859,1.5332931635175164,0.17355333187359742,25,4,0.8281594061474306,0.6762640969955691,0.9401797743566201,0.8521194029472758,8,239
4,CG,ceh27,True,132.68373953878918,11.62,A,comparison_window,1.9,1.9,4.786252417556355,1.4257472420818957,0.17572823364218657,25,4,0.8149137507427657,0.6468840624534027,0.9536229096273436,0.851585630553461,8,239
4,CG,ceh27,True,132.68373953878918,11.62,A,full_record,1.9,1.9,4.46766886244838,1.471574300898857,0.1656107553056818,25,4,0.8195601122289615,0.658500057622732,0.9463217484002572,0.8495078190964418,8,239
4,CG,ceh27,True,132.68373953878918,11.62,A,comparison_window,2.0,2.0,4.816255007083598,1.3597530465277399,0.16871888649674907,25,4,0.8059620488145457,0.6274316392886349,0.9593282996231335,0.8484651140893217,8,239
4,CG,ceh27,True,132.68373953878918,11.62,A,full_record,2.0,2.0,4.487736522968213,1.416192011237205,0.15826876585620753,25,4,0.8117372040099352,0.6417569803111778,0.9524883329698828,0.8475791059060245,8,239
4,CG,ceh27,True,132.68373953878918,11.62,A,comparison_window,2.1,2.1,4.843228938211482,1.2994396270978599,0.16218986981659475,25,4,0.7976829560575963,0.6087727170441087,0.9651026954696803,0.8459376418362663,8,239
4,CG,ceh27,True,132.68373953878918,11.62,A,full_record,2.1,2.1,4.505143128853654,1.3663434082112909,0.15147207965254098,25,4,0.8047139533810932,0.6261595518880189,0.9585857698381909,0.8462364785701397,8,239
4,CG,ceh27,True,132.68373953878918,11.62,A,comparison_window,2.2,2.2,4.8675505706617646,1.2441770838764061,0.15609910399039642,25,4,0.7900945725091315,0.5910152043864043,0.9708742947361086,0.8439337207875197,8,239
4,CG,ceh27,True,132.68373953878918,11.62,A,full_record,2.2,2.2,4.52028005057981,1.3213406020663088,0.14517029940219092,25,4,0.7984903665403003,0.6117983210963599,0.9645381982686785,0.8453900295125741,8,239
4,CG,ceh27,True,132.68373953878918,11.62,A,comparison_window,2.3,2.3,4.889542250893071,1.1934169701100898,0.1504084762305706,25,4,0.7831985011757303,0.5742442910443413,0.9765829830084318,0.8423874212713987,8,239
4,CG,ceh27,True,132.68373953878918,11.62,A,full_record,2.3,2.3,4.533474709131881,1.280593403536135,0.13931778488768676,25,4,0.7930486251412985,0.5987319118751854,0.9702856604405744,0.8449580727972115,8,239
4,CG,ceh27,True,132.68373953878918,11.62,A,comparison_window,2.4,2.4,4.9094808538286525,1.1466808341240329,0.14508354284705888,25,4,0.7769886371744685,0.5585530567232118,0.9821791487374362,0.8412374381194397,8,239
4,CG,ceh27,True,132.68373953878918,11.62,A,full_record,2.4,2.4,4.54500186284326,1.2435944786326332,0.13387338082277594,25,4,0.7883579112693182,0.5869900820713578,0.9757821175432244,0.8448677064105853,8,239
4,CG,ceh27,True,132.68373953878918,11.62,A,comparison_window,2.5,2.5,4.927604899397023,1.1035503839167955,0.14009321423666182,25,4,0.7715535451487823,0.5446662937606481,0.9876225229135278,0.8404276650922784,8,239
4,CG,ceh27,True,132.68373953878918,11.62,A,full_record,2.5,2.5,4.555092817307416,1.2099067275030715,0.12880007468514246,25,4,0.7845013244898271,0.5771873357047099,0.9809935414476486,0.8450548283391881,8,239
4,CG,ceh27,True,132.68373953878918,11.62,A,comparison_window,2.6,2.6,4.944120481136827,1.063659077567619,0.13540944243353886,25,4,0.7667375958764556,0.5319136587605623,0.9928810687120546,0.8399074162710968,8,239
4,CG,ceh27,True,132.68373953878918,11.62,A,full_record,2.6,2.6,4.5639429371009745,1.1791526168188387,0.12406462924157526,25,4,0.7813195182803715,0.5687938143668407,0.9858961264541568,0.8454637883727528,8,239
4,CG,ceh27,True,132.68373953878918,11.62,A,comparison_window,2.7,2.7,4.959206208971469,1.0266849483908036,0.13100692271579742,25,4,0.7625107730996347,0.5202996349484614,0.9979299380123186,0.8396313983244693,8,239
4,CG,ceh27,True,132.68373953878918,11.62,A,full_record,2.7,2.7,4.571717776555969,1.1510051937701677,0.11963721649875851,25,4,0.7787462526963841,0.5616738422130748,0.9904746490086918,0.8460468128858736,8,239
4,CG,ceh27,True,132.68373953878918,11.62,A,comparison_window,2.8,2.8,4.973017335823246,0.9923444892777555,0.12686281540730154,25,4,0.7588400382166275,0.5098151741022563,1.0027505052599408,0.8395595133703031,8,239
4,CG,ceh27,True,132.68373953878918,11.62,A,full_record,2.8,2.8,4.578558090827061,1.1251805291085828,0.11549106832173878,25,4,0.7767340875535799,0.5557738251233613,0.9947209901462428,0.8467633036729288,8,239
4,CG,ceh27,True,132.68373953878918,11.62,A,comparison_window,2.9,2.9,4.9856892091794265,0.9603874400619024,0.1229564906288399,25,4,0.7556906905159285,0.5004397981296755,1.0073294841809524,0.8396565527534201,8,239
4,CG,ceh27,True,132.68373953878918,11.62,A,full_record,2.9,2.9,4.584583940119955,1.1014313646966056,0.11160215170277858,25,4,0.7752356715001916,0.551030282247541,0.9986328253629477,0.8475790831994073,8,239
4,CG,ceh27,True,132.68373953878918,11.62,A,comparison_window,3.0,3.0,4.997340164283767,0.9305923418096756,0.1192692966596097,25,4,0.7530274218845513,0.4921436044942439,1.011658129090678,0.8398918266664276,8,239
4,CG,ceh27,True,132.68373953878918,11.62,A,full_record,3.0,3.0,4.589898059404724,1.079541771144594,0.10794887215098703,25,4,0.7742047815054525,0.5473728416184465,1.0022124792147353,0.8484656362934513,8,239
4,CG,ceh27,True,132.68373953878918,11.62,A,comparison_window,3.1,3.1,5.0080739550810875,0.9027627410072867,0.11578435131881357,25,4,0.7508151150884473,0.4848891336724873,1.0157315197461654,0.8402387624509386,8,239
4,CG,ceh27,True,132.68373953878918,11.62,A,full_record,3.1,3.1,4.594588632596838,1.0593226499941018,0.10451180593514792,25,4,0.7735098576617527,0.5447705990340188,1.0054659367597152,0.849399381274466,8,239
4,CG,ceh27,True,132.68373953878918,11.62,A,comparison_window,3.2,3.2,5.017981801970237,0.8767239438953612,0.1124863550705813,25,4,0.7490194316239662,0.47863307131725086,1.0195479266808056,0.8406744950173961,8,239
4,CG,ceh27,True,132.68373953878918,11.62,A,full_record,3.2,3.2,4.598731583099519,1.0406079410180653,0.10127346031265587,25,4,0.7730137813367443,0.5431400353067528,1.0084020005901762,0.8503609908232225,8,239
4,CG,ceh27,True,132.68373953878918,11.62,A,comparison_window,3.3,3.3,5.027144121336717,0.8523202364270259,0.10936142419690381,25,4,0.7476072301333924,0.47332777008024984,1.0231082525785595,0.8411794655977237,8,239
4,CG,ceh27,True,132.68373953878918,11.62,A,full_record,3.3,3.3,4.602392470748552,1.0232514180180161,0.09821806000171718,25,4,0.7728303538673571,0.5423004487671519,1.0110315802557823,0.8513347736692684,8,239
4,CG,ceh27,True,132.68373953878918,11.62,A,comparison_window,3.4,3.4,5.035631990276272,0.8294124984905547,0.10639694224344703,25,4,0.7465468506686108,0.4689225859712496,1.0264155443632275,0.8417370395623547,8,239
4,CG,ceh27,True,132.68373953878918,11.62,A,full_record,3.4,3.4,4.605628067658299,1.007123976002898,0.09533135773210406,25,4,0.7729254943361105,0.5421746289055072,1.0133671000244502,0.8523081216558233,8,239
4,CG,ceh27,True,132.68373953878918,11.62,A,comparison_window,3.5,3.5,5.043508390454051,0.8078761522842334,0.10358142793718977,25,4,0.7458082944034192,0.46536503178317834,1.029474570185496,0.8423331499324502,8,239
4,CG,ceh27,True,132.68373953878918,11.62,A,full_record,3.5,3.5,4.608487671413683,0.9921113290811617,0.09260046656686981,25,4,0.7732677170542566,0.5426884138464376,1.01542201087061,0.853271022307235,8,239
4,CG,ceh27,True,132.68373953878918,11.62,A,comparison_window,3.6,3.6,5.050829267306854,0.787599394261066,0.10090441784743662,25,4,0.7453633231385234,0.46260175570732975,1.0322914552968934,0.8429559702045222,8,239
4,CG,ceh27,True,132.68373953878918,11.62,A,full_record,3.6,3.6,4.611014202808403,0.9781120521409491,0.09001371171077058,25,4,0.7738280820316029,0.5437713720651969,1.0172103930822807,0.8542156341509517,8,239
4,CG,ceh27,True,132.68373953878918,11.62,A,comparison_window,3.7,3.7,5.057644434469678,0.7684816680918257,0.09835636217726085,25,4,0.745185498301969,0.4605793570856248,1.0348733708289841,0.8435956179368118,8,239
4,CG,ceh27,True,132.68373953878918,11.62,B,comparison_window,,0.8097136087295129,4.06496588591395,2.813618617923245,0.29822097629703687,25,4,0.9266222312785339,0.8586089035164899,0.9298589302806359,0.935960652401748,8,239
4,CG,ceh27,True,132.68373953878918,11.62,A,full_record,3.7,3.7,4.613245126329035,0.9650359108091626,0.08756049963852344,25,4,0.7745801021188137,0.5453572528974451,1.018746636746065,0.8551359203185676,8,239
4,CG,ceh27,True,132.68373953878918,11.62,B,full_record,,0.8288302927143598,3.872410834036929,2.735126820360067,0.29367319695243427,25,4,0.9256528961420288,0.8564804738119758,0.9147808005414115,0.9276667694504441,8,239
4,CG,ceh27,True,132.68373953878918,11.62,A,comparison_window,3.8,3.8,5.063998348138693,0.7504323428386346,0.09592853220808928,25,4,0.7449792619372153,0.45933675848919,1.0372282696866044,0.8442438890301658,8,239
4,CG,ceh27,True,132.68373953878918,11.62,A,full_record,3.8,3.8,4.615213224376694,0.952802433628366,0.08523120254184763,25,4,0.7754996218429449,0.5473842485935569,1.020045188453244,0.8560273350419803,8,239
4,CG,ceh27,True,132.68373953878918,11.62,A,comparison_window,3.9,3.9,5.069930771849154,0.7333695661827152,0.09361293806175994,25,4,0.7449576563717996,0.45868520208336405,1.03936466406549,0.8448940216144909,8,239
4,CG,ceh27,True,132.68373953878918,11.62,A,full_record,3.9,3.9,4.616947250434075,0.9413396881922111,0.08301705628010626,25,4,0.7765646792123486,0.5497951061830532,1.0211203537579647,0.8568865573196336,8,239
4,CG,ceh27,True,132.68373953878918,11.62,A,comparison_window,4.0,4.0,5.075477348680723,0.7172192672799549,0.0914022555834039,25,4,0.7451170949693514,0.4585672958750163,1.0412914394777684,0.8455404878010835,8,239
4,CG,ceh27,True,132.68373953878918,11.62,A,full_record,4.0,4.0,4.618472481739549,0.9305832294169997,0.08091007020813877,25,4,0.7777553588296149,0.5525371225108879,1.0219861461295914,0.8577112660653311,8,239
4,CG,ceh27,True,132.68373953878918,11.62,A,comparison_window,4.1,4.1,5.0806700950546,0.7019142877761292,0.08928976128008138,25,4,0.745439516447405,0.4589350474530668,1.0430177005819847,0.8461788111836056,8,239
4,CG,ceh27,True,132.68373953878918,11.62,A,full_record,4.1,4.1,4.619811188286114,0.9204751934365804,0.07890294743650883,25,4,0.779053642371584,0.55556205088704,1.0226561743188562,0.8584999513286795,8,239
4,CG,ceh27,True,132.68373953878918,11.62,A,comparison_window,4.2,4.2,5.085537827946803,0.6873936228263187,0.08726927437157961,25,4,0.7459082683945313,0.4597429327577077,1.0445526445448798,0.8468054077903875,8,239
4,CG,ceh27,True,132.68373953878918,11.62,A,full_record,4.2,4.2,4.620983031941012,0.9109635149893534,0.07698901424860624,25,4,0.7804432607431667,0.5588259431163065,1.0231435611655122,0.8592517565917932,8,239
4,CG,ceh27,True,132.68373953878918,11.62,A,comparison_window,4.3,4.3,5.090106535412046,0.6736017567375487,0.0853351051202093,25,4,0.7465080235416818,0.4609479960709447,1.0459054580916587,0.8474174481496815,8,239
4,CG,ceh27,True,132.68373953878918,11.62,A,full_record,4.3,4.3,4.622005407036783,0.9020012497858053,0.07516215755322696,25,4,0.7819095508771482,0.5622889464032661,1.0234608878920806,0.8599663476312611,8,239
4,CG,ceh27,True,132.68373953878918,11.62,A,comparison_window,4.4,4.4,5.094399698718664,0.660488080180032,0.08348200870562326,25,4,0.7472246948423494,0.46250989329731884,1.0470852348182869,0.8480127381829097,8,239
4,CG,ceh27,True,132.68373953878918,11.62,A,full_record,4.4,4.4,4.622893731798285,0.8935459863390639,0.07341676938975743,25,4,0.7834393191453244,0.5659150708371516,1.0236201588433813,0.860643803939926,8,239
4,CG,ceh27,True,132.68373953878918,11.62,A,comparison_window,4.5,4.5,5.098438573076672,0.6480063778648935,0.08170514399902529,25,4,0.7480453513052144,0.4643908896666873,1.0481009097343008,0.8485896167560848,8,239
4,CG,ceh27,True,132.68373953878918,11.62,A,full_record,4.5,4.5,4.623661698355623,0.8855593342214049,0.07174769762619251,25,4,0.785020712594423,0.5696719398774657,1.0236327824423737,0.8612845291988288,8,239
4,CG,ceh27,True,132.68373953878918,11.62,A,comparison_window,4.6,4.6,5.102242432844955,0.6361143772282646,0.08000003666938887,25,4,0.7489581359661955,0.46655582149941444,1.048961208372901,0.8491468678714176,8,239
4,CG,ceh27,True,132.68373953878918,11.62,A,full_record,4.6,4.6,4.6243214877740275,0.8780064777682762,0.07015020209882547,25,4,0.7866430986654809,0.5735305334725005,1.0235095648415016,0.8618891777567205,8,239
4,CG,ceh27,True,132.68373953878918,11.62,A,comparison_window,4.7,4.7,5.10582878619387,0.6247733500439545,0.07836254612329682,25,4,0.7499521869582506,0.46897203027705836,1.0496746081431663,0.8496836456524426,8,239
4,CG,ceh27,True,132.68373953878918,11.62,A,full_record,4.7,4.7,4.624883955453283,0.8708557859633451,0.06861991553777463,25,4,0.7882969536518772,0.5774649311158588,1.0232607133614435,0.8624585945023894,8,239
4,CG,ceh27,True,132.68373953878918,11.62,A,comparison_window,4.8,4.8,5.10921356343929,0.6139477600532721,0.07678883584064869,25,4,0.7510175623098908,0.4716092759824212,1.0502493099063266,0.8501994104539337,8,239
4,CG,ceh27,True,132.68373953878918,11.62,A,full_record,4.8,4.8,4.625358791363499,0.8640784706649529,0.06715280870587059,25,4,0.7899737598633634,0.5814520602351324,1.022895847333816,0.862993765898945,8,239
4,CG,ceh27,True,132.68373953878918,11.62,A,comparison_window,4.9,4.9,5.1124112826301245,0.6036049506861295,0.07527534672166854,25,4,0.7521451688552475,0.47443963552283197,1.050693218034149,0.850693874604157,8,239
4,CG,ceh27,True,132.68373953878918,11.62,A,full_record,4.9,4.9,4.62575465885571,0.857648286525423,0.06574515925110178,25,4,0.791583845061142,0.5856554388421814,1.0224240144094403,0.8634957802882561,8,239
4,CG,ceh27,True,132.68373953878918,11.62,A,comparison_window,5.0,5.0,5.11543519543846,0.5937148677823008,0.07381877310722032,25,4,0.7533266954525788,0.4774373910333256,1.0510139274533379,0.8511669564557715,8,239
4,CG,ceh27,True,132.68373953878918,11.62,A,full_record,5.0,5.0,4.626079315184138,0.8515412669518514,0.06439352383609968,25,4,0.7931974211819619,0.5900393807015991,1.021853710768696,0.863965795869522,8,239
4,CG,ceh27,True,132.68373953878918,11.62,A,comparison_window,5.1,5.1,5.11829741595563,0.5842498129293855,0.07241604117519707,25,4,0.7545545505702215,0.4805789119679086,1.0512187163974953,0.8516187415796186,8,239
4,CG,ceh27,True,132.68373953878918,11.62,A,full_record,5.1,5.1,4.626339716379396,0.845735491293594,0.06309471316316646,25,4,0.7948244330085154,0.5945792620000775,1.021192903983937,0.8644050150114562,8,239
4,CG,ceh27,True,132.68373953878918,11.62,A,comparison_window,5.2,5.2,5.121009034620776,0.5751842236364597,0.07106428945137423,25,4,0.755821804198709,0.48384253412095524,1.051314543779629,0.8520494500808424,8,239
4,CG,ceh27,True,132.68373953878918,11.62,A,full_record,5.2,5.2,4.626542108699269,0.840210879144521,0.0618457695611598,25,4,0.796441681456627,0.5990338167908149,1.020449057544067,0.8648146637764744,8,239
4,CG,ceh27,True,132.68373953878918,11.62,A,comparison_window,5.3,5.3,5.123580219191222,0.566494477074315,0.06976085120430398,25,4,0.7571221339761129,0.4872084380669027,1.0513080502649006,0.8524594091482768,8,239
4,CG,ceh27,True,132.68373953878918,11.62,A,full_record,5.3,5.3,4.626692108539638,0.8349490082407329,0.06064394684210563,25,4,0.7980446938349847,0.6033936056798017,1.0196291562661102,0.8651959757215344,8,239
4,CG,ceh27,True,132.68373953878918,11.62,A,comparison_window,5.4,5.4,5.126020304395175,0.5581587145513957,0.06850323852104785,25,4,0.7584497753643474,0.4906585289542905,1.051205562268769,0.8528490300660978,8,239
4,CG,ceh27,True,132.68373953878918,11.62,A,full_record,5.4,5.4,4.6267947724019205,0.8299329529347437,0.05948669217150413,25,4,0.7996295045455434,0.6076508122281232,1.018739731994569,0.8655501791980131,8,239
4,CG,ceh27,True,132.68373953878918,11.62,A,comparison_window,5.5,5.5,5.128337871680094,0.5501566842680796,0.06728912788442205,25,4,0.7597994756815291,0.49417631912826554,1.0510130982309696,0.853218789021528,8,239
4,CG,ceh27,True,132.68373953878918,11.62,A,full_record,5.5,5.5,4.6268546582734,0.8251471406507399,0.05837162972768863,25,4,0.8011926092867716,0.6117990589132267,1.0177868891325144,0.8658784875057972,8,239
4,CG,ceh27,True,132.68373953878918,11.62,A,comparison_window,5.6,5.6,5.130540820275937,0.5424696002127509,0.06611634709327209,25,4,0.76116645177576,0.49774681467315973,1.0507363766238982,0.8535692111348069,8,239
4,CG,ceh27,True,132.68373953878918,11.62,A,full_record,5.6,5.6,4.626875879576359,0.8205772240846262,0.05729654595289393,25,4,0.8027309235544344,0.6158332412079985,1.0167763296643617,0.8661820913682534,8,239
4,CG,ceh27,True,132.68373953878918,11.62,A,comparison_window,5.7,5.7,5.132636430628381,0.5350800153383416,0.06498286338559105,25,4,0.7625463511155076,0.5013564066531155,1.050380825246452,0.8539008572188307,8,239
4,CG,ceh27,True,132.68373953878918,11.62,A,full_record,5.7,5.7,4.626862152672099,0.8162099672180371,0.05625937622246054,25,4,0.8042417450362452,0.6197493783970804,1.0157133774232967,0.8664621532879091,8,239
4,CG,ceh27,True,132.68373953878918,11.62,A,comparison_window,5.8,5.8,5.134631421115609,0.5279717073945674,0.06388677264030476,25,4,0.7638783799556335,0.505076647767157,1.0499515914332331,0.8542143128463919,8,239
4,CG,ceh27,True,132.68373953878918,11.62,A,full_record,5.8,5.8,4.626816838764781,0.8120331434758865,0.05525819277930685,25,4,0.8057227195251613,0.6235444797482075,1.01460300143044,0.8667198034203981,8,239
4,CG,ceh27,True,132.68373953878918,11.62,A,comparison_window,5.9,5.9,5.136531998843047,0.5211295759950669,0.06282628954762551,25,4,0.7651142311104459,0.5092305776463224,1.049453552876437,0.8545101793644769,8,239
4,CG,ceh27,True,132.68373953878918,11.62,A,full_record,5.9,5.9,4.626742980928316,0.8080354445789537,0.05429119379885703,25,4,0.807171810005195,0.6272164246900334,1.0134498381914914,0.8669561366688163,8,239
4,CG,ceh27,True,132.68373953878918,11.62,A,comparison_window,6.0,6.0,5.138343905206023,0.5145395496749442,0.06179973865021034,25,4,0.7663456371742849,0.5133551305328844,1.0488913288140833,0.8547890665480435,8,239
4,CG,ceh27,True,132.68373953878918,11.62,A,full_record,6.0,6.0,4.6266433368795035,0.8042063988334256,0.053356693465386434,25,4,0.8085872685925672,0.6307638557057389,1.0122582128824433,0.867172210754294,8,239
4,CG,ceh27,True,132.68373953878918,11.62,A,comparison_window,6.1,6.1,5.140072456823161,0.5081885018464923,0.06080554616822325,25,4,0.7675713156610526,0.5174211666081325,1.048269291386623,0.8550515866316004,8,239
4,CG,ceh27,True,132.68373953878918,11.62,A,full_record,6.1,6.1,4.626520408032739,0.8005362977620172,0.05245311295452195,25,4,0.8099676110431459,0.6341860827250615,1.0110321593913338,0.8673690450629014,8,239
4,CG,ceh27,True,132.68373953878918,11.62,A,comparison_window,6.2,6.2,5.141722582365579,0.5020641746928143,0.05984223253094886,25,4,0.7687888042645626,0.5214224189186715,1.0475915770037618,0.8552983494961061,8,239
4,CG,ceh27,True,132.68373953878918,11.62,A,full_record,6.2,6.2,4.626376465298967,0.7970161301217767,0.051578972228691206,25,4,0.8113115935641049,0.6374829978798175,1.0097754392101168,0.8675476201057715,8,239
4,CG,ceh27,True,132.68373953878918,11.62,A,comparison_window,6.3,6.3,5.143298855742652,0.49615511015388103,0.058908405546040925,25,4,0.7699958724905039,0.5253534758154739,1.0468620975971898,0.8555299588225841,8,239
4,CG,ceh27,True,132.68373953878918,11.62,A,full_record,6.3,6.3,4.626213572028794,0.7936375224738119,0.050732882562894294,25,4,0.8126181916931536,0.6406549995744961,1.0084915591909562,0.8677088774595028,8,239
4,CG,ceh27,True,132.68373953878918,11.62,A,comparison_window,6.4,6.4,5.144805526047238,0.4904505872591845,0.05800275414488808,25,4,0.7711905037854556,0.5292097009908041,1.046084551662785,0.8557470090526165,8,239
4,CG,ceh27,True,132.68373953878918,11.62,A,full_record,6.4,6.4,4.626033604446402,0.7903926855745773,0.04991353972742054,25,4,0.813886581032553,0.643702924910888,1.007183788196048,0.8678537200789224,8,239
4,CG,ceh27,True,132.68373953878918,11.62,A,comparison_window,6.5,6.5,5.1462465446143995,0.4849405651480787,0.057124042649166595,25,4,0.7723708791539557,0.532987160162719,1.0452624350190796,0.8559500830205807,8,239
4,CG,ceh27,True,132.68373953878918,11.62,A,full_record,6.5,6.5,4.625838269874663,0.7872743659480004,0.049119717762300806,25,4,0.8151161196471547,0.6466279895910345,1.0058551726806182,0.8679830128946925,8,239
4,CG,ceh27,True,132.68373953878918,11.62,A,comparison_window,6.6,6.6,5.147625589505567,0.47961563119457357,0.05627110550942799,25,4,0.7735353621331353,0.5366825539576429,1.0443990512278452,0.8561397501434947,8,239
4,CG,ceh27,True,132.68373953878918,11.62,A,full_record,6.6,6.6,4.6256291230135425,0.7842758020759049,0.04835026328541618,25,4,0.8163063319560785,0.6494317345049094,1.0045085512558627,0.8680975836251913,8,239
4,CG,ceh27,True,132.68373953878918,11.62,A,comparison_window,6.7,6.7,5.148946087691951,0.47446695371997866,0.05544284247170927,25,4,0.774682485004676,0.5402931565483098,1.0434975216382931,0.8563165650722405,8,239
4,CG,ceh27,True,132.68373953878918,11.62,A,full_record,6.7,6.7,4.625407580498784,0.7813906847111933,0.0476040902825207,25,4,0.817456893966141,0.6521159782864241,1.0031465682830014,0.8681982237457473,8,239
4,CG,ceh27,True,132.68373953878918,11.62,A,comparison_window,6.8,6.8,5.150211235179813,0.46948623883436597,0.05463821413271254,25,4,0.7758109361333811,0.5438167596169063,1.042560795029219,0.8564810667230998,8,239
4,CG,ceh27,True,132.68373953878918,11.62,A,full_record,6.8,6.8,4.6251749339407136,0.7786131208776138,0.04688017533297366,25,4,0.818567619712074,0.6546827751935624,1.001771686552124,0.868285689569769,8,239
4,CG,ceh27,True,132.68373953878918,11.62,A,comparison_window,6.9,6.9,5.151424015291325,0.4646656909992902,0.053856237848113574,25,4,0.7769195483309691,0.5472516212309242,1.0415916568335413,0.856633777621488,8,239
4,CG,ceh27,True,132.68373953878918,11.62,A,full_record,6.9,6.9,4.624932361616169,0.7759376011705352,0.04617755322989956,25,4,0.8196384487837693,0.6571343777349222,1.0003861991002234,0.8683607034053978,8,239
4,CG,ceh27,True,132.68373953878918,11.62,A,comparison_window,7.0,7.0,5.1525872152906445,0.45999797694841815,0.05309598396217898,25,4,0.7780072881521977,0.5505964192392454,1.0405927379380675,0.8567752035006897,8,239
4,CG,ceh27,True,132.68373953878918,11.62,A,full_record,7.0,7.0,4.624680938966055,0.7733589700179548,0.04549531295783312,25,4,0.8206694348345215,0.659473203525865,0.9989922402225698,0.8684239547589058,8,239
4,CG,ceh27,True,132.68373953878918,11.62,A,comparison_window,7.1,7.1,5.153703441523165,0.4554761926424611,0.052356572330025074,25,4,0.779073246038629,0.5538502088183922,1.0395665230578708,0.8569058331076659,8,239
4,CG,ceh27,True,132.68373953878918,11.62,A,full_record,7.1,7.1,4.624421648032008,0.7708723985999014,0.04483259399474143,25,4,0.8216607349765177,0.6617018059129008,0.9975917957303472,0.868476101562175,8,239
4,CG,ceh27,True,132.68373953878918,11.62,A,comparison_window,7.2,7.2,5.154775133216981,0.4510938329693851,0.05163716910672421,25,4,0.7801166272327833,0.5570123838219894,1.0385153586895448,0.8570261381758361,8,239
4,CG,ceh27,True,132.68373953878918,11.62,A,full_record,7.2,7.2,4.62415538594938,0.7684733601584383,0.044188582908733835,25,4,0.8226125999807231,0.6638228479549382,0.9961867125056568,0.8685177714065613,8,239
4,CG,ceh27,True,132.68373953878918,11.62,A,comparison_window,7.3,7.3,5.155804575079354,0.44684476393132977,0.050936983779973855,25,4,0.7811367433925127,0.5600826416099254,1.0374414606519056,0.8571365735314032,8,239
4,CG,ceh27,True,132.68373953878918,11.62,A,full_record,7.3,7.3,4.623882972599644,0.766157607460338,0.04356251022278553,25,4,0.8235253652080604,0.6658390793952174,0.9947787074027995,0.8685495627694695,8,239
4,CG,ceh27,True,132.68373953878918,11.62,A,comparison_window,7.4,7.4,5.15679390880604,0.44272319708702024,0.050255266425320036,25,4,0.7821330048418355,0.563060951057036,1.0363469212252652,0.8572375773052959,8,239
4,CG,ceh27,True,132.68373953878918,11.62,A,full_record,7.4,7.4,4.623605157513267,0.7639211522008394,0.042953647523484545,25,4,0.8243994422073436,0.6677533162981515,0.9933693755421484,0.8685720462232227,8,239
4,CG,ceh27,True,132.68373953878918,11.62,A,comparison_window,7.5,7.5,5.157745143609095,0.4387236660421329,0.049591305164931966,25,4,0.7831049134004925,0.5659475234637632,1.0352337159029275,0.8573295712276318,8,239
4,CG,ceh27,True,132.68373953878918,11.62,A,full_record,7.5,7.5,4.623322626102847,0.7617602461598585,0.042361304792211806,25,4,0.8252353109229921,0.6695684230614438,0.991960198040401,0.8685857656184288,8,239
4,CG,ceh27,True,132.68373953878918,11.62,A,comparison_window,7.6,7.6,5.158660165856752,0.43484100480150417,0.04894442381275062,25,4,0.7840520557399449,0.5687427861130638,1.0341037097698176,0.8574129609854501,8,239
4,CG,ceh27,True,132.68373953878918,11.62,A,full_record,7.6,7.6,4.623036005298108,0.7596713639423405,0.04178482793928209,25,4,0.8260335124621716,0.6712872965460459,0.9905525492182169,0.8685912392361621,8,239
4,CG,ceh27,True,132.68373953878918,11.62,A,comparison_window,7.7,7.7,5.159540747909977,0.4310703278158844,0.048313979690428645,25,4,0.7849740972186067,0.5714473582386297,1.0329586635243413,0.8574881366279353,8,239
4,CG,ceh27,True,132.68373953878918,11.62,A,full_record,7.7,7.7,4.622745868644521,0.7576511871524972,0.04122359652348013,25,4,0.8267946423768531,0.6729128520953112,0.989147703323485,0.8685889609048965,8,239
4,CG,ceh27,True,132.68373953878918,11.62,A,comparison_window,7.8,7.8,5.160388556230401,0.42740701157245936,0.04769936159995892,25,4,0.7858707761536426,0.5740620291890319,1.0318002391599261,0.8575554730060096,8,239
4,CG,ceh27,True,132.68373953878918,11.62,A,full_record,7.8,7.8,4.6224527409219025,0.7556965898673792,0.04067702164111919,25,4,0.8275193444212819,0.6744480112400084,0.9877468408059141,0.8685794010795462,8,239
4,CG,ceh27,True,132.68373953878918,11.62,A,comparison_window,7.9,7.9,5.161205158827431,0.42384667759379885,0.047099987940161604,25,4,0.7867418984909623,0.5765877385908575,1.0306300053232464,0.8576153302356998,8,239
4,CG,ceh27,True,132.68373953878918,11.62,A,full_record,7.9,7.9,4.622157102332073,0.7538046252891936,0.04014454397026403,25,4,0.828208304749802,0.6758956909085357,0.9863510541760211,0.8685630078809468,8,239
4,CG,ceh27,True,132.68373953878918,11.62,A,comparison_window,8.0,8.0,5.161992032105081,0.4203851767224909,0.046515304955398115,25,4,0.7875873328387646,0.5790255583309392,1.0294494423657574,0.8576680541764945,8,239
4,CG,ceh27,True,132.68373953878918,11.62,A,full_record,8.0,8.0,4.621859392298994,0.751972513468467,0.03962563195712326,25,4,0.8288622465237476,0.6772587939816607,0.9849613534790796,0.8685402080949397,8,239
4,CG,wmc4,False,172.99797425982044,11.62,A,comparison_window,0.5,0.5,2.7680958915070857,4.420381505432932,0.23206806674943117,25,4,0.8938862143176395,0.7303425359221456,1.0770167215241226,0.9514148175819621,8,239
4,CG,wmc4,False,172.99797425982044,11.62,A,full_record,0.5,0.5,2.7351027167428272,4.389796780369391,0.21581081010531747,25,4,0.8857621376216348,0.7101924315763444,1.080560075658541,0.9480026490136302,8,239
4,CG,wmc4,False,172.99797425982044,11.62,A,comparison_window,0.6,0.6,2.915828479325457,4.251046094016935,0.2357283974397309,25,4,0.9016976490254349,0.7602196222637372,1.0659461088701867,0.958546886107336,8,239
4,CG,wmc4,False,172.99797425982044,11.62,A,full_record,0.6,0.6,2.8645026989885825,4.24182182997207,0.2225121114808371,25,4,0.8936284983103431,0.7396301642634174,1.069456386954876,0.9555001428718272,8,239
4,CG,wmc4,False,172.99797425982044,11.62,A,comparison_window,0.7,0.7,3.0690477026563237,4.068788028531715,0.23584814584597744,25,4,0.9069638982528309,0.7817914388649277,1.0558017282113827,0.9634903627346396,8,239
4,CG,wmc4,False,172.99797425982044,11.62,A,full_record,0.7,0.7,3.0026030967695103,4.074653514601559,0.2253703954385773,25,4,0.8998577249302778,0.763869823016833,1.0587664386883628,0.9609572511868506,8,239
4,CG,wmc4,False,172.99797425982044,11.62,A,comparison_window,0.8,0.8,3.2212089341987022,3.882864300257599,0.23323800316888757,25,4,0.9099336595888583,0.7960551086290949,1.04705166034917,0.9662370992498336,8,239
4,CG,wmc4,False,172.99797425982044,11.62,A,full_record,0.8,0.8,3.1425760995429632,3.8982578726944443,0.22503445069739675,25,4,0.9041568516241917,0.781815857423006,1.0491194710850638,0.9642239944626741,8,239
4,CG,wmc4,False,172.99797425982044,11.62,A,comparison_window,0.9,0.9,3.367796809574787,3.699985271360503,0.22863666273954228,25,4,0.9108223432020902,0.8038610677375335,1.0399495172616067,0.9670272533833981,8,239
4,CG,wmc4,False,172.99797425982044,11.62,A,full_record,0.9,0.9,3.279261341983534,3.7206087175699043,0.22219974210293708,25,4,0.9062161382539041,0.7929606138038043,1.0409342769567953,0.9654311111732963,8,239
4,CG,wmc4,False,172.99797425982044,11.62,A,comparison_window,1.0,1.0,3.5060146459048,3.5246053856768595,0.22266694174305385,25,4,0.9098155398646159,0.806006793473055,1.0345824252015492,0.9662327957153114,8,239
4,CG,wmc4,False,172.99797425982044,11.62,A,full_record,1.0,1.0,3.4091565231040963,3.54751150937841,0.21752113572983756,25,4,0.9062115206013235,0.7979512838139503,1.0344315259325911,0.9648983669639792,8,239
4,CG,wmc4,False,172.99797425982044,11.62,A,comparison_window,1.1,1.1,3.6343829988128067,3.3593825796703918,0.21582542756690515,25,4,0.907167530353379,0.8034707338437616,1.0309203369251898,0.9642635399659978,8,239
4,CG,wmc4,False,172.99797425982044,11.62,A,full_record,1.1,1.1,3.5301766250452307,3.3828024573472275,0.21156501701190225,25,4,0.9043899971282762,0.7977246645206778,1.029673918690973,0.9630328810079164,8,239
4,CG,wmc4,False,172.99797425982044,11.62,A,comparison_window,1.2,1.2,3.7523565621671318,3.2056506485560226,0.20849141103366875,25,4,0.9031404467494792,0.7971177114995242,1.0288567691387525,0.9615064239161126,8,239
4,CG,wmc4,False,172.99797425982044,11.62,A,full_record,1.2,1.2,3.6413270749452917,3.2287217706250297,0.20479213057018583,25,4,0.901040969704004,0.7932572965713458,1.0266105567502968,0.9602495384240544,8,239
4,CG,wmc4,False,172.99797425982044,11.62,A,comparison_window,1.3,1.3,3.8600078619080946,3.0638276666725037,0.2009444663580085,25,4,0.8979878835563899,0.7880499777723633,1.0282394850666556,0.9582936213513359,8,239
4,CG,wmc4,False,172.99797425982044,11.62,A,full_record,1.3,1.3,3.7423839445357734,3.0863201564958267,0.19755996501926443,25,4,0.8964594504608964,0.7854156864864325,1.0251156011357383,0.9569213596337752,8,239
4,CG,wmc4,False,172.99797425982044,11.62,A,comparison_window,1.4,1.4,3.9577884582561405,2.9337358117584804,0.19338408799812562,25,4,0.8920318248726435,0.7768983971794212,1.0288925316479516,0.9548908944118314,8,239
4,CG,wmc4,False,172.99797425982044,11.62,A,full_record,1.4,1.4,3.8336259748329935,2.9558219817282962,0.19013521956687152,25,4,0.8909269978045168,0.7751123344229227,1.0250186080358328,0.9533555341550074,8,239
4,CG,wmc4,False,172.99797425982044,11.62,A,comparison_window,1.5,1.5,4.046359833885441,2.814835702518172,0.18594794459098157,25,4,0.8859695901057949,0.765239568826478,1.030631593360047,0.9514982606985622,8,239
4,CG,wmc4,False,172.99797425982044,11.62,A,full_record,1.5,1.5,3.915630787501878,2.836915673593012,0.1827098920069824,25,4,0.8850684649144016,0.7640528375929954,1.026126991030658,0.9497872798380622,8,239
4,CG,wmc4,False,172.99797425982044,11.62,A,comparison_window,1.6,1.6,4.126479697427209,2.7063896950996367,0.17872733683911574,25,4,0.8800130882232026,0.7534589269738491,1.0332743975516143,0.9482571244325253,8,239
4,CG,wmc4,False,172.99797425982044,11.62,A,full_record,1.6,1.6,3.9891305208237315,2.728969304475666,0.17541725715473383,25,4,0.8793374994625078,0.7529584697335072,1.0282419935241405,0.9463842735444763,8,239
4,CG,wmc4,False,172.99797425982044,11.62,A,comparison_window,1.7,1.7,4.198929195927525,2.607570903698255,0.17177957617848041,25,4,0.8738642334392243,0.740858610175365,1.0366475194134024,0.9452600579753829,8,239
4,CG,wmc4,False,172.99797425982044,11.62,A,full_record,1.7,1.7,4.054915478058061,2.631181838112309,0.1683459499199468,25,4,0.8734254843221075,0.7410670566393618,1.0311696204468217,0.9432562888358176,8,239
4,CG,wmc4,False,172.99797425982044,11.62,A,comparison_window,1.8,1.8,4.264468813746573,2.5175329664707276,0.16513754192039543,25,4,0.8676621354289545,0.7277520198269454,1.0405905876092605,0.9425609802905358,8,239
4,CG,wmc4,False,172.99797425982044,11.62,A,full_record,1.8,1.8,4.113773491661948,2.542684178763187,0.1615515532075376,25,4,0.8674850358907062,0.7287289212539443,1.0347277668473753,0.9404665681701685,8,239
4,CG,wmc4,False,172.99797425982044,11.62,A,comparison_window,1.9,1.9,4.32381360188524,2.435452526712238,0.15881687550978985,25,4,0.8615285554150215,0.714414802299473,1.0449586246971028,0.9401845382389523,8,239
4,CG,wmc4,False,172.99797425982044,11.62,A,full_record,1.9,1.9,4.16645435943308,2.462603445554109,0.15506572019344145,25,4,0.8616482449671717,0.7162486568570331,1.0387505264519115,0.938042921817145,8,239
4,CG,wmc4,False,172.99797425982044,11.62,A,comparison_window,2.0,2.0,4.377620985340868,2.360553346294469,0.1528212970237268,25,4,0.8555660929759805,0.7010865577590795,1.0496230614546764,0.9381341602251196,8,239
4,CG,wmc4,False,172.99797425982044,11.62,A,full_record,2.0,2.0,4.213651088374598,2.3901015092470708,0.14890313999817437,25,4,0.8560247122631676,0.7038870583859003,1.0430904403095793,0.9359875428611679,8,239
4,CG,wmc4,False,172.99797425982044,11.62,A,comparison_window,2.1,2.1,4.42648646815589,2.2921184092100617,0.14714647834484001,25,4,0.8498577157440733,0.6879723243549147,1.0544718232740093,0.9363986392812158,8,239
4,CG,wmc4,False,172.99797425982044,11.62,A,full_record,2.1,2.1,4.255991943066657,2.3243961719903297,0.1430667398161256,25,4,0.850701167077964,0.6918629021317882,1.0476192681629406,0.9342851487610785,8,239
4,CG,wmc4,False,172.99797425982044,11.62,A,comparison_window,2.2,2.2,4.4709440898413915,2.2294944090494293,0.14178283145881646,25,4,0.8444674057472658,0.6752441458512789,1.0594087842079354,0.9349573113775528,8,239
4,CG,wmc4,False,172.99797425982044,11.62,A,full_record,2.2,2.2,4.2940391348250255,2.2647710349144967,0.13755150400156463,25,4,0.8457424153011136,0.6803549635627637,1.052227727966606,0.9329094163270124,8,239
4,CG,wmc4,False,172.99797425982044,11.62,A,comparison_window,2.3,2.3,4.511469572112067,2.1720915839223363,0.13671749392873256,25,4,0.8394416229484073,0.663042893080805,1.0643528085410003,0.9337839936966873,8,239
4,CG,wmc4,False,172.99797425982044,11.62,A,full_record,2.3,2.3,4.32829136539503,2.210578257035409,0.13234723830267614,25,4,0.8411932542673916,0.6695044764286282,1.0568245431138361,0.9318278613362895,8,239
4,CG,wmc4,False,172.99797425982044,11.62,A,comparison_window,2.4,2.4,4.548484838978018,2.1193808559130853,0.13193572696040048,25,4,0.8348112823997598,0.6514803967247856,1.069236543010221,0.9328498825292459,8,239
4,CG,wmc4,False,172.99797425982044,11.62,A,full_record,2.4,2.4,4.359188418096325,2.1612370457159145,0.1274405450518032,25,4,0.8370809780866296,0.6594180766741031,1.0613350545829232,0.9310053931124351,8,239
4,CG,wmc4,False,172.99797425982044,11.62,A,comparison_window,2.5,2.5,4.5823630915930025,2.0708895410335058,0.12742188737186416,25,4,0.830593979958967,0.6406418691121316,1.0740050796971188,0.9321256101765089,8,239
4,CG,wmc4,False,172.99797425982044,11.62,A,full_record,2.5,2.5,4.387116660555623,2.1162297502087792,0.12281621644906537,25,4,0.8334181434753062,0.650171162552983,1.0656995905453952,0.930406792770824,8,239
4,CG,wmc4,False,172.99797425982044,11.62,A,comparison_window,2.6,2.6,4.613433946606799,2.0261964297891515,0.12316009266057958,25,4,0.8267962596407541,0.6305885445433648,1.0786145765601145,0.9315826423055893,8,239
4,CG,wmc4,False,172.99797425982044,11.62,A,full_record,2.6,2.6,4.4124147706500505,2.0750967610905477,0.11845820333319504,25,4,0.8302053408310136,0.6418115386107264,1.0698717348850264,0.9299983497474693,8,239
4,CG,wmc4,False,172.99797425982044,11.62,A,comparison_window,2.7,2.7,4.641988357956405,1.9849267293352741,0.11913466642249179,25,4,0.8234157769404598,0.6213604453186559,1.0830308971176543,0.931194171886483,8,239
4,CG,wmc4,False,172.99797425982044,11.62,A,full_record,2.7,2.7,4.435379288615573,2.03743096699198,0.11435027699491365,25,4,0.8274337949326198,0.6343631874513487,1.0738165956995582,0.9297488619111383,8,239
4,CG,wmc4,False,172.99797425982044,11.62,A,comparison_window,2.8,2.8,4.668283175714426,1.9467471560362886,0.11533042757164702,25,4,0.8204432671501714,0.6129791771578195,1.0872283111972796,0.9309356389398752,8,239
4,CG,wmc4,False,172.99797425982044,11.62,A,full_record,2.8,2.8,4.456269783650361,2.0028722210355117,0.11047647077579038,25,4,0.8250876903906101,0.6278300179189018,1.0775091431411719,0.9296301701136473,8,239
4,CG,wmc4,False,172.99797425982044,11.62,A,comparison_window,2.9,2.9,4.692545278341413,1.9113613370713676,0.11173286926908796,25,4,0.8178642714497569,0.605450666425221,1.0911882836782114,0.9307849799050848,8,239
4,CG,wmc4,False,172.99797425982044,11.62,A,full_record,2.9,2.9,4.475313538368432,1.971102074871491,0.10682136489805324,25,4,0.8231461727398367,0.6221994604006917,1.0809326613427175,0.9296173640680303,8,239
4,CG,wmc4,False,172.99797425982044,11.62,A,comparison_window,3.0,3.0,4.714975264353457,1.8785055974434313,0.10832826064694798,25,4,0.8156606056129034,0.5987677670540206,1.094898366823413,0.9307226879418351,8,239
4,CG,wmc4,False,172.99797425982044,11.62,A,full_record,3.0,3.0,4.492709723608246,1.941838914065542,0.10337026062215679,25,4,0.8215850159259623,0.6174458103242937,1.0840773404253226,0.9296887658023236,8,239
4,CG,wmc4,False,172.99797425982044,11.62,A,comparison_window,3.1,3.1,4.735750717916524,1.8479451579832493,0.10510369508884193,25,4,0.8138115777225572,0.592912683216182,1.0983512033808946,0.930731746412882,8,239
4,CG,wmc4,False,172.99797425982044,11.62,A,full_record,3.1,3.1,4.508633075849119,1.9148335511820012,0.10010927704490169,25,4,0.8203779727457705,0.6135332530141272,1.086939020639803,0.9298257708019837,8,239
4,CG,wmc4,False,172.99797425982044,11.62,A,comparison_window,3.2,3.2,4.755029078036687,1.8194707396962082,0.10204710207139198,25,4,0.8122949743778477,0.5878591718232962,1.101543641534675,0.930797482139747,8,239
4,CG,wmc4,False,172.99797425982044,11.62,A,full_record,3.2,3.2,4.52323711072485,1.8898652861209921,0.09702539449961808,25,4,0.8194978395289266,0.6104185327032718,1.0895180906512678,0.9300126055493102,8,239
4,CG,wmc4,False,172.99797425982044,11.62,A,comparison_window,3.3,3.3,4.772950147928761,1.792895552758523,0.09914723468902621,25,4,0.8110878416641719,0.5835745051704925,1.104475958516016,0.9309073724954098,8,239
4,CG,wmc4,False,172.99797425982044,11.62,A,full_record,3.3,3.3,4.536656915960738,1.8667384162715068,0.09410646171544897,25,4,0.8189172730598686,0.6080532533983465,1.0918185350446212,0.9302360431959382,8,239
4,CG,wmc4,False,172.99797425982044,11.62,A,comparison_window,3.4,3.4,4.789638283094282,1.7680526397905658,0.09639364146236568,25,4,0.8101670895813391,0.5800211875840628,1.107151186841191,0.9310508305902228,8,239
4,CG,wmc4,False,172.99797425982044,11.62,A,full_record,3.4,3.4,4.549011570073063,1.8452791646439881,0.0913411789606671,25,4,0.8185893503298635,0.6063978293367305,1.0938471216278955,0.9304851060173133,8,239
4,CG,wmc4,False,172.99797425982044,11.62,A,comparison_window,3.5,3.5,4.805204295729689,1.7447925395479955,0.0937766284944759,25,4,0.8095099482347307,0.5771584305216002,1.1095745353927098,0.9312189852847793,8,239
4,CG,wmc4,False,172.99797425982044,11.62,A,full_record,3.5,3.5,4.560406232266002,1.8253329876045297,0.08871906583077868,25,4,0.8185974827126898,0.6063619182142705,1.0956127164617466,0.9307507734639466,8,239
4,CG,wmc4,False,172.99797425982044,11.62,A,comparison_window,3.6,3.6,4.819747110623339,1.7229812368090534,0.09128721621605788,25,4,0.8090943020507316,0.5749433982999899,1.111752896632901,0.9314044671064213,8,239
4,CG,wmc4,False,172.99797425982044,11.62,A,full_record,3.6,3.6,4.570933945964905,1.8067622220645905,0.08623041977322815,25,4,0.8190133950243189,0.6074185876420477,1.0971257132673018,0.9310257074202822,8,239
4,CG,wmc4,False,172.99797425982044,11.62,A,comparison_window,3.7,3.7,4.833355204515595,1.7024983656725978,0.08891709365247175,25,4,0.8088989253950079,0.5733322418069329,1.1136944309141037,0.9316012069783337,8,239
4,CG,wmc4,False,172.99797425982044,11.62,B,comparison_window,,2.2904921741671034,4.507773731385725,2.1773396227013664,0.13718665770221833,25,4,0.8399028327199178,0.6641770372120478,1.063884372655881,0.9338847983706585,8,239
4,CG,wmc4,False,172.99797425982044,11.62,A,full_record,3.7,3.7,4.5806771944482225,1.7894440329931287,0.0838662695934857,25,4,0.8196149891939334,0.6089697681004395,1.0983975635689889,0.9313040011439833,8,239
4,CG,wmc4,False,172.99797425982044,11.62,B,full_record,,1.960739836730175,4.195733850055575,2.417713616433023,0.1512836379481396,25,4,0.8582010492832386,0.7087112038405207,1.0413573887688843,0.9367512483705819,8,239
4,CG,wmc4,False,172.99797425982044,11.62,A,comparison_window,3.8,3.8,4.846107857469971,1.6832356358694012,0.08665857220917747,25,4,0.8090409093904747,0.5731873549521546,1.1154082189513936,0.931804251666789,8,239
4,CG,wmc4,False,172.99797425982044,11.62,A,full_record,3.8,3.8,4.589709242752466,1.7732686246477258,0.08161832686293452,25,4,0.8203794169803708,0.6109552832560725,1.0994403943056323,0.9315809548028107,8,239
4,CG,wmc4,False,172.99797425982044,11.62,A,comparison_window,3.9,3.9,4.858076241430226,1.6650954545026906,0.08450454030421262,25,4,0.8094588192838951,0.5741520871861794,1.116903973915069,0.9320095977429983,8,239
4,CG,wmc4,False,172.99797425982044,11.62,A,full_record,3.9,3.9,4.598095295809214,1.7581376821755503,0.07947893720244717,25,4,0.8212856123317016,0.6133187288334119,1.1002667004514124,0.9318528781543454,8,239
4,CG,wmc4,False,172.99797425982044,11.62,A,comparison_window,4.0,4.0,4.869324367969909,1.6479897185514292,0.08244841970201817,25,4,0.8100266142481368,0.5755459662482512,1.1181918051755264,0.9322140444209083,8,239
4,CG,wmc4,False,172.99797425982044,11.62,A,full_record,4.0,4.0,4.605893498830295,1.7439630137311593,0.07744103274182186,25,4,0.8223142492208289,0.6160076873538789,1.1008891012490003,0.932116919407203,8,239
4,CG,wmc4,False,172.99797425982044,11.62,A,comparison_window,4.1,4.1,4.8799099143531155,1.6318387563040369,0.08048412406817027,25,4,0.8107272369630647,0.5773215678879481,1.1192820264117138,0.9324150646963532,8,239
4,CG,wmc4,False,172.99797425982044,11.62,A,full_record,4.1,4.1,4.6131558023882775,1.730665366712002,0.07549808657834788,25,4,0.8234476738332295,0.6189738073799618,1.1013201498388128,0.9323709184133664,8,239
4,CG,wmc4,False,172.99797425982044,11.62,A,comparison_window,4.2,4.2,4.889884944447093,1.6165703985390223,0.07860602003035792,25,4,0.8116402502681314,0.5797456954107372,1.1201850015196384,0.9326106936395189,8,239
4,CG,wmc4,False,172.99797425982044,11.62,A,full_record,4.2,4.2,4.619928711470886,1.7181733949665516,0.07364406972256582,25,4,0.8246860779011541,0.622221330500625,1.1015721872782813,0.932613281881455,8,239
4,CG,wmc4,False,172.99797425982044,11.62,A,comparison_window,4.3,4.3,4.899296538754561,1.6021191626828986,0.0768088908690395,25,4,0.8127777072704542,0.5828572972069168,1.1209110224861507,0.9327994323767314,8,239
4,CG,wmc4,False,172.99797425982044,11.62,A,full_record,4.3,4.3,4.626253935017593,1.7064227568054529,0.071873410786076,25,4,0.8261911752488795,0.6262310777827087,1.1016572331215924,0.9328428781300172,8,239
4,CG,wmc4,False,172.99797425982044,11.62,A,comparison_window,4.4,4.4,4.9081873458511325,1.5884255353385401,0.07508790285113051,25,4,0.8139985074710494,0.5861977527258724,1.1214702140983097,0.9329801661600772,8,239
4,CG,wmc4,False,172.99797425982044,11.62,A,full_record,4.4,4.4,4.632168950045639,1.6953553263143748,0.0701809585061444,25,4,0.8277502938485314,0.630366434050821,1.1015869058335632,0.9330589489161253,8,239
4,CG,wmc4,False,172.99797425982044,11.62,A,comparison_window,4.5,4.5,4.916596065793492,1.5754353404929144,0.07343857414706975,25,4,0.81529061397889,0.5897318809552934,1.1218724610214037,0.9331520949054525,8,239
4,CG,wmc4,False,172.99797425982044,11.62,A,full_record,4.5,4.5,4.637707492407492,1.6849185028270584,0.06856194709407691,25,4,0.8293516804465291,0.6345952214407276,1.1013723673197333,0.9332610360049431,8,239
4,CG,wmc4,False,172.99797425982044,11.62,A,comparison_window,4.6,4.6,4.924557874582673,1.5630991823945752,0.07185674622500325,25,4,0.8166430325057299,0.5934274715501805,1.1221273533885423,0.9333146746384551,8,239
4,CG,wmc4,False,172.99797425982044,11.62,A,full_record,4.6,4.6,4.642899984454559,1.6750646054835383,0.06701196432385727,25,4,0.8309847719124895,0.6388887135981702,1.1010242867568862,0.9334489203397507,8,239
4,CG,wmc4,False,172.99797425982044,11.62,A,comparison_window,4.7,4.7,4.932104797489794,1.5513719535592068,0.07033855758780896,25,4,0.8180457412572197,0.5972551513964047,1.1222441475962779,0.9334675683922049,8,239
4,CG,wmc4,False,172.99797425982044,11.62,A,full_record,4.7,4.7,4.647773908373412,1.6657503415970187,0.06552692223342749,25,4,0.8326401003524572,0.6432213861832483,1.100552819703225,0.9336225718949047,8,239
4,CG,wmc4,False,172.99797425982044,11.62,A,comparison_window,4.8,4.8,4.939266037960142,1.5402123996370392,0.06888041970374519,25,4,0.8194896220538753,0.6011882343515055,1.1222317394934362,0.9336106052305073,8,239
4,CG,wmc4,False,172.99797425982044,11.62,A,full_record,4.8,4.8,4.65235413267645,1.6569363391090204,0.06410303028543556,25,4,0.8343092025230044,0.647570666257567,1.0999675991578879,0.9337821085238152,8,239
4,CG,wmc4,False,172.99797425982044,11.62,A,comparison_window,4.9,4.9,4.946068267873098,1.529582733980833,0.06747899497558374,25,4,0.8209663936831618,0.6052025610303158,1.1220986475844794,0.9337437462085708,8,239
4,CG,wmc4,False,172.99797425982044,11.62,A,full_record,4.9,4.9,4.656663198237739,1.6485867347551493,0.06273677082161787,25,4,0.8359845342881386,0.6519166863678225,1.0992777358326857,0.9339277623363056,8,239
4,CG,wmc4,False,172.99797425982044,11.62,A,comparison_window,5.0,5.0,4.952535884134245,1.5194482957086803,0.06613117659324144,25,4,0.822468548159813,0.6092763340135289,1.1218530042486023,0.9338670562225206,8,239
4,CG,wmc4,False,172.99797425982044,11.62,A,full_record,5.0,5.0,4.660721569338053,1.6406688107192395,0.06142487664115618,25,4,0.8376593905233441,0.6562420474434894,1.098491825403731,0.9340598523464978,8,239
4,CG,wmc4,False,172.99797425982044,11.62,A,comparison_window,5.1,5.1,4.958691235889314,1.5097772458804535,0.06483407011917058,25,4,0.823989290323,0.6133899526141754,1.1215025533044753,0.9339806808317437,8,239
4,CG,wmc4,False,172.99797425982044,11.62,A,full_record,5.1,5.1,4.664547854394252,1.6331526735464843,0.06016431053540141,25,4,0.8393278306228877,0.6605315932870732,1.0976179609359116,0.9341787623194033,8,239
4,CG,wmc4,False,172.99797425982044,11.62,A,comparison_window,5.2,5.2,4.964554826063258,1.5005402971184245,0.06358497666251722,25,4,0.8255224810106847,0.6175258503118355,1.1210546525337866,0.9340848272613517,8,239
4,CG,wmc4,False,172.99797425982044,11.62,A,full_record,5.2,5.2,4.668159000380525,1.6260109699386929,0.05895224661728642,25,4,0.8409846095875377,0.6647721983938109,1.0966637490292683,0.9342849229103714,8,239
4,CG,wmc4,False,172.99797425982044,11.62,A,comparison_window,5.3,5.3,4.9701454904239935,1.4917104726163632,0.06238137750636551,25,4,0.8270625839105769,0.6216683371289438,1.1205162800182318,0.9341797489037759,8,239
4,CG,wmc4,False,172.99797425982044,11.62,A,full_record,5.3,5.3,4.671570464380081,1.619218634785451,0.05778605329201951,25,4,0.8426251145444881,0.668952570041669,1.0956363285321487,0.9343787973363944,8,239
4,CG,wmc4,False,172.99797425982044,11.62,A,comparison_window,5.4,5.4,4.975480556939953,1.483262891010424,0.0612209200614226,25,4,0.8286046160835839,0.6258034485505986,1.1198940433500584,0.9342657327381823,8,239
4,CG,wmc4,False,172.99797425982044,11.62,A,full_record,5.4,5.4,4.674796365221899,1.6127526674135828,0.05666327772523152,25,4,0.844245306466916,0.6730630649962379,1.0945423909096217,0.9344608699433123,8,239
4,CG,wmc4,False,172.99797425982044,11.62,A,comparison_window,5.5,5.5,4.980575987831812,1.4751745740423257,0.06010140502885187,25,4,0.8301441020810809,0.6299188020536385,1.1191941909497096,0.9343430891742277,8,239
4,CG,wmc4,False,172.99797425982044,11.62,A,full_record,5.5,5.5,4.677849617745497,1.6065919325749562,0.05558163167498613,25,4,0.8458416668070805,0.6770955207380676,1.0933882015557996,0.9345316371397461,8,239
4,CG,wmc4,False,172.99797425982044,11.62,A,comparison_window,5.6,5.6,4.9854465064008,1.4674242743390358,0.05902077466420119,25,4,0.8316770315254548,0.6340034618903017,1.1184226248698161,0.9344121439030879,8,239
4,CG,wmc4,False,172.99797425982044,11.62,A,full_record,5.6,5.6,4.680742051887166,1.6007169831561368,0.05453897856436489,25,4,0.8474057693248396,0.6810673539315579,1.0921796215016806,0.9345916002592939,8,239
4,CG,wmc4,False,172.99797425982044,11.62,A,comparison_window,5.7,5.7,4.990105710444528,1.4599923209739394,0.057977102043357404,25,4,0.8331998199887605,0.6380478124462431,1.1175849145864833,0.9344732314048089,8,239
4,CG,wmc4,False,172.99797425982044,11.62,A,full_record,5.7,5.7,4.683484518478631,1.5951099019903041,0.05353332168149104,25,4,0.8488957875815437,0.6851167446375963,1.0909221291012445,0.9346412599886719,8,239
4,CG,wmc4,False,172.99797425982044,11.62,A,comparison_window,5.8,5.8,4.994566173836452,1.4528604807692784,0.05696858123996543,25,4,0.8347092729830681,0.6420434402451567,1.1166863113803667,0.9345266898177422,8,239
4,CG,wmc4,False,172.99797425982044,11.62,A,full_record,5.8,5.8,4.68608698339763,1.5897541604943974,0.052562793403540656,25,4,0.8503492587384309,0.6890353469567746,1.0896208413853454,0.9346811120636919,8,239
4,CG,wmc4,False,172.99797425982044,11.62,A,comparison_window,5.9,5.9,4.998839537642684,1.4460118335538783,0.055993518331772546,25,4,0.8362025528647368,0.6459830244877863,1.1157317629936787,0.9345728569241061,8,239
4,CG,wmc4,False,172.99797425982044,11.62,A,full_record,5.9,5.9,4.68855861148614,1.5846344921487159,0.05162564535047827,25,4,0.8517644252237851,0.6928213659066758,1.0882805348565265,0.9347116439880798,8,239
4,CG,wmc4,False,172.99797425982044,11.62,A,comparison_window,6.0,6.0,5.00293659197737,1.4394306598116486,0.055050323160793266,25,4,0.8376771484510311,0.6498602358795265,1.1147259283185418,0.9346120670468735,8,239
4,CG,wmc4,False,172.99797425982044,11.62,A,full_record,6.0,6.0,4.69090784146804,1.5797367790900878,0.05072023938280831,25,4,0.8531398409538591,0.6964737888806132,1.086905665565503,0.934733332574644,8,239
4,CG,wmc4,False,172.99797425982044,11.62,A,comparison_window,6.1,6.1,5.0068673496449545,1.4331023393476472,0.054137501779091365,25,4,0.8391308471490522,0.653669643407339,1.1136731919285907,0.934644648687737,8,239
4,CG,wmc4,False,172.99797425982044,11.62,A,full_record,6.1,6.1,4.693142452935716,1.5750479503091237,0.04984503936555464,25,4,0.8544743423020384,0.6999922872166295,1.0855003883623582,0.9347466421450009,8,239
4,CG,wmc4,False,172.99797425982044,11.62,A,comparison_window,6.2,6.2,5.010641112490152,1.427013259764844,0.05325364951826394,25,4,0.8405550487660248,0.6574282875743149,1.1125776783120962,0.9346709227652117,8,239
4,CG,wmc4,False,172.99797425982044,11.62,A,full_record,6.2,6.2,4.695269626335559,1.5705558901312455,0.04899860362797845,25,4,0.8557670215447474,0.7033771281236094,1.084068575256344,0.9347520232543247,8,239
4,CG,wmc4,False,172.99797425982044,11.62,A,comparison_window,6.3,6.3,5.014266531261304,1.4211507336897427,0.05239744462652295,25,4,0.8418993477097388,0.6612666734646695,1.111443265701976,0.9346912013363633,8,239
4,CG,wmc4,False,172.99797425982044,11.62,A,full_record,6.3,6.3,4.697295996765123,1.566249355825276,0.04817957805519671,25,4,0.8570558367070573,0.7068129736555355,1.0826138328499137,0.9347499118326384,8,239
4,CG,wmc4,False,172.99797425982044,11.62,A,comparison_window,6.4,6.4,5.017751659696513,1.4155029238107337,0.05156764242250711,25,4,0.8432139342075884,0.6649956214189414,1.110273599428489,0.9347057867061814,8,239
4,CG,wmc4,False,172.99797425982044,11.62,A,full_record,6.4,6.4,4.699227702290813,1.5621179033252572,0.04738668975395357,25,4,0.8583320849247854,0.7102506344883448,1.0811395188362318,0.9347407286546535,8,239
4,CG,wmc4,False,172.99797425982044,11.62,A,comparison_window,6.5,6.5,5.021104003456268,1.410058774903154,0.05076306991975949,25,4,0.8444976490897071,0.6686138961919978,1.1090721047442724,0.9347149708457286,8,239
4,CG,wmc4,False,172.99797425982044,11.62,A,full_record,6.5,6.5,4.701070427405974,1.5581518201746611,0.046618741240308355,25,4,0.8595626079088244,0.7135332964647633,1.0796487575673739,0.9347248790669831,8,239
4,CG,wmc4,False,172.99797425982044,11.62,A,comparison_window,6.6,6.6,5.02433056445275,1.404807952111005,0.0499826208801371,25,4,0.8457495202335638,0.6721207623830073,1.1078419990906718,0.9347190350544402,8,239
4,CG,wmc4,False,172.99797425982044,11.62,A,full_record,6.6,6.6,4.7028294421732975,1.5543420649092081,0.045874605102005805,25,4,0.8607472072080942,0.7166640248606513,1.0781444547133863,0.9347027529153478,8,239
4,CG,wmc4,False,172.99797425982044,11.62,A,comparison_window,6.7,6.7,5.027437881060145,1.399740784838965,0.049225251258360886,25,4,0.8469687469608318,0.6755159282068645,1.1065863037890067,0.9347182498137265,8,239
4,CG,wmc4,False,172.99797425982044,11.62,A,full_record,6.7,6.7,4.704509637528268,1.550680212187528,0.04515321909282689,25,4,0.8618858460403938,0.719646134601613,1.0766293110416427,0.9346747246255847,8,239
4,CG,wmc4,False,172.99797425982044,11.62,A,comparison_window,6.8,6.8,5.030432064636435,1.3948482156820972,0.04848997500345338,25,4,0.8481546856562363,0.6787994946198511,1.1053078551524356,0.9347128747889455,8,239
4,CG,wmc4,False,172.99797425982044,11.62,A,full_record,6.8,6.8,4.706115557163077,1.5471584030606644,0.0444535816203037,25,4,0.8629786338661548,0.7224831446544913,1.0751058353521115,0.9346411534014969,8,239
4,CG,wmc4,False,172.99797425982044,11.62,A,comparison_window,6.9,6.9,5.033318832734971,1.3901217538849244,0.04777586018604345,25,4,0.8493350547662316,0.6821575457618271,1.1040093150226507,0.9347031589447788,8,239
4,CG,wmc4,False,172.99797425982044,11.62,A,full_record,6.9,6.9,4.7076514263599165,1.5437692998416916,0.04377474759186879,25,4,0.8640258121202143,0.7251787377396142,1.0735763566081609,0.9346023835099605,8,239
4,CG,wmc4,False,172.99797425982044,11.62,A,comparison_window,7.0,7.0,5.036103539344193,1.385553432877959,0.04708202542340948,25,4,0.8504995299709246,0.6855174731010305,1.1026931807426306,0.9346893407458874,8,239
4,CG,wmc4,False,172.99797425982044,11.62,A,full_record,7.0,7.0,4.709121178099428,1.5405060450993435,0.04311582458784721,25,4,0.8650277410029985,0.7277367247831781,1.0720430353047496,0.934558744629822,8,239
4,CG,wmc4,False,172.99797425982044,11.62,A,comparison_window,7.1,7.1,5.0387912024526385,1.3811357714898125,0.046407636576749914,25,4,0.8516276395368849,0.6887463281447702,1.1013617945812146,0.9346716484200911,8,239
4,CG,wmc4,False,172.99797425982044,11.62,A,full_record,7.1,7.1,4.710528476730522,1.5373622243533371,0.04247596933268675,25,4,0.865984887243473,0.7301610135915846,1.0705078741165321,0.9345105522459292,8,239
4,CG,wmc4,False,172.99797425982044,11.62,A,comparison_window,7.2,7.2,5.041386529206651,1.3768617384765578,0.04575190369755075,25,4,0.8527191874485807,0.6918462345308847,1.1000173526291868,0.9346503002659631,8,239
4,CG,wmc4,False,172.99797425982044,11.62,A,full_record,7.2,7.2,4.711876739457296,1.534331832096774,0.04185438443853797,25,4,0.8668978127559647,0.7324555812857664,1.068972727868591,0.9344581080737135,8,239
4,CG,wmc4,False,172.99797425982044,11.62,A,comparison_window,7.3,7.3,5.043893938896254,1.3727247200485653,0.045114078202034676,25,4,0.8537740825201195,0.6948194988418841,1.0986619131885105,0.9346255049903677,8,239
4,CG,wmc4,False,172.99797425982044,11.62,A,full_record,7.3,7.3,4.713169155866628,1.5314092408130144,0.04125031539772209,25,4,0.8677671641215892,0.7346244500843072,1.0674393128713924,0.9344017005028235,8,239
4,CG,wmc4,False,172.99797425982044,11.62,A,comparison_window,7.4,7.4,5.046317583980592,1.3687184901094274,0.04449345025462289,25,4,0.854792329670651,0.6976685822184607,1.0972974046780188,0.934597462064548,8,239
4,CG,wmc4,False,172.99797425982044,11.62,A,full_record,7.4,7.4,4.71440870569598,1.5285891726905891,0.04066304780282072,25,4,0.8685936628325843,0.7366716660694834,1.0659092156602281,0.9343416050509112,8,239
4,CG,wmc4,False,172.99797425982044,11.62,A,comparison_window,7.5,7.5,5.048661369341554,1.3648371829511239,0.04388934634306898,25,4,0.8557740217884511,0.7003960749103026,1.095925633079618,0.934566362089829,8,239
4,CG,wmc4,False,172.99797425982044,11.62,A,full_record,7.5,7.5,4.715598175020249,1.5258666737724043,0.04009190477510885,25,4,0.8693780962444546,0.7386012806107286,1.064383901178032,0.9342780848208023,8,239
4,CG,wmc4,False,172.99797425982044,11.62,A,comparison_window,7.6,7.6,5.050928969932723,1.3610752681769553,0.04330112702949516,25,4,0.8567193321364102,0.7030046734758074,1.0945482889490632,0.9345323871660131,8,239
4,CG,wmc4,False,172.99797425982044,11.62,A,full_record,7.6,7.6,4.7167401710122085,1.523237090303999,0.039536244583821364,25,4,0.8701213091865847,0.7404173341562108,1.0628647204379265,0.9342113909557488,8,239
4,CG,wmc4,False,172.99797425982044,11.62,A,comparison_window,7.7,7.7,5.053123846975918,1.3574275276466308,0.04272818486299553,25,4,0.8576285072565567,0.7054971603702315,1.0931669540155204,0.9344957112571983,8,239
4,CG,wmc4,False,172.99797425982044,11.62,A,full_record,7.7,7.7,4.7178371354201865,1.520696047070384,0.03899545844035362,25,4,0.8708241961869936,0.7421238421350618,1.0613529177005785,0.9341417630890053,8,239
4,CG,wmc4,False,172.99797425982044,11.62,A,comparison_window,7.8,7.8,5.055249262838236,1.3538890342596257,0.04216994244073009,25,4,0.8585018603358966,0.7078763856879305,1.0917831073931992,0.9344565005510278,8,239
4,CG,wmc4,False,172.99797425982044,11.62,A,full_record,7.8,7.8,4.71889135688494,1.518239427533522,0.0384689684529613,25,4,0.8714876942711077,0.7437247827412252,1.0598496371986397,0.9340694297847534,8,239
4,CG,wmc4,False,172.99797425982044,11.62,A,comparison_window,7.9,7.9,5.057308294712957,1.3504551324107594,0.041625850605618644,25,4,0.8593397649997158,0.7101452508472341,1.090398131428029,0.9344149138085018,8,239
4,CG,wmc4,False,172.99797425982044,11.62,A,full_record,7.9,7.9,4.7199049822097,1.5158633556019723,0.037956225728811514,25,4,0.8721127762982366,0.7452240863951038,1.058355929438979,0.9339946089684323,8,239
4,CG,wmc4,False,172.99797425982044,11.62,A,comparison_window,8.0,8.0,5.059303847210781,1.3471214199691597,0.04109538676977155,25,4,0.8601426495021517,0.7123066940278937,1.0890133172011227,0.9343711027022419,8,239
4,CG,wmc4,False,172.99797425982044,11.62,A,full_record,8.0,8.0,4.72088002668209,1.5135641788819378,0.037456708611431244,25,4,0.8727004448025232,0.7466256267012993,1.0568727571112302,0.9339175083450411,8,239
4,CG,nw13,False,173.06822354205093,11.62,A,comparison_window,0.5,0.5,2.7755570192122967,4.346807002811119,0.24272185481597452,25,4,0.9013999987543074,0.7572120880539748,1.063403307943736,0.956883690786827,8,239
4,CG,nw13,False,173.06822354205093,11.62,A,full_record,0.5,0.5,2.7289122708405915,4.321592910743205,0.2250714854539102,25,4,0.8905452412851379,0.7295834841085647,1.0675356227614223,0.9531615744183788,8,239
4,CG,nw13,False,173.06822354205093,11.62,A,comparison_window,0.6,0.6,2.9323918339788912,4.163227464345207,0.24439164801546137,25,4,0.9080553374837596,0.7830965240475048,1.05212445459025,0.9627548064256088,8,239
4,CG,nw13,False,173.06822354205093,11.62,A,full_record,0.6,0.6,2.867732225571812,4.159274898292656,0.2304163376589016,25,4,0.899085666071153,0.7603987287620064,1.0559471676375225,0.9596466079379579,8,239
4,CG,nw13,False,173.06822354205093,11.62,A,comparison_window,0.7,0.7,3.0911398208379213,3.971028315045258,0.24275311131767338,25,4,0.9122939669817304,0.801219052440548,1.0420305742966252,0.9662543190864962,8,239
4,CG,nw13,False,173.06822354205093,11.62,A,full_record,0.7,0.7,3.0125047598996946,3.9813528897640174,0.2319704707625214,25,4,0.9051142635812252,0.7833759419081049,1.045032616198292,0.9638201547123584,8,239
4,CG,nw13,False,173.06822354205093,11.62,A,comparison_window,0.8,0.8,3.245960635171719,3.7787756381669437,0.23864654024523604,25,4,0.9142249216156209,0.8119718124133019,1.0335186413407775,0.9675263727502863,8,239
4,CG,nw13,False,173.06822354205093,11.62,A,full_record,0.8,0.8,3.1566917589384005,3.797556331930944,0.23045163188458373,25,4,0.90865237103207,0.7986488430610709,1.0353884031790948,0.965682777127266,8,239
4,CG,nw13,False,173.06822354205093,11.62,A,comparison_window,0.9,0.9,3.393052303484602,3.592403931552204,0.23280578922660125,25,4,0.9140912077833773,0.8164883687697037,1.0267750062530243,0.966921631871341,8,239
4,CG,nw13,False,173.06822354205093,11.62,A,full_record,0.9,0.9,3.2955720091845158,3.615364782787506,0.22658918509632084,25,4,0.9098572050104228,0.8068516308914504,1.0273788188275699,0.9654971534480348,8,239
4,CG,nw13,False,173.06822354205093,11.62,A,comparison_window,1.0,1.0,3.530246960675343,3.4156424785175954,0.225829535165971,25,4,0.9121406338206547,0.8158252857669178,1.0218329212314623,0.9648774480858068,8,239
4,CG,nw13,False,173.06822354205093,11.62,A,full_record,1.0,1.0,3.4261143960197664,3.43999783453974,0.22104558992974582,25,4,0.909006983133523,0.8091415440994418,1.0211691737851194,0.9636759327385443,8,239
4,CG,nw13,False,173.06822354205093,11.62,A,comparison_window,1.1,1.1,3.6565734917514785,3.2505376638220707,0.21818203430138933,25,4,0.9086299539004905,0.8109197212875096,1.018622682760071,0.9618328226075866,8,239
4,CG,nw13,False,173.06822354205093,11.62,A,full_record,1.1,1.1,3.5466649056509496,3.2747249413008563,0.21437823641002351,25,4,0.9063930565276674,0.8065971472320914,1.0167750407074683,0.9606789089225685,8,239
4,CG,nw13,False,173.06822354205093,11.62,A,comparison_window,1.2,1.2,3.771873500594425,3.097940790174614,0.21020901406763548,25,4,0.9038240152329777,0.8026162871952274,1.0170101575757493,0.9581791845854547,8,239
4,CG,nw13,False,173.06822354205093,11.62,A,full_record,1.2,1.2,3.6565868140065536,3.1212962890563647,0.2070303136481093,25,4,0.9023155674771227,0.8001755906127889,1.0141090387976348,0.9569415778765622,8,239
4,CG,nw13,False,173.06822354205093,11.62,A,comparison_window,1.3,1.3,3.8765008463329735,2.9579067683906146,0.20215898944900687,25,4,0.8980186697046444,0.7921286049323342,1.0168247056322766,0.9542383931938596,8,239
4,CG,nw13,False,173.06822354205093,11.62,A,full_record,1.3,1.3,3.75593412070105,2.9803687488339623,0.19933874989460024,25,4,0.8970776090938317,0.7907094702338168,1.01301886865652,0.9528358019814286,8,239
4,CG,nw13,False,173.06822354205093,11.62,A,comparison_window,1.4,1.4,3.971103989543489,2.829994047701239,0.19420450695454614,25,4,0.8914996296925256,0.7796562068899877,1.017878786600854,0.9502582897914414,8,239
4,CG,nw13,False,173.06822354205093,11.62,A,full_record,1.4,1.4,3.8451908568903557,2.851866231389721,0.19155000260643332,25,4,0.8909802595120574,0.779277751148446,1.013315964709922,0.9486548260650176,8,239
4,CG,nw13,False,173.06822354205093,11.62,A,comparison_window,1.5,1.5,4.0564773409636565,2.7134773358539275,0.18646076291103741,25,4,0.88449175415268,0.7657085498432861,1.01998140616158,0.9464180909269128,8,239
4,CG,nw13,False,173.06822354205093,11.62,A,full_record,1.5,1.5,3.925080153629227,2.7352569707304597,0.18383783577447824,25,4,0.8843310706368066,0.7663313297215735,1.0147961221140782,0.9446137478915038,8,239
4,CG,nw13,False,173.06822354205093,11.62,A,comparison_window,1.6,1.6,4.133464872224004,2.607491496601406,0.17900078779547784,25,4,0.8773094672422143,0.7510730703122297,1.0229470930846831,0.9428383642385952,8,239
4,CG,nw13,False,173.06822354205093,11.62,A,full_record,1.6,1.6,3.9964334528875503,2.629753026649007,0.1763199444510612,25,4,0.8773718606251416,0.7522954280839622,1.0172538311004111,0.9408582887387505,8,239
4,CG,nw13,False,173.06822354205093,11.62,A,comparison_window,1.7,1.7,4.202900920207205,2.5111247326850616,0.17186728145643526,25,4,0.8707652224677287,0.7376023822150773,1.0266016542082346,0.9395923606011437,8,239
4,CG,nw13,False,173.06822354205093,11.62,A,full_record,1.7,1.7,4.060106171811547,2.5344462770098346,0.16907209211486174,25,4,0.8707979918641375,0.7389163658235474,1.0204918639759069,0.9374769987633143,8,239
4,CG,nw13,False,173.06822354205093,11.62,A,comparison_window,1.8,1.8,4.265576275096944,2.4234761213593874,0.16508155995118454,25,4,0.8643295973324048,0.7240035062200578,1.0307856123497035,0.9367169120531926,8,239
4,CG,nw13,False,173.06822354205093,11.62,A,full_record,1.8,1.8,4.11692677225205,2.448396590361031,0.16213946032041432,25,4,0.8646323409632926,0.7261014485688855,1.0243273471098102,0.9345139624463416,8,239
4,CG,nw13,False,173.06822354205093,11.62,A,comparison_window,1.9,1.9,4.3222208115476,2.343688983105999,0.15865017286901495,25,4,0.8580169621656184,0.71029914469883,1.0353559857073964,0.934222029849142,8,239
4,CG,nw13,False,173.06822354205093,11.62,A,full_record,1.9,1.9,4.1676686099689615,2.3706859308693136,0.15554541903863903,25,4,0.8586196788414552,0.7132594619110475,1.0285952618514222,0.9319804392926612,8,239
4,CG,nw13,False,173.06822354205093,11.62,A,comparison_window,2.0,2.0,4.373496552500285,2.2709683697947063,0.1525697176022373,25,4,0.8519246895724347,0.6967138876105736,1.0401868922871138,0.9320988907616528,8,239
4,CG,nw13,False,173.06822354205093,11.62,A,full_record,2.0,2.0,4.213036633280216,2.300449197815379,0.1492981237413348,25,4,0.8528640298066772,0.7006336553284761,1.0331500889427214,0.9298647511320657,8,239
4,CG,nw13,False,173.06822354205093,11.62,A,comparison_window,2.1,2.1,4.419997042115701,2.204588435405402,0.14683029520836643,25,4,0.8461300169105666,0.683438858670558,1.0451693375832845,0.9303262075611998,8,239
4,CG,nw13,False,173.06822354205093,11.62,A,full_record,2.1,2.1,4.253663339573673,2.2368897461022335,0.1433953789268393,25,4,0.8474462674142447,0.6884270952495395,1.037866137008823,0.928140242834209,8,239
4,CG,nw13,False,173.06822354205093,11.62,A,comparison_window,2.2,2.2,4.462250323677137,2.1438935878804646,0.14141796164846718,25,4,0.840691039419354,0.6706331610724838,1.050210452452857,0.9288751339856522,8,239
4,CG,nw13,False,173.06822354205093,11.62,A,full_record,2.2,2.2,4.290110207863941,2.1792851796961425,0.1378281665787576,25,4,0.8424254079823467,0.6768045732430283,1.042636964812802,0.9267714199806031,8,239
4,CG,nw13,False,173.06822354205093,11.62,A,comparison_window,2.3,2.3,4.500723795255244,2.0882959993632237,0.13631644583499575,25,4,0.8356484555176666,0.658425645235556,1.055232380310053,0.927712918008878,8,239
4,CG,nw13,False,173.06822354205093,11.62,A,full_record,2.3,2.3,4.322872135767448,2.1269872247432047,0.1325831707370511,25,4,0.8378407816922188,0.6658949658088265,1.0473742075775527,0.9257184960447451,8,239
4,CG,nw13,False,173.06822354205093,11.62,A,comparison_window,2.4,2.4,4.535829870418618,2.037271142222113,0.13150833789123,25,4,0.831027750359964,0.646917028986217,1.0601709615190993,0.9268055297274227,8,239
4,CG,nw13,False,173.06822354205093,11.62,A,full_record,2.4,2.4,4.352383316821275,2.079418203538541,0.1276445599471709,25,4,0.8337147047809861,0.6557940840558241,1.052006041100784,0.9249406243769633,8,239
4,CG,nw13,False,173.06822354205093,11.62,A,comparison_window,2.5,2.5,4.567931800388491,1.9903524049108263,0.12697589765044182,25,4,0.8268415556756412,0.6361823256537306,1.0649743236103233,0.9261194761560847,8,239
4,CG,nw13,False,173.06822354205093,11.62,A,full_record,2.5,2.5,4.379023602717831,2.0360657365795394,0.12299522801882451,25,4,0.8300553344947239,0.6465679382207878,1.0564754575914268,0.92439808588084,8,239
4,CG,nw13,False,173.06822354205093,11.62,A,comparison_window,2.6,2.6,4.59734928999586,1.9471254352990401,0.12270159285122836,25,4,0.823091989547228,0.6262734935703654,1.069601455638504,0.9256229891151689,8,239
4,CG,nw13,False,173.06822354205093,11.62,A,full_record,2.6,2.6,4.403124792637852,1.9964766941993775,0.11861764334423289,25,4,0.8268594684607591,0.638256280471397,1.060738480080722,0.9240536755552639,8,239
4,CG,nw13,False,173.06822354205093,11.62,A,comparison_window,2.7,2.7,4.624363713803895,1.9072225939606984,0.1186684462671411,25,4,0.8197728439937918,0.6172222040229383,1.074020821543752,0.9252867424370578,8,239
4,CG,nw13,False,173.06822354205093,11.62,A,full_record,2.7,2.7,4.424976545447159,1.9602510173609982,0.11449441776765044,25,4,0.8241151304524835,0.6308762686064144,1.0647624051578846,0.9238734940724588,8,239
4,CG,nw13,False,173.06822354205093,11.62,A,comparison_window,2.8,2.8,4.6492228459847915,1.8703177296464295,0.11486024880398807,25,4,0.8168715428737899,0.609042626053748,1.0782090492734788,0.9250842253684467,8,239
4,CG,nw13,False,173.06822354205093,11.62,A,full_record,2.8,2.8,4.444831768236435,1.9270357655274282,0.11060867614216022,25,4,0.8218038532612701,0.6244261003791547,1.0685241347099401,0.9238273121428021,8,239
4,CG,nw13,False,173.06822354205093,11.62,A,comparison_window,2.9,2.9,4.672145081652419,1.8361213818226534,0.11126167942960535,25,4,0.8143708347095382,0.6017341388285666,1.0821497185763365,0.9249918725005225,8,239
4,CG,nw13,False,173.06822354205093,11.62,A,full_record,2.9,2.9,4.462911429855477,1.8965195824452945,0.10694428542504676,25,4,0.8199026220029647,0.618888491735331,1.0720086348573439,0.9238886397129268,8,239
4,CG,nw13,False,173.06822354205093,11.62,A,comparison_window,3.0,3.0,4.693323164020721,1.8043764490642427,0.10785836110046744,25,4,0.8122502147574618,0.5952839001851452,1.0858322599368073,0.9249890277196304,8,239
4,CG,nw13,False,173.06822354205093,11.62,A,full_record,3.0,3.0,4.479408803201848,1.8684276663647317,0.10348598573982029,25,4,0.8183854777276762,0.6142339032370319,1.0752075432109125,0.9240346009460936,8,239
4,CG,nw13,False,173.06822354205093,11.62,A,comparison_window,3.1,3.1,4.712927451233468,1.7748543227320908,0.10463687341849709,25,4,0.8104870898132763,0.5896692195582984,1.0892509694055807,0.925057800698141,8,239
4,CG,nw13,False,173.06822354205093,11.62,A,full_record,3.1,3.1,4.494493169935831,1.8425172679710842,0.10021945383574175,25,4,0.8172248040655541,0.6104234509928729,1.0781179329566342,0.9242456900308803,8,239
4,CG,nw13,False,173.06822354205093,11.62,A,comparison_window,3.2,3.2,4.73110876563136,1.7473514631355052,0.10158473669460141,25,4,0.8090577102090284,0.5848597021962363,1.0924041385430465,0.9251828591113065,8,239
4,CG,nw13,False,173.06822354205093,11.62,A,full_record,3.2,3.2,4.508313035692296,1.818573702547342,0.09713132066637688,25,4,0.8163923320119361,0.607411467583606,1.0807412332596071,0.9245054620169393,8,239
4,CG,nw13,False,173.06822354205093,11.62,A,comparison_window,3.3,3.3,4.7480008708354084,1.7216863839459413,0.0986903777542635,25,4,0.8079378985262807,0.5808191479620055,1.0952932948727336,0.9253511876561968,8,239
4,CG,nw13,False,173.06822354205093,11.62,A,full_record,3.3,3.3,4.5209989089684095,1.7964068429581517,0.09420915851481579,25,4,0.816072525059336,0.6057160844543761,1.0830822993325002,0.9248001965759398,8,239
4,CG,nw13,False,173.06822354205093,11.62,A,comparison_window,3.4,3.4,4.763722621024194,1.697697005868204,0.095943084714946,25,4,0.8071036056621377,0.5775072013750011,1.0979225457574733,0.9255518355829894,8,239
4,CG,nw13,False,173.06822354205093,11.62,A,full_record,3.4,3.4,4.532665696622625,1.7758480506036765,0.09144144856065252,25,4,0.8161629921139485,0.6055365151073869,1.0851486216037955,0.9251185601683142,8,239
4,CG,nw13,False,173.06822354205093,11.62,A,comparison_window,3.5,3.5,4.7783798238499475,1.675238339818994,0.09333295574775967,25,4,0.8065313235501536,0.5748807597568281,1.1002980171477088,0.9257756673484058,8,239
4,CG,nw13,False,173.06822354205093,11.62,A,full_record,3.5,3.5,4.543414765787081,1.756747498417528,0.08881753652907953,25,4,0.8163927999452104,0.6060468544831026,1.0869496612086496,0.9254512828717566,8,239
4,CG,nw13,False,173.06822354205093,11.62,A,comparison_window,3.6,3.6,4.792066854602299,1.6541804614025581,0.09085084525618431,25,4,0.8065220658690793,0.5738027831485971,1.1024273779499405,0.9260151257255805,8,239
4,CG,nw13,False,173.06822354205093,11.62,A,full_record,3.6,3.6,4.553335717474318,1.7389718406303087,0.08632758173148734,25,4,0.8168328570207268,0.6071115866888068,1.088496298062625,0.9257908594487686,8,239
4,CG,nw13,False,173.06822354205093,11.62,A,comparison_window,3.7,3.7,4.804868055108584,1.6344067412287744,0.08848830978246736,25,4,0.8067749564125054,0.5738151059118799,1.104319440614708,0.9262640128686014,8,239
4,CG,nw13,False,173.06822354205093,11.62,B,comparison_window,,2.0916642577309927,4.416290012765499,2.209895913311594,0.14729601072686196,25,4,0.8466001376706526,0.6845294900141625,1.044750593741521,0.9304612545835156,8,239
4,CG,nw13,False,173.06822354205093,11.62,A,full_record,3.7,3.7,4.562507912149408,1.7224021867140622,0.0839625031422614,25,4,0.8174583001049897,0.6086670528698825,1.0898003777043104,0.9261312795295975,8,239
4,CG,nw13,False,173.06822354205093,11.62,B,full_record,,1.8674487503973627,4.151774159673078,2.395120589097539,0.15765394294860863,25,4,0.8605532304987598,0.7174269238952597,1.0271678516949823,0.9327583263776552,8,239
4,CG,nw13,False,173.06822354205093,11.62,A,comparison_window,3.8,3.8,4.8168589468090905,1.615812298921638,0.08623755515806197,25,4,0.8070804517471708,0.5744337243877562,1.1059838287812096,0.926517292107951,8,239
4,CG,nw13,False,173.06822354205093,11.62,A,full_record,3.8,3.8,4.571001782553601,1.7069323406168553,0.08171392497146274,25,4,0.8182461242026762,0.6106531339362244,1.0908743436183619,0.9264677885856811,8,239
4,CG,nw13,False,173.06822354205093,11.62,A,comparison_window,3.9,3.9,4.828107283653362,1.598302652109385,0.08409138585523399,25,4,0.8075515496158385,0.575519348628103,1.1074307033095656,0.9267709113772342,8,239
4,CG,nw13,False,173.06822354205093,11.62,A,full_record,3.9,3.9,4.578879964381412,1.692467270454083,0.07957412335299217,25,4,0.8191751612116466,0.6130135952072493,1.0917309426559727,0.9267966792788165,8,239
4,CG,nw13,False,173.06822354205093,11.62,A,comparison_window,4.0,4.0,4.838673967022157,1.5817925350369841,0.08204315710589619,25,4,0.8081697411822607,0.5770218019624049,1.1086705386827698,0.9270216479272803,8,239
4,CG,nw13,False,173.06822354205093,11.62,A,full_record,4.0,4.0,4.586198271162277,1.6789217778717125,0.07753597517543143,25,4,0.8202260246447577,0.615696266594269,1.0923829922884598,0.9271151114861793,8,239
4,CG,nw13,False,173.06822354205093,11.62,A,comparison_window,4.1,4.1,4.84861384181699,1.5662048645703597,0.08008673008294243,25,4,0.8089179292545752,0.5788938460095141,1.109713942494148,0.9272669732015832,8,239
4,CG,nw13,False,173.06822354205093,11.62,A,full_record,4.1,4.1,4.593006535928832,1.6662193401257115,0.07559290966802516,25,4,0.8213810314286044,0.6186530945646233,1.0928431996425025,0.9274209585841792,8,239
4,CG,nw13,False,173.06822354205093,11.62,A,comparison_window,4.2,4.2,4.857976390171768,1.5514698342075683,0.07821643025438371,25,4,0.8097803735661474,0.5810912997495695,1.1105715114990955,0.9275049362962677,8,239
4,CG,nw13,False,173.06822354205093,11.62,A,full_record,4.2,4.2,4.599349338955193,1.654291101430551,0.07373886306665722,25,4,0.8226241091897325,0.6218400966630719,1.0931240234873445,0.9277126772468494,8,239
4,CG,nw13,False,173.06822354205093,11.62,A,comparison_window,4.3,4.3,4.866806336904213,1.5375241192569142,0.07642700889664565,25,4,0.8107426249336079,0.5835730785218871,1.11125371846384,0.9277340642088756,8,239
4,CG,nw13,False,173.06822354205093,11.62,A,full_record,4.3,4.3,4.605266638002314,1.6430749932734914,0.07196823648800216,25,4,0.8239406953607692,0.6252172442186847,1.0932375715205305,0.9279891979452018,8,239
4,CG,nw13,False,173.06822354205093,11.62,A,comparison_window,4.4,4.4,4.875144178808814,1.5243101785900268,0.07471360767275612,25,4,0.811879838494426,0.58658199947414,1.111770824764609,0.9279532770188706,8,239
4,CG,nw13,False,173.06822354205093,11.62,A,full_record,4.4,4.4,4.610794315059461,1.6325149661705942,0.0702758570079825,25,4,0.8253176327954381,0.628748294196813,1.0931955263936117,0.9282498334276567,8,239
4,CG,nw13,False,173.06822354205093,11.62,A,comparison_window,4.5,4.5,4.883026648158461,1.511775640345265,0.07307172613098886,25,4,0.8132007395089025,0.5901430590700159,1.1121328143610685,0.9281618161841043,8,239
4,CG,nw13,False,173.06822354205093,11.62,A,full_record,4.5,4.5,4.6159646514837265,1.6225603177692074,0.06865694185456088,25,4,0.8268784784882058,0.6327909462286985,1.0930090949144633,0.928494202650979,8,239
4,CG,nw13,False,173.06822354205093,11.62,A,comparison_window,4.6,4.6,4.890487119298469,1.499872760670364,0.07149719195068324,25,4,0.814579350461617,0.5938565852392111,1.1123493453805282,0.9283591842422925,8,239
4,CG,nw13,False,173.06822354205093,11.62,A,full_record,4.6,4.6,4.620806741662295,1.6131651043110857,0.06710706557110921,25,4,0.8285239447435757,0.6370529562949858,1.092688975750068,0.928722167869864,8,239
4,CG,nw13,False,173.06822354205093,11.62,A,comparison_window,4.7,4.7,4.897555965947053,1.4885579460766762,0.06998613374786898,25,4,0.8160057650572305,0.5976938295713983,1.1124297161000958,0.9285450943466654,8,239
4,CG,nw13,False,173.06822354205093,11.62,A,full_record,4.7,4.7,4.6253468538141,1.604287624292029,0.06562212997545357,25,4,0.8301912012485727,0.641353839043089,1.0922453417324158,0.9289337828504514,8,239
4,CG,nw13,False,173.06822354205093,11.62,A,comparison_window,4.8,4.8,4.904260875733826,1.4777913312596986,0.06853495624926789,25,4,0.8174709851949854,0.6016287314164576,1.112382842602478,0.9287194282214006,8,239
4,CG,nw13,False,173.06822354205093,11.62,A,full_record,4.8,4.8,4.62960874526797,1.5958899647204967,0.06419833672421273,25,4,0.8318718366239122,0.6456712720464893,1.0916878335449551,0.9291292504286198,8,239
4,CG,nw13,False,173.06822354205093,11.62,A,comparison_window,4.9,4.9,4.910627127584208,1.4675364053455522,0.06714031764586456,25,4,0.8189668519155201,0.6056377485894405,1.1122172458105946,0.928882201282169,8,239
4,CG,nw13,False,173.06822354205093,11.62,A,full_record,4.9,4.9,4.633613938474303,1.5879376017242093,0.06283216228721937,25,4,0.8335583567117882,0.6499856149905889,1.0910255621457965,0.9293088878762898,8,239
4,CG,nw13,False,173.06822354205093,11.62,A,comparison_window,5.0,5.0,4.9166778367690736,1.4577596804744961,0.06579910894416194,25,4,0.8204859797910354,0.6096996856483592,1.1119410459791057,0.9290335338219027,8,239
4,CG,nw13,False,173.06822354205093,11.62,A,full_record,5.0,5.0,4.637381963086329,1.5803990484053791,0.06152033513911598,25,4,0.8352441037657307,0.6542796723908608,1.0902671177746177,0.9294730987607186,8,239
4,CG,nw13,False,173.06822354205093,11.62,A,comparison_window,5.1,5.1,4.922434171769128,1.4484303974510144,0.06450843514280825,25,4,0.8220216950859296,0.6137955235084657,1.1115619630436517,0.9291736273068902,8,239
4,CG,nw13,False,173.06822354205093,11.62,A,full_record,5.1,5.1,4.6409305686748095,1.5732455438332704,0.06025981498208282,25,4,0.8369231814854411,0.6585384685018381,1.0894205838040378,0.9296223501808776,8,239
4,CG,nw13,False,173.06822354205093,11.62,A,comparison_window,5.2,5.2,4.927915546526682,1.439520263894178,0.06326559807326307,25,4,0.8235679778445683,0.6179082531827464,1.1110873215041162,0.929302744960624,8,239
4,CG,nw13,False,173.06822354205093,11.62,A,full_record,5.2,5.2,4.644275911978479,1.5664507779072616,0.05904777382334321,25,4,0.838590385816679,0.6627490359762018,1.0884935540414493,0.9297571544398998,8,239
4,CG,nw13,False,173.06822354205093,11.62,A,comparison_window,5.3,5.3,4.933139791171966,1.431003220927043,0.062068080754838995,25,4,0.8251194079367229,0.6220227156485223,1.1105240587539664,0.9294211959315868,8,239
4,CG,nw13,False,173.06822354205093,11.62,A,full_record,5.3,5.3,4.647432722036666,1.5599906475460794,0.05788157874233154,25,4,0.8402411413232852,0.6669002190777231,1.0874931523736664,0.9298780543645776,8,239
4,CG,nw13,False,173.06822354205093,11.62,A,comparison_window,5.4,5.4,4.938123303888869,1.4228552349655184,0.06091353312619928,25,4,0.826671115000113,0.6261254492093635,1.1098787359660507,0.9295293224461101,8,239
4,CG,nw13,False,173.06822354205093,11.62,A,full_record,5.4,5.4,4.650414446075388,1.5538430402785648,0.056758776194359074,25,4,0.8418714428637835,0.6709824916874871,1.0864260538830173,0.9299856116135021,8,239
4,CG,nw13,False,173.06822354205093,11.62,A,comparison_window,5.5,5.5,4.942881186229281,1.4150541116150461,0.059799759026854644,25,4,0.8282187321552391,0.6302045452225729,1.109157550813185,0.9296274894392462,8,239
4,CG,nw13,False,173.06822354205093,11.62,A,full_record,5.5,5.5,4.653233378616441,1.547987641840754,0.05567707770967667,25,4,0.8434772453707327,0.6749902614190705,1.0852985067564929,0.9300803974266373,8,239
4,CG,nw13,False,173.06822354205093,11.62,A,comparison_window,5.6,5.6,4.9474273638765265,1.4075793290708183,0.05872470431320788,25,4,0.8297583533242849,0.6342495126744145,1.1083663514418494,0.9297160762360811,8,239
4,CG,nw13,False,173.06822354205093,11.62,A,full_record,5.6,5.6,4.6559007759360025,1.5424057648388396,0.05463434685864104,25,4,0.8450054188695862,0.6791091072868141,1.0841163544668244,0.9301629853631762,8,239
4,CG,nw13,False,173.06822354205093,11.62,A,comparison_window,5.7,5.7,4.951774694596777,1.4004118887498618,0.05768644600402073,25,4,0.8312864939583892,0.6382511517878586,1.1075106512342197,0.9297954699243428,8,239
4,CG,nw13,False,173.06822354205093,11.62,A,full_record,5.7,5.7,4.658426957706875,1.5370801959274132,0.05362858736499799,25,4,0.8464991921464916,0.6831023709143541,1.082885057831183,0.9302339456536257,8,239
4,CG,nw13,False,173.06822354205093,11.62,A,comparison_window,5.8,5.8,4.955935064888882,1.3935341811719582,0.056683182359833995,25,4,0.8328000549620712,0.6422014366240555,1.1065956439905795,0.9298660601175801,8,239
4,CG,nw13,False,173.06822354205093,11.62,A,full_record,5.8,5.8,4.660821397410114,1.5319950592873515,0.05265793225993207,25,4,0.8479564831228905,0.6869673700654153,1.0816097166552776,0.9302938408582611,8,239
4,CG,nw13,False,173.06822354205093,11.62,A,comparison_window,5.9,5.9,4.959919476650777,1.3869298653549738,0.05571322380977537,25,4,0.8342962895970902,0.6460934064747836,1.105626219244153,0.9299282348579448,8,239
4,CG,nw13,False,173.06822354205093,11.62,A,full_record,5.9,5.9,4.66309280288776,1.527135694475779,0.051720633979465865,25,4,0.849375550132389,0.6907023021805733,1.080295090751592,0.9303432225792041,8,239
4,CG,nw13,False,173.06822354205093,11.62,A,comparison_window,6.0,6.0,4.963738125011558,1.38058376020533,0.05477498464736802,25,4,0.8357727731480902,0.6499210657267529,1.1046069774858829,0.9299823774496243,8,239
4,CG,nw13,False,173.06822354205093,11.62,A,full_record,6.0,6.0,4.665249188227078,1.5224885469684137,0.050815055316941374,25,4,0.8507549603357016,0.694306136071302,1.0789456201849108,0.9303826290191993,8,239
4,CG,nw13,False,173.06822354205093,11.62,A,comparison_window,6.1,6.1,4.967400468332942,1.374481746571767,0.053866975424435,25,4,0.8371874611418771,0.653798980807051,1.1035422451300987,0.9300288640494822,8,239
4,CG,nw13,False,173.06822354205093,11.62,A,full_record,6.1,6.1,4.667297938009059,1.5180410699288278,0.049939661150738786,25,4,0.8520935608637823,0.697778514902472,1.077565444648435,0.9304125832180306,8,239
4,CG,nw13,False,173.06822354205093,11.62,A,comparison_window,6.2,6.2,4.970915291260605,1.3686106787916945,0.05298779597897491,25,4,0.8385519795270313,0.6576474119404665,1.1024360890956628,0.9300680618712742,8,239
4,CG,nw13,False,173.06822354205093,11.62,A,full_record,6.2,6.2,4.669245864821266,1.5137816359234786,0.04909301087504636,25,4,0.853453036423681,0.7014219006803127,1.0761584219129634,0.9304335918288222,8,239
4,CG,nw13,False,173.06822354205093,11.62,A,comparison_window,6.3,6.3,4.974290761596182,1.3629583047010152,0.052136129039086904,25,4,0.8398873716308618,0.6613884273675603,1.101292330912059,0.9301003278848045,8,239
4,CG,nw13,False,173.06822354205093,11.62,A,full_record,6.3,6.3,4.671099260818021,1.5096994574610512,0.04827375146849837,25,4,0.8547752387600718,0.7049451071327744,1.0747281453214557,0.9304461443222101,8,239
4,CG,nw13,False,173.06822354205093,11.62,A,comparison_window,6.4,6.4,4.97753448166686,1.3575131932002815,0.05131073435057246,25,4,0.8411923438999815,0.6650204521700624,1.1001145602879694,0.9301260079122327,8,239
4,CG,nw13,False,173.06822354205093,11.62,A,full_record,6.4,6.4,4.6728639440121,1.5057845153732088,0.04748061114180065,25,4,0.8560522062242764,0.7083138980379834,1.0732779603239055,0.9304507125275203,8,239
4,CG,nw13,False,173.06822354205093,11.62,A,comparison_window,6.5,6.5,4.9806535347890755,1.352264668577135,0.05051044328092172,25,4,0.842465803419414,0.668542451249617,1.0989061481022515,0.9301454360412008,8,239
4,CG,nw13,False,173.06822354205093,11.62,A,full_record,6.5,6.5,4.674545299896207,1.5020274941734846,0.0467123935112166,25,4,0.8572835668203463,0.7115309508270939,1.071810980064339,0.9304477504374917,8,239
4,CG,nw13,False,173.06822354205093,11.62,A,comparison_window,6.6,6.6,4.983654527350209,1.347202750877883,0.049734153856928066,25,4,0.8437068410737532,0.6719538688388994,1.0976702587945786,0.9301589342888674,8,239
4,CG,nw13,False,173.06822354205093,11.62,A,full_record,6.6,6.6,4.676148318918425,1.4984197236350958,0.04596797224993116,25,4,0.8584691253277555,0.7145992403225743,1.0703301000438699,0.9304376942172217,8,239
4,CG,nw13,False,173.06822354205093,11.62,A,comparison_window,6.7,6.7,4.986543626972297,1.34231810170286,0.048980826197296136,25,4,0.8449454942689038,0.6754628707262117,1.096409862147011,0.9301668124630382,8,239
4,CG,nw13,False,173.06822354205093,11.62,A,full_record,6.7,6.7,4.6776776302703125,1.4949531259194608,0.04524628617399418,25,4,0.85960884674707,0.7175219880437045,1.0688380118922713,0.9304209623696367,8,239
4,CG,nw13,False,173.06822354205093,11.62,A,comparison_window,6.8,6.8,4.989326597166015,1.337601974871163,0.04824947830529519,25,4,0.8461656884645968,0.6789560743824756,1.0951277444579028,0.9301693681764692,8,239
4,CG,nw13,False,173.06822354205093,11.62,A,full_record,6.8,6.8,4.679137532392545,1.4916201676653873,0.04454633472372548,25,4,0.8607028410100992,0.7203026173817619,1.0673372162861732,0.9303979560192446,8,239
4,CG,nw13,False,173.06822354205093,11.62,A,comparison_window,6.9,6.9,4.992008828838211,1.3330461714628963,0.047539182189863555,25,4,0.8473497676794908,0.6823168959288801,1.0938265191178191,0.930166886978711,8,239
4,CG,nw13,False,173.06822354205093,11.62,A,full_record,6.9,6.9,4.6805320205526435,1.4884138165185352,0.043867173805253575,25,4,0.8617513488430955,0.7229447140051188,1.065830035055593,0.9303690592836341,8,239
4,CG,nw13,False,173.06822354205093,11.62,A,comparison_window,7.0,7.0,4.994595368972455,1.3286429988019233,0.046849060286550434,25,4,0.8484973511979655,0.6855470949639364,1.0925086366026413,0.9301596425766236,8,239
4,CG,nw13,False,173.06822354205093,11.62,A,full_record,7.0,7.0,4.681864811807678,1.4853275016400531,0.04320791196026685,25,4,0.8627547286838838,0.7254519909223189,1.0643186225222367,0.9303346397083626,8,239
4,CG,nw13,False,173.06822354205093,11.62,A,comparison_window,7.1,7.1,4.997090946769057,1.3243852329903394,0.0461782821524026,25,4,0.8496081802189454,0.6886486659489963,1.0911763939036823,0.9301478971203361,8,239
4,CG,nw13,False,173.06822354205093,11.62,A,full_record,7.1,7.1,4.683139367629765,1.4823550777865753,0.042567706835099785,25,4,0.8637134445649921,0.7278282576930247,1.0628049761136087,0.9302950487460747,8,239
4,CG,nw13,False,173.06822354205093,11.62,A,comparison_window,7.2,7.2,4.999499997496253,1.3202660846480907,0.04552606141132021,25,4,0.8506821078475271,0.6916238042509106,1.0898319434170916,0.9301319015359806,8,239
4,CG,nw13,False,173.06822354205093,11.62,A,full_record,7.2,7.2,4.684358914436333,1.4794907925993086,0.04194576192304545,25,4,0.8646280548845914,0.7300773933321827,1.0612909462965332,0.9302506222646082,8,239
4,CG,nw13,False,173.06822354205093,11.62,A,comparison_window,7.3,7.3,5.001826684278541,1.3162791675487475,0.04489165292861766,25,4,0.8517190897855402,0.6944748756954211,1.0884773013169096,0.930111895890328,8,239
4,CG,nw13,False,173.06822354205093,11.62,A,full_record,7.3,7.3,4.685526462244236,1.4767292567807713,0.041341323556257026,25,4,0.8654992019958399,0.7322033225028469,1.059778245872833,0.9302016810723495,8,239
4,CG,nw13,False,173.06822354205093,11.62,A,comparison_window,7.4,7.4,5.00407491802326,1.3124184698752583,0.044274350195471476,25,4,0.852719175662015,0.6972043892845422,1.0871143554371507,0.9300881097755926,8,239
4,CG,nw13,False,173.06822354205093,11.62,A,full_record,7.4,7.4,4.686644821636515,1.4740654168730494,0.04075367812581629,25,4,0.8663276025528198,0.7342099946378637,1.0582684586780315,0.9301485314515522,8,239
4,CG,nw13,False,173.06822354205093,11.62,A,comparison_window,7.5,7.5,5.006248375663885,1.3086783278486824,0.0436734829057521,25,4,0.8536825009507085,0.699814972764619,1.085744872688564,0.9300607627050892,8,239
4,CG,nw13,False,173.06822354205093,11.62,A,full_record,7.5,7.5,4.6877166192144415,1.4714945303826172,0.04018214951057641,25,4,0.8671140385579227,0.7361013656704034,1.0567630477225027,0.930091465692641,8,239
4,CG,nw13,False,173.06822354205093,11.62,A,comparison_window,7.6,7.6,5.008350516880686,1.305053401508844,0.04308841470930071,25,4,0.8546092794276299,0.7023093507627949,1.0843705060356972,0.9300300645126061,8,239
4,CG,nw13,False,173.06822354205093,11.62,A,full_record,7.6,7.6,4.688744311684677,1.4690121430247665,0.039626096697167296,25,4,0.8678593490613604,0.7378813820889181,1.0552633628122172,0.9300307626241298,8,239
4,CG,nw13,False,173.06822354205093,11.62,A,comparison_window,7.7,7.7,5.010384599441338,1.3015386524483095,0.04251854112719424,25,4,0.8554997961264204,0.7046903252373613,1.0829928010594085,0.9299962157498995,8,239
4,CG,nw13,False,173.06822354205093,11.62,A,full_record,7.7,7.7,4.689730198716964,1.4666140678842567,0.03908491157519208,25,4,0.8685644224684919,0.7395539670636033,1.0537706476841675,0.9299666881341607,8,239
4,CG,nw13,False,173.06822354205093,11.62,A,comparison_window,7.8,7.8,5.012353693291015,1.2981293233219837,0.041963287615820716,25,4,0.8563544007540698,0.7069607580130817,1.0816132021293918,0.9299594080782018,8,239
4,CG,nw13,False,173.06822354205093,11.62,A,full_record,7.8,7.8,4.690676434691512,1.4642963663110478,0.03855801689310019,25,4,0.8692301894149725,0.7411230084193621,1.0522860466893884,0.9298994956807328,8,239
4,CG,nw13,False,173.06822354205093,11.62,A,comparison_window,7.9,7.9,5.014260693505507,1.2948209189718398,0.041422107767784586,25,4,0.8571735015333706,0.7091235551955433,1.0802330582100572,0.9299198246505654,8,239
4,CG,nw13,False,173.06822354205093,11.62,A,full_record,7.9,7.9,4.69158503944471,1.4620553303883927,0.038044864361551606,25,4,0.8698576161735009,0.7425923482550757,1.0508106110544304,0.9298294267886174,8,239
4,CG,nw13,False,173.06822354205093,11.62,A,comparison_window,8.0,8.0,5.016108332212442,1.2916091890230392,0.04089448163870843,25,4,0.8579575594421165,0.7111816532793331,1.0788536283224657,0.9298776404828906,8,239
4,CG,nw13,False,173.06822354205093,11.62,A,full_record,8.0,8.0,4.692457908107112,1.4598874668277244,0.03754493289227155,25,4,0.8704476985590972,0.7439657740308483,1.0493453047499044,0.929756711531493,8,239
4,CG,nw11,False,199.3439489926949,11.62,A,comparison_window,0.5,0.5,2.716166979683047,4.213273754469352,0.16785829926603607,25,4,0.861350181110109,0.6560868511934307,1.0873714244447834,0.9370570642627288,8,239
4,CG,nw11,False,199.3439489926949,11.62,A,full_record,0.5,0.5,2.7382542403996393,4.169019087689187,0.13971287820204698,25,4,0.8461407542914491,0.6155452988297541,1.1011520105860009,0.9268692488222643,8,239
4,CG,nw11,False,199.3439489926949,11.62,A,comparison_window,0.6,0.6,2.8140838745924075,4.10247502405592,0.17482080976211745,25,4,0.8694600089025736,0.6840756483438625,1.0794986763951349,0.9440013693901487,8,239
4,CG,nw11,False,199.3439489926949,11.62,A,full_record,0.6,0.6,2.809508452680604,4.096634813748568,0.15135777488537006,25,4,0.8560139525136956,0.6468693658716334,1.093119209369488,0.9351151147555676,8,239
4,CG,nw11,False,199.3439489926949,11.62,A,comparison_window,0.7,0.7,2.9239349074237566,3.9749551818337725,0.17877945099616283,25,4,0.8757846933166392,0.7069516584066116,1.07224396847628,0.9493547745396235,8,239
4,CG,nw11,False,199.3439489926949,11.62,A,full_record,0.7,0.7,2.8984536230359654,3.9999303091071936,0.15988379191420377,25,4,0.86446975497911,0.6747027849637197,1.0852889068342402,0.9420723514908929,8,239
4,CG,nw11,False,199.3439489926949,11.62,A,comparison_window,0.8,0.8,3.0397248728348742,3.8382237531462544,0.18017687092781745,25,4,0.8803079421421527,0.7244111093350922,1.0659415917804136,0.9530759842827219,8,239
4,CG,nw11,False,199.3439489926949,11.62,A,full_record,0.8,0.8,2.999088412544831,3.8861438314066743,0.1653909863728753,25,4,0.8711389415581688,0.6975942384976287,1.0781106813661077,0.9474669252016823,8,239
4,CG,nw11,False,199.3439489926949,11.62,A,comparison_window,0.9,0.9,3.1566251794456344,3.6984390611317437,0.17950141532586572,25,4,0.8831171160053025,0.7366532010150896,1.060828239614652,0.9552884536323493,8,239
4,CG,nw11,False,199.3439489926949,11.62,A,full_record,0.9,0.9,3.1057427371136903,3.7623341210420187,0.16818216888822574,25,4,0.8759188032691121,0.7150286356350575,1.0719411754361097,0.951251956585176,8,239
4,CG,nw11,False,199.3439489926949,11.62,A,comparison_window,1.0,1.0,3.2710620525402057,3.5602523407461795,0.17722624118822422,25,4,0.884361626539621,0.7441618798112198,1.0570284894684063,0.9562234324389984,8,239
4,CG,nw11,False,199.3439489926949,11.62,A,full_record,1.0,1.0,3.213637227982993,3.6346237262707066,0.16867603921775445,25,4,0.8788769640151504,0.7271260008740646,1.0670300285086947,0.9535559881680951,8,239
4,CG,nw11,False,199.3439489926949,11.62,A,comparison_window,1.1,1.1,3.38060796493217,3.426906914216426,0.1737732423199485,25,4,0.8842278299737026,0.7475524702298776,1.0545654382998282,0.9561613762621527,8,239
4,CG,nw11,False,199.3439489926949,11.62,A,full_record,1.1,1.1,3.3191252848374035,3.507829423943767,0.16732965443270353,25,4,0.8801825099839012,0.73437732276597,1.0635075575453448,0.9546190955418599,8,239
4,CG,nw11,False,199.3439489926949,11.62,A,comparison_window,1.2,1.2,3.483778680466508,3.3004666583552917,0.16949719285754047,25,4,0.8829228379268421,0.7474766031682754,1.053382865757913,0.9553850145527248,8,239
4,CG,nw11,False,199.3439489926949,11.62,A,full_record,1.2,1.2,3.419687304854711,3.385409896950047,0.16458240428293677,25,4,0.8800600429272203,0.7374505335034227,1.0613924990982218,0.9547301954218731,8,239
4,CG,nw11,False,199.3439489926949,11.62,A,comparison_window,1.3,1.3,3.579808721737775,3.1820816010125994,0.16468358340471811,25,4,0.8806625979313669,0.7445691914160568,1.053369517509168,0.9541488384385529,8,239
4,CG,nw11,False,199.3439489926949,11.62,A,full_record,1.3,1.3,3.5137781555109413,3.2696123294092936,0.16082317847713926,25,4,0.8787596708171004,0.7370669371583669,1.0606139778096442,0.9541772497136201,8,239
4,CG,nw11,False,199.3439489926949,11.62,A,comparison_window,1.4,1.4,3.6684464382631674,3.072236694570108,0.1595542651380184,25,4,0.8776620476706346,0.7394217862993369,1.0543807663050226,0.9526636611808161,8,239
4,CG,nw11,False,199.3439489926949,11.62,A,full_record,1.4,1.4,3.6006161723687238,3.1617084404251568,0.15637641159529397,25,4,0.8765369282166301,0.7339314857611409,1.0610383216659258,0.9532152180315758,8,239
4,CG,nw11,False,199.3439489926949,11.62,A,comparison_window,1.5,1.5,3.7497860057430206,2.9709595435742506,0.15427661073426036,25,4,0.8741267100402392,0.732570839125638,1.0562559487275731,0.951092318790105,8,239
4,CG,nw11,False,199.3439489926949,11.62,A,full_record,1.5,1.5,3.679972143809021,3.062243962740427,0.15150084107632036,25,4,0.8736387187955051,0.7286977029633782,1.0624943516108993,0.9520504800924907,8,239
4,CG,nw11,False,199.3439489926949,11.62,A,comparison_window,1.6,1.6,3.8241391983890036,2.8779814550291696,0.14897350137074133,25,4,0.8702458414010567,0.7244936923222708,1.0588312508981668,0.949552342790629,8,239
4,CG,nw11,False,199.3439489926949,11.62,A,full_record,1.6,1.6,3.751988197267628,2.9712601432440393,0.14639542163075578,25,4,0.8702932479907476,0.7219522424262574,1.0647941870232613,0.9508374486723584,8,239
4,CG,nw11,False,199.3439489926949,11.62,A,comparison_window,1.7,1.7,3.8919426112871154,2.7928557419327813,0.14373268133048606,25,4,0.8661660726512536,0.7157001436574357,1.0619486860686866,0.9481222484968386,8,239
4,CG,nw11,False,199.3439489926949,11.62,A,full_record,1.7,1.7,3.8170364588901875,2.8884712706694917,0.1412083614679739,25,4,0.8667030895464144,0.7142095417201525,1.0677488363967351,0.9496826798936063,8,239
4,CG,nw11,False,199.3439489926949,11.62,A,comparison_window,1.8,1.8,3.953693464091076,2.7150409220007137,0.13861483564499424,25,4,0.862006069511158,0.706774766939892,1.0654619069647953,0.9468491264014428,8,239
4,CG,nw11,False,199.3439489926949,11.62,A,full_record,1.8,1.8,3.8756160911081077,2.813397239716782,0.13604677233947696,25,4,0.8630410379650969,0.705911386733334,1.0711789644147407,0.948652667481243,8,239
4,CG,nw11,False,199.3439489926949,11.62,A,comparison_window,1.9,1.9,4.009907026413271,2.6439569598523387,0.13366022288075086,25,4,0.8579511076130846,0.6977552478676841,1.0692395827163017,0.9457561326877276,8,239
4,CG,nw11,False,199.3439489926949,11.62,A,full_record,1.9,1.9,3.928282410944451,2.7454572227823686,0.1309855957686221,25,4,0.8593925502452033,0.6976475049851519,1.0749216583194474,0.9477827189963752,8,239
4,CG,nw11,False,199.3439489926949,11.62,A,comparison_window,2.0,2.0,4.061089676707758,2.5790217496220667,0.1288939413904206,25,4,0.8540867125660556,0.6888760457529806,1.0731669757160927,0.944849141454135,8,239
4,CG,nw11,False,199.3439489926949,11.62,A,full_record,2.0,2.0,3.9756006345193535,2.6840327064872587,0.12607523511865018,25,4,0.8559169471526494,0.6896101079473428,1.0788340933819587,0.9470853807484899,8,239
4,CG,nw11,False,199.3439489926949,11.62,A,comparison_window,2.1,2.1,4.107722871817462,2.519673615979733,0.1243300127372208,25,4,0.85047775847268,0.6803263746725778,1.0771462388283204,0.944122259231703,8,239
4,CG,nw11,False,199.3439489926949,11.62,A,full_record,2.1,2.1,4.01811744850891,2.6285078405271873,0.12134776726413685,25,4,0.8527149235663456,0.6819449451250884,1.0827949186399475,0.9465576579284254,8,239
4,CG,nw11,False,199.3439489926949,11.62,A,comparison_window,2.2,2.2,4.150254500167556,2.465384210244242,0.11997449334392672,25,4,0.847170384142434,0.6722541001530309,1.081095843579649,0.9435621638115689,8,239
4,CG,nw11,False,199.3439489926949,11.62,A,full_record,2.2,2.2,4.056344915082218,2.57829373200565,0.11682183249936945,25,4,0.849838726744243,0.6748240854742535,1.086704051523752,0.9461867786881899,8,239
4,CG,nw11,False,199.3439489926949,11.62,A,comparison_window,2.3,2.3,4.189095082465853,2.4156649887627264,0.1158278141138134,25,4,0.8441943908565896,0.664769995580785,1.084949454383886,0.9431513686689538,8,239
4,CG,nw11,False,199.3439489926949,11.62,A,full_record,2.3,2.3,4.090752579772784,2.532841796011463,0.11250639355905026,25,4,0.8473203218280363,0.6683714825018627,1.0904814300923305,0.9459545393420833,8,239
4,CG,nw11,False,199.3439489926949,11.62,A,comparison_window,2.4,2.4,4.224617047660487,2.370069528236673,0.11188652052843417,25,4,0.8415658339867134,0.6579522013179389,1.088654484404511,0.9428705754455888,8,239
4,CG,nw11,False,199.3439489926949,11.62,A,full_record,2.4,2.4,4.121764824034679,2.4916499008698,0.10840357444315846,25,4,0.8451748436453678,0.6626691774195068,1.0940651435069588,0.94584041050909,8,239
4,CG,nw11,False,199.3439489926949,11.62,A,comparison_window,2.5,2.5,4.25715587460689,2.3281932365377482,0.10814455459362952,25,4,0.8392895892857543,0.6518507245895946,1.092170504467364,0.9427002917656173,8,239
4,CG,nw11,False,199.3439489926949,11.62,A,full_record,2.5,2.5,4.14976141969248,2.4542639424316506,0.10451077454844171,25,4,0.8434040022433111,0.6577636523491142,1.097409251695951,0.9458236357771959,8,239
4,CG,nw11,False,199.3439489926949,11.62,A,comparison_window,2.6,2.6,4.287012291617707,2.289671514686545,0.10459419073043617,25,4,0.837361745072839,0.6464918302422911,1.0954676256615477,0.9426218813328968,8,239
4,CG,nw11,False,199.3439489926949,11.62,A,full_record,2.6,2.6,4.17507991678645,2.4202766498535353,0.10082222471623287,25,4,0.8419992304646192,0.6536720528607922,1.1004815150754979,0.9458845545136954,8,239
4,CG,nw11,False,199.3439489926949,11.62,A,comparison_window,2.7,2.7,4.314455006291479,2.2541770709472626,0.10122671256658244,25,4,0.8357717330557517,0.6418821972582751,1.0985249368849015,0.9426181911857665,8,239
4,CG,nw11,False,199.3439489926949,11.62,A,full_record,2.7,2.7,4.198018973696612,2.389324824683949,0.09733012031312839,25,4,0.8409444518792057,0.6503880489928724,1.1032611835672106,0.9460053545569683,8,239
4,CG,nw11,False,199.3439489926949,11.62,A,comparison_window,2.8,2.8,4.339723629897399,2.2214168423448073,0.098032897072278,25,4,0.8345041586017625,0.6380127474173432,1.1013290486662624,0.9426738751485778,8,239
4,CG,nw11,False,199.3439489926949,11.62,A,full_record,2.8,2.8,4.218842066653781,2.3610857944022676,0.09402543751335048,25,4,0.8402184183349605,0.6478871676856286,1.105736938932153,0.9461704245667039,8,239
4,CG,nw11,False,199.3439489926949,11.62,A,comparison_window,2.9,2.9,4.363031589872213,2.1911288114132565,0.0950033562746405,25,4,0.8335403254093392,0.6348620852886976,1.1038727723839348,0.9427755073351087,8,239
4,CG,nw11,False,199.3439489926949,11.62,A,full_record,2.9,2.9,4.237781236126614,2.335273573757999,0.09089851445611559,25,4,0.8397966164263828,0.6461314949328707,1.1079050432222108,0.9463664388240652,8,239
4,CG,nw11,False,199.3439489926949,11.62,A,comparison_window,3.0,3.0,4.384568909726064,2.163078893398237,0.0921287742419704,25,4,0.83285947150349,0.6323995188993126,1.1061539479645233,0.9429115572003527,8,239
4,CG,nw11,False,199.3439489926949,11.62,A,full_record,3.0,3.0,4.255040672427673,2.311635034224151,0.08793945918990352,25,4,0.8394364751972325,0.6451787797496942,1.1097677164912854,0.9465822738766396,8,239
4,CG,nw11,False,199.3439489926949,11.62,A,comparison_window,3.1,3.1,4.4045047915607585,2.137057994565358,0.08940006746021345,25,4,0.832383033532662,0.6306218791970858,1.1081744219683933,0.9430722789275049,8,239
4,CG,nw11,False,199.3439489926949,11.62,A,full_record,3.1,3.1,4.270800036066096,2.2899462547904306,0.08513843084616506,25,4,0.8392584757907966,0.6448015574121503,1.1113317464955552,0.9468088285103933,8,239
4,CG,nw11,False,199.3439489926949,11.62,A,comparison_window,3.2,3.2,4.422989972114465,2.112879293700607,0.08680848949546643,25,4,0.8319557018382008,0.6295087154742036,1.1099391705322803,0.9432495529356547,8,239
4,CG,nw11,False,199.3439489926949,11.62,A,full_record,3.2,3.2,4.28521746685992,2.2700091452705395,0.08248582861504071,25,4,0.839466195386772,0.6455082243552658,1.1126073198625295,0.947038796434836,8,239
4,CG,nw11,False,199.3439489926949,11.62,A,comparison_window,3.3,3.3,4.440158845447867,2.090375767921548,0.08434569541312344,25,4,0.8317159828382824,0.6288835090361743,1.1114555570228988,0.9434367056680316,8,239
4,CG,nw11,False,199.3439489926949,11.62,A,full_record,3.3,3.3,4.298432271389882,2.2516483815366906,0.07997241411107404,25,4,0.8399465118581932,0.6469662579200224,1.1136070563277398,0.9472664243098351,8,239
4,CG,nw11,False,199.3439489926949,11.62,A,comparison_window,3.4,3.4,4.456131358650751,2.0693979647382905,0.0820037773748258,25,4,0.8316443689196054,0.6287004526951777,1.1127327117071182,0.9436283250711776,8,239
4,CG,nw11,False,199.3439489926949,11.62,A,full_record,3.4,3.4,4.310567299037949,2.234708660419913,0.07758938598060532,25,4,0.8405603004766732,0.6487656182763092,1.1143452236387048,0.9474872754964548,8,239
4,CG,nw11,False,199.3439489926949,11.62,A,comparison_window,3.5,3.5,4.471014694386543,2.049812010930439,0.07977527982091887,25,4,0.8320081041836942,0.6297777092165731,1.1137810196693256,0.9438200827674492,8,239
4,CG,nw11,False,199.3439489926949,11.62,A,full_record,3.5,3.5,4.321731027993832,2.2190522634775514,0.07532842058572417,25,4,0.8414053003121676,0.6511674434039711,1.1148371094183684,0.9476980112738883,8,239
4,CG,nw11,False,199.3439489926949,11.62,A,comparison_window,3.6,3.6,4.4849047577871,2.0314978425357904,0.07765320040899895,25,4,0.8330867779248438,0.6327737473398591,1.1146117031410756,0.9440085693557352,8,239
4,CG,nw11,False,199.3439489926949,11.62,A,full_record,3.6,3.6,4.332019387787883,2.2045569087494035,0.07318168888112903,25,4,0.8429047216257707,0.6552849603557149,1.1150985267452918,0.94789619538532,8,239
4,CG,nw11,False,199.3439489926949,11.62,A,comparison_window,3.7,3.7,4.497887486560675,2.014347637254651,0.07563098122129973,25,4,0.8342789903484499,0.6360541058448884,1.1152364850006373,0.9441911461134843,8,239
4,CG,nw11,False,199.3439489926949,11.62,B,comparison_window,,2.62790736743312,4.294902850136257,2.2794745927110487,0.10363640826229649,25,4,0.836884615271779,0.6451301595941787,1.0963456660141673,0.9426140281094121,8,239
4,CG,nw11,False,199.3439489926949,11.62,A,full_record,3.7,3.7,4.34151734645523,2.1911138648847794,0.07114185685370522,25,4,0.8444851362938766,0.6595888866216143,1.1151454317586835,0.9480801239366878,8,239
4,CG,nw11,False,199.3439489926949,11.62,B,full_record,,2.4286683758127605,4.1300837679175535,2.4805615247137,0.10726630251692457,25,4,0.8446290743348268,0.6611801229894256,1.0950499959216227,0.9458265383074668,8,239
4,CG,nw11,False,199.3439489926949,11.62,A,comparison_window,3.8,3.8,4.510040003099575,1.9982644296406096,0.07370249352689313,25,4,0.8355673833309266,0.6395720348907628,1.1156673211896122,0.9443658142578212,8,239
4,CG,nw11,False,199.3439489926949,11.62,A,full_record,3.8,3.8,4.350300289861602,2.1786263005691207,0.06920207487130547,25,4,0.8461281344595869,0.6640300597064027,1.1149936337378714,0.9482486802934953,8,239
4,CG,nw11,False,199.3439489926949,11.62,A,comparison_window,3.9,3.9,4.52143162647221,1.9831608897646698,0.07186201847805161,25,4,0.8369360585693305,0.6432845745638158,1.1159161909925488,0.944531101568898,8,239
4,CG,nw11,False,199.3439489926949,11.62,A,full_record,3.9,3.9,4.35843521898286,2.1670078426722967,0.067355959799765,25,4,0.8478172168976086,0.6685646640390968,1.1146585804941207,0.9484012132544035,8,239
4,CG,nw11,False,199.3439489926949,11.62,A,comparison_window,4.0,4.0,4.532124760847516,1.9689582470731364,0.070104225451079,25,4,0.8383705263854855,0.6471525451745819,1.1159949354022662,0.9446859653635933,8,239
4,CG,nw11,False,199.3439489926949,11.62,A,full_record,4.0,4.0,4.365981788633788,2.1561813181180516,0.06559757265586667,25,4,0.8495376840117128,0.6731539833112603,1.114155204320906,0.948537436093154,8,239
4,CG,nw11,False,199.3439489926949,11.62,A,comparison_window,4.1,4.1,4.542175675371589,1.9555853425689587,0.0684241492489161,25,4,0.8398576389078376,0.6511404570369937,1.1159151350605605,0.9448297103658799,8,239
4,CG,nw11,False,199.3439489926949,11.62,A,full_record,4.1,4.1,4.372993208651485,2.146077656589807,0.06392139376473058,25,4,0.8512765129956928,0.6777640862300368,1.1134978160351638,0.9486573438114329,8,239
4,CG,nw11,False,199.3439489926949,11.62,A,comparison_window,4.2,4.2,4.5516351889475715,1.9429777940102095,0.06681716702041135,25,4,0.8413855136396651,0.6552163632148703,1.115688020465374,0.9449619198285428,8,239
4,CG,nw11,False,199.3439489926949,11.62,A,full_record,4.2,4.2,4.37951702606823,2.1366349335054604,0.06232229680610138,25,4,0.853022230045114,0.682365474253203,1.1127000367270066,0.9487611459654993,8,239
4,CG,nw11,False,199.3439489926949,11.62,A,comparison_window,4.3,4.3,4.560549271852629,1.931077260405523,0.06527897548542416,25,4,0.8429434519187936,0.6593516739478307,1.115324408239187,0.9450823982310773,8,239
4,CG,nw11,False,199.3439489926949,11.62,A,full_record,4.3,4.3,4.38559580448367,2.1277975350100125,0.06079552270836301,25,4,0.8547647825064866,0.6869327125802369,1.111774758681841,0.9488492126033382,8,239
4,CG,nw11,False,199.3439489926949,11.62,A,comparison_window,4.4,4.4,4.568959574706763,1.9198307936139904,0.06380556886078848,25,4,0.8445218555856949,0.6635209474060428,1.1148346582432391,0.9451911239478458,8,239
4,CG,nw11,False,199.3439489926949,11.62,A,full_record,4.4,4.4,4.391267714718385,2.1195154289352702,0.0593366540399914,25,4,0.8564954143198276,0.6914440598007521,1.110734128537155,0.9489220311001194,8,239
4,CG,nw11,False,199.3439489926949,11.62,A,comparison_window,4.5,4.5,4.576903894013402,1.9091902662815943,0.06239321774112879,25,4,0.846112144247614,0.6677016680294796,1.1142286471941454,0.9452882104057401,8,239
4,CG,nw11,False,199.3439489926949,11.62,A,full_record,4.5,4.5,4.396567048928326,2.1117435277012824,0.05794159032461873,25,4,0.8582065469564306,0.6958811069689966,1.1095895470957005,0.9489801719592557,8,239
4,CG,nw11,False,199.3439489926949,11.62,A,comparison_window,4.6,4.6,4.58441658232668,1.8991118666474907,0.06103844908660809,25,4,0.8477066748076829,0.6718740209208574,1.1135157551953143,0.9453738744026702,8,239
4,CG,nw11,False,199.3439489926949,11.62,A,full_record,4.6,4.6,4.401524668681227,2.1044411309602027,0.05660652454521162,25,4,0.8598916671971442,0.7002284332902026,1.108351681355437,0.9490242619246282,8,239
4,CG,nw11,False,199.3439489926949,11.62,A,comparison_window,4.7,4.7,4.591528910067769,1.88955565192436,0.05973802739685552,25,4,0.8492986643780506,0.6760206685077359,1.1127048622437512,0.9454484104184903,8,239
4,CG,nw11,False,199.3439489926949,11.62,A,full_record,4.7,4.7,4.406168396028755,2.0975714374043792,0.05532792098831939,25,4,0.8615452224718999,0.7044732828875777,1.1070304852585162,0.9490549630096529,8,239
4,CG,nw11,False,199.3439489926949,11.62,A,comparison_window,4.8,4.8,4.5982693850991225,1.8804851529988595,0.05848893709879216,25,4,0.8508821172806013,0.680126533894333,1.1118043523217085,0.9455121699064359,8,239
4,CG,nw11,False,199.3439489926949,11.62,A,full_record,4.8,4.8,4.410523355337814,2.091101116587422,0.05410249449850352,25,4,0.8631625240356764,0.7086052651013146,1.1056352264322593,0.9490729562827335,8,239
4,CG,nw11,False,199.3439489926949,11.62,A,comparison_window,4.9,4.9,4.604664035370354,1.8718670241195459,0.05728836614030371,25,4,0.8524517565292129,0.6841785939141218,1.1108221231442519,0.9455655446995184,8,239
4,CG,nw11,False,199.3439489926949,11.62,A,full_record,4.9,4.9,4.414612272545616,2.0849999328508853,0.05292719115692562,25,4,0.8647396579464938,0.7126160793077505,1.1041745168188946,0.9490789294527885,8,239
4,CG,nw11,False,199.3439489926949,11.62,A,comparison_window,5.0,5.0,4.610736659249603,1.8636707320481993,0.05613369075747289,25,4,0.8540029599607294,0.6881656838050587,1.1097656000176548,0.9456089537984651,8,239
4,CG,nw11,False,199.3439489926949,11.62,A,full_record,5.0,5.0,4.418455737560859,2.0792404145300742,0.05179917035985556,25,4,0.8662734036038877,0.7164992642153897,1.1026563455916858,0.9490735674734398,8,239
4,CG,nw11,False,199.3439489926949,11.62,A,comparison_window,5.1,5.1,4.616509047552023,1.8558682798585582,0.05502246136725415,25,4,0.855531701019177,0.6920783146004181,1.1086417525817016,0.9456428329250778,8,239
4,CG,nw11,False,199.3439489926949,11.62,A,full_record,5.1,5.1,4.422072434725463,2.073797562546861,0.0507157882476769,25,4,0.867744099442142,0.720361451672766,1.101088113153359,0.9490575455319461,8,239
4,CG,nw11,False,199.3439489926949,11.62,A,comparison_window,5.2,5.2,4.622001180749299,1.8484339611837806,0.05395238952774662,25,4,0.8570344940843916,0.6959085037100416,1.1074571134694717,0.9456676263266832,8,239
4,CG,nw11,False,199.3439489926949,11.62,A,full_record,5.2,5.2,4.425479345557604,2.0686485933039642,0.0496745824191607,25,4,0.869145340091664,0.7241639568066025,1.0994766653269652,0.9490315239116537,8,239
4,CG,nw11,False,199.3439489926949,11.62,A,comparison_window,5.3,5.3,4.627231404390589,1.8413441412517373,0.05292133590290136,25,4,0.8585083441603417,0.6996496187152564,1.1062177981313057,0.9456837804050294,8,239
4,CG,nw11,False,199.3439489926949,11.62,A,full_record,5.3,5.3,4.428691927404502,2.063772711488487,0.04867325785669504,25,4,0.8704906542903355,0.7277883002212873,1.0978283270945666,0.9489961443180053,8,239
4,CG,nw11,False,199.3439489926949,11.62,A,comparison_window,5.4,5.4,4.632216585370471,1.8345770615143713,0.051927299166272776,25,4,0.8599420871163818,0.7033429489805435,1.1049295252419709,0.945691738817367,8,239
4,CG,nw11,False,199.3439489926949,11.62,A,full_record,5.4,5.4,4.431724271129424,2.0591509089903135,0.047709673983791945,25,4,0.8717790992704918,0.731235817377057,1.0961489354299496,0.948952027341072,8,239
4,CG,nw11,False,199.3439489926949,11.62,A,comparison_window,5.5,5.5,4.636972251338758,1.828112665083359,0.05096840577841193,25,4,0.8613089632196568,0.7070777179680549,1.1035976372490321,0.9456919387602647,8,239
4,CG,nw11,False,199.3439489926949,11.62,A,full_record,5.5,5.5,4.4345892405220555,2.0547657866537374,0.04678183277517417,25,4,0.8730101205913663,0.7345086693051557,1.0944438709173607,0.9488997707947977,8,239
4,CG,nw11,False,199.3439489926949,11.62,A,comparison_window,5.6,5.6,4.6415127152521976,1.8219324405371753,0.05004290057395149,25,4,0.8626351974356603,0.7106752559316041,1.1022271207316874,0.945684808199289,8,239
4,CG,nw11,False,199.3439489926949,11.62,A,full_record,5.6,5.6,4.437298595752989,2.0506013960212877,0.04588786784097138,25,4,0.8741835075564304,0.7376097091198742,1.0927180879592036,0.9488399487275591,8,239
4,CG,nw11,False,199.3439489926949,11.62,A,comparison_window,5.7,5.7,4.645851186812806,1.816019281969744,0.049149138096886216,25,4,0.863919469166456,0.7141348911745495,1.1008226263275522,0.9456707638513793,8,239
4,CG,nw11,False,199.3439489926949,11.62,A,full_record,5.7,5.7,4.439863102876379,2.0466430986087443,0.045026034409255775,25,4,0.8752993526684775,0.7405423647208226,1.0909761434591851,0.948773110942401,8,239
4,CG,nw11,False,199.3439489926949,11.62,A,comparison_window,5.8,5.8,4.649999872316855,1.8103573634176358,0.048285574625633196,25,4,0.865160752559884,0.7174566492289272,1.0993884880547844,0.9456502097630639,8,239
4,CG,nw11,False,199.3439489926949,11.62,A,full_record,5.8,5.8,4.442292631113074,2.042877440575143,0.04419470013482986,25,4,0.8763580147660304,0.7433105359204599,1.0892222239286846,0.9486997829002218,8,239
4,CG,nw11,False,199.3439489926949,11.62,A,comparison_window,5.9,5.9,4.653970064246635,1.8049320260327268,0.04745076083286656,25,4,0.86635828806529,0.72064116120681,1.0979287419112949,0.9456235363574579,8,239
4,CG,nw11,False,199.3439489926949,11.62,A,full_record,5.9,5.9,4.444596239415748,2.039292040933094,0.04339233666638446,25,4,0.8773600855155732,0.7459185043903003,1.087460171009195,0.9486204659071202,8,239
4,CG,nw11,False,199.3439489926949,11.62,A,comparison_window,6.0,6.0,4.6577722217719035,1.7997296765681607,0.046643335028717745,25,4,0.8675115563287812,0.723689581800839,1.0964471436754584,0.9455911198476256,8,239
4,CG,nw11,False,199.3439489926949,11.62,A,full_record,6.0,6.0,4.4467822536161385,2.0358754916851307,0.04261751190863032,25,4,0.8783599214587863,0.7485714041292006,1.085693505435267,0.9485356375091587,8,239
4,CG,nw11,False,199.3439489926949,11.62,A,comparison_window,6.1,6.1,4.661416043183093,1.7947376959200163,0.04586201693953749,25,4,0.8686202542293677,0.7266035160203397,1.0949471858649111,0.9455533219339007,8,239
4,CG,nw11,False,199.3439489926949,11.62,A,full_record,6.1,6.1,4.448858335286256,2.0326172684811397,0.0418688829205365,25,4,0.879337018860308,0.7511839520819097,1.0839254494845552,0.9484457520353851,8,239
4,CG,nw11,False,199.3439489926949,11.62,A,comparison_window,6.2,6.2,4.664910531154506,1.7899443566186013,0.04510560197798501,25,4,0.8696899072229372,0.7294090066316601,1.0934321138349716,0.9455104897192376,8,239
4,CG,nw11,False,199.3439489926949,11.62,A,full_record,6.2,6.2,4.45083154329558,2.029507650570275,0.04114518939533655,25,4,0.8802564465326685,0.7536252096744109,1.0821589479758855,0.9483512412436266,8,239
4,CG,nw11,False,199.3439489926949,11.62,A,comparison_window,6.3,6.3,4.6682640516256555,1.7853387482960112,0.04437295596360699,25,4,0.8707852820443099,0.7323780044244789,1.0919049410165074,0.945462955789935,8,239
4,CG,nw11,False,199.3439489926949,11.62,A,full_record,6.3,6.3,4.4527083889213825,2.026537648976912,0.040445247672246526,25,4,0.881119401159325,0.7559016724170414,1.080396687885114,0.9482525150344477,8,239
4,CG,nw11,False,199.3439489926949,11.62,A,comparison_window,6.4,6.4,4.671484386995435,1.7809107102715132,0.043663010256355266,25,4,0.8718332291152335,0.7351952169505104,1.0903684633065276,0.9454110384199506,8,239
4,CG,nw11,False,199.3439489926949,11.62,A,full_record,6.4,6.4,4.454494885259736,2.0236989419638114,0.03976794523400797,25,4,0.8819272027336335,0.7580198620301388,1.078641116653496,0.9481499622070958,8,239
4,CG,nw11,False,199.3439489926949,11.62,A,comparison_window,6.5,6.5,4.674578784241088,1.7766507704976027,0.042974757268559,25,4,0.8728340408010496,0.737864589558934,1.0888252726346264,0.9453550418657672,8,239
4,CG,nw11,False,199.3439489926949,11.62,A,full_record,6.5,6.5,4.4561965915888555,2.020983816961872,0.03911223564821616,25,4,0.8826812751754091,0.7599862874850931,1.0768944592646605,0.9480439512377593,8,239
4,CG,nw11,False,199.3439489926949,11.62,A,comparison_window,6.6,6.6,4.67755399850134,1.7725500901973354,0.04230724632371672,25,4,0.8737881427936829,0.7403902227143689,1.0872777697347318,0.9452952567258162,8,239
4,CG,nw11,False,199.3439489926949,11.62,A,full_record,6.6,6.6,4.45781865325907,2.0183851182467762,0.038477133914037016,25,4,0.8833831286531619,0.7618074118412745,1.0751587341664752,0.9479348310656935,8,239
4,CG,nw11,False,199.3439489926949,11.62,A,comparison_window,6.7,6.7,4.680416332600776,1.7686004136002702,0.041659579833190394,25,4,0.8746960796765022,0.7427763347000504,1.0857281761561441,0.9452319603441228,8,239
4,CG,nw11,False,199.3439489926949,11.62,A,full_record,6.7,6.7,4.459365837606959,2.015896199730063,0.03786171217925864,25,4,0.8840343434883323,0.7634896241715803,1.0734357681115214,0.947822931876512,8,239
4,CG,nw11,False,199.3439489926949,11.62,A,comparison_window,6.8,6.8,4.683171672938371,1.7647940222528975,0.04103090976429792,25,4,0.8755585015592527,0.7450272288013122,1.0841785455503943,0.9451654172424923,8,239
4,CG,nw11,False,199.3439489926949,11.62,A,full_record,6.8,6.8,4.46084256633613,2.013510882308402,0.03726509579573632,25,4,0.8846365555288198,0.7650392159542772,1.0717272099878474,0.9477085658750746,8,239
4,CG,nw11,False,199.3439489926949,11.62,A,comparison_window,6.9,6.9,4.685825522113107,1.7611236934372514,0.04042043437562938,25,4,0.8763761517043058,0.7471472644860241,1.082630774271524,0.9450958795690327,8,239
4,CG,nw11,False,199.3439489926949,11.62,A,full_record,6.9,6.9,4.4622529447495385,2.0112234152807966,0.036686459684112264,25,4,0.885191442888559,0.7664623613838969,1.0700345437075487,0.9475920280426323,8,239
4,CG,nw11,False,199.3439489926949,11.62,A,comparison_window,7.0,7.0,4.688383028618627,1.7575826622848185,0.03982739519746003,25,4,0.8771498550736783,0.7491408321507913,1.0810866113276056,0.9450235875538375,8,239
4,CG,nw11,False,199.3439489926949,11.62,A,full_record,7.0,7.0,4.463600788174491,2.0090284414012123,0.03612502498132098,25,4,0.8857007139578333,0.7677651011190196,1.0683591002175303,0.9474735968746062,8,239
4,CG,nw11,False,199.3439489926949,11.62,A,comparison_window,7.1,7.1,4.69084901390294,1.7541645872172347,0.03925107423708298,25,4,0.8778805077332478,0.7510123310478136,1.0795476677212055,0.9449487699648874,8,239
4,CG,nw11,False,199.3439489926949,11.62,A,full_record,7.1,7.1,4.464889645880049,2.006920965184676,0.03558005594675465,25,4,0.886166096596011,0.7689533290424866,1.0667020686925142,0.9473535350966836,8,239
4,CG,nw11,False,199.3439489926949,11.62,A,comparison_window,7.2,7.2,4.693227997052745,1.7508635183869012,0.038690791390616895,25,4,0.8785690670568316,0.7527661500494479,1.078015425214713,0.9448716445590228,8,239
4,CG,nw11,False,199.3439489926949,11.62,A,full_record,7.2,7.2,4.4661228227519985,2.004896324128859,0.03505085710513633,25,4,0.8865893284243094,0.770032781659635,1.0650645069666096,0.9472320903578716,8,239
4,CG,nw11,False,199.3439489926949,11.62,A,comparison_window,7.3,7.3,4.695524217338621,1.7476738688247058,0.03814590204446272,25,4,0.8792165426780081,0.754406650944063,1.0764912445560375,0.9447924185243027,8,239
4,CG,nw11,False,199.3439489926949,11.62,A,full_record,7.3,7.3,4.467303398959236,2.002950162551133,0.03453677060612918,25,4,0.8869721481414055,0.7710090298041169,1.063447351255907,0.9471094958998111,8,239
4,CG,nw11,False,199.3439489926949,11.62,A,comparison_window,7.4,7.4,4.697741654827048,1.7445903880348128,0.03761579485101944,25,4,0.879823988142273,0.7559381539904069,1.074976373197715,0.9447112889111396,8,239
4,CG,nw11,False,199.3439489926949,11.62,A,full_record,7.4,7.4,4.468434247819409,2.001078407776035,0.034037173782502074,25,4,0.8873193921253644,0.7718995018689935,1.0618514252209132,0.9469859712021855,8,239
4,CG,nw11,False,199.3439489926949,11.62,A,comparison_window,7.5,7.5,4.69988404924691,1.7416081378027082,0.03709988966464842,25,4,0.880392493215896,0.7573649254864891,1.0734719525415044,0.9446284430504643,8,239
4,CG,nw11,False,199.3439489926949,11.62,A,full_record,7.5,7.5,4.469518052047632,1.999277248436635,0.033551476890296326,25,4,0.8876392591594117,0.7727321071955208,1.0602774484141078,0.9468617226044089,8,239
4,CG,nw11,False,199.3439489926949,11.62,A,comparison_window,7.6,7.6,4.701954917274944,1.7387224700085444,0.0365976356250282,25,4,0.8809231768114022,0.7586911671356438,1.0719790247381153,0.9445440589578394,8,239
4,CG,nw11,False,199.3439489926949,11.62,A,full_record,7.6,7.6,4.470557318551564,1.9975431146799376,0.03307912101593536,25,4,0.8879241137681257,0.773474559823343,1.05872604415469,0.9467369439039964,8,239
4,CG,nw11,False,199.3439489926949,11.62,A,comparison_window,7.7,7.7,4.703957568390356,1.7359290062584485,0.036108509376204495,25,4,0.8814171804923799,0.7599210070151646,1.0704985390704724,0.9444583057229112,8,239
4,CG,nw11,False,199.3439489926949,11.62,A,full_record,7.7,7.7,4.471554391917873,1.995872660089305,0.03261957613655048,25,4,0.8881755530812483,0.7741318075746243,1.0571977468694436,0.9466118169321782,8,239
4,CG,nw11,False,199.3439489926949,11.62,A,comparison_window,7.8,7.8,4.705895119430739,1.733223619166278,0.03563201341061277,25,4,0.8818756625228854,0.7610584919736931,1.069031357946824,0.9443713438840007,8,239
4,CG,nw11,False,199.3439489926949,11.62,A,full_record,7.8,7.8,4.472511466719135,1.994262745156842,0.03217233932101776,25,4,0.8883951509123487,0.7747086172269245,1.0556930089358398,0.9464865121074151,8,239
4,CG,nw11,False,199.3439489926949,11.62,A,comparison_window,7.9,7.9,4.707770507969807,1.7306024151351496,0.03516767452828001,25,4,0.8822997924288936,0.7621075813017577,1.0675782625284649,0.9442833257878843,8,239
4,CG,nw11,False,199.3439489926949,11.62,A,full_record,7.9,7.9,4.473430598757858,1.992710422157404,0.031736933060301724,25,4,0.8885844536345665,0.7752095745202265,1.0542122070610844,0.9463611889675956,8,239
4,CG,nw11,False,199.3439489926949,11.62,A,comparison_window,8.0,8.0,4.709586504623723,1.7280617185037337,0.03471504240223501,25,4,0.8826907460411207,0.7630721415360606,1.0661399580151634,0.94419439593502,8,239
4,CG,nw11,False,199.3439489926949,11.62,A,full_record,8.0,8.0,4.474313715347473,1.9912129212902208,0.03131290371672456,25,4,0.8887449766223368,0.7756390850739033,1.0527556482278477,0.9462359966815139,8,239
4,CG,nw1,False,227.62866691170893,11.62,A,comparison_window,0.5,0.5,2.6089291857058603,3.9979260096370357,0.05365656014625435,25,4,0.8031410686687247,0.5337663917658886,1.0735040523113384,0.8834557622386401,8,239
4,CG,nw1,False,227.62866691170893,11.62,A,full_record,0.5,0.5,2.83983269978062,3.7669887973666203,0.024448021481559685,25,4,0.7961021934599776,0.5448990944068894,1.0141083709611953,0.8752378333643441,8,239
4,CG,nw1,False,227.62866691170893,11.62,A,comparison_window,0.6,0.6,2.5006346074054013,4.1582304790342866,0.07622575902440812,25,4,0.8060180680323462,0.5229216396965506,1.093062500508255,0.8881170426614043,8,239
4,CG,nw1,False,227.62866691170893,11.62,A,full_record,0.6,0.6,2.7372427788401494,3.9255887754797048,0.04455546442396954,25,4,0.8054948797434578,0.543049337494673,1.067091007760883,0.885030880535895,8,239
4,CG,nw1,False,227.62866691170893,11.62,A,comparison_window,0.7,0.7,2.4182107019287633,4.288571513496673,0.09940495457880297,25,4,0.8110977454409689,0.5210250210498809,1.0975934506925527,0.8941015981585809,8,239
4,CG,nw1,False,227.62866691170893,11.62,A,full_record,0.7,0.7,2.651399231071246,4.066611035702849,0.06632977677329997,25,4,0.8106756390917903,0.53912798328581,1.0968889483768864,0.8915039868299863,8,239
4,CG,nw1,False,227.62866691170893,11.62,A,comparison_window,0.8,0.8,2.368039678533897,4.379919048099957,0.12216463189969157,25,4,0.8192033577653433,0.5359885455604032,1.0952670263331128,0.9022985609378722,8,239
4,CG,nw1,False,227.62866691170893,11.62,A,full_record,0.8,0.8,2.5889499620824545,4.180697465140057,0.0890153745645197,25,4,0.8156126411139797,0.5373025487289521,1.1067860903858378,0.8979382161063266,8,239
4,CG,nw1,False,227.62866691170893,11.62,A,comparison_window,0.9,0.9,2.3540974707145375,4.426023162459538,0.14341363676765598,25,4,0.8308698486367779,0.5648358031900499,1.0902698055764406,0.9120013266987863,8,239
4,CG,nw1,False,227.62866691170893,11.62,A,full_record,0.9,0.9,2.5555215061798986,4.259354960900535,0.11163171239468589,25,4,0.8229575920230252,0.5493214026951166,1.105953342383269,0.9060919787778269,8,239
4,CG,nw1,False,227.62866691170893,11.62,A,comparison_window,1.0,1.0,2.3771414229302072,4.424608439391708,0.16216264714117765,25,4,0.843431835038092,0.5997762021805886,1.0839385283339462,0.9221692953834351,8,239
4,CG,nw1,False,227.62866691170893,11.62,A,full_record,1.0,1.0,2.5546244746148434,4.296479419243667,0.13308769108218815,25,4,0.8341896069419312,0.5780303862044783,1.1004192521729008,0.9157460472257388,8,239
4,CG,nw1,False,227.62866691170893,11.62,A,comparison_window,1.1,1.1,2.4345807024362536,4.377735001387105,0.17767306488329188,25,4,0.855588906843889,0.6364946359219972,1.076519225394797,0.9319701529687101,8,239
4,CG,nw1,False,227.62866691170893,11.62,A,full_record,1.1,1.1,2.586867888535951,4.289582127294686,0.15234266230280163,25,4,0.8469566088017316,0.6138618079002018,1.0928853563502328,0.9258979834745963,8,239
4,CG,nw1,False,227.62866691170893,11.62,A,comparison_window,1.2,1.2,2.521073082802257,4.2912117472002915,0.1895463102620184,25,4,0.8664811258312266,0.6715375716119576,1.0682040941420408,0.9407741633594375,8,239
4,CG,nw1,False,227.62866691170893,11.62,A,full_record,1.2,1.2,2.649783000007422,4.2402766004769505,0.16856866746353755,25,4,0.8593339762502932,0.6508263764562217,1.0842707297721577,0.93558404987015,8,239
4,CG,nw1,False,227.62866691170893,11.62,A,comparison_window,1.3,1.3,2.629613123142742,4.173313583370051,0.1977333172287084,25,4,0.8756347432441831,0.7024888935148228,1.059407900536478,0.9480848966804112,8,239
4,CG,nw1,False,227.62866691170893,11.62,A,full_record,1.3,1.3,2.7383347274157974,4.153845920373836,0.18126336809071572,25,4,0.8702793826563467,0.685240751266595,1.074999648647894,0.9440906871601417,8,239
4,CG,nw1,False,227.62866691170893,11.62,A,comparison_window,1.4,1.4,2.7527357775876573,4.0332659829923525,0.20247545324757496,25,4,0.8828462272797026,0.7280012473187776,1.0506822469006742,0.9535648035982025,8,239
4,CG,nw1,False,227.62866691170893,11.62,A,full_record,1.4,1.4,2.8459264039173147,4.038076065958142,0.1902833391107365,25,4,0.8792410959396929,0.7147537600455937,1.065530150370105,0.9509303867145736,8,239
4,CG,nw1,False,227.62866691170893,11.62,A,comparison_window,1.5,1.5,2.8835079006063866,3.8799305127490014,0.20420824670248247,25,4,0.8880849192980145,0.7476101089806331,1.0425650926319243,0.9570847365981255,8,239
4,CG,nw1,False,227.62866691170893,11.62,A,full_record,1.5,1.5,2.9655441735061085,3.901790281277342,0.19580052476842874,25,4,0.8860107605835799,0.7382137486255302,1.056397847178081,0.9558318117687643,8,239
4,CG,nw1,False,227.62866691170893,11.62,A,comparison_window,1.6,1.6,3.016143635418291,3.720932950785488,0.20346126789762328,25,4,0.8915547309075419,0.7618441214062327,1.0354819220096625,0.9587269371843753,8,239
4,CG,nw1,False,227.62866691170893,11.62,A,full_record,1.6,1.6,3.09071355442264,3.7535311428514055,0.19821054867407742,25,4,0.8905983374039148,0.7553887780443223,1.0481099557798126,0.9587482976965254,8,239
4,CG,nw1,False,227.62866691170893,11.62,A,comparison_window,1.7,1.7,3.1462443548879326,3.562264458004844,0.2007766803465012,25,4,0.8935610320250227,0.7715447756671936,1.0297105381705443,0.9587367756148392,8,239
4,CG,nw1,False,227.62866691170893,11.62,A,full_record,1.7,1.7,3.2160939608206256,3.6006625042115687,0.1980287238928896,25,4,0.8931411560106433,0.7666359826982834,1.0410565351549,0.9598352955935145,8,239
4,CG,nw1,False,227.62866691170893,11.62,A,comparison_window,1.8,1.8,3.2707607061137627,3.408251620623844,0.19665510244971032,25,4,0.8936704368372481,0.7757911500666174,1.0253875661956084,0.9574519712652164,8,239
4,CG,nw1,False,227.62866691170893,11.62,A,full_record,1.8,1.8,3.3377034228888385,3.4489461708218,0.19580080331062535,25,4,0.8938455255029617,0.7726195434324923,1.0354770576230492,0.9593904986246955,8,239
4,CG,nw1,False,227.62866691170893,11.62,A,comparison_window,1.9,1.9,3.3877976728916464,3.2617491464073334,0.1915271828841414,25,4,0.8921301736632626,0.7754599742841998,1.0225341179509557,0.9552364224835221,8,239
4,CG,nw1,False,227.62866691170893,11.62,A,full_record,1.9,1.9,3.4528682245207563,3.302498898924547,0.19204088433377184,25,4,0.8929523798233149,0.7741169650748305,1.0314685160314718,0.9577805636777248,8,239
4,CG,nw1,False,227.62866691170893,11.62,A,comparison_window,2.0,2.0,3.496361914405597,3.1244280650879963,0.18574445068382403,25,4,0.889211487175458,0.7713888209212157,1.0210862278762793,0.952432168710218,8,239
4,CG,nw1,False,227.62866691170893,11.62,A,full_record,2.0,2.0,3.5600190206196194,3.163982436104315,0.1871968459988867,25,4,0.8907175529158923,0.7719072344974353,1.029013348073831,0.9553777151784463,8,239
4,CG,nw1,False,227.62866691170893,11.62,A,comparison_window,2.1,2.1,3.596114607784653,2.9970741574731825,0.1795822545769844,25,4,0.885525011419595,0.7651058799922539,1.0209229561477287,0.9493315980469952,8,239
4,CG,nw1,False,227.62866691170893,11.62,A,full_record,2.1,2.1,3.6584337839559398,3.034894435437748,0.18163732701212154,25,4,0.8873996048570642,0.7667169104741678,1.028012021372923,0.9525169003935071,8,239
4,CG,nw1,False,227.62866691170893,11.62,A,comparison_window,2.2,2.2,3.687161024118443,2.8798512831022736,0.17324892990589005,25,4,0.8812346423933533,0.7571127916586872,1.0218895241583859,0.9461661836750648,8,239
4,CG,nw1,False,227.62866691170893,11.62,A,full_record,2.2,2.2,3.747990878243096,2.915870529045116,0.17565268566423278,25,4,0.8832510366210643,0.7592004060656259,1.0283126381752077,0.9494736176411489,8,239
4,CG,nw1,False,227.62866691170893,11.62,A,comparison_window,2.3,2.3,3.769886413198115,2.7725126693457045,0.16689720723628965,25,4,0.8764678817792363,0.7477117469967911,1.0238150900965433,0.943106424402432,8,239
4,CG,nw1,False,227.62866691170893,11.62,A,full_record,2.3,2.3,3.8289625399853473,2.8069498354279245,0.1694634644431723,25,4,0.8785059602159292,0.749975206427981,1.0297348182259096,0.9464575407614886,8,239
4,CG,nw1,False,227.62866691170893,11.62,A,comparison_window,2.4,2.4,3.844835888422521,2.6745596697815976,0.1606355277685434,25,4,0.8713635519207678,0.7374185186559152,1.0265257122612392,0.9402682065221776,8,239
4,CG,nw1,False,227.62866691170893,11.62,A,full_record,2.4,2.4,3.901856956338683,2.707786319507812,0.16323182268160097,25,4,0.8733617138276214,0.7399240149115877,1.0320876002787618,0.9436161396303293,8,239
4,CG,nw1,False,227.62866691170893,11.62,A,comparison_window,2.5,2.5,3.912630959787305,2.5853551467666596,0.15453811238267687,25,4,0.8661161743696358,0.7267196873170427,1.0298533381820536,0.9377220607023018,8,239
4,CG,nw1,False,227.62866691170893,11.62,A,full_record,2.5,2.5,3.967305315553152,2.6178058418556964,0.15707321451539663,25,4,0.8680676423975681,0.729144716152339,1.0351821082637633,0.9410434862163259,8,239
4,CG,nw1,False,227.62866691170893,11.62,A,comparison_window,2.6,2.6,3.9739142685630573,2.5042009587340353,0.14865336756580821,25,4,0.8608998141136774,0.7157399624635685,1.0336416635420729,0.9355030371530583,8,239
4,CG,nw1,False,227.62866691170893,11.62,A,full_record,2.6,2.6,4.025985494417339,2.5363167121866725,0.1510669261231833,25,4,0.8627774641739036,0.7179974744358969,1.038839997899339,0.9387909166363785,8,239
4,CG,nw1,False,227.62866691170893,11.62,A,comparison_window,2.7,2.7,4.029314871989345,2.430388649004241,0.14301061679853205,25,4,0.8558299093944798,0.7047531464306485,1.0377496050765993,0.9336199026545022,8,239
4,CG,nw1,False,227.62866691170893,11.62,A,full_record,2.7,2.7,4.0785733301634055,2.4625838599467924,0.14526493494725745,25,4,0.8576204485737029,0.7067902145947045,1.0428986588803577,0.9368775385813005,8,239
4,CG,nw1,False,227.62866691170893,11.62,A,comparison_window,2.8,2.8,4.079427888820095,2.3632309566440535,0.13762533721980474,25,4,0.8509990956359356,0.6939887108437217,1.0420530052970307,0.9320630393226584,8,239
4,CG,nw1,False,227.62866691170893,11.62,A,full_record,2.8,2.8,4.125713531694467,2.3958761849008234,0.13969902851509844,25,4,0.8527007007475976,0.6957813794782233,1.0472140035096411,0.9352995390099638,8,239
4,CG,nw1,False,227.62866691170893,11.62,A,comparison_window,2.9,2.9,4.124803827071578,2.302080063769515,0.1325031482255849,25,4,0.8464779698771604,0.6836342888067211,1.0464450655885433,0.9308108490563399,8,239
4,CG,nw1,False,227.62866691170893,11.62,A,full_record,2.9,2.9,4.168003963395947,2.335494993382037,0.13438634975236,25,4,0.8480978830888958,0.6851827132722497,1.0516615126031739,0.934037874619705,8,239
4,CG,nw1,False,227.62866691170893,11.62,A,comparison_window,3.0,3.0,4.165944215295409,2.246336948086645,0.1276428005135461,25,4,0.842316862717029,0.6738385775490376,1.0508358983398234,0.9298347094803342,8,239
4,CG,nw1,False,227.62866691170893,11.62,A,full_record,3.0,3.0,4.205988673373098,2.280789574670998,0.12933362060999032,25,4,0.8438690591028349,0.6751623470335455,1.0561360651994243,0.9330642973473848,8,239
4,CG,nw1,False,227.62866691170893,11.62,A,comparison_window,3.1,3.1,4.2033011790170445,2.1954549562027097,0.12303838662259334,25,4,0.8385482433356067,0.6647146530282768,1.0551515000790266,0.929102648368115,8,239
4,CG,nw1,False,227.62866691170893,11.62,A,full_record,3.1,3.1,4.240156401159123,2.231164327849954,0.1245403045399899,25,4,0.8400512824672642,0.6658483136371321,1.060550957821177,0.9323458616389149,8,239
4,CG,nw1,False,227.62866691170893,11.62,A,comparison_window,3.2,3.2,4.237279361308028,2.148939759734114,0.1186809568625569,25,4,0.8351894249574063,0.6563436193318761,1.059332374838659,0.928581950041526,8,239
4,CG,nw1,False,227.62866691170893,11.62,A,full_record,3.2,3.2,4.270942341696484,2.1860805377006227,0.12000094205588119,25,4,0.836664570042,0.6573324802069782,1.0648364209099115,0.9318481446164799,8,239
4,CG,nw1,False,227.62866691170893,11.62,A,comparison_window,3.3,3.3,4.268239127809104,2.106347160117906,0.11455968750089862,25,4,0.832245309424387,0.648778467300636,1.063331978063525,0.9282409107548605,8,239
4,CG,nw1,False,227.62866691170893,11.62,A,full_record,3.3,3.3,4.298731697284375,2.1450549150272225,0.1157068551282057,25,4,0.8337149600800237,0.6496747891265786,1.0689378613363714,0.9315374302004301,8,239
4,CG,nw1,False,227.62866691170893,11.62,A,comparison_window,3.4,3.4,4.29650037296469,2.067279714366141,0.11066271540765595,25,4,0.8297109875889865,0.6420479986538079,1.0671151042190965,0.9280499411006808,8,239
4,CG,nw1,False,227.62866691170893,11.62,A,full_record,3.4,3.4,4.323864076357923,2.1076563095183585,0.11164737698301859,25,4,0.8311974374284786,0.6429076489698476,1.0728139972372768,0.931382093494264,8,239
4,CG,nw1,False,227.62866691170893,11.62,A,comparison_window,3.5,3.5,4.322346500320273,2.031382811518302,0.10697772635188071,25,4,0.8275740829198095,0.6361606774487438,1.0706563039895562,0.9279821847004418,8,239
4,CG,nw1,False,227.62866691170893,11.62,A,full_record,3.5,3.5,4.346638155909636,2.0735015091915754,0.10781072902408802,25,4,0.8290985862640148,0.6370403062420136,1.07643500199579,0.9313533907942242,8,239
4,CG,nw1,False,227.62866691170893,11.62,A,comparison_window,3.6,3.6,4.346028320646802,1.9983405961921679,0.10349236267006612,25,4,0.8258167823988442,0.6311082915480916,1.073938387960001,0.9280137912925128,8,239
4,CG,nw1,False,227.62866691170893,11.62,A,full_record,3.6,3.6,4.367316261743608,2.04225070308773,0.10418463770132155,25,4,0.8273988970826506,0.6320630453948374,1.0797807356638618,0.9314258243550905,8,239
4,CG,nw1,False,227.62866691170893,11.62,A,comparison_window,3.7,3.7,4.367767723605582,1.967871979199984,0.10019449938254249,25,4,0.8244175400139317,0.6268693351951751,1.0769510515505516,0.9281239528502838,8,239
4,CG,nw1,False,227.62866691170893,11.62,B,comparison_window,,2.861370813760655,4.107803903488772,2.3250294727764573,0.13445057915937048,25,4,0.8481841038127287,0.6875752118542016,1.0447440342513779,0.9312601630740114,8,239
4,CG,nw1,False,227.62866691170893,11.62,A,full_record,3.7,3.7,4.386128674738518,2.0136029579080956,0.10075676116097032,25,4,0.8260747043922216,0.6279510962167686,1.0828391126202763,0.9315772155865203,8,239
4,CG,nw1,False,227.62866691170893,11.62,B,full_record,,2.9800637732470117,4.19873538986754,2.291272144409151,0.13032014030289674,25,4,0.8446802401422955,0.6771071982967319,1.0552462568876895,0.9332369401134889,8,239
4,CG,nw1,False,227.62866691170893,11.62,A,comparison_window,3.8,3.8,4.387761050513927,1.939726872025778,0.09707242515071751,25,4,0.8233524653926378,0.623412053897389,1.0796896394822724,0.9282947854944478,8,239
4,CG,nw1,False,227.62866691170893,11.62,A,full_record,3.8,3.8,4.403277568869036,1.987291910661773,0.09751497771033145,25,4,0.8250997653013994,0.6246681648514671,1.0856046321643715,0.9317885886978763,8,239
4,CG,nw1,False,227.62866691170893,11.62,A,comparison_window,3.9,3.9,4.406182140735156,1.913682715150322,0.09411495491718731,25,4,0.8225964261338391,0.6206971206575601,1.082154056128463,0.9285111183840603,8,239
4,CG,nw1,False,227.62866691170893,11.62,A,full_record,3.9,3.9,4.41894054684206,1.9630817835088836,0.09444757458671688,25,4,0.8244465095740939,0.6221695407967653,1.0880770826751263,0.9320439401563853,8,239
4,CG,nw1,False,227.62866691170893,11.62,A,comparison_window,4.0,4.0,4.423185051413515,1.8895413279196946,0.09131149393828833,25,4,0.8221272071692838,0.6192982135895853,1.0843478198036895,0.9287602334431334,8,239
4,CG,nw1,False,227.62866691170893,11.62,A,full_record,4.0,4.0,4.433273774841034,1.9407637665313529,0.0915433653442296,25,4,0.8240032515737249,0.6204526987492607,1.0902604187097105,0.9323299478268182,8,239
4,CG,nw1,False,227.62866691170893,11.62,A,comparison_window,4.1,4.1,4.4389064658929085,1.8671260817015196,0.08865206762376893,25,4,0.8221746170325275,0.6193641746688401,1.0862772535623444,0.9290315862955062,8,239
4,CG,nw1,False,227.62866691170893,11.62,A,full_record,4.1,4.1,4.4464147377974905,1.9201527771882256,0.08879175659121512,25,4,0.8236783613688776,0.6195284246670347,1.0921618029310771,0.9326356569161933,8,239
4,CG,nw1,False,227.62866691170893,11.62,A,comparison_window,4.2,4.2,4.453467814356899,1.846279382874945,0.08612732768440362,25,4,0.822445065369344,0.6200042838336892,1.0879508017427588,0.929316528576855,8,239
4,CG,nw1,False,227.62866691170893,11.62,A,full_record,4.2,4.2,4.458484646636812,1.9010845835818175,0.08618277919862304,25,4,0.824087008194011,0.6205471769167492,1.0937908001489005,0.9329521671963699,8,239
4,CG,nw1,False,227.62866691170893,11.62,A,comparison_window,4.3,4.3,4.466977133773291,1.8268604439760865,0.08372854220475978,25,4,0.8229134766562859,0.6211568961003517,1.0893784597426637,0.9296080442733944,8,239
4,CG,nw1,False,227.62866691170893,11.62,A,full_record,4.3,4.3,4.469590532897783,1.8834132669067811,0.08370709496241953,25,4,0.8246972455417956,0.6220939221199326,1.0951587082925816,0.9332723366927872,8,239
4,CG,nw1,False,227.62866691170893,11.62,A,comparison_window,4.4,4.4,4.479530694931839,1.8087433175358298,0.08144757513910456,25,4,0.8235563564767029,0.6227628241095453,1.0905713038973779,0.9299005073439743,8,239
4,CG,nw1,False,227.62866691170893,11.62,A,full_record,4.4,4.4,4.479827066464902,1.8670089929348463,0.08135598666371692,25,4,0.8254836754097661,0.6241031702370812,1.096278010203753,0.9335905104103422,8,239
4,CG,nw1,False,227.62866691170893,11.62,A,comparison_window,4.5,4.5,4.491214423418258,1.7918151661184343,0.07927685917444091,25,4,0.8243518632956857,0.6247659504409712,1.091541108498725,0.9301894641280442,8,239
4,CG,nw1,False,227.62866691170893,11.62,A,full_record,4.5,4.5,4.489278130462317,1.851756060704207,0.07912133724312186,25,4,0.8264227829458358,0.6265131817487254,1.097161930261528,0.9339022781009476,8,239
4,CG,nw1,False,227.62866691170893,11.62,A,comparison_window,4.6,4.6,4.5021051395217135,1.775974742686432,0.07720936476752772,25,4,0.8252798239034729,0.62711362566124,1.0923000376668626,0.930471441518925,8,239
4,CG,nw1,False,227.62866691170893,11.62,A,full_record,4.6,4.6,4.498018184627557,1.8375511971713907,0.07699560217736828,25,4,0.8274929442212446,0.6292663836119021,1.097824080666987,0.9342042620447728,8,239
4,CG,nw1,False,227.62866691170893,11.62,A,comparison_window,4.7,4.7,4.512271639810132,1.7611310569615966,0.07523856733249942,25,4,0.8263217081344072,0.6297568950707269,1.0928604007660143,0.9307437802624456,8,239
4,CG,nw1,False,227.62866691170893,11.62,A,full_record,4.7,4.7,4.506113445319323,1.8243020684382785,0.07497177795825358,25,4,0.8286743884136291,0.6323095855448115,1.0982781834372062,0.9344939339021612,8,239
4,CG,nw1,False,227.62866691170893,11.62,A,comparison_window,4.8,4.8,4.521775640716571,1.7472022054591236,0.07335841395121483,25,4,0.8274605750809116,0.632650591421756,1.0932344611883007,0.9310044917687208,8,239
4,CG,nw1,False,227.62866691170893,11.62,A,full_record,4.8,4.8,4.513622907077733,1.8119259806498507,0.0730433687091286,25,4,0.8300215331427107,0.635805661659747,1.098537855591524,0.9347694585713026,8,239
4,CG,nw1,False,227.62866691170893,11.62,A,comparison_window,4.9,4.9,4.530672602135585,1.734114345055354,0.07156329053972649,25,4,0.8286810002412761,0.6357533252530787,1.0934342895140234,0.9312521363042003,8,239
4,CG,nw1,False,227.62866691170893,11.62,A,full_record,4.9,4.9,4.520599227557494,1.80034874637714,0.07120435234639579,25,4,0.8315946250292435,0.6399270858318524,1.098616446514184,0.9350295624116411,8,239
4,CG,nw1,False,227.62866691170893,11.62,A,comparison_window,5.0,5.0,4.539012446826385,1.7218007921317815,0.06984799008729654,25,4,0.8300963940971485,0.6393928754986715,1.0934716532207611,0.931485720216016,8,239
4,CG,nw1,False,227.62866691170893,11.62,A,full_record,5.0,5.0,4.527089494791821,1.7895036950164096,0.06944914723933458,25,4,0.8332223562421855,0.6441727929488721,1.098526917950785,0.9352734229820419,8,239
4,CG,nw1,False,227.62866691170893,11.62,A,comparison_window,5.1,5.1,4.546840189407988,1.7102012314179187,0.06820768235660675,25,4,0.8316372627861354,0.6433648975741356,1.0933579362126145,0.9317046098246425,8,239
4,CG,nw1,False,227.62866691170893,11.62,A,full_record,5.1,5.1,4.533135893174477,1.7793308083177009,0.06777257999445149,25,4,0.8348916343049688,0.6485075995767244,1.0982817584841076,0.935500577464411,8,239
4,CG,nw1,False,227.62866691170893,11.62,A,comparison_window,5.2,5.2,4.554196486925851,1.6992610205795762,0.06663788527143409,25,4,0.8332147217992786,0.6474150762080284,1.093104082449132,0.9319084597276512,8,239
4,CG,nw1,False,227.62866691170893,11.62,A,full_record,5.2,5.2,4.538776282268661,1.7697759645323807,0.06616985475634818,25,4,0.8365907415282626,0.6529002492570808,1.0978929256018348,0.9357108471042925,8,239
4,CG,nw1,False,227.62866691170893,11.62,A,comparison_window,5.3,5.3,4.561118121373124,1.6889305783431152,0.06513443810344302,25,4,0.8348186496727679,0.6515166715836205,1.0927205588576192,0.9320971534340391,8,239
4,CG,nw1,False,227.62866691170893,11.62,A,full_record,5.3,5.3,4.544044700561436,1.7607902768130104,0.06463652425068676,25,4,0.8383092268821667,0.6573231302599878,1.0973718095996003,0.9359042752362149,8,239
4,CG,nw1,False,227.62866691170893,11.62,A,comparison_window,5.4,5.4,4.567638423146341,1.6791648455047055,0.06369347649001571,25,4,0.8364399867892909,0.6556459594401496,1.0922173335101075,0.9322707544586823,8,239
4,CG,nw1,False,227.62866691170893,11.62,A,full_record,5.4,5.4,4.548971804555677,1.7523295134029064,0.06316846267789625,25,4,0.84003780136308,0.6617519873981348,1.0967292145536796,0.9360810767304272,8,239
4,CG,nw1,False,227.62866691170893,11.62,A,comparison_window,5.5,5.5,4.5737876431942786,1.6699228095531677,0.062311409260631015,25,4,0.8380706486741197,0.659781995821253,1.091603865738935,0.9324294662266194,8,239
4,CG,nw1,False,227.62866691170893,11.62,A,full_record,5.5,5.5,4.553585252102504,1.7443535888283304,0.06176184048522864,25,4,0.8417682382536761,0.6661656364368399,1.0959753524530946,0.9362415969716763,8,239
4,CG,nw1,False,227.62866691170893,11.62,A,comparison_window,5.6,5.6,4.579593280559975,1.6611670848467084,0.060984897013288776,25,4,0.8397034437965715,0.6639063858132821,1.0908891054604104,0.9325735993518861,8,239
4,CG,nw1,False,227.62866691170893,11.62,A,full_record,5.6,5.6,4.557910037599769,1.736826116768973,0.060413100989850844,25,4,0.8434932791303451,0.6705456871639142,1.095119847310263,0.9363862787432977,8,239
4,CG,nw1,False,227.62866691170893,11.62,A,comparison_window,5.7,5.7,4.585080371099159,1.6528635413425854,0.05971083235966614,25,4,0.8413319963637906,0.668003060290731,1.0900814994814199,0.9327035450567934,8,239
4,CG,nw1,False,227.62866691170893,11.62,A,full_record,5.7,5.7,4.561968785587798,1.7297140165528244,0.05911893878949748,25,4,0.8452065460693159,0.674876279238674,1.0941717466842227,0.9365156356316785,8,239
4,CG,nw1,False,227.62866691170893,11.62,A,comparison_window,5.8,5.8,4.590271742369033,1.6449809758007263,0.05848632174432712,25,4,0.8429506743291885,0.6720580633811535,1.0891890029902251,0.9328197536802597,8,239
4,CG,nw1,False,227.62866691170893,11.62,A,full_record,5.8,5.8,4.565782008338947,1.7229871663207723,0.05787627987458678,25,4,0.8469024602094237,0.6791438334334433,1.0931395385645655,0.9366302307827188,8,239
4,CG,nw1,False,227.62866691170893,11.62,A,comparison_window,5.9,5.9,4.595188239001663,1.6374908201830178,0.05730866873665051,25,4,0.8445545226464611,0.6760593523504401,1.088219094788597,0.9329227173863353,8,239
4,CG,nw1,False,227.62866691170893,11.62,A,full_record,5.9,5.9,4.569368332240212,1.7166180968551128,0.056682263342645554,25,4,0.8485761666211451,0.6833368197363364,1.0920311719895388,0.9367306600321225,8,239
4,CG,nw1,False,227.62866691170893,11.62,A,comparison_window,6.0,6.0,4.599848922291811,1.6303668826626776,0.056175358692136496,25,4,0.8461392016650784,0.6799966108380886,1.0871787951176166,0.933012956326073,8,239
4,CG,nw1,False,227.62866691170893,11.62,A,full_record,6.0,6.0,4.572744697086957,1.7105817208833456,0.055534224609636015,25,4,0.850223465288183,0.6874455429313394,1.090854080121532,0.9368175385956139,8,239
4,CG,nw1,False,227.62866691170893,11.62,A,comparison_window,6.1,6.1,4.604271247225148,1.6235851172595341,0.05508404468091468,25,4,0.8476952164378857,0.683888681979546,1.086074685172631,0.9330910076287426,8,239
4,CG,nw1,False,227.62866691170893,11.62,A,full_record,6.1,6.1,4.575926531827197,1.704855093371458,0.05442968001118262,25,4,0.8518400204702464,0.6914658448032557,1.0896152047885304,0.9368914906456585,8,239
4,CG,nw1,False,227.62866691170893,11.62,A,comparison_window,6.2,6.2,4.6084712197425475,1.6171234186355141,0.054032534584603095,25,4,0.849182960289739,0.6878676615088805,1.0849129276019274,0.9331574167033299,8,239
4,CG,nw1,False,227.62866691170893,11.62,A,full_record,6.2,6.2,4.578927909799826,1.6994171989262445,0.053366312688316146,25,4,0.8533799040361633,0.6955855179032788,1.0883210217309083,0.9369531412199467,8,239
4,CG,nw1,False,227.62866691170893,11.62,A,comparison_window,6.3,6.3,4.612463536662549,1.6109614390336273,0.05301877926729427,25,4,0.8506364115272909,0.6917236382714866,1.0836992874451248,0.9332127304202484,8,239
4,CG,nw1,False,227.62866691170893,11.62,A,full_record,6.3,6.3,4.58176168608878,1.6942487629456147,0.052341959656039445,25,4,0.8548786874206746,0.6995625540673276,1.0869775659786751,0.9370031100066453,8,239
4,CG,nw1,False,227.62866691170893,11.62,A,comparison_window,6.4,6.4,4.616261710365938,1.6050804247325154,0.052040861731876414,25,4,0.8520533153695508,0.6954534833326101,1.0824391530981912,0.9332574918183716,8,239
4,CG,nw1,False,227.62866691170893,11.62,A,full_record,6.4,6.4,4.584439619253872,1.6893320836029193,0.05135459995805969,25,4,0.8563343529417774,0.7033948758539572,1.0855904569325172,0.9370420066344771,8,239
4,CG,nw1,False,227.62866691170893,11.62,A,comparison_window,6.5,6.5,4.619878180071193,1.599463069723639,0.05109698717873814,25,4,0.8534317871977634,0.6990550185885303,1.0811375569965136,0.9332922360452196,8,239
4,CG,nw1,False,227.62866691170893,11.62,A,full_record,6.5,6.5,4.586972479392045,1.6846508821365715,0.05040234381677601,25,4,0.8577452688804867,0.7070813621659275,1.0841649228393537,0.937070427164727,8,239
4,CG,nw1,False,227.62866691170893,11.62,A,comparison_window,6.6,6.6,4.623324411290641,1.5940933846093472,0.05018547388984493,25,4,0.8547702782256734,0.7025269011065134,1.0797991957909479,0.933317487290645,8,239
4,CG,nw1,False,227.62866691170893,11.62,A,full_record,6.6,6.6,4.58937014421797,1.680190169246365,0.04948342269376823,25,4,0.8591101517528156,0.710621722577463,1.082705824445353,0.9370889515391181,8,239
4,CG,nw1,False,227.62866691170893,11.62,A,comparison_window,6.7,6.7,4.626610984855672,1.5889565789713735,0.04930474486707044,25,4,0.8560675440600326,0.7058685192339282,1.0784284498578935,0.9333337565179225,8,239
4,CG,nw1,False,227.62866691170893,11.62,A,full_record,6.7,6.7,4.59164168462784,1.6759361256840593,0.04859618018223,25,4,0.8604280318603169,0.7140163852842012,1.081217677681325,0.9370981417843887,8,239
4,CG,nw1,False,227.62866691170893,11.62,A,comparison_window,6.8,6.8,4.629747676720722,1.584038955677533,0.04845332015935544,25,4,0.8573734021077007,0.709311262004217,1.0770294020361095,0.9333415398322124,8,239
4,CG,nw1,False,227.62866691170893,11.62,A,full_record,6.8,6.8,4.593795441016506,1.6718759953710092,0.047739063658926044,25,4,0.8617107694255186,0.717320868797936,1.0797046752905815,0.9370985408127243,8,239
4,CG,nw1,False,227.62866691170893,11.62,A,comparison_window,6.9,6.9,4.632743529603499,1.5793278157834596,0.04762980981869404,25,4,0.858658536161115,0.712712971092394,1.0756058555230157,0.9333413173560465,8,239
4,CG,nw1,False,227.62866691170893,11.62,A,full_record,6.9,6.9,4.5958390914507214,1.667997989588598,0.04691061662913597,25,4,0.8630117453614655,0.7207613255351142,1.0781707073516686,0.9370906716885593,8,239
4,CG,nw1,False,227.62866691170893,11.62,A,comparison_window,7.0,7.0,4.635606917387738,1.5748113728507356,0.04683290743004546,25,4,0.8598975639466684,0.7159603764182441,1.0741613508944259,0.9333335525061061,8,239
4,CG,nw1,False,227.62866691170893,11.62,A,full_record,7.0,7.0,4.597779712660328,1.664291200969949,0.04610947170365847,25,4,0.8642615680471628,0.7240341046519057,1.0766193806801354,0.9370750372578299,8,239
4,CG,nw1,False,227.62866691170893,11.62,A,comparison_window,7.1,7.1,4.638345603100478,1.570478675644863,0.046061384165055334,25,4,0.8610900989730108,0.7190561006401779,1.0726991822347514,0.9333186915855447,8,239
4,CG,nw1,False,227.62866691170893,11.62,A,full_record,7.1,7.1,4.599623834683302,1.6607455261808892,0.045334344152200876,25,4,0.8654601281219193,0.7271428624491922,1.0750540371166704,0.9370521200564547,8,239
4,CG,nw1,False,227.62866691170893,11.62,A,comparison_window,7.2,7.2,4.640966791174465,1.5663195383021518,0.04531408331385855,25,4,0.8622359462968768,0.7220030946768543,1.0712224123823793,0.9332971636226574,8,239
4,CG,nw1,False,227.62866691170893,11.62,A,full_record,7.2,7.2,4.601377489897243,1.6573515963152088,0.04458402598236813,25,4,0.8666075089334199,0.7300915429112644,1.0734777707261056,0.9370223824317432,8,239
4,CG,nw1,False,227.62866691170893,11.62,A,comparison_window,7.3,7.3,4.643477174624074,1.5623244771612916,0.04458991525333668,25,4,0.8633350842676724,0.7248045825123299,1.0697338873076105,0.9332693804001438,8,239
4,CG,nw1,False,227.62866691170893,11.62,A,full_record,7.3,7.3,4.603046257074663,1.6541007141485282,0.04385738049801066,25,4,0.8677039667270676,0.7328843210566964,1.0718934439430632,0.9369862668239097,8,239
4,CG,nw1,False,227.62866691170893,11.62,A,comparison_window,7.4,7.4,4.645882977683759,1.5584846535509875,0.043887852813924016,25,4,0.8643876476500246,0.7274640123244809,1.0682362496494942,0.9332357366301438,8,239
4,CG,nw1,False,227.62866691170893,11.62,A,full_record,7.4,7.4,4.60463530102459,1.6509847974988638,0.04315333729483639,25,4,0.8687499123762765,0.7355255531949221,1.070303702708648,0.9369441961660026,8,239
4,CG,nw1,False,227.62866691170893,11.62,A,comparison_window,7.5,7.5,4.648189994396655,1.5547918219071823,0.04320692701048396,25,4,0.8653939120076471,0.7299850132608616,1.0667319514443023,0.9331966102392667,8,239
4,CG,nw1,False,227.62866691170893,11.62,A,full_record,7.5,7.5,4.606149408308673,1.647996328032309,0.04247088765501825,25,4,0.8697458945236848,0.7380197333111687,1.0687109906463723,0.9368965743692558,8,239
4,CG,nw1,False,227.62866691170893,11.62,A,comparison_window,7.6,7.6,4.65040362358045,1.5512382826653992,0.04254622310590832,25,4,0.8663542792445399,0.732371357255758,1.065223266081946,0.9331523627349625,8,239
4,CG,nw1,False,227.62866691170893,11.62,A,full_record,7.6,7.6,4.6075930194654235,1.6451283049298688,0.04180908030603424,25,4,0.8706925840176202,0.7403714548872948,1.0671175623291271,0.9368437868680641,8,239
4,CG,nw1,False,227.62866691170893,11.62,A,comparison_window,7.7,7.7,4.65252890055182,1.5478168394372935,0.04190487697892457,25,4,0.8672692642109645,0.7346269253457531,1.063712299529324,0.9331033396306305,8,239
4,CG,nw1,False,227.62866691170893,11.62,A,full_record,7.7,7.7,4.608970258121539,1.6423742029012995,0.04116701751212462,25,4,0.871590759541179,0.7425853775440179,1.065525495689173,0.9367862012044619,8,239
4,CG,nw1,False,227.62866691170893,11.62,A,comparison_window,7.8,7.8,4.654570525942564,1.5445207600355149,0.041282071770200796,25,4,0.8681394822917079,0.7367556779988822,1.062201000860004,0.9330498709114327,8,239
4,CG,nw1,False,227.62866691170893,11.62,A,full_record,7.8,7.8,4.61028495732403,1.6397279340900706,0.04054385146967899,25,4,0.8724412943424067,0.7446661979587902,1.063936703623022,0.9367241676364463,8,239
4,CG,nw1,False,227.62866691170893,11.62,A,comparison_window,7.9,7.9,4.656532891907316,1.5413437409600965,0.04067703478317253,25,4,0.8689656379031362,0.738761629024564,1.0606911721301435,0.9329922715268306,8,239
4,CG,nw1,False,227.62866691170893,11.62,A,full_record,7.9,7.9,4.611540683389118,1.6371838134670955,0.03993878098047335,25,4,0.8732451439840169,0.7466186245756646,1.0623529448418645,0.93665801975821,8,239
4,CG,nw1,False,227.62866691170893,11.62,A,comparison_window,8.0,8.0,4.658420105985002,1.5382798750019018,0.040089034618167554,25,4,0.869748513833308,0.7406488226783179,1.0591844776394006,0.9329308418987651,8,239
4,CG,nw1,False,227.62866691170893,11.62,A,full_record,8.0,8.0,4.612740757528197,1.6347365273559777,0.039351048379066944,25,4,0.8740033350395994,0.7484473556784241,1.0607758340163265,0.9365880751231461,8,239
4,CG,nw2,False,262.3753860178265,11.62,A,comparison_window,0.5,0.5,2.6602132862391272,4.141142945062478,0.19270660296615566,25,4,0.874239736818499,0.700040982171475,1.0610080405778075,0.9474196322913642,8,239
4,CG,nw2,False,262.3753860178265,11.62,A,full_record,0.5,0.5,2.750902788502616,4.087172599004843,0.17397804753815335,25,4,0.8673106894963616,0.6818061053173812,1.0732125702361104,0.9431006649842741,8,239
4,CG,nw2,False,262.3753860178265,11.62,A,comparison_window,0.6,0.6,2.7790127653679493,4.006341819764189,0.19841061249397562,25,4,0.8817722984014169,0.7260738779374315,1.0521051015622513,0.9530297205166363,8,239
4,CG,nw2,False,262.3753860178265,11.62,A,full_record,0.6,0.6,2.853418522620579,3.9748297762672493,0.18331839862542015,25,4,0.8763237022994953,0.7110006596352283,1.063679571322561,0.9497817457600466,8,239
4,CG,nw2,False,262.3753860178265,11.62,A,comparison_window,0.7,0.7,2.906731832511756,3.8572896828184766,0.20101700333520536,25,4,0.8872858689857996,0.7461583120576267,1.0438295812303162,0.9566668281509667,8,239
4,CG,nw2,False,262.3753860178265,11.62,A,full_record,0.7,0.7,2.9684302696402307,3.842715319538343,0.18921868275140014,25,4,0.8831717292420665,0.7342267230793245,1.054616806211716,0.9544845011324078,8,239
4,CG,nw2,False,262.3753860178265,11.62,A,comparison_window,0.8,0.8,3.0374166346240283,3.70169792089826,0.20105571147869755,25,4,0.89085947947282,0.7604347367049272,1.036587669507609,0.9584192255680298,8,239
4,CG,nw2,False,262.3753860178265,11.62,A,full_record,0.8,0.8,3.089566878175647,3.6990848977672615,0.19205800214322963,25,4,0.8878440231245807,0.7512355190390662,1.0464811405697925,0.9572051881929039,8,239
4,CG,nw2,False,262.3753860178265,11.62,A,comparison_window,0.9,0.9,3.1665034975240736,3.54563979124436,0.19907159874212943,25,4,0.8928799707416677,0.7700836703515597,1.0306479361278846,0.9585321180379712,8,239
4,CG,nw2,False,262.3753860178265,11.62,A,full_record,0.9,0.9,3.211544513767289,3.5510274001675106,0.19233318359337653,25,4,0.8904706524515192,0.762377113572738,1.039621443271526,0.9581334413310135,8,239
4,CG,nw2,False,262.3753860178265,11.62,A,comparison_window,1.0,1.0,3.2907869414785424,3.3935241460621572,0.1955695011704841,25,4,0.893250405052458,0.7749008227622646,1.026143836561499,0.9573393020053205,8,239
4,CG,nw2,False,262.3753860178265,11.62,A,full_record,1.0,1.0,3.3303918113048705,3.404076164560251,0.19057229138614276,25,4,0.8912585780034513,0.7683133715882471,1.0342472249220196,0.957585680403648,8,239
4,CG,nw2,False,262.3753860178265,11.62,A,comparison_window,1.1,1.1,3.408228450010546,3.248289321194185,0.19098532601525103,25,4,0.8919358144290472,0.7750604402805708,1.023097249840386,0.955199487226977,8,239
4,CG,nw2,False,262.3753860178265,11.62,A,full_record,1.1,1.1,3.4434077901880102,3.2621802547478285,0.18727441195834554,25,4,0.8904531751015399,0.7698213667538948,1.0304352051743126,0.9559331578447133,8,239
4,CG,nw2,False,262.3753860178265,11.62,A,comparison_window,1.2,1.2,3.517706139130568,3.111690130135297,0.18567654667017403,25,4,0.8892087815988942,0.771406317344026,1.0214476849869896,0.9524500770925631,8,239
4,CG,nw2,False,262.3753860178265,11.62,A,full_record,1.2,1.2,3.5489697614965365,3.127893460803824,0.18287595049075606,25,4,0.888315549705557,0.7676796456054054,1.028155109325179,0.953542903990412,8,239
4,CG,nw2,False,262.3753860178265,11.62,A,comparison_window,1.3,1.3,3.6187687838090405,2.9845938791805953,0.17992482929704529,25,4,0.8856385132691368,0.7653741767513977,1.0210794928359817,0.9493804141556317,8,239
4,CG,nw2,False,262.3753860178265,11.62,A,full_record,1.3,1.3,3.6462879412003155,3.0026556665467035,0.17773765848943776,25,4,0.8851084536710501,0.7626131148591264,1.0273003832938004,0.9507393791420353,8,239
4,CG,nw2,False,262.3753860178265,11.62,A,comparison_window,1.4,1.4,3.7114255436737755,2.8672412012704918,0.1739449207911942,25,4,0.88141248273915,0.757517011142732,1.0218442368684673,0.9462208952356587,8,239
4,CG,nw2,False,262.3753860178265,11.62,A,full_record,1.4,1.4,3.7351680017614255,2.8870824690167907,0.17214515471646116,25,4,0.8810865071947006,0.7552726852935202,1.027716301724685,0.9477857927761731,8,239
4,CG,nw2,False,262.3753860178265,11.62,A,comparison_window,1.5,1.5,3.7959811491912907,2.7594554303927716,0.16789582561208674,25,4,0.8766794390293253,0.7481880239730064,1.0235777918172315,0.943142825559626,8,239
4,CG,nw2,False,262.3753860178265,11.62,A,full_record,1.5,1.5,3.8158111926959277,2.781218771427763,0.16631674406664745,25,4,0.8764886917027257,0.7462323950748628,1.029222664723079,0.9448799944860488,8,239
4,CG,nw2,False,262.3753860178265,11.62,A,comparison_window,1.6,1.6,3.8729144923824603,2.660800242330491,0.16189194703424056,25,4,0.8715687266648632,0.7380904691989943,1.0261127358970246,0.9402644227813862,8,239
4,CG,nw2,False,262.3753860178265,11.62,A,full_record,1.6,1.6,3.8886604363318833,2.684740348702527,0.16041418601920734,25,4,0.8714950451845057,0.7364048291267462,1.0316307515520047,0.9421593212700192,8,239
4,CG,nw2,False,262.3753860178265,11.62,A,comparison_window,1.7,1.7,3.9427935282131905,2.5706926602964595,0.15601304047547054,25,4,0.8663081458698733,0.7273961082205849,1.0292868969139009,0.937659602131112,8,239
4,CG,nw2,False,262.3753860178265,11.62,A,full_record,1.7,1.7,3.954289363683107,2.5971035965131373,0.15455378941639195,25,4,0.866359258251463,0.7259080015141894,1.0347552291293334,0.9397098860711075,8,239
4,CG,nw2,False,262.3753860178265,11.62,A,comparison_window,1.8,1.8,4.006218256849035,2.4884807303585514,0.150312555228932,25,4,0.8610441194116814,0.7163480562751774,1.0329489048361198,0.9353673760367729,8,239
4,CG,nw2,False,262.3753860178265,11.62,A,full_record,1.8,1.8,4.01332659338996,2.5176510385631565,0.148816484302665,25,4,0.8612341548982294,0.7150672033932244,1.0384220017053971,0.9375772534786441,8,239
4,CG,nw2,False,262.3753860178265,11.62,A,comparison_window,1.9,1.9,4.0637842909516815,2.4134947677411063,0.1448243424432054,25,4,0.8558916998056146,0.7052153489769984,1.0369614885488105,0.933400637460658,8,239
4,CG,nw2,False,262.3753860178265,11.62,A,full_record,1.9,1.9,4.06640673944924,2.445682239848793,0.1432563340991692,25,4,0.8562441483571801,0.7041799520408281,1.0424729563770423,0.9357767041973286,8,239
4,CG,nw2,False,262.3753860178265,11.62,A,comparison_window,2.0,2.0,4.116060915675514,2.345079626953071,0.13956789784835744,25,4,0.850944421462879,0.6942251364163864,1.0412031173565264,0.9317537374682386,8,239
4,CG,nw2,False,262.3753860178265,11.62,A,full_record,2.0,2.0,4.114140598088606,2.3804992079478757,0.13790740947839017,25,4,0.8514887597050154,0.6934947531897624,1.046768417452998,0.9343021889108027,8,239
4,CG,nw2,False,262.3753860178265,11.62,A,comparison_window,2.1,2.1,4.163579012215912,2.2826137859141884,0.13455237584284319,25,4,0.8462749297807821,0.683565314689548,1.045568460766197,0.9304086673320939,8,239
4,CG,nw2,False,262.3753860178265,11.62,A,full_record,2.1,2.1,4.157098510580962,2.321433780192561,0.13278916943596716,25,4,0.8470436822620624,0.6832143457278519,1.051187962690825,0.9331336448586872,8,239
4,CG,nw2,False,262.3753860178265,11.62,A,comparison_window,2.2,2.2,4.206825482404496,2.2255195303215007,0.12977961545025996,25,4,0.8419365244920178,0.6733873309348499,1.049968032704826,0.929339882557265,8,239
4,CG,nw2,False,262.3753860178265,11.62,A,full_record,2.2,2.2,4.195802434906228,2.267862739289864,0.1279105808272758,25,4,0.842962811377991,0.6734991128004724,1.05563010983078,0.9322426779786178,8,239
4,CG,nw2,False,262.3753860178265,11.62,A,comparison_window,2.3,2.3,4.246241811183646,2.1732673046467688,0.12524639329447712,25,4,0.8379652972645989,0.6638092217628935,1.054327299104631,0.928517919893058,8,239
4,CG,nw2,False,262.3753860178265,11.62,A,full_record,2.3,2.3,4.2307235506343455,2.21921484441389,0.12327321962997673,25,4,0.8392808902091262,0.6644707845316176,1.060011261404966,0.931596780857795,8,239
4,CG,nw2,False,262.3753860178265,11.62,A,comparison_window,2.4,2.4,4.282225149496398,2.125376366697217,0.12094608341958223,25,4,0.8343825721534353,0.6549188699122471,1.05858545823936,0.9279120024869434,8,239
4,CG,nw2,False,262.3753860178265,11.62,A,full_record,2.4,2.4,4.262283216629076,2.1749727239664787,0.11887357471874162,25,4,0.8360164463819492,0.6562164333036096,1.0642641988432753,0.9311623242218149,8,239
4,CG,nw2,False,262.3753860178265,11.62,A,comparison_window,2.5,2.5,4.315130836254612,2.0814132025009835,0.11686986819914018,25,4,0.8311974141687404,0.6467774112001867,1.0626940482765832,0.9274918325870402,8,239
4,CG,nw2,False,262.3753860178265,11.62,A,full_record,2.5,2.5,4.290855827864209,2.134671645507768,0.11470473994334414,25,4,0.8331747559758867,0.648792674949489,1.0683363400353747,0.9309065699850719,8,239
4,CG,nw2,False,262.3753860178265,11.62,A,comparison_window,2.6,2.6,4.345275653278284,2.0409886743932146,0.11300761298215332,25,4,0.8284090364048861,0.6394226963188796,1.0666154934511414,0.9272287546824597,8,239
4,CG,nw2,False,262.3753860178265,11.62,A,full_record,2.6,2.6,4.31677262896459,2.0978965079545455,0.11075764397021795,25,4,0.8307506457695705,0.6422299436192096,1.072187914117503,0.9307989343890737,8,239
4,CG,nw2,False,262.3753860178265,11.62,A,comparison_window,2.7,2.7,4.372941364267155,2.003754538148805,0.1093484908634543,25,4,0.8260089971762151,0.6328727058637639,1.0703216667689288,0.9270964463419494,8,239
4,CG,nw2,False,262.3753860178265,11.62,A,full_record,2.7,2.7,4.340325892009604,2.064277931995994,0.10702193468403283,25,4,0.8287310156818197,0.636536697616255,1.0757901602184126,0.9308116971352114,8,239
4,CG,nw2,False,262.3753860178265,11.62,A,comparison_window,2.8,2.8,4.398378261994003,1.9693997342573006,0.10588142299268041,25,4,0.8239831289515838,0.6271288258799972,1.0737925213641668,0.9270712660441374,8,239
4,CG,nw2,False,262.3753860178265,11.62,A,full_record,2.8,2.8,4.361773100205137,2.033488003628158,0.10348660765065103,25,4,0.8270970220806136,0.6317034272304825,1.0791236206945152,0.9309203163102618,8,239
4,CG,nw2,False,262.3753860178265,11.62,A,comparison_window,2.9,2.9,4.421808562502137,1.9376467028343258,0.10259538350742448,25,4,0.822313178585896,0.6221789088997025,1.0770148230591916,0.9271323606606319,8,239
4,CG,nw2,False,262.3753860178265,11.62,A,full_record,2.9,2.9,4.381340932369433,2.0052360101261533,0.10014044629707555,25,4,0.8258259062760741,0.627706362840368,1.0821765719659957,0.9311034744969123,8,239
4,CG,nw2,False,262.3753860178265,11.62,A,comparison_window,3.0,3.0,4.4434295595950974,1.9082478682974873,0.09947960568018453,25,4,0.8209781641453384,0.6180000667751624,1.0799810020902065,0.9272616117247252,8,239
4,CG,nw2,False,262.3753860178265,11.62,A,full_record,3.0,3.0,4.399228941496996,1.9792643655603657,0.09697232445453251,25,4,0.8248924818033564,0.6245108138172457,1.0849436157476284,0.9313429512330065,8,239
4,CG,nw2,False,262.3753860178265,11.62,A,comparison_window,3.1,3.1,4.463416500329027,1.8809823723865144,0.09652371641775012,25,4,0.8199554695406227,0.614561162919854,1.0826881313533476,0.9274434798317253,8,239
4,CG,nw2,False,262.3753860178265,11.62,A,full_record,3.1,3.1,4.415612882147281,1.955344830889471,0.09397140890804197,25,4,0.8242703115211877,0.6220741001889891,1.0874244388355623,0.9316233918044912,8,239
4,CG,nw2,False,262.3753860178265,11.62,A,comparison_window,3.2,3.2,4.481925171576767,1.855653090838183,0.09371781916203988,25,4,0.8192217066082865,0.6118249905684148,1.085137031051282,0.9276647904729479,8,239
4,CG,nw2,False,262.3753860178265,11.62,A,full_record,3.2,3.2,4.430647678616523,1.933275075354385,0.09112728978032159,25,4,0.8237977869677225,0.6204196648134761,1.0896227394672775,0.9319320222039074,8,239
4,CG,nw2,False,262.3753860178265,11.62,A,comparison_window,3.3,3.3,4.499094205196088,1.8320839420375798,0.0910525399537456,25,4,0.8189455165974444,0.6107668393835841,1.0873314945823591,0.9279144919747601,8,239
4,CG,nw2,False,262.3753860178265,11.62,A,full_record,3.3,3.3,4.444470047319875,1.9128755900258836,0.08843005923304158,25,4,0.8236392498935571,0.6199053045371594,1.0915453116048548,0.9322583444751897,8,239
4,CG,nw2,False,262.3753860178265,11.62,A,comparison_window,3.4,3.4,4.515047119067101,1.81011747977186,0.08851904749245279,25,4,0.818969302508849,0.6107143464716681,1.0892776273336056,0.9281834065234227,8,239
4,CG,nw2,False,262.3753860178265,11.62,A,full_record,3.4,3.4,4.45720079823869,1.893986943200193,0.08587035350626866,25,4,0.824045962964149,0.6208844399129045,1.093201274456646,0.9325938349199541,8,239
4,CG,nw2,False,262.3753860178265,11.62,A,comparison_window,3.5,3.5,4.529894116072716,1.789612753082737,0.08610905511802257,25,4,0.8192024419009422,0.6112088143380401,1.0909832882456056,0.928463987998466,8,239
4,CG,nw2,False,262.3753860178265,11.62,A,full_record,3.5,3.5,4.468946845455694,1.8764673556826639,0.08343936927267447,25,4,0.8246486123430584,0.6223774019007535,1.094601432457025,0.9329316590465176,8,239
4,CG,nw2,False,262.3753860178265,11.62,A,comparison_window,3.6,3.6,4.543733664824065,1.7704434116343681,0.08381481048832565,25,4,0.8196222794629261,0.6121942877954789,1.0924576232311762,0.9287500950299102,8,239
4,CG,nw2,False,262.3753860178265,11.62,A,full_record,3.6,3.6,4.479802958165548,1.8601905683744049,0.08112886229827929,25,4,0.8254227926760828,0.6243214995235182,1.095757750210313,0.9332664110323671,8,239
4,CG,nw2,False,262.3753860178265,11.62,A,comparison_window,3.7,3.7,4.5566538858108325,1.7524960333027102,0.08162907714261791,25,4,0.8202075799428796,0.6136169870646953,1.0937106794522131,0.9290367839115246,8,239
4,CG,nw2,False,262.3753860178265,11.62,B,comparison_window,,2.3895293640943973,4.278607525002892,2.1301996437295134,0.1213856840626126,25,4,0.8347391395926941,0.6558154974116179,1.0581458700362243,0.9279662270194532,8,239
4,CG,nw2,False,262.3753860178265,11.62,A,full_record,3.7,3.7,4.489853282708946,1.8450439726831938,0.07893113420388521,25,4,0.8263458813982055,0.6266575358259905,1.0966829271356346,0.9335938812620354,8,239
4,CG,nw2,False,262.3753860178265,11.62,B,full_record,,2.3602098252405277,4.250103273009406,2.19207985907727,0.12059610760501992,25,4,0.8372647654569316,0.6594038880341981,1.0625909758977943,0.9313119991289589,8,239
4,CG,nw2,False,262.3753860178265,11.62,A,comparison_window,3.8,3.8,4.568733765471718,1.7356686507354064,0.07954511097182426,25,4,0.8209385759803425,0.6154258100601147,1.0947530898578093,0.9293201233829952,8,239
4,CG,nw2,False,262.3753860178265,11.62,A,full_record,3.8,3.8,4.499172664140303,1.8309269746146233,0.07683901150662586,25,4,0.8273970492225464,0.6293302133557497,1.097390057388925,0.9339108527119331,8,239
4,CG,nw2,False,262.3753860178265,11.62,A,comparison_window,3.9,3.9,4.580044218941643,1.7198694546948565,0.07755663375807095,25,4,0.8217969724198633,0.6175726632749454,1.0955958180852527,0.9295970315442975,8,239
4,CG,nw2,False,262.3753860178265,11.62,A,full_record,3.9,3.9,4.507827793238557,1.8177495649930495,0.07484581993664798,25,4,0.8285572271347281,0.632288351117313,1.097892361836487,0.9342149251952241,8,239
4,CG,nw2,False,262.3753860178265,11.62,A,comparison_window,4.0,4.0,4.590649020258557,1.7050156536093604,0.07565780531537164,25,4,0.822765919133356,0.620012654773836,1.096249954693887,0.9298651340520665,8,239
4,CG,nw2,False,262.3753860178265,11.62,A,full_record,4.0,4.0,4.5158782020878725,1.8054310704955652,0.07294535615687478,25,4,0.8298699452663889,0.6356628485050232,1.098202980230143,0.9345043654527074,8,239
4,CG,nw2,False,262.3753860178265,11.62,A,comparison_window,4.1,4.1,4.6006056168009035,1.69103247061381,0.0738431953016799,25,4,0.823829961776838,0.6227041783967697,1.0967265566462603,0.9301226420894667,8,239
4,CG,nw2,False,262.3753860178265,11.62,A,full_record,4.1,4.1,4.5233771286185664,1.7938990626726365,0.07113185838037556,25,4,0.8314183619793454,0.6396933972797025,1.098334813161448,0.934777980552605,8,239
4,CG,nw2,False,262.3753860178265,11.62,A,comparison_window,4.2,4.2,4.609965842784351,1.6778522612773963,0.07210775543544762,25,4,0.8249749777779435,0.625608913973691,1.0970365229051078,0.9303682482598666,8,239
4,CG,nw2,False,262.3753860178265,11.62,A,full_record,4.2,4.2,4.530372267927676,1.7830884046432154,0.069399976918373,25,4,0.8330209282090564,0.6438490576185059,1.0983004047664124,0.9350350118748209,8,239
4,CG,nw2,False,262.3753860178265,11.62,A,comparison_window,4.3,4.3,4.61877654484303,1.6654137370786706,0.07044679260468502,25,4,0.8263391824676527,0.6291335319623863,1.0971904999365054,0.9306010384286257,8,239
4,CG,nw2,False,262.3753860178265,11.62,A,full_record,4.3,4.3,4.536906425857503,1.7729404175573784,0.06774474535685328,25,4,0.8346649427377727,0.648095661306018,1.098111858460969,0.9352750469823201,8,239
4,CG,nw2,False,262.3753860178265,11.62,A,comparison_window,4.4,4.4,4.627080131078332,1.6536612814348617,0.06885594317919597,25,4,0.827803370567024,0.6329243645702709,1.0971988117706262,0.9308204175510203,8,239
4,CG,nw2,False,262.3753860178265,11.62,A,full_record,4.4,4.4,4.543018088217216,1.7634021511440165,0.0661615528175957,25,4,0.836339020074585,0.652402781494116,1.09778077918044,0.9354979468377062,8,239
4,CG,nw2,False,262.3753860178265,11.62,A,comparison_window,4.5,4.5,4.634915053490096,1.642544346693179,0.0673311487092875,25,4,0.8293070368841124,0.6368056908704574,1.097071410057337,0.9310260476245902,8,239
4,CG,nw2,False,262.3753860178265,11.62,A,full_record,4.5,4.5,4.548741917188734,1.754425744674572,0.06464611758546818,25,4,0.8380329886431687,0.6567434715222229,1.0973182366603256,0.9357037860480232,8,239
4,CG,nw2,False,262.3753860178265,11.62,A,comparison_window,4.6,4.6,4.642316232403184,1.6320169219331973,0.06586863310364063,25,4,0.8308407373453323,0.640752042390954,1.0968178402573714,0.9312177960529064,8,239
4,CG,nw2,False,262.3753860178265,11.62,A,full_record,4.6,4.6,4.554109184848493,1.7459678664681555,0.06319446225991747,25,4,0.8397377920353393,0.6610939968338782,1.096734745228252,0.9358928040757489,8,239
4,CG,nw2,False,262.3753860178265,11.62,A,comparison_window,4.7,4.7,4.649315430364279,1.6220370627148544,0.06446488131542355,25,4,0.8323959687479907,0.6447406403816286,1.0964472207308835,0.9313956928798613,8,239
4,CG,nw2,False,262.3753860178265,11.62,A,full_record,4.7,4.7,4.559148152339512,1.7379892216454564,0.061802890501264814,25,4,0.8414453946890189,0.6654335681631367,1.0960402563822764,0.936065365613397,8,239
4,CG,nw2,False,262.3753860178265,11.62,A,comparison_window,4.8,4.8,4.655941581983981,1.6125664750411128,0.06311661952186626,25,4,0.8339650947847951,0.6487512003740756,1.09596823202557,0.9315598955313775,8,239
4,CG,nw2,False,262.3753860178265,11.62,A,full_record,4.8,4.8,4.5638844020270195,1.7304541192238587,0.06046796538183317,25,4,0.8431486928332269,0.6697440818513667,1.0952441611183512,0.9362219285679849,8,239
4,CG,nw2,False,262.3753860178265,11.62,A,comparison_window,4.9,4.9,4.6622210853365935,1.603570146801241,0.06182079675310709,25,4,0.8355412757554328,0.6527657384379644,1.095389114133097,0.9317106598747898,8,239
4,CG,nw2,False,262.3753860178265,11.62,A,full_record,4.9,4.9,4.568341128933111,1.723330090850333,0.05918648931085084,25,4,0.8448414311589262,0.6740098713259685,1.09435529955018,0.9363630183306579,8,239
4,CG,nw2,False,262.3753860178265,11.62,A,comparison_window,5.0,5.0,4.668178059777116,1.5950160208320914,0.06057456790717235,25,4,0.8371184023715216,0.656768382650686,1.094717669880491,0.9318483165682605,8,239
4,CG,nw2,False,262.3753860178265,11.62,A,full_record,5.0,5.0,4.57253939686033,1.7165875545132554,0.05795548547507383,25,4,0.8465181253941143,0.6782174723497051,1.0933819758505552,0.9364892072123921,8,239
4,CG,nw2,False,262.3753860178265,11.62,A,comparison_window,5.1,5.1,4.673834574388138,1.586874704493987,0.0593752780765404,25,4,0.8386910338509561,0.660745192240767,1.093961272960799,0.93197325182025,8,239
4,CG,nw2,False,262.3753860178265,11.62,A,full_record,5.1,5.1,4.5764983638529255,1.7101995174766749,0.056772180720247443,25,4,0.8481739907611298,0.6823554035614443,1.0923319769464603,0.936601098107307,8,239
4,CG,nw2,False,262.3753860178265,11.62,A,comparison_window,5.2,5.2,4.679210850707226,1.5791192113184098,0.05822044810575619,25,4,0.8402543403438062,0.6646839860340359,1.0931268793910252,0.9320858918108748,8,239
4,CG,nw2,False,262.3753860178265,11.62,A,full_record,5.2,5.2,4.580235480995281,1.7041413134586822,0.0556339897889736,25,4,0.8498048761551362,0.6864139630131801,1.0912125937323789,0.9366993116015736,8,239
4,CG,nw2,False,262.3753860178265,11.62,A,comparison_window,5.3,5.3,4.6843254429034396,1.5717247308576803,0.05710776129735231,25,4,0.8418040496218712,0.6685741811863541,1.0922210414227012,0.9321866901428336,8,239
4,CG,nw2,False,262.3753860178265,11.62,A,full_record,5.3,5.3,4.583766667990149,1.6983903697468157,0.05453850082612968,25,4,0.8514072037904149,0.6903850408100999,1.0900306438376914,0.9367844758797235,8,239
4,CG,nw2,False,262.3753860178265,11.62,A,comparison_window,5.4,5.4,4.689195398153382,1.5646684233645307,0.056035051183765165,25,4,0.843336397887759,0.672406642694605,1.0912499231273365,0.9322761177902529,8,239
4,CG,nw2,False,262.3753860178265,11.62,A,full_record,5.4,5.4,4.5871064684843175,1.6929260005200832,0.05348346206212834,25,4,0.8529376547340254,0.6944473878076228,1.0887924952044732,0.9368572188935462,8,239
4,CG,nw2,False,262.3753860178265,11.62,A,comparison_window,5.5,5.5,4.693836399607356,1.5579292363600725,0.055000290285182316,25,4,0.8448442098383704,0.6761903092403665,1.0902193170415864,0.9323546551003107,8,239
4,CG,nw2,False,262.3753860178265,11.62,A,full_record,5.5,5.5,4.590268187702612,1.6877292231449352,0.05246676958590219,25,4,0.8544252230750152,0.6983906802538113,1.0875040899100645,0.9369181623541762,8,239
4,CG,nw2,False,262.3753860178265,11.62,A,comparison_window,5.6,5.6,4.698262894026528,1.5514877405227525,0.054001579776591604,25,4,0.8462814807281266,0.6800747552638842,1.0891346613906427,0.9324227854765129,8,239
4,CG,nw2,False,262.3753860178265,11.62,A,full_record,5.6,5.6,4.59326401460337,1.682782594639836,0.05148645612269297,25,4,0.8558712482388838,0.7021944641888804,1.0861709678110676,0.9369679171876187,8,239
4,CG,nw2,False,262.3753860178265,11.62,A,comparison_window,5.7,5.7,4.702488205903544,1.5453259826549202,0.05303713999144451,25,4,0.8476879573764178,0.6838473193296556,1.088001057517114,0.9324809904351594,8,239
4,CG,nw2,False,262.3753860178265,11.62,A,full_record,5.7,5.7,4.596105130468521,1.6780700658717422,0.050540680735907326,25,4,0.8572740738044178,0.7058573703920957,1.0847982896985708,0.9370070801601346,8,239
4,CG,nw2,False,262.3753860178265,11.62,A,comparison_window,5.8,5.8,4.7065246396474105,1.5394273537640497,0.05210530169377609,25,4,0.8490616222705031,0.687505022388921,1.0868232872311996,0.9325297457793892,8,239
4,CG,nw2,False,262.3753860178265,11.62,A,full_record,5.8,5.8,4.598801805589271,1.67357685136504,0.049627719377110135,25,4,0.8586323829301219,0.7093788520678896,1.0833908597441468,0.937036231434786,8,239
4,CG,nw2,False,262.3753860178265,11.62,A,comparison_window,5.9,5.9,4.710383571212801,1.5337764705402623,0.051204498055263684,25,4,0.8504007688255304,0.6910457040833602,1.0856058298690172,0.932569518679687,8,239
4,CG,nw2,False,262.3753860178265,11.62,A,full_record,5.9,5.9,4.60136348548489,1.6692893128774717,0.048745956213252194,25,4,0.8599451652317975,0.7127590764186893,1.0819531470857608,0.9370559328654365,8,239
4,CG,nw2,False,262.3753860178265,11.62,A,comparison_window,6.0,6.0,4.714075530382251,1.5283590687228281,0.05033325727835337,25,4,0.8517039737691886,0.6944679280416169,1.084352878903442,0.9326007654868761,8,239
4,CG,nw2,False,262.3753860178265,11.62,A,full_record,6.0,6.0,4.603798867906782,1.665194855133405,0.04789387566535538,25,4,0.8612116865029346,0.7159988279165512,1.0804893064571708,0.9370667268716567,8,239
4,CG,nw2,False,262.3753860178265,11.62,A,comparison_window,6.1,6.1,4.717610274758581,1.5231619070327906,0.04949019581105805,25,4,0.8529700717887081,0.6977708964141103,1.0830683579969762,0.93262393013462,8,239
4,CG,nw2,False,262.3753860178265,11.62,A,full_record,6.1,6.1,4.6061159717157345,1.6612818323092764,0.04707005509791677,25,4,0.8625090489815141,0.719432427071573,1.0790031978058698,0.9370691357682643,8,239
4,CG,nw2,False,262.3753860178265,11.62,A,comparison_window,6.2,6.2,4.720996856393272,1.518172680508637,0.04867401210338487,25,4,0.8542429298457888,0.7011765081126344,1.0817559364219616,0.9326394430141344,8,239
4,CG,nw2,False,262.3753860178265,11.62,A,full_record,6.2,6.2,4.608322198581997,1.6575394640420602,0.046273158103133136,25,4,0.8637568899959089,0.7227034313580682,1.077498404876213,0.9370636614479951,8,239
4,CG,nw2,False,262.3753860178265,11.62,A,comparison_window,6.3,6.3,4.724243681867606,1.5133799422215515,0.04788348085944827,25,4,0.8554973576343539,0.7045524263117098,1.080419043802062,0.9326477202253234,8,239
4,CG,nw2,False,262.3753860178265,11.62,A,full_record,6.3,6.3,4.610424388336428,1.653957759884839,0.0455019283286654,25,4,0.8649548237003897,0.7258142301500402,1.0759782527577995,0.9370507853359977,8,239
4,CG,nw2,False,262.3753860178265,11.62,A,comparison_window,6.4,6.4,4.727358566540575,1.5087730324680704,0.04711744774315671,25,4,0.8567100900248695,0.7077856433176248,1.079060884150006,0.9326491631260586,8,239
4,CG,nw2,False,262.3753860178265,11.62,A,full_record,6.4,6.4,4.612428868696458,1.650527451265811,0.044755183802001906,25,4,0.8661028731415896,0.728768473107059,1.0744458244161672,0.9370309685511446,8,239
4,CG,nw2,False,262.3753860178265,11.62,A,comparison_window,6.5,6.5,4.730348783594726,1.5043420146441862,0.04637482449896801,25,4,0.8578806970851758,0.7108782411376973,1.077684449193698,0.932644158115965,8,239
4,CG,nw2,False,262.3753860178265,11.62,A,full_record,6.5,6.5,4.614341500001939,1.64723993012191,0.04403181170851813,25,4,0.8672012316873248,0.7315700509300505,1.0729039762351782,0.9370046522224802,8,239
4,CG,nw2,False,262.3753860178265,11.62,A,comparison_window,6.6,6.6,4.73322110843637,1.5000776170975478,0.04565458445251277,25,4,0.8590089147426904,0.7138326044559835,1.0762925309951863,0.9326330766031095,8,239
4,CG,nw2,False,262.3753860178265,11.62,A,full_record,6.6,6.6,4.616167715516662,1.6440871934784784,0.04333076358408556,25,4,0.8682502453916453,0.7342230463026301,1.0713553526087758,0.9369722579198463,8,239
4,CG,nw2,False,262.3753860178265,11.62,A,comparison_window,6.7,6.7,4.7359818589405815,1.4959711803353246,0.04495575835895593,25,4,0.8600946298778394,0.7166513737070411,1.0748877338761471,0.932616275111772,8,239
4,CG,nw2,False,262.3753860178265,11.62,A,full_record,6.7,6.7,4.617912557783453,1.6410617933332299,0.04265105088653132,25,4,0.8692503967104288,0.7367316907602537,1.069802399624922,0.9369341881663084,8,239
4,CG,nw2,False,262.3753860178265,11.62,A,comparison_window,6.8,6.8,4.738636931975017,1.492014609036408,0.04427743056978256,25,4,0.8611378665064817,0.7193374032663329,1.073472485670262,0.9325940954976384,8,239
4,CG,nw2,False,262.3753860178265,11.62,A,full_record,6.8,6.8,4.619580711464089,1.6381567912783752,0.04199174091343208,25,4,0.8702022894569097,0.7391003268283506,1.0682473778878943,0.9368908270070855,8,239
4,CG,nw2,False,262.3753860178265,11.62,A,comparison_window,6.9,6.9,4.741191836587603,1.4882003283791287,0.04361873549126856,25,4,0.8621387729600481,0.72189372423345,1.072049048327566,0.9325668652433652,8,239
4,CG,nw2,False,262.3753860178265,11.62,A,full_record,6.9,6.9,4.621176533040531,1.6353657173611262,0.04135195303663217,25,4,0.8711066348986666,0.7413333748426348,1.0666923745262553,0.9368425406151194,8,239
4,CG,nw2,False,262.3753860178265,11.62,A,comparison_window,7.0,7.0,4.7436517241980685,1.4845212442495774,0.04297885431026139,25,4,0.8630976099817773,0.7243235113359381,1.0706195278985458,0.932534897812833,8,239
4,CG,nw2,False,262.3753860178265,11.62,A,full_record,7.0,7.0,4.6227040777124975,1.632682532740886,0.040730855226520875,25,4,0.871964238908426,0.7434353039298577,1.0651393144339882,0.9367896779180199,8,239
4,CG,nw2,False,262.3753860178265,11.62,A,comparison_window,7.1,7.1,4.746021416096296,1.4809707069446647,0.042357011965044114,25,4,0.8640147396662171,0.7266300535287551,1.0691858839278334,0.9324984930468834,8,239
4,CG,nw2,False,262.3753860178265,11.62,A,full_record,7.1,7.1,4.624167123786707,1.6301015957509466,0.040127660841545294,25,4,0.8727759900903699,0.7454106066851902,1.0635899707916685,0.9367325712346117,8,239
4,CG,nw2,False,262.3753860178265,11.62,A,comparison_window,7.2,7.2,4.748305428516895,1.477542478025543,0.04175247434102579,25,4,0.8648906151769316,0.7288167279076423,1.0677499382880877,0.9324579375868914,8,239
4,CG,nw2,False,262.3753860178265,11.62,A,full_record,7.2,7.2,4.625569194817306,1.6276176310186146,0.039541625660617016,25,4,0.8735428488119225,0.747263777134539,1.0620459749128683,0.9366715369121626,8,239
4,CG,nw2,False,262.3753860178265,11.62,A,comparison_window,7.3,7.3,4.750507995528354,1.47423070001461,0.04116454567278137,25,4,0.8657257711843649,0.7308869765941158,1.06631338348448,0.9324135053154059,8,239
4,CG,nw2,False,262.3753860178265,11.62,A,full_record,7.3,7.3,4.626913579729612,1.625225701334248,0.03897204513808887,25,4,0.8742658370780171,0.7489992916161032,1.06050882545922,0.9366068759575725,8,239
4,CG,nw2,False,262.3753860178265,11.62,A,comparison_window,7.4,7.4,4.752633089950891,1.4710298686625136,0.040592566135592936,25,4,0.8665208149719037,0.7328442862850502,1.064877790460221,0.9323654578055159,8,239
4,CG,nw2,False,262.3753860178265,11.62,A,full_record,7.4,7.4,4.628203351132668,1.6229211819964433,0.03841825186279943,25,4,0.8749460291910315,0.7506215922565264,1.058979897065671,0.9365388746577044,8,239
4,CG,nw2,False,262.3753860178265,11.62,A,comparison_window,7.5,7.5,4.754684442493979,1.467934807540078,0.040035909611126644,25,4,0.8672764181636006,0.7346921701919609,1.0634446159325095,0.9323140447724794,8,239
4,CG,nw2,False,262.3753860178265,11.62,A,full_record,7.5,7.5,4.629441382001188,1.620699737388167,0.03787961320432341,25,4,0.8755845431447867,0.7521350727532339,1.0574604484147185,0.9364678051852191,8,239
4,CG,nw2,False,262.3753860178265,11.62,A,comparison_window,7.6,7.6,4.756665559282107,1.464940644735981,0.039493981613222304,25,4,0.8679933090317011,0.7364341521237681,1.0620152092870347,0.9322595045225917,8,239
4,CG,nw2,False,262.3753860178265,11.62,A,full_record,7.6,7.6,4.630630360890469,1.6185572995671098,0.037355529131080825,25,4,0.8761825327055456,0.7535440662066675,1.0559516297965676,0.9363939261875411,8,239
4,CG,nw2,False,262.3753860178265,11.62,A,comparison_window,7.7,7.7,4.758579737922572,1.4620427914643228,0.03896621736098642,25,4,0.868672265346275,0.738073752492486,1.0605908190584044,0.9322020643956832,8,239
4,CG,nw2,False,262.3753860178265,11.62,A,full_record,7.7,7.7,4.631772805828056,1.6164900486759939,0.03684543018631039,25,4,0.876741180136814,0.7548528347745114,1.0544544901895705,0.9363174833573632,8,239
4,CG,nw2,False,262.3753860178265,11.62,A,comparison_window,7.8,7.8,4.7604300822509975,1.4592369224054806,0.03845207998750646,25,4,0.8693141077327232,0.7396144760442873,1.0591725990221053,0.9321419411984203,8,239
4,CG,nw2,False,262.3753860178265,11.62,A,full_record,7.8,7.8,4.632871077010103,1.614494394998523,0.03634877560914902,25,4,0.8772616895280131,0.7560655609450905,1.0529699838928406,0.9362387099836263,8,239
4,CG,nw2,False,262.3753860178265,11.62,A,comparison_window,7.9,7.9,4.762219515876529,1.4565189576225313,0.037951058873496736,25,4,0.8699196935060958,0.7410598011390044,1.0577616139222872,0.9320793416264812,8,239
4,CG,nw2,False,262.3753860178265,11.62,A,full_record,7.9,7.9,4.633927388418926,1.61256696250708,0.0358650515891813,25,4,0.8777452806900109,0.7571863402492446,1.0514989767413545,0.9361578274826545,8,239
4,CG,nw2,False,262.3753860178265,11.62,A,comparison_window,8.0,8.0,4.763950794637655,1.4538850459106456,0.0374626680961109,25,4,0.8704899109537193,0.7424131704192947,1.0563588448584642,0.9320144626742655,8,239
4,CG,nw2,False,262.3753860178265,11.62,A,full_record,8.0,8.0,4.634943818463058,1.6107045737614274,0.03539376964384103,25,4,0.8781931835828498,0.7582191752495796,1.050042251930978,0.9360750459091793,8,239
8,AS,nw5,True,118.09280866335516,6.85,A,comparison_window,0.5,0.5,2.407241315762138,3.3925097910962174,0.12442056482000437,10,0,0.9080612215923836,0.46784765936593253,1.2588336485564493,,0,239
8,AS,nw5,True,118.09280866335516,6.85,A,full_record,0.5,0.5,2.489583266068847,3.381765582684389,0.11605973829620068,10,0,0.906207812791561,0.46152468510297384,1.2600512651822404,,0,239
8,AS,nw5,True,118.09280866335516,6.85,A,comparison_window,0.6,0.6,2.484299049732156,3.3011839438080477,0.12816845856647446,10,0,0.9148541121809197,0.5064688557334169,1.2516246692226298,,0,239
8,AS,nw5,True,118.09280866335516,6.85,A,full_record,0.6,0.6,2.560319855125507,3.294451196805541,0.1211558861179904,10,0,0.9134609205285681,0.49832211940768434,1.2552189901998938,,0,239
8,AS,nw5,True,118.09280866335516,6.85,A,comparison_window,0.7,0.7,2.566994563205935,3.203058417388788,0.12979311340362892,10,0,0.9204995013377624,0.5437556229383327,1.241332023784296,,0,239
8,AS,nw5,True,118.09280866335516,6.85,A,full_record,0.7,0.7,2.637309597559189,3.199976104101709,0.12397784454674195,10,0,0.9194914668853951,0.5348435618194998,1.246557736722916,,0,239
8,AS,nw5,True,118.09280866335516,6.85,A,comparison_window,0.8,0.8,2.651292988328934,3.1029426009875767,0.1296553761827362,10,0,0.9250555224736448,0.5780603555035371,1.2292017796980532,,0,239
8,AS,nw5,True,118.09280866335516,6.85,A,full_record,0.8,0.8,2.716469287420427,3.1032527196785287,0.12485521483719242,10,0,0.9243345693525132,0.5688747660197863,1.2355519331952147,,0,239
8,AS,nw5,True,118.09280866335516,6.85,A,comparison_window,0.9,0.9,2.7341157426463747,3.00451120656989,0.128135690921081,10,0,0.9286389147967499,0.6087406992404425,1.2161033967164285,,0,239
8,AS,nw5,True,118.09280866335516,6.85,A,full_record,0.9,0.9,2.794617297386625,3.0080838404861296,0.12416666026359006,10,0,0.9281078893928357,0.5994437288496444,1.2232578675893122,,0,239
8,AS,nw5,True,118.09280866335516,6.85,A,comparison_window,1.0,1.0,2.8133342432874535,2.9103095655269255,0.12559004818336666,10,0,0.9313869860814121,0.6357472243925351,1.2026058046169268,,0,239
8,AS,nw5,True,118.09280866335516,6.85,A,full_record,1.0,1.0,2.869518579950501,2.9171191235632605,0.12228441917531371,10,0,0.9309622741493615,0.6263459087286104,1.2103729488463806,,0,239
8,AS,nw5,True,118.09280866335516,6.85,A,comparison_window,1.1,1.1,2.8876371371707927,2.8219101273891045,0.12232615803003663,10,0,0.93343460656342,0.659326428681732,1.1890628586728065,,0,239
8,AS,nw5,True,118.09280866335516,6.85,A,full_record,1.1,1.1,2.939776505443019,2.8319938576440737,0.11954082103923924,10,0,0.9330506458567148,0.6497763044904765,1.1973312761591544,,0,239
8,AS,nw5,True,118.09280866335516,6.85,A,comparison_window,1.2,1.2,2.956349410516067,2.740126867694178,0.11859512848923835,10,0,0.9349025802218315,0.679837654789087,1.1756863857602784,,0,239
8,AS,nw5,True,118.09280866335516,6.85,A,full_record,1.2,1.2,3.0046579551585646,2.7535453321610817,0.11621338516038476,10,0,0.9345117102635159,0.6700940239372996,1.1843910216607636,,0,239
8,AS,nw5,True,118.09280866335516,6.85,A,comparison_window,1.3,1.3,3.019253762696823,2.6652274897424486,0.11459295555666092,10,0,0.9358934134526297,0.6976545769735938,1.16260012019938,,0,239
8,AS,nw5,True,118.09280866335516,6.85,A,full_record,1.3,1.3,3.0639110875297844,2.682035546538355,0.11252259568022493,10,0,0.9354635768835653,0.6876922716990226,1.171700949085142,,0,239
8,AS,nw5,True,118.09280866335516,6.85,A,comparison_window,1.4,1.4,3.076439022347069,2.5971137617689797,0.11046708411331319,10,0,0.9364913018962483,0.7131203601909559,1.1498757208397212,,0,239
8,AS,nw5,True,118.09280866335516,6.85,A,full_record,1.4,1.4,3.11760696746083,2.617343352555934,0.10863682242268734,10,0,0.9360030917542594,0.7029372798460126,1.1593454926513216,,0,239
8,AS,nw5,True,118.09280866335516,6.85,A,comparison_window,1.5,1.5,3.1281830481046446,2.535460992321413,0.10632480992376363,10,0,0.9367641665376237,0.7265329661454155,1.1375549816693067,,0,239
8,AS,nw5,True,118.09280866335516,6.85,A,full_record,1.5,1.5,3.1660159188899915,2.559113611703362,0.1046803491950498,10,0,0.9362079665196381,0.7161466269795249,1.1473727329265826,,0,239
8,AS,nw5,True,118.09280866335516,6.85,A,comparison_window,1.6,1.6,3.174868187007097,2.479818839836906,0.10224164527204396,10,0,0.9367664177922389,0.7381453115317678,1.1256626069338658,,0,239
8,AS,nw5,True,118.09280866335516,6.85,A,full_record,1.6,1.6,3.209517975136974,2.506864639737385,0.10074202177690739,10,0,0.9361399344360909,0.7275873002644961,1.1358105029595629,,0,239
8,AS,nw5,True,118.09280866335516,6.85,A,comparison_window,1.7,1.7,3.216923524446247,2.429680259052165,0.0982687355646714,10,0,0.9365417255444198,0.7481713930686638,1.114213101174931,,0,239
8,AS,nw5,True,118.09280866335516,6.85,A,full_record,1.7,1.7,3.2485418199520377,2.4600610432353465,0.0968832148472869,10,0,0.9358479800899765,0.7374819804910744,1.1246750394311145,,0,239
8,AS,nw5,True,118.09280866335516,6.85,A,comparison_window,1.8,1.8,3.254787443486486,2.3845262665056675,0.09443900780708603,10,0,0.9361254545156384,0.7567937539253144,1.103214279457459,,0,239
8,AS,nw5,True,118.09280866335516,6.85,A,full_record,1.8,1.8,3.2835254279608606,2.4181603403224297,0.09314458333686028,10,0,0.9353712007230894,0.74601750600138,1.1139753383476878,,0,239
8,AS,nw5,True,118.09280866335516,6.85,A,comparison_window,1.9,1.9,3.288884733123812,2.343853366003403,0.09077205198651782,10,0,0.9355466475789782,0.7641702167562674,1.0926689988343288,,0,239
8,AS,nw5,True,118.09280866335516,6.85,A,full_record,1.9,1.9,3.31489223089423,2.3806409158324295,0.08955149623582646,10,0,0.9347411479984816,0.7533527564703448,1.1037152444086136,,0,239
8,AS,nw5,True,118.09280866335516,6.85,A,comparison_window,2.0,2.0,3.319613673206034,2.3071890711331027,0.08727788266903186,10,0,0.9348295590291149,0.7704391982970091,1.0825760498626142,,0,239
8,AS,nw5,True,118.09280866335516,6.85,A,full_record,2.0,2.0,3.3430378754602197,2.347017306292288,0.0861182618867064,10,0,0.9339836494142104,0.759624987656011,1.0938944655623195,,0,239
8,AS,nw5,True,118.09280866335516,6.85,A,comparison_window,2.1,2.1,3.3473397045781996,2.274099561933645,0.08395977563485787,10,0,0.9339947955089849,0.775723595065019,1.0729307108050834,,0,239
8,AS,nw5,True,118.09280866335516,6.85,A,full_record,2.1,2.1,3.3683239145464268,2.3168472375697147,0.08285133455655444,10,0,0.9331201760099165,0.7649545219271499,1.0845091516281986,,0,239
8,AS,nw5,True,118.09280866335516,6.85,A,comparison_window,2.2,2.2,3.3723932821832996,2.2441923380134274,0.0808163718626041,10,0,0.933060141212775,0.7801334986485831,1.0637252034565814,,0,239
8,AS,nw5,True,118.09280866335516,6.85,A,full_record,2.2,2.2,3.391075852434104,2.289733519571177,0.07975170431345872,10,0,0.932168844659061,0.7694480566386133,1.0755523424927191,,0,239
8,AS,nw5,True,118.09280866335516,6.85,A,comparison_window,2.3,2.3,3.3950702674771467,2.217115828315259,0.07784321715165055,10,0,0.9320411432333705,0.7837680584158324,1.054949143149705,,0,239
8,AS,nw5,True,118.09280866335516,6.85,A,full_record,2.3,2.3,3.411583792457828,2.2653228967683368,0.0768166530675173,10,0,0.9311451415620473,0.7732009437248759,1.0670144068488276,,0,239
8,AS,nw5,True,118.09280866335516,6.85,A,comparison_window,2.4,2.4,3.415633767685936,2.192557261690368,0.07503387538215897,10,0,0.9309515229315621,0.7867167746108502,1.0465900023543333,,0,239
8,AS,nw5,True,118.09280866335516,6.85,A,full_record,2.4,2.4,3.4301045343285383,2.243303229233007,0.07404102944421183,10,0,0.9300624415424122,0.7762987647979264,1.0588835002769876,,0,239
8,AS,nw5,True,118.09280866335516,6.85,A,comparison_window,2.5,2.5,3.4343167153779577,2.1702396426762203,0.07238072417319287,10,0,0.9298034660516502,0.7890604384898892,1.0386335764308536,,0,239
8,AS,nw5,True,118.09280866335516,6.85,A,full_record,2.5,2.5,3.4468643846397162,2.2233998775028634,0.07141816406322815,10,0,0.9289323825659461,0.7788184550068593,1.0511460322297927,,0,239
8,AS,nw5,True,118.09280866335516,6.85,A,comparison_window,2.6,2.6,3.4513247447590407,2.149918363377597,0.06987551646448663,10,0,0.9286078312955326,0.7908718691143555,1.0310644315857929,,0,239
8,AS,nw5,True,118.09280866335516,6.85,A,full_record,2.6,2.6,3.4620622251190563,2.205371827495954,0.06894051916503094,10,0,0.927765140226199,0.7808291541926364,1.0437871200273756,,0,239
8,AS,nw5,True,118.09280866335516,6.85,A,comparison_window,2.7,2.7,3.4668390962762814,2.1313777733106902,0.06750977104668078,10,0,0.9273743057728103,0.7922165411628963,1.0238663169775317,,0,239
8,AS,nw5,True,118.09280866335516,6.85,A,full_record,2.7,2.7,3.4758725684141236,2.189007870457904,0.06660014373258732,10,0,0.9265696344029233,0.7823929011798132,1.0367910094121848,,0,239
8,AS,nw5,True,118.09280866335516,6.85,A,comparison_window,2.8,2.8,3.48101939547791,2.114427892468171,0.06527503901127762,10,0,0.9261115267181896,0.7931531576436214,1.0170225286060877,,0,239
8,AS,nw5,True,118.09280866335516,6.85,A,full_record,2.8,2.8,3.4884484506120716,2.174123010975852,0.0643889872500816,10,0,0.9253536903881889,0.783565240478738,1.0301414473827322,,0,239
8,AS,nw5,True,118.09280866335516,6.85,A,comparison_window,2.9,2.9,3.494006225201317,2.098901365418701,0.06316308081616148,10,0,0.924827182091023,0.7937341943077002,1.0105162187512866,,0,239
8,AS,nw5,True,118.09280866335516,6.85,A,full_record,2.9,2.9,3.4999240849339692,2.160555187163887,0.062299111404104254,10,0,0.9241241693763733,0.7843957790021139,1.02382199985257,,0,239
8,AS,nw5,True,118.09280866335516,6.85,A,comparison_window,3.0,3.0,3.505923455804519,2.084650699597088,0.06116597942510609,10,0,0.9235280978502218,0.7940064259807009,1.0043306498522204,,0,239
8,AS,nw5,True,118.09280866335516,6.85,A,full_record,3.0,3.0,3.5104172471761173,2.1481623329996165,0.060322828591808056,10,0,0.9228870779497458,0.7849287105099068,1.0178163124163233,,0,239
8,AS,nw5,True,118.09280866335516,6.85,A,comparison_window,3.1,3.1,3.5168803257629686,2.0715457978174623,0.05927620810455784,10,0,0.9222203164386116,0.7940114359077255,0.9984493954159366,,0,239
8,AS,nw5,True,118.09280866335516,6.85,A,full_record,3.1,3.1,3.5200313907406553,2.1368197811259195,0.058452788318602594,10,0,0.9216476626049954,0.7852033140554634,1.012108316632708,,0,239
8,AS,nw5,True,118.09280866335516,6.85,A,comparison_window,3.2,3.2,3.526973280901773,2.059471775853449,0.057486666383077194,10,0,0.9209091689234814,0.793786104986837,0.992856492864772,,0,239
8,AS,nw5,True,118.09280866335516,6.85,A,full_record,3.2,3.2,3.528857504348865,2.1264179870102127,0.056682026816943364,10,0,0.9204104930244799,0.7852544268740994,1.0066823868206136,,0,239
8,AS,nw5,True,118.09280866335516,6.85,A,comparison_window,3.3,3.3,3.536287589069338,2.0483270456077736,0.0557906939488801,10,0,0.9195993419854644,0.7933630765066498,0.9875365544345147,,0,239
8,AS,nw5,True,118.09280866335516,6.85,A,full_record,3.3,3.3,3.536975733263402,2.1168605467865835,0.055003990992847626,10,0,0.9191795363334901,0.7851128897820907,1.0015234537015092,,0,239
8,AS,nw5,True,118.09280866335516,6.85,A,comparison_window,3.4,3.4,3.544898750980812,2.0380216396030297,0.05418206953177258,10,0,0.9182949402545681,0.7927711923592964,0.98247484261764,,0,239
8,AS,nw5,True,118.09280866335516,6.85,A,full_record,3.4,3.4,3.544456787992207,2.108062477902409,0.05341254471595868,10,0,0.9179582237152459,0.7848059627344696,0.9966170816499031,,0,239
8,AS,nw5,True,118.09280866335516,6.85,A,comparison_window,3.5,3.5,3.5528737290837604,2.0284757510903364,0.05265499982488738,10,0,0.9169995441569637,0.792035897795601,0.9776573164770551,,0,239
8,AS,nw5,True,118.09280866335516,6.85,A,full_record,3.5,3.5,3.551363164883658,2.099948731619359,0.051901963214713936,10,0,0.9167495102674625,0.7843577087425126,0.9919495161381358,,0,239
8,AS,nw5,True,118.09280866335516,6.85,A,comparison_window,3.6,3.6,3.560272015801039,2.0196184645938318,0.05120410205278392,10,0,0.9157162633144872,0.7911796130979906,0.9730706546533943,,0,239
8,AS,nw5,True,118.09280866335516,6.85,A,full_record,3.6,3.6,3.557750201942952,2.092452908071789,0.05046691969793587,10,0,0.9155559287297989,0.7837893452769468,0.9875077074249986,,0,239
8,AS,nw5,True,118.09280866335516,6.85,A,comparison_window,3.7,3.7,3.567146561123721,2.0113866532980818,0.049824382740351454,10,0,0.9144477855331559,0.790222071780835,0.9687022602131438,,0,239
8,AS,nw5,True,118.09280866335516,6.85,B,comparison_window,,2.085932757290665,3.3436081634799737,2.278553423898817,0.08441591212839783,10,0,0.9341186438717118,0.7750354882738381,1.0742607511313629,,0,239
8,AS,nw5,True,118.09280866335516,6.85,A,full_record,3.7,3.7,3.5636669913416763,2.085516147094752,0.04910246713297451,10,0,0.9143796375907105,0.7831195632441069,0.9832793158167281,,0,239
8,AS,nw5,True,118.09280866335516,6.85,B,full_record,,2.2673767913020644,3.405123670539924,2.2730092866540987,0.07775635097441742,10,0,0.931486201726659,0.7720525978773776,1.0697544065858882,,0,239
8,AS,nw5,True,118.09280866335516,6.85,A,comparison_window,3.8,3.8,3.573544577724423,2.003724021787595,0.04851121447460386,10,0,0.9131964214650506,0.7891806259525431,0.9645402517464493,,0,239
8,AS,nw5,True,118.09280866335516,6.85,A,full_record,3.8,3.8,3.5691571679117593,2.0790861708707613,0.04780401724720355,10,0,0.9132224640316953,0.7823648144522761,0.9792527030450044,,0,239
8,AS,nw5,True,118.09280866335516,6.85,A,comparison_window,3.9,3.9,3.579508239820714,1.9965802749265462,0.04726031190049343,10,0,0.9119641450922926,0.7880705202459953,0.96057344439515,,0,239
8,AS,nw5,True,118.09280866335516,6.85,A,full_record,3.9,3.9,3.5742595906757946,2.073116457303886,0.046567318195204536,10,0,0.9120859421480827,0.7815395691196212,0.9754169135372679,,0,239
8,AS,nw5,True,118.09280866335516,6.85,A,comparison_window,4.0,4.0,3.58507529009953,1.989910395924747,0.046067707794858845,10,0,0.9107526302421503,0.7869051362526959,0.9567913238149172,,0,239
8,AS,nw5,True,118.09280866335516,6.85,A,full_record,4.0,4.0,3.5790089323162837,2.0675655257419168,0.04538843188347326,10,0,0.9109713468767499,0.7806565454068796,0.9717616486440478,,0,239
8,AS,nw5,True,118.09280866335516,6.85,A,comparison_window,4.1,4.1,3.5902795672113665,1.9836740187629218,0.044929729777737897,10,0,0.9095632833890579,0.7856962097140033,0.9531840154732594,,0,239
8,AS,nw5,True,118.09280866335516,6.85,A,full_record,4.1,4.1,3.58343618950848,2.0623963191471573,0.044263711620539783,10,0,0.9098797240514965,0.7797269132091897,0.9682772362596163,,0,239
8,AS,nw5,True,118.09280866335516,6.85,A,comparison_window,4.2,4.2,3.5951514646978886,1.9778348820936682,0.04384297801690792,10,0,0.908397273029469,0.7844540228718222,0.9497422511654388,,0,239
8,AS,nw5,True,118.09280866335516,6.85,A,full_record,4.2,4.2,3.587569125263592,2.0575756690324694,0.04318978052848366,10,0,0.9088119169917724,0.7787604745462391,0.9649545977332546,,0,239
8,AS,nw5,True,118.09280866335516,6.85,A,comparison_window,4.3,4.3,3.5997183307460783,1.9723603534729417,0.04280430413736163,10,0,0.9072555559298573,0.7831875744028896,0.9464573341925989,,0,239
8,AS,nw5,True,118.09280866335516,6.85,A,full_record,4.3,4.3,3.591432652858643,2.0530738314266905,0.0421635109867345,10,0,0.907768590009165,0.7777658228838873,0.9617852135171157,,0,239
8,AS,nw5,True,118.09280866335516,6.85,A,comparison_window,4.4,4.4,3.604004816867744,1.9672210143107138,0.041810791446244035,10,0,0.9061389005491407,0.781904729291724,0.9433211042857406,,0,239
8,AS,nw5,True,118.09280866335516,6.85,A,full_record,4.4,4.4,3.5950491695617552,2.048864083827214,0.041182005262531185,10,0,0.9067502491895133,0.7767504836358636,0.9587610886273256,,0,239
8,AS,nw5,True,118.09280866335516,6.85,A,comparison_window,4.5,4.5,3.608033182471109,1.9623902972688136,0.0408597365136905,10,0,0.9050479079275616,0.7806123508685524,0.9403259030664568,,0,239
8,AS,nw5,True,118.09280866335516,6.85,A,full_record,4.5,4.5,3.59843884717603,2.0449223745589498,0.04024257740098305,10,0,0.9057572607783447,0.7757210379584492,0.9558747186973603,,0,239
8,AS,nw5,True,118.09280866335516,6.85,A,comparison_window,4.6,4.6,3.6118235613115592,1.9578441689958028,0.039948632102334763,10,0,0.9039830303175864,0.7793164170735789,0.9374645406024611,,0,239
8,AS,nw5,True,118.09280866335516,6.85,A,full_record,4.6,4.6,3.601619885407475,2.041227017212035,0.039342736391688914,10,0,0.9047898674653266,0.7746832317854453,0.9531190571672814,,0,239
8,AS,nw5,True,118.09280866335516,6.85,A,comparison_window,4.7,4.7,3.615394194963119,1.9535608520906897,0.03907515140676937,10,0,0.9029445878113969,0.7780221228261741,0.9347302634330471,,0,239
8,AS,nw5,True,118.09280866335516,6.85,A,full_record,4.7,4.7,3.604608733189302,2.0377584239027655,0.038480170591189994,10,0,0.9038482028312531,0.7736420718715075,0.9504874839692719,,0,239
8,AS,nw5,True,118.09280866335516,6.85,A,comparison_window,4.8,4.8,3.618761637726748,1.9495205810493872,0.038237133544227836,10,0,0.9019327831962198,0.7767339701896652,0.9321167242988238,,0,239
8,AS,nw5,True,118.09280866335516,6.85,A,full_record,4.8,4.8,3.6074202823513017,2.034498872015193,0.03765273335597151,10,0,0.9029323041897882,0.7726019104301766,0.947973775929563,,0,239
8,AS,nw5,True,118.09280866335516,6.85,A,comparison_window,4.9,4.9,3.62194093676629,1.9457053876866228,0.03743257022599298,10,0,0.9009477152447327,0.7754558478386918,0.9296179537027648,,0,239
8,AS,nw5,True,118.09280866335516,6.85,A,full_record,4.9,4.9,3.610068037386497,2.0314322998584573,0.03685842982553776,10,0,0.9020421240268939,0.7715665197771011,0.9455720790013252,,0,239
8,AS,nw5,True,118.09280866335516,6.85,A,comparison_window,5.0,5.0,3.6249457907334595,1.9420989121589116,0.03665959353296876,10,0,0.8999893906242541,0.7741911011616038,0.9272283333506616,,0,239
8,AS,nw5,True,118.09280866335516,6.85,A,full_record,5.0,5.0,3.6125642645289537,2.028544127336157,0.036095404786518834,10,0,0.9011775402138971,0.7705391582230948,0.9432768823657073,,0,239
8,AS,nw5,True,118.09280866335516,6.85,A,comparison_window,5.1,5.1,3.627788689683247,1.9386862362558706,0.035916464716818634,10,0,0.899057734586272,0.7729425941695321,0.9249425714608762,,0,239
8,AS,nw5,True,118.09280866335516,6.85,A,full_record,5.1,5.1,3.614920122893366,2.0258210982855234,0.03536193154482794,10,0,0.9003383651459974,0.7695226283097281,0.9410829943820965,,0,239
8,AS,nw5,True,118.09280866335516,6.85,A,comparison_window,5.2,5.2,3.630481038693965,1.9354537360898387,0.0352015639486934,10,0,0.8981526005773856,0.7717127642370671,0.9227556798930142,,0,239
8,AS,nw5,True,118.09280866335516,6.85,A,full_record,5.2,5.2,3.617145780039397,2.0232511416221617,0.034656401732122886,10,0,0.8995243539365758,0.7685193283420477,0.9389855203305718,,0,239
8,AS,nw5,True,118.09280866335516,6.85,A,comparison_window,5.3,5.3,3.6330332672723173,1.93238895171003,0.034513380940047994,10,0,0.8972737788944009,0.7705036705683469,0.9207362723190436,,0,239
8,AS,nw5,True,118.09280866335516,6.85,A,full_record,5.3,5.3,3.6192505139872564,2.020823248831644,0.03397731597422575,10,0,0.8987352117790424,0.7675312980504012,0.9369798418634032,,0,239
8,AS,nw5,True,118.09280866335516,6.85,A,comparison_window,5.4,5.4,3.635454926337464,1.9294804715060139,0.0338505063635656,10,0,0.8964210044899952,0.769317037166087,0.9218863610276959,,0,239
8,AS,nw5,True,118.09280866335516,6.85,A,full_record,5.4,5.4,3.6212428034291295,2.0185273656956335,0.03332327535190824,10,0,0.8979706005718623,0.7665602591044829,0.9350615980672351,,0,239
8,AS,nw5,True,118.09280866335516,6.85,A,comparison_window,5.5,5.5,3.6377547743361625,1.926717829555251,0.03321162400646098,10,0,0.895593964021118,0.7681542909786575,0.9229865322919283,,0,239
8,AS,nw5,True,118.09280866335516,6.85,A,full_record,5.5,5.5,3.6231304076388926,2.0163542964334065,0.032692973588099694,10,0,0.8972301448886673,0.7656076511075788,0.933226668028935,,0,239
8,AS,nw5,True,118.09280866335516,6.85,A,comparison_window,5.6,5.6,3.6399408538302525,1.9240914143177763,0.032595503592969595,10,0,0.8947923022199954,0.7670165958112082,0.924038709748582,,0,239
8,AS,nw5,True,118.09280866335516,6.85,A,full_record,5.6,5.6,3.624920437375203,2.014295618691358,0.03208518989967442,10,0,0.8965134373637452,0.7646746636160315,0.9314711547952185,,0,239
8,AS,nw5,True,118.09280866335516,6.85,A,comparison_window,5.7,5.7,3.6420205597198345,1.921592387294357,0.032000994217473586,10,0,0.8940156276570028,0.7659048825091187,0.9250447464865658,,0,239
8,AS,nw5,True,118.09280866335516,6.85,A,full_record,5.7,5.7,3.6266194178983193,2.0123436080269412,0.03149878245627978,10,0,0.8958200435534043,0.7637622646569384,0.9297913706170148,,0,239
8,AS,nw5,True,118.09280866335516,6.85,A,comparison_window,5.8,5.8,3.6440007001111736,1.9192126104464553,0.03142701833432514,10,0,0.8932635179556823,0.764819875855073,0.9260064274864798,,0,239
8,AS,nw5,True,118.09280866335516,6.85,A,full_record,5.8,5.8,3.6282333450688022,2.010491170716124,0.030932682393034334,10,0,0.8951495063254988,0.7628712261550115,0.9281838233728277,,0,239
8,AS,nw5,True,118.09280866335516,6.85,A,comparison_window,5.9,5.9,3.6458875507066884,1.9169445813345907,0.030872566254853934,10,0,0.8925355245125276,0.7637621185630399,0.9269254719874428,,0,239
8,AS,nw5,True,118.09280866335516,6.85,A,full_record,5.9,5.9,3.6297677353681306,2.0087317838706964,0.03038588832815241,10,0,0.8945013498225766,0.7620021466258966,0.9266452040706394,,0,239
8,AS,nw5,True,118.09280866335516,6.85,A,comparison_window,6.0,6.0,3.6476869034801394,1.9147813750654468,0.030336691106263435,10,0,0.8918311767677074,0.7627319927027394,0.9278035357759102,,0,239
8,AS,nw5,True,118.09280866335516,6.85,A,full_record,6.0,6.0,3.6312276705696234,2.007059441985399,0.029857461340645302,10,0,0.8938750830383894,0.7611554714472524,0.9251723753338884,,0,239
8,AS,nw5,True,118.09280866335516,6.85,A,comparison_window,6.1,6.1,3.6494041103029895,1.9127165922557368,0.029818504211093857,10,0,0.8911499860674416,0.7617297388451623,0.928642213394908,,0,239
8,AS,nw5,True,118.09280866335516,6.85,A,full_record,6.1,6.1,3.632617837694506,2.0054686091503298,0.029346520367094786,10,0,0.893270203042743,0.760331510979081,0.9256770273438585,,0,239
8,AS,nw5,True,118.09280866335516,6.85,A,comparison_window,6.2,6.2,3.6510441221030816,1.9107443123208507,0.029317170849592372,10,0,0.8904914491541336,0.7607554731829337,0.9294430402742953,,0,239
8,AS,nw5,True,118.09280866335516,6.85,A,full_record,6.2,6.2,3.6339425648035757,2.003954176263043,0.028852237980103508,10,0,0.8926861978856953,0.7595304567709855,0.9263695128903089,,0,239
8,AS,nw5,True,118.09280866335516,6.85,A,comparison_window,6.3,6.3,3.6526115240635844,1.9088590514824348,0.02883190637077567,10,0,0.8898550513164799,0.7598092028476748,0.9302074947841339,,0,239
8,AS,nw5,True,118.09280866335516,6.85,A,full_record,6.3,6.3,3.6352058531075886,2.002511422660035,0.028373836514376354,10,0,0.8921225492087873,0.7587523960644322,0.9270284908903869,,0,239
8,AS,nw5,True,118.09280866335516,6.85,A,comparison_window,6.4,6.4,3.65411056730731,1.907055724965673,0.028361972621048694,10,0,0.8892402692284651,0.7588908396191631,0.9309370002141495,,0,239
8,AS,nw5,True,118.09280866335516,6.85,A,full_record,6.4,6.4,3.636411405816141,2.001135981660815,0.027910584509469746,10,0,0.8915787345881623,0.7579973247730853,0.9276552894528247,,0,239
8,AS,nw5,True,118.09280866335516,6.85,A,comparison_window,6.5,6.5,3.6555451974576814,1.905329612920419,0.027906674662171643,10,0,0.8886465735033285,0.7580002121976447,0.9316329266829902,,0,239
8,AS,nw5,True,118.09280866335516,6.85,A,full_record,6.5,6.5,3.6375626540937183,1.9998238095811478,0.02746179344108411,10,0,0.8910542296320761,0.7572651591023719,0.9282511879699687,,0,239
8,AS,nw5,True,118.09280866335516,6.85,A,comparison_window,6.6,6.6,3.656919080417901,1.903676329658171,0.027465357752927175,10,0,0.8880734309861794,0.7571370771904574,0.9322965929805971,,0,239
8,AS,nw5,True,118.09280866335516,6.85,A,full_record,6.6,6.6,3.6386627804455056,1.998571157827123,0.027026814715362956,10,0,0.8905485098532493,0.7565557459507046,0.9288174186460143,,0,239
8,AS,nw5,True,118.09280866335516,6.85,A,comparison_window,6.7,6.7,3.658235625671309,1.902091795844894,0.027037404571267323,10,0,0.8875203068068404,0.7563011289465095,0.932929268347558,,0,239
8,AS,nw5,True,118.09280866335516,6.85,A,full_record,6.7,6.7,3.6397147398156706,1.997374547729105,0.02660503690302342,10,0,0.8900610523347561,0.7558688722184885,0.9293551679894699,,0,239
8,AS,nw5,True,118.09280866335516,6.85,A,comparison_window,6.8,6.8,3.659498007368107,1.900572213333441,0.026622232655841356,10,0,0.8869866662126807,0.7554920083570231,0.9335321741947475,,0,239
8,AS,nw5,True,118.09280866335516,6.85,A,full_record,6.8,6.8,3.640721278649367,1.9962307478163621,0.026195883192294038,10,0,0.8895913372065978,0.7552042731366606,0.9298655782716152,,0,239
8,AS,nw5,True,118.09280866335516,6.85,A,comparison_window,6.9,6.9,3.660709183433511,1.8991140423555701,0.026219292047801504,10,0,0.8864719761995747,0.7547093107276985,0.9341064857665444,,0,239
8,AS,nw5,True,118.09280866335516,6.85,A,full_record,6.9,6.9,3.641684952134878,1.9951367532682518,0.02579880904158472,10,0,0.8891388489487972,0.7545616397146437,0.9303497489512258,,0,239
8,AS,nw5,True,118.09280866335516,6.85,A,comparison_window,7.0,7.0,3.6618719129044983,1.897713980826535,0.025828063115544083,10,0,0.885975706957737,0.7539525928160371,0.9346533337505094,,0,239
8,AS,nw5,True,118.09280866335516,6.85,A,full_record,7.0,7.0,3.642608139821874,1.9940897673097138,0.025413300014587963,10,0,0.8887030775355792,0.7539406253962998,0.9308087380671077,,0,239
8,AS,nw5,True,118.09280866335516,6.85,A,comparison_window,7.1,7.1,3.6629887716782488,1.8963689455438568,0.02544805454664085,10,0,0.885497333147866,0.7532213791174305,0.9351738058360511,,0,239
8,AS,nw5,True,118.09280866335516,6.85,A,full_record,7.1,7.1,3.6434930597848694,1.9930871843461753,0.02503886978210145,10,0,0.8882835194341892,0.7533408520034395,0.9312435635986523,,0,239
8,AS,nw5,True,118.09280866335516,6.85,A,comparison_window,7.2,7.2,3.6640621668359525,1.8950760550863013,0.025078801492699417,10,0,0.8850363350219027,0.7525151674747595,0.9356689482246646,,0,239
8,AS,nw5,True,118.09280866335516,6.85,A,full_record,7.2,7.2,3.6443417814849894,1.992126574655844,0.024675058276325743,10,0,0.8878796784708264,0.7527619150377886,0.9316552047955259,,0,239
8,AS,nw5,True,118.09280866335516,6.85,A,comparison_window,7.3,7.3,3.6650943496846065,1.8938326142409363,0.02471986385417616,10,0,0.884592199401649,0.7518334340786749,0.9361397670934187,,0,239
8,AS,nw5,True,118.09280866335516,6.85,A,full_record,7.3,7.3,3.6451562374616664,1.9912056704793208,0.02432142998469042,10,0,0.8874910665753545,0.7522033884053515,0.9320446034763074,,0,239
8,AS,nw5,True,118.09280866335516,6.85,A,comparison_window,7.4,7.4,3.6660874276468522,1.8926360998056422,0.024370824693374378,10,0,0.8841644205275182,0.751175637918583,0.9365872300139376,,0,239
8,AS,nw5,True,118.09280866335516,6.85,A,full_record,7.4,7.4,3.6459382339746305,1.990322353363883,0.02397757237145684,10,0,0.8871172044155492,0.7516648286203639,0.9324126652967547,,0,239
8,AS,nw5,True,118.09280866335516,6.85,A,comparison_window,7.5,7.5,3.6670433751110747,1.8914841476310735,0.024031288764920052,10,0,0.8837525007888308,0.7505412247386445,0.9370122673280011,,0,239
8,AS,nw5,True,118.09280866335516,6.85,A,full_record,7.5,7.5,3.6466894607012152,1.9894746426356735,0.023643094416418656,10,0,0.886757621930882,0.751145778540343,0.9327602609878687,,0,239
8,AS,nw5,True,118.09280866335516,6.85,A,comparison_window,7.6,7.6,3.667964043346107,1.8903745407804993,0.02370088115399467,10,0,0.8833559513461664,0.7499296305472458,0.9374157734818919,,0,239
8,AS,nw5,True,118.09280866335516,6.85,A,full_record,7.6,7.6,3.647411499582917,1.9886606848880006,0.02331762526097938,10,0,0.8864118587751323,0.750645770678701,0.9330882275638505,,0,239
8,AS,nw5,True,118.09280866335516,6.85,A,comparison_window,7.7,7.7,3.668851169567364,1.8893051986999714,0.023379246013463098,10,0,0.882974292655649,0.7493402847242898,0.9377986083196946,,0,239
8,AS,nw5,True,118.09280866335516,6.85,A,full_record,7.7,7.7,3.648105832904224,1.9878787443851196,0.023000812952777422,10,0,0.8860794646764245,0.7501643301368034,0.9333973694999482,,0,239
8,AS,nw5,True,118.09280866335516,6.85,A,comparison_window,7.8,7.8,3.6697063852391545,1.8882741673016477,0.02306604539185172,10,0,0.8826070549041728,0.7487726127655946,0.9381615983376634,,0,239
8,AS,nw5,True,118.09280866335516,6.85,A,full_record,7.8,7.8,3.648773850678901,1.9871271942923336,0.022692323280816464,10,0,0.8857599997226583,0.7497009771932124,0.9336884598804508,,0,239
8,AS,nw5,True,118.09280866335516,6.85,A,comparison_window,7.9,7.9,3.6705312236837084,1.8872796098740796,0.02276095814482243,10,0,0.8822537783639955,0.7482260387004187,0.9385055379001286,,0,239
8,AS,nw5,True,118.09280866335516,6.85,A,full_record,7.9,7.9,3.649416857410094,1.9864045086529416,0.022391838693771458,10,0,0.8854530345796902,0.7492552295842543,0.9339622415167916,,0,239
8,AS,nw5,True,118.09280866335516,6.85,A,comparison_window,8.0,8.0,3.671327127062152,1.8863197987423548,0.02246367892346464,10,0,0.8819140136744977,0.747699987214497,0.9388311904179817,,0,239
8,AS,nw5,True,118.09280866335516,6.85,A,full_record,8.0,8.0,3.6500360782834598,1.9857092550408102,0.022099057294794423,10,0,0.8851581506490968,0.7488266045067741,0.9342194280358231,,0,239
