Parameter,Well,Era,Value,Unit,Note
reclen_nse_fwd_A_median_L24_all,,,-0.141263842974083,,"median free-run NSE, Model A, fitted on 24 months before 2018-01-01; n = 66 wells (all)"
reclen_nse_fwd_A_median_L36_all,,,0.29293762814854374,,"median free-run NSE, Model A, fitted on 36 months before 2018-01-01; n = 66 wells (all)"
reclen_nse_fwd_A_median_L48_all,,,0.044500586876924375,,"median free-run NSE, Model A, fitted on 48 months before 2018-01-01; n = 63 wells (all)"
reclen_nse_fwd_A_median_L60_all,,,0.3331118418532076,,"median free-run NSE, Model A, fitted on 60 months before 2018-01-01; n = 62 wells (all)"
reclen_nse_fwd_A_median_L80_all,,,0.5165621831586634,,"median free-run NSE, Model A, fitted on 80 months before 2018-01-01; n = 59 wells (all)"
reclen_nse_fwd_A_median_L100_all,,,0.5946664776272095,,"median free-run NSE, Model A, fitted on 100 months before 2018-01-01; n = 28 wells (all)"
reclen_nse_fwd_A_median_L120_all,,,0.6580883681413485,,"median free-run NSE, Model A, fitted on 120 months before 2018-01-01; n = 23 wells (all)"
reclen_nse_fwd_A_median_L144_all,,,0.7486663511620417,,"median free-run NSE, Model A, fitted on 144 months before 2018-01-01; n = 4 wells (all)"
reclen_nse_fwd_A_median_Lfull_all,,,0.6119815001294202,,"median free-run NSE, Model A, fitted on full months before 2018-01-01; n = 66 wells (all)"
reclen_nse_fwd_B_median_L24_all,,,0.7203252350538227,,"median free-run NSE, Model B, fitted on 24 months before 2018-01-01; n = 66 wells (all)"
reclen_nse_fwd_B_median_L36_all,,,0.7238315111781186,,"median free-run NSE, Model B, fitted on 36 months before 2018-01-01; n = 66 wells (all)"
reclen_nse_fwd_B_median_L48_all,,,0.7598675314416226,,"median free-run NSE, Model B, fitted on 48 months before 2018-01-01; n = 63 wells (all)"
reclen_nse_fwd_B_median_L60_all,,,0.785020543563469,,"median free-run NSE, Model B, fitted on 60 months before 2018-01-01; n = 62 wells (all)"
reclen_nse_fwd_B_median_L80_all,,,0.754204814570733,,"median free-run NSE, Model B, fitted on 80 months before 2018-01-01; n = 59 wells (all)"
reclen_nse_fwd_B_median_L100_all,,,0.7436186524296259,,"median free-run NSE, Model B, fitted on 100 months before 2018-01-01; n = 28 wells (all)"
reclen_nse_fwd_B_median_L120_all,,,0.7740481098869639,,"median free-run NSE, Model B, fitted on 120 months before 2018-01-01; n = 23 wells (all)"
reclen_nse_fwd_B_median_L144_all,,,0.7929770156986722,,"median free-run NSE, Model B, fitted on 144 months before 2018-01-01; n = 4 wells (all)"
reclen_nse_fwd_B_median_Lfull_all,,,0.7865467156802144,,"median free-run NSE, Model B, fitted on full months before 2018-01-01; n = 66 wells (all)"
reclen_nse_fwd_A_median_L24_C1,,,0.49456240023938147,,"median free-run NSE, Model A, fitted on 24 months before 2018-01-01; n = 7 wells (C1)"
reclen_nse_fwd_A_median_L36_C1,,,0.37224585729683535,,"median free-run NSE, Model A, fitted on 36 months before 2018-01-01; n = 7 wells (C1)"
reclen_nse_fwd_A_median_L48_C1,,,0.12013504028209632,,"median free-run NSE, Model A, fitted on 48 months before 2018-01-01; n = 7 wells (C1)"
reclen_nse_fwd_A_median_L60_C1,,,0.4005299568554147,,"median free-run NSE, Model A, fitted on 60 months before 2018-01-01; n = 7 wells (C1)"
reclen_nse_fwd_A_median_L80_C1,,,0.5747399758601472,,"median free-run NSE, Model A, fitted on 80 months before 2018-01-01; n = 6 wells (C1)"
reclen_nse_fwd_A_median_L100_C1,,,0.6331710210104601,,"median free-run NSE, Model A, fitted on 100 months before 2018-01-01; n = 3 wells (C1)"
reclen_nse_fwd_A_median_L120_C1,,,0.6096673778295905,,"median free-run NSE, Model A, fitted on 120 months before 2018-01-01; n = 3 wells (C1)"
reclen_nse_fwd_A_median_Lfull_C1,,,0.6450737261016243,,"median free-run NSE, Model A, fitted on full months before 2018-01-01; n = 7 wells (C1)"
reclen_nse_fwd_B_median_L24_C1,,,0.8402905029140254,,"median free-run NSE, Model B, fitted on 24 months before 2018-01-01; n = 7 wells (C1)"
reclen_nse_fwd_B_median_L36_C1,,,0.8375389368813205,,"median free-run NSE, Model B, fitted on 36 months before 2018-01-01; n = 7 wells (C1)"
reclen_nse_fwd_B_median_L48_C1,,,0.8449848935907744,,"median free-run NSE, Model B, fitted on 48 months before 2018-01-01; n = 7 wells (C1)"
reclen_nse_fwd_B_median_L60_C1,,,0.8493868434616842,,"median free-run NSE, Model B, fitted on 60 months before 2018-01-01; n = 7 wells (C1)"
reclen_nse_fwd_B_median_L80_C1,,,0.850723425728162,,"median free-run NSE, Model B, fitted on 80 months before 2018-01-01; n = 6 wells (C1)"
reclen_nse_fwd_B_median_L100_C1,,,0.8591681790138501,,"median free-run NSE, Model B, fitted on 100 months before 2018-01-01; n = 3 wells (C1)"
reclen_nse_fwd_B_median_L120_C1,,,0.8646441967001759,,"median free-run NSE, Model B, fitted on 120 months before 2018-01-01; n = 3 wells (C1)"
reclen_nse_fwd_B_median_Lfull_C1,,,0.8539467869388155,,"median free-run NSE, Model B, fitted on full months before 2018-01-01; n = 7 wells (C1)"
reclen_nse_fwd_A_median_L24_C2,,,0.2894994840274844,,"median free-run NSE, Model A, fitted on 24 months before 2018-01-01; n = 19 wells (C2)"
reclen_nse_fwd_A_median_L36_C2,,,0.3011495239859301,,"median free-run NSE, Model A, fitted on 36 months before 2018-01-01; n = 19 wells (C2)"
reclen_nse_fwd_A_median_L48_C2,,,-0.06325159319285123,,"median free-run NSE, Model A, fitted on 48 months before 2018-01-01; n = 19 wells (C2)"
reclen_nse_fwd_A_median_L60_C2,,,0.32315423568166746,,"median free-run NSE, Model A, fitted on 60 months before 2018-01-01; n = 19 wells (C2)"
reclen_nse_fwd_A_median_L80_C2,,,0.47613078593296476,,"median free-run NSE, Model A, fitted on 80 months before 2018-01-01; n = 19 wells (C2)"
reclen_nse_fwd_A_median_L100_C2,,,0.5304275822037214,,"median free-run NSE, Model A, fitted on 100 months before 2018-01-01; n = 4 wells (C2)"
reclen_nse_fwd_A_median_L120_C2,,,0.5122917564721807,,"median free-run NSE, Model A, fitted on 120 months before 2018-01-01; n = 3 wells (C2)"
reclen_nse_fwd_A_median_L144_C2,,,0.6353440949481624,,"median free-run NSE, Model A, fitted on 144 months before 2018-01-01; n = 1 wells (C2)"
reclen_nse_fwd_A_median_Lfull_C2,,,0.5989484297815995,,"median free-run NSE, Model A, fitted on full months before 2018-01-01; n = 19 wells (C2)"
reclen_nse_fwd_B_median_L24_C2,,,0.7983140280317279,,"median free-run NSE, Model B, fitted on 24 months before 2018-01-01; n = 19 wells (C2)"
reclen_nse_fwd_B_median_L36_C2,,,0.7496683426057524,,"median free-run NSE, Model B, fitted on 36 months before 2018-01-01; n = 19 wells (C2)"
reclen_nse_fwd_B_median_L48_C2,,,0.7715951256861582,,"median free-run NSE, Model B, fitted on 48 months before 2018-01-01; n = 19 wells (C2)"
reclen_nse_fwd_B_median_L60_C2,,,0.813621279061608,,"median free-run NSE, Model B, fitted on 60 months before 2018-01-01; n = 19 wells (C2)"
reclen_nse_fwd_B_median_L80_C2,,,0.7809484949118575,,"median free-run NSE, Model B, fitted on 80 months before 2018-01-01; n = 19 wells (C2)"
reclen_nse_fwd_B_median_L100_C2,,,0.7656645413164131,,"median free-run NSE, Model B, fitted on 100 months before 2018-01-01; n = 4 wells (C2)"
reclen_nse_fwd_B_median_L120_C2,,,0.7829310797931059,,"median free-run NSE, Model B, fitted on 120 months before 2018-01-01; n = 3 wells (C2)"
reclen_nse_fwd_B_median_L144_C2,,,0.7929985032766541,,"median free-run NSE, Model B, fitted on 144 months before 2018-01-01; n = 1 wells (C2)"
reclen_nse_fwd_B_median_Lfull_C2,,,0.8086652435077769,,"median free-run NSE, Model B, fitted on full months before 2018-01-01; n = 19 wells (C2)"
reclen_nse_fwd_A_median_L24_C3,,,-0.45698918231492536,,"median free-run NSE, Model A, fitted on 24 months before 2018-01-01; n = 26 wells (C3)"
reclen_nse_fwd_A_median_L36_C3,,,0.4370564463361345,,"median free-run NSE, Model A, fitted on 36 months before 2018-01-01; n = 26 wells (C3)"
reclen_nse_fwd_A_median_L48_C3,,,0.3375120703802261,,"median free-run NSE, Model A, fitted on 48 months before 2018-01-01; n = 23 wells (C3)"
reclen_nse_fwd_A_median_L60_C3,,,0.4107746677027688,,"median free-run NSE, Model A, fitted on 60 months before 2018-01-01; n = 22 wells (C3)"
reclen_nse_fwd_A_median_L80_C3,,,0.5694221631276872,,"median free-run NSE, Model A, fitted on 80 months before 2018-01-01; n = 20 wells (C3)"
reclen_nse_fwd_A_median_L100_C3,,,0.6441892930125255,,"median free-run NSE, Model A, fitted on 100 months before 2018-01-01; n = 12 wells (C3)"
reclen_nse_fwd_A_median_L120_C3,,,0.6732615854419359,,"median free-run NSE, Model A, fitted on 120 months before 2018-01-01; n = 11 wells (C3)"
reclen_nse_fwd_A_median_L144_C3,,,0.7584781931433835,,"median free-run NSE, Model A, fitted on 144 months before 2018-01-01; n = 3 wells (C3)"
reclen_nse_fwd_A_median_Lfull_C3,,,0.6619097804510998,,"median free-run NSE, Model A, fitted on full months before 2018-01-01; n = 26 wells (C3)"
reclen_nse_fwd_B_median_L24_C3,,,0.6684928092961797,,"median free-run NSE, Model B, fitted on 24 months before 2018-01-01; n = 26 wells (C3)"
reclen_nse_fwd_B_median_L36_C3,,,0.6844376638667065,,"median free-run NSE, Model B, fitted on 36 months before 2018-01-01; n = 26 wells (C3)"
reclen_nse_fwd_B_median_L48_C3,,,0.732831805701631,,"median free-run NSE, Model B, fitted on 48 months before 2018-01-01; n = 23 wells (C3)"
reclen_nse_fwd_B_median_L60_C3,,,0.7736330414423493,,"median free-run NSE, Model B, fitted on 60 months before 2018-01-01; n = 22 wells (C3)"
reclen_nse_fwd_B_median_L80_C3,,,0.7334233825396721,,"median free-run NSE, Model B, fitted on 80 months before 2018-01-01; n = 20 wells (C3)"
reclen_nse_fwd_B_median_L100_C3,,,0.7314141241302216,,"median free-run NSE, Model B, fitted on 100 months before 2018-01-01; n = 12 wells (C3)"
reclen_nse_fwd_B_median_L120_C3,,,0.7535204448162659,,"median free-run NSE, Model B, fitted on 120 months before 2018-01-01; n = 11 wells (C3)"
reclen_nse_fwd_B_median_L144_C3,,,0.7929555281206904,,"median free-run NSE, Model B, fitted on 144 months before 2018-01-01; n = 3 wells (C3)"
reclen_nse_fwd_B_median_Lfull_C3,,,0.7711771549728073,,"median free-run NSE, Model B, fitted on full months before 2018-01-01; n = 26 wells (C3)"
reclen_nse_fwd_A_median_L24_C4,,,-1.5232741346493608,,"median free-run NSE, Model A, fitted on 24 months before 2018-01-01; n = 9 wells (C4)"
reclen_nse_fwd_A_median_L36_C4,,,-0.35363207650550343,,"median free-run NSE, Model A, fitted on 36 months before 2018-01-01; n = 9 wells (C4)"
reclen_nse_fwd_A_median_L48_C4,,,-0.3689970620303966,,"median free-run NSE, Model A, fitted on 48 months before 2018-01-01; n = 9 wells (C4)"
reclen_nse_fwd_A_median_L60_C4,,,-0.10473712875228336,,"median free-run NSE, Model A, fitted on 60 months before 2018-01-01; n = 9 wells (C4)"
reclen_nse_fwd_A_median_L80_C4,,,0.23103785469231752,,"median free-run NSE, Model A, fitted on 80 months before 2018-01-01; n = 9 wells (C4)"
reclen_nse_fwd_A_median_L100_C4,,,0.13511023879391482,,"median free-run NSE, Model A, fitted on 100 months before 2018-01-01; n = 5 wells (C4)"
reclen_nse_fwd_A_median_L120_C4,,,-2.362170893203149,,"median free-run NSE, Model A, fitted on 120 months before 2018-01-01; n = 3 wells (C4)"
reclen_nse_fwd_A_median_Lfull_C4,,,0.2108412432964223,,"median free-run NSE, Model A, fitted on full months before 2018-01-01; n = 9 wells (C4)"
reclen_nse_fwd_B_median_L24_C4,,,-0.48102632082752694,,"median free-run NSE, Model B, fitted on 24 months before 2018-01-01; n = 9 wells (C4)"
reclen_nse_fwd_B_median_L36_C4,,,-1.8538081207318884,,"median free-run NSE, Model B, fitted on 36 months before 2018-01-01; n = 9 wells (C4)"
reclen_nse_fwd_B_median_L48_C4,,,-0.8300075704117755,,"median free-run NSE, Model B, fitted on 48 months before 2018-01-01; n = 9 wells (C4)"
reclen_nse_fwd_B_median_L60_C4,,,0.0813894684098152,,"median free-run NSE, Model B, fitted on 60 months before 2018-01-01; n = 9 wells (C4)"
reclen_nse_fwd_B_median_L80_C4,,,0.23408376082328053,,"median free-run NSE, Model B, fitted on 80 months before 2018-01-01; n = 9 wells (C4)"
reclen_nse_fwd_B_median_L100_C4,,,0.1011932575168013,,"median free-run NSE, Model B, fitted on 100 months before 2018-01-01; n = 5 wells (C4)"
reclen_nse_fwd_B_median_L120_C4,,,-0.9378535662807568,,"median free-run NSE, Model B, fitted on 120 months before 2018-01-01; n = 3 wells (C4)"
reclen_nse_fwd_B_median_Lfull_C4,,,0.08244046577949815,,"median free-run NSE, Model B, fitted on full months before 2018-01-01; n = 9 wells (C4)"
reclen_nse_fwd_A_median_L24_C5,,,-1.2907149279666719,,"median free-run NSE, Model A, fitted on 24 months before 2018-01-01; n = 5 wells (C5)"
reclen_nse_fwd_A_median_L36_C5,,,0.22449469337367378,,"median free-run NSE, Model A, fitted on 36 months before 2018-01-01; n = 5 wells (C5)"
reclen_nse_fwd_A_median_L48_C5,,,0.31728118820519746,,"median free-run NSE, Model A, fitted on 48 months before 2018-01-01; n = 5 wells (C5)"
reclen_nse_fwd_A_median_L60_C5,,,0.34469593783927976,,"median free-run NSE, Model A, fitted on 60 months before 2018-01-01; n = 5 wells (C5)"
reclen_nse_fwd_A_median_L80_C5,,,0.5511091971947227,,"median free-run NSE, Model A, fitted on 80 months before 2018-01-01; n = 5 wells (C5)"
reclen_nse_fwd_A_median_L100_C5,,,0.7407132260071241,,"median free-run NSE, Model A, fitted on 100 months before 2018-01-01; n = 4 wells (C5)"
reclen_nse_fwd_A_median_L120_C5,,,0.7385735974868266,,"median free-run NSE, Model A, fitted on 120 months before 2018-01-01; n = 3 wells (C5)"
reclen_nse_fwd_A_median_Lfull_C5,,,0.7494879452759008,,"median free-run NSE, Model A, fitted on full months before 2018-01-01; n = 5 wells (C5)"
reclen_nse_fwd_B_median_L24_C5,,,0.5254180804143472,,"median free-run NSE, Model B, fitted on 24 months before 2018-01-01; n = 5 wells (C5)"
reclen_nse_fwd_B_median_L36_C5,,,0.6698475290736212,,"median free-run NSE, Model B, fitted on 36 months before 2018-01-01; n = 5 wells (C5)"
reclen_nse_fwd_B_median_L48_C5,,,0.7435204543180632,,"median free-run NSE, Model B, fitted on 48 months before 2018-01-01; n = 5 wells (C5)"
reclen_nse_fwd_B_median_L60_C5,,,0.7709729103646427,,"median free-run NSE, Model B, fitted on 60 months before 2018-01-01; n = 5 wells (C5)"
reclen_nse_fwd_B_median_L80_C5,,,0.7270166449700783,,"median free-run NSE, Model B, fitted on 80 months before 2018-01-01; n = 5 wells (C5)"
reclen_nse_fwd_B_median_L100_C5,,,0.8018965610814938,,"median free-run NSE, Model B, fitted on 100 months before 2018-01-01; n = 4 wells (C5)"
reclen_nse_fwd_B_median_L120_C5,,,0.812046850516645,,"median free-run NSE, Model B, fitted on 120 months before 2018-01-01; n = 3 wells (C5)"
reclen_nse_fwd_B_median_Lfull_C5,,,0.8145435371355597,,"median free-run NSE, Model B, fitted on full months before 2018-01-01; n = 5 wells (C5)"
reclen_nse_rev_A_median_L24_all,,,0.6013648184088543,,"median free-run NSE, Model A, fitted on 24 months from 2018-01-01; n = 66 wells (all)"
reclen_nse_rev_A_median_L36_all,,,0.5763046276284036,,"median free-run NSE, Model A, fitted on 36 months from 2018-01-01; n = 66 wells (all)"
reclen_nse_rev_A_median_L48_all,,,0.5044320669565074,,"median free-run NSE, Model A, fitted on 48 months from 2018-01-01; n = 66 wells (all)"
reclen_nse_rev_A_median_L60_all,,,0.4825302342632245,,"median free-run NSE, Model A, fitted on 60 months from 2018-01-01; n = 66 wells (all)"
reclen_nse_rev_A_median_L80_all,,,0.6784728776856912,,"median free-run NSE, Model A, fitted on 80 months from 2018-01-01; n = 63 wells (all)"
reclen_nse_rev_A_median_Lfull_all,,,0.6737312915987114,,"median free-run NSE, Model A, fitted on full months from 2018-01-01; n = 66 wells (all)"
reclen_nse_rev_B_median_L24_all,,,0.6844689148928078,,"median free-run NSE, Model B, fitted on 24 months from 2018-01-01; n = 66 wells (all)"
reclen_nse_rev_B_median_L36_all,,,0.6767581959015649,,"median free-run NSE, Model B, fitted on 36 months from 2018-01-01; n = 66 wells (all)"
reclen_nse_rev_B_median_L48_all,,,0.6663046067525875,,"median free-run NSE, Model B, fitted on 48 months from 2018-01-01; n = 66 wells (all)"
reclen_nse_rev_B_median_L60_all,,,0.6611869674056212,,"median free-run NSE, Model B, fitted on 60 months from 2018-01-01; n = 66 wells (all)"
reclen_nse_rev_B_median_L80_all,,,0.7631618420638644,,"median free-run NSE, Model B, fitted on 80 months from 2018-01-01; n = 63 wells (all)"
reclen_nse_rev_B_median_Lfull_all,,,0.7776478983988084,,"median free-run NSE, Model B, fitted on full months from 2018-01-01; n = 66 wells (all)"
reclen_nse_rev_A_median_L24_C1,,,0.46499574111553454,,"median free-run NSE, Model A, fitted on 24 months from 2018-01-01; n = 7 wells (C1)"
reclen_nse_rev_A_median_L36_C1,,,0.45345289447969284,,"median free-run NSE, Model A, fitted on 36 months from 2018-01-01; n = 7 wells (C1)"
reclen_nse_rev_A_median_L48_C1,,,0.3588474905310488,,"median free-run NSE, Model A, fitted on 48 months from 2018-01-01; n = 7 wells (C1)"
reclen_nse_rev_A_median_L60_C1,,,0.27553808817701264,,"median free-run NSE, Model A, fitted on 60 months from 2018-01-01; n = 7 wells (C1)"
reclen_nse_rev_A_median_L80_C1,,,0.4249926378482808,,"median free-run NSE, Model A, fitted on 80 months from 2018-01-01; n = 7 wells (C1)"
reclen_nse_rev_A_median_Lfull_C1,,,0.42308790142775043,,"median free-run NSE, Model A, fitted on full months from 2018-01-01; n = 7 wells (C1)"
reclen_nse_rev_B_median_L24_C1,,,0.7406484883386675,,"median free-run NSE, Model B, fitted on 24 months from 2018-01-01; n = 7 wells (C1)"
reclen_nse_rev_B_median_L36_C1,,,0.792762611305024,,"median free-run NSE, Model B, fitted on 36 months from 2018-01-01; n = 7 wells (C1)"
reclen_nse_rev_B_median_L48_C1,,,0.7574483958717296,,"median free-run NSE, Model B, fitted on 48 months from 2018-01-01; n = 7 wells (C1)"
reclen_nse_rev_B_median_L60_C1,,,0.7446309739042802,,"median free-run NSE, Model B, fitted on 60 months from 2018-01-01; n = 7 wells (C1)"
reclen_nse_rev_B_median_L80_C1,,,0.8066234667451063,,"median free-run NSE, Model B, fitted on 80 months from 2018-01-01; n = 7 wells (C1)"
reclen_nse_rev_B_median_Lfull_C1,,,0.8263918506546089,,"median free-run NSE, Model B, fitted on full months from 2018-01-01; n = 7 wells (C1)"
reclen_nse_rev_A_median_L24_C2,,,0.603570456454124,,"median free-run NSE, Model A, fitted on 24 months from 2018-01-01; n = 19 wells (C2)"
reclen_nse_rev_A_median_L36_C2,,,0.6719450163868739,,"median free-run NSE, Model A, fitted on 36 months from 2018-01-01; n = 19 wells (C2)"
reclen_nse_rev_A_median_L48_C2,,,0.5136717479128092,,"median free-run NSE, Model A, fitted on 48 months from 2018-01-01; n = 19 wells (C2)"
reclen_nse_rev_A_median_L60_C2,,,0.4855705105963466,,"median free-run NSE, Model A, fitted on 60 months from 2018-01-01; n = 19 wells (C2)"
reclen_nse_rev_A_median_L80_C2,,,0.7141664412074755,,"median free-run NSE, Model A, fitted on 80 months from 2018-01-01; n = 17 wells (C2)"
reclen_nse_rev_A_median_Lfull_C2,,,0.7046292489929494,,"median free-run NSE, Model A, fitted on full months from 2018-01-01; n = 19 wells (C2)"
reclen_nse_rev_B_median_L24_C2,,,0.754617256699499,,"median free-run NSE, Model B, fitted on 24 months from 2018-01-01; n = 19 wells (C2)"
reclen_nse_rev_B_median_L36_C2,,,0.827756247951466,,"median free-run NSE, Model B, fitted on 36 months from 2018-01-01; n = 19 wells (C2)"
reclen_nse_rev_B_median_L48_C2,,,0.7425393842910657,,"median free-run NSE, Model B, fitted on 48 months from 2018-01-01; n = 19 wells (C2)"
reclen_nse_rev_B_median_L60_C2,,,0.7212348823125476,,"median free-run NSE, Model B, fitted on 60 months from 2018-01-01; n = 19 wells (C2)"
reclen_nse_rev_B_median_L80_C2,,,0.8182444912175639,,"median free-run NSE, Model B, fitted on 80 months from 2018-01-01; n = 17 wells (C2)"
reclen_nse_rev_B_median_Lfull_C2,,,0.8059016858307102,,"median free-run NSE, Model B, fitted on full months from 2018-01-01; n = 19 wells (C2)"
reclen_nse_rev_A_median_L24_C3,,,0.6943478309638573,,"median free-run NSE, Model A, fitted on 24 months from 2018-01-01; n = 26 wells (C3)"
reclen_nse_rev_A_median_L36_C3,,,0.5979669939505526,,"median free-run NSE, Model A, fitted on 36 months from 2018-01-01; n = 26 wells (C3)"
reclen_nse_rev_A_median_L48_C3,,,0.5798143433557865,,"median free-run NSE, Model A, fitted on 48 months from 2018-01-01; n = 26 wells (C3)"
reclen_nse_rev_A_median_L60_C3,,,0.606598932642405,,"median free-run NSE, Model A, fitted on 60 months from 2018-01-01; n = 26 wells (C3)"
reclen_nse_rev_A_median_L80_C3,,,0.7229640829996966,,"median free-run NSE, Model A, fitted on 80 months from 2018-01-01; n = 25 wells (C3)"
reclen_nse_rev_A_median_Lfull_C3,,,0.7190974385096522,,"median free-run NSE, Model A, fitted on full months from 2018-01-01; n = 26 wells (C3)"
reclen_nse_rev_B_median_L24_C3,,,0.6294955160463238,,"median free-run NSE, Model B, fitted on 24 months from 2018-01-01; n = 26 wells (C3)"
reclen_nse_rev_B_median_L36_C3,,,0.5813574601618995,,"median free-run NSE, Model B, fitted on 36 months from 2018-01-01; n = 26 wells (C3)"
reclen_nse_rev_B_median_L48_C3,,,0.5819845173053007,,"median free-run NSE, Model B, fitted on 48 months from 2018-01-01; n = 26 wells (C3)"
reclen_nse_rev_B_median_L60_C3,,,0.6033917307560608,,"median free-run NSE, Model B, fitted on 60 months from 2018-01-01; n = 26 wells (C3)"
reclen_nse_rev_B_median_L80_C3,,,0.7219605810387012,,"median free-run NSE, Model B, fitted on 80 months from 2018-01-01; n = 25 wells (C3)"
reclen_nse_rev_B_median_Lfull_C3,,,0.7436220640203324,,"median free-run NSE, Model B, fitted on full months from 2018-01-01; n = 26 wells (C3)"
reclen_nse_rev_A_median_L24_C4,,,0.561853938402888,,"median free-run NSE, Model A, fitted on 24 months from 2018-01-01; n = 9 wells (C4)"
reclen_nse_rev_A_median_L36_C4,,,-9.164990121752053,,"median free-run NSE, Model A, fitted on 36 months from 2018-01-01; n = 9 wells (C4)"
reclen_nse_rev_A_median_L48_C4,,,-3.4731363698399695,,"median free-run NSE, Model A, fitted on 48 months from 2018-01-01; n = 9 wells (C4)"
reclen_nse_rev_A_median_L60_C4,,,-0.5969725374903869,,"median free-run NSE, Model A, fitted on 60 months from 2018-01-01; n = 9 wells (C4)"
reclen_nse_rev_A_median_L80_C4,,,-0.33464812006500644,,"median free-run NSE, Model A, fitted on 80 months from 2018-01-01; n = 9 wells (C4)"
reclen_nse_rev_A_median_Lfull_C4,,,0.1836570214047718,,"median free-run NSE, Model A, fitted on full months from 2018-01-01; n = 9 wells (C4)"
reclen_nse_rev_B_median_L24_C4,,,0.3358499803683276,,"median free-run NSE, Model B, fitted on 24 months from 2018-01-01; n = 9 wells (C4)"
reclen_nse_rev_B_median_L36_C4,,,-3174.01571670346,,"median free-run NSE, Model B, fitted on 36 months from 2018-01-01; n = 9 wells (C4)"
reclen_nse_rev_B_median_L48_C4,,,-7.031570756340773,,"median free-run NSE, Model B, fitted on 48 months from 2018-01-01; n = 9 wells (C4)"
reclen_nse_rev_B_median_L60_C4,,,-1.0111112631052017,,"median free-run NSE, Model B, fitted on 60 months from 2018-01-01; n = 9 wells (C4)"
reclen_nse_rev_B_median_L80_C4,,,-0.183256642861108,,"median free-run NSE, Model B, fitted on 80 months from 2018-01-01; n = 9 wells (C4)"
reclen_nse_rev_B_median_Lfull_C4,,,0.20239343559725276,,"median free-run NSE, Model B, fitted on full months from 2018-01-01; n = 9 wells (C4)"
reclen_nse_rev_A_median_L24_C5,,,0.6748598583330065,,"median free-run NSE, Model A, fitted on 24 months from 2018-01-01; n = 5 wells (C5)"
reclen_nse_rev_A_median_L36_C5,,,0.7386197732128374,,"median free-run NSE, Model A, fitted on 36 months from 2018-01-01; n = 5 wells (C5)"
reclen_nse_rev_A_median_L48_C5,,,0.7086337977884076,,"median free-run NSE, Model A, fitted on 48 months from 2018-01-01; n = 5 wells (C5)"
reclen_nse_rev_A_median_L60_C5,,,0.6915250664180659,,"median free-run NSE, Model A, fitted on 60 months from 2018-01-01; n = 5 wells (C5)"
reclen_nse_rev_A_median_L80_C5,,,0.7572824669739135,,"median free-run NSE, Model A, fitted on 80 months from 2018-01-01; n = 5 wells (C5)"
reclen_nse_rev_A_median_Lfull_C5,,,0.7766538529602527,,"median free-run NSE, Model A, fitted on full months from 2018-01-01; n = 5 wells (C5)"
reclen_nse_rev_B_median_L24_C5,,,0.4246522404928932,,"median free-run NSE, Model B, fitted on 24 months from 2018-01-01; n = 5 wells (C5)"
reclen_nse_rev_B_median_L36_C5,,,0.7063555659986931,,"median free-run NSE, Model B, fitted on 36 months from 2018-01-01; n = 5 wells (C5)"
reclen_nse_rev_B_median_L48_C5,,,0.666045302030657,,"median free-run NSE, Model B, fitted on 48 months from 2018-01-01; n = 5 wells (C5)"
reclen_nse_rev_B_median_L60_C5,,,0.6665371938430178,,"median free-run NSE, Model B, fitted on 60 months from 2018-01-01; n = 5 wells (C5)"
reclen_nse_rev_B_median_L80_C5,,,0.756481738624194,,"median free-run NSE, Model B, fitted on 80 months from 2018-01-01; n = 5 wells (C5)"
reclen_nse_rev_B_median_Lfull_C5,,,0.715766119979804,,"median free-run NSE, Model B, fitted on full months from 2018-01-01; n = 5 wells (C5)"
reclen_beta3_reldev_A_median_L24_all,,,0.15803309169676494,fraction,"median over wells of the median over placements of |beta_3(L)/beta_3(full) - 1|, Model A, L = 24; n = 65 wells (all)"
reclen_identified_share_A_median_L24_all,,,0.8888888888888888,fraction,median over wells of the share of placements of 24 months on which Model A's beta_3 is identified; n = 66 wells (all)
reclen_beta3_reldev_A_median_L36_all,,,0.12024545517749097,fraction,"median over wells of the median over placements of |beta_3(L)/beta_3(full) - 1|, Model A, L = 36; n = 65 wells (all)"
reclen_identified_share_A_median_L36_all,,,1.0,fraction,median over wells of the share of placements of 36 months on which Model A's beta_3 is identified; n = 66 wells (all)
reclen_beta3_reldev_A_median_L48_all,,,0.10797567787457762,fraction,"median over wells of the median over placements of |beta_3(L)/beta_3(full) - 1|, Model A, L = 48; n = 65 wells (all)"
reclen_identified_share_A_median_L48_all,,,1.0,fraction,median over wells of the share of placements of 48 months on which Model A's beta_3 is identified; n = 66 wells (all)
reclen_beta3_reldev_A_median_L60_all,,,0.08863612852890829,fraction,"median over wells of the median over placements of |beta_3(L)/beta_3(full) - 1|, Model A, L = 60; n = 65 wells (all)"
reclen_identified_share_A_median_L60_all,,,1.0,fraction,median over wells of the share of placements of 60 months on which Model A's beta_3 is identified; n = 66 wells (all)
reclen_beta3_reldev_A_median_L80_all,,,0.05613292932526148,fraction,"median over wells of the median over placements of |beta_3(L)/beta_3(full) - 1|, Model A, L = 80; n = 65 wells (all)"
reclen_identified_share_A_median_L80_all,,,1.0,fraction,median over wells of the share of placements of 80 months on which Model A's beta_3 is identified; n = 66 wells (all)
reclen_beta3_reldev_A_median_L100_all,,,0.054137741426640185,fraction,"median over wells of the median over placements of |beta_3(L)/beta_3(full) - 1|, Model A, L = 100; n = 65 wells (all)"
reclen_identified_share_A_median_L100_all,,,1.0,fraction,median over wells of the share of placements of 100 months on which Model A's beta_3 is identified; n = 66 wells (all)
reclen_beta3_reldev_A_median_L120_all,,,0.058911700148417845,fraction,"median over wells of the median over placements of |beta_3(L)/beta_3(full) - 1|, Model A, L = 120; n = 65 wells (all)"
reclen_identified_share_A_median_L120_all,,,1.0,fraction,median over wells of the share of placements of 120 months on which Model A's beta_3 is identified; n = 66 wells (all)
reclen_beta3_reldev_A_median_L144_all,,,0.027602715372986864,fraction,"median over wells of the median over placements of |beta_3(L)/beta_3(full) - 1|, Model A, L = 144; n = 62 wells (all)"
reclen_identified_share_A_median_L144_all,,,1.0,fraction,median over wells of the share of placements of 144 months on which Model A's beta_3 is identified; n = 63 wells (all)
reclen_beta3_reldev_B_median_L24_all,,,0.376109911782513,fraction,"median over wells of the median over placements of |beta_3(L)/beta_3(full) - 1|, Model B, L = 24; n = 66 wells (all)"
reclen_identified_share_B_median_L24_all,,,0.6,fraction,median over wells of the share of placements of 24 months on which Model B's beta_3 is identified; n = 66 wells (all)
reclen_beta3_reldev_B_median_L36_all,,,0.199477238267796,fraction,"median over wells of the median over placements of |beta_3(L)/beta_3(full) - 1|, Model B, L = 36; n = 66 wells (all)"
reclen_identified_share_B_median_L36_all,,,0.8,fraction,median over wells of the share of placements of 36 months on which Model B's beta_3 is identified; n = 66 wells (all)
reclen_beta3_reldev_B_median_L48_all,,,0.21089438840647057,fraction,"median over wells of the median over placements of |beta_3(L)/beta_3(full) - 1|, Model B, L = 48; n = 66 wells (all)"
reclen_identified_share_B_median_L48_all,,,1.0,fraction,median over wells of the share of placements of 48 months on which Model B's beta_3 is identified; n = 66 wells (all)
reclen_beta3_reldev_B_median_L60_all,,,0.1183314146364216,fraction,"median over wells of the median over placements of |beta_3(L)/beta_3(full) - 1|, Model B, L = 60; n = 66 wells (all)"
reclen_identified_share_B_median_L60_all,,,1.0,fraction,median over wells of the share of placements of 60 months on which Model B's beta_3 is identified; n = 66 wells (all)
reclen_beta3_reldev_B_median_L80_all,,,0.12769657228388126,fraction,"median over wells of the median over placements of |beta_3(L)/beta_3(full) - 1|, Model B, L = 80; n = 66 wells (all)"
reclen_identified_share_B_median_L80_all,,,1.0,fraction,median over wells of the share of placements of 80 months on which Model B's beta_3 is identified; n = 66 wells (all)
reclen_beta3_reldev_B_median_L100_all,,,0.0788997866860828,fraction,"median over wells of the median over placements of |beta_3(L)/beta_3(full) - 1|, Model B, L = 100; n = 66 wells (all)"
reclen_identified_share_B_median_L100_all,,,1.0,fraction,median over wells of the share of placements of 100 months on which Model B's beta_3 is identified; n = 66 wells (all)
reclen_beta3_reldev_B_median_L120_all,,,0.043516577910762966,fraction,"median over wells of the median over placements of |beta_3(L)/beta_3(full) - 1|, Model B, L = 120; n = 66 wells (all)"
reclen_identified_share_B_median_L120_all,,,1.0,fraction,median over wells of the share of placements of 120 months on which Model B's beta_3 is identified; n = 66 wells (all)
reclen_beta3_reldev_B_median_L144_all,,,0.049683752356099564,fraction,"median over wells of the median over placements of |beta_3(L)/beta_3(full) - 1|, Model B, L = 144; n = 63 wells (all)"
reclen_identified_share_B_median_L144_all,,,1.0,fraction,median over wells of the share of placements of 144 months on which Model B's beta_3 is identified; n = 63 wells (all)
reclen_beta3_reldev_A_median_L24_C1,,,0.13631568397466087,fraction,"median over wells of the median over placements of |beta_3(L)/beta_3(full) - 1|, Model A, L = 24; n = 7 wells (C1)"
reclen_identified_share_A_median_L24_C1,,,1.0,fraction,median over wells of the share of placements of 24 months on which Model A's beta_3 is identified; n = 7 wells (C1)
reclen_beta3_reldev_A_median_L36_C1,,,0.12335297140713508,fraction,"median over wells of the median over placements of |beta_3(L)/beta_3(full) - 1|, Model A, L = 36; n = 7 wells (C1)"
reclen_identified_share_A_median_L36_C1,,,1.0,fraction,median over wells of the share of placements of 36 months on which Model A's beta_3 is identified; n = 7 wells (C1)
reclen_beta3_reldev_A_median_L48_C1,,,0.15099410746886638,fraction,"median over wells of the median over placements of |beta_3(L)/beta_3(full) - 1|, Model A, L = 48; n = 7 wells (C1)"
reclen_identified_share_A_median_L48_C1,,,1.0,fraction,median over wells of the share of placements of 48 months on which Model A's beta_3 is identified; n = 7 wells (C1)
reclen_beta3_reldev_A_median_L60_C1,,,0.06669232160093552,fraction,"median over wells of the median over placements of |beta_3(L)/beta_3(full) - 1|, Model A, L = 60; n = 7 wells (C1)"
reclen_identified_share_A_median_L60_C1,,,1.0,fraction,median over wells of the share of placements of 60 months on which Model A's beta_3 is identified; n = 7 wells (C1)
reclen_beta3_reldev_A_median_L80_C1,,,0.09003073402379175,fraction,"median over wells of the median over placements of |beta_3(L)/beta_3(full) - 1|, Model A, L = 80; n = 7 wells (C1)"
reclen_identified_share_A_median_L80_C1,,,1.0,fraction,median over wells of the share of placements of 80 months on which Model A's beta_3 is identified; n = 7 wells (C1)
reclen_beta3_reldev_A_median_L100_C1,,,0.09155659041344044,fraction,"median over wells of the median over placements of |beta_3(L)/beta_3(full) - 1|, Model A, L = 100; n = 7 wells (C1)"
reclen_identified_share_A_median_L100_C1,,,1.0,fraction,median over wells of the share of placements of 100 months on which Model A's beta_3 is identified; n = 7 wells (C1)
reclen_beta3_reldev_A_median_L120_C1,,,0.08020479049812335,fraction,"median over wells of the median over placements of |beta_3(L)/beta_3(full) - 1|, Model A, L = 120; n = 7 wells (C1)"
reclen_identified_share_A_median_L120_C1,,,1.0,fraction,median over wells of the share of placements of 120 months on which Model A's beta_3 is identified; n = 7 wells (C1)
reclen_beta3_reldev_A_median_L144_C1,,,0.024991885459090035,fraction,"median over wells of the median over placements of |beta_3(L)/beta_3(full) - 1|, Model A, L = 144; n = 7 wells (C1)"
reclen_identified_share_A_median_L144_C1,,,1.0,fraction,median over wells of the share of placements of 144 months on which Model A's beta_3 is identified; n = 7 wells (C1)
reclen_beta3_reldev_B_median_L24_C1,,,0.20710911487140393,fraction,"median over wells of the median over placements of |beta_3(L)/beta_3(full) - 1|, Model B, L = 24; n = 7 wells (C1)"
reclen_identified_share_B_median_L24_C1,,,1.0,fraction,median over wells of the share of placements of 24 months on which Model B's beta_3 is identified; n = 7 wells (C1)
reclen_beta3_reldev_B_median_L36_C1,,,0.155318992612897,fraction,"median over wells of the median over placements of |beta_3(L)/beta_3(full) - 1|, Model B, L = 36; n = 7 wells (C1)"
reclen_identified_share_B_median_L36_C1,,,1.0,fraction,median over wells of the share of placements of 36 months on which Model B's beta_3 is identified; n = 7 wells (C1)
reclen_beta3_reldev_B_median_L48_C1,,,0.22015993580622523,fraction,"median over wells of the median over placements of |beta_3(L)/beta_3(full) - 1|, Model B, L = 48; n = 7 wells (C1)"
reclen_identified_share_B_median_L48_C1,,,1.0,fraction,median over wells of the share of placements of 48 months on which Model B's beta_3 is identified; n = 7 wells (C1)
reclen_beta3_reldev_B_median_L60_C1,,,0.11091046903755541,fraction,"median over wells of the median over placements of |beta_3(L)/beta_3(full) - 1|, Model B, L = 60; n = 7 wells (C1)"
reclen_identified_share_B_median_L60_C1,,,1.0,fraction,median over wells of the share of placements of 60 months on which Model B's beta_3 is identified; n = 7 wells (C1)
reclen_beta3_reldev_B_median_L80_C1,,,0.06346914106969054,fraction,"median over wells of the median over placements of |beta_3(L)/beta_3(full) - 1|, Model B, L = 80; n = 7 wells (C1)"
reclen_identified_share_B_median_L80_C1,,,1.0,fraction,median over wells of the share of placements of 80 months on which Model B's beta_3 is identified; n = 7 wells (C1)
reclen_beta3_reldev_B_median_L100_C1,,,0.07880526661510356,fraction,"median over wells of the median over placements of |beta_3(L)/beta_3(full) - 1|, Model B, L = 100; n = 7 wells (C1)"
reclen_identified_share_B_median_L100_C1,,,1.0,fraction,median over wells of the share of placements of 100 months on which Model B's beta_3 is identified; n = 7 wells (C1)
reclen_beta3_reldev_B_median_L120_C1,,,0.03521648368875141,fraction,"median over wells of the median over placements of |beta_3(L)/beta_3(full) - 1|, Model B, L = 120; n = 7 wells (C1)"
reclen_identified_share_B_median_L120_C1,,,1.0,fraction,median over wells of the share of placements of 120 months on which Model B's beta_3 is identified; n = 7 wells (C1)
reclen_beta3_reldev_B_median_L144_C1,,,0.039115562450157126,fraction,"median over wells of the median over placements of |beta_3(L)/beta_3(full) - 1|, Model B, L = 144; n = 7 wells (C1)"
reclen_identified_share_B_median_L144_C1,,,1.0,fraction,median over wells of the share of placements of 144 months on which Model B's beta_3 is identified; n = 7 wells (C1)
reclen_beta3_reldev_A_median_L24_C2,,,0.14271201807893358,fraction,"median over wells of the median over placements of |beta_3(L)/beta_3(full) - 1|, Model A, L = 24; n = 19 wells (C2)"
reclen_identified_share_A_median_L24_C2,,,1.0,fraction,median over wells of the share of placements of 24 months on which Model A's beta_3 is identified; n = 19 wells (C2)
reclen_beta3_reldev_A_median_L36_C2,,,0.09284163686413982,fraction,"median over wells of the median over placements of |beta_3(L)/beta_3(full) - 1|, Model A, L = 36; n = 19 wells (C2)"
reclen_identified_share_A_median_L36_C2,,,1.0,fraction,median over wells of the share of placements of 36 months on which Model A's beta_3 is identified; n = 19 wells (C2)
reclen_beta3_reldev_A_median_L48_C2,,,0.08805481099017598,fraction,"median over wells of the median over placements of |beta_3(L)/beta_3(full) - 1|, Model A, L = 48; n = 19 wells (C2)"
reclen_identified_share_A_median_L48_C2,,,1.0,fraction,median over wells of the share of placements of 48 months on which Model A's beta_3 is identified; n = 19 wells (C2)
reclen_beta3_reldev_A_median_L60_C2,,,0.08154025972257661,fraction,"median over wells of the median over placements of |beta_3(L)/beta_3(full) - 1|, Model A, L = 60; n = 19 wells (C2)"
reclen_identified_share_A_median_L60_C2,,,1.0,fraction,median over wells of the share of placements of 60 months on which Model A's beta_3 is identified; n = 19 wells (C2)
reclen_beta3_reldev_A_median_L80_C2,,,0.04941054656411209,fraction,"median over wells of the median over placements of |beta_3(L)/beta_3(full) - 1|, Model A, L = 80; n = 19 wells (C2)"
reclen_identified_share_A_median_L80_C2,,,1.0,fraction,median over wells of the share of placements of 80 months on which Model A's beta_3 is identified; n = 19 wells (C2)
reclen_beta3_reldev_A_median_L100_C2,,,0.050078559584635474,fraction,"median over wells of the median over placements of |beta_3(L)/beta_3(full) - 1|, Model A, L = 100; n = 19 wells (C2)"
reclen_identified_share_A_median_L100_C2,,,1.0,fraction,median over wells of the share of placements of 100 months on which Model A's beta_3 is identified; n = 19 wells (C2)
reclen_beta3_reldev_A_median_L120_C2,,,0.06736322557046892,fraction,"median over wells of the median over placements of |beta_3(L)/beta_3(full) - 1|, Model A, L = 120; n = 19 wells (C2)"
reclen_identified_share_A_median_L120_C2,,,1.0,fraction,median over wells of the share of placements of 120 months on which Model A's beta_3 is identified; n = 19 wells (C2)
reclen_beta3_reldev_A_median_L144_C2,,,0.019049162781325513,fraction,"median over wells of the median over placements of |beta_3(L)/beta_3(full) - 1|, Model A, L = 144; n = 19 wells (C2)"
reclen_identified_share_A_median_L144_C2,,,1.0,fraction,median over wells of the share of placements of 144 months on which Model A's beta_3 is identified; n = 19 wells (C2)
reclen_beta3_reldev_B_median_L24_C2,,,0.25594548039845066,fraction,"median over wells of the median over placements of |beta_3(L)/beta_3(full) - 1|, Model B, L = 24; n = 19 wells (C2)"
reclen_identified_share_B_median_L24_C2,,,0.75,fraction,median over wells of the share of placements of 24 months on which Model B's beta_3 is identified; n = 19 wells (C2)
reclen_beta3_reldev_B_median_L36_C2,,,0.14574733192013611,fraction,"median over wells of the median over placements of |beta_3(L)/beta_3(full) - 1|, Model B, L = 36; n = 19 wells (C2)"
reclen_identified_share_B_median_L36_C2,,,1.0,fraction,median over wells of the share of placements of 36 months on which Model B's beta_3 is identified; n = 19 wells (C2)
reclen_beta3_reldev_B_median_L48_C2,,,0.16409824917640958,fraction,"median over wells of the median over placements of |beta_3(L)/beta_3(full) - 1|, Model B, L = 48; n = 19 wells (C2)"
reclen_identified_share_B_median_L48_C2,,,1.0,fraction,median over wells of the share of placements of 48 months on which Model B's beta_3 is identified; n = 19 wells (C2)
reclen_beta3_reldev_B_median_L60_C2,,,0.0701381543493238,fraction,"median over wells of the median over placements of |beta_3(L)/beta_3(full) - 1|, Model B, L = 60; n = 19 wells (C2)"
reclen_identified_share_B_median_L60_C2,,,1.0,fraction,median over wells of the share of placements of 60 months on which Model B's beta_3 is identified; n = 19 wells (C2)
reclen_beta3_reldev_B_median_L80_C2,,,0.11947383696050184,fraction,"median over wells of the median over placements of |beta_3(L)/beta_3(full) - 1|, Model B, L = 80; n = 19 wells (C2)"
reclen_identified_share_B_median_L80_C2,,,1.0,fraction,median over wells of the share of placements of 80 months on which Model B's beta_3 is identified; n = 19 wells (C2)
reclen_beta3_reldev_B_median_L100_C2,,,0.047800023790891766,fraction,"median over wells of the median over placements of |beta_3(L)/beta_3(full) - 1|, Model B, L = 100; n = 19 wells (C2)"
reclen_identified_share_B_median_L100_C2,,,1.0,fraction,median over wells of the share of placements of 100 months on which Model B's beta_3 is identified; n = 19 wells (C2)
reclen_beta3_reldev_B_median_L120_C2,,,0.04336411165752052,fraction,"median over wells of the median over placements of |beta_3(L)/beta_3(full) - 1|, Model B, L = 120; n = 19 wells (C2)"
reclen_identified_share_B_median_L120_C2,,,1.0,fraction,median over wells of the share of placements of 120 months on which Model B's beta_3 is identified; n = 19 wells (C2)
reclen_beta3_reldev_B_median_L144_C2,,,0.04012751995871078,fraction,"median over wells of the median over placements of |beta_3(L)/beta_3(full) - 1|, Model B, L = 144; n = 19 wells (C2)"
reclen_identified_share_B_median_L144_C2,,,1.0,fraction,median over wells of the share of placements of 144 months on which Model B's beta_3 is identified; n = 19 wells (C2)
reclen_beta3_reldev_A_median_L24_C3,,,0.1577733339277026,fraction,"median over wells of the median over placements of |beta_3(L)/beta_3(full) - 1|, Model A, L = 24; n = 26 wells (C3)"
reclen_identified_share_A_median_L24_C3,,,0.8819444444444444,fraction,median over wells of the share of placements of 24 months on which Model A's beta_3 is identified; n = 26 wells (C3)
reclen_beta3_reldev_A_median_L36_C3,,,0.09929526864981053,fraction,"median over wells of the median over placements of |beta_3(L)/beta_3(full) - 1|, Model A, L = 36; n = 26 wells (C3)"
reclen_identified_share_A_median_L36_C3,,,1.0,fraction,median over wells of the share of placements of 36 months on which Model A's beta_3 is identified; n = 26 wells (C3)
reclen_beta3_reldev_A_median_L48_C3,,,0.0763297664904039,fraction,"median over wells of the median over placements of |beta_3(L)/beta_3(full) - 1|, Model A, L = 48; n = 26 wells (C3)"
reclen_identified_share_A_median_L48_C3,,,1.0,fraction,median over wells of the share of placements of 48 months on which Model A's beta_3 is identified; n = 26 wells (C3)
reclen_beta3_reldev_A_median_L60_C3,,,0.07236442183918662,fraction,"median over wells of the median over placements of |beta_3(L)/beta_3(full) - 1|, Model A, L = 60; n = 26 wells (C3)"
reclen_identified_share_A_median_L60_C3,,,1.0,fraction,median over wells of the share of placements of 60 months on which Model A's beta_3 is identified; n = 26 wells (C3)
reclen_beta3_reldev_A_median_L80_C3,,,0.049299362252725104,fraction,"median over wells of the median over placements of |beta_3(L)/beta_3(full) - 1|, Model A, L = 80; n = 26 wells (C3)"
reclen_identified_share_A_median_L80_C3,,,1.0,fraction,median over wells of the share of placements of 80 months on which Model A's beta_3 is identified; n = 26 wells (C3)
reclen_beta3_reldev_A_median_L100_C3,,,0.048631695659302254,fraction,"median over wells of the median over placements of |beta_3(L)/beta_3(full) - 1|, Model A, L = 100; n = 26 wells (C3)"
reclen_identified_share_A_median_L100_C3,,,1.0,fraction,median over wells of the share of placements of 100 months on which Model A's beta_3 is identified; n = 26 wells (C3)
reclen_beta3_reldev_A_median_L120_C3,,,0.03895826805301361,fraction,"median over wells of the median over placements of |beta_3(L)/beta_3(full) - 1|, Model A, L = 120; n = 26 wells (C3)"
reclen_identified_share_A_median_L120_C3,,,1.0,fraction,median over wells of the share of placements of 120 months on which Model A's beta_3 is identified; n = 26 wells (C3)
reclen_beta3_reldev_A_median_L144_C3,,,0.03267407415458168,fraction,"median over wells of the median over placements of |beta_3(L)/beta_3(full) - 1|, Model A, L = 144; n = 23 wells (C3)"
reclen_identified_share_A_median_L144_C3,,,1.0,fraction,median over wells of the share of placements of 144 months on which Model A's beta_3 is identified; n = 23 wells (C3)
reclen_beta3_reldev_B_median_L24_C3,,,0.40482132501693757,fraction,"median over wells of the median over placements of |beta_3(L)/beta_3(full) - 1|, Model B, L = 24; n = 26 wells (C3)"
reclen_identified_share_B_median_L24_C3,,,0.5,fraction,median over wells of the share of placements of 24 months on which Model B's beta_3 is identified; n = 26 wells (C3)
reclen_beta3_reldev_B_median_L36_C3,,,0.199477238267796,fraction,"median over wells of the median over placements of |beta_3(L)/beta_3(full) - 1|, Model B, L = 36; n = 26 wells (C3)"
reclen_identified_share_B_median_L36_C3,,,0.6666666666666666,fraction,median over wells of the share of placements of 36 months on which Model B's beta_3 is identified; n = 26 wells (C3)
reclen_beta3_reldev_B_median_L48_C3,,,0.2072576991313892,fraction,"median over wells of the median over placements of |beta_3(L)/beta_3(full) - 1|, Model B, L = 48; n = 26 wells (C3)"
reclen_identified_share_B_median_L48_C3,,,0.7083333333333333,fraction,median over wells of the share of placements of 48 months on which Model B's beta_3 is identified; n = 26 wells (C3)
reclen_beta3_reldev_B_median_L60_C3,,,0.13660295677687548,fraction,"median over wells of the median over placements of |beta_3(L)/beta_3(full) - 1|, Model B, L = 60; n = 26 wells (C3)"
reclen_identified_share_B_median_L60_C3,,,1.0,fraction,median over wells of the share of placements of 60 months on which Model B's beta_3 is identified; n = 26 wells (C3)
reclen_beta3_reldev_B_median_L80_C3,,,0.14157000846305245,fraction,"median over wells of the median over placements of |beta_3(L)/beta_3(full) - 1|, Model B, L = 80; n = 26 wells (C3)"
reclen_identified_share_B_median_L80_C3,,,1.0,fraction,median over wells of the share of placements of 80 months on which Model B's beta_3 is identified; n = 26 wells (C3)
reclen_beta3_reldev_B_median_L100_C3,,,0.0800514307662542,fraction,"median over wells of the median over placements of |beta_3(L)/beta_3(full) - 1|, Model B, L = 100; n = 26 wells (C3)"
reclen_identified_share_B_median_L100_C3,,,1.0,fraction,median over wells of the share of placements of 100 months on which Model B's beta_3 is identified; n = 26 wells (C3)
reclen_beta3_reldev_B_median_L120_C3,,,0.04172648619167685,fraction,"median over wells of the median over placements of |beta_3(L)/beta_3(full) - 1|, Model B, L = 120; n = 26 wells (C3)"
reclen_identified_share_B_median_L120_C3,,,1.0,fraction,median over wells of the share of placements of 120 months on which Model B's beta_3 is identified; n = 26 wells (C3)
reclen_beta3_reldev_B_median_L144_C3,,,0.049683752356099564,fraction,"median over wells of the median over placements of |beta_3(L)/beta_3(full) - 1|, Model B, L = 144; n = 23 wells (C3)"
reclen_identified_share_B_median_L144_C3,,,1.0,fraction,median over wells of the share of placements of 144 months on which Model B's beta_3 is identified; n = 23 wells (C3)
reclen_beta3_reldev_A_median_L24_C4,,,0.5613981793241107,fraction,"median over wells of the median over placements of |beta_3(L)/beta_3(full) - 1|, Model A, L = 24; n = 8 wells (C4)"
reclen_identified_share_A_median_L24_C4,,,0.2222222222222222,fraction,median over wells of the share of placements of 24 months on which Model A's beta_3 is identified; n = 9 wells (C4)
reclen_beta3_reldev_A_median_L36_C4,,,0.2985869965429865,fraction,"median over wells of the median over placements of |beta_3(L)/beta_3(full) - 1|, Model A, L = 36; n = 8 wells (C4)"
reclen_identified_share_A_median_L36_C4,,,0.2,fraction,median over wells of the share of placements of 36 months on which Model A's beta_3 is identified; n = 9 wells (C4)
reclen_beta3_reldev_A_median_L48_C4,,,0.265318775867864,fraction,"median over wells of the median over placements of |beta_3(L)/beta_3(full) - 1|, Model A, L = 48; n = 8 wells (C4)"
reclen_identified_share_A_median_L48_C4,,,0.3333333333333333,fraction,median over wells of the share of placements of 48 months on which Model A's beta_3 is identified; n = 9 wells (C4)
reclen_beta3_reldev_A_median_L60_C4,,,0.1830263628565551,fraction,"median over wells of the median over placements of |beta_3(L)/beta_3(full) - 1|, Model A, L = 60; n = 8 wells (C4)"
reclen_identified_share_A_median_L60_C4,,,0.3333333333333333,fraction,median over wells of the share of placements of 60 months on which Model A's beta_3 is identified; n = 9 wells (C4)
reclen_beta3_reldev_A_median_L80_C4,,,0.448308235713259,fraction,"median over wells of the median over placements of |beta_3(L)/beta_3(full) - 1|, Model A, L = 80; n = 8 wells (C4)"
reclen_identified_share_A_median_L80_C4,,,0.5,fraction,median over wells of the share of placements of 80 months on which Model A's beta_3 is identified; n = 9 wells (C4)
reclen_beta3_reldev_A_median_L100_C4,,,0.2762652328747639,fraction,"median over wells of the median over placements of |beta_3(L)/beta_3(full) - 1|, Model A, L = 100; n = 8 wells (C4)"
reclen_identified_share_A_median_L100_C4,,,1.0,fraction,median over wells of the share of placements of 100 months on which Model A's beta_3 is identified; n = 9 wells (C4)
reclen_beta3_reldev_A_median_L120_C4,,,0.1943450201376078,fraction,"median over wells of the median over placements of |beta_3(L)/beta_3(full) - 1|, Model A, L = 120; n = 8 wells (C4)"
reclen_identified_share_A_median_L120_C4,,,1.0,fraction,median over wells of the share of placements of 120 months on which Model A's beta_3 is identified; n = 9 wells (C4)
reclen_beta3_reldev_A_median_L144_C4,,,0.06269076967600495,fraction,"median over wells of the median over placements of |beta_3(L)/beta_3(full) - 1|, Model A, L = 144; n = 8 wells (C4)"
reclen_identified_share_A_median_L144_C4,,,1.0,fraction,median over wells of the share of placements of 144 months on which Model A's beta_3 is identified; n = 9 wells (C4)
reclen_beta3_reldev_B_median_L24_C4,,,1.6815019860992826,fraction,"median over wells of the median over placements of |beta_3(L)/beta_3(full) - 1|, Model B, L = 24; n = 9 wells (C4)"
reclen_identified_share_B_median_L24_C4,,,0.0,fraction,median over wells of the share of placements of 24 months on which Model B's beta_3 is identified; n = 9 wells (C4)
reclen_beta3_reldev_B_median_L36_C4,,,0.6906153992859188,fraction,"median over wells of the median over placements of |beta_3(L)/beta_3(full) - 1|, Model B, L = 36; n = 9 wells (C4)"
reclen_identified_share_B_median_L36_C4,,,0.0,fraction,median over wells of the share of placements of 36 months on which Model B's beta_3 is identified; n = 9 wells (C4)
reclen_beta3_reldev_B_median_L48_C4,,,0.7658578008904541,fraction,"median over wells of the median over placements of |beta_3(L)/beta_3(full) - 1|, Model B, L = 48; n = 9 wells (C4)"
reclen_identified_share_B_median_L48_C4,,,0.0,fraction,median over wells of the share of placements of 48 months on which Model B's beta_3 is identified; n = 9 wells (C4)
reclen_beta3_reldev_B_median_L60_C4,,,0.6547343924015308,fraction,"median over wells of the median over placements of |beta_3(L)/beta_3(full) - 1|, Model B, L = 60; n = 9 wells (C4)"
reclen_identified_share_B_median_L60_C4,,,0.0,fraction,median over wells of the share of placements of 60 months on which Model B's beta_3 is identified; n = 9 wells (C4)
reclen_beta3_reldev_B_median_L80_C4,,,0.5658253852590047,fraction,"median over wells of the median over placements of |beta_3(L)/beta_3(full) - 1|, Model B, L = 80; n = 9 wells (C4)"
reclen_identified_share_B_median_L80_C4,,,0.0,fraction,median over wells of the share of placements of 80 months on which Model B's beta_3 is identified; n = 9 wells (C4)
reclen_beta3_reldev_B_median_L100_C4,,,0.3048316338340209,fraction,"median over wells of the median over placements of |beta_3(L)/beta_3(full) - 1|, Model B, L = 100; n = 9 wells (C4)"
reclen_identified_share_B_median_L100_C4,,,0.0,fraction,median over wells of the share of placements of 100 months on which Model B's beta_3 is identified; n = 9 wells (C4)
reclen_beta3_reldev_B_median_L120_C4,,,0.30520377964058043,fraction,"median over wells of the median over placements of |beta_3(L)/beta_3(full) - 1|, Model B, L = 120; n = 9 wells (C4)"
reclen_identified_share_B_median_L120_C4,,,0.0,fraction,median over wells of the share of placements of 120 months on which Model B's beta_3 is identified; n = 9 wells (C4)
reclen_beta3_reldev_B_median_L144_C4,,,0.1976072094166733,fraction,"median over wells of the median over placements of |beta_3(L)/beta_3(full) - 1|, Model B, L = 144; n = 9 wells (C4)"
reclen_identified_share_B_median_L144_C4,,,0.0,fraction,median over wells of the share of placements of 144 months on which Model B's beta_3 is identified; n = 9 wells (C4)
reclen_beta3_reldev_A_median_L24_C5,,,0.21307890888123765,fraction,"median over wells of the median over placements of |beta_3(L)/beta_3(full) - 1|, Model A, L = 24; n = 5 wells (C5)"
reclen_identified_share_A_median_L24_C5,,,0.8888888888888888,fraction,median over wells of the share of placements of 24 months on which Model A's beta_3 is identified; n = 5 wells (C5)
reclen_beta3_reldev_A_median_L36_C5,,,0.1911672203482523,fraction,"median over wells of the median over placements of |beta_3(L)/beta_3(full) - 1|, Model A, L = 36; n = 5 wells (C5)"
reclen_identified_share_A_median_L36_C5,,,1.0,fraction,median over wells of the share of placements of 36 months on which Model A's beta_3 is identified; n = 5 wells (C5)
reclen_beta3_reldev_A_median_L48_C5,,,0.16137005347523897,fraction,"median over wells of the median over placements of |beta_3(L)/beta_3(full) - 1|, Model A, L = 48; n = 5 wells (C5)"
reclen_identified_share_A_median_L48_C5,,,1.0,fraction,median over wells of the share of placements of 48 months on which Model A's beta_3 is identified; n = 5 wells (C5)
reclen_beta3_reldev_A_median_L60_C5,,,0.07172628938440284,fraction,"median over wells of the median over placements of |beta_3(L)/beta_3(full) - 1|, Model A, L = 60; n = 5 wells (C5)"
reclen_identified_share_A_median_L60_C5,,,1.0,fraction,median over wells of the share of placements of 60 months on which Model A's beta_3 is identified; n = 5 wells (C5)
reclen_beta3_reldev_A_median_L80_C5,,,0.05554822548263544,fraction,"median over wells of the median over placements of |beta_3(L)/beta_3(full) - 1|, Model A, L = 80; n = 5 wells (C5)"
reclen_identified_share_A_median_L80_C5,,,1.0,fraction,median over wells of the share of placements of 80 months on which Model A's beta_3 is identified; n = 5 wells (C5)
reclen_beta3_reldev_A_median_L100_C5,,,0.07883630251408852,fraction,"median over wells of the median over placements of |beta_3(L)/beta_3(full) - 1|, Model A, L = 100; n = 5 wells (C5)"
reclen_identified_share_A_median_L100_C5,,,1.0,fraction,median over wells of the share of placements of 100 months on which Model A's beta_3 is identified; n = 5 wells (C5)
reclen_beta3_reldev_A_median_L120_C5,,,0.028302278513042678,fraction,"median over wells of the median over placements of |beta_3(L)/beta_3(full) - 1|, Model A, L = 120; n = 5 wells (C5)"
reclen_identified_share_A_median_L120_C5,,,1.0,fraction,median over wells of the share of placements of 120 months on which Model A's beta_3 is identified; n = 5 wells (C5)
reclen_beta3_reldev_A_median_L144_C5,,,0.04789779797463711,fraction,"median over wells of the median over placements of |beta_3(L)/beta_3(full) - 1|, Model A, L = 144; n = 5 wells (C5)"
reclen_identified_share_A_median_L144_C5,,,1.0,fraction,median over wells of the share of placements of 144 months on which Model A's beta_3 is identified; n = 5 wells (C5)
reclen_beta3_reldev_B_median_L24_C5,,,0.6720619207455829,fraction,"median over wells of the median over placements of |beta_3(L)/beta_3(full) - 1|, Model B, L = 24; n = 5 wells (C5)"
reclen_identified_share_B_median_L24_C5,,,0.25,fraction,median over wells of the share of placements of 24 months on which Model B's beta_3 is identified; n = 5 wells (C5)
reclen_beta3_reldev_B_median_L36_C5,,,0.4788524956497706,fraction,"median over wells of the median over placements of |beta_3(L)/beta_3(full) - 1|, Model B, L = 36; n = 5 wells (C5)"
reclen_identified_share_B_median_L36_C5,,,0.4,fraction,median over wells of the share of placements of 36 months on which Model B's beta_3 is identified; n = 5 wells (C5)
reclen_beta3_reldev_B_median_L48_C5,,,0.26452041768138707,fraction,"median over wells of the median over placements of |beta_3(L)/beta_3(full) - 1|, Model B, L = 48; n = 5 wells (C5)"
reclen_identified_share_B_median_L48_C5,,,0.5,fraction,median over wells of the share of placements of 48 months on which Model B's beta_3 is identified; n = 5 wells (C5)
reclen_beta3_reldev_B_median_L60_C5,,,0.35021249153860456,fraction,"median over wells of the median over placements of |beta_3(L)/beta_3(full) - 1|, Model B, L = 60; n = 5 wells (C5)"
reclen_identified_share_B_median_L60_C5,,,0.6666666666666666,fraction,median over wells of the share of placements of 60 months on which Model B's beta_3 is identified; n = 5 wells (C5)
reclen_beta3_reldev_B_median_L80_C5,,,0.26804216152211807,fraction,"median over wells of the median over placements of |beta_3(L)/beta_3(full) - 1|, Model B, L = 80; n = 5 wells (C5)"
reclen_identified_share_B_median_L80_C5,,,1.0,fraction,median over wells of the share of placements of 80 months on which Model B's beta_3 is identified; n = 5 wells (C5)
reclen_beta3_reldev_B_median_L100_C5,,,0.146785177244124,fraction,"median over wells of the median over placements of |beta_3(L)/beta_3(full) - 1|, Model B, L = 100; n = 5 wells (C5)"
reclen_identified_share_B_median_L100_C5,,,1.0,fraction,median over wells of the share of placements of 100 months on which Model B's beta_3 is identified; n = 5 wells (C5)
reclen_beta3_reldev_B_median_L120_C5,,,0.1013370888012054,fraction,"median over wells of the median over placements of |beta_3(L)/beta_3(full) - 1|, Model B, L = 120; n = 5 wells (C5)"
reclen_identified_share_B_median_L120_C5,,,1.0,fraction,median over wells of the share of placements of 120 months on which Model B's beta_3 is identified; n = 5 wells (C5)
reclen_beta3_reldev_B_median_L144_C5,,,0.0842460862459542,fraction,"median over wells of the median over placements of |beta_3(L)/beta_3(full) - 1|, Model B, L = 144; n = 5 wells (C5)"
reclen_identified_share_B_median_L144_C5,,,1.0,fraction,median over wells of the share of placements of 144 months on which Model B's beta_3 is identified; n = 5 wells (C5)
reclen_stable_length_months_A_median_all,,,24.0,months,"median stable length, Model A (tolerance 0.2); 64 of 66 wells reach it within the lengths tested (all)"
reclen_stable_length_in_efolds_A_median_all,,,4.7485388200506495,,"median stable length in full-record Model B mean-reversion times, Model A (tolerance 0.2); 64 of 66 wells reach it within the lengths tested (all)"
reclen_stable_n_wells_reached_A_all,,,64.0,count,wells whose Model A beta_3 becomes stable within the lengths tested (all)
reclen_stable_length_months_B_median_all,,,60.0,months,"median stable length, Model B (tolerance 0.2); 62 of 66 wells reach it within the lengths tested (all)"
reclen_stable_length_in_efolds_B_median_all,,,8.968261196725384,,"median stable length in full-record Model B mean-reversion times, Model B (tolerance 0.2); 62 of 66 wells reach it within the lengths tested (all)"
reclen_stable_n_wells_reached_B_all,,,62.0,count,wells whose Model B beta_3 becomes stable within the lengths tested (all)
reclen_stable_length_months_A_median_C1,,,24.0,months,"median stable length, Model A (tolerance 0.2); 7 of 7 wells reach it within the lengths tested (C1)"
reclen_stable_length_in_efolds_A_median_C1,,,12.172833866321138,,"median stable length in full-record Model B mean-reversion times, Model A (tolerance 0.2); 7 of 7 wells reach it within the lengths tested (C1)"
reclen_stable_n_wells_reached_A_C1,,,7.0,count,wells whose Model A beta_3 becomes stable within the lengths tested (C1)
reclen_stable_length_months_B_median_C1,,,60.0,months,"median stable length, Model B (tolerance 0.2); 7 of 7 wells reach it within the lengths tested (C1)"
reclen_stable_length_in_efolds_B_median_C1,,,20.86063528536703,,"median stable length in full-record Model B mean-reversion times, Model B (tolerance 0.2); 7 of 7 wells reach it within the lengths tested (C1)"
reclen_stable_n_wells_reached_B_C1,,,7.0,count,wells whose Model B beta_3 becomes stable within the lengths tested (C1)
reclen_stable_length_months_A_median_C2,,,24.0,months,"median stable length, Model A (tolerance 0.2); 19 of 19 wells reach it within the lengths tested (C2)"
reclen_stable_length_in_efolds_A_median_C2,,,5.91022258213743,,"median stable length in full-record Model B mean-reversion times, Model A (tolerance 0.2); 19 of 19 wells reach it within the lengths tested (C2)"
reclen_stable_n_wells_reached_A_C2,,,19.0,count,wells whose Model A beta_3 becomes stable within the lengths tested (C2)
reclen_stable_length_months_B_median_C2,,,36.0,months,"median stable length, Model B (tolerance 0.2); 19 of 19 wells reach it within the lengths tested (C2)"
reclen_stable_length_in_efolds_B_median_C2,,,8.703152222297426,,"median stable length in full-record Model B mean-reversion times, Model B (tolerance 0.2); 19 of 19 wells reach it within the lengths tested (C2)"
reclen_stable_n_wells_reached_B_C2,,,19.0,count,wells whose Model B beta_3 becomes stable within the lengths tested (C2)
reclen_stable_length_months_A_median_C3,,,24.0,months,"median stable length, Model A (tolerance 0.2); 26 of 26 wells reach it within the lengths tested (C3)"
reclen_stable_length_in_efolds_A_median_C3,,,3.526204670306909,,"median stable length in full-record Model B mean-reversion times, Model A (tolerance 0.2); 26 of 26 wells reach it within the lengths tested (C3)"
reclen_stable_n_wells_reached_A_C3,,,26.0,count,wells whose Model A beta_3 becomes stable within the lengths tested (C3)
reclen_stable_length_months_B_median_C3,,,80.0,months,"median stable length, Model B (tolerance 0.2); 26 of 26 wells reach it within the lengths tested (C3)"
reclen_stable_length_in_efolds_B_median_C3,,,9.351807388334517,,"median stable length in full-record Model B mean-reversion times, Model B (tolerance 0.2); 26 of 26 wells reach it within the lengths tested (C3)"
reclen_stable_n_wells_reached_B_C3,,,26.0,count,wells whose Model B beta_3 becomes stable within the lengths tested (C3)
reclen_stable_length_months_A_median_C4,,,120.0,months,"median stable length, Model A (tolerance 0.2); 7 of 9 wells reach it within the lengths tested (C4)"
reclen_stable_length_in_efolds_A_median_C4,,,3.4173866738910275,,"median stable length in full-record Model B mean-reversion times, Model A (tolerance 0.2); 7 of 9 wells reach it within the lengths tested (C4)"
reclen_stable_n_wells_reached_A_C4,,,7.0,count,wells whose Model A beta_3 becomes stable within the lengths tested (C4)
reclen_stable_length_months_B_median_C4,,,144.0,months,"median stable length, Model B (tolerance 0.2); 5 of 9 wells reach it within the lengths tested (C4)"
reclen_stable_length_in_efolds_B_median_C4,,,4.435578940252987,,"median stable length in full-record Model B mean-reversion times, Model B (tolerance 0.2); 5 of 9 wells reach it within the lengths tested (C4)"
reclen_stable_n_wells_reached_B_C4,,,5.0,count,wells whose Model B beta_3 becomes stable within the lengths tested (C4)
reclen_stable_length_months_A_median_C5,,,36.0,months,"median stable length, Model A (tolerance 0.2); 5 of 5 wells reach it within the lengths tested (C5)"
reclen_stable_length_in_efolds_A_median_C5,,,3.8216101590695457,,"median stable length in full-record Model B mean-reversion times, Model A (tolerance 0.2); 5 of 5 wells reach it within the lengths tested (C5)"
reclen_stable_n_wells_reached_A_C5,,,5.0,count,wells whose Model A beta_3 becomes stable within the lengths tested (C5)
reclen_stable_length_months_B_median_C5,,,100.0,months,"median stable length, Model B (tolerance 0.2); 5 of 5 wells reach it within the lengths tested (C5)"
reclen_stable_length_in_efolds_B_median_C5,,,8.492467020154546,,"median stable length in full-record Model B mean-reversion times, Model B (tolerance 0.2); 5 of 5 wells reach it within the lengths tested (C5)"
reclen_stable_n_wells_reached_B_C5,,,5.0,count,wells whose Model B beta_3 becomes stable within the lengths tested (C5)
reclen_ccw_nse_A_median_L24_start,,,-0.9990000975293116,,"CCW 1989-96 hindcast, Model A fitted on 24 months from the start of the modern record; median over n = 9 wells"
reclen_ccw_bias_m_A_median_L24_start,,,0.03855412373748003,m,"CCW 1989-96 hindcast, Model A fitted on 24 months from the start of the modern record; median over n = 9 wells"
reclen_ccw_pearson_r_A_median_L24_start,,,0.8503060690470917,,"CCW 1989-96 hindcast, Model A fitted on 24 months from the start of the modern record; median over n = 9 wells"
reclen_ccw_nse_A_median_L24_end,,,-1.350664909688065,,"CCW 1989-96 hindcast, Model A fitted on 24 months from the end of the modern record; median over n = 9 wells"
reclen_ccw_bias_m_A_median_L24_end,,,-0.3632779736768179,m,"CCW 1989-96 hindcast, Model A fitted on 24 months from the end of the modern record; median over n = 9 wells"
reclen_ccw_pearson_r_A_median_L24_end,,,0.8513520096278275,,"CCW 1989-96 hindcast, Model A fitted on 24 months from the end of the modern record; median over n = 9 wells"
reclen_ccw_nse_A_median_L36_start,,,-0.8486232225113344,,"CCW 1989-96 hindcast, Model A fitted on 36 months from the start of the modern record; median over n = 9 wells"
reclen_ccw_bias_m_A_median_L36_start,,,0.09062808896478347,m,"CCW 1989-96 hindcast, Model A fitted on 36 months from the start of the modern record; median over n = 9 wells"
reclen_ccw_pearson_r_A_median_L36_start,,,0.8586821716693616,,"CCW 1989-96 hindcast, Model A fitted on 36 months from the start of the modern record; median over n = 9 wells"
reclen_ccw_nse_A_median_L36_end,,,-0.7899101524399816,,"CCW 1989-96 hindcast, Model A fitted on 36 months from the end of the modern record; median over n = 9 wells"
reclen_ccw_bias_m_A_median_L36_end,,,-0.17487385226055863,m,"CCW 1989-96 hindcast, Model A fitted on 36 months from the end of the modern record; median over n = 9 wells"
reclen_ccw_pearson_r_A_median_L36_end,,,0.8575490727490798,,"CCW 1989-96 hindcast, Model A fitted on 36 months from the end of the modern record; median over n = 9 wells"
reclen_ccw_nse_A_median_L48_start,,,-0.3858896133349068,,"CCW 1989-96 hindcast, Model A fitted on 48 months from the start of the modern record; median over n = 9 wells"
reclen_ccw_bias_m_A_median_L48_start,,,0.050817398951571995,m,"CCW 1989-96 hindcast, Model A fitted on 48 months from the start of the modern record; median over n = 9 wells"
reclen_ccw_pearson_r_A_median_L48_start,,,0.8597590690695917,,"CCW 1989-96 hindcast, Model A fitted on 48 months from the start of the modern record; median over n = 9 wells"
reclen_ccw_nse_A_median_L48_end,,,0.08040379497546679,,"CCW 1989-96 hindcast, Model A fitted on 48 months from the end of the modern record; median over n = 9 wells"
reclen_ccw_bias_m_A_median_L48_end,,,-0.01352726016246981,m,"CCW 1989-96 hindcast, Model A fitted on 48 months from the end of the modern record; median over n = 9 wells"
reclen_ccw_pearson_r_A_median_L48_end,,,0.8440974218300149,,"CCW 1989-96 hindcast, Model A fitted on 48 months from the end of the modern record; median over n = 9 wells"
reclen_ccw_nse_A_median_L60_start,,,0.36285690680832283,,"CCW 1989-96 hindcast, Model A fitted on 60 months from the start of the modern record; median over n = 9 wells"
reclen_ccw_bias_m_A_median_L60_start,,,-0.005566339224516029,m,"CCW 1989-96 hindcast, Model A fitted on 60 months from the start of the modern record; median over n = 9 wells"
reclen_ccw_pearson_r_A_median_L60_start,,,0.8586079702163543,,"CCW 1989-96 hindcast, Model A fitted on 60 months from the start of the modern record; median over n = 9 wells"
reclen_ccw_nse_A_median_L60_end,,,-0.39930407515542243,,"CCW 1989-96 hindcast, Model A fitted on 60 months from the end of the modern record; median over n = 9 wells"
reclen_ccw_bias_m_A_median_L60_end,,,0.08686764944069006,m,"CCW 1989-96 hindcast, Model A fitted on 60 months from the end of the modern record; median over n = 9 wells"
reclen_ccw_pearson_r_A_median_L60_end,,,0.8439988849068758,,"CCW 1989-96 hindcast, Model A fitted on 60 months from the end of the modern record; median over n = 9 wells"
reclen_ccw_nse_A_median_L80_start,,,0.3141144676893398,,"CCW 1989-96 hindcast, Model A fitted on 80 months from the start of the modern record; median over n = 9 wells"
reclen_ccw_bias_m_A_median_L80_start,,,0.004278688964384869,m,"CCW 1989-96 hindcast, Model A fitted on 80 months from the start of the modern record; median over n = 9 wells"
reclen_ccw_pearson_r_A_median_L80_start,,,0.8564301155623224,,"CCW 1989-96 hindcast, Model A fitted on 80 months from the start of the modern record; median over n = 9 wells"
reclen_ccw_nse_A_median_L80_end,,,0.03198086737506711,,"CCW 1989-96 hindcast, Model A fitted on 80 months from the end of the modern record; median over n = 9 wells"
reclen_ccw_bias_m_A_median_L80_end,,,0.0944961363423679,m,"CCW 1989-96 hindcast, Model A fitted on 80 months from the end of the modern record; median over n = 9 wells"
reclen_ccw_pearson_r_A_median_L80_end,,,0.8482955847399958,,"CCW 1989-96 hindcast, Model A fitted on 80 months from the end of the modern record; median over n = 9 wells"
reclen_ccw_nse_A_median_L100_start,,,0.31205812163106517,,"CCW 1989-96 hindcast, Model A fitted on 100 months from the start of the modern record; median over n = 9 wells"
reclen_ccw_bias_m_A_median_L100_start,,,0.0028973262426249136,m,"CCW 1989-96 hindcast, Model A fitted on 100 months from the start of the modern record; median over n = 9 wells"
reclen_ccw_pearson_r_A_median_L100_start,,,0.8569907819208225,,"CCW 1989-96 hindcast, Model A fitted on 100 months from the start of the modern record; median over n = 9 wells"
reclen_ccw_nse_A_median_L100_end,,,-0.0646957015812577,,"CCW 1989-96 hindcast, Model A fitted on 100 months from the end of the modern record; median over n = 9 wells"
reclen_ccw_bias_m_A_median_L100_end,,,-0.006713907028535693,m,"CCW 1989-96 hindcast, Model A fitted on 100 months from the end of the modern record; median over n = 9 wells"
reclen_ccw_pearson_r_A_median_L100_end,,,0.8556371678111,,"CCW 1989-96 hindcast, Model A fitted on 100 months from the end of the modern record; median over n = 9 wells"
reclen_ccw_nse_A_median_L120_start,,,0.016636703044781043,,"CCW 1989-96 hindcast, Model A fitted on 120 months from the start of the modern record; median over n = 9 wells"
reclen_ccw_bias_m_A_median_L120_start,,,0.029630264532736574,m,"CCW 1989-96 hindcast, Model A fitted on 120 months from the start of the modern record; median over n = 9 wells"
reclen_ccw_pearson_r_A_median_L120_start,,,0.8550948534992923,,"CCW 1989-96 hindcast, Model A fitted on 120 months from the start of the modern record; median over n = 9 wells"
reclen_ccw_nse_A_median_L120_end,,,-0.2486248638161257,,"CCW 1989-96 hindcast, Model A fitted on 120 months from the end of the modern record; median over n = 9 wells"
reclen_ccw_bias_m_A_median_L120_end,,,-0.04733337952144588,m,"CCW 1989-96 hindcast, Model A fitted on 120 months from the end of the modern record; median over n = 9 wells"
reclen_ccw_pearson_r_A_median_L120_end,,,0.8543726067689743,,"CCW 1989-96 hindcast, Model A fitted on 120 months from the end of the modern record; median over n = 9 wells"
reclen_ccw_nse_A_median_L144_start,,,-0.417871672245683,,"CCW 1989-96 hindcast, Model A fitted on 144 months from the start of the modern record; median over n = 9 wells"
reclen_ccw_bias_m_A_median_L144_start,,,0.00098981854237534,m,"CCW 1989-96 hindcast, Model A fitted on 144 months from the start of the modern record; median over n = 9 wells"
reclen_ccw_pearson_r_A_median_L144_start,,,0.8573757828236672,,"CCW 1989-96 hindcast, Model A fitted on 144 months from the start of the modern record; median over n = 9 wells"
reclen_ccw_nse_A_median_L144_end,,,-0.044181534825519675,,"CCW 1989-96 hindcast, Model A fitted on 144 months from the end of the modern record; median over n = 9 wells"
reclen_ccw_bias_m_A_median_L144_end,,,-0.040004455292318594,m,"CCW 1989-96 hindcast, Model A fitted on 144 months from the end of the modern record; median over n = 9 wells"
reclen_ccw_pearson_r_A_median_L144_end,,,0.8552309981406679,,"CCW 1989-96 hindcast, Model A fitted on 144 months from the end of the modern record; median over n = 9 wells"
reclen_ccw_nse_A_median_Lfull_all,,,-0.1406250798912576,,"CCW 1989-96 hindcast, Model A fitted on full months from the all of the modern record; median over n = 9 wells"
reclen_ccw_bias_m_A_median_Lfull_all,,,0.03188333993223958,m,"CCW 1989-96 hindcast, Model A fitted on full months from the all of the modern record; median over n = 9 wells"
reclen_ccw_pearson_r_A_median_Lfull_all,,,0.8555711809293955,,"CCW 1989-96 hindcast, Model A fitted on full months from the all of the modern record; median over n = 9 wells"
reclen_ccw_nse_B_median_L24_start,,,-2.7013041559331716,,"CCW 1989-96 hindcast, Model B fitted on 24 months from the start of the modern record; median over n = 9 wells"
reclen_ccw_bias_m_B_median_L24_start,,,0.5102049636244987,m,"CCW 1989-96 hindcast, Model B fitted on 24 months from the start of the modern record; median over n = 9 wells"
reclen_ccw_pearson_r_B_median_L24_start,,,0.6395962236251354,,"CCW 1989-96 hindcast, Model B fitted on 24 months from the start of the modern record; median over n = 9 wells"
reclen_ccw_nse_B_median_L24_end,,,-2.877244621199149,,"CCW 1989-96 hindcast, Model B fitted on 24 months from the end of the modern record; median over n = 9 wells"
reclen_ccw_bias_m_B_median_L24_end,,,0.44224812373384287,m,"CCW 1989-96 hindcast, Model B fitted on 24 months from the end of the modern record; median over n = 9 wells"
reclen_ccw_pearson_r_B_median_L24_end,,,0.6230476047543626,,"CCW 1989-96 hindcast, Model B fitted on 24 months from the end of the modern record; median over n = 9 wells"
reclen_ccw_nse_B_median_L36_start,,,-1.6182247165301122,,"CCW 1989-96 hindcast, Model B fitted on 36 months from the start of the modern record; median over n = 9 wells"
reclen_ccw_bias_m_B_median_L36_start,,,0.41306350181396906,m,"CCW 1989-96 hindcast, Model B fitted on 36 months from the start of the modern record; median over n = 9 wells"
reclen_ccw_pearson_r_B_median_L36_start,,,0.6768544086633652,,"CCW 1989-96 hindcast, Model B fitted on 36 months from the start of the modern record; median over n = 9 wells"
reclen_ccw_nse_B_median_L36_end,,,-2.185155065309382,,"CCW 1989-96 hindcast, Model B fitted on 36 months from the end of the modern record; median over n = 9 wells"
reclen_ccw_bias_m_B_median_L36_end,,,0.43292951365913096,m,"CCW 1989-96 hindcast, Model B fitted on 36 months from the end of the modern record; median over n = 9 wells"
reclen_ccw_pearson_r_B_median_L36_end,,,0.6305013834365277,,"CCW 1989-96 hindcast, Model B fitted on 36 months from the end of the modern record; median over n = 9 wells"
reclen_ccw_nse_B_median_L48_start,,,-1.5885327046178586,,"CCW 1989-96 hindcast, Model B fitted on 48 months from the start of the modern record; median over n = 9 wells"
reclen_ccw_bias_m_B_median_L48_start,,,0.442280856459992,m,"CCW 1989-96 hindcast, Model B fitted on 48 months from the start of the modern record; median over n = 9 wells"
reclen_ccw_pearson_r_B_median_L48_start,,,0.6795293463023836,,"CCW 1989-96 hindcast, Model B fitted on 48 months from the start of the modern record; median over n = 9 wells"
reclen_ccw_nse_B_median_L48_end,,,-2.195426634122453,,"CCW 1989-96 hindcast, Model B fitted on 48 months from the end of the modern record; median over n = 9 wells"
reclen_ccw_bias_m_B_median_L48_end,,,0.43423168575974225,m,"CCW 1989-96 hindcast, Model B fitted on 48 months from the end of the modern record; median over n = 9 wells"
reclen_ccw_pearson_r_B_median_L48_end,,,0.6410014635926776,,"CCW 1989-96 hindcast, Model B fitted on 48 months from the end of the modern record; median over n = 9 wells"
reclen_ccw_nse_B_median_L60_start,,,-1.2203090181434035,,"CCW 1989-96 hindcast, Model B fitted on 60 months from the start of the modern record; median over n = 9 wells"
reclen_ccw_bias_m_B_median_L60_start,,,0.37250516721052945,m,"CCW 1989-96 hindcast, Model B fitted on 60 months from the start of the modern record; median over n = 9 wells"
reclen_ccw_pearson_r_B_median_L60_start,,,0.7176758635131006,,"CCW 1989-96 hindcast, Model B fitted on 60 months from the start of the modern record; median over n = 9 wells"
reclen_ccw_nse_B_median_L60_end,,,-2.343145642523584,,"CCW 1989-96 hindcast, Model B fitted on 60 months from the end of the modern record; median over n = 9 wells"
reclen_ccw_bias_m_B_median_L60_end,,,0.44823124199029035,m,"CCW 1989-96 hindcast, Model B fitted on 60 months from the end of the modern record; median over n = 9 wells"
reclen_ccw_pearson_r_B_median_L60_end,,,0.6625415771542035,,"CCW 1989-96 hindcast, Model B fitted on 60 months from the end of the modern record; median over n = 9 wells"
reclen_ccw_nse_B_median_L80_start,,,-1.2139377584316784,,"CCW 1989-96 hindcast, Model B fitted on 80 months from the start of the modern record; median over n = 9 wells"
reclen_ccw_bias_m_B_median_L80_start,,,0.3075844463680869,m,"CCW 1989-96 hindcast, Model B fitted on 80 months from the start of the modern record; median over n = 9 wells"
reclen_ccw_pearson_r_B_median_L80_start,,,0.7889761442092407,,"CCW 1989-96 hindcast, Model B fitted on 80 months from the start of the modern record; median over n = 9 wells"
reclen_ccw_nse_B_median_L80_end,,,-1.5847454309141655,,"CCW 1989-96 hindcast, Model B fitted on 80 months from the end of the modern record; median over n = 9 wells"
reclen_ccw_bias_m_B_median_L80_end,,,0.39060372311468156,m,"CCW 1989-96 hindcast, Model B fitted on 80 months from the end of the modern record; median over n = 9 wells"
reclen_ccw_pearson_r_B_median_L80_end,,,0.687632432480864,,"CCW 1989-96 hindcast, Model B fitted on 80 months from the end of the modern record; median over n = 9 wells"
reclen_ccw_nse_B_median_L100_start,,,-1.3257389467679639,,"CCW 1989-96 hindcast, Model B fitted on 100 months from the start of the modern record; median over n = 9 wells"
reclen_ccw_bias_m_B_median_L100_start,,,0.31883377746259634,m,"CCW 1989-96 hindcast, Model B fitted on 100 months from the start of the modern record; median over n = 9 wells"
reclen_ccw_pearson_r_B_median_L100_start,,,0.7718837458858819,,"CCW 1989-96 hindcast, Model B fitted on 100 months from the start of the modern record; median over n = 9 wells"
reclen_ccw_nse_B_median_L100_end,,,-1.4253934512830764,,"CCW 1989-96 hindcast, Model B fitted on 100 months from the end of the modern record; median over n = 9 wells"
reclen_ccw_bias_m_B_median_L100_end,,,0.3746167772735768,m,"CCW 1989-96 hindcast, Model B fitted on 100 months from the end of the modern record; median over n = 9 wells"
reclen_ccw_pearson_r_B_median_L100_end,,,0.7113557555153248,,"CCW 1989-96 hindcast, Model B fitted on 100 months from the end of the modern record; median over n = 9 wells"
reclen_ccw_nse_B_median_L120_start,,,-1.3323923604979324,,"CCW 1989-96 hindcast, Model B fitted on 120 months from the start of the modern record; median over n = 9 wells"
reclen_ccw_bias_m_B_median_L120_start,,,0.2793864212391847,m,"CCW 1989-96 hindcast, Model B fitted on 120 months from the start of the modern record; median over n = 9 wells"
reclen_ccw_pearson_r_B_median_L120_start,,,0.768227241187367,,"CCW 1989-96 hindcast, Model B fitted on 120 months from the start of the modern record; median over n = 9 wells"
reclen_ccw_nse_B_median_L120_end,,,-1.389279019576375,,"CCW 1989-96 hindcast, Model B fitted on 120 months from the end of the modern record; median over n = 9 wells"
reclen_ccw_bias_m_B_median_L120_end,,,0.37001391065447753,m,"CCW 1989-96 hindcast, Model B fitted on 120 months from the end of the modern record; median over n = 9 wells"
reclen_ccw_pearson_r_B_median_L120_end,,,0.7092511483964565,,"CCW 1989-96 hindcast, Model B fitted on 120 months from the end of the modern record; median over n = 9 wells"
reclen_ccw_nse_B_median_L144_start,,,-1.2407706640751828,,"CCW 1989-96 hindcast, Model B fitted on 144 months from the start of the modern record; median over n = 9 wells"
reclen_ccw_bias_m_B_median_L144_start,,,0.27055359917994587,m,"CCW 1989-96 hindcast, Model B fitted on 144 months from the start of the modern record; median over n = 9 wells"
reclen_ccw_pearson_r_B_median_L144_start,,,0.7741794208169017,,"CCW 1989-96 hindcast, Model B fitted on 144 months from the start of the modern record; median over n = 9 wells"
reclen_ccw_nse_B_median_L144_end,,,-1.1829015318405718,,"CCW 1989-96 hindcast, Model B fitted on 144 months from the end of the modern record; median over n = 9 wells"
reclen_ccw_bias_m_B_median_L144_end,,,0.35067792074271803,m,"CCW 1989-96 hindcast, Model B fitted on 144 months from the end of the modern record; median over n = 9 wells"
reclen_ccw_pearson_r_B_median_L144_end,,,0.7020004787930233,,"CCW 1989-96 hindcast, Model B fitted on 144 months from the end of the modern record; median over n = 9 wells"
reclen_ccw_nse_B_median_Lfull_all,,,-1.4589221186882098,,"CCW 1989-96 hindcast, Model B fitted on full months from the all of the modern record; median over n = 9 wells"
reclen_ccw_bias_m_B_median_Lfull_all,,,0.3036281942500145,m,"CCW 1989-96 hindcast, Model B fitted on full months from the all of the modern record; median over n = 9 wells"
reclen_ccw_pearson_r_B_median_Lfull_all,,,0.7643590557084997,,"CCW 1989-96 hindcast, Model B fitted on full months from the all of the modern record; median over n = 9 wells"
reclen_rho_ar1_expected_full_A_median_all,,,0.4679750878493173,,"median expected spring persistence (1 - beta_3)^12 (D-221), Model A, full record; n = 66 wells (all)"
reclen_efold_months_full_A_median_all,,,15.780718619637566,months,"median mean-reversion time -1/ln(1 - beta_3), Model A, full record; n = 65 wells (all)"
reclen_rho_ar1_expected_full_B_median_all,,,0.1560158091912628,,"median expected spring persistence (1 - beta_3)^12 (D-221), Model B, full record; n = 66 wells (all)"
reclen_efold_months_full_B_median_all,,,6.459301091855726,months,"median mean-reversion time -1/ln(1 - beta_3), Model B, full record; n = 66 wells (all)"
reclen_rho_ar1_expected_full_A_median_C1,,,0.3368037262769789,,"median expected spring persistence (1 - beta_3)^12 (D-221), Model A, full record; n = 7 wells (C1)"
reclen_efold_months_full_A_median_C1,,,11.026828031866044,months,"median mean-reversion time -1/ln(1 - beta_3), Model A, full record; n = 7 wells (C1)"
reclen_rho_ar1_expected_full_B_median_C1,,,0.0031945639129621374,,"median expected spring persistence (1 - beta_3)^12 (D-221), Model B, full record; n = 7 wells (C1)"
reclen_efold_months_full_B_median_C1,,,2.088298592821318,months,"median mean-reversion time -1/ln(1 - beta_3), Model B, full record; n = 7 wells (C1)"
reclen_rho_ar1_expected_full_A_median_C2,,,0.44682741038824186,,"median expected spring persistence (1 - beta_3)^12 (D-221), Model A, full record; n = 19 wells (C2)"
reclen_efold_months_full_A_median_C2,,,14.896046719455258,months,"median mean-reversion time -1/ln(1 - beta_3), Model A, full record; n = 19 wells (C2)"
reclen_rho_ar1_expected_full_B_median_C2,,,0.0666316985738879,,"median expected spring persistence (1 - beta_3)^12 (D-221), Model B, full record; n = 19 wells (C2)"
reclen_efold_months_full_B_median_C2,,,4.430374133924467,months,"median mean-reversion time -1/ln(1 - beta_3), Model B, full record; n = 19 wells (C2)"
reclen_rho_ar1_expected_full_A_median_C3,,,0.47614331829149614,,"median expected spring persistence (1 - beta_3)^12 (D-221), Model A, full record; n = 26 wells (C3)"
reclen_efold_months_full_A_median_C3,,,16.176402206252735,months,"median mean-reversion time -1/ln(1 - beta_3), Model A, full record; n = 26 wells (C3)"
reclen_rho_ar1_expected_full_B_median_C3,,,0.1979003021224598,,"median expected spring persistence (1 - beta_3)^12 (D-221), Model B, full record; n = 26 wells (C3)"
reclen_efold_months_full_B_median_C3,,,7.4074515977100255,months,"median mean-reversion time -1/ln(1 - beta_3), Model B, full record; n = 26 wells (C3)"
reclen_rho_ar1_expected_full_A_median_C4,,,0.7227609551834832,,"median expected spring persistence (1 - beta_3)^12 (D-221), Model A, full record; n = 9 wells (C4)"
reclen_efold_months_full_A_median_C4,,,34.81699002424675,months,"median mean-reversion time -1/ln(1 - beta_3), Model A, full record; n = 8 wells (C4)"
reclen_rho_ar1_expected_full_B_median_C4,,,0.7337140556991023,,"median expected spring persistence (1 - beta_3)^12 (D-221), Model B, full record; n = 9 wells (C4)"
reclen_efold_months_full_B_median_C4,,,38.755196502555684,months,"median mean-reversion time -1/ln(1 - beta_3), Model B, full record; n = 9 wells (C4)"
reclen_rho_ar1_expected_full_A_median_C5,,,0.5459366862259102,,"median expected spring persistence (1 - beta_3)^12 (D-221), Model A, full record; n = 5 wells (C5)"
reclen_efold_months_full_A_median_C5,,,19.82644363281093,months,"median mean-reversion time -1/ln(1 - beta_3), Model A, full record; n = 5 wells (C5)"
reclen_rho_ar1_expected_full_B_median_C5,,,0.4060701027906097,,"median expected spring persistence (1 - beta_3)^12 (D-221), Model B, full record; n = 5 wells (C5)"
reclen_efold_months_full_B_median_C5,,,13.315143850953595,months,"median mean-reversion time -1/ln(1 - beta_3), Model B, full record; n = 5 wells (C5)"
window_full_beta3_ratio_median_all,,,1.025640352000571,,"per-well beta_3 on the comparison window (100 months) over beta_3 on the full record, Model A (03_15); median over n = 65 wells (all); T-103"
window_full_beta3_ratio_p10_all,,,0.7780378815215561,,"per-well beta_3 on the comparison window (100 months) over beta_3 on the full record, Model A (03_15); p10 over n = 65 wells (all); T-103"
window_full_beta3_ratio_p90_all,,,1.1224339645668229,,"per-well beta_3 on the comparison window (100 months) over beta_3 on the full record, Model A (03_15); p90 over n = 65 wells (all); T-103"
window_full_beta3_ratio_median_C1,,,1.1384863967809118,,"per-well beta_3 on the comparison window (100 months) over beta_3 on the full record, Model A (03_15); median over n = 7 wells (C1); T-103"
window_full_beta3_ratio_p10_C1,,,1.108306445393498,,"per-well beta_3 on the comparison window (100 months) over beta_3 on the full record, Model A (03_15); p10 over n = 7 wells (C1); T-103"
window_full_beta3_ratio_p90_C1,,,1.1733296226736303,,"per-well beta_3 on the comparison window (100 months) over beta_3 on the full record, Model A (03_15); p90 over n = 7 wells (C1); T-103"
window_full_beta3_ratio_median_C2,,,1.05146274906779,,"per-well beta_3 on the comparison window (100 months) over beta_3 on the full record, Model A (03_15); median over n = 19 wells (C2); T-103"
window_full_beta3_ratio_p10_C2,,,1.0121496701400574,,"per-well beta_3 on the comparison window (100 months) over beta_3 on the full record, Model A (03_15); p10 over n = 19 wells (C2); T-103"
window_full_beta3_ratio_p90_C2,,,1.0866950840101564,,"per-well beta_3 on the comparison window (100 months) over beta_3 on the full record, Model A (03_15); p90 over n = 19 wells (C2); T-103"
window_full_beta3_ratio_median_C3,,,0.9955403946618417,,"per-well beta_3 on the comparison window (100 months) over beta_3 on the full record, Model A (03_15); median over n = 26 wells (C3); T-103"
window_full_beta3_ratio_p10_C3,,,0.9182908010071191,,"per-well beta_3 on the comparison window (100 months) over beta_3 on the full record, Model A (03_15); p10 over n = 26 wells (C3); T-103"
window_full_beta3_ratio_p90_C3,,,1.0616628831421053,,"per-well beta_3 on the comparison window (100 months) over beta_3 on the full record, Model A (03_15); p90 over n = 26 wells (C3); T-103"
window_full_beta3_ratio_median_C4,,,0.7324714902794833,,"per-well beta_3 on the comparison window (100 months) over beta_3 on the full record, Model A (03_15); median over n = 8 wells (C4); T-103"
window_full_beta3_ratio_p10_C4,,,0.42466689623054676,,"per-well beta_3 on the comparison window (100 months) over beta_3 on the full record, Model A (03_15); p10 over n = 8 wells (C4); T-103"
window_full_beta3_ratio_p90_C4,,,0.8201645621152558,,"per-well beta_3 on the comparison window (100 months) over beta_3 on the full record, Model A (03_15); p90 over n = 8 wells (C4); T-103"
window_full_beta3_ratio_median_C5,,,0.9445311814026528,,"per-well beta_3 on the comparison window (100 months) over beta_3 on the full record, Model A (03_15); median over n = 5 wells (C5); T-103"
window_full_beta3_ratio_p10_C5,,,0.8290048979868722,,"per-well beta_3 on the comparison window (100 months) over beta_3 on the full record, Model A (03_15); p10 over n = 5 wells (C5); T-103"
window_full_beta3_ratio_p90_C5,,,1.005607111472299,,"per-well beta_3 on the comparison window (100 months) over beta_3 on the full record, Model A (03_15); p90 over n = 5 wells (C5); T-103"
reclen_check_vs48_max_abs_nse_diff,,,2.220446049250313e-16,,identity check: full-length forecast / hindcast_within NSE against Script 48's split-sample NSE; largest absolute difference over 264 well-form-direction pairs (expected 0)
reclen_check_vs39_max_abs_nse_diff,,,1.7680301667155618e-14,,"identity check: CCW hindcast NSE, Model A on the last 100 months, against Script 39; largest absolute difference over 9 wells (expected 0)"
datum_ccw_supported_m,,,2.9,m,"datum maximizing the median CCW 1989-96 hindcast NSE, Model A on the comparison window (rule fixed before the run, D-225); n wells per datum up to 9"
datum_ccw_band_min_m,,,2.8,m,shallowest datum within 0.05 NSE of the best (D-225)
datum_ccw_band_max_m,,,2.9,m,deepest datum within 0.05 NSE of the best (D-225)
datum_ccw_nse_median_at_D2.9,,,0.4351794682055905,,"median CCW hindcast NSE, Model A at datum 2.9 m, comparison window"
datum_ccw_nse_median_at_D3.7,,,-0.0646957015812577,,"median CCW hindcast NSE, Model A at datum 3.7 m, comparison window"
datum_ccw_best_abs_bias_m,,,2.6,m,"datum minimizing the median |CCW bias| (check, D-225)"
datum_ccw_supported_open_ground_m,,,2.2,m,"datum maximizing the median CCW NSE over the open-ground wells only (check, D-225)"
datum_split_nse_fwd_median_at_D2.9,,,0.6760456480397404,,"median split-sample NSE (fwd), Model A at datum 2.9 m"
datum_split_nse_fwd_median_at_D3.7,,,0.6119815001294202,,"median split-sample NSE (fwd), Model A at datum 3.7 m"
datum_split_nse_rev_median_at_D2.9,,,0.7215711042230244,,"median split-sample NSE (rev), Model A at datum 2.9 m"
datum_split_nse_rev_median_at_D3.7,,,0.6737312915987114,,"median split-sample NSE (rev), Model A at datum 3.7 m"
projection_2080s_summer_fall_median_at_supported,,,-0.4398589065009973,m,"median 2080s summer sustained level response, Model A at datum 2.9 m; n = 57 wells (forest withheld, D-224 pairing)"
projection_2080s_summer_room_left_min_at_supported,,,0.22633163265445988,m,"smallest room left above the datum at the projected 2080s summer minimum, datum 2.9 m"
projection_2080s_summer_fall_median_at_band_min,,,-0.4334218462236895,m,"median 2080s summer sustained level response, Model A at datum 2.8 m; n = 57 wells (forest withheld, D-224 pairing)"
projection_2080s_summer_room_left_min_at_band_min,,,0.13599843436706194,m,"smallest room left above the datum at the projected 2080s summer minimum, datum 2.8 m"
projection_2080s_summer_fall_median_at_band_max,,,-0.4398589065009973,m,"median 2080s summer sustained level response, Model A at datum 2.9 m; n = 57 wells (forest withheld, D-224 pairing)"
projection_2080s_summer_room_left_min_at_band_max,,,0.22633163265445988,m,"smallest room left above the datum at the projected 2080s summer minimum, datum 2.9 m"
projection_2080s_summer_fall_median_at_project,,,-0.5080836352936623,m,"median 2080s summer sustained level response, Model A at datum 3.7 m; n = 57 wells (forest withheld, D-224 pairing)"
projection_2080s_summer_room_left_min_at_project,,,0.933299371225778,m,"smallest room left above the datum at the projected 2080s summer minimum, datum 3.7 m"
projection_2080s_summer_fall_median_model_b,,,-0.3627044589228152,m,"median 2080s summer sustained level response, Model B, the same wells"
reclen_check_datum_vs39_max_abs_nse_diff,,,1.7680301667155618e-14,,identity check at the project datum (expected 0)
reclen_check_datum_vs48_max_abs_nse_diff,,,2.220446049250313e-16,,identity check at the project datum (expected 0)
reclen_check_datum_vs19_max_abs_fall_diff_m,,,3.552713678800501e-15,,identity check at the project datum (expected 0)
reclen_check_datum_vs44_max_abs_nse_diff,,,3.656459057754802e-08,,identity check at the project datum (expected 0)
datum_ranwell_supported_m,,,0.7,m,"datum maximizing the median Ranwell 1951-53 NSE after offset over the 3 headline pairings, Model A on the comparison window (rule fixed before the run, D-229); empty when the curve is flat"
datum_ranwell_band_min_m,,,0.5,m,shallowest datum within 0.05 NSE of the best (D-229)
datum_ranwell_band_max_m,,,1.1,m,deepest datum within 0.05 NSE of the best (D-229)
datum_ranwell_nse_spread,,,0.39987420357496783,,max minus min of the median headline NSE over the datum grid; below 0.05 the record does not discriminate
datum_ranwell_verdict,,,-1.0,code,"disagrees (1 consistent with the CCW band, 0 does not discriminate, -1 disagrees; D-229)"
ranwell_nse_median_at_project,,,0.4605793570856248,,"median NSE after offset, headline pairings, Model A at datum 3.7 m, comparison window"
ranwell_nse_dry_year_median_at_project,,,0.8398248533311037,,"median NSE after offset, 1953 only, headline pairings, Model A at datum 3.7 m, comparison window"
ranwell_range_ratio_median_at_project,,,1.0348733708289841,,"median model range / observed range, headline pairings, Model A at datum 3.7 m, comparison window"
ranwell_nse_median_at_supported,,,0.8584414994499842,,"median NSE after offset, headline pairings, Model A at datum 0.7 m, comparison window"
ranwell_nse_dry_year_median_at_supported,,,0.936025786495587,,"median NSE after offset, 1953 only, headline pairings, Model A at datum 0.7 m, comparison window"
ranwell_range_ratio_median_at_supported,,,1.0290135361279968,,"median model range / observed range, headline pairings, Model A at datum 0.7 m, comparison window"
ranwell_nse_median_model_b,,,0.8565624443565217,,"median NSE after offset, headline pairings, Model B (its own zero-drainage datum), comparison window"
ranwell_nse_dry_year_median_model_b,,,0.9333835109118145,,"median NSE after offset, 1953 only, headline pairings, Model B (its own zero-drainage datum), comparison window"
ranwell_range_ratio_median_model_b,,,1.0226531783360393,,"median model range / observed range, headline pairings, Model B (its own zero-drainage datum), comparison window"
datum_ranwell_supported_all_pairings_m,,,0.8,m,"the same rule over every Script 44 pairing (check, D-229)"
datum_ranwell_supported_dry_year_m,,,0.7,m,"the same rule on 1953 alone, below the surface (check against D-059, D-229)"
two_store_verdict,,,0.0,code,"not resolved (2 regional field, 1 two stores supported, 0 not resolved; the rule fixed before the run, D-231)"
two_store_C1_slow_share,,,5.882271126778362e-12,,"C1: share of the recharge through the slow store, double exponential (E8, D-231)"
two_store_C1_slow_efold_months,,,328.4842695087638,months,"C1: slow store's e-folding time, double exponential (E8, D-231)"
two_store_C1_bic_double_minus_single,,,11.14920234452984,,"C1: BIC, double minus single (negative favours two stores) (E8, D-231)"
two_store_C1_split_nse_single,,,0.8758903665228773,,"C1: median split-test NSE, single exponential (E8, D-231)"
two_store_C1_split_nse_double,,,0.8760400332138492,,"C1: median split-test NSE, double exponential (E8, D-231)"
two_store_C1_early_resid_single_m,,,0.05272158778767897,m,"C1: mean residual 2006-2008, single (E8, D-231)"
two_store_C1_early_resid_double_m,,,0.0527971830450896,m,"C1: mean residual 2006-2008, double (E8, D-231)"
two_store_C1_ccw_bias_single_m,,,,m,"C1: median CCW 1989-96 bias at the cluster's CCW wells, single (E8, D-231)"
two_store_C1_ccw_bias_double_m,,,,m,"C1: median CCW 1989-96 bias at the cluster's CCW wells, double (E8, D-231)"
two_store_C1_test1,,,0.0,flag,"C1: test 1 passed (1) or not (0) (E8, D-231)"
two_store_C1_test4,,,0.0,flag,"C1: test 4 passed (1) or not (0) (E8, D-231)"
two_store_C2_slow_share,,,1.1461011158961515e-17,,"C2: share of the recharge through the slow store, double exponential (E8, D-231)"
two_store_C2_slow_efold_months,,,87.15769943214481,months,"C2: slow store's e-folding time, double exponential (E8, D-231)"
two_store_C2_bic_double_minus_single,,,11.173807260216563,,"C2: BIC, double minus single (negative favours two stores) (E8, D-231)"
two_store_C2_split_nse_single,,,0.7518762638457612,,"C2: median split-test NSE, single exponential (E8, D-231)"
two_store_C2_split_nse_double,,,0.7403668519189354,,"C2: median split-test NSE, double exponential (E8, D-231)"
two_store_C2_early_resid_single_m,,,0.21481331816642435,m,"C2: mean residual 2006-2008, single (E8, D-231)"
two_store_C2_early_resid_double_m,,,0.2149227586229584,m,"C2: mean residual 2006-2008, double (E8, D-231)"
two_store_C2_ccw_bias_single_m,,,0.16677606325955946,m,"C2: median CCW 1989-96 bias at the cluster's CCW wells, single (E8, D-231)"
two_store_C2_ccw_bias_double_m,,,0.16715759695547988,m,"C2: median CCW 1989-96 bias at the cluster's CCW wells, double (E8, D-231)"
two_store_C2_test1,,,0.0,flag,"C2: test 1 passed (1) or not (0) (E8, D-231)"
two_store_C2_test4,,,0.0,flag,"C2: test 4 passed (1) or not (0) (E8, D-231)"
two_store_C3_slow_share,,,1.5278307498649424e-14,,"C3: share of the recharge through the slow store, double exponential (E8, D-231)"
two_store_C3_slow_efold_months,,,328.36825376436946,months,"C3: slow store's e-folding time, double exponential (E8, D-231)"
two_store_C3_bic_double_minus_single,,,11.088510974110932,,"C3: BIC, double minus single (negative favours two stores) (E8, D-231)"
two_store_C3_split_nse_single,,,0.7617122061780255,,"C3: median split-test NSE, single exponential (E8, D-231)"
two_store_C3_split_nse_double,,,0.7480615330623414,,"C3: median split-test NSE, double exponential (E8, D-231)"
two_store_C3_early_resid_single_m,,,0.15974136877537923,m,"C3: mean residual 2006-2008, single (E8, D-231)"
two_store_C3_early_resid_double_m,,,0.15993617792586964,m,"C3: mean residual 2006-2008, double (E8, D-231)"
two_store_C3_ccw_bias_single_m,,,0.38758934728419747,m,"C3: median CCW 1989-96 bias at the cluster's CCW wells, single (E8, D-231)"
two_store_C3_ccw_bias_double_m,,,0.38713638117513105,m,"C3: median CCW 1989-96 bias at the cluster's CCW wells, double (E8, D-231)"
two_store_C3_test1,,,0.0,flag,"C3: test 1 passed (1) or not (0) (E8, D-231)"
two_store_C3_test4,,,0.0,flag,"C3: test 4 passed (1) or not (0) (E8, D-231)"
two_store_C4_slow_share,,,4.485865077021189e-16,,"C4: share of the recharge through the slow store, double exponential (E8, D-231)"
two_store_C4_slow_efold_months,,,19.8484097737634,months,"C4: slow store's e-folding time, double exponential (E8, D-231)"
two_store_C4_bic_double_minus_single,,,10.751534988386197,,"C4: BIC, double minus single (negative favours two stores) (E8, D-231)"
two_store_C4_split_nse_single,,,0.47706219672368744,,"C4: median split-test NSE, single exponential (E8, D-231)"
two_store_C4_split_nse_double,,,-1.4843674402366012,,"C4: median split-test NSE, double exponential (E8, D-231)"
two_store_C4_early_resid_single_m,,,0.5215858292588942,m,"C4: mean residual 2006-2008, single (E8, D-231)"
two_store_C4_early_resid_double_m,,,0.5242791231345793,m,"C4: mean residual 2006-2008, double (E8, D-231)"
two_store_C4_ccw_bias_single_m,,,,m,"C4: median CCW 1989-96 bias at the cluster's CCW wells, single (E8, D-231)"
two_store_C4_ccw_bias_double_m,,,,m,"C4: median CCW 1989-96 bias at the cluster's CCW wells, double (E8, D-231)"
two_store_C4_test1,,,0.0,flag,"C4: test 1 passed (1) or not (0) (E8, D-231)"
two_store_C4_test4,,,0.0,flag,"C4: test 4 passed (1) or not (0) (E8, D-231)"
two_store_C5_slow_share,,,1.0674336506491428e-15,,"C5: share of the recharge through the slow store, double exponential (E8, D-231)"
two_store_C5_slow_efold_months,,,52.479210069521,months,"C5: slow store's e-folding time, double exponential (E8, D-231)"
two_store_C5_bic_double_minus_single,,,11.003593075196648,,"C5: BIC, double minus single (negative favours two stores) (E8, D-231)"
two_store_C5_split_nse_single,,,-0.16800235333986224,,"C5: median split-test NSE, single exponential (E8, D-231)"
two_store_C5_split_nse_double,,,-0.16842927792621565,,"C5: median split-test NSE, double exponential (E8, D-231)"
two_store_C5_early_resid_single_m,,,0.72373500832505,m,"C5: mean residual 2006-2008, single (E8, D-231)"
two_store_C5_early_resid_double_m,,,0.723874603545064,m,"C5: mean residual 2006-2008, double (E8, D-231)"
two_store_C5_ccw_bias_single_m,,,0.5334583121583807,m,"C5: median CCW 1989-96 bias at the cluster's CCW wells, single (E8, D-231)"
two_store_C5_ccw_bias_double_m,,,0.5320566798616978,m,"C5: median CCW 1989-96 bias at the cluster's CCW wells, double (E8, D-231)"
two_store_C5_test1,,,0.0,flag,"C5: test 1 passed (1) or not (0) (E8, D-231)"
two_store_C5_test4,,,0.0,flag,"C5: test 4 passed (1) or not (0) (E8, D-231)"
two_store_nw9_winter2007_max_observed_m,,,0.571,m,"nw9: highest level, winter ending 2007 (observed; E8, D-231)"
two_store_nw9_winter2007_max_single_m,,,-0.42877524469606365,m,"nw9: highest level, winter ending 2007 (single; E8, D-231)"
two_store_nw9_winter2007_max_double_m,,,-0.4275033355908079,m,"nw9: highest level, winter ending 2007 (double; E8, D-231)"
two_store_nw9_winter2009_max_observed_m,,,0.021,m,"nw9: highest level, winter ending 2009 (observed; E8, D-231)"
two_store_nw9_winter2009_max_single_m,,,-0.4116597646255066,m,"nw9: highest level, winter ending 2009 (single; E8, D-231)"
two_store_nw9_winter2009_max_double_m,,,-0.41132373172928827,m,"nw9: highest level, winter ending 2009 (double; E8, D-231)"
two_store_nw9_winter2014_max_observed_m,,,-0.149,m,"nw9: highest level, winter ending 2014 (observed; E8, D-231)"
two_store_nw9_winter2014_max_single_m,,,-0.25349566005209556,m,"nw9: highest level, winter ending 2014 (single; E8, D-231)"
two_store_nw9_winter2014_max_double_m,,,-0.25197290006467987,m,"nw9: highest level, winter ending 2014 (double; E8, D-231)"
two_store_nw9_winter2016_max_observed_m,,,-0.239,m,"nw9: highest level, winter ending 2016 (observed; E8, D-231)"
two_store_nw9_winter2016_max_single_m,,,-0.20679759696844335,m,"nw9: highest level, winter ending 2016 (single; E8, D-231)"
two_store_nw9_winter2016_max_double_m,,,-0.2055944701286071,m,"nw9: highest level, winter ending 2016 (double; E8, D-231)"
two_store_nw9_winter2024_max_observed_m,,,-0.269,m,"nw9: highest level, winter ending 2024 (observed; E8, D-231)"
two_store_nw9_winter2024_max_single_m,,,-0.26122476293004293,m,"nw9: highest level, winter ending 2024 (single; E8, D-231)"
two_store_nw9_winter2024_max_double_m,,,-0.2601423451637793,m,"nw9: highest level, winter ending 2024 (double; E8, D-231)"
two_store_nw9_single_pass,,,0.0,flag,nw9 winters reproduced by the C5 single model (test 4b)
two_store_nw9_double_pass,,,0.0,flag,nw9 winters reproduced by the C5 double model (test 4b)
change_verdict,,,1.0,code,"cluster-specific change (2 site-wide, 1 cluster-specific, 0 none; E8b, rule fixed before the run, D-232)"
change_common_date,,,,month,midpoint of the overlap of the change dates' 95% intervals across the clusters that need a term (E8b)
change_C1_earns,,,0.0,flag,C1: a non-climatic term earns its place (E8b)
change_C1_tstart,,,2008-04,month,"C1: fitted change date, best form step (E8b)"
change_C2_earns,,,0.0,flag,C2: a non-climatic term earns its place (E8b)
change_C2_tstart,,,2005-06,month,"C2: fitted change date, best form trend (E8b)"
change_C3_earns,,,0.0,flag,C3: a non-climatic term earns its place (E8b)
change_C3_tstart,,,2005-12,month,"C3: fitted change date, best form trend (E8b)"
change_C4_earns,,,0.0,flag,C4: a non-climatic term earns its place (E8b)
change_C4_tstart,,,2006-09,month,"C4: fitted change date, best form trend (E8b)"
change_C5_earns,,,1.0,flag,C5: a non-climatic term earns its place (E8b)
change_C5_tstart,,,2007-02,month,"C5: fitted change date, best form relax (E8b)"
surface_verdict,,,0.0,code,"not supported (1 supported at a majority of clusters, 0 not; E8c, D-232)"
surface_C1_passes,,,0.0,flag,C1: surface flow passes tests 1-3 (E8c)
surface_C1_threshold_m,,,0.05,m,"C1: fitted surface-flow threshold, best form threshold, level relative to ground (E8c)"
surface_C2_passes,,,0.0,flag,C2: surface flow passes tests 1-3 (E8c)
surface_C2_threshold_m,,,-0.19584854508884175,m,"C2: fitted surface-flow threshold, best form tarso, level relative to ground (E8c)"
surface_C3_passes,,,0.0,flag,C3: surface flow passes tests 1-3 (E8c)
surface_C3_threshold_m,,,-0.9840074775304721,m,"C3: fitted surface-flow threshold, best form tarso, level relative to ground (E8c)"
surface_C4_passes,,,0.0,flag,C4: surface flow passes tests 1-3 (E8c)
surface_C4_threshold_m,,,-0.65,m,"C4: fitted surface-flow threshold, best form threshold, level relative to ground (E8c)"
surface_C5_passes,,,0.0,flag,C5: surface flow passes tests 1-3 (E8c)
surface_C5_threshold_m,,,-0.7906608233241997,m,"C5: fitted surface-flow threshold, best form tarso, level relative to ground (E8c)"
e8d_verdict,,,0.0,code,"not supported (2 supported, 1 unusual rain but no explanation, 0 not supported; E8d, D-234)"
e8d_long_event_threshold_mm,,,48.4,mm,"long-event threshold at alaw_01146: the 90th percentile of multi-day event totals, baseline to 2005"
e8d_event_share_2006,,,0.5357094821788837,fraction,share of the 2005/06 winter's rain in long events at alaw_01146
e8d_event_share_pctl_2006,,,86.20689655172413,percentile,2005/06 event share against the gauge's own baseline winters
e8d_event_share_2007,,,0.4172329044383404,fraction,share of the 2006/07 winter's rain in long events at alaw_01146
e8d_event_share_pctl_2007,,,75.86206896551724,percentile,2006/07 event share against the gauge's own baseline winters
e8d_event_share_2008,,,0.3257042253521127,fraction,share of the 2007/08 winter's rain in long events at alaw_01146
e8d_event_share_pctl_2008,,,62.06896551724138,percentile,2007/08 event share against the gauge's own baseline winters
e8d_event_share_2014,,,0.4304468568543297,fraction,share of the 2013/14 winter's rain in long events at alaw_01146
e8d_event_share_pctl_2014,,,79.3103448275862,percentile,2013/14 event share against the gauge's own baseline winters
e8d_event_share_2016,,,0.47582017010935596,fraction,share of the 2015/16 winter's rain in long events at alaw_01146
e8d_event_share_pctl_2016,,,79.3103448275862,percentile,2015/16 event share against the gauge's own baseline winters
e8d_test1_unusual,,,0.0,flag,E8d test 1: 2005-08 winters unusual in event share
e8d_test2_later_lower,,,0.0,flag,E8d test 2: later wet winters below 2006/07
e8d_clusters_earning,,,0.0,count,"E8d test 3: clusters (of 4, C2-C5) where the long-event stress earns its place"
e8d_check_gauge_agrees,,,1.0,flag,"valley_01145 points the same way on the test winters (reported, not the rule)"
e8e_verdict,,,1.0,code,"consistent in place, timing not resolved (2 supported, 1 place only, 0 not supported; E8e, D-235)"
e8e_n_wells,,,29.0,count,wells with at least 12 readings in 2006-08 and a single-store fit
e8e_rho_felling,,,-0.8907500991323931,rho,"Spearman rho, 2006-08 excess against distance to the nearest 1998 felling"
e8e_p_felling,,,9.591928713077935e-11,p,its p-value
e8e_rho_coast,,,-0.786206896551724,rho,"Spearman rho, 2006-08 excess against distance to the coast"
e8e_p_coast,,,4.303881259060025e-07,p,its p-value
e8e_median_near_m,,,0.4199816710408013,m,"median 2006-08 excess, wells within 250 m of a 1998 felling (n 10)"
e8e_median_rest_m,,,0.22652209027632875,m,"median 2006-08 excess, the other wells (n 19)"
e8e_mw_p,,,7.67432325656018e-05,p,"Mann-Whitney, near greater than the rest (reported, not the rule)"
e8e_median_far_open_m,,,0.13511641466234459,m,"median 2006-08 excess, open-dune wells beyond 500 m (n 11; test 3, reported)"
e8e_rho_between_distances,,,0.6412119767814213,rho,"Spearman rho between the two distances over the same wells (check, not the rule)"
e8e_partial_felling,,,-0.8153154977116565,rho,excess against felling distance with coast distance held fixed (Spearman partial; check)
e8e_partial_coast,,,-0.6166021343353171,rho,excess against coast distance with felling distance held fixed (Spearman partial; check)
e8e_rho_open_felling,,,-0.8586466165413533,rho,"excess against felling distance, open-dune wells only (n 20; check)"
e8e_nw9_half_year,,,2009.0,year,first year NW9's annual mean residual is below half its 2006-07 mean
e8e_canopy_half_year,,,2017.2967468172412,year,year felling_1998_1's canopy ratio (vp1) is halfway from its first frame to its highest
e8e_timing_gap_years,,,-7.796746817241228,years,NW9 half year (mid-year) minus the canopy half year
e8f_verdict,,,2.0,code,"clearance step at the controls (2 step at the controls, 1 none, 0 site-wide shift; E8f, D-236)"
e8f_n_near,,,16.0,count,wells within 500 m of the shore clearance that could be tested
e8f_near_with_step,,,11.0,count,"of those, wells with a step by the rule"
e8f_near_step_wide_in_window,,,0.0,count,"of the near wells with a step, those whose step date profiled over 2008-2020 still lands in the clearance window (check, not the rule)"
e8f_near_step2,,,2.0,count,"near wells with a clearance-window step IN ADDITION to their wide-window step (check, not the rule)"
e8f_controls_step2,,,0.0,count,"of ceh19, ceh17, ceh4: controls with that additional step (check, not the rule)"
e8f_n_placebo,,,42.0,count,placebo wells beyond 1000 m that could be tested
e8f_placebo_frac_with_step,,,0.047619047619047616,fraction,share of placebo wells with a step (test 2)
e8f_rho_step_distance,,,0.4647058823529412,rho,"Spearman rho, step size against distance to the clearance, near wells (reported)"
e8f_step_ceh19_m,,,-0.1529992902573317,m,ceh19: fitted step at 2014-10 (95% -0.185 to -0.121 m)
e8f_has_step_ceh19,,,1.0,flag,ceh19: step by the rule (BIC and interval)
e8f_step_ceh17_m,,,-0.2274069463044695,m,ceh17: fitted step at 2014-10 (95% -0.280 to -0.175 m)
e8f_has_step_ceh17,,,1.0,flag,ceh17: step by the rule (BIC and interval)
e8f_step_ceh4_m,,,-0.23695442299139152,m,ceh4: fitted step at 2014-10 (95% -0.282 to -0.192 m)
e8f_has_step_ceh4,,,1.0,flag,ceh4: step by the rule (BIC and interval)
e8f_step_wmc3_m,,,0.0039994198457909335,m,WMC3 (clearfell impact): fitted step in the clearance window (reported)
