<?xml version="1.0" encoding="UTF-8"?>
<kml xmlns="http://www.opengis.net/kml/2.2"><Document><name>Groundwater flow arrows, wet state (Script 49)</name>
<Placemark><name>111 deg</name><LineString><coordinates>-4.3606197,53.1656214,0 -4.3596957,53.1654238,0 -4.3599894,53.1654135,0 -4.3596957,53.1654238,0 -4.3599126,53.1655432,0</coordinates></LineString></Placemark>
<Placemark><name>112 deg</name><LineString><coordinates>-4.3620648,53.1646936,0 -4.3611303,53.1644897,0 -4.3614282,53.1644804,0 -4.3611303,53.1644897,0 -4.3613489,53.1646116,0</coordinates></LineString></Placemark>
<Placemark><name>114 deg</name><LineString><coordinates>-4.3605703,53.1647232,0 -4.3596549,53.1645051,0 -4.3599502,53.1645011,0 -4.3596549,53.1645051,0 -4.3598654,53.1646296,0</coordinates></LineString></Placemark>
<Placemark><name>115 deg</name><LineString><coordinates>-4.3590759,53.1647529,0 -4.3581790,53.1645234,0 -4.3584715,53.1645238,0 -4.3581790,53.1645234,0 -4.3583823,53.1646498,0</coordinates></LineString></Placemark>
<Placemark><name>114 deg</name><LineString><coordinates>-4.3620155,53.1637955,0 -4.3610889,53.1635711,0 -4.3613885,53.1635681,0 -4.3610889,53.1635711,0 -4.3613013,53.1636982,0</coordinates></LineString></Placemark>
<Placemark><name>116 deg</name><LineString><coordinates>-4.3605210,53.1638251,0 -4.3596158,53.1635867,0 -4.3599123,53.1635890,0 -4.3596158,53.1635867,0 -4.3598196,53.1637161,0</coordinates></LineString></Placemark>
<Placemark><name>117 deg</name><LineString><coordinates>-4.3590266,53.1638547,0 -4.3581420,53.1636058,0 -4.3584348,53.1636125,0 -4.3581420,53.1636058,0 -4.3583381,53.1637367,0</coordinates></LineString></Placemark>
<Placemark><name>118 deg</name><LineString><coordinates>-4.3575322,53.1638843,0 -4.3566659,53.1636292,0 -4.3569549,53.1636389,0 -4.3566659,53.1636292,0 -4.3568557,53.1637605,0</coordinates></LineString></Placemark>
<Placemark><name>114 deg</name><LineString><coordinates>-4.3634605,53.1628677,0 -4.3625195,53.1626413,0 -4.3628235,53.1626378,0 -4.3625195,53.1626413,0 -4.3627355,53.1627699,0</coordinates></LineString></Placemark>
<Placemark><name>116 deg</name><LineString><coordinates>-4.3619661,53.1628973,0 -4.3610486,53.1626535,0 -4.3613495,53.1626565,0 -4.3610486,53.1626535,0 -4.3612547,53.1627853,0</coordinates></LineString></Placemark>
<Placemark><name>118 deg</name><LineString><coordinates>-4.3604717,53.1629270,0 -4.3595787,53.1626686,0 -4.3598757,53.1626773,0 -4.3595787,53.1626686,0 -4.3597753,53.1628027,0</coordinates></LineString></Placemark>
<Placemark><name>119 deg</name><LineString><coordinates>-4.3589773,53.1629566,0 -4.3581077,53.1626883,0 -4.3584001,53.1627014,0 -4.3581077,53.1626883,0 -4.3582958,53.1628235,0</coordinates></LineString></Placemark>
<Placemark><name>120 deg</name><LineString><coordinates>-4.3574829,53.1629862,0 -4.3566328,53.1627140,0 -4.3569206,53.1627295,0 -4.3566328,53.1627140,0 -4.3568148,53.1628489,0</coordinates></LineString></Placemark>
<Placemark><name>111 deg</name><LineString><coordinates>-4.3663999,53.1619102,0 -4.3654224,53.1617048,0 -4.3657325,53.1616929,0 -4.3654224,53.1617048,0 -4.3656526,53.1618302,0</coordinates></LineString></Placemark>
<Placemark><name>113 deg</name><LineString><coordinates>-4.3649055,53.1619399,0 -4.3639475,53.1617162,0 -4.3642557,53.1617107,0 -4.3639475,53.1617162,0 -4.3641687,53.1618452,0</coordinates></LineString></Placemark>
<Placemark><name>115 deg</name><LineString><coordinates>-4.3634112,53.1619695,0 -4.3624763,53.1617266,0 -4.3627818,53.1617281,0 -4.3624763,53.1617266,0 -4.3626874,53.1618594,0</coordinates></LineString></Placemark>
<Placemark><name>118 deg</name><LineString><coordinates>-4.3619168,53.1619992,0 -4.3610088,53.1617374,0 -4.3613106,53.1617460,0 -4.3610088,53.1617374,0 -4.3612088,53.1618735,0</coordinates></LineString></Placemark>
<Placemark><name>120 deg</name><LineString><coordinates>-4.3604224,53.1620288,0 -4.3595435,53.1617510,0 -4.3598404,53.1617661,0 -4.3595435,53.1617510,0 -4.3597324,53.1618895,0</coordinates></LineString></Placemark>
<Placemark><name>121 deg</name><LineString><coordinates>-4.3589280,53.1620585,0 -4.3580769,53.1617706,0 -4.3583681,53.1617904,0 -4.3580769,53.1617706,0 -4.3582561,53.1619099,0</coordinates></LineString></Placemark>
<Placemark><name>122 deg</name><LineString><coordinates>-4.3574337,53.1620881,0 -4.3566039,53.1617990,0 -4.3568894,53.1618206,0 -4.3566039,53.1617990,0 -4.3567770,53.1619371,0</coordinates></LineString></Placemark>
<Placemark><name>122 deg</name><LineString><coordinates>-4.3559393,53.1621177,0 -4.3551207,53.1618370,0 -4.3554014,53.1618570,0 -4.3551207,53.1618370,0 -4.3552923,53.1619720,0</coordinates></LineString></Placemark>
<Placemark><name>111 deg</name><LineString><coordinates>-4.3678448,53.1609823,0 -4.3668549,53.1607778,0 -4.3671682,53.1607648,0 -4.3668549,53.1607778,0 -4.3670887,53.1609038,0</coordinates></LineString></Placemark>
<Placemark><name>112 deg</name><LineString><coordinates>-4.3663505,53.1610120,0 -4.3653761,53.1607934,0 -4.3656878,53.1607854,0 -4.3653761,53.1607934,0 -4.3656028,53.1609222,0</coordinates></LineString></Placemark>
<Placemark><name>114 deg</name><LineString><coordinates>-4.3648561,53.1610417,0 -4.3639009,53.1608063,0 -4.3642106,53.1608043,0 -4.3639009,53.1608063,0 -4.3641191,53.1609384,0</coordinates></LineString></Placemark>
<Placemark><name>116 deg</name><LineString><coordinates>-4.3633618,53.1610714,0 -4.3624313,53.1608161,0 -4.3627380,53.1608213,0 -4.3624313,53.1608161,0 -4.3626387,53.1609520,0</coordinates></LineString></Placemark>
<Placemark><name>119 deg</name><LineString><coordinates>-4.3618675,53.1611011,0 -4.3609681,53.1608242,0 -4.3612704,53.1608376,0 -4.3609681,53.1608242,0 -4.3611628,53.1609639,0</coordinates></LineString></Placemark>
<Placemark><name>122 deg</name><LineString><coordinates>-4.3603731,53.1611307,0 -4.3595099,53.1608343,0 -4.3598060,53.1608556,0 -4.3595099,53.1608343,0 -4.3596908,53.1609768,0</coordinates></LineString></Placemark>
<Placemark><name>124 deg</name><LineString><coordinates>-4.3588788,53.1611603,0 -4.3580511,53.1608519,0 -4.3583397,53.1608790,0 -4.3580511,53.1608519,0 -4.3582199,53.1609953,0</coordinates></LineString></Placemark>
<Placemark><name>124 deg</name><LineString><coordinates>-4.3573844,53.1611899,0 -4.3565821,53.1608833,0 -4.3568634,53.1609117,0 -4.3565821,53.1608833,0 -4.3567442,53.1610243,0</coordinates></LineString></Placemark>
<Placemark><name>123 deg</name><LineString><coordinates>-4.3558901,53.1612195,0 -4.3550939,53.1609316,0 -4.3553699,53.1609552,0 -4.3550939,53.1609316,0 -4.3552579,53.1610670,0</coordinates></LineString></Placemark>
<Placemark><name>120 deg</name><LineString><coordinates>-4.3543957,53.1612491,0 -4.3535883,53.1609911,0 -4.3538615,53.1610057,0 -4.3535883,53.1609911,0 -4.3537612,53.1611191,0</coordinates></LineString></Placemark>
<Placemark><name>111 deg</name><LineString><coordinates>-4.3692896,53.1600545,0 -4.3682936,53.1598432,0 -4.3686099,53.1598317,0 -4.3682936,53.1598432,0 -4.3685278,53.1599715,0</coordinates></LineString></Placemark>
<Placemark><name>112 deg</name><LineString><coordinates>-4.3677953,53.1600842,0 -4.3668103,53.1598666,0 -4.3671248,53.1598576,0 -4.3668103,53.1598666,0 -4.3670402,53.1599959,0</coordinates></LineString></Placemark>
<Placemark><name>113 deg</name><LineString><coordinates>-4.3663010,53.1601139,0 -4.3653285,53.1598875,0 -4.3656412,53.1598818,0 -4.3653285,53.1598875,0 -4.3655532,53.1600184,0</coordinates></LineString></Placemark>
<Placemark><name>115 deg</name><LineString><coordinates>-4.3648067,53.1601436,0 -4.3638512,53.1599033,0 -4.3641619,53.1599026,0 -4.3638512,53.1599033,0 -4.3640685,53.1600368,0</coordinates></LineString></Placemark>
<Placemark><name>117 deg</name><LineString><coordinates>-4.3633124,53.1601733,0 -4.3623818,53.1599127,0 -4.3626896,53.1599194,0 -4.3623818,53.1599127,0 -4.3625883,53.1600500,0</coordinates></LineString></Placemark>
<Placemark><name>120 deg</name><LineString><coordinates>-4.3618181,53.1602030,0 -4.3609235,53.1599165,0 -4.3612264,53.1599329,0 -4.3609235,53.1599165,0 -4.3611150,53.1600585,0</coordinates></LineString></Placemark>
<Placemark><name>123 deg</name><LineString><coordinates>-4.3603238,53.1602326,0 -4.3594762,53.1599198,0 -4.3597712,53.1599467,0 -4.3594762,53.1599198,0 -4.3596496,53.1600658,0</coordinates></LineString></Placemark>
<Placemark><name>126 deg</name><LineString><coordinates>-4.3588295,53.1602622,0 -4.3580323,53.1599317,0 -4.3583168,53.1599671,0 -4.3580323,53.1599317,0 -4.3581883,53.1600790,0</coordinates></LineString></Placemark>
<Placemark><name>127 deg</name><LineString><coordinates>-4.3573352,53.1602918,0 -4.3565735,53.1599647,0 -4.3568476,53.1600016,0 -4.3565735,53.1599647,0 -4.3567204,53.1601086,0</coordinates></LineString></Placemark>
<Placemark><name>124 deg</name><LineString><coordinates>-4.3558409,53.1603214,0 -4.3550759,53.1600310,0 -4.3553437,53.1600576,0 -4.3550759,53.1600310,0 -4.3552309,53.1601650,0</coordinates></LineString></Placemark>
<Placemark><name>117 deg</name><LineString><coordinates>-4.3543465,53.1603510,0 -4.3535440,53.1601214,0 -4.3538104,53.1601285,0 -4.3535440,53.1601214,0 -4.3537212,53.1602412,0</coordinates></LineString></Placemark>
<Placemark><name>112 deg</name><LineString><coordinates>-4.3528522,53.1603805,0 -4.3520140,53.1601985,0 -4.3522810,53.1601900,0 -4.3520140,53.1601985,0 -4.3522103,53.1603077,0</coordinates></LineString></Placemark>
<Placemark><name>101 deg</name><LineString><coordinates>-4.3796999,53.1589477,0 -4.3786019,53.1588459,0 -4.3789251,53.1587969,0 -4.3786019,53.1588459,0 -4.3788855,53.1589511,0</coordinates></LineString></Placemark>
<Placemark><name>104 deg</name><LineString><coordinates>-4.3782057,53.1589776,0 -4.3771242,53.1588327,0 -4.3774512,53.1587968,0 -4.3771242,53.1588327,0 -4.3773949,53.1589487,0</coordinates></LineString></Placemark>
<Placemark><name>110 deg</name><LineString><coordinates>-4.3752172,53.1590372,0 -4.3741768,53.1588332,0 -4.3745039,53.1588165,0 -4.3741768,53.1588332,0 -4.3744246,53.1589626,0</coordinates></LineString></Placemark>
<Placemark><name>112 deg</name><LineString><coordinates>-4.3737229,53.1590670,0 -4.3727020,53.1588461,0 -4.3730271,53.1588355,0 -4.3727020,53.1588461,0 -4.3729412,53.1589789,0</coordinates></LineString></Placemark>
<Placemark><name>113 deg</name><LineString><coordinates>-4.3722287,53.1590968,0 -4.3712239,53.1588671,0 -4.3715462,53.1588600,0 -4.3712239,53.1588671,0 -4.3714569,53.1590011,0</coordinates></LineString></Placemark>
<Placemark><name>113 deg</name><LineString><coordinates>-4.3707344,53.1591266,0 -4.3697414,53.1588948,0 -4.3700609,53.1588891,0 -4.3697414,53.1588948,0 -4.3699707,53.1590286,0</coordinates></LineString></Placemark>
<Placemark><name>113 deg</name><LineString><coordinates>-4.3692401,53.1591563,0 -4.3682550,53.1589269,0 -4.3685718,53.1589211,0 -4.3682550,53.1589269,0 -4.3684826,53.1590595,0</coordinates></LineString></Placemark>
<Placemark><name>113 deg</name><LineString><coordinates>-4.3677459,53.1591861,0 -4.3667665,53.1589599,0 -4.3670811,53.1589536,0 -4.3667665,53.1589599,0 -4.3669931,53.1590912,0</coordinates></LineString></Placemark>
<Placemark><name>113 deg</name><LineString><coordinates>-4.3662516,53.1592158,0 -4.3652788,53.1589895,0 -4.3655916,53.1589837,0 -4.3652788,53.1589895,0 -4.3655036,53.1591203,0</coordinates></LineString></Placemark>
<Placemark><name>114 deg</name><LineString><coordinates>-4.3647573,53.1592455,0 -4.3637962,53.1590113,0 -4.3641073,53.1590085,0 -4.3637962,53.1590113,0 -4.3640162,53.1591435,0</coordinates></LineString></Placemark>
<Placemark><name>116 deg</name><LineString><coordinates>-4.3632631,53.1592752,0 -4.3623241,53.1590216,0 -4.3626328,53.1590257,0 -4.3623241,53.1590216,0 -4.3625343,53.1591576,0</coordinates></LineString></Placemark>
<Placemark><name>120 deg</name><LineString><coordinates>-4.3617688,53.1593048,0 -4.3608699,53.1590195,0 -4.3611737,53.1590352,0 -4.3608699,53.1590195,0 -4.3610628,53.1591615,0</coordinates></LineString></Placemark>
<Placemark><name>125 deg</name><LineString><coordinates>-4.3602745,53.1593345,0 -4.3594383,53.1590108,0 -4.3597323,53.1590415,0 -4.3594383,53.1590108,0 -4.3596065,53.1591590,0</coordinates></LineString></Placemark>
<Placemark><name>130 deg</name><LineString><coordinates>-4.3587802,53.1593641,0 -4.3580219,53.1590106,0 -4.3583001,53.1590550,0 -4.3580219,53.1590106,0 -4.3581627,53.1591615,0</coordinates></LineString></Placemark>
<Placemark><name>132 deg</name><LineString><coordinates>-4.3572859,53.1593937,0 -4.3565926,53.1590390,0 -4.3568531,53.1590883,0 -4.3565926,53.1590390,0 -4.3567153,53.1591857,0</coordinates></LineString></Placemark>
<Placemark><name>125 deg</name><LineString><coordinates>-4.3557917,53.1594233,0 -4.3550801,53.1591392,0 -4.3553319,53.1591677,0 -4.3550801,53.1591392,0 -4.3552215,53.1592677,0</coordinates></LineString></Placemark>
<Placemark><name>109 deg</name><LineString><coordinates>-4.3542974,53.1594528,0 -4.3534897,53.1593044,0 -4.3537417,53.1592887,0 -4.3534897,53.1593044,0 -4.3536840,53.1594021,0</coordinates></LineString></Placemark>
<Placemark><name>101 deg</name><LineString><coordinates>-4.3528031,53.1594824,0 -4.3519411,53.1594019,0 -4.3521949,53.1593636,0 -4.3519411,53.1594019,0 -4.3521637,53.1594847,0</coordinates></LineString></Placemark>
<Placemark><name>100 deg</name><LineString><coordinates>-4.3513088,53.1595119,0 -4.3504199,53.1594323,0 -4.3506810,53.1593919,0 -4.3504199,53.1594323,0 -4.3506500,53.1595167,0</coordinates></LineString></Placemark>
<Placemark><name>101 deg</name><LineString><coordinates>-4.3811444,53.1580197,0 -4.3800298,53.1579087,0 -4.3803593,53.1578611,0 -4.3800298,53.1579087,0 -4.3803162,53.1580176,0</coordinates></LineString></Placemark>
<Placemark><name>106 deg</name><LineString><coordinates>-4.3796502,53.1580496,0 -4.3785549,53.1578883,0 -4.3788889,53.1578560,0 -4.3785549,53.1578883,0 -4.3788262,53.1580098,0</coordinates></LineString></Placemark>
<Placemark><name>109 deg</name><LineString><coordinates>-4.3781560,53.1580794,0 -4.3770849,53.1578783,0 -4.3774200,53.1578587,0 -4.3770849,53.1578783,0 -4.3773418,53.1580091,0</coordinates></LineString></Placemark>
<Placemark><name>112 deg</name><LineString><coordinates>-4.3766618,53.1581093,0 -4.3756172,53.1578772,0 -4.3759510,53.1578679,0 -4.3756172,53.1578772,0 -4.3758607,53.1580146,0</coordinates></LineString></Placemark>
<Placemark><name>114 deg</name><LineString><coordinates>-4.3751676,53.1581391,0 -4.3741492,53.1578848,0 -4.3744800,53.1578836,0 -4.3741492,53.1578848,0 -4.3743811,53.1580266,0</coordinates></LineString></Placemark>
<Placemark><name>116 deg</name><LineString><coordinates>-4.3736734,53.1581689,0 -4.3726777,53.1579022,0 -4.3730047,53.1579060,0 -4.3726777,53.1579022,0 -4.3729010,53.1580458,0</coordinates></LineString></Placemark>
<Placemark><name>116 deg</name><LineString><coordinates>-4.3721791,53.1581987,0 -4.3712000,53.1579297,0 -4.3715228,53.1579353,0 -4.3712000,53.1579297,0 -4.3714182,53.1580728,0</coordinates></LineString></Placemark>
<Placemark><name>116 deg</name><LineString><coordinates>-4.3706849,53.1582285,0 -4.3697143,53.1579670,0 -4.3700333,53.1579711,0 -4.3697143,53.1579670,0 -4.3699316,53.1581074,0</coordinates></LineString></Placemark>
<Placemark><name>115 deg</name><LineString><coordinates>-4.3691907,53.1582582,0 -4.3682213,53.1580115,0 -4.3685371,53.1580116,0 -4.3682213,53.1580115,0 -4.3684412,53.1581477,0</coordinates></LineString></Placemark>
<Placemark><name>113 deg</name><LineString><coordinates>-4.3676964,53.1582880,0 -4.3667241,53.1580586,0 -4.3670374,53.1580537,0 -4.3667241,53.1580586,0 -4.3669482,53.1581902,0</coordinates></LineString></Placemark>
<Placemark><name>112 deg</name><LineString><coordinates>-4.3662022,53.1583177,0 -4.3652269,53.1581021,0 -4.3655383,53.1580932,0 -4.3652269,53.1581021,0 -4.3654545,53.1582302,0</coordinates></LineString></Placemark>
<Placemark><name>112 deg</name><LineString><coordinates>-4.3647080,53.1583474,0 -4.3637345,53.1581356,0 -4.3640447,53.1581257,0 -4.3637345,53.1581356,0 -4.3639623,53.1582624,0</coordinates></LineString></Placemark>
<Placemark><name>113 deg</name><LineString><coordinates>-4.3632137,53.1583770,0 -4.3622540,53.1581518,0 -4.3625629,53.1581467,0 -4.3622540,53.1581518,0 -4.3624754,53.1582814,0</coordinates></LineString></Placemark>
<Placemark><name>117 deg</name><LineString><coordinates>-4.3617195,53.1584067,0 -4.3607983,53.1581442,0 -4.3611038,53.1581520,0 -4.3607983,53.1581442,0 -4.3610018,53.1582814,0</coordinates></LineString></Placemark>
<Placemark><name>124 deg</name><LineString><coordinates>-4.3602252,53.1584363,0 -4.3593874,53.1581152,0 -4.3596813,53.1581451,0 -4.3593874,53.1581152,0 -4.3595565,53.1582627,0</coordinates></LineString></Placemark>
<Placemark><name>133 deg</name><LineString><coordinates>-4.3587310,53.1584660,0 -4.3580174,53.1580953,0 -4.3582866,53.1581476,0 -4.3580174,53.1580953,0 -4.3581425,53.1582479,0</coordinates></LineString></Placemark>
<Placemark><name>140 deg</name><LineString><coordinates>-4.3572367,53.1584956,0 -4.3566546,53.1581110,0 -4.3568902,53.1581764,0 -4.3566546,53.1581110,0 -4.3567407,53.1582581,0</coordinates></LineString></Placemark>
<Placemark><name>133 deg</name><LineString><coordinates>-4.3557425,53.1585251,0 -4.3552190,53.1582495,0 -4.3554172,53.1582889,0 -4.3552190,53.1582495,0 -4.3553100,53.1583624,0</coordinates></LineString></Placemark>
<Placemark><name>83 deg</name><LineString><coordinates>-4.3542482,53.1585547,0 -4.3534622,53.1586267,0 -4.3536654,53.1585516,0 -4.3534622,53.1586267,0 -4.3536934,53.1586620,0</coordinates></LineString></Placemark>
<Placemark><name>82 deg</name><LineString><coordinates>-4.3527539,53.1585842,0 -4.3518983,53.1586762,0 -4.3521169,53.1585907,0 -4.3518983,53.1586762,0 -4.3521526,53.1587109,0</coordinates></LineString></Placemark>
<Placemark><name>87 deg</name><LineString><coordinates>-4.3512597,53.1586138,0 -4.3503505,53.1586572,0 -4.3505933,53.1585814,0 -4.3503505,53.1586572,0 -4.3506102,53.1587091,0</coordinates></LineString></Placemark>
<Placemark><name>102 deg</name><LineString><coordinates>-4.3825889,53.1570917,0 -4.3814572,53.1569666,0 -4.3817942,53.1569217,0 -4.3814572,53.1569666,0 -4.3817456,53.1570806,0</coordinates></LineString></Placemark>
<Placemark><name>107 deg</name><LineString><coordinates>-4.3810947,53.1571216,0 -4.3799858,53.1569395,0 -4.3803276,53.1569120,0 -4.3799858,53.1569395,0 -4.3802568,53.1570677,0</coordinates></LineString></Placemark>
<Placemark><name>111 deg</name><LineString><coordinates>-4.3796005,53.1571515,0 -4.3785198,53.1569252,0 -4.3788624,53.1569118,0 -4.3785198,53.1569252,0 -4.3787745,53.1570636,0</coordinates></LineString></Placemark>
<Placemark><name>114 deg</name><LineString><coordinates>-4.3781063,53.1571813,0 -4.3770569,53.1569198,0 -4.3773977,53.1569184,0 -4.3770569,53.1569198,0 -4.3772961,53.1570658,0</coordinates></LineString></Placemark>
<Placemark><name>117 deg</name><LineString><coordinates>-4.3766122,53.1572112,0 -4.3755957,53.1569218,0 -4.3759328,53.1569304,0 -4.3755957,53.1569218,0 -4.3758203,53.1570731,0</coordinates></LineString></Placemark>
<Placemark><name>119 deg</name><LineString><coordinates>-4.3751180,53.1572410,0 -4.3741338,53.1569319,0 -4.3744658,53.1569482,0 -4.3741338,53.1569319,0 -4.3743457,53.1570864,0</coordinates></LineString></Placemark>
<Placemark><name>121 deg</name><LineString><coordinates>-4.3736238,53.1572708,0 -4.3726670,53.1569526,0 -4.3729932,53.1569734,0 -4.3726670,53.1569526,0 -4.3728695,53.1571077,0</coordinates></LineString></Placemark>
<Placemark><name>121 deg</name><LineString><coordinates>-4.3721296,53.1573006,0 -4.3711898,53.1569867,0 -4.3715105,53.1570075,0 -4.3711898,53.1569867,0 -4.3713885,53.1571395,0</coordinates></LineString></Placemark>
<Placemark><name>120 deg</name><LineString><coordinates>-4.3706354,53.1573304,0 -4.3696988,53.1570353,0 -4.3700150,53.1570510,0 -4.3696988,53.1570353,0 -4.3699003,53.1571826,0</coordinates></LineString></Placemark>
<Placemark><name>117 deg</name><LineString><coordinates>-4.3691412,53.1573601,0 -4.3681953,53.1570961,0 -4.3685080,53.1571026,0 -4.3681953,53.1570961,0 -4.3684053,53.1572354,0</coordinates></LineString></Placemark>
<Placemark><name>113 deg</name><LineString><coordinates>-4.3676470,53.1573898,0 -4.3666849,53.1571632,0 -4.3669948,53.1571583,0 -4.3666849,53.1571632,0 -4.3669067,53.1572934,0</coordinates></LineString></Placemark>
<Placemark><name>110 deg</name><LineString><coordinates>-4.3661528,53.1574195,0 -4.3651744,53.1572282,0 -4.3654820,53.1572124,0 -4.3651744,53.1572282,0 -4.3654076,53.1573498,0</coordinates></LineString></Placemark>
<Placemark><name>108 deg</name><LineString><coordinates>-4.3646586,53.1574492,0 -4.3636688,53.1572825,0 -4.3639747,53.1572591,0 -4.3636688,53.1572825,0 -4.3639099,53.1573981,0</coordinates></LineString></Placemark>
<Placemark><name>107 deg</name><LineString><coordinates>-4.3631644,53.1574789,0 -4.3621727,53.1573172,0 -4.3624782,53.1572922,0 -4.3621727,53.1573172,0 -4.3624153,53.1574315,0</coordinates></LineString></Placemark>
<Placemark><name>110 deg</name><LineString><coordinates>-4.3616701,53.1575086,0 -4.3606992,53.1573167,0 -4.3610048,53.1573016,0 -4.3606992,53.1573167,0 -4.3609302,53.1574379,0</coordinates></LineString></Placemark>
<Placemark><name>121 deg</name><LineString><coordinates>-4.3601759,53.1575382,0 -4.3593045,53.1572521,0 -4.3596009,53.1572700,0 -4.3593045,53.1572521,0 -4.3594897,53.1573923,0</coordinates></LineString></Placemark>
<Placemark><name>135 deg</name><LineString><coordinates>-4.3586817,53.1575678,0 -4.3580354,53.1571987,0 -4.3582857,53.1572553,0 -4.3580354,53.1571987,0 -4.3581422,53.1573461,0</coordinates></LineString></Placemark>
<Placemark><name>141 deg</name><LineString><coordinates>-4.3571875,53.1575974,0 -4.3567456,53.1572910,0 -4.3569272,53.1573447,0 -4.3567456,53.1572910,0 -4.3568081,53.1574067,0</coordinates></LineString></Placemark>
<Placemark><name>324 deg</name><LineString><coordinates>-4.3556933,53.1576270,0 -4.3561074,53.1579485,0 -4.3559305,53.1578887,0 -4.3561074,53.1579485,0 -4.3560555,53.1578306,0</coordinates></LineString></Placemark>
<Placemark><name>38 deg</name><LineString><coordinates>-4.3541990,53.1576566,0 -4.3537210,53.1580571,0 -4.3537753,53.1579129,0 -4.3537210,53.1580571,0 -4.3539310,53.1579800,0</coordinates></LineString></Placemark>
<Placemark><name>61 deg</name><LineString><coordinates>-4.3527048,53.1576861,0 -4.3519315,53.1579678,0 -4.3520904,53.1578357,0 -4.3519315,53.1579678,0 -4.3521999,53.1579443,0</coordinates></LineString></Placemark>
<Placemark><name>74 deg</name><LineString><coordinates>-4.3512106,53.1577156,0 -4.3503094,53.1578888,0 -4.3505247,53.1577777,0 -4.3503094,53.1578888,0 -4.3505920,53.1579042,0</coordinates></LineString></Placemark>
<Placemark><name>86 deg</name><LineString><coordinates>-4.3497163,53.1577451,0 -4.3487536,53.1578058,0 -4.3490078,53.1577214,0 -4.3487536,53.1578058,0 -4.3490314,53.1578566,0</coordinates></LineString></Placemark>
<Placemark><name>97 deg</name><LineString><coordinates>-4.3855274,53.1561337,0 -4.3843648,53.1560731,0 -4.3846978,53.1560082,0 -4.3843648,53.1560731,0 -4.3846743,53.1561715,0</coordinates></LineString></Placemark>
<Placemark><name>104 deg</name><LineString><coordinates>-4.3840333,53.1561636,0 -4.3828867,53.1560102,0 -4.3832333,53.1559721,0 -4.3828867,53.1560102,0 -4.3831737,53.1561331,0</coordinates></LineString></Placemark>
<Placemark><name>110 deg</name><LineString><coordinates>-4.3825391,53.1561936,0 -4.3814211,53.1559784,0 -4.3817718,53.1559593,0 -4.3814211,53.1559784,0 -4.3816882,53.1561164,0</coordinates></LineString></Placemark>
<Placemark><name>114 deg</name><LineString><coordinates>-4.3810450,53.1562235,0 -4.3799592,53.1559636,0 -4.3803097,53.1559592,0 -4.3799592,53.1559636,0 -4.3802087,53.1561117,0</coordinates></LineString></Placemark>
<Placemark><name>117 deg</name><LineString><coordinates>-4.3795508,53.1562533,0 -4.3784991,53.1559588,0 -4.3788470,53.1559663,0 -4.3784991,53.1559588,0 -4.3787325,53.1561141,0</coordinates></LineString></Placemark>
<Placemark><name>120 deg</name><LineString><coordinates>-4.3780567,53.1562832,0 -4.3770411,53.1559600,0 -4.3773845,53.1559780,0 -4.3770411,53.1559600,0 -4.3772589,53.1561206,0</coordinates></LineString></Placemark>
<Placemark><name>123 deg</name><LineString><coordinates>-4.3765625,53.1563130,0 -4.3755860,53.1559651,0 -4.3759235,53.1559927,0 -4.3755860,53.1559651,0 -4.3757882,53.1561298,0</coordinates></LineString></Placemark>
<Placemark><name>125 deg</name><LineString><coordinates>-4.3750684,53.1563429,0 -4.3741329,53.1559758,0 -4.3744627,53.1560115,0 -4.3741329,53.1559758,0 -4.3743200,53.1561429,0</coordinates></LineString></Placemark>
<Placemark><name>127 deg</name><LineString><coordinates>-4.3735742,53.1563727,0 -4.3726745,53.1559974,0 -4.3729961,53.1560379,0 -4.3726745,53.1559974,0 -4.3728502,53.1561643,0</coordinates></LineString></Placemark>
<Placemark><name>127 deg</name><LineString><coordinates>-4.3720800,53.1564025,0 -4.3712003,53.1560364,0 -4.3715145,53.1560758,0 -4.3712003,53.1560364,0 -4.3713722,53.1561993,0</coordinates></LineString></Placemark>
<Placemark><name>124 deg</name><LineString><coordinates>-4.3705859,53.1564322,0 -4.3697021,53.1560970,0 -4.3700114,53.1561276,0 -4.3697021,53.1560970,0 -4.3698811,53.1562517,0</coordinates></LineString></Placemark>
<Placemark><name>119 deg</name><LineString><coordinates>-4.3690917,53.1564620,0 -4.3681816,53.1561788,0 -4.3684881,53.1561932,0 -4.3681816,53.1561788,0 -4.3683780,53.1563210,0</coordinates></LineString></Placemark>
<Placemark><name>113 deg</name><LineString><coordinates>-4.3675975,53.1564917,0 -4.3666516,53.1562740,0 -4.3669553,53.1562677,0 -4.3666516,53.1562740,0 -4.3668706,53.1564006,0</coordinates></LineString></Placemark>
<Placemark><name>106 deg</name><LineString><coordinates>-4.3661034,53.1565214,0 -4.3651257,53.1563695,0 -4.3654254,53.1563428,0 -4.3651257,53.1563695,0 -4.3653663,53.1564802,0</coordinates></LineString></Placemark>
<Placemark><name>101 deg</name><LineString><coordinates>-4.3646092,53.1565511,0 -4.3636092,53.1564556,0 -4.3639041,53.1564118,0 -4.3636092,53.1564556,0 -4.3638670,53.1565522,0</coordinates></LineString></Placemark>
<Placemark><name>97 deg</name><LineString><coordinates>-4.3631150,53.1565808,0 -4.3621016,53.1565281,0 -4.3623919,53.1564715,0 -4.3621016,53.1565281,0 -4.3623714,53.1566139,0</coordinates></LineString></Placemark>
<Placemark><name>94 deg</name><LineString><coordinates>-4.3616208,53.1566104,0 -4.3606021,53.1565857,0 -4.3608884,53.1565210,0 -4.3606021,53.1565857,0 -4.3608788,53.1566641,0</coordinates></LineString></Placemark>
<Placemark><name>96 deg</name><LineString><coordinates>-4.3601266,53.1566401,0 -4.3591196,53.1565946,0 -4.3594067,53.1565364,0 -4.3591196,53.1565946,0 -4.3593890,53.1566779,0</coordinates></LineString></Placemark>
<Placemark><name>322 deg</name><LineString><coordinates>-4.3586324,53.1566697,0 -4.3589838,53.1569217,0 -4.3588377,53.1568767,0 -4.3589838,53.1569217,0 -4.3589357,53.1568274,0</coordinates></LineString></Placemark>
<Placemark><name>334 deg</name><LineString><coordinates>-4.3571383,53.1566993,0 -4.3575892,53.1572187,0 -4.3573636,53.1571068,0 -4.3575892,53.1572187,0 -4.3575655,53.1570435,0</coordinates></LineString></Placemark>
<Placemark><name>347 deg</name><LineString><coordinates>-4.3556441,53.1567289,0 -4.3558956,53.1572990,0 -4.3557153,53.1571591,0 -4.3558956,53.1572990,0 -4.3559369,53.1571238,0</coordinates></LineString></Placemark>
<Placemark><name>26 deg</name><LineString><coordinates>-4.3541499,53.1567584,0 -4.3537583,53.1572757,0 -4.3537660,53.1571053,0 -4.3537583,53.1572757,0 -4.3539671,53.1571603,0</coordinates></LineString></Placemark>
<Placemark><name>50 deg</name><LineString><coordinates>-4.3526557,53.1567880,0 -4.3519446,53.1571768,0 -4.3520655,53.1570194,0 -4.3519446,53.1571768,0 -4.3522166,53.1571193,0</coordinates></LineString></Placemark>
<Placemark><name>65 deg</name><LineString><coordinates>-4.3511615,53.1568175,0 -4.3502820,53.1570907,0 -4.3504719,53.1569535,0 -4.3502820,53.1570907,0 -4.3505781,53.1570770,0</coordinates></LineString></Placemark>
<Placemark><name>77 deg</name><LineString><coordinates>-4.3496673,53.1568470,0 -4.3486918,53.1570071,0 -4.3489302,53.1568944,0 -4.3486918,53.1570071,0 -4.3489925,53.1570314,0</coordinates></LineString></Placemark>
<Placemark><name>101 deg</name><LineString><coordinates>-4.3869717,53.1552056,0 -4.3857904,53.1550924,0 -4.3861389,53.1550407,0 -4.3857904,53.1550924,0 -4.3860948,53.1552066,0</coordinates></LineString></Placemark>
<Placemark><name>110 deg</name><LineString><coordinates>-4.3854776,53.1552356,0 -4.3843294,53.1550155,0 -4.3846894,53.1549957,0 -4.3843294,53.1550155,0 -4.3846039,53.1551569,0</coordinates></LineString></Placemark>
<Placemark><name>114 deg</name><LineString><coordinates>-4.3839835,53.1552655,0 -4.3828723,53.1549891,0 -4.3832331,53.1549874,0 -4.3828723,53.1549891,0 -4.3831256,53.1551435,0</coordinates></LineString></Placemark>
<Placemark><name>118 deg</name><LineString><coordinates>-4.3824894,53.1552954,0 -4.3814136,53.1549819,0 -4.3817718,53.1549930,0 -4.3814136,53.1549819,0 -4.3816499,53.1551441,0</coordinates></LineString></Placemark>
<Placemark><name>120 deg</name><LineString><coordinates>-4.3809953,53.1553253,0 -4.3799539,53.1549845,0 -4.3803079,53.1550055,0 -4.3799539,53.1549845,0 -4.3801754,53.1551518,0</coordinates></LineString></Placemark>
<Placemark><name>123 deg</name><LineString><coordinates>-4.3795011,53.1553552,0 -4.3784940,53.1549926,0 -4.3788428,53.1550221,0 -4.3784940,53.1549926,0 -4.3787018,53.1551635,0</coordinates></LineString></Placemark>
<Placemark><name>125 deg</name><LineString><coordinates>-4.3780070,53.1553851,0 -4.3770362,53.1550029,0 -4.3773787,53.1550404,0 -4.3770362,53.1550029,0 -4.3772301,53.1551767,0</coordinates></LineString></Placemark>
<Placemark><name>128 deg</name><LineString><coordinates>-4.3765129,53.1554149,0 -4.3755854,53.1550119,0 -4.3759200,53.1550581,0 -4.3755854,53.1550119,0 -4.3757633,53.1551884,0</coordinates></LineString></Placemark>
<Placemark><name>131 deg</name><LineString><coordinates>-4.3750188,53.1554447,0 -4.3741460,53.1550196,0 -4.3744698,53.1550758,0 -4.3741460,53.1550196,0 -4.3743045,53.1551984,0</coordinates></LineString></Placemark>
<Placemark><name>133 deg</name><LineString><coordinates>-4.3735246,53.1554746,0 -4.3727059,53.1550377,0 -4.3730170,53.1551009,0 -4.3727059,53.1550377,0 -4.3728472,53.1552159,0</coordinates></LineString></Placemark>
<Placemark><name>134 deg</name><LineString><coordinates>-4.3720305,53.1555043,0 -4.3712428,53.1550776,0 -4.3715434,53.1551402,0 -4.3712428,53.1550776,0 -4.3713775,53.1552508,0</coordinates></LineString></Placemark>
<Placemark><name>131 deg</name><LineString><coordinates>-4.3705364,53.1555341,0 -4.3697372,53.1551492,0 -4.3700328,53.1551994,0 -4.3697372,53.1551492,0 -4.3698832,53.1553117,0</coordinates></LineString></Placemark>
<Placemark><name>123 deg</name><LineString><coordinates>-4.3690422,53.1555639,0 -4.3681881,53.1552579,0 -4.3684835,53.1552825,0 -4.3681881,53.1552579,0 -4.3683646,53.1554024,0</coordinates></LineString></Placemark>
<Placemark><name>112 deg</name><LineString><coordinates>-4.3675481,53.1555936,0 -4.3666274,53.1553924,0 -4.3669209,53.1553833,0 -4.3666274,53.1553924,0 -4.3668427,53.1555126,0</coordinates></LineString></Placemark>
<Placemark><name>101 deg</name><LineString><coordinates>-4.3660539,53.1556233,0 -4.3650871,53.1555275,0 -4.3653729,53.1554861,0 -4.3650871,53.1555275,0 -4.3653357,53.1556218,0</coordinates></LineString></Placemark>
<Placemark><name>92 deg</name><LineString><coordinates>-4.3645598,53.1556530,0 -4.3635721,53.1556504,0 -4.3638455,53.1555818,0 -4.3635721,53.1556504,0 -4.3638445,53.1557205,0</coordinates></LineString></Placemark>
<Placemark><name>84 deg</name><LineString><coordinates>-4.3630657,53.1556827,0 -4.3620791,53.1557679,0 -4.3623351,53.1556750,0 -4.3620791,53.1557679,0 -4.3623683,53.1558136,0</coordinates></LineString></Placemark>
<Placemark><name>73 deg</name><LineString><coordinates>-4.3615715,53.1557123,0 -4.3606238,53.1559026,0 -4.3608487,53.1557835,0 -4.3606238,53.1559026,0 -4.3609227,53.1559166,0</coordinates></LineString></Placemark>
<Placemark><name>45 deg</name><LineString><coordinates>-4.3600773,53.1557419,0 -4.3594132,53.1561698,0 -4.3595136,53.1560049,0 -4.3594132,53.1561698,0 -4.3596799,53.1560982,0</coordinates></LineString></Placemark>
<Placemark><name>340 deg</name><LineString><coordinates>-4.3585832,53.1557716,0 -4.3589553,53.1563330,0 -4.3587434,53.1562040,0 -4.3589553,53.1563330,0 -4.3589616,53.1561517,0</coordinates></LineString></Placemark>
<Placemark><name>332 deg</name><LineString><coordinates>-4.3570890,53.1558012,0 -4.3576149,53.1563499,0 -4.3573629,53.1562352,0 -4.3576149,53.1563499,0 -4.3575763,53.1561614,0</coordinates></LineString></Placemark>
<Placemark><name>7 deg</name><LineString><coordinates>-4.3555949,53.1558307,0 -4.3555081,53.1564021,0 -4.3554210,53.1562381,0 -4.3555081,53.1564021,0 -4.3556431,53.1562503,0</coordinates></LineString></Placemark>
<Placemark><name>33 deg</name><LineString><coordinates>-4.3541007,53.1558603,0 -4.3536065,53.1563554,0 -4.3536468,53.1561839,0 -4.3536065,53.1563554,0 -4.3538393,53.1562533,0</coordinates></LineString></Placemark>
<Placemark><name>46 deg</name><LineString><coordinates>-4.3526065,53.1558898,0 -4.3519117,53.1563191,0 -4.3520203,53.1561517,0 -4.3519117,53.1563191,0 -4.3521871,53.1562493,0</coordinates></LineString></Placemark>
<Placemark><name>59 deg</name><LineString><coordinates>-4.3511124,53.1559194,0 -4.3502511,53.1562556,0 -4.3504238,53.1561022,0 -4.3502511,53.1562556,0 -4.3505544,53.1562231,0</coordinates></LineString></Placemark>
<Placemark><name>69 deg</name><LineString><coordinates>-4.3496182,53.1559489,0 -4.3486556,53.1561960,0 -4.3488736,53.1560601,0 -4.3486556,53.1561960,0 -4.3489696,53.1561953,0</coordinates></LineString></Placemark>
<Placemark><name>73 deg</name><LineString><coordinates>-4.3481240,53.1559784,0 -4.3471240,53.1561796,0 -4.3473612,53.1560538,0 -4.3471240,53.1561796,0 -4.3474394,53.1561942,0</coordinates></LineString></Placemark>
<Placemark><name>60 deg</name><LineString><coordinates>-4.3466298,53.1560078,0 -4.3457899,53.1563192,0 -4.3459615,53.1561742,0 -4.3457899,53.1563192,0 -4.3460825,53.1562921,0</coordinates></LineString></Placemark>
<Placemark><name>124 deg</name><LineString><coordinates>-4.3869219,53.1543075,0 -4.3858664,53.1539052,0 -4.3862363,53.1539422,0 -4.3858664,53.1539052,0 -4.3860799,53.1540905,0</coordinates></LineString></Placemark>
<Placemark><name>124 deg</name><LineString><coordinates>-4.3854278,53.1543375,0 -4.3843811,53.1539403,0 -4.3847475,53.1539766,0 -4.3843811,53.1539403,0 -4.3845932,53.1541236,0</coordinates></LineString></Placemark>
<Placemark><name>125 deg</name><LineString><coordinates>-4.3839337,53.1543674,0 -4.3829072,53.1539646,0 -4.3832691,53.1540038,0 -4.3829072,53.1539646,0 -4.3831125,53.1541480,0</coordinates></LineString></Placemark>
<Placemark><name>126 deg</name><LineString><coordinates>-4.3824396,53.1543973,0 -4.3814380,53.1539858,0 -4.3817948,53.1540292,0 -4.3814380,53.1539858,0 -4.3816348,53.1541699,0</coordinates></LineString></Placemark>
<Placemark><name>128 deg</name><LineString><coordinates>-4.3809455,53.1544272,0 -4.3799712,53.1540070,0 -4.3803221,53.1540547,0 -4.3799712,53.1540070,0 -4.3801588,53.1541915,0</coordinates></LineString></Placemark>
<Placemark><name>129 deg</name><LineString><coordinates>-4.3794515,53.1544571,0 -4.3785050,53.1540295,0 -4.3788496,53.1540812,0 -4.3785050,53.1540295,0 -4.3786834,53.1542142,0</coordinates></LineString></Placemark>
<Placemark><name>130 deg</name><LineString><coordinates>-4.3779574,53.1544870,0 -4.3770396,53.1540529,0 -4.3773775,53.1541084,0 -4.3770396,53.1540529,0 -4.3772088,53.1542373,0</coordinates></LineString></Placemark>
<Placemark><name>132 deg</name><LineString><coordinates>-4.3764633,53.1545168,0 -4.3755832,53.1540709,0 -4.3759130,53.1541323,0 -4.3755832,53.1540709,0 -4.3757397,53.1542559,0</coordinates></LineString></Placemark>
<Placemark><name>137 deg</name><LineString><coordinates>-4.3749692,53.1545466,0 -4.3741667,53.1540696,0 -4.3744812,53.1541450,0 -4.3741667,53.1540696,0 -4.3742957,53.1542577,0</coordinates></LineString></Placemark>
<Placemark><name>141 deg</name><LineString><coordinates>-4.3734751,53.1545764,0 -4.3727637,53.1540785,0 -4.3730570,53.1541662,0 -4.3727637,53.1540785,0 -4.3728635,53.1542661,0</coordinates></LineString></Placemark>
<Placemark><name>144 deg</name><LineString><coordinates>-4.3719810,53.1546062,0 -4.3713357,53.1541114,0 -4.3716101,53.1542028,0 -4.3713357,53.1541114,0 -4.3714178,53.1542935,0</coordinates></LineString></Placemark>
<Placemark><name>141 deg</name><LineString><coordinates>-4.3704869,53.1546360,0 -4.3698326,53.1541889,0 -4.3701002,53.1542665,0 -4.3698326,53.1541889,0 -4.3699265,53.1543584,0</coordinates></LineString></Placemark>
<Placemark><name>128 deg</name><LineString><coordinates>-4.3689928,53.1546657,0 -4.3682292,53.1543327,0 -4.3685049,53.1543711,0 -4.3682292,53.1543327,0 -4.3683755,53.1544783,0</coordinates></LineString></Placemark>
<Placemark><name>110 deg</name><LineString><coordinates>-4.3674987,53.1546955,0 -4.3666143,53.1545265,0 -4.3668915,53.1545111,0 -4.3666143,53.1545265,0 -4.3668258,53.1546353,0</coordinates></LineString></Placemark>
<Placemark><name>94 deg</name><LineString><coordinates>-4.3660045,53.1547252,0 -4.3650661,53.1547049,0 -4.3653294,53.1546446,0 -4.3650661,53.1547049,0 -4.3653215,53.1547764,0</coordinates></LineString></Placemark>
<Placemark><name>82 deg</name><LineString><coordinates>-4.3645104,53.1547549,0 -4.3635694,53.1548537,0 -4.3638102,53.1547603,0 -4.3635694,53.1548537,0 -4.3638487,53.1548925,0</coordinates></LineString></Placemark>
<Placemark><name>70 deg</name><LineString><coordinates>-4.3630163,53.1547845,0 -4.3621165,53.1550003,0 -4.3623232,53.1548775,0 -4.3621165,53.1550003,0 -4.3624071,53.1550038,0</coordinates></LineString></Placemark>
<Placemark><name>56 deg</name><LineString><coordinates>-4.3615222,53.1548142,0 -4.3607332,53.1551635,0 -4.3608833,53.1550116,0 -4.3607332,53.1551635,0 -4.3610191,53.1551224,0</coordinates></LineString></Placemark>
<Placemark><name>33 deg</name><LineString><coordinates>-4.3600281,53.1548438,0 -4.3595325,53.1553307,0 -4.3595748,53.1551613,0 -4.3595325,53.1553307,0 -4.3597640,53.1552310,0</coordinates></LineString></Placemark>
<Placemark><name>335 deg</name><LineString><coordinates>-4.3585339,53.1548734,0 -4.3589686,53.1553921,0 -4.3587477,53.1552793,0 -4.3589686,53.1553921,0 -4.3589493,53.1552182,0</coordinates></LineString></Placemark>
<Placemark><name>318 deg</name><LineString><coordinates>-4.3570398,53.1549030,0 -4.3576514,53.1552830,0 -4.3574086,53.1552210,0 -4.3576514,53.1552830,0 -4.3575563,53.1551351,0</coordinates></LineString></Placemark>
<Placemark><name>12 deg</name><LineString><coordinates>-4.3555457,53.1549326,0 -4.3553994,53.1554377,0 -4.3553417,53.1552878,0 -4.3553994,53.1554377,0 -4.3555380,53.1553084,0</coordinates></LineString></Placemark>
<Placemark><name>27 deg</name><LineString><coordinates>-4.3540515,53.1549622,0 -4.3536521,53.1554737,0 -4.3536630,53.1553043,0 -4.3536521,53.1554737,0 -4.3538619,53.1553604,0</coordinates></LineString></Placemark>
<Placemark><name>42 deg</name><LineString><coordinates>-4.3525574,53.1549917,0 -4.3519122,53.1554594,0 -4.3519996,53.1552849,0 -4.3519122,53.1554594,0 -4.3521814,53.1553755,0</coordinates></LineString></Placemark>
<Placemark><name>57 deg</name><LineString><coordinates>-4.3510633,53.1550212,0 -4.3501979,53.1553828,0 -4.3503667,53.1552221,0 -4.3501979,53.1553828,0 -4.3505073,53.1553437,0</coordinates></LineString></Placemark>
<Placemark><name>67 deg</name><LineString><coordinates>-4.3495691,53.1550507,0 -4.3486012,53.1553215,0 -4.3488160,53.1551787,0 -4.3486012,53.1553215,0 -4.3489213,53.1553147,0</coordinates></LineString></Placemark>
<Placemark><name>70 deg</name><LineString><coordinates>-4.3480750,53.1550802,0 -4.3470916,53.1553173,0 -4.3473173,53.1551828,0 -4.3470916,53.1553173,0 -4.3474094,53.1553209,0</coordinates></LineString></Placemark>
<Placemark><name>70 deg</name><LineString><coordinates>-4.3465808,53.1551097,0 -4.3456365,53.1553391,0 -4.3458529,53.1552094,0 -4.3456365,53.1553391,0 -4.3459421,53.1553420,0</coordinates></LineString></Placemark>
<Placemark><name>78 deg</name><LineString><coordinates>-4.3450867,53.1551391,0 -4.3441724,53.1552788,0 -4.3443979,53.1551760,0 -4.3441724,53.1552788,0 -4.3444522,53.1553044,0</coordinates></LineString></Placemark>
<Placemark><name>110 deg</name><LineString><coordinates>-4.3435925,53.1551686,0 -4.3427652,53.1550040,0 -4.3430258,53.1549914,0 -4.3427652,53.1550040,0 -4.3429618,53.1551076,0</coordinates></LineString></Placemark>
<Placemark><name>129 deg</name><LineString><coordinates>-4.3420984,53.1551980,0 -4.3412828,53.1548241,0 -4.3415808,53.1548701,0 -4.3412828,53.1548241,0 -4.3414355,53.1549846,0</coordinates></LineString></Placemark>
<Placemark><name>185 deg</name><LineString><coordinates>-4.3898601,53.1533495,0 -4.3899189,53.1525844,0 -4.3900514,53.1527999,0 -4.3899189,53.1525844,0 -4.3897540,53.1527917,0</coordinates></LineString></Placemark>
<Placemark><name>159 deg</name><LineString><coordinates>-4.3883661,53.1533795,0 -4.3878668,53.1526668,0 -4.3881432,53.1528287,0 -4.3878668,53.1526668,0 -4.3878663,53.1528988,0</coordinates></LineString></Placemark>
<Placemark><name>143 deg</name><LineString><coordinates>-4.3868720,53.1534094,0 -4.3860811,53.1528099,0 -4.3864161,53.1529200,0 -4.3860811,53.1528099,0 -4.3861831,53.1530311,0</coordinates></LineString></Placemark>
<Placemark><name>137 deg</name><LineString><coordinates>-4.3853780,53.1534394,0 -4.3844966,53.1529007,0 -4.3848448,53.1529876,0 -4.3844966,53.1529007,0 -4.3846355,53.1531114,0</coordinates></LineString></Placemark>
<Placemark><name>135 deg</name><LineString><coordinates>-4.3838839,53.1534693,0 -4.3829791,53.1529584,0 -4.3833284,53.1530360,0 -4.3829791,53.1529584,0 -4.3831298,53.1531631,0</coordinates></LineString></Placemark>
<Placemark><name>135 deg</name><LineString><coordinates>-4.3823899,53.1534992,0 -4.3814882,53.1530004,0 -4.3818343,53.1530749,0 -4.3814882,53.1530004,0 -4.3816404,53.1532015,0</coordinates></LineString></Placemark>
<Placemark><name>135 deg</name><LineString><coordinates>-4.3808958,53.1535291,0 -4.3800096,53.1530356,0 -4.3803504,53.1531097,0 -4.3800096,53.1530356,0 -4.3801586,53.1532342,0</coordinates></LineString></Placemark>
<Placemark><name>135 deg</name><LineString><coordinates>-4.3794018,53.1535590,0 -4.3785344,53.1530704,0 -4.3788690,53.1531445,0 -4.3785344,53.1530704,0 -4.3786791,53.1532663,0</coordinates></LineString></Placemark>
<Placemark><name>135 deg</name><LineString><coordinates>-4.3779077,53.1535889,0 -4.3770553,53.1531088,0 -4.3773841,53.1531816,0 -4.3770553,53.1531088,0 -4.3771975,53.1533013,0</coordinates></LineString></Placemark>
<Placemark><name>135 deg</name><LineString><coordinates>-4.3764136,53.1536187,0 -4.3755717,53.1531503,0 -4.3758953,53.1532206,0 -4.3755717,53.1531503,0 -4.3757133,53.1533389,0</coordinates></LineString></Placemark>
<Placemark><name>136 deg</name><LineString><coordinates>-4.3749196,53.1536485,0 -4.3741218,53.1531814,0 -4.3744330,53.1532544,0 -4.3741218,53.1531814,0 -4.3742515,53.1533665,0</coordinates></LineString></Placemark>
<Placemark><name>147 deg</name><LineString><coordinates>-4.3734255,53.1536783,0 -4.3728117,53.1531410,0 -4.3730857,53.1532463,0 -4.3728117,53.1531410,0 -4.3728769,53.1533326,0</coordinates></LineString></Placemark>
<Placemark><name>158 deg</name><LineString><coordinates>-4.3719314,53.1537081,0 -4.3715135,53.1531442,0 -4.3717386,53.1532706,0 -4.3715135,53.1531442,0 -4.3715194,53.1533293,0</coordinates></LineString></Placemark>
<Placemark><name>158 deg</name><LineString><coordinates>-4.3704374,53.1537379,0 -4.3700628,53.1532215,0 -4.3702667,53.1533379,0 -4.3700628,53.1532215,0 -4.3700660,53.1533905,0</coordinates></LineString></Placemark>
<Placemark><name>137 deg</name><LineString><coordinates>-4.3689433,53.1537676,0 -4.3683401,53.1534068,0 -4.3685769,53.1534641,0 -4.3683401,53.1534068,0 -4.3684366,53.1535488,0</coordinates></LineString></Placemark>
<Placemark><name>102 deg</name><LineString><coordinates>-4.3674492,53.1537973,0 -4.3666121,53.1537051,0 -4.3668613,53.1536718,0 -4.3666121,53.1537051,0 -4.3668255,53.1537894,0</coordinates></LineString></Placemark>
<Placemark><name>84 deg</name><LineString><coordinates>-4.3659551,53.1538270,0 -4.3650703,53.1539029,0 -4.3653001,53.1538198,0 -4.3650703,53.1539029,0 -4.3653295,53.1539440,0</coordinates></LineString></Placemark>
<Placemark><name>72 deg</name><LineString><coordinates>-4.3644610,53.1538567,0 -4.3635940,53.1540412,0 -4.3637977,53.1539293,0 -4.3635940,53.1540412,0 -4.3638694,53.1540511,0</coordinates></LineString></Placemark>
<Placemark><name>59 deg</name><LineString><coordinates>-4.3629670,53.1538864,0 -4.3621834,53.1541899,0 -4.3623410,53.1540510,0 -4.3621834,53.1541899,0 -4.3624589,53.1541610,0</coordinates></LineString></Placemark>
<Placemark><name>39 deg</name><LineString><coordinates>-4.3614729,53.1539161,0 -4.3609098,53.1543701,0 -4.3609771,53.1542051,0 -4.3609098,53.1543701,0 -4.3611536,53.1542842,0</coordinates></LineString></Placemark>
<Placemark><name>9 deg</name><LineString><coordinates>-4.3599788,53.1539457,0 -4.3598515,53.1545275,0 -4.3597736,53.1543578,0 -4.3598515,53.1545275,0 -4.3599998,53.1543757,0</coordinates></LineString></Placemark>
<Placemark><name>357 deg</name><LineString><coordinates>-4.3584847,53.1539753,0 -4.3585586,53.1545348,0 -4.3584294,53.1543854,0 -4.3585586,53.1545348,0 -4.3586469,53.1543750,0</coordinates></LineString></Placemark>
<Placemark><name>351 deg</name><LineString><coordinates>-4.3569906,53.1540049,0 -4.3571545,53.1545005,0 -4.3570129,53.1543750,0 -4.3571545,53.1545005,0 -4.3572055,53.1543520,0</coordinates></LineString></Placemark>
<Placemark><name>350 deg</name><LineString><coordinates>-4.3554965,53.1540345,0 -4.3556673,53.1545122,0 -4.3555272,53.1543922,0 -4.3556673,53.1545122,0 -4.3557129,53.1543682,0</coordinates></LineString></Placemark>
<Placemark><name>10 deg</name><LineString><coordinates>-4.3540024,53.1540640,0 -4.3538836,53.1545867,0 -4.3538148,53.1544340,0 -4.3538836,53.1545867,0 -4.3540180,53.1544506,0</coordinates></LineString></Placemark>
<Placemark><name>33 deg</name><LineString><coordinates>-4.3525083,53.1540936,0 -4.3519854,53.1546129,0 -4.3520289,53.1544327,0 -4.3519854,53.1546129,0 -4.3522308,53.1545061,0</coordinates></LineString></Placemark>
<Placemark><name>64 deg</name><LineString><coordinates>-4.3510142,53.1541231,0 -4.3500615,53.1544279,0 -4.3502655,53.1542768,0 -4.3500615,53.1544279,0 -4.3503840,53.1544106,0</coordinates></LineString></Placemark>
<Placemark><name>74 deg</name><LineString><coordinates>-4.3495201,53.1541526,0 -4.3484943,53.1543564,0 -4.3487381,53.1542281,0 -4.3484943,53.1543564,0 -4.3488174,53.1543721,0</coordinates></LineString></Placemark>
<Placemark><name>77 deg</name><LineString><coordinates>-4.3480260,53.1541821,0 -4.3469989,53.1543516,0 -4.3472497,53.1542327,0 -4.3469989,53.1543516,0 -4.3473156,53.1543769,0</coordinates></LineString></Placemark>
<Placemark><name>79 deg</name><LineString><coordinates>-4.3465318,53.1542115,0 -4.3455211,53.1543470,0 -4.3457741,53.1542386,0 -4.3455211,53.1543470,0 -4.3458267,53.1543805,0</coordinates></LineString></Placemark>
<Placemark><name>88 deg</name><LineString><coordinates>-4.3450377,53.1542410,0 -4.3440419,53.1542849,0 -4.3443085,53.1542028,0 -4.3440419,53.1542849,0 -4.3443256,53.1543427,0</coordinates></LineString></Placemark>
<Placemark><name>104 deg</name><LineString><coordinates>-4.3435436,53.1542704,0 -4.3425762,53.1541412,0 -4.3428686,53.1541090,0 -4.3425762,53.1541412,0 -4.3428184,53.1542449,0</coordinates></LineString></Placemark>
<Placemark><name>111 deg</name><LineString><coordinates>-4.3420495,53.1542998,0 -4.3410690,53.1540907,0 -4.3413806,53.1540797,0 -4.3410690,53.1540907,0 -4.3412993,53.1542174,0</coordinates></LineString></Placemark>
<Placemark><name>196 deg</name><LineString><coordinates>-4.3927982,53.1523913,0 -4.3931078,53.1516714,0 -4.3931622,53.1518921,0 -4.3931078,53.1516714,0 -4.3928824,53.1518486,0</coordinates></LineString></Placemark>
<Placemark><name>189 deg</name><LineString><coordinates>-4.3913042,53.1524213,0 -4.3914701,53.1516719,0 -4.3915699,53.1518907,0 -4.3914701,53.1516719,0 -4.3912786,53.1518674,0</coordinates></LineString></Placemark>
<Placemark><name>178 deg</name><LineString><coordinates>-4.3898102,53.1524514,0 -4.3897302,53.1516861,0 -4.3899010,53.1518919,0 -4.3897302,53.1516861,0 -4.3896036,53.1519031,0</coordinates></LineString></Placemark>
<Placemark><name>165 deg</name><LineString><coordinates>-4.3883162,53.1524813,0 -4.3879390,53.1517445,0 -4.3881864,53.1519216,0 -4.3879390,53.1517445,0 -4.3879001,53.1519746,0</coordinates></LineString></Placemark>
<Placemark><name>154 deg</name><LineString><coordinates>-4.3868222,53.1525113,0 -4.3862206,53.1518346,0 -4.3865184,53.1519793,0 -4.3862206,53.1518346,0 -4.3862553,53.1520638,0</coordinates></LineString></Placemark>
<Placemark><name>147 deg</name><LineString><coordinates>-4.3853282,53.1525413,0 -4.3846061,53.1519177,0 -4.3849268,53.1520393,0 -4.3846061,53.1519177,0 -4.3846844,53.1521407,0</coordinates></LineString></Placemark>
<Placemark><name>144 deg</name><LineString><coordinates>-4.3838342,53.1525712,0 -4.3830589,53.1519826,0 -4.3833875,53.1520908,0 -4.3830589,53.1519826,0 -4.3831587,53.1521997,0</coordinates></LineString></Placemark>
<Placemark><name>142 deg</name><LineString><coordinates>-4.3823401,53.1526011,0 -4.3815504,53.1520327,0 -4.3818791,53.1521343,0 -4.3815504,53.1520327,0 -4.3816581,53.1522452,0</coordinates></LineString></Placemark>
<Placemark><name>142 deg</name><LineString><coordinates>-4.3808461,53.1526310,0 -4.3800652,53.1520736,0 -4.3803893,53.1521728,0 -4.3800652,53.1520736,0 -4.3801726,53.1522825,0</coordinates></LineString></Placemark>
<Placemark><name>142 deg</name><LineString><coordinates>-4.3793521,53.1526609,0 -4.3785888,53.1521135,0 -4.3789061,53.1522111,0 -4.3785888,53.1521135,0 -4.3786933,53.1523184,0</coordinates></LineString></Placemark>
<Placemark><name>141 deg</name><LineString><coordinates>-4.3778581,53.1526907,0 -4.3771021,53.1521620,0 -4.3774138,53.1522550,0 -4.3771021,53.1521620,0 -4.3772082,53.1523612,0</coordinates></LineString></Placemark>
<Placemark><name>139 deg</name><LineString><coordinates>-4.3763640,53.1527206,0 -4.3755955,53.1522237,0 -4.3759044,53.1523070,0 -4.3755955,53.1522237,0 -4.3757113,53.1524150,0</coordinates></LineString></Placemark>
<Placemark><name>137 deg</name><LineString><coordinates>-4.3748700,53.1527504,0 -4.3740936,53.1522844,0 -4.3743987,53.1523586,0 -4.3740936,53.1522844,0 -4.3742176,53.1524677,0</coordinates></LineString></Placemark>
<Placemark><name>144 deg</name><LineString><coordinates>-4.3733760,53.1527802,0 -4.3727140,53.1522682,0 -4.3729964,53.1523632,0 -4.3727140,53.1522682,0 -4.3727974,53.1524562,0</coordinates></LineString></Placemark>
<Placemark><name>185 deg</name><LineString><coordinates>-4.3718819,53.1528100,0 -4.3719335,53.1522160,0 -4.3720347,53.1523837,0 -4.3719335,53.1522160,0 -4.3718038,53.1523765,0</coordinates></LineString></Placemark>
<Placemark><name>195 deg</name><LineString><coordinates>-4.3703879,53.1528397,0 -4.3705904,53.1523356,0 -4.3706324,53.1524891,0 -4.3705904,53.1523356,0 -4.3704365,53.1524607,0</coordinates></LineString></Placemark>
<Placemark><name>168 deg</name><LineString><coordinates>-4.3688938,53.1528695,0 -4.3687392,53.1524949,0 -4.3688547,53.1525876,0 -4.3687392,53.1524949,0 -4.3687092,53.1526093,0</coordinates></LineString></Placemark>
<Placemark><name>80 deg</name><LineString><coordinates>-4.3673998,53.1528992,0 -4.3666533,53.1529923,0 -4.3668415,53.1529142,0 -4.3666533,53.1529923,0 -4.3668776,53.1530190,0</coordinates></LineString></Placemark>
<Placemark><name>74 deg</name><LineString><coordinates>-4.3659057,53.1529289,0 -4.3650886,53.1530920,0 -4.3652827,53.1529896,0 -4.3650886,53.1530920,0 -4.3653461,53.1531044,0</coordinates></LineString></Placemark>
<Placemark><name>68 deg</name><LineString><coordinates>-4.3644117,53.1529586,0 -4.3636042,53.1531776,0 -4.3637847,53.1530603,0 -4.3636042,53.1531776,0 -4.3638698,53.1531738,0</coordinates></LineString></Placemark>
<Placemark><name>54 deg</name><LineString><coordinates>-4.3629176,53.1529883,0 -4.3622176,53.1533185,0 -4.3623469,53.1531781,0 -4.3622176,53.1533185,0 -4.3624752,53.1532764,0</coordinates></LineString></Placemark>
<Placemark><name>31 deg</name><LineString><coordinates>-4.3614236,53.1530179,0 -4.3609924,53.1534741,0 -4.3610228,53.1533178,0 -4.3609924,53.1534741,0 -4.3612002,53.1533784,0</coordinates></LineString></Placemark>
<Placemark><name>15 deg</name><LineString><coordinates>-4.3599295,53.1530476,0 -4.3597325,53.1535464,0 -4.3596900,53.1533947,0 -4.3597325,53.1535464,0 -4.3598838,53.1534224,0</coordinates></LineString></Placemark>
<Placemark><name>17 deg</name><LineString><coordinates>-4.3584354,53.1530772,0 -4.3582161,53.1535630,0 -4.3581823,53.1534133,0 -4.3582161,53.1535630,0 -4.3583711,53.1534441,0</coordinates></LineString></Placemark>
<Placemark><name>7 deg</name><LineString><coordinates>-4.3569414,53.1531068,0 -4.3568694,53.1535747,0 -4.3567984,53.1534403,0 -4.3568694,53.1535747,0 -4.3569803,53.1534504,0</coordinates></LineString></Placemark>
<Placemark><name>356 deg</name><LineString><coordinates>-4.3554473,53.1531363,0 -4.3555141,53.1535415,0 -4.3554169,53.1534342,0 -4.3555141,53.1535415,0 -4.3555743,53.1534248,0</coordinates></LineString></Placemark>
<Placemark><name>139 deg</name><LineString><coordinates>-4.3524592,53.1531954,0 -4.3518782,53.1528180,0 -4.3521121,53.1528815,0 -4.3518782,53.1528180,0 -4.3519653,53.1529631,0</coordinates></LineString></Placemark>
<Placemark><name>91 deg</name><LineString><coordinates>-4.3509651,53.1532250,0 -4.3498819,53.1532339,0 -4.3501795,53.1531554,0 -4.3498819,53.1532339,0 -4.3501830,53.1533075,0</coordinates></LineString></Placemark>
<Placemark><name>86 deg</name><LineString><coordinates>-4.3494710,53.1532545,0 -4.3483956,53.1533165,0 -4.3486807,53.1532239,0 -4.3483956,53.1533165,0 -4.3487048,53.1533749,0</coordinates></LineString></Placemark>
<Placemark><name>86 deg</name><LineString><coordinates>-4.3479769,53.1532839,0 -4.3469156,53.1533551,0 -4.3471950,53.1532609,0 -4.3469156,53.1533551,0 -4.3472227,53.1534099,0</coordinates></LineString></Placemark>
<Placemark><name>87 deg</name><LineString><coordinates>-4.3464828,53.1533134,0 -4.3454380,53.1533681,0 -4.3457161,53.1532796,0 -4.3454380,53.1533681,0 -4.3457373,53.1534264,0</coordinates></LineString></Placemark>
<Placemark><name>91 deg</name><LineString><coordinates>-4.3449887,53.1533428,0 -4.3439606,53.1533515,0 -4.3442430,53.1532769,0 -4.3439606,53.1533515,0 -4.3442463,53.1534213,0</coordinates></LineString></Placemark>
<Placemark><name>96 deg</name><LineString><coordinates>-4.3434947,53.1533723,0 -4.3424812,53.1533282,0 -4.3427698,53.1532692,0 -4.3424812,53.1533282,0 -4.3427526,53.1534115,0</coordinates></LineString></Placemark>
<Placemark><name>94 deg</name><LineString><coordinates>-4.3420006,53.1534017,0 -4.3409968,53.1533780,0 -4.3412788,53.1533141,0 -4.3409968,53.1533780,0 -4.3412696,53.1534550,0</coordinates></LineString></Placemark>
<Placemark><name>79 deg</name><LineString><coordinates>-4.3405065,53.1534311,0 -4.3395889,53.1535611,0 -4.3398172,53.1534608,0 -4.3395889,53.1535611,0 -4.3398677,53.1535896,0</coordinates></LineString></Placemark>
<Placemark><name>189 deg</name><LineString><coordinates>-4.3927483,53.1514932,0 -4.3929047,53.1507508,0 -4.3930057,53.1509669,0 -4.3929047,53.1507508,0 -4.3927172,53.1509450,0</coordinates></LineString></Placemark>
<Placemark><name>183 deg</name><LineString><coordinates>-4.3912543,53.1515232,0 -4.3912870,53.1507658,0 -4.3914251,53.1509774,0 -4.3912870,53.1507658,0 -4.3911308,53.1509728,0</coordinates></LineString></Placemark>
<Placemark><name>176 deg</name><LineString><coordinates>-4.3897603,53.1515532,0 -4.3896207,53.1507932,0 -4.3898070,53.1509934,0 -4.3896207,53.1507932,0 -4.3895116,53.1510130,0</coordinates></LineString></Placemark>
<Placemark><name>167 deg</name><LineString><coordinates>-4.3882663,53.1515832,0 -4.3879363,53.1508420,0 -4.3881716,53.1510236,0 -4.3879363,53.1508420,0 -4.3878835,53.1510700,0</coordinates></LineString></Placemark>
<Placemark><name>159 deg</name><LineString><coordinates>-4.3867724,53.1516132,0 -4.3862812,53.1509072,0 -4.3865541,53.1510678,0 -4.3862812,53.1509072,0 -4.3862797,53.1511368,0</coordinates></LineString></Placemark>
<Placemark><name>154 deg</name><LineString><coordinates>-4.3852784,53.1516431,0 -4.3846791,53.1509746,0 -4.3849746,53.1511172,0 -4.3846791,53.1509746,0 -4.3847148,53.1512014,0</coordinates></LineString></Placemark>
<Placemark><name>150 deg</name><LineString><coordinates>-4.3837844,53.1516731,0 -4.3831251,53.1510349,0 -4.3834313,53.1511649,0 -4.3831251,53.1510349,0 -4.3831832,53.1512575,0</coordinates></LineString></Placemark>
<Placemark><name>148 deg</name><LineString><coordinates>-4.3822904,53.1517030,0 -4.3816091,53.1510851,0 -4.3819174,53.1512080,0 -4.3816091,53.1510851,0 -4.3816772,53.1513037,0</coordinates></LineString></Placemark>
<Placemark><name>149 deg</name><LineString><coordinates>-4.3807964,53.1517329,0 -4.3801293,53.1511240,0 -4.3804320,53.1512454,0 -4.3801293,53.1511240,0 -4.3801953,53.1513391,0</coordinates></LineString></Placemark>
<Placemark><name>150 deg</name><LineString><coordinates>-4.3793024,53.1517628,0 -4.3786761,53.1511588,0 -4.3789665,53.1512817,0 -4.3786761,53.1511588,0 -4.3787318,53.1513697,0</coordinates></LineString></Placemark>
<Placemark><name>150 deg</name><LineString><coordinates>-4.3778084,53.1517926,0 -4.3772056,53.1512077,0 -4.3774858,53.1513270,0 -4.3772056,53.1512077,0 -4.3772585,53.1514117,0</coordinates></LineString></Placemark>
<Placemark><name>147 deg</name><LineString><coordinates>-4.3763144,53.1518225,0 -4.3756891,53.1512802,0 -4.3759672,53.1513861,0 -4.3756891,53.1512802,0 -4.3757565,53.1514740,0</coordinates></LineString></Placemark>
<Placemark><name>140 deg</name><LineString><coordinates>-4.3748204,53.1518523,0 -4.3741203,53.1513896,0 -4.3744037,53.1514683,0 -4.3741203,53.1513896,0 -4.3742238,53.1515666,0</coordinates></LineString></Placemark>
<Placemark><name>122 deg</name><LineString><coordinates>-4.3733264,53.1518821,0 -4.3725193,53.1516060,0 -4.3727959,53.1516256,0 -4.3725193,53.1516060,0 -4.3726886,53.1517389,0</coordinates></LineString></Placemark>
<Placemark><name>235 deg</name><LineString><coordinates>-4.3718324,53.1519119,0 -4.3724578,53.1516333,0 -4.3723391,53.1517542,0 -4.3724578,53.1516333,0 -4.3722308,53.1516664,0</coordinates></LineString></Placemark>
<Placemark><name>237 deg</name><LineString><coordinates>-4.3703384,53.1519416,0 -4.3710243,53.1516487,0 -4.3708917,53.1517778,0 -4.3710243,53.1516487,0 -4.3707779,53.1516815,0</coordinates></LineString></Placemark>
<Placemark><name>267 deg</name><LineString><coordinates>-4.3688444,53.1519714,0 -4.3695620,53.1519307,0 -4.3693716,53.1519923,0 -4.3695620,53.1519307,0 -4.3693558,53.1518915,0</coordinates></LineString></Placemark>
<Placemark><name>56 deg</name><LineString><coordinates>-4.3673503,53.1520011,0 -4.3667504,53.1522621,0 -4.3668655,53.1521479,0 -4.3667504,53.1522621,0 -4.3669669,53.1522321,0</coordinates></LineString></Placemark>
<Placemark><name>77 deg</name><LineString><coordinates>-4.3658563,53.1520308,0 -4.3650414,53.1521619,0 -4.3652411,53.1520685,0 -4.3650414,53.1521619,0 -4.3652921,53.1521829,0</coordinates></LineString></Placemark>
<Placemark><name>69 deg</name><LineString><coordinates>-4.3643623,53.1520605,0 -4.3635793,53.1522560,0 -4.3637576,53.1521470,0 -4.3635793,53.1522560,0 -4.3638336,53.1522570,0</coordinates></LineString></Placemark>
<Placemark><name>55 deg</name><LineString><coordinates>-4.3628683,53.1520901,0 -4.3621966,53.1523891,0 -4.3623241,53.1522593,0 -4.3621966,53.1523891,0 -4.3624403,53.1523536,0</coordinates></LineString></Placemark>
<Placemark><name>39 deg</name><LineString><coordinates>-4.3613743,53.1521198,0 -4.3608811,53.1525138,0 -4.3609408,53.1523703,0 -4.3608811,53.1525138,0 -4.3610939,53.1524396,0</coordinates></LineString></Placemark>
<Placemark><name>32 deg</name><LineString><coordinates>-4.3598802,53.1521494,0 -4.3594838,53.1525652,0 -4.3595126,53.1524225,0 -4.3594838,53.1525652,0 -4.3596742,53.1524782,0</coordinates></LineString></Placemark>
<Placemark><name>40 deg</name><LineString><coordinates>-4.3583862,53.1521790,0 -4.3579121,53.1525425,0 -4.3579724,53.1524088,0 -4.3579121,53.1525425,0 -4.3581137,53.1524754,0</coordinates></LineString></Placemark>
<Placemark><name>59 deg</name><LineString><coordinates>-4.3568922,53.1522086,0 -4.3563095,53.1524369,0 -4.3564261,53.1523329,0 -4.3563095,53.1524369,0 -4.3565148,53.1524147,0</coordinates></LineString></Placemark>
<Placemark><name>112 deg</name><LineString><coordinates>-4.3553981,53.1522382,0 -4.3547770,53.1521016,0 -4.3549751,53.1520958,0 -4.3547770,53.1521016,0 -4.3549221,53.1521830,0</coordinates></LineString></Placemark>
<Placemark><name>138 deg</name><LineString><coordinates>-4.3539041,53.1522678,0 -4.3533425,53.1519169,0 -4.3535659,53.1519744,0 -4.3533425,53.1519169,0 -4.3534295,53.1520533,0</coordinates></LineString></Placemark>
<Placemark><name>127 deg</name><LineString><coordinates>-4.3524100,53.1522973,0 -4.3516231,53.1519651,0 -4.3519051,53.1520016,0 -4.3516231,53.1519651,0 -4.3517760,53.1521122,0</coordinates></LineString></Placemark>
<Placemark><name>107 deg</name><LineString><coordinates>-4.3509160,53.1523268,0 -4.3499097,53.1521582,0 -4.3502206,53.1521341,0 -4.3499097,53.1521582,0 -4.3501550,53.1522755,0</coordinates></LineString></Placemark>
<Placemark><name>97 deg</name><LineString><coordinates>-4.3494219,53.1523563,0 -4.3483608,53.1522984,0 -4.3486653,53.1522399,0 -4.3483608,53.1522984,0 -4.3486428,53.1523889,0</coordinates></LineString></Placemark>
<Placemark><name>93 deg</name><LineString><coordinates>-4.3479279,53.1523858,0 -4.3468640,53.1523723,0 -4.3471606,53.1523013,0 -4.3468640,53.1523723,0 -4.3471553,53.1524508,0</coordinates></LineString></Placemark>
<Placemark><name>92 deg</name><LineString><coordinates>-4.3464338,53.1524153,0 -4.3453803,53.1524105,0 -4.3456723,53.1523379,0 -4.3453803,53.1524105,0 -4.3456705,53.1524858,0</coordinates></LineString></Placemark>
<Placemark><name>93 deg</name><LineString><coordinates>-4.3449398,53.1524447,0 -4.3439021,53.1524284,0 -4.3441920,53.1523601,0 -4.3439021,53.1524284,0 -4.3441857,53.1525058,0</coordinates></LineString></Placemark>
<Placemark><name>94 deg</name><LineString><coordinates>-4.3434457,53.1524741,0 -4.3424296,53.1524478,0 -4.3427155,53.1523837,0 -4.3424296,53.1524478,0 -4.3427053,53.1525264,0</coordinates></LineString></Placemark>
<Placemark><name>92 deg</name><LineString><coordinates>-4.3419517,53.1525035,0 -4.3409734,53.1525039,0 -4.3412437,53.1524351,0 -4.3409734,53.1525039,0 -4.3412438,53.1525725,0</coordinates></LineString></Placemark>
<Placemark><name>82 deg</name><LineString><coordinates>-4.3404576,53.1525329,0 -4.3395893,53.1526239,0 -4.3398116,53.1525378,0 -4.3395893,53.1526239,0 -4.3398469,53.1526598,0</coordinates></LineString></Placemark>
<Placemark><name>184 deg</name><LineString><coordinates>-4.3926983,53.1505951,0 -4.3927461,53.1498464,0 -4.3928784,53.1500566,0 -4.3927461,53.1498464,0 -4.3925874,53.1500499,0</coordinates></LineString></Placemark>
<Placemark><name>180 deg</name><LineString><coordinates>-4.3912044,53.1506251,0 -4.3911552,53.1498694,0 -4.3913156,53.1500748,0 -4.3911552,53.1498694,0 -4.3910219,53.1500817,0</coordinates></LineString></Placemark>
<Placemark><name>174 deg</name><LineString><coordinates>-4.3897104,53.1506551,0 -4.3895367,53.1499013,0 -4.3897312,53.1500974,0 -4.3895367,53.1499013,0 -4.3894382,53.1501218,0</coordinates></LineString></Placemark>
<Placemark><name>168 deg</name><LineString><coordinates>-4.3882165,53.1506851,0 -4.3879097,53.1499450,0 -4.3881383,53.1501279,0 -4.3879097,53.1499450,0 -4.3878506,53.1501710,0</coordinates></LineString></Placemark>
<Placemark><name>162 deg</name><LineString><coordinates>-4.3867225,53.1507151,0 -4.3862992,53.1499977,0 -4.3865555,53.1501662,0 -4.3862992,53.1499977,0 -4.3862767,53.1502257,0</coordinates></LineString></Placemark>
<Placemark><name>158 deg</name><LineString><coordinates>-4.3852286,53.1507450,0 -4.3847208,53.1500532,0 -4.3849955,53.1502087,0 -4.3847208,53.1500532,0 -4.3847266,53.1502800,0</coordinates></LineString></Placemark>
<Placemark><name>155 deg</name><LineString><coordinates>-4.3837346,53.1507750,0 -4.3831740,53.1501070,0 -4.3834587,53.1502522,0 -4.3831740,53.1501070,0 -4.3831991,53.1503309,0</coordinates></LineString></Placemark>
<Placemark><name>153 deg</name><LineString><coordinates>-4.3822406,53.1508049,0 -4.3816528,53.1501568,0 -4.3819411,53.1502946,0 -4.3816528,53.1501568,0 -4.3816893,53.1503772,0</coordinates></LineString></Placemark>
<Placemark><name>154 deg</name><LineString><coordinates>-4.3807467,53.1508348,0 -4.3801778,53.1501931,0 -4.3804597,53.1503305,0 -4.3801778,53.1501931,0 -4.3802103,53.1504104,0</coordinates></LineString></Placemark>
<Placemark><name>160 deg</name><LineString><coordinates>-4.3792527,53.1508646,0 -4.3788060,53.1502096,0 -4.3790567,53.1503592,0 -4.3788060,53.1502096,0 -4.3788021,53.1504220,0</coordinates></LineString></Placemark>
<Placemark><name>163 deg</name><LineString><coordinates>-4.3777588,53.1508945,0 -4.3773922,53.1502557,0 -4.3776176,53.1504065,0 -4.3773922,53.1502557,0 -4.3773693,53.1504580,0</coordinates></LineString></Placemark>
<Placemark><name>163 deg</name><LineString><coordinates>-4.3762648,53.1509243,0 -4.3759139,53.1503219,0 -4.3761279,53.1504637,0 -4.3759139,53.1503219,0 -4.3758938,53.1505130,0</coordinates></LineString></Placemark>
<Placemark><name>161 deg</name><LineString><coordinates>-4.3747708,53.1509541,0 -4.3744251,53.1504090,0 -4.3746266,53.1505353,0 -4.3744251,53.1504090,0 -4.3744147,53.1505839,0</coordinates></LineString></Placemark>
<Placemark><name>166 deg</name><LineString><coordinates>-4.3732768,53.1509839,0 -4.3730531,53.1505257,0 -4.3732040,53.1506366,0 -4.3730531,53.1505257,0 -4.3730259,53.1506680,0</coordinates></LineString></Placemark>
<Placemark><name>229 deg</name><LineString><coordinates>-4.3717829,53.1510137,0 -4.3723022,53.1507200,0 -4.3722158,53.1508376,0 -4.3723022,53.1507200,0 -4.3721016,53.1507647,0</coordinates></LineString></Placemark>
<Placemark><name>226 deg</name><LineString><coordinates>-4.3702889,53.1510435,0 -4.3708592,53.1506952,0 -4.3707693,53.1508315,0 -4.3708592,53.1506952,0 -4.3706339,53.1507514,0</coordinates></LineString></Placemark>
<Placemark><name>208 deg</name><LineString><coordinates>-4.3687949,53.1510732,0 -4.3691954,53.1505748,0 -4.3691816,53.1507407,0 -4.3691954,53.1505748,0 -4.3689879,53.1506844,0</coordinates></LineString></Placemark>
<Placemark><name>144 deg</name><LineString><coordinates>-4.3673009,53.1511030,0 -4.3667394,53.1506743,0 -4.3669779,53.1507533,0 -4.3667394,53.1506743,0 -4.3668113,53.1508321,0</coordinates></LineString></Placemark>
<Placemark><name>115 deg</name><LineString><coordinates>-4.3658069,53.1511327,0 -4.3650462,53.1509370,0 -4.3652944,53.1509377,0 -4.3650462,53.1509370,0 -4.3652184,53.1510445,0</coordinates></LineString></Placemark>
<Placemark><name>95 deg</name><LineString><coordinates>-4.3643129,53.1511623,0 -4.3635278,53.1511340,0 -4.3637503,53.1510867,0 -4.3635278,53.1511340,0 -4.3637393,53.1511970,0</coordinates></LineString></Placemark>
<Placemark><name>77 deg</name><LineString><coordinates>-4.3628189,53.1511920,0 -4.3620859,53.1513109,0 -4.3622653,53.1512266,0 -4.3620859,53.1513109,0 -4.3623115,53.1513295,0</coordinates></LineString></Placemark>
<Placemark><name>65 deg</name><LineString><coordinates>-4.3613249,53.1512217,0 -4.3606744,53.1514206,0 -4.3608155,53.1513200,0 -4.3606744,53.1514206,0 -4.3608928,53.1514113,0</coordinates></LineString></Placemark>
<Placemark><name>55 deg</name><LineString><coordinates>-4.3598309,53.1512513,0 -4.3592553,53.1515074,0 -4.3593646,53.1513962,0 -4.3592553,53.1515074,0 -4.3594641,53.1514771,0</coordinates></LineString></Placemark>
<Placemark><name>79 deg</name><LineString><coordinates>-4.3583369,53.1512809,0 -4.3575752,53.1513855,0 -4.3577654,53.1513031,0 -4.3575752,53.1513855,0 -4.3578060,53.1514101,0</coordinates></LineString></Placemark>
<Placemark><name>101 deg</name><LineString><coordinates>-4.3568429,53.1513105,0 -4.3560653,53.1512340,0 -4.3562950,53.1512006,0 -4.3560653,53.1512340,0 -4.3562653,53.1513098,0</coordinates></LineString></Placemark>
<Placemark><name>125 deg</name><LineString><coordinates>-4.3553489,53.1513401,0 -4.3546506,53.1510671,0 -4.3548966,53.1510935,0 -4.3546506,53.1510671,0 -4.3547905,53.1511916,0</coordinates></LineString></Placemark>
<Placemark><name>130 deg</name><LineString><coordinates>-4.3538549,53.1513696,0 -4.3531661,53.1510444,0 -4.3534196,53.1510859,0 -4.3531661,53.1510444,0 -4.3532932,53.1511826,0</coordinates></LineString></Placemark>
<Placemark><name>119 deg</name><LineString><coordinates>-4.3523609,53.1513992,0 -4.3515078,53.1511359,0 -4.3517947,53.1511487,0 -4.3515078,53.1511359,0 -4.3516924,53.1512686,0</coordinates></LineString></Placemark>
<Placemark><name>109 deg</name><LineString><coordinates>-4.3508669,53.1514287,0 -4.3498898,53.1512494,0 -4.3501946,53.1512303,0 -4.3498898,53.1512494,0 -4.3501249,53.1513676,0</coordinates></LineString></Placemark>
<Placemark><name>102 deg</name><LineString><coordinates>-4.3493729,53.1514582,0 -4.3483387,53.1513501,0 -4.3486455,53.1513073,0 -4.3483387,53.1513501,0 -4.3486035,53.1514526,0</coordinates></LineString></Placemark>
<Placemark><name>98 deg</name><LineString><coordinates>-4.3478789,53.1514877,0 -4.3468275,53.1514239,0 -4.3471304,53.1513677,0 -4.3468275,53.1514239,0 -4.3471056,53.1515154,0</coordinates></LineString></Placemark>
<Placemark><name>96 deg</name><LineString><coordinates>-4.3463848,53.1515171,0 -4.3453350,53.1514735,0 -4.3456335,53.1514118,0 -4.3453350,53.1514735,0 -4.3456166,53.1515593,0</coordinates></LineString></Placemark>
<Placemark><name>96 deg</name><LineString><coordinates>-4.3448908,53.1515466,0 -4.3438533,53.1515049,0 -4.3441481,53.1514435,0 -4.3438533,53.1515049,0 -4.3441319,53.1515893,0</coordinates></LineString></Placemark>
<Placemark><name>97 deg</name><LineString><coordinates>-4.3433968,53.1515760,0 -4.3423844,53.1515260,0 -4.3426739,53.1514687,0 -4.3423844,53.1515260,0 -4.3426545,53.1516109,0</coordinates></LineString></Placemark>
<Placemark><name>98 deg</name><LineString><coordinates>-4.3419028,53.1516054,0 -4.3409406,53.1515462,0 -4.3412180,53.1514950,0 -4.3409406,53.1515462,0 -4.3411950,53.1516301,0</coordinates></LineString></Placemark>
<Placemark><name>99 deg</name><LineString><coordinates>-4.3404087,53.1516348,0 -4.3395497,53.1515739,0 -4.3397989,53.1515304,0 -4.3395497,53.1515739,0 -4.3397752,53.1516510,0</coordinates></LineString></Placemark>
<Placemark><name>181 deg</name><LineString><coordinates>-4.3926483,53.1496970,0 -4.3926187,53.1489493,0 -4.3927722,53.1491538,0 -4.3926187,53.1489493,0 -4.3924816,53.1491580,0</coordinates></LineString></Placemark>
<Placemark><name>177 deg</name><LineString><coordinates>-4.3911544,53.1497270,0 -4.3910525,53.1489766,0 -4.3912265,53.1491768,0 -4.3910525,53.1489766,0 -4.3909348,53.1491911,0</coordinates></LineString></Placemark>
<Placemark><name>173 deg</name><LineString><coordinates>-4.3896605,53.1497570,0 -4.3894656,53.1490102,0 -4.3896645,53.1492029,0 -4.3894656,53.1490102,0 -4.3893743,53.1492303,0</coordinates></LineString></Placemark>
<Placemark><name>168 deg</name><LineString><coordinates>-4.3881666,53.1497870,0 -4.3878722,53.1490511,0 -4.3880965,53.1492338,0 -4.3878722,53.1490511,0 -4.3878106,53.1492751,0</coordinates></LineString></Placemark>
<Placemark><name>164 deg</name><LineString><coordinates>-4.3866727,53.1498170,0 -4.3862929,53.1490968,0 -4.3865378,53.1492691,0 -4.3862929,53.1490968,0 -4.3862579,53.1493225,0</coordinates></LineString></Placemark>
<Placemark><name>161 deg</name><LineString><coordinates>-4.3851788,53.1498469,0 -4.3847432,53.1491432,0 -4.3850003,53.1493070,0 -4.3847432,53.1491432,0 -4.3847268,53.1493682,0</coordinates></LineString></Placemark>
<Placemark><name>160 deg</name><LineString><coordinates>-4.3836848,53.1498768,0 -4.3832202,53.1491896,0 -4.3834821,53.1493469,0 -4.3832202,53.1491896,0 -4.3832150,53.1494121,0</coordinates></LineString></Placemark>
<Placemark><name>158 deg</name><LineString><coordinates>-4.3821909,53.1499068,0 -4.3816992,53.1492413,0 -4.3819644,53.1493906,0 -4.3816992,53.1492413,0 -4.3817057,53.1494597,0</coordinates></LineString></Placemark>
<Placemark><name>155 deg</name><LineString><coordinates>-4.3806970,53.1499366,0 -4.3801591,53.1493019,0 -4.3804311,53.1494395,0 -4.3801591,53.1493019,0 -4.3801844,53.1495151,0</coordinates></LineString></Placemark>
<Placemark><name>176 deg</name><LineString><coordinates>-4.3792030,53.1499665,0 -4.3790867,53.1492875,0 -4.3792508,53.1494669,0 -4.3790867,53.1492875,0 -4.3789869,53.1494833,0</coordinates></LineString></Placemark>
<Placemark><name>178 deg</name><LineString><coordinates>-4.3777091,53.1499964,0 -4.3776276,53.1493405,0 -4.3777776,53.1495160,0 -4.3776276,53.1493405,0 -4.3775227,53.1495275,0</coordinates></LineString></Placemark>
<Placemark><name>182 deg</name><LineString><coordinates>-4.3762152,53.1500262,0 -4.3762206,53.1493993,0 -4.3763409,53.1495729,0 -4.3762206,53.1493993,0 -4.3760973,53.1495721,0</coordinates></LineString></Placemark>
<Placemark><name>194 deg</name><LineString><coordinates>-4.3747212,53.1500560,0 -4.3749277,53.1494853,0 -4.3749816,53.1496575,0 -4.3749277,53.1494853,0 -4.3747598,53.1496285,0</coordinates></LineString></Placemark>
<Placemark><name>217 deg</name><LineString><coordinates>-4.3732273,53.1500858,0 -4.3737133,53.1496623,0 -4.3736613,53.1498135,0 -4.3737133,53.1496623,0 -4.3734967,53.1497452,0</coordinates></LineString></Placemark>
<Placemark><name>215 deg</name><LineString><coordinates>-4.3717333,53.1501156,0 -4.3721456,53.1497301,0 -4.3721066,53.1498656,0 -4.3721456,53.1497301,0 -4.3719568,53.1498076,0</coordinates></LineString></Placemark>
<Placemark><name>205 deg</name><LineString><coordinates>-4.3702394,53.1501454,0 -4.3705498,53.1497172,0 -4.3705472,53.1498573,0 -4.3705498,53.1497172,0 -4.3703808,53.1498137,0</coordinates></LineString></Placemark>
<Placemark><name>197 deg</name><LineString><coordinates>-4.3687454,53.1501751,0 -4.3689546,53.1497131,0 -4.3689866,53.1498554,0 -4.3689546,53.1497131,0 -4.3688070,53.1498260,0</coordinates></LineString></Placemark>
<Placemark><name>189 deg</name><LineString><coordinates>-4.3672515,53.1502048,0 -4.3673546,53.1496835,0 -4.3674274,53.1498348,0 -4.3673546,53.1496835,0 -4.3672248,53.1498203,0</coordinates></LineString></Placemark>
<Placemark><name>159 deg</name><LineString><coordinates>-4.3657575,53.1502345,0 -4.3654297,53.1497757,0 -4.3656094,53.1498795,0 -4.3654297,53.1497757,0 -4.3654311,53.1499255,0</coordinates></LineString></Placemark>
<Placemark><name>140 deg</name><LineString><coordinates>-4.3642636,53.1502642,0 -4.3637425,53.1499186,0 -4.3639536,53.1499775,0 -4.3637425,53.1499186,0 -4.3638193,53.1500507,0</coordinates></LineString></Placemark>
<Placemark><name>123 deg</name><LineString><coordinates>-4.3627696,53.1502939,0 -4.3621456,53.1500664,0 -4.3623622,53.1500854,0 -4.3621456,53.1500664,0 -4.3622738,53.1501731,0</coordinates></LineString></Placemark>
<Placemark><name>121 deg</name><LineString><coordinates>-4.3612756,53.1503235,0 -4.3606171,53.1501009,0 -4.3608424,53.1501162,0 -4.3606171,53.1501009,0 -4.3607558,53.1502087,0</coordinates></LineString></Placemark>
<Placemark><name>134 deg</name><LineString><coordinates>-4.3597817,53.1503532,0 -4.3592081,53.1500421,0 -4.3594270,53.1500878,0 -4.3592081,53.1500421,0 -4.3593062,53.1501684,0</coordinates></LineString></Placemark>
<Placemark><name>121 deg</name><LineString><coordinates>-4.3582877,53.1503828,0 -4.3575636,53.1501405,0 -4.3578108,53.1501566,0 -4.3575636,53.1501405,0 -4.3577166,53.1502583,0</coordinates></LineString></Placemark>
<Placemark><name>115 deg</name><LineString><coordinates>-4.3567937,53.1504124,0 -4.3560258,53.1502151,0 -4.3562763,53.1502156,0 -4.3560258,53.1502151,0 -4.3561996,53.1503235,0</coordinates></LineString></Placemark>
<Placemark><name>108 deg</name><LineString><coordinates>-4.3552998,53.1504419,0 -4.3544792,53.1502993,0 -4.3547337,53.1502811,0 -4.3544792,53.1502993,0 -4.3546782,53.1503963,0</coordinates></LineString></Placemark>
<Placemark><name>119 deg</name><LineString><coordinates>-4.3538058,53.1504715,0 -4.3530318,53.1502321,0 -4.3532922,53.1502439,0 -4.3530318,53.1502321,0 -4.3531992,53.1503526,0</coordinates></LineString></Placemark>
<Placemark><name>109 deg</name><LineString><coordinates>-4.3523118,53.1505010,0 -4.3514006,53.1503340,0 -4.3516848,53.1503162,0 -4.3514006,53.1503340,0 -4.3516199,53.1504442,0</coordinates></LineString></Placemark>
<Placemark><name>106 deg</name><LineString><coordinates>-4.3508178,53.1505305,0 -4.3498368,53.1503777,0 -4.3501376,53.1503510,0 -4.3498368,53.1503777,0 -4.3500782,53.1504888,0</coordinates></LineString></Placemark>
<Placemark><name>103 deg</name><LineString><coordinates>-4.3493238,53.1505600,0 -4.3483041,53.1504392,0 -4.3486094,53.1504009,0 -4.3483041,53.1504392,0 -4.3485624,53.1505442,0</coordinates></LineString></Placemark>
<Placemark><name>100 deg</name><LineString><coordinates>-4.3478298,53.1505895,0 -4.3467910,53.1505037,0 -4.3470947,53.1504545,0 -4.3467910,53.1505037,0 -4.3470613,53.1506004,0</coordinates></LineString></Placemark>
<Placemark><name>98 deg</name><LineString><coordinates>-4.3463359,53.1506190,0 -4.3452925,53.1505571,0 -4.3455928,53.1505010,0 -4.3452925,53.1505571,0 -4.3455688,53.1506475,0</coordinates></LineString></Placemark>
<Placemark><name>97 deg</name><LineString><coordinates>-4.3448419,53.1506484,0 -4.3438059,53.1505933,0 -4.3441029,53.1505358,0 -4.3438059,53.1505933,0 -4.3440815,53.1506813,0</coordinates></LineString></Placemark>
<Placemark><name>99 deg</name><LineString><coordinates>-4.3433479,53.1506779,0 -4.3423354,53.1506070,0 -4.3426289,53.1505554,0 -4.3423354,53.1506070,0 -4.3426014,53.1506977,0</coordinates></LineString></Placemark>
<Placemark><name>104 deg</name><LineString><coordinates>-4.3418539,53.1507073,0 -4.3409022,53.1505871,0 -4.3411885,53.1505535,0 -4.3409022,53.1505871,0 -4.3411418,53.1506871,0</coordinates></LineString></Placemark>
<Placemark><name>116 deg</name><LineString><coordinates>-4.3403599,53.1507366,0 -4.3395815,53.1505303,0 -4.3398367,53.1505326,0 -4.3395815,53.1505303,0 -4.3397565,53.1506419,0</coordinates></LineString></Placemark>
<Placemark><name>178 deg</name><LineString><coordinates>-4.3925984,53.1487989,0 -4.3925153,53.1480557,0 -4.3926827,53.1482552,0 -4.3925153,53.1480557,0 -4.3923939,53.1482669,0</coordinates></LineString></Placemark>
<Placemark><name>176 deg</name><LineString><coordinates>-4.3911045,53.1488289,0 -4.3909720,53.1480855,0 -4.3911531,53.1482816,0 -4.3909720,53.1480855,0 -4.3908641,53.1483002,0</coordinates></LineString></Placemark>
<Placemark><name>172 deg</name><LineString><coordinates>-4.3896106,53.1488589,0 -4.3894054,53.1481204,0 -4.3896056,53.1483100,0 -4.3894054,53.1481204,0 -4.3893186,53.1483389,0</coordinates></LineString></Placemark>
<Placemark><name>169 deg</name><LineString><coordinates>-4.3881167,53.1488889,0 -4.3878286,53.1481606,0 -4.3880498,53.1483416,0 -4.3878286,53.1481606,0 -4.3877667,53.1483820,0</coordinates></LineString></Placemark>
<Placemark><name>165 deg</name><LineString><coordinates>-4.3866229,53.1489189,0 -4.3862660,53.1482027,0 -4.3865038,53.1483755,0 -4.3862660,53.1482027,0 -4.3862254,53.1484257,0</coordinates></LineString></Placemark>
<Placemark><name>164 deg</name><LineString><coordinates>-4.3851290,53.1489488,0 -4.3847488,53.1482406,0 -4.3849915,53.1484096,0 -4.3847488,53.1482406,0 -4.3847162,53.1484630,0</coordinates></LineString></Placemark>
<Placemark><name>165 deg</name><LineString><coordinates>-4.3836351,53.1489787,0 -4.3832868,53.1482752,0 -4.3835197,53.1484452,0 -4.3832868,53.1482752,0 -4.3832463,53.1484941,0</coordinates></LineString></Placemark>
<Placemark><name>167 deg</name><LineString><coordinates>-4.3821412,53.1490086,0 -4.3818262,53.1483212,0 -4.3820468,53.1484890,0 -4.3818262,53.1483212,0 -4.3817797,53.1485333,0</coordinates></LineString></Placemark>
<Placemark><name>166 deg</name><LineString><coordinates>-4.3806473,53.1490385,0 -4.3803338,53.1483847,0 -4.3805475,53.1485433,0 -4.3803338,53.1483847,0 -4.3802933,53.1485874,0</coordinates></LineString></Placemark>
<Placemark><name>174 deg</name><LineString><coordinates>-4.3791534,53.1490684,0 -4.3789975,53.1484288,0 -4.3791648,53.1485946,0 -4.3789975,53.1484288,0 -4.3789163,53.1486165,0</coordinates></LineString></Placemark>
<Placemark><name>185 deg</name><LineString><coordinates>-4.3776595,53.1490983,0 -4.3777160,53.1484568,0 -4.3778250,53.1486380,0 -4.3777160,53.1484568,0 -4.3775757,53.1486301,0</coordinates></LineString></Placemark>
<Placemark><name>196 deg</name><LineString><coordinates>-4.3761656,53.1491281,0 -4.3764225,53.1485134,0 -4.3764710,53.1487013,0 -4.3764225,53.1485134,0 -4.3762321,53.1486652,0</coordinates></LineString></Placemark>
<Placemark><name>210 deg</name><LineString><coordinates>-4.3746717,53.1491579,0 -4.3751568,53.1486146,0 -4.3751283,53.1487988,0 -4.3751568,53.1486146,0 -4.3749172,53.1487307,0</coordinates></LineString></Placemark>
<Placemark><name>222 deg</name><LineString><coordinates>-4.3731777,53.1491877,0 -4.3738368,53.1487165,0 -4.3737462,53.1488930,0 -4.3738368,53.1487165,0 -4.3735631,53.1488004,0</coordinates></LineString></Placemark>
<Placemark><name>194 deg</name><LineString><coordinates>-4.3716838,53.1492175,0 -4.3718731,53.1486743,0 -4.3719263,53.1488377,0 -4.3718731,53.1486743,0 -4.3717152,53.1488111,0</coordinates></LineString></Placemark>
<Placemark><name>200 deg</name><LineString><coordinates>-4.3701899,53.1492472,0 -4.3704491,53.1487613,0 -4.3704719,53.1489137,0 -4.3704491,53.1487613,0 -4.3702830,53.1488773,0</coordinates></LineString></Placemark>
<Placemark><name>183 deg</name><LineString><coordinates>-4.3686960,53.1492770,0 -4.3687139,53.1487510,0 -4.3688112,53.1488976,0 -4.3687139,53.1487510,0 -4.3686067,53.1488951,0</coordinates></LineString></Placemark>
<Placemark><name>184 deg</name><LineString><coordinates>-4.3672021,53.1493067,0 -4.3672408,53.1487765,0 -4.3673331,53.1489257,0 -4.3672408,53.1487765,0 -4.3671271,53.1489203,0</coordinates></LineString></Placemark>
<Placemark><name>177 deg</name><LineString><coordinates>-4.3657081,53.1493364,0 -4.3656380,53.1488194,0 -4.3657578,53.1489574,0 -4.3656380,53.1488194,0 -4.3655569,53.1489672,0</coordinates></LineString></Placemark>
<Placemark><name>161 deg</name><LineString><coordinates>-4.3642142,53.1493661,0 -4.3639212,53.1488969,0 -4.3640934,53.1490060,0 -4.3639212,53.1488969,0 -4.3639110,53.1490471,0</coordinates></LineString></Placemark>
<Placemark><name>158 deg</name><LineString><coordinates>-4.3627203,53.1493958,0 -4.3623677,53.1489207,0 -4.3625574,53.1490272,0 -4.3623677,53.1489207,0 -4.3623728,53.1490768,0</coordinates></LineString></Placemark>
<Placemark><name>149 deg</name><LineString><coordinates>-4.3612263,53.1494254,0 -4.3607677,53.1489932,0 -4.3609784,53.1490804,0 -4.3607677,53.1489932,0 -4.3608104,53.1491448,0</coordinates></LineString></Placemark>
<Placemark><name>146 deg</name><LineString><coordinates>-4.3597324,53.1494550,0 -4.3592375,53.1490389,0 -4.3594551,53.1491192,0 -4.3592375,53.1490389,0 -4.3592934,53.1491887,0</coordinates></LineString></Placemark>
<Placemark><name>140 deg</name><LineString><coordinates>-4.3582385,53.1494846,0 -4.3576721,53.1490994,0 -4.3579034,53.1491661,0 -4.3576721,53.1490994,0 -4.3577537,53.1492456,0</coordinates></LineString></Placemark>
<Placemark><name>134 deg</name><LineString><coordinates>-4.3567445,53.1495142,0 -4.3561154,53.1491749,0 -4.3563552,53.1492245,0 -4.3561154,53.1491749,0 -4.3562233,53.1493128,0</coordinates></LineString></Placemark>
<Placemark><name>121 deg</name><LineString><coordinates>-4.3552506,53.1495438,0 -4.3545363,53.1493092,0 -4.3547793,53.1493238,0 -4.3545363,53.1493092,0 -4.3546881,53.1494242,0</coordinates></LineString></Placemark>
<Placemark><name>77 deg</name><LineString><coordinates>-4.3537566,53.1495734,0 -4.3529418,53.1497051,0 -4.3531413,53.1496115,0 -4.3529418,53.1497051,0 -4.3531925,53.1497259,0</coordinates></LineString></Placemark>
<Placemark><name>102 deg</name><LineString><coordinates>-4.3522627,53.1496029,0 -4.3512889,53.1495017,0 -4.3515776,53.1494612,0 -4.3512889,53.1495017,0 -4.3515383,53.1495980,0</coordinates></LineString></Placemark>
<Placemark><name>107 deg</name><LineString><coordinates>-4.3507687,53.1496324,0 -4.3497832,53.1494758,0 -4.3500860,53.1494499,0 -4.3497832,53.1494758,0 -4.3500251,53.1495883,0</coordinates></LineString></Placemark>
<Placemark><name>104 deg</name><LineString><coordinates>-4.3492748,53.1496619,0 -4.3482663,53.1495290,0 -4.3485708,53.1494949,0 -4.3482663,53.1495290,0 -4.3485191,53.1496365,0</coordinates></LineString></Placemark>
<Placemark><name>100 deg</name><LineString><coordinates>-4.3477808,53.1496914,0 -4.3467530,53.1495980,0 -4.3470551,53.1495516,0 -4.3467530,53.1495980,0 -4.3470188,53.1496960,0</coordinates></LineString></Placemark>
<Placemark><name>97 deg</name><LineString><coordinates>-4.3462869,53.1497208,0 -4.3452498,53.1496606,0 -4.3455481,53.1496044,0 -4.3452498,53.1496606,0 -4.3455246,53.1497501,0</coordinates></LineString></Placemark>
<Placemark><name>96 deg</name><LineString><coordinates>-4.3447929,53.1497503,0 -4.3437570,53.1497069,0 -4.3440517,53.1496461,0 -4.3437570,53.1497069,0 -4.3440348,53.1497916,0</coordinates></LineString></Placemark>
<Placemark><name>97 deg</name><LineString><coordinates>-4.3432989,53.1497797,0 -4.3422774,53.1497277,0 -4.3425698,53.1496704,0 -4.3422774,53.1497277,0 -4.3425496,53.1498138,0</coordinates></LineString></Placemark>
<Placemark><name>102 deg</name><LineString><coordinates>-4.3418050,53.1498091,0 -4.3408355,53.1497017,0 -4.3411242,53.1496633,0 -4.3408355,53.1497017,0 -4.3410825,53.1497995,0</coordinates></LineString></Placemark>
<Placemark><name>177 deg</name><LineString><coordinates>-4.3925484,53.1479008,0 -4.3924350,53.1471637,0 -4.3926096,53.1473594,0 -4.3924350,53.1471637,0 -4.3923231,53.1473753,0</coordinates></LineString></Placemark>
<Placemark><name>175 deg</name><LineString><coordinates>-4.3910546,53.1479308,0 -4.3909160,53.1471952,0 -4.3910972,53.1473887,0 -4.3909160,53.1471952,0 -4.3908114,53.1474082,0</coordinates></LineString></Placemark>
<Placemark><name>173 deg</name><LineString><coordinates>-4.3895607,53.1479608,0 -4.3893623,53.1472319,0 -4.3895587,53.1474194,0 -4.3893623,53.1472319,0 -4.3892755,53.1474473,0</coordinates></LineString></Placemark>
<Placemark><name>169 deg</name><LineString><coordinates>-4.3880669,53.1479908,0 -4.3877853,53.1472741,0 -4.3880023,53.1474524,0 -4.3877853,53.1472741,0 -4.3877238,53.1474919,0</coordinates></LineString></Placemark>
<Placemark><name>165 deg</name><LineString><coordinates>-4.3865730,53.1480207,0 -4.3862127,53.1473183,0 -4.3864488,53.1474871,0 -4.3862127,53.1473183,0 -4.3861758,53.1475377,0</coordinates></LineString></Placemark>
<Placemark><name>164 deg</name><LineString><coordinates>-4.3850792,53.1480507,0 -4.3847076,53.1473505,0 -4.3849463,53.1475179,0 -4.3847076,53.1473505,0 -4.3846742,53.1475701,0</coordinates></LineString></Placemark>
<Placemark><name>172 deg</name><LineString><coordinates>-4.3835853,53.1480806,0 -4.3833789,53.1473635,0 -4.3835753,53.1475472,0 -4.3833789,53.1473635,0 -4.3832966,53.1475762,0</coordinates></LineString></Placemark>
<Placemark><name>181 deg</name><LineString><coordinates>-4.3820914,53.1481105,0 -4.3820712,53.1474108,0 -4.3822128,53.1476027,0 -4.3820712,53.1474108,0 -4.3819408,53.1476055,0</coordinates></LineString></Placemark>
<Placemark><name>185 deg</name><LineString><coordinates>-4.3805976,53.1481404,0 -4.3806589,53.1474805,0 -4.3807702,53.1476671,0 -4.3806589,53.1474805,0 -4.3805137,53.1476585,0</coordinates></LineString></Placemark>
<Placemark><name>180 deg</name><LineString><coordinates>-4.3791037,53.1481703,0 -4.3790774,53.1475418,0 -4.3792068,53.1477136,0 -4.3790774,53.1475418,0 -4.3789625,53.1477173,0</coordinates></LineString></Placemark>
<Placemark><name>184 deg</name><LineString><coordinates>-4.3776098,53.1482001,0 -4.3776392,53.1475783,0 -4.3777519,53.1477522,0 -4.3776392,53.1475783,0 -4.3775102,53.1477481,0</coordinates></LineString></Placemark>
<Placemark><name>213 deg</name><LineString><coordinates>-4.3761160,53.1482300,0 -4.3766572,53.1476859,0 -4.3766134,53.1478742,0 -4.3766572,53.1476859,0 -4.3764019,53.1477982,0</coordinates></LineString></Placemark>
<Placemark><name>216 deg</name><LineString><coordinates>-4.3746221,53.1482598,0 -4.3751999,53.1477542,0 -4.3751385,53.1479345,0 -4.3751999,53.1477542,0 -4.3749420,53.1478534,0</coordinates></LineString></Placemark>
<Placemark><name>210 deg</name><LineString><coordinates>-4.3731282,53.1482896,0 -4.3736213,53.1477455,0 -4.3735907,53.1479305,0 -4.3736213,53.1477455,0 -4.3733793,53.1478612,0</coordinates></LineString></Placemark>
<Placemark><name>202 deg</name><LineString><coordinates>-4.3716343,53.1483194,0 -4.3719727,53.1477484,0 -4.3719901,53.1479299,0 -4.3719727,53.1477484,0 -4.3717682,53.1478824,0</coordinates></LineString></Placemark>
<Placemark><name>194 deg</name><LineString><coordinates>-4.3701404,53.1483491,0 -4.3703511,53.1477713,0 -4.3704052,53.1479458,0 -4.3703511,53.1477713,0 -4.3701806,53.1479162,0</coordinates></LineString></Placemark>
<Placemark><name>187 deg</name><LineString><coordinates>-4.3686465,53.1483789,0 -4.3687381,53.1478123,0 -4.3688229,53.1479753,0 -4.3687381,53.1478123,0 -4.3686027,53.1479624,0</coordinates></LineString></Placemark>
<Placemark><name>186 deg</name><LineString><coordinates>-4.3671526,53.1484086,0 -4.3672224,53.1478533,0 -4.3673110,53.1480116,0 -4.3672224,53.1478533,0 -4.3670952,53.1480018,0</coordinates></LineString></Placemark>
<Placemark><name>184 deg</name><LineString><coordinates>-4.3656587,53.1484383,0 -4.3656894,53.1478881,0 -4.3657879,53.1480422,0 -4.3656894,53.1478881,0 -4.3655740,53.1480379,0</coordinates></LineString></Placemark>
<Placemark><name>170 deg</name><LineString><coordinates>-4.3641648,53.1484680,0 -4.3639767,53.1479241,0 -4.3641343,53.1480612,0 -4.3639767,53.1479241,0 -4.3639230,53.1480876,0</coordinates></LineString></Placemark>
<Placemark><name>161 deg</name><LineString><coordinates>-4.3626709,53.1484976,0 -4.3623560,53.1479950,0 -4.3625407,53.1481118,0 -4.3623560,53.1479950,0 -4.3623453,53.1481560,0</coordinates></LineString></Placemark>
<Placemark><name>159 deg</name><LineString><coordinates>-4.3611770,53.1485273,0 -4.3608349,53.1480333,0 -4.3610254,53.1481457,0 -4.3608349,53.1480333,0 -4.3608334,53.1481938,0</coordinates></LineString></Placemark>
<Placemark><name>155 deg</name><LineString><coordinates>-4.3596831,53.1485569,0 -4.3592772,53.1480821,0 -4.3594816,53.1481848,0 -4.3592772,53.1480821,0 -4.3592971,53.1482418,0</coordinates></LineString></Placemark>
<Placemark><name>151 deg</name><LineString><coordinates>-4.3581892,53.1485865,0 -4.3577295,53.1481289,0 -4.3579454,53.1482231,0 -4.3577295,53.1481289,0 -4.3577676,53.1482876,0</coordinates></LineString></Placemark>
<Placemark><name>150 deg</name><LineString><coordinates>-4.3566953,53.1486161,0 -4.3562233,53.1481627,0 -4.3564418,53.1482548,0 -4.3562233,53.1481627,0 -4.3562656,53.1483211,0</coordinates></LineString></Placemark>
<Placemark><name>153 deg</name><LineString><coordinates>-4.3552014,53.1486457,0 -4.3547747,53.1481715,0 -4.3549848,53.1482726,0 -4.3547747,53.1481715,0 -4.3548005,53.1483325,0</coordinates></LineString></Placemark>
<Placemark><name>152 deg</name><LineString><coordinates>-4.3537075,53.1486752,0 -4.3532226,53.1481622,0 -4.3534563,53.1482699,0 -4.3532226,53.1481622,0 -4.3532569,53.1483380,0</coordinates></LineString></Placemark>
<Placemark><name>121 deg</name><LineString><coordinates>-4.3522136,53.1487048,0 -4.3513192,53.1483996,0 -4.3516257,53.1484211,0 -4.3513192,53.1483996,0 -4.3515071,53.1485467,0</coordinates></LineString></Placemark>
<Placemark><name>114 deg</name><LineString><coordinates>-4.3507197,53.1487343,0 -4.3497738,53.1485052,0 -4.3500797,53.1485021,0 -4.3497738,53.1485052,0 -4.3499907,53.1486350,0</coordinates></LineString></Placemark>
<Placemark><name>107 deg</name><LineString><coordinates>-4.3492257,53.1487638,0 -4.3482404,53.1486053,0 -4.3485435,53.1485799,0 -4.3482404,53.1486053,0 -4.3484819,53.1487183,0</coordinates></LineString></Placemark>
<Placemark><name>101 deg</name><LineString><coordinates>-4.3477318,53.1487933,0 -4.3467180,53.1487002,0 -4.3470162,53.1486547,0 -4.3467180,53.1487002,0 -4.3469800,53.1487971,0</coordinates></LineString></Placemark>
<Placemark><name>96 deg</name><LineString><coordinates>-4.3462379,53.1488227,0 -4.3452093,53.1487811,0 -4.3455016,53.1487203,0 -4.3452093,53.1487811,0 -4.3454854,53.1488648,0</coordinates></LineString></Placemark>
<Placemark><name>92 deg</name><LineString><coordinates>-4.3447439,53.1488521,0 -4.3437119,53.1488467,0 -4.3439981,53.1487757,0 -4.3437119,53.1488467,0 -4.3439960,53.1489207,0</coordinates></LineString></Placemark>
<Placemark><name>90 deg</name><LineString><coordinates>-4.3432500,53.1488816,0 -4.3422250,53.1488991,0 -4.3425048,53.1488223,0 -4.3422250,53.1488991,0 -4.3425116,53.1489663,0</coordinates></LineString></Placemark>
<Placemark><name>90 deg</name><LineString><coordinates>-4.3417561,53.1489110,0 -4.3407613,53.1489333,0 -4.3410319,53.1488573,0 -4.3407613,53.1489333,0 -4.3410405,53.1489970,0</coordinates></LineString></Placemark>
<Placemark><name>177 deg</name><LineString><coordinates>-4.3924985,53.1470027,0 -4.3923833,53.1462717,0 -4.3925572,53.1464656,0 -4.3923833,53.1462717,0 -4.3922731,53.1464818,0</coordinates></LineString></Placemark>
<Placemark><name>177 deg</name><LineString><coordinates>-4.3910047,53.1470327,0 -4.3908957,53.1463054,0 -4.3910671,53.1464987,0 -4.3908957,53.1463054,0 -4.3907845,53.1465140,0</coordinates></LineString></Placemark>
<Placemark><name>174 deg</name><LineString><coordinates>-4.3895109,53.1470627,0 -4.3893512,53.1463449,0 -4.3895348,53.1465320,0 -4.3893512,53.1463449,0 -4.3892559,53.1465545,0</coordinates></LineString></Placemark>
<Placemark><name>170 deg</name><LineString><coordinates>-4.3880170,53.1470927,0 -4.3877634,53.1463914,0 -4.3879697,53.1465674,0 -4.3877634,53.1463914,0 -4.3876972,53.1466030,0</coordinates></LineString></Placemark>
<Placemark><name>164 deg</name><LineString><coordinates>-4.3865232,53.1471226,0 -4.3861516,53.1464467,0 -4.3863856,53.1466074,0 -4.3861516,53.1464467,0 -4.3861229,53.1466596,0</coordinates></LineString></Placemark>
<Placemark><name>158 deg</name><LineString><coordinates>-4.3850294,53.1471526,0 -4.3845450,53.1465064,0 -4.3848044,53.1466509,0 -4.3845450,53.1465064,0 -4.3845533,53.1467189,0</coordinates></LineString></Placemark>
<Placemark><name>184 deg</name><LineString><coordinates>-4.3835355,53.1471825,0 -4.3835685,53.1464721,0 -4.3836974,53.1466707,0 -4.3835685,53.1464721,0 -4.3834213,53.1466661,0</coordinates></LineString></Placemark>
<Placemark><name>199 deg</name><LineString><coordinates>-4.3820417,53.1472124,0 -4.3823761,53.1465632,0 -4.3824098,53.1467660,0 -4.3823761,53.1465632,0 -4.3821575,53.1467191,0</coordinates></LineString></Placemark>
<Placemark><name>202 deg</name><LineString><coordinates>-4.3805479,53.1472423,0 -4.3809224,53.1466166,0 -4.3809405,53.1468158,0 -4.3809224,53.1466166,0 -4.3806973,53.1467632,0</coordinates></LineString></Placemark>
<Placemark><name>196 deg</name><LineString><coordinates>-4.3790540,53.1472722,0 -4.3793142,53.1466634,0 -4.3793606,53.1468499,0 -4.3793142,53.1466634,0 -4.3791240,53.1468134,0</coordinates></LineString></Placemark>
<Placemark><name>221 deg</name><LineString><coordinates>-4.3775602,53.1473020,0 -4.3781612,53.1468636,0 -4.3780803,53.1470270,0 -4.3781612,53.1468636,0 -4.3779099,53.1469425,0</coordinates></LineString></Placemark>
<Placemark><name>262 deg</name><LineString><coordinates>-4.3760663,53.1473319,0 -4.3770020,53.1472303,0 -4.3767632,53.1473241,0 -4.3770020,53.1472303,0 -4.3767237,53.1471927,0</coordinates></LineString></Placemark>
<Placemark><name>220 deg</name><LineString><coordinates>-4.3745725,53.1473617,0 -4.3751332,53.1469259,0 -4.3750630,53.1470857,0 -4.3751332,53.1469259,0 -4.3748936,53.1470069,0</coordinates></LineString></Placemark>
<Placemark><name>207 deg</name><LineString><coordinates>-4.3730786,53.1473915,0 -4.3734959,53.1468471,0 -4.3734864,53.1470268,0 -4.3734959,53.1468471,0 -4.3732748,53.1469682,0</coordinates></LineString></Placemark>
<Placemark><name>206 deg</name><LineString><coordinates>-4.3715848,53.1474212,0 -4.3719893,53.1468686,0 -4.3719849,53.1470497,0 -4.3719893,53.1468686,0 -4.3717701,53.1469929,0</coordinates></LineString></Placemark>
<Placemark><name>199 deg</name><LineString><coordinates>-4.3700909,53.1474510,0 -4.3703858,53.1468844,0 -4.3704144,53.1470617,0 -4.3703858,53.1468844,0 -4.3701942,53.1470203,0</coordinates></LineString></Placemark>
<Placemark><name>193 deg</name><LineString><coordinates>-4.3685971,53.1474807,0 -4.3687884,53.1469111,0 -4.3688463,53.1470819,0 -4.3687884,53.1469111,0 -4.3686249,53.1470550,0</coordinates></LineString></Placemark>
<Placemark><name>189 deg</name><LineString><coordinates>-4.3671032,53.1475105,0 -4.3672192,53.1469433,0 -4.3672974,53.1471082,0 -4.3672192,53.1469433,0 -4.3670770,53.1470919,0</coordinates></LineString></Placemark>
<Placemark><name>184 deg</name><LineString><coordinates>-4.3656094,53.1475402,0 -4.3656419,53.1469739,0 -4.3657429,53.1471327,0 -4.3656419,53.1469739,0 -4.3655229,53.1471281,0</coordinates></LineString></Placemark>
<Placemark><name>176 deg</name><LineString><coordinates>-4.3641155,53.1475698,0 -4.3640207,53.1470095,0 -4.3641558,53.1471577,0 -4.3640207,53.1470095,0 -4.3639380,53.1471710,0</coordinates></LineString></Placemark>
<Placemark><name>169 deg</name><LineString><coordinates>-4.3626216,53.1475995,0 -4.3624170,53.1470579,0 -4.3625788,53.1471932,0 -4.3624170,53.1470579,0 -4.3623683,53.1472219,0</coordinates></LineString></Placemark>
<Placemark><name>165 deg</name><LineString><coordinates>-4.3611277,53.1476291,0 -4.3608547,53.1471044,0 -4.3610321,53.1472302,0 -4.3608547,53.1471044,0 -4.3608282,53.1472686,0</coordinates></LineString></Placemark>
<Placemark><name>160 deg</name><LineString><coordinates>-4.3596339,53.1476588,0 -4.3592890,53.1471518,0 -4.3594828,53.1472676,0 -4.3592890,53.1471518,0 -4.3592858,53.1473161,0</coordinates></LineString></Placemark>
<Placemark><name>154 deg</name><LineString><coordinates>-4.3581400,53.1476884,0 -4.3577165,53.1472005,0 -4.3579283,53.1473056,0 -4.3577165,53.1472005,0 -4.3577387,53.1473651,0</coordinates></LineString></Placemark>
<Placemark><name>153 deg</name><LineString><coordinates>-4.3566461,53.1477180,0 -4.3562043,53.1472287,0 -4.3564215,53.1473328,0 -4.3562043,53.1472287,0 -4.3562313,53.1473949,0</coordinates></LineString></Placemark>
<Placemark><name>150 deg</name><LineString><coordinates>-4.3551522,53.1477475,0 -4.3546448,53.1472605,0 -4.3548797,53.1473595,0 -4.3546448,53.1472605,0 -4.3546904,53.1474307,0</coordinates></LineString></Placemark>
<Placemark><name>145 deg</name><LineString><coordinates>-4.3536584,53.1477771,0 -4.3530493,53.1472978,0 -4.3533107,53.1473875,0 -4.3530493,53.1472978,0 -4.3531245,53.1474730,0</coordinates></LineString></Placemark>
<Placemark><name>136 deg</name><LineString><coordinates>-4.3521645,53.1478066,0 -4.3514332,53.1473848,0 -4.3517172,53.1474500,0 -4.3514332,53.1473848,0 -4.3515533,53.1475527,0</coordinates></LineString></Placemark>
<Placemark><name>122 deg</name><LineString><coordinates>-4.3506706,53.1478361,0 -4.3498141,53.1475321,0 -4.3501099,53.1475559,0 -4.3498141,53.1475321,0 -4.3499917,53.1476762,0</coordinates></LineString></Placemark>
<Placemark><name>109 deg</name><LineString><coordinates>-4.3491767,53.1478656,0 -4.3482286,53.1476870,0 -4.3485253,53.1476698,0 -4.3482286,53.1476870,0 -4.3484558,53.1478030,0</coordinates></LineString></Placemark>
<Placemark><name>100 deg</name><LineString><coordinates>-4.3476828,53.1478951,0 -4.3466880,53.1478145,0 -4.3469786,53.1477669,0 -4.3466880,53.1478145,0 -4.3469472,53.1479067,0</coordinates></LineString></Placemark>
<Placemark><name>93 deg</name><LineString><coordinates>-4.3461889,53.1479246,0 -4.3451746,53.1479140,0 -4.3454569,53.1478457,0 -4.3451746,53.1479140,0 -4.3454528,53.1479881,0</coordinates></LineString></Placemark>
<Placemark><name>88 deg</name><LineString><coordinates>-4.3446950,53.1479540,0 -4.3436783,53.1479970,0 -4.3439508,53.1479137,0 -4.3436783,53.1479970,0 -4.3439676,53.1480566,0</coordinates></LineString></Placemark>
<Placemark><name>82 deg</name><LineString><coordinates>-4.3432011,53.1479834,0 -4.3422010,53.1480829,0 -4.3424580,53.1479852,0 -4.3422010,53.1480829,0 -4.3424967,53.1481257,0</coordinates></LineString></Placemark>
<Placemark><name>73 deg</name><LineString><coordinates>-4.3417072,53.1480128,0 -4.3407760,53.1482073,0 -4.3409955,53.1480881,0 -4.3407760,53.1482073,0 -4.3410711,53.1482189,0</coordinates></LineString></Placemark>
<Placemark><name>179 deg</name><LineString><coordinates>-4.3924485,53.1461046,0 -4.3923782,53.1453796,0 -4.3925385,53.1455750,0 -4.3923782,53.1453796,0 -4.3922568,53.1455848,0</coordinates></LineString></Placemark>
<Placemark><name>181 deg</name><LineString><coordinates>-4.3909548,53.1461346,0 -4.3909305,53.1454187,0 -4.3910763,53.1456148,0 -4.3909305,53.1454187,0 -4.3907981,53.1456182,0</coordinates></LineString></Placemark>
<Placemark><name>179 deg</name><LineString><coordinates>-4.3894610,53.1461646,0 -4.3893923,53.1454614,0 -4.3895479,53.1456509,0 -4.3893923,53.1454614,0 -4.3892746,53.1456605,0</coordinates></LineString></Placemark>
<Placemark><name>174 deg</name><LineString><coordinates>-4.3879672,53.1461946,0 -4.3878001,53.1455102,0 -4.3879792,53.1456876,0 -4.3878001,53.1455102,0 -4.3877133,53.1457110,0</coordinates></LineString></Placemark>
<Placemark><name>167 deg</name><LineString><coordinates>-4.3864734,53.1462245,0 -4.3861791,53.1455725,0 -4.3863871,53.1457320,0 -4.3861791,53.1455725,0 -4.3861337,53.1457733,0</coordinates></LineString></Placemark>
<Placemark><name>160 deg</name><LineString><coordinates>-4.3849796,53.1462545,0 -4.3845805,53.1456546,0 -4.3848074,53.1457923,0 -4.3845805,53.1456546,0 -4.3845742,53.1458484,0</coordinates></LineString></Placemark>
<Placemark><name>185 deg</name><LineString><coordinates>-4.3834858,53.1462844,0 -4.3835398,53.1456942,0 -4.3836395,53.1458611,0 -4.3835398,53.1456942,0 -4.3834102,53.1458535,0</coordinates></LineString></Placemark>
<Placemark><name>207 deg</name><LineString><coordinates>-4.3819920,53.1463143,0 -4.3824312,53.1457376,0 -4.3824219,53.1459278,0 -4.3824312,53.1457376,0 -4.3821978,53.1458661,0</coordinates></LineString></Placemark>
<Placemark><name>209 deg</name><LineString><coordinates>-4.3804982,53.1463442,0 -4.3809923,53.1457673,0 -4.3809679,53.1459614,0 -4.3809923,53.1457673,0 -4.3807437,53.1458920,0</coordinates></LineString></Placemark>
<Placemark><name>216 deg</name><LineString><coordinates>-4.3790044,53.1463740,0 -4.3796103,53.1458424,0 -4.3795461,53.1460319,0 -4.3796103,53.1458424,0 -4.3793395,53.1459467,0</coordinates></LineString></Placemark>
<Placemark><name>245 deg</name><LineString><coordinates>-4.3775106,53.1464039,0 -4.3784582,53.1461111,0 -4.3782533,53.1462586,0 -4.3784582,53.1461111,0 -4.3781395,53.1461254,0</coordinates></LineString></Placemark>
<Placemark><name>262 deg</name><LineString><coordinates>-4.3760167,53.1464337,0 -4.3769490,53.1463324,0 -4.3767111,53.1464258,0 -4.3769490,53.1463324,0 -4.3766717,53.1462949,0</coordinates></LineString></Placemark>
<Placemark><name>178 deg</name><LineString><coordinates>-4.3745229,53.1464635,0 -4.3744647,53.1459644,0 -4.3745778,53.1460982,0 -4.3744647,53.1459644,0 -4.3743838,53.1461064,0</coordinates></LineString></Placemark>
<Placemark><name>197 deg</name><LineString><coordinates>-4.3730291,53.1464933,0 -4.3732624,53.1459561,0 -4.3733023,53.1461209,0 -4.3732624,53.1459561,0 -4.3730935,53.1460881,0</coordinates></LineString></Placemark>
<Placemark><name>207 deg</name><LineString><coordinates>-4.3715353,53.1465231,0 -4.3719496,53.1459906,0 -4.3719386,53.1461669,0 -4.3719496,53.1459906,0 -4.3717316,53.1461087,0</coordinates></LineString></Placemark>
<Placemark><name>202 deg</name><LineString><coordinates>-4.3700415,53.1465529,0 -4.3703821,53.1460029,0 -4.3703949,53.1461788,0 -4.3703821,53.1460029,0 -4.3701811,53.1461309,0</coordinates></LineString></Placemark>
<Placemark><name>196 deg</name><LineString><coordinates>-4.3685476,53.1465826,0 -4.3687900,53.1460203,0 -4.3688323,53.1461927,0 -4.3687900,53.1460203,0 -4.3686138,53.1461586,0</coordinates></LineString></Placemark>
<Placemark><name>191 deg</name><LineString><coordinates>-4.3670538,53.1466123,0 -4.3672038,53.1460447,0 -4.3672726,53.1462121,0 -4.3672038,53.1460447,0 -4.3670520,53.1461910,0</coordinates></LineString></Placemark>
<Placemark><name>185 deg</name><LineString><coordinates>-4.3655600,53.1466420,0 -4.3656086,53.1460720,0 -4.3657060,53.1462329,0 -4.3656086,53.1460720,0 -4.3654844,53.1462261,0</coordinates></LineString></Placemark>
<Placemark><name>179 deg</name><LineString><coordinates>-4.3640661,53.1466717,0 -4.3640150,53.1461044,0 -4.3641394,53.1462576,0 -4.3640150,53.1461044,0 -4.3639189,53.1462648,0</coordinates></LineString></Placemark>
<Placemark><name>174 deg</name><LineString><coordinates>-4.3625723,53.1467014,0 -4.3624369,53.1461434,0 -4.3625827,53.1462880,0 -4.3624369,53.1461434,0 -4.3623659,53.1463071,0</coordinates></LineString></Placemark>
<Placemark><name>169 deg</name><LineString><coordinates>-4.3610785,53.1467310,0 -4.3608688,53.1461865,0 -4.3610325,53.1463222,0 -4.3608688,53.1461865,0 -4.3608209,53.1463517,0</coordinates></LineString></Placemark>
<Placemark><name>163 deg</name><LineString><coordinates>-4.3595846,53.1467606,0 -4.3592901,53.1462341,0 -4.3594738,53.1463589,0 -4.3592901,53.1462341,0 -4.3592692,53.1464003,0</coordinates></LineString></Placemark>
<Placemark><name>156 deg</name><LineString><coordinates>-4.3580908,53.1467902,0 -4.3576901,53.1462905,0 -4.3578979,53.1464004,0 -4.3576901,53.1462905,0 -4.3577037,53.1464567,0</coordinates></LineString></Placemark>
<Placemark><name>150 deg</name><LineString><coordinates>-4.3565969,53.1468198,0 -4.3561064,53.1463440,0 -4.3563344,53.1464410,0 -4.3561064,53.1463440,0 -4.3561495,53.1465099,0</coordinates></LineString></Placemark>
<Placemark><name>143 deg</name><LineString><coordinates>-4.3551031,53.1468494,0 -4.3544957,53.1464033,0 -4.3547502,53.1464839,0 -4.3544957,53.1464033,0 -4.3545769,53.1465692,0</coordinates></LineString></Placemark>
<Placemark><name>135 deg</name><LineString><coordinates>-4.3536092,53.1468790,0 -4.3528767,53.1464737,0 -4.3531579,53.1465343,0 -4.3528767,53.1464737,0 -4.3530004,53.1466372,0</coordinates></LineString></Placemark>
<Placemark><name>146 deg</name><LineString><coordinates>-4.3521154,53.1469085,0 -4.3515396,53.1464379,0 -4.3517902,53.1465275,0 -4.3515396,53.1464379,0 -4.3516073,53.1466084,0</coordinates></LineString></Placemark>
<Placemark><name>126 deg</name><LineString><coordinates>-4.3506215,53.1469380,0 -4.3498479,53.1466182,0 -4.3501238,53.1466523,0 -4.3498479,53.1466182,0 -4.3499995,53.1467609,0</coordinates></LineString></Placemark>
<Placemark><name>109 deg</name><LineString><coordinates>-4.3491276,53.1469675,0 -4.3482154,53.1468020,0 -4.3484996,53.1467837,0 -4.3482154,53.1468020,0 -4.3484353,53.1469118,0</coordinates></LineString></Placemark>
<Placemark><name>97 deg</name><LineString><coordinates>-4.3476338,53.1469970,0 -4.3466617,53.1469476,0 -4.3469399,53.1468930,0 -4.3466617,53.1469476,0 -4.3469207,53.1470295,0</coordinates></LineString></Placemark>
<Placemark><name>89 deg</name><LineString><coordinates>-4.3461399,53.1470264,0 -4.3451458,53.1470525,0 -4.3454154,53.1469755,0 -4.3451458,53.1470525,0 -4.3454255,53.1471152,0</coordinates></LineString></Placemark>
<Placemark><name>84 deg</name><LineString><coordinates>-4.3446460,53.1470559,0 -4.3436515,53.1471348,0 -4.3439110,53.1470432,0 -4.3436515,53.1471348,0 -4.3439417,53.1471829,0</coordinates></LineString></Placemark>
<Placemark><name>79 deg</name><LineString><coordinates>-4.3431522,53.1470853,0 -4.3421841,53.1472226,0 -4.3424249,53.1471166,0 -4.3421841,53.1472226,0 -4.3424783,53.1472526,0</coordinates></LineString></Placemark>
<Placemark><name>69 deg</name><LineString><coordinates>-4.3416583,53.1471147,0 -4.3407727,53.1473388,0 -4.3409738,53.1472147,0 -4.3407727,53.1473388,0 -4.3410609,53.1473391,0</coordinates></LineString></Placemark>
<Placemark><name>54 deg</name><LineString><coordinates>-4.3401644,53.1471441,0 -4.3394781,53.1474705,0 -4.3396043,53.1473321,0 -4.3394781,53.1474705,0 -4.3397312,53.1474285,0</coordinates></LineString></Placemark>
<Placemark><name>40 deg</name><LineString><coordinates>-4.3386705,53.1471734,0 -4.3382376,53.1475085,0 -4.3382921,53.1473855,0 -4.3382376,53.1475085,0 -4.3384223,53.1474463,0</coordinates></LineString></Placemark>
<Placemark><name>186 deg</name><LineString><coordinates>-4.3923986,53.1452064,0 -4.3924848,53.1444984,0 -4.3925986,53.1447001,0 -4.3924848,53.1444984,0 -4.3923234,53.1446880,0</coordinates></LineString></Placemark>
<Placemark><name>189 deg</name><LineString><coordinates>-4.3909048,53.1452365,0 -4.3910377,53.1445481,0 -4.3911347,53.1447477,0 -4.3910377,53.1445481,0 -4.3908672,53.1447290,0</coordinates></LineString></Placemark>
<Placemark><name>186 deg</name><LineString><coordinates>-4.3894111,53.1452665,0 -4.3894920,53.1445901,0 -4.3896011,53.1447827,0 -4.3894920,53.1445901,0 -4.3893382,53.1447713,0</coordinates></LineString></Placemark>
<Placemark><name>182 deg</name><LineString><coordinates>-4.3879173,53.1452964,0 -4.3879114,53.1446352,0 -4.3880415,53.1448175,0 -4.3879114,53.1446352,0 -4.3877846,53.1448184,0</coordinates></LineString></Placemark>
<Placemark><name>178 deg</name><LineString><coordinates>-4.3864236,53.1453264,0 -4.3863420,53.1446901,0 -4.3864882,53.1448602,0 -4.3863420,53.1446901,0 -4.3862409,53.1448717,0</coordinates></LineString></Placemark>
<Placemark><name>179 deg</name><LineString><coordinates>-4.3849298,53.1453563,0 -4.3848706,53.1447562,0 -4.3850036,53.1449179,0 -4.3848706,53.1447562,0 -4.3847704,53.1449262,0</coordinates></LineString></Placemark>
<Placemark><name>192 deg</name><LineString><coordinates>-4.3834360,53.1453863,0 -4.3836050,53.1448317,0 -4.3836661,53.1449968,0 -4.3836050,53.1448317,0 -4.3834506,53.1449730,0</coordinates></LineString></Placemark>
<Placemark><name>199 deg</name><LineString><coordinates>-4.3819423,53.1454162,0 -4.3822276,53.1448596,0 -4.3822569,53.1450334,0 -4.3822276,53.1448596,0 -4.3820406,53.1449933,0</coordinates></LineString></Placemark>
<Placemark><name>214 deg</name><LineString><coordinates>-4.3804485,53.1454461,0 -4.3810077,53.1449169,0 -4.3809560,53.1451024,0 -4.3810077,53.1449169,0 -4.3807504,53.1450238,0</coordinates></LineString></Placemark>
<Placemark><name>208 deg</name><LineString><coordinates>-4.3789547,53.1454759,0 -4.3794228,53.1448970,0 -4.3794059,53.1450898,0 -4.3794228,53.1448970,0 -4.3791810,53.1450241,0</coordinates></LineString></Placemark>
<Placemark><name>229 deg</name><LineString><coordinates>-4.3774609,53.1455058,0 -4.3783545,53.1450099,0 -4.3782039,53.1452097,0 -4.3783545,53.1450099,0 -4.3780112,53.1450842,0</coordinates></LineString></Placemark>
<Placemark><name>225 deg</name><LineString><coordinates>-4.3759671,53.1455356,0 -4.3767247,53.1450504,0 -4.3766096,53.1452377,0 -4.3767247,53.1450504,0 -4.3764211,53.1451313,0</coordinates></LineString></Placemark>
<Placemark><name>167 deg</name><LineString><coordinates>-4.3744734,53.1455654,0 -4.3742095,53.1449593,0 -4.3744002,53.1451082,0 -4.3742095,53.1449593,0 -4.3741646,53.1451453,0</coordinates></LineString></Placemark>
<Placemark><name>192 deg</name><LineString><coordinates>-4.3729796,53.1455952,0 -4.3731544,53.1450223,0 -4.3732174,53.1451929,0 -4.3731544,53.1450223,0 -4.3729948,53.1451683,0</coordinates></LineString></Placemark>
<Placemark><name>208 deg</name><LineString><coordinates>-4.3714858,53.1456250,0 -4.3719160,53.1451063,0 -4.3718979,53.1452798,0 -4.3719160,53.1451063,0 -4.3716963,53.1452194,0</coordinates></LineString></Placemark>
<Placemark><name>204 deg</name><LineString><coordinates>-4.3699920,53.1456547,0 -4.3703489,53.1451201,0 -4.3703542,53.1452929,0 -4.3703489,53.1451201,0 -4.3701464,53.1452427,0</coordinates></LineString></Placemark>
<Placemark><name>198 deg</name><LineString><coordinates>-4.3684982,53.1456845,0 -4.3687573,53.1451304,0 -4.3687934,53.1453017,0 -4.3687573,53.1451304,0 -4.3685781,53.1452653,0</coordinates></LineString></Placemark>
<Placemark><name>193 deg</name><LineString><coordinates>-4.3670044,53.1457142,0 -4.3671790,53.1451535,0 -4.3672397,53.1453207,0 -4.3671790,53.1451535,0 -4.3670218,53.1452962,0</coordinates></LineString></Placemark>
<Placemark><name>185 deg</name><LineString><coordinates>-4.3655106,53.1457439,0 -4.3655559,53.1451743,0 -4.3656541,53.1453349,0 -4.3655559,53.1451743,0 -4.3654327,53.1453285,0</coordinates></LineString></Placemark>
<Placemark><name>180 deg</name><LineString><coordinates>-4.3640168,53.1457736,0 -4.3639795,53.1452020,0 -4.3641009,53.1453573,0 -4.3639795,53.1452020,0 -4.3638787,53.1453625,0</coordinates></LineString></Placemark>
<Placemark><name>176 deg</name><LineString><coordinates>-4.3625230,53.1458032,0 -4.3624306,53.1452355,0 -4.3625664,53.1453859,0 -4.3624306,53.1452355,0 -4.3623458,53.1453989,0</coordinates></LineString></Placemark>
<Placemark><name>173 deg</name><LineString><coordinates>-4.3610292,53.1458329,0 -4.3608790,53.1452745,0 -4.3610290,53.1454183,0 -4.3608790,53.1452745,0 -4.3608120,53.1454394,0</coordinates></LineString></Placemark>
<Placemark><name>167 deg</name><LineString><coordinates>-4.3595354,53.1458625,0 -4.3592985,53.1453201,0 -4.3594693,53.1454533,0 -4.3592985,53.1453201,0 -4.3592585,53.1454866,0</coordinates></LineString></Placemark>
<Placemark><name>161 deg</name><LineString><coordinates>-4.3580415,53.1458921,0 -4.3577058,53.1453714,0 -4.3578997,53.1454917,0 -4.3577058,53.1453714,0 -4.3576974,53.1455388,0</coordinates></LineString></Placemark>
<Placemark><name>150 deg</name><LineString><coordinates>-4.3565477,53.1459217,0 -4.3560579,53.1454425,0 -4.3562864,53.1455405,0 -4.3560579,53.1454425,0 -4.3561001,53.1456093,0</coordinates></LineString></Placemark>
<Placemark><name>141 deg</name><LineString><coordinates>-4.3550539,53.1459513,0 -4.3544385,53.1455249,0 -4.3546914,53.1455995,0 -4.3544385,53.1455249,0 -4.3545257,53.1456860,0</coordinates></LineString></Placemark>
<Placemark><name>126 deg</name><LineString><coordinates>-4.3535601,53.1459808,0 -4.3527826,53.1456613,0 -4.3530595,53.1456950,0 -4.3527826,53.1456613,0 -4.3529354,53.1458042,0</coordinates></LineString></Placemark>
<Placemark><name>123 deg</name><LineString><coordinates>-4.3520663,53.1460104,0 -4.3513059,53.1457356,0 -4.3515694,53.1457581,0 -4.3513059,53.1457356,0 -4.3514626,53.1458649,0</coordinates></LineString></Placemark>
<Placemark><name>121 deg</name><LineString><coordinates>-4.3505724,53.1460399,0 -4.3498008,53.1457858,0 -4.3500634,53.1458018,0 -4.3498008,53.1457858,0 -4.3499647,53.1459102,0</coordinates></LineString></Placemark>
<Placemark><name>105 deg</name><LineString><coordinates>-4.3490786,53.1460694,0 -4.3481945,53.1459432,0 -4.3484633,53.1459159,0 -4.3481945,53.1459432,0 -4.3484142,53.1460401,0</coordinates></LineString></Placemark>
<Placemark><name>93 deg</name><LineString><coordinates>-4.3475848,53.1460988,0 -4.3466397,53.1460915,0 -4.3469023,53.1460271,0 -4.3466397,53.1460915,0 -4.3468994,53.1461599,0</coordinates></LineString></Placemark>
<Placemark><name>86 deg</name><LineString><coordinates>-4.3460909,53.1461283,0 -4.3451170,53.1461863,0 -4.3453748,53.1461019,0 -4.3451170,53.1461863,0 -4.3453974,53.1462387,0</coordinates></LineString></Placemark>
<Placemark><name>84 deg</name><LineString><coordinates>-4.3445971,53.1461577,0 -4.3436168,53.1462427,0 -4.3438712,53.1461504,0 -4.3436168,53.1462427,0 -4.3439042,53.1462881,0</coordinates></LineString></Placemark>
<Placemark><name>80 deg</name><LineString><coordinates>-4.3431033,53.1461871,0 -4.3421457,53.1463067,0 -4.3423870,53.1462064,0 -4.3421457,53.1463067,0 -4.3424335,53.1463410,0</coordinates></LineString></Placemark>
<Placemark><name>74 deg</name><LineString><coordinates>-4.3416094,53.1462165,0 -4.3407113,53.1463865,0 -4.3409264,53.1462765,0 -4.3407113,53.1463865,0 -4.3409925,53.1464027,0</coordinates></LineString></Placemark>
<Placemark><name>68 deg</name><LineString><coordinates>-4.3401156,53.1462459,0 -4.3393195,53.1464608,0 -4.3394977,53.1463455,0 -4.3393195,53.1464608,0 -4.3395812,53.1464573,0</coordinates></LineString></Placemark>
<Placemark><name>64 deg</name><LineString><coordinates>-4.3386217,53.1462753,0 -4.3379476,53.1464864,0 -4.3380928,53.1463807,0 -4.3379476,53.1464864,0 -4.3381749,53.1464754,0</coordinates></LineString></Placemark>
<Placemark><name>71 deg</name><LineString><coordinates>-4.3371279,53.1463046,0 -4.3365782,53.1464336,0 -4.3367050,53.1463594,0 -4.3365782,53.1464336,0 -4.3367551,53.1464366,0</coordinates></LineString></Placemark>
<Placemark><name>192 deg</name><LineString><coordinates>-4.3878675,53.1443983,0 -4.3880568,53.1437787,0 -4.3881249,53.1439632,0 -4.3880568,53.1437787,0 -4.3878841,53.1439366,0</coordinates></LineString></Placemark>
<Placemark><name>192 deg</name><LineString><coordinates>-4.3863737,53.1444283,0 -4.3865455,53.1438250,0 -4.3866153,53.1440037,0 -4.3865455,53.1438250,0 -4.3863808,53.1439796,0</coordinates></LineString></Placemark>
<Placemark><name>201 deg</name><LineString><coordinates>-4.3848800,53.1444582,0 -4.3851932,53.1439005,0 -4.3852151,53.1440766,0 -4.3851932,53.1439005,0 -4.3849983,53.1440326,0</coordinates></LineString></Placemark>
<Placemark><name>220 deg</name><LineString><coordinates>-4.3833863,53.1444882,0 -4.3839425,53.1440540,0 -4.3838732,53.1442130,0 -4.3839425,53.1440540,0 -4.3837045,53.1441349,0</coordinates></LineString></Placemark>
<Placemark><name>208 deg</name><LineString><coordinates>-4.3818925,53.1445181,0 -4.3822509,53.1440854,0 -4.3822359,53.1442301,0 -4.3822509,53.1440854,0 -4.3820678,53.1441798,0</coordinates></LineString></Placemark>
<Placemark><name>225 deg</name><LineString><coordinates>-4.3803988,53.1445479,0 -4.3810265,53.1441411,0 -4.3809321,53.1442976,0 -4.3810265,53.1441411,0 -4.3807740,53.1442094,0</coordinates></LineString></Placemark>
<Placemark><name>230 deg</name><LineString><coordinates>-4.3789050,53.1445778,0 -4.3796214,53.1441952,0 -4.3794978,53.1443512,0 -4.3796214,53.1441952,0 -4.3793491,53.1442506,0</coordinates></LineString></Placemark>
<Placemark><name>249 deg</name><LineString><coordinates>-4.3774113,53.1446077,0 -4.3784004,53.1443605,0 -4.3781751,53.1444983,0 -4.3784004,53.1443605,0 -4.3780791,53.1443593,0</coordinates></LineString></Placemark>
<Placemark><name>208 deg</name><LineString><coordinates>-4.3759175,53.1446375,0 -4.3763851,53.1440525,0 -4.3763696,53.1442470,0 -4.3763851,53.1440525,0 -4.3761422,53.1441813,0</coordinates></LineString></Placemark>
<Placemark><name>218 deg</name><LineString><coordinates>-4.3744238,53.1446673,0 -4.3750161,53.1441840,0 -4.3749463,53.1443591,0 -4.3750161,53.1441840,0 -4.3747585,53.1442759,0</coordinates></LineString></Placemark>
<Placemark><name>214 deg</name><LineString><coordinates>-4.3729300,53.1446971,0 -4.3734525,53.1441975,0 -4.3734052,53.1443723,0 -4.3734525,53.1441975,0 -4.3732111,53.1442989,0</coordinates></LineString></Placemark>
<Placemark><name>212 deg</name><LineString><coordinates>-4.3714363,53.1447269,0 -4.3719182,53.1442333,0 -4.3718810,53.1444036,0 -4.3719182,53.1442333,0 -4.3716892,53.1443359,0</coordinates></LineString></Placemark>
<Placemark><name>207 deg</name><LineString><coordinates>-4.3699425,53.1447566,0 -4.3703345,53.1442456,0 -4.3703255,53.1444143,0 -4.3703345,53.1442456,0 -4.3701269,53.1443593,0</coordinates></LineString></Placemark>
<Placemark><name>194 deg</name><LineString><coordinates>-4.3684487,53.1447864,0 -4.3686436,53.1442619,0 -4.3686917,53.1444205,0 -4.3686436,53.1442619,0 -4.3684879,53.1443931,0</coordinates></LineString></Placemark>
<Placemark><name>190 deg</name><LineString><coordinates>-4.3669550,53.1448161,0 -4.3670891,53.1442712,0 -4.3671579,53.1444312,0 -4.3670891,53.1442712,0 -4.3669462,53.1444123,0</coordinates></LineString></Placemark>
<Placemark><name>181 deg</name><LineString><coordinates>-4.3654612,53.1448458,0 -4.3654387,53.1442767,0 -4.3655555,53.1444324,0 -4.3654387,53.1442767,0 -4.3653343,53.1444355,0</coordinates></LineString></Placemark>
<Placemark><name>179 deg</name><LineString><coordinates>-4.3639674,53.1448755,0 -4.3639113,53.1442982,0 -4.3640390,53.1444538,0 -4.3639113,53.1442982,0 -4.3638146,53.1444617,0</coordinates></LineString></Placemark>
<Placemark><name>178 deg</name><LineString><coordinates>-4.3624737,53.1449051,0 -4.3624056,53.1443275,0 -4.3625367,53.1444823,0 -4.3624056,53.1443275,0 -4.3623122,53.1444919,0</coordinates></LineString></Placemark>
<Placemark><name>177 deg</name><LineString><coordinates>-4.3609799,53.1449348,0 -4.3609014,53.1443636,0 -4.3610341,53.1445159,0 -4.3609014,53.1443636,0 -4.3608121,53.1445269,0</coordinates></LineString></Placemark>
<Placemark><name>170 deg</name><LineString><coordinates>-4.3594861,53.1449644,0 -4.3592925,53.1444112,0 -4.3594535,53.1445505,0 -4.3592925,53.1444112,0 -4.3592385,53.1445777,0</coordinates></LineString></Placemark>
<Placemark><name>163 deg</name><LineString><coordinates>-4.3579923,53.1449940,0 -4.3576806,53.1444539,0 -4.3578717,53.1445812,0 -4.3576806,53.1444539,0 -4.3576618,53.1446250,0</coordinates></LineString></Placemark>
<Placemark><name>158 deg</name><LineString><coordinates>-4.3564985,53.1450236,0 -4.3561102,53.1444981,0 -4.3563196,53.1446161,0 -4.3561102,53.1444981,0 -4.3561154,53.1446706,0</coordinates></LineString></Placemark>
<Placemark><name>155 deg</name><LineString><coordinates>-4.3550047,53.1450531,0 -4.3545763,53.1445542,0 -4.3547916,53.1446620,0 -4.3545763,53.1445542,0 -4.3545977,53.1447222,0</coordinates></LineString></Placemark>
<Placemark><name>132 deg</name><LineString><coordinates>-4.3535110,53.1450827,0 -4.3527885,53.1447183,0 -4.3530589,53.1447682,0 -4.3527885,53.1447183,0 -4.3529173,53.1448697,0</coordinates></LineString></Placemark>
<Placemark><name>144 deg</name><LineString><coordinates>-4.3520172,53.1451122,0 -4.3514604,53.1446879,0 -4.3516967,53.1447660,0 -4.3514604,53.1446879,0 -4.3515318,53.1448443,0</coordinates></LineString></Placemark>
<Placemark><name>122 deg</name><LineString><coordinates>-4.3505234,53.1451417,0 -4.3498054,53.1448869,0 -4.3500533,53.1449069,0 -4.3498054,53.1448869,0 -4.3499543,53.1450077,0</coordinates></LineString></Placemark>
<Placemark><name>108 deg</name><LineString><coordinates>-4.3490296,53.1451712,0 -4.3481898,53.1450277,0 -4.3484497,53.1450083,0 -4.3481898,53.1450277,0 -4.3483940,53.1451263,0</coordinates></LineString></Placemark>
<Placemark><name>92 deg</name><LineString><coordinates>-4.3475358,53.1452007,0 -4.3466293,53.1452004,0 -4.3468798,53.1451368,0 -4.3466293,53.1452004,0 -4.3468797,53.1452642,0</coordinates></LineString></Placemark>
<Placemark><name>86 deg</name><LineString><coordinates>-4.3460420,53.1452302,0 -4.3450738,53.1452938,0 -4.3453290,53.1452082,0 -4.3450738,53.1452938,0 -4.3453537,53.1453442,0</coordinates></LineString></Placemark>
<Placemark><name>88 deg</name><LineString><coordinates>-4.3445481,53.1452596,0 -4.3435644,53.1452995,0 -4.3438285,53.1452194,0 -4.3435644,53.1452995,0 -4.3438440,53.1453576,0</coordinates></LineString></Placemark>
<Placemark><name>86 deg</name><LineString><coordinates>-4.3430543,53.1452890,0 -4.3420913,53.1453439,0 -4.3423468,53.1452611,0 -4.3420913,53.1453439,0 -4.3423681,53.1453964,0</coordinates></LineString></Placemark>
<Placemark><name>83 deg</name><LineString><coordinates>-4.3415605,53.1453184,0 -4.3406403,53.1454003,0 -4.3408787,53.1453131,0 -4.3406403,53.1454003,0 -4.3409105,53.1454423,0</coordinates></LineString></Placemark>
<Placemark><name>81 deg</name><LineString><coordinates>-4.3400667,53.1453478,0 -4.3392101,53.1454457,0 -4.3394278,53.1453585,0 -4.3392101,53.1454457,0 -4.3394658,53.1454788,0</coordinates></LineString></Placemark>
<Placemark><name>83 deg</name><LineString><coordinates>-4.3385729,53.1453771,0 -4.3377953,53.1454535,0 -4.3379953,53.1453778,0 -4.3377953,53.1454535,0 -4.3380250,53.1454870,0</coordinates></LineString></Placemark>
<Placemark><name>96 deg</name><LineString><coordinates>-4.3370791,53.1454065,0 -4.3364154,53.1453791,0 -4.3366041,53.1453400,0 -4.3364154,53.1453791,0 -4.3365935,53.1454333,0</coordinates></LineString></Placemark>
<Placemark><name>202 deg</name><LineString><coordinates>-4.3878176,53.1435002,0 -4.3881599,53.1429342,0 -4.3881753,53.1431147,0 -4.3881599,53.1429342,0 -4.3879554,53.1430666,0</coordinates></LineString></Placemark>
<Placemark><name>199 deg</name><LineString><coordinates>-4.3863239,53.1435302,0 -4.3866121,53.1429578,0 -4.3866437,53.1431362,0 -4.3866121,53.1429578,0 -4.3864212,53.1430957,0</coordinates></LineString></Placemark>
<Placemark><name>208 deg</name><LineString><coordinates>-4.3848302,53.1435601,0 -4.3852762,53.1430169,0 -4.3852585,53.1431983,0 -4.3852762,53.1430169,0 -4.3850474,53.1431357,0</coordinates></LineString></Placemark>
<Placemark><name>220 deg</name><LineString><coordinates>-4.3833365,53.1435900,0 -4.3839717,53.1430992,0 -4.3838915,53.1432795,0 -4.3839717,53.1430992,0 -4.3837008,53.1431902,0</coordinates></LineString></Placemark>
<Placemark><name>185 deg</name><LineString><coordinates>-4.3818428,53.1436199,0 -4.3818966,53.1430424,0 -4.3819939,53.1432058,0 -4.3818966,53.1430424,0 -4.3817695,53.1431982,0</coordinates></LineString></Placemark>
<Placemark><name>216 deg</name><LineString><coordinates>-4.3803491,53.1436498,0 -4.3808790,53.1431824,0 -4.3808234,53.1433488,0 -4.3808790,53.1431824,0 -4.3806418,53.1432743,0</coordinates></LineString></Placemark>
<Placemark><name>238 deg</name><LineString><coordinates>-4.3788554,53.1436797,0 -4.3796636,53.1433520,0 -4.3795039,53.1434993,0 -4.3796636,53.1433520,0 -4.3793766,53.1433858,0</coordinates></LineString></Placemark>
<Placemark><name>242 deg</name><LineString><coordinates>-4.3773617,53.1437095,0 -4.3782442,53.1434078,0 -4.3780590,53.1435532,0 -4.3782442,53.1434078,0 -4.3779417,53.1434292,0</coordinates></LineString></Placemark>
<Placemark><name>229 deg</name><LineString><coordinates>-4.3758679,53.1437394,0 -4.3765780,53.1433386,0 -4.3764597,53.1434992,0 -4.3765780,53.1433386,0 -4.3763039,53.1433994,0</coordinates></LineString></Placemark>
<Placemark><name>221 deg</name><LineString><coordinates>-4.3743742,53.1437692,0 -4.3749742,53.1433180,0 -4.3748961,53.1434848,0 -4.3749742,53.1433180,0 -4.3747207,53.1434005,0</coordinates></LineString></Placemark>
<Placemark><name>222 deg</name><LineString><coordinates>-4.3728805,53.1437990,0 -4.3735037,53.1433532,0 -4.3734181,53.1435202,0 -4.3735037,53.1433532,0 -4.3732449,53.1434326,0</coordinates></LineString></Placemark>
<Placemark><name>213 deg</name><LineString><coordinates>-4.3713868,53.1438287,0 -4.3718761,53.1433431,0 -4.3718353,53.1435116,0 -4.3718761,53.1433431,0 -4.3716465,53.1434429,0</coordinates></LineString></Placemark>
<Placemark><name>208 deg</name><LineString><coordinates>-4.3698930,53.1438585,0 -4.3703096,53.1433508,0 -4.3702932,53.1435204,0 -4.3703096,53.1433508,0 -4.3700959,53.1434618,0</coordinates></LineString></Placemark>
<Placemark><name>201 deg</name><LineString><coordinates>-4.3683993,53.1438882,0 -4.3687039,53.1433489,0 -4.3687246,53.1435193,0 -4.3687039,53.1433489,0 -4.3685150,53.1434765,0</coordinates></LineString></Placemark>
<Placemark><name>180 deg</name><LineString><coordinates>-4.3669056,53.1439179,0 -4.3668770,53.1433540,0 -4.3669945,53.1435078,0 -4.3668770,53.1433540,0 -4.3667753,53.1435118,0</coordinates></LineString></Placemark>
<Placemark><name>174 deg</name><LineString><coordinates>-4.3654118,53.1439476,0 -4.3652734,53.1433814,0 -4.3654216,53.1435281,0 -4.3652734,53.1433814,0 -4.3652016,53.1435476,0</coordinates></LineString></Placemark>
<Placemark><name>173 deg</name><LineString><coordinates>-4.3639181,53.1439773,0 -4.3637746,53.1433937,0 -4.3639276,53.1435449,0 -4.3637746,53.1433937,0 -4.3637008,53.1435651,0</coordinates></LineString></Placemark>
<Placemark><name>179 deg</name><LineString><coordinates>-4.3624243,53.1440070,0 -4.3623751,53.1434075,0 -4.3625052,53.1435697,0 -4.3623751,53.1434075,0 -4.3622722,53.1435766,0</coordinates></LineString></Placemark>
<Placemark><name>185 deg</name><LineString><coordinates>-4.3609306,53.1440366,0 -4.3609783,53.1434497,0 -4.3610792,53.1436152,0 -4.3609783,53.1434497,0 -4.3608511,53.1436085,0</coordinates></LineString></Placemark>
<Placemark><name>171 deg</name><LineString><coordinates>-4.3594368,53.1440662,0 -4.3592568,53.1435130,0 -4.3594141,53.1436532,0 -4.3592568,53.1435130,0 -4.3591991,53.1436785,0</coordinates></LineString></Placemark>
<Placemark><name>161 deg</name><LineString><coordinates>-4.3579431,53.1440959,0 -4.3575992,53.1435476,0 -4.3578008,53.1436750,0 -4.3575992,53.1435476,0 -4.3575877,53.1437233,0</coordinates></LineString></Placemark>
<Placemark><name>162 deg</name><LineString><coordinates>-4.3564493,53.1441254,0 -4.3561105,53.1435737,0 -4.3563113,53.1437024,0 -4.3561105,53.1435737,0 -4.3560969,53.1437500,0</coordinates></LineString></Placemark>
<Placemark><name>161 deg</name><LineString><coordinates>-4.3549556,53.1441550,0 -4.3546035,53.1436034,0 -4.3548079,53.1437311,0 -4.3546035,53.1436034,0 -4.3545936,53.1437805,0</coordinates></LineString></Placemark>
<Placemark><name>149 deg</name><LineString><coordinates>-4.3534618,53.1441846,0 -4.3529010,53.1436695,0 -4.3531561,53.1437724,0 -4.3529010,53.1436695,0 -4.3529559,53.1438512,0</coordinates></LineString></Placemark>
<Placemark><name>188 deg</name><LineString><coordinates>-4.3519681,53.1442141,0 -4.3520670,53.1436390,0 -4.3521514,53.1438048,0 -4.3520670,53.1436390,0 -4.3519279,53.1437909,0</coordinates></LineString></Placemark>
<Placemark><name>94 deg</name><LineString><coordinates>-4.3504743,53.1442436,0 -4.3497697,53.1442293,0 -4.3499671,53.1441838,0 -4.3497697,53.1442293,0 -4.3499616,53.1442828,0</coordinates></LineString></Placemark>
<Placemark><name>123 deg</name><LineString><coordinates>-4.3489805,53.1442731,0 -4.3482198,53.1439985,0 -4.3484834,53.1440210,0 -4.3482198,53.1439985,0 -4.3483767,53.1441278,0</coordinates></LineString></Placemark>
<Placemark><name>125 deg</name><LineString><coordinates>-4.3474868,53.1443026,0 -4.3467465,53.1440135,0 -4.3470072,53.1440414,0 -4.3467465,53.1440135,0 -4.3468948,53.1441454,0</coordinates></LineString></Placemark>
<Placemark><name>106 deg</name><LineString><coordinates>-4.3459930,53.1443320,0 -4.3450228,53.1441887,0 -4.3453187,53.1441601,0 -4.3450228,53.1441887,0 -4.3452630,53.1442964,0</coordinates></LineString></Placemark>
<Placemark><name>100 deg</name><LineString><coordinates>-4.3444992,53.1443614,0 -4.3435248,53.1442817,0 -4.3438095,53.1442353,0 -4.3435248,53.1442817,0 -4.3437785,53.1443722,0</coordinates></LineString></Placemark>
<Placemark><name>96 deg</name><LineString><coordinates>-4.3430054,53.1443909,0 -4.3420493,53.1443476,0 -4.3423219,53.1442924,0 -4.3420493,53.1443476,0 -4.3423051,53.1444267,0</coordinates></LineString></Placemark>
<Placemark><name>94 deg</name><LineString><coordinates>-4.3415116,53.1444203,0 -4.3405891,53.1444027,0 -4.3408474,53.1443427,0 -4.3405891,53.1444027,0 -4.3408406,53.1444723,0</coordinates></LineString></Placemark>
<Placemark><name>93 deg</name><LineString><coordinates>-4.3400179,53.1444496,0 -4.3391454,53.1444408,0 -4.3393882,53.1443820,0 -4.3391454,53.1444408,0 -4.3393848,53.1445045,0</coordinates></LineString></Placemark>
<Placemark><name>94 deg</name><LineString><coordinates>-4.3385241,53.1444790,0 -4.3377224,53.1444572,0 -4.3379482,53.1444069,0 -4.3377224,53.1444572,0 -4.3379397,53.1445195,0</coordinates></LineString></Placemark>
<Placemark><name>96 deg</name><LineString><coordinates>-4.3370303,53.1445083,0 -4.3363415,53.1444810,0 -4.3365371,53.1444402,0 -4.3363415,53.1444810,0 -4.3365265,53.1445370,0</coordinates></LineString></Placemark>
<Placemark><name>206 deg</name><LineString><coordinates>-4.3832868,53.1426919,0 -4.3837177,53.1421256,0 -4.3837086,53.1423124,0 -4.3837177,53.1421256,0 -4.3834886,53.1422518,0</coordinates></LineString></Placemark>
<Placemark><name>204 deg</name><LineString><coordinates>-4.3817931,53.1427218,0 -4.3821802,53.1421489,0 -4.3821845,53.1423344,0 -4.3821802,53.1421489,0 -4.3819619,53.1422800,0</coordinates></LineString></Placemark>
<Placemark><name>217 deg</name><LineString><coordinates>-4.3802994,53.1427517,0 -4.3808771,53.1422516,0 -4.3808146,53.1424303,0 -4.3808771,53.1422516,0 -4.3806203,53.1423492,0</coordinates></LineString></Placemark>
<Placemark><name>235 deg</name><LineString><coordinates>-4.3788057,53.1427816,0 -4.3796214,53.1424129,0 -4.3794677,53.1425721,0 -4.3796214,53.1424129,0 -4.3793244,53.1424575,0</coordinates></LineString></Placemark>
<Placemark><name>226 deg</name><LineString><coordinates>-4.3773120,53.1428114,0 -4.3779571,53.1424143,0 -4.3778560,53.1425693,0 -4.3779571,53.1424143,0 -4.3777017,53.1424787,0</coordinates></LineString></Placemark>
<Placemark><name>217 deg</name><LineString><coordinates>-4.3758184,53.1428412,0 -4.3764132,53.1423345,0 -4.3763473,53.1425163,0 -4.3764132,53.1423345,0 -4.3761504,53.1424328,0</coordinates></LineString></Placemark>
<Placemark><name>214 deg</name><LineString><coordinates>-4.3743247,53.1428711,0 -4.3748535,53.1423696,0 -4.3748048,53.1425453,0 -4.3748535,53.1423696,0 -4.3746100,53.1424710,0</coordinates></LineString></Placemark>
<Placemark><name>214 deg</name><LineString><coordinates>-4.3728310,53.1429008,0 -4.3733643,53.1423945,0 -4.3733153,53.1425719,0 -4.3733643,53.1423945,0 -4.3731186,53.1424969,0</coordinates></LineString></Placemark>
<Placemark><name>208 deg</name><LineString><coordinates>-4.3713373,53.1429306,0 -4.3717666,53.1424001,0 -4.3717510,53.1425769,0 -4.3717666,53.1424001,0 -4.3715449,53.1425165,0</coordinates></LineString></Placemark>
<Placemark><name>207 deg</name><LineString><coordinates>-4.3698436,53.1429604,0 -4.3702479,53.1424384,0 -4.3702376,53.1426110,0 -4.3702479,53.1424384,0 -4.3700348,53.1425542,0</coordinates></LineString></Placemark>
<Placemark><name>198 deg</name><LineString><coordinates>-4.3683499,53.1429901,0 -4.3686044,53.1424482,0 -4.3686393,53.1426158,0 -4.3686044,53.1424482,0 -4.3684288,53.1425800,0</coordinates></LineString></Placemark>
<Placemark><name>180 deg</name><LineString><coordinates>-4.3668562,53.1430198,0 -4.3668282,53.1424621,0 -4.3669443,53.1426142,0 -4.3668282,53.1424621,0 -4.3667276,53.1426182,0</coordinates></LineString></Placemark>
<Placemark><name>167 deg</name><LineString><coordinates>-4.3653625,53.1430495,0 -4.3651264,53.1425016,0 -4.3652981,53.1426364,0 -4.3651264,53.1425016,0 -4.3650851,53.1426696,0</coordinates></LineString></Placemark>
<Placemark><name>161 deg</name><LineString><coordinates>-4.3638687,53.1430792,0 -4.3635234,53.1425404,0 -4.3637235,53.1426650,0 -4.3635234,53.1425404,0 -4.3635142,53.1427136,0</coordinates></LineString></Placemark>
<Placemark><name>183 deg</name><LineString><coordinates>-4.3623750,53.1431089,0 -4.3623862,53.1425282,0 -4.3624960,53.1426894,0 -4.3623862,53.1425282,0 -4.3622703,53.1426878,0</coordinates></LineString></Placemark>
<Placemark><name>184 deg</name><LineString><coordinates>-4.3608813,53.1431385,0 -4.3609171,53.1425357,0 -4.3610243,53.1427048,0 -4.3609171,53.1425357,0 -4.3607901,53.1426997,0</coordinates></LineString></Placemark>
<Placemark><name>177 deg</name><LineString><coordinates>-4.3593876,53.1431681,0 -4.3592938,53.1425563,0 -4.3594386,53.1427187,0 -4.3592938,53.1425563,0 -4.3592009,53.1427319,0</coordinates></LineString></Placemark>
<Placemark><name>165 deg</name><LineString><coordinates>-4.3578939,53.1431977,0 -4.3576073,53.1426254,0 -4.3577977,53.1427634,0 -4.3576073,53.1426254,0 -4.3575753,53.1428037,0</coordinates></LineString></Placemark>
<Placemark><name>163 deg</name><LineString><coordinates>-4.3564002,53.1432273,0 -4.3560836,53.1426657,0 -4.3562802,53.1427986,0 -4.3560836,53.1426657,0 -4.3560619,53.1428431,0</coordinates></LineString></Placemark>
<Placemark><name>165 deg</name><LineString><coordinates>-4.3549064,53.1432569,0 -4.3546198,53.1427016,0 -4.3548069,53.1428349,0 -4.3546198,53.1427016,0 -4.3545911,53.1428752,0</coordinates></LineString></Placemark>
<Placemark><name>165 deg</name><LineString><coordinates>-4.3534127,53.1432864,0 -4.3531597,53.1427812,0 -4.3533278,53.1429030,0 -4.3531597,53.1427812,0 -4.3531314,53.1429385,0</coordinates></LineString></Placemark>
<Placemark><name>158 deg</name><LineString><coordinates>-4.3519190,53.1433159,0 -4.3515685,53.1428438,0 -4.3517571,53.1429496,0 -4.3515685,53.1428438,0 -4.3515736,53.1429989,0</coordinates></LineString></Placemark>
<Placemark><name>181 deg</name><LineString><coordinates>-4.3504252,53.1433455,0 -4.3504048,53.1427729,0 -4.3505217,53.1429296,0 -4.3504048,53.1427729,0 -4.3502992,53.1429325,0</coordinates></LineString></Placemark>
<Placemark><name>147 deg</name><LineString><coordinates>-4.3489315,53.1433749,0 -4.3483925,53.1429183,0 -4.3486301,53.1430066,0 -4.3483925,53.1429183,0 -4.3484527,53.1430823,0</coordinates></LineString></Placemark>
<Placemark><name>136 deg</name><LineString><coordinates>-4.3474378,53.1434044,0 -4.3467606,53.1430110,0 -4.3470242,53.1430721,0 -4.3467606,53.1430110,0 -4.3468713,53.1431672,0</coordinates></LineString></Placemark>
<Placemark><name>123 deg</name><LineString><coordinates>-4.3459440,53.1434339,0 -4.3451150,53.1431309,0 -4.3454029,53.1431564,0 -4.3451150,53.1431309,0 -4.3452852,53.1432729,0</coordinates></LineString></Placemark>
<Placemark><name>112 deg</name><LineString><coordinates>-4.3444503,53.1434633,0 -4.3435414,53.1432629,0 -4.3438315,53.1432544,0 -4.3435414,53.1432629,0 -4.3437536,53.1433821,0</coordinates></LineString></Placemark>
<Placemark><name>106 deg</name><LineString><coordinates>-4.3429565,53.1434927,0 -4.3420385,53.1433515,0 -4.3423196,53.1433261,0 -4.3420385,53.1433515,0 -4.3422647,53.1434550,0</coordinates></LineString></Placemark>
<Placemark><name>103 deg</name><LineString><coordinates>-4.3414628,53.1435221,0 -4.3405650,53.1434135,0 -4.3408342,53.1433805,0 -4.3405650,53.1434135,0 -4.3407920,53.1435066,0</coordinates></LineString></Placemark>
<Placemark><name>103 deg</name><LineString><coordinates>-4.3399690,53.1435515,0 -4.3391131,53.1434544,0 -4.3393685,53.1434211,0 -4.3391131,53.1434544,0 -4.3393308,53.1435414,0</coordinates></LineString></Placemark>
<Placemark><name>105 deg</name><LineString><coordinates>-4.3384753,53.1435809,0 -4.3376932,53.1434690,0 -4.3379310,53.1434450,0 -4.3376932,53.1434690,0 -4.3378875,53.1435549,0</coordinates></LineString></Placemark>
<Placemark><name>215 deg</name><LineString><coordinates>-4.3802497,53.1418536,0 -4.3808113,53.1413259,0 -4.3807586,53.1415112,0 -4.3808113,53.1413259,0 -4.3805536,53.1414323,0</coordinates></LineString></Placemark>
<Placemark><name>224 deg</name><LineString><coordinates>-4.3787561,53.1418835,0 -4.3794806,53.1414033,0 -4.3793737,53.1415869,0 -4.3794806,53.1414033,0 -4.3791871,53.1414851,0</coordinates></LineString></Placemark>
<Placemark><name>208 deg</name><LineString><coordinates>-4.3772624,53.1419133,0 -4.3777288,53.1413294,0 -4.3777134,53.1415235,0 -4.3777288,53.1413294,0 -4.3774864,53.1414580,0</coordinates></LineString></Placemark>
<Placemark><name>209 deg</name><LineString><coordinates>-4.3757688,53.1419431,0 -4.3762402,53.1413973,0 -4.3762160,53.1415812,0 -4.3762402,53.1413973,0 -4.3760039,53.1415150,0</coordinates></LineString></Placemark>
<Placemark><name>209 deg</name><LineString><coordinates>-4.3742751,53.1419729,0 -4.3747338,53.1414236,0 -4.3747138,53.1416076,0 -4.3747338,53.1414236,0 -4.3745003,53.1415432,0</coordinates></LineString></Placemark>
<Placemark><name>210 deg</name><LineString><coordinates>-4.3727814,53.1420027,0 -4.3732553,53.1414630,0 -4.3732292,53.1416454,0 -4.3732553,53.1414630,0 -4.3730195,53.1415788,0</coordinates></LineString></Placemark>
<Placemark><name>211 deg</name><LineString><coordinates>-4.3712878,53.1420325,0 -4.3717736,53.1415034,0 -4.3717421,53.1416837,0 -4.3717736,53.1415034,0 -4.3715366,53.1416155,0</coordinates></LineString></Placemark>
<Placemark><name>212 deg</name><LineString><coordinates>-4.3697941,53.1420622,0 -4.3702848,53.1415545,0 -4.3702478,53.1417293,0 -4.3702848,53.1415545,0 -4.3700505,53.1416604,0</coordinates></LineString></Placemark>
<Placemark><name>204 deg</name><LineString><coordinates>-4.3683004,53.1420920,0 -4.3686410,53.1415764,0 -4.3686470,53.1417428,0 -4.3686410,53.1415764,0 -4.3684467,53.1416950,0</coordinates></LineString></Placemark>
<Placemark><name>178 deg</name><LineString><coordinates>-4.3668068,53.1421217,0 -4.3667444,53.1415800,0 -4.3668669,53.1417253,0 -4.3667444,53.1415800,0 -4.3666564,53.1417341,0</coordinates></LineString></Placemark>
<Placemark><name>163 deg</name><LineString><coordinates>-4.3653131,53.1421514,0 -4.3650192,53.1416252,0 -4.3652026,53.1417500,0 -4.3650192,53.1416252,0 -4.3649982,53.1417913,0</coordinates></LineString></Placemark>
<Placemark><name>159 deg</name><LineString><coordinates>-4.3638194,53.1421811,0 -4.3634543,53.1416671,0 -4.3636550,53.1417835,0 -4.3634543,53.1416671,0 -4.3634553,53.1418348,0</coordinates></LineString></Placemark>
<Placemark><name>163 deg</name><LineString><coordinates>-4.3623257,53.1422107,0 -4.3620278,53.1416754,0 -4.3622141,53.1418024,0 -4.3620278,53.1416754,0 -4.3620061,53.1418442,0</coordinates></LineString></Placemark>
<Placemark><name>170 deg</name><LineString><coordinates>-4.3608320,53.1422404,0 -4.3606207,53.1416599,0 -4.3607919,53.1418055,0 -4.3606207,53.1416599,0 -4.3605663,53.1418352,0</coordinates></LineString></Placemark>
<Placemark><name>183 deg</name><LineString><coordinates>-4.3593383,53.1422700,0 -4.3593562,53.1416812,0 -4.3594657,53.1418452,0 -4.3593562,53.1416812,0 -4.3592369,53.1418426,0</coordinates></LineString></Placemark>
<Placemark><name>170 deg</name><LineString><coordinates>-4.3578447,53.1422996,0 -4.3576499,53.1417337,0 -4.3578137,53.1418764,0 -4.3576499,53.1417337,0 -4.3575938,53.1419037,0</coordinates></LineString></Placemark>
<Placemark><name>159 deg</name><LineString><coordinates>-4.3563510,53.1423292,0 -4.3559759,53.1418059,0 -4.3561812,53.1419242,0 -4.3559759,53.1418059,0 -4.3559779,53.1419768,0</coordinates></LineString></Placemark>
<Placemark><name>174 deg</name><LineString><coordinates>-4.3548573,53.1423587,0 -4.3547316,53.1418119,0 -4.3548726,53.1419542,0 -4.3547316,53.1418119,0 -4.3546601,53.1419718,0</coordinates></LineString></Placemark>
<Placemark><name>168 deg</name><LineString><coordinates>-4.3533636,53.1423883,0 -4.3531513,53.1418518,0 -4.3533142,53.1419851,0 -4.3531513,53.1418518,0 -4.3531057,53.1420149,0</coordinates></LineString></Placemark>
<Placemark><name>171 deg</name><LineString><coordinates>-4.3518699,53.1424178,0 -4.3516998,53.1419078,0 -4.3518459,53.1420368,0 -4.3516998,53.1419078,0 -4.3516477,53.1420607,0</coordinates></LineString></Placemark>
<Placemark><name>169 deg</name><LineString><coordinates>-4.3503762,53.1424473,0 -4.3501736,53.1419336,0 -4.3503293,53.1420613,0 -4.3501736,53.1419336,0 -4.3501297,53.1420898,0</coordinates></LineString></Placemark>
<Placemark><name>150 deg</name><LineString><coordinates>-4.3488825,53.1424768,0 -4.3484069,53.1420096,0 -4.3486291,53.1421053,0 -4.3484069,53.1420096,0 -4.3484475,53.1421721,0</coordinates></LineString></Placemark>
<Placemark><name>137 deg</name><LineString><coordinates>-4.3473888,53.1425063,0 -4.3467325,53.1421062,0 -4.3469916,53.1421706,0 -4.3467325,53.1421062,0 -4.3468361,53.1422628,0</coordinates></LineString></Placemark>
<Placemark><name>127 deg</name><LineString><coordinates>-4.3458950,53.1425357,0 -4.3451213,53.1422042,0 -4.3453995,53.1422414,0 -4.3451213,53.1422042,0 -4.3452706,53.1423501,0</coordinates></LineString></Placemark>
<Placemark><name>119 deg</name><LineString><coordinates>-4.3444013,53.1425652,0 -4.3435587,53.1423016,0 -4.3438428,53.1423152,0 -4.3435587,53.1423016,0 -4.3437403,53.1424336,0</coordinates></LineString></Placemark>
<Placemark><name>114 deg</name><LineString><coordinates>-4.3429076,53.1425946,0 -4.3420425,53.1423829,0 -4.3423226,53.1423806,0 -4.3420425,53.1423829,0 -4.3422404,53.1425021,0</coordinates></LineString></Placemark>
<Placemark><name>111 deg</name><LineString><coordinates>-4.3414139,53.1426240,0 -4.3405577,53.1424465,0 -4.3408288,53.1424354,0 -4.3405577,53.1424465,0 -4.3407598,53.1425557,0</coordinates></LineString></Placemark>
<Placemark><name>110 deg</name><LineString><coordinates>-4.3399202,53.1426534,0 -4.3390985,53.1424938,0 -4.3393566,53.1424802,0 -4.3390985,53.1424938,0 -4.3392946,53.1425956,0</coordinates></LineString></Placemark>
<Placemark><name>220 deg</name><LineString><coordinates>-4.3787064,53.1409853,0 -4.3793529,53.1404816,0 -4.3792721,53.1406662,0 -4.3793529,53.1404816,0 -4.3790764,53.1405754,0</coordinates></LineString></Placemark>
<Placemark><name>214 deg</name><LineString><coordinates>-4.3772128,53.1410152,0 -4.3777802,53.1404708,0 -4.3777292,53.1406611,0 -4.3777802,53.1404708,0 -4.3775177,53.1405814,0</coordinates></LineString></Placemark>
<Placemark><name>211 deg</name><LineString><coordinates>-4.3757192,53.1410450,0 -4.3762270,53.1404935,0 -4.3761938,53.1406816,0 -4.3762270,53.1404935,0 -4.3759795,53.1406102,0</coordinates></LineString></Placemark>
<Placemark><name>210 deg</name><LineString><coordinates>-4.3742255,53.1410748,0 -4.3747161,53.1405279,0 -4.3746868,53.1407135,0 -4.3747161,53.1405279,0 -4.3744743,53.1406446,0</coordinates></LineString></Placemark>
<Placemark><name>209 deg</name><LineString><coordinates>-4.3727319,53.1411046,0 -4.3732062,53.1405573,0 -4.3731815,53.1407419,0 -4.3732062,53.1405573,0 -4.3729688,53.1406752,0</coordinates></LineString></Placemark>
<Placemark><name>212 deg</name><LineString><coordinates>-4.3712383,53.1411344,0 -4.3717604,53.1406019,0 -4.3717196,53.1407857,0 -4.3717604,53.1406019,0 -4.3715127,53.1407124,0</coordinates></LineString></Placemark>
<Placemark><name>218 deg</name><LineString><coordinates>-4.3697446,53.1411641,0 -4.3703448,53.1406742,0 -4.3702742,53.1408517,0 -4.3703448,53.1406742,0 -4.3700838,53.1407674,0</coordinates></LineString></Placemark>
<Placemark><name>219 deg</name><LineString><coordinates>-4.3682510,53.1411939,0 -4.3688119,53.1407482,0 -4.3687435,53.1409107,0 -4.3688119,53.1407482,0 -4.3685703,53.1408319,0</coordinates></LineString></Placemark>
<Placemark><name>170 deg</name><LineString><coordinates>-4.3667574,53.1412236,0 -4.3665696,53.1406876,0 -4.3667256,53.1408225,0 -4.3665696,53.1406876,0 -4.3665173,53.1408489,0</coordinates></LineString></Placemark>
<Placemark><name>163 deg</name><LineString><coordinates>-4.3652637,53.1412533,0 -4.3649573,53.1407281,0 -4.3651440,53.1408517,0 -4.3649573,53.1407281,0 -4.3649399,53.1408948,0</coordinates></LineString></Placemark>
<Placemark><name>159 deg</name><LineString><coordinates>-4.3637701,53.1412829,0 -4.3634104,53.1407731,0 -4.3636088,53.1408887,0 -4.3634104,53.1407731,0 -4.3634107,53.1409392,0</coordinates></LineString></Placemark>
<Placemark><name>158 deg</name><LineString><coordinates>-4.3622764,53.1413126,0 -4.3619060,53.1408122,0 -4.3621056,53.1409244,0 -4.3619060,53.1408122,0 -4.3619111,53.1409765,0</coordinates></LineString></Placemark>
<Placemark><name>163 deg</name><LineString><coordinates>-4.3607828,53.1413422,0 -4.3605011,53.1408421,0 -4.3606761,53.1409605,0 -4.3605011,53.1408421,0 -4.3604818,53.1410001,0</coordinates></LineString></Placemark>
<Placemark><name>180 deg</name><LineString><coordinates>-4.3592891,53.1413719,0 -4.3592573,53.1408346,0 -4.3593704,53.1409808,0 -4.3592573,53.1408346,0 -4.3591617,53.1409853,0</coordinates></LineString></Placemark>
<Placemark><name>174 deg</name><LineString><coordinates>-4.3577954,53.1414015,0 -4.3576716,53.1408654,0 -4.3578099,53.1410048,0 -4.3576716,53.1408654,0 -4.3576017,53.1410222,0</coordinates></LineString></Placemark>
<Placemark><name>167 deg</name><LineString><coordinates>-4.3563018,53.1414310,0 -4.3560843,53.1409261,0 -4.3562425,53.1410503,0 -4.3560843,53.1409261,0 -4.3560463,53.1410809,0</coordinates></LineString></Placemark>
<Placemark><name>165 deg</name><LineString><coordinates>-4.3548081,53.1414606,0 -4.3545721,53.1409831,0 -4.3547301,53.1410985,0 -4.3545721,53.1409831,0 -4.3545445,53.1411316,0</coordinates></LineString></Placemark>
<Placemark><name>147 deg</name><LineString><coordinates>-4.3533144,53.1414901,0 -4.3528346,53.1410830,0 -4.3530463,53.1411618,0 -4.3528346,53.1410830,0 -4.3528881,53.1412292,0</coordinates></LineString></Placemark>
<Placemark><name>180 deg</name><LineString><coordinates>-4.3518208,53.1415197,0 -4.3517994,53.1410510,0 -4.3518964,53.1411790,0 -4.3517994,53.1410510,0 -4.3517142,53.1411820,0</coordinates></LineString></Placemark>
<Placemark><name>155 deg</name><LineString><coordinates>-4.3503271,53.1415492,0 -4.3499575,53.1411017,0 -4.3501466,53.1411994,0 -4.3499575,53.1411017,0 -4.3499727,53.1412513,0</coordinates></LineString></Placemark>
<Placemark><name>143 deg</name><LineString><coordinates>-4.3488334,53.1415787,0 -4.3482795,53.1411623,0 -4.3485134,53.1412384,0 -4.3482795,53.1411623,0 -4.3483516,53.1413162,0</coordinates></LineString></Placemark>
<Placemark><name>135 deg</name><LineString><coordinates>-4.3473398,53.1416081,0 -4.3466686,53.1412305,0 -4.3469274,53.1412877,0 -4.3466686,53.1412305,0 -4.3467806,53.1413820,0</coordinates></LineString></Placemark>
<Placemark><name>128 deg</name><LineString><coordinates>-4.3458461,53.1416376,0 -4.3450955,53.1413032,0 -4.3453678,53.1413429,0 -4.3450955,53.1413032,0 -4.3452379,53.1414483,0</coordinates></LineString></Placemark>
<Placemark><name>123 deg</name><LineString><coordinates>-4.3443524,53.1416670,0 -4.3435540,53.1413755,0 -4.3438312,53.1413999,0 -4.3435540,53.1413755,0 -4.3437179,53.1415121,0</coordinates></LineString></Placemark>
<Placemark><name>119 deg</name><LineString><coordinates>-4.3428587,53.1416964,0 -4.3420428,53.1414412,0 -4.3423178,53.1414544,0 -4.3420428,53.1414412,0 -4.3422186,53.1415691,0</coordinates></LineString></Placemark>
<Placemark><name>117 deg</name><LineString><coordinates>-4.3413650,53.1417258,0 -4.3405559,53.1415015,0 -4.3408231,53.1415066,0 -4.3405559,53.1415015,0 -4.3407359,53.1416203,0</coordinates></LineString></Placemark>
<Placemark><name>216 deg</name><LineString><coordinates>-4.3756696,53.1401469,0 -4.3762510,53.1396322,0 -4.3761903,53.1398153,0 -4.3762510,53.1396322,0 -4.3759903,53.1397336,0</coordinates></LineString></Placemark>
<Placemark><name>215 deg</name><LineString><coordinates>-4.3741760,53.1401767,0 -4.3747341,53.1396585,0 -4.3746805,53.1398409,0 -4.3747341,53.1396585,0 -4.3744792,53.1397625,0</coordinates></LineString></Placemark>
<Placemark><name>209 deg</name><LineString><coordinates>-4.3726824,53.1402065,0 -4.3731412,53.1396671,0 -4.3731192,53.1398484,0 -4.3731412,53.1396671,0 -4.3729096,53.1397839,0</coordinates></LineString></Placemark>
<Placemark><name>214 deg</name><LineString><coordinates>-4.3711888,53.1402362,0 -4.3717405,53.1397016,0 -4.3716919,53.1398881,0 -4.3717405,53.1397016,0 -4.3714842,53.1398106,0</coordinates></LineString></Placemark>
<Placemark><name>218 deg</name><LineString><coordinates>-4.3696952,53.1402660,0 -4.3703058,53.1397605,0 -4.3702352,53.1399431,0 -4.3703058,53.1397605,0 -4.3700388,53.1398573,0</coordinates></LineString></Placemark>
<Placemark><name>204 deg</name><LineString><coordinates>-4.3682016,53.1402957,0 -4.3685931,53.1397189,0 -4.3685970,53.1399058,0 -4.3685931,53.1397189,0 -4.3683728,53.1398508,0</coordinates></LineString></Placemark>
<Placemark><name>179 deg</name><LineString><coordinates>-4.3667080,53.1403254,0 -4.3666537,53.1397380,0 -4.3667828,53.1398965,0 -4.3666537,53.1397380,0 -4.3665546,53.1399041,0</coordinates></LineString></Placemark>
<Placemark><name>169 deg</name><LineString><coordinates>-4.3652143,53.1403551,0 -4.3650122,53.1398034,0 -4.3651752,53.1399417,0 -4.3650122,53.1398034,0 -4.3649609,53.1399701,0</coordinates></LineString></Placemark>
<Placemark><name>164 deg</name><LineString><coordinates>-4.3637207,53.1403848,0 -4.3634375,53.1398595,0 -4.3636178,53.1399848,0 -4.3634375,53.1398595,0 -4.3634137,53.1400246,0</coordinates></LineString></Placemark>
<Placemark><name>163 deg</name><LineString><coordinates>-4.3622271,53.1404145,0 -4.3619316,53.1399054,0 -4.3621121,53.1400253,0 -4.3619316,53.1399054,0 -4.3619143,53.1400668,0</coordinates></LineString></Placemark>
<Placemark><name>167 deg</name><LineString><coordinates>-4.3607335,53.1404441,0 -4.3605088,53.1399368,0 -4.3606694,53.1400612,0 -4.3605088,53.1399368,0 -4.3604723,53.1400928,0</coordinates></LineString></Placemark>
<Placemark><name>175 deg</name><LineString><coordinates>-4.3592399,53.1404737,0 -4.3591305,53.1399565,0 -4.3592612,53.1400917,0 -4.3591305,53.1399565,0 -4.3590602,53.1401071,0</coordinates></LineString></Placemark>
<Placemark><name>178 deg</name><LineString><coordinates>-4.3577462,53.1405033,0 -4.3576803,53.1399852,0 -4.3577992,53.1401237,0 -4.3576803,53.1399852,0 -4.3575978,53.1401330,0</coordinates></LineString></Placemark>
<Placemark><name>180 deg</name><LineString><coordinates>-4.3562526,53.1405329,0 -4.3562300,53.1400295,0 -4.3563341,53.1401670,0 -4.3562300,53.1400295,0 -4.3561384,53.1401702,0</coordinates></LineString></Placemark>
<Placemark><name>187 deg</name><LineString><coordinates>-4.3547590,53.1405625,0 -4.3548286,53.1401040,0 -4.3548984,53.1402355,0 -4.3548286,53.1401040,0 -4.3547203,53.1402258,0</coordinates></LineString></Placemark>
<Placemark><name>191 deg</name><LineString><coordinates>-4.3532653,53.1405920,0 -4.3533489,53.1402810,0 -4.3533863,53.1403728,0 -4.3533489,53.1402810,0 -4.3532654,53.1403611,0</coordinates></LineString></Placemark>
<Placemark><name>129 deg</name><LineString><coordinates>-4.3517717,53.1406215,0 -4.3512503,53.1403875,0 -4.3514398,53.1404156,0 -4.3512503,53.1403875,0 -4.3513489,53.1404888,0</coordinates></LineString></Placemark>
<Placemark><name>133 deg</name><LineString><coordinates>-4.3502781,53.1406510,0 -4.3496606,53.1403240,0 -4.3498948,53.1403710,0 -4.3496606,53.1403240,0 -4.3497677,53.1404578,0</coordinates></LineString></Placemark>
<Placemark><name>134 deg</name><LineString><coordinates>-4.3487844,53.1406805,0 -4.3481273,53.1403256,0 -4.3483778,53.1403775,0 -4.3481273,53.1403256,0 -4.3482399,53.1404698,0</coordinates></LineString></Placemark>
<Placemark><name>131 deg</name><LineString><coordinates>-4.3472908,53.1407100,0 -4.3465868,53.1403624,0 -4.3468489,53.1404090,0 -4.3465868,53.1403624,0 -4.3467138,53.1405079,0</coordinates></LineString></Placemark>
<Placemark><name>128 deg</name><LineString><coordinates>-4.3457971,53.1407394,0 -4.3450499,53.1404143,0 -4.3453195,53.1404516,0 -4.3450499,53.1404143,0 -4.3451932,53.1405566,0</coordinates></LineString></Placemark>
<Placemark><name>125 deg</name><LineString><coordinates>-4.3443035,53.1407689,0 -4.3435297,53.1404683,0 -4.3438019,53.1404970,0 -4.3435297,53.1404683,0 -4.3436851,53.1406057,0</coordinates></LineString></Placemark>
<Placemark><name>123 deg</name><LineString><coordinates>-4.3428098,53.1407983,0 -4.3420341,53.1405171,0 -4.3423031,53.1405403,0 -4.3420341,53.1405171,0 -4.3421938,53.1406493,0</coordinates></LineString></Placemark>
<Placemark><name>218 deg</name><LineString><coordinates>-4.3741264,53.1392786,0 -4.3747299,53.1387878,0 -4.3746585,53.1389658,0 -4.3747299,53.1387878,0 -4.3744678,53.1388810,0</coordinates></LineString></Placemark>
<Placemark><name>211 deg</name><LineString><coordinates>-4.3726329,53.1393084,0 -4.3731250,53.1387818,0 -4.3730913,53.1389619,0 -4.3731250,53.1387818,0 -4.3728867,53.1388927,0</coordinates></LineString></Placemark>
<Placemark><name>220 deg</name><LineString><coordinates>-4.3711393,53.1393381,0 -4.3717583,53.1388690,0 -4.3716784,53.1390421,0 -4.3717583,53.1388690,0 -4.3714961,53.1389551,0</coordinates></LineString></Placemark>
<Placemark><name>216 deg</name><LineString><coordinates>-4.3696457,53.1393679,0 -4.3702237,53.1388631,0 -4.3701621,53.1390432,0 -4.3702237,53.1388631,0 -4.3699660,53.1389620,0</coordinates></LineString></Placemark>
<Placemark><name>205 deg</name><LineString><coordinates>-4.3681521,53.1393976,0 -4.3685485,53.1388372,0 -4.3685479,53.1390199,0 -4.3685485,53.1388372,0 -4.3683301,53.1389642,0</coordinates></LineString></Placemark>
<Placemark><name>192 deg</name><LineString><coordinates>-4.3666586,53.1394273,0 -4.3668295,53.1388448,0 -4.3668954,53.1390178,0 -4.3668295,53.1388448,0 -4.3666691,53.1389938,0</coordinates></LineString></Placemark>
<Placemark><name>180 deg</name><LineString><coordinates>-4.3651650,53.1394570,0 -4.3651257,53.1388909,0 -4.3652465,53.1390445,0 -4.3651257,53.1388909,0 -4.3650265,53.1390501,0</coordinates></LineString></Placemark>
<Placemark><name>172 deg</name><LineString><coordinates>-4.3636714,53.1394867,0 -4.3635065,53.1389425,0 -4.3636578,53.1390813,0 -4.3635065,53.1389425,0 -4.3634464,53.1391044,0</coordinates></LineString></Placemark>
<Placemark><name>170 deg</name><LineString><coordinates>-4.3621778,53.1395163,0 -4.3619871,53.1389907,0 -4.3621419,53.1391225,0 -4.3619871,53.1389907,0 -4.3619377,53.1391493,0</coordinates></LineString></Placemark>
<Placemark><name>171 deg</name><LineString><coordinates>-4.3606842,53.1395460,0 -4.3605197,53.1390295,0 -4.3606655,53.1391607,0 -4.3605197,53.1390295,0 -4.3604648,53.1391838,0</coordinates></LineString></Placemark>
<Placemark><name>175 deg</name><LineString><coordinates>-4.3591906,53.1395756,0 -4.3590874,53.1390596,0 -4.3592161,53.1391949,0 -4.3590874,53.1390596,0 -4.3590156,53.1392094,0</coordinates></LineString></Placemark>
<Placemark><name>180 deg</name><LineString><coordinates>-4.3576970,53.1396052,0 -4.3576662,53.1390875,0 -4.3577753,53.1392284,0 -4.3576662,53.1390875,0 -4.3575742,53.1392327,0</coordinates></LineString></Placemark>
<Placemark><name>188 deg</name><LineString><coordinates>-4.3562034,53.1396348,0 -4.3562991,53.1391213,0 -4.3563724,53.1392699,0 -4.3562991,53.1391213,0 -4.3561729,53.1392564,0</coordinates></LineString></Placemark>
<Placemark><name>206 deg</name><LineString><coordinates>-4.3547098,53.1396643,0 -4.3550654,53.1391974,0 -4.3550579,53.1393514,0 -4.3550654,53.1391974,0 -4.3548764,53.1393014,0</coordinates></LineString></Placemark>
<Placemark><name>240 deg</name><LineString><coordinates>-4.3532162,53.1396939,0 -4.3538852,53.1394452,0 -4.3537486,53.1395609,0 -4.3538852,53.1394452,0 -4.3536520,53.1394669,0</coordinates></LineString></Placemark>
<Placemark><name>110 deg</name><LineString><coordinates>-4.3517226,53.1397234,0 -4.3509473,53.1395712,0 -4.3511911,53.1395588,0 -4.3509473,53.1395712,0 -4.3511320,53.1396677,0</coordinates></LineString></Placemark>
<Placemark><name>127 deg</name><LineString><coordinates>-4.3502290,53.1397529,0 -4.3495112,53.1394454,0 -4.3497693,53.1394799,0 -4.3495112,53.1394454,0 -4.3496498,53.1395808,0</coordinates></LineString></Placemark>
<Placemark><name>131 deg</name><LineString><coordinates>-4.3487354,53.1397824,0 -4.3480341,53.1394450,0 -4.3482934,53.1394890,0 -4.3480341,53.1394450,0 -4.3481623,53.1395875,0</coordinates></LineString></Placemark>
<Placemark><name>129 deg</name><LineString><coordinates>-4.3472418,53.1398119,0 -4.3465203,53.1394802,0 -4.3467841,53.1395212,0 -4.3465203,53.1394802,0 -4.3466552,53.1396225,0</coordinates></LineString></Placemark>
<Placemark><name>127 deg</name><LineString><coordinates>-4.3457482,53.1398413,0 -4.3449984,53.1395286,0 -4.3452663,53.1395624,0 -4.3449984,53.1395286,0 -4.3451448,53.1396677,0</coordinates></LineString></Placemark>
<Placemark><name>124 deg</name><LineString><coordinates>-4.3442545,53.1398707,0 -4.3434886,53.1395762,0 -4.3437575,53.1396038,0 -4.3434886,53.1395762,0 -4.3436430,53.1397114,0</coordinates></LineString></Placemark>
<Placemark><name>220 deg</name><LineString><coordinates>-4.3725834,53.1384102,0 -4.3731892,53.1379441,0 -4.3731123,53.1381154,0 -4.3731892,53.1379441,0 -4.3729312,53.1380303,0</coordinates></LineString></Placemark>
<Placemark><name>219 deg</name><LineString><coordinates>-4.3710898,53.1384400,0 -4.3716882,53.1379683,0 -4.3716145,53.1381407,0 -4.3716882,53.1379683,0 -4.3714312,53.1380566,0</coordinates></LineString></Placemark>
<Placemark><name>216 deg</name><LineString><coordinates>-4.3695963,53.1384697,0 -4.3701473,53.1379730,0 -4.3700916,53.1381490,0 -4.3701473,53.1379730,0 -4.3698986,53.1380715,0</coordinates></LineString></Placemark>
<Placemark><name>208 deg</name><LineString><coordinates>-4.3681027,53.1384995,0 -4.3685319,53.1379644,0 -4.3685173,53.1381424,0 -4.3685319,53.1379644,0 -4.3683094,53.1380821,0</coordinates></LineString></Placemark>
<Placemark><name>198 deg</name><LineString><coordinates>-4.3666092,53.1385292,0 -4.3668811,53.1379687,0 -4.3669148,53.1381427,0 -4.3668811,53.1379687,0 -4.3666971,53.1381045,0</coordinates></LineString></Placemark>
<Placemark><name>188 deg</name><LineString><coordinates>-4.3651156,53.1385589,0 -4.3652194,53.1379923,0 -4.3653008,53.1381562,0 -4.3652194,53.1379923,0 -4.3650806,53.1381416,0</coordinates></LineString></Placemark>
<Placemark><name>181 deg</name><LineString><coordinates>-4.3636221,53.1385885,0 -4.3635999,53.1380366,0 -4.3637132,53.1381876,0 -4.3635999,53.1380366,0 -4.3634988,53.1381907,0</coordinates></LineString></Placemark>
<Placemark><name>177 deg</name><LineString><coordinates>-4.3621285,53.1386182,0 -4.3620499,53.1380839,0 -4.3621754,53.1382260,0 -4.3620499,53.1380839,0 -4.3619678,53.1382371,0</coordinates></LineString></Placemark>
<Placemark><name>175 deg</name><LineString><coordinates>-4.3606349,53.1386478,0 -4.3605346,53.1381261,0 -4.3606637,53.1382632,0 -4.3605346,53.1381261,0 -4.3604610,53.1382773,0</coordinates></LineString></Placemark>
<Placemark><name>176 deg</name><LineString><coordinates>-4.3591414,53.1386775,0 -4.3590575,53.1381606,0 -4.3591811,53.1382975,0 -4.3590575,53.1381606,0 -4.3589802,53.1383093,0</coordinates></LineString></Placemark>
<Placemark><name>179 deg</name><LineString><coordinates>-4.3576478,53.1387071,0 -4.3575983,53.1381880,0 -4.3577129,53.1383280,0 -4.3575983,53.1381880,0 -4.3575112,53.1383349,0</coordinates></LineString></Placemark>
<Placemark><name>183 deg</name><LineString><coordinates>-4.3561542,53.1387366,0 -4.3561736,53.1382056,0 -4.3562714,53.1383537,0 -4.3561736,53.1382056,0 -4.3560651,53.1383510,0</coordinates></LineString></Placemark>
<Placemark><name>195 deg</name><LineString><coordinates>-4.3546607,53.1387662,0 -4.3548736,53.1382178,0 -4.3549213,53.1383843,0 -4.3548736,53.1382178,0 -4.3547082,53.1383544,0</coordinates></LineString></Placemark>
<Placemark><name>203 deg</name><LineString><coordinates>-4.3531671,53.1387957,0 -4.3535129,53.1382439,0 -4.3535246,53.1384207,0 -4.3535129,53.1382439,0 -4.3533102,53.1383721,0</coordinates></LineString></Placemark>
<Placemark><name>158 deg</name><LineString><coordinates>-4.3516735,53.1388253,0 -4.3512910,53.1382980,0 -4.3514991,53.1384168,0 -4.3512910,53.1382980,0 -4.3512943,53.1384705,0</coordinates></LineString></Placemark>
<Placemark><name>141 deg</name><LineString><coordinates>-4.3501799,53.1388548,0 -4.3495789,53.1384375,0 -4.3498260,53.1385106,0 -4.3495789,53.1384375,0 -4.3496639,53.1385950,0</coordinates></LineString></Placemark>
<Placemark><name>135 deg</name><LineString><coordinates>-4.3486864,53.1388843,0 -4.3480230,53.1385141,0 -4.3482782,53.1385698,0 -4.3480230,53.1385141,0 -4.3481344,53.1386630,0</coordinates></LineString></Placemark>
<Placemark><name>130 deg</name><LineString><coordinates>-4.3471928,53.1389137,0 -4.3464838,53.1385796,0 -4.3467446,53.1386221,0 -4.3464838,53.1385796,0 -4.3466148,53.1387217,0</coordinates></LineString></Placemark>
<Placemark><name>221 deg</name><LineString><coordinates>-4.3710403,53.1375419,0 -4.3716484,53.1370931,0 -4.3715675,53.1372598,0 -4.3716484,53.1370931,0 -4.3713932,53.1371744,0</coordinates></LineString></Placemark>
<Placemark><name>217 deg</name><LineString><coordinates>-4.3695468,53.1375716,0 -4.3701042,53.1370961,0 -4.3700426,53.1372666,0 -4.3701042,53.1370961,0 -4.3698578,53.1371883,0</coordinates></LineString></Placemark>
<Placemark><name>211 deg</name><LineString><coordinates>-4.3680533,53.1376013,0 -4.3685173,53.1370945,0 -4.3684875,53.1372671,0 -4.3685173,53.1370945,0 -4.3682906,53.1372019,0</coordinates></LineString></Placemark>
<Placemark><name>203 deg</name><LineString><coordinates>-4.3665598,53.1376311,0 -4.3669010,53.1370988,0 -4.3669101,53.1372698,0 -4.3669010,53.1370988,0 -4.3667033,53.1372219,0</coordinates></LineString></Placemark>
<Placemark><name>195 deg</name><LineString><coordinates>-4.3650663,53.1376607,0 -4.3652771,53.1371167,0 -4.3653245,53.1372818,0 -4.3652771,53.1371167,0 -4.3651131,53.1372522,0</coordinates></LineString></Placemark>
<Placemark><name>188 deg</name><LineString><coordinates>-4.3635727,53.1376904,0 -4.3636718,53.1371490,0 -4.3637496,53.1373056,0 -4.3636718,53.1371490,0 -4.3635393,53.1372916,0</coordinates></LineString></Placemark>
<Placemark><name>183 deg</name><LineString><coordinates>-4.3620792,53.1377201,0 -4.3620994,53.1371886,0 -4.3621971,53.1373369,0 -4.3620994,53.1371886,0 -4.3619906,53.1373340,0</coordinates></LineString></Placemark>
<Placemark><name>180 deg</name><LineString><coordinates>-4.3605857,53.1377497,0 -4.3605539,53.1372292,0 -4.3606638,53.1373708,0 -4.3605539,53.1372292,0 -4.3604615,53.1373753,0</coordinates></LineString></Placemark>
<Placemark><name>178 deg</name><LineString><coordinates>-4.3590921,53.1377793,0 -4.3590330,53.1372666,0 -4.3591489,53.1374041,0 -4.3590330,53.1372666,0 -4.3589497,53.1374124,0</coordinates></LineString></Placemark>
<Placemark><name>176 deg</name><LineString><coordinates>-4.3575986,53.1378089,0 -4.3575186,53.1372989,0 -4.3576398,53.1374342,0 -4.3575186,53.1372989,0 -4.3574416,53.1374455,0</coordinates></LineString></Placemark>
<Placemark><name>174 deg</name><LineString><coordinates>-4.3561051,53.1378385,0 -4.3559908,53.1373271,0 -4.3561217,53.1374603,0 -4.3559908,53.1373271,0 -4.3559230,53.1374764,0</coordinates></LineString></Placemark>
<Placemark><name>173 deg</name><LineString><coordinates>-4.3546115,53.1378681,0 -4.3544779,53.1373623,0 -4.3546131,53.1374927,0 -4.3544779,53.1373623,0 -4.3544166,53.1375114,0</coordinates></LineString></Placemark>
<Placemark><name>201 deg</name><LineString><coordinates>-4.3531180,53.1378976,0 -4.3534217,53.1373713,0 -4.3534400,53.1375380,0 -4.3534217,53.1373713,0 -4.3532355,53.1374954,0</coordinates></LineString></Placemark>
<Placemark><name>174 deg</name><LineString><coordinates>-4.3516244,53.1379271,0 -4.3514997,53.1373774,0 -4.3516410,53.1375205,0 -4.3514997,53.1373774,0 -4.3514274,53.1375381,0</coordinates></LineString></Placemark>
<Placemark><name>153 deg</name><LineString><coordinates>-4.3501309,53.1379566,0 -4.3497002,53.1374787,0 -4.3499121,53.1375805,0 -4.3497002,53.1374787,0 -4.3497264,53.1376410,0</coordinates></LineString></Placemark>
<Placemark><name>141 deg</name><LineString><coordinates>-4.3486373,53.1379861,0 -4.3480533,53.1375822,0 -4.3482931,53.1376528,0 -4.3480533,53.1375822,0 -4.3481362,53.1377348,0</coordinates></LineString></Placemark>
<Placemark><name>220 deg</name><LineString><coordinates>-4.3694974,53.1366735,0 -4.3700796,53.1362321,0 -4.3700044,53.1363950,0 -4.3700796,53.1362321,0 -4.3698330,53.1363132,0</coordinates></LineString></Placemark>
<Placemark><name>215 deg</name><LineString><coordinates>-4.3680039,53.1367032,0 -4.3685079,53.1362306,0 -4.3684605,53.1363966,0 -4.3685079,53.1362306,0 -4.3682768,53.1363258,0</coordinates></LineString></Placemark>
<Placemark><name>208 deg</name><LineString><coordinates>-4.3665104,53.1367329,0 -4.3669135,53.1362337,0 -4.3668991,53.1363999,0 -4.3669135,53.1362337,0 -4.3667051,53.1363433,0</coordinates></LineString></Placemark>
<Placemark><name>201 deg</name><LineString><coordinates>-4.3650169,53.1367626,0 -4.3653133,53.1362475,0 -4.3653315,53.1364106,0 -4.3653133,53.1362475,0 -4.3651313,53.1363690,0</coordinates></LineString></Placemark>
<Placemark><name>195 deg</name><LineString><coordinates>-4.3635234,53.1367923,0 -4.3637185,53.1362720,0 -4.3637657,53.1364295,0 -4.3637185,53.1362720,0 -4.3635635,53.1364021,0</coordinates></LineString></Placemark>
<Placemark><name>189 deg</name><LineString><coordinates>-4.3620299,53.1368219,0 -4.3621379,53.1363044,0 -4.3622086,53.1364550,0 -4.3621379,53.1363044,0 -4.3620075,53.1364398,0</coordinates></LineString></Placemark>
<Placemark><name>184 deg</name><LineString><coordinates>-4.3605364,53.1368516,0 -4.3605742,53.1363407,0 -4.3606630,53.1364845,0 -4.3605742,53.1363407,0 -4.3604645,53.1364792,0</coordinates></LineString></Placemark>
<Placemark><name>181 deg</name><LineString><coordinates>-4.3590429,53.1368812,0 -4.3590258,53.1363779,0 -4.3591283,53.1365158,0 -4.3590258,53.1363779,0 -4.3589327,53.1365182,0</coordinates></LineString></Placemark>
<Placemark><name>178 deg</name><LineString><coordinates>-4.3575494,53.1369108,0 -4.3574875,53.1364149,0 -4.3576010,53.1365476,0 -4.3574875,53.1364149,0 -4.3574083,53.1365563,0</coordinates></LineString></Placemark>
<Placemark><name>176 deg</name><LineString><coordinates>-4.3560559,53.1369404,0 -4.3559703,53.1364531,0 -4.3560886,53.1365817,0 -4.3559703,53.1364531,0 -4.3558993,53.1365937,0</coordinates></LineString></Placemark>
<Placemark><name>183 deg</name><LineString><coordinates>-4.3545624,53.1369699,0 -4.3545797,53.1364890,0 -4.3546684,53.1366231,0 -4.3545797,53.1364890,0 -4.3544815,53.1366207,0</coordinates></LineString></Placemark>
<Placemark><name>189 deg</name><LineString><coordinates>-4.3530689,53.1369995,0 -4.3531749,53.1364978,0 -4.3532431,53.1366439,0 -4.3531749,53.1364978,0 -4.3530482,53.1366290,0</coordinates></LineString></Placemark>
<Placemark><name>175 deg</name><LineString><coordinates>-4.3515754,53.1370290,0 -4.3514709,53.1365119,0 -4.3516002,53.1366474,0 -4.3514709,53.1365119,0 -4.3513993,53.1366621,0</coordinates></LineString></Placemark>
<Placemark><name>218 deg</name><LineString><coordinates>-4.3679545,53.1358051,0 -4.3684907,53.1353697,0 -4.3684271,53.1355276,0 -4.3684907,53.1353697,0 -4.3682579,53.1354523,0</coordinates></LineString></Placemark>
<Placemark><name>213 deg</name><LineString><coordinates>-4.3664610,53.1358348,0 -4.3669181,53.1353717,0 -4.3668818,53.1355317,0 -4.3669181,53.1353717,0 -4.3667018,53.1354675,0</coordinates></LineString></Placemark>
<Placemark><name>207 deg</name><LineString><coordinates>-4.3649675,53.1358645,0 -4.3653376,53.1353832,0 -4.3653288,53.1355422,0 -4.3653376,53.1353832,0 -4.3651418,53.1354902,0</coordinates></LineString></Placemark>
<Placemark><name>201 deg</name><LineString><coordinates>-4.3634741,53.1358942,0 -4.3637518,53.1354021,0 -4.3637706,53.1355575,0 -4.3637518,53.1354021,0 -4.3635794,53.1355185,0</coordinates></LineString></Placemark>
<Placemark><name>195 deg</name><LineString><coordinates>-4.3619806,53.1359238,0 -4.3621685,53.1354278,0 -4.3622130,53.1355781,0 -4.3621685,53.1354278,0 -4.3620203,53.1355517,0</coordinates></LineString></Placemark>
<Placemark><name>189 deg</name><LineString><coordinates>-4.3604872,53.1359534,0 -4.3605943,53.1354589,0 -4.3606607,53.1356031,0 -4.3605943,53.1354589,0 -4.3604686,53.1355881,0</coordinates></LineString></Placemark>
<Placemark><name>185 deg</name><LineString><coordinates>-4.3589937,53.1359831,0 -4.3590328,53.1354936,0 -4.3591170,53.1356316,0 -4.3590328,53.1354936,0 -4.3589269,53.1356261,0</coordinates></LineString></Placemark>
<Placemark><name>181 deg</name><LineString><coordinates>-4.3575002,53.1360127,0 -4.3574882,53.1355302,0 -4.3575852,53.1356627,0 -4.3574882,53.1355302,0 -4.3573978,53.1356644,0</coordinates></LineString></Placemark>
<Placemark><name>180 deg</name><LineString><coordinates>-4.3560067,53.1360422,0 -4.3559742,53.1355669,0 -4.3560755,53.1356960,0 -4.3559742,53.1355669,0 -4.3558909,53.1357006,0</coordinates></LineString></Placemark>
<Placemark><name>181 deg</name><LineString><coordinates>-4.3545133,53.1360718,0 -4.3545027,53.1355979,0 -4.3545977,53.1357281,0 -4.3545027,53.1355979,0 -4.3544136,53.1357296,0</coordinates></LineString></Placemark>
<Placemark><name>180 deg</name><LineString><coordinates>-4.3530198,53.1361013,0 -4.3529970,53.1356183,0 -4.3530971,53.1357502,0 -4.3529970,53.1356183,0 -4.3529095,53.1357534,0</coordinates></LineString></Placemark>
<Placemark><name>218 deg</name><LineString><coordinates>-4.3664116,53.1349367,0 -4.3669194,53.1345141,0 -4.3668612,53.1346665,0 -4.3669194,53.1345141,0 -4.3666970,53.1345952,0</coordinates></LineString></Placemark>
<Placemark><name>213 deg</name><LineString><coordinates>-4.3649182,53.1349664,0 -4.3653554,53.1345240,0 -4.3653205,53.1346770,0 -4.3653554,53.1345240,0 -4.3651487,53.1346155,0</coordinates></LineString></Placemark>
<Placemark><name>207 deg</name><LineString><coordinates>-4.3634248,53.1349960,0 -4.3637769,53.1345381,0 -4.3637686,53.1346894,0 -4.3637769,53.1345381,0 -4.3635907,53.1346399,0</coordinates></LineString></Placemark>
<Placemark><name>200 deg</name><LineString><coordinates>-4.3619313,53.1350257,0 -4.3621924,53.1345574,0 -4.3622113,53.1347051,0 -4.3621924,53.1345574,0 -4.3620293,53.1346684,0</coordinates></LineString></Placemark>
<Placemark><name>194 deg</name><LineString><coordinates>-4.3604379,53.1350553,0 -4.3606117,53.1345826,0 -4.3606555,53.1347254,0 -4.3606117,53.1345826,0 -4.3604718,53.1347010,0</coordinates></LineString></Placemark>
<Placemark><name>189 deg</name><LineString><coordinates>-4.3589445,53.1350849,0 -4.3590418,53.1346129,0 -4.3591066,53.1347502,0 -4.3590418,53.1346129,0 -4.3589232,53.1347365,0</coordinates></LineString></Placemark>
<Placemark><name>185 deg</name><LineString><coordinates>-4.3574510,53.1351145,0 -4.3574885,53.1346466,0 -4.3575690,53.1347785,0 -4.3574885,53.1346466,0 -4.3573872,53.1347732,0</coordinates></LineString></Placemark>
<Placemark><name>182 deg</name><LineString><coordinates>-4.3559576,53.1351441,0 -4.3559563,53.1346807,0 -4.3560467,53.1348087,0 -4.3559563,53.1346807,0 -4.3558666,53.1348089,0</coordinates></LineString></Placemark>
<Placemark><name>180 deg</name><LineString><coordinates>-4.3544641,53.1351737,0 -4.3544368,53.1347118,0 -4.3545341,53.1348375,0 -4.3544368,53.1347118,0 -4.3543547,53.1348414,0</coordinates></LineString></Placemark>
<Placemark><name>213 deg</name><LineString><coordinates>-4.3633754,53.1340979,0 -4.3637944,53.1336788,0 -4.3637600,53.1338240,0 -4.3637944,53.1336788,0 -4.3635972,53.1337652,0</coordinates></LineString></Placemark>
<Placemark><name>206 deg</name><LineString><coordinates>-4.3618820,53.1341275,0 -4.3622082,53.1336913,0 -4.3622029,53.1338348,0 -4.3622082,53.1336913,0 -4.3620334,53.1337889,0</coordinates></LineString></Placemark>
<Placemark><name>199 deg</name><LineString><coordinates>-4.3603886,53.1341572,0 -4.3606230,53.1337102,0 -4.3606450,53.1338502,0 -4.3606230,53.1337102,0 -4.3604714,53.1338172,0</coordinates></LineString></Placemark>
<Placemark><name>193 deg</name><LineString><coordinates>-4.3588952,53.1341868,0 -4.3590457,53.1337354,0 -4.3590918,53.1338707,0 -4.3590457,53.1337354,0 -4.3589165,53.1338495,0</coordinates></LineString></Placemark>
<Placemark><name>188 deg</name><LineString><coordinates>-4.3574018,53.1342164,0 -4.3574816,53.1337651,0 -4.3575472,53.1338954,0 -4.3574816,53.1337651,0 -4.3573719,53.1338842,0</coordinates></LineString></Placemark>
<Placemark><name>184 deg</name><LineString><coordinates>-4.3559084,53.1342460,0 -4.3559315,53.1337968,0 -4.3560124,53.1339226,0 -4.3559315,53.1337968,0 -4.3558379,53.1339193,0</coordinates></LineString></Placemark>
<Placemark><name>211 deg</name><LineString><coordinates>-4.3618328,53.1332294,0 -4.3622137,53.1328254,0 -4.3621869,53.1329638,0 -4.3622137,53.1328254,0 -4.3620299,53.1329103,0</coordinates></LineString></Placemark>
<Placemark><name>204 deg</name><LineString><coordinates>-4.3603394,53.1332590,0 -4.3606270,53.1328394,0 -4.3606290,53.1329755,0 -4.3606270,53.1328394,0 -4.3604660,53.1329351,0</coordinates></LineString></Placemark>
<Placemark><name>197 deg</name><LineString><coordinates>-4.3588460,53.1332887,0 -4.3590439,53.1328599,0 -4.3590725,53.1329923,0 -4.3590439,53.1328599,0 -4.3589060,53.1329645,0</coordinates></LineString></Placemark>
<Placemark><name>210 deg</name><LineString><coordinates>-4.3602901,53.1323609,0 -4.3606366,53.1319688,0 -4.3606170,53.1321015,0 -4.3606366,53.1319688,0 -4.3604647,53.1320528,0</coordinates></LineString></Placemark>
</Document></kml>
