<?xml version="1.0" encoding="UTF-8"?>
<kml xmlns="http://www.opengis.net/kml/2.2"><Document><name>Groundwater flow arrows, mean state (Script 49)</name>
<Placemark><name>113 deg</name><LineString><coordinates>-4.3606197,53.1656214,0 -4.3597083,53.1654108,0 -4.3600010,53.1654050,0 -4.3597083,53.1654108,0 -4.3599192,53.1655330,0</coordinates></LineString></Placemark>
<Placemark><name>113 deg</name><LineString><coordinates>-4.3620648,53.1646936,0 -4.3611437,53.1644760,0 -4.3614405,53.1644714,0 -4.3611437,53.1644760,0 -4.3613559,53.1646008,0</coordinates></LineString></Placemark>
<Placemark><name>115 deg</name><LineString><coordinates>-4.3605703,53.1647232,0 -4.3596684,53.1644920,0 -4.3599626,53.1644926,0 -4.3596684,53.1644920,0 -4.3598727,53.1646192,0</coordinates></LineString></Placemark>
<Placemark><name>116 deg</name><LineString><coordinates>-4.3590759,53.1647529,0 -4.3581927,53.1645107,0 -4.3584838,53.1645156,0 -4.3581927,53.1645107,0 -4.3583897,53.1646397,0</coordinates></LineString></Placemark>
<Placemark><name>115 deg</name><LineString><coordinates>-4.3620155,53.1637955,0 -4.3611035,53.1635572,0 -4.3614018,53.1635590,0 -4.3611035,53.1635572,0 -4.3613092,53.1636871,0</coordinates></LineString></Placemark>
<Placemark><name>117 deg</name><LineString><coordinates>-4.3605210,53.1638251,0 -4.3596305,53.1635734,0 -4.3599255,53.1635805,0 -4.3596305,53.1635734,0 -4.3598277,53.1637055,0</coordinates></LineString></Placemark>
<Placemark><name>118 deg</name><LineString><coordinates>-4.3590266,53.1638547,0 -4.3581567,53.1635930,0 -4.3584479,53.1636043,0 -4.3581567,53.1635930,0 -4.3583462,53.1637264,0</coordinates></LineString></Placemark>
<Placemark><name>120 deg</name><LineString><coordinates>-4.3575322,53.1638843,0 -4.3566806,53.1636165,0 -4.3569680,53.1636307,0 -4.3566806,53.1636165,0 -4.3568638,53.1637503,0</coordinates></LineString></Placemark>
<Placemark><name>115 deg</name><LineString><coordinates>-4.3634605,53.1628677,0 -4.3625354,53.1626259,0 -4.3628380,53.1626278,0 -4.3625354,53.1626259,0 -4.3627441,53.1627577,0</coordinates></LineString></Placemark>
<Placemark><name>117 deg</name><LineString><coordinates>-4.3619661,53.1628973,0 -4.3610646,53.1626393,0 -4.3613638,53.1626473,0 -4.3610646,53.1626393,0 -4.3612635,53.1627739,0</coordinates></LineString></Placemark>
<Placemark><name>119 deg</name><LineString><coordinates>-4.3604717,53.1629270,0 -4.3595946,53.1626553,0 -4.3598898,53.1626688,0 -4.3595946,53.1626553,0 -4.3597841,53.1627919,0</coordinates></LineString></Placemark>
<Placemark><name>121 deg</name><LineString><coordinates>-4.3589773,53.1629566,0 -4.3581234,53.1626754,0 -4.3584140,53.1626931,0 -4.3581234,53.1626754,0 -4.3583047,53.1628131,0</coordinates></LineString></Placemark>
<Placemark><name>122 deg</name><LineString><coordinates>-4.3574829,53.1629862,0 -4.3566484,53.1627009,0 -4.3569345,53.1627212,0 -4.3566484,53.1627009,0 -4.3568236,53.1628384,0</coordinates></LineString></Placemark>
<Placemark><name>113 deg</name><LineString><coordinates>-4.3663999,53.1619102,0 -4.3654394,53.1616858,0 -4.3657484,53.1616804,0 -4.3654394,53.1616858,0 -4.3656612,53.1618152,0</coordinates></LineString></Placemark>
<Placemark><name>115 deg</name><LineString><coordinates>-4.3649055,53.1619399,0 -4.3639650,53.1616987,0 -4.3642717,53.1616993,0 -4.3639650,53.1616987,0 -4.3641780,53.1618314,0</coordinates></LineString></Placemark>
<Placemark><name>117 deg</name><LineString><coordinates>-4.3634112,53.1619695,0 -4.3624938,53.1617107,0 -4.3627976,53.1617178,0 -4.3624938,53.1617107,0 -4.3626970,53.1618467,0</coordinates></LineString></Placemark>
<Placemark><name>119 deg</name><LineString><coordinates>-4.3619168,53.1619992,0 -4.3610261,53.1617230,0 -4.3613259,53.1617368,0 -4.3610261,53.1617230,0 -4.3612185,53.1618619,0</coordinates></LineString></Placemark>
<Placemark><name>121 deg</name><LineString><coordinates>-4.3604224,53.1620288,0 -4.3595605,53.1617376,0 -4.3598553,53.1617576,0 -4.3595605,53.1617376,0 -4.3597421,53.1618786,0</coordinates></LineString></Placemark>
<Placemark><name>123 deg</name><LineString><coordinates>-4.3589280,53.1620585,0 -4.3580936,53.1617575,0 -4.3583827,53.1617821,0 -4.3580936,53.1617575,0 -4.3582657,53.1618993,0</coordinates></LineString></Placemark>
<Placemark><name>124 deg</name><LineString><coordinates>-4.3574337,53.1620881,0 -4.3566206,53.1617854,0 -4.3569041,53.1618120,0 -4.3566206,53.1617854,0 -4.3567864,53.1619261,0</coordinates></LineString></Placemark>
<Placemark><name>123 deg</name><LineString><coordinates>-4.3559393,53.1621177,0 -4.3551377,53.1618221,0 -4.3554166,53.1618475,0 -4.3551377,53.1618221,0 -4.3553017,53.1619600,0</coordinates></LineString></Placemark>
<Placemark><name>113 deg</name><LineString><coordinates>-4.3678448,53.1609823,0 -4.3668734,53.1607558,0 -4.3671859,53.1607502,0 -4.3668734,53.1607558,0 -4.3670978,53.1608866,0</coordinates></LineString></Placemark>
<Placemark><name>115 deg</name><LineString><coordinates>-4.3663505,53.1610120,0 -4.3653954,53.1607728,0 -4.3657058,53.1607719,0 -4.3653954,53.1607728,0 -4.3656128,53.1609060,0</coordinates></LineString></Placemark>
<Placemark><name>116 deg</name><LineString><coordinates>-4.3648561,53.1610417,0 -4.3639204,53.1607876,0 -4.3642284,53.1607921,0 -4.3639204,53.1607876,0 -4.3641296,53.1609235,0</coordinates></LineString></Placemark>
<Placemark><name>118 deg</name><LineString><coordinates>-4.3633618,53.1610714,0 -4.3624506,53.1607995,0 -4.3627552,53.1608106,0 -4.3624506,53.1607995,0 -4.3626495,53.1609386,0</coordinates></LineString></Placemark>
<Placemark><name>121 deg</name><LineString><coordinates>-4.3618675,53.1611011,0 -4.3609868,53.1608096,0 -4.3612868,53.1608283,0 -4.3609868,53.1608096,0 -4.3611735,53.1609520,0</coordinates></LineString></Placemark>
<Placemark><name>123 deg</name><LineString><coordinates>-4.3603731,53.1611307,0 -4.3595278,53.1608210,0 -4.3598216,53.1608472,0 -4.3595278,53.1608210,0 -4.3597012,53.1609659,0</coordinates></LineString></Placemark>
<Placemark><name>125 deg</name><LineString><coordinates>-4.3588788,53.1611603,0 -4.3580686,53.1608389,0 -4.3583549,53.1608708,0 -4.3580686,53.1608389,0 -4.3582300,53.1609846,0</coordinates></LineString></Placemark>
<Placemark><name>126 deg</name><LineString><coordinates>-4.3573844,53.1611899,0 -4.3565998,53.1608691,0 -4.3568789,53.1609026,0 -4.3565998,53.1608691,0 -4.3567542,53.1610128,0</coordinates></LineString></Placemark>
<Placemark><name>125 deg</name><LineString><coordinates>-4.3558901,53.1612195,0 -4.3551123,53.1609147,0 -4.3553865,53.1609443,0 -4.3551123,53.1609147,0 -4.3552680,53.1610535,0</coordinates></LineString></Placemark>
<Placemark><name>122 deg</name><LineString><coordinates>-4.3543957,53.1612491,0 -4.3536076,53.1609707,0 -4.3538795,53.1609923,0 -4.3536076,53.1609707,0 -4.3537713,53.1611030,0</coordinates></LineString></Placemark>
<Placemark><name>114 deg</name><LineString><coordinates>-4.3692896,53.1600545,0 -4.3683138,53.1598181,0 -4.3686294,53.1598149,0 -4.3683138,53.1598181,0 -4.3685375,53.1599519,0</coordinates></LineString></Placemark>
<Placemark><name>115 deg</name><LineString><coordinates>-4.3677953,53.1600842,0 -4.3668316,53.1598423,0 -4.3671450,53.1598415,0 -4.3668316,53.1598423,0 -4.3670509,53.1599768,0</coordinates></LineString></Placemark>
<Placemark><name>115 deg</name><LineString><coordinates>-4.3663010,53.1601139,0 -4.3653504,53.1598648,0 -4.3656615,53.1598669,0 -4.3653504,53.1598648,0 -4.3655646,53.1600004,0</coordinates></LineString></Placemark>
<Placemark><name>117 deg</name><LineString><coordinates>-4.3648067,53.1601436,0 -4.3638730,53.1598829,0 -4.3641817,53.1598894,0 -4.3638730,53.1598829,0 -4.3640803,53.1600205,0</coordinates></LineString></Placemark>
<Placemark><name>119 deg</name><LineString><coordinates>-4.3633124,53.1601733,0 -4.3624030,53.1598950,0 -4.3627084,53.1599080,0 -4.3624030,53.1598950,0 -4.3626002,53.1600357,0</coordinates></LineString></Placemark>
<Placemark><name>122 deg</name><LineString><coordinates>-4.3618181,53.1602030,0 -4.3609436,53.1599015,0 -4.3612438,53.1599234,0 -4.3609436,53.1599015,0 -4.3611266,53.1600462,0</coordinates></LineString></Placemark>
<Placemark><name>125 deg</name><LineString><coordinates>-4.3603238,53.1602326,0 -4.3594948,53.1599068,0 -4.3597872,53.1599386,0 -4.3594948,53.1599068,0 -4.3596606,53.1600550,0</coordinates></LineString></Placemark>
<Placemark><name>128 deg</name><LineString><coordinates>-4.3588295,53.1602622,0 -4.3580500,53.1599191,0 -4.3583321,53.1599592,0 -4.3580500,53.1599191,0 -4.3581987,53.1600686,0</coordinates></LineString></Placemark>
<Placemark><name>129 deg</name><LineString><coordinates>-4.3573352,53.1602918,0 -4.3565920,53.1599498,0 -4.3568638,53.1599921,0 -4.3565920,53.1599498,0 -4.3567309,53.1600965,0</coordinates></LineString></Placemark>
<Placemark><name>127 deg</name><LineString><coordinates>-4.3558409,53.1603214,0 -4.3550965,53.1600107,0 -4.3553626,53.1600443,0 -4.3550965,53.1600107,0 -4.3552418,53.1601488,0</coordinates></LineString></Placemark>
<Placemark><name>121 deg</name><LineString><coordinates>-4.3543465,53.1603510,0 -4.3535654,53.1600938,0 -4.3538312,53.1601100,0 -4.3535654,53.1600938,0 -4.3537313,53.1602197,0</coordinates></LineString></Placemark>
<Placemark><name>116 deg</name><LineString><coordinates>-4.3528522,53.1603805,0 -4.3520356,53.1601652,0 -4.3523031,53.1601674,0 -4.3520356,53.1601652,0 -4.3522194,53.1602820,0</coordinates></LineString></Placemark>
<Placemark><name>102 deg</name><LineString><coordinates>-4.3796999,53.1589477,0 -4.3786042,53.1588305,0 -4.3789298,53.1587859,0 -4.3786042,53.1588305,0 -4.3788842,53.1589398,0</coordinates></LineString></Placemark>
<Placemark><name>106 deg</name><LineString><coordinates>-4.3782057,53.1589776,0 -4.3771294,53.1588154,0 -4.3774583,53.1587846,0 -4.3771294,53.1588154,0 -4.3773953,53.1589358,0</coordinates></LineString></Placemark>
<Placemark><name>112 deg</name><LineString><coordinates>-4.3752172,53.1590372,0 -4.3741889,53.1588112,0 -4.3745170,53.1588015,0 -4.3741889,53.1588112,0 -4.3744291,53.1589459,0</coordinates></LineString></Placemark>
<Placemark><name>114 deg</name><LineString><coordinates>-4.3737229,53.1590670,0 -4.3727179,53.1588219,0 -4.3730433,53.1588190,0 -4.3727179,53.1588219,0 -4.3729480,53.1589602,0</coordinates></LineString></Placemark>
<Placemark><name>115 deg</name><LineString><coordinates>-4.3722287,53.1590968,0 -4.3712433,53.1588409,0 -4.3715653,53.1588424,0 -4.3712433,53.1588409,0 -4.3714658,53.1589808,0</coordinates></LineString></Placemark>
<Placemark><name>116 deg</name><LineString><coordinates>-4.3707344,53.1591266,0 -4.3697635,53.1588673,0 -4.3700822,53.1588708,0 -4.3697635,53.1588673,0 -4.3699814,53.1590071,0</coordinates></LineString></Placemark>
<Placemark><name>116 deg</name><LineString><coordinates>-4.3692401,53.1591563,0 -4.3682789,53.1588989,0 -4.3685946,53.1589026,0 -4.3682789,53.1588989,0 -4.3684945,53.1590376,0</coordinates></LineString></Placemark>
<Placemark><name>116 deg</name><LineString><coordinates>-4.3677459,53.1591861,0 -4.3667912,53.1589325,0 -4.3671043,53.1589355,0 -4.3667912,53.1589325,0 -4.3670057,53.1590696,0</coordinates></LineString></Placemark>
<Placemark><name>116 deg</name><LineString><coordinates>-4.3662516,53.1592158,0 -4.3653036,53.1589638,0 -4.3656146,53.1589668,0 -4.3653036,53.1589638,0 -4.3655166,53.1591000,0</coordinates></LineString></Placemark>
<Placemark><name>116 deg</name><LineString><coordinates>-4.3647573,53.1592455,0 -4.3638204,53.1589882,0 -4.3641293,53.1589935,0 -4.3638204,53.1589882,0 -4.3640293,53.1591251,0</coordinates></LineString></Placemark>
<Placemark><name>118 deg</name><LineString><coordinates>-4.3632631,53.1592752,0 -4.3623473,53.1590021,0 -4.3626534,53.1590132,0 -4.3623473,53.1590021,0 -4.3625472,53.1591418,0</coordinates></LineString></Placemark>
<Placemark><name>122 deg</name><LineString><coordinates>-4.3617688,53.1593048,0 -4.3608912,53.1590038,0 -4.3611922,53.1590254,0 -4.3608912,53.1590038,0 -4.3610752,53.1591486,0</coordinates></LineString></Placemark>
<Placemark><name>126 deg</name><LineString><coordinates>-4.3602745,53.1593345,0 -4.3594569,53.1589985,0 -4.3597481,53.1590340,0 -4.3594569,53.1589985,0 -4.3596176,53.1591488,0</coordinates></LineString></Placemark>
<Placemark><name>131 deg</name><LineString><coordinates>-4.3587802,53.1593641,0 -4.3580380,53.1589993,0 -4.3583140,53.1590480,0 -4.3580380,53.1589993,0 -4.3581722,53.1591522,0</coordinates></LineString></Placemark>
<Placemark><name>134 deg</name><LineString><coordinates>-4.3572859,53.1593937,0 -4.3566107,53.1590236,0 -4.3568692,53.1590784,0 -4.3566107,53.1590236,0 -4.3567253,53.1591733,0</coordinates></LineString></Placemark>
<Placemark><name>129 deg</name><LineString><coordinates>-4.3557917,53.1594233,0 -4.3551047,53.1591114,0 -4.3553551,53.1591494,0 -4.3551047,53.1591114,0 -4.3552339,53.1592458,0</coordinates></LineString></Placemark>
<Placemark><name>114 deg</name><LineString><coordinates>-4.3542974,53.1594528,0 -4.3535099,53.1592606,0 -4.3537649,53.1592584,0 -4.3535099,53.1592606,0 -4.3536901,53.1593690,0</coordinates></LineString></Placemark>
<Placemark><name>107 deg</name><LineString><coordinates>-4.3528031,53.1594824,0 -4.3519582,53.1593493,0 -4.3522175,53.1593267,0 -4.3519582,53.1593493,0 -4.3521658,53.1594454,0</coordinates></LineString></Placemark>
<Placemark><name>106 deg</name><LineString><coordinates>-4.3513088,53.1595119,0 -4.3504398,53.1593821,0 -4.3507052,53.1593569,0 -4.3504398,53.1593821,0 -4.3506547,53.1594789,0</coordinates></LineString></Placemark>
<Placemark><name>102 deg</name><LineString><coordinates>-4.3811444,53.1580197,0 -4.3800304,53.1578972,0 -4.3803620,53.1578528,0 -4.3800304,53.1578972,0 -4.3803144,53.1580093,0</coordinates></LineString></Placemark>
<Placemark><name>107 deg</name><LineString><coordinates>-4.3796502,53.1580496,0 -4.3785578,53.1578751,0 -4.3788936,53.1578466,0 -4.3785578,53.1578751,0 -4.3788258,53.1580000,0</coordinates></LineString></Placemark>
<Placemark><name>111 deg</name><LineString><coordinates>-4.3781560,53.1580794,0 -4.3770909,53.1578626,0 -4.3774273,53.1578477,0 -4.3770909,53.1578626,0 -4.3773431,53.1579973,0</coordinates></LineString></Placemark>
<Placemark><name>114 deg</name><LineString><coordinates>-4.3766618,53.1581093,0 -4.3756270,53.1578586,0 -4.3759617,53.1578552,0 -4.3756270,53.1578586,0 -4.3758642,53.1580005,0</coordinates></LineString></Placemark>
<Placemark><name>116 deg</name><LineString><coordinates>-4.3751676,53.1581391,0 -4.3741635,53.1578631,0 -4.3744946,53.1578688,0 -4.3741635,53.1578631,0 -4.3743873,53.1580099,0</coordinates></LineString></Placemark>
<Placemark><name>118 deg</name><LineString><coordinates>-4.3736734,53.1581689,0 -4.3726968,53.1578772,0 -4.3730233,53.1578893,0 -4.3726968,53.1578772,0 -4.3729099,53.1580264,0</coordinates></LineString></Placemark>
<Placemark><name>119 deg</name><LineString><coordinates>-4.3721791,53.1581987,0 -4.3712234,53.1579019,0 -4.3715452,53.1579168,0 -4.3712234,53.1579019,0 -4.3714298,53.1580510,0</coordinates></LineString></Placemark>
<Placemark><name>119 deg</name><LineString><coordinates>-4.3706849,53.1582285,0 -4.3697411,53.1579369,0 -4.3700585,53.1579512,0 -4.3697411,53.1579369,0 -4.3699452,53.1580838,0</coordinates></LineString></Placemark>
<Placemark><name>118 deg</name><LineString><coordinates>-4.3691907,53.1582582,0 -4.3682500,53.1579800,0 -4.3685640,53.1579908,0 -4.3682500,53.1579800,0 -4.3684558,53.1581230,0</coordinates></LineString></Placemark>
<Placemark><name>117 deg</name><LineString><coordinates>-4.3676964,53.1582880,0 -4.3667530,53.1580271,0 -4.3670644,53.1580329,0 -4.3667530,53.1580271,0 -4.3669630,53.1581654,0</coordinates></LineString></Placemark>
<Placemark><name>115 deg</name><LineString><coordinates>-4.3662022,53.1583177,0 -4.3652549,53.1580722,0 -4.3655643,53.1580735,0 -4.3652549,53.1580722,0 -4.3654689,53.1582065,0</coordinates></LineString></Placemark>
<Placemark><name>115 deg</name><LineString><coordinates>-4.3647080,53.1583474,0 -4.3637610,53.1581086,0 -4.3640691,53.1581081,0 -4.3637610,53.1581086,0 -4.3639763,53.1582411,0</coordinates></LineString></Placemark>
<Placemark><name>116 deg</name><LineString><coordinates>-4.3632137,53.1583770,0 -4.3622788,53.1581291,0 -4.3625853,53.1581320,0 -4.3622788,53.1581291,0 -4.3624889,53.1582632,0</coordinates></LineString></Placemark>
<Placemark><name>119 deg</name><LineString><coordinates>-4.3617195,53.1584067,0 -4.3608209,53.1581268,0 -4.3611236,53.1581410,0 -4.3608209,53.1581268,0 -4.3610148,53.1582672,0</coordinates></LineString></Placemark>
<Placemark><name>126 deg</name><LineString><coordinates>-4.3602252,53.1584363,0 -4.3594054,53.1581037,0 -4.3596966,53.1581381,0 -4.3594054,53.1581037,0 -4.3595673,53.1582532,0</coordinates></LineString></Placemark>
<Placemark><name>134 deg</name><LineString><coordinates>-4.3587310,53.1584660,0 -4.3580279,53.1580874,0 -4.3582957,53.1581426,0 -4.3580279,53.1580874,0 -4.3581486,53.1582413,0</coordinates></LineString></Placemark>
<Placemark><name>141 deg</name><LineString><coordinates>-4.3572367,53.1584956,0 -4.3566628,53.1580988,0 -4.3568985,53.1581682,0 -4.3566628,53.1580988,0 -4.3567443,53.1582487,0</coordinates></LineString></Placemark>
<Placemark><name>139 deg</name><LineString><coordinates>-4.3557425,53.1585251,0 -4.3552543,53.1582077,0 -4.3554509,53.1582612,0 -4.3552543,53.1582077,0 -4.3553275,53.1583297,0</coordinates></LineString></Placemark>
<Placemark><name>93 deg</name><LineString><coordinates>-4.3542482,53.1585547,0 -4.3534442,53.1585456,0 -4.3536681,53.1584916,0 -4.3534442,53.1585456,0 -4.3536646,53.1586046,0</coordinates></LineString></Placemark>
<Placemark><name>91 deg</name><LineString><coordinates>-4.3527539,53.1585842,0 -4.3518876,53.1585901,0 -4.3521258,53.1585277,0 -4.3518876,53.1585901,0 -4.3521281,53.1586493,0</coordinates></LineString></Placemark>
<Placemark><name>95 deg</name><LineString><coordinates>-4.3512597,53.1586138,0 -4.3503577,53.1585878,0 -4.3506120,53.1585316,0 -4.3503577,53.1585878,0 -4.3506019,53.1586583,0</coordinates></LineString></Placemark>
<Placemark><name>103 deg</name><LineString><coordinates>-4.3825889,53.1570917,0 -4.3814564,53.1569594,0 -4.3817950,53.1569164,0 -4.3814564,53.1569594,0 -4.3817436,53.1570755,0</coordinates></LineString></Placemark>
<Placemark><name>108 deg</name><LineString><coordinates>-4.3810947,53.1571216,0 -4.3799864,53.1569312,0 -4.3803296,53.1569060,0 -4.3799864,53.1569312,0 -4.3802556,53.1570616,0</coordinates></LineString></Placemark>
<Placemark><name>112 deg</name><LineString><coordinates>-4.3796005,53.1571515,0 -4.3785225,53.1569149,0 -4.3788663,53.1569046,0 -4.3785225,53.1569149,0 -4.3787744,53.1570560,0</coordinates></LineString></Placemark>
<Placemark><name>116 deg</name><LineString><coordinates>-4.3781063,53.1571813,0 -4.3770627,53.1569067,0 -4.3774045,53.1569093,0 -4.3770627,53.1569067,0 -4.3772977,53.1570558,0</coordinates></LineString></Placemark>
<Placemark><name>119 deg</name><LineString><coordinates>-4.3766122,53.1572112,0 -4.3756060,53.1569050,0 -4.3759435,53.1569190,0 -4.3756060,53.1569050,0 -4.3758245,53.1570603,0</coordinates></LineString></Placemark>
<Placemark><name>121 deg</name><LineString><coordinates>-4.3751180,53.1572410,0 -4.3741500,53.1569110,0 -4.3744816,53.1569342,0 -4.3741500,53.1569110,0 -4.3743534,53.1570702,0</coordinates></LineString></Placemark>
<Placemark><name>123 deg</name><LineString><coordinates>-4.3736238,53.1572708,0 -4.3726896,53.1569276,0 -4.3730145,53.1569568,0 -4.3726896,53.1569276,0 -4.3728810,53.1570880,0</coordinates></LineString></Placemark>
<Placemark><name>124 deg</name><LineString><coordinates>-4.3721296,53.1573006,0 -4.3712184,53.1569577,0 -4.3715368,53.1569884,0 -4.3712184,53.1569577,0 -4.3714035,53.1571164,0</coordinates></LineString></Placemark>
<Placemark><name>123 deg</name><LineString><coordinates>-4.3706354,53.1573304,0 -4.3697318,53.1570024,0 -4.3700452,53.1570296,0 -4.3697318,53.1570024,0 -4.3699177,53.1571565,0</coordinates></LineString></Placemark>
<Placemark><name>121 deg</name><LineString><coordinates>-4.3691412,53.1573601,0 -4.3682301,53.1570603,0 -4.3685401,53.1570791,0 -4.3682301,53.1570603,0 -4.3684236,53.1572071,0</coordinates></LineString></Placemark>
<Placemark><name>117 deg</name><LineString><coordinates>-4.3676470,53.1573898,0 -4.3667188,53.1571262,0 -4.3670265,53.1571338,0 -4.3667188,53.1571262,0 -4.3669240,53.1572642,0</coordinates></LineString></Placemark>
<Placemark><name>114 deg</name><LineString><coordinates>-4.3661528,53.1574195,0 -4.3652054,53.1571923,0 -4.3655113,53.1571886,0 -4.3652054,53.1571923,0 -4.3654230,53.1573216,0</coordinates></LineString></Placemark>
<Placemark><name>111 deg</name><LineString><coordinates>-4.3646586,53.1574492,0 -4.3636965,53.1572498,0 -4.3640011,53.1572374,0 -4.3636965,53.1572498,0 -4.3639236,53.1573725,0</coordinates></LineString></Placemark>
<Placemark><name>110 deg</name><LineString><coordinates>-4.3631644,53.1574789,0 -4.3621977,53.1572890,0 -4.3625017,53.1572736,0 -4.3621977,53.1572890,0 -4.3624279,53.1574093,0</coordinates></LineString></Placemark>
<Placemark><name>112 deg</name><LineString><coordinates>-4.3616701,53.1575086,0 -4.3607223,53.1572944,0 -4.3610259,53.1572870,0 -4.3607223,53.1572944,0 -4.3609426,53.1574201,0</coordinates></LineString></Placemark>
<Placemark><name>122 deg</name><LineString><coordinates>-4.3601759,53.1575382,0 -4.3593231,53.1572395,0 -4.3596168,53.1572622,0 -4.3593231,53.1572395,0 -4.3595007,53.1573819,0</coordinates></LineString></Placemark>
<Placemark><name>136 deg</name><LineString><coordinates>-4.3586817,53.1575678,0 -4.3580357,53.1571953,0 -4.3582866,53.1572529,0 -4.3580357,53.1571953,0 -4.3581418,53.1573436,0</coordinates></LineString></Placemark>
<Placemark><name>141 deg</name><LineString><coordinates>-4.3571875,53.1575974,0 -4.3567659,53.1573068,0 -4.3569389,53.1573575,0 -4.3567659,53.1573068,0 -4.3568259,53.1574167,0</coordinates></LineString></Placemark>
<Placemark><name>321 deg</name><LineString><coordinates>-4.3556933,53.1576270,0 -4.3560442,53.1578739,0 -4.3558992,53.1578303,0 -4.3560442,53.1578739,0 -4.3559952,53.1577811,0</coordinates></LineString></Placemark>
<Placemark><name>64 deg</name><LineString><coordinates>-4.3541990,53.1576566,0 -4.3534941,53.1578798,0 -4.3536455,53.1577686,0 -4.3534941,53.1578798,0 -4.3537323,53.1578676,0</coordinates></LineString></Placemark>
<Placemark><name>73 deg</name><LineString><coordinates>-4.3527048,53.1576861,0 -4.3518674,53.1578554,0 -4.3520659,53.1577498,0 -4.3518674,53.1578554,0 -4.3521317,53.1578674,0</coordinates></LineString></Placemark>
<Placemark><name>82 deg</name><LineString><coordinates>-4.3512106,53.1577156,0 -4.3502976,53.1578102,0 -4.3505315,53.1577200,0 -4.3502976,53.1578102,0 -4.3505682,53.1578482,0</coordinates></LineString></Placemark>
<Placemark><name>92 deg</name><LineString><coordinates>-4.3497163,53.1577451,0 -4.3487665,53.1577488,0 -4.3490283,53.1576811,0 -4.3487665,53.1577488,0 -4.3490297,53.1578145,0</coordinates></LineString></Placemark>
<Placemark><name>97 deg</name><LineString><coordinates>-4.3855274,53.1561337,0 -4.3843624,53.1560694,0 -4.3846968,53.1560054,0 -4.3843624,53.1560694,0 -4.3846718,53.1561690,0</coordinates></LineString></Placemark>
<Placemark><name>105 deg</name><LineString><coordinates>-4.3840333,53.1561636,0 -4.3828849,53.1560069,0 -4.3832327,53.1559696,0 -4.3828849,53.1560069,0 -4.3831717,53.1561309,0</coordinates></LineString></Placemark>
<Placemark><name>110 deg</name><LineString><coordinates>-4.3825391,53.1561936,0 -4.3814197,53.1559748,0 -4.3817716,53.1559566,0 -4.3814197,53.1559748,0 -4.3816865,53.1561138,0</coordinates></LineString></Placemark>
<Placemark><name>114 deg</name><LineString><coordinates>-4.3810450,53.1562235,0 -4.3799587,53.1559590,0 -4.3803102,53.1559558,0 -4.3799587,53.1559590,0 -4.3802074,53.1561083,0</coordinates></LineString></Placemark>
<Placemark><name>117 deg</name><LineString><coordinates>-4.3795508,53.1562533,0 -4.3785001,53.1559523,0 -4.3788490,53.1559617,0 -4.3785001,53.1559523,0 -4.3787320,53.1561093,0</coordinates></LineString></Placemark>
<Placemark><name>121 deg</name><LineString><coordinates>-4.3780567,53.1562832,0 -4.3770451,53.1559504,0 -4.3773893,53.1559713,0 -4.3770451,53.1559504,0 -4.3772600,53.1561134,0</coordinates></LineString></Placemark>
<Placemark><name>124 deg</name><LineString><coordinates>-4.3765625,53.1563130,0 -4.3755955,53.1559511,0 -4.3759330,53.1559832,0 -4.3755955,53.1559511,0 -4.3757924,53.1561191,0</coordinates></LineString></Placemark>
<Placemark><name>127 deg</name><LineString><coordinates>-4.3750684,53.1563429,0 -4.3741502,53.1559566,0 -4.3744790,53.1559988,0 -4.3741502,53.1559566,0 -4.3743289,53.1561278,0</coordinates></LineString></Placemark>
<Placemark><name>129 deg</name><LineString><coordinates>-4.3735742,53.1563727,0 -4.3727010,53.1559731,0 -4.3730199,53.1560222,0 -4.3727010,53.1559731,0 -4.3728646,53.1561448,0</coordinates></LineString></Placemark>
<Placemark><name>130 deg</name><LineString><coordinates>-4.3720800,53.1564025,0 -4.3712351,53.1560069,0 -4.3715455,53.1560569,0 -4.3712351,53.1560069,0 -4.3713917,53.1561756,0</coordinates></LineString></Placemark>
<Placemark><name>128 deg</name><LineString><coordinates>-4.3705859,53.1564322,0 -4.3697432,53.1560618,0 -4.3700480,53.1561050,0 -4.3697432,53.1560618,0 -4.3699041,53.1562233,0</coordinates></LineString></Placemark>
<Placemark><name>124 deg</name><LineString><coordinates>-4.3690917,53.1564620,0 -4.3682249,53.1561379,0 -4.3685274,53.1561666,0 -4.3682249,53.1561379,0 -4.3684014,53.1562883,0</coordinates></LineString></Placemark>
<Placemark><name>118 deg</name><LineString><coordinates>-4.3675975,53.1564917,0 -4.3666917,53.1562295,0 -4.3669929,53.1562384,0 -4.3666917,53.1562295,0 -4.3668910,53.1563656,0</coordinates></LineString></Placemark>
<Placemark><name>111 deg</name><LineString><coordinates>-4.3661034,53.1565214,0 -4.3651589,53.1563257,0 -4.3654579,53.1563135,0 -4.3651589,53.1563257,0 -4.3653819,53.1564461,0</coordinates></LineString></Placemark>
<Placemark><name>105 deg</name><LineString><coordinates>-4.3646092,53.1565511,0 -4.3636353,53.1564155,0 -4.3639308,53.1563846,0 -4.3636353,53.1564155,0 -4.3638781,53.1565214,0</coordinates></LineString></Placemark>
<Placemark><name>100 deg</name><LineString><coordinates>-4.3631150,53.1565808,0 -4.3621221,53.1564923,0 -4.3624136,53.1564471,0 -4.3621221,53.1564923,0 -4.3623792,53.1565865,0</coordinates></LineString></Placemark>
<Placemark><name>97 deg</name><LineString><coordinates>-4.3616208,53.1566104,0 -4.3606189,53.1565521,0 -4.3609071,53.1564978,0 -4.3606189,53.1565521,0 -4.3608844,53.1566386,0</coordinates></LineString></Placemark>
<Placemark><name>99 deg</name><LineString><coordinates>-4.3601266,53.1566401,0 -4.3591367,53.1565637,0 -4.3594251,53.1565153,0 -4.3591367,53.1565637,0 -4.3593954,53.1566543,0</coordinates></LineString></Placemark>
<Placemark><name>335 deg</name><LineString><coordinates>-4.3571383,53.1566993,0 -4.3575295,53.1571646,0 -4.3573310,53.1570635,0 -4.3575295,53.1571646,0 -4.3575118,53.1570085,0</coordinates></LineString></Placemark>
<Placemark><name>353 deg</name><LineString><coordinates>-4.3556441,53.1567289,0 -4.3557820,53.1572450,0 -4.3556436,53.1571121,0 -4.3557820,53.1572450,0 -4.3558442,53.1570927,0</coordinates></LineString></Placemark>
<Placemark><name>39 deg</name><LineString><coordinates>-4.3541499,53.1567584,0 -4.3536257,53.1571795,0 -4.3536887,53.1570264,0 -4.3536257,53.1571795,0 -4.3538524,53.1571000,0</coordinates></LineString></Placemark>
<Placemark><name>59 deg</name><LineString><coordinates>-4.3526557,53.1567880,0 -4.3518827,53.1570901,0 -4.3520376,53.1569523,0 -4.3518827,53.1570901,0 -4.3521550,53.1570609,0</coordinates></LineString></Placemark>
<Placemark><name>71 deg</name><LineString><coordinates>-4.3511615,53.1568175,0 -4.3502639,53.1570237,0 -4.3504718,53.1569037,0 -4.3502639,53.1570237,0 -4.3505520,53.1570298,0</coordinates></LineString></Placemark>
<Placemark><name>81 deg</name><LineString><coordinates>-4.3496673,53.1568470,0 -4.3486976,53.1569551,0 -4.3489445,53.1568572,0 -4.3486976,53.1569551,0 -4.3489865,53.1569933,0</coordinates></LineString></Placemark>
<Placemark><name>101 deg</name><LineString><coordinates>-4.3869717,53.1552056,0 -4.3857879,53.1550915,0 -4.3861372,53.1550399,0 -4.3857879,53.1550915,0 -4.3860928,53.1552062,0</coordinates></LineString></Placemark>
<Placemark><name>110 deg</name><LineString><coordinates>-4.3854776,53.1552356,0 -4.3843267,53.1550154,0 -4.3846875,53.1549954,0 -4.3843267,53.1550154,0 -4.3846019,53.1551570,0</coordinates></LineString></Placemark>
<Placemark><name>114 deg</name><LineString><coordinates>-4.3839835,53.1552655,0 -4.3828694,53.1549891,0 -4.3832309,53.1549872,0 -4.3828694,53.1549891,0 -4.3831235,53.1551437,0</coordinates></LineString></Placemark>
<Placemark><name>118 deg</name><LineString><coordinates>-4.3824894,53.1552954,0 -4.3814105,53.1549818,0 -4.3817696,53.1549927,0 -4.3814105,53.1549818,0 -4.3816476,53.1551442,0</coordinates></LineString></Placemark>
<Placemark><name>120 deg</name><LineString><coordinates>-4.3809953,53.1553253,0 -4.3799508,53.1549838,0 -4.3803058,53.1550048,0 -4.3799508,53.1549838,0 -4.3801730,53.1551515,0</coordinates></LineString></Placemark>
<Placemark><name>123 deg</name><LineString><coordinates>-4.3795011,53.1553552,0 -4.3784916,53.1549905,0 -4.3788414,53.1550204,0 -4.3784916,53.1549905,0 -4.3786996,53.1551622,0</coordinates></LineString></Placemark>
<Placemark><name>125 deg</name><LineString><coordinates>-4.3780070,53.1553851,0 -4.3770360,53.1549981,0 -4.3773795,53.1550369,0 -4.3770360,53.1549981,0 -4.3772291,53.1551732,0</coordinates></LineString></Placemark>
<Placemark><name>129 deg</name><LineString><coordinates>-4.3765129,53.1554149,0 -4.3755912,53.1550020,0 -4.3759261,53.1550514,0 -4.3755912,53.1550020,0 -4.3757656,53.1551808,0</coordinates></LineString></Placemark>
<Placemark><name>133 deg</name><LineString><coordinates>-4.3750188,53.1554447,0 -4.3741633,53.1550028,0 -4.3744855,53.1550649,0 -4.3741633,53.1550028,0 -4.3743138,53.1551850,0</coordinates></LineString></Placemark>
<Placemark><name>136 deg</name><LineString><coordinates>-4.3735246,53.1554746,0 -4.3727362,53.1550151,0 -4.3730434,53.1550867,0 -4.3727362,53.1550151,0 -4.3728648,53.1551974,0</coordinates></LineString></Placemark>
<Placemark><name>137 deg</name><LineString><coordinates>-4.3720305,53.1555043,0 -4.3712844,53.1550497,0 -4.3715789,53.1551229,0 -4.3712844,53.1550497,0 -4.3714022,53.1552277,0</coordinates></LineString></Placemark>
<Placemark><name>135 deg</name><LineString><coordinates>-4.3705364,53.1555341,0 -4.3697887,53.1551132,0 -4.3700771,53.1551770,0 -4.3697887,53.1551132,0 -4.3699135,53.1552820,0</coordinates></LineString></Placemark>
<Placemark><name>128 deg</name><LineString><coordinates>-4.3690422,53.1555639,0 -4.3682438,53.1552111,0 -4.3685330,53.1552525,0 -4.3682438,53.1552111,0 -4.3683958,53.1553646,0</coordinates></LineString></Placemark>
<Placemark><name>118 deg</name><LineString><coordinates>-4.3675481,53.1555936,0 -4.3666756,53.1553378,0 -4.3669664,53.1553472,0 -4.3666756,53.1553378,0 -4.3668670,53.1554697,0</coordinates></LineString></Placemark>
<Placemark><name>107 deg</name><LineString><coordinates>-4.3660539,53.1556233,0 -4.3651208,53.1554735,0 -4.3654078,53.1554494,0 -4.3651208,53.1554735,0 -4.3653495,53.1555804,0</coordinates></LineString></Placemark>
<Placemark><name>97 deg</name><LineString><coordinates>-4.3645598,53.1556530,0 -4.3635925,53.1556030,0 -4.3638695,53.1555489,0 -4.3635925,53.1556030,0 -4.3638501,53.1556848,0</coordinates></LineString></Placemark>
<Placemark><name>88 deg</name><LineString><coordinates>-4.3630657,53.1556827,0 -4.3620888,53.1557267,0 -4.3623501,53.1556459,0 -4.3620888,53.1557267,0 -4.3623673,53.1557831,0</coordinates></LineString></Placemark>
<Placemark><name>78 deg</name><LineString><coordinates>-4.3615715,53.1557123,0 -4.3606188,53.1558588,0 -4.3608536,53.1557514,0 -4.3606188,53.1558588,0 -4.3609105,53.1558852,0</coordinates></LineString></Placemark>
<Placemark><name>53 deg</name><LineString><coordinates>-4.3600773,53.1557419,0 -4.3593411,53.1561034,0 -4.3594743,53.1559519,0 -4.3593411,53.1561034,0 -4.3596148,53.1560553,0</coordinates></LineString></Placemark>
<Placemark><name>348 deg</name><LineString><coordinates>-4.3585832,53.1557716,0 -4.3588040,53.1563180,0 -4.3586368,53.1561825,0 -4.3588040,53.1563180,0 -4.3588492,53.1561515,0</coordinates></LineString></Placemark>
<Placemark><name>337 deg</name><LineString><coordinates>-4.3570890,53.1558012,0 -4.3575006,53.1563252,0 -4.3572851,53.1562093,0 -4.3575006,53.1563252,0 -4.3574887,53.1561515,0</coordinates></LineString></Placemark>
<Placemark><name>10 deg</name><LineString><coordinates>-4.3555949,53.1558307,0 -4.3554767,53.1563593,0 -4.3554066,53.1562050,0 -4.3554767,53.1563593,0 -4.3556121,53.1562216,0</coordinates></LineString></Placemark>
<Placemark><name>36 deg</name><LineString><coordinates>-4.3541007,53.1558603,0 -4.3535904,53.1563123,0 -4.3536436,53.1561516,0 -4.3535904,53.1563123,0 -4.3538193,53.1562232,0</coordinates></LineString></Placemark>
<Placemark><name>51 deg</name><LineString><coordinates>-4.3526065,53.1558898,0 -4.3518883,53.1562697,0 -4.3520129,53.1561143,0 -4.3518883,53.1562697,0 -4.3521606,53.1562152,0</coordinates></LineString></Placemark>
<Placemark><name>63 deg</name><LineString><coordinates>-4.3511124,53.1559194,0 -4.3502412,53.1562081,0 -4.3504258,53.1560672,0 -4.3502412,53.1562081,0 -4.3505380,53.1561895,0</coordinates></LineString></Placemark>
<Placemark><name>72 deg</name><LineString><coordinates>-4.3496182,53.1559489,0 -4.3486584,53.1561533,0 -4.3488839,53.1560294,0 -4.3486584,53.1561533,0 -4.3489633,53.1561642,0</coordinates></LineString></Placemark>
<Placemark><name>77 deg</name><LineString><coordinates>-4.3481240,53.1559784,0 -4.3471323,53.1561399,0 -4.3473749,53.1560256,0 -4.3471323,53.1561399,0 -4.3474377,53.1561649,0</coordinates></LineString></Placemark>
<Placemark><name>65 deg</name><LineString><coordinates>-4.3466298,53.1560078,0 -4.3457749,53.1562659,0 -4.3459610,53.1561346,0 -4.3457749,53.1562659,0 -4.3460613,53.1562546,0</coordinates></LineString></Placemark>
<Placemark><name>124 deg</name><LineString><coordinates>-4.3869219,53.1543075,0 -4.3858617,53.1539075,0 -4.3862324,53.1539436,0 -4.3858617,53.1539075,0 -4.3860769,53.1540925,0</coordinates></LineString></Placemark>
<Placemark><name>124 deg</name><LineString><coordinates>-4.3854278,53.1543375,0 -4.3843764,53.1539425,0 -4.3847437,53.1539778,0 -4.3843764,53.1539425,0 -4.3845902,53.1541255,0</coordinates></LineString></Placemark>
<Placemark><name>125 deg</name><LineString><coordinates>-4.3839337,53.1543674,0 -4.3829021,53.1539669,0 -4.3832650,53.1540051,0 -4.3829021,53.1539669,0 -4.3831093,53.1541500,0</coordinates></LineString></Placemark>
<Placemark><name>126 deg</name><LineString><coordinates>-4.3824396,53.1543973,0 -4.3814321,53.1539884,0 -4.3817900,53.1540307,0 -4.3814321,53.1539884,0 -4.3816310,53.1541722,0</coordinates></LineString></Placemark>
<Placemark><name>127 deg</name><LineString><coordinates>-4.3809455,53.1544272,0 -4.3799643,53.1540098,0 -4.3803165,53.1540563,0 -4.3799643,53.1540098,0 -4.3801543,53.1541941,0</coordinates></LineString></Placemark>
<Placemark><name>128 deg</name><LineString><coordinates>-4.3794515,53.1544571,0 -4.3784972,53.1540323,0 -4.3788434,53.1540826,0 -4.3784972,53.1540323,0 -4.3786783,53.1542167,0</coordinates></LineString></Placemark>
<Placemark><name>130 deg</name><LineString><coordinates>-4.3779574,53.1544870,0 -4.3770320,53.1540543,0 -4.3773718,53.1541089,0 -4.3770320,53.1540543,0 -4.3772036,53.1542388,0</coordinates></LineString></Placemark>
<Placemark><name>132 deg</name><LineString><coordinates>-4.3764633,53.1545168,0 -4.3755796,53.1540681,0 -4.3759110,53.1541300,0 -4.3755796,53.1540681,0 -4.3757366,53.1542542,0</coordinates></LineString></Placemark>
<Placemark><name>138 deg</name><LineString><coordinates>-4.3749692,53.1545466,0 -4.3741822,53.1540556,0 -4.3744951,53.1541360,0 -4.3741822,53.1540556,0 -4.3743042,53.1542465,0</coordinates></LineString></Placemark>
<Placemark><name>144 deg</name><LineString><coordinates>-4.3734751,53.1545764,0 -4.3727982,53.1540594,0 -4.3730857,53.1541547,0 -4.3727982,53.1540594,0 -4.3728847,53.1542498,0</coordinates></LineString></Placemark>
<Placemark><name>147 deg</name><LineString><coordinates>-4.3719810,53.1546062,0 -4.3713817,53.1540891,0 -4.3716478,53.1541899,0 -4.3713817,53.1540891,0 -4.3714468,53.1542741,0</coordinates></LineString></Placemark>
<Placemark><name>145 deg</name><LineString><coordinates>-4.3704869,53.1546360,0 -4.3698955,53.1541563,0 -4.3701521,53.1542473,0 -4.3698955,53.1541563,0 -4.3699656,53.1543304,0</coordinates></LineString></Placemark>
<Placemark><name>135 deg</name><LineString><coordinates>-4.3689928,53.1546657,0 -4.3683046,53.1542790,0 -4.3685699,53.1543376,0 -4.3683046,53.1542790,0 -4.3684196,53.1544342,0</coordinates></LineString></Placemark>
<Placemark><name>118 deg</name><LineString><coordinates>-4.3674987,53.1546955,0 -4.3666729,53.1544566,0 -4.3669475,53.1544646,0 -4.3666729,53.1544566,0 -4.3668546,53.1545806,0</coordinates></LineString></Placemark>
<Placemark><name>101 deg</name><LineString><coordinates>-4.3660045,53.1547252,0 -4.3650963,53.1546395,0 -4.3653640,53.1545994,0 -4.3650963,53.1546395,0 -4.3653306,53.1547269,0</coordinates></LineString></Placemark>
<Placemark><name>87 deg</name><LineString><coordinates>-4.3645104,53.1547549,0 -4.3635815,53.1548017,0 -4.3638291,53.1547235,0 -4.3635815,53.1548017,0 -4.3638473,53.1548540,0</coordinates></LineString></Placemark>
<Placemark><name>74 deg</name><LineString><coordinates>-4.3630163,53.1547845,0 -4.3621168,53.1549621,0 -4.3623308,53.1548498,0 -4.3621168,53.1549621,0 -4.3623999,53.1549762,0</coordinates></LineString></Placemark>
<Placemark><name>59 deg</name><LineString><coordinates>-4.3615222,53.1548142,0 -4.3607128,53.1551281,0 -4.3608754,53.1549845,0 -4.3607128,53.1551281,0 -4.3609975,53.1550982,0</coordinates></LineString></Placemark>
<Placemark><name>41 deg</name><LineString><coordinates>-4.3600281,53.1548438,0 -4.3594330,53.1552794,0 -4.3595128,53.1551172,0 -4.3594330,53.1552794,0 -4.3596821,53.1552008,0</coordinates></LineString></Placemark>
<Placemark><name>348 deg</name><LineString><coordinates>-4.3585339,53.1548734,0 -4.3587634,53.1554132,0 -4.3585951,53.1552802,0 -4.3587634,53.1554132,0 -4.3588049,53.1552479,0</coordinates></LineString></Placemark>
<Placemark><name>340 deg</name><LineString><coordinates>-4.3570398,53.1549030,0 -4.3573573,53.1553802,0 -4.3571768,53.1552707,0 -4.3573573,53.1553802,0 -4.3573623,53.1552261,0</coordinates></LineString></Placemark>
<Placemark><name>13 deg</name><LineString><coordinates>-4.3555457,53.1549326,0 -4.3553843,53.1554330,0 -4.3553316,53.1552834,0 -4.3553843,53.1554330,0 -4.3555261,53.1553060,0</coordinates></LineString></Placemark>
<Placemark><name>28 deg</name><LineString><coordinates>-4.3540515,53.1549622,0 -4.3536510,53.1554529,0 -4.3536663,53.1552892,0 -4.3536510,53.1554529,0 -4.3538570,53.1553454,0</coordinates></LineString></Placemark>
<Placemark><name>44 deg</name><LineString><coordinates>-4.3525574,53.1549917,0 -4.3519051,53.1554297,0 -4.3520002,53.1552629,0 -4.3519051,53.1554297,0 -4.3521705,53.1553545,0</coordinates></LineString></Placemark>
<Placemark><name>60 deg</name><LineString><coordinates>-4.3510633,53.1550212,0 -4.3501973,53.1553494,0 -4.3503728,53.1551979,0 -4.3501973,53.1553494,0 -4.3505004,53.1553196,0</coordinates></LineString></Placemark>
<Placemark><name>70 deg</name><LineString><coordinates>-4.3495691,53.1550507,0 -4.3486068,53.1552870,0 -4.3488268,53.1551542,0 -4.3486068,53.1552870,0 -4.3489186,53.1552893,0</coordinates></LineString></Placemark>
<Placemark><name>73 deg</name><LineString><coordinates>-4.3480750,53.1550802,0 -4.3470972,53.1552796,0 -4.3473287,53.1551558,0 -4.3470972,53.1552796,0 -4.3474062,53.1552931,0</coordinates></LineString></Placemark>
<Placemark><name>74 deg</name><LineString><coordinates>-4.3465808,53.1551097,0 -4.3456351,53.1552908,0 -4.3458612,53.1551744,0 -4.3456351,53.1552908,0 -4.3459316,53.1553072,0</coordinates></LineString></Placemark>
<Placemark><name>84 deg</name><LineString><coordinates>-4.3450867,53.1551391,0 -4.3441722,53.1552157,0 -4.3444100,53.1551303,0 -4.3441722,53.1552157,0 -4.3444398,53.1552588,0</coordinates></LineString></Placemark>
<Placemark><name>118 deg</name><LineString><coordinates>-4.3435925,53.1551686,0 -4.3428135,53.1549414,0 -4.3430729,53.1549495,0 -4.3428135,53.1549414,0 -4.3429846,53.1550589,0</coordinates></LineString></Placemark>
<Placemark><name>131 deg</name><LineString><coordinates>-4.3420984,53.1551980,0 -4.3413079,53.1548048,0 -4.3416028,53.1548580,0 -4.3413079,53.1548048,0 -4.3414499,53.1549690,0</coordinates></LineString></Placemark>
<Placemark><name>184 deg</name><LineString><coordinates>-4.3898601,53.1533495,0 -4.3899063,53.1525841,0 -4.3900422,53.1527988,0 -4.3899063,53.1525841,0 -4.3897448,53.1527924,0</coordinates></LineString></Placemark>
<Placemark><name>159 deg</name><LineString><coordinates>-4.3883661,53.1533795,0 -4.3878565,53.1526690,0 -4.3881354,53.1528295,0 -4.3878565,53.1526690,0 -4.3878592,53.1529011,0</coordinates></LineString></Placemark>
<Placemark><name>143 deg</name><LineString><coordinates>-4.3868720,53.1534094,0 -4.3860730,53.1528128,0 -4.3864098,53.1529215,0 -4.3860730,53.1528128,0 -4.3861779,53.1530338,0</coordinates></LineString></Placemark>
<Placemark><name>137 deg</name><LineString><coordinates>-4.3853780,53.1534394,0 -4.3844894,53.1529037,0 -4.3848390,53.1529893,0 -4.3844894,53.1529037,0 -4.3846308,53.1531141,0</coordinates></LineString></Placemark>
<Placemark><name>135 deg</name><LineString><coordinates>-4.3838839,53.1534693,0 -4.3829717,53.1529618,0 -4.3833224,53.1530380,0 -4.3829717,53.1529618,0 -4.3831251,53.1531661,0</coordinates></LineString></Placemark>
<Placemark><name>134 deg</name><LineString><coordinates>-4.3823899,53.1534992,0 -4.3814795,53.1530046,0 -4.3818272,53.1530773,0 -4.3814795,53.1530046,0 -4.3816350,53.1532052,0</coordinates></LineString></Placemark>
<Placemark><name>134 deg</name><LineString><coordinates>-4.3808958,53.1535291,0 -4.3799987,53.1530410,0 -4.3803415,53.1531129,0 -4.3799987,53.1530410,0 -4.3801517,53.1532389,0</coordinates></LineString></Placemark>
<Placemark><name>134 deg</name><LineString><coordinates>-4.3794018,53.1535590,0 -4.3785206,53.1530771,0 -4.3788577,53.1531484,0 -4.3785206,53.1530771,0 -4.3786704,53.1532721,0</coordinates></LineString></Placemark>
<Placemark><name>134 deg</name><LineString><coordinates>-4.3779077,53.1535889,0 -4.3770386,53.1531167,0 -4.3773705,53.1531861,0 -4.3770386,53.1531167,0 -4.3771870,53.1533082,0</coordinates></LineString></Placemark>
<Placemark><name>133 deg</name><LineString><coordinates>-4.3764136,53.1536187,0 -4.3755520,53.1531596,0 -4.3758793,53.1532260,0 -4.3755520,53.1531596,0 -4.3757009,53.1533470,0</coordinates></LineString></Placemark>
<Placemark><name>135 deg</name><LineString><coordinates>-4.3749196,53.1536485,0 -4.3741071,53.1531923,0 -4.3744203,53.1532613,0 -4.3741071,53.1531923,0 -4.3742429,53.1533754,0</coordinates></LineString></Placemark>
<Placemark><name>149 deg</name><LineString><coordinates>-4.3734255,53.1536783,0 -4.3728393,53.1531312,0 -4.3731076,53.1532412,0 -4.3728393,53.1531312,0 -4.3728949,53.1533235,0</coordinates></LineString></Placemark>
<Placemark><name>160 deg</name><LineString><coordinates>-4.3719314,53.1537081,0 -4.3715530,53.1531328,0 -4.3717693,53.1532652,0 -4.3715530,53.1531328,0 -4.3715457,53.1533184,0</coordinates></LineString></Placemark>
<Placemark><name>163 deg</name><LineString><coordinates>-4.3704374,53.1537379,0 -4.3701293,53.1532008,0 -4.3703188,53.1533276,0 -4.3701293,53.1532008,0 -4.3701100,53.1533709,0</coordinates></LineString></Placemark>
<Placemark><name>147 deg</name><LineString><coordinates>-4.3689433,53.1537676,0 -4.3684537,53.1533450,0 -4.3686711,53.1534274,0 -4.3684537,53.1533450,0 -4.3685068,53.1534962,0</coordinates></LineString></Placemark>
<Placemark><name>114 deg</name><LineString><coordinates>-4.3674492,53.1537973,0 -4.3666778,53.1536109,0 -4.3669272,53.1536082,0 -4.3666778,53.1536109,0 -4.3668547,53.1537166,0</coordinates></LineString></Placemark>
<Placemark><name>92 deg</name><LineString><coordinates>-4.3659551,53.1538270,0 -4.3650899,53.1538302,0 -4.3653284,53.1537686,0 -4.3650899,53.1538302,0 -4.3653296,53.1538901,0</coordinates></LineString></Placemark>
<Placemark><name>78 deg</name><LineString><coordinates>-4.3644610,53.1538567,0 -4.3635997,53.1539864,0 -4.3638125,53.1538901,0 -4.3635997,53.1539864,0 -4.3638629,53.1540111,0</coordinates></LineString></Placemark>
<Placemark><name>62 deg</name><LineString><coordinates>-4.3629670,53.1538864,0 -4.3621889,53.1541605,0 -4.3623506,53.1540301,0 -4.3621889,53.1541605,0 -4.3624572,53.1541394,0</coordinates></LineString></Placemark>
<Placemark><name>41 deg</name><LineString><coordinates>-4.3614729,53.1539161,0 -4.3608940,53.1543487,0 -4.3609699,53.1541885,0 -4.3608940,53.1543487,0 -4.3611380,53.1542698,0</coordinates></LineString></Placemark>
<Placemark><name>14 deg</name><LineString><coordinates>-4.3599788,53.1539457,0 -4.3597785,53.1545119,0 -4.3597238,53.1543414,0 -4.3597785,53.1545119,0 -4.3599439,53.1543695,0</coordinates></LineString></Placemark>
<Placemark><name>9 deg</name><LineString><coordinates>-4.3584847,53.1539753,0 -4.3583652,53.1545259,0 -4.3582912,53.1543654,0 -4.3583652,53.1545259,0 -4.3585052,53.1543822,0</coordinates></LineString></Placemark>
<Placemark><name>4 deg</name><LineString><coordinates>-4.3569906,53.1540049,0 -4.3569565,53.1545106,0 -4.3568676,53.1543685,0 -4.3569565,53.1545106,0 -4.3570642,53.1543733,0</coordinates></LineString></Placemark>
<Placemark><name>5 deg</name><LineString><coordinates>-4.3554965,53.1540345,0 -4.3554468,53.1545203,0 -4.3553661,53.1543826,0 -4.3554468,53.1545203,0 -4.3555550,53.1543896,0</coordinates></LineString></Placemark>
<Placemark><name>15 deg</name><LineString><coordinates>-4.3540024,53.1540640,0 -4.3538074,53.1545666,0 -4.3537636,53.1544140,0 -4.3538074,53.1545666,0 -4.3539589,53.1544414,0</coordinates></LineString></Placemark>
<Placemark><name>35 deg</name><LineString><coordinates>-4.3525083,53.1540936,0 -4.3519678,53.1545868,0 -4.3520213,53.1544126,0 -4.3519678,53.1545868,0 -4.3522130,53.1544885,0</coordinates></LineString></Placemark>
<Placemark><name>66 deg</name><LineString><coordinates>-4.3510142,53.1541231,0 -4.3500707,53.1544035,0 -4.3502769,53.1542598,0 -4.3500707,53.1544035,0 -4.3503859,53.1543923,0</coordinates></LineString></Placemark>
<Placemark><name>76 deg</name><LineString><coordinates>-4.3495201,53.1541526,0 -4.3485075,53.1543299,0 -4.3487529,53.1542098,0 -4.3485075,53.1543299,0 -4.3488218,53.1543520,0</coordinates></LineString></Placemark>
<Placemark><name>79 deg</name><LineString><coordinates>-4.3480260,53.1541821,0 -4.3470112,53.1543201,0 -4.3472648,53.1542107,0 -4.3470112,53.1543201,0 -4.3473184,53.1543532,0</coordinates></LineString></Placemark>
<Placemark><name>83 deg</name><LineString><coordinates>-4.3465318,53.1542115,0 -4.3455318,53.1543082,0 -4.3457894,53.1542113,0 -4.3455318,53.1543082,0 -4.3458269,53.1543518,0</coordinates></LineString></Placemark>
<Placemark><name>92 deg</name><LineString><coordinates>-4.3450377,53.1542410,0 -4.3440572,53.1542398,0 -4.3443284,53.1541712,0 -4.3440572,53.1542398,0 -4.3443279,53.1543090,0</coordinates></LineString></Placemark>
<Placemark><name>108 deg</name><LineString><coordinates>-4.3435436,53.1542704,0 -4.3426034,53.1541019,0 -4.3428959,53.1540824,0 -4.3426034,53.1541019,0 -4.3428304,53.1542145,0</coordinates></LineString></Placemark>
<Placemark><name>114 deg</name><LineString><coordinates>-4.3420495,53.1542998,0 -4.3410879,53.1540688,0 -4.3413985,53.1540651,0 -4.3410879,53.1540688,0 -4.3413087,53.1542002,0</coordinates></LineString></Placemark>
<Placemark><name>196 deg</name><LineString><coordinates>-4.3927982,53.1523913,0 -4.3930937,53.1516700,0 -4.3931522,53.1518901,0 -4.3930937,53.1516700,0 -4.3928718,53.1518486,0</coordinates></LineString></Placemark>
<Placemark><name>189 deg</name><LineString><coordinates>-4.3913042,53.1524213,0 -4.3914560,53.1516712,0 -4.3915598,53.1518892,0 -4.3914560,53.1516712,0 -4.3912683,53.1518678,0</coordinates></LineString></Placemark>
<Placemark><name>178 deg</name><LineString><coordinates>-4.3898102,53.1524514,0 -4.3897167,53.1516866,0 -4.3898912,53.1518914,0 -4.3897167,53.1516866,0 -4.3895940,53.1519045,0</coordinates></LineString></Placemark>
<Placemark><name>164 deg</name><LineString><coordinates>-4.3883162,53.1524813,0 -4.3879272,53.1517464,0 -4.3881775,53.1519222,0 -4.3879272,53.1517464,0 -4.3878918,53.1519768,0</coordinates></LineString></Placemark>
<Placemark><name>153 deg</name><LineString><coordinates>-4.3868222,53.1525113,0 -4.3862107,53.1518372,0 -4.3865107,53.1519805,0 -4.3862107,53.1518372,0 -4.3862486,53.1520664,0</coordinates></LineString></Placemark>
<Placemark><name>147 deg</name><LineString><coordinates>-4.3853282,53.1525413,0 -4.3845974,53.1519206,0 -4.3849199,53.1520408,0 -4.3845974,53.1519206,0 -4.3846787,53.1521434,0</coordinates></LineString></Placemark>
<Placemark><name>143 deg</name><LineString><coordinates>-4.3838342,53.1525712,0 -4.3830503,53.1519859,0 -4.3833807,53.1520926,0 -4.3830503,53.1519859,0 -4.3831532,53.1522027,0</coordinates></LineString></Placemark>
<Placemark><name>141 deg</name><LineString><coordinates>-4.3823401,53.1526011,0 -4.3815403,53.1520371,0 -4.3818709,53.1521368,0 -4.3815403,53.1520371,0 -4.3816517,53.1522491,0</coordinates></LineString></Placemark>
<Placemark><name>141 deg</name><LineString><coordinates>-4.3808461,53.1526310,0 -4.3800515,53.1520800,0 -4.3803781,53.1521764,0 -4.3800515,53.1520800,0 -4.3801640,53.1522880,0</coordinates></LineString></Placemark>
<Placemark><name>141 deg</name><LineString><coordinates>-4.3793521,53.1526609,0 -4.3785698,53.1521224,0 -4.3788906,53.1522162,0 -4.3785698,53.1521224,0 -4.3786813,53.1523261,0</coordinates></LineString></Placemark>
<Placemark><name>140 deg</name><LineString><coordinates>-4.3778581,53.1526907,0 -4.3770781,53.1521735,0 -4.3773941,53.1522616,0 -4.3770781,53.1521735,0 -4.3771931,53.1523712,0</coordinates></LineString></Placemark>
<Placemark><name>137 deg</name><LineString><coordinates>-4.3763640,53.1527206,0 -4.3755694,53.1522379,0 -4.3758828,53.1523154,0 -4.3755694,53.1522379,0 -4.3756952,53.1524271,0</coordinates></LineString></Placemark>
<Placemark><name>135 deg</name><LineString><coordinates>-4.3748700,53.1527504,0 -4.3740763,53.1522969,0 -4.3743837,53.1523665,0 -4.3740763,53.1522969,0 -4.3742074,53.1524779,0</coordinates></LineString></Placemark>
<Placemark><name>144 deg</name><LineString><coordinates>-4.3733760,53.1527802,0 -4.3727173,53.1522694,0 -4.3729986,53.1523643,0 -4.3727173,53.1522694,0 -4.3728001,53.1524568,0</coordinates></LineString></Placemark>
<Placemark><name>186 deg</name><LineString><coordinates>-4.3718819,53.1528100,0 -4.3719474,53.1522156,0 -4.3720448,53.1523844,0 -4.3719474,53.1522156,0 -4.3718138,53.1523752,0</coordinates></LineString></Placemark>
<Placemark><name>197 deg</name><LineString><coordinates>-4.3703879,53.1528397,0 -4.3706116,53.1523293,0 -4.3706490,53.1524860,0 -4.3706116,53.1523293,0 -4.3704506,53.1524546,0</coordinates></LineString></Placemark>
<Placemark><name>184 deg</name><LineString><coordinates>-4.3688938,53.1528695,0 -4.3689185,53.1524479,0 -4.3689936,53.1525661,0 -4.3689185,53.1524479,0 -4.3688297,53.1525626,0</coordinates></LineString></Placemark>
<Placemark><name>93 deg</name><LineString><coordinates>-4.3673998,53.1528992,0 -4.3666907,53.1528912,0 -4.3668882,53.1528436,0 -4.3666907,53.1528912,0 -4.3668851,53.1529432,0</coordinates></LineString></Placemark>
<Placemark><name>80 deg</name><LineString><coordinates>-4.3659057,53.1529289,0 -4.3650971,53.1530324,0 -4.3653004,53.1529470,0 -4.3650971,53.1530324,0 -4.3653406,53.1530606,0</coordinates></LineString></Placemark>
<Placemark><name>75 deg</name><LineString><coordinates>-4.3644117,53.1529586,0 -4.3636021,53.1531104,0 -4.3637963,53.1530116,0 -4.3636021,53.1531104,0 -4.3638553,53.1531253,0</coordinates></LineString></Placemark>
<Placemark><name>56 deg</name><LineString><coordinates>-4.3629176,53.1529883,0 -4.3622388,53.1532867,0 -4.3623684,53.1531566,0 -4.3622388,53.1532867,0 -4.3624844,53.1532519,0</coordinates></LineString></Placemark>
<Placemark><name>38 deg</name><LineString><coordinates>-4.3614236,53.1530179,0 -4.3609240,53.1534302,0 -4.3609819,53.1532812,0 -4.3609240,53.1534302,0 -4.3611421,53.1533514,0</coordinates></LineString></Placemark>
<Placemark><name>27 deg</name><LineString><coordinates>-4.3599295,53.1530476,0 -4.3595874,53.1534956,0 -4.3595948,53.1533478,0 -4.3595874,53.1534956,0 -4.3597690,53.1533958,0</coordinates></LineString></Placemark>
<Placemark><name>34 deg</name><LineString><coordinates>-4.3584354,53.1530772,0 -4.3579970,53.1535000,0 -4.3580360,53.1533524,0 -4.3579970,53.1535000,0 -4.3582003,53.1534139,0</coordinates></LineString></Placemark>
<Placemark><name>28 deg</name><LineString><coordinates>-4.3569414,53.1531068,0 -4.3566005,53.1535269,0 -4.3566131,53.1533869,0 -4.3566005,53.1535269,0 -4.3567764,53.1534348,0</coordinates></LineString></Placemark>
<Placemark><name>27 deg</name><LineString><coordinates>-4.3554473,53.1531363,0 -4.3551552,53.1535052,0 -4.3551642,53.1533828,0 -4.3551552,53.1535052,0 -4.3553076,53.1534238,0</coordinates></LineString></Placemark>
<Placemark><name>47 deg</name><LineString><coordinates>-4.3539532,53.1531659,0 -4.3535775,53.1533914,0 -4.3536375,53.1533027,0 -4.3535775,53.1533914,0 -4.3537252,53.1533555,0</coordinates></LineString></Placemark>
<Placemark><name>134 deg</name><LineString><coordinates>-4.3524592,53.1531954,0 -4.3518343,53.1528558,0 -4.3520730,53.1529058,0 -4.3518343,53.1528558,0 -4.3519409,53.1529935,0</coordinates></LineString></Placemark>
<Placemark><name>92 deg</name><LineString><coordinates>-4.3509651,53.1532250,0 -4.3499045,53.1532270,0 -4.3501972,53.1531519,0 -4.3499045,53.1532270,0 -4.3501979,53.1533009,0</coordinates></LineString></Placemark>
<Placemark><name>88 deg</name><LineString><coordinates>-4.3494710,53.1532545,0 -4.3484162,53.1533004,0 -4.3486987,53.1532136,0 -4.3484162,53.1533004,0 -4.3487166,53.1533618,0</coordinates></LineString></Placemark>
<Placemark><name>87 deg</name><LineString><coordinates>-4.3479769,53.1532839,0 -4.3469343,53.1533326,0 -4.3472129,53.1532460,0 -4.3469343,53.1533326,0 -4.3472318,53.1533924,0</coordinates></LineString></Placemark>
<Placemark><name>89 deg</name><LineString><coordinates>-4.3464828,53.1533134,0 -4.3454556,53.1533409,0 -4.3457341,53.1532611,0 -4.3454556,53.1533409,0 -4.3457448,53.1534054,0</coordinates></LineString></Placemark>
<Placemark><name>94 deg</name><LineString><coordinates>-4.3449887,53.1533428,0 -4.3439787,53.1533222,0 -4.3442618,53.1532570,0 -4.3439787,53.1533222,0 -4.3442538,53.1533988,0</coordinates></LineString></Placemark>
<Placemark><name>99 deg</name><LineString><coordinates>-4.3434947,53.1533723,0 -4.3424990,53.1533024,0 -4.3427877,53.1532518,0 -4.3424990,53.1533024,0 -4.3427605,53.1533917,0</coordinates></LineString></Placemark>
<Placemark><name>96 deg</name><LineString><coordinates>-4.3420006,53.1534017,0 -4.3410093,53.1533609,0 -4.3412911,53.1533025,0 -4.3410093,53.1533609,0 -4.3412753,53.1534418,0</coordinates></LineString></Placemark>
<Placemark><name>79 deg</name><LineString><coordinates>-4.3405065,53.1534311,0 -4.3395970,53.1535546,0 -4.3398243,53.1534566,0 -4.3395970,53.1535546,0 -4.3398723,53.1535843,0</coordinates></LineString></Placemark>
<Placemark><name>188 deg</name><LineString><coordinates>-4.3927483,53.1514932,0 -4.3928893,53.1507504,0 -4.3929947,53.1509655,0 -4.3928893,53.1507504,0 -4.3927060,53.1509457,0</coordinates></LineString></Placemark>
<Placemark><name>183 deg</name><LineString><coordinates>-4.3912543,53.1515232,0 -4.3912716,53.1507660,0 -4.3914140,53.1509764,0 -4.3912716,53.1507660,0 -4.3911196,53.1509740,0</coordinates></LineString></Placemark>
<Placemark><name>175 deg</name><LineString><coordinates>-4.3897603,53.1515532,0 -4.3896059,53.1507943,0 -4.3897961,53.1509932,0 -4.3896059,53.1507943,0 -4.3895011,53.1510148,0</coordinates></LineString></Placemark>
<Placemark><name>166 deg</name><LineString><coordinates>-4.3882663,53.1515832,0 -4.3879230,53.1508439,0 -4.3881615,53.1510241,0 -4.3879230,53.1508439,0 -4.3878742,53.1510723,0</coordinates></LineString></Placemark>
<Placemark><name>159 deg</name><LineString><coordinates>-4.3867724,53.1516132,0 -4.3862699,53.1509096,0 -4.3865455,53.1510687,0 -4.3862699,53.1509096,0 -4.3862720,53.1511393,0</coordinates></LineString></Placemark>
<Placemark><name>153 deg</name><LineString><coordinates>-4.3852784,53.1516431,0 -4.3846698,53.1509770,0 -4.3849674,53.1511183,0 -4.3846698,53.1509770,0 -4.3847085,53.1512038,0</coordinates></LineString></Placemark>
<Placemark><name>150 deg</name><LineString><coordinates>-4.3837844,53.1516731,0 -4.3831171,53.1510374,0 -4.3834250,53.1511662,0 -4.3831171,53.1510374,0 -4.3831779,53.1512599,0</coordinates></LineString></Placemark>
<Placemark><name>148 deg</name><LineString><coordinates>-4.3822904,53.1517030,0 -4.3816003,53.1510885,0 -4.3819104,53.1512098,0 -4.3816003,53.1510885,0 -4.3816715,53.1513067,0</coordinates></LineString></Placemark>
<Placemark><name>148 deg</name><LineString><coordinates>-4.3807964,53.1517329,0 -4.3801156,53.1511298,0 -4.3804210,53.1512486,0 -4.3801156,53.1511298,0 -4.3801865,53.1513442,0</coordinates></LineString></Placemark>
<Placemark><name>149 deg</name><LineString><coordinates>-4.3793024,53.1517628,0 -4.3786534,53.1511678,0 -4.3789483,53.1512866,0 -4.3786534,53.1511678,0 -4.3787171,53.1513778,0</coordinates></LineString></Placemark>
<Placemark><name>148 deg</name><LineString><coordinates>-4.3778084,53.1517926,0 -4.3771754,53.1512194,0 -4.3774617,53.1513333,0 -4.3771754,53.1512194,0 -4.3772389,53.1514222,0</coordinates></LineString></Placemark>
<Placemark><name>145 deg</name><LineString><coordinates>-4.3763144,53.1518225,0 -4.3756581,53.1512938,0 -4.3759422,53.1513938,0 -4.3756581,53.1512938,0 -4.3757367,53.1514860,0</coordinates></LineString></Placemark>
<Placemark><name>138 deg</name><LineString><coordinates>-4.3748204,53.1518523,0 -4.3740970,53.1514038,0 -4.3743841,53.1514769,0 -4.3740970,53.1514038,0 -4.3742098,53.1515785,0</coordinates></LineString></Placemark>
<Placemark><name>120 deg</name><LineString><coordinates>-4.3733264,53.1518821,0 -4.3725095,53.1516178,0 -4.3727866,53.1516334,0 -4.3725095,53.1516178,0 -4.3726839,53.1517482,0</coordinates></LineString></Placemark>
<Placemark><name>234 deg</name><LineString><coordinates>-4.3718324,53.1519119,0 -4.3724456,53.1516272,0 -4.3723315,53.1517489,0 -4.3724456,53.1516272,0 -4.3722208,53.1516628,0</coordinates></LineString></Placemark>
<Placemark><name>235 deg</name><LineString><coordinates>-4.3703384,53.1519416,0 -4.3710086,53.1516349,0 -4.3708830,53.1517668,0 -4.3710086,53.1516349,0 -4.3707638,53.1516726,0</coordinates></LineString></Placemark>
<Placemark><name>255 deg</name><LineString><coordinates>-4.3688444,53.1519714,0 -4.3695676,53.1518387,0 -4.3693935,53.1519262,0 -4.3695676,53.1518387,0 -4.3693420,53.1518246,0</coordinates></LineString></Placemark>
<Placemark><name>50 deg</name><LineString><coordinates>-4.3673503,53.1520011,0 -4.3668428,53.1522715,0 -4.3669305,53.1521612,0 -4.3668428,53.1522715,0 -4.3670356,53.1522324,0</coordinates></LineString></Placemark>
<Placemark><name>81 deg</name><LineString><coordinates>-4.3658563,53.1520308,0 -4.3650558,53.1521253,0 -4.3652586,53.1520430,0 -4.3650558,53.1521253,0 -4.3652953,53.1521554,0</coordinates></LineString></Placemark>
<Placemark><name>73 deg</name><LineString><coordinates>-4.3643623,53.1520605,0 -4.3635889,53.1522161,0 -4.3637724,53.1521188,0 -4.3635889,53.1522161,0 -4.3638328,53.1522274,0</coordinates></LineString></Placemark>
<Placemark><name>62 deg</name><LineString><coordinates>-4.3628683,53.1520901,0 -4.3621911,53.1523279,0 -4.3623320,53.1522146,0 -4.3621911,53.1523279,0 -4.3624244,53.1523097,0</coordinates></LineString></Placemark>
<Placemark><name>50 deg</name><LineString><coordinates>-4.3613743,53.1521198,0 -4.3608011,53.1524295,0 -4.3608993,53.1523036,0 -4.3608011,53.1524295,0 -4.3610197,53.1523841,0</coordinates></LineString></Placemark>
<Placemark><name>47 deg</name><LineString><coordinates>-4.3598802,53.1521494,0 -4.3593397,53.1524779,0 -4.3594252,53.1523492,0 -4.3593397,53.1524779,0 -4.3595529,53.1524251,0</coordinates></LineString></Placemark>
<Placemark><name>56 deg</name><LineString><coordinates>-4.3583862,53.1521790,0 -4.3577619,53.1524540,0 -4.3578810,53.1523342,0 -4.3577619,53.1524540,0 -4.3579878,53.1524219,0</coordinates></LineString></Placemark>
<Placemark><name>71 deg</name><LineString><coordinates>-4.3568922,53.1522086,0 -4.3561930,53.1523705,0 -4.3563547,53.1522767,0 -4.3561930,53.1523705,0 -4.3564176,53.1523749,0</coordinates></LineString></Placemark>
<Placemark><name>105 deg</name><LineString><coordinates>-4.3553981,53.1522382,0 -4.3546914,53.1521394,0 -4.3549059,53.1521171,0 -4.3546914,53.1521394,0 -4.3548675,53.1522164,0</coordinates></LineString></Placemark>
<Placemark><name>130 deg</name><LineString><coordinates>-4.3539041,53.1522678,0 -4.3532700,53.1519739,0 -4.3535023,53.1520106,0 -4.3532700,53.1519739,0 -4.3533881,53.1520996,0</coordinates></LineString></Placemark>
<Placemark><name>124 deg</name><LineString><coordinates>-4.3524100,53.1522973,0 -4.3516064,53.1519987,0 -4.3518865,53.1520248,0 -4.3516064,53.1519987,0 -4.3517704,53.1521377,0</coordinates></LineString></Placemark>
<Placemark><name>107 deg</name><LineString><coordinates>-4.3509160,53.1523268,0 -4.3499255,53.1521661,0 -4.3502304,53.1521409,0 -4.3499255,53.1521661,0 -4.3501680,53.1522800,0</coordinates></LineString></Placemark>
<Placemark><name>98 deg</name><LineString><coordinates>-4.3494219,53.1523563,0 -4.3483819,53.1522917,0 -4.3486818,53.1522365,0 -4.3483819,53.1522917,0 -4.3486567,53.1523826,0</coordinates></LineString></Placemark>
<Placemark><name>94 deg</name><LineString><coordinates>-4.3479279,53.1523858,0 -4.3468849,53.1523583,0 -4.3471784,53.1522927,0 -4.3468849,53.1523583,0 -4.3471677,53.1524392,0</coordinates></LineString></Placemark>
<Placemark><name>94 deg</name><LineString><coordinates>-4.3464338,53.1524153,0 -4.3454004,53.1523930,0 -4.3456903,53.1523266,0 -4.3454004,53.1523930,0 -4.3456816,53.1524717,0</coordinates></LineString></Placemark>
<Placemark><name>95 deg</name><LineString><coordinates>-4.3449398,53.1524447,0 -4.3439214,53.1524103,0 -4.3442095,53.1523483,0 -4.3439214,53.1524103,0 -4.3441961,53.1524913,0</coordinates></LineString></Placemark>
<Placemark><name>96 deg</name><LineString><coordinates>-4.3434457,53.1524741,0 -4.3424473,53.1524324,0 -4.3427313,53.1523739,0 -4.3424473,53.1524324,0 -4.3427151,53.1525141,0</coordinates></LineString></Placemark>
<Placemark><name>93 deg</name><LineString><coordinates>-4.3419517,53.1525035,0 -4.3409886,53.1524945,0 -4.3412564,53.1524294,0 -4.3409886,53.1524945,0 -4.3412529,53.1525646,0</coordinates></LineString></Placemark>
<Placemark><name>82 deg</name><LineString><coordinates>-4.3404576,53.1525329,0 -4.3396054,53.1526226,0 -4.3398234,53.1525380,0 -4.3396054,53.1526226,0 -4.3398583,53.1526577,0</coordinates></LineString></Placemark>
<Placemark><name>183 deg</name><LineString><coordinates>-4.3926983,53.1505951,0 -4.3927293,53.1498467,0 -4.3928662,53.1500557,0 -4.3927293,53.1498467,0 -4.3925753,53.1500513,0</coordinates></LineString></Placemark>
<Placemark><name>179 deg</name><LineString><coordinates>-4.3912044,53.1506251,0 -4.3911380,53.1498703,0 -4.3913031,53.1500742,0 -4.3911380,53.1498703,0 -4.3910097,53.1500835,0</coordinates></LineString></Placemark>
<Placemark><name>173 deg</name><LineString><coordinates>-4.3897104,53.1506551,0 -4.3895199,53.1499029,0 -4.3897187,53.1500974,0 -4.3895199,53.1499029,0 -4.3894264,53.1501241,0</coordinates></LineString></Placemark>
<Placemark><name>167 deg</name><LineString><coordinates>-4.3882165,53.1506851,0 -4.3878942,53.1499472,0 -4.3881266,53.1501284,0 -4.3878942,53.1499472,0 -4.3878398,53.1501737,0</coordinates></LineString></Placemark>
<Placemark><name>162 deg</name><LineString><coordinates>-4.3867225,53.1507151,0 -4.3862861,53.1500001,0 -4.3865456,53.1501670,0 -4.3862861,53.1500001,0 -4.3862678,53.1502283,0</coordinates></LineString></Placemark>
<Placemark><name>158 deg</name><LineString><coordinates>-4.3852286,53.1507450,0 -4.3847110,53.1500552,0 -4.3849881,53.1502095,0 -4.3847110,53.1500552,0 -4.3847200,53.1502822,0</coordinates></LineString></Placemark>
<Placemark><name>155 deg</name><LineString><coordinates>-4.3837346,53.1507750,0 -4.3831678,53.1501084,0 -4.3834539,53.1502528,0 -4.3831678,53.1501084,0 -4.3831948,53.1503324,0</coordinates></LineString></Placemark>
<Placemark><name>153 deg</name><LineString><coordinates>-4.3822406,53.1508049,0 -4.3816487,53.1501582,0 -4.3819380,53.1502953,0 -4.3816487,53.1501582,0 -4.3816866,53.1503784,0</coordinates></LineString></Placemark>
<Placemark><name>153 deg</name><LineString><coordinates>-4.3807467,53.1508348,0 -4.3801699,53.1501966,0 -4.3804532,53.1503325,0 -4.3801699,53.1501966,0 -4.3802052,53.1504135,0</coordinates></LineString></Placemark>
<Placemark><name>158 deg</name><LineString><coordinates>-4.3792527,53.1508646,0 -4.3787796,53.1502176,0 -4.3790361,53.1503631,0 -4.3787796,53.1502176,0 -4.3787846,53.1504296,0</coordinates></LineString></Placemark>
<Placemark><name>161 deg</name><LineString><coordinates>-4.3777588,53.1508945,0 -4.3773531,53.1502648,0 -4.3775875,53.1504103,0 -4.3773531,53.1502648,0 -4.3773428,53.1504673,0</coordinates></LineString></Placemark>
<Placemark><name>160 deg</name><LineString><coordinates>-4.3762648,53.1509243,0 -4.3758758,53.1503310,0 -4.3760986,53.1504676,0 -4.3758758,53.1503310,0 -4.3758680,53.1505223,0</coordinates></LineString></Placemark>
<Placemark><name>159 deg</name><LineString><coordinates>-4.3747708,53.1509541,0 -4.3743888,53.1504196,0 -4.3745982,53.1505405,0 -4.3743888,53.1504196,0 -4.3743905,53.1505941,0</coordinates></LineString></Placemark>
<Placemark><name>161 deg</name><LineString><coordinates>-4.3732768,53.1509839,0 -4.3729955,53.1505413,0 -4.3731593,53.1506439,0 -4.3729955,53.1505413,0 -4.3729872,53.1506834,0</coordinates></LineString></Placemark>
<Placemark><name>226 deg</name><LineString><coordinates>-4.3717829,53.1510137,0 -4.3722705,53.1507117,0 -4.3721944,53.1508294,0 -4.3722705,53.1507117,0 -4.3720770,53.1507609,0</coordinates></LineString></Placemark>
<Placemark><name>229 deg</name><LineString><coordinates>-4.3702889,53.1510435,0 -4.3708825,53.1507083,0 -4.3707836,53.1508426,0 -4.3708825,53.1507083,0 -4.3706533,53.1507592,0</coordinates></LineString></Placemark>
<Placemark><name>214 deg</name><LineString><coordinates>-4.3687949,53.1510732,0 -4.3692823,53.1506142,0 -4.3692369,53.1507753,0 -4.3692823,53.1506142,0 -4.3690585,53.1507068,0</coordinates></LineString></Placemark>
<Placemark><name>145 deg</name><LineString><coordinates>-4.3673009,53.1511030,0 -4.3667562,53.1506720,0 -4.3669905,53.1507529,0 -4.3667562,53.1506720,0 -4.3668230,53.1508294,0</coordinates></LineString></Placemark>
<Placemark><name>120 deg</name><LineString><coordinates>-4.3658069,53.1511327,0 -4.3650862,53.1508992,0 -4.3653307,53.1509131,0 -4.3650862,53.1508992,0 -4.3652400,53.1510144,0</coordinates></LineString></Placemark>
<Placemark><name>104 deg</name><LineString><coordinates>-4.3643129,53.1511623,0 -4.3635601,53.1510694,0 -4.3637862,53.1510422,0 -4.3635601,53.1510694,0 -4.3637501,53.1511479,0</coordinates></LineString></Placemark>
<Placemark><name>90 deg</name><LineString><coordinates>-4.3628189,53.1511920,0 -4.3620910,53.1512088,0 -4.3622889,53.1511530,0 -4.3620910,53.1512088,0 -4.3622954,53.1512553,0</coordinates></LineString></Placemark>
<Placemark><name>79 deg</name><LineString><coordinates>-4.3613249,53.1512217,0 -4.3606462,53.1513123,0 -4.3608162,53.1512396,0 -4.3606462,53.1513123,0 -4.3608514,53.1513349,0</coordinates></LineString></Placemark>
<Placemark><name>69 deg</name><LineString><coordinates>-4.3598309,53.1512513,0 -4.3591806,53.1514160,0 -4.3593283,53.1513248,0 -4.3591806,53.1514160,0 -4.3593923,53.1514162,0</coordinates></LineString></Placemark>
<Placemark><name>83 deg</name><LineString><coordinates>-4.3583369,53.1512809,0 -4.3575583,53.1513567,0 -4.3577587,53.1512811,0 -4.3575583,53.1513567,0 -4.3577882,53.1513904,0</coordinates></LineString></Placemark>
<Placemark><name>96 deg</name><LineString><coordinates>-4.3568429,53.1513105,0 -4.3560388,53.1512799,0 -4.3562670,53.1512319,0 -4.3560388,53.1512799,0 -4.3562551,53.1513448,0</coordinates></LineString></Placemark>
<Placemark><name>108 deg</name><LineString><coordinates>-4.3553489,53.1513401,0 -4.3545579,53.1511994,0 -4.3548038,53.1511827,0 -4.3545579,53.1511994,0 -4.3547492,53.1512938,0</coordinates></LineString></Placemark>
<Placemark><name>119 deg</name><LineString><coordinates>-4.3538549,53.1513696,0 -4.3530959,53.1511310,0 -4.3533520,53.1511436,0 -4.3530959,53.1511310,0 -4.3532592,53.1512503,0</coordinates></LineString></Placemark>
<Placemark><name>115 deg</name><LineString><coordinates>-4.3523609,53.1513992,0 -4.3514890,53.1511740,0 -4.3517737,53.1511750,0 -4.3514890,53.1511740,0 -4.3516862,53.1512974,0</coordinates></LineString></Placemark>
<Placemark><name>108 deg</name><LineString><coordinates>-4.3508669,53.1514287,0 -4.3499002,53.1512582,0 -4.3502004,53.1512374,0 -4.3499002,53.1512582,0 -4.3501342,53.1513732,0</coordinates></LineString></Placemark>
<Placemark><name>102 deg</name><LineString><coordinates>-4.3493729,53.1514582,0 -4.3483576,53.1513464,0 -4.3486598,53.1513060,0 -4.3483576,53.1513464,0 -4.3486164,53.1514486,0</coordinates></LineString></Placemark>
<Placemark><name>99 deg</name><LineString><coordinates>-4.3478789,53.1514877,0 -4.3468482,53.1514149,0 -4.3471471,53.1513626,0 -4.3468482,53.1514149,0 -4.3471188,53.1515074,0</coordinates></LineString></Placemark>
<Placemark><name>97 deg</name><LineString><coordinates>-4.3463848,53.1515171,0 -4.3453556,53.1514623,0 -4.3456506,53.1514052,0 -4.3453556,53.1514623,0 -4.3456293,53.1515498,0</coordinates></LineString></Placemark>
<Placemark><name>97 deg</name><LineString><coordinates>-4.3448908,53.1515466,0 -4.3438734,53.1514940,0 -4.3441647,53.1514371,0 -4.3438734,53.1514940,0 -4.3441443,53.1515800,0</coordinates></LineString></Placemark>
<Placemark><name>97 deg</name><LineString><coordinates>-4.3433968,53.1515760,0 -4.3424037,53.1515177,0 -4.3426894,53.1514641,0 -4.3424037,53.1515177,0 -4.3426668,53.1516036,0</coordinates></LineString></Placemark>
<Placemark><name>98 deg</name><LineString><coordinates>-4.3419028,53.1516054,0 -4.3409590,53.1515423,0 -4.3412321,53.1514934,0 -4.3409590,53.1515423,0 -4.3412075,53.1516260,0</coordinates></LineString></Placemark>
<Placemark><name>99 deg</name><LineString><coordinates>-4.3404087,53.1516348,0 -4.3395680,53.1515744,0 -4.3398120,53.1515320,0 -4.3395680,53.1515744,0 -4.3397885,53.1516501,0</coordinates></LineString></Placemark>
<Placemark><name>180 deg</name><LineString><coordinates>-4.3926483,53.1496970,0 -4.3926003,53.1489505,0 -4.3927586,53.1491534,0 -4.3926003,53.1489505,0 -4.3924685,53.1491601,0</coordinates></LineString></Placemark>
<Placemark><name>176 deg</name><LineString><coordinates>-4.3911544,53.1497270,0 -4.3910332,53.1489782,0 -4.3912122,53.1491766,0 -4.3910332,53.1489782,0 -4.3909212,53.1491937,0</coordinates></LineString></Placemark>
<Placemark><name>172 deg</name><LineString><coordinates>-4.3896605,53.1497570,0 -4.3894459,53.1490125,0 -4.3896499,53.1492031,0 -4.3894459,53.1490125,0 -4.3893605,53.1492333,0</coordinates></LineString></Placemark>
<Placemark><name>168 deg</name><LineString><coordinates>-4.3881666,53.1497870,0 -4.3878533,53.1490538,0 -4.3880824,53.1492344,0 -4.3878533,53.1490538,0 -4.3877974,53.1492784,0</coordinates></LineString></Placemark>
<Placemark><name>164 deg</name><LineString><coordinates>-4.3866727,53.1498170,0 -4.3862766,53.1490995,0 -4.3865255,53.1492699,0 -4.3862766,53.1490995,0 -4.3862466,53.1493256,0</coordinates></LineString></Placemark>
<Placemark><name>161 deg</name><LineString><coordinates>-4.3851788,53.1498469,0 -4.3847316,53.1491450,0 -4.3849915,53.1493076,0 -4.3847316,53.1491450,0 -4.3847187,53.1493704,0</coordinates></LineString></Placemark>
<Placemark><name>160 deg</name><LineString><coordinates>-4.3836848,53.1498768,0 -4.3832149,53.1491900,0 -4.3834782,53.1493468,0 -4.3832149,53.1491900,0 -4.3832113,53.1494128,0</coordinates></LineString></Placemark>
<Placemark><name>158 deg</name><LineString><coordinates>-4.3821909,53.1499068,0 -4.3817014,53.1492401,0 -4.3819662,53.1493899,0 -4.3817014,53.1492401,0 -4.3817071,53.1494587,0</coordinates></LineString></Placemark>
<Placemark><name>155 deg</name><LineString><coordinates>-4.3806970,53.1499366,0 -4.3801691,53.1492989,0 -4.3804389,53.1494380,0 -4.3801691,53.1492989,0 -4.3801910,53.1495122,0</coordinates></LineString></Placemark>
<Placemark><name>173 deg</name><LineString><coordinates>-4.3792030,53.1499665,0 -4.3790344,53.1492911,0 -4.3792123,53.1494659,0 -4.3790344,53.1492911,0 -4.3789497,53.1494896,0</coordinates></LineString></Placemark>
<Placemark><name>175 deg</name><LineString><coordinates>-4.3777091,53.1499964,0 -4.3775758,53.1493433,0 -4.3777395,53.1495144,0 -4.3775758,53.1493433,0 -4.3774857,53.1495331,0</coordinates></LineString></Placemark>
<Placemark><name>180 deg</name><LineString><coordinates>-4.3762152,53.1500262,0 -4.3761838,53.1493997,0 -4.3763142,53.1495706,0 -4.3761838,53.1493997,0 -4.3760707,53.1495750,0</coordinates></LineString></Placemark>
<Placemark><name>193 deg</name><LineString><coordinates>-4.3747212,53.1500560,0 -4.3749055,53.1494851,0 -4.3749655,53.1496558,0 -4.3749055,53.1494851,0 -4.3747436,53.1496299,0</coordinates></LineString></Placemark>
<Placemark><name>215 deg</name><LineString><coordinates>-4.3732273,53.1500858,0 -4.3736873,53.1496631,0 -4.3736423,53.1498122,0 -4.3736873,53.1496631,0 -4.3734780,53.1497476,0</coordinates></LineString></Placemark>
<Placemark><name>205 deg</name><LineString><coordinates>-4.3717333,53.1501156,0 -4.3720230,53.1496973,0 -4.3720243,53.1498332,0 -4.3720230,53.1496973,0 -4.3718617,53.1497926,0</coordinates></LineString></Placemark>
<Placemark><name>204 deg</name><LineString><coordinates>-4.3702394,53.1501454,0 -4.3705473,53.1496931,0 -4.3705501,53.1498397,0 -4.3705473,53.1496931,0 -4.3703743,53.1497965,0</coordinates></LineString></Placemark>
<Placemark><name>201 deg</name><LineString><coordinates>-4.3687454,53.1501751,0 -4.3690179,53.1496901,0 -4.3690369,53.1498432,0 -4.3690179,53.1496901,0 -4.3688484,53.1498050,0</coordinates></LineString></Placemark>
<Placemark><name>189 deg</name><LineString><coordinates>-4.3672515,53.1502048,0 -4.3673606,53.1496744,0 -4.3674335,53.1498286,0 -4.3673606,53.1496744,0 -4.3672274,53.1498133,0</coordinates></LineString></Placemark>
<Placemark><name>164 deg</name><LineString><coordinates>-4.3657575,53.1502345,0 -4.3654941,53.1497560,0 -4.3656599,53.1498697,0 -4.3654941,53.1497560,0 -4.3654739,53.1499068,0</coordinates></LineString></Placemark>
<Placemark><name>146 deg</name><LineString><coordinates>-4.3642636,53.1502642,0 -4.3638102,53.1498925,0 -4.3640077,53.1499634,0 -4.3638102,53.1498925,0 -4.3638632,53.1500271,0</coordinates></LineString></Placemark>
<Placemark><name>128 deg</name><LineString><coordinates>-4.3627696,53.1502939,0 -4.3621710,53.1500355,0 -4.3623866,53.1500648,0 -4.3621710,53.1500355,0 -4.3622862,53.1501489,0</coordinates></LineString></Placemark>
<Placemark><name>126 deg</name><LineString><coordinates>-4.3612756,53.1503235,0 -4.3606814,53.1500797,0 -4.3608930,53.1501054,0 -4.3606814,53.1500797,0 -4.3607982,53.1501888,0</coordinates></LineString></Placemark>
<Placemark><name>130 deg</name><LineString><coordinates>-4.3597817,53.1503532,0 -4.3591897,53.1500721,0 -4.3594079,53.1501082,0 -4.3591897,53.1500721,0 -4.3592987,53.1501913,0</coordinates></LineString></Placemark>
<Placemark><name>116 deg</name><LineString><coordinates>-4.3582877,53.1503828,0 -4.3575446,53.1501789,0 -4.3577895,53.1501831,0 -4.3575446,53.1501789,0 -4.3577103,53.1502875,0</coordinates></LineString></Placemark>
<Placemark><name>110 deg</name><LineString><coordinates>-4.3567937,53.1504124,0 -4.3560049,53.1502583,0 -4.3562529,53.1502454,0 -4.3560049,53.1502583,0 -4.3561930,53.1503562,0</coordinates></LineString></Placemark>
<Placemark><name>104 deg</name><LineString><coordinates>-4.3552998,53.1504419,0 -4.3544775,53.1503373,0 -4.3547251,53.1503085,0 -4.3544775,53.1503373,0 -4.3546844,53.1504240,0</coordinates></LineString></Placemark>
<Placemark><name>107 deg</name><LineString><coordinates>-4.3538058,53.1504715,0 -4.3529576,53.1503320,0 -4.3532191,53.1503110,0 -4.3529576,53.1503320,0 -4.3531649,53.1504301,0</coordinates></LineString></Placemark>
<Placemark><name>108 deg</name><LineString><coordinates>-4.3523118,53.1505010,0 -4.3513926,53.1503391,0 -4.3516780,53.1503193,0 -4.3513926,53.1503391,0 -4.3516151,53.1504484,0</coordinates></LineString></Placemark>
<Placemark><name>107 deg</name><LineString><coordinates>-4.3508178,53.1505305,0 -4.3498502,53.1503727,0 -4.3501482,53.1503484,0 -4.3498502,53.1503727,0 -4.3500869,53.1504843,0</coordinates></LineString></Placemark>
<Placemark><name>104 deg</name><LineString><coordinates>-4.3493238,53.1505600,0 -4.3483230,53.1504327,0 -4.3486243,53.1503976,0 -4.3483230,53.1504327,0 -4.3485748,53.1505382,0</coordinates></LineString></Placemark>
<Placemark><name>101 deg</name><LineString><coordinates>-4.3478298,53.1505895,0 -4.3468115,53.1504962,0 -4.3471110,53.1504505,0 -4.3468115,53.1504962,0 -4.3470747,53.1505935,0</coordinates></LineString></Placemark>
<Placemark><name>98 deg</name><LineString><coordinates>-4.3463359,53.1506190,0 -4.3453132,53.1505494,0 -4.3456093,53.1504968,0 -4.3453132,53.1505494,0 -4.3455823,53.1506404,0</coordinates></LineString></Placemark>
<Placemark><name>98 deg</name><LineString><coordinates>-4.3448419,53.1506484,0 -4.3438265,53.1505866,0 -4.3441191,53.1505324,0 -4.3438265,53.1505866,0 -4.3440950,53.1506750,0</coordinates></LineString></Placemark>
<Placemark><name>99 deg</name><LineString><coordinates>-4.3433479,53.1506779,0 -4.3423557,53.1506027,0 -4.3426444,53.1505538,0 -4.3423557,53.1506027,0 -4.3426152,53.1506931,0</coordinates></LineString></Placemark>
<Placemark><name>104 deg</name><LineString><coordinates>-4.3418539,53.1507073,0 -4.3409220,53.1505867,0 -4.3412029,53.1505546,0 -4.3409220,53.1505867,0 -4.3411561,53.1506855,0</coordinates></LineString></Placemark>
<Placemark><name>116 deg</name><LineString><coordinates>-4.3403599,53.1507366,0 -4.3395996,53.1505346,0 -4.3398489,53.1505370,0 -4.3395996,53.1505346,0 -4.3397704,53.1506438,0</coordinates></LineString></Placemark>
<Placemark><name>177 deg</name><LineString><coordinates>-4.3925984,53.1487989,0 -4.3924953,53.1480577,0 -4.3926678,53.1482553,0 -4.3924953,53.1480577,0 -4.3923797,53.1482698,0</coordinates></LineString></Placemark>
<Placemark><name>175 deg</name><LineString><coordinates>-4.3911045,53.1488289,0 -4.3909501,53.1480879,0 -4.3911367,53.1482818,0 -4.3909501,53.1480879,0 -4.3908488,53.1483035,0</coordinates></LineString></Placemark>
<Placemark><name>171 deg</name><LineString><coordinates>-4.3896106,53.1488589,0 -4.3893819,53.1481235,0 -4.3895880,53.1483106,0 -4.3893819,53.1481235,0 -4.3893022,53.1483427,0</coordinates></LineString></Placemark>
<Placemark><name>167 deg</name><LineString><coordinates>-4.3881167,53.1488889,0 -4.3878045,53.1481642,0 -4.3880316,53.1483426,0 -4.3878045,53.1481642,0 -4.3877500,53.1483864,0</coordinates></LineString></Placemark>
<Placemark><name>164 deg</name><LineString><coordinates>-4.3866229,53.1489189,0 -4.3862438,53.1482064,0 -4.3864870,53.1483766,0 -4.3862438,53.1482064,0 -4.3862101,53.1484299,0</coordinates></LineString></Placemark>
<Placemark><name>163 deg</name><LineString><coordinates>-4.3851290,53.1489488,0 -4.3847321,53.1482429,0 -4.3849790,53.1484101,0 -4.3847321,53.1482429,0 -4.3847046,53.1484658,0</coordinates></LineString></Placemark>
<Placemark><name>165 deg</name><LineString><coordinates>-4.3836351,53.1489787,0 -4.3832789,53.1482753,0 -4.3835140,53.1484447,0 -4.3832789,53.1482753,0 -4.3832406,53.1484947,0</coordinates></LineString></Placemark>
<Placemark><name>167 deg</name><LineString><coordinates>-4.3821412,53.1490086,0 -4.3818277,53.1483194,0 -4.3820482,53.1484878,0 -4.3818277,53.1483194,0 -4.3817804,53.1485318,0</coordinates></LineString></Placemark>
<Placemark><name>166 deg</name><LineString><coordinates>-4.3806473,53.1490385,0 -4.3803406,53.1483806,0 -4.3805532,53.1485409,0 -4.3803406,53.1483806,0 -4.3802975,53.1485840,0</coordinates></LineString></Placemark>
<Placemark><name>173 deg</name><LineString><coordinates>-4.3791534,53.1490684,0 -4.3789773,53.1484264,0 -4.3791507,53.1485914,0 -4.3789773,53.1484264,0 -4.3789012,53.1486161,0</coordinates></LineString></Placemark>
<Placemark><name>183 deg</name><LineString><coordinates>-4.3776595,53.1490983,0 -4.3776726,53.1484554,0 -4.3777939,53.1486340,0 -4.3776726,53.1484554,0 -4.3775441,53.1486321,0</coordinates></LineString></Placemark>
<Placemark><name>195 deg</name><LineString><coordinates>-4.3761656,53.1491281,0 -4.3763988,53.1485121,0 -4.3764541,53.1486987,0 -4.3763988,53.1485121,0 -4.3762147,53.1486659,0</coordinates></LineString></Placemark>
<Placemark><name>209 deg</name><LineString><coordinates>-4.3746717,53.1491579,0 -4.3751391,53.1486099,0 -4.3751164,53.1487942,0 -4.3751391,53.1486099,0 -4.3749034,53.1487285,0</coordinates></LineString></Placemark>
<Placemark><name>220 deg</name><LineString><coordinates>-4.3731777,53.1491877,0 -4.3738179,53.1487046,0 -4.3737349,53.1488831,0 -4.3738179,53.1487046,0 -4.3735472,53.1487931,0</coordinates></LineString></Placemark>
<Placemark><name>184 deg</name><LineString><coordinates>-4.3716838,53.1492175,0 -4.3717126,53.1486579,0 -4.3718134,53.1488145,0 -4.3717126,53.1486579,0 -4.3715959,53.1488105,0</coordinates></LineString></Placemark>
<Placemark><name>194 deg</name><LineString><coordinates>-4.3701899,53.1492472,0 -4.3703713,53.1487236,0 -4.3704229,53.1488810,0 -4.3703713,53.1487236,0 -4.3702194,53.1488556,0</coordinates></LineString></Placemark>
<Placemark><name>190 deg</name><LineString><coordinates>-4.3686960,53.1492770,0 -4.3688255,53.1487423,0 -4.3688936,53.1488991,0 -4.3688255,53.1487423,0 -4.3686858,53.1488809,0</coordinates></LineString></Placemark>
<Placemark><name>188 deg</name><LineString><coordinates>-4.3672021,53.1493067,0 -4.3673023,53.1487705,0 -4.3673788,53.1489257,0 -4.3673023,53.1487705,0 -4.3671704,53.1489117,0</coordinates></LineString></Placemark>
<Placemark><name>182 deg</name><LineString><coordinates>-4.3657081,53.1493364,0 -4.3657069,53.1488112,0 -4.3658093,53.1489562,0 -4.3657069,53.1488112,0 -4.3656052,53.1489564,0</coordinates></LineString></Placemark>
<Placemark><name>177 deg</name><LineString><coordinates>-4.3642142,53.1493661,0 -4.3641415,53.1488677,0 -4.3642585,53.1490003,0 -4.3641415,53.1488677,0 -4.3640648,53.1490105,0</coordinates></LineString></Placemark>
<Placemark><name>144 deg</name><LineString><coordinates>-4.3627203,53.1493958,0 -4.3622838,53.1490598,0 -4.3624697,53.1491220,0 -4.3622838,53.1490598,0 -4.3623391,53.1491833,0</coordinates></LineString></Placemark>
<Placemark><name>143 deg</name><LineString><coordinates>-4.3612263,53.1494254,0 -4.3607143,53.1490421,0 -4.3609303,53.1491120,0 -4.3607143,53.1490421,0 -4.3607813,53.1491839,0</coordinates></LineString></Placemark>
<Placemark><name>143 deg</name><LineString><coordinates>-4.3597324,53.1494550,0 -4.3592138,53.1490701,0 -4.3594319,53.1491400,0 -4.3592138,53.1490701,0 -4.3592823,53.1492129,0</coordinates></LineString></Placemark>
<Placemark><name>135 deg</name><LineString><coordinates>-4.3582385,53.1494846,0 -4.3576246,53.1491432,0 -4.3578606,53.1491944,0 -4.3576246,53.1491432,0 -4.3577279,53.1492807,0</coordinates></LineString></Placemark>
<Placemark><name>128 deg</name><LineString><coordinates>-4.3567445,53.1495142,0 -4.3560576,53.1492181,0 -4.3563050,53.1492517,0 -4.3560576,53.1492181,0 -4.3561899,53.1493482,0</coordinates></LineString></Placemark>
<Placemark><name>123 deg</name><LineString><coordinates>-4.3552506,53.1495438,0 -4.3545228,53.1492827,0 -4.3547746,53.1493038,0 -4.3545228,53.1492827,0 -4.3546732,53.1494060,0</coordinates></LineString></Placemark>
<Placemark><name>106 deg</name><LineString><coordinates>-4.3537566,53.1495734,0 -4.3528949,53.1494459,0 -4.3531578,53.1494206,0 -4.3528949,53.1494459,0 -4.3531082,53.1495416,0</coordinates></LineString></Placemark>
<Placemark><name>108 deg</name><LineString><coordinates>-4.3522627,53.1496029,0 -4.3513159,53.1494430,0 -4.3516086,53.1494207,0 -4.3513159,53.1494430,0 -4.3515464,53.1495537,0</coordinates></LineString></Placemark>
<Placemark><name>109 deg</name><LineString><coordinates>-4.3507687,53.1496324,0 -4.3498056,53.1494592,0 -4.3501054,53.1494394,0 -4.3498056,53.1494592,0 -4.3500381,53.1495747,0</coordinates></LineString></Placemark>
<Placemark><name>105 deg</name><LineString><coordinates>-4.3492748,53.1496619,0 -4.3482874,53.1495202,0 -4.3485878,53.1494900,0 -4.3482874,53.1495202,0 -4.3485327,53.1496287,0</coordinates></LineString></Placemark>
<Placemark><name>101 deg</name><LineString><coordinates>-4.3477808,53.1496914,0 -4.3467740,53.1495909,0 -4.3470717,53.1495479,0 -4.3467740,53.1495909,0 -4.3470327,53.1496893,0</coordinates></LineString></Placemark>
<Placemark><name>98 deg</name><LineString><coordinates>-4.3462869,53.1497208,0 -4.3452707,53.1496544,0 -4.3455644,53.1496014,0 -4.3452707,53.1496544,0 -4.3455386,53.1497441,0</coordinates></LineString></Placemark>
<Placemark><name>96 deg</name><LineString><coordinates>-4.3447929,53.1497503,0 -4.3437778,53.1497021,0 -4.3440676,53.1496441,0 -4.3437778,53.1497021,0 -4.3440489,53.1497867,0</coordinates></LineString></Placemark>
<Placemark><name>97 deg</name><LineString><coordinates>-4.3432989,53.1497797,0 -4.3422982,53.1497251,0 -4.3425853,53.1496699,0 -4.3422982,53.1497251,0 -4.3425641,53.1498104,0</coordinates></LineString></Placemark>
<Placemark><name>102 deg</name><LineString><coordinates>-4.3418050,53.1498091,0 -4.3408560,53.1497022,0 -4.3411390,53.1496651,0 -4.3408560,53.1497022,0 -4.3410974,53.1497984,0</coordinates></LineString></Placemark>
<Placemark><name>176 deg</name><LineString><coordinates>-4.3925484,53.1479008,0 -4.3924135,53.1471664,0 -4.3925935,53.1473599,0 -4.3924135,53.1471664,0 -4.3923081,53.1473788,0</coordinates></LineString></Placemark>
<Placemark><name>174 deg</name><LineString><coordinates>-4.3910546,53.1479308,0 -4.3908914,53.1471984,0 -4.3910788,53.1473893,0 -4.3908914,53.1471984,0 -4.3907942,53.1474122,0</coordinates></LineString></Placemark>
<Placemark><name>171 deg</name><LineString><coordinates>-4.3895607,53.1479608,0 -4.3893339,53.1472360,0 -4.3895374,53.1474204,0 -4.3893339,53.1472360,0 -4.3892557,53.1474522,0</coordinates></LineString></Placemark>
<Placemark><name>167 deg</name><LineString><coordinates>-4.3880669,53.1479908,0 -4.3877537,53.1472795,0 -4.3879785,53.1474540,0 -4.3877537,53.1472795,0 -4.3877020,53.1474980,0</coordinates></LineString></Placemark>
<Placemark><name>163 deg</name><LineString><coordinates>-4.3865730,53.1480207,0 -4.3861805,53.1473244,0 -4.3864243,53.1474893,0 -4.3861805,53.1473244,0 -4.3861536,53.1475444,0</coordinates></LineString></Placemark>
<Placemark><name>163 deg</name><LineString><coordinates>-4.3850792,53.1480507,0 -4.3846803,53.1473549,0 -4.3849257,53.1475191,0 -4.3846803,53.1473549,0 -4.3846553,53.1475752,0</coordinates></LineString></Placemark>
<Placemark><name>171 deg</name><LineString><coordinates>-4.3835853,53.1480806,0 -4.3833658,53.1473635,0 -4.3835658,53.1475462,0 -4.3833658,53.1473635,0 -4.3832871,53.1475771,0</coordinates></LineString></Placemark>
<Placemark><name>181 deg</name><LineString><coordinates>-4.3820914,53.1481105,0 -4.3820671,53.1474096,0 -4.3822100,53.1476016,0 -4.3820671,53.1474096,0 -4.3819376,53.1476050,0</coordinates></LineString></Placemark>
<Placemark><name>185 deg</name><LineString><coordinates>-4.3805976,53.1481404,0 -4.3806490,53.1474779,0 -4.3807635,53.1476646,0 -4.3806490,53.1474779,0 -4.3805061,53.1476574,0</coordinates></LineString></Placemark>
<Placemark><name>180 deg</name><LineString><coordinates>-4.3791037,53.1481703,0 -4.3790720,53.1475392,0 -4.3792034,53.1477114,0 -4.3790720,53.1475392,0 -4.3789581,53.1477158,0</coordinates></LineString></Placemark>
<Placemark><name>183 deg</name><LineString><coordinates>-4.3776098,53.1482001,0 -4.3776229,53.1475779,0 -4.3777402,53.1477507,0 -4.3776229,53.1475779,0 -4.3774983,53.1477489,0</coordinates></LineString></Placemark>
<Placemark><name>211 deg</name><LineString><coordinates>-4.3761160,53.1482300,0 -4.3766283,53.1476792,0 -4.3765938,53.1478674,0 -4.3766283,53.1476792,0 -4.3763797,53.1477954,0</coordinates></LineString></Placemark>
<Placemark><name>214 deg</name><LineString><coordinates>-4.3746221,53.1482598,0 -4.3751584,53.1477403,0 -4.3751112,53.1479215,0 -4.3751584,53.1477403,0 -4.3749093,53.1478462,0</coordinates></LineString></Placemark>
<Placemark><name>206 deg</name><LineString><coordinates>-4.3731282,53.1482896,0 -4.3735486,53.1477221,0 -4.3735427,53.1479084,0 -4.3735486,53.1477221,0 -4.3733222,53.1478494,0</coordinates></LineString></Placemark>
<Placemark><name>198 deg</name><LineString><coordinates>-4.3716343,53.1483194,0 -4.3719094,53.1477349,0 -4.3719470,53.1479157,0 -4.3719094,53.1477349,0 -4.3717198,53.1478771,0</coordinates></LineString></Placemark>
<Placemark><name>195 deg</name><LineString><coordinates>-4.3701404,53.1483491,0 -4.3703641,53.1477783,0 -4.3704132,53.1479517,0 -4.3703641,53.1477783,0 -4.3701914,53.1479203,0</coordinates></LineString></Placemark>
<Placemark><name>192 deg</name><LineString><coordinates>-4.3686465,53.1483789,0 -4.3688194,53.1478210,0 -4.3688800,53.1479873,0 -4.3688194,53.1478210,0 -4.3686632,53.1479630,0</coordinates></LineString></Placemark>
<Placemark><name>191 deg</name><LineString><coordinates>-4.3671526,53.1484086,0 -4.3672924,53.1478588,0 -4.3673606,53.1480206,0 -4.3672924,53.1478588,0 -4.3671470,53.1480009,0</coordinates></LineString></Placemark>
<Placemark><name>187 deg</name><LineString><coordinates>-4.3656587,53.1484383,0 -4.3657414,53.1478927,0 -4.3658246,53.1480493,0 -4.3657414,53.1478927,0 -4.3656126,53.1480377,0</coordinates></LineString></Placemark>
<Placemark><name>179 deg</name><LineString><coordinates>-4.3641648,53.1484680,0 -4.3641140,53.1479231,0 -4.3642340,53.1480701,0 -4.3641140,53.1479231,0 -4.3640222,53.1480772,0</coordinates></LineString></Placemark>
<Placemark><name>174 deg</name><LineString><coordinates>-4.3626709,53.1484976,0 -4.3625422,53.1479705,0 -4.3626802,53.1481071,0 -4.3625422,53.1479705,0 -4.3624753,53.1481252,0</coordinates></LineString></Placemark>
<Placemark><name>163 deg</name><LineString><coordinates>-4.3611770,53.1485273,0 -4.3608866,53.1480267,0 -4.3610642,53.1481446,0 -4.3608866,53.1480267,0 -4.3608696,53.1481854,0</coordinates></LineString></Placemark>
<Placemark><name>155 deg</name><LineString><coordinates>-4.3596831,53.1485569,0 -4.3592913,53.1480925,0 -4.3594898,53.1481933,0 -4.3592913,53.1480925,0 -4.3593093,53.1482484,0</coordinates></LineString></Placemark>
<Placemark><name>146 deg</name><LineString><coordinates>-4.3581892,53.1485865,0 -4.3576833,53.1481647,0 -4.3579051,53.1482458,0 -4.3576833,53.1481647,0 -4.3577411,53.1483168,0</coordinates></LineString></Placemark>
<Placemark><name>139 deg</name><LineString><coordinates>-4.3566953,53.1486161,0 -4.3560942,53.1482252,0 -4.3563363,53.1482910,0 -4.3560942,53.1482252,0 -4.3561843,53.1483754,0</coordinates></LineString></Placemark>
<Placemark><name>140 deg</name><LineString><coordinates>-4.3552014,53.1486457,0 -4.3545990,53.1482351,0 -4.3548452,53.1483063,0 -4.3545990,53.1482351,0 -4.3546857,53.1483909,0</coordinates></LineString></Placemark>
<Placemark><name>141 deg</name><LineString><coordinates>-4.3537075,53.1486752,0 -4.3530767,53.1482321,0 -4.3533371,53.1483102,0 -4.3530767,53.1482321,0 -4.3531649,53.1483988,0</coordinates></LineString></Placemark>
<Placemark><name>122 deg</name><LineString><coordinates>-4.3522136,53.1487048,0 -4.3513390,53.1484048,0 -4.3516390,53.1484262,0 -4.3513390,53.1484048,0 -4.3515224,53.1485491,0</coordinates></LineString></Placemark>
<Placemark><name>115 deg</name><LineString><coordinates>-4.3507197,53.1487343,0 -4.3497956,53.1485021,0 -4.3500961,53.1485013,0 -4.3497956,53.1485021,0 -4.3500058,53.1486311,0</coordinates></LineString></Placemark>
<Placemark><name>108 deg</name><LineString><coordinates>-4.3492257,53.1487638,0 -4.3482622,53.1485993,0 -4.3485604,53.1485771,0 -4.3482622,53.1485993,0 -4.3484964,53.1487124,0</coordinates></LineString></Placemark>
<Placemark><name>101 deg</name><LineString><coordinates>-4.3477318,53.1487933,0 -4.3467396,53.1486934,0 -4.3470332,53.1486513,0 -4.3467396,53.1486934,0 -4.3469944,53.1487907,0</coordinates></LineString></Placemark>
<Placemark><name>96 deg</name><LineString><coordinates>-4.3462379,53.1488227,0 -4.3452306,53.1487753,0 -4.3455181,53.1487176,0 -4.3452306,53.1487753,0 -4.3454997,53.1488591,0</coordinates></LineString></Placemark>
<Placemark><name>93 deg</name><LineString><coordinates>-4.3447439,53.1488521,0 -4.3437329,53.1488425,0 -4.3440141,53.1487742,0 -4.3437329,53.1488425,0 -4.3440104,53.1489162,0</coordinates></LineString></Placemark>
<Placemark><name>90 deg</name><LineString><coordinates>-4.3432500,53.1488816,0 -4.3422459,53.1488963,0 -4.3425205,53.1488217,0 -4.3422459,53.1488963,0 -4.3425262,53.1489628,0</coordinates></LineString></Placemark>
<Placemark><name>90 deg</name><LineString><coordinates>-4.3417561,53.1489110,0 -4.3407824,53.1489319,0 -4.3410474,53.1488577,0 -4.3407824,53.1489319,0 -4.3410555,53.1489945,0</coordinates></LineString></Placemark>
<Placemark><name>175 deg</name><LineString><coordinates>-4.3924985,53.1470027,0 -4.3923612,53.1462750,0 -4.3925405,53.1464664,0 -4.3923612,53.1462750,0 -4.3922577,53.1464857,0</coordinates></LineString></Placemark>
<Placemark><name>175 deg</name><LineString><coordinates>-4.3910047,53.1470327,0 -4.3908690,53.1463091,0 -4.3910471,53.1464995,0 -4.3908690,53.1463091,0 -4.3907659,53.1465185,0</coordinates></LineString></Placemark>
<Placemark><name>173 deg</name><LineString><coordinates>-4.3895109,53.1470627,0 -4.3893179,53.1463499,0 -4.3895097,53.1465333,0 -4.3893179,53.1463499,0 -4.3892327,53.1465604,0</coordinates></LineString></Placemark>
<Placemark><name>168 deg</name><LineString><coordinates>-4.3880170,53.1470927,0 -4.3877223,53.1463990,0 -4.3879386,53.1465700,0 -4.3877223,53.1463990,0 -4.3876690,53.1466114,0</coordinates></LineString></Placemark>
<Placemark><name>161 deg</name><LineString><coordinates>-4.3865232,53.1471226,0 -4.3861036,53.1464580,0 -4.3863487,53.1466122,0 -4.3861036,53.1464580,0 -4.3860904,53.1466711,0</coordinates></LineString></Placemark>
<Placemark><name>155 deg</name><LineString><coordinates>-4.3850294,53.1471526,0 -4.3844935,53.1465209,0 -4.3847643,53.1466578,0 -4.3844935,53.1465209,0 -4.3845188,53.1467331,0</coordinates></LineString></Placemark>
<Placemark><name>183 deg</name><LineString><coordinates>-4.3835355,53.1471825,0 -4.3835591,53.1464720,0 -4.3836906,53.1466700,0 -4.3835591,53.1464720,0 -4.3834145,53.1466667,0</coordinates></LineString></Placemark>
<Placemark><name>200 deg</name><LineString><coordinates>-4.3820417,53.1472124,0 -4.3823832,53.1465666,0 -4.3824143,53.1467690,0 -4.3823832,53.1465666,0 -4.3821634,53.1467211,0</coordinates></LineString></Placemark>
<Placemark><name>202 deg</name><LineString><coordinates>-4.3805479,53.1472423,0 -4.3809177,53.1466188,0 -4.3809367,53.1468170,0 -4.3809177,53.1466188,0 -4.3806943,53.1467651,0</coordinates></LineString></Placemark>
<Placemark><name>197 deg</name><LineString><coordinates>-4.3790540,53.1472722,0 -4.3793171,53.1466668,0 -4.3793621,53.1468525,0 -4.3793171,53.1466668,0 -4.3791268,53.1468156,0</coordinates></LineString></Placemark>
<Placemark><name>220 deg</name><LineString><coordinates>-4.3775602,53.1473020,0 -4.3781441,53.1468585,0 -4.3780689,53.1470221,0 -4.3781441,53.1468585,0 -4.3778965,53.1469400,0</coordinates></LineString></Placemark>
<Placemark><name>259 deg</name><LineString><coordinates>-4.3760663,53.1473319,0 -4.3769813,53.1472070,0 -4.3767527,53.1473057,0 -4.3769813,53.1472070,0 -4.3767042,53.1471772,0</coordinates></LineString></Placemark>
<Placemark><name>217 deg</name><LineString><coordinates>-4.3745725,53.1473617,0 -4.3750933,53.1469146,0 -4.3750363,53.1470747,0 -4.3750933,53.1469146,0 -4.3748625,53.1470015,0</coordinates></LineString></Placemark>
<Placemark><name>197 deg</name><LineString><coordinates>-4.3730786,53.1473915,0 -4.3733396,53.1468106,0 -4.3733803,53.1469895,0 -4.3733396,53.1468106,0 -4.3731546,53.1469528,0</coordinates></LineString></Placemark>
<Placemark><name>207 deg</name><LineString><coordinates>-4.3715848,53.1474212,0 -4.3720155,53.1468755,0 -4.3720025,53.1470565,0 -4.3720155,53.1468755,0 -4.3717904,53.1469960,0</coordinates></LineString></Placemark>
<Placemark><name>203 deg</name><LineString><coordinates>-4.3700909,53.1474510,0 -4.3704353,53.1469007,0 -4.3704471,53.1470769,0 -4.3704353,53.1469007,0 -4.3702332,53.1470286,0</coordinates></LineString></Placemark>
<Placemark><name>198 deg</name><LineString><coordinates>-4.3685971,53.1474807,0 -4.3688551,53.1469272,0 -4.3688914,53.1470983,0 -4.3688551,53.1469272,0 -4.3686762,53.1470620,0</coordinates></LineString></Placemark>
<Placemark><name>193 deg</name><LineString><coordinates>-4.3671032,53.1475105,0 -4.3672900,53.1469565,0 -4.3673460,53.1471227,0 -4.3672900,53.1469565,0 -4.3671307,53.1470965,0</coordinates></LineString></Placemark>
<Placemark><name>188 deg</name><LineString><coordinates>-4.3656094,53.1475402,0 -4.3657158,53.1469853,0 -4.3657942,53.1471461,0 -4.3657158,53.1469853,0 -4.3655786,53.1471311,0</coordinates></LineString></Placemark>
<Placemark><name>182 deg</name><LineString><coordinates>-4.3641155,53.1475698,0 -4.3641175,53.1470167,0 -4.3642244,53.1471697,0 -4.3641175,53.1470167,0 -4.3640094,53.1471694,0</coordinates></LineString></Placemark>
<Placemark><name>176 deg</name><LineString><coordinates>-4.3626216,53.1475995,0 -4.3625279,53.1470555,0 -4.3626595,53.1471992,0 -4.3625279,53.1470555,0 -4.3624481,53.1472124,0</coordinates></LineString></Placemark>
<Placemark><name>170 deg</name><LineString><coordinates>-4.3611277,53.1476291,0 -4.3609395,53.1470976,0 -4.3610948,53.1472312,0 -4.3609395,53.1470976,0 -4.3608882,53.1472577,0</coordinates></LineString></Placemark>
<Placemark><name>164 deg</name><LineString><coordinates>-4.3596339,53.1476588,0 -4.3593527,53.1471455,0 -4.3595302,53.1472676,0 -4.3593527,53.1471455,0 -4.3593307,53.1473071,0</coordinates></LineString></Placemark>
<Placemark><name>157 deg</name><LineString><coordinates>-4.3581400,53.1476884,0 -4.3577617,53.1472013,0 -4.3579609,53.1473093,0 -4.3577617,53.1472013,0 -4.3577716,53.1473625,0</coordinates></LineString></Placemark>
<Placemark><name>142 deg</name><LineString><coordinates>-4.3566461,53.1477180,0 -4.3560434,53.1472897,0 -4.3562931,53.1473657,0 -4.3560434,53.1472897,0 -4.3561267,53.1474504,0</coordinates></LineString></Placemark>
<Placemark><name>141 deg</name><LineString><coordinates>-4.3551522,53.1477475,0 -4.3545254,53.1473102,0 -4.3547836,53.1473871,0 -4.3545254,53.1473102,0 -4.3546137,53.1474751,0</coordinates></LineString></Placemark>
<Placemark><name>139 deg</name><LineString><coordinates>-4.3536584,53.1477771,0 -4.3529812,53.1473425,0 -4.3532528,53.1474150,0 -4.3529812,53.1473425,0 -4.3530839,53.1475101,0</coordinates></LineString></Placemark>
<Placemark><name>133 deg</name><LineString><coordinates>-4.3521645,53.1478066,0 -4.3514109,53.1474161,0 -4.3516950,53.1474711,0 -4.3514109,53.1474161,0 -4.3515433,53.1475769,0</coordinates></LineString></Placemark>
<Placemark><name>122 deg</name><LineString><coordinates>-4.3506706,53.1478361,0 -4.3498220,53.1475426,0 -4.3501135,53.1475641,0 -4.3498220,53.1475426,0 -4.3499995,53.1476833,0</coordinates></LineString></Placemark>
<Placemark><name>110 deg</name><LineString><coordinates>-4.3491767,53.1478656,0 -4.3482497,53.1476816,0 -4.3485416,53.1476673,0 -4.3482497,53.1476816,0 -4.3484701,53.1477975,0</coordinates></LineString></Placemark>
<Placemark><name>101 deg</name><LineString><coordinates>-4.3476828,53.1478951,0 -4.3467106,53.1478058,0 -4.3469966,53.1477622,0 -4.3467106,53.1478058,0 -4.3469619,53.1478987,0</coordinates></LineString></Placemark>
<Placemark><name>93 deg</name><LineString><coordinates>-4.3461889,53.1479246,0 -4.3451965,53.1479078,0 -4.3454740,53.1478427,0 -4.3451965,53.1479078,0 -4.3454674,53.1479821,0</coordinates></LineString></Placemark>
<Placemark><name>88 deg</name><LineString><coordinates>-4.3446950,53.1479540,0 -4.3436996,53.1479931,0 -4.3439671,53.1479124,0 -4.3436996,53.1479931,0 -4.3439823,53.1480522,0</coordinates></LineString></Placemark>
<Placemark><name>83 deg</name><LineString><coordinates>-4.3432011,53.1479834,0 -4.3422219,53.1480796,0 -4.3424738,53.1479843,0 -4.3422219,53.1480796,0 -4.3425112,53.1481218,0</coordinates></LineString></Placemark>
<Placemark><name>73 deg</name><LineString><coordinates>-4.3417072,53.1480128,0 -4.3407962,53.1482026,0 -4.3410110,53.1480862,0 -4.3407962,53.1482026,0 -4.3410848,53.1482141,0</coordinates></LineString></Placemark>
<Placemark><name>178 deg</name><LineString><coordinates>-4.3924485,53.1461046,0 -4.3923573,53.1453830,0 -4.3925227,53.1455759,0 -4.3923573,53.1453830,0 -4.3922423,53.1455888,0</coordinates></LineString></Placemark>
<Placemark><name>179 deg</name><LineString><coordinates>-4.3909548,53.1461346,0 -4.3909040,53.1454224,0 -4.3910564,53.1456156,0 -4.3909040,53.1454224,0 -4.3907797,53.1456227,0</coordinates></LineString></Placemark>
<Placemark><name>177 deg</name><LineString><coordinates>-4.3894610,53.1461646,0 -4.3893560,53.1454666,0 -4.3895206,53.1456521,0 -4.3893560,53.1454666,0 -4.3892494,53.1456669,0</coordinates></LineString></Placemark>
<Placemark><name>171 deg</name><LineString><coordinates>-4.3879672,53.1461946,0 -4.3877503,53.1455192,0 -4.3879415,53.1456906,0 -4.3877503,53.1455192,0 -4.3876790,53.1457210,0</coordinates></LineString></Placemark>
<Placemark><name>163 deg</name><LineString><coordinates>-4.3864734,53.1462245,0 -4.3861130,53.1455887,0 -4.3863362,53.1457391,0 -4.3861130,53.1455887,0 -4.3860891,53.1457897,0</coordinates></LineString></Placemark>
<Placemark><name>155 deg</name><LineString><coordinates>-4.3849796,53.1462545,0 -4.3844943,53.1456839,0 -4.3847393,53.1458074,0 -4.3844943,53.1456839,0 -4.3845175,53.1458756,0</coordinates></LineString></Placemark>
<Placemark><name>183 deg</name><LineString><coordinates>-4.3834858,53.1462844,0 -4.3835000,53.1457123,0 -4.3836072,53.1458714,0 -4.3835000,53.1457123,0 -4.3833849,53.1458694,0</coordinates></LineString></Placemark>
<Placemark><name>208 deg</name><LineString><coordinates>-4.3819920,53.1463143,0 -4.3824502,53.1457535,0 -4.3824326,53.1459406,0 -4.3824502,53.1457535,0 -4.3822146,53.1458763,0</coordinates></LineString></Placemark>
<Placemark><name>210 deg</name><LineString><coordinates>-4.3804982,53.1463442,0 -4.3809939,53.1457744,0 -4.3809676,53.1459667,0 -4.3809939,53.1457744,0 -4.3807462,53.1458970,0</coordinates></LineString></Placemark>
<Placemark><name>217 deg</name><LineString><coordinates>-4.3790044,53.1463740,0 -4.3796181,53.1458523,0 -4.3795499,53.1460396,0 -4.3796181,53.1458523,0 -4.3793472,53.1459533,0</coordinates></LineString></Placemark>
<Placemark><name>246 deg</name><LineString><coordinates>-4.3775106,53.1464039,0 -4.3784573,53.1461218,0 -4.3782505,53.1462663,0 -4.3784573,53.1461218,0 -4.3781409,53.1461333,0</coordinates></LineString></Placemark>
<Placemark><name>266 deg</name><LineString><coordinates>-4.3760167,53.1464337,0 -4.3769382,53.1463781,0 -4.3766944,53.1464582,0 -4.3769382,53.1463781,0 -4.3766728,53.1463287,0</coordinates></LineString></Placemark>
<Placemark><name>172 deg</name><LineString><coordinates>-4.3745229,53.1464635,0 -4.3743861,53.1459856,0 -4.3745168,53.1461080,0 -4.3743861,53.1459856,0 -4.3743310,53.1461273,0</coordinates></LineString></Placemark>
<Placemark><name>195 deg</name><LineString><coordinates>-4.3730291,53.1464933,0 -4.3732269,53.1460010,0 -4.3732679,53.1461510,0 -4.3732269,53.1460010,0 -4.3730766,53.1461232,0</coordinates></LineString></Placemark>
<Placemark><name>214 deg</name><LineString><coordinates>-4.3715353,53.1465231,0 -4.3720445,53.1460417,0 -4.3719974,53.1462105,0 -4.3720445,53.1460417,0 -4.3718103,53.1461390,0</coordinates></LineString></Placemark>
<Placemark><name>206 deg</name><LineString><coordinates>-4.3700415,53.1465529,0 -4.3704402,53.1460293,0 -4.3704318,53.1462020,0 -4.3704402,53.1460293,0 -4.3702283,53.1461460,0</coordinates></LineString></Placemark>
<Placemark><name>200 deg</name><LineString><coordinates>-4.3685476,53.1465826,0 -4.3688494,53.1460399,0 -4.3688715,53.1462111,0 -4.3688494,53.1460399,0 -4.3686606,53.1461687,0</coordinates></LineString></Placemark>
<Placemark><name>195 deg</name><LineString><coordinates>-4.3670538,53.1466123,0 -4.3672726,53.1460610,0 -4.3673193,53.1462287,0 -4.3672726,53.1460610,0 -4.3671050,53.1461980,0</coordinates></LineString></Placemark>
<Placemark><name>190 deg</name><LineString><coordinates>-4.3655600,53.1466420,0 -4.3656864,53.1460850,0 -4.3657597,53.1462478,0 -4.3656864,53.1460850,0 -4.3655432,53.1462301,0</coordinates></LineString></Placemark>
<Placemark><name>184 deg</name><LineString><coordinates>-4.3640661,53.1466717,0 -4.3640976,53.1461130,0 -4.3641974,53.1462696,0 -4.3640976,53.1461130,0 -4.3639803,53.1462652,0</coordinates></LineString></Placemark>
<Placemark><name>178 deg</name><LineString><coordinates>-4.3625723,53.1467014,0 -4.3625128,53.1461462,0 -4.3626371,53.1462955,0 -4.3625128,53.1461462,0 -4.3624214,53.1463038,0</coordinates></LineString></Placemark>
<Placemark><name>172 deg</name><LineString><coordinates>-4.3610785,53.1467310,0 -4.3609269,53.1461835,0 -4.3610752,53.1463242,0 -4.3609269,53.1461835,0 -4.3608624,53.1463455,0</coordinates></LineString></Placemark>
<Placemark><name>166 deg</name><LineString><coordinates>-4.3595846,53.1467606,0 -4.3593374,53.1462237,0 -4.3595101,53.1463547,0 -4.3593374,53.1462237,0 -4.3593014,53.1463894,0</coordinates></LineString></Placemark>
<Placemark><name>159 deg</name><LineString><coordinates>-4.3580908,53.1467902,0 -4.3577314,53.1462661,0 -4.3579326,53.1463857,0 -4.3577314,53.1462661,0 -4.3577289,53.1464362,0</coordinates></LineString></Placemark>
<Placemark><name>148 deg</name><LineString><coordinates>-4.3565969,53.1468198,0 -4.3560611,53.1463394,0 -4.3563025,53.1464345,0 -4.3560611,53.1463394,0 -4.3561158,53.1465098,0</coordinates></LineString></Placemark>
<Placemark><name>141 deg</name><LineString><coordinates>-4.3551031,53.1468494,0 -4.3544638,53.1464087,0 -4.3547261,53.1464856,0 -4.3544638,53.1464087,0 -4.3545548,53.1465754,0</coordinates></LineString></Placemark>
<Placemark><name>135 deg</name><LineString><coordinates>-4.3536092,53.1468790,0 -4.3528825,53.1464757,0 -4.3531617,53.1465361,0 -4.3528825,53.1464757,0 -4.3530050,53.1466382,0</coordinates></LineString></Placemark>
<Placemark><name>142 deg</name><LineString><coordinates>-4.3521154,53.1469085,0 -4.3514921,53.1464671,0 -4.3517501,53.1465453,0 -4.3514921,53.1464671,0 -4.3515785,53.1466329,0</coordinates></LineString></Placemark>
<Placemark><name>126 deg</name><LineString><coordinates>-4.3506215,53.1469380,0 -4.3498520,53.1466192,0 -4.3501266,53.1466533,0 -4.3498520,53.1466192,0 -4.3500027,53.1467614,0</coordinates></LineString></Placemark>
<Placemark><name>111 deg</name><LineString><coordinates>-4.3491276,53.1469675,0 -4.3482422,53.1467816,0 -4.3485229,53.1467708,0 -4.3482422,53.1467816,0 -4.3484507,53.1468952,0</coordinates></LineString></Placemark>
<Placemark><name>98 deg</name><LineString><coordinates>-4.3476338,53.1469970,0 -4.3466870,53.1469315,0 -4.3469613,53.1468831,0 -4.3466870,53.1469315,0 -4.3469359,53.1470161,0</coordinates></LineString></Placemark>
<Placemark><name>90 deg</name><LineString><coordinates>-4.3461399,53.1470264,0 -4.3451690,53.1470460,0 -4.3454335,53.1469724,0 -4.3451690,53.1470460,0 -4.3454411,53.1471088,0</coordinates></LineString></Placemark>
<Placemark><name>84 deg</name><LineString><coordinates>-4.3446460,53.1470559,0 -4.3436738,53.1471321,0 -4.3439276,53.1470428,0 -4.3436738,53.1471321,0 -4.3439572,53.1471793,0</coordinates></LineString></Placemark>
<Placemark><name>79 deg</name><LineString><coordinates>-4.3431522,53.1470853,0 -4.3422054,53.1472196,0 -4.3424409,53.1471160,0 -4.3422054,53.1472196,0 -4.3424931,53.1472490,0</coordinates></LineString></Placemark>
<Placemark><name>69 deg</name><LineString><coordinates>-4.3416583,53.1471147,0 -4.3407925,53.1473337,0 -4.3409892,53.1472124,0 -4.3407925,53.1473337,0 -4.3410743,53.1473340,0</coordinates></LineString></Placemark>
<Placemark><name>54 deg</name><LineString><coordinates>-4.3401644,53.1471441,0 -4.3394945,53.1474619,0 -4.3396178,53.1473270,0 -4.3394945,53.1474619,0 -4.3397414,53.1474211,0</coordinates></LineString></Placemark>
<Placemark><name>40 deg</name><LineString><coordinates>-4.3386705,53.1471734,0 -4.3382495,53.1474969,0 -4.3383030,53.1473780,0 -4.3382495,53.1474969,0 -4.3384287,53.1474371,0</coordinates></LineString></Placemark>
<Placemark><name>185 deg</name><LineString><coordinates>-4.3923986,53.1452064,0 -4.3924691,53.1445014,0 -4.3925866,53.1447012,0 -4.3924691,53.1445014,0 -4.3923126,53.1446913,0</coordinates></LineString></Placemark>
<Placemark><name>187 deg</name><LineString><coordinates>-4.3909048,53.1452365,0 -4.3910161,53.1445516,0 -4.3911184,53.1447487,0 -4.3910161,53.1445516,0 -4.3908523,53.1447330,0</coordinates></LineString></Placemark>
<Placemark><name>184 deg</name><LineString><coordinates>-4.3894111,53.1452665,0 -4.3894581,53.1445950,0 -4.3895756,53.1447838,0 -4.3894581,53.1445950,0 -4.3893146,53.1447772,0</coordinates></LineString></Placemark>
<Placemark><name>179 deg</name><LineString><coordinates>-4.3879173,53.1452964,0 -4.3878598,53.1446436,0 -4.3880025,53.1448199,0 -4.3878598,53.1446436,0 -4.3877488,53.1448280,0</coordinates></LineString></Placemark>
<Placemark><name>173 deg</name><LineString><coordinates>-4.3864236,53.1453264,0 -4.3862681,53.1447046,0 -4.3864319,53.1448655,0 -4.3862681,53.1447046,0 -4.3861903,53.1448874,0</coordinates></LineString></Placemark>
<Placemark><name>173 deg</name><LineString><coordinates>-4.3849298,53.1453563,0 -4.3847781,53.1447766,0 -4.3849327,53.1449262,0 -4.3847781,53.1447766,0 -4.3847074,53.1449475,0</coordinates></LineString></Placemark>
<Placemark><name>190 deg</name><LineString><coordinates>-4.3834360,53.1453863,0 -4.3835614,53.1448493,0 -4.3836311,53.1450065,0 -4.3835614,53.1448493,0 -4.3834224,53.1449889,0</coordinates></LineString></Placemark>
<Placemark><name>199 deg</name><LineString><coordinates>-4.3819423,53.1454162,0 -4.3822260,53.1448727,0 -4.3822532,53.1450428,0 -4.3822260,53.1448727,0 -4.3820420,53.1450029,0</coordinates></LineString></Placemark>
<Placemark><name>212 deg</name><LineString><coordinates>-4.3804485,53.1454461,0 -4.3809683,53.1449141,0 -4.3809280,53.1450976,0 -4.3809683,53.1449141,0 -4.3807213,53.1450246,0</coordinates></LineString></Placemark>
<Placemark><name>208 deg</name><LineString><coordinates>-4.3789547,53.1454759,0 -4.3794277,53.1449009,0 -4.3794088,53.1450930,0 -4.3794277,53.1449009,0 -4.3791853,53.1450265,0</coordinates></LineString></Placemark>
<Placemark><name>228 deg</name><LineString><coordinates>-4.3774609,53.1455058,0 -4.3783383,53.1450047,0 -4.3781932,53.1452048,0 -4.3783383,53.1450047,0 -4.3779985,53.1450815,0</coordinates></LineString></Placemark>
<Placemark><name>226 deg</name><LineString><coordinates>-4.3759671,53.1455356,0 -4.3767374,53.1450591,0 -4.3766171,53.1452449,0 -4.3767374,53.1450591,0 -4.3764319,53.1451367,0</coordinates></LineString></Placemark>
<Placemark><name>167 deg</name><LineString><coordinates>-4.3744734,53.1455654,0 -4.3742010,53.1449636,0 -4.3743932,53.1451108,0 -4.3742010,53.1449636,0 -4.3741593,53.1451490,0</coordinates></LineString></Placemark>
<Placemark><name>199 deg</name><LineString><coordinates>-4.3729796,53.1455952,0 -4.3732532,53.1450465,0 -4.3732842,53.1452174,0 -4.3732532,53.1450465,0 -4.3730710,53.1451789,0</coordinates></LineString></Placemark>
<Placemark><name>208 deg</name><LineString><coordinates>-4.3714858,53.1456250,0 -4.3718965,53.1451207,0 -4.3718810,53.1452889,0 -4.3718965,53.1451207,0 -4.3716850,53.1452312,0</coordinates></LineString></Placemark>
<Placemark><name>206 deg</name><LineString><coordinates>-4.3699920,53.1456547,0 -4.3703682,53.1451384,0 -4.3703646,53.1453075,0 -4.3703682,53.1451384,0 -4.3701639,53.1452546,0</coordinates></LineString></Placemark>
<Placemark><name>200 deg</name><LineString><coordinates>-4.3684982,53.1456845,0 -4.3687978,53.1451468,0 -4.3688195,53.1453164,0 -4.3687978,53.1451468,0 -4.3686105,53.1452743,0</coordinates></LineString></Placemark>
<Placemark><name>197 deg</name><LineString><coordinates>-4.3670044,53.1457142,0 -4.3672409,53.1451689,0 -4.3672815,53.1453362,0 -4.3672409,53.1451689,0 -4.3670696,53.1453030,0</coordinates></LineString></Placemark>
<Placemark><name>189 deg</name><LineString><coordinates>-4.3655106,53.1457439,0 -4.3656314,53.1451858,0 -4.3657064,53.1453485,0 -4.3656314,53.1451858,0 -4.3654896,53.1453315,0</coordinates></LineString></Placemark>
<Placemark><name>184 deg</name><LineString><coordinates>-4.3640168,53.1457736,0 -4.3640501,53.1452099,0 -4.3641504,53.1453680,0 -4.3640501,53.1452099,0 -4.3639314,53.1453633,0</coordinates></LineString></Placemark>
<Placemark><name>179 deg</name><LineString><coordinates>-4.3625230,53.1458032,0 -4.3624763,53.1452401,0 -4.3625986,53.1453924,0 -4.3624763,53.1452401,0 -4.3623797,53.1453990,0</coordinates></LineString></Placemark>
<Placemark><name>173 deg</name><LineString><coordinates>-4.3610292,53.1458329,0 -4.3608920,53.1452754,0 -4.3610382,53.1454198,0 -4.3608920,53.1452754,0 -4.3608216,53.1454391,0</coordinates></LineString></Placemark>
<Placemark><name>166 deg</name><LineString><coordinates>-4.3595354,53.1458625,0 -4.3592819,53.1453169,0 -4.3594580,53.1454499,0 -4.3592819,53.1453169,0 -4.3592459,53.1454855,0</coordinates></LineString></Placemark>
<Placemark><name>159 deg</name><LineString><coordinates>-4.3580415,53.1458921,0 -4.3576721,53.1453625,0 -4.3578771,53.1454829,0 -4.3576721,53.1453625,0 -4.3576713,53.1455348,0</coordinates></LineString></Placemark>
<Placemark><name>151 deg</name><LineString><coordinates>-4.3565477,53.1459217,0 -4.3560502,53.1454230,0 -4.3562846,53.1455259,0 -4.3560502,53.1454230,0 -4.3560908,53.1455958,0</coordinates></LineString></Placemark>
<Placemark><name>144 deg</name><LineString><coordinates>-4.3550539,53.1459513,0 -4.3544657,53.1454924,0 -4.3547174,53.1455779,0 -4.3544657,53.1454924,0 -4.3545390,53.1456605,0</coordinates></LineString></Placemark>
<Placemark><name>134 deg</name><LineString><coordinates>-4.3535601,53.1459808,0 -4.3528546,53.1455996,0 -4.3531236,53.1456554,0 -4.3528546,53.1455996,0 -4.3529755,53.1457545,0</coordinates></LineString></Placemark>
<Placemark><name>129 deg</name><LineString><coordinates>-4.3520663,53.1460104,0 -4.3513525,53.1456798,0 -4.3516140,53.1457210,0 -4.3513525,53.1456798,0 -4.3514855,53.1458213,0</coordinates></LineString></Placemark>
<Placemark><name>126 deg</name><LineString><coordinates>-4.3505724,53.1460399,0 -4.3498369,53.1457394,0 -4.3500985,53.1457707,0 -4.3498369,53.1457394,0 -4.3499817,53.1458741,0</coordinates></LineString></Placemark>
<Placemark><name>112 deg</name><LineString><coordinates>-4.3490786,53.1460694,0 -4.3482415,53.1458839,0 -4.3485089,53.1458763,0 -4.3482415,53.1458839,0 -4.3484368,53.1459939,0</coordinates></LineString></Placemark>
<Placemark><name>95 deg</name><LineString><coordinates>-4.3475848,53.1460988,0 -4.3466718,53.1460657,0 -4.3469305,53.1460107,0 -4.3466718,53.1460657,0 -4.3469176,53.1461390,0</coordinates></LineString></Placemark>
<Placemark><name>86 deg</name><LineString><coordinates>-4.3460909,53.1461283,0 -4.3451436,53.1461837,0 -4.3453946,53.1461018,0 -4.3451436,53.1461837,0 -4.3454161,53.1462349,0</coordinates></LineString></Placemark>
<Placemark><name>83 deg</name><LineString><coordinates>-4.3445971,53.1461577,0 -4.3436402,53.1462425,0 -4.3438881,53.1461519,0 -4.3436402,53.1462425,0 -4.3439210,53.1462863,0</coordinates></LineString></Placemark>
<Placemark><name>80 deg</name><LineString><coordinates>-4.3431033,53.1461871,0 -4.3421672,53.1463047,0 -4.3424030,53.1462065,0 -4.3421672,53.1463047,0 -4.3424487,53.1463380,0</coordinates></LineString></Placemark>
<Placemark><name>74 deg</name><LineString><coordinates>-4.3416094,53.1462165,0 -4.3407315,53.1463824,0 -4.3409419,53.1462749,0 -4.3407315,53.1463824,0 -4.3410063,53.1463982,0</coordinates></LineString></Placemark>
<Placemark><name>68 deg</name><LineString><coordinates>-4.3401156,53.1462459,0 -4.3393384,53.1464546,0 -4.3395126,53.1463424,0 -4.3393384,53.1464546,0 -4.3395937,53.1464515,0</coordinates></LineString></Placemark>
<Placemark><name>65 deg</name><LineString><coordinates>-4.3386217,53.1462753,0 -4.3379658,53.1464791,0 -4.3381074,53.1463767,0 -4.3379658,53.1464791,0 -4.3381866,53.1464689,0</coordinates></LineString></Placemark>
<Placemark><name>71 deg</name><LineString><coordinates>-4.3371279,53.1463046,0 -4.3365991,53.1464278,0 -4.3367213,53.1463566,0 -4.3365991,53.1464278,0 -4.3367692,53.1464309,0</coordinates></LineString></Placemark>
<Placemark><name>190 deg</name><LineString><coordinates>-4.3878675,53.1443983,0 -4.3880178,53.1437869,0 -4.3880951,53.1439664,0 -4.3880178,53.1437869,0 -4.3878575,53.1439453,0</coordinates></LineString></Placemark>
<Placemark><name>189 deg</name><LineString><coordinates>-4.3863737,53.1444283,0 -4.3864902,53.1438360,0 -4.3865731,53.1440078,0 -4.3864902,53.1438360,0 -4.3863429,53.1439915,0</coordinates></LineString></Placemark>
<Placemark><name>198 deg</name><LineString><coordinates>-4.3848800,53.1444582,0 -4.3851386,53.1439128,0 -4.3851732,53.1440817,0 -4.3851386,53.1439128,0 -4.3849612,53.1440453,0</coordinates></LineString></Placemark>
<Placemark><name>219 deg</name><LineString><coordinates>-4.3833863,53.1444882,0 -4.3839140,53.1440757,0 -4.3838484,53.1442267,0 -4.3839140,53.1440757,0 -4.3836881,53.1441526,0</coordinates></LineString></Placemark>
<Placemark><name>202 deg</name><LineString><coordinates>-4.3818925,53.1445181,0 -4.3821545,53.1440964,0 -4.3821641,53.1442313,0 -4.3821545,53.1440964,0 -4.3820002,53.1441945,0</coordinates></LineString></Placemark>
<Placemark><name>223 deg</name><LineString><coordinates>-4.3803988,53.1445479,0 -4.3809868,53.1441457,0 -4.3809025,53.1442981,0 -4.3809868,53.1441457,0 -4.3807461,53.1442155,0</coordinates></LineString></Placemark>
<Placemark><name>229 deg</name><LineString><coordinates>-4.3789050,53.1445778,0 -4.3795971,53.1441921,0 -4.3794808,53.1443473,0 -4.3795971,53.1441921,0 -4.3793310,53.1442501,0</coordinates></LineString></Placemark>
<Placemark><name>248 deg</name><LineString><coordinates>-4.3774113,53.1446077,0 -4.3783860,53.1443526,0 -4.3781663,53.1444915,0 -4.3783860,53.1443526,0 -4.3780671,53.1443546,0</coordinates></LineString></Placemark>
<Placemark><name>207 deg</name><LineString><coordinates>-4.3759175,53.1446375,0 -4.3763722,53.1440526,0 -4.3763602,53.1442462,0 -4.3763722,53.1440526,0 -4.3761330,53.1441823,0</coordinates></LineString></Placemark>
<Placemark><name>225 deg</name><LineString><coordinates>-4.3744238,53.1446673,0 -4.3750945,53.1442364,0 -4.3749929,53.1444026,0 -4.3750945,53.1442364,0 -4.3748255,53.1443083,0</coordinates></LineString></Placemark>
<Placemark><name>216 deg</name><LineString><coordinates>-4.3729300,53.1446971,0 -4.3734723,53.1442090,0 -4.3734173,53.1443819,0 -4.3734723,53.1442090,0 -4.3732277,53.1443058,0</coordinates></LineString></Placemark>
<Placemark><name>212 deg</name><LineString><coordinates>-4.3714363,53.1447269,0 -4.3719034,53.1442366,0 -4.3718696,53.1444048,0 -4.3719034,53.1442366,0 -4.3716790,53.1443392,0</coordinates></LineString></Placemark>
<Placemark><name>206 deg</name><LineString><coordinates>-4.3699425,53.1447566,0 -4.3703256,53.1442516,0 -4.3703179,53.1444181,0 -4.3703256,53.1442516,0 -4.3701216,53.1443643,0</coordinates></LineString></Placemark>
<Placemark><name>196 deg</name><LineString><coordinates>-4.3684487,53.1447864,0 -4.3686689,53.1442709,0 -4.3687082,53.1444288,0 -4.3686689,53.1442709,0 -4.3685079,53.1443979,0</coordinates></LineString></Placemark>
<Placemark><name>194 deg</name><LineString><coordinates>-4.3669550,53.1448161,0 -4.3671478,53.1442811,0 -4.3671985,53.1444424,0 -4.3671478,53.1442811,0 -4.3669906,53.1444153,0</coordinates></LineString></Placemark>
<Placemark><name>185 deg</name><LineString><coordinates>-4.3654612,53.1448458,0 -4.3655149,53.1442821,0 -4.3656096,53.1444416,0 -4.3655149,53.1442821,0 -4.3653905,53.1444341,0</coordinates></LineString></Placemark>
<Placemark><name>183 deg</name><LineString><coordinates>-4.3639674,53.1448755,0 -4.3639789,53.1443033,0 -4.3640869,53.1444622,0 -4.3639789,53.1443033,0 -4.3638645,53.1444606,0</coordinates></LineString></Placemark>
<Placemark><name>179 deg</name><LineString><coordinates>-4.3624737,53.1449051,0 -4.3624218,53.1443322,0 -4.3625474,53.1444869,0 -4.3624218,53.1443322,0 -4.3623248,53.1444942,0</coordinates></LineString></Placemark>
<Placemark><name>175 deg</name><LineString><coordinates>-4.3609799,53.1449348,0 -4.3608734,53.1443659,0 -4.3610133,53.1445156,0 -4.3608734,53.1443659,0 -4.3607923,53.1445306,0</coordinates></LineString></Placemark>
<Placemark><name>165 deg</name><LineString><coordinates>-4.3594861,53.1449644,0 -4.3592172,53.1444164,0 -4.3593980,53.1445489,0 -4.3592172,53.1444164,0 -4.3591850,53.1445867,0</coordinates></LineString></Placemark>
<Placemark><name>158 deg</name><LineString><coordinates>-4.3579923,53.1449940,0 -4.3575988,53.1444580,0 -4.3578117,53.1445785,0 -4.3575988,53.1444580,0 -4.3576034,53.1446338,0</coordinates></LineString></Placemark>
<Placemark><name>156 deg</name><LineString><coordinates>-4.3564985,53.1450236,0 -4.3560699,53.1444907,0 -4.3562919,53.1446079,0 -4.3560699,53.1444907,0 -4.3560848,53.1446681,0</coordinates></LineString></Placemark>
<Placemark><name>156 deg</name><LineString><coordinates>-4.3550047,53.1450531,0 -4.3545781,53.1445328,0 -4.3547971,53.1446466,0 -4.3545781,53.1445328,0 -4.3545949,53.1447066,0</coordinates></LineString></Placemark>
<Placemark><name>144 deg</name><LineString><coordinates>-4.3535110,53.1450827,0 -4.3529401,53.1446351,0 -4.3531848,53.1447186,0 -4.3529401,53.1446351,0 -4.3530109,53.1447988,0</coordinates></LineString></Placemark>
<Placemark><name>144 deg</name><LineString><coordinates>-4.3520172,53.1451122,0 -4.3514682,53.1446841,0 -4.3517031,53.1447638,0 -4.3514682,53.1446841,0 -4.3515367,53.1448409,0</coordinates></LineString></Placemark>
<Placemark><name>130 deg</name><LineString><coordinates>-4.3505234,53.1451417,0 -4.3498459,53.1448187,0 -4.3500959,53.1448603,0 -4.3498459,53.1448187,0 -4.3499703,53.1449555,0</coordinates></LineString></Placemark>
<Placemark><name>123 deg</name><LineString><coordinates>-4.3490296,53.1451712,0 -4.3483029,53.1449105,0 -4.3485544,53.1449315,0 -4.3483029,53.1449105,0 -4.3484531,53.1450336,0</coordinates></LineString></Placemark>
<Placemark><name>95 deg</name><LineString><coordinates>-4.3475358,53.1452007,0 -4.3466838,53.1451730,0 -4.3469246,53.1451208,0 -4.3466838,53.1451730,0 -4.3469138,53.1452405,0</coordinates></LineString></Placemark>
<Placemark><name>85 deg</name><LineString><coordinates>-4.3460420,53.1452302,0 -4.3451043,53.1453026,0 -4.3453493,53.1452167,0 -4.3451043,53.1453026,0 -4.3453774,53.1453484,0</coordinates></LineString></Placemark>
<Placemark><name>88 deg</name><LineString><coordinates>-4.3445481,53.1452596,0 -4.3435867,53.1452994,0 -4.3438447,53.1452209,0 -4.3435867,53.1452994,0 -4.3438601,53.1453559,0</coordinates></LineString></Placemark>
<Placemark><name>87 deg</name><LineString><coordinates>-4.3430543,53.1452890,0 -4.3421124,53.1453410,0 -4.3423626,53.1452605,0 -4.3421124,53.1453410,0 -4.3423828,53.1453928,0</coordinates></LineString></Placemark>
<Placemark><name>84 deg</name><LineString><coordinates>-4.3415605,53.1453184,0 -4.3406610,53.1453965,0 -4.3408944,53.1453117,0 -4.3406610,53.1453965,0 -4.3409247,53.1454381,0</coordinates></LineString></Placemark>
<Placemark><name>81 deg</name><LineString><coordinates>-4.3400667,53.1453478,0 -4.3392306,53.1454416,0 -4.3394434,53.1453570,0 -4.3392306,53.1454416,0 -4.3394799,53.1454744,0</coordinates></LineString></Placemark>
<Placemark><name>83 deg</name><LineString><coordinates>-4.3385729,53.1453771,0 -4.3378166,53.1454504,0 -4.3380113,53.1453771,0 -4.3378166,53.1454504,0 -4.3380398,53.1454833,0</coordinates></LineString></Placemark>
<Placemark><name>96 deg</name><LineString><coordinates>-4.3370791,53.1454065,0 -4.3364389,53.1453810,0 -4.3366208,53.1453431,0 -4.3364389,53.1453810,0 -4.3366108,53.1454330,0</coordinates></LineString></Placemark>
<Placemark><name>202 deg</name><LineString><coordinates>-4.3878176,53.1435002,0 -4.3881452,53.1429471,0 -4.3881622,53.1431230,0 -4.3881452,53.1429471,0 -4.3879472,53.1430769,0</coordinates></LineString></Placemark>
<Placemark><name>198 deg</name><LineString><coordinates>-4.3863239,53.1435302,0 -4.3865885,53.1429733,0 -4.3866236,53.1431458,0 -4.3865885,53.1429733,0 -4.3864072,53.1431086,0</coordinates></LineString></Placemark>
<Placemark><name>208 deg</name><LineString><coordinates>-4.3848302,53.1435601,0 -4.3852544,53.1430346,0 -4.3852393,53.1432096,0 -4.3852544,53.1430346,0 -4.3850351,53.1431500,0</coordinates></LineString></Placemark>
<Placemark><name>220 deg</name><LineString><coordinates>-4.3833365,53.1435900,0 -4.3839555,53.1431187,0 -4.3838760,53.1432924,0 -4.3839555,53.1431187,0 -4.3836929,53.1432055,0</coordinates></LineString></Placemark>
<Placemark><name>180 deg</name><LineString><coordinates>-4.3818428,53.1436199,0 -4.3818059,53.1430646,0 -4.3819240,53.1432154,0 -4.3818059,53.1430646,0 -4.3817082,53.1432206,0</coordinates></LineString></Placemark>
<Placemark><name>213 deg</name><LineString><coordinates>-4.3803491,53.1436498,0 -4.3808088,53.1431857,0 -4.3807720,53.1433462,0 -4.3808088,53.1431857,0 -4.3805916,53.1432816,0</coordinates></LineString></Placemark>
<Placemark><name>235 deg</name><LineString><coordinates>-4.3788554,53.1436797,0 -4.3796130,53.1433371,0 -4.3794702,53.1434850,0 -4.3796130,53.1433371,0 -4.3793371,53.1433785,0</coordinates></LineString></Placemark>
<Placemark><name>240 deg</name><LineString><coordinates>-4.3773617,53.1437095,0 -4.3782172,53.1433868,0 -4.3780435,53.1435361,0 -4.3782172,53.1433868,0 -4.3779181,53.1434159,0</coordinates></LineString></Placemark>
<Placemark><name>229 deg</name><LineString><coordinates>-4.3758679,53.1437394,0 -4.3765780,53.1433397,0 -4.3764594,53.1435000,0 -4.3765780,53.1433397,0 -4.3763041,53.1434003,0</coordinates></LineString></Placemark>
<Placemark><name>221 deg</name><LineString><coordinates>-4.3743742,53.1437692,0 -4.3749792,53.1433142,0 -4.3749005,53.1434824,0 -4.3749792,53.1433142,0 -4.3747236,53.1433974,0</coordinates></LineString></Placemark>
<Placemark><name>223 deg</name><LineString><coordinates>-4.3728805,53.1437990,0 -4.3735207,53.1433594,0 -4.3734292,53.1435259,0 -4.3735207,53.1433594,0 -4.3732584,53.1434359,0</coordinates></LineString></Placemark>
<Placemark><name>211 deg</name><LineString><coordinates>-4.3713868,53.1438287,0 -4.3718477,53.1433390,0 -4.3718155,53.1435067,0 -4.3718477,53.1433390,0 -4.3716252,53.1434420,0</coordinates></LineString></Placemark>
<Placemark><name>206 deg</name><LineString><coordinates>-4.3698930,53.1438585,0 -4.3702782,53.1433448,0 -4.3702716,53.1435138,0 -4.3702782,53.1433448,0 -4.3700720,53.1434597,0</coordinates></LineString></Placemark>
<Placemark><name>201 deg</name><LineString><coordinates>-4.3683993,53.1438882,0 -4.3687032,53.1433489,0 -4.3687240,53.1435193,0 -4.3687032,53.1433489,0 -4.3685144,53.1434766,0</coordinates></LineString></Placemark>
<Placemark><name>183 deg</name><LineString><coordinates>-4.3669056,53.1439179,0 -4.3669260,53.1433530,0 -4.3670301,53.1435105,0 -4.3669260,53.1433530,0 -4.3668106,53.1435077,0</coordinates></LineString></Placemark>
<Placemark><name>178 deg</name><LineString><coordinates>-4.3654118,53.1439476,0 -4.3653535,53.1433761,0 -4.3654807,53.1435299,0 -4.3653535,53.1433761,0 -4.3652585,53.1435381,0</coordinates></LineString></Placemark>
<Placemark><name>178 deg</name><LineString><coordinates>-4.3639181,53.1439773,0 -4.3638500,53.1433900,0 -4.3639829,53.1435475,0 -4.3638500,53.1433900,0 -4.3637547,53.1435571,0</coordinates></LineString></Placemark>
<Placemark><name>178 deg</name><LineString><coordinates>-4.3624243,53.1440070,0 -4.3623546,53.1434075,0 -4.3624904,53.1435683,0 -4.3623546,53.1434075,0 -4.3622574,53.1435781,0</coordinates></LineString></Placemark>
<Placemark><name>182 deg</name><LineString><coordinates>-4.3609306,53.1440366,0 -4.3609319,53.1434441,0 -4.3610467,53.1436079,0 -4.3609319,53.1434441,0 -4.3608164,53.1436077,0</coordinates></LineString></Placemark>
<Placemark><name>163 deg</name><LineString><coordinates>-4.3594368,53.1440662,0 -4.3591308,53.1435258,0 -4.3593204,53.1436537,0 -4.3591308,53.1435258,0 -4.3591104,53.1436966,0</coordinates></LineString></Placemark>
<Placemark><name>155 deg</name><LineString><coordinates>-4.3579431,53.1440959,0 -4.3574937,53.1435559,0 -4.3577228,53.1436735,0 -4.3574937,53.1435559,0 -4.3575130,53.1437367,0</coordinates></LineString></Placemark>
<Placemark><name>159 deg</name><LineString><coordinates>-4.3564493,53.1441254,0 -4.3560619,53.1435661,0 -4.3562776,53.1436934,0 -4.3560619,53.1435661,0 -4.3560602,53.1437478,0</coordinates></LineString></Placemark>
<Placemark><name>165 deg</name><LineString><coordinates>-4.3549556,53.1441550,0 -4.3546583,53.1435817,0 -4.3548518,53.1437192,0 -4.3546583,53.1435817,0 -4.3546290,53.1437610,0</coordinates></LineString></Placemark>
<Placemark><name>163 deg</name><LineString><coordinates>-4.3534618,53.1441846,0 -4.3531382,53.1436254,0 -4.3533363,53.1437572,0 -4.3531382,53.1436254,0 -4.3531190,53.1438026,0</coordinates></LineString></Placemark>
<Placemark><name>177 deg</name><LineString><coordinates>-4.3519681,53.1442141,0 -4.3518837,53.1436484,0 -4.3520169,53.1437988,0 -4.3518837,53.1436484,0 -4.3517971,53.1438106,0</coordinates></LineString></Placemark>
<Placemark><name>106 deg</name><LineString><coordinates>-4.3504743,53.1442436,0 -4.3497188,53.1441257,0 -4.3499504,53.1441052,0 -4.3497188,53.1441257,0 -4.3499046,53.1442114,0</coordinates></LineString></Placemark>
<Placemark><name>136 deg</name><LineString><coordinates>-4.3489805,53.1442731,0 -4.3483879,53.1439245,0 -4.3486194,53.1439792,0 -4.3483879,53.1439245,0 -4.3484839,53.1440625,0</coordinates></LineString></Placemark>
<Placemark><name>141 deg</name><LineString><coordinates>-4.3474868,53.1443026,0 -4.3469458,53.1439257,0 -4.3471685,53.1439919,0 -4.3469458,53.1439257,0 -4.3470220,53.1440679,0</coordinates></LineString></Placemark>
<Placemark><name>108 deg</name><LineString><coordinates>-4.3459930,53.1443320,0 -4.3450532,53.1441682,0 -4.3453447,53.1441475,0 -4.3450532,53.1441682,0 -4.3452810,53.1442795,0</coordinates></LineString></Placemark>
<Placemark><name>101 deg</name><LineString><coordinates>-4.3444992,53.1443614,0 -4.3435488,53.1442715,0 -4.3438289,53.1442296,0 -4.3435488,53.1442715,0 -4.3437939,53.1443631,0</coordinates></LineString></Placemark>
<Placemark><name>97 deg</name><LineString><coordinates>-4.3430054,53.1443909,0 -4.3420719,53.1443410,0 -4.3423396,53.1442892,0 -4.3420719,53.1443410,0 -4.3423202,53.1444203,0</coordinates></LineString></Placemark>
<Placemark><name>94 deg</name><LineString><coordinates>-4.3415116,53.1444203,0 -4.3406111,53.1443982,0 -4.3408643,53.1443410,0 -4.3406111,53.1443982,0 -4.3408557,53.1444675,0</coordinates></LineString></Placemark>
<Placemark><name>93 deg</name><LineString><coordinates>-4.3400179,53.1444496,0 -4.3391675,53.1444381,0 -4.3394047,53.1443815,0 -4.3391675,53.1444381,0 -4.3394002,53.1445010,0</coordinates></LineString></Placemark>
<Placemark><name>95 deg</name><LineString><coordinates>-4.3385241,53.1444790,0 -4.3377449,53.1444564,0 -4.3379646,53.1444079,0 -4.3377449,53.1444564,0 -4.3379558,53.1445174,0</coordinates></LineString></Placemark>
<Placemark><name>96 deg</name><LineString><coordinates>-4.3370303,53.1445083,0 -4.3363661,53.1444814,0 -4.3365548,53.1444422,0 -4.3363661,53.1444814,0 -4.3365444,53.1445355,0</coordinates></LineString></Placemark>
<Placemark><name>206 deg</name><LineString><coordinates>-4.3832868,53.1426919,0 -4.3836970,53.1421437,0 -4.3836902,53.1423240,0 -4.3836970,53.1421437,0 -4.3834771,53.1422663,0</coordinates></LineString></Placemark>
<Placemark><name>202 deg</name><LineString><coordinates>-4.3817931,53.1427218,0 -4.3821344,53.1421647,0 -4.3821483,53.1423426,0 -4.3821344,53.1421647,0 -4.3819318,53.1422946,0</coordinates></LineString></Placemark>
<Placemark><name>214 deg</name><LineString><coordinates>-4.3802994,53.1427517,0 -4.3808131,53.1422602,0 -4.3807667,53.1424321,0 -4.3808131,53.1422602,0 -4.3805757,53.1423599,0</coordinates></LineString></Placemark>
<Placemark><name>231 deg</name><LineString><coordinates>-4.3788057,53.1427816,0 -4.3795474,53.1424011,0 -4.3794164,53.1425583,0 -4.3795474,53.1424011,0 -4.3792686,53.1424541,0</coordinates></LineString></Placemark>
<Placemark><name>215 deg</name><LineString><coordinates>-4.3773120,53.1428114,0 -4.3778149,53.1423545,0 -4.3777647,53.1425161,0 -4.3778149,53.1423545,0 -4.3775872,53.1424455,0</coordinates></LineString></Placemark>
<Placemark><name>217 deg</name><LineString><coordinates>-4.3758184,53.1428412,0 -4.3764078,53.1423277,0 -4.3763447,53.1425110,0 -4.3764078,53.1423277,0 -4.3761452,53.1424282,0</coordinates></LineString></Placemark>
<Placemark><name>214 deg</name><LineString><coordinates>-4.3743247,53.1428711,0 -4.3748527,53.1423621,0 -4.3748057,53.1425399,0 -4.3748527,53.1423621,0 -4.3746079,53.1424657,0</coordinates></LineString></Placemark>
<Placemark><name>215 deg</name><LineString><coordinates>-4.3728310,53.1429008,0 -4.3733744,53.1423902,0 -4.3733234,53.1425695,0 -4.3733744,53.1423902,0 -4.3731250,53.1424932,0</coordinates></LineString></Placemark>
<Placemark><name>205 deg</name><LineString><coordinates>-4.3713373,53.1429306,0 -4.3717198,53.1423833,0 -4.3717204,53.1425614,0 -4.3717198,53.1423833,0 -4.3715077,53.1425077,0</coordinates></LineString></Placemark>
<Placemark><name>204 deg</name><LineString><coordinates>-4.3698436,53.1429604,0 -4.3702065,53.1424253,0 -4.3702102,53.1425986,0 -4.3702065,53.1424253,0 -4.3700022,53.1425476,0</coordinates></LineString></Placemark>
<Placemark><name>197 deg</name><LineString><coordinates>-4.3683499,53.1429901,0 -4.3685904,53.1424413,0 -4.3686306,53.1426098,0 -4.3685904,53.1424413,0 -4.3684173,53.1425760,0</coordinates></LineString></Placemark>
<Placemark><name>182 deg</name><LineString><coordinates>-4.3668562,53.1430198,0 -4.3668634,53.1424551,0 -4.3669711,53.1426116,0 -4.3668634,53.1424551,0 -4.3667517,53.1426106,0</coordinates></LineString></Placemark>
<Placemark><name>172 deg</name><LineString><coordinates>-4.3653625,53.1430495,0 -4.3652039,53.1424840,0 -4.3653576,53.1426292,0 -4.3652039,53.1424840,0 -4.3651378,53.1426514,0</coordinates></LineString></Placemark>
<Placemark><name>167 deg</name><LineString><coordinates>-4.3638687,53.1430792,0 -4.3636257,53.1425105,0 -4.3638034,53.1426506,0 -4.3636257,53.1425105,0 -4.3635824,53.1426847,0</coordinates></LineString></Placemark>
<Placemark><name>177 deg</name><LineString><coordinates>-4.3623750,53.1431089,0 -4.3622912,53.1425122,0 -4.3624303,53.1426712,0 -4.3622912,53.1425122,0 -4.3621984,53.1426829,0</coordinates></LineString></Placemark>
<Placemark><name>180 deg</name><LineString><coordinates>-4.3608813,53.1431385,0 -4.3608443,53.1425194,0 -4.3609748,53.1426879,0 -4.3608443,53.1425194,0 -4.3607342,53.1426931,0</coordinates></LineString></Placemark>
<Placemark><name>172 deg</name><LineString><coordinates>-4.3593876,53.1431681,0 -4.3592083,53.1425431,0 -4.3593793,53.1427032,0 -4.3592083,53.1425431,0 -4.3591364,53.1427284,0</coordinates></LineString></Placemark>
<Placemark><name>159 deg</name><LineString><coordinates>-4.3578939,53.1431977,0 -4.3575005,53.1426264,0 -4.3577202,53.1427567,0 -4.3575005,53.1426264,0 -4.3574982,53.1428119,0</coordinates></LineString></Placemark>
<Placemark><name>160 deg</name><LineString><coordinates>-4.3564002,53.1432273,0 -4.3560260,53.1426559,0 -4.3562404,53.1427875,0 -4.3560260,53.1426559,0 -4.3560184,53.1428401,0</coordinates></LineString></Placemark>
<Placemark><name>169 deg</name><LineString><coordinates>-4.3549064,53.1432569,0 -4.3546786,53.1426696,0 -4.3548557,53.1428159,0 -4.3546786,53.1426696,0 -4.3546275,53.1428479,0</coordinates></LineString></Placemark>
<Placemark><name>168 deg</name><LineString><coordinates>-4.3534127,53.1432864,0 -4.3531754,53.1427158,0 -4.3533518,53.1428568,0 -4.3531754,53.1427158,0 -4.3531301,53.1428901,0</coordinates></LineString></Placemark>
<Placemark><name>179 deg</name><LineString><coordinates>-4.3519190,53.1433159,0 -4.3518788,53.1427589,0 -4.3519981,53.1429100,0 -4.3518788,53.1427589,0 -4.3517816,53.1429157,0</coordinates></LineString></Placemark>
<Placemark><name>180 deg</name><LineString><coordinates>-4.3504252,53.1433455,0 -4.3503872,53.1427784,0 -4.3505079,53.1429324,0 -4.3503872,53.1427784,0 -4.3502875,53.1429378,0</coordinates></LineString></Placemark>
<Placemark><name>154 deg</name><LineString><coordinates>-4.3489315,53.1433749,0 -4.3485105,53.1428977,0 -4.3487196,53.1430000,0 -4.3485105,53.1428977,0 -4.3485341,53.1430591,0</coordinates></LineString></Placemark>
<Placemark><name>145 deg</name><LineString><coordinates>-4.3474378,53.1434044,0 -4.3468913,53.1429669,0 -4.3471273,53.1430494,0 -4.3468913,53.1429669,0 -4.3469573,53.1431262,0</coordinates></LineString></Placemark>
<Placemark><name>128 deg</name><LineString><coordinates>-4.3459440,53.1434339,0 -4.3451841,53.1430957,0 -4.3454598,53.1431358,0 -4.3451841,53.1430957,0 -4.3453284,53.1432426,0</coordinates></LineString></Placemark>
<Placemark><name>115 deg</name><LineString><coordinates>-4.3444503,53.1434633,0 -4.3435786,53.1432442,0 -4.3438620,53.1432435,0 -4.3435786,53.1432442,0 -4.3437769,53.1433660,0</coordinates></LineString></Placemark>
<Placemark><name>108 deg</name><LineString><coordinates>-4.3429565,53.1434927,0 -4.3420666,53.1433417,0 -4.3423419,53.1433209,0 -4.3420666,53.1433417,0 -4.3422832,53.1434459,0</coordinates></LineString></Placemark>
<Placemark><name>104 deg</name><LineString><coordinates>-4.3414628,53.1435221,0 -4.3405900,53.1434086,0 -4.3408532,53.1433787,0 -4.3405900,53.1434086,0 -4.3408091,53.1435013,0</coordinates></LineString></Placemark>
<Placemark><name>103 deg</name><LineString><coordinates>-4.3399690,53.1435515,0 -4.3391369,53.1434530,0 -4.3393860,53.1434217,0 -4.3391369,53.1434530,0 -4.3393477,53.1435386,0</coordinates></LineString></Placemark>
<Placemark><name>105 deg</name><LineString><coordinates>-4.3384753,53.1435809,0 -4.3377165,53.1434710,0 -4.3379475,53.1434480,0 -4.3377165,53.1434710,0 -4.3379048,53.1435546,0</coordinates></LineString></Placemark>
<Placemark><name>214 deg</name><LineString><coordinates>-4.3802497,53.1418536,0 -4.3807724,53.1413474,0 -4.3807264,53.1415240,0 -4.3807724,53.1413474,0 -4.3805297,53.1414505,0</coordinates></LineString></Placemark>
<Placemark><name>224 deg</name><LineString><coordinates>-4.3787561,53.1418835,0 -4.3794376,53.1414240,0 -4.3793385,53.1415988,0 -4.3794376,53.1414240,0 -4.3791600,53.1415031,0</coordinates></LineString></Placemark>
<Placemark><name>210 deg</name><LineString><coordinates>-4.3772624,53.1419133,0 -4.3777538,53.1413701,0 -4.3777236,53.1415547,0 -4.3777538,53.1413701,0 -4.3775125,53.1414857,0</coordinates></LineString></Placemark>
<Placemark><name>210 deg</name><LineString><coordinates>-4.3757688,53.1419431,0 -4.3762335,53.1414167,0 -4.3762073,53.1415948,0 -4.3762335,53.1414167,0 -4.3760028,53.1415296,0</coordinates></LineString></Placemark>
<Placemark><name>211 deg</name><LineString><coordinates>-4.3742751,53.1419729,0 -4.3747620,53.1414437,0 -4.3747303,53.1416241,0 -4.3747620,53.1414437,0 -4.3745246,53.1415557,0</coordinates></LineString></Placemark>
<Placemark><name>210 deg</name><LineString><coordinates>-4.3727814,53.1420027,0 -4.3732558,53.1414638,0 -4.3732294,53.1416460,0 -4.3732558,53.1414638,0 -4.3730200,53.1415794,0</coordinates></LineString></Placemark>
<Placemark><name>209 deg</name><LineString><coordinates>-4.3712878,53.1420325,0 -4.3717463,53.1414931,0 -4.3717244,53.1416744,0 -4.3717463,53.1414931,0 -4.3715148,53.1416099,0</coordinates></LineString></Placemark>
<Placemark><name>209 deg</name><LineString><coordinates>-4.3697941,53.1420622,0 -4.3702470,53.1415400,0 -4.3702233,53.1417161,0 -4.3702470,53.1415400,0 -4.3700204,53.1416525,0</coordinates></LineString></Placemark>
<Placemark><name>201 deg</name><LineString><coordinates>-4.3683004,53.1420920,0 -4.3686069,53.1415625,0 -4.3686251,53.1417303,0 -4.3686069,53.1415625,0 -4.3684194,53.1416873,0</coordinates></LineString></Placemark>
<Placemark><name>179 deg</name><LineString><coordinates>-4.3668068,53.1421217,0 -4.3667590,53.1415685,0 -4.3668797,53.1417180,0 -4.3667590,53.1415685,0 -4.3666647,53.1417247,0</coordinates></LineString></Placemark>
<Placemark><name>167 deg</name><LineString><coordinates>-4.3653131,53.1421514,0 -4.3650683,53.1416028,0 -4.3652425,53.1417372,0 -4.3650683,53.1416028,0 -4.3650293,53.1417716,0</coordinates></LineString></Placemark>
<Placemark><name>162 deg</name><LineString><coordinates>-4.3638194,53.1421811,0 -4.3635000,53.1416360,0 -4.3636941,53.1417642,0 -4.3635000,53.1416360,0 -4.3634824,53.1418091,0</coordinates></LineString></Placemark>
<Placemark><name>162 deg</name><LineString><coordinates>-4.3623257,53.1422107,0 -4.3619986,53.1416552,0 -4.3621969,53.1417857,0 -4.3619986,53.1416552,0 -4.3619810,53.1418317,0</coordinates></LineString></Placemark>
<Placemark><name>166 deg</name><LineString><coordinates>-4.3608320,53.1422404,0 -4.3605488,53.1416484,0 -4.3607421,53.1417920,0 -4.3605488,53.1416484,0 -4.3605121,53.1418318,0</coordinates></LineString></Placemark>
<Placemark><name>178 deg</name><LineString><coordinates>-4.3593383,53.1422700,0 -4.3592743,53.1416654,0 -4.3594094,53.1418279,0 -4.3592743,53.1416654,0 -4.3591745,53.1418369,0</coordinates></LineString></Placemark>
<Placemark><name>164 deg</name><LineString><coordinates>-4.3578447,53.1422996,0 -4.3575332,53.1417360,0 -4.3577288,53.1418699,0 -4.3575332,53.1417360,0 -4.3575098,53.1419136,0</coordinates></LineString></Placemark>
<Placemark><name>150 deg</name><LineString><coordinates>-4.3563510,53.1423292,0 -4.3558429,53.1418298,0 -4.3560803,53.1419321,0 -4.3558429,53.1418298,0 -4.3558863,53.1420035,0</coordinates></LineString></Placemark>
<Placemark><name>181 deg</name><LineString><coordinates>-4.3548573,53.1423587,0 -4.3548363,53.1418031,0 -4.3549500,53.1419552,0 -4.3548363,53.1418031,0 -4.3547341,53.1419581,0</coordinates></LineString></Placemark>
<Placemark><name>181 deg</name><LineString><coordinates>-4.3533636,53.1423883,0 -4.3533419,53.1418389,0 -4.3534546,53.1419892,0 -4.3533419,53.1418389,0 -4.3532412,53.1419922,0</coordinates></LineString></Placemark>
<Placemark><name>192 deg</name><LineString><coordinates>-4.3518699,53.1424178,0 -4.3520224,53.1418944,0 -4.3520819,53.1420497,0 -4.3520224,53.1418944,0 -4.3518785,53.1420283,0</coordinates></LineString></Placemark>
<Placemark><name>181 deg</name><LineString><coordinates>-4.3503762,53.1424473,0 -4.3503680,53.1419228,0 -4.3504722,53.1420671,0 -4.3503680,53.1419228,0 -4.3502684,53.1420683,0</coordinates></LineString></Placemark>
<Placemark><name>159 deg</name><LineString><coordinates>-4.3488825,53.1424768,0 -4.3485471,53.1419876,0 -4.3487348,53.1420992,0 -4.3485471,53.1419876,0 -4.3485447,53.1421463,0</coordinates></LineString></Placemark>
<Placemark><name>144 deg</name><LineString><coordinates>-4.3473888,53.1425063,0 -4.3468367,53.1420779,0 -4.3470725,53.1421575,0 -4.3468367,53.1420779,0 -4.3469060,53.1422351,0</coordinates></LineString></Placemark>
<Placemark><name>132 deg</name><LineString><coordinates>-4.3458950,53.1425357,0 -4.3451904,53.1421793,0 -4.3454544,53.1422283,0 -4.3451904,53.1421793,0 -4.3453159,53.1423273,0</coordinates></LineString></Placemark>
<Placemark><name>122 deg</name><LineString><coordinates>-4.3444013,53.1425652,0 -4.3436041,53.1422852,0 -4.3438787,53.1423066,0 -4.3436041,53.1422852,0 -4.3437700,53.1424186,0</coordinates></LineString></Placemark>
<Placemark><name>116 deg</name><LineString><coordinates>-4.3429076,53.1425946,0 -4.3420761,53.1423739,0 -4.3423487,53.1423765,0 -4.3420761,53.1423739,0 -4.3422630,53.1424933,0</coordinates></LineString></Placemark>
<Placemark><name>112 deg</name><LineString><coordinates>-4.3414139,53.1426240,0 -4.3405858,53.1424428,0 -4.3408498,53.1424347,0 -4.3405858,53.1424428,0 -4.3407794,53.1425510,0</coordinates></LineString></Placemark>
<Placemark><name>110 deg</name><LineString><coordinates>-4.3399202,53.1426534,0 -4.3391240,53.1424940,0 -4.3393750,53.1424821,0 -4.3391240,53.1424940,0 -4.3393131,53.1425940,0</coordinates></LineString></Placemark>
<Placemark><name>220 deg</name><LineString><coordinates>-4.3787064,53.1409853,0 -4.3793208,53.1405070,0 -4.3792440,53.1406823,0 -4.3793208,53.1405070,0 -4.3790581,53.1405960,0</coordinates></LineString></Placemark>
<Placemark><name>214 deg</name><LineString><coordinates>-4.3772128,53.1410152,0 -4.3777560,53.1404983,0 -4.3777063,53.1406793,0 -4.3777560,53.1404983,0 -4.3775054,53.1406029,0</coordinates></LineString></Placemark>
<Placemark><name>210 deg</name><LineString><coordinates>-4.3757192,53.1410450,0 -4.3761933,53.1405131,0 -4.3761656,53.1406934,0 -4.3761933,53.1405131,0 -4.3759589,53.1406268,0</coordinates></LineString></Placemark>
<Placemark><name>209 deg</name><LineString><coordinates>-4.3742255,53.1410748,0 -4.3746744,53.1405359,0 -4.3746551,53.1407163,0 -4.3746744,53.1405359,0 -4.3744457,53.1406533,0</coordinates></LineString></Placemark>
<Placemark><name>208 deg</name><LineString><coordinates>-4.3727319,53.1411046,0 -4.3731702,53.1405552,0 -4.3731558,53.1407378,0 -4.3731702,53.1405552,0 -4.3729424,53.1406762,0</coordinates></LineString></Placemark>
<Placemark><name>211 deg</name><LineString><coordinates>-4.3712383,53.1411344,0 -4.3717371,53.1405975,0 -4.3717036,53.1407809,0 -4.3717371,53.1405975,0 -4.3714949,53.1407108,0</coordinates></LineString></Placemark>
<Placemark><name>217 deg</name><LineString><coordinates>-4.3697446,53.1411641,0 -4.3703176,53.1406660,0 -4.3702561,53.1408439,0 -4.3703176,53.1406660,0 -4.3700625,53.1407634,0</coordinates></LineString></Placemark>
<Placemark><name>215 deg</name><LineString><coordinates>-4.3682510,53.1411939,0 -4.3687599,53.1407262,0 -4.3687101,53.1408912,0 -4.3687599,53.1407262,0 -4.3685284,53.1408197,0</coordinates></LineString></Placemark>
<Placemark><name>170 deg</name><LineString><coordinates>-4.3667574,53.1412236,0 -4.3665635,53.1406799,0 -4.3667227,53.1408165,0 -4.3665635,53.1406799,0 -4.3665114,53.1408437,0</coordinates></LineString></Placemark>
<Placemark><name>163 deg</name><LineString><coordinates>-4.3652637,53.1412533,0 -4.3649645,53.1407141,0 -4.3651519,53.1408421,0 -4.3649645,53.1407141,0 -4.3649424,53.1408841,0</coordinates></LineString></Placemark>
<Placemark><name>160 deg</name><LineString><coordinates>-4.3637701,53.1412829,0 -4.3634127,53.1407548,0 -4.3636141,53.1408756,0 -4.3634127,53.1407548,0 -4.3634088,53.1409258,0</coordinates></LineString></Placemark>
<Placemark><name>157 deg</name><LineString><coordinates>-4.3622764,53.1413126,0 -4.3618740,53.1407997,0 -4.3620848,53.1409132,0 -4.3618740,53.1407997,0 -4.3618855,53.1409697,0</coordinates></LineString></Placemark>
<Placemark><name>159 deg</name><LineString><coordinates>-4.3607828,53.1413422,0 -4.3604234,53.1408421,0 -4.3606199,53.1409550,0 -4.3604234,53.1408421,0 -4.3604255,53.1410055,0</coordinates></LineString></Placemark>
<Placemark><name>175 deg</name><LineString><coordinates>-4.3592891,53.1413719,0 -4.3591789,53.1408294,0 -4.3593147,53.1409715,0 -4.3591789,53.1408294,0 -4.3591039,53.1409870,0</coordinates></LineString></Placemark>
<Placemark><name>168 deg</name><LineString><coordinates>-4.3577954,53.1414015,0 -4.3575723,53.1408745,0 -4.3577363,53.1410044,0 -4.3575723,53.1408745,0 -4.3575316,53.1410358,0</coordinates></LineString></Placemark>
<Placemark><name>159 deg</name><LineString><coordinates>-4.3563018,53.1414310,0 -4.3559800,53.1409620,0 -4.3561600,53.1410690,0 -4.3559800,53.1409620,0 -4.3559778,53.1411142,0</coordinates></LineString></Placemark>
<Placemark><name>167 deg</name><LineString><coordinates>-4.3548081,53.1414606,0 -4.3546141,53.1410188,0 -4.3547535,53.1411272,0 -4.3546141,53.1410188,0 -4.3545819,53.1411545,0</coordinates></LineString></Placemark>
<Placemark><name>147 deg</name><LineString><coordinates>-4.3533144,53.1414901,0 -4.3528799,53.1411181,0 -4.3530722,53.1411904,0 -4.3528799,53.1411181,0 -4.3529277,53.1412514,0</coordinates></LineString></Placemark>
<Placemark><name>219 deg</name><LineString><coordinates>-4.3518208,53.1415197,0 -4.3522895,53.1411538,0 -4.3522311,53.1412878,0 -4.3522895,53.1411538,0 -4.3520889,53.1412220,0</coordinates></LineString></Placemark>
<Placemark><name>175 deg</name><LineString><coordinates>-4.3503271,53.1415492,0 -4.3502363,53.1410869,0 -4.3503512,53.1412082,0 -4.3502363,53.1410869,0 -4.3501716,53.1412210,0</coordinates></LineString></Placemark>
<Placemark><name>151 deg</name><LineString><coordinates>-4.3488334,53.1415787,0 -4.3484090,53.1411435,0 -4.3486109,53.1412339,0 -4.3484090,53.1411435,0 -4.3484418,53.1412936,0</coordinates></LineString></Placemark>
<Placemark><name>140 deg</name><LineString><coordinates>-4.3473398,53.1416081,0 -4.3467516,53.1412144,0 -4.3469906,53.1412819,0 -4.3467516,53.1412144,0 -4.3468376,53.1413645,0</coordinates></LineString></Placemark>
<Placemark><name>132 deg</name><LineString><coordinates>-4.3458461,53.1416376,0 -4.3451558,53.1412894,0 -4.3454142,53.1413371,0 -4.3451558,53.1412894,0 -4.3452789,53.1414341,0</coordinates></LineString></Placemark>
<Placemark><name>126 deg</name><LineString><coordinates>-4.3443524,53.1416670,0 -4.3435992,53.1413658,0 -4.3438659,53.1413961,0 -4.3435992,53.1413658,0 -4.3437488,53.1415019,0</coordinates></LineString></Placemark>
<Placemark><name>121 deg</name><LineString><coordinates>-4.3428587,53.1416964,0 -4.3420784,53.1414364,0 -4.3423445,53.1414534,0 -4.3420784,53.1414364,0 -4.3422435,53.1415630,0</coordinates></LineString></Placemark>
<Placemark><name>118 deg</name><LineString><coordinates>-4.3413650,53.1417258,0 -4.3405857,53.1415008,0 -4.3408448,53.1415082,0 -4.3405857,53.1415008,0 -4.3407573,53.1416177,0</coordinates></LineString></Placemark>
<Placemark><name>214 deg</name><LineString><coordinates>-4.3756696,53.1401469,0 -4.3761943,53.1396499,0 -4.3761459,53.1398241,0 -4.3761943,53.1396499,0 -4.3759528,53.1397503,0</coordinates></LineString></Placemark>
<Placemark><name>209 deg</name><LineString><coordinates>-4.3741760,53.1401767,0 -4.3746280,53.1396555,0 -4.3746044,53.1398313,0 -4.3746280,53.1396555,0 -4.3744019,53.1397677,0</coordinates></LineString></Placemark>
<Placemark><name>204 deg</name><LineString><coordinates>-4.3726824,53.1402065,0 -4.3730607,53.1396589,0 -4.3730626,53.1398368,0 -4.3730607,53.1396589,0 -4.3728498,53.1397836,0</coordinates></LineString></Placemark>
<Placemark><name>214 deg</name><LineString><coordinates>-4.3711888,53.1402362,0 -4.3717394,53.1397102,0 -4.3716895,53.1398943,0 -4.3717394,53.1397102,0 -4.3714851,53.1398169,0</coordinates></LineString></Placemark>
<Placemark><name>218 deg</name><LineString><coordinates>-4.3696952,53.1402660,0 -4.3702992,53.1397684,0 -4.3702290,53.1399484,0 -4.3702992,53.1397684,0 -4.3700357,53.1398635,0</coordinates></LineString></Placemark>
<Placemark><name>202 deg</name><LineString><coordinates>-4.3682016,53.1402957,0 -4.3685592,53.1397193,0 -4.3685724,53.1399037,0 -4.3685592,53.1397193,0 -4.3683484,53.1398535,0</coordinates></LineString></Placemark>
<Placemark><name>175 deg</name><LineString><coordinates>-4.3667080,53.1403254,0 -4.3665991,53.1397419,0 -4.3667426,53.1398955,0 -4.3665991,53.1397419,0 -4.3665158,53.1399108,0</coordinates></LineString></Placemark>
<Placemark><name>167 deg</name><LineString><coordinates>-4.3652143,53.1403551,0 -4.3649694,53.1398029,0 -4.3651444,53.1399383,0 -4.3649694,53.1398029,0 -4.3649298,53.1399727,0</coordinates></LineString></Placemark>
<Placemark><name>162 deg</name><LineString><coordinates>-4.3637207,53.1403848,0 -4.3634066,53.1398553,0 -4.3635963,53.1399795,0 -4.3634066,53.1398553,0 -4.3633905,53.1400237,0</coordinates></LineString></Placemark>
<Placemark><name>160 deg</name><LineString><coordinates>-4.3622271,53.1404145,0 -4.3618911,53.1399026,0 -4.3620834,53.1400204,0 -4.3618911,53.1399026,0 -4.3618845,53.1400676,0</coordinates></LineString></Placemark>
<Placemark><name>164 deg</name><LineString><coordinates>-4.3607335,53.1404441,0 -4.3604600,53.1399379,0 -4.3606339,53.1400586,0 -4.3604600,53.1399379,0 -4.3604372,53.1400970,0</coordinates></LineString></Placemark>
<Placemark><name>172 deg</name><LineString><coordinates>-4.3592399,53.1404737,0 -4.3590882,53.1399614,0 -4.3592297,53.1400923,0 -4.3590882,53.1399614,0 -4.3590306,53.1401136,0</coordinates></LineString></Placemark>
<Placemark><name>176 deg</name><LineString><coordinates>-4.3577462,53.1405033,0 -4.3576550,53.1399985,0 -4.3577783,53.1401316,0 -4.3576550,53.1399985,0 -4.3575821,53.1401444,0</coordinates></LineString></Placemark>
<Placemark><name>184 deg</name><LineString><coordinates>-4.3562526,53.1405329,0 -4.3562811,53.1400606,0 -4.3563650,53.1401931,0 -4.3562811,53.1400606,0 -4.3561815,53.1401891,0</coordinates></LineString></Placemark>
<Placemark><name>219 deg</name><LineString><coordinates>-4.3547590,53.1405625,0 -4.3551597,53.1402406,0 -4.3551115,53.1403577,0 -4.3551597,53.1402406,0 -4.3549864,53.1403014,0</coordinates></LineString></Placemark>
<Placemark><name>311 deg</name><LineString><coordinates>-4.3532653,53.1405920,0 -4.3537911,53.1408450,0 -4.3535967,53.1408121,0 -4.3537911,53.1408450,0 -4.3536950,53.1407382,0</coordinates></LineString></Placemark>
<Placemark><name>353 deg</name><LineString><coordinates>-4.3517717,53.1406215,0 -4.3518472,53.1409193,0 -4.3517685,53.1408423,0 -4.3518472,53.1409193,0 -4.3518842,53.1408317,0</coordinates></LineString></Placemark>
<Placemark><name>132 deg</name><LineString><coordinates>-4.3502781,53.1406510,0 -4.3497274,53.1403722,0 -4.3499337,53.1404106,0 -4.3497274,53.1403722,0 -4.3498254,53.1404879,0</coordinates></LineString></Placemark>
<Placemark><name>136 deg</name><LineString><coordinates>-4.3487844,53.1406805,0 -4.3481885,53.1403349,0 -4.3484203,53.1403886,0 -4.3481885,53.1403349,0 -4.3482860,53.1404723,0</coordinates></LineString></Placemark>
<Placemark><name>134 deg</name><LineString><coordinates>-4.3472908,53.1407100,0 -4.3466420,53.1403620,0 -4.3468889,53.1404126,0 -4.3466420,53.1403620,0 -4.3467537,53.1405037,0</coordinates></LineString></Placemark>
<Placemark><name>130 deg</name><LineString><coordinates>-4.3457971,53.1407394,0 -4.3450982,53.1404109,0 -4.3453552,53.1404526,0 -4.3450982,53.1404109,0 -4.3452275,53.1405508,0</coordinates></LineString></Placemark>
<Placemark><name>126 deg</name><LineString><coordinates>-4.3443035,53.1407689,0 -4.3435708,53.1404656,0 -4.3438321,53.1404980,0 -4.3435708,53.1404656,0 -4.3437143,53.1406009,0</coordinates></LineString></Placemark>
<Placemark><name>124 deg</name><LineString><coordinates>-4.3428098,53.1407983,0 -4.3420688,53.1405173,0 -4.3423282,53.1405429,0 -4.3420688,53.1405173,0 -4.3422190,53.1406470,0</coordinates></LineString></Placemark>
<Placemark><name>215 deg</name><LineString><coordinates>-4.3741264,53.1392786,0 -4.3746397,53.1388082,0 -4.3745893,53.1389743,0 -4.3746397,53.1388082,0 -4.3744065,53.1389021,0</coordinates></LineString></Placemark>
<Placemark><name>215 deg</name><LineString><coordinates>-4.3726329,53.1393084,0 -4.3731350,53.1388400,0 -4.3730872,53.1390047,0 -4.3731350,53.1388400,0 -4.3729053,53.1389342,0</coordinates></LineString></Placemark>
<Placemark><name>226 deg</name><LineString><coordinates>-4.3711393,53.1393381,0 -4.3718027,53.1389269,0 -4.3716992,53.1390871,0 -4.3718027,53.1389269,0 -4.3715395,53.1389939,0</coordinates></LineString></Placemark>
<Placemark><name>218 deg</name><LineString><coordinates>-4.3696457,53.1393679,0 -4.3702266,53.1388874,0 -4.3701594,53.1390609,0 -4.3702266,53.1388874,0 -4.3699727,53.1389793,0</coordinates></LineString></Placemark>
<Placemark><name>203 deg</name><LineString><coordinates>-4.3681521,53.1393976,0 -4.3685019,53.1388436,0 -4.3685129,53.1390213,0 -4.3685019,53.1388436,0 -4.3682976,53.1389721,0</coordinates></LineString></Placemark>
<Placemark><name>186 deg</name><LineString><coordinates>-4.3666586,53.1394273,0 -4.3667259,53.1388496,0 -4.3668195,53.1390140,0 -4.3667259,53.1388496,0 -4.3665950,53.1390045,0</coordinates></LineString></Placemark>
<Placemark><name>174 deg</name><LineString><coordinates>-4.3651650,53.1394570,0 -4.3650394,53.1388980,0 -4.3651827,53.1390437,0 -4.3650394,53.1388980,0 -4.3649655,53.1390613,0</coordinates></LineString></Placemark>
<Placemark><name>167 deg</name><LineString><coordinates>-4.3636714,53.1394867,0 -4.3634414,53.1389524,0 -4.3636088,53.1390838,0 -4.3634414,53.1389524,0 -4.3634011,53.1391162,0</coordinates></LineString></Placemark>
<Placemark><name>166 deg</name><LineString><coordinates>-4.3621778,53.1395163,0 -4.3619320,53.1389965,0 -4.3621009,53.1391229,0 -4.3619320,53.1389965,0 -4.3618989,53.1391574,0</coordinates></LineString></Placemark>
<Placemark><name>170 deg</name><LineString><coordinates>-4.3606842,53.1395460,0 -4.3605075,53.1390331,0 -4.3606560,53.1391624,0 -4.3605075,53.1390331,0 -4.3604567,53.1391872,0</coordinates></LineString></Placemark>
<Placemark><name>176 deg</name><LineString><coordinates>-4.3591906,53.1395756,0 -4.3591032,53.1390694,0 -4.3592257,53.1392031,0 -4.3591032,53.1390694,0 -4.3590290,53.1392154,0</coordinates></LineString></Placemark>
<Placemark><name>184 deg</name><LineString><coordinates>-4.3576970,53.1396052,0 -4.3577232,53.1391063,0 -4.3578129,53.1392460,0 -4.3577232,53.1391063,0 -4.3576190,53.1392423,0</coordinates></LineString></Placemark>
<Placemark><name>199 deg</name><LineString><coordinates>-4.3562034,53.1396348,0 -4.3564505,53.1391633,0 -4.3564738,53.1393110,0 -4.3564505,53.1391633,0 -4.3562906,53.1392762,0</coordinates></LineString></Placemark>
<Placemark><name>229 deg</name><LineString><coordinates>-4.3547098,53.1396643,0 -4.3553228,53.1393182,0 -4.3552207,53.1394569,0 -4.3553228,53.1393182,0 -4.3550862,53.1393708,0</coordinates></LineString></Placemark>
<Placemark><name>272 deg</name><LineString><coordinates>-4.3532162,53.1396939,0 -4.3540634,53.1396982,0 -4.3538285,53.1397565,0 -4.3540634,53.1396982,0 -4.3538301,53.1396375,0</coordinates></LineString></Placemark>
<Placemark><name>82 deg</name><LineString><coordinates>-4.3517226,53.1397234,0 -4.3509656,53.1398032,0 -4.3511593,53.1397279,0 -4.3509656,53.1398032,0 -4.3511903,53.1398343,0</coordinates></LineString></Placemark>
<Placemark><name>121 deg</name><LineString><coordinates>-4.3502290,53.1397529,0 -4.3495025,53.1395087,0 -4.3497507,53.1395251,0 -4.3495025,53.1395087,0 -4.3496558,53.1396272,0</coordinates></LineString></Placemark>
<Placemark><name>130 deg</name><LineString><coordinates>-4.3487354,53.1397824,0 -4.3480581,53.1394684,0 -4.3483063,53.1395076,0 -4.3480581,53.1394684,0 -4.3481843,53.1396027,0</coordinates></LineString></Placemark>
<Placemark><name>130 deg</name><LineString><coordinates>-4.3472418,53.1398119,0 -4.3465572,53.1394890,0 -4.3468091,53.1395301,0 -4.3465572,53.1394890,0 -4.3466836,53.1396263,0</coordinates></LineString></Placemark>
<Placemark><name>128 deg</name><LineString><coordinates>-4.3457482,53.1398413,0 -4.3450377,53.1395317,0 -4.3452941,53.1395674,0 -4.3450377,53.1395317,0 -4.3451738,53.1396672,0</coordinates></LineString></Placemark>
<Placemark><name>126 deg</name><LineString><coordinates>-4.3442545,53.1398707,0 -4.3435257,53.1395783,0 -4.3437839,53.1396079,0 -4.3435257,53.1395783,0 -4.3436703,53.1397103,0</coordinates></LineString></Placemark>
<Placemark><name>222 deg</name><LineString><coordinates>-4.3725834,53.1384102,0 -4.3731642,53.1379938,0 -4.3730846,53.1381496,0 -4.3731642,53.1379938,0 -4.3729228,53.1380680,0</coordinates></LineString></Placemark>
<Placemark><name>222 deg</name><LineString><coordinates>-4.3710898,53.1384400,0 -4.3716904,53.1380176,0 -4.3716065,53.1381765,0 -4.3716904,53.1380176,0 -4.3714424,53.1380921,0</coordinates></LineString></Placemark>
<Placemark><name>216 deg</name><LineString><coordinates>-4.3695963,53.1384697,0 -4.3701306,53.1380024,0 -4.3700738,53.1381691,0 -4.3701306,53.1380024,0 -4.3698922,53.1380940,0</coordinates></LineString></Placemark>
<Placemark><name>205 deg</name><LineString><coordinates>-4.3681027,53.1384995,0 -4.3684732,53.1379779,0 -4.3684721,53.1381481,0 -4.3684732,53.1379779,0 -4.3682695,53.1380960,0</coordinates></LineString></Placemark>
<Placemark><name>192 deg</name><LineString><coordinates>-4.3666092,53.1385292,0 -4.3667741,53.1379798,0 -4.3668353,53.1381432,0 -4.3667741,53.1379798,0 -4.3666218,53.1381200,0</coordinates></LineString></Placemark>
<Placemark><name>181 deg</name><LineString><coordinates>-4.3651156,53.1385589,0 -4.3650965,53.1380131,0 -4.3652078,53.1381626,0 -4.3650965,53.1380131,0 -4.3649957,53.1381653,0</coordinates></LineString></Placemark>
<Placemark><name>172 deg</name><LineString><coordinates>-4.3636221,53.1385885,0 -4.3634678,53.1380625,0 -4.3636126,53.1381970,0 -4.3634678,53.1380625,0 -4.3634082,53.1382187,0</coordinates></LineString></Placemark>
<Placemark><name>168 deg</name><LineString><coordinates>-4.3621285,53.1386182,0 -4.3619224,53.1381057,0 -4.3620789,53.1382328,0 -4.3619224,53.1381057,0 -4.3618798,53.1382618,0</coordinates></LineString></Placemark>
<Placemark><name>179 deg</name><LineString><coordinates>-4.3606349,53.1386478,0 -4.3605863,53.1381401,0 -4.3606983,53.1382770,0 -4.3605863,53.1381401,0 -4.3605011,53.1382838,0</coordinates></LineString></Placemark>
<Placemark><name>180 deg</name><LineString><coordinates>-4.3591414,53.1386775,0 -4.3591207,53.1381804,0 -4.3592230,53.1383163,0 -4.3591207,53.1381804,0 -4.3590298,53.1383192,0</coordinates></LineString></Placemark>
<Placemark><name>185 deg</name><LineString><coordinates>-4.3576478,53.1387071,0 -4.3576898,53.1382116,0 -4.3577744,53.1383515,0 -4.3576898,53.1382116,0 -4.3575819,53.1383456,0</coordinates></LineString></Placemark>
<Placemark><name>193 deg</name><LineString><coordinates>-4.3561542,53.1387366,0 -4.3563120,53.1382336,0 -4.3563662,53.1383837,0 -4.3563120,53.1382336,0 -4.3561707,53.1383615,0</coordinates></LineString></Placemark>
<Placemark><name>206 deg</name><LineString><coordinates>-4.3546607,53.1387662,0 -4.3550439,53.1382570,0 -4.3550369,53.1384246,0 -4.3550439,53.1382570,0 -4.3548391,53.1383708,0</coordinates></LineString></Placemark>
<Placemark><name>213 deg</name><LineString><coordinates>-4.3531671,53.1387957,0 -4.3536731,53.1382840,0 -4.3536327,53.1384609,0 -4.3536731,53.1382840,0 -4.3534339,53.1383898,0</coordinates></LineString></Placemark>
<Placemark><name>161 deg</name><LineString><coordinates>-4.3516735,53.1388253,0 -4.3513434,53.1382940,0 -4.3515378,53.1384176,0 -4.3513434,53.1382940,0 -4.3513314,53.1384640,0</coordinates></LineString></Placemark>
<Placemark><name>141 deg</name><LineString><coordinates>-4.3501799,53.1388548,0 -4.3495989,53.1384492,0 -4.3498383,53.1385204,0 -4.3495989,53.1384492,0 -4.3496807,53.1386021,0</coordinates></LineString></Placemark>
<Placemark><name>135 deg</name><LineString><coordinates>-4.3486864,53.1388843,0 -4.3480506,53.1385253,0 -4.3482960,53.1385798,0 -4.3480506,53.1385253,0 -4.3481565,53.1386692,0</coordinates></LineString></Placemark>
<Placemark><name>131 deg</name><LineString><coordinates>-4.3471928,53.1389137,0 -4.3465183,53.1385867,0 -4.3467682,53.1386296,0 -4.3465183,53.1385867,0 -4.3466411,53.1387244,0</coordinates></LineString></Placemark>
<Placemark><name>222 deg</name><LineString><coordinates>-4.3710403,53.1375419,0 -4.3716150,53.1371274,0 -4.3715367,53.1372823,0 -4.3716150,53.1371274,0 -4.3713757,53.1372016,0</coordinates></LineString></Placemark>
<Placemark><name>217 deg</name><LineString><coordinates>-4.3695468,53.1375716,0 -4.3700653,53.1371246,0 -4.3700089,53.1372846,0 -4.3700653,53.1371246,0 -4.3698352,53.1372117,0</coordinates></LineString></Placemark>
<Placemark><name>208 deg</name><LineString><coordinates>-4.3680533,53.1376013,0 -4.3684519,53.1371142,0 -4.3684364,53.1372768,0 -4.3684519,53.1371142,0 -4.3682471,53.1372208,0</coordinates></LineString></Placemark>
<Placemark><name>198 deg</name><LineString><coordinates>-4.3665598,53.1376311,0 -4.3668001,53.1371162,0 -4.3668338,53.1372753,0 -4.3668001,53.1371162,0 -4.3666337,53.1372416,0</coordinates></LineString></Placemark>
<Placemark><name>187 deg</name><LineString><coordinates>-4.3650663,53.1376607,0 -4.3651466,53.1371402,0 -4.3652255,53.1372897,0 -4.3651466,53.1371402,0 -4.3650232,53.1372784,0</coordinates></LineString></Placemark>
<Placemark><name>178 deg</name><LineString><coordinates>-4.3635727,53.1376904,0 -4.3635207,53.1371833,0 -4.3636336,53.1373197,0 -4.3635207,53.1371833,0 -4.3634366,53.1373271,0</coordinates></LineString></Placemark>
<Placemark><name>175 deg</name><LineString><coordinates>-4.3620792,53.1377201,0 -4.3619812,53.1372364,0 -4.3621022,53.1373632,0 -4.3619812,53.1372364,0 -4.3619143,53.1373769,0</coordinates></LineString></Placemark>
<Placemark><name>182 deg</name><LineString><coordinates>-4.3605857,53.1377497,0 -4.3605803,53.1372711,0 -4.3606748,53.1374029,0 -4.3605803,53.1372711,0 -4.3604888,53.1374037,0</coordinates></LineString></Placemark>
<Placemark><name>182 deg</name><LineString><coordinates>-4.3590921,53.1377793,0 -4.3590974,53.1373015,0 -4.3591888,53.1374339,0 -4.3590974,53.1373015,0 -4.3590031,53.1374332,0</coordinates></LineString></Placemark>
<Placemark><name>182 deg</name><LineString><coordinates>-4.3575986,53.1378089,0 -4.3576052,53.1373297,0 -4.3576965,53.1374626,0 -4.3576052,53.1373297,0 -4.3575103,53.1374617,0</coordinates></LineString></Placemark>
<Placemark><name>181 deg</name><LineString><coordinates>-4.3561051,53.1378385,0 -4.3560973,53.1373516,0 -4.3561940,53.1374856,0 -4.3560973,53.1373516,0 -4.3560048,53.1374867,0</coordinates></LineString></Placemark>
<Placemark><name>183 deg</name><LineString><coordinates>-4.3546115,53.1378681,0 -4.3546223,53.1373837,0 -4.3547134,53.1375183,0 -4.3546223,53.1373837,0 -4.3545252,53.1375168,0</coordinates></LineString></Placemark>
<Placemark><name>213 deg</name><LineString><coordinates>-4.3531180,53.1378976,0 -4.3535939,53.1374176,0 -4.3535556,53.1375836,0 -4.3535939,53.1374176,0 -4.3533691,53.1375168,0</coordinates></LineString></Placemark>
<Placemark><name>182 deg</name><LineString><coordinates>-4.3516244,53.1379271,0 -4.3516237,53.1373794,0 -4.3517303,53.1375307,0 -4.3516237,53.1373794,0 -4.3515175,53.1375308,0</coordinates></LineString></Placemark>
<Placemark><name>158 deg</name><LineString><coordinates>-4.3501309,53.1379566,0 -4.3497708,53.1374737,0 -4.3499641,53.1375818,0 -4.3497708,53.1374737,0 -4.3497764,53.1376324,0</coordinates></LineString></Placemark>
<Placemark><name>143 deg</name><LineString><coordinates>-4.3486373,53.1379861,0 -4.3481017,53.1375814,0 -4.3483283,53.1376556,0 -4.3481017,53.1375814,0 -4.3481711,53.1377308,0</coordinates></LineString></Placemark>
<Placemark><name>220 deg</name><LineString><coordinates>-4.3694974,53.1366735,0 -4.3700346,53.1362604,0 -4.3699664,53.1364123,0 -4.3700346,53.1362604,0 -4.3698059,53.1363368,0</coordinates></LineString></Placemark>
<Placemark><name>213 deg</name><LineString><coordinates>-4.3680039,53.1367032,0 -4.3684451,53.1362560,0 -4.3684101,53.1364105,0 -4.3684451,53.1362560,0 -4.3682363,53.1363486,0</coordinates></LineString></Placemark>
<Placemark><name>204 deg</name><LineString><coordinates>-4.3665104,53.1367329,0 -4.3668240,53.1362577,0 -4.3668297,53.1364110,0 -4.3668240,53.1362577,0 -4.3666450,53.1363670,0</coordinates></LineString></Placemark>
<Placemark><name>195 deg</name><LineString><coordinates>-4.3650169,53.1367626,0 -4.3651985,53.1362757,0 -4.3652429,53.1364230,0 -4.3651985,53.1362757,0 -4.3650537,53.1363975,0</coordinates></LineString></Placemark>
<Placemark><name>187 deg</name><LineString><coordinates>-4.3635234,53.1367923,0 -4.3635951,53.1363102,0 -4.3636689,53.1364484,0 -4.3635951,53.1363102,0 -4.3634816,53.1364384,0</coordinates></LineString></Placemark>
<Placemark><name>183 deg</name><LineString><coordinates>-4.3620299,53.1368219,0 -4.3620491,53.1363537,0 -4.3621348,53.1364844,0 -4.3620491,53.1363537,0 -4.3619528,53.1364817,0</coordinates></LineString></Placemark>
<Placemark><name>183 deg</name><LineString><coordinates>-4.3605364,53.1368516,0 -4.3605574,53.1363929,0 -4.3606407,53.1365211,0 -4.3605574,53.1363929,0 -4.3604625,53.1365181,0</coordinates></LineString></Placemark>
<Placemark><name>183 deg</name><LineString><coordinates>-4.3590429,53.1368812,0 -4.3590622,53.1364258,0 -4.3591453,53.1365530,0 -4.3590622,53.1364258,0 -4.3589684,53.1365503,0</coordinates></LineString></Placemark>
<Placemark><name>183 deg</name><LineString><coordinates>-4.3575494,53.1369108,0 -4.3575597,53.1364577,0 -4.3576449,53.1365836,0 -4.3575597,53.1364577,0 -4.3574688,53.1365822,0</coordinates></LineString></Placemark>
<Placemark><name>184 deg</name><LineString><coordinates>-4.3560559,53.1369404,0 -4.3560862,53.1364931,0 -4.3561647,53.1366188,0 -4.3560862,53.1364931,0 -4.3559910,53.1366145,0</coordinates></LineString></Placemark>
<Placemark><name>200 deg</name><LineString><coordinates>-4.3545624,53.1369699,0 -4.3547927,53.1365451,0 -4.3548116,53.1366787,0 -4.3547927,53.1365451,0 -4.3546466,53.1366463,0</coordinates></LineString></Placemark>
<Placemark><name>204 deg</name><LineString><coordinates>-4.3530689,53.1369995,0 -4.3533798,53.1365447,0 -4.3533822,53.1366922,0 -4.3533798,53.1365447,0 -4.3532055,53.1366485,0</coordinates></LineString></Placemark>
<Placemark><name>185 deg</name><LineString><coordinates>-4.3515754,53.1370290,0 -4.3516202,53.1365224,0 -4.3517062,53.1366655,0 -4.3516202,53.1365224,0 -4.3515094,53.1366592,0</coordinates></LineString></Placemark>
<Placemark><name>218 deg</name><LineString><coordinates>-4.3679545,53.1358051,0 -4.3684399,53.1354007,0 -4.3683843,53.1355466,0 -4.3684399,53.1354007,0 -4.3682272,53.1354784,0</coordinates></LineString></Placemark>
<Placemark><name>210 deg</name><LineString><coordinates>-4.3664610,53.1358348,0 -4.3668463,53.1354032,0 -4.3668237,53.1355495,0 -4.3668463,53.1354032,0 -4.3666560,53.1354954,0</coordinates></LineString></Placemark>
<Placemark><name>202 deg</name><LineString><coordinates>-4.3649675,53.1358645,0 -4.3652460,53.1354178,0 -4.3652558,53.1355608,0 -4.3652460,53.1354178,0 -4.3650822,53.1355216,0</coordinates></LineString></Placemark>
<Placemark><name>195 deg</name><LineString><coordinates>-4.3634741,53.1358942,0 -4.3636543,53.1354443,0 -4.3636919,53.1355813,0 -4.3636543,53.1354443,0 -4.3635171,53.1355560,0</coordinates></LineString></Placemark>
<Placemark><name>190 deg</name><LineString><coordinates>-4.3619806,53.1359238,0 -4.3620915,53.1354794,0 -4.3621472,53.1356100,0 -4.3620915,53.1354794,0 -4.3619746,53.1355944,0</coordinates></LineString></Placemark>
<Placemark><name>188 deg</name><LineString><coordinates>-4.3604872,53.1359534,0 -4.3605600,53.1355159,0 -4.3606248,53.1356419,0 -4.3605600,53.1355159,0 -4.3604548,53.1356317,0</coordinates></LineString></Placemark>
<Placemark><name>186 deg</name><LineString><coordinates>-4.3589937,53.1359831,0 -4.3590448,53.1355502,0 -4.3591148,53.1356734,0 -4.3590448,53.1355502,0 -4.3589466,53.1356662,0</coordinates></LineString></Placemark>
<Placemark><name>185 deg</name><LineString><coordinates>-4.3575002,53.1360127,0 -4.3575452,53.1355836,0 -4.3576161,53.1357053,0 -4.3575452,53.1355836,0 -4.3574494,53.1356990,0</coordinates></LineString></Placemark>
<Placemark><name>188 deg</name><LineString><coordinates>-4.3560067,53.1360422,0 -4.3560846,53.1356176,0 -4.3561456,53.1357404,0 -4.3560846,53.1356176,0 -4.3559806,53.1357294,0</coordinates></LineString></Placemark>
<Placemark><name>194 deg</name><LineString><coordinates>-4.3545133,53.1360718,0 -4.3546695,53.1356471,0 -4.3547089,53.1357754,0 -4.3546695,53.1356471,0 -4.3545439,53.1357535,0</coordinates></LineString></Placemark>
<Placemark><name>193 deg</name><LineString><coordinates>-4.3530198,53.1361013,0 -4.3531720,53.1356542,0 -4.3532168,53.1357885,0 -4.3531720,53.1356542,0 -4.3530431,53.1357671,0</coordinates></LineString></Placemark>
<Placemark><name>217 deg</name><LineString><coordinates>-4.3664116,53.1349367,0 -4.3668677,53.1345506,0 -4.3668167,53.1346893,0 -4.3668677,53.1345506,0 -4.3666667,53.1346252,0</coordinates></LineString></Placemark>
<Placemark><name>211 deg</name><LineString><coordinates>-4.3649182,53.1349664,0 -4.3652856,53.1345644,0 -4.3652622,53.1347013,0 -4.3652856,53.1345644,0 -4.3651060,53.1346496,0</coordinates></LineString></Placemark>
<Placemark><name>204 deg</name><LineString><coordinates>-4.3634248,53.1349960,0 -4.3636990,53.1345844,0 -4.3637032,53.1347174,0 -4.3636990,53.1345844,0 -4.3635433,53.1346789,0</coordinates></LineString></Placemark>
<Placemark><name>197 deg</name><LineString><coordinates>-4.3619313,53.1350257,0 -4.3621234,53.1346114,0 -4.3621508,53.1347394,0 -4.3621234,53.1346114,0 -4.3619898,53.1347124,0</coordinates></LineString></Placemark>
<Placemark><name>193 deg</name><LineString><coordinates>-4.3604379,53.1350553,0 -4.3605686,53.1346425,0 -4.3606127,53.1347657,0 -4.3605686,53.1346425,0 -4.3604523,53.1347474,0</coordinates></LineString></Placemark>
<Placemark><name>189 deg</name><LineString><coordinates>-4.3589445,53.1350849,0 -4.3590355,53.1346746,0 -4.3590900,53.1347944,0 -4.3590355,53.1346746,0 -4.3589306,53.1347816,0</coordinates></LineString></Placemark>
<Placemark><name>188 deg</name><LineString><coordinates>-4.3574510,53.1351145,0 -4.3575251,53.1347064,0 -4.3575839,53.1348244,0 -4.3575251,53.1347064,0 -4.3574253,53.1348140,0</coordinates></LineString></Placemark>
<Placemark><name>189 deg</name><LineString><coordinates>-4.3559576,53.1351441,0 -4.3560395,53.1347361,0 -4.3560961,53.1348546,0 -4.3560395,53.1347361,0 -4.3559376,53.1348431,0</coordinates></LineString></Placemark>
<Placemark><name>190 deg</name><LineString><coordinates>-4.3544641,53.1351737,0 -4.3545592,53.1347595,0 -4.3546134,53.1348806,0 -4.3545592,53.1347595,0 -4.3544525,53.1348672,0</coordinates></LineString></Placemark>
<Placemark><name>212 deg</name><LineString><coordinates>-4.3633754,53.1340979,0 -4.3637312,53.1337265,0 -4.3637050,53.1338541,0 -4.3637312,53.1337265,0 -4.3635607,53.1338041,0</coordinates></LineString></Placemark>
<Placemark><name>204 deg</name><LineString><coordinates>-4.3618820,53.1341275,0 -4.3621456,53.1337462,0 -4.3621468,53.1338701,0 -4.3621456,53.1337462,0 -4.3619987,53.1338331,0</coordinates></LineString></Placemark>
<Placemark><name>198 deg</name><LineString><coordinates>-4.3603886,53.1341572,0 -4.3605743,53.1337711,0 -4.3605980,53.1338908,0 -4.3605743,53.1337711,0 -4.3604480,53.1338648,0</coordinates></LineString></Placemark>
<Placemark><name>193 deg</name><LineString><coordinates>-4.3588952,53.1341868,0 -4.3590234,53.1337994,0 -4.3590632,53.1339154,0 -4.3590234,53.1337994,0 -4.3589127,53.1338974,0</coordinates></LineString></Placemark>
<Placemark><name>190 deg</name><LineString><coordinates>-4.3574018,53.1342164,0 -4.3574940,53.1338282,0 -4.3575440,53.1339420,0 -4.3574940,53.1338282,0 -4.3573932,53.1339290,0</coordinates></LineString></Placemark>
<Placemark><name>188 deg</name><LineString><coordinates>-4.3559084,53.1342460,0 -4.3559818,53.1338552,0 -4.3560374,53.1339683,0 -4.3559818,53.1338552,0 -4.3558856,53.1339580,0</coordinates></LineString></Placemark>
<Placemark><name>211 deg</name><LineString><coordinates>-4.3618328,53.1332294,0 -4.3621582,53.1328770,0 -4.3621367,53.1329972,0 -4.3621582,53.1328770,0 -4.3619998,53.1329515,0</coordinates></LineString></Placemark>
<Placemark><name>203 deg</name><LineString><coordinates>-4.3603394,53.1332590,0 -4.3605758,53.1328983,0 -4.3605806,53.1330146,0 -4.3605758,53.1328983,0 -4.3604404,53.1329814,0</coordinates></LineString></Placemark>
<Placemark><name>197 deg</name><LineString><coordinates>-4.3588460,53.1332887,0 -4.3590081,53.1329234,0 -4.3590343,53.1330357,0 -4.3590081,53.1329234,0 -4.3588924,53.1330129,0</coordinates></LineString></Placemark>
<Placemark><name>210 deg</name><LineString><coordinates>-4.3602901,53.1323609,0 -4.3605892,53.1320202,0 -4.3605727,53.1321353,0 -4.3605892,53.1320202,0 -4.3604404,53.1320933,0</coordinates></LineString></Placemark>
</Document></kml>
