Well,Control,N_pre,N_post,Pre_mean_gap_m,Post_mean_gap_m,Shift_m,Shift_mm,t_stat,p_value,Sig
CEH36,Climate,4,11,0.0831,0.1994,0.1163,116.3,2.397,0.07205375038848882,ns
CEH36,Paired,4,11,-0.04,0.1545,0.1945,194.5,4.848,0.004453841237273587,**
CEH21,Climate,4,11,-0.0944,-0.1988,-0.1044,-104.4,-1.414,0.2305688175407552,ns
CEH21,Paired,4,11,-0.4975,-0.5055,-0.008,-8.0,-0.154,0.8865208018735028,ns
CEH18,Climate,4,11,-0.0744,-0.097,-0.0226,-22.6,-0.467,0.6620986093651313,ns
CEH18,Paired,4,11,-0.1975,-0.1418,0.0557,55.7,1.358,0.20366427794136968,ns
CEH22,Climate,4,11,0.4031,0.3067,-0.0965,-96.5,-1.194,0.289405083606024,ns
CEH4,Climate,4,11,0.1231,0.0448,-0.0783,-78.3,-1.643,0.16490870036973201,ns
