Well,Control,N_pre,N_post,Pre_mean_gap_m,Post_mean_gap_m,Shift_m,Shift_mm,t_stat,p_value,Sig
CEH36,Climate,4,11,0.0831,0.1994,0.1163,116.3,2.397,0.07205375038848882,ns
CEH36,Paired,4,11,-0.04,0.1545,0.1945,194.5,4.848,0.004453841237273587,**
CEH22,Climate,5,11,0.4241,0.3067,-0.1174,-117.4,-1.679,0.13583104530930076,ns
CEH4,Climate,9,11,0.2113,0.0448,-0.1664,-166.4,-3.99,0.0014127894744295683,**
CEH21,Climate,5,11,-0.0859,-0.1988,-0.1129,-112.9,-1.87,0.10943226487525891,ns
CEH21,Paired,5,11,-0.51,-0.5055,0.0045,4.5,0.107,0.9195411019074095,ns
CEH18,Climate,8,11,0.0077,-0.097,-0.1047,-104.7,-2.333,0.039483417517964095,*
CEH18,Paired,8,11,-0.1862,-0.1418,0.0444,44.4,1.331,0.20489810875934214,ns
