{
"type": "FeatureCollection",
"name": "43_06_slack_floors",
"crs": { "type": "name", "properties": { "name": "urn:ogc:def:crs:EPSG::27700" } },
"features": [
{ "type": "Feature", "properties": { "layer": "slack_floor", "group": "PL", "delta_m": 0.3, "floor_m": 9.4787497520446777, "area_ha": 22.5508, "bounded_by": "reach" }, "geometry": { "type": "MultiPolygon", "coordinates": [ [ [ [ 242474.0, 364380.0 ], [ 242474.0, 364374.0 ], [ 242476.0, 364374.0 ], [ 242476.0, 364368.0 ], [ 242478.0, 364368.0 ], [ 242478.0, 364366.0 ], [ 242480.0, 364366.0 ], [ 242480.0, 364362.0 ], [ 242482.0, 364362.0 ], [ 242482.0, 364358.0 ], [ 242474.0, 364358.0 ], [ 242474.0, 364356.0 ], [ 242472.0, 364356.0 ], [ 242472.0, 364358.0 ], [ 242470.0, 364358.0 ], [ 242470.0, 364360.0 ], [ 242468.0, 364360.0 ], [ 242468.0, 364362.0 ], [ 242470.0, 364362.0 ], [ 242470.0, 364364.0 ], [ 242472.0, 364364.0 ], [ 242472.0, 364368.0 ], [ 242470.0, 364368.0 ], [ 242470.0, 364370.0 ], [ 242468.0, 364370.0 ], [ 242468.0, 364372.0 ], [ 242464.0, 364372.0 ], [ 242464.0, 364376.0 ], [ 242466.0, 364376.0 ], [ 242466.0, 364380.0 ], [ 242468.0, 364380.0 ], [ 242468.0, 364382.0 ], [ 242470.0, 364382.0 ], [ 242470.0, 364384.0 ], [ 242472.0, 364384.0 ], [ 242472.0, 364380.0 ], [ 242474.0, 364380.0 ] ] ], [ [ [ 242384.0, 364424.0 ], [ 242386.0, 364424.0 ], [ 242386.0, 364422.0 ], [ 242384.0, 364422.0 ], [ 242384.0, 364424.0 ] ] ], [ [ [ 242282.0, 364434.0 ], [ 242284.0, 364434.0 ], [ 242284.0, 364432.0 ], [ 242286.0, 364432.0 ], [ 242286.0, 364428.0 ], [ 242282.0, 364428.0 ], [ 242282.0, 364426.0 ], [ 242280.0, 364426.0 ], [ 242280.0, 364424.0 ], [ 242278.0, 364424.0 ], [ 242278.0, 364422.0 ], [ 242276.0, 364422.0 ], [ 242276.0, 364420.0 ], [ 242272.0, 364420.0 ], [ 242272.0, 364424.0 ], [ 242270.0, 364424.0 ], [ 242270.0, 364428.0 ], [ 242272.0, 364428.0 ], [ 242272.0, 364434.0 ], [ 242274.0, 364434.0 ], [ 242274.0, 364436.0 ], [ 242276.0, 364436.0 ], [ 242276.0, 364438.0 ], [ 242280.0, 364438.0 ], [ 242280.0, 364436.0 ], [ 242282.0, 364436.0 ], [ 242282.0, 364434.0 ] ] ], [ [ [ 242378.0, 364430.0 ], [ 242380.0, 364430.0 ], [ 242380.0, 364428.0 ], [ 242378.0, 364428.0 ], [ 242378.0, 364430.0 ] ] ], [ [ [ 242232.0, 364434.0 ], [ 242234.0, 364434.0 ], [ 242234.0, 364436.0 ], [ 242236.0, 364436.0 ], [ 242236.0, 364432.0 ], [ 242232.0, 364432.0 ], [ 242232.0, 364434.0 ] ] ], [ [ [ 242236.0, 364438.0 ], [ 242238.0, 364438.0 ], [ 242238.0, 364436.0 ], [ 242236.0, 364436.0 ], [ 242236.0, 364438.0 ] ] ], [ [ [ 242282.0, 364482.0 ], [ 242284.0, 364482.0 ], [ 242284.0, 364480.0 ], [ 242282.0, 364480.0 ], [ 242282.0, 364482.0 ] ] ], [ [ [ 242526.0, 364528.0 ], [ 242524.0, 364528.0 ], [ 242524.0, 364526.0 ], [ 242526.0, 364526.0 ], [ 242526.0, 364524.0 ], [ 242528.0, 364524.0 ], [ 242528.0, 364520.0 ], [ 242526.0, 364520.0 ], [ 242526.0, 364518.0 ], [ 242528.0, 364518.0 ], [ 242528.0, 364516.0 ], [ 242530.0, 364516.0 ], [ 242530.0, 364514.0 ], [ 242532.0, 364514.0 ], [ 242532.0, 364512.0 ], [ 242528.0, 364512.0 ], [ 242528.0, 364514.0 ], [ 242526.0, 364514.0 ], [ 242526.0, 364512.0 ], [ 242524.0, 364512.0 ], [ 242524.0, 364510.0 ], [ 242522.0, 364510.0 ], [ 242522.0, 364508.0 ], [ 242520.0, 364508.0 ], [ 242520.0, 364502.0 ], [ 242522.0, 364502.0 ], [ 242522.0, 364486.0 ], [ 242520.0, 364486.0 ], [ 242520.0, 364484.0 ], [ 242518.0, 364484.0 ], [ 242518.0, 364482.0 ], [ 242516.0, 364482.0 ], [ 242516.0, 364480.0 ], [ 242514.0, 364480.0 ], [ 242514.0, 364476.0 ], [ 242512.0, 364476.0 ], [ 242512.0, 364468.0 ], [ 242510.0, 364468.0 ], [ 242510.0, 364462.0 ], [ 242512.0, 364462.0 ], [ 242512.0, 364460.0 ], [ 242510.0, 364460.0 ], [ 242510.0, 364450.0 ], [ 242508.0, 364450.0 ], [ 242508.0, 364444.0 ], [ 242506.0, 364444.0 ], [ 242506.0, 364442.0 ], [ 242504.0, 364442.0 ], [ 242504.0, 364436.0 ], [ 242502.0, 364436.0 ], [ 242502.0, 364432.0 ], [ 242500.0, 364432.0 ], [ 242500.0, 364428.0 ], [ 242498.0, 364428.0 ], [ 242498.0, 364424.0 ], [ 242496.0, 364424.0 ], [ 242496.0, 364420.0 ], [ 242494.0, 364420.0 ], [ 242494.0, 364416.0 ], [ 242492.0, 364416.0 ], [ 242492.0, 364414.0 ], [ 242494.0, 364414.0 ], [ 242494.0, 364402.0 ], [ 242490.0, 364402.0 ], [ 242490.0, 364400.0 ], [ 242488.0, 364400.0 ], [ 242488.0, 364398.0 ], [ 242486.0, 364398.0 ], [ 242486.0, 364396.0 ], [ 242484.0, 364396.0 ], [ 242484.0, 364392.0 ], [ 242478.0, 364392.0 ], [ 242478.0, 364390.0 ], [ 242476.0, 364390.0 ], [ 242476.0, 364388.0 ], [ 242474.0, 364388.0 ], [ 242474.0, 364384.0 ], [ 242472.0, 364384.0 ], [ 242472.0, 364386.0 ], [ 242470.0, 364386.0 ], [ 242470.0, 364388.0 ], [ 242468.0, 364388.0 ], [ 242468.0, 364390.0 ], [ 242466.0, 364390.0 ], [ 242466.0, 364392.0 ], [ 242464.0, 364392.0 ], [ 242464.0, 364390.0 ], [ 242462.0, 364390.0 ], [ 242462.0, 364388.0 ], [ 242460.0, 364388.0 ], [ 242460.0, 364386.0 ], [ 242462.0, 364386.0 ], [ 242462.0, 364384.0 ], [ 242460.0, 364384.0 ], [ 242460.0, 364382.0 ], [ 242458.0, 364382.0 ], [ 242458.0, 364378.0 ], [ 242456.0, 364378.0 ], [ 242456.0, 364376.0 ], [ 242458.0, 364376.0 ], [ 242458.0, 364372.0 ], [ 242456.0, 364372.0 ], [ 242456.0, 364370.0 ], [ 242454.0, 364370.0 ], [ 242454.0, 364366.0 ], [ 242452.0, 364366.0 ], [ 242452.0, 364364.0 ], [ 242450.0, 364364.0 ], [ 242450.0, 364358.0 ], [ 242448.0, 364358.0 ], [ 242448.0, 364356.0 ], [ 242450.0, 364356.0 ], [ 242450.0, 364354.0 ], [ 242448.0, 364354.0 ], [ 242448.0, 364350.0 ], [ 242446.0, 364350.0 ], [ 242446.0, 364348.0 ], [ 242444.0, 364348.0 ], [ 242444.0, 364344.0 ], [ 242440.0, 364344.0 ], [ 242440.0, 364342.0 ], [ 242438.0, 364342.0 ], [ 242438.0, 364344.0 ], [ 242436.0, 364344.0 ], [ 242436.0, 364346.0 ], [ 242432.0, 364346.0 ], [ 242432.0, 364348.0 ], [ 242430.0, 364348.0 ], [ 242430.0, 364350.0 ], [ 242426.0, 364350.0 ], [ 242426.0, 364352.0 ], [ 242428.0, 364352.0 ], [ 242428.0, 364354.0 ], [ 242426.0, 364354.0 ], [ 242426.0, 364358.0 ], [ 242428.0, 364358.0 ], [ 242428.0, 364360.0 ], [ 242430.0, 364360.0 ], [ 242430.0, 364362.0 ], [ 242428.0, 364362.0 ], [ 242428.0, 364366.0 ], [ 242430.0, 364366.0 ], [ 242430.0, 364370.0 ], [ 242428.0, 364370.0 ], [ 242428.0, 364372.0 ], [ 242430.0, 364372.0 ], [ 242430.0, 364374.0 ], [ 242436.0, 364374.0 ], [ 242436.0, 364376.0 ], [ 242438.0, 364376.0 ], [ 242438.0, 364374.0 ], [ 242440.0, 364374.0 ], [ 242440.0, 364372.0 ], [ 242442.0, 364372.0 ], [ 242442.0, 364374.0 ], [ 242444.0, 364374.0 ], [ 242444.0, 364376.0 ], [ 242446.0, 364376.0 ], [ 242446.0, 364384.0 ], [ 242444.0, 364384.0 ], [ 242444.0, 364386.0 ], [ 242442.0, 364386.0 ], [ 242442.0, 364390.0 ], [ 242440.0, 364390.0 ], [ 242440.0, 364392.0 ], [ 242438.0, 364392.0 ], [ 242438.0, 364394.0 ], [ 242440.0, 364394.0 ], [ 242440.0, 364398.0 ], [ 242442.0, 364398.0 ], [ 242442.0, 364402.0 ], [ 242444.0, 364402.0 ], [ 242444.0, 364406.0 ], [ 242446.0, 364406.0 ], [ 242446.0, 364410.0 ], [ 242448.0, 364410.0 ], [ 242448.0, 364414.0 ], [ 242450.0, 364414.0 ], [ 242450.0, 364416.0 ], [ 242452.0, 364416.0 ], [ 242452.0, 364418.0 ], [ 242454.0, 364418.0 ], [ 242454.0, 364434.0 ], [ 242456.0, 364434.0 ], [ 242456.0, 364442.0 ], [ 242458.0, 364442.0 ], [ 242458.0, 364450.0 ], [ 242460.0, 364450.0 ], [ 242460.0, 364454.0 ], [ 242462.0, 364454.0 ], [ 242462.0, 364460.0 ], [ 242460.0, 364460.0 ], [ 242460.0, 364464.0 ], [ 242458.0, 364464.0 ], [ 242458.0, 364468.0 ], [ 242462.0, 364468.0 ], [ 242462.0, 364470.0 ], [ 242464.0, 364470.0 ], [ 242464.0, 364472.0 ], [ 242466.0, 364472.0 ], [ 242466.0, 364474.0 ], [ 242464.0, 364474.0 ], [ 242464.0, 364476.0 ], [ 242466.0, 364476.0 ], [ 242466.0, 364478.0 ], [ 242470.0, 364478.0 ], [ 242470.0, 364480.0 ], [ 242474.0, 364480.0 ], [ 242474.0, 364482.0 ], [ 242476.0, 364482.0 ], [ 242476.0, 364484.0 ], [ 242478.0, 364484.0 ], [ 242478.0, 364486.0 ], [ 242480.0, 364486.0 ], [ 242480.0, 364504.0 ], [ 242478.0, 364504.0 ], [ 242478.0, 364510.0 ], [ 242476.0, 364510.0 ], [ 242476.0, 364520.0 ], [ 242478.0, 364520.0 ], [ 242478.0, 364528.0 ], [ 242476.0, 364528.0 ], [ 242476.0, 364536.0 ], [ 242474.0, 364536.0 ], [ 242474.0, 364540.0 ], [ 242476.0, 364540.0 ], [ 242476.0, 364542.0 ], [ 242478.0, 364542.0 ], [ 242478.0, 364544.0 ], [ 242480.0, 364544.0 ], [ 242480.0, 364546.0 ], [ 242482.0, 364546.0 ], [ 242482.0, 364548.0 ], [ 242484.0, 364548.0 ], [ 242484.0, 364554.0 ], [ 242482.0, 364554.0 ], [ 242482.0, 364556.0 ], [ 242480.0, 364556.0 ], [ 242480.0, 364558.0 ], [ 242476.0, 364558.0 ], [ 242476.0, 364556.0 ], [ 242474.0, 364556.0 ], [ 242474.0, 364554.0 ], [ 242472.0, 364554.0 ], [ 242472.0, 364552.0 ], [ 242468.0, 364552.0 ], [ 242468.0, 364550.0 ], [ 242466.0, 364550.0 ], [ 242466.0, 364548.0 ], [ 242464.0, 364548.0 ], [ 242464.0, 364546.0 ], [ 242462.0, 364546.0 ], [ 242462.0, 364544.0 ], [ 242460.0, 364544.0 ], [ 242460.0, 364542.0 ], [ 242458.0, 364542.0 ], [ 242458.0, 364540.0 ], [ 242456.0, 364540.0 ], [ 242456.0, 364538.0 ], [ 242454.0, 364538.0 ], [ 242454.0, 364536.0 ], [ 242452.0, 364536.0 ], [ 242452.0, 364534.0 ], [ 242450.0, 364534.0 ], [ 242450.0, 364532.0 ], [ 242448.0, 364532.0 ], [ 242448.0, 364530.0 ], [ 242446.0, 364530.0 ], [ 242446.0, 364528.0 ], [ 242448.0, 364528.0 ], [ 242448.0, 364526.0 ], [ 242450.0, 364526.0 ], [ 242450.0, 364524.0 ], [ 242452.0, 364524.0 ], [ 242452.0, 364522.0 ], [ 242456.0, 364522.0 ], [ 242456.0, 364520.0 ], [ 242452.0, 364520.0 ], [ 242452.0, 364518.0 ], [ 242450.0, 364518.0 ], [ 242450.0, 364516.0 ], [ 242448.0, 364516.0 ], [ 242448.0, 364506.0 ], [ 242446.0, 364506.0 ], [ 242446.0, 364500.0 ], [ 242444.0, 364500.0 ], [ 242444.0, 364498.0 ], [ 242442.0, 364498.0 ], [ 242442.0, 364496.0 ], [ 242440.0, 364496.0 ], [ 242440.0, 364494.0 ], [ 242438.0, 364494.0 ], [ 242438.0, 364492.0 ], [ 242434.0, 364492.0 ], [ 242434.0, 364494.0 ], [ 242430.0, 364494.0 ], [ 242430.0, 364492.0 ], [ 242428.0, 364492.0 ], [ 242428.0, 364490.0 ], [ 242426.0, 364490.0 ], [ 242426.0, 364488.0 ], [ 242424.0, 364488.0 ], [ 242424.0, 364484.0 ], [ 242420.0, 364484.0 ], [ 242420.0, 364486.0 ], [ 242418.0, 364486.0 ], [ 242418.0, 364488.0 ], [ 242416.0, 364488.0 ], [ 242416.0, 364490.0 ], [ 242414.0, 364490.0 ], [ 242414.0, 364492.0 ], [ 242410.0, 364492.0 ], [ 242410.0, 364490.0 ], [ 242408.0, 364490.0 ], [ 242408.0, 364492.0 ], [ 242406.0, 364492.0 ], [ 242406.0, 364494.0 ], [ 242404.0, 364494.0 ], [ 242404.0, 364492.0 ], [ 242402.0, 364492.0 ], [ 242402.0, 364490.0 ], [ 242400.0, 364490.0 ], [ 242400.0, 364488.0 ], [ 242402.0, 364488.0 ], [ 242402.0, 364486.0 ], [ 242404.0, 364486.0 ], [ 242404.0, 364484.0 ], [ 242406.0, 364484.0 ], [ 242406.0, 364486.0 ], [ 242408.0, 364486.0 ], [ 242408.0, 364484.0 ], [ 242410.0, 364484.0 ], [ 242410.0, 364480.0 ], [ 242406.0, 364480.0 ], [ 242406.0, 364478.0 ], [ 242404.0, 364478.0 ], [ 242404.0, 364480.0 ], [ 242402.0, 364480.0 ], [ 242402.0, 364482.0 ], [ 242400.0, 364482.0 ], [ 242400.0, 364484.0 ], [ 242398.0, 364484.0 ], [ 242398.0, 364482.0 ], [ 242396.0, 364482.0 ], [ 242396.0, 364480.0 ], [ 242394.0, 364480.0 ], [ 242394.0, 364478.0 ], [ 242396.0, 364478.0 ], [ 242396.0, 364476.0 ], [ 242398.0, 364476.0 ], [ 242398.0, 364474.0 ], [ 242400.0, 364474.0 ], [ 242400.0, 364472.0 ], [ 242402.0, 364472.0 ], [ 242402.0, 364474.0 ], [ 242404.0, 364474.0 ], [ 242404.0, 364472.0 ], [ 242406.0, 364472.0 ], [ 242406.0, 364470.0 ], [ 242404.0, 364470.0 ], [ 242404.0, 364464.0 ], [ 242406.0, 364464.0 ], [ 242406.0, 364462.0 ], [ 242408.0, 364462.0 ], [ 242408.0, 364460.0 ], [ 242410.0, 364460.0 ], [ 242410.0, 364462.0 ], [ 242412.0, 364462.0 ], [ 242412.0, 364464.0 ], [ 242414.0, 364464.0 ], [ 242414.0, 364466.0 ], [ 242416.0, 364466.0 ], [ 242416.0, 364462.0 ], [ 242414.0, 364462.0 ], [ 242414.0, 364452.0 ], [ 242412.0, 364452.0 ], [ 242412.0, 364450.0 ], [ 242410.0, 364450.0 ], [ 242410.0, 364452.0 ], [ 242408.0, 364452.0 ], [ 242408.0, 364456.0 ], [ 242406.0, 364456.0 ], [ 242406.0, 364458.0 ], [ 242404.0, 364458.0 ], [ 242404.0, 364460.0 ], [ 242402.0, 364460.0 ], [ 242402.0, 364458.0 ], [ 242400.0, 364458.0 ], [ 242400.0, 364456.0 ], [ 242398.0, 364456.0 ], [ 242398.0, 364454.0 ], [ 242396.0, 364454.0 ], [ 242396.0, 364448.0 ], [ 242394.0, 364448.0 ], [ 242394.0, 364436.0 ], [ 242392.0, 364436.0 ], [ 242392.0, 364432.0 ], [ 242390.0, 364432.0 ], [ 242390.0, 364428.0 ], [ 242388.0, 364428.0 ], [ 242388.0, 364424.0 ], [ 242386.0, 364424.0 ], [ 242386.0, 364426.0 ], [ 242384.0, 364426.0 ], [ 242384.0, 364428.0 ], [ 242386.0, 364428.0 ], [ 242386.0, 364430.0 ], [ 242388.0, 364430.0 ], [ 242388.0, 364434.0 ], [ 242390.0, 364434.0 ], [ 242390.0, 364440.0 ], [ 242388.0, 364440.0 ], [ 242388.0, 364442.0 ], [ 242386.0, 364442.0 ], [ 242386.0, 364444.0 ], [ 242382.0, 364444.0 ], [ 242382.0, 364446.0 ], [ 242384.0, 364446.0 ], [ 242384.0, 364454.0 ], [ 242386.0, 364454.0 ], [ 242386.0, 364452.0 ], [ 242392.0, 364452.0 ], [ 242392.0, 364454.0 ], [ 242394.0, 364454.0 ], [ 242394.0, 364456.0 ], [ 242396.0, 364456.0 ], [ 242396.0, 364458.0 ], [ 242398.0, 364458.0 ], [ 242398.0, 364468.0 ], [ 242396.0, 364468.0 ], [ 242396.0, 364470.0 ], [ 242394.0, 364470.0 ], [ 242394.0, 364472.0 ], [ 242392.0, 364472.0 ], [ 242392.0, 364470.0 ], [ 242390.0, 364470.0 ], [ 242390.0, 364468.0 ], [ 242388.0, 364468.0 ], [ 242388.0, 364472.0 ], [ 242386.0, 364472.0 ], [ 242386.0, 364474.0 ], [ 242384.0, 364474.0 ], [ 242384.0, 364476.0 ], [ 242382.0, 364476.0 ], [ 242382.0, 364474.0 ], [ 242380.0, 364474.0 ], [ 242380.0, 364472.0 ], [ 242378.0, 364472.0 ], [ 242378.0, 364468.0 ], [ 242380.0, 364468.0 ], [ 242380.0, 364464.0 ], [ 242378.0, 364464.0 ], [ 242378.0, 364458.0 ], [ 242376.0, 364458.0 ], [ 242376.0, 364462.0 ], [ 242374.0, 364462.0 ], [ 242374.0, 364464.0 ], [ 242372.0, 364464.0 ], [ 242372.0, 364466.0 ], [ 242370.0, 364466.0 ], [ 242370.0, 364464.0 ], [ 242368.0, 364464.0 ], [ 242368.0, 364462.0 ], [ 242366.0, 364462.0 ], [ 242366.0, 364458.0 ], [ 242362.0, 364458.0 ], [ 242362.0, 364456.0 ], [ 242358.0, 364456.0 ], [ 242358.0, 364458.0 ], [ 242352.0, 364458.0 ], [ 242352.0, 364456.0 ], [ 242350.0, 364456.0 ], [ 242350.0, 364454.0 ], [ 242348.0, 364454.0 ], [ 242348.0, 364452.0 ], [ 242350.0, 364452.0 ], [ 242350.0, 364450.0 ], [ 242352.0, 364450.0 ], [ 242352.0, 364448.0 ], [ 242358.0, 364448.0 ], [ 242358.0, 364450.0 ], [ 242362.0, 364450.0 ], [ 242362.0, 364448.0 ], [ 242364.0, 364448.0 ], [ 242364.0, 364446.0 ], [ 242366.0, 364446.0 ], [ 242366.0, 364448.0 ], [ 242368.0, 364448.0 ], [ 242368.0, 364450.0 ], [ 242370.0, 364450.0 ], [ 242370.0, 364452.0 ], [ 242372.0, 364452.0 ], [ 242372.0, 364446.0 ], [ 242374.0, 364446.0 ], [ 242374.0, 364444.0 ], [ 242376.0, 364444.0 ], [ 242376.0, 364442.0 ], [ 242378.0, 364442.0 ], [ 242378.0, 364440.0 ], [ 242376.0, 364440.0 ], [ 242376.0, 364432.0 ], [ 242378.0, 364432.0 ], [ 242378.0, 364430.0 ], [ 242364.0, 364430.0 ], [ 242364.0, 364432.0 ], [ 242358.0, 364432.0 ], [ 242358.0, 364430.0 ], [ 242356.0, 364430.0 ], [ 242356.0, 364434.0 ], [ 242354.0, 364434.0 ], [ 242354.0, 364436.0 ], [ 242352.0, 364436.0 ], [ 242352.0, 364438.0 ], [ 242350.0, 364438.0 ], [ 242350.0, 364440.0 ], [ 242348.0, 364440.0 ], [ 242348.0, 364442.0 ], [ 242346.0, 364442.0 ], [ 242346.0, 364440.0 ], [ 242344.0, 364440.0 ], [ 242344.0, 364438.0 ], [ 242342.0, 364438.0 ], [ 242342.0, 364436.0 ], [ 242344.0, 364436.0 ], [ 242344.0, 364434.0 ], [ 242342.0, 364434.0 ], [ 242342.0, 364432.0 ], [ 242340.0, 364432.0 ], [ 242340.0, 364430.0 ], [ 242334.0, 364430.0 ], [ 242334.0, 364428.0 ], [ 242332.0, 364428.0 ], [ 242332.0, 364426.0 ], [ 242328.0, 364426.0 ], [ 242328.0, 364424.0 ], [ 242326.0, 364424.0 ], [ 242326.0, 364422.0 ], [ 242324.0, 364422.0 ], [ 242324.0, 364420.0 ], [ 242306.0, 364420.0 ], [ 242306.0, 364428.0 ], [ 242304.0, 364428.0 ], [ 242304.0, 364430.0 ], [ 242302.0, 364430.0 ], [ 242302.0, 364432.0 ], [ 242300.0, 364432.0 ], [ 242300.0, 364434.0 ], [ 242298.0, 364434.0 ], [ 242298.0, 364432.0 ], [ 242294.0, 364432.0 ], [ 242294.0, 364436.0 ], [ 242296.0, 364436.0 ], [ 242296.0, 364438.0 ], [ 242294.0, 364438.0 ], [ 242294.0, 364440.0 ], [ 242296.0, 364440.0 ], [ 242296.0, 364444.0 ], [ 242298.0, 364444.0 ], [ 242298.0, 364456.0 ], [ 242296.0, 364456.0 ], [ 242296.0, 364458.0 ], [ 242294.0, 364458.0 ], [ 242294.0, 364460.0 ], [ 242292.0, 364460.0 ], [ 242292.0, 364458.0 ], [ 242288.0, 364458.0 ], [ 242288.0, 364456.0 ], [ 242284.0, 364456.0 ], [ 242284.0, 364454.0 ], [ 242282.0, 364454.0 ], [ 242282.0, 364452.0 ], [ 242280.0, 364452.0 ], [ 242280.0, 364450.0 ], [ 242278.0, 364450.0 ], [ 242278.0, 364446.0 ], [ 242276.0, 364446.0 ], [ 242276.0, 364444.0 ], [ 242274.0, 364444.0 ], [ 242274.0, 364446.0 ], [ 242270.0, 364446.0 ], [ 242270.0, 364448.0 ], [ 242272.0, 364448.0 ], [ 242272.0, 364454.0 ], [ 242270.0, 364454.0 ], [ 242270.0, 364456.0 ], [ 242268.0, 364456.0 ], [ 242268.0, 364458.0 ], [ 242264.0, 364458.0 ], [ 242264.0, 364456.0 ], [ 242262.0, 364456.0 ], [ 242262.0, 364458.0 ], [ 242258.0, 364458.0 ], [ 242258.0, 364456.0 ], [ 242256.0, 364456.0 ], [ 242256.0, 364454.0 ], [ 242248.0, 364454.0 ], [ 242248.0, 364456.0 ], [ 242242.0, 364456.0 ], [ 242242.0, 364454.0 ], [ 242240.0, 364454.0 ], [ 242240.0, 364452.0 ], [ 242238.0, 364452.0 ], [ 242238.0, 364448.0 ], [ 242236.0, 364448.0 ], [ 242236.0, 364450.0 ], [ 242228.0, 364450.0 ], [ 242228.0, 364448.0 ], [ 242226.0, 364448.0 ], [ 242226.0, 364450.0 ], [ 242224.0, 364450.0 ], [ 242224.0, 364448.0 ], [ 242222.0, 364448.0 ], [ 242222.0, 364446.0 ], [ 242218.0, 364446.0 ], [ 242218.0, 364444.0 ], [ 242214.0, 364444.0 ], [ 242214.0, 364442.0 ], [ 242212.0, 364442.0 ], [ 242212.0, 364456.0 ], [ 242214.0, 364456.0 ], [ 242214.0, 364460.0 ], [ 242212.0, 364460.0 ], [ 242212.0, 364462.0 ], [ 242210.0, 364462.0 ], [ 242210.0, 364466.0 ], [ 242212.0, 364466.0 ], [ 242212.0, 364472.0 ], [ 242214.0, 364472.0 ], [ 242214.0, 364474.0 ], [ 242212.0, 364474.0 ], [ 242212.0, 364476.0 ], [ 242210.0, 364476.0 ], [ 242210.0, 364478.0 ], [ 242208.0, 364478.0 ], [ 242208.0, 364476.0 ], [ 242206.0, 364476.0 ], [ 242206.0, 364478.0 ], [ 242204.0, 364478.0 ], [ 242204.0, 364476.0 ], [ 242196.0, 364476.0 ], [ 242196.0, 364478.0 ], [ 242192.0, 364478.0 ], [ 242192.0, 364480.0 ], [ 242194.0, 364480.0 ], [ 242194.0, 364482.0 ], [ 242196.0, 364482.0 ], [ 242196.0, 364484.0 ], [ 242198.0, 364484.0 ], [ 242198.0, 364488.0 ], [ 242202.0, 364488.0 ], [ 242202.0, 364490.0 ], [ 242204.0, 364490.0 ], [ 242204.0, 364492.0 ], [ 242206.0, 364492.0 ], [ 242206.0, 364494.0 ], [ 242208.0, 364494.0 ], [ 242208.0, 364498.0 ], [ 242210.0, 364498.0 ], [ 242210.0, 364512.0 ], [ 242212.0, 364512.0 ], [ 242212.0, 364518.0 ], [ 242214.0, 364518.0 ], [ 242214.0, 364520.0 ], [ 242216.0, 364520.0 ], [ 242216.0, 364518.0 ], [ 242220.0, 364518.0 ], [ 242220.0, 364520.0 ], [ 242222.0, 364520.0 ], [ 242222.0, 364522.0 ], [ 242224.0, 364522.0 ], [ 242224.0, 364526.0 ], [ 242222.0, 364526.0 ], [ 242222.0, 364528.0 ], [ 242220.0, 364528.0 ], [ 242220.0, 364530.0 ], [ 242218.0, 364530.0 ], [ 242218.0, 364532.0 ], [ 242216.0, 364532.0 ], [ 242216.0, 364534.0 ], [ 242214.0, 364534.0 ], [ 242214.0, 364536.0 ], [ 242212.0, 364536.0 ], [ 242212.0, 364534.0 ], [ 242210.0, 364534.0 ], [ 242210.0, 364532.0 ], [ 242208.0, 364532.0 ], [ 242208.0, 364528.0 ], [ 242206.0, 364528.0 ], [ 242206.0, 364526.0 ], [ 242204.0, 364526.0 ], [ 242204.0, 364524.0 ], [ 242202.0, 364524.0 ], [ 242202.0, 364520.0 ], [ 242200.0, 364520.0 ], [ 242200.0, 364518.0 ], [ 242198.0, 364518.0 ], [ 242198.0, 364516.0 ], [ 242196.0, 364516.0 ], [ 242196.0, 364514.0 ], [ 242194.0, 364514.0 ], [ 242194.0, 364512.0 ], [ 242192.0, 364512.0 ], [ 242192.0, 364510.0 ], [ 242190.0, 364510.0 ], [ 242190.0, 364508.0 ], [ 242188.0, 364508.0 ], [ 242188.0, 364502.0 ], [ 242184.0, 364502.0 ], [ 242184.0, 364500.0 ], [ 242182.0, 364500.0 ], [ 242182.0, 364498.0 ], [ 242180.0, 364498.0 ], [ 242180.0, 364496.0 ], [ 242176.0, 364496.0 ], [ 242176.0, 364494.0 ], [ 242174.0, 364494.0 ], [ 242174.0, 364492.0 ], [ 242172.0, 364492.0 ], [ 242172.0, 364490.0 ], [ 242170.0, 364490.0 ], [ 242170.0, 364488.0 ], [ 242168.0, 364488.0 ], [ 242168.0, 364486.0 ], [ 242166.0, 364486.0 ], [ 242166.0, 364484.0 ], [ 242164.0, 364484.0 ], [ 242164.0, 364482.0 ], [ 242162.0, 364482.0 ], [ 242162.0, 364480.0 ], [ 242158.0, 364480.0 ], [ 242158.0, 364478.0 ], [ 242156.0, 364478.0 ], [ 242156.0, 364476.0 ], [ 242152.0, 364476.0 ], [ 242152.0, 364478.0 ], [ 242150.0, 364478.0 ], [ 242150.0, 364480.0 ], [ 242148.0, 364480.0 ], [ 242148.0, 364482.0 ], [ 242146.0, 364482.0 ], [ 242146.0, 364480.0 ], [ 242144.0, 364480.0 ], [ 242144.0, 364478.0 ], [ 242142.0, 364478.0 ], [ 242142.0, 364476.0 ], [ 242140.0, 364476.0 ], [ 242140.0, 364474.0 ], [ 242138.0, 364474.0 ], [ 242138.0, 364472.0 ], [ 242136.0, 364472.0 ], [ 242136.0, 364470.0 ], [ 242134.0, 364470.0 ], [ 242134.0, 364468.0 ], [ 242132.0, 364468.0 ], [ 242132.0, 364470.0 ], [ 242130.0, 364470.0 ], [ 242130.0, 364468.0 ], [ 242126.0, 364468.0 ], [ 242126.0, 364466.0 ], [ 242122.0, 364466.0 ], [ 242122.0, 364468.0 ], [ 242120.0, 364468.0 ], [ 242120.0, 364470.0 ], [ 242116.0, 364470.0 ], [ 242116.0, 364468.0 ], [ 242114.0, 364468.0 ], [ 242114.0, 364466.0 ], [ 242108.0, 364466.0 ], [ 242108.0, 364464.0 ], [ 242106.0, 364464.0 ], [ 242106.0, 364466.0 ], [ 242104.0, 364466.0 ], [ 242104.0, 364464.0 ], [ 242102.0, 364464.0 ], [ 242102.0, 364462.0 ], [ 242100.0, 364462.0 ], [ 242100.0, 364460.0 ], [ 242098.0, 364460.0 ], [ 242098.0, 364458.0 ], [ 242096.0, 364458.0 ], [ 242096.0, 364454.0 ], [ 242090.0, 364454.0 ], [ 242090.0, 364452.0 ], [ 242088.0, 364452.0 ], [ 242088.0, 364454.0 ], [ 242086.0, 364454.0 ], [ 242086.0, 364456.0 ], [ 242082.0, 364456.0 ], [ 242082.0, 364458.0 ], [ 242084.0, 364458.0 ], [ 242084.0, 364462.0 ], [ 242082.0, 364462.0 ], [ 242082.0, 364464.0 ], [ 242080.0, 364464.0 ], [ 242080.0, 364466.0 ], [ 242074.0, 364466.0 ], [ 242074.0, 364464.0 ], [ 242072.0, 364464.0 ], [ 242072.0, 364466.0 ], [ 242070.0, 364466.0 ], [ 242070.0, 364464.0 ], [ 242068.0, 364464.0 ], [ 242068.0, 364466.0 ], [ 242064.0, 364466.0 ], [ 242064.0, 364468.0 ], [ 242062.0, 364468.0 ], [ 242062.0, 364470.0 ], [ 242060.0, 364470.0 ], [ 242060.0, 364468.0 ], [ 242058.0, 364468.0 ], [ 242058.0, 364466.0 ], [ 242056.0, 364466.0 ], [ 242056.0, 364464.0 ], [ 242054.0, 364464.0 ], [ 242054.0, 364466.0 ], [ 242052.0, 364466.0 ], [ 242052.0, 364464.0 ], [ 242050.0, 364464.0 ], [ 242050.0, 364466.0 ], [ 242040.0, 364466.0 ], [ 242040.0, 364470.0 ], [ 242038.0, 364470.0 ], [ 242038.0, 364472.0 ], [ 242036.0, 364472.0 ], [ 242036.0, 364474.0 ], [ 242030.0, 364474.0 ], [ 242030.0, 364472.0 ], [ 242028.0, 364472.0 ], [ 242028.0, 364476.0 ], [ 242030.0, 364476.0 ], [ 242030.0, 364488.0 ], [ 242032.0, 364488.0 ], [ 242032.0, 364498.0 ], [ 242034.0, 364498.0 ], [ 242034.0, 364506.0 ], [ 242036.0, 364506.0 ], [ 242036.0, 364514.0 ], [ 242038.0, 364514.0 ], [ 242038.0, 364520.0 ], [ 242040.0, 364520.0 ], [ 242040.0, 364526.0 ], [ 242042.0, 364526.0 ], [ 242042.0, 364532.0 ], [ 242044.0, 364532.0 ], [ 242044.0, 364536.0 ], [ 242046.0, 364536.0 ], [ 242046.0, 364542.0 ], [ 242048.0, 364542.0 ], [ 242048.0, 364546.0 ], [ 242050.0, 364546.0 ], [ 242050.0, 364552.0 ], [ 242052.0, 364552.0 ], [ 242052.0, 364556.0 ], [ 242054.0, 364556.0 ], [ 242054.0, 364560.0 ], [ 242056.0, 364560.0 ], [ 242056.0, 364564.0 ], [ 242058.0, 364564.0 ], [ 242058.0, 364568.0 ], [ 242060.0, 364568.0 ], [ 242060.0, 364572.0 ], [ 242062.0, 364572.0 ], [ 242062.0, 364576.0 ], [ 242064.0, 364576.0 ], [ 242064.0, 364578.0 ], [ 242066.0, 364578.0 ], [ 242066.0, 364582.0 ], [ 242068.0, 364582.0 ], [ 242068.0, 364586.0 ], [ 242070.0, 364586.0 ], [ 242070.0, 364588.0 ], [ 242072.0, 364588.0 ], [ 242072.0, 364592.0 ], [ 242074.0, 364592.0 ], [ 242074.0, 364594.0 ], [ 242076.0, 364594.0 ], [ 242076.0, 364598.0 ], [ 242078.0, 364598.0 ], [ 242078.0, 364600.0 ], [ 242080.0, 364600.0 ], [ 242080.0, 364604.0 ], [ 242082.0, 364604.0 ], [ 242082.0, 364606.0 ], [ 242084.0, 364606.0 ], [ 242084.0, 364610.0 ], [ 242086.0, 364610.0 ], [ 242086.0, 364612.0 ], [ 242088.0, 364612.0 ], [ 242088.0, 364614.0 ], [ 242090.0, 364614.0 ], [ 242090.0, 364616.0 ], [ 242092.0, 364616.0 ], [ 242092.0, 364620.0 ], [ 242094.0, 364620.0 ], [ 242094.0, 364622.0 ], [ 242096.0, 364622.0 ], [ 242096.0, 364624.0 ], [ 242098.0, 364624.0 ], [ 242098.0, 364626.0 ], [ 242100.0, 364626.0 ], [ 242100.0, 364628.0 ], [ 242102.0, 364628.0 ], [ 242102.0, 364630.0 ], [ 242104.0, 364630.0 ], [ 242104.0, 364632.0 ], [ 242106.0, 364632.0 ], [ 242106.0, 364636.0 ], [ 242108.0, 364636.0 ], [ 242108.0, 364638.0 ], [ 242110.0, 364638.0 ], [ 242110.0, 364640.0 ], [ 242112.0, 364640.0 ], [ 242112.0, 364642.0 ], [ 242114.0, 364642.0 ], [ 242114.0, 364644.0 ], [ 242116.0, 364644.0 ], [ 242116.0, 364646.0 ], [ 242118.0, 364646.0 ], [ 242118.0, 364648.0 ], [ 242122.0, 364648.0 ], [ 242122.0, 364650.0 ], [ 242124.0, 364650.0 ], [ 242124.0, 364652.0 ], [ 242126.0, 364652.0 ], [ 242126.0, 364654.0 ], [ 242128.0, 364654.0 ], [ 242128.0, 364656.0 ], [ 242130.0, 364656.0 ], [ 242130.0, 364658.0 ], [ 242132.0, 364658.0 ], [ 242132.0, 364660.0 ], [ 242134.0, 364660.0 ], [ 242134.0, 364662.0 ], [ 242138.0, 364662.0 ], [ 242138.0, 364664.0 ], [ 242140.0, 364664.0 ], [ 242140.0, 364666.0 ], [ 242142.0, 364666.0 ], [ 242142.0, 364668.0 ], [ 242144.0, 364668.0 ], [ 242144.0, 364670.0 ], [ 242148.0, 364670.0 ], [ 242148.0, 364672.0 ], [ 242150.0, 364672.0 ], [ 242150.0, 364674.0 ], [ 242154.0, 364674.0 ], [ 242154.0, 364676.0 ], [ 242156.0, 364676.0 ], [ 242156.0, 364678.0 ], [ 242160.0, 364678.0 ], [ 242160.0, 364680.0 ], [ 242162.0, 364680.0 ], [ 242162.0, 364682.0 ], [ 242166.0, 364682.0 ], [ 242166.0, 364684.0 ], [ 242168.0, 364684.0 ], [ 242168.0, 364686.0 ], [ 242172.0, 364686.0 ], [ 242172.0, 364688.0 ], [ 242176.0, 364688.0 ], [ 242176.0, 364690.0 ], [ 242178.0, 364690.0 ], [ 242178.0, 364692.0 ], [ 242182.0, 364692.0 ], [ 242182.0, 364694.0 ], [ 242186.0, 364694.0 ], [ 242186.0, 364696.0 ], [ 242190.0, 364696.0 ], [ 242190.0, 364698.0 ], [ 242194.0, 364698.0 ], [ 242194.0, 364700.0 ], [ 242198.0, 364700.0 ], [ 242198.0, 364702.0 ], [ 242202.0, 364702.0 ], [ 242202.0, 364704.0 ], [ 242208.0, 364704.0 ], [ 242208.0, 364706.0 ], [ 242212.0, 364706.0 ], [ 242212.0, 364708.0 ], [ 242218.0, 364708.0 ], [ 242218.0, 364710.0 ], [ 242222.0, 364710.0 ], [ 242222.0, 364712.0 ], [ 242228.0, 364712.0 ], [ 242228.0, 364714.0 ], [ 242234.0, 364714.0 ], [ 242234.0, 364716.0 ], [ 242240.0, 364716.0 ], [ 242240.0, 364718.0 ], [ 242248.0, 364718.0 ], [ 242248.0, 364720.0 ], [ 242256.0, 364720.0 ], [ 242256.0, 364722.0 ], [ 242266.0, 364722.0 ], [ 242266.0, 364724.0 ], [ 242276.0, 364724.0 ], [ 242276.0, 364726.0 ], [ 242290.0, 364726.0 ], [ 242290.0, 364728.0 ], [ 242324.0, 364728.0 ], [ 242324.0, 364730.0 ], [ 242326.0, 364730.0 ], [ 242326.0, 364732.0 ], [ 242328.0, 364732.0 ], [ 242328.0, 364736.0 ], [ 242330.0, 364736.0 ], [ 242330.0, 364740.0 ], [ 242332.0, 364740.0 ], [ 242332.0, 364742.0 ], [ 242334.0, 364742.0 ], [ 242334.0, 364746.0 ], [ 242336.0, 364746.0 ], [ 242336.0, 364748.0 ], [ 242338.0, 364748.0 ], [ 242338.0, 364752.0 ], [ 242340.0, 364752.0 ], [ 242340.0, 364754.0 ], [ 242342.0, 364754.0 ], [ 242342.0, 364758.0 ], [ 242344.0, 364758.0 ], [ 242344.0, 364760.0 ], [ 242346.0, 364760.0 ], [ 242346.0, 364764.0 ], [ 242348.0, 364764.0 ], [ 242348.0, 364766.0 ], [ 242350.0, 364766.0 ], [ 242350.0, 364768.0 ], [ 242352.0, 364768.0 ], [ 242352.0, 364770.0 ], [ 242354.0, 364770.0 ], [ 242354.0, 364774.0 ], [ 242356.0, 364774.0 ], [ 242356.0, 364776.0 ], [ 242358.0, 364776.0 ], [ 242358.0, 364778.0 ], [ 242360.0, 364778.0 ], [ 242360.0, 364780.0 ], [ 242362.0, 364780.0 ], [ 242362.0, 364782.0 ], [ 242364.0, 364782.0 ], [ 242364.0, 364784.0 ], [ 242366.0, 364784.0 ], [ 242366.0, 364786.0 ], [ 242368.0, 364786.0 ], [ 242368.0, 364790.0 ], [ 242370.0, 364790.0 ], [ 242370.0, 364792.0 ], [ 242372.0, 364792.0 ], [ 242372.0, 364794.0 ], [ 242374.0, 364794.0 ], [ 242374.0, 364796.0 ], [ 242376.0, 364796.0 ], [ 242376.0, 364798.0 ], [ 242378.0, 364798.0 ], [ 242378.0, 364800.0 ], [ 242380.0, 364800.0 ], [ 242380.0, 364802.0 ], [ 242384.0, 364802.0 ], [ 242384.0, 364804.0 ], [ 242386.0, 364804.0 ], [ 242386.0, 364806.0 ], [ 242388.0, 364806.0 ], [ 242388.0, 364808.0 ], [ 242390.0, 364808.0 ], [ 242390.0, 364810.0 ], [ 242392.0, 364810.0 ], [ 242392.0, 364812.0 ], [ 242394.0, 364812.0 ], [ 242394.0, 364814.0 ], [ 242396.0, 364814.0 ], [ 242396.0, 364816.0 ], [ 242400.0, 364816.0 ], [ 242400.0, 364818.0 ], [ 242402.0, 364818.0 ], [ 242402.0, 364820.0 ], [ 242404.0, 364820.0 ], [ 242404.0, 364822.0 ], [ 242406.0, 364822.0 ], [ 242406.0, 364824.0 ], [ 242410.0, 364824.0 ], [ 242410.0, 364826.0 ], [ 242412.0, 364826.0 ], [ 242412.0, 364828.0 ], [ 242416.0, 364828.0 ], [ 242416.0, 364830.0 ], [ 242418.0, 364830.0 ], [ 242418.0, 364832.0 ], [ 242422.0, 364832.0 ], [ 242422.0, 364834.0 ], [ 242424.0, 364834.0 ], [ 242424.0, 364836.0 ], [ 242428.0, 364836.0 ], [ 242428.0, 364838.0 ], [ 242430.0, 364838.0 ], [ 242430.0, 364840.0 ], [ 242434.0, 364840.0 ], [ 242434.0, 364842.0 ], [ 242438.0, 364842.0 ], [ 242438.0, 364844.0 ], [ 242440.0, 364844.0 ], [ 242440.0, 364846.0 ], [ 242444.0, 364846.0 ], [ 242444.0, 364848.0 ], [ 242448.0, 364848.0 ], [ 242448.0, 364850.0 ], [ 242452.0, 364850.0 ], [ 242452.0, 364852.0 ], [ 242456.0, 364852.0 ], [ 242456.0, 364854.0 ], [ 242460.0, 364854.0 ], [ 242460.0, 364856.0 ], [ 242464.0, 364856.0 ], [ 242464.0, 364858.0 ], [ 242470.0, 364858.0 ], [ 242470.0, 364860.0 ], [ 242474.0, 364860.0 ], [ 242474.0, 364862.0 ], [ 242480.0, 364862.0 ], [ 242480.0, 364864.0 ], [ 242484.0, 364864.0 ], [ 242484.0, 364866.0 ], [ 242490.0, 364866.0 ], [ 242490.0, 364868.0 ], [ 242496.0, 364868.0 ], [ 242496.0, 364870.0 ], [ 242502.0, 364870.0 ], [ 242502.0, 364872.0 ], [ 242510.0, 364872.0 ], [ 242510.0, 364874.0 ], [ 242518.0, 364874.0 ], [ 242518.0, 364876.0 ], [ 242528.0, 364876.0 ], [ 242528.0, 364878.0 ], [ 242538.0, 364878.0 ], [ 242538.0, 364880.0 ], [ 242552.0, 364880.0 ], [ 242552.0, 364882.0 ], [ 242586.0, 364882.0 ], [ 242586.0, 364884.0 ], [ 242588.0, 364884.0 ], [ 242588.0, 364882.0 ], [ 242622.0, 364882.0 ], [ 242622.0, 364880.0 ], [ 242636.0, 364880.0 ], [ 242636.0, 364878.0 ], [ 242646.0, 364878.0 ], [ 242646.0, 364876.0 ], [ 242656.0, 364876.0 ], [ 242656.0, 364874.0 ], [ 242664.0, 364874.0 ], [ 242664.0, 364872.0 ], [ 242672.0, 364872.0 ], [ 242672.0, 364870.0 ], [ 242678.0, 364870.0 ], [ 242678.0, 364868.0 ], [ 242684.0, 364868.0 ], [ 242684.0, 364866.0 ], [ 242690.0, 364866.0 ], [ 242690.0, 364864.0 ], [ 242694.0, 364864.0 ], [ 242694.0, 364862.0 ], [ 242700.0, 364862.0 ], [ 242700.0, 364860.0 ], [ 242704.0, 364860.0 ], [ 242704.0, 364858.0 ], [ 242710.0, 364858.0 ], [ 242710.0, 364856.0 ], [ 242714.0, 364856.0 ], [ 242714.0, 364854.0 ], [ 242718.0, 364854.0 ], [ 242718.0, 364852.0 ], [ 242722.0, 364852.0 ], [ 242722.0, 364850.0 ], [ 242726.0, 364850.0 ], [ 242726.0, 364848.0 ], [ 242730.0, 364848.0 ], [ 242730.0, 364846.0 ], [ 242734.0, 364846.0 ], [ 242734.0, 364844.0 ], [ 242736.0, 364844.0 ], [ 242736.0, 364842.0 ], [ 242740.0, 364842.0 ], [ 242740.0, 364840.0 ], [ 242744.0, 364840.0 ], [ 242744.0, 364838.0 ], [ 242746.0, 364838.0 ], [ 242746.0, 364836.0 ], [ 242750.0, 364836.0 ], [ 242750.0, 364834.0 ], [ 242752.0, 364834.0 ], [ 242752.0, 364832.0 ], [ 242756.0, 364832.0 ], [ 242756.0, 364830.0 ], [ 242758.0, 364830.0 ], [ 242758.0, 364828.0 ], [ 242762.0, 364828.0 ], [ 242762.0, 364826.0 ], [ 242764.0, 364826.0 ], [ 242764.0, 364824.0 ], [ 242768.0, 364824.0 ], [ 242768.0, 364822.0 ], [ 242770.0, 364822.0 ], [ 242770.0, 364820.0 ], [ 242772.0, 364820.0 ], [ 242772.0, 364818.0 ], [ 242774.0, 364818.0 ], [ 242774.0, 364816.0 ], [ 242778.0, 364816.0 ], [ 242778.0, 364814.0 ], [ 242780.0, 364814.0 ], [ 242780.0, 364812.0 ], [ 242782.0, 364812.0 ], [ 242782.0, 364810.0 ], [ 242784.0, 364810.0 ], [ 242784.0, 364808.0 ], [ 242786.0, 364808.0 ], [ 242786.0, 364806.0 ], [ 242788.0, 364806.0 ], [ 242788.0, 364804.0 ], [ 242790.0, 364804.0 ], [ 242790.0, 364802.0 ], [ 242794.0, 364802.0 ], [ 242794.0, 364800.0 ], [ 242796.0, 364800.0 ], [ 242796.0, 364798.0 ], [ 242798.0, 364798.0 ], [ 242798.0, 364796.0 ], [ 242800.0, 364796.0 ], [ 242800.0, 364794.0 ], [ 242802.0, 364794.0 ], [ 242802.0, 364792.0 ], [ 242804.0, 364792.0 ], [ 242804.0, 364790.0 ], [ 242806.0, 364790.0 ], [ 242806.0, 364786.0 ], [ 242808.0, 364786.0 ], [ 242808.0, 364784.0 ], [ 242810.0, 364784.0 ], [ 242810.0, 364782.0 ], [ 242812.0, 364782.0 ], [ 242812.0, 364780.0 ], [ 242814.0, 364780.0 ], [ 242814.0, 364778.0 ], [ 242816.0, 364778.0 ], [ 242816.0, 364776.0 ], [ 242818.0, 364776.0 ], [ 242818.0, 364774.0 ], [ 242820.0, 364774.0 ], [ 242820.0, 364770.0 ], [ 242822.0, 364770.0 ], [ 242822.0, 364768.0 ], [ 242824.0, 364768.0 ], [ 242824.0, 364766.0 ], [ 242826.0, 364766.0 ], [ 242826.0, 364764.0 ], [ 242828.0, 364764.0 ], [ 242828.0, 364760.0 ], [ 242830.0, 364760.0 ], [ 242830.0, 364758.0 ], [ 242832.0, 364758.0 ], [ 242832.0, 364754.0 ], [ 242834.0, 364754.0 ], [ 242834.0, 364752.0 ], [ 242836.0, 364752.0 ], [ 242836.0, 364748.0 ], [ 242838.0, 364748.0 ], [ 242838.0, 364746.0 ], [ 242840.0, 364746.0 ], [ 242840.0, 364742.0 ], [ 242842.0, 364742.0 ], [ 242842.0, 364740.0 ], [ 242844.0, 364740.0 ], [ 242844.0, 364736.0 ], [ 242846.0, 364736.0 ], [ 242846.0, 364732.0 ], [ 242848.0, 364732.0 ], [ 242848.0, 364730.0 ], [ 242850.0, 364730.0 ], [ 242850.0, 364726.0 ], [ 242852.0, 364726.0 ], [ 242852.0, 364722.0 ], [ 242854.0, 364722.0 ], [ 242854.0, 364718.0 ], [ 242856.0, 364718.0 ], [ 242856.0, 364714.0 ], [ 242858.0, 364714.0 ], [ 242858.0, 364710.0 ], [ 242860.0, 364710.0 ], [ 242860.0, 364706.0 ], [ 242862.0, 364706.0 ], [ 242862.0, 364700.0 ], [ 242864.0, 364700.0 ], [ 242864.0, 364696.0 ], [ 242866.0, 364696.0 ], [ 242866.0, 364690.0 ], [ 242868.0, 364690.0 ], [ 242868.0, 364686.0 ], [ 242870.0, 364686.0 ], [ 242870.0, 364680.0 ], [ 242872.0, 364680.0 ], [ 242872.0, 364674.0 ], [ 242874.0, 364674.0 ], [ 242874.0, 364668.0 ], [ 242876.0, 364668.0 ], [ 242876.0, 364660.0 ], [ 242878.0, 364660.0 ], [ 242878.0, 364652.0 ], [ 242880.0, 364652.0 ], [ 242880.0, 364642.0 ], [ 242882.0, 364642.0 ], [ 242882.0, 364632.0 ], [ 242884.0, 364632.0 ], [ 242884.0, 364618.0 ], [ 242886.0, 364618.0 ], [ 242886.0, 364584.0 ], [ 242888.0, 364584.0 ], [ 242888.0, 364582.0 ], [ 242886.0, 364582.0 ], [ 242886.0, 364548.0 ], [ 242884.0, 364548.0 ], [ 242884.0, 364534.0 ], [ 242882.0, 364534.0 ], [ 242882.0, 364524.0 ], [ 242880.0, 364524.0 ], [ 242880.0, 364514.0 ], [ 242878.0, 364514.0 ], [ 242878.0, 364506.0 ], [ 242876.0, 364506.0 ], [ 242876.0, 364498.0 ], [ 242874.0, 364498.0 ], [ 242874.0, 364492.0 ], [ 242872.0, 364492.0 ], [ 242872.0, 364486.0 ], [ 242870.0, 364486.0 ], [ 242870.0, 364480.0 ], [ 242868.0, 364480.0 ], [ 242868.0, 364476.0 ], [ 242866.0, 364476.0 ], [ 242866.0, 364470.0 ], [ 242864.0, 364470.0 ], [ 242864.0, 364466.0 ], [ 242862.0, 364466.0 ], [ 242862.0, 364460.0 ], [ 242860.0, 364460.0 ], [ 242860.0, 364456.0 ], [ 242858.0, 364456.0 ], [ 242858.0, 364452.0 ], [ 242856.0, 364452.0 ], [ 242856.0, 364454.0 ], [ 242854.0, 364454.0 ], [ 242854.0, 364452.0 ], [ 242850.0, 364452.0 ], [ 242850.0, 364456.0 ], [ 242852.0, 364456.0 ], [ 242852.0, 364464.0 ], [ 242854.0, 364464.0 ], [ 242854.0, 364466.0 ], [ 242856.0, 364466.0 ], [ 242856.0, 364468.0 ], [ 242858.0, 364468.0 ], [ 242858.0, 364470.0 ], [ 242856.0, 364470.0 ], [ 242856.0, 364472.0 ], [ 242858.0, 364472.0 ], [ 242858.0, 364480.0 ], [ 242860.0, 364480.0 ], [ 242860.0, 364484.0 ], [ 242858.0, 364484.0 ], [ 242858.0, 364486.0 ], [ 242856.0, 364486.0 ], [ 242856.0, 364488.0 ], [ 242854.0, 364488.0 ], [ 242854.0, 364490.0 ], [ 242852.0, 364490.0 ], [ 242852.0, 364496.0 ], [ 242854.0, 364496.0 ], [ 242854.0, 364498.0 ], [ 242856.0, 364498.0 ], [ 242856.0, 364500.0 ], [ 242854.0, 364500.0 ], [ 242854.0, 364504.0 ], [ 242852.0, 364504.0 ], [ 242852.0, 364506.0 ], [ 242850.0, 364506.0 ], [ 242850.0, 364508.0 ], [ 242848.0, 364508.0 ], [ 242848.0, 364510.0 ], [ 242846.0, 364510.0 ], [ 242846.0, 364512.0 ], [ 242844.0, 364512.0 ], [ 242844.0, 364514.0 ], [ 242842.0, 364514.0 ], [ 242842.0, 364512.0 ], [ 242840.0, 364512.0 ], [ 242840.0, 364514.0 ], [ 242836.0, 364514.0 ], [ 242836.0, 364518.0 ], [ 242838.0, 364518.0 ], [ 242838.0, 364520.0 ], [ 242836.0, 364520.0 ], [ 242836.0, 364530.0 ], [ 242834.0, 364530.0 ], [ 242834.0, 364532.0 ], [ 242832.0, 364532.0 ], [ 242832.0, 364534.0 ], [ 242830.0, 364534.0 ], [ 242830.0, 364532.0 ], [ 242826.0, 364532.0 ], [ 242826.0, 364540.0 ], [ 242824.0, 364540.0 ], [ 242824.0, 364548.0 ], [ 242822.0, 364548.0 ], [ 242822.0, 364550.0 ], [ 242820.0, 364550.0 ], [ 242820.0, 364552.0 ], [ 242818.0, 364552.0 ], [ 242818.0, 364554.0 ], [ 242810.0, 364554.0 ], [ 242810.0, 364552.0 ], [ 242806.0, 364552.0 ], [ 242806.0, 364550.0 ], [ 242804.0, 364550.0 ], [ 242804.0, 364548.0 ], [ 242802.0, 364548.0 ], [ 242802.0, 364546.0 ], [ 242796.0, 364546.0 ], [ 242796.0, 364544.0 ], [ 242794.0, 364544.0 ], [ 242794.0, 364542.0 ], [ 242792.0, 364542.0 ], [ 242792.0, 364540.0 ], [ 242790.0, 364540.0 ], [ 242790.0, 364538.0 ], [ 242788.0, 364538.0 ], [ 242788.0, 364536.0 ], [ 242786.0, 364536.0 ], [ 242786.0, 364534.0 ], [ 242784.0, 364534.0 ], [ 242784.0, 364532.0 ], [ 242780.0, 364532.0 ], [ 242780.0, 364534.0 ], [ 242778.0, 364534.0 ], [ 242778.0, 364532.0 ], [ 242776.0, 364532.0 ], [ 242776.0, 364530.0 ], [ 242774.0, 364530.0 ], [ 242774.0, 364528.0 ], [ 242772.0, 364528.0 ], [ 242772.0, 364526.0 ], [ 242768.0, 364526.0 ], [ 242768.0, 364530.0 ], [ 242766.0, 364530.0 ], [ 242766.0, 364532.0 ], [ 242764.0, 364532.0 ], [ 242764.0, 364534.0 ], [ 242760.0, 364534.0 ], [ 242760.0, 364536.0 ], [ 242754.0, 364536.0 ], [ 242754.0, 364538.0 ], [ 242752.0, 364538.0 ], [ 242752.0, 364540.0 ], [ 242748.0, 364540.0 ], [ 242748.0, 364538.0 ], [ 242744.0, 364538.0 ], [ 242744.0, 364536.0 ], [ 242740.0, 364536.0 ], [ 242740.0, 364534.0 ], [ 242738.0, 364534.0 ], [ 242738.0, 364532.0 ], [ 242736.0, 364532.0 ], [ 242736.0, 364534.0 ], [ 242734.0, 364534.0 ], [ 242734.0, 364536.0 ], [ 242730.0, 364536.0 ], [ 242730.0, 364534.0 ], [ 242728.0, 364534.0 ], [ 242728.0, 364532.0 ], [ 242726.0, 364532.0 ], [ 242726.0, 364530.0 ], [ 242724.0, 364530.0 ], [ 242724.0, 364528.0 ], [ 242714.0, 364528.0 ], [ 242714.0, 364526.0 ], [ 242710.0, 364526.0 ], [ 242710.0, 364524.0 ], [ 242708.0, 364524.0 ], [ 242708.0, 364522.0 ], [ 242704.0, 364522.0 ], [ 242704.0, 364524.0 ], [ 242702.0, 364524.0 ], [ 242702.0, 364522.0 ], [ 242700.0, 364522.0 ], [ 242700.0, 364520.0 ], [ 242698.0, 364520.0 ], [ 242698.0, 364518.0 ], [ 242694.0, 364518.0 ], [ 242694.0, 364516.0 ], [ 242690.0, 364516.0 ], [ 242690.0, 364518.0 ], [ 242688.0, 364518.0 ], [ 242688.0, 364520.0 ], [ 242686.0, 364520.0 ], [ 242686.0, 364522.0 ], [ 242684.0, 364522.0 ], [ 242684.0, 364530.0 ], [ 242682.0, 364530.0 ], [ 242682.0, 364532.0 ], [ 242684.0, 364532.0 ], [ 242684.0, 364534.0 ], [ 242682.0, 364534.0 ], [ 242682.0, 364536.0 ], [ 242680.0, 364536.0 ], [ 242680.0, 364538.0 ], [ 242678.0, 364538.0 ], [ 242678.0, 364536.0 ], [ 242674.0, 364536.0 ], [ 242674.0, 364534.0 ], [ 242670.0, 364534.0 ], [ 242670.0, 364532.0 ], [ 242666.0, 364532.0 ], [ 242666.0, 364538.0 ], [ 242664.0, 364538.0 ], [ 242664.0, 364544.0 ], [ 242662.0, 364544.0 ], [ 242662.0, 364548.0 ], [ 242660.0, 364548.0 ], [ 242660.0, 364550.0 ], [ 242658.0, 364550.0 ], [ 242658.0, 364552.0 ], [ 242656.0, 364552.0 ], [ 242656.0, 364554.0 ], [ 242654.0, 364554.0 ], [ 242654.0, 364558.0 ], [ 242652.0, 364558.0 ], [ 242652.0, 364560.0 ], [ 242650.0, 364560.0 ], [ 242650.0, 364562.0 ], [ 242646.0, 364562.0 ], [ 242646.0, 364560.0 ], [ 242644.0, 364560.0 ], [ 242644.0, 364558.0 ], [ 242642.0, 364558.0 ], [ 242642.0, 364562.0 ], [ 242644.0, 364562.0 ], [ 242644.0, 364564.0 ], [ 242646.0, 364564.0 ], [ 242646.0, 364566.0 ], [ 242648.0, 364566.0 ], [ 242648.0, 364580.0 ], [ 242646.0, 364580.0 ], [ 242646.0, 364584.0 ], [ 242644.0, 364584.0 ], [ 242644.0, 364586.0 ], [ 242642.0, 364586.0 ], [ 242642.0, 364588.0 ], [ 242640.0, 364588.0 ], [ 242640.0, 364586.0 ], [ 242638.0, 364586.0 ], [ 242638.0, 364584.0 ], [ 242636.0, 364584.0 ], [ 242636.0, 364582.0 ], [ 242638.0, 364582.0 ], [ 242638.0, 364578.0 ], [ 242636.0, 364578.0 ], [ 242636.0, 364576.0 ], [ 242626.0, 364576.0 ], [ 242626.0, 364580.0 ], [ 242624.0, 364580.0 ], [ 242624.0, 364590.0 ], [ 242622.0, 364590.0 ], [ 242622.0, 364598.0 ], [ 242624.0, 364598.0 ], [ 242624.0, 364600.0 ], [ 242626.0, 364600.0 ], [ 242626.0, 364604.0 ], [ 242624.0, 364604.0 ], [ 242624.0, 364606.0 ], [ 242622.0, 364606.0 ], [ 242622.0, 364608.0 ], [ 242624.0, 364608.0 ], [ 242624.0, 364610.0 ], [ 242626.0, 364610.0 ], [ 242626.0, 364612.0 ], [ 242624.0, 364612.0 ], [ 242624.0, 364616.0 ], [ 242626.0, 364616.0 ], [ 242626.0, 364622.0 ], [ 242630.0, 364622.0 ], [ 242630.0, 364620.0 ], [ 242632.0, 364620.0 ], [ 242632.0, 364618.0 ], [ 242634.0, 364618.0 ], [ 242634.0, 364616.0 ], [ 242636.0, 364616.0 ], [ 242636.0, 364618.0 ], [ 242638.0, 364618.0 ], [ 242638.0, 364620.0 ], [ 242640.0, 364620.0 ], [ 242640.0, 364624.0 ], [ 242638.0, 364624.0 ], [ 242638.0, 364626.0 ], [ 242636.0, 364626.0 ], [ 242636.0, 364630.0 ], [ 242634.0, 364630.0 ], [ 242634.0, 364632.0 ], [ 242636.0, 364632.0 ], [ 242636.0, 364634.0 ], [ 242634.0, 364634.0 ], [ 242634.0, 364636.0 ], [ 242636.0, 364636.0 ], [ 242636.0, 364638.0 ], [ 242638.0, 364638.0 ], [ 242638.0, 364640.0 ], [ 242640.0, 364640.0 ], [ 242640.0, 364642.0 ], [ 242642.0, 364642.0 ], [ 242642.0, 364644.0 ], [ 242644.0, 364644.0 ], [ 242644.0, 364648.0 ], [ 242642.0, 364648.0 ], [ 242642.0, 364650.0 ], [ 242640.0, 364650.0 ], [ 242640.0, 364652.0 ], [ 242642.0, 364652.0 ], [ 242642.0, 364654.0 ], [ 242640.0, 364654.0 ], [ 242640.0, 364656.0 ], [ 242638.0, 364656.0 ], [ 242638.0, 364660.0 ], [ 242636.0, 364660.0 ], [ 242636.0, 364662.0 ], [ 242634.0, 364662.0 ], [ 242634.0, 364666.0 ], [ 242636.0, 364666.0 ], [ 242636.0, 364668.0 ], [ 242638.0, 364668.0 ], [ 242638.0, 364680.0 ], [ 242636.0, 364680.0 ], [ 242636.0, 364698.0 ], [ 242634.0, 364698.0 ], [ 242634.0, 364700.0 ], [ 242632.0, 364700.0 ], [ 242632.0, 364702.0 ], [ 242630.0, 364702.0 ], [ 242630.0, 364700.0 ], [ 242628.0, 364700.0 ], [ 242628.0, 364704.0 ], [ 242626.0, 364704.0 ], [ 242626.0, 364706.0 ], [ 242624.0, 364706.0 ], [ 242624.0, 364708.0 ], [ 242620.0, 364708.0 ], [ 242620.0, 364706.0 ], [ 242618.0, 364706.0 ], [ 242618.0, 364704.0 ], [ 242614.0, 364704.0 ], [ 242614.0, 364706.0 ], [ 242610.0, 364706.0 ], [ 242610.0, 364708.0 ], [ 242608.0, 364708.0 ], [ 242608.0, 364710.0 ], [ 242610.0, 364710.0 ], [ 242610.0, 364714.0 ], [ 242608.0, 364714.0 ], [ 242608.0, 364716.0 ], [ 242610.0, 364716.0 ], [ 242610.0, 364720.0 ], [ 242608.0, 364720.0 ], [ 242608.0, 364724.0 ], [ 242610.0, 364724.0 ], [ 242610.0, 364726.0 ], [ 242612.0, 364726.0 ], [ 242612.0, 364740.0 ], [ 242610.0, 364740.0 ], [ 242610.0, 364742.0 ], [ 242608.0, 364742.0 ], [ 242608.0, 364744.0 ], [ 242606.0, 364744.0 ], [ 242606.0, 364742.0 ], [ 242604.0, 364742.0 ], [ 242604.0, 364740.0 ], [ 242602.0, 364740.0 ], [ 242602.0, 364738.0 ], [ 242600.0, 364738.0 ], [ 242600.0, 364736.0 ], [ 242596.0, 364736.0 ], [ 242596.0, 364734.0 ], [ 242594.0, 364734.0 ], [ 242594.0, 364732.0 ], [ 242592.0, 364732.0 ], [ 242592.0, 364730.0 ], [ 242590.0, 364730.0 ], [ 242590.0, 364728.0 ], [ 242588.0, 364728.0 ], [ 242588.0, 364726.0 ], [ 242586.0, 364726.0 ], [ 242586.0, 364724.0 ], [ 242584.0, 364724.0 ], [ 242584.0, 364716.0 ], [ 242582.0, 364716.0 ], [ 242582.0, 364714.0 ], [ 242580.0, 364714.0 ], [ 242580.0, 364710.0 ], [ 242582.0, 364710.0 ], [ 242582.0, 364708.0 ], [ 242584.0, 364708.0 ], [ 242584.0, 364706.0 ], [ 242576.0, 364706.0 ], [ 242576.0, 364704.0 ], [ 242574.0, 364704.0 ], [ 242574.0, 364702.0 ], [ 242572.0, 364702.0 ], [ 242572.0, 364700.0 ], [ 242570.0, 364700.0 ], [ 242570.0, 364698.0 ], [ 242568.0, 364698.0 ], [ 242568.0, 364694.0 ], [ 242566.0, 364694.0 ], [ 242566.0, 364690.0 ], [ 242564.0, 364690.0 ], [ 242564.0, 364688.0 ], [ 242566.0, 364688.0 ], [ 242566.0, 364686.0 ], [ 242564.0, 364686.0 ], [ 242564.0, 364684.0 ], [ 242566.0, 364684.0 ], [ 242566.0, 364682.0 ], [ 242562.0, 364682.0 ], [ 242562.0, 364684.0 ], [ 242560.0, 364684.0 ], [ 242560.0, 364686.0 ], [ 242556.0, 364686.0 ], [ 242556.0, 364684.0 ], [ 242552.0, 364684.0 ], [ 242552.0, 364686.0 ], [ 242550.0, 364686.0 ], [ 242550.0, 364684.0 ], [ 242548.0, 364684.0 ], [ 242548.0, 364682.0 ], [ 242546.0, 364682.0 ], [ 242546.0, 364678.0 ], [ 242548.0, 364678.0 ], [ 242548.0, 364676.0 ], [ 242550.0, 364676.0 ], [ 242550.0, 364674.0 ], [ 242548.0, 364674.0 ], [ 242548.0, 364670.0 ], [ 242546.0, 364670.0 ], [ 242546.0, 364668.0 ], [ 242542.0, 364668.0 ], [ 242542.0, 364670.0 ], [ 242532.0, 364670.0 ], [ 242532.0, 364668.0 ], [ 242530.0, 364668.0 ], [ 242530.0, 364666.0 ], [ 242528.0, 364666.0 ], [ 242528.0, 364664.0 ], [ 242524.0, 364664.0 ], [ 242524.0, 364666.0 ], [ 242520.0, 364666.0 ], [ 242520.0, 364664.0 ], [ 242518.0, 364664.0 ], [ 242518.0, 364662.0 ], [ 242516.0, 364662.0 ], [ 242516.0, 364660.0 ], [ 242518.0, 364660.0 ], [ 242518.0, 364658.0 ], [ 242520.0, 364658.0 ], [ 242520.0, 364656.0 ], [ 242522.0, 364656.0 ], [ 242522.0, 364654.0 ], [ 242524.0, 364654.0 ], [ 242524.0, 364652.0 ], [ 242526.0, 364652.0 ], [ 242526.0, 364650.0 ], [ 242528.0, 364650.0 ], [ 242528.0, 364648.0 ], [ 242532.0, 364648.0 ], [ 242532.0, 364646.0 ], [ 242534.0, 364646.0 ], [ 242534.0, 364648.0 ], [ 242536.0, 364648.0 ], [ 242536.0, 364650.0 ], [ 242540.0, 364650.0 ], [ 242540.0, 364652.0 ], [ 242542.0, 364652.0 ], [ 242542.0, 364654.0 ], [ 242544.0, 364654.0 ], [ 242544.0, 364656.0 ], [ 242546.0, 364656.0 ], [ 242546.0, 364658.0 ], [ 242548.0, 364658.0 ], [ 242548.0, 364660.0 ], [ 242550.0, 364660.0 ], [ 242550.0, 364662.0 ], [ 242552.0, 364662.0 ], [ 242552.0, 364666.0 ], [ 242560.0, 364666.0 ], [ 242560.0, 364664.0 ], [ 242556.0, 364664.0 ], [ 242556.0, 364662.0 ], [ 242554.0, 364662.0 ], [ 242554.0, 364660.0 ], [ 242552.0, 364660.0 ], [ 242552.0, 364658.0 ], [ 242550.0, 364658.0 ], [ 242550.0, 364656.0 ], [ 242548.0, 364656.0 ], [ 242548.0, 364654.0 ], [ 242546.0, 364654.0 ], [ 242546.0, 364652.0 ], [ 242544.0, 364652.0 ], [ 242544.0, 364650.0 ], [ 242542.0, 364650.0 ], [ 242542.0, 364648.0 ], [ 242540.0, 364648.0 ], [ 242540.0, 364646.0 ], [ 242538.0, 364646.0 ], [ 242538.0, 364644.0 ], [ 242536.0, 364644.0 ], [ 242536.0, 364642.0 ], [ 242538.0, 364642.0 ], [ 242538.0, 364640.0 ], [ 242540.0, 364640.0 ], [ 242540.0, 364638.0 ], [ 242542.0, 364638.0 ], [ 242542.0, 364636.0 ], [ 242544.0, 364636.0 ], [ 242544.0, 364626.0 ], [ 242546.0, 364626.0 ], [ 242546.0, 364624.0 ], [ 242548.0, 364624.0 ], [ 242548.0, 364622.0 ], [ 242556.0, 364622.0 ], [ 242556.0, 364620.0 ], [ 242558.0, 364620.0 ], [ 242558.0, 364618.0 ], [ 242560.0, 364618.0 ], [ 242560.0, 364614.0 ], [ 242562.0, 364614.0 ], [ 242562.0, 364612.0 ], [ 242564.0, 364612.0 ], [ 242564.0, 364608.0 ], [ 242566.0, 364608.0 ], [ 242566.0, 364606.0 ], [ 242568.0, 364606.0 ], [ 242568.0, 364604.0 ], [ 242570.0, 364604.0 ], [ 242570.0, 364600.0 ], [ 242572.0, 364600.0 ], [ 242572.0, 364598.0 ], [ 242574.0, 364598.0 ], [ 242574.0, 364594.0 ], [ 242572.0, 364594.0 ], [ 242572.0, 364584.0 ], [ 242574.0, 364584.0 ], [ 242574.0, 364578.0 ], [ 242572.0, 364578.0 ], [ 242572.0, 364576.0 ], [ 242570.0, 364576.0 ], [ 242570.0, 364572.0 ], [ 242568.0, 364572.0 ], [ 242568.0, 364566.0 ], [ 242566.0, 364566.0 ], [ 242566.0, 364568.0 ], [ 242560.0, 364568.0 ], [ 242560.0, 364570.0 ], [ 242558.0, 364570.0 ], [ 242558.0, 364572.0 ], [ 242556.0, 364572.0 ], [ 242556.0, 364574.0 ], [ 242554.0, 364574.0 ], [ 242554.0, 364576.0 ], [ 242552.0, 364576.0 ], [ 242552.0, 364578.0 ], [ 242550.0, 364578.0 ], [ 242550.0, 364582.0 ], [ 242552.0, 364582.0 ], [ 242552.0, 364584.0 ], [ 242554.0, 364584.0 ], [ 242554.0, 364588.0 ], [ 242552.0, 364588.0 ], [ 242552.0, 364590.0 ], [ 242550.0, 364590.0 ], [ 242550.0, 364592.0 ], [ 242546.0, 364592.0 ], [ 242546.0, 364594.0 ], [ 242536.0, 364594.0 ], [ 242536.0, 364592.0 ], [ 242534.0, 364592.0 ], [ 242534.0, 364590.0 ], [ 242530.0, 364590.0 ], [ 242530.0, 364588.0 ], [ 242528.0, 364588.0 ], [ 242528.0, 364586.0 ], [ 242526.0, 364586.0 ], [ 242526.0, 364584.0 ], [ 242524.0, 364584.0 ], [ 242524.0, 364582.0 ], [ 242522.0, 364582.0 ], [ 242522.0, 364580.0 ], [ 242520.0, 364580.0 ], [ 242520.0, 364578.0 ], [ 242518.0, 364578.0 ], [ 242518.0, 364576.0 ], [ 242516.0, 364576.0 ], [ 242516.0, 364574.0 ], [ 242518.0, 364574.0 ], [ 242518.0, 364572.0 ], [ 242520.0, 364572.0 ], [ 242520.0, 364570.0 ], [ 242522.0, 364570.0 ], [ 242522.0, 364568.0 ], [ 242524.0, 364568.0 ], [ 242524.0, 364570.0 ], [ 242526.0, 364570.0 ], [ 242526.0, 364572.0 ], [ 242530.0, 364572.0 ], [ 242530.0, 364570.0 ], [ 242532.0, 364570.0 ], [ 242532.0, 364572.0 ], [ 242538.0, 364572.0 ], [ 242538.0, 364564.0 ], [ 242536.0, 364564.0 ], [ 242536.0, 364562.0 ], [ 242534.0, 364562.0 ], [ 242534.0, 364560.0 ], [ 242532.0, 364560.0 ], [ 242532.0, 364552.0 ], [ 242534.0, 364552.0 ], [ 242534.0, 364550.0 ], [ 242536.0, 364550.0 ], [ 242536.0, 364548.0 ], [ 242538.0, 364548.0 ], [ 242538.0, 364546.0 ], [ 242540.0, 364546.0 ], [ 242540.0, 364544.0 ], [ 242542.0, 364544.0 ], [ 242542.0, 364542.0 ], [ 242544.0, 364542.0 ], [ 242544.0, 364534.0 ], [ 242542.0, 364534.0 ], [ 242542.0, 364536.0 ], [ 242538.0, 364536.0 ], [ 242538.0, 364538.0 ], [ 242536.0, 364538.0 ], [ 242536.0, 364540.0 ], [ 242534.0, 364540.0 ], [ 242534.0, 364538.0 ], [ 242532.0, 364538.0 ], [ 242532.0, 364536.0 ], [ 242530.0, 364536.0 ], [ 242530.0, 364532.0 ], [ 242528.0, 364532.0 ], [ 242528.0, 364530.0 ], [ 242526.0, 364530.0 ], [ 242526.0, 364528.0 ] ], [ [ 242540.0, 364770.0 ], [ 242540.0, 364766.0 ], [ 242542.0, 364766.0 ], [ 242542.0, 364764.0 ], [ 242544.0, 364764.0 ], [ 242544.0, 364762.0 ], [ 242548.0, 364762.0 ], [ 242548.0, 364758.0 ], [ 242550.0, 364758.0 ], [ 242550.0, 364756.0 ], [ 242552.0, 364756.0 ], [ 242552.0, 364754.0 ], [ 242554.0, 364754.0 ], [ 242554.0, 364756.0 ], [ 242556.0, 364756.0 ], [ 242556.0, 364758.0 ], [ 242558.0, 364758.0 ], [ 242558.0, 364760.0 ], [ 242560.0, 364760.0 ], [ 242560.0, 364762.0 ], [ 242558.0, 364762.0 ], [ 242558.0, 364766.0 ], [ 242556.0, 364766.0 ], [ 242556.0, 364768.0 ], [ 242554.0, 364768.0 ], [ 242554.0, 364770.0 ], [ 242550.0, 364770.0 ], [ 242550.0, 364772.0 ], [ 242548.0, 364772.0 ], [ 242548.0, 364774.0 ], [ 242544.0, 364774.0 ], [ 242544.0, 364772.0 ], [ 242542.0, 364772.0 ], [ 242542.0, 364770.0 ], [ 242540.0, 364770.0 ] ], [ [ 242558.0, 364748.0 ], [ 242558.0, 364746.0 ], [ 242554.0, 364746.0 ], [ 242554.0, 364744.0 ], [ 242548.0, 364744.0 ], [ 242548.0, 364742.0 ], [ 242546.0, 364742.0 ], [ 242546.0, 364740.0 ], [ 242544.0, 364740.0 ], [ 242544.0, 364738.0 ], [ 242546.0, 364738.0 ], [ 242546.0, 364736.0 ], [ 242548.0, 364736.0 ], [ 242548.0, 364734.0 ], [ 242564.0, 364734.0 ], [ 242564.0, 364732.0 ], [ 242568.0, 364732.0 ], [ 242568.0, 364734.0 ], [ 242572.0, 364734.0 ], [ 242572.0, 364736.0 ], [ 242574.0, 364736.0 ], [ 242574.0, 364738.0 ], [ 242576.0, 364738.0 ], [ 242576.0, 364740.0 ], [ 242574.0, 364740.0 ], [ 242574.0, 364742.0 ], [ 242572.0, 364742.0 ], [ 242572.0, 364744.0 ], [ 242570.0, 364744.0 ], [ 242570.0, 364748.0 ], [ 242568.0, 364748.0 ], [ 242568.0, 364750.0 ], [ 242566.0, 364750.0 ], [ 242566.0, 364752.0 ], [ 242562.0, 364752.0 ], [ 242562.0, 364750.0 ], [ 242560.0, 364750.0 ], [ 242560.0, 364748.0 ], [ 242558.0, 364748.0 ] ], [ [ 242410.0, 364724.0 ], [ 242410.0, 364722.0 ], [ 242408.0, 364722.0 ], [ 242408.0, 364720.0 ], [ 242410.0, 364720.0 ], [ 242410.0, 364718.0 ], [ 242412.0, 364718.0 ], [ 242412.0, 364716.0 ], [ 242414.0, 364716.0 ], [ 242414.0, 364718.0 ], [ 242420.0, 364718.0 ], [ 242420.0, 364720.0 ], [ 242422.0, 364720.0 ], [ 242422.0, 364722.0 ], [ 242424.0, 364722.0 ], [ 242424.0, 364724.0 ], [ 242422.0, 364724.0 ], [ 242422.0, 364726.0 ], [ 242420.0, 364726.0 ], [ 242420.0, 364728.0 ], [ 242414.0, 364728.0 ], [ 242414.0, 364726.0 ], [ 242412.0, 364726.0 ], [ 242412.0, 364724.0 ], [ 242410.0, 364724.0 ] ], [ [ 242548.0, 364706.0 ], [ 242548.0, 364704.0 ], [ 242546.0, 364704.0 ], [ 242546.0, 364696.0 ], [ 242548.0, 364696.0 ], [ 242548.0, 364694.0 ], [ 242550.0, 364694.0 ], [ 242550.0, 364692.0 ], [ 242552.0, 364692.0 ], [ 242552.0, 364694.0 ], [ 242554.0, 364694.0 ], [ 242554.0, 364696.0 ], [ 242556.0, 364696.0 ], [ 242556.0, 364698.0 ], [ 242558.0, 364698.0 ], [ 242558.0, 364700.0 ], [ 242560.0, 364700.0 ], [ 242560.0, 364702.0 ], [ 242562.0, 364702.0 ], [ 242562.0, 364706.0 ], [ 242560.0, 364706.0 ], [ 242560.0, 364708.0 ], [ 242558.0, 364708.0 ], [ 242558.0, 364710.0 ], [ 242554.0, 364710.0 ], [ 242554.0, 364708.0 ], [ 242550.0, 364708.0 ], [ 242550.0, 364706.0 ], [ 242548.0, 364706.0 ] ], [ [ 242530.0, 364694.0 ], [ 242530.0, 364692.0 ], [ 242532.0, 364692.0 ], [ 242532.0, 364690.0 ], [ 242530.0, 364690.0 ], [ 242530.0, 364688.0 ], [ 242532.0, 364688.0 ], [ 242532.0, 364686.0 ], [ 242534.0, 364686.0 ], [ 242534.0, 364684.0 ], [ 242536.0, 364684.0 ], [ 242536.0, 364686.0 ], [ 242538.0, 364686.0 ], [ 242538.0, 364688.0 ], [ 242540.0, 364688.0 ], [ 242540.0, 364690.0 ], [ 242538.0, 364690.0 ], [ 242538.0, 364692.0 ], [ 242540.0, 364692.0 ], [ 242540.0, 364694.0 ], [ 242538.0, 364694.0 ], [ 242538.0, 364696.0 ], [ 242536.0, 364696.0 ], [ 242536.0, 364698.0 ], [ 242534.0, 364698.0 ], [ 242534.0, 364696.0 ], [ 242532.0, 364696.0 ], [ 242532.0, 364694.0 ], [ 242530.0, 364694.0 ] ], [ [ 242506.0, 364624.0 ], [ 242506.0, 364622.0 ], [ 242504.0, 364622.0 ], [ 242504.0, 364620.0 ], [ 242506.0, 364620.0 ], [ 242506.0, 364618.0 ], [ 242508.0, 364618.0 ], [ 242508.0, 364616.0 ], [ 242512.0, 364616.0 ], [ 242512.0, 364618.0 ], [ 242514.0, 364618.0 ], [ 242514.0, 364620.0 ], [ 242516.0, 364620.0 ], [ 242516.0, 364622.0 ], [ 242518.0, 364622.0 ], [ 242518.0, 364624.0 ], [ 242516.0, 364624.0 ], [ 242516.0, 364626.0 ], [ 242514.0, 364626.0 ], [ 242514.0, 364628.0 ], [ 242510.0, 364628.0 ], [ 242510.0, 364626.0 ], [ 242508.0, 364626.0 ], [ 242508.0, 364624.0 ], [ 242506.0, 364624.0 ] ], [ [ 242532.0, 364610.0 ], [ 242532.0, 364608.0 ], [ 242534.0, 364608.0 ], [ 242534.0, 364606.0 ], [ 242536.0, 364606.0 ], [ 242536.0, 364604.0 ], [ 242538.0, 364604.0 ], [ 242538.0, 364606.0 ], [ 242540.0, 364606.0 ], [ 242540.0, 364604.0 ], [ 242544.0, 364604.0 ], [ 242544.0, 364602.0 ], [ 242546.0, 364602.0 ], [ 242546.0, 364600.0 ], [ 242550.0, 364600.0 ], [ 242550.0, 364602.0 ], [ 242552.0, 364602.0 ], [ 242552.0, 364604.0 ], [ 242554.0, 364604.0 ], [ 242554.0, 364608.0 ], [ 242552.0, 364608.0 ], [ 242552.0, 364610.0 ], [ 242550.0, 364610.0 ], [ 242550.0, 364612.0 ], [ 242548.0, 364612.0 ], [ 242548.0, 364614.0 ], [ 242540.0, 364614.0 ], [ 242540.0, 364612.0 ], [ 242538.0, 364612.0 ], [ 242538.0, 364614.0 ], [ 242536.0, 364614.0 ], [ 242536.0, 364612.0 ], [ 242534.0, 364612.0 ], [ 242534.0, 364610.0 ], [ 242532.0, 364610.0 ] ], [ [ 242498.0, 364606.0 ], [ 242498.0, 364602.0 ], [ 242496.0, 364602.0 ], [ 242496.0, 364600.0 ], [ 242494.0, 364600.0 ], [ 242494.0, 364598.0 ], [ 242492.0, 364598.0 ], [ 242492.0, 364596.0 ], [ 242494.0, 364596.0 ], [ 242494.0, 364594.0 ], [ 242496.0, 364594.0 ], [ 242496.0, 364592.0 ], [ 242498.0, 364592.0 ], [ 242498.0, 364590.0 ], [ 242500.0, 364590.0 ], [ 242500.0, 364592.0 ], [ 242502.0, 364592.0 ], [ 242502.0, 364594.0 ], [ 242504.0, 364594.0 ], [ 242504.0, 364596.0 ], [ 242506.0, 364596.0 ], [ 242506.0, 364598.0 ], [ 242510.0, 364598.0 ], [ 242510.0, 364596.0 ], [ 242512.0, 364596.0 ], [ 242512.0, 364598.0 ], [ 242514.0, 364598.0 ], [ 242514.0, 364600.0 ], [ 242516.0, 364600.0 ], [ 242516.0, 364602.0 ], [ 242514.0, 364602.0 ], [ 242514.0, 364604.0 ], [ 242512.0, 364604.0 ], [ 242512.0, 364606.0 ], [ 242510.0, 364606.0 ], [ 242510.0, 364608.0 ], [ 242508.0, 364608.0 ], [ 242508.0, 364610.0 ], [ 242502.0, 364610.0 ], [ 242502.0, 364608.0 ], [ 242500.0, 364608.0 ], [ 242500.0, 364606.0 ], [ 242498.0, 364606.0 ] ], [ [ 242628.0, 364606.0 ], [ 242628.0, 364602.0 ], [ 242630.0, 364602.0 ], [ 242630.0, 364600.0 ], [ 242632.0, 364600.0 ], [ 242632.0, 364598.0 ], [ 242634.0, 364598.0 ], [ 242634.0, 364600.0 ], [ 242636.0, 364600.0 ], [ 242636.0, 364602.0 ], [ 242638.0, 364602.0 ], [ 242638.0, 364606.0 ], [ 242636.0, 364606.0 ], [ 242636.0, 364608.0 ], [ 242634.0, 364608.0 ], [ 242634.0, 364610.0 ], [ 242632.0, 364610.0 ], [ 242632.0, 364608.0 ], [ 242630.0, 364608.0 ], [ 242630.0, 364606.0 ], [ 242628.0, 364606.0 ] ], [ [ 242486.0, 364584.0 ], [ 242486.0, 364580.0 ], [ 242484.0, 364580.0 ], [ 242484.0, 364578.0 ], [ 242482.0, 364578.0 ], [ 242482.0, 364576.0 ], [ 242480.0, 364576.0 ], [ 242480.0, 364574.0 ], [ 242478.0, 364574.0 ], [ 242478.0, 364572.0 ], [ 242476.0, 364572.0 ], [ 242476.0, 364570.0 ], [ 242478.0, 364570.0 ], [ 242478.0, 364568.0 ], [ 242480.0, 364568.0 ], [ 242480.0, 364566.0 ], [ 242482.0, 364566.0 ], [ 242482.0, 364564.0 ], [ 242484.0, 364564.0 ], [ 242484.0, 364562.0 ], [ 242488.0, 364562.0 ], [ 242488.0, 364564.0 ], [ 242490.0, 364564.0 ], [ 242490.0, 364566.0 ], [ 242492.0, 364566.0 ], [ 242492.0, 364572.0 ], [ 242494.0, 364572.0 ], [ 242494.0, 364574.0 ], [ 242496.0, 364574.0 ], [ 242496.0, 364576.0 ], [ 242498.0, 364576.0 ], [ 242498.0, 364578.0 ], [ 242496.0, 364578.0 ], [ 242496.0, 364584.0 ], [ 242494.0, 364584.0 ], [ 242494.0, 364586.0 ], [ 242492.0, 364586.0 ], [ 242492.0, 364588.0 ], [ 242490.0, 364588.0 ], [ 242490.0, 364586.0 ], [ 242488.0, 364586.0 ], [ 242488.0, 364584.0 ], [ 242486.0, 364584.0 ] ], [ [ 242712.0, 364568.0 ], [ 242712.0, 364566.0 ], [ 242714.0, 364566.0 ], [ 242714.0, 364564.0 ], [ 242716.0, 364564.0 ], [ 242716.0, 364562.0 ], [ 242718.0, 364562.0 ], [ 242718.0, 364564.0 ], [ 242720.0, 364564.0 ], [ 242720.0, 364566.0 ], [ 242722.0, 364566.0 ], [ 242722.0, 364568.0 ], [ 242720.0, 364568.0 ], [ 242720.0, 364570.0 ], [ 242718.0, 364570.0 ], [ 242718.0, 364572.0 ], [ 242716.0, 364572.0 ], [ 242716.0, 364570.0 ], [ 242714.0, 364570.0 ], [ 242714.0, 364568.0 ], [ 242712.0, 364568.0 ] ], [ [ 242238.0, 364562.0 ], [ 242238.0, 364560.0 ], [ 242240.0, 364560.0 ], [ 242240.0, 364558.0 ], [ 242238.0, 364558.0 ], [ 242238.0, 364556.0 ], [ 242234.0, 364556.0 ], [ 242234.0, 364554.0 ], [ 242232.0, 364554.0 ], [ 242232.0, 364552.0 ], [ 242228.0, 364552.0 ], [ 242228.0, 364550.0 ], [ 242226.0, 364550.0 ], [ 242226.0, 364548.0 ], [ 242224.0, 364548.0 ], [ 242224.0, 364546.0 ], [ 242222.0, 364546.0 ], [ 242222.0, 364544.0 ], [ 242220.0, 364544.0 ], [ 242220.0, 364542.0 ], [ 242222.0, 364542.0 ], [ 242222.0, 364540.0 ], [ 242224.0, 364540.0 ], [ 242224.0, 364538.0 ], [ 242226.0, 364538.0 ], [ 242226.0, 364540.0 ], [ 242234.0, 364540.0 ], [ 242234.0, 364542.0 ], [ 242236.0, 364542.0 ], [ 242236.0, 364544.0 ], [ 242238.0, 364544.0 ], [ 242238.0, 364546.0 ], [ 242240.0, 364546.0 ], [ 242240.0, 364544.0 ], [ 242244.0, 364544.0 ], [ 242244.0, 364546.0 ], [ 242246.0, 364546.0 ], [ 242246.0, 364548.0 ], [ 242248.0, 364548.0 ], [ 242248.0, 364552.0 ], [ 242246.0, 364552.0 ], [ 242246.0, 364554.0 ], [ 242244.0, 364554.0 ], [ 242244.0, 364558.0 ], [ 242246.0, 364558.0 ], [ 242246.0, 364560.0 ], [ 242248.0, 364560.0 ], [ 242248.0, 364562.0 ], [ 242246.0, 364562.0 ], [ 242246.0, 364564.0 ], [ 242244.0, 364564.0 ], [ 242244.0, 364566.0 ], [ 242242.0, 364566.0 ], [ 242242.0, 364564.0 ], [ 242240.0, 364564.0 ], [ 242240.0, 364562.0 ], [ 242238.0, 364562.0 ] ], [ [ 242424.0, 364504.0 ], [ 242424.0, 364502.0 ], [ 242426.0, 364502.0 ], [ 242426.0, 364500.0 ], [ 242428.0, 364500.0 ], [ 242428.0, 364498.0 ], [ 242432.0, 364498.0 ], [ 242432.0, 364500.0 ], [ 242434.0, 364500.0 ], [ 242434.0, 364502.0 ], [ 242436.0, 364502.0 ], [ 242436.0, 364504.0 ], [ 242434.0, 364504.0 ], [ 242434.0, 364506.0 ], [ 242432.0, 364506.0 ], [ 242432.0, 364508.0 ], [ 242428.0, 364508.0 ], [ 242428.0, 364506.0 ], [ 242426.0, 364506.0 ], [ 242426.0, 364504.0 ], [ 242424.0, 364504.0 ] ], [ [ 242218.0, 364494.0 ], [ 242218.0, 364492.0 ], [ 242216.0, 364492.0 ], [ 242216.0, 364486.0 ], [ 242214.0, 364486.0 ], [ 242214.0, 364482.0 ], [ 242212.0, 364482.0 ], [ 242212.0, 364478.0 ], [ 242214.0, 364478.0 ], [ 242214.0, 364476.0 ], [ 242216.0, 364476.0 ], [ 242216.0, 364474.0 ], [ 242218.0, 364474.0 ], [ 242218.0, 364476.0 ], [ 242220.0, 364476.0 ], [ 242220.0, 364478.0 ], [ 242222.0, 364478.0 ], [ 242222.0, 364484.0 ], [ 242224.0, 364484.0 ], [ 242224.0, 364488.0 ], [ 242226.0, 364488.0 ], [ 242226.0, 364490.0 ], [ 242228.0, 364490.0 ], [ 242228.0, 364494.0 ], [ 242226.0, 364494.0 ], [ 242226.0, 364496.0 ], [ 242224.0, 364496.0 ], [ 242224.0, 364498.0 ], [ 242222.0, 364498.0 ], [ 242222.0, 364496.0 ], [ 242220.0, 364496.0 ], [ 242220.0, 364494.0 ], [ 242218.0, 364494.0 ] ], [ [ 242274.0, 364488.0 ], [ 242274.0, 364486.0 ], [ 242272.0, 364486.0 ], [ 242272.0, 364484.0 ], [ 242270.0, 364484.0 ], [ 242270.0, 364472.0 ], [ 242272.0, 364472.0 ], [ 242272.0, 364470.0 ], [ 242274.0, 364470.0 ], [ 242274.0, 364468.0 ], [ 242276.0, 364468.0 ], [ 242276.0, 364470.0 ], [ 242278.0, 364470.0 ], [ 242278.0, 364472.0 ], [ 242280.0, 364472.0 ], [ 242280.0, 364476.0 ], [ 242282.0, 364476.0 ], [ 242282.0, 364478.0 ], [ 242284.0, 364478.0 ], [ 242284.0, 364480.0 ], [ 242286.0, 364480.0 ], [ 242286.0, 364478.0 ], [ 242288.0, 364478.0 ], [ 242288.0, 364480.0 ], [ 242290.0, 364480.0 ], [ 242290.0, 364482.0 ], [ 242292.0, 364482.0 ], [ 242292.0, 364486.0 ], [ 242290.0, 364486.0 ], [ 242290.0, 364488.0 ], [ 242288.0, 364488.0 ], [ 242288.0, 364490.0 ], [ 242286.0, 364490.0 ], [ 242286.0, 364488.0 ], [ 242284.0, 364488.0 ], [ 242284.0, 364490.0 ], [ 242282.0, 364490.0 ], [ 242282.0, 364492.0 ], [ 242280.0, 364492.0 ], [ 242280.0, 364490.0 ], [ 242276.0, 364490.0 ], [ 242276.0, 364488.0 ], [ 242274.0, 364488.0 ] ] ], [ [ [ 242530.0, 364532.0 ], [ 242532.0, 364532.0 ], [ 242532.0, 364530.0 ], [ 242530.0, 364530.0 ], [ 242530.0, 364532.0 ] ] ], [ [ [ 242632.0, 364562.0 ], [ 242634.0, 364562.0 ], [ 242634.0, 364560.0 ], [ 242632.0, 364560.0 ], [ 242632.0, 364562.0 ] ] ], [ [ [ 242594.0, 364582.0 ], [ 242596.0, 364582.0 ], [ 242596.0, 364580.0 ], [ 242594.0, 364580.0 ], [ 242594.0, 364582.0 ] ] ], [ [ [ 242546.0, 364652.0 ], [ 242548.0, 364652.0 ], [ 242548.0, 364650.0 ], [ 242546.0, 364650.0 ], [ 242546.0, 364652.0 ] ] ], [ [ [ 242592.0, 364682.0 ], [ 242594.0, 364682.0 ], [ 242594.0, 364680.0 ], [ 242596.0, 364680.0 ], [ 242596.0, 364676.0 ], [ 242598.0, 364676.0 ], [ 242598.0, 364674.0 ], [ 242600.0, 364674.0 ], [ 242600.0, 364672.0 ], [ 242602.0, 364672.0 ], [ 242602.0, 364674.0 ], [ 242606.0, 364674.0 ], [ 242606.0, 364672.0 ], [ 242604.0, 364672.0 ], [ 242604.0, 364664.0 ], [ 242602.0, 364664.0 ], [ 242602.0, 364660.0 ], [ 242600.0, 364660.0 ], [ 242600.0, 364658.0 ], [ 242602.0, 364658.0 ], [ 242602.0, 364656.0 ], [ 242604.0, 364656.0 ], [ 242604.0, 364654.0 ], [ 242610.0, 364654.0 ], [ 242610.0, 364652.0 ], [ 242612.0, 364652.0 ], [ 242612.0, 364650.0 ], [ 242614.0, 364650.0 ], [ 242614.0, 364652.0 ], [ 242616.0, 364652.0 ], [ 242616.0, 364654.0 ], [ 242618.0, 364654.0 ], [ 242618.0, 364656.0 ], [ 242620.0, 364656.0 ], [ 242620.0, 364658.0 ], [ 242626.0, 364658.0 ], [ 242626.0, 364656.0 ], [ 242622.0, 364656.0 ], [ 242622.0, 364654.0 ], [ 242620.0, 364654.0 ], [ 242620.0, 364652.0 ], [ 242618.0, 364652.0 ], [ 242618.0, 364650.0 ], [ 242616.0, 364650.0 ], [ 242616.0, 364646.0 ], [ 242614.0, 364646.0 ], [ 242614.0, 364644.0 ], [ 242612.0, 364644.0 ], [ 242612.0, 364642.0 ], [ 242614.0, 364642.0 ], [ 242614.0, 364640.0 ], [ 242616.0, 364640.0 ], [ 242616.0, 364638.0 ], [ 242620.0, 364638.0 ], [ 242620.0, 364636.0 ], [ 242618.0, 364636.0 ], [ 242618.0, 364634.0 ], [ 242616.0, 364634.0 ], [ 242616.0, 364636.0 ], [ 242614.0, 364636.0 ], [ 242614.0, 364638.0 ], [ 242612.0, 364638.0 ], [ 242612.0, 364640.0 ], [ 242610.0, 364640.0 ], [ 242610.0, 364638.0 ], [ 242608.0, 364638.0 ], [ 242608.0, 364636.0 ], [ 242606.0, 364636.0 ], [ 242606.0, 364632.0 ], [ 242602.0, 364632.0 ], [ 242602.0, 364630.0 ], [ 242600.0, 364630.0 ], [ 242600.0, 364632.0 ], [ 242598.0, 364632.0 ], [ 242598.0, 364630.0 ], [ 242596.0, 364630.0 ], [ 242596.0, 364628.0 ], [ 242594.0, 364628.0 ], [ 242594.0, 364626.0 ], [ 242592.0, 364626.0 ], [ 242592.0, 364622.0 ], [ 242590.0, 364622.0 ], [ 242590.0, 364620.0 ], [ 242584.0, 364620.0 ], [ 242584.0, 364618.0 ], [ 242582.0, 364618.0 ], [ 242582.0, 364622.0 ], [ 242584.0, 364622.0 ], [ 242584.0, 364624.0 ], [ 242586.0, 364624.0 ], [ 242586.0, 364628.0 ], [ 242584.0, 364628.0 ], [ 242584.0, 364632.0 ], [ 242586.0, 364632.0 ], [ 242586.0, 364630.0 ], [ 242588.0, 364630.0 ], [ 242588.0, 364632.0 ], [ 242590.0, 364632.0 ], [ 242590.0, 364634.0 ], [ 242592.0, 364634.0 ], [ 242592.0, 364638.0 ], [ 242590.0, 364638.0 ], [ 242590.0, 364640.0 ], [ 242588.0, 364640.0 ], [ 242588.0, 364642.0 ], [ 242586.0, 364642.0 ], [ 242586.0, 364644.0 ], [ 242588.0, 364644.0 ], [ 242588.0, 364646.0 ], [ 242586.0, 364646.0 ], [ 242586.0, 364652.0 ], [ 242584.0, 364652.0 ], [ 242584.0, 364654.0 ], [ 242582.0, 364654.0 ], [ 242582.0, 364656.0 ], [ 242578.0, 364656.0 ], [ 242578.0, 364658.0 ], [ 242570.0, 364658.0 ], [ 242570.0, 364660.0 ], [ 242568.0, 364660.0 ], [ 242568.0, 364666.0 ], [ 242570.0, 364666.0 ], [ 242570.0, 364668.0 ], [ 242572.0, 364668.0 ], [ 242572.0, 364670.0 ], [ 242574.0, 364670.0 ], [ 242574.0, 364674.0 ], [ 242578.0, 364674.0 ], [ 242578.0, 364676.0 ], [ 242580.0, 364676.0 ], [ 242580.0, 364678.0 ], [ 242582.0, 364678.0 ], [ 242582.0, 364680.0 ], [ 242580.0, 364680.0 ], [ 242580.0, 364682.0 ], [ 242582.0, 364682.0 ], [ 242582.0, 364684.0 ], [ 242586.0, 364684.0 ], [ 242586.0, 364686.0 ], [ 242588.0, 364686.0 ], [ 242588.0, 364688.0 ], [ 242590.0, 364688.0 ], [ 242590.0, 364686.0 ], [ 242592.0, 364686.0 ], [ 242592.0, 364682.0 ] ] ], [ [ [ 242568.0, 364680.0 ], [ 242570.0, 364680.0 ], [ 242570.0, 364678.0 ], [ 242568.0, 364678.0 ], [ 242568.0, 364680.0 ] ] ], [ [ [ 242568.0, 364680.0 ], [ 242566.0, 364680.0 ], [ 242566.0, 364682.0 ], [ 242568.0, 364682.0 ], [ 242568.0, 364680.0 ] ] ] ] } },
{ "type": "Feature", "properties": { "layer": "slack_floor", "group": "CG", "delta_m": 0.3, "floor_m": 11.310250377655029, "area_ha": 27.9236, "bounded_by": "reach" }, "geometry": { "type": "MultiPolygon", "coordinates": [ [ [ [ 241476.0, 363942.0 ], [ 241478.0, 363942.0 ], [ 241478.0, 363940.0 ], [ 241476.0, 363940.0 ], [ 241476.0, 363942.0 ] ] ], [ [ [ 241608.0, 364094.0 ], [ 241612.0, 364094.0 ], [ 241612.0, 364090.0 ], [ 241608.0, 364090.0 ], [ 241608.0, 364094.0 ] ] ], [ [ [ 241736.0, 364096.0 ], [ 241738.0, 364096.0 ], [ 241738.0, 364094.0 ], [ 241736.0, 364094.0 ], [ 241736.0, 364096.0 ] ] ], [ [ [ 241608.0, 364100.0 ], [ 241610.0, 364100.0 ], [ 241610.0, 364098.0 ], [ 241608.0, 364098.0 ], [ 241608.0, 364100.0 ] ] ], [ [ [ 241734.0, 364102.0 ], [ 241736.0, 364102.0 ], [ 241736.0, 364100.0 ], [ 241734.0, 364100.0 ], [ 241734.0, 364102.0 ] ] ], [ [ [ 241734.0, 364102.0 ], [ 241732.0, 364102.0 ], [ 241732.0, 364104.0 ], [ 241734.0, 364104.0 ], [ 241734.0, 364102.0 ] ] ], [ [ [ 241664.0, 364122.0 ], [ 241666.0, 364122.0 ], [ 241666.0, 364120.0 ], [ 241664.0, 364120.0 ], [ 241664.0, 364122.0 ] ] ], [ [ [ 241680.0, 364156.0 ], [ 241680.0, 364158.0 ], [ 241678.0, 364158.0 ], [ 241678.0, 364160.0 ], [ 241680.0, 364160.0 ], [ 241680.0, 364162.0 ], [ 241682.0, 364162.0 ], [ 241682.0, 364164.0 ], [ 241684.0, 364164.0 ], [ 241684.0, 364160.0 ], [ 241682.0, 364160.0 ], [ 241682.0, 364156.0 ], [ 241680.0, 364156.0 ] ] ], [ [ [ 241766.0, 364178.0 ], [ 241766.0, 364176.0 ], [ 241764.0, 364176.0 ], [ 241764.0, 364174.0 ], [ 241762.0, 364174.0 ], [ 241762.0, 364178.0 ], [ 241764.0, 364178.0 ], [ 241764.0, 364182.0 ], [ 241766.0, 364182.0 ], [ 241766.0, 364180.0 ], [ 241768.0, 364180.0 ], [ 241768.0, 364178.0 ], [ 241766.0, 364178.0 ] ] ], [ [ [ 241834.0, 363892.0 ], [ 241836.0, 363892.0 ], [ 241836.0, 363890.0 ], [ 241834.0, 363890.0 ], [ 241834.0, 363892.0 ] ] ], [ [ [ 242008.0, 364112.0 ], [ 242010.0, 364112.0 ], [ 242010.0, 364110.0 ], [ 242008.0, 364110.0 ], [ 242008.0, 364112.0 ] ] ], [ [ [ 241934.0, 364604.0 ], [ 241944.0, 364604.0 ], [ 241944.0, 364602.0 ], [ 241952.0, 364602.0 ], [ 241952.0, 364600.0 ], [ 241960.0, 364600.0 ], [ 241960.0, 364598.0 ], [ 241966.0, 364598.0 ], [ 241966.0, 364596.0 ], [ 241972.0, 364596.0 ], [ 241972.0, 364594.0 ], [ 241978.0, 364594.0 ], [ 241978.0, 364592.0 ], [ 241982.0, 364592.0 ], [ 241982.0, 364590.0 ], [ 241988.0, 364590.0 ], [ 241988.0, 364588.0 ], [ 241992.0, 364588.0 ], [ 241992.0, 364586.0 ], [ 241998.0, 364586.0 ], [ 241998.0, 364584.0 ], [ 242002.0, 364584.0 ], [ 242002.0, 364582.0 ], [ 242006.0, 364582.0 ], [ 242006.0, 364580.0 ], [ 242010.0, 364580.0 ], [ 242010.0, 364578.0 ], [ 242014.0, 364578.0 ], [ 242014.0, 364576.0 ], [ 242018.0, 364576.0 ], [ 242018.0, 364574.0 ], [ 242022.0, 364574.0 ], [ 242022.0, 364572.0 ], [ 242024.0, 364572.0 ], [ 242024.0, 364570.0 ], [ 242028.0, 364570.0 ], [ 242028.0, 364568.0 ], [ 242032.0, 364568.0 ], [ 242032.0, 364566.0 ], [ 242034.0, 364566.0 ], [ 242034.0, 364564.0 ], [ 242038.0, 364564.0 ], [ 242038.0, 364562.0 ], [ 242040.0, 364562.0 ], [ 242040.0, 364560.0 ], [ 242044.0, 364560.0 ], [ 242044.0, 364558.0 ], [ 242046.0, 364558.0 ], [ 242046.0, 364556.0 ], [ 242050.0, 364556.0 ], [ 242050.0, 364554.0 ], [ 242052.0, 364554.0 ], [ 242052.0, 364552.0 ], [ 242056.0, 364552.0 ], [ 242056.0, 364550.0 ], [ 242058.0, 364550.0 ], [ 242058.0, 364548.0 ], [ 242060.0, 364548.0 ], [ 242060.0, 364546.0 ], [ 242062.0, 364546.0 ], [ 242062.0, 364544.0 ], [ 242066.0, 364544.0 ], [ 242066.0, 364542.0 ], [ 242068.0, 364542.0 ], [ 242068.0, 364540.0 ], [ 242070.0, 364540.0 ], [ 242070.0, 364538.0 ], [ 242072.0, 364538.0 ], [ 242072.0, 364536.0 ], [ 242086.0, 364536.0 ], [ 242086.0, 364538.0 ], [ 242120.0, 364538.0 ], [ 242120.0, 364540.0 ], [ 242122.0, 364540.0 ], [ 242122.0, 364538.0 ], [ 242156.0, 364538.0 ], [ 242156.0, 364536.0 ], [ 242170.0, 364536.0 ], [ 242170.0, 364534.0 ], [ 242180.0, 364534.0 ], [ 242180.0, 364532.0 ], [ 242190.0, 364532.0 ], [ 242190.0, 364530.0 ], [ 242198.0, 364530.0 ], [ 242198.0, 364528.0 ], [ 242206.0, 364528.0 ], [ 242206.0, 364526.0 ], [ 242212.0, 364526.0 ], [ 242212.0, 364524.0 ], [ 242218.0, 364524.0 ], [ 242218.0, 364522.0 ], [ 242224.0, 364522.0 ], [ 242224.0, 364520.0 ], [ 242228.0, 364520.0 ], [ 242228.0, 364518.0 ], [ 242234.0, 364518.0 ], [ 242234.0, 364516.0 ], [ 242238.0, 364516.0 ], [ 242238.0, 364514.0 ], [ 242244.0, 364514.0 ], [ 242244.0, 364512.0 ], [ 242248.0, 364512.0 ], [ 242248.0, 364510.0 ], [ 242252.0, 364510.0 ], [ 242252.0, 364508.0 ], [ 242256.0, 364508.0 ], [ 242256.0, 364506.0 ], [ 242260.0, 364506.0 ], [ 242260.0, 364504.0 ], [ 242264.0, 364504.0 ], [ 242264.0, 364502.0 ], [ 242268.0, 364502.0 ], [ 242268.0, 364500.0 ], [ 242270.0, 364500.0 ], [ 242270.0, 364498.0 ], [ 242274.0, 364498.0 ], [ 242274.0, 364496.0 ], [ 242278.0, 364496.0 ], [ 242278.0, 364494.0 ], [ 242280.0, 364494.0 ], [ 242280.0, 364492.0 ], [ 242284.0, 364492.0 ], [ 242284.0, 364490.0 ], [ 242286.0, 364490.0 ], [ 242286.0, 364488.0 ], [ 242290.0, 364488.0 ], [ 242290.0, 364486.0 ], [ 242292.0, 364486.0 ], [ 242292.0, 364484.0 ], [ 242296.0, 364484.0 ], [ 242296.0, 364482.0 ], [ 242298.0, 364482.0 ], [ 242298.0, 364480.0 ], [ 242302.0, 364480.0 ], [ 242302.0, 364478.0 ], [ 242304.0, 364478.0 ], [ 242304.0, 364476.0 ], [ 242306.0, 364476.0 ], [ 242306.0, 364474.0 ], [ 242308.0, 364474.0 ], [ 242308.0, 364472.0 ], [ 242312.0, 364472.0 ], [ 242312.0, 364470.0 ], [ 242314.0, 364470.0 ], [ 242314.0, 364468.0 ], [ 242316.0, 364468.0 ], [ 242316.0, 364466.0 ], [ 242318.0, 364466.0 ], [ 242318.0, 364464.0 ], [ 242320.0, 364464.0 ], [ 242320.0, 364462.0 ], [ 242322.0, 364462.0 ], [ 242322.0, 364460.0 ], [ 242324.0, 364460.0 ], [ 242324.0, 364458.0 ], [ 242328.0, 364458.0 ], [ 242328.0, 364456.0 ], [ 242330.0, 364456.0 ], [ 242330.0, 364454.0 ], [ 242332.0, 364454.0 ], [ 242332.0, 364452.0 ], [ 242334.0, 364452.0 ], [ 242334.0, 364450.0 ], [ 242336.0, 364450.0 ], [ 242336.0, 364448.0 ], [ 242338.0, 364448.0 ], [ 242338.0, 364446.0 ], [ 242340.0, 364446.0 ], [ 242340.0, 364442.0 ], [ 242342.0, 364442.0 ], [ 242342.0, 364440.0 ], [ 242344.0, 364440.0 ], [ 242344.0, 364438.0 ], [ 242346.0, 364438.0 ], [ 242346.0, 364436.0 ], [ 242348.0, 364436.0 ], [ 242348.0, 364434.0 ], [ 242350.0, 364434.0 ], [ 242350.0, 364432.0 ], [ 242352.0, 364432.0 ], [ 242352.0, 364430.0 ], [ 242354.0, 364430.0 ], [ 242354.0, 364426.0 ], [ 242356.0, 364426.0 ], [ 242356.0, 364424.0 ], [ 242358.0, 364424.0 ], [ 242358.0, 364422.0 ], [ 242360.0, 364422.0 ], [ 242360.0, 364420.0 ], [ 242362.0, 364420.0 ], [ 242362.0, 364416.0 ], [ 242364.0, 364416.0 ], [ 242364.0, 364414.0 ], [ 242366.0, 364414.0 ], [ 242366.0, 364410.0 ], [ 242368.0, 364410.0 ], [ 242368.0, 364408.0 ], [ 242370.0, 364408.0 ], [ 242370.0, 364404.0 ], [ 242372.0, 364404.0 ], [ 242372.0, 364402.0 ], [ 242374.0, 364402.0 ], [ 242374.0, 364398.0 ], [ 242376.0, 364398.0 ], [ 242376.0, 364396.0 ], [ 242378.0, 364396.0 ], [ 242378.0, 364392.0 ], [ 242380.0, 364392.0 ], [ 242380.0, 364388.0 ], [ 242382.0, 364388.0 ], [ 242382.0, 364386.0 ], [ 242384.0, 364386.0 ], [ 242384.0, 364382.0 ], [ 242386.0, 364382.0 ], [ 242386.0, 364378.0 ], [ 242388.0, 364378.0 ], [ 242388.0, 364374.0 ], [ 242390.0, 364374.0 ], [ 242390.0, 364370.0 ], [ 242392.0, 364370.0 ], [ 242392.0, 364366.0 ], [ 242394.0, 364366.0 ], [ 242394.0, 364362.0 ], [ 242396.0, 364362.0 ], [ 242396.0, 364356.0 ], [ 242398.0, 364356.0 ], [ 242398.0, 364352.0 ], [ 242400.0, 364352.0 ], [ 242400.0, 364346.0 ], [ 242402.0, 364346.0 ], [ 242402.0, 364342.0 ], [ 242404.0, 364342.0 ], [ 242404.0, 364336.0 ], [ 242406.0, 364336.0 ], [ 242406.0, 364330.0 ], [ 242408.0, 364330.0 ], [ 242408.0, 364324.0 ], [ 242410.0, 364324.0 ], [ 242410.0, 364316.0 ], [ 242412.0, 364316.0 ], [ 242412.0, 364308.0 ], [ 242414.0, 364308.0 ], [ 242414.0, 364298.0 ], [ 242416.0, 364298.0 ], [ 242416.0, 364288.0 ], [ 242418.0, 364288.0 ], [ 242418.0, 364274.0 ], [ 242420.0, 364274.0 ], [ 242420.0, 364266.0 ], [ 242418.0, 364266.0 ], [ 242418.0, 364268.0 ], [ 242416.0, 364268.0 ], [ 242416.0, 364270.0 ], [ 242412.0, 364270.0 ], [ 242412.0, 364272.0 ], [ 242410.0, 364272.0 ], [ 242410.0, 364270.0 ], [ 242408.0, 364270.0 ], [ 242408.0, 364268.0 ], [ 242406.0, 364268.0 ], [ 242406.0, 364264.0 ], [ 242408.0, 364264.0 ], [ 242408.0, 364252.0 ], [ 242406.0, 364252.0 ], [ 242406.0, 364250.0 ], [ 242404.0, 364250.0 ], [ 242404.0, 364244.0 ], [ 242406.0, 364244.0 ], [ 242406.0, 364240.0 ], [ 242402.0, 364240.0 ], [ 242402.0, 364238.0 ], [ 242400.0, 364238.0 ], [ 242400.0, 364236.0 ], [ 242396.0, 364236.0 ], [ 242396.0, 364234.0 ], [ 242394.0, 364234.0 ], [ 242394.0, 364232.0 ], [ 242392.0, 364232.0 ], [ 242392.0, 364230.0 ], [ 242394.0, 364230.0 ], [ 242394.0, 364228.0 ], [ 242396.0, 364228.0 ], [ 242396.0, 364226.0 ], [ 242398.0, 364226.0 ], [ 242398.0, 364218.0 ], [ 242396.0, 364218.0 ], [ 242396.0, 364216.0 ], [ 242398.0, 364216.0 ], [ 242398.0, 364206.0 ], [ 242400.0, 364206.0 ], [ 242400.0, 364204.0 ], [ 242398.0, 364204.0 ], [ 242398.0, 364200.0 ], [ 242396.0, 364200.0 ], [ 242396.0, 364198.0 ], [ 242394.0, 364198.0 ], [ 242394.0, 364196.0 ], [ 242388.0, 364196.0 ], [ 242388.0, 364194.0 ], [ 242386.0, 364194.0 ], [ 242386.0, 364192.0 ], [ 242384.0, 364192.0 ], [ 242384.0, 364190.0 ], [ 242386.0, 364190.0 ], [ 242386.0, 364188.0 ], [ 242388.0, 364188.0 ], [ 242388.0, 364186.0 ], [ 242408.0, 364186.0 ], [ 242408.0, 364184.0 ], [ 242410.0, 364184.0 ], [ 242410.0, 364176.0 ], [ 242408.0, 364176.0 ], [ 242408.0, 364174.0 ], [ 242410.0, 364174.0 ], [ 242410.0, 364164.0 ], [ 242408.0, 364164.0 ], [ 242408.0, 364162.0 ], [ 242406.0, 364162.0 ], [ 242406.0, 364160.0 ], [ 242408.0, 364160.0 ], [ 242408.0, 364158.0 ], [ 242410.0, 364158.0 ], [ 242410.0, 364154.0 ], [ 242408.0, 364154.0 ], [ 242408.0, 364148.0 ], [ 242406.0, 364148.0 ], [ 242406.0, 364142.0 ], [ 242404.0, 364142.0 ], [ 242404.0, 364140.0 ], [ 242402.0, 364140.0 ], [ 242402.0, 364138.0 ], [ 242404.0, 364138.0 ], [ 242404.0, 364136.0 ], [ 242402.0, 364136.0 ], [ 242402.0, 364132.0 ], [ 242400.0, 364132.0 ], [ 242400.0, 364126.0 ], [ 242398.0, 364126.0 ], [ 242398.0, 364122.0 ], [ 242396.0, 364122.0 ], [ 242396.0, 364116.0 ], [ 242394.0, 364116.0 ], [ 242394.0, 364114.0 ], [ 242392.0, 364114.0 ], [ 242392.0, 364112.0 ], [ 242390.0, 364112.0 ], [ 242390.0, 364110.0 ], [ 242392.0, 364110.0 ], [ 242392.0, 364108.0 ], [ 242390.0, 364108.0 ], [ 242390.0, 364106.0 ], [ 242386.0, 364106.0 ], [ 242386.0, 364104.0 ], [ 242384.0, 364104.0 ], [ 242384.0, 364102.0 ], [ 242382.0, 364102.0 ], [ 242382.0, 364096.0 ], [ 242384.0, 364096.0 ], [ 242384.0, 364092.0 ], [ 242382.0, 364092.0 ], [ 242382.0, 364090.0 ], [ 242380.0, 364090.0 ], [ 242380.0, 364088.0 ], [ 242378.0, 364088.0 ], [ 242378.0, 364086.0 ], [ 242376.0, 364086.0 ], [ 242376.0, 364084.0 ], [ 242374.0, 364084.0 ], [ 242374.0, 364082.0 ], [ 242376.0, 364082.0 ], [ 242376.0, 364080.0 ], [ 242374.0, 364080.0 ], [ 242374.0, 364076.0 ], [ 242372.0, 364076.0 ], [ 242372.0, 364074.0 ], [ 242370.0, 364074.0 ], [ 242370.0, 364070.0 ], [ 242368.0, 364070.0 ], [ 242368.0, 364068.0 ], [ 242366.0, 364068.0 ], [ 242366.0, 364064.0 ], [ 242364.0, 364064.0 ], [ 242364.0, 364062.0 ], [ 242362.0, 364062.0 ], [ 242362.0, 364058.0 ], [ 242360.0, 364058.0 ], [ 242360.0, 364056.0 ], [ 242358.0, 364056.0 ], [ 242358.0, 364054.0 ], [ 242356.0, 364054.0 ], [ 242356.0, 364052.0 ], [ 242354.0, 364052.0 ], [ 242354.0, 364048.0 ], [ 242352.0, 364048.0 ], [ 242352.0, 364046.0 ], [ 242350.0, 364046.0 ], [ 242350.0, 364044.0 ], [ 242348.0, 364044.0 ], [ 242348.0, 364042.0 ], [ 242346.0, 364042.0 ], [ 242346.0, 364040.0 ], [ 242344.0, 364040.0 ], [ 242344.0, 364038.0 ], [ 242342.0, 364038.0 ], [ 242342.0, 364036.0 ], [ 242340.0, 364036.0 ], [ 242340.0, 364034.0 ], [ 242338.0, 364034.0 ], [ 242338.0, 364030.0 ], [ 242336.0, 364030.0 ], [ 242336.0, 364028.0 ], [ 242334.0, 364028.0 ], [ 242334.0, 364026.0 ], [ 242332.0, 364026.0 ], [ 242332.0, 364024.0 ], [ 242330.0, 364024.0 ], [ 242330.0, 364022.0 ], [ 242328.0, 364022.0 ], [ 242328.0, 364020.0 ], [ 242324.0, 364020.0 ], [ 242324.0, 364018.0 ], [ 242322.0, 364018.0 ], [ 242322.0, 364016.0 ], [ 242320.0, 364016.0 ], [ 242320.0, 364014.0 ], [ 242318.0, 364014.0 ], [ 242318.0, 364012.0 ], [ 242316.0, 364012.0 ], [ 242316.0, 364010.0 ], [ 242314.0, 364010.0 ], [ 242314.0, 364008.0 ], [ 242312.0, 364008.0 ], [ 242312.0, 364006.0 ], [ 242310.0, 364006.0 ], [ 242310.0, 364008.0 ], [ 242306.0, 364008.0 ], [ 242306.0, 364006.0 ], [ 242304.0, 364006.0 ], [ 242304.0, 364004.0 ], [ 242302.0, 364004.0 ], [ 242302.0, 364000.0 ], [ 242300.0, 364000.0 ], [ 242300.0, 363998.0 ], [ 242294.0, 363998.0 ], [ 242294.0, 364000.0 ], [ 242292.0, 364000.0 ], [ 242292.0, 363998.0 ], [ 242290.0, 363998.0 ], [ 242290.0, 364000.0 ], [ 242288.0, 364000.0 ], [ 242288.0, 364002.0 ], [ 242282.0, 364002.0 ], [ 242282.0, 364004.0 ], [ 242280.0, 364004.0 ], [ 242280.0, 364006.0 ], [ 242278.0, 364006.0 ], [ 242278.0, 364008.0 ], [ 242276.0, 364008.0 ], [ 242276.0, 364006.0 ], [ 242274.0, 364006.0 ], [ 242274.0, 364004.0 ], [ 242272.0, 364004.0 ], [ 242272.0, 364002.0 ], [ 242270.0, 364002.0 ], [ 242270.0, 364004.0 ], [ 242266.0, 364004.0 ], [ 242266.0, 364012.0 ], [ 242264.0, 364012.0 ], [ 242264.0, 364034.0 ], [ 242262.0, 364034.0 ], [ 242262.0, 364036.0 ], [ 242260.0, 364036.0 ], [ 242260.0, 364038.0 ], [ 242262.0, 364038.0 ], [ 242262.0, 364040.0 ], [ 242264.0, 364040.0 ], [ 242264.0, 364042.0 ], [ 242266.0, 364042.0 ], [ 242266.0, 364044.0 ], [ 242264.0, 364044.0 ], [ 242264.0, 364046.0 ], [ 242262.0, 364046.0 ], [ 242262.0, 364052.0 ], [ 242264.0, 364052.0 ], [ 242264.0, 364054.0 ], [ 242266.0, 364054.0 ], [ 242266.0, 364056.0 ], [ 242268.0, 364056.0 ], [ 242268.0, 364062.0 ], [ 242270.0, 364062.0 ], [ 242270.0, 364060.0 ], [ 242272.0, 364060.0 ], [ 242272.0, 364062.0 ], [ 242274.0, 364062.0 ], [ 242274.0, 364064.0 ], [ 242276.0, 364064.0 ], [ 242276.0, 364066.0 ], [ 242278.0, 364066.0 ], [ 242278.0, 364072.0 ], [ 242276.0, 364072.0 ], [ 242276.0, 364076.0 ], [ 242274.0, 364076.0 ], [ 242274.0, 364078.0 ], [ 242272.0, 364078.0 ], [ 242272.0, 364080.0 ], [ 242270.0, 364080.0 ], [ 242270.0, 364078.0 ], [ 242264.0, 364078.0 ], [ 242264.0, 364080.0 ], [ 242262.0, 364080.0 ], [ 242262.0, 364078.0 ], [ 242260.0, 364078.0 ], [ 242260.0, 364084.0 ], [ 242262.0, 364084.0 ], [ 242262.0, 364086.0 ], [ 242264.0, 364086.0 ], [ 242264.0, 364088.0 ], [ 242268.0, 364088.0 ], [ 242268.0, 364086.0 ], [ 242270.0, 364086.0 ], [ 242270.0, 364088.0 ], [ 242274.0, 364088.0 ], [ 242274.0, 364086.0 ], [ 242276.0, 364086.0 ], [ 242276.0, 364088.0 ], [ 242278.0, 364088.0 ], [ 242278.0, 364090.0 ], [ 242280.0, 364090.0 ], [ 242280.0, 364092.0 ], [ 242282.0, 364092.0 ], [ 242282.0, 364096.0 ], [ 242284.0, 364096.0 ], [ 242284.0, 364098.0 ], [ 242286.0, 364098.0 ], [ 242286.0, 364106.0 ], [ 242288.0, 364106.0 ], [ 242288.0, 364108.0 ], [ 242286.0, 364108.0 ], [ 242286.0, 364110.0 ], [ 242284.0, 364110.0 ], [ 242284.0, 364112.0 ], [ 242282.0, 364112.0 ], [ 242282.0, 364118.0 ], [ 242280.0, 364118.0 ], [ 242280.0, 364120.0 ], [ 242278.0, 364120.0 ], [ 242278.0, 364122.0 ], [ 242274.0, 364122.0 ], [ 242274.0, 364120.0 ], [ 242272.0, 364120.0 ], [ 242272.0, 364118.0 ], [ 242270.0, 364118.0 ], [ 242270.0, 364116.0 ], [ 242268.0, 364116.0 ], [ 242268.0, 364118.0 ], [ 242266.0, 364118.0 ], [ 242266.0, 364116.0 ], [ 242264.0, 364116.0 ], [ 242264.0, 364118.0 ], [ 242260.0, 364118.0 ], [ 242260.0, 364120.0 ], [ 242258.0, 364120.0 ], [ 242258.0, 364122.0 ], [ 242254.0, 364122.0 ], [ 242254.0, 364120.0 ], [ 242252.0, 364120.0 ], [ 242252.0, 364118.0 ], [ 242250.0, 364118.0 ], [ 242250.0, 364114.0 ], [ 242244.0, 364114.0 ], [ 242244.0, 364118.0 ], [ 242246.0, 364118.0 ], [ 242246.0, 364120.0 ], [ 242248.0, 364120.0 ], [ 242248.0, 364122.0 ], [ 242250.0, 364122.0 ], [ 242250.0, 364126.0 ], [ 242248.0, 364126.0 ], [ 242248.0, 364128.0 ], [ 242246.0, 364128.0 ], [ 242246.0, 364130.0 ], [ 242244.0, 364130.0 ], [ 242244.0, 364136.0 ], [ 242246.0, 364136.0 ], [ 242246.0, 364138.0 ], [ 242248.0, 364138.0 ], [ 242248.0, 364140.0 ], [ 242250.0, 364140.0 ], [ 242250.0, 364152.0 ], [ 242252.0, 364152.0 ], [ 242252.0, 364154.0 ], [ 242254.0, 364154.0 ], [ 242254.0, 364156.0 ], [ 242256.0, 364156.0 ], [ 242256.0, 364160.0 ], [ 242260.0, 364160.0 ], [ 242260.0, 364162.0 ], [ 242264.0, 364162.0 ], [ 242264.0, 364154.0 ], [ 242266.0, 364154.0 ], [ 242266.0, 364152.0 ], [ 242268.0, 364152.0 ], [ 242268.0, 364150.0 ], [ 242270.0, 364150.0 ], [ 242270.0, 364152.0 ], [ 242272.0, 364152.0 ], [ 242272.0, 364154.0 ], [ 242274.0, 364154.0 ], [ 242274.0, 364152.0 ], [ 242276.0, 364152.0 ], [ 242276.0, 364150.0 ], [ 242278.0, 364150.0 ], [ 242278.0, 364148.0 ], [ 242282.0, 364148.0 ], [ 242282.0, 364150.0 ], [ 242284.0, 364150.0 ], [ 242284.0, 364152.0 ], [ 242286.0, 364152.0 ], [ 242286.0, 364154.0 ], [ 242288.0, 364154.0 ], [ 242288.0, 364156.0 ], [ 242290.0, 364156.0 ], [ 242290.0, 364154.0 ], [ 242294.0, 364154.0 ], [ 242294.0, 364156.0 ], [ 242296.0, 364156.0 ], [ 242296.0, 364158.0 ], [ 242298.0, 364158.0 ], [ 242298.0, 364160.0 ], [ 242300.0, 364160.0 ], [ 242300.0, 364162.0 ], [ 242298.0, 364162.0 ], [ 242298.0, 364164.0 ], [ 242296.0, 364164.0 ], [ 242296.0, 364166.0 ], [ 242294.0, 364166.0 ], [ 242294.0, 364174.0 ], [ 242296.0, 364174.0 ], [ 242296.0, 364184.0 ], [ 242298.0, 364184.0 ], [ 242298.0, 364186.0 ], [ 242296.0, 364186.0 ], [ 242296.0, 364196.0 ], [ 242298.0, 364196.0 ], [ 242298.0, 364200.0 ], [ 242302.0, 364200.0 ], [ 242302.0, 364202.0 ], [ 242304.0, 364202.0 ], [ 242304.0, 364204.0 ], [ 242306.0, 364204.0 ], [ 242306.0, 364206.0 ], [ 242304.0, 364206.0 ], [ 242304.0, 364208.0 ], [ 242302.0, 364208.0 ], [ 242302.0, 364210.0 ], [ 242298.0, 364210.0 ], [ 242298.0, 364208.0 ], [ 242294.0, 364208.0 ], [ 242294.0, 364206.0 ], [ 242292.0, 364206.0 ], [ 242292.0, 364204.0 ], [ 242290.0, 364204.0 ], [ 242290.0, 364212.0 ], [ 242292.0, 364212.0 ], [ 242292.0, 364214.0 ], [ 242294.0, 364214.0 ], [ 242294.0, 364216.0 ], [ 242292.0, 364216.0 ], [ 242292.0, 364220.0 ], [ 242294.0, 364220.0 ], [ 242294.0, 364222.0 ], [ 242298.0, 364222.0 ], [ 242298.0, 364224.0 ], [ 242300.0, 364224.0 ], [ 242300.0, 364226.0 ], [ 242302.0, 364226.0 ], [ 242302.0, 364230.0 ], [ 242300.0, 364230.0 ], [ 242300.0, 364236.0 ], [ 242302.0, 364236.0 ], [ 242302.0, 364240.0 ], [ 242304.0, 364240.0 ], [ 242304.0, 364244.0 ], [ 242306.0, 364244.0 ], [ 242306.0, 364246.0 ], [ 242308.0, 364246.0 ], [ 242308.0, 364248.0 ], [ 242310.0, 364248.0 ], [ 242310.0, 364246.0 ], [ 242312.0, 364246.0 ], [ 242312.0, 364248.0 ], [ 242316.0, 364248.0 ], [ 242316.0, 364250.0 ], [ 242318.0, 364250.0 ], [ 242318.0, 364248.0 ], [ 242320.0, 364248.0 ], [ 242320.0, 364246.0 ], [ 242322.0, 364246.0 ], [ 242322.0, 364248.0 ], [ 242324.0, 364248.0 ], [ 242324.0, 364250.0 ], [ 242326.0, 364250.0 ], [ 242326.0, 364248.0 ], [ 242328.0, 364248.0 ], [ 242328.0, 364250.0 ], [ 242330.0, 364250.0 ], [ 242330.0, 364252.0 ], [ 242332.0, 364252.0 ], [ 242332.0, 364254.0 ], [ 242330.0, 364254.0 ], [ 242330.0, 364262.0 ], [ 242332.0, 364262.0 ], [ 242332.0, 364264.0 ], [ 242334.0, 364264.0 ], [ 242334.0, 364266.0 ], [ 242338.0, 364266.0 ], [ 242338.0, 364268.0 ], [ 242342.0, 364268.0 ], [ 242342.0, 364270.0 ], [ 242344.0, 364270.0 ], [ 242344.0, 364272.0 ], [ 242346.0, 364272.0 ], [ 242346.0, 364274.0 ], [ 242344.0, 364274.0 ], [ 242344.0, 364276.0 ], [ 242342.0, 364276.0 ], [ 242342.0, 364278.0 ], [ 242334.0, 364278.0 ], [ 242334.0, 364284.0 ], [ 242336.0, 364284.0 ], [ 242336.0, 364286.0 ], [ 242338.0, 364286.0 ], [ 242338.0, 364288.0 ], [ 242340.0, 364288.0 ], [ 242340.0, 364290.0 ], [ 242346.0, 364290.0 ], [ 242346.0, 364292.0 ], [ 242350.0, 364292.0 ], [ 242350.0, 364288.0 ], [ 242348.0, 364288.0 ], [ 242348.0, 364282.0 ], [ 242350.0, 364282.0 ], [ 242350.0, 364280.0 ], [ 242352.0, 364280.0 ], [ 242352.0, 364278.0 ], [ 242356.0, 364278.0 ], [ 242356.0, 364280.0 ], [ 242358.0, 364280.0 ], [ 242358.0, 364282.0 ], [ 242360.0, 364282.0 ], [ 242360.0, 364280.0 ], [ 242362.0, 364280.0 ], [ 242362.0, 364278.0 ], [ 242364.0, 364278.0 ], [ 242364.0, 364274.0 ], [ 242366.0, 364274.0 ], [ 242366.0, 364270.0 ], [ 242368.0, 364270.0 ], [ 242368.0, 364268.0 ], [ 242370.0, 364268.0 ], [ 242370.0, 364266.0 ], [ 242372.0, 364266.0 ], [ 242372.0, 364268.0 ], [ 242374.0, 364268.0 ], [ 242374.0, 364270.0 ], [ 242376.0, 364270.0 ], [ 242376.0, 364272.0 ], [ 242378.0, 364272.0 ], [ 242378.0, 364276.0 ], [ 242380.0, 364276.0 ], [ 242380.0, 364280.0 ], [ 242382.0, 364280.0 ], [ 242382.0, 364284.0 ], [ 242384.0, 364284.0 ], [ 242384.0, 364294.0 ], [ 242386.0, 364294.0 ], [ 242386.0, 364296.0 ], [ 242384.0, 364296.0 ], [ 242384.0, 364304.0 ], [ 242382.0, 364304.0 ], [ 242382.0, 364316.0 ], [ 242384.0, 364316.0 ], [ 242384.0, 364332.0 ], [ 242382.0, 364332.0 ], [ 242382.0, 364336.0 ], [ 242380.0, 364336.0 ], [ 242380.0, 364338.0 ], [ 242378.0, 364338.0 ], [ 242378.0, 364340.0 ], [ 242376.0, 364340.0 ], [ 242376.0, 364342.0 ], [ 242374.0, 364342.0 ], [ 242374.0, 364340.0 ], [ 242372.0, 364340.0 ], [ 242372.0, 364338.0 ], [ 242356.0, 364338.0 ], [ 242356.0, 364336.0 ], [ 242354.0, 364336.0 ], [ 242354.0, 364340.0 ], [ 242352.0, 364340.0 ], [ 242352.0, 364342.0 ], [ 242350.0, 364342.0 ], [ 242350.0, 364344.0 ], [ 242348.0, 364344.0 ], [ 242348.0, 364346.0 ], [ 242340.0, 364346.0 ], [ 242340.0, 364348.0 ], [ 242336.0, 364348.0 ], [ 242336.0, 364346.0 ], [ 242332.0, 364346.0 ], [ 242332.0, 364344.0 ], [ 242330.0, 364344.0 ], [ 242330.0, 364342.0 ], [ 242328.0, 364342.0 ], [ 242328.0, 364340.0 ], [ 242330.0, 364340.0 ], [ 242330.0, 364334.0 ], [ 242332.0, 364334.0 ], [ 242332.0, 364328.0 ], [ 242330.0, 364328.0 ], [ 242330.0, 364326.0 ], [ 242328.0, 364326.0 ], [ 242328.0, 364318.0 ], [ 242330.0, 364318.0 ], [ 242330.0, 364298.0 ], [ 242328.0, 364298.0 ], [ 242328.0, 364300.0 ], [ 242322.0, 364300.0 ], [ 242322.0, 364302.0 ], [ 242320.0, 364302.0 ], [ 242320.0, 364300.0 ], [ 242318.0, 364300.0 ], [ 242318.0, 364298.0 ], [ 242316.0, 364298.0 ], [ 242316.0, 364300.0 ], [ 242310.0, 364300.0 ], [ 242310.0, 364298.0 ], [ 242306.0, 364298.0 ], [ 242306.0, 364300.0 ], [ 242300.0, 364300.0 ], [ 242300.0, 364308.0 ], [ 242298.0, 364308.0 ], [ 242298.0, 364310.0 ], [ 242296.0, 364310.0 ], [ 242296.0, 364314.0 ], [ 242294.0, 364314.0 ], [ 242294.0, 364316.0 ], [ 242292.0, 364316.0 ], [ 242292.0, 364320.0 ], [ 242290.0, 364320.0 ], [ 242290.0, 364322.0 ], [ 242288.0, 364322.0 ], [ 242288.0, 364324.0 ], [ 242282.0, 364324.0 ], [ 242282.0, 364326.0 ], [ 242280.0, 364326.0 ], [ 242280.0, 364328.0 ], [ 242278.0, 364328.0 ], [ 242278.0, 364330.0 ], [ 242276.0, 364330.0 ], [ 242276.0, 364332.0 ], [ 242274.0, 364332.0 ], [ 242274.0, 364330.0 ], [ 242272.0, 364330.0 ], [ 242272.0, 364328.0 ], [ 242268.0, 364328.0 ], [ 242268.0, 364326.0 ], [ 242266.0, 364326.0 ], [ 242266.0, 364324.0 ], [ 242264.0, 364324.0 ], [ 242264.0, 364326.0 ], [ 242260.0, 364326.0 ], [ 242260.0, 364324.0 ], [ 242258.0, 364324.0 ], [ 242258.0, 364322.0 ], [ 242256.0, 364322.0 ], [ 242256.0, 364316.0 ], [ 242252.0, 364316.0 ], [ 242252.0, 364314.0 ], [ 242250.0, 364314.0 ], [ 242250.0, 364312.0 ], [ 242248.0, 364312.0 ], [ 242248.0, 364310.0 ], [ 242250.0, 364310.0 ], [ 242250.0, 364308.0 ], [ 242252.0, 364308.0 ], [ 242252.0, 364306.0 ], [ 242250.0, 364306.0 ], [ 242250.0, 364304.0 ], [ 242248.0, 364304.0 ], [ 242248.0, 364300.0 ], [ 242246.0, 364300.0 ], [ 242246.0, 364298.0 ], [ 242244.0, 364298.0 ], [ 242244.0, 364296.0 ], [ 242242.0, 364296.0 ], [ 242242.0, 364294.0 ], [ 242240.0, 364294.0 ], [ 242240.0, 364290.0 ], [ 242238.0, 364290.0 ], [ 242238.0, 364292.0 ], [ 242236.0, 364292.0 ], [ 242236.0, 364294.0 ], [ 242234.0, 364294.0 ], [ 242234.0, 364292.0 ], [ 242232.0, 364292.0 ], [ 242232.0, 364290.0 ], [ 242230.0, 364290.0 ], [ 242230.0, 364288.0 ], [ 242232.0, 364288.0 ], [ 242232.0, 364282.0 ], [ 242234.0, 364282.0 ], [ 242234.0, 364278.0 ], [ 242232.0, 364278.0 ], [ 242232.0, 364280.0 ], [ 242230.0, 364280.0 ], [ 242230.0, 364282.0 ], [ 242228.0, 364282.0 ], [ 242228.0, 364284.0 ], [ 242226.0, 364284.0 ], [ 242226.0, 364286.0 ], [ 242222.0, 364286.0 ], [ 242222.0, 364284.0 ], [ 242220.0, 364284.0 ], [ 242220.0, 364282.0 ], [ 242214.0, 364282.0 ], [ 242214.0, 364280.0 ], [ 242212.0, 364280.0 ], [ 242212.0, 364290.0 ], [ 242214.0, 364290.0 ], [ 242214.0, 364292.0 ], [ 242216.0, 364292.0 ], [ 242216.0, 364294.0 ], [ 242218.0, 364294.0 ], [ 242218.0, 364298.0 ], [ 242216.0, 364298.0 ], [ 242216.0, 364300.0 ], [ 242214.0, 364300.0 ], [ 242214.0, 364302.0 ], [ 242212.0, 364302.0 ], [ 242212.0, 364306.0 ], [ 242210.0, 364306.0 ], [ 242210.0, 364308.0 ], [ 242208.0, 364308.0 ], [ 242208.0, 364312.0 ], [ 242210.0, 364312.0 ], [ 242210.0, 364314.0 ], [ 242208.0, 364314.0 ], [ 242208.0, 364316.0 ], [ 242206.0, 364316.0 ], [ 242206.0, 364320.0 ], [ 242204.0, 364320.0 ], [ 242204.0, 364322.0 ], [ 242202.0, 364322.0 ], [ 242202.0, 364324.0 ], [ 242198.0, 364324.0 ], [ 242198.0, 364322.0 ], [ 242196.0, 364322.0 ], [ 242196.0, 364320.0 ], [ 242194.0, 364320.0 ], [ 242194.0, 364318.0 ], [ 242196.0, 364318.0 ], [ 242196.0, 364316.0 ], [ 242192.0, 364316.0 ], [ 242192.0, 364314.0 ], [ 242188.0, 364314.0 ], [ 242188.0, 364312.0 ], [ 242186.0, 364312.0 ], [ 242186.0, 364310.0 ], [ 242184.0, 364310.0 ], [ 242184.0, 364308.0 ], [ 242182.0, 364308.0 ], [ 242182.0, 364306.0 ], [ 242180.0, 364306.0 ], [ 242180.0, 364302.0 ], [ 242178.0, 364302.0 ], [ 242178.0, 364300.0 ], [ 242176.0, 364300.0 ], [ 242176.0, 364298.0 ], [ 242178.0, 364298.0 ], [ 242178.0, 364296.0 ], [ 242176.0, 364296.0 ], [ 242176.0, 364294.0 ], [ 242178.0, 364294.0 ], [ 242178.0, 364292.0 ], [ 242180.0, 364292.0 ], [ 242180.0, 364290.0 ], [ 242178.0, 364290.0 ], [ 242178.0, 364286.0 ], [ 242176.0, 364286.0 ], [ 242176.0, 364284.0 ], [ 242178.0, 364284.0 ], [ 242178.0, 364278.0 ], [ 242176.0, 364278.0 ], [ 242176.0, 364276.0 ], [ 242174.0, 364276.0 ], [ 242174.0, 364274.0 ], [ 242172.0, 364274.0 ], [ 242172.0, 364262.0 ], [ 242170.0, 364262.0 ], [ 242170.0, 364252.0 ], [ 242168.0, 364252.0 ], [ 242168.0, 364250.0 ], [ 242166.0, 364250.0 ], [ 242166.0, 364248.0 ], [ 242164.0, 364248.0 ], [ 242164.0, 364246.0 ], [ 242160.0, 364246.0 ], [ 242160.0, 364244.0 ], [ 242158.0, 364244.0 ], [ 242158.0, 364242.0 ], [ 242156.0, 364242.0 ], [ 242156.0, 364234.0 ], [ 242152.0, 364234.0 ], [ 242152.0, 364232.0 ], [ 242150.0, 364232.0 ], [ 242150.0, 364230.0 ], [ 242148.0, 364230.0 ], [ 242148.0, 364228.0 ], [ 242146.0, 364228.0 ], [ 242146.0, 364224.0 ], [ 242148.0, 364224.0 ], [ 242148.0, 364220.0 ], [ 242146.0, 364220.0 ], [ 242146.0, 364218.0 ], [ 242144.0, 364218.0 ], [ 242144.0, 364216.0 ], [ 242142.0, 364216.0 ], [ 242142.0, 364208.0 ], [ 242138.0, 364208.0 ], [ 242138.0, 364206.0 ], [ 242130.0, 364206.0 ], [ 242130.0, 364204.0 ], [ 242128.0, 364204.0 ], [ 242128.0, 364202.0 ], [ 242126.0, 364202.0 ], [ 242126.0, 364200.0 ], [ 242124.0, 364200.0 ], [ 242124.0, 364196.0 ], [ 242126.0, 364196.0 ], [ 242126.0, 364194.0 ], [ 242128.0, 364194.0 ], [ 242128.0, 364190.0 ], [ 242124.0, 364190.0 ], [ 242124.0, 364188.0 ], [ 242122.0, 364188.0 ], [ 242122.0, 364186.0 ], [ 242120.0, 364186.0 ], [ 242120.0, 364178.0 ], [ 242118.0, 364178.0 ], [ 242118.0, 364176.0 ], [ 242116.0, 364176.0 ], [ 242116.0, 364172.0 ], [ 242114.0, 364172.0 ], [ 242114.0, 364168.0 ], [ 242112.0, 364168.0 ], [ 242112.0, 364166.0 ], [ 242110.0, 364166.0 ], [ 242110.0, 364164.0 ], [ 242108.0, 364164.0 ], [ 242108.0, 364162.0 ], [ 242106.0, 364162.0 ], [ 242106.0, 364160.0 ], [ 242108.0, 364160.0 ], [ 242108.0, 364156.0 ], [ 242106.0, 364156.0 ], [ 242106.0, 364154.0 ], [ 242104.0, 364154.0 ], [ 242104.0, 364150.0 ], [ 242102.0, 364150.0 ], [ 242102.0, 364148.0 ], [ 242100.0, 364148.0 ], [ 242100.0, 364146.0 ], [ 242098.0, 364146.0 ], [ 242098.0, 364142.0 ], [ 242096.0, 364142.0 ], [ 242096.0, 364140.0 ], [ 242094.0, 364140.0 ], [ 242094.0, 364138.0 ], [ 242092.0, 364138.0 ], [ 242092.0, 364136.0 ], [ 242090.0, 364136.0 ], [ 242090.0, 364134.0 ], [ 242088.0, 364134.0 ], [ 242088.0, 364130.0 ], [ 242086.0, 364130.0 ], [ 242086.0, 364122.0 ], [ 242084.0, 364122.0 ], [ 242084.0, 364114.0 ], [ 242082.0, 364114.0 ], [ 242082.0, 364108.0 ], [ 242080.0, 364108.0 ], [ 242080.0, 364102.0 ], [ 242078.0, 364102.0 ], [ 242078.0, 364100.0 ], [ 242076.0, 364100.0 ], [ 242076.0, 364096.0 ], [ 242074.0, 364096.0 ], [ 242074.0, 364094.0 ], [ 242072.0, 364094.0 ], [ 242072.0, 364092.0 ], [ 242070.0, 364092.0 ], [ 242070.0, 364088.0 ], [ 242068.0, 364088.0 ], [ 242068.0, 364086.0 ], [ 242066.0, 364086.0 ], [ 242066.0, 364084.0 ], [ 242064.0, 364084.0 ], [ 242064.0, 364082.0 ], [ 242062.0, 364082.0 ], [ 242062.0, 364080.0 ], [ 242064.0, 364080.0 ], [ 242064.0, 364078.0 ], [ 242062.0, 364078.0 ], [ 242062.0, 364076.0 ], [ 242058.0, 364076.0 ], [ 242058.0, 364074.0 ], [ 242056.0, 364074.0 ], [ 242056.0, 364072.0 ], [ 242054.0, 364072.0 ], [ 242054.0, 364070.0 ], [ 242052.0, 364070.0 ], [ 242052.0, 364068.0 ], [ 242048.0, 364068.0 ], [ 242048.0, 364066.0 ], [ 242046.0, 364066.0 ], [ 242046.0, 364064.0 ], [ 242044.0, 364064.0 ], [ 242044.0, 364062.0 ], [ 242040.0, 364062.0 ], [ 242040.0, 364060.0 ], [ 242038.0, 364060.0 ], [ 242038.0, 364058.0 ], [ 242034.0, 364058.0 ], [ 242034.0, 364056.0 ], [ 242032.0, 364056.0 ], [ 242032.0, 364054.0 ], [ 242028.0, 364054.0 ], [ 242028.0, 364052.0 ], [ 242024.0, 364052.0 ], [ 242024.0, 364050.0 ], [ 242022.0, 364050.0 ], [ 242022.0, 364048.0 ], [ 242016.0, 364048.0 ], [ 242016.0, 364046.0 ], [ 242014.0, 364046.0 ], [ 242014.0, 364050.0 ], [ 242012.0, 364050.0 ], [ 242012.0, 364052.0 ], [ 242010.0, 364052.0 ], [ 242010.0, 364054.0 ], [ 242004.0, 364054.0 ], [ 242004.0, 364052.0 ], [ 242002.0, 364052.0 ], [ 242002.0, 364050.0 ], [ 242000.0, 364050.0 ], [ 242000.0, 364046.0 ], [ 241996.0, 364046.0 ], [ 241996.0, 364044.0 ], [ 241994.0, 364044.0 ], [ 241994.0, 364048.0 ], [ 241996.0, 364048.0 ], [ 241996.0, 364050.0 ], [ 241998.0, 364050.0 ], [ 241998.0, 364052.0 ], [ 242000.0, 364052.0 ], [ 242000.0, 364054.0 ], [ 242002.0, 364054.0 ], [ 242002.0, 364060.0 ], [ 242000.0, 364060.0 ], [ 242000.0, 364064.0 ], [ 242002.0, 364064.0 ], [ 242002.0, 364066.0 ], [ 242004.0, 364066.0 ], [ 242004.0, 364068.0 ], [ 242006.0, 364068.0 ], [ 242006.0, 364070.0 ], [ 242008.0, 364070.0 ], [ 242008.0, 364072.0 ], [ 242010.0, 364072.0 ], [ 242010.0, 364078.0 ], [ 242012.0, 364078.0 ], [ 242012.0, 364080.0 ], [ 242014.0, 364080.0 ], [ 242014.0, 364082.0 ], [ 242016.0, 364082.0 ], [ 242016.0, 364084.0 ], [ 242018.0, 364084.0 ], [ 242018.0, 364088.0 ], [ 242020.0, 364088.0 ], [ 242020.0, 364094.0 ], [ 242018.0, 364094.0 ], [ 242018.0, 364096.0 ], [ 242016.0, 364096.0 ], [ 242016.0, 364098.0 ], [ 242014.0, 364098.0 ], [ 242014.0, 364096.0 ], [ 242010.0, 364096.0 ], [ 242010.0, 364098.0 ], [ 242012.0, 364098.0 ], [ 242012.0, 364100.0 ], [ 242018.0, 364100.0 ], [ 242018.0, 364102.0 ], [ 242020.0, 364102.0 ], [ 242020.0, 364104.0 ], [ 242022.0, 364104.0 ], [ 242022.0, 364108.0 ], [ 242024.0, 364108.0 ], [ 242024.0, 364110.0 ], [ 242026.0, 364110.0 ], [ 242026.0, 364112.0 ], [ 242028.0, 364112.0 ], [ 242028.0, 364114.0 ], [ 242026.0, 364114.0 ], [ 242026.0, 364118.0 ], [ 242028.0, 364118.0 ], [ 242028.0, 364120.0 ], [ 242026.0, 364120.0 ], [ 242026.0, 364122.0 ], [ 242024.0, 364122.0 ], [ 242024.0, 364124.0 ], [ 242022.0, 364124.0 ], [ 242022.0, 364122.0 ], [ 242018.0, 364122.0 ], [ 242018.0, 364124.0 ], [ 242014.0, 364124.0 ], [ 242014.0, 364122.0 ], [ 242012.0, 364122.0 ], [ 242012.0, 364120.0 ], [ 242010.0, 364120.0 ], [ 242010.0, 364118.0 ], [ 242012.0, 364118.0 ], [ 242012.0, 364116.0 ], [ 242010.0, 364116.0 ], [ 242010.0, 364114.0 ], [ 242008.0, 364114.0 ], [ 242008.0, 364112.0 ], [ 242006.0, 364112.0 ], [ 242006.0, 364114.0 ], [ 242002.0, 364114.0 ], [ 242002.0, 364112.0 ], [ 242000.0, 364112.0 ], [ 242000.0, 364110.0 ], [ 241998.0, 364110.0 ], [ 241998.0, 364108.0 ], [ 241996.0, 364108.0 ], [ 241996.0, 364106.0 ], [ 241990.0, 364106.0 ], [ 241990.0, 364104.0 ], [ 241988.0, 364104.0 ], [ 241988.0, 364106.0 ], [ 241976.0, 364106.0 ], [ 241976.0, 364104.0 ], [ 241972.0, 364104.0 ], [ 241972.0, 364102.0 ], [ 241966.0, 364102.0 ], [ 241966.0, 364100.0 ], [ 241962.0, 364100.0 ], [ 241962.0, 364098.0 ], [ 241960.0, 364098.0 ], [ 241960.0, 364096.0 ], [ 241958.0, 364096.0 ], [ 241958.0, 364094.0 ], [ 241956.0, 364094.0 ], [ 241956.0, 364092.0 ], [ 241958.0, 364092.0 ], [ 241958.0, 364090.0 ], [ 241960.0, 364090.0 ], [ 241960.0, 364088.0 ], [ 241962.0, 364088.0 ], [ 241962.0, 364090.0 ], [ 241966.0, 364090.0 ], [ 241966.0, 364092.0 ], [ 241976.0, 364092.0 ], [ 241976.0, 364090.0 ], [ 241978.0, 364090.0 ], [ 241978.0, 364088.0 ], [ 241980.0, 364088.0 ], [ 241980.0, 364086.0 ], [ 241978.0, 364086.0 ], [ 241978.0, 364084.0 ], [ 241976.0, 364084.0 ], [ 241976.0, 364080.0 ], [ 241972.0, 364080.0 ], [ 241972.0, 364078.0 ], [ 241970.0, 364078.0 ], [ 241970.0, 364076.0 ], [ 241968.0, 364076.0 ], [ 241968.0, 364074.0 ], [ 241966.0, 364074.0 ], [ 241966.0, 364070.0 ], [ 241964.0, 364070.0 ], [ 241964.0, 364066.0 ], [ 241966.0, 364066.0 ], [ 241966.0, 364058.0 ], [ 241964.0, 364058.0 ], [ 241964.0, 364056.0 ], [ 241960.0, 364056.0 ], [ 241960.0, 364058.0 ], [ 241958.0, 364058.0 ], [ 241958.0, 364056.0 ], [ 241956.0, 364056.0 ], [ 241956.0, 364054.0 ], [ 241954.0, 364054.0 ], [ 241954.0, 364044.0 ], [ 241952.0, 364044.0 ], [ 241952.0, 364042.0 ], [ 241950.0, 364042.0 ], [ 241950.0, 364038.0 ], [ 241948.0, 364038.0 ], [ 241948.0, 364028.0 ], [ 241950.0, 364028.0 ], [ 241950.0, 364026.0 ], [ 241952.0, 364026.0 ], [ 241952.0, 364020.0 ], [ 241954.0, 364020.0 ], [ 241954.0, 364016.0 ], [ 241952.0, 364016.0 ], [ 241952.0, 364014.0 ], [ 241950.0, 364014.0 ], [ 241950.0, 364008.0 ], [ 241948.0, 364008.0 ], [ 241948.0, 364010.0 ], [ 241942.0, 364010.0 ], [ 241942.0, 364012.0 ], [ 241940.0, 364012.0 ], [ 241940.0, 364014.0 ], [ 241938.0, 364014.0 ], [ 241938.0, 364012.0 ], [ 241936.0, 364012.0 ], [ 241936.0, 364010.0 ], [ 241934.0, 364010.0 ], [ 241934.0, 364006.0 ], [ 241932.0, 364006.0 ], [ 241932.0, 364004.0 ], [ 241930.0, 364004.0 ], [ 241930.0, 364002.0 ], [ 241928.0, 364002.0 ], [ 241928.0, 364004.0 ], [ 241922.0, 364004.0 ], [ 241922.0, 364002.0 ], [ 241920.0, 364002.0 ], [ 241920.0, 364000.0 ], [ 241918.0, 364000.0 ], [ 241918.0, 363998.0 ], [ 241914.0, 363998.0 ], [ 241914.0, 363996.0 ], [ 241912.0, 363996.0 ], [ 241912.0, 363994.0 ], [ 241910.0, 363994.0 ], [ 241910.0, 363992.0 ], [ 241908.0, 363992.0 ], [ 241908.0, 363990.0 ], [ 241906.0, 363990.0 ], [ 241906.0, 363984.0 ], [ 241904.0, 363984.0 ], [ 241904.0, 363982.0 ], [ 241902.0, 363982.0 ], [ 241902.0, 363980.0 ], [ 241900.0, 363980.0 ], [ 241900.0, 363976.0 ], [ 241898.0, 363976.0 ], [ 241898.0, 363974.0 ], [ 241896.0, 363974.0 ], [ 241896.0, 363970.0 ], [ 241894.0, 363970.0 ], [ 241894.0, 363968.0 ], [ 241892.0, 363968.0 ], [ 241892.0, 363966.0 ], [ 241890.0, 363966.0 ], [ 241890.0, 363964.0 ], [ 241888.0, 363964.0 ], [ 241888.0, 363962.0 ], [ 241886.0, 363962.0 ], [ 241886.0, 363960.0 ], [ 241884.0, 363960.0 ], [ 241884.0, 363958.0 ], [ 241886.0, 363958.0 ], [ 241886.0, 363956.0 ], [ 241888.0, 363956.0 ], [ 241888.0, 363952.0 ], [ 241890.0, 363952.0 ], [ 241890.0, 363950.0 ], [ 241892.0, 363950.0 ], [ 241892.0, 363948.0 ], [ 241898.0, 363948.0 ], [ 241898.0, 363946.0 ], [ 241900.0, 363946.0 ], [ 241900.0, 363944.0 ], [ 241898.0, 363944.0 ], [ 241898.0, 363942.0 ], [ 241896.0, 363942.0 ], [ 241896.0, 363938.0 ], [ 241892.0, 363938.0 ], [ 241892.0, 363940.0 ], [ 241890.0, 363940.0 ], [ 241890.0, 363942.0 ], [ 241888.0, 363942.0 ], [ 241888.0, 363940.0 ], [ 241886.0, 363940.0 ], [ 241886.0, 363938.0 ], [ 241882.0, 363938.0 ], [ 241882.0, 363936.0 ], [ 241880.0, 363936.0 ], [ 241880.0, 363934.0 ], [ 241878.0, 363934.0 ], [ 241878.0, 363932.0 ], [ 241876.0, 363932.0 ], [ 241876.0, 363928.0 ], [ 241874.0, 363928.0 ], [ 241874.0, 363926.0 ], [ 241872.0, 363926.0 ], [ 241872.0, 363922.0 ], [ 241870.0, 363922.0 ], [ 241870.0, 363914.0 ], [ 241872.0, 363914.0 ], [ 241872.0, 363912.0 ], [ 241874.0, 363912.0 ], [ 241874.0, 363904.0 ], [ 241872.0, 363904.0 ], [ 241872.0, 363894.0 ], [ 241870.0, 363894.0 ], [ 241870.0, 363890.0 ], [ 241868.0, 363890.0 ], [ 241868.0, 363886.0 ], [ 241866.0, 363886.0 ], [ 241866.0, 363884.0 ], [ 241864.0, 363884.0 ], [ 241864.0, 363882.0 ], [ 241862.0, 363882.0 ], [ 241862.0, 363880.0 ], [ 241858.0, 363880.0 ], [ 241858.0, 363878.0 ], [ 241856.0, 363878.0 ], [ 241856.0, 363880.0 ], [ 241854.0, 363880.0 ], [ 241854.0, 363878.0 ], [ 241848.0, 363878.0 ], [ 241848.0, 363876.0 ], [ 241846.0, 363876.0 ], [ 241846.0, 363874.0 ], [ 241844.0, 363874.0 ], [ 241844.0, 363872.0 ], [ 241842.0, 363872.0 ], [ 241842.0, 363870.0 ], [ 241840.0, 363870.0 ], [ 241840.0, 363868.0 ], [ 241834.0, 363868.0 ], [ 241834.0, 363872.0 ], [ 241836.0, 363872.0 ], [ 241836.0, 363878.0 ], [ 241838.0, 363878.0 ], [ 241838.0, 363880.0 ], [ 241840.0, 363880.0 ], [ 241840.0, 363884.0 ], [ 241838.0, 363884.0 ], [ 241838.0, 363888.0 ], [ 241836.0, 363888.0 ], [ 241836.0, 363890.0 ], [ 241838.0, 363890.0 ], [ 241838.0, 363892.0 ], [ 241840.0, 363892.0 ], [ 241840.0, 363894.0 ], [ 241842.0, 363894.0 ], [ 241842.0, 363896.0 ], [ 241840.0, 363896.0 ], [ 241840.0, 363898.0 ], [ 241838.0, 363898.0 ], [ 241838.0, 363900.0 ], [ 241836.0, 363900.0 ], [ 241836.0, 363898.0 ], [ 241834.0, 363898.0 ], [ 241834.0, 363896.0 ], [ 241832.0, 363896.0 ], [ 241832.0, 363894.0 ], [ 241834.0, 363894.0 ], [ 241834.0, 363892.0 ], [ 241832.0, 363892.0 ], [ 241832.0, 363890.0 ], [ 241830.0, 363890.0 ], [ 241830.0, 363888.0 ], [ 241828.0, 363888.0 ], [ 241828.0, 363886.0 ], [ 241826.0, 363886.0 ], [ 241826.0, 363880.0 ], [ 241824.0, 363880.0 ], [ 241824.0, 363878.0 ], [ 241822.0, 363878.0 ], [ 241822.0, 363876.0 ], [ 241820.0, 363876.0 ], [ 241820.0, 363874.0 ], [ 241818.0, 363874.0 ], [ 241818.0, 363872.0 ], [ 241816.0, 363872.0 ], [ 241816.0, 363868.0 ], [ 241814.0, 363868.0 ], [ 241814.0, 363864.0 ], [ 241812.0, 363864.0 ], [ 241812.0, 363862.0 ], [ 241808.0, 363862.0 ], [ 241808.0, 363860.0 ], [ 241806.0, 363860.0 ], [ 241806.0, 363858.0 ], [ 241802.0, 363858.0 ], [ 241802.0, 363856.0 ], [ 241800.0, 363856.0 ], [ 241800.0, 363854.0 ], [ 241798.0, 363854.0 ], [ 241798.0, 363852.0 ], [ 241796.0, 363852.0 ], [ 241796.0, 363848.0 ], [ 241794.0, 363848.0 ], [ 241794.0, 363842.0 ], [ 241792.0, 363842.0 ], [ 241792.0, 363838.0 ], [ 241790.0, 363838.0 ], [ 241790.0, 363836.0 ], [ 241788.0, 363836.0 ], [ 241788.0, 363834.0 ], [ 241782.0, 363834.0 ], [ 241782.0, 363832.0 ], [ 241780.0, 363832.0 ], [ 241780.0, 363830.0 ], [ 241778.0, 363830.0 ], [ 241778.0, 363826.0 ], [ 241776.0, 363826.0 ], [ 241776.0, 363824.0 ], [ 241770.0, 363824.0 ], [ 241770.0, 363822.0 ], [ 241768.0, 363822.0 ], [ 241768.0, 363820.0 ], [ 241766.0, 363820.0 ], [ 241766.0, 363818.0 ], [ 241764.0, 363818.0 ], [ 241764.0, 363816.0 ], [ 241762.0, 363816.0 ], [ 241762.0, 363814.0 ], [ 241760.0, 363814.0 ], [ 241760.0, 363812.0 ], [ 241758.0, 363812.0 ], [ 241758.0, 363810.0 ], [ 241760.0, 363810.0 ], [ 241760.0, 363808.0 ], [ 241762.0, 363808.0 ], [ 241762.0, 363806.0 ], [ 241760.0, 363806.0 ], [ 241760.0, 363802.0 ], [ 241756.0, 363802.0 ], [ 241756.0, 363804.0 ], [ 241746.0, 363804.0 ], [ 241746.0, 363802.0 ], [ 241744.0, 363802.0 ], [ 241744.0, 363800.0 ], [ 241742.0, 363800.0 ], [ 241742.0, 363798.0 ], [ 241740.0, 363798.0 ], [ 241740.0, 363796.0 ], [ 241738.0, 363796.0 ], [ 241738.0, 363798.0 ], [ 241736.0, 363798.0 ], [ 241736.0, 363796.0 ], [ 241734.0, 363796.0 ], [ 241734.0, 363794.0 ], [ 241718.0, 363794.0 ], [ 241718.0, 363796.0 ], [ 241702.0, 363796.0 ], [ 241702.0, 363798.0 ], [ 241692.0, 363798.0 ], [ 241692.0, 363800.0 ], [ 241682.0, 363800.0 ], [ 241682.0, 363802.0 ], [ 241674.0, 363802.0 ], [ 241674.0, 363804.0 ], [ 241666.0, 363804.0 ], [ 241666.0, 363806.0 ], [ 241660.0, 363806.0 ], [ 241660.0, 363808.0 ], [ 241654.0, 363808.0 ], [ 241654.0, 363810.0 ], [ 241648.0, 363810.0 ], [ 241648.0, 363812.0 ], [ 241644.0, 363812.0 ], [ 241644.0, 363814.0 ], [ 241638.0, 363814.0 ], [ 241638.0, 363816.0 ], [ 241634.0, 363816.0 ], [ 241634.0, 363818.0 ], [ 241628.0, 363818.0 ], [ 241628.0, 363820.0 ], [ 241622.0, 363820.0 ], [ 241622.0, 363822.0 ], [ 241614.0, 363822.0 ], [ 241614.0, 363824.0 ], [ 241606.0, 363824.0 ], [ 241606.0, 363826.0 ], [ 241600.0, 363826.0 ], [ 241600.0, 363828.0 ], [ 241594.0, 363828.0 ], [ 241594.0, 363830.0 ], [ 241588.0, 363830.0 ], [ 241588.0, 363832.0 ], [ 241584.0, 363832.0 ], [ 241584.0, 363834.0 ], [ 241578.0, 363834.0 ], [ 241578.0, 363836.0 ], [ 241574.0, 363836.0 ], [ 241574.0, 363838.0 ], [ 241568.0, 363838.0 ], [ 241568.0, 363840.0 ], [ 241564.0, 363840.0 ], [ 241564.0, 363842.0 ], [ 241566.0, 363842.0 ], [ 241566.0, 363846.0 ], [ 241572.0, 363846.0 ], [ 241572.0, 363848.0 ], [ 241574.0, 363848.0 ], [ 241574.0, 363850.0 ], [ 241576.0, 363850.0 ], [ 241576.0, 363852.0 ], [ 241578.0, 363852.0 ], [ 241578.0, 363854.0 ], [ 241576.0, 363854.0 ], [ 241576.0, 363856.0 ], [ 241574.0, 363856.0 ], [ 241574.0, 363858.0 ], [ 241570.0, 363858.0 ], [ 241570.0, 363856.0 ], [ 241560.0, 363856.0 ], [ 241560.0, 363858.0 ], [ 241558.0, 363858.0 ], [ 241558.0, 363860.0 ], [ 241556.0, 363860.0 ], [ 241556.0, 363864.0 ], [ 241554.0, 363864.0 ], [ 241554.0, 363866.0 ], [ 241552.0, 363866.0 ], [ 241552.0, 363874.0 ], [ 241550.0, 363874.0 ], [ 241550.0, 363876.0 ], [ 241548.0, 363876.0 ], [ 241548.0, 363878.0 ], [ 241540.0, 363878.0 ], [ 241540.0, 363880.0 ], [ 241536.0, 363880.0 ], [ 241536.0, 363878.0 ], [ 241530.0, 363878.0 ], [ 241530.0, 363876.0 ], [ 241528.0, 363876.0 ], [ 241528.0, 363874.0 ], [ 241526.0, 363874.0 ], [ 241526.0, 363870.0 ], [ 241524.0, 363870.0 ], [ 241524.0, 363872.0 ], [ 241522.0, 363872.0 ], [ 241522.0, 363874.0 ], [ 241520.0, 363874.0 ], [ 241520.0, 363876.0 ], [ 241518.0, 363876.0 ], [ 241518.0, 363874.0 ], [ 241516.0, 363874.0 ], [ 241516.0, 363872.0 ], [ 241514.0, 363872.0 ], [ 241514.0, 363874.0 ], [ 241512.0, 363874.0 ], [ 241512.0, 363878.0 ], [ 241514.0, 363878.0 ], [ 241514.0, 363880.0 ], [ 241516.0, 363880.0 ], [ 241516.0, 363882.0 ], [ 241518.0, 363882.0 ], [ 241518.0, 363884.0 ], [ 241516.0, 363884.0 ], [ 241516.0, 363886.0 ], [ 241514.0, 363886.0 ], [ 241514.0, 363890.0 ], [ 241512.0, 363890.0 ], [ 241512.0, 363892.0 ], [ 241510.0, 363892.0 ], [ 241510.0, 363894.0 ], [ 241506.0, 363894.0 ], [ 241506.0, 363896.0 ], [ 241504.0, 363896.0 ], [ 241504.0, 363898.0 ], [ 241506.0, 363898.0 ], [ 241506.0, 363900.0 ], [ 241504.0, 363900.0 ], [ 241504.0, 363904.0 ], [ 241506.0, 363904.0 ], [ 241506.0, 363906.0 ], [ 241508.0, 363906.0 ], [ 241508.0, 363908.0 ], [ 241510.0, 363908.0 ], [ 241510.0, 363910.0 ], [ 241512.0, 363910.0 ], [ 241512.0, 363912.0 ], [ 241514.0, 363912.0 ], [ 241514.0, 363916.0 ], [ 241516.0, 363916.0 ], [ 241516.0, 363920.0 ], [ 241514.0, 363920.0 ], [ 241514.0, 363922.0 ], [ 241512.0, 363922.0 ], [ 241512.0, 363924.0 ], [ 241508.0, 363924.0 ], [ 241508.0, 363928.0 ], [ 241510.0, 363928.0 ], [ 241510.0, 363930.0 ], [ 241508.0, 363930.0 ], [ 241508.0, 363936.0 ], [ 241510.0, 363936.0 ], [ 241510.0, 363938.0 ], [ 241512.0, 363938.0 ], [ 241512.0, 363940.0 ], [ 241514.0, 363940.0 ], [ 241514.0, 363942.0 ], [ 241516.0, 363942.0 ], [ 241516.0, 363944.0 ], [ 241518.0, 363944.0 ], [ 241518.0, 363946.0 ], [ 241520.0, 363946.0 ], [ 241520.0, 363948.0 ], [ 241522.0, 363948.0 ], [ 241522.0, 363950.0 ], [ 241524.0, 363950.0 ], [ 241524.0, 363956.0 ], [ 241522.0, 363956.0 ], [ 241522.0, 363960.0 ], [ 241524.0, 363960.0 ], [ 241524.0, 363962.0 ], [ 241526.0, 363962.0 ], [ 241526.0, 363964.0 ], [ 241524.0, 363964.0 ], [ 241524.0, 363966.0 ], [ 241522.0, 363966.0 ], [ 241522.0, 363968.0 ], [ 241518.0, 363968.0 ], [ 241518.0, 363970.0 ], [ 241516.0, 363970.0 ], [ 241516.0, 363968.0 ], [ 241512.0, 363968.0 ], [ 241512.0, 363966.0 ], [ 241504.0, 363966.0 ], [ 241504.0, 363964.0 ], [ 241498.0, 363964.0 ], [ 241498.0, 363966.0 ], [ 241496.0, 363966.0 ], [ 241496.0, 363964.0 ], [ 241494.0, 363964.0 ], [ 241494.0, 363962.0 ], [ 241492.0, 363962.0 ], [ 241492.0, 363960.0 ], [ 241490.0, 363960.0 ], [ 241490.0, 363958.0 ], [ 241488.0, 363958.0 ], [ 241488.0, 363954.0 ], [ 241490.0, 363954.0 ], [ 241490.0, 363952.0 ], [ 241488.0, 363952.0 ], [ 241488.0, 363950.0 ], [ 241486.0, 363950.0 ], [ 241486.0, 363948.0 ], [ 241484.0, 363948.0 ], [ 241484.0, 363946.0 ], [ 241482.0, 363946.0 ], [ 241482.0, 363944.0 ], [ 241480.0, 363944.0 ], [ 241480.0, 363942.0 ], [ 241478.0, 363942.0 ], [ 241478.0, 363946.0 ], [ 241476.0, 363946.0 ], [ 241476.0, 363948.0 ], [ 241474.0, 363948.0 ], [ 241474.0, 363950.0 ], [ 241472.0, 363950.0 ], [ 241472.0, 363948.0 ], [ 241464.0, 363948.0 ], [ 241464.0, 363946.0 ], [ 241462.0, 363946.0 ], [ 241462.0, 363944.0 ], [ 241458.0, 363944.0 ], [ 241458.0, 363942.0 ], [ 241456.0, 363942.0 ], [ 241456.0, 363940.0 ], [ 241454.0, 363940.0 ], [ 241454.0, 363938.0 ], [ 241452.0, 363938.0 ], [ 241452.0, 363936.0 ], [ 241448.0, 363936.0 ], [ 241448.0, 363938.0 ], [ 241446.0, 363938.0 ], [ 241446.0, 363942.0 ], [ 241444.0, 363942.0 ], [ 241444.0, 363944.0 ], [ 241442.0, 363944.0 ], [ 241442.0, 363948.0 ], [ 241440.0, 363948.0 ], [ 241440.0, 363950.0 ], [ 241438.0, 363950.0 ], [ 241438.0, 363954.0 ], [ 241436.0, 363954.0 ], [ 241436.0, 363956.0 ], [ 241434.0, 363956.0 ], [ 241434.0, 363960.0 ], [ 241432.0, 363960.0 ], [ 241432.0, 363964.0 ], [ 241430.0, 363964.0 ], [ 241430.0, 363968.0 ], [ 241428.0, 363968.0 ], [ 241428.0, 363970.0 ], [ 241426.0, 363970.0 ], [ 241426.0, 363974.0 ], [ 241424.0, 363974.0 ], [ 241424.0, 363980.0 ], [ 241422.0, 363980.0 ], [ 241422.0, 363982.0 ], [ 241420.0, 363982.0 ], [ 241420.0, 363986.0 ], [ 241424.0, 363986.0 ], [ 241424.0, 363988.0 ], [ 241428.0, 363988.0 ], [ 241428.0, 363990.0 ], [ 241434.0, 363990.0 ], [ 241434.0, 363992.0 ], [ 241438.0, 363992.0 ], [ 241438.0, 363990.0 ], [ 241444.0, 363990.0 ], [ 241444.0, 363992.0 ], [ 241446.0, 363992.0 ], [ 241446.0, 363994.0 ], [ 241448.0, 363994.0 ], [ 241448.0, 363996.0 ], [ 241446.0, 363996.0 ], [ 241446.0, 363998.0 ], [ 241444.0, 363998.0 ], [ 241444.0, 364000.0 ], [ 241442.0, 364000.0 ], [ 241442.0, 364002.0 ], [ 241440.0, 364002.0 ], [ 241440.0, 364004.0 ], [ 241438.0, 364004.0 ], [ 241438.0, 364006.0 ], [ 241434.0, 364006.0 ], [ 241434.0, 364012.0 ], [ 241438.0, 364012.0 ], [ 241438.0, 364014.0 ], [ 241440.0, 364014.0 ], [ 241440.0, 364016.0 ], [ 241442.0, 364016.0 ], [ 241442.0, 364018.0 ], [ 241444.0, 364018.0 ], [ 241444.0, 364020.0 ], [ 241446.0, 364020.0 ], [ 241446.0, 364024.0 ], [ 241444.0, 364024.0 ], [ 241444.0, 364026.0 ], [ 241446.0, 364026.0 ], [ 241446.0, 364028.0 ], [ 241448.0, 364028.0 ], [ 241448.0, 364030.0 ], [ 241446.0, 364030.0 ], [ 241446.0, 364032.0 ], [ 241444.0, 364032.0 ], [ 241444.0, 364034.0 ], [ 241442.0, 364034.0 ], [ 241442.0, 364038.0 ], [ 241444.0, 364038.0 ], [ 241444.0, 364042.0 ], [ 241442.0, 364042.0 ], [ 241442.0, 364044.0 ], [ 241444.0, 364044.0 ], [ 241444.0, 364046.0 ], [ 241446.0, 364046.0 ], [ 241446.0, 364048.0 ], [ 241448.0, 364048.0 ], [ 241448.0, 364050.0 ], [ 241450.0, 364050.0 ], [ 241450.0, 364048.0 ], [ 241458.0, 364048.0 ], [ 241458.0, 364046.0 ], [ 241460.0, 364046.0 ], [ 241460.0, 364044.0 ], [ 241462.0, 364044.0 ], [ 241462.0, 364042.0 ], [ 241464.0, 364042.0 ], [ 241464.0, 364044.0 ], [ 241466.0, 364044.0 ], [ 241466.0, 364046.0 ], [ 241468.0, 364046.0 ], [ 241468.0, 364048.0 ], [ 241470.0, 364048.0 ], [ 241470.0, 364050.0 ], [ 241472.0, 364050.0 ], [ 241472.0, 364052.0 ], [ 241470.0, 364052.0 ], [ 241470.0, 364054.0 ], [ 241468.0, 364054.0 ], [ 241468.0, 364056.0 ], [ 241470.0, 364056.0 ], [ 241470.0, 364062.0 ], [ 241468.0, 364062.0 ], [ 241468.0, 364068.0 ], [ 241470.0, 364068.0 ], [ 241470.0, 364072.0 ], [ 241472.0, 364072.0 ], [ 241472.0, 364078.0 ], [ 241474.0, 364078.0 ], [ 241474.0, 364076.0 ], [ 241476.0, 364076.0 ], [ 241476.0, 364078.0 ], [ 241478.0, 364078.0 ], [ 241478.0, 364080.0 ], [ 241480.0, 364080.0 ], [ 241480.0, 364082.0 ], [ 241482.0, 364082.0 ], [ 241482.0, 364084.0 ], [ 241486.0, 364084.0 ], [ 241486.0, 364086.0 ], [ 241490.0, 364086.0 ], [ 241490.0, 364088.0 ], [ 241496.0, 364088.0 ], [ 241496.0, 364090.0 ], [ 241498.0, 364090.0 ], [ 241498.0, 364092.0 ], [ 241504.0, 364092.0 ], [ 241504.0, 364090.0 ], [ 241510.0, 364090.0 ], [ 241510.0, 364088.0 ], [ 241508.0, 364088.0 ], [ 241508.0, 364084.0 ], [ 241506.0, 364084.0 ], [ 241506.0, 364080.0 ], [ 241504.0, 364080.0 ], [ 241504.0, 364078.0 ], [ 241502.0, 364078.0 ], [ 241502.0, 364076.0 ], [ 241500.0, 364076.0 ], [ 241500.0, 364074.0 ], [ 241498.0, 364074.0 ], [ 241498.0, 364072.0 ], [ 241496.0, 364072.0 ], [ 241496.0, 364070.0 ], [ 241494.0, 364070.0 ], [ 241494.0, 364068.0 ], [ 241492.0, 364068.0 ], [ 241492.0, 364066.0 ], [ 241490.0, 364066.0 ], [ 241490.0, 364064.0 ], [ 241488.0, 364064.0 ], [ 241488.0, 364062.0 ], [ 241486.0, 364062.0 ], [ 241486.0, 364058.0 ], [ 241484.0, 364058.0 ], [ 241484.0, 364056.0 ], [ 241486.0, 364056.0 ], [ 241486.0, 364054.0 ], [ 241488.0, 364054.0 ], [ 241488.0, 364052.0 ], [ 241490.0, 364052.0 ], [ 241490.0, 364050.0 ], [ 241488.0, 364050.0 ], [ 241488.0, 364048.0 ], [ 241486.0, 364048.0 ], [ 241486.0, 364046.0 ], [ 241484.0, 364046.0 ], [ 241484.0, 364044.0 ], [ 241480.0, 364044.0 ], [ 241480.0, 364042.0 ], [ 241478.0, 364042.0 ], [ 241478.0, 364040.0 ], [ 241476.0, 364040.0 ], [ 241476.0, 364038.0 ], [ 241474.0, 364038.0 ], [ 241474.0, 364032.0 ], [ 241472.0, 364032.0 ], [ 241472.0, 364030.0 ], [ 241474.0, 364030.0 ], [ 241474.0, 364028.0 ], [ 241476.0, 364028.0 ], [ 241476.0, 364026.0 ], [ 241480.0, 364026.0 ], [ 241480.0, 364024.0 ], [ 241482.0, 364024.0 ], [ 241482.0, 364022.0 ], [ 241490.0, 364022.0 ], [ 241490.0, 364024.0 ], [ 241492.0, 364024.0 ], [ 241492.0, 364026.0 ], [ 241494.0, 364026.0 ], [ 241494.0, 364030.0 ], [ 241496.0, 364030.0 ], [ 241496.0, 364032.0 ], [ 241498.0, 364032.0 ], [ 241498.0, 364030.0 ], [ 241500.0, 364030.0 ], [ 241500.0, 364028.0 ], [ 241498.0, 364028.0 ], [ 241498.0, 364026.0 ], [ 241500.0, 364026.0 ], [ 241500.0, 364024.0 ], [ 241502.0, 364024.0 ], [ 241502.0, 364022.0 ], [ 241504.0, 364022.0 ], [ 241504.0, 364024.0 ], [ 241506.0, 364024.0 ], [ 241506.0, 364026.0 ], [ 241508.0, 364026.0 ], [ 241508.0, 364028.0 ], [ 241506.0, 364028.0 ], [ 241506.0, 364030.0 ], [ 241508.0, 364030.0 ], [ 241508.0, 364032.0 ], [ 241510.0, 364032.0 ], [ 241510.0, 364036.0 ], [ 241508.0, 364036.0 ], [ 241508.0, 364038.0 ], [ 241510.0, 364038.0 ], [ 241510.0, 364042.0 ], [ 241508.0, 364042.0 ], [ 241508.0, 364050.0 ], [ 241510.0, 364050.0 ], [ 241510.0, 364048.0 ], [ 241512.0, 364048.0 ], [ 241512.0, 364046.0 ], [ 241514.0, 364046.0 ], [ 241514.0, 364044.0 ], [ 241516.0, 364044.0 ], [ 241516.0, 364042.0 ], [ 241518.0, 364042.0 ], [ 241518.0, 364040.0 ], [ 241520.0, 364040.0 ], [ 241520.0, 364038.0 ], [ 241522.0, 364038.0 ], [ 241522.0, 364036.0 ], [ 241526.0, 364036.0 ], [ 241526.0, 364034.0 ], [ 241528.0, 364034.0 ], [ 241528.0, 364032.0 ], [ 241530.0, 364032.0 ], [ 241530.0, 364026.0 ], [ 241528.0, 364026.0 ], [ 241528.0, 364024.0 ], [ 241526.0, 364024.0 ], [ 241526.0, 364020.0 ], [ 241528.0, 364020.0 ], [ 241528.0, 364012.0 ], [ 241526.0, 364012.0 ], [ 241526.0, 364010.0 ], [ 241524.0, 364010.0 ], [ 241524.0, 364008.0 ], [ 241520.0, 364008.0 ], [ 241520.0, 364006.0 ], [ 241518.0, 364006.0 ], [ 241518.0, 364004.0 ], [ 241516.0, 364004.0 ], [ 241516.0, 364002.0 ], [ 241514.0, 364002.0 ], [ 241514.0, 364000.0 ], [ 241512.0, 364000.0 ], [ 241512.0, 363998.0 ], [ 241510.0, 363998.0 ], [ 241510.0, 363996.0 ], [ 241512.0, 363996.0 ], [ 241512.0, 363994.0 ], [ 241514.0, 363994.0 ], [ 241514.0, 363992.0 ], [ 241518.0, 363992.0 ], [ 241518.0, 363994.0 ], [ 241520.0, 363994.0 ], [ 241520.0, 363996.0 ], [ 241522.0, 363996.0 ], [ 241522.0, 364000.0 ], [ 241526.0, 364000.0 ], [ 241526.0, 364002.0 ], [ 241528.0, 364002.0 ], [ 241528.0, 364004.0 ], [ 241536.0, 364004.0 ], [ 241536.0, 364006.0 ], [ 241538.0, 364006.0 ], [ 241538.0, 364004.0 ], [ 241540.0, 364004.0 ], [ 241540.0, 364002.0 ], [ 241542.0, 364002.0 ], [ 241542.0, 364004.0 ], [ 241544.0, 364004.0 ], [ 241544.0, 364002.0 ], [ 241546.0, 364002.0 ], [ 241546.0, 364000.0 ], [ 241554.0, 364000.0 ], [ 241554.0, 364002.0 ], [ 241556.0, 364002.0 ], [ 241556.0, 364004.0 ], [ 241558.0, 364004.0 ], [ 241558.0, 364006.0 ], [ 241560.0, 364006.0 ], [ 241560.0, 364008.0 ], [ 241558.0, 364008.0 ], [ 241558.0, 364010.0 ], [ 241556.0, 364010.0 ], [ 241556.0, 364012.0 ], [ 241548.0, 364012.0 ], [ 241548.0, 364010.0 ], [ 241544.0, 364010.0 ], [ 241544.0, 364014.0 ], [ 241546.0, 364014.0 ], [ 241546.0, 364018.0 ], [ 241548.0, 364018.0 ], [ 241548.0, 364022.0 ], [ 241556.0, 364022.0 ], [ 241556.0, 364024.0 ], [ 241558.0, 364024.0 ], [ 241558.0, 364026.0 ], [ 241560.0, 364026.0 ], [ 241560.0, 364028.0 ], [ 241562.0, 364028.0 ], [ 241562.0, 364032.0 ], [ 241564.0, 364032.0 ], [ 241564.0, 364030.0 ], [ 241566.0, 364030.0 ], [ 241566.0, 364032.0 ], [ 241568.0, 364032.0 ], [ 241568.0, 364024.0 ], [ 241566.0, 364024.0 ], [ 241566.0, 364022.0 ], [ 241568.0, 364022.0 ], [ 241568.0, 364020.0 ], [ 241570.0, 364020.0 ], [ 241570.0, 364018.0 ], [ 241572.0, 364018.0 ], [ 241572.0, 364016.0 ], [ 241574.0, 364016.0 ], [ 241574.0, 364018.0 ], [ 241576.0, 364018.0 ], [ 241576.0, 364020.0 ], [ 241578.0, 364020.0 ], [ 241578.0, 364018.0 ], [ 241580.0, 364018.0 ], [ 241580.0, 364016.0 ], [ 241582.0, 364016.0 ], [ 241582.0, 364018.0 ], [ 241584.0, 364018.0 ], [ 241584.0, 364020.0 ], [ 241588.0, 364020.0 ], [ 241588.0, 364018.0 ], [ 241590.0, 364018.0 ], [ 241590.0, 364020.0 ], [ 241592.0, 364020.0 ], [ 241592.0, 364022.0 ], [ 241594.0, 364022.0 ], [ 241594.0, 364026.0 ], [ 241596.0, 364026.0 ], [ 241596.0, 364030.0 ], [ 241598.0, 364030.0 ], [ 241598.0, 364034.0 ], [ 241600.0, 364034.0 ], [ 241600.0, 364036.0 ], [ 241602.0, 364036.0 ], [ 241602.0, 364038.0 ], [ 241604.0, 364038.0 ], [ 241604.0, 364042.0 ], [ 241606.0, 364042.0 ], [ 241606.0, 364044.0 ], [ 241604.0, 364044.0 ], [ 241604.0, 364046.0 ], [ 241602.0, 364046.0 ], [ 241602.0, 364050.0 ], [ 241600.0, 364050.0 ], [ 241600.0, 364054.0 ], [ 241602.0, 364054.0 ], [ 241602.0, 364056.0 ], [ 241600.0, 364056.0 ], [ 241600.0, 364058.0 ], [ 241604.0, 364058.0 ], [ 241604.0, 364060.0 ], [ 241606.0, 364060.0 ], [ 241606.0, 364062.0 ], [ 241608.0, 364062.0 ], [ 241608.0, 364064.0 ], [ 241610.0, 364064.0 ], [ 241610.0, 364074.0 ], [ 241612.0, 364074.0 ], [ 241612.0, 364076.0 ], [ 241614.0, 364076.0 ], [ 241614.0, 364078.0 ], [ 241616.0, 364078.0 ], [ 241616.0, 364082.0 ], [ 241620.0, 364082.0 ], [ 241620.0, 364084.0 ], [ 241622.0, 364084.0 ], [ 241622.0, 364086.0 ], [ 241626.0, 364086.0 ], [ 241626.0, 364088.0 ], [ 241628.0, 364088.0 ], [ 241628.0, 364090.0 ], [ 241630.0, 364090.0 ], [ 241630.0, 364092.0 ], [ 241632.0, 364092.0 ], [ 241632.0, 364094.0 ], [ 241634.0, 364094.0 ], [ 241634.0, 364096.0 ], [ 241638.0, 364096.0 ], [ 241638.0, 364098.0 ], [ 241640.0, 364098.0 ], [ 241640.0, 364100.0 ], [ 241642.0, 364100.0 ], [ 241642.0, 364102.0 ], [ 241644.0, 364102.0 ], [ 241644.0, 364104.0 ], [ 241646.0, 364104.0 ], [ 241646.0, 364106.0 ], [ 241648.0, 364106.0 ], [ 241648.0, 364110.0 ], [ 241650.0, 364110.0 ], [ 241650.0, 364112.0 ], [ 241654.0, 364112.0 ], [ 241654.0, 364114.0 ], [ 241656.0, 364114.0 ], [ 241656.0, 364116.0 ], [ 241658.0, 364116.0 ], [ 241658.0, 364120.0 ], [ 241664.0, 364120.0 ], [ 241664.0, 364116.0 ], [ 241662.0, 364116.0 ], [ 241662.0, 364112.0 ], [ 241660.0, 364112.0 ], [ 241660.0, 364110.0 ], [ 241658.0, 364110.0 ], [ 241658.0, 364106.0 ], [ 241656.0, 364106.0 ], [ 241656.0, 364104.0 ], [ 241654.0, 364104.0 ], [ 241654.0, 364102.0 ], [ 241652.0, 364102.0 ], [ 241652.0, 364098.0 ], [ 241650.0, 364098.0 ], [ 241650.0, 364096.0 ], [ 241648.0, 364096.0 ], [ 241648.0, 364092.0 ], [ 241646.0, 364092.0 ], [ 241646.0, 364090.0 ], [ 241644.0, 364090.0 ], [ 241644.0, 364088.0 ], [ 241642.0, 364088.0 ], [ 241642.0, 364086.0 ], [ 241640.0, 364086.0 ], [ 241640.0, 364082.0 ], [ 241638.0, 364082.0 ], [ 241638.0, 364080.0 ], [ 241636.0, 364080.0 ], [ 241636.0, 364078.0 ], [ 241634.0, 364078.0 ], [ 241634.0, 364076.0 ], [ 241632.0, 364076.0 ], [ 241632.0, 364072.0 ], [ 241630.0, 364072.0 ], [ 241630.0, 364070.0 ], [ 241632.0, 364070.0 ], [ 241632.0, 364068.0 ], [ 241630.0, 364068.0 ], [ 241630.0, 364066.0 ], [ 241628.0, 364066.0 ], [ 241628.0, 364064.0 ], [ 241626.0, 364064.0 ], [ 241626.0, 364062.0 ], [ 241624.0, 364062.0 ], [ 241624.0, 364054.0 ], [ 241626.0, 364054.0 ], [ 241626.0, 364052.0 ], [ 241624.0, 364052.0 ], [ 241624.0, 364048.0 ], [ 241622.0, 364048.0 ], [ 241622.0, 364046.0 ], [ 241624.0, 364046.0 ], [ 241624.0, 364044.0 ], [ 241626.0, 364044.0 ], [ 241626.0, 364042.0 ], [ 241628.0, 364042.0 ], [ 241628.0, 364044.0 ], [ 241630.0, 364044.0 ], [ 241630.0, 364046.0 ], [ 241634.0, 364046.0 ], [ 241634.0, 364048.0 ], [ 241636.0, 364048.0 ], [ 241636.0, 364050.0 ], [ 241638.0, 364050.0 ], [ 241638.0, 364056.0 ], [ 241640.0, 364056.0 ], [ 241640.0, 364060.0 ], [ 241642.0, 364060.0 ], [ 241642.0, 364062.0 ], [ 241650.0, 364062.0 ], [ 241650.0, 364064.0 ], [ 241654.0, 364064.0 ], [ 241654.0, 364066.0 ], [ 241656.0, 364066.0 ], [ 241656.0, 364068.0 ], [ 241658.0, 364068.0 ], [ 241658.0, 364072.0 ], [ 241660.0, 364072.0 ], [ 241660.0, 364074.0 ], [ 241662.0, 364074.0 ], [ 241662.0, 364076.0 ], [ 241664.0, 364076.0 ], [ 241664.0, 364078.0 ], [ 241666.0, 364078.0 ], [ 241666.0, 364082.0 ], [ 241670.0, 364082.0 ], [ 241670.0, 364084.0 ], [ 241672.0, 364084.0 ], [ 241672.0, 364086.0 ], [ 241674.0, 364086.0 ], [ 241674.0, 364090.0 ], [ 241676.0, 364090.0 ], [ 241676.0, 364094.0 ], [ 241680.0, 364094.0 ], [ 241680.0, 364096.0 ], [ 241682.0, 364096.0 ], [ 241682.0, 364098.0 ], [ 241684.0, 364098.0 ], [ 241684.0, 364100.0 ], [ 241686.0, 364100.0 ], [ 241686.0, 364102.0 ], [ 241684.0, 364102.0 ], [ 241684.0, 364104.0 ], [ 241686.0, 364104.0 ], [ 241686.0, 364108.0 ], [ 241688.0, 364108.0 ], [ 241688.0, 364110.0 ], [ 241690.0, 364110.0 ], [ 241690.0, 364112.0 ], [ 241692.0, 364112.0 ], [ 241692.0, 364114.0 ], [ 241694.0, 364114.0 ], [ 241694.0, 364116.0 ], [ 241696.0, 364116.0 ], [ 241696.0, 364118.0 ], [ 241700.0, 364118.0 ], [ 241700.0, 364114.0 ], [ 241702.0, 364114.0 ], [ 241702.0, 364112.0 ], [ 241704.0, 364112.0 ], [ 241704.0, 364110.0 ], [ 241702.0, 364110.0 ], [ 241702.0, 364108.0 ], [ 241700.0, 364108.0 ], [ 241700.0, 364102.0 ], [ 241702.0, 364102.0 ], [ 241702.0, 364100.0 ], [ 241704.0, 364100.0 ], [ 241704.0, 364098.0 ], [ 241708.0, 364098.0 ], [ 241708.0, 364096.0 ], [ 241706.0, 364096.0 ], [ 241706.0, 364086.0 ], [ 241708.0, 364086.0 ], [ 241708.0, 364082.0 ], [ 241710.0, 364082.0 ], [ 241710.0, 364080.0 ], [ 241712.0, 364080.0 ], [ 241712.0, 364078.0 ], [ 241714.0, 364078.0 ], [ 241714.0, 364076.0 ], [ 241716.0, 364076.0 ], [ 241716.0, 364078.0 ], [ 241718.0, 364078.0 ], [ 241718.0, 364080.0 ], [ 241720.0, 364080.0 ], [ 241720.0, 364082.0 ], [ 241722.0, 364082.0 ], [ 241722.0, 364084.0 ], [ 241724.0, 364084.0 ], [ 241724.0, 364086.0 ], [ 241726.0, 364086.0 ], [ 241726.0, 364092.0 ], [ 241730.0, 364092.0 ], [ 241730.0, 364090.0 ], [ 241732.0, 364090.0 ], [ 241732.0, 364088.0 ], [ 241734.0, 364088.0 ], [ 241734.0, 364090.0 ], [ 241736.0, 364090.0 ], [ 241736.0, 364088.0 ], [ 241738.0, 364088.0 ], [ 241738.0, 364086.0 ], [ 241740.0, 364086.0 ], [ 241740.0, 364088.0 ], [ 241742.0, 364088.0 ], [ 241742.0, 364090.0 ], [ 241744.0, 364090.0 ], [ 241744.0, 364092.0 ], [ 241742.0, 364092.0 ], [ 241742.0, 364094.0 ], [ 241740.0, 364094.0 ], [ 241740.0, 364096.0 ], [ 241738.0, 364096.0 ], [ 241738.0, 364098.0 ], [ 241736.0, 364098.0 ], [ 241736.0, 364100.0 ], [ 241740.0, 364100.0 ], [ 241740.0, 364102.0 ], [ 241742.0, 364102.0 ], [ 241742.0, 364100.0 ], [ 241746.0, 364100.0 ], [ 241746.0, 364102.0 ], [ 241748.0, 364102.0 ], [ 241748.0, 364104.0 ], [ 241750.0, 364104.0 ], [ 241750.0, 364106.0 ], [ 241748.0, 364106.0 ], [ 241748.0, 364108.0 ], [ 241746.0, 364108.0 ], [ 241746.0, 364110.0 ], [ 241744.0, 364110.0 ], [ 241744.0, 364112.0 ], [ 241742.0, 364112.0 ], [ 241742.0, 364114.0 ], [ 241740.0, 364114.0 ], [ 241740.0, 364116.0 ], [ 241744.0, 364116.0 ], [ 241744.0, 364118.0 ], [ 241746.0, 364118.0 ], [ 241746.0, 364120.0 ], [ 241748.0, 364120.0 ], [ 241748.0, 364122.0 ], [ 241750.0, 364122.0 ], [ 241750.0, 364124.0 ], [ 241748.0, 364124.0 ], [ 241748.0, 364126.0 ], [ 241746.0, 364126.0 ], [ 241746.0, 364128.0 ], [ 241738.0, 364128.0 ], [ 241738.0, 364130.0 ], [ 241736.0, 364130.0 ], [ 241736.0, 364134.0 ], [ 241734.0, 364134.0 ], [ 241734.0, 364136.0 ], [ 241732.0, 364136.0 ], [ 241732.0, 364140.0 ], [ 241730.0, 364140.0 ], [ 241730.0, 364142.0 ], [ 241736.0, 364142.0 ], [ 241736.0, 364144.0 ], [ 241740.0, 364144.0 ], [ 241740.0, 364142.0 ], [ 241742.0, 364142.0 ], [ 241742.0, 364140.0 ], [ 241748.0, 364140.0 ], [ 241748.0, 364142.0 ], [ 241750.0, 364142.0 ], [ 241750.0, 364144.0 ], [ 241752.0, 364144.0 ], [ 241752.0, 364146.0 ], [ 241754.0, 364146.0 ], [ 241754.0, 364152.0 ], [ 241758.0, 364152.0 ], [ 241758.0, 364154.0 ], [ 241762.0, 364154.0 ], [ 241762.0, 364156.0 ], [ 241764.0, 364156.0 ], [ 241764.0, 364158.0 ], [ 241768.0, 364158.0 ], [ 241768.0, 364156.0 ], [ 241766.0, 364156.0 ], [ 241766.0, 364152.0 ], [ 241764.0, 364152.0 ], [ 241764.0, 364150.0 ], [ 241762.0, 364150.0 ], [ 241762.0, 364148.0 ], [ 241760.0, 364148.0 ], [ 241760.0, 364146.0 ], [ 241756.0, 364146.0 ], [ 241756.0, 364144.0 ], [ 241754.0, 364144.0 ], [ 241754.0, 364142.0 ], [ 241752.0, 364142.0 ], [ 241752.0, 364140.0 ], [ 241754.0, 364140.0 ], [ 241754.0, 364138.0 ], [ 241756.0, 364138.0 ], [ 241756.0, 364136.0 ], [ 241770.0, 364136.0 ], [ 241770.0, 364138.0 ], [ 241774.0, 364138.0 ], [ 241774.0, 364136.0 ], [ 241776.0, 364136.0 ], [ 241776.0, 364138.0 ], [ 241778.0, 364138.0 ], [ 241778.0, 364136.0 ], [ 241780.0, 364136.0 ], [ 241780.0, 364130.0 ], [ 241778.0, 364130.0 ], [ 241778.0, 364128.0 ], [ 241776.0, 364128.0 ], [ 241776.0, 364122.0 ], [ 241774.0, 364122.0 ], [ 241774.0, 364120.0 ], [ 241772.0, 364120.0 ], [ 241772.0, 364118.0 ], [ 241768.0, 364118.0 ], [ 241768.0, 364116.0 ], [ 241766.0, 364116.0 ], [ 241766.0, 364114.0 ], [ 241764.0, 364114.0 ], [ 241764.0, 364110.0 ], [ 241762.0, 364110.0 ], [ 241762.0, 364108.0 ], [ 241764.0, 364108.0 ], [ 241764.0, 364106.0 ], [ 241766.0, 364106.0 ], [ 241766.0, 364100.0 ], [ 241764.0, 364100.0 ], [ 241764.0, 364096.0 ], [ 241762.0, 364096.0 ], [ 241762.0, 364084.0 ], [ 241760.0, 364084.0 ], [ 241760.0, 364080.0 ], [ 241758.0, 364080.0 ], [ 241758.0, 364076.0 ], [ 241756.0, 364076.0 ], [ 241756.0, 364072.0 ], [ 241754.0, 364072.0 ], [ 241754.0, 364070.0 ], [ 241752.0, 364070.0 ], [ 241752.0, 364066.0 ], [ 241750.0, 364066.0 ], [ 241750.0, 364064.0 ], [ 241748.0, 364064.0 ], [ 241748.0, 364060.0 ], [ 241744.0, 364060.0 ], [ 241744.0, 364058.0 ], [ 241742.0, 364058.0 ], [ 241742.0, 364056.0 ], [ 241740.0, 364056.0 ], [ 241740.0, 364054.0 ], [ 241738.0, 364054.0 ], [ 241738.0, 364052.0 ], [ 241732.0, 364052.0 ], [ 241732.0, 364054.0 ], [ 241728.0, 364054.0 ], [ 241728.0, 364052.0 ], [ 241726.0, 364052.0 ], [ 241726.0, 364050.0 ], [ 241724.0, 364050.0 ], [ 241724.0, 364048.0 ], [ 241722.0, 364048.0 ], [ 241722.0, 364046.0 ], [ 241724.0, 364046.0 ], [ 241724.0, 364042.0 ], [ 241722.0, 364042.0 ], [ 241722.0, 364040.0 ], [ 241720.0, 364040.0 ], [ 241720.0, 364038.0 ], [ 241718.0, 364038.0 ], [ 241718.0, 364036.0 ], [ 241720.0, 364036.0 ], [ 241720.0, 364034.0 ], [ 241722.0, 364034.0 ], [ 241722.0, 364032.0 ], [ 241726.0, 364032.0 ], [ 241726.0, 364034.0 ], [ 241732.0, 364034.0 ], [ 241732.0, 364036.0 ], [ 241734.0, 364036.0 ], [ 241734.0, 364038.0 ], [ 241736.0, 364038.0 ], [ 241736.0, 364042.0 ], [ 241738.0, 364042.0 ], [ 241738.0, 364040.0 ], [ 241740.0, 364040.0 ], [ 241740.0, 364042.0 ], [ 241742.0, 364042.0 ], [ 241742.0, 364044.0 ], [ 241744.0, 364044.0 ], [ 241744.0, 364046.0 ], [ 241746.0, 364046.0 ], [ 241746.0, 364048.0 ], [ 241750.0, 364048.0 ], [ 241750.0, 364050.0 ], [ 241752.0, 364050.0 ], [ 241752.0, 364052.0 ], [ 241754.0, 364052.0 ], [ 241754.0, 364054.0 ], [ 241756.0, 364054.0 ], [ 241756.0, 364056.0 ], [ 241758.0, 364056.0 ], [ 241758.0, 364058.0 ], [ 241762.0, 364058.0 ], [ 241762.0, 364060.0 ], [ 241764.0, 364060.0 ], [ 241764.0, 364062.0 ], [ 241766.0, 364062.0 ], [ 241766.0, 364064.0 ], [ 241768.0, 364064.0 ], [ 241768.0, 364066.0 ], [ 241770.0, 364066.0 ], [ 241770.0, 364068.0 ], [ 241772.0, 364068.0 ], [ 241772.0, 364072.0 ], [ 241774.0, 364072.0 ], [ 241774.0, 364074.0 ], [ 241776.0, 364074.0 ], [ 241776.0, 364076.0 ], [ 241778.0, 364076.0 ], [ 241778.0, 364078.0 ], [ 241780.0, 364078.0 ], [ 241780.0, 364080.0 ], [ 241782.0, 364080.0 ], [ 241782.0, 364084.0 ], [ 241784.0, 364084.0 ], [ 241784.0, 364086.0 ], [ 241786.0, 364086.0 ], [ 241786.0, 364092.0 ], [ 241788.0, 364092.0 ], [ 241788.0, 364096.0 ], [ 241790.0, 364096.0 ], [ 241790.0, 364102.0 ], [ 241792.0, 364102.0 ], [ 241792.0, 364114.0 ], [ 241794.0, 364114.0 ], [ 241794.0, 364116.0 ], [ 241796.0, 364116.0 ], [ 241796.0, 364124.0 ], [ 241798.0, 364124.0 ], [ 241798.0, 364128.0 ], [ 241800.0, 364128.0 ], [ 241800.0, 364130.0 ], [ 241802.0, 364130.0 ], [ 241802.0, 364136.0 ], [ 241806.0, 364136.0 ], [ 241806.0, 364138.0 ], [ 241808.0, 364138.0 ], [ 241808.0, 364136.0 ], [ 241810.0, 364136.0 ], [ 241810.0, 364138.0 ], [ 241812.0, 364138.0 ], [ 241812.0, 364140.0 ], [ 241814.0, 364140.0 ], [ 241814.0, 364142.0 ], [ 241816.0, 364142.0 ], [ 241816.0, 364144.0 ], [ 241814.0, 364144.0 ], [ 241814.0, 364146.0 ], [ 241816.0, 364146.0 ], [ 241816.0, 364150.0 ], [ 241818.0, 364150.0 ], [ 241818.0, 364152.0 ], [ 241820.0, 364152.0 ], [ 241820.0, 364158.0 ], [ 241818.0, 364158.0 ], [ 241818.0, 364170.0 ], [ 241822.0, 364170.0 ], [ 241822.0, 364172.0 ], [ 241824.0, 364172.0 ], [ 241824.0, 364174.0 ], [ 241826.0, 364174.0 ], [ 241826.0, 364178.0 ], [ 241828.0, 364178.0 ], [ 241828.0, 364180.0 ], [ 241826.0, 364180.0 ], [ 241826.0, 364182.0 ], [ 241824.0, 364182.0 ], [ 241824.0, 364186.0 ], [ 241826.0, 364186.0 ], [ 241826.0, 364188.0 ], [ 241828.0, 364188.0 ], [ 241828.0, 364190.0 ], [ 241830.0, 364190.0 ], [ 241830.0, 364196.0 ], [ 241832.0, 364196.0 ], [ 241832.0, 364206.0 ], [ 241830.0, 364206.0 ], [ 241830.0, 364208.0 ], [ 241832.0, 364208.0 ], [ 241832.0, 364214.0 ], [ 241834.0, 364214.0 ], [ 241834.0, 364222.0 ], [ 241836.0, 364222.0 ], [ 241836.0, 364226.0 ], [ 241838.0, 364226.0 ], [ 241838.0, 364232.0 ], [ 241840.0, 364232.0 ], [ 241840.0, 364238.0 ], [ 241842.0, 364238.0 ], [ 241842.0, 364242.0 ], [ 241844.0, 364242.0 ], [ 241844.0, 364244.0 ], [ 241846.0, 364244.0 ], [ 241846.0, 364246.0 ], [ 241844.0, 364246.0 ], [ 241844.0, 364248.0 ], [ 241846.0, 364248.0 ], [ 241846.0, 364254.0 ], [ 241848.0, 364254.0 ], [ 241848.0, 364260.0 ], [ 241850.0, 364260.0 ], [ 241850.0, 364266.0 ], [ 241852.0, 364266.0 ], [ 241852.0, 364264.0 ], [ 241854.0, 364264.0 ], [ 241854.0, 364266.0 ], [ 241856.0, 364266.0 ], [ 241856.0, 364268.0 ], [ 241858.0, 364268.0 ], [ 241858.0, 364274.0 ], [ 241856.0, 364274.0 ], [ 241856.0, 364276.0 ], [ 241854.0, 364276.0 ], [ 241854.0, 364286.0 ], [ 241852.0, 364286.0 ], [ 241852.0, 364288.0 ], [ 241850.0, 364288.0 ], [ 241850.0, 364292.0 ], [ 241852.0, 364292.0 ], [ 241852.0, 364294.0 ], [ 241854.0, 364294.0 ], [ 241854.0, 364296.0 ], [ 241856.0, 364296.0 ], [ 241856.0, 364298.0 ], [ 241854.0, 364298.0 ], [ 241854.0, 364300.0 ], [ 241852.0, 364300.0 ], [ 241852.0, 364302.0 ], [ 241850.0, 364302.0 ], [ 241850.0, 364300.0 ], [ 241844.0, 364300.0 ], [ 241844.0, 364302.0 ], [ 241838.0, 364302.0 ], [ 241838.0, 364300.0 ], [ 241836.0, 364300.0 ], [ 241836.0, 364304.0 ], [ 241834.0, 364304.0 ], [ 241834.0, 364306.0 ], [ 241832.0, 364306.0 ], [ 241832.0, 364310.0 ], [ 241834.0, 364310.0 ], [ 241834.0, 364314.0 ], [ 241836.0, 364314.0 ], [ 241836.0, 364316.0 ], [ 241838.0, 364316.0 ], [ 241838.0, 364318.0 ], [ 241840.0, 364318.0 ], [ 241840.0, 364320.0 ], [ 241842.0, 364320.0 ], [ 241842.0, 364322.0 ], [ 241844.0, 364322.0 ], [ 241844.0, 364326.0 ], [ 241848.0, 364326.0 ], [ 241848.0, 364328.0 ], [ 241850.0, 364328.0 ], [ 241850.0, 364330.0 ], [ 241854.0, 364330.0 ], [ 241854.0, 364332.0 ], [ 241856.0, 364332.0 ], [ 241856.0, 364334.0 ], [ 241860.0, 364334.0 ], [ 241860.0, 364336.0 ], [ 241862.0, 364336.0 ], [ 241862.0, 364338.0 ], [ 241864.0, 364338.0 ], [ 241864.0, 364340.0 ], [ 241866.0, 364340.0 ], [ 241866.0, 364344.0 ], [ 241868.0, 364344.0 ], [ 241868.0, 364352.0 ], [ 241870.0, 364352.0 ], [ 241870.0, 364356.0 ], [ 241872.0, 364356.0 ], [ 241872.0, 364358.0 ], [ 241874.0, 364358.0 ], [ 241874.0, 364360.0 ], [ 241876.0, 364360.0 ], [ 241876.0, 364358.0 ], [ 241882.0, 364358.0 ], [ 241882.0, 364360.0 ], [ 241884.0, 364360.0 ], [ 241884.0, 364362.0 ], [ 241890.0, 364362.0 ], [ 241890.0, 364364.0 ], [ 241892.0, 364364.0 ], [ 241892.0, 364366.0 ], [ 241896.0, 364366.0 ], [ 241896.0, 364368.0 ], [ 241898.0, 364368.0 ], [ 241898.0, 364370.0 ], [ 241900.0, 364370.0 ], [ 241900.0, 364368.0 ], [ 241902.0, 364368.0 ], [ 241902.0, 364366.0 ], [ 241904.0, 364366.0 ], [ 241904.0, 364364.0 ], [ 241902.0, 364364.0 ], [ 241902.0, 364360.0 ], [ 241900.0, 364360.0 ], [ 241900.0, 364352.0 ], [ 241898.0, 364352.0 ], [ 241898.0, 364350.0 ], [ 241896.0, 364350.0 ], [ 241896.0, 364348.0 ], [ 241894.0, 364348.0 ], [ 241894.0, 364350.0 ], [ 241892.0, 364350.0 ], [ 241892.0, 364352.0 ], [ 241890.0, 364352.0 ], [ 241890.0, 364350.0 ], [ 241888.0, 364350.0 ], [ 241888.0, 364348.0 ], [ 241886.0, 364348.0 ], [ 241886.0, 364344.0 ], [ 241888.0, 364344.0 ], [ 241888.0, 364342.0 ], [ 241890.0, 364342.0 ], [ 241890.0, 364340.0 ], [ 241892.0, 364340.0 ], [ 241892.0, 364338.0 ], [ 241894.0, 364338.0 ], [ 241894.0, 364340.0 ], [ 241896.0, 364340.0 ], [ 241896.0, 364338.0 ], [ 241900.0, 364338.0 ], [ 241900.0, 364340.0 ], [ 241902.0, 364340.0 ], [ 241902.0, 364338.0 ], [ 241904.0, 364338.0 ], [ 241904.0, 364340.0 ], [ 241906.0, 364340.0 ], [ 241906.0, 364338.0 ], [ 241908.0, 364338.0 ], [ 241908.0, 364340.0 ], [ 241910.0, 364340.0 ], [ 241910.0, 364342.0 ], [ 241912.0, 364342.0 ], [ 241912.0, 364344.0 ], [ 241914.0, 364344.0 ], [ 241914.0, 364358.0 ], [ 241916.0, 364358.0 ], [ 241916.0, 364362.0 ], [ 241922.0, 364362.0 ], [ 241922.0, 364364.0 ], [ 241924.0, 364364.0 ], [ 241924.0, 364366.0 ], [ 241926.0, 364366.0 ], [ 241926.0, 364362.0 ], [ 241928.0, 364362.0 ], [ 241928.0, 364360.0 ], [ 241930.0, 364360.0 ], [ 241930.0, 364358.0 ], [ 241932.0, 364358.0 ], [ 241932.0, 364360.0 ], [ 241936.0, 364360.0 ], [ 241936.0, 364358.0 ], [ 241934.0, 364358.0 ], [ 241934.0, 364354.0 ], [ 241932.0, 364354.0 ], [ 241932.0, 364352.0 ], [ 241926.0, 364352.0 ], [ 241926.0, 364350.0 ], [ 241924.0, 364350.0 ], [ 241924.0, 364348.0 ], [ 241922.0, 364348.0 ], [ 241922.0, 364346.0 ], [ 241920.0, 364346.0 ], [ 241920.0, 364344.0 ], [ 241918.0, 364344.0 ], [ 241918.0, 364342.0 ], [ 241916.0, 364342.0 ], [ 241916.0, 364340.0 ], [ 241914.0, 364340.0 ], [ 241914.0, 364338.0 ], [ 241910.0, 364338.0 ], [ 241910.0, 364336.0 ], [ 241908.0, 364336.0 ], [ 241908.0, 364334.0 ], [ 241906.0, 364334.0 ], [ 241906.0, 364326.0 ], [ 241908.0, 364326.0 ], [ 241908.0, 364324.0 ], [ 241910.0, 364324.0 ], [ 241910.0, 364322.0 ], [ 241912.0, 364322.0 ], [ 241912.0, 364320.0 ], [ 241914.0, 364320.0 ], [ 241914.0, 364322.0 ], [ 241916.0, 364322.0 ], [ 241916.0, 364318.0 ], [ 241914.0, 364318.0 ], [ 241914.0, 364314.0 ], [ 241916.0, 364314.0 ], [ 241916.0, 364312.0 ], [ 241914.0, 364312.0 ], [ 241914.0, 364310.0 ], [ 241912.0, 364310.0 ], [ 241912.0, 364308.0 ], [ 241910.0, 364308.0 ], [ 241910.0, 364306.0 ], [ 241908.0, 364306.0 ], [ 241908.0, 364304.0 ], [ 241906.0, 364304.0 ], [ 241906.0, 364302.0 ], [ 241908.0, 364302.0 ], [ 241908.0, 364300.0 ], [ 241910.0, 364300.0 ], [ 241910.0, 364298.0 ], [ 241912.0, 364298.0 ], [ 241912.0, 364296.0 ], [ 241914.0, 364296.0 ], [ 241914.0, 364294.0 ], [ 241918.0, 364294.0 ], [ 241918.0, 364296.0 ], [ 241920.0, 364296.0 ], [ 241920.0, 364298.0 ], [ 241922.0, 364298.0 ], [ 241922.0, 364300.0 ], [ 241924.0, 364300.0 ], [ 241924.0, 364302.0 ], [ 241926.0, 364302.0 ], [ 241926.0, 364300.0 ], [ 241928.0, 364300.0 ], [ 241928.0, 364296.0 ], [ 241926.0, 364296.0 ], [ 241926.0, 364294.0 ], [ 241924.0, 364294.0 ], [ 241924.0, 364292.0 ], [ 241926.0, 364292.0 ], [ 241926.0, 364290.0 ], [ 241928.0, 364290.0 ], [ 241928.0, 364288.0 ], [ 241934.0, 364288.0 ], [ 241934.0, 364286.0 ], [ 241936.0, 364286.0 ], [ 241936.0, 364284.0 ], [ 241938.0, 364284.0 ], [ 241938.0, 364286.0 ], [ 241940.0, 364286.0 ], [ 241940.0, 364288.0 ], [ 241942.0, 364288.0 ], [ 241942.0, 364290.0 ], [ 241940.0, 364290.0 ], [ 241940.0, 364296.0 ], [ 241942.0, 364296.0 ], [ 241942.0, 364298.0 ], [ 241944.0, 364298.0 ], [ 241944.0, 364300.0 ], [ 241946.0, 364300.0 ], [ 241946.0, 364306.0 ], [ 241948.0, 364306.0 ], [ 241948.0, 364308.0 ], [ 241950.0, 364308.0 ], [ 241950.0, 364312.0 ], [ 241952.0, 364312.0 ], [ 241952.0, 364316.0 ], [ 241954.0, 364316.0 ], [ 241954.0, 364322.0 ], [ 241956.0, 364322.0 ], [ 241956.0, 364334.0 ], [ 241958.0, 364334.0 ], [ 241958.0, 364336.0 ], [ 241960.0, 364336.0 ], [ 241960.0, 364340.0 ], [ 241962.0, 364340.0 ], [ 241962.0, 364348.0 ], [ 241964.0, 364348.0 ], [ 241964.0, 364350.0 ], [ 241968.0, 364350.0 ], [ 241968.0, 364348.0 ], [ 241972.0, 364348.0 ], [ 241972.0, 364346.0 ], [ 241974.0, 364346.0 ], [ 241974.0, 364340.0 ], [ 241972.0, 364340.0 ], [ 241972.0, 364338.0 ], [ 241970.0, 364338.0 ], [ 241970.0, 364336.0 ], [ 241972.0, 364336.0 ], [ 241972.0, 364334.0 ], [ 241974.0, 364334.0 ], [ 241974.0, 364332.0 ], [ 241976.0, 364332.0 ], [ 241976.0, 364334.0 ], [ 241980.0, 364334.0 ], [ 241980.0, 364336.0 ], [ 241986.0, 364336.0 ], [ 241986.0, 364338.0 ], [ 241988.0, 364338.0 ], [ 241988.0, 364340.0 ], [ 241990.0, 364340.0 ], [ 241990.0, 364342.0 ], [ 241992.0, 364342.0 ], [ 241992.0, 364344.0 ], [ 241996.0, 364344.0 ], [ 241996.0, 364342.0 ], [ 241998.0, 364342.0 ], [ 241998.0, 364340.0 ], [ 242000.0, 364340.0 ], [ 242000.0, 364338.0 ], [ 242002.0, 364338.0 ], [ 242002.0, 364336.0 ], [ 242004.0, 364336.0 ], [ 242004.0, 364338.0 ], [ 242006.0, 364338.0 ], [ 242006.0, 364340.0 ], [ 242008.0, 364340.0 ], [ 242008.0, 364342.0 ], [ 242010.0, 364342.0 ], [ 242010.0, 364344.0 ], [ 242012.0, 364344.0 ], [ 242012.0, 364346.0 ], [ 242014.0, 364346.0 ], [ 242014.0, 364348.0 ], [ 242016.0, 364348.0 ], [ 242016.0, 364350.0 ], [ 242014.0, 364350.0 ], [ 242014.0, 364354.0 ], [ 242012.0, 364354.0 ], [ 242012.0, 364360.0 ], [ 242014.0, 364360.0 ], [ 242014.0, 364362.0 ], [ 242016.0, 364362.0 ], [ 242016.0, 364364.0 ], [ 242018.0, 364364.0 ], [ 242018.0, 364366.0 ], [ 242020.0, 364366.0 ], [ 242020.0, 364368.0 ], [ 242024.0, 364368.0 ], [ 242024.0, 364370.0 ], [ 242026.0, 364370.0 ], [ 242026.0, 364372.0 ], [ 242028.0, 364372.0 ], [ 242028.0, 364374.0 ], [ 242032.0, 364374.0 ], [ 242032.0, 364376.0 ], [ 242034.0, 364376.0 ], [ 242034.0, 364378.0 ], [ 242038.0, 364378.0 ], [ 242038.0, 364380.0 ], [ 242040.0, 364380.0 ], [ 242040.0, 364382.0 ], [ 242042.0, 364382.0 ], [ 242042.0, 364384.0 ], [ 242044.0, 364384.0 ], [ 242044.0, 364386.0 ], [ 242048.0, 364386.0 ], [ 242048.0, 364388.0 ], [ 242052.0, 364388.0 ], [ 242052.0, 364390.0 ], [ 242054.0, 364390.0 ], [ 242054.0, 364392.0 ], [ 242056.0, 364392.0 ], [ 242056.0, 364396.0 ], [ 242058.0, 364396.0 ], [ 242058.0, 364398.0 ], [ 242056.0, 364398.0 ], [ 242056.0, 364400.0 ], [ 242054.0, 364400.0 ], [ 242054.0, 364402.0 ], [ 242052.0, 364402.0 ], [ 242052.0, 364400.0 ], [ 242044.0, 364400.0 ], [ 242044.0, 364398.0 ], [ 242040.0, 364398.0 ], [ 242040.0, 364396.0 ], [ 242038.0, 364396.0 ], [ 242038.0, 364394.0 ], [ 242036.0, 364394.0 ], [ 242036.0, 364396.0 ], [ 242032.0, 364396.0 ], [ 242032.0, 364398.0 ], [ 242026.0, 364398.0 ], [ 242026.0, 364396.0 ], [ 242016.0, 364396.0 ], [ 242016.0, 364394.0 ], [ 242014.0, 364394.0 ], [ 242014.0, 364396.0 ], [ 242008.0, 364396.0 ], [ 242008.0, 364398.0 ], [ 242004.0, 364398.0 ], [ 242004.0, 364396.0 ], [ 241992.0, 364396.0 ], [ 241992.0, 364398.0 ], [ 241990.0, 364398.0 ], [ 241990.0, 364396.0 ], [ 241988.0, 364396.0 ], [ 241988.0, 364398.0 ], [ 241984.0, 364398.0 ], [ 241984.0, 364396.0 ], [ 241982.0, 364396.0 ], [ 241982.0, 364398.0 ], [ 241980.0, 364398.0 ], [ 241980.0, 364400.0 ], [ 241978.0, 364400.0 ], [ 241978.0, 364402.0 ], [ 241970.0, 364402.0 ], [ 241970.0, 364404.0 ], [ 241966.0, 364404.0 ], [ 241966.0, 364406.0 ], [ 241962.0, 364406.0 ], [ 241962.0, 364408.0 ], [ 241956.0, 364408.0 ], [ 241956.0, 364410.0 ], [ 241952.0, 364410.0 ], [ 241952.0, 364412.0 ], [ 241950.0, 364412.0 ], [ 241950.0, 364416.0 ], [ 241948.0, 364416.0 ], [ 241948.0, 364418.0 ], [ 241946.0, 364418.0 ], [ 241946.0, 364420.0 ], [ 241944.0, 364420.0 ], [ 241944.0, 364422.0 ], [ 241942.0, 364422.0 ], [ 241942.0, 364428.0 ], [ 241940.0, 364428.0 ], [ 241940.0, 364430.0 ], [ 241938.0, 364430.0 ], [ 241938.0, 364432.0 ], [ 241936.0, 364432.0 ], [ 241936.0, 364434.0 ], [ 241932.0, 364434.0 ], [ 241932.0, 364432.0 ], [ 241926.0, 364432.0 ], [ 241926.0, 364434.0 ], [ 241928.0, 364434.0 ], [ 241928.0, 364436.0 ], [ 241930.0, 364436.0 ], [ 241930.0, 364438.0 ], [ 241928.0, 364438.0 ], [ 241928.0, 364440.0 ], [ 241926.0, 364440.0 ], [ 241926.0, 364442.0 ], [ 241924.0, 364442.0 ], [ 241924.0, 364440.0 ], [ 241918.0, 364440.0 ], [ 241918.0, 364444.0 ], [ 241916.0, 364444.0 ], [ 241916.0, 364446.0 ], [ 241914.0, 364446.0 ], [ 241914.0, 364448.0 ], [ 241912.0, 364448.0 ], [ 241912.0, 364450.0 ], [ 241910.0, 364450.0 ], [ 241910.0, 364452.0 ], [ 241908.0, 364452.0 ], [ 241908.0, 364454.0 ], [ 241906.0, 364454.0 ], [ 241906.0, 364458.0 ], [ 241904.0, 364458.0 ], [ 241904.0, 364464.0 ], [ 241902.0, 364464.0 ], [ 241902.0, 364466.0 ], [ 241900.0, 364466.0 ], [ 241900.0, 364468.0 ], [ 241898.0, 364468.0 ], [ 241898.0, 364470.0 ], [ 241894.0, 364470.0 ], [ 241894.0, 364472.0 ], [ 241890.0, 364472.0 ], [ 241890.0, 364474.0 ], [ 241892.0, 364474.0 ], [ 241892.0, 364476.0 ], [ 241890.0, 364476.0 ], [ 241890.0, 364480.0 ], [ 241888.0, 364480.0 ], [ 241888.0, 364482.0 ], [ 241886.0, 364482.0 ], [ 241886.0, 364484.0 ], [ 241884.0, 364484.0 ], [ 241884.0, 364496.0 ], [ 241882.0, 364496.0 ], [ 241882.0, 364504.0 ], [ 241880.0, 364504.0 ], [ 241880.0, 364506.0 ], [ 241882.0, 364506.0 ], [ 241882.0, 364508.0 ], [ 241880.0, 364508.0 ], [ 241880.0, 364510.0 ], [ 241878.0, 364510.0 ], [ 241878.0, 364516.0 ], [ 241880.0, 364516.0 ], [ 241880.0, 364518.0 ], [ 241878.0, 364518.0 ], [ 241878.0, 364522.0 ], [ 241880.0, 364522.0 ], [ 241880.0, 364524.0 ], [ 241882.0, 364524.0 ], [ 241882.0, 364526.0 ], [ 241880.0, 364526.0 ], [ 241880.0, 364528.0 ], [ 241878.0, 364528.0 ], [ 241878.0, 364530.0 ], [ 241880.0, 364530.0 ], [ 241880.0, 364532.0 ], [ 241882.0, 364532.0 ], [ 241882.0, 364538.0 ], [ 241884.0, 364538.0 ], [ 241884.0, 364542.0 ], [ 241882.0, 364542.0 ], [ 241882.0, 364546.0 ], [ 241884.0, 364546.0 ], [ 241884.0, 364552.0 ], [ 241886.0, 364552.0 ], [ 241886.0, 364554.0 ], [ 241888.0, 364554.0 ], [ 241888.0, 364558.0 ], [ 241890.0, 364558.0 ], [ 241890.0, 364562.0 ], [ 241892.0, 364562.0 ], [ 241892.0, 364564.0 ], [ 241894.0, 364564.0 ], [ 241894.0, 364568.0 ], [ 241896.0, 364568.0 ], [ 241896.0, 364570.0 ], [ 241898.0, 364570.0 ], [ 241898.0, 364572.0 ], [ 241900.0, 364572.0 ], [ 241900.0, 364574.0 ], [ 241902.0, 364574.0 ], [ 241902.0, 364578.0 ], [ 241904.0, 364578.0 ], [ 241904.0, 364580.0 ], [ 241902.0, 364580.0 ], [ 241902.0, 364582.0 ], [ 241900.0, 364582.0 ], [ 241900.0, 364584.0 ], [ 241896.0, 364584.0 ], [ 241896.0, 364586.0 ], [ 241894.0, 364586.0 ], [ 241894.0, 364588.0 ], [ 241886.0, 364588.0 ], [ 241886.0, 364586.0 ], [ 241882.0, 364586.0 ], [ 241882.0, 364588.0 ], [ 241878.0, 364588.0 ], [ 241878.0, 364592.0 ], [ 241882.0, 364592.0 ], [ 241882.0, 364594.0 ], [ 241888.0, 364594.0 ], [ 241888.0, 364596.0 ], [ 241890.0, 364596.0 ], [ 241890.0, 364598.0 ], [ 241892.0, 364598.0 ], [ 241892.0, 364600.0 ], [ 241894.0, 364600.0 ], [ 241894.0, 364602.0 ], [ 241896.0, 364602.0 ], [ 241896.0, 364604.0 ], [ 241898.0, 364604.0 ], [ 241898.0, 364602.0 ], [ 241900.0, 364602.0 ], [ 241900.0, 364600.0 ], [ 241902.0, 364600.0 ], [ 241902.0, 364602.0 ], [ 241904.0, 364602.0 ], [ 241904.0, 364604.0 ], [ 241914.0, 364604.0 ], [ 241914.0, 364606.0 ], [ 241918.0, 364606.0 ], [ 241918.0, 364608.0 ], [ 241924.0, 364608.0 ], [ 241924.0, 364606.0 ], [ 241934.0, 364606.0 ], [ 241934.0, 364604.0 ] ], [ [ 242184.0, 364468.0 ], [ 242184.0, 364466.0 ], [ 242182.0, 364466.0 ], [ 242182.0, 364464.0 ], [ 242180.0, 364464.0 ], [ 242180.0, 364462.0 ], [ 242178.0, 364462.0 ], [ 242178.0, 364460.0 ], [ 242176.0, 364460.0 ], [ 242176.0, 364456.0 ], [ 242174.0, 364456.0 ], [ 242174.0, 364454.0 ], [ 242176.0, 364454.0 ], [ 242176.0, 364452.0 ], [ 242178.0, 364452.0 ], [ 242178.0, 364450.0 ], [ 242180.0, 364450.0 ], [ 242180.0, 364452.0 ], [ 242182.0, 364452.0 ], [ 242182.0, 364454.0 ], [ 242184.0, 364454.0 ], [ 242184.0, 364458.0 ], [ 242190.0, 364458.0 ], [ 242190.0, 364460.0 ], [ 242192.0, 364460.0 ], [ 242192.0, 364462.0 ], [ 242194.0, 364462.0 ], [ 242194.0, 364464.0 ], [ 242196.0, 364464.0 ], [ 242196.0, 364466.0 ], [ 242194.0, 364466.0 ], [ 242194.0, 364468.0 ], [ 242192.0, 364468.0 ], [ 242192.0, 364470.0 ], [ 242190.0, 364470.0 ], [ 242190.0, 364472.0 ], [ 242188.0, 364472.0 ], [ 242188.0, 364470.0 ], [ 242186.0, 364470.0 ], [ 242186.0, 364468.0 ], [ 242184.0, 364468.0 ] ], [ [ 242156.0, 364438.0 ], [ 242156.0, 364436.0 ], [ 242154.0, 364436.0 ], [ 242154.0, 364434.0 ], [ 242152.0, 364434.0 ], [ 242152.0, 364432.0 ], [ 242150.0, 364432.0 ], [ 242150.0, 364428.0 ], [ 242152.0, 364428.0 ], [ 242152.0, 364426.0 ], [ 242154.0, 364426.0 ], [ 242154.0, 364424.0 ], [ 242158.0, 364424.0 ], [ 242158.0, 364426.0 ], [ 242160.0, 364426.0 ], [ 242160.0, 364428.0 ], [ 242162.0, 364428.0 ], [ 242162.0, 364432.0 ], [ 242164.0, 364432.0 ], [ 242164.0, 364434.0 ], [ 242166.0, 364434.0 ], [ 242166.0, 364438.0 ], [ 242164.0, 364438.0 ], [ 242164.0, 364440.0 ], [ 242162.0, 364440.0 ], [ 242162.0, 364442.0 ], [ 242160.0, 364442.0 ], [ 242160.0, 364440.0 ], [ 242158.0, 364440.0 ], [ 242158.0, 364438.0 ], [ 242156.0, 364438.0 ] ], [ [ 242052.0, 364380.0 ], [ 242052.0, 364372.0 ], [ 242054.0, 364372.0 ], [ 242054.0, 364368.0 ], [ 242052.0, 364368.0 ], [ 242052.0, 364366.0 ], [ 242044.0, 364366.0 ], [ 242044.0, 364364.0 ], [ 242042.0, 364364.0 ], [ 242042.0, 364362.0 ], [ 242040.0, 364362.0 ], [ 242040.0, 364360.0 ], [ 242038.0, 364360.0 ], [ 242038.0, 364358.0 ], [ 242036.0, 364358.0 ], [ 242036.0, 364356.0 ], [ 242034.0, 364356.0 ], [ 242034.0, 364344.0 ], [ 242036.0, 364344.0 ], [ 242036.0, 364340.0 ], [ 242034.0, 364340.0 ], [ 242034.0, 364336.0 ], [ 242032.0, 364336.0 ], [ 242032.0, 364312.0 ], [ 242030.0, 364312.0 ], [ 242030.0, 364308.0 ], [ 242028.0, 364308.0 ], [ 242028.0, 364304.0 ], [ 242026.0, 364304.0 ], [ 242026.0, 364302.0 ], [ 242024.0, 364302.0 ], [ 242024.0, 364300.0 ], [ 242022.0, 364300.0 ], [ 242022.0, 364298.0 ], [ 242020.0, 364298.0 ], [ 242020.0, 364296.0 ], [ 242022.0, 364296.0 ], [ 242022.0, 364294.0 ], [ 242024.0, 364294.0 ], [ 242024.0, 364290.0 ], [ 242020.0, 364290.0 ], [ 242020.0, 364288.0 ], [ 242016.0, 364288.0 ], [ 242016.0, 364286.0 ], [ 242014.0, 364286.0 ], [ 242014.0, 364284.0 ], [ 242012.0, 364284.0 ], [ 242012.0, 364282.0 ], [ 242010.0, 364282.0 ], [ 242010.0, 364276.0 ], [ 242008.0, 364276.0 ], [ 242008.0, 364274.0 ], [ 242006.0, 364274.0 ], [ 242006.0, 364272.0 ], [ 242004.0, 364272.0 ], [ 242004.0, 364270.0 ], [ 242002.0, 364270.0 ], [ 242002.0, 364264.0 ], [ 242000.0, 364264.0 ], [ 242000.0, 364262.0 ], [ 241998.0, 364262.0 ], [ 241998.0, 364260.0 ], [ 241996.0, 364260.0 ], [ 241996.0, 364258.0 ], [ 241994.0, 364258.0 ], [ 241994.0, 364256.0 ], [ 241990.0, 364256.0 ], [ 241990.0, 364254.0 ], [ 241986.0, 364254.0 ], [ 241986.0, 364252.0 ], [ 241984.0, 364252.0 ], [ 241984.0, 364250.0 ], [ 241982.0, 364250.0 ], [ 241982.0, 364248.0 ], [ 241978.0, 364248.0 ], [ 241978.0, 364246.0 ], [ 241976.0, 364246.0 ], [ 241976.0, 364244.0 ], [ 241974.0, 364244.0 ], [ 241974.0, 364236.0 ], [ 241972.0, 364236.0 ], [ 241972.0, 364234.0 ], [ 241968.0, 364234.0 ], [ 241968.0, 364232.0 ], [ 241966.0, 364232.0 ], [ 241966.0, 364230.0 ], [ 241964.0, 364230.0 ], [ 241964.0, 364226.0 ], [ 241962.0, 364226.0 ], [ 241962.0, 364224.0 ], [ 241960.0, 364224.0 ], [ 241960.0, 364222.0 ], [ 241958.0, 364222.0 ], [ 241958.0, 364220.0 ], [ 241956.0, 364220.0 ], [ 241956.0, 364218.0 ], [ 241954.0, 364218.0 ], [ 241954.0, 364216.0 ], [ 241952.0, 364216.0 ], [ 241952.0, 364214.0 ], [ 241950.0, 364214.0 ], [ 241950.0, 364212.0 ], [ 241946.0, 364212.0 ], [ 241946.0, 364210.0 ], [ 241944.0, 364210.0 ], [ 241944.0, 364208.0 ], [ 241942.0, 364208.0 ], [ 241942.0, 364204.0 ], [ 241940.0, 364204.0 ], [ 241940.0, 364202.0 ], [ 241938.0, 364202.0 ], [ 241938.0, 364200.0 ], [ 241936.0, 364200.0 ], [ 241936.0, 364198.0 ], [ 241934.0, 364198.0 ], [ 241934.0, 364196.0 ], [ 241924.0, 364196.0 ], [ 241924.0, 364198.0 ], [ 241922.0, 364198.0 ], [ 241922.0, 364200.0 ], [ 241920.0, 364200.0 ], [ 241920.0, 364198.0 ], [ 241916.0, 364198.0 ], [ 241916.0, 364196.0 ], [ 241914.0, 364196.0 ], [ 241914.0, 364194.0 ], [ 241910.0, 364194.0 ], [ 241910.0, 364192.0 ], [ 241908.0, 364192.0 ], [ 241908.0, 364190.0 ], [ 241906.0, 364190.0 ], [ 241906.0, 364188.0 ], [ 241904.0, 364188.0 ], [ 241904.0, 364186.0 ], [ 241902.0, 364186.0 ], [ 241902.0, 364182.0 ], [ 241898.0, 364182.0 ], [ 241898.0, 364180.0 ], [ 241896.0, 364180.0 ], [ 241896.0, 364178.0 ], [ 241894.0, 364178.0 ], [ 241894.0, 364174.0 ], [ 241892.0, 364174.0 ], [ 241892.0, 364170.0 ], [ 241890.0, 364170.0 ], [ 241890.0, 364166.0 ], [ 241888.0, 364166.0 ], [ 241888.0, 364164.0 ], [ 241886.0, 364164.0 ], [ 241886.0, 364162.0 ], [ 241884.0, 364162.0 ], [ 241884.0, 364158.0 ], [ 241882.0, 364158.0 ], [ 241882.0, 364154.0 ], [ 241884.0, 364154.0 ], [ 241884.0, 364146.0 ], [ 241882.0, 364146.0 ], [ 241882.0, 364142.0 ], [ 241880.0, 364142.0 ], [ 241880.0, 364140.0 ], [ 241878.0, 364140.0 ], [ 241878.0, 364132.0 ], [ 241880.0, 364132.0 ], [ 241880.0, 364130.0 ], [ 241878.0, 364130.0 ], [ 241878.0, 364128.0 ], [ 241874.0, 364128.0 ], [ 241874.0, 364126.0 ], [ 241868.0, 364126.0 ], [ 241868.0, 364124.0 ], [ 241866.0, 364124.0 ], [ 241866.0, 364122.0 ], [ 241864.0, 364122.0 ], [ 241864.0, 364120.0 ], [ 241862.0, 364120.0 ], [ 241862.0, 364116.0 ], [ 241860.0, 364116.0 ], [ 241860.0, 364114.0 ], [ 241858.0, 364114.0 ], [ 241858.0, 364108.0 ], [ 241860.0, 364108.0 ], [ 241860.0, 364106.0 ], [ 241862.0, 364106.0 ], [ 241862.0, 364102.0 ], [ 241864.0, 364102.0 ], [ 241864.0, 364100.0 ], [ 241866.0, 364100.0 ], [ 241866.0, 364098.0 ], [ 241868.0, 364098.0 ], [ 241868.0, 364100.0 ], [ 241870.0, 364100.0 ], [ 241870.0, 364102.0 ], [ 241872.0, 364102.0 ], [ 241872.0, 364104.0 ], [ 241874.0, 364104.0 ], [ 241874.0, 364108.0 ], [ 241878.0, 364108.0 ], [ 241878.0, 364106.0 ], [ 241880.0, 364106.0 ], [ 241880.0, 364104.0 ], [ 241882.0, 364104.0 ], [ 241882.0, 364098.0 ], [ 241880.0, 364098.0 ], [ 241880.0, 364084.0 ], [ 241878.0, 364084.0 ], [ 241878.0, 364082.0 ], [ 241876.0, 364082.0 ], [ 241876.0, 364080.0 ], [ 241874.0, 364080.0 ], [ 241874.0, 364078.0 ], [ 241870.0, 364078.0 ], [ 241870.0, 364076.0 ], [ 241868.0, 364076.0 ], [ 241868.0, 364074.0 ], [ 241866.0, 364074.0 ], [ 241866.0, 364072.0 ], [ 241864.0, 364072.0 ], [ 241864.0, 364070.0 ], [ 241862.0, 364070.0 ], [ 241862.0, 364068.0 ], [ 241860.0, 364068.0 ], [ 241860.0, 364066.0 ], [ 241858.0, 364066.0 ], [ 241858.0, 364064.0 ], [ 241856.0, 364064.0 ], [ 241856.0, 364066.0 ], [ 241848.0, 364066.0 ], [ 241848.0, 364064.0 ], [ 241846.0, 364064.0 ], [ 241846.0, 364062.0 ], [ 241840.0, 364062.0 ], [ 241840.0, 364064.0 ], [ 241838.0, 364064.0 ], [ 241838.0, 364062.0 ], [ 241836.0, 364062.0 ], [ 241836.0, 364060.0 ], [ 241834.0, 364060.0 ], [ 241834.0, 364058.0 ], [ 241836.0, 364058.0 ], [ 241836.0, 364056.0 ], [ 241838.0, 364056.0 ], [ 241838.0, 364054.0 ], [ 241840.0, 364054.0 ], [ 241840.0, 364052.0 ], [ 241842.0, 364052.0 ], [ 241842.0, 364050.0 ], [ 241844.0, 364050.0 ], [ 241844.0, 364052.0 ], [ 241846.0, 364052.0 ], [ 241846.0, 364054.0 ], [ 241852.0, 364054.0 ], [ 241852.0, 364056.0 ], [ 241856.0, 364056.0 ], [ 241856.0, 364058.0 ], [ 241858.0, 364058.0 ], [ 241858.0, 364060.0 ], [ 241860.0, 364060.0 ], [ 241860.0, 364058.0 ], [ 241862.0, 364058.0 ], [ 241862.0, 364060.0 ], [ 241864.0, 364060.0 ], [ 241864.0, 364062.0 ], [ 241866.0, 364062.0 ], [ 241866.0, 364064.0 ], [ 241870.0, 364064.0 ], [ 241870.0, 364066.0 ], [ 241872.0, 364066.0 ], [ 241872.0, 364068.0 ], [ 241874.0, 364068.0 ], [ 241874.0, 364070.0 ], [ 241878.0, 364070.0 ], [ 241878.0, 364072.0 ], [ 241882.0, 364072.0 ], [ 241882.0, 364074.0 ], [ 241884.0, 364074.0 ], [ 241884.0, 364076.0 ], [ 241886.0, 364076.0 ], [ 241886.0, 364078.0 ], [ 241888.0, 364078.0 ], [ 241888.0, 364080.0 ], [ 241890.0, 364080.0 ], [ 241890.0, 364082.0 ], [ 241892.0, 364082.0 ], [ 241892.0, 364086.0 ], [ 241896.0, 364086.0 ], [ 241896.0, 364088.0 ], [ 241898.0, 364088.0 ], [ 241898.0, 364090.0 ], [ 241900.0, 364090.0 ], [ 241900.0, 364088.0 ], [ 241902.0, 364088.0 ], [ 241902.0, 364090.0 ], [ 241906.0, 364090.0 ], [ 241906.0, 364092.0 ], [ 241908.0, 364092.0 ], [ 241908.0, 364094.0 ], [ 241910.0, 364094.0 ], [ 241910.0, 364100.0 ], [ 241912.0, 364100.0 ], [ 241912.0, 364102.0 ], [ 241914.0, 364102.0 ], [ 241914.0, 364104.0 ], [ 241918.0, 364104.0 ], [ 241918.0, 364106.0 ], [ 241920.0, 364106.0 ], [ 241920.0, 364108.0 ], [ 241922.0, 364108.0 ], [ 241922.0, 364110.0 ], [ 241924.0, 364110.0 ], [ 241924.0, 364112.0 ], [ 241926.0, 364112.0 ], [ 241926.0, 364114.0 ], [ 241928.0, 364114.0 ], [ 241928.0, 364116.0 ], [ 241930.0, 364116.0 ], [ 241930.0, 364118.0 ], [ 241932.0, 364118.0 ], [ 241932.0, 364122.0 ], [ 241934.0, 364122.0 ], [ 241934.0, 364124.0 ], [ 241936.0, 364124.0 ], [ 241936.0, 364128.0 ], [ 241938.0, 364128.0 ], [ 241938.0, 364130.0 ], [ 241940.0, 364130.0 ], [ 241940.0, 364134.0 ], [ 241942.0, 364134.0 ], [ 241942.0, 364138.0 ], [ 241944.0, 364138.0 ], [ 241944.0, 364140.0 ], [ 241946.0, 364140.0 ], [ 241946.0, 364146.0 ], [ 241948.0, 364146.0 ], [ 241948.0, 364148.0 ], [ 241950.0, 364148.0 ], [ 241950.0, 364150.0 ], [ 241952.0, 364150.0 ], [ 241952.0, 364152.0 ], [ 241954.0, 364152.0 ], [ 241954.0, 364156.0 ], [ 241956.0, 364156.0 ], [ 241956.0, 364154.0 ], [ 241958.0, 364154.0 ], [ 241958.0, 364156.0 ], [ 241960.0, 364156.0 ], [ 241960.0, 364154.0 ], [ 241964.0, 364154.0 ], [ 241964.0, 364156.0 ], [ 241966.0, 364156.0 ], [ 241966.0, 364158.0 ], [ 241968.0, 364158.0 ], [ 241968.0, 364160.0 ], [ 241970.0, 364160.0 ], [ 241970.0, 364162.0 ], [ 241972.0, 364162.0 ], [ 241972.0, 364168.0 ], [ 241970.0, 364168.0 ], [ 241970.0, 364170.0 ], [ 241972.0, 364170.0 ], [ 241972.0, 364172.0 ], [ 241974.0, 364172.0 ], [ 241974.0, 364180.0 ], [ 241976.0, 364180.0 ], [ 241976.0, 364182.0 ], [ 241978.0, 364182.0 ], [ 241978.0, 364184.0 ], [ 241980.0, 364184.0 ], [ 241980.0, 364186.0 ], [ 241982.0, 364186.0 ], [ 241982.0, 364188.0 ], [ 241984.0, 364188.0 ], [ 241984.0, 364192.0 ], [ 241986.0, 364192.0 ], [ 241986.0, 364194.0 ], [ 241988.0, 364194.0 ], [ 241988.0, 364202.0 ], [ 241990.0, 364202.0 ], [ 241990.0, 364208.0 ], [ 241992.0, 364208.0 ], [ 241992.0, 364210.0 ], [ 241994.0, 364210.0 ], [ 241994.0, 364212.0 ], [ 242000.0, 364212.0 ], [ 242000.0, 364214.0 ], [ 242002.0, 364214.0 ], [ 242002.0, 364216.0 ], [ 242004.0, 364216.0 ], [ 242004.0, 364220.0 ], [ 242006.0, 364220.0 ], [ 242006.0, 364224.0 ], [ 242008.0, 364224.0 ], [ 242008.0, 364226.0 ], [ 242010.0, 364226.0 ], [ 242010.0, 364228.0 ], [ 242012.0, 364228.0 ], [ 242012.0, 364232.0 ], [ 242016.0, 364232.0 ], [ 242016.0, 364234.0 ], [ 242018.0, 364234.0 ], [ 242018.0, 364236.0 ], [ 242020.0, 364236.0 ], [ 242020.0, 364240.0 ], [ 242022.0, 364240.0 ], [ 242022.0, 364244.0 ], [ 242024.0, 364244.0 ], [ 242024.0, 364248.0 ], [ 242026.0, 364248.0 ], [ 242026.0, 364252.0 ], [ 242028.0, 364252.0 ], [ 242028.0, 364256.0 ], [ 242030.0, 364256.0 ], [ 242030.0, 364258.0 ], [ 242032.0, 364258.0 ], [ 242032.0, 364262.0 ], [ 242034.0, 364262.0 ], [ 242034.0, 364266.0 ], [ 242036.0, 364266.0 ], [ 242036.0, 364268.0 ], [ 242038.0, 364268.0 ], [ 242038.0, 364274.0 ], [ 242042.0, 364274.0 ], [ 242042.0, 364276.0 ], [ 242044.0, 364276.0 ], [ 242044.0, 364278.0 ], [ 242046.0, 364278.0 ], [ 242046.0, 364280.0 ], [ 242048.0, 364280.0 ], [ 242048.0, 364288.0 ], [ 242050.0, 364288.0 ], [ 242050.0, 364290.0 ], [ 242052.0, 364290.0 ], [ 242052.0, 364292.0 ], [ 242054.0, 364292.0 ], [ 242054.0, 364294.0 ], [ 242052.0, 364294.0 ], [ 242052.0, 364296.0 ], [ 242054.0, 364296.0 ], [ 242054.0, 364298.0 ], [ 242056.0, 364298.0 ], [ 242056.0, 364302.0 ], [ 242058.0, 364302.0 ], [ 242058.0, 364304.0 ], [ 242060.0, 364304.0 ], [ 242060.0, 364312.0 ], [ 242058.0, 364312.0 ], [ 242058.0, 364318.0 ], [ 242060.0, 364318.0 ], [ 242060.0, 364320.0 ], [ 242062.0, 364320.0 ], [ 242062.0, 364324.0 ], [ 242060.0, 364324.0 ], [ 242060.0, 364326.0 ], [ 242058.0, 364326.0 ], [ 242058.0, 364328.0 ], [ 242054.0, 364328.0 ], [ 242054.0, 364334.0 ], [ 242058.0, 364334.0 ], [ 242058.0, 364332.0 ], [ 242060.0, 364332.0 ], [ 242060.0, 364334.0 ], [ 242062.0, 364334.0 ], [ 242062.0, 364336.0 ], [ 242064.0, 364336.0 ], [ 242064.0, 364342.0 ], [ 242066.0, 364342.0 ], [ 242066.0, 364344.0 ], [ 242068.0, 364344.0 ], [ 242068.0, 364348.0 ], [ 242074.0, 364348.0 ], [ 242074.0, 364350.0 ], [ 242076.0, 364350.0 ], [ 242076.0, 364352.0 ], [ 242078.0, 364352.0 ], [ 242078.0, 364356.0 ], [ 242082.0, 364356.0 ], [ 242082.0, 364354.0 ], [ 242084.0, 364354.0 ], [ 242084.0, 364356.0 ], [ 242086.0, 364356.0 ], [ 242086.0, 364358.0 ], [ 242088.0, 364358.0 ], [ 242088.0, 364360.0 ], [ 242090.0, 364360.0 ], [ 242090.0, 364362.0 ], [ 242092.0, 364362.0 ], [ 242092.0, 364364.0 ], [ 242094.0, 364364.0 ], [ 242094.0, 364368.0 ], [ 242092.0, 364368.0 ], [ 242092.0, 364372.0 ], [ 242090.0, 364372.0 ], [ 242090.0, 364374.0 ], [ 242088.0, 364374.0 ], [ 242088.0, 364376.0 ], [ 242086.0, 364376.0 ], [ 242086.0, 364378.0 ], [ 242084.0, 364378.0 ], [ 242084.0, 364376.0 ], [ 242082.0, 364376.0 ], [ 242082.0, 364374.0 ], [ 242080.0, 364374.0 ], [ 242080.0, 364372.0 ], [ 242078.0, 364372.0 ], [ 242078.0, 364366.0 ], [ 242076.0, 364366.0 ], [ 242076.0, 364364.0 ], [ 242072.0, 364364.0 ], [ 242072.0, 364362.0 ], [ 242070.0, 364362.0 ], [ 242070.0, 364360.0 ], [ 242068.0, 364360.0 ], [ 242068.0, 364358.0 ], [ 242066.0, 364358.0 ], [ 242066.0, 364356.0 ], [ 242060.0, 364356.0 ], [ 242060.0, 364362.0 ], [ 242062.0, 364362.0 ], [ 242062.0, 364366.0 ], [ 242060.0, 364366.0 ], [ 242060.0, 364368.0 ], [ 242058.0, 364368.0 ], [ 242058.0, 364370.0 ], [ 242060.0, 364370.0 ], [ 242060.0, 364372.0 ], [ 242062.0, 364372.0 ], [ 242062.0, 364380.0 ], [ 242060.0, 364380.0 ], [ 242060.0, 364382.0 ], [ 242058.0, 364382.0 ], [ 242058.0, 364384.0 ], [ 242056.0, 364384.0 ], [ 242056.0, 364382.0 ], [ 242054.0, 364382.0 ], [ 242054.0, 364380.0 ], [ 242052.0, 364380.0 ] ], [ [ 242368.0, 364374.0 ], [ 242368.0, 364372.0 ], [ 242370.0, 364372.0 ], [ 242370.0, 364370.0 ], [ 242372.0, 364370.0 ], [ 242372.0, 364368.0 ], [ 242374.0, 364368.0 ], [ 242374.0, 364366.0 ], [ 242376.0, 364366.0 ], [ 242376.0, 364368.0 ], [ 242378.0, 364368.0 ], [ 242378.0, 364370.0 ], [ 242380.0, 364370.0 ], [ 242380.0, 364374.0 ], [ 242378.0, 364374.0 ], [ 242378.0, 364376.0 ], [ 242376.0, 364376.0 ], [ 242376.0, 364378.0 ], [ 242372.0, 364378.0 ], [ 242372.0, 364376.0 ], [ 242370.0, 364376.0 ], [ 242370.0, 364374.0 ], [ 242368.0, 364374.0 ] ], [ [ 242340.0, 364364.0 ], [ 242340.0, 364366.0 ], [ 242338.0, 364366.0 ], [ 242338.0, 364364.0 ], [ 242336.0, 364364.0 ], [ 242336.0, 364362.0 ], [ 242334.0, 364362.0 ], [ 242334.0, 364360.0 ], [ 242332.0, 364360.0 ], [ 242332.0, 364358.0 ], [ 242334.0, 364358.0 ], [ 242334.0, 364354.0 ], [ 242336.0, 364354.0 ], [ 242336.0, 364352.0 ], [ 242338.0, 364352.0 ], [ 242338.0, 364350.0 ], [ 242344.0, 364350.0 ], [ 242344.0, 364352.0 ], [ 242346.0, 364352.0 ], [ 242346.0, 364354.0 ], [ 242348.0, 364354.0 ], [ 242348.0, 364358.0 ], [ 242350.0, 364358.0 ], [ 242350.0, 364360.0 ], [ 242352.0, 364360.0 ], [ 242352.0, 364364.0 ], [ 242350.0, 364364.0 ], [ 242350.0, 364366.0 ], [ 242348.0, 364366.0 ], [ 242348.0, 364368.0 ], [ 242346.0, 364368.0 ], [ 242346.0, 364366.0 ], [ 242342.0, 364366.0 ], [ 242342.0, 364364.0 ], [ 242340.0, 364364.0 ] ], [ [ 242314.0, 364344.0 ], [ 242314.0, 364342.0 ], [ 242316.0, 364342.0 ], [ 242316.0, 364340.0 ], [ 242318.0, 364340.0 ], [ 242318.0, 364338.0 ], [ 242320.0, 364338.0 ], [ 242320.0, 364340.0 ], [ 242322.0, 364340.0 ], [ 242322.0, 364342.0 ], [ 242324.0, 364342.0 ], [ 242324.0, 364344.0 ], [ 242322.0, 364344.0 ], [ 242322.0, 364346.0 ], [ 242320.0, 364346.0 ], [ 242320.0, 364348.0 ], [ 242318.0, 364348.0 ], [ 242318.0, 364346.0 ], [ 242316.0, 364346.0 ], [ 242316.0, 364344.0 ], [ 242314.0, 364344.0 ] ], [ [ 242084.0, 364320.0 ], [ 242084.0, 364318.0 ], [ 242086.0, 364318.0 ], [ 242086.0, 364316.0 ], [ 242088.0, 364316.0 ], [ 242088.0, 364314.0 ], [ 242090.0, 364314.0 ], [ 242090.0, 364316.0 ], [ 242092.0, 364316.0 ], [ 242092.0, 364318.0 ], [ 242094.0, 364318.0 ], [ 242094.0, 364320.0 ], [ 242092.0, 364320.0 ], [ 242092.0, 364322.0 ], [ 242090.0, 364322.0 ], [ 242090.0, 364324.0 ], [ 242088.0, 364324.0 ], [ 242088.0, 364322.0 ], [ 242086.0, 364322.0 ], [ 242086.0, 364320.0 ], [ 242084.0, 364320.0 ] ], [ [ 242362.0, 364256.0 ], [ 242362.0, 364252.0 ], [ 242360.0, 364252.0 ], [ 242360.0, 364250.0 ], [ 242362.0, 364250.0 ], [ 242362.0, 364248.0 ], [ 242364.0, 364248.0 ], [ 242364.0, 364246.0 ], [ 242366.0, 364246.0 ], [ 242366.0, 364248.0 ], [ 242368.0, 364248.0 ], [ 242368.0, 364250.0 ], [ 242370.0, 364250.0 ], [ 242370.0, 364254.0 ], [ 242372.0, 364254.0 ], [ 242372.0, 364256.0 ], [ 242370.0, 364256.0 ], [ 242370.0, 364258.0 ], [ 242368.0, 364258.0 ], [ 242368.0, 364260.0 ], [ 242366.0, 364260.0 ], [ 242366.0, 364258.0 ], [ 242364.0, 364258.0 ], [ 242364.0, 364256.0 ], [ 242362.0, 364256.0 ] ], [ [ 241848.0, 364250.0 ], [ 241848.0, 364246.0 ], [ 241850.0, 364246.0 ], [ 241850.0, 364244.0 ], [ 241852.0, 364244.0 ], [ 241852.0, 364242.0 ], [ 241854.0, 364242.0 ], [ 241854.0, 364244.0 ], [ 241856.0, 364244.0 ], [ 241856.0, 364246.0 ], [ 241858.0, 364246.0 ], [ 241858.0, 364248.0 ], [ 241860.0, 364248.0 ], [ 241860.0, 364250.0 ], [ 241858.0, 364250.0 ], [ 241858.0, 364252.0 ], [ 241856.0, 364252.0 ], [ 241856.0, 364254.0 ], [ 241852.0, 364254.0 ], [ 241852.0, 364252.0 ], [ 241850.0, 364252.0 ], [ 241850.0, 364250.0 ], [ 241848.0, 364250.0 ] ], [ [ 242304.0, 364172.0 ], [ 242304.0, 364170.0 ], [ 242306.0, 364170.0 ], [ 242306.0, 364168.0 ], [ 242308.0, 364168.0 ], [ 242308.0, 364166.0 ], [ 242310.0, 364166.0 ], [ 242310.0, 364164.0 ], [ 242312.0, 364164.0 ], [ 242312.0, 364166.0 ], [ 242314.0, 364166.0 ], [ 242314.0, 364168.0 ], [ 242316.0, 364168.0 ], [ 242316.0, 364172.0 ], [ 242314.0, 364172.0 ], [ 242314.0, 364174.0 ], [ 242312.0, 364174.0 ], [ 242312.0, 364176.0 ], [ 242308.0, 364176.0 ], [ 242308.0, 364174.0 ], [ 242306.0, 364174.0 ], [ 242306.0, 364172.0 ], [ 242304.0, 364172.0 ] ], [ [ 242302.0, 364142.0 ], [ 242302.0, 364138.0 ], [ 242304.0, 364138.0 ], [ 242304.0, 364136.0 ], [ 242306.0, 364136.0 ], [ 242306.0, 364134.0 ], [ 242308.0, 364134.0 ], [ 242308.0, 364136.0 ], [ 242310.0, 364136.0 ], [ 242310.0, 364138.0 ], [ 242312.0, 364138.0 ], [ 242312.0, 364140.0 ], [ 242314.0, 364140.0 ], [ 242314.0, 364142.0 ], [ 242312.0, 364142.0 ], [ 242312.0, 364144.0 ], [ 242310.0, 364144.0 ], [ 242310.0, 364146.0 ], [ 242306.0, 364146.0 ], [ 242306.0, 364144.0 ], [ 242304.0, 364144.0 ], [ 242304.0, 364142.0 ], [ 242302.0, 364142.0 ] ], [ [ 242298.0, 364130.0 ], [ 242298.0, 364128.0 ], [ 242300.0, 364128.0 ], [ 242300.0, 364126.0 ], [ 242302.0, 364126.0 ], [ 242302.0, 364124.0 ], [ 242304.0, 364124.0 ], [ 242304.0, 364126.0 ], [ 242306.0, 364126.0 ], [ 242306.0, 364128.0 ], [ 242308.0, 364128.0 ], [ 242308.0, 364130.0 ], [ 242306.0, 364130.0 ], [ 242306.0, 364132.0 ], [ 242304.0, 364132.0 ], [ 242304.0, 364134.0 ], [ 242302.0, 364134.0 ], [ 242302.0, 364132.0 ], [ 242300.0, 364132.0 ], [ 242300.0, 364130.0 ], [ 242298.0, 364130.0 ] ], [ [ 242288.0, 364114.0 ], [ 242288.0, 364112.0 ], [ 242290.0, 364112.0 ], [ 242290.0, 364110.0 ], [ 242292.0, 364110.0 ], [ 242292.0, 364108.0 ], [ 242294.0, 364108.0 ], [ 242294.0, 364110.0 ], [ 242296.0, 364110.0 ], [ 242296.0, 364112.0 ], [ 242298.0, 364112.0 ], [ 242298.0, 364114.0 ], [ 242296.0, 364114.0 ], [ 242296.0, 364116.0 ], [ 242294.0, 364116.0 ], [ 242294.0, 364118.0 ], [ 242292.0, 364118.0 ], [ 242292.0, 364116.0 ], [ 242290.0, 364116.0 ], [ 242290.0, 364114.0 ], [ 242288.0, 364114.0 ] ], [ [ 241922.0, 364092.0 ], [ 241922.0, 364090.0 ], [ 241924.0, 364090.0 ], [ 241924.0, 364088.0 ], [ 241926.0, 364088.0 ], [ 241926.0, 364086.0 ], [ 241928.0, 364086.0 ], [ 241928.0, 364088.0 ], [ 241930.0, 364088.0 ], [ 241930.0, 364090.0 ], [ 241932.0, 364090.0 ], [ 241932.0, 364092.0 ], [ 241930.0, 364092.0 ], [ 241930.0, 364094.0 ], [ 241928.0, 364094.0 ], [ 241928.0, 364096.0 ], [ 241926.0, 364096.0 ], [ 241926.0, 364094.0 ], [ 241924.0, 364094.0 ], [ 241924.0, 364092.0 ], [ 241922.0, 364092.0 ] ], [ [ 241946.0, 364082.0 ], [ 241946.0, 364080.0 ], [ 241944.0, 364080.0 ], [ 241944.0, 364082.0 ], [ 241942.0, 364082.0 ], [ 241942.0, 364080.0 ], [ 241940.0, 364080.0 ], [ 241940.0, 364078.0 ], [ 241938.0, 364078.0 ], [ 241938.0, 364076.0 ], [ 241940.0, 364076.0 ], [ 241940.0, 364074.0 ], [ 241942.0, 364074.0 ], [ 241942.0, 364072.0 ], [ 241944.0, 364072.0 ], [ 241944.0, 364074.0 ], [ 241946.0, 364074.0 ], [ 241946.0, 364072.0 ], [ 241948.0, 364072.0 ], [ 241948.0, 364074.0 ], [ 241950.0, 364074.0 ], [ 241950.0, 364076.0 ], [ 241952.0, 364076.0 ], [ 241952.0, 364078.0 ], [ 241954.0, 364078.0 ], [ 241954.0, 364080.0 ], [ 241956.0, 364080.0 ], [ 241956.0, 364082.0 ], [ 241954.0, 364082.0 ], [ 241954.0, 364084.0 ], [ 241952.0, 364084.0 ], [ 241952.0, 364086.0 ], [ 241950.0, 364086.0 ], [ 241950.0, 364084.0 ], [ 241948.0, 364084.0 ], [ 241948.0, 364082.0 ], [ 241946.0, 364082.0 ] ], [ [ 241736.0, 364080.0 ], [ 241736.0, 364074.0 ], [ 241738.0, 364074.0 ], [ 241738.0, 364072.0 ], [ 241740.0, 364072.0 ], [ 241740.0, 364070.0 ], [ 241744.0, 364070.0 ], [ 241744.0, 364072.0 ], [ 241746.0, 364072.0 ], [ 241746.0, 364074.0 ], [ 241748.0, 364074.0 ], [ 241748.0, 364080.0 ], [ 241746.0, 364080.0 ], [ 241746.0, 364082.0 ], [ 241744.0, 364082.0 ], [ 241744.0, 364084.0 ], [ 241740.0, 364084.0 ], [ 241740.0, 364082.0 ], [ 241738.0, 364082.0 ], [ 241738.0, 364080.0 ], [ 241736.0, 364080.0 ] ], [ [ 241846.0, 364080.0 ], [ 241846.0, 364078.0 ], [ 241848.0, 364078.0 ], [ 241848.0, 364076.0 ], [ 241850.0, 364076.0 ], [ 241850.0, 364074.0 ], [ 241852.0, 364074.0 ], [ 241852.0, 364076.0 ], [ 241854.0, 364076.0 ], [ 241854.0, 364078.0 ], [ 241856.0, 364078.0 ], [ 241856.0, 364080.0 ], [ 241854.0, 364080.0 ], [ 241854.0, 364082.0 ], [ 241852.0, 364082.0 ], [ 241852.0, 364084.0 ], [ 241850.0, 364084.0 ], [ 241850.0, 364082.0 ], [ 241848.0, 364082.0 ], [ 241848.0, 364080.0 ], [ 241846.0, 364080.0 ] ], [ [ 241800.0, 364044.0 ], [ 241800.0, 364042.0 ], [ 241802.0, 364042.0 ], [ 241802.0, 364040.0 ], [ 241804.0, 364040.0 ], [ 241804.0, 364038.0 ], [ 241810.0, 364038.0 ], [ 241810.0, 364040.0 ], [ 241812.0, 364040.0 ], [ 241812.0, 364042.0 ], [ 241814.0, 364042.0 ], [ 241814.0, 364044.0 ], [ 241812.0, 364044.0 ], [ 241812.0, 364046.0 ], [ 241810.0, 364046.0 ], [ 241810.0, 364048.0 ], [ 241804.0, 364048.0 ], [ 241804.0, 364046.0 ], [ 241802.0, 364046.0 ], [ 241802.0, 364044.0 ], [ 241800.0, 364044.0 ] ], [ [ 241456.0, 364034.0 ], [ 241456.0, 364032.0 ], [ 241458.0, 364032.0 ], [ 241458.0, 364030.0 ], [ 241460.0, 364030.0 ], [ 241460.0, 364028.0 ], [ 241462.0, 364028.0 ], [ 241462.0, 364030.0 ], [ 241464.0, 364030.0 ], [ 241464.0, 364032.0 ], [ 241466.0, 364032.0 ], [ 241466.0, 364034.0 ], [ 241464.0, 364034.0 ], [ 241464.0, 364036.0 ], [ 241462.0, 364036.0 ], [ 241462.0, 364038.0 ], [ 241460.0, 364038.0 ], [ 241460.0, 364036.0 ], [ 241458.0, 364036.0 ], [ 241458.0, 364034.0 ], [ 241456.0, 364034.0 ] ], [ [ 241908.0, 364026.0 ], [ 241908.0, 364024.0 ], [ 241906.0, 364024.0 ], [ 241906.0, 364022.0 ], [ 241908.0, 364022.0 ], [ 241908.0, 364020.0 ], [ 241910.0, 364020.0 ], [ 241910.0, 364014.0 ], [ 241912.0, 364014.0 ], [ 241912.0, 364008.0 ], [ 241914.0, 364008.0 ], [ 241914.0, 364006.0 ], [ 241916.0, 364006.0 ], [ 241916.0, 364004.0 ], [ 241918.0, 364004.0 ], [ 241918.0, 364006.0 ], [ 241920.0, 364006.0 ], [ 241920.0, 364008.0 ], [ 241922.0, 364008.0 ], [ 241922.0, 364014.0 ], [ 241924.0, 364014.0 ], [ 241924.0, 364018.0 ], [ 241926.0, 364018.0 ], [ 241926.0, 364022.0 ], [ 241924.0, 364022.0 ], [ 241924.0, 364024.0 ], [ 241922.0, 364024.0 ], [ 241922.0, 364026.0 ], [ 241920.0, 364026.0 ], [ 241920.0, 364028.0 ], [ 241918.0, 364028.0 ], [ 241918.0, 364030.0 ], [ 241914.0, 364030.0 ], [ 241914.0, 364028.0 ], [ 241910.0, 364028.0 ], [ 241910.0, 364026.0 ], [ 241908.0, 364026.0 ] ], [ [ 241880.0, 364002.0 ], [ 241880.0, 363998.0 ], [ 241878.0, 363998.0 ], [ 241878.0, 363994.0 ], [ 241880.0, 363994.0 ], [ 241880.0, 363992.0 ], [ 241882.0, 363992.0 ], [ 241882.0, 363990.0 ], [ 241886.0, 363990.0 ], [ 241886.0, 363988.0 ], [ 241888.0, 363988.0 ], [ 241888.0, 363986.0 ], [ 241892.0, 363986.0 ], [ 241892.0, 363988.0 ], [ 241896.0, 363988.0 ], [ 241896.0, 363990.0 ], [ 241898.0, 363990.0 ], [ 241898.0, 363992.0 ], [ 241900.0, 363992.0 ], [ 241900.0, 363994.0 ], [ 241898.0, 363994.0 ], [ 241898.0, 364002.0 ], [ 241896.0, 364002.0 ], [ 241896.0, 364004.0 ], [ 241894.0, 364004.0 ], [ 241894.0, 364006.0 ], [ 241892.0, 364006.0 ], [ 241892.0, 364004.0 ], [ 241890.0, 364004.0 ], [ 241890.0, 364006.0 ], [ 241884.0, 364006.0 ], [ 241884.0, 364004.0 ], [ 241882.0, 364004.0 ], [ 241882.0, 364002.0 ], [ 241880.0, 364002.0 ] ], [ [ 241868.0, 363982.0 ], [ 241868.0, 363980.0 ], [ 241866.0, 363980.0 ], [ 241866.0, 363978.0 ], [ 241864.0, 363978.0 ], [ 241864.0, 363974.0 ], [ 241862.0, 363974.0 ], [ 241862.0, 363972.0 ], [ 241860.0, 363972.0 ], [ 241860.0, 363970.0 ], [ 241862.0, 363970.0 ], [ 241862.0, 363968.0 ], [ 241864.0, 363968.0 ], [ 241864.0, 363966.0 ], [ 241866.0, 363966.0 ], [ 241866.0, 363968.0 ], [ 241868.0, 363968.0 ], [ 241868.0, 363970.0 ], [ 241872.0, 363970.0 ], [ 241872.0, 363972.0 ], [ 241874.0, 363972.0 ], [ 241874.0, 363974.0 ], [ 241876.0, 363974.0 ], [ 241876.0, 363976.0 ], [ 241878.0, 363976.0 ], [ 241878.0, 363978.0 ], [ 241876.0, 363978.0 ], [ 241876.0, 363980.0 ], [ 241878.0, 363980.0 ], [ 241878.0, 363982.0 ], [ 241876.0, 363982.0 ], [ 241876.0, 363984.0 ], [ 241874.0, 363984.0 ], [ 241874.0, 363986.0 ], [ 241872.0, 363986.0 ], [ 241872.0, 363984.0 ], [ 241870.0, 363984.0 ], [ 241870.0, 363982.0 ], [ 241868.0, 363982.0 ] ], [ [ 241596.0, 363884.0 ], [ 241596.0, 363882.0 ], [ 241594.0, 363882.0 ], [ 241594.0, 363880.0 ], [ 241596.0, 363880.0 ], [ 241596.0, 363878.0 ], [ 241598.0, 363878.0 ], [ 241598.0, 363876.0 ], [ 241610.0, 363876.0 ], [ 241610.0, 363874.0 ], [ 241612.0, 363874.0 ], [ 241612.0, 363872.0 ], [ 241614.0, 363872.0 ], [ 241614.0, 363870.0 ], [ 241616.0, 363870.0 ], [ 241616.0, 363868.0 ], [ 241618.0, 363868.0 ], [ 241618.0, 363866.0 ], [ 241620.0, 363866.0 ], [ 241620.0, 363868.0 ], [ 241622.0, 363868.0 ], [ 241622.0, 363870.0 ], [ 241624.0, 363870.0 ], [ 241624.0, 363872.0 ], [ 241622.0, 363872.0 ], [ 241622.0, 363876.0 ], [ 241620.0, 363876.0 ], [ 241620.0, 363880.0 ], [ 241618.0, 363880.0 ], [ 241618.0, 363882.0 ], [ 241616.0, 363882.0 ], [ 241616.0, 363884.0 ], [ 241614.0, 363884.0 ], [ 241614.0, 363886.0 ], [ 241606.0, 363886.0 ], [ 241606.0, 363888.0 ], [ 241600.0, 363888.0 ], [ 241600.0, 363886.0 ], [ 241598.0, 363886.0 ], [ 241598.0, 363884.0 ], [ 241596.0, 363884.0 ] ] ], [ [ [ 242188.0, 364284.0 ], [ 242190.0, 364284.0 ], [ 242190.0, 364282.0 ], [ 242188.0, 364282.0 ], [ 242188.0, 364284.0 ] ] ], [ [ [ 241834.0, 364300.0 ], [ 241836.0, 364300.0 ], [ 241836.0, 364298.0 ], [ 241834.0, 364298.0 ], [ 241834.0, 364300.0 ] ] ], [ [ [ 241928.0, 364306.0 ], [ 241926.0, 364306.0 ], [ 241926.0, 364304.0 ], [ 241924.0, 364304.0 ], [ 241924.0, 364306.0 ], [ 241922.0, 364306.0 ], [ 241922.0, 364308.0 ], [ 241920.0, 364308.0 ], [ 241920.0, 364312.0 ], [ 241926.0, 364312.0 ], [ 241926.0, 364310.0 ], [ 241928.0, 364310.0 ], [ 241928.0, 364306.0 ] ] ], [ [ [ 241926.0, 364368.0 ], [ 241928.0, 364368.0 ], [ 241928.0, 364366.0 ], [ 241926.0, 364366.0 ], [ 241926.0, 364368.0 ] ] ], [ [ [ 241902.0, 364370.0 ], [ 241900.0, 364370.0 ], [ 241900.0, 364372.0 ], [ 241902.0, 364372.0 ], [ 241902.0, 364370.0 ] ] ], [ [ [ 241904.0, 364372.0 ], [ 241902.0, 364372.0 ], [ 241902.0, 364376.0 ], [ 241906.0, 364376.0 ], [ 241906.0, 364374.0 ], [ 241904.0, 364374.0 ], [ 241904.0, 364372.0 ] ] ] ] } },
{ "type": "Feature", "properties": { "layer": "slack_floor", "group": "AS", "delta_m": 0.75, "floor_m": 6.4300000667572021, "area_ha": 6.4788, "bounded_by": "dem" }, "geometry": { "type": "MultiPolygon", "coordinates": [ [ [ [ 241492.0, 362974.0 ], [ 241492.0, 362972.0 ], [ 241496.0, 362972.0 ], [ 241496.0, 362970.0 ], [ 241498.0, 362970.0 ], [ 241498.0, 362968.0 ], [ 241500.0, 362968.0 ], [ 241500.0, 362966.0 ], [ 241502.0, 362966.0 ], [ 241502.0, 362956.0 ], [ 241504.0, 362956.0 ], [ 241504.0, 362944.0 ], [ 241502.0, 362944.0 ], [ 241502.0, 362938.0 ], [ 241500.0, 362938.0 ], [ 241500.0, 362932.0 ], [ 241498.0, 362932.0 ], [ 241498.0, 362930.0 ], [ 241496.0, 362930.0 ], [ 241496.0, 362926.0 ], [ 241494.0, 362926.0 ], [ 241494.0, 362922.0 ], [ 241492.0, 362922.0 ], [ 241492.0, 362918.0 ], [ 241490.0, 362918.0 ], [ 241490.0, 362914.0 ], [ 241488.0, 362914.0 ], [ 241488.0, 362912.0 ], [ 241486.0, 362912.0 ], [ 241486.0, 362908.0 ], [ 241488.0, 362908.0 ], [ 241488.0, 362906.0 ], [ 241486.0, 362906.0 ], [ 241486.0, 362900.0 ], [ 241484.0, 362900.0 ], [ 241484.0, 362898.0 ], [ 241482.0, 362898.0 ], [ 241482.0, 362896.0 ], [ 241480.0, 362896.0 ], [ 241480.0, 362892.0 ], [ 241478.0, 362892.0 ], [ 241478.0, 362886.0 ], [ 241480.0, 362886.0 ], [ 241480.0, 362884.0 ], [ 241478.0, 362884.0 ], [ 241478.0, 362882.0 ], [ 241464.0, 362882.0 ], [ 241464.0, 362884.0 ], [ 241466.0, 362884.0 ], [ 241466.0, 362886.0 ], [ 241464.0, 362886.0 ], [ 241464.0, 362888.0 ], [ 241462.0, 362888.0 ], [ 241462.0, 362890.0 ], [ 241458.0, 362890.0 ], [ 241458.0, 362892.0 ], [ 241460.0, 362892.0 ], [ 241460.0, 362894.0 ], [ 241462.0, 362894.0 ], [ 241462.0, 362892.0 ], [ 241464.0, 362892.0 ], [ 241464.0, 362890.0 ], [ 241466.0, 362890.0 ], [ 241466.0, 362892.0 ], [ 241468.0, 362892.0 ], [ 241468.0, 362894.0 ], [ 241470.0, 362894.0 ], [ 241470.0, 362904.0 ], [ 241468.0, 362904.0 ], [ 241468.0, 362906.0 ], [ 241466.0, 362906.0 ], [ 241466.0, 362908.0 ], [ 241464.0, 362908.0 ], [ 241464.0, 362910.0 ], [ 241466.0, 362910.0 ], [ 241466.0, 362912.0 ], [ 241468.0, 362912.0 ], [ 241468.0, 362916.0 ], [ 241470.0, 362916.0 ], [ 241470.0, 362920.0 ], [ 241468.0, 362920.0 ], [ 241468.0, 362922.0 ], [ 241466.0, 362922.0 ], [ 241466.0, 362924.0 ], [ 241464.0, 362924.0 ], [ 241464.0, 362926.0 ], [ 241462.0, 362926.0 ], [ 241462.0, 362924.0 ], [ 241460.0, 362924.0 ], [ 241460.0, 362922.0 ], [ 241458.0, 362922.0 ], [ 241458.0, 362920.0 ], [ 241454.0, 362920.0 ], [ 241454.0, 362918.0 ], [ 241452.0, 362918.0 ], [ 241452.0, 362916.0 ], [ 241448.0, 362916.0 ], [ 241448.0, 362914.0 ], [ 241446.0, 362914.0 ], [ 241446.0, 362912.0 ], [ 241444.0, 362912.0 ], [ 241444.0, 362910.0 ], [ 241446.0, 362910.0 ], [ 241446.0, 362908.0 ], [ 241448.0, 362908.0 ], [ 241448.0, 362906.0 ], [ 241452.0, 362906.0 ], [ 241452.0, 362902.0 ], [ 241450.0, 362902.0 ], [ 241450.0, 362900.0 ], [ 241448.0, 362900.0 ], [ 241448.0, 362898.0 ], [ 241450.0, 362898.0 ], [ 241450.0, 362896.0 ], [ 241448.0, 362896.0 ], [ 241448.0, 362894.0 ], [ 241446.0, 362894.0 ], [ 241446.0, 362896.0 ], [ 241444.0, 362896.0 ], [ 241444.0, 362894.0 ], [ 241438.0, 362894.0 ], [ 241438.0, 362896.0 ], [ 241436.0, 362896.0 ], [ 241436.0, 362898.0 ], [ 241432.0, 362898.0 ], [ 241432.0, 362900.0 ], [ 241434.0, 362900.0 ], [ 241434.0, 362902.0 ], [ 241436.0, 362902.0 ], [ 241436.0, 362906.0 ], [ 241438.0, 362906.0 ], [ 241438.0, 362912.0 ], [ 241440.0, 362912.0 ], [ 241440.0, 362914.0 ], [ 241442.0, 362914.0 ], [ 241442.0, 362918.0 ], [ 241444.0, 362918.0 ], [ 241444.0, 362920.0 ], [ 241446.0, 362920.0 ], [ 241446.0, 362924.0 ], [ 241444.0, 362924.0 ], [ 241444.0, 362926.0 ], [ 241442.0, 362926.0 ], [ 241442.0, 362930.0 ], [ 241446.0, 362930.0 ], [ 241446.0, 362932.0 ], [ 241448.0, 362932.0 ], [ 241448.0, 362934.0 ], [ 241450.0, 362934.0 ], [ 241450.0, 362936.0 ], [ 241452.0, 362936.0 ], [ 241452.0, 362938.0 ], [ 241454.0, 362938.0 ], [ 241454.0, 362940.0 ], [ 241456.0, 362940.0 ], [ 241456.0, 362942.0 ], [ 241458.0, 362942.0 ], [ 241458.0, 362944.0 ], [ 241456.0, 362944.0 ], [ 241456.0, 362952.0 ], [ 241458.0, 362952.0 ], [ 241458.0, 362958.0 ], [ 241460.0, 362958.0 ], [ 241460.0, 362960.0 ], [ 241464.0, 362960.0 ], [ 241464.0, 362962.0 ], [ 241466.0, 362962.0 ], [ 241466.0, 362964.0 ], [ 241468.0, 362964.0 ], [ 241468.0, 362968.0 ], [ 241470.0, 362968.0 ], [ 241470.0, 362966.0 ], [ 241474.0, 362966.0 ], [ 241474.0, 362968.0 ], [ 241476.0, 362968.0 ], [ 241476.0, 362970.0 ], [ 241478.0, 362970.0 ], [ 241478.0, 362972.0 ], [ 241480.0, 362972.0 ], [ 241480.0, 362976.0 ], [ 241490.0, 362976.0 ], [ 241490.0, 362974.0 ], [ 241492.0, 362974.0 ] ] ], [ [ [ 241544.0, 362944.0 ], [ 241544.0, 362946.0 ], [ 241546.0, 362946.0 ], [ 241546.0, 362944.0 ], [ 241544.0, 362944.0 ] ] ], [ [ [ 241592.0, 363062.0 ], [ 241592.0, 363058.0 ], [ 241590.0, 363058.0 ], [ 241590.0, 363056.0 ], [ 241588.0, 363056.0 ], [ 241588.0, 363054.0 ], [ 241586.0, 363054.0 ], [ 241586.0, 363060.0 ], [ 241588.0, 363060.0 ], [ 241588.0, 363064.0 ], [ 241590.0, 363064.0 ], [ 241590.0, 363068.0 ], [ 241594.0, 363068.0 ], [ 241594.0, 363062.0 ], [ 241592.0, 363062.0 ] ] ], [ [ [ 241788.0, 363356.0 ], [ 241788.0, 363350.0 ], [ 241790.0, 363350.0 ], [ 241790.0, 363348.0 ], [ 241792.0, 363348.0 ], [ 241792.0, 363346.0 ], [ 241794.0, 363346.0 ], [ 241794.0, 363344.0 ], [ 241796.0, 363344.0 ], [ 241796.0, 363340.0 ], [ 241798.0, 363340.0 ], [ 241798.0, 363338.0 ], [ 241800.0, 363338.0 ], [ 241800.0, 363336.0 ], [ 241802.0, 363336.0 ], [ 241802.0, 363332.0 ], [ 241804.0, 363332.0 ], [ 241804.0, 363326.0 ], [ 241806.0, 363326.0 ], [ 241806.0, 363322.0 ], [ 241808.0, 363322.0 ], [ 241808.0, 363320.0 ], [ 241806.0, 363320.0 ], [ 241806.0, 363318.0 ], [ 241808.0, 363318.0 ], [ 241808.0, 363310.0 ], [ 241810.0, 363310.0 ], [ 241810.0, 363302.0 ], [ 241812.0, 363302.0 ], [ 241812.0, 363296.0 ], [ 241814.0, 363296.0 ], [ 241814.0, 363290.0 ], [ 241816.0, 363290.0 ], [ 241816.0, 363284.0 ], [ 241818.0, 363284.0 ], [ 241818.0, 363282.0 ], [ 241820.0, 363282.0 ], [ 241820.0, 363280.0 ], [ 241822.0, 363280.0 ], [ 241822.0, 363278.0 ], [ 241826.0, 363278.0 ], [ 241826.0, 363280.0 ], [ 241828.0, 363280.0 ], [ 241828.0, 363282.0 ], [ 241830.0, 363282.0 ], [ 241830.0, 363284.0 ], [ 241832.0, 363284.0 ], [ 241832.0, 363280.0 ], [ 241834.0, 363280.0 ], [ 241834.0, 363270.0 ], [ 241836.0, 363270.0 ], [ 241836.0, 363268.0 ], [ 241838.0, 363268.0 ], [ 241838.0, 363266.0 ], [ 241842.0, 363266.0 ], [ 241842.0, 363264.0 ], [ 241848.0, 363264.0 ], [ 241848.0, 363262.0 ], [ 241850.0, 363262.0 ], [ 241850.0, 363260.0 ], [ 241852.0, 363260.0 ], [ 241852.0, 363256.0 ], [ 241854.0, 363256.0 ], [ 241854.0, 363254.0 ], [ 241856.0, 363254.0 ], [ 241856.0, 363248.0 ], [ 241854.0, 363248.0 ], [ 241854.0, 363246.0 ], [ 241848.0, 363246.0 ], [ 241848.0, 363244.0 ], [ 241846.0, 363244.0 ], [ 241846.0, 363242.0 ], [ 241844.0, 363242.0 ], [ 241844.0, 363240.0 ], [ 241842.0, 363240.0 ], [ 241842.0, 363238.0 ], [ 241840.0, 363238.0 ], [ 241840.0, 363236.0 ], [ 241838.0, 363236.0 ], [ 241838.0, 363232.0 ], [ 241836.0, 363232.0 ], [ 241836.0, 363230.0 ], [ 241834.0, 363230.0 ], [ 241834.0, 363228.0 ], [ 241832.0, 363228.0 ], [ 241832.0, 363226.0 ], [ 241830.0, 363226.0 ], [ 241830.0, 363224.0 ], [ 241828.0, 363224.0 ], [ 241828.0, 363220.0 ], [ 241826.0, 363220.0 ], [ 241826.0, 363216.0 ], [ 241824.0, 363216.0 ], [ 241824.0, 363214.0 ], [ 241822.0, 363214.0 ], [ 241822.0, 363212.0 ], [ 241820.0, 363212.0 ], [ 241820.0, 363210.0 ], [ 241818.0, 363210.0 ], [ 241818.0, 363208.0 ], [ 241816.0, 363208.0 ], [ 241816.0, 363206.0 ], [ 241814.0, 363206.0 ], [ 241814.0, 363202.0 ], [ 241816.0, 363202.0 ], [ 241816.0, 363200.0 ], [ 241818.0, 363200.0 ], [ 241818.0, 363198.0 ], [ 241822.0, 363198.0 ], [ 241822.0, 363194.0 ], [ 241820.0, 363194.0 ], [ 241820.0, 363188.0 ], [ 241818.0, 363188.0 ], [ 241818.0, 363184.0 ], [ 241816.0, 363184.0 ], [ 241816.0, 363180.0 ], [ 241814.0, 363180.0 ], [ 241814.0, 363176.0 ], [ 241812.0, 363176.0 ], [ 241812.0, 363172.0 ], [ 241810.0, 363172.0 ], [ 241810.0, 363170.0 ], [ 241808.0, 363170.0 ], [ 241808.0, 363164.0 ], [ 241806.0, 363164.0 ], [ 241806.0, 363160.0 ], [ 241804.0, 363160.0 ], [ 241804.0, 363158.0 ], [ 241802.0, 363158.0 ], [ 241802.0, 363156.0 ], [ 241804.0, 363156.0 ], [ 241804.0, 363148.0 ], [ 241802.0, 363148.0 ], [ 241802.0, 363142.0 ], [ 241804.0, 363142.0 ], [ 241804.0, 363140.0 ], [ 241806.0, 363140.0 ], [ 241806.0, 363130.0 ], [ 241804.0, 363130.0 ], [ 241804.0, 363122.0 ], [ 241802.0, 363122.0 ], [ 241802.0, 363116.0 ], [ 241800.0, 363116.0 ], [ 241800.0, 363114.0 ], [ 241798.0, 363114.0 ], [ 241798.0, 363112.0 ], [ 241796.0, 363112.0 ], [ 241796.0, 363106.0 ], [ 241794.0, 363106.0 ], [ 241794.0, 363104.0 ], [ 241792.0, 363104.0 ], [ 241792.0, 363102.0 ], [ 241790.0, 363102.0 ], [ 241790.0, 363100.0 ], [ 241788.0, 363100.0 ], [ 241788.0, 363098.0 ], [ 241786.0, 363098.0 ], [ 241786.0, 363094.0 ], [ 241784.0, 363094.0 ], [ 241784.0, 363088.0 ], [ 241782.0, 363088.0 ], [ 241782.0, 363086.0 ], [ 241780.0, 363086.0 ], [ 241780.0, 363078.0 ], [ 241778.0, 363078.0 ], [ 241778.0, 363076.0 ], [ 241776.0, 363076.0 ], [ 241776.0, 363074.0 ], [ 241774.0, 363074.0 ], [ 241774.0, 363072.0 ], [ 241772.0, 363072.0 ], [ 241772.0, 363070.0 ], [ 241770.0, 363070.0 ], [ 241770.0, 363068.0 ], [ 241768.0, 363068.0 ], [ 241768.0, 363066.0 ], [ 241766.0, 363066.0 ], [ 241766.0, 363064.0 ], [ 241760.0, 363064.0 ], [ 241760.0, 363062.0 ], [ 241758.0, 363062.0 ], [ 241758.0, 363060.0 ], [ 241756.0, 363060.0 ], [ 241756.0, 363058.0 ], [ 241754.0, 363058.0 ], [ 241754.0, 363048.0 ], [ 241752.0, 363048.0 ], [ 241752.0, 363046.0 ], [ 241750.0, 363046.0 ], [ 241750.0, 363044.0 ], [ 241748.0, 363044.0 ], [ 241748.0, 363042.0 ], [ 241746.0, 363042.0 ], [ 241746.0, 363040.0 ], [ 241738.0, 363040.0 ], [ 241738.0, 363038.0 ], [ 241736.0, 363038.0 ], [ 241736.0, 363036.0 ], [ 241732.0, 363036.0 ], [ 241732.0, 363034.0 ], [ 241730.0, 363034.0 ], [ 241730.0, 363032.0 ], [ 241728.0, 363032.0 ], [ 241728.0, 363030.0 ], [ 241726.0, 363030.0 ], [ 241726.0, 363020.0 ], [ 241728.0, 363020.0 ], [ 241728.0, 363018.0 ], [ 241726.0, 363018.0 ], [ 241726.0, 363012.0 ], [ 241722.0, 363012.0 ], [ 241722.0, 363010.0 ], [ 241720.0, 363010.0 ], [ 241720.0, 363008.0 ], [ 241718.0, 363008.0 ], [ 241718.0, 363002.0 ], [ 241716.0, 363002.0 ], [ 241716.0, 362996.0 ], [ 241718.0, 362996.0 ], [ 241718.0, 362994.0 ], [ 241720.0, 362994.0 ], [ 241720.0, 362988.0 ], [ 241718.0, 362988.0 ], [ 241718.0, 362984.0 ], [ 241716.0, 362984.0 ], [ 241716.0, 362980.0 ], [ 241714.0, 362980.0 ], [ 241714.0, 362976.0 ], [ 241712.0, 362976.0 ], [ 241712.0, 362970.0 ], [ 241710.0, 362970.0 ], [ 241710.0, 362966.0 ], [ 241708.0, 362966.0 ], [ 241708.0, 362958.0 ], [ 241706.0, 362958.0 ], [ 241706.0, 362946.0 ], [ 241704.0, 362946.0 ], [ 241704.0, 362944.0 ], [ 241702.0, 362944.0 ], [ 241702.0, 362938.0 ], [ 241700.0, 362938.0 ], [ 241700.0, 362934.0 ], [ 241698.0, 362934.0 ], [ 241698.0, 362930.0 ], [ 241696.0, 362930.0 ], [ 241696.0, 362928.0 ], [ 241694.0, 362928.0 ], [ 241694.0, 362924.0 ], [ 241692.0, 362924.0 ], [ 241692.0, 362920.0 ], [ 241690.0, 362920.0 ], [ 241690.0, 362916.0 ], [ 241688.0, 362916.0 ], [ 241688.0, 362912.0 ], [ 241686.0, 362912.0 ], [ 241686.0, 362910.0 ], [ 241684.0, 362910.0 ], [ 241684.0, 362906.0 ], [ 241682.0, 362906.0 ], [ 241682.0, 362904.0 ], [ 241680.0, 362904.0 ], [ 241680.0, 362902.0 ], [ 241678.0, 362902.0 ], [ 241678.0, 362898.0 ], [ 241676.0, 362898.0 ], [ 241676.0, 362896.0 ], [ 241674.0, 362896.0 ], [ 241674.0, 362890.0 ], [ 241672.0, 362890.0 ], [ 241672.0, 362888.0 ], [ 241670.0, 362888.0 ], [ 241670.0, 362886.0 ], [ 241660.0, 362886.0 ], [ 241660.0, 362884.0 ], [ 241658.0, 362884.0 ], [ 241658.0, 362882.0 ], [ 241656.0, 362882.0 ], [ 241656.0, 362880.0 ], [ 241654.0, 362880.0 ], [ 241654.0, 362878.0 ], [ 241652.0, 362878.0 ], [ 241652.0, 362876.0 ], [ 241650.0, 362876.0 ], [ 241650.0, 362874.0 ], [ 241648.0, 362874.0 ], [ 241648.0, 362872.0 ], [ 241646.0, 362872.0 ], [ 241646.0, 362870.0 ], [ 241644.0, 362870.0 ], [ 241644.0, 362868.0 ], [ 241642.0, 362868.0 ], [ 241642.0, 362866.0 ], [ 241638.0, 362866.0 ], [ 241638.0, 362864.0 ], [ 241636.0, 362864.0 ], [ 241636.0, 362862.0 ], [ 241632.0, 362862.0 ], [ 241632.0, 362860.0 ], [ 241630.0, 362860.0 ], [ 241630.0, 362858.0 ], [ 241626.0, 362858.0 ], [ 241626.0, 362856.0 ], [ 241622.0, 362856.0 ], [ 241622.0, 362854.0 ], [ 241620.0, 362854.0 ], [ 241620.0, 362852.0 ], [ 241616.0, 362852.0 ], [ 241616.0, 362850.0 ], [ 241612.0, 362850.0 ], [ 241612.0, 362848.0 ], [ 241608.0, 362848.0 ], [ 241608.0, 362846.0 ], [ 241606.0, 362846.0 ], [ 241606.0, 362844.0 ], [ 241604.0, 362844.0 ], [ 241604.0, 362848.0 ], [ 241606.0, 362848.0 ], [ 241606.0, 362858.0 ], [ 241608.0, 362858.0 ], [ 241608.0, 362866.0 ], [ 241610.0, 362866.0 ], [ 241610.0, 362868.0 ], [ 241612.0, 362868.0 ], [ 241612.0, 362870.0 ], [ 241614.0, 362870.0 ], [ 241614.0, 362872.0 ], [ 241616.0, 362872.0 ], [ 241616.0, 362874.0 ], [ 241618.0, 362874.0 ], [ 241618.0, 362876.0 ], [ 241620.0, 362876.0 ], [ 241620.0, 362878.0 ], [ 241622.0, 362878.0 ], [ 241622.0, 362880.0 ], [ 241624.0, 362880.0 ], [ 241624.0, 362882.0 ], [ 241626.0, 362882.0 ], [ 241626.0, 362886.0 ], [ 241628.0, 362886.0 ], [ 241628.0, 362892.0 ], [ 241630.0, 362892.0 ], [ 241630.0, 362894.0 ], [ 241632.0, 362894.0 ], [ 241632.0, 362896.0 ], [ 241634.0, 362896.0 ], [ 241634.0, 362898.0 ], [ 241636.0, 362898.0 ], [ 241636.0, 362904.0 ], [ 241638.0, 362904.0 ], [ 241638.0, 362906.0 ], [ 241640.0, 362906.0 ], [ 241640.0, 362908.0 ], [ 241642.0, 362908.0 ], [ 241642.0, 362910.0 ], [ 241644.0, 362910.0 ], [ 241644.0, 362912.0 ], [ 241646.0, 362912.0 ], [ 241646.0, 362914.0 ], [ 241648.0, 362914.0 ], [ 241648.0, 362916.0 ], [ 241650.0, 362916.0 ], [ 241650.0, 362918.0 ], [ 241652.0, 362918.0 ], [ 241652.0, 362920.0 ], [ 241654.0, 362920.0 ], [ 241654.0, 362924.0 ], [ 241656.0, 362924.0 ], [ 241656.0, 362926.0 ], [ 241658.0, 362926.0 ], [ 241658.0, 362928.0 ], [ 241656.0, 362928.0 ], [ 241656.0, 362930.0 ], [ 241654.0, 362930.0 ], [ 241654.0, 362932.0 ], [ 241652.0, 362932.0 ], [ 241652.0, 362934.0 ], [ 241654.0, 362934.0 ], [ 241654.0, 362936.0 ], [ 241652.0, 362936.0 ], [ 241652.0, 362938.0 ], [ 241650.0, 362938.0 ], [ 241650.0, 362940.0 ], [ 241646.0, 362940.0 ], [ 241646.0, 362938.0 ], [ 241644.0, 362938.0 ], [ 241644.0, 362936.0 ], [ 241642.0, 362936.0 ], [ 241642.0, 362934.0 ], [ 241632.0, 362934.0 ], [ 241632.0, 362942.0 ], [ 241630.0, 362942.0 ], [ 241630.0, 362944.0 ], [ 241628.0, 362944.0 ], [ 241628.0, 362946.0 ], [ 241626.0, 362946.0 ], [ 241626.0, 362944.0 ], [ 241608.0, 362944.0 ], [ 241608.0, 362946.0 ], [ 241604.0, 362946.0 ], [ 241604.0, 362948.0 ], [ 241602.0, 362948.0 ], [ 241602.0, 362950.0 ], [ 241600.0, 362950.0 ], [ 241600.0, 362952.0 ], [ 241596.0, 362952.0 ], [ 241596.0, 362950.0 ], [ 241594.0, 362950.0 ], [ 241594.0, 362948.0 ], [ 241590.0, 362948.0 ], [ 241590.0, 362946.0 ], [ 241588.0, 362946.0 ], [ 241588.0, 362944.0 ], [ 241586.0, 362944.0 ], [ 241586.0, 362938.0 ], [ 241584.0, 362938.0 ], [ 241584.0, 362936.0 ], [ 241580.0, 362936.0 ], [ 241580.0, 362934.0 ], [ 241578.0, 362934.0 ], [ 241578.0, 362932.0 ], [ 241576.0, 362932.0 ], [ 241576.0, 362930.0 ], [ 241574.0, 362930.0 ], [ 241574.0, 362928.0 ], [ 241570.0, 362928.0 ], [ 241570.0, 362926.0 ], [ 241568.0, 362926.0 ], [ 241568.0, 362924.0 ], [ 241560.0, 362924.0 ], [ 241560.0, 362922.0 ], [ 241558.0, 362922.0 ], [ 241558.0, 362920.0 ], [ 241556.0, 362920.0 ], [ 241556.0, 362918.0 ], [ 241558.0, 362918.0 ], [ 241558.0, 362916.0 ], [ 241556.0, 362916.0 ], [ 241556.0, 362910.0 ], [ 241548.0, 362910.0 ], [ 241548.0, 362908.0 ], [ 241546.0, 362908.0 ], [ 241546.0, 362906.0 ], [ 241544.0, 362906.0 ], [ 241544.0, 362904.0 ], [ 241542.0, 362904.0 ], [ 241542.0, 362906.0 ], [ 241538.0, 362906.0 ], [ 241538.0, 362904.0 ], [ 241534.0, 362904.0 ], [ 241534.0, 362902.0 ], [ 241530.0, 362902.0 ], [ 241530.0, 362908.0 ], [ 241532.0, 362908.0 ], [ 241532.0, 362914.0 ], [ 241538.0, 362914.0 ], [ 241538.0, 362916.0 ], [ 241540.0, 362916.0 ], [ 241540.0, 362918.0 ], [ 241542.0, 362918.0 ], [ 241542.0, 362920.0 ], [ 241544.0, 362920.0 ], [ 241544.0, 362924.0 ], [ 241542.0, 362924.0 ], [ 241542.0, 362926.0 ], [ 241544.0, 362926.0 ], [ 241544.0, 362928.0 ], [ 241546.0, 362928.0 ], [ 241546.0, 362930.0 ], [ 241548.0, 362930.0 ], [ 241548.0, 362932.0 ], [ 241550.0, 362932.0 ], [ 241550.0, 362940.0 ], [ 241552.0, 362940.0 ], [ 241552.0, 362942.0 ], [ 241550.0, 362942.0 ], [ 241550.0, 362944.0 ], [ 241548.0, 362944.0 ], [ 241548.0, 362946.0 ], [ 241546.0, 362946.0 ], [ 241546.0, 362950.0 ], [ 241548.0, 362950.0 ], [ 241548.0, 362954.0 ], [ 241550.0, 362954.0 ], [ 241550.0, 362952.0 ], [ 241552.0, 362952.0 ], [ 241552.0, 362950.0 ], [ 241554.0, 362950.0 ], [ 241554.0, 362948.0 ], [ 241556.0, 362948.0 ], [ 241556.0, 362950.0 ], [ 241558.0, 362950.0 ], [ 241558.0, 362952.0 ], [ 241560.0, 362952.0 ], [ 241560.0, 362956.0 ], [ 241562.0, 362956.0 ], [ 241562.0, 362958.0 ], [ 241564.0, 362958.0 ], [ 241564.0, 362960.0 ], [ 241568.0, 362960.0 ], [ 241568.0, 362962.0 ], [ 241570.0, 362962.0 ], [ 241570.0, 362964.0 ], [ 241572.0, 362964.0 ], [ 241572.0, 362966.0 ], [ 241570.0, 362966.0 ], [ 241570.0, 362970.0 ], [ 241572.0, 362970.0 ], [ 241572.0, 362974.0 ], [ 241574.0, 362974.0 ], [ 241574.0, 362980.0 ], [ 241576.0, 362980.0 ], [ 241576.0, 362982.0 ], [ 241574.0, 362982.0 ], [ 241574.0, 362986.0 ], [ 241576.0, 362986.0 ], [ 241576.0, 362988.0 ], [ 241578.0, 362988.0 ], [ 241578.0, 362990.0 ], [ 241580.0, 362990.0 ], [ 241580.0, 362992.0 ], [ 241582.0, 362992.0 ], [ 241582.0, 362994.0 ], [ 241584.0, 362994.0 ], [ 241584.0, 363004.0 ], [ 241586.0, 363004.0 ], [ 241586.0, 363008.0 ], [ 241588.0, 363008.0 ], [ 241588.0, 363012.0 ], [ 241590.0, 363012.0 ], [ 241590.0, 363016.0 ], [ 241592.0, 363016.0 ], [ 241592.0, 363018.0 ], [ 241594.0, 363018.0 ], [ 241594.0, 363020.0 ], [ 241592.0, 363020.0 ], [ 241592.0, 363022.0 ], [ 241594.0, 363022.0 ], [ 241594.0, 363024.0 ], [ 241596.0, 363024.0 ], [ 241596.0, 363028.0 ], [ 241598.0, 363028.0 ], [ 241598.0, 363032.0 ], [ 241600.0, 363032.0 ], [ 241600.0, 363034.0 ], [ 241598.0, 363034.0 ], [ 241598.0, 363036.0 ], [ 241596.0, 363036.0 ], [ 241596.0, 363040.0 ], [ 241598.0, 363040.0 ], [ 241598.0, 363044.0 ], [ 241600.0, 363044.0 ], [ 241600.0, 363052.0 ], [ 241602.0, 363052.0 ], [ 241602.0, 363056.0 ], [ 241604.0, 363056.0 ], [ 241604.0, 363066.0 ], [ 241602.0, 363066.0 ], [ 241602.0, 363070.0 ], [ 241604.0, 363070.0 ], [ 241604.0, 363072.0 ], [ 241602.0, 363072.0 ], [ 241602.0, 363074.0 ], [ 241600.0, 363074.0 ], [ 241600.0, 363076.0 ], [ 241598.0, 363076.0 ], [ 241598.0, 363074.0 ], [ 241596.0, 363074.0 ], [ 241596.0, 363072.0 ], [ 241592.0, 363072.0 ], [ 241592.0, 363074.0 ], [ 241594.0, 363074.0 ], [ 241594.0, 363076.0 ], [ 241596.0, 363076.0 ], [ 241596.0, 363082.0 ], [ 241594.0, 363082.0 ], [ 241594.0, 363084.0 ], [ 241596.0, 363084.0 ], [ 241596.0, 363086.0 ], [ 241598.0, 363086.0 ], [ 241598.0, 363088.0 ], [ 241606.0, 363088.0 ], [ 241606.0, 363086.0 ], [ 241608.0, 363086.0 ], [ 241608.0, 363088.0 ], [ 241610.0, 363088.0 ], [ 241610.0, 363090.0 ], [ 241612.0, 363090.0 ], [ 241612.0, 363092.0 ], [ 241614.0, 363092.0 ], [ 241614.0, 363094.0 ], [ 241612.0, 363094.0 ], [ 241612.0, 363098.0 ], [ 241610.0, 363098.0 ], [ 241610.0, 363100.0 ], [ 241608.0, 363100.0 ], [ 241608.0, 363102.0 ], [ 241606.0, 363102.0 ], [ 241606.0, 363106.0 ], [ 241608.0, 363106.0 ], [ 241608.0, 363108.0 ], [ 241610.0, 363108.0 ], [ 241610.0, 363110.0 ], [ 241612.0, 363110.0 ], [ 241612.0, 363112.0 ], [ 241614.0, 363112.0 ], [ 241614.0, 363124.0 ], [ 241616.0, 363124.0 ], [ 241616.0, 363126.0 ], [ 241618.0, 363126.0 ], [ 241618.0, 363138.0 ], [ 241620.0, 363138.0 ], [ 241620.0, 363142.0 ], [ 241618.0, 363142.0 ], [ 241618.0, 363144.0 ], [ 241620.0, 363144.0 ], [ 241620.0, 363152.0 ], [ 241618.0, 363152.0 ], [ 241618.0, 363156.0 ], [ 241616.0, 363156.0 ], [ 241616.0, 363164.0 ], [ 241618.0, 363164.0 ], [ 241618.0, 363168.0 ], [ 241620.0, 363168.0 ], [ 241620.0, 363172.0 ], [ 241622.0, 363172.0 ], [ 241622.0, 363174.0 ], [ 241624.0, 363174.0 ], [ 241624.0, 363176.0 ], [ 241626.0, 363176.0 ], [ 241626.0, 363178.0 ], [ 241628.0, 363178.0 ], [ 241628.0, 363176.0 ], [ 241630.0, 363176.0 ], [ 241630.0, 363178.0 ], [ 241632.0, 363178.0 ], [ 241632.0, 363180.0 ], [ 241634.0, 363180.0 ], [ 241634.0, 363182.0 ], [ 241636.0, 363182.0 ], [ 241636.0, 363186.0 ], [ 241638.0, 363186.0 ], [ 241638.0, 363188.0 ], [ 241640.0, 363188.0 ], [ 241640.0, 363190.0 ], [ 241642.0, 363190.0 ], [ 241642.0, 363194.0 ], [ 241644.0, 363194.0 ], [ 241644.0, 363198.0 ], [ 241646.0, 363198.0 ], [ 241646.0, 363206.0 ], [ 241648.0, 363206.0 ], [ 241648.0, 363214.0 ], [ 241650.0, 363214.0 ], [ 241650.0, 363216.0 ], [ 241652.0, 363216.0 ], [ 241652.0, 363218.0 ], [ 241654.0, 363218.0 ], [ 241654.0, 363220.0 ], [ 241652.0, 363220.0 ], [ 241652.0, 363222.0 ], [ 241656.0, 363222.0 ], [ 241656.0, 363224.0 ], [ 241658.0, 363224.0 ], [ 241658.0, 363226.0 ], [ 241660.0, 363226.0 ], [ 241660.0, 363230.0 ], [ 241662.0, 363230.0 ], [ 241662.0, 363232.0 ], [ 241664.0, 363232.0 ], [ 241664.0, 363234.0 ], [ 241666.0, 363234.0 ], [ 241666.0, 363238.0 ], [ 241670.0, 363238.0 ], [ 241670.0, 363240.0 ], [ 241672.0, 363240.0 ], [ 241672.0, 363242.0 ], [ 241674.0, 363242.0 ], [ 241674.0, 363250.0 ], [ 241676.0, 363250.0 ], [ 241676.0, 363252.0 ], [ 241678.0, 363252.0 ], [ 241678.0, 363254.0 ], [ 241680.0, 363254.0 ], [ 241680.0, 363256.0 ], [ 241682.0, 363256.0 ], [ 241682.0, 363264.0 ], [ 241684.0, 363264.0 ], [ 241684.0, 363278.0 ], [ 241686.0, 363278.0 ], [ 241686.0, 363280.0 ], [ 241684.0, 363280.0 ], [ 241684.0, 363282.0 ], [ 241682.0, 363282.0 ], [ 241682.0, 363286.0 ], [ 241684.0, 363286.0 ], [ 241684.0, 363288.0 ], [ 241692.0, 363288.0 ], [ 241692.0, 363286.0 ], [ 241694.0, 363286.0 ], [ 241694.0, 363284.0 ], [ 241696.0, 363284.0 ], [ 241696.0, 363286.0 ], [ 241700.0, 363286.0 ], [ 241700.0, 363288.0 ], [ 241704.0, 363288.0 ], [ 241704.0, 363290.0 ], [ 241706.0, 363290.0 ], [ 241706.0, 363292.0 ], [ 241708.0, 363292.0 ], [ 241708.0, 363294.0 ], [ 241710.0, 363294.0 ], [ 241710.0, 363296.0 ], [ 241712.0, 363296.0 ], [ 241712.0, 363298.0 ], [ 241714.0, 363298.0 ], [ 241714.0, 363302.0 ], [ 241716.0, 363302.0 ], [ 241716.0, 363304.0 ], [ 241718.0, 363304.0 ], [ 241718.0, 363306.0 ], [ 241720.0, 363306.0 ], [ 241720.0, 363308.0 ], [ 241722.0, 363308.0 ], [ 241722.0, 363310.0 ], [ 241724.0, 363310.0 ], [ 241724.0, 363312.0 ], [ 241726.0, 363312.0 ], [ 241726.0, 363316.0 ], [ 241728.0, 363316.0 ], [ 241728.0, 363318.0 ], [ 241730.0, 363318.0 ], [ 241730.0, 363320.0 ], [ 241732.0, 363320.0 ], [ 241732.0, 363322.0 ], [ 241734.0, 363322.0 ], [ 241734.0, 363324.0 ], [ 241736.0, 363324.0 ], [ 241736.0, 363326.0 ], [ 241738.0, 363326.0 ], [ 241738.0, 363328.0 ], [ 241740.0, 363328.0 ], [ 241740.0, 363330.0 ], [ 241742.0, 363330.0 ], [ 241742.0, 363332.0 ], [ 241744.0, 363332.0 ], [ 241744.0, 363334.0 ], [ 241746.0, 363334.0 ], [ 241746.0, 363336.0 ], [ 241748.0, 363336.0 ], [ 241748.0, 363338.0 ], [ 241750.0, 363338.0 ], [ 241750.0, 363342.0 ], [ 241752.0, 363342.0 ], [ 241752.0, 363344.0 ], [ 241754.0, 363344.0 ], [ 241754.0, 363348.0 ], [ 241756.0, 363348.0 ], [ 241756.0, 363350.0 ], [ 241758.0, 363350.0 ], [ 241758.0, 363348.0 ], [ 241760.0, 363348.0 ], [ 241760.0, 363346.0 ], [ 241762.0, 363346.0 ], [ 241762.0, 363348.0 ], [ 241764.0, 363348.0 ], [ 241764.0, 363350.0 ], [ 241766.0, 363350.0 ], [ 241766.0, 363352.0 ], [ 241776.0, 363352.0 ], [ 241776.0, 363350.0 ], [ 241778.0, 363350.0 ], [ 241778.0, 363348.0 ], [ 241776.0, 363348.0 ], [ 241776.0, 363346.0 ], [ 241778.0, 363346.0 ], [ 241778.0, 363344.0 ], [ 241780.0, 363344.0 ], [ 241780.0, 363340.0 ], [ 241782.0, 363340.0 ], [ 241782.0, 363336.0 ], [ 241784.0, 363336.0 ], [ 241784.0, 363334.0 ], [ 241786.0, 363334.0 ], [ 241786.0, 363332.0 ], [ 241788.0, 363332.0 ], [ 241788.0, 363330.0 ], [ 241792.0, 363330.0 ], [ 241792.0, 363328.0 ], [ 241794.0, 363328.0 ], [ 241794.0, 363330.0 ], [ 241796.0, 363330.0 ], [ 241796.0, 363332.0 ], [ 241798.0, 363332.0 ], [ 241798.0, 363334.0 ], [ 241796.0, 363334.0 ], [ 241796.0, 363336.0 ], [ 241794.0, 363336.0 ], [ 241794.0, 363338.0 ], [ 241792.0, 363338.0 ], [ 241792.0, 363340.0 ], [ 241790.0, 363340.0 ], [ 241790.0, 363342.0 ], [ 241788.0, 363342.0 ], [ 241788.0, 363344.0 ], [ 241786.0, 363344.0 ], [ 241786.0, 363348.0 ], [ 241784.0, 363348.0 ], [ 241784.0, 363350.0 ], [ 241782.0, 363350.0 ], [ 241782.0, 363352.0 ], [ 241784.0, 363352.0 ], [ 241784.0, 363354.0 ], [ 241782.0, 363354.0 ], [ 241782.0, 363360.0 ], [ 241786.0, 363360.0 ], [ 241786.0, 363356.0 ], [ 241788.0, 363356.0 ] ], [ [ 241712.0, 363268.0 ], [ 241710.0, 363268.0 ], [ 241710.0, 363266.0 ], [ 241708.0, 363266.0 ], [ 241708.0, 363264.0 ], [ 241702.0, 363264.0 ], [ 241702.0, 363262.0 ], [ 241700.0, 363262.0 ], [ 241700.0, 363260.0 ], [ 241698.0, 363260.0 ], [ 241698.0, 363256.0 ], [ 241696.0, 363256.0 ], [ 241696.0, 363254.0 ], [ 241692.0, 363254.0 ], [ 241692.0, 363252.0 ], [ 241688.0, 363252.0 ], [ 241688.0, 363250.0 ], [ 241686.0, 363250.0 ], [ 241686.0, 363248.0 ], [ 241684.0, 363248.0 ], [ 241684.0, 363240.0 ], [ 241682.0, 363240.0 ], [ 241682.0, 363238.0 ], [ 241680.0, 363238.0 ], [ 241680.0, 363234.0 ], [ 241682.0, 363234.0 ], [ 241682.0, 363232.0 ], [ 241684.0, 363232.0 ], [ 241684.0, 363230.0 ], [ 241686.0, 363230.0 ], [ 241686.0, 363228.0 ], [ 241688.0, 363228.0 ], [ 241688.0, 363226.0 ], [ 241692.0, 363226.0 ], [ 241692.0, 363228.0 ], [ 241694.0, 363228.0 ], [ 241694.0, 363230.0 ], [ 241696.0, 363230.0 ], [ 241696.0, 363232.0 ], [ 241698.0, 363232.0 ], [ 241698.0, 363234.0 ], [ 241700.0, 363234.0 ], [ 241700.0, 363236.0 ], [ 241702.0, 363236.0 ], [ 241702.0, 363228.0 ], [ 241704.0, 363228.0 ], [ 241704.0, 363226.0 ], [ 241706.0, 363226.0 ], [ 241706.0, 363224.0 ], [ 241708.0, 363224.0 ], [ 241708.0, 363226.0 ], [ 241710.0, 363226.0 ], [ 241710.0, 363228.0 ], [ 241712.0, 363228.0 ], [ 241712.0, 363234.0 ], [ 241714.0, 363234.0 ], [ 241714.0, 363236.0 ], [ 241716.0, 363236.0 ], [ 241716.0, 363238.0 ], [ 241718.0, 363238.0 ], [ 241718.0, 363236.0 ], [ 241720.0, 363236.0 ], [ 241720.0, 363238.0 ], [ 241722.0, 363238.0 ], [ 241722.0, 363240.0 ], [ 241724.0, 363240.0 ], [ 241724.0, 363238.0 ], [ 241726.0, 363238.0 ], [ 241726.0, 363236.0 ], [ 241728.0, 363236.0 ], [ 241728.0, 363238.0 ], [ 241730.0, 363238.0 ], [ 241730.0, 363240.0 ], [ 241732.0, 363240.0 ], [ 241732.0, 363242.0 ], [ 241734.0, 363242.0 ], [ 241734.0, 363240.0 ], [ 241742.0, 363240.0 ], [ 241742.0, 363242.0 ], [ 241744.0, 363242.0 ], [ 241744.0, 363244.0 ], [ 241746.0, 363244.0 ], [ 241746.0, 363246.0 ], [ 241744.0, 363246.0 ], [ 241744.0, 363256.0 ], [ 241742.0, 363256.0 ], [ 241742.0, 363258.0 ], [ 241740.0, 363258.0 ], [ 241740.0, 363260.0 ], [ 241736.0, 363260.0 ], [ 241736.0, 363262.0 ], [ 241728.0, 363262.0 ], [ 241728.0, 363264.0 ], [ 241730.0, 363264.0 ], [ 241730.0, 363266.0 ], [ 241728.0, 363266.0 ], [ 241728.0, 363268.0 ], [ 241726.0, 363268.0 ], [ 241726.0, 363270.0 ], [ 241722.0, 363270.0 ], [ 241722.0, 363268.0 ], [ 241720.0, 363268.0 ], [ 241720.0, 363270.0 ], [ 241716.0, 363270.0 ], [ 241716.0, 363272.0 ], [ 241714.0, 363272.0 ], [ 241714.0, 363270.0 ], [ 241712.0, 363270.0 ], [ 241712.0, 363268.0 ] ], [ [ 241682.0, 363186.0 ], [ 241680.0, 363186.0 ], [ 241680.0, 363184.0 ], [ 241672.0, 363184.0 ], [ 241672.0, 363182.0 ], [ 241668.0, 363182.0 ], [ 241668.0, 363180.0 ], [ 241666.0, 363180.0 ], [ 241666.0, 363178.0 ], [ 241664.0, 363178.0 ], [ 241664.0, 363176.0 ], [ 241662.0, 363176.0 ], [ 241662.0, 363174.0 ], [ 241660.0, 363174.0 ], [ 241660.0, 363168.0 ], [ 241658.0, 363168.0 ], [ 241658.0, 363166.0 ], [ 241656.0, 363166.0 ], [ 241656.0, 363162.0 ], [ 241654.0, 363162.0 ], [ 241654.0, 363160.0 ], [ 241652.0, 363160.0 ], [ 241652.0, 363158.0 ], [ 241650.0, 363158.0 ], [ 241650.0, 363156.0 ], [ 241648.0, 363156.0 ], [ 241648.0, 363154.0 ], [ 241644.0, 363154.0 ], [ 241644.0, 363152.0 ], [ 241642.0, 363152.0 ], [ 241642.0, 363150.0 ], [ 241640.0, 363150.0 ], [ 241640.0, 363148.0 ], [ 241638.0, 363148.0 ], [ 241638.0, 363146.0 ], [ 241636.0, 363146.0 ], [ 241636.0, 363144.0 ], [ 241634.0, 363144.0 ], [ 241634.0, 363142.0 ], [ 241632.0, 363142.0 ], [ 241632.0, 363140.0 ], [ 241630.0, 363140.0 ], [ 241630.0, 363138.0 ], [ 241626.0, 363138.0 ], [ 241626.0, 363136.0 ], [ 241624.0, 363136.0 ], [ 241624.0, 363134.0 ], [ 241622.0, 363134.0 ], [ 241622.0, 363132.0 ], [ 241624.0, 363132.0 ], [ 241624.0, 363130.0 ], [ 241626.0, 363130.0 ], [ 241626.0, 363128.0 ], [ 241632.0, 363128.0 ], [ 241632.0, 363126.0 ], [ 241642.0, 363126.0 ], [ 241642.0, 363128.0 ], [ 241644.0, 363128.0 ], [ 241644.0, 363130.0 ], [ 241646.0, 363130.0 ], [ 241646.0, 363132.0 ], [ 241650.0, 363132.0 ], [ 241650.0, 363130.0 ], [ 241648.0, 363130.0 ], [ 241648.0, 363126.0 ], [ 241650.0, 363126.0 ], [ 241650.0, 363124.0 ], [ 241652.0, 363124.0 ], [ 241652.0, 363122.0 ], [ 241654.0, 363122.0 ], [ 241654.0, 363120.0 ], [ 241656.0, 363120.0 ], [ 241656.0, 363118.0 ], [ 241660.0, 363118.0 ], [ 241660.0, 363120.0 ], [ 241662.0, 363120.0 ], [ 241662.0, 363122.0 ], [ 241664.0, 363122.0 ], [ 241664.0, 363124.0 ], [ 241666.0, 363124.0 ], [ 241666.0, 363126.0 ], [ 241668.0, 363126.0 ], [ 241668.0, 363130.0 ], [ 241670.0, 363130.0 ], [ 241670.0, 363132.0 ], [ 241672.0, 363132.0 ], [ 241672.0, 363134.0 ], [ 241674.0, 363134.0 ], [ 241674.0, 363140.0 ], [ 241676.0, 363140.0 ], [ 241676.0, 363146.0 ], [ 241674.0, 363146.0 ], [ 241674.0, 363148.0 ], [ 241676.0, 363148.0 ], [ 241676.0, 363152.0 ], [ 241678.0, 363152.0 ], [ 241678.0, 363154.0 ], [ 241680.0, 363154.0 ], [ 241680.0, 363158.0 ], [ 241682.0, 363158.0 ], [ 241682.0, 363160.0 ], [ 241684.0, 363160.0 ], [ 241684.0, 363162.0 ], [ 241686.0, 363162.0 ], [ 241686.0, 363166.0 ], [ 241688.0, 363166.0 ], [ 241688.0, 363172.0 ], [ 241690.0, 363172.0 ], [ 241690.0, 363184.0 ], [ 241692.0, 363184.0 ], [ 241692.0, 363186.0 ], [ 241690.0, 363186.0 ], [ 241690.0, 363188.0 ], [ 241688.0, 363188.0 ], [ 241688.0, 363190.0 ], [ 241684.0, 363190.0 ], [ 241684.0, 363188.0 ], [ 241682.0, 363188.0 ], [ 241682.0, 363186.0 ] ], [ [ 241622.0, 363120.0 ], [ 241620.0, 363120.0 ], [ 241620.0, 363118.0 ], [ 241618.0, 363118.0 ], [ 241618.0, 363114.0 ], [ 241616.0, 363114.0 ], [ 241616.0, 363106.0 ], [ 241618.0, 363106.0 ], [ 241618.0, 363104.0 ], [ 241620.0, 363104.0 ], [ 241620.0, 363102.0 ], [ 241622.0, 363102.0 ], [ 241622.0, 363100.0 ], [ 241624.0, 363100.0 ], [ 241624.0, 363098.0 ], [ 241626.0, 363098.0 ], [ 241626.0, 363100.0 ], [ 241628.0, 363100.0 ], [ 241628.0, 363102.0 ], [ 241630.0, 363102.0 ], [ 241630.0, 363108.0 ], [ 241632.0, 363108.0 ], [ 241632.0, 363120.0 ], [ 241630.0, 363120.0 ], [ 241630.0, 363122.0 ], [ 241628.0, 363122.0 ], [ 241628.0, 363124.0 ], [ 241624.0, 363124.0 ], [ 241624.0, 363122.0 ], [ 241622.0, 363122.0 ], [ 241622.0, 363120.0 ] ] ], [ [ [ 241714.0, 363238.0 ], [ 241714.0, 363240.0 ], [ 241716.0, 363240.0 ], [ 241716.0, 363238.0 ], [ 241714.0, 363238.0 ] ] ], [ [ [ 241718.0, 363252.0 ], [ 241718.0, 363248.0 ], [ 241716.0, 363248.0 ], [ 241716.0, 363242.0 ], [ 241712.0, 363242.0 ], [ 241712.0, 363246.0 ], [ 241714.0, 363246.0 ], [ 241714.0, 363254.0 ], [ 241716.0, 363254.0 ], [ 241716.0, 363252.0 ], [ 241718.0, 363252.0 ] ] ], [ [ [ 241832.0, 363290.0 ], [ 241832.0, 363286.0 ], [ 241830.0, 363286.0 ], [ 241830.0, 363292.0 ], [ 241834.0, 363292.0 ], [ 241834.0, 363290.0 ], [ 241832.0, 363290.0 ] ] ], [ [ [ 241824.0, 363342.0 ], [ 241824.0, 363340.0 ], [ 241826.0, 363340.0 ], [ 241826.0, 363332.0 ], [ 241828.0, 363332.0 ], [ 241828.0, 363320.0 ], [ 241826.0, 363320.0 ], [ 241826.0, 363314.0 ], [ 241822.0, 363314.0 ], [ 241822.0, 363316.0 ], [ 241820.0, 363316.0 ], [ 241820.0, 363322.0 ], [ 241822.0, 363322.0 ], [ 241822.0, 363324.0 ], [ 241820.0, 363324.0 ], [ 241820.0, 363340.0 ], [ 241818.0, 363340.0 ], [ 241818.0, 363346.0 ], [ 241822.0, 363346.0 ], [ 241822.0, 363342.0 ], [ 241824.0, 363342.0 ] ] ] ] } },
{ "type": "Feature", "properties": { "layer": "slack_floor", "group": "BS", "delta_m": 0.3, "floor_m": 10.837499618530273, "area_ha": 16.7976, "bounded_by": "reach" }, "geometry": { "type": "MultiPolygon", "coordinates": [ [ [ [ 241838.0, 363514.0 ], [ 241842.0, 363514.0 ], [ 241842.0, 363512.0 ], [ 241838.0, 363512.0 ], [ 241838.0, 363514.0 ] ] ], [ [ [ 241848.0, 363516.0 ], [ 241848.0, 363514.0 ], [ 241846.0, 363514.0 ], [ 241846.0, 363516.0 ], [ 241848.0, 363516.0 ] ] ], [ [ [ 241882.0, 363516.0 ], [ 241882.0, 363512.0 ], [ 241880.0, 363512.0 ], [ 241880.0, 363510.0 ], [ 241878.0, 363510.0 ], [ 241878.0, 363508.0 ], [ 241868.0, 363508.0 ], [ 241868.0, 363510.0 ], [ 241866.0, 363510.0 ], [ 241866.0, 363512.0 ], [ 241864.0, 363512.0 ], [ 241864.0, 363514.0 ], [ 241862.0, 363514.0 ], [ 241862.0, 363512.0 ], [ 241856.0, 363512.0 ], [ 241856.0, 363514.0 ], [ 241854.0, 363514.0 ], [ 241854.0, 363518.0 ], [ 241858.0, 363518.0 ], [ 241858.0, 363516.0 ], [ 241862.0, 363516.0 ], [ 241862.0, 363518.0 ], [ 241864.0, 363518.0 ], [ 241864.0, 363520.0 ], [ 241868.0, 363520.0 ], [ 241868.0, 363518.0 ], [ 241870.0, 363518.0 ], [ 241870.0, 363516.0 ], [ 241872.0, 363516.0 ], [ 241872.0, 363518.0 ], [ 241874.0, 363518.0 ], [ 241874.0, 363520.0 ], [ 241876.0, 363520.0 ], [ 241876.0, 363522.0 ], [ 241878.0, 363522.0 ], [ 241878.0, 363520.0 ], [ 241880.0, 363520.0 ], [ 241880.0, 363516.0 ], [ 241882.0, 363516.0 ] ] ], [ [ [ 241848.0, 363524.0 ], [ 241848.0, 363522.0 ], [ 241844.0, 363522.0 ], [ 241844.0, 363524.0 ], [ 241848.0, 363524.0 ] ] ], [ [ [ 241850.0, 363526.0 ], [ 241850.0, 363524.0 ], [ 241848.0, 363524.0 ], [ 241848.0, 363526.0 ], [ 241850.0, 363526.0 ] ] ], [ [ [ 241894.0, 363530.0 ], [ 241894.0, 363528.0 ], [ 241892.0, 363528.0 ], [ 241892.0, 363530.0 ], [ 241894.0, 363530.0 ] ] ], [ [ [ 241862.0, 363534.0 ], [ 241866.0, 363534.0 ], [ 241866.0, 363532.0 ], [ 241870.0, 363532.0 ], [ 241870.0, 363530.0 ], [ 241874.0, 363530.0 ], [ 241874.0, 363532.0 ], [ 241876.0, 363532.0 ], [ 241876.0, 363534.0 ], [ 241878.0, 363534.0 ], [ 241878.0, 363536.0 ], [ 241880.0, 363536.0 ], [ 241880.0, 363534.0 ], [ 241886.0, 363534.0 ], [ 241886.0, 363530.0 ], [ 241882.0, 363530.0 ], [ 241882.0, 363528.0 ], [ 241880.0, 363528.0 ], [ 241880.0, 363526.0 ], [ 241878.0, 363526.0 ], [ 241878.0, 363524.0 ], [ 241876.0, 363524.0 ], [ 241876.0, 363522.0 ], [ 241874.0, 363522.0 ], [ 241874.0, 363524.0 ], [ 241872.0, 363524.0 ], [ 241872.0, 363526.0 ], [ 241870.0, 363526.0 ], [ 241870.0, 363524.0 ], [ 241868.0, 363524.0 ], [ 241868.0, 363522.0 ], [ 241864.0, 363522.0 ], [ 241864.0, 363526.0 ], [ 241862.0, 363526.0 ], [ 241862.0, 363528.0 ], [ 241860.0, 363528.0 ], [ 241860.0, 363530.0 ], [ 241858.0, 363530.0 ], [ 241858.0, 363528.0 ], [ 241856.0, 363528.0 ], [ 241856.0, 363526.0 ], [ 241854.0, 363526.0 ], [ 241854.0, 363524.0 ], [ 241852.0, 363524.0 ], [ 241852.0, 363526.0 ], [ 241850.0, 363526.0 ], [ 241850.0, 363528.0 ], [ 241852.0, 363528.0 ], [ 241852.0, 363530.0 ], [ 241854.0, 363530.0 ], [ 241854.0, 363532.0 ], [ 241856.0, 363532.0 ], [ 241856.0, 363536.0 ], [ 241858.0, 363536.0 ], [ 241858.0, 363538.0 ], [ 241860.0, 363538.0 ], [ 241860.0, 363536.0 ], [ 241862.0, 363536.0 ], [ 241862.0, 363534.0 ] ] ], [ [ [ 241812.0, 363558.0 ], [ 241812.0, 363556.0 ], [ 241810.0, 363556.0 ], [ 241810.0, 363558.0 ], [ 241812.0, 363558.0 ] ] ], [ [ [ 241808.0, 363558.0 ], [ 241808.0, 363560.0 ], [ 241810.0, 363560.0 ], [ 241810.0, 363558.0 ], [ 241808.0, 363558.0 ] ] ], [ [ [ 241834.0, 363578.0 ], [ 241834.0, 363576.0 ], [ 241836.0, 363576.0 ], [ 241836.0, 363574.0 ], [ 241838.0, 363574.0 ], [ 241838.0, 363572.0 ], [ 241840.0, 363572.0 ], [ 241840.0, 363570.0 ], [ 241838.0, 363570.0 ], [ 241838.0, 363568.0 ], [ 241836.0, 363568.0 ], [ 241836.0, 363570.0 ], [ 241834.0, 363570.0 ], [ 241834.0, 363572.0 ], [ 241832.0, 363572.0 ], [ 241832.0, 363570.0 ], [ 241824.0, 363570.0 ], [ 241824.0, 363568.0 ], [ 241818.0, 363568.0 ], [ 241818.0, 363566.0 ], [ 241812.0, 363566.0 ], [ 241812.0, 363564.0 ], [ 241810.0, 363564.0 ], [ 241810.0, 363562.0 ], [ 241808.0, 363562.0 ], [ 241808.0, 363560.0 ], [ 241806.0, 363560.0 ], [ 241806.0, 363558.0 ], [ 241804.0, 363558.0 ], [ 241804.0, 363560.0 ], [ 241802.0, 363560.0 ], [ 241802.0, 363558.0 ], [ 241800.0, 363558.0 ], [ 241800.0, 363556.0 ], [ 241798.0, 363556.0 ], [ 241798.0, 363554.0 ], [ 241796.0, 363554.0 ], [ 241796.0, 363552.0 ], [ 241788.0, 363552.0 ], [ 241788.0, 363554.0 ], [ 241786.0, 363554.0 ], [ 241786.0, 363560.0 ], [ 241788.0, 363560.0 ], [ 241788.0, 363564.0 ], [ 241790.0, 363564.0 ], [ 241790.0, 363570.0 ], [ 241792.0, 363570.0 ], [ 241792.0, 363572.0 ], [ 241794.0, 363572.0 ], [ 241794.0, 363574.0 ], [ 241796.0, 363574.0 ], [ 241796.0, 363576.0 ], [ 241794.0, 363576.0 ], [ 241794.0, 363578.0 ], [ 241792.0, 363578.0 ], [ 241792.0, 363580.0 ], [ 241788.0, 363580.0 ], [ 241788.0, 363584.0 ], [ 241790.0, 363584.0 ], [ 241790.0, 363590.0 ], [ 241792.0, 363590.0 ], [ 241792.0, 363592.0 ], [ 241796.0, 363592.0 ], [ 241796.0, 363594.0 ], [ 241798.0, 363594.0 ], [ 241798.0, 363596.0 ], [ 241802.0, 363596.0 ], [ 241802.0, 363598.0 ], [ 241806.0, 363598.0 ], [ 241806.0, 363596.0 ], [ 241810.0, 363596.0 ], [ 241810.0, 363598.0 ], [ 241812.0, 363598.0 ], [ 241812.0, 363600.0 ], [ 241814.0, 363600.0 ], [ 241814.0, 363602.0 ], [ 241816.0, 363602.0 ], [ 241816.0, 363604.0 ], [ 241818.0, 363604.0 ], [ 241818.0, 363606.0 ], [ 241822.0, 363606.0 ], [ 241822.0, 363608.0 ], [ 241824.0, 363608.0 ], [ 241824.0, 363606.0 ], [ 241826.0, 363606.0 ], [ 241826.0, 363604.0 ], [ 241828.0, 363604.0 ], [ 241828.0, 363606.0 ], [ 241830.0, 363606.0 ], [ 241830.0, 363608.0 ], [ 241832.0, 363608.0 ], [ 241832.0, 363610.0 ], [ 241836.0, 363610.0 ], [ 241836.0, 363608.0 ], [ 241838.0, 363608.0 ], [ 241838.0, 363606.0 ], [ 241840.0, 363606.0 ], [ 241840.0, 363604.0 ], [ 241842.0, 363604.0 ], [ 241842.0, 363602.0 ], [ 241840.0, 363602.0 ], [ 241840.0, 363600.0 ], [ 241836.0, 363600.0 ], [ 241836.0, 363602.0 ], [ 241834.0, 363602.0 ], [ 241834.0, 363604.0 ], [ 241830.0, 363604.0 ], [ 241830.0, 363602.0 ], [ 241828.0, 363602.0 ], [ 241828.0, 363600.0 ], [ 241826.0, 363600.0 ], [ 241826.0, 363602.0 ], [ 241822.0, 363602.0 ], [ 241822.0, 363600.0 ], [ 241820.0, 363600.0 ], [ 241820.0, 363602.0 ], [ 241818.0, 363602.0 ], [ 241818.0, 363600.0 ], [ 241816.0, 363600.0 ], [ 241816.0, 363598.0 ], [ 241814.0, 363598.0 ], [ 241814.0, 363596.0 ], [ 241816.0, 363596.0 ], [ 241816.0, 363594.0 ], [ 241818.0, 363594.0 ], [ 241818.0, 363592.0 ], [ 241820.0, 363592.0 ], [ 241820.0, 363594.0 ], [ 241822.0, 363594.0 ], [ 241822.0, 363592.0 ], [ 241824.0, 363592.0 ], [ 241824.0, 363590.0 ], [ 241826.0, 363590.0 ], [ 241826.0, 363592.0 ], [ 241828.0, 363592.0 ], [ 241828.0, 363590.0 ], [ 241832.0, 363590.0 ], [ 241832.0, 363586.0 ], [ 241834.0, 363586.0 ], [ 241834.0, 363584.0 ], [ 241836.0, 363584.0 ], [ 241836.0, 363582.0 ], [ 241838.0, 363582.0 ], [ 241838.0, 363580.0 ], [ 241836.0, 363580.0 ], [ 241836.0, 363578.0 ], [ 241834.0, 363578.0 ] ] ], [ [ [ 241840.0, 363584.0 ], [ 241840.0, 363582.0 ], [ 241838.0, 363582.0 ], [ 241838.0, 363584.0 ], [ 241840.0, 363584.0 ] ] ], [ [ [ 241840.0, 363598.0 ], [ 241840.0, 363596.0 ], [ 241838.0, 363596.0 ], [ 241838.0, 363598.0 ], [ 241840.0, 363598.0 ] ] ], [ [ [ 241844.0, 363604.0 ], [ 241846.0, 363604.0 ], [ 241846.0, 363602.0 ], [ 241844.0, 363602.0 ], [ 241844.0, 363604.0 ] ] ], [ [ [ 241950.0, 363500.0 ], [ 241950.0, 363504.0 ], [ 241952.0, 363504.0 ], [ 241952.0, 363506.0 ], [ 241956.0, 363506.0 ], [ 241956.0, 363502.0 ], [ 241954.0, 363502.0 ], [ 241954.0, 363500.0 ], [ 241950.0, 363500.0 ] ] ], [ [ [ 242158.0, 363652.0 ], [ 242158.0, 363650.0 ], [ 242156.0, 363650.0 ], [ 242156.0, 363652.0 ], [ 242158.0, 363652.0 ] ] ], [ [ [ 242184.0, 363730.0 ], [ 242182.0, 363730.0 ], [ 242182.0, 363732.0 ], [ 242184.0, 363732.0 ], [ 242184.0, 363730.0 ] ] ], [ [ [ 241994.0, 363822.0 ], [ 241994.0, 363824.0 ], [ 241996.0, 363824.0 ], [ 241996.0, 363826.0 ], [ 242000.0, 363826.0 ], [ 242000.0, 363828.0 ], [ 242002.0, 363828.0 ], [ 242002.0, 363830.0 ], [ 242004.0, 363830.0 ], [ 242004.0, 363834.0 ], [ 242006.0, 363834.0 ], [ 242006.0, 363836.0 ], [ 242008.0, 363836.0 ], [ 242008.0, 363844.0 ], [ 242014.0, 363844.0 ], [ 242014.0, 363846.0 ], [ 242016.0, 363846.0 ], [ 242016.0, 363848.0 ], [ 242018.0, 363848.0 ], [ 242018.0, 363850.0 ], [ 242016.0, 363850.0 ], [ 242016.0, 363858.0 ], [ 242018.0, 363858.0 ], [ 242018.0, 363860.0 ], [ 242016.0, 363860.0 ], [ 242016.0, 363862.0 ], [ 242018.0, 363862.0 ], [ 242018.0, 363866.0 ], [ 242020.0, 363866.0 ], [ 242020.0, 363872.0 ], [ 242022.0, 363872.0 ], [ 242022.0, 363874.0 ], [ 242020.0, 363874.0 ], [ 242020.0, 363876.0 ], [ 242022.0, 363876.0 ], [ 242022.0, 363878.0 ], [ 242024.0, 363878.0 ], [ 242024.0, 363880.0 ], [ 242022.0, 363880.0 ], [ 242022.0, 363882.0 ], [ 242020.0, 363882.0 ], [ 242020.0, 363884.0 ], [ 242018.0, 363884.0 ], [ 242018.0, 363888.0 ], [ 242020.0, 363888.0 ], [ 242020.0, 363892.0 ], [ 242024.0, 363892.0 ], [ 242024.0, 363894.0 ], [ 242026.0, 363894.0 ], [ 242026.0, 363896.0 ], [ 242028.0, 363896.0 ], [ 242028.0, 363898.0 ], [ 242030.0, 363898.0 ], [ 242030.0, 363904.0 ], [ 242032.0, 363904.0 ], [ 242032.0, 363906.0 ], [ 242034.0, 363906.0 ], [ 242034.0, 363908.0 ], [ 242038.0, 363908.0 ], [ 242038.0, 363910.0 ], [ 242040.0, 363910.0 ], [ 242040.0, 363912.0 ], [ 242042.0, 363912.0 ], [ 242042.0, 363914.0 ], [ 242044.0, 363914.0 ], [ 242044.0, 363918.0 ], [ 242046.0, 363918.0 ], [ 242046.0, 363924.0 ], [ 242050.0, 363924.0 ], [ 242050.0, 363926.0 ], [ 242052.0, 363926.0 ], [ 242052.0, 363928.0 ], [ 242054.0, 363928.0 ], [ 242054.0, 363934.0 ], [ 242052.0, 363934.0 ], [ 242052.0, 363936.0 ], [ 242054.0, 363936.0 ], [ 242054.0, 363938.0 ], [ 242056.0, 363938.0 ], [ 242056.0, 363940.0 ], [ 242054.0, 363940.0 ], [ 242054.0, 363942.0 ], [ 242056.0, 363942.0 ], [ 242056.0, 363944.0 ], [ 242058.0, 363944.0 ], [ 242058.0, 363946.0 ], [ 242060.0, 363946.0 ], [ 242060.0, 363952.0 ], [ 242062.0, 363952.0 ], [ 242062.0, 363954.0 ], [ 242064.0, 363954.0 ], [ 242064.0, 363956.0 ], [ 242066.0, 363956.0 ], [ 242066.0, 363958.0 ], [ 242068.0, 363958.0 ], [ 242068.0, 363962.0 ], [ 242066.0, 363962.0 ], [ 242066.0, 363964.0 ], [ 242068.0, 363964.0 ], [ 242068.0, 363966.0 ], [ 242070.0, 363966.0 ], [ 242070.0, 363968.0 ], [ 242068.0, 363968.0 ], [ 242068.0, 363970.0 ], [ 242070.0, 363970.0 ], [ 242070.0, 363972.0 ], [ 242072.0, 363972.0 ], [ 242072.0, 363974.0 ], [ 242070.0, 363974.0 ], [ 242070.0, 363976.0 ], [ 242072.0, 363976.0 ], [ 242072.0, 363978.0 ], [ 242074.0, 363978.0 ], [ 242074.0, 363980.0 ], [ 242076.0, 363980.0 ], [ 242076.0, 363982.0 ], [ 242074.0, 363982.0 ], [ 242074.0, 363986.0 ], [ 242076.0, 363986.0 ], [ 242076.0, 363988.0 ], [ 242078.0, 363988.0 ], [ 242078.0, 363992.0 ], [ 242076.0, 363992.0 ], [ 242076.0, 363998.0 ], [ 242078.0, 363998.0 ], [ 242078.0, 364002.0 ], [ 242076.0, 364002.0 ], [ 242076.0, 364008.0 ], [ 242078.0, 364008.0 ], [ 242078.0, 364012.0 ], [ 242080.0, 364012.0 ], [ 242080.0, 364014.0 ], [ 242078.0, 364014.0 ], [ 242078.0, 364016.0 ], [ 242076.0, 364016.0 ], [ 242076.0, 364020.0 ], [ 242074.0, 364020.0 ], [ 242074.0, 364026.0 ], [ 242076.0, 364026.0 ], [ 242076.0, 364034.0 ], [ 242078.0, 364034.0 ], [ 242078.0, 364040.0 ], [ 242080.0, 364040.0 ], [ 242080.0, 364046.0 ], [ 242082.0, 364046.0 ], [ 242082.0, 364050.0 ], [ 242084.0, 364050.0 ], [ 242084.0, 364052.0 ], [ 242088.0, 364052.0 ], [ 242088.0, 364054.0 ], [ 242090.0, 364054.0 ], [ 242090.0, 364056.0 ], [ 242092.0, 364056.0 ], [ 242092.0, 364058.0 ], [ 242094.0, 364058.0 ], [ 242094.0, 364060.0 ], [ 242096.0, 364060.0 ], [ 242096.0, 364064.0 ], [ 242098.0, 364064.0 ], [ 242098.0, 364080.0 ], [ 242100.0, 364080.0 ], [ 242100.0, 364086.0 ], [ 242102.0, 364086.0 ], [ 242102.0, 364092.0 ], [ 242104.0, 364092.0 ], [ 242104.0, 364094.0 ], [ 242106.0, 364094.0 ], [ 242106.0, 364098.0 ], [ 242108.0, 364098.0 ], [ 242108.0, 364100.0 ], [ 242110.0, 364100.0 ], [ 242110.0, 364104.0 ], [ 242112.0, 364104.0 ], [ 242112.0, 364108.0 ], [ 242114.0, 364108.0 ], [ 242114.0, 364110.0 ], [ 242116.0, 364110.0 ], [ 242116.0, 364114.0 ], [ 242118.0, 364114.0 ], [ 242118.0, 364116.0 ], [ 242120.0, 364116.0 ], [ 242120.0, 364120.0 ], [ 242122.0, 364120.0 ], [ 242122.0, 364124.0 ], [ 242124.0, 364124.0 ], [ 242124.0, 364128.0 ], [ 242126.0, 364128.0 ], [ 242126.0, 364130.0 ], [ 242128.0, 364130.0 ], [ 242128.0, 364132.0 ], [ 242126.0, 364132.0 ], [ 242126.0, 364138.0 ], [ 242130.0, 364138.0 ], [ 242130.0, 364140.0 ], [ 242132.0, 364140.0 ], [ 242132.0, 364142.0 ], [ 242134.0, 364142.0 ], [ 242134.0, 364144.0 ], [ 242136.0, 364144.0 ], [ 242136.0, 364146.0 ], [ 242138.0, 364146.0 ], [ 242138.0, 364148.0 ], [ 242140.0, 364148.0 ], [ 242140.0, 364150.0 ], [ 242144.0, 364150.0 ], [ 242144.0, 364148.0 ], [ 242146.0, 364148.0 ], [ 242146.0, 364146.0 ], [ 242142.0, 364146.0 ], [ 242142.0, 364144.0 ], [ 242140.0, 364144.0 ], [ 242140.0, 364142.0 ], [ 242138.0, 364142.0 ], [ 242138.0, 364138.0 ], [ 242140.0, 364138.0 ], [ 242140.0, 364136.0 ], [ 242142.0, 364136.0 ], [ 242142.0, 364134.0 ], [ 242144.0, 364134.0 ], [ 242144.0, 364132.0 ], [ 242148.0, 364132.0 ], [ 242148.0, 364112.0 ], [ 242150.0, 364112.0 ], [ 242150.0, 364110.0 ], [ 242152.0, 364110.0 ], [ 242152.0, 364098.0 ], [ 242154.0, 364098.0 ], [ 242154.0, 364096.0 ], [ 242156.0, 364096.0 ], [ 242156.0, 364094.0 ], [ 242158.0, 364094.0 ], [ 242158.0, 364092.0 ], [ 242160.0, 364092.0 ], [ 242160.0, 364084.0 ], [ 242158.0, 364084.0 ], [ 242158.0, 364080.0 ], [ 242156.0, 364080.0 ], [ 242156.0, 364070.0 ], [ 242154.0, 364070.0 ], [ 242154.0, 364064.0 ], [ 242152.0, 364064.0 ], [ 242152.0, 364062.0 ], [ 242150.0, 364062.0 ], [ 242150.0, 364060.0 ], [ 242152.0, 364060.0 ], [ 242152.0, 364058.0 ], [ 242154.0, 364058.0 ], [ 242154.0, 364054.0 ], [ 242152.0, 364054.0 ], [ 242152.0, 364052.0 ], [ 242150.0, 364052.0 ], [ 242150.0, 364050.0 ], [ 242148.0, 364050.0 ], [ 242148.0, 364048.0 ], [ 242146.0, 364048.0 ], [ 242146.0, 364046.0 ], [ 242148.0, 364046.0 ], [ 242148.0, 364040.0 ], [ 242146.0, 364040.0 ], [ 242146.0, 364034.0 ], [ 242144.0, 364034.0 ], [ 242144.0, 364030.0 ], [ 242142.0, 364030.0 ], [ 242142.0, 364028.0 ], [ 242140.0, 364028.0 ], [ 242140.0, 364026.0 ], [ 242138.0, 364026.0 ], [ 242138.0, 364022.0 ], [ 242136.0, 364022.0 ], [ 242136.0, 364018.0 ], [ 242134.0, 364018.0 ], [ 242134.0, 364014.0 ], [ 242132.0, 364014.0 ], [ 242132.0, 364012.0 ], [ 242130.0, 364012.0 ], [ 242130.0, 364006.0 ], [ 242128.0, 364006.0 ], [ 242128.0, 364002.0 ], [ 242126.0, 364002.0 ], [ 242126.0, 363998.0 ], [ 242122.0, 363998.0 ], [ 242122.0, 363996.0 ], [ 242118.0, 363996.0 ], [ 242118.0, 363998.0 ], [ 242116.0, 363998.0 ], [ 242116.0, 364000.0 ], [ 242114.0, 364000.0 ], [ 242114.0, 363998.0 ], [ 242112.0, 363998.0 ], [ 242112.0, 363996.0 ], [ 242110.0, 363996.0 ], [ 242110.0, 363994.0 ], [ 242108.0, 363994.0 ], [ 242108.0, 363988.0 ], [ 242106.0, 363988.0 ], [ 242106.0, 363982.0 ], [ 242108.0, 363982.0 ], [ 242108.0, 363980.0 ], [ 242110.0, 363980.0 ], [ 242110.0, 363978.0 ], [ 242112.0, 363978.0 ], [ 242112.0, 363980.0 ], [ 242114.0, 363980.0 ], [ 242114.0, 363982.0 ], [ 242118.0, 363982.0 ], [ 242118.0, 363984.0 ], [ 242120.0, 363984.0 ], [ 242120.0, 363986.0 ], [ 242128.0, 363986.0 ], [ 242128.0, 363984.0 ], [ 242130.0, 363984.0 ], [ 242130.0, 363982.0 ], [ 242132.0, 363982.0 ], [ 242132.0, 363984.0 ], [ 242134.0, 363984.0 ], [ 242134.0, 363982.0 ], [ 242136.0, 363982.0 ], [ 242136.0, 363980.0 ], [ 242138.0, 363980.0 ], [ 242138.0, 363978.0 ], [ 242140.0, 363978.0 ], [ 242140.0, 363976.0 ], [ 242142.0, 363976.0 ], [ 242142.0, 363974.0 ], [ 242144.0, 363974.0 ], [ 242144.0, 363970.0 ], [ 242142.0, 363970.0 ], [ 242142.0, 363968.0 ], [ 242140.0, 363968.0 ], [ 242140.0, 363966.0 ], [ 242142.0, 363966.0 ], [ 242142.0, 363964.0 ], [ 242144.0, 363964.0 ], [ 242144.0, 363960.0 ], [ 242142.0, 363960.0 ], [ 242142.0, 363956.0 ], [ 242140.0, 363956.0 ], [ 242140.0, 363952.0 ], [ 242138.0, 363952.0 ], [ 242138.0, 363946.0 ], [ 242136.0, 363946.0 ], [ 242136.0, 363942.0 ], [ 242134.0, 363942.0 ], [ 242134.0, 363938.0 ], [ 242132.0, 363938.0 ], [ 242132.0, 363936.0 ], [ 242134.0, 363936.0 ], [ 242134.0, 363934.0 ], [ 242136.0, 363934.0 ], [ 242136.0, 363932.0 ], [ 242140.0, 363932.0 ], [ 242140.0, 363934.0 ], [ 242142.0, 363934.0 ], [ 242142.0, 363936.0 ], [ 242144.0, 363936.0 ], [ 242144.0, 363942.0 ], [ 242146.0, 363942.0 ], [ 242146.0, 363944.0 ], [ 242150.0, 363944.0 ], [ 242150.0, 363940.0 ], [ 242152.0, 363940.0 ], [ 242152.0, 363938.0 ], [ 242154.0, 363938.0 ], [ 242154.0, 363930.0 ], [ 242156.0, 363930.0 ], [ 242156.0, 363924.0 ], [ 242154.0, 363924.0 ], [ 242154.0, 363914.0 ], [ 242156.0, 363914.0 ], [ 242156.0, 363912.0 ], [ 242154.0, 363912.0 ], [ 242154.0, 363904.0 ], [ 242152.0, 363904.0 ], [ 242152.0, 363900.0 ], [ 242150.0, 363900.0 ], [ 242150.0, 363898.0 ], [ 242148.0, 363898.0 ], [ 242148.0, 363896.0 ], [ 242146.0, 363896.0 ], [ 242146.0, 363894.0 ], [ 242144.0, 363894.0 ], [ 242144.0, 363886.0 ], [ 242146.0, 363886.0 ], [ 242146.0, 363882.0 ], [ 242144.0, 363882.0 ], [ 242144.0, 363880.0 ], [ 242142.0, 363880.0 ], [ 242142.0, 363878.0 ], [ 242140.0, 363878.0 ], [ 242140.0, 363876.0 ], [ 242132.0, 363876.0 ], [ 242132.0, 363874.0 ], [ 242130.0, 363874.0 ], [ 242130.0, 363872.0 ], [ 242128.0, 363872.0 ], [ 242128.0, 363870.0 ], [ 242126.0, 363870.0 ], [ 242126.0, 363866.0 ], [ 242128.0, 363866.0 ], [ 242128.0, 363864.0 ], [ 242130.0, 363864.0 ], [ 242130.0, 363862.0 ], [ 242132.0, 363862.0 ], [ 242132.0, 363860.0 ], [ 242136.0, 363860.0 ], [ 242136.0, 363858.0 ], [ 242134.0, 363858.0 ], [ 242134.0, 363854.0 ], [ 242136.0, 363854.0 ], [ 242136.0, 363852.0 ], [ 242138.0, 363852.0 ], [ 242138.0, 363850.0 ], [ 242140.0, 363850.0 ], [ 242140.0, 363848.0 ], [ 242142.0, 363848.0 ], [ 242142.0, 363850.0 ], [ 242146.0, 363850.0 ], [ 242146.0, 363848.0 ], [ 242148.0, 363848.0 ], [ 242148.0, 363846.0 ], [ 242152.0, 363846.0 ], [ 242152.0, 363848.0 ], [ 242154.0, 363848.0 ], [ 242154.0, 363850.0 ], [ 242156.0, 363850.0 ], [ 242156.0, 363852.0 ], [ 242158.0, 363852.0 ], [ 242158.0, 363854.0 ], [ 242160.0, 363854.0 ], [ 242160.0, 363856.0 ], [ 242164.0, 363856.0 ], [ 242164.0, 363854.0 ], [ 242168.0, 363854.0 ], [ 242168.0, 363856.0 ], [ 242170.0, 363856.0 ], [ 242170.0, 363858.0 ], [ 242172.0, 363858.0 ], [ 242172.0, 363860.0 ], [ 242170.0, 363860.0 ], [ 242170.0, 363864.0 ], [ 242168.0, 363864.0 ], [ 242168.0, 363866.0 ], [ 242166.0, 363866.0 ], [ 242166.0, 363868.0 ], [ 242164.0, 363868.0 ], [ 242164.0, 363872.0 ], [ 242166.0, 363872.0 ], [ 242166.0, 363870.0 ], [ 242168.0, 363870.0 ], [ 242168.0, 363868.0 ], [ 242170.0, 363868.0 ], [ 242170.0, 363870.0 ], [ 242174.0, 363870.0 ], [ 242174.0, 363872.0 ], [ 242178.0, 363872.0 ], [ 242178.0, 363874.0 ], [ 242180.0, 363874.0 ], [ 242180.0, 363876.0 ], [ 242182.0, 363876.0 ], [ 242182.0, 363874.0 ], [ 242186.0, 363874.0 ], [ 242186.0, 363872.0 ], [ 242188.0, 363872.0 ], [ 242188.0, 363868.0 ], [ 242190.0, 363868.0 ], [ 242190.0, 363862.0 ], [ 242192.0, 363862.0 ], [ 242192.0, 363860.0 ], [ 242194.0, 363860.0 ], [ 242194.0, 363858.0 ], [ 242196.0, 363858.0 ], [ 242196.0, 363856.0 ], [ 242198.0, 363856.0 ], [ 242198.0, 363858.0 ], [ 242200.0, 363858.0 ], [ 242200.0, 363860.0 ], [ 242202.0, 363860.0 ], [ 242202.0, 363864.0 ], [ 242204.0, 363864.0 ], [ 242204.0, 363866.0 ], [ 242202.0, 363866.0 ], [ 242202.0, 363872.0 ], [ 242204.0, 363872.0 ], [ 242204.0, 363876.0 ], [ 242206.0, 363876.0 ], [ 242206.0, 363884.0 ], [ 242208.0, 363884.0 ], [ 242208.0, 363888.0 ], [ 242210.0, 363888.0 ], [ 242210.0, 363890.0 ], [ 242212.0, 363890.0 ], [ 242212.0, 363884.0 ], [ 242214.0, 363884.0 ], [ 242214.0, 363882.0 ], [ 242216.0, 363882.0 ], [ 242216.0, 363880.0 ], [ 242218.0, 363880.0 ], [ 242218.0, 363882.0 ], [ 242220.0, 363882.0 ], [ 242220.0, 363884.0 ], [ 242222.0, 363884.0 ], [ 242222.0, 363890.0 ], [ 242224.0, 363890.0 ], [ 242224.0, 363892.0 ], [ 242222.0, 363892.0 ], [ 242222.0, 363898.0 ], [ 242224.0, 363898.0 ], [ 242224.0, 363900.0 ], [ 242226.0, 363900.0 ], [ 242226.0, 363902.0 ], [ 242224.0, 363902.0 ], [ 242224.0, 363904.0 ], [ 242222.0, 363904.0 ], [ 242222.0, 363914.0 ], [ 242220.0, 363914.0 ], [ 242220.0, 363920.0 ], [ 242218.0, 363920.0 ], [ 242218.0, 363922.0 ], [ 242216.0, 363922.0 ], [ 242216.0, 363924.0 ], [ 242214.0, 363924.0 ], [ 242214.0, 363926.0 ], [ 242210.0, 363926.0 ], [ 242210.0, 363938.0 ], [ 242212.0, 363938.0 ], [ 242212.0, 363934.0 ], [ 242214.0, 363934.0 ], [ 242214.0, 363932.0 ], [ 242216.0, 363932.0 ], [ 242216.0, 363930.0 ], [ 242220.0, 363930.0 ], [ 242220.0, 363932.0 ], [ 242222.0, 363932.0 ], [ 242222.0, 363934.0 ], [ 242224.0, 363934.0 ], [ 242224.0, 363936.0 ], [ 242226.0, 363936.0 ], [ 242226.0, 363938.0 ], [ 242228.0, 363938.0 ], [ 242228.0, 363940.0 ], [ 242230.0, 363940.0 ], [ 242230.0, 363944.0 ], [ 242228.0, 363944.0 ], [ 242228.0, 363946.0 ], [ 242226.0, 363946.0 ], [ 242226.0, 363948.0 ], [ 242222.0, 363948.0 ], [ 242222.0, 363954.0 ], [ 242224.0, 363954.0 ], [ 242224.0, 363956.0 ], [ 242226.0, 363956.0 ], [ 242226.0, 363962.0 ], [ 242228.0, 363962.0 ], [ 242228.0, 363966.0 ], [ 242232.0, 363966.0 ], [ 242232.0, 363964.0 ], [ 242234.0, 363964.0 ], [ 242234.0, 363962.0 ], [ 242236.0, 363962.0 ], [ 242236.0, 363964.0 ], [ 242238.0, 363964.0 ], [ 242238.0, 363966.0 ], [ 242240.0, 363966.0 ], [ 242240.0, 363970.0 ], [ 242246.0, 363970.0 ], [ 242246.0, 363972.0 ], [ 242248.0, 363972.0 ], [ 242248.0, 363968.0 ], [ 242246.0, 363968.0 ], [ 242246.0, 363966.0 ], [ 242244.0, 363966.0 ], [ 242244.0, 363964.0 ], [ 242242.0, 363964.0 ], [ 242242.0, 363962.0 ], [ 242240.0, 363962.0 ], [ 242240.0, 363958.0 ], [ 242238.0, 363958.0 ], [ 242238.0, 363956.0 ], [ 242236.0, 363956.0 ], [ 242236.0, 363954.0 ], [ 242234.0, 363954.0 ], [ 242234.0, 363938.0 ], [ 242232.0, 363938.0 ], [ 242232.0, 363936.0 ], [ 242230.0, 363936.0 ], [ 242230.0, 363934.0 ], [ 242228.0, 363934.0 ], [ 242228.0, 363932.0 ], [ 242226.0, 363932.0 ], [ 242226.0, 363926.0 ], [ 242228.0, 363926.0 ], [ 242228.0, 363920.0 ], [ 242230.0, 363920.0 ], [ 242230.0, 363918.0 ], [ 242232.0, 363918.0 ], [ 242232.0, 363914.0 ], [ 242234.0, 363914.0 ], [ 242234.0, 363904.0 ], [ 242232.0, 363904.0 ], [ 242232.0, 363900.0 ], [ 242230.0, 363900.0 ], [ 242230.0, 363896.0 ], [ 242232.0, 363896.0 ], [ 242232.0, 363894.0 ], [ 242230.0, 363894.0 ], [ 242230.0, 363886.0 ], [ 242228.0, 363886.0 ], [ 242228.0, 363884.0 ], [ 242230.0, 363884.0 ], [ 242230.0, 363882.0 ], [ 242232.0, 363882.0 ], [ 242232.0, 363880.0 ], [ 242240.0, 363880.0 ], [ 242240.0, 363878.0 ], [ 242244.0, 363878.0 ], [ 242244.0, 363876.0 ], [ 242246.0, 363876.0 ], [ 242246.0, 363874.0 ], [ 242248.0, 363874.0 ], [ 242248.0, 363872.0 ], [ 242250.0, 363872.0 ], [ 242250.0, 363874.0 ], [ 242252.0, 363874.0 ], [ 242252.0, 363876.0 ], [ 242254.0, 363876.0 ], [ 242254.0, 363878.0 ], [ 242252.0, 363878.0 ], [ 242252.0, 363880.0 ], [ 242254.0, 363880.0 ], [ 242254.0, 363882.0 ], [ 242258.0, 363882.0 ], [ 242258.0, 363880.0 ], [ 242260.0, 363880.0 ], [ 242260.0, 363876.0 ], [ 242262.0, 363876.0 ], [ 242262.0, 363868.0 ], [ 242260.0, 363868.0 ], [ 242260.0, 363864.0 ], [ 242256.0, 363864.0 ], [ 242256.0, 363862.0 ], [ 242254.0, 363862.0 ], [ 242254.0, 363864.0 ], [ 242252.0, 363864.0 ], [ 242252.0, 363866.0 ], [ 242248.0, 363866.0 ], [ 242248.0, 363864.0 ], [ 242246.0, 363864.0 ], [ 242246.0, 363862.0 ], [ 242244.0, 363862.0 ], [ 242244.0, 363858.0 ], [ 242242.0, 363858.0 ], [ 242242.0, 363854.0 ], [ 242240.0, 363854.0 ], [ 242240.0, 363852.0 ], [ 242242.0, 363852.0 ], [ 242242.0, 363850.0 ], [ 242244.0, 363850.0 ], [ 242244.0, 363848.0 ], [ 242246.0, 363848.0 ], [ 242246.0, 363850.0 ], [ 242248.0, 363850.0 ], [ 242248.0, 363848.0 ], [ 242254.0, 363848.0 ], [ 242254.0, 363846.0 ], [ 242256.0, 363846.0 ], [ 242256.0, 363844.0 ], [ 242254.0, 363844.0 ], [ 242254.0, 363842.0 ], [ 242256.0, 363842.0 ], [ 242256.0, 363836.0 ], [ 242258.0, 363836.0 ], [ 242258.0, 363832.0 ], [ 242256.0, 363832.0 ], [ 242256.0, 363826.0 ], [ 242254.0, 363826.0 ], [ 242254.0, 363824.0 ], [ 242252.0, 363824.0 ], [ 242252.0, 363822.0 ], [ 242254.0, 363822.0 ], [ 242254.0, 363820.0 ], [ 242256.0, 363820.0 ], [ 242256.0, 363818.0 ], [ 242258.0, 363818.0 ], [ 242258.0, 363820.0 ], [ 242262.0, 363820.0 ], [ 242262.0, 363822.0 ], [ 242264.0, 363822.0 ], [ 242264.0, 363824.0 ], [ 242266.0, 363824.0 ], [ 242266.0, 363826.0 ], [ 242268.0, 363826.0 ], [ 242268.0, 363828.0 ], [ 242270.0, 363828.0 ], [ 242270.0, 363832.0 ], [ 242272.0, 363832.0 ], [ 242272.0, 363836.0 ], [ 242276.0, 363836.0 ], [ 242276.0, 363838.0 ], [ 242278.0, 363838.0 ], [ 242278.0, 363840.0 ], [ 242282.0, 363840.0 ], [ 242282.0, 363842.0 ], [ 242284.0, 363842.0 ], [ 242284.0, 363844.0 ], [ 242286.0, 363844.0 ], [ 242286.0, 363846.0 ], [ 242290.0, 363846.0 ], [ 242290.0, 363848.0 ], [ 242292.0, 363848.0 ], [ 242292.0, 363846.0 ], [ 242294.0, 363846.0 ], [ 242294.0, 363848.0 ], [ 242296.0, 363848.0 ], [ 242296.0, 363850.0 ], [ 242298.0, 363850.0 ], [ 242298.0, 363852.0 ], [ 242300.0, 363852.0 ], [ 242300.0, 363856.0 ], [ 242302.0, 363856.0 ], [ 242302.0, 363870.0 ], [ 242304.0, 363870.0 ], [ 242304.0, 363872.0 ], [ 242306.0, 363872.0 ], [ 242306.0, 363870.0 ], [ 242310.0, 363870.0 ], [ 242310.0, 363872.0 ], [ 242312.0, 363872.0 ], [ 242312.0, 363874.0 ], [ 242314.0, 363874.0 ], [ 242314.0, 363878.0 ], [ 242316.0, 363878.0 ], [ 242316.0, 363880.0 ], [ 242318.0, 363880.0 ], [ 242318.0, 363884.0 ], [ 242320.0, 363884.0 ], [ 242320.0, 363888.0 ], [ 242322.0, 363888.0 ], [ 242322.0, 363892.0 ], [ 242324.0, 363892.0 ], [ 242324.0, 363894.0 ], [ 242326.0, 363894.0 ], [ 242326.0, 363896.0 ], [ 242332.0, 363896.0 ], [ 242332.0, 363898.0 ], [ 242342.0, 363898.0 ], [ 242342.0, 363900.0 ], [ 242344.0, 363900.0 ], [ 242344.0, 363902.0 ], [ 242348.0, 363902.0 ], [ 242348.0, 363904.0 ], [ 242350.0, 363904.0 ], [ 242350.0, 363906.0 ], [ 242352.0, 363906.0 ], [ 242352.0, 363908.0 ], [ 242354.0, 363908.0 ], [ 242354.0, 363912.0 ], [ 242356.0, 363912.0 ], [ 242356.0, 363910.0 ], [ 242360.0, 363910.0 ], [ 242360.0, 363912.0 ], [ 242366.0, 363912.0 ], [ 242366.0, 363914.0 ], [ 242368.0, 363914.0 ], [ 242368.0, 363910.0 ], [ 242370.0, 363910.0 ], [ 242370.0, 363904.0 ], [ 242372.0, 363904.0 ], [ 242372.0, 363896.0 ], [ 242374.0, 363896.0 ], [ 242374.0, 363888.0 ], [ 242376.0, 363888.0 ], [ 242376.0, 363878.0 ], [ 242378.0, 363878.0 ], [ 242378.0, 363868.0 ], [ 242380.0, 363868.0 ], [ 242380.0, 363854.0 ], [ 242382.0, 363854.0 ], [ 242382.0, 363820.0 ], [ 242384.0, 363820.0 ], [ 242384.0, 363818.0 ], [ 242382.0, 363818.0 ], [ 242382.0, 363784.0 ], [ 242380.0, 363784.0 ], [ 242380.0, 363770.0 ], [ 242378.0, 363770.0 ], [ 242378.0, 363760.0 ], [ 242376.0, 363760.0 ], [ 242376.0, 363750.0 ], [ 242374.0, 363750.0 ], [ 242374.0, 363742.0 ], [ 242372.0, 363742.0 ], [ 242372.0, 363734.0 ], [ 242370.0, 363734.0 ], [ 242370.0, 363728.0 ], [ 242368.0, 363728.0 ], [ 242368.0, 363722.0 ], [ 242366.0, 363722.0 ], [ 242366.0, 363716.0 ], [ 242364.0, 363716.0 ], [ 242364.0, 363712.0 ], [ 242362.0, 363712.0 ], [ 242362.0, 363706.0 ], [ 242360.0, 363706.0 ], [ 242360.0, 363702.0 ], [ 242358.0, 363702.0 ], [ 242358.0, 363696.0 ], [ 242356.0, 363696.0 ], [ 242356.0, 363692.0 ], [ 242354.0, 363692.0 ], [ 242354.0, 363688.0 ], [ 242352.0, 363688.0 ], [ 242352.0, 363684.0 ], [ 242350.0, 363684.0 ], [ 242350.0, 363680.0 ], [ 242348.0, 363680.0 ], [ 242348.0, 363676.0 ], [ 242346.0, 363676.0 ], [ 242346.0, 363672.0 ], [ 242344.0, 363672.0 ], [ 242344.0, 363670.0 ], [ 242342.0, 363670.0 ], [ 242342.0, 363666.0 ], [ 242340.0, 363666.0 ], [ 242340.0, 363662.0 ], [ 242338.0, 363662.0 ], [ 242338.0, 363660.0 ], [ 242336.0, 363660.0 ], [ 242336.0, 363656.0 ], [ 242334.0, 363656.0 ], [ 242334.0, 363654.0 ], [ 242332.0, 363654.0 ], [ 242332.0, 363650.0 ], [ 242330.0, 363650.0 ], [ 242330.0, 363648.0 ], [ 242328.0, 363648.0 ], [ 242328.0, 363644.0 ], [ 242326.0, 363644.0 ], [ 242326.0, 363642.0 ], [ 242324.0, 363642.0 ], [ 242324.0, 363638.0 ], [ 242322.0, 363638.0 ], [ 242322.0, 363636.0 ], [ 242320.0, 363636.0 ], [ 242320.0, 363634.0 ], [ 242318.0, 363634.0 ], [ 242318.0, 363632.0 ], [ 242316.0, 363632.0 ], [ 242316.0, 363628.0 ], [ 242314.0, 363628.0 ], [ 242314.0, 363626.0 ], [ 242312.0, 363626.0 ], [ 242312.0, 363624.0 ], [ 242310.0, 363624.0 ], [ 242310.0, 363622.0 ], [ 242308.0, 363622.0 ], [ 242308.0, 363620.0 ], [ 242306.0, 363620.0 ], [ 242306.0, 363618.0 ], [ 242304.0, 363618.0 ], [ 242304.0, 363616.0 ], [ 242302.0, 363616.0 ], [ 242302.0, 363612.0 ], [ 242300.0, 363612.0 ], [ 242300.0, 363610.0 ], [ 242298.0, 363610.0 ], [ 242298.0, 363608.0 ], [ 242296.0, 363608.0 ], [ 242296.0, 363606.0 ], [ 242294.0, 363606.0 ], [ 242294.0, 363604.0 ], [ 242292.0, 363604.0 ], [ 242292.0, 363602.0 ], [ 242290.0, 363602.0 ], [ 242290.0, 363600.0 ], [ 242286.0, 363600.0 ], [ 242286.0, 363598.0 ], [ 242284.0, 363598.0 ], [ 242284.0, 363596.0 ], [ 242282.0, 363596.0 ], [ 242282.0, 363594.0 ], [ 242280.0, 363594.0 ], [ 242280.0, 363592.0 ], [ 242278.0, 363592.0 ], [ 242278.0, 363590.0 ], [ 242276.0, 363590.0 ], [ 242276.0, 363588.0 ], [ 242274.0, 363588.0 ], [ 242274.0, 363586.0 ], [ 242270.0, 363586.0 ], [ 242270.0, 363584.0 ], [ 242268.0, 363584.0 ], [ 242268.0, 363582.0 ], [ 242266.0, 363582.0 ], [ 242266.0, 363580.0 ], [ 242264.0, 363580.0 ], [ 242264.0, 363578.0 ], [ 242260.0, 363578.0 ], [ 242260.0, 363576.0 ], [ 242258.0, 363576.0 ], [ 242258.0, 363574.0 ], [ 242254.0, 363574.0 ], [ 242254.0, 363572.0 ], [ 242252.0, 363572.0 ], [ 242252.0, 363570.0 ], [ 242248.0, 363570.0 ], [ 242248.0, 363568.0 ], [ 242246.0, 363568.0 ], [ 242246.0, 363566.0 ], [ 242242.0, 363566.0 ], [ 242242.0, 363564.0 ], [ 242240.0, 363564.0 ], [ 242240.0, 363562.0 ], [ 242236.0, 363562.0 ], [ 242236.0, 363560.0 ], [ 242232.0, 363560.0 ], [ 242232.0, 363558.0 ], [ 242230.0, 363558.0 ], [ 242230.0, 363556.0 ], [ 242226.0, 363556.0 ], [ 242226.0, 363554.0 ], [ 242222.0, 363554.0 ], [ 242222.0, 363552.0 ], [ 242218.0, 363552.0 ], [ 242218.0, 363550.0 ], [ 242214.0, 363550.0 ], [ 242214.0, 363548.0 ], [ 242210.0, 363548.0 ], [ 242210.0, 363546.0 ], [ 242206.0, 363546.0 ], [ 242206.0, 363544.0 ], [ 242204.0, 363544.0 ], [ 242204.0, 363546.0 ], [ 242202.0, 363546.0 ], [ 242202.0, 363544.0 ], [ 242200.0, 363544.0 ], [ 242200.0, 363542.0 ], [ 242196.0, 363542.0 ], [ 242196.0, 363540.0 ], [ 242190.0, 363540.0 ], [ 242190.0, 363538.0 ], [ 242186.0, 363538.0 ], [ 242186.0, 363536.0 ], [ 242180.0, 363536.0 ], [ 242180.0, 363534.0 ], [ 242174.0, 363534.0 ], [ 242174.0, 363532.0 ], [ 242172.0, 363532.0 ], [ 242172.0, 363538.0 ], [ 242174.0, 363538.0 ], [ 242174.0, 363550.0 ], [ 242176.0, 363550.0 ], [ 242176.0, 363556.0 ], [ 242178.0, 363556.0 ], [ 242178.0, 363562.0 ], [ 242176.0, 363562.0 ], [ 242176.0, 363564.0 ], [ 242174.0, 363564.0 ], [ 242174.0, 363566.0 ], [ 242172.0, 363566.0 ], [ 242172.0, 363568.0 ], [ 242168.0, 363568.0 ], [ 242168.0, 363572.0 ], [ 242166.0, 363572.0 ], [ 242166.0, 363574.0 ], [ 242164.0, 363574.0 ], [ 242164.0, 363576.0 ], [ 242162.0, 363576.0 ], [ 242162.0, 363574.0 ], [ 242154.0, 363574.0 ], [ 242154.0, 363572.0 ], [ 242152.0, 363572.0 ], [ 242152.0, 363570.0 ], [ 242150.0, 363570.0 ], [ 242150.0, 363566.0 ], [ 242146.0, 363566.0 ], [ 242146.0, 363564.0 ], [ 242144.0, 363564.0 ], [ 242144.0, 363562.0 ], [ 242140.0, 363562.0 ], [ 242140.0, 363560.0 ], [ 242138.0, 363560.0 ], [ 242138.0, 363558.0 ], [ 242136.0, 363558.0 ], [ 242136.0, 363560.0 ], [ 242134.0, 363560.0 ], [ 242134.0, 363558.0 ], [ 242132.0, 363558.0 ], [ 242132.0, 363556.0 ], [ 242130.0, 363556.0 ], [ 242130.0, 363554.0 ], [ 242128.0, 363554.0 ], [ 242128.0, 363552.0 ], [ 242126.0, 363552.0 ], [ 242126.0, 363550.0 ], [ 242124.0, 363550.0 ], [ 242124.0, 363548.0 ], [ 242122.0, 363548.0 ], [ 242122.0, 363546.0 ], [ 242120.0, 363546.0 ], [ 242120.0, 363544.0 ], [ 242118.0, 363544.0 ], [ 242118.0, 363540.0 ], [ 242116.0, 363540.0 ], [ 242116.0, 363538.0 ], [ 242114.0, 363538.0 ], [ 242114.0, 363536.0 ], [ 242112.0, 363536.0 ], [ 242112.0, 363534.0 ], [ 242110.0, 363534.0 ], [ 242110.0, 363532.0 ], [ 242108.0, 363532.0 ], [ 242108.0, 363534.0 ], [ 242106.0, 363534.0 ], [ 242106.0, 363536.0 ], [ 242104.0, 363536.0 ], [ 242104.0, 363538.0 ], [ 242102.0, 363538.0 ], [ 242102.0, 363536.0 ], [ 242100.0, 363536.0 ], [ 242100.0, 363534.0 ], [ 242098.0, 363534.0 ], [ 242098.0, 363530.0 ], [ 242094.0, 363530.0 ], [ 242094.0, 363528.0 ], [ 242090.0, 363528.0 ], [ 242090.0, 363526.0 ], [ 242088.0, 363526.0 ], [ 242088.0, 363524.0 ], [ 242086.0, 363524.0 ], [ 242086.0, 363522.0 ], [ 242084.0, 363522.0 ], [ 242084.0, 363520.0 ], [ 242048.0, 363520.0 ], [ 242048.0, 363522.0 ], [ 242034.0, 363522.0 ], [ 242034.0, 363524.0 ], [ 242024.0, 363524.0 ], [ 242024.0, 363526.0 ], [ 242014.0, 363526.0 ], [ 242014.0, 363528.0 ], [ 242012.0, 363528.0 ], [ 242012.0, 363530.0 ], [ 242010.0, 363530.0 ], [ 242010.0, 363532.0 ], [ 242008.0, 363532.0 ], [ 242008.0, 363530.0 ], [ 242000.0, 363530.0 ], [ 242000.0, 363532.0 ], [ 241992.0, 363532.0 ], [ 241992.0, 363534.0 ], [ 241986.0, 363534.0 ], [ 241986.0, 363536.0 ], [ 241984.0, 363536.0 ], [ 241984.0, 363538.0 ], [ 241982.0, 363538.0 ], [ 241982.0, 363540.0 ], [ 241972.0, 363540.0 ], [ 241972.0, 363538.0 ], [ 241970.0, 363538.0 ], [ 241970.0, 363536.0 ], [ 241968.0, 363536.0 ], [ 241968.0, 363534.0 ], [ 241966.0, 363534.0 ], [ 241966.0, 363528.0 ], [ 241958.0, 363528.0 ], [ 241958.0, 363526.0 ], [ 241956.0, 363526.0 ], [ 241956.0, 363524.0 ], [ 241954.0, 363524.0 ], [ 241954.0, 363522.0 ], [ 241952.0, 363522.0 ], [ 241952.0, 363518.0 ], [ 241948.0, 363518.0 ], [ 241948.0, 363516.0 ], [ 241944.0, 363516.0 ], [ 241944.0, 363514.0 ], [ 241942.0, 363514.0 ], [ 241942.0, 363512.0 ], [ 241940.0, 363512.0 ], [ 241940.0, 363510.0 ], [ 241938.0, 363510.0 ], [ 241938.0, 363508.0 ], [ 241936.0, 363508.0 ], [ 241936.0, 363504.0 ], [ 241938.0, 363504.0 ], [ 241938.0, 363502.0 ], [ 241940.0, 363502.0 ], [ 241940.0, 363500.0 ], [ 241942.0, 363500.0 ], [ 241942.0, 363496.0 ], [ 241944.0, 363496.0 ], [ 241944.0, 363492.0 ], [ 241942.0, 363492.0 ], [ 241942.0, 363490.0 ], [ 241940.0, 363490.0 ], [ 241940.0, 363488.0 ], [ 241938.0, 363488.0 ], [ 241938.0, 363482.0 ], [ 241936.0, 363482.0 ], [ 241936.0, 363480.0 ], [ 241930.0, 363480.0 ], [ 241930.0, 363478.0 ], [ 241926.0, 363478.0 ], [ 241926.0, 363480.0 ], [ 241928.0, 363480.0 ], [ 241928.0, 363486.0 ], [ 241926.0, 363486.0 ], [ 241926.0, 363488.0 ], [ 241924.0, 363488.0 ], [ 241924.0, 363490.0 ], [ 241922.0, 363490.0 ], [ 241922.0, 363488.0 ], [ 241916.0, 363488.0 ], [ 241916.0, 363492.0 ], [ 241914.0, 363492.0 ], [ 241914.0, 363498.0 ], [ 241916.0, 363498.0 ], [ 241916.0, 363500.0 ], [ 241918.0, 363500.0 ], [ 241918.0, 363502.0 ], [ 241920.0, 363502.0 ], [ 241920.0, 363504.0 ], [ 241922.0, 363504.0 ], [ 241922.0, 363508.0 ], [ 241920.0, 363508.0 ], [ 241920.0, 363510.0 ], [ 241918.0, 363510.0 ], [ 241918.0, 363512.0 ], [ 241914.0, 363512.0 ], [ 241914.0, 363510.0 ], [ 241912.0, 363510.0 ], [ 241912.0, 363508.0 ], [ 241910.0, 363508.0 ], [ 241910.0, 363504.0 ], [ 241908.0, 363504.0 ], [ 241908.0, 363502.0 ], [ 241900.0, 363502.0 ], [ 241900.0, 363500.0 ], [ 241898.0, 363500.0 ], [ 241898.0, 363502.0 ], [ 241894.0, 363502.0 ], [ 241894.0, 363506.0 ], [ 241892.0, 363506.0 ], [ 241892.0, 363516.0 ], [ 241894.0, 363516.0 ], [ 241894.0, 363522.0 ], [ 241896.0, 363522.0 ], [ 241896.0, 363520.0 ], [ 241898.0, 363520.0 ], [ 241898.0, 363522.0 ], [ 241900.0, 363522.0 ], [ 241900.0, 363524.0 ], [ 241902.0, 363524.0 ], [ 241902.0, 363526.0 ], [ 241904.0, 363526.0 ], [ 241904.0, 363528.0 ], [ 241906.0, 363528.0 ], [ 241906.0, 363530.0 ], [ 241904.0, 363530.0 ], [ 241904.0, 363532.0 ], [ 241906.0, 363532.0 ], [ 241906.0, 363534.0 ], [ 241908.0, 363534.0 ], [ 241908.0, 363536.0 ], [ 241906.0, 363536.0 ], [ 241906.0, 363538.0 ], [ 241910.0, 363538.0 ], [ 241910.0, 363540.0 ], [ 241912.0, 363540.0 ], [ 241912.0, 363542.0 ], [ 241914.0, 363542.0 ], [ 241914.0, 363546.0 ], [ 241916.0, 363546.0 ], [ 241916.0, 363544.0 ], [ 241918.0, 363544.0 ], [ 241918.0, 363546.0 ], [ 241920.0, 363546.0 ], [ 241920.0, 363548.0 ], [ 241922.0, 363548.0 ], [ 241922.0, 363550.0 ], [ 241920.0, 363550.0 ], [ 241920.0, 363552.0 ], [ 241918.0, 363552.0 ], [ 241918.0, 363554.0 ], [ 241916.0, 363554.0 ], [ 241916.0, 363552.0 ], [ 241914.0, 363552.0 ], [ 241914.0, 363554.0 ], [ 241906.0, 363554.0 ], [ 241906.0, 363552.0 ], [ 241898.0, 363552.0 ], [ 241898.0, 363550.0 ], [ 241896.0, 363550.0 ], [ 241896.0, 363548.0 ], [ 241888.0, 363548.0 ], [ 241888.0, 363546.0 ], [ 241886.0, 363546.0 ], [ 241886.0, 363548.0 ], [ 241884.0, 363548.0 ], [ 241884.0, 363550.0 ], [ 241878.0, 363550.0 ], [ 241878.0, 363548.0 ], [ 241876.0, 363548.0 ], [ 241876.0, 363546.0 ], [ 241870.0, 363546.0 ], [ 241870.0, 363544.0 ], [ 241866.0, 363544.0 ], [ 241866.0, 363546.0 ], [ 241860.0, 363546.0 ], [ 241860.0, 363544.0 ], [ 241858.0, 363544.0 ], [ 241858.0, 363542.0 ], [ 241856.0, 363542.0 ], [ 241856.0, 363544.0 ], [ 241854.0, 363544.0 ], [ 241854.0, 363546.0 ], [ 241850.0, 363546.0 ], [ 241850.0, 363548.0 ], [ 241848.0, 363548.0 ], [ 241848.0, 363546.0 ], [ 241846.0, 363546.0 ], [ 241846.0, 363544.0 ], [ 241844.0, 363544.0 ], [ 241844.0, 363542.0 ], [ 241840.0, 363542.0 ], [ 241840.0, 363544.0 ], [ 241836.0, 363544.0 ], [ 241836.0, 363552.0 ], [ 241838.0, 363552.0 ], [ 241838.0, 363554.0 ], [ 241844.0, 363554.0 ], [ 241844.0, 363556.0 ], [ 241848.0, 363556.0 ], [ 241848.0, 363554.0 ], [ 241850.0, 363554.0 ], [ 241850.0, 363556.0 ], [ 241852.0, 363556.0 ], [ 241852.0, 363558.0 ], [ 241854.0, 363558.0 ], [ 241854.0, 363560.0 ], [ 241856.0, 363560.0 ], [ 241856.0, 363564.0 ], [ 241858.0, 363564.0 ], [ 241858.0, 363562.0 ], [ 241862.0, 363562.0 ], [ 241862.0, 363564.0 ], [ 241868.0, 363564.0 ], [ 241868.0, 363566.0 ], [ 241870.0, 363566.0 ], [ 241870.0, 363568.0 ], [ 241872.0, 363568.0 ], [ 241872.0, 363576.0 ], [ 241870.0, 363576.0 ], [ 241870.0, 363578.0 ], [ 241868.0, 363578.0 ], [ 241868.0, 363584.0 ], [ 241870.0, 363584.0 ], [ 241870.0, 363586.0 ], [ 241872.0, 363586.0 ], [ 241872.0, 363588.0 ], [ 241874.0, 363588.0 ], [ 241874.0, 363590.0 ], [ 241876.0, 363590.0 ], [ 241876.0, 363592.0 ], [ 241878.0, 363592.0 ], [ 241878.0, 363594.0 ], [ 241880.0, 363594.0 ], [ 241880.0, 363598.0 ], [ 241878.0, 363598.0 ], [ 241878.0, 363600.0 ], [ 241876.0, 363600.0 ], [ 241876.0, 363602.0 ], [ 241874.0, 363602.0 ], [ 241874.0, 363604.0 ], [ 241872.0, 363604.0 ], [ 241872.0, 363606.0 ], [ 241870.0, 363606.0 ], [ 241870.0, 363608.0 ], [ 241872.0, 363608.0 ], [ 241872.0, 363612.0 ], [ 241874.0, 363612.0 ], [ 241874.0, 363614.0 ], [ 241876.0, 363614.0 ], [ 241876.0, 363618.0 ], [ 241878.0, 363618.0 ], [ 241878.0, 363620.0 ], [ 241876.0, 363620.0 ], [ 241876.0, 363628.0 ], [ 241878.0, 363628.0 ], [ 241878.0, 363632.0 ], [ 241876.0, 363632.0 ], [ 241876.0, 363640.0 ], [ 241874.0, 363640.0 ], [ 241874.0, 363646.0 ], [ 241872.0, 363646.0 ], [ 241872.0, 363656.0 ], [ 241870.0, 363656.0 ], [ 241870.0, 363658.0 ], [ 241868.0, 363658.0 ], [ 241868.0, 363660.0 ], [ 241864.0, 363660.0 ], [ 241864.0, 363658.0 ], [ 241862.0, 363658.0 ], [ 241862.0, 363656.0 ], [ 241860.0, 363656.0 ], [ 241860.0, 363658.0 ], [ 241858.0, 363658.0 ], [ 241858.0, 363660.0 ], [ 241854.0, 363660.0 ], [ 241854.0, 363658.0 ], [ 241852.0, 363658.0 ], [ 241852.0, 363656.0 ], [ 241850.0, 363656.0 ], [ 241850.0, 363654.0 ], [ 241848.0, 363654.0 ], [ 241848.0, 363652.0 ], [ 241846.0, 363652.0 ], [ 241846.0, 363650.0 ], [ 241842.0, 363650.0 ], [ 241842.0, 363652.0 ], [ 241840.0, 363652.0 ], [ 241840.0, 363650.0 ], [ 241838.0, 363650.0 ], [ 241838.0, 363648.0 ], [ 241836.0, 363648.0 ], [ 241836.0, 363650.0 ], [ 241834.0, 363650.0 ], [ 241834.0, 363654.0 ], [ 241832.0, 363654.0 ], [ 241832.0, 363656.0 ], [ 241830.0, 363656.0 ], [ 241830.0, 363660.0 ], [ 241828.0, 363660.0 ], [ 241828.0, 363662.0 ], [ 241826.0, 363662.0 ], [ 241826.0, 363666.0 ], [ 241824.0, 363666.0 ], [ 241824.0, 363670.0 ], [ 241822.0, 363670.0 ], [ 241822.0, 363672.0 ], [ 241820.0, 363672.0 ], [ 241820.0, 363676.0 ], [ 241818.0, 363676.0 ], [ 241818.0, 363680.0 ], [ 241816.0, 363680.0 ], [ 241816.0, 363684.0 ], [ 241814.0, 363684.0 ], [ 241814.0, 363686.0 ], [ 241816.0, 363686.0 ], [ 241816.0, 363688.0 ], [ 241814.0, 363688.0 ], [ 241814.0, 363690.0 ], [ 241812.0, 363690.0 ], [ 241812.0, 363692.0 ], [ 241810.0, 363692.0 ], [ 241810.0, 363694.0 ], [ 241812.0, 363694.0 ], [ 241812.0, 363698.0 ], [ 241816.0, 363698.0 ], [ 241816.0, 363700.0 ], [ 241820.0, 363700.0 ], [ 241820.0, 363702.0 ], [ 241822.0, 363702.0 ], [ 241822.0, 363704.0 ], [ 241824.0, 363704.0 ], [ 241824.0, 363706.0 ], [ 241826.0, 363706.0 ], [ 241826.0, 363708.0 ], [ 241830.0, 363708.0 ], [ 241830.0, 363710.0 ], [ 241832.0, 363710.0 ], [ 241832.0, 363712.0 ], [ 241834.0, 363712.0 ], [ 241834.0, 363714.0 ], [ 241838.0, 363714.0 ], [ 241838.0, 363716.0 ], [ 241840.0, 363716.0 ], [ 241840.0, 363718.0 ], [ 241842.0, 363718.0 ], [ 241842.0, 363720.0 ], [ 241844.0, 363720.0 ], [ 241844.0, 363722.0 ], [ 241846.0, 363722.0 ], [ 241846.0, 363724.0 ], [ 241848.0, 363724.0 ], [ 241848.0, 363726.0 ], [ 241854.0, 363726.0 ], [ 241854.0, 363728.0 ], [ 241858.0, 363728.0 ], [ 241858.0, 363726.0 ], [ 241862.0, 363726.0 ], [ 241862.0, 363728.0 ], [ 241864.0, 363728.0 ], [ 241864.0, 363726.0 ], [ 241868.0, 363726.0 ], [ 241868.0, 363724.0 ], [ 241872.0, 363724.0 ], [ 241872.0, 363726.0 ], [ 241876.0, 363726.0 ], [ 241876.0, 363728.0 ], [ 241880.0, 363728.0 ], [ 241880.0, 363726.0 ], [ 241882.0, 363726.0 ], [ 241882.0, 363724.0 ], [ 241884.0, 363724.0 ], [ 241884.0, 363726.0 ], [ 241888.0, 363726.0 ], [ 241888.0, 363728.0 ], [ 241892.0, 363728.0 ], [ 241892.0, 363726.0 ], [ 241894.0, 363726.0 ], [ 241894.0, 363728.0 ], [ 241896.0, 363728.0 ], [ 241896.0, 363730.0 ], [ 241898.0, 363730.0 ], [ 241898.0, 363736.0 ], [ 241902.0, 363736.0 ], [ 241902.0, 363738.0 ], [ 241908.0, 363738.0 ], [ 241908.0, 363740.0 ], [ 241910.0, 363740.0 ], [ 241910.0, 363738.0 ], [ 241912.0, 363738.0 ], [ 241912.0, 363736.0 ], [ 241914.0, 363736.0 ], [ 241914.0, 363734.0 ], [ 241922.0, 363734.0 ], [ 241922.0, 363736.0 ], [ 241924.0, 363736.0 ], [ 241924.0, 363738.0 ], [ 241926.0, 363738.0 ], [ 241926.0, 363742.0 ], [ 241928.0, 363742.0 ], [ 241928.0, 363744.0 ], [ 241930.0, 363744.0 ], [ 241930.0, 363746.0 ], [ 241932.0, 363746.0 ], [ 241932.0, 363750.0 ], [ 241930.0, 363750.0 ], [ 241930.0, 363752.0 ], [ 241928.0, 363752.0 ], [ 241928.0, 363754.0 ], [ 241934.0, 363754.0 ], [ 241934.0, 363752.0 ], [ 241936.0, 363752.0 ], [ 241936.0, 363754.0 ], [ 241938.0, 363754.0 ], [ 241938.0, 363756.0 ], [ 241940.0, 363756.0 ], [ 241940.0, 363758.0 ], [ 241944.0, 363758.0 ], [ 241944.0, 363760.0 ], [ 241948.0, 363760.0 ], [ 241948.0, 363762.0 ], [ 241950.0, 363762.0 ], [ 241950.0, 363764.0 ], [ 241954.0, 363764.0 ], [ 241954.0, 363766.0 ], [ 241956.0, 363766.0 ], [ 241956.0, 363768.0 ], [ 241958.0, 363768.0 ], [ 241958.0, 363770.0 ], [ 241956.0, 363770.0 ], [ 241956.0, 363772.0 ], [ 241954.0, 363772.0 ], [ 241954.0, 363774.0 ], [ 241952.0, 363774.0 ], [ 241952.0, 363772.0 ], [ 241950.0, 363772.0 ], [ 241950.0, 363770.0 ], [ 241948.0, 363770.0 ], [ 241948.0, 363774.0 ], [ 241946.0, 363774.0 ], [ 241946.0, 363776.0 ], [ 241944.0, 363776.0 ], [ 241944.0, 363778.0 ], [ 241930.0, 363778.0 ], [ 241930.0, 363776.0 ], [ 241928.0, 363776.0 ], [ 241928.0, 363774.0 ], [ 241926.0, 363774.0 ], [ 241926.0, 363772.0 ], [ 241924.0, 363772.0 ], [ 241924.0, 363770.0 ], [ 241922.0, 363770.0 ], [ 241922.0, 363768.0 ], [ 241920.0, 363768.0 ], [ 241920.0, 363766.0 ], [ 241918.0, 363766.0 ], [ 241918.0, 363764.0 ], [ 241914.0, 363764.0 ], [ 241914.0, 363762.0 ], [ 241910.0, 363762.0 ], [ 241910.0, 363764.0 ], [ 241908.0, 363764.0 ], [ 241908.0, 363766.0 ], [ 241904.0, 363766.0 ], [ 241904.0, 363768.0 ], [ 241902.0, 363768.0 ], [ 241902.0, 363770.0 ], [ 241898.0, 363770.0 ], [ 241898.0, 363772.0 ], [ 241896.0, 363772.0 ], [ 241896.0, 363774.0 ], [ 241894.0, 363774.0 ], [ 241894.0, 363776.0 ], [ 241892.0, 363776.0 ], [ 241892.0, 363778.0 ], [ 241888.0, 363778.0 ], [ 241888.0, 363780.0 ], [ 241886.0, 363780.0 ], [ 241886.0, 363782.0 ], [ 241884.0, 363782.0 ], [ 241884.0, 363784.0 ], [ 241882.0, 363784.0 ], [ 241882.0, 363786.0 ], [ 241880.0, 363786.0 ], [ 241880.0, 363788.0 ], [ 241878.0, 363788.0 ], [ 241878.0, 363794.0 ], [ 241880.0, 363794.0 ], [ 241880.0, 363796.0 ], [ 241878.0, 363796.0 ], [ 241878.0, 363798.0 ], [ 241882.0, 363798.0 ], [ 241882.0, 363800.0 ], [ 241884.0, 363800.0 ], [ 241884.0, 363802.0 ], [ 241886.0, 363802.0 ], [ 241886.0, 363806.0 ], [ 241888.0, 363806.0 ], [ 241888.0, 363810.0 ], [ 241890.0, 363810.0 ], [ 241890.0, 363812.0 ], [ 241892.0, 363812.0 ], [ 241892.0, 363814.0 ], [ 241894.0, 363814.0 ], [ 241894.0, 363818.0 ], [ 241896.0, 363818.0 ], [ 241896.0, 363822.0 ], [ 241898.0, 363822.0 ], [ 241898.0, 363824.0 ], [ 241900.0, 363824.0 ], [ 241900.0, 363826.0 ], [ 241902.0, 363826.0 ], [ 241902.0, 363828.0 ], [ 241904.0, 363828.0 ], [ 241904.0, 363832.0 ], [ 241906.0, 363832.0 ], [ 241906.0, 363834.0 ], [ 241908.0, 363834.0 ], [ 241908.0, 363836.0 ], [ 241912.0, 363836.0 ], [ 241912.0, 363838.0 ], [ 241914.0, 363838.0 ], [ 241914.0, 363840.0 ], [ 241918.0, 363840.0 ], [ 241918.0, 363842.0 ], [ 241920.0, 363842.0 ], [ 241920.0, 363844.0 ], [ 241924.0, 363844.0 ], [ 241924.0, 363846.0 ], [ 241928.0, 363846.0 ], [ 241928.0, 363848.0 ], [ 241932.0, 363848.0 ], [ 241932.0, 363850.0 ], [ 241934.0, 363850.0 ], [ 241934.0, 363852.0 ], [ 241936.0, 363852.0 ], [ 241936.0, 363856.0 ], [ 241938.0, 363856.0 ], [ 241938.0, 363862.0 ], [ 241940.0, 363862.0 ], [ 241940.0, 363866.0 ], [ 241938.0, 363866.0 ], [ 241938.0, 363872.0 ], [ 241936.0, 363872.0 ], [ 241936.0, 363874.0 ], [ 241934.0, 363874.0 ], [ 241934.0, 363882.0 ], [ 241932.0, 363882.0 ], [ 241932.0, 363884.0 ], [ 241934.0, 363884.0 ], [ 241934.0, 363886.0 ], [ 241940.0, 363886.0 ], [ 241940.0, 363888.0 ], [ 241944.0, 363888.0 ], [ 241944.0, 363890.0 ], [ 241946.0, 363890.0 ], [ 241946.0, 363892.0 ], [ 241948.0, 363892.0 ], [ 241948.0, 363896.0 ], [ 241950.0, 363896.0 ], [ 241950.0, 363898.0 ], [ 241952.0, 363898.0 ], [ 241952.0, 363900.0 ], [ 241954.0, 363900.0 ], [ 241954.0, 363902.0 ], [ 241956.0, 363902.0 ], [ 241956.0, 363904.0 ], [ 241958.0, 363904.0 ], [ 241958.0, 363906.0 ], [ 241960.0, 363906.0 ], [ 241960.0, 363910.0 ], [ 241962.0, 363910.0 ], [ 241962.0, 363912.0 ], [ 241964.0, 363912.0 ], [ 241964.0, 363916.0 ], [ 241966.0, 363916.0 ], [ 241966.0, 363918.0 ], [ 241968.0, 363918.0 ], [ 241968.0, 363922.0 ], [ 241970.0, 363922.0 ], [ 241970.0, 363924.0 ], [ 241972.0, 363924.0 ], [ 241972.0, 363928.0 ], [ 241974.0, 363928.0 ], [ 241974.0, 363930.0 ], [ 241976.0, 363930.0 ], [ 241976.0, 363932.0 ], [ 241978.0, 363932.0 ], [ 241978.0, 363934.0 ], [ 241980.0, 363934.0 ], [ 241980.0, 363936.0 ], [ 241984.0, 363936.0 ], [ 241984.0, 363938.0 ], [ 241988.0, 363938.0 ], [ 241988.0, 363936.0 ], [ 241990.0, 363936.0 ], [ 241990.0, 363938.0 ], [ 241992.0, 363938.0 ], [ 241992.0, 363940.0 ], [ 241994.0, 363940.0 ], [ 241994.0, 363942.0 ], [ 241992.0, 363942.0 ], [ 241992.0, 363946.0 ], [ 241994.0, 363946.0 ], [ 241994.0, 363952.0 ], [ 242000.0, 363952.0 ], [ 242000.0, 363950.0 ], [ 242004.0, 363950.0 ], [ 242004.0, 363952.0 ], [ 242006.0, 363952.0 ], [ 242006.0, 363954.0 ], [ 242012.0, 363954.0 ], [ 242012.0, 363946.0 ], [ 242014.0, 363946.0 ], [ 242014.0, 363940.0 ], [ 242012.0, 363940.0 ], [ 242012.0, 363934.0 ], [ 242010.0, 363934.0 ], [ 242010.0, 363928.0 ], [ 242008.0, 363928.0 ], [ 242008.0, 363920.0 ], [ 242006.0, 363920.0 ], [ 242006.0, 363916.0 ], [ 242004.0, 363916.0 ], [ 242004.0, 363914.0 ], [ 242002.0, 363914.0 ], [ 242002.0, 363910.0 ], [ 242000.0, 363910.0 ], [ 242000.0, 363906.0 ], [ 241998.0, 363906.0 ], [ 241998.0, 363904.0 ], [ 241994.0, 363904.0 ], [ 241994.0, 363902.0 ], [ 241992.0, 363902.0 ], [ 241992.0, 363900.0 ], [ 241990.0, 363900.0 ], [ 241990.0, 363896.0 ], [ 241988.0, 363896.0 ], [ 241988.0, 363894.0 ], [ 241986.0, 363894.0 ], [ 241986.0, 363892.0 ], [ 241984.0, 363892.0 ], [ 241984.0, 363890.0 ], [ 241982.0, 363890.0 ], [ 241982.0, 363888.0 ], [ 241984.0, 363888.0 ], [ 241984.0, 363886.0 ], [ 241986.0, 363886.0 ], [ 241986.0, 363884.0 ], [ 241990.0, 363884.0 ], [ 241990.0, 363882.0 ], [ 241992.0, 363882.0 ], [ 241992.0, 363880.0 ], [ 241990.0, 363880.0 ], [ 241990.0, 363872.0 ], [ 241988.0, 363872.0 ], [ 241988.0, 363866.0 ], [ 241986.0, 363866.0 ], [ 241986.0, 363864.0 ], [ 241984.0, 363864.0 ], [ 241984.0, 363862.0 ], [ 241982.0, 363862.0 ], [ 241982.0, 363860.0 ], [ 241980.0, 363860.0 ], [ 241980.0, 363858.0 ], [ 241978.0, 363858.0 ], [ 241978.0, 363848.0 ], [ 241976.0, 363848.0 ], [ 241976.0, 363842.0 ], [ 241978.0, 363842.0 ], [ 241978.0, 363840.0 ], [ 241980.0, 363840.0 ], [ 241980.0, 363838.0 ], [ 241982.0, 363838.0 ], [ 241982.0, 363836.0 ], [ 241984.0, 363836.0 ], [ 241984.0, 363826.0 ], [ 241982.0, 363826.0 ], [ 241982.0, 363824.0 ], [ 241980.0, 363824.0 ], [ 241980.0, 363822.0 ], [ 241978.0, 363822.0 ], [ 241978.0, 363818.0 ], [ 241976.0, 363818.0 ], [ 241976.0, 363816.0 ], [ 241974.0, 363816.0 ], [ 241974.0, 363814.0 ], [ 241972.0, 363814.0 ], [ 241972.0, 363810.0 ], [ 241970.0, 363810.0 ], [ 241970.0, 363808.0 ], [ 241972.0, 363808.0 ], [ 241972.0, 363806.0 ], [ 241974.0, 363806.0 ], [ 241974.0, 363804.0 ], [ 241976.0, 363804.0 ], [ 241976.0, 363806.0 ], [ 241980.0, 363806.0 ], [ 241980.0, 363808.0 ], [ 241982.0, 363808.0 ], [ 241982.0, 363810.0 ], [ 241984.0, 363810.0 ], [ 241984.0, 363812.0 ], [ 241986.0, 363812.0 ], [ 241986.0, 363814.0 ], [ 241988.0, 363814.0 ], [ 241988.0, 363816.0 ], [ 241990.0, 363816.0 ], [ 241990.0, 363818.0 ], [ 241988.0, 363818.0 ], [ 241988.0, 363822.0 ], [ 241990.0, 363822.0 ], [ 241990.0, 363820.0 ], [ 241992.0, 363820.0 ], [ 241992.0, 363822.0 ], [ 241994.0, 363822.0 ] ], [ [ 241950.0, 363878.0 ], [ 241948.0, 363878.0 ], [ 241948.0, 363872.0 ], [ 241950.0, 363872.0 ], [ 241950.0, 363870.0 ], [ 241952.0, 363870.0 ], [ 241952.0, 363868.0 ], [ 241954.0, 363868.0 ], [ 241954.0, 363870.0 ], [ 241956.0, 363870.0 ], [ 241956.0, 363872.0 ], [ 241958.0, 363872.0 ], [ 241958.0, 363874.0 ], [ 241960.0, 363874.0 ], [ 241960.0, 363880.0 ], [ 241958.0, 363880.0 ], [ 241958.0, 363882.0 ], [ 241956.0, 363882.0 ], [ 241956.0, 363884.0 ], [ 241954.0, 363884.0 ], [ 241954.0, 363882.0 ], [ 241952.0, 363882.0 ], [ 241952.0, 363880.0 ], [ 241950.0, 363880.0 ], [ 241950.0, 363878.0 ] ], [ [ 242114.0, 363844.0 ], [ 242112.0, 363844.0 ], [ 242112.0, 363842.0 ], [ 242110.0, 363842.0 ], [ 242110.0, 363840.0 ], [ 242108.0, 363840.0 ], [ 242108.0, 363834.0 ], [ 242106.0, 363834.0 ], [ 242106.0, 363830.0 ], [ 242104.0, 363830.0 ], [ 242104.0, 363824.0 ], [ 242106.0, 363824.0 ], [ 242106.0, 363818.0 ], [ 242104.0, 363818.0 ], [ 242104.0, 363814.0 ], [ 242102.0, 363814.0 ], [ 242102.0, 363812.0 ], [ 242100.0, 363812.0 ], [ 242100.0, 363806.0 ], [ 242098.0, 363806.0 ], [ 242098.0, 363804.0 ], [ 242094.0, 363804.0 ], [ 242094.0, 363802.0 ], [ 242092.0, 363802.0 ], [ 242092.0, 363800.0 ], [ 242086.0, 363800.0 ], [ 242086.0, 363802.0 ], [ 242084.0, 363802.0 ], [ 242084.0, 363804.0 ], [ 242082.0, 363804.0 ], [ 242082.0, 363806.0 ], [ 242080.0, 363806.0 ], [ 242080.0, 363804.0 ], [ 242078.0, 363804.0 ], [ 242078.0, 363802.0 ], [ 242076.0, 363802.0 ], [ 242076.0, 363796.0 ], [ 242074.0, 363796.0 ], [ 242074.0, 363794.0 ], [ 242072.0, 363794.0 ], [ 242072.0, 363792.0 ], [ 242074.0, 363792.0 ], [ 242074.0, 363790.0 ], [ 242076.0, 363790.0 ], [ 242076.0, 363788.0 ], [ 242082.0, 363788.0 ], [ 242082.0, 363786.0 ], [ 242080.0, 363786.0 ], [ 242080.0, 363782.0 ], [ 242078.0, 363782.0 ], [ 242078.0, 363780.0 ], [ 242074.0, 363780.0 ], [ 242074.0, 363778.0 ], [ 242070.0, 363778.0 ], [ 242070.0, 363776.0 ], [ 242068.0, 363776.0 ], [ 242068.0, 363774.0 ], [ 242058.0, 363774.0 ], [ 242058.0, 363772.0 ], [ 242050.0, 363772.0 ], [ 242050.0, 363770.0 ], [ 242046.0, 363770.0 ], [ 242046.0, 363768.0 ], [ 242036.0, 363768.0 ], [ 242036.0, 363766.0 ], [ 242034.0, 363766.0 ], [ 242034.0, 363764.0 ], [ 242032.0, 363764.0 ], [ 242032.0, 363758.0 ], [ 242034.0, 363758.0 ], [ 242034.0, 363752.0 ], [ 242032.0, 363752.0 ], [ 242032.0, 363750.0 ], [ 242030.0, 363750.0 ], [ 242030.0, 363748.0 ], [ 242028.0, 363748.0 ], [ 242028.0, 363742.0 ], [ 242030.0, 363742.0 ], [ 242030.0, 363738.0 ], [ 242028.0, 363738.0 ], [ 242028.0, 363736.0 ], [ 242026.0, 363736.0 ], [ 242026.0, 363734.0 ], [ 242028.0, 363734.0 ], [ 242028.0, 363732.0 ], [ 242030.0, 363732.0 ], [ 242030.0, 363730.0 ], [ 242036.0, 363730.0 ], [ 242036.0, 363732.0 ], [ 242038.0, 363732.0 ], [ 242038.0, 363734.0 ], [ 242040.0, 363734.0 ], [ 242040.0, 363736.0 ], [ 242038.0, 363736.0 ], [ 242038.0, 363738.0 ], [ 242040.0, 363738.0 ], [ 242040.0, 363740.0 ], [ 242042.0, 363740.0 ], [ 242042.0, 363742.0 ], [ 242044.0, 363742.0 ], [ 242044.0, 363740.0 ], [ 242046.0, 363740.0 ], [ 242046.0, 363742.0 ], [ 242050.0, 363742.0 ], [ 242050.0, 363744.0 ], [ 242052.0, 363744.0 ], [ 242052.0, 363746.0 ], [ 242054.0, 363746.0 ], [ 242054.0, 363748.0 ], [ 242058.0, 363748.0 ], [ 242058.0, 363750.0 ], [ 242064.0, 363750.0 ], [ 242064.0, 363752.0 ], [ 242070.0, 363752.0 ], [ 242070.0, 363754.0 ], [ 242072.0, 363754.0 ], [ 242072.0, 363756.0 ], [ 242076.0, 363756.0 ], [ 242076.0, 363758.0 ], [ 242082.0, 363758.0 ], [ 242082.0, 363756.0 ], [ 242084.0, 363756.0 ], [ 242084.0, 363754.0 ], [ 242086.0, 363754.0 ], [ 242086.0, 363756.0 ], [ 242088.0, 363756.0 ], [ 242088.0, 363758.0 ], [ 242090.0, 363758.0 ], [ 242090.0, 363762.0 ], [ 242094.0, 363762.0 ], [ 242094.0, 363764.0 ], [ 242100.0, 363764.0 ], [ 242100.0, 363766.0 ], [ 242102.0, 363766.0 ], [ 242102.0, 363768.0 ], [ 242104.0, 363768.0 ], [ 242104.0, 363780.0 ], [ 242106.0, 363780.0 ], [ 242106.0, 363782.0 ], [ 242108.0, 363782.0 ], [ 242108.0, 363784.0 ], [ 242110.0, 363784.0 ], [ 242110.0, 363788.0 ], [ 242112.0, 363788.0 ], [ 242112.0, 363790.0 ], [ 242114.0, 363790.0 ], [ 242114.0, 363798.0 ], [ 242112.0, 363798.0 ], [ 242112.0, 363802.0 ], [ 242114.0, 363802.0 ], [ 242114.0, 363804.0 ], [ 242116.0, 363804.0 ], [ 242116.0, 363802.0 ], [ 242118.0, 363802.0 ], [ 242118.0, 363800.0 ], [ 242120.0, 363800.0 ], [ 242120.0, 363802.0 ], [ 242122.0, 363802.0 ], [ 242122.0, 363804.0 ], [ 242124.0, 363804.0 ], [ 242124.0, 363806.0 ], [ 242126.0, 363806.0 ], [ 242126.0, 363810.0 ], [ 242124.0, 363810.0 ], [ 242124.0, 363812.0 ], [ 242122.0, 363812.0 ], [ 242122.0, 363822.0 ], [ 242124.0, 363822.0 ], [ 242124.0, 363820.0 ], [ 242128.0, 363820.0 ], [ 242128.0, 363822.0 ], [ 242130.0, 363822.0 ], [ 242130.0, 363824.0 ], [ 242132.0, 363824.0 ], [ 242132.0, 363832.0 ], [ 242130.0, 363832.0 ], [ 242130.0, 363836.0 ], [ 242132.0, 363836.0 ], [ 242132.0, 363838.0 ], [ 242134.0, 363838.0 ], [ 242134.0, 363840.0 ], [ 242136.0, 363840.0 ], [ 242136.0, 363842.0 ], [ 242138.0, 363842.0 ], [ 242138.0, 363844.0 ], [ 242136.0, 363844.0 ], [ 242136.0, 363846.0 ], [ 242134.0, 363846.0 ], [ 242134.0, 363848.0 ], [ 242128.0, 363848.0 ], [ 242128.0, 363850.0 ], [ 242120.0, 363850.0 ], [ 242120.0, 363848.0 ], [ 242116.0, 363848.0 ], [ 242116.0, 363846.0 ], [ 242114.0, 363846.0 ], [ 242114.0, 363844.0 ] ], [ [ 242204.0, 363842.0 ], [ 242202.0, 363842.0 ], [ 242202.0, 363838.0 ], [ 242204.0, 363838.0 ], [ 242204.0, 363836.0 ], [ 242206.0, 363836.0 ], [ 242206.0, 363834.0 ], [ 242210.0, 363834.0 ], [ 242210.0, 363836.0 ], [ 242212.0, 363836.0 ], [ 242212.0, 363838.0 ], [ 242214.0, 363838.0 ], [ 242214.0, 363840.0 ], [ 242216.0, 363840.0 ], [ 242216.0, 363842.0 ], [ 242218.0, 363842.0 ], [ 242218.0, 363844.0 ], [ 242216.0, 363844.0 ], [ 242216.0, 363846.0 ], [ 242214.0, 363846.0 ], [ 242214.0, 363848.0 ], [ 242208.0, 363848.0 ], [ 242208.0, 363846.0 ], [ 242206.0, 363846.0 ], [ 242206.0, 363844.0 ], [ 242204.0, 363844.0 ], [ 242204.0, 363842.0 ] ], [ [ 242218.0, 363828.0 ], [ 242216.0, 363828.0 ], [ 242216.0, 363826.0 ], [ 242214.0, 363826.0 ], [ 242214.0, 363818.0 ], [ 242210.0, 363818.0 ], [ 242210.0, 363816.0 ], [ 242208.0, 363816.0 ], [ 242208.0, 363814.0 ], [ 242206.0, 363814.0 ], [ 242206.0, 363808.0 ], [ 242202.0, 363808.0 ], [ 242202.0, 363806.0 ], [ 242198.0, 363806.0 ], [ 242198.0, 363804.0 ], [ 242196.0, 363804.0 ], [ 242196.0, 363802.0 ], [ 242194.0, 363802.0 ], [ 242194.0, 363800.0 ], [ 242192.0, 363800.0 ], [ 242192.0, 363798.0 ], [ 242190.0, 363798.0 ], [ 242190.0, 363796.0 ], [ 242192.0, 363796.0 ], [ 242192.0, 363794.0 ], [ 242194.0, 363794.0 ], [ 242194.0, 363792.0 ], [ 242198.0, 363792.0 ], [ 242198.0, 363790.0 ], [ 242200.0, 363790.0 ], [ 242200.0, 363788.0 ], [ 242202.0, 363788.0 ], [ 242202.0, 363786.0 ], [ 242204.0, 363786.0 ], [ 242204.0, 363788.0 ], [ 242206.0, 363788.0 ], [ 242206.0, 363790.0 ], [ 242208.0, 363790.0 ], [ 242208.0, 363792.0 ], [ 242210.0, 363792.0 ], [ 242210.0, 363796.0 ], [ 242212.0, 363796.0 ], [ 242212.0, 363798.0 ], [ 242214.0, 363798.0 ], [ 242214.0, 363800.0 ], [ 242216.0, 363800.0 ], [ 242216.0, 363802.0 ], [ 242218.0, 363802.0 ], [ 242218.0, 363808.0 ], [ 242220.0, 363808.0 ], [ 242220.0, 363812.0 ], [ 242222.0, 363812.0 ], [ 242222.0, 363814.0 ], [ 242224.0, 363814.0 ], [ 242224.0, 363818.0 ], [ 242226.0, 363818.0 ], [ 242226.0, 363824.0 ], [ 242224.0, 363824.0 ], [ 242224.0, 363826.0 ], [ 242226.0, 363826.0 ], [ 242226.0, 363828.0 ], [ 242228.0, 363828.0 ], [ 242228.0, 363830.0 ], [ 242226.0, 363830.0 ], [ 242226.0, 363832.0 ], [ 242224.0, 363832.0 ], [ 242224.0, 363834.0 ], [ 242222.0, 363834.0 ], [ 242222.0, 363832.0 ], [ 242220.0, 363832.0 ], [ 242220.0, 363830.0 ], [ 242218.0, 363830.0 ], [ 242218.0, 363828.0 ] ], [ [ 242176.0, 363824.0 ], [ 242178.0, 363824.0 ], [ 242178.0, 363822.0 ], [ 242180.0, 363822.0 ], [ 242180.0, 363820.0 ], [ 242182.0, 363820.0 ], [ 242182.0, 363822.0 ], [ 242184.0, 363822.0 ], [ 242184.0, 363824.0 ], [ 242186.0, 363824.0 ], [ 242186.0, 363826.0 ], [ 242184.0, 363826.0 ], [ 242184.0, 363828.0 ], [ 242182.0, 363828.0 ], [ 242182.0, 363830.0 ], [ 242180.0, 363830.0 ], [ 242180.0, 363828.0 ], [ 242178.0, 363828.0 ], [ 242178.0, 363826.0 ], [ 242176.0, 363826.0 ], [ 242176.0, 363824.0 ] ], [ [ 242148.0, 363820.0 ], [ 242150.0, 363820.0 ], [ 242150.0, 363816.0 ], [ 242152.0, 363816.0 ], [ 242152.0, 363814.0 ], [ 242154.0, 363814.0 ], [ 242154.0, 363812.0 ], [ 242160.0, 363812.0 ], [ 242160.0, 363814.0 ], [ 242162.0, 363814.0 ], [ 242162.0, 363816.0 ], [ 242164.0, 363816.0 ], [ 242164.0, 363818.0 ], [ 242162.0, 363818.0 ], [ 242162.0, 363820.0 ], [ 242160.0, 363820.0 ], [ 242160.0, 363822.0 ], [ 242158.0, 363822.0 ], [ 242158.0, 363824.0 ], [ 242156.0, 363824.0 ], [ 242156.0, 363826.0 ], [ 242154.0, 363826.0 ], [ 242154.0, 363828.0 ], [ 242152.0, 363828.0 ], [ 242152.0, 363826.0 ], [ 242150.0, 363826.0 ], [ 242150.0, 363824.0 ], [ 242148.0, 363824.0 ], [ 242148.0, 363820.0 ] ], [ [ 242134.0, 363820.0 ], [ 242132.0, 363820.0 ], [ 242132.0, 363816.0 ], [ 242134.0, 363816.0 ], [ 242134.0, 363814.0 ], [ 242136.0, 363814.0 ], [ 242136.0, 363812.0 ], [ 242140.0, 363812.0 ], [ 242140.0, 363814.0 ], [ 242142.0, 363814.0 ], [ 242142.0, 363816.0 ], [ 242144.0, 363816.0 ], [ 242144.0, 363822.0 ], [ 242142.0, 363822.0 ], [ 242142.0, 363824.0 ], [ 242140.0, 363824.0 ], [ 242140.0, 363826.0 ], [ 242138.0, 363826.0 ], [ 242138.0, 363824.0 ], [ 242136.0, 363824.0 ], [ 242136.0, 363822.0 ], [ 242134.0, 363822.0 ], [ 242134.0, 363820.0 ] ], [ [ 242246.0, 363798.0 ], [ 242248.0, 363798.0 ], [ 242248.0, 363796.0 ], [ 242250.0, 363796.0 ], [ 242250.0, 363794.0 ], [ 242252.0, 363794.0 ], [ 242252.0, 363796.0 ], [ 242254.0, 363796.0 ], [ 242254.0, 363798.0 ], [ 242256.0, 363798.0 ], [ 242256.0, 363802.0 ], [ 242254.0, 363802.0 ], [ 242254.0, 363804.0 ], [ 242252.0, 363804.0 ], [ 242252.0, 363806.0 ], [ 242250.0, 363806.0 ], [ 242250.0, 363804.0 ], [ 242248.0, 363804.0 ], [ 242248.0, 363802.0 ], [ 242246.0, 363802.0 ], [ 242246.0, 363798.0 ] ], [ [ 242246.0, 363780.0 ], [ 242248.0, 363780.0 ], [ 242248.0, 363778.0 ], [ 242250.0, 363778.0 ], [ 242250.0, 363776.0 ], [ 242252.0, 363776.0 ], [ 242252.0, 363778.0 ], [ 242254.0, 363778.0 ], [ 242254.0, 363780.0 ], [ 242256.0, 363780.0 ], [ 242256.0, 363782.0 ], [ 242258.0, 363782.0 ], [ 242258.0, 363786.0 ], [ 242256.0, 363786.0 ], [ 242256.0, 363788.0 ], [ 242254.0, 363788.0 ], [ 242254.0, 363790.0 ], [ 242252.0, 363790.0 ], [ 242252.0, 363792.0 ], [ 242250.0, 363792.0 ], [ 242250.0, 363790.0 ], [ 242248.0, 363790.0 ], [ 242248.0, 363788.0 ], [ 242246.0, 363788.0 ], [ 242246.0, 363780.0 ] ], [ [ 242262.0, 363772.0 ], [ 242260.0, 363772.0 ], [ 242260.0, 363770.0 ], [ 242258.0, 363770.0 ], [ 242258.0, 363768.0 ], [ 242256.0, 363768.0 ], [ 242256.0, 363766.0 ], [ 242258.0, 363766.0 ], [ 242258.0, 363756.0 ], [ 242252.0, 363756.0 ], [ 242252.0, 363754.0 ], [ 242250.0, 363754.0 ], [ 242250.0, 363752.0 ], [ 242246.0, 363752.0 ], [ 242246.0, 363754.0 ], [ 242244.0, 363754.0 ], [ 242244.0, 363756.0 ], [ 242240.0, 363756.0 ], [ 242240.0, 363758.0 ], [ 242236.0, 363758.0 ], [ 242236.0, 363756.0 ], [ 242234.0, 363756.0 ], [ 242234.0, 363754.0 ], [ 242232.0, 363754.0 ], [ 242232.0, 363752.0 ], [ 242228.0, 363752.0 ], [ 242228.0, 363750.0 ], [ 242226.0, 363750.0 ], [ 242226.0, 363748.0 ], [ 242224.0, 363748.0 ], [ 242224.0, 363746.0 ], [ 242222.0, 363746.0 ], [ 242222.0, 363742.0 ], [ 242224.0, 363742.0 ], [ 242224.0, 363740.0 ], [ 242226.0, 363740.0 ], [ 242226.0, 363738.0 ], [ 242228.0, 363738.0 ], [ 242228.0, 363740.0 ], [ 242230.0, 363740.0 ], [ 242230.0, 363738.0 ], [ 242240.0, 363738.0 ], [ 242240.0, 363740.0 ], [ 242242.0, 363740.0 ], [ 242242.0, 363742.0 ], [ 242244.0, 363742.0 ], [ 242244.0, 363748.0 ], [ 242248.0, 363748.0 ], [ 242248.0, 363746.0 ], [ 242250.0, 363746.0 ], [ 242250.0, 363744.0 ], [ 242252.0, 363744.0 ], [ 242252.0, 363740.0 ], [ 242250.0, 363740.0 ], [ 242250.0, 363738.0 ], [ 242252.0, 363738.0 ], [ 242252.0, 363736.0 ], [ 242254.0, 363736.0 ], [ 242254.0, 363734.0 ], [ 242256.0, 363734.0 ], [ 242256.0, 363736.0 ], [ 242260.0, 363736.0 ], [ 242260.0, 363738.0 ], [ 242262.0, 363738.0 ], [ 242262.0, 363740.0 ], [ 242264.0, 363740.0 ], [ 242264.0, 363748.0 ], [ 242266.0, 363748.0 ], [ 242266.0, 363750.0 ], [ 242268.0, 363750.0 ], [ 242268.0, 363752.0 ], [ 242270.0, 363752.0 ], [ 242270.0, 363754.0 ], [ 242272.0, 363754.0 ], [ 242272.0, 363766.0 ], [ 242274.0, 363766.0 ], [ 242274.0, 363774.0 ], [ 242272.0, 363774.0 ], [ 242272.0, 363776.0 ], [ 242270.0, 363776.0 ], [ 242270.0, 363778.0 ], [ 242266.0, 363778.0 ], [ 242266.0, 363776.0 ], [ 242264.0, 363776.0 ], [ 242264.0, 363774.0 ], [ 242262.0, 363774.0 ], [ 242262.0, 363772.0 ] ], [ [ 242154.0, 363760.0 ], [ 242156.0, 363760.0 ], [ 242156.0, 363758.0 ], [ 242158.0, 363758.0 ], [ 242158.0, 363756.0 ], [ 242160.0, 363756.0 ], [ 242160.0, 363754.0 ], [ 242166.0, 363754.0 ], [ 242166.0, 363756.0 ], [ 242168.0, 363756.0 ], [ 242168.0, 363758.0 ], [ 242170.0, 363758.0 ], [ 242170.0, 363760.0 ], [ 242168.0, 363760.0 ], [ 242168.0, 363762.0 ], [ 242166.0, 363762.0 ], [ 242166.0, 363764.0 ], [ 242164.0, 363764.0 ], [ 242164.0, 363766.0 ], [ 242158.0, 363766.0 ], [ 242158.0, 363764.0 ], [ 242156.0, 363764.0 ], [ 242156.0, 363762.0 ], [ 242154.0, 363762.0 ], [ 242154.0, 363760.0 ] ], [ [ 242206.0, 363736.0 ], [ 242208.0, 363736.0 ], [ 242208.0, 363732.0 ], [ 242206.0, 363732.0 ], [ 242206.0, 363730.0 ], [ 242208.0, 363730.0 ], [ 242208.0, 363728.0 ], [ 242210.0, 363728.0 ], [ 242210.0, 363726.0 ], [ 242214.0, 363726.0 ], [ 242214.0, 363724.0 ], [ 242218.0, 363724.0 ], [ 242218.0, 363726.0 ], [ 242220.0, 363726.0 ], [ 242220.0, 363728.0 ], [ 242222.0, 363728.0 ], [ 242222.0, 363732.0 ], [ 242224.0, 363732.0 ], [ 242224.0, 363734.0 ], [ 242222.0, 363734.0 ], [ 242222.0, 363736.0 ], [ 242220.0, 363736.0 ], [ 242220.0, 363738.0 ], [ 242218.0, 363738.0 ], [ 242218.0, 363740.0 ], [ 242216.0, 363740.0 ], [ 242216.0, 363742.0 ], [ 242210.0, 363742.0 ], [ 242210.0, 363740.0 ], [ 242208.0, 363740.0 ], [ 242208.0, 363738.0 ], [ 242206.0, 363738.0 ], [ 242206.0, 363736.0 ] ], [ [ 242180.0, 363734.0 ], [ 242182.0, 363734.0 ], [ 242182.0, 363732.0 ], [ 242180.0, 363732.0 ], [ 242180.0, 363730.0 ], [ 242178.0, 363730.0 ], [ 242178.0, 363728.0 ], [ 242176.0, 363728.0 ], [ 242176.0, 363724.0 ], [ 242174.0, 363724.0 ], [ 242174.0, 363722.0 ], [ 242172.0, 363722.0 ], [ 242172.0, 363714.0 ], [ 242174.0, 363714.0 ], [ 242174.0, 363712.0 ], [ 242176.0, 363712.0 ], [ 242176.0, 363710.0 ], [ 242178.0, 363710.0 ], [ 242178.0, 363712.0 ], [ 242180.0, 363712.0 ], [ 242180.0, 363714.0 ], [ 242182.0, 363714.0 ], [ 242182.0, 363716.0 ], [ 242184.0, 363716.0 ], [ 242184.0, 363722.0 ], [ 242186.0, 363722.0 ], [ 242186.0, 363728.0 ], [ 242184.0, 363728.0 ], [ 242184.0, 363730.0 ], [ 242186.0, 363730.0 ], [ 242186.0, 363732.0 ], [ 242188.0, 363732.0 ], [ 242188.0, 363734.0 ], [ 242190.0, 363734.0 ], [ 242190.0, 363736.0 ], [ 242188.0, 363736.0 ], [ 242188.0, 363738.0 ], [ 242186.0, 363738.0 ], [ 242186.0, 363740.0 ], [ 242184.0, 363740.0 ], [ 242184.0, 363738.0 ], [ 242182.0, 363738.0 ], [ 242182.0, 363736.0 ], [ 242180.0, 363736.0 ], [ 242180.0, 363734.0 ] ], [ [ 242152.0, 363730.0 ], [ 242154.0, 363730.0 ], [ 242154.0, 363728.0 ], [ 242156.0, 363728.0 ], [ 242156.0, 363726.0 ], [ 242158.0, 363726.0 ], [ 242158.0, 363724.0 ], [ 242156.0, 363724.0 ], [ 242156.0, 363720.0 ], [ 242152.0, 363720.0 ], [ 242152.0, 363718.0 ], [ 242150.0, 363718.0 ], [ 242150.0, 363716.0 ], [ 242148.0, 363716.0 ], [ 242148.0, 363710.0 ], [ 242150.0, 363710.0 ], [ 242150.0, 363708.0 ], [ 242152.0, 363708.0 ], [ 242152.0, 363706.0 ], [ 242156.0, 363706.0 ], [ 242156.0, 363708.0 ], [ 242158.0, 363708.0 ], [ 242158.0, 363710.0 ], [ 242160.0, 363710.0 ], [ 242160.0, 363716.0 ], [ 242162.0, 363716.0 ], [ 242162.0, 363718.0 ], [ 242164.0, 363718.0 ], [ 242164.0, 363720.0 ], [ 242166.0, 363720.0 ], [ 242166.0, 363724.0 ], [ 242164.0, 363724.0 ], [ 242164.0, 363726.0 ], [ 242162.0, 363726.0 ], [ 242162.0, 363728.0 ], [ 242164.0, 363728.0 ], [ 242164.0, 363730.0 ], [ 242162.0, 363730.0 ], [ 242162.0, 363732.0 ], [ 242160.0, 363732.0 ], [ 242160.0, 363734.0 ], [ 242158.0, 363734.0 ], [ 242158.0, 363736.0 ], [ 242156.0, 363736.0 ], [ 242156.0, 363734.0 ], [ 242154.0, 363734.0 ], [ 242154.0, 363732.0 ], [ 242152.0, 363732.0 ], [ 242152.0, 363730.0 ] ], [ [ 242246.0, 363726.0 ], [ 242244.0, 363726.0 ], [ 242244.0, 363724.0 ], [ 242242.0, 363724.0 ], [ 242242.0, 363722.0 ], [ 242240.0, 363722.0 ], [ 242240.0, 363714.0 ], [ 242242.0, 363714.0 ], [ 242242.0, 363710.0 ], [ 242240.0, 363710.0 ], [ 242240.0, 363708.0 ], [ 242242.0, 363708.0 ], [ 242242.0, 363706.0 ], [ 242244.0, 363706.0 ], [ 242244.0, 363704.0 ], [ 242246.0, 363704.0 ], [ 242246.0, 363706.0 ], [ 242248.0, 363706.0 ], [ 242248.0, 363708.0 ], [ 242250.0, 363708.0 ], [ 242250.0, 363712.0 ], [ 242252.0, 363712.0 ], [ 242252.0, 363716.0 ], [ 242254.0, 363716.0 ], [ 242254.0, 363718.0 ], [ 242256.0, 363718.0 ], [ 242256.0, 363720.0 ], [ 242258.0, 363720.0 ], [ 242258.0, 363724.0 ], [ 242256.0, 363724.0 ], [ 242256.0, 363726.0 ], [ 242254.0, 363726.0 ], [ 242254.0, 363728.0 ], [ 242252.0, 363728.0 ], [ 242252.0, 363726.0 ], [ 242250.0, 363726.0 ], [ 242250.0, 363724.0 ], [ 242246.0, 363724.0 ], [ 242246.0, 363726.0 ] ], [ [ 242004.0, 363714.0 ], [ 242002.0, 363714.0 ], [ 242002.0, 363712.0 ], [ 242004.0, 363712.0 ], [ 242004.0, 363710.0 ], [ 242006.0, 363710.0 ], [ 242006.0, 363708.0 ], [ 242008.0, 363708.0 ], [ 242008.0, 363704.0 ], [ 242010.0, 363704.0 ], [ 242010.0, 363702.0 ], [ 242008.0, 363702.0 ], [ 242008.0, 363696.0 ], [ 242010.0, 363696.0 ], [ 242010.0, 363694.0 ], [ 242012.0, 363694.0 ], [ 242012.0, 363692.0 ], [ 242014.0, 363692.0 ], [ 242014.0, 363690.0 ], [ 242016.0, 363690.0 ], [ 242016.0, 363692.0 ], [ 242018.0, 363692.0 ], [ 242018.0, 363694.0 ], [ 242020.0, 363694.0 ], [ 242020.0, 363696.0 ], [ 242022.0, 363696.0 ], [ 242022.0, 363698.0 ], [ 242024.0, 363698.0 ], [ 242024.0, 363700.0 ], [ 242026.0, 363700.0 ], [ 242026.0, 363706.0 ], [ 242024.0, 363706.0 ], [ 242024.0, 363708.0 ], [ 242026.0, 363708.0 ], [ 242026.0, 363710.0 ], [ 242028.0, 363710.0 ], [ 242028.0, 363712.0 ], [ 242026.0, 363712.0 ], [ 242026.0, 363714.0 ], [ 242024.0, 363714.0 ], [ 242024.0, 363716.0 ], [ 242022.0, 363716.0 ], [ 242022.0, 363718.0 ], [ 242020.0, 363718.0 ], [ 242020.0, 363720.0 ], [ 242016.0, 363720.0 ], [ 242016.0, 363718.0 ], [ 242010.0, 363718.0 ], [ 242010.0, 363720.0 ], [ 242008.0, 363720.0 ], [ 242008.0, 363718.0 ], [ 242006.0, 363718.0 ], [ 242006.0, 363716.0 ], [ 242004.0, 363716.0 ], [ 242004.0, 363714.0 ] ], [ [ 242132.0, 363710.0 ], [ 242134.0, 363710.0 ], [ 242134.0, 363708.0 ], [ 242136.0, 363708.0 ], [ 242136.0, 363706.0 ], [ 242138.0, 363706.0 ], [ 242138.0, 363704.0 ], [ 242142.0, 363704.0 ], [ 242142.0, 363702.0 ], [ 242144.0, 363702.0 ], [ 242144.0, 363700.0 ], [ 242146.0, 363700.0 ], [ 242146.0, 363702.0 ], [ 242148.0, 363702.0 ], [ 242148.0, 363704.0 ], [ 242150.0, 363704.0 ], [ 242150.0, 363706.0 ], [ 242148.0, 363706.0 ], [ 242148.0, 363708.0 ], [ 242146.0, 363708.0 ], [ 242146.0, 363710.0 ], [ 242144.0, 363710.0 ], [ 242144.0, 363712.0 ], [ 242142.0, 363712.0 ], [ 242142.0, 363714.0 ], [ 242140.0, 363714.0 ], [ 242140.0, 363716.0 ], [ 242136.0, 363716.0 ], [ 242136.0, 363714.0 ], [ 242134.0, 363714.0 ], [ 242134.0, 363712.0 ], [ 242132.0, 363712.0 ], [ 242132.0, 363710.0 ] ], [ [ 242192.0, 363708.0 ], [ 242190.0, 363708.0 ], [ 242190.0, 363706.0 ], [ 242188.0, 363706.0 ], [ 242188.0, 363704.0 ], [ 242186.0, 363704.0 ], [ 242186.0, 363702.0 ], [ 242184.0, 363702.0 ], [ 242184.0, 363700.0 ], [ 242182.0, 363700.0 ], [ 242182.0, 363698.0 ], [ 242180.0, 363698.0 ], [ 242180.0, 363696.0 ], [ 242178.0, 363696.0 ], [ 242178.0, 363688.0 ], [ 242180.0, 363688.0 ], [ 242180.0, 363684.0 ], [ 242182.0, 363684.0 ], [ 242182.0, 363682.0 ], [ 242184.0, 363682.0 ], [ 242184.0, 363680.0 ], [ 242188.0, 363680.0 ], [ 242188.0, 363682.0 ], [ 242190.0, 363682.0 ], [ 242190.0, 363684.0 ], [ 242192.0, 363684.0 ], [ 242192.0, 363686.0 ], [ 242194.0, 363686.0 ], [ 242194.0, 363688.0 ], [ 242196.0, 363688.0 ], [ 242196.0, 363690.0 ], [ 242194.0, 363690.0 ], [ 242194.0, 363694.0 ], [ 242196.0, 363694.0 ], [ 242196.0, 363696.0 ], [ 242198.0, 363696.0 ], [ 242198.0, 363702.0 ], [ 242200.0, 363702.0 ], [ 242200.0, 363706.0 ], [ 242202.0, 363706.0 ], [ 242202.0, 363708.0 ], [ 242204.0, 363708.0 ], [ 242204.0, 363710.0 ], [ 242202.0, 363710.0 ], [ 242202.0, 363712.0 ], [ 242200.0, 363712.0 ], [ 242200.0, 363714.0 ], [ 242196.0, 363714.0 ], [ 242196.0, 363712.0 ], [ 242194.0, 363712.0 ], [ 242194.0, 363710.0 ], [ 242192.0, 363710.0 ], [ 242192.0, 363708.0 ] ], [ [ 242098.0, 363696.0 ], [ 242100.0, 363696.0 ], [ 242100.0, 363694.0 ], [ 242102.0, 363694.0 ], [ 242102.0, 363692.0 ], [ 242104.0, 363692.0 ], [ 242104.0, 363690.0 ], [ 242106.0, 363690.0 ], [ 242106.0, 363692.0 ], [ 242108.0, 363692.0 ], [ 242108.0, 363694.0 ], [ 242110.0, 363694.0 ], [ 242110.0, 363696.0 ], [ 242108.0, 363696.0 ], [ 242108.0, 363698.0 ], [ 242106.0, 363698.0 ], [ 242106.0, 363700.0 ], [ 242104.0, 363700.0 ], [ 242104.0, 363702.0 ], [ 242102.0, 363702.0 ], [ 242102.0, 363700.0 ], [ 242100.0, 363700.0 ], [ 242100.0, 363698.0 ], [ 242098.0, 363698.0 ], [ 242098.0, 363696.0 ] ], [ [ 241884.0, 363688.0 ], [ 241886.0, 363688.0 ], [ 241886.0, 363686.0 ], [ 241888.0, 363686.0 ], [ 241888.0, 363684.0 ], [ 241892.0, 363684.0 ], [ 241892.0, 363686.0 ], [ 241894.0, 363686.0 ], [ 241894.0, 363688.0 ], [ 241896.0, 363688.0 ], [ 241896.0, 363690.0 ], [ 241894.0, 363690.0 ], [ 241894.0, 363692.0 ], [ 241892.0, 363692.0 ], [ 241892.0, 363694.0 ], [ 241888.0, 363694.0 ], [ 241888.0, 363692.0 ], [ 241886.0, 363692.0 ], [ 241886.0, 363690.0 ], [ 241884.0, 363690.0 ], [ 241884.0, 363688.0 ] ], [ [ 242226.0, 363684.0 ], [ 242224.0, 363684.0 ], [ 242224.0, 363682.0 ], [ 242222.0, 363682.0 ], [ 242222.0, 363680.0 ], [ 242220.0, 363680.0 ], [ 242220.0, 363678.0 ], [ 242218.0, 363678.0 ], [ 242218.0, 363676.0 ], [ 242220.0, 363676.0 ], [ 242220.0, 363674.0 ], [ 242222.0, 363674.0 ], [ 242222.0, 363672.0 ], [ 242226.0, 363672.0 ], [ 242226.0, 363674.0 ], [ 242228.0, 363674.0 ], [ 242228.0, 363676.0 ], [ 242230.0, 363676.0 ], [ 242230.0, 363678.0 ], [ 242232.0, 363678.0 ], [ 242232.0, 363680.0 ], [ 242234.0, 363680.0 ], [ 242234.0, 363682.0 ], [ 242236.0, 363682.0 ], [ 242236.0, 363686.0 ], [ 242234.0, 363686.0 ], [ 242234.0, 363688.0 ], [ 242232.0, 363688.0 ], [ 242232.0, 363690.0 ], [ 242230.0, 363690.0 ], [ 242230.0, 363688.0 ], [ 242228.0, 363688.0 ], [ 242228.0, 363686.0 ], [ 242226.0, 363686.0 ], [ 242226.0, 363684.0 ] ], [ [ 242096.0, 363680.0 ], [ 242094.0, 363680.0 ], [ 242094.0, 363678.0 ], [ 242092.0, 363678.0 ], [ 242092.0, 363676.0 ], [ 242090.0, 363676.0 ], [ 242090.0, 363674.0 ], [ 242092.0, 363674.0 ], [ 242092.0, 363672.0 ], [ 242094.0, 363672.0 ], [ 242094.0, 363670.0 ], [ 242098.0, 363670.0 ], [ 242098.0, 363672.0 ], [ 242104.0, 363672.0 ], [ 242104.0, 363664.0 ], [ 242106.0, 363664.0 ], [ 242106.0, 363662.0 ], [ 242108.0, 363662.0 ], [ 242108.0, 363660.0 ], [ 242110.0, 363660.0 ], [ 242110.0, 363662.0 ], [ 242112.0, 363662.0 ], [ 242112.0, 363664.0 ], [ 242114.0, 363664.0 ], [ 242114.0, 363674.0 ], [ 242116.0, 363674.0 ], [ 242116.0, 363678.0 ], [ 242114.0, 363678.0 ], [ 242114.0, 363680.0 ], [ 242112.0, 363680.0 ], [ 242112.0, 363682.0 ], [ 242110.0, 363682.0 ], [ 242110.0, 363684.0 ], [ 242108.0, 363684.0 ], [ 242108.0, 363686.0 ], [ 242106.0, 363686.0 ], [ 242106.0, 363684.0 ], [ 242098.0, 363684.0 ], [ 242098.0, 363682.0 ], [ 242096.0, 363682.0 ], [ 242096.0, 363680.0 ] ], [ [ 241984.0, 363674.0 ], [ 241986.0, 363674.0 ], [ 241986.0, 363672.0 ], [ 241988.0, 363672.0 ], [ 241988.0, 363670.0 ], [ 241992.0, 363670.0 ], [ 241992.0, 363672.0 ], [ 241994.0, 363672.0 ], [ 241994.0, 363674.0 ], [ 241996.0, 363674.0 ], [ 241996.0, 363676.0 ], [ 241994.0, 363676.0 ], [ 241994.0, 363678.0 ], [ 241992.0, 363678.0 ], [ 241992.0, 363680.0 ], [ 241988.0, 363680.0 ], [ 241988.0, 363678.0 ], [ 241986.0, 363678.0 ], [ 241986.0, 363676.0 ], [ 241984.0, 363676.0 ], [ 241984.0, 363674.0 ] ], [ [ 242156.0, 363672.0 ], [ 242158.0, 363672.0 ], [ 242158.0, 363670.0 ], [ 242160.0, 363670.0 ], [ 242160.0, 363668.0 ], [ 242162.0, 363668.0 ], [ 242162.0, 363670.0 ], [ 242164.0, 363670.0 ], [ 242164.0, 363668.0 ], [ 242166.0, 363668.0 ], [ 242166.0, 363670.0 ], [ 242168.0, 363670.0 ], [ 242168.0, 363672.0 ], [ 242170.0, 363672.0 ], [ 242170.0, 363674.0 ], [ 242168.0, 363674.0 ], [ 242168.0, 363676.0 ], [ 242166.0, 363676.0 ], [ 242166.0, 363678.0 ], [ 242162.0, 363678.0 ], [ 242162.0, 363680.0 ], [ 242160.0, 363680.0 ], [ 242160.0, 363678.0 ], [ 242158.0, 363678.0 ], [ 242158.0, 363676.0 ], [ 242156.0, 363676.0 ], [ 242156.0, 363672.0 ] ], [ [ 241976.0, 363662.0 ], [ 241978.0, 363662.0 ], [ 241978.0, 363660.0 ], [ 241980.0, 363660.0 ], [ 241980.0, 363658.0 ], [ 241984.0, 363658.0 ], [ 241984.0, 363660.0 ], [ 241986.0, 363660.0 ], [ 241986.0, 363662.0 ], [ 241988.0, 363662.0 ], [ 241988.0, 363664.0 ], [ 241986.0, 363664.0 ], [ 241986.0, 363666.0 ], [ 241984.0, 363666.0 ], [ 241984.0, 363668.0 ], [ 241980.0, 363668.0 ], [ 241980.0, 363666.0 ], [ 241978.0, 363666.0 ], [ 241978.0, 363664.0 ], [ 241976.0, 363664.0 ], [ 241976.0, 363662.0 ] ], [ [ 242152.0, 363656.0 ], [ 242150.0, 363656.0 ], [ 242150.0, 363654.0 ], [ 242152.0, 363654.0 ], [ 242152.0, 363652.0 ], [ 242154.0, 363652.0 ], [ 242154.0, 363650.0 ], [ 242156.0, 363650.0 ], [ 242156.0, 363648.0 ], [ 242154.0, 363648.0 ], [ 242154.0, 363642.0 ], [ 242152.0, 363642.0 ], [ 242152.0, 363640.0 ], [ 242154.0, 363640.0 ], [ 242154.0, 363638.0 ], [ 242156.0, 363638.0 ], [ 242156.0, 363636.0 ], [ 242158.0, 363636.0 ], [ 242158.0, 363634.0 ], [ 242162.0, 363634.0 ], [ 242162.0, 363636.0 ], [ 242164.0, 363636.0 ], [ 242164.0, 363638.0 ], [ 242166.0, 363638.0 ], [ 242166.0, 363644.0 ], [ 242164.0, 363644.0 ], [ 242164.0, 363648.0 ], [ 242162.0, 363648.0 ], [ 242162.0, 363650.0 ], [ 242160.0, 363650.0 ], [ 242160.0, 363652.0 ], [ 242158.0, 363652.0 ], [ 242158.0, 363654.0 ], [ 242160.0, 363654.0 ], [ 242160.0, 363658.0 ], [ 242162.0, 363658.0 ], [ 242162.0, 363660.0 ], [ 242160.0, 363660.0 ], [ 242160.0, 363662.0 ], [ 242158.0, 363662.0 ], [ 242158.0, 363664.0 ], [ 242156.0, 363664.0 ], [ 242156.0, 363662.0 ], [ 242154.0, 363662.0 ], [ 242154.0, 363660.0 ], [ 242152.0, 363660.0 ], [ 242152.0, 363656.0 ] ], [ [ 242024.0, 363654.0 ], [ 242026.0, 363654.0 ], [ 242026.0, 363652.0 ], [ 242028.0, 363652.0 ], [ 242028.0, 363650.0 ], [ 242030.0, 363650.0 ], [ 242030.0, 363648.0 ], [ 242032.0, 363648.0 ], [ 242032.0, 363650.0 ], [ 242034.0, 363650.0 ], [ 242034.0, 363652.0 ], [ 242036.0, 363652.0 ], [ 242036.0, 363654.0 ], [ 242034.0, 363654.0 ], [ 242034.0, 363656.0 ], [ 242032.0, 363656.0 ], [ 242032.0, 363658.0 ], [ 242030.0, 363658.0 ], [ 242030.0, 363660.0 ], [ 242028.0, 363660.0 ], [ 242028.0, 363658.0 ], [ 242026.0, 363658.0 ], [ 242026.0, 363656.0 ], [ 242024.0, 363656.0 ], [ 242024.0, 363654.0 ] ], [ [ 242054.0, 363616.0 ], [ 242056.0, 363616.0 ], [ 242056.0, 363614.0 ], [ 242058.0, 363614.0 ], [ 242058.0, 363612.0 ], [ 242060.0, 363612.0 ], [ 242060.0, 363610.0 ], [ 242062.0, 363610.0 ], [ 242062.0, 363612.0 ], [ 242064.0, 363612.0 ], [ 242064.0, 363614.0 ], [ 242066.0, 363614.0 ], [ 242066.0, 363616.0 ], [ 242064.0, 363616.0 ], [ 242064.0, 363618.0 ], [ 242062.0, 363618.0 ], [ 242062.0, 363620.0 ], [ 242060.0, 363620.0 ], [ 242060.0, 363622.0 ], [ 242058.0, 363622.0 ], [ 242058.0, 363620.0 ], [ 242056.0, 363620.0 ], [ 242056.0, 363618.0 ], [ 242054.0, 363618.0 ], [ 242054.0, 363616.0 ] ], [ [ 242172.0, 363598.0 ], [ 242174.0, 363598.0 ], [ 242174.0, 363596.0 ], [ 242176.0, 363596.0 ], [ 242176.0, 363592.0 ], [ 242178.0, 363592.0 ], [ 242178.0, 363588.0 ], [ 242176.0, 363588.0 ], [ 242176.0, 363586.0 ], [ 242174.0, 363586.0 ], [ 242174.0, 363584.0 ], [ 242172.0, 363584.0 ], [ 242172.0, 363582.0 ], [ 242170.0, 363582.0 ], [ 242170.0, 363580.0 ], [ 242168.0, 363580.0 ], [ 242168.0, 363576.0 ], [ 242170.0, 363576.0 ], [ 242170.0, 363574.0 ], [ 242172.0, 363574.0 ], [ 242172.0, 363572.0 ], [ 242174.0, 363572.0 ], [ 242174.0, 363570.0 ], [ 242178.0, 363570.0 ], [ 242178.0, 363572.0 ], [ 242180.0, 363572.0 ], [ 242180.0, 363574.0 ], [ 242182.0, 363574.0 ], [ 242182.0, 363576.0 ], [ 242192.0, 363576.0 ], [ 242192.0, 363578.0 ], [ 242194.0, 363578.0 ], [ 242194.0, 363580.0 ], [ 242196.0, 363580.0 ], [ 242196.0, 363582.0 ], [ 242198.0, 363582.0 ], [ 242198.0, 363584.0 ], [ 242196.0, 363584.0 ], [ 242196.0, 363586.0 ], [ 242194.0, 363586.0 ], [ 242194.0, 363588.0 ], [ 242192.0, 363588.0 ], [ 242192.0, 363586.0 ], [ 242190.0, 363586.0 ], [ 242190.0, 363590.0 ], [ 242188.0, 363590.0 ], [ 242188.0, 363592.0 ], [ 242186.0, 363592.0 ], [ 242186.0, 363596.0 ], [ 242184.0, 363596.0 ], [ 242184.0, 363602.0 ], [ 242182.0, 363602.0 ], [ 242182.0, 363604.0 ], [ 242180.0, 363604.0 ], [ 242180.0, 363606.0 ], [ 242176.0, 363606.0 ], [ 242176.0, 363604.0 ], [ 242174.0, 363604.0 ], [ 242174.0, 363602.0 ], [ 242172.0, 363602.0 ], [ 242172.0, 363598.0 ] ], [ [ 241992.0, 363554.0 ], [ 241994.0, 363554.0 ], [ 241994.0, 363552.0 ], [ 241996.0, 363552.0 ], [ 241996.0, 363550.0 ], [ 241998.0, 363550.0 ], [ 241998.0, 363548.0 ], [ 242000.0, 363548.0 ], [ 242000.0, 363550.0 ], [ 242002.0, 363550.0 ], [ 242002.0, 363552.0 ], [ 242004.0, 363552.0 ], [ 242004.0, 363554.0 ], [ 242002.0, 363554.0 ], [ 242002.0, 363556.0 ], [ 242000.0, 363556.0 ], [ 242000.0, 363558.0 ], [ 241998.0, 363558.0 ], [ 241998.0, 363560.0 ], [ 241996.0, 363560.0 ], [ 241996.0, 363558.0 ], [ 241994.0, 363558.0 ], [ 241994.0, 363556.0 ], [ 241992.0, 363556.0 ], [ 241992.0, 363554.0 ] ] ], [ [ [ 241986.0, 363822.0 ], [ 241986.0, 363824.0 ], [ 241988.0, 363824.0 ], [ 241988.0, 363822.0 ], [ 241986.0, 363822.0 ] ] ], [ [ [ 241984.0, 363826.0 ], [ 241986.0, 363826.0 ], [ 241986.0, 363824.0 ], [ 241984.0, 363824.0 ], [ 241984.0, 363826.0 ] ] ], [ [ [ 242174.0, 364002.0 ], [ 242174.0, 363998.0 ], [ 242172.0, 363998.0 ], [ 242172.0, 363994.0 ], [ 242170.0, 363994.0 ], [ 242170.0, 363992.0 ], [ 242166.0, 363992.0 ], [ 242166.0, 363990.0 ], [ 242164.0, 363990.0 ], [ 242164.0, 363988.0 ], [ 242158.0, 363988.0 ], [ 242158.0, 363992.0 ], [ 242156.0, 363992.0 ], [ 242156.0, 363998.0 ], [ 242158.0, 363998.0 ], [ 242158.0, 364002.0 ], [ 242160.0, 364002.0 ], [ 242160.0, 364004.0 ], [ 242162.0, 364004.0 ], [ 242162.0, 364006.0 ], [ 242164.0, 364006.0 ], [ 242164.0, 364008.0 ], [ 242174.0, 364008.0 ], [ 242174.0, 364006.0 ], [ 242176.0, 364006.0 ], [ 242176.0, 364002.0 ], [ 242174.0, 364002.0 ] ] ], [ [ [ 242162.0, 364148.0 ], [ 242162.0, 364150.0 ], [ 242164.0, 364150.0 ], [ 242164.0, 364146.0 ], [ 242160.0, 364146.0 ], [ 242160.0, 364148.0 ], [ 242162.0, 364148.0 ] ] ], [ [ [ 242148.0, 364150.0 ], [ 242148.0, 364148.0 ], [ 242146.0, 364148.0 ], [ 242146.0, 364150.0 ], [ 242148.0, 364150.0 ] ] ], [ [ [ 242166.0, 364152.0 ], [ 242166.0, 364150.0 ], [ 242164.0, 364150.0 ], [ 242164.0, 364152.0 ], [ 242166.0, 364152.0 ] ] ], [ [ [ 242152.0, 364154.0 ], [ 242150.0, 364154.0 ], [ 242150.0, 364158.0 ], [ 242152.0, 364158.0 ], [ 242152.0, 364154.0 ] ] ], [ [ [ 242152.0, 364160.0 ], [ 242154.0, 364160.0 ], [ 242154.0, 364158.0 ], [ 242152.0, 364158.0 ], [ 242152.0, 364160.0 ] ] ] ] } },
{ "type": "Feature", "properties": { "layer": "basin_divide", "group": "", "delta_m": null, "floor_m": null, "area_ha": null, "bounded_by": "" }, "geometry": { "type": "MultiPolygon", "coordinates": [ [ [ [ 242986.0, 362630.0 ], [ 242986.0, 362626.0 ], [ 242974.0, 362626.0 ], [ 242974.0, 362624.0 ], [ 242970.0, 362624.0 ], [ 242970.0, 362622.0 ], [ 242968.0, 362622.0 ], [ 242968.0, 362620.0 ], [ 242966.0, 362620.0 ], [ 242966.0, 362616.0 ], [ 242964.0, 362616.0 ], [ 242964.0, 362614.0 ], [ 242962.0, 362614.0 ], [ 242962.0, 362612.0 ], [ 242960.0, 362612.0 ], [ 242960.0, 362610.0 ], [ 242958.0, 362610.0 ], [ 242958.0, 362608.0 ], [ 242956.0, 362608.0 ], [ 242956.0, 362604.0 ], [ 242954.0, 362604.0 ], [ 242954.0, 362602.0 ], [ 242952.0, 362602.0 ], [ 242952.0, 362600.0 ], [ 242950.0, 362600.0 ], [ 242950.0, 362598.0 ], [ 242948.0, 362598.0 ], [ 242948.0, 362596.0 ], [ 242946.0, 362596.0 ], [ 242946.0, 362594.0 ], [ 242944.0, 362594.0 ], [ 242944.0, 362592.0 ], [ 242940.0, 362592.0 ], [ 242940.0, 362590.0 ], [ 242938.0, 362590.0 ], [ 242938.0, 362588.0 ], [ 242936.0, 362588.0 ], [ 242936.0, 362586.0 ], [ 242934.0, 362586.0 ], [ 242934.0, 362584.0 ], [ 242932.0, 362584.0 ], [ 242932.0, 362582.0 ], [ 242928.0, 362582.0 ], [ 242928.0, 362580.0 ], [ 242926.0, 362580.0 ], [ 242926.0, 362578.0 ], [ 242924.0, 362578.0 ], [ 242924.0, 362576.0 ], [ 242920.0, 362576.0 ], [ 242920.0, 362574.0 ], [ 242918.0, 362574.0 ], [ 242918.0, 362572.0 ], [ 242916.0, 362572.0 ], [ 242916.0, 362570.0 ], [ 242912.0, 362570.0 ], [ 242912.0, 362568.0 ], [ 242910.0, 362568.0 ], [ 242910.0, 362566.0 ], [ 242906.0, 362566.0 ], [ 242906.0, 362564.0 ], [ 242904.0, 362564.0 ], [ 242904.0, 362562.0 ], [ 242902.0, 362562.0 ], [ 242902.0, 362560.0 ], [ 242900.0, 362560.0 ], [ 242900.0, 362558.0 ], [ 242898.0, 362558.0 ], [ 242898.0, 362556.0 ], [ 242896.0, 362556.0 ], [ 242896.0, 362554.0 ], [ 242894.0, 362554.0 ], [ 242894.0, 362550.0 ], [ 242892.0, 362550.0 ], [ 242892.0, 362544.0 ], [ 242888.0, 362544.0 ], [ 242888.0, 362550.0 ], [ 242890.0, 362550.0 ], [ 242890.0, 362554.0 ], [ 242892.0, 362554.0 ], [ 242892.0, 362556.0 ], [ 242894.0, 362556.0 ], [ 242894.0, 362558.0 ], [ 242896.0, 362558.0 ], [ 242896.0, 362562.0 ], [ 242898.0, 362562.0 ], [ 242898.0, 362564.0 ], [ 242902.0, 362564.0 ], [ 242902.0, 362566.0 ], [ 242904.0, 362566.0 ], [ 242904.0, 362568.0 ], [ 242906.0, 362568.0 ], [ 242906.0, 362570.0 ], [ 242910.0, 362570.0 ], [ 242910.0, 362572.0 ], [ 242912.0, 362572.0 ], [ 242912.0, 362574.0 ], [ 242916.0, 362574.0 ], [ 242916.0, 362576.0 ], [ 242918.0, 362576.0 ], [ 242918.0, 362578.0 ], [ 242920.0, 362578.0 ], [ 242920.0, 362580.0 ], [ 242924.0, 362580.0 ], [ 242924.0, 362582.0 ], [ 242926.0, 362582.0 ], [ 242926.0, 362584.0 ], [ 242928.0, 362584.0 ], [ 242928.0, 362586.0 ], [ 242932.0, 362586.0 ], [ 242932.0, 362588.0 ], [ 242934.0, 362588.0 ], [ 242934.0, 362590.0 ], [ 242936.0, 362590.0 ], [ 242936.0, 362592.0 ], [ 242938.0, 362592.0 ], [ 242938.0, 362594.0 ], [ 242940.0, 362594.0 ], [ 242940.0, 362596.0 ], [ 242944.0, 362596.0 ], [ 242944.0, 362598.0 ], [ 242946.0, 362598.0 ], [ 242946.0, 362600.0 ], [ 242948.0, 362600.0 ], [ 242948.0, 362602.0 ], [ 242950.0, 362602.0 ], [ 242950.0, 362604.0 ], [ 242952.0, 362604.0 ], [ 242952.0, 362608.0 ], [ 242954.0, 362608.0 ], [ 242954.0, 362610.0 ], [ 242956.0, 362610.0 ], [ 242956.0, 362612.0 ], [ 242958.0, 362612.0 ], [ 242958.0, 362614.0 ], [ 242960.0, 362614.0 ], [ 242960.0, 362616.0 ], [ 242962.0, 362616.0 ], [ 242962.0, 362620.0 ], [ 242964.0, 362620.0 ], [ 242964.0, 362622.0 ], [ 242966.0, 362622.0 ], [ 242966.0, 362624.0 ], [ 242968.0, 362624.0 ], [ 242968.0, 362626.0 ], [ 242970.0, 362626.0 ], [ 242970.0, 362628.0 ], [ 242974.0, 362628.0 ], [ 242974.0, 362630.0 ], [ 242986.0, 362630.0 ] ] ], [ [ [ 242986.0, 363298.0 ], [ 242984.0, 363298.0 ], [ 242984.0, 363296.0 ], [ 242982.0, 363296.0 ], [ 242982.0, 363294.0 ], [ 242980.0, 363294.0 ], [ 242980.0, 363292.0 ], [ 242978.0, 363292.0 ], [ 242978.0, 363290.0 ], [ 242974.0, 363290.0 ], [ 242974.0, 363288.0 ], [ 242972.0, 363288.0 ], [ 242972.0, 363286.0 ], [ 242968.0, 363286.0 ], [ 242968.0, 363284.0 ], [ 242964.0, 363284.0 ], [ 242964.0, 363282.0 ], [ 242960.0, 363282.0 ], [ 242960.0, 363280.0 ], [ 242956.0, 363280.0 ], [ 242956.0, 363278.0 ], [ 242954.0, 363278.0 ], [ 242954.0, 363276.0 ], [ 242950.0, 363276.0 ], [ 242950.0, 363274.0 ], [ 242948.0, 363274.0 ], [ 242948.0, 363272.0 ], [ 242946.0, 363272.0 ], [ 242946.0, 363270.0 ], [ 242942.0, 363270.0 ], [ 242942.0, 363268.0 ], [ 242940.0, 363268.0 ], [ 242940.0, 363266.0 ], [ 242938.0, 363266.0 ], [ 242938.0, 363264.0 ], [ 242936.0, 363264.0 ], [ 242936.0, 363262.0 ], [ 242934.0, 363262.0 ], [ 242934.0, 363260.0 ], [ 242932.0, 363260.0 ], [ 242932.0, 363258.0 ], [ 242930.0, 363258.0 ], [ 242930.0, 363256.0 ], [ 242928.0, 363256.0 ], [ 242928.0, 363254.0 ], [ 242926.0, 363254.0 ], [ 242926.0, 363252.0 ], [ 242924.0, 363252.0 ], [ 242924.0, 363250.0 ], [ 242922.0, 363250.0 ], [ 242922.0, 363248.0 ], [ 242920.0, 363248.0 ], [ 242920.0, 363246.0 ], [ 242918.0, 363246.0 ], [ 242918.0, 363244.0 ], [ 242916.0, 363244.0 ], [ 242916.0, 363242.0 ], [ 242912.0, 363242.0 ], [ 242912.0, 363240.0 ], [ 242910.0, 363240.0 ], [ 242910.0, 363236.0 ], [ 242908.0, 363236.0 ], [ 242908.0, 363234.0 ], [ 242906.0, 363234.0 ], [ 242906.0, 363232.0 ], [ 242904.0, 363232.0 ], [ 242904.0, 363230.0 ], [ 242902.0, 363230.0 ], [ 242902.0, 363226.0 ], [ 242900.0, 363226.0 ], [ 242900.0, 363224.0 ], [ 242898.0, 363224.0 ], [ 242898.0, 363220.0 ], [ 242896.0, 363220.0 ], [ 242896.0, 363216.0 ], [ 242894.0, 363216.0 ], [ 242894.0, 363212.0 ], [ 242892.0, 363212.0 ], [ 242892.0, 363210.0 ], [ 242890.0, 363210.0 ], [ 242890.0, 363208.0 ], [ 242888.0, 363208.0 ], [ 242888.0, 363206.0 ], [ 242886.0, 363206.0 ], [ 242886.0, 363204.0 ], [ 242884.0, 363204.0 ], [ 242884.0, 363202.0 ], [ 242882.0, 363202.0 ], [ 242882.0, 363198.0 ], [ 242880.0, 363198.0 ], [ 242880.0, 363196.0 ], [ 242878.0, 363196.0 ], [ 242878.0, 363194.0 ], [ 242876.0, 363194.0 ], [ 242876.0, 363190.0 ], [ 242874.0, 363190.0 ], [ 242874.0, 363186.0 ], [ 242872.0, 363186.0 ], [ 242872.0, 363178.0 ], [ 242870.0, 363178.0 ], [ 242870.0, 363172.0 ], [ 242868.0, 363172.0 ], [ 242868.0, 363166.0 ], [ 242866.0, 363166.0 ], [ 242866.0, 363164.0 ], [ 242864.0, 363164.0 ], [ 242864.0, 363162.0 ], [ 242862.0, 363162.0 ], [ 242862.0, 363160.0 ], [ 242860.0, 363160.0 ], [ 242860.0, 363158.0 ], [ 242858.0, 363158.0 ], [ 242858.0, 363084.0 ], [ 242860.0, 363084.0 ], [ 242860.0, 363064.0 ], [ 242858.0, 363064.0 ], [ 242858.0, 363036.0 ], [ 242860.0, 363036.0 ], [ 242860.0, 363030.0 ], [ 242862.0, 363030.0 ], [ 242862.0, 363010.0 ], [ 242864.0, 363010.0 ], [ 242864.0, 363006.0 ], [ 242866.0, 363006.0 ], [ 242866.0, 363004.0 ], [ 242868.0, 363004.0 ], [ 242868.0, 363002.0 ], [ 242890.0, 363002.0 ], [ 242890.0, 363000.0 ], [ 242892.0, 363000.0 ], [ 242892.0, 362948.0 ], [ 242894.0, 362948.0 ], [ 242894.0, 362944.0 ], [ 242896.0, 362944.0 ], [ 242896.0, 362934.0 ], [ 242898.0, 362934.0 ], [ 242898.0, 362898.0 ], [ 242896.0, 362898.0 ], [ 242896.0, 362890.0 ], [ 242894.0, 362890.0 ], [ 242894.0, 362876.0 ], [ 242892.0, 362876.0 ], [ 242892.0, 362870.0 ], [ 242890.0, 362870.0 ], [ 242890.0, 362866.0 ], [ 242888.0, 362866.0 ], [ 242888.0, 362862.0 ], [ 242886.0, 362862.0 ], [ 242886.0, 362854.0 ], [ 242884.0, 362854.0 ], [ 242884.0, 362830.0 ], [ 242882.0, 362830.0 ], [ 242882.0, 362824.0 ], [ 242880.0, 362824.0 ], [ 242880.0, 362818.0 ], [ 242878.0, 362818.0 ], [ 242878.0, 362812.0 ], [ 242876.0, 362812.0 ], [ 242876.0, 362808.0 ], [ 242874.0, 362808.0 ], [ 242874.0, 362804.0 ], [ 242872.0, 362804.0 ], [ 242872.0, 362800.0 ], [ 242870.0, 362800.0 ], [ 242870.0, 362794.0 ], [ 242868.0, 362794.0 ], [ 242868.0, 362790.0 ], [ 242866.0, 362790.0 ], [ 242866.0, 362786.0 ], [ 242864.0, 362786.0 ], [ 242864.0, 362782.0 ], [ 242862.0, 362782.0 ], [ 242862.0, 362780.0 ], [ 242860.0, 362780.0 ], [ 242860.0, 362778.0 ], [ 242858.0, 362778.0 ], [ 242858.0, 362776.0 ], [ 242854.0, 362776.0 ], [ 242854.0, 362774.0 ], [ 242852.0, 362774.0 ], [ 242852.0, 362772.0 ], [ 242850.0, 362772.0 ], [ 242850.0, 362770.0 ], [ 242848.0, 362770.0 ], [ 242848.0, 362768.0 ], [ 242846.0, 362768.0 ], [ 242846.0, 362764.0 ], [ 242844.0, 362764.0 ], [ 242844.0, 362760.0 ], [ 242842.0, 362760.0 ], [ 242842.0, 362754.0 ], [ 242840.0, 362754.0 ], [ 242840.0, 362750.0 ], [ 242838.0, 362750.0 ], [ 242838.0, 362744.0 ], [ 242836.0, 362744.0 ], [ 242836.0, 362738.0 ], [ 242834.0, 362738.0 ], [ 242834.0, 362732.0 ], [ 242832.0, 362732.0 ], [ 242832.0, 362690.0 ], [ 242842.0, 362690.0 ], [ 242842.0, 362692.0 ], [ 242846.0, 362692.0 ], [ 242846.0, 362694.0 ], [ 242848.0, 362694.0 ], [ 242848.0, 362696.0 ], [ 242850.0, 362696.0 ], [ 242850.0, 362698.0 ], [ 242852.0, 362698.0 ], [ 242852.0, 362700.0 ], [ 242854.0, 362700.0 ], [ 242854.0, 362702.0 ], [ 242856.0, 362702.0 ], [ 242856.0, 362704.0 ], [ 242858.0, 362704.0 ], [ 242858.0, 362706.0 ], [ 242860.0, 362706.0 ], [ 242860.0, 362708.0 ], [ 242862.0, 362708.0 ], [ 242862.0, 362710.0 ], [ 242866.0, 362710.0 ], [ 242866.0, 362712.0 ], [ 242872.0, 362712.0 ], [ 242872.0, 362714.0 ], [ 242874.0, 362714.0 ], [ 242874.0, 362716.0 ], [ 242878.0, 362716.0 ], [ 242878.0, 362718.0 ], [ 242880.0, 362718.0 ], [ 242880.0, 362720.0 ], [ 242882.0, 362720.0 ], [ 242882.0, 362722.0 ], [ 242884.0, 362722.0 ], [ 242884.0, 362724.0 ], [ 242886.0, 362724.0 ], [ 242886.0, 362726.0 ], [ 242888.0, 362726.0 ], [ 242888.0, 362730.0 ], [ 242890.0, 362730.0 ], [ 242890.0, 362732.0 ], [ 242892.0, 362732.0 ], [ 242892.0, 362738.0 ], [ 242894.0, 362738.0 ], [ 242894.0, 362740.0 ], [ 242896.0, 362740.0 ], [ 242896.0, 362744.0 ], [ 242898.0, 362744.0 ], [ 242898.0, 362748.0 ], [ 242900.0, 362748.0 ], [ 242900.0, 362752.0 ], [ 242902.0, 362752.0 ], [ 242902.0, 362756.0 ], [ 242904.0, 362756.0 ], [ 242904.0, 362760.0 ], [ 242906.0, 362760.0 ], [ 242906.0, 362762.0 ], [ 242908.0, 362762.0 ], [ 242908.0, 362766.0 ], [ 242910.0, 362766.0 ], [ 242910.0, 362768.0 ], [ 242912.0, 362768.0 ], [ 242912.0, 362772.0 ], [ 242914.0, 362772.0 ], [ 242914.0, 362774.0 ], [ 242916.0, 362774.0 ], [ 242916.0, 362776.0 ], [ 242918.0, 362776.0 ], [ 242918.0, 362780.0 ], [ 242920.0, 362780.0 ], [ 242920.0, 362782.0 ], [ 242922.0, 362782.0 ], [ 242922.0, 362784.0 ], [ 242924.0, 362784.0 ], [ 242924.0, 362786.0 ], [ 242926.0, 362786.0 ], [ 242926.0, 362790.0 ], [ 242928.0, 362790.0 ], [ 242928.0, 362794.0 ], [ 242930.0, 362794.0 ], [ 242930.0, 362796.0 ], [ 242932.0, 362796.0 ], [ 242932.0, 362800.0 ], [ 242934.0, 362800.0 ], [ 242934.0, 362804.0 ], [ 242936.0, 362804.0 ], [ 242936.0, 362806.0 ], [ 242938.0, 362806.0 ], [ 242938.0, 362808.0 ], [ 242940.0, 362808.0 ], [ 242940.0, 362810.0 ], [ 242942.0, 362810.0 ], [ 242942.0, 362812.0 ], [ 242944.0, 362812.0 ], [ 242944.0, 362814.0 ], [ 242946.0, 362814.0 ], [ 242946.0, 362816.0 ], [ 242948.0, 362816.0 ], [ 242948.0, 362818.0 ], [ 242952.0, 362818.0 ], [ 242952.0, 362820.0 ], [ 242956.0, 362820.0 ], [ 242956.0, 362822.0 ], [ 242958.0, 362822.0 ], [ 242958.0, 362824.0 ], [ 242960.0, 362824.0 ], [ 242960.0, 362826.0 ], [ 242962.0, 362826.0 ], [ 242962.0, 362828.0 ], [ 242964.0, 362828.0 ], [ 242964.0, 362830.0 ], [ 242966.0, 362830.0 ], [ 242966.0, 362832.0 ], [ 242968.0, 362832.0 ], [ 242968.0, 362834.0 ], [ 242970.0, 362834.0 ], [ 242970.0, 362836.0 ], [ 242986.0, 362836.0 ], [ 242986.0, 362832.0 ], [ 242970.0, 362832.0 ], [ 242970.0, 362830.0 ], [ 242968.0, 362830.0 ], [ 242968.0, 362828.0 ], [ 242966.0, 362828.0 ], [ 242966.0, 362826.0 ], [ 242964.0, 362826.0 ], [ 242964.0, 362824.0 ], [ 242962.0, 362824.0 ], [ 242962.0, 362822.0 ], [ 242960.0, 362822.0 ], [ 242960.0, 362820.0 ], [ 242958.0, 362820.0 ], [ 242958.0, 362818.0 ], [ 242956.0, 362818.0 ], [ 242956.0, 362816.0 ], [ 242952.0, 362816.0 ], [ 242952.0, 362814.0 ], [ 242948.0, 362814.0 ], [ 242948.0, 362812.0 ], [ 242946.0, 362812.0 ], [ 242946.0, 362810.0 ], [ 242944.0, 362810.0 ], [ 242944.0, 362808.0 ], [ 242942.0, 362808.0 ], [ 242942.0, 362806.0 ], [ 242940.0, 362806.0 ], [ 242940.0, 362804.0 ], [ 242938.0, 362804.0 ], [ 242938.0, 362800.0 ], [ 242936.0, 362800.0 ], [ 242936.0, 362796.0 ], [ 242934.0, 362796.0 ], [ 242934.0, 362794.0 ], [ 242932.0, 362794.0 ], [ 242932.0, 362790.0 ], [ 242930.0, 362790.0 ], [ 242930.0, 362786.0 ], [ 242928.0, 362786.0 ], [ 242928.0, 362784.0 ], [ 242926.0, 362784.0 ], [ 242926.0, 362782.0 ], [ 242924.0, 362782.0 ], [ 242924.0, 362780.0 ], [ 242922.0, 362780.0 ], [ 242922.0, 362776.0 ], [ 242920.0, 362776.0 ], [ 242920.0, 362774.0 ], [ 242918.0, 362774.0 ], [ 242918.0, 362772.0 ], [ 242916.0, 362772.0 ], [ 242916.0, 362768.0 ], [ 242914.0, 362768.0 ], [ 242914.0, 362766.0 ], [ 242912.0, 362766.0 ], [ 242912.0, 362762.0 ], [ 242910.0, 362762.0 ], [ 242910.0, 362760.0 ], [ 242908.0, 362760.0 ], [ 242908.0, 362756.0 ], [ 242906.0, 362756.0 ], [ 242906.0, 362752.0 ], [ 242904.0, 362752.0 ], [ 242904.0, 362748.0 ], [ 242902.0, 362748.0 ], [ 242902.0, 362744.0 ], [ 242900.0, 362744.0 ], [ 242900.0, 362740.0 ], [ 242898.0, 362740.0 ], [ 242898.0, 362738.0 ], [ 242896.0, 362738.0 ], [ 242896.0, 362732.0 ], [ 242894.0, 362732.0 ], [ 242894.0, 362730.0 ], [ 242892.0, 362730.0 ], [ 242892.0, 362726.0 ], [ 242890.0, 362726.0 ], [ 242890.0, 362724.0 ], [ 242888.0, 362724.0 ], [ 242888.0, 362722.0 ], [ 242886.0, 362722.0 ], [ 242886.0, 362720.0 ], [ 242884.0, 362720.0 ], [ 242884.0, 362718.0 ], [ 242882.0, 362718.0 ], [ 242882.0, 362716.0 ], [ 242880.0, 362716.0 ], [ 242880.0, 362714.0 ], [ 242878.0, 362714.0 ], [ 242878.0, 362712.0 ], [ 242874.0, 362712.0 ], [ 242874.0, 362710.0 ], [ 242872.0, 362710.0 ], [ 242872.0, 362708.0 ], [ 242866.0, 362708.0 ], [ 242866.0, 362706.0 ], [ 242862.0, 362706.0 ], [ 242862.0, 362704.0 ], [ 242860.0, 362704.0 ], [ 242860.0, 362702.0 ], [ 242858.0, 362702.0 ], [ 242858.0, 362700.0 ], [ 242856.0, 362700.0 ], [ 242856.0, 362698.0 ], [ 242854.0, 362698.0 ], [ 242854.0, 362696.0 ], [ 242852.0, 362696.0 ], [ 242852.0, 362694.0 ], [ 242850.0, 362694.0 ], [ 242850.0, 362692.0 ], [ 242848.0, 362692.0 ], [ 242848.0, 362690.0 ], [ 242846.0, 362690.0 ], [ 242846.0, 362688.0 ], [ 242842.0, 362688.0 ], [ 242842.0, 362686.0 ], [ 242838.0, 362686.0 ], [ 242838.0, 362684.0 ], [ 242834.0, 362684.0 ], [ 242834.0, 362682.0 ], [ 242830.0, 362682.0 ], [ 242830.0, 362680.0 ], [ 242826.0, 362680.0 ], [ 242826.0, 362678.0 ], [ 242822.0, 362678.0 ], [ 242822.0, 362676.0 ], [ 242818.0, 362676.0 ], [ 242818.0, 362674.0 ], [ 242814.0, 362674.0 ], [ 242814.0, 362672.0 ], [ 242812.0, 362672.0 ], [ 242812.0, 362668.0 ], [ 242810.0, 362668.0 ], [ 242810.0, 362666.0 ], [ 242808.0, 362666.0 ], [ 242808.0, 362662.0 ], [ 242806.0, 362662.0 ], [ 242806.0, 362658.0 ], [ 242804.0, 362658.0 ], [ 242804.0, 362654.0 ], [ 242802.0, 362654.0 ], [ 242802.0, 362650.0 ], [ 242800.0, 362650.0 ], [ 242800.0, 362648.0 ], [ 242798.0, 362648.0 ], [ 242798.0, 362644.0 ], [ 242796.0, 362644.0 ], [ 242796.0, 362642.0 ], [ 242794.0, 362642.0 ], [ 242794.0, 362640.0 ], [ 242792.0, 362640.0 ], [ 242792.0, 362636.0 ], [ 242790.0, 362636.0 ], [ 242790.0, 362634.0 ], [ 242788.0, 362634.0 ], [ 242788.0, 362632.0 ], [ 242786.0, 362632.0 ], [ 242786.0, 362630.0 ], [ 242784.0, 362630.0 ], [ 242784.0, 362628.0 ], [ 242782.0, 362628.0 ], [ 242782.0, 362626.0 ], [ 242778.0, 362626.0 ], [ 242778.0, 362624.0 ], [ 242776.0, 362624.0 ], [ 242776.0, 362622.0 ], [ 242772.0, 362622.0 ], [ 242772.0, 362620.0 ], [ 242768.0, 362620.0 ], [ 242768.0, 362618.0 ], [ 242766.0, 362618.0 ], [ 242766.0, 362614.0 ], [ 242764.0, 362614.0 ], [ 242764.0, 362610.0 ], [ 242762.0, 362610.0 ], [ 242762.0, 362606.0 ], [ 242760.0, 362606.0 ], [ 242760.0, 362594.0 ], [ 242758.0, 362594.0 ], [ 242758.0, 362588.0 ], [ 242756.0, 362588.0 ], [ 242756.0, 362582.0 ], [ 242754.0, 362582.0 ], [ 242754.0, 362576.0 ], [ 242752.0, 362576.0 ], [ 242752.0, 362572.0 ], [ 242750.0, 362572.0 ], [ 242750.0, 362566.0 ], [ 242748.0, 362566.0 ], [ 242748.0, 362564.0 ], [ 242746.0, 362564.0 ], [ 242746.0, 362560.0 ], [ 242744.0, 362560.0 ], [ 242744.0, 362556.0 ], [ 242742.0, 362556.0 ], [ 242742.0, 362552.0 ], [ 242740.0, 362552.0 ], [ 242740.0, 362548.0 ], [ 242738.0, 362548.0 ], [ 242738.0, 362544.0 ], [ 242734.0, 362544.0 ], [ 242734.0, 362548.0 ], [ 242736.0, 362548.0 ], [ 242736.0, 362552.0 ], [ 242738.0, 362552.0 ], [ 242738.0, 362556.0 ], [ 242740.0, 362556.0 ], [ 242740.0, 362560.0 ], [ 242742.0, 362560.0 ], [ 242742.0, 362564.0 ], [ 242744.0, 362564.0 ], [ 242744.0, 362566.0 ], [ 242746.0, 362566.0 ], [ 242746.0, 362572.0 ], [ 242748.0, 362572.0 ], [ 242748.0, 362576.0 ], [ 242750.0, 362576.0 ], [ 242750.0, 362582.0 ], [ 242752.0, 362582.0 ], [ 242752.0, 362588.0 ], [ 242754.0, 362588.0 ], [ 242754.0, 362594.0 ], [ 242756.0, 362594.0 ], [ 242756.0, 362606.0 ], [ 242758.0, 362606.0 ], [ 242758.0, 362610.0 ], [ 242760.0, 362610.0 ], [ 242760.0, 362614.0 ], [ 242762.0, 362614.0 ], [ 242762.0, 362618.0 ], [ 242764.0, 362618.0 ], [ 242764.0, 362620.0 ], [ 242766.0, 362620.0 ], [ 242766.0, 362622.0 ], [ 242768.0, 362622.0 ], [ 242768.0, 362624.0 ], [ 242772.0, 362624.0 ], [ 242772.0, 362626.0 ], [ 242776.0, 362626.0 ], [ 242776.0, 362628.0 ], [ 242778.0, 362628.0 ], [ 242778.0, 362630.0 ], [ 242782.0, 362630.0 ], [ 242782.0, 362632.0 ], [ 242784.0, 362632.0 ], [ 242784.0, 362634.0 ], [ 242786.0, 362634.0 ], [ 242786.0, 362636.0 ], [ 242788.0, 362636.0 ], [ 242788.0, 362640.0 ], [ 242790.0, 362640.0 ], [ 242790.0, 362642.0 ], [ 242792.0, 362642.0 ], [ 242792.0, 362644.0 ], [ 242794.0, 362644.0 ], [ 242794.0, 362648.0 ], [ 242796.0, 362648.0 ], [ 242796.0, 362650.0 ], [ 242798.0, 362650.0 ], [ 242798.0, 362654.0 ], [ 242800.0, 362654.0 ], [ 242800.0, 362658.0 ], [ 242802.0, 362658.0 ], [ 242802.0, 362662.0 ], [ 242804.0, 362662.0 ], [ 242804.0, 362666.0 ], [ 242806.0, 362666.0 ], [ 242806.0, 362668.0 ], [ 242808.0, 362668.0 ], [ 242808.0, 362672.0 ], [ 242810.0, 362672.0 ], [ 242810.0, 362674.0 ], [ 242812.0, 362674.0 ], [ 242812.0, 362676.0 ], [ 242814.0, 362676.0 ], [ 242814.0, 362678.0 ], [ 242818.0, 362678.0 ], [ 242818.0, 362680.0 ], [ 242822.0, 362680.0 ], [ 242822.0, 362682.0 ], [ 242826.0, 362682.0 ], [ 242826.0, 362684.0 ], [ 242830.0, 362684.0 ], [ 242830.0, 362686.0 ], [ 242832.0, 362686.0 ], [ 242832.0, 362688.0 ], [ 242830.0, 362688.0 ], [ 242830.0, 362690.0 ], [ 242828.0, 362690.0 ], [ 242828.0, 362732.0 ], [ 242830.0, 362732.0 ], [ 242830.0, 362738.0 ], [ 242832.0, 362738.0 ], [ 242832.0, 362744.0 ], [ 242834.0, 362744.0 ], [ 242834.0, 362750.0 ], [ 242836.0, 362750.0 ], [ 242836.0, 362754.0 ], [ 242838.0, 362754.0 ], [ 242838.0, 362760.0 ], [ 242840.0, 362760.0 ], [ 242840.0, 362764.0 ], [ 242842.0, 362764.0 ], [ 242842.0, 362768.0 ], [ 242844.0, 362768.0 ], [ 242844.0, 362770.0 ], [ 242846.0, 362770.0 ], [ 242846.0, 362772.0 ], [ 242848.0, 362772.0 ], [ 242848.0, 362774.0 ], [ 242850.0, 362774.0 ], [ 242850.0, 362776.0 ], [ 242852.0, 362776.0 ], [ 242852.0, 362778.0 ], [ 242854.0, 362778.0 ], [ 242854.0, 362780.0 ], [ 242858.0, 362780.0 ], [ 242858.0, 362782.0 ], [ 242860.0, 362782.0 ], [ 242860.0, 362786.0 ], [ 242862.0, 362786.0 ], [ 242862.0, 362790.0 ], [ 242864.0, 362790.0 ], [ 242864.0, 362794.0 ], [ 242866.0, 362794.0 ], [ 242866.0, 362800.0 ], [ 242868.0, 362800.0 ], [ 242868.0, 362804.0 ], [ 242870.0, 362804.0 ], [ 242870.0, 362808.0 ], [ 242872.0, 362808.0 ], [ 242872.0, 362812.0 ], [ 242874.0, 362812.0 ], [ 242874.0, 362818.0 ], [ 242876.0, 362818.0 ], [ 242876.0, 362824.0 ], [ 242878.0, 362824.0 ], [ 242878.0, 362830.0 ], [ 242880.0, 362830.0 ], [ 242880.0, 362854.0 ], [ 242882.0, 362854.0 ], [ 242882.0, 362862.0 ], [ 242884.0, 362862.0 ], [ 242884.0, 362866.0 ], [ 242886.0, 362866.0 ], [ 242886.0, 362870.0 ], [ 242888.0, 362870.0 ], [ 242888.0, 362876.0 ], [ 242890.0, 362876.0 ], [ 242890.0, 362890.0 ], [ 242892.0, 362890.0 ], [ 242892.0, 362898.0 ], [ 242894.0, 362898.0 ], [ 242894.0, 362934.0 ], [ 242892.0, 362934.0 ], [ 242892.0, 362944.0 ], [ 242890.0, 362944.0 ], [ 242890.0, 362948.0 ], [ 242888.0, 362948.0 ], [ 242888.0, 362998.0 ], [ 242868.0, 362998.0 ], [ 242868.0, 363000.0 ], [ 242866.0, 363000.0 ], [ 242866.0, 363002.0 ], [ 242864.0, 363002.0 ], [ 242864.0, 363004.0 ], [ 242862.0, 363004.0 ], [ 242862.0, 363006.0 ], [ 242860.0, 363006.0 ], [ 242860.0, 363010.0 ], [ 242858.0, 363010.0 ], [ 242858.0, 363030.0 ], [ 242856.0, 363030.0 ], [ 242856.0, 363036.0 ], [ 242854.0, 363036.0 ], [ 242854.0, 363064.0 ], [ 242856.0, 363064.0 ], [ 242856.0, 363084.0 ], [ 242854.0, 363084.0 ], [ 242854.0, 363158.0 ], [ 242856.0, 363158.0 ], [ 242856.0, 363160.0 ], [ 242858.0, 363160.0 ], [ 242858.0, 363162.0 ], [ 242860.0, 363162.0 ], [ 242860.0, 363164.0 ], [ 242862.0, 363164.0 ], [ 242862.0, 363166.0 ], [ 242864.0, 363166.0 ], [ 242864.0, 363172.0 ], [ 242866.0, 363172.0 ], [ 242866.0, 363178.0 ], [ 242868.0, 363178.0 ], [ 242868.0, 363186.0 ], [ 242870.0, 363186.0 ], [ 242870.0, 363190.0 ], [ 242872.0, 363190.0 ], [ 242872.0, 363194.0 ], [ 242874.0, 363194.0 ], [ 242874.0, 363196.0 ], [ 242876.0, 363196.0 ], [ 242876.0, 363198.0 ], [ 242878.0, 363198.0 ], [ 242878.0, 363202.0 ], [ 242880.0, 363202.0 ], [ 242880.0, 363204.0 ], [ 242882.0, 363204.0 ], [ 242882.0, 363206.0 ], [ 242884.0, 363206.0 ], [ 242884.0, 363208.0 ], [ 242886.0, 363208.0 ], [ 242886.0, 363210.0 ], [ 242888.0, 363210.0 ], [ 242888.0, 363212.0 ], [ 242890.0, 363212.0 ], [ 242890.0, 363216.0 ], [ 242892.0, 363216.0 ], [ 242892.0, 363220.0 ], [ 242894.0, 363220.0 ], [ 242894.0, 363224.0 ], [ 242896.0, 363224.0 ], [ 242896.0, 363226.0 ], [ 242898.0, 363226.0 ], [ 242898.0, 363230.0 ], [ 242900.0, 363230.0 ], [ 242900.0, 363232.0 ], [ 242902.0, 363232.0 ], [ 242902.0, 363234.0 ], [ 242904.0, 363234.0 ], [ 242904.0, 363236.0 ], [ 242906.0, 363236.0 ], [ 242906.0, 363240.0 ], [ 242908.0, 363240.0 ], [ 242908.0, 363242.0 ], [ 242910.0, 363242.0 ], [ 242910.0, 363244.0 ], [ 242912.0, 363244.0 ], [ 242912.0, 363246.0 ], [ 242916.0, 363246.0 ], [ 242916.0, 363248.0 ], [ 242918.0, 363248.0 ], [ 242918.0, 363250.0 ], [ 242920.0, 363250.0 ], [ 242920.0, 363252.0 ], [ 242922.0, 363252.0 ], [ 242922.0, 363254.0 ], [ 242924.0, 363254.0 ], [ 242924.0, 363256.0 ], [ 242926.0, 363256.0 ], [ 242926.0, 363258.0 ], [ 242928.0, 363258.0 ], [ 242928.0, 363260.0 ], [ 242930.0, 363260.0 ], [ 242930.0, 363262.0 ], [ 242932.0, 363262.0 ], [ 242932.0, 363264.0 ], [ 242934.0, 363264.0 ], [ 242934.0, 363266.0 ], [ 242936.0, 363266.0 ], [ 242936.0, 363268.0 ], [ 242938.0, 363268.0 ], [ 242938.0, 363270.0 ], [ 242940.0, 363270.0 ], [ 242940.0, 363272.0 ], [ 242942.0, 363272.0 ], [ 242942.0, 363274.0 ], [ 242946.0, 363274.0 ], [ 242946.0, 363276.0 ], [ 242948.0, 363276.0 ], [ 242948.0, 363278.0 ], [ 242950.0, 363278.0 ], [ 242950.0, 363280.0 ], [ 242954.0, 363280.0 ], [ 242954.0, 363282.0 ], [ 242956.0, 363282.0 ], [ 242956.0, 363284.0 ], [ 242960.0, 363284.0 ], [ 242960.0, 363286.0 ], [ 242964.0, 363286.0 ], [ 242964.0, 363288.0 ], [ 242968.0, 363288.0 ], [ 242968.0, 363290.0 ], [ 242972.0, 363290.0 ], [ 242972.0, 363292.0 ], [ 242974.0, 363292.0 ], [ 242974.0, 363294.0 ], [ 242978.0, 363294.0 ], [ 242978.0, 363296.0 ], [ 242980.0, 363296.0 ], [ 242980.0, 363298.0 ], [ 242982.0, 363298.0 ], [ 242982.0, 363300.0 ], [ 242984.0, 363300.0 ], [ 242984.0, 363302.0 ], [ 242986.0, 363302.0 ], [ 242986.0, 363298.0 ] ] ], [ [ [ 241328.0, 364982.0 ], [ 241326.0, 364982.0 ], [ 241326.0, 364980.0 ], [ 241320.0, 364980.0 ], [ 241320.0, 364978.0 ], [ 241314.0, 364978.0 ], [ 241314.0, 364976.0 ], [ 241306.0, 364976.0 ], [ 241306.0, 364974.0 ], [ 241296.0, 364974.0 ], [ 241296.0, 364972.0 ], [ 241294.0, 364972.0 ], [ 241294.0, 364968.0 ], [ 241292.0, 364968.0 ], [ 241292.0, 364964.0 ], [ 241290.0, 364964.0 ], [ 241290.0, 364962.0 ], [ 241288.0, 364962.0 ], [ 241288.0, 364960.0 ], [ 241286.0, 364960.0 ], [ 241286.0, 364958.0 ], [ 241284.0, 364958.0 ], [ 241284.0, 364956.0 ], [ 241282.0, 364956.0 ], [ 241282.0, 364954.0 ], [ 241280.0, 364954.0 ], [ 241280.0, 364952.0 ], [ 241278.0, 364952.0 ], [ 241278.0, 364950.0 ], [ 241276.0, 364950.0 ], [ 241276.0, 364948.0 ], [ 241274.0, 364948.0 ], [ 241274.0, 364946.0 ], [ 241272.0, 364946.0 ], [ 241272.0, 364944.0 ], [ 241270.0, 364944.0 ], [ 241270.0, 364942.0 ], [ 241268.0, 364942.0 ], [ 241268.0, 364938.0 ], [ 241266.0, 364938.0 ], [ 241266.0, 364936.0 ], [ 241264.0, 364936.0 ], [ 241264.0, 364934.0 ], [ 241262.0, 364934.0 ], [ 241262.0, 364930.0 ], [ 241260.0, 364930.0 ], [ 241260.0, 364926.0 ], [ 241258.0, 364926.0 ], [ 241258.0, 364922.0 ], [ 241256.0, 364922.0 ], [ 241256.0, 364914.0 ], [ 241254.0, 364914.0 ], [ 241254.0, 364908.0 ], [ 241252.0, 364908.0 ], [ 241252.0, 364904.0 ], [ 241250.0, 364904.0 ], [ 241250.0, 364900.0 ], [ 241248.0, 364900.0 ], [ 241248.0, 364898.0 ], [ 241246.0, 364898.0 ], [ 241246.0, 364896.0 ], [ 241244.0, 364896.0 ], [ 241244.0, 364894.0 ], [ 241242.0, 364894.0 ], [ 241242.0, 364892.0 ], [ 241240.0, 364892.0 ], [ 241240.0, 364890.0 ], [ 241238.0, 364890.0 ], [ 241238.0, 364888.0 ], [ 241236.0, 364888.0 ], [ 241236.0, 364856.0 ], [ 241234.0, 364856.0 ], [ 241234.0, 364854.0 ], [ 241232.0, 364854.0 ], [ 241232.0, 364852.0 ], [ 241222.0, 364852.0 ], [ 241222.0, 364850.0 ], [ 241210.0, 364850.0 ], [ 241210.0, 364848.0 ], [ 241206.0, 364848.0 ], [ 241206.0, 364846.0 ], [ 241202.0, 364846.0 ], [ 241202.0, 364844.0 ], [ 241196.0, 364844.0 ], [ 241196.0, 364760.0 ], [ 241194.0, 364760.0 ], [ 241194.0, 364758.0 ], [ 241206.0, 364758.0 ], [ 241206.0, 364756.0 ], [ 241208.0, 364756.0 ], [ 241208.0, 364754.0 ], [ 241212.0, 364754.0 ], [ 241212.0, 364752.0 ], [ 241214.0, 364752.0 ], [ 241214.0, 364748.0 ], [ 241216.0, 364748.0 ], [ 241216.0, 364746.0 ], [ 241218.0, 364746.0 ], [ 241218.0, 364744.0 ], [ 241220.0, 364744.0 ], [ 241220.0, 364742.0 ], [ 241222.0, 364742.0 ], [ 241222.0, 364738.0 ], [ 241224.0, 364738.0 ], [ 241224.0, 364734.0 ], [ 241226.0, 364734.0 ], [ 241226.0, 364726.0 ], [ 241228.0, 364726.0 ], [ 241228.0, 364724.0 ], [ 241230.0, 364724.0 ], [ 241230.0, 364722.0 ], [ 241234.0, 364722.0 ], [ 241234.0, 364720.0 ], [ 241238.0, 364720.0 ], [ 241238.0, 364718.0 ], [ 241242.0, 364718.0 ], [ 241242.0, 364716.0 ], [ 241246.0, 364716.0 ], [ 241246.0, 364714.0 ], [ 241248.0, 364714.0 ], [ 241248.0, 364712.0 ], [ 241246.0, 364712.0 ], [ 241246.0, 364710.0 ], [ 241244.0, 364710.0 ], [ 241244.0, 364708.0 ], [ 241242.0, 364708.0 ], [ 241242.0, 364680.0 ], [ 241240.0, 364680.0 ], [ 241240.0, 364676.0 ], [ 241238.0, 364676.0 ], [ 241238.0, 364672.0 ], [ 241236.0, 364672.0 ], [ 241236.0, 364668.0 ], [ 241234.0, 364668.0 ], [ 241234.0, 364666.0 ], [ 241232.0, 364666.0 ], [ 241232.0, 364664.0 ], [ 241230.0, 364664.0 ], [ 241230.0, 364662.0 ], [ 241228.0, 364662.0 ], [ 241228.0, 364660.0 ], [ 241226.0, 364660.0 ], [ 241226.0, 364656.0 ], [ 241224.0, 364656.0 ], [ 241224.0, 364654.0 ], [ 241222.0, 364654.0 ], [ 241222.0, 364650.0 ], [ 241220.0, 364650.0 ], [ 241220.0, 364646.0 ], [ 241218.0, 364646.0 ], [ 241218.0, 364642.0 ], [ 241216.0, 364642.0 ], [ 241216.0, 364638.0 ], [ 241214.0, 364638.0 ], [ 241214.0, 364634.0 ], [ 241212.0, 364634.0 ], [ 241212.0, 364632.0 ], [ 241210.0, 364632.0 ], [ 241210.0, 364628.0 ], [ 241208.0, 364628.0 ], [ 241208.0, 364626.0 ], [ 241206.0, 364626.0 ], [ 241206.0, 364624.0 ], [ 241204.0, 364624.0 ], [ 241204.0, 364620.0 ], [ 241202.0, 364620.0 ], [ 241202.0, 364618.0 ], [ 241200.0, 364618.0 ], [ 241200.0, 364616.0 ], [ 241198.0, 364616.0 ], [ 241198.0, 364614.0 ], [ 241196.0, 364614.0 ], [ 241196.0, 364612.0 ], [ 241194.0, 364612.0 ], [ 241194.0, 364610.0 ], [ 241192.0, 364610.0 ], [ 241192.0, 364608.0 ], [ 241230.0, 364608.0 ], [ 241230.0, 364606.0 ], [ 241250.0, 364606.0 ], [ 241250.0, 364604.0 ], [ 241264.0, 364604.0 ], [ 241264.0, 364602.0 ], [ 241284.0, 364602.0 ], [ 241284.0, 364600.0 ], [ 241288.0, 364600.0 ], [ 241288.0, 364598.0 ], [ 241290.0, 364598.0 ], [ 241290.0, 364596.0 ], [ 241292.0, 364596.0 ], [ 241292.0, 364592.0 ], [ 241294.0, 364592.0 ], [ 241294.0, 364578.0 ], [ 241296.0, 364578.0 ], [ 241296.0, 364572.0 ], [ 241298.0, 364572.0 ], [ 241298.0, 364570.0 ], [ 241300.0, 364570.0 ], [ 241300.0, 364568.0 ], [ 241302.0, 364568.0 ], [ 241302.0, 364544.0 ], [ 241300.0, 364544.0 ], [ 241300.0, 364538.0 ], [ 241298.0, 364538.0 ], [ 241298.0, 364534.0 ], [ 241296.0, 364534.0 ], [ 241296.0, 364530.0 ], [ 241294.0, 364530.0 ], [ 241294.0, 364528.0 ], [ 241292.0, 364528.0 ], [ 241292.0, 364524.0 ], [ 241290.0, 364524.0 ], [ 241290.0, 364520.0 ], [ 241288.0, 364520.0 ], [ 241288.0, 364512.0 ], [ 241286.0, 364512.0 ], [ 241286.0, 364506.0 ], [ 241284.0, 364506.0 ], [ 241284.0, 364502.0 ], [ 241282.0, 364502.0 ], [ 241282.0, 364500.0 ], [ 241280.0, 364500.0 ], [ 241280.0, 364498.0 ], [ 241278.0, 364498.0 ], [ 241278.0, 364496.0 ], [ 241276.0, 364496.0 ], [ 241276.0, 364492.0 ], [ 241274.0, 364492.0 ], [ 241274.0, 364490.0 ], [ 241272.0, 364490.0 ], [ 241272.0, 364486.0 ], [ 241270.0, 364486.0 ], [ 241270.0, 364484.0 ], [ 241268.0, 364484.0 ], [ 241268.0, 364480.0 ], [ 241266.0, 364480.0 ], [ 241266.0, 364478.0 ], [ 241264.0, 364478.0 ], [ 241264.0, 364474.0 ], [ 241262.0, 364474.0 ], [ 241262.0, 364472.0 ], [ 241260.0, 364472.0 ], [ 241260.0, 364470.0 ], [ 241258.0, 364470.0 ], [ 241258.0, 364468.0 ], [ 241256.0, 364468.0 ], [ 241256.0, 364466.0 ], [ 241254.0, 364466.0 ], [ 241254.0, 364464.0 ], [ 241252.0, 364464.0 ], [ 241252.0, 364428.0 ], [ 241250.0, 364428.0 ], [ 241250.0, 364426.0 ], [ 241248.0, 364426.0 ], [ 241248.0, 364424.0 ], [ 241246.0, 364424.0 ], [ 241246.0, 364422.0 ], [ 241244.0, 364422.0 ], [ 241244.0, 364420.0 ], [ 241242.0, 364420.0 ], [ 241242.0, 364418.0 ], [ 241240.0, 364418.0 ], [ 241240.0, 364416.0 ], [ 241238.0, 364416.0 ], [ 241238.0, 364414.0 ], [ 241236.0, 364414.0 ], [ 241236.0, 364412.0 ], [ 241234.0, 364412.0 ], [ 241234.0, 364410.0 ], [ 241232.0, 364410.0 ], [ 241232.0, 364408.0 ], [ 241230.0, 364408.0 ], [ 241230.0, 364406.0 ], [ 241228.0, 364406.0 ], [ 241228.0, 364404.0 ], [ 241226.0, 364404.0 ], [ 241226.0, 364402.0 ], [ 241224.0, 364402.0 ], [ 241224.0, 364362.0 ], [ 241222.0, 364362.0 ], [ 241222.0, 364332.0 ], [ 241232.0, 364332.0 ], [ 241232.0, 364334.0 ], [ 241238.0, 364334.0 ], [ 241238.0, 364336.0 ], [ 241244.0, 364336.0 ], [ 241244.0, 364338.0 ], [ 241250.0, 364338.0 ], [ 241250.0, 364340.0 ], [ 241268.0, 364340.0 ], [ 241268.0, 364338.0 ], [ 241270.0, 364338.0 ], [ 241270.0, 364334.0 ], [ 241272.0, 364334.0 ], [ 241272.0, 364328.0 ], [ 241274.0, 364328.0 ], [ 241274.0, 364318.0 ], [ 241276.0, 364318.0 ], [ 241276.0, 364308.0 ], [ 241274.0, 364308.0 ], [ 241274.0, 364284.0 ], [ 241272.0, 364284.0 ], [ 241272.0, 364280.0 ], [ 241270.0, 364280.0 ], [ 241270.0, 364276.0 ], [ 241268.0, 364276.0 ], [ 241268.0, 364272.0 ], [ 241266.0, 364272.0 ], [ 241266.0, 364268.0 ], [ 241264.0, 364268.0 ], [ 241264.0, 364266.0 ], [ 241262.0, 364266.0 ], [ 241262.0, 364262.0 ], [ 241260.0, 364262.0 ], [ 241260.0, 364260.0 ], [ 241258.0, 364260.0 ], [ 241258.0, 364258.0 ], [ 241256.0, 364258.0 ], [ 241256.0, 364256.0 ], [ 241254.0, 364256.0 ], [ 241254.0, 364254.0 ], [ 241252.0, 364254.0 ], [ 241252.0, 364252.0 ], [ 241250.0, 364252.0 ], [ 241250.0, 364248.0 ], [ 241248.0, 364248.0 ], [ 241248.0, 364236.0 ], [ 241246.0, 364236.0 ], [ 241246.0, 364208.0 ], [ 241248.0, 364208.0 ], [ 241248.0, 364210.0 ], [ 241270.0, 364210.0 ], [ 241270.0, 364212.0 ], [ 241274.0, 364212.0 ], [ 241274.0, 364214.0 ], [ 241276.0, 364214.0 ], [ 241276.0, 364216.0 ], [ 241280.0, 364216.0 ], [ 241280.0, 364218.0 ], [ 241284.0, 364218.0 ], [ 241284.0, 364220.0 ], [ 241286.0, 364220.0 ], [ 241286.0, 364222.0 ], [ 241288.0, 364222.0 ], [ 241288.0, 364224.0 ], [ 241292.0, 364224.0 ], [ 241292.0, 364226.0 ], [ 241296.0, 364226.0 ], [ 241296.0, 364228.0 ], [ 241300.0, 364228.0 ], [ 241300.0, 364226.0 ], [ 241302.0, 364226.0 ], [ 241302.0, 364224.0 ], [ 241304.0, 364224.0 ], [ 241304.0, 364222.0 ], [ 241306.0, 364222.0 ], [ 241306.0, 364220.0 ], [ 241308.0, 364220.0 ], [ 241308.0, 364218.0 ], [ 241310.0, 364218.0 ], [ 241310.0, 364216.0 ], [ 241312.0, 364216.0 ], [ 241312.0, 364214.0 ], [ 241314.0, 364214.0 ], [ 241314.0, 364210.0 ], [ 241340.0, 364210.0 ], [ 241340.0, 364208.0 ], [ 241358.0, 364208.0 ], [ 241358.0, 364206.0 ], [ 241360.0, 364206.0 ], [ 241360.0, 364202.0 ], [ 241362.0, 364202.0 ], [ 241362.0, 364198.0 ], [ 241364.0, 364198.0 ], [ 241364.0, 364194.0 ], [ 241366.0, 364194.0 ], [ 241366.0, 364188.0 ], [ 241368.0, 364188.0 ], [ 241368.0, 364186.0 ], [ 241370.0, 364186.0 ], [ 241370.0, 364142.0 ], [ 241368.0, 364142.0 ], [ 241368.0, 364068.0 ], [ 241366.0, 364068.0 ], [ 241366.0, 364066.0 ], [ 241362.0, 364066.0 ], [ 241362.0, 364064.0 ], [ 241376.0, 364064.0 ], [ 241376.0, 364062.0 ], [ 241380.0, 364062.0 ], [ 241380.0, 364060.0 ], [ 241384.0, 364060.0 ], [ 241384.0, 364058.0 ], [ 241386.0, 364058.0 ], [ 241386.0, 364054.0 ], [ 241388.0, 364054.0 ], [ 241388.0, 364052.0 ], [ 241390.0, 364052.0 ], [ 241390.0, 364048.0 ], [ 241392.0, 364048.0 ], [ 241392.0, 364044.0 ], [ 241394.0, 364044.0 ], [ 241394.0, 364026.0 ], [ 241392.0, 364026.0 ], [ 241392.0, 364008.0 ], [ 241390.0, 364008.0 ], [ 241390.0, 363994.0 ], [ 241388.0, 363994.0 ], [ 241388.0, 363984.0 ], [ 241386.0, 363984.0 ], [ 241386.0, 363974.0 ], [ 241384.0, 363974.0 ], [ 241384.0, 363966.0 ], [ 241382.0, 363966.0 ], [ 241382.0, 363958.0 ], [ 241380.0, 363958.0 ], [ 241380.0, 363952.0 ], [ 241378.0, 363952.0 ], [ 241378.0, 363944.0 ], [ 241376.0, 363944.0 ], [ 241376.0, 363936.0 ], [ 241374.0, 363936.0 ], [ 241374.0, 363930.0 ], [ 241372.0, 363930.0 ], [ 241372.0, 363926.0 ], [ 241370.0, 363926.0 ], [ 241370.0, 363920.0 ], [ 241368.0, 363920.0 ], [ 241368.0, 363916.0 ], [ 241366.0, 363916.0 ], [ 241366.0, 363912.0 ], [ 241364.0, 363912.0 ], [ 241364.0, 363908.0 ], [ 241362.0, 363908.0 ], [ 241362.0, 363904.0 ], [ 241360.0, 363904.0 ], [ 241360.0, 363900.0 ], [ 241358.0, 363900.0 ], [ 241358.0, 363898.0 ], [ 241380.0, 363898.0 ], [ 241380.0, 363896.0 ], [ 241388.0, 363896.0 ], [ 241388.0, 363894.0 ], [ 241394.0, 363894.0 ], [ 241394.0, 363892.0 ], [ 241398.0, 363892.0 ], [ 241398.0, 363890.0 ], [ 241400.0, 363890.0 ], [ 241400.0, 363888.0 ], [ 241402.0, 363888.0 ], [ 241402.0, 363886.0 ], [ 241404.0, 363886.0 ], [ 241404.0, 363884.0 ], [ 241406.0, 363884.0 ], [ 241406.0, 363854.0 ], [ 241408.0, 363854.0 ], [ 241408.0, 363856.0 ], [ 241450.0, 363856.0 ], [ 241450.0, 363854.0 ], [ 241462.0, 363854.0 ], [ 241462.0, 363852.0 ], [ 241464.0, 363852.0 ], [ 241464.0, 363824.0 ], [ 241470.0, 363824.0 ], [ 241470.0, 363822.0 ], [ 241472.0, 363822.0 ], [ 241472.0, 363820.0 ], [ 241474.0, 363820.0 ], [ 241474.0, 363818.0 ], [ 241476.0, 363818.0 ], [ 241476.0, 363814.0 ], [ 241506.0, 363814.0 ], [ 241506.0, 363816.0 ], [ 241516.0, 363816.0 ], [ 241516.0, 363814.0 ], [ 241520.0, 363814.0 ], [ 241520.0, 363812.0 ], [ 241522.0, 363812.0 ], [ 241522.0, 363808.0 ], [ 241524.0, 363808.0 ], [ 241524.0, 363806.0 ], [ 241526.0, 363806.0 ], [ 241526.0, 363802.0 ], [ 241528.0, 363802.0 ], [ 241528.0, 363796.0 ], [ 241530.0, 363796.0 ], [ 241530.0, 363792.0 ], [ 241532.0, 363792.0 ], [ 241532.0, 363786.0 ], [ 241534.0, 363786.0 ], [ 241534.0, 363778.0 ], [ 241536.0, 363778.0 ], [ 241536.0, 363774.0 ], [ 241558.0, 363774.0 ], [ 241558.0, 363772.0 ], [ 241560.0, 363772.0 ], [ 241560.0, 363734.0 ], [ 241558.0, 363734.0 ], [ 241558.0, 363726.0 ], [ 241560.0, 363726.0 ], [ 241560.0, 363676.0 ], [ 241558.0, 363676.0 ], [ 241558.0, 363674.0 ], [ 241620.0, 363674.0 ], [ 241620.0, 363676.0 ], [ 241622.0, 363676.0 ], [ 241622.0, 363678.0 ], [ 241624.0, 363678.0 ], [ 241624.0, 363680.0 ], [ 241626.0, 363680.0 ], [ 241626.0, 363682.0 ], [ 241628.0, 363682.0 ], [ 241628.0, 363684.0 ], [ 241630.0, 363684.0 ], [ 241630.0, 363688.0 ], [ 241632.0, 363688.0 ], [ 241632.0, 363690.0 ], [ 241634.0, 363690.0 ], [ 241634.0, 363692.0 ], [ 241638.0, 363692.0 ], [ 241638.0, 363694.0 ], [ 241640.0, 363694.0 ], [ 241640.0, 363696.0 ], [ 241642.0, 363696.0 ], [ 241642.0, 363698.0 ], [ 241644.0, 363698.0 ], [ 241644.0, 363700.0 ], [ 241646.0, 363700.0 ], [ 241646.0, 363702.0 ], [ 241648.0, 363702.0 ], [ 241648.0, 363704.0 ], [ 241650.0, 363704.0 ], [ 241650.0, 363706.0 ], [ 241652.0, 363706.0 ], [ 241652.0, 363708.0 ], [ 241654.0, 363708.0 ], [ 241654.0, 363706.0 ], [ 241656.0, 363706.0 ], [ 241656.0, 363704.0 ], [ 241658.0, 363704.0 ], [ 241658.0, 363702.0 ], [ 241662.0, 363702.0 ], [ 241662.0, 363700.0 ], [ 241666.0, 363700.0 ], [ 241666.0, 363698.0 ], [ 241672.0, 363698.0 ], [ 241672.0, 363696.0 ], [ 241676.0, 363696.0 ], [ 241676.0, 363694.0 ], [ 241678.0, 363694.0 ], [ 241678.0, 363692.0 ], [ 241682.0, 363692.0 ], [ 241682.0, 363690.0 ], [ 241684.0, 363690.0 ], [ 241684.0, 363692.0 ], [ 241688.0, 363692.0 ], [ 241688.0, 363694.0 ], [ 241724.0, 363694.0 ], [ 241724.0, 363692.0 ], [ 241726.0, 363692.0 ], [ 241726.0, 363690.0 ], [ 241728.0, 363690.0 ], [ 241728.0, 363686.0 ], [ 241730.0, 363686.0 ], [ 241730.0, 363684.0 ], [ 241732.0, 363684.0 ], [ 241732.0, 363680.0 ], [ 241734.0, 363680.0 ], [ 241734.0, 363682.0 ], [ 241736.0, 363682.0 ], [ 241736.0, 363686.0 ], [ 241738.0, 363686.0 ], [ 241738.0, 363702.0 ], [ 241740.0, 363702.0 ], [ 241740.0, 363708.0 ], [ 241742.0, 363708.0 ], [ 241742.0, 363712.0 ], [ 241744.0, 363712.0 ], [ 241744.0, 363714.0 ], [ 241746.0, 363714.0 ], [ 241746.0, 363718.0 ], [ 241748.0, 363718.0 ], [ 241748.0, 363720.0 ], [ 241750.0, 363720.0 ], [ 241750.0, 363724.0 ], [ 241752.0, 363724.0 ], [ 241752.0, 363756.0 ], [ 241754.0, 363756.0 ], [ 241754.0, 363764.0 ], [ 241756.0, 363764.0 ], [ 241756.0, 363770.0 ], [ 241758.0, 363770.0 ], [ 241758.0, 363774.0 ], [ 241760.0, 363774.0 ], [ 241760.0, 363776.0 ], [ 241762.0, 363776.0 ], [ 241762.0, 363780.0 ], [ 241764.0, 363780.0 ], [ 241764.0, 363782.0 ], [ 241766.0, 363782.0 ], [ 241766.0, 363784.0 ], [ 241768.0, 363784.0 ], [ 241768.0, 363786.0 ], [ 241770.0, 363786.0 ], [ 241770.0, 363788.0 ], [ 241772.0, 363788.0 ], [ 241772.0, 363790.0 ], [ 241774.0, 363790.0 ], [ 241774.0, 363792.0 ], [ 241776.0, 363792.0 ], [ 241776.0, 363794.0 ], [ 241778.0, 363794.0 ], [ 241778.0, 363796.0 ], [ 241780.0, 363796.0 ], [ 241780.0, 363800.0 ], [ 241782.0, 363800.0 ], [ 241782.0, 363802.0 ], [ 241784.0, 363802.0 ], [ 241784.0, 363804.0 ], [ 241786.0, 363804.0 ], [ 241786.0, 363808.0 ], [ 241788.0, 363808.0 ], [ 241788.0, 363814.0 ], [ 241790.0, 363814.0 ], [ 241790.0, 363818.0 ], [ 241792.0, 363818.0 ], [ 241792.0, 363820.0 ], [ 241794.0, 363820.0 ], [ 241794.0, 363824.0 ], [ 241796.0, 363824.0 ], [ 241796.0, 363826.0 ], [ 241798.0, 363826.0 ], [ 241798.0, 363828.0 ], [ 241800.0, 363828.0 ], [ 241800.0, 363830.0 ], [ 241802.0, 363830.0 ], [ 241802.0, 363832.0 ], [ 241804.0, 363832.0 ], [ 241804.0, 363834.0 ], [ 241808.0, 363834.0 ], [ 241808.0, 363836.0 ], [ 241812.0, 363836.0 ], [ 241812.0, 363838.0 ], [ 241818.0, 363838.0 ], [ 241818.0, 363840.0 ], [ 241824.0, 363840.0 ], [ 241824.0, 363842.0 ], [ 241836.0, 363842.0 ], [ 241836.0, 363844.0 ], [ 241862.0, 363844.0 ], [ 241862.0, 363846.0 ], [ 241866.0, 363846.0 ], [ 241866.0, 363848.0 ], [ 241870.0, 363848.0 ], [ 241870.0, 363850.0 ], [ 241872.0, 363850.0 ], [ 241872.0, 363852.0 ], [ 241874.0, 363852.0 ], [ 241874.0, 363854.0 ], [ 241878.0, 363854.0 ], [ 241878.0, 363856.0 ], [ 241880.0, 363856.0 ], [ 241880.0, 363858.0 ], [ 241882.0, 363858.0 ], [ 241882.0, 363860.0 ], [ 241886.0, 363860.0 ], [ 241886.0, 363862.0 ], [ 241888.0, 363862.0 ], [ 241888.0, 363864.0 ], [ 241892.0, 363864.0 ], [ 241892.0, 363866.0 ], [ 241894.0, 363866.0 ], [ 241894.0, 363868.0 ], [ 241896.0, 363868.0 ], [ 241896.0, 363872.0 ], [ 241898.0, 363872.0 ], [ 241898.0, 363880.0 ], [ 241900.0, 363880.0 ], [ 241900.0, 363886.0 ], [ 241902.0, 363886.0 ], [ 241902.0, 363888.0 ], [ 241904.0, 363888.0 ], [ 241904.0, 363890.0 ], [ 241906.0, 363890.0 ], [ 241906.0, 363892.0 ], [ 241908.0, 363892.0 ], [ 241908.0, 363894.0 ], [ 241910.0, 363894.0 ], [ 241910.0, 363896.0 ], [ 241912.0, 363896.0 ], [ 241912.0, 363898.0 ], [ 241914.0, 363898.0 ], [ 241914.0, 363900.0 ], [ 241916.0, 363900.0 ], [ 241916.0, 363902.0 ], [ 241918.0, 363902.0 ], [ 241918.0, 363904.0 ], [ 241922.0, 363904.0 ], [ 241922.0, 363906.0 ], [ 241924.0, 363906.0 ], [ 241924.0, 363908.0 ], [ 241928.0, 363908.0 ], [ 241928.0, 363910.0 ], [ 241930.0, 363910.0 ], [ 241930.0, 363912.0 ], [ 241934.0, 363912.0 ], [ 241934.0, 363914.0 ], [ 241938.0, 363914.0 ], [ 241938.0, 363916.0 ], [ 241940.0, 363916.0 ], [ 241940.0, 363918.0 ], [ 241942.0, 363918.0 ], [ 241942.0, 363920.0 ], [ 241944.0, 363920.0 ], [ 241944.0, 363922.0 ], [ 241946.0, 363922.0 ], [ 241946.0, 363924.0 ], [ 241948.0, 363924.0 ], [ 241948.0, 363926.0 ], [ 241950.0, 363926.0 ], [ 241950.0, 363930.0 ], [ 241952.0, 363930.0 ], [ 241952.0, 363934.0 ], [ 241954.0, 363934.0 ], [ 241954.0, 363936.0 ], [ 241956.0, 363936.0 ], [ 241956.0, 363940.0 ], [ 241958.0, 363940.0 ], [ 241958.0, 363944.0 ], [ 241960.0, 363944.0 ], [ 241960.0, 363948.0 ], [ 241962.0, 363948.0 ], [ 241962.0, 363954.0 ], [ 241964.0, 363954.0 ], [ 241964.0, 363956.0 ], [ 241966.0, 363956.0 ], [ 241966.0, 363958.0 ], [ 241968.0, 363958.0 ], [ 241968.0, 363962.0 ], [ 241970.0, 363962.0 ], [ 241970.0, 363964.0 ], [ 241972.0, 363964.0 ], [ 241972.0, 363966.0 ], [ 241976.0, 363966.0 ], [ 241976.0, 363968.0 ], [ 241978.0, 363968.0 ], [ 241978.0, 363970.0 ], [ 241980.0, 363970.0 ], [ 241980.0, 363972.0 ], [ 241984.0, 363972.0 ], [ 241984.0, 363974.0 ], [ 241986.0, 363974.0 ], [ 241986.0, 363976.0 ], [ 241990.0, 363976.0 ], [ 241990.0, 363978.0 ], [ 241994.0, 363978.0 ], [ 241994.0, 363980.0 ], [ 242024.0, 363980.0 ], [ 242024.0, 363986.0 ], [ 242022.0, 363986.0 ], [ 242022.0, 363996.0 ], [ 242020.0, 363996.0 ], [ 242020.0, 363998.0 ], [ 241996.0, 363998.0 ], [ 241996.0, 364000.0 ], [ 241992.0, 364000.0 ], [ 241992.0, 364002.0 ], [ 241990.0, 364002.0 ], [ 241990.0, 364004.0 ], [ 241988.0, 364004.0 ], [ 241988.0, 364006.0 ], [ 241986.0, 364006.0 ], [ 241986.0, 364008.0 ], [ 241984.0, 364008.0 ], [ 241984.0, 364012.0 ], [ 241982.0, 364012.0 ], [ 241982.0, 364032.0 ], [ 241980.0, 364032.0 ], [ 241980.0, 364040.0 ], [ 241978.0, 364040.0 ], [ 241978.0, 364046.0 ], [ 241976.0, 364046.0 ], [ 241976.0, 364050.0 ], [ 241974.0, 364050.0 ], [ 241974.0, 364060.0 ], [ 241976.0, 364060.0 ], [ 241976.0, 364064.0 ], [ 241978.0, 364064.0 ], [ 241978.0, 364086.0 ], [ 241936.0, 364086.0 ], [ 241936.0, 364088.0 ], [ 241934.0, 364088.0 ], [ 241934.0, 364090.0 ], [ 241930.0, 364090.0 ], [ 241930.0, 364092.0 ], [ 241928.0, 364092.0 ], [ 241928.0, 364094.0 ], [ 241926.0, 364094.0 ], [ 241926.0, 364096.0 ], [ 241924.0, 364096.0 ], [ 241924.0, 364098.0 ], [ 241922.0, 364098.0 ], [ 241922.0, 364102.0 ], [ 241920.0, 364102.0 ], [ 241920.0, 364104.0 ], [ 241918.0, 364104.0 ], [ 241918.0, 364108.0 ], [ 241916.0, 364108.0 ], [ 241916.0, 364120.0 ], [ 241918.0, 364120.0 ], [ 241918.0, 364122.0 ], [ 241920.0, 364122.0 ], [ 241920.0, 364126.0 ], [ 241922.0, 364126.0 ], [ 241922.0, 364128.0 ], [ 241924.0, 364128.0 ], [ 241924.0, 364132.0 ], [ 241926.0, 364132.0 ], [ 241926.0, 364138.0 ], [ 241928.0, 364138.0 ], [ 241928.0, 364148.0 ], [ 241930.0, 364148.0 ], [ 241930.0, 364156.0 ], [ 241932.0, 364156.0 ], [ 241932.0, 364158.0 ], [ 241934.0, 364158.0 ], [ 241934.0, 364162.0 ], [ 241936.0, 364162.0 ], [ 241936.0, 364164.0 ], [ 241938.0, 364164.0 ], [ 241938.0, 364166.0 ], [ 241940.0, 364166.0 ], [ 241940.0, 364168.0 ], [ 241942.0, 364168.0 ], [ 241942.0, 364172.0 ], [ 241944.0, 364172.0 ], [ 241944.0, 364174.0 ], [ 241946.0, 364174.0 ], [ 241946.0, 364180.0 ], [ 241948.0, 364180.0 ], [ 241948.0, 364188.0 ], [ 241950.0, 364188.0 ], [ 241950.0, 364192.0 ], [ 241952.0, 364192.0 ], [ 241952.0, 364194.0 ], [ 241954.0, 364194.0 ], [ 241954.0, 364198.0 ], [ 241956.0, 364198.0 ], [ 241956.0, 364200.0 ], [ 241958.0, 364200.0 ], [ 241958.0, 364204.0 ], [ 241960.0, 364204.0 ], [ 241960.0, 364206.0 ], [ 241962.0, 364206.0 ], [ 241962.0, 364208.0 ], [ 241964.0, 364208.0 ], [ 241964.0, 364212.0 ], [ 241966.0, 364212.0 ], [ 241966.0, 364214.0 ], [ 241968.0, 364214.0 ], [ 241968.0, 364216.0 ], [ 241970.0, 364216.0 ], [ 241970.0, 364218.0 ], [ 241972.0, 364218.0 ], [ 241972.0, 364220.0 ], [ 241974.0, 364220.0 ], [ 241974.0, 364224.0 ], [ 241976.0, 364224.0 ], [ 241976.0, 364226.0 ], [ 241978.0, 364226.0 ], [ 241978.0, 364228.0 ], [ 241980.0, 364228.0 ], [ 241980.0, 364230.0 ], [ 241982.0, 364230.0 ], [ 241982.0, 364232.0 ], [ 241984.0, 364232.0 ], [ 241984.0, 364234.0 ], [ 241986.0, 364234.0 ], [ 241986.0, 364236.0 ], [ 241988.0, 364236.0 ], [ 241988.0, 364238.0 ], [ 241990.0, 364238.0 ], [ 241990.0, 364240.0 ], [ 241992.0, 364240.0 ], [ 241992.0, 364242.0 ], [ 241994.0, 364242.0 ], [ 241994.0, 364244.0 ], [ 241996.0, 364244.0 ], [ 241996.0, 364246.0 ], [ 241998.0, 364246.0 ], [ 241998.0, 364248.0 ], [ 242000.0, 364248.0 ], [ 242000.0, 364250.0 ], [ 242002.0, 364250.0 ], [ 242002.0, 364252.0 ], [ 242004.0, 364252.0 ], [ 242004.0, 364254.0 ], [ 242006.0, 364254.0 ], [ 242006.0, 364256.0 ], [ 242008.0, 364256.0 ], [ 242008.0, 364258.0 ], [ 242010.0, 364258.0 ], [ 242010.0, 364262.0 ], [ 242012.0, 364262.0 ], [ 242012.0, 364264.0 ], [ 242014.0, 364264.0 ], [ 242014.0, 364266.0 ], [ 242016.0, 364266.0 ], [ 242016.0, 364268.0 ], [ 242018.0, 364268.0 ], [ 242018.0, 364270.0 ], [ 242020.0, 364270.0 ], [ 242020.0, 364274.0 ], [ 242022.0, 364274.0 ], [ 242022.0, 364276.0 ], [ 242024.0, 364276.0 ], [ 242024.0, 364278.0 ], [ 242026.0, 364278.0 ], [ 242026.0, 364280.0 ], [ 242028.0, 364280.0 ], [ 242028.0, 364284.0 ], [ 242030.0, 364284.0 ], [ 242030.0, 364288.0 ], [ 242032.0, 364288.0 ], [ 242032.0, 364292.0 ], [ 242034.0, 364292.0 ], [ 242034.0, 364298.0 ], [ 242036.0, 364298.0 ], [ 242036.0, 364304.0 ], [ 242038.0, 364304.0 ], [ 242038.0, 364310.0 ], [ 242040.0, 364310.0 ], [ 242040.0, 364320.0 ], [ 242042.0, 364320.0 ], [ 242042.0, 364332.0 ], [ 242044.0, 364332.0 ], [ 242044.0, 364340.0 ], [ 242046.0, 364340.0 ], [ 242046.0, 364374.0 ], [ 242044.0, 364374.0 ], [ 242044.0, 364378.0 ], [ 242014.0, 364378.0 ], [ 242014.0, 364376.0 ], [ 242010.0, 364376.0 ], [ 242010.0, 364374.0 ], [ 242006.0, 364374.0 ], [ 242006.0, 364372.0 ], [ 242002.0, 364372.0 ], [ 242002.0, 364370.0 ], [ 241998.0, 364370.0 ], [ 241998.0, 364368.0 ], [ 241996.0, 364368.0 ], [ 241996.0, 364366.0 ], [ 241992.0, 364366.0 ], [ 241992.0, 364364.0 ], [ 241988.0, 364364.0 ], [ 241988.0, 364362.0 ], [ 241984.0, 364362.0 ], [ 241984.0, 364360.0 ], [ 241958.0, 364360.0 ], [ 241958.0, 364358.0 ], [ 241954.0, 364358.0 ], [ 241954.0, 364356.0 ], [ 241952.0, 364356.0 ], [ 241952.0, 364354.0 ], [ 241950.0, 364354.0 ], [ 241950.0, 364356.0 ], [ 241948.0, 364356.0 ], [ 241948.0, 364370.0 ], [ 241946.0, 364370.0 ], [ 241946.0, 364372.0 ], [ 241944.0, 364372.0 ], [ 241944.0, 364374.0 ], [ 241942.0, 364374.0 ], [ 241942.0, 364376.0 ], [ 241938.0, 364376.0 ], [ 241938.0, 364378.0 ], [ 241934.0, 364378.0 ], [ 241934.0, 364380.0 ], [ 241930.0, 364380.0 ], [ 241930.0, 364382.0 ], [ 241928.0, 364382.0 ], [ 241928.0, 364384.0 ], [ 241926.0, 364384.0 ], [ 241926.0, 364386.0 ], [ 241922.0, 364386.0 ], [ 241922.0, 364388.0 ], [ 241920.0, 364388.0 ], [ 241920.0, 364390.0 ], [ 241916.0, 364390.0 ], [ 241916.0, 364392.0 ], [ 241910.0, 364392.0 ], [ 241910.0, 364394.0 ], [ 241902.0, 364394.0 ], [ 241902.0, 364396.0 ], [ 241868.0, 364396.0 ], [ 241868.0, 364392.0 ], [ 241866.0, 364392.0 ], [ 241866.0, 364386.0 ], [ 241864.0, 364386.0 ], [ 241864.0, 364380.0 ], [ 241862.0, 364380.0 ], [ 241862.0, 364374.0 ], [ 241860.0, 364374.0 ], [ 241860.0, 364372.0 ], [ 241858.0, 364372.0 ], [ 241858.0, 364368.0 ], [ 241856.0, 364368.0 ], [ 241856.0, 364366.0 ], [ 241854.0, 364366.0 ], [ 241854.0, 364364.0 ], [ 241852.0, 364364.0 ], [ 241852.0, 364366.0 ], [ 241850.0, 364366.0 ], [ 241850.0, 364368.0 ], [ 241848.0, 364368.0 ], [ 241848.0, 364370.0 ], [ 241846.0, 364370.0 ], [ 241846.0, 364372.0 ], [ 241844.0, 364372.0 ], [ 241844.0, 364374.0 ], [ 241842.0, 364374.0 ], [ 241842.0, 364376.0 ], [ 241840.0, 364376.0 ], [ 241840.0, 364380.0 ], [ 241838.0, 364380.0 ], [ 241838.0, 364382.0 ], [ 241836.0, 364382.0 ], [ 241836.0, 364384.0 ], [ 241832.0, 364384.0 ], [ 241832.0, 364386.0 ], [ 241822.0, 364386.0 ], [ 241822.0, 364388.0 ], [ 241776.0, 364388.0 ], [ 241776.0, 364390.0 ], [ 241774.0, 364390.0 ], [ 241774.0, 364394.0 ], [ 241776.0, 364394.0 ], [ 241776.0, 364396.0 ], [ 241778.0, 364396.0 ], [ 241778.0, 364404.0 ], [ 241780.0, 364404.0 ], [ 241780.0, 364424.0 ], [ 241782.0, 364424.0 ], [ 241782.0, 364426.0 ], [ 241784.0, 364426.0 ], [ 241784.0, 364428.0 ], [ 241786.0, 364428.0 ], [ 241786.0, 364432.0 ], [ 241788.0, 364432.0 ], [ 241788.0, 364434.0 ], [ 241790.0, 364434.0 ], [ 241790.0, 364460.0 ], [ 241788.0, 364460.0 ], [ 241788.0, 364462.0 ], [ 241786.0, 364462.0 ], [ 241786.0, 364466.0 ], [ 241784.0, 364466.0 ], [ 241784.0, 364468.0 ], [ 241782.0, 364468.0 ], [ 241782.0, 364470.0 ], [ 241780.0, 364470.0 ], [ 241780.0, 364472.0 ], [ 241778.0, 364472.0 ], [ 241778.0, 364474.0 ], [ 241776.0, 364474.0 ], [ 241776.0, 364476.0 ], [ 241774.0, 364476.0 ], [ 241774.0, 364478.0 ], [ 241770.0, 364478.0 ], [ 241770.0, 364480.0 ], [ 241768.0, 364480.0 ], [ 241768.0, 364482.0 ], [ 241766.0, 364482.0 ], [ 241766.0, 364484.0 ], [ 241764.0, 364484.0 ], [ 241764.0, 364486.0 ], [ 241760.0, 364486.0 ], [ 241760.0, 364488.0 ], [ 241758.0, 364488.0 ], [ 241758.0, 364490.0 ], [ 241754.0, 364490.0 ], [ 241754.0, 364492.0 ], [ 241750.0, 364492.0 ], [ 241750.0, 364494.0 ], [ 241748.0, 364494.0 ], [ 241748.0, 364496.0 ], [ 241746.0, 364496.0 ], [ 241746.0, 364498.0 ], [ 241744.0, 364498.0 ], [ 241744.0, 364500.0 ], [ 241742.0, 364500.0 ], [ 241742.0, 364502.0 ], [ 241740.0, 364502.0 ], [ 241740.0, 364504.0 ], [ 241736.0, 364504.0 ], [ 241736.0, 364506.0 ], [ 241732.0, 364506.0 ], [ 241732.0, 364508.0 ], [ 241724.0, 364508.0 ], [ 241724.0, 364510.0 ], [ 241722.0, 364510.0 ], [ 241722.0, 364512.0 ], [ 241718.0, 364512.0 ], [ 241718.0, 364514.0 ], [ 241716.0, 364514.0 ], [ 241716.0, 364516.0 ], [ 241714.0, 364516.0 ], [ 241714.0, 364518.0 ], [ 241712.0, 364518.0 ], [ 241712.0, 364520.0 ], [ 241710.0, 364520.0 ], [ 241710.0, 364524.0 ], [ 241708.0, 364524.0 ], [ 241708.0, 364526.0 ], [ 241706.0, 364526.0 ], [ 241706.0, 364528.0 ], [ 241704.0, 364528.0 ], [ 241704.0, 364530.0 ], [ 241700.0, 364530.0 ], [ 241700.0, 364532.0 ], [ 241652.0, 364532.0 ], [ 241652.0, 364534.0 ], [ 241650.0, 364534.0 ], [ 241650.0, 364536.0 ], [ 241648.0, 364536.0 ], [ 241648.0, 364538.0 ], [ 241646.0, 364538.0 ], [ 241646.0, 364542.0 ], [ 241644.0, 364542.0 ], [ 241644.0, 364544.0 ], [ 241642.0, 364544.0 ], [ 241642.0, 364550.0 ], [ 241640.0, 364550.0 ], [ 241640.0, 364556.0 ], [ 241642.0, 364556.0 ], [ 241642.0, 364558.0 ], [ 241644.0, 364558.0 ], [ 241644.0, 364560.0 ], [ 241646.0, 364560.0 ], [ 241646.0, 364562.0 ], [ 241648.0, 364562.0 ], [ 241648.0, 364564.0 ], [ 241650.0, 364564.0 ], [ 241650.0, 364566.0 ], [ 241654.0, 364566.0 ], [ 241654.0, 364568.0 ], [ 241660.0, 364568.0 ], [ 241660.0, 364570.0 ], [ 241664.0, 364570.0 ], [ 241664.0, 364572.0 ], [ 241666.0, 364572.0 ], [ 241666.0, 364574.0 ], [ 241664.0, 364574.0 ], [ 241664.0, 364576.0 ], [ 241662.0, 364576.0 ], [ 241662.0, 364578.0 ], [ 241642.0, 364578.0 ], [ 241642.0, 364580.0 ], [ 241640.0, 364580.0 ], [ 241640.0, 364582.0 ], [ 241638.0, 364582.0 ], [ 241638.0, 364586.0 ], [ 241636.0, 364586.0 ], [ 241636.0, 364588.0 ], [ 241634.0, 364588.0 ], [ 241634.0, 364590.0 ], [ 241632.0, 364590.0 ], [ 241632.0, 364592.0 ], [ 241630.0, 364592.0 ], [ 241630.0, 364594.0 ], [ 241628.0, 364594.0 ], [ 241628.0, 364598.0 ], [ 241626.0, 364598.0 ], [ 241626.0, 364600.0 ], [ 241624.0, 364600.0 ], [ 241624.0, 364602.0 ], [ 241622.0, 364602.0 ], [ 241622.0, 364608.0 ], [ 241620.0, 364608.0 ], [ 241620.0, 364614.0 ], [ 241618.0, 364614.0 ], [ 241618.0, 364618.0 ], [ 241616.0, 364618.0 ], [ 241616.0, 364620.0 ], [ 241614.0, 364620.0 ], [ 241614.0, 364624.0 ], [ 241612.0, 364624.0 ], [ 241612.0, 364976.0 ], [ 241614.0, 364976.0 ], [ 241614.0, 364978.0 ], [ 241616.0, 364978.0 ], [ 241616.0, 364980.0 ], [ 241618.0, 364980.0 ], [ 241618.0, 364982.0 ], [ 241622.0, 364982.0 ], [ 241622.0, 364984.0 ], [ 241626.0, 364984.0 ], [ 241626.0, 364982.0 ], [ 241624.0, 364982.0 ], [ 241624.0, 364980.0 ], [ 241622.0, 364980.0 ], [ 241622.0, 364978.0 ], [ 241618.0, 364978.0 ], [ 241618.0, 364976.0 ], [ 241616.0, 364976.0 ], [ 241616.0, 364624.0 ], [ 241618.0, 364624.0 ], [ 241618.0, 364620.0 ], [ 241620.0, 364620.0 ], [ 241620.0, 364618.0 ], [ 241622.0, 364618.0 ], [ 241622.0, 364614.0 ], [ 241624.0, 364614.0 ], [ 241624.0, 364608.0 ], [ 241626.0, 364608.0 ], [ 241626.0, 364602.0 ], [ 241628.0, 364602.0 ], [ 241628.0, 364600.0 ], [ 241630.0, 364600.0 ], [ 241630.0, 364598.0 ], [ 241632.0, 364598.0 ], [ 241632.0, 364594.0 ], [ 241634.0, 364594.0 ], [ 241634.0, 364592.0 ], [ 241636.0, 364592.0 ], [ 241636.0, 364590.0 ], [ 241638.0, 364590.0 ], [ 241638.0, 364588.0 ], [ 241640.0, 364588.0 ], [ 241640.0, 364586.0 ], [ 241642.0, 364586.0 ], [ 241642.0, 364582.0 ], [ 241662.0, 364582.0 ], [ 241662.0, 364580.0 ], [ 241664.0, 364580.0 ], [ 241664.0, 364578.0 ], [ 241668.0, 364578.0 ], [ 241668.0, 364576.0 ], [ 241670.0, 364576.0 ], [ 241670.0, 364572.0 ], [ 241668.0, 364572.0 ], [ 241668.0, 364570.0 ], [ 241666.0, 364570.0 ], [ 241666.0, 364568.0 ], [ 241664.0, 364568.0 ], [ 241664.0, 364566.0 ], [ 241660.0, 364566.0 ], [ 241660.0, 364564.0 ], [ 241654.0, 364564.0 ], [ 241654.0, 364562.0 ], [ 241650.0, 364562.0 ], [ 241650.0, 364560.0 ], [ 241648.0, 364560.0 ], [ 241648.0, 364558.0 ], [ 241646.0, 364558.0 ], [ 241646.0, 364556.0 ], [ 241644.0, 364556.0 ], [ 241644.0, 364550.0 ], [ 241646.0, 364550.0 ], [ 241646.0, 364544.0 ], [ 241648.0, 364544.0 ], [ 241648.0, 364542.0 ], [ 241650.0, 364542.0 ], [ 241650.0, 364538.0 ], [ 241652.0, 364538.0 ], [ 241652.0, 364536.0 ], [ 241700.0, 364536.0 ], [ 241700.0, 364534.0 ], [ 241704.0, 364534.0 ], [ 241704.0, 364532.0 ], [ 241706.0, 364532.0 ], [ 241706.0, 364530.0 ], [ 241708.0, 364530.0 ], [ 241708.0, 364528.0 ], [ 241710.0, 364528.0 ], [ 241710.0, 364526.0 ], [ 241712.0, 364526.0 ], [ 241712.0, 364524.0 ], [ 241714.0, 364524.0 ], [ 241714.0, 364520.0 ], [ 241716.0, 364520.0 ], [ 241716.0, 364518.0 ], [ 241718.0, 364518.0 ], [ 241718.0, 364516.0 ], [ 241722.0, 364516.0 ], [ 241722.0, 364514.0 ], [ 241724.0, 364514.0 ], [ 241724.0, 364512.0 ], [ 241732.0, 364512.0 ], [ 241732.0, 364510.0 ], [ 241736.0, 364510.0 ], [ 241736.0, 364508.0 ], [ 241740.0, 364508.0 ], [ 241740.0, 364506.0 ], [ 241742.0, 364506.0 ], [ 241742.0, 364504.0 ], [ 241744.0, 364504.0 ], [ 241744.0, 364502.0 ], [ 241746.0, 364502.0 ], [ 241746.0, 364500.0 ], [ 241748.0, 364500.0 ], [ 241748.0, 364498.0 ], [ 241750.0, 364498.0 ], [ 241750.0, 364496.0 ], [ 241754.0, 364496.0 ], [ 241754.0, 364494.0 ], [ 241758.0, 364494.0 ], [ 241758.0, 364492.0 ], [ 241760.0, 364492.0 ], [ 241760.0, 364490.0 ], [ 241764.0, 364490.0 ], [ 241764.0, 364488.0 ], [ 241766.0, 364488.0 ], [ 241766.0, 364486.0 ], [ 241768.0, 364486.0 ], [ 241768.0, 364484.0 ], [ 241770.0, 364484.0 ], [ 241770.0, 364482.0 ], [ 241774.0, 364482.0 ], [ 241774.0, 364480.0 ], [ 241776.0, 364480.0 ], [ 241776.0, 364478.0 ], [ 241778.0, 364478.0 ], [ 241778.0, 364476.0 ], [ 241780.0, 364476.0 ], [ 241780.0, 364474.0 ], [ 241782.0, 364474.0 ], [ 241782.0, 364472.0 ], [ 241784.0, 364472.0 ], [ 241784.0, 364470.0 ], [ 241786.0, 364470.0 ], [ 241786.0, 364468.0 ], [ 241788.0, 364468.0 ], [ 241788.0, 364466.0 ], [ 241790.0, 364466.0 ], [ 241790.0, 364462.0 ], [ 241792.0, 364462.0 ], [ 241792.0, 364460.0 ], [ 241794.0, 364460.0 ], [ 241794.0, 364434.0 ], [ 241792.0, 364434.0 ], [ 241792.0, 364432.0 ], [ 241790.0, 364432.0 ], [ 241790.0, 364428.0 ], [ 241788.0, 364428.0 ], [ 241788.0, 364426.0 ], [ 241786.0, 364426.0 ], [ 241786.0, 364424.0 ], [ 241784.0, 364424.0 ], [ 241784.0, 364404.0 ], [ 241782.0, 364404.0 ], [ 241782.0, 364396.0 ], [ 241780.0, 364396.0 ], [ 241780.0, 364394.0 ], [ 241778.0, 364394.0 ], [ 241778.0, 364392.0 ], [ 241822.0, 364392.0 ], [ 241822.0, 364390.0 ], [ 241832.0, 364390.0 ], [ 241832.0, 364388.0 ], [ 241836.0, 364388.0 ], [ 241836.0, 364386.0 ], [ 241838.0, 364386.0 ], [ 241838.0, 364384.0 ], [ 241840.0, 364384.0 ], [ 241840.0, 364382.0 ], [ 241842.0, 364382.0 ], [ 241842.0, 364380.0 ], [ 241844.0, 364380.0 ], [ 241844.0, 364376.0 ], [ 241846.0, 364376.0 ], [ 241846.0, 364374.0 ], [ 241848.0, 364374.0 ], [ 241848.0, 364372.0 ], [ 241850.0, 364372.0 ], [ 241850.0, 364370.0 ], [ 241852.0, 364370.0 ], [ 241852.0, 364368.0 ], [ 241854.0, 364368.0 ], [ 241854.0, 364372.0 ], [ 241856.0, 364372.0 ], [ 241856.0, 364374.0 ], [ 241858.0, 364374.0 ], [ 241858.0, 364380.0 ], [ 241860.0, 364380.0 ], [ 241860.0, 364386.0 ], [ 241862.0, 364386.0 ], [ 241862.0, 364392.0 ], [ 241864.0, 364392.0 ], [ 241864.0, 364396.0 ], [ 241866.0, 364396.0 ], [ 241866.0, 364398.0 ], [ 241868.0, 364398.0 ], [ 241868.0, 364400.0 ], [ 241902.0, 364400.0 ], [ 241902.0, 364398.0 ], [ 241910.0, 364398.0 ], [ 241910.0, 364396.0 ], [ 241916.0, 364396.0 ], [ 241916.0, 364394.0 ], [ 241920.0, 364394.0 ], [ 241920.0, 364392.0 ], [ 241922.0, 364392.0 ], [ 241922.0, 364390.0 ], [ 241926.0, 364390.0 ], [ 241926.0, 364388.0 ], [ 241928.0, 364388.0 ], [ 241928.0, 364386.0 ], [ 241930.0, 364386.0 ], [ 241930.0, 364384.0 ], [ 241934.0, 364384.0 ], [ 241934.0, 364382.0 ], [ 241938.0, 364382.0 ], [ 241938.0, 364380.0 ], [ 241942.0, 364380.0 ], [ 241942.0, 364378.0 ], [ 241944.0, 364378.0 ], [ 241944.0, 364376.0 ], [ 241946.0, 364376.0 ], [ 241946.0, 364374.0 ], [ 241948.0, 364374.0 ], [ 241948.0, 364372.0 ], [ 241950.0, 364372.0 ], [ 241950.0, 364370.0 ], [ 241952.0, 364370.0 ], [ 241952.0, 364360.0 ], [ 241954.0, 364360.0 ], [ 241954.0, 364362.0 ], [ 241958.0, 364362.0 ], [ 241958.0, 364364.0 ], [ 241984.0, 364364.0 ], [ 241984.0, 364366.0 ], [ 241988.0, 364366.0 ], [ 241988.0, 364368.0 ], [ 241992.0, 364368.0 ], [ 241992.0, 364370.0 ], [ 241996.0, 364370.0 ], [ 241996.0, 364372.0 ], [ 241998.0, 364372.0 ], [ 241998.0, 364374.0 ], [ 242002.0, 364374.0 ], [ 242002.0, 364376.0 ], [ 242006.0, 364376.0 ], [ 242006.0, 364378.0 ], [ 242010.0, 364378.0 ], [ 242010.0, 364380.0 ], [ 242014.0, 364380.0 ], [ 242014.0, 364382.0 ], [ 242046.0, 364382.0 ], [ 242046.0, 364380.0 ], [ 242048.0, 364380.0 ], [ 242048.0, 364374.0 ], [ 242050.0, 364374.0 ], [ 242050.0, 364340.0 ], [ 242048.0, 364340.0 ], [ 242048.0, 364332.0 ], [ 242046.0, 364332.0 ], [ 242046.0, 364320.0 ], [ 242044.0, 364320.0 ], [ 242044.0, 364310.0 ], [ 242042.0, 364310.0 ], [ 242042.0, 364304.0 ], [ 242040.0, 364304.0 ], [ 242040.0, 364298.0 ], [ 242038.0, 364298.0 ], [ 242038.0, 364292.0 ], [ 242036.0, 364292.0 ], [ 242036.0, 364288.0 ], [ 242034.0, 364288.0 ], [ 242034.0, 364284.0 ], [ 242032.0, 364284.0 ], [ 242032.0, 364280.0 ], [ 242030.0, 364280.0 ], [ 242030.0, 364278.0 ], [ 242028.0, 364278.0 ], [ 242028.0, 364276.0 ], [ 242026.0, 364276.0 ], [ 242026.0, 364274.0 ], [ 242024.0, 364274.0 ], [ 242024.0, 364270.0 ], [ 242022.0, 364270.0 ], [ 242022.0, 364268.0 ], [ 242020.0, 364268.0 ], [ 242020.0, 364266.0 ], [ 242018.0, 364266.0 ], [ 242018.0, 364264.0 ], [ 242016.0, 364264.0 ], [ 242016.0, 364262.0 ], [ 242014.0, 364262.0 ], [ 242014.0, 364258.0 ], [ 242012.0, 364258.0 ], [ 242012.0, 364256.0 ], [ 242010.0, 364256.0 ], [ 242010.0, 364254.0 ], [ 242008.0, 364254.0 ], [ 242008.0, 364252.0 ], [ 242006.0, 364252.0 ], [ 242006.0, 364250.0 ], [ 242004.0, 364250.0 ], [ 242004.0, 364248.0 ], [ 242002.0, 364248.0 ], [ 242002.0, 364246.0 ], [ 242000.0, 364246.0 ], [ 242000.0, 364244.0 ], [ 241998.0, 364244.0 ], [ 241998.0, 364242.0 ], [ 241996.0, 364242.0 ], [ 241996.0, 364240.0 ], [ 241994.0, 364240.0 ], [ 241994.0, 364238.0 ], [ 241992.0, 364238.0 ], [ 241992.0, 364236.0 ], [ 241990.0, 364236.0 ], [ 241990.0, 364234.0 ], [ 241988.0, 364234.0 ], [ 241988.0, 364232.0 ], [ 241986.0, 364232.0 ], [ 241986.0, 364230.0 ], [ 241984.0, 364230.0 ], [ 241984.0, 364228.0 ], [ 241982.0, 364228.0 ], [ 241982.0, 364226.0 ], [ 241980.0, 364226.0 ], [ 241980.0, 364224.0 ], [ 241978.0, 364224.0 ], [ 241978.0, 364220.0 ], [ 241976.0, 364220.0 ], [ 241976.0, 364218.0 ], [ 241974.0, 364218.0 ], [ 241974.0, 364216.0 ], [ 241972.0, 364216.0 ], [ 241972.0, 364214.0 ], [ 241970.0, 364214.0 ], [ 241970.0, 364212.0 ], [ 241968.0, 364212.0 ], [ 241968.0, 364208.0 ], [ 241966.0, 364208.0 ], [ 241966.0, 364206.0 ], [ 241964.0, 364206.0 ], [ 241964.0, 364204.0 ], [ 241962.0, 364204.0 ], [ 241962.0, 364200.0 ], [ 241960.0, 364200.0 ], [ 241960.0, 364198.0 ], [ 241958.0, 364198.0 ], [ 241958.0, 364194.0 ], [ 241956.0, 364194.0 ], [ 241956.0, 364192.0 ], [ 241954.0, 364192.0 ], [ 241954.0, 364188.0 ], [ 241952.0, 364188.0 ], [ 241952.0, 364180.0 ], [ 241950.0, 364180.0 ], [ 241950.0, 364174.0 ], [ 241948.0, 364174.0 ], [ 241948.0, 364172.0 ], [ 241946.0, 364172.0 ], [ 241946.0, 364168.0 ], [ 241944.0, 364168.0 ], [ 241944.0, 364166.0 ], [ 241942.0, 364166.0 ], [ 241942.0, 364164.0 ], [ 241940.0, 364164.0 ], [ 241940.0, 364162.0 ], [ 241938.0, 364162.0 ], [ 241938.0, 364158.0 ], [ 241936.0, 364158.0 ], [ 241936.0, 364156.0 ], [ 241934.0, 364156.0 ], [ 241934.0, 364148.0 ], [ 241932.0, 364148.0 ], [ 241932.0, 364138.0 ], [ 241930.0, 364138.0 ], [ 241930.0, 364132.0 ], [ 241928.0, 364132.0 ], [ 241928.0, 364128.0 ], [ 241926.0, 364128.0 ], [ 241926.0, 364126.0 ], [ 241924.0, 364126.0 ], [ 241924.0, 364122.0 ], [ 241922.0, 364122.0 ], [ 241922.0, 364120.0 ], [ 241920.0, 364120.0 ], [ 241920.0, 364108.0 ], [ 241922.0, 364108.0 ], [ 241922.0, 364104.0 ], [ 241924.0, 364104.0 ], [ 241924.0, 364102.0 ], [ 241926.0, 364102.0 ], [ 241926.0, 364098.0 ], [ 241928.0, 364098.0 ], [ 241928.0, 364096.0 ], [ 241930.0, 364096.0 ], [ 241930.0, 364094.0 ], [ 241934.0, 364094.0 ], [ 241934.0, 364092.0 ], [ 241936.0, 364092.0 ], [ 241936.0, 364090.0 ], [ 241980.0, 364090.0 ], [ 241980.0, 364088.0 ], [ 241982.0, 364088.0 ], [ 241982.0, 364064.0 ], [ 241980.0, 364064.0 ], [ 241980.0, 364060.0 ], [ 241978.0, 364060.0 ], [ 241978.0, 364050.0 ], [ 241980.0, 364050.0 ], [ 241980.0, 364046.0 ], [ 241982.0, 364046.0 ], [ 241982.0, 364040.0 ], [ 241984.0, 364040.0 ], [ 241984.0, 364032.0 ], [ 241986.0, 364032.0 ], [ 241986.0, 364012.0 ], [ 241988.0, 364012.0 ], [ 241988.0, 364008.0 ], [ 241990.0, 364008.0 ], [ 241990.0, 364006.0 ], [ 241992.0, 364006.0 ], [ 241992.0, 364004.0 ], [ 241996.0, 364004.0 ], [ 241996.0, 364002.0 ], [ 242022.0, 364002.0 ], [ 242022.0, 364000.0 ], [ 242024.0, 364000.0 ], [ 242024.0, 363996.0 ], [ 242026.0, 363996.0 ], [ 242026.0, 363988.0 ], [ 242028.0, 363988.0 ], [ 242028.0, 363994.0 ], [ 242030.0, 363994.0 ], [ 242030.0, 363996.0 ], [ 242032.0, 363996.0 ], [ 242032.0, 363998.0 ], [ 242034.0, 363998.0 ], [ 242034.0, 364000.0 ], [ 242036.0, 364000.0 ], [ 242036.0, 364002.0 ], [ 242038.0, 364002.0 ], [ 242038.0, 364004.0 ], [ 242040.0, 364004.0 ], [ 242040.0, 364006.0 ], [ 242042.0, 364006.0 ], [ 242042.0, 364008.0 ], [ 242044.0, 364008.0 ], [ 242044.0, 364010.0 ], [ 242046.0, 364010.0 ], [ 242046.0, 364012.0 ], [ 242048.0, 364012.0 ], [ 242048.0, 364014.0 ], [ 242050.0, 364014.0 ], [ 242050.0, 364018.0 ], [ 242052.0, 364018.0 ], [ 242052.0, 364022.0 ], [ 242054.0, 364022.0 ], [ 242054.0, 364028.0 ], [ 242056.0, 364028.0 ], [ 242056.0, 364036.0 ], [ 242058.0, 364036.0 ], [ 242058.0, 364042.0 ], [ 242060.0, 364042.0 ], [ 242060.0, 364044.0 ], [ 242062.0, 364044.0 ], [ 242062.0, 364048.0 ], [ 242064.0, 364048.0 ], [ 242064.0, 364050.0 ], [ 242066.0, 364050.0 ], [ 242066.0, 364052.0 ], [ 242068.0, 364052.0 ], [ 242068.0, 364056.0 ], [ 242070.0, 364056.0 ], [ 242070.0, 364058.0 ], [ 242072.0, 364058.0 ], [ 242072.0, 364060.0 ], [ 242074.0, 364060.0 ], [ 242074.0, 364064.0 ], [ 242076.0, 364064.0 ], [ 242076.0, 364066.0 ], [ 242078.0, 364066.0 ], [ 242078.0, 364070.0 ], [ 242080.0, 364070.0 ], [ 242080.0, 364072.0 ], [ 242082.0, 364072.0 ], [ 242082.0, 364082.0 ], [ 242084.0, 364082.0 ], [ 242084.0, 364090.0 ], [ 242086.0, 364090.0 ], [ 242086.0, 364094.0 ], [ 242088.0, 364094.0 ], [ 242088.0, 364100.0 ], [ 242090.0, 364100.0 ], [ 242090.0, 364104.0 ], [ 242092.0, 364104.0 ], [ 242092.0, 364108.0 ], [ 242094.0, 364108.0 ], [ 242094.0, 364112.0 ], [ 242096.0, 364112.0 ], [ 242096.0, 364116.0 ], [ 242098.0, 364116.0 ], [ 242098.0, 364120.0 ], [ 242100.0, 364120.0 ], [ 242100.0, 364124.0 ], [ 242102.0, 364124.0 ], [ 242102.0, 364128.0 ], [ 242104.0, 364128.0 ], [ 242104.0, 364132.0 ], [ 242106.0, 364132.0 ], [ 242106.0, 364134.0 ], [ 242108.0, 364134.0 ], [ 242108.0, 364138.0 ], [ 242110.0, 364138.0 ], [ 242110.0, 364140.0 ], [ 242112.0, 364140.0 ], [ 242112.0, 364144.0 ], [ 242114.0, 364144.0 ], [ 242114.0, 364148.0 ], [ 242116.0, 364148.0 ], [ 242116.0, 364150.0 ], [ 242118.0, 364150.0 ], [ 242118.0, 364154.0 ], [ 242120.0, 364154.0 ], [ 242120.0, 364156.0 ], [ 242122.0, 364156.0 ], [ 242122.0, 364158.0 ], [ 242124.0, 364158.0 ], [ 242124.0, 364160.0 ], [ 242126.0, 364160.0 ], [ 242126.0, 364164.0 ], [ 242128.0, 364164.0 ], [ 242128.0, 364166.0 ], [ 242132.0, 364166.0 ], [ 242132.0, 364168.0 ], [ 242134.0, 364168.0 ], [ 242134.0, 364170.0 ], [ 242136.0, 364170.0 ], [ 242136.0, 364172.0 ], [ 242138.0, 364172.0 ], [ 242138.0, 364174.0 ], [ 242140.0, 364174.0 ], [ 242140.0, 364176.0 ], [ 242142.0, 364176.0 ], [ 242142.0, 364178.0 ], [ 242146.0, 364178.0 ], [ 242146.0, 364180.0 ], [ 242148.0, 364180.0 ], [ 242148.0, 364182.0 ], [ 242152.0, 364182.0 ], [ 242152.0, 364184.0 ], [ 242154.0, 364184.0 ], [ 242154.0, 364186.0 ], [ 242156.0, 364186.0 ], [ 242156.0, 364188.0 ], [ 242164.0, 364188.0 ], [ 242164.0, 364190.0 ], [ 242172.0, 364190.0 ], [ 242172.0, 364192.0 ], [ 242178.0, 364192.0 ], [ 242178.0, 364196.0 ], [ 242180.0, 364196.0 ], [ 242180.0, 364198.0 ], [ 242182.0, 364198.0 ], [ 242182.0, 364202.0 ], [ 242184.0, 364202.0 ], [ 242184.0, 364204.0 ], [ 242186.0, 364204.0 ], [ 242186.0, 364208.0 ], [ 242188.0, 364208.0 ], [ 242188.0, 364210.0 ], [ 242190.0, 364210.0 ], [ 242190.0, 364212.0 ], [ 242194.0, 364212.0 ], [ 242194.0, 364210.0 ], [ 242196.0, 364210.0 ], [ 242196.0, 364208.0 ], [ 242198.0, 364208.0 ], [ 242198.0, 364206.0 ], [ 242202.0, 364206.0 ], [ 242202.0, 364204.0 ], [ 242204.0, 364204.0 ], [ 242204.0, 364152.0 ], [ 242202.0, 364152.0 ], [ 242202.0, 364138.0 ], [ 242200.0, 364138.0 ], [ 242200.0, 364134.0 ], [ 242198.0, 364134.0 ], [ 242198.0, 364132.0 ], [ 242196.0, 364132.0 ], [ 242196.0, 364130.0 ], [ 242194.0, 364130.0 ], [ 242194.0, 364128.0 ], [ 242192.0, 364128.0 ], [ 242192.0, 364126.0 ], [ 242188.0, 364126.0 ], [ 242188.0, 364124.0 ], [ 242186.0, 364124.0 ], [ 242186.0, 364122.0 ], [ 242184.0, 364122.0 ], [ 242184.0, 364120.0 ], [ 242182.0, 364120.0 ], [ 242182.0, 364118.0 ], [ 242184.0, 364118.0 ], [ 242184.0, 364090.0 ], [ 242182.0, 364090.0 ], [ 242182.0, 364084.0 ], [ 242180.0, 364084.0 ], [ 242180.0, 364078.0 ], [ 242178.0, 364078.0 ], [ 242178.0, 364074.0 ], [ 242176.0, 364074.0 ], [ 242176.0, 364070.0 ], [ 242174.0, 364070.0 ], [ 242174.0, 364064.0 ], [ 242172.0, 364064.0 ], [ 242172.0, 364056.0 ], [ 242170.0, 364056.0 ], [ 242170.0, 364038.0 ], [ 242180.0, 364038.0 ], [ 242180.0, 364036.0 ], [ 242184.0, 364036.0 ], [ 242184.0, 364034.0 ], [ 242186.0, 364034.0 ], [ 242186.0, 364032.0 ], [ 242188.0, 364032.0 ], [ 242188.0, 364026.0 ], [ 242190.0, 364026.0 ], [ 242190.0, 364018.0 ], [ 242192.0, 364018.0 ], [ 242192.0, 363978.0 ], [ 242194.0, 363978.0 ], [ 242194.0, 363980.0 ], [ 242196.0, 363980.0 ], [ 242196.0, 363982.0 ], [ 242198.0, 363982.0 ], [ 242198.0, 363984.0 ], [ 242200.0, 363984.0 ], [ 242200.0, 363986.0 ], [ 242202.0, 363986.0 ], [ 242202.0, 363988.0 ], [ 242206.0, 363988.0 ], [ 242206.0, 363990.0 ], [ 242262.0, 363990.0 ], [ 242262.0, 363988.0 ], [ 242266.0, 363988.0 ], [ 242266.0, 363986.0 ], [ 242268.0, 363986.0 ], [ 242268.0, 363984.0 ], [ 242270.0, 363984.0 ], [ 242270.0, 363982.0 ], [ 242318.0, 363982.0 ], [ 242318.0, 363984.0 ], [ 242320.0, 363984.0 ], [ 242320.0, 363986.0 ], [ 242322.0, 363986.0 ], [ 242322.0, 363988.0 ], [ 242336.0, 363988.0 ], [ 242336.0, 363990.0 ], [ 242348.0, 363990.0 ], [ 242348.0, 363992.0 ], [ 242350.0, 363992.0 ], [ 242350.0, 364018.0 ], [ 242352.0, 364018.0 ], [ 242352.0, 364020.0 ], [ 242354.0, 364020.0 ], [ 242354.0, 364018.0 ], [ 242356.0, 364018.0 ], [ 242356.0, 364016.0 ], [ 242358.0, 364016.0 ], [ 242358.0, 364012.0 ], [ 242460.0, 364012.0 ], [ 242460.0, 364014.0 ], [ 242462.0, 364014.0 ], [ 242462.0, 364086.0 ], [ 242460.0, 364086.0 ], [ 242460.0, 364090.0 ], [ 242458.0, 364090.0 ], [ 242458.0, 364092.0 ], [ 242456.0, 364092.0 ], [ 242456.0, 364096.0 ], [ 242454.0, 364096.0 ], [ 242454.0, 364100.0 ], [ 242452.0, 364100.0 ], [ 242452.0, 364102.0 ], [ 242450.0, 364102.0 ], [ 242450.0, 364114.0 ], [ 242448.0, 364114.0 ], [ 242448.0, 364122.0 ], [ 242446.0, 364122.0 ], [ 242446.0, 364128.0 ], [ 242444.0, 364128.0 ], [ 242444.0, 364132.0 ], [ 242442.0, 364132.0 ], [ 242442.0, 364144.0 ], [ 242444.0, 364144.0 ], [ 242444.0, 364148.0 ], [ 242446.0, 364148.0 ], [ 242446.0, 364170.0 ], [ 242448.0, 364170.0 ], [ 242448.0, 364174.0 ], [ 242450.0, 364174.0 ], [ 242450.0, 364236.0 ], [ 242452.0, 364236.0 ], [ 242452.0, 364238.0 ], [ 242456.0, 364238.0 ], [ 242456.0, 364236.0 ], [ 242458.0, 364236.0 ], [ 242458.0, 364184.0 ], [ 242460.0, 364184.0 ], [ 242460.0, 364182.0 ], [ 242462.0, 364182.0 ], [ 242462.0, 364180.0 ], [ 242466.0, 364180.0 ], [ 242466.0, 364178.0 ], [ 242482.0, 364178.0 ], [ 242482.0, 364176.0 ], [ 242486.0, 364176.0 ], [ 242486.0, 364174.0 ], [ 242488.0, 364174.0 ], [ 242488.0, 364172.0 ], [ 242490.0, 364172.0 ], [ 242490.0, 364170.0 ], [ 242492.0, 364170.0 ], [ 242492.0, 364168.0 ], [ 242494.0, 364168.0 ], [ 242494.0, 364166.0 ], [ 242496.0, 364166.0 ], [ 242496.0, 364164.0 ], [ 242498.0, 364164.0 ], [ 242498.0, 364160.0 ], [ 242500.0, 364160.0 ], [ 242500.0, 364158.0 ], [ 242502.0, 364158.0 ], [ 242502.0, 364156.0 ], [ 242504.0, 364156.0 ], [ 242504.0, 364154.0 ], [ 242506.0, 364154.0 ], [ 242506.0, 364152.0 ], [ 242508.0, 364152.0 ], [ 242508.0, 364150.0 ], [ 242510.0, 364150.0 ], [ 242510.0, 364148.0 ], [ 242532.0, 364148.0 ], [ 242532.0, 364150.0 ], [ 242536.0, 364150.0 ], [ 242536.0, 364152.0 ], [ 242538.0, 364152.0 ], [ 242538.0, 364154.0 ], [ 242540.0, 364154.0 ], [ 242540.0, 364156.0 ], [ 242542.0, 364156.0 ], [ 242542.0, 364160.0 ], [ 242544.0, 364160.0 ], [ 242544.0, 364162.0 ], [ 242546.0, 364162.0 ], [ 242546.0, 364164.0 ], [ 242548.0, 364164.0 ], [ 242548.0, 364166.0 ], [ 242550.0, 364166.0 ], [ 242550.0, 364168.0 ], [ 242554.0, 364168.0 ], [ 242554.0, 364170.0 ], [ 242566.0, 364170.0 ], [ 242566.0, 364172.0 ], [ 242590.0, 364172.0 ], [ 242590.0, 364174.0 ], [ 242594.0, 364174.0 ], [ 242594.0, 364176.0 ], [ 242596.0, 364176.0 ], [ 242596.0, 364178.0 ], [ 242598.0, 364178.0 ], [ 242598.0, 364180.0 ], [ 242600.0, 364180.0 ], [ 242600.0, 364182.0 ], [ 242602.0, 364182.0 ], [ 242602.0, 364184.0 ], [ 242634.0, 364184.0 ], [ 242634.0, 364182.0 ], [ 242636.0, 364182.0 ], [ 242636.0, 364180.0 ], [ 242638.0, 364180.0 ], [ 242638.0, 364178.0 ], [ 242640.0, 364178.0 ], [ 242640.0, 364176.0 ], [ 242644.0, 364176.0 ], [ 242644.0, 364174.0 ], [ 242646.0, 364174.0 ], [ 242646.0, 364172.0 ], [ 242648.0, 364172.0 ], [ 242648.0, 364170.0 ], [ 242650.0, 364170.0 ], [ 242650.0, 364168.0 ], [ 242652.0, 364168.0 ], [ 242652.0, 364166.0 ], [ 242654.0, 364166.0 ], [ 242654.0, 364164.0 ], [ 242656.0, 364164.0 ], [ 242656.0, 364166.0 ], [ 242686.0, 364166.0 ], [ 242686.0, 364168.0 ], [ 242688.0, 364168.0 ], [ 242688.0, 364170.0 ], [ 242694.0, 364170.0 ], [ 242694.0, 364172.0 ], [ 242698.0, 364172.0 ], [ 242698.0, 364174.0 ], [ 242702.0, 364174.0 ], [ 242702.0, 364176.0 ], [ 242706.0, 364176.0 ], [ 242706.0, 364178.0 ], [ 242708.0, 364178.0 ], [ 242708.0, 364180.0 ], [ 242710.0, 364180.0 ], [ 242710.0, 364182.0 ], [ 242712.0, 364182.0 ], [ 242712.0, 364184.0 ], [ 242714.0, 364184.0 ], [ 242714.0, 364186.0 ], [ 242768.0, 364186.0 ], [ 242768.0, 364188.0 ], [ 242770.0, 364188.0 ], [ 242770.0, 364190.0 ], [ 242774.0, 364190.0 ], [ 242774.0, 364192.0 ], [ 242778.0, 364192.0 ], [ 242778.0, 364194.0 ], [ 242780.0, 364194.0 ], [ 242780.0, 364196.0 ], [ 242784.0, 364196.0 ], [ 242784.0, 364198.0 ], [ 242788.0, 364198.0 ], [ 242788.0, 364196.0 ], [ 242794.0, 364196.0 ], [ 242794.0, 364194.0 ], [ 242802.0, 364194.0 ], [ 242802.0, 364192.0 ], [ 242808.0, 364192.0 ], [ 242808.0, 364190.0 ], [ 242812.0, 364190.0 ], [ 242812.0, 364188.0 ], [ 242814.0, 364188.0 ], [ 242814.0, 364186.0 ], [ 242816.0, 364186.0 ], [ 242816.0, 364184.0 ], [ 242818.0, 364184.0 ], [ 242818.0, 364182.0 ], [ 242820.0, 364182.0 ], [ 242820.0, 364180.0 ], [ 242822.0, 364180.0 ], [ 242822.0, 364176.0 ], [ 242824.0, 364176.0 ], [ 242824.0, 364168.0 ], [ 242826.0, 364168.0 ], [ 242826.0, 364156.0 ], [ 242828.0, 364156.0 ], [ 242828.0, 364136.0 ], [ 242830.0, 364136.0 ], [ 242830.0, 364134.0 ], [ 242832.0, 364134.0 ], [ 242832.0, 364132.0 ], [ 242836.0, 364132.0 ], [ 242836.0, 364130.0 ], [ 242838.0, 364130.0 ], [ 242838.0, 364128.0 ], [ 242840.0, 364128.0 ], [ 242840.0, 364126.0 ], [ 242844.0, 364126.0 ], [ 242844.0, 364128.0 ], [ 242846.0, 364128.0 ], [ 242846.0, 364130.0 ], [ 242850.0, 364130.0 ], [ 242850.0, 364132.0 ], [ 242852.0, 364132.0 ], [ 242852.0, 364134.0 ], [ 242856.0, 364134.0 ], [ 242856.0, 364136.0 ], [ 242860.0, 364136.0 ], [ 242860.0, 364138.0 ], [ 242864.0, 364138.0 ], [ 242864.0, 364140.0 ], [ 242868.0, 364140.0 ], [ 242868.0, 364142.0 ], [ 242872.0, 364142.0 ], [ 242872.0, 364144.0 ], [ 242876.0, 364144.0 ], [ 242876.0, 364146.0 ], [ 242886.0, 364146.0 ], [ 242886.0, 364148.0 ], [ 242896.0, 364148.0 ], [ 242896.0, 364146.0 ], [ 242900.0, 364146.0 ], [ 242900.0, 364144.0 ], [ 242902.0, 364144.0 ], [ 242902.0, 364142.0 ], [ 242904.0, 364142.0 ], [ 242904.0, 364138.0 ], [ 242906.0, 364138.0 ], [ 242906.0, 364134.0 ], [ 242908.0, 364134.0 ], [ 242908.0, 364130.0 ], [ 242910.0, 364130.0 ], [ 242910.0, 364126.0 ], [ 242912.0, 364126.0 ], [ 242912.0, 364122.0 ], [ 242914.0, 364122.0 ], [ 242914.0, 364118.0 ], [ 242916.0, 364118.0 ], [ 242916.0, 364116.0 ], [ 242918.0, 364116.0 ], [ 242918.0, 364112.0 ], [ 242920.0, 364112.0 ], [ 242920.0, 364106.0 ], [ 242922.0, 364106.0 ], [ 242922.0, 364104.0 ], [ 242924.0, 364104.0 ], [ 242924.0, 364094.0 ], [ 242926.0, 364094.0 ], [ 242926.0, 364076.0 ], [ 242928.0, 364076.0 ], [ 242928.0, 364078.0 ], [ 242946.0, 364078.0 ], [ 242946.0, 364076.0 ], [ 242950.0, 364076.0 ], [ 242950.0, 364074.0 ], [ 242952.0, 364074.0 ], [ 242952.0, 364070.0 ], [ 242954.0, 364070.0 ], [ 242954.0, 364026.0 ], [ 242986.0, 364026.0 ], [ 242986.0, 364022.0 ], [ 242954.0, 364022.0 ], [ 242954.0, 364020.0 ], [ 242952.0, 364020.0 ], [ 242952.0, 364022.0 ], [ 242950.0, 364022.0 ], [ 242950.0, 364070.0 ], [ 242948.0, 364070.0 ], [ 242948.0, 364072.0 ], [ 242946.0, 364072.0 ], [ 242946.0, 364074.0 ], [ 242928.0, 364074.0 ], [ 242928.0, 364072.0 ], [ 242926.0, 364072.0 ], [ 242926.0, 364070.0 ], [ 242924.0, 364070.0 ], [ 242924.0, 364068.0 ], [ 242922.0, 364068.0 ], [ 242922.0, 364066.0 ], [ 242920.0, 364066.0 ], [ 242920.0, 364064.0 ], [ 242918.0, 364064.0 ], [ 242918.0, 364062.0 ], [ 242916.0, 364062.0 ], [ 242916.0, 364060.0 ], [ 242912.0, 364060.0 ], [ 242912.0, 364058.0 ], [ 242910.0, 364058.0 ], [ 242910.0, 364056.0 ], [ 242908.0, 364056.0 ], [ 242908.0, 364054.0 ], [ 242906.0, 364054.0 ], [ 242906.0, 364052.0 ], [ 242904.0, 364052.0 ], [ 242904.0, 364050.0 ], [ 242902.0, 364050.0 ], [ 242902.0, 364048.0 ], [ 242900.0, 364048.0 ], [ 242900.0, 364046.0 ], [ 242898.0, 364046.0 ], [ 242898.0, 364044.0 ], [ 242896.0, 364044.0 ], [ 242896.0, 364042.0 ], [ 242894.0, 364042.0 ], [ 242894.0, 364040.0 ], [ 242892.0, 364040.0 ], [ 242892.0, 364038.0 ], [ 242862.0, 364038.0 ], [ 242862.0, 364040.0 ], [ 242860.0, 364040.0 ], [ 242860.0, 364042.0 ], [ 242858.0, 364042.0 ], [ 242858.0, 364046.0 ], [ 242856.0, 364046.0 ], [ 242856.0, 364050.0 ], [ 242854.0, 364050.0 ], [ 242854.0, 364056.0 ], [ 242852.0, 364056.0 ], [ 242852.0, 364060.0 ], [ 242850.0, 364060.0 ], [ 242850.0, 364064.0 ], [ 242848.0, 364064.0 ], [ 242848.0, 364078.0 ], [ 242846.0, 364078.0 ], [ 242846.0, 364072.0 ], [ 242844.0, 364072.0 ], [ 242844.0, 364066.0 ], [ 242842.0, 364066.0 ], [ 242842.0, 364064.0 ], [ 242840.0, 364064.0 ], [ 242840.0, 364062.0 ], [ 242836.0, 364062.0 ], [ 242836.0, 364060.0 ], [ 242830.0, 364060.0 ], [ 242830.0, 364058.0 ], [ 242826.0, 364058.0 ], [ 242826.0, 364056.0 ], [ 242820.0, 364056.0 ], [ 242820.0, 364054.0 ], [ 242814.0, 364054.0 ], [ 242814.0, 364056.0 ], [ 242810.0, 364056.0 ], [ 242810.0, 364058.0 ], [ 242806.0, 364058.0 ], [ 242806.0, 364060.0 ], [ 242802.0, 364060.0 ], [ 242802.0, 364062.0 ], [ 242798.0, 364062.0 ], [ 242798.0, 364064.0 ], [ 242796.0, 364064.0 ], [ 242796.0, 364066.0 ], [ 242794.0, 364066.0 ], [ 242794.0, 364068.0 ], [ 242792.0, 364068.0 ], [ 242792.0, 364070.0 ], [ 242790.0, 364070.0 ], [ 242790.0, 364076.0 ], [ 242788.0, 364076.0 ], [ 242788.0, 364104.0 ], [ 242790.0, 364104.0 ], [ 242790.0, 364106.0 ], [ 242792.0, 364106.0 ], [ 242792.0, 364110.0 ], [ 242794.0, 364110.0 ], [ 242794.0, 364116.0 ], [ 242796.0, 364116.0 ], [ 242796.0, 364122.0 ], [ 242798.0, 364122.0 ], [ 242798.0, 364124.0 ], [ 242800.0, 364124.0 ], [ 242800.0, 364126.0 ], [ 242802.0, 364126.0 ], [ 242802.0, 364128.0 ], [ 242806.0, 364128.0 ], [ 242806.0, 364130.0 ], [ 242810.0, 364130.0 ], [ 242810.0, 364132.0 ], [ 242814.0, 364132.0 ], [ 242814.0, 364134.0 ], [ 242824.0, 364134.0 ], [ 242824.0, 364156.0 ], [ 242822.0, 364156.0 ], [ 242822.0, 364168.0 ], [ 242820.0, 364168.0 ], [ 242820.0, 364176.0 ], [ 242818.0, 364176.0 ], [ 242818.0, 364180.0 ], [ 242816.0, 364180.0 ], [ 242816.0, 364182.0 ], [ 242814.0, 364182.0 ], [ 242814.0, 364184.0 ], [ 242812.0, 364184.0 ], [ 242812.0, 364186.0 ], [ 242808.0, 364186.0 ], [ 242808.0, 364188.0 ], [ 242802.0, 364188.0 ], [ 242802.0, 364190.0 ], [ 242794.0, 364190.0 ], [ 242794.0, 364192.0 ], [ 242788.0, 364192.0 ], [ 242788.0, 364194.0 ], [ 242784.0, 364194.0 ], [ 242784.0, 364192.0 ], [ 242780.0, 364192.0 ], [ 242780.0, 364190.0 ], [ 242778.0, 364190.0 ], [ 242778.0, 364188.0 ], [ 242774.0, 364188.0 ], [ 242774.0, 364186.0 ], [ 242770.0, 364186.0 ], [ 242770.0, 364184.0 ], [ 242768.0, 364184.0 ], [ 242768.0, 364182.0 ], [ 242714.0, 364182.0 ], [ 242714.0, 364180.0 ], [ 242712.0, 364180.0 ], [ 242712.0, 364178.0 ], [ 242710.0, 364178.0 ], [ 242710.0, 364176.0 ], [ 242708.0, 364176.0 ], [ 242708.0, 364174.0 ], [ 242706.0, 364174.0 ], [ 242706.0, 364172.0 ], [ 242702.0, 364172.0 ], [ 242702.0, 364170.0 ], [ 242698.0, 364170.0 ], [ 242698.0, 364168.0 ], [ 242694.0, 364168.0 ], [ 242694.0, 364166.0 ], [ 242688.0, 364166.0 ], [ 242688.0, 364164.0 ], [ 242686.0, 364164.0 ], [ 242686.0, 364162.0 ], [ 242656.0, 364162.0 ], [ 242656.0, 364160.0 ], [ 242654.0, 364160.0 ], [ 242654.0, 364162.0 ], [ 242652.0, 364162.0 ], [ 242652.0, 364164.0 ], [ 242650.0, 364164.0 ], [ 242650.0, 364166.0 ], [ 242648.0, 364166.0 ], [ 242648.0, 364168.0 ], [ 242646.0, 364168.0 ], [ 242646.0, 364170.0 ], [ 242644.0, 364170.0 ], [ 242644.0, 364172.0 ], [ 242640.0, 364172.0 ], [ 242640.0, 364174.0 ], [ 242638.0, 364174.0 ], [ 242638.0, 364176.0 ], [ 242636.0, 364176.0 ], [ 242636.0, 364178.0 ], [ 242634.0, 364178.0 ], [ 242634.0, 364180.0 ], [ 242602.0, 364180.0 ], [ 242602.0, 364178.0 ], [ 242600.0, 364178.0 ], [ 242600.0, 364176.0 ], [ 242598.0, 364176.0 ], [ 242598.0, 364174.0 ], [ 242596.0, 364174.0 ], [ 242596.0, 364172.0 ], [ 242594.0, 364172.0 ], [ 242594.0, 364170.0 ], [ 242590.0, 364170.0 ], [ 242590.0, 364168.0 ], [ 242566.0, 364168.0 ], [ 242566.0, 364166.0 ], [ 242554.0, 364166.0 ], [ 242554.0, 364164.0 ], [ 242550.0, 364164.0 ], [ 242550.0, 364162.0 ], [ 242548.0, 364162.0 ], [ 242548.0, 364160.0 ], [ 242546.0, 364160.0 ], [ 242546.0, 364156.0 ], [ 242544.0, 364156.0 ], [ 242544.0, 364154.0 ], [ 242542.0, 364154.0 ], [ 242542.0, 364152.0 ], [ 242540.0, 364152.0 ], [ 242540.0, 364150.0 ], [ 242538.0, 364150.0 ], [ 242538.0, 364148.0 ], [ 242536.0, 364148.0 ], [ 242536.0, 364146.0 ], [ 242532.0, 364146.0 ], [ 242532.0, 364144.0 ], [ 242508.0, 364144.0 ], [ 242508.0, 364146.0 ], [ 242506.0, 364146.0 ], [ 242506.0, 364150.0 ], [ 242504.0, 364150.0 ], [ 242504.0, 364152.0 ], [ 242502.0, 364152.0 ], [ 242502.0, 364154.0 ], [ 242500.0, 364154.0 ], [ 242500.0, 364156.0 ], [ 242498.0, 364156.0 ], [ 242498.0, 364158.0 ], [ 242496.0, 364158.0 ], [ 242496.0, 364160.0 ], [ 242494.0, 364160.0 ], [ 242494.0, 364164.0 ], [ 242492.0, 364164.0 ], [ 242492.0, 364166.0 ], [ 242490.0, 364166.0 ], [ 242490.0, 364168.0 ], [ 242488.0, 364168.0 ], [ 242488.0, 364170.0 ], [ 242486.0, 364170.0 ], [ 242486.0, 364172.0 ], [ 242482.0, 364172.0 ], [ 242482.0, 364174.0 ], [ 242466.0, 364174.0 ], [ 242466.0, 364176.0 ], [ 242462.0, 364176.0 ], [ 242462.0, 364178.0 ], [ 242458.0, 364178.0 ], [ 242458.0, 364180.0 ], [ 242456.0, 364180.0 ], [ 242456.0, 364184.0 ], [ 242454.0, 364184.0 ], [ 242454.0, 364174.0 ], [ 242452.0, 364174.0 ], [ 242452.0, 364170.0 ], [ 242450.0, 364170.0 ], [ 242450.0, 364148.0 ], [ 242448.0, 364148.0 ], [ 242448.0, 364144.0 ], [ 242446.0, 364144.0 ], [ 242446.0, 364132.0 ], [ 242448.0, 364132.0 ], [ 242448.0, 364128.0 ], [ 242450.0, 364128.0 ], [ 242450.0, 364122.0 ], [ 242452.0, 364122.0 ], [ 242452.0, 364114.0 ], [ 242454.0, 364114.0 ], [ 242454.0, 364102.0 ], [ 242456.0, 364102.0 ], [ 242456.0, 364100.0 ], [ 242458.0, 364100.0 ], [ 242458.0, 364096.0 ], [ 242460.0, 364096.0 ], [ 242460.0, 364092.0 ], [ 242462.0, 364092.0 ], [ 242462.0, 364090.0 ], [ 242464.0, 364090.0 ], [ 242464.0, 364086.0 ], [ 242466.0, 364086.0 ], [ 242466.0, 364014.0 ], [ 242464.0, 364014.0 ], [ 242464.0, 364012.0 ], [ 242462.0, 364012.0 ], [ 242462.0, 364010.0 ], [ 242460.0, 364010.0 ], [ 242460.0, 364008.0 ], [ 242462.0, 364008.0 ], [ 242462.0, 364006.0 ], [ 242464.0, 364006.0 ], [ 242464.0, 364004.0 ], [ 242466.0, 364004.0 ], [ 242466.0, 364002.0 ], [ 242468.0, 364002.0 ], [ 242468.0, 364000.0 ], [ 242470.0, 364000.0 ], [ 242470.0, 363998.0 ], [ 242472.0, 363998.0 ], [ 242472.0, 363996.0 ], [ 242474.0, 363996.0 ], [ 242474.0, 363992.0 ], [ 242476.0, 363992.0 ], [ 242476.0, 363990.0 ], [ 242478.0, 363990.0 ], [ 242478.0, 363986.0 ], [ 242480.0, 363986.0 ], [ 242480.0, 363980.0 ], [ 242482.0, 363980.0 ], [ 242482.0, 363974.0 ], [ 242484.0, 363974.0 ], [ 242484.0, 363968.0 ], [ 242486.0, 363968.0 ], [ 242486.0, 363962.0 ], [ 242488.0, 363962.0 ], [ 242488.0, 363958.0 ], [ 242490.0, 363958.0 ], [ 242490.0, 363954.0 ], [ 242492.0, 363954.0 ], [ 242492.0, 363952.0 ], [ 242494.0, 363952.0 ], [ 242494.0, 363948.0 ], [ 242496.0, 363948.0 ], [ 242496.0, 363944.0 ], [ 242498.0, 363944.0 ], [ 242498.0, 363888.0 ], [ 242496.0, 363888.0 ], [ 242496.0, 363884.0 ], [ 242494.0, 363884.0 ], [ 242494.0, 363858.0 ], [ 242512.0, 363858.0 ], [ 242512.0, 363856.0 ], [ 242514.0, 363856.0 ], [ 242514.0, 363854.0 ], [ 242516.0, 363854.0 ], [ 242516.0, 363852.0 ], [ 242520.0, 363852.0 ], [ 242520.0, 363850.0 ], [ 242522.0, 363850.0 ], [ 242522.0, 363848.0 ], [ 242526.0, 363848.0 ], [ 242526.0, 363846.0 ], [ 242528.0, 363846.0 ], [ 242528.0, 363844.0 ], [ 242530.0, 363844.0 ], [ 242530.0, 363842.0 ], [ 242534.0, 363842.0 ], [ 242534.0, 363840.0 ], [ 242536.0, 363840.0 ], [ 242536.0, 363838.0 ], [ 242538.0, 363838.0 ], [ 242538.0, 363836.0 ], [ 242540.0, 363836.0 ], [ 242540.0, 363834.0 ], [ 242542.0, 363834.0 ], [ 242542.0, 363830.0 ], [ 242544.0, 363830.0 ], [ 242544.0, 363828.0 ], [ 242546.0, 363828.0 ], [ 242546.0, 363822.0 ], [ 242548.0, 363822.0 ], [ 242548.0, 363816.0 ], [ 242550.0, 363816.0 ], [ 242550.0, 363808.0 ], [ 242552.0, 363808.0 ], [ 242552.0, 363800.0 ], [ 242554.0, 363800.0 ], [ 242554.0, 363772.0 ], [ 242586.0, 363772.0 ], [ 242586.0, 363770.0 ], [ 242614.0, 363770.0 ], [ 242614.0, 363768.0 ], [ 242616.0, 363768.0 ], [ 242616.0, 363766.0 ], [ 242618.0, 363766.0 ], [ 242618.0, 363760.0 ], [ 242620.0, 363760.0 ], [ 242620.0, 363750.0 ], [ 242622.0, 363750.0 ], [ 242622.0, 363744.0 ], [ 242674.0, 363744.0 ], [ 242674.0, 363746.0 ], [ 242708.0, 363746.0 ], [ 242708.0, 363744.0 ], [ 242710.0, 363744.0 ], [ 242710.0, 363748.0 ], [ 242712.0, 363748.0 ], [ 242712.0, 363750.0 ], [ 242754.0, 363750.0 ], [ 242754.0, 363752.0 ], [ 242760.0, 363752.0 ], [ 242760.0, 363754.0 ], [ 242764.0, 363754.0 ], [ 242764.0, 363756.0 ], [ 242772.0, 363756.0 ], [ 242772.0, 363758.0 ], [ 242798.0, 363758.0 ], [ 242798.0, 363756.0 ], [ 242800.0, 363756.0 ], [ 242800.0, 363754.0 ], [ 242802.0, 363754.0 ], [ 242802.0, 363752.0 ], [ 242804.0, 363752.0 ], [ 242804.0, 363748.0 ], [ 242806.0, 363748.0 ], [ 242806.0, 363742.0 ], [ 242808.0, 363742.0 ], [ 242808.0, 363736.0 ], [ 242810.0, 363736.0 ], [ 242810.0, 363718.0 ], [ 242812.0, 363718.0 ], [ 242812.0, 363716.0 ], [ 242814.0, 363716.0 ], [ 242814.0, 363714.0 ], [ 242816.0, 363714.0 ], [ 242816.0, 363710.0 ], [ 242818.0, 363710.0 ], [ 242818.0, 363708.0 ], [ 242820.0, 363708.0 ], [ 242820.0, 363706.0 ], [ 242822.0, 363706.0 ], [ 242822.0, 363702.0 ], [ 242824.0, 363702.0 ], [ 242824.0, 363698.0 ], [ 242826.0, 363698.0 ], [ 242826.0, 363694.0 ], [ 242828.0, 363694.0 ], [ 242828.0, 363692.0 ], [ 242830.0, 363692.0 ], [ 242830.0, 363688.0 ], [ 242832.0, 363688.0 ], [ 242832.0, 363684.0 ], [ 242834.0, 363684.0 ], [ 242834.0, 363672.0 ], [ 242836.0, 363672.0 ], [ 242836.0, 363662.0 ], [ 242838.0, 363662.0 ], [ 242838.0, 363642.0 ], [ 242840.0, 363642.0 ], [ 242840.0, 363638.0 ], [ 242842.0, 363638.0 ], [ 242842.0, 363614.0 ], [ 242840.0, 363614.0 ], [ 242840.0, 363608.0 ], [ 242838.0, 363608.0 ], [ 242838.0, 363606.0 ], [ 242836.0, 363606.0 ], [ 242836.0, 363602.0 ], [ 242834.0, 363602.0 ], [ 242834.0, 363600.0 ], [ 242832.0, 363600.0 ], [ 242832.0, 363596.0 ], [ 242830.0, 363596.0 ], [ 242830.0, 363594.0 ], [ 242828.0, 363594.0 ], [ 242828.0, 363592.0 ], [ 242826.0, 363592.0 ], [ 242826.0, 363588.0 ], [ 242824.0, 363588.0 ], [ 242824.0, 363586.0 ], [ 242822.0, 363586.0 ], [ 242822.0, 363580.0 ], [ 242820.0, 363580.0 ], [ 242820.0, 363576.0 ], [ 242818.0, 363576.0 ], [ 242818.0, 363574.0 ], [ 242816.0, 363574.0 ], [ 242816.0, 363570.0 ], [ 242814.0, 363570.0 ], [ 242814.0, 363566.0 ], [ 242812.0, 363566.0 ], [ 242812.0, 363562.0 ], [ 242810.0, 363562.0 ], [ 242810.0, 363558.0 ], [ 242808.0, 363558.0 ], [ 242808.0, 363556.0 ], [ 242806.0, 363556.0 ], [ 242806.0, 363552.0 ], [ 242804.0, 363552.0 ], [ 242804.0, 363548.0 ], [ 242802.0, 363548.0 ], [ 242802.0, 363544.0 ], [ 242800.0, 363544.0 ], [ 242800.0, 363542.0 ], [ 242798.0, 363542.0 ], [ 242798.0, 363538.0 ], [ 242796.0, 363538.0 ], [ 242796.0, 363534.0 ], [ 242794.0, 363534.0 ], [ 242794.0, 363530.0 ], [ 242792.0, 363530.0 ], [ 242792.0, 363528.0 ], [ 242790.0, 363528.0 ], [ 242790.0, 363526.0 ], [ 242788.0, 363526.0 ], [ 242788.0, 363524.0 ], [ 242786.0, 363524.0 ], [ 242786.0, 363520.0 ], [ 242784.0, 363520.0 ], [ 242784.0, 363518.0 ], [ 242782.0, 363518.0 ], [ 242782.0, 363514.0 ], [ 242780.0, 363514.0 ], [ 242780.0, 363512.0 ], [ 242778.0, 363512.0 ], [ 242778.0, 363508.0 ], [ 242776.0, 363508.0 ], [ 242776.0, 363506.0 ], [ 242774.0, 363506.0 ], [ 242774.0, 363504.0 ], [ 242772.0, 363504.0 ], [ 242772.0, 363502.0 ], [ 242770.0, 363502.0 ], [ 242770.0, 363500.0 ], [ 242768.0, 363500.0 ], [ 242768.0, 363498.0 ], [ 242766.0, 363498.0 ], [ 242766.0, 363496.0 ], [ 242764.0, 363496.0 ], [ 242764.0, 363492.0 ], [ 242762.0, 363492.0 ], [ 242762.0, 363490.0 ], [ 242760.0, 363490.0 ], [ 242760.0, 363488.0 ], [ 242758.0, 363488.0 ], [ 242758.0, 363486.0 ], [ 242756.0, 363486.0 ], [ 242756.0, 363482.0 ], [ 242754.0, 363482.0 ], [ 242754.0, 363480.0 ], [ 242752.0, 363480.0 ], [ 242752.0, 363476.0 ], [ 242750.0, 363476.0 ], [ 242750.0, 363472.0 ], [ 242748.0, 363472.0 ], [ 242748.0, 363468.0 ], [ 242746.0, 363468.0 ], [ 242746.0, 363464.0 ], [ 242744.0, 363464.0 ], [ 242744.0, 363460.0 ], [ 242742.0, 363460.0 ], [ 242742.0, 363456.0 ], [ 242740.0, 363456.0 ], [ 242740.0, 363452.0 ], [ 242738.0, 363452.0 ], [ 242738.0, 363446.0 ], [ 242736.0, 363446.0 ], [ 242736.0, 363412.0 ], [ 242738.0, 363412.0 ], [ 242738.0, 363410.0 ], [ 242740.0, 363410.0 ], [ 242740.0, 363406.0 ], [ 242742.0, 363406.0 ], [ 242742.0, 363404.0 ], [ 242744.0, 363404.0 ], [ 242744.0, 363402.0 ], [ 242746.0, 363402.0 ], [ 242746.0, 363400.0 ], [ 242744.0, 363400.0 ], [ 242744.0, 363398.0 ], [ 242742.0, 363398.0 ], [ 242742.0, 363396.0 ], [ 242740.0, 363396.0 ], [ 242740.0, 363394.0 ], [ 242738.0, 363394.0 ], [ 242738.0, 363392.0 ], [ 242714.0, 363392.0 ], [ 242714.0, 363390.0 ], [ 242710.0, 363390.0 ], [ 242710.0, 363388.0 ], [ 242706.0, 363388.0 ], [ 242706.0, 363386.0 ], [ 242702.0, 363386.0 ], [ 242702.0, 363384.0 ], [ 242698.0, 363384.0 ], [ 242698.0, 363382.0 ], [ 242696.0, 363382.0 ], [ 242696.0, 363380.0 ], [ 242694.0, 363380.0 ], [ 242694.0, 363378.0 ], [ 242692.0, 363378.0 ], [ 242692.0, 363376.0 ], [ 242690.0, 363376.0 ], [ 242690.0, 363372.0 ], [ 242688.0, 363372.0 ], [ 242688.0, 363370.0 ], [ 242686.0, 363370.0 ], [ 242686.0, 363368.0 ], [ 242684.0, 363368.0 ], [ 242684.0, 363364.0 ], [ 242682.0, 363364.0 ], [ 242682.0, 363362.0 ], [ 242680.0, 363362.0 ], [ 242680.0, 363358.0 ], [ 242678.0, 363358.0 ], [ 242678.0, 363356.0 ], [ 242676.0, 363356.0 ], [ 242676.0, 363352.0 ], [ 242674.0, 363352.0 ], [ 242674.0, 363348.0 ], [ 242672.0, 363348.0 ], [ 242672.0, 363346.0 ], [ 242670.0, 363346.0 ], [ 242670.0, 363342.0 ], [ 242668.0, 363342.0 ], [ 242668.0, 363338.0 ], [ 242666.0, 363338.0 ], [ 242666.0, 363332.0 ], [ 242664.0, 363332.0 ], [ 242664.0, 363328.0 ], [ 242662.0, 363328.0 ], [ 242662.0, 363324.0 ], [ 242660.0, 363324.0 ], [ 242660.0, 363320.0 ], [ 242658.0, 363320.0 ], [ 242658.0, 363316.0 ], [ 242656.0, 363316.0 ], [ 242656.0, 363314.0 ], [ 242654.0, 363314.0 ], [ 242654.0, 363312.0 ], [ 242652.0, 363312.0 ], [ 242652.0, 363308.0 ], [ 242650.0, 363308.0 ], [ 242650.0, 363304.0 ], [ 242648.0, 363304.0 ], [ 242648.0, 363298.0 ], [ 242646.0, 363298.0 ], [ 242646.0, 363290.0 ], [ 242644.0, 363290.0 ], [ 242644.0, 363284.0 ], [ 242642.0, 363284.0 ], [ 242642.0, 363280.0 ], [ 242640.0, 363280.0 ], [ 242640.0, 363276.0 ], [ 242638.0, 363276.0 ], [ 242638.0, 363272.0 ], [ 242636.0, 363272.0 ], [ 242636.0, 363266.0 ], [ 242634.0, 363266.0 ], [ 242634.0, 363262.0 ], [ 242632.0, 363262.0 ], [ 242632.0, 363258.0 ], [ 242630.0, 363258.0 ], [ 242630.0, 363254.0 ], [ 242628.0, 363254.0 ], [ 242628.0, 363252.0 ], [ 242626.0, 363252.0 ], [ 242626.0, 363244.0 ], [ 242628.0, 363244.0 ], [ 242628.0, 363240.0 ], [ 242630.0, 363240.0 ], [ 242630.0, 363236.0 ], [ 242632.0, 363236.0 ], [ 242632.0, 363234.0 ], [ 242634.0, 363234.0 ], [ 242634.0, 363232.0 ], [ 242638.0, 363232.0 ], [ 242638.0, 363230.0 ], [ 242640.0, 363230.0 ], [ 242640.0, 363174.0 ], [ 242638.0, 363174.0 ], [ 242638.0, 363170.0 ], [ 242636.0, 363170.0 ], [ 242636.0, 363166.0 ], [ 242634.0, 363166.0 ], [ 242634.0, 363164.0 ], [ 242632.0, 363164.0 ], [ 242632.0, 363162.0 ], [ 242630.0, 363162.0 ], [ 242630.0, 363160.0 ], [ 242628.0, 363160.0 ], [ 242628.0, 363156.0 ], [ 242626.0, 363156.0 ], [ 242626.0, 363154.0 ], [ 242624.0, 363154.0 ], [ 242624.0, 363152.0 ], [ 242622.0, 363152.0 ], [ 242622.0, 363148.0 ], [ 242620.0, 363148.0 ], [ 242620.0, 363144.0 ], [ 242618.0, 363144.0 ], [ 242618.0, 363140.0 ], [ 242616.0, 363140.0 ], [ 242616.0, 363134.0 ], [ 242614.0, 363134.0 ], [ 242614.0, 363126.0 ], [ 242612.0, 363126.0 ], [ 242612.0, 363118.0 ], [ 242610.0, 363118.0 ], [ 242610.0, 363112.0 ], [ 242608.0, 363112.0 ], [ 242608.0, 363106.0 ], [ 242606.0, 363106.0 ], [ 242606.0, 363102.0 ], [ 242604.0, 363102.0 ], [ 242604.0, 363098.0 ], [ 242602.0, 363098.0 ], [ 242602.0, 363092.0 ], [ 242600.0, 363092.0 ], [ 242600.0, 363074.0 ], [ 242598.0, 363074.0 ], [ 242598.0, 363068.0 ], [ 242596.0, 363068.0 ], [ 242596.0, 363066.0 ], [ 242594.0, 363066.0 ], [ 242594.0, 363064.0 ], [ 242592.0, 363064.0 ], [ 242592.0, 363062.0 ], [ 242588.0, 363062.0 ], [ 242588.0, 363060.0 ], [ 242584.0, 363060.0 ], [ 242584.0, 363058.0 ], [ 242580.0, 363058.0 ], [ 242580.0, 363056.0 ], [ 242578.0, 363056.0 ], [ 242578.0, 363052.0 ], [ 242576.0, 363052.0 ], [ 242576.0, 363048.0 ], [ 242574.0, 363048.0 ], [ 242574.0, 363044.0 ], [ 242572.0, 363044.0 ], [ 242572.0, 363040.0 ], [ 242570.0, 363040.0 ], [ 242570.0, 363028.0 ], [ 242568.0, 363028.0 ], [ 242568.0, 363022.0 ], [ 242566.0, 363022.0 ], [ 242566.0, 363018.0 ], [ 242564.0, 363018.0 ], [ 242564.0, 363016.0 ], [ 242562.0, 363016.0 ], [ 242562.0, 363012.0 ], [ 242560.0, 363012.0 ], [ 242560.0, 363010.0 ], [ 242558.0, 363010.0 ], [ 242558.0, 363008.0 ], [ 242556.0, 363008.0 ], [ 242556.0, 363004.0 ], [ 242554.0, 363004.0 ], [ 242554.0, 363002.0 ], [ 242552.0, 363002.0 ], [ 242552.0, 363000.0 ], [ 242550.0, 363000.0 ], [ 242550.0, 362996.0 ], [ 242548.0, 362996.0 ], [ 242548.0, 362990.0 ], [ 242550.0, 362990.0 ], [ 242550.0, 362984.0 ], [ 242552.0, 362984.0 ], [ 242552.0, 362974.0 ], [ 242554.0, 362974.0 ], [ 242554.0, 362954.0 ], [ 242552.0, 362954.0 ], [ 242552.0, 362952.0 ], [ 242550.0, 362952.0 ], [ 242550.0, 362948.0 ], [ 242548.0, 362948.0 ], [ 242548.0, 362946.0 ], [ 242546.0, 362946.0 ], [ 242546.0, 362944.0 ], [ 242544.0, 362944.0 ], [ 242544.0, 362938.0 ], [ 242542.0, 362938.0 ], [ 242542.0, 362858.0 ], [ 242546.0, 362858.0 ], [ 242546.0, 362860.0 ], [ 242592.0, 362860.0 ], [ 242592.0, 362862.0 ], [ 242602.0, 362862.0 ], [ 242602.0, 362864.0 ], [ 242614.0, 362864.0 ], [ 242614.0, 362866.0 ], [ 242618.0, 362866.0 ], [ 242618.0, 362868.0 ], [ 242622.0, 362868.0 ], [ 242622.0, 362866.0 ], [ 242624.0, 362866.0 ], [ 242624.0, 362806.0 ], [ 242622.0, 362806.0 ], [ 242622.0, 362802.0 ], [ 242620.0, 362802.0 ], [ 242620.0, 362800.0 ], [ 242618.0, 362800.0 ], [ 242618.0, 362798.0 ], [ 242616.0, 362798.0 ], [ 242616.0, 362796.0 ], [ 242614.0, 362796.0 ], [ 242614.0, 362794.0 ], [ 242612.0, 362794.0 ], [ 242612.0, 362790.0 ], [ 242610.0, 362790.0 ], [ 242610.0, 362788.0 ], [ 242608.0, 362788.0 ], [ 242608.0, 362786.0 ], [ 242606.0, 362786.0 ], [ 242606.0, 362784.0 ], [ 242604.0, 362784.0 ], [ 242604.0, 362780.0 ], [ 242602.0, 362780.0 ], [ 242602.0, 362776.0 ], [ 242600.0, 362776.0 ], [ 242600.0, 362774.0 ], [ 242598.0, 362774.0 ], [ 242598.0, 362770.0 ], [ 242596.0, 362770.0 ], [ 242596.0, 362764.0 ], [ 242594.0, 362764.0 ], [ 242594.0, 362760.0 ], [ 242592.0, 362760.0 ], [ 242592.0, 362756.0 ], [ 242590.0, 362756.0 ], [ 242590.0, 362750.0 ], [ 242588.0, 362750.0 ], [ 242588.0, 362746.0 ], [ 242586.0, 362746.0 ], [ 242586.0, 362742.0 ], [ 242584.0, 362742.0 ], [ 242584.0, 362738.0 ], [ 242582.0, 362738.0 ], [ 242582.0, 362736.0 ], [ 242580.0, 362736.0 ], [ 242580.0, 362732.0 ], [ 242578.0, 362732.0 ], [ 242578.0, 362728.0 ], [ 242576.0, 362728.0 ], [ 242576.0, 362724.0 ], [ 242574.0, 362724.0 ], [ 242574.0, 362720.0 ], [ 242572.0, 362720.0 ], [ 242572.0, 362716.0 ], [ 242570.0, 362716.0 ], [ 242570.0, 362712.0 ], [ 242568.0, 362712.0 ], [ 242568.0, 362710.0 ], [ 242566.0, 362710.0 ], [ 242566.0, 362708.0 ], [ 242564.0, 362708.0 ], [ 242564.0, 362704.0 ], [ 242562.0, 362704.0 ], [ 242562.0, 362702.0 ], [ 242560.0, 362702.0 ], [ 242560.0, 362700.0 ], [ 242558.0, 362700.0 ], [ 242558.0, 362698.0 ], [ 242556.0, 362698.0 ], [ 242556.0, 362696.0 ], [ 242554.0, 362696.0 ], [ 242554.0, 362694.0 ], [ 242550.0, 362694.0 ], [ 242550.0, 362692.0 ], [ 242548.0, 362692.0 ], [ 242548.0, 362690.0 ], [ 242546.0, 362690.0 ], [ 242546.0, 362688.0 ], [ 242544.0, 362688.0 ], [ 242544.0, 362686.0 ], [ 242542.0, 362686.0 ], [ 242542.0, 362684.0 ], [ 242540.0, 362684.0 ], [ 242540.0, 362682.0 ], [ 242538.0, 362682.0 ], [ 242538.0, 362678.0 ], [ 242536.0, 362678.0 ], [ 242536.0, 362676.0 ], [ 242534.0, 362676.0 ], [ 242534.0, 362674.0 ], [ 242532.0, 362674.0 ], [ 242532.0, 362670.0 ], [ 242530.0, 362670.0 ], [ 242530.0, 362668.0 ], [ 242528.0, 362668.0 ], [ 242528.0, 362664.0 ], [ 242526.0, 362664.0 ], [ 242526.0, 362660.0 ], [ 242524.0, 362660.0 ], [ 242524.0, 362654.0 ], [ 242522.0, 362654.0 ], [ 242522.0, 362640.0 ], [ 242520.0, 362640.0 ], [ 242520.0, 362634.0 ], [ 242518.0, 362634.0 ], [ 242518.0, 362628.0 ], [ 242516.0, 362628.0 ], [ 242516.0, 362622.0 ], [ 242514.0, 362622.0 ], [ 242514.0, 362616.0 ], [ 242512.0, 362616.0 ], [ 242512.0, 362610.0 ], [ 242510.0, 362610.0 ], [ 242510.0, 362600.0 ], [ 242508.0, 362600.0 ], [ 242508.0, 362592.0 ], [ 242506.0, 362592.0 ], [ 242506.0, 362584.0 ], [ 242504.0, 362584.0 ], [ 242504.0, 362580.0 ], [ 242502.0, 362580.0 ], [ 242502.0, 362576.0 ], [ 242500.0, 362576.0 ], [ 242500.0, 362574.0 ], [ 242498.0, 362574.0 ], [ 242498.0, 362570.0 ], [ 242496.0, 362570.0 ], [ 242496.0, 362566.0 ], [ 242494.0, 362566.0 ], [ 242494.0, 362564.0 ], [ 242492.0, 362564.0 ], [ 242492.0, 362560.0 ], [ 242490.0, 362560.0 ], [ 242490.0, 362556.0 ], [ 242488.0, 362556.0 ], [ 242488.0, 362554.0 ], [ 242486.0, 362554.0 ], [ 242486.0, 362550.0 ], [ 242484.0, 362550.0 ], [ 242484.0, 362548.0 ], [ 242482.0, 362548.0 ], [ 242482.0, 362544.0 ], [ 242478.0, 362544.0 ], [ 242478.0, 362548.0 ], [ 242480.0, 362548.0 ], [ 242480.0, 362550.0 ], [ 242482.0, 362550.0 ], [ 242482.0, 362554.0 ], [ 242484.0, 362554.0 ], [ 242484.0, 362556.0 ], [ 242486.0, 362556.0 ], [ 242486.0, 362560.0 ], [ 242488.0, 362560.0 ], [ 242488.0, 362564.0 ], [ 242490.0, 362564.0 ], [ 242490.0, 362566.0 ], [ 242492.0, 362566.0 ], [ 242492.0, 362570.0 ], [ 242494.0, 362570.0 ], [ 242494.0, 362574.0 ], [ 242496.0, 362574.0 ], [ 242496.0, 362576.0 ], [ 242498.0, 362576.0 ], [ 242498.0, 362580.0 ], [ 242500.0, 362580.0 ], [ 242500.0, 362584.0 ], [ 242502.0, 362584.0 ], [ 242502.0, 362592.0 ], [ 242504.0, 362592.0 ], [ 242504.0, 362600.0 ], [ 242506.0, 362600.0 ], [ 242506.0, 362610.0 ], [ 242508.0, 362610.0 ], [ 242508.0, 362616.0 ], [ 242510.0, 362616.0 ], [ 242510.0, 362622.0 ], [ 242512.0, 362622.0 ], [ 242512.0, 362628.0 ], [ 242514.0, 362628.0 ], [ 242514.0, 362634.0 ], [ 242516.0, 362634.0 ], [ 242516.0, 362640.0 ], [ 242518.0, 362640.0 ], [ 242518.0, 362654.0 ], [ 242520.0, 362654.0 ], [ 242520.0, 362660.0 ], [ 242522.0, 362660.0 ], [ 242522.0, 362664.0 ], [ 242524.0, 362664.0 ], [ 242524.0, 362668.0 ], [ 242526.0, 362668.0 ], [ 242526.0, 362670.0 ], [ 242528.0, 362670.0 ], [ 242528.0, 362674.0 ], [ 242530.0, 362674.0 ], [ 242530.0, 362676.0 ], [ 242532.0, 362676.0 ], [ 242532.0, 362678.0 ], [ 242534.0, 362678.0 ], [ 242534.0, 362682.0 ], [ 242536.0, 362682.0 ], [ 242536.0, 362684.0 ], [ 242538.0, 362684.0 ], [ 242538.0, 362686.0 ], [ 242540.0, 362686.0 ], [ 242540.0, 362688.0 ], [ 242542.0, 362688.0 ], [ 242542.0, 362690.0 ], [ 242544.0, 362690.0 ], [ 242544.0, 362692.0 ], [ 242546.0, 362692.0 ], [ 242546.0, 362694.0 ], [ 242548.0, 362694.0 ], [ 242548.0, 362696.0 ], [ 242550.0, 362696.0 ], [ 242550.0, 362698.0 ], [ 242554.0, 362698.0 ], [ 242554.0, 362700.0 ], [ 242556.0, 362700.0 ], [ 242556.0, 362702.0 ], [ 242558.0, 362702.0 ], [ 242558.0, 362704.0 ], [ 242560.0, 362704.0 ], [ 242560.0, 362708.0 ], [ 242562.0, 362708.0 ], [ 242562.0, 362710.0 ], [ 242564.0, 362710.0 ], [ 242564.0, 362712.0 ], [ 242566.0, 362712.0 ], [ 242566.0, 362716.0 ], [ 242568.0, 362716.0 ], [ 242568.0, 362720.0 ], [ 242570.0, 362720.0 ], [ 242570.0, 362724.0 ], [ 242572.0, 362724.0 ], [ 242572.0, 362728.0 ], [ 242574.0, 362728.0 ], [ 242574.0, 362732.0 ], [ 242576.0, 362732.0 ], [ 242576.0, 362736.0 ], [ 242578.0, 362736.0 ], [ 242578.0, 362738.0 ], [ 242580.0, 362738.0 ], [ 242580.0, 362742.0 ], [ 242582.0, 362742.0 ], [ 242582.0, 362746.0 ], [ 242584.0, 362746.0 ], [ 242584.0, 362750.0 ], [ 242586.0, 362750.0 ], [ 242586.0, 362756.0 ], [ 242588.0, 362756.0 ], [ 242588.0, 362760.0 ], [ 242590.0, 362760.0 ], [ 242590.0, 362764.0 ], [ 242592.0, 362764.0 ], [ 242592.0, 362770.0 ], [ 242594.0, 362770.0 ], [ 242594.0, 362774.0 ], [ 242596.0, 362774.0 ], [ 242596.0, 362776.0 ], [ 242598.0, 362776.0 ], [ 242598.0, 362780.0 ], [ 242600.0, 362780.0 ], [ 242600.0, 362784.0 ], [ 242602.0, 362784.0 ], [ 242602.0, 362786.0 ], [ 242604.0, 362786.0 ], [ 242604.0, 362788.0 ], [ 242606.0, 362788.0 ], [ 242606.0, 362790.0 ], [ 242608.0, 362790.0 ], [ 242608.0, 362794.0 ], [ 242610.0, 362794.0 ], [ 242610.0, 362796.0 ], [ 242612.0, 362796.0 ], [ 242612.0, 362798.0 ], [ 242614.0, 362798.0 ], [ 242614.0, 362800.0 ], [ 242616.0, 362800.0 ], [ 242616.0, 362802.0 ], [ 242618.0, 362802.0 ], [ 242618.0, 362806.0 ], [ 242620.0, 362806.0 ], [ 242620.0, 362864.0 ], [ 242618.0, 362864.0 ], [ 242618.0, 362862.0 ], [ 242614.0, 362862.0 ], [ 242614.0, 362860.0 ], [ 242602.0, 362860.0 ], [ 242602.0, 362858.0 ], [ 242592.0, 362858.0 ], [ 242592.0, 362856.0 ], [ 242546.0, 362856.0 ], [ 242546.0, 362854.0 ], [ 242542.0, 362854.0 ], [ 242542.0, 362852.0 ], [ 242540.0, 362852.0 ], [ 242540.0, 362854.0 ], [ 242538.0, 362854.0 ], [ 242538.0, 362938.0 ], [ 242540.0, 362938.0 ], [ 242540.0, 362944.0 ], [ 242542.0, 362944.0 ], [ 242542.0, 362946.0 ], [ 242544.0, 362946.0 ], [ 242544.0, 362948.0 ], [ 242546.0, 362948.0 ], [ 242546.0, 362952.0 ], [ 242548.0, 362952.0 ], [ 242548.0, 362954.0 ], [ 242550.0, 362954.0 ], [ 242550.0, 362974.0 ], [ 242548.0, 362974.0 ], [ 242548.0, 362984.0 ], [ 242546.0, 362984.0 ], [ 242546.0, 362990.0 ], [ 242544.0, 362990.0 ], [ 242544.0, 362996.0 ], [ 242546.0, 362996.0 ], [ 242546.0, 363000.0 ], [ 242548.0, 363000.0 ], [ 242548.0, 363002.0 ], [ 242550.0, 363002.0 ], [ 242550.0, 363004.0 ], [ 242552.0, 363004.0 ], [ 242552.0, 363008.0 ], [ 242554.0, 363008.0 ], [ 242554.0, 363010.0 ], [ 242556.0, 363010.0 ], [ 242556.0, 363012.0 ], [ 242558.0, 363012.0 ], [ 242558.0, 363016.0 ], [ 242560.0, 363016.0 ], [ 242560.0, 363018.0 ], [ 242562.0, 363018.0 ], [ 242562.0, 363022.0 ], [ 242564.0, 363022.0 ], [ 242564.0, 363028.0 ], [ 242566.0, 363028.0 ], [ 242566.0, 363040.0 ], [ 242568.0, 363040.0 ], [ 242568.0, 363044.0 ], [ 242570.0, 363044.0 ], [ 242570.0, 363048.0 ], [ 242572.0, 363048.0 ], [ 242572.0, 363052.0 ], [ 242574.0, 363052.0 ], [ 242574.0, 363056.0 ], [ 242576.0, 363056.0 ], [ 242576.0, 363058.0 ], [ 242578.0, 363058.0 ], [ 242578.0, 363060.0 ], [ 242580.0, 363060.0 ], [ 242580.0, 363062.0 ], [ 242584.0, 363062.0 ], [ 242584.0, 363064.0 ], [ 242588.0, 363064.0 ], [ 242588.0, 363066.0 ], [ 242592.0, 363066.0 ], [ 242592.0, 363068.0 ], [ 242594.0, 363068.0 ], [ 242594.0, 363074.0 ], [ 242596.0, 363074.0 ], [ 242596.0, 363092.0 ], [ 242598.0, 363092.0 ], [ 242598.0, 363098.0 ], [ 242600.0, 363098.0 ], [ 242600.0, 363102.0 ], [ 242602.0, 363102.0 ], [ 242602.0, 363106.0 ], [ 242604.0, 363106.0 ], [ 242604.0, 363112.0 ], [ 242606.0, 363112.0 ], [ 242606.0, 363118.0 ], [ 242608.0, 363118.0 ], [ 242608.0, 363126.0 ], [ 242610.0, 363126.0 ], [ 242610.0, 363134.0 ], [ 242612.0, 363134.0 ], [ 242612.0, 363140.0 ], [ 242614.0, 363140.0 ], [ 242614.0, 363144.0 ], [ 242616.0, 363144.0 ], [ 242616.0, 363148.0 ], [ 242618.0, 363148.0 ], [ 242618.0, 363152.0 ], [ 242620.0, 363152.0 ], [ 242620.0, 363154.0 ], [ 242622.0, 363154.0 ], [ 242622.0, 363156.0 ], [ 242624.0, 363156.0 ], [ 242624.0, 363160.0 ], [ 242626.0, 363160.0 ], [ 242626.0, 363162.0 ], [ 242628.0, 363162.0 ], [ 242628.0, 363164.0 ], [ 242630.0, 363164.0 ], [ 242630.0, 363166.0 ], [ 242632.0, 363166.0 ], [ 242632.0, 363170.0 ], [ 242634.0, 363170.0 ], [ 242634.0, 363174.0 ], [ 242636.0, 363174.0 ], [ 242636.0, 363228.0 ], [ 242634.0, 363228.0 ], [ 242634.0, 363230.0 ], [ 242632.0, 363230.0 ], [ 242632.0, 363232.0 ], [ 242630.0, 363232.0 ], [ 242630.0, 363234.0 ], [ 242628.0, 363234.0 ], [ 242628.0, 363236.0 ], [ 242626.0, 363236.0 ], [ 242626.0, 363240.0 ], [ 242624.0, 363240.0 ], [ 242624.0, 363244.0 ], [ 242622.0, 363244.0 ], [ 242622.0, 363252.0 ], [ 242624.0, 363252.0 ], [ 242624.0, 363254.0 ], [ 242626.0, 363254.0 ], [ 242626.0, 363258.0 ], [ 242628.0, 363258.0 ], [ 242628.0, 363262.0 ], [ 242630.0, 363262.0 ], [ 242630.0, 363266.0 ], [ 242632.0, 363266.0 ], [ 242632.0, 363272.0 ], [ 242634.0, 363272.0 ], [ 242634.0, 363276.0 ], [ 242636.0, 363276.0 ], [ 242636.0, 363280.0 ], [ 242638.0, 363280.0 ], [ 242638.0, 363284.0 ], [ 242640.0, 363284.0 ], [ 242640.0, 363290.0 ], [ 242642.0, 363290.0 ], [ 242642.0, 363298.0 ], [ 242644.0, 363298.0 ], [ 242644.0, 363304.0 ], [ 242646.0, 363304.0 ], [ 242646.0, 363308.0 ], [ 242648.0, 363308.0 ], [ 242648.0, 363312.0 ], [ 242650.0, 363312.0 ], [ 242650.0, 363314.0 ], [ 242652.0, 363314.0 ], [ 242652.0, 363316.0 ], [ 242654.0, 363316.0 ], [ 242654.0, 363320.0 ], [ 242656.0, 363320.0 ], [ 242656.0, 363324.0 ], [ 242658.0, 363324.0 ], [ 242658.0, 363328.0 ], [ 242660.0, 363328.0 ], [ 242660.0, 363332.0 ], [ 242662.0, 363332.0 ], [ 242662.0, 363338.0 ], [ 242664.0, 363338.0 ], [ 242664.0, 363342.0 ], [ 242666.0, 363342.0 ], [ 242666.0, 363346.0 ], [ 242668.0, 363346.0 ], [ 242668.0, 363348.0 ], [ 242670.0, 363348.0 ], [ 242670.0, 363352.0 ], [ 242672.0, 363352.0 ], [ 242672.0, 363356.0 ], [ 242674.0, 363356.0 ], [ 242674.0, 363358.0 ], [ 242676.0, 363358.0 ], [ 242676.0, 363362.0 ], [ 242678.0, 363362.0 ], [ 242678.0, 363364.0 ], [ 242680.0, 363364.0 ], [ 242680.0, 363368.0 ], [ 242682.0, 363368.0 ], [ 242682.0, 363370.0 ], [ 242684.0, 363370.0 ], [ 242684.0, 363372.0 ], [ 242686.0, 363372.0 ], [ 242686.0, 363376.0 ], [ 242688.0, 363376.0 ], [ 242688.0, 363378.0 ], [ 242690.0, 363378.0 ], [ 242690.0, 363380.0 ], [ 242692.0, 363380.0 ], [ 242692.0, 363382.0 ], [ 242694.0, 363382.0 ], [ 242694.0, 363384.0 ], [ 242696.0, 363384.0 ], [ 242696.0, 363386.0 ], [ 242698.0, 363386.0 ], [ 242698.0, 363388.0 ], [ 242702.0, 363388.0 ], [ 242702.0, 363390.0 ], [ 242706.0, 363390.0 ], [ 242706.0, 363392.0 ], [ 242710.0, 363392.0 ], [ 242710.0, 363394.0 ], [ 242714.0, 363394.0 ], [ 242714.0, 363396.0 ], [ 242738.0, 363396.0 ], [ 242738.0, 363398.0 ], [ 242740.0, 363398.0 ], [ 242740.0, 363400.0 ], [ 242742.0, 363400.0 ], [ 242742.0, 363402.0 ], [ 242740.0, 363402.0 ], [ 242740.0, 363404.0 ], [ 242738.0, 363404.0 ], [ 242738.0, 363406.0 ], [ 242736.0, 363406.0 ], [ 242736.0, 363410.0 ], [ 242734.0, 363410.0 ], [ 242734.0, 363412.0 ], [ 242732.0, 363412.0 ], [ 242732.0, 363446.0 ], [ 242734.0, 363446.0 ], [ 242734.0, 363452.0 ], [ 242736.0, 363452.0 ], [ 242736.0, 363456.0 ], [ 242738.0, 363456.0 ], [ 242738.0, 363460.0 ], [ 242740.0, 363460.0 ], [ 242740.0, 363464.0 ], [ 242742.0, 363464.0 ], [ 242742.0, 363468.0 ], [ 242744.0, 363468.0 ], [ 242744.0, 363472.0 ], [ 242746.0, 363472.0 ], [ 242746.0, 363476.0 ], [ 242748.0, 363476.0 ], [ 242748.0, 363480.0 ], [ 242750.0, 363480.0 ], [ 242750.0, 363482.0 ], [ 242752.0, 363482.0 ], [ 242752.0, 363486.0 ], [ 242754.0, 363486.0 ], [ 242754.0, 363488.0 ], [ 242756.0, 363488.0 ], [ 242756.0, 363490.0 ], [ 242758.0, 363490.0 ], [ 242758.0, 363492.0 ], [ 242760.0, 363492.0 ], [ 242760.0, 363496.0 ], [ 242762.0, 363496.0 ], [ 242762.0, 363498.0 ], [ 242764.0, 363498.0 ], [ 242764.0, 363500.0 ], [ 242766.0, 363500.0 ], [ 242766.0, 363502.0 ], [ 242768.0, 363502.0 ], [ 242768.0, 363504.0 ], [ 242770.0, 363504.0 ], [ 242770.0, 363506.0 ], [ 242772.0, 363506.0 ], [ 242772.0, 363508.0 ], [ 242774.0, 363508.0 ], [ 242774.0, 363512.0 ], [ 242776.0, 363512.0 ], [ 242776.0, 363514.0 ], [ 242778.0, 363514.0 ], [ 242778.0, 363518.0 ], [ 242780.0, 363518.0 ], [ 242780.0, 363520.0 ], [ 242782.0, 363520.0 ], [ 242782.0, 363524.0 ], [ 242784.0, 363524.0 ], [ 242784.0, 363526.0 ], [ 242786.0, 363526.0 ], [ 242786.0, 363528.0 ], [ 242788.0, 363528.0 ], [ 242788.0, 363530.0 ], [ 242790.0, 363530.0 ], [ 242790.0, 363534.0 ], [ 242792.0, 363534.0 ], [ 242792.0, 363538.0 ], [ 242794.0, 363538.0 ], [ 242794.0, 363542.0 ], [ 242796.0, 363542.0 ], [ 242796.0, 363544.0 ], [ 242798.0, 363544.0 ], [ 242798.0, 363548.0 ], [ 242800.0, 363548.0 ], [ 242800.0, 363552.0 ], [ 242802.0, 363552.0 ], [ 242802.0, 363556.0 ], [ 242804.0, 363556.0 ], [ 242804.0, 363558.0 ], [ 242806.0, 363558.0 ], [ 242806.0, 363562.0 ], [ 242808.0, 363562.0 ], [ 242808.0, 363566.0 ], [ 242810.0, 363566.0 ], [ 242810.0, 363570.0 ], [ 242812.0, 363570.0 ], [ 242812.0, 363574.0 ], [ 242814.0, 363574.0 ], [ 242814.0, 363576.0 ], [ 242816.0, 363576.0 ], [ 242816.0, 363580.0 ], [ 242818.0, 363580.0 ], [ 242818.0, 363586.0 ], [ 242820.0, 363586.0 ], [ 242820.0, 363588.0 ], [ 242822.0, 363588.0 ], [ 242822.0, 363592.0 ], [ 242824.0, 363592.0 ], [ 242824.0, 363594.0 ], [ 242826.0, 363594.0 ], [ 242826.0, 363596.0 ], [ 242828.0, 363596.0 ], [ 242828.0, 363600.0 ], [ 242830.0, 363600.0 ], [ 242830.0, 363602.0 ], [ 242832.0, 363602.0 ], [ 242832.0, 363606.0 ], [ 242834.0, 363606.0 ], [ 242834.0, 363608.0 ], [ 242836.0, 363608.0 ], [ 242836.0, 363614.0 ], [ 242838.0, 363614.0 ], [ 242838.0, 363638.0 ], [ 242836.0, 363638.0 ], [ 242836.0, 363642.0 ], [ 242834.0, 363642.0 ], [ 242834.0, 363662.0 ], [ 242832.0, 363662.0 ], [ 242832.0, 363672.0 ], [ 242830.0, 363672.0 ], [ 242830.0, 363684.0 ], [ 242828.0, 363684.0 ], [ 242828.0, 363688.0 ], [ 242826.0, 363688.0 ], [ 242826.0, 363692.0 ], [ 242824.0, 363692.0 ], [ 242824.0, 363694.0 ], [ 242822.0, 363694.0 ], [ 242822.0, 363698.0 ], [ 242820.0, 363698.0 ], [ 242820.0, 363702.0 ], [ 242818.0, 363702.0 ], [ 242818.0, 363706.0 ], [ 242816.0, 363706.0 ], [ 242816.0, 363708.0 ], [ 242814.0, 363708.0 ], [ 242814.0, 363710.0 ], [ 242812.0, 363710.0 ], [ 242812.0, 363714.0 ], [ 242810.0, 363714.0 ], [ 242810.0, 363716.0 ], [ 242808.0, 363716.0 ], [ 242808.0, 363718.0 ], [ 242806.0, 363718.0 ], [ 242806.0, 363736.0 ], [ 242804.0, 363736.0 ], [ 242804.0, 363742.0 ], [ 242802.0, 363742.0 ], [ 242802.0, 363748.0 ], [ 242800.0, 363748.0 ], [ 242800.0, 363752.0 ], [ 242798.0, 363752.0 ], [ 242798.0, 363754.0 ], [ 242772.0, 363754.0 ], [ 242772.0, 363752.0 ], [ 242764.0, 363752.0 ], [ 242764.0, 363750.0 ], [ 242760.0, 363750.0 ], [ 242760.0, 363748.0 ], [ 242754.0, 363748.0 ], [ 242754.0, 363746.0 ], [ 242714.0, 363746.0 ], [ 242714.0, 363740.0 ], [ 242712.0, 363740.0 ], [ 242712.0, 363734.0 ], [ 242710.0, 363734.0 ], [ 242710.0, 363732.0 ], [ 242708.0, 363732.0 ], [ 242708.0, 363734.0 ], [ 242706.0, 363734.0 ], [ 242706.0, 363742.0 ], [ 242674.0, 363742.0 ], [ 242674.0, 363740.0 ], [ 242620.0, 363740.0 ], [ 242620.0, 363742.0 ], [ 242618.0, 363742.0 ], [ 242618.0, 363750.0 ], [ 242616.0, 363750.0 ], [ 242616.0, 363760.0 ], [ 242614.0, 363760.0 ], [ 242614.0, 363766.0 ], [ 242586.0, 363766.0 ], [ 242586.0, 363768.0 ], [ 242550.0, 363768.0 ], [ 242550.0, 363770.0 ], [ 242548.0, 363770.0 ], [ 242548.0, 363772.0 ], [ 242550.0, 363772.0 ], [ 242550.0, 363800.0 ], [ 242548.0, 363800.0 ], [ 242548.0, 363808.0 ], [ 242546.0, 363808.0 ], [ 242546.0, 363816.0 ], [ 242544.0, 363816.0 ], [ 242544.0, 363822.0 ], [ 242542.0, 363822.0 ], [ 242542.0, 363828.0 ], [ 242540.0, 363828.0 ], [ 242540.0, 363830.0 ], [ 242538.0, 363830.0 ], [ 242538.0, 363834.0 ], [ 242536.0, 363834.0 ], [ 242536.0, 363836.0 ], [ 242534.0, 363836.0 ], [ 242534.0, 363838.0 ], [ 242530.0, 363838.0 ], [ 242530.0, 363840.0 ], [ 242528.0, 363840.0 ], [ 242528.0, 363842.0 ], [ 242526.0, 363842.0 ], [ 242526.0, 363844.0 ], [ 242522.0, 363844.0 ], [ 242522.0, 363846.0 ], [ 242520.0, 363846.0 ], [ 242520.0, 363848.0 ], [ 242516.0, 363848.0 ], [ 242516.0, 363850.0 ], [ 242514.0, 363850.0 ], [ 242514.0, 363852.0 ], [ 242512.0, 363852.0 ], [ 242512.0, 363854.0 ], [ 242492.0, 363854.0 ], [ 242492.0, 363856.0 ], [ 242490.0, 363856.0 ], [ 242490.0, 363884.0 ], [ 242492.0, 363884.0 ], [ 242492.0, 363888.0 ], [ 242494.0, 363888.0 ], [ 242494.0, 363944.0 ], [ 242492.0, 363944.0 ], [ 242492.0, 363948.0 ], [ 242490.0, 363948.0 ], [ 242490.0, 363952.0 ], [ 242488.0, 363952.0 ], [ 242488.0, 363954.0 ], [ 242486.0, 363954.0 ], [ 242486.0, 363958.0 ], [ 242484.0, 363958.0 ], [ 242484.0, 363962.0 ], [ 242482.0, 363962.0 ], [ 242482.0, 363968.0 ], [ 242480.0, 363968.0 ], [ 242480.0, 363974.0 ], [ 242478.0, 363974.0 ], [ 242478.0, 363980.0 ], [ 242476.0, 363980.0 ], [ 242476.0, 363986.0 ], [ 242474.0, 363986.0 ], [ 242474.0, 363990.0 ], [ 242472.0, 363990.0 ], [ 242472.0, 363992.0 ], [ 242470.0, 363992.0 ], [ 242470.0, 363996.0 ], [ 242468.0, 363996.0 ], [ 242468.0, 363998.0 ], [ 242466.0, 363998.0 ], [ 242466.0, 364000.0 ], [ 242464.0, 364000.0 ], [ 242464.0, 364002.0 ], [ 242462.0, 364002.0 ], [ 242462.0, 364004.0 ], [ 242460.0, 364004.0 ], [ 242460.0, 364006.0 ], [ 242458.0, 364006.0 ], [ 242458.0, 364008.0 ], [ 242358.0, 364008.0 ], [ 242358.0, 364010.0 ], [ 242356.0, 364010.0 ], [ 242356.0, 364012.0 ], [ 242354.0, 364012.0 ], [ 242354.0, 363992.0 ], [ 242352.0, 363992.0 ], [ 242352.0, 363988.0 ], [ 242350.0, 363988.0 ], [ 242350.0, 363986.0 ], [ 242336.0, 363986.0 ], [ 242336.0, 363984.0 ], [ 242322.0, 363984.0 ], [ 242322.0, 363982.0 ], [ 242320.0, 363982.0 ], [ 242320.0, 363980.0 ], [ 242318.0, 363980.0 ], [ 242318.0, 363978.0 ], [ 242270.0, 363978.0 ], [ 242270.0, 363980.0 ], [ 242268.0, 363980.0 ], [ 242268.0, 363982.0 ], [ 242266.0, 363982.0 ], [ 242266.0, 363984.0 ], [ 242262.0, 363984.0 ], [ 242262.0, 363986.0 ], [ 242206.0, 363986.0 ], [ 242206.0, 363984.0 ], [ 242202.0, 363984.0 ], [ 242202.0, 363982.0 ], [ 242200.0, 363982.0 ], [ 242200.0, 363980.0 ], [ 242198.0, 363980.0 ], [ 242198.0, 363978.0 ], [ 242196.0, 363978.0 ], [ 242196.0, 363976.0 ], [ 242194.0, 363976.0 ], [ 242194.0, 363974.0 ], [ 242190.0, 363974.0 ], [ 242190.0, 363976.0 ], [ 242188.0, 363976.0 ], [ 242188.0, 364018.0 ], [ 242186.0, 364018.0 ], [ 242186.0, 364026.0 ], [ 242184.0, 364026.0 ], [ 242184.0, 364032.0 ], [ 242180.0, 364032.0 ], [ 242180.0, 364034.0 ], [ 242170.0, 364034.0 ], [ 242170.0, 364036.0 ], [ 242168.0, 364036.0 ], [ 242168.0, 364038.0 ], [ 242166.0, 364038.0 ], [ 242166.0, 364056.0 ], [ 242168.0, 364056.0 ], [ 242168.0, 364064.0 ], [ 242170.0, 364064.0 ], [ 242170.0, 364070.0 ], [ 242172.0, 364070.0 ], [ 242172.0, 364074.0 ], [ 242174.0, 364074.0 ], [ 242174.0, 364078.0 ], [ 242176.0, 364078.0 ], [ 242176.0, 364084.0 ], [ 242178.0, 364084.0 ], [ 242178.0, 364090.0 ], [ 242180.0, 364090.0 ], [ 242180.0, 364118.0 ], [ 242178.0, 364118.0 ], [ 242178.0, 364122.0 ], [ 242180.0, 364122.0 ], [ 242180.0, 364124.0 ], [ 242184.0, 364124.0 ], [ 242184.0, 364126.0 ], [ 242186.0, 364126.0 ], [ 242186.0, 364128.0 ], [ 242188.0, 364128.0 ], [ 242188.0, 364130.0 ], [ 242192.0, 364130.0 ], [ 242192.0, 364132.0 ], [ 242194.0, 364132.0 ], [ 242194.0, 364134.0 ], [ 242196.0, 364134.0 ], [ 242196.0, 364138.0 ], [ 242198.0, 364138.0 ], [ 242198.0, 364152.0 ], [ 242200.0, 364152.0 ], [ 242200.0, 364202.0 ], [ 242198.0, 364202.0 ], [ 242198.0, 364204.0 ], [ 242196.0, 364204.0 ], [ 242196.0, 364206.0 ], [ 242194.0, 364206.0 ], [ 242194.0, 364208.0 ], [ 242190.0, 364208.0 ], [ 242190.0, 364204.0 ], [ 242188.0, 364204.0 ], [ 242188.0, 364202.0 ], [ 242186.0, 364202.0 ], [ 242186.0, 364198.0 ], [ 242184.0, 364198.0 ], [ 242184.0, 364196.0 ], [ 242182.0, 364196.0 ], [ 242182.0, 364192.0 ], [ 242180.0, 364192.0 ], [ 242180.0, 364190.0 ], [ 242178.0, 364190.0 ], [ 242178.0, 364188.0 ], [ 242172.0, 364188.0 ], [ 242172.0, 364186.0 ], [ 242164.0, 364186.0 ], [ 242164.0, 364184.0 ], [ 242156.0, 364184.0 ], [ 242156.0, 364182.0 ], [ 242154.0, 364182.0 ], [ 242154.0, 364180.0 ], [ 242152.0, 364180.0 ], [ 242152.0, 364178.0 ], [ 242148.0, 364178.0 ], [ 242148.0, 364176.0 ], [ 242146.0, 364176.0 ], [ 242146.0, 364174.0 ], [ 242142.0, 364174.0 ], [ 242142.0, 364172.0 ], [ 242140.0, 364172.0 ], [ 242140.0, 364170.0 ], [ 242138.0, 364170.0 ], [ 242138.0, 364168.0 ], [ 242136.0, 364168.0 ], [ 242136.0, 364166.0 ], [ 242134.0, 364166.0 ], [ 242134.0, 364164.0 ], [ 242132.0, 364164.0 ], [ 242132.0, 364162.0 ], [ 242130.0, 364162.0 ], [ 242130.0, 364160.0 ], [ 242128.0, 364160.0 ], [ 242128.0, 364158.0 ], [ 242126.0, 364158.0 ], [ 242126.0, 364156.0 ], [ 242124.0, 364156.0 ], [ 242124.0, 364154.0 ], [ 242122.0, 364154.0 ], [ 242122.0, 364150.0 ], [ 242120.0, 364150.0 ], [ 242120.0, 364148.0 ], [ 242118.0, 364148.0 ], [ 242118.0, 364144.0 ], [ 242116.0, 364144.0 ], [ 242116.0, 364140.0 ], [ 242114.0, 364140.0 ], [ 242114.0, 364138.0 ], [ 242112.0, 364138.0 ], [ 242112.0, 364134.0 ], [ 242110.0, 364134.0 ], [ 242110.0, 364132.0 ], [ 242108.0, 364132.0 ], [ 242108.0, 364128.0 ], [ 242106.0, 364128.0 ], [ 242106.0, 364124.0 ], [ 242104.0, 364124.0 ], [ 242104.0, 364120.0 ], [ 242102.0, 364120.0 ], [ 242102.0, 364116.0 ], [ 242100.0, 364116.0 ], [ 242100.0, 364112.0 ], [ 242098.0, 364112.0 ], [ 242098.0, 364108.0 ], [ 242096.0, 364108.0 ], [ 242096.0, 364104.0 ], [ 242094.0, 364104.0 ], [ 242094.0, 364100.0 ], [ 242092.0, 364100.0 ], [ 242092.0, 364094.0 ], [ 242090.0, 364094.0 ], [ 242090.0, 364090.0 ], [ 242088.0, 364090.0 ], [ 242088.0, 364082.0 ], [ 242086.0, 364082.0 ], [ 242086.0, 364072.0 ], [ 242084.0, 364072.0 ], [ 242084.0, 364070.0 ], [ 242082.0, 364070.0 ], [ 242082.0, 364066.0 ], [ 242080.0, 364066.0 ], [ 242080.0, 364064.0 ], [ 242078.0, 364064.0 ], [ 242078.0, 364060.0 ], [ 242076.0, 364060.0 ], [ 242076.0, 364058.0 ], [ 242074.0, 364058.0 ], [ 242074.0, 364056.0 ], [ 242072.0, 364056.0 ], [ 242072.0, 364052.0 ], [ 242070.0, 364052.0 ], [ 242070.0, 364050.0 ], [ 242068.0, 364050.0 ], [ 242068.0, 364048.0 ], [ 242066.0, 364048.0 ], [ 242066.0, 364044.0 ], [ 242064.0, 364044.0 ], [ 242064.0, 364042.0 ], [ 242062.0, 364042.0 ], [ 242062.0, 364036.0 ], [ 242060.0, 364036.0 ], [ 242060.0, 364028.0 ], [ 242058.0, 364028.0 ], [ 242058.0, 364022.0 ], [ 242056.0, 364022.0 ], [ 242056.0, 364018.0 ], [ 242054.0, 364018.0 ], [ 242054.0, 364014.0 ], [ 242052.0, 364014.0 ], [ 242052.0, 364012.0 ], [ 242050.0, 364012.0 ], [ 242050.0, 364010.0 ], [ 242048.0, 364010.0 ], [ 242048.0, 364008.0 ], [ 242046.0, 364008.0 ], [ 242046.0, 364006.0 ], [ 242044.0, 364006.0 ], [ 242044.0, 364004.0 ], [ 242042.0, 364004.0 ], [ 242042.0, 364002.0 ], [ 242040.0, 364002.0 ], [ 242040.0, 364000.0 ], [ 242038.0, 364000.0 ], [ 242038.0, 363998.0 ], [ 242036.0, 363998.0 ], [ 242036.0, 363996.0 ], [ 242034.0, 363996.0 ], [ 242034.0, 363994.0 ], [ 242032.0, 363994.0 ], [ 242032.0, 363988.0 ], [ 242030.0, 363988.0 ], [ 242030.0, 363984.0 ], [ 242028.0, 363984.0 ], [ 242028.0, 363978.0 ], [ 242026.0, 363978.0 ], [ 242026.0, 363976.0 ], [ 241994.0, 363976.0 ], [ 241994.0, 363974.0 ], [ 241990.0, 363974.0 ], [ 241990.0, 363972.0 ], [ 241986.0, 363972.0 ], [ 241986.0, 363970.0 ], [ 241984.0, 363970.0 ], [ 241984.0, 363968.0 ], [ 241980.0, 363968.0 ], [ 241980.0, 363966.0 ], [ 241978.0, 363966.0 ], [ 241978.0, 363964.0 ], [ 241976.0, 363964.0 ], [ 241976.0, 363962.0 ], [ 241972.0, 363962.0 ], [ 241972.0, 363958.0 ], [ 241970.0, 363958.0 ], [ 241970.0, 363956.0 ], [ 241968.0, 363956.0 ], [ 241968.0, 363954.0 ], [ 241966.0, 363954.0 ], [ 241966.0, 363948.0 ], [ 241964.0, 363948.0 ], [ 241964.0, 363944.0 ], [ 241962.0, 363944.0 ], [ 241962.0, 363940.0 ], [ 241960.0, 363940.0 ], [ 241960.0, 363936.0 ], [ 241958.0, 363936.0 ], [ 241958.0, 363934.0 ], [ 241956.0, 363934.0 ], [ 241956.0, 363930.0 ], [ 241954.0, 363930.0 ], [ 241954.0, 363926.0 ], [ 241952.0, 363926.0 ], [ 241952.0, 363924.0 ], [ 241950.0, 363924.0 ], [ 241950.0, 363922.0 ], [ 241948.0, 363922.0 ], [ 241948.0, 363920.0 ], [ 241946.0, 363920.0 ], [ 241946.0, 363918.0 ], [ 241944.0, 363918.0 ], [ 241944.0, 363916.0 ], [ 241942.0, 363916.0 ], [ 241942.0, 363914.0 ], [ 241940.0, 363914.0 ], [ 241940.0, 363912.0 ], [ 241938.0, 363912.0 ], [ 241938.0, 363910.0 ], [ 241934.0, 363910.0 ], [ 241934.0, 363908.0 ], [ 241930.0, 363908.0 ], [ 241930.0, 363906.0 ], [ 241928.0, 363906.0 ], [ 241928.0, 363904.0 ], [ 241924.0, 363904.0 ], [ 241924.0, 363902.0 ], [ 241922.0, 363902.0 ], [ 241922.0, 363900.0 ], [ 241918.0, 363900.0 ], [ 241918.0, 363898.0 ], [ 241916.0, 363898.0 ], [ 241916.0, 363896.0 ], [ 241914.0, 363896.0 ], [ 241914.0, 363894.0 ], [ 241912.0, 363894.0 ], [ 241912.0, 363892.0 ], [ 241910.0, 363892.0 ], [ 241910.0, 363890.0 ], [ 241908.0, 363890.0 ], [ 241908.0, 363888.0 ], [ 241906.0, 363888.0 ], [ 241906.0, 363886.0 ], [ 241904.0, 363886.0 ], [ 241904.0, 363880.0 ], [ 241902.0, 363880.0 ], [ 241902.0, 363872.0 ], [ 241900.0, 363872.0 ], [ 241900.0, 363868.0 ], [ 241898.0, 363868.0 ], [ 241898.0, 363866.0 ], [ 241896.0, 363866.0 ], [ 241896.0, 363864.0 ], [ 241894.0, 363864.0 ], [ 241894.0, 363862.0 ], [ 241892.0, 363862.0 ], [ 241892.0, 363860.0 ], [ 241888.0, 363860.0 ], [ 241888.0, 363858.0 ], [ 241886.0, 363858.0 ], [ 241886.0, 363856.0 ], [ 241882.0, 363856.0 ], [ 241882.0, 363854.0 ], [ 241880.0, 363854.0 ], [ 241880.0, 363852.0 ], [ 241878.0, 363852.0 ], [ 241878.0, 363850.0 ], [ 241874.0, 363850.0 ], [ 241874.0, 363848.0 ], [ 241872.0, 363848.0 ], [ 241872.0, 363846.0 ], [ 241870.0, 363846.0 ], [ 241870.0, 363844.0 ], [ 241866.0, 363844.0 ], [ 241866.0, 363842.0 ], [ 241862.0, 363842.0 ], [ 241862.0, 363840.0 ], [ 241836.0, 363840.0 ], [ 241836.0, 363838.0 ], [ 241824.0, 363838.0 ], [ 241824.0, 363836.0 ], [ 241818.0, 363836.0 ], [ 241818.0, 363834.0 ], [ 241812.0, 363834.0 ], [ 241812.0, 363832.0 ], [ 241808.0, 363832.0 ], [ 241808.0, 363830.0 ], [ 241804.0, 363830.0 ], [ 241804.0, 363828.0 ], [ 241802.0, 363828.0 ], [ 241802.0, 363826.0 ], [ 241800.0, 363826.0 ], [ 241800.0, 363824.0 ], [ 241798.0, 363824.0 ], [ 241798.0, 363820.0 ], [ 241796.0, 363820.0 ], [ 241796.0, 363818.0 ], [ 241794.0, 363818.0 ], [ 241794.0, 363814.0 ], [ 241792.0, 363814.0 ], [ 241792.0, 363808.0 ], [ 241790.0, 363808.0 ], [ 241790.0, 363804.0 ], [ 241788.0, 363804.0 ], [ 241788.0, 363802.0 ], [ 241786.0, 363802.0 ], [ 241786.0, 363800.0 ], [ 241784.0, 363800.0 ], [ 241784.0, 363796.0 ], [ 241782.0, 363796.0 ], [ 241782.0, 363794.0 ], [ 241780.0, 363794.0 ], [ 241780.0, 363792.0 ], [ 241778.0, 363792.0 ], [ 241778.0, 363790.0 ], [ 241776.0, 363790.0 ], [ 241776.0, 363788.0 ], [ 241774.0, 363788.0 ], [ 241774.0, 363786.0 ], [ 241772.0, 363786.0 ], [ 241772.0, 363784.0 ], [ 241770.0, 363784.0 ], [ 241770.0, 363782.0 ], [ 241768.0, 363782.0 ], [ 241768.0, 363780.0 ], [ 241766.0, 363780.0 ], [ 241766.0, 363776.0 ], [ 241764.0, 363776.0 ], [ 241764.0, 363774.0 ], [ 241762.0, 363774.0 ], [ 241762.0, 363770.0 ], [ 241760.0, 363770.0 ], [ 241760.0, 363764.0 ], [ 241758.0, 363764.0 ], [ 241758.0, 363756.0 ], [ 241756.0, 363756.0 ], [ 241756.0, 363724.0 ], [ 241754.0, 363724.0 ], [ 241754.0, 363720.0 ], [ 241752.0, 363720.0 ], [ 241752.0, 363718.0 ], [ 241750.0, 363718.0 ], [ 241750.0, 363714.0 ], [ 241748.0, 363714.0 ], [ 241748.0, 363712.0 ], [ 241746.0, 363712.0 ], [ 241746.0, 363708.0 ], [ 241744.0, 363708.0 ], [ 241744.0, 363702.0 ], [ 241742.0, 363702.0 ], [ 241742.0, 363686.0 ], [ 241740.0, 363686.0 ], [ 241740.0, 363682.0 ], [ 241738.0, 363682.0 ], [ 241738.0, 363678.0 ], [ 241736.0, 363678.0 ], [ 241736.0, 363676.0 ], [ 241732.0, 363676.0 ], [ 241732.0, 363678.0 ], [ 241730.0, 363678.0 ], [ 241730.0, 363680.0 ], [ 241728.0, 363680.0 ], [ 241728.0, 363684.0 ], [ 241726.0, 363684.0 ], [ 241726.0, 363686.0 ], [ 241724.0, 363686.0 ], [ 241724.0, 363690.0 ], [ 241688.0, 363690.0 ], [ 241688.0, 363688.0 ], [ 241684.0, 363688.0 ], [ 241684.0, 363686.0 ], [ 241682.0, 363686.0 ], [ 241682.0, 363688.0 ], [ 241678.0, 363688.0 ], [ 241678.0, 363690.0 ], [ 241676.0, 363690.0 ], [ 241676.0, 363692.0 ], [ 241672.0, 363692.0 ], [ 241672.0, 363694.0 ], [ 241666.0, 363694.0 ], [ 241666.0, 363696.0 ], [ 241662.0, 363696.0 ], [ 241662.0, 363698.0 ], [ 241658.0, 363698.0 ], [ 241658.0, 363700.0 ], [ 241656.0, 363700.0 ], [ 241656.0, 363702.0 ], [ 241654.0, 363702.0 ], [ 241654.0, 363704.0 ], [ 241652.0, 363704.0 ], [ 241652.0, 363702.0 ], [ 241650.0, 363702.0 ], [ 241650.0, 363700.0 ], [ 241648.0, 363700.0 ], [ 241648.0, 363698.0 ], [ 241646.0, 363698.0 ], [ 241646.0, 363696.0 ], [ 241644.0, 363696.0 ], [ 241644.0, 363694.0 ], [ 241642.0, 363694.0 ], [ 241642.0, 363692.0 ], [ 241640.0, 363692.0 ], [ 241640.0, 363690.0 ], [ 241638.0, 363690.0 ], [ 241638.0, 363688.0 ], [ 241634.0, 363688.0 ], [ 241634.0, 363684.0 ], [ 241632.0, 363684.0 ], [ 241632.0, 363682.0 ], [ 241630.0, 363682.0 ], [ 241630.0, 363680.0 ], [ 241628.0, 363680.0 ], [ 241628.0, 363678.0 ], [ 241626.0, 363678.0 ], [ 241626.0, 363676.0 ], [ 241624.0, 363676.0 ], [ 241624.0, 363674.0 ], [ 241622.0, 363674.0 ], [ 241622.0, 363672.0 ], [ 241620.0, 363672.0 ], [ 241620.0, 363670.0 ], [ 241562.0, 363670.0 ], [ 241562.0, 363668.0 ], [ 241564.0, 363668.0 ], [ 241564.0, 363646.0 ], [ 241562.0, 363646.0 ], [ 241562.0, 363640.0 ], [ 241560.0, 363640.0 ], [ 241560.0, 363634.0 ], [ 241558.0, 363634.0 ], [ 241558.0, 363626.0 ], [ 241556.0, 363626.0 ], [ 241556.0, 363602.0 ], [ 241568.0, 363602.0 ], [ 241568.0, 363600.0 ], [ 241574.0, 363600.0 ], [ 241574.0, 363598.0 ], [ 241578.0, 363598.0 ], [ 241578.0, 363596.0 ], [ 241580.0, 363596.0 ], [ 241580.0, 363594.0 ], [ 241582.0, 363594.0 ], [ 241582.0, 363592.0 ], [ 241584.0, 363592.0 ], [ 241584.0, 363590.0 ], [ 241586.0, 363590.0 ], [ 241586.0, 363588.0 ], [ 241588.0, 363588.0 ], [ 241588.0, 363584.0 ], [ 241590.0, 363584.0 ], [ 241590.0, 363572.0 ], [ 241592.0, 363572.0 ], [ 241592.0, 363560.0 ], [ 241594.0, 363560.0 ], [ 241594.0, 363556.0 ], [ 241596.0, 363556.0 ], [ 241596.0, 363552.0 ], [ 241598.0, 363552.0 ], [ 241598.0, 363494.0 ], [ 241616.0, 363494.0 ], [ 241616.0, 363496.0 ], [ 241624.0, 363496.0 ], [ 241624.0, 363498.0 ], [ 241628.0, 363498.0 ], [ 241628.0, 363500.0 ], [ 241638.0, 363500.0 ], [ 241638.0, 363498.0 ], [ 241640.0, 363498.0 ], [ 241640.0, 363496.0 ], [ 241644.0, 363496.0 ], [ 241644.0, 363494.0 ], [ 241646.0, 363494.0 ], [ 241646.0, 363492.0 ], [ 241648.0, 363492.0 ], [ 241648.0, 363490.0 ], [ 241650.0, 363490.0 ], [ 241650.0, 363488.0 ], [ 241652.0, 363488.0 ], [ 241652.0, 363486.0 ], [ 241666.0, 363486.0 ], [ 241666.0, 363488.0 ], [ 241668.0, 363488.0 ], [ 241668.0, 363490.0 ], [ 241670.0, 363490.0 ], [ 241670.0, 363492.0 ], [ 241672.0, 363492.0 ], [ 241672.0, 363494.0 ], [ 241674.0, 363494.0 ], [ 241674.0, 363498.0 ], [ 241676.0, 363498.0 ], [ 241676.0, 363500.0 ], [ 241678.0, 363500.0 ], [ 241678.0, 363502.0 ], [ 241680.0, 363502.0 ], [ 241680.0, 363504.0 ], [ 241682.0, 363504.0 ], [ 241682.0, 363506.0 ], [ 241684.0, 363506.0 ], [ 241684.0, 363508.0 ], [ 241686.0, 363508.0 ], [ 241686.0, 363510.0 ], [ 241688.0, 363510.0 ], [ 241688.0, 363512.0 ], [ 241690.0, 363512.0 ], [ 241690.0, 363514.0 ], [ 241692.0, 363514.0 ], [ 241692.0, 363516.0 ], [ 241694.0, 363516.0 ], [ 241694.0, 363518.0 ], [ 241696.0, 363518.0 ], [ 241696.0, 363520.0 ], [ 241698.0, 363520.0 ], [ 241698.0, 363522.0 ], [ 241700.0, 363522.0 ], [ 241700.0, 363524.0 ], [ 241702.0, 363524.0 ], [ 241702.0, 363526.0 ], [ 241704.0, 363526.0 ], [ 241704.0, 363528.0 ], [ 241706.0, 363528.0 ], [ 241706.0, 363530.0 ], [ 241708.0, 363530.0 ], [ 241708.0, 363532.0 ], [ 241710.0, 363532.0 ], [ 241710.0, 363534.0 ], [ 241712.0, 363534.0 ], [ 241712.0, 363536.0 ], [ 241714.0, 363536.0 ], [ 241714.0, 363538.0 ], [ 241716.0, 363538.0 ], [ 241716.0, 363540.0 ], [ 241718.0, 363540.0 ], [ 241718.0, 363542.0 ], [ 241720.0, 363542.0 ], [ 241720.0, 363544.0 ], [ 241722.0, 363544.0 ], [ 241722.0, 363546.0 ], [ 241726.0, 363546.0 ], [ 241726.0, 363548.0 ], [ 241728.0, 363548.0 ], [ 241728.0, 363550.0 ], [ 241730.0, 363550.0 ], [ 241730.0, 363552.0 ], [ 241732.0, 363552.0 ], [ 241732.0, 363554.0 ], [ 241736.0, 363554.0 ], [ 241736.0, 363556.0 ], [ 241738.0, 363556.0 ], [ 241738.0, 363558.0 ], [ 241740.0, 363558.0 ], [ 241740.0, 363560.0 ], [ 241742.0, 363560.0 ], [ 241742.0, 363562.0 ], [ 241744.0, 363562.0 ], [ 241744.0, 363564.0 ], [ 241746.0, 363564.0 ], [ 241746.0, 363566.0 ], [ 241748.0, 363566.0 ], [ 241748.0, 363568.0 ], [ 241750.0, 363568.0 ], [ 241750.0, 363570.0 ], [ 241752.0, 363570.0 ], [ 241752.0, 363572.0 ], [ 241756.0, 363572.0 ], [ 241756.0, 363570.0 ], [ 241758.0, 363570.0 ], [ 241758.0, 363568.0 ], [ 241760.0, 363568.0 ], [ 241760.0, 363564.0 ], [ 241762.0, 363564.0 ], [ 241762.0, 363558.0 ], [ 241764.0, 363558.0 ], [ 241764.0, 363554.0 ], [ 241766.0, 363554.0 ], [ 241766.0, 363552.0 ], [ 241768.0, 363552.0 ], [ 241768.0, 363550.0 ], [ 241770.0, 363550.0 ], [ 241770.0, 363548.0 ], [ 241776.0, 363548.0 ], [ 241776.0, 363546.0 ], [ 241778.0, 363546.0 ], [ 241778.0, 363544.0 ], [ 241784.0, 363544.0 ], [ 241784.0, 363542.0 ], [ 241788.0, 363542.0 ], [ 241788.0, 363540.0 ], [ 241792.0, 363540.0 ], [ 241792.0, 363538.0 ], [ 241794.0, 363538.0 ], [ 241794.0, 363536.0 ], [ 241796.0, 363536.0 ], [ 241796.0, 363534.0 ], [ 241798.0, 363534.0 ], [ 241798.0, 363532.0 ], [ 241800.0, 363532.0 ], [ 241800.0, 363530.0 ], [ 241802.0, 363530.0 ], [ 241802.0, 363524.0 ], [ 241804.0, 363524.0 ], [ 241804.0, 363506.0 ], [ 241806.0, 363506.0 ], [ 241806.0, 363502.0 ], [ 241808.0, 363502.0 ], [ 241808.0, 363500.0 ], [ 241812.0, 363500.0 ], [ 241812.0, 363498.0 ], [ 241816.0, 363498.0 ], [ 241816.0, 363496.0 ], [ 241820.0, 363496.0 ], [ 241820.0, 363494.0 ], [ 241822.0, 363494.0 ], [ 241822.0, 363492.0 ], [ 241824.0, 363492.0 ], [ 241824.0, 363490.0 ], [ 241826.0, 363490.0 ], [ 241826.0, 363432.0 ], [ 241828.0, 363432.0 ], [ 241828.0, 363430.0 ], [ 241830.0, 363430.0 ], [ 241830.0, 363426.0 ], [ 241832.0, 363426.0 ], [ 241832.0, 363424.0 ], [ 241834.0, 363424.0 ], [ 241834.0, 363422.0 ], [ 241836.0, 363422.0 ], [ 241836.0, 363420.0 ], [ 241838.0, 363420.0 ], [ 241838.0, 363418.0 ], [ 241840.0, 363418.0 ], [ 241840.0, 363416.0 ], [ 241844.0, 363416.0 ], [ 241844.0, 363414.0 ], [ 241858.0, 363414.0 ], [ 241858.0, 363416.0 ], [ 241868.0, 363416.0 ], [ 241868.0, 363414.0 ], [ 241872.0, 363414.0 ], [ 241872.0, 363412.0 ], [ 241874.0, 363412.0 ], [ 241874.0, 363410.0 ], [ 241876.0, 363410.0 ], [ 241876.0, 363376.0 ], [ 241874.0, 363376.0 ], [ 241874.0, 363374.0 ], [ 241872.0, 363374.0 ], [ 241872.0, 363370.0 ], [ 241870.0, 363370.0 ], [ 241870.0, 363368.0 ], [ 241872.0, 363368.0 ], [ 241872.0, 363364.0 ], [ 241874.0, 363364.0 ], [ 241874.0, 363348.0 ], [ 241876.0, 363348.0 ], [ 241876.0, 363344.0 ], [ 241878.0, 363344.0 ], [ 241878.0, 363342.0 ], [ 241880.0, 363342.0 ], [ 241880.0, 363336.0 ], [ 241882.0, 363336.0 ], [ 241882.0, 363330.0 ], [ 241884.0, 363330.0 ], [ 241884.0, 363334.0 ], [ 241886.0, 363334.0 ], [ 241886.0, 363336.0 ], [ 241888.0, 363336.0 ], [ 241888.0, 363340.0 ], [ 241890.0, 363340.0 ], [ 241890.0, 363342.0 ], [ 241892.0, 363342.0 ], [ 241892.0, 363346.0 ], [ 241894.0, 363346.0 ], [ 241894.0, 363348.0 ], [ 241896.0, 363348.0 ], [ 241896.0, 363350.0 ], [ 241898.0, 363350.0 ], [ 241898.0, 363352.0 ], [ 241900.0, 363352.0 ], [ 241900.0, 363356.0 ], [ 241902.0, 363356.0 ], [ 241902.0, 363358.0 ], [ 241904.0, 363358.0 ], [ 241904.0, 363360.0 ], [ 241906.0, 363360.0 ], [ 241906.0, 363362.0 ], [ 241908.0, 363362.0 ], [ 241908.0, 363366.0 ], [ 241910.0, 363366.0 ], [ 241910.0, 363368.0 ], [ 241912.0, 363368.0 ], [ 241912.0, 363370.0 ], [ 241914.0, 363370.0 ], [ 241914.0, 363372.0 ], [ 241916.0, 363372.0 ], [ 241916.0, 363374.0 ], [ 241918.0, 363374.0 ], [ 241918.0, 363376.0 ], [ 241920.0, 363376.0 ], [ 241920.0, 363378.0 ], [ 241922.0, 363378.0 ], [ 241922.0, 363380.0 ], [ 241924.0, 363380.0 ], [ 241924.0, 363382.0 ], [ 241926.0, 363382.0 ], [ 241926.0, 363384.0 ], [ 241928.0, 363384.0 ], [ 241928.0, 363386.0 ], [ 241930.0, 363386.0 ], [ 241930.0, 363388.0 ], [ 241934.0, 363388.0 ], [ 241934.0, 363390.0 ], [ 241936.0, 363390.0 ], [ 241936.0, 363392.0 ], [ 241938.0, 363392.0 ], [ 241938.0, 363394.0 ], [ 241940.0, 363394.0 ], [ 241940.0, 363396.0 ], [ 241942.0, 363396.0 ], [ 241942.0, 363398.0 ], [ 241946.0, 363398.0 ], [ 241946.0, 363400.0 ], [ 241948.0, 363400.0 ], [ 241948.0, 363402.0 ], [ 241952.0, 363402.0 ], [ 241952.0, 363404.0 ], [ 241954.0, 363404.0 ], [ 241954.0, 363406.0 ], [ 241958.0, 363406.0 ], [ 241958.0, 363408.0 ], [ 241960.0, 363408.0 ], [ 241960.0, 363410.0 ], [ 241964.0, 363410.0 ], [ 241964.0, 363412.0 ], [ 241966.0, 363412.0 ], [ 241966.0, 363414.0 ], [ 241970.0, 363414.0 ], [ 241970.0, 363416.0 ], [ 241974.0, 363416.0 ], [ 241974.0, 363418.0 ], [ 241978.0, 363418.0 ], [ 241978.0, 363420.0 ], [ 241982.0, 363420.0 ], [ 241982.0, 363422.0 ], [ 241984.0, 363422.0 ], [ 241984.0, 363424.0 ], [ 241986.0, 363424.0 ], [ 241986.0, 363428.0 ], [ 241988.0, 363428.0 ], [ 241988.0, 363432.0 ], [ 241990.0, 363432.0 ], [ 241990.0, 363434.0 ], [ 241992.0, 363434.0 ], [ 241992.0, 363436.0 ], [ 242030.0, 363436.0 ], [ 242030.0, 363438.0 ], [ 242032.0, 363438.0 ], [ 242032.0, 363442.0 ], [ 242034.0, 363442.0 ], [ 242034.0, 363444.0 ], [ 242036.0, 363444.0 ], [ 242036.0, 363446.0 ], [ 242038.0, 363446.0 ], [ 242038.0, 363450.0 ], [ 242040.0, 363450.0 ], [ 242040.0, 363452.0 ], [ 242042.0, 363452.0 ], [ 242042.0, 363454.0 ], [ 242044.0, 363454.0 ], [ 242044.0, 363456.0 ], [ 242046.0, 363456.0 ], [ 242046.0, 363458.0 ], [ 242048.0, 363458.0 ], [ 242048.0, 363460.0 ], [ 242050.0, 363460.0 ], [ 242050.0, 363462.0 ], [ 242052.0, 363462.0 ], [ 242052.0, 363464.0 ], [ 242056.0, 363464.0 ], [ 242056.0, 363466.0 ], [ 242058.0, 363466.0 ], [ 242058.0, 363468.0 ], [ 242062.0, 363468.0 ], [ 242062.0, 363470.0 ], [ 242064.0, 363470.0 ], [ 242064.0, 363472.0 ], [ 242068.0, 363472.0 ], [ 242068.0, 363474.0 ], [ 242070.0, 363474.0 ], [ 242070.0, 363476.0 ], [ 242072.0, 363476.0 ], [ 242072.0, 363478.0 ], [ 242076.0, 363478.0 ], [ 242076.0, 363480.0 ], [ 242078.0, 363480.0 ], [ 242078.0, 363482.0 ], [ 242080.0, 363482.0 ], [ 242080.0, 363484.0 ], [ 242082.0, 363484.0 ], [ 242082.0, 363486.0 ], [ 242086.0, 363486.0 ], [ 242086.0, 363488.0 ], [ 242088.0, 363488.0 ], [ 242088.0, 363490.0 ], [ 242090.0, 363490.0 ], [ 242090.0, 363492.0 ], [ 242094.0, 363492.0 ], [ 242094.0, 363494.0 ], [ 242100.0, 363494.0 ], [ 242100.0, 363496.0 ], [ 242130.0, 363496.0 ], [ 242130.0, 363494.0 ], [ 242132.0, 363494.0 ], [ 242132.0, 363492.0 ], [ 242134.0, 363492.0 ], [ 242134.0, 363490.0 ], [ 242136.0, 363490.0 ], [ 242136.0, 363486.0 ], [ 242138.0, 363486.0 ], [ 242138.0, 363484.0 ], [ 242140.0, 363484.0 ], [ 242140.0, 363480.0 ], [ 242142.0, 363480.0 ], [ 242142.0, 363478.0 ], [ 242144.0, 363478.0 ], [ 242144.0, 363436.0 ], [ 242142.0, 363436.0 ], [ 242142.0, 363428.0 ], [ 242140.0, 363428.0 ], [ 242140.0, 363420.0 ], [ 242138.0, 363420.0 ], [ 242138.0, 363412.0 ], [ 242136.0, 363412.0 ], [ 242136.0, 363402.0 ], [ 242134.0, 363402.0 ], [ 242134.0, 363392.0 ], [ 242132.0, 363392.0 ], [ 242132.0, 363386.0 ], [ 242130.0, 363386.0 ], [ 242130.0, 363378.0 ], [ 242128.0, 363378.0 ], [ 242128.0, 363372.0 ], [ 242126.0, 363372.0 ], [ 242126.0, 363366.0 ], [ 242124.0, 363366.0 ], [ 242124.0, 363362.0 ], [ 242122.0, 363362.0 ], [ 242122.0, 363356.0 ], [ 242120.0, 363356.0 ], [ 242120.0, 363352.0 ], [ 242118.0, 363352.0 ], [ 242118.0, 363350.0 ], [ 242116.0, 363350.0 ], [ 242116.0, 363344.0 ], [ 242114.0, 363344.0 ], [ 242114.0, 363340.0 ], [ 242112.0, 363340.0 ], [ 242112.0, 363334.0 ], [ 242110.0, 363334.0 ], [ 242110.0, 363330.0 ], [ 242108.0, 363330.0 ], [ 242108.0, 363324.0 ], [ 242106.0, 363324.0 ], [ 242106.0, 363320.0 ], [ 242104.0, 363320.0 ], [ 242104.0, 363316.0 ], [ 242102.0, 363316.0 ], [ 242102.0, 363310.0 ], [ 242104.0, 363310.0 ], [ 242104.0, 363308.0 ], [ 242106.0, 363308.0 ], [ 242106.0, 363304.0 ], [ 242108.0, 363304.0 ], [ 242108.0, 363300.0 ], [ 242134.0, 363300.0 ], [ 242134.0, 363302.0 ], [ 242138.0, 363302.0 ], [ 242138.0, 363304.0 ], [ 242140.0, 363304.0 ], [ 242140.0, 363306.0 ], [ 242142.0, 363306.0 ], [ 242142.0, 363308.0 ], [ 242144.0, 363308.0 ], [ 242144.0, 363310.0 ], [ 242146.0, 363310.0 ], [ 242146.0, 363312.0 ], [ 242148.0, 363312.0 ], [ 242148.0, 363316.0 ], [ 242150.0, 363316.0 ], [ 242150.0, 363318.0 ], [ 242152.0, 363318.0 ], [ 242152.0, 363320.0 ], [ 242154.0, 363320.0 ], [ 242154.0, 363322.0 ], [ 242156.0, 363322.0 ], [ 242156.0, 363324.0 ], [ 242158.0, 363324.0 ], [ 242158.0, 363326.0 ], [ 242160.0, 363326.0 ], [ 242160.0, 363330.0 ], [ 242162.0, 363330.0 ], [ 242162.0, 363332.0 ], [ 242164.0, 363332.0 ], [ 242164.0, 363334.0 ], [ 242166.0, 363334.0 ], [ 242166.0, 363336.0 ], [ 242168.0, 363336.0 ], [ 242168.0, 363338.0 ], [ 242170.0, 363338.0 ], [ 242170.0, 363340.0 ], [ 242172.0, 363340.0 ], [ 242172.0, 363344.0 ], [ 242174.0, 363344.0 ], [ 242174.0, 363346.0 ], [ 242176.0, 363346.0 ], [ 242176.0, 363348.0 ], [ 242178.0, 363348.0 ], [ 242178.0, 363350.0 ], [ 242180.0, 363350.0 ], [ 242180.0, 363354.0 ], [ 242182.0, 363354.0 ], [ 242182.0, 363356.0 ], [ 242184.0, 363356.0 ], [ 242184.0, 363358.0 ], [ 242186.0, 363358.0 ], [ 242186.0, 363360.0 ], [ 242188.0, 363360.0 ], [ 242188.0, 363364.0 ], [ 242190.0, 363364.0 ], [ 242190.0, 363366.0 ], [ 242192.0, 363366.0 ], [ 242192.0, 363368.0 ], [ 242194.0, 363368.0 ], [ 242194.0, 363370.0 ], [ 242196.0, 363370.0 ], [ 242196.0, 363372.0 ], [ 242198.0, 363372.0 ], [ 242198.0, 363374.0 ], [ 242200.0, 363374.0 ], [ 242200.0, 363376.0 ], [ 242202.0, 363376.0 ], [ 242202.0, 363378.0 ], [ 242204.0, 363378.0 ], [ 242204.0, 363380.0 ], [ 242206.0, 363380.0 ], [ 242206.0, 363382.0 ], [ 242208.0, 363382.0 ], [ 242208.0, 363384.0 ], [ 242210.0, 363384.0 ], [ 242210.0, 363386.0 ], [ 242212.0, 363386.0 ], [ 242212.0, 363388.0 ], [ 242214.0, 363388.0 ], [ 242214.0, 363390.0 ], [ 242216.0, 363390.0 ], [ 242216.0, 363392.0 ], [ 242218.0, 363392.0 ], [ 242218.0, 363394.0 ], [ 242220.0, 363394.0 ], [ 242220.0, 363396.0 ], [ 242222.0, 363396.0 ], [ 242222.0, 363398.0 ], [ 242224.0, 363398.0 ], [ 242224.0, 363400.0 ], [ 242226.0, 363400.0 ], [ 242226.0, 363402.0 ], [ 242228.0, 363402.0 ], [ 242228.0, 363404.0 ], [ 242230.0, 363404.0 ], [ 242230.0, 363406.0 ], [ 242232.0, 363406.0 ], [ 242232.0, 363408.0 ], [ 242236.0, 363408.0 ], [ 242236.0, 363410.0 ], [ 242238.0, 363410.0 ], [ 242238.0, 363412.0 ], [ 242240.0, 363412.0 ], [ 242240.0, 363414.0 ], [ 242242.0, 363414.0 ], [ 242242.0, 363416.0 ], [ 242246.0, 363416.0 ], [ 242246.0, 363418.0 ], [ 242248.0, 363418.0 ], [ 242248.0, 363420.0 ], [ 242250.0, 363420.0 ], [ 242250.0, 363422.0 ], [ 242252.0, 363422.0 ], [ 242252.0, 363424.0 ], [ 242254.0, 363424.0 ], [ 242254.0, 363426.0 ], [ 242256.0, 363426.0 ], [ 242256.0, 363430.0 ], [ 242258.0, 363430.0 ], [ 242258.0, 363432.0 ], [ 242260.0, 363432.0 ], [ 242260.0, 363434.0 ], [ 242262.0, 363434.0 ], [ 242262.0, 363456.0 ], [ 242264.0, 363456.0 ], [ 242264.0, 363462.0 ], [ 242266.0, 363462.0 ], [ 242266.0, 363470.0 ], [ 242268.0, 363470.0 ], [ 242268.0, 363480.0 ], [ 242270.0, 363480.0 ], [ 242270.0, 363486.0 ], [ 242272.0, 363486.0 ], [ 242272.0, 363492.0 ], [ 242274.0, 363492.0 ], [ 242274.0, 363496.0 ], [ 242276.0, 363496.0 ], [ 242276.0, 363498.0 ], [ 242278.0, 363498.0 ], [ 242278.0, 363500.0 ], [ 242280.0, 363500.0 ], [ 242280.0, 363502.0 ], [ 242282.0, 363502.0 ], [ 242282.0, 363504.0 ], [ 242286.0, 363504.0 ], [ 242286.0, 363506.0 ], [ 242292.0, 363506.0 ], [ 242292.0, 363508.0 ], [ 242296.0, 363508.0 ], [ 242296.0, 363510.0 ], [ 242302.0, 363510.0 ], [ 242302.0, 363512.0 ], [ 242306.0, 363512.0 ], [ 242306.0, 363514.0 ], [ 242308.0, 363514.0 ], [ 242308.0, 363516.0 ], [ 242310.0, 363516.0 ], [ 242310.0, 363520.0 ], [ 242312.0, 363520.0 ], [ 242312.0, 363524.0 ], [ 242314.0, 363524.0 ], [ 242314.0, 363528.0 ], [ 242316.0, 363528.0 ], [ 242316.0, 363532.0 ], [ 242318.0, 363532.0 ], [ 242318.0, 363536.0 ], [ 242320.0, 363536.0 ], [ 242320.0, 363540.0 ], [ 242322.0, 363540.0 ], [ 242322.0, 363542.0 ], [ 242354.0, 363542.0 ], [ 242354.0, 363540.0 ], [ 242356.0, 363540.0 ], [ 242356.0, 363538.0 ], [ 242358.0, 363538.0 ], [ 242358.0, 363502.0 ], [ 242356.0, 363502.0 ], [ 242356.0, 363458.0 ], [ 242358.0, 363458.0 ], [ 242358.0, 363450.0 ], [ 242360.0, 363450.0 ], [ 242360.0, 363446.0 ], [ 242362.0, 363446.0 ], [ 242362.0, 363442.0 ], [ 242364.0, 363442.0 ], [ 242364.0, 363438.0 ], [ 242366.0, 363438.0 ], [ 242366.0, 363434.0 ], [ 242368.0, 363434.0 ], [ 242368.0, 363430.0 ], [ 242370.0, 363430.0 ], [ 242370.0, 363426.0 ], [ 242372.0, 363426.0 ], [ 242372.0, 363422.0 ], [ 242374.0, 363422.0 ], [ 242374.0, 363418.0 ], [ 242376.0, 363418.0 ], [ 242376.0, 363414.0 ], [ 242378.0, 363414.0 ], [ 242378.0, 363408.0 ], [ 242376.0, 363408.0 ], [ 242376.0, 363404.0 ], [ 242374.0, 363404.0 ], [ 242374.0, 363402.0 ], [ 242372.0, 363402.0 ], [ 242372.0, 363398.0 ], [ 242370.0, 363398.0 ], [ 242370.0, 363396.0 ], [ 242368.0, 363396.0 ], [ 242368.0, 363392.0 ], [ 242366.0, 363392.0 ], [ 242366.0, 363386.0 ], [ 242364.0, 363386.0 ], [ 242364.0, 363374.0 ], [ 242362.0, 363374.0 ], [ 242362.0, 363362.0 ], [ 242360.0, 363362.0 ], [ 242360.0, 363358.0 ], [ 242358.0, 363358.0 ], [ 242358.0, 363354.0 ], [ 242356.0, 363354.0 ], [ 242356.0, 363350.0 ], [ 242354.0, 363350.0 ], [ 242354.0, 363346.0 ], [ 242352.0, 363346.0 ], [ 242352.0, 363342.0 ], [ 242350.0, 363342.0 ], [ 242350.0, 363340.0 ], [ 242348.0, 363340.0 ], [ 242348.0, 363338.0 ], [ 242346.0, 363338.0 ], [ 242346.0, 363336.0 ], [ 242344.0, 363336.0 ], [ 242344.0, 363334.0 ], [ 242342.0, 363334.0 ], [ 242342.0, 363332.0 ], [ 242340.0, 363332.0 ], [ 242340.0, 363330.0 ], [ 242338.0, 363330.0 ], [ 242338.0, 363328.0 ], [ 242336.0, 363328.0 ], [ 242336.0, 363326.0 ], [ 242334.0, 363326.0 ], [ 242334.0, 363324.0 ], [ 242332.0, 363324.0 ], [ 242332.0, 363322.0 ], [ 242330.0, 363322.0 ], [ 242330.0, 363320.0 ], [ 242328.0, 363320.0 ], [ 242328.0, 363318.0 ], [ 242326.0, 363318.0 ], [ 242326.0, 363316.0 ], [ 242324.0, 363316.0 ], [ 242324.0, 363312.0 ], [ 242322.0, 363312.0 ], [ 242322.0, 363310.0 ], [ 242320.0, 363310.0 ], [ 242320.0, 363306.0 ], [ 242318.0, 363306.0 ], [ 242318.0, 363304.0 ], [ 242316.0, 363304.0 ], [ 242316.0, 363300.0 ], [ 242314.0, 363300.0 ], [ 242314.0, 363294.0 ], [ 242312.0, 363294.0 ], [ 242312.0, 363288.0 ], [ 242310.0, 363288.0 ], [ 242310.0, 363284.0 ], [ 242308.0, 363284.0 ], [ 242308.0, 363278.0 ], [ 242306.0, 363278.0 ], [ 242306.0, 363272.0 ], [ 242304.0, 363272.0 ], [ 242304.0, 363258.0 ], [ 242302.0, 363258.0 ], [ 242302.0, 363252.0 ], [ 242300.0, 363252.0 ], [ 242300.0, 363248.0 ], [ 242298.0, 363248.0 ], [ 242298.0, 363242.0 ], [ 242296.0, 363242.0 ], [ 242296.0, 363210.0 ], [ 242298.0, 363210.0 ], [ 242298.0, 363208.0 ], [ 242300.0, 363208.0 ], [ 242300.0, 363206.0 ], [ 242302.0, 363206.0 ], [ 242302.0, 363204.0 ], [ 242304.0, 363204.0 ], [ 242304.0, 363202.0 ], [ 242306.0, 363202.0 ], [ 242306.0, 363200.0 ], [ 242308.0, 363200.0 ], [ 242308.0, 363198.0 ], [ 242310.0, 363198.0 ], [ 242310.0, 363182.0 ], [ 242344.0, 363182.0 ], [ 242344.0, 363184.0 ], [ 242350.0, 363184.0 ], [ 242350.0, 363186.0 ], [ 242356.0, 363186.0 ], [ 242356.0, 363188.0 ], [ 242360.0, 363188.0 ], [ 242360.0, 363190.0 ], [ 242364.0, 363190.0 ], [ 242364.0, 363188.0 ], [ 242368.0, 363188.0 ], [ 242368.0, 363186.0 ], [ 242370.0, 363186.0 ], [ 242370.0, 363184.0 ], [ 242372.0, 363184.0 ], [ 242372.0, 363180.0 ], [ 242374.0, 363180.0 ], [ 242374.0, 363178.0 ], [ 242376.0, 363178.0 ], [ 242376.0, 363174.0 ], [ 242378.0, 363174.0 ], [ 242378.0, 363170.0 ], [ 242380.0, 363170.0 ], [ 242380.0, 363134.0 ], [ 242382.0, 363134.0 ], [ 242382.0, 363122.0 ], [ 242384.0, 363122.0 ], [ 242384.0, 363120.0 ], [ 242386.0, 363120.0 ], [ 242386.0, 363116.0 ], [ 242388.0, 363116.0 ], [ 242388.0, 363114.0 ], [ 242394.0, 363114.0 ], [ 242394.0, 363112.0 ], [ 242398.0, 363112.0 ], [ 242398.0, 363110.0 ], [ 242402.0, 363110.0 ], [ 242402.0, 363108.0 ], [ 242404.0, 363108.0 ], [ 242404.0, 363104.0 ], [ 242406.0, 363104.0 ], [ 242406.0, 363102.0 ], [ 242408.0, 363102.0 ], [ 242408.0, 363096.0 ], [ 242410.0, 363096.0 ], [ 242410.0, 363062.0 ], [ 242408.0, 363062.0 ], [ 242408.0, 363060.0 ], [ 242404.0, 363060.0 ], [ 242404.0, 363058.0 ], [ 242402.0, 363058.0 ], [ 242402.0, 363056.0 ], [ 242398.0, 363056.0 ], [ 242398.0, 363054.0 ], [ 242372.0, 363054.0 ], [ 242372.0, 363052.0 ], [ 242370.0, 363052.0 ], [ 242370.0, 363048.0 ], [ 242368.0, 363048.0 ], [ 242368.0, 363044.0 ], [ 242366.0, 363044.0 ], [ 242366.0, 363042.0 ], [ 242364.0, 363042.0 ], [ 242364.0, 363040.0 ], [ 242362.0, 363040.0 ], [ 242362.0, 363038.0 ], [ 242360.0, 363038.0 ], [ 242360.0, 363036.0 ], [ 242358.0, 363036.0 ], [ 242358.0, 363034.0 ], [ 242356.0, 363034.0 ], [ 242356.0, 363032.0 ], [ 242354.0, 363032.0 ], [ 242354.0, 363030.0 ], [ 242352.0, 363030.0 ], [ 242352.0, 363028.0 ], [ 242348.0, 363028.0 ], [ 242348.0, 363026.0 ], [ 242346.0, 363026.0 ], [ 242346.0, 363024.0 ], [ 242344.0, 363024.0 ], [ 242344.0, 363022.0 ], [ 242342.0, 363022.0 ], [ 242342.0, 363020.0 ], [ 242340.0, 363020.0 ], [ 242340.0, 363018.0 ], [ 242336.0, 363018.0 ], [ 242336.0, 363016.0 ], [ 242332.0, 363016.0 ], [ 242332.0, 363014.0 ], [ 242330.0, 363014.0 ], [ 242330.0, 363012.0 ], [ 242324.0, 363012.0 ], [ 242324.0, 363010.0 ], [ 242318.0, 363010.0 ], [ 242318.0, 363008.0 ], [ 242310.0, 363008.0 ], [ 242310.0, 363006.0 ], [ 242300.0, 363006.0 ], [ 242300.0, 363004.0 ], [ 242282.0, 363004.0 ], [ 242282.0, 363002.0 ], [ 242276.0, 363002.0 ], [ 242276.0, 363000.0 ], [ 242270.0, 363000.0 ], [ 242270.0, 362998.0 ], [ 242268.0, 362998.0 ], [ 242268.0, 362996.0 ], [ 242262.0, 362996.0 ], [ 242262.0, 362994.0 ], [ 242236.0, 362994.0 ], [ 242236.0, 362988.0 ], [ 242234.0, 362988.0 ], [ 242234.0, 362984.0 ], [ 242232.0, 362984.0 ], [ 242232.0, 362982.0 ], [ 242230.0, 362982.0 ], [ 242230.0, 362940.0 ], [ 242232.0, 362940.0 ], [ 242232.0, 362910.0 ], [ 242230.0, 362910.0 ], [ 242230.0, 362906.0 ], [ 242228.0, 362906.0 ], [ 242228.0, 362900.0 ], [ 242226.0, 362900.0 ], [ 242226.0, 362894.0 ], [ 242224.0, 362894.0 ], [ 242224.0, 362888.0 ], [ 242222.0, 362888.0 ], [ 242222.0, 362884.0 ], [ 242220.0, 362884.0 ], [ 242220.0, 362880.0 ], [ 242218.0, 362880.0 ], [ 242218.0, 362874.0 ], [ 242216.0, 362874.0 ], [ 242216.0, 362870.0 ], [ 242214.0, 362870.0 ], [ 242214.0, 362866.0 ], [ 242212.0, 362866.0 ], [ 242212.0, 362840.0 ], [ 242210.0, 362840.0 ], [ 242210.0, 362838.0 ], [ 242208.0, 362838.0 ], [ 242208.0, 362782.0 ], [ 242206.0, 362782.0 ], [ 242206.0, 362778.0 ], [ 242204.0, 362778.0 ], [ 242204.0, 362774.0 ], [ 242202.0, 362774.0 ], [ 242202.0, 362770.0 ], [ 242200.0, 362770.0 ], [ 242200.0, 362768.0 ], [ 242198.0, 362768.0 ], [ 242198.0, 362766.0 ], [ 242196.0, 362766.0 ], [ 242196.0, 362762.0 ], [ 242194.0, 362762.0 ], [ 242194.0, 362760.0 ], [ 242192.0, 362760.0 ], [ 242192.0, 362758.0 ], [ 242190.0, 362758.0 ], [ 242190.0, 362754.0 ], [ 242188.0, 362754.0 ], [ 242188.0, 362752.0 ], [ 242186.0, 362752.0 ], [ 242186.0, 362750.0 ], [ 242184.0, 362750.0 ], [ 242184.0, 362746.0 ], [ 242182.0, 362746.0 ], [ 242182.0, 362744.0 ], [ 242180.0, 362744.0 ], [ 242180.0, 362740.0 ], [ 242178.0, 362740.0 ], [ 242178.0, 362736.0 ], [ 242176.0, 362736.0 ], [ 242176.0, 362684.0 ], [ 242174.0, 362684.0 ], [ 242174.0, 362682.0 ], [ 242172.0, 362682.0 ], [ 242172.0, 362680.0 ], [ 242170.0, 362680.0 ], [ 242170.0, 362676.0 ], [ 242168.0, 362676.0 ], [ 242168.0, 362674.0 ], [ 242166.0, 362674.0 ], [ 242166.0, 362668.0 ], [ 242164.0, 362668.0 ], [ 242164.0, 362664.0 ], [ 242162.0, 362664.0 ], [ 242162.0, 362660.0 ], [ 242160.0, 362660.0 ], [ 242160.0, 362658.0 ], [ 242158.0, 362658.0 ], [ 242158.0, 362656.0 ], [ 242156.0, 362656.0 ], [ 242156.0, 362654.0 ], [ 242154.0, 362654.0 ], [ 242154.0, 362652.0 ], [ 242152.0, 362652.0 ], [ 242152.0, 362650.0 ], [ 242150.0, 362650.0 ], [ 242150.0, 362648.0 ], [ 242148.0, 362648.0 ], [ 242148.0, 362646.0 ], [ 242146.0, 362646.0 ], [ 242146.0, 362644.0 ], [ 242144.0, 362644.0 ], [ 242144.0, 362640.0 ], [ 242142.0, 362640.0 ], [ 242142.0, 362616.0 ], [ 242140.0, 362616.0 ], [ 242140.0, 362610.0 ], [ 242138.0, 362610.0 ], [ 242138.0, 362606.0 ], [ 242136.0, 362606.0 ], [ 242136.0, 362602.0 ], [ 242134.0, 362602.0 ], [ 242134.0, 362598.0 ], [ 242132.0, 362598.0 ], [ 242132.0, 362596.0 ], [ 242130.0, 362596.0 ], [ 242130.0, 362594.0 ], [ 242132.0, 362594.0 ], [ 242132.0, 362590.0 ], [ 242134.0, 362590.0 ], [ 242134.0, 362586.0 ], [ 242136.0, 362586.0 ], [ 242136.0, 362584.0 ], [ 242138.0, 362584.0 ], [ 242138.0, 362580.0 ], [ 242140.0, 362580.0 ], [ 242140.0, 362576.0 ], [ 242142.0, 362576.0 ], [ 242142.0, 362574.0 ], [ 242144.0, 362574.0 ], [ 242144.0, 362572.0 ], [ 242146.0, 362572.0 ], [ 242146.0, 362570.0 ], [ 242148.0, 362570.0 ], [ 242148.0, 362566.0 ], [ 242150.0, 362566.0 ], [ 242150.0, 362564.0 ], [ 242152.0, 362564.0 ], [ 242152.0, 362562.0 ], [ 242154.0, 362562.0 ], [ 242154.0, 362558.0 ], [ 242158.0, 362558.0 ], [ 242158.0, 362556.0 ], [ 242192.0, 362556.0 ], [ 242192.0, 362558.0 ], [ 242194.0, 362558.0 ], [ 242194.0, 362560.0 ], [ 242196.0, 362560.0 ], [ 242196.0, 362562.0 ], [ 242198.0, 362562.0 ], [ 242198.0, 362564.0 ], [ 242200.0, 362564.0 ], [ 242200.0, 362566.0 ], [ 242202.0, 362566.0 ], [ 242202.0, 362568.0 ], [ 242206.0, 362568.0 ], [ 242206.0, 362570.0 ], [ 242208.0, 362570.0 ], [ 242208.0, 362572.0 ], [ 242212.0, 362572.0 ], [ 242212.0, 362574.0 ], [ 242216.0, 362574.0 ], [ 242216.0, 362576.0 ], [ 242218.0, 362576.0 ], [ 242218.0, 362578.0 ], [ 242220.0, 362578.0 ], [ 242220.0, 362582.0 ], [ 242222.0, 362582.0 ], [ 242222.0, 362584.0 ], [ 242224.0, 362584.0 ], [ 242224.0, 362588.0 ], [ 242226.0, 362588.0 ], [ 242226.0, 362592.0 ], [ 242228.0, 362592.0 ], [ 242228.0, 362594.0 ], [ 242230.0, 362594.0 ], [ 242230.0, 362598.0 ], [ 242232.0, 362598.0 ], [ 242232.0, 362602.0 ], [ 242234.0, 362602.0 ], [ 242234.0, 362604.0 ], [ 242236.0, 362604.0 ], [ 242236.0, 362608.0 ], [ 242238.0, 362608.0 ], [ 242238.0, 362612.0 ], [ 242240.0, 362612.0 ], [ 242240.0, 362616.0 ], [ 242242.0, 362616.0 ], [ 242242.0, 362618.0 ], [ 242244.0, 362618.0 ], [ 242244.0, 362622.0 ], [ 242246.0, 362622.0 ], [ 242246.0, 362624.0 ], [ 242248.0, 362624.0 ], [ 242248.0, 362628.0 ], [ 242250.0, 362628.0 ], [ 242250.0, 362630.0 ], [ 242252.0, 362630.0 ], [ 242252.0, 362634.0 ], [ 242254.0, 362634.0 ], [ 242254.0, 362638.0 ], [ 242256.0, 362638.0 ], [ 242256.0, 362642.0 ], [ 242258.0, 362642.0 ], [ 242258.0, 362646.0 ], [ 242260.0, 362646.0 ], [ 242260.0, 362648.0 ], [ 242262.0, 362648.0 ], [ 242262.0, 362650.0 ], [ 242264.0, 362650.0 ], [ 242264.0, 362652.0 ], [ 242266.0, 362652.0 ], [ 242266.0, 362654.0 ], [ 242268.0, 362654.0 ], [ 242268.0, 362656.0 ], [ 242272.0, 362656.0 ], [ 242272.0, 362658.0 ], [ 242278.0, 362658.0 ], [ 242278.0, 362660.0 ], [ 242282.0, 362660.0 ], [ 242282.0, 362662.0 ], [ 242284.0, 362662.0 ], [ 242284.0, 362664.0 ], [ 242290.0, 362664.0 ], [ 242290.0, 362666.0 ], [ 242294.0, 362666.0 ], [ 242294.0, 362668.0 ], [ 242298.0, 362668.0 ], [ 242298.0, 362670.0 ], [ 242304.0, 362670.0 ], [ 242304.0, 362672.0 ], [ 242308.0, 362672.0 ], [ 242308.0, 362674.0 ], [ 242310.0, 362674.0 ], [ 242310.0, 362672.0 ], [ 242312.0, 362672.0 ], [ 242312.0, 362670.0 ], [ 242314.0, 362670.0 ], [ 242314.0, 362668.0 ], [ 242318.0, 362668.0 ], [ 242318.0, 362666.0 ], [ 242336.0, 362666.0 ], [ 242336.0, 362664.0 ], [ 242338.0, 362664.0 ], [ 242338.0, 362660.0 ], [ 242340.0, 362660.0 ], [ 242340.0, 362634.0 ], [ 242400.0, 362634.0 ], [ 242400.0, 362636.0 ], [ 242404.0, 362636.0 ], [ 242404.0, 362638.0 ], [ 242408.0, 362638.0 ], [ 242408.0, 362640.0 ], [ 242410.0, 362640.0 ], [ 242410.0, 362642.0 ], [ 242412.0, 362642.0 ], [ 242412.0, 362644.0 ], [ 242416.0, 362644.0 ], [ 242416.0, 362642.0 ], [ 242418.0, 362642.0 ], [ 242418.0, 362634.0 ], [ 242420.0, 362634.0 ], [ 242420.0, 362626.0 ], [ 242422.0, 362626.0 ], [ 242422.0, 362622.0 ], [ 242424.0, 362622.0 ], [ 242424.0, 362598.0 ], [ 242426.0, 362598.0 ], [ 242426.0, 362592.0 ], [ 242428.0, 362592.0 ], [ 242428.0, 362582.0 ], [ 242430.0, 362582.0 ], [ 242430.0, 362544.0 ], [ 242426.0, 362544.0 ], [ 242426.0, 362582.0 ], [ 242424.0, 362582.0 ], [ 242424.0, 362592.0 ], [ 242422.0, 362592.0 ], [ 242422.0, 362598.0 ], [ 242420.0, 362598.0 ], [ 242420.0, 362622.0 ], [ 242418.0, 362622.0 ], [ 242418.0, 362626.0 ], [ 242416.0, 362626.0 ], [ 242416.0, 362634.0 ], [ 242414.0, 362634.0 ], [ 242414.0, 362640.0 ], [ 242412.0, 362640.0 ], [ 242412.0, 362638.0 ], [ 242410.0, 362638.0 ], [ 242410.0, 362636.0 ], [ 242408.0, 362636.0 ], [ 242408.0, 362634.0 ], [ 242404.0, 362634.0 ], [ 242404.0, 362632.0 ], [ 242400.0, 362632.0 ], [ 242400.0, 362630.0 ], [ 242340.0, 362630.0 ], [ 242340.0, 362628.0 ], [ 242338.0, 362628.0 ], [ 242338.0, 362630.0 ], [ 242336.0, 362630.0 ], [ 242336.0, 362660.0 ], [ 242334.0, 362660.0 ], [ 242334.0, 362662.0 ], [ 242318.0, 362662.0 ], [ 242318.0, 362664.0 ], [ 242314.0, 362664.0 ], [ 242314.0, 362666.0 ], [ 242312.0, 362666.0 ], [ 242312.0, 362668.0 ], [ 242310.0, 362668.0 ], [ 242310.0, 362670.0 ], [ 242308.0, 362670.0 ], [ 242308.0, 362668.0 ], [ 242304.0, 362668.0 ], [ 242304.0, 362666.0 ], [ 242298.0, 362666.0 ], [ 242298.0, 362664.0 ], [ 242294.0, 362664.0 ], [ 242294.0, 362662.0 ], [ 242290.0, 362662.0 ], [ 242290.0, 362660.0 ], [ 242284.0, 362660.0 ], [ 242284.0, 362658.0 ], [ 242282.0, 362658.0 ], [ 242282.0, 362656.0 ], [ 242278.0, 362656.0 ], [ 242278.0, 362654.0 ], [ 242272.0, 362654.0 ], [ 242272.0, 362652.0 ], [ 242268.0, 362652.0 ], [ 242268.0, 362650.0 ], [ 242266.0, 362650.0 ], [ 242266.0, 362648.0 ], [ 242264.0, 362648.0 ], [ 242264.0, 362646.0 ], [ 242262.0, 362646.0 ], [ 242262.0, 362642.0 ], [ 242260.0, 362642.0 ], [ 242260.0, 362638.0 ], [ 242258.0, 362638.0 ], [ 242258.0, 362634.0 ], [ 242256.0, 362634.0 ], [ 242256.0, 362630.0 ], [ 242254.0, 362630.0 ], [ 242254.0, 362628.0 ], [ 242252.0, 362628.0 ], [ 242252.0, 362624.0 ], [ 242250.0, 362624.0 ], [ 242250.0, 362622.0 ], [ 242248.0, 362622.0 ], [ 242248.0, 362618.0 ], [ 242246.0, 362618.0 ], [ 242246.0, 362616.0 ], [ 242244.0, 362616.0 ], [ 242244.0, 362612.0 ], [ 242242.0, 362612.0 ], [ 242242.0, 362608.0 ], [ 242240.0, 362608.0 ], [ 242240.0, 362604.0 ], [ 242238.0, 362604.0 ], [ 242238.0, 362602.0 ], [ 242236.0, 362602.0 ], [ 242236.0, 362598.0 ], [ 242234.0, 362598.0 ], [ 242234.0, 362594.0 ], [ 242232.0, 362594.0 ], [ 242232.0, 362592.0 ], [ 242230.0, 362592.0 ], [ 242230.0, 362588.0 ], [ 242228.0, 362588.0 ], [ 242228.0, 362584.0 ], [ 242226.0, 362584.0 ], [ 242226.0, 362582.0 ], [ 242224.0, 362582.0 ], [ 242224.0, 362578.0 ], [ 242222.0, 362578.0 ], [ 242222.0, 362576.0 ], [ 242220.0, 362576.0 ], [ 242220.0, 362574.0 ], [ 242218.0, 362574.0 ], [ 242218.0, 362572.0 ], [ 242216.0, 362572.0 ], [ 242216.0, 362570.0 ], [ 242212.0, 362570.0 ], [ 242212.0, 362568.0 ], [ 242208.0, 362568.0 ], [ 242208.0, 362566.0 ], [ 242206.0, 362566.0 ], [ 242206.0, 362564.0 ], [ 242202.0, 362564.0 ], [ 242202.0, 362562.0 ], [ 242200.0, 362562.0 ], [ 242200.0, 362560.0 ], [ 242198.0, 362560.0 ], [ 242198.0, 362558.0 ], [ 242196.0, 362558.0 ], [ 242196.0, 362554.0 ], [ 242194.0, 362554.0 ], [ 242194.0, 362552.0 ], [ 242192.0, 362552.0 ], [ 242192.0, 362546.0 ], [ 242190.0, 362546.0 ], [ 242190.0, 362544.0 ], [ 242186.0, 362544.0 ], [ 242186.0, 362546.0 ], [ 242188.0, 362546.0 ], [ 242188.0, 362552.0 ], [ 242158.0, 362552.0 ], [ 242158.0, 362554.0 ], [ 242154.0, 362554.0 ], [ 242154.0, 362556.0 ], [ 242152.0, 362556.0 ], [ 242152.0, 362558.0 ], [ 242150.0, 362558.0 ], [ 242150.0, 362562.0 ], [ 242148.0, 362562.0 ], [ 242148.0, 362564.0 ], [ 242146.0, 362564.0 ], [ 242146.0, 362566.0 ], [ 242144.0, 362566.0 ], [ 242144.0, 362570.0 ], [ 242142.0, 362570.0 ], [ 242142.0, 362572.0 ], [ 242140.0, 362572.0 ], [ 242140.0, 362574.0 ], [ 242138.0, 362574.0 ], [ 242138.0, 362576.0 ], [ 242136.0, 362576.0 ], [ 242136.0, 362580.0 ], [ 242134.0, 362580.0 ], [ 242134.0, 362584.0 ], [ 242132.0, 362584.0 ], [ 242132.0, 362586.0 ], [ 242130.0, 362586.0 ], [ 242130.0, 362590.0 ], [ 242068.0, 362590.0 ], [ 242068.0, 362592.0 ], [ 242066.0, 362592.0 ], [ 242066.0, 362596.0 ], [ 242064.0, 362596.0 ], [ 242064.0, 362590.0 ], [ 242062.0, 362590.0 ], [ 242062.0, 362584.0 ], [ 242060.0, 362584.0 ], [ 242060.0, 362580.0 ], [ 242058.0, 362580.0 ], [ 242058.0, 362576.0 ], [ 242056.0, 362576.0 ], [ 242056.0, 362574.0 ], [ 242054.0, 362574.0 ], [ 242054.0, 362572.0 ], [ 242052.0, 362572.0 ], [ 242052.0, 362570.0 ], [ 242050.0, 362570.0 ], [ 242050.0, 362568.0 ], [ 242048.0, 362568.0 ], [ 242048.0, 362566.0 ], [ 242044.0, 362566.0 ], [ 242044.0, 362564.0 ], [ 242042.0, 362564.0 ], [ 242042.0, 362562.0 ], [ 242040.0, 362562.0 ], [ 242040.0, 362560.0 ], [ 242038.0, 362560.0 ], [ 242038.0, 362558.0 ], [ 242034.0, 362558.0 ], [ 242034.0, 362556.0 ], [ 242032.0, 362556.0 ], [ 242032.0, 362554.0 ], [ 242030.0, 362554.0 ], [ 242030.0, 362552.0 ], [ 242028.0, 362552.0 ], [ 242028.0, 362550.0 ], [ 242026.0, 362550.0 ], [ 242026.0, 362548.0 ], [ 242024.0, 362548.0 ], [ 242024.0, 362546.0 ], [ 242022.0, 362546.0 ], [ 242022.0, 362544.0 ], [ 242018.0, 362544.0 ], [ 242018.0, 362546.0 ], [ 242020.0, 362546.0 ], [ 242020.0, 362548.0 ], [ 242022.0, 362548.0 ], [ 242022.0, 362550.0 ], [ 242024.0, 362550.0 ], [ 242024.0, 362552.0 ], [ 242026.0, 362552.0 ], [ 242026.0, 362554.0 ], [ 242028.0, 362554.0 ], [ 242028.0, 362556.0 ], [ 242030.0, 362556.0 ], [ 242030.0, 362558.0 ], [ 242032.0, 362558.0 ], [ 242032.0, 362560.0 ], [ 242034.0, 362560.0 ], [ 242034.0, 362562.0 ], [ 242038.0, 362562.0 ], [ 242038.0, 362564.0 ], [ 242040.0, 362564.0 ], [ 242040.0, 362566.0 ], [ 242042.0, 362566.0 ], [ 242042.0, 362568.0 ], [ 242044.0, 362568.0 ], [ 242044.0, 362570.0 ], [ 242048.0, 362570.0 ], [ 242048.0, 362572.0 ], [ 242050.0, 362572.0 ], [ 242050.0, 362574.0 ], [ 242052.0, 362574.0 ], [ 242052.0, 362576.0 ], [ 242054.0, 362576.0 ], [ 242054.0, 362580.0 ], [ 242056.0, 362580.0 ], [ 242056.0, 362584.0 ], [ 242058.0, 362584.0 ], [ 242058.0, 362590.0 ], [ 242060.0, 362590.0 ], [ 242060.0, 362600.0 ], [ 242062.0, 362600.0 ], [ 242062.0, 362624.0 ], [ 242060.0, 362624.0 ], [ 242060.0, 362636.0 ], [ 242058.0, 362636.0 ], [ 242058.0, 362640.0 ], [ 242056.0, 362640.0 ], [ 242056.0, 362644.0 ], [ 242054.0, 362644.0 ], [ 242054.0, 362650.0 ], [ 242052.0, 362650.0 ], [ 242052.0, 362656.0 ], [ 242050.0, 362656.0 ], [ 242050.0, 362696.0 ], [ 242052.0, 362696.0 ], [ 242052.0, 362702.0 ], [ 242054.0, 362702.0 ], [ 242054.0, 362706.0 ], [ 242056.0, 362706.0 ], [ 242056.0, 362710.0 ], [ 242054.0, 362710.0 ], [ 242054.0, 362712.0 ], [ 242052.0, 362712.0 ], [ 242052.0, 362714.0 ], [ 242050.0, 362714.0 ], [ 242050.0, 362718.0 ], [ 242048.0, 362718.0 ], [ 242048.0, 362720.0 ], [ 242046.0, 362720.0 ], [ 242046.0, 362722.0 ], [ 242044.0, 362722.0 ], [ 242044.0, 362726.0 ], [ 242042.0, 362726.0 ], [ 242042.0, 362728.0 ], [ 242040.0, 362728.0 ], [ 242040.0, 362730.0 ], [ 242038.0, 362730.0 ], [ 242038.0, 362734.0 ], [ 242036.0, 362734.0 ], [ 242036.0, 362736.0 ], [ 242034.0, 362736.0 ], [ 242034.0, 362740.0 ], [ 242032.0, 362740.0 ], [ 242032.0, 362742.0 ], [ 242030.0, 362742.0 ], [ 242030.0, 362744.0 ], [ 242028.0, 362744.0 ], [ 242028.0, 362746.0 ], [ 242026.0, 362746.0 ], [ 242026.0, 362748.0 ], [ 242024.0, 362748.0 ], [ 242024.0, 362750.0 ], [ 242008.0, 362750.0 ], [ 242008.0, 362748.0 ], [ 241940.0, 362748.0 ], [ 241940.0, 362744.0 ], [ 241938.0, 362744.0 ], [ 241938.0, 362742.0 ], [ 241936.0, 362742.0 ], [ 241936.0, 362740.0 ], [ 241934.0, 362740.0 ], [ 241934.0, 362738.0 ], [ 241930.0, 362738.0 ], [ 241930.0, 362736.0 ], [ 241928.0, 362736.0 ], [ 241928.0, 362734.0 ], [ 241922.0, 362734.0 ], [ 241922.0, 362732.0 ], [ 241918.0, 362732.0 ], [ 241918.0, 362730.0 ], [ 241912.0, 362730.0 ], [ 241912.0, 362728.0 ], [ 241914.0, 362728.0 ], [ 241914.0, 362726.0 ], [ 241916.0, 362726.0 ], [ 241916.0, 362724.0 ], [ 241918.0, 362724.0 ], [ 241918.0, 362722.0 ], [ 241920.0, 362722.0 ], [ 241920.0, 362704.0 ], [ 241922.0, 362704.0 ], [ 241922.0, 362700.0 ], [ 241924.0, 362700.0 ], [ 241924.0, 362698.0 ], [ 241926.0, 362698.0 ], [ 241926.0, 362656.0 ], [ 241928.0, 362656.0 ], [ 241928.0, 362652.0 ], [ 241930.0, 362652.0 ], [ 241930.0, 362644.0 ], [ 241932.0, 362644.0 ], [ 241932.0, 362628.0 ], [ 241930.0, 362628.0 ], [ 241930.0, 362622.0 ], [ 241928.0, 362622.0 ], [ 241928.0, 362616.0 ], [ 241926.0, 362616.0 ], [ 241926.0, 362612.0 ], [ 241924.0, 362612.0 ], [ 241924.0, 362610.0 ], [ 241922.0, 362610.0 ], [ 241922.0, 362608.0 ], [ 241926.0, 362608.0 ], [ 241926.0, 362606.0 ], [ 241932.0, 362606.0 ], [ 241932.0, 362604.0 ], [ 241936.0, 362604.0 ], [ 241936.0, 362602.0 ], [ 241940.0, 362602.0 ], [ 241940.0, 362600.0 ], [ 241942.0, 362600.0 ], [ 241942.0, 362598.0 ], [ 241944.0, 362598.0 ], [ 241944.0, 362596.0 ], [ 241946.0, 362596.0 ], [ 241946.0, 362594.0 ], [ 241948.0, 362594.0 ], [ 241948.0, 362590.0 ], [ 241950.0, 362590.0 ], [ 241950.0, 362564.0 ], [ 241948.0, 362564.0 ], [ 241948.0, 362560.0 ], [ 241946.0, 362560.0 ], [ 241946.0, 362558.0 ], [ 241944.0, 362558.0 ], [ 241944.0, 362554.0 ], [ 241942.0, 362554.0 ], [ 241942.0, 362550.0 ], [ 241940.0, 362550.0 ], [ 241940.0, 362544.0 ], [ 241936.0, 362544.0 ], [ 241936.0, 362550.0 ], [ 241938.0, 362550.0 ], [ 241938.0, 362554.0 ], [ 241940.0, 362554.0 ], [ 241940.0, 362558.0 ], [ 241942.0, 362558.0 ], [ 241942.0, 362560.0 ], [ 241944.0, 362560.0 ], [ 241944.0, 362564.0 ], [ 241946.0, 362564.0 ], [ 241946.0, 362590.0 ], [ 241944.0, 362590.0 ], [ 241944.0, 362594.0 ], [ 241942.0, 362594.0 ], [ 241942.0, 362596.0 ], [ 241940.0, 362596.0 ], [ 241940.0, 362598.0 ], [ 241936.0, 362598.0 ], [ 241936.0, 362600.0 ], [ 241932.0, 362600.0 ], [ 241932.0, 362602.0 ], [ 241926.0, 362602.0 ], [ 241926.0, 362604.0 ], [ 241922.0, 362604.0 ], [ 241922.0, 362606.0 ], [ 241920.0, 362606.0 ], [ 241920.0, 362608.0 ], [ 241918.0, 362608.0 ], [ 241918.0, 362610.0 ], [ 241920.0, 362610.0 ], [ 241920.0, 362612.0 ], [ 241922.0, 362612.0 ], [ 241922.0, 362616.0 ], [ 241924.0, 362616.0 ], [ 241924.0, 362622.0 ], [ 241926.0, 362622.0 ], [ 241926.0, 362628.0 ], [ 241928.0, 362628.0 ], [ 241928.0, 362644.0 ], [ 241926.0, 362644.0 ], [ 241926.0, 362652.0 ], [ 241924.0, 362652.0 ], [ 241924.0, 362656.0 ], [ 241922.0, 362656.0 ], [ 241922.0, 362660.0 ], [ 241814.0, 362660.0 ], [ 241814.0, 362656.0 ], [ 241812.0, 362656.0 ], [ 241812.0, 362650.0 ], [ 241810.0, 362650.0 ], [ 241810.0, 362646.0 ], [ 241808.0, 362646.0 ], [ 241808.0, 362642.0 ], [ 241806.0, 362642.0 ], [ 241806.0, 362638.0 ], [ 241804.0, 362638.0 ], [ 241804.0, 362636.0 ], [ 241802.0, 362636.0 ], [ 241802.0, 362632.0 ], [ 241800.0, 362632.0 ], [ 241800.0, 362628.0 ], [ 241798.0, 362628.0 ], [ 241798.0, 362624.0 ], [ 241796.0, 362624.0 ], [ 241796.0, 362620.0 ], [ 241794.0, 362620.0 ], [ 241794.0, 362616.0 ], [ 241792.0, 362616.0 ], [ 241792.0, 362614.0 ], [ 241790.0, 362614.0 ], [ 241790.0, 362610.0 ], [ 241788.0, 362610.0 ], [ 241788.0, 362608.0 ], [ 241786.0, 362608.0 ], [ 241786.0, 362606.0 ], [ 241784.0, 362606.0 ], [ 241784.0, 362604.0 ], [ 241782.0, 362604.0 ], [ 241782.0, 362602.0 ], [ 241780.0, 362602.0 ], [ 241780.0, 362600.0 ], [ 241778.0, 362600.0 ], [ 241778.0, 362598.0 ], [ 241774.0, 362598.0 ], [ 241774.0, 362596.0 ], [ 241772.0, 362596.0 ], [ 241772.0, 362594.0 ], [ 241744.0, 362594.0 ], [ 241744.0, 362592.0 ], [ 241706.0, 362592.0 ], [ 241706.0, 362590.0 ], [ 241704.0, 362590.0 ], [ 241704.0, 362588.0 ], [ 241702.0, 362588.0 ], [ 241702.0, 362586.0 ], [ 241700.0, 362586.0 ], [ 241700.0, 362584.0 ], [ 241696.0, 362584.0 ], [ 241696.0, 362582.0 ], [ 241644.0, 362582.0 ], [ 241644.0, 362580.0 ], [ 241642.0, 362580.0 ], [ 241642.0, 362578.0 ], [ 241640.0, 362578.0 ], [ 241640.0, 362574.0 ], [ 241638.0, 362574.0 ], [ 241638.0, 362544.0 ], [ 241634.0, 362544.0 ], [ 241634.0, 362574.0 ], [ 241636.0, 362574.0 ], [ 241636.0, 362578.0 ], [ 241634.0, 362578.0 ], [ 241634.0, 362580.0 ], [ 241632.0, 362580.0 ], [ 241632.0, 362582.0 ], [ 241630.0, 362582.0 ], [ 241630.0, 362584.0 ], [ 241628.0, 362584.0 ], [ 241628.0, 362588.0 ], [ 241626.0, 362588.0 ], [ 241626.0, 362590.0 ], [ 241624.0, 362590.0 ], [ 241624.0, 362592.0 ], [ 241622.0, 362592.0 ], [ 241622.0, 362594.0 ], [ 241620.0, 362594.0 ], [ 241620.0, 362596.0 ], [ 241616.0, 362596.0 ], [ 241616.0, 362594.0 ], [ 241574.0, 362594.0 ], [ 241574.0, 362596.0 ], [ 241570.0, 362596.0 ], [ 241570.0, 362598.0 ], [ 241566.0, 362598.0 ], [ 241566.0, 362600.0 ], [ 241562.0, 362600.0 ], [ 241562.0, 362602.0 ], [ 241560.0, 362602.0 ], [ 241560.0, 362604.0 ], [ 241558.0, 362604.0 ], [ 241558.0, 362606.0 ], [ 241554.0, 362606.0 ], [ 241554.0, 362608.0 ], [ 241552.0, 362608.0 ], [ 241552.0, 362610.0 ], [ 241548.0, 362610.0 ], [ 241548.0, 362612.0 ], [ 241546.0, 362612.0 ], [ 241546.0, 362614.0 ], [ 241544.0, 362614.0 ], [ 241544.0, 362616.0 ], [ 241542.0, 362616.0 ], [ 241542.0, 362618.0 ], [ 241540.0, 362618.0 ], [ 241540.0, 362620.0 ], [ 241538.0, 362620.0 ], [ 241538.0, 362622.0 ], [ 241536.0, 362622.0 ], [ 241536.0, 362624.0 ], [ 241534.0, 362624.0 ], [ 241534.0, 362626.0 ], [ 241532.0, 362626.0 ], [ 241532.0, 362628.0 ], [ 241530.0, 362628.0 ], [ 241530.0, 362630.0 ], [ 241528.0, 362630.0 ], [ 241528.0, 362632.0 ], [ 241526.0, 362632.0 ], [ 241526.0, 362634.0 ], [ 241524.0, 362634.0 ], [ 241524.0, 362636.0 ], [ 241522.0, 362636.0 ], [ 241522.0, 362638.0 ], [ 241518.0, 362638.0 ], [ 241518.0, 362640.0 ], [ 241516.0, 362640.0 ], [ 241516.0, 362642.0 ], [ 241514.0, 362642.0 ], [ 241514.0, 362644.0 ], [ 241510.0, 362644.0 ], [ 241510.0, 362646.0 ], [ 241508.0, 362646.0 ], [ 241508.0, 362648.0 ], [ 241504.0, 362648.0 ], [ 241504.0, 362650.0 ], [ 241502.0, 362650.0 ], [ 241502.0, 362652.0 ], [ 241500.0, 362652.0 ], [ 241500.0, 362654.0 ], [ 241498.0, 362654.0 ], [ 241498.0, 362656.0 ], [ 241494.0, 362656.0 ], [ 241494.0, 362658.0 ], [ 241492.0, 362658.0 ], [ 241492.0, 362660.0 ], [ 241490.0, 362660.0 ], [ 241490.0, 362662.0 ], [ 241488.0, 362662.0 ], [ 241488.0, 362664.0 ], [ 241486.0, 362664.0 ], [ 241486.0, 362666.0 ], [ 241484.0, 362666.0 ], [ 241484.0, 362668.0 ], [ 241480.0, 362668.0 ], [ 241480.0, 362670.0 ], [ 241478.0, 362670.0 ], [ 241478.0, 362672.0 ], [ 241476.0, 362672.0 ], [ 241476.0, 362674.0 ], [ 241474.0, 362674.0 ], [ 241474.0, 362676.0 ], [ 241472.0, 362676.0 ], [ 241472.0, 362678.0 ], [ 241470.0, 362678.0 ], [ 241470.0, 362680.0 ], [ 241468.0, 362680.0 ], [ 241468.0, 362682.0 ], [ 241466.0, 362682.0 ], [ 241466.0, 362684.0 ], [ 241464.0, 362684.0 ], [ 241464.0, 362686.0 ], [ 241462.0, 362686.0 ], [ 241462.0, 362688.0 ], [ 241460.0, 362688.0 ], [ 241460.0, 362690.0 ], [ 241458.0, 362690.0 ], [ 241458.0, 362692.0 ], [ 241456.0, 362692.0 ], [ 241456.0, 362694.0 ], [ 241454.0, 362694.0 ], [ 241454.0, 362696.0 ], [ 241452.0, 362696.0 ], [ 241452.0, 362700.0 ], [ 241450.0, 362700.0 ], [ 241450.0, 362702.0 ], [ 241448.0, 362702.0 ], [ 241448.0, 362704.0 ], [ 241446.0, 362704.0 ], [ 241446.0, 362706.0 ], [ 241444.0, 362706.0 ], [ 241444.0, 362708.0 ], [ 241442.0, 362708.0 ], [ 241442.0, 362710.0 ], [ 241440.0, 362710.0 ], [ 241440.0, 362712.0 ], [ 241438.0, 362712.0 ], [ 241438.0, 362714.0 ], [ 241436.0, 362714.0 ], [ 241436.0, 362716.0 ], [ 241434.0, 362716.0 ], [ 241434.0, 362718.0 ], [ 241432.0, 362718.0 ], [ 241432.0, 362720.0 ], [ 241430.0, 362720.0 ], [ 241430.0, 362722.0 ], [ 241428.0, 362722.0 ], [ 241428.0, 362724.0 ], [ 241426.0, 362724.0 ], [ 241426.0, 362728.0 ], [ 241424.0, 362728.0 ], [ 241424.0, 362730.0 ], [ 241422.0, 362730.0 ], [ 241422.0, 362732.0 ], [ 241420.0, 362732.0 ], [ 241420.0, 362734.0 ], [ 241418.0, 362734.0 ], [ 241418.0, 362736.0 ], [ 241414.0, 362736.0 ], [ 241414.0, 362738.0 ], [ 241412.0, 362738.0 ], [ 241412.0, 362740.0 ], [ 241410.0, 362740.0 ], [ 241410.0, 362742.0 ], [ 241408.0, 362742.0 ], [ 241408.0, 362744.0 ], [ 241406.0, 362744.0 ], [ 241406.0, 362746.0 ], [ 241404.0, 362746.0 ], [ 241404.0, 362748.0 ], [ 241400.0, 362748.0 ], [ 241400.0, 362750.0 ], [ 241398.0, 362750.0 ], [ 241398.0, 362752.0 ], [ 241396.0, 362752.0 ], [ 241396.0, 362754.0 ], [ 241394.0, 362754.0 ], [ 241394.0, 362756.0 ], [ 241392.0, 362756.0 ], [ 241392.0, 362758.0 ], [ 241390.0, 362758.0 ], [ 241390.0, 362760.0 ], [ 241388.0, 362760.0 ], [ 241388.0, 362762.0 ], [ 241386.0, 362762.0 ], [ 241386.0, 362764.0 ], [ 241384.0, 362764.0 ], [ 241384.0, 362766.0 ], [ 241382.0, 362766.0 ], [ 241382.0, 362768.0 ], [ 241380.0, 362768.0 ], [ 241380.0, 362770.0 ], [ 241378.0, 362770.0 ], [ 241378.0, 362774.0 ], [ 241376.0, 362774.0 ], [ 241376.0, 362788.0 ], [ 241378.0, 362788.0 ], [ 241378.0, 362796.0 ], [ 241380.0, 362796.0 ], [ 241380.0, 362804.0 ], [ 241382.0, 362804.0 ], [ 241382.0, 362806.0 ], [ 241344.0, 362806.0 ], [ 241344.0, 362808.0 ], [ 241342.0, 362808.0 ], [ 241342.0, 362812.0 ], [ 241340.0, 362812.0 ], [ 241340.0, 362814.0 ], [ 241338.0, 362814.0 ], [ 241338.0, 362816.0 ], [ 241336.0, 362816.0 ], [ 241336.0, 362820.0 ], [ 241334.0, 362820.0 ], [ 241334.0, 362822.0 ], [ 241332.0, 362822.0 ], [ 241332.0, 362826.0 ], [ 241330.0, 362826.0 ], [ 241330.0, 362830.0 ], [ 241328.0, 362830.0 ], [ 241328.0, 362836.0 ], [ 241326.0, 362836.0 ], [ 241326.0, 362840.0 ], [ 241324.0, 362840.0 ], [ 241324.0, 362844.0 ], [ 241322.0, 362844.0 ], [ 241322.0, 362846.0 ], [ 241320.0, 362846.0 ], [ 241320.0, 362848.0 ], [ 241316.0, 362848.0 ], [ 241316.0, 362850.0 ], [ 241312.0, 362850.0 ], [ 241312.0, 362852.0 ], [ 241308.0, 362852.0 ], [ 241308.0, 362854.0 ], [ 241304.0, 362854.0 ], [ 241304.0, 362856.0 ], [ 241300.0, 362856.0 ], [ 241300.0, 362858.0 ], [ 241298.0, 362858.0 ], [ 241298.0, 362860.0 ], [ 241296.0, 362860.0 ], [ 241296.0, 362862.0 ], [ 241294.0, 362862.0 ], [ 241294.0, 362864.0 ], [ 241292.0, 362864.0 ], [ 241292.0, 362866.0 ], [ 241290.0, 362866.0 ], [ 241290.0, 362870.0 ], [ 241288.0, 362870.0 ], [ 241288.0, 362872.0 ], [ 241286.0, 362872.0 ], [ 241286.0, 362874.0 ], [ 241284.0, 362874.0 ], [ 241284.0, 362876.0 ], [ 241282.0, 362876.0 ], [ 241282.0, 362878.0 ], [ 241270.0, 362878.0 ], [ 241270.0, 362880.0 ], [ 241264.0, 362880.0 ], [ 241264.0, 362882.0 ], [ 241260.0, 362882.0 ], [ 241260.0, 362884.0 ], [ 241258.0, 362884.0 ], [ 241258.0, 362886.0 ], [ 241254.0, 362886.0 ], [ 241254.0, 362888.0 ], [ 241252.0, 362888.0 ], [ 241252.0, 362890.0 ], [ 241250.0, 362890.0 ], [ 241250.0, 362892.0 ], [ 241246.0, 362892.0 ], [ 241246.0, 362894.0 ], [ 241244.0, 362894.0 ], [ 241244.0, 362896.0 ], [ 241242.0, 362896.0 ], [ 241242.0, 362898.0 ], [ 241240.0, 362898.0 ], [ 241240.0, 362900.0 ], [ 241238.0, 362900.0 ], [ 241238.0, 362902.0 ], [ 241236.0, 362902.0 ], [ 241236.0, 362904.0 ], [ 241234.0, 362904.0 ], [ 241234.0, 362906.0 ], [ 241232.0, 362906.0 ], [ 241232.0, 362908.0 ], [ 241230.0, 362908.0 ], [ 241230.0, 362910.0 ], [ 241228.0, 362910.0 ], [ 241228.0, 362912.0 ], [ 241226.0, 362912.0 ], [ 241226.0, 362914.0 ], [ 241224.0, 362914.0 ], [ 241224.0, 362916.0 ], [ 241222.0, 362916.0 ], [ 241222.0, 362918.0 ], [ 241220.0, 362918.0 ], [ 241220.0, 362920.0 ], [ 241218.0, 362920.0 ], [ 241218.0, 362924.0 ], [ 241216.0, 362924.0 ], [ 241216.0, 362926.0 ], [ 241214.0, 362926.0 ], [ 241214.0, 362928.0 ], [ 241212.0, 362928.0 ], [ 241212.0, 362932.0 ], [ 241210.0, 362932.0 ], [ 241210.0, 362936.0 ], [ 241208.0, 362936.0 ], [ 241208.0, 362940.0 ], [ 241206.0, 362940.0 ], [ 241206.0, 362944.0 ], [ 241204.0, 362944.0 ], [ 241204.0, 362948.0 ], [ 241202.0, 362948.0 ], [ 241202.0, 362950.0 ], [ 241200.0, 362950.0 ], [ 241200.0, 362952.0 ], [ 241198.0, 362952.0 ], [ 241198.0, 362954.0 ], [ 241194.0, 362954.0 ], [ 241194.0, 362956.0 ], [ 241192.0, 362956.0 ], [ 241192.0, 362958.0 ], [ 241188.0, 362958.0 ], [ 241188.0, 362960.0 ], [ 241184.0, 362960.0 ], [ 241184.0, 362962.0 ], [ 241182.0, 362962.0 ], [ 241182.0, 362964.0 ], [ 241178.0, 362964.0 ], [ 241178.0, 362966.0 ], [ 241176.0, 362966.0 ], [ 241176.0, 362968.0 ], [ 241174.0, 362968.0 ], [ 241174.0, 362970.0 ], [ 241170.0, 362970.0 ], [ 241170.0, 362972.0 ], [ 241168.0, 362972.0 ], [ 241168.0, 362974.0 ], [ 241166.0, 362974.0 ], [ 241166.0, 362976.0 ], [ 241164.0, 362976.0 ], [ 241164.0, 362978.0 ], [ 241162.0, 362978.0 ], [ 241162.0, 362980.0 ], [ 241160.0, 362980.0 ], [ 241160.0, 362982.0 ], [ 241156.0, 362982.0 ], [ 241156.0, 362984.0 ], [ 241154.0, 362984.0 ], [ 241154.0, 362986.0 ], [ 241150.0, 362986.0 ], [ 241150.0, 362988.0 ], [ 241148.0, 362988.0 ], [ 241148.0, 362990.0 ], [ 241144.0, 362990.0 ], [ 241144.0, 362992.0 ], [ 241142.0, 362992.0 ], [ 241142.0, 362994.0 ], [ 241140.0, 362994.0 ], [ 241140.0, 362996.0 ], [ 241138.0, 362996.0 ], [ 241138.0, 362998.0 ], [ 241136.0, 362998.0 ], [ 241136.0, 363000.0 ], [ 241134.0, 363000.0 ], [ 241134.0, 363002.0 ], [ 241132.0, 363002.0 ], [ 241132.0, 363004.0 ], [ 241130.0, 363004.0 ], [ 241130.0, 363008.0 ], [ 241128.0, 363008.0 ], [ 241128.0, 363010.0 ], [ 241126.0, 363010.0 ], [ 241126.0, 363028.0 ], [ 241124.0, 363028.0 ], [ 241124.0, 363034.0 ], [ 241122.0, 363034.0 ], [ 241122.0, 363036.0 ], [ 241120.0, 363036.0 ], [ 241120.0, 363034.0 ], [ 241118.0, 363034.0 ], [ 241118.0, 363032.0 ], [ 241090.0, 363032.0 ], [ 241090.0, 363034.0 ], [ 241084.0, 363034.0 ], [ 241084.0, 363038.0 ], [ 241090.0, 363038.0 ], [ 241090.0, 363036.0 ], [ 241118.0, 363036.0 ], [ 241118.0, 363038.0 ], [ 241120.0, 363038.0 ], [ 241120.0, 363040.0 ], [ 241124.0, 363040.0 ], [ 241124.0, 363042.0 ], [ 241126.0, 363042.0 ], [ 241126.0, 363044.0 ], [ 241128.0, 363044.0 ], [ 241128.0, 363046.0 ], [ 241130.0, 363046.0 ], [ 241130.0, 363048.0 ], [ 241132.0, 363048.0 ], [ 241132.0, 363050.0 ], [ 241134.0, 363050.0 ], [ 241134.0, 363052.0 ], [ 241136.0, 363052.0 ], [ 241136.0, 363054.0 ], [ 241138.0, 363054.0 ], [ 241138.0, 363056.0 ], [ 241140.0, 363056.0 ], [ 241140.0, 363058.0 ], [ 241142.0, 363058.0 ], [ 241142.0, 363060.0 ], [ 241144.0, 363060.0 ], [ 241144.0, 363062.0 ], [ 241148.0, 363062.0 ], [ 241148.0, 363064.0 ], [ 241150.0, 363064.0 ], [ 241150.0, 363066.0 ], [ 241152.0, 363066.0 ], [ 241152.0, 363068.0 ], [ 241154.0, 363068.0 ], [ 241154.0, 363070.0 ], [ 241156.0, 363070.0 ], [ 241156.0, 363072.0 ], [ 241160.0, 363072.0 ], [ 241160.0, 363074.0 ], [ 241162.0, 363074.0 ], [ 241162.0, 363076.0 ], [ 241164.0, 363076.0 ], [ 241164.0, 363078.0 ], [ 241166.0, 363078.0 ], [ 241166.0, 363080.0 ], [ 241168.0, 363080.0 ], [ 241168.0, 363082.0 ], [ 241170.0, 363082.0 ], [ 241170.0, 363084.0 ], [ 241172.0, 363084.0 ], [ 241172.0, 363086.0 ], [ 241174.0, 363086.0 ], [ 241174.0, 363088.0 ], [ 241178.0, 363088.0 ], [ 241178.0, 363090.0 ], [ 241180.0, 363090.0 ], [ 241180.0, 363092.0 ], [ 241184.0, 363092.0 ], [ 241184.0, 363094.0 ], [ 241188.0, 363094.0 ], [ 241188.0, 363096.0 ], [ 241230.0, 363096.0 ], [ 241230.0, 363098.0 ], [ 241232.0, 363098.0 ], [ 241232.0, 363100.0 ], [ 241234.0, 363100.0 ], [ 241234.0, 363102.0 ], [ 241236.0, 363102.0 ], [ 241236.0, 363104.0 ], [ 241238.0, 363104.0 ], [ 241238.0, 363106.0 ], [ 241240.0, 363106.0 ], [ 241240.0, 363110.0 ], [ 241242.0, 363110.0 ], [ 241242.0, 363112.0 ], [ 241244.0, 363112.0 ], [ 241244.0, 363114.0 ], [ 241246.0, 363114.0 ], [ 241246.0, 363118.0 ], [ 241248.0, 363118.0 ], [ 241248.0, 363120.0 ], [ 241250.0, 363120.0 ], [ 241250.0, 363122.0 ], [ 241252.0, 363122.0 ], [ 241252.0, 363124.0 ], [ 241254.0, 363124.0 ], [ 241254.0, 363126.0 ], [ 241256.0, 363126.0 ], [ 241256.0, 363128.0 ], [ 241258.0, 363128.0 ], [ 241258.0, 363130.0 ], [ 241260.0, 363130.0 ], [ 241260.0, 363132.0 ], [ 241262.0, 363132.0 ], [ 241262.0, 363136.0 ], [ 241264.0, 363136.0 ], [ 241264.0, 363138.0 ], [ 241266.0, 363138.0 ], [ 241266.0, 363140.0 ], [ 241268.0, 363140.0 ], [ 241268.0, 363142.0 ], [ 241270.0, 363142.0 ], [ 241270.0, 363146.0 ], [ 241272.0, 363146.0 ], [ 241272.0, 363150.0 ], [ 241274.0, 363150.0 ], [ 241274.0, 363154.0 ], [ 241276.0, 363154.0 ], [ 241276.0, 363156.0 ], [ 241278.0, 363156.0 ], [ 241278.0, 363160.0 ], [ 241280.0, 363160.0 ], [ 241280.0, 363162.0 ], [ 241282.0, 363162.0 ], [ 241282.0, 363166.0 ], [ 241284.0, 363166.0 ], [ 241284.0, 363168.0 ], [ 241286.0, 363168.0 ], [ 241286.0, 363170.0 ], [ 241288.0, 363170.0 ], [ 241288.0, 363172.0 ], [ 241290.0, 363172.0 ], [ 241290.0, 363174.0 ], [ 241292.0, 363174.0 ], [ 241292.0, 363176.0 ], [ 241294.0, 363176.0 ], [ 241294.0, 363178.0 ], [ 241296.0, 363178.0 ], [ 241296.0, 363180.0 ], [ 241298.0, 363180.0 ], [ 241298.0, 363182.0 ], [ 241300.0, 363182.0 ], [ 241300.0, 363184.0 ], [ 241302.0, 363184.0 ], [ 241302.0, 363186.0 ], [ 241304.0, 363186.0 ], [ 241304.0, 363190.0 ], [ 241306.0, 363190.0 ], [ 241306.0, 363192.0 ], [ 241308.0, 363192.0 ], [ 241308.0, 363196.0 ], [ 241310.0, 363196.0 ], [ 241310.0, 363198.0 ], [ 241312.0, 363198.0 ], [ 241312.0, 363200.0 ], [ 241314.0, 363200.0 ], [ 241314.0, 363202.0 ], [ 241316.0, 363202.0 ], [ 241316.0, 363206.0 ], [ 241318.0, 363206.0 ], [ 241318.0, 363208.0 ], [ 241320.0, 363208.0 ], [ 241320.0, 363210.0 ], [ 241322.0, 363210.0 ], [ 241322.0, 363214.0 ], [ 241324.0, 363214.0 ], [ 241324.0, 363216.0 ], [ 241326.0, 363216.0 ], [ 241326.0, 363220.0 ], [ 241328.0, 363220.0 ], [ 241328.0, 363252.0 ], [ 241322.0, 363252.0 ], [ 241322.0, 363254.0 ], [ 241318.0, 363254.0 ], [ 241318.0, 363256.0 ], [ 241314.0, 363256.0 ], [ 241314.0, 363258.0 ], [ 241310.0, 363258.0 ], [ 241310.0, 363260.0 ], [ 241286.0, 363260.0 ], [ 241286.0, 363258.0 ], [ 241284.0, 363258.0 ], [ 241284.0, 363260.0 ], [ 241282.0, 363260.0 ], [ 241282.0, 363316.0 ], [ 241284.0, 363316.0 ], [ 241284.0, 363330.0 ], [ 241286.0, 363330.0 ], [ 241286.0, 363336.0 ], [ 241288.0, 363336.0 ], [ 241288.0, 363342.0 ], [ 241290.0, 363342.0 ], [ 241290.0, 363348.0 ], [ 241292.0, 363348.0 ], [ 241292.0, 363358.0 ], [ 241294.0, 363358.0 ], [ 241294.0, 363386.0 ], [ 241274.0, 363386.0 ], [ 241274.0, 363384.0 ], [ 241270.0, 363384.0 ], [ 241270.0, 363382.0 ], [ 241268.0, 363382.0 ], [ 241268.0, 363380.0 ], [ 241266.0, 363380.0 ], [ 241266.0, 363378.0 ], [ 241264.0, 363378.0 ], [ 241264.0, 363376.0 ], [ 241260.0, 363376.0 ], [ 241260.0, 363374.0 ], [ 241258.0, 363374.0 ], [ 241258.0, 363372.0 ], [ 241254.0, 363372.0 ], [ 241254.0, 363370.0 ], [ 241252.0, 363370.0 ], [ 241252.0, 363368.0 ], [ 241248.0, 363368.0 ], [ 241248.0, 363366.0 ], [ 241246.0, 363366.0 ], [ 241246.0, 363364.0 ], [ 241244.0, 363364.0 ], [ 241244.0, 363362.0 ], [ 241240.0, 363362.0 ], [ 241240.0, 363360.0 ], [ 241238.0, 363360.0 ], [ 241238.0, 363356.0 ], [ 241236.0, 363356.0 ], [ 241236.0, 363354.0 ], [ 241234.0, 363354.0 ], [ 241234.0, 363352.0 ], [ 241232.0, 363352.0 ], [ 241232.0, 363348.0 ], [ 241230.0, 363348.0 ], [ 241230.0, 363346.0 ], [ 241228.0, 363346.0 ], [ 241228.0, 363344.0 ], [ 241226.0, 363344.0 ], [ 241226.0, 363340.0 ], [ 241224.0, 363340.0 ], [ 241224.0, 363338.0 ], [ 241222.0, 363338.0 ], [ 241222.0, 363340.0 ], [ 241218.0, 363340.0 ], [ 241218.0, 363342.0 ], [ 241208.0, 363342.0 ], [ 241208.0, 363344.0 ], [ 241204.0, 363344.0 ], [ 241204.0, 363346.0 ], [ 241202.0, 363346.0 ], [ 241202.0, 363348.0 ], [ 241200.0, 363348.0 ], [ 241200.0, 363350.0 ], [ 241198.0, 363350.0 ], [ 241198.0, 363352.0 ], [ 241196.0, 363352.0 ], [ 241196.0, 363356.0 ], [ 241172.0, 363356.0 ], [ 241172.0, 363354.0 ], [ 241168.0, 363354.0 ], [ 241168.0, 363352.0 ], [ 241166.0, 363352.0 ], [ 241166.0, 363350.0 ], [ 241164.0, 363350.0 ], [ 241164.0, 363348.0 ], [ 241160.0, 363348.0 ], [ 241160.0, 363346.0 ], [ 241158.0, 363346.0 ], [ 241158.0, 363344.0 ], [ 241156.0, 363344.0 ], [ 241156.0, 363342.0 ], [ 241154.0, 363342.0 ], [ 241154.0, 363340.0 ], [ 241152.0, 363340.0 ], [ 241152.0, 363338.0 ], [ 241150.0, 363338.0 ], [ 241150.0, 363336.0 ], [ 241146.0, 363336.0 ], [ 241146.0, 363334.0 ], [ 241144.0, 363334.0 ], [ 241144.0, 363332.0 ], [ 241142.0, 363332.0 ], [ 241142.0, 363330.0 ], [ 241140.0, 363330.0 ], [ 241140.0, 363328.0 ], [ 241138.0, 363328.0 ], [ 241138.0, 363324.0 ], [ 241136.0, 363324.0 ], [ 241136.0, 363322.0 ], [ 241134.0, 363322.0 ], [ 241134.0, 363320.0 ], [ 241132.0, 363320.0 ], [ 241132.0, 363316.0 ], [ 241130.0, 363316.0 ], [ 241130.0, 363314.0 ], [ 241126.0, 363314.0 ], [ 241126.0, 363312.0 ], [ 241124.0, 363312.0 ], [ 241124.0, 363310.0 ], [ 241118.0, 363310.0 ], [ 241118.0, 363308.0 ], [ 241112.0, 363308.0 ], [ 241112.0, 363306.0 ], [ 241106.0, 363306.0 ], [ 241106.0, 363304.0 ], [ 241104.0, 363304.0 ], [ 241104.0, 363302.0 ], [ 241100.0, 363302.0 ], [ 241100.0, 363300.0 ], [ 241098.0, 363300.0 ], [ 241098.0, 363298.0 ], [ 241096.0, 363298.0 ], [ 241096.0, 363296.0 ], [ 241094.0, 363296.0 ], [ 241094.0, 363294.0 ], [ 241092.0, 363294.0 ], [ 241092.0, 363288.0 ], [ 241090.0, 363288.0 ], [ 241090.0, 363284.0 ], [ 241088.0, 363284.0 ], [ 241088.0, 363280.0 ], [ 241086.0, 363280.0 ], [ 241086.0, 363278.0 ], [ 241084.0, 363278.0 ], [ 241084.0, 363284.0 ], [ 241086.0, 363284.0 ], [ 241086.0, 363288.0 ], [ 241088.0, 363288.0 ], [ 241088.0, 363294.0 ], [ 241090.0, 363294.0 ], [ 241090.0, 363296.0 ], [ 241092.0, 363296.0 ], [ 241092.0, 363298.0 ], [ 241094.0, 363298.0 ], [ 241094.0, 363300.0 ], [ 241096.0, 363300.0 ], [ 241096.0, 363302.0 ], [ 241098.0, 363302.0 ], [ 241098.0, 363304.0 ], [ 241100.0, 363304.0 ], [ 241100.0, 363306.0 ], [ 241104.0, 363306.0 ], [ 241104.0, 363308.0 ], [ 241106.0, 363308.0 ], [ 241106.0, 363310.0 ], [ 241112.0, 363310.0 ], [ 241112.0, 363312.0 ], [ 241118.0, 363312.0 ], [ 241118.0, 363314.0 ], [ 241124.0, 363314.0 ], [ 241124.0, 363316.0 ], [ 241126.0, 363316.0 ], [ 241126.0, 363318.0 ], [ 241128.0, 363318.0 ], [ 241128.0, 363320.0 ], [ 241130.0, 363320.0 ], [ 241130.0, 363322.0 ], [ 241132.0, 363322.0 ], [ 241132.0, 363324.0 ], [ 241134.0, 363324.0 ], [ 241134.0, 363328.0 ], [ 241136.0, 363328.0 ], [ 241136.0, 363330.0 ], [ 241138.0, 363330.0 ], [ 241138.0, 363332.0 ], [ 241140.0, 363332.0 ], [ 241140.0, 363334.0 ], [ 241142.0, 363334.0 ], [ 241142.0, 363336.0 ], [ 241144.0, 363336.0 ], [ 241144.0, 363338.0 ], [ 241146.0, 363338.0 ], [ 241146.0, 363340.0 ], [ 241150.0, 363340.0 ], [ 241150.0, 363342.0 ], [ 241152.0, 363342.0 ], [ 241152.0, 363344.0 ], [ 241154.0, 363344.0 ], [ 241154.0, 363346.0 ], [ 241156.0, 363346.0 ], [ 241156.0, 363348.0 ], [ 241158.0, 363348.0 ], [ 241158.0, 363350.0 ], [ 241160.0, 363350.0 ], [ 241160.0, 363352.0 ], [ 241164.0, 363352.0 ], [ 241164.0, 363354.0 ], [ 241166.0, 363354.0 ], [ 241166.0, 363356.0 ], [ 241168.0, 363356.0 ], [ 241168.0, 363358.0 ], [ 241172.0, 363358.0 ], [ 241172.0, 363360.0 ], [ 241198.0, 363360.0 ], [ 241198.0, 363358.0 ], [ 241200.0, 363358.0 ], [ 241200.0, 363352.0 ], [ 241202.0, 363352.0 ], [ 241202.0, 363350.0 ], [ 241204.0, 363350.0 ], [ 241204.0, 363348.0 ], [ 241208.0, 363348.0 ], [ 241208.0, 363346.0 ], [ 241218.0, 363346.0 ], [ 241218.0, 363344.0 ], [ 241224.0, 363344.0 ], [ 241224.0, 363346.0 ], [ 241226.0, 363346.0 ], [ 241226.0, 363348.0 ], [ 241228.0, 363348.0 ], [ 241228.0, 363352.0 ], [ 241230.0, 363352.0 ], [ 241230.0, 363354.0 ], [ 241232.0, 363354.0 ], [ 241232.0, 363356.0 ], [ 241234.0, 363356.0 ], [ 241234.0, 363360.0 ], [ 241236.0, 363360.0 ], [ 241236.0, 363362.0 ], [ 241238.0, 363362.0 ], [ 241238.0, 363364.0 ], [ 241240.0, 363364.0 ], [ 241240.0, 363366.0 ], [ 241244.0, 363366.0 ], [ 241244.0, 363368.0 ], [ 241246.0, 363368.0 ], [ 241246.0, 363370.0 ], [ 241248.0, 363370.0 ], [ 241248.0, 363372.0 ], [ 241252.0, 363372.0 ], [ 241252.0, 363374.0 ], [ 241254.0, 363374.0 ], [ 241254.0, 363376.0 ], [ 241258.0, 363376.0 ], [ 241258.0, 363378.0 ], [ 241260.0, 363378.0 ], [ 241260.0, 363380.0 ], [ 241264.0, 363380.0 ], [ 241264.0, 363382.0 ], [ 241266.0, 363382.0 ], [ 241266.0, 363384.0 ], [ 241268.0, 363384.0 ], [ 241268.0, 363386.0 ], [ 241270.0, 363386.0 ], [ 241270.0, 363388.0 ], [ 241274.0, 363388.0 ], [ 241274.0, 363390.0 ], [ 241294.0, 363390.0 ], [ 241294.0, 363392.0 ], [ 241296.0, 363392.0 ], [ 241296.0, 363390.0 ], [ 241298.0, 363390.0 ], [ 241298.0, 363358.0 ], [ 241296.0, 363358.0 ], [ 241296.0, 363348.0 ], [ 241294.0, 363348.0 ], [ 241294.0, 363342.0 ], [ 241292.0, 363342.0 ], [ 241292.0, 363336.0 ], [ 241290.0, 363336.0 ], [ 241290.0, 363330.0 ], [ 241288.0, 363330.0 ], [ 241288.0, 363316.0 ], [ 241286.0, 363316.0 ], [ 241286.0, 363264.0 ], [ 241288.0, 363264.0 ], [ 241288.0, 363266.0 ], [ 241292.0, 363266.0 ], [ 241292.0, 363268.0 ], [ 241298.0, 363268.0 ], [ 241298.0, 363270.0 ], [ 241304.0, 363270.0 ], [ 241304.0, 363272.0 ], [ 241308.0, 363272.0 ], [ 241308.0, 363274.0 ], [ 241314.0, 363274.0 ], [ 241314.0, 363276.0 ], [ 241318.0, 363276.0 ], [ 241318.0, 363278.0 ], [ 241322.0, 363278.0 ], [ 241322.0, 363280.0 ], [ 241324.0, 363280.0 ], [ 241324.0, 363284.0 ], [ 241326.0, 363284.0 ], [ 241326.0, 363288.0 ], [ 241328.0, 363288.0 ], [ 241328.0, 363294.0 ], [ 241330.0, 363294.0 ], [ 241330.0, 363298.0 ], [ 241332.0, 363298.0 ], [ 241332.0, 363302.0 ], [ 241334.0, 363302.0 ], [ 241334.0, 363304.0 ], [ 241336.0, 363304.0 ], [ 241336.0, 363306.0 ], [ 241338.0, 363306.0 ], [ 241338.0, 363308.0 ], [ 241342.0, 363308.0 ], [ 241342.0, 363310.0 ], [ 241344.0, 363310.0 ], [ 241344.0, 363312.0 ], [ 241346.0, 363312.0 ], [ 241346.0, 363314.0 ], [ 241350.0, 363314.0 ], [ 241350.0, 363316.0 ], [ 241352.0, 363316.0 ], [ 241352.0, 363318.0 ], [ 241354.0, 363318.0 ], [ 241354.0, 363320.0 ], [ 241356.0, 363320.0 ], [ 241356.0, 363322.0 ], [ 241358.0, 363322.0 ], [ 241358.0, 363324.0 ], [ 241360.0, 363324.0 ], [ 241360.0, 363326.0 ], [ 241362.0, 363326.0 ], [ 241362.0, 363328.0 ], [ 241366.0, 363328.0 ], [ 241366.0, 363330.0 ], [ 241368.0, 363330.0 ], [ 241368.0, 363332.0 ], [ 241370.0, 363332.0 ], [ 241370.0, 363334.0 ], [ 241372.0, 363334.0 ], [ 241372.0, 363336.0 ], [ 241376.0, 363336.0 ], [ 241376.0, 363338.0 ], [ 241380.0, 363338.0 ], [ 241380.0, 363340.0 ], [ 241384.0, 363340.0 ], [ 241384.0, 363342.0 ], [ 241386.0, 363342.0 ], [ 241386.0, 363344.0 ], [ 241390.0, 363344.0 ], [ 241390.0, 363348.0 ], [ 241392.0, 363348.0 ], [ 241392.0, 363350.0 ], [ 241394.0, 363350.0 ], [ 241394.0, 363354.0 ], [ 241396.0, 363354.0 ], [ 241396.0, 363356.0 ], [ 241398.0, 363356.0 ], [ 241398.0, 363360.0 ], [ 241400.0, 363360.0 ], [ 241400.0, 363364.0 ], [ 241402.0, 363364.0 ], [ 241402.0, 363368.0 ], [ 241404.0, 363368.0 ], [ 241404.0, 363374.0 ], [ 241406.0, 363374.0 ], [ 241406.0, 363376.0 ], [ 241408.0, 363376.0 ], [ 241408.0, 363380.0 ], [ 241410.0, 363380.0 ], [ 241410.0, 363384.0 ], [ 241412.0, 363384.0 ], [ 241412.0, 363386.0 ], [ 241414.0, 363386.0 ], [ 241414.0, 363388.0 ], [ 241416.0, 363388.0 ], [ 241416.0, 363390.0 ], [ 241418.0, 363390.0 ], [ 241418.0, 363392.0 ], [ 241420.0, 363392.0 ], [ 241420.0, 363394.0 ], [ 241422.0, 363394.0 ], [ 241422.0, 363396.0 ], [ 241424.0, 363396.0 ], [ 241424.0, 363398.0 ], [ 241426.0, 363398.0 ], [ 241426.0, 363400.0 ], [ 241430.0, 363400.0 ], [ 241430.0, 363402.0 ], [ 241434.0, 363402.0 ], [ 241434.0, 363404.0 ], [ 241436.0, 363404.0 ], [ 241436.0, 363406.0 ], [ 241460.0, 363406.0 ], [ 241460.0, 363404.0 ], [ 241464.0, 363404.0 ], [ 241464.0, 363402.0 ], [ 241466.0, 363402.0 ], [ 241466.0, 363400.0 ], [ 241468.0, 363400.0 ], [ 241468.0, 363398.0 ], [ 241474.0, 363398.0 ], [ 241474.0, 363400.0 ], [ 241476.0, 363400.0 ], [ 241476.0, 363402.0 ], [ 241478.0, 363402.0 ], [ 241478.0, 363404.0 ], [ 241480.0, 363404.0 ], [ 241480.0, 363406.0 ], [ 241482.0, 363406.0 ], [ 241482.0, 363408.0 ], [ 241486.0, 363408.0 ], [ 241486.0, 363410.0 ], [ 241488.0, 363410.0 ], [ 241488.0, 363412.0 ], [ 241492.0, 363412.0 ], [ 241492.0, 363414.0 ], [ 241496.0, 363414.0 ], [ 241496.0, 363416.0 ], [ 241498.0, 363416.0 ], [ 241498.0, 363418.0 ], [ 241500.0, 363418.0 ], [ 241500.0, 363420.0 ], [ 241502.0, 363420.0 ], [ 241502.0, 363422.0 ], [ 241504.0, 363422.0 ], [ 241504.0, 363424.0 ], [ 241506.0, 363424.0 ], [ 241506.0, 363426.0 ], [ 241508.0, 363426.0 ], [ 241508.0, 363430.0 ], [ 241510.0, 363430.0 ], [ 241510.0, 363432.0 ], [ 241512.0, 363432.0 ], [ 241512.0, 363436.0 ], [ 241514.0, 363436.0 ], [ 241514.0, 363440.0 ], [ 241516.0, 363440.0 ], [ 241516.0, 363444.0 ], [ 241518.0, 363444.0 ], [ 241518.0, 363448.0 ], [ 241520.0, 363448.0 ], [ 241520.0, 363452.0 ], [ 241522.0, 363452.0 ], [ 241522.0, 363456.0 ], [ 241524.0, 363456.0 ], [ 241524.0, 363458.0 ], [ 241526.0, 363458.0 ], [ 241526.0, 363460.0 ], [ 241528.0, 363460.0 ], [ 241528.0, 363462.0 ], [ 241530.0, 363462.0 ], [ 241530.0, 363464.0 ], [ 241532.0, 363464.0 ], [ 241532.0, 363466.0 ], [ 241534.0, 363466.0 ], [ 241534.0, 363468.0 ], [ 241538.0, 363468.0 ], [ 241538.0, 363470.0 ], [ 241562.0, 363470.0 ], [ 241562.0, 363472.0 ], [ 241564.0, 363472.0 ], [ 241564.0, 363474.0 ], [ 241566.0, 363474.0 ], [ 241566.0, 363476.0 ], [ 241570.0, 363476.0 ], [ 241570.0, 363478.0 ], [ 241572.0, 363478.0 ], [ 241572.0, 363480.0 ], [ 241576.0, 363480.0 ], [ 241576.0, 363482.0 ], [ 241580.0, 363482.0 ], [ 241580.0, 363484.0 ], [ 241584.0, 363484.0 ], [ 241584.0, 363486.0 ], [ 241588.0, 363486.0 ], [ 241588.0, 363488.0 ], [ 241592.0, 363488.0 ], [ 241592.0, 363490.0 ], [ 241594.0, 363490.0 ], [ 241594.0, 363552.0 ], [ 241592.0, 363552.0 ], [ 241592.0, 363556.0 ], [ 241590.0, 363556.0 ], [ 241590.0, 363560.0 ], [ 241588.0, 363560.0 ], [ 241588.0, 363572.0 ], [ 241586.0, 363572.0 ], [ 241586.0, 363584.0 ], [ 241584.0, 363584.0 ], [ 241584.0, 363588.0 ], [ 241582.0, 363588.0 ], [ 241582.0, 363590.0 ], [ 241580.0, 363590.0 ], [ 241580.0, 363592.0 ], [ 241578.0, 363592.0 ], [ 241578.0, 363594.0 ], [ 241574.0, 363594.0 ], [ 241574.0, 363596.0 ], [ 241568.0, 363596.0 ], [ 241568.0, 363598.0 ], [ 241530.0, 363598.0 ], [ 241530.0, 363600.0 ], [ 241528.0, 363600.0 ], [ 241528.0, 363602.0 ], [ 241530.0, 363602.0 ], [ 241530.0, 363604.0 ], [ 241552.0, 363604.0 ], [ 241552.0, 363626.0 ], [ 241554.0, 363626.0 ], [ 241554.0, 363634.0 ], [ 241556.0, 363634.0 ], [ 241556.0, 363640.0 ], [ 241558.0, 363640.0 ], [ 241558.0, 363646.0 ], [ 241560.0, 363646.0 ], [ 241560.0, 363668.0 ], [ 241558.0, 363668.0 ], [ 241558.0, 363670.0 ], [ 241556.0, 363670.0 ], [ 241556.0, 363672.0 ], [ 241554.0, 363672.0 ], [ 241554.0, 363674.0 ], [ 241552.0, 363674.0 ], [ 241552.0, 363676.0 ], [ 241554.0, 363676.0 ], [ 241554.0, 363678.0 ], [ 241556.0, 363678.0 ], [ 241556.0, 363726.0 ], [ 241554.0, 363726.0 ], [ 241554.0, 363734.0 ], [ 241556.0, 363734.0 ], [ 241556.0, 363770.0 ], [ 241534.0, 363770.0 ], [ 241534.0, 363772.0 ], [ 241532.0, 363772.0 ], [ 241532.0, 363778.0 ], [ 241530.0, 363778.0 ], [ 241530.0, 363786.0 ], [ 241528.0, 363786.0 ], [ 241528.0, 363792.0 ], [ 241526.0, 363792.0 ], [ 241526.0, 363796.0 ], [ 241524.0, 363796.0 ], [ 241524.0, 363802.0 ], [ 241522.0, 363802.0 ], [ 241522.0, 363806.0 ], [ 241520.0, 363806.0 ], [ 241520.0, 363808.0 ], [ 241518.0, 363808.0 ], [ 241518.0, 363810.0 ], [ 241516.0, 363810.0 ], [ 241516.0, 363812.0 ], [ 241506.0, 363812.0 ], [ 241506.0, 363810.0 ], [ 241474.0, 363810.0 ], [ 241474.0, 363812.0 ], [ 241472.0, 363812.0 ], [ 241472.0, 363818.0 ], [ 241470.0, 363818.0 ], [ 241470.0, 363820.0 ], [ 241464.0, 363820.0 ], [ 241464.0, 363818.0 ], [ 241462.0, 363818.0 ], [ 241462.0, 363820.0 ], [ 241460.0, 363820.0 ], [ 241460.0, 363850.0 ], [ 241450.0, 363850.0 ], [ 241450.0, 363852.0 ], [ 241408.0, 363852.0 ], [ 241408.0, 363848.0 ], [ 241406.0, 363848.0 ], [ 241406.0, 363846.0 ], [ 241404.0, 363846.0 ], [ 241404.0, 363848.0 ], [ 241402.0, 363848.0 ], [ 241402.0, 363884.0 ], [ 241400.0, 363884.0 ], [ 241400.0, 363886.0 ], [ 241398.0, 363886.0 ], [ 241398.0, 363888.0 ], [ 241394.0, 363888.0 ], [ 241394.0, 363890.0 ], [ 241388.0, 363890.0 ], [ 241388.0, 363892.0 ], [ 241380.0, 363892.0 ], [ 241380.0, 363894.0 ], [ 241356.0, 363894.0 ], [ 241356.0, 363896.0 ], [ 241354.0, 363896.0 ], [ 241354.0, 363900.0 ], [ 241356.0, 363900.0 ], [ 241356.0, 363904.0 ], [ 241358.0, 363904.0 ], [ 241358.0, 363908.0 ], [ 241360.0, 363908.0 ], [ 241360.0, 363912.0 ], [ 241362.0, 363912.0 ], [ 241362.0, 363916.0 ], [ 241364.0, 363916.0 ], [ 241364.0, 363920.0 ], [ 241366.0, 363920.0 ], [ 241366.0, 363926.0 ], [ 241368.0, 363926.0 ], [ 241368.0, 363930.0 ], [ 241370.0, 363930.0 ], [ 241370.0, 363936.0 ], [ 241372.0, 363936.0 ], [ 241372.0, 363944.0 ], [ 241374.0, 363944.0 ], [ 241374.0, 363952.0 ], [ 241376.0, 363952.0 ], [ 241376.0, 363958.0 ], [ 241378.0, 363958.0 ], [ 241378.0, 363966.0 ], [ 241380.0, 363966.0 ], [ 241380.0, 363974.0 ], [ 241382.0, 363974.0 ], [ 241382.0, 363984.0 ], [ 241384.0, 363984.0 ], [ 241384.0, 363994.0 ], [ 241386.0, 363994.0 ], [ 241386.0, 364008.0 ], [ 241388.0, 364008.0 ], [ 241388.0, 364026.0 ], [ 241390.0, 364026.0 ], [ 241390.0, 364044.0 ], [ 241388.0, 364044.0 ], [ 241388.0, 364048.0 ], [ 241386.0, 364048.0 ], [ 241386.0, 364052.0 ], [ 241384.0, 364052.0 ], [ 241384.0, 364054.0 ], [ 241382.0, 364054.0 ], [ 241382.0, 364056.0 ], [ 241380.0, 364056.0 ], [ 241380.0, 364058.0 ], [ 241376.0, 364058.0 ], [ 241376.0, 364060.0 ], [ 241356.0, 364060.0 ], [ 241356.0, 364062.0 ], [ 241354.0, 364062.0 ], [ 241354.0, 364064.0 ], [ 241356.0, 364064.0 ], [ 241356.0, 364066.0 ], [ 241358.0, 364066.0 ], [ 241358.0, 364068.0 ], [ 241362.0, 364068.0 ], [ 241362.0, 364070.0 ], [ 241364.0, 364070.0 ], [ 241364.0, 364142.0 ], [ 241366.0, 364142.0 ], [ 241366.0, 364186.0 ], [ 241364.0, 364186.0 ], [ 241364.0, 364188.0 ], [ 241362.0, 364188.0 ], [ 241362.0, 364194.0 ], [ 241360.0, 364194.0 ], [ 241360.0, 364198.0 ], [ 241358.0, 364198.0 ], [ 241358.0, 364202.0 ], [ 241356.0, 364202.0 ], [ 241356.0, 364204.0 ], [ 241340.0, 364204.0 ], [ 241340.0, 364206.0 ], [ 241314.0, 364206.0 ], [ 241314.0, 364208.0 ], [ 241312.0, 364208.0 ], [ 241312.0, 364210.0 ], [ 241310.0, 364210.0 ], [ 241310.0, 364214.0 ], [ 241308.0, 364214.0 ], [ 241308.0, 364216.0 ], [ 241306.0, 364216.0 ], [ 241306.0, 364218.0 ], [ 241304.0, 364218.0 ], [ 241304.0, 364220.0 ], [ 241302.0, 364220.0 ], [ 241302.0, 364222.0 ], [ 241300.0, 364222.0 ], [ 241300.0, 364224.0 ], [ 241296.0, 364224.0 ], [ 241296.0, 364222.0 ], [ 241292.0, 364222.0 ], [ 241292.0, 364220.0 ], [ 241288.0, 364220.0 ], [ 241288.0, 364218.0 ], [ 241286.0, 364218.0 ], [ 241286.0, 364216.0 ], [ 241284.0, 364216.0 ], [ 241284.0, 364214.0 ], [ 241280.0, 364214.0 ], [ 241280.0, 364212.0 ], [ 241276.0, 364212.0 ], [ 241276.0, 364210.0 ], [ 241274.0, 364210.0 ], [ 241274.0, 364208.0 ], [ 241270.0, 364208.0 ], [ 241270.0, 364206.0 ], [ 241248.0, 364206.0 ], [ 241248.0, 364202.0 ], [ 241246.0, 364202.0 ], [ 241246.0, 364200.0 ], [ 241244.0, 364200.0 ], [ 241244.0, 364202.0 ], [ 241242.0, 364202.0 ], [ 241242.0, 364236.0 ], [ 241244.0, 364236.0 ], [ 241244.0, 364248.0 ], [ 241246.0, 364248.0 ], [ 241246.0, 364252.0 ], [ 241248.0, 364252.0 ], [ 241248.0, 364254.0 ], [ 241250.0, 364254.0 ], [ 241250.0, 364256.0 ], [ 241252.0, 364256.0 ], [ 241252.0, 364258.0 ], [ 241254.0, 364258.0 ], [ 241254.0, 364260.0 ], [ 241256.0, 364260.0 ], [ 241256.0, 364262.0 ], [ 241258.0, 364262.0 ], [ 241258.0, 364266.0 ], [ 241260.0, 364266.0 ], [ 241260.0, 364268.0 ], [ 241262.0, 364268.0 ], [ 241262.0, 364272.0 ], [ 241264.0, 364272.0 ], [ 241264.0, 364276.0 ], [ 241266.0, 364276.0 ], [ 241266.0, 364280.0 ], [ 241268.0, 364280.0 ], [ 241268.0, 364284.0 ], [ 241270.0, 364284.0 ], [ 241270.0, 364308.0 ], [ 241272.0, 364308.0 ], [ 241272.0, 364318.0 ], [ 241270.0, 364318.0 ], [ 241270.0, 364328.0 ], [ 241268.0, 364328.0 ], [ 241268.0, 364334.0 ], [ 241266.0, 364334.0 ], [ 241266.0, 364336.0 ], [ 241250.0, 364336.0 ], [ 241250.0, 364334.0 ], [ 241244.0, 364334.0 ], [ 241244.0, 364332.0 ], [ 241238.0, 364332.0 ], [ 241238.0, 364330.0 ], [ 241232.0, 364330.0 ], [ 241232.0, 364328.0 ], [ 241220.0, 364328.0 ], [ 241220.0, 364330.0 ], [ 241218.0, 364330.0 ], [ 241218.0, 364362.0 ], [ 241220.0, 364362.0 ], [ 241220.0, 364402.0 ], [ 241222.0, 364402.0 ], [ 241222.0, 364404.0 ], [ 241224.0, 364404.0 ], [ 241224.0, 364406.0 ], [ 241226.0, 364406.0 ], [ 241226.0, 364408.0 ], [ 241228.0, 364408.0 ], [ 241228.0, 364410.0 ], [ 241230.0, 364410.0 ], [ 241230.0, 364412.0 ], [ 241232.0, 364412.0 ], [ 241232.0, 364414.0 ], [ 241234.0, 364414.0 ], [ 241234.0, 364416.0 ], [ 241236.0, 364416.0 ], [ 241236.0, 364418.0 ], [ 241238.0, 364418.0 ], [ 241238.0, 364420.0 ], [ 241240.0, 364420.0 ], [ 241240.0, 364422.0 ], [ 241242.0, 364422.0 ], [ 241242.0, 364424.0 ], [ 241244.0, 364424.0 ], [ 241244.0, 364426.0 ], [ 241246.0, 364426.0 ], [ 241246.0, 364428.0 ], [ 241248.0, 364428.0 ], [ 241248.0, 364464.0 ], [ 241250.0, 364464.0 ], [ 241250.0, 364466.0 ], [ 241252.0, 364466.0 ], [ 241252.0, 364468.0 ], [ 241254.0, 364468.0 ], [ 241254.0, 364470.0 ], [ 241256.0, 364470.0 ], [ 241256.0, 364472.0 ], [ 241258.0, 364472.0 ], [ 241258.0, 364474.0 ], [ 241260.0, 364474.0 ], [ 241260.0, 364478.0 ], [ 241262.0, 364478.0 ], [ 241262.0, 364480.0 ], [ 241264.0, 364480.0 ], [ 241264.0, 364484.0 ], [ 241266.0, 364484.0 ], [ 241266.0, 364486.0 ], [ 241268.0, 364486.0 ], [ 241268.0, 364490.0 ], [ 241270.0, 364490.0 ], [ 241270.0, 364492.0 ], [ 241272.0, 364492.0 ], [ 241272.0, 364496.0 ], [ 241274.0, 364496.0 ], [ 241274.0, 364498.0 ], [ 241276.0, 364498.0 ], [ 241276.0, 364500.0 ], [ 241278.0, 364500.0 ], [ 241278.0, 364502.0 ], [ 241280.0, 364502.0 ], [ 241280.0, 364506.0 ], [ 241282.0, 364506.0 ], [ 241282.0, 364512.0 ], [ 241284.0, 364512.0 ], [ 241284.0, 364520.0 ], [ 241286.0, 364520.0 ], [ 241286.0, 364524.0 ], [ 241288.0, 364524.0 ], [ 241288.0, 364528.0 ], [ 241290.0, 364528.0 ], [ 241290.0, 364530.0 ], [ 241292.0, 364530.0 ], [ 241292.0, 364534.0 ], [ 241294.0, 364534.0 ], [ 241294.0, 364538.0 ], [ 241296.0, 364538.0 ], [ 241296.0, 364544.0 ], [ 241298.0, 364544.0 ], [ 241298.0, 364568.0 ], [ 241296.0, 364568.0 ], [ 241296.0, 364570.0 ], [ 241294.0, 364570.0 ], [ 241294.0, 364572.0 ], [ 241292.0, 364572.0 ], [ 241292.0, 364578.0 ], [ 241290.0, 364578.0 ], [ 241290.0, 364592.0 ], [ 241288.0, 364592.0 ], [ 241288.0, 364596.0 ], [ 241284.0, 364596.0 ], [ 241284.0, 364598.0 ], [ 241264.0, 364598.0 ], [ 241264.0, 364600.0 ], [ 241250.0, 364600.0 ], [ 241250.0, 364602.0 ], [ 241230.0, 364602.0 ], [ 241230.0, 364604.0 ], [ 241188.0, 364604.0 ], [ 241188.0, 364606.0 ], [ 241186.0, 364606.0 ], [ 241186.0, 364608.0 ], [ 241188.0, 364608.0 ], [ 241188.0, 364610.0 ], [ 241190.0, 364610.0 ], [ 241190.0, 364612.0 ], [ 241192.0, 364612.0 ], [ 241192.0, 364614.0 ], [ 241194.0, 364614.0 ], [ 241194.0, 364616.0 ], [ 241196.0, 364616.0 ], [ 241196.0, 364618.0 ], [ 241198.0, 364618.0 ], [ 241198.0, 364620.0 ], [ 241200.0, 364620.0 ], [ 241200.0, 364624.0 ], [ 241202.0, 364624.0 ], [ 241202.0, 364626.0 ], [ 241204.0, 364626.0 ], [ 241204.0, 364628.0 ], [ 241206.0, 364628.0 ], [ 241206.0, 364632.0 ], [ 241208.0, 364632.0 ], [ 241208.0, 364634.0 ], [ 241210.0, 364634.0 ], [ 241210.0, 364638.0 ], [ 241212.0, 364638.0 ], [ 241212.0, 364642.0 ], [ 241214.0, 364642.0 ], [ 241214.0, 364646.0 ], [ 241216.0, 364646.0 ], [ 241216.0, 364650.0 ], [ 241218.0, 364650.0 ], [ 241218.0, 364654.0 ], [ 241220.0, 364654.0 ], [ 241220.0, 364656.0 ], [ 241222.0, 364656.0 ], [ 241222.0, 364660.0 ], [ 241224.0, 364660.0 ], [ 241224.0, 364662.0 ], [ 241226.0, 364662.0 ], [ 241226.0, 364664.0 ], [ 241228.0, 364664.0 ], [ 241228.0, 364666.0 ], [ 241230.0, 364666.0 ], [ 241230.0, 364668.0 ], [ 241232.0, 364668.0 ], [ 241232.0, 364672.0 ], [ 241234.0, 364672.0 ], [ 241234.0, 364676.0 ], [ 241236.0, 364676.0 ], [ 241236.0, 364680.0 ], [ 241238.0, 364680.0 ], [ 241238.0, 364708.0 ], [ 241240.0, 364708.0 ], [ 241240.0, 364710.0 ], [ 241242.0, 364710.0 ], [ 241242.0, 364714.0 ], [ 241238.0, 364714.0 ], [ 241238.0, 364716.0 ], [ 241234.0, 364716.0 ], [ 241234.0, 364718.0 ], [ 241230.0, 364718.0 ], [ 241230.0, 364720.0 ], [ 241228.0, 364720.0 ], [ 241228.0, 364722.0 ], [ 241226.0, 364722.0 ], [ 241226.0, 364724.0 ], [ 241224.0, 364724.0 ], [ 241224.0, 364726.0 ], [ 241222.0, 364726.0 ], [ 241222.0, 364734.0 ], [ 241220.0, 364734.0 ], [ 241220.0, 364738.0 ], [ 241218.0, 364738.0 ], [ 241218.0, 364742.0 ], [ 241216.0, 364742.0 ], [ 241216.0, 364744.0 ], [ 241214.0, 364744.0 ], [ 241214.0, 364746.0 ], [ 241212.0, 364746.0 ], [ 241212.0, 364748.0 ], [ 241210.0, 364748.0 ], [ 241210.0, 364750.0 ], [ 241208.0, 364750.0 ], [ 241208.0, 364752.0 ], [ 241206.0, 364752.0 ], [ 241206.0, 364754.0 ], [ 241190.0, 364754.0 ], [ 241190.0, 364756.0 ], [ 241188.0, 364756.0 ], [ 241188.0, 364758.0 ], [ 241190.0, 364758.0 ], [ 241190.0, 364760.0 ], [ 241192.0, 364760.0 ], [ 241192.0, 364844.0 ], [ 241194.0, 364844.0 ], [ 241194.0, 364846.0 ], [ 241196.0, 364846.0 ], [ 241196.0, 364848.0 ], [ 241202.0, 364848.0 ], [ 241202.0, 364850.0 ], [ 241206.0, 364850.0 ], [ 241206.0, 364852.0 ], [ 241210.0, 364852.0 ], [ 241210.0, 364854.0 ], [ 241222.0, 364854.0 ], [ 241222.0, 364856.0 ], [ 241232.0, 364856.0 ], [ 241232.0, 364888.0 ], [ 241234.0, 364888.0 ], [ 241234.0, 364890.0 ], [ 241236.0, 364890.0 ], [ 241236.0, 364892.0 ], [ 241238.0, 364892.0 ], [ 241238.0, 364894.0 ], [ 241240.0, 364894.0 ], [ 241240.0, 364896.0 ], [ 241242.0, 364896.0 ], [ 241242.0, 364898.0 ], [ 241244.0, 364898.0 ], [ 241244.0, 364900.0 ], [ 241246.0, 364900.0 ], [ 241246.0, 364904.0 ], [ 241248.0, 364904.0 ], [ 241248.0, 364908.0 ], [ 241250.0, 364908.0 ], [ 241250.0, 364914.0 ], [ 241252.0, 364914.0 ], [ 241252.0, 364922.0 ], [ 241254.0, 364922.0 ], [ 241254.0, 364926.0 ], [ 241256.0, 364926.0 ], [ 241256.0, 364930.0 ], [ 241258.0, 364930.0 ], [ 241258.0, 364934.0 ], [ 241260.0, 364934.0 ], [ 241260.0, 364936.0 ], [ 241262.0, 364936.0 ], [ 241262.0, 364938.0 ], [ 241264.0, 364938.0 ], [ 241264.0, 364942.0 ], [ 241266.0, 364942.0 ], [ 241266.0, 364944.0 ], [ 241268.0, 364944.0 ], [ 241268.0, 364946.0 ], [ 241270.0, 364946.0 ], [ 241270.0, 364948.0 ], [ 241272.0, 364948.0 ], [ 241272.0, 364950.0 ], [ 241274.0, 364950.0 ], [ 241274.0, 364952.0 ], [ 241276.0, 364952.0 ], [ 241276.0, 364954.0 ], [ 241278.0, 364954.0 ], [ 241278.0, 364956.0 ], [ 241280.0, 364956.0 ], [ 241280.0, 364958.0 ], [ 241282.0, 364958.0 ], [ 241282.0, 364960.0 ], [ 241284.0, 364960.0 ], [ 241284.0, 364962.0 ], [ 241286.0, 364962.0 ], [ 241286.0, 364964.0 ], [ 241288.0, 364964.0 ], [ 241288.0, 364968.0 ], [ 241290.0, 364968.0 ], [ 241290.0, 364972.0 ], [ 241292.0, 364972.0 ], [ 241292.0, 364974.0 ], [ 241294.0, 364974.0 ], [ 241294.0, 364976.0 ], [ 241296.0, 364976.0 ], [ 241296.0, 364978.0 ], [ 241306.0, 364978.0 ], [ 241306.0, 364980.0 ], [ 241314.0, 364980.0 ], [ 241314.0, 364982.0 ], [ 241320.0, 364982.0 ], [ 241320.0, 364984.0 ], [ 241328.0, 364984.0 ], [ 241328.0, 364982.0 ] ], [ [ 242876.0, 364142.0 ], [ 242876.0, 364140.0 ], [ 242872.0, 364140.0 ], [ 242872.0, 364138.0 ], [ 242868.0, 364138.0 ], [ 242868.0, 364136.0 ], [ 242864.0, 364136.0 ], [ 242864.0, 364134.0 ], [ 242860.0, 364134.0 ], [ 242860.0, 364132.0 ], [ 242856.0, 364132.0 ], [ 242856.0, 364130.0 ], [ 242852.0, 364130.0 ], [ 242852.0, 364128.0 ], [ 242850.0, 364128.0 ], [ 242850.0, 364126.0 ], [ 242846.0, 364126.0 ], [ 242846.0, 364120.0 ], [ 242848.0, 364120.0 ], [ 242848.0, 364118.0 ], [ 242850.0, 364118.0 ], [ 242850.0, 364112.0 ], [ 242852.0, 364112.0 ], [ 242852.0, 364064.0 ], [ 242854.0, 364064.0 ], [ 242854.0, 364060.0 ], [ 242856.0, 364060.0 ], [ 242856.0, 364056.0 ], [ 242858.0, 364056.0 ], [ 242858.0, 364050.0 ], [ 242860.0, 364050.0 ], [ 242860.0, 364046.0 ], [ 242862.0, 364046.0 ], [ 242862.0, 364042.0 ], [ 242892.0, 364042.0 ], [ 242892.0, 364044.0 ], [ 242894.0, 364044.0 ], [ 242894.0, 364046.0 ], [ 242896.0, 364046.0 ], [ 242896.0, 364048.0 ], [ 242898.0, 364048.0 ], [ 242898.0, 364050.0 ], [ 242900.0, 364050.0 ], [ 242900.0, 364052.0 ], [ 242902.0, 364052.0 ], [ 242902.0, 364054.0 ], [ 242904.0, 364054.0 ], [ 242904.0, 364056.0 ], [ 242906.0, 364056.0 ], [ 242906.0, 364058.0 ], [ 242908.0, 364058.0 ], [ 242908.0, 364060.0 ], [ 242910.0, 364060.0 ], [ 242910.0, 364062.0 ], [ 242912.0, 364062.0 ], [ 242912.0, 364064.0 ], [ 242916.0, 364064.0 ], [ 242916.0, 364066.0 ], [ 242918.0, 364066.0 ], [ 242918.0, 364068.0 ], [ 242920.0, 364068.0 ], [ 242920.0, 364070.0 ], [ 242922.0, 364070.0 ], [ 242922.0, 364094.0 ], [ 242920.0, 364094.0 ], [ 242920.0, 364104.0 ], [ 242918.0, 364104.0 ], [ 242918.0, 364106.0 ], [ 242916.0, 364106.0 ], [ 242916.0, 364112.0 ], [ 242914.0, 364112.0 ], [ 242914.0, 364116.0 ], [ 242912.0, 364116.0 ], [ 242912.0, 364118.0 ], [ 242910.0, 364118.0 ], [ 242910.0, 364122.0 ], [ 242908.0, 364122.0 ], [ 242908.0, 364126.0 ], [ 242906.0, 364126.0 ], [ 242906.0, 364130.0 ], [ 242904.0, 364130.0 ], [ 242904.0, 364134.0 ], [ 242902.0, 364134.0 ], [ 242902.0, 364138.0 ], [ 242900.0, 364138.0 ], [ 242900.0, 364142.0 ], [ 242896.0, 364142.0 ], [ 242896.0, 364144.0 ], [ 242886.0, 364144.0 ], [ 242886.0, 364142.0 ], [ 242876.0, 364142.0 ] ], [ [ 242810.0, 364128.0 ], [ 242810.0, 364126.0 ], [ 242806.0, 364126.0 ], [ 242806.0, 364124.0 ], [ 242802.0, 364124.0 ], [ 242802.0, 364122.0 ], [ 242800.0, 364122.0 ], [ 242800.0, 364116.0 ], [ 242798.0, 364116.0 ], [ 242798.0, 364110.0 ], [ 242796.0, 364110.0 ], [ 242796.0, 364106.0 ], [ 242794.0, 364106.0 ], [ 242794.0, 364104.0 ], [ 242792.0, 364104.0 ], [ 242792.0, 364076.0 ], [ 242794.0, 364076.0 ], [ 242794.0, 364070.0 ], [ 242796.0, 364070.0 ], [ 242796.0, 364068.0 ], [ 242798.0, 364068.0 ], [ 242798.0, 364066.0 ], [ 242802.0, 364066.0 ], [ 242802.0, 364064.0 ], [ 242806.0, 364064.0 ], [ 242806.0, 364062.0 ], [ 242810.0, 364062.0 ], [ 242810.0, 364060.0 ], [ 242814.0, 364060.0 ], [ 242814.0, 364058.0 ], [ 242820.0, 364058.0 ], [ 242820.0, 364060.0 ], [ 242826.0, 364060.0 ], [ 242826.0, 364062.0 ], [ 242830.0, 364062.0 ], [ 242830.0, 364064.0 ], [ 242836.0, 364064.0 ], [ 242836.0, 364066.0 ], [ 242840.0, 364066.0 ], [ 242840.0, 364072.0 ], [ 242842.0, 364072.0 ], [ 242842.0, 364078.0 ], [ 242844.0, 364078.0 ], [ 242844.0, 364086.0 ], [ 242846.0, 364086.0 ], [ 242846.0, 364094.0 ], [ 242848.0, 364094.0 ], [ 242848.0, 364112.0 ], [ 242846.0, 364112.0 ], [ 242846.0, 364118.0 ], [ 242844.0, 364118.0 ], [ 242844.0, 364120.0 ], [ 242842.0, 364120.0 ], [ 242842.0, 364122.0 ], [ 242840.0, 364122.0 ], [ 242840.0, 364124.0 ], [ 242838.0, 364124.0 ], [ 242838.0, 364126.0 ], [ 242836.0, 364126.0 ], [ 242836.0, 364128.0 ], [ 242832.0, 364128.0 ], [ 242832.0, 364130.0 ], [ 242814.0, 364130.0 ], [ 242814.0, 364128.0 ], [ 242810.0, 364128.0 ] ], [ [ 241750.0, 363566.0 ], [ 241750.0, 363564.0 ], [ 241748.0, 363564.0 ], [ 241748.0, 363562.0 ], [ 241746.0, 363562.0 ], [ 241746.0, 363560.0 ], [ 241744.0, 363560.0 ], [ 241744.0, 363558.0 ], [ 241742.0, 363558.0 ], [ 241742.0, 363556.0 ], [ 241740.0, 363556.0 ], [ 241740.0, 363554.0 ], [ 241738.0, 363554.0 ], [ 241738.0, 363552.0 ], [ 241736.0, 363552.0 ], [ 241736.0, 363550.0 ], [ 241732.0, 363550.0 ], [ 241732.0, 363548.0 ], [ 241730.0, 363548.0 ], [ 241730.0, 363546.0 ], [ 241728.0, 363546.0 ], [ 241728.0, 363544.0 ], [ 241726.0, 363544.0 ], [ 241726.0, 363542.0 ], [ 241722.0, 363542.0 ], [ 241722.0, 363540.0 ], [ 241720.0, 363540.0 ], [ 241720.0, 363538.0 ], [ 241718.0, 363538.0 ], [ 241718.0, 363536.0 ], [ 241716.0, 363536.0 ], [ 241716.0, 363534.0 ], [ 241714.0, 363534.0 ], [ 241714.0, 363532.0 ], [ 241712.0, 363532.0 ], [ 241712.0, 363530.0 ], [ 241710.0, 363530.0 ], [ 241710.0, 363528.0 ], [ 241708.0, 363528.0 ], [ 241708.0, 363526.0 ], [ 241706.0, 363526.0 ], [ 241706.0, 363524.0 ], [ 241704.0, 363524.0 ], [ 241704.0, 363522.0 ], [ 241702.0, 363522.0 ], [ 241702.0, 363520.0 ], [ 241700.0, 363520.0 ], [ 241700.0, 363518.0 ], [ 241698.0, 363518.0 ], [ 241698.0, 363516.0 ], [ 241696.0, 363516.0 ], [ 241696.0, 363514.0 ], [ 241694.0, 363514.0 ], [ 241694.0, 363512.0 ], [ 241692.0, 363512.0 ], [ 241692.0, 363510.0 ], [ 241690.0, 363510.0 ], [ 241690.0, 363508.0 ], [ 241688.0, 363508.0 ], [ 241688.0, 363506.0 ], [ 241686.0, 363506.0 ], [ 241686.0, 363504.0 ], [ 241684.0, 363504.0 ], [ 241684.0, 363502.0 ], [ 241682.0, 363502.0 ], [ 241682.0, 363500.0 ], [ 241680.0, 363500.0 ], [ 241680.0, 363498.0 ], [ 241678.0, 363498.0 ], [ 241678.0, 363494.0 ], [ 241676.0, 363494.0 ], [ 241676.0, 363492.0 ], [ 241674.0, 363492.0 ], [ 241674.0, 363490.0 ], [ 241672.0, 363490.0 ], [ 241672.0, 363488.0 ], [ 241670.0, 363488.0 ], [ 241670.0, 363486.0 ], [ 241668.0, 363486.0 ], [ 241668.0, 363484.0 ], [ 241666.0, 363484.0 ], [ 241666.0, 363482.0 ], [ 241652.0, 363482.0 ], [ 241652.0, 363484.0 ], [ 241650.0, 363484.0 ], [ 241650.0, 363486.0 ], [ 241648.0, 363486.0 ], [ 241648.0, 363488.0 ], [ 241646.0, 363488.0 ], [ 241646.0, 363490.0 ], [ 241644.0, 363490.0 ], [ 241644.0, 363492.0 ], [ 241640.0, 363492.0 ], [ 241640.0, 363494.0 ], [ 241638.0, 363494.0 ], [ 241638.0, 363496.0 ], [ 241628.0, 363496.0 ], [ 241628.0, 363494.0 ], [ 241624.0, 363494.0 ], [ 241624.0, 363492.0 ], [ 241616.0, 363492.0 ], [ 241616.0, 363490.0 ], [ 241596.0, 363490.0 ], [ 241596.0, 363488.0 ], [ 241594.0, 363488.0 ], [ 241594.0, 363486.0 ], [ 241592.0, 363486.0 ], [ 241592.0, 363484.0 ], [ 241588.0, 363484.0 ], [ 241588.0, 363482.0 ], [ 241584.0, 363482.0 ], [ 241584.0, 363480.0 ], [ 241580.0, 363480.0 ], [ 241580.0, 363478.0 ], [ 241576.0, 363478.0 ], [ 241576.0, 363476.0 ], [ 241572.0, 363476.0 ], [ 241572.0, 363474.0 ], [ 241570.0, 363474.0 ], [ 241570.0, 363472.0 ], [ 241566.0, 363472.0 ], [ 241566.0, 363470.0 ], [ 241564.0, 363470.0 ], [ 241564.0, 363468.0 ], [ 241562.0, 363468.0 ], [ 241562.0, 363466.0 ], [ 241538.0, 363466.0 ], [ 241538.0, 363464.0 ], [ 241534.0, 363464.0 ], [ 241534.0, 363462.0 ], [ 241532.0, 363462.0 ], [ 241532.0, 363460.0 ], [ 241530.0, 363460.0 ], [ 241530.0, 363458.0 ], [ 241528.0, 363458.0 ], [ 241528.0, 363456.0 ], [ 241526.0, 363456.0 ], [ 241526.0, 363452.0 ], [ 241524.0, 363452.0 ], [ 241524.0, 363448.0 ], [ 241522.0, 363448.0 ], [ 241522.0, 363444.0 ], [ 241520.0, 363444.0 ], [ 241520.0, 363440.0 ], [ 241518.0, 363440.0 ], [ 241518.0, 363436.0 ], [ 241516.0, 363436.0 ], [ 241516.0, 363432.0 ], [ 241514.0, 363432.0 ], [ 241514.0, 363430.0 ], [ 241512.0, 363430.0 ], [ 241512.0, 363426.0 ], [ 241510.0, 363426.0 ], [ 241510.0, 363424.0 ], [ 241508.0, 363424.0 ], [ 241508.0, 363422.0 ], [ 241506.0, 363422.0 ], [ 241506.0, 363420.0 ], [ 241504.0, 363420.0 ], [ 241504.0, 363418.0 ], [ 241502.0, 363418.0 ], [ 241502.0, 363416.0 ], [ 241500.0, 363416.0 ], [ 241500.0, 363414.0 ], [ 241498.0, 363414.0 ], [ 241498.0, 363412.0 ], [ 241496.0, 363412.0 ], [ 241496.0, 363410.0 ], [ 241492.0, 363410.0 ], [ 241492.0, 363408.0 ], [ 241488.0, 363408.0 ], [ 241488.0, 363406.0 ], [ 241486.0, 363406.0 ], [ 241486.0, 363404.0 ], [ 241482.0, 363404.0 ], [ 241482.0, 363402.0 ], [ 241480.0, 363402.0 ], [ 241480.0, 363400.0 ], [ 241478.0, 363400.0 ], [ 241478.0, 363398.0 ], [ 241476.0, 363398.0 ], [ 241476.0, 363396.0 ], [ 241474.0, 363396.0 ], [ 241474.0, 363394.0 ], [ 241468.0, 363394.0 ], [ 241468.0, 363396.0 ], [ 241466.0, 363396.0 ], [ 241466.0, 363398.0 ], [ 241464.0, 363398.0 ], [ 241464.0, 363400.0 ], [ 241460.0, 363400.0 ], [ 241460.0, 363402.0 ], [ 241436.0, 363402.0 ], [ 241436.0, 363400.0 ], [ 241434.0, 363400.0 ], [ 241434.0, 363398.0 ], [ 241430.0, 363398.0 ], [ 241430.0, 363396.0 ], [ 241426.0, 363396.0 ], [ 241426.0, 363394.0 ], [ 241424.0, 363394.0 ], [ 241424.0, 363392.0 ], [ 241422.0, 363392.0 ], [ 241422.0, 363390.0 ], [ 241420.0, 363390.0 ], [ 241420.0, 363388.0 ], [ 241418.0, 363388.0 ], [ 241418.0, 363386.0 ], [ 241416.0, 363386.0 ], [ 241416.0, 363384.0 ], [ 241414.0, 363384.0 ], [ 241414.0, 363380.0 ], [ 241412.0, 363380.0 ], [ 241412.0, 363376.0 ], [ 241410.0, 363376.0 ], [ 241410.0, 363374.0 ], [ 241408.0, 363374.0 ], [ 241408.0, 363368.0 ], [ 241406.0, 363368.0 ], [ 241406.0, 363364.0 ], [ 241404.0, 363364.0 ], [ 241404.0, 363360.0 ], [ 241402.0, 363360.0 ], [ 241402.0, 363356.0 ], [ 241400.0, 363356.0 ], [ 241400.0, 363354.0 ], [ 241398.0, 363354.0 ], [ 241398.0, 363350.0 ], [ 241396.0, 363350.0 ], [ 241396.0, 363348.0 ], [ 241394.0, 363348.0 ], [ 241394.0, 363344.0 ], [ 241392.0, 363344.0 ], [ 241392.0, 363342.0 ], [ 241390.0, 363342.0 ], [ 241390.0, 363340.0 ], [ 241386.0, 363340.0 ], [ 241386.0, 363338.0 ], [ 241384.0, 363338.0 ], [ 241384.0, 363336.0 ], [ 241380.0, 363336.0 ], [ 241380.0, 363334.0 ], [ 241376.0, 363334.0 ], [ 241376.0, 363332.0 ], [ 241372.0, 363332.0 ], [ 241372.0, 363330.0 ], [ 241370.0, 363330.0 ], [ 241370.0, 363328.0 ], [ 241368.0, 363328.0 ], [ 241368.0, 363326.0 ], [ 241366.0, 363326.0 ], [ 241366.0, 363324.0 ], [ 241362.0, 363324.0 ], [ 241362.0, 363322.0 ], [ 241360.0, 363322.0 ], [ 241360.0, 363320.0 ], [ 241358.0, 363320.0 ], [ 241358.0, 363318.0 ], [ 241356.0, 363318.0 ], [ 241356.0, 363316.0 ], [ 241354.0, 363316.0 ], [ 241354.0, 363314.0 ], [ 241352.0, 363314.0 ], [ 241352.0, 363312.0 ], [ 241350.0, 363312.0 ], [ 241350.0, 363310.0 ], [ 241346.0, 363310.0 ], [ 241346.0, 363308.0 ], [ 241344.0, 363308.0 ], [ 241344.0, 363306.0 ], [ 241342.0, 363306.0 ], [ 241342.0, 363304.0 ], [ 241338.0, 363304.0 ], [ 241338.0, 363302.0 ], [ 241336.0, 363302.0 ], [ 241336.0, 363298.0 ], [ 241334.0, 363298.0 ], [ 241334.0, 363294.0 ], [ 241332.0, 363294.0 ], [ 241332.0, 363288.0 ], [ 241330.0, 363288.0 ], [ 241330.0, 363284.0 ], [ 241328.0, 363284.0 ], [ 241328.0, 363280.0 ], [ 241326.0, 363280.0 ], [ 241326.0, 363278.0 ], [ 241324.0, 363278.0 ], [ 241324.0, 363276.0 ], [ 241322.0, 363276.0 ], [ 241322.0, 363274.0 ], [ 241318.0, 363274.0 ], [ 241318.0, 363272.0 ], [ 241314.0, 363272.0 ], [ 241314.0, 363270.0 ], [ 241308.0, 363270.0 ], [ 241308.0, 363268.0 ], [ 241304.0, 363268.0 ], [ 241304.0, 363266.0 ], [ 241298.0, 363266.0 ], [ 241298.0, 363264.0 ], [ 241310.0, 363264.0 ], [ 241310.0, 363262.0 ], [ 241314.0, 363262.0 ], [ 241314.0, 363260.0 ], [ 241318.0, 363260.0 ], [ 241318.0, 363258.0 ], [ 241322.0, 363258.0 ], [ 241322.0, 363256.0 ], [ 241328.0, 363256.0 ], [ 241328.0, 363254.0 ], [ 241330.0, 363254.0 ], [ 241330.0, 363252.0 ], [ 241332.0, 363252.0 ], [ 241332.0, 363220.0 ], [ 241330.0, 363220.0 ], [ 241330.0, 363216.0 ], [ 241328.0, 363216.0 ], [ 241328.0, 363214.0 ], [ 241326.0, 363214.0 ], [ 241326.0, 363210.0 ], [ 241324.0, 363210.0 ], [ 241324.0, 363208.0 ], [ 241322.0, 363208.0 ], [ 241322.0, 363206.0 ], [ 241320.0, 363206.0 ], [ 241320.0, 363202.0 ], [ 241318.0, 363202.0 ], [ 241318.0, 363200.0 ], [ 241316.0, 363200.0 ], [ 241316.0, 363198.0 ], [ 241314.0, 363198.0 ], [ 241314.0, 363196.0 ], [ 241312.0, 363196.0 ], [ 241312.0, 363192.0 ], [ 241310.0, 363192.0 ], [ 241310.0, 363190.0 ], [ 241308.0, 363190.0 ], [ 241308.0, 363186.0 ], [ 241306.0, 363186.0 ], [ 241306.0, 363184.0 ], [ 241304.0, 363184.0 ], [ 241304.0, 363182.0 ], [ 241302.0, 363182.0 ], [ 241302.0, 363180.0 ], [ 241300.0, 363180.0 ], [ 241300.0, 363178.0 ], [ 241298.0, 363178.0 ], [ 241298.0, 363176.0 ], [ 241296.0, 363176.0 ], [ 241296.0, 363174.0 ], [ 241294.0, 363174.0 ], [ 241294.0, 363172.0 ], [ 241292.0, 363172.0 ], [ 241292.0, 363170.0 ], [ 241290.0, 363170.0 ], [ 241290.0, 363168.0 ], [ 241288.0, 363168.0 ], [ 241288.0, 363166.0 ], [ 241286.0, 363166.0 ], [ 241286.0, 363162.0 ], [ 241284.0, 363162.0 ], [ 241284.0, 363160.0 ], [ 241282.0, 363160.0 ], [ 241282.0, 363156.0 ], [ 241280.0, 363156.0 ], [ 241280.0, 363154.0 ], [ 241278.0, 363154.0 ], [ 241278.0, 363150.0 ], [ 241276.0, 363150.0 ], [ 241276.0, 363146.0 ], [ 241274.0, 363146.0 ], [ 241274.0, 363142.0 ], [ 241272.0, 363142.0 ], [ 241272.0, 363140.0 ], [ 241270.0, 363140.0 ], [ 241270.0, 363138.0 ], [ 241268.0, 363138.0 ], [ 241268.0, 363136.0 ], [ 241266.0, 363136.0 ], [ 241266.0, 363132.0 ], [ 241264.0, 363132.0 ], [ 241264.0, 363130.0 ], [ 241262.0, 363130.0 ], [ 241262.0, 363128.0 ], [ 241260.0, 363128.0 ], [ 241260.0, 363126.0 ], [ 241258.0, 363126.0 ], [ 241258.0, 363124.0 ], [ 241256.0, 363124.0 ], [ 241256.0, 363122.0 ], [ 241254.0, 363122.0 ], [ 241254.0, 363120.0 ], [ 241252.0, 363120.0 ], [ 241252.0, 363118.0 ], [ 241250.0, 363118.0 ], [ 241250.0, 363114.0 ], [ 241248.0, 363114.0 ], [ 241248.0, 363112.0 ], [ 241246.0, 363112.0 ], [ 241246.0, 363110.0 ], [ 241244.0, 363110.0 ], [ 241244.0, 363106.0 ], [ 241242.0, 363106.0 ], [ 241242.0, 363104.0 ], [ 241240.0, 363104.0 ], [ 241240.0, 363102.0 ], [ 241238.0, 363102.0 ], [ 241238.0, 363100.0 ], [ 241236.0, 363100.0 ], [ 241236.0, 363098.0 ], [ 241234.0, 363098.0 ], [ 241234.0, 363096.0 ], [ 241232.0, 363096.0 ], [ 241232.0, 363094.0 ], [ 241230.0, 363094.0 ], [ 241230.0, 363068.0 ], [ 241232.0, 363068.0 ], [ 241232.0, 363062.0 ], [ 241234.0, 363062.0 ], [ 241234.0, 363058.0 ], [ 241236.0, 363058.0 ], [ 241236.0, 363054.0 ], [ 241238.0, 363054.0 ], [ 241238.0, 363052.0 ], [ 241240.0, 363052.0 ], [ 241240.0, 363050.0 ], [ 241242.0, 363050.0 ], [ 241242.0, 363048.0 ], [ 241244.0, 363048.0 ], [ 241244.0, 363046.0 ], [ 241246.0, 363046.0 ], [ 241246.0, 363044.0 ], [ 241248.0, 363044.0 ], [ 241248.0, 363040.0 ], [ 241250.0, 363040.0 ], [ 241250.0, 363028.0 ], [ 241252.0, 363028.0 ], [ 241252.0, 363026.0 ], [ 241254.0, 363026.0 ], [ 241254.0, 363024.0 ], [ 241258.0, 363024.0 ], [ 241258.0, 363022.0 ], [ 241260.0, 363022.0 ], [ 241260.0, 363020.0 ], [ 241264.0, 363020.0 ], [ 241264.0, 363022.0 ], [ 241268.0, 363022.0 ], [ 241268.0, 363024.0 ], [ 241270.0, 363024.0 ], [ 241270.0, 363026.0 ], [ 241272.0, 363026.0 ], [ 241272.0, 363028.0 ], [ 241274.0, 363028.0 ], [ 241274.0, 363030.0 ], [ 241276.0, 363030.0 ], [ 241276.0, 363032.0 ], [ 241278.0, 363032.0 ], [ 241278.0, 363034.0 ], [ 241282.0, 363034.0 ], [ 241282.0, 363036.0 ], [ 241286.0, 363036.0 ], [ 241286.0, 363038.0 ], [ 241292.0, 363038.0 ], [ 241292.0, 363040.0 ], [ 241296.0, 363040.0 ], [ 241296.0, 363042.0 ], [ 241300.0, 363042.0 ], [ 241300.0, 363044.0 ], [ 241302.0, 363044.0 ], [ 241302.0, 363048.0 ], [ 241304.0, 363048.0 ], [ 241304.0, 363054.0 ], [ 241306.0, 363054.0 ], [ 241306.0, 363064.0 ], [ 241308.0, 363064.0 ], [ 241308.0, 363066.0 ], [ 241310.0, 363066.0 ], [ 241310.0, 363068.0 ], [ 241312.0, 363068.0 ], [ 241312.0, 363070.0 ], [ 241314.0, 363070.0 ], [ 241314.0, 363072.0 ], [ 241316.0, 363072.0 ], [ 241316.0, 363074.0 ], [ 241346.0, 363074.0 ], [ 241346.0, 363076.0 ], [ 241352.0, 363076.0 ], [ 241352.0, 363078.0 ], [ 241358.0, 363078.0 ], [ 241358.0, 363080.0 ], [ 241362.0, 363080.0 ], [ 241362.0, 363082.0 ], [ 241364.0, 363082.0 ], [ 241364.0, 363084.0 ], [ 241368.0, 363084.0 ], [ 241368.0, 363086.0 ], [ 241370.0, 363086.0 ], [ 241370.0, 363088.0 ], [ 241374.0, 363088.0 ], [ 241374.0, 363090.0 ], [ 241378.0, 363090.0 ], [ 241378.0, 363092.0 ], [ 241386.0, 363092.0 ], [ 241386.0, 363094.0 ], [ 241418.0, 363094.0 ], [ 241418.0, 363092.0 ], [ 241422.0, 363092.0 ], [ 241422.0, 363090.0 ], [ 241424.0, 363090.0 ], [ 241424.0, 363088.0 ], [ 241464.0, 363088.0 ], [ 241464.0, 363086.0 ], [ 241466.0, 363086.0 ], [ 241466.0, 363082.0 ], [ 241468.0, 363082.0 ], [ 241468.0, 363078.0 ], [ 241470.0, 363078.0 ], [ 241470.0, 363074.0 ], [ 241472.0, 363074.0 ], [ 241472.0, 363070.0 ], [ 241474.0, 363070.0 ], [ 241474.0, 363068.0 ], [ 241476.0, 363068.0 ], [ 241476.0, 363064.0 ], [ 241478.0, 363064.0 ], [ 241478.0, 363062.0 ], [ 241480.0, 363062.0 ], [ 241480.0, 363058.0 ], [ 241482.0, 363058.0 ], [ 241482.0, 363056.0 ], [ 241484.0, 363056.0 ], [ 241484.0, 363054.0 ], [ 241486.0, 363054.0 ], [ 241486.0, 363052.0 ], [ 241490.0, 363052.0 ], [ 241490.0, 363050.0 ], [ 241492.0, 363050.0 ], [ 241492.0, 363048.0 ], [ 241496.0, 363048.0 ], [ 241496.0, 363046.0 ], [ 241500.0, 363046.0 ], [ 241500.0, 363044.0 ], [ 241502.0, 363044.0 ], [ 241502.0, 363042.0 ], [ 241504.0, 363042.0 ], [ 241504.0, 363040.0 ], [ 241506.0, 363040.0 ], [ 241506.0, 363038.0 ], [ 241508.0, 363038.0 ], [ 241508.0, 363032.0 ], [ 241510.0, 363032.0 ], [ 241510.0, 363030.0 ], [ 241512.0, 363030.0 ], [ 241512.0, 363026.0 ], [ 241514.0, 363026.0 ], [ 241514.0, 363024.0 ], [ 241518.0, 363024.0 ], [ 241518.0, 363022.0 ], [ 241520.0, 363022.0 ], [ 241520.0, 363020.0 ], [ 241522.0, 363020.0 ], [ 241522.0, 363018.0 ], [ 241524.0, 363018.0 ], [ 241524.0, 363016.0 ], [ 241526.0, 363016.0 ], [ 241526.0, 363014.0 ], [ 241528.0, 363014.0 ], [ 241528.0, 363016.0 ], [ 241530.0, 363016.0 ], [ 241530.0, 363020.0 ], [ 241532.0, 363020.0 ], [ 241532.0, 363022.0 ], [ 241534.0, 363022.0 ], [ 241534.0, 363028.0 ], [ 241536.0, 363028.0 ], [ 241536.0, 363042.0 ], [ 241538.0, 363042.0 ], [ 241538.0, 363044.0 ], [ 241540.0, 363044.0 ], [ 241540.0, 363046.0 ], [ 241542.0, 363046.0 ], [ 241542.0, 363048.0 ], [ 241544.0, 363048.0 ], [ 241544.0, 363050.0 ], [ 241546.0, 363050.0 ], [ 241546.0, 363052.0 ], [ 241548.0, 363052.0 ], [ 241548.0, 363054.0 ], [ 241550.0, 363054.0 ], [ 241550.0, 363056.0 ], [ 241552.0, 363056.0 ], [ 241552.0, 363058.0 ], [ 241554.0, 363058.0 ], [ 241554.0, 363062.0 ], [ 241556.0, 363062.0 ], [ 241556.0, 363068.0 ], [ 241558.0, 363068.0 ], [ 241558.0, 363120.0 ], [ 241560.0, 363120.0 ], [ 241560.0, 363122.0 ], [ 241562.0, 363122.0 ], [ 241562.0, 363124.0 ], [ 241564.0, 363124.0 ], [ 241564.0, 363126.0 ], [ 241566.0, 363126.0 ], [ 241566.0, 363128.0 ], [ 241568.0, 363128.0 ], [ 241568.0, 363130.0 ], [ 241570.0, 363130.0 ], [ 241570.0, 363132.0 ], [ 241572.0, 363132.0 ], [ 241572.0, 363134.0 ], [ 241574.0, 363134.0 ], [ 241574.0, 363136.0 ], [ 241576.0, 363136.0 ], [ 241576.0, 363138.0 ], [ 241580.0, 363138.0 ], [ 241580.0, 363140.0 ], [ 241582.0, 363140.0 ], [ 241582.0, 363142.0 ], [ 241584.0, 363142.0 ], [ 241584.0, 363144.0 ], [ 241586.0, 363144.0 ], [ 241586.0, 363146.0 ], [ 241588.0, 363146.0 ], [ 241588.0, 363148.0 ], [ 241590.0, 363148.0 ], [ 241590.0, 363150.0 ], [ 241592.0, 363150.0 ], [ 241592.0, 363154.0 ], [ 241594.0, 363154.0 ], [ 241594.0, 363160.0 ], [ 241596.0, 363160.0 ], [ 241596.0, 363166.0 ], [ 241598.0, 363166.0 ], [ 241598.0, 363172.0 ], [ 241600.0, 363172.0 ], [ 241600.0, 363178.0 ], [ 241602.0, 363178.0 ], [ 241602.0, 363186.0 ], [ 241604.0, 363186.0 ], [ 241604.0, 363192.0 ], [ 241606.0, 363192.0 ], [ 241606.0, 363194.0 ], [ 241608.0, 363194.0 ], [ 241608.0, 363196.0 ], [ 241610.0, 363196.0 ], [ 241610.0, 363198.0 ], [ 241612.0, 363198.0 ], [ 241612.0, 363200.0 ], [ 241614.0, 363200.0 ], [ 241614.0, 363204.0 ], [ 241616.0, 363204.0 ], [ 241616.0, 363206.0 ], [ 241618.0, 363206.0 ], [ 241618.0, 363210.0 ], [ 241620.0, 363210.0 ], [ 241620.0, 363214.0 ], [ 241622.0, 363214.0 ], [ 241622.0, 363218.0 ], [ 241624.0, 363218.0 ], [ 241624.0, 363220.0 ], [ 241626.0, 363220.0 ], [ 241626.0, 363222.0 ], [ 241628.0, 363222.0 ], [ 241628.0, 363224.0 ], [ 241630.0, 363224.0 ], [ 241630.0, 363226.0 ], [ 241632.0, 363226.0 ], [ 241632.0, 363228.0 ], [ 241634.0, 363228.0 ], [ 241634.0, 363230.0 ], [ 241638.0, 363230.0 ], [ 241638.0, 363232.0 ], [ 241640.0, 363232.0 ], [ 241640.0, 363234.0 ], [ 241642.0, 363234.0 ], [ 241642.0, 363236.0 ], [ 241644.0, 363236.0 ], [ 241644.0, 363238.0 ], [ 241646.0, 363238.0 ], [ 241646.0, 363240.0 ], [ 241648.0, 363240.0 ], [ 241648.0, 363242.0 ], [ 241650.0, 363242.0 ], [ 241650.0, 363244.0 ], [ 241652.0, 363244.0 ], [ 241652.0, 363246.0 ], [ 241654.0, 363246.0 ], [ 241654.0, 363248.0 ], [ 241656.0, 363248.0 ], [ 241656.0, 363250.0 ], [ 241658.0, 363250.0 ], [ 241658.0, 363252.0 ], [ 241660.0, 363252.0 ], [ 241660.0, 363256.0 ], [ 241662.0, 363256.0 ], [ 241662.0, 363258.0 ], [ 241664.0, 363258.0 ], [ 241664.0, 363264.0 ], [ 241666.0, 363264.0 ], [ 241666.0, 363270.0 ], [ 241668.0, 363270.0 ], [ 241668.0, 363282.0 ], [ 241670.0, 363282.0 ], [ 241670.0, 363286.0 ], [ 241672.0, 363286.0 ], [ 241672.0, 363288.0 ], [ 241674.0, 363288.0 ], [ 241674.0, 363290.0 ], [ 241676.0, 363290.0 ], [ 241676.0, 363292.0 ], [ 241678.0, 363292.0 ], [ 241678.0, 363294.0 ], [ 241682.0, 363294.0 ], [ 241682.0, 363296.0 ], [ 241684.0, 363296.0 ], [ 241684.0, 363298.0 ], [ 241686.0, 363298.0 ], [ 241686.0, 363300.0 ], [ 241688.0, 363300.0 ], [ 241688.0, 363302.0 ], [ 241690.0, 363302.0 ], [ 241690.0, 363304.0 ], [ 241692.0, 363304.0 ], [ 241692.0, 363308.0 ], [ 241694.0, 363308.0 ], [ 241694.0, 363312.0 ], [ 241696.0, 363312.0 ], [ 241696.0, 363316.0 ], [ 241698.0, 363316.0 ], [ 241698.0, 363320.0 ], [ 241700.0, 363320.0 ], [ 241700.0, 363324.0 ], [ 241702.0, 363324.0 ], [ 241702.0, 363328.0 ], [ 241704.0, 363328.0 ], [ 241704.0, 363330.0 ], [ 241706.0, 363330.0 ], [ 241706.0, 363332.0 ], [ 241708.0, 363332.0 ], [ 241708.0, 363334.0 ], [ 241710.0, 363334.0 ], [ 241710.0, 363336.0 ], [ 241712.0, 363336.0 ], [ 241712.0, 363338.0 ], [ 241714.0, 363338.0 ], [ 241714.0, 363340.0 ], [ 241716.0, 363340.0 ], [ 241716.0, 363342.0 ], [ 241718.0, 363342.0 ], [ 241718.0, 363344.0 ], [ 241720.0, 363344.0 ], [ 241720.0, 363346.0 ], [ 241722.0, 363346.0 ], [ 241722.0, 363350.0 ], [ 241724.0, 363350.0 ], [ 241724.0, 363352.0 ], [ 241726.0, 363352.0 ], [ 241726.0, 363356.0 ], [ 241728.0, 363356.0 ], [ 241728.0, 363358.0 ], [ 241730.0, 363358.0 ], [ 241730.0, 363362.0 ], [ 241732.0, 363362.0 ], [ 241732.0, 363366.0 ], [ 241734.0, 363366.0 ], [ 241734.0, 363372.0 ], [ 241736.0, 363372.0 ], [ 241736.0, 363376.0 ], [ 241738.0, 363376.0 ], [ 241738.0, 363380.0 ], [ 241740.0, 363380.0 ], [ 241740.0, 363384.0 ], [ 241742.0, 363384.0 ], [ 241742.0, 363386.0 ], [ 241744.0, 363386.0 ], [ 241744.0, 363390.0 ], [ 241746.0, 363390.0 ], [ 241746.0, 363392.0 ], [ 241748.0, 363392.0 ], [ 241748.0, 363396.0 ], [ 241750.0, 363396.0 ], [ 241750.0, 363398.0 ], [ 241752.0, 363398.0 ], [ 241752.0, 363400.0 ], [ 241754.0, 363400.0 ], [ 241754.0, 363404.0 ], [ 241756.0, 363404.0 ], [ 241756.0, 363406.0 ], [ 241758.0, 363406.0 ], [ 241758.0, 363408.0 ], [ 241760.0, 363408.0 ], [ 241760.0, 363410.0 ], [ 241762.0, 363410.0 ], [ 241762.0, 363414.0 ], [ 241764.0, 363414.0 ], [ 241764.0, 363416.0 ], [ 241768.0, 363416.0 ], [ 241768.0, 363418.0 ], [ 241770.0, 363418.0 ], [ 241770.0, 363420.0 ], [ 241772.0, 363420.0 ], [ 241772.0, 363422.0 ], [ 241776.0, 363422.0 ], [ 241776.0, 363424.0 ], [ 241780.0, 363424.0 ], [ 241780.0, 363426.0 ], [ 241814.0, 363426.0 ], [ 241814.0, 363428.0 ], [ 241820.0, 363428.0 ], [ 241820.0, 363430.0 ], [ 241824.0, 363430.0 ], [ 241824.0, 363432.0 ], [ 241822.0, 363432.0 ], [ 241822.0, 363490.0 ], [ 241820.0, 363490.0 ], [ 241820.0, 363492.0 ], [ 241816.0, 363492.0 ], [ 241816.0, 363494.0 ], [ 241812.0, 363494.0 ], [ 241812.0, 363496.0 ], [ 241808.0, 363496.0 ], [ 241808.0, 363498.0 ], [ 241806.0, 363498.0 ], [ 241806.0, 363500.0 ], [ 241804.0, 363500.0 ], [ 241804.0, 363502.0 ], [ 241802.0, 363502.0 ], [ 241802.0, 363506.0 ], [ 241800.0, 363506.0 ], [ 241800.0, 363524.0 ], [ 241798.0, 363524.0 ], [ 241798.0, 363530.0 ], [ 241796.0, 363530.0 ], [ 241796.0, 363532.0 ], [ 241794.0, 363532.0 ], [ 241794.0, 363534.0 ], [ 241792.0, 363534.0 ], [ 241792.0, 363536.0 ], [ 241788.0, 363536.0 ], [ 241788.0, 363538.0 ], [ 241784.0, 363538.0 ], [ 241784.0, 363540.0 ], [ 241778.0, 363540.0 ], [ 241778.0, 363542.0 ], [ 241776.0, 363542.0 ], [ 241776.0, 363544.0 ], [ 241770.0, 363544.0 ], [ 241770.0, 363546.0 ], [ 241768.0, 363546.0 ], [ 241768.0, 363548.0 ], [ 241764.0, 363548.0 ], [ 241764.0, 363550.0 ], [ 241762.0, 363550.0 ], [ 241762.0, 363554.0 ], [ 241760.0, 363554.0 ], [ 241760.0, 363558.0 ], [ 241758.0, 363558.0 ], [ 241758.0, 363564.0 ], [ 241756.0, 363564.0 ], [ 241756.0, 363568.0 ], [ 241752.0, 363568.0 ], [ 241752.0, 363566.0 ], [ 241750.0, 363566.0 ] ], [ [ 242322.0, 363536.0 ], [ 242322.0, 363532.0 ], [ 242320.0, 363532.0 ], [ 242320.0, 363528.0 ], [ 242318.0, 363528.0 ], [ 242318.0, 363524.0 ], [ 242316.0, 363524.0 ], [ 242316.0, 363520.0 ], [ 242314.0, 363520.0 ], [ 242314.0, 363516.0 ], [ 242312.0, 363516.0 ], [ 242312.0, 363514.0 ], [ 242310.0, 363514.0 ], [ 242310.0, 363512.0 ], [ 242308.0, 363512.0 ], [ 242308.0, 363510.0 ], [ 242306.0, 363510.0 ], [ 242306.0, 363508.0 ], [ 242302.0, 363508.0 ], [ 242302.0, 363506.0 ], [ 242296.0, 363506.0 ], [ 242296.0, 363504.0 ], [ 242292.0, 363504.0 ], [ 242292.0, 363502.0 ], [ 242286.0, 363502.0 ], [ 242286.0, 363500.0 ], [ 242282.0, 363500.0 ], [ 242282.0, 363498.0 ], [ 242280.0, 363498.0 ], [ 242280.0, 363496.0 ], [ 242278.0, 363496.0 ], [ 242278.0, 363492.0 ], [ 242276.0, 363492.0 ], [ 242276.0, 363486.0 ], [ 242274.0, 363486.0 ], [ 242274.0, 363480.0 ], [ 242272.0, 363480.0 ], [ 242272.0, 363470.0 ], [ 242270.0, 363470.0 ], [ 242270.0, 363462.0 ], [ 242268.0, 363462.0 ], [ 242268.0, 363456.0 ], [ 242266.0, 363456.0 ], [ 242266.0, 363434.0 ], [ 242264.0, 363434.0 ], [ 242264.0, 363432.0 ], [ 242262.0, 363432.0 ], [ 242262.0, 363430.0 ], [ 242260.0, 363430.0 ], [ 242260.0, 363426.0 ], [ 242258.0, 363426.0 ], [ 242258.0, 363424.0 ], [ 242256.0, 363424.0 ], [ 242256.0, 363422.0 ], [ 242254.0, 363422.0 ], [ 242254.0, 363420.0 ], [ 242252.0, 363420.0 ], [ 242252.0, 363418.0 ], [ 242250.0, 363418.0 ], [ 242250.0, 363416.0 ], [ 242248.0, 363416.0 ], [ 242248.0, 363414.0 ], [ 242246.0, 363414.0 ], [ 242246.0, 363412.0 ], [ 242242.0, 363412.0 ], [ 242242.0, 363410.0 ], [ 242240.0, 363410.0 ], [ 242240.0, 363408.0 ], [ 242238.0, 363408.0 ], [ 242238.0, 363406.0 ], [ 242236.0, 363406.0 ], [ 242236.0, 363404.0 ], [ 242232.0, 363404.0 ], [ 242232.0, 363402.0 ], [ 242230.0, 363402.0 ], [ 242230.0, 363400.0 ], [ 242228.0, 363400.0 ], [ 242228.0, 363398.0 ], [ 242226.0, 363398.0 ], [ 242226.0, 363396.0 ], [ 242224.0, 363396.0 ], [ 242224.0, 363394.0 ], [ 242222.0, 363394.0 ], [ 242222.0, 363392.0 ], [ 242220.0, 363392.0 ], [ 242220.0, 363390.0 ], [ 242218.0, 363390.0 ], [ 242218.0, 363388.0 ], [ 242216.0, 363388.0 ], [ 242216.0, 363386.0 ], [ 242214.0, 363386.0 ], [ 242214.0, 363384.0 ], [ 242212.0, 363384.0 ], [ 242212.0, 363382.0 ], [ 242210.0, 363382.0 ], [ 242210.0, 363380.0 ], [ 242208.0, 363380.0 ], [ 242208.0, 363378.0 ], [ 242206.0, 363378.0 ], [ 242206.0, 363376.0 ], [ 242204.0, 363376.0 ], [ 242204.0, 363374.0 ], [ 242202.0, 363374.0 ], [ 242202.0, 363372.0 ], [ 242200.0, 363372.0 ], [ 242200.0, 363370.0 ], [ 242198.0, 363370.0 ], [ 242198.0, 363368.0 ], [ 242196.0, 363368.0 ], [ 242196.0, 363366.0 ], [ 242194.0, 363366.0 ], [ 242194.0, 363364.0 ], [ 242192.0, 363364.0 ], [ 242192.0, 363360.0 ], [ 242190.0, 363360.0 ], [ 242190.0, 363358.0 ], [ 242188.0, 363358.0 ], [ 242188.0, 363356.0 ], [ 242186.0, 363356.0 ], [ 242186.0, 363354.0 ], [ 242184.0, 363354.0 ], [ 242184.0, 363350.0 ], [ 242182.0, 363350.0 ], [ 242182.0, 363348.0 ], [ 242180.0, 363348.0 ], [ 242180.0, 363346.0 ], [ 242178.0, 363346.0 ], [ 242178.0, 363344.0 ], [ 242176.0, 363344.0 ], [ 242176.0, 363340.0 ], [ 242174.0, 363340.0 ], [ 242174.0, 363338.0 ], [ 242172.0, 363338.0 ], [ 242172.0, 363336.0 ], [ 242170.0, 363336.0 ], [ 242170.0, 363334.0 ], [ 242168.0, 363334.0 ], [ 242168.0, 363332.0 ], [ 242166.0, 363332.0 ], [ 242166.0, 363330.0 ], [ 242164.0, 363330.0 ], [ 242164.0, 363326.0 ], [ 242162.0, 363326.0 ], [ 242162.0, 363324.0 ], [ 242160.0, 363324.0 ], [ 242160.0, 363322.0 ], [ 242158.0, 363322.0 ], [ 242158.0, 363320.0 ], [ 242156.0, 363320.0 ], [ 242156.0, 363318.0 ], [ 242154.0, 363318.0 ], [ 242154.0, 363316.0 ], [ 242152.0, 363316.0 ], [ 242152.0, 363312.0 ], [ 242150.0, 363312.0 ], [ 242150.0, 363310.0 ], [ 242148.0, 363310.0 ], [ 242148.0, 363308.0 ], [ 242146.0, 363308.0 ], [ 242146.0, 363306.0 ], [ 242144.0, 363306.0 ], [ 242144.0, 363304.0 ], [ 242142.0, 363304.0 ], [ 242142.0, 363302.0 ], [ 242140.0, 363302.0 ], [ 242140.0, 363300.0 ], [ 242138.0, 363300.0 ], [ 242138.0, 363298.0 ], [ 242134.0, 363298.0 ], [ 242134.0, 363296.0 ], [ 242106.0, 363296.0 ], [ 242106.0, 363298.0 ], [ 242104.0, 363298.0 ], [ 242104.0, 363304.0 ], [ 242102.0, 363304.0 ], [ 242102.0, 363308.0 ], [ 242100.0, 363308.0 ], [ 242100.0, 363310.0 ], [ 242098.0, 363310.0 ], [ 242098.0, 363316.0 ], [ 242100.0, 363316.0 ], [ 242100.0, 363320.0 ], [ 242102.0, 363320.0 ], [ 242102.0, 363324.0 ], [ 242104.0, 363324.0 ], [ 242104.0, 363330.0 ], [ 242106.0, 363330.0 ], [ 242106.0, 363334.0 ], [ 242108.0, 363334.0 ], [ 242108.0, 363340.0 ], [ 242110.0, 363340.0 ], [ 242110.0, 363344.0 ], [ 242112.0, 363344.0 ], [ 242112.0, 363350.0 ], [ 242114.0, 363350.0 ], [ 242114.0, 363352.0 ], [ 242116.0, 363352.0 ], [ 242116.0, 363356.0 ], [ 242118.0, 363356.0 ], [ 242118.0, 363362.0 ], [ 242120.0, 363362.0 ], [ 242120.0, 363366.0 ], [ 242122.0, 363366.0 ], [ 242122.0, 363372.0 ], [ 242124.0, 363372.0 ], [ 242124.0, 363378.0 ], [ 242126.0, 363378.0 ], [ 242126.0, 363386.0 ], [ 242128.0, 363386.0 ], [ 242128.0, 363392.0 ], [ 242130.0, 363392.0 ], [ 242130.0, 363402.0 ], [ 242132.0, 363402.0 ], [ 242132.0, 363412.0 ], [ 242134.0, 363412.0 ], [ 242134.0, 363420.0 ], [ 242136.0, 363420.0 ], [ 242136.0, 363428.0 ], [ 242138.0, 363428.0 ], [ 242138.0, 363436.0 ], [ 242140.0, 363436.0 ], [ 242140.0, 363478.0 ], [ 242138.0, 363478.0 ], [ 242138.0, 363480.0 ], [ 242136.0, 363480.0 ], [ 242136.0, 363484.0 ], [ 242134.0, 363484.0 ], [ 242134.0, 363486.0 ], [ 242132.0, 363486.0 ], [ 242132.0, 363490.0 ], [ 242130.0, 363490.0 ], [ 242130.0, 363492.0 ], [ 242100.0, 363492.0 ], [ 242100.0, 363490.0 ], [ 242094.0, 363490.0 ], [ 242094.0, 363488.0 ], [ 242090.0, 363488.0 ], [ 242090.0, 363486.0 ], [ 242088.0, 363486.0 ], [ 242088.0, 363484.0 ], [ 242086.0, 363484.0 ], [ 242086.0, 363482.0 ], [ 242082.0, 363482.0 ], [ 242082.0, 363480.0 ], [ 242080.0, 363480.0 ], [ 242080.0, 363478.0 ], [ 242078.0, 363478.0 ], [ 242078.0, 363476.0 ], [ 242076.0, 363476.0 ], [ 242076.0, 363474.0 ], [ 242072.0, 363474.0 ], [ 242072.0, 363472.0 ], [ 242070.0, 363472.0 ], [ 242070.0, 363470.0 ], [ 242068.0, 363470.0 ], [ 242068.0, 363468.0 ], [ 242064.0, 363468.0 ], [ 242064.0, 363466.0 ], [ 242062.0, 363466.0 ], [ 242062.0, 363464.0 ], [ 242058.0, 363464.0 ], [ 242058.0, 363462.0 ], [ 242056.0, 363462.0 ], [ 242056.0, 363460.0 ], [ 242052.0, 363460.0 ], [ 242052.0, 363458.0 ], [ 242050.0, 363458.0 ], [ 242050.0, 363456.0 ], [ 242048.0, 363456.0 ], [ 242048.0, 363454.0 ], [ 242046.0, 363454.0 ], [ 242046.0, 363452.0 ], [ 242044.0, 363452.0 ], [ 242044.0, 363450.0 ], [ 242042.0, 363450.0 ], [ 242042.0, 363446.0 ], [ 242040.0, 363446.0 ], [ 242040.0, 363444.0 ], [ 242038.0, 363444.0 ], [ 242038.0, 363442.0 ], [ 242036.0, 363442.0 ], [ 242036.0, 363438.0 ], [ 242034.0, 363438.0 ], [ 242034.0, 363436.0 ], [ 242032.0, 363436.0 ], [ 242032.0, 363434.0 ], [ 242030.0, 363434.0 ], [ 242030.0, 363432.0 ], [ 241992.0, 363432.0 ], [ 241992.0, 363428.0 ], [ 241990.0, 363428.0 ], [ 241990.0, 363424.0 ], [ 241988.0, 363424.0 ], [ 241988.0, 363420.0 ], [ 241986.0, 363420.0 ], [ 241986.0, 363418.0 ], [ 241982.0, 363418.0 ], [ 241982.0, 363416.0 ], [ 241978.0, 363416.0 ], [ 241978.0, 363414.0 ], [ 241974.0, 363414.0 ], [ 241974.0, 363412.0 ], [ 241970.0, 363412.0 ], [ 241970.0, 363410.0 ], [ 241966.0, 363410.0 ], [ 241966.0, 363408.0 ], [ 241964.0, 363408.0 ], [ 241964.0, 363406.0 ], [ 241960.0, 363406.0 ], [ 241960.0, 363404.0 ], [ 241958.0, 363404.0 ], [ 241958.0, 363402.0 ], [ 241954.0, 363402.0 ], [ 241954.0, 363400.0 ], [ 241952.0, 363400.0 ], [ 241952.0, 363398.0 ], [ 241948.0, 363398.0 ], [ 241948.0, 363396.0 ], [ 241946.0, 363396.0 ], [ 241946.0, 363394.0 ], [ 241942.0, 363394.0 ], [ 241942.0, 363392.0 ], [ 241940.0, 363392.0 ], [ 241940.0, 363390.0 ], [ 241938.0, 363390.0 ], [ 241938.0, 363388.0 ], [ 241936.0, 363388.0 ], [ 241936.0, 363386.0 ], [ 241934.0, 363386.0 ], [ 241934.0, 363384.0 ], [ 241930.0, 363384.0 ], [ 241930.0, 363382.0 ], [ 241928.0, 363382.0 ], [ 241928.0, 363380.0 ], [ 241926.0, 363380.0 ], [ 241926.0, 363378.0 ], [ 241924.0, 363378.0 ], [ 241924.0, 363376.0 ], [ 241922.0, 363376.0 ], [ 241922.0, 363374.0 ], [ 241920.0, 363374.0 ], [ 241920.0, 363372.0 ], [ 241918.0, 363372.0 ], [ 241918.0, 363370.0 ], [ 241916.0, 363370.0 ], [ 241916.0, 363368.0 ], [ 241914.0, 363368.0 ], [ 241914.0, 363366.0 ], [ 241912.0, 363366.0 ], [ 241912.0, 363362.0 ], [ 241910.0, 363362.0 ], [ 241910.0, 363360.0 ], [ 241908.0, 363360.0 ], [ 241908.0, 363358.0 ], [ 241906.0, 363358.0 ], [ 241906.0, 363356.0 ], [ 241904.0, 363356.0 ], [ 241904.0, 363352.0 ], [ 241902.0, 363352.0 ], [ 241902.0, 363350.0 ], [ 241900.0, 363350.0 ], [ 241900.0, 363348.0 ], [ 241898.0, 363348.0 ], [ 241898.0, 363346.0 ], [ 241896.0, 363346.0 ], [ 241896.0, 363342.0 ], [ 241894.0, 363342.0 ], [ 241894.0, 363340.0 ], [ 241892.0, 363340.0 ], [ 241892.0, 363336.0 ], [ 241890.0, 363336.0 ], [ 241890.0, 363334.0 ], [ 241888.0, 363334.0 ], [ 241888.0, 363330.0 ], [ 241886.0, 363330.0 ], [ 241886.0, 363326.0 ], [ 241884.0, 363326.0 ], [ 241884.0, 363320.0 ], [ 241882.0, 363320.0 ], [ 241882.0, 363316.0 ], [ 241880.0, 363316.0 ], [ 241880.0, 363314.0 ], [ 241878.0, 363314.0 ], [ 241878.0, 363308.0 ], [ 241876.0, 363308.0 ], [ 241876.0, 363306.0 ], [ 241874.0, 363306.0 ], [ 241874.0, 363304.0 ], [ 241872.0, 363304.0 ], [ 241872.0, 363302.0 ], [ 241870.0, 363302.0 ], [ 241870.0, 363242.0 ], [ 241868.0, 363242.0 ], [ 241868.0, 363234.0 ], [ 241866.0, 363234.0 ], [ 241866.0, 363232.0 ], [ 241864.0, 363232.0 ], [ 241864.0, 363228.0 ], [ 241862.0, 363228.0 ], [ 241862.0, 363224.0 ], [ 241860.0, 363224.0 ], [ 241860.0, 363220.0 ], [ 241858.0, 363220.0 ], [ 241858.0, 363216.0 ], [ 241856.0, 363216.0 ], [ 241856.0, 363212.0 ], [ 241854.0, 363212.0 ], [ 241854.0, 363208.0 ], [ 241852.0, 363208.0 ], [ 241852.0, 363206.0 ], [ 241850.0, 363206.0 ], [ 241850.0, 363202.0 ], [ 241848.0, 363202.0 ], [ 241848.0, 363198.0 ], [ 241846.0, 363198.0 ], [ 241846.0, 363196.0 ], [ 241844.0, 363196.0 ], [ 241844.0, 363194.0 ], [ 241842.0, 363194.0 ], [ 241842.0, 363190.0 ], [ 241840.0, 363190.0 ], [ 241840.0, 363188.0 ], [ 241838.0, 363188.0 ], [ 241838.0, 363186.0 ], [ 241836.0, 363186.0 ], [ 241836.0, 363182.0 ], [ 241834.0, 363182.0 ], [ 241834.0, 363180.0 ], [ 241832.0, 363180.0 ], [ 241832.0, 363176.0 ], [ 241830.0, 363176.0 ], [ 241830.0, 363170.0 ], [ 241828.0, 363170.0 ], [ 241828.0, 363166.0 ], [ 241826.0, 363166.0 ], [ 241826.0, 363160.0 ], [ 241824.0, 363160.0 ], [ 241824.0, 363150.0 ], [ 241822.0, 363150.0 ], [ 241822.0, 363124.0 ], [ 241820.0, 363124.0 ], [ 241820.0, 363110.0 ], [ 241818.0, 363110.0 ], [ 241818.0, 363108.0 ], [ 241816.0, 363108.0 ], [ 241816.0, 363106.0 ], [ 241814.0, 363106.0 ], [ 241814.0, 363104.0 ], [ 241812.0, 363104.0 ], [ 241812.0, 363102.0 ], [ 241810.0, 363102.0 ], [ 241810.0, 363098.0 ], [ 241808.0, 363098.0 ], [ 241808.0, 363096.0 ], [ 241806.0, 363096.0 ], [ 241806.0, 363094.0 ], [ 241804.0, 363094.0 ], [ 241804.0, 363092.0 ], [ 241802.0, 363092.0 ], [ 241802.0, 363090.0 ], [ 241800.0, 363090.0 ], [ 241800.0, 363086.0 ], [ 241798.0, 363086.0 ], [ 241798.0, 363084.0 ], [ 241796.0, 363084.0 ], [ 241796.0, 363080.0 ], [ 241794.0, 363080.0 ], [ 241794.0, 363078.0 ], [ 241792.0, 363078.0 ], [ 241792.0, 363074.0 ], [ 241790.0, 363074.0 ], [ 241790.0, 363070.0 ], [ 241788.0, 363070.0 ], [ 241788.0, 363068.0 ], [ 241786.0, 363068.0 ], [ 241786.0, 363066.0 ], [ 241784.0, 363066.0 ], [ 241784.0, 363062.0 ], [ 241782.0, 363062.0 ], [ 241782.0, 363060.0 ], [ 241780.0, 363060.0 ], [ 241780.0, 363056.0 ], [ 241778.0, 363056.0 ], [ 241778.0, 363054.0 ], [ 241776.0, 363054.0 ], [ 241776.0, 363050.0 ], [ 241774.0, 363050.0 ], [ 241774.0, 363046.0 ], [ 241772.0, 363046.0 ], [ 241772.0, 363042.0 ], [ 241770.0, 363042.0 ], [ 241770.0, 363040.0 ], [ 241768.0, 363040.0 ], [ 241768.0, 363022.0 ], [ 241770.0, 363022.0 ], [ 241770.0, 363020.0 ], [ 241772.0, 363020.0 ], [ 241772.0, 363018.0 ], [ 241774.0, 363018.0 ], [ 241774.0, 363016.0 ], [ 241776.0, 363016.0 ], [ 241776.0, 363014.0 ], [ 241778.0, 363014.0 ], [ 241778.0, 363016.0 ], [ 241780.0, 363016.0 ], [ 241780.0, 363018.0 ], [ 241782.0, 363018.0 ], [ 241782.0, 363020.0 ], [ 241786.0, 363020.0 ], [ 241786.0, 363022.0 ], [ 241796.0, 363022.0 ], [ 241796.0, 363024.0 ], [ 241814.0, 363024.0 ], [ 241814.0, 363022.0 ], [ 241816.0, 363022.0 ], [ 241816.0, 363008.0 ], [ 241846.0, 363008.0 ], [ 241846.0, 363006.0 ], [ 241848.0, 363006.0 ], [ 241848.0, 363004.0 ], [ 241850.0, 363004.0 ], [ 241850.0, 363002.0 ], [ 241852.0, 363002.0 ], [ 241852.0, 362988.0 ], [ 241854.0, 362988.0 ], [ 241854.0, 362954.0 ], [ 241862.0, 362954.0 ], [ 241862.0, 362956.0 ], [ 241868.0, 362956.0 ], [ 241868.0, 362958.0 ], [ 241878.0, 362958.0 ], [ 241878.0, 362960.0 ], [ 241882.0, 362960.0 ], [ 241882.0, 362962.0 ], [ 241886.0, 362962.0 ], [ 241886.0, 362964.0 ], [ 241890.0, 362964.0 ], [ 241890.0, 362966.0 ], [ 241892.0, 362966.0 ], [ 241892.0, 362968.0 ], [ 241894.0, 362968.0 ], [ 241894.0, 362970.0 ], [ 241898.0, 362970.0 ], [ 241898.0, 362968.0 ], [ 241900.0, 362968.0 ], [ 241900.0, 362964.0 ], [ 241902.0, 362964.0 ], [ 241902.0, 362960.0 ], [ 241904.0, 362960.0 ], [ 241904.0, 362958.0 ], [ 241938.0, 362958.0 ], [ 241938.0, 362960.0 ], [ 241940.0, 362960.0 ], [ 241940.0, 362962.0 ], [ 241944.0, 362962.0 ], [ 241944.0, 362964.0 ], [ 241948.0, 362964.0 ], [ 241948.0, 362966.0 ], [ 241952.0, 362966.0 ], [ 241952.0, 362968.0 ], [ 241954.0, 362968.0 ], [ 241954.0, 362970.0 ], [ 241956.0, 362970.0 ], [ 241956.0, 362968.0 ], [ 241958.0, 362968.0 ], [ 241958.0, 362966.0 ], [ 241960.0, 362966.0 ], [ 241960.0, 362962.0 ], [ 241962.0, 362962.0 ], [ 241962.0, 362958.0 ], [ 241964.0, 362958.0 ], [ 241964.0, 362952.0 ], [ 241966.0, 362952.0 ], [ 241966.0, 362946.0 ], [ 241968.0, 362946.0 ], [ 241968.0, 362942.0 ], [ 241978.0, 362942.0 ], [ 241978.0, 362940.0 ], [ 241988.0, 362940.0 ], [ 241988.0, 362938.0 ], [ 241994.0, 362938.0 ], [ 241994.0, 362936.0 ], [ 241996.0, 362936.0 ], [ 241996.0, 362934.0 ], [ 242006.0, 362934.0 ], [ 242006.0, 362932.0 ], [ 242026.0, 362932.0 ], [ 242026.0, 362930.0 ], [ 242028.0, 362930.0 ], [ 242028.0, 362928.0 ], [ 242026.0, 362928.0 ], [ 242026.0, 362926.0 ], [ 242024.0, 362926.0 ], [ 242024.0, 362902.0 ], [ 242026.0, 362902.0 ], [ 242026.0, 362832.0 ], [ 242024.0, 362832.0 ], [ 242024.0, 362830.0 ], [ 242022.0, 362830.0 ], [ 242022.0, 362828.0 ], [ 242020.0, 362828.0 ], [ 242020.0, 362826.0 ], [ 242018.0, 362826.0 ], [ 242018.0, 362824.0 ], [ 242016.0, 362824.0 ], [ 242016.0, 362822.0 ], [ 242014.0, 362822.0 ], [ 242014.0, 362820.0 ], [ 242012.0, 362820.0 ], [ 242012.0, 362818.0 ], [ 242010.0, 362818.0 ], [ 242010.0, 362816.0 ], [ 242008.0, 362816.0 ], [ 242008.0, 362814.0 ], [ 242006.0, 362814.0 ], [ 242006.0, 362812.0 ], [ 242002.0, 362812.0 ], [ 242002.0, 362810.0 ], [ 242000.0, 362810.0 ], [ 242000.0, 362808.0 ], [ 241998.0, 362808.0 ], [ 241998.0, 362806.0 ], [ 241994.0, 362806.0 ], [ 241994.0, 362804.0 ], [ 241990.0, 362804.0 ], [ 241990.0, 362802.0 ], [ 241988.0, 362802.0 ], [ 241988.0, 362800.0 ], [ 241984.0, 362800.0 ], [ 241984.0, 362798.0 ], [ 241982.0, 362798.0 ], [ 241982.0, 362796.0 ], [ 241978.0, 362796.0 ], [ 241978.0, 362794.0 ], [ 241976.0, 362794.0 ], [ 241976.0, 362792.0 ], [ 241974.0, 362792.0 ], [ 241974.0, 362790.0 ], [ 241972.0, 362790.0 ], [ 241972.0, 362788.0 ], [ 241970.0, 362788.0 ], [ 241970.0, 362786.0 ], [ 241968.0, 362786.0 ], [ 241968.0, 362784.0 ], [ 241966.0, 362784.0 ], [ 241966.0, 362782.0 ], [ 241964.0, 362782.0 ], [ 241964.0, 362780.0 ], [ 241962.0, 362780.0 ], [ 241962.0, 362776.0 ], [ 241960.0, 362776.0 ], [ 241960.0, 362774.0 ], [ 241958.0, 362774.0 ], [ 241958.0, 362770.0 ], [ 241956.0, 362770.0 ], [ 241956.0, 362768.0 ], [ 241954.0, 362768.0 ], [ 241954.0, 362764.0 ], [ 241952.0, 362764.0 ], [ 241952.0, 362762.0 ], [ 241950.0, 362762.0 ], [ 241950.0, 362758.0 ], [ 241948.0, 362758.0 ], [ 241948.0, 362756.0 ], [ 241946.0, 362756.0 ], [ 241946.0, 362752.0 ], [ 242008.0, 362752.0 ], [ 242008.0, 362754.0 ], [ 242024.0, 362754.0 ], [ 242024.0, 362752.0 ], [ 242026.0, 362752.0 ], [ 242026.0, 362750.0 ], [ 242028.0, 362750.0 ], [ 242028.0, 362748.0 ], [ 242030.0, 362748.0 ], [ 242030.0, 362746.0 ], [ 242032.0, 362746.0 ], [ 242032.0, 362744.0 ], [ 242034.0, 362744.0 ], [ 242034.0, 362742.0 ], [ 242036.0, 362742.0 ], [ 242036.0, 362740.0 ], [ 242038.0, 362740.0 ], [ 242038.0, 362736.0 ], [ 242040.0, 362736.0 ], [ 242040.0, 362734.0 ], [ 242042.0, 362734.0 ], [ 242042.0, 362730.0 ], [ 242044.0, 362730.0 ], [ 242044.0, 362728.0 ], [ 242046.0, 362728.0 ], [ 242046.0, 362726.0 ], [ 242048.0, 362726.0 ], [ 242048.0, 362722.0 ], [ 242050.0, 362722.0 ], [ 242050.0, 362720.0 ], [ 242052.0, 362720.0 ], [ 242052.0, 362718.0 ], [ 242054.0, 362718.0 ], [ 242054.0, 362714.0 ], [ 242056.0, 362714.0 ], [ 242056.0, 362712.0 ], [ 242058.0, 362712.0 ], [ 242058.0, 362710.0 ], [ 242060.0, 362710.0 ], [ 242060.0, 362706.0 ], [ 242058.0, 362706.0 ], [ 242058.0, 362702.0 ], [ 242056.0, 362702.0 ], [ 242056.0, 362696.0 ], [ 242054.0, 362696.0 ], [ 242054.0, 362656.0 ], [ 242056.0, 362656.0 ], [ 242056.0, 362650.0 ], [ 242058.0, 362650.0 ], [ 242058.0, 362644.0 ], [ 242060.0, 362644.0 ], [ 242060.0, 362640.0 ], [ 242062.0, 362640.0 ], [ 242062.0, 362636.0 ], [ 242064.0, 362636.0 ], [ 242064.0, 362624.0 ], [ 242066.0, 362624.0 ], [ 242066.0, 362606.0 ], [ 242068.0, 362606.0 ], [ 242068.0, 362596.0 ], [ 242070.0, 362596.0 ], [ 242070.0, 362594.0 ], [ 242126.0, 362594.0 ], [ 242126.0, 362596.0 ], [ 242128.0, 362596.0 ], [ 242128.0, 362598.0 ], [ 242130.0, 362598.0 ], [ 242130.0, 362602.0 ], [ 242132.0, 362602.0 ], [ 242132.0, 362606.0 ], [ 242134.0, 362606.0 ], [ 242134.0, 362610.0 ], [ 242136.0, 362610.0 ], [ 242136.0, 362616.0 ], [ 242138.0, 362616.0 ], [ 242138.0, 362640.0 ], [ 242140.0, 362640.0 ], [ 242140.0, 362644.0 ], [ 242142.0, 362644.0 ], [ 242142.0, 362646.0 ], [ 242144.0, 362646.0 ], [ 242144.0, 362648.0 ], [ 242146.0, 362648.0 ], [ 242146.0, 362650.0 ], [ 242148.0, 362650.0 ], [ 242148.0, 362652.0 ], [ 242150.0, 362652.0 ], [ 242150.0, 362654.0 ], [ 242152.0, 362654.0 ], [ 242152.0, 362656.0 ], [ 242154.0, 362656.0 ], [ 242154.0, 362658.0 ], [ 242156.0, 362658.0 ], [ 242156.0, 362660.0 ], [ 242158.0, 362660.0 ], [ 242158.0, 362664.0 ], [ 242160.0, 362664.0 ], [ 242160.0, 362668.0 ], [ 242162.0, 362668.0 ], [ 242162.0, 362674.0 ], [ 242164.0, 362674.0 ], [ 242164.0, 362676.0 ], [ 242166.0, 362676.0 ], [ 242166.0, 362680.0 ], [ 242168.0, 362680.0 ], [ 242168.0, 362682.0 ], [ 242170.0, 362682.0 ], [ 242170.0, 362684.0 ], [ 242172.0, 362684.0 ], [ 242172.0, 362736.0 ], [ 242174.0, 362736.0 ], [ 242174.0, 362740.0 ], [ 242176.0, 362740.0 ], [ 242176.0, 362744.0 ], [ 242178.0, 362744.0 ], [ 242178.0, 362746.0 ], [ 242180.0, 362746.0 ], [ 242180.0, 362750.0 ], [ 242182.0, 362750.0 ], [ 242182.0, 362752.0 ], [ 242184.0, 362752.0 ], [ 242184.0, 362754.0 ], [ 242186.0, 362754.0 ], [ 242186.0, 362758.0 ], [ 242188.0, 362758.0 ], [ 242188.0, 362760.0 ], [ 242190.0, 362760.0 ], [ 242190.0, 362762.0 ], [ 242192.0, 362762.0 ], [ 242192.0, 362766.0 ], [ 242194.0, 362766.0 ], [ 242194.0, 362768.0 ], [ 242196.0, 362768.0 ], [ 242196.0, 362770.0 ], [ 242198.0, 362770.0 ], [ 242198.0, 362774.0 ], [ 242200.0, 362774.0 ], [ 242200.0, 362778.0 ], [ 242202.0, 362778.0 ], [ 242202.0, 362782.0 ], [ 242204.0, 362782.0 ], [ 242204.0, 362838.0 ], [ 242206.0, 362838.0 ], [ 242206.0, 362840.0 ], [ 242208.0, 362840.0 ], [ 242208.0, 362866.0 ], [ 242210.0, 362866.0 ], [ 242210.0, 362870.0 ], [ 242212.0, 362870.0 ], [ 242212.0, 362874.0 ], [ 242214.0, 362874.0 ], [ 242214.0, 362880.0 ], [ 242216.0, 362880.0 ], [ 242216.0, 362884.0 ], [ 242218.0, 362884.0 ], [ 242218.0, 362888.0 ], [ 242220.0, 362888.0 ], [ 242220.0, 362894.0 ], [ 242222.0, 362894.0 ], [ 242222.0, 362900.0 ], [ 242224.0, 362900.0 ], [ 242224.0, 362906.0 ], [ 242226.0, 362906.0 ], [ 242226.0, 362910.0 ], [ 242228.0, 362910.0 ], [ 242228.0, 362940.0 ], [ 242226.0, 362940.0 ], [ 242226.0, 362982.0 ], [ 242228.0, 362982.0 ], [ 242228.0, 363010.0 ], [ 242230.0, 363010.0 ], [ 242230.0, 363014.0 ], [ 242232.0, 363014.0 ], [ 242232.0, 363018.0 ], [ 242234.0, 363018.0 ], [ 242234.0, 363020.0 ], [ 242236.0, 363020.0 ], [ 242236.0, 363022.0 ], [ 242238.0, 363022.0 ], [ 242238.0, 363024.0 ], [ 242240.0, 363024.0 ], [ 242240.0, 363026.0 ], [ 242242.0, 363026.0 ], [ 242242.0, 363028.0 ], [ 242244.0, 363028.0 ], [ 242244.0, 363030.0 ], [ 242248.0, 363030.0 ], [ 242248.0, 363032.0 ], [ 242250.0, 363032.0 ], [ 242250.0, 363034.0 ], [ 242252.0, 363034.0 ], [ 242252.0, 363036.0 ], [ 242254.0, 363036.0 ], [ 242254.0, 363038.0 ], [ 242256.0, 363038.0 ], [ 242256.0, 363040.0 ], [ 242258.0, 363040.0 ], [ 242258.0, 363042.0 ], [ 242262.0, 363042.0 ], [ 242262.0, 363044.0 ], [ 242264.0, 363044.0 ], [ 242264.0, 363046.0 ], [ 242266.0, 363046.0 ], [ 242266.0, 363048.0 ], [ 242270.0, 363048.0 ], [ 242270.0, 363050.0 ], [ 242272.0, 363050.0 ], [ 242272.0, 363052.0 ], [ 242276.0, 363052.0 ], [ 242276.0, 363076.0 ], [ 242274.0, 363076.0 ], [ 242274.0, 363118.0 ], [ 242276.0, 363118.0 ], [ 242276.0, 363122.0 ], [ 242278.0, 363122.0 ], [ 242278.0, 363124.0 ], [ 242280.0, 363124.0 ], [ 242280.0, 363128.0 ], [ 242282.0, 363128.0 ], [ 242282.0, 363130.0 ], [ 242284.0, 363130.0 ], [ 242284.0, 363134.0 ], [ 242286.0, 363134.0 ], [ 242286.0, 363138.0 ], [ 242288.0, 363138.0 ], [ 242288.0, 363140.0 ], [ 242290.0, 363140.0 ], [ 242290.0, 363144.0 ], [ 242292.0, 363144.0 ], [ 242292.0, 363148.0 ], [ 242294.0, 363148.0 ], [ 242294.0, 363152.0 ], [ 242296.0, 363152.0 ], [ 242296.0, 363158.0 ], [ 242298.0, 363158.0 ], [ 242298.0, 363166.0 ], [ 242300.0, 363166.0 ], [ 242300.0, 363174.0 ], [ 242302.0, 363174.0 ], [ 242302.0, 363202.0 ], [ 242300.0, 363202.0 ], [ 242300.0, 363204.0 ], [ 242298.0, 363204.0 ], [ 242298.0, 363206.0 ], [ 242296.0, 363206.0 ], [ 242296.0, 363208.0 ], [ 242294.0, 363208.0 ], [ 242294.0, 363210.0 ], [ 242292.0, 363210.0 ], [ 242292.0, 363242.0 ], [ 242294.0, 363242.0 ], [ 242294.0, 363248.0 ], [ 242296.0, 363248.0 ], [ 242296.0, 363252.0 ], [ 242298.0, 363252.0 ], [ 242298.0, 363258.0 ], [ 242300.0, 363258.0 ], [ 242300.0, 363272.0 ], [ 242302.0, 363272.0 ], [ 242302.0, 363278.0 ], [ 242304.0, 363278.0 ], [ 242304.0, 363284.0 ], [ 242306.0, 363284.0 ], [ 242306.0, 363288.0 ], [ 242308.0, 363288.0 ], [ 242308.0, 363294.0 ], [ 242310.0, 363294.0 ], [ 242310.0, 363300.0 ], [ 242312.0, 363300.0 ], [ 242312.0, 363304.0 ], [ 242314.0, 363304.0 ], [ 242314.0, 363306.0 ], [ 242316.0, 363306.0 ], [ 242316.0, 363310.0 ], [ 242318.0, 363310.0 ], [ 242318.0, 363312.0 ], [ 242320.0, 363312.0 ], [ 242320.0, 363316.0 ], [ 242322.0, 363316.0 ], [ 242322.0, 363318.0 ], [ 242324.0, 363318.0 ], [ 242324.0, 363320.0 ], [ 242326.0, 363320.0 ], [ 242326.0, 363322.0 ], [ 242328.0, 363322.0 ], [ 242328.0, 363324.0 ], [ 242330.0, 363324.0 ], [ 242330.0, 363326.0 ], [ 242332.0, 363326.0 ], [ 242332.0, 363328.0 ], [ 242334.0, 363328.0 ], [ 242334.0, 363330.0 ], [ 242336.0, 363330.0 ], [ 242336.0, 363332.0 ], [ 242338.0, 363332.0 ], [ 242338.0, 363334.0 ], [ 242340.0, 363334.0 ], [ 242340.0, 363336.0 ], [ 242342.0, 363336.0 ], [ 242342.0, 363338.0 ], [ 242344.0, 363338.0 ], [ 242344.0, 363340.0 ], [ 242346.0, 363340.0 ], [ 242346.0, 363342.0 ], [ 242348.0, 363342.0 ], [ 242348.0, 363346.0 ], [ 242350.0, 363346.0 ], [ 242350.0, 363350.0 ], [ 242352.0, 363350.0 ], [ 242352.0, 363354.0 ], [ 242354.0, 363354.0 ], [ 242354.0, 363358.0 ], [ 242356.0, 363358.0 ], [ 242356.0, 363362.0 ], [ 242358.0, 363362.0 ], [ 242358.0, 363374.0 ], [ 242360.0, 363374.0 ], [ 242360.0, 363386.0 ], [ 242362.0, 363386.0 ], [ 242362.0, 363392.0 ], [ 242364.0, 363392.0 ], [ 242364.0, 363396.0 ], [ 242366.0, 363396.0 ], [ 242366.0, 363398.0 ], [ 242368.0, 363398.0 ], [ 242368.0, 363402.0 ], [ 242370.0, 363402.0 ], [ 242370.0, 363404.0 ], [ 242372.0, 363404.0 ], [ 242372.0, 363408.0 ], [ 242374.0, 363408.0 ], [ 242374.0, 363414.0 ], [ 242372.0, 363414.0 ], [ 242372.0, 363418.0 ], [ 242370.0, 363418.0 ], [ 242370.0, 363422.0 ], [ 242368.0, 363422.0 ], [ 242368.0, 363426.0 ], [ 242366.0, 363426.0 ], [ 242366.0, 363430.0 ], [ 242364.0, 363430.0 ], [ 242364.0, 363434.0 ], [ 242362.0, 363434.0 ], [ 242362.0, 363438.0 ], [ 242360.0, 363438.0 ], [ 242360.0, 363442.0 ], [ 242358.0, 363442.0 ], [ 242358.0, 363446.0 ], [ 242356.0, 363446.0 ], [ 242356.0, 363450.0 ], [ 242354.0, 363450.0 ], [ 242354.0, 363458.0 ], [ 242352.0, 363458.0 ], [ 242352.0, 363502.0 ], [ 242354.0, 363502.0 ], [ 242354.0, 363538.0 ], [ 242324.0, 363538.0 ], [ 242324.0, 363536.0 ], [ 242322.0, 363536.0 ] ], [ [ 241820.0, 363426.0 ], [ 241820.0, 363424.0 ], [ 241814.0, 363424.0 ], [ 241814.0, 363422.0 ], [ 241780.0, 363422.0 ], [ 241780.0, 363420.0 ], [ 241776.0, 363420.0 ], [ 241776.0, 363418.0 ], [ 241772.0, 363418.0 ], [ 241772.0, 363416.0 ], [ 241770.0, 363416.0 ], [ 241770.0, 363414.0 ], [ 241768.0, 363414.0 ], [ 241768.0, 363412.0 ], [ 241766.0, 363412.0 ], [ 241766.0, 363410.0 ], [ 241764.0, 363410.0 ], [ 241764.0, 363408.0 ], [ 241762.0, 363408.0 ], [ 241762.0, 363406.0 ], [ 241760.0, 363406.0 ], [ 241760.0, 363404.0 ], [ 241758.0, 363404.0 ], [ 241758.0, 363400.0 ], [ 241756.0, 363400.0 ], [ 241756.0, 363398.0 ], [ 241754.0, 363398.0 ], [ 241754.0, 363396.0 ], [ 241752.0, 363396.0 ], [ 241752.0, 363392.0 ], [ 241750.0, 363392.0 ], [ 241750.0, 363390.0 ], [ 241748.0, 363390.0 ], [ 241748.0, 363386.0 ], [ 241746.0, 363386.0 ], [ 241746.0, 363384.0 ], [ 241744.0, 363384.0 ], [ 241744.0, 363380.0 ], [ 241742.0, 363380.0 ], [ 241742.0, 363376.0 ], [ 241740.0, 363376.0 ], [ 241740.0, 363372.0 ], [ 241738.0, 363372.0 ], [ 241738.0, 363366.0 ], [ 241736.0, 363366.0 ], [ 241736.0, 363362.0 ], [ 241734.0, 363362.0 ], [ 241734.0, 363358.0 ], [ 241732.0, 363358.0 ], [ 241732.0, 363356.0 ], [ 241730.0, 363356.0 ], [ 241730.0, 363352.0 ], [ 241728.0, 363352.0 ], [ 241728.0, 363350.0 ], [ 241726.0, 363350.0 ], [ 241726.0, 363346.0 ], [ 241724.0, 363346.0 ], [ 241724.0, 363344.0 ], [ 241722.0, 363344.0 ], [ 241722.0, 363342.0 ], [ 241720.0, 363342.0 ], [ 241720.0, 363340.0 ], [ 241718.0, 363340.0 ], [ 241718.0, 363338.0 ], [ 241716.0, 363338.0 ], [ 241716.0, 363336.0 ], [ 241714.0, 363336.0 ], [ 241714.0, 363334.0 ], [ 241712.0, 363334.0 ], [ 241712.0, 363332.0 ], [ 241710.0, 363332.0 ], [ 241710.0, 363330.0 ], [ 241708.0, 363330.0 ], [ 241708.0, 363328.0 ], [ 241706.0, 363328.0 ], [ 241706.0, 363324.0 ], [ 241704.0, 363324.0 ], [ 241704.0, 363320.0 ], [ 241702.0, 363320.0 ], [ 241702.0, 363316.0 ], [ 241700.0, 363316.0 ], [ 241700.0, 363312.0 ], [ 241698.0, 363312.0 ], [ 241698.0, 363308.0 ], [ 241696.0, 363308.0 ], [ 241696.0, 363304.0 ], [ 241694.0, 363304.0 ], [ 241694.0, 363302.0 ], [ 241692.0, 363302.0 ], [ 241692.0, 363300.0 ], [ 241690.0, 363300.0 ], [ 241690.0, 363298.0 ], [ 241688.0, 363298.0 ], [ 241688.0, 363296.0 ], [ 241686.0, 363296.0 ], [ 241686.0, 363294.0 ], [ 241684.0, 363294.0 ], [ 241684.0, 363292.0 ], [ 241682.0, 363292.0 ], [ 241682.0, 363290.0 ], [ 241678.0, 363290.0 ], [ 241678.0, 363288.0 ], [ 241676.0, 363288.0 ], [ 241676.0, 363286.0 ], [ 241674.0, 363286.0 ], [ 241674.0, 363282.0 ], [ 241672.0, 363282.0 ], [ 241672.0, 363270.0 ], [ 241670.0, 363270.0 ], [ 241670.0, 363264.0 ], [ 241668.0, 363264.0 ], [ 241668.0, 363258.0 ], [ 241666.0, 363258.0 ], [ 241666.0, 363256.0 ], [ 241664.0, 363256.0 ], [ 241664.0, 363252.0 ], [ 241662.0, 363252.0 ], [ 241662.0, 363250.0 ], [ 241660.0, 363250.0 ], [ 241660.0, 363248.0 ], [ 241658.0, 363248.0 ], [ 241658.0, 363246.0 ], [ 241656.0, 363246.0 ], [ 241656.0, 363244.0 ], [ 241654.0, 363244.0 ], [ 241654.0, 363242.0 ], [ 241652.0, 363242.0 ], [ 241652.0, 363240.0 ], [ 241650.0, 363240.0 ], [ 241650.0, 363238.0 ], [ 241648.0, 363238.0 ], [ 241648.0, 363236.0 ], [ 241646.0, 363236.0 ], [ 241646.0, 363234.0 ], [ 241644.0, 363234.0 ], [ 241644.0, 363232.0 ], [ 241642.0, 363232.0 ], [ 241642.0, 363230.0 ], [ 241640.0, 363230.0 ], [ 241640.0, 363228.0 ], [ 241638.0, 363228.0 ], [ 241638.0, 363226.0 ], [ 241634.0, 363226.0 ], [ 241634.0, 363224.0 ], [ 241632.0, 363224.0 ], [ 241632.0, 363222.0 ], [ 241630.0, 363222.0 ], [ 241630.0, 363220.0 ], [ 241628.0, 363220.0 ], [ 241628.0, 363218.0 ], [ 241626.0, 363218.0 ], [ 241626.0, 363214.0 ], [ 241624.0, 363214.0 ], [ 241624.0, 363210.0 ], [ 241622.0, 363210.0 ], [ 241622.0, 363206.0 ], [ 241620.0, 363206.0 ], [ 241620.0, 363204.0 ], [ 241618.0, 363204.0 ], [ 241618.0, 363200.0 ], [ 241616.0, 363200.0 ], [ 241616.0, 363198.0 ], [ 241614.0, 363198.0 ], [ 241614.0, 363196.0 ], [ 241612.0, 363196.0 ], [ 241612.0, 363194.0 ], [ 241610.0, 363194.0 ], [ 241610.0, 363192.0 ], [ 241608.0, 363192.0 ], [ 241608.0, 363186.0 ], [ 241606.0, 363186.0 ], [ 241606.0, 363178.0 ], [ 241604.0, 363178.0 ], [ 241604.0, 363172.0 ], [ 241602.0, 363172.0 ], [ 241602.0, 363166.0 ], [ 241600.0, 363166.0 ], [ 241600.0, 363160.0 ], [ 241598.0, 363160.0 ], [ 241598.0, 363154.0 ], [ 241596.0, 363154.0 ], [ 241596.0, 363150.0 ], [ 241594.0, 363150.0 ], [ 241594.0, 363148.0 ], [ 241592.0, 363148.0 ], [ 241592.0, 363146.0 ], [ 241590.0, 363146.0 ], [ 241590.0, 363144.0 ], [ 241588.0, 363144.0 ], [ 241588.0, 363142.0 ], [ 241586.0, 363142.0 ], [ 241586.0, 363140.0 ], [ 241584.0, 363140.0 ], [ 241584.0, 363138.0 ], [ 241582.0, 363138.0 ], [ 241582.0, 363136.0 ], [ 241580.0, 363136.0 ], [ 241580.0, 363134.0 ], [ 241576.0, 363134.0 ], [ 241576.0, 363132.0 ], [ 241574.0, 363132.0 ], [ 241574.0, 363130.0 ], [ 241572.0, 363130.0 ], [ 241572.0, 363128.0 ], [ 241570.0, 363128.0 ], [ 241570.0, 363126.0 ], [ 241568.0, 363126.0 ], [ 241568.0, 363124.0 ], [ 241566.0, 363124.0 ], [ 241566.0, 363122.0 ], [ 241564.0, 363122.0 ], [ 241564.0, 363120.0 ], [ 241562.0, 363120.0 ], [ 241562.0, 363068.0 ], [ 241560.0, 363068.0 ], [ 241560.0, 363062.0 ], [ 241558.0, 363062.0 ], [ 241558.0, 363058.0 ], [ 241556.0, 363058.0 ], [ 241556.0, 363056.0 ], [ 241554.0, 363056.0 ], [ 241554.0, 363054.0 ], [ 241552.0, 363054.0 ], [ 241552.0, 363052.0 ], [ 241550.0, 363052.0 ], [ 241550.0, 363050.0 ], [ 241548.0, 363050.0 ], [ 241548.0, 363048.0 ], [ 241546.0, 363048.0 ], [ 241546.0, 363046.0 ], [ 241544.0, 363046.0 ], [ 241544.0, 363044.0 ], [ 241542.0, 363044.0 ], [ 241542.0, 363042.0 ], [ 241540.0, 363042.0 ], [ 241540.0, 363028.0 ], [ 241538.0, 363028.0 ], [ 241538.0, 363022.0 ], [ 241536.0, 363022.0 ], [ 241536.0, 363020.0 ], [ 241534.0, 363020.0 ], [ 241534.0, 363016.0 ], [ 241532.0, 363016.0 ], [ 241532.0, 363014.0 ], [ 241530.0, 363014.0 ], [ 241530.0, 363010.0 ], [ 241528.0, 363010.0 ], [ 241528.0, 363002.0 ], [ 241530.0, 363002.0 ], [ 241530.0, 362992.0 ], [ 241532.0, 362992.0 ], [ 241532.0, 362976.0 ], [ 241530.0, 362976.0 ], [ 241530.0, 362964.0 ], [ 241528.0, 362964.0 ], [ 241528.0, 362954.0 ], [ 241526.0, 362954.0 ], [ 241526.0, 362944.0 ], [ 241524.0, 362944.0 ], [ 241524.0, 362938.0 ], [ 241522.0, 362938.0 ], [ 241522.0, 362932.0 ], [ 241520.0, 362932.0 ], [ 241520.0, 362926.0 ], [ 241518.0, 362926.0 ], [ 241518.0, 362918.0 ], [ 241516.0, 362918.0 ], [ 241516.0, 362914.0 ], [ 241514.0, 362914.0 ], [ 241514.0, 362910.0 ], [ 241512.0, 362910.0 ], [ 241512.0, 362902.0 ], [ 241510.0, 362902.0 ], [ 241510.0, 362852.0 ], [ 241508.0, 362852.0 ], [ 241508.0, 362850.0 ], [ 241504.0, 362850.0 ], [ 241504.0, 362848.0 ], [ 241510.0, 362848.0 ], [ 241510.0, 362846.0 ], [ 241512.0, 362846.0 ], [ 241512.0, 362844.0 ], [ 241514.0, 362844.0 ], [ 241514.0, 362842.0 ], [ 241516.0, 362842.0 ], [ 241516.0, 362840.0 ], [ 241518.0, 362840.0 ], [ 241518.0, 362814.0 ], [ 241516.0, 362814.0 ], [ 241516.0, 362806.0 ], [ 241514.0, 362806.0 ], [ 241514.0, 362802.0 ], [ 241512.0, 362802.0 ], [ 241512.0, 362798.0 ], [ 241510.0, 362798.0 ], [ 241510.0, 362794.0 ], [ 241508.0, 362794.0 ], [ 241508.0, 362790.0 ], [ 241506.0, 362790.0 ], [ 241506.0, 362784.0 ], [ 241508.0, 362784.0 ], [ 241508.0, 362780.0 ], [ 241510.0, 362780.0 ], [ 241510.0, 362778.0 ], [ 241512.0, 362778.0 ], [ 241512.0, 362776.0 ], [ 241514.0, 362776.0 ], [ 241514.0, 362774.0 ], [ 241516.0, 362774.0 ], [ 241516.0, 362772.0 ], [ 241520.0, 362772.0 ], [ 241520.0, 362770.0 ], [ 241524.0, 362770.0 ], [ 241524.0, 362768.0 ], [ 241528.0, 362768.0 ], [ 241528.0, 362766.0 ], [ 241530.0, 362766.0 ], [ 241530.0, 362764.0 ], [ 241534.0, 362764.0 ], [ 241534.0, 362762.0 ], [ 241536.0, 362762.0 ], [ 241536.0, 362760.0 ], [ 241538.0, 362760.0 ], [ 241538.0, 362758.0 ], [ 241542.0, 362758.0 ], [ 241542.0, 362756.0 ], [ 241558.0, 362756.0 ], [ 241558.0, 362758.0 ], [ 241562.0, 362758.0 ], [ 241562.0, 362760.0 ], [ 241564.0, 362760.0 ], [ 241564.0, 362762.0 ], [ 241566.0, 362762.0 ], [ 241566.0, 362764.0 ], [ 241568.0, 362764.0 ], [ 241568.0, 362766.0 ], [ 241572.0, 362766.0 ], [ 241572.0, 362768.0 ], [ 241574.0, 362768.0 ], [ 241574.0, 362770.0 ], [ 241576.0, 362770.0 ], [ 241576.0, 362772.0 ], [ 241578.0, 362772.0 ], [ 241578.0, 362774.0 ], [ 241580.0, 362774.0 ], [ 241580.0, 362776.0 ], [ 241582.0, 362776.0 ], [ 241582.0, 362778.0 ], [ 241584.0, 362778.0 ], [ 241584.0, 362780.0 ], [ 241586.0, 362780.0 ], [ 241586.0, 362782.0 ], [ 241590.0, 362782.0 ], [ 241590.0, 362784.0 ], [ 241592.0, 362784.0 ], [ 241592.0, 362786.0 ], [ 241594.0, 362786.0 ], [ 241594.0, 362788.0 ], [ 241598.0, 362788.0 ], [ 241598.0, 362790.0 ], [ 241600.0, 362790.0 ], [ 241600.0, 362792.0 ], [ 241602.0, 362792.0 ], [ 241602.0, 362794.0 ], [ 241606.0, 362794.0 ], [ 241606.0, 362796.0 ], [ 241612.0, 362796.0 ], [ 241612.0, 362798.0 ], [ 241626.0, 362798.0 ], [ 241626.0, 362800.0 ], [ 241636.0, 362800.0 ], [ 241636.0, 362802.0 ], [ 241642.0, 362802.0 ], [ 241642.0, 362804.0 ], [ 241646.0, 362804.0 ], [ 241646.0, 362806.0 ], [ 241648.0, 362806.0 ], [ 241648.0, 362810.0 ], [ 241650.0, 362810.0 ], [ 241650.0, 362826.0 ], [ 241652.0, 362826.0 ], [ 241652.0, 362830.0 ], [ 241654.0, 362830.0 ], [ 241654.0, 362834.0 ], [ 241656.0, 362834.0 ], [ 241656.0, 362836.0 ], [ 241658.0, 362836.0 ], [ 241658.0, 362840.0 ], [ 241660.0, 362840.0 ], [ 241660.0, 362842.0 ], [ 241662.0, 362842.0 ], [ 241662.0, 362846.0 ], [ 241664.0, 362846.0 ], [ 241664.0, 362848.0 ], [ 241666.0, 362848.0 ], [ 241666.0, 362852.0 ], [ 241668.0, 362852.0 ], [ 241668.0, 362854.0 ], [ 241670.0, 362854.0 ], [ 241670.0, 362858.0 ], [ 241672.0, 362858.0 ], [ 241672.0, 362860.0 ], [ 241674.0, 362860.0 ], [ 241674.0, 362862.0 ], [ 241676.0, 362862.0 ], [ 241676.0, 362866.0 ], [ 241678.0, 362866.0 ], [ 241678.0, 362868.0 ], [ 241680.0, 362868.0 ], [ 241680.0, 362870.0 ], [ 241682.0, 362870.0 ], [ 241682.0, 362872.0 ], [ 241684.0, 362872.0 ], [ 241684.0, 362876.0 ], [ 241686.0, 362876.0 ], [ 241686.0, 362878.0 ], [ 241688.0, 362878.0 ], [ 241688.0, 362880.0 ], [ 241690.0, 362880.0 ], [ 241690.0, 362882.0 ], [ 241692.0, 362882.0 ], [ 241692.0, 362884.0 ], [ 241694.0, 362884.0 ], [ 241694.0, 362888.0 ], [ 241696.0, 362888.0 ], [ 241696.0, 362890.0 ], [ 241698.0, 362890.0 ], [ 241698.0, 362892.0 ], [ 241700.0, 362892.0 ], [ 241700.0, 362894.0 ], [ 241702.0, 362894.0 ], [ 241702.0, 362898.0 ], [ 241704.0, 362898.0 ], [ 241704.0, 362900.0 ], [ 241706.0, 362900.0 ], [ 241706.0, 362902.0 ], [ 241708.0, 362902.0 ], [ 241708.0, 362906.0 ], [ 241710.0, 362906.0 ], [ 241710.0, 362908.0 ], [ 241712.0, 362908.0 ], [ 241712.0, 362910.0 ], [ 241714.0, 362910.0 ], [ 241714.0, 362914.0 ], [ 241716.0, 362914.0 ], [ 241716.0, 362916.0 ], [ 241718.0, 362916.0 ], [ 241718.0, 362920.0 ], [ 241720.0, 362920.0 ], [ 241720.0, 362924.0 ], [ 241722.0, 362924.0 ], [ 241722.0, 362930.0 ], [ 241724.0, 362930.0 ], [ 241724.0, 362934.0 ], [ 241726.0, 362934.0 ], [ 241726.0, 362938.0 ], [ 241728.0, 362938.0 ], [ 241728.0, 362942.0 ], [ 241730.0, 362942.0 ], [ 241730.0, 362944.0 ], [ 241732.0, 362944.0 ], [ 241732.0, 362946.0 ], [ 241734.0, 362946.0 ], [ 241734.0, 362948.0 ], [ 241736.0, 362948.0 ], [ 241736.0, 362952.0 ], [ 241738.0, 362952.0 ], [ 241738.0, 362954.0 ], [ 241740.0, 362954.0 ], [ 241740.0, 362958.0 ], [ 241742.0, 362958.0 ], [ 241742.0, 362962.0 ], [ 241744.0, 362962.0 ], [ 241744.0, 362966.0 ], [ 241746.0, 362966.0 ], [ 241746.0, 362970.0 ], [ 241748.0, 362970.0 ], [ 241748.0, 362976.0 ], [ 241750.0, 362976.0 ], [ 241750.0, 362980.0 ], [ 241752.0, 362980.0 ], [ 241752.0, 362984.0 ], [ 241754.0, 362984.0 ], [ 241754.0, 362988.0 ], [ 241756.0, 362988.0 ], [ 241756.0, 362990.0 ], [ 241758.0, 362990.0 ], [ 241758.0, 362992.0 ], [ 241760.0, 362992.0 ], [ 241760.0, 362996.0 ], [ 241762.0, 362996.0 ], [ 241762.0, 362998.0 ], [ 241764.0, 362998.0 ], [ 241764.0, 363002.0 ], [ 241766.0, 363002.0 ], [ 241766.0, 363004.0 ], [ 241768.0, 363004.0 ], [ 241768.0, 363006.0 ], [ 241770.0, 363006.0 ], [ 241770.0, 363008.0 ], [ 241772.0, 363008.0 ], [ 241772.0, 363010.0 ], [ 241774.0, 363010.0 ], [ 241774.0, 363014.0 ], [ 241772.0, 363014.0 ], [ 241772.0, 363016.0 ], [ 241770.0, 363016.0 ], [ 241770.0, 363018.0 ], [ 241768.0, 363018.0 ], [ 241768.0, 363020.0 ], [ 241766.0, 363020.0 ], [ 241766.0, 363022.0 ], [ 241764.0, 363022.0 ], [ 241764.0, 363040.0 ], [ 241766.0, 363040.0 ], [ 241766.0, 363042.0 ], [ 241768.0, 363042.0 ], [ 241768.0, 363046.0 ], [ 241770.0, 363046.0 ], [ 241770.0, 363050.0 ], [ 241772.0, 363050.0 ], [ 241772.0, 363054.0 ], [ 241774.0, 363054.0 ], [ 241774.0, 363056.0 ], [ 241776.0, 363056.0 ], [ 241776.0, 363060.0 ], [ 241778.0, 363060.0 ], [ 241778.0, 363062.0 ], [ 241780.0, 363062.0 ], [ 241780.0, 363066.0 ], [ 241782.0, 363066.0 ], [ 241782.0, 363068.0 ], [ 241784.0, 363068.0 ], [ 241784.0, 363070.0 ], [ 241786.0, 363070.0 ], [ 241786.0, 363074.0 ], [ 241788.0, 363074.0 ], [ 241788.0, 363078.0 ], [ 241790.0, 363078.0 ], [ 241790.0, 363080.0 ], [ 241792.0, 363080.0 ], [ 241792.0, 363084.0 ], [ 241794.0, 363084.0 ], [ 241794.0, 363086.0 ], [ 241796.0, 363086.0 ], [ 241796.0, 363090.0 ], [ 241798.0, 363090.0 ], [ 241798.0, 363092.0 ], [ 241800.0, 363092.0 ], [ 241800.0, 363094.0 ], [ 241802.0, 363094.0 ], [ 241802.0, 363096.0 ], [ 241804.0, 363096.0 ], [ 241804.0, 363098.0 ], [ 241806.0, 363098.0 ], [ 241806.0, 363102.0 ], [ 241808.0, 363102.0 ], [ 241808.0, 363104.0 ], [ 241810.0, 363104.0 ], [ 241810.0, 363106.0 ], [ 241812.0, 363106.0 ], [ 241812.0, 363108.0 ], [ 241814.0, 363108.0 ], [ 241814.0, 363110.0 ], [ 241816.0, 363110.0 ], [ 241816.0, 363124.0 ], [ 241818.0, 363124.0 ], [ 241818.0, 363150.0 ], [ 241820.0, 363150.0 ], [ 241820.0, 363160.0 ], [ 241822.0, 363160.0 ], [ 241822.0, 363166.0 ], [ 241824.0, 363166.0 ], [ 241824.0, 363170.0 ], [ 241826.0, 363170.0 ], [ 241826.0, 363176.0 ], [ 241828.0, 363176.0 ], [ 241828.0, 363180.0 ], [ 241830.0, 363180.0 ], [ 241830.0, 363182.0 ], [ 241832.0, 363182.0 ], [ 241832.0, 363186.0 ], [ 241834.0, 363186.0 ], [ 241834.0, 363188.0 ], [ 241836.0, 363188.0 ], [ 241836.0, 363190.0 ], [ 241838.0, 363190.0 ], [ 241838.0, 363194.0 ], [ 241840.0, 363194.0 ], [ 241840.0, 363196.0 ], [ 241842.0, 363196.0 ], [ 241842.0, 363198.0 ], [ 241844.0, 363198.0 ], [ 241844.0, 363202.0 ], [ 241846.0, 363202.0 ], [ 241846.0, 363206.0 ], [ 241848.0, 363206.0 ], [ 241848.0, 363208.0 ], [ 241850.0, 363208.0 ], [ 241850.0, 363212.0 ], [ 241852.0, 363212.0 ], [ 241852.0, 363216.0 ], [ 241854.0, 363216.0 ], [ 241854.0, 363220.0 ], [ 241856.0, 363220.0 ], [ 241856.0, 363224.0 ], [ 241858.0, 363224.0 ], [ 241858.0, 363228.0 ], [ 241860.0, 363228.0 ], [ 241860.0, 363232.0 ], [ 241862.0, 363232.0 ], [ 241862.0, 363234.0 ], [ 241864.0, 363234.0 ], [ 241864.0, 363242.0 ], [ 241866.0, 363242.0 ], [ 241866.0, 363302.0 ], [ 241868.0, 363302.0 ], [ 241868.0, 363304.0 ], [ 241870.0, 363304.0 ], [ 241870.0, 363306.0 ], [ 241872.0, 363306.0 ], [ 241872.0, 363308.0 ], [ 241874.0, 363308.0 ], [ 241874.0, 363314.0 ], [ 241876.0, 363314.0 ], [ 241876.0, 363316.0 ], [ 241878.0, 363316.0 ], [ 241878.0, 363336.0 ], [ 241876.0, 363336.0 ], [ 241876.0, 363342.0 ], [ 241874.0, 363342.0 ], [ 241874.0, 363344.0 ], [ 241872.0, 363344.0 ], [ 241872.0, 363348.0 ], [ 241870.0, 363348.0 ], [ 241870.0, 363364.0 ], [ 241868.0, 363364.0 ], [ 241868.0, 363368.0 ], [ 241866.0, 363368.0 ], [ 241866.0, 363370.0 ], [ 241868.0, 363370.0 ], [ 241868.0, 363374.0 ], [ 241870.0, 363374.0 ], [ 241870.0, 363376.0 ], [ 241872.0, 363376.0 ], [ 241872.0, 363410.0 ], [ 241868.0, 363410.0 ], [ 241868.0, 363412.0 ], [ 241858.0, 363412.0 ], [ 241858.0, 363410.0 ], [ 241844.0, 363410.0 ], [ 241844.0, 363412.0 ], [ 241840.0, 363412.0 ], [ 241840.0, 363414.0 ], [ 241838.0, 363414.0 ], [ 241838.0, 363416.0 ], [ 241836.0, 363416.0 ], [ 241836.0, 363418.0 ], [ 241834.0, 363418.0 ], [ 241834.0, 363420.0 ], [ 241832.0, 363420.0 ], [ 241832.0, 363422.0 ], [ 241830.0, 363422.0 ], [ 241830.0, 363424.0 ], [ 241828.0, 363424.0 ], [ 241828.0, 363426.0 ], [ 241826.0, 363426.0 ], [ 241826.0, 363428.0 ], [ 241824.0, 363428.0 ], [ 241824.0, 363426.0 ], [ 241820.0, 363426.0 ] ], [ [ 242356.0, 363184.0 ], [ 242356.0, 363182.0 ], [ 242350.0, 363182.0 ], [ 242350.0, 363180.0 ], [ 242344.0, 363180.0 ], [ 242344.0, 363178.0 ], [ 242308.0, 363178.0 ], [ 242308.0, 363180.0 ], [ 242306.0, 363180.0 ], [ 242306.0, 363174.0 ], [ 242304.0, 363174.0 ], [ 242304.0, 363166.0 ], [ 242302.0, 363166.0 ], [ 242302.0, 363158.0 ], [ 242300.0, 363158.0 ], [ 242300.0, 363152.0 ], [ 242298.0, 363152.0 ], [ 242298.0, 363148.0 ], [ 242296.0, 363148.0 ], [ 242296.0, 363144.0 ], [ 242294.0, 363144.0 ], [ 242294.0, 363140.0 ], [ 242292.0, 363140.0 ], [ 242292.0, 363138.0 ], [ 242290.0, 363138.0 ], [ 242290.0, 363134.0 ], [ 242288.0, 363134.0 ], [ 242288.0, 363130.0 ], [ 242286.0, 363130.0 ], [ 242286.0, 363128.0 ], [ 242284.0, 363128.0 ], [ 242284.0, 363124.0 ], [ 242282.0, 363124.0 ], [ 242282.0, 363122.0 ], [ 242280.0, 363122.0 ], [ 242280.0, 363118.0 ], [ 242278.0, 363118.0 ], [ 242278.0, 363076.0 ], [ 242280.0, 363076.0 ], [ 242280.0, 363052.0 ], [ 242278.0, 363052.0 ], [ 242278.0, 363050.0 ], [ 242276.0, 363050.0 ], [ 242276.0, 363048.0 ], [ 242272.0, 363048.0 ], [ 242272.0, 363046.0 ], [ 242270.0, 363046.0 ], [ 242270.0, 363044.0 ], [ 242266.0, 363044.0 ], [ 242266.0, 363042.0 ], [ 242264.0, 363042.0 ], [ 242264.0, 363040.0 ], [ 242262.0, 363040.0 ], [ 242262.0, 363038.0 ], [ 242258.0, 363038.0 ], [ 242258.0, 363036.0 ], [ 242256.0, 363036.0 ], [ 242256.0, 363034.0 ], [ 242254.0, 363034.0 ], [ 242254.0, 363032.0 ], [ 242252.0, 363032.0 ], [ 242252.0, 363030.0 ], [ 242250.0, 363030.0 ], [ 242250.0, 363028.0 ], [ 242248.0, 363028.0 ], [ 242248.0, 363026.0 ], [ 242244.0, 363026.0 ], [ 242244.0, 363024.0 ], [ 242242.0, 363024.0 ], [ 242242.0, 363022.0 ], [ 242240.0, 363022.0 ], [ 242240.0, 363020.0 ], [ 242238.0, 363020.0 ], [ 242238.0, 363018.0 ], [ 242236.0, 363018.0 ], [ 242236.0, 363014.0 ], [ 242234.0, 363014.0 ], [ 242234.0, 363010.0 ], [ 242232.0, 363010.0 ], [ 242232.0, 362996.0 ], [ 242234.0, 362996.0 ], [ 242234.0, 362998.0 ], [ 242262.0, 362998.0 ], [ 242262.0, 363000.0 ], [ 242268.0, 363000.0 ], [ 242268.0, 363002.0 ], [ 242270.0, 363002.0 ], [ 242270.0, 363004.0 ], [ 242276.0, 363004.0 ], [ 242276.0, 363006.0 ], [ 242282.0, 363006.0 ], [ 242282.0, 363008.0 ], [ 242300.0, 363008.0 ], [ 242300.0, 363010.0 ], [ 242310.0, 363010.0 ], [ 242310.0, 363012.0 ], [ 242318.0, 363012.0 ], [ 242318.0, 363014.0 ], [ 242324.0, 363014.0 ], [ 242324.0, 363016.0 ], [ 242330.0, 363016.0 ], [ 242330.0, 363018.0 ], [ 242332.0, 363018.0 ], [ 242332.0, 363020.0 ], [ 242336.0, 363020.0 ], [ 242336.0, 363022.0 ], [ 242340.0, 363022.0 ], [ 242340.0, 363024.0 ], [ 242342.0, 363024.0 ], [ 242342.0, 363026.0 ], [ 242344.0, 363026.0 ], [ 242344.0, 363028.0 ], [ 242346.0, 363028.0 ], [ 242346.0, 363030.0 ], [ 242348.0, 363030.0 ], [ 242348.0, 363032.0 ], [ 242352.0, 363032.0 ], [ 242352.0, 363034.0 ], [ 242354.0, 363034.0 ], [ 242354.0, 363036.0 ], [ 242356.0, 363036.0 ], [ 242356.0, 363038.0 ], [ 242358.0, 363038.0 ], [ 242358.0, 363040.0 ], [ 242360.0, 363040.0 ], [ 242360.0, 363042.0 ], [ 242362.0, 363042.0 ], [ 242362.0, 363044.0 ], [ 242364.0, 363044.0 ], [ 242364.0, 363048.0 ], [ 242366.0, 363048.0 ], [ 242366.0, 363052.0 ], [ 242368.0, 363052.0 ], [ 242368.0, 363058.0 ], [ 242370.0, 363058.0 ], [ 242370.0, 363060.0 ], [ 242372.0, 363060.0 ], [ 242372.0, 363058.0 ], [ 242398.0, 363058.0 ], [ 242398.0, 363060.0 ], [ 242402.0, 363060.0 ], [ 242402.0, 363062.0 ], [ 242404.0, 363062.0 ], [ 242404.0, 363064.0 ], [ 242406.0, 363064.0 ], [ 242406.0, 363096.0 ], [ 242404.0, 363096.0 ], [ 242404.0, 363102.0 ], [ 242402.0, 363102.0 ], [ 242402.0, 363104.0 ], [ 242400.0, 363104.0 ], [ 242400.0, 363106.0 ], [ 242398.0, 363106.0 ], [ 242398.0, 363108.0 ], [ 242394.0, 363108.0 ], [ 242394.0, 363110.0 ], [ 242388.0, 363110.0 ], [ 242388.0, 363112.0 ], [ 242386.0, 363112.0 ], [ 242386.0, 363114.0 ], [ 242384.0, 363114.0 ], [ 242384.0, 363116.0 ], [ 242382.0, 363116.0 ], [ 242382.0, 363120.0 ], [ 242380.0, 363120.0 ], [ 242380.0, 363122.0 ], [ 242378.0, 363122.0 ], [ 242378.0, 363134.0 ], [ 242376.0, 363134.0 ], [ 242376.0, 363170.0 ], [ 242374.0, 363170.0 ], [ 242374.0, 363174.0 ], [ 242372.0, 363174.0 ], [ 242372.0, 363178.0 ], [ 242370.0, 363178.0 ], [ 242370.0, 363180.0 ], [ 242368.0, 363180.0 ], [ 242368.0, 363184.0 ], [ 242364.0, 363184.0 ], [ 242364.0, 363186.0 ], [ 242360.0, 363186.0 ], [ 242360.0, 363184.0 ], [ 242356.0, 363184.0 ] ], [ [ 241184.0, 363090.0 ], [ 241184.0, 363088.0 ], [ 241180.0, 363088.0 ], [ 241180.0, 363086.0 ], [ 241178.0, 363086.0 ], [ 241178.0, 363084.0 ], [ 241174.0, 363084.0 ], [ 241174.0, 363082.0 ], [ 241172.0, 363082.0 ], [ 241172.0, 363080.0 ], [ 241170.0, 363080.0 ], [ 241170.0, 363078.0 ], [ 241168.0, 363078.0 ], [ 241168.0, 363076.0 ], [ 241166.0, 363076.0 ], [ 241166.0, 363074.0 ], [ 241164.0, 363074.0 ], [ 241164.0, 363072.0 ], [ 241162.0, 363072.0 ], [ 241162.0, 363070.0 ], [ 241160.0, 363070.0 ], [ 241160.0, 363068.0 ], [ 241156.0, 363068.0 ], [ 241156.0, 363066.0 ], [ 241154.0, 363066.0 ], [ 241154.0, 363064.0 ], [ 241152.0, 363064.0 ], [ 241152.0, 363062.0 ], [ 241150.0, 363062.0 ], [ 241150.0, 363060.0 ], [ 241148.0, 363060.0 ], [ 241148.0, 363058.0 ], [ 241144.0, 363058.0 ], [ 241144.0, 363056.0 ], [ 241142.0, 363056.0 ], [ 241142.0, 363054.0 ], [ 241140.0, 363054.0 ], [ 241140.0, 363052.0 ], [ 241138.0, 363052.0 ], [ 241138.0, 363050.0 ], [ 241136.0, 363050.0 ], [ 241136.0, 363048.0 ], [ 241134.0, 363048.0 ], [ 241134.0, 363046.0 ], [ 241132.0, 363046.0 ], [ 241132.0, 363044.0 ], [ 241130.0, 363044.0 ], [ 241130.0, 363042.0 ], [ 241128.0, 363042.0 ], [ 241128.0, 363040.0 ], [ 241126.0, 363040.0 ], [ 241126.0, 363034.0 ], [ 241128.0, 363034.0 ], [ 241128.0, 363028.0 ], [ 241130.0, 363028.0 ], [ 241130.0, 363010.0 ], [ 241132.0, 363010.0 ], [ 241132.0, 363008.0 ], [ 241134.0, 363008.0 ], [ 241134.0, 363004.0 ], [ 241136.0, 363004.0 ], [ 241136.0, 363002.0 ], [ 241138.0, 363002.0 ], [ 241138.0, 363000.0 ], [ 241140.0, 363000.0 ], [ 241140.0, 362998.0 ], [ 241142.0, 362998.0 ], [ 241142.0, 362996.0 ], [ 241144.0, 362996.0 ], [ 241144.0, 362994.0 ], [ 241148.0, 362994.0 ], [ 241148.0, 362992.0 ], [ 241150.0, 362992.0 ], [ 241150.0, 362990.0 ], [ 241154.0, 362990.0 ], [ 241154.0, 362988.0 ], [ 241156.0, 362988.0 ], [ 241156.0, 362986.0 ], [ 241160.0, 362986.0 ], [ 241160.0, 362984.0 ], [ 241162.0, 362984.0 ], [ 241162.0, 362982.0 ], [ 241164.0, 362982.0 ], [ 241164.0, 362980.0 ], [ 241166.0, 362980.0 ], [ 241166.0, 362978.0 ], [ 241168.0, 362978.0 ], [ 241168.0, 362976.0 ], [ 241170.0, 362976.0 ], [ 241170.0, 362974.0 ], [ 241174.0, 362974.0 ], [ 241174.0, 362972.0 ], [ 241176.0, 362972.0 ], [ 241176.0, 362970.0 ], [ 241178.0, 362970.0 ], [ 241178.0, 362968.0 ], [ 241180.0, 362968.0 ], [ 241180.0, 362970.0 ], [ 241186.0, 362970.0 ], [ 241186.0, 362972.0 ], [ 241188.0, 362972.0 ], [ 241188.0, 362974.0 ], [ 241190.0, 362974.0 ], [ 241190.0, 362976.0 ], [ 241192.0, 362976.0 ], [ 241192.0, 362978.0 ], [ 241194.0, 362978.0 ], [ 241194.0, 362980.0 ], [ 241196.0, 362980.0 ], [ 241196.0, 362982.0 ], [ 241198.0, 362982.0 ], [ 241198.0, 362984.0 ], [ 241200.0, 362984.0 ], [ 241200.0, 362986.0 ], [ 241202.0, 362986.0 ], [ 241202.0, 362988.0 ], [ 241204.0, 362988.0 ], [ 241204.0, 362990.0 ], [ 241206.0, 362990.0 ], [ 241206.0, 362992.0 ], [ 241210.0, 362992.0 ], [ 241210.0, 362994.0 ], [ 241212.0, 362994.0 ], [ 241212.0, 362996.0 ], [ 241214.0, 362996.0 ], [ 241214.0, 362998.0 ], [ 241216.0, 362998.0 ], [ 241216.0, 363000.0 ], [ 241218.0, 363000.0 ], [ 241218.0, 363002.0 ], [ 241220.0, 363002.0 ], [ 241220.0, 363004.0 ], [ 241222.0, 363004.0 ], [ 241222.0, 363006.0 ], [ 241224.0, 363006.0 ], [ 241224.0, 363008.0 ], [ 241226.0, 363008.0 ], [ 241226.0, 363010.0 ], [ 241228.0, 363010.0 ], [ 241228.0, 363012.0 ], [ 241230.0, 363012.0 ], [ 241230.0, 363014.0 ], [ 241256.0, 363014.0 ], [ 241256.0, 363016.0 ], [ 241260.0, 363016.0 ], [ 241260.0, 363018.0 ], [ 241258.0, 363018.0 ], [ 241258.0, 363020.0 ], [ 241254.0, 363020.0 ], [ 241254.0, 363022.0 ], [ 241252.0, 363022.0 ], [ 241252.0, 363024.0 ], [ 241250.0, 363024.0 ], [ 241250.0, 363026.0 ], [ 241248.0, 363026.0 ], [ 241248.0, 363028.0 ], [ 241246.0, 363028.0 ], [ 241246.0, 363040.0 ], [ 241244.0, 363040.0 ], [ 241244.0, 363044.0 ], [ 241242.0, 363044.0 ], [ 241242.0, 363046.0 ], [ 241240.0, 363046.0 ], [ 241240.0, 363048.0 ], [ 241238.0, 363048.0 ], [ 241238.0, 363050.0 ], [ 241236.0, 363050.0 ], [ 241236.0, 363052.0 ], [ 241234.0, 363052.0 ], [ 241234.0, 363054.0 ], [ 241232.0, 363054.0 ], [ 241232.0, 363058.0 ], [ 241230.0, 363058.0 ], [ 241230.0, 363062.0 ], [ 241228.0, 363062.0 ], [ 241228.0, 363068.0 ], [ 241226.0, 363068.0 ], [ 241226.0, 363092.0 ], [ 241188.0, 363092.0 ], [ 241188.0, 363090.0 ], [ 241184.0, 363090.0 ] ], [ [ 241378.0, 363088.0 ], [ 241378.0, 363086.0 ], [ 241374.0, 363086.0 ], [ 241374.0, 363084.0 ], [ 241370.0, 363084.0 ], [ 241370.0, 363082.0 ], [ 241368.0, 363082.0 ], [ 241368.0, 363080.0 ], [ 241364.0, 363080.0 ], [ 241364.0, 363078.0 ], [ 241362.0, 363078.0 ], [ 241362.0, 363076.0 ], [ 241358.0, 363076.0 ], [ 241358.0, 363074.0 ], [ 241352.0, 363074.0 ], [ 241352.0, 363072.0 ], [ 241346.0, 363072.0 ], [ 241346.0, 363070.0 ], [ 241316.0, 363070.0 ], [ 241316.0, 363068.0 ], [ 241314.0, 363068.0 ], [ 241314.0, 363066.0 ], [ 241312.0, 363066.0 ], [ 241312.0, 363064.0 ], [ 241310.0, 363064.0 ], [ 241310.0, 363054.0 ], [ 241308.0, 363054.0 ], [ 241308.0, 363048.0 ], [ 241306.0, 363048.0 ], [ 241306.0, 363044.0 ], [ 241304.0, 363044.0 ], [ 241304.0, 363042.0 ], [ 241302.0, 363042.0 ], [ 241302.0, 363040.0 ], [ 241300.0, 363040.0 ], [ 241300.0, 363038.0 ], [ 241296.0, 363038.0 ], [ 241296.0, 363036.0 ], [ 241292.0, 363036.0 ], [ 241292.0, 363034.0 ], [ 241286.0, 363034.0 ], [ 241286.0, 363032.0 ], [ 241282.0, 363032.0 ], [ 241282.0, 363030.0 ], [ 241278.0, 363030.0 ], [ 241278.0, 363028.0 ], [ 241276.0, 363028.0 ], [ 241276.0, 363026.0 ], [ 241274.0, 363026.0 ], [ 241274.0, 363024.0 ], [ 241272.0, 363024.0 ], [ 241272.0, 363022.0 ], [ 241270.0, 363022.0 ], [ 241270.0, 363020.0 ], [ 241268.0, 363020.0 ], [ 241268.0, 363018.0 ], [ 241264.0, 363018.0 ], [ 241264.0, 363016.0 ], [ 241262.0, 363016.0 ], [ 241262.0, 363014.0 ], [ 241260.0, 363014.0 ], [ 241260.0, 363012.0 ], [ 241256.0, 363012.0 ], [ 241256.0, 363010.0 ], [ 241230.0, 363010.0 ], [ 241230.0, 363008.0 ], [ 241228.0, 363008.0 ], [ 241228.0, 363006.0 ], [ 241226.0, 363006.0 ], [ 241226.0, 363004.0 ], [ 241224.0, 363004.0 ], [ 241224.0, 363002.0 ], [ 241222.0, 363002.0 ], [ 241222.0, 363000.0 ], [ 241220.0, 363000.0 ], [ 241220.0, 362998.0 ], [ 241218.0, 362998.0 ], [ 241218.0, 362996.0 ], [ 241216.0, 362996.0 ], [ 241216.0, 362994.0 ], [ 241214.0, 362994.0 ], [ 241214.0, 362992.0 ], [ 241212.0, 362992.0 ], [ 241212.0, 362990.0 ], [ 241210.0, 362990.0 ], [ 241210.0, 362988.0 ], [ 241206.0, 362988.0 ], [ 241206.0, 362986.0 ], [ 241204.0, 362986.0 ], [ 241204.0, 362984.0 ], [ 241202.0, 362984.0 ], [ 241202.0, 362982.0 ], [ 241200.0, 362982.0 ], [ 241200.0, 362980.0 ], [ 241198.0, 362980.0 ], [ 241198.0, 362978.0 ], [ 241196.0, 362978.0 ], [ 241196.0, 362976.0 ], [ 241194.0, 362976.0 ], [ 241194.0, 362974.0 ], [ 241192.0, 362974.0 ], [ 241192.0, 362972.0 ], [ 241190.0, 362972.0 ], [ 241190.0, 362970.0 ], [ 241188.0, 362970.0 ], [ 241188.0, 362968.0 ], [ 241186.0, 362968.0 ], [ 241186.0, 362966.0 ], [ 241184.0, 362966.0 ], [ 241184.0, 362964.0 ], [ 241188.0, 362964.0 ], [ 241188.0, 362962.0 ], [ 241192.0, 362962.0 ], [ 241192.0, 362960.0 ], [ 241194.0, 362960.0 ], [ 241194.0, 362958.0 ], [ 241198.0, 362958.0 ], [ 241198.0, 362956.0 ], [ 241200.0, 362956.0 ], [ 241200.0, 362954.0 ], [ 241202.0, 362954.0 ], [ 241202.0, 362952.0 ], [ 241204.0, 362952.0 ], [ 241204.0, 362950.0 ], [ 241206.0, 362950.0 ], [ 241206.0, 362948.0 ], [ 241208.0, 362948.0 ], [ 241208.0, 362944.0 ], [ 241210.0, 362944.0 ], [ 241210.0, 362940.0 ], [ 241212.0, 362940.0 ], [ 241212.0, 362936.0 ], [ 241214.0, 362936.0 ], [ 241214.0, 362932.0 ], [ 241216.0, 362932.0 ], [ 241216.0, 362928.0 ], [ 241218.0, 362928.0 ], [ 241218.0, 362926.0 ], [ 241220.0, 362926.0 ], [ 241220.0, 362924.0 ], [ 241222.0, 362924.0 ], [ 241222.0, 362920.0 ], [ 241224.0, 362920.0 ], [ 241224.0, 362918.0 ], [ 241226.0, 362918.0 ], [ 241226.0, 362916.0 ], [ 241228.0, 362916.0 ], [ 241228.0, 362914.0 ], [ 241230.0, 362914.0 ], [ 241230.0, 362912.0 ], [ 241232.0, 362912.0 ], [ 241232.0, 362910.0 ], [ 241234.0, 362910.0 ], [ 241234.0, 362908.0 ], [ 241236.0, 362908.0 ], [ 241236.0, 362906.0 ], [ 241238.0, 362906.0 ], [ 241238.0, 362904.0 ], [ 241240.0, 362904.0 ], [ 241240.0, 362902.0 ], [ 241242.0, 362902.0 ], [ 241242.0, 362900.0 ], [ 241244.0, 362900.0 ], [ 241244.0, 362898.0 ], [ 241246.0, 362898.0 ], [ 241246.0, 362896.0 ], [ 241250.0, 362896.0 ], [ 241250.0, 362894.0 ], [ 241252.0, 362894.0 ], [ 241252.0, 362892.0 ], [ 241254.0, 362892.0 ], [ 241254.0, 362890.0 ], [ 241258.0, 362890.0 ], [ 241258.0, 362888.0 ], [ 241260.0, 362888.0 ], [ 241260.0, 362886.0 ], [ 241264.0, 362886.0 ], [ 241264.0, 362884.0 ], [ 241270.0, 362884.0 ], [ 241270.0, 362882.0 ], [ 241282.0, 362882.0 ], [ 241282.0, 362880.0 ], [ 241286.0, 362880.0 ], [ 241286.0, 362878.0 ], [ 241288.0, 362878.0 ], [ 241288.0, 362874.0 ], [ 241290.0, 362874.0 ], [ 241290.0, 362872.0 ], [ 241292.0, 362872.0 ], [ 241292.0, 362870.0 ], [ 241294.0, 362870.0 ], [ 241294.0, 362866.0 ], [ 241296.0, 362866.0 ], [ 241296.0, 362864.0 ], [ 241298.0, 362864.0 ], [ 241298.0, 362862.0 ], [ 241300.0, 362862.0 ], [ 241300.0, 362860.0 ], [ 241304.0, 362860.0 ], [ 241304.0, 362858.0 ], [ 241308.0, 362858.0 ], [ 241308.0, 362856.0 ], [ 241312.0, 362856.0 ], [ 241312.0, 362854.0 ], [ 241316.0, 362854.0 ], [ 241316.0, 362852.0 ], [ 241320.0, 362852.0 ], [ 241320.0, 362850.0 ], [ 241322.0, 362850.0 ], [ 241322.0, 362848.0 ], [ 241324.0, 362848.0 ], [ 241324.0, 362846.0 ], [ 241326.0, 362846.0 ], [ 241326.0, 362844.0 ], [ 241328.0, 362844.0 ], [ 241328.0, 362840.0 ], [ 241330.0, 362840.0 ], [ 241330.0, 362836.0 ], [ 241332.0, 362836.0 ], [ 241332.0, 362830.0 ], [ 241334.0, 362830.0 ], [ 241334.0, 362826.0 ], [ 241336.0, 362826.0 ], [ 241336.0, 362822.0 ], [ 241338.0, 362822.0 ], [ 241338.0, 362820.0 ], [ 241340.0, 362820.0 ], [ 241340.0, 362816.0 ], [ 241342.0, 362816.0 ], [ 241342.0, 362814.0 ], [ 241344.0, 362814.0 ], [ 241344.0, 362812.0 ], [ 241346.0, 362812.0 ], [ 241346.0, 362810.0 ], [ 241384.0, 362810.0 ], [ 241384.0, 362812.0 ], [ 241386.0, 362812.0 ], [ 241386.0, 362816.0 ], [ 241388.0, 362816.0 ], [ 241388.0, 362818.0 ], [ 241390.0, 362818.0 ], [ 241390.0, 362820.0 ], [ 241392.0, 362820.0 ], [ 241392.0, 362822.0 ], [ 241394.0, 362822.0 ], [ 241394.0, 362824.0 ], [ 241396.0, 362824.0 ], [ 241396.0, 362826.0 ], [ 241398.0, 362826.0 ], [ 241398.0, 362828.0 ], [ 241408.0, 362828.0 ], [ 241408.0, 362826.0 ], [ 241418.0, 362826.0 ], [ 241418.0, 362824.0 ], [ 241422.0, 362824.0 ], [ 241422.0, 362822.0 ], [ 241460.0, 362822.0 ], [ 241460.0, 362824.0 ], [ 241462.0, 362824.0 ], [ 241462.0, 362826.0 ], [ 241466.0, 362826.0 ], [ 241466.0, 362828.0 ], [ 241468.0, 362828.0 ], [ 241468.0, 362830.0 ], [ 241470.0, 362830.0 ], [ 241470.0, 362832.0 ], [ 241472.0, 362832.0 ], [ 241472.0, 362834.0 ], [ 241474.0, 362834.0 ], [ 241474.0, 362836.0 ], [ 241476.0, 362836.0 ], [ 241476.0, 362838.0 ], [ 241478.0, 362838.0 ], [ 241478.0, 362840.0 ], [ 241482.0, 362840.0 ], [ 241482.0, 362842.0 ], [ 241484.0, 362842.0 ], [ 241484.0, 362844.0 ], [ 241488.0, 362844.0 ], [ 241488.0, 362846.0 ], [ 241490.0, 362846.0 ], [ 241490.0, 362848.0 ], [ 241492.0, 362848.0 ], [ 241492.0, 362880.0 ], [ 241458.0, 362880.0 ], [ 241458.0, 362882.0 ], [ 241456.0, 362882.0 ], [ 241456.0, 362884.0 ], [ 241454.0, 362884.0 ], [ 241454.0, 362886.0 ], [ 241452.0, 362886.0 ], [ 241452.0, 362888.0 ], [ 241450.0, 362888.0 ], [ 241450.0, 362890.0 ], [ 241446.0, 362890.0 ], [ 241446.0, 362892.0 ], [ 241438.0, 362892.0 ], [ 241438.0, 362894.0 ], [ 241436.0, 362894.0 ], [ 241436.0, 362896.0 ], [ 241432.0, 362896.0 ], [ 241432.0, 362898.0 ], [ 241430.0, 362898.0 ], [ 241430.0, 362900.0 ], [ 241428.0, 362900.0 ], [ 241428.0, 362904.0 ], [ 241426.0, 362904.0 ], [ 241426.0, 362906.0 ], [ 241424.0, 362906.0 ], [ 241424.0, 362910.0 ], [ 241422.0, 362910.0 ], [ 241422.0, 362914.0 ], [ 241420.0, 362914.0 ], [ 241420.0, 362918.0 ], [ 241418.0, 362918.0 ], [ 241418.0, 362922.0 ], [ 241416.0, 362922.0 ], [ 241416.0, 362928.0 ], [ 241414.0, 362928.0 ], [ 241414.0, 362932.0 ], [ 241412.0, 362932.0 ], [ 241412.0, 362936.0 ], [ 241410.0, 362936.0 ], [ 241410.0, 362938.0 ], [ 241408.0, 362938.0 ], [ 241408.0, 362942.0 ], [ 241406.0, 362942.0 ], [ 241406.0, 362944.0 ], [ 241404.0, 362944.0 ], [ 241404.0, 362948.0 ], [ 241402.0, 362948.0 ], [ 241402.0, 362950.0 ], [ 241400.0, 362950.0 ], [ 241400.0, 362952.0 ], [ 241398.0, 362952.0 ], [ 241398.0, 362960.0 ], [ 241400.0, 362960.0 ], [ 241400.0, 362962.0 ], [ 241402.0, 362962.0 ], [ 241402.0, 362966.0 ], [ 241404.0, 362966.0 ], [ 241404.0, 362970.0 ], [ 241406.0, 362970.0 ], [ 241406.0, 362974.0 ], [ 241408.0, 362974.0 ], [ 241408.0, 363002.0 ], [ 241410.0, 363002.0 ], [ 241410.0, 363012.0 ], [ 241412.0, 363012.0 ], [ 241412.0, 363018.0 ], [ 241414.0, 363018.0 ], [ 241414.0, 363026.0 ], [ 241416.0, 363026.0 ], [ 241416.0, 363032.0 ], [ 241418.0, 363032.0 ], [ 241418.0, 363038.0 ], [ 241420.0, 363038.0 ], [ 241420.0, 363042.0 ], [ 241422.0, 363042.0 ], [ 241422.0, 363046.0 ], [ 241424.0, 363046.0 ], [ 241424.0, 363050.0 ], [ 241426.0, 363050.0 ], [ 241426.0, 363054.0 ], [ 241428.0, 363054.0 ], [ 241428.0, 363058.0 ], [ 241430.0, 363058.0 ], [ 241430.0, 363082.0 ], [ 241428.0, 363082.0 ], [ 241428.0, 363084.0 ], [ 241424.0, 363084.0 ], [ 241424.0, 363086.0 ], [ 241422.0, 363086.0 ], [ 241422.0, 363088.0 ], [ 241418.0, 363088.0 ], [ 241418.0, 363090.0 ], [ 241386.0, 363090.0 ], [ 241386.0, 363088.0 ], [ 241378.0, 363088.0 ] ], [ [ 241432.0, 363058.0 ], [ 241432.0, 363054.0 ], [ 241430.0, 363054.0 ], [ 241430.0, 363050.0 ], [ 241428.0, 363050.0 ], [ 241428.0, 363046.0 ], [ 241426.0, 363046.0 ], [ 241426.0, 363042.0 ], [ 241424.0, 363042.0 ], [ 241424.0, 363038.0 ], [ 241422.0, 363038.0 ], [ 241422.0, 363032.0 ], [ 241420.0, 363032.0 ], [ 241420.0, 363026.0 ], [ 241418.0, 363026.0 ], [ 241418.0, 363018.0 ], [ 241416.0, 363018.0 ], [ 241416.0, 363012.0 ], [ 241414.0, 363012.0 ], [ 241414.0, 363002.0 ], [ 241412.0, 363002.0 ], [ 241412.0, 362998.0 ], [ 241446.0, 362998.0 ], [ 241446.0, 363000.0 ], [ 241452.0, 363000.0 ], [ 241452.0, 363002.0 ], [ 241458.0, 363002.0 ], [ 241458.0, 363004.0 ], [ 241466.0, 363004.0 ], [ 241466.0, 363006.0 ], [ 241524.0, 363006.0 ], [ 241524.0, 363012.0 ], [ 241522.0, 363012.0 ], [ 241522.0, 363016.0 ], [ 241520.0, 363016.0 ], [ 241520.0, 363018.0 ], [ 241518.0, 363018.0 ], [ 241518.0, 363020.0 ], [ 241514.0, 363020.0 ], [ 241514.0, 363022.0 ], [ 241512.0, 363022.0 ], [ 241512.0, 363024.0 ], [ 241510.0, 363024.0 ], [ 241510.0, 363026.0 ], [ 241508.0, 363026.0 ], [ 241508.0, 363030.0 ], [ 241506.0, 363030.0 ], [ 241506.0, 363032.0 ], [ 241504.0, 363032.0 ], [ 241504.0, 363038.0 ], [ 241502.0, 363038.0 ], [ 241502.0, 363040.0 ], [ 241500.0, 363040.0 ], [ 241500.0, 363042.0 ], [ 241496.0, 363042.0 ], [ 241496.0, 363044.0 ], [ 241492.0, 363044.0 ], [ 241492.0, 363046.0 ], [ 241490.0, 363046.0 ], [ 241490.0, 363048.0 ], [ 241486.0, 363048.0 ], [ 241486.0, 363050.0 ], [ 241484.0, 363050.0 ], [ 241484.0, 363052.0 ], [ 241482.0, 363052.0 ], [ 241482.0, 363054.0 ], [ 241480.0, 363054.0 ], [ 241480.0, 363056.0 ], [ 241478.0, 363056.0 ], [ 241478.0, 363058.0 ], [ 241476.0, 363058.0 ], [ 241476.0, 363062.0 ], [ 241474.0, 363062.0 ], [ 241474.0, 363064.0 ], [ 241472.0, 363064.0 ], [ 241472.0, 363068.0 ], [ 241470.0, 363068.0 ], [ 241470.0, 363070.0 ], [ 241468.0, 363070.0 ], [ 241468.0, 363074.0 ], [ 241466.0, 363074.0 ], [ 241466.0, 363078.0 ], [ 241464.0, 363078.0 ], [ 241464.0, 363082.0 ], [ 241462.0, 363082.0 ], [ 241462.0, 363084.0 ], [ 241434.0, 363084.0 ], [ 241434.0, 363058.0 ], [ 241432.0, 363058.0 ] ], [ [ 241786.0, 363018.0 ], [ 241786.0, 363016.0 ], [ 241782.0, 363016.0 ], [ 241782.0, 363014.0 ], [ 241780.0, 363014.0 ], [ 241780.0, 363012.0 ], [ 241778.0, 363012.0 ], [ 241778.0, 363010.0 ], [ 241776.0, 363010.0 ], [ 241776.0, 363008.0 ], [ 241774.0, 363008.0 ], [ 241774.0, 363006.0 ], [ 241772.0, 363006.0 ], [ 241772.0, 363004.0 ], [ 241770.0, 363004.0 ], [ 241770.0, 363002.0 ], [ 241768.0, 363002.0 ], [ 241768.0, 362998.0 ], [ 241766.0, 362998.0 ], [ 241766.0, 362996.0 ], [ 241764.0, 362996.0 ], [ 241764.0, 362992.0 ], [ 241762.0, 362992.0 ], [ 241762.0, 362990.0 ], [ 241760.0, 362990.0 ], [ 241760.0, 362988.0 ], [ 241758.0, 362988.0 ], [ 241758.0, 362984.0 ], [ 241756.0, 362984.0 ], [ 241756.0, 362980.0 ], [ 241754.0, 362980.0 ], [ 241754.0, 362976.0 ], [ 241752.0, 362976.0 ], [ 241752.0, 362970.0 ], [ 241750.0, 362970.0 ], [ 241750.0, 362966.0 ], [ 241748.0, 362966.0 ], [ 241748.0, 362962.0 ], [ 241746.0, 362962.0 ], [ 241746.0, 362958.0 ], [ 241744.0, 362958.0 ], [ 241744.0, 362954.0 ], [ 241742.0, 362954.0 ], [ 241742.0, 362952.0 ], [ 241740.0, 362952.0 ], [ 241740.0, 362948.0 ], [ 241738.0, 362948.0 ], [ 241738.0, 362946.0 ], [ 241736.0, 362946.0 ], [ 241736.0, 362944.0 ], [ 241734.0, 362944.0 ], [ 241734.0, 362942.0 ], [ 241732.0, 362942.0 ], [ 241732.0, 362938.0 ], [ 241730.0, 362938.0 ], [ 241730.0, 362934.0 ], [ 241728.0, 362934.0 ], [ 241728.0, 362930.0 ], [ 241726.0, 362930.0 ], [ 241726.0, 362924.0 ], [ 241724.0, 362924.0 ], [ 241724.0, 362920.0 ], [ 241722.0, 362920.0 ], [ 241722.0, 362916.0 ], [ 241720.0, 362916.0 ], [ 241720.0, 362914.0 ], [ 241718.0, 362914.0 ], [ 241718.0, 362910.0 ], [ 241716.0, 362910.0 ], [ 241716.0, 362908.0 ], [ 241714.0, 362908.0 ], [ 241714.0, 362906.0 ], [ 241712.0, 362906.0 ], [ 241712.0, 362902.0 ], [ 241710.0, 362902.0 ], [ 241710.0, 362900.0 ], [ 241708.0, 362900.0 ], [ 241708.0, 362898.0 ], [ 241706.0, 362898.0 ], [ 241706.0, 362894.0 ], [ 241704.0, 362894.0 ], [ 241704.0, 362892.0 ], [ 241702.0, 362892.0 ], [ 241702.0, 362890.0 ], [ 241700.0, 362890.0 ], [ 241700.0, 362888.0 ], [ 241698.0, 362888.0 ], [ 241698.0, 362884.0 ], [ 241696.0, 362884.0 ], [ 241696.0, 362882.0 ], [ 241694.0, 362882.0 ], [ 241694.0, 362880.0 ], [ 241692.0, 362880.0 ], [ 241692.0, 362878.0 ], [ 241690.0, 362878.0 ], [ 241690.0, 362876.0 ], [ 241688.0, 362876.0 ], [ 241688.0, 362872.0 ], [ 241686.0, 362872.0 ], [ 241686.0, 362870.0 ], [ 241684.0, 362870.0 ], [ 241684.0, 362868.0 ], [ 241682.0, 362868.0 ], [ 241682.0, 362866.0 ], [ 241680.0, 362866.0 ], [ 241680.0, 362862.0 ], [ 241678.0, 362862.0 ], [ 241678.0, 362860.0 ], [ 241676.0, 362860.0 ], [ 241676.0, 362858.0 ], [ 241674.0, 362858.0 ], [ 241674.0, 362854.0 ], [ 241672.0, 362854.0 ], [ 241672.0, 362852.0 ], [ 241670.0, 362852.0 ], [ 241670.0, 362848.0 ], [ 241668.0, 362848.0 ], [ 241668.0, 362846.0 ], [ 241666.0, 362846.0 ], [ 241666.0, 362842.0 ], [ 241664.0, 362842.0 ], [ 241664.0, 362840.0 ], [ 241662.0, 362840.0 ], [ 241662.0, 362836.0 ], [ 241660.0, 362836.0 ], [ 241660.0, 362834.0 ], [ 241658.0, 362834.0 ], [ 241658.0, 362830.0 ], [ 241656.0, 362830.0 ], [ 241656.0, 362826.0 ], [ 241654.0, 362826.0 ], [ 241654.0, 362808.0 ], [ 241656.0, 362808.0 ], [ 241656.0, 362804.0 ], [ 241658.0, 362804.0 ], [ 241658.0, 362800.0 ], [ 241660.0, 362800.0 ], [ 241660.0, 362798.0 ], [ 241662.0, 362798.0 ], [ 241662.0, 362754.0 ], [ 241660.0, 362754.0 ], [ 241660.0, 362740.0 ], [ 241658.0, 362740.0 ], [ 241658.0, 362736.0 ], [ 241656.0, 362736.0 ], [ 241656.0, 362730.0 ], [ 241654.0, 362730.0 ], [ 241654.0, 362724.0 ], [ 241652.0, 362724.0 ], [ 241652.0, 362720.0 ], [ 241650.0, 362720.0 ], [ 241650.0, 362716.0 ], [ 241648.0, 362716.0 ], [ 241648.0, 362712.0 ], [ 241646.0, 362712.0 ], [ 241646.0, 362708.0 ], [ 241644.0, 362708.0 ], [ 241644.0, 362706.0 ], [ 241642.0, 362706.0 ], [ 241642.0, 362702.0 ], [ 241640.0, 362702.0 ], [ 241640.0, 362700.0 ], [ 241638.0, 362700.0 ], [ 241638.0, 362698.0 ], [ 241636.0, 362698.0 ], [ 241636.0, 362694.0 ], [ 241638.0, 362694.0 ], [ 241638.0, 362692.0 ], [ 241640.0, 362692.0 ], [ 241640.0, 362690.0 ], [ 241642.0, 362690.0 ], [ 241642.0, 362652.0 ], [ 241640.0, 362652.0 ], [ 241640.0, 362642.0 ], [ 241638.0, 362642.0 ], [ 241638.0, 362636.0 ], [ 241636.0, 362636.0 ], [ 241636.0, 362612.0 ], [ 241634.0, 362612.0 ], [ 241634.0, 362610.0 ], [ 241632.0, 362610.0 ], [ 241632.0, 362608.0 ], [ 241628.0, 362608.0 ], [ 241628.0, 362606.0 ], [ 241626.0, 362606.0 ], [ 241626.0, 362604.0 ], [ 241624.0, 362604.0 ], [ 241624.0, 362602.0 ], [ 241622.0, 362602.0 ], [ 241622.0, 362596.0 ], [ 241624.0, 362596.0 ], [ 241624.0, 362594.0 ], [ 241626.0, 362594.0 ], [ 241626.0, 362592.0 ], [ 241628.0, 362592.0 ], [ 241628.0, 362590.0 ], [ 241630.0, 362590.0 ], [ 241630.0, 362588.0 ], [ 241632.0, 362588.0 ], [ 241632.0, 362584.0 ], [ 241634.0, 362584.0 ], [ 241634.0, 362582.0 ], [ 241636.0, 362582.0 ], [ 241636.0, 362580.0 ], [ 241640.0, 362580.0 ], [ 241640.0, 362584.0 ], [ 241642.0, 362584.0 ], [ 241642.0, 362588.0 ], [ 241644.0, 362588.0 ], [ 241644.0, 362592.0 ], [ 241646.0, 362592.0 ], [ 241646.0, 362594.0 ], [ 241648.0, 362594.0 ], [ 241648.0, 362598.0 ], [ 241650.0, 362598.0 ], [ 241650.0, 362600.0 ], [ 241652.0, 362600.0 ], [ 241652.0, 362602.0 ], [ 241654.0, 362602.0 ], [ 241654.0, 362604.0 ], [ 241656.0, 362604.0 ], [ 241656.0, 362606.0 ], [ 241658.0, 362606.0 ], [ 241658.0, 362608.0 ], [ 241660.0, 362608.0 ], [ 241660.0, 362610.0 ], [ 241664.0, 362610.0 ], [ 241664.0, 362614.0 ], [ 241666.0, 362614.0 ], [ 241666.0, 362616.0 ], [ 241668.0, 362616.0 ], [ 241668.0, 362618.0 ], [ 241670.0, 362618.0 ], [ 241670.0, 362624.0 ], [ 241672.0, 362624.0 ], [ 241672.0, 362638.0 ], [ 241674.0, 362638.0 ], [ 241674.0, 362648.0 ], [ 241676.0, 362648.0 ], [ 241676.0, 362654.0 ], [ 241678.0, 362654.0 ], [ 241678.0, 362660.0 ], [ 241680.0, 362660.0 ], [ 241680.0, 362666.0 ], [ 241682.0, 362666.0 ], [ 241682.0, 362670.0 ], [ 241684.0, 362670.0 ], [ 241684.0, 362674.0 ], [ 241686.0, 362674.0 ], [ 241686.0, 362680.0 ], [ 241688.0, 362680.0 ], [ 241688.0, 362684.0 ], [ 241690.0, 362684.0 ], [ 241690.0, 362688.0 ], [ 241692.0, 362688.0 ], [ 241692.0, 362694.0 ], [ 241694.0, 362694.0 ], [ 241694.0, 362698.0 ], [ 241696.0, 362698.0 ], [ 241696.0, 362704.0 ], [ 241698.0, 362704.0 ], [ 241698.0, 362708.0 ], [ 241700.0, 362708.0 ], [ 241700.0, 362710.0 ], [ 241702.0, 362710.0 ], [ 241702.0, 362714.0 ], [ 241704.0, 362714.0 ], [ 241704.0, 362716.0 ], [ 241706.0, 362716.0 ], [ 241706.0, 362720.0 ], [ 241708.0, 362720.0 ], [ 241708.0, 362722.0 ], [ 241712.0, 362722.0 ], [ 241712.0, 362724.0 ], [ 241714.0, 362724.0 ], [ 241714.0, 362726.0 ], [ 241718.0, 362726.0 ], [ 241718.0, 362728.0 ], [ 241722.0, 362728.0 ], [ 241722.0, 362730.0 ], [ 241724.0, 362730.0 ], [ 241724.0, 362732.0 ], [ 241726.0, 362732.0 ], [ 241726.0, 362734.0 ], [ 241728.0, 362734.0 ], [ 241728.0, 362736.0 ], [ 241730.0, 362736.0 ], [ 241730.0, 362738.0 ], [ 241732.0, 362738.0 ], [ 241732.0, 362740.0 ], [ 241734.0, 362740.0 ], [ 241734.0, 362742.0 ], [ 241736.0, 362742.0 ], [ 241736.0, 362744.0 ], [ 241738.0, 362744.0 ], [ 241738.0, 362746.0 ], [ 241740.0, 362746.0 ], [ 241740.0, 362748.0 ], [ 241742.0, 362748.0 ], [ 241742.0, 362750.0 ], [ 241746.0, 362750.0 ], [ 241746.0, 362752.0 ], [ 241750.0, 362752.0 ], [ 241750.0, 362754.0 ], [ 241752.0, 362754.0 ], [ 241752.0, 362756.0 ], [ 241756.0, 362756.0 ], [ 241756.0, 362758.0 ], [ 241760.0, 362758.0 ], [ 241760.0, 362760.0 ], [ 241762.0, 362760.0 ], [ 241762.0, 362762.0 ], [ 241764.0, 362762.0 ], [ 241764.0, 362764.0 ], [ 241766.0, 362764.0 ], [ 241766.0, 362766.0 ], [ 241768.0, 362766.0 ], [ 241768.0, 362768.0 ], [ 241770.0, 362768.0 ], [ 241770.0, 362770.0 ], [ 241772.0, 362770.0 ], [ 241772.0, 362772.0 ], [ 241774.0, 362772.0 ], [ 241774.0, 362774.0 ], [ 241778.0, 362774.0 ], [ 241778.0, 362772.0 ], [ 241780.0, 362772.0 ], [ 241780.0, 362770.0 ], [ 241782.0, 362770.0 ], [ 241782.0, 362768.0 ], [ 241784.0, 362768.0 ], [ 241784.0, 362766.0 ], [ 241800.0, 362766.0 ], [ 241800.0, 362764.0 ], [ 241824.0, 362764.0 ], [ 241824.0, 362766.0 ], [ 241814.0, 362766.0 ], [ 241814.0, 362768.0 ], [ 241812.0, 362768.0 ], [ 241812.0, 362876.0 ], [ 241810.0, 362876.0 ], [ 241810.0, 362878.0 ], [ 241808.0, 362878.0 ], [ 241808.0, 362884.0 ], [ 241810.0, 362884.0 ], [ 241810.0, 362886.0 ], [ 241812.0, 362886.0 ], [ 241812.0, 362890.0 ], [ 241814.0, 362890.0 ], [ 241814.0, 362896.0 ], [ 241816.0, 362896.0 ], [ 241816.0, 362898.0 ], [ 241818.0, 362898.0 ], [ 241818.0, 362902.0 ], [ 241820.0, 362902.0 ], [ 241820.0, 362904.0 ], [ 241822.0, 362904.0 ], [ 241822.0, 362908.0 ], [ 241824.0, 362908.0 ], [ 241824.0, 362910.0 ], [ 241826.0, 362910.0 ], [ 241826.0, 362914.0 ], [ 241828.0, 362914.0 ], [ 241828.0, 362916.0 ], [ 241830.0, 362916.0 ], [ 241830.0, 362920.0 ], [ 241832.0, 362920.0 ], [ 241832.0, 362922.0 ], [ 241834.0, 362922.0 ], [ 241834.0, 362924.0 ], [ 241836.0, 362924.0 ], [ 241836.0, 362928.0 ], [ 241838.0, 362928.0 ], [ 241838.0, 362932.0 ], [ 241840.0, 362932.0 ], [ 241840.0, 362936.0 ], [ 241842.0, 362936.0 ], [ 241842.0, 362940.0 ], [ 241844.0, 362940.0 ], [ 241844.0, 362944.0 ], [ 241846.0, 362944.0 ], [ 241846.0, 362946.0 ], [ 241848.0, 362946.0 ], [ 241848.0, 362950.0 ], [ 241850.0, 362950.0 ], [ 241850.0, 362988.0 ], [ 241848.0, 362988.0 ], [ 241848.0, 363002.0 ], [ 241846.0, 363002.0 ], [ 241846.0, 363004.0 ], [ 241814.0, 363004.0 ], [ 241814.0, 363006.0 ], [ 241812.0, 363006.0 ], [ 241812.0, 363020.0 ], [ 241796.0, 363020.0 ], [ 241796.0, 363018.0 ], [ 241786.0, 363018.0 ] ], [ [ 241458.0, 363000.0 ], [ 241458.0, 362998.0 ], [ 241452.0, 362998.0 ], [ 241452.0, 362996.0 ], [ 241446.0, 362996.0 ], [ 241446.0, 362994.0 ], [ 241412.0, 362994.0 ], [ 241412.0, 362974.0 ], [ 241410.0, 362974.0 ], [ 241410.0, 362970.0 ], [ 241408.0, 362970.0 ], [ 241408.0, 362966.0 ], [ 241406.0, 362966.0 ], [ 241406.0, 362962.0 ], [ 241404.0, 362962.0 ], [ 241404.0, 362960.0 ], [ 241402.0, 362960.0 ], [ 241402.0, 362952.0 ], [ 241404.0, 362952.0 ], [ 241404.0, 362950.0 ], [ 241406.0, 362950.0 ], [ 241406.0, 362948.0 ], [ 241408.0, 362948.0 ], [ 241408.0, 362944.0 ], [ 241410.0, 362944.0 ], [ 241410.0, 362942.0 ], [ 241412.0, 362942.0 ], [ 241412.0, 362938.0 ], [ 241414.0, 362938.0 ], [ 241414.0, 362936.0 ], [ 241416.0, 362936.0 ], [ 241416.0, 362932.0 ], [ 241418.0, 362932.0 ], [ 241418.0, 362928.0 ], [ 241420.0, 362928.0 ], [ 241420.0, 362922.0 ], [ 241422.0, 362922.0 ], [ 241422.0, 362918.0 ], [ 241424.0, 362918.0 ], [ 241424.0, 362914.0 ], [ 241426.0, 362914.0 ], [ 241426.0, 362910.0 ], [ 241428.0, 362910.0 ], [ 241428.0, 362906.0 ], [ 241430.0, 362906.0 ], [ 241430.0, 362904.0 ], [ 241432.0, 362904.0 ], [ 241432.0, 362900.0 ], [ 241436.0, 362900.0 ], [ 241436.0, 362898.0 ], [ 241438.0, 362898.0 ], [ 241438.0, 362896.0 ], [ 241446.0, 362896.0 ], [ 241446.0, 362894.0 ], [ 241450.0, 362894.0 ], [ 241450.0, 362892.0 ], [ 241452.0, 362892.0 ], [ 241452.0, 362890.0 ], [ 241454.0, 362890.0 ], [ 241454.0, 362888.0 ], [ 241456.0, 362888.0 ], [ 241456.0, 362886.0 ], [ 241458.0, 362886.0 ], [ 241458.0, 362884.0 ], [ 241494.0, 362884.0 ], [ 241494.0, 362882.0 ], [ 241496.0, 362882.0 ], [ 241496.0, 362850.0 ], [ 241500.0, 362850.0 ], [ 241500.0, 362852.0 ], [ 241504.0, 362852.0 ], [ 241504.0, 362854.0 ], [ 241506.0, 362854.0 ], [ 241506.0, 362902.0 ], [ 241508.0, 362902.0 ], [ 241508.0, 362910.0 ], [ 241510.0, 362910.0 ], [ 241510.0, 362914.0 ], [ 241512.0, 362914.0 ], [ 241512.0, 362918.0 ], [ 241514.0, 362918.0 ], [ 241514.0, 362926.0 ], [ 241516.0, 362926.0 ], [ 241516.0, 362932.0 ], [ 241518.0, 362932.0 ], [ 241518.0, 362938.0 ], [ 241520.0, 362938.0 ], [ 241520.0, 362944.0 ], [ 241522.0, 362944.0 ], [ 241522.0, 362954.0 ], [ 241524.0, 362954.0 ], [ 241524.0, 362964.0 ], [ 241526.0, 362964.0 ], [ 241526.0, 362976.0 ], [ 241528.0, 362976.0 ], [ 241528.0, 362992.0 ], [ 241526.0, 362992.0 ], [ 241526.0, 363002.0 ], [ 241466.0, 363002.0 ], [ 241466.0, 363000.0 ], [ 241458.0, 363000.0 ] ], [ [ 241892.0, 362964.0 ], [ 241892.0, 362962.0 ], [ 241890.0, 362962.0 ], [ 241890.0, 362960.0 ], [ 241886.0, 362960.0 ], [ 241886.0, 362958.0 ], [ 241882.0, 362958.0 ], [ 241882.0, 362956.0 ], [ 241878.0, 362956.0 ], [ 241878.0, 362954.0 ], [ 241868.0, 362954.0 ], [ 241868.0, 362952.0 ], [ 241862.0, 362952.0 ], [ 241862.0, 362950.0 ], [ 241852.0, 362950.0 ], [ 241852.0, 362946.0 ], [ 241850.0, 362946.0 ], [ 241850.0, 362944.0 ], [ 241848.0, 362944.0 ], [ 241848.0, 362940.0 ], [ 241846.0, 362940.0 ], [ 241846.0, 362936.0 ], [ 241844.0, 362936.0 ], [ 241844.0, 362932.0 ], [ 241842.0, 362932.0 ], [ 241842.0, 362928.0 ], [ 241840.0, 362928.0 ], [ 241840.0, 362924.0 ], [ 241838.0, 362924.0 ], [ 241838.0, 362922.0 ], [ 241836.0, 362922.0 ], [ 241836.0, 362920.0 ], [ 241834.0, 362920.0 ], [ 241834.0, 362916.0 ], [ 241832.0, 362916.0 ], [ 241832.0, 362914.0 ], [ 241830.0, 362914.0 ], [ 241830.0, 362910.0 ], [ 241828.0, 362910.0 ], [ 241828.0, 362908.0 ], [ 241826.0, 362908.0 ], [ 241826.0, 362904.0 ], [ 241824.0, 362904.0 ], [ 241824.0, 362902.0 ], [ 241822.0, 362902.0 ], [ 241822.0, 362898.0 ], [ 241820.0, 362898.0 ], [ 241820.0, 362896.0 ], [ 241818.0, 362896.0 ], [ 241818.0, 362890.0 ], [ 241816.0, 362890.0 ], [ 241816.0, 362886.0 ], [ 241814.0, 362886.0 ], [ 241814.0, 362884.0 ], [ 241812.0, 362884.0 ], [ 241812.0, 362878.0 ], [ 241814.0, 362878.0 ], [ 241814.0, 362876.0 ], [ 241816.0, 362876.0 ], [ 241816.0, 362770.0 ], [ 241824.0, 362770.0 ], [ 241824.0, 362768.0 ], [ 241828.0, 362768.0 ], [ 241828.0, 362766.0 ], [ 241830.0, 362766.0 ], [ 241830.0, 362764.0 ], [ 241832.0, 362764.0 ], [ 241832.0, 362762.0 ], [ 241834.0, 362762.0 ], [ 241834.0, 362758.0 ], [ 241836.0, 362758.0 ], [ 241836.0, 362746.0 ], [ 241834.0, 362746.0 ], [ 241834.0, 362738.0 ], [ 241832.0, 362738.0 ], [ 241832.0, 362732.0 ], [ 241912.0, 362732.0 ], [ 241912.0, 362734.0 ], [ 241918.0, 362734.0 ], [ 241918.0, 362736.0 ], [ 241922.0, 362736.0 ], [ 241922.0, 362738.0 ], [ 241928.0, 362738.0 ], [ 241928.0, 362740.0 ], [ 241930.0, 362740.0 ], [ 241930.0, 362742.0 ], [ 241934.0, 362742.0 ], [ 241934.0, 362744.0 ], [ 241936.0, 362744.0 ], [ 241936.0, 362748.0 ], [ 241938.0, 362748.0 ], [ 241938.0, 362750.0 ], [ 241940.0, 362750.0 ], [ 241940.0, 362752.0 ], [ 241942.0, 362752.0 ], [ 241942.0, 362756.0 ], [ 241944.0, 362756.0 ], [ 241944.0, 362758.0 ], [ 241946.0, 362758.0 ], [ 241946.0, 362762.0 ], [ 241948.0, 362762.0 ], [ 241948.0, 362764.0 ], [ 241950.0, 362764.0 ], [ 241950.0, 362768.0 ], [ 241952.0, 362768.0 ], [ 241952.0, 362770.0 ], [ 241954.0, 362770.0 ], [ 241954.0, 362774.0 ], [ 241956.0, 362774.0 ], [ 241956.0, 362776.0 ], [ 241958.0, 362776.0 ], [ 241958.0, 362780.0 ], [ 241960.0, 362780.0 ], [ 241960.0, 362782.0 ], [ 241962.0, 362782.0 ], [ 241962.0, 362784.0 ], [ 241964.0, 362784.0 ], [ 241964.0, 362786.0 ], [ 241966.0, 362786.0 ], [ 241966.0, 362788.0 ], [ 241968.0, 362788.0 ], [ 241968.0, 362790.0 ], [ 241970.0, 362790.0 ], [ 241970.0, 362792.0 ], [ 241972.0, 362792.0 ], [ 241972.0, 362794.0 ], [ 241974.0, 362794.0 ], [ 241974.0, 362796.0 ], [ 241976.0, 362796.0 ], [ 241976.0, 362798.0 ], [ 241978.0, 362798.0 ], [ 241978.0, 362800.0 ], [ 241982.0, 362800.0 ], [ 241982.0, 362802.0 ], [ 241984.0, 362802.0 ], [ 241984.0, 362804.0 ], [ 241988.0, 362804.0 ], [ 241988.0, 362806.0 ], [ 241990.0, 362806.0 ], [ 241990.0, 362808.0 ], [ 241994.0, 362808.0 ], [ 241994.0, 362810.0 ], [ 241998.0, 362810.0 ], [ 241998.0, 362812.0 ], [ 242000.0, 362812.0 ], [ 242000.0, 362814.0 ], [ 242002.0, 362814.0 ], [ 242002.0, 362816.0 ], [ 242006.0, 362816.0 ], [ 242006.0, 362818.0 ], [ 242008.0, 362818.0 ], [ 242008.0, 362820.0 ], [ 242010.0, 362820.0 ], [ 242010.0, 362822.0 ], [ 242012.0, 362822.0 ], [ 242012.0, 362824.0 ], [ 242014.0, 362824.0 ], [ 242014.0, 362826.0 ], [ 242016.0, 362826.0 ], [ 242016.0, 362828.0 ], [ 242018.0, 362828.0 ], [ 242018.0, 362830.0 ], [ 242020.0, 362830.0 ], [ 242020.0, 362832.0 ], [ 242022.0, 362832.0 ], [ 242022.0, 362902.0 ], [ 242020.0, 362902.0 ], [ 242020.0, 362928.0 ], [ 242006.0, 362928.0 ], [ 242006.0, 362930.0 ], [ 241996.0, 362930.0 ], [ 241996.0, 362932.0 ], [ 241994.0, 362932.0 ], [ 241994.0, 362934.0 ], [ 241988.0, 362934.0 ], [ 241988.0, 362936.0 ], [ 241978.0, 362936.0 ], [ 241978.0, 362938.0 ], [ 241968.0, 362938.0 ], [ 241968.0, 362940.0 ], [ 241966.0, 362940.0 ], [ 241966.0, 362942.0 ], [ 241964.0, 362942.0 ], [ 241964.0, 362946.0 ], [ 241962.0, 362946.0 ], [ 241962.0, 362952.0 ], [ 241960.0, 362952.0 ], [ 241960.0, 362958.0 ], [ 241958.0, 362958.0 ], [ 241958.0, 362962.0 ], [ 241956.0, 362962.0 ], [ 241956.0, 362966.0 ], [ 241954.0, 362966.0 ], [ 241954.0, 362964.0 ], [ 241952.0, 362964.0 ], [ 241952.0, 362962.0 ], [ 241948.0, 362962.0 ], [ 241948.0, 362960.0 ], [ 241944.0, 362960.0 ], [ 241944.0, 362958.0 ], [ 241940.0, 362958.0 ], [ 241940.0, 362956.0 ], [ 241938.0, 362956.0 ], [ 241938.0, 362954.0 ], [ 241902.0, 362954.0 ], [ 241902.0, 362956.0 ], [ 241900.0, 362956.0 ], [ 241900.0, 362960.0 ], [ 241898.0, 362960.0 ], [ 241898.0, 362964.0 ], [ 241896.0, 362964.0 ], [ 241896.0, 362966.0 ], [ 241894.0, 362966.0 ], [ 241894.0, 362964.0 ], [ 241892.0, 362964.0 ] ], [ [ 241490.0, 362844.0 ], [ 241490.0, 362842.0 ], [ 241488.0, 362842.0 ], [ 241488.0, 362840.0 ], [ 241484.0, 362840.0 ], [ 241484.0, 362838.0 ], [ 241482.0, 362838.0 ], [ 241482.0, 362836.0 ], [ 241478.0, 362836.0 ], [ 241478.0, 362834.0 ], [ 241476.0, 362834.0 ], [ 241476.0, 362832.0 ], [ 241474.0, 362832.0 ], [ 241474.0, 362830.0 ], [ 241472.0, 362830.0 ], [ 241472.0, 362828.0 ], [ 241470.0, 362828.0 ], [ 241470.0, 362826.0 ], [ 241468.0, 362826.0 ], [ 241468.0, 362824.0 ], [ 241466.0, 362824.0 ], [ 241466.0, 362822.0 ], [ 241462.0, 362822.0 ], [ 241462.0, 362820.0 ], [ 241460.0, 362820.0 ], [ 241460.0, 362818.0 ], [ 241422.0, 362818.0 ], [ 241422.0, 362820.0 ], [ 241418.0, 362820.0 ], [ 241418.0, 362822.0 ], [ 241408.0, 362822.0 ], [ 241408.0, 362824.0 ], [ 241398.0, 362824.0 ], [ 241398.0, 362822.0 ], [ 241396.0, 362822.0 ], [ 241396.0, 362820.0 ], [ 241394.0, 362820.0 ], [ 241394.0, 362818.0 ], [ 241392.0, 362818.0 ], [ 241392.0, 362816.0 ], [ 241390.0, 362816.0 ], [ 241390.0, 362812.0 ], [ 241388.0, 362812.0 ], [ 241388.0, 362808.0 ], [ 241386.0, 362808.0 ], [ 241386.0, 362804.0 ], [ 241384.0, 362804.0 ], [ 241384.0, 362796.0 ], [ 241382.0, 362796.0 ], [ 241382.0, 362788.0 ], [ 241380.0, 362788.0 ], [ 241380.0, 362774.0 ], [ 241382.0, 362774.0 ], [ 241382.0, 362770.0 ], [ 241384.0, 362770.0 ], [ 241384.0, 362768.0 ], [ 241386.0, 362768.0 ], [ 241386.0, 362766.0 ], [ 241388.0, 362766.0 ], [ 241388.0, 362764.0 ], [ 241390.0, 362764.0 ], [ 241390.0, 362762.0 ], [ 241392.0, 362762.0 ], [ 241392.0, 362760.0 ], [ 241394.0, 362760.0 ], [ 241394.0, 362758.0 ], [ 241396.0, 362758.0 ], [ 241396.0, 362756.0 ], [ 241398.0, 362756.0 ], [ 241398.0, 362754.0 ], [ 241400.0, 362754.0 ], [ 241400.0, 362752.0 ], [ 241404.0, 362752.0 ], [ 241404.0, 362750.0 ], [ 241406.0, 362750.0 ], [ 241406.0, 362748.0 ], [ 241408.0, 362748.0 ], [ 241408.0, 362746.0 ], [ 241410.0, 362746.0 ], [ 241410.0, 362744.0 ], [ 241412.0, 362744.0 ], [ 241412.0, 362742.0 ], [ 241414.0, 362742.0 ], [ 241414.0, 362740.0 ], [ 241418.0, 362740.0 ], [ 241418.0, 362738.0 ], [ 241420.0, 362738.0 ], [ 241420.0, 362736.0 ], [ 241422.0, 362736.0 ], [ 241422.0, 362734.0 ], [ 241424.0, 362734.0 ], [ 241424.0, 362732.0 ], [ 241426.0, 362732.0 ], [ 241426.0, 362730.0 ], [ 241428.0, 362730.0 ], [ 241428.0, 362728.0 ], [ 241430.0, 362728.0 ], [ 241430.0, 362724.0 ], [ 241432.0, 362724.0 ], [ 241432.0, 362722.0 ], [ 241454.0, 362722.0 ], [ 241454.0, 362724.0 ], [ 241456.0, 362724.0 ], [ 241456.0, 362726.0 ], [ 241458.0, 362726.0 ], [ 241458.0, 362730.0 ], [ 241460.0, 362730.0 ], [ 241460.0, 362734.0 ], [ 241462.0, 362734.0 ], [ 241462.0, 362738.0 ], [ 241464.0, 362738.0 ], [ 241464.0, 362740.0 ], [ 241466.0, 362740.0 ], [ 241466.0, 362744.0 ], [ 241468.0, 362744.0 ], [ 241468.0, 362752.0 ], [ 241470.0, 362752.0 ], [ 241470.0, 362758.0 ], [ 241472.0, 362758.0 ], [ 241472.0, 362764.0 ], [ 241474.0, 362764.0 ], [ 241474.0, 362766.0 ], [ 241476.0, 362766.0 ], [ 241476.0, 362768.0 ], [ 241478.0, 362768.0 ], [ 241478.0, 362770.0 ], [ 241480.0, 362770.0 ], [ 241480.0, 362772.0 ], [ 241482.0, 362772.0 ], [ 241482.0, 362774.0 ], [ 241486.0, 362774.0 ], [ 241486.0, 362776.0 ], [ 241490.0, 362776.0 ], [ 241490.0, 362778.0 ], [ 241494.0, 362778.0 ], [ 241494.0, 362780.0 ], [ 241498.0, 362780.0 ], [ 241498.0, 362784.0 ], [ 241500.0, 362784.0 ], [ 241500.0, 362786.0 ], [ 241502.0, 362786.0 ], [ 241502.0, 362790.0 ], [ 241504.0, 362790.0 ], [ 241504.0, 362794.0 ], [ 241506.0, 362794.0 ], [ 241506.0, 362798.0 ], [ 241508.0, 362798.0 ], [ 241508.0, 362802.0 ], [ 241510.0, 362802.0 ], [ 241510.0, 362806.0 ], [ 241512.0, 362806.0 ], [ 241512.0, 362814.0 ], [ 241514.0, 362814.0 ], [ 241514.0, 362840.0 ], [ 241512.0, 362840.0 ], [ 241512.0, 362842.0 ], [ 241510.0, 362842.0 ], [ 241510.0, 362844.0 ], [ 241504.0, 362844.0 ], [ 241504.0, 362846.0 ], [ 241496.0, 362846.0 ], [ 241496.0, 362844.0 ], [ 241490.0, 362844.0 ] ], [ [ 241648.0, 362804.0 ], [ 241648.0, 362802.0 ], [ 241646.0, 362802.0 ], [ 241646.0, 362800.0 ], [ 241642.0, 362800.0 ], [ 241642.0, 362798.0 ], [ 241636.0, 362798.0 ], [ 241636.0, 362796.0 ], [ 241626.0, 362796.0 ], [ 241626.0, 362794.0 ], [ 241612.0, 362794.0 ], [ 241612.0, 362792.0 ], [ 241606.0, 362792.0 ], [ 241606.0, 362790.0 ], [ 241602.0, 362790.0 ], [ 241602.0, 362788.0 ], [ 241600.0, 362788.0 ], [ 241600.0, 362786.0 ], [ 241598.0, 362786.0 ], [ 241598.0, 362784.0 ], [ 241594.0, 362784.0 ], [ 241594.0, 362782.0 ], [ 241592.0, 362782.0 ], [ 241592.0, 362780.0 ], [ 241590.0, 362780.0 ], [ 241590.0, 362778.0 ], [ 241586.0, 362778.0 ], [ 241586.0, 362776.0 ], [ 241584.0, 362776.0 ], [ 241584.0, 362774.0 ], [ 241582.0, 362774.0 ], [ 241582.0, 362772.0 ], [ 241580.0, 362772.0 ], [ 241580.0, 362770.0 ], [ 241578.0, 362770.0 ], [ 241578.0, 362768.0 ], [ 241576.0, 362768.0 ], [ 241576.0, 362766.0 ], [ 241574.0, 362766.0 ], [ 241574.0, 362764.0 ], [ 241572.0, 362764.0 ], [ 241572.0, 362762.0 ], [ 241568.0, 362762.0 ], [ 241568.0, 362760.0 ], [ 241566.0, 362760.0 ], [ 241566.0, 362758.0 ], [ 241564.0, 362758.0 ], [ 241564.0, 362756.0 ], [ 241562.0, 362756.0 ], [ 241562.0, 362754.0 ], [ 241558.0, 362754.0 ], [ 241558.0, 362752.0 ], [ 241550.0, 362752.0 ], [ 241550.0, 362720.0 ], [ 241552.0, 362720.0 ], [ 241552.0, 362712.0 ], [ 241550.0, 362712.0 ], [ 241550.0, 362702.0 ], [ 241548.0, 362702.0 ], [ 241548.0, 362694.0 ], [ 241546.0, 362694.0 ], [ 241546.0, 362686.0 ], [ 241544.0, 362686.0 ], [ 241544.0, 362680.0 ], [ 241542.0, 362680.0 ], [ 241542.0, 362674.0 ], [ 241540.0, 362674.0 ], [ 241540.0, 362672.0 ], [ 241538.0, 362672.0 ], [ 241538.0, 362666.0 ], [ 241536.0, 362666.0 ], [ 241536.0, 362658.0 ], [ 241534.0, 362658.0 ], [ 241534.0, 362628.0 ], [ 241536.0, 362628.0 ], [ 241536.0, 362626.0 ], [ 241538.0, 362626.0 ], [ 241538.0, 362624.0 ], [ 241540.0, 362624.0 ], [ 241540.0, 362622.0 ], [ 241542.0, 362622.0 ], [ 241542.0, 362620.0 ], [ 241544.0, 362620.0 ], [ 241544.0, 362618.0 ], [ 241546.0, 362618.0 ], [ 241546.0, 362616.0 ], [ 241548.0, 362616.0 ], [ 241548.0, 362614.0 ], [ 241552.0, 362614.0 ], [ 241552.0, 362612.0 ], [ 241554.0, 362612.0 ], [ 241554.0, 362610.0 ], [ 241558.0, 362610.0 ], [ 241558.0, 362608.0 ], [ 241560.0, 362608.0 ], [ 241560.0, 362606.0 ], [ 241562.0, 362606.0 ], [ 241562.0, 362604.0 ], [ 241566.0, 362604.0 ], [ 241566.0, 362602.0 ], [ 241570.0, 362602.0 ], [ 241570.0, 362600.0 ], [ 241574.0, 362600.0 ], [ 241574.0, 362598.0 ], [ 241616.0, 362598.0 ], [ 241616.0, 362600.0 ], [ 241618.0, 362600.0 ], [ 241618.0, 362604.0 ], [ 241620.0, 362604.0 ], [ 241620.0, 362606.0 ], [ 241624.0, 362606.0 ], [ 241624.0, 362608.0 ], [ 241626.0, 362608.0 ], [ 241626.0, 362610.0 ], [ 241628.0, 362610.0 ], [ 241628.0, 362612.0 ], [ 241632.0, 362612.0 ], [ 241632.0, 362636.0 ], [ 241634.0, 362636.0 ], [ 241634.0, 362642.0 ], [ 241636.0, 362642.0 ], [ 241636.0, 362652.0 ], [ 241638.0, 362652.0 ], [ 241638.0, 362690.0 ], [ 241636.0, 362690.0 ], [ 241636.0, 362692.0 ], [ 241634.0, 362692.0 ], [ 241634.0, 362694.0 ], [ 241632.0, 362694.0 ], [ 241632.0, 362698.0 ], [ 241634.0, 362698.0 ], [ 241634.0, 362700.0 ], [ 241636.0, 362700.0 ], [ 241636.0, 362702.0 ], [ 241638.0, 362702.0 ], [ 241638.0, 362706.0 ], [ 241640.0, 362706.0 ], [ 241640.0, 362708.0 ], [ 241642.0, 362708.0 ], [ 241642.0, 362712.0 ], [ 241644.0, 362712.0 ], [ 241644.0, 362716.0 ], [ 241646.0, 362716.0 ], [ 241646.0, 362720.0 ], [ 241648.0, 362720.0 ], [ 241648.0, 362724.0 ], [ 241650.0, 362724.0 ], [ 241650.0, 362730.0 ], [ 241652.0, 362730.0 ], [ 241652.0, 362736.0 ], [ 241654.0, 362736.0 ], [ 241654.0, 362740.0 ], [ 241656.0, 362740.0 ], [ 241656.0, 362754.0 ], [ 241658.0, 362754.0 ], [ 241658.0, 362798.0 ], [ 241656.0, 362798.0 ], [ 241656.0, 362800.0 ], [ 241654.0, 362800.0 ], [ 241654.0, 362804.0 ], [ 241652.0, 362804.0 ], [ 241652.0, 362806.0 ], [ 241650.0, 362806.0 ], [ 241650.0, 362804.0 ], [ 241648.0, 362804.0 ] ], [ [ 241500.0, 362780.0 ], [ 241500.0, 362778.0 ], [ 241498.0, 362778.0 ], [ 241498.0, 362776.0 ], [ 241494.0, 362776.0 ], [ 241494.0, 362774.0 ], [ 241490.0, 362774.0 ], [ 241490.0, 362772.0 ], [ 241486.0, 362772.0 ], [ 241486.0, 362770.0 ], [ 241482.0, 362770.0 ], [ 241482.0, 362768.0 ], [ 241480.0, 362768.0 ], [ 241480.0, 362766.0 ], [ 241478.0, 362766.0 ], [ 241478.0, 362764.0 ], [ 241476.0, 362764.0 ], [ 241476.0, 362758.0 ], [ 241474.0, 362758.0 ], [ 241474.0, 362752.0 ], [ 241472.0, 362752.0 ], [ 241472.0, 362744.0 ], [ 241470.0, 362744.0 ], [ 241470.0, 362740.0 ], [ 241468.0, 362740.0 ], [ 241468.0, 362738.0 ], [ 241466.0, 362738.0 ], [ 241466.0, 362734.0 ], [ 241464.0, 362734.0 ], [ 241464.0, 362730.0 ], [ 241462.0, 362730.0 ], [ 241462.0, 362726.0 ], [ 241460.0, 362726.0 ], [ 241460.0, 362724.0 ], [ 241458.0, 362724.0 ], [ 241458.0, 362722.0 ], [ 241456.0, 362722.0 ], [ 241456.0, 362720.0 ], [ 241454.0, 362720.0 ], [ 241454.0, 362718.0 ], [ 241438.0, 362718.0 ], [ 241438.0, 362716.0 ], [ 241440.0, 362716.0 ], [ 241440.0, 362714.0 ], [ 241442.0, 362714.0 ], [ 241442.0, 362712.0 ], [ 241444.0, 362712.0 ], [ 241444.0, 362710.0 ], [ 241446.0, 362710.0 ], [ 241446.0, 362708.0 ], [ 241448.0, 362708.0 ], [ 241448.0, 362706.0 ], [ 241450.0, 362706.0 ], [ 241450.0, 362704.0 ], [ 241452.0, 362704.0 ], [ 241452.0, 362702.0 ], [ 241454.0, 362702.0 ], [ 241454.0, 362700.0 ], [ 241456.0, 362700.0 ], [ 241456.0, 362696.0 ], [ 241458.0, 362696.0 ], [ 241458.0, 362694.0 ], [ 241460.0, 362694.0 ], [ 241460.0, 362692.0 ], [ 241462.0, 362692.0 ], [ 241462.0, 362690.0 ], [ 241464.0, 362690.0 ], [ 241464.0, 362688.0 ], [ 241466.0, 362688.0 ], [ 241466.0, 362686.0 ], [ 241468.0, 362686.0 ], [ 241468.0, 362684.0 ], [ 241470.0, 362684.0 ], [ 241470.0, 362682.0 ], [ 241472.0, 362682.0 ], [ 241472.0, 362680.0 ], [ 241474.0, 362680.0 ], [ 241474.0, 362678.0 ], [ 241476.0, 362678.0 ], [ 241476.0, 362676.0 ], [ 241478.0, 362676.0 ], [ 241478.0, 362674.0 ], [ 241480.0, 362674.0 ], [ 241480.0, 362672.0 ], [ 241484.0, 362672.0 ], [ 241484.0, 362670.0 ], [ 241486.0, 362670.0 ], [ 241486.0, 362668.0 ], [ 241488.0, 362668.0 ], [ 241488.0, 362666.0 ], [ 241490.0, 362666.0 ], [ 241490.0, 362664.0 ], [ 241492.0, 362664.0 ], [ 241492.0, 362662.0 ], [ 241494.0, 362662.0 ], [ 241494.0, 362660.0 ], [ 241498.0, 362660.0 ], [ 241498.0, 362658.0 ], [ 241500.0, 362658.0 ], [ 241500.0, 362656.0 ], [ 241502.0, 362656.0 ], [ 241502.0, 362654.0 ], [ 241504.0, 362654.0 ], [ 241504.0, 362652.0 ], [ 241508.0, 362652.0 ], [ 241508.0, 362650.0 ], [ 241510.0, 362650.0 ], [ 241510.0, 362648.0 ], [ 241514.0, 362648.0 ], [ 241514.0, 362646.0 ], [ 241516.0, 362646.0 ], [ 241516.0, 362644.0 ], [ 241518.0, 362644.0 ], [ 241518.0, 362642.0 ], [ 241522.0, 362642.0 ], [ 241522.0, 362640.0 ], [ 241524.0, 362640.0 ], [ 241524.0, 362638.0 ], [ 241526.0, 362638.0 ], [ 241526.0, 362636.0 ], [ 241528.0, 362636.0 ], [ 241528.0, 362634.0 ], [ 241530.0, 362634.0 ], [ 241530.0, 362658.0 ], [ 241532.0, 362658.0 ], [ 241532.0, 362666.0 ], [ 241534.0, 362666.0 ], [ 241534.0, 362672.0 ], [ 241536.0, 362672.0 ], [ 241536.0, 362674.0 ], [ 241538.0, 362674.0 ], [ 241538.0, 362680.0 ], [ 241540.0, 362680.0 ], [ 241540.0, 362686.0 ], [ 241542.0, 362686.0 ], [ 241542.0, 362694.0 ], [ 241544.0, 362694.0 ], [ 241544.0, 362702.0 ], [ 241546.0, 362702.0 ], [ 241546.0, 362712.0 ], [ 241548.0, 362712.0 ], [ 241548.0, 362720.0 ], [ 241546.0, 362720.0 ], [ 241546.0, 362750.0 ], [ 241544.0, 362750.0 ], [ 241544.0, 362752.0 ], [ 241542.0, 362752.0 ], [ 241542.0, 362754.0 ], [ 241538.0, 362754.0 ], [ 241538.0, 362756.0 ], [ 241536.0, 362756.0 ], [ 241536.0, 362758.0 ], [ 241534.0, 362758.0 ], [ 241534.0, 362760.0 ], [ 241530.0, 362760.0 ], [ 241530.0, 362762.0 ], [ 241528.0, 362762.0 ], [ 241528.0, 362764.0 ], [ 241524.0, 362764.0 ], [ 241524.0, 362766.0 ], [ 241520.0, 362766.0 ], [ 241520.0, 362768.0 ], [ 241516.0, 362768.0 ], [ 241516.0, 362770.0 ], [ 241514.0, 362770.0 ], [ 241514.0, 362772.0 ], [ 241512.0, 362772.0 ], [ 241512.0, 362774.0 ], [ 241510.0, 362774.0 ], [ 241510.0, 362776.0 ], [ 241508.0, 362776.0 ], [ 241508.0, 362778.0 ], [ 241506.0, 362778.0 ], [ 241506.0, 362780.0 ], [ 241504.0, 362780.0 ], [ 241504.0, 362784.0 ], [ 241502.0, 362784.0 ], [ 241502.0, 362780.0 ], [ 241500.0, 362780.0 ] ], [ [ 241772.0, 362768.0 ], [ 241772.0, 362766.0 ], [ 241770.0, 362766.0 ], [ 241770.0, 362764.0 ], [ 241768.0, 362764.0 ], [ 241768.0, 362762.0 ], [ 241766.0, 362762.0 ], [ 241766.0, 362760.0 ], [ 241764.0, 362760.0 ], [ 241764.0, 362758.0 ], [ 241762.0, 362758.0 ], [ 241762.0, 362756.0 ], [ 241760.0, 362756.0 ], [ 241760.0, 362754.0 ], [ 241756.0, 362754.0 ], [ 241756.0, 362752.0 ], [ 241752.0, 362752.0 ], [ 241752.0, 362750.0 ], [ 241750.0, 362750.0 ], [ 241750.0, 362748.0 ], [ 241746.0, 362748.0 ], [ 241746.0, 362746.0 ], [ 241742.0, 362746.0 ], [ 241742.0, 362744.0 ], [ 241740.0, 362744.0 ], [ 241740.0, 362742.0 ], [ 241738.0, 362742.0 ], [ 241738.0, 362740.0 ], [ 241736.0, 362740.0 ], [ 241736.0, 362738.0 ], [ 241734.0, 362738.0 ], [ 241734.0, 362736.0 ], [ 241732.0, 362736.0 ], [ 241732.0, 362732.0 ], [ 241730.0, 362732.0 ], [ 241730.0, 362730.0 ], [ 241726.0, 362730.0 ], [ 241726.0, 362728.0 ], [ 241724.0, 362728.0 ], [ 241724.0, 362726.0 ], [ 241722.0, 362726.0 ], [ 241722.0, 362724.0 ], [ 241718.0, 362724.0 ], [ 241718.0, 362722.0 ], [ 241714.0, 362722.0 ], [ 241714.0, 362720.0 ], [ 241712.0, 362720.0 ], [ 241712.0, 362718.0 ], [ 241710.0, 362718.0 ], [ 241710.0, 362716.0 ], [ 241708.0, 362716.0 ], [ 241708.0, 362714.0 ], [ 241706.0, 362714.0 ], [ 241706.0, 362710.0 ], [ 241704.0, 362710.0 ], [ 241704.0, 362708.0 ], [ 241702.0, 362708.0 ], [ 241702.0, 362704.0 ], [ 241700.0, 362704.0 ], [ 241700.0, 362698.0 ], [ 241698.0, 362698.0 ], [ 241698.0, 362694.0 ], [ 241696.0, 362694.0 ], [ 241696.0, 362688.0 ], [ 241694.0, 362688.0 ], [ 241694.0, 362684.0 ], [ 241692.0, 362684.0 ], [ 241692.0, 362680.0 ], [ 241690.0, 362680.0 ], [ 241690.0, 362674.0 ], [ 241688.0, 362674.0 ], [ 241688.0, 362670.0 ], [ 241686.0, 362670.0 ], [ 241686.0, 362666.0 ], [ 241684.0, 362666.0 ], [ 241684.0, 362660.0 ], [ 241682.0, 362660.0 ], [ 241682.0, 362654.0 ], [ 241680.0, 362654.0 ], [ 241680.0, 362648.0 ], [ 241678.0, 362648.0 ], [ 241678.0, 362638.0 ], [ 241676.0, 362638.0 ], [ 241676.0, 362624.0 ], [ 241674.0, 362624.0 ], [ 241674.0, 362618.0 ], [ 241672.0, 362618.0 ], [ 241672.0, 362616.0 ], [ 241670.0, 362616.0 ], [ 241670.0, 362614.0 ], [ 241668.0, 362614.0 ], [ 241668.0, 362610.0 ], [ 241666.0, 362610.0 ], [ 241666.0, 362608.0 ], [ 241664.0, 362608.0 ], [ 241664.0, 362606.0 ], [ 241660.0, 362606.0 ], [ 241660.0, 362604.0 ], [ 241658.0, 362604.0 ], [ 241658.0, 362602.0 ], [ 241656.0, 362602.0 ], [ 241656.0, 362600.0 ], [ 241654.0, 362600.0 ], [ 241654.0, 362598.0 ], [ 241652.0, 362598.0 ], [ 241652.0, 362594.0 ], [ 241650.0, 362594.0 ], [ 241650.0, 362592.0 ], [ 241648.0, 362592.0 ], [ 241648.0, 362588.0 ], [ 241646.0, 362588.0 ], [ 241646.0, 362586.0 ], [ 241696.0, 362586.0 ], [ 241696.0, 362588.0 ], [ 241700.0, 362588.0 ], [ 241700.0, 362590.0 ], [ 241702.0, 362590.0 ], [ 241702.0, 362592.0 ], [ 241704.0, 362592.0 ], [ 241704.0, 362594.0 ], [ 241706.0, 362594.0 ], [ 241706.0, 362596.0 ], [ 241744.0, 362596.0 ], [ 241744.0, 362598.0 ], [ 241772.0, 362598.0 ], [ 241772.0, 362600.0 ], [ 241774.0, 362600.0 ], [ 241774.0, 362602.0 ], [ 241778.0, 362602.0 ], [ 241778.0, 362604.0 ], [ 241780.0, 362604.0 ], [ 241780.0, 362606.0 ], [ 241782.0, 362606.0 ], [ 241782.0, 362608.0 ], [ 241784.0, 362608.0 ], [ 241784.0, 362610.0 ], [ 241786.0, 362610.0 ], [ 241786.0, 362614.0 ], [ 241788.0, 362614.0 ], [ 241788.0, 362616.0 ], [ 241790.0, 362616.0 ], [ 241790.0, 362620.0 ], [ 241792.0, 362620.0 ], [ 241792.0, 362624.0 ], [ 241794.0, 362624.0 ], [ 241794.0, 362628.0 ], [ 241796.0, 362628.0 ], [ 241796.0, 362632.0 ], [ 241798.0, 362632.0 ], [ 241798.0, 362636.0 ], [ 241800.0, 362636.0 ], [ 241800.0, 362638.0 ], [ 241802.0, 362638.0 ], [ 241802.0, 362642.0 ], [ 241804.0, 362642.0 ], [ 241804.0, 362646.0 ], [ 241806.0, 362646.0 ], [ 241806.0, 362650.0 ], [ 241808.0, 362650.0 ], [ 241808.0, 362656.0 ], [ 241810.0, 362656.0 ], [ 241810.0, 362666.0 ], [ 241812.0, 362666.0 ], [ 241812.0, 362682.0 ], [ 241814.0, 362682.0 ], [ 241814.0, 362704.0 ], [ 241816.0, 362704.0 ], [ 241816.0, 362710.0 ], [ 241818.0, 362710.0 ], [ 241818.0, 362714.0 ], [ 241820.0, 362714.0 ], [ 241820.0, 362720.0 ], [ 241822.0, 362720.0 ], [ 241822.0, 362724.0 ], [ 241824.0, 362724.0 ], [ 241824.0, 362728.0 ], [ 241826.0, 362728.0 ], [ 241826.0, 362732.0 ], [ 241828.0, 362732.0 ], [ 241828.0, 362738.0 ], [ 241830.0, 362738.0 ], [ 241830.0, 362746.0 ], [ 241832.0, 362746.0 ], [ 241832.0, 362758.0 ], [ 241830.0, 362758.0 ], [ 241830.0, 362760.0 ], [ 241800.0, 362760.0 ], [ 241800.0, 362762.0 ], [ 241784.0, 362762.0 ], [ 241784.0, 362764.0 ], [ 241782.0, 362764.0 ], [ 241782.0, 362766.0 ], [ 241780.0, 362766.0 ], [ 241780.0, 362768.0 ], [ 241778.0, 362768.0 ], [ 241778.0, 362770.0 ], [ 241774.0, 362770.0 ], [ 241774.0, 362768.0 ], [ 241772.0, 362768.0 ] ], [ [ 241826.0, 362724.0 ], [ 241826.0, 362720.0 ], [ 241824.0, 362720.0 ], [ 241824.0, 362714.0 ], [ 241822.0, 362714.0 ], [ 241822.0, 362710.0 ], [ 241820.0, 362710.0 ], [ 241820.0, 362704.0 ], [ 241818.0, 362704.0 ], [ 241818.0, 362682.0 ], [ 241816.0, 362682.0 ], [ 241816.0, 362666.0 ], [ 241814.0, 362666.0 ], [ 241814.0, 362664.0 ], [ 241922.0, 362664.0 ], [ 241922.0, 362698.0 ], [ 241920.0, 362698.0 ], [ 241920.0, 362700.0 ], [ 241918.0, 362700.0 ], [ 241918.0, 362704.0 ], [ 241916.0, 362704.0 ], [ 241916.0, 362722.0 ], [ 241914.0, 362722.0 ], [ 241914.0, 362724.0 ], [ 241912.0, 362724.0 ], [ 241912.0, 362726.0 ], [ 241910.0, 362726.0 ], [ 241910.0, 362728.0 ], [ 241828.0, 362728.0 ], [ 241828.0, 362724.0 ], [ 241826.0, 362724.0 ] ] ] ] } }
]
}
