month,site_anomaly_m,site_sd_m,n_wells,P_m,PET,site_anomaly_smoothed_m
1930-12-01,0.18988453919126372,0.04902628255443498,50,0.1303,0.0209511073452165,
1931-01-01,0.19629397275712124,0.0487847539405585,50,0.0662,0.0194045364190314,
1931-02-01,0.17904226075287466,0.05899461260978819,50,0.0606,0.0197791729804388,
1931-03-01,0.03898153037619548,0.08024566667331104,50,0.0325,0.0255400575694889,
1931-04-01,-0.05517363901148085,0.09195047449499721,50,0.0471,0.0426364590471799,
1931-05-01,-0.019920124140628544,0.07048228250002467,50,0.086,0.0685524650722647,
1931-06-01,0.05586503972834822,0.03681017121698416,50,0.1042,0.0899115948707752,-0.0037009682296950375
1931-07-01,-0.13855187542985672,0.032087864701735025,50,0.0435,0.0988847277198607,-0.010829077260157213
1931-08-01,-0.19676961324425638,0.031146735682724587,50,0.0698,0.0898406555693692,0.001209610070353001
1931-09-01,-0.17889585681970588,0.02973709114097027,50,0.0783,0.0648340088175669,-0.006634472432130674
1931-10-01,-0.2526716734157857,0.03516071621606404,50,0.05,0.0467894985392713,-0.012538798457347414
1931-11-01,0.13750382049957033,0.04725030975952657,50,0.1558,0.0323451947352966,-0.018311099294445583
1931-12-01,0.1043472308257176,0.030046726096282894,50,0.0577,0.0248373107615653,-0.030751266935835676
1932-01-01,0.3407582207232438,0.060878206357004715,50,0.1226,0.0257807474063319,-0.06650942454374616
1932-02-01,0.08491327072307056,0.05469577670033302,50,0.0054,0.019549717150277,-0.08349999532112347
1932-03-01,-0.0318703819264054,0.07983398974016583,50,0.0375,0.0285982501388093,-0.11080282732756834
1932-04-01,-0.12444124905665888,0.0948802246433294,50,0.0453999999999999,0.0404181077300108,-0.1398181512121591
1932-05-01,-0.1692021358373097,0.08583814933375661,50,0.0642,0.0653041747240713,-0.13773952313384688
1932-06-01,-0.3732328515665776,0.08855593028847955,50,0.0355,0.0948938922953776,-0.1581876751717426
1932-07-01,-0.3424387247583845,0.054160238546311384,50,0.0914,0.1022005158373261,-0.15881841796139584
1932-08-01,-0.5244035973215948,0.07257908791051364,50,0.0385,0.0962706028169267,-0.1660335830186846
1932-09-01,-0.527079743434795,0.06763885413781039,50,0.0684,0.0674871647481054,-0.1566044206275443
1932-10-01,-0.22772813647603926,0.0436342421718518,50,0.133,0.0436132344040645,-0.14289185355839273
1932-11-01,-0.10787400395517803,0.03633300643781012,50,0.089,0.0268234504290401,-0.1389583027121399
1932-12-01,0.09677831734987864,0.05038890796030159,50,0.1102,0.0227752748237024,-0.14518683144460154
1933-01-01,0.25417624003577893,0.06226179679183086,50,0.0997,0.0152216446573109,-0.1509925340284145
1933-02-01,0.1980632194167543,0.05148231479729872,50,0.0521,0.018994471106036,-0.1762534131779118
1933-03-01,0.1326804229034128,0.052489468206898336,50,0.0554,0.0376813195307237,-0.200919114359824
1933-04-01,-0.07723863890162501,0.06818940743666056,50,0.0228,0.0478844205592484,-0.24011311800374058
1933-05-01,-0.24394448062684915,0.07532286392003465,50,0.0378999999999999,0.0715818123790072,-0.292152726064643
1933-06-01,-0.44290128257233297,0.08127619733412864,50,0.0354,0.0946896750376037,-0.3548114689313855
1933-07-01,-0.6455692745523522,0.091676726156904,50,0.036,0.108605537235146,-0.4291441582017183
1933-08-01,-0.8203920115045412,0.10632632261976134,50,0.0367,0.1015559456786617,-0.5019290375390432
1933-09-01,-0.997407787161794,0.12521955802240542,50,0.0238999999999999,0.0757703614406462,-0.5850246961431712
1933-10-01,-0.8522034332068678,0.09655338967106739,50,0.0885,0.047052268212415,-0.6626587457878027
1933-11-01,-0.8597789183560881,0.09233699634152011,50,0.046,0.0241531790823182,-0.7309282799042106
1933-12-01,-0.7952139538941152,0.08178624601249296,50,0.0591,0.0124574922622665,-0.7725375210045212
1934-01-01,-0.619242312012119,0.05801719024781628,50,0.09,0.0202601065737339,-0.8092303911371553
1934-02-01,-0.7990846838327826,0.09267479156524006,50,0.0066,0.0190904337591565,-0.8526633576720636
1934-03-01,-0.798928172832165,0.0960134880009202,50,0.0494,0.026256942321156,-0.8798900461248435
1934-04-01,-0.8964730482985205,0.10968751024139359,50,0.0306,0.0398334416071251,-0.8809787009333108
1934-05-01,-0.7432553738305764,0.07277467042682664,50,0.0984,0.0644648764115419,-0.8707823517808452
1934-06-01,-0.8832157241639416,0.080065914081161,50,0.0394,0.0897766673836645,-0.8536186664161455
1934-07-01,-1.1667648729712503,0.11100046059601502,50,0.0106,0.1131563717525449,-0.7772748309746893
1934-08-01,-1.1471122729379006,0.11105699616033758,50,0.0711,0.0910235466883079,-0.7219815967130283
1934-09-01,-1.0104716448634028,0.11240163781626485,50,0.0932,0.0721813669922541,-0.6445456882143208
1934-10-01,-0.72984724337728,0.12200551845119688,50,0.1217,0.0471736361769976,-0.5829198067656318
1934-11-01,-0.6538146939796916,0.11084088860744987,50,0.0699,0.0265313542204685,-0.5171810673319659
1934-12-01,0.1209120714033581,0.2084742330998647,50,0.2405,0.0267952544317013,-0.47763225864283076
1935-01-01,0.0442764991278125,0.16044795819418978,50,0.0462,0.0205196533342904,-0.42553714732799547
1935-02-01,0.13014621815170865,0.1490783447634451,50,0.085,0.0234232594003683,-0.3768391512153257
1935-03-01,-0.05941759544789723,0.09693041850756069,50,0.0231,0.0328420616135173,-0.34058436367049466
1935-04-01,-0.10760817509452901,0.08007424544586356,50,0.0573,0.0427794055297655,-0.2861597164213749
1935-05-01,-0.26866966956095545,0.056572552685996765,50,0.0361,0.0625091847628705,-0.2361427404028422
1935-06-01,-0.2580743883859189,0.06659805042366049,50,0.0837,0.0875364961564327,-0.1612120730366781
1935-07-01,-0.5823889196192111,0.06014809213188493,50,0.0084,0.1029047025934425,-0.14284891456410628
1935-08-01,-0.7120548223999289,0.07625829269902368,50,0.0457,0.0917120746409395,-0.09882586127564845
1935-09-01,-0.3573758778739654,0.11263459888488561,50,0.1524,0.0684847866055259,-0.0649449505477282
1935-10-01,-0.12964353115488764,0.13525172390310583,50,0.1199,0.045287411445767,-0.017812526930606355
1935-11-01,0.24535331441427718,0.17439526176184042,50,0.1527,0.0258179882487419,0.018892612216738894
1935-12-01,0.3412699730742198,0.15861169636575667,50,0.0883,0.0158836403095784,0.05037457215004707
1936-01-01,0.5725531385893068,0.17266258981729113,50,0.1231,0.0171409102838762,0.09422747348029113
1936-02-01,0.5367171468867515,0.13986676147631222,50,0.0626,0.017495551250851,0.16454259212440317
1936-03-01,0.506171487957565,0.1194527517621981,50,0.0688,0.0335723722309261,0.2319451638947142
1936-04-01,0.33285349467361397,0.08582914065322188,50,0.0346,0.0365302916215644,0.27193117502930814
1936-05-01,0.10911384963874275,0.059264888449028705,50,0.031,0.0696705149451104,0.2850731539757338
1936-06-01,0.26816042757700964,0.06875374774309642,50,0.1267,0.0894228000573341,0.2747609867888478
1936-07-01,0.26139250411013354,0.0751561368296535,50,0.0932,0.0995631797357299,0.2834592772499224
1936-08-01,0.09677603884380356,0.06042592534916789,50,0.0533,0.0949647807562545,0.2773039921716066
1936-09-01,0.122456255741162,0.0701985811099083,50,0.0886,0.0731118842487999,0.28968288427005534
1936-10-01,0.02806021620222002,0.04833722346191395,50,0.0509,0.0476914734249135,0.2926143233634189
1936-11-01,0.1216073081716452,0.04702073354647524,50,0.0875,0.0278128341740739,0.2988742605346028
1936-12-01,0.445649458607115,0.0876148298298408,50,0.1431,0.0226756974458211,0.30029928725814314
1937-01-01,0.49868971764951714,0.0830429767024783,50,0.0828,0.0212592343592063,0.27893930937881545
1937-02-01,0.6852638520681364,0.10356417971103646,50,0.1161,0.0216269788820914,0.24634373061042428
1937-03-01,0.5413487570779277,0.08533389434243327,50,0.0392,0.0211965212542201,0.21198896246634147
1937-04-01,0.40797274072782064,0.0798730049133785,50,0.0489,0.0488778507677775,0.1751938293621992
1937-05-01,0.12621417032122692,0.08310015248573531,50,0.019,0.0726128504168452,0.1797741849189388
1937-06-01,0.011840693025077429,0.0712510243709924,50,0.0596,0.0870633707580542,0.17022435303751113
1937-07-01,-0.12975444111056061,0.06382132889794365,50,0.0552999999999999,0.098969293473047,0.14806562917653787
1937-08-01,-0.31548117888519056,0.07522048604735293,50,0.041,0.0957082849914222,0.13179515273073564
1937-09-01,-0.31908534150854473,0.06558873306812098,50,0.0723,0.0691093078991869,0.0848952413087888
1937-10-01,0.0830244828830951,0.03734998192142278,50,0.1626,0.0469158599072464,0.03838954377851541
1937-11-01,0.00700932559451299,0.022154041214330567,50,0.0469,0.0265665257713131,-0.018981368740487198
1937-12-01,0.17974477227543592,0.030171025310310153,50,0.1019,0.0161167585268031,-0.056210588845976794
1938-01-01,0.30344400029989044,0.04595860614082877,50,0.0952,0.0220063644829255,-0.07533189742435914
1938-02-01,0.12246491500477452,0.06597731536093916,50,0.0233,0.0212107918104295,-0.07559918391947527
1938-03-01,-0.01671961328535305,0.0874919858893541,50,0.0368999999999999,0.0404581270116092,-0.07147422721090636
1938-04-01,-0.28047820950021063,0.12817779557778758,50,0.0053,0.0436448467537999,-0.07573625222783674
1938-05-01,-0.3205364709446482,0.11493222650509075,50,0.063,0.0669447628397861,-0.07818833966593713
1938-06-01,-0.21761500991551075,0.06858246375742581,50,0.1033,0.0845288798773473,-0.04549110318906402
1938-07-01,-0.13296187905195433,0.031119774441655302,50,0.1044,0.094257338304751,-0.012750211110961437
1938-08-01,-0.2659816983823636,0.04418705229082335,50,0.0521,0.0906678427089354,0.03808369475206826
1938-09-01,-0.37022964171170925,0.055756331016879934,50,0.0494,0.0702051629713864,0.1035329214223467
1938-10-01,0.05359943362589041,0.05546991268364773,50,0.1681,0.0497746090889126,0.17511772943548296
1938-11-01,0.3993761633169904,0.09889597419956211,50,0.1514,0.0342171182220778,0.25585205470394795
1938-12-01,0.5726354772126669,0.1058110623024066,50,0.1104,0.0189462886071631,0.3142940515741351
1939-01-01,0.9134508706562469,0.14674157900601734,50,0.1533,0.0170177354283185,0.3465050718232891
1939-02-01,0.9078556350481157,0.12594423102295604,50,0.0775999999999999,0.0229000180494852,0.38130080502208247
1939-03-01,0.8422980828722819,0.10604399249431161,50,0.0655999999999999,0.0307180961880147,0.4125104660125
1939-04-01,0.6883336937213691,0.08695068206023245,50,0.0482,0.0456400798218349,0.43522180439216607
1939-05-01,0.3807674914975982,0.07744566754287555,50,0.0168,0.0698874008838411,0.4299697120035862
1939-06-01,0.1689172330743374,0.07509145622842124,50,0.0412,0.0889730002722768,0.407528707975308
1939-07-01,0.2845869193335657,0.03767337669931266,50,0.1194,0.0964151437120403,0.370674568472736
1939-08-01,0.10853423350264713,0.040917458137593725,50,0.0507,0.0955357766879896,0.33752024315672635
1939-09-01,-0.09769358115571634,0.06547378137243887,50,0.0314,0.0708059135854003,0.31664650614726575
1939-10-01,-0.009425675037068395,0.04969016518611335,50,0.0885,0.0415858885825632,0.29284851150833713
1939-11-01,0.13008411497765138,0.03460531282588783,50,0.0991,0.0320636955371666,0.27648543957579197
1939-12-01,0.13038580318180343,0.05269740542272078,50,0.0627,0.0175723138624978,0.26875268857668894
1940-01-01,0.5155989668641308,0.06102349365546089,50,0.1527,0.008890362199092,0.2527923144408741
1940-02-01,0.657370790934589,0.0813883203149236,50,0.1033,0.0161506472339731,0.21825103127451287
1940-03-01,0.556722147205138,0.09008369796705505,50,0.0518,0.0293535395885567,0.17394127643364007
1940-04-01,0.49197683053082736,0.09473777759643973,50,0.0650999999999999,0.0476123755380663,0.14369355349874047
1940-05-01,0.28797447950836186,0.09903408989168942,50,0.0387999999999999,0.0716858868198242,0.120892932355938
1940-06-01,-0.02260725655544079,0.11103314026309266,50,0.0193,0.0995551761381356,0.11886456495057751
1940-07-01,-0.1299084786627682,0.09831448762767778,50,0.0622999999999999,0.0976625849854149,0.11984453708359473
1940-08-01,-0.423182824587827,0.12728893531496666,50,0.0141,0.0938627988095021,0.09197689114996827
1940-09-01,-0.4606662563745114,0.11844928607669156,50,0.0613,0.067335859327283,0.057829253240608336
1940-10-01,-0.2830331287506983,0.07893518555943807,50,0.105,0.0455804141495033,0.029829703701197075
1940-11-01,0.10574370611332563,0.02546453426280848,50,0.1536,0.0293514654581348,-0.0036272807211155168
1940-12-01,0.14214546877801001,0.03280612986624946,50,0.0716,0.0188658758548613,-0.02278145717536045
1941-01-01,0.1811872156606132,0.05503976450505473,50,0.0691,0.0085572529010866,-0.0345456422015726
1941-02-01,0.24759913602226988,0.0714465581727427,50,0.0792,0.0166036492088884,-0.04267037238647132
1941-03-01,0.2207275527322029,0.08888926960398949,50,0.0613,0.0265630770920443,-0.04226328937122994
1941-04-01,0.09049301746307627,0.11063713049115487,50,0.0395,0.0371425324510103,-0.02287747813686163
1941-05-01,0.058124362057422656,0.10255880926094271,50,0.0697,0.0620063070065027,-0.011055728715922255
1941-07-01,-0.16377747686998656,0.09754999717707842,50,0.0395,0.1072504721003488,-0.03902037766500736
1941-08-01,-0.22740524088155292,0.08358325980527492,50,0.0670999999999999,0.0881900275204565,-0.02828539395898791
1941-09-01,-0.41829782840493046,0.10181501080668127,50,0.0314,0.0774529251584607,-0.03305403908619887
1941-10-01,-0.22803652156209173,0.06100864759686321,50,0.1105,0.0501320951005283,-0.037856164062731824
1941-11-01,-0.14117213569942577,0.05324185616919452,50,0.0805,0.0264715534239225,-0.056477449632614286
1941-12-01,-0.22983208127569563,0.08006324882543903,50,0.0385,0.0235855057688384,-0.06374669428971608
1942-01-01,0.27096527325024333,0.052228157825174204,50,0.1764,0.0148017519930713,-0.09724278955580146
1942-02-01,0.12396347413408176,0.07984660842899413,50,0.0266,0.009127271523409,-0.123195516610835
1942-03-01,0.1899736363038743,0.08586908714043262,50,0.0827,0.0296259567511098,-0.14479031915454588
1942-04-01,-0.002727874106386572,0.10317449543565678,50,0.0292,0.0519067613217654,-0.14413165544713546
1942-05-01,0.0032620815778547107,0.08584307492130334,50,0.0798,0.0686667273502752,-0.14523455957797557
1942-06-01,-0.34382878113560195,0.11454503314123989,50,0.0013,0.0876686980094069,-0.162439771192134
1942-07-01,-0.47521020153038884,0.10586023790852983,50,0.0517,0.0999508975543419,-0.14729738137987514
1942-08-01,-0.48654287140608365,0.0851459969502049,50,0.0767,0.0948003022034479,-0.14857794648128736
1942-09-01,-0.41039386391600535,0.06470276481189742,50,0.0878,0.0667997645234645,-0.14324921468304752
1942-10-01,-0.241271371132173,0.041407530885229596,50,0.1041,0.0453703668890106,-0.15809526843330696
1942-11-01,-0.3476346750693272,0.05645108381001988,50,0.0318,0.0211485982170504,-0.17211255006091508
1942-12-01,-0.048123403528589064,0.029763561453032203,50,0.1296999999999999,0.0257418249629273,-0.18549779890746917
1943-01-01,0.2555984920332967,0.05837437342125762,50,0.1343,0.0205602406408892,-0.17571326615159336
1943-02-01,0.18790825571295977,0.05085396503092017,50,0.0515,0.0252155739774193,-0.1714766821796481
1943-03-01,0.01182099130076094,0.06573727567812375,50,0.0263,0.0319132085421975,-0.16812458393714602
1943-04-01,-0.17093525363768414,0.08564263012730336,50,0.0285,0.051752371594252,-0.16760391844256148
1943-05-01,-0.15736090458079435,0.0669865453124894,50,0.0790999999999999,0.0695851060013151,-0.15979223751405505
1943-06-01,-0.2264143880650922,0.05252787704495991,50,0.0668,0.0901527305406979,-0.14205463413608124
1943-07-01,-0.42437119386704564,0.06451892419868493,50,0.0392999999999999,0.1036748619675059,-0.14822838537107189
1943-08-01,-0.44631769249605846,0.06042819101595628,50,0.0737,0.0904177185089526,-0.1646395595597561
1943-09-01,-0.40414587798099105,0.05451559155838318,50,0.0792,0.063216961101959,-0.18033866147478825
1943-10-01,-0.147531199990096,0.051646437783729564,50,0.1259,0.0463462583205444,-0.19820153498687962
1943-11-01,-0.13478343453364133,0.03368484702029662,50,0.064,0.0253226188403135,-0.20982966404961975
1943-12-01,-0.12220841834847657,0.02463083639427231,50,0.0603999999999999,0.0150204249278146,-0.22835704907865817
1944-01-01,0.05866440176908583,0.03734346469108785,50,0.1042,0.0231882331744359,-0.2503339524940948
1944-02-01,-0.0004809672674259535,0.04628983996117424,50,0.0472999999999999,0.0175925869710442,-0.24722501419926
1944-03-01,-0.20253349084433533,0.08137887215924366,50,0.0145,0.0259701439539609,-0.2516473072068221
1944-04-01,-0.31047280239056557,0.09140539813639187,50,0.0428,0.0518540114061604,-0.24243536043564015
1944-05-01,-0.37968952492925573,0.08427035429448662,50,0.0567999999999999,0.0701700540367886,-0.25025112730282145
1944-06-01,-0.49013722905033175,0.07809408980552929,50,0.052,0.0878997751589486,-0.24874613977273066
1944-07-01,-0.3870639343290278,0.04323637301324712,50,0.1083,0.1059485225725396,-0.2507325148188214
1944-08-01,-0.4993852085868041,0.059134613380857314,50,0.0545,0.0955733555704944,-0.27313776191500266
1944-09-01,-0.2936025167268074,0.06170814446980782,50,0.1177,0.0623900721684805,-0.2884274590947023
1944-10-01,-0.241320402396272,0.05627929390828075,50,0.0773,0.0427578852807984,-0.303586112074263
1944-11-01,-0.11672358417255163,0.05173141803487157,50,0.0897,0.0259524252480384,-0.31688523536079677
1944-12-01,-0.14604491890156576,0.030194310789746426,50,0.052,0.0186457771710598,-0.3313974058085084
1945-01-01,-0.2101985633850894,0.03982178576261423,50,0.0389,0.0074710405848684,-0.33444985509002995
1945-02-01,-0.1839573334238209,0.05060105341943019,50,0.0655999999999999,0.0245274216381687,-0.35496224474372323
1945-03-01,-0.3844373265990639,0.08213835368861523,50,0.0159,0.0378729637440324,-0.3881153613073103
1945-04-01,-0.47006228182897075,0.08768593409096895,50,0.0457,0.0537273317740118,-0.44565231727168575
1945-05-01,-0.5538355703017954,0.08291068143931443,50,0.0515,0.0728920124018077,-0.5065883170464803
1945-06-01,-0.5267666204285907,0.05571130557081901,50,0.0839,0.0923695176029886,-0.5899371196322755
1945-07-01,-0.6332126101733464,0.0631355696209321,50,0.0562999999999999,0.1037254351674311,-0.647757320295252
1945-08-01,-0.8972226073498487,0.09602871196702524,50,0.0133,0.0951762626583454,-0.677951361878614
1945-09-01,-0.9840459882993128,0.10415070022765871,50,0.0431,0.0717231888617723,-0.7016972949944144
1945-10-01,-0.9725523996938088,0.09882688087516471,50,0.058,0.0510485499466073,-0.713202332545352
1945-11-01,-1.116909215202092,0.11222814589695497,50,0.0113,0.0253664218703723,-0.7291370458571693
1945-12-01,-0.8398873268572844,0.07405736385232008,50,0.1087,0.0198935918508096,-0.7451511350161284
1946-01-01,-0.5725270623854354,0.05759352621677815,50,0.1090999999999999,0.0134455760593514,-0.7660513124830913
1946-02-01,-0.46890853081342293,0.055764829452811616,50,0.0775999999999999,0.0227093400050321,-0.7843962165937376
1946-03-01,-0.5224977772103175,0.05407333556728178,50,0.0423,0.0253395855829598,-0.7754428521605634
1946-04-01,-0.6612788415707758,0.06159042461006253,50,0.0299,0.0512136815425559,-0.7425215566957918
1946-05-01,-0.7460046402093061,0.06436107090719366,50,0.0469,0.0691627163905427,-0.7223757168310975
1946-06-01,-0.7775687500321453,0.06504432000556623,50,0.0631,0.0825387950353281,-0.6543659716238697
1946-07-01,-0.8533514595011007,0.07822278441814597,50,0.0569,0.0963766398941799,-0.5850380116379756
1946-08-01,-0.7897822341517581,0.0926760624481548,50,0.085,0.0840891259654822,-0.5209545874184849
1946-09-01,-0.5889904427220539,0.1170957288244868,50,0.1143,0.0695694598136275,-0.47848624137291623
1946-10-01,-0.7308023213174759,0.09684954018171359,50,0.0264,0.0454008978980813,-0.40381969157382497
1946-11-01,-0.30079227271536024,0.13279549728259876,50,0.1566,0.0297041637789882,-0.31126241569266816
1946-12-01,-0.007951807026555832,0.15302548501488825,50,0.1264,0.0163172399573298,-0.21559088244418836
1947-01-01,0.1964740282484536,0.1586311042386457,50,0.1088,0.012383441458188,-0.12697887949325415
1947-02-01,0.04071162173340128,0.10184487416015563,50,0.0207,0.0,-0.046010899672007076
1947-03-01,0.37350082037877785,0.14277684094263116,50,0.1439,0.0222153073507243,0.0023520145925918314
1947-04-01,0.4494084690031053,0.1419915359548882,50,0.0955,0.0440307785465713,0.03908057269803104
1947-05-01,0.4020537587724512,0.1279762322155721,50,0.0803,0.0812304598378595,0.06697299810746643
1947-06-01,0.28577528537906577,0.10938418221121544,50,0.0686,0.0975254805997864,0.07323901713458979
1947-07-01,0.11826429835386412,0.08971715337839765,50,0.0556,0.1016410225074161,0.05395857857671213
1947-08-01,-0.20942726297657124,0.06597593890931823,50,0.018,0.1132862799483885,0.06516231903836224
1947-09-01,-0.1482477454567834,0.08293760494234331,50,0.0922,0.0740272950030053,0.07824934395591782
1947-10-01,-0.3960932164042512,0.05533482274270003,50,0.0092,0.0480192716738738,0.055873759547946066
1947-11-01,-0.22560004438987996,0.05163448741881151,50,0.0985,0.0273377368863829,0.014529999812119209
1947-12-01,-0.2393170697210877,0.036382559071838176,50,0.0538999999999999,0.0188292764060662,-0.03904936921202961
1948-01-01,0.33091891378825494,0.10890152236269802,50,0.1948,0.0183946870464968,-0.08410825341994466
1948-02-01,0.19775592074406817,0.07002923275820495,50,0.0346,0.0177663153885294,-0.1223758796725473
1948-03-01,0.10499380748311676,0.05616890056745788,50,0.0489,0.0375922572053875,-0.12562110361663478
1948-04-01,-0.04671664782681692,0.05408250524606594,50,0.035,0.0435761798504129,-0.13932213197282603
1948-05-01,-0.24089866951733463,0.05884351922208003,50,0.031,0.0689458110526837,-0.13271196082098888
1948-06-01,-0.2549313251159148,0.03945154316460031,50,0.0762,0.0831020293143521,-0.13819583128237248
1948-07-01,-0.34094721667736755,0.0368862818823053,50,0.0645999999999999,0.0997530531560917,-0.1267429241841438
1948-08-01,-0.24836995030562106,0.047480816939118015,50,0.1024,0.0885423554360346,-0.1626779522379176
1948-09-01,-0.3126600857310781,0.05030125003734494,50,0.0586,0.067287105785858,-0.1986266040246063
1948-10-01,-0.3167711625822054,0.045382389022002714,50,0.0644,0.0460240439416045,-0.22660968870986228
1948-11-01,-0.29140648992648344,0.03572457866189101,50,0.0657,0.0300190740226869,-0.24885793739364814
1948-12-01,-0.10188218454234325,0.03875684093520454,50,0.1025,0.0206663732959694,-0.26563580744939624
1949-01-01,-0.10030142285703071,0.0340928255622531,50,0.0605,0.0210104703753932,-0.3062458597772537
1949-02-01,-0.2336279006961966,0.051078750785997024,50,0.0278999999999999,0.0214026357566629,-0.3511351167831373
1949-03-01,-0.23080320873995464,0.06103351974119125,50,0.0607,0.027992986685292,-0.41041584486397653
1949-04-01,-0.3136956320322472,0.06887335687632903,50,0.0472,0.048207235697184,-0.4686409239530056
1949-05-01,-0.44223311018631195,0.07283466005078758,50,0.0419,0.0684414271515364,-0.49837394108298655
1949-06-01,-0.7422519530502045,0.09886747156556372,50,0.0079,0.0957638680005256,-0.5171126754104077
1949-07-01,-0.8796183007479703,0.09894372346595938,50,0.0469,0.1095554258443865,-0.5452646565076501
1949-08-01,-0.9597386872756928,0.10237306906570826,50,0.0538,0.096546174135549,-0.5835166522129419
1949-09-01,-1.0113610347994266,0.10662202132068792,50,0.0526,0.077549418764338,-0.5859983444382358
1949-10-01,-0.6735673681419757,0.08914105069555298,50,0.1369,0.0519672916857415,-0.5911373736829181
1949-11-01,-0.5162713018555383,0.08174758582016627,50,0.0904,0.026795273217313,-0.5884429624878583
1949-12-01,-0.43970595770925186,0.06899817594419008,50,0.0714,0.0204753297635484,-0.5954429829699004
1950-01-01,-0.559325371320532,0.050246931684244205,50,0.0233999999999999,0.0154633904972659,-0.5933210075037454
1950-02-01,-0.26340820739972437,0.06088841673333702,50,0.1232,0.0195822202005754,-0.5867952878773911
1950-03-01,-0.29247155967614086,0.05183170034163292,50,0.0544,0.0322546396613607,-0.563818288398584
1950-04-01,-0.2813626976915307,0.050552537953468805,50,0.0659,0.0388698442705107,-0.4988143000281078
1950-05-01,-0.5262333559708171,0.04865061304494463,50,0.0158,0.0715439467497228,-0.45723566556922823
1950-06-01,-0.7167882474563443,0.061270369598987726,50,0.0335,0.0965764703323174,-0.4171294823390785
1950-07-01,-0.8013096652317183,0.07392649498174911,50,0.0573,0.100666735044364,-0.3734040355668296
1950-08-01,-0.6840146935300083,0.08947295670338565,50,0.1009,0.0898187000615174,-0.3134380944468224
1950-09-01,-0.23131317435371163,0.14403990819397725,50,0.175,0.0636005928042059,-0.27202428777559007
1950-10-01,-0.17462375463542165,0.13667975026034673,50,0.0800999999999999,0.0431529385726549,-0.21328599357578684
1950-11-01,-0.03499710309373993,0.13202615693770287,50,0.0935999999999999,0.0221289874783175,-0.1680733866638409
1950-12-01,0.08499940355773301,0.1214211538594406,50,0.087,0.0102341752178312,-0.10857707939743087
1951-01-01,0.16026592211955518,0.11042456000946901,50,0.0802,0.0158289904392947,-0.05869971403965449
1951-02-01,0.23355747265506363,0.10422709600379529,50,0.0809,0.0157115676851485,-0.023331706823183366
1951-03-01,0.41238797072149763,0.12032575929403064,50,0.1102,0.0228289580859053,0.023462519032240902
1951-04-01,0.26118858525182076,0.08841435584752924,50,0.0385,0.0369639859084293,0.042195211645203505
1951-05-01,0.18772233122610366,0.07237628464611254,50,0.0655999999999999,0.0680346487041969,0.04054249063254474
1951-06-01,-0.11825986316302789,0.03863099760124523,50,0.0176,0.0948996801486607,0.05934613541769617
1951-07-01,-0.37689357863406486,0.0418163187725992,50,0.0273,0.1053458332455533,0.09499303088216333
1951-08-01,-0.12248398326491712,0.061106180767254784,50,0.1426,0.0932232542147075,0.1314880679744768
1951-09-01,-0.0065208629981604125,0.08705321358944577,50,0.1072,0.0746220539647974,0.1448611598131405
1951-10-01,-0.19445640678732676,0.0529895385900271,50,0.0265,0.048774647771273,0.13649799326079898
1951-11-01,0.19064663432807713,0.0969214963912866,50,0.1553,0.0307363796063577,0.131535767813954
1951-12-01,0.5127621491313392,0.13278317323497796,50,0.1433,0.020327466031033,0.12429999653093622
1952-01-01,0.5982063672273165,0.1234686263996593,50,0.0897,0.0146112143075823,0.1285214298146344
1952-02-01,0.3940345747190282,0.0775180724528677,50,0.0221,0.0178216632151993,0.13269179888767504
1952-03-01,0.3120299720933992,0.07099090503061846,50,0.0528999999999999,0.0321167129338196,0.11763395379158009
1952-04-01,0.2016418798896814,0.0675991411064847,50,0.0507,0.0495836278886181,0.09680347935245683
1952-05-01,0.10089307582989006,0.05333548872086405,50,0.0617,0.0794401675676027,0.10355897598714435
1952-06-01,-0.06760266375864951,0.046545487962524404,50,0.0465,0.0877401085621398,0.0812359375324711
1952-07-01,-0.3268491497575775,0.06119475410643545,50,0.0286,0.1074203121323511,0.0428757520157294
1952-08-01,-0.30317812441805647,0.048174719328328064,50,0.087,0.0920161595406261,-0.010299126202404627
1952-09-01,-0.2564865562676395,0.041872484195789206,50,0.0807,0.0573193116864903,-0.041902939717595115
1952-10-01,-0.11339044717107662,0.03430129884579427,50,0.0993,0.0416271833051144,-0.08197512506695205
1952-11-01,-0.07722982712800176,0.022638342765674987,50,0.0681,0.0195980608920637,-0.10965160159123806
1952-12-01,0.052439922930438795,0.029640110293401998,50,0.0899,0.0156765163510977,-0.1332939694932674
1953-01-01,-0.03989217139029184,0.0484334851991504,50,0.039,0.0173191686773384,-0.1639050354798882
1953-02-01,0.014788812536742335,0.06190873126820463,50,0.0733,0.0187148831597519,-0.18435116547230704
1953-03-01,-0.16883625209888403,0.09515542034549351,50,0.0202,0.0289983910864624,-0.20655841991541238
1953-04-01,-0.1304758384017508,0.08897030445184197,50,0.0751,0.0417210838627302,-0.22282432350299178
1953-05-01,-0.1828153389944619,0.06905089285771145,50,0.0688,0.0833891890309973,-0.24643194250684997
1953-06-01,-0.4349354555980988,0.082459378845041,50,0.0237,0.0948684474257972,-0.2504898050667801
1953-07-01,-0.5722027096666042,0.08028689186185611,50,0.051,0.1059097008390304,-0.2727570719860098
1953-08-01,-0.5696651777353202,0.06956418169666591,50,0.0790999999999999,0.0963386745425729,-0.2873076856094708
1953-09-01,-0.45167739931859197,0.06133347653720605,50,0.0989,0.0730065356476328,-0.2977185591467592
1953-10-01,-0.3966818752173753,0.05519547439620396,50,0.0762999999999999,0.046262090687815,-0.2892820680510368
1953-11-01,-0.12592417784716323,0.061770964790852805,50,0.1247,0.0327494458605139,-0.29633514154901225
1953-12-01,-0.2147672801003172,0.03257535397291216,50,0.0395,0.0243031580653428,-0.30169293704318545
1954-01-01,-0.21449953487182366,0.02756059549759539,50,0.0559,0.0146994757770762,-0.28612377569454006
1954-02-01,-0.11014166991071889,0.03730126668095412,50,0.0800999999999999,0.0121902469300175,-0.2606403334598087
1954-03-01,-0.06759835895021495,0.045058229032041694,50,0.0732,0.0296455777604468,-0.23342448182860398
1954-04-01,-0.21511272037745668,0.05960544051261195,50,0.0324,0.0422049219409731,-0.21166428667347656
1954-05-01,-0.24710888492454,0.04744433889120036,50,0.0682,0.0716245590564944,-0.16430652068060894
1954-06-01,-0.24810551941435421,0.029101942926280922,50,0.0805999999999999,0.086682661173316,-0.10493092870046629
1954-07-01,-0.2664014028498277,0.031143652062104676,50,0.0782,0.091397153993748,-0.036192525841235286
1954-08-01,-0.24307495816086405,0.047288796738219875,50,0.0858,0.0850914479328099,0.036229266928685805
1954-09-01,-0.19055505745706244,0.05790294485052046,50,0.0865,0.0658905730656804,0.09677292206500183
1954-10-01,0.1716113166970359,0.10884807458748516,50,0.1571999999999999,0.0511891855624263,0.14041947770789215
1954-11-01,0.5865829259145484,0.16139201180099502,50,0.1682,0.0277646696761863,0.1867983303284344
1954-12-01,0.6100935542104547,0.13651615400950196,50,0.0792,0.0230755685672964,0.2269822609390625
1955-01-01,0.6545619783672295,0.11897864088933374,50,0.0807,0.0124173009115897,0.27047302865533424
1955-02-01,0.6163821917250736,0.09847892542493429,50,0.0603,0.0096236930362753,0.2896595874269691
1955-03-01,0.4561603087644687,0.08499345356398723,50,0.034,0.0211846319690771,0.2848049388884414
1955-04-01,0.34143351106905034,0.08233014469969654,50,0.052,0.049222504547819,0.2683847701428522
1955-05-01,0.23509828240299732,0.07446934912816601,50,0.0586,0.0678997321215774,0.21145691147437717
1955-06-01,0.27378369318090634,0.047923538738571726,50,0.1009,0.0932401308472496,0.11080235999287115
1955-07-01,-0.03616269759020945,0.040599529131936395,50,0.0258,0.116919157233053,0.022053923445283577
1955-08-01,-0.3013307406231964,0.06651299635205882,50,0.0269,0.1051311499299416,-0.0574336207856184
1955-09-01,-0.3875970824041325,0.07224472153903479,50,0.0537,0.0721935456609906,-0.14213544628229588
1955-10-01,-0.5115229873246642,0.08921346855159348,50,0.0327,0.0432603738348458,-0.2255960279721558
1955-11-01,-0.6212716918635242,0.10934841738873724,50,0.0278,0.0263539637087123,-0.30952085207443186
1955-12-01,-0.4548876843605962,0.08009417964826246,50,0.0909,0.0215349305591873,-0.39437609699870885
1956-01-01,-0.2992885524035942,0.06250722134449418,50,0.0892999999999999,0.0159225307882052,-0.4901655188895988
1956-02-01,-0.4000397142350563,0.1012129542562354,50,0.0265,0.0061245659037564,-0.5490814536546933
1956-03-01,-0.5453666715138504,0.12861953661387016,50,0.0233,0.0327135421431562,-0.5378753218486
1956-04-01,-0.6656643781582621,0.14449618210644724,50,0.0294,0.0402593471914949,-0.5188168776397192
1956-05-01,-0.7831646566883268,0.1415822815222874,50,0.0391,0.0714508467255671,-0.48765335096489953
1956-06-01,-0.8756893695097732,0.1307628875152919,50,0.0475,0.0836343412938321,-0.4567348229075489
1956-07-01,-0.7431539147713434,0.08160721952450271,50,0.1072999999999999,0.1026514433498612,-0.42097417039639784
1956-08-01,-0.16685715895007622,0.08895580731037403,50,0.2104,0.0831094601610673,-0.38783398145436104
1956-09-01,-0.15889575189756272,0.096052923565594,50,0.0805999999999999,0.0751143749978111,-0.33390474807880133
1956-10-01,-0.13756066722682836,0.08664233994004109,50,0.0735,0.0458198433204075,-0.2689387946135973
1956-11-01,-0.25024935517531693,0.05032714922865655,50,0.0346,0.0269307968840671,-0.2158586484412911
1956-12-01,-0.025759854226783487,0.06484450826148015,50,0.1128,0.0233706357718067,-0.15368195001444457
1957-01-01,0.09839371490084702,0.06846558607474465,50,0.0916,0.0207954835057,-0.0981897497656214
1957-02-01,0.24711108627166095,0.07987693089421656,50,0.0992,0.0193904270619026,-0.044808269882966524
1957-03-01,0.23422477006859746,0.07017193451322515,50,0.072,0.0454067023293241,-0.029146685497465897
1957-04-01,-0.028702624090587395,0.04297566679823424,50,0.0123,0.04860865886524,0.009615695697932818
1957-05-01,-0.037044275566168725,0.033553898406620916,50,0.0765999999999999,0.0695545006683625,0.05398846859006562
1957-06-01,-0.2097829665238952,0.024566601787381452,50,0.0466,0.0971844107323216,0.10208540232443565
1957-07-01,-0.10257615617948472,0.04860186097533325,50,0.1139,0.1042973590456291,0.14376112020280166
1957-08-01,0.021081853675931343,0.08730387224766524,50,0.1158,0.0925868165161697,0.17987851072715907
1957-09-01,0.3062528224472219,0.13271979778735857,50,0.1466,0.0628448723467699,0.22484444804263584
1957-10-01,0.3949126074787652,0.13118158707494926,50,0.0984,0.0466031983004526,0.2521908374453688
1957-11-01,0.3269138496371235,0.08991529838311307,50,0.0537,0.023482234480241,0.2834651838488622
1957-12-01,0.47434876031360856,0.09406361086424785,50,0.1025,0.0180111123615228,0.32237509535763437
1958-01-01,0.5318024011931359,0.08685646171496905,50,0.0827,0.016449606925794,0.37849015719077944
1958-02-01,0.7867023340573822,0.11788325209806244,50,0.1324,0.0192218853887219,0.4233564627191681
1958-03-01,0.5623814429013929,0.0854982657715454,50,0.0216,0.0212352896270795,0.4495930438512003
1958-04-01,0.3465895327513334,0.08638965478343506,50,0.0263,0.0404845975357945,0.4806861219911646
1958-05-01,0.42987466253909723,0.07434301456177865,50,0.1036,0.065277669494334,0.5028714259325707
1958-06-01,0.4635977754738449,0.058394218811050815,50,0.1023,0.0907452920602391,0.530289812692971
1958-07-01,0.4358195101611798,0.04806267223924497,50,0.092,0.1015607113018984,0.55049746208177
1958-08-01,0.3359208272603179,0.03912729397266859,50,0.0711,0.093096579771625,0.5794071165388469
1958-09-01,0.6793697601267938,0.10097890857110227,50,0.1708,0.0766251124349393,0.5663185069824809
1958-10-01,0.6611362547756379,0.08619614809039322,50,0.0802,0.0505667810136955,0.5583460593449254
1958-11-01,0.6559344907619274,0.0704715772606956,50,0.0749,0.0281555499424294,0.5596771626804389
1958-12-01,0.7168405529791957,0.07302949535929514,50,0.0871,0.0181789653408903,0.5385656382682376
1959-01-01,0.8787182546780596,0.09347738379654566,50,0.1105999999999999,0.0128321934864877,0.497299274190554
1959-02-01,0.6296390193809891,0.09789115319288053,50,0.0168,0.0209381268910493,0.43629051146976433
1959-03-01,0.466712071250728,0.11842653563950539,50,0.0385,0.0363947349378122,0.3564619121514095
1959-04-01,0.3625627727774953,0.12771899805062398,50,0.0544,0.0495218838977252,0.23145299539758737
1959-05-01,0.17653636959268088,0.1284664605430811,50,0.0442,0.0816598212756271,0.13354000156221327
1959-06-01,-0.0315985934583577,0.12847056573216134,50,0.0407999999999999,0.0963130627485648,0.08172339264414849
1959-07-01,-0.2962856424882959,0.13954378486632946,50,0.0271,0.1064856357901692,0.057222336332253355
1959-08-01,-0.62202236455994,0.17000446958808932,50,0.0049,0.0987861343556446,0.04018160973612084
1959-09-01,-0.8207372409190716,0.1849732208372525,50,0.0207,0.0732048844977307,0.0524524140635624
1959-10-01,-0.5138196712488518,0.11241075131867242,50,0.1331999999999999,0.0552464932439967,0.06515075966739158
1959-11-01,0.034135183745150226,0.032894312608738534,50,0.187,0.0265392908263415,0.0783142734082765
1959-12-01,0.42282787723645415,0.06263463369995192,50,0.156,0.0196905032763274,0.08804709337303362
1960-01-01,0.6742295355244694,0.08866918697300429,50,0.1281999999999999,0.0153019915185579,0.09288670548378607
1960-02-01,0.7768886713102878,0.09257521416636692,50,0.0964,0.0146486347108201,0.11558577602855509
1960-03-01,0.6190922184966781,0.07375189714693135,50,0.041,0.031267719539181,0.15294989980554932
1960-04-01,0.5205249376681144,0.07479323486586785,50,0.0573,0.045130666877445,0.2149475240486796
1960-05-01,0.2933302091697666,0.07509187591801163,50,0.0356,0.0766514995751409,0.27599394021514606
1960-06-01,0.026476751870671392,0.08320196450832848,50,0.0299,0.0989997902469497,0.3309756375943445
1960-07-01,-0.023896795951067258,0.06592430210918634,50,0.0769,0.0971451469468426,0.3666310989878256
1960-08-01,-0.1736528792360091,0.07602816492993782,50,0.049,0.0886171237693726,0.4017834102951647
1960-09-01,-0.07676575000150826,0.05298408579800747,50,0.0975999999999999,0.0649279688545629,0.4262972386489811
1960-10-01,0.21873732274874527,0.03386330297073026,50,0.1403,0.0447692589875906,0.4390093341773221
1960-11-01,0.6939155522955318,0.09505609596168002,50,0.1829,0.0271704638524649,0.4659266613848667
1960-12-01,0.8506934139582271,0.10159621994733939,50,0.1100999999999999,0.015156395574519,0.4962861062334061
1961-01-01,1.0960572712125378,0.12771989469112477,50,0.1339,0.0141896479117613,0.5291608365387158
1961-02-01,1.0710546115560853,0.11484544483193161,50,0.0764,0.024386567469338,0.5572154051394335
1961-03-01,0.7716373648367696,0.09571868250503111,50,0.0141,0.0377115714895641,0.6026448238384484
1961-04-01,0.8435328641586508,0.09731266059526691,50,0.1034,0.0516117796538245,0.6398138049274852
1961-05-01,0.6576435473522385,0.09299457286580484,50,0.0489,0.070109482108766,0.6874279983981828
1961-06-01,0.4209735155343875,0.09298909294976139,50,0.0401,0.0893108151839533,0.7048528843990475
1961-07-01,0.3127580272575447,0.08157036620491473,50,0.0694,0.096118536436556,0.7161491193102122
1961-08-01,0.37150014515217067,0.0572978793899762,50,0.1057,0.0897767389181528,0.7170812346561241
1961-09-01,0.36926202306693234,0.051985117018855366,50,0.0866,0.07438598015993,0.7062868318398254
1961-10-01,0.7901076443971174,0.07281121067462049,50,0.1793,0.047171851988958,0.7102535471553074
1961-11-01,0.9030141843059077,0.07933029434162873,50,0.1044,0.0248313133581287,0.6921289447470717
1961-12-01,0.986248232892204,0.0885008113238823,50,0.0944,0.011608986308117,0.6805382931860097
1962-01-01,1.1072426553634795,0.1058944406746692,50,0.1067,0.0166480261839583,0.6707698486537441
1962-02-01,0.9415217777605029,0.11809651080389481,50,0.0402999999999999,0.0193567794789013,0.6525897592574992
1962-03-01,0.8192379486225514,0.14654402410535367,50,0.0469,0.0173300695723228,0.627950617824234
1962-04-01,0.626037635259824,0.16931121908668828,50,0.0367,0.0433597843497954,0.6001543602143541
1962-05-01,0.5185557286194944,0.16765752194277547,50,0.0624,0.0670793467082479,0.5266957061079426
1962-06-01,0.3037521811471995,0.1703518464322478,50,0.0415,0.0865720694967545,0.45706869620459223
1962-07-01,0.09459695450260668,0.16783787877069284,50,0.0439,0.1000708422303939,0.3802418645738348
1962-08-01,0.0758304479529883,0.14292426769892108,50,0.0819,0.0876736306758562,0.28102578477704593
1962-09-01,0.03570693174837391,0.13455999297039012,50,0.0693,0.0675050144183627,0.18116474104242866
1962-10-01,-0.09139620487982153,0.15018758812748764,50,0.0411,0.0494283585531374,0.10753697525443516
1962-11-01,0.06749006546570309,0.12658945720502407,50,0.0997,0.0261400245435805,0.05250321658727156
1962-12-01,0.06432625332311477,0.1411283754961856,50,0.0593,0.0148535301543437,-0.0018251493027704065
1963-01-01,-0.08335030219798592,0.18772911483682841,50,0.0191,0.0007068645250467,-0.035527707040625085
1963-02-01,-0.2568107470549047,0.2316898076074859,50,0.0119,0.0058755843234701,-0.0749670882163284
1963-03-01,-0.06429524083337057,0.19373824518568267,50,0.1075,0.0343468852055191,-0.09946881293823784
1963-04-01,-0.034367468746139156,0.17919280017093653,50,0.0765,0.0477176476974303,-0.12249792077754838
1963-05-01,-0.1333846620610092,0.1730531599583867,50,0.0538,0.0697926292665625,-0.1349437718320222
1963-06-01,-0.1006785117070566,0.13015576134458579,50,0.0944,0.0987968297823285,-0.1376567266580073
1963-07-01,-0.378675619605833,0.1463689239792744,50,0.0206,0.1006013287303491,-0.15471100093638376
1963-08-01,-0.21819024870992507,0.09393963036335765,50,0.1187,0.0917849357383796,-0.1710249551942051
1963-09-01,-0.24064236232335257,0.0881456592996727,50,0.0685,0.0666680902989588,-0.18714040971362658
1963-10-01,-0.24074641753350712,0.08318668976077205,50,0.0681,0.0514338585065318,-0.21152755191002479
1963-11-01,0.03493460755388173,0.048697960646769026,50,0.1274,0.0305238475309585,-0.24536714797547265
1963-12-01,-0.14032503801740273,0.08465294811749191,50,0.0173,0.0140399702665576,-0.2721537418819913
1964-01-01,-0.2791177532918423,0.12049619430698073,50,0.0246,0.0190485170367286,-0.30509746154003176
1964-02-01,-0.45019620128796256,0.15914204792546163,50,0.0147,0.0205322508939914,-0.32404144066607277
1964-03-01,-0.3569409471901487,0.1444266842228405,50,0.0783,0.0282443560570572,-0.3539791509670569
1964-04-01,-0.44044262153151387,0.14900524729583894,50,0.045,0.0499509865486156,-0.3883695988280862
1964-05-01,-0.454823788939233,0.12412793612831916,50,0.0717,0.0818263418884588,-0.41259704978408474
1964-06-01,-0.49600314760354225,0.10504338575795309,50,0.0679,0.0896397754823595,-0.4534189387337859
1964-07-01,-0.606003369118325,0.10049919074793756,50,0.0552999999999999,0.1026262304652098,-0.4361774271794487
1964-08-01,-0.5774427723217344,0.08590215941025009,50,0.0831,0.0916871845115308,-0.3874140402320923
1964-09-01,-0.6533277366557049,0.09119812167197594,50,0.0512,0.0713837177414725,-0.3433521883417106
1964-10-01,-0.5314758290054896,0.07295166183476179,50,0.0875,0.0427531158015604,-0.31196886228294246
1964-11-01,-0.45492805984253215,0.059740042191784255,50,0.0736,0.0283546279155715,-0.28233045894892744
1964-12-01,0.06657310063464514,0.07620602243070501,50,0.1785999999999999,0.016922119910753,-0.25884402248744104
1965-01-01,0.3060428900764331,0.09365356110874232,50,0.119,0.0147565954305669,-0.22257033470996493
1965-02-01,0.07854602139661788,0.050338393301228336,50,0.01,0.0143086076748792,-0.18079807544333729
1965-03-01,0.01965896551506936,0.056280969734742156,50,0.0519,0.0293736099936813,-0.14318526522539082
1965-04-01,-0.08478178152333367,0.06398658848719323,50,0.0458,0.0463505972674368,-0.08710941035375415
1965-05-01,-0.17298655140139604,0.058119289937916346,50,0.0572,0.0725514525713346,-0.042256293394002824
1965-06-01,-0.060718894273829,0.030485727405018623,50,0.1110999999999999,0.091783858515424,0.010590636426741037
1965-07-01,-0.1047362579187933,0.03388698368509295,50,0.0775,0.0975240093211297,0.055758070555946664
1965-08-01,-0.12608904970637652,0.04938954031831007,50,0.0805,0.092505720459289,0.07444311320590445
1965-09-01,0.019582521803935188,0.06965699030005287,50,0.1104,0.0639272268859729,0.12494138407575232
1965-10-01,0.006761574511526333,0.05924647278453964,50,0.0702,0.0513753066314046,0.17048160144724445
1965-11-01,0.1792350980063941,0.06371636521790572,50,0.1037,0.0204546783427139,0.22956591406270568
1965-12-01,0.6085823101851127,0.12274914153155884,50,0.1687,0.0197702851144869,0.28336160270030186
1966-01-01,0.5302634018759265,0.08653810664127856,50,0.0516,0.0144715770014002,0.32199763117887675
1966-02-01,0.6845252718347923,0.10173274822459158,50,0.1092,0.0225606536422275,0.3469968374505548
1966-03-01,0.5661415739729752,0.08155670045340885,50,0.0506,0.0357582200472305,0.37325978789811026
1966-04-01,0.6242299698622011,0.08615452895514279,50,0.0935,0.0425739795920117,0.38514834698170425
1966-05-01,0.47256171224975796,0.0669082212665591,50,0.0545,0.0726607448464604,0.40649332377925024
1966-06-01,0.40291344746906993,0.04650431139146818,50,0.0810999999999999,0.0991409356758508,0.4097709154087294
1966-07-01,0.195254217341343,0.02944351813377627,50,0.0472999999999999,0.101344166137122,0.3937417357573199
1966-08-01,0.18906635566428862,0.028955829902571336,50,0.0884,0.0902162927285001,0.37895503793614305
1966-09-01,0.16224523080706357,0.031003212416699302,50,0.0762999999999999,0.0704700615666789,0.3532483821405698
1966-10-01,0.26290129608207763,0.03370044732496595,50,0.098,0.046195637287653,0.3225972906492761
1966-11-01,0.21856619756014484,0.02853048646854289,50,0.0567,0.0239050407293039,0.2781269078916963
1966-12-01,0.4162321543681991,0.04369835806723599,50,0.1133,0.0208861131072283,0.2616206638165583
1967-01-01,0.35282302802180354,0.05868077536028198,50,0.0528,0.0186538915521244,0.2326150768289468
1967-02-01,0.37604540228791306,0.07610893491251196,50,0.0734,0.0211797630491707,0.22343422607521238
1967-03-01,0.19832847607745077,0.10398545069185851,50,0.0298,0.0343640256621343,0.20052419789129747
1967-04-01,0.09058537677124406,0.11915519198371022,50,0.0467,0.0434722174506397,0.19422259995204763
1967-05-01,0.2744867833481017,0.08250468910910104,50,0.1225,0.0634074653317762,0.2135568946614065
1967-06-01,0.054846403617731715,0.0842713109825395,50,0.0382,0.0912300538844815,0.23945634315995723
1967-07-01,0.08508400829652984,0.04750411572712906,50,0.0999,0.1054428974859773,0.2526534481163068
1967-08-01,-0.08585398254269049,0.058826731406881584,50,0.0474,0.092875894458918,0.27740376899121694
1967-09-01,0.08662605553606603,0.033877513493217264,50,0.1185,0.0676668572332337,0.29124036329973607
1967-10-01,0.49491283259438446,0.07331690206946727,50,0.1718,0.0480953659128565,0.3125902450059082
1967-11-01,0.5293595795427528,0.059579040030718206,50,0.0798,0.0232015933482929,0.33771084621750574
1967-12-01,0.5745974138443942,0.05801586330169256,50,0.0813,0.0187307565296782,0.3381187917861253
1968-01-01,0.6498268785207252,0.06943139373696734,50,0.0892999999999999,0.0188775330280342,0.340700392091152
1968-02-01,0.5420845339901429,0.08518563264552692,50,0.0439,0.0123761803905171,0.33906556424578776
1968-03-01,0.4545270565515159,0.10308589676980237,50,0.0533999999999999,0.0311597885317077,0.3408897276871694
1968-04-01,0.39203259131041407,0.11144704316267023,50,0.0627,0.0448433054704246,0.33641020616177864
1968-05-01,0.27938213017153724,0.11391972222509447,50,0.0559,0.0629864133330515,0.3061946677979272
1968-06-01,0.08582560727805215,0.10805193560773117,50,0.0469,0.0981444174541884,0.2737218321009052
1968-07-01,0.06546607415215865,0.07859501971460063,50,0.0867,0.1016491510209886,0.2334880267226603
1968-08-01,-0.06396402124611106,0.07766168962069445,50,0.0583,0.096678426253779,0.2055088687058524
1968-09-01,0.03287179723137684,0.05283855774602067,50,0.1021,0.0722593858453467,0.18981254306988582
1968-10-01,0.13232637222816768,0.03887492922890535,50,0.0982,0.0544597134426337,0.16777573574061264
1968-11-01,0.13968555117848905,0.04284650343487335,50,0.0670999999999999,0.0248353922705608,0.14895891384619078
1968-12-01,0.09179174930545499,0.06787930806433994,50,0.0502,0.0148923394261266,0.14067288725255164
1969-01-01,0.31407698231903036,0.05962960286445511,50,0.1163,0.0195157819816711,0.13752196863327015
1969-02-01,0.3537286263585438,0.08351680983173558,50,0.0722,0.0087343584019806,0.10873085197188852
1969-03-01,0.19008536860023795,0.1202515758388212,50,0.028,0.0210881253724114,0.08410247810336895
1969-04-01,0.16623072857735186,0.12379978581658745,50,0.0665999999999999,0.0429297631872789,0.03605277812565416
1969-05-01,0.17994981104786725,0.104837082400758,50,0.0848,0.0695102530442972,-0.03621691588509008
1969-06-01,0.04801458384667452,0.09410842961062765,50,0.0582,0.0927585147582355,-0.061547248003838005
1969-07-01,-0.28002732578442097,0.11720918567634582,50,0.013,0.1055046813813142,-0.06147111279606097
1969-08-01,-0.35950450766834585,0.10535230572465819,50,0.0642,0.0967200424752313,-0.07603478544571504
1969-09-01,-0.5437246025012007,0.12457455007875914,50,0.0286,0.0717733031287675,-0.09477113694293615
1969-10-01,-0.7349099559007632,0.1473881410126344,50,0.0191,0.059137690514109,-0.09816208872013238
1969-11-01,-0.16427843424648597,0.04695191748206584,50,0.1864,0.0208107125232498,-0.08984591030510565
1969-12-01,0.09270537179877941,0.03093814966275285,50,0.1191,0.015807619204701,-0.10907228852665195
1970-01-01,0.13931291052318154,0.040903516269189893,50,0.0732,0.0170018341855568,-0.13405826496954357
1970-02-01,0.12889240839189048,0.061999268080261204,50,0.0594,0.014967914574921,-0.1341212084169651
1970-03-01,0.14939394727388305,0.0767946661535231,50,0.0696,0.0233804008739656,-0.1277248422123469
1970-04-01,0.2660248695576727,0.07601358228334523,50,0.098,0.0368291846395726,-0.11511702806911502
1970-05-01,-0.05076672761068835,0.08997711416986962,50,0.0104,0.0793469374988348,-0.07768150306742304
1970-06-01,-0.2518171334680248,0.0862970434377966,50,0.0426,0.106961621996538,-0.0467228272303925
1970-07-01,-0.28078264715347967,0.06698171517894679,50,0.0772,0.097023681114181,-0.04259957777297533
1970-08-01,-0.28274811321292737,0.05652972931878884,50,0.0828,0.0954394271255931,-0.04327229577323841
1970-09-01,-0.39243083278241786,0.06762271827975079,50,0.0482,0.0714036307519776,-0.04900659699071052
1970-10-01,-0.28568365588045963,0.05059612937730632,50,0.0902,0.0478109321259486,-0.047098512750414524
1970-11-01,0.20722567579788062,0.06887870620812755,50,0.179,0.0291999769869944,-0.06598066091080708
1970-12-01,0.1421843652877853,0.03464545994931025,50,0.0485,0.0170334481294419,-0.07675970916166379
1971-01-01,0.13124029452002456,0.0329292745340448,50,0.061,0.0190909756104184,-0.07530911601748158
1971-02-01,0.060080793782225354,0.052733754967863526,50,0.0466,0.020490121679829,-0.08660508351626332
1971-03-01,0.17229095815743478,0.05965325317557358,50,0.0917,0.0263522068663037,-0.1051710673228639
1971-04-01,0.039439091632962026,0.07358091136002193,50,0.0411,0.0451809539612704,-0.12724233467274618
1971-05-01,-0.18011530662096875,0.08753715889202321,50,0.0276,0.072924710151067,-0.16208622687696042
1971-06-01,-0.23441001573783837,0.07204944789308847,50,0.0677,0.0841665846179644,-0.22061147208707524
1971-07-01,-0.41633425713886035,0.07572531189829873,50,0.0447,0.1086286821130421,-0.2833191805696346
1971-08-01,-0.5055399188921342,0.0771711417516922,50,0.0582,0.0924504328809142,-0.33135973236767696
1971-09-01,-0.6572860409810055,0.09387639202876137,50,0.0351,0.0744257939900499,-0.3741331296151977
1971-10-01,-0.7038103623310306,0.09485283740684322,50,0.0499,0.0521482583708985,-0.42331546395992053
1971-11-01,-0.4950772667234973,0.05948073097428278,50,0.1017,0.0265000138973368,-0.45400224149051716
1971-12-01,-0.6103081365029271,0.07926785411613596,50,0.0257,0.0227393869947524,-0.47815054086158787
1972-01-01,-0.4452463270564837,0.058070285619209024,50,0.0889,0.0157623827082215,-0.48901827545240995
1972-02-01,-0.4531999731880228,0.07001612631261779,50,0.0514,0.0197496295829605,-0.4895355082827508
1972-03-01,-0.41789705397923926,0.07036015662550199,50,0.0655999999999999,0.0307115541069614,-0.49930982503911386
1972-04-01,-0.32880223873419795,0.056677985525153594,50,0.0844,0.0450680751668772,-0.5100931578222918
1972-05-01,-0.46989489907381743,0.06610543808644126,50,0.0378,0.0659561243586072,-0.5235666331112371
1972-06-01,-0.3648228308277029,0.039863232403036006,50,0.0988,0.0768668837549737,-0.527367062704762
1972-07-01,-0.4225410511029496,0.04631539007140382,50,0.0707,0.1027600380946335,-0.5107190590016187
1972-08-01,-0.622831719968492,0.06483557985839612,50,0.0291,0.0855653380906481,-0.510308678531398
1972-09-01,-0.7866860343791412,0.08113058880019892,50,0.0263,0.0631308819891409,-0.5182040987321281
1972-10-01,-0.8654920657983741,0.08770327888748072,50,0.0394,0.0504695499593109,-0.536840391668319
1972-11-01,-0.5406824218457952,0.05654102125305795,50,0.1271,0.0264280555210614,-0.5659158517727896
1972-12-01,-0.41053209206520913,0.05005000201438047,50,0.0851,0.0242308315351248,-0.5769854809521959
1973-01-01,-0.440321761413835,0.04366438749061365,50,0.0472,0.0200945375987046,-0.618628714123263
1973-02-01,-0.5479450155967842,0.05887469350518765,50,0.028,0.020892001102061,-0.6534358775336818
1973-03-01,-0.6415325692135299,0.0762319890171169,50,0.0336,0.0327408501027613,-0.6655507217255995
1973-04-01,-0.6777077599878445,0.08058469313627399,50,0.0489,0.041483568791324,-0.6432479898607167
1973-05-01,-0.602730449226693,0.056302988951001956,50,0.0877,0.0764070379988487,-0.6158429834466076
1973-06-01,-0.8645416288805085,0.07940074102172928,50,0.0138,0.0935917570329801,-0.6011890181257925
1973-07-01,-0.8402270120279757,0.0770831115353895,50,0.0805999999999999,0.0996300368923916,-0.5896699145098896
1973-08-01,-0.7682098502715039,0.09425023001776488,50,0.0923,0.0982956890816502,-0.5462395698460448
1973-09-01,-0.5190532520005483,0.12198094431925244,50,0.1267,0.0704968135089663,-0.4850425698248337
1973-10-01,-0.5366319888290635,0.1087708704310123,50,0.0571,0.0436498441941575,-0.427492147130166
1973-11-01,-0.3648348379960142,0.10927838194959064,50,0.0960999999999999,0.0255765711000063,-0.38935169214313015
1973-12-01,-0.2723028486743751,0.09827034128112722,50,0.0775999999999999,0.0190007131130255,-0.3612967180811417
1974-01-01,0.0808423745523015,0.13630484748439975,50,0.1436,0.0226758029872648,-0.33205656614474893
1974-02-01,0.18641898465775114,0.131144494168034,50,0.0899,0.0223750193798792,-0.3034106764154336
1974-03-01,0.04907250312248282,0.08931731941905174,50,0.0352,0.0288948593544067,-0.2938263173003083
1974-04-01,-0.22002230014341476,0.04969394267141116,50,0.0077,0.0485486700707047,-0.2724843232945808
1974-05-01,-0.2660707604828325,0.04365279225992566,50,0.0643,0.0696375882071977,-0.24205467745435538
1974-06-01,-0.5136598056437945,0.04404269228755816,50,0.0231,0.0930474612463035,-0.21831638289841146
1974-07-01,-0.4964763352761923,0.05554706279163121,50,0.084,0.0964086294733742,-0.20581253036174155
1974-08-01,-0.6531975408899998,0.07025611957004908,50,0.0401,0.0901464710913984,-0.19985067249331
1974-09-01,-0.26294932393181847,0.10846477351564594,50,0.16,0.062854606542052,-0.2176707220515878
1974-10-01,-0.17147623874635834,0.10629575026488776,50,0.0859,0.0379178786266043,-0.22911586906527717
1974-11-01,-0.07997530332468682,0.0981278492260915,50,0.0827,0.0245197115448408,-0.2154403021752099
1974-12-01,-0.12225661823433637,0.07163084241689649,50,0.0521,0.0251801601690487,-0.2158576932850508
1975-01-01,0.15238466897347974,0.10213708824872078,50,0.1275,0.0239143154957424,-0.2207870418662896
1975-02-01,-0.02742161004158237,0.059388234963162596,50,0.0212,0.0206238382982529,-0.2396175821850243
1975-03-01,-0.08826926104178939,0.054857216530926754,50,0.0482,0.0251615538950341,-0.2456301151205598
1975-04-01,-0.055915497462607586,0.05544739508701528,50,0.0762,0.0436598908323402,-0.2805719275798302
1975-05-01,-0.2710794538009239,0.05133843582319028,50,0.0245,0.0650363949647361,-0.32351454962649645
1975-06-01,-0.5728119886186599,0.0674431833376992,50,0.0111,0.0970141288857021,-0.35909358195116337
1975-07-01,-0.722442819101008,0.0719324062275509,50,0.0481,0.1124886518678626,-0.39076152644776085
1975-08-01,-0.725347936116426,0.07583640096338788,50,0.0779,0.103568887139166,-0.4456638989160644
1975-09-01,-0.6822510734430633,0.0780063240938142,50,0.0756,0.0657431304488638,-0.48956880517500395
1975-10-01,-0.6867877033063537,0.07469738291618558,50,0.058,0.0464582117753228,-0.5329816856149716
1975-11-01,-0.5069236912206894,0.0656285629246921,50,0.0949,0.0250797516441922,-0.5867866109323931
1975-12-01,-0.502271952193506,0.05248229943226742,50,0.0544,0.0214313005425183,-0.6305419987870294
1976-01-01,-0.5064438006461639,0.04657124291324554,50,0.0523,0.0215347270758798,-0.6697875189255247
1976-02-01,-0.5542804851488564,0.0530769183418917,50,0.0402999999999999,0.0179926714082603,-0.7130071869066469
1976-03-01,-0.6092238263214015,0.06605980267364983,50,0.0402,0.0251797545097767,-0.7764929471824494
1976-04-01,-0.701574601271666,0.07676391754978684,50,0.0371,0.04472511435985,-0.8129195871412437
1976-05-01,-0.7961441080565586,0.07725697801248305,50,0.0445,0.0715119617835219,-0.8219894135197139
1976-06-01,-1.0437582302806034,0.09816328199397985,50,0.016,0.0999142933371725,-0.8307082759352421
1976-07-01,-1.2410788348744746,0.11711559938271184,50,0.0296,0.1160080625072903,-0.8368071105257514
1976-08-01,-1.4871770594260556,0.14685433034481235,50,0.0107,0.1056562968052483,-0.8300876496900945
1976-09-01,-1.119370752948596,0.1254379103574177,50,0.1404,0.0647770225871702,-0.7825949814294989
1976-10-01,-0.7956256198479942,0.136315596187748,50,0.1291999999999999,0.0441879134532631,-0.7342393584158682
1976-11-01,-0.6115500402070291,0.13559281169648568,50,0.0943,0.024636270925253,-0.6817292845641506
1976-12-01,-0.575457967279617,0.11245262116548131,50,0.0571,0.0116834476010584,-0.6394453142249746
1977-01-01,-0.4258102706182828,0.10911215242712913,50,0.0855,0.0127445334045289,-0.5786550877429719
1977-02-01,0.015631533978292193,0.15993989177713303,50,0.1611999999999999,0.0195023170640529,-0.5245485538577805
1977-03-01,-0.028956350157833696,0.13287443850532574,50,0.0567,0.0340517279307225,-0.4580045589951416
1977-04-01,-0.07145371505105512,0.11225495564735019,50,0.0584,0.0399903323729342,-0.42910144860507266
1977-05-01,-0.28873646398644665,0.07805073932130563,50,0.0256,0.0689504145559108,-0.4061117274152353
1977-06-01,-0.3142755124965707,0.08307168111211168,50,0.0737,0.0846783821177234,-0.3793134525249837
1977-07-01,-0.5918004282521777,0.07729939934058383,50,0.0209,0.1086780154643392,-0.3392212802587449
1977-08-01,-0.6886491210743877,0.09371397826810117,50,0.0552999999999999,0.0964030240953176,-0.30273800895611547
1977-09-01,-0.7725334282677694,0.0972986211255277,50,0.0466,0.0680042541739744,-0.2977021946210657
1977-10-01,-0.5197489655699461,0.11962915043863878,50,0.1222,0.0556361724636795,-0.29064263704901977
1977-11-01,-0.2899707415240097,0.1293638310386057,50,0.11,0.0241945114645707,-0.29114216684439215
1977-12-01,-0.09435190008475076,0.13611540750276813,50,0.1047,0.021017779743658,-0.29534244817046534
1978-01-01,0.011988985013269697,0.12757713391144687,50,0.0845,0.0153380966945452,-0.30866399448466936
1978-02-01,0.07606130599888986,0.11529549417978069,50,0.0755,0.0137869978325218,-0.30236263461503876
1978-03-01,0.05575834070671704,0.09879176076173976,50,0.0627,0.032230382516973,-0.2902962237234835
1978-04-01,-0.07744807259552372,0.07296902758880038,50,0.0371,0.0384061668458341,-0.277939755893428
1978-05-01,-0.3391398398993246,0.0510720881631188,50,0.0173,0.0769475925362889,-0.29550160846760026
1978-06-01,-0.47413406826701915,0.048408316722101254,50,0.0471,0.087706080963862,-0.3257742319239129
1978-07-01,-0.5161841098166108,0.05627036167322944,50,0.0699,0.0951037929873292,-0.3440391619649328
1978-08-01,-0.5438521903757244,0.07078676389143666,50,0.0702,0.0879929390134293,-0.3549311444498455
1978-09-01,-0.6242558143071033,0.07616657204860358,50,0.0506,0.070061056593995,-0.37588024750116306
1978-10-01,-0.730491196460013,0.07656353315497172,50,0.0373999999999999,0.0546615301118429,-0.3812455957906982
1978-11-01,-0.6532422229997613,0.06916435142432587,50,0.0718,0.0320834759774738,-0.38320552019780774
1978-12-01,-0.3135310605769898,0.08096800002559273,50,0.1313,0.0169250536463749,-0.3594906811169558
1979-01-01,-0.11871480480568292,0.08869254797320883,50,0.0998,0.0097995959410918,-0.34989412031507916
1979-02-01,-0.1753279306169204,0.06694124758151795,50,0.0425,0.0102232490881597,-0.36005109653149575
1979-03-01,-0.008625838767705996,0.08195062486306742,50,0.1006,0.0247355076551947,-0.3625135719670561
1979-04-01,-0.10096716548083766,0.067244781176163,50,0.047,0.0419051376537146,-0.3637562872986219
1979-05-01,-0.0545617709291009,0.06744520884059872,50,0.0851,0.0593110708064342,-0.3426197897872112
1979-06-01,-0.3589753386444993,0.04343464744764168,50,0.0130999999999999,0.0930053258707669,-0.30385615426651774
1979-07-01,-0.6380678244136097,0.05810263621224333,50,0.0177,0.1040109806334576,-0.2603203903647027
1979-08-01,-0.5734018956024491,0.061524492248734866,50,0.0907999999999999,0.0895577390571695,-0.21496509163724767
1979-09-01,-0.6391683982858924,0.06816047281004511,50,0.0528999999999999,0.0682732791985729,-0.15090104791239586
1979-10-01,-0.4768532263230847,0.07558981055660269,50,0.1016,0.0532670013270364,-0.09579719758993482
1979-11-01,-0.18807859675143987,0.09686403668202596,50,0.1268,0.029807223831806,-0.059548359498289204
1979-12-01,0.20889810624479,0.1427593148200409,50,0.1555,0.0222024736495828,-0.04710332654949676
1980-01-01,0.425548779923778,0.1537950444093901,50,0.116,0.0138641951210994,-0.016401394528965916
1980-02-01,0.5934405940813017,0.16120847935577448,50,0.1117,0.0242156506540176,0.01672768858862256
1980-03-01,0.6526203651018261,0.15097217863101461,50,0.0892999999999999,0.027026649574111,0.04995466219353426
1980-04-01,0.33401889161890996,0.08784898373293631,50,0.007,0.0500402285105569,0.0865467635007901
1980-05-01,0.09477862445640833,0.054311827925802754,50,0.0298,0.076546511276323,0.12451559735669761
1980-06-01,0.009447845601870812,0.040860619599213895,50,0.0673,0.0893199896337109,0.1494516988111387
1980-07-01,-0.24051882700254798,0.03661065776196272,50,0.0299,0.1002976479806614,0.14603446785998134
1980-08-01,-0.17467821234350864,0.050161785864420376,50,0.0991,0.0924413757174496,0.120229472602229
1980-09-01,-0.20006318259882236,0.05700240184252551,50,0.0714,0.0731049652995437,0.06985249078257329
1980-10-01,-0.021227220052194695,0.06852403311054946,50,0.1093,0.0420656074141279,0.04380928099232837
1980-11-01,0.11115462070185327,0.06984522886794702,50,0.0953,0.0253715922667612,0.040484664976102286
1980-12-01,0.16789133483090157,0.06135547442170857,50,0.0775999999999999,0.0206207928858771,0.046660322791071636
1981-01-01,0.11588883683075007,0.04686071457291083,50,0.0516,0.0189953366826752,0.04750610384074786
1981-02-01,-0.011083187754566917,0.05872902994846588,50,0.0311,0.0154665696025526,0.05226778022548628
1981-03-01,0.34010184761888707,0.07229618160391241,50,0.1519,0.0362420501582332,0.031161827029324473
1981-04-01,0.29412349942419697,0.0657028697458791,50,0.0659,0.0467566148034889,0.02197478210180806
1981-05-01,0.16888651823604053,0.050077315575118776,50,0.055,0.0723411550024083,0.03563896436459901
1981-06-01,0.019597218197985586,0.036302898584134276,50,0.0514,0.0848379157141633,0.041535735285429115
1981-07-01,-0.18337871038568693,0.03886103266148177,50,0.0406,0.0983667020179374,0.04851388594083186
1981-08-01,-0.42794965069745045,0.06565761108944589,50,0.026,0.0957543146935741,0.05211290139916732
1981-09-01,-0.3103077217290192,0.04778186802356457,50,0.1016,0.0741110768324714,0.06261173099670715
1981-10-01,0.1427429671012967,0.0742567600123579,50,0.1722,0.0382370277367225,0.045179902868493466
1981-11-01,0.18191587175181442,0.06098243280246118,50,0.0768,0.0286168157778149,0.013868397258172132
1981-12-01,0.25162914269573455,0.05281782968482686,50,0.0775999999999999,0.0085388439187674,-0.02219032884903312
1982-01-01,0.15907702233077564,0.0461567198233035,50,0.0416,0.0146043672975986,-0.05566156494556645
1982-02-01,0.11490276741591104,0.06230753030138055,50,0.054,0.0216262083924638,-0.0915619297624952
1982-03-01,0.13091991008032275,0.07087396762195633,50,0.0714,0.0320186058095945,-0.11043202249944388
1982-04-01,-0.08161456789965901,0.09227207762721872,50,0.0222,0.0484750219978725,-0.12711202939620195
1982-05-01,-0.26381819505042253,0.09711963834061109,50,0.0359,0.0770546435488875,-0.168578633690556
1982-06-01,-0.38205761496041424,0.08227515168871644,50,0.0569,0.1014346484561439,-0.17517777621974104
1982-07-01,-0.614183088188832,0.09607118010836542,50,0.0306,0.1105273989798348,-0.17996372563929905
1982-08-01,-0.6543907635408344,0.08826689988797262,50,0.0669,0.0934554858542317,-0.17174817967317638
1982-09-01,-0.5104678044901162,0.06696119099086377,50,0.1028,0.0708238438231848,-0.16736347210601774
1982-10-01,-0.3548562844309518,0.056016041882429334,50,0.0998,0.0469550720033967,-0.15879272593697213
1982-11-01,0.10272616140159377,0.09037121938583596,50,0.1692,0.0286127975477744,-0.13579117622550432
1982-12-01,0.19419774966103834,0.07824787351578452,50,0.0845,0.0164488812728615,-0.09902453128950107
1983-01-01,0.2576635739242477,0.06977259217414522,50,0.081,0.0213396864362208,-0.07445780139389029
1983-02-01,0.1675192582218151,0.047853235783194,50,0.041,0.0106652792236598,-0.060256616419518294
1983-03-01,0.23376886410886996,0.056421460605614634,50,0.0843,0.0308426973400522,-0.04403120228510631
1983-04-01,0.19440402863795453,0.058385841762241514,50,0.0619,0.0365279486443123,-0.025041649596990307
1983-05-01,0.17738154418161645,0.048950189395543985,50,0.0775,0.0671128685864938,-0.01952107849316287
1983-06-01,-0.08725685621308474,0.0413386394766759,50,0.0261999999999999,0.0920339322397603,-0.06325885834275163
1983-07-01,-0.4437688684963682,0.0712839959072777,50,0.0093,0.1201761825438345,-0.08507478449387457
1983-08-01,-0.45968579392789055,0.06374835852309478,50,0.0787,0.1013790142790012,-0.09227367001158593
1983-09-01,-0.2825931722327242,0.05443283999175064,50,0.1135,0.0684319269827408,-0.09737874045508087
1983-10-01,-0.2886094311850225,0.04833850495937093,50,0.0647,0.0467657570714893,-0.11630777617140114
1983-11-01,-0.42212719679347144,0.05013851066078571,50,0.0269,0.0278295024940251,-0.15166766598545925
1983-12-01,-0.06759336415243679,0.03313206744051519,50,0.1402,0.0212254244162265,-0.2003524050439538
1984-01-01,0.17127694771171142,0.05564208528748689,50,0.1165,0.0153016881593671,-0.24020051117522048
1984-02-01,0.10625841289987577,0.04220437997228535,50,0.0477,0.016777362397931,-0.2681689050418006
1984-03-01,0.006620435513026637,0.05378731695735231,50,0.0407999999999999,0.0246056428122281,-0.29804039955499134
1984-04-01,-0.22991464913074278,0.08141958680890209,50,0.0138,0.0470941585618109,-0.31551427612504596
1984-05-01,-0.406835324520318,0.09648280324317914,50,0.0297,0.063283425776232,-0.3161860060021218
1984-06-01,-0.5654341297882856,0.09536012901570641,50,0.0412,0.091821530969447,-0.2760427974500132
1984-07-01,-0.7793895948953291,0.10584660764233482,50,0.031,0.1084056785463491,-0.24995556219990833
1984-08-01,-0.8181437280861792,0.09680063956667904,50,0.0689,0.1061272954445546,-0.24533447930477914
1984-09-01,-0.49227969107338,0.07134276086066131,50,0.1428,0.0673929370129823,-0.23806653914942358
1984-10-01,-0.29667018970993253,0.0781454882530577,50,0.1107,0.0489342515103397,-0.23008813482554094
1984-11-01,0.0595913058318315,0.10788750268276429,50,0.1454,0.0272458510249319,-0.20196530853224556
1984-12-01,0.2454534588488219,0.11297976716225173,50,0.108,0.0200639994008734,-0.16603391593888955
1985-01-01,0.226729942453262,0.07989264706434845,50,0.0571,0.0071922238136769,-0.12265341591235644
1985-02-01,0.19347369476414214,0.06144803987588544,50,0.0552,0.0131956077427989,-0.06906805286055241
1985-03-01,0.10236128739961842,0.05594137632224106,50,0.0447,0.0251119460573439,0.007641017002903994
1985-04-01,0.10755926638880182,0.056424818623137085,50,0.0733,0.0447658087556761,0.04366339425189462
1985-05-01,0.024341386599953774,0.04530765727218624,50,0.0608,0.0694142460727365,0.052617621235586144
1985-06-01,-0.04486812946988793,0.02953719013150738,50,0.0678,0.0836042249686998,0.04891993750337781
1985-07-01,-0.13636523827368086,0.02139380450404981,50,0.0684,0.1036078354880646,0.04640395601786192
1985-08-01,0.10236511027529768,0.06783430396394759,50,0.141,0.0873478199075727,0.056280179532185025
1985-09-01,-0.06001116408549251,0.04982447055598203,50,0.0437,0.0744124723184589,0.050237783756700925
1985-10-01,-0.18921946590563413,0.03366787399289558,50,0.0395,0.0485575803444304,0.062242979797404646
1985-11-01,0.015219101045331342,0.03480617395800569,50,0.1076,0.0198681085086539,0.07124758418564699
1985-12-01,0.21526168102263138,0.05465892417321703,50,0.1109,0.0218467548605399,0.07508217115392643
1986-01-01,0.34524462462513916,0.06571354097294389,50,0.0957,0.0168390214178235,0.07178838819464907
1986-02-01,0.12096494545833289,0.06645697984093085,50,0.0069,0.0021809822799785,0.07264274675182604
1986-03-01,0.24642363988806315,0.07431291401742231,50,0.096,0.0264216634788764,0.05771983381013099
1986-04-01,0.21561451904770984,0.08205979124967712,50,0.0636,0.0353693898837892,0.03184220292235848
1986-05-01,0.07035643021930717,0.07705311146878102,50,0.0479,0.0705737736300484,0.020704176176113694
1986-06-01,-0.08439352498121627,0.059869035791309415,50,0.0538999999999999,0.1009705485031613,0.012769196817657402
1986-07-01,-0.12611293558755712,0.03557100895392524,50,0.0788,0.1015668858476628,0.024218146942115205
1986-08-01,-0.076709845025043,0.023069303291533887,50,0.0935999999999999,0.0830078849298392,0.010902773821399063
1986-09-01,-0.3705427347387626,0.06287898960380492,50,0.0034,0.0604780838168806,0.012569206773152916
1986-10-01,-0.32287578686057167,0.05010772948107388,50,0.0773,0.0509190909790101,0.013334246768496247
1986-11-01,-0.08000065125614411,0.0189480747276671,50,0.1181,0.0303748486291656,0.0024137646113357204
1986-12-01,0.35264908251612503,0.0704898944692084,50,0.166,0.0234917713483436,-0.01888148586908704
1987-01-01,0.18546014717654544,0.044850128723976104,50,0.0237,0.0098635620473658,-0.027745647319571704
1987-02-01,0.14096214087937914,0.06433070980375002,50,0.0523999999999999,0.0160562232530396,-0.04384625529087601
1987-03-01,0.2556041198321831,0.0718645533135484,50,0.0944,0.0283009230534779,-0.05582897733498118
1987-04-01,0.08456873316178352,0.07780555892989147,50,0.0371,0.0557320888870389,-0.046715535645876244
1987-05-01,-0.18518657554576592,0.09836359421534854,50,0.015,0.06949595032588,0.0021759057017523378
1987-06-01,-0.19076346238703226,0.07143187808185204,50,0.0797,0.0851302301246344,0.0323928328028656
1987-07-01,-0.31932023124320874,0.06266074391055175,50,0.0574,0.1058910145522165,0.027115302481203137
1987-08-01,-0.22050250955430492,0.037427095220543494,50,0.1056,0.0928371646271364,0.06384435842718662
1987-09-01,-0.26118143446950354,0.04215268677690251,50,0.0654,0.0695001959241337,0.09314299667026765
1987-10-01,0.2638215093109713,0.0868949068000213,50,0.1925,0.0438806649756628,0.12193957952189553
1987-11-01,0.282602473957215,0.06676759609998184,50,0.0732,0.0262673889690002,0.15082794702619393
1987-12-01,0.28931871865617553,0.04962519390861136,50,0.0678,0.0187618945480894,0.1844479564533915
1988-01-01,0.6262088185283473,0.09707811805964794,50,0.1487,0.0214453375368079,0.19615381538340404
1988-02-01,0.4925457997963514,0.07044929948798469,50,0.0406,0.0208745292471824,0.22580180254078894
1988-03-01,0.6011631140517177,0.08269714595943592,50,0.101,0.0329520308393896,0.24233066969334718
1988-04-01,0.43122914321336403,0.0728133022683224,50,0.0407999999999999,0.0478706879730625,0.25033875518329807
1988-05-01,0.21825353758060498,0.06645229589983678,50,0.0378999999999999,0.0776682026093202,0.21958943480153095
1988-06-01,-0.050293155226881596,0.07139770742472663,50,0.0283,0.0991461746432038,0.1853648977827501
1988-07-01,0.036455614645409654,0.031920493382850836,50,0.1095999999999999,0.0992839867920459,0.1549589137529567
1988-08-01,-0.022156103723605346,0.03424131719693335,50,0.0729,0.0902373311341393,0.09373281471173263
1988-09-01,-0.16508440859009316,0.049438202658327594,50,0.043,0.0665119705736601,0.05019702251574117
1988-10-01,-0.10517033527023387,0.03786819356943051,50,0.0823,0.0463427730212989,0.003578250872363667
1988-11-01,-0.12809197026815564,0.04599465050630782,50,0.0546,0.0220041151668263,-0.030384324828035186
1988-12-01,-0.07555308970134517,0.0467046591257972,50,0.0737,0.0257007824762337,-0.0701206834477036
1989-01-01,-0.1085043699663415,0.06579675987908024,50,0.0533999999999999,0.0243044050809825,-0.09586698985673381
1989-02-01,-0.02988370655554606,0.0678514797459352,50,0.0794,0.0233312485032682,-0.14903470586467776
1989-03-01,0.041737854331187665,0.06731408028982228,50,0.0827,0.0333951777768656,-0.19619466092667529
1989-04-01,0.023678234808577753,0.07584557093739484,50,0.0639,0.0379611897750887,-0.2510239454117655
1989-05-01,-0.2585827658554159,0.09802979167851984,50,0.0143,0.0790288570168809,-0.2979295568900168
1989-06-01,-0.3592488321352441,0.085934896607271,50,0.0587,0.0943752960730866,-0.3328939547832897
1989-07-01,-0.6015569774499179,0.10143222296661053,50,0.0297,0.1138361131017719,-0.35338260138976213
1989-08-01,-0.5880755644675757,0.08554238760689356,50,0.0808,0.0954040221621771,-0.34939750625602994
1989-09-01,-0.8230358224111757,0.11506202757263621,50,0.0116,0.0690476641456002,-0.3371641712769675
1989-10-01,-0.6680376730092493,0.08482646043675164,50,0.0949,0.0497974609354068,-0.35046807643611366
1989-11-01,-0.5476647449874305,0.06322901017667786,50,0.08,0.0235817795343732,-0.37646004190300614
1989-12-01,-0.3214168489790144,0.0356602298103125,50,0.1039,0.0127137951683648,-0.39613246294118554
1990-01-01,-0.06068322836155522,0.04105541423971307,50,0.1197,0.0221522153722668,-0.42008066423680784
1990-02-01,0.11691631319320325,0.05732538837282374,50,0.1052,0.0247458331276821,-0.43708154025350154
1990-03-01,-0.11790900757856645,0.03768635350241084,50,0.0126,0.0362085433675044,-0.46543813390267624
1990-04-01,-0.2882253507941314,0.059972565837741486,50,0.0261999999999999,0.0427886421027589,-0.47870149384020605
1990-05-01,-0.4946518183135689,0.07568471265623353,50,0.027,0.0781525531148046,-0.49139430749218654
1990-06-01,-0.6466272476827121,0.0827101610182621,50,0.0397999999999999,0.087349070481979,-0.500112168923698
1990-07-01,-0.8055674896502419,0.09198737738862968,50,0.0441,0.1114026266003985,-0.5008012710720721
1990-08-01,-0.9283546882576721,0.10503292218247468,50,0.0467999999999999,0.1020512258572078,-0.5216141887286146
1990-09-01,-0.9821961416615335,0.10803843700591617,50,0.0475,0.0632221720937487,-0.5607353783377859
1990-10-01,-0.8203514368330156,0.09070634149082994,50,0.0944,0.0508975398558282,-0.5731830782800905
1990-11-01,-0.6522790821655685,0.07360238284406312,50,0.089,0.0232541912734822,-0.5671636323796664
1990-12-01,-0.32968607475950285,0.07531610275965718,50,0.1265,0.0150493689315446,-0.5654978519968716
1991-01-01,-0.3104382402400653,0.055988602285248656,50,0.0579,0.0123681973734818,-0.5599934418736073
1991-02-01,-0.3525379621168526,0.04556898547211384,50,0.0425,0.0102375795557635,-0.5619222758314238
1991-03-01,-0.2672814068862206,0.04881789951814642,50,0.081,0.0340908976652545,-0.5683552925990996
1991-04-01,-0.2159919999890421,0.05040633505708731,50,0.0782,0.0449801412649054,-0.5801677791203799
1991-05-01,-0.47466245372003263,0.0479741712261251,50,0.0129,0.0696158225264338,-0.5884543556167445
1991-06-01,-0.5805743262035397,0.0507544047355813,50,0.049,0.0802232282577452,-0.5991285061601413
1991-07-01,-0.8287134971440411,0.07616986405605661,50,0.0248,0.1138914717057227,-0.6438360784831769
1991-08-01,-1.0055508894697809,0.09884834669059617,50,0.0326,0.0996318622805928,-0.6913810307466758
1991-09-01,-1.1239459799168965,0.11192105998790305,50,0.0347,0.0745994422379067,-0.7326437465177996
1991-10-01,-0.919790354789392,0.09660255004166682,50,0.1006,0.0463219186239249,-0.772065669798256
1991-11-01,-0.7803688886863295,0.08592326301639365,50,0.0815999999999999,0.0265313294210941,-0.8152933124546565
1991-12-01,-0.8661769426359309,0.07607494350383197,50,0.0271,0.0196582173427145,-0.8341990748673703
1992-01-01,-0.8809776674020503,0.07336284763508906,50,0.0415,0.0164752475526003,-0.8537137181609328
1992-02-01,-0.8476905513703396,0.07121819772779735,50,0.0552999999999999,0.0234344403026517,-0.856642771229719
1992-03-01,-0.7403444862516977,0.06554941437633241,50,0.0782,0.0356918606266277,-0.8345619948237148
1992-04-01,-0.7347237118658483,0.06559291165617906,50,0.0592,0.0459312837791081,-0.8014315791559102
1992-05-01,-0.7015316026725975,0.07187441168284246,50,0.0789,0.0819120489983246,-0.7787537862936543
1992-06-01,-0.814750045726288,0.08591347338541204,50,0.0504,0.0992950746630662,-0.7473003600616933
1992-07-01,-0.8638621339694772,0.10856990158299476,50,0.0650999999999999,0.102381936361888,-0.6969084306877136
1992-08-01,-0.7405815725977317,0.13776177992654254,50,0.1009,0.0878900937520665,-0.6399382044869817
1992-09-01,-0.726380991903241,0.14254523166048294,50,0.0686,0.0648955254283255,-0.596328626213377
1992-10-01,-0.6476568404423207,0.13717064176067814,50,0.0744,0.0367413600060788,-0.5713904213612396
1992-11-01,-0.40292777390279577,0.14954512907469053,50,0.1125,0.0270459455534186,-0.5464567639048201
1992-12-01,-0.2614737901481757,0.1424298664351992,50,0.0874,0.0145536717008145,-0.5056453125961315
1993-01-01,-0.19733495299326737,0.12895521919278669,50,0.0734,0.0209078323504023,-0.4566499563277546
1993-02-01,-0.3243756120870841,0.09049902757931254,50,0.0283,0.0213463684822674,-0.4175737995791767
1993-03-01,-0.4410860280260494,0.06981372789418612,50,0.032,0.0315438258422383,-0.4007732210067419
1993-04-01,-0.4355198223888128,0.06867602933270328,50,0.0664,0.0510654989003478,-0.38038476375134017
1993-05-01,-0.21179418696833419,0.10113526011504227,50,0.1271,0.0727143883426907,-0.3760028539933637
1993-06-01,-0.22680577050576542,0.11041998354283887,50,0.0802,0.0915274601557363,-0.38086386866711996
1993-07-01,-0.3949482529865417,0.10496975917556223,50,0.0458,0.099545451907055,-0.3783021786692293
1993-08-01,-0.538974629728515,0.10416886560142366,50,0.0443,0.0874107763274413,-0.37565818422478925
1993-09-01,-0.48171950483841974,0.11452813917880113,50,0.0820999999999999,0.064067244444413,-0.3524436467745746
1993-10-01,-0.5950739233466029,0.09086013458711263,50,0.0321,0.0368832479388437,-0.3036016781366176
1993-11-01,-0.4612599499878713,0.08721641134579287,50,0.0842,0.0212461590413487,-0.24778799472779675
1993-12-01,-0.23073351017348728,0.10060610714673696,50,0.1094,0.019618170039131,-0.22783940604833683
1994-01-01,-0.165607019659987,0.09291587119313903,50,0.0737,0.0202563432850731,-0.22910008405477544
1994-02-01,-0.04580116268450926,0.0956136229871905,50,0.0863,0.0154756619901419,-0.23126874158829858
1994-03-01,0.1450175956294355,0.1156803458319061,50,0.1128,0.035643762997556,-0.2216527255991152
1994-04-01,0.23424437851703722,0.12009269372044352,50,0.0949,0.0447848722921126,-0.21293795893041886
1994-05-01,0.027588877185185115,0.08289581987586499,50,0.0352,0.0737193079591468,-0.19511063790565644
1994-06-01,-0.24193390658302885,0.05214491957492705,50,0.0228,0.0921248929531904,-0.18052739818923105
1994-07-01,-0.4209721433888196,0.05736049113908558,50,0.0461,0.1095299691520288,-0.1616226490771004
1994-08-01,-0.4235824378583143,0.07810261422055051,50,0.0804,0.0947633599817336,-0.12238977059601353
1994-09-01,-0.3771423048140638,0.08815651239484698,50,0.082,0.0659101427587227,-0.08331503715852717
1994-10-01,-0.38114607104945386,0.08219323856024731,50,0.0643,0.0481641752230842,-0.06814540419920338
1994-11-01,-0.28626107339076645,0.08064605688586554,50,0.0835,0.0352130530699781,-0.07977853436118844
1994-12-01,-0.0038765208279192775,0.10375744768236965,50,0.1261,0.0227148038738073,-0.08804850523286878
1995-01-01,0.3051875221130552,0.13495265529791306,50,0.1358,0.0175955843153979,-0.09739298256384658
1995-02-01,0.42309563856532717,0.13435189629717428,50,0.097,0.0230708274713649,-0.10717293445192028
1995-03-01,0.327053191141321,0.10112913497648014,50,0.0487999999999999,0.0275284177159675,-0.14239510329983138
1995-04-01,0.09464681657321641,0.06398103760390172,50,0.0206,0.046262327486673,-0.18088090616581298
1995-05-01,-0.07165077327497898,0.04704848885277453,50,0.042,0.0733367276037295,-0.2085961974954396
1995-06-01,-0.3540676345547623,0.04945526086963609,50,0.0178,0.0926280959120985,-0.2389142298754312
1995-07-01,-0.5383315660457041,0.06102034573795008,50,0.0451,0.1165743846295408,-0.2845292457633642
1995-08-01,-0.8462484640332477,0.09918289647250483,50,0.0111,0.1141089693129616,-0.3574264431329596
1995-09-01,-0.8389719392058429,0.09565963564862696,50,0.0648,0.0662183531087856,-0.43297214098806
1995-10-01,-0.7137295670049733,0.08482580209543923,50,0.0889,0.0531513300291867,-0.5015214040555028
1995-11-01,-0.6500774619506656,0.07158341913017628,50,0.0667,0.0263294129176178,-0.5531300484736196
1995-12-01,-0.551256711483115,0.0552726249504186,50,0.0705,0.0100751157320572,-0.5962300404529407
1996-01-01,-0.5695788463220901,0.052107231479801966,50,0.0458999999999999,0.0158013382580273,-0.631287846840771
1996-02-01,-0.48345273569587677,0.05016037548975025,50,0.0695,0.0122602527710872,-0.6652104741132837
1996-03-01,-0.4955379656679948,0.05821078738577352,50,0.0511,0.0231019683265048,-0.6730257542566735
1996-04-01,-0.5246569164441831,0.06139037991222341,50,0.0535,0.0420668079700719,-0.6938206406963546
1996-05-01,-0.5888506770268321,0.06276613126977294,50,0.0496,0.0563538315128114,-0.7112450192417907
1996-06-01,-0.774761311208726,0.07279226000919758,50,0.0299,0.086749370795957,-0.7079625999456381
1996-07-01,-0.9454030933158569,0.08591975856063959,50,0.0357,0.1017340322855937,-0.7195221875040052
1996-08-01,-0.9400318257539259,0.0892125082047508,50,0.0737999999999999,0.0973267469606711,-0.7432009176946016
1996-09-01,-1.0885105764820155,0.10376004801501684,50,0.0276,0.071631747914288,-0.7651999376503604
1996-10-01,-0.9228221095502067,0.09738671225886493,50,0.0945999999999999,0.0536653734547905,-0.7988439183474251
1996-11-01,-0.6106884303968344,0.10011733317442406,50,0.1229,0.0250978677152351,-0.8385495518724372
1996-12-01,-0.6899717621835206,0.07451888154040583,50,0.0294,0.012883851073823,-0.8728545264607172
1997-01-01,-0.8537236086092467,0.07183905113758841,50,0.0070999999999999,0.0121306079103658,-0.8805604641407418
1997-02-01,-0.7474409751649833,0.06656283466022819,50,0.0737999999999999,0.0244289461463077,-0.8759855918261547
1997-03-01,-0.8992657340327698,0.07929664069867076,50,0.0184,0.0389030827417756,-0.8794961002311891
1997-04-01,-1.0011245187443283,0.08767636078566468,50,0.0325,0.0522561539291582,-0.8796253554695417
1997-05-01,-1.000510372086192,0.08191429803020854,50,0.0642,0.0765101851949994,-0.8974721760610004
1997-06-01,-0.8672325633690214,0.08742993483275714,50,0.1015,0.0905475479647522,-0.9192017630677248
1997-07-01,-0.8905046255408098,0.11206678007810747,50,0.0715,0.1053511321574105,-0.9152196621911953
1997-08-01,-0.9821579266143395,0.13477622618669044,50,0.0546,0.1051260892270796,-0.8821496676611225
1997-09-01,-1.090061639342247,0.1376438898164956,50,0.0364,0.0696276003455721,-0.8670501625885824
1997-10-01,-1.136983956647712,0.13242536389439377,50,0.0407,0.0458249137279001,-0.8261969556322802
1997-11-01,-0.8714434744775282,0.1377468946240013,50,0.1097,0.0296600525415627,-0.7672849198899896
1997-12-01,-0.6421865516651656,0.1429808400608356,50,0.1022,0.019800252496612,-0.7294005506307926
1998-01-01,-0.4568836742483721,0.1455799721300388,50,0.095,0.0179613191333884,-0.6822067233190626
1998-02-01,-0.5662469142945019,0.1121777178404791,50,0.0296,0.0254366157662536,-0.6487533170018415
1998-03-01,-0.4090272505571447,0.12386538273941228,50,0.0960999999999999,0.036758889691795,-0.6175304816757269
1998-04-01,-0.29418008983684124,0.13052027195635452,50,0.0897999999999999,0.0399279470166194,-0.5860129446842494
1998-05-01,-0.5458979409758261,0.09948540386411801,50,0.016,0.0759466160409769,-0.5291105456999707
1998-06-01,-0.30090663562826275,0.14717911447940613,50,0.1353,0.0859849246073461,-0.46943443345238545
1998-07-01,-0.4890637497341563,0.13622512582995047,50,0.0391,0.0974494890445048,-0.4184293086938322
1998-08-01,-0.6074839027009646,0.13914765046382577,50,0.0508,0.0923820398626481,-0.3561390920700183
1998-09-01,-0.7118511954445169,0.1346517812419381,50,0.0445,0.0711645016204628,-0.2917532678281422
1998-10-01,-0.4541551688363683,0.15786056984447483,50,0.1207999999999999,0.0447087938250101,-0.24754414379024095
1998-11-01,-0.15533012750650513,0.1796464874404432,50,0.1283,0.0247837927639838,-0.21451011227495612
1998-12-01,-0.030125054562526326,0.17212514854078115,50,0.0902,0.0208366276104816,-0.1748307797642418
1999-01-01,0.29059892523739506,0.2004787422443792,50,0.1392,0.019478837422157,-0.15681141495853873
1999-02-01,0.20638297660801086,0.15704278959275425,50,0.0472999999999999,0.0207083199008559,-0.14935613950136814
1999-03-01,0.12148223789767008,0.12518193002294672,50,0.0498,0.0329485452872514,-0.13033035553945263
1999-04-01,0.10222828834657724,0.1129820065887985,50,0.07,0.0496180178104885,-0.07718130395057614
1999-05-01,-0.06974595084725457,0.08705755367468691,50,0.0434,0.0796878234455109,-0.04938064022373368
1999-06-01,-0.08467425795982592,0.09210588560455207,50,0.081,0.087173925888782,-0.044843422456030235
1999-07-01,-0.3996004442481088,0.07652561942507673,50,0.0168,0.1112688361390774,-0.03760377239099232
1999-08-01,-0.37917449515797913,0.09885814602415278,50,0.0861,0.0937899099564874,-0.04951629967631823
1999-09-01,-0.07406257637799878,0.14787750102423441,50,0.1482,0.0733680973259058,-0.043151500361258165
1999-10-01,-0.12054720411425884,0.12712109964192037,50,0.059,0.0463507052435999,-0.04223043919267073
1999-11-01,-0.10088351429406371,0.10806326882107978,50,0.0672,0.0271410019390171,-0.04089910929524484
1999-12-01,0.05675074621792862,0.10941223991870369,50,0.0975999999999999,0.0180657223172195,-0.038279089636145944
2000-01-01,0.14764859781348427,0.10337178575753325,50,0.0842,0.0180760665820628,-0.05583049798192413
2000-02-01,0.28276056838873154,0.10963938345226891,50,0.0982,0.0230005658367168,-0.051116260969271056
2000-03-01,0.13253497192071925,0.0773517342119043,50,0.035,0.0328829633151999,-0.04694613872433436
2000-04-01,0.11820424711568801,0.07166577487852525,50,0.0676,0.0399890467475791,-0.04645709721785862
2000-05-01,-0.03830571493806782,0.05325228612971513,50,0.046,0.0766335172522466,0.005854244779227964
2000-06-01,-0.2952911581091642,0.04731863317627612,50,0.0243999999999999,0.0920957228017915,0.1070761664866447
2000-07-01,-0.3430296000962719,0.049622061635161856,50,0.074,0.1019345050053696,0.21086467075630777
2000-08-01,-0.3291330282187387,0.06658076969071408,50,0.0858,0.0952219928414973,0.29623262326585736
2000-09-01,-0.06819407830029,0.10362099230733249,50,0.1376,0.0717860256308408,0.37401251845966105
2000-10-01,0.5071888998507802,0.1878049512386273,50,0.209,0.0450829320121085,0.45056582309634474
2000-11-01,1.1137795461949371,0.268742027091148,50,0.22,0.0254430348078228,0.526274358111366
2000-12-01,1.3022127974538855,0.2628431690413566,50,0.127,0.0179701357414492,0.5955499816741775
2001-01-01,1.1720640279280792,0.20050095044321975,50,0.0516,0.0139324193481927,0.6622100548473964
2001-02-01,1.216119310714376,0.18279361990119863,50,0.092,0.0163591191918328,0.7184501369863119
2001-03-01,1.0511746275609237,0.1425148574068654,50,0.0453999999999999,0.0259129162286334,0.7755447448817344
2001-04-01,1.0267066672959428,0.1331715896602811,50,0.0818,0.0414915944739719,0.8062949296324238
2001-05-01,0.7930017678156708,0.10225262098205459,50,0.0444,0.0800102519706356,0.7862439716478523
2001-06-01,0.5046297199694612,0.08128886529526798,50,0.0306999999999999,0.0906240506383164,0.7077617076694834
2001-07-01,0.3318513855707158,0.066757253620136,50,0.0582,0.1037893902172657,0.6077261662636907
2001-08-01,0.3560022665263296,0.053536889115543995,50,0.0985,0.0916504204492044,0.5211004729216854
2001-09-01,0.30080813870798356,0.051850987514483346,50,0.0716,0.0686933740265728,0.44497896210497534
2001-10-01,0.2665774040359232,0.05127568326075832,50,0.0716,0.0572769702489939,0.36839647601379494
2001-11-01,0.17199237845450996,0.0660608336211702,50,0.0466,0.0300783469763547,0.2919970427437329
2001-12-01,0.10178630058437328,0.09139221308021436,50,0.0453999999999999,0.0153096904455765,0.23077168005039214
2002-01-01,0.1325557078240138,0.09899422015206003,50,0.0708,0.0217992098992277,0.18239102762358086
2002-02-01,0.3026611809138563,0.0892427241230743,50,0.106,0.0244563790427118,0.13925820199626113
2002-03-01,0.1321847944667589,0.11946132701881954,50,0.0298,0.0333950997529744,0.09478346520393265
2002-04-01,0.10991346805519862,0.11976186366271406,50,0.0668,0.045317948518486,0.03598135777056202
2002-05-01,0.05829741549558136,0.10673580015493385,50,0.0694,0.073460833480714,0.01403690251029076
2002-06-01,-0.07593810915227396,0.10157050573873047,50,0.0533999999999999,0.0869988563534147,0.03635920949850086
2002-07-01,-0.18574252195712096,0.09184301320086256,50,0.0603999999999999,0.0965116709038687,0.06942060944821597
2002-08-01,-0.17769457498161242,0.07004133113149483,50,0.085,0.0906915442531993,0.09774147750378175
2002-09-01,-0.4048171504924639,0.09995120559694944,50,0.021,0.0702274455925862,0.10112720987551821
2002-10-01,0.0032439409126681384,0.0326814259866181,50,0.1614,0.0442379785448987,0.10808415671182121
2002-11-01,0.43986006231303115,0.06669218057240835,50,0.171,0.0308093751908354,0.10947089725568852
2002-12-01,0.4985230999809546,0.05854219043127228,50,0.0825999999999999,0.0173969576750122,0.11755332620311919
2003-01-01,0.47240612449080316,0.05345112663654311,50,0.0628,0.0168567950341232,0.12534595006382557
2003-02-01,0.34328996937469375,0.07095719264032026,50,0.0373999999999999,0.0173252774229931,0.12356773882526008
2003-03-01,0.215668156502395,0.09299270582912723,50,0.0416,0.0349789850272874,0.09749052619393599
2003-04-01,0.1265543545816062,0.09985343563752169,50,0.055,0.0530032986527035,0.10392354810152234
2003-05-01,0.1552865628647496,0.07789024330623835,50,0.089,0.0727296844319747,0.07850404865816855
2003-06-01,0.017573377176202828,0.06734111929764951,50,0.0586,0.0986392073506013,0.02791753865475965
2003-07-01,-0.20708105681990696,0.07714687052969478,50,0.0394,0.1104394677580366,-0.015932575418412285
2003-08-01,-0.4906211265575017,0.10870098643765366,50,0.0178,0.1009579384480067,-0.04703700153832003
2003-09-01,-0.3276208876014276,0.07200945491000452,50,0.1095999999999999,0.0694636383017393,-0.06793353141457444
2003-10-01,-0.30179005240757734,0.06324493020764152,50,0.0684,0.0386186254150882,-0.08758156223327877
2003-11-01,-0.16717805772787575,0.04052317400026273,50,0.0917999999999999,0.0291468254896107,-0.11397165837375611
2003-12-01,-0.02767826889710863,0.025475118480239794,50,0.0912,0.0174247771958044,-0.15674529704045148
2004-01-01,0.09915301105191024,0.02924553593413753,50,0.091,0.0185404091759303,-0.19869327560043026
2004-02-01,0.09253161085964084,0.0500264731808844,50,0.0608,0.018227369362401,-0.2356561081917342
2004-03-01,-0.02010821332205683,0.07644856330339235,50,0.0392,0.0302064840121889,-0.24607960842600707
2004-04-01,-0.19012679910412203,0.10043373487230195,50,0.0296,0.048097929733493,-0.26496577070474253
2004-05-01,-0.3579971011355951,0.10954926043190523,50,0.0358,0.0725872120669709,-0.25833636650160796
2004-06-01,-0.48580236554354245,0.10284514065603569,50,0.0502,0.093983173509135,-0.2590372302275539
2004-07-01,-0.6506350479155535,0.10729558931191424,50,0.0414,0.1005046045502435,-0.2672978645330762
2004-08-01,-0.6157031293687766,0.08622187666219461,50,0.0876,0.1023384457454914,-0.2932684579670967
2004-09-01,-0.5542548349462532,0.0766884178936354,50,0.0846,0.0737493655314235,-0.3229426226423498
2004-10-01,-0.2222372019699626,0.06723446965581825,50,0.141,0.0449239598584266,-0.34978387408113587
2004-11-01,-0.1755884224392278,0.05140389522539398,50,0.0722,0.0288112148109788,-0.34984198233406755
2004-12-01,-0.12680588056337558,0.03456936334579665,50,0.0704,0.0202093682207283,-0.35036271703836047
2005-01-01,-0.21249411015633604,0.028498373062523306,50,0.0392,0.0218155172750716,-0.3619772909466709
2005-02-01,-0.2635583652433963,0.050187129804061835,50,0.044,0.0164810763228732,-0.3719111907807901
2005-03-01,-0.3422032305874898,0.06876383847582444,50,0.0428,0.0346223697541103,-0.39808200621554013
2005-04-01,-0.19082409813930157,0.04633757986448558,50,0.101,0.0456812277274593,-0.4330703968284026
2005-05-01,-0.36424591758711017,0.05950067488926919,50,0.033,0.0675971434302351,-0.44961938119379496
2005-06-01,-0.625177252443268,0.08229929650531925,50,0.0188,0.0957833709409767,-0.4491922344688044
2005-07-01,-0.7698418459249836,0.08951486651148634,50,0.0458,0.1054729677585336,-0.45356037551979783
2005-08-01,-0.9297529145857767,0.10641727365769954,50,0.0356,0.0941789659553573,-0.4494875937196499
2005-09-01,-0.9741155223006026,0.10832048331806175,50,0.0533999999999999,0.0735143672294615,-0.44579676068306856
2005-10-01,-0.42082501435467196,0.09724622557297853,50,0.1898,0.0522570066003853,-0.4246532582591358
2005-11-01,-0.17046266173934022,0.10479465751840285,50,0.1167,0.024566933138935,-0.421306549852255
2005-12-01,-0.17922357317529708,0.07554868816946395,50,0.0562,0.0183196038696497,-0.3923607533132829
2006-01-01,-0.16362072855456117,0.055272753449585314,50,0.0608,0.0155287839421061,-0.36309915926989217
2006-02-01,-0.21926836880441933,0.039940259037920416,50,0.0444,0.0174805142925348,-0.35009567013598214
2006-03-01,-0.08848120150029708,0.04992929048588285,50,0.0907999999999999,0.0241411347748233,-0.3198983787856064
2006-04-01,-0.15066359725673217,0.04465970441684626,50,0.0538,0.0447985905393654,-0.284425325455617
2006-05-01,-0.016896359119445366,0.05369634041808112,50,0.1095999999999999,0.071329053928143,-0.2746502683984625
2006-06-01,-0.27403812392257904,0.03269348770320352,50,0.0276,0.0996331784431544,-0.26246205641072784
2006-07-01,-0.6137999763180629,0.0625785732391322,50,0.0108,0.1213965887591908,-0.22273121106800006
2006-08-01,-0.5673854183812675,0.07525609336025038,50,0.088,0.0927451611313506,-0.1771922058542986
2006-09-01,-0.5484388823407299,0.0879882708152561,50,0.0772,0.0784284119540427,-0.13693342663676844
2006-10-01,-0.30352432966881826,0.106483579472117,50,0.1234,0.0534918185350805,-0.11760139893153708
2006-11-01,-0.024204117886523924,0.1250177941543087,50,0.1276,0.0294607476920683,-0.11453369047229456
2006-12-01,0.29754657093743647,0.15248450462636395,50,0.14,0.0213770163822565,-0.1339941223587
2007-01-01,0.382847334009856,0.13881006006587027,50,0.0888,0.0222214235545095,-0.13390895237782752
2007-02-01,0.26383698180594267,0.09112893658825631,50,0.0396,0.0190993618760063,-0.09937000541062081
2007-03-01,0.1435031309624792,0.05978231671056686,50,0.041,0.0304535176044819,-0.07659977655950462
2007-04-01,-0.1138510957458219,0.04029026020450481,50,0.0138,0.0535770987942778,-0.05150365494986542
2007-05-01,-0.2504215417563108,0.04128726765673193,50,0.0442,0.0699937887388818,-0.05780646183916699
2007-06-01,-0.2730160841521092,0.03034478936190617,50,0.0784,0.0952020177799467,-0.07644002217625047
2007-07-01,-0.1993326127115825,0.04976799273237104,50,0.1019,0.0964837343273939,-0.10803689926284547
2007-08-01,-0.2941426721678732,0.060553080465223584,50,0.0594,0.0876165239455138,-0.12535543349296216
2007-09-01,-0.24728542302505957,0.07024178654223581,50,0.0846,0.0668393272987298,-0.14368848304214268
2007-10-01,-0.37915801234043706,0.05624882383228269,50,0.0354,0.0478589572825432,-0.15116896697290697
2007-11-01,-0.2478068419315256,0.04884942692930598,50,0.0897999999999999,0.0286417983957495,-0.13266588867587678
2007-12-01,-0.08161595410170362,0.04917586238868013,50,0.0968,0.0181051406879666,-0.12343446700144652
2008-01-01,0.17502492324845575,0.07619042910909134,50,0.123,0.0218762209614727,-0.1005060966957892
2008-02-01,0.043840387215776336,0.04564876763665853,50,0.0336,0.0216396933683363,-0.09137522162146201
2008-03-01,0.05373732379330795,0.04833708598076632,50,0.068,0.0293532001375542,-0.0750353180217807
2008-04-01,0.10818584381854046,0.051999389178711594,50,0.0834,0.0419171611066491,-0.0482050415086612
2008-05-01,-0.13964448166314794,0.03587201811339922,50,0.0276,0.0877278912262177,0.021664789438712872
2008-06-01,0.002124359515778632,0.036131003186680735,50,0.1171,0.0866435156016735,0.08364729193787672
2008-07-01,-0.08976211181965621,0.04728184086180015,50,0.0704,0.1066405469511273,0.1316045325152815
2008-08-01,-0.09806382897169762,0.06821696712953147,50,0.0844,0.0935640259211944,0.16223459799924786
2008-09-01,0.07467789513237448,0.09590614678181714,50,0.1184,0.0662880382401746,0.1825771896075071
2008-10-01,0.45927995902805185,0.14755990653318296,50,0.1646,0.0431979917802139,0.18667870601115155
2008-11-01,0.49598318805844044,0.12558139116240485,50,0.0812,0.0261114820539287,0.17873004448444377
2008-12-01,0.4938709328271539,0.09693779148524363,50,0.068,0.0140941298114121,0.17864536350708463
2009-01-01,0.542585709056052,0.08794068320110096,50,0.0802,0.0144162661505152,0.15201076205789266
2009-02-01,0.2879514865148872,0.06409360831185663,50,0.0084,0.0170199968356695,0.13913544885300774
2009-03-01,0.10295552063704147,0.08369015032807883,50,0.026,0.0325069233051035,0.13536263357457992
2009-04-01,0.012801905498046962,0.08969425818520241,50,0.052,0.0505925545631809,0.1008831025033986
2009-05-01,-0.14066065339145728,0.09110049400707543,50,0.0434,0.0739187381130205,0.039784975470279024
2009-06-01,-0.31749085787452536,0.08592511048961823,50,0.0448,0.1011836816271557,0.025747654745131156
2009-07-01,-0.2442658702782754,0.045397215969051996,50,0.1043,0.1067933991359409,0.019451053497350684
2009-08-01,-0.14333761231283113,0.04338080955919208,50,0.1082,0.0946760579891626,0.005552534617845629
2009-09-01,-0.3390764777218014,0.05522325575431629,50,0.0288,0.0680742583034301,0.0029726418786355144
2009-10-01,-0.2738975653693831,0.04662217510891667,50,0.0824,0.0512615737056603,0.018791293116996587
2009-11-01,0.327535339356666,0.09838234692338596,50,0.2056,0.0293416744176889,0.02191195762252066
2009-12-01,0.41831171785378823,0.08606991903246164,50,0.0872,0.0134383625207979,0.023599492636726626
2010-01-01,0.3758034825019913,0.05979128118339908,50,0.055,0.0094907913226698,0.020199542247716796
2010-02-01,0.25699277364436585,0.05702676227354789,50,0.0364,0.0118192629196582,0.02463569815381249
2010-03-01,0.29277933549737434,0.06815134389666684,50,0.0772,0.0276823943633948,0.002997650316239886
2010-04-01,0.05024987956433584,0.08780489455437096,50,0.0172,0.0466896283113223,0.004937523157610295
2010-05-01,-0.12041023322098572,0.09478815796560343,50,0.0382,0.0691687576739669,0.009612469651826057
2010-06-01,-0.3582902625426433,0.10041208711823837,50,0.0298,0.0996448741817124,-0.02625427474990454
2010-07-01,-0.19103199940512705,0.038998281517769656,50,0.1266,0.1076769045974708,-0.07003569519806414
2010-08-01,-0.40299418636370243,0.06514169217003596,50,0.0322,0.0914000644170061,-0.1119411359756407
2010-09-01,-0.3157980036253565,0.05129189188190255,50,0.094,0.0722254304360708,-0.13579084653713624
2010-10-01,-0.21779820743879394,0.041791518478892224,50,0.09,0.0490996231603172,-0.1747976028620688
2010-11-01,-0.10286559346410117,0.02589630675659789,50,0.086,0.0215165715463178,-0.20766755341417306
2010-12-01,-0.10706532752412698,0.026386652262321335,50,0.0536,0.0059957081270811,-0.22568277195169142
2011-01-01,-0.12706180682892754,0.04981554976618498,50,0.0526,0.0144679481890948,-0.23457315895839492
2011-02-01,-0.029203753093580413,0.052524444174370785,50,0.0846,0.0254151423145486,-0.2687710258448361
2011-03-01,-0.1753017404018167,0.08115731626865928,50,0.0296,0.0319417693065681,-0.28817201287320665
2011-04-01,-0.3441895270609148,0.09527270549696595,50,0.0322,0.0621638884152945,-0.3073882387220521
2011-05-01,-0.3365928556712065,0.07048615855508576,50,0.0778,0.0786052822825444,-0.33050684334362374
2011-06-01,-0.4649749066230852,0.07077671990199522,50,0.0487999999999999,0.0888298233449569,-0.3617782117716805
2011-07-01,-0.601406402042421,0.07660055018063697,50,0.0486,0.099879696086225,-0.38031556247724047
2011-08-01,-0.6358060307041494,0.07576212205284001,50,0.0676,0.0904631921659163,-0.3953506352240051
2011-09-01,-0.5463927138115019,0.06965516152130286,50,0.091,0.0734656201772201,-0.4248352724635957
2011-10-01,-0.49522146289765295,0.06653156036519618,50,0.0765999999999999,0.0543208467636056,-0.4567250034081751
2011-11-01,-0.47812201460078235,0.05598094164349153,50,0.0617999999999999,0.0334026341996052,-0.4720929149269483
2011-12-01,-0.32951353599084643,0.04288764432620906,50,0.0894,0.0208270396712716,-0.4957325768248108
2012-01-01,-0.30748267979010396,0.03298003228371476,50,0.0606,0.0186185153218354,-0.4971774443206065
2012-02-01,-0.3830193999686668,0.04451836933754366,50,0.0373999999999999,0.0189534098564478,-0.4904882768516921
2012-03-01,-0.5579785117367697,0.07403561451024211,50,0.019,0.0388812275543655,-0.47040422586229824
2012-04-01,-0.5286044652861931,0.0693024186069857,50,0.0654,0.0392810230938538,-0.44368667280736723
2012-05-01,-0.6202687984455567,0.0706385105246428,50,0.0477999999999999,0.0703942616909437,-0.40494055818746627
2012-06-01,-0.48231331657263427,0.043770238428426395,50,0.1074,0.0859582869093654,-0.338070273070175
2012-07-01,-0.5211363924154475,0.05677049081211506,50,0.0706,0.0952706394013686,-0.26265647630568767
2012-08-01,-0.39479741883142333,0.0881708611659374,50,0.1107,0.0971669947028884,-0.1919357243220712
2012-09-01,-0.22578207715232984,0.11179256985873899,50,0.112,0.065163167366382,-0.11816389150642281
2012-10-01,-0.03026808745884135,0.1270994025019529,50,0.1135999999999999,0.0430565618248693,-0.023144582589152418
2012-11-01,0.3243214068067133,0.1622788453418281,50,0.1492,0.0251103142420604,0.05336858922377918
2012-12-01,0.575452025183001,0.17637702076020303,50,0.128,0.0181069981900302,0.12163249256006763
2013-01-01,0.5411663440132939,0.1380165002490749,50,0.0622999999999999,0.015313344307865,0.1578423700242179
2013-02-01,0.5022425938191137,0.10907041503506731,50,0.0603999999999999,0.0154784348413972,0.17846166082362677
2013-03-01,0.5822531952704751,0.10999932275413647,50,0.0894,0.0185366462299459,0.18288196745237295
2013-04-01,0.389553596468986,0.08094534143001889,50,0.0327999999999999,0.0411881222162515,0.17409493438802062
2013-05-01,0.19889804158990465,0.06180066217504415,50,0.04,0.0699649105903728,0.18529662074531963
2013-06-01,-0.04779478700283117,0.04813710750421772,50,0.0322,0.0957209084036723,0.15659707898168623
2013-07-01,-0.2737049028225406,0.046813314469147806,50,0.042,0.1212856667032748,0.13049238860700227
2013-08-01,-0.34175373928646935,0.049675273151613464,50,0.0681,0.0984546047973685,0.13914234563036496
2013-09-01,-0.33122647392455784,0.0498517952361309,50,0.0762,0.0710549863752,0.16084009821322556
2013-10-01,0.10415214882874702,0.08371914745253564,50,0.1738,0.0556014582411958,0.1667477538929877
2013-11-01,-0.02007309435688774,0.041152981031736806,50,0.0358,0.0263763091911804,0.1720147677828768
2013-12-01,0.2621957406867934,0.070272036129188,50,0.131,0.0240293433675761,0.19467163246948338
2014-01-01,0.644965828293646,0.12229855400123671,50,0.1591999999999999,0.0206453615711441,0.22078626928822098
2014-02-01,0.7626156248134411,0.12392929163615665,50,0.1026,0.0226444674545539,0.24831239593925
2014-03-01,0.6531450634276207,0.09348933708479049,50,0.054,0.0349208184013103,0.28942335819414966
2014-04-01,0.45275776314765515,0.0652788606112578,50,0.036,0.0520649496515572,0.3037678040133605
2014-05-01,0.47078041782918384,0.060218293622433576,50,0.0928,0.0733548221424506,0.31245371046895254
2014-06-01,0.26558085482202015,0.0355204732988313,50,0.0467999999999999,0.0947918339239444,0.3284258716143646
2014-07-01,0.056608616989807514,0.03222337634400163,50,0.0482,0.1114793229203964,0.32237251242893045
2014-08-01,0.15157780777232685,0.04379411465514678,50,0.1094,0.0871733002015126,0.28899872557639156
2014-09-01,-0.15909312409402845,0.05366065441395335,50,0.008,0.0732238898085541,0.23555157143628083
2014-10-01,0.20838302629585176,0.05519249237773985,50,0.1586,0.0510414952028619,0.18889282568329469
2014-11-01,0.1715928393880571,0.031653865972470045,50,0.059,0.0275006680344286,0.14682230955840328
2014-12-01,0.18955543046158346,0.02677060040104776,50,0.0684,0.0189157563345319,0.11540866300365599
2015-01-01,0.24448038606317968,0.04012591162193316,50,0.0765999999999999,0.0162246877507919,0.0809067246390726
2015-02-01,0.12124977513211227,0.0730136253753587,50,0.034,0.0152488183713555,0.056653876791080165
2015-03-01,0.09324011439178646,0.08929232704177781,50,0.059,0.0272725843784911,0.019694371056718635
2015-04-01,-0.05208843035104122,0.10997648212893879,50,0.036,0.0439350512430031,-0.0007078464604190713
2015-05-01,0.0938166591722161,0.07397421623855767,50,0.111,0.0638320195139947,-0.053179717444706676
2015-06-01,-0.14844240555298038,0.08548632380310221,50,0.0282,0.0873806603592728,-0.07653009821048652
2015-07-01,-0.23442555718610167,0.07040009941434494,50,0.0664,0.1004313606932169,-0.03546394611278664
2015-08-01,-0.2919362610400116,0.0630924227137909,50,0.0688,0.0918240122857933,0.013376536607591147
2015-09-01,-0.4039197342996809,0.07500246625502478,50,0.0452,0.0653623379320306,0.0741219402825801
2015-10-01,-0.42127942551559955,0.07289499641780658,50,0.0602,0.0488574289518472,0.12919604845708665
2015-11-01,-0.10861172980130107,0.024752458318788466,50,0.1344,0.0337392216320268,0.19581439130267708
2015-12-01,0.6823492556339821,0.13378612509725202,50,0.2542,0.0288951701427901,0.23350126395135154
2016-01-01,0.8305661787077131,0.13574660120347995,50,0.1104,0.0216872969315339,0.2821046987769577
2016-02-01,0.8501946192319797,0.1181967440068043,50,0.0812,0.0200143482975744,0.3284799736909393
2016-03-01,0.7541294124858653,0.09348331196908534,50,0.0566,0.0290482027611588,0.3684342320211775
2016-04-01,0.7473316837960438,0.08989040375007731,50,0.081,0.0421190222339293,0.421329810620811
2016-05-01,0.5460591309563093,0.06561803051577537,50,0.0467999999999999,0.0786351916208769,0.45870834030297103
2016-06-01,0.434798812354294,0.045769483289318846,50,0.072,0.0983296444338138,0.47674539845548797
2016-07-01,0.3220777417816772,0.03338349684668907,50,0.0716,0.1035994115651796,0.43291345919519736
2016-08-01,0.18751483892284726,0.03636057854229783,50,0.0617999999999999,0.0964497090170597,0.36823024895090245
2016-09-01,0.23082720889591993,0.039906332603545855,50,0.0945999999999999,0.0744029118680738,0.3161913483875069
2016-10-01,0.027262930670322438,0.04945655016985931,50,0.025,0.0446985104107848,0.2741882283388187
2016-11-01,0.10783296802890202,0.044010186196092066,50,0.0815999999999999,0.0212069538142554,0.2127837574215432
2016-12-01,0.15636598451049427,0.05050678007659041,50,0.0757999999999999,0.0227736084745642,0.15028016142328934
2017-01-01,0.05436765577617411,0.08458024884958781,50,0.0386,0.0184341746295428,0.11223437925371671
2017-02-01,0.22572781247123314,0.0763462517461234,50,0.104,0.0216791181238867,0.07956724596523258
2017-03-01,0.2500919719016065,0.08175960202868672,50,0.0768,0.0364946157009896,0.049299268827146546
2017-04-01,0.010478032788738148,0.11509800258858521,50,0.017,0.0468449173392506,0.01931961424552146
2017-05-01,-0.20398402102273697,0.1250855626819816,50,0.0314,0.0822601411252541,0.0046943272592691295
2017-06-01,-0.021750573680577655,0.05963348410979062,50,0.1291999999999999,0.0977133781611357,-0.0016988352374180565
2017-07-01,-0.06992785768013254,0.04718904132658795,50,0.0788,0.1029356674651281,-0.005868182173013677
2017-08-01,-0.17570088673418505,0.05670138575339401,50,0.06,0.0914344694034234,0.007646957204775896
2017-09-01,-0.12892864608358107,0.04932892356079779,50,0.0862,0.0665805413683813,0.0066842726375555064
2017-10-01,-0.1482405131647055,0.04703501645297754,50,0.0658,0.0517965386190557,0.013682033709140838
2017-11-01,0.0311150180686558,0.025498511079097848,50,0.104,0.0251713664642,0.0364556025388458
2017-12-01,0.10633382128334681,0.019998927073312914,50,0.0792,0.0173753308217581,0.05710435702470528
2018-01-01,0.216549328309649,0.032773553175565164,50,0.0886,0.0164170035972588,0.034364782189243534
2018-02-01,0.21417559766458846,0.05555046846143548,50,0.062,0.0129511095752311,0.0015295140740601242
2018-03-01,0.33406510476063045,0.06723520884490693,50,0.0948,0.0223190901008042,-0.03692659651643888
2018-04-01,0.2837608587451977,0.0710904502530219,50,0.065,0.0482462715456948,-0.07216771259876277
2018-05-01,0.043801032807576766,0.07837989775957789,50,0.029,0.0785410796531009,-0.09300848562734103
2018-06-01,-0.2946254717061185,0.10055599681690694,50,0.0108,0.1063328578815325,-0.10051583769616118
2018-07-01,-0.4639510750623335,0.09929807556514215,50,0.049,0.1154822292937378,-0.09671059730752736
2018-08-01,-0.637174213820173,0.11278379395482246,50,0.0373999999999999,0.0938156162625928,-0.11082352450639127
2018-09-01,-0.5518220390714678,0.08920090901089149,50,0.087,0.0659364870466716,-0.1294489614795036
2018-10-01,-0.3983297895076444,0.06254780725789015,50,0.0975999999999999,0.044874577486292,-0.14774780650342897
2018-11-01,-0.058973206757186404,0.04214464467376246,50,0.1392,0.0274901032081062,-0.1642326939192866
2018-12-01,0.15199670594695283,0.051082234050674455,50,0.1128,0.02336955409366,-0.1746224930269632
2019-01-01,0.04719420192328196,0.022874308676931597,50,0.0382,0.0180765529299877,-0.1652985759558337
2019-02-01,-0.009329646012759594,0.03790739532121197,50,0.0504,0.025217760212949,-0.16181512187369052
2019-03-01,0.11447896447352622,0.040655413273941045,50,0.096,0.0337304845488304,-0.15118484372563049
2019-04-01,0.0859422097549059,0.04201427527404363,50,0.0672,0.0500922534573627,-0.14211394598788787
2019-05-01,-0.08087655648454238,0.04938079529980589,50,0.0392,0.0668784092376173,-0.11623468710825087
2019-06-01,-0.1827384668525643,0.04196652105385342,50,0.0608,0.0916533869561705,-0.10752627293820942
2019-07-01,-0.42214962607661555,0.06513043659995925,50,0.0322,0.1096329361051349,-0.11726535583725389
2019-08-01,-0.5096108760434529,0.07315313355855457,50,0.0608,0.0985327580403241,-0.11465777030285595
2019-09-01,-0.4429712662185561,0.06644189622676556,50,0.0862,0.069349319523664,-0.09034905308998538
2019-10-01,-0.08777868295200046,0.06966927196176205,50,0.1478,0.0426754453160693,-0.0899357258140933
2019-11-01,0.045527763283311325,0.061955725253732705,50,0.093,0.0215944084116632,-0.10897241209779444
2019-12-01,0.035127711158418944,0.03651660506156466,50,0.0602,0.0206794590017241,-0.13893556799043727
2020-01-01,0.0784852283360573,0.03109571150021562,50,0.0728,0.0203920814639079,-0.161797324434672
2020-02-01,0.28237496054168715,0.05649132547154176,50,0.1134,0.0232992035946053,-0.15831270988470522
2020-03-01,0.11943889178423124,0.045212230892462575,50,0.031,0.0310813856482295,-0.1349581691775645
2020-04-01,-0.1424980256495077,0.06617736050392788,50,0.0128,0.0557588964036923,-0.12200633060758702
2020-05-01,-0.44043442719625653,0.0972171082647505,50,0.0072,0.0778211253249352,-0.1212857293574157
2020-06-01,-0.4570795441833812,0.07201917206678689,50,0.0764,0.0957903050130382,-0.12440704190555733
2020-07-01,-0.38033425147701394,0.047761020170059156,50,0.0994,0.0972254847158755,-0.09573389689904997
2020-08-01,-0.22935638755776439,0.06351412180696876,50,0.1192,0.0979247358002149,-0.05548128023505242
2020-09-01,-0.2875492033788262,0.06476726036210322,50,0.0606,0.0676642723044433,-0.026138227637535028
2020-10-01,-0.07913146794994469,0.07529609212083813,50,0.116,0.0450254801330459,0.004851723927439683
2020-11-01,0.008072012705611899,0.06607738321938818,50,0.0848,0.0293157027723844,0.03664900856059206
2020-12-01,0.3792054512365072,0.10616451891753885,50,0.1505999999999999,0.0168909492945821,0.10207299148780387
2021-01-01,0.5615166283040278,0.11374133992309103,50,0.1102,0.0131414581000968,0.14486812761424586
2021-02-01,0.634491591711896,0.10738718338486047,50,0.089,0.0190263449243844,0.15710308891689745
2021-03-01,0.4913183105639278,0.07586009811798167,50,0.0424,0.0317677831989522,0.14340344958812928
2021-04-01,0.23906938994832092,0.06502619413133438,50,0.0158,0.0389164680794519,0.14144866425820937
2021-05-01,0.3446533679302852,0.05618816118912525,50,0.1077999999999999,0.0669218590889251,0.16821512201233932
2021-06-01,0.05646208933392274,0.04111565114607594,50,0.0252,0.0969710264953303,0.17990421703294843
2021-07-01,-0.233514715845195,0.056047660334166256,50,0.0272,0.118178165572562,0.17306834519198666
2021-08-01,-0.39375205950298237,0.07062637990464378,50,0.0456,0.096186197138623,0.1367607424311099
2021-09-01,-0.3110066273378651,0.0565777039570947,50,0.0952,0.0782112605795207,0.10172839614926071
2021-10-01,0.2420660250996144,0.09326885418955812,50,0.2012,0.0516951926852774,0.06557100171313486
2021-11-01,0.1483411529529212,0.05319300123495331,50,0.0467999999999999,0.0296211845104071,0.041239580831055424
2021-12-01,0.2971749891449663,0.05640498878829997,50,0.1002,0.019867764121142,-0.003201228506838507
2022-01-01,0.12582539517350622,0.02672968904650755,50,0.0252,0.019679406735808,-0.04400996852803588
2022-02-01,0.21410343632970613,0.03959620228031225,50,0.0866,0.0247037790163477,-0.08443884260944878
2022-03-01,0.05742957733041734,0.059010994076015656,50,0.0327999999999999,0.0358111064319326,-0.12402943282284397
2022-04-01,-0.05290766063663219,0.07476125404582729,50,0.0448,0.0461510205659416,-0.15969393241510701
2022-05-01,-0.18863634412444197,0.07698704601840745,50,0.0472,0.0756267717155682,-0.222162974597791
2022-06-01,-0.4332427909204458,0.09588212694419657,50,0.0238,0.0905734564938097,-0.2529411820142996
2022-07-01,-0.7186612048221497,0.12015878965914421,50,0.0168,0.1107110237539798,-0.2836492121944458
2022-08-01,-0.8688391420637248,0.12690515271305355,50,0.0412,0.1014258369975734,-0.29249319179157535
2022-09-01,-0.7389806224450216,0.09783075691351242,50,0.0952,0.0700337060669287,-0.3223241094908015
2022-10-01,-0.5075624810925936,0.07209434859749837,50,0.116,0.0525001089118426,-0.32720254615215183
2022-11-01,-0.2209973360451818,0.06571401477060985,50,0.1258,0.0306531751072486,-0.33472518578189825
2022-12-01,-0.07132137301678752,0.05550489720200137,50,0.0917999999999999,0.0137812707174706,-0.34904743157001056
2023-01-01,0.019697640007950806,0.048132237261351615,50,0.082,0.018763042203134,-0.3646553054728192
2023-02-01,-0.14386757606100709,0.02848069490926102,50,0.0232,0.0223911546595151,-0.3452268159091792
2023-03-01,-0.0011116626057867374,0.03627605446987494,50,0.0965999999999999,0.0288857226802629,-0.3014011583920568
2023-04-01,-0.14317933619358927,0.04217362015392655,50,0.036,0.0451001495617943,-0.2487517495759707
2023-05-01,-0.36050329358178984,0.0557282666662906,50,0.0273999999999999,0.07925824439289,-0.19270514879201683
2023-06-01,-0.6205372777541495,0.0768271325706368,50,0.0243999999999999,0.1105809035219726,-0.15774429641254709
2023-07-01,-0.48551933005846953,0.059360125028443254,50,0.1128,0.1030789965848915,-0.11531405599114104
2023-08-01,-0.34293125185825596,0.08368813942034131,50,0.1142,0.0944512183604181,-0.06574123462840682
2023-09-01,-0.1071877166519888,0.12233350685021104,50,0.134,0.079114242952086,-0.00174766129394562
2023-10-01,0.16499672831485288,0.1505832679289531,50,0.1362,0.0484440196180957,0.06035617420382886
2023-11-01,0.19853289250845524,0.1254825139702789,50,0.0754,0.0263211946480847,0.1338923974456981
2023-12-01,0.43784151204008503,0.13926528296608726,50,0.124,0.0215973634135762,0.20761564085376427
2024-01-01,0.6145714963607614,0.14183144464172306,50,0.1112,0.0163594157511849,0.28095435272729646
2024-02-01,0.6240553039525275,0.11973768807116743,50,0.0765999999999999,0.0242854144339581,0.3355622435939006
2024-03-01,0.744134363367507,0.12523537325321918,50,0.1064,0.0326776316763925,0.3640460892876658
2024-04-01,0.7392553427088417,0.11238908132757015,50,0.0828,0.0454651409781607,0.3783707410591896
2024-05-01,0.5241756273150039,0.07273122110542683,50,0.0448,0.0819412276296509,0.3708533512327507
2024-06-01,0.259527264728237,0.0363953703194348,50,0.0304,0.0862152649402901,0.3549167850878734
2024-07-01,0.16977536034077953,0.03207159013743784,50,0.072,0.0974991323554174,0.33861126948443604
2024-08-01,-0.0011251035330736058,0.03800057720356628,50,0.0494,0.09356338102739,0.328068530306861
2024-09-01,0.06470810460629721,0.04265113676770175,50,0.0942,0.0671097158792868,0.305704828315551
2024-10-01,0.07478805039758546,0.037130331427880206,50,0.0752,0.048321774812752,0.25548054452883295
2024-11-01,0.007294098769928986,0.029405013265648546,50,0.049,0.0272224076810194,0.20270827332697774
2024-12-01,0.24217532479883616,0.03233685664362731,50,0.1192,0.0224852154410495,0.1495270362406171
2025-01-01,0.4880586262298606,0.06180775118592595,50,0.1234,0.0149978324296869,0.1169472793984509
2025-02-01,0.35569088005680805,0.05824636863819514,50,0.0382,0.0206147541306557,0.069919862228553
2025-03-01,0.1414429579268903,0.08148246104604004,50,0.0218,0.0372917209892107,0.017375708798387974
2025-04-01,0.10598808828657949,0.0783877074813229,50,0.0682,0.0570410075613049,-0.012460091342699231
2025-05-01,-0.11399921772132422,0.09008748288596945,50,0.031,0.0796300806715077,-0.040311935931202116
2025-06-01,-0.13142981737775755,0.06085338111228999,50,0.0834,0.0999356391652002,-0.019691875741511836
2025-07-01,-0.3945536456979951,0.08375527821047818,50,0.0283999999999999,0.1128830165376613,0.007193931340496382
2025-08-01,-0.631654944695054,0.10944559406399583,50,0.0264,0.1026520841596666,0.020275971149638198
2025-09-01,-0.29332149708674926,0.0639220673404067,50,0.1485999999999999,0.0664794707135322,0.04531185422250402
2025-10-01,-0.25943408466444917,0.055737596413757945,50,0.074,0.0464990203199277,
2025-11-01,0.25473482104621237,0.08868957769764838,50,0.1841999999999999,0.0277905672221748,
2025-12-01,0.5648050097829348,0.11827884539252162,50,0.1416,0.0207287668301382,
2026-01-01,0.6450431039395624,0.10557572665284315,50,0.0896,0.015477510120441,
2026-02-01,0.6561214769311978,0.08982667243661273,50,0.076,0.0206622514263501,
