Cluster,Label,beta_1,beta_2,beta_3,alpha,horizon,horizon_n_months,peak_month,h_0_m,P_flood_mm,lambda_multiplier,slope_A,intercept_B,P_clim_mm
C1,C1 (Lake Edge),0.004583657996630765,0.0009635123929387615,0.0896945915048791,0.9103054084951209,Oct–M1 (4 mo),4,1,-0.8150357142857143,457.2402834468799,1.1410603839782294,173.21316308856015,316.06536934530743,400.715238095238
C2,C2 (Dune),0.003977381429048803,0.0017667828896887553,0.0656198566936156,0.9343801433063844,Oct–M1 (4 mo),4,1,-0.9720349165390922,503.29829744850275,1.2559998961878356,213.05569564121996,296.2007221177112,400.715238095238
C3,C3 (Western Residual),0.0035723370375201698,0.001847727637576341,0.0583177203413465,0.9416822796586535,Oct–Feb (5 mo),5,2,-1.2166197418178308,663.4029551428887,1.4297448135369863,236.4544033187979,375.7278600254836,464.0009523809523
C4,C4 (Main Forest),0.0025183742397928335,0.002547981719800747,0.0204536717160393,0.9795463282839607,Oct–Feb (5 mo),5,2,-1.7970788828360995,961.2796919706203,2.07171922177736,374.96972782798645,287.4295123881461,464.0009523809523
C5,C5 (Coastal Forest),0.002411957226589513,0.001323820644208498,0.0452090082727926,0.9547909917272074,Oct–Feb (5 mo),5,2,-1.4821877868852458,964.3194384745767,2.07827038614105,364.2935200161023,424.36803226527405,464.0009523809523
