Block,beta_1_P_winter,beta_2_h_min,intercept,R2,n_hydrological_years,p_value_P_winter,p_value_h_min,p_value_intercept,equation
Lake_Edge,0.0010875186038658336,-0.1336217685947239,-0.6889138858706962,0.4730020744293272,19,0.0019099972295141768,0.5483466192072041,0.03054253807518675,h_peak = (0.00109*P_winter) + (-0.134*h_min) - 0.689
Eastern_Block,0.0015923928251867178,0.19873876942684243,-0.7983885232575357,0.5223778166133968,20,0.005060526893951727,0.5377218190704935,0.14329079037528886,h_peak = (0.00159*P_winter) + (0.199*h_min) - 0.798
Western_Block,0.0012358980548080626,0.8665576116033821,-0.03338490492519569,0.6611481676678261,20,0.056786541351625947,0.009671930146973737,0.95784441956694,h_peak = (0.00124*P_winter) + (0.867*h_min) - 0.033
Forest,-0.00021520550432276237,1.3618163329427504,1.490112653753678,0.8707884753714902,19,0.7095177069005412,6.561057528656533e-07,0.016193353617596554,h_peak = (-0.00022*P_winter) + (1.362*h_min) + 1.490
Coastal_Forest,0.0004164624826137406,1.6159923330155854,1.3864016641138692,0.8810746136297241,19,0.3611326204136149,3.276202323788773e-08,0.003154586218383467,h_peak = (0.00042*P_winter) + (1.616*h_min) + 1.386
