Block,beta_1_P_winter,beta_2_h_min,intercept,R2,n_hydrological_years,p_value_P_winter,p_value_h_min,p_value_intercept,equation
Lake_Edge,0.0010875186038658336,-0.1336217685947239,-0.6889138858706962,0.4730020744293272,19,0.0019099972295141768,0.5483466192072041,0.03054253807518675,h_peak = (0.00109*P_winter) + (-0.134*h_min) - 0.689
Eastern_Block,0.0016066537406892096,0.2043565148618119,-0.794152466795593,0.5272321277094189,20,0.00407099269357298,0.4866013889070754,0.12042345137023754,h_peak = (0.00161*P_winter) + (0.204*h_min) - 0.794
Western_Block,0.0011765125313973701,0.8325290435747991,-0.041052486547871414,0.6413142891735173,20,0.0775565491130196,0.01507788422267103,0.950107066173541,h_peak = (0.00118*P_winter) + (0.833*h_min) - 0.041
Forest,-5.947227155060392e-05,1.269631165890331,1.2588062581291715,0.8647685270469074,19,0.9185462486059058,9.60704137654692e-07,0.03453001777364116,h_peak = (-0.00006*P_winter) + (1.270*h_min) + 1.259
Coastal_Forest,0.00040030905049207933,1.631151330237852,1.4144374239558697,0.8817703561654122,19,0.3787798978528846,3.124659742327782e-08,0.0027754910035649788,h_peak = (0.00040*P_winter) + (1.631*h_min) + 1.414
