Block,beta_1_P_summer,beta_2_h_max_winter,intercept,R2,n_hydrological_years,p_value_P_summer,p_value_h_max_winter,p_value_intercept,equation
Lake_Edge,0.001389516307773129,0.41488456802886775,-1.4302180562821771,0.40433300126259375,19,0.005434301369270564,0.048571641685175346,1.5303121262328402e-07,h_min_summer = (0.00139*P_summer) + (0.415*h_max_winter) - 1.430
Eastern_Block,0.0018335366434606216,0.5390441483821296,-1.6526220842326227,0.6493622533801476,20,0.00027978018175220187,0.0001183562153410369,1.9436245757963993e-09,h_min_summer = (0.00183*P_summer) + (0.539*h_max_winter) - 1.653
Western_Block,0.0012131559770753215,0.5506693038114743,-1.4452464699551215,0.7102036225668791,20,0.009965051034267777,6.591419577643889e-06,2.597158935643267e-08,h_min_summer = (0.00121*P_summer) + (0.551*h_max_winter) - 1.445
Forest,0.001223677235457302,0.7470805770933936,-1.4699438499973017,0.9155261508841483,19,0.006830883423227841,5.761707678748972e-10,1.5837098583585888e-08,h_min_summer = (0.00122*P_summer) + (0.747*h_max_winter) - 1.470
Coastal_Forest,0.0006739522592567361,0.5225025767390765,-1.3311402075706198,0.904536555632837,19,0.04302573812005199,1.6994503428754711e-09,8.669049753854508e-09,h_min_summer = (0.00067*P_summer) + (0.523*h_max_winter) - 1.331
