Block,beta_1_P_winter,beta_2_h_min,intercept,R2,n_hydrological_years,p_value_P_winter,p_value_h_min,p_value_intercept,equation
Lake_Edge,0.0012558508678120223,-0.2056771900285028,-0.8483140523443863,0.5183813825359296,19,0.0010414022301152074,0.3713212174438388,0.015110823153782805,h_peak = (0.00126*P_winter) + (-0.206*h_min) - 0.848
Eastern_Block,0.001600222648596087,0.24679981135049267,-0.7857685180811609,0.4974417270896321,20,0.0202121721253529,0.5418226306133106,0.2572508787119647,h_peak = (0.00160*P_winter) + (0.247*h_min) - 0.786
Western_Block,0.0010828959082634375,0.8965114789093008,0.038200668040024754,0.6762280922248968,20,0.10332420240519666,0.006034401809572072,0.9513949687236033,h_peak = (0.00108*P_winter) + (0.897*h_min) + 0.038
Forest,-0.0007972241671357125,1.4041930542921002,1.7464615779264543,0.9084182577617308,19,0.12661895030914724,2.5846233788800822e-08,0.0015999075158157157,h_peak = (-0.00080*P_winter) + (1.404*h_min) + 1.746
Coastal_Forest,0.000201740653782116,1.583383588021467,1.39323757486787,0.8635145095431516,19,0.6879428970462522,1.0348796784130037e-07,0.00587076398465026,h_peak = (0.00020*P_winter) + (1.583*h_min) + 1.393
