Block,beta_1_P_summer,beta_2_h_max_winter,intercept,R2,n_hydrological_years,p_value_P_summer,p_value_h_max_winter,p_value_intercept,equation
Lake_Edge,0.0015199716763122616,0.49546437915201114,-1.4542212634172587,0.4423830749222626,19,0.003605023773747762,0.01916300854484983,1.6913860280074601e-07,h_min_summer = (0.00152*P_summer) + (0.495*h_max_winter) - 1.454
Eastern_Block,0.001453499989561486,0.482119565503741,-1.469659910710349,0.6191362608971405,20,0.0015814772667882716,0.00012548706073260167,6.289991274321461e-09,h_min_summer = (0.00145*P_summer) + (0.482*h_max_winter) - 1.470
Western_Block,0.0011184383700853263,0.5768499452531204,-1.3565822674212507,0.725609657359126,20,0.020268626952487736,3.81243051813803e-06,1.2538494377137447e-07,h_min_summer = (0.00112*P_summer) + (0.577*h_max_winter) - 1.357
Forest,0.000656162859751491,0.7467531421119319,-1.1610578480365392,0.9078652077011689,19,0.13447822318024727,1.3929843521575416e-09,9.438845774060704e-07,h_min_summer = (0.00066*P_summer) + (0.747*h_max_winter) - 1.161
Coastal_Forest,0.0005623297846557471,0.5365790034578124,-1.2473724480764923,0.8803096083855113,19,0.13814397944247775,9.75476319295929e-09,1.9517793633616248e-07,h_min_summer = (0.00056*P_summer) + (0.537*h_max_winter) - 1.247
