Cluster,Label,beta_1,beta_2,beta_3,alpha,horizon,horizon_n_months,peak_month,h_0_m,P_flood_mm,lambda_multiplier,slope_A,intercept_B,P_clim_mm
C1,C1 (Lake Edge),0.00458099979735894,0.0009625442343027787,0.0896463311949521,0.9103536688050479,Oct–Feb (5 mo),5,2,-0.8139900081717555,534.7196301564636,1.1524106306520037,167.18045687700626,398.6364086969914,464.0009523809523
C2,C2 (Dune),0.0038706098316406623,0.0017448223732278358,0.0631980959142108,0.9368019040857892,Oct–Feb (5 mo),5,2,-0.9624992699137872,574.1834650352168,1.2374618243537632,215.00344229425093,367.2428087980492,464.0009523809523
C3,C3 (Western Residual),0.00357579752103308,0.0018059525905683455,0.059571488112596,0.940428511887404,Oct–Mar (6 mo),6,3,-1.2261782741727236,744.6086820931315,1.4220401858086622,229.66583067943108,462.99743019418173,523.6199999999999
C4,C4 (Main Forest),0.0025178914421465884,0.002504392599998737,0.0214570489204331,0.9785429510795669,Oct–Mar (6 mo),6,3,-1.7837963932186258,1017.9742312939786,1.944108764550588,370.90837802025686,356.3492043668737,523.6199999999999
C5,C5 (Coastal Forest),0.0024363064660208843,0.001373835262961292,0.0448449931927621,0.9551550068072379,Oct–Mar (6 mo),6,3,-1.4922258429961348,1039.1158214178101,1.984484590767752,354.6480451236247,509.9008433162779,523.6199999999999
