Cluster,Label,beta_1,beta_2,beta_3,alpha,horizon,horizon_n_months,peak_month,h_0_m,P_flood_mm,lambda_multiplier,slope_A,intercept_B,P_clim_mm
C1,C1 (Lake Edge),0.00458099979735894,0.0009625442343027787,0.0896463311949521,0.9103536688050479,Oct–M1 (4 mo),4,1,-0.8139900081717555,457.1607007691802,1.140861782402512,173.33675303172183,316.0663157524234,400.715238095238
C2,C2 (Dune),0.0038706098316406623,0.0017448223732278358,0.0631980959142108,0.9368019040857892,Oct–M1 (4 mo),4,1,-0.9624992699137872,506.45698190201483,1.2638825124530082,220.34217546326806,294.3777988874037,400.715238095238
C3,C3 (Western Residual),0.00357579752103308,0.0018059525905683455,0.059571488112596,0.940428511887404,Oct–Feb (5 mo),5,2,-1.2261782741727236,669.026256114105,1.4418639717894879,235.3253785577036,380.475389565177,464.0009523809523
C4,C4 (Main Forest),0.0025178914421465884,0.002504392599998737,0.0214570489204331,0.9785429510795669,Oct–Feb (5 mo),5,2,-1.7837963932186258,959.6561023253387,2.0682201133446068,373.96983243228084,292.5700640600623,464.0009523809523
C5,C5 (Coastal Forest),0.0024363064660208843,0.001373835262961292,0.0448449931927621,0.9551550068072379,Oct–Feb (5 mo),5,2,-1.4922258429961348,958.8131791921835,2.0664034723898204,361.04308090161607,420.05536343584777,464.0009523809523
