transect,distance_m,E,N,ground_m,wet_m,wet_se_m,mean_m,mean_se_m,dry_m,dry_se_m
C1,0.0,240788.4312465866,363104.4562208538,0.23749999701976776,,,,,,
C1,5.0,240790.14134730323,363109.1546839577,0.30000001192092896,,,,,,
C1,10.0,240791.85144801988,363113.85314706166,0.32249999046325684,,,,,,
C1,15.0,240793.5615487365,363118.55161016557,0.23749999701976776,,,,,,
C1,20.0,240795.27164945312,363123.2500732695,0.2849999964237213,,,,,,
C1,25.0,240796.98175016974,363127.94853637344,0.39500001072883606,,,,,,
C1,30.0,240798.6918508864,363132.64699947735,0.4925000071525574,,,,,,
C1,35.0,240800.401951603,363137.3454625813,0.5149999856948853,,,,,,
C1,40.0,240802.11205231963,363142.0439256852,0.6349999904632568,,,,,,
C1,45.0,240803.82215303628,363146.74238878913,0.6625000238418579,,,,,,
C1,50.0,240805.5322537529,363151.4408518931,0.9624999761581421,,,,,,
C1,55.0,240807.24235446952,363156.139314997,1.3075000047683716,,,,,,
C1,60.0,240808.95245518614,363160.8377781009,1.5125000476837158,,,,,,
C1,65.0,240810.6625559028,363165.5362412049,1.7074999809265137,,,,,,
C1,70.0,240812.3726566194,363170.2347043088,2.0899999141693115,1.9534834038383246,0.3734038073272126,1.9369311294261575,0.36788391276421983,1.9261644675880658,0.36203821681287274
C1,75.0,240814.08275733603,363174.9331674127,2.369999885559082,1.9973069038361224,0.4040594108169379,1.9716703762677672,0.3980863454604763,1.9548834284122678,0.39176073116536786
C1,80.0,240815.79285805265,363179.63163051667,2.5274999141693115,2.0412582624097766,0.43508360340261526,2.0064653068746345,0.4286519185322858,1.9836375486990827,0.42184061557252805
C1,85.0,240817.5029587693,363184.3300936206,2.9124999046325684,2.0853374795585093,0.46647638508371064,2.041315921246139,0.459580631979122,2.0124268284479974,0.4522778700338357
C1,90.0,240819.21305948592,363189.0285567245,3.380000114440918,2.12954455528252,0.4982377558603467,2.076222219382444,0.49087248580110604,2.0412512676591477,0.4830724945494094
C1,95.0,240820.92316020254,363193.72701982845,4.127500057220459,2.1747014855817337,0.5283297139898309,2.111892589298762,0.5205196053046431,2.070649560136188,0.5122485196666662
C1,100.0,240822.6332609192,363198.42548293236,8.21500015258789,2.2201057266250808,0.5571946076809472,2.14773810542669,0.5489577996234378,2.1001738534957832,0.5402348294879058
C1,105.0,240824.3433616358,363203.1239460363,9.710000038146973,2.265532095851099,0.5852409103640343,2.1835666123619237,0.5765895038715425,2.12967802268298,0.5674274644107518
C1,110.0,240826.05346235243,363207.82240914024,10.609999656677246,2.31098059325898,0.6124686220386195,2.219378110103819,0.6034147180484914,2.1591620676972463,0.5938264244347462
C1,115.0,240827.76356306905,363212.52087224415,10.737500190734863,2.356662158779736,0.6360980450632302,2.255429914155834,0.6266948357862632,2.1888187101446888,0.6167366198001327
C1,120.0,240829.4736637857,363217.2193353481,11.149999618530273,2.4024789797691932,0.6568029978084968,2.2916345576748616,0.6470937146401355,2.2185792633454833,0.6368113593285332
C1,125.0,240831.18376450232,363221.917798452,11.234999656677246,2.448520822962457,0.6767390000264877,2.327928653604635,0.6667350100866353,2.2484089147468964,0.6561405534922511
C1,130.0,240832.89386521894,363226.61626155593,11.1850004196167,2.4946210872565318,0.69617715057099,2.364215429846773,0.6858858134224062,2.2782304755965543,0.6749870494922989
C1,135.0,240834.6039659356,363231.3147246599,10.199999809265137,2.5406087261199,0.7140922056928443,2.400443395479477,0.70353603670897,2.3079921390860854,0.6923568097440135
C1,140.0,240836.3140666522,363236.0131877638,9.475000381469727,2.5863654536909264,0.728688952050738,2.4366118486661206,0.7179170046000624,2.3376781366032002,0.7065092632512627
C1,145.0,240838.02416736883,363240.7116508677,8.274999618530273,2.631963517320918,0.7430722453564825,2.472629965918237,0.7320876748389303,2.3672385197489314,0.7204547607477378
C1,150.0,240839.73426808545,363245.4101139717,7.577499866485596,2.6774029170103306,0.7572420856102158,2.5084977472361922,0.7460480474257098,2.3966732885235786,0.7341933022335727
C1,155.0,240841.4443688021,363250.1085770756,7.207499980926514,2.722669135146671,0.7711174119939543,2.5442086271373197,0.7597182598354204,2.4259760195926265,0.7476462942037736
C1,160.0,240843.15446951872,363254.80704017956,6.827499866485596,2.7671227588861234,0.7814088086410134,2.5794606517510994,0.7698575224565133,2.454855490661463,0.7576244433749058
C1,165.0,240844.86457023534,363259.50550328346,6.617499828338623,2.811339082923938,0.7915966383172413,2.6145017871794893,0.7798947491001635,2.4835583037308644,0.7675021779259823
C1,170.0,240846.57467095196,363264.2039663874,6.520657062530518,2.8553181072605742,0.8016809010227347,2.649332033422861,0.7898299397664665,2.5120844588011355,0.7772794978570968
C1,175.0,240848.2847716686,363268.90242949134,6.462500095367432,2.8990598318965985,0.8116615967576264,2.68395139048166,0.799663094455553,2.5404339558726394,0.7869564031683779
C1,180.0,240849.99487238523,363273.60089259525,6.432499885559082,2.941696960310828,0.8193402302417281,2.7178209095001717,0.8072282174545544,2.5681148191662624,0.7944013159399328
C1,185.0,240851.70497310185,363278.29935569916,6.440000057220459,2.9843616624122347,0.8259487539517806,2.7517068543517333,0.8137390497285422,2.595824495759741,0.8008086907250371
C1,190.0,240853.4150738185,363282.9978188031,6.447500228881836,3.0267375053957437,0.8325424595814194,2.7853524249649086,0.8202352829724843,2.6233365314923476,0.8072016984595006
C1,195.0,240855.12517453512,363287.69628190703,6.380000114440918,3.0688227364536096,0.8391224919165078,2.8187563340989716,0.8267180450492854,2.6506497695387266,0.8135814490844229
C1,200.0,240856.83527525174,363292.39474501094,6.802499771118164,3.109819129917557,0.8444793918761077,2.8513642162807016,0.8319957558778698,2.677263758955453,0.8187752967928412
C1,205.0,240858.54537596836,363297.0932081149,6.647500038146973,3.1497266720430193,0.8487112770685254,2.8831751584816496,0.8361650826291268,2.7031776437541084,0.8228783727088944
C1,210.0,240860.255476685,363301.7916712188,6.46999979019165,3.189303388355473,0.8529985691522439,2.914715313857905,0.8403889972114794,2.728866396021771,0.8270351690523555
C1,215.0,240861.96557740163,363306.4901343227,6.822500228881836,3.2285492788551005,0.8573412681272231,2.945984682409641,0.8446674996248884,2.7543300157585784,0.8312456858231863
C1,220.0,240863.67567811825,363311.1885974267,6.985000133514404,3.2669657204033955,0.861258770866308,2.976612793279913,0.848527091325876,2.7792353514083654,0.8350439483962383
C1,225.0,240865.3857788349,363315.8870605306,7.262499809265137,3.3035696428389105,0.8638419478546946,3.005871002265039,0.8510720821352291,2.8029261525654663,0.8375484991593256
C1,230.0,240867.09587955152,363320.58552363457,7.042500019073486,3.3398279181072947,0.8665275607538725,3.0348502293648734,0.8537179945820388,2.8263828458547517,0.8401523679094078
C1,235.0,240868.80598026814,363325.2839867385,6.932499885559082,3.375740546207921,0.8693156095638647,3.063550474578893,0.8564648286663277,2.8496054312757995,0.8428555546465073
C1,240.0,240870.51608098476,363329.9824498424,6.664999961853027,3.4115735480807463,0.8720215483082233,3.092200955644287,0.8591307664886374,2.8728071945038725,0.8454791305677534
C1,245.0,240872.2261817014,363334.68091294635,6.162499904632568,3.445442616840395,0.8728821571707865,3.119383868735942,0.8599786532790248,2.8947259477677805,0.8463135443896255
C1,250.0,240873.93628241803,363339.37937605026,5.864999771118164,3.479021474714868,0.8738106351573743,3.1463522695698534,0.8608934059085143,2.9164671327721896,0.8472137615486787
C1,255.0,240875.64638313465,363344.07783915417,6.449999809265137,3.512318638434216,0.874812608858918,3.1731127616797523,0.8618805677921612,2.938036674046653,0.848185237374793
C1,260.0,240877.35648385127,363348.77630225813,5.987500190734863,3.545334107998766,0.8758880782754082,3.1996653450659105,0.8629401389299567,2.9594345715913857,0.8492279718679592
C1,265.0,240879.06658456792,363353.47476536204,6.755000114440918,3.5763137750986362,0.8760766123273525,3.224617347578522,0.8631258859506301,2.9794105989155497,0.8494107673580831
C1,270.0,240880.77668528454,363358.17322846595,6.570000171661377,3.606441701189633,0.8759840753267607,3.2489149777263773,0.8630347168913404,2.998809152863166,0.8493210469802371
C1,275.0,240882.48678600116,363362.8716915699,6.692500114440918,3.6363427658501446,0.8759462537955061,3.273055274828395,0.8629974544622265,3.018075681156803,0.8492843766531997
C1,280.0,240884.1968867178,363367.5701546738,7.482500076293945,3.6660169690796693,0.875963147733669,3.2970382388841473,0.8630140986633678,3.0372101837961245,0.8493007563770483
C1,285.0,240885.90698743443,363372.2686177778,7.96999979019165,3.6943875565795516,0.8753949559046608,3.319999236397018,0.8624543062104111,3.0554372389058773,0.8487498590574638
C1,290.0,240887.61708815105,363376.9670808817,7.018415927886963,3.72143784454129,0.8741678939395405,3.341930572886451,0.8612453834622811,3.072744433912395,0.8475601461593923
C1,295.0,240889.32718886767,363381.6655439856,6.31850004196167,3.7483419804390485,0.872957357853428,3.363777077399389,0.8600527422970159,3.089977189411957,0.8463864561289238
C1,300.0,240891.03728958432,363386.3640070896,6.130000114440918,3.775715401599797,0.8713991365458277,3.3861144449941754,0.858517555616207,3.107684534584244,0.8448756636503056
C1,305.0,240892.74739030094,363391.0624701935,5.84499979019165,3.802933152670445,0.8692822814581272,3.4084210422626837,0.8564319932381348,3.1253885728653215,0.842823240975026
C1,310.0,240894.45749101756,363395.7609332974,5.927499771118164,3.8286451275060864,0.8659832085557767,3.4295686395755416,0.8531816893474041,3.142050133344644,0.8396245845948465
C1,315.0,240896.1675917342,363400.45939640136,6.025000095367432,3.8542955974458986,0.862704531223246,3.4507138607457692,0.8499514795260983,3.158703034332478,0.8364457029882054
C1,320.0,240897.87769245083,363405.15785950527,5.862500190734863,3.8798845624891904,0.8594462494606028,3.471856705772799,0.8467413637742841,3.1753472758283734,0.8332865961551686
C1,325.0,240899.58779316745,363409.8563226092,6.112500190734863,3.905412022636306,0.8562083632678124,3.4929971746569133,0.8435513420919277,3.1919828578325564,0.8301472640957028
C1,330.0,240901.29789388407,363414.55478571315,5.912499904632568,3.9297676508234005,0.8511538881677776,3.5132874437237884,0.838571585484688,3.2078346753441074,0.8252466360993753
C1,335.0,240903.00799460072,363419.25324881705,6.027500152587891,3.9541136692192236,0.8460677500227853,3.5336240260452296,0.8335606338959292,3.2237084523207304,0.8203153088115294
C1,340.0,240904.71809531734,363423.95171192096,6.425000190734863,3.9784864519012784,0.8410079865872535,3.5540348368722023,0.8285756671287584,3.239629493954601,0.8154095534450041
C1,345.0,240906.42819603396,363428.65017502493,6.795000076293945,4.0028859988698935,0.8359745978611259,3.574519876204981,0.8236166851831203,3.2555978002459343,0.8105293699997448
C1,350.0,240908.1382967506,363433.34863812884,6.912499904632568,4.027124814596597,0.8293954377710144,3.5950100183803295,0.8171347824572395,3.2715200142772565,0.8041504650705874
C1,355.0,240909.84839746723,363438.0471012328,6.747499942779541,4.051397575182789,0.8222439074424166,3.6156183640575206,0.8100889706368479,3.287501911637548,0.7972166115939596
C1,360.0,240911.55849818385,363442.7455643367,6.727499961853027,4.076445973134245,0.8147777221390433,3.637058187496868,0.8027331552733342,3.30431912855528,0.7899776805478421
C1,365.0,240913.26859890047,363447.4440274406,6.574999809265137,4.101619473809131,0.8073488942361385,3.658672172313914,0.7954141450692339,3.321283157452121,0.7827749698250973
C1,370.0,240914.97869961712,363452.1424905446,6.539999961853027,4.127229850223297,0.7988985311422749,3.680794344285928,0.7870887006625689,3.338637893139292,0.7745818171955346
C1,375.0,240916.68880033374,363456.8409536485,6.28249979019165,4.153409104988972,0.7892373340510965,3.7035533555191167,0.7775703215833524,3.35648169971181,0.7652146856920632
C1,380.0,240918.39890105036,363461.5394167524,5.96999979019165,4.179728246248404,0.7796816008643078,3.7264889315293597,0.7681558473734463,3.3744512378819644,0.7559498080037201
C1,385.0,240920.10900176698,363466.2378798564,6.677499771118164,4.206187274001826,0.770231331581775,3.7496010723168665,0.7588452780327192,3.3925465076499113,0.7467871841303764
C1,390.0,240921.81910248363,363470.9363429603,6.817500114440918,4.233211198253298,0.7603787078944139,3.7733005495904948,0.7491383021480416,3.4110997040971163,0.7372344526352278
C1,395.0,240923.52920320025,363475.6348060642,6.210000038146973,4.26213172843177,0.7485842028194658,3.798869280746275,0.7375181510119536,3.4311444569553684,0.7257989463503735
C1,400.0,240925.23930391687,363480.33326916816,5.380000114440918,4.291273989213089,0.7368835068194229,3.8246850432490422,0.725990422204857,3.4513668097868173,0.7144543937985364
C1,405.0,240926.94940463352,363485.03173227207,5.46999979019165,4.320637980596849,0.725276619894641,3.8507478370984263,0.714555115727102,3.4717667625911925,0.7032007949800608
C1,410.0,240928.65950535014,363489.73019537603,5.480000019073486,4.350223702583332,0.7137635420447387,3.8770576622946904,0.7032122315783126,3.492344315368672,0.6920381498945775
C1,415.0,240930.36960606676,363494.42865847994,5.577499866485596,4.383367849821672,0.6991536477788818,3.9067890256611566,0.6888183101401164,3.515756256276014,0.6778729486727789
C1,420.0,240932.07970678338,363499.12712158385,5.485000133514404,4.4168944601848334,0.6840604660206072,3.937053296540105,0.6739482454751914,3.539974209245026,0.6632391701667442
C1,425.0,240933.78980750003,363503.8255846878,5.522500038146973,4.450574651621156,0.6690611739528207,3.9675185399347557,0.6591706825631288,3.5644091226230765,0.6486964235555477
C1,430.0,240935.49990821665,363508.5240477917,5.78249979019165,4.484408424129741,0.6541557715758816,3.998184755844294,0.6444856214042824,3.5890609964095046,0.6342447088395377
C1,435.0,240937.21000893327,363513.22251089563,5.712500095367432,4.521619135958266,0.6357184409411187,4.032066042581551,0.6263208432165166,3.6164276447658175,0.6163685699927041
C1,440.0,240938.92010964992,363517.9209739996,5.837500095367432,4.560510440798625,0.6157185554113443,4.067582089917568,0.6066166088224256,3.645241999826924,0.5969774369847167
C1,445.0,240940.63021036654,363522.6194371035,6.457499980926514,4.599615440226079,0.5958175748459809,4.103362331404313,0.587009817316121,3.6743761879362475,0.577682198491584
C1,450.0,240942.34031108316,363527.3179002074,6.380000114440918,4.638934134241146,0.5760154992447878,4.139406767042256,0.5675004686973656,3.703830209094176,0.5584828545130727
C1,455.0,240944.05041179978,363532.0163633114,6.21750020980835,4.680723273166116,0.5522611460032278,4.177844336369687,0.5440972675413853,3.7355075223740934,0.5354515315317734
C1,460.0,240945.76051251643,363536.7148264153,6.487500190734863,4.72576193751581,0.5234804221594196,4.219424183857505,0.5157419988173982,3.77013999754262,0.5075468296128888
C1,465.0,240947.47061323305,363541.41328951926,6.460000038146973,4.77106184374094,0.4951673159454675,4.261332933778412,0.4878474350995146,3.805237021508834,0.4800955120718193
C1,470.0,240949.18071394967,363546.11175262317,6.320000171661377,4.816622991840748,0.467321827362154,4.303570586131709,0.46041357638850566,3.840798594272189,0.4530975789093237
C1,475.0,240950.8908146663,363550.8102157271,6.050000190734863,4.862995141727798,0.4435689146959399,4.346998809230026,0.43701179451242905,3.8786851851638944,0.43006765265544517
C1,480.0,240952.60091538294,363555.50867883104,6.795000076293945,4.913354186981058,0.4286409053937248,4.395135165482153,0.42230446061868204,3.9238308340331622,0.41559401911932825
C1,485.0,240954.31101609956,363560.20714193495,6.8125,4.964101471508394,0.4154074904246294,4.443777166647258,0.4092666704776551,3.969785567811885,0.40276340019240936
C1,490.0,240956.02111681618,363564.90560503886,7.125,5.015236995310466,0.4038686697884966,4.492924812725973,0.39789842408919335,4.016549386500662,0.3915757958745363
C1,495.0,240957.73121753283,363569.6040681428,7.512499809265137,5.066760758387955,0.39402444348526455,4.542578103718959,0.3881997214532358,4.064122290100136,0.3820312061656489
C1,500.0,240959.44131824945,363574.30253124674,6.652500152587891,5.121847229189487,0.40930552551248867,4.596976879421812,0.40325490872430125,4.120598344111047,0.396847165669619
C1,505.0,240961.15141896607,363579.00099435064,6.175000190734863,5.177748771117171,0.42211256003236475,4.652257108381828,0.4158726214451637,4.17814675482359,0.4092643822302194
C1,510.0,240962.8615196827,363583.6994574546,5.945000171661377,5.234179185508749,0.43001116945542206,4.708027996380334,0.42365446855731925,4.236001498978027,0.41692257535691746
C1,515.0,240964.57162039934,363588.3979205585,6.087500095367432,5.291138472363249,0.43300135378161236,4.764289543416379,0.42660045006072034,4.294162576573411,0.4198217450496664
C1,520.0,240966.28172111596,363593.0963836624,6.039999961853027,5.349830548132446,0.43005400167093866,4.822266585508113,0.4236966675994231,4.3545640161123815,0.41696410385397087
C1,525.0,240967.99182183258,363597.7948467664,6.105000019073486,5.40962807661276,0.42222023542672243,4.8813508834140835,0.41597870511257173,4.416331759329601,0.40936878022236095
C1,530.0,240969.70192254923,363602.4933098703,6.224999904632568,5.469898625057622,0.41014648267414017,4.940905180520326,0.4040834343174845,4.47847732070775,0.39766252594502294
C1,535.0,240971.41202326585,363607.19177297427,6.199999809265137,5.5310172162974975,0.38992979472619144,5.00132290919231,0.38416560241835607,4.541531866916884,0.37806118950778667
C1,540.0,240973.12212398247,363611.8902360782,6.347499847412109,5.592131776168865,0.3762097115142482,5.061328489782953,0.3706483382771665,4.603761823168689,0.3647587154489757
C1,545.0,240974.8322246991,363616.5886991821,6.307499885559082,5.652413776032718,0.38361187523538504,5.119783168221835,0.3779410784666451,4.66368666024524,0.37193557358902546
C1,550.0,240976.54232541574,363621.28716228605,6.502500057220459,5.712794430547903,0.394544887953752,5.1782423045017305,0.3887124723785761,4.723442776672536,0.3825358094495662
C1,555.0,240978.25242613236,363625.98562538996,6.502500057220459,5.773273739712818,0.40900874966917916,5.236705898621085,0.40296252001279237,4.783030172448976,0.3965594230304333
C1,560.0,240979.96252684898,363630.6840884939,6.59499979019165,5.833594736535359,0.4277928492775948,5.294831833384362,0.42146894101232485,4.842017769870806,0.4147717759660018
C1,565.0,240981.6726275656,363635.38255159784,6.739999771118164,5.892393462757586,0.45385287599375224,5.350860563272099,0.4471437316986465,4.898245973276538,0.44003859279308666
C1,570.0,240983.38272828225,363640.08101470175,6.877500057220459,5.951093585842704,0.4818948295771177,5.406729561990962,0.474771151137973,4.954198928158397,0.4672270109931683
C1,575.0,240985.09282899887,363644.77947780566,7.097499847412109,6.009695105790876,0.5119187100282492,5.462438829541087,0.504351199330854,5.009876634516484,0.49633703056678774
C1,580.0,240986.8029297155,363649.4779409096,7.170000076293945,6.068198022602878,0.5439245173474931,5.517988365923215,0.5358838762776312,5.065279092351544,0.527368651514281
C1,585.0,240988.51303043214,363654.17640401353,7.150000095367432,6.125824428983201,0.5629290959537954,5.572729499077647,0.5546075170134914,5.119966022451533,0.5457947725521451
C1,590.0,240990.22313114876,363658.8748671175,7.135000228881836,6.183215470975364,0.5809532718922448,5.627213353434958,0.57236524802259,5.174346637103785,0.5632703322227842
C1,595.0,240991.93323186538,363663.5733302214,7.340000152587891,6.2409680084258925,0.6013779583849298,5.681936257705509,0.5924880036992226,5.228795917647491,0.5830733361867838
C1,600.0,240993.643332582,363668.2717933253,7.235000133514404,6.298477430111057,0.6209248251807603,5.736436535847056,0.6117459161727914,5.283011694570309,0.6020252393545625
C1,605.0,240995.35343329865,363672.9702564293,7.460000038146973,6.355067410477403,0.6337269426601027,5.790147901293547,0.6243587845403396,5.3365357376734055,0.6144376885386369
C1,610.0,240997.06353401527,363677.6687195332,7.732500076293945,6.410836157786092,0.6425766597570804,5.843121506311681,0.6330776794430368,5.389372572047787,0.6230180397138988
C1,615.0,240998.7736347319,363682.3671826371,7.952499866485596,6.4661355812740045,0.6509639769865607,5.895645000542834,0.6413410099696579,5.4417466511053085,0.631150065456489
C1,620.0,241000.48373544854,363687.06564574107,8.145000457763672,6.5209656809418615,0.658888894348636,5.947718383987694,0.6491487761202946,5.493657974846659,0.6388337657664975
C1,625.0,241002.19383616516,363691.764108845,8.462499618530273,6.575016015673233,0.6638987204946121,5.999111743787811,0.6540845438029077,5.544921804904636,0.6436911038247
C1,630.0,241003.90393688178,363696.4625719489,8.609999656677246,6.627970345391165,0.664447558760602,6.049564769570223,0.6546252687896235,5.595308406879948,0.6442232366611504
C1,635.0,241005.6140375984,363701.16103505285,9.037500381469727,6.680294962231975,0.6646519634368289,6.099410945470627,0.6548266518248165,5.645076399765937,0.6444214197086596
C1,640.0,241007.32413831505,363705.85949815676,9.260000228881836,6.7319898661948026,0.6645119345232383,6.148650271488211,0.6546886929084337,5.694225783561815,0.6442856529671748
C1,645.0,241009.03423903167,363710.55796126067,9.315000534057617,6.783013170007107,0.6635125999987411,6.197272416927114,0.6537041311878368,5.742751635102058,0.6433167359873653
C1,650.0,241010.7443397483,363715.25642436463,9.592500686645508,6.833237136727555,0.6580770477455088,6.245326842852068,0.6483489307543301,5.790697781473306,0.6380466299881391
C1,655.0,241012.45444046494,363719.95488746854,10.177499771118164,6.882908355525471,0.6516100880965223,6.2928213641713215,0.6419775698507352,5.838026070596185,0.6317765103655004
C1,660.0,241014.16454118156,363724.6533505725,10.354999542236328,6.931731343530041,0.6444010140094998,6.339497819817183,0.6348750649207169,5.884531270059615,0.6247868646358914
C1,665.0,241015.87464189818,363729.3518136764,11.390000343322754,6.979706100740464,0.6364498254845049,6.385356209788894,0.6270414159643379,5.9302133798628525,0.6170776927993735
C1,670.0,241017.5847426148,363734.0502767803,13.587499618530273,7.027033943236033,0.6269849681990991,6.430876421570919,0.6177164742700281,5.975480665621918,0.6079009249498966
C1,675.0,241019.29484333145,363738.7487398843,12.90999984741211,7.0735084751818835,0.6168281397364932,6.475620316970184,0.6077097905602892,6.019947456000733,0.5980532480037261
C1,680.0,241021.00494404807,363743.4472029882,13.037500381469727,7.1190947156139925,0.6061156791234974,6.519508500370104,0.5971556884109901,6.063545247425813,0.587666851127601
C1,685.0,241022.71504476469,363748.1456660921,12.637499809265137,7.163792664532986,0.5948475863599697,6.562540971771282,0.5860541678219907,6.106274039897758,0.5767417343213835
C1,690.0,241024.4251454813,363752.8441291961,12.432499885559082,7.2081862451969805,0.5864989466952194,6.605535492785242,0.5778289431035386,6.148789373277372,0.5686472088835345
C1,695.0,241026.13524619795,363757.5425923,11.762499809265137,7.252104058804241,0.5805443845813038,6.6482414822801275,0.5719624051460137,6.1908800548021805,0.5628738905421224
C1,700.0,241027.84534691458,363762.2410554039,12.020000457763672,7.295173216768577,0.5748863517747254,6.6901341322372065,0.566388013009413,6.232122846958337,0.5573880758082079
C1,705.0,241029.5554476312,363766.93951850786,12.524999618530273,7.3373937190905645,0.5695248482753914,6.731213442657033,0.5611057666936449,6.272517749746388,0.552189764681701
C1,710.0,241031.26554834784,363771.63798161177,13.842499732971191,7.3794263893069205,0.5640860691964017,6.772226148647399,0.5557473871354333,6.312668111670131,0.5469165300742077
C1,715.0,241032.97564906446,363776.33644471574,12.952500343322754,7.421740934415077,0.564742612477067,6.8138034594035926,0.556394224972235,6.353097610328325,0.5475530896216112
C1,720.0,241034.68574978109,363781.03490781965,12.487500190734863,7.463322120543709,0.5674672614458136,6.854683962535581,0.5590785964323419,6.3927623500129425,0.550194806269154
C1,725.0,241036.3958504977,363785.73337092355,12.792499542236328,7.504169947693283,0.5722600161027398,6.894867658043822,0.5638005015158516,6.431662330724431,0.5548416800169321
C1,730.0,241038.10595121435,363790.4318340275,12.792499542236328,7.544456568603975,0.5792048239782736,6.934558449643928,0.5706426467869595,6.469990355292545,0.5615751032172078
C1,735.0,241039.81605193097,363795.1302971314,12.882499694824219,7.585775385714953,0.5885762788671407,6.9756239079664315,0.5798755668188594,6.509526384976997,0.570661311633637
C1,740.0,241041.5261526476,363799.82876023534,12.760000228881836,7.626479246876858,0.5991533478486095,7.0160966959058495,0.5902962787825641,6.548421884874418,0.5809164379016755
C1,745.0,241043.23625336424,363804.5272233393,11.5625,7.666568152090193,0.6109360309228206,7.055976813462682,0.6019047826782117,6.58667685498529,0.5923404820214596
C1,750.0,241044.94635408086,363809.2256864432,11.182499885559082,7.706042101353934,0.6239243280895085,7.095264260635915,0.6147010785055411,6.624291295308638,0.6049334439927322
C1,755.0,241046.65645479748,363813.9241495471,11.827500343322754,7.746973673284497,0.6349992971925484,7.13623504138627,0.6256123303119008,6.66363449298467,0.615671315397883
C1,760.0,241048.3665555141,363818.6226126511,11.694999694824219,7.787839879144835,0.6459880184186859,7.177185694090795,0.6364386092128018,6.702954186858635,0.626325564121788
C1,765.0,241050.07665623075,363823.321075755,11.5625,7.8282476377393015,0.6574090959370308,7.217679785034252,0.6476908530378874,6.741791940382961,0.6373990091634187
C1,770.0,241051.78675694737,363828.0195388589,11.140000343322754,7.868241756338429,0.6683724556542091,7.2577293421640166,0.6584921453399171,6.780043291554624,0.6480286683269074
C1,775.0,241053.496857664,363832.7180019629,11.364999771118164,7.909571093861521,0.6777444672884385,7.299211641630691,0.6677256138870526,6.8198452035435935,0.6571154165426066
C1,780.0,241055.20695838062,363837.4164650668,10.957500457763672,7.951910061467306,0.6859195323301118,7.34176103870895,0.6757798298738856,6.860815431172991,0.6650416505871064
C1,785.0,241056.91705909726,363842.11492817075,10.831000328063965,7.9939659375683885,0.6941569958516443,7.384013860652049,0.6838955219262262,6.9015009528922855,0.6730283838389965
C1,790.0,241058.62715981388,363846.81339127466,10.800000190734863,8.035738722163712,0.7024568578528481,7.42597010745893,0.6920726900438894,6.941901768700457,0.6810756162980949
C1,795.0,241060.3372605305,363851.51185437856,10.614999771118164,8.078353083066562,0.7101669249566473,7.468786002509223,0.6996687819906132,6.983257327689186,0.6885510059190951
C1,800.0,241062.04736124715,363856.21031748253,10.612500190734863,8.12317214574642,0.7165694629508543,7.513849030240304,0.7059766735616864,7.027058199068952,0.6947586647404292
C1,805.0,241063.75746196377,363860.90878058644,10.75,8.167885569693873,0.723041559473187,7.558776901637653,0.7123530954021087,7.070752263615757,0.7010337648813006
C1,810.0,241065.4675626804,363865.60724369035,10.494999885559082,8.212493354909476,0.7295832145237156,7.603569616701831,0.7187980475119488,7.1143395213301455,0.7073763063417771
C1,815.0,241067.17766339701,363870.3057067943,10.737500190734863,8.25720196871378,0.7360663201206017,7.64843834650063,0.7251853156837232,7.158045840737089,0.7136620804651885
C1,820.0,241068.88776411366,363875.0041698982,10.755000114440918,8.304824910284996,0.7407748935063512,7.696253529685258,0.7298242839176718,7.204942393222373,0.7182273352345324
C1,825.0,241070.59786483028,363879.70263300213,10.5625,8.35256318714676,0.7452273355884999,7.744131926176535,0.7342109071452297,7.251913056614938,0.7225442547737457
C1,830.0,241072.3079655469,363884.4010961061,10.77750015258789,8.400587769705814,0.7492382080044389,7.79223271692222,0.7381624882726036,7.299102962302046,0.726433045056068
C1,835.0,241074.01806626355,363889.09955921,10.635000228881836,8.448705613005707,0.753445047650356,7.840383199391381,0.7423071397166694,7.346390451556258,0.7305118377569565
C1,840.0,241075.72816698017,363893.798022314,10.717499732971191,8.498901564924852,0.7558177840916418,7.8906225774647005,0.7446448008460467,7.395934361940839,0.7328123533202828
C1,845.0,241077.4382676968,363898.4964854179,10.817500114440918,8.549663399371049,0.7578152583348955,7.9413920409219045,0.7466127471438915,7.446082552358677,0.7347490288414208
C1,850.0,241079.14836841341,363903.1949485218,10.880000114440918,8.600520763023226,0.7599092311257055,7.992207807569951,0.7486757654858689,7.496322659356873,0.7367792657065955
C1,855.0,241080.85846913006,363907.89341162576,10.552499771118164,8.651473655882022,0.7620997024640905,8.043069877409467,0.7508338558719975,7.546654682936054,0.7389030639158254
C1,860.0,241082.56856984668,363912.59187472967,10.75,8.703467545514354,0.7627502157442569,8.094962044844838,0.7514747528476353,7.598096262395311,0.7395337770026813
C1,865.0,241084.2786705633,363917.2903378336,11.257499694824219,8.756300070666573,0.7620717626635631,8.147672009082852,0.7508063290955428,7.650424797138724,0.7388759745413724
C1,870.0,241085.98877127992,363921.98880093754,11.020000457763672,8.809195465657417,0.7613668311830677,8.200392055161455,0.7501118183643376,7.702803919111468,0.7381924996245073
C1,875.0,241087.69887199657,363926.68726404145,11.057499885559082,8.862153730485627,0.7606354213027029,8.253122183079364,0.7493912206539525,7.755233628312273,0.7374833522520196
C1,880.0,241089.4089727132,363931.38572714536,11.057999610900879,8.915535428816995,0.7590466446328586,8.306242224379373,0.7478259302998751,7.80808877261532,0.7359429344491746
C1,885.0,241091.1190734298,363936.0841902493,11.074999809265137,8.970333253710143,0.7550025775012833,8.360750988536626,0.7438416451624676,7.862347663886828,0.7320219598253515
C1,890.0,241092.82917414646,363940.78265335324,10.942890167236328,9.025415845515559,0.7505043570770304,8.415481059786316,0.7394099203176452,7.916859864315234,0.7276606553360792
C1,895.0,241094.53927486308,363945.48111645714,11.113860130310059,9.080507583097722,0.7457253229110373,8.470167306256501,0.7347015328999251,7.9713658788411355,0.7230270844576593
C1,900.0,241096.2493755797,363950.1795795611,11.229999542236328,9.135644482889763,0.7405905711432129,8.524848075834738,0.7296426863261187,8.025900479801345,0.7180486232387364
C1,905.0,241097.95947629632,363954.878042665,11.642499923706055,9.19166931490043,0.7332156408733829,8.580421993713717,0.7223767770057554,8.081272903956112,0.7108981696236863
C1,910.0,241099.66957701297,363959.576505769,12.287500381469727,9.24765027945247,0.7254163674722327,8.63589814632428,0.7146927974664103,8.136579441962681,0.7033362889488062
C1,915.0,241101.3796777296,363964.2749688729,10.895000457763672,9.303587376544476,0.7171927509399892,8.691276533665038,0.7065907477083064,8.191820093819663,0.6953629812143154
C1,920.0,241103.0897784462,363968.9734319768,11.739999771118164,9.359480606177152,0.7085447912765416,8.746557155736681,0.6980706277313351,8.246994859527751,0.6869782464201069
C1,925.0,241104.79987916286,363973.67189508077,11.569999694824219,9.415939176371538,0.6998383886716169,8.802408101448826,0.6894929287539406,8.302620383473455,0.6785368475590063
C1,930.0,241106.50997987948,363978.3703581847,11.505000114440918,9.47247206610762,0.6908717008204237,8.85829992386395,0.6806587922337364,8.358267155341963,0.6698430859619859
C1,935.0,241108.2200805961,363983.0688212886,11.522500038146973,9.528902562755528,0.6815500060179666,8.914039938521586,0.6714748967027222,8.413783706312085,0.66080512304439
C1,940.0,241109.93018131272,363987.76728439255,11.1850004196167,9.585230666315933,0.6718733042641816,8.969628145422405,0.6619412421608348,8.469170036384488,0.6514229588061566
C1,945.0,241111.64028202937,363992.46574749646,11.662500381469727,9.642462825371899,0.6617337585545121,9.026122231466344,0.6519515857193054,8.525336622402966,0.6415920385639445
C1,950.0,241113.350382746,363997.1642106004,11.524999618530273,9.699848252484738,0.653540922488518,9.082787505792556,0.6438798614109017,8.581536114404633,0.6336485744060332
C1,955.0,241115.0604834626,364001.86267370434,11.619999885559082,9.75700974480313,0.6452061525404373,9.139197408558617,0.6356683013780944,8.637484715633299,0.6255674965211949
C1,960.0,241116.77058417926,364006.56113680825,11.897500038146973,9.813947302325754,0.6367294487101532,9.195351939763194,0.6273169056207686,8.693182426087642,0.6173488049093171
C1,965.0,241118.48068489588,364011.2595999122,11.6899995803833,9.870841702599245,0.6305975229019097,9.251466402778025,0.621275625872839,8.748740274032622,0.6114035214342958
C1,970.0,241120.1907856125,364015.9580630161,11.677499771118164,9.927942137545442,0.6318688683215067,9.307865850381674,0.6225281774490495,8.804283515175376,0.612636169895908
C1,975.0,241121.90088632912,364020.65652612003,11.477499961853027,9.984718367753818,0.6341909020894196,9.363935091504413,0.6248158854245034,8.859470451871344,0.6148875260637108
C1,980.0,241123.61098704577,364025.354989224,11.617500305175781,10.041170393225084,0.6375636242056691,9.419674126146939,0.6281387497992208,8.914301084121215,0.6181575899377243
C1,985.0,241125.3210877624,364030.0534523279,12.567500114440918,10.09730825772985,0.6420428865261473,9.475093011262736,0.6325517967911375,8.96878252478703,0.6225005133662043
C1,990.0,241127.031188479,364034.7519154318,12.585000038146973,10.153954821927453,0.6524938966397807,9.531020866450874,0.6428483133701139,9.023487056667918,0.632633417721074
C1,995.0,241128.74128919563,364039.4503785358,11.720000267028809,10.210198279000478,0.6641291349353584,9.586549750503,0.6543115521104912,9.077758729763733,0.6439145049569748
C1,1000.0,241130.45138991228,364044.1488416397,11.572500228881836,10.266138865956298,0.6768872851147671,9.641801726686982,0.6668811031310052,9.13170295965348,0.6562843251090318
C1,1005.0,241132.1614906289,364048.8473047436,11.890000343322754,10.321928984504291,0.6910190444165247,9.69697479598881,0.6808039577027979,9.185481920641658,0.6699859447432804
C1,1010.0,241133.87159134552,364053.54576784757,11.927499771118164,10.378079917604154,0.7057812640834003,9.75240865431569,0.6953479527702411,9.239425579122427,0.6842988349159632
C1,1015.0,241135.58169206217,364058.2442309515,11.960000038146973,10.434010744582514,0.7211376092900744,9.807593052665775,0.7104772906326948,9.293072815720961,0.6991877667539134
C1,1020.0,241137.2917927788,364062.9426940554,11.859999656677246,10.48945417424761,0.7373423313367922,9.862297009663827,0.7264424640845986,9.346211660854397,0.7148992527070699
C1,1025.0,241139.0018934954,364067.64115715935,12.020000457763672,10.544410206600128,0.7543954302237414,9.916520525310526,0.743243473126138,9.398842114523394,0.7314332927756152
C1,1030.0,241140.71199421203,364072.33962026326,12.170000076293945,10.599428754836422,0.770721674040981,9.970704615837088,0.7593283719358173,9.451417449961518,0.7472626016439128
C1,1035.0,241142.42209492868,364077.0380833672,11.947500228881836,10.654477515270234,0.7859879130347254,10.024814713868498,0.7743689355931924,9.503909763690022,0.7620641699038534
C1,1040.0,241144.1321956453,364081.73654647113,12.229999542236328,10.708989715564421,0.8016750025287485,10.078393379923128,0.7898241284688212,9.555851458200959,0.7772737789005889
C1,1045.0,241145.84229636192,364086.43500957504,12.942500114440918,10.76296535571967,0.8177829425232318,10.131440614001646,0.8056939505628826,9.607242533494974,0.7928914286342957
C1,1050.0,241147.55239707857,364091.133472679,12.140000343322754,10.816649988718183,0.8335967018449744,10.184146889959734,0.8212739407515941,9.658288054476962,0.8082238519078311
C1,1055.0,241149.2624977952,364095.8319357829,12.957500457763672,10.870540946634534,0.847445943422102,10.236891906590122,0.834918453957022,9.70940212815104,0.8216515530355497
C1,1060.0,241150.9725985118,364100.5303988868,13.352499961853027,10.924035394204516,0.8616975109019873,10.289297047594944,0.8489593456256648,9.760124690233571,0.8354693341505424
C1,1065.0,241152.68269922843,364105.2288619908,13.447500228881836,10.977092500372583,0.8761846597920906,10.341304684438047,0.8632323361890201,9.810412618124188,0.8495155260958347
C1,1070.0,241154.39279994508,364109.9273250947,13.547499656677246,11.029571347017919,0.8907222525216509,10.3927342294493,0.8775550248986431,9.860115225097289,0.8636106264810721
C1,1075.0,241156.1029006617,364114.6257881986,13.84000015258789,11.082335316963693,0.9029067975135279,10.444239736182869,0.889559450131466,9.909958910571863,0.8754243007257622
C1,1080.0,241157.81300137832,364119.3242513026,13.762499809265137,11.13449844437647,0.915048073749095,10.495143457997445,0.9015212462344866,9.95919619311981,0.8871960232199061
C1,1085.0,241159.52310209494,364124.0227144065,13.96500015258789,11.186046883066735,0.9271834059426354,10.545434854417907,0.9134771861641218,10.007815407145767,0.8989619825955873
C1,1090.0,241161.2332028116,364128.72117751045,13.25,11.236980633035792,0.9393127940944482,10.595113925445535,0.9254272699206664,10.05581655265096,0.9107221788530958
C1,1095.0,241162.9433035282,364133.41964061436,13.142499923706055,11.28785462154117,0.9499831014796054,10.644597635827134,0.9359398419782862,10.103672851790911,0.9210677055529448
C1,1100.0,241164.65340424483,364138.11810371827,12.952500343322754,11.338298328731103,0.960070305334312,10.693603358133569,0.9458779303158386,10.151067286396959,0.9308478771111572
C1,1105.0,241166.36350496148,364142.81656682224,12.927499771118164,11.388100590480546,0.9701125117250625,10.74197176115453,0.9557716863708081,10.197819617512348,0.9405844208292362
C1,1110.0,241168.0736056781,364147.51502992614,13.482500076293945,11.437261406788314,0.9801097206516064,10.789702844888868,0.9656211101429475,10.243929845135979,0.9502773367069379
C1,1115.0,241169.78370639472,364152.21349303005,13.024999618530273,11.486097921367458,0.989260017412346,10.837036218152356,0.974636141348115,10.289674144258674,0.9591491185622085
C1,1120.0,241171.49380711134,364156.911956134,13.132499694824219,11.53495722673427,0.997424453980866,10.884366451226068,0.98267988597874,10.33542054936807,0.9670650476409107
C1,1125.0,241173.203907828,364161.6104192379,13.805000305175781,11.583209088739366,1.0054845736863454,10.93109944531176,0.9906208558251006,10.3805648819914,0.9748798350324173
C1,1130.0,241174.9140085446,364166.30888234184,14.375,11.63080741397037,1.0134413550753905,10.977180758819161,0.9984600149683,10.425057518119743,0.9825944294985279
C1,1135.0,241176.62410926123,364171.0073454458,13.7524995803833,11.677884945325623,1.0209788784177216,11.022713238586537,1.0058861138061381,10.469017301454501,0.9899025272106239
C1,1140.0,241178.33420997788,364175.7058085497,13.822500228881836,11.724790985808106,1.0272519608522193,11.067967154864135,1.0120664635126373,10.512756964095598,0.9959846708147289
C1,1145.0,241180.0443106945,364180.4042716536,13.8725004196167,11.771036323913895,1.0334159264097376,11.112563240119703,1.0181393093778184,10.555838521180279,1.001961018819565
C1,1150.0,241181.75441141112,364185.1027347576,13.617500305175781,11.816620959643535,1.0394707750903527,11.156501494353765,1.0241046514017564,10.598261972709043,1.0078315712252064
C1,1155.0,241183.46451212774,364189.8011978615,13.744999885559082,11.86154489299572,1.0454165068939119,11.199781917565035,1.0299624895843014,10.640027318680643,1.0135963280315052
C1,1160.0,241185.1746128444,364194.49966096546,14.1850004196167,11.906387661675282,1.0499807364649383,11.242872201155514,1.0344592477863879,10.681669450252224,1.0180216324943365
C1,1165.0,241186.884713561,364199.1981240694,14.630000114440918,11.950597143497518,1.0543736306841125,11.285327411575171,1.038787203425685,10.72267878251439,1.0222808166765398
C1,1170.0,241188.59481427763,364203.8965871733,13.640000343322754,11.994147772704258,1.058651275815462,11.327126930747927,1.0430016136630924,10.7630317193091,1.0264282596996381
C1,1175.0,241190.30491499425,364208.59505027725,13.272500038146973,12.03710357244331,1.0627919127781091,11.368344514743717,1.0470810410744213,10.802799618983942,1.0304428647813122
C1,1180.0,241192.0150157109,364213.29351338116,12.862500190734863,12.080138443850968,1.0658532532720837,11.409620005750966,1.050097126869721,10.842661095300143,1.0334110248046875
C1,1185.0,241193.72511642752,364217.99197648506,12.702500343322754,12.122710383433315,1.0684222389568072,11.450405293874637,1.0526281361603484,10.882053817890105,1.0359018162161715
C1,1190.0,241195.43521714414,364222.69043958903,12.737500190734863,12.164631538525732,1.0708645470264153,11.490541704084867,1.0550343404656157,10.920799647426731,1.038269785800491
C1,1195.0,241197.1453178608,364227.38890269294,12.725000381469727,12.20590190912679,1.0731801774808167,11.53002923638025,1.057315739785433,10.958898583908637,1.0405149335575576
C1,1200.0,241198.8554185774,364232.08736579685,12.835000038146973,12.246830101063324,1.0748609815407946,11.569140643860791,1.0589716971217569,10.996649186598152,1.0421445776392184
C1,1205.0,241200.56551929403,364236.7858289008,12.827500343322754,12.287506240089623,1.075778421627867,11.60795670038248,1.0598755750210331,11.034137902177646,1.0430340928681363
C1,1210.0,241202.27562001065,364241.4842920047,12.75,12.327549174301884,1.076567743552024,11.646140965332515,1.0606532286822505,11.070995700334372,1.0437993895691955
C1,1215.0,241203.9857207273,364246.1827551087,12.920000076293945,12.36695890370117,1.0772289473132903,11.68369343871192,1.0613046581054342,11.107222581069319,1.0444404677424206
C1,1220.0,241205.69582144392,364250.8812182126,13.457500457763672,12.405882546867428,1.0775574470175742,11.720748680670326,1.0616283017163954,11.142962691953267,1.0447589686383076
C1,1225.0,241207.40592216054,364255.5796813165,13.494999885559082,12.444825193180424,1.0768703846927887,11.757769264846942,1.0609513959875645,11.178709725126389,1.0440928189793555
C1,1230.0,241209.1160228772,364260.2781444205,13.625,12.48315976597186,1.076053145449345,11.794182053988006,1.0601462376987802,11.213848448520245,1.0433004547007987
C1,1235.0,241210.8261235938,364264.9766075244,14.242500305175781,12.521039976767915,1.0750276049429461,11.830168956901927,1.0591358573899108,11.248565611959108,1.0423061293915303
C1,1240.0,241212.53622431043,364269.6750706283,13.792499542236328,12.55847399842443,1.073788664804407,11.86574065888434,1.0579152320591347,11.282874679519153,1.0411048998655086
C1,1245.0,241214.24632502705,364274.37353373226,14.09000015258789,12.59614242160971,1.0714313600622087,11.901495527116566,1.055592774507573,11.317409797885615,1.038819346294294
C1,1250.0,241215.9564257437,364279.07199683617,15.095000267028809,12.633295322444166,1.0688720713608633,11.936730624554505,1.053071318853297,11.351429101909359,1.0363379567113444
C1,1255.0,241217.66652646032,364283.7704599401,15.582500457763672,12.669871038984878,1.066184293915867,11.971388121215252,1.0504232738583892,11.38487171728949,1.033731989299464
C1,1260.0,241219.37662717694,364288.46892304404,16.299999237060547,12.705869571232236,1.063368027727179,12.005468017099169,1.0476486395228088,11.417737644026358,1.0310014440586124
C1,1265.0,241221.08672789356,364293.16738614795,14.765000343322754,12.74198137277476,1.0597043398139487,12.03962948267318,1.0440391105941413,11.450710336320437,1.0274492707464389
C1,1270.0,241222.7968286102,364297.86584925186,14.047499656677246,12.777883770120546,1.0555629779927223,12.073564200974312,1.0399589690395576,11.483467038336643,1.0234339628692886
C1,1275.0,241224.50692932683,364302.5643123558,14.462499618530273,12.813249628714459,1.0512911425490907,12.106959808055127,1.0357502826073388,11.515683279070114,1.0192921526997956
C1,1280.0,241226.21703004345,364307.26277545973,15.404999732971191,12.848078948555038,1.0468888334830806,12.13981630391419,1.0314130512975106,11.547359058519438,1.0150238402379854
C1,1285.0,241227.9271307601,364311.9612385637,15.225000381469727,12.882838667209644,1.0418852518937445,12.172584852673872,1.026483435860443,11.57895804548205,1.0101725566658395
C1,1290.0,241229.63723147672,364316.6597016676,15.27750015258789,12.917744896618878,1.0360875582916358,12.205473241824503,1.0207714474837073,11.610691051996673,1.00455133210378
C1,1295.0,241231.34733219334,364321.3581647715,15.897500038146973,12.952401255028395,1.0300574587592086,12.238166903212475,1.014830488750177,11.642253788058838,0.9987047755366969
C1,1300.0,241233.05743290996,364326.0566278755,16.790000915527344,12.986640451696386,1.0238862821036763,12.270456643646021,1.00875053838606,11.6734193405346,0.9927214359238087
C1,1305.0,241234.7675336266,364330.7550909794,16.934999465942383,13.02058768989459,1.0173999162360357,12.302446991585452,1.0023600581389251,11.704289031342727,0.9864325007651056
C1,1310.0,241236.47763434323,364335.4535540833,16.627500534057617,13.055072548229901,1.0097391950230519,12.334945882326931,0.9948125826203762,11.735686161137732,0.9790049550545399
C1,1315.0,241238.18773505985,364340.15201718727,16.21500015258789,13.089128292955987,1.0019534081762442,12.367009253299809,0.9871418902684184,11.766643829229366,0.9714561504329371
C1,1320.0,241239.8978357765,364344.8504802912,15.407500267028809,13.122754924071344,0.9940425556956964,12.398637104502605,0.9793479810831334,11.797162035616182,0.9637860869003781
C1,1325.0,241241.60793649312,364349.5489433951,15.119999885559082,13.155952441577126,0.9860066375814348,12.429829435936474,0.9714308550645473,11.82724078029932,0.9559947644568884
C1,1330.0,241243.31803720974,364354.24740649905,14.704999923706055,13.189802464695298,0.9764795184180983,12.461648650316555,0.9620445718872314,11.85796186307239,0.9467576298440609
C1,1335.0,241245.02813792636,364358.94586960296,14.662500381469727,13.223383419570377,0.9666477991307776,12.49318573872899,0.9523581913803298,11.888395026675733,0.9372251664649939
C1,1340.0,241246.738238643,364363.6443327069,14.614999771118164,13.256582720921983,0.956654820193239,12.524329924122837,0.9425129350667892,11.918427236967691,0.9275363518247385
C1,1345.0,241248.44833935963,364368.34279581084,14.797499656677246,13.289400368749451,0.9465005816057575,12.555081206497496,0.9325088029468802,11.948058493947688,0.9176911859235608
C1,1350.0,241250.15844007625,364373.04125891475,14.967499732971191,13.322591777688856,0.9349602914549623,12.58619923212013,0.9211391087668648,11.978069347783487,0.9065021568197587
C1,1355.0,241251.8685407929,364377.7397220187,14.757499694824219,13.356243549977405,0.9227600435931961,12.617865743755374,0.9091192127940533,12.008690626146933,0.8946732576659993
C1,1360.0,241253.57864150952,364382.4381851226,14.4350004196167,13.38959430212267,0.9104241812103524,12.649220033636771,0.8969657070409963,12.038991799842071,0.8827128717988724
C1,1365.0,241255.28874222614,364387.13664822653,14.204999923706055,13.422644034124998,0.8979527043062654,12.680262101764637,0.8846785915075304,12.068972868869201,0.8706209992182175
C1,1370.0,241256.99884294276,364391.8351113305,14.242500305175781,13.455760319608292,0.8843662646237587,12.711362067186403,0.8712929952905615,12.09901493049431,0.857448100873534
C1,1375.0,241258.7089436594,364396.5335744344,14.130000114440918,13.489168111598932,0.8690259544437597,12.74274030809961,0.8561794554147104,12.129339911710064,0.8425747159913133
C1,1380.0,241260.41904437603,364401.2320375383,14.1225004196167,13.52230220448912,0.8534203509337275,12.773825017254131,0.8408045439449869,12.159356858747426,0.8274441127244593
C1,1385.0,241262.12914509265,364405.9305006423,14.212499618530273,13.555162598279198,0.8375494540934518,12.804616194650272,0.8251682608811836,12.189065771606693,0.8120562910727687
C1,1390.0,241263.83924580927,364410.6289637462,14.267499923706055,13.587844547931073,0.8209516777154009,12.835212837918,0.8088158434791475,12.218570862842181,0.7959637144975155
C1,1395.0,241265.54934652592,364415.32742685016,14.520000457763672,13.62087187715801,0.800947356276181,12.86615129415203,0.7891072387499729,12.248431234144487,0.7765682805993794
C1,1400.0,241267.25944724254,364420.02588995406,14.574999809265137,13.653630381450249,0.7804048473171818,12.896787070621182,0.7688684023341255,12.277964242336784,0.7566510404257151
C1,1405.0,241268.96954795916,364424.724353058,14.6225004196167,13.686120060808111,0.7593241508381414,12.927120167325752,0.7480993342313471,12.307169887419345,0.7362119939762684
C1,1410.0,241270.6796486758,364429.42281616194,14.832500457763672,13.718686906328605,0.7384475183375544,12.957588294560304,0.7275313135024116,12.336546806611468,0.7159708002466519
C1,1415.0,241272.38974939243,364434.12127926585,14.829999923706055,13.751968876110167,0.7138757340535387,12.988941378595417,0.7033227650937937,12.36693593411478,0.6921469270256848
C1,1420.0,241274.09985010905,364438.81974236976,14.729999542236328,13.785096928245176,0.6880837136504029,13.020118053020564,0.6779120188790265,12.39713389533523,0.6671399589889129
C1,1425.0,241275.80995082567,364443.5182054737,14.510000228881836,13.818012999934052,0.6616801190445434,13.051052186362512,0.6518987391436629,12.427066911110483,0.6415400317228691
C1,1430.0,241277.52005154232,364448.21666857763,14.489999771118164,13.850717091175236,0.6346649502364501,13.081743778619742,0.6252829258881857,12.456734981439032,0.6153471452280285
C1,1435.0,241279.23015225894,364452.91513168154,14.702500343322754,13.88339097690088,0.601861285715271,13.112462191996938,0.5929641861760793,12.486477147407626,0.583541952096694
C1,1440.0,241280.94025297556,364457.6135947855,14.835000038146973,13.915886355925863,0.5638921745607925,13.1429817104715,0.5555563587759919,12.516010412397975,0.5467285371651781
C1,1445.0,241282.6503536922,364462.3120578894,14.667499542236328,13.948073821461929,0.5235997464198926,13.173109178051941,0.5158595591513708,12.545091914126832,0.5076625219057187
C1,1450.0,241284.36045440883,364467.0105209933,14.5625,13.97995337351032,0.48098400129240937,13.202844594739508,0.47387378730205687,12.573721652595449,0.46634390631815875
C1,1455.0,241286.07055512545,364471.7089840973,14.4399995803833,14.011868467620502,0.43100374373890615,13.232764442461098,0.4246323699738627,12.602642071948353,0.4178849378633798
C1,1460.0,241287.78065584207,364476.4074472012,14.664999961853027,14.043956739449849,0.3660372170354801,13.263117830068857,0.360626220140316,12.632182869573501,0.3548958493268721
C1,1465.0,241289.49075655872,364481.10591030517,14.667499542236328,14.075561541137874,0.2931091311893986,13.29281103028064,0.2887762040383819,12.660939587107686,0.2841875339951303
C1,1470.0,241291.20085727534,364485.8043734091,14.692500114440918,14.108931658673102,0.24108546256810184,13.325039981356946,0.23752158265706655,12.69275970953095,0.23374735141105135
C2,0.0,241323.10652391636,362757.45086713147,1.3949999809265137,,,,,,
C2,5.0,241325.77266570347,362761.6807238632,1.5549999475479126,,,,,,
C2,10.0,241328.43880749057,362765.91058059497,1.8975000381469727,,,,,,
C2,15.0,241331.10494927768,362770.1404373267,2.390000104904175,1.981000989955444,0.41288372857876865,1.9443462465006003,0.406780216496769,1.9240367185682536,0.40031645610522565
C2,20.0,241333.7710910648,362774.3702940584,2.950000047683716,2.0178764088770413,0.43900301075979736,1.9683306995411198,0.43251338669565886,1.9408925303874394,0.42564072479117043
C2,25.0,241336.4372328519,362778.6001507902,3.7774999141693115,2.0548974432554914,0.46509814999141774,1.9923345146257259,0.4582227708417244,1.9577173995895158,0.4509415853859859
C2,30.0,241339.103374639,362782.8300075219,4.179999828338623,2.09206409309014,0.49116914627319486,2.0163576917539983,0.4839083689345372,1.97451132617419,0.4762190378892502
C2,35.0,241341.7695164261,362787.0598642537,7.244999885559082,2.1293763583816503,0.5172159996055674,2.0404002309263625,0.5095701809745294,1.991274310141757,0.5014730823013889
C2,40.0,241344.43565821322,362791.2897209854,11.555000305175781,2.167325274155839,0.5418039400674113,2.0646961417569685,0.533794646729828,2.0081201292254818,0.5253126199416215
C2,45.0,241347.1018000003,362795.5195777171,13.307499885559082,2.206496844890658,0.5621734388716095,2.08953355182969,0.5538630305378227,2.0251978044175094,0.5450621160089861
C2,50.0,241349.7679417874,362799.7494344489,12.600000381469727,2.24574911104792,0.5811033709648022,2.114372963274983,0.5725131282332842,2.0422497837336655,0.5634158626094208
C2,55.0,241352.4340835745,362803.9792911806,11.84000015258789,2.2848380266028854,0.5971583518833687,2.139221362593174,0.5883307741264032,2.0593528768580662,0.5789821652249701
C2,60.0,241355.10022536162,362808.20914791233,11.197500228881836,2.3239423498007508,0.6121301476501175,2.1640705853822153,0.6030812472053722,2.076451042035568,0.5934982524620435
C2,65.0,241357.76636714872,362812.4390046441,11.154999732971191,2.3639140947589548,0.622842092099438,2.1893879117323403,0.6136348408213321,2.093823143704018,0.6038841488854021
C2,70.0,241360.43250893583,362816.66886137583,10.9350004196167,2.404507921290376,0.6301752814188694,2.215029182331566,0.6208596262328452,2.1113803726092204,0.6109941320527816
C2,75.0,241363.09865072294,362820.89871810755,10.6899995803833,2.4451073080712336,0.6365777024867515,2.2406454311640225,0.6271674026060903,2.1289095741488424,0.6172016775067786
C2,80.0,241365.76479251005,362825.1285748393,8.927499771118164,2.4857122551019057,0.6420493553031001,2.2662366582299436,0.6325581699410828,2.1464107483230412,0.622506785247408
C2,85.0,241368.43093429715,362829.35843157105,7.889999866485596,2.5263227623816356,0.6465902398678776,2.29180286352886,0.6370319282377856,2.163883895131501,0.626909455274633
C2,90.0,241371.09707608426,362833.5882883028,6.737500190734863,2.5678892120083616,0.6447298620603246,2.318115821986496,0.6351990517282742,2.181943478598121,0.6251057032752869
C2,95.0,241373.76321787137,362837.81814503454,6.255000114440918,2.6092544337281414,0.6416391618220619,2.3445502963019718,0.6321540402033414,2.200216911308013,0.6221090771536807
C2,100.0,241376.42935965848,362842.04800176626,6.135000228881836,2.650498407530642,0.6381599925192952,2.370925708625458,0.6287263022127711,2.2184677644292057,0.6187358061113769
C2,105.0,241379.09550144558,362846.27785849804,5.570000171661377,2.691621133416258,0.6342923541519279,2.3972420589571994,0.6249158377564686,2.236696037961867,0.6149858901482821
C2,110.0,241381.7616432327,362850.50771522976,5.442500114440918,2.732779752775229,0.6290694040335147,2.423617987159724,0.6197700966367097,2.254994401654271,0.6099219151425639
C2,115.0,241384.4277850198,362854.7375719615,5.262499809265137,2.7749333731054735,0.6165633103269629,2.450789856731774,0.6074488760287104,2.273945604223676,0.5977964794188083
C2,120.0,241387.0939268069,362858.96742869326,4.445000171661377,2.816901854864794,0.6040141017434613,2.4778762999820385,0.5950851778955168,2.2928671590564704,0.5856292411401152
C2,125.0,241389.760068594,362863.197285425,4.824999809265137,2.8586851980523704,0.5914217782834323,2.504877316910002,0.5826790022375448,2.311759066152302,0.5734202003068936
C2,130.0,241392.4262103811,362867.4271421567,5.289999961853027,2.899425312990092,0.5816379910576744,2.531926789484811,0.5730398452298395,2.331049457740153,0.5639342100429041
C2,135.0,241395.0923521682,362871.6569988885,6.017499923706055,2.940106474643209,0.5700315528621186,2.5593587424116166,0.5616049808480414,2.350839457614008,0.5526810462953637
C2,140.0,241397.7584939553,362875.8868556202,5.142499923706055,2.980882321219836,0.555984831957614,2.587398272732843,0.5477659075815161,2.3713582762938685,0.5390618766766585
C2,145.0,241400.4246357424,362880.1167123519,5.71750020980835,3.0211353695374212,0.5444446490543683,2.6153026774904076,0.5363963190637946,2.3919028403606433,0.5278729515560708
C2,150.0,241403.09077752952,362884.3465690837,6.824999809265137,3.060865619596374,0.5354110041521338,2.6430719566845817,0.5274962152946324,2.412473149814527,0.5191142709333603
C2,155.0,241405.75691931663,362888.5764258154,7.237500190734863,3.100073071395875,0.5288838972514265,2.6707061103148244,0.521065596274538,2.433069204655133,0.5127858348090272
C2,160.0,241408.42306110373,362892.8062825472,8.875,3.1386350369286715,0.5289199003331728,2.6993239762960686,0.5211010671355728,2.4550939020014373,0.512820742036139
C2,165.0,241411.08920289084,362897.0361392789,9.65999984741211,3.176693819003785,0.5298724493278717,2.728416518869925,0.522039534940017,2.477873827285377,0.5137442975347399
C2,170.0,241413.75534467795,362901.2659960106,10.47249984741211,3.2143590453480275,0.526228207872711,2.757354762144585,0.5184491649994479,2.5006062639420414,0.5102109787732383
C2,175.0,241416.42148646506,362905.4958527424,10.397500038146973,3.251636130883287,0.5218801916656569,2.7860344555051078,0.5141654239567589,2.5231775653883233,0.5059953066151974
C2,180.0,241419.08762825216,362909.7257094741,11.927499771118164,3.2885250756087845,0.5168284007069722,2.814455598950919,0.5091883118122085,2.5455877316237814,0.5010972810608719
C2,185.0,241421.75377003927,362913.95556620584,13.029999732971191,3.3255107518605254,0.5203170882676298,2.8450099067872197,0.5126254273557036,2.570571939648628,0.5044797806462453
C2,190.0,241424.41991182638,362918.1854229376,13.587499618530273,3.3624088966495806,0.5220992956350211,2.8755312936224855,0.5143812889906856,2.595570039561548,0.5062077415416947
C2,195.0,241427.0860536135,362922.41527966934,12.482500076293945,3.3991948341423956,0.5214789185025726,2.9058559142143605,0.513770082670919,2.620391875675392,0.5056062473245185
C2,200.0,241429.7521954006,362926.64513640106,12.0024995803833,3.4358685643393603,0.5184559568702776,2.935983768563165,0.5107918083963974,2.64503744799042,0.5026752979947107
C2,205.0,241432.4183371877,362930.87499313283,10.257499694824219,3.472752178403419,0.5064971332531581,2.9665624685500425,0.4990097677804415,2.670157895661889,0.49108047466272103
C2,210.0,241435.0844789748,362935.10484986455,9.942500114440918,3.511800256204047,0.5027009669607652,3.00048192528263,0.4952697188531541,2.698593087661978,0.48739985532188207
C2,215.0,241437.7506207619,362939.33470659633,9.787500381469727,3.551072784286962,0.49866396041646227,3.0345784591738343,0.4912923899290236,2.727181443087403,0.48348572637662335
C2,220.0,241440.416762549,362943.56456332805,8.835000038146973,3.5905697626515116,0.4943861136197972,3.0688520702230795,0.48707778100760446,2.7559229619376797,0.4793380878265064
C2,225.0,241443.0829043361,362947.79442005977,8.920000076293945,3.630291191298015,0.4898674265709947,3.1033027584306474,0.4826258920891181,2.7848176442130455,0.4749569396717492
C2,230.0,241445.7490461232,362952.02427679155,10.142499923706055,3.672081966270401,0.4926856905878953,3.140338441145465,0.4854024947197785,2.81614972314737,0.47768942193133235
C2,235.0,241448.41518791032,362956.25413352327,9.75,3.7164167232624186,0.5054247533317444,3.1805106556337783,0.4979532404674209,2.8504184811140916,0.4900407356273746
C2,240.0,241451.08132969742,362960.483990255,9.565000534057617,3.7619897821271757,0.5205892050230246,3.2219956921164368,0.5128935215074596,2.885826080213693,0.5047436147664185
C2,245.0,241453.74747148453,362964.71384698676,9.582500457763672,3.8091196679446067,0.5397317855064846,3.2651795216139314,0.5317531240883034,2.9227112044821295,0.5233035372078879
C2,250.0,241456.41361327164,362968.9437037185,9.827499389648438,3.8569513181255664,0.5633608315611515,3.3090924916985096,0.5550328704285727,2.96024109338996,0.5462133670774169
C2,255.0,241459.07975505874,362973.1735604502,10.34749984741211,3.9055105844158877,0.5849991794978,3.35422377570258,0.5763513464273357,2.9990968140225256,0.5671930913007343
C2,260.0,241461.74589684585,362977.403417182,9.850000381469727,3.9544180792246646,0.6059437378499453,3.3998599401481697,0.5969862888842763,3.0384906522667965,0.5875001433683871
C2,265.0,241464.41203863296,362981.6332739137,9.612500190734863,4.00361352893258,0.6279188741098597,3.445782940227481,0.6186365745853352,3.078148360727443,0.6088064048192545
C2,270.0,241467.07818042007,362985.8631306455,10.104999542236328,4.053096933540635,0.6509245882782069,3.491992775941461,0.6413022035311662,3.1180699394052875,0.63111187565398
C2,275.0,241469.74432220717,362990.0929873772,10.25,4.102851560046698,0.6747974822341484,3.538482442148246,0.6648221930567574,3.158256465601573,0.6542581312310973
C2,280.0,241472.41046399428,362994.3228441089,11.487500190734863,4.153361366376063,0.6949775589617831,3.586332154598108,0.684703954946928,3.1999299550982583,0.6738239708132727
C2,285.0,241475.0766057814,362998.5527008407,10.8774995803833,4.203936786763999,0.7150407034711667,3.634257717669415,0.7044705131858955,3.241686374360627,0.693276437336704
C2,290.0,241477.7427475685,363002.7825575724,11.095000267028809,4.254430638248311,0.7346409200367585,3.682093257164294,0.7237809867788535,3.2833848989073386,0.712280066424649
C2,295.0,241480.4088893556,363007.01241430413,10.979999542236328,4.304842920829503,0.753778208658809,3.729838773083227,0.7426353757260484,3.325025528738817,0.7308348580773505
C2,300.0,241483.07503114268,363011.2422710359,12.300000190734863,4.354961137340733,0.7712184421050525,3.7773980265353506,0.7598177964555263,3.3666214026575716,0.7477442491807857
C2,305.0,241485.7411729298,363015.4721277676,12.1274995803833,4.404490963097993,0.7853840031838981,3.824649217229285,0.7737739531248989,3.4082065147967002,0.7614786417403945
C2,310.0,241488.4073147169,363019.70198449935,13.522500038146973,4.453945745175411,0.7993282023792588,3.8718311148802207,0.7875120202241266,3.4497577486532633,0.7749984101853218
C2,315.0,241491.073456504,363023.9318412311,13.75,4.503635763654441,0.8133994001868075,3.919289844182328,0.8013752085605987,3.4915495436489237,0.7886413116840406
C2,320.0,241493.7395982911,363028.16169796285,14.8725004196167,4.553638637098297,0.8275543105330251,3.9671163136960366,0.8153208719432987,3.5336465671758206,0.8023653776958934
C2,325.0,241496.40574007822,363032.39155469456,16.137500762939453,4.603030225051527,0.8396243842744197,4.014541375424663,0.8272125181130631,3.5756102362353124,0.8140680649431575
C2,330.0,241499.07188186533,363036.62141142634,13.324999809265137,4.651919545621056,0.850167781507766,4.061634275768305,0.8376000560861173,3.617460015932087,0.8242905443570471
C2,335.0,241501.73802365243,363040.85126815806,13.220000267028809,4.700641828485607,0.860439435790193,4.108571341668735,0.8477198681868455,3.659203003376285,0.83424955207769
C2,340.0,241504.40416543954,363045.08112488984,14.645000457763672,4.749197073646129,0.8704393471219515,4.155352573126878,0.8575719544154942,3.7008391985687394,0.8439450881053291
C2,345.0,241507.07030722665,363049.31098162156,14.854999542236328,4.797585281101669,0.8801675155027936,4.201977970141808,0.8671563147718191,3.742368601508613,0.8533771524397238
C2,350.0,241509.73644901376,363053.5408383533,13.350000381469727,4.845131222251585,0.8879920362860536,4.248069346960783,0.8748651684703298,3.783751333430652,0.8609635120219543
C2,355.0,241512.40259080086,363057.77069508506,14.085000038146973,4.8927272417947165,0.8952499729320942,4.2943114599754955,0.8820158136417364,3.825273357642469,0.8680005330417868
C2,360.0,241515.06873258797,363062.0005518168,12.802499771118164,4.940142376220563,0.9023248721191213,4.3403916372741715,0.8889861271312459,3.866675996743506,0.87486008786023
C2,365.0,241517.73487437508,363066.2304085485,11.481900215148926,4.987335405065371,0.9092268745407173,4.386265891625258,0.8957860997262046,3.9079296688742162,0.8815520085104602
C2,370.0,241520.40101616218,363070.4602652803,10.15250015258789,5.034217016054732,0.9157895649984731,4.431881133958898,0.902251776284402,3.949025514990411,0.8879149451066437
C2,375.0,241523.0671579493,363074.690122012,10.125,5.080140956320176,0.9208860223236971,4.476854322180775,0.907272894508657,3.989899667085564,0.8928562774815751
C2,380.0,241525.7332997364,363078.9199787437,11.142499923706055,5.125835406602661,0.9259351421623905,4.521619189380331,0.9122473750194688,4.030624543568688,0.8977517132189377
C2,385.0,241528.39944152348,363083.1498354755,9.414999961853027,5.171300366902478,0.9309369245146162,4.566175735557864,0.9171752178168996,4.07120014444007,0.9026012523187925
C2,390.0,241531.06558331058,363087.3796922072,8.800000190734863,5.216595650092531,0.9357084883704095,4.610581360627067,0.9218762453553714,4.1116374629839205,0.907227580266835
C2,395.0,241533.7317250977,363091.609548939,9.074999809265137,5.261420689727152,0.9396857829881956,4.654650825301603,0.9257947450531454,4.151881429441622,0.9110838147853199
C2,400.0,241536.3978668848,363095.8394056707,9.559999465942383,5.305479987786407,0.9429109294769297,4.698166612589902,0.9289722153579287,4.191880251986642,0.9142107949092992
C2,405.0,241539.0640086719,363100.0692624024,9.895000457763672,5.349263104656978,0.9461954112960101,4.741427300100003,0.9322081438601483,4.231688542670937,0.9173953043266893
C2,410.0,241541.730150459,363104.2991191342,10.359999656677246,5.392770040339281,0.9495392284454858,4.784432887832333,0.9355025305598522,4.271306301494908,0.9206373430375373
C2,415.0,241544.39629224612,363108.5289758659,8.9350004196167,5.436000794832477,0.9529423809252595,4.8271833757860385,0.938855375456945,4.310733528457753,0.9239369110417494
C2,420.0,241547.06243403323,363112.75883259764,8.069999694824219,5.478491578802821,0.9556584152530526,4.869394143599636,0.9415312596232877,4.349922116316718,0.9265702752590719
C2,425.0,241549.72857582034,363116.9886893294,8.430000305175781,5.520459985260153,0.9580916264576489,4.911198248682629,0.9439285015392391,4.388892971078004,0.9289294248669409
C2,430.0,241552.39471760744,363121.21854606114,8.682499885559082,5.562064231513085,0.9602080911653118,4.952645171481854,0.9460136793081315,4.427502035755467,0.9309814690444956
C2,435.0,241555.06085939455,363125.44840279286,9.002500534057617,5.603349613595589,0.9624375478017305,4.993791815530884,0.9482101786866174,4.465871505094734,0.933143065925043
C2,440.0,241557.72700118166,363129.67825952463,8.524999618530273,5.644324436425019,0.9648322345155734,5.034647964433251,0.9505694656055466,4.504019076213471,0.9354648636429149
C2,445.0,241560.39314296877,363133.90811625635,8.867500305175781,5.6844525916772,0.9663458432738166,5.074889261580087,0.9520606992283263,4.541909825987177,0.9369324014800475
C2,450.0,241563.05928475587,363138.13797298813,8.482500076293945,5.724239026650743,0.9679762612921027,5.11482262574008,0.9536670153617474,4.579580306900667,0.938513193160293
C2,455.0,241565.72542654298,363142.36782971985,8.404999732971191,5.763728390087577,0.969811118364331,5.154475126275787,0.9554747483998911,4.617033572128831,0.9402922012193837
C2,460.0,241568.3915683301,363146.59768645157,8.272500038146973,5.8029206819880885,0.9718504144905242,5.193846763187603,0.9574838983427806,4.6542696216720545,0.942269425657342
C2,465.0,241571.0577101172,363150.82754318335,8.5,5.841603527886958,0.973697386206085,5.23275915690959,0.9593035669378287,4.69114965393406,0.9440601796166704
C2,470.0,241573.72385190427,363155.05739991507,8.710000038146973,5.879441539441385,0.9745852224506758,5.270982405334181,0.9601782786176131,4.727593573481158,0.9449209920789519
C2,475.0,241576.38999369138,363159.2872566468,8.617500305175781,5.916983957807069,0.9757195717276334,5.308922789662098,0.9612958592160099,4.763816999750817,0.9460208142591501
C2,480.0,241579.0561354785,363163.51711337856,8.467499732971191,5.954230782984255,0.9771004340369779,5.346580309893606,0.9626563087330388,4.799819932743317,0.9473596461572844
C2,485.0,241581.7222772656,363167.7469701103,9.130000114440918,5.991182014972209,0.9787278093786747,5.383954966027942,0.9642596271686661,4.8356023724579025,0.9489374877733213
C2,490.0,241584.3884190527,363171.976826842,8.717499732971191,6.027703275518231,0.9800484415547567,5.4209663708151075,0.9655607369128928,4.871172006464311,0.9502179228109618
C2,495.0,241587.0545608398,363176.2066835738,8.880000114440918,6.063797948188533,0.9809860705685555,5.457620723856628,0.9664845052932335,4.906541585816792,0.951127012460087
C2,500.0,241589.72070262692,363180.4365403055,7.992499828338623,6.0996272303316506,0.9821716317485703,5.494015971728441,0.9676525407474892,4.941706587572507,0.9522764877656653
C2,505.0,241592.38684441402,363184.6663970372,8.170000076293945,6.1347563057645305,0.9832505763409901,5.529741925171212,0.9687155356889298,4.976277689415094,0.9533225916580502
C2,510.0,241595.05298620113,363188.896253769,8.130000114440918,6.1695667415433135,0.9845266687329582,5.565162029795296,0.9699727640646977,5.0106038036063625,0.9545598426046312
C2,515.0,241597.71912798824,363193.1261105007,8.577500343322754,6.2039933919268835,0.9851722745057563,5.600246292659204,0.9706088260788832,5.044743566182035,0.9551857975578462
C2,520.0,241600.38526977535,363197.3559672325,8.885000228881836,6.238144392102189,0.9857277475591978,5.635073172079494,0.9711560877733793,5.078710290441737,0.9557243632334167
C2,525.0,241603.05141156245,363201.5858239642,8.522500038146973,6.272065637015993,0.9864965334600438,5.669674424362808,0.971913508987954,5.112502698480152,0.9564697489825414
C2,530.0,241605.71755334956,363205.81568069593,8.547500610351562,6.305757126668632,0.9874786322082915,5.704050049509496,0.9728810897226046,5.146120790297633,0.9574219548052176
C2,535.0,241608.38369513667,363210.0455374277,7.65749979019165,6.3392180461469,0.9886619337382964,5.738199133607103,0.974046898930444,5.179564366512883,0.9585692392395609
C2,540.0,241611.04983692378,363214.2753941594,8.232500076293945,6.372163778297937,0.9887657175450532,5.771849477916904,0.9741491485384054,5.21264641044011,0.9586698640955337
C2,545.0,241613.71597871088,363218.50525089115,8.507499694824219,6.404574309603738,0.9887688512860444,5.805004078913378,0.9741522359544285,5.245315773608029,0.9586729024523427
C2,550.0,241616.382120498,363222.7351076229,9.022500038146973,6.436807476144338,0.9889115641868734,5.8379852384024336,0.9742928391816249,5.2778597976668635,0.9588112714863966
C2,555.0,241619.04826228507,363226.96496435464,8.607500076293945,6.468863277918986,0.9891938562475493,5.8707929563832915,0.974570958220003,5.310278482615834,0.9590849711977041
C2,560.0,241621.71440407218,363231.19482108636,8.032500267028809,6.500741856200717,0.9893032385755397,5.9034084503572615,0.9746787235882656,5.34255737866274,0.9591910241682393
C2,565.0,241624.38054585928,363235.42467781814,7.804999828338623,6.532469205372664,0.9887244422548874,5.9358262469760215,0.9741084834060558,5.374695517492185,0.958629845134408
C2,570.0,241627.0466876464,363239.65453454986,7.715000152587891,6.564059388359251,0.9882322238967987,5.968107179363544,0.9736235413354372,5.406741513483267,0.9581526088204054
C2,575.0,241629.7128294335,363243.88439128164,8.055000305175781,6.595512405161135,0.9878265835012308,6.000251247520512,0.9732238973763676,5.438695366636685,0.9577593152261903
C2,580.0,241632.3789712206,363248.11424801336,8.654999732971191,6.626271192213196,0.9871134829862009,6.0317860467687625,0.9725213383705232,5.4701550687262195,0.9570679199222295
C2,585.0,241635.0451130077,363252.3441047451,8.90250015258789,6.6568754396419285,0.98577623689808,6.063116578467926,0.9712038603117656,5.501450083049039,0.9557713766634881
C2,590.0,241637.71125479482,363256.57396147685,8.595000267028809,6.687418699171705,0.9839311026890172,6.094337205468117,0.9693860020600213,5.532668850774492,0.9539824042810037
C2,595.0,241640.37739658193,363260.8038182086,8.274999618530273,6.71788515975871,0.9820678163893166,6.125483615631101,0.9675502600534858,5.563858649902009,0.9521758323175916
C2,600.0,241643.04353836903,363265.0336749403,7.90749979019165,6.748274821403279,0.9801863779989421,6.156555808957221,0.9656966342921236,5.595019480431945,0.950351660773217
C2,605.0,241645.70968015614,363269.26353167207,7.929999828338623,6.778587684105728,0.9782867875178587,6.1875537854468154,0.9638251247759,5.6261513423646425,0.9485098896478457
C2,610.0,241648.37582194325,363273.4933884038,7.880000114440918,6.80890418878666,0.9753458890525709,6.2184282434119655,0.9609277005579714,5.657156373394226,0.9456585056627407
C2,615.0,241651.04196373036,363277.7232451355,8.022500038146973,6.838938653092992,0.9719666915157879,6.24904122273299,0.9575984564865406,5.687967404447094,0.9423821634657487
C2,620.0,241653.70810551746,363281.9531018673,8.110000610351562,6.868545924277837,0.9682785286658724,6.279303178988233,0.9539648144254029,5.718522756822575,0.9388062601801246
C2,625.0,241656.37424730457,363286.182958599,9.107500076293945,6.898135817578153,0.9644779699706031,6.3095524263802965,0.9502204380263872,5.7491123632173196,0.9351213821314419
C2,630.0,241659.04038909168,363290.4128153308,9.6875,6.927718839949884,0.9604287363548749,6.339781081608603,0.9462310627790833,5.779719983004599,0.9311953982798691
C2,635.0,241661.7065308788,363294.6426720625,8.8725004196167,6.957404620126213,0.9549532084231374,6.36994642814965,0.9408364776131535,5.810236676801142,0.9258865333738444
C2,640.0,241664.37267266586,363298.8725287942,8.15999984741211,6.987114904039117,0.9492672296892872,6.400139685634272,0.9352345526638488,5.840833154621723,0.920373623325195
C2,645.0,241667.03881445297,363303.102385526,7.565999984741211,7.016849691689057,0.9433708001532436,6.430360854062936,0.9294252879310894,5.87150941646681,0.9146566681338419
C2,650.0,241669.70495624008,363307.3322422577,7.515772819519043,7.046608983075306,0.9372639198151653,6.460609933434897,0.9234086834150319,5.9022654623356425,0.9087356677999398
C2,655.0,241672.3710980272,363311.56209898944,7.502500057220459,7.075797455263916,0.9303069537170228,6.490336532405632,0.9165545596518492,5.9325614936449185,0.9019904564465753
C2,660.0,241675.0372398143,363315.7919557212,7.552499771118164,7.105054715940241,0.9219927885067504,6.520018000119044,0.9083632997643007,5.962806992311684,0.8939293561366214
C2,665.0,241677.7033816014,363320.02181245293,8.059999465942383,7.134394238970486,0.9133837497108519,6.549786067197948,0.8998815253015978,5.993197420819129,0.8855823575443542
C2,670.0,241680.3695233885,363324.25166918465,8.574999809265137,7.1638160243549835,0.90447983732922,6.579640733642685,0.8911092362636349,6.023732779167602,0.87694946066967
C2,675.0,241683.03566517562,363328.48152591643,8.712499618530273,7.193320072094067,0.8952810513617393,6.609581999453594,0.8820464326502986,6.054413067357459,0.868030665512457
C2,680.0,241685.70180696272,363332.71138264815,9.184999465942383,7.223003951540642,0.8843049619675244,6.639559367234002,0.8712325988494221,6.085110943706292,0.8573886641352826
C2,685.0,241688.36794874983,363336.94123937987,10.15250015258789,7.252872621091385,0.8720566004188732,6.669641280534093,0.8591653004371167,6.1159403069698115,0.8455131157694347
C2,690.0,241691.03409053694,363341.17109611165,10.4350004196167,7.282532350271472,0.8596541150212177,6.699576765218876,0.8469461565333989,6.1466914902962495,0.8334881347455203
C2,695.0,241693.70023232404,363345.40095284337,10.78499984741211,7.311769691608535,0.847403960141884,6.729188797347554,0.8348770913005816,6.177177595848767,0.8216108476340324
C2,700.0,241696.36637411115,363349.63080957514,11.720000267028809,7.341131353131122,0.8348544084218312,6.758929792497005,0.8225130551031765,6.2078545236086455,0.809443276663074
C2,705.0,241699.03251589826,363353.86066630686,11.532500267028809,7.37078524350567,0.819013269210908,6.78874408987032,0.8069060897723851,6.238553298956475,0.7940843068839616
C2,710.0,241701.69865768537,363358.0905230386,9.737500190734863,7.400656349025656,0.8023629318581884,6.81875557644185,0.7905018883857451,6.269523212492707,0.7779407691744968
C2,715.0,241704.36479947247,363362.32037977036,8.922500610351562,7.430732119117149,0.785179329358555,6.848972931199393,0.773572304919628,6.300784825419513,0.7612801977361683
C2,720.0,241707.03094125958,363366.5502365021,8.397500038146973,7.46101255377946,0.7674624617124337,6.879396154142253,0.7561173393744536,6.332338137736173,0.7441025925693884
C2,725.0,241709.69708304666,363370.7800932338,8.279999732971191,7.491546679455424,0.7482523288554076,6.910027022591302,0.7371911830224968,6.364165677028431,0.7254771738999908
C2,730.0,241712.36322483377,363375.0099499656,8.512500762939453,7.521207446791131,0.7271156609437777,6.93974005050861,0.7163669708927951,6.394879014090097,0.7049838596652587
C2,735.0,241715.02936662087,363379.2398066973,8.729999542236328,7.55083077517466,0.7063679482817029,6.969441616064882,0.6959259642266813,6.425607692630951,0.6848676617378711
C2,740.0,241717.69550840798,363383.469663429,8.867500305175781,7.5805811361394575,0.68566641724043,6.999275367171745,0.6755304564950353,6.456519604748076,0.6647962397643354
C2,745.0,241720.3616501951,363387.6995201608,10.712499618530273,7.610458529685879,0.6650110678196658,7.029241303829554,0.6551804476975676,6.48761475044184,0.6447695937443667
C2,750.0,241723.0277919822,363391.9293768925,11.292499542236328,7.640531750526572,0.6408866891235887,7.059291933044871,0.6314126910405973,6.518776956335718,0.62137950806942
C2,755.0,241725.6939337693,363396.1592336243,10.53499984741211,7.670850275142381,0.6127340200000155,7.089452811769385,0.6036761927290093,6.550030006249482,0.594083744266581
C2,760.0,241728.3600755564,363400.389090356,11.5649995803833,7.701345613879449,0.5847880487897241,7.119793525424394,0.5761433367895814,6.581529647970665,0.5669883869472184
C2,765.0,241731.02621734352,363404.6189470877,11.505000114440918,7.730822508117195,0.5608391986235738,7.149216416582294,0.5525485138872657,6.611863464574158,0.5437684870998699
C2,770.0,241733.69235913063,363408.8488038195,11.535229682922363,7.758175864412898,0.5448817170986688,7.1766912246253485,0.5368269260892545,6.639671317631729,0.5282967162109136
C2,775.0,241736.35850091773,363413.0786605512,11.890000343322754,7.78350561899438,0.5294939656400958,7.202058877776193,0.5216666462424322,6.664500389971226,0.5133773340583386
C2,780.0,241739.02464270484,363417.30851728295,11.107500076293945,7.80759916828633,0.5185974325732101,7.2261859799916515,0.5109311927163359,6.687591868406265,0.5028124674889209
C2,785.0,241741.69078449195,363421.5383740147,10.9975004196167,7.831031162808312,0.5133966838906715,7.249690039118,0.5058073248364527,6.7098242955543315,0.4977700181561665
C2,790.0,241744.35692627906,363425.76823074644,11.765000343322754,7.853801602559696,0.5138917195931411,7.27257105515462,0.506295042603434,6.731197671414816,0.49824998606071685
C2,795.0,241747.02306806616,363429.99808747816,11.387499809265137,7.875910487540793,0.5200825396802707,7.294829028101822,0.5123943460169369,6.751711995988025,0.5042523712022343
C2,800.0,241749.68920985327,363434.22794420994,10.954999923706055,7.892205083978602,0.546194044695198,7.311291206455431,0.538119854016464,6.764168961256977,0.5295690994418136
C2,805.0,241752.35535164038,363438.45780094166,11.94357967376709,7.910191386634766,0.5642468255037417,7.329485173277626,0.5559057670400029,6.779204564828129,0.5470723933131882
C2,810.0,241755.02149342746,363442.68765767344,10.111220359802246,7.929042576187978,0.5812942791188068,7.34852991734199,0.5727012142615084,6.795428068983067,0.5636009599394538
C2,815.0,241757.68763521456,363446.91751440516,9.569499969482422,7.948720234007491,0.5983145658188495,7.368375245416704,0.5894698961667766,6.812743933154022,0.5801031865518379
C2,820.0,241760.35377700167,363451.1473711369,10.516940116882324,7.969103813266859,0.6175478919139814,7.38884436189757,0.608418902899428,6.8308915744964045,0.5987510925081644
C2,825.0,241763.01991878878,363455.37722786865,9.526579856872559,7.989992719629135,0.6420773580395658,7.409641463481858,0.6325857587238017,6.8494309508160995,0.6225339356423649
C2,830.0,241765.68606057588,363459.6070846004,9.185242652893066,8.011712366506268,0.665486013987969,7.431242883554839,0.6556483729059118,6.869061817713085,0.6452300835957319
C2,835.0,241768.352202363,363463.8369413321,9.305000305175781,8.034262753898508,0.687773859759306,7.453648622116754,0.6776067454458712,6.889784175187565,0.6668395363683763
C2,840.0,241771.0183441501,363468.06679806387,9.699999809265137,8.05713029382826,0.7076916519061605,7.476405831369246,0.6972301000141679,6.911052649181534,0.686151074735464
C2,845.0,241773.6844859372,363472.2966547956,10.522500038146973,8.08045497938232,0.7269783589132741,7.499555614314869,0.7162316985480819,6.932930710241372,0.7048507368062816
C2,850.0,241776.3506277243,363476.5265115273,11.90149974822998,8.104700430551503,0.7472643847371356,7.523496596091119,0.7362178433270629,6.955844149120312,0.724519300627273
C2,855.0,241779.01676951142,363480.7563682591,11.952500343322754,8.129250685195613,0.766702627696411,7.547736292106535,0.7553687377115165,6.9791477257042125,0.7433658862292065
C2,860.0,241781.68291129853,363484.9862249908,11.800000190734863,8.154105743314064,0.7852930877908492,7.572274702360559,0.7736843817011954,7.0028414399925625,0.7613904936118387
C2,865.0,241784.34905308564,363489.2160817225,12.962499618530273,8.179265604907147,0.8030357650205787,7.597111826853469,0.7911647752962261,7.026925291985618,0.7785931227752938
C2,870.0,241787.01519487274,363493.4459384543,12.947500228881836,8.205636523492933,0.8213112962047282,7.622955383674558,0.8091701458567666,7.0523082331366584,0.7963123869909183
C2,875.0,241789.68133665985,363497.675795186,13.422499656677246,8.232339265919729,0.8390163538354438,7.649087601676374,0.8266134759698365,7.07805168019678,0.8134785416132051
C2,880.0,241792.34747844696,363501.9056519178,14.024999618530273,8.258387561130863,0.8547241838974902,7.674676731744962,0.8420891028131621,7.1031968559530805,0.828708259880712
C2,885.0,241795.01362023407,363506.1355086495,11.890000343322754,8.284488668031258,0.8696938082866265,7.700331931759674,0.8568374366133095,7.128433185905432,0.8432222418321599
C2,890.0,241797.67976202117,363510.36536538124,12.454999923706055,8.310822703467062,0.8841412051098406,7.72619990718081,0.8710712627503623,7.153932384949638,0.8572298916760472
C2,895.0,241800.34590380825,363514.595222113,14.024999618530273,8.338048998364572,0.8985244450756666,7.7527660718634,0.885241880437843,7.180296868974097,0.8711753374561599
C2,900.0,241803.01204559536,363518.82507884473,15.037500381469727,8.365350827268175,0.9123654338462552,7.7794103494222675,0.8988782628350453,7.206746340892451,0.884595036974627
C2,905.0,241805.67818738247,363523.05493557645,14.720000267028809,8.392728190178165,0.9256641714216562,7.806132739857681,0.9119804099420186,7.233280800704948,0.897488990231497
C2,910.0,241808.34432916957,363527.28479230823,13.172499656677246,8.42018108709488,0.9384206578019749,7.832933243169954,0.9245483217588663,7.259900248411886,0.9098571972268714
C2,915.0,241811.01047095668,363531.51464903995,11.930000305175781,8.447688625957156,0.9503519456345724,7.859762969455239,0.9363032336421967,7.286580294032496,0.9214253229031273
C2,920.0,241813.6766127438,363535.74450577167,11.647500038146973,8.475258859271333,0.961411505129407,7.886601558882515,0.9471993036351691,7.313316526905906,0.9321482537346804
C2,925.0,241816.3427545309,363539.97436250345,11.425000190734863,8.502887385923337,0.9721269138363875,7.9135001739788855,0.9577563102979664,7.3401132871414925,0.942537508971332
C2,930.0,241819.008896318,363544.20421923517,11.920000076293945,8.530574205912476,0.9824981717553227,7.94045881474371,0.9679742536303999,7.366970574738642,0.9525930886128972
C2,935.0,241821.6750381051,363548.43407596694,11.524999618530273,8.55831931923944,0.9925252788863992,7.967477481177631,0.9778531336326537,7.393888389697965,0.9623149926595561
C2,940.0,241824.34117989222,363552.66393269866,11.357500076293945,8.586385821185253,1.001969629588034,7.994725626893203,0.987157871884775,7.421060738639335,0.9714718781005952
C2,945.0,241827.00732167932,363556.8937894304,11.337499618530273,8.61464053540756,1.010966951375915,8.022110452423215,0.9960221894912626,7.448378024238138,0.9801953412046849
C2,950.0,241829.67346346643,363561.12364616216,10.382499694824219,8.642923189625417,1.0196659932880356,8.049527134659654,1.0045926365864253,7.475719473695552,0.9886296034163058
C2,955.0,241832.33960525354,363565.3535028939,10.024999618530273,8.67080911343412,1.027650181159249,8.076614605770695,1.0124587970716117,7.5027366897938235,0.9963707701715598
C2,960.0,241835.00574704065,363569.5833596256,9.987500190734863,8.698678567666958,1.0353491669420534,8.103695709195058,1.020043971508583,7.529745291937561,1.003835415762615
C2,965.0,241837.67188882775,363573.8132163574,9.944999694824219,8.72685230962352,1.042304785404634,8.130974443592276,1.0268967675578402,7.556962751135531,1.010579320499488
C2,970.0,241840.33803061486,363578.0430730891,9.952500343322754,8.7550772392306,1.049002823404772,8.158295304897013,1.0334957908642584,7.584215951175924,1.0170734849565943
C2,975.0,241843.00417240197,363582.2729298208,10.069999694824219,8.783323801533246,1.0555013282356822,8.185640592250715,1.0398982306287334,7.611485332003485,1.0233741895952304
C2,980.0,241845.67031418905,363586.5027865526,10.225000381469727,8.811591996531785,1.0618002998974059,8.213010305653668,1.0461040868513067,7.638770893618483,1.0294814344154366
C2,985.0,241848.33645597615,363590.7326432843,10.720000267028809,8.83991607857278,1.0677750743815795,8.240422576662873,1.0519905383869426,7.6660921856896,1.0352743499070398
C2,990.0,241851.00259776326,363594.9625000161,11.149999618530273,8.868257684261504,1.0728341898473042,8.267799750367347,1.0569748667630283,7.693382867180144,1.0401794770265382
C2,995.0,241853.66873955037,363599.1923567478,11.135000228881836,8.89634728478871,1.0775193115210044,8.294962257505562,1.0615907299631973,7.720461589064225,1.0447219939023666
C2,1000.0,241856.33488133748,363603.4222134795,11.287500381469727,8.9244494441476,1.0820651320620158,8.322139502772961,1.066069351269366,7.747546341748984,1.0491294496655639
C2,1005.0,241859.00102312458,363607.6520702113,10.382499694824219,8.95256416233853,1.0864716514703847,8.34933148616988,1.0704107306815802,7.774637125234742,1.0534018443161748
C2,1010.0,241861.6671649117,363611.881926943,10.592499732971191,8.980742474089643,1.0903698829944082,8.376558886197806,1.0742513360469617,7.801757238746413,1.0571814222475573
C2,1015.0,241864.3333066988,363616.11178367474,11.600000381469727,9.008987347719904,1.0936727273762703,8.403817687522844,1.0775053556647878,7.828902766999014,1.0603837353117123
C2,1020.0,241866.9994484859,363620.3416404065,11.427499771118164,9.03723139682999,1.0968421799837926,8.43107858160292,1.0806279553910385,7.856040920917557,1.0634567167537168
C2,1025.0,241869.665590273,363624.57149713824,11.5024995803833,9.065474621419174,1.0998782408169112,8.458341568437366,1.0836191352256492,7.883171700501395,1.0664003665735082
C2,1030.0,241872.33173206012,363628.80135386996,11.225000381469727,9.093382071906458,1.102565295332603,8.485309542109542,1.0862664679780651,7.910013001025168,1.0690056330604651
C2,1035.0,241874.99787384723,363633.03121060174,10.875,9.121275899991417,1.1044557690943029,8.51223830757783,1.088128995544107,7.936814755770635,1.0708385649593397
C2,1040.0,241877.66401563433,363637.26106733346,10.664999961853027,9.149175607631877,1.105975651978935,8.539162112314685,1.0896264105451157,7.963605593920146,1.072312185952254
C2,1045.0,241880.33015742144,363641.4909240652,10.337499618530273,9.177066941633123,1.107384684701293,8.566079847424499,1.0910146140420465,7.990382030573868,1.073678330817997
C2,1050.0,241882.99629920855,363645.72078079695,10.2524995803833,9.204949901995517,1.108682867261391,8.59299151290761,1.0922936060349133,8.017144065732131,1.074936999556582
C2,1055.0,241885.66244099566,363649.9506375287,10.242500305175781,9.232824488718338,1.1098701996591995,8.61989710876335,1.093463386523687,8.043891699394282,1.076088192167981
C2,1060.0,241888.32858278276,363654.18049426045,10.1875,9.260674907584542,1.1099525690626562,8.646753661928152,1.0935445382897944,8.070595385811906,1.076168054427985
C2,1065.0,241890.99472456984,363658.41035099217,10.067500114440918,9.28837159819156,1.1098439136870455,8.673472263038573,1.0934374891276388,8.097158350579356,1.0760627062829993
C2,1070.0,241893.66086635695,363662.6402077239,10.047499656677246,9.315821952844654,1.1095264659203832,8.699970688790255,1.0931247340774717,8.123502124234857,1.075754920928064
C2,1075.0,241896.32700814406,363666.87006445567,10.079999923706055,9.343255965932178,1.1091061698360245,8.726454963104198,1.0927106510794058,8.14982502500052,1.0753474177319877
C2,1080.0,241898.99314993116,363671.0999211874,10.130000114440918,9.37065628533341,1.1082995306217307,8.752904789416682,1.0919159361233453,8.176111818103006,1.0745653308410117
C2,1085.0,241901.65929171827,363675.3297779191,10.3100004196167,9.397986891823642,1.106572226446844,8.779277911965966,1.0902141660666378,8.202330149716605,1.0728906020056543
C2,1090.0,241904.32543350538,363679.5596346509,10.359999656677246,9.425294817007648,1.1047244493143054,8.805629269924859,1.0883937039608076,8.228520883986123,1.0710990671444707
C2,1095.0,241906.9915752925,363683.7894913826,10.680000305175781,9.452580060884712,1.102756199224154,8.831958863292705,1.086454549805894,8.254684020910924,1.0691907262575
C2,1100.0,241909.6577170796,363688.0193481143,10.329999923706055,9.479842623455191,1.1006674761763713,8.858266692069828,1.0843967036018778,8.28081956049132,1.0671655793447234
C2,1105.0,241912.3238588667,363692.2492048461,10.699999809265137,9.506701806342585,1.0977786918476997,8.884209556362817,1.081550623135972,8.306606728366814,1.0643647232565514
C2,1110.0,241914.9900006538,363696.4790615778,10.362500190734863,9.533431884804626,1.0942014401856999,8.910030392664176,1.0780262527024305,8.332281306970241,1.0608963552662547
C2,1115.0,241917.65614244092,363700.7089183096,10.237500190734863,9.560132905195083,1.0904956902326053,8.935822955052126,1.0743752835219493,8.357923901151764,1.0573034001901858
C2,1120.0,241920.32228422802,363704.9387750413,10.167499542236328,9.586804867513235,1.0866614419884968,8.961587243526017,1.0705977155946085,8.383534510910753,1.0535858580284236
C2,1125.0,241922.98842601513,363709.16863177303,10.342499732971191,9.613447771759448,1.0826986954533342,8.987323258086176,1.0666935489203688,8.409113136247527,1.0497437287809288
C2,1130.0,241925.65456780224,363713.3984885048,10.327500343322754,9.639933638700551,1.077545288823642,9.01291117674234,1.0616163232527867,8.43456596781454,1.0447471805130841
C2,1135.0,241928.32070958934,363717.62834523653,10.260000228881836,9.66635720407455,1.0719741435753374,9.038436835333647,1.0561275342467835,8.459959941181896,1.0393456086712771
C2,1140.0,241930.98685137645,363721.85820196825,10.237500190734863,9.69260762221209,1.0662738804822005,9.063808075624944,1.0505115360987443,8.485199854619632,1.0338188490478137
C2,1145.0,241933.65299316356,363726.0880587,10.337499618530273,9.718581380494712,1.060484001815482,9.088939000900796,1.0448072471320098,8.510203169630456,1.0282052015517011
C2,1150.0,241936.31913495064,363730.31791543175,10.462499618530273,9.744503389163244,1.0544469139160455,9.114021496325039,1.038859403337991,8.535159618839621,1.0223518693281273
C2,1155.0,241938.98527673775,363734.54777216347,10.600000381469727,9.770205671461753,1.0468860075930655,9.138900920523852,1.0314102671817187,8.559947251779947,1.0150211003618763
C2,1160.0,241941.65141852485,363738.77762889524,10.614999771118164,9.795870366164245,1.0391483752156558,9.163741193061162,1.0237870174489028,8.584695131409472,1.0075189844935477
C2,1165.0,241944.31756031196,363743.00748562696,10.625,9.821497473270014,1.0312340167839924,9.18854231393632,1.015989654139716,8.609403257727575,0.999845521723312
C2,1170.0,241946.98370209907,363747.23734235874,10.404999732971191,9.847086992779763,1.0231429322978964,9.213304283149974,1.0080181772539822,8.634071630734878,0.992000712050996
C2,1175.0,241949.64984388617,363751.46719909046,10.510000228881836,9.87255949697886,1.0142750215869234,9.237954813449724,0.9992813576868729,8.658643096216473,0.9834027210353022
C2,1180.0,241952.31598567328,363755.6970558222,10.505000114440918,9.897472060116323,1.0043600395639547,9.262131797330431,0.9895129452874777,8.682779765110554,0.9737895292551048
C2,1185.0,241954.9821274604,363759.92691255396,10.614999771118164,9.922279691261341,0.994313794176688,9.286217723779984,0.9796152099430258,8.706829121393703,0.9640490694786782
C2,1190.0,241957.6482692475,363764.1567692857,10.6850004196167,9.947038079254511,0.9840952038516134,9.310257116339661,0.9695476773741756,8.730834253939753,0.9541415105652432
C2,1195.0,241960.3144110346,363768.3866260174,10.757499694824219,9.97174722409618,0.9737042685886149,9.334249975009783,0.9593103475808127,8.75479516274901,0.9440668525146868
C2,1200.0,241962.9805528217,363772.6164827492,10.824999809265137,9.996247849073383,0.9618527691865457,9.358051673144248,0.9476340446442693,8.778597892932908,0.9325760866846489
C2,1205.0,241965.64669460882,363776.8463394809,11.007499694824219,10.020602970322269,0.9489852587358307,9.381716279794666,0.9349567499860568,8.802285219829091,0.9201002349473651
C2,1210.0,241968.31283639593,363781.0761962126,10.824999809265137,10.044911261076113,0.9358844544430769,9.40533264982239,0.9220496101850091,8.825927195135542,0.907398190319417
C2,1215.0,241970.97897818303,363785.3060529444,10.914999961853027,10.068984041638554,0.9228339490723261,9.428764315061203,0.909192025755038,8.849394532120224,0.8947449136249293
C2,1220.0,241973.64511997014,363789.5359096761,10.90371036529541,10.092667435581617,0.9101216534567649,9.451905820576178,0.8966676514467321,8.872589530208298,0.8824195523246433
C2,1225.0,241976.31126175725,363793.7657664078,10.791130065917969,10.116027314238137,0.8949854631325225,9.474764959022068,0.8817552139959881,8.89555966355399,0.8677440743387654
C2,1230.0,241978.97740354436,363797.9956231396,10.6899995803833,10.13927974448098,0.87944139385949,9.497535671579891,0.8664409271246828,8.918456104490833,0.8526731323420869
C2,1235.0,241981.64354533143,363802.2254798713,11.4375,10.162455445291966,0.8637737092755964,9.520245441587,0.8510048523033252,8.941300173267706,0.8374823376126922
C2,1240.0,241984.30968711854,363806.4553366031,11.142499923706055,10.185554416671742,0.8479824093804211,9.542894269044021,0.8354469895315014,8.96409186988523,0.822171690150174
C2,1245.0,241986.97582890565,363810.6851933348,10.975000381469727,10.208526224898808,0.8315372811703092,9.565440294613401,0.8192449637542513,8.986800555217902,0.8062271154683995
C2,1250.0,241989.64197069276,363814.91505006654,11.0600004196167,10.231158483266885,0.8122267942640392,9.587709561293552,0.8002199368509085,9.009300880817134,0.7875043973062494
C2,1255.0,241992.30811247986,363819.1449067983,11.017499923706055,10.253130543512407,0.7941272872291367,9.609538747258307,0.7823879883377673,9.03140207784345,0.7699557994519767
C2,1260.0,241994.97425426697,363823.37476353004,10.862500190734863,10.27487617008347,0.7764201743845438,9.631224643732473,0.7649426333923351,9.053383097071542,0.7527876521720098
C2,1265.0,241997.64039605408,363827.60462026176,11.585000038146973,10.29648129763792,0.7589208663585838,9.652824486527154,0.7477020113614204,9.075297126000235,0.7358209845891044
C2,1270.0,242000.30653784118,363831.83447699354,11.444999694824219,10.317762220668474,0.7400930274576382,9.67422322447107,0.7291524976510306,9.09707489679029,0.7175662236886808
C2,1275.0,242002.9726796283,363836.06433372525,11.520000457763672,10.338630379639831,0.7198048646825312,9.695381569213788,0.709164247510635,9.118699972789003,0.6978955879605537
C2,1280.0,242005.6388214154,363840.294190457,11.779999732971191,10.359312855110906,0.7001959468469339,9.716448125817966,0.6898452012753855,9.140264674139713,0.6788835224501102
C2,1285.0,242008.3049632025,363844.52404718875,11.442500114440918,10.379809647082007,0.6812662739505774,9.737422894283892,0.6711953589450173,9.16176900084271,0.6605300271570901
C2,1290.0,242010.9711049896,363848.7539039205,11.492500305175781,10.399877549880781,0.6631058427139531,9.758125957375517,0.6533033868507838,9.183035620967487,0.6429223594997809
C2,1295.0,242013.63724677672,363852.98376065225,11.40250015258789,10.418763652186414,0.6448717841380497,9.77820276938434,0.635338875823865,9.203856429353923,0.6252433055574553
C2,1300.0,242016.30338856383,363857.21361738397,11.092499732971191,10.437158818497082,0.6272411659766376,9.798080413499239,0.617968884768193,9.224584276008184,0.6081493246307927
C2,1305.0,242018.96953035094,363861.4434741157,11.02750015258789,10.455284876643262,0.6106145913969909,9.817843347103697,0.6015880948780655,9.245245425728669,0.5920288264078579
C2,1310.0,242021.63567213804,363865.67333084746,11.067500114440918,10.473141826625257,0.5949920603988501,9.837491570197999,0.5861965061532267,9.265839878515662,0.5768818108883995
C2,1315.0,242024.30181392515,363869.9031875792,11.015000343322754,10.49072966844247,0.5803735729827406,9.85702508278157,0.5717941185941949,9.286367634368592,0.5627082780729269
C2,1320.0,242026.96795571223,363874.1330443109,11.157500267028809,10.50675392852791,0.5721534915593449,9.876251328500334,0.5636955516866102,9.307027687046372,0.5547383978463237
C2,1325.0,242029.63409749934,363878.3629010427,11.229999542236328,10.522507739617998,0.5651381747930849,9.89544499297526,0.5567839398322527,9.327737521086817,0.5479366118908074
C2,1330.0,242032.30023928644,363882.5927577744,11.180000305175781,10.537885995164869,0.5520398243482654,9.91413767915757,0.54387921760484,9.34787621327321,0.5352369464210768
C2,1335.0,242034.96638107355,363886.8226145061,10.954999923706055,10.55305881551964,0.5369150528735107,9.932691045659924,0.5289780302029018,9.367896337221154,0.5205725397200487
C2,1340.0,242037.63252286066,363891.0524712379,11.077500343322754,10.567696248550627,0.5235114738322233,9.951239973493475,0.5157725914639145,9.388102390996034,0.507576936140918
C2,1345.0,242040.29866464777,363895.2823279696,11.024999618530273,10.581157954510374,0.5175893184300017,9.97012637292194,0.5099379811611999,9.409196327885567,0.501835038122155
C2,1350.0,242042.96480643487,363899.5121847014,11.045000076293945,10.594564462626705,0.5109581272515653,9.98929254002184,0.5034048165038717,9.430706368434501,0.49540568581653605
C2,1355.0,242045.63094822198,363903.7420414331,11.0,10.607915772899123,0.5036179002969849,10.008738474792608,0.4961730974919998,9.452632512642229,0.4882888792241294
C2,1360.0,242048.2970900091,363907.97189816483,10.970000267028809,10.621211885327876,0.4955686375662272,10.028464177234532,0.48824282412555114,9.474974760509047,0.480484618344903
C2,1365.0,242050.9632317962,363912.2017548966,10.967499732971191,10.633893331571082,0.48772989260016775,10.048193886115415,0.4805199565152714,9.497555031742607,0.4728844675327208
C2,1370.0,242053.6293735833,363916.43161162833,11.15250015258789,10.646044018432393,0.4779433224689631,10.068395607341131,0.4708780577408802,9.520987741027504,0.4633957790688258
C2,1375.0,242056.2955153704,363920.66146836005,11.010000228881836,10.658232579632918,0.46930809865594547,10.089736913482218,0.4623704853448821,9.54599402062398,0.4550233924737921
C2,1380.0,242058.96165715752,363924.8913250918,11.119999885559082,10.670459015172892,0.461824221161222,10.112217804538997,0.45499723932738273,9.572573870532388,0.44776730774772333
C2,1385.0,242061.62779894462,363929.12118182355,11.042499542236328,10.682723325051846,0.45549168998458783,10.135838280510843,0.4487583196881799,9.600727290752037,0.44162752489042084
C2,1390.0,242064.29394073173,363933.35103855527,11.045000076293945,10.69445454735919,0.4505963199297213,10.155747344796655,0.44393531613340703,9.623985434893669,0.4368811591317066
C2,1395.0,242066.96008251884,363937.58089528704,11.057499885559082,10.706144708755577,0.44608918609966725,10.174672874040315,0.43949480964660803,9.645922241440967,0.4325112125411391
C2,1400.0,242069.62622430595,363941.81075201876,11.210000038146973,10.717951753042986,0.4417981797628579,10.193788409281881,0.435267235717827,9.668095252157777,0.42835081499833794
C2,1405.0,242072.29236609302,363946.0406087505,11.0625,10.729875322299256,0.43368250698205224,10.213130602717778,0.427271534017889,9.690536439895133,0.42048216544508227
C2,1410.0,242074.95850788013,363950.27046548226,11.0649995803833,10.741831639348119,0.4254446587929123,10.231807095923564,0.419155462984885,9.71205965798558,0.4124950592341784
C2,1415.0,242077.62464966724,363954.500322214,11.102499961853027,10.753305696008846,0.4288344447912334,10.241830591705574,0.4224951389925573,9.721860188589215,0.415781667603269
C2,1420.0,242080.29079145435,363958.73017894576,11.135000228881836,10.764959553146518,0.43644428483313397,10.25075124558694,0.42999248549804486,9.73008821743818,0.42315988085365047
C2,1425.0,242082.95693324145,363962.9600356775,11.107500076293945,10.776793210760696,0.44827417891799193,10.258569057567422,0.44164750250073465,9.736743744532301,0.4346296989847198
C2,1430.0,242085.62307502856,363967.1898924092,11.087499618530273,10.788806668851594,0.4643241270461065,10.265284027647146,0.4574601900009214,9.74182676987167,0.450191121996767
C2,1435.0,242088.28921681567,363971.419749141,11.082500457763672,10.800544848747414,0.4769445511441367,10.27059894378767,0.46989405089493985,9.745104262765954,0.46242740814629246
C2,1440.0,242090.95535860278,363975.6496058727,11.119999885559082,10.81152237923752,0.47855056690014997,10.273803116540064,0.471476325495941,9.74577233050728,0.4639845403154391
C2,1445.0,242093.62150038988,363979.8794626044,11.1225004196167,10.822546037392966,0.48370829537709903,10.275422910892926,0.47655780912236656,9.744230431161931,0.46898527888298897
C2,1450.0,242096.287642177,363984.1093193362,11.104999542236328,10.833638123017668,0.48620475329215507,10.277067590298994,0.47901736279528856,9.742711355629478,0.471405750110561
C2,1455.0,242098.9537839641,363988.3391760679,11.157500267028809,10.844798636111207,0.4860399406451956,10.278737154758117,0.47885498651458647,9.741215103909854,0.47124595399803665
C2,1460.0,242101.6199257512,363992.5690327996,11.117500305175781,10.855168207556174,0.4721009452527817,10.279898817606234,0.46512204629269815,9.739339943079912,0.4577312309638445
C2,1465.0,242104.2860675383,363996.7988895314,11.067500114440918,10.865181984561824,0.44580303707980706,10.2805625219366,0.4392128906661471,9.736937965870155,0.4322337732683144
C2,1470.0,242106.95220932542,364001.0287462631,10.897500038146973,10.875427614554209,0.4137165059789658,10.28102912134897,0.40760068324875276,9.734198060515887,0.40112388559364764
C2,1475.0,242109.61835111253,364005.2586029949,10.835000038146973,10.885905097533715,0.3758413519496632,10.281298615843465,0.37028542403992903,9.731120227017152,0.3644015679392675
C2,1480.0,242112.28449289963,364009.4884597266,10.84749984741211,10.895178441254222,0.3565781356379813,10.281717254283821,0.3513069689475047,9.728628981216549,0.3457246815589587
C2,1485.0,242114.95063468674,364013.71831645834,10.970000267028809,10.900980713116168,0.35973558732174,10.28292109823909,0.3544177451554943,9.728433606784215,0.3487860273589606
C2,1490.0,242117.61677647382,364017.9481731901,10.922499656677246,10.906261373918607,0.36631898175254635,10.284309580842695,0.36090381962738627,9.728681295550746,0.35516903774481046
C2,1495.0,242120.28291826093,364022.17802992184,10.845000267028809,10.911449138521041,0.3739386202758968,10.285804665559152,0.36841081976694157,9.729114185326793,0.3625567512324346
C2,1500.0,242122.94906004803,364026.40788665356,10.852499961853027,10.916544006923667,0.38259450289160096,10.287406352388576,0.3769387455739727,9.729732276112443,0.3709491678216485
C2,1505.0,242125.61520183514,364030.63774338533,10.857500076293945,10.920955555856334,0.397532067980748,10.289236548670722,0.39165549399494387,9.730909000489453,0.38543206628758286
C2,1510.0,242128.28134362225,364034.86760011705,10.827500343322754,10.922078705423155,0.43995830384762774,10.291737629621643,0.43345455803072713,9.734162295825234,0.42656694085946
C2,1515.0,242130.94748540936,364039.0974568488,10.832500457763672,10.923089981932295,0.4807553959747769,10.294205889839146,0.47364856137462846,9.73740620275736,0.46612225924346623
C2,1520.0,242133.61362719646,364043.32731358055,10.842499732971191,10.923837605834523,0.5220582430663497,10.296706044698448,0.5143408432888196,9.74077364658536,0.5061679385233288
C2,1525.0,242136.27976898357,364047.55717031227,10.782500267028809,10.924788743104626,0.5589183149659201,10.29910766373056,0.5506560259635309,9.743945169869315,0.5419060709152838
C2,1530.0,242138.94591077068,364051.78702704405,10.772500038146973,10.92513048353402,0.5909571693247766,10.301117137695456,0.5822212614276283,9.746816421417588,0.5729697330232694
C2,1535.0,242141.6120525578,364056.01688377577,10.797499656677246,10.924508363334049,0.6194754022601494,10.302640199434164,0.6103179195523234,9.749384682573703,0.6006199336796219
C2,1540.0,242144.2781943449,364060.2467405075,10.800000190734863,10.924010820738374,0.645574758340885,10.304083680238067,0.6360314582115132,9.751807043051436,0.6259248827719945
C2,1545.0,242146.944336132,364064.47659723926,10.807499885559082,10.923637855747067,0.6692552375671997,10.305447580107238,0.6593618774054106,9.75408350285086,0.648884580300598
C2,1550.0,242149.6104779191,364068.706453971,10.867500305175781,10.923389468359991,0.6905168399386353,10.306731899041532,0.6803091771335645,9.75621406197182,0.6694990262649875
C2,1555.0,242152.27661970622,364072.9363107027,11.0024995803833,10.922026227517756,0.7093395429494073,10.30732771564211,0.6988536308757252,9.757805795820161,0.6877488076004137
C2,1560.0,242154.94276149332,364077.1661674345,11.055000305175781,10.920220705995307,0.7265627929057715,10.307599602827624,0.715822275704412,9.759119953888282,0.7044478197140941
C2,1565.0,242157.60890328043,364081.3960241662,11.130000114440918,10.918494398521407,0.7425770118327893,10.307833041704928,0.7315997621758912,9.760357470452957,0.7199746010434565
C2,1570.0,242160.27504506754,364085.6258808979,11.307499885559082,10.916847305096104,0.7573821997306338,10.308028032274082,0.7461860902903332,9.761518345514258,0.7343291515886685
C2,1575.0,242162.94118685462,364089.8557376297,11.305000305175781,10.915279425719502,0.7709783565994155,10.30818457453519,0.7595812600478469,9.762602579072283,0.7475114713498375
C2,1580.0,242165.60732864172,364094.0855943614,11.510000228881836,10.91221306356816,0.7820939452392901,10.307248941007748,0.7705325309270303,9.762745159880005,0.7582887259224816
C2,1585.0,242168.27347042883,364098.31545109313,11.329999923706055,10.909132987324632,0.7924127340741374,10.306235573596615,0.7806987808069643,9.762787621765323,0.7682934335234426
C2,1590.0,242170.93961221594,364102.5453078249,11.802499771118164,10.906141411122068,0.8018058101739876,10.305211691936224,0.7899530024312934,9.762782676518675,0.7774006050487687
C2,1595.0,242173.60575400305,364106.77516455663,12.632499694824219,10.903288395923656,0.8101473753783548,10.30421550742425,0.798171257268625,9.762763111407038,0.7854882713572616
C2,1600.0,242176.27189579015,364111.0050212884,14.072500228881836,10.900104282019823,0.8175164996975863,10.30291958070859,0.8054314464656982,9.762455070735058,0.7926330957420834
C2,1605.0,242178.93803757726,364115.2348780201,14.430000305175781,10.895713505730352,0.8234888155053208,10.300701863726982,0.8113154756705885,9.76132276206793,0.7984236273939382
C2,1610.0,242181.60417936437,364119.46473475185,14.682499885559082,10.891349979835965,0.8290253126999879,10.298451596539229,0.8167701288126791,9.760133708875495,0.8037916057926372
C2,1615.0,242184.27032115147,364123.6945914836,14.172499656677246,10.88701370433667,0.8341259912816582,10.296168779145354,0.8217954058920394,9.758887911157782,0.8087370309382487
C2,1620.0,242186.93646293858,364127.92444821534,14.104999542236328,10.882704679232452,0.8387908512501877,10.293853411545316,0.8263913069085275,9.757585368914722,0.8132599028306331
C2,1625.0,242189.6026047257,364132.15430494706,13.649999618530273,10.877577164143348,0.8426177466411464,10.290881837064742,0.8301616306772911,9.755676669026599,0.8169703159439169
C2,1630.0,242192.2687465128,364136.38416167884,13.234999656677246,10.871847507103496,0.84492153989856,10.287373376480616,0.8324313677851474,9.753246056610692,0.8192039868022309
C2,1635.0,242194.9348882999,364140.61401841056,12.962499618530273,10.866161397656693,0.8469139247066796,10.283846268635415,0.834394299883141,9.75076794990763,0.821135727799442
C2,1640.0,242197.601030087,364144.8438751423,12.5024995803833,10.860483306583074,0.8487511566612596,10.280282702642783,0.8362043726965889,9.74823044030095,0.8229170384546848
C2,1645.0,242200.26717187412,364149.07373187406,11.832500457763672,10.854813233882624,0.8504332357623485,10.276682678502725,0.8378615862255392,9.745633527790677,0.8245479187680069
C2,1650.0,242202.93331366123,364153.3035886058,11.850000381469727,10.847851282636858,0.8514700702975968,10.27207283832583,0.8388830936076713,9.742109757426814,0.8255531943407265
C2,1655.0,242205.59945544833,364157.53344533755,11.994999885559082,10.840510938421206,0.8523753320284722,10.267142102908679,0.8397749731790136,9.738271998657716,0.8264309018958174
C2,1660.0,242208.2655972354,364161.7633020693,12.3149995803833,10.833153971466572,0.8533062288188897,10.262161967674539,0.840692108856006,9.734362073045489,0.8273334642356274
C2,1665.0,242210.93173902252,364165.993158801,12.862500190734863,10.82587410295868,0.8538836730260883,10.257171071099627,0.8412610169125653,9.730401065510264,0.8278933323113619
C2,1670.0,242213.59788080963,364170.22301553277,13.21500015258789,10.818666467822037,0.8538289859074877,10.25213759033254,0.8412071382140258,9.726347919755463,0.8278403097483555
C2,1675.0,242216.26402259673,364174.4528722645,13.430000305175781,10.8099122272621,0.8532120019707782,10.24590114783558,0.8405992749295934,9.721190710124604,0.8272421054454995
C2,1680.0,242218.93016438384,364178.6827289962,13.824999809265137,10.80112536252617,0.8528785358448234,10.239605308325935,0.8402707383137922,9.715948531826976,0.8269187892948933
C2,1685.0,242221.59630617095,364182.912585728,14.942500114440918,10.79230587361419,0.8528285875296588,10.233250071803575,0.840221528366657,9.71062138486256,0.826870361296571
C2,1690.0,242224.26244795806,364187.1424424597,15.3125,10.783453760526285,0.8530621570252163,10.226835438268557,0.8404516450881209,9.705209269231391,0.8270968214504669
C2,1695.0,242226.92858974516,364191.3722991914,14.15999984741211,10.774082696372586,0.8531738270561425,10.219993028618054,0.8405616643410236,9.699385059629384,0.8272050924912923
C2,1700.0,242229.59473153227,364195.6021559232,12.947500228881836,10.763664413706177,0.8527623275329341,10.212324384804006,0.8401562478676943,9.692793926105804,0.8268061181083934
C2,1705.0,242232.26087331938,364199.8320126549,11.869999885559082,10.753395954072857,0.8521717021918682,10.20463645145226,0.8395743535292367,9.686107845239627,0.8262334701035092
C2,1710.0,242234.92701510648,364204.0618693867,11.442500114440918,10.743125471713672,0.8519603263529034,10.196894225266739,0.8393661023834947,9.679329290111047,0.8260285280801178
C2,1715.0,242237.5931568936,364208.2917261184,11.390000343322754,10.73281976729451,0.8522321569649938,10.189090386470857,0.8396339146211262,9.672459447955964,0.8262920847663215
C2,1720.0,242240.2592986807,364212.52158285014,10.9975004196167,10.721673914398924,0.8518929044073664,10.18061066505873,0.8392996771123947,9.664957410189384,0.8259631583102931
C2,1725.0,242242.9254404678,364216.7514395819,11.1274995803833,10.709958362333936,0.8512764875379658,10.171662091960727,0.8386923725125157,9.65700440521588,0.8253655038144632
C2,1730.0,242245.5915822549,364220.98129631364,10.96500015258789,10.698221157321601,0.8511194292095456,10.162663064250816,0.8385376359210375,9.648968588989515,0.8252132259960774
C2,1735.0,242248.25772404202,364225.21115304535,10.967499732971191,10.686462299361821,0.851421729422118,10.153613581928933,0.8388354673379719,9.640849961510243,0.8255063248551479
C2,1740.0,242250.92386582913,364229.44100977713,10.992500305175781,10.674733484040738,0.8521265519194966,10.144506496907393,0.8395298706971257,9.632621766550898,0.8261896941061033
C2,1745.0,242253.5900076162,364233.67086650885,10.97249984741211,10.662040040422937,0.8512590386336976,10.134526889002283,0.8386751815491258,9.623552164008931,0.8253485860164534
C2,1750.0,242256.2561494033,364237.9007232406,10.90999984741211,10.649196265448404,0.85055183087015,10.124395147414015,0.8379784281843301,9.614308576913306,0.8246629041015825
C2,1755.0,242258.92229119042,364242.13057997235,11.050000190734863,10.636363062178704,0.8503001887311764,10.114236126803071,0.837730505980852,9.605000151715057,0.8244189213957815
C2,1760.0,242261.58843297753,364246.36043670407,12.1225004196167,10.623540430614076,0.8505041122167717,10.104049827169609,0.837931414938687,9.595626888414305,0.8246166378990463
C2,1765.0,242264.25457476464,364250.5902934358,13.880000114440918,10.610575092357575,0.8508251659527172,10.093713675269331,0.8382477226523855,9.586081635774,0.824927919465492
C2,1770.0,242266.92071655174,364254.82015016756,15.072500228881836,10.596687116122547,0.8494943451774163,10.08260368384779,0.8369365749233502,9.575818061577616,0.8236376059471808
C2,1775.0,242269.58685833885,364259.0500068993,14.710000038146973,10.582830520797284,0.8485826647670565,10.071482538127384,0.8360383715575499,9.565502245970801,0.8227536750830851
C2,1780.0,242272.25300012596,364263.27986363106,15.302499771118164,10.569105823816402,0.8479494480072275,10.060312076102212,0.8354145154139959,9.555056264337338,0.8221397320485349
C2,1785.0,242274.91914191307,364267.5097203628,14.234999656677246,10.555448912462705,0.8476396455324249,10.049137923847365,0.835109292638074,9.544557810603337,0.8218393592795898
C2,1790.0,242277.58528370017,364271.7395770945,13.364999771118164,10.541425428041507,0.8466947953099824,10.037620187731136,0.8341784097976306,9.5337158218063,0.8209232682195291
C2,1795.0,242280.25142548728,364275.9694338263,12.484999656677246,10.526867612802405,0.8446484266014678,10.025620087918274,0.8321622918238765,9.522407481605024,0.8189391864731024
C2,1800.0,242282.9175672744,364280.199290558,11.457500457763672,10.512378210353788,0.8428826781651698,10.013640727088275,0.8304226458134889,9.511075554183316,0.8172271835350868
C2,1805.0,242285.5837090615,364284.4291472897,11.482500076293945,10.49795722069551,0.8413975500010451,10.001682105241033,0.8289594717664253,9.499720039541096,0.8157872594054407
C2,1810.0,242288.2498508486,364288.6590040215,12.229999542236328,10.483604643827423,0.8401930421090588,9.98974422237645,0.8277727696826511,9.488340937678275,0.8146194140841301
C2,1815.0,242290.9159926357,364292.8888607532,12.632499694824219,10.468695601416139,0.8375677302054167,9.977233280471099,0.8251862668234069,9.476398816628338,0.8120740108999323
C2,1820.0,242293.58213442282,364297.11871748493,12.15250015258789,10.453630494142882,0.8341408277633617,9.964454466302756,0.8218100230512183,9.46415431852602,0.8087514158300496
C2,1825.0,242296.24827620992,364301.3485742167,11.962499618530273,10.438661573962499,0.8308183886822681,9.95172344576947,0.8185366983955888,9.451912496522256,0.8055301044862093
C2,1830.0,242298.914417997,364305.57843094843,11.385000228881836,10.423788840875341,0.8276004129622484,9.939040218871517,0.8153662928566288,9.439673350617289,0.8024100768685207
C2,1835.0,242301.5805597841,364309.8082876802,10.992500305175781,10.40901229488102,0.8244869006032067,9.926404785608574,0.8122988064342438,9.427436880810815,0.7993913329768906
C2,1840.0,242304.24670157122,364314.0381444119,11.039999961853027,10.393439733744314,0.8190634275148014,9.913018861605142,0.8069555066035783,9.414496022198954,0.7941329384792764
C2,1845.0,242306.91284335832,364318.26800114365,10.75,10.377932538588562,0.81348732531746,9.89966137846821,0.8014618339253603,9.401542499915895,0.7887265605670641
C2,1850.0,242309.57898514543,364322.4978578754,10.867500305175781,10.362533334527006,0.8078699162239626,9.886370665060301,0.7959274649760195,9.38861030478175,0.7832801330497523
C2,1855.0,242312.24512693254,364326.72771460714,10.824999809265137,10.347261368603801,0.8022380279319431,9.87301577201761,0.7903788308689559,9.37556032114984,0.7778196670488714
C2,1860.0,242314.91126871965,364330.95757133886,10.739999771118164,10.331886687531407,0.7959272242168715,9.859500186279256,0.7841613175020739,9.362328151952372,0.7717009503170057
C2,1865.0,242317.57741050675,364335.18742807064,10.8725004196167,10.315896780444282,0.7871774394445878,9.845390139507433,0.7755408776603084,9.348540811721058,0.7632174897462825
C2,1870.0,242320.24355229386,364339.41728480236,11.595000267028809,10.30001350509962,0.778347478762478,9.831343246331999,0.7668414471204404,9.334773680637742,0.7546562936440655
C2,1875.0,242322.90969408097,364343.6471415341,11.46500015258789,10.284236861497247,0.7694373421704017,9.817359506752812,0.758063025882332,9.321026758702311,0.7460173620102186
C2,1880.0,242325.57583586808,364347.87699826586,11.21500015258789,10.26856684963699,0.7604470296682179,9.803438920769748,0.7492056139458438,9.307300045914648,0.7373006948446054
C2,1885.0,242328.24197765518,364352.1068549976,11.242500305175781,10.252533462336778,0.7492134143911765,9.789157253090274,0.7381380611749571,9.293233958820576,0.7264090061060096
C2,1890.0,242330.9081194423,364356.33671172935,11.09000015258789,10.236086466557493,0.7361229493843076,9.77439077286651,0.725241107817921,9.278710200548918,0.7137169860588509
C2,1895.0,242333.5742612294,364360.5665684611,11.255000114440918,10.219602853741698,0.7242479595476237,9.759378991862286,0.7135416616975063,9.263910350152672,0.7022034447913768
C2,1900.0,242336.2404030165,364364.7964251928,11.180000305175781,10.20316158074075,0.7127797236791499,9.74434707601258,0.7022429566472541,9.249054184392842,0.6910842767960573
C2,1905.0,242338.9065448036,364369.02628192457,10.960000038146973,10.186762647554458,0.7017182417786899,9.72929502531725,0.6913449926669709,9.234141703269302,0.6803594820727019
C2,1910.0,242341.57268659072,364373.2561386563,11.047499656677246,10.169534221194318,0.6870991861234836,9.713403724961196,0.6769420452690121,9.218490407438603,0.6661853983141098
C2,1915.0,242344.2388283778,364377.485995388,10.967499732971191,10.152021518471997,0.6722581639815809,9.697170594419221,0.6623204126353324,9.202510202453585,0.6517961042404168
C2,1920.0,242346.9049701649,364381.7158521198,10.454999923706055,10.134476680878379,0.6584530916162117,9.680830599795115,0.6487194157041314,9.186396273656133,0.6384112279108349
C2,1925.0,242349.571111952,364385.9457088515,10.375,10.116899708413902,0.6456839690278425,9.664383741089255,0.6361390544758687,9.170148621046586,0.6260307693258168
C2,1930.0,242352.23725373912,364390.1755655832,10.352499961853027,10.099085391786764,0.6356940810392331,9.647400358168284,0.6262968434189312,9.153354070337441,0.6163449515528234
C2,1935.0,242354.90339552623,364394.405422315,10.5,10.07938497049903,0.6255894632879982,9.628334688988009,0.6163415986083538,9.13472352423536,0.6065478961388221
C2,1940.0,242357.56953731333,364398.6352790467,10.369999885559082,10.059559120677042,0.6178135300097206,9.609031356648151,0.6086806141632336,9.115837211633936,0.5990086451648217
C2,1945.0,242360.23567910044,364402.86513577844,10.5,10.039607842320578,0.6123662812041294,9.589490361148524,0.6033138900833042,9.096695132533013,0.5937271986305594
C2,1950.0,242362.90182088755,364407.0949925102,10.475000381469727,10.019531135429403,0.6092477168710247,9.569711702488933,0.6002414263683683,9.077297286932408,0.5907035565358417
C2,1955.0,242365.56796267466,364411.32484924194,10.34749984741211,9.998364888235905,0.6105247212331719,9.548640365603015,0.6014995532329251,9.056725975741413,0.5919416916942171
C2,1960.0,242368.23410446176,364415.5547059737,10.505000114440918,9.975078383824792,0.6180824961051816,9.52515129397372,0.6089456042292061,9.034012876421324,0.599269424523937
C2,1965.0,242370.90024624887,364419.78456270543,10.539999961853027,9.952167342993947,0.625194568070031,9.501926053786974,0.6159525409845747,9.011499772162963,0.6061650206625792
C2,1970.0,242373.56638803598,364424.01441943715,10.774999618530273,9.930042578491827,0.6293181770946711,9.479364687469994,0.6200151921757322,8.989540391132175,0.6101631160992023
C2,1975.0,242376.2325298231,364428.24427616893,10.1850004196167,9.908128972312756,0.6338041371359925,9.456937553735738,0.6244348378784312,8.967667491735414,0.6145125333846219
C2,1980.0,242378.8986716102,364432.47413290065,10.427499771118164,9.884721601036798,0.6424491984841298,9.432765382646084,0.6329521023848051,8.944286149506667,0.622894458081849
C2,1985.0,242381.5648133973,364436.70398963237,10.850000381469727,9.860509637351008,0.6532805377463887,9.407606000283362,0.6436233258429098,8.920059955994741,0.6333961152026459
C2,1990.0,242384.2309551844,364440.93384636415,10.387499809265137,9.836753787321175,0.663375916603673,9.382848556168641,0.6535694683347886,8.896173223874,0.6431842129343046
C2,1995.0,242386.89709697152,364445.16370309587,10.220000267028809,9.813454050947907,0.6727353350559536,9.358493050302478,0.6627905298604131,8.872625953144938,0.6522587512767967
C2,2000.0,242389.5632387586,364449.3935598276,10.067500114440918,9.79061042823091,0.6813587931031578,9.33453948268464,0.6712865104197112,8.849418143807364,0.6606197302300518
C2,2005.0,242392.2293805457,364453.62341655936,10.154999732971191,9.767227719127094,0.6883777465071955,9.309804593480486,0.6782017051526144,8.825673694434977,0.6674250421320553
C2,2010.0,242394.8955223328,364457.8532732911,10.470000267028809,9.744252634633394,0.6946249572337518,9.285371644074289,0.6843565656032881,8.802209697135108,0.6734821015060793
C2,2015.0,242397.56166411992,364462.08313002286,10.34749984741211,9.721839129703232,0.7003527089681849,9.261425171208131,0.6899996460378378,8.77916150527476,0.6790355130770473
C2,2020.0,242400.22780590702,364466.3129867546,10.029999732971191,9.69998720433723,0.7055610017104419,9.237965174882602,0.6951309464562114,8.756529118854449,0.684085276844908
C2,2025.0,242402.89394769413,364470.5428434863,10.047499656677246,9.67853946861342,0.710355901632139,9.214820311440684,0.6998549650918475,8.734202575365844,0.6887342305603275
C2,2030.0,242405.56008948124,364474.7727002181,10.532500267028809,9.656629234778212,0.7154624832690166,9.191031440985302,0.7048860579636476,8.711578820235209,0.6936853790851245
C2,2035.0,242408.22623126835,364479.0025569498,10.4350004196167,9.63536020315346,0.7202458866179408,9.167788052476817,0.7095987499762304,8.689430874618633,0.6983231861581578
C2,2040.0,242410.89237305545,364483.2324136815,10.227499961853027,9.614887873356412,0.7237538060295977,9.145246551634742,0.71305481307319,8.66787916565985,0.7017243322192915
C2,2045.0,242413.55851484256,364487.4622704133,10.489999771118164,9.595340558596394,0.7251842848949217,9.12352458707968,0.7144641456824228,8.647004186409601,0.7031112704545763
C2,2050.0,242416.22465662967,364491.692127145,10.149999618530273,9.576138071346445,0.7266001183166971,9.102016808055417,0.7158590493464511,8.626464468339933,0.7044840090214004
C2,2055.0,242418.89079841677,364495.92198387673,9.832500457763672,9.557187272054303,0.7281827494524711,9.08059971600578,0.7174182850136921,8.60623286013097,0.7060184683467163
C2,2060.0,242421.55694020388,364500.1518406085,10.135000228881836,9.538891290127424,0.7298371815316118,9.059693595263898,0.719048260216702,8.586439855940156,0.707622543152623
C2,2065.0,242424.223081991,364504.3816973402,10.282500267028809,9.521250125566418,0.7315634145540678,9.039298445830358,0.72074897495543,8.567085455767987,0.70929623343907
C2,2070.0,242426.8892237781,364508.611554072,9.907500267028809,9.504263778370685,0.7333614485198915,9.019414267704583,0.7225204292299281,8.548169659613972,0.7110395392061087
C2,2075.0,242429.5553655652,364512.8414108037,9.75,9.487708227972044,0.734975269844879,8.99985267150344,0.7241103940130025,8.529821336110103,0.7126042393598866
C2,2080.0,242432.2215073523,364517.07126753544,9.824999809265137,9.471825667926264,0.7346864490334108,8.980850063447598,0.723825842736019,8.512059109002587,0.7123242096186008
C2,2085.0,242434.8876491394,364521.3011242672,9.880000114440918,9.456639362031684,0.7343003317075061,8.962356947961974,0.7234454332440794,8.494716310213489,0.711949844854755
C2,2090.0,242437.5537909265,364525.53098099894,9.829999923706055,9.442126557260515,0.734210367602492,8.94434134441488,0.7233567990461687,8.477771046210355,0.7118626190592042
C2,2095.0,242440.2199327136,364529.76083773066,9.987500190734863,9.428287253612416,0.7344165567184171,8.926803252806025,0.7235599401423345,8.46122331699297,0.7120625322319958
C2,2100.0,242442.8860745007,364533.99069446244,9.862500190734863,9.414890723162728,0.7334195000522261,8.90969288204253,0.7225776226072869,8.445435752677778,0.7110958237774989
C2,2105.0,242445.55221628782,364538.22055119416,9.817500114440918,9.402179728793008,0.7324337498251434,8.893050305082472,0.7216064443723125,8.430043296998107,0.7101400776189746
C2,2110.0,242448.21835807493,364542.4504079259,9.72249984741211,9.39016885044727,0.7315434921780626,8.876878309986903,0.7207293470847732,8.415023514684918,0.7092769174563712
C2,2115.0,242450.88449986203,364546.68026465765,9.922499656677246,9.378788899181506,0.7303502373774391,8.86115581711192,0.7195537317419547,8.400367266174364,0.7081199827070759
C2,2120.0,242453.55064164914,364550.9101213894,9.627500534057617,9.367887758550308,0.7279528311356351,8.845855848420918,0.7171917654968931,8.386148664786747,0.7057955482376979
C2,2125.0,242456.21678343625,364555.1399781211,9.642499923706055,9.357437583261465,0.723400837433346,8.831039942077913,0.7127070622851225,8.372623418426052,0.7013821072106863
C2,2130.0,242458.88292522336,364559.36983485287,9.737500190734863,9.347766650524957,0.7186426115371866,8.816709375961896,0.7080191755360467,8.359447687606037,0.6967687112441366
C2,2135.0,242461.54906701046,364563.5996915846,9.712499618530273,9.33887496034128,0.7136781534472058,8.802864150073358,0.703128105249714,8.346621472327088,0.6919553603380966
C2,2140.0,242464.21520879757,364567.82954831637,9.6899995803833,9.330762512709951,0.7085074631633523,8.789504264411816,0.6980338514260741,8.33414477258883,0.6869420544925167
C2,2145.0,242466.88135058468,364572.0594050481,9.550000190734863,9.323124687151887,0.7013300811534533,8.776619705280172,0.6909625700805582,8.322214877820617,0.679983136202913
C2,2150.0,242469.54749237178,364576.2892617798,9.585000038146973,9.31602861257052,0.6917092782034345,8.76424279519895,0.6814839880104498,8.310845808203576,0.670655169331814
C2,2155.0,242472.2136341589,364580.5191185116,9.604999542236328,9.309073380548195,0.6812644870846452,8.752008075988378,0.6711935984931868,8.29959918525939,0.6605282946792769
C2,2160.0,242474.879775946,364584.7489752433,9.457500457763672,9.302877272212442,0.6699745298922569,8.740233186212132,0.6600705366893127,8.288655407997037,0.649581978949312
C2,2165.0,242477.5459177331,364588.978831975,9.477499961853027,9.297595707070435,0.6578584629354775,8.728998185887178,0.6481335772054487,8.278061464350783,0.6378346984189921
C2,2170.0,242480.21205952018,364593.2086887068,9.648414611816406,9.292420261812588,0.6413729739471206,8.718179786759823,0.6318917872890133,8.26806519430762,0.6218509914523263
C2,2175.0,242482.8782013073,364597.4385454385,9.454999923706055,9.288193949952674,0.6220407526628562,8.70800397822685,0.6128453472993576,8.258568920035737,0.6031072004588894
C2,2180.0,242485.5443430944,364601.66840217024,9.462499618530273,9.285214121240461,0.6008668752264046,8.698529482182682,0.5919844756999921,8.249503552542595,0.5825778092754512
C2,2185.0,242488.2104848815,364605.898258902,9.517499923706055,9.28348077567576,0.5778513416375541,8.689756298627113,0.5693091724907083,8.240869091828053,0.5602628179018061
C2,2190.0,242490.8766266686,364610.12811563374,9.522500038146973,9.281833908901975,0.5538630442948955,8.681087669698575,0.5456754855453698,8.232309513145601,0.5370046715632368
C2,2195.0,242493.54276845572,364614.3579723655,9.489999771118164,9.276485695948304,0.5247949547631349,8.671005207407466,0.5170370991574519,8.223317217705745,0.5088213507358545
C2,2200.0,242496.20891024283,364618.58782909723,9.600000381469727,9.273342756625198,0.48896284449151806,8.66210170991959,0.4817346821228591,8.21501600247852,0.4740798910811856
C2,2205.0,242498.87505202994,364622.81768582895,9.862500190734863,9.27240509093241,0.4463667134797882,8.654377177234721,0.43976823444133833,8.207405867463773,0.4327802925989808
C2,2210.0,242501.54119381704,364627.04754256073,9.600000381469727,9.273672698869774,0.3970065617274895,8.647831609352679,0.3911377561124404,8.200486812661364,0.3849225552887984
C2,2215.0,242504.20733560415,364631.27739929245,9.3774995803833,9.271721514608473,0.353485091844492,8.63987390243831,0.34825964851248475,8.192864006222198,0.34272578321513786
C2,2220.0,242506.87347739126,364635.50725602417,9.614999771118164,9.257892708066674,0.33797337333833455,8.626318100486674,0.3329772341786148,8.182234423043866,0.3276862072992528
C2,2225.0,242509.53961917837,364639.73711275595,9.842499732971191,9.243894000744152,0.32436909262489044,8.612730456877637,0.3195740606685065,8.171567842143812,0.3144960109654374
C2,2230.0,242512.20576096547,364643.96696948766,9.225000381469727,9.218527195347276,0.3405331389416313,8.593308098482627,0.335499159684524,8.15730864910554,0.33016805926817505
C2,2235.0,242514.87190275258,364648.1968262194,9.649999618530273,9.191385072324836,0.361031529530672,8.573008173033932,0.35569452991572387,8.142471373889887,0.35004252393779894
C2,2240.0,242517.5380445397,364652.42668295116,10.104999542236328,9.157026411662052,0.393731963134695,8.549440341785363,0.3879115647356809,8.125968666005543,0.38174762827383557
C2,2245.0,242520.2041863268,364656.6565396829,10.420000076293945,9.118146005579819,0.4331049881416493,8.523878305651984,0.4267025524326923,8.108475351047112,0.41992222500819276
C2,2250.0,242522.8703281139,364660.88639641466,10.444999694824219,9.080758905678831,0.4682223421790166,8.499115815171926,0.46130077921806,8.091419098336278,0.45397068403611307
C2,2255.0,242525.53646990098,364665.1162531464,9.364999771118164,9.044865111960164,0.4990840252460035,8.475152870345896,0.49170624509100247,8.074799907873507,0.48389300535682755
C2,2260.0,242528.2026116881,364669.3461098781,9.40250015258789,9.01046462442335,0.5256900373431311,8.451989471173576,0.5179189500520329,8.058617779658562,0.5096891889708413
C2,2265.0,242530.8687534752,364673.5759666099,9.469999313354492,8.974869460155356,0.5439025498553279,8.42874591403862,0.5358622335227554,8.0428273496751,0.5273473526641781
C2,2270.0,242533.5348952623,364677.8058233416,9.377500534057617,8.93726571447963,0.5612993256569864,8.40446972291874,0.553001839026239,8.026336985929568,0.5442146088780812
C2,2275.0,242536.2010370494,364682.0356800733,9.232500076293945,8.900886787117821,0.5765297694600172,8.380843873774216,0.5680071366401795,8.010172631810557,0.5589814714741184
C2,2280.0,242538.86717883652,364686.2655368051,9.229999542236328,8.865732678069405,0.5895938812645514,8.357868366604713,0.5808781263647055,7.994334287317865,0.5716479404524166
C2,2285.0,242541.53332062362,364690.4953935368,9.354999542236328,8.831816289389668,0.599950731615384,8.335630710132861,0.5910818751107718,7.978962544710182,0.5816895510605068
C2,2290.0,242544.19946241073,364694.72525026853,9.255000114440918,8.798975620177814,0.6047461723573536,8.314573640212663,0.5958064265718999,7.96490800787812,0.586339029134809
C2,2295.0,242546.86560419784,364698.9551070003,10.232500076293945,8.766918706952413,0.6085974480124926,8.293935192574967,0.5996007702000938,7.951056590760868,0.5900730804306449
C2,2300.0,242549.53174598495,364703.184963732,10.322500228881836,8.735645549714484,0.6115045585807131,8.27371536722041,0.6024649059952668,7.937408293358796,0.5928917049479293
C2,2305.0,242552.19788777205,364707.41482046375,10.15999984741211,8.703736248280284,0.6113188936090445,8.252965080409197,0.6022819856422785,7.9231439309460825,0.5927116912095874
C2,2310.0,242554.86402955916,364711.6446771955,9.34749984741211,8.672547810724472,0.608735842321556,8.232822231975572,0.5997371186756608,7.9094707681435965,0.5902072623213523
C2,2315.0,242557.53017134627,364715.87453392724,9.145000457763672,8.642223511519047,0.6045974617911397,8.213558284151752,0.5956599143405624,7.896841841165532,0.5861948449910881
C2,2320.0,242560.19631313338,364720.104390659,9.25,8.612510790490647,0.6001307531239694,8.194615443692122,0.5912592354258146,7.884372735382279,0.5818640931103287
C2,2325.0,242562.86245492048,364724.33424739074,9.234999656677246,8.583409647640234,0.5953357163200592,8.175993710597266,0.5865350819314312,7.872063450794157,0.5772150066790879
C2,2330.0,242565.5285967076,364728.56410412246,9.112500190734863,8.55492008296732,0.5902123513794043,8.15769308486689,0.5814874538574073,7.859913987401003,0.5722475856973609
C2,2335.0,242568.1947384947,364732.79396085424,9.1875,8.527192320361817,0.5856464726821529,8.14024894906958,0.5769890709075689,7.8489589228878,0.5678206823040888
C2,2340.0,242570.86088028178,364737.02381758596,9.582500457763672,8.499498185224379,0.5805302739480138,8.122955025817598,0.5719485031046133,7.838367316893132,0.5628602094053159
C2,2345.0,242573.52702206888,364741.2536743177,9.47599983215332,8.471238439449913,0.5734663640211971,8.10514755238926,0.5649890164250994,7.827279987592186,0.556011309358197
C2,2350.0,242576.193163856,364745.48353104945,9.282500267028809,8.443188619602061,0.5680948410286764,8.087445156323064,0.5596968987307211,7.816315869123304,0.5508032837098342
C2,2355.0,242578.8593056431,364749.7133877812,9.100000381469727,8.41534872568175,0.564415704970395,8.06984783761955,0.5560721500214234,7.805474961486747,0.547236132460173
C2,2360.0,242581.5254474302,364753.9432445129,9.037500381469727,8.388786837847698,0.5617031100435098,8.053555747966614,0.5533996544125799,7.7963187304531605,0.5446061029559669
C2,2365.0,242584.1915892173,364758.17310124467,8.877500534057617,8.362350143617363,0.5609816106172901,8.037373887148606,0.5526888206536288,7.787379211500983,0.5439065643851947
C2,2370.0,242586.85773100442,364762.4029579764,8.857500076293945,8.335955316488796,0.56231628945887,8.02121214451601,0.5540037694164961,7.778542209378463,0.5452006185387215
C2,2375.0,242589.52387279153,364766.63281470817,8.822500228881836,8.309602356461124,0.565707146568383,8.005070520068323,0.5573445007013135,7.769807724085386,0.5484882654166765
C2,2380.0,242592.19001457863,364770.8626714399,8.807499885559082,8.28221189552762,0.5698695581041653,7.98819666688633,0.5614453808000142,7.760725188748609,0.5525239823013587
C2,2385.0,242594.85615636574,364775.0925281716,8.6875,8.256858473313798,0.5706633628893459,7.97285803288742,0.5622274510537202,7.752947547412305,0.5532936254150131
C2,2390.0,242597.52229815285,364779.3223849034,8.697500228881836,8.23159689052772,0.5730108143784829,7.957565538385471,0.5645402010093012,7.745247901691936,0.5555696256445086
C2,2395.0,242600.18843993996,364783.5522416351,8.617500305175781,8.206427147170178,0.5769119125715162,7.942319183380921,0.5683836306666985,7.737626251587667,0.5593519829897875
C2,2400.0,242602.85458172706,364787.7820983668,8.572500228881836,8.181349243240776,0.5823666574684704,7.92711896787355,0.5737577400259358,7.730082597099411,0.5646406974508732
C2,2405.0,242605.52072351417,364792.0119550986,8.555000305175781,8.15827746652651,0.585272752359721,7.91329158956918,0.5766208751585467,7.723478568234636,0.567458337206166
C2,2410.0,242608.18686530128,364796.2418118303,8.489999771118164,8.137390696078686,0.5848943640402486,7.900974910011279,0.5762480804179078,7.71790243030595,0.5670914661947968
C2,2415.0,242610.8530070884,364800.47166856204,8.4399995803833,8.115866601083301,0.5859150688538658,7.8881724815638945,0.5772536965182978,7.712023171896343,0.5680811029991311
C2,2420.0,242613.5191488755,364804.7015252938,8.237500190734863,8.092988042346109,0.5883440001301302,7.87430612097521,0.5796467217745479,7.7053794976180985,0.5704361029502676
C2,2425.0,242616.18529066257,364808.93138202553,8.242500305175781,8.07029569583876,0.5914455916971585,7.860524511012321,0.5827024636257045,7.698765097008792,0.5734432888925683
C2,2430.0,242618.85143244968,364813.1612387573,8.547499656677246,8.051047192959079,0.5893219787716857,7.849041470913935,0.5806102433086011,7.693552323793999,0.5713843140732469
C2,2435.0,242621.5175742368,364817.39109548903,8.772500038146973,8.032988582290157,0.585980006014664,7.838348285172728,0.5773176737364297,7.688825725464604,0.5681440636156244
C2,2440.0,242624.1837160239,364821.62095222075,8.442500114440918,8.015004561550608,0.5834282200129154,7.8276903460932115,0.5748036098720892,7.6841203817241315,0.5656699483666162
C2,2445.0,242626.849857811,364825.8508089525,8.427499771118164,7.99709513074016,0.5816666207663258,7.817067653675249,0.5730680517154677,7.679436292572554,0.5639619683261118
C2,2450.0,242629.5159995981,364830.08066568425,8.242500305175781,7.979345239446399,0.5805417813392147,7.806537653781677,0.5719598403862561,7.6748085531968036,0.5628713665368602
C2,2455.0,242632.18214138522,364834.31052241597,8.272500038146973,7.9642944555544695,0.573172457757866,7.7974857029664335,0.5646994548728324,7.670693879876811,0.5557263489550641
C2,2460.0,242634.84828317232,364838.54037914774,8.257499694824219,7.948865332879741,0.5672811427305418,7.788027417028861,0.5588952290429926,7.666156708665186,0.5500143525980798
C2,2465.0,242637.51442495943,364842.77023587946,8.142499923706055,7.933434648751551,0.5627166070083753,7.778486241157814,0.55439816921562,7.661473574034925,0.5455887513027156
C2,2470.0,242640.18056674654,364847.0000926112,8.494999885559082,7.918002403169692,0.5594788505911565,7.7688621753532,0.5512082753905078,7.6566444759860275,0.5424495450687676
C2,2475.0,242642.84670853365,364851.22994934296,8.100000381469727,7.903800074445147,0.5556178886589181,7.759927975858634,0.5474043886740559,7.652065618848349,0.5387061023248236
C2,2480.0,242645.51285032075,364855.4598060747,8.180000305175781,7.89251495714387,0.5501059925180298,7.7526977833813415,0.5419739729173719,7.648195773566032,0.5333619761779957
C2,2485.0,242648.17899210786,364859.68966280646,8.065000534057617,7.881096786001471,0.5486764170047945,7.745233019093417,0.5405655303063357,7.644007376369922,0.5319759137987601
C2,2490.0,242650.84513389497,364863.9195195382,8.031303405761719,7.868918250130176,0.5504523528080961,7.737017221737522,0.5423152130875061,7.639078302302484,0.5336977940227304
C2,2495.0,242653.51127568207,364868.1493762699,8.005000114440918,7.855260719423817,0.5529790722569295,7.727483814970922,0.544804580948888,7.632969825416534,0.5361476056895832
C2,2500.0,242656.17741746918,364872.3792330017,8.020000457763672,7.843644324906137,0.5603924436092443,7.71880222605685,0.5521083630910035,7.6267240805501455,0.5433353303251272
C2,2505.0,242658.8435592563,364876.6090897334,7.977499961853027,7.833423274729373,0.571218822687412,7.710702850386075,0.5627746996896621,7.620384239189269,0.5538321782389319
C2,2510.0,242661.50970104337,364880.8389464651,7.947500228881836,7.822867084515069,0.582902601205838,7.702365125683469,0.5742857611001208,7.6138855859604995,0.5651603282400539
C2,2515.0,242664.17584283047,364885.0688031969,7.977499961853027,7.811975754263054,0.5954437791648359,7.693789051948873,0.5866415473226884,7.607228120863689,0.5773197803287975
C2,2520.0,242666.84198461758,364889.2986599286,7.960000038146973,7.800749283973568,0.6088423565643709,7.684974629182433,0.5998420583573307,7.6004118438989,0.5903105345051284
C2,2525.0,242669.5081264047,364893.5285166603,7.96999979019165,7.791449080359461,0.6263606916826722,7.676993345777226,0.6171014262097675,7.593518077220589,0.6072956500374985
C2,2530.0,242672.1742681918,364897.7583733921,7.977499961853027,7.780997762652565,0.6419550407166598,7.6681132627012785,0.6324652495742891,7.5859389542415165,0.6224153413897909
C2,2535.0,242674.8404099789,364901.9882301238,7.960000038146973,7.769969654566448,0.6572220061481162,7.6588655892957105,0.6475065289306906,7.578165932229885,0.6372176139762726
C2,2540.0,242677.506551766,364906.21808685554,7.965000152587891,7.758632937136982,0.6728397382239458,7.649451863212102,0.6628933896739512,7.570344117654475,0.6523599766420547
C2,2545.0,242680.17269355312,364910.4479435873,7.980000019073486,7.747176819069888,0.6892764220548346,7.639971260765298,0.6790870959021622,7.562497780278255,0.6682963639729211
C2,2550.0,242682.83883534023,364914.67780031904,7.952499866485596,7.737029845968326,0.7097961269152602,7.63119408088968,0.6993034653242526,7.554849869572033,0.688191494154611
C2,2555.0,242685.50497712733,364918.9076570508,7.932499885559082,7.7266109697231204,0.7302677296460691,7.622308984006735,0.7194724436932634,7.547229689765254,0.7080399863297009
C2,2560.0,242688.17111891444,364923.13751378254,7.977499961853027,7.715920190334395,0.7506912302471379,7.613315970116517,0.7395940310090725,7.539637240857907,0.727841840498071
C2,2565.0,242690.83726070155,364927.36737051426,7.932499885559082,7.704689621191363,0.7701669826715098,7.603984877382522,0.7587818803696214,7.531874464415654,0.7467247938594848
C2,2570.0,242693.50340248866,364931.59722724603,7.96999979019165,7.693230999982484,0.7890937629481714,7.594439381772984,0.7774288728408785,7.523909446606528,0.7650754845777974
C2,2575.0,242696.16954427576,364935.82708397775,7.945000171661377,7.682553292013395,0.8101485818087721,7.585457189734905,0.7981724458648392,7.516326301508902,0.7854894410666058
C2,2580.0,242698.83568606287,364940.0569407095,8.032500267028809,7.67173272128222,0.8307982858556031,7.576433266561537,0.8185168927420459,7.50878460417149,0.8055106135454451
C2,2585.0,242701.50182784998,364944.28679744125,7.882500171661377,7.660769287788904,0.8510428750887744,7.5673676122528635,0.8384622134726069,7.501284354594306,0.8251390020144218
C2,2590.0,242704.16796963708,364948.51665417297,7.980000019073486,7.649662991533556,0.8708823495080629,7.558260226808918,0.8580084080563025,7.4938255527773245,0.8443746064733201
C2,2595.0,242706.83411142416,364952.7465109047,7.892499923706055,7.639357261557385,0.8920304650401603,7.549823405064814,0.8788438985805453,7.486929643466703,0.8648790198881766
C2,2600.0,242709.50025321127,364956.97636763647,7.940000057220459,7.629439016825115,0.9135109498959596,7.541735001671213,0.9000068451319769,7.480349682096149,0.8857056860356368
C2,2605.0,242712.16639499838,364961.2062243682,7.892499923706055,7.618811973305671,0.9332734482467105,7.533076630414763,0.919477201556777,7.473314678393854,0.904866657408207
C2,2610.0,242714.83253678548,364965.43608109996,7.912499904632568,7.607955439169005,0.9523661721146992,7.524267597062507,0.9382876845348045,7.466193643953394,0.9233782407599666
C2,2615.0,242717.4986785726,364969.6659378317,7.897500038146973,7.597008322382643,0.9710614580737451,7.515432091251411,0.9567066047859709,7.45909846535497,0.9415044833384872
C2,2620.0,242720.1648203597,364973.8957945634,7.9644999504089355,7.58726727074277,0.9909053196495161,7.5076114430284004,0.9762571216724272,7.452860695154392,0.9607443414184869
C2,2625.0,242722.8309621468,364978.1256512952,7.844167232513428,7.577548387313412,1.0104162673197172,7.499845096003089,0.9954796460001928,7.446703381279806,0.9796614187598911
C2,2630.0,242725.4971039339,364982.3555080269,8.159499168395996,7.5677405495847365,1.0294589338021514,7.492043406449579,1.014240811573058,7.4405545318089725,0.9981244683628052
C2,2635.0,242728.16324572102,364986.5853647586,8.470499992370605,7.557843757556721,1.048033319096969,7.484206374367879,1.032540618391171,7.434414146741927,1.0161334902273749
C2,2640.0,242730.82938750813,364990.8152214904,8.8725004196167,7.54792110953015,1.0661399054046368,7.47637172127299,1.050379541526804,7.428299146010312,1.0336889518769463
C2,2645.0,242733.49552929524,364995.0450782221,9.001500129699707,7.538573547068653,1.084275868328419,7.469010196530709,1.068247407014577,7.422573522191733,1.0512728959830593
C2,2650.0,242736.16167108234,364999.27493495384,9.123000144958496,7.529159782986678,1.1020644760461593,7.461618291290785,1.0857730521237523,7.416846572024715,1.0685200576115246
C2,2655.0,242738.82781286945,365003.5047916856,9.28860092163086,7.519679817284229,1.1195057285579961,7.454196005553248,1.1029564768544655,7.4111182955093104,1.0854304367624759
C2,2660.0,242741.49395465656,365007.73464841733,9.346394538879395,7.510133649961305,1.1365996258636468,7.446743339318039,1.1197976812064387,7.405388692645415,1.1020040334356391
C2,2665.0,242744.16009644367,365011.96450514905,9.449333190917969,7.5011012949179,1.1536770326411272,7.439746748963856,1.1366226388038079,7.4000678528000545,1.1185616415160362
C2,2670.0,242746.82623823077,365016.1943618808,9.554166793823242,7.4926667572855035,1.170796430505705,7.433271592930139,1.1534889667490953,7.395205946912989,1.135159962567208
C2,2675.0,242749.49238001788,365020.42421861255,9.627500534057617,7.484159436910771,1.1875791429820763,7.4267535765044395,1.170023586405529,7.390325464934337,1.1514318461927826
C2,2680.0,242752.15852180496,365024.6540753443,9.715666770935059,7.475166246627582,1.2037324994168557,7.4198249355906745,1.185938153565037,7.385095217127719,1.1670935299902763
C2,2685.0,242754.82466359207,365028.88393207605,9.780000686645508,7.466027055157271,1.2195477458586128,7.412785396969488,1.2015196088902977,7.37978238568328,1.1824273951191935
C2,2690.0,242757.49080537917,365033.11378880776,9.807499885559082,7.457690107951523,1.2354566892094279,7.406439772047584,1.2171933760368128,7.375075022779853,1.1978521052293634
C2,2695.0,242760.15694716628,365037.34364553954,9.877500534057617,7.44960493644931,1.2512402673730216,7.400319492136433,1.2327436312247115,7.370571323701631,1.2131552659928444
C2,2700.0,242762.8230889534,365041.57350227126,9.877500534057617,7.441466467157115,1.2667723285049268,7.394166424474762,1.2480460874670032,7.366051397735082,1.2282145653498193
C2,2705.0,242765.4892307405,365045.803359003,9.944999694824219,7.433274700074967,1.282052872605284,7.387980569062631,1.2631007447638256,7.361515244880285,1.2430300033004242
C2,2710.0,242768.1553725276,365050.03321573476,10.077500343322754,7.425037960878305,1.2970845091550722,7.381768989880295,1.2779101740211363,7.356968902787931,1.2576041098987767
C2,2715.0,242770.8215143147,365054.2630724665,10.15999984741211,7.41766843895652,1.312131146902306,7.3762998835117175,1.2927343827185735,7.353063260862232,1.2721927610911228
C2,2720.0,242773.48765610182,365058.4929291982,10.237500190734863,7.409966558064964,1.326807805738858,7.3705485503974355,1.3071940817708843,7.348915623240977,1.2864226947169843
C2,2725.0,242776.15379788892,365062.72278593,10.3774995803833,7.40222858614633,1.3412922282813837,7.364774658436356,1.3214643862893645,7.344756314664595,1.3004662432987475
C2,2730.0,242778.81993967603,365066.9526426617,10.475000381469727,7.394454523200541,1.3555844145296077,7.358978207628351,1.3355452962737413,7.34058533513292,1.3143234068361442
C2,2735.0,242781.48608146314,365071.1824993935,10.515000343322754,7.386914669712869,1.3697491306430942,7.353388932125265,1.3495006204686701,7.3365994572319995,1.328056980149309
C2,2740.0,242784.15222325025,365075.4123561252,10.595000267028809,7.380031487713517,1.383897278846847,7.348364189731961,1.3634396216713345,7.333103170775843,1.3417744898434687
C2,2745.0,242786.81836503735,365079.6422128569,10.675000190734863,7.373106252126742,1.3978668874988966,7.3433091609773165,1.3772027226084615,7.329586100953269,1.3553188943371453
C2,2750.0,242789.48450682446,365083.8720695887,10.739999771118164,7.36613896295259,1.411657956599378,7.3382238458614015,1.3907899232801832,7.326048247764367,1.368690193630469
C2,2755.0,242792.15064861157,365088.1019263204,10.760000228881836,7.358868859340049,1.4251461736013098,7.332882252249928,1.4040787488073203,7.322291288240004,1.3817678589769384
C2,2760.0,242794.81679039868,365092.3317830521,10.899999618530273,7.351997279362054,1.4385434870709697,7.32788358449973,1.417278014596503,7.318831906986886,1.3947573876946977
C2,2765.0,242797.48293218575,365096.5616397839,10.97249984741211,7.34549391744871,1.4518730960366764,7.323201640708292,1.4304105767331343,7.315647404090944,1.4076812726846737
C2,2770.0,242800.14907397286,365100.7914965156,10.667499542236328,7.33896308273837,1.4650631527007782,7.31849956419635,1.4434056495197902,7.312448707009042,1.420469853038133
C2,2775.0,242802.81521575997,365105.02135324734,10.84000015258789,7.332404775231217,1.4781136570633695,7.313777354964108,1.4562632329565621,7.3092358157413955,1.4331231287551656
C2,2780.0,242805.48135754708,365109.2512099791,11.092499732971191,7.325818994927311,1.4910246091245796,7.309035013011646,1.468983327043578,7.306008730288105,1.4456410998358977
C2,2785.0,242808.14749933418,365113.48106671084,10.9975004196167,7.319860928145555,1.5038920622250944,7.304829547267026,1.4816605651994355,7.303244762923627,1.4581168959686128
C2,2790.0,242810.8136411213,365117.7109234426,11.180000305175781,7.313934867199035,1.5166153646019098,7.3006528022821175,1.494195783560047,7.300506649449124,1.470452929008569
C2,2795.0,242813.4797829084,365121.94078017434,11.109999656677246,7.307812289691374,1.5291415530445776,7.296310014894779,1.506536801851111,7.2976267652038285,1.4825978478289414
C2,2800.0,242816.1459246955,365126.17063690606,11.197500228881836,7.301674239952564,1.541557481674061,7.291955656652201,1.5187691902602678,7.29473849904411,1.4946358629023038
C2,2805.0,242818.8120664826,365130.40049363783,11.307499885559082,7.295588990898651,1.5538702672074058,7.28764780542207,1.530899960300687,7.2918916510885445,1.5065738743284895
C2,2810.0,242821.47820826972,365134.63035036955,11.359999656677246,7.290138234350433,1.566145094366958,7.283880667926191,1.5429933330923413,7.289509412792084,1.5184750827502844
C2,2815.0,242824.14435005683,365138.8602071013,11.404999732971191,7.284666827614338,1.5783174341647355,7.28009641787251,1.5549857335561363,7.287112987011603,1.5302769233001547
C2,2820.0,242826.81049184393,365143.09006383305,11.457500457763672,7.2791747706904495,1.5903872866008628,7.276295055261137,1.5668771616921942,7.2847023737472245,1.541979395978222
C2,2825.0,242829.47663363104,365147.31992056477,11.487500190734863,7.273662063578603,1.6023546516750882,7.272476580091862,1.5786676175002667,7.282277572998711,1.5535825007842414
C2,2830.0,242832.14277541815,365151.5497772965,11.387499809265137,7.268220160088898,1.6141726774433596,7.268720463245084,1.5903109416317893,7.279907792873184,1.5650408118442782
C2,2835.0,242834.80891720526,365155.77963402827,11.430000305175781,7.2631430742641205,1.6259202456644628,7.265274624408289,1.6018848497647962,7.277803944179511,1.5764308099298965
C2,2840.0,242837.47505899236,365160.00949076,11.4350004196167,7.258054768193945,1.6375854036536888,7.2618188073917835,1.6133775659068292,7.275691216965851,1.5877409061698176
C2,2845.0,242840.14120077947,365164.23934749176,11.494999885559082,7.252955241878558,1.649168151411284,7.258353012195788,1.6247890900581323,7.273569611232453,1.5989711005642815
C2,2850.0,242842.80734256655,365168.4692042235,11.572500228881836,7.247844495317905,1.660668488936975,7.25487723882021,1.6361194222184354,7.27143912697919,1.610121393113022
C2,2855.0,242845.47348435366,365172.6990609552,11.617500305175781,7.243094574872522,1.6721036761814974,7.251707300384804,1.6473855671908122,7.269569871906863,1.621208518411841
C2,2860.0,242848.13962614076,365176.928917687,11.555000305175781,7.238540784029238,1.6834709737510414,7.248702806461942,1.6585848260769291,7.267841226847397,1.6322298204480514
C2,2865.0,242850.80576792787,365181.1587744187,11.625,7.2339319547713625,1.6947427782887914,7.2456517461508545,1.6696900035704956,7.2660728337343965,1.6431585360502994
C2,2870.0,242853.47190971498,365185.3886311504,11.654999732971191,7.229224266226306,1.7059008553389703,7.242518699921897,1.6806831347691549,7.2642358815927714,1.6539769857795308
C2,2875.0,242856.1380515021,365189.6184878822,11.5600004196167,7.224512687048923,1.716992203951765,7.239381250114868,1.6916105239529895,7.2623942360190314,1.6647307381382301
C2,2880.0,242858.8041932892,365193.8483446139,11.52750015258789,,,,,,
C2,2885.0,242861.4703350763,365198.07820134563,11.529999732971191,,,,,,
C2,2890.0,242864.1364768634,365202.3080580774,11.427499771118164,,,,,,
C2,2895.0,242866.80261865052,365206.53791480913,11.53499984741211,,,,,,
C2,2900.0,242869.46876043762,365210.76777154085,11.59000015258789,,,,,,
C2,2905.0,242872.13490222473,365214.9976282726,11.635000228881836,,,,,,
C2,2910.0,242874.80104401184,365219.22748500435,11.670000076293945,,,,,,
C2,2915.0,242877.46718579895,365223.4573417361,11.667499542236328,,,,,,
C2,2920.0,242880.13332758605,365227.68719846784,11.632499694824219,,,,,,
C2,2925.0,242882.79946937316,365231.91705519956,11.727499961853027,,,,,,
C2,2930.0,242885.46561116027,365236.14691193134,11.4975004196167,,,,,,
C2,2935.0,242888.13175294735,365240.37676866306,11.875,,,,,,
C2,2940.0,242890.79789473445,365244.6066253948,11.199999809265137,,,,,,
C2,2945.0,242893.46403652156,365248.83648212656,11.767499923706055,,,,,,
C3,0.0,241690.69553546817,362418.62041783833,1.5325000286102295,,,,,,
C3,5.0,241694.5549053308,362421.7992956692,1.684999942779541,,,,,,
C3,10.0,241698.4142751934,362424.97817350004,1.912500023841858,,,,,,
C3,15.0,241702.27364505603,362428.1570513309,2.3575000762939453,,,,,,
C3,20.0,241706.13301491865,362431.33592916175,2.7125000953674316,1.9630239733281662,0.4475663565711271,1.9356138069812963,0.44095014363680973,1.9188183307902555,0.43394342119281093
C3,25.0,241709.99238478125,362434.5148069926,3.299999952316284,1.9854111303826525,0.48061373228587634,1.950972778249604,0.47350899184710193,1.9298738073739947,0.4659849074850147
C3,30.0,241713.85175464387,362437.69368482346,5.337500095367432,2.0076667598238163,0.5130445274781185,1.9660439535243746,0.5054603742238326,1.9406023989929675,0.49742858060957934
C3,35.0,241717.7111245065,362440.8725626543,9.327499389648438,2.0299768133452805,0.5449422987025901,1.9811204454559144,0.5368866121349949,1.9513139832323558,0.5283554538434695
C3,40.0,241721.5704943691,362444.0514404852,15.077500343322754,2.052341687114592,0.5763086243293245,1.9962028453337224,0.5677892606181434,1.9620091750955304,0.5587670575146063
C3,45.0,241725.42986423173,362447.2303183161,14.005000114440918,2.07476138113196,0.6071435043586035,2.011291153157941,0.5981683196735563,1.9726879745825934,0.5886633916232634
C3,50.0,241729.28923409435,362450.40919614694,13.175000190734863,2.0972983329464543,0.6370770164648213,2.0264298763679935,0.6276593354047165,1.983381167874315,0.6176857934657101
C3,55.0,241733.14860395697,362453.5880739778,13.020000457763672,2.1200675954359633,0.6624917634097862,2.0416018950114085,0.652698385259629,1.9940120105175103,0.6423269714185147
C3,60.0,241737.0079738196,362456.76695180865,12.460000038146973,2.1428221707728063,0.6869968521153205,2.0567164595464855,0.6768412240266651,2.0045743666607154,0.6660861791277254
C3,65.0,241740.86734368218,362459.9458296395,12.295000076293945,2.1656160675678247,0.7109186727754429,2.071835591597223,0.7004094169906462,2.0151266392160974,0.6892798721878143
C3,70.0,241744.7267135448,362463.12470747036,9.342499732971191,2.1884492858211826,0.7342572253903406,2.0869592911637262,0.7234029641517563,2.0256688281837287,0.7119080505989622
C3,75.0,241748.58608340743,362466.3035853012,8.895000457763672,2.2113218255327967,0.7570125099599166,2.1020875582459415,0.7458218655099005,2.036200933563572,0.7339707143610759
C3,80.0,241752.44545327005,362469.48246313207,7.980000019073486,2.2339991080750794,0.778382677152293,2.116982154174704,0.7668761251843245,2.04651175254899,0.7546904206721093
C3,85.0,241756.30482313267,362472.6613409629,7.332499980926514,2.2569922578550616,0.7974605147937388,2.132067617887573,0.7856719419935247,2.0569344468335498,0.7731875709013043
C3,90.0,241760.1641929953,362475.8402187938,6.477499961853027,2.2800923050292745,0.8158682162499036,2.147215796007738,0.8038075290003552,2.0673945230033146,0.7910349824166001
C3,95.0,241764.0235628579,362479.01909662463,5.90500020980835,2.303216800478686,0.8338688670658432,2.162362538338991,0.8215420826506039,2.077844157166165,0.8084877330177709
C3,100.0,241767.88293272053,362482.1979744555,5.107500076293945,2.326365744203291,0.8514624672415545,2.1775078448813283,0.8388756029442677,2.0882833493221016,0.8255458227048132
C3,105.0,241771.74230258312,362485.37685228634,4.994999885559082,2.3493483040209395,0.868218529927343,2.1924693552457426,0.8553839667643737,2.0985558084191656,0.8417918677007955
C3,110.0,241775.60167244574,362488.5557301172,4.690000057220459,2.3721145990202372,0.8840783757632331,2.2072018457406437,0.8710093621868812,2.108624364381723,0.8571689747163809
C3,115.0,241779.46104230836,362491.73460794805,4.690000057220459,2.395175168473357,0.8989391524596985,2.2221584508653778,0.8856504573507736,2.1188601719314244,0.8715774220594916
C3,120.0,241783.320412171,362494.9134857789,4.34499979019165,2.4184808340556625,0.9129415928148238,2.237300213763967,0.8994459046516498,2.129234084418118,0.8851536589314093
C3,125.0,241787.1797820336,362498.09236360976,4.329999923706055,2.4417962171622554,0.9266274771628225,2.252432507227005,0.9129294754793317,2.1395944909228497,0.8984229750647295
C3,130.0,241791.03915189623,362501.2712414406,4.360000133514404,2.464996113370159,0.9397925274103912,2.267440488750842,0.925899911510312,2.1498453165499427,0.9111873101419584
C3,135.0,241794.89852175885,362504.4501192715,3.9549999237060547,2.4878589481523847,0.9521033579198479,2.282122086739018,0.9380287554272334,2.159818555685784,0.923123426050876
C3,140.0,241798.75789162147,362507.6289971024,3.747499942779541,2.5107205034511826,0.9641240086903219,2.296785964782552,0.9498717092281911,2.169773030686558,0.934778194653757
C3,145.0,241802.6172614841,362510.80787493323,3.684999942779541,2.533713180102369,0.9756070944128843,2.3115473981234675,0.9611850446125607,2.1798015399644295,0.9459117605063012
C3,150.0,241806.47663134668,362513.9867527641,3.380000114440918,2.5570908348118495,0.9860892814912513,2.3266286622280665,0.9715122772784539,2.1900838821250046,0.9560748928677003
C3,155.0,241810.3360012093,362517.16563059494,3.819999933242798,2.5804200489097777,0.9962508781310021,2.341652315412427,0.9815236586792153,2.2003160947728535,0.9659271928582306
C3,160.0,241814.19537107192,362520.3445084258,3.3450000286102295,2.603282995311352,1.0055807206283225,2.3562470112999514,0.990715581460754,2.2101939006035467,0.9749730554728149
C3,165.0,241818.05474093455,362523.52338625665,3.197499990463257,2.6261307353695478,1.0146616085109228,2.3708144346472992,0.9996622298343635,2.2200477908139553,0.9837775411035262
C3,170.0,241821.91411079717,362526.7022640875,3.197499990463257,2.6489632690843603,1.0234935417788016,2.385354585454467,1.0083636038000423,2.229877765404076,0.992340649750363
C3,175.0,241825.7734806598,362529.88114191836,3.2174999713897705,2.6717805964557924,1.0320765204319595,2.399867463721456,1.0168197033577915,2.2396838243739103,1.0006623814133258
C3,180.0,241829.6328505224,362533.0600197492,3.177500009536743,2.695080458030048,1.0395836339878761,2.4148068886958964,1.0242158419462073,2.249840792328126,1.007940994946022
C3,185.0,241833.49222038503,362536.2388975801,3.067500114440918,2.7178994351988846,1.0463412993847612,2.4293171714726,1.030873611198961,2.259650610988436,1.0144929718730822
C3,190.0,241837.35159024762,362539.4177754109,3.067500114440918,2.740638809227867,1.0528254010688916,2.443745873360404,1.0372618607332214,2.269394839707089,1.020779711765045
C3,195.0,241841.21096011024,362542.5966532418,3.2850000858306885,2.7633486287251774,1.0590872832506686,2.4581364464565936,1.04343117575634,2.279108639057173,1.0268509960274903
C3,200.0,241845.07032997286,362545.77553107264,3.259999990463257,2.786028893690755,1.0651269459300647,2.472488890761138,1.0493815562682904,2.2887920090386684,1.0327068246603908
C3,205.0,241848.92969983548,362548.9544089035,3.0625,2.8086796041246016,1.0709443891070807,2.4868032062740375,1.0551130022690727,2.2984449496515773,1.0383471976637473
C3,210.0,241852.7890696981,362552.13328673434,3.069999933242798,2.8312447715459186,1.075662093923708,2.5010664282331714,1.0597609669472614,2.308071684972122,1.0429213059233071
C3,215.0,241856.64843956073,362555.3121645652,3.112499952316284,2.8537826337265964,1.079779892188909,2.515310916479168,1.063817893277436,2.317692281453783,1.0469137674672502
C3,220.0,241860.50780942335,362558.4910423961,3.4075000286102295,2.87627610364392,1.0836946407197539,2.5295052722320666,1.0676747714846608,2.327274836945155,1.0507093596641028
C3,225.0,241864.36717928597,362561.66992022697,3.3375000953674316,2.8987251812973605,1.0874063395161928,2.543649495491497,1.0713316015688865,2.336819351445974,1.054308082513816
C3,230.0,241868.22654914856,362564.8487980578,3.640000104904175,2.9211298666871204,1.090914988578234,2.5577435862576134,1.0747883835301215,2.3463258249563532,1.0577099360163986
C3,235.0,241872.08591901118,362568.0276758887,5.235000133514404,2.9431858494763823,1.093989790178798,2.571533599376963,1.077817731441315,2.355593763618701,1.060691147419895
C3,240.0,241875.9452888738,362571.20655371953,5.994999885559082,2.9651204330601906,1.0963798335589998,2.5852388273283897,1.0801724436673494,2.3648099352897756,1.063008443136991
C3,245.0,241879.80465873642,362574.3854315504,8.789999961853027,2.9873049458024252,1.098104816421297,2.599188679259396,1.0818719267266133,2.3742434690310557,1.064680921315412
C3,250.0,241883.66402859904,362577.56430938124,10.524999618530273,3.0094297192174713,1.0996423205121981,2.61307542859607,1.0833867024459267,2.383630523810052,1.0661716271638413
C3,255.0,241887.52339846166,362580.7431872121,13.175000190734863,3.0314947533053225,1.1009923458317032,2.6268990753384087,1.0847167708252894,2.3929710996267612,1.067480560682279
C3,260.0,241891.38276832429,362583.92206504295,14.022500038146973,3.0532965480694627,1.1020102044166675,2.640492882245722,1.0857195827718287,2.4021348135146647,1.0684674378909078
C3,265.0,241895.2421381869,362587.1009428738,14.757499694824219,3.074668947725387,1.1025834898458704,2.6537197299258946,1.0862843935281365,2.411015027273753,1.0690232737727074
C3,270.0,241899.1015080495,362590.27982070466,15.892499923706055,3.096015826026941,1.1029076870826715,2.666919639319267,1.0866037982734622,2.419881949242747,1.0693376031587616
C3,275.0,241902.96087791212,362593.4586985355,17.399999618530273,3.117724400543585,1.1023841339297618,2.6804998396288062,1.0860879846190672,2.429092388303344,1.068829985812168
C3,280.0,241906.82024777474,362596.63757636637,22.514999389648438,3.139357445323824,1.1016876244857308,2.694003246523913,1.0854017714243767,2.438247397967939,1.0681546765835015
C3,285.0,241910.67961763736,362599.8164541972,22.462499618530273,3.1608155421133843,1.1007465927453957,2.707349874904238,1.084474650618798,2.4472849397243635,1.0672422877793548
C3,290.0,241914.53898749998,362602.9953320281,22.375,3.181728993733499,1.0992964521916753,2.7202410842699325,1.083045946972848,2.455973886022843,1.0658362863142143
C3,295.0,241918.3983573626,362606.17420985893,22.34749984741211,3.20256017541199,1.0976711208314753,2.7330480240475223,1.0814446423032842,2.4646024642514854,1.064260426465376
C3,300.0,241922.25772722522,362609.3530876898,21.397499084472656,3.2233090871488583,1.0958705986647954,2.745770694237009,1.0796707366101064,2.473170674410291,1.0625147082328394
C3,305.0,241926.11709708784,362612.53196552064,21.162500381469727,3.2443287578637623,1.0933524059603787,2.7588047368299082,1.0771897694453831,2.4820315517314984,1.0600731637750738
C3,310.0,241929.97646695047,362615.71084335155,21.229999542236328,3.2653480027035644,1.0905357999064167,2.77184965673736,1.0744148002686447,2.4909185110064653,1.057342289013702
C3,315.0,241933.83583681306,362618.8897211824,20.24250030517578,3.285724240952095,1.0871133796691592,2.7843665975308074,1.0710429724424262,2.4994042995753625,1.0540240397201623
C3,320.0,241937.69520667568,362622.06859901326,19.5575008392334,3.3060000415463353,1.0835183633278938,2.796782761276638,1.06750109993851,2.5078187473103917,1.0505384477683612
C3,325.0,241941.5545765383,362625.2474768441,18.334999084472656,3.3261787708032475,1.0797534617973483,2.8091008075301307,1.063791853597143,2.5161639049673887,1.0468881415587452
C3,330.0,241945.41394640092,362628.426354675,18.06999969482422,3.3462604287228355,1.0758186750775212,2.8213207362912907,1.0599152334183242,2.5244397725463577,1.0430731210913127
C3,335.0,241949.27331626354,362631.6052325058,17.752500534057617,3.366450637563034,1.071415198055516,2.8336936112424547,1.0555768514179835,2.5328749513658413,1.0388036762235207
C3,340.0,241953.13268612616,362634.7841103367,17.8700008392334,3.3863059256026724,1.0661258658211465,2.845872726863732,1.0503657094851997,2.5412031026666755,1.033675339627411
C3,345.0,241956.99205598878,362637.96298816754,17.579999923706055,3.405950212707543,1.060563869578591,2.8578623675073205,1.0448859342384815,2.549393465121234,1.028282638315746
C3,350.0,241960.8514258514,362641.1418659984,16.920000076293945,3.425483261361255,1.0548292360278713,2.869739949352871,1.0392360737190156,2.55750559974996,1.022722554395827
C3,355.0,241964.710795714,362644.32074382924,15.770000457763672,3.444905071563784,1.0489219651690023,2.881505472400384,1.0334161279268168,2.565539506552856,1.0169950878676688
C3,360.0,241968.57016557662,362647.4996216601,14.744999885559082,3.4642156433151845,1.0428420570019536,2.893158936649865,1.0274260968618545,2.5734951855299166,1.0111002387312418
C3,365.0,241972.42953543924,362650.67849949095,14.167499542236328,3.483178701853424,1.0360524491535277,2.9045659596003732,1.0207368573513946,2.58128598103803,1.0045172916106093
C3,370.0,241976.28890530186,362653.8573773218,13.614999771118164,3.502123182331056,1.0284724471890425,2.9161023006414615,1.013268907837644,2.5892483828273463,0.997168008232176
C3,375.0,241980.14827516448,362657.03625515266,12.050000190734863,3.5209436781738033,1.0207005988291349,2.9275128535908603,1.0056119479249355,2.5971236629430443,0.9896327178405917
C3,380.0,241984.0076450271,362660.2151329835,11.047499656677246,3.5396401893816734,1.0127369040738026,2.938797618448571,0.9977659776132669,2.604911821385128,0.981911420435855
C3,385.0,241987.86701488972,362663.3940108144,10.194999694824219,3.558212715954659,1.0045813629230478,2.9499565952145907,0.9897309969026402,2.6126128581535935,0.9740041160179672
C3,390.0,241991.72638475234,362666.5728886452,8.949999809265137,3.5764579443780478,0.9957977273620545,2.9608353447332965,0.9810772066761991,2.6201063198309367,0.9654878350020697
C3,395.0,241995.58575461493,362669.75176647614,8.012499809265137,3.5943283929532224,0.9862159247420361,2.97139214783661,0.9716370484081338,2.6273597619237834,0.9561976813766959
C3,400.0,241999.44512447756,362672.930644307,5.235000133514404,3.612356985581748,0.9762664294111495,2.982282983951512,0.961834632898686,2.6349651548177166,0.9465510267977608
C3,405.0,242003.30449434018,362676.10952213785,5.494999885559082,3.6302755465296856,0.9660684770000483,2.993074786636001,0.9517874331609399,2.642512421916294,0.9366634776256008
C3,410.0,242007.1638642028,362679.2883999687,5.267499923706055,3.648059801153896,0.9556308467175625,3.0037277614003073,0.9415040986238298,2.6499637720688067,0.9265435458492408
C3,415.0,242011.02323406542,362682.46727779956,5.272500038146973,3.665603283603642,0.9445886050900073,3.0141617539721737,0.9306250904943428,2.657255352798158,0.9158374057671899
C3,420.0,242014.88260392804,362685.6461556304,4.932499885559082,3.682719555217551,0.9321885803260823,3.024228742411393,0.9184083708496731,2.6642691504529687,0.9038148104807217
C3,425.0,242018.74197379066,362688.82503346127,4.382500171661377,3.6997049839211082,0.9193803485435454,3.034147402491723,0.9057894785643587,2.6711793104517105,0.891396433099354
C3,430.0,242022.60134365328,362692.0039112921,4.347499847412109,3.716715562090603,0.9064928971099668,3.044256958106679,0.8930925377036976,2.6783124918275973,0.8789012473388635
C3,435.0,242026.4607135159,362695.182789123,5.112500190734863,3.7336782976966445,0.8934602206740414,3.0544158599095326,0.8802525186498217,2.685533313407289,0.8662652569056468
C3,440.0,242030.3200833785,362698.36166695383,5.09499979019165,3.7504714535714734,0.8799393774688538,3.0644037371881705,0.8669315492209723,2.6926327518097493,0.8531559584258039
C3,445.0,242034.17945324111,362701.5405447847,6.302499771118164,3.766813410311351,0.8640953031094927,3.0739997305058515,0.8513216921309691,2.6994290912982457,0.8377941428377107
C3,450.0,242038.03882310374,362704.71942261554,7.869999885559082,3.7830207006153875,0.8476220305674325,3.0834316600631326,0.8350919380693643,2.706109699547919,0.8218222804755518
C3,455.0,242041.89819296636,362707.8983004464,9.262499809265137,3.7990933244835787,0.8305195598426757,3.0926995258600103,0.8182422870361602,2.7126745765587654,0.8052403713393301
C3,460.0,242045.75756282898,362711.07717827725,11.0024995803833,3.8150940810132568,0.8134260670524562,3.1020132327613266,0.8014014812199091,2.719324079348458,0.7886671668690682
C3,465.0,242049.6169326916,362714.2560561081,9.717499732971191,3.8310762260837934,0.7971125026667297,3.1115795094061784,0.7853290744062437,2.7262543323794723,0.772850151498277
C3,470.0,242053.47630255422,362717.43493393896,9.829999923706055,3.8466677283837836,0.7773477790079651,3.120794143666559,0.7658565255694681,2.732907512559764,0.753687022551207
C3,475.0,242057.33567241684,362720.6138117698,9.102499961853027,3.8620967890528948,0.7563343292003967,3.129812316577613,0.745153710054746,2.7394173265160218,0.7333131759324809
C3,480.0,242061.19504227943,362723.7926896007,9.90999984741211,3.877391021419399,0.7343826126935251,3.138654760208881,0.7235264979008681,2.7458015678921286,0.7120296213888737
C3,485.0,242065.05441214205,362726.9715674316,10.095000267028809,3.892550425482761,0.7114926294873716,3.1473214745599116,0.700974889107856,2.7520602366877127,0.6898363589204065
C3,490.0,242068.91378200467,362730.15044526244,9.202500343322754,3.907580585257069,0.6879317926946283,3.155851712148138,0.6777623437162532,2.758229297355004,0.6669926621728491
C3,495.0,242072.7731518673,362733.3293230933,9.574999809265137,3.922434692304331,0.6647592958999196,3.1648841975044317,0.6549323976318171,2.7648938140974773,0.6445254852080353
C3,500.0,242076.63252172992,362736.50820092415,10.470000267028809,3.9370947859445744,0.6394872812896458,3.173728147021995,0.6300339701508018,2.7714146438702336,0.6200226951316601
C3,505.0,242080.49189159254,362739.687078755,9.9399995803833,3.9516204460860376,0.6138442784974019,3.182436226747446,0.6047700386730757,2.7778384637263387,0.5951602089375126
C3,510.0,242084.35126145516,362742.86595658585,8.757499694824219,3.966011672728725,0.5878302875231873,3.191008436680784,0.5791406031986387,2.784165273665795,0.5699380266255928
C3,515.0,242088.21063131778,362746.0448344167,7.664999961853027,3.98026846587263,0.561445308367003,3.199444776822007,0.5531456637274917,2.7903950736885994,0.5443561481959015
C3,520.0,242092.07000118037,362749.22371224756,6.574999809265137,3.994312995119098,0.5281123070718133,3.207699416028333,0.5203054122372472,2.796479467719129,0.5120377301376249
C3,525.0,242095.929371043,362752.4025900784,6.327499866485596,4.008189887669426,0.5024832361710716,3.2168048113090926,0.4950552067012355,2.8033060905247575,0.48718875177895704
C3,530.0,242099.7887409056,362755.5814679093,5.702499866485596,4.021933333690032,0.4872497221118312,3.2263319697095314,0.4800468842177084,2.8104901946896566,0.4724189123785924
C3,535.0,242103.64811076823,362758.7603457401,5.6875,4.035532834133699,0.4785685927418956,3.2359738342137634,0.47149408487022487,2.8177653390927153,0.46400201749082826
C3,540.0,242107.50748063085,362761.939223571,5.139999866485596,4.048988389000422,0.4764398480612576,3.2457304048217805,0.469396808658778,2.8251315237339307,0.4619380671156577
C3,545.0,242111.36685049348,362765.11810140184,5.21750020980835,4.062243501922291,0.48806612101052177,3.2560294957732028,0.48085121458408453,2.8329048773288075,0.4732104618905896
C3,550.0,242115.2262203561,362768.2969792327,4.519999980926514,4.07526791926512,0.5154202035907179,3.267085164702797,0.5078009315705209,2.8412404541055243,0.4997319463677048
C3,555.0,242119.08559021872,362771.47585706355,3.8399999141693115,4.088196940323398,0.5403615122925014,3.278243118004392,0.5323735418496971,2.8497220213137724,0.5239140964959312
C3,560.0,242122.94496008134,362774.6547348944,3.8299999237060547,4.1010331582371125,0.5620523742972616,3.289520141801102,0.5537437556199254,2.8583712365022302,0.5449447363746414
C3,565.0,242126.80432994393,362777.83361272526,3.9774999618530273,4.113747854158558,0.5839599549921077,3.3006902660371265,0.5753274844055613,2.8669413167289663,0.5661854985032273
C3,570.0,242130.66369980655,362781.01249055617,3.8324999809265137,4.126327717739227,0.6081681606240072,3.31190944925799,0.5991778288148256,2.875547182936052,0.589656859606466
C3,575.0,242134.52306966917,362784.191368387,3.8350000381469727,4.138733555738404,0.6409498175068719,3.3237000304710085,0.631474886219719,2.8845720924947322,0.6214407149636085
C3,580.0,242138.3824395318,362787.3702462179,3.8475000858306885,4.151037641598463,0.6710861150715882,3.335259763013545,0.661165689704638,2.8934237379486483,0.6506597299212569
C3,585.0,242142.2418093944,362790.54912404873,3.815000057220459,4.163244650023075,0.698016834904338,3.346637092694074,0.6876983023636853,2.9021631894702065,0.6767707378817989
C3,590.0,242146.10117925704,362793.7280018796,3.825000047683716,4.175369390260666,0.7205412429795968,3.358047940050729,0.7098897401918665,2.911045409197388,0.6986095525222005
C3,595.0,242149.96054911966,362796.90687971044,3.8324999809265137,4.187387427237512,0.7419925602203484,3.3692831247843245,0.7310239503025295,2.9197945567945163,0.7194079388526199
C3,600.0,242153.81991898228,362800.0857575413,3.9649999141693115,4.199314367822569,0.765622327568906,3.3808219321264734,0.7543044072742855,2.9287609824552208,0.7423184680615071
C3,605.0,242157.67928884487,362803.26463537215,4.125,4.2111481411028375,0.7879312268260253,3.392176669385947,0.7762835220739254,2.9375882601707075,0.7639483334981463
C3,610.0,242161.5386587075,362806.443513203,4.059999942779541,4.222888654605963,0.8088842317113849,3.4033423180398965,0.7969267862020697,2.946272721836456,0.784263575005142
C3,615.0,242165.3980285701,362809.62239103386,3.924999952316284,4.234535908331966,0.8284813422249068,3.4143188780883382,0.8162341996586409,2.954814367452485,0.8032641925824181
C3,620.0,242169.25739843273,362812.8012688647,4.247499942779541,4.2460897152140165,0.8458468797749357,3.4253448199131564,0.8333430286945829,2.963516595079632,0.820101161368422
C3,625.0,242173.11676829535,362815.98014669557,6.362500190734863,4.257614243504486,0.8630859643602203,3.436522348391086,0.8503272740746147,2.972345008371499,0.8368155261397706
C3,630.0,242176.97613815797,362819.1590245264,7.257500171661377,4.269070747105462,0.8797173105300005,3.4476065658381874,0.8667127650181969,2.981101375085899,0.8529406507161394
C3,635.0,242180.8355080206,362822.3379023573,7.827499866485596,4.28044476557558,0.8955429340583547,3.4585294381189264,0.8823044440292199,2.989735206795045,0.8682845770759386
C3,640.0,242184.69487788322,362825.51678018813,8.577499389648438,4.291736298914846,0.9105628349452861,3.469290965233308,0.8971023111076867,2.9982465034989403,0.8828473052191705
C3,645.0,242188.5542477458,362828.695658019,8.197500228881836,4.302945347123269,0.9247770131907369,3.4798911471813403,0.9111063662535402,3.0066352651975987,0.8966288351457795
C3,650.0,242192.41361760843,362831.87453584984,7.682499885559082,4.314147342635952,0.9379240144141812,3.4906648877370925,0.9240590200726065,3.015238787851945,0.9093756705714628
C3,655.0,242196.27298747105,362835.05341368075,8.210000038146973,4.3253211179891355,0.9502901732717646,3.50150704793045,0.9362423744384888,3.0239515999641284,0.9213654307552832
C3,660.0,242200.13235733367,362838.2322915116,8.350000381469727,4.336424863166539,0.9621282543652183,3.512207942261359,0.9479054574244525,3.0325568695472134,0.9328431867005011
C3,665.0,242203.9917271963,362841.41116934246,8.9350004196167,4.347458578168398,0.9734382576946405,3.5227675707300463,0.9590482690305944,3.041054596601396,0.9438089384072116
C3,670.0,242207.8510970589,362844.5900471733,8.892499923706055,4.3584222629947185,0.9842201832600319,3.5331859333365125,0.9696708092569148,3.0494447811266787,0.9542626858754153
C3,675.0,242211.71046692153,362847.7689250042,7.672500133514404,4.369398925034362,0.9944358354824154,3.543605178731964,0.9797354471559842,3.0578412361338803,0.9641673961155407
C3,680.0,242215.56983678415,362850.947802835,7.527500152587891,4.3804099035137,1.0039335640685663,3.5541294006300186,0.989092774226479,3.066365909627882,0.9733760347357028
C3,685.0,242219.42920664678,362854.1266806659,6.764999866485596,4.391343507792848,1.0125657482938257,3.5646631789095267,0.9975973519679733,3.0749932192166245,0.9817454742613784
C3,690.0,242223.28857650937,362857.30555849674,6.662499904632568,4.402220799508237,1.0208356624776735,3.575072416192185,1.0057450149761624,3.083525955983826,0.9897636704488167
C3,695.0,242227.147946372,362860.4844363276,6.610000133514404,4.4130417786598395,1.02874330662019,3.5853571124779693,1.0135357632511264,3.0919641199294547,0.9974306232980964
C3,700.0,242231.0073162346,362863.66331415845,6.039999961853027,4.4238661677862705,1.0362311708337424,3.5956048772988325,1.0209129370532757,3.100380175436089,1.0046905733960578
C3,705.0,242234.86668609723,362866.8421919893,5.727499961853027,4.434810769551621,1.0432315871911888,3.605984356252136,1.0278098687661692,3.1089140815880123,1.0114779124784128
C3,710.0,242238.72605595985,362870.02106982016,5.59499979019165,4.445710634805608,1.0499249487212292,3.616253444093509,1.0344042847330561,3.1173666743272195,1.017967542806879
C3,715.0,242242.58542582247,362873.199947651,5.710000038146973,4.456536097715235,1.0556685579621008,3.626582960077668,1.040062988258271,3.125999936109033,1.0235363292166886
C3,720.0,242246.4447956851,362876.37882548186,5.885000228881836,4.467319887721265,1.0611644566192466,3.6368031783516264,1.0454776430164863,3.134550918536713,1.0288649448080516
C3,725.0,242250.3041655477,362879.5577033127,5.514999866485596,4.478082488005482,1.0663913144614332,3.6469419283545066,1.050627234093627,3.1430431971647246,1.0339327085950523
C3,730.0,242254.1635354103,362882.7365811436,5.119999885559082,4.489048505997656,1.0711467591897015,3.657302627725268,1.0553123807878564,3.1517340912306118,1.0385434080463547
C3,735.0,242258.02290527293,362885.9154589744,4.96999979019165,4.499983372430312,1.075701977862562,3.667565089425059,1.0598002612966506,3.1603525957308567,1.0429599758829378
C3,740.0,242261.88227513555,362889.0943368053,4.925000190734863,4.510887087303457,1.080056970479986,3.6777293134538893,1.0640908756199818,3.168898710665469,1.0471824121047741
C3,745.0,242265.74164499817,362892.2732146362,4.949999809265137,4.521746024826792,1.0837294536036113,3.6879173457300896,1.0677090697426037,3.1775621650623265,1.050743112920486
C3,750.0,242269.6010148608,362895.45209246705,5.277500152587891,4.532572216511726,1.0870458117966741,3.6980585029722475,1.0709764034017994,3.1862304593455373,1.0539585284651534
C3,755.0,242273.4603847234,362898.6309702979,5.077499866485596,4.543623686764747,1.089958169081131,3.7084341991090777,1.0738457083529378,3.195112050327684,1.05678224000019
C3,760.0,242277.31975458603,362901.80984812876,5.122499942779541,4.554684976129214,1.092720844042982,3.718760109253045,1.0765675436815667,3.203962267693547,1.059460825213264
C3,765.0,242281.17912444865,362904.9887259596,5.380000114440918,4.565727439539498,1.0953642029703905,3.7289986277896876,1.0791718267819017,3.2127487400954005,1.062023726109524
C3,770.0,242285.03849431124,362908.16760379047,5.25,4.576751076995614,1.0978882458633357,3.739149754719019,1.0816585576539217,3.221471467533261,1.06447094268895
C3,775.0,242288.89786417386,362911.3464816213,5.117499828338623,4.5877598706211815,1.100004105715631,3.749294569585916,1.0837431395088009,3.230251816803456,1.0665224004216016
C3,780.0,242292.7572340365,362914.5253594522,5.077499866485596,4.598958604533664,1.101417386532969,3.7597240752430845,1.08513552830264,3.2393603682924867,1.0678926640796564
C3,785.0,242296.6166038991,362917.70423728303,5.119999885559082,4.610227038821737,1.102687368460627,3.7701759543533813,1.0863867365428965,3.2484994597619554,1.0691239905510181
C3,790.0,242300.47597376173,362920.8831151139,5.142499923706055,4.621486138856613,1.1039050115226003,3.780547237527015,1.08758637962415,3.25757964170972,1.0703045712366364
C3,795.0,242304.33534362435,362924.06199294474,5.130000114440918,4.632735904638295,1.1050703157188884,3.790837924763987,1.0887344575464,3.26660091413578,1.0714344061365106
C3,800.0,242308.19471348697,362927.2408707756,5.309999942779541,4.643976336166778,1.1061832810494916,3.8010480160642928,1.0898309703096472,3.275563277040133,1.0725134952506412
C3,805.0,242312.0540833496,362930.41974860645,5.585000038146973,4.655350785629442,1.1069691979148717,3.8113880310199653,1.0906052692478467,3.284666236615215,1.0732754905354212
C3,810.0,242315.91345321218,362933.5986264373,5.614999771118164,4.666888215059288,1.1069978564471423,3.822011870489984,1.0906335041313096,3.2941344633154825,1.0733032767650097
C3,815.0,242319.7728230748,362936.77750426816,5.90500020980835,4.678420312942244,1.1070274859119102,3.832554956904466,1.0906626955943224,3.3035417902300415,1.0733320043740457
C3,820.0,242323.63219293742,362939.956382099,5.949999809265137,4.689947079278319,1.1070580863091615,3.8430172902634236,1.0906928436368712,3.312888217358908,1.0733616733625155
C3,825.0,242327.49156280005,362943.13525992987,5.642499923706055,4.701468514067508,1.1070896576388958,3.853398870566851,1.0907239482589572,3.3221737447020763,1.0733922837304197
C3,830.0,242331.35093266267,362946.3141377608,5.28000020980835,4.71305715169663,1.1069718321536601,3.8638000479627874,1.0906078645456123,3.331484858002051,1.0732780445937729
C3,835.0,242335.2103025253,362949.49301559164,5.110000133514404,4.724769298682614,1.1065816548563476,3.8742988422589426,1.090223455099358,3.340887360903656,1.072899743435116
C3,840.0,242339.0696723879,362952.6718934225,4.912499904632568,4.736578369059448,1.105697358749422,3.8849706615315305,1.0893522312246542,3.3505582060620003,1.0720423633564968
C3,845.0,242342.92904225053,362955.85077125335,4.692500114440918,4.748398063712964,1.1047513859767317,3.895601103618145,1.0884202424282168,3.3602202644950534,1.071125183914148
C3,850.0,242346.78841211315,362959.0296490842,4.635000228881836,4.7602076467863,1.1038414319688503,3.9061398442405886,1.0875237399441051,3.3698086961045957,1.070242926904638
C3,855.0,242350.64778197574,362962.20852691506,4.730000019073486,4.772030733387807,1.102878701422445,3.916623692984984,1.0865752410981115,3.379354515209885,1.0693094997583437
C3,860.0,242354.50715183836,362965.3874047459,4.815000057220459,4.783950616392237,1.1015074679699164,3.9271852699627243,1.0852242780979593,3.3889672097744907,1.067980003635803
C3,865.0,242358.36652170098,362968.56628257676,4.807499885559082,4.795842968531112,1.100164905842333,3.937632769784819,1.0839015625848383,3.3984835669997753,1.0666783061461445
C3,870.0,242362.2258915636,362971.7451604076,4.789999961853027,4.807828278067609,1.09855867145352,3.9481934555349825,1.0823190725829677,3.408177929798793,1.0651209619988873
C3,875.0,242366.08526142623,362974.9240382385,4.642499923706055,4.81988568780856,1.0967545220118597,3.9588244486547337,1.0805415932355005,3.417997907852549,1.0633717268976375
C3,880.0,242369.94463128885,362978.1029160693,5.127500057220459,4.831916399818175,1.0949965847787084,3.969338367855551,1.0788096429580363,3.4277171188027307,1.0616672974069234
C3,885.0,242373.80400115147,362981.2817939002,4.989999771118164,4.843970141954833,1.0926483605646282,3.9798613320422676,1.0764961317003952,3.4374332856689844,1.0593905479725247
C3,890.0,242377.6633710141,362984.46067173104,5.105000019073486,4.855972253401346,1.0903144365348063,3.9902367808825687,1.0741967092325166,3.4470176295495607,1.0571276634562314
C3,895.0,242381.52274087668,362987.6395495619,5.460000038146973,4.8679218249764515,1.0880039135506974,4.000462645461002,1.071920341881084,3.4564684933888525,1.054887467709295
C3,900.0,242385.3821107393,362990.81842739275,6.559999942779541,4.879900020513938,1.0855956378952694,4.01067386764366,1.0695476669010175,3.4659413188969928,1.0525524946673275
C3,905.0,242389.24148060192,362993.9973052236,5.739999771118164,4.892057309865856,1.0828633056386596,4.021119042044969,1.066855725732293,3.4757223281848564,1.0499033285942896
C3,910.0,242393.10085046454,362997.17618305446,6.21750020980835,4.904133886413885,1.0795616802289143,4.031449867575872,1.0636029070669588,3.485385610605476,1.0467021973994226
C3,915.0,242396.96022032716,363000.3550608853,5.574999809265137,4.916119113628931,1.0761093620496458,4.0415968392810155,1.0602016232692721,3.494875076316747,1.0433549601914573
C3,920.0,242400.81959018979,363003.5339387162,6.065000057220459,4.9280157714112995,1.0726486687464645,4.051545204715984,1.0567920881541264,3.5041803393961786,1.039999602779929
C3,925.0,242404.6789600524,363006.7128165471,5.222499847412109,4.939823859760519,1.0691796003194878,4.061294963880345,1.0533743017216368,3.513301399843353,1.0366361251649507
C3,930.0,242408.53832991503,363009.89169437793,4.949999809265137,4.951543378676829,1.0657021567686569,4.070846116774316,1.0499482639717452,3.52223825765848,1.033264527346466
C3,935.0,242412.39769977762,363013.0705722088,4.835000038146973,4.963503888668919,1.0612861958621815,4.080806689484725,1.0455975826317088,3.531658361811678,1.0289829785761835
C3,940.0,242416.25706964024,363016.24945003964,4.860000133514404,4.975314702399086,1.0564942758960938,4.090540849171367,1.0408764999000133,3.540861342020572,1.0243369141130645
C3,945.0,242420.11643950286,363019.4283278705,5.03000020980835,4.986992619016498,1.0516355453334212,4.100017006491301,1.0360895942088235,3.5498189101638467,1.0196260726209574
C3,950.0,242423.97580936548,363022.60720570135,5.237500190734863,4.9985376385211495,1.0467100041741648,4.1092351614445235,1.031236865558141,3.558531066241497,1.0148504540998633
C3,955.0,242427.8351792281,363025.7860835322,5.550000190734863,5.0099497609130434,1.0417176524183243,4.118195314031037,1.0263183139479646,3.566997810253527,1.0100100585497815
C3,960.0,242431.69454909072,363028.96496136306,4.90500020980835,5.021165427491689,1.0363100275696324,4.126893738742929,1.020990628078145,3.575211894750507,1.0047670299063178
C3,965.0,242435.55391895334,363032.1438391939,4.914999961853027,5.03247177494865,1.0300287811934339,4.135789248785612,1.0148022351145645,3.5836734453918972,0.9986769708529377
C3,970.0,242439.41328881597,363035.32271702477,4.96750020980835,5.043757762038837,1.0234397950040823,4.14460143074918,1.0083106515451294,3.5920830453429264,0.9922885389093813
C3,975.0,242443.2726586786,363038.5015948556,4.920000076293945,5.054862559261031,1.0166980105077696,4.15309081361988,1.0016685284313103,3.600180461705387,0.9857519595032176
C3,980.0,242447.13202854118,363041.6804726865,4.909999847412109,5.065786166615251,1.009803427704513,4.161257397397738,0.9948758657731236,3.6079656944793106,0.9790672326344626
C3,985.0,242450.9913984038,363044.85935051733,5.110000133514404,5.076488288523333,1.0025753424055004,4.169109734618128,0.9877546306669778,3.6154470366776468,0.9720591543523173
C3,990.0,242454.85076826642,363048.0382283482,5.364999771118164,5.0868755422273,0.9946555544423333,4.176644577616444,0.9799519180891062,3.622620572241217,0.9643804273135748
C3,995.0,242458.71013812904,363051.21710617904,6.752500057220459,5.097267195748877,0.9863065675744469,4.184134132609093,0.9717263513000071,3.6297797688085414,0.9562855652406628
C3,1000.0,242462.56950799166,363054.3959840099,7.297500133514404,5.1077793389576716,0.9773095139939977,4.191743511021945,0.9628622979361521,3.6371010422298746,0.9475623621803649
C3,1005.0,242466.42887785428,363057.5748618408,6.692500114440918,5.118062650803138,0.9680392518508725,4.198965028114905,0.9537290747538277,3.6440428951305233,0.9385742664250623
C3,1010.0,242470.2882477169,363060.75373967167,7.552499771118164,5.128108346368906,0.9584615913063083,4.205810582010402,0.9442929973303962,3.650617607502638,0.9292881287994756
C3,1015.0,242474.14761757953,363063.9326175025,7.1875,5.137807295544202,0.9481834857671275,4.212407257787363,0.9341668293395137,3.656956271939256,0.9193228661841387
C3,1020.0,242478.00698744212,363067.1114953334,7.320000171661377,5.147260519037958,0.9376253678201285,4.218600396032072,0.9237647882638224,3.662899203870836,0.9090861141227339
C3,1025.0,242481.86635730474,363070.2903731642,7.364999771118164,5.1565234949438405,0.9266958694978138,4.224469009162818,0.9129968567957227,3.6685295420901074,0.8984892856877127
C3,1030.0,242485.72572716736,363073.4692509951,6.679999828338623,5.1660782091534525,0.9144859208737377,4.230695072135896,0.900967403463489,3.6745652242927127,0.8866509810415082
C3,1035.0,242489.58509702998,363076.64812882594,5.715000152587891,5.175360794072288,0.9018281860711977,4.236471794534399,0.8884967834152864,3.6801576148640285,0.8743785198431168
C3,1040.0,242493.4444668926,363079.8270066568,5.34499979019165,5.184374029053079,0.8888310147479968,4.242179719343987,0.875691744614781,3.6856948925235966,0.8617769538250939
C3,1045.0,242497.30383675522,363083.00588448765,5.972499847412109,5.19311951979385,0.8754530401493453,4.247500174032064,0.8625115318170863,3.690850377188729,0.8488061753456723
C3,1050.0,242501.16320661784,363086.1847623185,6.090000152587891,5.201597161587882,0.861684274676864,4.252388231051955,0.8489463050669079,3.6955781481814807,0.8354565008069976
C3,1055.0,242505.02257648046,363089.36364014936,5.632500171661377,5.209806954435174,0.8475247183305515,4.2568438904036645,0.8349960643642442,3.6998782055018564,0.8217279302090684
C3,1060.0,242508.88194634306,363092.5425179802,6.610000133514404,5.218228997214627,0.8314031394523422,4.261532853194755,0.8191128050051804,3.70444639936679,0.8060970567292538
C3,1065.0,242512.74131620568,363095.72139581107,6.78000020980835,5.226662541393669,0.8152213442559151,4.2665611417577685,0.8031702194841411,3.709370773075229,0.7904077997834903
C3,1070.0,242516.6006860683,363098.9002736419,6.457499980926514,5.234914614902822,0.7990001878554394,4.271443678033598,0.7871888546216188,3.714152586759596,0.7746803797021469
C3,1075.0,242520.46005593092,363102.0791514728,6.014999866485596,5.242913634853874,0.7823704947260944,4.275922156108115,0.7708049922821852,3.718530746377316,0.7585568578513023
C3,1080.0,242524.31942579354,363105.25802930363,5.747499942779541,5.250659601246827,0.7653322648678779,4.279996575981324,0.7540186324658383,3.7225052519283905,0.742037234230955
C3,1085.0,242528.17879565616,363108.4369071345,5.449999809265137,5.258152514081675,0.7478854982807941,4.283666937653217,0.7368297751725822,3.726076103412817,0.7251215088411088
C3,1090.0,242532.03816551878,363111.6157849654,5.302499771118164,5.266048736208253,0.7300843899476261,4.288227723552755,0.7192918142402214,3.730556686988487,0.7078622270884911
C3,1095.0,242535.8975353814,363114.79466279625,5.255000114440918,5.274401133476294,0.71233703873279,4.29374298642046,0.7018068157540063,3.736004559325597,0.6906550662057787
C3,1100.0,242539.75690524402,363117.9735406271,5.260000228881836,5.282634524617087,0.6949139941201817,4.299082669003827,0.6846413297618168,3.7412696369494394,0.6737623407456986
C3,1105.0,242543.61627510661,363121.15241845796,5.357500076293945,5.290748909630661,0.6778152561098194,4.304246771302892,0.667795356263671,3.7463519198600483,0.6571840507082682
C3,1110.0,242547.47564496924,363124.3312962888,5.545000076293945,5.298744288516955,0.661040824701671,4.30923529331758,0.6512688952595374,3.751251408057353,0.6409201960934565
C3,1115.0,242551.33501483186,363127.51017411967,5.71750020980835,5.3070129529002745,0.6467692349944353,4.314907950976111,0.63720827734499,3.7568261435314283,0.6270830021836812
C3,1120.0,242555.19438469448,363130.6890519505,6.022500038146973,5.316194852816686,0.636773981005202,4.322490204266021,0.627360779611069,3.7643013508255687,0.6173919817393128
C3,1125.0,242559.0537545571,363133.8679297814,6.559999942779541,5.3261548206238345,0.6258990216505887,4.331298181512248,0.6166465808807579,3.7730063531739013,0.6068480322258123
C3,1130.0,242562.91312441972,363137.04680761223,6.340000152587891,5.33635639323437,0.618233461565884,4.340547380942396,0.6090943380218357,3.7821315995654654,0.5994157949281507
C3,1135.0,242566.77249428234,363140.2256854431,5.849999904632568,5.346799570648297,0.6137773007510825,4.350237802556468,0.6047040510342966,3.791677090000264,0.5950952698463223
C3,1140.0,242570.63186414496,363143.40456327394,5.760000228881836,5.357542957077735,0.6123797737671791,4.360554712024417,0.6033271831905647,3.8018310129735458,0.5937402805096502
C3,1145.0,242574.49123400755,363146.5834411048,5.612500190734863,5.368803252285077,0.6128453190315056,4.372208991094068,0.6037858464661592,3.8133148497357987,0.5941916556001811
C3,1150.0,242578.35060387017,363149.76231893565,5.59499979019165,5.380263834671852,0.6155299401887471,4.3842182636738825,0.6064307818315144,3.8251302834154752,0.5967945627947453
C3,1155.0,242582.2099737328,363152.9411967665,5.537499904632568,5.393515972232229,0.6235327757862055,4.399240877775638,0.6143153143801755,3.8399450027748756,0.6045538096804418
C3,1160.0,242586.06934359542,363156.12007459736,5.34499979019165,5.407029380189637,0.6335890509492457,4.41471705615637,0.6242229312336881,3.8551918417058877,0.6143039939482896
C3,1165.0,242589.92871345804,363159.2989524282,5.332499980926514,5.42067284090575,0.6454321621390696,4.430427460206905,0.6358909699577611,3.870650753252901,0.6257866268847636
C3,1170.0,242593.78808332066,363162.4778302591,5.425000190734863,5.4339513836818005,0.6521791589174173,4.445976753986753,0.6425382283022399,3.8859639730002837,0.6323282599225367
C3,1175.0,242597.64745318328,363165.6567080899,5.297500133514404,5.447274014183947,0.6595741920119343,4.46159693978416,0.649823943274418,3.9013238036979794,0.6394982044765007
C3,1180.0,242601.5068230459,363168.83558592084,5.332499980926514,5.460649332578943,0.6677373810910913,4.477294004098466,0.657866458856782,3.9167354983733755,0.6474129240366456
C3,1185.0,242605.3661929085,363172.0144637517,5.934999942779541,5.475035959936164,0.6783307412816854,4.494753747554911,0.6683032212025243,3.9339061162860522,0.6576838456452442
C3,1190.0,242609.2255627711,363175.19334158255,5.144999980926514,5.4898923825684145,0.6897280808429309,4.513034790761591,0.6795320779801974,3.95188947626416,0.6687342752609656
C3,1195.0,242613.08493263373,363178.3722194134,5.117499828338623,5.504255792259391,0.6965691966943223,4.530803496095528,0.6862720640692305,3.9693690186498065,0.6753671625942407
C3,1200.0,242616.94430249635,363181.55109724426,5.065000057220459,5.518451433196679,0.7021277707801684,4.548332298792414,0.6917484677477106,3.9865880522308847,0.6807565459121074
C3,1205.0,242620.80367235898,363184.7299750751,5.087500095367432,5.532578894121205,0.7074711294434907,4.565703112836493,0.6970128374560798,4.003620480142184,0.6859372644915026
C3,1210.0,242624.6630422216,363187.90885290597,5.230000019073486,5.546638175032963,0.7125992726842889,4.582915938227758,0.7020651731943381,4.020466302383698,0.6909093183324259
C3,1215.0,242628.52241208422,363191.0877307368,5.417500019073486,5.560945942116251,0.7175771876027943,4.6006161344164065,0.7069695013817197,4.03779949978003,0.6957357164707298
C3,1220.0,242632.38178194684,363194.2666085677,5.534999847412109,5.57552760896867,0.7199225990856338,4.619211972080873,0.7092802414876905,4.056078608803045,0.6980097387872326
C3,1225.0,242636.24115180946,363197.44548639853,5.664999961853027,5.589865910269708,0.7202327469910902,4.637475735116759,0.7095858045878801,4.074002453075497,0.6983104464726784
C3,1230.0,242640.10052167205,363200.6243642294,6.732500076293945,5.60409559980724,0.719869130593376,4.655465750787962,0.7092275634009739,4.091613667008531,0.6979578977582626
C3,1235.0,242643.95989153467,363203.80324206024,6.934999942779541,5.618216677581205,0.7188317498924977,4.673182019094453,0.7082055179269788,4.108912250602112,0.6969520926439916
C3,1240.0,242647.8192613973,363206.9821198911,7.199999809265137,5.632229143591633,0.7171206048884509,4.690624540036245,0.7065196681658901,4.125898203856256,0.6952930311298612
C3,1245.0,242651.6786312599,363210.16099772195,6.434999942779541,5.646040281352556,0.7137398040729092,4.707910396441197,0.7031888445164169,4.142720919154389,0.692015134454397
C3,1250.0,242655.53800112254,363213.3398755528,6.84499979019165,5.659988086421403,0.7070995722884117,4.726237835098365,0.6966467728971449,4.160713764707491,0.6855770167189019
C3,1255.0,242659.39737098516,363216.51875338366,6.627500057220459,5.6738487077464,0.6992518570866912,4.744201289835045,0.6889150676549947,4.178277109763702,0.6779681687053031
C3,1260.0,242663.25674084778,363219.6976312145,5.96999979019165,5.68762214532754,0.6901966584677495,4.76180076065123,0.6799937287899673,4.195410954323012,0.6691885904136018
C3,1265.0,242667.1161107104,363222.8765090454,5.852499961853027,5.70130839916516,0.6799339764314838,4.779036247547285,0.6698827563019623,4.212115298385785,0.659238281843699
C3,1270.0,242670.975480573,363226.0553868763,5.96999979019165,5.714797440532776,0.6683041036759236,4.795994479028829,0.6584248037847849,4.228514377535125,0.6479623968325889
C3,1275.0,242674.8348504356,363229.23426470713,5.75,5.727892527766558,0.6549394462930671,4.8128347252552395,0.6452577113393627,4.244829997503452,0.6350045302222376
C3,1280.0,242678.69422029823,363232.413142538,5.755000114440918,5.740879684975031,0.6380812667292164,4.830108958368984,0.6286487401985599,4.261690400898615,0.6186594765613871
C3,1285.0,242682.55359016085,363235.59202036884,5.84499979019165,5.753919682638546,0.618146101686293,4.847161853571704,0.6090082695516139,4.2782499467368105,0.5993310940910099
C3,1290.0,242686.41296002347,363238.7708981997,5.767499923706055,5.767045796159234,0.595682981984349,4.863721341994748,0.58687721409285,4.294167165566508,0.5775517023406979
C3,1295.0,242690.2723298861,363241.94977603055,5.730000019073486,5.780138233019589,0.5710198059211645,4.879851506264816,0.5625786249170988,4.309551372259519,0.5536392191053248
C3,1300.0,242694.13169974872,363245.1286538614,5.735000133514404,5.791656672638874,0.5484811043896788,4.896350096400987,0.5403731049279141,4.32577549923362,0.5317865460701183
C3,1305.0,242697.99106961134,363248.30753169226,5.795000076293945,5.803107579412094,0.5240374105453626,4.912388453501026,0.5162907534441417,4.341436486738384,0.5080868644976815
C3,1310.0,242701.85043947393,363251.4864095231,6.15749979019165,5.814346071870386,0.4921434055788999,4.928402768335598,0.48486822611613606,4.357114763329927,0.47716364288530666
C3,1315.0,242705.70980933655,363254.665287354,6.242499828338623,5.826028501364814,0.44680724498794094,4.944184582102812,0.44020225373044813,4.372352654475561,0.4332074152971364
C3,1320.0,242709.56917919917,363257.8441651848,6.804999828338623,5.838565230871632,0.3924481541879614,4.9591396743658835,0.38664673387776427,4.386294042306034,0.3805028956478984
C3,1325.0,242713.4285490618,363261.0230430157,7.377500057220459,5.84358045336494,0.37144165135054097,4.976617702717139,0.3659507626391409,4.405515659998211,0.3601357845489792
C3,1330.0,242717.2879189244,363264.20192084654,7.480000019073486,5.845685902263786,0.3634741759436688,4.994615674961591,0.3581010675638559,4.426220475706376,0.3524108215673918
C3,1335.0,242721.14728878703,363267.3807986774,7.507500171661377,5.845773761102241,0.36421036039992094,5.012767409155357,0.35882636926868755,4.447697545111781,0.353124598188002
C3,1340.0,242725.00665864965,363270.55967650824,7.695000171661377,5.8422650363803985,0.37711154103549593,5.031733357687921,0.3715368363762126,4.47123648044786,0.3656330952634085
C3,1345.0,242728.86602851228,363273.7385543391,7.167500019073486,5.831039167792779,0.4064128882458919,5.053296517734859,0.4004050322767542,4.500225389414325,0.39404257391837844
C3,1350.0,242732.72539837487,363276.91743216995,7.315000057220459,5.822970242554196,0.4223900229172639,5.073868676165424,0.41614598269510894,4.526888436101731,0.4095333997550497
C3,1355.0,242736.5847682375,363280.09631000087,7.125,5.81675791164952,0.43418388313604256,5.093552969855566,0.42776549850730905,4.551804382744669,0.42096828081162185
C3,1360.0,242740.4441381001,363283.2751878317,6.795000076293945,5.811452327391159,0.4457569167548837,5.112380997253501,0.43916745212003133,4.575322035210781,0.4321890567442126
C3,1365.0,242744.30350796273,363286.4540656626,6.614999771118164,5.807053489779224,0.45710912377368806,5.130352758359622,0.4503518435331779,4.597441393500526,0.44319572755272557
C3,1370.0,242748.16287782535,363289.63294349343,6.409999847412109,5.803561398813719,0.4682405041924535,5.147468253173936,0.46131867274674654,4.618162457613914,0.4539882932371587
C3,1375.0,242752.02224768797,363292.8118213243,6.21999979019165,5.802565703015131,0.4717297543303527,5.164648926990713,0.4647563425510678,4.6380958768276335,0.45737133827614385
C3,1380.0,242755.8816175506,363295.99069915514,6.239999771118164,5.804160354664548,0.469040076243618,5.181851034253724,0.4621064250110102,4.657446333306337,0.45476352807390286
C3,1385.0,242759.7409874132,363299.169576986,6.380000114440918,5.806690140906731,0.46636437449656776,5.198528598301019,0.4594702772034313,4.675960293904642,0.45216926880231345
C3,1390.0,242763.60035727583,363302.34845481685,6.275000095367432,5.81015506174168,0.46370264908920444,5.2146816191325875,0.45684789912833357,4.693637758622541,0.4495885604613784
C3,1395.0,242767.45972713843,363305.5273326477,6.965000152587891,5.814555117169438,0.4610549000214935,5.230310096748467,0.454239290785683,4.710478727460074,0.4470214030510641
C3,1400.0,242771.31909700105,363308.70621047856,7.4375,5.821371431840652,0.45702228798403993,5.246535275992859,0.45026629140595775,4.727256684505686,0.44311153485352683
C3,1405.0,242775.17846686367,363311.8850883094,6.449999809265137,5.832701059346294,0.44580901666349315,5.264317849842093,0.43921878185448027,4.744471495281253,0.4322395708462397
C3,1410.0,242779.0378367263,363315.06396614027,6.449999809265137,5.845682694391025,0.43462987683996446,5.2820042218421746,0.42820489924639615,4.761121181332552,0.4214006994482964
C3,1415.0,242782.8972065889,363318.2428439711,6.775000095367432,5.859998975913285,0.4281783220481839,5.299965827172798,0.42184871547577435,4.777619798797867,0.41514551579296977
C3,1420.0,242786.75657645153,363321.421721802,6.927499771118164,5.875649903913083,0.426454352288147,5.31820266583397,0.4201502305426107,4.793967347677205,0.41347401988025545
C3,1425.0,242790.61594631415,363324.60059963283,7.054999828338623,5.8933779451713395,0.4292299903661724,5.337275140753337,0.42288483735833043,4.810534404099173,0.4161651736407676
C3,1430.0,242794.47531617677,363327.7794774637,6.65749979019165,5.916385220290121,0.43547436410237006,5.359665937089064,0.42903690275684847,4.828977830991318,0.4222194823761751
C3,1435.0,242798.33468603936,363330.95835529454,6.885000228881836,5.9412884597418625,0.4473921104198709,5.38243674829367,0.4407784733042298,4.8472385742222865,0.4337744787112018
C3,1440.0,242802.194055902,363334.13723312545,6.8125,5.967995061751838,0.46442016599292185,5.405128305480156,0.4575548092379692,4.864912512998401,0.45028423772916615
C3,1445.0,242806.0534257646,363337.3161109563,6.565000057220459,5.994940183375852,0.48309192137317875,5.4276578239744,0.4759505467540834,4.882275111179409,0.4683876659478434
C3,1450.0,242809.91279562723,363340.49498878716,7.059999942779541,6.02212382461424,0.5034073765606769,5.450025303776751,0.4959656858526068,4.89932636876565,0.4880847633672677
C3,1455.0,242813.77216548985,363343.673866618,7.082499980926514,6.051742313914237,0.5129656354128731,5.474039678081838,0.5053826483918193,4.917384264555116,0.49735208984529045
C3,1460.0,242817.63153535247,363346.8527444489,7.324999809265137,6.081395564031915,0.5223961603207379,5.497801290479641,0.5146737652317914,4.935103356518036,0.5064955703192708
C3,1465.0,242821.4909052151,363350.0316222797,6.757500171661377,6.111014220242927,0.5319996331747081,5.521246203645287,0.524135273390396,4.952436653342215,0.5158067345843097
C3,1470.0,242825.3502750777,363353.2105001106,6.505000114440918,6.138556294157392,0.5444394636916838,5.542047404698728,0.536391210353812,4.967666136609717,0.527867924024227
C3,1475.0,242829.2096449403,363356.38937794144,6.324999809265137,6.165093455656541,0.5562538238373634,5.561964442368303,0.5480309230501418,4.982218066205711,0.5393226810351063
C3,1480.0,242833.06901480292,363359.5682557723,6.34250020980835,6.191845835192739,0.5593193239417383,5.581962604281578,0.5510511069658248,4.996835616433794,0.5422948740594966
C3,1485.0,242836.92838466555,363362.74713360314,6.247499942779541,6.217644535874859,0.560625508391547,5.601091709435945,0.5523379825593636,5.010823804529778,0.543561301127881
C3,1490.0,242840.78775452817,363365.926011434,6.292500019073486,6.242145341009403,0.5623736725147983,5.619076535563503,0.5540603041993147,5.0239749077414775,0.5452562549806662
C3,1495.0,242844.6471243908,363369.10488926485,6.21999979019165,6.265348250596368,0.5645638163114916,5.63591708266425,0.556218071885678,5.036288926068893,0.5473797356178518
C3,1500.0,242848.5064942534,363372.2837670957,6.172500133514404,6.285032132404466,0.5686704978874179,5.649725561844961,0.560264045860569,5.04647938470718,0.5513614188400775
C3,1505.0,242852.36586411603,363375.46264492656,6.112500190734863,6.301195344877349,0.5698648095579404,5.660643524020526,0.5614407024499968,5.054842259688841,0.5525193782904874
C3,1510.0,242856.22523397865,363378.6415227574,6.079999923706055,6.31480198664553,0.5699574616364692,5.669477993846777,0.5615319848861107,5.061886702765075,0.5526092102435605
C3,1515.0,242860.08460384127,363381.8204005883,6.079999923706055,6.32644141844254,0.571715118926054,5.676705036430053,0.563263659358301,5.06784061896247,0.554313368311568
C3,1520.0,242863.94397370386,363384.9992784191,6.119999885559082,6.336113640268354,0.5751377814267615,5.682324651770367,0.5666357258666338,5.072704008281062,0.5576318524945741
C3,1525.0,242867.80334356648,363388.17815625,6.087500095367432,6.343818652123028,0.5802254491384502,5.6863368398677,0.5716481844109692,5.076476870720781,0.5625646627924421
C3,1530.0,242871.6627134291,363391.3570340809,6.102499961853027,6.34753898024309,0.5845049442893222,5.687238541138024,0.5758644173196646,5.078272493413415,0.566713899524518
C3,1535.0,242875.52208329173,363394.53591191175,6.097499847412109,6.3475187541815865,0.5861448791461744,5.685327880647955,0.5774801096076637,5.078312301443635,0.5683039183717064
C3,1540.0,242879.38145315435,363397.7147897426,6.127500057220459,6.346768533635986,0.5880442028597748,5.682889967395381,0.579351356299956,5.0779629850755015,0.5701454308494194
C3,1545.0,242883.24082301697,363400.89366757346,6.097499847412109,6.345288318606288,0.5902029154301229,5.6799248013803005,0.5814781573965415,5.0772245443090105,0.572238436957657
C3,1550.0,242887.1001928796,363404.0725454043,6.099999904632568,6.3430781090924935,0.5926210168572192,5.676432382602714,0.5838605128974204,5.076096979144165,0.5745829366964194
C3,1555.0,242890.9595627422,363407.25142323517,6.09499979019165,6.338941520466384,0.5941555063013764,5.671485418478319,0.5853723185344496,5.074051217304069,0.5760707196573257
C3,1560.0,242894.8189326048,363410.430301066,5.985000133514404,6.331191661132806,0.5924766177291012,5.6639032657635395,0.583718248369979,5.0704586708408526,0.5744429327601676
C3,1565.0,242898.67830246742,363413.6091788969,6.027500152587891,6.324720364055697,0.5924119045809546,5.658049771910048,0.5836544918532164,5.067931534883135,0.5743801893379339
C3,1570.0,242902.53767233004,363416.78805672773,6.067500114440918,6.318267795013737,0.5939921833172425,5.652432917528305,0.5852114098957532,5.06553764028392,0.5759123678656577
C3,1575.0,242906.39704219266,363419.9669345586,6.130000114440918,6.311833954006926,0.5972174539379647,5.647052702618307,0.5883890024975895,5.063276987043208,0.5790394683433384
C3,1580.0,242910.25641205529,363423.14581238944,6.105000019073486,6.30525395682484,0.6020471264281086,5.641836012950657,0.5931472796713546,5.061128280751212,0.5837221362267367
C3,1585.0,242914.1157819179,363426.3246902203,6.054999828338623,6.296576399321263,0.6089280189573654,5.636025807136765,0.5999264544340212,5.058945295224669,0.5903935895233408
C3,1590.0,242917.97515178053,363429.50356805115,6.045000076293945,6.28829372216346,0.6192853749038978,5.63082207796355,0.6101307013018884,5.05714253467511,0.6004356903379549
C3,1595.0,242921.83452164315,363432.682445882,6.042500019073486,6.280483880215494,0.628849185860026,5.626170934452347,0.619553133870403,5.055546993273122,0.6097083999261205
C3,1600.0,242925.69389150574,363435.86132371286,6.047500133514404,6.272795960245061,0.6391456876522685,5.621738070370048,0.6296974261691513,5.0540280587942865,0.619691498853048
C3,1605.0,242929.55326136836,363439.0402015437,6.057499885559082,6.265191194944504,0.6507996604520254,5.617501425029722,0.6411791224682968,5.052594745364612,0.6309907503560448
C3,1610.0,242933.41263123098,363442.21907937457,6.065000057220459,6.256877832763676,0.6688469607933025,5.614033446076243,0.6589596360405968,5.052008108071117,0.6484887305735942
C3,1615.0,242937.2720010936,363445.3979572055,6.182499885559082,6.248505905581652,0.6875906904846057,5.6106370887951,0.6774262838975823,5.051435364169168,0.6666619423636895
C3,1620.0,242941.13137095622,363448.57683503634,6.260000228881836,6.240176720562969,0.7062905108162797,5.607225157607355,0.6958496714912528,5.05076635910334,0.6847925812984744
C3,1625.0,242944.99074081884,363451.7557128672,6.170000076293945,6.231722966714234,0.7225847590012601,5.60347776544324,0.7119030476486334,5.049689856931435,0.7005908684111801
C3,1630.0,242948.85011068147,363454.93459069805,6.099999904632568,6.223098158937892,0.737006241004716,5.599395194264796,0.7261113420553753,5.048229059652177,0.7145733922254084
C3,1635.0,242952.7094805441,363458.1134685289,6.292500019073486,6.213974372559551,0.7537662662555753,5.595580081735135,0.7426236098633034,5.0470843690997285,0.7308232791746769
C3,1640.0,242956.5688504067,363461.29234635975,6.15500020980835,6.204565814046204,0.7710139376036973,5.591708609465455,0.7596163150711102,5.045893098462426,0.7475459693466813
C3,1645.0,242960.4282202693,363464.4712241906,6.380000114440918,6.195052702976229,0.787689854574833,5.587607346942628,0.776045717941852,5.044443396190324,0.7637143080872479
C3,1650.0,242964.28759013192,363467.65010202146,6.454999923706055,6.185435039349407,0.803794017169044,5.5832762941664775,0.7919118184755899,5.042735262283271,0.7793282953964368
C3,1655.0,242968.14695999454,363470.8289798523,6.309999942779541,6.1756429168593705,0.8187976475495833,5.578596936917105,0.8066936555687145,5.040654095663763,0.7938752482716983
C3,1660.0,242972.00632985716,363474.0078576832,6.385000228881836,6.165193864489185,0.8324537018105596,5.57343103431574,0.820147837276803,5.038149963160882,0.807115642280213
C3,1665.0,242975.86569971978,363477.186735514,6.352499961853027,6.1542741746827065,0.846242863743738,5.568058026861805,0.8337331589741072,5.035494466622689,0.8204850924561843
C3,1670.0,242979.7250695824,363480.3656133449,6.579999923706055,6.143182357582563,0.8596767744309219,5.562390399856795,0.84696848097719,5.032531859392188,0.8335101044526423
C3,1675.0,242983.58443944503,363483.54449117574,6.40500020980835,6.131918413188757,0.8727554338721105,5.556428153300715,0.8598538032860508,5.02926214146938,0.8461906782695865
C3,1680.0,242987.44380930765,363486.7233690066,6.465000152587891,6.120482341501288,0.8854788420673054,5.550171287193559,0.8723891259006912,5.025685312854267,0.8585268139070182
C3,1685.0,242991.30317917024,363489.90224683745,7.010000228881836,6.1086384330276475,0.8978078515464014,5.5435726665820075,0.8845358800540183,5.02180504029375,0.8704805554577109
C3,1690.0,242995.16254903286,363493.0811246683,7.949999809265137,6.095966430010238,0.9087956050724756,5.536266047581572,0.8953612055600951,5.0173148046702405,0.8811338659362351
C3,1695.0,242999.02191889548,363496.26000249916,9.475000381469727,6.083071192242959,0.9196101563921588,5.5286233065115935,0.906015889245886,5.012484229597197,0.8916192461025388
C3,1700.0,243002.8812887581,363499.43888033007,11.989500045776367,6.06995796620156,0.9302838426581617,5.520653865906985,0.9165317902355695,5.007322547652618,0.9019680488375363
C3,1705.0,243006.74065862072,363502.6177581609,12.994999885559082,6.05662675188592,0.940816663870208,5.512357725767556,0.9269089085288733,5.001829758836275,0.9121802741409593
C3,1710.0,243010.60002848334,363505.7966359918,13.699999809265137,6.042956087897665,0.9511295976334929,5.503676891682257,0.937069389890717,4.995971362017227,0.9221793048858752
C3,1715.0,243014.45939834596,363508.97551382263,14.895000457763672,6.028392396697903,0.9609103988691389,5.494336707340871,0.9467056050492486,4.989578488619969,0.9316624000467585
C3,1720.0,243018.31876820858,363512.1543916535,15.774999618530273,6.013553497096664,0.9701566651365066,5.484542292055613,0.9558151870782504,4.9827285605428875,0.9406272303079801
C3,1725.0,243022.17813807118,363515.33326948434,15.867500305175781,5.998452979018151,0.9791687200912185,5.474358608312948,0.964694020056442,4.975488893548652,0.9493649781337082
C3,1730.0,243026.0375079338,363518.5121473152,16.674999237060547,5.983104996806129,0.9881764349746196,5.46383449762004,0.9735685771210412,4.967909268467539,0.9580985179903492
C3,1735.0,243029.89687779642,363521.69102514605,16.727500915527344,5.967509550460733,0.9971798097866923,5.452969959976995,0.9824388582720304,4.959989685299643,0.9668278498778863
C3,1740.0,243033.75624765904,363524.8699029769,16.087499618530273,5.9508090245064205,1.0056706637633668,5.441201814797461,0.990804194999333,4.9513148081887035,0.9750602609368634
C3,1745.0,243037.61561752166,363528.04878080776,14.707500457763672,5.933821520729471,1.014194978233681,5.429061751488177,0.9992024975857982,4.942273997609095,0.9833251140256571
C3,1750.0,243041.47498738428,363531.2276586386,14.352499961853027,5.9166062085450974,1.0225231628955174,5.416571209710601,1.0074075696804092,4.932880040200304,0.9913998070659165
C3,1755.0,243045.3343572469,363534.40653646947,13.947500228881836,5.899186725086558,1.0305194812651435,5.40374771092396,1.0152856813431965,4.9231485659411085,0.9991527350938947
C3,1760.0,243049.19372710952,363537.5854143003,13.305000305175781,5.881507217917163,1.0385757659079171,5.390587549856608,1.0232228728192208,4.913083569380724,1.006963804153574
C3,1765.0,243053.05309697211,363540.7642921312,13.157500267028809,5.862814502561511,1.0463607802715262,5.376515817779626,1.0308928041073355,4.902229025260899,1.0145118598046716
C3,1770.0,243056.91246683474,363543.94316996203,11.97249984741211,5.843659784832485,1.0541413683023086,5.361954586781215,1.0385583744955147,4.890919736706665,1.0220556238507768
C3,1775.0,243060.77183669736,363547.1220477929,11.702500343322754,5.8242416097434395,1.0620076963870841,5.347055562720381,1.046308417473217,4.879276039982914,1.029682518212234
C3,1780.0,243064.63120655998,363550.30092562374,11.802499771118164,5.804579746472628,1.069897235238177,5.331833034572168,1.0540813281008026,4.867310268289872,1.0373319168553388
C3,1785.0,243068.4905764226,363553.4798034546,11.697500228881836,5.784846180168504,1.0772666876321477,5.316419632986424,1.0613418405228516,4.855138753512932,1.0444770593290402
C3,1790.0,243072.34994628522,363556.6586812855,11.302499771118164,5.7642529946416134,1.08453600689068,5.300187915993588,1.0685037000416957,4.842242265348773,1.0515251164996837
C3,1795.0,243076.20931614784,363559.83755911636,10.917499542236328,5.7430213760412245,1.0917672444488367,5.283325560751054,1.0756280408082837,4.828776023120609,1.0585362510931429
C3,1800.0,243080.06868601046,363563.0164369472,11.729999542236328,5.7215389137870245,1.099070781524391,5.266155475164853,1.0828236123144312,4.815005541087778,1.0656174845657276
C3,1805.0,243083.92805587308,363566.1953147781,11.619999885559082,5.6998056078790125,1.1064466181173436,5.248677659234985,1.0900904145601378,4.800930819250281,1.0727688169174383
C3,1810.0,243087.78742573567,363569.3741926089,11.132499694824219,5.677821458317361,1.113894754227682,5.2308921129615955,1.0974284475453921,4.786551857608246,1.0799902481482626
C3,1815.0,243091.6467955983,363572.5530704398,9.032500267028809,5.65539919469356,1.120787774662839,5.212634985284988,1.1042195709314204,4.771743345442339,1.0866734602039712
C3,1820.0,243095.50616546092,363575.73194827064,9.34000015258789,5.632234907903622,1.1274872713285427,5.193655985455361,1.1108200313404801,4.756291103127481,1.093169038928075
C3,1825.0,243099.36553532354,363578.9108261015,8.889999389648438,5.608836527267499,1.1342239722279568,5.1744015053391745,1.1174571460064044,4.740566434327625,1.0997006894708519
C3,1830.0,243103.22490518616,363582.08970393235,9.119999885559082,5.585204052785192,1.1409978773610816,5.154871544936434,1.1241309149291934,4.7245693390427705,1.1062684118323025
C3,1835.0,243107.08427504878,363585.2685817632,7.522500038146973,5.561337484456703,1.1478089867279169,5.135066104247134,1.130841338108847,4.708299817272919,1.1128722060124268
C3,1840.0,243110.9436449114,363588.44745959406,7.065000057220459,5.537011152105111,1.1546260258307848,5.114781967752307,1.137557603367371,4.691586354098338,1.1194817494404623
C3,1845.0,243114.80301477402,363591.6263374249,6.929999828338623,5.51192788359158,1.1610301573834283,5.093758333216593,1.1438670649399127,4.674218687372996,1.1256909533158312
C3,1850.0,243118.6623846366,363594.80521525576,7.210000038146973,5.48678165708522,1.1671144324487017,5.072628213149958,1.149861398348831,4.656732812129949,1.1315900364317173
C3,1855.0,243122.52175449923,363597.9840930866,7.239999771118164,5.461416571789702,1.1731980124629238,5.05125092051668,1.1558550469813877,4.639002382121495,1.1374884456523766
C3,1860.0,243126.38112436185,363601.1629709175,7.472499847412109,5.435832627705224,1.179280897426084,5.029626455316928,1.1618480108375715,4.621027397347779,1.143386180977799
C3,1865.0,243130.24049422448,363604.3418487483,7.164999961853027,5.409977571909527,1.1853553248245456,5.007706786630492,1.167832642154202,4.602767173814352,1.1492757161681875
C3,1870.0,243134.0998640871,363607.5207265792,6.957499980926514,5.383127820609808,1.191296933806843,4.984830197899762,1.1736864184616842,4.583662393364712,1.1550364756428373
C3,1875.0,243137.95923394972,363610.6996044101,6.860000133514404,5.356149233770286,1.1970778107386044,4.961796669142347,1.1793818387628927,4.564395304799964,1.1606413953970067
C3,1880.0,243141.81860381234,363613.87848224095,6.90500020980835,5.329215722022622,1.2023621752582514,4.938771913905938,1.1845880864169183,4.5451159882652,1.1657649154847072
C3,1885.0,243145.67797367496,363617.0573600718,6.829999923706055,5.302074731391574,1.2076136911120554,4.9155219539832515,1.1897619709951472,4.525613886998887,1.1708565867476954
C3,1890.0,243149.53734353755,363620.23623790266,6.795000076293945,5.274726261877347,1.2128323583000076,4.892046789374467,1.1949034924975712,4.505889001001184,1.175916409185964
C3,1895.0,243153.39671340017,363623.4151157335,6.832499980926514,5.24653189513836,1.2178694599832944,4.867753603012845,1.1998661325130728,4.485440424383119,1.18080019257414
C3,1900.0,243157.2560832628,363626.59399356437,7.132500171661377,5.218059384655336,1.2228282791594711,4.843174475659848,1.2047516472436932,4.464719641701884,1.1856080762025238
C3,1905.0,243161.1154531254,363629.7728713952,6.877500057220459,5.189396726348422,1.227727466766446,4.818391429040382,1.2095784119172146,4.443796078960681,1.1903581433155013
C3,1910.0,243164.97482298804,363632.9517492261,6.860000133514404,5.1608257617106,1.232088397408782,4.793672720826322,1.213874876485777,4.422911656629667,1.1945863368218366
C3,1915.0,243168.83419285066,363636.13062705693,7.377500057220459,5.132076733930319,1.236355201878656,4.768765361244811,1.218078606315329,4.401839001141657,1.1987232691493495
C3,1920.0,243172.69356271328,363639.3095048878,7.642499923706055,5.102699929945123,1.2404122429600366,4.743247088026716,1.2220756736133338,4.380221764916659,1.2026568228244967
C3,1925.0,243176.5529325759,363642.48838271864,7.079999923706055,5.072949919081118,1.2443264087472905,4.717360265451864,1.225931977691447,4.358265279955768,1.2064518500151877
C3,1930.0,243180.41230243852,363645.6672605495,6.952499866485596,5.043013937233436,1.248160232170628,4.69128124589094,1.229709127077997,4.336118121554304,1.2101689802867908
C3,1935.0,243184.2716723011,363648.84613838035,6.802499771118164,5.012891984402298,1.2519137132300444,4.665010029344137,1.233407121772979,4.313780289712438,1.2138082136393016
C3,1940.0,243188.13104216373,363652.0250162112,6.8125,4.982768711622042,1.2553121733860688,4.638723091606883,1.2367553437112682,4.291410345891273,1.2171032321437805
C3,1945.0,243191.99041202635,363655.20389404206,6.807499885559082,4.952299697142474,1.2583350583366588,4.612095695045505,1.2397335424376976,4.2687329191254575,1.2200341071259246
C3,1950.0,243195.84978188897,363658.3827718729,6.934999942779541,4.9214017890283355,1.2611337935924445,4.5850510267831,1.2424909049938768,4.245678655978573,1.222747655036911
C3,1955.0,243199.7091517516,363661.56164970377,6.972499847412109,4.890318771080764,1.2638382569033138,4.557820825106922,1.2451553891934917,4.222440980751057,1.2253698004336129
C3,1960.0,243203.56852161422,363664.7405275346,6.997499942779541,4.8590506432997635,1.2664484482692653,4.530405090016968,1.2477269950365428,4.19901989344291,1.2279005433160297
C3,1965.0,243207.42789147684,363667.91940536554,7.522500038146973,4.827597405685317,1.2689643676903453,4.502803821513231,1.2502057225230745,4.175415394054137,1.2303398836842057
C3,1970.0,243211.28726133946,363671.0982831964,8.375,4.795927851326666,1.2711510519254756,4.4749869948872405,1.2523600817893403,4.151609830638631,1.232460010061273
C3,1975.0,243215.14663120205,363674.27716102725,8.502500534057617,4.763999954129998,1.27278026416332,4.44691718115436,1.253965209966938,4.127579616139453,1.2340396326623815
C3,1980.0,243219.00600106467,363677.4560388581,8.555000305175781,4.731885856406153,1.2743057312126322,4.4186651782346775,1.255468126583921,4.103370026388161,1.2355186678502876
C3,1985.0,243222.8653709273,363680.63491668896,7.949999809265137,4.699585558155366,1.275727453073416,4.390230986128399,1.2568688316402918,4.078981061384939,1.236897115624995
C3,1990.0,243226.7247407899,363683.8137945198,7.480000019073486,4.667099059377637,1.2770454297456706,4.361614604835525,1.2581673251360506,4.054412721129786,1.238174975986503
C3,1995.0,243230.58411065253,363686.99267235067,7.054999828338623,4.634384331136537,1.2781982256072568,4.332775169033274,1.2593030796298283,4.02963251710077,1.2392926832778708
C3,2000.0,243234.44348051515,363690.1715501815,6.882500171661377,4.601266132152826,1.2788786123292024,4.303543292938716,1.2599734084388627,4.00450797612012,1.2399523605246479
C3,2005.0,243238.30285037778,363693.3504280124,6.972499847412109,4.568231587594318,1.2791855889157668,4.274388909427563,1.2602758471006361,3.9794355377664328,1.2402499934191749
C3,2010.0,243242.1622202404,363696.5293058432,7.144999980926514,4.535008911333277,1.279382150178134,4.245053763936522,1.2604695026683528,3.954185834930674,1.240440571789092
C3,2015.0,243246.021590103,363699.7081836741,7.670000076293945,4.501598103369945,1.2794682961163133,4.215537856465811,1.2605543751420218,3.928758867613035,1.2405240956344095
C3,2020.0,243249.8809599656,363702.88706150494,7.662499904632568,4.467999163703838,1.2794440267302862,4.185841187014997,1.2605304645216253,3.9031546358131344,1.240500564955108
C3,2025.0,243253.74032982823,363706.0659393358,7.364999771118164,4.434043573585453,1.2788442987937254,4.155795914806896,1.2599396021480744,3.8772487284093198,1.2399190914177132
C3,2030.0,243257.59969969085,363709.24481716665,7.057499885559082,4.39989696422974,1.2781045493837468,4.125568807630437,1.259210788188333,3.8511660239329264,1.239201858352545
C3,2035.0,243261.45906955347,363712.4236949975,7.28000020980835,4.365791291964291,1.277091789417571,4.0953796523635155,1.2582129994895397,3.825099833542975,1.2382199245719674
C3,2040.0,243265.3184394161,363715.60257282836,7.989999771118164,4.331566778158702,1.275916582886559,4.065077639375747,1.2570551656152222,3.798916990844676,1.2370804887426528
C3,2045.0,243269.1778092787,363718.7814506592,7.227499961853027,4.297152318077448,1.2746261171081084,4.034595536861383,1.255783776329587,3.772558132958782,1.2358293019038555
C3,2050.0,243273.03717914133,363721.9603284901,7.260000228881836,4.262486682856849,1.2727879598181744,4.0038668717905015,1.2539727918596724,3.7459843426839425,1.2340470940784272
C3,2055.0,243276.89654900396,363725.139206321,6.997499942779541,4.2276145104286975,1.2707044037604298,3.972941557017496,1.2519200362639273,3.7192257760467373,1.2320269568838762
C3,2060.0,243280.75591886655,363728.31808415183,6.877500057220459,4.192552374099962,1.2684909531639803,3.9418377584036457,1.2497393063138607,3.6922931797691594,1.2298808788546496
C3,2065.0,243284.61528872917,363731.4969619827,6.900000095367432,4.157456156547435,1.2660924046770845,3.9107016774385928,1.2473762147090828,3.665314964836654,1.2275553369076015
C3,2070.0,243288.4746585918,363734.67583981354,6.885000228881836,4.12234458309221,1.2635102098051818,3.879550928024571,1.2448321914979488,3.6383065360393045,1.2250517383675383
C3,2075.0,243292.3340284544,363737.8547176444,7.042500019073486,4.0870505671515645,1.2604310802632241,3.8482211310954906,1.2417985796237754,3.6111391268172524,1.2220663307556665
C3,2080.0,243296.19339831703,363741.03359547525,7.215000152587891,4.0515694552762165,1.256974087379453,3.816711686250578,1.2383926902260614,3.5838071707907577,1.2187145611309183
C3,2085.0,243300.05276817965,363744.2124733061,7.232500076293945,4.015895414911364,1.2533834962642871,3.785022418466563,1.234855177531696,3.556300390253981,1.2152332597110627
C3,2090.0,243303.91213804227,363747.39135113696,7.045000076293945,3.9800284460570095,1.249659306917726,3.7531533277434472,1.2311860415406795,3.52861878520692,1.2116224264960993
C3,2095.0,243307.7715079049,363750.5702289678,6.977499961853027,3.9440375403539445,1.2457953134072028,3.7211685283002005,1.2273791680605202,3.5008184635521795,1.207876044448398
C3,2100.0,243311.6308777675,363753.74910679867,6.75,3.9082142918255225,1.2414764408030712,3.6893333761606266,1.2231241398012653,3.4731431069391356,1.203688628826099
C3,2105.0,243315.4902476301,363756.9279846295,6.512499809265137,3.872257383933894,1.2366151457291819,3.6573665742158594,1.2183347075091016,3.445350973589457,1.1989753008808537
C3,2110.0,243319.34961749273,363760.1068624604,6.317500114440918,3.836107166654498,1.2316177675379887,3.6252205308879204,1.2134112037675553,3.4173847471976933,1.194130031889053
C3,2115.0,243323.20898735535,363763.28574029123,6.144999980926514,3.799763639987333,1.226484306229492,3.592895246176808,1.208353628576627,3.3892444277638445,1.1891528218506968
C3,2120.0,243327.06835721797,363766.4646181221,6.119999885559082,3.7632268039323997,1.2212147618036915,3.560390720082523,1.2031619819363164,3.3609300152879107,1.1840436707657853
C3,2125.0,243330.9277270806,363769.64349595294,6.190000057220459,3.726541462245006,1.2156137726135496,3.527745350158175,1.1976437901607533,3.3324820428900157,1.1786131633660788
C3,2130.0,243334.7870969432,363772.8223737838,6.112500190734863,3.690214653359079,1.2093094048101862,3.4954205027100596,1.1914326175657635,3.304318686845446,1.1725006866509142
C3,2135.0,243338.64646680583,363776.00125161465,5.832499980926514,3.6537501872176152,1.2028756437437496,3.46296820414391,1.1850939644819058,3.2760265497396763,1.166262755118978
C3,2140.0,243342.50583666842,363779.18012944557,5.840000152587891,3.6170963121683615,1.196305756567321,3.4303407719502914,1.1786211975915228,3.2475639840721424,1.1598928408564009
C3,2145.0,243346.36520653105,363782.3590072764,5.912499904632568,3.5802530282108753,1.1895997432808314,3.397538206128805,1.172014316894547,3.21893098984247,1.1533909438631165
C3,2150.0,243350.22457639367,363785.5378851073,6.014999866485596,3.543236185371351,1.182703254015564,3.3645744111392952,1.1652197759568794,3.1901414998345756,1.1467043685608582
C3,2155.0,243354.0839462563,363788.71676293813,5.962500095367432,3.5062822226115102,1.174780326532311,3.3316571261983694,1.1574139702693014,3.161404223284974,1.1390225975621078
C3,2160.0,243357.9433161189,363791.895640769,5.78000020980835,3.469473910842799,1.1668121846675437,3.2988718383392075,1.1495636185881968,3.132764791001201,1.131296988408158
C3,2165.0,243361.80268598153,363795.07451859984,5.902500152587891,3.432715314662692,1.1587827349553663,3.2661302783260737,1.1416528653516052,3.1041459530449402,1.1235119374828144
C3,2170.0,243365.66205584415,363798.2533964307,5.78249979019165,3.3957779546669564,1.1506218072971384,3.2332234795147246,1.1336125777602892,3.0753652667490194,1.1155994105108857
C3,2175.0,243369.52142570677,363801.43227426155,6.117499828338623,3.3586618308555924,1.1423294016928596,3.2001514419051613,1.1254427558142488,3.046422732113438,1.1075594074923718
C3,2180.0,243373.3807955694,363804.6111520924,5.675000190734863,3.321681371622577,1.1329463996362088,3.167193461458448,1.1161984593120884,3.0175906735513855,1.0984620033785102
C3,2185.0,243377.24016543198,363807.79002992326,6.050000190734863,3.284559052031078,1.1232761769795871,3.1341035411296136,1.106671188089085,2.9886299214051597,1.0890861210279421
C3,2190.0,243381.0995352946,363810.9689077541,5.59250020980835,3.247468024544654,1.1135540282068943,3.1010399634960666,1.0970927583551613,2.9596747663221104,1.0796598930780532
C3,2195.0,243384.95890515723,363814.14778558497,5.597499847412109,3.210706628821792,1.103931536679753,3.068273255050075,1.087612512669466,2.9309614147355005,1.070330289026377
C3,2200.0,243388.81827501985,363817.3266634158,5.800000190734863,3.1737873231605165,1.0941906275208457,3.035360125319631,1.0780155998773882,2.9021024763007883,1.0608858717151615
C3,2205.0,243392.67764488247,363820.5055412467,5.75,3.137030956626255,1.0834398213503014,3.0025873788307575,1.0674237190190297,2.87337198403578,1.0504622964358694
C3,2210.0,243396.5370147451,363823.68441907753,5.53000020980835,3.100253335590816,1.072159905529933,2.9697907696465804,1.0563105501490526,2.8446132389905814,1.0395257164406106
C3,2215.0,243400.3963846077,363826.8632969084,5.65500020980835,3.0633119658333166,1.0607411973014105,2.936842996186055,1.0450606405893184,2.8157046504997956,1.0284545685728006
C3,2220.0,243404.25575447033,363830.04217473924,5.440000057220459,3.0262186212539715,1.0491904556128089,2.903754710200494,1.033680649372796,2.78665554563093,1.0172554060530028
C3,2225.0,243408.11512433292,363833.22105257015,5.507500171661377,2.9898581345569077,1.0380277366454065,2.8713259459346805,1.0226829448767385,2.7581663719762317,1.006432455696306
C3,2230.0,243411.97449419554,363836.399930401,5.920000076293945,2.9536785170547075,1.0259917450619302,2.8390545545747266,1.0108248770405233,2.72981481715987,0.9947628132210296
C3,2235.0,243415.83386405816,363839.57880823186,5.920000076293945,2.9176662953990395,1.013106811778943,2.8069287253178814,0.9981304171054985,2.7015895312169333,0.9822700689641559
C3,2240.0,243419.69323392079,363842.7576860627,8.322500228881836,2.8815320337109998,1.0001159298222306,2.774688905859387,0.9853315746979966,2.673246487147666,0.9696746008781292
C3,2245.0,243423.5526037834,363845.93656389357,8.34749984741211,2.845275731990587,0.9870190991917925,2.742335096199242,0.9724283498180173,2.644785684952069,0.9569764089629488
C3,2250.0,243427.41197364603,363849.1154417244,7.605000019073486,2.8088973902378007,0.9738163198876291,2.7098672963374484,0.9594207424655609,2.616207124630142,0.944175493218615
C3,2255.0,243431.27134350865,363852.2943195553,6.835000038146973,2.7734502826299647,0.9604442989477346,2.67823430459893,0.9462463953157837,2.588355253795961,0.9312104871816621
C3,2260.0,243435.13071337127,363855.47319738613,6.427499771118164,2.7387636833825297,0.9459944208121668,2.6472807114781536,0.9320101245467249,2.561104483424111,0.91720043155111
C3,2265.0,243438.99008323386,363858.652075217,6.170000076293945,2.7040214104652036,0.931504581069885,2.6162722058403434,0.9177344829090541,2.533787359617854,0.9031516306572492
C3,2270.0,243442.84945309648,363861.83095304784,6.072500228881836,2.669223463877463,0.9169747797206729,2.585208787685033,0.9034194704025574,2.506403882376776,0.8890640844998695
C3,2275.0,243446.7088229591,363865.0098308787,5.78249979019165,2.634369843619569,0.9024050167646386,2.554090457012455,0.8890650870273417,2.4789540517010833,0.8749377930790759
C3,2280.0,243450.56819282172,363868.18870870955,5.664999961853027,2.599617216290996,0.8874630322626755,2.523057992043432,0.8743439845238283,2.451566437039945,0.8604506097174358
C3,2285.0,243454.42756268434,363871.3675865404,5.637499809265137,2.5662799624900723,0.8709945833558941,2.4932933309402943,0.8581189827913879,2.4253046174869226,0.844483424169695
C3,2290.0,243458.28693254697,363874.54646437126,5.605000019073486,2.5336913756130754,0.8551545207945905,2.464197043233666,0.8425130781944286,2.399614461907459,0.8291254982693382
C3,2295.0,243462.1463024096,363877.7253422021,5.597499847412109,2.5011389453462494,0.839398916855608,2.4351275995843054,0.8269903836982653,2.3739297442667833,0.8138494602566231
C3,2300.0,243466.0056722722,363880.904220033,5.71999979019165,2.4686226716895945,0.8237277715389464,2.406084999992213,0.8115508993028977,2.348250464564894,0.7986553101315497
C3,2305.0,243469.8650421348,363884.0830978638,5.672500133514404,2.436142554643358,0.8081410848447281,2.3770692444576094,0.7961946250084466,2.32257662280199,0.7835430478942366
C3,2310.0,243473.72441199742,363887.26197569474,5.849999904632568,2.4052126936403173,0.7900641020792851,2.349439730110956,0.7783848677965614,2.298135107694676,0.7660162887202046
C3,2315.0,243477.58378186004,363890.4408535256,6.027500152587891,2.3745997326306303,0.7722210612035836,2.3220894569737434,0.7608055941953543,2.273923256615833,0.7487163507593917
C3,2320.0,243481.44315172266,363893.61973135645,6.477499961853027,2.3452393571662253,0.7555374941239723,2.2958599740963175,0.7443686543049117,2.2506885473182376,0.7325405947628132
C3,2325.0,243485.30252158528,363896.7986091873,6.474999904632568,2.316005461079528,0.7390989815976813,2.269737767556151,0.7281731464142056,2.227530703236736,0.7166024343979989
C3,2330.0,243489.1618914479,363899.97748701816,6.102499961853027,2.28689804437054,0.7229055236247104,2.243722837353245,0.7122190705232354,2.2044497243713295,0.7009018696649484
C3,2335.0,243493.02126131053,363903.156364849,4.59250020980835,2.259762808993966,0.7045330146678973,2.2194705348363044,0.6941181557777187,2.182929167199065,0.683088579466755
C3,2340.0,243496.88063117315,363906.33524267987,5.297500133514404,2.2332895922802325,0.6858022310055844,2.1958058786644306,0.6756642625731986,2.1619155302702406,0.6649279196570026
C3,2345.0,243500.74000103577,363909.5141205107,4.837500095367432,2.2069692567239816,0.667394048117422,2.172272247146585,0.6575282012512692,2.140999524576745,0.64708004136346
C3,2350.0,243504.59937089836,363912.6929983416,4.454999923706055,2.1817414051213784,0.6501158975204062,2.1497166805054695,0.6405054673583694,2.120942973052286,0.6303277996638508
C3,2355.0,243508.45874076098,363915.87187617243,4.299561977386475,2.1568261903895998,0.6333452222266742,2.1274359944293013,0.623982706943328,2.1011150824941147,0.6140675868355852
C3,2360.0,243512.3181106236,363919.0507540033,4.317500114440918,2.134091220262825,0.6143849934821507,2.107103194199188,0.6053027604610326,2.0830103441177883,0.5956844657472287
C3,2365.0,243516.17748048622,363922.22963183414,6.21750020980835,2.112806664194417,0.5943395623514044,2.0880645439178385,0.5855536537502598,2.066045412341042,0.5762491734461761
C3,2370.0,243520.03685034884,363925.408509665,5.542500019073486,2.0916058465878606,0.5749693568808741,2.0690952149098347,0.5664697910808931,2.049125844339569,0.5574685544215316
C3,2375.0,243523.89622021146,363928.58738749585,5.146774768829346,2.0704887674431567,0.5562743770705596,2.0501952071751766,0.5480511724529322,2.032251640113368,0.5393426086732953
C3,2380.0,243527.75559007408,363931.7662653267,4.497499942779541,2.0499293978351814,0.5387274453626104,2.031793413375512,0.5307636307439294,2.015814766972086,0.522329766968548
C3,2385.0,243531.6149599367,363934.94514315756,4.425000190734863,2.03183033898517,0.5212353697088372,2.0155940352731676,0.5135301341717962,2.0013397679040343,0.5053701116203765
C3,2390.0,243535.4743297993,363938.1240209884,4.715000152587891,2.0164003234137904,0.502637240798494,2.0017813129766884,0.49520693473183364,1.9889861674237785,0.4873380688438055
C3,2395.0,243539.33369966192,363941.30289881927,3.9825000762939453,2.000766931114367,0.4841570728732299,1.9877810669724494,0.47699995250198335,1.9764508922621085,0.4694203965793984
C3,2400.0,243543.19306952454,363944.4817766502,4.149499893188477,1.98493016208713,0.4657948659333658,1.9735932972606567,0.45890918748256154,1.9637339424192093,0.45161709482746637
C3,2405.0,243547.05243938716,363947.66065448103,3.884999990463257,1.9688900163319174,0.44755061997864365,1.959218003841165,0.44093463967331387,1.950835317894949,0.43392816358775904
C3,2410.0,243550.91180924978,363950.8395323119,3.7225000858306885,,,,,,
C3,2415.0,243554.7711791124,363954.01841014274,3.490000009536743,,,,,,
C3,2420.0,243558.63054897502,363957.1972879736,3.3350000381469727,,,,,,
C3,2425.0,243562.48991883764,363960.37616580445,3.4124999046325684,,,,,,
C3,2430.0,243566.34928870024,363963.5550436353,3.3640689849853516,,,,,,
C3,2435.0,243570.20865856286,363966.73392146616,3.244999885559082,,,,,,
C3,2440.0,243574.06802842548,363969.912799297,3.0799999237060547,,,,,,
C3,2445.0,243577.9273982881,363973.0916771279,2.827500104904175,,,,,,
C3,2450.0,243581.78676815072,363976.2705549587,2.1549999713897705,,,,,,
C3,2455.0,243585.64613801334,363979.4494327896,1.774999976158142,,,,,,
C3,2460.0,243589.50550787596,363982.62831062044,1.875,,,,,,
C3,2465.0,243593.36487773858,363985.8071884513,1.3274999856948853,,,,,,
C3,2470.0,243597.2242476012,363988.98606628214,1.3650000095367432,,,,,,
C3,2475.0,243601.0836174638,363992.164944113,1.4674999713897705,,,,,,
C3,2480.0,243604.94298732642,363995.34382194385,1.3949999809265137,,,,,,
C3,2485.0,243608.80235718904,363998.52269977477,0.9825000166893005,,,,,,
C3,2490.0,243612.66172705166,364001.7015776056,1.2975000143051147,,,,,,
C3,2495.0,243616.52109691428,364004.8804554365,1.1799999475479126,,,,,,
C3,2500.0,243620.3804667769,364008.05933326733,1.2274999618530273,,,,,,
C3,2505.0,243624.23983663952,364011.2382110982,1.097499966621399,,,,,,
C3,2510.0,243628.09920650214,364014.41708892904,1.0499999523162842,,,,,,
C3,2515.0,243631.95857636473,364017.5959667599,1.0399999618530273,,,,,,
C3,2520.0,243635.81794622735,364020.77484459075,0.9950000047683716,,,,,,
C3,2525.0,243639.67731608998,364023.9537224216,0.9350000023841858,,,,,,
C3,2530.0,243643.5366859526,364027.13260025246,0.9200000166893005,,,,,,
C3,2535.0,243647.39605581522,364030.3114780833,0.9125000238418579,,,,,,
C3,2540.0,243651.25542567784,364033.49035591417,0.8650000095367432,,,,,,
C3,2545.0,243655.11479554046,364036.669233745,0.8475000262260437,,,,,,
C3,2550.0,243658.97416540308,364039.8481115759,0.8025000095367432,,,,,,
C3,2555.0,243662.83353526567,364043.02698940673,0.7900000214576721,,,,,,
C3,2560.0,243666.6929051283,364046.2058672376,0.7724999785423279,,,,,,
C3,2565.0,243670.5522749909,364049.38474506844,0.7450000047683716,,,,,,
C3,2570.0,243674.41164485354,364052.5636228993,0.7450000047683716,,,,,,
C3,2575.0,243678.27101471616,364055.7425007302,0.6417359709739685,,,,,,
C3,2580.0,243682.13038457878,364058.92137856106,0.6027699708938599,,,,,,
C3,2585.0,243685.9897544414,364062.1002563919,0.7189869284629822,,,,,,
C3,2590.0,243689.84912430402,364065.2791342228,0.5936188101768494,,,,,,
C3,2595.0,243693.70849416664,364068.4580120536,0.6725000143051147,,,,,,
C3,2600.0,243697.56786402923,364071.6368898845,0.6674469113349915,,,,,,
C3,2605.0,243701.42723389185,364074.81576771534,0.7077335119247437,,,,,,
C3,2610.0,243705.28660375447,364077.9946455462,0.733269989490509,,,,,,
C3,2615.0,243709.1459736171,364081.17352337705,0.6331918835639954,,,,,,
C3,2620.0,243713.00534347972,364084.3524012079,0.8025928139686584,,,,,,
C3,2625.0,243716.86471334234,364087.53127903875,2.075000047683716,,,,,,
C3,2630.0,243720.72408320496,364090.7101568696,2.242500066757202,,,,,,
C3,2635.0,243724.58345306758,364093.88903470046,2.4600000381469727,,,,,,
C3,2640.0,243728.44282293017,364097.0679125313,2.8575000762939453,,,,,,
C3,2645.0,243732.3021927928,364100.2467903622,3.007499933242798,,,,,,
C3,2650.0,243736.1615626554,364103.425668193,3.2074999809265137,,,,,,
C3,2655.0,243740.02093251803,364106.6045460239,3.119999885559082,,,,,,
C3,2660.0,243743.88030238065,364109.7834238548,3.134999990463257,,,,,,
C3,2665.0,243747.73967224327,364112.96230168565,3.0999999046325684,,,,,,
C4,0.0,242205.79781781702,362023.5136094489,1.6150000095367432,,,,,,
C4,5.0,242207.06048627896,362028.35154995654,2.2200000286102295,,,,,,
C4,10.0,242208.32315474088,362033.18949046417,2.677500009536743,,,,,,
C4,15.0,242209.58582320283,362038.02743097174,3.869999885559082,,,,,,
C4,20.0,242210.84849166474,362042.86537147936,3.819999933242798,1.9124413462745846,0.449068107297526,1.8978623041644909,0.4424296945207325,1.8880481008694403,0.4353994619304972
C4,25.0,242212.1111601267,362047.703311987,3.8125,1.921763634063677,0.47724823078446754,1.9035479717767052,0.47019324134750384,1.8912873861244455,0.46272184444622105
C4,30.0,242213.37382858864,362052.5412524946,3.892796039581299,1.9311612383982328,0.5079269959127847,1.9091978170424975,0.5004184932924074,1.8944340578764258,0.4924668154480516
C4,35.0,242214.63649705055,362057.37919300224,4.472499847412109,1.940630785818419,0.5398104559189767,1.9148202934099525,0.5318306315429283,1.8975023054141036,0.5233798130656747
C4,40.0,242215.8991655125,362062.21713350987,5.973121166229248,1.9500852874883219,0.5713407253054932,1.9204255382046542,0.5628948002640616,1.9005504898837482,0.553950370409176
C4,45.0,242217.16183397445,362067.05507401744,6.079999923706055,1.9595247434078151,0.6025178040719044,1.9260135514265273,0.5936109994553842,1.903578611285319,0.5841784874781393
C4,50.0,242218.42450243636,362071.89301452506,5.927499771118164,1.9690421043969648,0.6318436981297826,1.9316056836892312,0.6225033793379292,1.906574000764791,0.6126117658290646
C4,55.0,242219.6871708983,362076.7309550327,7.917500019073486,1.9786908474122376,0.6585162041934846,1.937216268726511,0.6487815953095675,1.9095322670040842,0.6384724194797233
C4,60.0,242220.94983936023,362081.5688955403,9.145000457763672,1.9883271695719642,0.6848789370141214,1.9428131723069821,0.674754617304911,1.9124742774729897,0.6640327287034287
C4,65.0,242222.21250782217,362086.40683604794,10.27750015258789,1.9979510708761965,0.7109318965918622,1.9483963944306741,0.7004224453241267,1.9154000321715212,0.6892926935003452
C4,70.0,242223.47517628412,362091.24477655557,11.047499656677246,2.0076282608288483,0.7358762772580267,1.9539878443017917,0.7249980821562836,1.9183115406537352,0.7134778220892168
C4,75.0,242224.73784474604,362096.08271706314,9.9375,2.0174836835602665,0.7582685684261843,1.959630270566026,0.7470593561143088,1.9212140929522912,0.735188541170578
C4,80.0,242226.00051320798,362100.92065757076,10.170000076293945,2.02732823957542,0.7804521144068541,1.96526126605161,0.7689149706900973,1.9241027736804486,0.7566968688087823
C4,85.0,242227.26318166993,362105.7585980784,10.65999984741211,2.0371619288741747,0.8024269151997242,1.9708808307584669,0.7905649258833409,1.9269775828381677,0.7780028050035271
C4,90.0,242228.52585013185,362110.596538586,10.397500038146973,2.0470179064695975,0.8239064362368808,1.9765021644091831,0.8117269228638914,1.9298429978198277,0.7988285366688567
C4,95.0,242229.7885185938,362115.43447909364,10.739999771118164,2.0570994231464885,0.84316776609019,1.9822069375199998,0.8307035193854121,1.9327274488326245,0.8175035940106234
C4,100.0,242231.0511870557,362120.2724196012,10.404999732971191,2.067102764106605,0.8620533107540359,1.9878601318973887,0.8493098858151663,1.9355687511320536,0.8358143042374799
C4,105.0,242232.31385551766,362125.11036010884,9.960000038146973,2.077084259238992,0.8807613755827475,1.9934971768371539,0.8677413960305429,1.9383935662231107,0.8539529367249808
C4,110.0,242233.5765239796,362129.94830061647,9.58750057220459,2.08705783776467,0.8993378442511495,1.999126689153015,0.8860432554244559,1.9412083283780222,0.8719639785498199
C4,115.0,242234.83919244152,362134.7862411241,9.350000381469727,2.097301655507202,0.9159464502819226,2.004873186569135,0.902406342388413,1.9440725998461725,0.8880670551470091
C4,120.0,242236.10186090347,362139.6241816317,8.207500457763672,2.107540552877435,0.9324254873953494,2.0106142951169663,0.9186417758058639,1.9469284933380862,0.9040445066196835
C4,125.0,242237.36452936538,362144.46212213935,8.202500343322754,2.117771525284051,0.9487949077692801,2.016348674088253,0.9347692129087692,1.9497753710236707,0.9199156778452882
C4,130.0,242238.62719782733,362149.3000626469,8.427499771118164,2.127994572726981,0.965054711403643,2.0220763234829544,0.9507886536970583,1.9526132329029018,0.9356805688237534
C4,135.0,242239.88986628928,362154.13800315454,7.36299991607666,2.1384610101041814,0.9798707144864752,2.027919490135213,0.9653856371196052,1.9555113061274159,0.9500456053635473
C4,140.0,242241.1525347512,362158.97594366217,6.552499771118164,2.1489619608434105,0.9943662454752467,2.0337772088303243,0.9796668858721324,1.9584128423279004,0.9640999242748809
C4,145.0,242242.41520321314,362163.8138841698,4.664999961853027,2.1594549098322684,1.0087681353137912,2.039628848769341,0.9938558777379753,1.961306191804516,0.9780634522666176
C4,150.0,242243.67787167509,362168.6518246774,4.357500076293945,2.1699398570707333,1.0230763840020605,2.045474409952252,1.0079526127170864,1.9641913545572596,0.9919361893387105
C4,155.0,242244.940540137,362173.489765185,4.122499942779541,2.1806377244797113,1.0363149224264174,2.0514285286658405,1.0209954505755023,1.9671404081454689,1.004771775774282
C4,160.0,242246.20320859895,362178.3277056926,4.054999828338623,2.191412719033102,1.0490930267152223,2.0574212440862847,1.0335846607310735,1.9701096495975758,1.0171609426765702
C4,165.0,242247.46587706087,362183.16564620024,3.8299999237060547,2.202179458257476,1.0617894394520522,2.063408332573916,1.0460933869515865,1.9730713194238607,1.0294709045380288
C4,170.0,242248.7285455228,362188.00358670787,3.547499895095825,2.212937942152879,1.0744041606369925,2.069389794128759,1.0585216292371262,1.9760254176243304,1.0417016613587404
C4,175.0,242249.99121398476,362192.8415272155,3.682499885559082,2.2238747764593274,1.0862300169863615,2.075467646537706,1.0701726681930592,1.9790409140979652,1.053167564654207
C4,180.0,242251.25388244668,362197.6794677231,3.547499895095825,2.234859942722078,1.0973557110801748,2.08157443495488,1.0811338951409704,1.9820737712496004,1.0639546170930267
C4,185.0,242252.51655090862,362202.5174082307,3.6600000858306885,2.245835941518766,1.1084145540275039,2.087676351427529,1.0920292591789225,1.9851001363039116,1.0746768531872095
C4,190.0,242253.77921937057,362207.3553487383,3.8499999046325684,2.2568032926781676,1.1194074719224476,2.0937736600691546,1.1028596727108966,1.9881201793084995,1.0853351708425858
C4,195.0,242255.04188783249,362212.19328924594,3.490000009536743,2.267910538346631,1.1298374258663508,2.0999511868503955,1.113135444386031,1.9911944402623156,1.095447659931239
C4,200.0,242256.30455629443,362217.0312297536,3.4124999046325684,2.279187712107394,1.1396064069864975,2.1062263837259745,1.122760014161627,1.9943354889917329,1.104919294754948
C4,205.0,242257.56722475635,362221.8691702612,3.240000009536743,2.2904555016640966,1.1493153499977133,2.112496966473235,1.1323254333501256,1.9974703686437916,1.1143327188976957
C4,210.0,242258.8298932183,362226.7071107688,3.115000009536743,2.3017139070167794,1.1589642549000667,2.1187629350921986,1.1418317019515944,2.0005990792184964,1.123687932359549
C4,215.0,242260.09256168024,362231.5450512764,3.1449999809265137,2.3130703284964165,1.1682291876180741,2.125088008866249,1.1509596744918191,2.003769124383806,1.1326708609057228
C4,220.0,242261.35523014216,362236.382991784,3.1500000953674316,2.3246456849807124,1.1767469188310369,2.13154417671504,1.1593514911388882,2.0070342534217613,1.1409293311170443
C4,225.0,242262.6178986041,362241.22093229165,3.127500057220459,2.3362107816000073,1.185209494341235,2.1379955887515036,1.167688967430167,2.0102932297502303,1.1491343244438672
C4,230.0,242263.88056706602,362246.0588727993,2.822499990463257,2.347765618354266,1.1936169141486106,2.1444422449756235,1.1759721033655983,2.013546053369208,1.1572858408861357
C4,235.0,242265.14323552797,362250.8968133069,2.805000066757202,2.359373883699002,1.2017929266721854,2.1509232615858944,1.1840272528281184,2.01682298433715,1.165212993573295
C4,240.0,242266.40590398991,362255.73475381447,2.7074999809265137,2.3712511782180856,1.2091417062129954,2.157571265550226,1.1912673979963961,2.0202266807357687,1.172338092430018
C4,245.0,242267.66857245183,362260.5726943221,2.740000009536743,2.383117207888578,1.2164395080451107,2.1642142496396213,1.198457319041165,2.0236241191011026,1.1794137652273629
C4,250.0,242268.93124091378,362265.4106348297,2.869999885559082,2.3949719727103846,1.2236863321685156,2.170852213854026,1.2055970159624099,2.0270152994331156,1.1864400119653142
C4,255.0,242270.19390937572,362270.24857533735,2.575000047683716,2.406822522521454,1.2308223456940128,2.177492068315797,1.2126275403590774,2.0304070218006975,1.1933588209362078
C4,260.0,242271.45657783764,362275.086515845,2.627500057220459,2.418932698566616,1.2369817325107013,2.184312743577098,1.2186958751693382,2.033948161580709,1.1993307295670215
C4,265.0,242272.7192462996,362279.9244563526,2.680000066757202,2.4310305649282813,1.243096555252287,2.191128723064404,1.2247203046792372,2.0374834775490056,1.2052594305551512
C4,270.0,242273.9819147615,362284.76239686017,2.7149999141693115,2.443116121606282,1.2491668139186638,2.197940006777623,1.2307008288886696,2.0410129697055432,1.211144923900493
C4,275.0,242275.24458322345,362289.6003373678,2.615000009536743,2.4551893686009234,1.2551925085099986,2.204746594716925,1.2366374477977993,2.0445366380504084,1.216987209603209
C4,280.0,242276.5072516854,362294.4382778754,2.740000009536743,2.467574784469957,1.260384875975281,2.211760999813701,1.2417530583569332,2.048229433634549,1.222021532824518
C4,285.0,242277.76992014732,362299.27621838305,2.4149999618530273,2.47997597163411,1.2654645187289797,2.21878941613059,1.2467576105734697,2.0519318433437532,1.2269465624265032
C4,290.0,242279.03258860926,362304.1141588907,2.177500009536743,2.49236366208254,1.2705025876327438,2.225812688574837,1.2517212035113858,2.055628099380081,1.2318312835950962
C4,295.0,242280.2952570712,362308.95209939824,2.760999917984009,2.5047378558150877,1.2754990826865014,2.232830817146351,1.256643837170611,2.0593182017434857,1.2366756963302261
C4,300.0,242281.55792553312,362313.79003990587,2.622499942779541,2.5173785008500196,1.2798062361318308,2.2400328938235035,1.2608873195111947,2.0631621694443387,1.2408517494991405
C4,305.0,242282.82059399507,362318.6279804135,2.9149999618530273,2.5300819292347407,1.2838953279477765,2.247281651614067,1.264915963749261,2.0670438721879307,1.2448163783549988
C4,310.0,242284.083262457,362323.4659209211,2.752500057220459,2.542770602401968,1.2879457754210095,2.254524753387336,1.2689065349100748,2.0709190235658705,1.2487435391169306
C4,315.0,242285.34593091893,362328.30386142875,2.4749999046325684,2.555444520351729,1.291957578551569,2.261762199143326,1.2728590329936735,2.0747876235781595,1.2526332317849738
C4,320.0,242286.60859938088,362333.1418019364,2.509999990463257,2.5683375139456968,1.295412443143492,2.269156953445246,1.2762628255613242,2.078791257457229,1.255982937898398
C4,325.0,242287.8712678428,362337.97974244395,2.4149999618530273,2.5813409068597837,1.2985513314923869,2.276633571408534,1.2793553128494328,2.082864408983758,1.2590262853905787
C4,330.0,242289.13393630474,362342.8176829516,2.367500066757202,2.5943282328242865,1.3016545769270977,2.2841039772168763,1.2824126841197754,2.0869305636120314,1.2620350748604792
C4,335.0,242290.39660476666,362347.6556234592,2.3924999237060547,2.607278797917046,1.3046999010740907,2.2915617516851134,1.2854129903320253,2.090987645360792,1.2649877060392505
C4,340.0,242291.6592732286,362352.4935639668,2.382499933242798,2.6203548613250516,1.307263728261387,2.2991340942266336,1.2879389173814584,2.0951532506888033,1.267473495966627
C4,345.0,242292.92194169055,362357.33150447445,2.369999885559082,2.6335895362313257,1.309420852914421,2.306826793669408,1.2900641540343407,2.0994245443812147,1.269564962490258
C4,350.0,242294.18461015247,362362.1694449821,2.1875,2.6468070711143525,1.3115459014790647,2.314513423437575,1.2921577887681448,2.103688869953113,1.271625329251072
C4,355.0,242295.44727861442,362367.00738548965,2.305000066757202,2.6600074659740014,1.3136388739553306,2.32219398353106,1.2942198215828828,2.1079462274044465,1.2736545962490806
C4,360.0,242296.70994707636,362371.8453259973,2.869999885559082,2.673329349067103,1.3154151306798554,2.329971701563521,1.2959698205412573,2.112290866546459,1.2753767876261501
C4,365.0,242297.97261553828,362376.6832665049,3.2114999294281006,2.686857997147134,1.316699779881401,2.337910354445181,1.2972354792343652,2.1167810183165825,1.2766223349318502
C4,370.0,242299.23528400023,362381.5212070125,3.737499952316284,2.7003681846282728,1.317955359040856,2.3458423549840224,1.2984724976173891,2.12126367108052,1.277839697023595
C4,375.0,242300.49795246214,362386.35914752015,4.900000095367432,2.7138599115104935,1.3191818681581933,2.35376770318003,1.2996808756903029,2.125738824838271,1.2790288739013589
C4,380.0,242301.7606209241,362391.1970880277,5.777500152587891,2.7274233606778178,1.3202013816666334,2.361756013561849,1.3006853180961735,2.1302715671538834,1.2800173556612315
C4,385.0,242303.02328938604,362396.03502853535,5.275000095367432,2.741241822194552,1.3206528199090974,2.36994905373341,1.3011300828890027,2.1349944538844094,1.280455053116628
C4,390.0,242304.28595784795,362400.872969043,4.400000095367432,2.7550405221143985,1.3210786221863993,2.378134888141464,1.3015495906839492,2.13970933581893,1.280867894909251
C4,395.0,242305.5486263099,362405.7109095506,5.019999980926514,2.7688194604373795,1.3214787884985637,2.386313516786027,1.301943841481037,2.1444162129574433,1.2812558810391232
C4,400.0,242306.81129477185,362410.5488500582,8.414999961853027,2.782620081460597,1.3217752514568182,2.3945181896499728,1.3022359219337056,2.1491468996001277,1.2815433203170619
C4,405.0,242308.07396323376,362415.38679056586,8.732500076293945,2.7967241203602087,1.3214382375964013,2.402975222859042,1.3019038900283364,2.154117953534908,1.2812165644172282
C4,410.0,242309.3366316957,362420.2247310734,7.6875,2.8108071498914473,1.3210795955361463,2.411424561656524,1.301550549645051,2.1590805596280056,1.2808688386323839
C4,415.0,242310.59930015763,362425.06267158105,7.9375,2.824841263427248,1.320661995729532,2.4198604537038477,1.3011391230666276,2.1640348240471834,1.2804639496452899
C4,420.0,242311.86196861957,362429.9006120887,6.534999847412109,2.8388237640872704,1.3201796719048877,2.428282708007805,1.3006639292621212,2.1689809208125768,1.279996306696901
C4,425.0,242313.12463708152,362434.7385525963,5.78000020980835,2.853143805642025,1.319036669407923,2.436997532902022,1.2995378233611747,2.1742119604404526,1.2788880946816792
C4,430.0,242314.38730554344,362439.57649310393,6.402500152587891,2.8674496115435315,1.3178600006768404,2.4457110693686364,1.298378548901976,2.1794404617167187,1.2777472411584507
C4,435.0,242315.64997400538,362444.4144336115,6.202499866485596,2.881733657896975,1.3166630574917255,2.454417026893914,1.297199299698728,2.18466027082283,1.276586730290973
C4,440.0,242316.9126424673,362449.2523741191,6.050000190734863,2.8959959447026806,1.315445839852527,2.463115405478047,1.2960000757513803,2.189871387758918,1.275406562079196
C4,445.0,242318.17531092925,362454.09031462675,4.105000019073486,2.910546761978373,1.3136956386682248,2.4720774822992526,1.2942757471635375,2.1953448207146176,1.2737096331690234
C4,450.0,242319.4379793912,362458.9282551344,2.755000114440918,2.925131618561413,1.311835610327151,2.4810812685940657,1.2924432149543963,2.2008588026782525,1.2719062199991447
C4,455.0,242320.7006478531,362463.766195642,2.509999990463257,2.9396937230931814,1.3099598159172063,2.4900771556961137,1.2905951497405257,2.2063637743105877,1.2700875206448508
C4,460.0,242321.96331631506,362468.60413614963,2.4075000286102295,2.95423307557369,1.3080682554384042,2.49906514360541,1.2887315515219397,2.2118597356116183,1.268253535106155
C4,465.0,242323.225984777,362473.4420766572,2.4000000953674316,2.9690121594611414,1.3057681105155634,2.5082856745824396,1.2864654088166252,2.2175916977172636,1.2660234015351315
C4,470.0,242324.48865323892,362478.2800171648,2.4024999141693115,2.983874262959618,1.3032975236709512,2.5175957029467826,1.2840313437713444,2.223413913680616,1.2636280139195133
C4,475.0,242325.75132170087,362483.11795767245,2.424999952316284,2.998712827786632,1.3008165738284143,2.526897703731567,1.2815870689206208,2.2292270082149406,1.261222578732831
C4,480.0,242327.01399016278,362487.9558981801,2.432499885559082,3.013527853942171,1.29832526098794,2.5361916769367827,1.279132584264442,2.2350309813202403,1.2588070959750741
C4,485.0,242328.27665862473,362492.7938386877,2.450000047683716,3.0285339622932366,1.2955438988259822,2.5456841130418453,1.2763923379818816,2.241040151091321,1.2561103923591568
C4,490.0,242329.53932708668,362497.63177919533,2.4749999046325684,3.043673152525259,1.2925526133355405,2.555319691642603,1.2734452715921198,2.2471971298927937,1.2532101550191064
C4,495.0,242330.8019955486,362502.4697197029,2.497499942779541,3.058755908233837,1.289475539857807,2.5649427895598675,1.2704136853881176,2.2533467889059233,1.2502267408893892
C4,500.0,242332.06466401054,362507.3076602105,2.512500047683716,3.073796338592612,1.2863404038656112,2.5745553479255117,1.2673248949869824,2.259487996091389,1.2471870315404299
C4,505.0,242333.3273324725,362512.14560071816,2.555000066757202,3.0889795793602346,1.283013992578741,2.584328400491434,1.2640476568452588,2.265797443307998,1.243961868896017
C4,510.0,242334.5900009344,362516.9835412258,2.5999999046325684,3.1043479709355335,1.2794549156038317,2.594305074113583,1.2605411924289252,2.2723206656974444,1.2405111223953138
C4,515.0,242335.85266939635,362521.8214817334,2.5899999141693115,3.119692603117121,1.2758889315137307,2.604274127334529,1.2570279230028063,2.2788347365558868,1.237053679016812
C4,520.0,242337.11533785827,362526.659422241,2.6575000286102295,3.1350134759048136,1.2723160403084772,2.6142355601541447,1.2535078485669409,2.2853396558832513,1.233589538760549
C4,525.0,242338.3780063202,362531.4973627486,2.8424999713897705,3.150428233972643,1.2686418771552612,2.624314582598732,1.2498879992500014,2.2919695652332965,1.2300272090516515
C4,530.0,242339.64067478216,362536.33530325623,2.8450000286102295,3.166081937242292,1.2647546757725978,2.634665764682593,1.2460582609713602,2.298890100817812,1.2262583255283896
C4,535.0,242340.90334324408,362541.17324376386,2.807499885559082,3.1817122512675793,1.2608672788214192,2.64500999790874,1.2422283300152226,2.305802265947691,1.2224892523892876
C4,540.0,242342.16601170602,362546.0111842715,3.0924999713897705,3.1973191760484996,1.2569796863017313,2.6553472822771806,1.2383982063815948,2.3127060606229244,1.218719989634352
C4,545.0,242343.42868016794,362550.8491247791,3.390000104904175,3.212970405096812,1.2530588157001872,2.665753386241487,1.2345352966040608,2.3196837621407944,1.2149184617091695
C4,550.0,242344.6913486299,362555.6870652867,3.7850000858306885,3.228916785048913,1.2489868215791615,2.676509105334903,1.2305234973118377,2.32704034686162,1.2109704101320111
C4,555.0,242345.95401709183,362560.5250057943,4.909999847412109,3.244840704244691,1.2449222527015926,2.687258959401942,1.22651901349836,2.3343898388799325,1.2070295577902324
C4,560.0,242347.21668555375,362565.36294630193,4.829999923706055,3.2607421626839534,1.2408651090675291,2.69800294844247,1.222521845163675,2.341732238195643,1.2030959046838796
C4,565.0,242348.4793540157,362570.20088680956,5.162499904632568,3.276637413920267,1.2368131136533893,2.7087601775113193,1.2185297489446254,2.349088546643665,1.199167243096961
C4,570.0,242349.74202247764,362575.0388273172,6.497499942779541,3.2928861875695983,1.2327202927844814,2.719953318075824,1.2144974307788636,2.356923478299527,1.1951989986923142
C4,575.0,242351.00469093956,362579.87676782475,6.454999923706055,3.3090794208764347,1.2284485724757634,2.7311356078621887,1.2102888577795545,2.364751642957923,1.1910573001532787
C4,580.0,242352.2673594015,362584.7147083324,8.114999771118164,3.3252435490865526,1.2241274379813414,2.74231156228506,1.2060316010667282,2.3725732652332105,1.186867691487656
C4,585.0,242353.53002786342,362589.55264884,10.7475004196167,3.3413875423742567,1.219805134014637,2.7534828103480082,1.2017731921695085,2.3803886228866626,1.182676948945914
C4,590.0,242354.79269632537,362594.39058934763,12.319999694824219,3.357872753710041,1.2155669398137958,2.76509360081829,1.1975976496736465,2.3886917354125967,1.1785677560537788
C4,595.0,242356.05536478732,362599.22852985526,13.489999771118164,3.3743771974892427,1.211343425613035,2.7767470636814284,1.193436570168688,2.3970414498146226,1.1744727963348134
C4,600.0,242357.31803324923,362604.0664703629,13.3100004196167,3.3908641795421497,1.2071262495302988,2.788398037553488,1.189281735087628,2.4053875538354914,1.1703839818155015
C4,605.0,242358.58070171118,362608.90441087045,12.649999618530273,3.4073336998685537,1.2029154115656304,2.8000465224343376,1.185133144430509,2.413730047475092,1.1663013124958859
C4,610.0,242359.84337017313,362613.7423513781,11.140000343322754,3.4240967442822896,1.1989006179193094,2.8120913412862514,1.1811777000388841,2.4225174225881805,1.1624087203368059
C4,615.0,242361.10603863504,362618.5802918857,10.587499618530273,3.4409364283231296,1.1949545730366193,2.8242527935055,1.1772899881225725,2.4314353811842935,1.158582784380219
C4,620.0,242362.368707097,362623.41823239333,10.432499885559082,3.4577621001710206,1.1910226172644842,2.8364144240018017,1.1734161570425465,2.4403529951625633,1.1547705086926539
C4,625.0,242363.6313755589,362628.25617290096,10.554499626159668,3.4745737598259785,1.187104750602907,2.8485762327751543,1.1695562067988097,2.449270264523002,1.150971893274113
C4,630.0,242364.89404402085,362633.0941134086,9.531499862670898,3.4916279705238833,1.1834512445620757,2.8610805148151623,1.1659567092275651,2.458576703430143,1.1474295919205366
C4,635.0,242366.1567124828,362637.93205391616,9.300000190734863,3.5088161182579896,1.1799588467628883,2.873780264164938,1.1625159382926045,2.4681053287290533,1.1440434950281186
C4,640.0,242367.41938094472,362642.7699944238,9.417499542236328,3.5259943420526825,1.176487817306198,2.8864830868029894,1.1590962198195962,2.4776372722922915,1.140678116072856
C4,645.0,242368.68204940666,362647.6079349314,9.849742889404297,3.543162641907746,1.1730381561920435,2.899188982729173,1.1556975538085799,2.4871725341197326,1.1373334550547864
C4,650.0,242369.94471786858,362652.44587543904,8.595000267028809,3.560519363997253,1.1698709263828153,2.912172828966279,1.1525771440217927,2.497028229266082,1.1342626287539856
C4,655.0,242371.20738633053,362657.28381594666,6.760263919830322,3.5780361409742216,1.166610059785134,2.9254283782157318,1.1493644816456157,2.507199834546868,1.1311010157625987
C4,660.0,242372.47005479247,362662.12175645423,5.262499809265137,3.595549872359812,1.163346621646644,2.938692651983232,1.1461492857427953,2.517380835301658,1.1279369095024485
C4,665.0,242373.7327232544,362666.95969696186,5.09499979019165,3.6130618932856486,1.1600974877827301,2.951965821942502,1.1429481826595902,2.527571300510641,1.1247866721262223
C4,670.0,242374.99539171634,362671.7976374695,5.289999961853027,3.6307114242870466,1.157089922400861,2.9654482997443825,1.1399850770381894,2.5380062897476936,1.1218706504188256
C4,675.0,242376.25806017828,362676.6355779771,5.795000076293945,3.6485986866139415,1.1544865069121708,2.979281274706789,1.1374201469070317,2.5488517194627174,1.1193464771708697
C4,680.0,242377.5207286402,362681.47351848474,5.204999923706055,3.6664900439202284,1.151905384895454,2.9931270090785946,1.134877180691446,2.5597116081322984,1.116843918830639
C4,685.0,242378.78339710215,362686.31145899236,5.357500076293945,3.6843854962058997,1.1493465563506933,3.0069855028598083,1.132356178391416,2.5705859557564303,1.1143629753981177
C4,690.0,242380.04606556406,362691.14939949993,5.909999847412109,3.7023664148261464,1.1469661515025409,3.0209791010054765,1.130010962214473,2.581621469300158,1.112055024837359
C4,695.0,242381.308734026,362695.98734000756,6.457499980926514,3.7206158560826723,1.145112741884351,3.035379845689592,1.1281849508859962,2.593144772590357,1.110258028930995
C4,700.0,242382.57140248796,362700.8252805152,6.769999980926514,3.7388747230797037,1.143287546706322,3.049796209566837,1.1263867369137295,2.6046866284323325,1.108488388679296
C4,705.0,242383.83407094987,362705.6632210228,6.9375,3.757143015817249,1.1414905659684604,3.064228192637207,1.1246163202976789,2.6162470368260866,1.106746104082269
C4,710.0,242385.09673941182,362710.50116153044,5.847499847412109,3.7754511294061546,1.139788297761416,3.078724207030719,1.1229392161110674,2.6278859173623346,1.1050956491749604
C4,715.0,242386.35940787374,362715.33910203807,5.432499885559082,3.794034045663503,1.138691402806462,3.093655457887662,1.1218585361608597,2.6400632515896882,1.10403214128959
C4,720.0,242387.62207633568,362720.17704254563,6.197500228881836,3.8126306540833914,1.1376258403827386,3.10860356944953,1.1208087255643095,2.652261656750653,1.1029990122421214
C4,725.0,242388.88474479763,362725.01498305326,5.284999847412109,3.831240954666278,1.1365916104902316,3.1235685417166743,1.1197897843214037,2.664481132845527,1.1019962620325416
C4,730.0,242390.14741325955,362729.8529235609,5.054999828338623,3.849866770244251,1.1355382751015195,3.1385556017322536,1.118752020011991,2.6767267167590676,1.1009749878560344
C4,735.0,242391.4100817215,362734.6908640685,4.269999980926514,3.8687469977566797,1.1346868512782704,3.1539888494466664,1.1179131824817765,2.689536628573664,1.1001494795010844
C4,740.0,242392.67275018344,362739.52880457614,4.25,3.887659371982483,1.1338930594107375,3.1694601782398393,1.1171311249547444,2.70239331818118,1.099379848911891
C4,745.0,242393.93541864536,362744.3667450837,4.692500114440918,3.9065969719497793,1.1331397354731176,3.1849575269275205,1.1163889371347295,2.7152811195326403,1.0986494544978413
C4,750.0,242395.1980871073,362749.20468559134,4.547500133514404,3.925559797659022,1.1324268794653807,3.2004808955100885,1.1156866190217025,2.728200032628357,1.0979582962589058
C4,755.0,242396.46075556922,362754.04262609896,4.347499847412109,3.944672145702074,1.1321229796413996,3.21628606825044,1.1153872116398267,2.7415107018936813,1.097663646477075
C4,760.0,242397.72342403117,362758.8805666066,4.320000171661377,3.963834927349884,1.1319329479829126,3.2321648665617264,1.1151999891511895,2.754921839928244,1.0974793989642564
C4,765.0,242398.9860924931,362763.7185071142,4.34499979019165,3.983023757061421,1.1317843722204484,3.24806672628947,1.1150536097309312,2.768362353696815,1.0973353455211767
C4,770.0,242400.24876095503,362768.55644762184,4.215000152587891,4.002238634836685,1.1316772523540182,3.263991647433659,1.114948073379062,2.7818322431993883,1.097231486147846
C4,775.0,242401.51142941698,362773.3943881294,4.132500171661377,4.021520327669432,1.1318029064464625,3.280080702697889,1.1150718699721107,2.795563955421031,1.0973533156061155
C4,780.0,242402.77409787892,362778.23232863704,4.472499847412109,4.040843869861924,1.1320493870645532,3.296247645989129,1.1153147069556075,2.809419642912819,1.0975922938963727
C4,785.0,242404.03676634084,362783.07026914466,5.222499847412109,4.060191654854149,1.1323349818278827,3.3124315761873397,1.1155960798739617,2.8232997054554225,1.0978691957833275
C4,790.0,242405.2994348028,362787.9082096523,5.25,4.079563682646106,1.1326596907364332,3.3286324932925426,1.1159159887271544,2.837204143048848,1.0981840212669618
C4,795.0,242406.5621032647,362792.7461501599,6.534999847412109,4.098940850129802,1.1330705263029597,3.344903073518965,1.1163207510588247,2.8512613961665334,1.0985823519025568
C4,800.0,242407.82477172665,362797.5840906675,7.309999942779541,4.118324433202304,1.1335526761804684,3.361223857003538,1.116795773487592,2.8654346533213753,1.0990498261983779
C4,805.0,242409.0874401886,362802.4220311751,8.104999542236328,4.137728079459239,1.1340693344126203,3.377552814031811,1.117304794146371,2.87962436737738,1.0995507584904352
C4,810.0,242410.3501086505,362807.25997168274,7.485000133514404,4.157177722621843,1.1345314420065158,3.3939290193099185,1.1177600705694162,2.893868748299442,1.0999988005456696
C4,815.0,242411.61277711246,362812.09791219037,6.485000133514404,4.176668689056727,1.1347590190761037,3.4104177737226675,1.1179842834487885,2.9082902610360706,1.1002194506698588
C4,820.0,242412.87544557438,362816.935852698,5.892499923706055,4.1961144231542935,1.134970708549265,3.4269098529910447,1.1181928435923763,2.9228003409073384,1.100424696781109
C4,825.0,242414.13811403632,362821.7737932056,5.602499961853027,4.215579388456976,1.1352264465048734,3.4434059195330877,1.118444801065491,2.937323233188513,1.1006726506358937
C4,830.0,242415.40078249827,362826.6117337132,5.869999885559082,4.235063584964534,1.135526232942932,3.4599059733485897,1.1187401558681367,2.951858937879412,1.100963312234217
C4,835.0,242416.6634509602,362831.4496742208,5.570000171661377,4.254510640331406,1.135782994451712,3.476382339407683,1.1189931217636035,2.9664204533540994,1.1012122584874657
C4,840.0,242417.92611942213,362836.28761472844,5.952499866485596,4.273838677056201,1.1358753625338953,3.492788082209498,1.1190841244015461,2.981015569992838,1.1013018150884073
C4,845.0,242419.18878788408,362841.12555523607,5.324999809265137,4.293175953057578,1.1360041944795156,3.5091825361733777,1.1192110518707086,2.9956087383695635,1.1014267256729924
C4,850.0,242420.451456346,362845.9634957437,5.309999942779541,4.31252246833554,1.1361694902885826,3.5255657012993105,1.119373904171101,3.0101999584842685,1.1015869902412307
C4,855.0,242421.71412480794,362850.8014362513,4.880000114440918,4.33183968546906,1.136296724470326,3.541913255036885,1.1194992574955571,3.024787253263727,1.101710351694357
C4,860.0,242422.97679326986,362855.6393767589,4.672500133514404,4.350965797479848,1.1360807730112794,3.5581176825243674,1.1192864983694795,3.0393534941225004,1.1015009733226928
C4,865.0,242424.2394617318,362860.4773172665,4.752500057220459,4.370090429856017,1.1358939156507228,3.5742948048865957,1.1191024032542676,3.0539020909204337,1.1013198034891594
C4,870.0,242425.50213019375,362865.31525777414,4.815000057220459,4.389213582597337,1.135736152388664,3.5904446221233712,1.1189469721499288,3.0684330436573504,1.1011668421937635
C4,875.0,242426.76479865567,362870.15319828177,4.889999866485596,4.408327479255896,1.1355890396034805,3.6065619486879523,1.1188020340802851,3.0829453716962885,1.101024207198155
C4,880.0,242428.02746711762,362874.9911387894,5.017499923706055,4.427196568904001,1.1349035820257654,3.6224851973303913,1.118126709376119,3.097401934878219,1.1003596134413003
C4,885.0,242429.29013557956,362879.82907929696,5.15500020980835,4.446053464777628,1.1342405491146517,3.638365242581169,1.1174734778427506,3.1118250866675643,1.0997167617935237
C4,890.0,242430.55280404148,362884.6670198046,5.125,4.4649519545170895,1.1335057010934295,3.6542839409387766,1.1167494928162915,3.1262956890191345,1.0990042809296177
C4,895.0,242431.81547250343,362889.5049603122,5.102499961853027,4.483904592810538,1.1326779678848855,3.6702620704284574,1.1159339956909249,3.1408342104766183,1.0982017420991728
C4,900.0,242433.07814096534,362894.34290081984,5.412499904632568,4.502632615361813,1.1312574721313309,3.686058320400368,1.1145344986166754,3.155316830971259,1.0968244831116871
C4,905.0,242434.3408094273,362899.18084132747,5.0625,4.521308696524063,1.1297884022663631,3.701775177187999,1.1130871454846822,3.1697430275660117,1.095400128501891
C4,910.0,242435.60347788924,362904.0187818351,4.922500133514404,4.539955961110275,1.1283413606902775,3.717427120908061,1.111661495005277,3.1841140304036513,1.0939971316883192
C4,915.0,242436.86614635115,362908.85672234267,5.007500171661377,4.558574409120222,1.1269163474030979,3.733014151560362,1.1102575471784824,3.198429839484003,1.0926154926709946
C4,920.0,242438.1288148131,362913.6946628503,5.137499809265137,4.577026502981557,1.1249171937614002,3.748468599511792,1.1082879463081352,3.2127182113329984,1.0906771888686058
C4,925.0,242439.39148327502,362918.5326033579,5.335000038146973,4.595397053154835,1.1227486931765036,3.763822472494463,1.1061515018897203,3.2269450664615,1.0885746926714566
C4,930.0,242440.65415173696,362923.37054386555,5.159999847412109,4.613727256982231,1.1205944001917711,3.7790947376056288,1.104029055045611,3.24109981783921,1.086485971626375
C4,935.0,242441.9168201989,362928.2084843732,5.289999961853027,4.632017114463733,1.1184543148072157,3.7942853948452764,1.1019206057758197,3.25518246546612,1.0844110257333732
C4,940.0,242443.17948866083,362933.04642488074,5.275000095367432,4.650207333265884,1.115794277134383,3.8094035947313802,1.0992998904859665,3.2692773405415325,1.0818319537560095
C4,945.0,242444.44215712277,362937.88436538837,5.002500057220459,4.668314111400763,1.112827878111506,3.8244333418212957,1.0963773426760413,3.2833371625586456,1.0789558453941939
C4,950.0,242445.70482558472,362942.722305896,4.832499980926514,4.686370447812583,1.1098677775414623,3.8393664768985154,1.0934610002111798,3.2973094888831422,1.076085843774162
C4,955.0,242446.96749404664,362947.5602464036,4.912499904632568,4.704376342501343,1.1069139754242632,3.8542029999630314,1.0905508630913934,3.311194319515019,1.0732219488959247
C4,960.0,242448.23016250858,362952.39818691125,4.909999847412109,4.722342011614277,1.1035188002693708,3.869019005580125,1.087205877593246,3.3251237426698736,1.0699301154043712
C4,965.0,242449.4928309705,362957.2361274189,5.227499961853027,4.74026106941435,1.0996678568817637,3.883805720368806,1.0834118613207218,3.339089546339838,1.0661963862625519
C4,970.0,242450.75549943245,362962.07406792644,4.847499847412109,4.758158503310543,1.0957044570004442,3.8985626982874306,1.0795070509585025,3.3530342896481646,1.0623536235553175
C4,975.0,242452.0181678944,362966.91200843407,4.787499904632568,4.776011832785384,1.0916645109718661,3.9132528746152864,1.0755268260032689,3.3669208958780446,1.058436644597169
C4,980.0,242453.2808363563,362971.7499489417,4.977499961853027,4.7938500702178,1.0872765478481046,3.9279354693451674,1.0712037285647649,3.3808468047304476,1.0541822414186799
C4,985.0,242454.54350481826,362976.5878894493,5.022500038146973,4.811710944403306,1.0822679909040234,3.9426901285572535,1.0662692113218326,3.394920446436878,1.0493261339306406
C4,990.0,242455.8061732802,362981.42582995695,5.357500076293945,4.829491567344482,1.0772439041231285,3.957308236468998,1.061319393814095,3.408865415621751,1.0444549692998593
C4,995.0,242457.06884174212,362986.2637704646,5.744999885559082,4.847191939041328,1.0722042875054358,3.971789793080402,1.0563542760415685,3.4226817122850717,1.0395687475263515
C4,1000.0,242458.33151020407,362991.10171097214,5.307499885559082,4.864882456594233,1.0669192434760202,3.986250543243939,1.0511473589227323,3.4365074701457985,1.0344445686116668
C4,1005.0,242459.59417866598,362995.93965147977,8.292499542236328,4.882726829598884,1.0608287598410393,4.0009596501416,1.0451469087231784,3.4506648727547766,1.0285394659012848
C4,1010.0,242460.85684712793,363000.7775919874,8.332500457763672,4.900483407627211,1.0547060345807069,4.015519797108194,1.0391146935146582,3.4646803502607018,1.0226031029297047
C4,1015.0,242462.11951558987,363005.615532495,7.772500038146973,4.918152190679216,1.0485510676950396,4.029930984143723,1.0330507132971882,3.478553902663578,1.0166354796969432
C4,1020.0,242463.3821840518,363010.45347300265,7.159999847412109,4.935777160863518,1.0422628330295782,4.044259681594889,1.026855435349721,3.4923605028436016,1.010538645062455
C4,1025.0,242464.64485251374,363015.2914135102,7.360000133514404,4.953735461980349,1.0349528209907537,4.059075103628377,1.0196534845973768,3.506742563068591,1.0034511337102423
C4,1030.0,242465.90752097566,363020.12935401784,8.292499542236328,4.971598431921366,1.027587252369934,4.073728777629543,1.012396798536066,3.520968982428762,0.9963097567961829
C4,1035.0,242467.1701894376,363024.9672945255,7.574999809265137,4.989366070686324,1.0201661271671594,4.088220703598166,1.0050853771658284,3.535039760923898,0.9891145143203154
C4,1040.0,242468.43285789955,363029.8052350331,7.150000095367432,5.007038378275236,1.0126894453824478,4.102550881534264,0.997719220486681,3.5489548985540167,0.9818654062826573
C4,1045.0,242469.69552636147,363034.6431755407,7.144999980926514,5.02521562473605,1.0040210608211362,4.117591147697247,0.9891789775457189,3.5636657601086825,0.9734608682795287
C4,1050.0,242470.9581948234,363039.48111604835,7.179999828338623,5.043299985334995,0.995103685930018,4.132544971922073,0.9803934250097038,3.578300421747998,0.964814918664528
C4,1055.0,242472.22086328536,363044.3190565559,7.125,5.061267825328873,0.9860639658581717,4.147332321618421,0.9714873358778925,3.5927740889778166,0.9560503477869774
C4,1060.0,242473.48353174728,363049.15699706355,6.929999828338623,5.079122622322607,0.9769381866593618,4.161935433097788,0.9624964598003299,3.6070684148032672,0.947202337232984
C4,1065.0,242474.74620020922,363053.9949375712,6.715000152587891,5.097510926513683,0.9666465782380408,4.177278055983469,0.9523569885355724,3.6221697677607603,0.9372239827335367
C4,1070.0,242476.00886867114,363058.8328780788,7.050000190734863,5.115914123576839,0.9559923446651122,4.1926161312602765,0.9418602526767821,3.6372837611360564,0.9268940405944298
C4,1075.0,242477.27153713309,363063.6708185864,7.514999866485596,5.134194968895411,0.9451986872989989,4.2077532771073045,0.9312261540767434,3.6522007113611403,0.9164289184157125
C4,1080.0,242478.53420559503,363068.508759094,7.237500190734863,5.152353462469191,0.9342656061398426,4.222689493524386,0.9204546927355949,3.6669206184358485,0.9058286161975219
C4,1085.0,242479.79687405695,363073.3466996016,7.5625,5.171036470612647,0.9221873953295712,4.238348367782691,0.9085550297843084,3.6824151238951437,0.8941180395558538
C4,1090.0,242481.0595425189,363078.18464010925,6.539999961853027,5.189874240582635,0.9094509696407032,4.254198558364681,0.8960068821089326,3.6981255046131136,0.8817692826486179
C4,1095.0,242482.32221098084,363083.0225806169,6.78000020980835,5.208576511921548,0.8964915822338055,4.269825013263648,0.8832390686786483,3.713615161538226,0.8692043504876001
C4,1100.0,242483.58487944276,363087.8605211245,6.929999828338623,5.227143284629416,0.8833092331089197,4.2852277324796395,0.8702515894934956,3.72888409467053,0.8564232430728403
C4,1105.0,242484.8475479047,363092.6984616321,6.882500171661377,5.246186457006635,0.8690453247980465,4.3012930061203525,0.8561985394239484,3.7448539845545175,0.8425934967546098
C4,1110.0,242486.11021636662,363097.5364021397,6.53000020980835,5.2655655193630935,0.853780662094898,4.317814103162975,0.8411595287554307,3.7613102527544497,0.827793456806446
C4,1115.0,242487.37288482857,363102.3743426473,6.139999866485596,5.2847914222528445,0.8381684332836761,4.3340817589967315,0.8257780899239748,3.7775154287258417,0.8126564298979972
C4,1120.0,242488.6355532905,363107.21228315495,6.264999866485596,5.303864165675662,0.8222086383645855,4.350095973621439,0.8100542229297825,3.7934695124685116,0.7971824160294617
C4,1125.0,242489.89822175243,363112.0502236626,7.125,5.32334629913062,0.8053925310104473,4.366697917477548,0.7934867020601943,3.8100374878066425,0.7808781539927735
C4,1130.0,242491.16089021438,363116.8881641702,6.980000019073486,5.3434205072873615,0.7873804560916299,4.384295470230756,0.7757408931855604,3.827635985778005,0.7634143270133091
C4,1135.0,242492.4235586763,363121.72610467783,6.454999923706055,5.363308407078769,0.7687197572680706,4.401597686475503,0.7573560487807678,3.844940834027944,0.7453216188139855
C4,1140.0,242493.68622713824,363126.5640451854,6.130000114440918,5.3830099683273245,0.7494084948595204,4.418592482086516,0.738330257839165,3.8619398926540938,0.7265981487541537
C4,1145.0,242494.9488956002,363131.401985693,6.635000228881836,5.403022989454151,0.7294836375943613,4.436056363473314,0.7186999425936889,3.8794227809975856,0.7072797603154269
C4,1150.0,242496.2115640621,363136.23992620065,6.704999923706055,5.4240441064615394,0.708714880883102,4.455072963646343,0.6982382029650229,3.8984924022235754,0.6871431588734213
C4,1155.0,242497.47423252405,363141.0778667083,6.917500019073486,5.444839252603051,0.6868552749054749,4.473715613091072,0.6767017397035131,3.9171900855147292,0.665948911217177
C4,1160.0,242498.736900986,363145.9158072159,6.769999980926514,5.465408427878741,0.6639048196615773,4.491984311807578,0.6540905528092552,3.9355158308711244,0.6436970173467886
C4,1165.0,242499.99956944791,363150.7537477235,6.527500152587891,5.486163155787617,0.6408213229037459,4.51055260199939,0.6313482911060662,3.9541463555210288,0.621316131453503
C4,1170.0,242501.26223790986,363155.5916882311,6.582499980926514,5.508938615981826,0.6218791703394463,4.532428281008565,0.612686153590354,3.9761028431716934,0.602950536346224
C4,1175.0,242502.52490637178,363160.4296287387,6.737500190734863,5.53151727508783,0.6019193620174375,4.553984934939024,0.5930214039570696,3.9977412067058378,0.5835982606839663
C4,1180.0,242503.78757483372,363165.26756924635,6.869999885559082,5.553899133105499,0.5809418979374045,4.5752225637905735,0.5723540422059026,4.019061446123268,0.5632593044664244
C4,1185.0,242505.05024329567,363170.105509754,6.09250020980835,5.576174472668556,0.559378705924342,4.596293430679342,0.5511096111277018,4.040215383428693,0.5423524485857114
C4,1190.0,242506.3129117576,363174.9434502616,6.369999885559082,5.602395686237152,0.5569917217368314,4.6240398312334285,0.5487579128714173,4.068023502594907,0.5400381189462126
C4,1195.0,242507.57558021953,363179.7813907692,6.025000095367432,5.628602572424685,0.5551932485105846,4.651790356519208,0.546986025829896,4.095831817610515,0.538294387288863
C4,1200.0,242508.83824868148,363184.6193312768,5.730000019073486,5.654795131231929,0.5539832862459462,4.679545006537565,0.5457939500034773,4.1236403284764025,0.5371212536139967
C4,1205.0,242510.1009171434,363189.4572717844,5.827499866485596,5.680980155504937,0.5532685476753647,4.707327382936999,0.5450897771568372,4.151472364201471,0.5364282701132838
C4,1210.0,242511.36358560534,363194.29521229205,6.427499771118164,5.7103125393256,0.5647394658329995,4.740608235887828,0.5563911248448905,4.184791953478082,0.5475500387547684
C4,1215.0,242512.62625406726,363199.1331527997,6.550000190734863,5.74017655985343,0.5799321789137617,4.774831778760472,0.5713592494963509,4.219046169877264,0.5622803190687407
C4,1220.0,242513.8889225292,363203.97109330725,6.0625,5.7701937428841354,0.5973638362162007,4.809357864189187,0.5885332208599274,4.253595083187343,0.5791813950672767
C4,1225.0,242515.15159099115,363208.8090338149,5.934999942779541,5.8003640884185685,0.6170344377410283,4.844186492174989,0.6079130389363213,4.288438693409336,0.5982532667510669
C4,1230.0,242516.41425945307,363213.6469743225,6.142499923706055,5.831542397003549,0.6353066833146388,4.880725017568995,0.6259151724561421,4.325025213854433,0.6159693453628569
C4,1235.0,242517.67692791502,363218.48491483013,6.045000076293945,5.863048205718039,0.6533445675503059,4.917851334687903,0.643686409117664,4.362208907059262,0.6334581960803156
C4,1240.0,242518.93959637693,363223.32285533776,6.329999923706055,5.8945876572891,0.6721554612672367,4.955081382847445,0.6622192281384913,4.399492914630652,0.6516965275708165
C4,1245.0,242520.20226483888,363228.1607958454,6.565000057220459,5.926160751716617,0.6917393644653094,4.9924151620474655,0.6815136295185039,4.436877236568442,0.6706843398342412
C4,1250.0,242521.46493330083,363232.99873635295,7.025000095367432,5.957998667909111,0.7082635390555854,5.030206197865706,0.6977935331615124,4.474755793806571,0.686705554898212
C4,1255.0,242522.72760176274,363237.8366768606,6.610000133514404,5.98997193994059,0.722837193737234,5.068254506719464,0.7121517507322477,4.512915148699397,0.7008356195890186
C4,1260.0,242523.9902702247,363242.6746173682,6.652500152587891,6.021929374374267,0.7377235524849303,5.106328409666557,0.7268180497769599,4.551099355051637,0.7152688703219575
C4,1265.0,242525.25293868664,363247.51255787583,6.829999923706055,6.053870971210211,0.7529226152987217,5.144427906707075,0.7417924302956953,4.589308412863382,0.7300053070970745
C4,1270.0,242526.51560714855,363252.35049838346,6.510000228881836,6.085850878919986,0.7660024140815448,5.182600577124057,0.7546788751036522,4.62761658783101,0.7426869855765841
C4,1275.0,242527.7782756105,363257.1884388911,6.275000095367432,6.117857574968677,0.7766929841476451,5.220826707518199,0.7652114103062158,4.666006906990409,0.7530521582059254
C4,1280.0,242529.04094407242,363262.02637939865,6.362500190734863,6.149828677265207,0.7875235966261984,5.259048165841005,0.7758819177244693,4.704393407359567,0.763553110664736
C4,1285.0,242530.30361253436,363266.8643199063,6.349999904632568,6.181799331585488,0.7985642403769421,5.297372407309218,0.7867593515979355,4.742884538384447,0.7742577015058169
C4,1290.0,242531.5662809963,363271.7022604139,6.322500228881836,6.213821694298826,0.8084815801376688,5.335940449812759,0.7965300868814418,4.781636828483935,0.7838731792594046
C4,1295.0,242532.82894945823,363276.54020092153,6.284999847412109,6.2457758791350955,0.8158455483238726,5.3743533957778755,0.8037851961667488,4.82025940223523,0.7910130044525453
C4,1300.0,242534.09161792017,363281.37814142916,6.324999809265137,6.277659888407159,0.8231488782577248,5.412715107656918,0.8109805635932433,4.858835813983456,0.79809403708835
C4,1305.0,242535.35428638212,363286.2160819367,6.367499828338623,6.309473722114669,0.8303915699391484,5.451025585449465,0.8181161891608494,4.897366063728189,0.805116277166744
C4,1310.0,242536.61695484404,363291.05402244435,6.394999980926514,6.341210339451526,0.8369284627600214,5.489210702415425,0.8245564494393538,4.935775650909544,0.8114542013493569
C4,1315.0,242537.87962330598,363295.891962952,6.402500152587891,6.37286015454923,0.8410938718546748,5.527085688236523,0.8286602827851259,4.973878092190196,0.8154928245538243
C4,1320.0,242539.1422917679,363300.7299034596,6.494999885559082,6.404453998719771,0.8452072927962887,5.5649212907977965,0.8327128965000814,5.011944999115456,0.8194810420102726
C4,1325.0,242540.40496022985,363305.56784396723,6.492499828338623,6.4359918719630365,0.8492687255848218,5.6027175100991125,0.8367142905841795,5.049976371685194,0.8234188537186615
C4,1330.0,242541.6676286918,363310.40578447486,6.552499771118164,6.4674684657252275,0.8530773770755401,5.64043023237755,0.8404666401457368,5.087924801843366,0.8271115782358972
C4,1335.0,242542.9302971537,363315.2437249824,6.59250020980835,6.498841997733493,0.8546429309020269,5.677627232408138,0.8420090509514269,5.125323718179421,0.8286294800476528
C4,1340.0,242544.19296561566,363320.08166549006,6.570000171661377,6.530179656192866,0.8561602632337415,5.7147949811225525,0.8435039531034089,5.162694171301489,0.830100628120864
C4,1345.0,242545.45563407757,363324.9196059977,6.617499828338623,6.561481441103072,0.8576293740707015,5.751933478520459,0.8449513466017007,5.200036161209236,0.8315250224555486
C4,1350.0,242546.71830253952,363329.7575465053,6.712500095367432,6.592747352463971,0.8590502634128568,5.7890427246017016,0.8463512314462524,5.237349687902504,0.8329026630516569
C4,1355.0,242547.98097100147,363334.59548701294,6.752500057220459,6.623860320767937,0.8585393110731165,5.825448993672457,0.8458478323317182,5.273893303885641,0.8324072629771964
C4,1360.0,242549.24363946338,363339.43342752056,6.792500019073486,6.65495285945312,0.8578829356520705,5.861797603798003,0.8452011598731397,5.310372389919802,0.831770866180138
C4,1365.0,242550.50630792533,363344.27136802813,6.837500095367432,6.686012050345337,0.8570166358630299,5.898224218959537,0.8443476662832168,5.346939914318974,0.8309309346510757
C4,1370.0,242551.76897638728,363349.10930853576,6.989999771118164,6.717026554940645,0.8558290578490556,5.9347710260171045,0.8431776438091444,5.383645275715276,0.8297795038995306
C4,1375.0,242553.0316448492,363353.9472490434,7.090000152587891,6.747799694810813,0.8532500250956337,5.970552741380182,0.8406367359720419,5.419514198803933,0.8272789712300217
C4,1380.0,242554.29431331114,363358.785189551,7.394999980926514,6.778534633751818,0.8502879054162885,6.006142685603971,0.8377184042456628,5.455166844843046,0.8244070119579376
C4,1385.0,242555.55698177306,363363.62313005864,7.260000228881836,6.809285125574375,0.8472365217718238,6.041706828518724,0.8347121281113502,5.490784009353078,0.8214485057194787
C4,1390.0,242556.819650235,363368.4610705662,7.15500020980835,6.840051170277944,0.844095874162178,6.077245170123842,0.8316179075690435,5.5263656923334255,0.8184034525145847
C4,1395.0,242558.08231869695,363373.29901107383,7.147500038146973,6.8704449644796295,0.8401214202100432,6.112009555185565,0.8277022065443981,5.56111772643975,0.8145499721981435
C4,1400.0,242559.34498715887,363378.13695158146,7.190000057220459,6.900686892476115,0.8357229973103182,6.1463981330781925,0.8233688039530751,5.595458802687571,0.8102854276162722
C4,1405.0,242560.6076556208,363382.9748920891,7.102499961853027,6.930960407834945,0.8312503061508574,6.180759714735176,0.8189622309830672,5.629758438062876,0.8059488753371239
C4,1410.0,242561.87032408276,363387.8128325967,7.122499942779541,6.961265510556191,0.8267033467317052,6.215094300156586,0.8144824876344178,5.664016632565735,0.8015403153607414
C4,1415.0,242563.13299254468,363392.65077310434,7.295000076293945,6.991043394710589,0.8219141660861533,6.248686313476514,0.8097641037288963,5.697507819448873,0.796896906839277
C4,1420.0,242564.39566100662,363397.4887136119,7.340000152587891,7.020385122553875,0.8169549959068949,6.281652709035908,0.8048782431839865,5.730349759353357,0.7920886828915867
C4,1425.0,242565.65832946854,363402.32665411953,6.582275867462158,7.049749819913153,0.8119769321868239,6.314581518674266,0.7999737683947036,5.7631384528047285,0.7872621404809065
C4,1430.0,242566.9209979305,363407.16459462716,6.601643085479736,7.079137486787911,0.8069799749258861,6.347472742391012,0.7950506793609945,5.795873899802408,0.7824172796071839
C4,1435.0,242568.18366639243,363412.0025351348,6.682184219360352,7.107912733984958,0.8022673969343286,6.379708102583123,0.7904077657199085,5.82795831907912,0.7778481421234302
C4,1440.0,242569.44633485435,363416.8404756424,6.677353858947754,7.135787306853683,0.7980410802098794,6.411016715451208,0.7862439251199975,5.85913114640886,0.7737504651834415
C4,1445.0,242570.7090033163,363421.67841615,6.917500019073486,7.163699057012338,0.7932858924250705,6.442381920723817,0.7815590315709553,5.890352147606608,0.7691400148548126
C4,1450.0,242571.9716717782,363426.5163566576,7.047500133514404,7.191652260956772,0.788086644406715,6.473771342017322,0.7764366421715555,5.921584061853661,0.7640990205093472
C4,1455.0,242573.23434024016,363431.35429716524,7.09250020980835,7.219068431167861,0.783395038499838,6.504644794268357,0.7718143905923467,5.9523132965788355,0.7595502167661489
C4,1460.0,242574.4970087021,363436.19223767286,7.172500133514404,7.245041003899139,0.7801077274378507,6.5342732681073095,0.7685756746709296,5.981865679280614,0.7563629642217916
C4,1465.0,242575.75967716402,363441.0301781805,7.215000152587891,7.270944124551167,0.7770562592360246,6.5638000130491605,0.765569315229249,6.011306947304445,0.7534043759997161
C4,1470.0,242577.02234562597,363445.8681186881,7.190000057220459,7.296777793123813,0.7742406338942298,6.593225029093759,0.7627953122671763,6.040637100650173,0.7506744520997959
C4,1475.0,242578.28501408792,363450.7060591957,7.170000076293945,7.322247416659206,0.7719539609714425,6.6223212946523535,0.7605424424101891,6.069649183353821,0.7484573804707848
C4,1480.0,242579.54768254983,363455.5439997033,7.147500038146973,7.345887688902629,0.7717053422342595,6.649971866314553,0.7602974989146436,6.097328003627025,0.748216329141073
C4,1485.0,242580.81035101178,363460.38194021094,7.172500133514404,7.369395797920952,0.771844275035354,6.677493783981927,0.7604343779219652,6.124876450410422,0.7483510331333113
C4,1490.0,242582.0730194737,363465.21988071856,7.170000076293945,7.392771743714306,0.7723707593748245,6.704887047654628,0.760953079432251,6.1522945237041675,0.7488614924475947
C4,1495.0,242583.33568793564,363470.0578212262,7.152500152587891,7.415995427357789,0.7733003083008475,6.7321357682399405,0.7618688871698497,6.17956770834753,0.7497627479490377
C4,1500.0,242584.5983563976,363474.8957617338,7.255000114440918,7.437410910364127,0.7759143034053371,6.757936536331485,0.764444240522121,6.2055069052410285,0.7522971787925564
C4,1505.0,242585.8610248595,363479.7337022414,7.262499809265137,7.458665679541461,0.7789443506346784,6.783597312665091,0.767429495649883,6.2313085420011225,0.7552349980494364
C4,1510.0,242587.12369332145,363484.571642749,7.392499923706055,7.479759734890231,0.7823904499889125,6.809118097241294,0.7708246525531766,6.2569726186283425,0.758576205719718
C4,1515.0,242588.3863617834,363489.40958325664,7.65500020980835,7.500693076410213,0.786252601468023,6.834498890059823,0.774629711231985,6.282499135122421,0.7623208018033848
C4,1520.0,242589.64903024532,363494.24752376426,7.869999885559082,7.520445751351834,0.7907325449060092,6.858837817272671,0.7790434292726883,6.307048091801343,0.7666643856176544
C4,1525.0,242590.91169870726,363499.0854642719,7.885000228881836,7.53979236024916,0.7950908813467789,6.8829018364858445,0.7833373379888057,6.331347798923625,0.7708900638842031
C4,1530.0,242592.17436716918,363503.92340477946,8.180000305175781,7.558911912479973,0.7996445814143421,6.906801321303366,0.7878237223412806,6.3554937549893,0.7753051593384874
C4,1535.0,242593.43703563113,363508.7613452871,7.917500019073486,7.5778398170261045,0.8045937408784748,6.930536879041923,0.7926997201558809,6.379481697207297,0.780103677275201
C4,1540.0,242594.69970409307,363513.5992857947,7.875,7.596103360873131,0.8094495061928355,6.953569484810522,0.7974837044329355,6.402790647849317,0.7848116437746233
C4,1545.0,242595.962372555,363518.43722630234,7.875,7.614034080140961,0.8144020782179275,6.976264373666149,0.8023630643618338,6.425772832611226,0.7896134704014484
C4,1550.0,242597.22504101694,363523.27516680997,8.055000305175781,7.631797810513164,0.8196005439332087,6.998808764186509,0.8074846830226796,6.448609087141655,0.7946537062554259
C4,1555.0,242598.48770947885,363528.1131073176,8.717500686645508,7.64939455198993,0.8250449033387016,7.021202656371805,0.8128485604154956,6.471299411440815,0.7999323513365778
C4,1560.0,242599.7503779408,363532.95104782516,8.002500534057617,7.6666910982932155,0.830087519802758,7.043157863271185,0.8178166336887096,6.4935495144164035,0.8048214816477169
C4,1565.0,242601.01304640275,363537.7889883328,8.03499984741211,7.683755526081281,0.8348622861018886,7.0647894994049265,0.8225208163299321,6.515475642979926,0.8094509145637614
C4,1570.0,242602.27571486466,363542.6269288404,8.057499885559082,7.700677862354405,0.8397591599781287,7.086284542458833,0.8273453014757406,6.537268418877416,0.8141987383708678
C4,1575.0,242603.5383833266,363547.46486934804,8.1875,7.71745810711238,0.8447781414314717,7.107642992432685,0.8322900891261287,6.558927842108657,0.8190649530690305
C4,1580.0,242604.80105178856,363552.30280985567,8.557499885559082,7.734153443519307,0.8493735996681979,7.128742079897633,0.8368176143517332,6.580314188122188,0.8235205356656671
C4,1585.0,242606.06372025047,363557.14075036324,8.454999923706055,7.7507874428647,0.8534243226989606,7.1495798621846305,0.8408084569965777,6.601422903820904,0.8274479635977561
C4,1590.0,242607.32638871242,363561.97869087086,8.577499389648438,7.767303473249528,0.8575074974042023,7.170295201927253,0.8448312715944354,6.622411198007811,0.8314068554467369
C4,1595.0,242608.58905717434,363566.8166313785,9.157500267028809,7.783701534673743,0.8616231237838731,7.190888099125413,0.8488860581452565,6.643279070682819,0.8353972112125608
C4,1600.0,242609.85172563628,363571.6545718861,9.360000610351562,7.800125339486077,0.8654165606183726,7.21133645496794,0.8526234179634118,6.663984805613181,0.8390751841742473
C4,1605.0,242611.11439409823,363576.49251239374,9.622499465942383,7.8164440700136275,0.8680424918466284,7.2314813216489915,0.855210530992018,6.684377878666025,0.84162118783218
C4,1610.0,242612.37706256015,363581.33045290137,9.824999809265137,7.832620214170435,0.870556584845046,7.2514864267762915,0.8576874590552311,6.704636239358292,0.8440587573699803
C4,1615.0,242613.6397310221,363586.16839340894,9.632499694824219,7.848690297860862,0.8730212704130244,7.271370766158238,0.8601157100603308,6.7247752787880035,0.8464484233308421
C4,1620.0,242614.90239948404,363591.00633391656,9.069999694824219,7.864799353130567,0.8752740239527255,7.291158174576822,0.8623351619523267,6.744802752494869,0.8486326080081814
C4,1625.0,242616.16506794596,363595.8442744242,8.817500114440918,7.881370205502859,0.8768503702800461,7.310926687019668,0.8638882057171953,6.764750847115236,0.8501609738207908
C4,1630.0,242617.4277364079,363600.6822149318,8.667499542236328,7.897860906938249,0.8783637513983685,7.3305928426429565,0.8653792150651702,6.784596860475052,0.8516282909468595
C4,1635.0,242618.69040486982,363605.52015543944,8.422499656677246,7.914271457436974,0.8798141673077207,7.350156641446931,0.8668081899962788,6.804340792574563,0.8530345593864144
C4,1640.0,242619.95307333177,363610.3580959471,8.342500686645508,7.930672600829258,0.8811690387268243,7.369638581624548,0.8681430328370745,6.8239959765872475,0.8543481914998343
C4,1645.0,242621.2157417937,363615.19603645464,8.422499656677246,7.947895337795531,0.8820619760649637,7.38928674488994,0.86902277020277,6.843727201355973,0.8552139497895986
C4,1650.0,242622.47841025563,363620.03397696227,8.6899995803833,7.96506907133394,0.8829079698640694,7.408855165164176,0.8698562579789346,6.863377427598811,0.8560341933983955
C4,1655.0,242623.74107871758,363624.8719174699,9.020000457763672,7.982193801443949,0.8837070201240876,7.428343842446679,0.8706434961655153,6.882946655315183,0.8568089223261727
C4,1660.0,242625.0037471795,363629.7098579775,9.050000190734863,7.999269528125821,0.8844591268450536,7.4477527767377225,0.8713844847625473,6.902434884505361,0.8575381365729645
C4,1665.0,242626.26641564144,363634.54779848515,9.994999885559082,8.0174100974236,0.8850900521270504,7.467473389260943,0.8720060833023642,6.922125236949782,0.8581498578772256
C4,1670.0,242627.5290841034,363639.3857389927,10.430000305175781,8.035606806232103,0.8857039629475758,7.487164534477948,0.8726109188993922,6.941776210934675,0.858745082602796
C4,1675.0,242628.7917525653,363644.22367950034,11.460000038146973,8.053789646577291,0.8863066671738451,7.506802022576532,0.8732047135652287,6.961370471989929,0.8593294418381884
C4,1680.0,242630.05442102725,363649.06162000797,11.77750015258789,8.071940225384695,0.8868658196531298,7.526374835752877,0.8737556002939378,6.980898813487596,0.8598715749459738
C4,1685.0,242631.3170894892,363653.8995605156,11.602499961853027,8.09072247938449,0.8868209807342593,7.5460372660517745,0.8737114242127307,7.000451144963395,0.8598281008251631
C4,1690.0,242632.5797579511,363658.7375010232,10.352499961853027,8.109776732192149,0.8868456038588318,7.565764163580491,0.8737356833424885,7.020039113573542,0.8598519744759887
C4,1695.0,242633.84242641306,363663.57544153085,10.930000305175781,8.128852592506185,0.8869146310241929,7.585464658002709,0.8738036901040236,7.039596504208981,0.8599189006062767
C4,1700.0,242635.10509487498,363668.4133820384,12.119999885559082,8.147950060326565,0.8870280622303907,7.605138749318398,0.873915444497384,7.05912331686968,0.8600288792160744
C4,1705.0,242636.36776333692,363673.25132254604,11.767499923706055,8.167960707411035,0.8873169444040497,7.6251084788021855,0.8742000562294721,7.0788512551374705,0.8603089684518234
C4,1710.0,242637.63043179887,363678.08926305367,11.547499656677246,8.188460132635075,0.8877547474293157,7.645234481322271,0.8746313873696224,7.098685569568816,0.860733445716038
C4,1715.0,242638.8931002608,363682.9272035613,11.994999885559082,8.209019550822198,0.8882854782760563,7.665364609449168,0.8751542726125876,7.118517875495916,0.8612480222832555
C4,1720.0,242640.15576872273,363687.7651440689,12.737500190734863,8.229638961972126,0.8889091369442079,7.685498863182588,0.8757687119583045,7.138348172918481,0.8618526981534134
C4,1725.0,242641.41843718468,363692.6030845765,12.604999542236328,8.250969112752276,0.8895913511609486,7.705846543906784,0.8764408412469341,7.158314545144187,0.8625141472700657
C4,1730.0,242642.6811056466,363697.4410250841,12.270000457763672,8.272940829505988,0.8903504285716358,7.726397392778106,0.8771886974884777,7.178415629801993,0.863250120034116
C4,1735.0,242643.94377410854,363702.27896559174,13.0649995803833,8.295002291112427,0.891219917418655,7.746977527104102,0.878045332993685,7.198538334084107,0.8640931435532487
C4,1740.0,242645.20644257046,363707.11690609937,12.162500381469727,8.317153497571852,0.8921998177020586,7.767586946885048,0.8790107477626077,7.218682657990806,0.865043217827514
C4,1745.0,242646.4691110324,363711.954846607,11.949999809265137,8.339798213503562,0.8930744466684188,7.788324470040232,0.8798724474026147,7.238897525742795,0.8658912250120614
C4,1750.0,242647.73177949435,363716.7927871146,12.09749984741211,8.363143441980487,0.8937312809039601,7.809251087406376,0.8805195718932035,7.259219413115343,0.8665280666583127
C4,1755.0,242648.99444795627,363721.6307276222,12.289999961853027,8.38660017759798,0.8944841287610119,7.830227028795322,0.8812612906703681,7.279581785893176,0.867257999482637
C4,1760.0,242650.25711641822,363726.4686681298,12.404999732971191,8.410085975052771,0.8952495763546086,7.851203717604878,0.8820154229266906,7.299946183397486,0.8680001485352413
C4,1765.0,242651.51978488013,363731.30660863745,12.642000198364258,8.433564602006484,0.8955281182808446,7.872063119528415,0.8822898472675221,7.320194607060471,0.8682702122579524
C4,1770.0,242652.78245334208,363736.1445491451,11.5024995803833,8.457710107607653,0.8951366641839248,7.893041273659878,0.8819041798961372,7.340472578870324,0.8678906731626603
C4,1775.0,242654.04512180403,363740.9824896527,11.21500015258789,8.481981135904904,0.894855115272358,7.914082154659398,0.8816267930211639,7.360804187093121,0.8676176939806377
C4,1780.0,242655.30779026594,363745.8204301603,12.303110122680664,8.506377686898373,0.8946834715461692,7.93518576252712,0.8814576866426265,7.381189431729011,0.8674512747119089
C4,1785.0,242656.5704587279,363750.6583706679,11.765000343322754,8.530966399078567,0.8943962539295902,7.956342261960888,0.8811747148610737,7.401605633974372,0.8671727993677854
C4,1790.0,242657.83312718984,363755.4963111755,11.2524995803833,8.556110097532674,0.8927496341937076,7.97750551636962,0.8795524365142461,7.4219373118753165,0.8655762991145917
C4,1795.0,242659.09579565175,363760.33425168315,11.574999809265137,8.581390618662866,0.8911462232390088,7.998742880737869,0.877972728208686,7.442332858354868,0.8640216924623292
C4,1800.0,242660.3584641137,363765.1721921908,10.880000114440918,8.606807962468896,0.8895860210654504,8.020054355065362,0.87643558994435,7.462792273412749,0.8625089794109553
C4,1805.0,242661.62113257562,363770.0101326984,10.774999618530273,8.63236266799413,0.8880644784633649,8.041439522150512,0.8749365397609061,7.4833149774727215,0.8610337492187381
C4,1810.0,242662.88380103756,363774.84807320597,10.829999923706055,8.658319694108663,0.8843790406229823,8.062707178651833,0.8713055824264699,7.5036315965983,0.8574604879993541
C4,1815.0,242664.1464694995,363779.6860137136,10.52750015258789,8.68443083940831,0.8806577860878309,8.084063232642546,0.8676393378626197,7.524024439428402,0.8538525002666044
C4,1820.0,242665.40913796143,363784.5239542212,10.882499694824219,8.710696103892815,0.8769007148579672,8.105507684122465,0.8639378060694112,7.544493505962851,0.8502097860205433
C4,1825.0,242666.67180642337,363789.36189472885,10.827500343322754,8.737115487561937,0.8731078269333457,8.127040533091309,0.8602009870467993,7.565038796201369,0.8465323452611275
C4,1830.0,242667.93447488532,363794.1998352365,10.850000381469727,8.763739915427191,0.8669278520203296,8.14840739796395,0.8541123684867015,7.585353306670813,0.8405404751903645
C4,1835.0,242669.19714334724,363799.0377757441,10.579999923706055,8.790552457414691,0.8602658484313239,8.16984257293386,0.8475488469076691,7.605712976037738,0.8340812483361892
C4,1840.0,242670.45981180918,363803.87571625167,10.5,8.817332682741137,0.853544960005266,8.191252220681578,0.8409273109650144,7.626058277778136,0.8275649289698728
C4,1845.0,242671.7224802711,363808.7136567593,10.4975004196167,8.843893366978794,0.8468582442399529,8.21251714581775,0.834339442520917,7.646292246096549,0.8210817421236782
C4,1850.0,242672.98514873305,363813.5515972669,10.194999694824219,8.870477964686945,0.8377310030572283,8.233573266482798,0.8253471260714536,7.66627748039531,0.8122323140853535
C4,1855.0,242674.247817195,363818.38953777455,10.625,8.897197685004734,0.8275652531732349,8.254626895757655,0.8153316528224324,7.6862339576288825,0.802375987266219
C4,1860.0,242675.5104856569,363823.2274782822,10.4975004196167,8.924100909199648,0.8172017635467397,8.275785989149142,0.8051213629466112,7.706279168274169,0.7923279394673757
C4,1865.0,242676.77315411886,363828.06541878975,10.337499618530273,8.951187637271063,0.8066405341777947,8.297050546656669,0.794716256444042,7.7264131123305795,0.7820881706888746
C4,1870.0,242678.03582258077,363832.9033592974,9.989999771118164,8.978196581094677,0.7935750825122057,8.318109736560224,0.7818439466650018,7.746320477829819,0.7694204026319006
C4,1875.0,242679.29849104272,363837.741299805,10.260000228881836,9.005275355475703,0.7786138465826947,8.33910266485633,0.7671038773209674,7.766134765029205,0.7549145538138416
C4,1880.0,242680.56115950466,363842.5792403126,10.517499923706055,9.032613164828,0.7632534148029012,8.36024529044091,0.7519705132957509,7.7860731436374016,0.7400216597890716
C4,1885.0,242681.82382796658,363847.41718082025,10.454999923706055,9.060210009151668,0.7474937871728757,8.381537613314093,0.7364438545894019,7.806135613654539,0.7247417205576396
C4,1890.0,242683.08649642853,363852.2551213279,10.819999694824219,9.08765736115826,0.729157725872468,8.402638677915725,0.7183788487076967,7.826002008081671,0.7069637686293739
C4,1895.0,242684.34916489047,363857.09306183545,10.274999618530273,9.1149949055827,0.7076538272376517,8.423555107547635,0.6971928344948956,7.8456704224817955,0.6861144013668716
C4,1900.0,242685.6118333524,363861.9310023431,10.109999656677246,9.14272660094301,0.6853755643727844,8.444697855766108,0.6752439032007662,7.865523795785478,0.6645142398181133
C4,1905.0,242686.87450181434,363866.7689428507,10.192500114440918,9.170852447238639,0.6623229372779521,8.46606692257059,0.6525320548253933,7.885562127992172,0.6421632839831823
C4,1910.0,242688.13717027626,363871.6068833583,9.824999809265137,9.198688257325475,0.6368285222545701,8.487213399921949,0.6274145145968025,7.905397721523863,0.6174448628730552
C4,1915.0,242689.3998387382,363876.44482386595,10.430000305175781,9.22567402059328,0.6067746262746995,8.507757177979327,0.5978048945836966,7.924697039106434,0.5883057413772839
C4,1920.0,242690.66250720015,363881.2827643736,9.712499618530273,9.252367760957096,0.5763392537038416,8.528093820085907,0.5678194372112694,7.943823876386134,0.5587967545988278
C4,1925.0,242691.92517566207,363886.12070488115,9.510000228881836,9.27877493794944,0.5454235083986092,8.548223096888348,0.5373607082823639,7.962775884367709,0.5288220165753643
C4,1930.0,242693.187844124,363890.9586453888,9.434999465942383,9.304385466998488,0.5126932923174305,8.567877335085305,0.5051143312485857,7.981337129620424,0.49708803627516474
C4,1935.0,242694.45051258596,363895.7965858964,9.430000305175781,9.325860335243705,0.4728862414197331,8.585106246640184,0.465895733711197,7.997913448542344,0.45849262444382555
C4,1940.0,242695.71318104787,363900.634526404,9.555000305175781,9.34879320354976,0.4248535383385248,8.603135000315559,0.41857308085773204,8.015121456545963,0.4119219311877677
C4,1945.0,242696.97584950982,363905.47246691165,9.890000343322754,9.373184071916526,0.3685951830732741,8.621963596111224,0.36314637268766686,8.032961153631058,0.35737595650647563
C4,1950.0,242698.23851797174,363910.3104074192,9.677499771118164,9.397421334256249,0.3095126822086189,8.640696697443522,0.30493726725038767,8.050721479475483,0.30009179700571564
C4,1955.0,242699.50118643368,363915.14834792685,9.97249984741211,9.398136100848314,0.3298163300607286,8.646361109873318,0.32494077355550366,8.058103967221186,0.31977744647859113
C4,1960.0,242700.76385489563,363919.9862884345,10.822500228881836,9.397538665793103,0.35848323514844566,8.65130425603418,0.3531839060626568,8.064918775618029,0.34757179403318644
C4,1965.0,242702.02652335755,363924.8242289421,10.382499694824219,9.395629029090689,0.39551339747199593,8.65552613592622,0.3896666647720698,8.071165904666131,0.38347483966972085
C4,1970.0,242703.2891918195,363929.66216944973,9.862500190734863,9.392407190740942,0.440906817030857,8.659026749549223,0.43438904968322783,8.076845354365261,0.4274865833876876
C4,1975.0,242704.5518602814,363934.50010995736,9.642499923706055,9.384862359028212,0.46345550528640317,8.659978068455402,0.4566044087658483,8.080427408251214,0.44934893917290797
C4,1980.0,242705.81452874336,363939.3380504649,9.699999809265137,9.376643627294328,0.48571299404841295,8.66053931358143,0.47853287305295034,8.083693218844944,0.4709289589367215
C4,1985.0,242707.0771972053,363944.17599097255,9.619999885559082,9.368008290030605,0.5097937767094989,8.660864664614115,0.5022576781392399,8.086770875458862,0.49427677554401517
C4,1990.0,242708.33986566722,363949.0139314802,9.592499732971191,9.358956347237209,0.5356978532693804,8.660954121553523,0.5277788240244409,8.089660378092997,0.5193923889945166
C4,1995.0,242709.60253412917,363953.8518719878,9.800000190734863,9.349851566373824,0.54911836513428,8.660808696453115,0.5410009452750474,8.092264890194365,0.5324044099993165
C4,2000.0,242710.8652025911,363958.68981249543,10.045000076293945,9.339460528207454,0.5621611536943159,8.659743293102201,0.5538509269690041,8.094061678213826,0.5450502047657894
C4,2005.0,242712.12787105303,363963.52775300306,9.860000610351562,9.32873855075663,0.5764977814712522,8.658397157269627,0.5679756215186997,8.095600322138594,0.5589504571294583
C4,2010.0,242713.39053951498,363968.3656935106,9.802499771118164,9.318325520881137,0.5909670879565334,8.657185443768013,0.5822310334349773,8.097229977844723,0.5729793497534441
C4,2015.0,242714.6532079769,363973.20363401825,9.619999885559082,9.308745859770404,0.5986226859913063,8.656109733145698,0.5897734615093718,8.098818004670765,0.5804019282240589
C4,2020.0,242715.91587643884,363978.0415745259,9.729999542236328,9.29970905022338,0.6033266131184638,8.655137931976396,0.5944078521687097,8.100398710001153,0.5849626781567043
C4,2025.0,242717.1785449008,363982.8795150335,9.867500305175781,9.29094072957649,0.6087158518953019,8.654262868892745,0.5997174237613672,8.102033526656577,0.5901878803598936
C4,2030.0,242718.4412133627,363987.71745554113,9.732500076293945,9.282440897829874,0.614790402321707,8.653484543894901,0.6057021762872327,8.103722454637191,0.5960775348335168
C4,2035.0,242719.70388182465,363992.5553960487,9.739999771118164,9.275102653921685,0.619374735480761,8.652849898764611,0.6102187408932187,8.10530200402282,0.6005223309753802
C4,2040.0,242720.96655028657,363997.3933365563,9.949999809265137,9.268816561381428,0.6229260277060795,8.652345878120535,0.6137175356391447,8.106782815029975,0.6039655296771531
C4,2045.0,242722.2292187485,364002.23127706395,9.649999618530273,9.262780535902204,0.6274569452314576,8.651928069200729,0.6181814742356159,8.108308816577674,0.6083585360397317
C4,2050.0,242723.49188721046,364007.0692175716,9.529999732971191,9.25699457748415,0.632967488056771,8.651596472005346,0.6236105566825099,8.109880008666076,0.6137013500629953
C4,2055.0,242724.75455567238,364011.9071580792,9.477499961853027,9.252555998969907,0.6408215221920353,8.651429518533337,0.631348487447704,8.111324794683316,0.6213163246757087
C4,2060.0,242726.01722413432,364016.74509858683,9.710000038146973,9.249972053108301,0.6513169665456744,8.651468137363793,0.6416887814112362,8.11256906529623,0.6314923107900563
C4,2065.0,242727.27989259627,364021.5830390944,9.942500114440918,9.2475209675735,0.6621693093270997,8.65159129236181,0.6523806979010824,8.113884335071697,0.6420143321291171
C4,2070.0,242728.5425610582,364026.42097960203,9.857500076293945,9.245202742365683,0.6733785505362165,8.6517989835277,0.6634242369171499,8.115270604010066,0.6528823886927999
C4,2075.0,242729.80522952013,364031.25892010966,9.84000015258789,9.243763063442312,0.6860590542467594,8.652171170064884,0.6759172892886892,8.116645592725208,0.6651769257637002
C4,2080.0,242731.06789798205,364036.0968606173,9.805000305175781,9.243684227860774,0.7003437583489652,8.652368053464569,0.6899908277328006,8.117488136865482,0.6790268348951067
C4,2085.0,242732.330566444,364040.9348011249,10.385000228881836,9.243522660353158,0.7141076253920737,8.652577004492098,0.7035512284652888,8.118365380155529,0.6923717601018115
C4,2090.0,242733.59323490594,364045.7727416325,10.260000228881836,9.24343018721651,0.7276154459726338,8.652888325426238,0.7168593677782654,8.119348935358074,0.7054684323370626
C4,2095.0,242734.85590336786,364050.6106821401,9.619999885559082,9.24369482899432,0.7410674115973668,8.653352075617613,0.7301124778191983,8.120431113720532,0.7185109497184784
C4,2100.0,242736.1185718298,364055.44862264773,9.467499732971191,9.245992512753709,0.7555798334139687,8.654262275082882,0.7444103677084055,8.121569387050116,0.7325816453379685
C4,2105.0,242737.38124029175,364060.28656315536,9.470000267028809,9.248306396466415,0.7697132120140482,8.655270509606911,0.7583348176410334,8.122819310591783,0.7462848349826663
C4,2110.0,242738.64390875367,364065.124503663,9.34749984741211,9.250636480132563,0.7834675473974989,8.656376779189848,0.7718858276169771,8.124180884345675,0.7596205186524687
C4,2115.0,242739.90657721562,364069.9624441706,9.34000015258789,9.252982763751897,0.7968428395645423,8.657581083831397,0.785063397636455,8.125654108311503,0.7725886963475906
C4,2120.0,242741.16924567753,364074.8003846782,9.367500305175781,9.257047723786883,0.8092746961935161,8.659369153980942,0.7973114785871017,8.127423476336428,0.7846421546071467
C4,2125.0,242742.43191413948,364079.6383251858,9.457500457763672,9.261132751884317,0.8213965967457267,8.661256760099185,0.8092541854305161,8.129302339896373,0.7963950911711057
C4,2130.0,242743.69458260143,364084.47626569343,9.682499885559082,9.26522449188578,0.8332132431504989,8.663240093113124,0.8208961505890878,8.13128924158311,0.8078520648524071
C4,2135.0,242744.95725106334,364089.31420620106,9.949999809265137,9.269322943791405,0.844724635407737,8.665319153022907,0.8322373740627227,8.133384181396785,0.8190130756509579
C4,2140.0,242746.2199195253,364094.1521467087,9.617500305175781,9.27462728183309,0.8548446059043237,8.667988166594846,0.842207744664619,8.13589032960875,0.8288250165065423
C4,2145.0,242747.4825879872,364098.9900872163,9.770000457763672,9.280143215175167,0.8645794758746055,8.670832748784477,0.8517987075431908,8.138547265146999,0.8382635784487369
C4,2150.0,242748.74525644915,364103.8280277239,10.157500267028809,9.28567320119861,0.8741162374994393,8.673771133715785,0.8611944906409421,8.141304355847632,0.8475100620277403
C4,2155.0,242750.0079249111,364108.6659682315,10.930000305175781,9.291213072967814,0.8834533359869193,8.676799798241943,0.8703935621498986,8.144158434620865,0.8565629597760919
C4,2160.0,242751.27059337302,364113.50390873913,11.242500305175781,9.296982373860684,0.8913619247155292,8.679825186464422,0.8781852410474729,8.146933504178516,0.86423082846034
C4,2165.0,242752.53326183496,364118.34184924676,11.305000305175781,9.303109665686495,0.8987529340346238,8.683112412486599,0.8854669917263334,8.14991969991682,0.8713968717137792
C4,2170.0,242753.7959302969,364123.1797897544,9.852499961853027,9.309264295218094,0.906011282313801,8.686484543263923,0.8926180424458559,8.152991970288063,0.8784342918375414
C4,2175.0,242755.05859875883,364128.01773026196,9.517499923706055,9.315446262455481,0.9131369695529401,8.689941578796429,0.8996383932059212,8.15615031529228,0.8853430888315098
C4,2180.0,242756.32126722077,364132.8556707696,9.754999160766602,9.322274640045723,0.9193509259570167,8.69388361493442,0.9057604909209015,8.15968726078945,0.8913679060714998
C4,2185.0,242757.5839356827,364137.6936112772,11.109999656677246,9.329564336382193,0.9249137027659208,8.698186927608955,0.9112410351951445,8.163509805729072,0.8967613641907942
C4,2190.0,242758.84660414464,364142.53155178484,12.197500228881836,9.336886716057846,0.9303718318968851,8.702573440196211,0.916618478760542,8.167413982499458,0.9020533598772715
C4,2195.0,242760.10927260658,364147.36949229246,11.625,9.344241779072824,0.9357253133498386,8.70704315269634,0.9218928216170247,8.171399791100754,0.9072438931308628
C4,2200.0,242761.3719410685,364152.2074328001,10.907500267028809,9.352055417033387,0.9404173491174193,8.711913455102962,0.9265154967024987,8.175697766371485,0.9117931136507604
C4,2205.0,242762.63460953045,364157.04537330766,10.822500228881836,9.36041629223621,0.9443485998060386,8.717245803684502,0.9303886331220068,8.180351582977186,0.9156047057160004
C4,2210.0,242763.8972779924,364161.8833138153,11.007499694824219,9.368819514106237,0.9481853328969403,8.722662211277358,0.934168649163549,8.18508633172826,0.9193246570912871
C4,2215.0,242765.1599464543,364166.7212543229,10.869999885559082,9.377265082643428,0.951927548390051,8.728162677881523,0.9378555448270537,8.189902012624703,0.9229529677765492
C4,2220.0,242766.42261491626,364171.55919483054,11.407500267028809,9.386024590561732,0.9552007416580255,8.73397248243198,0.9410803516527781,8.1949593357689,0.9261265322415001
C4,2225.0,242767.68528337817,364176.39713533816,12.975000381469727,9.395407087138297,0.9575872470383409,8.740342911540836,0.9434315781799072,8.200438303705047,0.9284403976476447
C4,2230.0,242768.94795184012,364181.23507584573,13.982500076293945,9.404846336508156,0.9598722091686893,8.746801693401682,0.9456827625345182,8.206002384650114,0.9306558105569864
C4,2235.0,242770.21062030207,364186.07301635336,16.76300048828125,9.4142140509642,0.9620177028318123,8.753235598990662,0.9477965401342388,8.211553630775002,0.9327360001124559
C4,2240.0,242771.47328876398,364190.910956861,17.885000228881836,9.423132215065682,0.9636506556800025,8.759311452591554,0.9494053536260887,8.21678399591899,0.9343192494679611
C4,2245.0,242772.73595722593,364195.7488973686,16.94171905517578,9.43272262288938,0.9642137028946884,8.766020735138348,0.9499600775157316,8.222484061118463,0.9348651587639711
C4,2250.0,242773.99862568785,364200.58683787624,15.272500038146973,9.442363234202123,0.9646659913543731,8.772803740974014,0.950405679957329,8.22825961994351,0.9353036805578461
C4,2255.0,242775.2612941498,364205.42477838387,14.569999694824219,9.452054049003594,0.9650075210591554,8.779660470098248,0.9507421609509775,8.234110672393836,0.9356348148496817
C4,2260.0,242776.52396261174,364210.26271889143,14.880000114440918,9.461833878646411,0.965167128857073,8.786627486557538,0.9508994093240701,8.240063075945974,0.9357895645373235
C4,2265.0,242777.78663107366,364215.10065939906,14.822500228881836,9.472348939358799,0.9639651376170417,8.794309670438466,0.9497151866895004,8.246546509158918,0.9346241592666202
C4,2270.0,242779.0492995356,364219.9385999067,14.102499961853027,9.482931526824334,0.9626304934723233,8.802074465259784,0.9484002721105618,8.253115358800796,0.9333301387538517
C4,2275.0,242780.31196799755,364224.7765404143,13.927499771118164,9.493581641043162,0.9611631964228746,8.809921871021633,0.9469546655872116,8.259769624871755,0.9319075029989758
C4,2280.0,242781.57463645947,364229.61448092194,13.3725004196167,9.504299282015436,0.9595632464686542,8.81785188772416,0.9453783671194098,8.26650930737193,0.9303562520019533
C4,2285.0,242782.8373049214,364234.45242142957,11.772500038146973,9.515719625614135,0.9563877567668447,8.826473675599665,0.9422498195430951,8.273776247934855,0.9272774172215391
C4,2290.0,242784.09997338333,364239.29036193714,11.180000305175781,9.527285262119412,0.9529263581980505,8.83524529044781,0.9388395895880448,8.281181828664423,0.9239213760111368
C4,2295.0,242785.36264184528,364244.12830244476,14.1875,9.538942138768252,0.9493028098662364,8.844114587786324,0.9352696068717722,8.288688413140918,0.9204081205198198
C4,2300.0,242786.62531030722,364248.9662429524,14.667499542236328,9.55069025556059,0.9455171117714244,8.853081567615172,0.931539871394298,8.29629600136432,0.916737650747609
C4,2305.0,242787.88797876914,364253.80418346,14.725000381469727,9.56306455013479,0.9400417265027456,8.862660633717603,0.9261454267825043,8.304392071841143,0.9114289241622966
C4,2310.0,242789.1506472311,364258.64212396764,14.682499885559082,9.57570471042143,0.9339551040505453,8.872498520230826,0.9201487806872753,8.312715166629179,0.9055275651087895
C4,2315.0,242790.41331569303,364263.4800644752,14.4399995803833,9.588076610684626,0.9277222289986984,8.882119679818501,0.9140080439921322,8.320868122077291,0.8994844050630572
C4,2320.0,242791.67598415495,364268.31800498284,10.837499618530273,9.599716109953253,0.9214458413678257,8.891125321007792,0.9078244379488143,8.32850285152265,0.89339905686549
C4,2325.0,242792.9386526169,364273.15594549046,9.707500457763672,9.611841027958747,0.9134455067990712,8.900607640530861,0.8999423694569677,8.33653397394772,0.8856422348826644
C4,2330.0,242794.2013210788,364277.9938859981,9.442500114440918,9.624264522364147,0.9044443308163478,8.910384158353057,0.8910742546308601,8.344820422058094,0.8769150348969599
C4,2335.0,242795.46398954076,364282.8318265057,8.905665397644043,9.636757218153736,0.8952868293223178,8.920234696325961,0.8820521251974188,8.35318959912284,0.8680362676046434
C4,2340.0,242796.7266580027,364287.66976701334,8.871233940124512,9.649319115327676,0.8859730023169562,8.930159254449725,0.8728759811566197,8.361641505142103,0.8590059330056903
C4,2345.0,242797.98932646462,364292.5077075209,8.850314140319824,9.662287928449445,0.8748850131941981,8.940478426603793,0.86195190180077,8.370439676398327,0.8482554378815668
C4,2350.0,242799.25199492657,364297.34564802854,9.06527328491211,9.675665508247356,0.8621051375077751,8.951190368037139,0.8493609464335958,8.379584656198649,0.8358645534991305
C4,2355.0,242800.5146633885,364302.18358853617,9.25,9.689146209768118,0.8491264934725418,8.96200378614856,0.8365741610388308,8.388837648056434,0.8232809508391911
C4,2360.0,242801.77733185043,364307.0215290438,9.417499542236328,9.7027300330114,0.8359490810885266,8.972918680937749,0.8235915456165026,8.398198651971391,0.8105046299017755
C4,2365.0,242803.04000031238,364311.8594695514,10.113320350646973,9.716666607391993,0.8209674805484979,8.984169802493389,0.8088314127046738,8.40786990672984,0.795979036327144
C4,2370.0,242804.3026687743,364316.697410059,10.227499961853027,9.731148657761903,0.8031548539092961,8.99593426051404,0.7912821037372662,8.418005221232093,0.7787085868603907
C4,2375.0,242805.56533723624,364321.5353505666,11.067500114440918,9.745795232678699,0.7850557356278094,9.007851974766664,0.7734505382307824,8.428294929908501,0.7611603659267481
C4,2380.0,242806.8280056982,364326.37329107424,9.860000610351562,9.760606332142268,0.7666701257042468,9.019922945251185,0.7553367161854286,8.438739032759,0.7433343735264182
C4,2385.0,242808.0906741601,364331.21123158187,9.899999618530273,9.77576395199937,0.7464529807247953,9.03231579389183,0.7354184340101214,8.449489095259324,0.7237325939684756
C4,2390.0,242809.35334262205,364336.0491720895,11.052499771118164,9.791712750007731,0.7211829244656078,9.045436641157206,0.7105219359305345,8.460909243136877,0.6992317026352707
C4,2395.0,242810.61601108397,364340.8871125971,11.234999656677246,9.806465960497045,0.6965966151467818,9.0575503221958,0.6862990772054889,8.471461126793486,0.6753937464896012
C4,2400.0,242811.87867954592,364345.7250531047,11.507499694824219,9.819576197167429,0.6732914751823325,9.0682753528333,0.6633384487676922,8.480807067495947,0.6527979637213491
C4,2405.0,242813.14134800786,364350.5629936123,11.057499885559082,9.832536721928307,0.6490484610143683,9.078892176987283,0.6394538103844191,8.490079476225345,0.6292928535773008
C4,2410.0,242814.40401646978,364355.40093411994,10.6225004196167,9.845573649710657,0.6166077736637666,9.089633982829495,0.607492682081552,8.499509744620838,0.5978395893899169
C4,2415.0,242815.66668493173,364360.23887462757,10.41096019744873,9.858139009103633,0.5849607767850165,9.09998668718169,0.5763135114089049,8.508614602114502,0.567155857482299
C4,2420.0,242816.92935339367,364365.0768151352,10.38506031036377,9.87023280010746,0.5541074703780663,9.109950290044079,0.545916298366427,8.517394048706533,0.5372416578543977
C4,2425.0,242818.1920218556,364369.9147556428,11.032500267028809,9.881855022722373,0.5240478544428395,9.119524791416866,0.5163010429540428,8.52584808439712,0.5080969905061387
C4,2430.0,242819.45469031754,364374.7526961504,10.52750015258789,9.88948165134251,0.48139274775121943,9.125752201606534,0.47427649140925576,8.531417753870155,0.46674021143410255
C4,2435.0,242820.71735877945,364379.590636658,11.3125,9.895508563323514,0.4429167211685082,9.13062774154909,0.4363692421305945,8.53581253801704,0.42943531046512673
C4,2440.0,242821.9800272414,364384.42857716564,11.417499542236328,9.899989500080107,0.40889214787939987,9.134196379942527,0.4028476419076195,8.539071191833976,0.3964463703432963
C4,2445.0,242823.24269570335,364389.26651767327,11.65250015258789,9.902924461612537,0.37931902788377286,9.136458116787068,0.37371169074021116,8.541193715321167,0.3677733910684936
C4,2450.0,242824.50536416526,364394.1044581809,11.447500228881836,9.877225997949491,0.4020984623313698,9.114311967624346,0.39615438497650435,8.521842296621667,0.3898594696391977
C4,2455.0,242825.7680326272,364398.94239868846,11.505000114440918,9.847507362821236,0.4307352835299706,9.088754181842557,0.4243678783159297,8.49950681680048,0.4176246489926863
C4,2460.0,242827.03070108913,364403.7803391961,9.835000038146973,9.818803288852974,0.45608257512090633,9.064078966889749,0.449340469984404,8.477968255590037,0.44220042478384214
C4,2465.0,242828.29336955107,364408.6182797037,9.385000228881836,9.791113776044323,0.4781403371043654,9.040286322765573,0.4710721599821128,8.457226612990013,0.4635867970128478
C4,2470.0,242829.55603801302,364413.45622021134,9.692500114440918,9.752216794235547,0.5106664558878533,9.006981052016858,0.5031174568154959,8.428167252537548,0.49512289228818546
C4,2475.0,242830.81870647494,364418.294160719,9.432499885559082,9.706936914953099,0.5486921861254035,8.968259255991624,0.5405810663190947,8.394364304404142,0.5319912029424391
C4,2480.0,242832.08137493688,364423.1321012266,10.2524995803833,9.661387775693782,0.5859042347815782,8.9293244768976,0.5772430226043734,8.360387552469573,0.5680705986928081
C4,2485.0,242833.34404339883,364427.97004173417,10.8774995803833,9.616875886430122,0.6211904653896814,8.891291988568053,0.6120076295191911,8.327223544894963,0.6022827940602732
C4,2490.0,242834.60671186075,364432.8079822418,10.369999885559082,9.571121464402037,0.6528060900402581,8.852262728103073,0.6431558917281436,8.293257699390102,0.6329361086413587
C4,2495.0,242835.8693803227,364437.6459227494,10.279999732971191,9.524466529004414,0.6819640982477521,8.812515629756241,0.6718828675566356,8.25871842241848,0.6612066112178909
C4,2500.0,242837.1320487846,364442.48386325705,10.045000076293945,9.478482288676412,0.7101195319039277,8.773357928213082,0.699622089533874,8.224714802924764,0.6885050554070848
C4,2505.0,242838.39471724656,364447.3218037647,9.905000686645508,9.433168743417447,0.737272391008978,8.734789623473075,0.726373557660048,8.191246840908484,0.7148314412091276
C4,2510.0,242839.6573857085,364452.15974427224,9.772500038146973,9.387953669068489,0.7617933929593729,8.696366539802472,0.7505320744321009,8.157976897915457,0.7386060777990137
C4,2515.0,242840.92005417042,364456.99768477987,10.072529792785645,9.342508599577616,0.7836551354308162,8.657818884342042,0.7720706426044712,8.124679144647335,0.7598023969189225
C4,2520.0,242842.18272263237,364461.8356252875,10.085000038146973,9.297469983132695,0.8050172160251754,8.619635009907562,0.7931169352221032,8.091716860060394,0.7805142627701794
C4,2525.0,242843.4453910943,364466.6735657951,10.40250015258789,9.252837819734001,0.8258796347423791,8.581814916499283,0.813670952284927,8.059090044154859,0.8007416753527156
C4,2530.0,242844.70805955623,364471.51150630275,10.27750015258789,9.208491815365793,0.8452958225959263,8.544292457487035,0.8328001175963242,8.02678261542827,0.8195668771578111
C4,2535.0,242845.97072801818,364476.3494468104,10.895000457763672,9.164192084434386,0.8622817484032625,8.506906604884053,0.8495349465538333,7.994702465566351,0.8360357887475356
C4,2540.0,242847.2333964801,364481.18738731794,10.272500038146973,9.120153360646633,0.8790004871770256,8.469760179020431,0.8660065382078709,7.962846847083327,0.8522456458892573
C4,2545.0,242848.49606494204,364486.02532782557,9.569999694824219,9.076375644001246,0.895452038917656,8.43285317989508,0.8822148925588703,7.931215759978258,0.8681964485834033
C4,2550.0,242849.75873340399,364490.8632683332,9.53499984741211,9.032872725780216,0.911186362877509,8.396221426100018,0.8977166216501707,7.899867088856576,0.8834518543327331
C4,2555.0,242851.0214018659,364495.7012088408,9.397500038146973,8.9885858569492,0.9249993023999528,8.359040443155461,0.9113253694411743,7.868156537695091,0.8968443583604613
C4,2560.0,242852.28407032785,364500.53914934845,9.515000343322754,8.944299182387722,0.9386737981230147,8.321872767987902,0.9247977199978342,7.836466463324051,0.9101026325135256
C4,2565.0,242853.54673878977,364505.3770898561,9.385000228881836,8.90027066824506,0.9521199205728554,8.28494013859511,0.9380450732414729,7.804994985624397,0.9231394845734523
C4,2570.0,242854.8094072517,364510.21503036364,9.345000267028809,8.856515250447035,0.965244709713027,8.248262040910726,0.9509758433305247,7.773766300944958,0.9358647840028189
C4,2575.0,242856.07207571366,364515.0529708713,9.192500114440918,8.813307131800435,0.9761839053332404,8.212210072737221,0.9617533287448445,7.743251058348362,0.9464710145713205
C4,2580.0,242857.33474417558,364519.8909113789,9.010000228881836,8.770295960645553,0.9869738425371963,8.176339836273478,0.9723837621765481,7.71290587230156,0.9569325298214317
C4,2585.0,242858.59741263752,364524.7288518865,8.875,8.727481736981888,0.9976145213249581,8.140651331519049,0.9828671436256986,7.682730742804157,0.9672493297532143
C4,2590.0,242859.86008109947,364529.56679239415,8.944999694824219,8.684864460809687,1.008105941696494,8.105144558474157,0.9932034730922636,7.65272566985635,0.9774214143666373
C4,2595.0,242861.1227495614,364534.4047329017,8.864999771118164,8.64288777472278,1.0168894898170169,8.070349447654458,1.0018571771708387,7.6235086315746265,0.9859376106035601
C4,2600.0,242862.38541802333,364539.24267340935,8.6899995803833,8.601112129889827,1.0254196931645114,8.035753017173345,1.0102612815813121,7.594489772317658,0.9942081733250632
C4,2605.0,242863.64808648525,364544.080613917,8.600000381469727,8.55949204065479,1.0338521483745966,8.001301499664825,1.018569082830038,7.565606783042541,1.0023839631474427
C4,2610.0,242864.9107549472,364548.9185544246,8.595000267028809,8.518027507017164,1.0421868554473237,7.966994895128452,1.0267805809170667,7.536859663748887,1.0104649800707486
C4,2615.0,242866.17342340914,364553.7564949322,8.53499984741211,8.477208385622323,1.049316845755579,7.933390054327976,1.0338051711355236,7.508872931503181,1.0173779491578747
C4,2620.0,242867.43609187106,364558.59443543985,8.460000038146973,8.436661406484099,1.0560615619429652,7.900067847525359,1.0404501826022754,7.481180214955897,1.0239173710208824
C4,2625.0,242868.698760333,364563.4323759474,8.397500038146973,8.396242471420809,1.0627436061012259,7.866865122301856,1.0470334484980328,7.453599000289172,1.030396028453471
C4,2630.0,242869.96142879495,364568.27031645505,8.482500076293945,8.355951580431986,1.0693629782304745,7.833781878657112,1.0535549688229084,7.426129287502736,1.0368139214557512
C4,2635.0,242871.22409725687,364573.1082569627,8.614999771118164,8.315543911974048,1.0751230541496257,7.800710372371865,1.0592298956054045,7.398770895577731,1.0423986733343762
C4,2640.0,242872.48676571882,364577.9461974703,8.90250015258789,8.275524487833612,1.0803919709627676,7.76804389734604,1.0644209239108189,7.371835865212513,1.047507215909776
C4,2645.0,242873.74943418073,364582.7841379779,8.867500305175781,8.23564298064807,1.085594726870135,7.735501850379897,1.0695467693434018,7.3450140499946155,1.0525516113718385
C4,2650.0,242875.01210264268,364587.62207848555,8.637499809265137,8.195899390416928,1.0907313218717627,7.703084231473006,1.0746074319031886,7.318305449923654,1.0575318597205983
C4,2655.0,242876.27477110462,364592.4600189931,8.579999923706055,8.156734066012595,1.095325487103207,7.671264997256829,1.0791336832375606,7.292218120096928,1.0619861886681936
C4,2660.0,242877.53743956654,364597.29795950075,8.632499694824219,8.118121744421494,1.0994091917181452,7.6400173454585145,1.0831570199116622,7.266723653551665,1.0659455942975882
C4,2665.0,242878.8001080285,364602.1359000084,8.452499389648438,8.079633329193278,1.1034480479067335,7.6088795573567625,1.0871361711376166,7.241327218981485,1.0698615165880772
C4,2670.0,242880.0627764904,364606.973840516,8.4350004196167,8.041268820328446,1.107442055668939,7.577851632952012,1.0910711369153925,7.216028816386775,1.0737339555396295
C4,2675.0,242881.32544495235,364611.8117810236,8.430000305175781,8.003393645643566,1.1111226960929048,7.547317902054203,1.094697367751912,7.1912329660889895,1.0773025653654038
C4,2680.0,242882.5881134143,364616.6497215312,8.359999656677246,7.966247212646135,1.1143215576617702,7.5175292495081845,1.0978489416973738,7.1672031142577755,1.0804040606246572
C4,2685.0,242883.85078187622,364621.4876620388,8.315000534057617,7.929216643798611,1.117492403265066,7.487840683902629,1.100972913827238,7.143260103707926,1.0834783926627063
C4,2690.0,242885.11345033816,364626.32560254645,8.337499618530273,7.892301939100851,1.1206352329027873,7.458252205237374,1.1040692841415005,7.119403934439271,1.0865255614795462
C4,2695.0,242886.3761188001,364631.1635430541,8.3125,7.855764427644599,1.1236271137036324,7.429032256002365,1.1070169370414091,7.095912057770573,1.0894263760100618
C4,2700.0,242887.63878726203,364636.0014835617,8.274999618530273,7.820165980678377,1.126211253866331,7.400756413103492,1.109562876786802,7.07337821112018,1.0919318606305481
C4,2705.0,242888.90145572397,364640.83942406933,8.234999656677246,7.784680075228039,1.1287810656951676,7.372574682977376,1.1120947000089538,7.050923167927555,1.0944234530401369
C4,2710.0,242890.1641241859,364645.6773645769,8.260000228881836,7.749235330776496,1.1313053386094187,7.34442336358645,1.1145816575019631,7.028488387443416,1.0968708926395279
C4,2715.0,242891.42679264784,364650.5153050845,8.204999923706055,7.7135596780023885,1.133562144687971,7.31607358409139,1.1168051020255874,7.005875740288056,1.0990590065053514
C4,2720.0,242892.68946110978,364655.35324559215,8.270000457763672,7.679077240470786,1.135509642921533,7.288898897038871,1.118723811091172,6.9844365622466285,1.100947227176601
C4,2725.0,242893.9521295717,364660.1911860998,8.244999885559082,7.644718402116747,1.137438507457349,7.26182508483281,1.1206241619142818,6.963079876210223,1.1028173813188755
C4,2730.0,242895.21479803364,364665.0291266074,8.162500381469727,7.610483162939777,1.1393487382954317,7.234852147472775,1.1225061544949302,6.941805682178451,1.1046694689321872
C4,2735.0,242896.4774664956,364669.867067115,8.117500305175781,7.576371522940415,1.1412403354357545,7.2079800849592,1.1243697888330906,6.92061398015167,1.106503490016511
C4,2740.0,242897.7401349575,364674.7050076226,8.112500190734863,7.543650484168409,1.142985542903561,7.182449638308547,1.1260891975247675,6.90073971200189,1.1081955772079373
C4,2745.0,242899.00280341945,364679.5429481302,8.136802673339844,7.511090536458184,1.144721167608836,7.157053837072934,1.1277991651124553,6.880979152583347,1.1098783733150441
C4,2750.0,242900.26547188137,364684.38088863785,8.207500457763672,7.478655906187143,1.1464509954637847,7.131757608093318,1.129503421542576,6.861297359290481,1.111555549015197
C4,2755.0,242901.52814034332,364689.2188291455,8.377500534057617,7.446346593354827,1.1481750264684178,7.106560951369296,1.1312019668151405,6.84169433212293,1.1132271043084068
C4,2760.0,242902.79080880526,364694.0567696531,8.234999656677246,7.415338215087543,1.149918087716113,7.08258956783612,1.132919261013508,6.82326979689175,1.1149171106059403
C4,2765.0,242904.05347726718,364698.8947101607,8.103004455566406,7.384684768060831,1.1516711584540507,7.058934906991594,1.1346464167354129,6.80513387388591,1.1166168217268508
C4,2770.0,242905.31614572913,364703.7326506683,8.212499618530273,7.354160159947796,1.1534304262995803,7.035380237929927,1.136379677955291,6.7870746317439785,1.1183225413290303
C4,2775.0,242906.57881419105,364708.5705911759,8.095000267028809,7.323764390749152,1.1551958912526725,7.011925560651713,1.1381190446731135,6.7690920704664475,1.12003426941245
C4,2780.0,242907.841482653,364713.40853168356,8.109999656677246,7.294545533232986,1.1570854753944544,6.989553245832054,1.1399806957701712,6.752128230369751,1.1218663387694807
C4,2785.0,242909.10415111494,364718.2464721912,8.217500686645508,7.26589869055711,1.1590402825172315,6.967694077837215,1.1419066056802862,6.735635296237499,1.1237616458634363
C4,2790.0,242910.36681957686,364723.0844126988,8.149999618530273,7.237255517284859,1.1609128274624494,6.945822739286955,1.1437514694651123,6.719115564316498,1.1255771946595654
C4,2795.0,242911.6294880388,364727.9223532064,8.110000610351562,7.208434241043917,1.1625562217160825,6.92378071622604,1.14537057001085,6.702426832272474,1.1271705676070978
C4,2800.0,242912.89215650075,364732.760293714,8.145000457763672,7.180640524791225,1.1643735431885394,6.902663198044134,1.1471610266717092,6.686590111046827,1.128932573811502
C4,2805.0,242914.15482496266,364737.59823422163,8.112500190734863,7.153658734949577,1.1663357115011848,6.88227053377795,1.149094188953863,6.671416001219944,1.1308350180368993
C4,2810.0,242915.4174934246,364742.43617472926,8.677499771118164,7.12682239768068,1.1683242610076523,6.861989816653397,1.1510533424461113,6.656326869761283,1.1327630404706095
C4,2815.0,242916.68016188653,364747.2741152369,8.65250015258789,7.100131512984995,1.1703391917079429,6.841821046670886,1.1530384871484554,6.641322716671214,1.1347166411126335
C4,2820.0,242917.94283034847,364752.11205574445,8.03499984741211,7.074283311161379,1.1725428870445573,6.82239353372026,1.155209606047199,6.626986104091921,1.1368532608106778
C4,2825.0,242919.20549881042,364756.9499962521,8.085000038146973,7.04948306281435,1.1749913027370962,6.803891615461721,1.1576218276886068,6.61348677916603,1.139227152115324
C4,2830.0,242920.46816727234,364761.7879367597,8.082500457763672,7.0248319338777865,1.1774782982653154,6.785503650043944,1.1600720588538191,6.600073040288362,1.141638448970317
C4,2835.0,242921.73083573428,364766.62587726733,8.037500381469727,7.000329924351242,1.1800038736292164,6.767229637466529,1.162560299542838,6.586744887458555,1.1440871513756576
C4,2840.0,242922.99350419623,364771.46381777496,8.029999732971191,6.976464907094284,1.1826985454788124,6.749502742274665,1.1652151370248451,6.573896757473939,1.1466998033416314
C4,2845.0,242924.25617265815,364776.3017582826,7.997499942779541,6.953874828612924,1.185739206202884,6.732888926242518,1.1682108487518739,6.562043554798981,1.1496479130418142
C4,2850.0,242925.5188411201,364781.13969879015,8.0,6.9314358116068195,1.1888285285683613,6.716390099935056,1.1712545027727146,6.550276181246387,1.1526432032300795
C4,2855.0,242926.781509582,364785.9776392978,7.987500190734863,6.909147856076071,1.1919665125753107,6.700006263352453,1.1743460990874321,6.538594636816398,1.1556856739064916
C4,2860.0,242928.04417804396,364790.8155798054,7.972499847412109,6.887280660770596,1.1952312209943998,6.683973353628101,1.1775625464927506,6.5272104644684354,1.1588510117826933
C4,2865.0,242929.3068465059,364795.65352031303,8.024999618530273,6.866894534643051,1.1989339906982939,6.6692188901418135,1.1812105794799987,6.516955198084835,1.1624410773217957
C4,2870.0,242930.56951496782,364800.49146082066,7.985000133514404,6.846504298918324,1.2025430157028025,6.654448677720576,1.1847662535621337,6.506672716802427,1.1659402515439516
C4,2875.0,242931.83218342977,364805.3294013282,7.927499771118164,6.826084158379063,1.2060312573155156,6.6396422739301775,1.188202929750039,6.496346644264441,1.16932231875507
C4,2880.0,242933.09485189168,364810.16734183586,7.869999885559082,6.8058797142913265,1.2095996222580379,6.6250080815010035,1.1917185448333028,6.486158354585072,1.1727820705180867
C4,2885.0,242934.35752035363,364815.0052823435,7.792500019073486,6.78734367433741,1.2136903944447022,6.611800318541892,1.1957488446017637,6.477216365449363,1.1767483285978748
C4,2890.0,242935.62018881558,364819.8432228511,7.767499923706055,6.768967077946523,1.2178504073726124,6.598716458535447,1.1998473615504242,6.468369675353562,1.1807817198830544
C4,2895.0,242936.8828572775,364824.68116335873,7.767499923706055,6.750749925118859,1.2220796610417666,6.585756501481845,1.2040140956792813,6.459618284297834,1.1848822443736233
C4,2900.0,242938.14552573944,364829.51910386636,7.727499961853027,6.732692215854016,1.2263781554521673,6.572920447380725,1.208249046988339,6.450962192281843,1.1890499020695844
C4,2905.0,242939.4081942014,364834.35704437393,7.722499847412109,6.716144573092009,1.2311622979729653,6.561360759122737,1.212962467245939,6.4434065644715375,1.1936884258157436
C4,2910.0,242940.6708626633,364839.19498488156,7.231325149536133,6.699901004702241,1.236063500744414,6.550048947694037,1.2177912172944845,6.436054892285432,1.1984404467560217
C4,2915.0,242941.93353112525,364844.0329253892,7.9205322265625,6.683812207369506,1.241035901275836,6.538857644633346,1.22269011261205,6.428796113997091,1.203261498353073
C4,2920.0,242943.19619958717,364848.8708658968,7.677499771118164,6.6678781810942045,1.2460794995672215,6.5277868499410285,1.2276591531986267,6.421630229606853,1.2081515806068888
C4,2925.0,242944.4588680491,364853.70880640444,7.602499961853027,6.653189244934206,1.2515282453208298,6.517757419903954,1.2330273520977866,6.415350812646454,1.2134344785253814
C4,2930.0,242945.72153651106,364858.54674691206,7.677499771118164,6.6389810627541435,1.2571488302453884,6.508124546703836,1.2385648499310573,6.409402896237332,1.2188839852084556
C4,2935.0,242946.98420497298,364863.38468741963,7.672500133514404,6.624920902898284,1.2628394485578252,6.498607310111646,1.244171345873749,6.403544483909699,1.2244013936171343
C4,2940.0,242948.24687343492,364868.22262792726,7.735000133514404,6.6110087653661,1.2686001002582854,6.489205710126984,1.2498468399260039,6.397775575663253,1.2299867037515575
C4,2945.0,242949.50954189687,364873.0605684349,7.747499942779541,6.598088972719935,1.2746840692917456,6.480626659053301,1.2558408718270728,6.392698969210132,1.2358854901505656
C4,2950.0,242950.7722103588,364877.8985089425,7.702499866485596,6.585666467411387,1.2808299973084436,6.472461329900737,1.2618959467939501,6.387971091651464,1.2418443496376528
C4,2955.0,242952.03487882073,364882.73644945014,7.762499809265137,6.573306549700102,1.286952955924922,6.464344776524663,1.267928391909014,6.383280046350863,1.2477809388625372
C4,2960.0,242953.29754728265,364887.5743899577,7.797500133514404,6.561096451912244,1.2931513110596051,6.456347085693995,1.2740351189825927,6.378683058891805,1.253790629701462
C4,2965.0,242954.5602157446,364892.41233046533,7.767499923706055,6.549654920164329,1.2996043020049182,6.448982399730177,1.2803927176769307,6.374614397931638,1.2600472057970658
C4,2970.0,242955.82288420654,364897.25027097296,7.762499809265137,6.538977680145985,1.3063079390168189,6.442247726922657,1.2869972572269415,6.37107210808913,1.2665467988443375
C4,2975.0,242957.08555266846,364902.0882114806,7.882500171661377,6.528440010098772,1.313080331225363,6.435624146885113,1.2936695355901804,6.367618076146935,1.2731130543313085
C4,2980.0,242958.3482211304,364906.9261519882,7.847499847412109,6.518041910022323,1.3199214786305677,6.429111659617205,1.3004095527666646,6.364252302104735,1.279745972257994
C4,2985.0,242959.61088959232,364911.76409249584,7.824999809265137,6.508201499189239,1.3269472592908653,6.423055600124078,1.3073314738310446,6.361264165178717,1.2865579036096255
C4,2990.0,242960.87355805427,364916.6020330034,7.792500019073486,6.499221778348427,1.334238299316647,6.417706724102844,1.3145147330268367,6.358864308043945,1.2936270204151474
C4,2995.0,242962.13622651622,364921.43997351103,7.822500228881836,6.49037073359376,1.3415901687904812,6.412460675996221,1.3217579224507658,6.356546541967503,1.30075511515413
C4,3000.0,242963.39889497813,364926.27791401866,7.894999980926514,6.481648364925423,1.3490028677122734,6.407317455804345,1.329061042102738,6.3543108669494845,1.3079421878264816
C4,3005.0,242964.66156344008,364931.1158545263,8.90999984741211,,,,,,
C4,3010.0,242965.92423190203,364935.9537950339,9.15999984741211,,,,,,
C4,3015.0,242967.18690036394,364940.7917355415,8.057500839233398,,,,,,
C4,3020.0,242968.4495688259,364945.6296760491,8.180743217468262,,,,,,
C4,3025.0,242969.7122372878,364950.46761655674,8.157500267028809,,,,,,
C4,3030.0,242970.97490574975,364955.30555706436,8.092500686645508,,,,,,
C4,3035.0,242972.2375742117,364960.143497572,8.067500114440918,,,,,,
C4,3040.0,242973.50024267362,364964.9814380796,8.045845985412598,,,,,,
C4,3045.0,242974.76291113556,364969.8193785872,8.004212379455566,,,,,,
C4,3050.0,242976.0255795975,364974.6573190948,7.901480197906494,,,,,,
C4,3055.0,242977.28824805943,364979.49525960244,7.911500930786133,,,,,,
C4,3060.0,242978.55091652137,364984.33320011006,7.932784080505371,,,,,,
C4,3065.0,242979.8135849833,364989.1711406177,8.006128311157227,,,,,,
C4,3070.0,242981.07625344524,364994.0090811253,8.020000457763672,,,,,,
C4,3075.0,242982.33892190718,364998.8470216329,7.934999942779541,,,,,,
C4,3080.0,242983.6015903691,365003.6849621405,7.840000152587891,,,,,,
C4,3085.0,242984.86425883105,365008.52290264814,7.862500190734863,,,,,,
C4,3090.0,242986.12692729296,365013.36084315577,7.827499866485596,,,,,,
C4,3095.0,242987.3895957549,365018.1987836634,7.860000133514404,,,,,,
C4,3100.0,242988.65226421686,365023.03672417096,8.0,,,,,,
C4,3105.0,242989.91493267877,365027.8746646786,7.985000133514404,,,,,,
C4,3110.0,242991.17760114072,365032.7126051862,8.204999923706055,,,,,,
C4,3115.0,242992.44026960267,365037.55054569384,8.1899995803833,,,,,,
C4,3120.0,242993.70293806458,365042.38848620147,8.050000190734863,,,,,,
C4,3125.0,242994.96560652653,365047.2264267091,8.147500038146973,,,,,,
C4,3130.0,242996.22827498845,365052.06436721666,8.114999771118164,,,,,,
C4,3135.0,242997.4909434504,365056.9023077243,8.069999694824219,,,,,,
C4,3140.0,242998.75361191234,365061.7402482319,8.057499885559082,,,,,,
C4,3145.0,243000.01628037426,365066.57818873954,7.96999979019165,,,,,,
C4,3150.0,243001.2789488362,365071.41612924717,7.985000133514404,,,,,,
C4,3155.0,243002.54161729815,365076.25406975474,7.932499885559082,,,,,,
R100,0.0,241292.0,364488.0,14.732500076293945,14.12499191110089,0.22402237743533593,13.340789389631354,0.22071073499381735,12.708470692735196,0.21720362905634327
R100,5.0,241296.92403876505,364487.13175911165,14.704999923706055,14.069318441619984,0.29041362370244944,13.286746536182104,0.28612054327224673,12.655835118307458,0.2815740718268544
R100,10.0,241301.84807753013,364486.2635182233,14.682499885559082,14.013539536920158,0.35275172360906426,13.232506671287332,0.34753712139961523,12.602939975362737,0.3420147370964579
R100,15.0,241306.77211629518,364485.395277335,14.6899995803833,13.957655197002603,0.4110366771542523,13.178069794948208,0.40496046937500835,12.549785263902187,0.39852562486425375
R100,20.0,241311.69615506026,364484.52703644667,14.645000457763672,13.902811909741759,0.4613211213677144,13.124825993594737,0.4545015766801558,12.497924254452697,0.447279521205978
R100,25.0,241316.6201938253,364483.6587955583,14.609999656677246,13.850106851508313,0.5019973332615911,13.074126211158097,0.49457648672012444,12.448878530719345,0.4867176386851717
R100,30.0,241321.54423259036,364482.79055467,14.53499984741211,13.79738833492177,0.5415315658745615,13.02337165001818,0.5335262989493893,12.39975009445155,0.5250485362207626
R100,35.0,241326.46827135544,364481.92231378163,14.5,13.744656359981871,0.5799238192068398,12.972562310174737,0.5713510133681614,12.35053894564907,0.5622722138129588
R100,40.0,241331.3923101205,364481.05407289334,14.557499885559082,13.692580270084292,0.6143238739048618,12.92238928517063,0.6052425443935394,12.301946445568456,0.5956252065157126
R100,45.0,241336.31634888554,364480.185832005,14.475000381469727,13.642216218135287,0.6408190919547697,12.873956434956138,0.6313460931364189,12.25510202716346,0.6213139684097084
R100,50.0,241341.2403876506,364479.31759111665,14.382499694824219,13.591881806151399,0.6669004469789386,12.825534178007509,0.6570418968422547,12.20825554102706,0.6466014643580941
R100,55.0,241346.16442641566,364478.4493502283,14.505000114440918,13.54157703413312,0.6925679389770587,12.777122514325205,0.6823299555107417,12.161406987159705,0.6714876943605699
R100,60.0,241351.08846518074,364477.58110934,14.522500038146973,13.491862337956666,0.7164923842082814,12.72928249788364,0.7059007342476277,12.115113729133682,0.694683932105556
R100,65.0,241356.0125039458,364476.71286845166,14.555000305175781,13.444164395362083,0.7354267359713421,12.683446359808205,0.7245551862786443,12.070801357321695,0.7130419638508558
R100,70.0,241360.93654271084,364475.8446275633,14.607500076293945,13.396516123163035,0.7541234598054981,12.637647386360698,0.7429755231492132,12.026517867694832,0.7311696005386963
R100,75.0,241365.86058147592,364474.97638667497,14.479999542236328,13.3489175213593,0.7725825557108639,12.591885577540893,0.7611617448594469,11.982263260252882,0.7490668421691884
R100,80.0,241370.78462024097,364474.1081457866,14.225000381469727,13.301821490382784,0.7901789201184156,12.546609815275795,0.7784979885222176,11.938480371547982,0.7661276119509104
R100,85.0,241375.70865900605,364473.23990489834,14.21500015258789,13.257176762467576,0.804280746796218,12.503753009209522,0.7923913529533404,11.897077102599493,0.7798002100444471
R100,90.0,241380.6326977711,364472.37166401,14.1875,13.212602867401912,0.8182155839231183,12.460956875202413,0.8061201963802074,11.855727671611778,0.7933109013816843
R100,95.0,241385.55673653615,364471.50342312164,14.082500457763672,13.168099805186216,0.8319834314992685,12.418221413254905,0.8196845188029682,11.81443207858529,0.8066596859627692
R100,100.0,241390.48077530123,364470.6351822333,14.194999694824219,13.123978619312306,0.8453348555185979,12.375853785139634,0.8328385735090155,11.773492625234507,0.8196047220040958
R100,105.0,241395.40481406628,364469.76694134495,14.202500343322754,13.082810449860526,0.8562947534508507,12.336415015959634,0.8436364552005108,11.73544574715134,0.8302310247517956
R100,110.0,241400.32885283136,364468.89870045666,14.27750015258789,13.04170340607437,0.8672250337123272,12.297082472448091,0.8544051570486362,11.697537441486947,0.8408286113254675
R100,115.0,241405.2528915964,364468.0304595683,14.367500305175781,13.000669411448477,0.8779373265373178,12.25780722803952,0.8649590938903762,11.659675440832135,0.8512148455207129
R100,120.0,241410.17693036146,364467.16221867997,14.095000267028809,12.959834236023193,0.8883772384649035,12.21871342503705,0.8752446763438384,11.621981912114695,0.861336989493914
R100,125.0,241415.10096912654,364466.2939777916,14.175000190734863,12.92247115790842,0.8971786630310292,12.183033038429555,0.8839159926069293,11.587638166226679,0.8698705180567581
R100,130.0,241420.02500789159,364465.42573690333,14.305000305175781,12.88522860406235,0.9058371961607391,12.147458858455774,0.8924465297464659,11.553390329053576,0.8782655044841919
R100,135.0,241424.94904665663,364464.557496015,14.279999732971191,12.84810657448361,0.9143528378538883,12.111990885114334,0.9008362877623055,11.519238400594002,0.8865219487760758
R100,140.0,241429.8730854217,364463.68925512664,14.125,12.811105069172648,0.9227255881106375,12.076629118405695,0.9090852666546064,11.485182380848439,0.894639850932565
R100,145.0,241434.79712418676,364462.8210142383,13.994999885559082,12.777838303204096,0.9302182975067117,12.044942181280463,0.9164672140146853,11.454735843608123,0.9019044987363518
R100,150.0,241439.72116295184,364461.95277334994,14.444999694824219,12.744839893747802,0.9376129785436328,12.013508479850207,0.9237525821336903,11.424530770587513,0.9090741019486052
R100,155.0,241444.6452017169,364461.08453246165,14.1899995803833,12.712014903397357,0.9449299738544202,11.982234288173048,0.9309614129267916,11.394474892022668,0.9161683840173428
R100,160.0,241449.56924048194,364460.2162915733,14.510000228881836,12.67936333215145,0.9521692834388849,11.95111960624767,0.9380937063938026,11.36456820791227,0.9231873449423814
R100,165.0,241454.49327924702,364459.34805068496,14.817500114440918,12.650227408250224,0.9590033470974344,11.923466824494003,0.9448267445400963,11.338064738314259,0.9298133947360707
R100,170.0,241459.41731801207,364458.4798097966,15.1899995803833,12.621632698161442,0.9657789928091423,11.896337457627958,0.9515022283111069,11.312069460196238,0.936382804696718
R100,175.0,241464.34135677715,364457.61156890827,15.744999885559082,12.593260958149838,0.9725299406711566,11.869417077846077,0.9581533793318788,11.28627257050698,0.9429282685558886
R100,180.0,241469.2653955422,364456.74332802,16.38249969482422,12.565112188216192,0.9792561906835034,11.842705685149138,0.9647801976024376,11.260674069247257,0.9494497863136078
R100,185.0,241474.18943430725,364455.87508713163,15.880000114440918,12.540034704110385,0.9857322514895097,11.819022381657733,0.9711605251239734,11.238056086481864,0.955728730074086
R100,190.0,241479.11347307233,364455.0068462433,15.332500457763672,12.51571506157645,0.9921776957207267,11.796077633718271,0.9775106886645657,11.216159356825246,0.9619779891609643
R100,195.0,241484.03751183738,364454.13860535494,14.734999656677246,12.491656672912118,0.9986347726225178,11.77337996159877,0.9838723129141344,11.194498865679986,0.9682385268455127
R100,200.0,241488.96155060246,364453.2703644666,14.449999809265137,12.467859538117182,1.005103482194981,11.750929365299047,0.9902453978727761,11.173074613045912,0.9745103431278263
R100,205.0,241493.8855893675,364452.4021235783,14.40250015258789,12.446548020570456,1.0112773425763382,11.73093469784262,0.9963279922901676,11.154072543767922,0.9804962847798305
R100,210.0,241498.80962813256,364451.53388268995,14.4375,12.42611327468492,1.017397800149159,11.7117983731329,1.0023579733335906,11.135911826741648,0.9864304490873202
R100,215.0,241503.73366689763,364450.6656418016,14.507499694824219,12.4059633050313,1.023548753242876,11.692932528535295,1.0084179990935598,11.11801071806092,0.9923941806991307
R100,220.0,241508.65770566268,364449.79740091326,13.864999771118164,12.386113479010941,1.029703456431872,11.674360364614527,1.014481719512495,11.100397387582195,0.9983615482615691
R100,225.0,241513.58174442773,364448.92916002497,14.517499923706055,12.368203421069564,1.0353748500066742,11.657736889376437,1.0200692749099414,11.084728219533485,1.0038603170913338
R100,230.0,241518.5057831928,364448.0609191366,14.645000457763672,12.351207561922692,1.0409360002645713,11.642010608307432,1.025548216677902,11.069940363648586,1.0092521981682578
R100,235.0,241523.42982195786,364447.1926782483,14.454999923706055,12.334532439993302,1.0465523984737792,11.626588437755535,1.031081589686521,11.055444034834231,1.0146976455703836
R100,240.0,241528.35386072294,364446.32443735993,14.364999771118164,12.318178055281276,1.0522240446343873,11.611470377720654,1.0366693939358875,11.041239233090328,1.0201966592977978
R100,245.0,241533.277899488,364445.4561964716,14.59749984741211,12.30315817757511,1.0573996469785731,11.59768307915006,1.0417684872066808,11.028356667964651,1.0252147276914128
R100,250.0,241538.20193825304,364444.5879555833,14.449999809265137,12.288962348772872,1.0623430044892828,11.584710029613788,1.0466387688360843,11.016278391573122,1.0300076202734125
R100,255.0,241543.12597701812,364443.71971469495,14.977499961853027,12.275080297028294,1.0673288372115475,11.572034560284223,1.0515508977812222,11.004485814285022,1.0348416952149602
R100,260.0,241548.05001578317,364442.8514738066,14.84000015258789,12.261512022341876,1.0723571451454073,11.559656671161862,1.0565048740421341,10.99297893610085,1.0397169525160948
R100,265.0,241552.97405454825,364441.98323291825,14.837499618530273,12.248816793781488,1.0768408794548099,11.548160159124674,1.0609223269151873,10.982355339645979,1.0440642118160015
R100,270.0,241557.8980933133,364441.1149920299,14.350000381469727,12.236791612921808,1.0809690498650624,11.537334020966586,1.064989472062701,10.972399941815977,1.048066729799714
R100,275.0,241562.82213207835,364440.2467511416,14.022500038146973,12.225067213190513,1.085123321799909,11.526793016961594,1.0690823328853305,10.962718628730357,1.0520945548350271
R100,280.0,241567.74617084343,364439.3785102533,13.8149995803833,12.213643594586868,1.089303695259155,11.51653714710893,1.0732009093828845,10.953311400388326,1.0561476869217525
R100,285.0,241572.67020960848,364438.5102693649,14.422499656677246,12.202746379023775,1.0929586409619734,11.50682573660202,1.0768018253341074,10.944457957914238,1.0596913841171713
R100,290.0,241577.59424837353,364437.6420284766,13.9399995803833,12.192328512025657,1.0961623149196738,11.497607006236947,1.0799581405285867,10.936104048460638,1.0627975452867295
R100,295.0,241582.5182871386,364436.77378758823,13.852499961853027,12.18219603075594,1.0993767274636743,11.488658702968447,1.0831250355646957,10.928010429223242,1.0659141181836427
R100,300.0,241587.44232590366,364435.90554669994,13.807499885559082,12.172348935214982,1.1026018785940277,11.479980826796886,1.0863025104424868,10.920177100202423,1.0690411028079623
R100,305.0,241592.36636466873,364435.0373058116,14.050000190734863,12.162782372762855,1.1053704822515227,11.471608833656262,1.089030186824985,10.912663596754038,1.0717254362602284
R100,310.0,241597.29040343378,364434.16906492325,14.52750015258789,12.153484115658976,1.1076359810758813,11.463534399549356,1.0912621955926731,10.905464260494174,1.0739219782837979
R100,315.0,241602.21444219883,364433.3008240349,14.6850004196167,12.144455256661846,1.1099003589160754,11.455715276181085,1.0934930999473034,10.898511069209992,1.0761174334434946
R100,320.0,241607.1384809639,364432.4325831466,14.175000190734863,12.135695795771706,1.1121636157722405,11.448151463551717,1.0957228998890098,10.891804022901791,1.0783118017394508
R100,325.0,241612.06251972896,364431.56434225827,14.167499542236328,12.127051834460836,1.1140656266688491,11.440733226215396,1.0975967940406306,10.885258629343435,1.0801559196082253
R100,330.0,241616.98655849404,364430.6961013699,13.702500343322754,12.11845246051379,1.1154617909545292,11.433407540649236,1.098972319330367,10.878832365508034,1.0815095877241965
R100,335.0,241621.9105972591,364429.8278604816,13.342499732971191,12.110158302895254,1.1168360791028782,11.4263762804021,1.1003262918698655,10.872693325348452,1.0828420455643357
R100,340.0,241626.83463602414,364428.9596195932,13.345000267028809,12.102327137671654,1.1181399525551823,11.419803022538943,1.1016108906285198,10.867007599980038,1.0841062319768868
R100,345.0,241631.75867478922,364428.09137870494,13.27750015258789,12.09450992803098,1.1191712007762962,11.413274291633156,1.1026268942770079,10.861381919642938,1.08510609127059
R100,350.0,241636.68271355427,364427.2231378166,13.2475004196167,12.086503530468658,1.1197269281923197,11.406624040176787,1.1031744065739364,10.85567051573911,1.0856449035665054
R100,355.0,241641.60675231935,364426.35489692824,13.414999961853027,12.07873465897152,1.1202607052023057,11.400198434720156,1.1037002929498083,10.850176256221463,1.0861624335784592
R100,360.0,241646.5307910844,364425.4866560399,13.305000305175781,12.071203313539627,1.1207725318062274,11.39399747526331,1.104204553404597,10.844899141090023,1.0866586813064247
R100,365.0,241651.45482984945,364424.61841515155,13.117500305175781,12.06363347895041,1.1211036708743047,11.3877878070574,1.1045307973625853,10.839627317140774,1.0869797412296776
R100,370.0,241656.37886861453,364423.75017426326,13.087499618530273,12.055632428913993,1.121037589207351,11.381237014070948,1.104465692557218,10.834058968106431,1.086915670943307
R100,375.0,241661.30290737958,364422.8819333749,13.007499694824219,12.047852614901764,1.1209545848574363,11.374896494410894,1.104383915230843,10.828694669726142,1.0868351930632192
R100,380.0,241666.22694614463,364422.01369248657,13.077500343322754,12.040294036913856,1.120854657824692,11.36876624807742,1.10428546538359,10.823534422000112,1.0867383075895423
R100,385.0,241671.1509849097,364421.1454515982,12.989999771118164,12.032685564871022,1.1206471902427733,11.3626120166502,1.1040810647205344,10.818361206309891,1.0865371548644502
R100,390.0,241676.07502367476,364420.27721070993,13.132499694824219,12.024399319536197,1.1201317965888251,11.355891231203902,1.1035732899461428,10.812672485944605,1.0860374486596154
R100,395.0,241680.99906243983,364419.4089698216,13.135000228881836,12.016317750288682,1.1196092907521993,11.349366287066136,1.103058508125919,10.807174613102793,1.0855308467512985
R100,400.0,241685.92310120488,364418.54072893324,13.162500381469727,12.008440857128683,1.1190796727330015,11.34303718423713,1.1025367192599682,10.801867587784681,1.085017349139603
R100,405.0,241690.84713996993,364417.6724880449,13.109999656677246,12.000536399405679,1.1184924440335278,11.336699794304211,1.101958171351767,10.796559368844774,1.084447994390012
R100,410.0,241695.771178735,364416.80424715654,12.992500305175781,11.991709015851788,1.1176620441420968,11.329567178405746,1.101140046964133,10.790509737451927,1.0836428700446428
R100,415.0,241700.69521750006,364415.93600626825,13.007499694824219,11.983069357699602,1.1168364211632889,11.322615574639617,1.1003266288737357,10.784637211034411,1.0828423772131839
R100,420.0,241705.61925626514,364415.0677653799,12.987500190734863,11.974617424948825,1.116015575096868,11.315844983005501,1.0995179170803424,10.778941789591872,1.0820465158954071
R100,425.0,241710.5432950302,364414.19952449156,12.920000076293945,11.966187632132556,1.1151686091485913,11.309107407808893,1.0986834715259397,10.77328232322722,1.0812253297275218
R100,430.0,241715.46733379524,364413.3312836032,12.922499656677246,11.956600870835283,1.114083427369097,11.301349016141813,1.0976143315995222,10.766653805263989,1.0801731784943167
R100,435.0,241720.39137256032,364412.46304271487,12.857500076293945,11.947184667612401,1.1130140767768661,11.293756331595437,1.0965607888336046,10.760187938178564,1.0791363765818591
R100,440.0,241725.31541132537,364411.5948018266,12.975000381469727,11.937939022464082,1.111960557372011,11.28632935416994,1.095522843228297,10.75388472197113,1.0781149239902577
R100,445.0,241730.23945009042,364410.72656093823,13.305000305175781,11.928785760466468,1.1109056873262395,11.278996990074141,1.0944835669481128,10.747675476122813,1.0770921618682778
R100,450.0,241735.1634888555,364409.8583200499,13.0649995803833,11.91830569566778,1.1095121365114469,11.270473407501406,1.0931106164952584,10.740320333174157,1.075741027674888
R100,455.0,241740.08752762055,364408.99007916154,13.005000114440918,11.908185759201821,1.1080345151182078,11.262313170341823,1.09165483824917,10.733331009729953,1.0743083818265298
R100,460.0,241745.01156638563,364408.1218382732,13.050000190734863,11.898213385076534,1.106593556857525,11.254298189439357,1.0902351811576976,10.72648527218416,1.0729112831656211
R100,465.0,241749.93560515068,364407.2535973849,13.162500381469727,11.888388573292062,1.1051892617295185,11.246428464794151,1.0888516452209585,10.719783120536935,1.0715497316922775
R100,470.0,241754.85964391573,364406.38535649655,13.042499542236328,11.877055688959661,1.1033342805364825,11.237171153396734,1.087024085549665,10.71172563261408,1.069751212046349
R100,475.0,241759.7836826808,364405.5171156082,12.920000076293945,11.86583071751549,1.1015151593467114,11.22802194686699,1.0852318557760678,10.703775238091739,1.0679874609040672
R100,480.0,241764.70772144585,364404.64887471986,12.930000305175781,11.854735481108424,1.0997383932136076,11.219001045978471,1.0834813549395244,10.695951689638786,1.0662647756236958
R100,485.0,241769.63176021093,364403.7806338316,13.039999961853027,11.843769979738349,1.0980039821372924,11.210108450731116,1.0817725830401543,10.688254987255215,1.0645831562053534
R100,490.0,241774.55579897598,364402.9123929432,13.100000381469727,11.831372375080052,1.095667777880896,11.199872088558147,1.0794709140534717,10.679229098756554,1.0623180608675657
R100,495.0,241779.47983774103,364402.0441520549,13.487500190734863,11.818962343538441,1.0933207964726726,11.189629193746153,1.0771586272297327,10.670196350928284,1.0600425164107459
R100,500.0,241784.4038765061,364401.17591116653,13.97249984741211,11.806665508219426,1.0910150622183605,11.179498136382733,1.0748869778180203,10.661273810976398,1.057806963635204
R100,505.0,241789.32791527116,364400.3076702782,13.0649995803833,11.79448186912315,1.0887505751179671,11.169478916468,1.0726559658183423,10.652461478900992,1.055611402540947
R100,510.0,241794.25195403624,364399.4394293899,12.734999656677246,11.780988915132603,1.0857248883228914,11.158208003665187,1.0696750066660905,10.642396537452694,1.052677810996301
R100,515.0,241799.1759928013,364398.57118850155,12.755000114440918,11.76737071315475,1.082606819964092,11.146819259839024,1.0666030315936421,10.632211834324956,1.0496546497795192
R100,520.0,241804.10003156634,364397.7029476132,12.717499732971191,11.753851116521655,1.0795227114023367,11.135527175461664,1.063564514302737,10.62212171696773,1.0466644146982609
R100,525.0,241809.02407033142,364396.83470672485,13.03499984741211,11.740430125233242,1.0764725626376166,11.124331750533042,1.0605594547933657,10.612126185380964,1.0437071057525174
R100,530.0,241813.94810909647,364395.9664658365,12.832500457763672,11.725858031006513,1.0725139994129174,11.112016807008935,1.0566594095892063,10.600998142487944,1.0398690324847157
R100,535.0,241818.87214786152,364395.0982249482,12.739999771118164,11.711064691161056,1.068344636489653,11.099486005790002,1.0525516808628297,10.589648927501653,1.0358265757974767
R100,540.0,241823.7961866266,364394.2299840599,12.765000343322754,11.69635781698118,1.064196118922783,11.087038664856525,1.0484644893434196,10.578380497886975,1.031804329979837
R100,545.0,241828.72022539165,364393.3617431715,12.942500114440918,11.681737408467047,1.0600684467124473,11.07467478420866,1.0443978350311138,10.567192853644075,1.027802295031932
R100,550.0,241833.64426415673,364392.4935022832,13.140000343322754,11.666145964889422,1.0549055170340513,11.061351589297171,1.03931122709064,10.555024561111047,1.0227965135760375
R100,555.0,241838.56830292178,364391.6252613949,13.03499984741211,11.650261414143525,1.0493757615454555,11.04773626389399,1.0338632159943695,10.542554335777035,1.0174350716806981
R100,560.0,241843.49234168683,364390.75702050654,12.6274995803833,11.634453898582128,1.0438475487879642,11.034193601232923,1.0284167248235632,10.530153437640314,1.012075125559122
R100,565.0,241848.4163804519,364389.8887796182,12.739999771118164,11.61874025014119,1.0383297712459978,11.020743271825014,1.0229805146082331,10.51784332416846,1.0067252970280647
R100,570.0,241853.34041921695,364389.02053872985,12.952500343322754,11.602350997214504,1.0317445208678482,11.00663484229425,1.0164926116248456,10.504861054872789,1.0003404871858363
R100,575.0,241858.26445798203,364388.1522978415,12.8774995803833,11.585613117037253,1.0246180471179942,10.992173249941793,1.0094714859807674,10.491510978966971,0.9934309276208082
R100,580.0,241863.18849674708,364387.2840569532,13.287500381469727,11.568933333930808,1.0174871349614036,10.977763778834923,1.0024459875413276,10.478209172360087,0.9865170647443815
R100,585.0,241868.11253551213,364386.41581606487,12.864999771118164,11.552311647895174,1.0103517843978393,10.963406428973588,0.9954161163062931,10.464955635052048,0.9795988985563261
R100,590.0,241873.0365742772,364385.5475751765,12.552499771118164,11.53507906128032,1.0020138281387792,10.948427922186125,0.987201417064489,10.45105234980219,0.9715147313447721
R100,595.0,241877.96061304226,364384.6793342882,12.274999618530273,11.517485972118308,0.9928954480234035,10.933078676029933,0.9782178306923675,10.43675854408518,0.96267389466239
R100,600.0,241882.88465180734,364383.8110933998,12.232500076293945,11.49994755805999,0.9837339919905718,10.917776149392198,0.96919180517863,10.422506923162732,0.9537912931987246
R100,605.0,241887.8086905724,364382.94285251154,12.272500038146973,11.482463819105515,0.9745294600404806,10.902520342273078,0.9601233405234706,10.40829748703502,0.9448669269539669
R100,610.0,241892.73272933744,364382.0746116232,12.412500381469727,11.464540244462306,0.9640587806124559,10.886810760137445,0.9498074453944876,10.393605293649417,0.9347149519753587
R100,615.0,241897.65676810252,364381.20637073484,12.177499771118164,11.446273786893117,0.9525202061800905,10.87074387573762,0.9384394415700524,10.378531172935155,0.923527586367292
R100,620.0,241902.58080686757,364380.3381298465,12.1225004196167,11.428060690183989,0.9408818763583339,10.854720254414158,0.9269731570043744,10.363495154880795,0.9122435017044556
R100,625.0,241907.50484563262,364379.46988895815,11.787500381469727,11.409900954334805,0.9291437911471274,10.838739896166956,0.9154085916973955,10.348497239486246,0.900862697986792
R100,630.0,241912.4288843977,364378.60164806986,12.3100004196167,11.391452136865505,0.9161044195908995,10.822456915905677,0.9025619764947777,10.333168835419627,0.8882202162180087
R100,635.0,241917.35292316275,364377.7334071815,12.239999771118164,11.372704891361352,0.9016672863941859,10.805860056645347,0.8883382622607526,10.317497605354808,0.8742225175984184
R100,640.0,241922.27696192783,364376.86516629317,12.6875,11.35401100246608,0.8870450916683835,10.789304023106222,0.8739322221958583,10.30186142339749,0.8600453903156047
R100,645.0,241927.20100069288,364375.9969254048,13.15250015258789,11.335370470179923,0.872237835413642,10.772788815288507,0.8593438563002425,10.286260289547865,0.8456888343697126
R100,650.0,241932.12503945793,364375.12868451653,12.742500305175781,11.316569198381123,0.8561649821896842,10.756103964277267,0.8435086023015523,10.270464115922884,0.8301052034424139
R100,655.0,241937.049078223,364374.2604436282,12.957500457763672,11.297539726557645,0.8383934174613049,10.739181152546886,0.8259997482414383,10.254397901854269,0.812874566052233
R100,660.0,241941.97311698805,364373.39220273984,12.9399995803833,11.278564226661882,0.8203104666016316,10.722296977388353,0.8081841111595438,10.238363902757698,0.795342020439639
R100,665.0,241946.89715575313,364372.5239618515,12.40250015258789,11.259642698693602,0.8019161296104805,10.705451438801472,0.7900616910556877,10.222362118632981,0.7775075666044533
R100,670.0,241951.82119451818,364371.65572096314,12.852499961853027,11.240669145071523,0.7825347884861052,10.688556425727622,0.7709668573467661,10.206289889860964,0.7587161508707477
R100,675.0,241956.74523328323,364370.78748007485,12.575630187988281,11.221569798650643,0.7615840085766135,10.671548930271978,0.7503257853034828,10.190073589269403,0.7384030666162534
R100,680.0,241961.6692720483,364369.9192391865,12.637499809265137,11.202525216116975,0.7401905291859678,10.654580272243576,0.7292485580467223,10.173890677422303,0.7176607576790065
R100,685.0,241966.59331081336,364369.05099829816,12.96500015258789,11.18352702444698,0.7184842436288863,10.637658294005247,0.7078631487249182,10.157762069069372,0.6966151637069524
R100,690.0,241971.5173495784,364368.1827574098,13.087499618530273,11.164564013090478,0.6965168654527086,10.620793565295415,0.6862205064225901,10.141676829073905,0.6753164242008065
R100,695.0,241976.4413883435,364367.31451652147,13.550000190734863,11.145621129601519,0.6743949297032366,10.6040210762888,0.6644255913161812,10.125661107401582,0.6538678315139268
R100,700.0,241981.36542710854,364366.4462756332,13.220000267028809,11.126723366038298,0.6511090745764995,10.587265457384458,0.6414839626352825,10.109653272272094,0.6312907465953564
R100,705.0,241986.28946587362,364365.57803474483,12.8125,11.107870722400762,0.6266593000716418,10.570526708582292,0.6173956203790522,10.093653323685293,0.6075851694442657
R100,710.0,241991.21350463867,364364.7097938565,12.774999618530273,11.089139795584328,0.6038850544847325,10.55396706095743,0.5949580382976449,10.077829724080573,0.5855041217965247
R100,715.0,241996.13754340372,364363.84155296814,12.932499885559082,11.070697606769357,0.5890178641781525,10.537936519363182,0.5803106243338961,10.062547103566308,0.5710894560595287
R100,720.0,242001.0615821688,364362.97331207985,12.692500114440918,11.052315633109238,0.573610594756606,10.521948812655586,0.5651311150510709,10.047301227361773,0.556151150027817
R100,725.0,242005.98562093385,364362.1050711915,12.244999885559082,11.033993874604395,0.5576632462193288,10.506003940834955,0.5494195104484162,10.03209209546721,0.5406892037006489
R100,730.0,242010.90965969893,364361.23683030315,11.944999694824219,11.015844296030613,0.5451608866745379,10.490307944520136,0.5371019688013537,10.01713682708947,0.5285673884789714
R100,735.0,242015.83369846398,364360.3685894148,11.542499542236328,10.998266751645907,0.55080085654952,10.475597655130684,0.5426585650241033,10.003214126717683,0.5340356900771661
R100,740.0,242020.75773722903,364359.50034852646,11.375,10.980779323060034,0.55775108024449,10.46098692753562,0.5495060460544707,9.989391753472791,0.5407743642512279
R100,745.0,242025.6817759941,364358.6321076382,11.322500228881836,10.963382010272767,0.5660115577598641,10.446475761734781,0.5576444118928658,9.975669707354662,0.5487834110015608
R100,750.0,242030.60581475915,364357.7638667498,11.007499694824219,10.946130855192717,0.5757727506358093,10.432146975122238,0.56726130855482,9.96212873536521,0.5582474946380107
R100,755.0,242035.52985352423,364356.8956258615,11.667499542236328,10.92937036957844,0.5880224037326224,10.418508446829724,0.5793298794226478,9.949264041166664,0.5701242952400922
R100,760.0,242040.45389228928,364356.02738497313,12.432499885559082,10.912701939384672,0.6012628254853266,10.40497015238538,0.5923745727686182,9.936500367185623,0.5829617076795717
R100,765.0,242045.37793105433,364355.1591440848,12.074999809265137,10.896125564611305,0.615494015894017,10.39153209178912,0.6063953885928245,9.92383771342201,0.5967597319565406
R100,770.0,242050.3019698194,364354.2909031965,12.614999771118164,10.87966513550074,0.6302530871778198,10.378219269422813,0.6209362818184669,9.911296724754614,0.6110695695759627
R100,775.0,242055.22600858446,364353.42266230815,12.555000305175781,10.86366043429733,0.6386668365240493,10.365384092274498,0.6292256537253188,9.89916684024788,0.619227222899807
R100,780.0,242060.1500473495,364352.5544214198,11.875,10.84774401780858,0.6475984591948614,10.35263913216841,0.6380252434211088,9.887126830082655,0.6278869866233991
R100,785.0,242065.0740861146,364351.68618053145,11.970000267028809,10.831915886034379,0.6570479551903226,10.339984389104469,0.6473350509059026,9.875176694258867,0.6370488607468039
R100,790.0,242069.99812487964,364350.8179396431,11.975000381469727,10.816176038974943,0.6670153245102992,10.327419863082847,0.6571550761795684,9.863316432776667,0.6467128452698913
R100,795.0,242074.92216364472,364349.9496987548,11.579999923706055,10.80096823002949,0.6688266549715646,10.315337634148852,0.65893963039217,9.851845698121114,0.6484690428162939
R100,800.0,242079.84620240977,364349.0814578665,11.537500381469727,10.785773658884926,0.671985929648426,10.30325571871607,0.6620522026444156,9.840384427937291,0.6515321561214431
R100,805.0,242084.77024117482,364348.2132169781,11.34000015258789,10.770659231977467,0.6753830797126334,10.291240398521117,0.6653991338574611,9.828985898747394,0.6548259044104029
R100,810.0,242089.6942799399,364347.3449760898,11.15999984741211,10.755624949307004,0.6790181051642074,10.279291673563911,0.6689804240313262,9.817650110551352,0.6583502876831924
R100,815.0,242094.61831870495,364346.4767352015,11.307499885559082,10.741189395177022,0.6748434006792589,10.267845109558642,0.6648674327056958,9.806710746284212,0.6543026520196705
R100,820.0,242099.54235747003,364345.60849431314,11.412500381469727,10.726870083314065,0.6704274823320518,10.256490757767647,0.6605167932958321,9.795851787284132,0.6500211445132593
R100,825.0,242104.46639623508,364344.7402534248,11.460000038146973,10.712632741537387,0.6663047981086014,10.245199681888723,0.65645505323483,9.785051002896973,0.6460239457289045
R100,830.0,242109.39043500012,364343.87201253645,11.532500267028809,10.698477369846898,0.6624753480088786,10.233971881921791,0.6526822125226608,9.774308393122668,0.6423110556665781
R100,835.0,242114.3144737652,364343.0037716481,11.399999618530273,10.685002463492395,0.6513246595438162,10.223278708337986,0.6416963606864733,9.763979542526057,0.6314997696302328
R100,840.0,242119.23851253025,364342.1355307598,11.229999542236328,10.671698104108867,0.6396035632596728,10.212710850993286,0.6301485331654425,9.753751956904084,0.6201354377340935
R100,845.0,242124.1625512953,364341.26728987147,11.085000038146973,10.658479999240514,0.6284018587740869,10.202201415263602,0.6191124194602677,9.743574926310494,0.6092746884926693
R100,850.0,242129.08659006038,364340.3990489831,10.967499732971191,10.64534814888708,0.6177195460869123,10.191750401148749,0.6085880195708042,9.733448450745131,0.598917521905818
R100,855.0,242134.01062882543,364339.5308080948,10.90999984741211,10.633024047186721,0.6011189387993616,10.181836928714517,0.5922328131077673,9.723694947218656,0.5828222005877758
R100,860.0,242138.9346675905,364338.6625672064,10.917499542236328,10.620960125149963,0.584153669783643,10.172083596871985,0.5755183355801253,9.714052180571887,0.5663733170424264
R100,865.0,242143.85870635556,364337.79432631814,10.880000114440918,10.608993046548486,0.5683494153862755,10.162380530864244,0.5599477098080687,9.704445366850823,0.5510501093843256
R100,870.0,242148.7827451206,364336.9260854298,10.859999656677246,10.597122811382564,0.5537061756075796,10.152727730691476,0.5455209357919133,9.694874506055593,0.5368525776137841
R100,875.0,242153.7067838857,364336.05784454144,10.899999618530273,10.586372014461991,0.5417290585003264,10.143548429755224,0.5337208721119214,9.685470944447518,0.5252400176052591
R100,880.0,242158.63082265074,364335.1896036531,10.8725004196167,10.576056935405038,0.5321267981193855,10.134550168588927,0.5242605585028877,9.676134801739137,0.5159300289082656
R100,885.0,242163.55486141582,364334.32136276475,10.895000457763672,10.56584220150761,0.5245066258756043,10.125592805503615,0.5167530325328286,9.666821300333742,0.508541797945522
R100,890.0,242168.47890018087,364333.45312187646,10.850000381469727,10.55572781276966,0.5188685417686089,10.11667634049928,0.511198294201376,9.657530440231362,0.5030753247166655
R100,895.0,242173.40293894592,364332.5848809881,10.880000114440918,10.54704212565015,0.5300928376883127,10.108135858051046,0.5222566653794797,9.648157548056805,0.5139579777586125
R100,900.0,242178.326977711,364331.71664009977,10.895000457763672,10.538974670776426,0.5470256873951533,10.099791872399145,0.5389392028411795,9.63879989221151,0.5303754287675086
R100,905.0,242183.25101647605,364330.8483992114,10.904999732971191,10.530917816618759,0.5624813541673223,10.091495664809017,0.5541663940338416,9.62951145552004,0.5453606590409175
R100,910.0,242188.17505524112,364329.98015832313,10.989999771118164,10.522866508440348,0.5764336912564765,10.083242172295066,0.5679124787271281,9.620287736480902,0.5588883176800006
R100,915.0,242193.09909400617,364329.1119174348,11.0600004196167,10.515594053351222,0.593633890188803,10.07516383533118,0.5848584132867233,9.610995638678519,0.5755649803920878
R100,920.0,242198.02313277122,364328.24367654644,10.970000267028809,10.508900452298194,0.6133169088233577,10.06732026957141,0.604250464915248,9.601789508446863,0.5946488912361254
R100,925.0,242202.9471715363,364327.3754356581,11.167499542236328,10.502205455723864,0.632321603571041,10.059503583063671,0.6229742200756728,9.59263016281221,0.6130751248803002
R100,930.0,242207.87121030135,364326.50719476974,11.227499961853027,10.495509063628353,0.6506479744316709,10.051713775808079,0.6410296787678186,9.583517601774691,0.6308436813244361
R100,935.0,242212.7952490664,364325.63895388145,11.21500015258789,10.489454188998026,0.6675668439660324,10.04428117097875,0.6576984427210857,9.57463507892369,0.6472475776866027
R100,940.0,242217.71928783148,364324.7707129931,11.052499771118164,10.48387963092952,0.6834220900429232,10.03711647535036,0.6733193063810471,9.565928372047058,0.6626202249496967
R100,945.0,242222.64332659653,364323.90247210476,10.842499732971191,10.478293580993949,0.698815923632657,10.029965217821093,0.6884855784491849,9.55725501606061,0.6775455041067745
R100,950.0,242227.5673653616,364323.0342312164,10.807499885559082,10.472696039191216,0.7137483447353812,10.022827398390845,0.7031972589256436,9.548615010964234,0.6920234151579785
R100,955.0,242232.49140412666,364322.16599032807,10.857500076293945,10.467530965009272,0.7265809656730939,10.01595545075459,0.7158401798299334,9.540175258005489,0.7044654393422655
R100,960.0,242237.4154428917,364321.2977494398,11.109999656677246,10.462781413164148,0.7375267352464094,10.00933223290241,0.7266241420169123,9.531919666326269,0.7150780437671815
R100,965.0,242242.3394816568,364320.42950855143,11.475000381469727,10.458011773295327,0.7482425727880436,10.002707595756814,0.7371815711749794,9.523681284631321,0.7254677147856795
R100,970.0,242247.26352042184,364319.5612676631,11.417499542236328,10.453222045402715,0.7587284782977568,9.996081539317771,0.7475124673038981,9.51546011292066,0.7356344523975268
R100,975.0,242252.18755918692,364318.69302677474,11.114999771118164,10.448704732396449,0.7677210076892578,9.989602343437292,0.7563720633582259,9.50735128698128,0.7443532689752229
R100,980.0,242257.11159795197,364317.82478588645,11.342499732971191,10.444526343108013,0.7750099402620256,9.983297613195612,0.7635532462546712,9.499368570046238,0.7514203424739483
R100,985.0,242262.03563671702,364316.9565449981,11.302499771118164,10.440318326785937,0.7822168546454602,9.97697816617214,0.7706536234072638,9.491389064210207,0.7584078942366085
R100,990.0,242266.9596754821,364316.08830410975,11.720000267028809,10.436080683429996,0.7893417508394891,9.970644002366699,0.7776731948159322,9.483412769473018,0.7653159242631329
R100,995.0,242271.88371424715,364315.2200632214,11.875,10.43197784229838,0.7956566721818454,9.964340886934027,0.783894764940697,9.475454076930312,0.7714386332907684
R100,1000.0,242276.80775301222,364314.35182233306,11.287500381469727,10.428105310013331,0.8007683936285604,9.95809085237531,0.7889309216424006,9.467515526155806,0.776394765180908
R100,1005.0,242281.73179177727,364313.4835814448,11.430000305175781,10.424195261254834,0.8058758429646404,9.951817323747406,0.793962869386549,9.459571077787338,0.7813467549940631
R100,1010.0,242286.65583054232,364312.6153405564,11.52750015258789,10.4202476960232,0.8109790201902987,9.945520301050518,0.798990608173352,9.451620731825065,0.7862946027304404
R100,1015.0,242291.5798693074,364311.7470996681,11.662500381469727,10.416331257900877,0.81578311548494,9.939170525942366,0.8037236862500711,9.443619226169716,0.7909524719318902
R100,1020.0,242296.50390807245,364310.87885877973,11.207500457763672,10.412520343249993,0.8199720667643784,9.932734123685002,0.8078507137649673,9.43551457022932,0.7950139207488272
R100,1025.0,242301.4279468375,364310.0106178914,10.947500228881836,10.408668489268209,0.8241766774525511,9.926272409080804,0.8119931692011738,9.427401829185092,0.7990905523365424
R100,1030.0,242306.35198560258,364309.1423770031,11.425000190734863,10.404587154552955,0.8278725019389658,9.919617361181295,0.8156343596395859,9.419132329302421,0.8026738840553035
R100,1035.0,242311.27602436763,364308.27413611475,11.042499542236328,10.400480654275167,0.8314784445207601,9.91287932693088,0.8191869968653401,9.410791107085233,0.8061700696769074
R100,1040.0,242316.2000631327,364307.4058952264,10.887499809265137,10.396375023079251,0.8349224638019108,9.905943548849844,0.8225801044445356,9.40225159196609,0.809509260586956
R100,1045.0,242321.12410189776,364306.53765433806,11.077500343322754,10.392230194859126,0.8383329596826957,9.898989258172925,0.8259401841877707,9.393710239065278,0.8128159484752043
R100,1050.0,242326.0481406628,364305.6694134497,10.845000267028809,10.388046169614755,0.8417099321631298,9.89201645490007,0.8292672360950605,9.385167048382737,0.8160901333416667
R100,1055.0,242330.9721794279,364304.8011725614,11.430000305175781,10.383816882760389,0.8450940539947952,9.884964935236363,0.8326013316672861,9.376561264449757,0.8193712499488351
R100,1060.0,242335.89621819294,364303.9329316731,11.8100004196167,10.379522415799435,0.848605837652578,9.877650479465355,0.8360612018866358,9.367706783790545,0.8227761426369514
R100,1065.0,242340.82025695802,364303.0646907847,13.677499771118164,10.375186528972993,0.8520771707461468,9.87031801520162,0.8394812195079558,9.358850647251572,0.8261418159870495
R100,1070.0,242345.74429572307,364302.1964498964,13.979260444641113,10.370809222281133,0.855508053275471,9.862967542445265,0.8428613845312165,9.349992854832953,0.8294682699990993
R100,1075.0,242350.66833448812,364301.3282090081,14.515000343322754,10.366385844430027,0.8589226541597158,9.855561282632356,0.8462255085951177,9.341097485406927,0.8327789379435311
R100,1080.0,242355.5923732532,364300.45996811974,15.920000076293945,10.36188942718922,0.8624467975554434,9.847895754206967,0.8496975558428355,9.331971005452175,0.8361958141663559
R100,1085.0,242360.51641201825,364299.5917272314,16.36750030517578,10.357348064902961,0.8659236127415798,9.840210983996647,0.8531229745169121,9.322841597603986,0.8395668027461817
R100,1090.0,242365.4404507833,364298.72348634305,15.300000190734863,10.352761757571212,0.8693530997181417,9.832506972001344,0.8565017646173638,9.3137092618623,0.8428919036830245
R100,1095.0,242370.36448954837,364297.8552454547,14.072500228881836,10.348131648373398,0.8727268730634518,9.824769231720762,0.859825664681195,9.304561661579,0.8461629867889974
R100,1100.0,242375.28852831342,364296.9870045664,13.757499694824219,10.343467786212353,0.875948551998071,9.816828619287387,0.862999718691464,9.295254573255303,0.8492866049035808
R100,1105.0,242380.2125670785,364296.11876367807,11.800000190734863,10.338753190638599,0.8791231456925269,9.808864272060383,0.8661273835057897,9.285940393330446,0.852364570949138
R100,1110.0,242385.13660584355,364295.2505227897,11.287500381469727,10.333987861652083,0.8822506541467456,9.800876190039762,0.8692086591240995,9.276619121804462,0.8553968849255977
R100,1115.0,242390.0606446086,364294.3822819014,10.6850004196167,10.329172855888014,0.885325018980646,9.792863186889171,0.8722375767251723,9.267290138257767,0.8583776728566418
R100,1120.0,242394.98468337368,364293.514041013,10.630000114440918,10.324387920193802,0.8878697498584842,9.784727446442417,0.8747446897590193,9.257900767680384,0.8608449477242072
R100,1125.0,242399.90872213873,364292.64580012474,10.579999923706055,10.319544480040774,0.8903739212307884,9.77656033669338,0.8772118428639568,9.24849730988375,0.8632728976283679
R100,1130.0,242404.8327609038,364291.7775592364,10.78499984741211,10.314642535429098,0.8928375330976517,9.768361857642146,0.8796390360400774,9.239079764867919,0.8656615225692144
R100,1135.0,242409.75679966886,364290.90931834804,10.614999771118164,10.30968208635873,0.8952605854590151,9.760132009288727,0.8820262692873225,9.229648132632928,0.8680108225466895
R100,1140.0,242414.6808384339,364290.0410774597,10.717499732971191,10.304805345562086,0.8968475999385956,9.75186033709163,0.8835898235009783,9.220254355573255,0.8695495317964705
R100,1145.0,242419.604877199,364289.1728365714,10.59749984741211,10.299634881843232,0.8980319145128246,9.74334696612443,0.8847566307775694,9.210650243138112,0.8706977984401993
R100,1150.0,242424.52891596404,364288.30459568306,10.732500076293945,10.294378678370814,0.8991904161224753,9.73477690947116,0.8858980066733806,9.20100672878622,0.8718210378092106
R100,1155.0,242429.45295472912,364287.4363547947,10.725000381469727,10.289048191927074,0.9003399653877763,9.726159978762695,0.8870305625641381,9.191333093010176,0.8729355973235414
R100,1160.0,242434.37699349417,364286.56811390637,10.9399995803833,10.283826931956282,0.9004743149888854,9.717550925122472,0.8871629261232725,9.181760366589632,0.8730658576183206
R100,1165.0,242439.30103225922,364285.699873018,12.045000076293945,10.278546914235472,0.9004660539166277,9.70889327653544,0.887154787171482,9.172165880610653,0.873057847994929
R100,1170.0,242444.2250710243,364284.83163212973,13.037500381469727,10.27318476756057,0.9004404805621956,9.700179686413943,0.8871295918587756,9.16253278720391,0.8730330530371506
R100,1175.0,242449.14910978934,364283.9633912414,14.005000114440918,10.267740491931834,0.9003975949255993,9.69141015475824,0.887087340185164,9.152861086369679,0.8729914727449956
R100,1180.0,242454.0731485544,364283.09515035304,12.697500228881836,10.262416807546533,0.8992199199960575,9.682677260882786,0.8859270744017749,9.14333057235275,0.871849643649776
R100,1185.0,242458.99718731947,364282.2269094647,11.237500190734863,10.257046413445632,0.8977747106526466,9.673899187949432,0.8845032290698153,9.133791014982641,0.8704484232997496
R100,1190.0,242463.92122608452,364281.35866857634,10.444999694824219,10.251586305566928,0.8962938236435931,9.665055784719438,0.8830442334823503,9.124204098678707,0.8690126112337432
R100,1195.0,242468.8452648496,364280.49042768806,10.364999771118164,10.246036483910272,0.8947772589688807,9.656147051192626,0.8815500876393627,9.114569823440767,0.8675422074517398
R100,1200.0,242473.76930361465,364279.6221867997,10.350000381469727,10.240598319507242,0.8920751031953836,9.647281123582617,0.8788878768656345,9.105089340096782,0.8649222993560512
R100,1205.0,242478.6933423797,364278.75394591136,11.050000190734863,10.235125753425242,0.8889579522261358,9.638374584894008,0.8758168056213116,9.095615353864222,0.8619000276055047
R100,1210.0,242483.61738114478,364277.885705023,12.675999641418457,10.22955624792727,0.8857744932232509,9.629393190431191,0.8726804065512332,9.086085210019325,0.8588134660920068
R100,1215.0,242488.54141990983,364277.01746413467,13.595000267028809,10.223889803013407,0.8825247261867644,9.620336940194283,0.8694786796554353,9.076498908562215,0.8556626148155926
R100,1220.0,242493.4654586749,364276.1492232464,12.737500190734863,10.218309680330705,0.8780857373105654,9.611314596429633,0.8651053107599117,9.067056768528985,0.8513587389963351
R100,1225.0,242498.38949743996,364275.28098235803,11.78499984741211,10.21270398920723,0.8730697202363462,9.60225502821962,0.8601634436672895,9.057635411364446,0.8464953984481159
R100,1230.0,242503.313536205,364274.4127414697,11.21500015258789,10.206994594677852,0.8679426759105131,9.593111042325845,0.8551121905990982,9.04814924292785,0.8415244100735952
R100,1235.0,242508.2375749701,364273.54450058134,10.832500457763672,10.201181496742532,0.8627046043330362,9.58388263874824,0.8499515515553082,9.03859826321914,0.8364457738727443
R100,1240.0,242513.16161373514,364272.67625969305,10.654999732971191,10.195417116944036,0.8563275364344144,9.574671945533607,0.843668753564535,9.029165302046822,0.8302628098933137
R100,1245.0,242518.08565250022,364271.8080188047,10.710000038146973,10.189628938164361,0.8492179943451751,9.565426003985058,0.8366643092864318,9.019762633697097,0.8233696666264041
R100,1250.0,242523.00969126527,364270.93977791636,10.6850004196167,10.183730890414724,0.841938461933863,9.556086191610659,0.8294923875922267,9.010286855531815,0.8163117071688979
R100,1255.0,242527.93373003032,364270.071537028,10.34000015258789,10.177722973695088,0.8344889392004411,9.546652508410354,0.8221529884818827,9.00073796755092,0.8090889315207587
R100,1260.0,242532.8577687954,364269.20329613966,10.40999984741211,10.171454707019588,0.8258557340583077,9.537015687951413,0.8136474049153929,8.991053693831129,0.8007185021526816
R100,1265.0,242537.78180756044,364268.3350552514,10.399999618530273,10.165127129174014,0.8163546241374892,9.527325573246825,0.8042867464953218,8.981380051688175,0.7915065851182522
R100,1270.0,242542.7058463255,364267.466814363,10.680000305175781,10.15868171398271,0.8065660427590323,9.517529281224231,0.7946428662050808,8.971623769984468,0.7820159466250041
R100,1275.0,242547.62988509057,364266.5985734747,10.607500076293945,10.15211846144564,0.796489989922957,9.507626811883572,0.7847157640446892,8.961784848719933,0.7722465866729561
R100,1280.0,242552.55392385562,364265.73033258633,10.702500343322754,10.145501099326564,0.7857528570979985,9.49771198163194,0.774137354403828,8.951979579710782,0.7618362685527112
R100,1285.0,242557.4779626207,364264.862091698,10.492500305175781,10.13882215149192,0.7742841441134459,9.487770478690864,0.7628381792905281,8.94219477917564,0.7507166379636758
R100,1290.0,242562.40200138575,364263.9938508097,10.182499885559082,10.13202156090175,0.7623997032653436,9.47771284271103,0.7511294218696023,8.932320999140055,0.7391939333527806
R100,1295.0,242567.3260401508,364263.12560992135,10.53499984741211,10.125099327555985,0.7500995345533736,9.467539073692354,0.7390110821407369,8.922358239603977,0.7272681547197173
R100,1300.0,242572.25007891588,364262.257369033,10.177499771118164,10.118062362990024,0.7379392437287525,9.457354675264478,0.7270305525345818,8.912379094273003,0.715477996398804
R100,1305.0,242577.17411768093,364261.38912814466,10.1274995803833,10.110909476839176,0.7259749809184431,9.447175400363836,0.7152431531309112,8.902393380618044,0.7038778994306536
R100,1310.0,242582.098156446,364260.5208872563,10.484999656677246,10.103631526565994,0.713528388987105,9.436874333570229,0.7029805547046424,8.892313391375025,0.69181015437894
R100,1315.0,242587.02219521106,364259.652646368,10.637499809265137,10.096228512170597,0.7005994679350664,9.426451474883807,0.6902427572560985,8.88213912654407,0.679274761243981
R100,1320.0,242591.9462339761,364258.7844054797,10.34749984741211,10.088641888994147,0.689385120443809,9.416035042298418,0.6791941874422494,8.871893746074715,0.6684017538221606
R100,1325.0,242596.8702727412,364257.9161645913,10.274999618530273,10.080837044603154,0.6812041800985,9.405696839466714,0.6711341830043169,8.861586311345869,0.6604698233053503
R100,1330.0,242601.79431150624,364257.047923703,10.444999694824219,10.072902001883453,0.6727622323763267,9.395242354450724,0.662817029567974,8.85117999370318,0.6522848299020896
R100,1335.0,242606.7183502713,364256.1796828147,10.202500343322754,10.064836760835057,0.6640592772775131,9.384671587250441,0.6542427271334414,8.840674793146615,0.6438467736125959
R100,1340.0,242611.64238903637,364255.31144192634,10.510000228881836,10.056522312832996,0.6583215502210809,9.374094643934628,0.6485898188384902,8.830040649667176,0.6382836903464841
R100,1345.0,242616.56642780142,364254.443201038,10.515000343322754,10.047835105364005,0.6590950610880317,9.36363072359582,0.6493518951716722,8.819244458023313,0.6390336572441353
R100,1350.0,242621.4904665665,364253.57496014965,9.857500076293945,10.039010544846818,0.6600963664016204,9.353064472978975,0.6503383985478755,8.808344730470004,0.6400044850265478
R100,1355.0,242626.41450533154,364252.7067192613,9.930000305175781,10.030048631281524,0.6613254661617942,9.342395892084202,0.6515493289670479,8.79734146700737,0.6411961736936708
R100,1360.0,242631.3385440966,364251.838478373,9.984999656677246,10.020793263346926,0.6646541180132965,9.33162754494232,0.6548287745518981,8.786153397272574,0.6444235087048454
R100,1365.0,242636.26258286167,364250.97023748467,10.890000343322754,10.010978557116008,0.6733899575287818,9.320767017984211,0.663435475284554,8.774640641916228,0.652893448481698
R100,1370.0,242641.18662162672,364250.1019965963,10.72249984741211,10.001020452993293,0.682614009231604,9.30980932227398,0.6725231711388567,8.763018918136467,0.6618367403408244
R100,1375.0,242646.1106603918,364249.233755708,10.5649995803833,9.990711942499987,0.691942338946114,9.29861148926869,0.6817136035003961,8.751128084803723,0.6708811362183436
R100,1380.0,242651.03469915685,364248.3655148196,10.342499732971191,9.980064645652405,0.7022846628706217,9.287206558900749,0.6919030405591541,8.738996483262348,0.6809086625525915
R100,1385.0,242655.9587379219,364247.49727393134,10.430000305175781,9.96862364179101,0.713954111690994,9.275297600895765,0.7033999841023828,8.726312336114212,0.6922229190201583
R100,1390.0,242660.88277668698,364246.629033043,10.354999542236328,9.95704967944787,0.7262022942362651,9.263300857269948,0.7154671061573931,8.71352618617595,0.7040982938310784
R100,1395.0,242665.80681545203,364245.76079215464,10.852499961853027,9.945342758623207,0.739029210506444,9.251216328023517,0.7281044067241932,8.700638033447763,0.7165347869853602
R100,1400.0,242670.7308542171,364244.8925512663,9.709999084472656,9.933325359144883,0.7520976992525251,9.23888596155194,0.7409797086876171,8.687513397164883,0.7292054996807659
R100,1405.0,242675.65489298216,364244.024310378,9.602499961853027,9.920157066503563,0.7636826255214575,9.225553443860798,0.7523933791459986,8.67351252038125,0.7404378062774424
R100,1410.0,242680.5789317472,364243.15606948966,10.864999771118164,9.906856799466908,0.7756235880442244,9.212119967192217,0.7641578227019531,8.659404988936215,0.7520153121675602
R100,1415.0,242685.5029705123,364242.2878286013,10.637499809265137,9.89342455803498,0.7879205868210069,9.198585531546234,0.7762730393556583,8.645190802829784,0.7639380173512944
R100,1420.0,242690.42700927734,364241.41958771297,10.2524995803833,9.879717183927028,0.8003403865909033,9.184816104329455,0.7885092416794364,8.630758467599136,0.7759797857360384
R100,1425.0,242695.3510480424,364240.5513468246,10.492500305175781,9.864370740706049,0.8106021402213077,9.169529288261927,0.7986192994859216,8.615043048963237,0.7859291941587252
R100,1430.0,242700.27508680747,364239.68310593633,10.862500190734863,9.84889337293314,0.8211136000402772,9.154132547719929,0.8089753721639339,8.599216872133384,0.7961207082628756
R100,1435.0,242705.19912557252,364238.814865048,10.989999771118164,9.833285080608153,0.8318747660475994,9.13862588270338,0.8195774597132639,8.583279937109548,0.8065543280482841
R100,1440.0,242710.1231643376,364237.94662415964,10.852499961853027,9.817491888710498,0.8428287317256985,9.122959200184791,0.8303694968449784,8.56719012658469,0.8171748791065927
R100,1445.0,242715.04720310264,364237.0783832713,10.207500457763672,9.799466056450878,0.851787683607531,9.105228413603632,0.8391960117539553,8.549347392942172,0.8258611402001655
R100,1450.0,242719.9712418677,364236.21014238294,10.574999809265137,9.78131359066742,0.8609445629403865,9.087384614901227,0.8482175282234268,8.531393009932493,0.8347393042685344
R100,1455.0,242724.89528063277,364235.34190149466,10.837499618530273,9.763034491360214,0.8702993697243174,9.069427804077627,0.8574340462534444,8.513326977555689,0.8438093713117493
R100,1460.0,242729.81931939782,364234.4736606063,11.1225004196167,9.74462875852909,0.87985210395921,9.051357981132737,0.866845565843896,8.4951492958117,0.8530713413297002
R100,1465.0,242734.7433581629,364233.60541971796,11.135000228881836,9.72352988755203,0.8879748848078077,9.030835930079064,0.87484827053617,8.474870074959956,0.8609468825969648
R100,1470.0,242739.66739692795,364232.7371788296,11.125,9.702217422879123,0.8962038280861564,9.010116540866102,0.8829555682970681,8.454408446494082,0.8689253549431445
R100,1475.0,242744.591435693,364231.86893794127,12.395000457763672,9.68078932783891,0.9046003857173297,8.989289006527644,0.891228002627922,8.43384030205011,0.8770663398299503
R100,1480.0,242749.51547445808,364231.000697053,12.045000076293945,9.659245602431476,0.9131645577013452,8.968353327063744,0.8996655735287497,8.413165641628071,0.8853698372573996
R100,1485.0,242754.43951322313,364230.13245616463,12.537500381469727,9.634773331846247,0.9209041893613417,8.944793111209007,0.9072907929894819,8.390226189386304,0.8928738915545533
R100,1490.0,242759.36355198818,364229.2642152763,13.4399995803833,9.609963234630786,0.9284912463247635,8.920939011797392,0.9147656932106643,8.36700392414992,0.9002300151932773
R100,1495.0,242764.28759075326,364228.39597438794,13.645000457763672,9.585091411484791,0.9361585045064367,8.897019193180345,0.9223196090642503,8.343711499570754,0.9076638989015879
R100,1500.0,242769.2116295183,364227.52773349965,14.1225004196167,9.560147899918448,0.9439374297983942,8.873021344548293,0.9299835412932753,8.320341746167603,0.9152060508189804
R100,1505.0,242774.1356682834,364226.6594926113,14.612500190734863,9.532213691902497,0.9513315832166206,8.846376037271083,0.9372683895931955,8.29467948659528,0.9223751424720952
R100,1510.0,242779.05970704844,364225.79125172296,14.157500267028809,9.50367382685718,0.9587254477949376,8.81918149288226,0.9445529533230238,8.26853376967013,0.9295439540769521
R100,1515.0,242783.9837458135,364224.9230108346,14.147500038146973,9.47508670246554,0.9662121509780879,8.791929132311585,0.9519289832578838,8.242328273110893,0.9368027784837284
R100,1520.0,242788.90778457857,364224.05476994626,13.462499618530273,9.446452318727431,0.9737916927661132,8.76461895555891,0.9593964793978162,8.216062996917424,0.9441516156924643
R100,1525.0,242793.83182334361,364223.186529058,15.227499961853027,9.414904589809371,0.9812956491225985,8.73476090993342,0.9667895074585413,8.18758612541059,0.951427168123933
R100,1530.0,242798.7558621087,364222.3182881696,14.5625,9.382519418662314,0.9888239050391856,8.704158365128611,0.9742064758676863,8.158456445153073,0.9587262804903462
R100,1535.0,242803.67990087374,364221.4500472813,13.904999732971191,9.350117086926499,0.9964219066165143,8.67352395950489,0.9816921589124816,8.129289840236837,0.9660930156130074
R100,1540.0,242808.6039396388,364220.58180639293,14.552499771118164,9.317697594601752,1.004089653854625,8.642857693062085,0.9892465565929677,8.100086310661721,0.9735273734919561
R100,1545.0,242813.52797840387,364219.7135655046,15.265000343322754,9.282597505866406,1.011834298460304,8.609870290823205,0.9968767148948139,8.068866538178808,0.9810362881517554
R100,1550.0,242818.45201716892,364218.8453246163,14.137499809265137,9.246454305520622,1.019629494342621,8.575969791713282,1.0045566771919041,8.036848500708171,0.9885942154185298
R100,1555.0,242823.376055934,364217.97708372795,13.675000190734863,9.210326569721698,1.0274687736165433,8.542066159823598,1.0122800712116304,8.004819053523166,0.9961948842754391
R100,1560.0,242828.30009469905,364217.1088428396,13.017499923706055,9.17421429847024,1.035352136281931,8.508159395154706,1.0200468969538554,7.972778196624306,1.0038382947223483
R100,1565.0,242833.2241334641,364216.24060195126,12.2475004196167,9.13576935395873,1.0433446366437822,8.472249662930281,1.0279212470491172,7.938998202757676,1.0115875209543113
R100,1570.0,242838.14817222918,364215.37236106297,11.704999923706055,9.09612763105529,1.0513947155932468,8.435305451572603,1.0358523245683813,7.904316480236998,1.0193925732083362
R100,1575.0,242843.07221099423,364214.5041201746,11.522500038146973,9.056532553790454,1.0594637333536387,8.39838597190769,1.0438020609329226,7.869648263832779,1.027215987817544
R100,1580.0,242847.99624975928,364213.6358792863,11.5649995803833,9.016984122164224,1.0675516899249364,8.361491223935527,1.0517704561427204,7.834993553545001,1.035057764781913
R100,1585.0,242852.92028852436,364212.7676383979,11.364999771118164,8.975509882911812,1.0757088330385058,8.32295514012197,1.0598070151349448,7.798915499422459,1.0429666224023961
R100,1590.0,242857.8443272894,364211.8993975096,11.182499885559082,8.932749751751567,1.0839022004395176,8.283319556479375,1.0678792629239593,7.761882119775051,1.0509106017226932
R100,1595.0,242862.7683660545,364211.0311566213,10.069999694824219,8.89006245141956,1.0920929232557086,8.243732479346809,1.0759489052221018,7.724883664207081,1.058852016953514
R100,1600.0,242867.69240481954,364210.16291573294,10.217499732971191,8.847447981915867,1.1002810014871198,8.204193908724367,1.084015942029413,7.687920132718641,1.0667908680948988
R100,1605.0,242872.6164435846,364209.2946748446,9.905000686645508,8.803388370355242,1.1082909220432406,8.163425798482397,1.0919074548024599,7.649883914512565,1.0745569842887377
R100,1610.0,242877.54048234966,364208.42643395625,10.237500190734863,8.758015267898093,1.116261735351082,8.121543883939712,1.0997604384356552,7.610881925454545,1.0822851835729124
R100,1615.0,242882.4645211147,364207.5581930679,10.192500114440918,8.712714819119627,1.1242288843220207,8.079711629265741,1.1076098119005264,7.571917127019197,1.090009830054539
R100,1620.0,242887.3885598798,364206.6899521796,10.430000305175781,8.667487024019515,1.1321923689560953,8.037929034460182,1.1154555751971114,7.532989519206236,1.097730923733655
R100,1625.0,242892.31259864484,364205.82171129127,10.274999618530273,8.621104510003757,1.1401080679221829,7.995175577759754,1.123254259224102,7.493224128942298,1.1054056862354025
R100,1630.0,242897.2366374099,364204.9534704029,9.357500076293945,8.5734168405821,1.147962957364123,7.95132764093138,1.1309930326523328,7.452515552170821,1.1130214901211537
R100,1635.0,242902.16067617497,364204.0852295146,9.449999809265137,8.525812941143311,1.1558042177416616,7.907540600472763,1.1387183784897337,7.411854594039548,1.1206240797812443
R100,1640.0,242907.08471494002,364203.2169886262,9.457500457763672,8.478292811687922,1.163631849054716,7.863814456384386,1.1464302967362228,7.371241254548927,1.1282134552155934
R100,1645.0,242912.00875370507,364202.34874773794,10.154999732971191,8.429945573584739,1.1713626320220598,7.819397791913088,1.1540467983113643,7.330033946374139,1.1357089301548375
R100,1650.0,242916.93279247015,364201.4805068496,9.515000343322754,8.380364412689016,1.1789545821940721,7.773956215436128,1.1615265194065985,7.287947659625931,1.1430697980636477
R100,1655.0,242921.8568312352,364200.61226596124,9.539999961853027,8.330873068417766,1.186526612753936,7.72858223384089,1.1689866153541673,7.2459154297387744,1.1504113526694868
R100,1660.0,242926.78087000028,364199.7440250729,9.565000534057617,8.281471540770433,1.1940787237017334,7.6832758471268585,1.176427086154152,7.203937256712196,1.1577335939724334
R100,1665.0,242931.70490876533,364198.8757841846,9.577500343322754,8.2315123890613,1.2015053782487919,7.637507268106104,1.183743955130379,7.161563072460866,1.1649341974915135
R100,1670.0,242936.62894753038,364198.00754329626,9.875,8.180421722774303,1.2087106841348922,7.590807827998994,1.190842747563524,7.118395145739558,1.1719201897159748
R100,1675.0,242941.55298629546,364197.1393024079,10.012499809265137,8.129422561372435,1.2158928624293401,7.544178751572197,1.19791875429191,7.075284244803559,1.1788837583018
R100,1680.0,242946.4770250605,364196.27106151957,9.3774995803833,8.07851490485627,1.2230519131320583,7.497620038826236,1.2049719753154613,7.032230369653352,1.1858249032489137
R100,1685.0,242951.4010638256,364195.4028206312,9.550000190734863,8.027261218860001,1.2300771543041937,7.450776719253346,1.2118933648667336,6.988933820466931,1.1926363115332144
R100,1690.0,242956.32510259064,364194.53457974293,9.717499732971191,7.974997748524829,1.2368003773087892,7.403110972093206,1.2185172008767267,6.944940840639019,1.199154894418645
R100,1695.0,242961.24914135569,364193.6663388546,9.102499961853027,7.922824056257745,1.2434995683570407,7.355515249283947,1.225117360186168,6.901005102648312,1.2056501768276195
R100,1700.0,242966.17318012076,364192.79809796624,8.952499389648438,7.870740142058594,1.2501747274489454,7.307989550825428,1.2316938427950552,6.857126606494683,1.2121221587601352
R100,1705.0,242971.0972188858,364191.9298570779,8.942500114440918,7.818469430797632,1.2567244476858987,7.260311593377994,1.238146740866599,6.813119112611299,1.2184725199205155
R100,1710.0,242976.0212576509,364191.06161618955,9.135000228881836,7.765321305748415,1.2628968466016939,7.211926790586619,1.2442278954227597,6.768518197414478,1.2244570445907565
R100,1715.0,242980.94529641594,364190.19337530126,9.023504257202148,7.712258758215504,1.2690458547899195,7.163609391916898,1.2502860050280886,6.723972713503996,1.2304188904957232
R100,1720.0,242985.869335181,364189.3251344129,10.1274995803833,7.659229229983335,1.2751082889680783,7.115309951538909,1.2562588204158944,6.679435094110246,1.2362967975130517
R100,1725.0,242990.79337394607,364188.45689352456,8.697500228881836,7.606103834335639,1.2810539214916077,7.066931781699321,1.2621165607860447,6.634830038265446,1.2420614580611897
R100,1730.0,242995.71741271112,364187.5886526362,9.010000228881836,7.552231426202047,1.2865586576328278,7.017959874623665,1.2675399223869923,6.589732428833843,1.2473986421430563
R100,1735.0,243000.64145147617,364186.7204117479,9.592500686645508,7.4984311891903666,1.2920470484185977,6.969045635447123,1.2729471802600176,6.544682773774785,1.252719978386138
R100,1740.0,243005.56549024125,364185.8521708596,9.892499923706055,7.444703123300049,1.2975190938490035,6.920189064169179,1.278338334405206,6.49968107308778,1.258025466790518
R100,1745.0,243010.4895290063,364184.98392997123,9.202499389648438,7.390973011445128,1.302920649930275,6.871331988539866,1.2836600412200287,6.454679736147178,1.2632626113864955
R100,1750.0,243015.41356777138,364184.1156890829,8.897500038146973,7.3366401315404834,1.3078157382270974,6.8220037391147414,1.288482767182031,6.4092938319538035,1.2680087039633035
R100,1755.0,243020.33760653643,364183.24744819454,8.407499313354492,7.282374644178014,1.3126951237695614,6.772729746430732,1.2932900225178612,6.363953315096436,1.2727395717430545
R100,1760.0,243025.26164530148,364182.37920730625,8.364999771118164,7.228176549357526,1.3175588065576678,6.723510010487669,1.29808180722752,6.318658185574934,1.2774552147257492
R100,1765.0,243030.18568406656,364181.5109664179,8.364999771118164,7.17402528209285,1.3223852303816712,6.674328726364038,1.302836883758981,6.273395784047572,1.2821347328252497
R100,1770.0,243035.1097228316,364180.64272552956,8.307499885559082,7.1194137201400975,1.3266463685819132,6.624796199095332,1.3070350310813355,6.227854021424055,1.2862661713519166
R100,1775.0,243040.0337615967,364179.7744846412,8.227499961853027,7.06486395702723,1.3308927608790557,6.575313719172214,1.3112186504839878,6.182354364526268,1.2903833128083373
R100,1780.0,243044.95780036174,364178.90624375286,8.207500457763672,7.010375992754884,1.3351244072730517,6.525881286595261,1.3153877419668913,6.136896813354736,1.2944861571944668
R100,1785.0,243049.88183912679,364178.0380028646,8.414999961853027,6.955949827322838,1.3393413077639025,6.47649890136428,1.3195423055300477,6.091481367909292,1.298574704510306
R100,1790.0,243054.80587789186,364177.1697619762,8.595000267028809,6.90122048767904,1.3429682987567189,6.426894947437295,1.323115680015725,6.045898512844293,1.3020912978756038
R100,1795.0,243059.7299166569,364176.3015210879,9.037500381469727,6.846537960689929,1.346567444605374,6.377329712726519,1.3266616209820215,6.000348929423516,1.305580893641678
R100,1800.0,243064.653955422,364175.43328019953,8.557499885559082,6.791911146834071,1.3501528993640721,6.3278098189148615,1.3301940732488333,5.954837724221887,1.309057215044457
R100,1805.0,243069.57799418704,364174.5650393112,8.8125,6.7373400461120925,1.3537246630327742,6.278335266002888,1.3337130368161232,5.909364897239925,1.3125202620839034
R100,1810.0,243074.5020329521,364173.6967984229,8.617500305175781,6.682621298507861,1.3567331629591879,6.228764812878568,1.3366770631670295,5.863831034227143,1.3154371898903634
R100,1815.0,243079.42607171717,364172.82855753455,8.324999809265137,6.627933141959211,1.3596774181063531,6.179221702211488,1.3395777944462197,5.8183224344396,1.3182918283873355
R100,1820.0,243084.35011048222,364171.9603166462,8.317500114440918,6.573294367471654,1.3626089866575195,6.12971896042213,1.3424660266708097,5.772848246686536,1.3211341664403848
R100,1825.0,243089.27414924727,364171.09207575786,8.244999885559082,6.518704975044869,1.3655278686127037,6.080256587510204,1.3453417598408162,5.727408470967687,1.323964204049526
R100,1830.0,243094.19818801235,364170.22383486957,8.27750015258789,6.464088350328925,1.3679153185415298,6.0307949887184416,1.3476939169535296,5.681989006657245,1.326278985254201
R100,1835.0,243099.1222267774,364169.3555939812,8.154999732971191,6.409433864370772,1.3701671874311214,5.981305910877779,1.3499124972728893,5.636548473255107,1.3284623122082373
R100,1840.0,243104.04626554248,364168.4873530929,8.184999465942383,6.3547984615766655,1.372396267278755,5.931832962536662,1.3521086254325263,5.5911219556927865,1.3306235437686238
R100,1845.0,243108.97030430753,364167.6191122045,8.107500076293945,6.300205750340579,1.3746144938050702,5.882395761209488,1.3542940607116014,5.5457266912124235,1.3327742523589188
R100,1850.0,243113.89434307258,364166.7508713162,8.057499885559082,6.245678472450211,1.3763364805057046,5.833033949913214,1.3559905919003774,5.500414648446035,1.3344438255722442
R100,1855.0,243118.81838183766,364165.8826304279,8.09000015258789,6.191195008398717,1.3779194469465383,5.783714469598948,1.357550157915998,5.4551445123264095,1.3359786099966742
R100,1860.0,243123.7424206027,364165.01438953954,8.010000228881836,6.1367487739870885,1.379491753450961,5.734426383180344,1.3590992215772248,5.409902181427058,1.3375030589497088
R100,1865.0,243128.66645936779,364164.1461486512,8.2524995803833,6.0823397692147685,1.381053400018975,5.685169690656917,1.36063778288406,5.364687655747538,1.3390171724313507
R100,1870.0,243133.59049813283,364163.27790776285,8.4399995803833,6.028066021271293,1.382154481961246,5.636043775825092,1.3617225879268464,5.319602339300706,1.3400847398613525
R100,1875.0,243138.51453689788,364162.4096668745,8.317500114440918,5.973861205589812,1.3830778406926314,5.586982409405007,1.3626322969772386,5.274579519113234,1.340979993584069
R100,1880.0,243143.43857566296,364161.5414259862,8.582500457763672,5.919688177093709,1.3839905800147996,5.537948090946231,1.3635315436013322,5.229581067543411,1.341864951129026
R100,1885.0,243148.362614428,364160.67318509787,8.085000038146973,5.865546935783473,1.3848926999277662,5.488940820449184,1.3644203277991418,5.1846069845915945,1.3427396124962374
R100,1890.0,243153.28665319306,364159.8049442095,8.295000076293945,5.811591066610324,1.38537092737756,5.440103872459494,1.3648914857840468,5.139794677199529,1.3432032837544179
R100,1895.0,243158.21069195814,364158.9367033212,7.940000057220459,5.757739070317521,1.3856325262975073,5.3913618195632385,1.365149217580975,5.0950724154446805,1.3434569201786817
R100,1900.0,243163.1347307232,364158.0684624328,7.647500038146973,5.703913548785786,1.385883362315664,5.3426425792873005,1.3653963455802298,5.050371190230114,1.3437001213002107
R100,1905.0,243168.05876948827,364157.20022154454,7.65500020980835,5.6501145020145795,1.3861234354320209,5.293946151631204,1.3656328697818025,5.005691001555402,1.3439328871189957
R100,1910.0,243172.98280825332,364156.3319806562,7.670000076293945,5.596534940685458,1.3859766137811886,5.245446831001887,1.3654882185427808,4.961194425867552,1.3437905343962515
R100,1915.0,243177.90684701837,364155.46373976785,7.622499942779541,5.54310338266324,1.385573963152783,5.197080514754989,1.3650915201542158,4.9168221657090445,1.3434001395672632
R100,1920.0,243182.83088578345,364154.5954988795,7.461999893188477,5.489693212693023,1.3851602045228946,5.148732975490429,1.3646838779697705,4.8724677949386415,1.3429989748399234
R100,1925.0,243187.7549245485,364153.7272579912,7.5354719161987305,5.436304430775504,1.3847353378915221,5.100404213208847,1.3642652919894438,4.828131313556938,1.3425870402142304
R100,1930.0,243192.67896331358,364152.85901710286,7.375,5.3831561585762175,1.3839605340959984,5.052288968725249,1.3635019418405685,4.783991621330522,1.3418358197419038
R100,1935.0,243197.60300207863,364151.9907762145,7.260000228881836,5.330209219660661,1.3828902420456828,5.004352800866539,1.362447471533804,4.740017511212655,1.3407981050272737
R100,1940.0,243202.52704084368,364151.12253532617,7.179999828338623,5.277278892749664,1.3818082873040392,4.956431652702171,1.3613815109410945,4.696058399085416,1.339749082607985
R100,1945.0,243207.45107960876,364150.2542944378,7.117499828338623,5.224365177842918,1.38071466987106,4.908525524231864,1.3603040600624325,4.65211428494855,1.3386887524840303
R100,1950.0,243212.3751183738,364149.38605354953,7.167500019073486,5.171656688053346,1.3792773332123989,4.860807529342604,1.3588879710361395,4.60834684716919,1.3372951651915443
R100,1955.0,243217.29915713888,364148.5178126612,7.317500114440918,5.119195334621817,1.3774909486962514,4.813311176775494,1.357127994001662,4.5647848139423255,1.3355631542905515
R100,1960.0,243222.22319590393,364147.64957177284,7.422500133514404,5.066747892370658,1.3756914378102238,4.765828203474857,1.3553550846397229,4.5212370703236,1.3338184165575038
R100,1965.0,243227.14723466898,364146.7813308845,7.71999979019165,5.014314361299561,1.3738788005543054,4.718358609440413,1.3535692429503117,4.477703616312759,1.3320609519923905
R100,1970.0,243232.07127343406,364145.91308999615,7.650000095367432,4.962133714251122,1.3717886256095395,4.671112190449979,1.3515099663121772,4.434374388834543,1.330034397375179
R100,1975.0,243236.9953121991,364145.04484910786,7.672500133514404,4.9102932142234685,1.369320275536359,4.624165830769751,1.3490781049729297,4.391319333767907,1.3276411784485898
R100,1980.0,243241.91935096416,364144.1766082195,7.695000171661377,4.858462540603966,1.3668375672670663,4.577229652196058,1.3466320976896344,4.348276150586701,1.3252340383577943
R100,1985.0,243246.84338972924,364143.30836733116,8.557499885559082,4.806641693392382,1.3643405008016452,4.5303036547287,1.3441719444622748,4.305244839290753,1.3228129771027766
R100,1990.0,243251.7674284943,364142.4401264428,8.295000076293945,4.755065389843357,1.3616019415065979,4.483593669461593,1.3414738683071852,4.262411172473294,1.3201577735286534
R100,1995.0,243256.69146725937,364141.5718855545,7.40749979019165,4.703915586075817,1.3584423733684268,4.437259526702288,1.3383610069317176,4.219919722297826,1.3170943756944955
R100,2000.0,243261.61550602442,364140.7036446662,7.190000057220459,4.652771886132639,1.3552669894574199,4.390932693766273,1.3352325635823121,4.177438019843157,1.314015643484837
R100,2005.0,243266.53954478947,364139.83540377783,7.132500171661377,4.601634290013589,1.3520757897735587,4.344613170653349,1.3320885382589511,4.134966065109113,1.31092157689966
R100,2010.0,243271.46358355455,364138.9671628895,7.047500133514404,4.550724274978465,1.3486791879263405,4.298495343966146,1.328742147158753,4.092679058144312,1.3076283601411547
R100,2015.0,243276.3876223196,364138.09892200114,6.992499828338623,4.50034187285574,1.3448174227708634,4.252842807581408,1.3249374690926656,4.05081487280459,1.3038841386222724
R100,2020.0,243281.31166108468,364137.23068111285,6.945000171661377,4.449962266855543,1.340938153815912,4.207195080834743,1.3211155459794948,4.008958640450398,1.3001229460810686
R100,2025.0,243286.23569984973,364136.3624402245,6.804999828338623,4.399585456978324,1.3370413810615247,4.161552163726537,1.317276377819278,3.967110361082066,1.2963447825175807
R100,2030.0,243291.15973861478,364135.49419933616,6.772500038146973,4.349410282077852,1.3329755009833675,4.116088957737032,1.3132706021882132,3.9254276453516916,1.2924026588852728
R100,2035.0,243296.08377737986,364134.6259584478,6.71999979019165,4.299881539484342,1.3283988534840563,4.0711969673659905,1.3087616096276098,3.8842635701677146,1.2879653144685754
R100,2040.0,243301.0078161449,364133.75771755946,6.664999961853027,4.250352746465896,1.3238027820061622,4.026307694658612,1.3042334802261337,3.843106010707124,1.2835091372964764
R100,2045.0,243305.93185490998,364132.8894766712,6.59499979019165,4.200823903022001,1.3191872865496386,3.9814211396144397,1.2996862139837377,3.8019549669695154,1.2790341273689303
R100,2050.0,243310.85589367503,364132.0212357828,6.502500057220459,4.151460767767498,1.314439348545669,3.9366835553326056,1.2950084630445786,3.760942322175555,1.2744307061537479
R100,2055.0,243315.77993244008,364131.1529948945,6.394999980926514,4.102884072731803,1.3091335364211436,3.892642873543857,1.289781084837923,3.720562425041953,1.2692863912790804
R100,2060.0,243320.70397120516,364130.28475400613,6.287499904632568,4.054304982755832,1.3038061500783953,3.8486032562885217,1.2845324513369756,3.6801879843303773,1.2641211588579362
R100,2065.0,243325.6280099702,364129.4165131178,6.164999961853027,4.005692216002955,1.2984213965628513,3.8045437750164846,1.2792272987015747,3.6398042608949868,1.2589003053945451
R100,2070.0,243330.55204873526,364128.5482722295,5.980000019073486,3.9571814545674706,1.292922068730376,3.7605810254955814,1.2738092654602813,3.5995144289531043,1.2535683650044007
R100,2075.0,243335.47608750034,364127.68003134115,5.900000095367432,3.909620065724087,1.2868134060515133,3.717462157180338,1.2677909049511182,3.5599911967605666,1.2476456365802375
R100,2080.0,243340.4001262654,364126.8117904528,5.827499866485596,3.8620525519614093,1.2806780729523561,3.6743412903885204,1.2617462682809188,3.5204710550088443,1.2416970495247068
R100,2085.0,243345.32416503047,364125.94354956446,5.784999847412109,3.8144789132789003,1.2745160694328366,3.6312184251196413,1.255675355449617,3.4809540036974926,1.2357226038377427
R100,2090.0,243350.24820379552,364125.07530867617,5.769999980926514,3.7669600928409657,1.268293799209172,3.588147719013481,1.2495450668152444,3.441489006632797,1.2296897258325385
R100,2095.0,243355.17224256057,364124.2070677878,5.800000190734863,3.7205820328961363,1.2614102201717334,3.5460943672696934,1.2427632452581332,3.4029488597215876,1.2230156677991704
R100,2100.0,243360.09628132565,364123.3388268995,5.675000190734863,3.6741955553817087,1.2544966799232395,3.5040372914883626,1.2359519053958052,3.364410557323301,1.216312560508106
R100,2105.0,243365.0203200907,364122.4705860111,5.809999942779541,3.6278006602982287,1.24755317846377,3.461976491669981,1.2291110472283386,3.3258740994383844,1.2095804039594218
R100,2110.0,243369.94435885578,364121.6023451228,5.815000057220459,3.5813973476451566,1.2405797157932459,3.419911967814061,1.2222406707556552,3.2873394860663927,1.2028191981530423
R100,2115.0,243374.86839762083,364120.7341042345,5.764999866485596,3.536328504197206,1.232906240407984,3.379041561315982,1.2146806296051613,3.2498915025016486,1.1953792864791402
R100,2120.0,243379.79243638588,364119.86586334615,5.755000114440918,3.4912648217358533,1.2251915305284509,3.338179821382021,1.207079963515137,3.212456844278592,1.1878993953982686
R100,2125.0,243384.71647515096,364118.9976224578,5.664999961853027,3.446190942291527,1.2174432236626673,3.2973130504423476,1.1994461970910617,3.1750231081234213,1.1803869299495047
R100,2130.0,243389.640513916,364118.12938156945,5.642499923706055,3.4011068658647456,1.2096613198107202,3.2564412484974303,1.191779330333021,3.1375902940365648,1.1728418901329327
R100,2135.0,243394.56455268105,364117.2611406811,5.519999980926514,3.357427113928946,1.201208366860191,3.2168304355817843,1.1834513343545723,3.1013066438097594,1.1646462264762312
R100,2140.0,243399.48859144613,364116.3928997928,5.527500152587891,3.3138474379848017,1.1926677881784538,3.1773135118480442,1.1750370079846761,3.065113818778543,1.1563656042228292
R100,2145.0,243404.41263021118,364115.52465890447,5.512499809265137,3.270256393147397,1.184089642033254,3.1377907407759196,1.1665856694976575,3.028921367971023,1.1480485579769155
R100,2150.0,243409.33666897626,364114.6564180161,5.482500076293945,3.2266539794162967,1.175473928424523,3.098262122365022,1.1580973188934487,2.9927292913868504,1.1396950877384227
R100,2155.0,243414.2607077413,364113.7881771278,5.327499866485596,3.184521492574086,1.1662169281878054,3.06005746735123,1.1489771615714968,2.9577453183894904,1.13071985022626
R100,2160.0,243419.18474650636,364112.9199362395,5.300000190734863,3.1426078493244916,1.1568243891196568,3.0220537909749847,1.139723469040052,2.922949658474465,1.1216131993865504
R100,2165.0,243424.10878527144,364112.05169535114,5.255000114440918,3.1006824040037646,1.1473900141173994,2.9840440458857374,1.130428559020109,2.888154279216895,1.1124659860065391
R100,2170.0,243429.0328240365,364111.1834544628,5.210000038146973,3.058745156612455,1.1379138031811702,2.9460282320839895,1.1210924315118032,2.8533591806172423,1.1032782100863596
R100,2175.0,243433.95686280157,364110.31521357445,5.159999847412109,3.0183361413453165,1.127827242588062,2.909392462307757,1.1111549769267164,2.8198246506875333,1.0934986622102687
R100,2180.0,243438.88090156662,364109.4469726861,5.057499885559082,2.9782375683361706,1.117493826980819,2.8730450973633372,1.1009743164966441,2.78656108269752,1.0834797730436663
R100,2185.0,243443.80494033167,364108.5787317978,5.037499904632568,2.9380902129300366,1.1070717049954477,2.836660633890397,1.0907062610030194,2.753271123612894,1.0733748775259577
R100,2190.0,243448.72897909675,364107.71049090946,4.912499904632568,2.897923806173724,1.0965946624486573,2.800263276235236,1.0803840968189404,2.7199750785101875,1.063216733107911
R100,2195.0,243453.6530178618,364106.8422500211,4.920000076293945,2.859323828077085,1.0855278485995932,2.765282961904794,1.0694808797102475,2.687974171287361,1.0524867687287123
R100,2200.0,243458.57705662688,364105.97400913277,4.804999828338623,2.8212570420721246,1.0742138918117128,2.730787782751536,1.0583341730881735,2.6564202563657604,1.041517183898115
R100,2205.0,243463.50109539193,364105.1057682444,4.78249979019165,2.7831718889512973,1.0628379784853295,2.6962802845088114,1.0471264258088866,2.6248606390193494,1.0304875283497603
R100,2210.0,243468.42513415698,364104.23752735613,4.614999771118164,2.7450683687144792,1.051400108620442,2.661760467176512,1.0358576378723854,2.5932953192480324,1.0193978020836478
R100,2215.0,243473.34917292206,364103.3692864678,4.552499771118164,2.708561738043317,1.0393996810828,2.628687375906043,1.0240346083514646,2.563052776253872,1.0077626411628793
R100,2220.0,243478.2732116871,364102.50104557944,4.227499961853027,2.6727983947341625,1.0270956160781366,2.5962898403400327,1.0119124299273083,2.5334306302872207,0.995833084831673
R100,2225.0,243483.19725045215,364101.6328046911,4.15749979019165,2.6370192077704933,1.0147221124135495,2.5638821221962376,0.9997218393300364,2.5038044661563887,0.9838362034006066
R100,2230.0,243488.12128921723,364100.76456380275,4.642499923706055,2.6012241771521127,1.0022791700889733,2.53146422147448,0.9874628365595841,2.4741742838612137,0.9717719968696162
R100,2235.0,243493.04532798228,364099.89632291446,4.392499923706055,2.5670379900988243,0.9893015054630088,2.500505253942714,0.974677016095767,2.4458781874638165,0.9591893438078636
R100,2240.0,243497.96936674736,364099.0280820261,4.287499904632568,2.533842291280423,0.9759613122219684,2.4704458699627185,0.9615340261473833,2.4184063965529345,0.9462551967046237
R100,2245.0,243502.8934055124,364098.15984113776,4.284999847412109,2.500635737202705,0.9625442051347259,2.4403805611287717,0.9483152593426037,2.3909340799134866,0.933246476843473
R100,2250.0,243507.81744427746,364097.2916002494,4.320000171661377,2.4674183278654804,0.9490501842012088,2.4103093274407,0.9350207156813566,2.363461237545315,0.9201631842243406
R100,2255.0,243512.74148304254,364096.4233593611,4.264999866485596,2.4357982814739625,0.9350503955270434,2.381687275561973,0.921227880862598,2.3373134100325768,0.906589518322047
R100,2260.0,243517.6655218076,364095.5551184728,4.224999904632568,2.405454117158251,0.9206272640784371,2.354223246940381,0.9070179613938182,2.312224972192777,0.8926053952681381
R100,2265.0,243522.58956057267,364094.68687758443,4.207499980926514,2.375107318524032,0.906120783873273,2.3267603662291374,0.8927259252832589,2.2871419479187978,0.8785404604104788
R100,2270.0,243527.51359933772,364093.8186366961,4.132500171661377,2.344757885571642,0.8915309549117048,2.299298633428548,0.8783517725310717,2.262064337210918,0.8643947137492181
R100,2275.0,243532.43763810277,364092.95039580774,4.012499809265137,2.315965128136334,0.8764641886390485,2.2732492151010133,0.8635077328610331,2.2382776836850686,0.8497865466995006
R100,2280.0,243537.36167686785,364092.08215491945,4.070000171661377,2.2887694228700735,0.8609099755846275,2.248648300079826,0.8481834521602026,2.2158145037557673,0.8347057696758196
R100,2285.0,243542.2857156329,364091.2139140311,4.045000076293945,2.2615833694260323,0.845268887309349,2.224059181225993,0.8327735804837506,2.193365834589322,0.8195407617219048
R100,2290.0,243547.20975439795,364090.34567314276,4.014999866485596,2.2344069678041443,0.8295409238132208,2.199481858539455,0.8172781178316842,2.17093167618568,0.8042915228377636
R100,2295.0,243552.13379316303,364089.4774322544,3.944999933242798,2.208605745051835,0.81315166572057,2.1761539313990537,0.8011311362639697,2.149640997386397,0.7884011177099682
R100,2300.0,243557.05783192808,364088.60919136606,3.822499990463257,2.184676268810004,0.7960197402109637,2.1545234946298963,0.7842524658653987,2.129900816430564,0.7717906503277439
R100,2305.0,243561.98187069315,364087.7409504778,3.672499895095825,2.160769809580392,0.7787582214540425,2.1329161178021505,0.7672461179500154,2.110184524360684,0.7550545342315867
R100,2310.0,243566.9059094582,364086.8727095894,3.7774999141693115,2.1368863673630702,0.7613671094497231,2.1113318009158792,0.7501120925177373,2.0904921211768137,0.738192769421416
R100,2315.0,243571.82994822325,364086.0044687011,3.7699999809265137,2.114360832989599,0.7434375547927885,2.0909781936871856,0.7324475840374942,2.071923732369715,0.720808950968566
R100,2320.0,243576.75398698833,364085.13622781273,3.7699999809265137,2.0941355039531104,0.7246902519720464,2.0727073559426628,0.713977415871309,2.055255059230286,0.7026322748072181
R100,2325.0,243581.67802575338,364084.2679869244,3.6875,2.073962565081974,0.7058179209723249,2.0544855414591607,0.6953840677728793,2.0386332054600804,0.684334376049635
R100,2330.0,243586.60206451846,364083.3997460361,3.5299999713897705,2.0538420163760547,0.6868205617935826,2.0363127502365583,0.6766675397421642,2.022058171058989,0.6659152546957758
R100,2335.0,243591.5261032835,364082.53150514775,3.432499885559082,2.0349142486118046,0.6671502318970944,2.0192202942526705,0.657287989278502,2.006469566421156,0.6468436463724883
R100,2340.0,243596.45014204856,364081.6632642594,3.3324999809265137,2.018599808573829,0.646132739677882,2.0044924418259087,0.6365811911096542,1.9930370185661723,0.6264658803842348
R100,2345.0,243601.37418081364,364080.79502337106,3.065000057220459,2.0023710548358453,0.6249869882691881,1.9898431092534228,0.6157480297609306,1.9796774806792112,0.6059637591340964
R100,2350.0,243606.2982195787,364079.92678248277,2.737499952316284,1.986227987398109,0.6037129776714034,1.9752722965354415,0.5947885052327169,1.9663909527604821,0.5853372826224524
R100,2355.0,243611.22225834377,364079.0585415944,2.577500104904175,1.9710631842160642,0.5816156823868226,1.9615868619495795,0.5730178663400176,1.9539127715806226,0.5639125803989063
R100,2360.0,243616.14629710882,364078.1903007061,2.502500057220459,1.9587072654335371,0.5573354466014706,1.9504412693897852,0.5490965565732138,1.9437503835312733,0.5403713815816401
R100,2365.0,243621.07033587387,364077.3220598177,2.299999952316284,1.946468919671101,0.5330075472742478,1.9394024592293746,0.5251282878575904,1.9336861818190316,0.5167839699958735
R100,2370.0,243625.99437463895,364076.4538189294,2.047499895095825,1.9343481469286876,0.5086319844050218,1.928470431468287,0.5011130601930175,1.923720166443842,0.49315034564147864
R100,2375.0,243630.918413404,364075.5855780411,2.066632032394409,1.9229594611226177,0.4828265796099298,1.91820034192913,0.47568912744308806,1.9143584631850554,0.4681304006042384
R100,2380.0,243635.84245216905,364074.71733715275,2.065000057220459,1.914378394213246,0.45089488845369946,1.9104669683813609,0.44422947102666877,1.9073100120370479,0.4371706398867864
R100,2385.0,243640.76649093413,364073.8490962644,1.850000023841858,1.905931531616483,0.4188307409554714,1.9028549450027041,0.41263931632287465,1.9003725870174917,0.406082454507028
R100,2390.0,243645.69052969918,364072.98085537605,1.8574999570846558,1.897618873332421,0.38663413711559846,1.8953642717932428,0.3809186633320532,1.8935461881264632,0.37486584446530535
R100,2395.0,243650.61456846425,364072.1126144877,1.9199999570846558,,,,,,
R100,2400.0,243655.5386072293,364071.2443735994,1.8899999856948853,,,,,,
R100,2405.0,243660.46264599435,364070.37613271107,1.7324999570846558,,,,,,
R100,2410.0,243665.38668475943,364069.5078918227,1.5175000429153442,,,,,,
R100,2415.0,243670.31072352448,364068.6396509344,1.372499942779541,,,,,,
R100,2420.0,243675.23476228956,364067.7714100461,1.1050000190734863,,,,,,
R100,2425.0,243680.1588010546,364066.90316915774,1.037500023841858,,,,,,
R100,2430.0,243685.08283981966,364066.0349282694,0.8399999737739563,,,,,,
R100,2435.0,243690.00687858474,364065.16668738105,0.6080402135848999,,,,,,
R100,2440.0,243694.9309173498,364064.2984464927,0.6867387294769287,,,,,,
R100,2445.0,243699.85495611484,364063.4302056044,0.791309118270874,,,,,,
R100,2450.0,243704.77899487992,364062.56196471606,2.202500104904175,,,,,,
R100,2455.0,243709.70303364497,364061.6937238277,2.3299999237060547,,,,,,
R100,2460.0,243714.62707241005,364060.82548293937,2.5299999713897705,,,,,,
R100,2465.0,243719.5511111751,364059.957242051,2.7899999618530273,,,,,,
R100,2470.0,243724.47514994015,364059.08900116273,2.880000114440918,,,,,,
R125,0.0,241292.0,364488.0,14.732500076293945,14.12499191110089,0.22402237743533593,13.340789389631354,0.22071073499381735,12.708470692735196,0.21720362905634327
R125,5.0,241296.09576022145,364485.1321178182,14.710000038146973,14.055524424135715,0.3004660230472587,13.273108560311728,0.2960243416019024,12.64213840006782,0.29132049824771866
R125,10.0,241300.1915204429,364482.2642356365,14.649999618530273,13.98576725628873,0.3657737405546857,13.204886446495514,0.36036663853800005,12.575092948762574,0.35464039249062734
R125,15.0,241304.28728066434,364479.39635345474,14.6899995803833,13.915720407558675,0.4199455299586457,13.136123048181474,0.4137376258031242,12.507334338818218,0.4071633117860667
R125,20.0,241308.3830408858,364476.52847127296,14.617500305175781,13.845383877946178,0.4629813912585665,13.066818365370228,0.45613730339671066,12.438862570235369,0.4488892561334818
R125,25.0,241312.47880110724,364473.66058909125,14.53499984741211,13.776722917089758,0.49828330161754897,12.999451964247001,0.49091735827376,12.37250476028786,0.48311665399455195
R125,30.0,241316.57456132866,364470.7927069095,14.442500114440918,13.70925705911509,0.5310879788811256,12.933475380083731,0.523237095757125,12.307667955075027,0.5149228290425939
R125,35.0,241320.6703215501,364467.9248247277,14.272500038146973,13.642430760196739,0.5654428673202091,12.868462658099164,0.5570841282001741,12.24402615923363,0.5482320302479786
R125,40.0,241324.76608177155,364465.056942546,14.667499542236328,13.57572981369253,0.5979190196145749,12.803589244328357,0.5890801971812422,12.18053685225087,0.5797196799042472
R125,45.0,241328.861841993,364462.1890603642,14.642499923706055,13.508880374243553,0.6266404325023341,12.738407667288222,0.6173770317219001,12.116630508378403,0.6075668761621551
R125,50.0,241332.95760221445,364459.32117818244,14.494999885559082,13.443592062980374,0.6505335144238356,12.674832063828644,0.6409169107815808,12.054351634347215,0.6307327052275654
R125,55.0,241337.0533624359,364456.4532960007,14.444999694824219,13.3788919300886,0.6716657782851803,12.611810519740303,0.6617367839644641,11.992600242437405,0.6512217494616079
R125,60.0,241341.14912265734,364453.58541381895,14.465680122375488,13.3141347815119,0.6906774181049795,12.548626697973141,0.6804673815305384,11.930615010176602,0.6696547167851947
R125,65.0,241345.2448828788,364450.7175316372,14.387499809265137,13.249320617250895,0.7075684338831028,12.485280598527787,0.6971087034796746,11.868395937565415,0.6860316071981988
R125,70.0,241349.34064310024,364447.8496494554,14.22249984741211,13.184753745973937,0.7231450228976259,12.422290524439969,0.7124550293647027,11.806613871382343,0.7011340791069443
R125,75.0,241353.43640332168,364444.9817672737,14.262499809265137,13.122278609055593,0.7362055041134419,12.361501840738878,0.7253224421703274,11.747096860828764,0.7137970280036958
R125,80.0,241357.53216354313,364442.1138850919,14.352499961853027,13.06013769163038,0.7476209762743911,12.300992696692632,0.7365691635000279,11.687819493256278,0.7248650383026841
R125,85.0,241361.62792376455,364439.24600291013,14.09000015258789,12.997935015278763,0.7575950324280478,12.24034217560725,0.7463957767583641,11.628346404902446,0.7345355061269587
R125,90.0,241365.723683986,364436.3781207284,14.0,12.935670580000911,0.7661276725745273,12.179550277482907,0.7548022819454498,11.568677595767458,0.7428084314766308
R125,95.0,241369.81944420745,364433.51023854665,13.852499961853027,12.87334438579581,0.7732188967137944,12.118617002318594,0.7617886790612504,11.508813065850298,0.7496838143516671
R125,100.0,241373.9152044289,364430.6423563649,13.864999771118164,12.813724381970154,0.7784040546270734,12.060406780294258,0.7668971866445553,11.451664300447668,0.7547111474638615
R125,105.0,241378.01096465034,364427.77447418316,13.729999542236328,12.754386321985745,0.7821358137998378,12.002561805103266,0.770573780559726,11.394941431963233,0.7583293200961622
R125,110.0,241382.1067248718,364424.9065920014,13.912500381469727,12.69499891320326,0.7845599509428322,11.944645412377609,0.7729620825526646,11.338133211045697,0.7606796718369019
R125,115.0,241386.20248509324,364422.0387098196,13.84000015258789,12.635505748992685,0.7857570907464339,11.886560017431512,0.7741415254678621,11.28111251834694,0.7618403733382326
R125,120.0,241390.29824531468,364419.1708276379,13.822500228881836,12.57617042470574,0.7857460850079185,11.828572624591775,0.7741306824232356,11.224146896079281,0.7618297025901897
R125,125.0,241394.39400553613,364416.3029454561,13.829999923706055,12.520144276044187,0.7848760136528472,11.773878374783258,0.7732734730209944,11.170440012985065,0.7609861142932717
R125,130.0,241398.48976575758,364413.43506327434,13.760000228881836,12.46412163404962,0.7830173721287874,11.719131484294326,0.7714423071280591,11.116641152472821,0.7591840457287504
R125,135.0,241402.58552597903,364410.5671810926,13.867500305175781,12.408102498722663,0.7801701604358453,11.664331953125595,0.7686371847445336,11.062750314543162,0.7564234968967285
R125,140.0,241406.68128620044,364407.69929891085,13.925000190734863,12.352012154192025,0.7749714656774601,11.609519187762942,0.7635153404264603,11.008888792323543,0.7513830389712187
R125,145.0,241410.7770464219,364404.8314167291,13.989999771118164,12.29667993687056,0.7685650212252048,11.555440604854063,0.7572036001451308,10.955739204705882,0.7451715925958332
R125,150.0,241414.87280664334,364401.96353454737,14.007499694824219,12.245316569503721,0.7626957724205603,11.505281008903319,0.7514211143408003,10.90644620064463,0.7394809908142154
R125,155.0,241418.9685668648,364399.0956523656,13.744999885559082,12.194061731708253,0.7559903748765502,11.45517770728587,0.7448148402840651,10.857171197495557,0.7329796908215811
R125,160.0,241423.06432708623,364396.2277701838,13.505000114440918,12.142915423484787,0.7484488285933389,11.405130700002335,0.7373847779750871,10.807914195259283,0.7256676926180896
R125,165.0,241427.16008730768,364393.3598880021,13.5600004196167,12.091877644833941,0.7400711335711211,11.355139987053326,0.729130927414058,10.758675193936424,0.7175449962039293
R125,170.0,241431.25584752913,364390.4920058203,13.90999984741211,12.042978708986793,0.7321944264524105,11.307222723361585,0.7213706588320172,10.71144904518589,0.7099080387235169
R125,175.0,241435.35160775058,364387.62412363855,14.4399995803833,11.998733885021982,0.7240714373130521,11.263976745673196,0.7133677489281451,10.668873544972158,0.7020322955054261
R125,180.0,241439.44736797202,364384.75624145684,14.15999984741211,11.955063392524227,0.715380382075844,11.221268461760555,0.7048051704438345,10.626803556592034,0.6936057768719291
R125,185.0,241443.54312819347,364381.88835927506,14.067500114440918,11.912045368632722,0.7067337203708346,11.179154804514278,0.6962863292380519,10.585280852827811,0.6852223005291618
R125,190.0,241447.63888841492,364379.0204770933,13.789999961853027,11.869679813348096,0.6981314521983016,11.13763577393498,0.6878112253110708,10.544305433680108,0.6768818664773937
R125,195.0,241451.73464863637,364376.1525949115,13.452500343322754,11.831179757319909,0.6921127777650316,11.0998938273501,0.6818815227836039,10.507018904033696,0.6710463872545961
R125,200.0,241455.8304088578,364373.2847127298,13.217499732971191,11.798130012564265,0.6902701594698982,11.067496739722305,0.6800661432539535,10.47496723059928,0.6692598542071609
R125,205.0,241459.92616907923,364370.416830548,13.270000457763672,11.766329054158664,0.6894209016856594,11.036282172905649,0.6792294397429871,10.44404082457234,0.668436445961762
R125,210.0,241464.02192930068,364367.54894836625,13.170000076293945,11.736875186793247,0.688101448532118,11.007415513258865,0.6779294915922757,10.415436843440387,0.6671571540598218
R125,215.0,241468.11768952213,364364.68106618454,13.157500267028809,11.709411423092615,0.6889246203509858,10.980474722322539,0.6787404947573528,10.388694568016525,0.6679552703392575
R125,220.0,241472.21344974358,364361.81318400276,13.145000457763672,11.686145712698433,0.6924151823050895,10.957643872508411,0.6821794569858451,10.365974931798926,0.6713395872656703
R125,225.0,241476.30920996502,364358.945301821,13.237500190734863,11.666489536615279,0.6978306719170356,10.93834145049806,0.6875148913569182,10.346705069853794,0.6765902412862863
R125,230.0,241480.40497018647,364356.0774196393,13.145000457763672,11.648372744822233,0.7048155819701818,10.920508851444907,0.6943965459896086,10.32884247093921,0.6833625460421241
R125,235.0,241484.50073040792,364353.2095374575,13.140000343322754,11.631795337318358,0.7133699124641208,10.904146075348027,0.702824420883515,10.312387135054234,0.6916565015327883
R125,240.0,241488.59649062937,364350.3416552757,12.904999732971191,11.616757314104131,0.7234936633990653,10.889253122207888,0.7127985160388468,10.297339062199336,0.7014721077584856
R125,245.0,241492.6922508508,364347.473773094,13.112500190734863,11.607063422830374,0.7348054614617905,10.879684503957193,0.7239430958473397,10.287560468237142,0.7124395995707489
R125,250.0,241496.78801107226,364344.60589091224,13.154999732971191,11.599044456268414,0.7455321633073423,10.871749513045845,0.7345112287062266,10.279377070716578,0.7228398042076561
R125,255.0,241500.88377129368,364341.73800873046,13.09000015258789,11.591886661679535,0.7566874950318162,10.864620324707726,0.7455016551622425,10.271951160303109,0.7336555921728275
R125,260.0,241504.97953151513,364338.87012654875,13.045000076293945,11.585590039064176,0.7682714566355163,10.858296938943269,0.7569143752156868,10.26528273699719,0.7448869634665571
R125,265.0,241509.07529173658,364336.002244367,13.037500381469727,11.580154588421644,0.7802840481181635,10.85277935575178,0.768749388866285,10.259371800798096,0.756533918088575
R125,270.0,241513.17105195802,364333.1343621852,13.135000228881836,11.575331965589136,0.789037355935267,10.8478585985367,0.777373299672964,10.254063270172416,0.7650207944703835
R125,275.0,241517.26681217947,364330.2664800035,13.0600004196167,11.571152726829212,0.7968421237416496,10.843539695834036,0.7850626923957464,10.249328168846827,0.7725880023128946
R125,280.0,241521.36257240092,364327.3985978217,13.175000190734863,11.57039532966508,0.806830536155911,10.84263148690124,0.7949034496912496,10.247944492528312,0.7822723894247853
R125,285.0,241525.45833262237,364324.53071563994,13.092499732971191,11.570269229268675,0.8167206161117855,10.842314689142068,0.8046473281418339,10.247112899232866,0.7918614371020201
R125,290.0,241529.5540928438,364321.6628334582,13.037500381469727,11.570478517727718,0.8262781827522663,10.842289554588572,0.8140636087021214,10.24653553178636,0.8011280924377515
R125,295.0,241533.64985306526,364318.79495127645,13.237500190734863,11.57067114855123,0.8320903732486998,10.84224525672957,0.8197898796707681,10.245969674506803,0.8067633726405543
R125,300.0,241537.7456132867,364315.9270690947,13.229999542236328,11.571191662953963,0.8371519399169027,10.842488156417357,0.8247766230140539,10.24566220026312,0.8116708763533098
R125,305.0,241541.84137350816,364313.05918691296,13.305000305175781,11.572085114869392,0.841879769923636,10.843058156764645,0.8294345632052533,10.245644708348307,0.8162548016144497
R125,310.0,241545.93713372957,364310.1913047312,13.0600004196167,11.57335150429702,0.8462738632687674,10.84395525777093,0.8337637002442362,10.245917198761834,0.8205151484238458
R125,315.0,241550.03289395102,364307.3234225494,12.947500228881836,11.576729679678053,0.851545505156309,10.846995138788913,0.8389574133402269,10.248296277779364,0.8256263331283658
R125,320.0,241554.12865417247,364304.4555403677,13.272500038146973,11.580047487407333,0.8531501725409653,10.849980371520228,0.8405383595023871,10.25066911036919,0.8271821579676211
R125,325.0,241558.22441439392,364301.5876581859,13.109999656677246,11.583588056841585,0.8542469651506667,10.853147056107126,0.8416189386202598,10.253189051359186,0.8282455666228983
R125,330.0,241562.32017461536,364298.71977600415,13.1225004196167,11.587351387980975,0.8548358829854382,10.856495192549772,0.8421991506938691,10.255856100749535,0.8288165590942211
R125,335.0,241566.4159348368,364295.8518938224,12.932499885559082,11.591337480825494,0.8549169260452794,10.860024780848168,0.8422789957232149,10.258670258540235,0.8288951353815897
R125,340.0,241570.51169505826,364292.98401164066,12.932499885559082,11.595512912215659,0.8541137677747209,10.86370587397074,0.8414877102533417,10.261612890381524,0.828116423482077
R125,345.0,241574.6074552797,364290.1161294589,12.895000457763672,11.59971774894105,0.8501360977170548,10.867395676396534,0.8375688406656905,10.264608793509941,0.8242598249512791
R125,350.0,241578.70321550115,364287.2482472771,12.625,11.605155670325644,0.8465971153389766,10.872400533480516,0.8340821737949792,10.268899958530723,0.8208285614120849
R125,355.0,241582.7989757226,364284.3803650954,12.579999923706055,11.61079165249493,0.8425206588574539,10.877572869546979,0.8300659781077487,10.273325936039367,0.8168761832988725
R125,360.0,241586.89473594405,364281.5124829136,12.604999542236328,11.616583289747721,0.8378641198375344,10.88286504165424,0.8254782750342611,10.277838477764822,0.8123613790837234
R125,365.0,241590.99049616547,364278.64460073184,12.555000305175781,11.622495063630732,0.8318678846536337,10.88824362635964,0.8195706800447529,10.282428438858839,0.8065476561088937
R125,370.0,241595.08625638692,364275.7767185501,12.53345012664795,11.628507015413415,0.8228218189889119,10.89368613303548,0.8106583391247177,10.287124237821743,0.7977769327843648
R125,375.0,241599.18201660836,364272.90883636835,12.47249984741211,11.634764610546341,0.8130534387855969,10.899327182533806,0.8010343613828825,10.291983814658515,0.7883058805869214
R125,380.0,241603.2777768298,364270.0409541866,12.414999961853027,11.641267849029628,0.8025627440437472,10.905166774854745,0.790698746819305,10.297007169369287,0.7781344995166202
R125,385.0,241607.37353705126,364267.17307200487,12.489999771118164,11.648151394380628,0.7928784348454734,10.911572957180965,0.7811575972909908,10.3025994907339,0.7687449593877551
R125,390.0,241611.4692972727,364264.3051898231,12.417499542236328,11.655148323379041,0.7812752338562174,10.918063778520322,0.7697259222609074,10.308285707054601,0.7574949343130389
R125,395.0,241615.56505749415,364261.4373076413,12.59000015258789,11.662329607095483,0.7664671099366699,10.924688338205302,0.755136701526898,10.314144752937048,0.7431375371121605
R125,400.0,241619.6608177156,364258.5694254596,12.460000038146973,11.669722949852229,0.7508082669733915,10.931484316499219,0.739709337623705,10.320141003610274,0.7279553148839154
R125,405.0,241623.75657793705,364255.7015432778,12.5625,11.677328351649088,0.7342987049662317,10.938451713401864,0.7234438305511797,10.326274459074034,0.7119482676281574
R125,410.0,241627.8523381585,364252.83366109605,12.452500343322754,11.685145812486159,0.7169384239152603,10.945590528913339,0.7063401803093909,10.332545119328453,0.6951163953449546
R125,415.0,241631.94809837994,364249.96577891434,12.367500305175781,11.693298228149537,0.6959552997216133,10.952983397236475,0.6856672421159411,10.339096408981627,0.674771951295177
R125,420.0,241636.04385860136,364247.09789673256,12.452500343322754,11.70097133481677,0.6747743114037785,10.96025643302044,0.6647993647527133,10.345643585375846,0.6542356656699152
R125,425.0,241640.1396188228,364244.2300145508,12.399999618530273,11.708750988482642,0.653238511223577,10.96764116636455,0.6435819205836386,10.352278435108836,0.6333553678748968
R125,430.0,241644.23537904426,364241.3621323691,12.762499809265137,11.71663718914716,0.6313478991811923,10.975137597268816,0.6220149096088985,10.359000958180628,0.6121310579102999
R125,435.0,241648.3311392657,364238.4942501873,12.587499618530273,11.724629936810114,0.6091024752765375,10.982745725733032,0.6000983318284066,10.365811154590972,0.5905627357760397
R125,440.0,241652.42689948715,364235.6263680055,12.412500381469727,11.733060909196997,0.5808411296762733,10.99071971304516,0.5722547635654875,10.373061255584883,0.5631616033693967
R125,445.0,241656.5226597086,364232.7584858238,12.657500267028809,11.741961270943616,0.5478093049598168,10.99908881368713,0.5397112364685073,10.380750063141337,0.5311351947372625
R125,450.0,241660.61841993005,364229.89060364204,12.28499984741211,11.751038910132444,0.5142228469646248,11.00764398394141,0.5066212750376623,10.388608295365959,0.498571034643373
R125,455.0,241664.7141801515,364227.02272146026,12.047499656677246,11.757614906740166,0.49336283231202793,11.014700412462757,0.48606962650115143,10.395148234555858,0.47834595295104515
R125,460.0,241668.80994037294,364224.1548392785,12.0600004196167,11.763901517366461,0.4757701550712975,11.021654633814965,0.46873701549918245,10.401608134154689,0.46128875810691106
R125,465.0,241672.9057005944,364221.2869570968,12.005000114440918,11.769730224666583,0.4612714190763955,11.028692779115316,0.4544526091193849,10.4084777421869,0.4472313317429027
R125,470.0,241677.00146081584,364218.419074915,12.042499542236328,11.775250947078375,0.4529150858796386,11.035800611160631,0.44621980459976185,10.41559223024499,0.43912934694727024
R125,475.0,241681.09722103726,364215.5511927332,12.295000076293945,11.780541272506913,0.45127292612891623,11.042918157994556,0.44460192030758955,10.422772151131795,0.43753717092705646
R125,480.0,241685.1929812587,364212.6833105515,12.1899995803833,11.78560120095255,0.45634493982344004,11.05004541961741,0.4495989562420914,10.43001750484766,0.4424548036814968
R125,485.0,241689.28874148015,364209.81542836974,12.074999809265137,11.790287515522886,0.4669948808263579,11.057041773819677,0.46009146298563747,10.43717624140707,0.4527805839067588
R125,490.0,241693.3845017016,364206.94754618796,11.987500190734863,11.792395190189449,0.4757325298260301,11.062466750689124,0.46869994645334967,10.443191682979569,0.4612522780910297
R125,495.0,241697.48026192305,364204.07966400625,12.194999694824219,11.794743765929795,0.4844581588586947,11.068222027964843,0.47729658764091865,10.449622399295214,0.4697123181696493
R125,500.0,241701.5760221445,364201.2117818245,12.192500114440918,11.797437129023095,0.4905489097529466,11.074225517268488,0.4832973011487267,10.45626315350188,0.4756176800044547
R125,505.0,241705.67178236594,364198.3438996427,12.407500267028809,11.800475279469563,0.49400478250860086,11.080477218600237,0.48670208697659123,10.463113945599762,0.4789683635952662
R125,510.0,241709.7675425874,364195.476017461,12.212499618530273,11.803858217269394,0.49482577712558184,11.086977131960241,0.48751094512443816,10.470174775589037,0.4797643689420108
R125,515.0,241713.86330280884,364192.6081352792,12.302499771118164,11.810511725212368,0.49151335539870905,11.096891071552873,0.484247489740083,10.481292761528454,0.47655277004616803
R125,520.0,241717.95906303028,364189.74025309744,12.0625,11.818041776678477,0.4841793698049486,11.107545557370475,0.4770219198253573,10.493177577032021,0.4694420148413236
R125,525.0,241722.05482325173,364186.8723709157,12.3100004196167,11.820612812318199,0.4709093507621843,11.113300388543298,0.46394806671542854,10.49979147410537,0.4565759059881816
R125,530.0,241726.15058347315,364184.00448873395,12.322500228881836,11.823265084642063,0.45671246774662594,11.119023488327343,0.44996105113042223,10.50632744035373,0.4428111448627513
R125,535.0,241730.2463436946,364181.1366065522,12.3100004196167,11.826289354088589,0.4410469710891119,11.125016842173853,0.4345271318922786,10.51313525485259,0.42762247146411914
R125,540.0,241734.34210391605,364178.26872437046,12.34749984741211,11.834578805684913,0.41718561212961475,11.13639706527755,0.4110185068456675,10.526097685441576,0.4044873997836008
R125,545.0,241738.4378641375,364175.4008421887,12.555000305175781,11.844157749968266,0.3946546100550691,11.14906559166312,0.38882057249512403,10.540428831501487,0.38264219185080356
R125,550.0,241742.53362435894,364172.5329600069,12.729999542236328,11.85502618693894,0.37345396486558285,11.163022421330822,0.3679333288407543,10.556128693032607,0.3620868476658319
R125,555.0,241746.6293845804,364169.6650778252,12.835000038146973,11.865802760994733,0.354602635666742,11.176833587113487,0.34936067208113747,10.57167307128311,0.3438093114605148
R125,560.0,241750.72514480184,364166.7971956434,12.390000343322754,11.864256515019077,0.35285502592277074,11.17789148656442,0.34763889662548125,10.573701210730855,0.3421148951129853
R125,565.0,241754.82090502328,364163.92931346165,12.274999618530273,11.852652499906593,0.37186828216036677,11.168929575055287,0.3663710867148566,10.565223659860148,0.36054942965429115
R125,570.0,241758.91666524473,364161.06143127993,12.057499885559082,11.841443401220902,0.39433463638203664,11.160056537923323,0.3885053288789562,10.556849046362478,0.3823319574727677
R125,575.0,241763.01242546618,364158.19354909816,11.852499961853027,11.830629218961043,0.4202540885883183,11.151272375167595,0.41404162311831,10.548577370236838,0.4074624785689362
R125,580.0,241767.10818568763,364155.3256669164,11.802499771118164,11.820209953127502,0.44962663877895975,11.142577086788577,0.4429799694326697,10.540408631483738,0.4359409929425525
R125,585.0,241771.20394590907,364152.4577847346,12.125,11.805864795490148,0.48465554531199206,11.129504087935253,0.4774910562018145,10.527580658242721,0.4699036966137209
R125,590.0,241775.2997061305,364149.5899025529,12.085000038146973,11.78356496565257,0.5226613830403165,11.107982086457758,0.5149350672598981,10.505786753890222,0.5067527202429386
R125,595.0,241779.39546635194,364146.7220203711,12.385000228881836,11.76497069694138,0.553716737089337,11.089995045666914,0.5455313411466906,10.487942001415899,0.5368628176271556
R125,600.0,241783.4912265734,364143.85413818934,13.267499923706055,11.747714573218039,0.5836976341432275,11.073256623128268,0.5750690413508193,10.471418118823314,0.5659311621236962
R125,605.0,241787.58698679483,364140.9862560076,13.244999885559082,11.731796594482892,0.6126040742018053,11.057766818842154,0.603548167872104,10.45621510611285,0.5939577537323832
R125,610.0,241791.68274701628,364138.11837382586,12.692500114440918,11.714571989427522,0.6397530960744862,11.04088384941939,0.6302958554903204,10.439521641623234,0.6202804190989633
R125,615.0,241795.77850723773,364135.2504916441,12.21500015258789,11.694931143387329,0.6647258249919761,11.021528177467154,0.6548994215116744,10.420189760531468,0.6444930330807193
R125,620.0,241799.87426745918,364132.38260946237,11.845000267028809,11.676682514324618,0.6884504594543628,11.003515994675091,0.6782733432106937,10.402280917305937,0.6674955418571573
R125,625.0,241803.97002768063,364129.5147272806,11.727499961853027,11.659887955201013,0.7108783752563939,10.98687407588415,0.7003697151763172,10.385851144684754,0.6892408012368743
R125,630.0,241808.06578790207,364126.6468450988,11.675000190734863,11.64439901096623,0.7320752945321373,10.971326130299856,0.7212532879958752,10.370706573772859,0.7097925329167466
R125,635.0,241812.16154812352,364123.7789629171,11.552499771118164,11.627772026771634,0.751273782049724,10.954677623909426,0.7401679711573014,10.354375385175446,0.72840666070523
R125,640.0,241816.25730834497,364120.9110807353,11.550000190734863,11.610237996646093,0.7686887677771735,10.937161444211535,0.7573255173959729,10.337108292503883,0.7452915725748988
R125,645.0,241820.3530685664,364118.04319855355,11.524999618530273,11.593474512848585,0.7854110851566616,10.92039516950538,0.7738006347544758,10.320624029245234,0.7615048993974557
R125,650.0,241824.44882878783,364115.17531637184,11.507499694824219,11.577481575379288,0.8014407341882608,10.904378799791148,0.7895933232328824,10.304922595399734,0.777046641172972
R125,655.0,241828.54458900928,364112.30743419006,11.539999961853027,11.562259184237746,0.8167777148720771,10.88911233506837,0.8047035828312967,10.290003990966857,0.79191679790155
R125,660.0,241832.64034923073,364109.4395520083,11.604999542236328,11.546341689705898,0.8300986980153043,10.873200029909686,0.8178276466578049,10.274413658061118,0.8048323196200833
R125,665.0,241836.73610945218,364106.5716698266,11.505000114440918,11.53009471108791,0.8420380437274083,10.856890688453147,0.8295904973038639,10.258496085554413,0.8164082579117077
R125,670.0,241840.83186967362,364103.7037876448,11.40250015258789,11.51435717371358,0.8534861905229639,10.841093435643442,0.8408694102508087,10.243107125111878,0.8275079483013131
R125,675.0,241844.92762989507,364100.835905463,11.494999885559082,11.49912907758314,0.8644431384018949,10.825808271480811,0.8516643854985639,10.228246776733778,0.8381313907888253
R125,680.0,241849.02339011652,364097.9680232813,11.585000038146973,11.484410422696797,0.8749088873641455,10.811035195965477,0.8619754230470749,10.213915040420348,0.8482785853741903
R125,685.0,241853.11915033797,364095.10014109954,11.647500038146973,11.469106904863624,0.8835493382327357,10.795785522886963,0.8704881452290658,10.199063148368763,0.8566560399247549
R125,690.0,241857.2149105594,364092.23225891776,11.957500457763672,11.453948734224843,0.8913639651785346,10.780717170182538,0.8781872513471644,10.184391261958432,0.864232806816172
R125,695.0,241861.31067078086,364089.36437673605,11.7524995803833,11.439190957047279,0.8987034204811937,10.76603477215157,0.8854182101141214,10.170143212117821,0.8713488652440308
R125,700.0,241865.40643100228,364086.4964945543,11.444999694824219,11.424558730082278,0.9053688880836179,10.75142818892056,0.8919851444993155,10.156055474059082,0.8778114506746783
R125,705.0,241869.50219122373,364083.6286123725,11.244999885559082,11.410309834402856,0.9116340027169145,10.737221553351638,0.8981576441897527,10.142378338952227,0.8838858689999215
R125,710.0,241873.59795144518,364080.7607301908,11.4975004196167,11.395565192137783,0.9161678256929254,10.722645715701143,0.9026244452866058,10.128294564962998,0.8882816923776011
R125,715.0,241877.69371166662,364077.892848009,11.845000267028809,11.381076577889555,0.9201702855618769,10.708357652366827,0.9065677382266557,10.114505031573149,0.8921623261723594
R125,720.0,241881.78947188807,364075.02496582724,11.875,11.366965252757662,0.923828967750133,10.694463409756622,0.9101723354281803,10.101122598653092,0.8957096461228147
R125,725.0,241885.88523210952,364072.15708364546,11.572500228881836,11.353231216742097,0.9271438722576943,10.680962987870526,0.9134382368911802,10.088147266202828,0.8989236522289671
R125,730.0,241889.98099233097,364069.28920146375,11.422499656677246,11.339745780743128,0.929983878367411,10.66771950991522,0.9162362602090458,10.075461010036388,0.9016772147998708
R125,735.0,241894.0767525524,364066.421319282,11.407500267028809,11.325473458264636,0.9307615991419367,10.65380513689841,0.9170024842162624,10.06213267708433,0.9024312634647731
R125,740.0,241898.17251277386,364063.5534371002,11.475000381469727,11.311507765011829,0.9312095139165021,10.640226094176178,0.9174437776273426,10.049152438265669,0.9028655446988794
R125,745.0,241902.2682729953,364060.6855549185,11.524999618530273,11.297852114434663,0.9313338155057624,10.626985247679269,0.9175662417107834,10.036523350609958,0.9029860628211885
R125,750.0,241906.36403321676,364057.8176727367,11.427499771118164,11.284506506532786,0.9311345039097014,10.614082597407304,0.9173698764665685,10.024245414116802,0.9027928178316847
R125,755.0,241910.45979343817,364054.94979055494,11.417499542236328,11.271407284648065,0.9304812228187316,10.601468220561205,0.9167262525956872,10.012265550793684,0.9021594211800997
R125,760.0,241914.55555365962,364052.0819083732,11.404999732971191,11.258105532357115,0.9284954403548347,10.588792112175668,0.9147698252418172,10.000214208958509,0.9002340815662726
R125,765.0,241918.65131388107,364049.21402619145,11.547499656677246,11.244934967642795,0.9260270823709118,10.576279106739316,0.9123379561087751,9.988360260513845,0.8978408549697273
R125,770.0,241922.74707410252,364046.3461440097,11.609999656677246,11.231607220523742,0.9227285055137492,10.563639002984178,0.9090881409303682,9.976441152368128,0.8946426795362099
R125,775.0,241926.84283432396,364043.47826182796,11.680000305175781,11.218540489769158,0.9191136402659832,10.5513015270437,0.9055267129392098,9.964840315856321,0.8911378428349588
R125,780.0,241930.9385945454,364040.6103796462,11.9350004196167,11.205624853504448,0.91495370421227,10.539189536369705,0.9014282717283573,9.953477215109086,0.8871045260840998
R125,785.0,241935.03435476686,364037.7424974644,11.654999732971191,11.192588412190258,0.9097405820747945,10.527118826334021,0.8962922133059281,9.942164023589648,0.8820500799171728
R125,790.0,241939.1301149883,364034.8746152827,11.600000381469727,11.179793339024632,0.9042643157382669,10.51534771515861,0.8908969006507732,9.93117323237066,0.8767404990817735
R125,795.0,241943.22587520976,364032.0067331009,11.579999923706055,11.167239634007245,0.898524905202587,10.503876202843124,0.8852423337627939,9.920504841451766,0.8711757835778052
R125,800.0,241947.3216354312,364029.13885091915,11.672499656677246,11.154735348229348,0.8922283701254015,10.492503993066412,0.8790388781056133,9.909971460832418,0.8650709011778671
R125,805.0,241951.41739565265,364026.27096873743,11.787500381469727,11.141852514030823,0.8846643402587377,10.480857001732945,0.8715866645798854,9.899215682817367,0.8577371037417318
R125,810.0,241955.51315587407,364023.40308655566,11.930000305175781,11.128869690495138,0.8763104029528124,10.469313048597837,0.863356220533296,9.888593537784965,0.8496374419112246
R125,815.0,241959.60891609552,364020.5352043739,11.765000343322754,11.11607261404531,0.8677590327431732,10.458049105771792,0.8549312621628047,9.878285177625138,0.8413463566002988
R125,820.0,241963.70467631696,364017.66732219217,11.760000228881836,11.103461284681533,0.8590102296299362,10.447065173255002,0.8463117894685261,9.86829060233807,0.8328638478090669
R125,825.0,241967.8004365384,364014.7994400104,11.677499771118164,11.091035702403477,0.8500639936129328,10.436361251047124,0.8374978024502944,9.858609811923413,0.8241899155373654
R125,830.0,241971.89619675986,364011.9315578286,11.75,11.078579333790165,0.8405544863159472,10.425836317558716,0.8281288707894138,9.84915312576462,0.8149698567244151
R125,835.0,241975.9919569813,364009.0636756469,11.767499923706055,11.06580929700339,0.8300842563577058,10.415227873881657,0.8178134184858502,9.839673708382815,0.8048183175347151
R125,840.0,241980.08771720275,364006.1957934651,12.0600004196167,11.052711193344633,0.8187066459593235,10.40437326776292,0.806603999221795,9.830003102761003,0.7937870165695063
R125,845.0,241984.1834774242,364003.32791128336,12.567500114440918,11.039725485918755,0.8073049200744298,10.393782113284795,0.7953708209618153,9.82064735025849,0.7827323341401482
R125,850.0,241988.27923764565,364000.4600291016,14.02750015258789,11.02685217472575,0.7958790787030263,10.383454410447278,0.7841138837059127,9.811606450875281,0.771654270246642
R125,855.0,241992.3749978671,363997.59214691987,14.630000114440918,11.01379826302934,0.783870055003509,10.373302300183223,0.7722823850971153,9.802827827108288,0.7600107748122626
R125,860.0,241996.47075808854,363994.7242647381,15.807499885559082,11.000598313367222,0.7715554459312367,10.363369935997788,0.7601498184745408,9.794368855766589,0.7480709953516781
R125,865.0,242000.56651830996,363991.8563825563,16.177499771118164,10.987452339038391,0.7593731801034417,10.353726280203775,0.7481476387137185,9.786279037542219,0.736259530898324
R125,870.0,242004.6622785314,363988.9885003746,16.922500610351562,10.974108368593628,0.7468301246863613,10.344013586573748,0.7357900027867263,9.778171644306918,0.7240982584971531
R125,875.0,242008.75803875286,363986.1206181928,15.430000305175781,10.960324918222035,0.7336434682101434,10.333896370019504,0.7227982799242527,9.769682294199711,0.7113129748373561
R125,880.0,242012.8537989743,363983.25273601105,16.387500762939453,10.946200653688217,0.719447814489911,10.324003426931963,0.7088124754621894,9.761569236166947,0.697549405590162
R125,885.0,242016.94955919575,363980.38485382934,18.6875,10.93187497468857,0.7050133276849037,10.314395851215242,0.6945913684991964,9.753889363543184,0.6835542728119322
R125,890.0,242021.0453194172,363977.51697164756,19.49250030517578,10.917489426173118,0.6909229462583926,10.305087977407961,0.6807092801282879,9.746630018678957,0.6698927716014057
R125,895.0,242025.14107963865,363974.6490894658,20.397499084472656,10.903044008142043,0.6771766702105101,10.296079805510285,0.6671662103495939,9.73979120157443,0.6565649019587102
R125,900.0,242029.2368398601,363971.7812072841,18.670000076293945,10.888538720595529,0.6637744995413759,10.287371335522376,0.6539621591632325,9.733372912229758,0.6435706638839622
R125,905.0,242033.33260008154,363968.9133251023,17.764999389648438,10.873339052724212,0.6472005899497757,10.278559820245441,0.6376332557335126,9.72701606259463,0.6275012276426833
R125,910.0,242037.428360303,363966.0454429205,18.52750015258789,10.857451537119982,0.6294043874923325,10.269060620480976,0.6201001281550733,9.719950607517358,0.6102467024417243
R125,915.0,242041.52412052444,363963.1775607388,18.604999542236328,10.841416154251414,0.6116408764240758,10.259841589968232,0.6025992087007397,9.713307103065322,0.5930238735759765
R125,920.0,242045.61988074586,363960.30967855704,15.662500381469727,10.825232904118142,0.5939100567448071,10.250902728706837,0.5851304973703163,9.707085549238142,0.5758327410452478
R125,925.0,242049.7156409673,363957.44179637526,12.037500381469727,10.808901786720288,0.5762119284545095,10.242244036696977,0.5676939941637867,9.701285946036036,0.5586733048495218
R125,930.0,242053.81140118875,363954.57391419355,11.36752986907959,10.792148552118832,0.5508449732076273,10.23481592290045,0.5427020295196202,9.697280333182093,0.5340784639206968
R125,935.0,242057.9071614102,363951.7060320118,11.2475004196167,10.775192383485551,0.5234133090637005,10.228121260209434,0.5156758778296568,9.694340367042884,0.5074817592919267
R125,940.0,242062.00292163165,363948.83814983,11.167499542236328,10.757820905691775,0.4955744484074009,10.220345723929652,0.4882485490673557,9.690050552745904,0.4804902523169153
R125,945.0,242066.0986818531,363945.9702676483,11.09749984741211,10.739969189019437,0.46878847590085393,10.210052121149484,0.4618585439868474,9.682455070135802,0.45451958589241104
R125,950.0,242070.19444207454,363943.1023854665,11.192500114440918,10.721996853420912,0.4414434883746751,10.199572315938171,0.4349177876053045,9.67462779233474,0.42800691963581566
R125,955.0,242074.290202296,363940.23450328474,11.039999961853027,10.703950120561226,0.40736431913813,10.189314434196428,0.4013423985073116,9.667087936778767,0.3949650453471238
R125,960.0,242078.38596251744,363937.366621103,10.982500076293945,10.685829045887534,0.37342364274580936,10.17921197120556,0.3679034549635148,9.659775558569573,0.362057448485128
R125,965.0,242082.48172273888,363934.49873892125,10.9375,10.667633629399386,0.33962145919746234,10.169264926965084,0.3346009569736669,9.652690657706643,0.3292841290495849
R125,970.0,242086.57748296033,363931.6308567395,10.904999732971191,10.649363871097005,0.3059577684932161,10.159473301475238,0.3014349045378931,9.645833234190233,0.29664508704061787
R125,975.0,242090.67324318178,363928.7629745577,10.84749984741211,10.631152352023111,0.2853748240255867,10.14476041848224,0.2811562303576933,9.63215478598938,0.27668864212645455
R125,980.0,242094.7690034032,363925.895092376,10.837499618530273,10.61378577235955,0.318135448351085,10.11883878641644,0.3134325661212017,9.602684465664568,0.3084521051107836
R125,985.0,242098.86476362465,363923.0272101942,10.807499885559082,10.596424944593478,0.35247301365695693,10.094627458234923,0.3472625315120811,9.575564399528291,0.3417445104608426
R125,990.0,242102.9605238461,363920.15932801244,10.8100004196167,10.579069868725176,0.38838751994294224,10.072126433938148,0.3826461265300749,9.550794587581086,0.376565858176379
R125,995.0,242107.05628406754,363917.2914458307,10.78499984741211,10.56172054475487,0.42587896720892704,10.051335713526452,0.419583351175071,9.52837502982333,0.4129161482572826
R125,1000.0,242111.152044289,363914.42356364895,10.77750015258789,10.544388183212321,0.463384554301159,10.031335710674375,0.456534506622514,9.507024739274147,0.449280147779279
R125,1005.0,242115.24780451044,363911.5556814672,10.832500457763672,10.527089497880844,0.4969491029550052,10.010402232635009,0.4896028825899862,9.484346430963571,0.48182306540399056
R125,1010.0,242119.34356473188,363908.68779928546,10.970000267028809,10.509628227770255,0.5308145627795021,9.990764094382296,0.5229677214662566,9.463521365010568,0.5146577351252538
R125,1015.0,242123.43932495333,363905.8199171037,10.850000381469727,10.491968304687772,0.5651284347881299,9.971971714700885,0.5567743438102003,9.44394489208896,0.5479271683501512
R125,1020.0,242127.53508517478,363902.9520349219,10.895000457763672,10.47430608982899,0.5985606172531481,9.95380254870528,0.5897123103108749,9.425222240502631,0.5803417487216936
R125,1025.0,242131.63084539623,363900.0841527402,10.992500305175781,10.45655243688536,0.6285603301662884,9.935607943657843,0.6192685482261947,9.406479776332661,0.6094283363641295
R125,1030.0,242135.72660561767,363897.2162705584,10.662500381469727,10.438679280168836,0.6539912106622939,9.916980831761775,0.644323493135656,9.38716084682852,0.6340851567981705
R125,1035.0,242139.8223658391,363894.34838837665,10.6274995803833,10.420828902496382,0.6787809891366519,9.89886918643569,0.6687468132047474,9.368538610199803,0.6581203889458699
R125,1040.0,242143.91812606054,363891.48050619493,10.864999771118164,10.403001303868148,0.7029296655895245,9.881273007679777,0.6925385084336291,9.350613066446716,0.6815340328073853
R125,1045.0,242148.013886282,363888.61262401316,11.797499656677246,10.384978104844333,0.7271304202724618,9.864061703985799,0.7163815120387762,9.333298829016634,0.704998169752199
R125,1050.0,242152.10964650344,363885.7447418314,15.135000228881836,10.366614782992421,0.7490730885583261,9.84652391877531,0.7379998097283065,9.31565534609627,0.7262729514827592
R125,1055.0,242156.20540672488,363882.87685964967,15.680000305175781,10.34816298849084,0.7683460986153812,9.82876667266427,0.7569879137892718,9.297723340349396,0.7449593335085505
R125,1060.0,242160.30116694633,363880.0089774679,13.242500305175781,10.329746942280192,0.7869470784985327,9.811264465265078,0.7753139220573945,9.280124554423589,0.7629941404806662
R125,1065.0,242164.39692716778,363877.1410952861,11.71500015258789,10.311366644360724,0.8048760282076612,9.79401729657799,0.7929778345325567,9.26285898831912,0.78037737239899
R125,1070.0,242168.49268738923,363874.2732131044,12.2524995803833,10.293022094732684,0.8221329477426687,9.777025166603257,0.8099796512146621,9.24592664203624,0.7971090292634269
R125,1075.0,242172.58844761067,363871.40533092263,11.2475004196167,10.274556618265231,0.8370725500550927,9.759879236076905,0.8246984067436737,9.228805841838906,0.8115939029441328
R125,1080.0,242176.68420783212,363868.53744874086,10.672499656677246,10.255804114551738,0.8507631858836122,9.742507488225916,0.8381866588124206,9.211481633789962,0.8248678259333525
R125,1085.0,242180.77996805357,363865.66956655914,10.547120094299316,10.236866403957523,0.8641297826356703,9.725109127948171,0.8513556619581673,9.194199981368222,0.8378275728828088
R125,1090.0,242184.875728275,363862.80168437737,10.582500457763672,10.217973188078311,0.8769476462457915,9.707874488505734,0.8639840436872304,9.177122762713694,0.8502552889201196
R125,1095.0,242188.97148849643,363859.9338021956,10.569999694824219,10.199124466914277,0.8892167767140049,9.69080356989879,0.8760718039996385,9.160249977826577,0.8621509740453133
R125,1100.0,242193.06724871788,363857.0659200138,10.904999732971191,10.180131101569156,0.8994274393818891,9.673529912429453,0.8861315261030179,9.143128662123745,0.8720508466020059
R125,1105.0,242197.16300893933,363854.1980378321,11.414999961853027,10.161120996313077,0.9086912724229917,9.65628571385154,0.8952584152224425,9.126043029239856,0.8810327089430139
R125,1110.0,242201.25876916078,363851.3301556503,10.522500038146973,10.142157887402757,0.917530049556861,9.639192221545773,0.9039665318836785,9.109142546259365,0.8896024531436083
R125,1115.0,242205.35452938222,363848.46227346855,10.479999542236328,10.123000287188638,0.9259792687836558,9.622002828512816,0.9122908493326772,9.092196376645171,0.8977944967229077
R125,1120.0,242209.45028960367,363845.59439128684,11.6225004196167,10.103682020541207,0.934018730104529,9.604729166864413,0.9202114661799313,9.075205880405228,0.9055892545255958
R125,1125.0,242213.54604982512,363842.72650910506,11.782500267028809,10.084186439524807,0.9401054215061366,9.587213965212541,0.9262081802053461,9.057924063997012,0.9114906804298494
R125,1130.0,242217.64181004657,363839.8586269233,11.100000381469727,10.064703445558719,0.9455710184815851,9.569759271844834,0.9315929812207697,9.040712877761642,0.916789916656054
R125,1135.0,242221.73757026801,363836.9907447416,10.604999542236328,10.045267988151046,0.9506533916760223,9.55242112168705,0.9366002235149066,9.023639603571645,0.9217175935901631
R125,1140.0,242225.83333048946,363834.1228625598,10.657500267028809,10.025880067301276,0.9553525410895405,9.535199514738693,0.941229907087847,9.006704241426528,0.9262737112322662
R125,1145.0,242229.92909071088,363831.254980378,10.762999534606934,10.00653968300971,0.9596684667220756,9.51809445100005,0.9454820319395286,8.98990679132657,0.9304582695823015
R125,1150.0,242234.02485093233,363828.3870981963,10.494999885559082,9.98674262089757,0.9619925414366933,9.50045617173895,0.9477717506911052,8.972541441888394,0.9327116045748824
R125,1155.0,242238.12061115378,363825.51921601454,10.279999732971191,9.966803314250248,0.9639299276734059,9.482701313108988,0.9496804972418722,8.955081336201044,0.9345900210362262
R125,1160.0,242242.21637137522,363822.65133383276,10.287500381469727,9.94691063486889,0.9655122787833839,9.465042081795353,0.9512394570228617,8.937730806505451,0.9361242088591215
R125,1165.0,242246.31213159667,363819.78345165105,10.9350004196167,9.927064582753765,0.9667395947666053,9.447478477798288,0.9524486300340524,8.920489852801861,0.9373141680435475
R125,1170.0,242250.40789181812,363816.9155694693,10.732500076293945,9.90723665680914,0.9674469095987535,9.429973957706245,0.9531454888847055,8.903316664631639,0.9379999537680911
R125,1175.0,242254.50365203957,363814.0476872875,11.930000305175781,9.887195681483057,0.9663026661364861,9.41223253797563,0.9520181603632126,8.88587232852572,0.936890538559825
R125,1180.0,242258.599412261,363811.1798051058,10.765000343322754,9.867197713947732,0.9647942615439661,9.394582876185744,0.950532053974862,8.868532651244179,0.9354280464850651
R125,1185.0,242262.69517248246,363808.311922924,10.53499984741211,9.847014639977328,0.9629858414390324,9.376734398224317,0.9487503670958264,8.851011633187111,0.9336746707101442
R125,1190.0,242266.7909327039,363805.44404074224,10.449999809265137,9.826716213286696,0.9608822337637,9.35876512194588,0.9466778562983849,8.833382998614377,0.9316350922251427
R125,1195.0,242270.88669292536,363802.5761585605,10.524999618530273,9.806396433111695,0.9580566968833364,9.340797866319436,0.943894088316456,8.81575633112437,0.9288955584720825
R125,1200.0,242274.98245314677,363799.70827637875,10.852499961853027,9.785880261152982,0.9534673208971448,9.322628059053086,0.9393725554296624,8.797902863417955,0.9244458729956558
R125,1205.0,242279.07821336822,363796.840394197,10.40250015258789,9.765403609854014,0.9485026490807835,9.304536813906704,0.9344812745763695,8.78013738226629,0.9196323148685908
R125,1210.0,242283.17397358967,363793.97251201526,10.27750015258789,9.744966479215108,0.9431626814342923,9.286524130880583,0.9292202457566172,8.76245988766966,0.9144548840909263
R125,1215.0,242287.26973381112,363791.1046298335,10.239999771118164,9.724568869235732,0.937447417957659,9.268590009974218,0.9235894689703927,8.744870379627573,0.9089135806626502
R125,1220.0,242291.36549403257,363788.2367476517,10.157500267028809,9.70388503883594,0.9309432153068626,9.250291022990464,0.9171814156148909,8.72691013657322,0.9026073516332412
R125,1225.0,242295.461254254,363785.36886547,10.28499984741211,9.682885263734793,0.9228621296949397,9.231618741786177,0.9092197897935844,8.708558633629652,0.8947722364913706
R125,1230.0,242299.55701447546,363782.5009832882,10.232500076293945,9.66192006005977,0.9144192828334279,9.213011051447458,0.9009017505095085,8.690278415471674,0.8865863713165815
R125,1235.0,242303.6527746969,363779.63310110645,10.180000305175781,9.640989427811151,0.9056146747223321,9.194467951974566,0.8922272977626688,8.672069482099547,0.878049756108879
R125,1240.0,242307.74853491836,363776.7652189247,10.194999694824219,9.620093366988936,0.896448305361655,9.175989443367502,0.8831964315530674,8.653931833513269,0.8691623908682654
R125,1245.0,242311.8442951398,363773.89733674296,10.145000457763672,9.599074758958306,0.8857172211260055,9.157416836580289,0.8726239810873653,8.635695855295467,0.858757937231569
R125,1250.0,242315.94005536125,363771.0294545612,10.130000114440918,9.577893884996774,0.8730563327906172,9.138717147995283,0.8601502541238806,8.617327384727778,0.8464824184869384
R125,1255.0,242320.03581558267,363768.1615723794,10.107500076293945,9.55653459362024,0.8607702826373115,9.119703055080922,0.8480458242440497,8.598635408054657,0.8345703286746586
R125,1260.0,242324.13157580412,363765.2936901977,10.112500190734863,9.535087262196853,0.8486969416052672,9.100523829442212,0.8361509590828162,8.57977284015228,0.8228644735858841
R125,1265.0,242328.22733602556,363762.4258080159,10.037500381469727,9.5136672078916,0.8363956420139036,9.081389178438721,0.8240315051918958,8.560958298376299,0.810937598494895
R125,1270.0,242332.323096247,363759.55792583415,10.069999694824219,9.492057873079753,0.8218232985181401,9.062100435450853,0.8096745794241965,8.541985027357272,0.7968088050803402
R125,1275.0,242336.41885646846,363756.69004365243,9.960000038146973,9.470302438035503,0.8053835854513391,9.042706776840754,0.7934778887401719,8.522905815436088,0.780869480716837
R125,1280.0,242340.5146166899,363753.82216147066,9.952499389648438,9.44856390400789,0.7886132943089529,9.023360378525961,0.7769555067977021,8.50387947895995,0.764609640347196
R125,1285.0,242344.61037691135,363750.9542792889,9.877500534057617,9.426842270997192,0.7715124250909955,9.00406124050674,0.7601074335968011,8.484906017929116,0.7480292839714305
R125,1290.0,242348.7061371328,363748.08639710717,9.897500038146973,9.404948417263736,0.7562280694617427,8.984330766865833,0.7450490211156331,8.465466988116287,0.7332101505065125
R125,1295.0,242352.80189735425,363745.2185149254,9.832500457763672,9.382679871777738,0.7387426915725598,8.964138183129348,0.7278221232973051,8.445542618367275,0.7162569890576704
R125,1300.0,242356.8976575757,363742.3506327436,9.864999771118164,9.36027209053818,0.7202898327091825,8.943837139092299,0.7096420464290721,8.425506754958572,0.6983657946273187
R125,1305.0,242360.99341779714,363739.4827505619,9.84749984741211,9.337858573204226,0.7025238211629024,8.923536502829108,0.6921386634603428,8.405469405061433,0.6811405413925855
R125,1310.0,242365.08917801856,363736.61486838013,10.087499618530273,9.315439319775372,0.6854446569339593,8.903236274339264,0.6753119743913543,8.385430568675352,0.6645812293537036
R125,1315.0,242369.18493824,363733.74698619836,10.710000038146973,9.29301433025178,0.6690523400220201,8.882936453622953,0.6591619792217778,8.365390245800514,0.6486878585103495
R125,1320.0,242373.28069846146,363730.87910401664,10.520000457763672,9.270112223401586,0.6497038069682907,8.86234114439291,0.6400994685935134,8.345057227983762,0.6299282522417745
R125,1325.0,242377.3764586829,363728.01122183487,10.452500343322754,9.24696222152308,0.6338101563969495,8.841024427990217,0.6244407681588512,8.323925393377245,0.6145183694325285
R125,1330.0,242381.47221890435,363725.1433396531,9.960000038146973,9.223770517766944,0.6212031359289155,8.819330407698605,0.612020112753293,8.302362959549672,0.602295078935845
R125,1335.0,242385.5679791258,363722.2754574714,9.760000228881836,9.200582177768862,0.6108263247627599,8.797526974923517,0.6017966982652634,8.280668908629771,0.5922341150756782
R125,1340.0,242389.66373934725,363719.4075752896,9.717499732971191,9.177397201528253,0.6026797228989065,8.775614129664351,0.5937705246951797,8.258843240616937,0.5843354778524389
R125,1345.0,242393.7594995687,363716.5396931078,9.557499885559082,9.153497578506336,0.5982322507090274,8.752985069585685,0.5893887978916599,8.23624559314599,0.5800233769328798
R125,1350.0,242397.85525979014,363713.6718109261,9.442500114440918,9.129602541844566,0.5969852249528197,8.730075906230182,0.5881602064698868,8.21332077239347,0.5788143078975718
R125,1355.0,242401.9510200116,363710.80392874434,9.452499389648438,9.105779113955357,0.5988431699117219,8.70693593032127,0.5899906860946055,8.190120134869728,0.5806157010988082
R125,1360.0,242406.04678023304,363707.93604656257,9.497499465942383,9.082072137245445,0.5997581379029435,8.683122352711854,0.5908921284420676,8.16615423195681,0.5815028194770144
R125,1365.0,242410.1425404545,363705.0681643808,9.5625,9.058453790357625,0.6009447809814217,8.65890157689443,0.5920612298014345,8.14171961218311,0.582653343750436
R125,1370.0,242414.2383006759,363702.2002821991,9.475000381469727,9.034485949362054,0.6100213006327737,8.633134488550775,0.6010035745177972,8.115531440435491,0.5914535941092487
R125,1375.0,242418.33406089735,363699.3324000173,9.319999694824219,9.01061631562586,0.6196561021911728,8.607232762306323,0.6104959482599637,8.089183268633068,0.6007951335019064
R125,1380.0,242422.4298211188,363696.4645178355,9.289999961853027,8.986844889149388,0.6298491856563802,8.581196398161463,0.6205383510276985,8.062675096776237,0.6106779619281767
R125,1385.0,242426.52558134025,363693.5966356538,9.299999237060547,8.963171669932922,0.6406005510281031,8.555025396116527,0.6311307828207133,8.036006924865335,0.6211020793877765
R125,1390.0,242430.6213415617,363690.72875347204,9.232500076293945,8.93955802442131,0.6529301597483922,8.5284748706432,0.6432781273568347,8.008902501229596,0.6330564019400713
R125,1395.0,242434.71710178314,363687.86087129026,9.217499732971191,8.915629609585604,0.6663648900310796,8.500418404418117,0.6565142568396526,7.980128731917694,0.6460822085853553
R125,1400.0,242438.8128620046,363684.99298910855,9.27750015258789,8.891661147189481,0.677776471235914,8.472341511142469,0.667757144731916,7.951345855376074,0.6571464463603951
R125,1405.0,242442.90862222604,363682.1251069268,9.300000190734863,8.867701215660027,0.6886660366155009,8.444275380957501,0.6784857335716683,7.922578840071959,0.6677045573236273
R125,1410.0,242447.00438244749,363679.257224745,9.34749984741211,8.843749814997533,0.6990335861696655,8.416220013863555,0.6887000233587366,7.893827686005695,0.6777565414748821
R125,1415.0,242451.10014266893,363676.3893425633,9.302499771118164,8.81969602721564,0.70995198654431,8.387819340854659,0.6994570209361372,7.86470043215442,0.6883426097593456
R125,1420.0,242455.19590289038,363673.5214603815,9.194999694824219,8.795316576073994,0.7230179943504278,8.35849788724854,0.7123298786344978,7.834568857433314,0.7010109170291584
R125,1425.0,242459.2916631118,363670.65357819974,9.085000038146973,8.770894936001774,0.7351651356234368,8.329247119641536,0.7242974530741912,7.804527402646803,0.7127883260418981
R125,1430.0,242463.38742333325,363667.785696018,9.114999771118164,8.746369385050038,0.7439170629871705,8.299935372081046,0.7329200038342784,7.774443505235129,0.7212738639883095
R125,1435.0,242467.4831835547,363664.91781383625,9.065000534057617,8.721806552833039,0.7514293262767462,8.270631152406361,0.7403212160296586,7.744379149775225,0.7285574705080905
R125,1440.0,242471.57894377614,363662.0499316545,9.022500038146973,8.696996765046107,0.7592531359180057,8.240958475272961,0.7480293690987245,7.713932013706288,0.7361431405939175
R125,1445.0,242475.6747039976,363659.18204947276,9.02750015258789,8.671786451712887,0.767854432435104,8.21068574976332,0.7565035157339549,7.682858697303936,0.7444826325653201
R125,1450.0,242479.77046421904,363656.314167291,9.270000457763672,8.646536320110155,0.7760142082872696,8.180475009645594,0.7645426685459069,7.651863698879101,0.7523940427896167
R125,1455.0,242483.86622444048,363653.4462851092,9.274999618530273,8.62124637023819,0.7837324634744556,8.150326254920115,0.7721468275345345,7.6209470184321155,0.7598773712667621
R125,1460.0,242487.96198466193,363650.5784029275,9.322500228881836,8.595916602097276,0.7910091979966325,8.12023948558721,0.7793159926998084,7.590108655963312,0.7669326179967277
R125,1465.0,242492.05774488338,363647.7105207457,9.512499809265137,8.570189385687685,0.7965385163483929,8.089622622832486,0.7847635731212703,7.558733315257486,0.7722936360607123
R125,1470.0,242496.15350510483,363644.84263856395,9.404999732971191,8.544076310302541,0.801946489541258,8.058578494021871,0.7900916021858028,7.526929620633851,0.7775370024455147
R125,1475.0,242500.24926532627,363641.97475638223,9.425000190734863,8.517937472584556,0.8073193021976374,8.027594305802463,0.7953849904794504,7.495198340296789,0.7827462785032192
R125,1480.0,242504.3450255477,363639.10687420046,9.1225004196167,8.491772872533248,0.8126569543174516,7.996670058173692,0.8006437380021353,7.463539474245728,0.7879214642337486
R125,1485.0,242508.44078576914,363636.2389920187,9.322500228881836,8.465582510148728,0.8179594459008079,7.9658057511356875,0.8058678447539629,7.431953022480792,0.7930625596372067
R125,1490.0,242512.5365459906,363633.3711098369,9.22249984741211,8.438869158864629,0.8230908278765179,7.934511418913504,0.8109233713501108,7.399956293333899,0.7980377536330848
R125,1495.0,242516.63230621204,363630.5032276552,9.029999732971191,8.411825184818088,0.8281286224225274,7.902981582502251,0.8158866939859692,7.367741106525099,0.8029222087947574
R125,1500.0,242520.72806643348,363627.6353454734,8.925000190734863,8.384816433921745,0.8321073131617263,7.871399962961168,0.8198065691667863,7.335466713238324,0.8067797969397865
R125,1505.0,242524.82382665493,363624.76746329165,8.850000381469727,8.3578214224015,0.8360708840263948,7.839865166507485,0.8237115479847551,7.303243878788903,0.810622725426007
R125,1510.0,242528.91958687638,363621.89958110993,8.707500457763672,8.330829855476694,0.8402643842904972,7.808402965912918,0.8278430572383004,7.27110229051078,0.8146885847665181
R125,1515.0,242533.01534709783,363619.03169892816,8.657500267028809,8.303222076530126,0.8438176598963821,7.776500021021454,0.8313438060451571,7.2385557814010655,0.818133706479106
R125,1520.0,242537.11110731927,363616.1638167464,8.59749984741211,8.275408359690141,0.8472212078352654,7.7444995699814925,0.8346970405554189,7.205929795357644,0.8214336579055198
R125,1525.0,242541.20686754072,363613.29593456467,8.524999618530273,8.247612651805925,0.8507764956899642,7.712587646264296,0.8381997718647363,7.173400575286676,0.8248807306184938
R125,1530.0,242545.30262776217,363610.4280523829,8.52750015258789,8.219834952876909,0.8544835234604046,7.680764249869219,0.8418519999730365,7.140968121187505,0.8284749246179567
R125,1535.0,242549.3983879836,363607.5601702011,8.430000305175781,8.19218247098497,0.8578896360721349,7.648931256954414,0.8452077612435055,7.108508432081779,0.8317773626542168
R125,1540.0,242553.49414820503,363604.6922880194,8.4399995803833,8.1638573150226,0.8598922160119228,7.616651152111425,0.8471807377621938,7.0756507808204905,0.833718988465715
R125,1545.0,242557.58990842648,363601.82440583763,8.332500457763672,8.135481448951689,0.861776061917704,7.584405106019678,0.8490367354495203,7.042839618450712,0.835545494246022
R125,1550.0,242561.68566864793,363598.95652365586,8.805000305175781,8.107184582592607,0.8638046911037967,7.5522865188837525,0.8510353761378467,7.010159920665214,0.8375123764220682
R125,1555.0,242565.78142886938,363596.08864147414,9.014071464538574,8.078966715945636,0.8659781035702365,7.520295390703978,0.8531766598272085,6.977611687464329,0.8396196349938881
R125,1560.0,242569.87718909082,363593.22075929237,8.635000228881836,8.050827849010222,0.8682962993169487,7.488431721479699,0.8554605865175314,6.9451949188474,0.8418672699614091
R125,1565.0,242573.97294931227,363590.3528771106,9.484999656677246,8.021893174870314,0.8686885016412669,7.456145100661417,0.8558469910555372,6.91243017580019,0.8422475345097018
R125,1570.0,242578.06870953372,363587.4849949289,9.329999923706055,7.99320026945241,0.8688337866002203,7.423925191962341,0.8559901283190432,6.879707601192753,0.8423883973140874
R125,1575.0,242582.16446975517,363584.6171127471,9.642499923706055,7.964679940679961,0.8689924195976271,7.391873195252625,0.8561464163017368,6.847148827562443,0.8425422018719977
R125,1580.0,242586.26022997661,363581.7492305653,8.395000457763672,7.9363119819146,0.8691998349207706,7.360000175605741,0.8563507654785392,6.814768880957871,0.8427433039289556
R125,1585.0,242590.35599019806,363578.8813483836,8.332500457763672,7.908013968829792,0.8692786520686354,7.328259848338578,0.856428417500771,6.782529063389119,0.8428197220562131
R125,1590.0,242594.45175041948,363576.01346620184,8.484999656677246,7.8790171616582905,0.867538333788667,7.2962270325853575,0.8547138257218314,6.750075586581114,0.8411323752365063
R125,1595.0,242598.54751064093,363573.14558402007,8.102499961853027,7.850199819467511,0.8658385373046364,7.264400366428738,0.8530391567196516,6.717826782810096,0.8394843168184047
R125,1600.0,242602.64327086238,363570.27770183835,8.345000267028809,7.821561942257821,0.8641792626165798,7.2327798498691465,0.8514044104942676,6.685782652076493,0.8378755468019434
R125,1605.0,242606.73903108382,363567.4098196566,8.987500190734863,7.79331224939937,0.8620406521785317,7.201320835956505,0.8492974143673887,6.653868663930636,0.8358020309613242
R125,1610.0,242610.83479130527,363564.5419374748,8.982500076293945,7.765108977410073,0.8594532466063184,7.169990602456377,0.846748257483869,6.622096585559026,0.8332933803232084
R125,1615.0,242614.93055152672,363561.6740552931,8.229999542236328,7.736360817286403,0.8555315447428061,7.138518798867462,0.8428845287326278,6.590257220675628,0.8294910464378473
R125,1620.0,242619.02631174817,363558.8061731113,8.09749984741211,7.707858589536908,0.8516126260114987,7.107308013151432,0.8390235419715464,6.558674392341897,0.8256914109722695
R125,1625.0,242623.1220719696,363555.93829092954,7.912499904632568,7.679602294161841,0.8476964904124455,7.076358245308585,0.8351652972006741,6.527348100558146,0.8218944739265226
R125,1630.0,242627.21783219106,363553.07040874776,8.375,7.651591931161196,0.8437831379456461,7.045669495338924,0.8313097944200097,6.4962783453243675,0.818100235300606
R125,1635.0,242631.3135924125,363550.20252656605,8.927499771118164,7.623502827782136,0.839575747094966,7.015096348503858,0.8271645999194474,6.465354263017746,0.8140209081724177
R125,1640.0,242635.40935263396,363547.3346443843,9.117500305175781,7.595176159844644,0.8336373653716782,6.984433469889817,0.8213140031635916,6.434384590903624,0.8082632777261206
R125,1645.0,242639.50511285538,363544.4667622025,8.797499656677246,7.567140176950137,0.827611252732626,6.954065184806637,0.8153769723866386,6.403703516787379,0.8024205867001536
R125,1650.0,242643.60087307682,363541.5988800208,8.97249984741211,7.539380594158006,0.8215832206317751,6.92399641532,0.8094380505226023,6.373317841145958,0.7965760346365827
R125,1655.0,242647.69663329827,363538.730997839,9.642499923706055,7.511897411467906,0.8155532690689954,6.894227161429449,0.8034972375713556,6.343227563978894,0.7907296215352823
R125,1660.0,242651.79239351972,363535.86311565724,10.0600004196167,7.484232693624589,0.809586047266989,6.864572382661566,0.7976182270693233,6.313297922619446,0.784944028838823
R125,1665.0,242655.88815374117,363532.9952334755,10.024999618530273,7.456235692512471,0.8038691373619782,6.83498080002432,0.7919858281932768,6.283494218236034,0.7794011290958252
R125,1670.0,242659.9839139626,363530.12735129375,9.467499732971191,7.428486988786798,0.7983856300159546,6.80569078095176,0.786583381569889,6.253991086332991,0.774084527651335
R125,1675.0,242664.07967418406,363527.259469112,8.529999732971191,7.401054575430117,0.7909375195651848,6.77657139540924,0.7792453738649276,6.224651306938621,0.7668631212990695
R125,1680.0,242668.1754344055,363524.39158693026,7.849999904632568,7.373851611487639,0.7835036356494904,6.747744956315589,0.7719213823892755,6.195608174829649,0.7596555084574467
R125,1685.0,242672.27119462696,363521.5237047485,7.752500057220459,7.346319093938328,0.7769186947461947,6.719009679208339,0.7654337843059088,6.166720178061924,0.7532709986703455
R125,1690.0,242676.3669548484,363518.6558225667,7.737500190734863,7.318501242404329,0.7713120884708664,6.690384395875062,0.7599100584805438,6.137999920353476,0.7478350451571786
R125,1695.0,242680.46271506985,363515.787940385,7.697500228881836,7.290825568986783,0.7661716788534393,6.662029737293777,0.7548456376950679,6.109561527398635,0.7428510983011383
R125,1700.0,242684.5584752913,363512.9200582032,7.607500076293945,7.263292073685279,0.7614974658937127,6.633945703463961,0.7502405219492838,6.08140499919687,0.7383191581020303
R125,1705.0,242688.65423551272,363510.05217602145,7.565000057220459,7.235900756500146,0.7572894495917861,6.606132294385983,0.7460947112432894,6.053530335748554,0.7342392245599508
R125,1710.0,242692.74999573416,363507.18429383973,7.715000152587891,7.207867455586192,0.7519155904499087,6.578114365891994,0.7408002919339659,6.025549808780697,0.7290289338694668
R125,1715.0,242696.8457559556,363504.31641165796,7.53249979019165,7.1795876346821705,0.7478612136578264,6.550220267166322,0.736805849540039,5.997741172858054,0.7250979633885152
R125,1720.0,242700.94151617706,363501.4485294762,7.474999904632568,7.151263103773369,0.7446653288848084,6.522522032332007,0.7336572083855211,5.970158096214091,0.7219993543179912
R125,1725.0,242705.0372763985,363498.58064729447,7.610000133514404,7.122893862860002,0.7423279361309661,6.495019661389301,0.7313543684705212,5.94280057884907,0.719733106658003
R125,1730.0,242709.13303661995,363495.7127651127,7.382500171661377,7.094479911941644,0.7408490353960653,6.467713154337696,0.7298973297948091,5.915668620762471,0.7182992204083234
R125,1735.0,242713.2287968414,363492.8448829309,7.315000057220459,7.066224413381196,0.7406227440281348,6.440698516762998,0.7296743836109989,5.888801237157777,0.7180798168518533
R125,1740.0,242717.32455706285,363489.9770007492,7.0625,7.038002169411685,0.7412597341873034,6.413903764524801,0.7303019573730543,5.862156754189902,0.7186974184317592
R125,1745.0,242721.4203172843,363487.10911856743,7.034999847412109,7.008536034382369,0.7408098061861991,6.386608917966116,0.729858680496217,5.835196049697222,0.7182611852492973
R125,1750.0,242725.51607750574,363484.24123638566,6.949999809265137,6.978947776242902,0.7412898691106997,6.3594705183075675,0.7303316468226322,5.808422777847756,0.7187266361143649
R125,1755.0,242729.6118377272,363481.3733542039,7.119999885559082,6.949237394993277,0.7426999229608071,6.332488565549151,0.7317208563523017,5.781836938641505,0.7200937710269645
R125,1760.0,242733.7075979486,363478.50547202217,7.53000020980835,6.9207238720627,0.7438377324270863,6.306177711637119,0.7328418459892501,5.755730444184179,0.7211969480759246
R125,1765.0,242737.80335817006,363475.6375898404,9.422499656677246,6.8923935039273125,0.7454074599775286,6.280129324782695,0.7343883688202132,5.729859480773672,0.7227188965726563
R125,1770.0,242741.8991183915,363472.7697076586,12.0,6.8641165179663455,0.747516457464064,6.254292117717626,0.7364661897531899,5.704194359386446,0.7247637008148582
R125,1775.0,242745.99487861295,363469.9018254769,10.417499542236328,6.8358282556595285,0.750122310849707,6.228632377507996,0.7390335217426934,5.678710468607035,0.7272902377555326
R125,1780.0,242750.0906388344,363467.03394329513,9.100000381469727,6.805831294850887,0.7519619969203941,6.202256416338018,0.7408460123939031,5.6527527399810795,0.7290739278289788
R125,1785.0,242754.18639905585,363464.16606111336,9.154999732971191,6.7781702492462585,0.752340410801288,6.176965718679006,0.7412188323180853,5.627501911021872,0.7294408236237301
R125,1790.0,242758.2821592773,363461.29817893164,8.329999923706055,6.750805775119613,0.7529133651787372,6.151970789370387,0.7417833169164251,5.602490694571811,0.7299963385302521
R125,1795.0,242762.37791949874,363458.43029674987,7.692500114440918,6.723737872470409,0.7536808600525506,6.127271628411641,0.7425394661887346,5.577719090630389,0.7307404725483603
R125,1800.0,242766.4736797202,363455.5624145681,7.380000114440918,6.696966541298913,0.7546428954228258,6.102868235803026,0.7434872801351099,5.553187099197858,0.7316732256781489
R125,1805.0,242770.56943994164,363452.6945323864,7.037499904632568,6.670843900680992,0.7555624891160192,6.078898405718615,0.7443932798044952,5.528976339013952,0.7325648289621474
R125,1810.0,242774.6652001631,363449.8266502046,7.397500038146973,6.647181803252839,0.7550519437160358,6.0560531895254845,0.7438902816140585,5.505479101673555,0.7320698234410886
R125,1815.0,242778.7609603845,363446.9587680228,8.447500228881836,6.62228103193315,0.75316676321733,6.032617562532185,0.7420329690626053,5.481537411578145,0.7302420236899259
R125,1820.0,242782.85672060595,363444.0908858411,8.569999694824219,6.598009446053505,0.7513693712745698,6.009617988477093,0.7402621473203564,5.457902125133478,0.7284993404041746
R125,1825.0,242786.9524808274,363441.22300365934,8.890000343322754,6.574367045613405,0.749659767887489,5.987054467359748,0.7385778163870493,5.434573242339113,0.7268417735835768
R125,1830.0,242791.04824104885,363438.35512147757,9.40250015258789,6.551952524695182,0.7476152691356915,5.965173041079495,0.7365635407271043,5.4117079587925065,0.7248595048764951
R125,1835.0,242795.1440012703,363435.48723929585,9.389999389648438,6.532004037776877,0.744405094626267,5.944500412104631,0.7334008210762322,5.389637600515674,0.7217470410177093
R125,1840.0,242799.23976149174,363432.6193571141,9.3774995803833,6.512838062203529,0.7412435214509766,5.924355296777993,0.7302859843033995,5.367923826363953,0.7186816991753535
R125,1845.0,242803.3355217132,363429.7514749323,7.9375,6.4943286625729675,0.7379979185710381,5.904656023729714,0.7270883600069084,5.3465018969067595,0.7155348853077184
R125,1850.0,242807.43128193464,363426.8835927506,8.192500114440918,6.475389949870341,0.7334922309569267,5.8846929658571,0.7226492783569951,5.324797306832558,0.7111663409134114
R125,1855.0,242811.52704215609,363424.0157105688,6.872499942779541,6.458018091952225,0.7283525052100582,5.865606355657548,0.7175855313326641,5.303698911008775,0.7061830571124137
R125,1860.0,242815.62280237753,363421.14782838704,6.622499942779541,6.442676832411039,0.7218806437148196,5.847615757219991,0.7112093410450067,5.283369037079721,0.6999081848449266
R125,1865.0,242819.71856259898,363418.2799462053,6.440000057220459,6.428437996759346,0.7154460670160914,5.830380759594494,0.7048698843860819,5.263542271707276,0.6936694625067592
R125,1870.0,242823.8143228204,363415.41206402355,7.422500133514404,6.4153015849966835,0.7090487751135868,5.813901362780644,0.6985671613556067,5.244218614891031,0.6874668900976333
R125,1875.0,242827.91008304185,363412.5441818418,7.559999942779541,6.403267597123268,0.7026887680074554,5.798177566778595,0.692301171953729,5.225398066631108,0.6813004676176944
R125,1880.0,242832.0058432633,363409.67629966,6.534999847412109,6.392260073803008,0.6946109500347909,5.782978679278446,0.6843427654673369,5.2069894685834255,0.6734685206553314
R125,1885.0,242836.10160348474,363406.8084174783,6.492499828338623,6.381851773475191,0.6838129847318191,5.768021650791269,0.6737044226131631,5.188705297351945,0.6629992216638885
R125,1890.0,242840.1973637062,363403.9405352965,6.307499885559082,6.372851851863393,0.672712794087358,5.754113922267962,0.662768322106343,5.171129101346831,0.6522368964055466
R125,1895.0,242844.29312392764,363401.07265311474,6.210000038146973,6.3652603089678275,0.6613103781015703,5.7412554937087386,0.6515344639470366,5.154260880568311,0.6411815448804632
R125,1900.0,242848.38888414908,363398.204770933,6.255000114440918,6.35907714478865,0.6496057367746266,5.72944636511377,0.6400028481354123,5.138100635016583,0.6298331670888038
R125,1905.0,242852.48464437053,363395.33688875125,6.177499771118164,6.352880575444579,0.6351145983366429,5.717463561917438,0.625725927000281,5.121993425873071,0.6157831070287056
R125,1910.0,242856.58040459198,363392.4690065695,6.097499847412109,6.347075689294593,0.6184691700805208,5.705677137223965,0.6093265621408506,5.106134653880051,0.5996443289937425
R125,1915.0,242860.67616481343,363389.60112438776,6.087500095367432,6.342561810046634,0.6009442371555578,5.694886422963345,0.5920606940147134,5.090940581365467,0.5826528164774156
R125,1920.0,242864.77192503487,363386.733242206,6.074999809265137,6.339679822787014,0.5805372117913289,5.685521718064857,0.5719553383883731,5.0766279552149305,0.5628669360759602
R125,1925.0,242868.8676852563,363383.8653600242,6.099999904632568,6.338681295121391,0.5585360657766985,5.677696007125769,0.550279427425569,5.063359428750073,0.5415354565501231
R125,1930.0,242872.96344547774,363380.9974778425,6.147500038146973,6.334324006913999,0.5349343462134177,5.667247037214955,0.5270266036189387,5.048691343453453,0.5186521214136861
R125,1935.0,242877.0592056992,363378.1295956607,6.164999961853027,6.329186363728623,0.5109041660778659,5.656262997017194,0.5033516530190493,5.033842773667154,0.4953533671023187
R125,1940.0,242881.15496592064,363375.26171347895,6.082499980926514,6.325165393430762,0.4866353613484179,5.646256672915525,0.4794416053270802,5.019700769250502,0.47182325140479453
R125,1945.0,242885.25072614208,363372.39383129723,6.067500114440918,6.322261096020447,0.46212793202534663,5.6372280649100155,0.45529646054330086,5.006265330203623,0.44806177432137845
R125,1950.0,242889.34648636353,363369.52594911546,6.03000020980835,6.320624026360735,0.43497809735931153,5.6293465331520345,0.42854797214733775,4.993638946314543,0.42173832090119195
R125,1955.0,242893.44224658498,363366.6580669337,5.989999771118164,6.308299893118326,0.4099267530225465,5.613673276286536,0.4038669528511928,4.976514366663316,0.39744948438086697
R125,1960.0,242897.53800680643,363363.79018475197,5.980000019073486,6.291734640996342,0.39840833450226165,5.5949559783697564,0.39251880698172154,4.957701212877948,0.38628166118340296
R125,1965.0,242901.63376702787,363360.9223025702,5.992499828338623,6.2731003055315115,0.39844880469114885,5.574870019007048,0.3925586789142983,4.938196971273535,0.3863208995487569
R125,1970.0,242905.72952724932,363358.0544203884,5.977499961853027,6.252396886723843,0.41004816358969887,5.553415398198453,0.40398656864940646,4.918001641850186,0.3975671994774047
R125,1975.0,242909.82528747077,363355.1865382067,5.985000133514404,6.229624384573441,0.4332064111979187,5.5305921159440725,0.42680247618705325,4.89711522460804,0.42002056096935314
R125,1980.0,242913.9210476922,363352.31865602493,6.014999866485596,6.204444596137955,0.4483603738748779,5.507173738857267,0.44173242326796425,4.876375819219553,0.4347132703565543
R125,1985.0,242918.01680791363,363349.45077384316,6.050000190734863,6.177347201579635,0.46934082481019634,5.482547218096264,0.46240272772071156,4.855039163920531,0.45505512251605024
R125,1990.0,242922.11256813508,363346.58289166144,5.977499961853027,6.144842529398696,0.49707304658072515,5.453684055818237,0.4897249940016254,4.83112571544446,0.481943236458398
R125,1995.0,242926.20832835653,363343.71500947967,5.960000038146973,6.11328151900542,0.5251407197778292,5.425767406511524,0.5173777528509897,4.807915491985211,0.5091565914237928
R125,2000.0,242930.30408857798,363340.8471272979,6.054999828338623,6.082737076998286,0.5531996099949021,5.398966754133402,0.5450218585559966,4.785546887804326,0.5363614307437564
R125,2005.0,242934.39984879942,363337.9792451161,7.585000038146973,6.0537810195024075,0.5772026420696975,5.374938074659995,0.5686700624153262,4.765404557777047,0.5596338633216651
R125,2010.0,242938.49560902087,363335.1113629344,7.837500095367432,6.025276468653,0.6013566969109707,5.351320032864491,0.5924670565257386,4.745588285660258,0.5830527218652457
R125,2015.0,242942.59136924232,363332.24348075263,7.502500057220459,5.99722342444963,0.6256617745191582,5.328112628746524,0.6164128408876639,4.726098071453591,0.6066180063749215
R125,2020.0,242946.68712946377,363329.37559857086,6.762499809265137,5.968942951754962,0.6498195278706693,5.304689801397732,0.6402134788345795,4.706513786247172,0.6300404508542283
R125,2025.0,242950.78288968522,363326.50771638914,6.385000228881836,5.939041741736074,0.6722594933791509,5.279949888883852,0.6623217223801752,4.686130327573027,0.6517973931738396
R125,2030.0,242954.87864990666,363323.63983420737,6.557499885559082,5.910215148875139,0.6925370068788735,5.257007533991915,0.6822994806696127,4.667174183079265,0.6714577037671009
R125,2035.0,242958.97441012808,363320.7719520256,6.184999942779541,5.881886294498023,0.7123504309764482,5.234441696241551,0.701820010024108,4.648490438051931,0.6906680508187586
R125,2040.0,242963.07017034953,363317.9040698439,6.135000228881836,5.854055178604761,0.7316997656718407,5.2122523756328185,0.7208833104436279,4.63007909249112,0.7094284343287793
R125,2045.0,242967.16593057098,363315.0361876621,6.204999923706055,5.826721801194958,0.7505850109653422,5.19043957216536,0.7394893819284591,4.6119401463964715,0.7277388542974457
R125,2050.0,242971.26169079242,363312.1683054803,6.320000171661377,5.79987934649031,0.7684426157328939,5.169228230383479,0.7570830041287158,4.594270387532333,0.7450529128572719
R125,2055.0,242975.35745101387,363309.3004232986,6.337500095367432,5.773002294344593,0.7844106790880093,5.148396271429955,0.772815017329633,4.576965241671346,0.7605349434888342
R125,2060.0,242979.45321123532,363306.43254111684,6.614999771118164,5.745306672676896,0.7995500417556769,5.126687156883248,0.7877305802281938,4.559061239533932,0.7752134972589837
R125,2065.0,242983.54897145677,363303.56465893507,7.1875,5.717978283586266,0.8143867884195237,5.1052419379253555,0.8023480005867968,4.541343502941448,0.7895986459908044
R125,2070.0,242987.6447316782,363300.69677675335,6.644000053405762,5.691017127072955,0.8289209190794093,5.0840606145565,0.8166672784053043,4.523812031894109,0.8036903896841601
R125,2075.0,242991.74049189966,363297.8288945716,5.954999923706055,5.664285076940168,0.8423724838768986,5.0632265360422,0.8299199935443387,4.506549268112151,0.8167325184386499
R125,2080.0,242995.8362521211,363294.9610123898,5.662499904632568,5.637629251161817,0.8545345662732495,5.042666597812297,0.8419022882381479,4.489509209312649,0.8285244137998169
R125,2085.0,242999.93201234256,363292.0931302081,5.517499923706055,5.61119455721839,0.8664902848994287,5.022226627010065,0.8536812697633958,4.4725499774677155,0.8401162266500373
R125,2090.0,243004.02777256398,363289.2252480263,5.434999942779541,5.58475088766457,0.8781820487595353,5.001688651797834,0.8652001984712222,4.455521640589002,0.8514521189366437
R125,2095.0,243008.12353278542,363286.35736584454,6.0,5.557919242643207,0.8895670204389463,4.980707956278621,0.8764168701971444,4.438187227012417,0.8624905571216859
R125,2100.0,243012.21929300687,363283.4894836628,6.09250020980835,5.531033924323903,0.8999245096083449,4.959784157953937,0.8866212483185288,4.420883030954095,0.8725327871041648
R125,2105.0,243016.31505322832,363280.62160148105,5.414999961853027,5.504067396098773,0.9094767930192875,4.93885961365514,0.8960323237494265,4.4035650983176335,0.8817943200202623
R125,2110.0,243020.41081344977,363277.7537192993,5.422500133514404,5.477247041896438,0.9190159614870658,4.918000618584357,0.9054304781106616,4.386283707698588,0.8910431371832164
R125,2115.0,243024.5065736712,363274.88583711756,5.355000019073486,5.450572861717154,0.9285420150115503,4.897207172741827,0.9148157114021065,4.369038859097181,0.9002792385929017
R125,2120.0,243028.60233389266,363272.0179549358,5.357500076293945,5.4240448555604095,0.9380549535929972,4.8764792761270765,0.9241880236240138,4.35183055251297,0.9095026242495666
R125,2125.0,243032.6980941141,363269.150072754,5.28249979019165,5.397035269875052,0.9466060829762729,4.8553524077751335,0.9326127447282095,4.334291242314434,0.9177934760643587
R125,2130.0,243036.79385433556,363266.2821905723,5.28000020980835,5.369539812999965,0.9546157612062716,4.833785399576703,0.9405040187573568,4.316427817939376,0.9255593573079479
R125,2135.0,243040.889614557,363263.4143083905,5.275000095367432,5.342136413760783,0.9627199237140283,4.812245218514279,0.9484883803370664,4.2985716144642,0.9334168469357181
R125,2140.0,243044.98537477845,363260.54642620875,5.28000020980835,5.314825072157764,0.9709185704994214,4.7907318645881,0.9565658294672188,4.280722631889131,0.9413659449475513
R125,2145.0,243049.0811349999,363257.678544027,5.357500076293945,5.287605788190911,0.9792117015624504,4.76924533779817,0.9647363661478132,4.262880870214168,0.9494066513434469
R125,2150.0,243053.17689522132,363254.81066184526,5.477499961853027,5.2597783098041875,0.9868787310159601,4.747175792779985,0.9722900566544547,4.244510291542008,0.956840313285581
R125,2155.0,243057.27265544276,363251.9427796635,5.397500038146973,5.231803323624224,0.9945044270648276,4.724920630462991,0.9798030247733533,4.225964382232877,0.9642338999209892
R125,2160.0,243061.3684156642,363249.0748974817,5.432499885559082,5.203819614236951,1.0021559728643843,4.702617950965513,0.9873414605153479,4.2073929905894065,0.9716525494975377
R125,2165.0,243065.46417588566,363246.2070153,5.397500038146973,5.175773878654766,1.009633936386214,4.6802496734693175,0.994708879984178,4.188810915486948,0.9789029002590621
R125,2170.0,243069.5599361071,363243.3391331182,5.432499885559082,5.14779615872523,1.01723678177965,4.657896383344405,1.00219933524069,4.170230307494958,0.9862743317627235
R125,2175.0,243073.65569632855,363240.47125093645,5.809999942779541,5.118969422722504,1.0245113725218602,4.634673498362714,1.0093663883167654,4.150861376633162,0.9933274999646795
R125,2180.0,243077.75145655,363237.60336875473,5.577499866485596,5.090087688846717,1.031886349808981,4.611348018003899,1.0166323439594578,4.131392499240416,1.00047799916594
R125,2185.0,243081.84721677145,363234.73548657296,5.527500152587891,5.061260630504972,1.0394179672351092,4.588025796036332,1.0240526241861563,4.111918388357323,1.007780370724939
R125,2190.0,243085.9429769929,363231.8676043912,5.264999866485596,5.03248824769753,1.0471062248001155,4.564706832460258,1.0316272289967334,4.092439043984109,1.0152346146415518
R125,2195.0,243090.03873721435,363228.99972220947,5.230000019073486,5.00376504659821,1.0547120593713202,4.541419588978424,1.0391206292430684,4.073006428293393,1.0226089443389887
R125,2200.0,243094.1344974358,363226.1318400277,4.929999828338623,4.974034763955588,1.0618257518596006,4.517122312856584,1.0461291625664004,4.052704911861472,1.0295061116759348
R125,2205.0,243098.2302576572,363223.2639578459,4.912499904632568,4.944377535935404,1.0690359825432492,4.492857614493428,1.0532328069955788,4.032427599366365,1.0364968787979372
R125,2210.0,243102.32601787866,363220.3960756642,5.034999847412109,4.914793362537666,1.076342751422163,4.468625493889017,1.0604315625305016,4.012174490808159,1.0435812457048965
R125,2215.0,243106.4217781001,363217.52819348243,4.622499942779541,4.885282243761992,1.0837460584965743,4.444425951042964,1.0677254291713978,3.991945586186484,1.0507592123970375
R125,2220.0,243110.51753832155,363214.66031130066,4.837500095367432,4.855706756360807,1.0912517973083042,4.420113730303432,1.0751202133379725,3.971609040884047,1.0580364930297326
R125,2225.0,243114.613298543,363211.79242911894,4.692500114440918,4.825264360441776,1.0988766290782304,4.394842680394699,1.0826323299542497,3.9503982541081504,1.0654292416929478
R125,2230.0,243118.70905876445,363208.92454693717,4.702499866485596,4.794955692199551,1.1062794048513735,4.3697091741785545,1.0899256731479114,3.9293338366674795,1.0726066932554654
R125,2235.0,243122.8048189859,363206.0566647554,5.309999942779541,4.764810081521662,1.1132476547373633,4.344771417367167,1.0967909138947824,3.9084846953423726,1.0793628449430068
R125,2240.0,243126.90057920734,363203.1887825737,5.235000133514404,4.734756925170369,1.1202487099823613,4.319894162346502,1.103688475050804,3.887687403271306,1.0861508034665899
R125,2245.0,243130.9963394288,363200.3209003919,5.255000114440918,4.704548162885294,1.1273145392069446,4.29480859866107,1.1106498526559,3.8666968089010205,1.0930015643923026
R125,2250.0,243135.09209965024,363197.45301821013,5.034999847412109,4.673673705289537,1.134487838003388,4.2689635740720115,1.1177171111487154,3.8450113868900413,1.0999565237525075
R125,2255.0,243139.1878598717,363194.5851360284,5.197500228881836,4.642913448433424,1.1416540727703923,4.243205200331426,1.1247774100371049,3.823403460471675,1.1069046340967907
R125,2260.0,243143.2836200931,363191.71725384664,4.909999847412109,4.612267392316606,1.1488132435081684,4.217533477438953,1.131830749321276,3.8018730296455763,1.113845895425356
R125,2265.0,243147.37938031455,363188.84937166487,4.824999809265137,4.581790075517498,1.1556750501998874,4.192044509523282,1.1385911203854433,3.7805304917585647,1.1204988438153143
R125,2270.0,243151.475140536,363185.9814894831,4.762499809265137,4.55117556489274,1.1621323528112404,4.166419090135508,1.1449529670080019,3.7590943543493633,1.1267596003393259
R125,2275.0,243155.57090075745,363183.1136073014,4.757500171661377,4.520099714004918,1.168624434958506,4.14024696154387,1.151349079033065,3.73715621627789,1.1330540777866815
R125,2280.0,243159.6666609789,363180.2457251196,4.840000152587891,4.4891504987868185,1.1750632478546463,4.114179348048932,1.1576927092672389,3.7153130482368013,1.1392969073817396
R125,2285.0,243163.76242120034,363177.3778429378,4.817500114440918,4.458327919238674,1.1814487914995673,4.088216249650912,1.1639838577104311,3.693564850226295,1.1454880891244086
R125,2290.0,243167.8581814218,363174.5099607561,4.849999904632568,4.4276319753607165,1.1877810658931756,4.062357666350029,1.17022252436255,3.6719116222465704,1.1516276230145985
R125,2295.0,243171.95394164324,363171.64207857434,4.797500133514404,4.396691688339933,1.1940879244613622,4.036184041819939,1.1764361509022798,3.649967026616582,1.1577425146811855
R125,2300.0,243176.0497018647,363168.77419639257,4.732500076293945,4.365535193459627,1.200077634816468,4.009762800015635,1.1823373175172271,3.6278148465251676,1.163549911428666
R125,2305.0,243180.14546208613,363165.90631421085,4.887499809265137,4.334579921747605,1.2056267077216096,3.98357921452793,1.1878043604676125,3.605909199346433,1.1689300827608882
R125,2310.0,243184.24122230758,363163.0384320291,4.692500114440918,4.303755489785929,1.2110957021845898,3.957507832108265,1.1931925087467286,3.58410640899593,1.174232613062579
R125,2315.0,243188.336982529,363160.1705498473,4.599999904632568,4.273061897574967,1.2164846182053197,3.9315486527569643,1.1985017623544878,3.562406475473936,1.1794575023336522
R125,2320.0,243192.43274275045,363157.3026676656,4.677499771118164,4.242118008900399,1.221781435272185,3.9052593500326447,1.2037202784741883,3.540399346781071,1.1845930959404256
R125,2325.0,243196.5285029719,363154.4347854838,4.817500114440918,4.211056443474861,1.2269687723900138,3.8787943872593114,1.2088309330476772,3.5182286841680357,1.1896225419269875
R125,2330.0,243200.62426319334,363151.56690330204,4.637499809265137,4.180140808907826,1.232049450434893,3.852459834018047,1.213836505251042,3.4961783440946395,1.1945485753081624
R125,2335.0,243204.7200234148,363148.6990211203,4.722499847412109,4.149407603765539,1.236786316104313,3.8263313808004535,1.2185033475339981,3.474338393309263,1.1991412612063022
R125,2340.0,243208.81578363624,363145.83113893855,5.034999847412109,4.118852561807193,1.241139747297869,3.8004121294606588,1.2227924235154393,3.4527158001589213,1.2033621835305803
R125,2345.0,243212.91154385768,363142.9632567568,4.800000190734863,4.088065889921276,1.2453250827172664,3.774172351175056,1.2269158886222689,3.430791788216768,1.207420126546305
R125,2350.0,243217.00730407913,363140.09537457506,4.832499980926514,4.05727177989518,1.2493700759885638,3.747881356207987,1.2309010862086434,3.4088185939794,1.211341999120206
R125,2355.0,243221.10306430058,363137.2274923933,5.377500057220459,4.026618886157424,1.2533019788275583,3.7217176403127494,1.2347748651380197,3.3869632715991633,1.215154223485799
R125,2360.0,243225.19882452203,363134.3596102115,6.277500152587891,3.996107208708215,1.257120791234192,3.695681203489535,1.2385372254103402,3.36522582107623,1.218856799643027
R125,2365.0,243229.29458474347,363131.4917280298,6.577499866485596,3.965736747547759,1.2608265132084102,3.669772045738535,1.2421881670255515,3.3436062424107718,1.2224497275918376
R125,2370.0,243233.3903449649,363128.623845848,5.125,3.935212150474171,1.2640587195658093,3.643648861009622,1.245372592835496,3.3217991466478334,1.2255835526976107
R125,2375.0,243237.48610518634,363125.75596366625,4.912499904632568,3.904783060288693,1.266914622862901,3.6176311344517966,1.2481862783383244,3.300109477129496,1.2283525285804773
R125,2380.0,243241.5818654078,363122.88808148453,5.202499866485596,3.874488558467271,1.26965568916068,3.5917350853566155,1.250886824436019,3.278532855070876,1.2310101628496828
R125,2385.0,243245.67762562924,363120.02019930276,4.972499847412109,3.844328645009507,1.272281918459231,3.5659607137237086,1.2534742311286624,3.257069280471643,1.2335564555053098
R125,2390.0,243249.77338585068,363117.152317121,6.255000114440918,3.814303319915593,1.2747933107585117,3.5403080195532564,1.2559484984162128,3.235718753331958,1.2359914065473168
R125,2395.0,243253.86914607213,363114.2844349392,6.46999979019165,3.7841599015506726,1.276956052121839,3.5144314426014485,1.2580792687495612,3.214146346327088,1.2380883188209315
R125,2400.0,243257.96490629358,363111.4165527575,7.275000095367432,3.754142534662905,1.2789806439622327,3.4886643032667313,1.2600739317748304,3.192675006790099,1.2400512865392033
R125,2405.0,243262.06066651503,363108.5486705757,7.742499828338623,3.724274207143159,1.280690080156406,3.4630695180742785,1.261758097986776,3.171383324375753,1.2417086912558766
R125,2410.0,243266.15642673647,363105.68078839395,8.137499809265137,3.6945444884322898,1.2820964327493658,3.437635039000176,1.2631436609736937,3.150259708922242,1.2430722375694634
R125,2415.0,243270.25218695792,363102.81290621223,7.337500095367432,3.6649321261661187,1.2833694568456762,3.4122997337321426,1.2643978664113136,3.1292273013376364,1.2443065136125557
R125,2420.0,243274.34794717937,363099.94502403046,7.957499980926514,3.6352962767074137,1.2842410946314393,3.3868380012125576,1.2652566190882701,3.1080590337547314,1.2451516206614621
R125,2425.0,243278.4437074008,363097.0771418487,8.074999809265137,3.605792852800059,1.284991226361134,3.361497975476688,1.2659956618896109,3.087004237021265,1.2458789200313702
R125,2430.0,243282.53946762223,363094.20925966697,6.337500095367432,3.57642185444395,1.2856198520347326,3.336279656524461,1.2666149948153078,3.066062911137194,1.2464884117222526
R125,2435.0,243286.63522784368,363091.3413774852,6.822500228881836,3.5471832816388646,1.2861269716522832,3.31118304435566,1.2671146178654091,3.045235056102318,1.2469800957341564
R125,2440.0,243290.73098806513,363088.4734953034,6.295000076293945,3.5180614358461684,1.2862716572817021,3.2862073489575017,1.2672571646590496,3.0245347156678823,1.2471203774512798
R125,2445.0,243294.82674828658,363085.6056131217,7.832499980926514,3.489007918571476,1.2858520251610657,3.261238289781748,1.2668437358095592,3.003837277664647,1.2467135180093278
R125,2450.0,243298.92250850803,363082.73773093993,7.199999809265137,3.46007907372985,1.2853132716021483,3.236383507880479,1.266312946451291,2.9832465090511673,1.2461911629236444
R125,2455.0,243303.01826872947,363079.86984875816,6.735000133514404,3.4312749013214674,1.284655396604937,3.2116430032538545,1.265664796584232,2.9627624098275853,1.245553312194217
R125,2460.0,243307.11402895092,363077.00196657644,7.0625,3.4025954013465154,1.283878400169424,3.1870167759020465,1.264899286208375,2.9423849799940514,1.2447999658210385
R125,2465.0,243311.20978917237,363074.13408439467,8.555000305175781,3.3740480254680025,1.2828656792787023,3.1624838973319824,1.2639015360073946,2.922085783146866,1.2438180699265438
R125,2470.0,243315.30554939382,363071.2662022129,9.010000228881836,3.3456449940442146,1.281453859367965,3.138017894370771,1.2625105865240853,2.9018277104064683,1.242449222708302
R125,2475.0,243319.40130961526,363068.3983200312,10.007499694824219,3.317356173300642,1.2797461725322299,3.1136866749605696,1.260828143810426,2.881714545682131,1.2407935141034405
R125,2480.0,243323.4970698367,363065.5304378494,7.190000057220459,3.2891769378499722,1.2777820695572335,3.0894787889391,1.2588930754653367,2.861731683084411,1.2388891941025573
R125,2485.0,243327.59283005813,363062.66255566763,5.952499866485596,3.261115767528217,1.2756999107143816,3.0653788471653822,1.25684169642995,2.8418496099403794,1.2368704115947489
R125,2490.0,243331.68859027958,363059.7946734859,4.880000114440918,3.233218034493988,1.2733213359982671,3.041392439271375,1.2544982833308558,2.8220587312690246,1.2345642354608337
R125,2495.0,243335.78435050102,363056.92679130414,4.019999980926514,3.205505133630999,1.270569190398192,3.0175245462177935,1.2517868217122097,2.8023572257389633,1.2318958591189217
R125,2500.0,243339.88011072247,363054.05890912237,3.634999990463257,3.1779132530663587,1.2676972132126099,2.993768282654365,1.2489572999354115,2.78275971273433,1.2291112986013726
R125,2505.0,243343.97587094392,363051.19102694065,3.625,3.1504423928002288,1.26470540444153,2.970123648581235,1.2460097180004706,2.7632661922552524,1.226210553908195
R125,2510.0,243348.07163116537,363048.3231447589,3.609999895095825,3.1230716674962915,1.2614158313280113,2.946597899187583,1.2427687734665798,2.743902763226211,1.2230211081641673
R125,2515.0,243352.1673913868,363045.4552625771,4.037499904632568,3.0959012139247863,1.2576338877979907,2.923230892428062,1.239042737051479,2.724678978412891,1.2193542786760438
R125,2520.0,243356.26315160826,363042.5873803954,5.375,3.068935630653171,1.2535126833251817,2.900013203644247,1.234982454866441,2.7055744853256742,1.215358514601956
R125,2525.0,243360.3589118297,363039.7194982136,4.21750020980835,3.0420861867448843,1.2492718383304466,2.8769022336439836,1.2308043007624079,2.686569152913737,1.2112467516002576
R125,2530.0,243364.45467205116,363036.85161603184,4.247499942779541,3.0153528822000837,1.2449113528138025,2.8538979824274127,1.226508274739396,2.6676629811772035,1.2070189896709644
R125,2535.0,243368.5504322726,363033.98373385007,3.755000114440918,2.9887357170187783,1.2404312267752504,2.8310004499945416,1.2220943767974066,2.6488559701160788,1.202675228814078
R125,2540.0,243372.64619249402,363031.11585166835,4.442500114440918,2.9624073354395133,1.235508554231937,2.808317757971016,1.2172444743569286,2.630217950363111,1.1979023915945626
R125,2545.0,243376.74195271547,363028.2479694866,5.259500026702881,2.9362659447204176,1.2300976983480882,2.7858040586259585,1.2119136052151653,2.6117392726051585,1.1926562302615373
R125,2550.0,243380.83771293692,363025.3800873048,6.222499847412109,2.910222075580376,1.2244434895912726,2.763395314991767,1.2063429805986852,2.5933700924021763,1.187174123181694
R125,2555.0,243384.93347315837,363022.5122051231,4.932499885559082,2.8842912943125167,1.2186676714320352,2.741090098644385,1.2006525442879674,2.5750966707198337,1.1815741082221345
R125,2560.0,243389.0292333798,363019.6443229413,3.7899999618530273,2.8584736009165255,1.2127702438703087,2.7188884095835295,1.1948422962829466,2.556919007557889,1.1758561853827945
R125,2565.0,243393.12499360126,363016.77644075954,4.40749979019165,2.833030974981597,1.2063441604947855,2.696973677649273,1.1885112073934412,2.5389665525220897,1.1696256978497455
R125,2570.0,243397.2207538227,363013.9085585778,5.847499847412109,2.8077867009526356,1.199670694515397,2.675223281186323,1.1819363928683886,2.521152993601822,1.1631553574951246
R125,2575.0,243401.31651404416,363011.04067639605,3.7850000858306885,2.7826599177140823,1.1928763838824858,2.653580752888693,1.1752425200929892,2.5034385109870207,1.156567850732412
R125,2580.0,243405.4122742656,363008.1727942143,3.2850000858306885,2.75761994309889,1.1857427046491966,2.6320407287613174,1.168214295481527,2.4858378739489626,1.1496513050030053
R125,2585.0,243409.50803448705,363005.30491203256,4.84499979019165,2.7326755081793452,1.1783592308511783,2.6106008401785434,1.160939968928805,2.468340438159603,1.142492567905946
R125,2590.0,243413.6037947085,363002.4370298508,4.320000171661377,2.7082120245111243,1.170347824698869,2.589537893593026,1.1530469925205953,2.4511390002626405,1.1347250113341958
R125,2595.0,243417.69955492992,362999.569147669,4.715000152587891,2.6839166455978907,1.1621428266195313,2.568619928855007,1.1449632859853889,2.4340630102906937,1.1267697553478313
R125,2600.0,243421.79531515136,362996.7012654873,4.71750020980835,2.659739373184539,1.15381278942959,2.5478097734066947,1.1367563887479095,2.4170851272329377,1.118693266166341
R125,2605.0,243425.8910753728,362993.8333833055,4.635000228881836,2.635680207270896,1.145357713128982,2.5271074272479295,1.128426300808095,2.4002053510892325,1.1104955437896635
R125,2610.0,243429.98683559426,362990.96550112375,6.085000038146973,2.611739147857108,1.1367775977177577,2.506512890378843,1.1199730221659956,2.3834236818596897,1.1021765882178485
R125,2615.0,243434.0825958157,362988.09761894203,7.585000038146973,2.588376192145368,1.1271976628875646,2.4863989798027273,1.110534704076846,2.3670393353949803,1.0928882455308748
R125,2620.0,243438.17835603716,362985.22973676026,6.894999980926514,2.565119397392984,1.1173498036997147,2.4663920255875222,1.1008324222597365,2.350761071231779,1.083340133514338
R125,2625.0,243442.2741162586,362982.3618545785,6.902500152587891,2.541984037494635,1.107368436431484,2.446495225591133,1.0909986059643197,2.3345818652725168,1.0736625771097086
R125,2630.0,243446.36987648005,362979.49397239677,5.912499904632568,2.5189701124504653,1.0972535610829413,2.4267085798136865,1.081033255190664,2.318501717517301,1.0638555763170545
R125,2635.0,243450.4656367015,362976.626090215,7.105000019073486,2.4961426965781723,1.0869293529863808,2.4070838031431916,1.070861666159934,2.302560210352514,1.053845614404762
R125,2640.0,243454.56139692295,362973.7582080332,6.78000020980835,2.4739494677840574,1.0758823727811775,2.3879771058430674,1.059977989501444,2.2870299036504433,1.0431348799769273
R125,2645.0,243458.6571571444,362970.8903258515,5.957499980926514,2.451887425367344,1.064705239662305,2.3689890995986977,1.0489660839331327,2.2716050416660405,1.0322979542038173
R125,2650.0,243462.7529173658,362968.02244366973,6.03000020980835,,,,,,
R125,2655.0,243466.84867758726,362965.15456148796,5.917500019073486,,,,,,
R125,2660.0,243470.9444378087,362962.2866793062,5.5852789878845215,,,,,,
R125,2665.0,243475.04019803015,362959.41879712447,5.852499961853027,,,,,,
R125,2670.0,243479.1359582516,362956.5509149427,4.695000171661377,,,,,,
R125,2675.0,243483.23171847305,362953.6830327609,3.319999933242798,,,,,,
R125,2680.0,243487.3274786945,362950.8151505792,2.929183006286621,,,,,,
R125,2685.0,243491.42323891594,362947.94726839743,2.952500104904175,,,,,,
R125,2690.0,243495.5189991374,362945.07938621566,2.5425000190734863,,,,,,
R125,2695.0,243499.61475935884,362942.21150403394,2.5274999141693115,,,,,,
R125,2700.0,243503.7105195803,362939.34362185217,2.372499942779541,,,,,,
R125,2705.0,243507.8062798017,362936.4757396704,2.3299999237060547,,,,,,
R125,2710.0,243511.90204002315,362933.6078574887,2.200000047683716,,,,,,
R125,2715.0,243515.9978002446,362930.7399753069,2.1700000762939453,,,,,,
R125,2720.0,243520.09356046605,362927.87209312513,2.359999895095825,,,,,,
R125,2725.0,243524.1893206875,362925.0042109434,2.240000009536743,,,,,,
R150,0.0,241292.0,364488.0,14.732500076293945,14.12499191110089,0.22402237743533593,13.340789389631354,0.22071073499381735,12.708470692735196,0.21720362905634327
R150,5.0,241294.5,364483.6698729811,14.704999923706055,14.054823868575005,0.29912861549173786,13.272295557176845,0.29470670446271674,12.641059252101442,0.29002379843630655
R150,10.0,241297.0,364479.3397459622,14.795000076293945,13.98438885470377,0.3639719266937663,13.203302874231348,0.3585914602452751,12.572990560911283,0.35289342188019446
R150,15.0,241299.5,364475.0096189432,14.952500343322754,13.913686869486558,0.4185523110418957,13.133811340794248,0.41236500234196016,12.504264619164104,0.4058124993884672
R150,20.0,241302.0,364470.6794919243,14.707500457763672,13.84271791292463,0.4628697685351081,13.06382095686678,0.4560273307517688,12.43488142686114,0.44878103096013744
R150,25.0,241304.5,364466.3493649054,14.477499961853027,13.772637571015172,0.49929959564804066,12.995215356749405,0.4919186287940431,12.367237669748048,0.4841020142702952
R150,30.0,241307.0,364462.0192378865,14.317500114440918,13.70272344343777,0.5327599084578717,12.926797546511198,0.524884309798488,12.299800144889712,0.5165438687607627
R150,35.0,241309.5,364457.68911086756,14.302499771118164,13.632779010241677,0.5633919215967731,12.858245536558485,0.5550635008718277,12.232158294630743,0.5462435108008854
R150,40.0,241312.0,364453.3589838486,14.2524995803833,13.564304883673554,0.5954614502209131,12.791451442740993,0.5866589571545462,12.166467854859459,0.5773369135169936
R150,45.0,241314.5,364449.0288568297,14.199999809265137,13.49618872873782,0.6243069513092573,12.725026508915386,0.6150780455444241,12.101156466522815,0.6053044210036195
R150,50.0,241317.0,364444.69872981077,14.140000343322754,13.428360284053449,0.6475368110173602,12.658967669166246,0.6379645065668683,12.036275188428828,0.6278272148809225
R150,55.0,241319.5,364440.36860279186,14.175000190734863,13.36047258275245,0.6688328967780484,12.592753652910721,0.6589457799286973,11.971173508222835,0.6484750946360488
R150,60.0,241322.0,364436.03847577295,14.109820365905762,13.292525624834827,0.6881952085913214,12.526384460148808,0.6780218656299113,11.905851425904844,0.6672480602689983
R150,65.0,241324.5,364431.70834875404,14.083230018615723,13.224519410300577,0.7056237464571798,12.459860090880511,0.6951927636705101,11.840308941474849,0.6841461117797709
R150,70.0,241327.0,364427.37822173507,14.072500228881836,13.156863698083274,0.7195336821820446,12.393682224579448,0.7088970738037819,11.775117107988134,0.697632659658857
R150,75.0,241329.5,364423.04809471616,14.130000114440918,13.089457408650413,0.7310833910122142,12.327744736406437,0.7202760474301527,11.710163890308923,0.7088308207581324
R150,80.0,241332.0,364418.71796769724,14.017499923706055,13.023150262913722,0.7422291603077378,12.263024158561182,0.7312570528151663,11.646501446704024,0.7196373373536515
R150,85.0,241334.5,364414.38784067833,13.984999656677246,12.957043123731447,0.7522384559139885,12.19847784539233,0.7411183845939047,11.582993963248287,0.7293419720190982
R150,90.0,241337.0,364410.0577136594,13.977499961853027,12.890851674149161,0.7609007779639556,12.133775521779501,0.7496526546434024,11.51928142232736,0.7377406320403767
R150,95.0,241339.5,364405.72758664045,14.229999542236328,12.825651177431997,0.76628139971301,12.070087040709678,0.7549537365906919,11.456605629937187,0.7429574794991475
R150,100.0,241342.0,364401.39745962154,14.182499885559082,12.760388904103142,0.7705481683458582,12.006283340653725,0.7591574311129506,11.393777668470479,0.7470943770804248
R150,105.0,241344.5,364397.06733260263,13.675000190734863,12.69505038275701,0.7737289583338541,11.942348786362716,0.7622912006232188,11.330781005341407,0.7501783508179709
R150,110.0,241347.0,364392.7372055837,13.537500381469727,12.629635613393603,0.7758237696769981,11.878283377836652,0.7643550451214962,11.26761564054997,0.7522094007117857
R150,115.0,241349.5,364388.4070785648,13.387499809265137,12.564823546998404,0.7764080839419001,11.81478591610246,0.7649307216781593,11.20499460217103,0.7527759297357791
R150,120.0,241352.0,364384.07695154584,13.529999732971191,12.502050902082656,0.7750690380092425,11.753427091208074,0.763611470381333,11.144572697166828,0.7514776414158137
R150,125.0,241354.5,364379.7468245269,13.229999542236328,12.43933155625361,0.7725251496999307,11.692104631364797,0.7611051874606369,11.084172810122755,0.7490111834708467
R150,130.0,241357.0,364375.416697508,13.52750015258789,12.37641963322508,0.7688077305502043,11.630544538176157,0.7574427215850981,11.023503593491952,0.7454069143828307
R150,135.0,241359.5,364371.0865704891,13.649999618530273,12.313315132997072,0.7639167805600633,11.568746811642155,0.7526240727547169,10.962565047274419,0.7406648341517656
R150,140.0,241362.0,364366.7564434702,13.869999885559082,12.25231635286507,0.7579779717122292,11.509023293867775,0.7467730551883649,10.903672143408922,0.7349067895816602
R150,145.0,241364.5,364362.4263164513,13.912500381469727,12.191968110215749,0.7510346767957503,11.449916000563533,0.7399324005107021,10.84536759578596,0.7281748332892711
R150,150.0,241367.0,364358.0961894323,13.979999542236328,12.131510992042017,0.7430630089405537,11.390661871610588,0.7320785749626889,10.786887694583653,0.7204458054683063
R150,155.0,241369.5,364353.7660624134,13.912500381469727,12.070944998344943,0.734062968146691,11.331260907009986,0.723211578544376,10.72823243980303,0.7117197061188152
R150,160.0,241372.0,364349.4359353945,14.322500228881836,12.011448765892547,0.7227621591640013,11.272969746211434,0.7120778253683064,10.670704325529364,0.7007628689031689
R150,165.0,241374.5,364345.1058083756,13.862500190734863,11.95635313987231,0.7122443648887846,11.2190383838183,0.7017155118740966,10.617482668063946,0.6905652131497009
R150,170.0,241377.0,364340.77568135667,13.482500076293945,11.90117577506695,0.7006155968987768,11.164990466185104,0.6902586477911177,10.5641161438556,0.6792903992775113
R150,175.0,241379.5,364336.4455543377,13.574999809265137,11.845916671475985,0.6878758551939473,11.110825993311387,0.67770723311934,10.51060475290387,0.666938427286571
R150,180.0,241382.0,364332.1154273188,13.494999885559082,11.790575829100362,0.6740251397743497,11.056544965198068,0.6640612678588158,10.456948495209666,0.6535092971769316
R150,185.0,241384.5,364327.7853002999,13.5600004196167,11.73941981728388,0.6631381212932275,11.006366858582583,0.6533351882677322,10.4073086158878,0.6429536555902043
R150,190.0,241387.0,364323.45517328096,13.695980072021484,11.692812255112822,0.6559880431033386,10.960651521523907,0.6462908071196527,10.362038027091874,0.6360212100523915
R150,195.0,241389.5,364319.12504626205,13.731499671936035,11.646857163474474,0.6489918420788103,10.9155460554602,0.6393980284259768,10.317336366188545,0.6292379579975088
R150,200.0,241392.0,364314.7949192431,13.805000305175781,11.601962613547839,0.6388255057494935,10.871518344225832,0.629381977400937,10.273709921594223,0.6193810625831839
R150,205.0,241394.5,364310.4647922242,13.837499618530273,11.558041513176514,0.6285876900290975,10.828430340051828,0.6192955036390236,10.23098559956129,0.6094548634532114
R150,210.0,241397.0,364306.13466520526,14.25,11.523222587927306,0.6276699340381916,10.794297568683982,0.6183913145058533,10.197049746723991,0.6085650419358914
R150,215.0,241399.5,364301.80453818635,13.982500076293945,11.49108344501582,0.6301046050781274,10.762773269733529,0.6207899946769146,10.16564532197676,0.6109256069449215
R150,220.0,241402.0,364297.47441116744,13.595000267028809,11.460682507074258,0.6349557377140154,10.73292701944639,0.6255694147586974,10.135855353660626,0.6156290817744071
R150,225.0,241404.5,364293.1442841485,13.520000457763672,11.432019774102617,0.6422233319458559,10.704758817822562,0.6327295747512018,10.107679841775587,0.6226754664243485
R150,230.0,241407.0,364288.81415712956,13.694999694824219,11.406064351776209,0.6515994008292081,10.679235336252694,0.6419670405705593,10.082080310021091,0.6317661483954204
R150,235.0,241409.5,364284.48403011065,13.265000343322754,11.384238854039168,0.6620445427390491,10.657781084867283,0.6522577756932735,10.060477209493325,0.6418933631617065
R150,240.0,241412.0,364280.15390309173,13.4375,11.3670227382881,0.6762508746600784,10.640878291789582,0.6662541005040391,10.043341622768924,0.6556672855887304
R150,245.0,241414.5,364275.8237760728,13.657500267028809,11.35179214680019,0.6923440787045609,10.62591139416023,0.6821094044842981,10.028082368864343,0.6712706479023198
R150,250.0,241417.0,364271.4936490539,13.767499923706055,11.3377304635936,0.7097528919890392,10.612065873714915,0.6992608695249367,10.013892193129161,0.6881495752045823
R150,255.0,241419.5,364267.16352203494,13.447500228881836,11.324797664576561,0.7247644993446135,10.599338032386832,0.7140505656722815,10.00080315325241,0.7027042622532892
R150,260.0,241422.0,364262.83339501603,13.550000190734863,11.312717920578553,0.7384964120922705,10.587443059042101,0.7275794844782022,9.98852023606876,0.7160182057830038
R150,265.0,241424.5,364258.5032679971,13.604000091552734,11.301450870873062,0.7527703193486008,10.57632317639914,0.7416423856823366,9.976968237485774,0.7298576467007725
R150,270.0,241427.0,364254.1731409782,13.109999656677246,11.290996515460089,0.7675862211136044,10.565978384457942,0.7562392692846847,9.966147157503455,0.7442225850065951
R150,275.0,241429.5,364249.8430139593,13.130000114440918,11.2813255458947,0.782764393843897,10.556381700555995,0.7711930685305538,9.95603253521094,0.7589387675464103
R150,280.0,241432.0,364245.5128869403,13.02750015258789,11.27411622594879,0.7951541941540377,10.54926743306877,0.7833997148658383,9.94840550106369,0.7709514495889649
R150,285.0,241434.5,364241.1827599214,12.987500190734863,11.267870726879478,0.8078550972598689,10.543087964461312,0.7959128650757494,9.94167345366683,0.7832657651424426
R150,290.0,241437.0,364236.8526329025,12.8725004196167,11.26192616582239,0.8204305624513895,10.53718251044781,0.808302431675053,9.93518113559937,0.7954584608357949
R150,295.0,241439.5,364232.5225058836,12.770000457763672,11.256282542777527,0.8328805897285994,10.531551071028261,0.8205684146637491,9.928928546861307,0.8075295366690219
R150,300.0,241442.0,364228.1923788647,12.782500267028809,11.250627475187692,0.8436728392323549,10.525904319206042,0.8312011262133197,9.922654913938247,0.8179932938376044
R150,305.0,241444.5,364223.86225184577,12.72249984741211,11.24484917009746,0.852245806290979,10.520140386195234,0.8396473621742881,9.916269740530208,0.8263053186369285
R150,310.0,241447.0,364219.5321248268,12.625,11.239388381022088,0.8607561394018467,10.514668183132112,0.8480318900826884,9.910142124752017,0.8345566159280897
R150,315.0,241449.5,364215.2019978079,12.557499885559082,11.234245107961698,0.8692038385647141,10.509487710016792,0.8563547099382798,9.904272066603795,0.8427471857108516
R150,320.0,241452.0,364210.871870789,12.59749984741211,11.23092042464598,0.8781076891409374,10.506108668414662,0.8651269380844648,9.900168063568017,0.8513800226613436
R150,325.0,241454.5,364206.54174377007,12.614999771118164,11.227543544304929,0.8845848428632858,10.502688695964675,0.8715083423661232,9.896045638457808,0.8576600260721856
R150,330.0,241457.0,364202.21161675116,12.59000015258789,11.224160653737837,0.8903252280891394,10.49924762318048,0.8771638695357555,9.891884807626061,0.8632256865988954
R150,335.0,241459.5,364197.8814897322,12.630000114440918,11.220911454672477,0.8959244430228743,10.495917143039945,0.8826803132830721,9.887803743554157,0.8686544737466462
R150,340.0,241462.0,364193.5513627133,12.670000076293945,11.217795947108971,0.9013824876643353,10.492697255543192,0.8880576736079198,9.883802446242225,0.8739463875152874
R150,345.0,241464.5,364189.22123569436,12.59749984741211,11.214707626751776,0.9062617898472068,10.489483981499566,0.8928648468163984,9.87978860962943,0.878677174472718
R150,350.0,241467.0,364184.89110867545,12.72249984741211,11.21128246238723,0.9090513596133474,10.485920360377323,0.8956131793730565,9.875446670408419,0.8813818358713956
R150,355.0,241469.5,364180.56098165654,12.704999923706055,11.208016672640913,0.9117792234208919,10.48248976149122,0.8983007181481761,9.871206652796065,0.8840266695051222
R150,360.0,241472.0,364176.2308546376,12.574999809265137,11.205750733924406,0.9144819383731566,10.480061850025995,0.9009634798345241,9.867951775151099,0.8866471197594036
R150,365.0,241474.5,364171.90072761866,12.484999656677246,11.203731446697006,0.9170901741766184,10.477864916641972,0.9035331590234446,9.864902500060861,0.8891759666023458
R150,370.0,241477.0,364167.57060059975,12.397500038146973,11.201438615161889,0.9184011183992979,10.47535843865811,0.9048247240277945,9.861550524252973,0.8904470085665703
R150,375.0,241479.5,364163.24047358084,12.357500076293945,11.198953578487904,0.9187376040239904,10.47262111219198,0.9051562355061568,9.857966673144398,0.8907732523090124
R150,380.0,241482.0,364158.9103465619,12.287500381469727,11.19651299051206,0.9190479210151725,10.469898515805315,0.9054619651925331,9.854368819296605,0.891074123933585
R150,385.0,241484.5,364154.580219543,12.257499694824219,11.194116851234359,0.9193320693728443,10.467190649498114,0.905741913086924,9.850756962709596,0.891349623440288
R150,390.0,241487.0,364150.25009252405,12.079999923706055,11.191765160654727,0.919590049097016,10.46449751327031,0.9059960791893392,9.847131103383294,0.8915997508291315
R150,395.0,241489.5,364145.91996550513,12.029999732971191,11.188986601989322,0.9180174016457211,10.461275862931185,0.9044466796213334,9.843005614678848,0.8900749713068961
R150,400.0,241492.0,364141.5898384862,12.022500038146973,11.186616479093063,0.9161595783690148,10.458483017376913,0.9026163198798746,9.839311522466685,0.8882736960840732
R150,405.0,241494.5,364137.2597114673,12.055000305175781,11.184308874126664,0.9142842484565594,10.455732769279354,0.9007687122969847,9.835640418110717,0.8864554470889839
R150,410.0,241497.0,364132.9295844484,12.039999961853027,11.181957992661246,0.9124447004017996,10.452903606106988,0.89895635762142,9.83186406147401,0.8846718908305513
R150,415.0,241499.5,364128.59945742943,12.295000076293945,11.179396314637634,0.9100619085723917,10.449783520629982,0.8966087897491125,9.827789717995001,0.8823616259429965
R150,420.0,241502.0,364124.2693304105,12.417499542236328,11.17644490481523,0.9065489351027399,10.446134421338776,0.8931477473064499,9.823200187077573,0.8789555796582644
R150,425.0,241504.5,364119.9392033916,12.085000038146973,11.173456194923052,0.90314007015923,10.44239638357757,0.8897892743909217,9.818495153778837,0.8756504730651462
R150,430.0,241507.0,364115.6090763727,12.005000114440918,11.170430184961095,0.8998353137418622,10.438569407346368,0.8865333710025279,9.813674618098794,0.8724463061636418
R150,435.0,241509.5,364111.2789493538,12.039999961853027,11.167366874929362,0.8966346658506361,10.434653492645166,0.883380037141269,9.808738580037446,0.8693430789537512
R150,440.0,241512.0,364106.9488223348,12.119999885559082,11.163929953288818,0.8919578026392321,10.430283880151348,0.8787723103215189,9.80340702919412,0.8648085691707955
R150,445.0,241514.5,364102.6186953159,12.180000305175781,11.160251396419325,0.8868259237003374,10.425577496296702,0.8737162941086027,9.797742135486553,0.8598328933381955
R150,450.0,241517.0,364098.288568297,12.017499923706055,11.15648289597714,0.8818347506331046,10.420716539370154,0.8687989037629069,9.791898112092277,0.8549936406000347
R150,455.0,241519.5,364093.9584412781,12.029999732971191,11.152624451962264,0.8769842834375337,10.415701009371709,0.8640201392844311,9.785874959011293,0.8502908109563132
R150,460.0,241522.0,364089.6283142592,11.907500267028809,11.148610094932163,0.8721440429022319,10.410440344858584,0.8592514502891734,9.779587085840864,0.8455978966958183
R150,465.0,241524.5,364085.29818724026,11.9375,11.143810436566245,0.8660715345905627,10.404055583828077,0.8532687096901784,9.772202699847684,0.8397102221794476
R150,470.0,241527.0,364080.9680602213,11.949999809265137,11.138934123350715,0.8601703551391042,10.39750695372744,0.8474547652582944,9.764628412610588,0.833988661649655
R150,475.0,241529.5,364076.6379332024,11.9975004196167,11.133981155285795,0.8544405045480008,10.390794454556925,0.8418096169936637,9.756864224129831,0.828433215106581
R150,480.0,241532.0,364072.30780618347,12.095000267028809,11.128922697339922,0.8482080181823841,10.384093852678264,0.835669263238924,9.749148317265703,0.8223904319163213
R150,485.0,241534.5,364067.97767916456,12.2524995803833,11.123297658672477,0.8412606470798776,10.376633437733112,0.8288245926319942,9.740691425023522,0.8156545235080299
R150,490.0,241537.0,364063.64755214565,12.229999542236328,11.11707714467153,0.8336300336544371,10.368293871786081,0.8213067798283713,9.731360141658874,0.808256169170186
R150,495.0,241539.5,364059.3174251267,12.292499542236328,11.110805871689646,0.8260806211849264,10.35980339748738,0.8138689676160674,9.721851494753112,0.8009365442097913
R150,500.0,241542.0,364054.98729810776,12.092499732971191,11.104483839727077,0.8186124096715204,10.3511620148373,0.8065111559952542,9.712165484306542,0.7936956486270157
R150,505.0,241544.5,364050.65717108885,12.125,11.098111048783696,0.8112253991141315,10.342369723835697,0.7992333449658459,9.702302110319012,0.7865334824217739
R150,510.0,241547.0,364046.32704406994,12.087499618530273,11.090637820525624,0.8024888642606384,10.332042364194395,0.7906259591740507,9.69092252674713,0.778062868471453
R150,515.0,241549.5,364041.99691705103,12.199999809265137,11.08298402040653,0.7934439478813698,10.321355312625133,0.7817147505499875,9.679159738587996,0.7692932594506544
R150,520.0,241552.0,364037.66679003206,12.137499809265137,11.07524934211445,0.7836943016461053,10.310771152602955,0.7721092298386678,9.667560205395135,0.7598403710004821
R150,525.0,241554.5,364033.33666301315,11.96500015258789,11.06750694336131,0.7737140199778345,10.300146722432515,0.7622764830952414,9.655915752233678,0.7501638671525561
R150,530.0,241557.0,364029.00653599424,12.0,11.05944294550447,0.7631420902253699,10.289007347125859,0.7518608343890824,9.643740937001127,0.7399137236866717
R150,535.0,241559.5,364024.6764089753,11.734999656677246,11.050323767160284,0.7505364465094906,10.276402484823706,0.7394415353837279,9.630107143203945,0.7276917680368599
R150,540.0,241562.0,364020.3462819564,11.4350004196167,11.041322020845628,0.7375112711575476,10.263784699672478,0.7266089065280396,9.616423321407233,0.7150630503711428
R150,545.0,241564.5,364016.0161549375,11.577500343322754,11.032437706560506,0.7240665641695408,10.251153991672172,0.7133629478220174,9.60268947161099,0.7020275706895208
R150,550.0,241567.0,364011.68602791853,11.717499732971191,11.023670824304753,0.7102023255453187,10.238510360822593,0.6997036592655118,9.588905593815005,0.6885853289918463
R150,555.0,241569.5,364007.3559008996,11.520000457763672,11.014061874097955,0.6935930530006978,10.224701916855613,0.6833399156406782,9.573946979104083,0.6724816061680646
R150,560.0,241572.0,364003.0257738807,11.887499809265137,11.003683089037011,0.675201908831436,10.210318302027618,0.6652206411604553,9.55854006690316,0.6546502479723189
R150,565.0,241574.5,363998.6956468618,11.604999542236328,10.993405548330905,0.6561581460321307,10.196025341535645,0.6464583954773693,9.543223890989774,0.636186135422065
R150,570.0,241577.0,363994.3655198429,11.327500343322754,10.983320010810633,0.6363283792788583,10.181799218409019,0.626921765054906,9.527936313908256,0.6169599431492317
R150,575.0,241579.5,363990.0353928239,11.305000305175781,10.973426476476021,0.6157126085713912,10.167639932647514,0.6066107498928417,9.51267733565837,0.5969716711535986
R150,580.0,241582.0,363985.705265805,11.007499694824219,10.962150598102216,0.5866540247513564,10.151758100283386,0.5779817286969393,9.495694100740781,0.5687975667049335
R150,585.0,241584.5,363981.3751387861,10.772500038146973,10.951293990519993,0.5548435202320671,10.136083080368305,0.5466414674586563,9.478846252877098,0.5379553039697111
R150,590.0,241587.0,363977.0450117672,10.829999923706055,10.94087061374708,0.5203363862683257,10.120630254093763,0.5126444400820019,9.46214873480808,0.5044984912585612
R150,595.0,241589.5,363972.7148847483,10.770000457763672,10.930880467783476,0.48313262286013203,10.105399621459757,0.4759906465669764,9.445601546533727,0.4684271285714839
R150,600.0,241592.0,363968.3847577293,10.772500038146973,10.918550614532858,0.4496266149168148,10.088959623387513,0.442979945924197,9.42825549802374,0.4359409698069902
R150,605.0,241594.5,363964.0546307104,10.77750015258789,10.904148164030182,0.4136225074639129,10.071061129327786,0.4075080742815639,9.409689541482726,0.4010327481870671
R150,610.0,241597.0,363959.7245036915,10.755000114440918,10.889469509105824,0.382951586130955,10.053083552263528,0.3772905501807272,9.391100188881571,0.371295382232929
R150,615.0,241599.5,363955.3943766726,10.774999618530273,10.87451464975978,0.35761385091794134,10.03502689219474,0.352327373621687,9.372487440220276,0.3467288719445759
R150,620.0,241602.0,363951.06424965366,11.012499809265137,10.859283585992053,0.3376093018248718,10.016891149121419,0.3326185446044432,9.353851295498842,0.32733321732200776
R150,625.0,241604.5,363946.73412263475,11.1274995803833,10.837386243389295,0.3660307279272805,9.995143327890284,0.36061982695606726,9.332589591387498,0.3548895577322094
R150,630.0,241607.0,363942.4039956158,11.220000267028809,10.813799865283503,0.40512238895884534,9.972503166574526,0.39913360998018943,9.31068425637987,0.3927913545915981
R150,635.0,241609.5,363938.07386859687,11.265000343322754,10.790700582854903,0.43962195387906705,9.950169321692528,0.43312318020326923,9.289015162556119,0.42624082864411345
R150,640.0,241612.0,363933.74374157796,11.375,10.766591356791796,0.4770259423738274,9.927557669693268,0.46997423894901263,9.267338822913882,0.46250632200649977
R150,645.0,241614.5,363929.41361455905,11.307499885559082,10.74209019964732,0.513978447918558,9.904775165858887,0.5063804888553927,9.245562610644667,0.49833407456676404
R150,650.0,241617.0,363925.08348754013,11.28499984741211,10.71498249514247,0.5548210719407272,9.880341614399812,0.546619351012956,9.222418010963592,0.5379335389551563
R150,655.0,241619.5,363920.75336052116,11.082500457763672,10.68842794383405,0.5924832002876957,9.856249881048917,0.5837247336223732,9.199534509683842,0.5744493149605768
R150,660.0,241622.0,363916.42323350225,11.057499885559082,10.66242654572279,0.6269648329587962,9.832499965806909,0.6176966366829861,9.176912106806094,0.6078814025823787
R150,665.0,241624.5,363912.09310648334,11.02750015258789,10.636978300808321,0.6582659699543729,9.809091868673429,0.6485350601951343,9.154550802330007,0.6382298018208953
R150,670.0,241627.0,363907.76297946443,11.047499656677246,10.611190237110872,0.6858435535198384,9.785385241370266,0.6757049742323011,9.131868457174093,0.664967984405034
R150,675.0,241629.5,363903.4328524455,11.020000457763672,10.584992096701617,0.7111023387104553,9.761374753572273,0.7005903678594979,9.108880531040349,0.6894579477362066
R150,680.0,241632.0,363899.10272542655,11.117500305175781,10.558671840413764,0.7358980413603232,9.737434213369045,0.7250195245290955,9.0860707712339,0.7134989237405329
R150,685.0,241634.5,363894.77259840764,11.069999694824219,10.532592707839513,0.7596617452037855,9.71369749810337,0.7484319380605644,9.063455032724141,0.7365393127120343
R150,690.0,241637.0,363890.4424713887,11.149999618530273,10.50687953574875,0.7821784038669524,9.690214569007832,0.7706157410334411,9.041044065843131,0.7583706138154048
R150,695.0,241639.5,363886.1123443698,11.09000015258789,10.480512520913214,0.8019846788667615,9.666246065503376,0.790129226972705,9.018128117718698,0.7775740293721042
R150,700.0,241642.0,363881.7822173509,11.107500076293945,10.454340124528494,0.820833436739461,9.642430666774818,0.8086993504171773,8.99533170365787,0.7958490725167933
R150,705.0,241644.5,363877.452090332,11.069999694824219,10.4284754388284,0.8389157831835916,9.618851632633138,0.8265143920183882,8.972735363791454,0.8133810321109243
R150,710.0,241647.0,363873.121963313,11.112500190734863,10.402918463812558,0.8562317181993193,9.595508963077979,0.8435743517765009,8.950339098119102,0.8301699081546579
R150,715.0,241649.5,363868.7918362941,11.072500228881836,10.377441433100374,0.8723530856375523,9.572246713112953,0.8594574028212357,8.927986563710627,0.8458005766302658
R150,720.0,241652.0,363864.4617092752,10.9399995803833,10.351307963012557,0.8869448227804974,9.548604229671023,0.8738334355468008,8.90533771943418,0.8599481733920467
R150,725.0,241654.5,363860.1315822563,10.854999542236328,10.325335824464432,0.9011175829835029,9.525110491228743,0.8877966849182801,8.882839411156741,0.873689545950316
R150,730.0,241657.0,363855.8014552374,10.767499923706055,10.299609771660869,0.9148356204379207,9.50181384778775,0.9013119335444957,8.860511250220414,0.8869900365202109
R150,735.0,241659.5,363851.4713282184,10.770000457763672,10.274129804601497,0.9280989351438786,9.478714299347676,0.9143791814255735,8.838353236624846,0.8998496451018554
R150,740.0,241662.0,363847.1412011995,10.755000114440918,10.248497608730364,0.9400181510943424,9.455572099010665,0.9261221998810504,8.816114256618759,0.9114060663375081
R150,745.0,241664.5,363842.8110741806,10.739999771118164,10.222880763096796,0.9511526027041208,9.43249152121735,0.9370920548856655,8.79390996269241,0.9222016097327596
R150,750.0,241667.0,363838.4809471617,10.732500076293945,10.197478999547055,0.9619861559859364,9.409593482760279,0.9477654596343943,8.771868321393741,0.9327054134832651
R150,755.0,241669.5,363834.15082014276,10.677499771118164,10.17229231808114,0.9725188109397892,9.386877983639451,0.958142414127237,8.749989332722755,0.9429174775890244
R150,760.0,241672.0,363829.8206931238,10.675000190734863,10.14700730441135,0.9825758449641335,9.364110568499422,0.9680507786242079,8.728130724373049,0.9526683976201458
R150,765.0,241674.5,363825.4905661049,10.805000305175781,10.121413055089477,0.9912087486132042,9.341240402379459,0.97655606515453,8.706150183688488,0.9610385346719543
R150,770.0,241677.0,363821.160439086,10.897500038146973,10.095995445762602,0.9996452118500853,9.318520331366406,0.9848678151808303,8.684305083098849,0.9692182105256104
R150,775.0,241679.5,363816.83031206706,10.682499885559082,10.070754476430725,1.0078852346747773,9.29595035546026,0.9929860287031085,8.662595422604134,0.9772074251811144
R150,780.0,241682.0,363812.50018504815,10.704999923706055,10.045690147093849,1.0159288170872798,9.273530474661026,1.0009107057213649,8.641021202204346,0.9850061786384654
R150,785.0,241684.5,363808.17005802924,10.707500457763672,10.02066408752207,1.0233267691284833,9.251215513069805,1.0081992964905693,8.619525158974998,0.9921789532928263
R150,790.0,241687.0,363803.83993101027,10.692500114440918,9.995609736183948,1.029961146528156,9.228977103244947,1.01473560026834,8.598077908082761,0.9986113948381086
R150,795.0,241689.5,363799.50980399136,10.755000114440918,9.970709697655106,1.0364645663065237,9.20687216959325,1.0211428823243587,8.576754271887332,1.0049168648240105
R150,800.0,241692.0,363795.17967697245,10.850000381469727,9.945686573141728,1.0426078558745417,9.184656930901742,1.027195357845779,8.555390002635269,1.010873166170987
R150,805.0,241694.5,363790.84954995353,10.944999694824219,9.920738950191259,1.048571922878147,9.16250358370724,1.0330712601856846,8.534097440562835,1.0166557000941752
R150,810.0,241697.0,363786.5194229346,11.140000343322754,9.895744514214828,1.0536321908976116,9.1404465316735,1.0380567240777145,8.512868280989503,1.0215619446862105
R150,815.0,241699.5,363782.18929591565,11.287500381469727,9.870831161021512,1.0584177863324178,9.1184910002816,1.0427715757714036,8.491728471902132,1.026201877122867
R150,820.0,241702.0,363777.85916889674,11.96500015258789,9.846043654881836,1.0631238564980203,9.0966416626812,1.0474080777894244,8.470688631216321,1.030764704864582
R150,825.0,241704.5,363773.52904187783,12.739999771118164,9.821381995795413,1.067750401394463,9.074898518871949,1.051966230131821,8.449748758931722,1.0352504279113992
R150,830.0,241707.0,363769.1989148589,12.547499656677246,9.796817205603986,1.0721223258253072,9.053266494799969,1.0562735259716507,8.42890849145231,1.0394892805795015
R150,835.0,241709.5,363764.86878784,11.27750015258789,9.77224013825079,1.0756609787144105,9.031752317152602,1.059759868224117,8.408158560234071,1.0429202246586444
R150,840.0,241712.0,363760.53866082104,11.984999656677246,9.747499217873631,1.0789068089767915,9.010076357933006,1.0629577165417405,8.387314075415713,1.0460672589877
R150,845.0,241714.5,363756.2085338021,11.885000228881836,9.7227923992112,1.082055717193515,8.988421809472829,1.06606007557755,8.366505655013391,1.0491203213649682
R150,850.0,241717.0,363751.8784067832,10.702500343322754,9.69818701657654,1.0851699719077454,8.96685086266535,1.0691282933811666,8.345777973580693,1.0521397850161318
R150,855.0,241719.5,363747.5482797643,10.567500114440918,9.67362857464888,1.0877155272453312,8.945397096339354,1.0716362186870783,8.32514954998689,1.054607859248706
R150,860.0,241722.0,363743.2181527454,10.5600004196167,9.649118599357987,1.0898322014867527,8.924041174137605,1.0737216028922665,8.304606784152766,1.0566601065822723
R150,865.0,241724.5,363738.8880257265,10.699999809265137,9.62469573584104,1.0919332955148457,8.90275418849308,1.0757916372008327,8.284132920231002,1.0586972479299317
R150,870.0,241727.0,363734.5578987075,11.922499656677246,9.600359984097661,1.0940188093296253,8.88153613940543,1.0778463216127911,8.263727958221258,1.0607192832916996
R150,875.0,241729.5,363730.2277716886,11.045000076293945,9.57611134412861,1.096088742931061,8.860387026875353,1.0798856561281127,8.243391898124214,1.0627262126675459
R150,880.0,241732.0,363725.8976446697,13.154999732971191,9.551634100836704,1.097017799664123,8.839129810326012,1.080800978948668,8.222987771689096,1.0636269909573026
R150,885.0,241734.5,363721.5675176508,12.819999694824219,9.527157000066303,1.0978616941849875,8.81786816017117,1.0816323984794676,8.202596405765378,1.06444519918527
R150,890.0,241737.0,363717.23739063187,13.1899995803833,9.50274960734193,1.0987246862657534,8.796659894684824,1.0824826332577893,8.182261169542429,1.065281923685424
R150,895.0,241739.5,363712.9072636129,13.512499809265137,9.478411922663206,1.099606775906423,8.77550501386663,1.083351683283635,8.161982063019911,1.0661371644577675
R150,900.0,241742.0,363708.577136594,15.354999542236328,9.454145705617117,1.100167576222511,8.754434385954111,1.0839041934897646,8.141782183829513,1.0666808952458287
R150,905.0,241744.5,363704.2470095751,14.5625,9.429945762448124,1.1000584033043452,8.733472457646258,1.083796634435699,8.121679324502647,1.0665750453111449
R150,910.0,241747.0,363699.91688255616,13.295000076293945,9.405804945568548,1.0999779986331688,8.71255223770632,1.0837174183579439,8.101623105103009,1.0664970879812934
R150,915.0,241749.5,363695.58675553725,12.65999984741211,9.381723254978382,1.0999263622089814,8.6916737261343,1.0836665452564995,8.081613525630608,1.066447023256274
R150,920.0,241752.0,363691.2566285183,13.107500076293945,9.357427355185425,1.0997736415709738,8.670593655884543,1.0835160822329168,8.061465603929888,1.0662989510985477
R150,925.0,241754.5,363686.9265014994,14.52750015258789,9.333152162964238,1.0988562695388138,8.649564913826,1.0826122713825241,8.041373946936714,1.0654095018531016
R150,930.0,241757.0,363682.59637448046,13.84749984741211,9.308939425832548,1.0976820874801196,8.628599134374479,1.0814554468361224,8.021346430971466,1.0642710593134228
R150,935.0,241759.5,363678.26624746155,12.017499923706055,9.284774507403675,1.0965732986212515,8.607666257404816,1.0803630488053244,8.001359479806549,1.063196019548413
R150,940.0,241762.0,363673.93612044264,10.912500381469727,9.260657407677613,1.0955299029622094,8.586766282917011,1.0793350772901302,7.981413093441967,1.0621843825580721
R150,945.0,241764.5,363669.6059934237,10.670999526977539,9.236596424262991,1.0944448030212652,8.565909130321126,1.078266017992477,7.961515473863489,1.0611323106724329
R150,950.0,241767.0,363665.27586640476,10.720000267028809,9.212662493272155,1.0923628465263553,8.545179884802955,1.0762148383138062,7.941737428204611,1.0591137243535433
R150,955.0,241769.5,363660.94573938585,10.582500457763672,9.188769672817196,1.0903603120437202,8.524476043676458,1.0742419065802848,7.921994578637705,1.0571721426155798
R150,960.0,241772.0,363656.61561236694,10.805000305175781,9.164637524080804,1.088378752184809,8.503556799784294,1.0722896394101467,7.902098740671115,1.0552508970799315
R150,965.0,241774.5,363652.285485348,10.970000267028809,9.140473803907403,1.0864852216457457,8.482603349390203,1.0704241002539892,7.882192064092322,1.0534150014452732
R150,970.0,241777.0,363647.9553583291,10.960000038146973,9.116411960096883,1.0841199213170136,8.461732094680759,1.0680937653117777,7.862371483970939,1.0511216956555902
R150,975.0,241779.5,363643.62523131014,10.477499961853027,9.092455828763082,1.081231680709335,8.44094563282733,1.0652482205292277,7.842640468007271,1.0483213667387385
R150,980.0,241782.0,363639.29510429123,10.15250015258789,9.068532979998256,1.0784714772142538,8.420179777339914,1.0625288201325556,7.822942517447689,1.0456451777664202
R150,985.0,241784.5,363634.9649772723,10.34000015258789,9.044643413802039,1.075839310831718,8.39943452821818,1.0599355641217092,7.803277632291866,1.043093128738584
R150,990.0,241787.0,363630.6348502534,10.335000038146973,9.020787130174426,1.0733351815617267,8.378709885462127,1.0574684524966889,7.783645812539798,1.040665219655231
R150,995.0,241789.5,363626.3047232345,10.8125,8.997122354623782,1.0699226748867439,8.35812372430076,1.0541063916840963,7.764160968837808,1.0373565821769348
R150,1000.0,241792.0,363621.9745962155,11.7524995803833,8.973213138659233,1.0664490590309033,8.337321474973793,1.050684125045751,7.744516295311294,1.033988695546824
R150,1005.0,241794.5,363617.6444691966,12.71500015258789,8.949251735602818,1.0631369903095351,8.316469188735166,1.0474210174485223,7.724845983892886,1.0307774389117679
R150,1010.0,241797.0,363613.3143421777,11.944999694824219,8.925312808902845,1.059998346544122,8.29562983721802,1.0443287711283171,7.705202325430044,1.0277343285584906
R150,1015.0,241799.5,363608.9842151588,11.725000381469727,8.90145361345161,1.0567625916523358,8.274842764940802,1.041140849240693,7.685626082338152,1.0245970629279102
R150,1020.0,241802.0,363604.6540881399,10.15999984741211,8.877800043463385,1.0528447644834886,8.254193547578126,1.0372809379058758,7.666206875470387,1.0207984858000265
R150,1025.0,241804.5,363600.323961121,10.085000038146973,8.854163013625852,1.0491444554341383,8.23355166851961,1.0336353291982001,7.646810080585901,1.017210806018557
R150,1030.0,241807.0,363595.993834102,10.005000114440918,8.830542523938655,1.0456616645042138,8.212917127764923,1.0302040231175957,7.627435697684376,1.0138340235834327
R150,1035.0,241809.5,363591.6637070831,9.817500114440918,8.80693857440251,1.0423963916938583,8.192289925314729,1.0269870196642041,7.608083726766452,1.0106681384947926
R150,1040.0,241812.0,363587.3335800642,9.869999885559082,8.783198355427391,1.038602141365129,8.171508181873183,1.0232488583773918,7.588629347275044,1.0069893767998455
R150,1045.0,241814.5,363583.00345304527,9.770000457763672,8.759485912461537,1.0346337610433867,8.150722494778524,1.0193391411988069,7.569196481683984,1.0031417852458384
R150,1050.0,241817.0,363578.67332602636,9.537500381469727,8.73576549875266,1.0309054174572871,8.12992357309078,1.0156659123788832,7.549761461699661,0.9995269242372502
R150,1055.0,241819.5,363574.3431990074,9.632499694824219,8.712037114300404,1.0274171106067551,8.109111416809622,1.0122291719175458,7.530324287321758,0.9961447937740081
R150,1060.0,241822.0,363570.0130719885,9.725000381469727,8.688300759105482,1.0241688404919433,8.088286025935705,1.0090289198149458,7.510884958550906,0.9929953938562603
R150,1065.0,241824.5,363565.68294496957,10.257499694824219,8.664904551683133,1.0204864604364696,8.067669371217354,1.0054009750632558,7.49169304665537,0.9894250973495309
R150,1070.0,241827.0,363561.35281795065,10.175000190734863,8.641482606854021,1.0170882918542765,8.047022835147384,1.0020530403885584,7.4724787270231126,0.9861303615440156
R150,1075.0,241829.5,363557.02269093174,11.52750015258789,8.618033842068204,1.0139764459180698,8.026345719420108,0.9989871957548524,7.453241212195987,0.9831132333529673
R150,1080.0,241832.0,363552.6925639128,10.567500114440918,8.594177457053213,1.0107096445951858,8.00531481324881,0.9957686863843827,7.433663724028933,0.9799458662763577
R150,1085.0,241834.5,363548.36243689386,10.069999694824219,8.57032479537109,1.0074307392359316,7.984244818909182,0.9925382519071725,7.414061937803728,0.9767667635836209
R150,1090.0,241837.0,363544.03230987495,9.832500457763672,8.546639440108022,1.0041744577742167,7.9632506634811095,0.9893301068865372,7.394549561593404,0.9736095961667482
R150,1095.0,241839.5,363539.70218285604,10.322500228881836,8.522883162986961,1.001147136912064,7.942186750911122,0.9863475378230304,7.374963577303108,0.9706744202924319
R150,1100.0,241842.0,363535.3720558371,10.270000457763672,8.4990559640079,0.9983487766494736,7.92105308119922,0.983590544716652,7.35530398493284,0.967961235960672
R150,1105.0,241844.5,363531.0419288182,10.287500381469727,8.475157843170846,0.9957793769864454,7.899849654345402,0.9810591275674019,7.335570784482601,0.9654700431714682
R150,1110.0,241847.0,363526.71180179925,10.942500114440918,8.451427198367263,0.9934811671198153,7.878689627523195,0.9787948913130432,7.315872256675692,0.9632417857577976
R150,1115.0,241849.5,363522.38167478034,10.3100004196167,8.42766824823168,0.9914245492158172,7.857465027914232,0.9767686756539722,7.296093929143835,0.961247766778847
R150,1120.0,241852.0,363518.0515477614,9.90999984741211,8.403445891361235,0.9888121500556102,7.835836570604264,0.9741948946536917,7.275908953415131,0.9587148833025738
R150,1125.0,241854.5,363513.7214207425,10.087499618530273,8.379027684406966,0.9861396276062151,7.814031796660892,0.9715618791452467,7.255538447441853,0.9561237065577823
R150,1130.0,241857.0,363509.3912937236,10.425000190734863,8.354533149963363,0.9836481642565621,7.792131067073757,0.9691072462048043,7.235052113571906,0.9537080778720133
R150,1135.0,241859.5,363505.06116670463,11.272500038146973,8.330100319063448,0.9816027960822215,7.770143864710177,0.9670921139746769,7.214413475405698,0.9517249662056962
R150,1140.0,241862.0,363500.7310396857,10.857500076293945,8.305528036421954,0.9796504590305799,7.748025444665046,0.9651686376215252,7.193621951896079,0.9498320539993443
R150,1145.0,241864.5,363496.4009126668,10.300000190734863,8.280816302038538,0.9777911531015763,7.725775806938043,0.963336817145288,7.172677543042729,0.948029341252898
R150,1150.0,241867.0,363492.0707856479,10.724499702453613,8.2559651159132,0.9760248782952103,7.703394951529165,0.9615966525459657,7.151580248845648,0.946316827966357
R150,1155.0,241869.5,363487.740658629,11.170000076293945,8.231010829319013,0.974683200609076,7.680817354391331,0.9602748083999155,7.1301975377150235,0.9450159879976958
R150,1160.0,241872.0,363483.41053161,11.84000015258789,8.205669750896432,0.9726749952542526,7.65781912033841,0.9582962896246763,7.1083494909434375,0.9430689079964193
R150,1165.0,241874.5,363479.0804045911,11.585000038146973,8.180112627557548,0.9703816788674415,7.634629106028842,0.9560368745115896,7.086299629829666,0.9408453951158096
R150,1170.0,241877.0,363474.7502775722,11.725000381469727,8.154406075819889,0.96805140353781,7.611301657824413,0.9537410468064802,7.064092012685615,0.9385860482413002
R150,1175.0,241879.5,363470.4201505533,11.84000015258789,8.128550095683451,0.9656841692653579,7.5878367757251235,0.951408806509348,7.041726639511289,0.936290867372891
R150,1180.0,241882.0,363466.0900235344,11.704999923706055,8.10248899002248,0.9639996121267614,7.563986906383386,0.9497491515748236,7.018775919354576,0.9346575844480702
R150,1185.0,241884.5,363461.75989651546,11.880000114440918,8.076257258249369,0.9623101976453774,7.539959001042124,0.9480847111018683,6.9956023095229085,0.9330195920272915
R150,1190.0,241887.0,363457.4297694965,11.882499694824219,8.049860109681944,0.9605362904948636,7.515778946910975,0.9463370269846095,6.972250778955908,0.9312996787083716
R150,1195.0,241889.5,363453.0996424776,12.007499694824219,8.023297544320917,0.9586778906753015,7.491446743990618,0.9445060992231282,6.948721327654243,0.9294978444913906
R150,1200.0,241892.0,363448.76951545867,12.092499732971191,7.996366152002148,0.9558394882179082,7.46673529215503,0.9417096558513675,6.924794816334034,0.9267458367611605
R150,1205.0,241894.5,363444.43938843976,12.382499694824219,7.969128811309717,0.9532101294699,7.441575907158064,0.9391191659708036,6.900234921783191,0.9241965099096368
R150,1210.0,241897.0,363440.10926142085,12.364999771118164,7.941728455008121,0.9504151010453528,7.416269845867483,0.9363654554491168,6.875507034292525,0.9214865560021035
R150,1215.0,241899.5,363435.7791344019,12.7475004196167,7.914165083097004,0.9474544029442329,7.390817108282937,0.9334485242862736,6.850611153861685,0.9186159750385281
R150,1220.0,241902.0,363431.44900738297,12.537500381469727,7.8864386955770875,0.9443280351666072,7.365217694405125,0.93036837248234,6.825547280491373,0.9155847670189757
R150,1225.0,241904.5,363427.11888036405,12.432499885559082,7.85842153644027,0.9416863034267449,7.339167706718202,0.927765692515422,6.7998062604384995,0.913023443782252
R150,1230.0,241907.0,363422.78875334514,12.612500190734863,7.8301705939426895,0.9391974494215984,7.312811233450461,0.9253136303464917,6.773629471276139,0.910610345018285
R150,1235.0,241909.5,363418.45862632623,13.507499694824219,7.801748811536198,0.9365327031588908,7.286299713970763,0.9226882760721646,6.747270630477706,0.9080267077701659
R150,1240.0,241912.0,363414.12849930726,12.270000457763672,7.773051064675543,0.9324621575750996,7.259566710767756,0.9186779039039769,6.720766056817192,0.9040800606399582
R150,1245.0,241914.5,363409.79837228835,11.467499732971191,7.7441480759069945,0.9279352729532547,7.232643351949029,0.9142179385940841,6.694058048461033,0.8996909644282053
R150,1250.0,241917.0,363405.46824526944,12.462499618530273,7.714896651113904,0.9241868885943978,7.205103258434985,0.9105249652569747,6.6663852386582825,0.896056672643904
R150,1255.0,241919.5,363401.1381182505,14.994999885559082,7.685460336879831,0.9202712431413225,7.177396617795328,0.9066672033864194,6.63851218660996,0.8922602108251667
R150,1260.0,241922.0,363396.8079912316,15.212499618530273,7.655839133204774,0.9161883365940282,7.149523430030054,0.9026446529824181,6.610438892316068,0.8883015789719937
R150,1265.0,241924.5,363392.4778642127,15.337499618530273,7.6260330400887355,0.9119381689525154,7.121483695139169,0.8984573140449709,6.582165355776607,0.8841807770843852
R150,1270.0,241927.0,363388.14773719374,15.532500267028809,7.595992999587237,0.9079342063149841,7.093079975782202,0.8945125405512242,6.553349601350973,0.8802986862620148
R150,1275.0,241929.5,363383.8176101748,16.74250030517578,7.565695049297672,0.904335621248901,7.064236002443854,0.8909671520776616,6.523859553441065,0.8768096342095282
R150,1280.0,241932.0,363379.4874831559,16.93437957763672,7.53511293186163,0.8993289690148489,7.035157888753859,0.8860345113881204,6.494190200816474,0.8719553734563376
R150,1285.0,241934.5,363375.157356137,16.395000457763672,7.5042940906617215,0.8938955559020223,7.0058721433063145,0.8806814184728311,6.464286328262505,0.8666873414867747
R150,1290.0,241937.0,363370.8272291181,13.244999885559082,7.473258617436063,0.8883557752485096,6.976390739248386,0.8752235304100635,6.4341344418489985,0.861316179570487
R150,1295.0,241939.5,363366.4971020991,10.727499961853027,7.44201879816382,0.8833552189434395,6.946400440532512,0.8702968955355725,6.403179688447826,0.856467829199609
R150,1300.0,241942.0,363362.1669750802,9.447500228881836,7.410552666305943,0.8784161033754497,6.916124188705637,0.8654307931417803,6.371819155461098,0.8516790494449267
R150,1305.0,241944.5,363357.8368480613,8.667499542236328,7.378855991704139,0.873387589255704,6.885634232492622,0.8604766137429628,6.340181051263611,0.8468035922337539
R150,1310.0,241947.0,363353.5067210424,7.914999961853027,7.346928774358407,0.8682696765842024,6.854930571893465,0.8554343573391203,6.308265375855369,0.8418414575660907
R150,1315.0,241949.5,363349.1765940235,7.587500095367432,7.314819491231867,0.8631668559645537,6.8239717626396486,0.8504069698867415,6.27599495743694,0.8368939555814208
R150,1320.0,241952.0,363344.8464670045,8.617500305175781,7.282562659380516,0.8571974733849409,6.792526676044469,0.8445258305490989,6.243069818561689,0.831106267876672
R150,1325.0,241954.5,363340.5163399856,9.130000114440918,7.250003889377229,0.8508239124672423,6.760806185936289,0.838246487696799,6.209795735702836,0.8249267041333773
R150,1330.0,241957.0,363336.1862129667,10.642499923706055,7.217169601263945,0.8443501504432342,6.728829741691059,0.8318684249752113,6.176177739106244,0.8186499891850366
R150,1335.0,241959.5,363331.8560859478,12.182499885559082,7.184059795040665,0.837776187312917,6.696597343308778,0.8253916423843357,6.1422158287719135,0.8122761230316498
R150,1340.0,241962.0,363327.52595892886,11.505000114440918,7.151023358143491,0.8313709781222005,6.6641294335529535,0.8190811191040945,6.107923259429619,0.8060658743191521
R150,1345.0,241964.5,363323.19583190995,11.545000076293945,7.117990054469363,0.8250338883691815,6.631426338276659,0.8128377082763364,6.073310140005905,0.799921671638512
R150,1350.0,241967.0,363318.865704891,12.567500114440918,7.084702752286152,0.8185540150456738,6.5984742025848355,0.8064536245964089,6.038370187175485,0.7936390314051884
R150,1355.0,241969.5,363314.53557787207,13.425000190734863,7.051161451594654,0.8119313581516652,6.565273026478316,0.7999288680643,6.00310340093925,0.7872179536191692
R150,1360.0,241972.0,363310.20545085316,11.22249984741211,7.017133100558938,0.8036756429804819,6.531637038521059,0.7917951941698991,5.967280923578885,0.7792135242576941
R150,1365.0,241974.5,363305.87532383425,8.699999809265137,6.98380778849506,0.7959621699816422,6.498041301784736,0.7841957466762735,5.93160010423943,0.7717348324096089
R150,1370.0,241977.0,363301.54519681534,7.460000038146973,6.950293370827714,0.788109146313783,6.464210848703633,0.7764588114411274,5.895625204168908,0.7641208375079007
R150,1375.0,241979.5,363297.21506979637,7.139999866485596,6.916538256536989,0.7800593424953244,6.430127943564188,0.7685280049857834,5.859328711088112,0.756316052010521
R150,1380.0,241982.0,363292.88494277745,7.110000133514404,6.882542445623665,0.7718127585262348,6.395792586367232,0.7604033273102108,5.8227106249979315,0.7483204759174391
R150,1385.0,241984.5,363288.55481575854,7.862500190734863,6.8488623206058845,0.764374729514076,6.361462429938814,0.7530752520135995,5.786178617081213,0.7411088441469791
R150,1390.0,241987.0,363284.22468873963,8.274999618530273,6.8161323583272235,0.7590045240037463,6.327437974125335,0.7477844323255339,5.750212641133837,0.7359020958795461
R150,1395.0,241989.5,363279.8945617207,7.482500076293945,6.78328193651784,0.7538239789918781,6.293226767175252,0.742680469452796,5.714035757224217,0.730879235262198
R150,1400.0,241992.0,363275.56443470175,7.625,6.750040422629531,0.7466310455885122,6.258594364880674,0.7355938666045072,5.6773194252751065,0.7239052389293426
R150,1405.0,241994.5,363271.23430768284,7.625,6.716630507639561,0.7392161587552112,6.223721380362004,0.728288591384247,5.6403238415466515,0.7167160449407289
R150,1410.0,241997.0,363266.9041806639,8.15250015258789,6.6845229206239045,0.7352488034106343,6.189393305935595,0.7243798840310277,5.604278531804533,0.7128694471658565
R150,1415.0,241999.5,363262.574053645,7.795000076293945,6.653009656348443,0.7334740979085215,6.155247483014369,0.7226314133639521,5.568615226179052,0.7111487597954148
R150,1420.0,242002.0,363258.2439266261,7.262499809265137,6.621554511558095,0.7327562594369676,6.121006630422638,0.7219241864411221,5.5328971369781605,0.7104527707479119
R150,1425.0,242004.5,363253.9137996072,6.957499980926514,6.590157486252862,0.7330952879959729,6.086670748160403,0.7222582032625378,5.49712426420186,0.7107814800233478
R150,1430.0,242007.0,363249.5836725882,7.03249979019165,6.558954592281951,0.7346451893841991,6.052317870347237,0.7237851930143673,5.461418586963983,0.7122842058226398
R150,1435.0,242009.5,363245.2535455693,7.627500057220459,6.529102503822439,0.7386931686476705,6.018613214749395,0.7277733324520452,5.426822103631068,0.7162089735016762
R150,1440.0,242012.0,363240.9234185504,7.34499979019165,6.499518794075843,0.7435955324238294,5.984821681143791,0.7326032263425586,5.392217506907113,0.7209621201082261
R150,1445.0,242014.5,363236.5932915315,6.565000057220459,6.470105777558693,0.749884528036392,5.950965927105164,0.7387992539882923,5.357627746624859,0.7270596925282524
R150,1450.0,242017.0,363232.2631645126,6.427499771118164,6.440821835585524,0.7576510454600172,5.917050052383343,0.7464509617700001,5.3230528490153155,0.7345898142455148
R150,1455.0,242019.5,363227.9330374936,6.320000171661377,6.411958420987579,0.7657609979482728,5.883302482668679,0.7544410277389391,5.288833434785194,0.7424529176194951
R150,1460.0,242022.0,363223.6029104747,6.46999979019165,6.383477189522526,0.7736113773765448,5.849713976021933,0.7621753578233619,5.254953979819528,0.7500643487664564
R150,1465.0,242024.5,363219.2727834558,6.402500152587891,6.355035669857346,0.782268673561181,5.816023483357988,0.7707046763031051,5.221024599918442,0.7584581358986927
R150,1470.0,242027.0,363214.9426564369,6.21999979019165,6.326633861992039,0.7917328865021813,5.782231004676841,0.7800289831781688,5.187045295081935,0.7676342790162037
R150,1475.0,242029.5,363210.61252941797,6.212500095367432,6.298271765926606,0.8020040161995462,5.748336539978494,0.790148278448553,5.153016065310008,0.7775927781189896
R150,1480.0,242032.0,363206.282402399,6.252500057220459,6.27055507813026,0.8109537520846039,5.71476187734282,0.7989657135975032,5.119554229125271,0.7862701037304487
R150,1485.0,242034.5,363201.9522753801,6.090000152587891,6.242896142172966,0.8198559628149202,5.681101517522892,0.8077363261390326,5.086072411031975,0.7949013507483363
R150,1490.0,242037.0,363197.6221483612,6.122499942779541,6.215151810483102,0.8289350146961605,5.647273859721091,0.8166811656521674,5.052446833510313,0.803704056261511
R150,1495.0,242039.5,363193.29202134226,6.059999942779541,6.187322083060669,0.838190907728325,5.613278903937415,0.825800232136908,5.018677496560283,0.8126782202699726
R150,1500.0,242042.0,363188.96189432335,6.057499885559082,6.1594760975647525,0.8469352064702587,5.579248393237762,0.8344152670463473,4.98492107743798,0.8211563617930435
R150,1505.0,242044.5,363184.63176730444,6.057499885559082,6.131763489998692,0.8536134059983042,5.545478831485884,0.8409947451456563,4.951524444057989,0.8276312916174982
R150,1510.0,242047.0,363180.30164028547,5.997499942779541,6.103964721392038,0.8603719962374228,5.511558855576549,0.8476534255689858,4.917994848964487,0.834184165236616
R150,1515.0,242049.5,363175.97151326656,6.014999866485596,6.076079791745412,0.8672109771873542,5.4774884655105325,0.8543913083160792,4.8843322921582475,0.8408149826501451
R150,1520.0,242052.0,363171.64138624765,5.922500133514404,6.048316111069929,0.874263581510371,5.443214101147221,0.8613396565185412,4.8505398634483745,0.8476529212111903
R150,1525.0,242054.5,363167.31125922874,5.875,6.020719089467477,0.8799289056146181,5.409211937361717,0.8669212321682136,4.817104991707553,0.8531458053117241
R150,1530.0,242057.0,363162.9811322098,5.887499809265137,5.993158809320804,0.8847073624694528,5.375343748377254,0.8716290508089818,4.7838484056229005,0.8577788164510752
R150,1535.0,242059.5,363158.65100519086,5.90749979019165,5.965479359483346,0.8893912229336489,5.341325741153683,0.8762436714436307,4.750446013858753,0.8623201105058346
R150,1540.0,242062.0,363154.32087817194,5.945000171661377,5.937680739955721,0.8939804870070047,5.307157915691764,0.8807650940719622,4.716897816415873,0.8667696874758073
R150,1545.0,242064.5,363149.99075115303,5.947500228881836,5.909764225356093,0.8984724437933472,5.272842393383586,0.885190647872009,4.683206185633857,0.8711249189785363
R150,1550.0,242067.0,363145.6606241341,6.045000076293945,5.882347521889545,0.9016453732506534,5.2393965905339615,0.8883166730510073,4.650505320904977,0.8742012714426609
R150,1555.0,242069.5,363141.3304971152,5.952499866485596,5.854858557162258,0.9048076193331989,5.205857778389263,0.8914321727837426,4.6177150529618,0.8772672657104525
R150,1560.0,242072.0,363137.00037009624,8.342499732971191,5.827349572318017,0.9074815926990237,5.172068866181225,0.8940666177602289,4.584702922763641,0.8798598492089665
R150,1565.0,242074.5,363132.67024307733,9.744999885559082,5.7997554681267545,0.9099571104824933,5.138136121054338,0.8965055408520657,4.551550601408779,0.8822600176765096
R150,1570.0,242077.0,363128.3401160584,9.0024995803833,5.772350545973116,0.9121157469353058,5.104557644527953,0.898632266956319,4.518798648099169,0.8843529499840564
R150,1575.0,242079.5,363124.0099890395,7.147500038146973,5.7453567639303404,0.9139147950762471,5.071665669768146,0.9004047204137637,4.486809661875508,0.8860972390569588
R150,1580.0,242082.0,363119.6798620206,7.324999809265137,5.718327402242774,0.9157680500998844,5.038743272357761,0.902230579432997,4.454787576838806,0.8878940850742871
R150,1585.0,242084.5,363115.3497350017,7.767499923706055,5.691262460910412,0.9176755120062179,5.005790452296801,0.9041098440140194,4.422732392989062,0.8897434880360411
R150,1590.0,242087.0,363111.0196079827,7.119999885559082,5.664161939932962,0.9196371807953209,4.9728072095849045,0.9060425141569028,4.3906441103259235,0.8916454479422922
R150,1595.0,242089.5,363106.6894809638,6.210000038146973,5.637659224430724,0.9214852317210678,4.9407845986435355,0.9078632460085594,4.359619675935465,0.8934372482630225
R150,1600.0,242092.0,363102.3593539449,6.152500152587891,5.611372564311452,0.9227302639079663,4.90894423483889,0.909089873331135,4.32880938459307,0.8946443844088541
R150,1605.0,242094.5,363098.029226926,6.074999809265137,5.585119018067666,0.9240229887805393,4.877126819855592,0.9103634883155166,4.298016165545677,0.895897761579918
R150,1610.0,242097.0,363093.69909990707,6.105000019073486,5.558897798937169,0.9255452802283255,4.845372475806284,0.9118632762747564,4.267279218111943,0.8973737178246235
R150,1615.0,242099.5,363089.3689728881,6.079999923706055,5.53282002255808,0.927264133865474,4.813859398688711,0.9135567207150029,4.236798314102208,0.8990402533380247
R150,1620.0,242102.0,363085.0388458692,7.159999847412109,5.5074509659484,0.9290628543960802,4.783482257616148,0.915328851405061,4.207573004457767,0.9007842247723304
R150,1625.0,242104.5,363080.7087188503,7.152500152587891,5.482157928165549,0.931167552246956,4.753217544348825,0.917402436262391,4.17845328764999,0.9028248602503357
R150,1630.0,242107.0,363076.37859183137,7.447500228881836,5.456940909209527,0.9335782274181017,4.723065258886741,0.9197774752869929,4.149439163678879,0.9051621597720405
R150,1635.0,242109.5,363072.04846481245,6.630000114440918,5.431799909080334,0.9362948799095173,4.693025401229896,0.9224539684788667,4.120530632544433,0.9077961233374452
R150,1640.0,242112.0,363067.7183377935,6.297500133514404,5.407153824243046,0.9385980475707868,4.663652140633942,0.9247230892385588,4.092350220652349,0.9100291876413905
R150,1645.0,242114.5,363063.3882107746,7.332499980926514,5.382933140931579,0.9409493558975779,4.634936150970056,0.9270396390175784,4.064888125022648,0.9123089273148939
R150,1650.0,242117.0,363059.05808375566,6.315000057220459,5.35883211463881,0.9437212782656874,4.606392739110341,0.9297705850513808,4.037588876166645,0.9149964784635227
R150,1655.0,242119.5,363054.72795673675,6.662499904632568,5.334850745364738,0.9469138146751152,4.578021905054798,0.9329159273399663,4.010452474084339,0.9180918410872769
R150,1660.0,242122.0,363050.39782971784,5.947500228881836,5.310989033109364,0.9505269651258611,4.549823648803425,0.9364756658833349,3.983478918775729,0.9215950151861565
R150,1665.0,242124.5,363046.0677026989,5.885000228881836,5.287603909095385,0.9536175221976929,4.522502699477473,0.9395205363582996,3.95752159488241,0.9245915024990274
R150,1670.0,242127.0,363041.73757567996,5.735000133514404,5.264376346893689,0.9569852437927475,4.495424420839165,0.9428384741327354,3.931811987352977,0.9278567180567139
R150,1675.0,242129.5,363037.40744866105,5.732500076293945,5.241270322231886,0.960723241624857,4.468517457595424,0.9465212144833997,3.9062636887947413,0.9314809394572967
R150,1680.0,242132.0,363033.07732164214,5.570000171661377,5.218493292289783,0.9647862926727729,4.44195898791179,0.9505242029047504,3.8810284442713057,0.935420320168817
R150,1685.0,242134.5,363028.7471946232,5.492499828338623,5.195953164683624,0.9688412184569021,4.415787397249517,0.9545191861751744,3.856211014055282,0.9393518229317066
R150,1690.0,242137.0,363024.4170676043,5.432499885559082,5.17367579232663,0.9722405713039975,4.390176800911551,0.9578682876081944,3.8320626697645395,0.9426477069557003
R150,1695.0,242139.5,363020.08694058534,5.5,5.151514466324438,0.9759770781639536,4.364736384522814,0.9615495590272114,3.808072294391338,0.9462704827660413
R150,1700.0,242142.0,363015.75681356643,5.507500171661377,5.129469186677548,0.9800507390366237,4.339466148083864,0.9655630004320808,3.7842398879362067,0.9502201503625874
R150,1705.0,242144.5,363011.4266865475,5.65749979019165,5.10753995338571,0.98446155392208,4.314366091594422,0.9699086118228735,3.7605654503988806,0.9544967097454086
R150,1710.0,242147.0,363007.0965595286,5.514999866485596,5.085766464808429,0.9880552311185646,4.289680457450197,0.973449164978113,3.737408584129187,0.9579810033130516
R150,1715.0,242149.5,363002.7664325097,5.690000057220459,5.0641213902379265,0.9913629413695905,4.265273594541518,0.9767079785346964,3.714574354357723,0.9611880341400136
R150,1720.0,242152.0,362998.43630549073,5.597499847412109,5.0428300241022574,0.9951000727964008,4.241280492786238,0.98038986528782,3.6921081050693316,0.9648114155067691
R150,1725.0,242154.5,362994.1061784718,6.110000133514404,5.0216947000725956,0.9991357833653449,4.21749995304363,0.9843659173946943,3.6698322199058926,0.9687242879233566
R150,1730.0,242157.0,362989.7760514529,5.59499979019165,5.000651268600034,1.003334803748987,4.193880197108392,0.988502865165841,3.6477119685478994,0.9727954993631157
R150,1735.0,242159.5,362985.445924434,6.122499942779541,4.979676731092366,1.0060398116831744,4.170649288202855,0.991167885937798,3.626130098587298,0.9754181728059982
R150,1740.0,242162.0,362981.1157974151,5.695000171661377,4.958789470017177,1.0089558491306552,4.147555895307065,0.9940408166494321,3.604670614847708,0.9782454524879917
R150,1745.0,242164.5,362976.7856703962,5.724999904632568,4.937989485374464,1.0120829160914293,4.1246000184210185,0.9971216573007429,3.5833335173291285,0.9812773384090963
R150,1750.0,242167.0,362972.4555433772,5.784999847412109,4.9172767771639885,1.015421012565543,4.101781657544461,1.000410407891776,3.5621188060313194,0.9845138305693566
R150,1755.0,242169.5,362968.1254163583,5.847499847412109,4.8966226310948855,1.0181672418297383,4.07918678186174,1.003116040633602,3.541186740299039,0.9871764706556373
R150,1760.0,242172.0,362963.7952893394,5.5625,4.876242479529176,1.0202509777822928,4.057100897893182,1.0051689734648328,3.5208079103320533,0.9891967822693949
R150,1765.0,242174.5,362959.46516232047,5.409999847412109,4.855987629945216,1.022553200521191,4.035200839174254,1.0074371632705974,3.5005884647205487,0.9914289304123255
R150,1770.0,242177.0,362955.13503530156,5.679999828338623,4.835799751007294,1.0250227705320556,4.013419542435178,1.00987022651362,3.4804705092662154,0.9938233321443777
R150,1775.0,242179.5,362950.8049082826,5.875,4.815678842715176,1.0276596878149133,3.9917570076757047,1.012468163193927,3.4604540439688236,0.9963799874655778
R150,1780.0,242182.0,362946.4747812637,5.8125,4.795559446003711,1.0289913550422087,3.97035512276068,1.0137801448621615,3.4408175502795553,0.9976711216717462
R150,1785.0,242184.5,362942.14465424477,5.992499828338623,4.775492945399224,1.030153989456466,3.94910393003827,1.0149255924688159,3.4213442477480633,0.9987983680518835
R150,1790.0,242187.0,362937.81452722586,5.925000190734863,4.755494376392515,1.0314838123997812,3.9279709846141446,1.01623575711646,3.4019703580173726,1.0000877141100202
R150,1795.0,242189.5,362933.48440020694,5.767499923706055,4.735563738983585,1.0329808238721547,3.9069562864883047,1.0177106388050943,3.3826958810874834,1.0015391598461556
R150,1800.0,242192.0,362929.154273188,5.610000133514404,4.715871031801821,1.0344756659083343,3.8863325117995133,1.0191833831275319,3.3637869286722664,1.0029885021789626
R150,1805.0,242194.5,362924.82414616906,6.114999771118164,4.696213788818998,1.034788034651183,3.8660126045369316,1.0194911342352795,3.345282730703814,1.0032913631043983
R150,1810.0,242197.0,362920.49401915015,6.617499828338623,4.676611129024716,1.0352775537960062,3.8458017586893725,1.0199734169941386,3.3268665036052045,1.0037659823632505
R150,1815.0,242199.5,362916.16389213124,5.875,4.657063052418976,1.0359442233428044,3.825699974256835,1.0206302314041087,3.308538247376438,1.004412359955519
R150,1820.0,242202.0,362911.83376511233,6.147500038146973,4.637569559001777,1.0367880432915773,3.80570725123932,1.0214615774651898,3.2902979620175126,1.0052304958812044
R150,1825.0,242204.5,362907.5036380934,6.072500228881836,4.618088343503179,1.0368953766598996,3.785925962890416,1.0215673241628254,3.2723368228622265,1.0053345622578975
R150,1830.0,242207.0,362903.17351107445,5.889999866485596,4.59863283932112,1.036539791765263,3.7663316485733196,1.0212169957521744,3.254605280083126,1.0049898005852747
R150,1835.0,242209.5,362898.84338405554,5.987500190734863,4.579234715040686,1.0364007686857573,3.746849835905235,1.021080027801004,3.2369632214923643,1.004855009062502
R150,1840.0,242212.0,362894.5132570366,6.002500057220459,4.560041378320549,1.0365605464441887,3.7276899311135026,1.0212374436221379,3.219583913389875,1.0050099235374326
R150,1845.0,242214.5,362890.1831300177,6.632500171661377,4.540930715123722,1.036943590350513,3.7086861333182304,1.0216148251277677,3.2023287764625294,1.0053813084298335
R150,1850.0,242217.0,362885.8530029988,6.267499923706055,4.521805880671752,1.036228846440278,3.689975438307559,1.0209106470204456,3.1854807426188283,1.0046883197520038
R150,1855.0,242219.5,362881.52287597983,6.150000095367432,4.502725980389846,1.0357100247853297,3.6713797830663486,1.0203994949199715,3.1687291518240785,1.0041852898869807
R150,1860.0,242222.0,362877.1927489609,6.192500114440918,4.483693671410139,1.0354456126675342,3.6528908463721312,1.0201389915116974,3.1520596000323695,1.0039289258924249
R150,1865.0,242224.5,362872.862621942,6.005000114440918,4.464708953732398,1.0354356100868496,3.634508628224677,1.020129136795583,3.1354720872435,1.0039192277682956
R150,1870.0,242227.0,362868.5324949231,6.635000228881836,4.445755359890144,1.035324532268698,3.6163107089229425,1.0200197010009904,3.119088294727678,1.0038115309145932
R150,1875.0,242229.5,362864.2023679042,6.21999979019165,4.4268186386756945,1.0348181089950061,3.5983729658440304,1.0195207640009525,3.103024844896943,1.0033205220513766
R150,1880.0,242232.0,362859.8722408852,5.71999979019165,4.408046541807198,1.034498703981213,3.5807150401305,1.0192060806369438,3.087185165030623,1.0030108390236112
R150,1885.0,242234.5,362855.5421138663,6.067500114440918,4.389343508556675,1.0344183717576696,3.5631991554449343,1.0191269359358608,3.071454879410228,1.0029329519362487
R150,1890.0,242237.0,362851.2119868474,6.3125,4.37067976508737,1.0346050024468578,3.5457816822702566,1.019310807730507,3.055797892654506,1.0031139019977928
R150,1895.0,242239.5,362846.8818598285,6.34499979019165,4.352031754426884,1.0346114860498679,3.528655754540532,1.0193171954887474,3.0404901569694722,1.003120188254191
R150,1900.0,242242.0,362842.5517328096,6.4375,4.3334153041606385,1.0347504930511968,3.5117033856242577,1.0194541475994339,3.0253622654546666,1.0032549641881745
R150,1905.0,242244.5,362838.22160579066,6.65749979019165,4.314839802819299,1.0352022128052847,3.494849519216886,1.0198991897423988,3.010306842288342,1.0036929345865984
R150,1910.0,242247.0,362833.8914787717,5.784999847412109,4.296305250402632,1.0359666453120902,3.4780941553182028,1.0206523219176016,2.995323887470312,1.004434099449422
R150,1915.0,242249.5,362829.5613517528,4.875,4.277810103564977,1.0370289834800102,3.46146891899326,1.0216989559213638,2.980455130909086,1.00546410238034
R150,1920.0,242252.0,362825.23122473387,4.442500114440918,4.259430774649772,1.0378315136156377,3.445344745591691,1.022489622541805,2.9661310543218287,1.006242205263969
R150,1925.0,242254.5,362820.90109771496,4.269999980926514,4.241107027223534,1.0387787504083146,3.4293342729728606,1.0234228566726782,2.951891512638431,1.007160610252318
R150,1930.0,242257.0,362816.57097069605,4.212500095367432,4.222815934740815,1.0399758592367319,3.4134051984509153,1.0246022690705952,2.937709396748127,1.0083212817212834
R150,1935.0,242259.5,362812.2408436771,4.170000076293945,4.2045574972013835,1.041422840100855,3.3975575220256466,1.026027859735522,2.923584706650741,1.0097242196708316
R150,1940.0,242262.0,362807.91071665817,4.264999866485596,4.186334766342022,1.0432599088074408,3.3819599514664933,1.0278377717142284,2.909727962378463,1.0115053720469946
R150,1945.0,242264.5,362803.58058963926,4.017499923706055,4.168148613250767,1.0454855825471903,3.3666195124088554,1.0300305441172526,2.896149933052766,1.0136633011739271
R150,1950.0,242267.0,362799.25046262034,3.9774999618530273,4.149995991609175,1.047945405801274,3.351353439098874,1.03245400468631,2.8826232554850604,1.0160482528190364
R150,1955.0,242269.5,362794.92033560143,4.072500228881836,4.131876901417245,1.0506393785696928,3.3361617315365475,1.035108153421401,2.8691479296753455,1.018660226982323
R150,1960.0,242272.0,362790.59020858246,4.050000190734863,4.113854199550779,1.0528388878815762,3.3211253561209295,1.0372751481759135,2.855794269335299,1.0207927880690202
R150,1965.0,242274.5,362786.26008156355,4.202499866485596,4.095900457115469,1.0555437321954233,3.3064969757452793,1.0399400077462784,2.8428916291746034,1.0234153028718098
R150,1970.0,242277.0,362781.92995454464,4.177499771118164,4.077976009519115,1.0584517198327987,3.2919718161164915,1.0428050076452693,2.8300834791413942,1.0262347777622132
R150,1975.0,242279.5,362777.59982752573,4.119999885559082,4.060076468090898,1.0614778565224916,3.2774978269088137,1.0457864100415077,2.817307344823207,1.0291688055076746
R150,1980.0,242282.0,362773.2697005068,4.057499885559082,4.042201832830818,1.0646221422645026,3.263075008122245,1.048884214934993,2.804563226220042,1.0322173861081934
R150,1985.0,242284.5,362768.9395734879,4.385000228881836,4.024367723666462,1.0680772049315452,3.2488010903121807,1.0522882026496763,2.791966297550572,1.0355672842677621
R150,1990.0,242287.0,362764.60944646894,4.340000152587891,4.006607384090617,1.0722056940589015,3.2348729934356437,1.0563556618028112,2.7797512947818683,1.0395701112675302
R150,1995.0,242289.5,362760.27931945,4.337500095367432,3.9888730772196936,1.076390209737462,3.22098531881678,1.060478319286736,2.7675599279378127,1.043627259493526
R150,2000.0,242292.0,362755.9491924311,4.369999885559082,3.9712011637676645,1.0798254619435417,3.2071899641450163,1.0638627893913961,2.7554389497815857,1.046957950178987
R150,2005.0,242294.5,362751.6190654122,4.732500076293945,3.9535554318701864,1.0830908917395883,3.1934381161441348,1.06707994750981,2.743344594852311,1.0501239874750177
R150,2010.0,242297.0,362747.2889383933,5.3125,3.935989108849621,1.0868928262676278,3.179971541305031,1.0708256794031625,2.7315636490433586,1.0538101994791487
R150,2015.0,242299.5,362742.9588113743,5.147500038146973,3.918478046465997,1.090985900091526,3.16667984723399,1.0748582467845704,2.7199701110504293,1.0577786891393919
R150,2020.0,242302.0,362738.6286843554,5.25,3.9009847460526306,1.095057498938625,3.153408556344295,1.0788696566460605,2.7083839135703913,1.0617263574738915
R150,2025.0,242304.5,362734.2985573365,5.482500076293945,3.8835092076092925,1.0991076228089365,3.1401576686357626,1.0828599089876443,2.6968050566030923,1.0656532044826592
R150,2030.0,242307.0,362729.9684303176,6.137499809265137,3.8660524702359065,1.1031419109436598,3.1269302438613362,1.0868345596876403,2.685237103329604,1.0695646977607969
R150,2035.0,242309.5,362725.6383032987,7.904828071594238,3.8487561963930674,1.1078980227993431,3.11413594353562,1.0915203636473871,2.674159014083367,1.074176044033625
R150,2040.0,242312.0,362721.3081762797,8.005000114440918,3.831487859680657,1.1118317650482907,3.101385491286902,1.095395954795378,2.6631118417326705,1.0779900518215775
R150,2045.0,242314.5,362716.9780492608,7.349999904632568,3.814232726869016,1.1155176628311638,3.088648103844955,1.099027365273155,2.652067227134866,1.081563758983818
R150,2050.0,242317.0,362712.6479222419,9.389999389648438,3.7969878677193245,1.1191449120556571,3.0759151635867736,1.1026009941731587,2.6410172154069413,1.085080602720787
R150,2055.0,242319.5,362708.317795223,8.572500228881836,3.7798267701204775,1.1229790838104523,3.0633533499784384,1.1063784867419049,2.6301558575713644,1.0887980707214038
R150,2060.0,242322.0,362703.98766820406,8.612500190734863,3.7627942529209095,1.1271549767266649,3.051055598352937,1.1104926489306863,2.619593355444043,1.0928468586429696
R150,2065.0,242324.5,362699.65754118515,9.447500228881836,3.745775799169091,1.1312467833514612,3.0387583302458605,1.1145239678455434,2.609023729576806,1.0968141196748655
R150,2070.0,242327.0,362695.3274141662,10.295000076293945,3.728771408864799,1.1352545036848691,3.02646154565704,1.1184724434865032,2.598446979969516,1.1006998538171178
R150,2075.0,242329.49999999997,362690.9972871473,10.102499961853027,3.7117810820084824,1.1391781377268113,3.014165244586809,1.1223380758534895,2.58786310662245,1.1045040610696522
R150,2080.0,242331.99999999997,362686.66716012836,8.994999885559082,3.6949660157116866,1.1427974169471666,3.0022207052472685,1.1259038525670695,2.577678408952579,1.1080131773918784
R150,2085.0,242334.49999999997,362682.33703310945,9.524999618530273,3.6782107771282746,1.1463086381653032,2.990374180829189,1.1293631686611263,2.5676030483043757,1.1114175247597784
R150,2090.0,242336.99999999997,362678.00690609054,9.305000305175781,3.661465764831061,1.1497454829755318,2.9785203427413727,1.132749207827041,2.5575155337190116,1.1147497595740217
R150,2095.0,242339.49999999997,362673.67677907157,10.357500076293945,3.6447309788198248,1.1531079513778855,2.966659190983655,1.1360619700648455,2.5474158651963554,1.1180098818346393
R150,2100.0,242341.99999999997,362669.34665205266,11.322500228881836,3.6280491431542803,1.1564725360470751,2.95485969032214,1.1393768172854724,2.53738370471904,1.1212720559475864
R150,2105.0,242344.49999999997,362665.01652503374,11.345000267028809,3.6116215427177565,1.1601932615961665,2.9434419969544723,1.1430425406830917,2.527789769763368,1.1248795307954542
R150,2110.0,242346.99999999997,362660.68639801483,10.142499923706055,3.595210381437216,1.1638396929807113,2.9320187538505147,1.1466350681801556,2.5181872849007325,1.128414972829719
R150,2115.0,242349.49999999997,362656.3562709959,8.802499771118164,3.5788156593126574,1.1674118302007095,2.9205899610102657,1.1501543997766646,2.5085762501311337,1.1318783820503804
R150,2120.0,242351.99999999997,362652.02614397695,9.717499732971191,3.5623910051865875,1.170317157926118,2.9091507974528126,1.1530167790842136,2.4989547997781503,1.1346952779906851
R150,2125.0,242354.49999999997,362647.69601695804,9.772500038146973,3.5461388963598712,1.1732520468087748,2.897951339467836,1.1559082825570253,2.489608690797797,1.137540835311638
R150,2130.0,242356.99999999997,362643.36588993913,9.377500534057617,3.5300553635014063,1.176347691112627,2.8869658466781907,1.1589581650612901,2.4805083296095822,1.1405422550123792
R150,2135.0,242359.49999999997,362639.0357629202,9.829999923706055,3.5139894169601193,1.1794054683532382,2.8759749076825196,1.1619707402775306,2.471402088090671,1.1435069602399885
R150,2140.0,242361.99999999997,362634.7056359013,10.337499618530273,3.497941056736011,1.1824253785306091,2.864978522480823,1.1649460082057466,2.4622899662410638,1.146434950994467
R150,2145.0,242364.49999999997,362630.3755088824,10.112500190734863,3.48191028282908,1.1854074216447397,2.8539766910730995,1.1678839688459381,2.4531719640607594,1.1493262272758131
R150,2150.0,242366.99999999997,362626.0453818634,10.293499946594238,3.466227798185269,1.1886764343160297,2.843408877643496,1.1711046568752363,2.444548420480936,1.152495738392246
R150,2155.0,242369.49999999997,362621.7152548445,9.257499694824219,3.4506012322997637,1.1919507649065835,2.8328822549507313,1.1743305842109055,2.4359727155957804,1.155670405562178
R150,2160.0,242371.99999999997,362617.3851278256,9.487500190734863,3.434938377276953,1.1946844315866656,2.822341713126785,1.1770238400767998,2.427391561574248,1.158320865441773
R150,2165.0,242374.49999999997,362613.0550008067,9.142499923706055,3.4192826915044163,1.1972927199476722,2.8117967231571632,1.1795935710463472,2.4188098759678396,1.1608497632425296
R150,2170.0,242376.99999999997,362608.7248737878,7.525000095367432,3.403761882271207,1.199986606306841,2.801391841931741,1.1822476346495474,2.410388457578395,1.1634616536266749
R150,2175.0,242379.49999999997,362604.3947467688,6.347499847412109,3.3885380747437317,1.2028856661005671,2.791328170015674,1.1851038386820005,2.402354241030059,1.1662724724173497
R150,2180.0,242381.99999999997,362600.0646197499,5.78000020980835,3.3733439068528304,1.2058060646476927,2.7812694808993226,1.1879810660247143,2.394328245003472,1.16910398045671
R150,2185.0,242384.49999999997,362595.734492731,5.257500171661377,3.3581793785983054,1.2087478019482676,2.771215774582548,1.1908793166777372,2.38631046949853,1.171956177744803
R150,2190.0,242386.99999999997,362591.4043657121,5.489999771118164,3.343044489980156,1.211710878002291,2.761167051065351,1.1937985906410695,2.378300914515235,1.1748290642816293
R150,2195.0,242389.49999999997,362587.07423869317,6.764999866485596,3.3282045203439976,1.2148119108607713,2.7514398038699253,1.1968537820428915,2.370652830972394,1.177835708521249
R150,2200.0,242391.99999999997,362582.7441116742,7.677499771118164,3.3134640063932816,1.2175764800293278,2.7418633473862215,1.1995774835768556,2.3631906687203497,1.1805161302855458
R150,2205.0,242394.49999999997,362578.4139846553,6.927499771118164,3.298743839009512,1.2202995525086335,2.73229617651543,1.2022603018522449,2.35574642608169,1.1831563184285327
R150,2210.0,242396.99999999997,362574.0838576364,6.625,3.2840596435954135,1.2230905829011833,2.7227410378600334,1.2050100734434175,2.348319583443232,1.1858623959953716
R150,2215.0,242399.49999999997,362569.75373061746,6.039999961853027,3.269433423447331,1.2259527352371367,2.7132231490297483,1.20782991560781,2.3409379577548224,1.1886374307101046
R150,2220.0,242401.99999999997,362565.42360359855,7.21750020980835,3.255210146428367,1.2289390589651248,2.7041372095309972,1.210772093583079,2.334036951612771,1.1915328573128385
R150,2225.0,242404.49999999997,362561.09347657964,7.022500038146973,3.2410268020352984,1.2320004270182707,2.695066588002654,1.2137882065301586,2.327157005657253,1.1945010440565476
R150,2230.0,242406.99999999997,362556.7633495607,8.877500534057617,3.226883390267937,1.2351368393966315,2.686011284444593,1.2168782544491057,2.3202981198881805,1.197541990941287
R150,2235.0,242409.49999999997,362552.43322254176,8.829999923706055,3.2127799111266566,1.2383482961000931,2.6769712988570653,1.2200422373398079,2.313460294305729,1.2006556979669463
R150,2240.0,242411.99999999997,362548.10309552285,8.949999809265137,3.198828325593689,1.2412921362529412,2.6681314414981814,1.2229425597593924,2.3068648138534686,1.2035099341011155
R150,2245.0,242414.49999999997,362543.77296850394,7.90500020980835,3.185115630590123,1.2442253191875141,2.6595421265305625,1.2258323825025372,2.300552264747082,1.2063538373992913
R150,2250.0,242416.99999999997,362539.442841485,7.362500190734863,3.1714462694674044,1.2472672996543974,2.6509722435280274,1.2288293944630893,2.29426618770562,1.2093032266722163
R150,2255.0,242419.49999999997,362535.11271446606,7.010000228881836,3.1578202422253527,1.2504180776536504,2.642421792490458,1.2319335956411064,2.2880065827290017,1.2123581019199476
R150,2260.0,242421.99999999997,362530.78258744715,8.204999923706055,3.144237548864326,1.253677653185156,2.6338907734180914,1.2351449860364732,2.281773449817387,1.2155184631423719
R150,2265.0,242424.49999999997,362526.45246042823,10.257499694824219,3.1309830714269618,1.2568821104516255,2.6256814944180076,1.2383020729603489,2.2758901392128816,1.2186253837785028
R150,2270.0,242426.99999999997,362522.1223334093,10.520000457763672,3.1178344342104873,1.260155489221747,2.6175575339760693,1.2415270625460053,2.2701035697830467,1.2217991280993217
R150,2275.0,242429.49999999997,362517.7922063904,9.757499694824219,3.104728758575824,1.2635335801543304,2.6094521231735603,1.2448552163717774,2.2643423049454716,1.225074397374713
R150,2280.0,242431.99999999997,362513.46207937144,8.399999618530273,3.091630979304281,1.2668145345692803,2.6013890479781883,1.2480876696142216,2.258657599959516,1.2282554867543962
R150,2285.0,242434.49999999997,362509.13195235253,7.050000190734863,3.078632543480877,1.2701083342635102,2.5934176161847713,1.2513327782487886,2.253082118449289,1.231449030431315
R150,2290.0,242436.99999999997,362504.8018253336,5.933712959289551,3.065933119198447,1.2732674318040937,2.585726298397762,1.254445175983339,2.247806377965411,1.2345119719918394
R150,2295.0,242439.49999999997,362500.4716983147,5.2154860496521,3.0532749900761336,1.2765459938749621,2.578052106073077,1.2576752722468647,2.242554856403707,1.2376907418451333
R150,2300.0,242441.99999999997,362496.1415712958,5.037499904632568,3.0406581561139365,1.2799440204761159,2.570395039210716,1.2610230670393663,2.2373275537641764,1.2409853399911963
R150,2305.0,242444.49999999997,362491.8114442769,5.667500019073486,3.0280826173118562,1.2834615116075545,2.5627550978106797,1.2644885603608433,2.232124470046819,1.2443957664300287
R150,2310.0,242446.99999999997,362487.4813172579,3.7049999237060547,3.0157196292741313,1.2868438214827096,2.555299471062525,1.2678208707620706,2.2271158014757098,1.2476751262326602
R150,2315.0,242449.49999999997,362483.151190239,2.8450000286102295,3.003518708986248,1.2901536754763465,2.547978522851245,1.2710817963710928,2.2222505183986074,1.250884235551426
R150,2320.0,242451.99999999997,362478.8210632201,2.822499990463257,2.991333035553295,1.2934633104475932,2.5407081901632185,1.2743425061954539,2.2174754448636,1.2540931325143616
R150,2325.0,242454.49999999997,362474.4909362012,4.147500038146973,2.979178379487953,1.2968666571350305,2.5334594788787608,1.2776955424293126,2.2127370855255672,1.2573928888149852
R150,2330.0,242456.99999999997,362470.16080918227,4.09499979019165,2.96706032971938,1.3003922495148337,2.5262230188604047,1.2811690172413062,2.20801781539192,1.260811169918003
R150,2335.0,242459.49999999997,362465.8306821633,6.255000114440918,2.955239859785772,1.3035241666669848,2.5192422161798804,1.284254636385358,2.2035568220487387,1.263847758401329
R150,2340.0,242461.99999999997,362461.5005551444,7.329999923706055,2.9434623694965025,1.306744375691747,2.5122790378299866,1.2874272422149304,2.1991192729965916,1.266969951346879
R150,2345.0,242464.49999999997,362457.1704281255,8.5600004196167,2.931717723331646,1.310072509566351,2.5053240197564195,1.290706177479993,2.194695850705064,1.2701967841472441
R150,2350.0,242466.99999999997,362452.84030110657,6.447500228881836,2.920005921291203,1.3135085682907968,2.4983771619591773,1.2940914421805456,2.190286555174156,1.2735282568024244
R150,2355.0,242469.49999999997,362448.51017408766,5.177499771118164,2.908414776945116,1.3168449413220416,2.491516913606903,1.297378494805751,2.18596556737826,1.276763077977626
R150,2360.0,242471.99999999997,362444.1800470687,4.162499904632568,2.897002541812483,1.3198405610375168,2.4848520634158224,1.3003298313492555,2.1818745356413967,1.2796675176184356
R150,2365.0,242474.49999999997,362439.8499200498,2.7774999141693115,2.8856117747245005,1.3229243321521436,2.4781984301740363,1.3033680161813899,2.177809152675245,1.2826574255237138
R150,2370.0,242476.99999999997,362435.51979303086,2.6875,2.8742468834529022,1.3261078279511533,2.471545621732216,1.306504451503661,2.1737497026329,1.285744022713346
R150,2375.0,242479.49999999997,362431.18966601195,2.7200000286102295,2.862907867997686,1.329391048434546,2.464893638090361,1.309739137316068,2.16969618551436,1.2889273091873332
R150,2380.0,242481.99999999997,362426.85953899304,2.7799999713897705,2.851771097173561,1.3322950764669519,2.4583938568893067,1.3126002361435054,2.165785552081437,1.2917429449944309
R150,2385.0,242484.49999999997,362422.52941197413,2.6624999046325684,2.8407244201642445,1.3351069638743929,2.4519496858358463,1.3153705564277933,2.1619294401505935,1.294469244734505
R150,2390.0,242486.99999999997,362418.19928495516,2.692500114440918,2.829700612066792,1.3380064705996912,2.4455033726468782,1.318227200784985,2.1580754461093283,1.297280496853138
R150,2395.0,242489.49999999997,362413.86915793625,2.682499885559082,2.8186996728815004,1.3409935966427644,2.4390549173225913,1.3211701692149989,2.1542235699577508,1.3001767013502494
R150,2400.0,242491.99999999997,362409.53903091734,2.7074999809265137,2.807723957326747,1.3439844002319095,2.4326591221042224,1.324116760827239,2.150465520351425,1.3030764714570193
R150,2405.0,242494.49999999997,362405.2089038984,2.674999952316284,2.79697255535261,1.3464346740573505,2.426440735022646,1.3265308131334277,2.146875253887613,1.3054521643370869
R150,2410.0,242496.99999999997,362400.8787768795,2.672499895095825,2.786237433039774,1.3489609978606303,2.4202133644423367,1.3290197911979058,2.1432791372326525,1.3079015924009552
R150,2415.0,242499.49999999997,362396.54864986055,2.672499895095825,2.7755185903880943,1.3515633716417845,2.413977010363202,1.3315836950207078,2.1396771703864905,1.3104247556486588
R150,2420.0,242501.99999999997,362392.21852284163,2.7699999809265137,2.7648160273978624,1.354241795400742,2.4077316727854274,1.3342225246017647,2.1360693533492343,1.3130216540801287
R150,2425.0,242504.49999999997,362387.8883958227,2.8524999618530273,2.7542444606150287,1.3566466083004804,2.4015705522448796,1.3365917880148126,2.132533696403487,1.3153532697650716
R150,2430.0,242506.99999999997,362383.5582688038,3.549999952316284,2.7438085004768666,1.3587540040944928,2.395497461565486,1.338668030932549,2.1290727210212745,1.3173965210667569
R150,2435.0,242509.49999999997,362379.2281417849,3.7074999809265137,2.7333872092708194,1.360929246925036,2.389414168987596,1.3408111179284057,2.1256039749887305,1.3195055542904242
R150,2440.0,242511.99999999997,362374.89801476593,3.2274999618530273,2.7229491759503173,1.3631745542466314,2.383342630423827,1.3430232336770707,2.1221899773335626,1.3216825193961579
R150,2445.0,242514.49999999997,362370.567887747,3.127500057220459,2.7125141268033164,1.365484139050829,2.3772620415906505,1.345298676717364,2.1187789943361763,1.323921805519315
R150,2450.0,242516.99999999997,362366.2377607281,3.1075000762939453,2.7022945922437436,1.3672225355666743,2.3713306849126385,1.347011375140933,2.1154882498991046,1.3256072890691735
R150,2455.0,242519.49999999997,362361.9076337092,3.6500000953674316,2.692115828730616,1.3689226203573799,2.365409015034688,1.348686328187855,2.112203827446306,1.3272556270185305
R150,2460.0,242521.99999999997,362357.5775066903,4.065000057220459,2.681946835061838,1.3706797526785364,2.3594722329174456,1.3504174854520439,2.10890554598378,1.3289592760969993
R150,2465.0,242524.49999999997,362353.2473796714,8.260000228881836,2.6717876112374075,1.3724939325301437,2.353520338560913,1.352204846933499,2.105593405511526,1.3307182363045795
R150,2470.0,242526.99999999997,362348.9172526524,7.962500095367432,2.6616978838614758,1.3741816618750742,2.347600724648986,1.3538676271807697,2.1023050987896634,1.332354594880752
R150,2475.0,242529.49999999997,362344.5871256335,4.987500190734863,2.6517968158548957,1.3753731783418404,2.3418083017880003,1.3550415298869034,2.0991158151987124,1.333509844207251
R150,2480.0,242531.99999999997,362340.2569986146,3.674999952316284,2.6418637576187702,1.3766187388271058,2.336009290572208,1.3562686776981907,2.0959610642215822,1.3347174925712069
R150,2485.0,242534.49999999997,362335.9268715957,2.822499990463257,2.6319267413632974,1.3779120554340953,2.33019402115384,1.3575428756695809,2.092800261847909,1.3359714434655905
R150,2490.0,242536.99999999997,362331.59674457676,2.5,2.6219957770686513,1.3792521534713114,2.3243600419188475,1.358863163518091,2.0896207891760037,1.3372707518663693
R150,2495.0,242539.49999999997,362327.2666175578,2.2125000953674316,2.6122240957333203,1.3801746993265938,2.3186286328369525,1.3597720717088306,2.086517649955424,1.3381652174551417
R150,2500.0,242541.99999999997,362322.9364905389,2.0924999713897705,2.60254827527414,1.3808703446055897,2.3129502710407817,1.3604574335131323,2.0834518948865988,1.3388396888220555
R150,2505.0,242544.49999999997,362318.60636351997,2.130000114440918,2.592878870704015,1.381609786036707,2.30725431473084,1.3611859440467453,2.0803681519987958,1.3395566232825593
R150,2510.0,242546.99999999997,362314.27623650106,2.117500066757202,2.5832158820229445,1.3823930236199464,2.3015407639071284,1.3619576033096696,2.0772664212920153,1.3403160208366534
R150,2515.0,242549.49999999997,362309.94610948215,2.0999999046325684,2.573562373689417,1.3832109160124242,2.295812038590401,1.3627634050922155,2.074148579302563,1.3411090183838226
R150,2520.0,242551.99999999997,362305.6159824632,2.0374999046325684,,,,,,
R150,2525.0,242554.49999999997,362301.28585544426,2.0950000286102295,,,,,,
R150,2530.0,242556.99999999997,362296.95572842535,2.0799999237060547,,,,,,
R150,2535.0,242559.49999999997,362292.62560140644,2.0850000381469727,,,,,,
R150,2540.0,242561.99999999997,362288.29547438753,2.1875,,,,,,
R150,2545.0,242564.49999999997,362283.9653473686,2.125,,,,,,
R150,2550.0,242566.99999999997,362279.63522034965,2.1164441108703613,,,,,,
R150,2555.0,242569.49999999997,362275.30509333074,2.059999942779541,,,,,,
R150,2560.0,242571.99999999997,362270.9749663118,2.0625,,,,,,
R150,2565.0,242574.49999999997,362266.6448392929,2.0799999237060547,,,,,,
R150,2570.0,242576.99999999997,362262.314712274,2.075000047683716,,,,,,
R150,2575.0,242579.49999999997,362257.98458525504,2.0924999713897705,,,,,,
R150,2580.0,242581.99999999997,362253.6544582361,2.0975000858306885,,,,,,
R150,2585.0,242584.49999999997,362249.3243312172,2.119999885559082,,,,,,
R150,2590.0,242586.99999999997,362244.9942041983,2.137500047683716,,,,,,
R150,2595.0,242589.49999999997,362240.6640771794,2.1649999618530273,,,,,,
R175,0.0,241292.0,364488.0,14.732500076293945,14.12499191110089,0.22402237743533593,13.340789389631354,0.22071073499381735,12.708470692735196,0.21720362905634327
R175,5.0,241292.43577871373,364483.01902650954,14.6875,14.067342063717378,0.2864219569395826,13.284448688685531,0.2821878838878398,12.652785157022004,0.27770390261982414
R175,10.0,241292.87155742748,364478.0380530191,14.647500038146973,14.009638685470168,0.34676370010579605,13.228007962407256,0.34163761670060033,12.5969678349188,0.33620897585682136
R175,15.0,241293.3073361412,364473.05707952863,14.822500228881836,13.951881776359814,0.40504760693349084,13.17146721079708,0.39905993343162083,12.541018726426122,0.39271884876686414
R175,20.0,241293.74311485497,364468.0761060382,14.635000228881836,13.89445411241402,0.45541895720519804,13.11547055662656,0.4486866620938632,12.485767955250001,0.4415570059375712
R175,25.0,241294.1788935687,364463.0951325477,14.3149995803833,13.837614042788484,0.49546254482927393,13.06044807121395,0.4881382997217232,12.431767416749826,0.4803817548381459
R175,30.0,241294.61467228242,364458.11415905727,14.257499694824219,13.780767896533513,0.5349390254359403,13.00539867719593,0.527031213671851,12.37772590862761,0.5186566582114583
R175,35.0,241295.05045099618,364453.1331855668,14.395000457763672,13.723915673648824,0.5738483990252292,12.950322374572215,0.5653654039442783,12.323643430883077,0.5563817160575395
R175,40.0,241295.4862297099,364448.15221207635,14.5625,13.6671034989661,0.6076439773155582,12.895281332258438,0.5986613943199143,12.269598534264043,0.5891486312847802
R175,45.0,241295.92200842366,364443.1712385859,14.604999542236328,13.610378050141565,0.6334137487523328,12.840341277807132,0.6240502204667732,12.21567374840109,0.614134027564777
R175,50.0,241296.3577871374,364438.1902650954,14.607500076293945,13.553667810822208,0.6589823626163075,12.785407109485316,0.6492408626810942,12.161748674332074,0.6389243890660034
R175,55.0,241296.7935658511,364433.20929160493,14.59749984741211,13.496972781008973,0.6843498189069038,12.730478827293899,0.6742333209623079,12.107823312057885,0.6635197157878989
R175,60.0,241297.22934456487,364428.2283181145,14.4350004196167,13.440454245097964,0.7069550800267393,12.67571444456888,0.6965044166134441,12.054058599455217,0.6854369224840364
R175,65.0,241297.6651232786,364423.247344624,14.225000381469727,13.384248717467015,0.7247771869099552,12.62125024464096,0.7140630656817979,12.0005947942147,0.7027165636370225
R175,70.0,241298.10090199232,364418.26637113356,14.137499809265137,13.328066722948464,0.7424824678167573,12.566803829330446,0.7315066157702521,11.947144961561719,0.7198829347393346
R175,75.0,241298.53668070608,364413.2853976431,14.272500038146973,13.271908261542034,0.7600709227471255,12.512375198637061,0.7488350668787869,11.893709101495991,0.7369360357909532
R175,80.0,241298.9724594198,364408.30442415265,14.65999984741211,13.21608927238715,0.7759054445951014,12.458269614149128,0.7644355126687151,11.840590084723537,0.752288589625083
R175,85.0,241299.40823813356,364403.3234506622,14.387499809265137,13.160911588360344,0.7884715089635411,12.40477989430944,0.776815817413939,11.788079067454817,0.7644721706357328
R175,90.0,241299.8440168473,364398.34247717174,14.40999984741211,13.105765791671843,0.8009512982743996,12.351317801144258,0.7891111224748183,11.735592729534844,0.7765721026117747
R175,95.0,241300.27979556101,364393.3615036813,14.09000015258789,13.050651882321372,0.8133448125276532,12.297883334653312,0.8013214278513299,11.683131070963345,0.7885883855531859
R175,100.0,241300.71557427477,364388.3805301908,14.2524995803833,12.996054056442881,0.8245872895417596,12.244945532574606,0.8123977113594282,11.631157409961023,0.7994886662970723
R175,105.0,241301.1513529885,364383.3995567004,14.267499923706055,12.942501650443663,0.8335456908648992,12.193017878301758,0.8212236838484089,11.580179234000642,0.8081743935897421
R175,110.0,241301.58713170225,364378.4185832099,14.232500076293945,12.888993953962343,0.8424363913411119,12.141131355975954,0.8299829562878045,11.529239478802202,0.8167944807003438
R175,115.0,241302.02291041598,364373.43760971946,14.0625,12.835530966999457,0.8512593909704739,12.08928596559774,0.8386755286776901,11.478338144366244,0.8253489276289514
R175,120.0,241302.4586891297,364368.456636229,14.055000305175781,12.782756401455524,0.8593589736698173,12.038106958877979,0.846655378150609,11.428092342488107,0.8332019768475899
R175,125.0,241302.89446784346,364363.47566273855,14.114999771118164,12.731472981425942,0.8659427165801036,11.988374576805057,0.8531417959504779,11.37927223370208,0.8395853251059573
R175,130.0,241303.3302465572,364358.4946892481,14.454999923706055,12.680253608905797,0.8724776456745733,11.938702930331187,0.8595801215316644,11.330510012005908,0.8459213453336858
R175,135.0,241303.76602527095,364353.51371575764,14.125,12.629098283894571,0.8789637609531339,11.889092019455834,0.8659703548940769,11.281805677399058,0.8522100375306856
R175,140.0,241304.20180398467,364348.5327422672,14.182499885559082,12.57877157890325,0.8850438123887108,11.840285713160142,0.8719605271096772,11.233893566652457,0.8581050255748631
R175,145.0,241304.6375826984,364343.55176877667,14.260000228881836,12.530356423406,0.890234221127352,11.793338077779747,0.8770742078972934,11.187814198521362,0.8631374496888519
R175,150.0,241305.07336141216,364338.5707952862,13.987500190734863,12.482030871049625,0.8953985195990704,11.746476753889745,0.8821621643966995,11.141817903237676,0.8681445582750081
R175,155.0,241305.50914012588,364333.58982179576,13.9975004196167,12.433794921834107,0.9005367078040382,11.699701741490141,0.8872243966080645,11.095904680801414,0.8731263513334988
R175,160.0,241305.94491883964,364328.6088483053,14.130000114440918,12.386464369979171,0.9054837109344182,11.653807264592698,0.8920982699652387,11.050859288241337,0.8779227785705224
R175,165.0,241306.38069755337,364323.62787481485,13.954999923706055,12.34134693948591,0.9099946318123796,11.610066897024732,0.8965425075175494,11.007939998255495,0.8822963969396412
R175,170.0,241306.8164762671,364318.6469013244,13.949999809265137,12.296347858810874,0.9145044534197752,11.566441495135617,0.9009856620494165,10.965131905528768,0.8866689494975721
R175,175.0,241307.25225498085,364313.66592783394,13.84749984741211,12.25146712795383,0.9190131757565514,11.52293105892512,0.905427733560788,10.922435010060916,0.8910404362442634
R175,180.0,241307.68803369458,364308.6849543435,14.125,12.207486644802755,0.9234410431220798,11.480296613691367,0.9097901453509556,10.8806026032133,0.8953335290671746
R175,185.0,241308.1238124083,364303.703980853,14.292499542236328,12.165821384010659,0.9276600476598078,11.43991577174095,0.9139467818576047,10.840998125691838,0.8994241163873273
R175,190.0,241308.55959112206,364298.72300736257,13.977499961853027,12.124301673104135,0.9319010063099633,11.399677018301183,0.9181250479369103,10.80153142113338,0.9035359895850175
R175,195.0,241308.9953698358,364293.7420338721,13.5625,12.082927512083621,0.9361639190726502,11.359580353372523,0.9223249435889749,10.762202489538378,0.9076691486603461
R175,200.0,241309.43114854954,364288.76106038166,13.664999961853027,12.042374110228026,0.9403671757392988,11.320282123934222,0.9264660650196751,10.723663024949717,0.9117444674399744
R175,205.0,241309.86692726327,364283.7800868912,13.53499984741211,12.004019045224041,0.9443565754882988,11.283121823990369,0.9303964909028466,10.687242829923497,0.9156124386361055
R175,210.0,241310.302705977,364278.79911340075,13.635000228881836,11.965877150224838,0.9482932374499606,11.24618371094985,0.9342749586024777,10.65104585069025,0.9194292772671374
R175,215.0,241310.73848469075,364273.8181399103,13.960000038146973,11.927931158011114,0.9522403604240979,11.209442443884274,0.9381637326731886,10.61504239685951,0.9232562585004364
R175,220.0,241311.17426340448,364268.83716641983,13.880000114440918,11.890691932397749,0.9561087334666133,11.173387120337825,0.9419749209442762,10.579717879834732,0.9270068867768058
R175,225.0,241311.61004211823,364263.8561929294,14.03499984741211,11.855377345606303,0.9596041647202193,11.139199076027044,0.9454186804911769,10.546251354492675,0.9303959247919584
R175,230.0,241312.04582083196,364258.8752194389,14.387499809265137,11.82025379130458,0.9631630825721436,11.105197706953572,0.9489249881367802,10.512965195505586,0.9338465170130286
R175,235.0,241312.4815995457,364253.89424594847,15.292499542236328,11.785321269492398,0.9667854870223332,11.071383013117224,0.9524938438810338,10.479859402873275,0.9373586634399644
R175,240.0,241312.91737825944,364248.91327245795,15.759499549865723,11.750958925689444,0.9702769936958053,11.038120893919668,0.9559337368634606,10.44730252168696,0.94074389633057
R175,245.0,241313.35315697317,364243.9322989675,16.940000534057617,11.718148796875287,0.9731355202240831,11.006359496242933,0.9587500068191818,10.416249481801826,0.9435154155992331
R175,250.0,241313.78893568693,364238.95132547704,16.610000610351562,11.685533853070522,0.9760577010049162,10.974789469322067,0.9616289900494701,10.385381418313187,0.9463486516250244
R175,255.0,241314.22471440065,364233.9703519866,15.697500228881836,11.653114094275447,0.9790435360383868,10.943410813157366,0.9645706865544066,10.35469833122135,0.9492436044080231
R175,260.0,241314.66049311438,364228.98937849613,15.6850004196167,11.6211389332779,0.9818498774251141,10.912462190284021,0.9673355428028102,10.324444412920961,0.9519645269360528
R175,265.0,241315.09627182814,364224.0084050057,15.675000190734863,11.590337696506296,0.9837612577526934,10.882641849908122,0.9692186678804559,10.29533410877287,0.9538177290509273
R175,270.0,241315.53205054186,364219.0274315152,15.47249984741211,11.559729799413502,0.9857306748635459,10.853011710371636,0.9711589718044199,10.266407613224896,0.9557272014370557
R175,275.0,241315.96782925562,364214.04645802476,14.984999656677246,11.52931524199928,0.9877581287576054,10.823571771674317,0.9731564545746378,10.237664926276782,0.9576929440943738
R175,280.0,241316.40360796935,364209.0654845343,14.617500305175781,11.499243978315604,0.9895751115326465,10.794463241331522,0.9749465775449117,10.20925476809881,0.959454621910563
R175,285.0,241316.83938668307,364204.08451104385,14.352499961853027,11.47001255758232,0.9902827022398443,10.76615400128247,0.9756437081924352,10.181670059666827,0.9601406751131217
R175,290.0,241317.27516539683,364199.1035375534,14.289999961853027,11.44096976331717,0.991040266704292,10.738031021405886,0.9763900738530766,10.154265255959425,0.9608751809816872
R175,295.0,241317.71094411056,364194.12256406294,14.032500267028809,11.412115595520346,0.9918478049260414,10.71009430170197,0.9771856745268871,10.12704035697682,0.9616581395163093
R175,300.0,241318.14672282428,364189.1415905725,14.282500267028809,11.383529089066895,0.9924332416136847,10.68241568743815,0.9777624569139204,10.100075837888058,0.9622257567989663
R175,305.0,241318.58250153804,364184.16061708203,14.399999618530273,11.35550753617624,0.991756851358805,10.655265632110257,0.9770960654936102,10.073674992927947,0.9615699543755862
R175,310.0,241319.01828025177,364179.1796435916,13.887499809265137,11.327669077638848,0.9911216619932841,10.628297158180297,0.9764702659046864,10.047449416580257,0.9609540987771229
R175,315.0,241319.45405896552,364174.1986701011,13.447500228881836,11.300013713454588,0.9905276735170834,10.60151026564812,0.9758850581471112,10.021399108844829,0.9603781900035383
R175,320.0,241319.88983767925,364169.21769661066,13.5024995803833,11.272571717593296,0.989715804309945,10.574929237624348,0.9750851905113086,9.995557381314075,0.9595910323091934
R175,325.0,241320.32561639298,364164.2367231202,13.0600004196167,11.245472295122791,0.9875494491906889,10.548657655672912,0.9729508598428872,9.97006726837978,0.9574906162744304
R175,330.0,241320.76139510673,364159.25574962975,13.307499885559082,11.218550775896222,0.9854153413732025,10.522563395587152,0.9708482997759379,9.944748207559238,0.9554214660045057
R175,335.0,241321.19717382046,364154.27477613924,13.427499771118164,11.191807159913372,0.983313480857493,10.496646457366882,0.9687775103104677,9.919600198852285,0.953383581499426
R175,340.0,241321.63295253422,364149.2938026488,13.619999885559082,11.165238150093625,0.98100935542416,10.470898434671001,0.9665074459371159,9.894623726540344,0.9511495885758932
R175,345.0,241322.06873124794,364144.3128291583,13.657500267028809,11.138824646930914,0.9773125675909663,10.445274986122888,0.962865306392729,9.869819409016952,0.9475653228325084
R175,350.0,241322.50450996167,364139.3318556679,13.552499771118164,11.112584775448035,0.9736386506059235,10.419825597539154,0.959245699604947,9.845182940202605,0.9440032317989662
R175,355.0,241322.94028867543,364134.3508821774,13.46500015258789,11.086518535644977,0.969987604469022,10.394550268919783,0.9556486255737604,9.820714320097277,0.940463315475257
R175,360.0,241323.37606738915,364129.36990868696,13.095000267028809,11.060598379151367,0.9661574303885516,10.369416857416239,0.9518750715831561,9.796389812899731,0.9367497234685525
R175,365.0,241323.8118461029,364124.3889351965,12.305000305175781,11.03465985278986,0.9609493783910548,10.344234383520991,0.9467440083506435,9.772068145701889,0.9317001931176953
R175,370.0,241324.24762481663,364119.40796170605,12.202500343322754,11.008891805678687,0.9557536965420419,10.319223890937613,0.9416251324031459,9.747912357977155,0.9266626563952126
R175,375.0,241324.68340353036,364114.4269882156,12.595000267028809,10.983294237817848,0.9505703848415044,10.294385379666089,0.9365184437406548,9.72392244972551,0.9216371133010962
R175,380.0,241325.11918224412,364109.44601472514,12.9375,10.957820324632216,0.9452354584634015,10.26966743358127,0.9312623816660058,9.700054777107088,0.9164645703466928
R175,385.0,241325.55496095784,364104.4650412347,12.762499809265137,10.932141501194966,0.9385955339526038,10.244709990513257,0.9247206127780656,9.676003736731625,0.9100267505321469
R175,390.0,241325.9907396716,364099.4840677442,12.625,10.9066309854213,0.9319554918092485,10.21992344254403,0.9181787279964886,9.652117708193892,0.9035888166655202
R175,395.0,241326.42651838533,364094.50309425377,12.952500343322754,10.881288777311166,0.9253153320333509,10.195307789673546,0.9116367273212886,9.628396691493869,0.8971507687468266
R175,400.0,241326.86229709905,364089.5221207633,13.167499542236328,10.856050943954461,0.9185527705325145,10.170793799644771,0.9049741343419546,9.604778630655678,0.8905940447424544
R175,405.0,241327.2980758128,364084.54114727286,13.135000228881836,10.830377980930505,0.9106295928982124,10.145797860931985,0.8971680822012406,9.580740586340395,0.8829120312067094
R175,410.0,241327.73385452654,364079.5601737824,13.077500343322754,10.80487151451027,0.902691322879595,10.120971972948503,0.8893471607815164,9.556867121553577,0.875215384665629
R175,415.0,241328.16963324026,364074.57920029195,13.857500076293945,10.77953154469379,0.8947379604766552,10.096316135694359,0.8815113700827748,9.533158236295241,0.8675041051192062
R175,420.0,241328.60541195402,364069.5982268015,13.822500228881836,10.754278068159882,0.8866906923110146,10.07174349709439,0.8735830617965467,9.50953384653501,0.8597017780949346
R175,425.0,241329.04119066775,364064.61725331104,13.817500114440918,10.728277689515007,0.8777211008382129,10.04634976735694,0.8647460645778493,9.485160420451052,0.851005201256136
R175,430.0,241329.4769693815,364059.6362798205,14.425000190734863,10.702440915171533,0.8687198394449634,10.02112377968025,0.8558778656037807,9.460949982173325,0.8422779184596033
R175,435.0,241329.91274809523,364054.65530633007,15.507499694824219,10.676767745129947,0.8596869081314936,9.996065534064806,0.8469784648745653,9.436902531702305,0.8335199297055577
R175,440.0,241330.34852680896,364049.6743328396,17.610000610351562,10.651233902038648,0.8504286323517087,9.971141903362096,0.8378570508654694,9.412983272322512,0.8245434554750611
R175,445.0,241330.7843055227,364044.69335934916,17.545000076293945,10.624545691704167,0.8405316540615163,9.944939973661635,0.8281063760561309,9.387871830918561,0.81494771943362
R175,450.0,241331.22008423644,364039.7123858587,18.197500228881836,10.598024268555246,0.8305530780835271,9.918910219105152,0.8182753097883523,9.362927150719464,0.805272869358508
R175,455.0,241331.6558629502,364034.73141236824,17.15999984741211,10.57166963259208,0.8204929044176792,9.893052639692833,0.8083638520620732,9.338149231725387,0.7955189052496653
R175,460.0,241332.09164166392,364029.7504388778,15.949999809265137,10.545381883015414,0.8103472532769855,9.867256409399213,0.7983681804438061,9.313433537180497,0.7856820654122862
R175,465.0,241332.52742037765,364024.76946538733,14.47249984741211,10.517361399800796,0.8000442116563922,9.839525189649688,0.7882174449926631,9.286897209412013,0.775692625715004
R175,470.0,241332.9631990914,364019.7884918969,14.3149995803833,10.48949721268778,0.7896553133884983,9.811954676619335,0.777982122082248,9.260517188297337,0.7656199426579061
R175,475.0,241333.39897780513,364014.8075184064,13.417499542236328,10.461789321676125,0.7791805584733874,9.784544870307927,0.7676622117126428,9.234293473836262,0.7554640162410737
R175,480.0,241333.8347565189,364009.82654491597,12.787500381469727,10.434146258196893,0.7686319660529609,9.757193197131546,0.757269555351084,9.208129052042263,0.7452364997701673
R175,485.0,241334.27053523262,364004.8455714255,12.274999618530273,10.404109692021647,0.7583484375299453,9.72714257007806,0.7471380445424001,9.179416202711272,0.7352659792346963
R175,490.0,241334.70631394634,363999.86459793505,11.5625,10.37420113448605,0.7480134455102814,9.697220356157226,0.7369558310034837,9.15082898103777,0.7252455616382112
R175,495.0,241335.1420926601,363994.8836244446,11.407500267028809,10.344420585590242,0.7376269899939154,9.667426555369188,0.726722914734282,9.122367387021892,0.7151752469806595
R175,500.0,241335.57787137383,363989.90265095414,11.22249984741211,10.314707469971127,0.7271922407351531,9.637692723246294,0.7164424186317593,9.093966782540582,0.7050581085359983
R175,505.0,241336.01365008758,363984.9216774637,11.385000228881836,10.282060043372297,0.7169036783050264,9.60462667548287,0.7063059483304213,9.06242316546748,0.6950827073144796
R175,510.0,241336.4494288013,363979.94070397323,11.4375,10.249494549194132,0.706639443186266,9.571636007273192,0.6961934457185295,9.03095418056927,0.6851308929344823
R175,515.0,241336.88520751504,363974.9597304828,11.375,10.217010987436783,0.6963995353788165,9.538720718617407,0.6861049107960292,8.999559827846078,0.6752026653959522
R175,520.0,241337.3209862288,363969.9787569923,11.265000343322754,10.184596352008473,0.6861776407268031,9.505866066263035,0.6760341227469482,8.968226285487885,0.6652919027320303
R175,525.0,241337.75676494252,363964.9977835018,11.255000114440918,10.14920294390246,0.674548128603389,9.469616921223837,0.6645765255307874,8.933713458661863,0.6540163673762092
R175,530.0,241338.19254365625,363960.01681001135,11.137499809265137,10.113843480898828,0.6630271018197552,9.433388034903565,0.6532258099545327,8.899221778161145,0.6428460153050608
R175,535.0,241338.62832237,363955.0358365209,11.09749984741211,10.078517962997298,0.6516145603757332,9.39717940730192,0.641981976018018,8.864751243985449,0.6317808465184214
R175,540.0,241339.06410108373,363950.05486303044,11.09749984741211,10.043226390197546,0.6403105042714092,9.360991038418588,0.6308450237213286,8.830301856134486,0.6208208610163748
R175,545.0,241339.49987979748,363945.07388954,11.055000305175781,10.00562470227001,0.6242380853482498,9.32216858220139,0.6150101976034347,8.79342922812525,0.6052376511707473
R175,550.0,241339.9356585112,363940.0929160495,11.149999618530273,9.967998527926904,0.6082947164757706,9.283300108563715,0.5993025138356005,8.756513860804326,0.5897795633761287
R175,555.0,241340.37143722494,363935.1119425591,11.762499809265137,9.930373794404106,0.5925351267030389,9.24441497614902,0.5837758924269866,8.719582774744204,0.5744996608497199
R175,560.0,241340.8072159387,363930.1309690686,12.072500228881836,9.892750501701784,0.576959316030041,9.205513184957464,0.5684303333775795,8.682635969945029,0.5593979435915077
R175,565.0,241341.24299465242,363925.14999557816,12.042499542236328,9.853863032526931,0.5519177871270389,9.165164419407027,0.5437589844164465,8.644402044651065,0.5351186237445237
R175,570.0,241341.67877336618,363920.1690220877,12.307499885559082,9.814929888396353,0.5269744403741988,9.124745775352629,0.5191843662139597,8.606099804682636,0.5109344975990224
R175,575.0,241342.1145520799,363915.18804859725,12.835000038146973,9.775985073544877,0.5023921809604035,9.084295682459,0.49496549752586944,8.567763339551547,0.48710046808824814
R175,580.0,241342.55033079363,363910.2070751068,12.927499771118164,9.737028587972674,0.478171008885651,9.043814140726301,0.47110237835217417,8.529392649257943,0.46361653521219914
R175,585.0,241342.9861095074,363905.22610161634,13.404999732971191,9.69810993743461,0.4438988055306556,9.003292635497456,0.4373368086900452,8.49083111150468,0.430387502339054
R175,590.0,241343.4218882211,363900.2451281259,13.647500038146973,9.659192082767522,0.4106745538877078,8.96274824448506,0.40460369924556594,8.452220759928146,0.39817452383300833
R175,595.0,241343.85766693487,363895.2641546354,14.0,9.620273095638971,0.3789740634953398,8.922181526641243,0.37337182583545425,8.41356822278936,0.3674389266368692
R175,600.0,241344.2934456486,363890.283181145,15.737500190734863,9.581352976048638,0.3487973343532326,8.881592481965708,0.3436411884593959,8.374873500088054,0.3381807107503272
R175,605.0,241344.72922436232,363885.3022076545,17.3799991607666,9.544904392919996,0.37317849650954826,8.843361122924158,0.36766193263803626,8.336990940719836,0.36181976396160603
R175,610.0,241345.16500307608,363880.32123416406,16.8125,9.508540573357891,0.3996462504235716,8.805192576802877,0.3937384232366772,8.299101208811706,0.3874818976673571
R175,615.0,241345.6007817898,363875.3402606736,14.8100004196167,9.472110618011982,0.4249266519131655,8.766941670835138,0.4186451136160567,8.26115232216462,0.41199281934468046
R175,620.0,241346.03656050356,363870.3592871831,13.914999961853027,9.435614526882132,0.449019700978876,8.728608405020754,0.44238200377671294,8.223144280778358,0.4353525289941057
R175,625.0,241346.4723392173,363865.37831369264,13.637499809265137,9.400718739415677,0.47626107416001584,8.691952201502275,0.469220677506771,8.18630612804566,0.46176473469835944
R175,630.0,241346.90811793102,363860.3973402022,13.677499771118164,9.36588563996457,0.5034103714415098,8.655348564086356,0.4959686364622218,8.14949235085404,0.48808766709082285
R175,635.0,241347.34389664477,363855.4163667117,13.452500343322754,9.330985653406472,0.5301589090963968,8.618660647090609,0.5223217600769192,8.11260695455156,0.5140220380981653
R175,640.0,241347.7796753585,363850.43539322127,13.4399995803833,9.296018779741082,0.5565066871245822,8.581888450514777,0.5482800483507699,8.075649939137977,0.5395678477202946
R175,645.0,241348.21545407223,363845.4544197308,12.757499694824219,9.26214283529424,0.5711742411861851,8.54642247524904,0.5627307772204875,8.04007049279998,0.5537889537004497
R175,650.0,241348.65123278598,363840.47344624036,13.59000015258789,9.228303095232906,0.5846430613288234,8.510995592691318,0.5760004926249058,8.004541121178939,0.5668478125852836
R175,655.0,241349.0870114997,363835.4924727499,14.237500190734863,9.194388302562235,0.5980064454859286,8.475474166711935,0.5891663306661559,7.968922233227831,0.5798044447240568
R175,660.0,241349.52279021346,363830.51149925945,15.132499694824219,9.160398457282497,0.6112643936575365,8.439858197311132,0.6022282913442732,7.9332138289468785,0.592658850116804
R175,665.0,241349.9585689272,363825.530525769,13.744999885559082,9.127449931634985,0.6142019283695789,8.405600946232894,0.6051224015340584,7.899007673942183,0.5955069727338965
R175,670.0,241350.39434764092,363820.54955227853,12.140000343322754,9.094523236966394,0.6163285447429948,8.371349522822326,0.6072175809002209,7.864778757251416,0.5975688595828149
R175,675.0,241350.83012635467,363815.5685787881,11.194999694824219,9.061513853268945,0.6184150295893501,8.336981119959821,0.6092732219892957,7.830432464050067,0.5995918364200792
R175,680.0,241351.2659050684,363810.5876052976,10.904999732971191,9.028423900595998,0.6204167703110286,8.302500804821923,0.6112453716956989,7.795978869487203,0.6015326485574101
R175,685.0,241351.70168378216,363805.60663180717,10.533499717712402,8.996325987756089,0.6126243971245982,8.269436136901522,0.6035681903676771,7.763080022152925,0.5939774580698931
R175,690.0,241352.13746249588,363800.6256583167,10.367500305175781,8.964284521160701,0.6035659454497708,8.236442255619105,0.5946436465355294,7.730269722168662,0.5851947257381748
R175,695.0,241352.5732412096,363795.64468482626,10.242500305175781,8.932155637315953,0.5945473776636824,8.203313498036577,0.5857583970028947,7.697324015665574,0.5764506633173541
R175,700.0,241353.00901992337,363790.6637113358,10.197500228881836,8.899939336221959,0.5855686937663709,8.170049864154011,0.5769124417698108,7.664242902643723,0.5677452708074682
R175,705.0,241353.4447986371,363785.68273784535,10.1899995803833,8.86869582695494,0.5662282328577732,8.138291462079666,0.5578578839592768,7.632760589581344,0.5489934909857496
R175,710.0,241353.88057735085,363780.70176435483,9.987500190734863,8.837527525243082,0.5455363021620561,8.106622272758756,0.5374718346548484,7.601375916592351,0.5289313771444066
R175,715.0,241354.31635606458,363775.7207908644,10.385000228881836,8.80627141446731,0.5251068223320452,8.07478815294664,0.5173443564990904,7.56981988107726,0.5091237257417296
R175,720.0,241354.7521347783,363770.7398173739,10.475000381469727,8.774927494627356,0.5049397933675351,8.042789102643006,0.49747544949180084,7.538092483035755,0.4895705367775193
R175,725.0,241355.18791349206,363765.75884388346,10.612500190734863,8.745041653138907,0.477087915185702,8.01256083812002,0.4700352956376171,7.508073380824277,0.4625664085018869
R175,730.0,241355.6236922058,363760.777870393,10.762499809265137,8.71534382161372,0.44851342962863894,7.982478291368976,0.44188321645393075,7.4781778098505285,0.43486166743001664
R175,735.0,241356.05947091954,363755.79689690255,11.15999984741211,8.685564833069058,0.4206348342567602,7.952201633480205,0.41441674036035075,7.448075240419342,0.4078316351768365
R175,740.0,241356.49524963327,363750.8159234121,11.475000381469727,8.65570468750473,0.393452129069807,7.921730864453624,0.3876358673566223,7.417765672530669,0.38147631174209595
R175,745.0,241356.931028347,363745.83494992164,13.095000267028809,8.629571099764856,0.3950604558936337,7.893666957476409,0.3892204188616076,7.389293130155176,0.3830356846351953
R175,750.0,241357.36680706075,363740.8539764312,13.212499618530273,8.604024487650944,0.40158338405396377,7.865931307209259,0.3956469209138638,7.361041387115664,0.38936006921073596
R175,755.0,241357.80258577448,363735.87300294073,14.02750015258789,8.578311989203288,0.40740250086566976,7.838015534953408,0.4013800158082857,7.332612466416881,0.3950020649069355
R175,760.0,241358.2383644882,363730.8920294503,14.522500038146973,8.55243360442197,0.41251780632889873,7.80991964070888,0.40641970354501816,7.304006368058834,0.3999616717239365
R175,765.0,241358.67414320196,363725.9110559598,12.335000038146973,8.529270985156488,0.4316300302474586,7.785477155975001,0.4252493983109023,7.278685234804074,0.4184921615874849
R175,770.0,241359.1099219157,363720.93008246936,11.010000228881836,8.50657499598001,0.4531956473388955,7.761774822763559,0.446496218618192,7.254029315393502,0.4394013687324545
R175,775.0,241359.54570062945,363715.9491089789,10.104999542236328,8.483717366177721,0.4740026956292543,7.7379845893961825,0.466995683774974,7.229291887696576,0.459575096242031
R175,780.0,241359.98147934317,363710.96813548845,10.032500267028809,8.460698095749521,0.4940511751185064,7.714106455872878,0.4867477937812207,7.204472951713331,0.4790133441161869
R175,785.0,241360.4172580569,363705.987161998,9.755000114440918,8.438536920484818,0.5125380725475388,7.693650956864436,0.5049614060350034,7.182995092226229,0.496937541053072
R175,790.0,241360.85303677066,363701.00618850754,9.440000534057617,8.416517066113567,0.5306841996816921,7.674038638996732,0.5228392854790093,7.1623385633192616,0.5145313399932727
R175,795.0,241361.28881548438,363696.0252150171,9.444999694824219,8.394398640979878,0.5487491193934517,7.654431608537404,0.5406371579608258,7.141685933949133,0.532046403286386
R175,800.0,241361.72459419814,363691.04424152663,9.324999809265137,8.372181645083815,0.5667328316827474,7.634829865486439,0.5583550234803836,7.121037204115799,0.5494827309323433
R175,805.0,241362.16037291187,363686.0632680361,9.045000076293945,8.349484389925095,0.5807570539829642,7.6164951134059855,0.5721719307315247,7.1016467201076034,0.5630800867548162
R175,810.0,241362.5961516256,363681.08229454566,9.255000114440918,8.326611306461096,0.5937853047284984,7.598519714540785,0.5850075895183278,7.082608439136846,0.5757117862058969
R175,815.0,241363.03193033935,363676.1013210552,8.989999771118164,8.30366644872144,0.6068596673968358,7.580571265220637,0.5978886785719146,7.06359146286486,0.5883881940342828
R175,820.0,241363.46770905307,363671.12034756475,9.029999732971191,8.28064981670608,0.6199801419880484,7.562649765445554,0.6108151978923566,7.044595791291686,0.6011093102400439
R175,825.0,241363.90348776683,363666.1393740743,9.02750015258789,8.256187971012048,0.6281640511583221,7.544111898555111,0.6188781272682038,7.025015235897834,0.6090441192173244
R175,830.0,241364.33926648056,363661.15840058384,9.225000381469727,8.231267953905277,0.6349014951314406,7.525411530067477,0.625515974023196,7.005275223320962,0.6155764902162637
R175,835.0,241364.77504519428,363656.1774270934,9.244999885559082,8.206289877794585,0.641632532670015,7.506734999525657,0.6321475090476687,6.98555105434502,0.6221026497784343
R175,840.0,241365.21082390804,363651.1964536029,9.083418846130371,8.181253742679987,0.6483571637740108,7.48808230692965,0.6387727323415875,6.965842728969996,0.6286225979038026
R175,845.0,241365.64660262177,363646.21548011247,9.177499771118164,8.154258353432638,0.6506145021255899,7.467704594453886,0.6409967012698428,6.9444823800822615,0.6308112278414343
R175,850.0,241366.08238133552,363641.234506622,9.579999923706055,8.12662000698694,0.6513910748879623,7.446802532947611,0.6417617942355827,6.922614239779524,0.6315641634371548
R175,855.0,241366.51816004925,363636.25353313156,9.389999389648438,8.098941959824373,0.6520884187648976,7.425929655569064,0.642448829528087,6.900766092785599,0.6322402817004313
R175,860.0,241366.95393876298,363631.2725596411,9.265000343322754,8.071224211944955,0.6527065337563593,7.405085962318245,0.6430578071473196,6.878937939100472,0.6328395826312285
R175,865.0,241367.38971747673,363626.29158615065,9.25,8.041403657499641,0.6504464120883372,7.381915237187614,0.6408310960474467,6.854927200318798,0.6306482540952003
R175,870.0,241367.82549619046,363621.3106126602,9.164999961853027,8.010862210008495,0.647111084951499,7.357982756169291,0.6375450738556263,6.830198911665258,0.6274144469796978
R175,875.0,241368.2612749042,363616.32963916974,9.684999465942383,7.980311754716051,0.6436558484039935,7.3340996443414745,0.6341409148309565,6.805511575660542,0.6240643802322243
R175,880.0,241368.69705361794,363611.3486656793,10.069999694824219,7.949752291622312,0.6400807024457609,7.310265901704173,0.6306186189733782,6.780865192304642,0.6205980538527216
R175,885.0,241369.13283233167,363606.3676921888,11.005000114440918,7.917303133228388,0.6365732316701236,7.283871943544138,0.6271629978804384,6.753918288215683,0.6171973427721207
R175,890.0,241369.56861104543,363601.38671869837,11.807499885559082,7.8841881933654445,0.633058048740951,7.256586786284646,0.623699778639963,6.726175196693354,0.6137891542789734
R175,895.0,241370.00438975915,363596.4057452079,12.270000457763672,7.85111445777947,0.6294644933357871,7.229386555954548,0.6201593454757047,6.6985130145490634,0.6103049787956084
R175,900.0,241370.44016847288,363591.4247717174,11.8774995803833,7.818287925205113,0.6249554472167718,7.202535823109988,0.6157169549685232,6.671185969317591,0.605933178121919
R175,905.0,241370.87594718664,363586.44379822694,11.34749984741211,7.784036852439985,0.6235605679673981,7.173274865979013,0.614342695718906,6.641812723950189,0.6045807559285891
R175,910.0,241371.31172590036,363581.4628247365,10.869999885559082,7.749283354607389,0.6235886056331097,7.143111892251567,0.6143703189138833,6.6116899229884725,0.6046079401894374
R175,915.0,241371.74750461412,363576.48185124603,10.914999961853027,7.714617081234559,0.623745848338244,7.113045923346054,0.6145252371565191,6.5816695844477735,0.6047603967725208
R175,920.0,241372.18328332785,363571.5008777556,9.59749984741211,7.680038032321431,0.6240322960830393,7.083076959262377,0.6148074504470482,6.551751708328041,0.6050381256780702
R175,925.0,241372.61906204157,363566.5199042651,8.782499313354492,7.64456208822049,0.6278894702608191,7.051298560998211,0.6186076054021832,6.520383657873397,0.6087778959585067
R175,930.0,241373.05484075533,363561.53893077467,8.696000099182129,7.608790871474204,0.6335701725513457,7.01881243253726,0.6242043319079006,6.488473090328799,0.614285690167151
R175,935.0,241373.49061946906,363556.5579572842,9.024999618530273,7.573156245753332,0.63962742691528,6.986443870972992,0.6301720440527573,6.456693988548758,0.6201585750323891
R175,940.0,241373.9263981828,363551.57698379376,9.495499610900879,7.53765821105797,0.646061233352453,6.954192876305531,0.636510741836587,6.425046352533364,0.6263965505540579
R175,945.0,241374.36217689654,363546.5960103033,8.914999961853027,7.501822113568092,0.6534881948674308,6.921105028907239,0.643827913242865,6.3928053984843,0.6335974516976074
R175,950.0,241374.79795561027,363541.61503681284,8.349620819091797,7.465917583387975,0.661532026895796,6.887704186301082,0.6517528361869482,6.360370627823618,0.6413964471730476
R175,955.0,241375.23373432402,363536.6340633224,8.835000038146973,7.430167312774805,0.669898545674386,6.854434688410171,0.659995675718745,6.328079788113336,0.6495083075238497
R175,960.0,241375.66951303775,363531.65308983193,9.127500534057617,7.394571301728442,0.678587751203276,6.821296535234343,0.6685564318383297,6.2959328793533365,0.6579330327500862
R175,965.0,241376.1052917515,363526.6721163415,8.984999656677246,7.359346903629948,0.6865625901240746,6.788350012823364,0.6764133815752226,6.26411321849149,0.6656651351163927
R175,970.0,241376.54107046523,363521.691142851,8.877500534057617,7.324378769043338,0.694255976560275,6.755559759666471,0.6839930394386712,6.232520134574705,0.6731243517926225
R175,975.0,241376.97684917896,363516.71016936057,8.53499984741211,7.2895577434898,0.7021653495558255,6.722894830195319,0.6917854910096174,6.201060892766138,0.6807929808724414
R175,980.0,241377.4126278927,363511.7291958701,8.117500305175781,7.254883826969424,0.7102907091107347,6.690355224410007,0.6997907362880696,6.169735493065874,0.6886710223558575
R175,985.0,241377.84840660644,363506.74822237965,8.202500343322754,7.221256299905944,0.7173462707422475,6.65877856653693,0.7067419980821975,6.139427049708788,0.6955118282114341
R175,990.0,241378.28418532017,363501.7672488892,8.197500228881836,7.188231511051187,0.7238581429156871,6.627751090587046,0.7131576075845439,6.109697756156507,0.701825493320089
R175,995.0,241378.71996403392,363496.7862753987,8.154999732971191,7.155326507775257,0.7304941171702996,6.596822844197204,0.7196954846115013,6.080072894190442,0.7082594831155533
R175,1000.0,241379.15574274765,363491.8053019082,8.627500534057617,7.122541290078746,0.7372541935058969,6.565993827367943,0.7263556291628842,6.050552463811128,0.7148137975976447
R175,1005.0,241379.5915214614,363486.8243284178,8.569999694824219,7.091180776427927,0.7430380562168231,6.536457631442271,0.7320539911055342,6.022308760675346,0.7204216122504234
R175,1010.0,241380.02730017513,363481.8433549273,8.632499694824219,7.060650647370516,0.7482546885070258,6.507671396881103,0.7371935077913584,5.994807130939652,0.7254794617287494
R175,1015.0,241380.46307888886,363476.86238143686,8.595000267028809,7.030202174680601,0.7535150272236899,6.4789504394881625,0.7423760848072144,5.967374778800104,0.7305796873060558
R175,1020.0,241380.89885760262,363471.8814079464,8.270000457763672,6.9998353583583,0.7588190723668478,6.450294759263569,0.7476017221531345,5.9400117042568095,0.7357222889823748
R175,1025.0,241381.33463631634,363466.90043445595,8.217499732971191,6.970900429319627,0.7631357855974861,6.422867422042379,0.7518546229601292,5.9138096350308125,0.739907610957756
R175,1030.0,241381.7704150301,363461.9194609655,8.015000343322754,6.942837723520359,0.766814593640109,6.396188737969576,0.7554790485027428,5.888317671084574,0.7434744441758447
R175,1035.0,241382.20619374383,363456.93848747504,7.987500190734863,6.914820908462065,0.7704683397924934,6.369547476029634,0.7590787826360532,5.862868058374772,0.7470169783325048
R175,1040.0,241382.64197245755,363451.9575139846,8.045000076293945,6.886849984144872,0.7740970240546721,6.342943636222684,0.7626538253600932,5.8374607969015155,0.7505352134277684
R175,1045.0,241383.0777511713,363446.9765404941,8.289999961853027,6.860065236340288,0.7765198164261753,6.317303124644814,0.7650408024608268,5.8129264317240885,0.7528842613289063
R175,1050.0,241383.51352988504,363441.9955670037,8.289999961853027,6.834044769144768,0.7781109289825505,6.29228670460365,0.7666083941708874,5.788960938444204,0.7544269439190414
R175,1055.0,241383.9493085988,363437.0145935132,8.307499885559082,6.808045452488021,0.7796245848634898,6.2672917753113335,0.768099674219768,5.765023846316451,0.7558945274445595
R175,1060.0,241384.38508731252,363432.03362002276,8.322500228881836,6.782067286369784,0.781060784068944,6.2423183367676,0.76951464260742,5.741115155340589,0.7572870119054126
R175,1065.0,241384.82086602625,363427.0526465323,8.239999771118164,6.756934867426267,0.7810066863406244,6.217996582998106,0.7694613445864289,5.717765741489196,0.7572345607929477
R175,1070.0,241385.25664474,363422.07167304185,8.427499771118164,6.732382624456118,0.7798702482284853,6.194126821001065,0.76834170603137,5.694808354448217,0.756132713357121
R175,1075.0,241385.69242345373,363417.0906995514,8.329999923706055,6.707839053500625,0.778618595910241,6.170273119992034,0.7671085564404974,5.671876014884229,0.754919158582186
R175,1080.0,241386.12820216749,363412.10972606094,8.802499771118164,6.683304154560048,0.7772517293859142,6.146435479971278,0.7657618958138338,5.648968722797479,0.7535938964681648
R175,1085.0,241386.5639808812,363407.1287525705,9.010000228881836,6.659272107699622,0.7742124169264064,6.122946440872057,0.7627675124204886,5.626322646293721,0.7506470939943481
R175,1090.0,241386.99975959494,363402.14777907997,9.117500305175781,6.635609375040483,0.7698888914273537,6.0997191538985644,0.758507900048427,5.603878015586453,0.7464551671010251
R175,1095.0,241387.4355383087,363397.1668055895,9.037500381469727,6.611952180923177,0.7654187125236801,6.076509638730178,0.7541038021964336,5.581462070254517,0.7421210506101242
R175,1100.0,241387.87131702242,363392.18583209906,8.867500305175781,6.588300525347136,0.7608018802153476,6.053317895366329,0.7495552188644711,5.559074810297377,0.7376447445216088
R175,1105.0,241388.30709573615,363387.2048586086,8.58750057220459,6.564826702581162,0.7545939478194236,6.030171636347351,0.7434390561069261,5.536646457650819,0.7316257679322247
R175,1110.0,241388.7428744499,363382.22388511815,8.559999465942383,6.54149493918694,0.7470857688347339,6.007069106561207,0.7360418678396551,5.5141979179334975,0.7243461214000841
R175,1115.0,241389.17865316363,363377.2429116277,8.6875,6.5181710007931875,0.739400165061052,5.983989839238955,0.7284698775904215,5.491785359158667,0.7168944504992472
R175,1120.0,241389.6144318774,363372.26193813724,8.447500228881836,6.494854887400174,0.7315371364983226,5.960933834380876,0.7207230853591704,5.469408781326587,0.7092707552296598
R175,1125.0,241390.05021059111,363367.2809646468,8.59749984741211,6.471378793520009,0.7226966982629249,5.9375684123534445,0.7120133321519363,5.44662450853874,0.7006994004878325
R175,1130.0,241390.48598930484,363362.2999911563,8.77750015258789,6.447750970193442,0.7128212384651454,5.913922297538089,0.7022838577349125,5.423489749540772,0.6911245279632461
R175,1135.0,241390.9217680186,363357.31901766587,9.182499885559082,6.424147451412636,0.7026426889922206,5.890320992313962,0.6922557741087213,5.400415192369465,0.6812557911465196
R175,1140.0,241391.35754673232,363352.3380441754,10.712499618530273,6.400568237177319,0.692161049844286,5.86676449668078,0.6819290812734957,5.377400837024555,0.6710931900377843
R175,1145.0,241391.79332544608,363347.35707068496,10.095000267028809,6.376470327721422,0.6821597441615526,5.842481520551666,0.6720756213061148,5.3535289936361705,0.6613963021001618
R175,1150.0,241392.2291041598,363342.3760971945,9.967500686645508,6.351917811603727,0.6725189736912232,5.817562773313399,0.6625773668883913,5.328907810210824,0.6520489754761487
R175,1155.0,241392.66488287353,363337.39512370405,9.892499923706055,6.327391493087855,0.6625366666513901,5.792691101819093,0.6527426247137952,5.304349813588167,0.6423705079045308
R175,1160.0,241393.1006615873,363332.4141502136,10.069999694824219,6.302891372173947,0.6522128230419245,5.7678665060689,0.6425713947821998,5.279855003768341,0.6323608993851826
R175,1165.0,241393.53644030102,363327.43317672313,10.09749984741211,6.277468836786682,0.6450260284521259,5.741814007297888,0.6354908399995881,5.253955415030137,0.6253928550139096
R175,1170.0,241393.97221901477,363322.4522032327,8.567500114440918,6.251161618775869,0.6409791591894103,5.714580990233222,0.6315037941539543,5.226704781515624,0.621469163549657
R175,1175.0,241394.4079977285,363317.4712297422,8.252500534057617,6.224855929067227,0.6368676317083923,5.687357498933442,0.6274530459092735,5.199473014886988,0.6174827819210391
R175,1180.0,241394.84377644223,363312.49025625177,7.697500228881836,6.198551767660898,0.6326914460089383,5.660143533398694,0.6233385952654131,5.172260115144379,0.6134337101279254
R175,1185.0,241395.27955515598,363307.50928276125,7.1875,6.171138799499597,0.633026623358298,5.631502886472718,0.6236688178082234,5.143452343074926,0.6137586854160628
R175,1190.0,241395.7153338697,363302.5283092708,6.972499847412109,6.142592703772161,0.6381633455972902,5.6013983233035995,0.6287296057244296,5.1130054820761295,0.6187390571293473
R175,1195.0,241396.15111258347,363297.54733578034,6.909999847412109,6.114015435603144,0.643623436020305,5.5712532865508635,0.634108981588755,5.082518136091784,0.6240329544104455
R175,1200.0,241396.5868912972,363292.5663622899,6.617499828338623,6.085406994992272,0.6494068946275835,5.5410677762142155,0.6398069454014366,5.051990305121599,0.6296403772595907
R175,1205.0,241397.02267001092,363287.58538879943,6.429999828338623,6.055897173196659,0.6575038013283924,5.509822181931742,0.6477841584341101,5.020345248210383,0.6374908319311924
R175,1210.0,241397.45844872468,363282.604415309,6.767499923706055,6.025428585272091,0.6680690595466718,5.4774464436957935,0.6581932342289503,4.987507675271594,0.6477345069297079
R175,1215.0,241397.8942274384,363277.6234418185,6.849999904632568,5.9949251948025015,0.6789978711872013,5.445022176002431,0.668960489166172,4.954619352922065,0.6583306695840082
R175,1220.0,241398.33000615213,363272.64246832806,6.304999828338623,5.964387001788026,0.6902902362498885,5.4125493788518,0.6800859232456835,4.92168028116194,0.6692793198940037
R175,1225.0,241398.7657848659,363267.6614948376,6.170000076293945,5.933211382096232,0.7017380805522725,5.379454526353574,0.6913645381710579,4.888183869555813,0.6803787169976508
R175,1230.0,241399.2015635796,363262.68052134715,6.244999885559082,5.901327975616468,0.7132396885737804,5.345672130127399,0.7026961220457889,4.854073929001939,0.6915302413710798
R175,1235.0,241399.63734229337,363257.6995478567,8.015000343322754,5.869420614010442,0.7250032232186819,5.311853534675722,0.714285760576569,4.819926384364402,0.7029357198976461
R175,1240.0,241400.0731210071,363252.71857436624,7.875,5.837489297277901,0.7370286844870428,5.277998739998273,0.726133453763463,4.785741235642933,0.714595152577414
R175,1245.0,241400.50889972082,363247.7376008758,7.579999923706055,5.805072205862014,0.7484418371208421,5.243781359247091,0.7373778898547654,4.751341763904673,0.7256609139505613
R175,1250.0,241400.94467843458,363242.75662738533,6.921433925628662,5.772084511311501,0.7590003457422912,5.209144435798977,0.7477803158296747,4.716701161804106,0.7358980447951349
R175,1255.0,241401.3804571483,363237.7756538949,7.46750020980835,5.739084262751398,0.7697299269490452,5.174483490017651,0.7583512854852085,4.682035092938927,0.7463010411518247
R175,1260.0,241401.81623586206,363232.7946804044,8.095000267028809,5.70607146018196,0.7806305807410956,5.139798521903374,0.7690907988213589,4.647343557309396,0.7568699030206232
R175,1265.0,241402.2520145758,363227.81370691396,7.65500020980835,5.67265002409404,0.7908266095475867,5.104882966469921,0.7791361033904285,4.612619475565569,0.7667555871384605
R175,1270.0,241402.68779328951,363222.8327334235,7.474999904632568,5.638716420249068,0.8000259292941307,5.069685279583434,0.7881994328921582,4.577865716957196,0.7756748998276763
R175,1275.0,241403.12357200327,363217.85175993305,7.349999904632568,5.60477955287824,0.8093290484040573,5.034471822915295,0.7973650273285047,4.543093217760814,0.7846948524559805
R175,1280.0,241403.559350717,363212.87078644254,7.262499809265137,5.570839421980886,0.8187359668774445,4.999242596464809,0.8066328866995459,4.508301977975739,0.7938154450234494
R175,1285.0,241403.99512943075,363207.8898129521,6.982500076293945,5.536538134997061,0.8275124508202188,4.963849684177964,0.815279631027559,4.473568657442356,0.8023247921006496
R175,1290.0,241404.43090814448,363202.9088394616,7.112500190734863,5.501751814945186,0.8353568819873659,4.928243254207058,0.8230081007818828,4.438922547420247,0.8099304560384755
R175,1295.0,241404.8666868582,363197.92786597117,6.772500038146973,5.466969427548755,0.8432531759480906,4.892625947886989,0.830787666660705,4.404260028645032,0.8175864041805252
R175,1300.0,241405.30246557196,363192.9468924807,6.9375,5.432190972807895,0.8512013327024204,4.8569977652178835,0.8386183286640532,4.369581101116838,0.825292636526825
R175,1305.0,241405.7382442857,363187.96591899026,6.974999904632568,5.397090886115955,0.8585671335670408,4.82124037887121,0.84587524353597,4.334997259228057,0.8324342386156895
R175,1310.0,241406.17402299945,363182.9849454998,7.162499904632568,5.361526710519186,0.8650377258334245,4.785302436379927,0.8522501833573253,4.300558277630441,0.8387078802868557
R175,1315.0,241406.60980171317,363178.00397200935,7.832499980926514,5.325971640909318,0.8715200755548366,4.749356099764791,0.8586367068274676,4.266102518878032,0.844992921541982
R175,1320.0,241407.0455804269,363173.0229985189,8.015000343322754,5.290425677286473,0.8780141827313058,4.713401369025932,0.8650348139464253,4.231629982970958,0.8512893623810965
R175,1325.0,241407.48135914066,363168.04202502844,8.045000076293945,5.254596728041323,0.8839118163454637,4.677335624032641,0.8708452649578393,4.197258481289864,0.857007485001073
R175,1330.0,241407.91713785438,363163.061051538,7.752500057220459,5.218328043531436,0.8888622794081803,4.641103556757347,0.8757225471004046,4.163050899180304,0.8618072668577019
R175,1335.0,241408.3529165681,363158.0800780475,7.815000057220459,5.182071524481605,0.8937959949805043,4.60486382941683,0.8805833293247222,4.128824821240684,0.8665908109807066
R175,1340.0,241408.78869528187,363153.09910455707,7.367499828338623,5.1458271708919625,0.8987129630624643,4.568616442011214,0.8854276116308198,4.094580247471127,0.8713581173701141
R175,1345.0,241409.2244739956,363148.1181310666,7.21999979019165,5.10933814766436,0.9029796455223456,4.532268638490811,0.8896312212539872,4.06042654989131,0.8754949314013444
R175,1350.0,241409.66025270935,363143.13715757616,7.227499961853027,5.07243892971214,0.9061740522614525,4.4957599582593435,0.8927784062238258,4.026432878021451,0.8785921074260532
R175,1355.0,241410.09603142308,363138.1561840857,7.070000171661377,5.0355543701092,0.9093168941585905,4.459244141335038,0.8958747886162622,3.992415248591961,0.8816392881291555
R175,1360.0,241410.5318101368,363133.17521059525,6.732500076293945,4.998690013370984,0.9123702921110814,4.422728275655518,0.8988830492818102,3.9583706460337704,0.884599747364536
R175,1365.0,241410.96758885056,363128.1942371048,7.304999828338623,4.96162017342079,0.9147176499943616,4.386126660652588,0.9011957070152934,3.924409096091102,0.8868756568373349
R175,1370.0,241411.4033675643,363123.21326361434,7.894999980926514,4.924176233549279,0.915837181694039,4.3493740139665915,0.9022986890793286,3.890601215995929,0.8879611124547094
R175,1375.0,241411.83914627804,363118.2322901238,8.417499542236328,4.8867460513209195,0.916923079835564,4.312617415899405,0.9033685347780401,3.8567777755964485,0.8890139582454575
R175,1380.0,241412.27492499177,363113.25131663337,8.682499885559082,4.849329626736364,0.9179753444188832,4.275856866451677,0.9044052441113754,3.822938774893255,0.8900341942095278
R175,1385.0,241412.7107037055,363108.2703431429,9.587499618530273,4.8117424513071,0.9182601420293768,4.239019103936499,0.9046858316609189,3.7891673505565286,0.8903103232072259
R175,1390.0,241413.14648241925,363103.28936965246,12.067500114440918,4.773819697603492,0.9171285616166903,4.202037234435732,0.903570978995665,3.7555342953071813,0.8892131856131591
R175,1395.0,241413.58226113298,363098.308396162,12.192500114440918,4.735906980325194,0.9159584137786181,4.165047788106603,0.9024181290334434,3.721882196392289,0.8880786545012983
R175,1400.0,241414.01803984673,363093.32742267154,13.532500267028809,4.698004299472477,0.9147496985151832,4.128050764949358,0.9012272817742777,3.6882110538120756,0.8869067298716663
R175,1405.0,241414.45381856046,363088.3464491811,13.802499771118164,4.6599644448656345,0.9127166782293064,4.090988391183036,0.8992243148982084,3.6545968234987853,0.8849355902512503
R175,1410.0,241414.8895972742,363083.36547569063,12.477499961853027,4.6216343900407235,0.9090613983263501,4.053798694966989,0.8956230696872122,3.62111351491901,0.8813915690280127
R175,1415.0,241415.32537598794,363078.3845022002,12.145000457763672,4.58330835474959,0.9053637058642513,4.016596184492613,0.8919800388867255,3.5876068383930364,0.8778064261906376
R175,1420.0,241415.76115470167,363073.4035287097,11.109999656677246,4.544986338991966,0.901623600842997,3.979380859759657,0.888295222496736,3.554076793920645,0.8741801617391132
R175,1425.0,241416.19693341543,363068.42255521927,10.892499923706055,4.50656089895124,0.8970060855721649,3.9421178333891658,0.8837459662982359,3.52060093511147,0.8697031934759668
R175,1430.0,241416.63271212915,363063.4415817288,11.052499771118164,4.467901939462953,0.8905411733170538,3.9047619570924414,0.8773766225225709,3.4872653859296214,0.86343505892902
R175,1435.0,241417.06849084288,363058.46060823835,10.682499885559082,4.4292383173151935,0.8840287212832207,3.8673860334073624,0.8709604417316847,3.4539009189045524,0.8571208316096421
R175,1440.0,241417.50426955664,363053.4796347479,11.539999961853027,4.3905700325080925,0.8774687294706638,3.8299900623340504,0.8644974239255752,3.4205075340363678,0.8507605115178315
R175,1445.0,241417.94004827036,363048.49866125744,12.367500305175781,4.351834813563867,0.8699803140440301,3.792573420148813,0.8571197070587309,3.387177111844998,0.8435000269845022
R175,1450.0,241418.3758269841,363043.517687767,13.800000190734863,4.312942820236044,0.8603968656741954,3.7551289172826694,0.8476779273693799,3.3540259825977516,0.8342082777023173
R175,1455.0,241418.81160569785,363038.53671427653,14.047499656677246,4.274034199009118,0.8507568422918196,3.7176545812219643,0.8381804089956097,3.3208386517582293,0.824861675426525
R175,1460.0,241419.24738441157,363033.5557407861,14.789999961853027,4.235108949882824,0.8410602438969158,3.6801504119664648,0.8286271519374335,3.2876151193262295,0.8154602201571381
R175,1465.0,241419.68316312533,363028.5747672956,14.4375,4.1961608072811405,0.8303933491158737,3.642668690582069,0.8181179420366345,3.2544810810268645,0.8051180021892443
R175,1470.0,241420.11894183906,363023.5937938051,13.397500038146973,4.157170051698007,0.8173801903816457,3.6052792136659897,0.8052971521612687,3.2216182864804894,0.7925009353818192
R175,1475.0,241420.55472055278,363018.61282031465,13.364999771118164,4.118146568179787,0.8042947633730724,3.567846910031625,0.7924051623275419,3.1887097321835967,0.7798137999873516
R175,1480.0,241420.99049926654,363013.6318468242,13.765000343322754,4.079090356726127,0.791137068089985,3.530371779678625,0.7794419725352867,3.155755418135877,0.7670565960056774
R175,1485.0,241421.42627798027,363008.65087333374,13.625,4.040073186059191,0.7770151167053881,3.492992813945288,0.7655287808936809,3.122948388569635,0.7533644857571499
R175,1490.0,241421.86205669402,363003.6698998433,12.904999732971191,4.0012033572872765,0.7604053404364111,3.455934906355316,0.7491645409908072,3.090607835362811,0.7372602745412546
R175,1495.0,241422.29783540775,362998.6889263528,13.017499923706055,3.9622801350517296,0.743700749187022,3.4188179946063393,0.7327068877233756,3.058209815879244,0.7210641343043863
R175,1500.0,241422.73361412148,362993.7079528624,14.260000228881836,3.923303519352677,0.7269013429571995,3.381642078698463,0.7161558210913648,3.0257543301190264,0.7047760650465245
R175,1505.0,241423.16939283523,362988.7269793719,14.77750015258789,3.8844702781115266,0.7093363915686983,3.3447001219992387,0.6988505260802317,2.9935662836409445,0.6877457521406466
R175,1510.0,241423.60517154896,362983.74600588146,13.97249984741211,3.846143074613214,0.6897157813708277,3.3085430851329853,0.6795199603267499,2.9622609447606627,0.6687223501577301
R175,1515.0,241424.04095026272,362978.765032391,14.510000228881836,3.8077406571011396,0.669988896105173,3.2723120767735354,0.6600846905317008,2.9308882873975435,0.6495959078863202
R175,1520.0,241424.47672897644,362973.78405890055,14.835000038146973,3.7692630255750723,0.6501557357718128,3.236007096920696,0.6405447166951617,2.8994483115514234,0.6303664253264928
R175,1525.0,241424.91250769017,362968.8030854101,14.517499923706055,3.731121352576918,0.6303757670994592,3.20020057045697,0.6210571482063885,2.8685166114641265,0.6111885153905194
R175,1530.0,241425.34828640393,362963.82211191964,14.567500114440918,3.694200691005273,0.6110474479249546,3.1661328046370927,0.6020145526429309,2.8393424416233923,0.5924485077351819
R175,1535.0,241425.78406511765,362958.8411384292,14.364999771118164,3.6571988472340626,0.5916995566259557,3.131995912050944,0.5829526742826776,2.810109178873004,0.5736895236877675
R175,1540.0,241426.2198438314,362953.8601649387,12.692500114440918,3.6201158212635005,0.5723320932023657,3.097789892698698,0.5638715131255331,2.780816823213107,0.5549115632481816
R175,1545.0,241426.65562254513,362948.8791914483,12.359999656677246,3.583613239600673,0.5548610765641613,3.0644494723066433,0.5466587642610325,2.7523778543465984,0.5379723259254496
R175,1550.0,241427.09140125886,362943.8982179578,13.432499885559082,3.5493311106459084,0.5441559046235471,3.0342896645348354,0.53611184303826,2.7270510381524002,0.5275929958705456
R175,1555.0,241427.52717997262,362938.91724446736,13.395000457763672,3.515005242233987,0.5337356071235921,3.004110460447852,0.5258455850594473,2.7017117958557773,0.517489869304965
R175,1560.0,241427.96295868634,362933.9362709769,12.854999542236328,3.4806356343647145,0.5236001840643635,2.973911860045532,0.5158599903246606,2.676360127456596,0.5076629462287727
R175,1565.0,241428.39873740007,362928.9552974864,11.677499771118164,3.4468122638416236,0.5166162508455083,2.9446683418691486,0.508979298086078,2.6519732704927352,0.500891588574541
R175,1570.0,241428.83451611383,362923.97432399594,11.420000076293945,3.415207611518551,0.5208255381441728,2.91911174576863,0.5131263610000529,2.631284098281071,0.5049727544269894
R175,1575.0,241429.27029482755,362918.9933505055,11.112500190734863,3.3836245561462217,0.5254972597162461,2.893593021990378,0.5177290221874027,2.6106288522108496,0.5095022790707799
R175,1580.0,241429.7060735413,362914.012377015,11.282500267028809,3.352063097724826,0.5306314155617573,2.8681121705345567,0.5227872816481557,2.5900075322822094,0.5144801625059409
R175,1585.0,241430.14185225504,362909.03140352457,10.4399995803833,3.3207693570283,0.5375142480771864,2.8433000413520846,0.5295683677187073,2.570100847175506,0.5211534967397523
R175,1590.0,241430.57763096876,362904.0504300341,8.734999656677246,3.2904978106827567,0.5509140792623997,2.821112762519404,0.5427701140047677,2.5530265165081354,0.5341454665392847
R175,1595.0,241431.01340968252,362899.06945654366,6.037499904632568,3.2603119717451383,0.5646983383986025,2.7989965089692443,0.5563506053812749,2.5360047843184397,0.5475101631486042
R175,1600.0,241431.44918839625,362894.0884830532,6.179999828338623,3.2302118402152313,0.5788670254858042,2.7769512807014216,0.5703098418482382,2.5190356506062646,0.5612475865677196
R175,1605.0,241431.88496711,362889.10750956275,5.3125,3.200203164492175,0.5936428053965626,2.7552636887320605,0.5848671967032615,2.5024719032499423,0.5755736242402663
R175,1610.0,241432.32074582373,362884.1265360723,6.235000133514404,3.1702960845235832,0.6096592966484443,2.7349389346085897,0.6006469219086152,2.4875557548927616,0.591102608729916
R175,1615.0,241432.75652453746,362879.14556258183,5.414999961853027,3.1404569963152356,0.6257824965888321,2.71464933765695,0.6165317783662,2.4726563927241285,0.6067350539303207
R175,1620.0,241433.1923032512,362874.1645890914,4.855000019073486,3.1106858998672515,0.6420124052177624,2.694394897877244,0.6325217660760512,2.4577738167441248,0.6224709598415157
R175,1625.0,241433.62808196494,362869.1836156009,5.277500152587891,3.080981244053629,0.6578839383742132,2.6743191095768934,0.6481586760495198,2.443091699950121,0.6378593984412958
R175,1630.0,241434.0638606787,362864.20264211047,5.315000057220459,3.0513265398442284,0.6714366125926409,2.6549977433098793,0.6615110059451017,2.429351962629454,0.6509995590683373
R175,1635.0,241434.49963939242,362859.22166862,5.572500228881836,3.0217224247738663,0.6850048323979766,2.635689647615866,0.6748786516227556,2.4156094730012216,0.6641547921088168
R175,1640.0,241434.93541810615,362854.24069512956,6.09499979019165,2.9921688988426665,0.6985885977902601,2.616394822494958,0.6882616130825203,2.401864231065506,0.6773250975627731
R175,1645.0,241435.3711968199,362849.2597216391,6.474999904632568,2.9627006286605453,0.7115437603522771,2.597199700583544,0.7010252641222362,2.3882180246871982,0.6898859334738786
R175,1650.0,241435.80697553363,362844.27874814864,6.96999979019165,2.933472167897063,0.7208205908823937,2.5785057447233815,0.7101649585933956,2.375146973801018,0.6988803976889072
R175,1655.0,241436.2427542474,362839.2977746582,6.912499904632568,2.9042779847370275,0.7301062385150846,2.559812461533663,0.7193133398270644,2.3620641416379486,0.707883410633303
R175,1660.0,241436.67853296112,362834.3168011677,6.84250020980835,2.875118079179813,0.7394007032503673,2.5411198510139443,0.7284704078232592,2.3489695281976575,0.7168949723070824
R175,1665.0,241437.11431167484,362829.3358276772,8.795000076293945,2.846053720457706,0.748093320382747,2.522490064674758,0.7370345251138359,2.3359251151237967,0.7253230052951072
R175,1670.0,241437.5500903886,362824.35485418676,10.494999885559082,2.8174140160327985,0.752835635841541,2.5042606297459034,0.7417067366238443,2.32326953711338,0.7299209751030081
R175,1675.0,241437.98586910233,362819.3738806963,10.702500343322754,2.7887947471573264,0.7576042539865062,2.486024321255611,0.7464048619968466,2.3105982344833977,0.7345444470011712
R175,1680.0,241438.42164781605,362814.39290720585,10.992500305175781,2.7601959138314274,0.7623991748176857,2.4677811392039866,0.7511289012328857,2.297911207233932,0.7391934209896383
R175,1685.0,241438.8574265298,362809.4119337154,11.899999618530273,2.7316920533712263,0.7666995200321877,2.449580981258949,0.7553656759862271,2.2852495161006434,0.743362873155281
R175,1690.0,241439.29320524354,362804.43096022494,10.082500457763672,2.7037591593970167,0.7671471665930866,2.431744070351289,0.7558067051485311,2.2728780017617773,0.7437968943395501
R175,1695.0,241439.7289839573,362799.4499867345,7.557499885559082,2.675835486192746,0.7676425917324464,2.413895600282058,0.7562948065957049,2.260489285398119,0.744277239827451
R175,1700.0,241440.16476267102,362794.46901324403,5.840000152587891,2.647921033758136,0.7681857954501692,2.3960355710510495,0.7568299803276521,2.2480833670095097,0.7448039096188879
R175,1705.0,241440.60054138475,362789.4880397536,6.184999942779541,2.6200937380720175,0.7683475885159791,2.3782058858376303,0.7569893816645751,2.2356889671729623,0.7449607780596668
R175,1710.0,241441.0363200985,362784.5070662631,6.385000228881836,2.592950994456723,0.7648223639520594,2.3607288256509182,0.753516269231179,2.223528011134176,0.7415428535770282
R175,1715.0,241441.47209881223,362779.52609277266,5.175000190734863,2.565808423693821,0.7613661201178079,2.3432373084503357,0.7501111178100615,2.2113497399189206,0.738191810202384
R175,1720.0,241441.90787752598,362774.5451192822,4.639999866485596,2.5386660257835882,0.7579788570133372,2.3257313342360835,0.7467739274013336,2.199154153527348,0.7349076479358428
R175,1725.0,241442.3436562397,362769.56414579175,4.715000152587891,2.5115982876144556,0.7543107400341023,2.30824625419586,0.7431600348799541,2.186961874765135,0.7313511803686905
R175,1730.0,241442.77943495344,362764.5831723013,4.727499961853027,2.485303466488652,0.7470752567461773,2.2911144619823176,0.7360315111467244,2.174967763131102,0.7243359292761451
R175,1735.0,241443.2152136672,362759.60219881084,4.597499847412109,2.4590014426371978,0.7399303698894095,2.2739665577543158,0.7289922445900984,2.16295712011623,0.7174085170586768
R175,1740.0,241443.65099238092,362754.6212253204,4.510000228881836,2.4326922160598152,0.7328760794636645,2.256802541511653,0.722042235209944,2.150929945720371,0.7105689437161561
R175,1745.0,241444.08677109468,362749.64025182993,4.807499885559082,2.4064422230357425,0.7256284925966277,2.239651750275759,0.7149017868204715,2.1389011792785255,0.703541957450822
R175,1750.0,241444.5225498084,362744.6592783395,4.972499847412109,2.3810351658912188,0.714836194371001,2.2228613131836275,0.7042690272692561,2.1270485751918558,0.6930781530433532
R175,1755.0,241444.95832852213,362739.67830484896,6.6875,2.3556147815060937,0.7041559459090896,2.2060540383179443,0.6937466610902803,2.1151809080355664,0.682722987851268
R175,1760.0,241445.3941072359,362734.6973313585,8.482500076293945,2.3301810698811507,0.6935877472112588,2.189229925679236,0.6833346882839038,2.103298177810035,0.6724764618749205
R175,1765.0,241445.8298859496,362729.71635786805,8.735000610351562,2.3047894243769464,0.6828958880883155,2.172412606536694,0.6728008830801339,2.091411247385133,0.6621100394247851
R175,1770.0,241446.26566466337,362724.7353843776,8.65999984741211,2.280299061299482,0.6684282520790983,2.1559697941534126,0.6585471169457875,2.0796902187122535,0.6480827664312191
R175,1775.0,241446.7014433771,362719.75441088714,8.952499389648438,2.2557901731714782,0.6541024023831075,2.1395101299456396,0.6444330411484432,2.0679561466693483,0.6341929640873916
R175,1780.0,241447.13722209082,362714.7734373967,9.857500076293945,2.2312627599930708,0.6399183390004323,2.1230336139134702,0.6304586556881884,2.056209031256489,0.6204406323933888
R175,1785.0,241447.57300080458,362709.7924639062,12.257499694824219,2.2067594155035644,0.6256870125984699,2.106558394270016,0.6164377058809123,2.0444567407154888,0.6066424762624418
R175,1790.0,241448.0087795183,362704.81149041577,13.229999542236328,2.1832151283049375,0.6073228549053815,2.0904839373004434,0.5983450189454719,2.0328734539826727,0.5888372831339
R175,1795.0,241448.44455823203,362699.8305169253,11.345000267028809,2.159648292367988,0.5892418239389707,2.0743930052516393,0.5805312733758322,2.0212791851021126,0.5713065989772675
R175,1800.0,241448.8803369458,362694.84954343486,12.0649995803833,2.136058907692846,0.5714439196993757,2.058285598123697,0.5629964691721292,2.009673934073878,0.5540504237926778
R175,1805.0,241449.31611565952,362689.8685699444,12.862500190734863,2.112475854386138,0.553848692214389,2.042174175993647,0.5456613456252477,1.9980628504748967,0.5369907563281131
R175,1810.0,241449.75189437327,362684.88759645395,9.710000038146973,2.089932478531092,0.5334795274317212,2.026505785290615,0.5255932909011032,1.986631968906381,0.5172415841154113
R175,1815.0,241450.187673087,362679.9066229635,7.204999923706055,2.0673654422029153,0.5129923102362863,2.0108277572889985,0.5054089288906717,1.975197309305145,0.49737795274570606
R175,1820.0,241450.62345180073,362674.92564947304,5.295000076293945,2.0447794057847273,0.4922949670932042,1.9951419796955692,0.48501754714913176,1.9637586756719352,0.47731059119998814
R175,1825.0,241451.05923051448,362669.9446759826,3.5350000858306885,2.0221806040973154,0.4715452186379658,1.9794442420082388,0.46457453478437494,1.9523113637656635,0.4571924194445406
R175,1830.0,241451.4950092282,362664.9637024921,3.0625,2.000657223907626,0.43881931485291087,1.9642331088421958,0.4323324062999297,1.9410770326971112,0.42546262018374975
R175,1835.0,241451.93078794196,362659.98272900167,2.6424999237060547,1.9791061077528096,0.4064579387274689,1.9490053681623987,0.4004494167934025,1.9298338597307398,0.3940862531624576
R175,1840.0,241452.3665666557,362655.0017555112,2.432499885559082,1.9575272556326146,0.3744610902613567,1.9337610199686686,0.36892556626451456,1.9185818448664167,0.36306331838038947
R175,1845.0,241452.80234536942,362650.02078202076,2.244999885559082,1.9359206675471676,0.34282876945471,1.9185000642610952,0.3377608547133991,1.9073209881042086,0.3323938158376768
R175,1850.0,241453.23812408317,362645.03980853024,1.8975000381469727,,,,,,
R175,1855.0,241453.6739027969,362640.0588350398,1.649999976158142,,,,,,
R175,1860.0,241454.10968151066,362635.07786154933,1.475000023841858,,,,,,
R175,1865.0,241454.54546022438,362630.0968880589,1.3949999809265137,,,,,,
R175,1870.0,241454.9812389381,362625.1159145684,1.247499942779541,,,,,,
R175,1875.0,241455.41701765187,362620.13494107797,1.1349999904632568,,,,,,
R175,1880.0,241455.8527963656,362615.1539675875,0.9375,,,,,,
R175,1885.0,241456.28857507935,362610.17299409705,0.8525000214576721,,,,,,
R175,1890.0,241456.72435379308,362605.1920206066,0.5249999761581421,,,,,,
R175,1895.0,241457.1601325068,362600.21104711614,0.47749999165534973,,,,,,
R175,1900.0,241457.59591122056,362595.2300736257,0.4449999928474426,,,,,,
R175,1905.0,241458.0316899343,362590.24910013523,0.38749998807907104,,,,,,
R175,1910.0,241458.467468648,362585.2681266448,0.32749998569488525,,,,,,
R175,1915.0,241458.90324736177,362580.2871531543,0.20499999821186066,,,,,,
R175,1920.0,241459.3390260755,362575.30617966386,0.20999999344348907,,,,,,
R175,1925.0,241459.77480478925,362570.3252061734,0.3149999976158142,,,,,,
R175,1930.0,241460.21058350298,362565.34423268295,0.29499998688697815,,,,,,
R175,1935.0,241460.6463622167,362560.3632591925,0.28999999165534973,,,,,,
R175,1940.0,241461.08214093046,362555.38228570204,0.33500000834465027,,,,,,
R175,1945.0,241461.5179196442,362550.4013122115,0.36500000953674316,,,,,,
R225,0.0,240220.6227199786,363416.62271997856,1.3899999856948853,,,,,,
R225,5.0,240224.15825388453,363420.1582538845,1.5299999713897705,,,,,,
R225,10.0,240227.69378779046,363423.6937877904,1.6100000143051147,,,,,,
R225,15.0,240231.2293216964,363427.2293216964,1.8224999904632568,,,,,,
R225,20.0,240234.76485560232,363430.7648556023,2.0299999713897705,,,,,,
R225,25.0,240238.30038950825,363434.30038950825,2.1675000190734863,,,,,,
R225,30.0,240241.83592341418,363437.83592341415,2.25,,,,,,
R225,35.0,240245.3714573201,363441.3714573201,2.4625000953674316,,,,,,
R225,40.0,240248.90699122605,363444.906991226,2.8299999237060547,,,,,,
R225,45.0,240252.44252513198,363448.442525132,3.5903079509735107,,,,,,
R225,50.0,240255.9780590379,363451.9780590379,4.732500076293945,,,,,,
R225,55.0,240259.51359294384,363455.51359294384,8.607500076293945,,,,,,
R225,60.0,240263.04912684977,363459.04912684974,11.600000381469727,,,,,,
R225,65.0,240266.58466075573,363462.5846607557,11.5649995803833,,,,,,
R225,70.0,240270.12019466166,363466.1201946616,11.180000305175781,,,,,,
R225,75.0,240273.6557285676,363469.65572856757,10.567500114440918,,,,,,
R225,80.0,240277.19126247353,363473.19126247347,9.867500305175781,,,,,,
R225,85.0,240280.72679637946,363476.72679637943,9.395000457763672,,,,,,
R225,90.0,240284.2623302854,363480.26233028533,8.97249984741211,,,,,,
R225,95.0,240287.79786419132,363483.7978641913,8.899999618530273,,,,,,
R225,100.0,240291.33339809725,363487.3333980972,8.654999732971191,2.8627689480979273,0.8397246286848902,2.780516742730944,0.8273112806456638,2.694759736349779,0.8141652581340818
R225,105.0,240294.86893200318,363490.86893200316,8.057499885559082,2.91553865045346,0.8582378525305021,2.828612668218943,0.845550830142309,2.737862011909856,0.8321149801694111
R225,110.0,240298.40446590912,363494.40446590906,6.715000152587891,2.970307826801247,0.8751293901999084,2.878706479164267,0.8621926662679402,2.7829378071781585,0.8484923765885151
R225,115.0,240301.93999981505,363497.939999815,5.922500133514404,3.0247229266455005,0.8917313851937655,2.9284235523853286,0.8785492399235613,2.82760749078676,0.8645890433742068
R225,120.0,240305.47553372098,363501.475533721,4.527500152587891,3.0787839499854854,0.908043837511874,2.97776388788144,0.8946205511089762,2.8718710627350243,0.8804049805262932
R225,125.0,240309.0110676269,363505.0110676269,5.039999961853027,3.1324908968204808,0.9240667471540458,3.0267274856519304,0.910406599823999,2.9157285230223344,0.8959401880445916
R225,130.0,240312.54660153284,363508.54660153284,4.84250020980835,3.1852311120679206,0.9395220671515319,3.0746486953897154,0.9256334493685101,2.9584605295902606,0.9109250820984629
R225,135.0,240316.08213543877,363512.08213543874,4.09499979019165,3.2391156206387084,0.9538380558623161,3.1236975020939406,0.9397378099521527,3.0022875246016816,0.924805323603811
R225,140.0,240319.6176693447,363515.6176693447,4.28000020980835,3.2938120242659954,0.9673790692140314,3.173554745417336,0.9530786513595428,3.046906452316807,0.9379341782953057
R225,145.0,240323.15320325064,363519.1532032506,4.070000171661377,3.348089751212222,0.9806788721477693,3.2229713230750963,0.9661818480760622,3.091055878857749,0.9508291644833556
R225,150.0,240326.68873715657,363522.68873715657,3.8575000762939453,3.4019488014789143,0.9937374646638519,3.2719472350686476,0.9790474001020284,3.134735804225825,0.9634902821682729
R225,155.0,240330.2242710625,363526.22427106247,4.03000020980835,3.455333911881963,1.006530651936185,3.3204226423643837,0.9916514702747844,3.177881922557722,0.9758940729612477
R225,160.0,240333.75980496843,363529.75980496843,4.510000228881836,3.507478134717819,1.0187292826962244,3.3675674212333653,1.0036697730509527,3.219602346039854,0.9877214042343152
R225,165.0,240337.29533887436,363533.29533887433,3.869999885559082,3.5618645991506357,1.0297639017035811,3.4169885616931808,1.0145412712427493,3.2636169916195037,0.9984201537119721
R225,170.0,240340.8308727803,363536.8308727803,4.097499847412109,3.615973453585883,1.0405169340540763,3.466114839860079,1.0251353453722498,3.307311620389945,1.0088458874111947
R225,175.0,240344.36640668623,363540.3664066862,4.139999866485596,3.66960841041686,1.051056881495152,3.514745886621306,1.0355194845501297,3.350482448122337,1.0190650220369175
R225,180.0,240347.90194059216,363543.90194059216,4.302499771118164,3.7227694696451348,1.0613837440270728,3.5628817019783305,1.0456936887766493,3.3931294748180423,1.0290775575893967
R225,185.0,240351.4374744981,363547.43747449806,4.150000095367432,3.7750971110890816,1.07133923578669,3.6101339928179756,1.0555020120718117,3.4348373750904515,1.0387300260789758
R225,190.0,240354.97300840405,363550.973008404,3.752500057220459,3.8271914073797317,1.0806299703902424,3.6571097243510375,1.064655405077556,3.476219225691027,1.0477379711580537
R225,195.0,240358.50854230998,363554.5085423099,3.942500114440918,3.880815276059365,1.0891328141701666,3.705647656413722,1.0730325543671697,3.519184618793526,1.0559820070770507
R225,200.0,240362.0440762159,363558.0440762159,3.8499999046325684,3.9339162657246227,1.0974394839230266,3.753642036880117,1.08121642960001,3.561577935163262,1.0640358400748429
R225,205.0,240365.57961012184,363561.5796101218,3.634999990463257,3.9864943763738765,1.1055499796486004,3.8010928657486938,1.0892070307758577,3.6033991747988154,1.0718994701512148
R225,210.0,240369.11514402778,363565.11514402775,4.010000228881836,4.038549608008745,1.1134643013471066,3.8480001430209723,1.0970043578949291,3.6446483377015975,1.0795728973063792
R225,215.0,240372.6506779337,363568.65067793365,3.7874999046325684,4.089411589331462,1.1208758048794403,3.893641673535377,1.1043062998284574,3.6845563679502593,1.0867588109742972
R225,220.0,240376.18621183964,363572.1862118396,3.9375,4.141227867323775,1.1275802918111688,3.940253345127239,1.1109116767342384,3.7254438398589347,1.0932592280717053
R225,225.0,240379.72174574557,363575.7217457455,3.9649999141693115,4.193540484492674,1.133844356161824,3.987374562425339,1.1170831416680196,3.7668455244898924,1.09933262808261
R225,230.0,240383.2572796515,363579.2572796515,3.922499895095825,4.245285431052477,1.1399219970892154,4.033908073272187,1.123070939009149,3.8076307972501957,1.105225278989179
R225,235.0,240386.79281355743,363582.79281355743,4.09250020980835,4.296462707002348,1.14581321459325,4.079853877666995,1.128875068757535,3.8477996581391123,1.1109371807913226
R225,240.0,240390.32834746336,363586.32834746334,4.067500114440918,4.346988903165924,1.1514774577964297,4.125122358916493,1.1344555794847593,3.8872571180211626,1.1164290168910536
R225,245.0,240393.8638813693,363589.8638813693,4.090000152587891,4.396121319213656,1.156557803507334,4.168916094511098,1.1394608242669388,3.9251579312204243,1.1213547280537746
R225,250.0,240397.39941527523,363593.3994152752,4.164999961853027,4.447333887340326,1.1609303898838794,4.214866804677483,1.143768772267182,3.9652887569036332,1.1255942225194135
R225,255.0,240400.93494918116,363596.93494918116,4.164999961853027,4.498044470626328,1.1651001513883332,4.260299912588677,1.147876893682682,4.004876943313392,1.129637065655913
R225,260.0,240404.4704830871,363600.47048308706,4.352499961853027,4.548145811631169,1.169087997241879,4.305104281510323,1.1518057886411035,4.043807243859923,1.1335035302537575
R225,265.0,240408.00601699302,363604.006016993,4.385000228881836,4.59763791035655,1.1728939274446626,4.349279911444021,1.1555554571425897,4.082079658544719,1.1371936163130878
R225,270.0,240411.54155089895,363607.5415508989,4.210000038146973,4.646120060241454,1.1763113885223961,4.392397993143163,1.15892239911879,4.119241903884543,1.1405070573930176
R225,275.0,240415.07708480489,363611.0770848049,4.380000114440918,4.6943184087339,1.1791436054132582,4.435210940818107,1.1617127483630536,4.156077137227981,1.1432530678317607
R225,280.0,240418.61261871082,363614.6126187108,4.537499904632568,4.743842620964436,1.1814902894424018,4.479410297687062,1.1640247422037713,4.194357421403443,1.1455283239610674
R225,285.0,240422.14815261675,363618.14815261675,4.539999961853027,4.792719216119297,1.1836552316091589,4.522942901374374,1.166157680806878,4.231941076821644,1.1476273700505013
R225,290.0,240425.68368652268,363621.68368652265,4.494999885559082,4.840948194196745,1.1856384319134137,4.565808751878397,1.16811156417226,4.268828103481047,1.1495502060999496
R225,295.0,240429.2192204286,363625.2192204286,4.599999904632568,4.88852955519851,1.187439890355279,4.608007849200771,1.169886392300028,4.305018501383181,1.1512968321095218
R225,300.0,240432.75475433454,363628.7547543345,4.715000152587891,4.934721704453899,1.1886521354712012,4.648750193805625,1.1710807172311481,4.3396829161863115,1.1524721791506998
R225,305.0,240436.29028824047,363632.2902882405,4.822500228881836,4.981927496476345,1.1893477561212813,4.690557314287312,1.1717660547706357,4.375467453590923,1.153146626638356
R225,310.0,240439.82582214643,363635.8258221464,5.067500114440918,5.029485034327772,1.1897421555563428,4.732743212534421,1.1721546239403033,4.4116532895974725,1.1535290214221814
R225,315.0,240443.36135605237,363639.36135605234,5.237500190734863,5.076360619497511,1.1899511489833126,4.774228170007505,1.1723605278924063,4.447107342931273,1.1537316535489626
R225,320.0,240446.8968899583,363642.89688995824,5.042500019073486,5.122554251983738,1.1899747364020856,4.815012186704808,1.1723837666268415,4.481829613590653,1.1537545230185975
R225,325.0,240450.43242386423,363646.4324238642,4.960000038146973,5.167946266807611,1.189741653844907,4.854968310332805,1.1721541296455324,4.515687412011589,1.1535285349817503
R225,330.0,240453.96795777016,363649.9679577701,4.925000190734863,5.211775127408363,1.1888037414426498,4.893288923603393,1.1712300820659816,4.547835675717546,1.1526191705698927
R225,335.0,240457.5034916761,363653.50349167606,5.364999771118164,5.257955641166017,1.1874623968784235,4.93408980226227,1.169908566117433,4.582610487374971,1.1513186535836457
R225,340.0,240461.03902558202,363657.03902558197,5.227499961853027,5.3034538594433425,1.1859268700992496,4.974190780323511,1.1683957384799832,4.616655213814515,1.1498298648619314
R225,345.0,240464.57455948796,363660.5745594879,5.057499885559082,5.3482417239798785,1.1841990579443398,5.013562440885323,1.1666934679525494,4.64993879719315,1.1481546435083476
R225,350.0,240468.1100933939,363664.1100933939,5.247499942779541,5.392319234774716,1.1822789604136614,5.052204783946843,1.1648017545350995,4.682461237510059,1.146292989522863
R225,355.0,240471.64562729982,363667.6456272998,5.599999904632568,5.435203677483362,1.1798533442571517,5.0896075185134295,1.1624119953923757,4.713690317020402,1.1439412037865273
R225,360.0,240475.18116120575,363671.18116120575,6.327499866485596,5.477902304515384,1.176839645400932,5.12683001987892,1.159442846965595,4.744751716964175,1.1410192352942545
R225,365.0,240478.71669511168,363674.71669511165,7.534999847412109,5.522082821785947,1.1735803359414207,5.165630848060513,1.1562317187089914,4.777503464934863,1.1378591320451839
R225,370.0,240482.2522290176,363678.2522290176,9.712499618530273,5.565534234678047,1.1701202765464263,5.203683834311531,1.1528228081312089,4.809475087587867,1.1345043892470756
R225,375.0,240485.78776292354,363681.7877629235,10.454999923706055,5.608256543189828,1.1664594672159065,5.2409889786302015,1.1492161152322058,4.840666584921513,1.1309550068998884
R225,380.0,240489.32329682948,363685.3232968295,13.039999961853027,5.6502497473231355,1.1625979079499003,5.277546281018285,1.1454116400120204,4.87107795693746,1.1272109850036607
R225,385.0,240492.8588307354,363688.8588307354,12.890000343322754,5.690612591505406,1.157885511145792,5.312404623585619,1.1407689048799343,4.899716714896836,1.122642023192402
R225,390.0,240496.39436464134,363692.39436464134,12.770000457763672,5.732468750108112,1.1528868592525863,5.348862561591024,1.1358441462650766,4.9300894343610295,1.1177955192672828
R225,395.0,240499.92989854727,363695.92989854724,12.755000114440918,5.774770665445665,1.1477238529862384,5.385814786267172,1.1307574628688346,4.96101098859685,1.1127896635546102
R225,400.0,240503.4654324532,363699.4654324532,13.524999618530273,5.816341801919639,1.142354574256411,5.422018675873684,1.1254675562609682,4.991153131933965,1.1075838138585086
R225,405.0,240507.00096635913,363703.0009663591,13.774999618530273,5.857182159528133,1.136779023063078,5.457474230408738,1.1199744264414515,5.020515864370647,1.102177970178952
R225,410.0,240510.53650026507,363706.53650026507,13.385000228881836,5.897112503406192,1.1308491734177835,5.491992297917065,1.1141322356369314,5.048901491373628,1.0964286121129612
R225,415.0,240514.072034171,363710.07203417097,13.385000228881836,5.935355672715541,1.1238689767833652,5.524752305585776,1.1072552247461582,5.0754524023520595,1.0896608773097434
R225,420.0,240517.60756807693,363713.6075680769,14.227499961853027,5.976860107927095,1.1170735181224218,5.560998090675766,1.100560220913648,5.105780250005621,1.0830722574624545
R225,425.0,240521.14310198286,363717.14310198283,13.595000267028809,6.017664233744757,1.110080909947891,5.596529670168763,1.0936709819581087,5.135367938253574,1.0762924888991021
R225,430.0,240524.6786358888,363720.6786358888,12.630000114440918,6.057768050170502,1.102891152259795,5.631347044066671,1.0865875078795622,5.164215467097737,1.0693215716197075
R225,435.0,240528.21416979475,363724.2141697947,12.020000457763672,6.097171557202205,1.0955042450580494,5.665450212367413,1.0793097986779254,5.192322836536088,1.0621595056241893
R225,440.0,240531.74970370068,363727.74970370065,11.962499618530273,6.135234163719241,1.0873018026804546,5.69816142857803,1.0712286100644801,5.2189778409594085,1.0542067275496407
R225,445.0,240535.28523760661,363731.28523760656,12.145000457763672,6.173596117394908,1.0785371907172165,5.731226893505104,1.0625935622167733,5.246070834343163,1.0457088910950307
R225,450.0,240538.82077151255,363734.8207715125,12.2475004196167,6.214283861359433,1.0701302578922154,5.7668029116015305,1.0543109060648714,5.27591963774423,1.0375578468124766
R225,455.0,240542.35630541848,363738.3563054184,12.270000457763672,6.25436345535395,1.0615777747196327,5.801765880984114,1.0458848511839802,5.305142702277118,1.0292656824147532
R225,460.0,240545.8918393244,363741.8918393244,12.092499732971191,6.293834899380523,1.052879741199499,5.836115801654856,1.0373153975741296,5.333740027943755,1.0208323979018898
R225,465.0,240549.42737323034,363745.42737323034,11.967499732971191,6.332698193438116,1.0440361573317982,5.86985267361275,1.0286025452353038,5.361711614743171,1.0122579932738716
R225,470.0,240552.96290713627,363748.96290713624,10.979999542236328,6.3697958397428645,1.033696741579463,5.901747602684115,1.0184159733581692,5.387759776897822,1.0022332865934063
R225,475.0,240556.4984410422,363752.4984410422,11.954999923706055,6.409852768653927,1.0239341669594717,5.936845731859717,1.0087977153777838,5.4173485393201934,0.9927678632700979
R225,480.0,240560.03397494814,363756.0339749481,10.757499694824219,6.4510608653367605,1.0145737779133641,5.973216354014188,0.9995756976061724,5.448373584552413,0.9836923838764919
R225,485.0,240563.56950885407,363759.56950885407,10.585000038146973,6.4918647288286255,1.0052188416222376,6.009196845595959,0.9903590519834204,5.479024161922513,0.974622191267999
R225,490.0,240567.10504276,363763.10504275997,10.53499984741211,6.532264359127345,0.9958693580860256,6.044787206602901,0.981147778509462,5.50930027142842,0.9655572854445541
R225,495.0,240570.64057666593,363766.64057666593,11.162500381469727,6.572028817994998,0.9861745743405861,6.079741806326551,0.9715963092754406,5.538943347362909,0.9561575895906925
R225,500.0,240574.17611057186,363770.17611057183,11.4375,6.610661218252266,0.9750188833608137,6.113535217622681,0.9606055288748351,5.567415192172377,0.9453414533051526
R225,505.0,240577.7116444778,363773.7116444778,11.654999732971191,6.654741703719059,0.9659216966264645,6.153218820751792,0.9516428225896008,5.602390413363049,0.9365211649239018
R225,510.0,240581.24717838372,363777.2471783837,11.140000343322754,6.698780890578975,0.9571544264473074,6.192908647059761,0.9430051558214347,5.637437474216418,0.9280207511636203
R225,515.0,240584.78271228966,363780.78271228966,10.5600004196167,6.742778778834374,0.9487170728234818,6.232604696548911,0.9346925285704748,5.6725563747347705,0.9198402120244434
R225,520.0,240588.3182461956,363784.31824619556,10.449999809265137,6.7867353684828995,0.9406096357548435,6.272306969216921,0.9267049408365784,5.70774711491582,0.9119795475062311
R225,525.0,240591.85378010152,363787.8537801015,10.477499961853027,6.8303501403887585,0.9319008914132001,6.311700407698031,0.9181249347394622,5.742703403820037,0.9035358781857091
R225,530.0,240595.38931400745,363791.3893140074,10.117500305175781,6.876139688369741,0.9236720067836058,6.353490179252469,0.9100176947603604,5.7803896893634805,0.8955574627031515
R225,535.0,240598.92484791338,363794.9248479134,9.899999618530273,6.9258446121248625,0.9173886324320628,6.399543741400899,0.9038272052785542,5.8228231014434,0.8894653404453225
R225,540.0,240602.4603818193,363798.4603818193,9.877500534057617,6.975944482400424,0.9118794593744368,6.446080556882615,0.8983994723505732,5.865865712481501,0.8841238544970347
R225,545.0,240605.99591572525,363801.99591572525,9.502500534057617,7.026439299198979,0.9071444876109841,6.493100625700153,0.8937344959766702,5.909517522480315,0.8795330048585362
R225,550.0,240609.53144963118,363805.53144963115,9.569999694824219,7.07732906251796,0.9031837171414355,6.54060394785096,0.8898322761565798,5.9537785314372975,0.8756927915295661
R225,555.0,240613.0669835371,363809.0669835371,9.27750015258789,7.129631825809652,0.8996106603234723,6.589707972903907,0.8863120385562069,5.99997661406096,0.8722284907014833
R225,560.0,240616.60251744307,363812.602517443,8.5649995803833,7.186024105081516,0.8976113008297679,6.643268815674173,0.8843422348768988,6.051135055884783,0.8702899873127734
R225,565.0,240620.138051349,363816.138051349,8.524999618530273,7.244144603080727,0.8967551123408071,6.698750144839902,0.8834987031153253,6.104474828118522,0.869459859318056
R225,570.0,240623.67358525493,363819.6735852549,9.257499694824219,7.302811534931001,0.8968483652648529,6.754883860154697,0.8835905775148298,6.1586161783781055,0.8695502738282204
R225,575.0,240627.20911916086,363823.20911916083,9.795000076293945,7.362024900635098,0.8978910596022782,6.811669961621327,0.8846178580757784,6.213559106666325,0.8705612308436271
R225,580.0,240630.7446530668,363826.7446530668,8.925000190734863,7.422435710228772,0.900134304138779,6.8698165878477475,0.8868279415327408,6.2701149817076995,0.8727361959509005
R225,585.0,240634.28018697273,363830.2801869727,8.532499313354492,7.4860307903498935,0.904242542887599,6.931481967287379,0.8908754496613938,6.3307401383657345,0.8767193889491002
R225,590.0,240637.81572087866,363833.81572087866,8.5625,7.552128654250435,0.908092622935442,6.995885623039138,0.8946686153565765,6.394365739430778,0.8804522810293129
R225,595.0,240641.3512547846,363837.35125478456,8.614999771118164,7.618433964910897,0.9125647844459737,7.0605795905589455,0.89907466650727,6.4583896149377775,0.8847883197808826
R225,600.0,240644.88678869052,363840.8867886905,8.7475004196167,7.684946722334148,0.917659027419597,7.125563869849682,0.904093603113872,6.522811764889653,0.8897275052042006
R225,605.0,240648.42232259645,363844.4223225964,9.145000457763672,7.75166692651731,0.9233753518558983,7.190838460908456,0.9097254251759739,6.587632189283475,0.8952698372988651
R225,610.0,240651.95785650238,363847.9578565024,9.362500190734863,7.82079535082442,0.9307502578152136,7.258793277479611,0.9169913105452245,6.655573984702025,0.9024202673433672
R225,615.0,240655.49339040832,363851.4933904083,9.579999923706055,7.892040464964171,0.9385273151736176,7.3290980592403185,0.9246534024536504,6.726196384287813,0.9099606081829833
R225,620.0,240659.02892431425,363855.02892431425,10.462499618530273,7.963564796838774,0.9453750149082392,7.399755323112296,0.9313998750987691,6.797202638621292,0.9165998790005757
R225,625.0,240662.56445822018,363858.56445822015,11.364999771118164,8.034793252648605,0.9524048761539864,7.470163586475449,0.9383258164267195,6.8680051616510225,0.9234157667335953
R225,630.0,240666.0999921261,363862.0999921261,10.899999618530273,8.105725832396569,0.9596168989112419,7.540322849332705,0.9454312264378781,6.938603953379978,0.9304082713824131
R225,635.0,240669.63552603204,363865.635526032,10.369999885559082,8.176362536079765,0.96701108317962,7.610233111681141,0.9527161051318653,7.008999013805188,0.9375773929466554
R225,640.0,240673.17105993797,363869.171059938,10.569999694824219,8.249989493152304,0.9758799293825792,7.683460786216026,0.9614538463618896,7.083255058613059,0.946176290980009
R225,645.0,240676.7065938439,363872.7065938439,9.369999885559082,8.323738583797821,0.9834351935671312,7.756871172873268,0.9688974237854233,7.157688981373829,0.9535015895421117
R225,650.0,240680.24212774984,363876.24212774984,9.135000228881836,8.396930599980273,0.9904862662858303,7.8297486873323745,0.9758442630247355,7.2315693306906805,0.9603380431175113
R225,655.0,240683.77766165577,363879.77766165574,9.412500381469727,8.469447967824559,0.9974592008663143,7.901974036263349,0.9827141192139079,7.304796680194656,0.9670987369077411
R225,660.0,240687.3131955617,363883.3131955617,8.899999618530273,8.541290687333555,1.0043539973089088,7.973547219669094,0.9895069923532613,7.377371029888703,0.973783670913117
R225,665.0,240690.84872946763,363886.8487294676,8.90250015258789,8.61320130918915,1.0113795453470977,8.045273783750702,0.9964286842342598,7.450211702087087,0.9805953767231302
R225,670.0,240694.38426337356,363890.38426337356,8.960000038146973,8.686678897709672,1.0187377612061013,8.118778938564171,1.003678126226979,7.525161458524842,0.9877296246772642
R225,675.0,240697.9197972795,363893.91979727946,9.142499923706055,8.759676663465552,1.0246536310095247,8.191816821886306,1.0095065438486133,7.599539862051609,0.9934654284170206
R225,680.0,240701.45533118543,363897.4553311854,9.237500190734863,8.831772283375479,1.030392363827048,8.26396413379732,1.015160443036886,7.673000691026463,0.9990294868310785
R225,685.0,240704.9908650914,363900.9908650913,9.670000076293945,8.902965757436515,1.0359539596583827,8.335220874294235,1.0206398237915126,7.7455439454463875,1.0044217999191585
R225,690.0,240708.52639899732,363904.5263989973,9.699999809265137,8.973257085651696,1.0413384185038344,8.405587043380132,1.0259446861127945,7.817169625314503,1.0096423676815565
R225,695.0,240712.06193290325,363908.06193290325,9.154999732971191,9.044027987053644,1.04672941992287,8.476564275240456,1.0312559942911426,7.889597118424028,1.0148692788759905
R225,700.0,240715.59746680918,363911.59746680915,9.03499984741211,9.115020562438222,1.0515567151069887,8.547855402558476,1.0360119293016925,7.962420411064542,1.0195496418133132
R225,705.0,240719.1330007151,363915.1330007151,8.934999465942383,9.185305200601716,1.0556165658154228,8.618448429903202,1.0400117646930263,8.03446637130653,1.023485919596643
R225,710.0,240722.66853462104,363918.668534621,9.202499389648438,9.254557892485117,1.0594800195845473,8.688018506215457,1.0438181064105732,8.105448909324958,1.027231778331481
R225,715.0,240726.20406852697,363922.204068527,9.170000076293945,9.322778638091162,1.0631470764145767,8.756565631498017,1.0474309544545448,8.17536802512263,1.0307872180180353
R225,720.0,240729.7396024329,363925.7396024329,9.175000190734863,9.38996743741713,1.0666177363053002,8.824089805748125,1.0508503088247325,8.244223718696757,1.0341522386561008
R225,725.0,240733.27513633884,363929.27513633884,9.175000190734863,9.457769392005657,1.0698464668235252,8.892388600478004,1.0540313101775767,8.314082092408123,1.0372826937195958
R225,730.0,240736.81067024477,363932.81067024474,8.889999389648438,9.525161820557997,1.072244245919446,8.960293997658692,1.0563936437650003,8.383475803136472,1.039607489694236
R225,735.0,240740.3462041507,363936.3462041507,8.762499809265137,9.591600753134012,1.07429326760883,9.027255416921879,1.0584123755015593,8.451867808345847,1.041594143670632
R225,740.0,240743.88173805663,363939.8817380566,8.8725004196167,9.656933543902944,1.0761525727687868,9.093121130565931,1.0602441952201103,8.519117218644189,1.0433968556714361
R225,745.0,240747.41727196256,363943.41727196256,9.417499542236328,9.721160192867455,1.0778221613994854,9.157891138593541,1.0618891029208202,8.58522403403422,1.0450156256968124
R225,750.0,240750.9528058685,363946.95280586847,9.837499618530273,9.784645189764085,1.079228707700889,9.221967164762328,1.063274856752658,8.650651104331025,1.046379359822783
R225,755.0,240754.48833977443,363950.4883397744,9.925000190734863,9.848079977395308,1.0801563472179312,9.286101567401953,1.064188783307383,8.716244811570029,1.0472787640334558
R225,760.0,240758.02387368036,363954.02387368033,10.09000015258789,9.911133987335115,1.0803749485305896,9.349849969106003,1.0644041531152268,8.781369332343846,1.0474907116030137
R225,765.0,240761.5594075863,363957.5594075863,10.452500343322754,9.973041240011607,1.0804081996087809,9.412464875614482,1.06443691265465,8.845311127792728,1.0475229505915267
R225,770.0,240765.09494149222,363961.0949414922,10.307499885559082,10.033801735422188,1.0802561004523705,9.473946286924756,1.0642870619255214,8.908070197914018,1.0473754809988645
R225,775.0,240768.63047539815,363964.63047539815,10.267499923706055,10.093415473569436,1.07991865106149,9.534294203039437,1.0639546009279695,8.96964654271035,1.0470483028251543
R225,780.0,240772.16600930408,363968.16600930406,10.787500381469727,10.152477894064255,1.079130283852428,9.594178689705654,1.063177887868637,9.030814897587833,1.046283931779763
R225,785.0,240775.70154321002,363971.70154321,10.670000076293945,10.211245685794562,1.0777559930509852,9.653808811744678,1.0618239127152695,9.091731191318997,1.0449514713672858
R225,790.0,240779.23707711595,363975.2370771159,10.567500114440918,10.269410298376382,1.0759458635308323,9.712827916702102,1.0600405416906722,9.151975047395183,1.0431964382079804
R225,795.0,240782.77261102188,363978.7726110219,10.670000076293945,10.326411208587096,1.0739393408802425,9.770699259075467,1.0580636807448558,9.211022206839392,1.0412509896931217
R225,800.0,240786.3081449278,363982.3081449278,10.542499542236328,10.382248416424197,1.0717364250991162,9.827422838862226,1.0558933298777218,9.268872669649056,1.039115125822613
R225,805.0,240789.84367883374,363985.84367883374,10.522500038146973,10.436921921890168,1.0693371161875491,9.882998656064904,1.0535294890893654,9.325526435826715,1.0367888465965478
R225,810.0,240793.3792127397,363989.3792127397,10.582500457763672,10.491075378564084,1.066177438315166,9.938179237598437,1.0504165196018602,9.381856740215662,1.0337253423682498
R225,815.0,240796.91474664563,363992.9147466456,10.462499618530273,10.545141104725836,1.0625277451450015,9.993229362783232,1.0468207785369936,9.43800330694705,1.0301867378299487
R225,820.0,240800.45028055157,363996.45028055157,10.467499732971191,10.59827585394191,1.0586024594778116,10.047351842502342,1.0429535189601529,9.49317345034459,1.0263809292240103
R225,825.0,240803.9858144575,363999.98581445747,10.609999656677246,10.650250031581537,1.0544523632132763,10.100331230145844,1.038864772080407,9.54715364877415,1.0223571527607929
R225,830.0,240807.52134836343,364003.5213483634,11.3149995803833,10.701063637647154,1.0500774563514648,10.152167525716216,1.0345545378978234,9.599943902238213,1.0181154084403627
R225,835.0,240811.05688226936,364007.05688226933,10.582500457763672,10.750855282936472,1.0452430639657795,10.203032168753824,1.0297916106010871,9.651743272359967,1.0134281643246748
R225,840.0,240814.5924161753,364010.5924161753,10.579999923706055,10.800044166033622,1.0395942441360364,10.253370440653061,1.0242262952491341,9.703033272484465,1.0079512821448302
R225,845.0,240818.12795008122,364014.1279500812,11.657500267028809,10.849390202558885,1.0336724121284213,10.303778942583586,1.0183920035604292,9.75434708205869,1.0022096976772636
R225,850.0,240821.66348398715,364017.66348398715,12.295000076293945,10.897600749512954,1.0274906021609265,10.353068759160477,1.0123015770727934,9.804498478001607,0.9962160484070416
R225,855.0,240825.1990178931,364021.19901789306,15.890000343322754,10.944675806893429,1.0210488142335032,10.401239890381314,1.0059550157861785,9.853487460310783,0.9899703343341166
R225,860.0,240828.73455179902,364024.734551799,17.850000381469727,10.990615374702685,1.0143470483461963,10.448292336248494,0.9993523197006288,9.901314028988626,0.9834725554585322
R225,865.0,240832.27008570495,364028.2700857049,18.22249984741211,11.03559283190483,1.0066544729195164,10.4944721619572,0.9917734608578109,9.94826676407867,0.9760141251064679
R225,870.0,240835.80561961088,364031.8056196109,18.147499084472656,11.080495612478002,0.9984788155840041,10.540542413770417,0.9837186613327816,9.99509249953702,0.9680873167962404
R225,875.0,240839.3411535168,364035.3411535168,19.322500228881836,11.125259609304475,0.9902663383255017,10.58639493272052,0.9756275861804812,10.041661646923226,0.9601248092804869
R225,880.0,240842.87668742274,364038.87668742274,19.670000076293945,11.168947698805933,0.9817857952919209,10.631183202509309,0.9672724079733235,10.087126204404072,0.9519023953221841
R225,885.0,240846.41222132868,364042.41222132865,19.6924991607666,11.211559880980028,0.9730371864832266,10.674907223134412,0.9586531267112737,10.131486171977178,0.943420074921298
R225,890.0,240849.9477552346,364045.9477552346,19.207500457763672,11.253096155829095,0.9640205118994492,10.717566994598178,0.9497697423943621,10.174741549644912,0.9346778480778585
R225,895.0,240853.48328914054,364049.4832891405,17.922500610351562,11.29366371711495,0.9530455552834717,10.759389212271104,0.9389570246262682,10.217166171505536,0.9240369449996441
R225,900.0,240857.01882304647,364053.01882304647,17.392499923706055,11.335240487533769,0.9428818597179561,10.802004135226795,0.9289435753274564,10.260349940521245,0.9141826099700472
R225,905.0,240860.5543569524,364056.5543569524,16.912500381469727,11.376223510065795,0.9327532664098193,10.843982970009264,0.918964709381941,10.302860801081538,0.9043623087623289
R225,910.0,240864.08989085833,364060.08989085833,16.27526092529297,11.416260875273025,0.9224660322338492,10.885012769021785,0.9088295476996511,10.344385092576804,0.8943881953658313
R225,915.0,240867.62542476426,364063.62542476424,16.07094955444336,11.455352583153129,0.9120201571899875,10.925093532262004,0.8985380902805298,10.384922815004693,0.8842602697804984
R225,920.0,240871.1609586702,364067.1609586702,16.854999542236328,11.49351549756251,0.9006208269607332,10.964281994571959,0.8873072722621049,10.424541956056986,0.8732079100883011
R225,925.0,240874.69649257613,364070.69649257616,17.760000228881836,11.531349746919608,0.8878966382788369,11.003150094715874,0.8747711806984416,10.463827793257536,0.8608710177204709
R225,930.0,240878.23202648206,364074.23202648206,17.8125,11.570807221419756,0.8773333858283623,11.043325660670352,0.86436408102083,10.50438743864832,0.8506292874385917
R225,935.0,240881.76756038802,364077.767560388,17.385000228881836,11.60958821128316,0.8670355914213164,11.082786586703962,0.8542185152155863,10.544196262209606,0.8406449352412273
R225,940.0,240885.30309429395,364081.3030942939,17.068370819091797,11.647692716507999,0.8570032550577996,11.121532872814877,0.8443344832828097,10.583254263939553,0.830917961128475
R225,945.0,240888.83862819988,364084.8386281999,16.773189544677734,11.685120737096348,0.847236376737833,11.159564519005178,0.8347119852225211,10.62156144384025,0.8214483651003555
R225,950.0,240892.3741621058,364088.3741621058,16.635000228881836,11.722132080967434,0.8359639081879864,11.197189488748336,0.8236061535328111,10.65944115015314,0.8105190056971088
R225,955.0,240895.90969601175,364091.90969601175,16.164260864257812,11.76046457131935,0.8262091427930662,11.235882399408062,0.8139955893365599,10.698361545924646,0.8010611539032468
R225,960.0,240899.44522991768,364095.44522991765,15.907500267028809,11.799954844435424,0.8190081832954957,11.27545932707561,0.8069010790409001,10.738130558390043,0.7940793757728273
R225,965.0,240902.9807638236,364098.9807638236,15.774209976196289,11.83917021294549,0.8129010065885067,11.314669446557355,0.8008841825370676,10.777496322097731,0.7881580880908381
R225,970.0,240906.51629772954,364102.5162977295,15.727069854736328,11.878110676847127,0.8078876126717908,11.3535127578509,0.7959448998247589,10.81645883704532,0.7832972908569797
R225,975.0,240910.05183163547,364106.0518316355,15.578729629516602,11.9167997531442,0.8039568111893178,11.392011324604526,0.7920722059709638,10.855040278295752,0.7794861343250449
R225,980.0,240913.5873655414,364109.5873655414,15.38582992553711,11.956950984579302,0.800831419310885,11.431761082472498,0.7889930156398759,10.894843491348396,0.7764558725004664
R225,985.0,240917.12289944733,364113.12289944733,14.98799991607666,11.99891426093832,0.8005287493477716,11.472964545211859,0.7886948199382985,10.93607199286075,0.7761624151452504
R225,990.0,240920.65843335327,364116.65843335324,14.000530242919922,12.04100065136346,0.8017946669016234,11.514149054077293,0.7899420238869335,10.977246875003,0.7773898009534059
R225,995.0,240924.1939672592,364120.1939672592,14.034250259399414,12.082966139560734,0.8044876098582734,11.555101569023826,0.7925951580335797,11.018154009641748,0.7800007766501255
R225,1000.0,240927.72950116513,364123.7295011651,13.892499923706055,12.124810725527679,0.8086075782172387,11.595822090049033,0.7966542223777614,11.058793396774572,0.7839953422349416
R225,1005.0,240931.26503507106,364127.26503507106,13.082500457763672,12.16768835153445,0.815100696549941,11.637348807234163,0.8030513552706541,11.100200148246328,0.790290824328513
R225,1010.0,240934.800568977,364130.80056897696,12.732500076293945,12.212548001883512,0.8242131075480015,11.680538626136649,0.8120290607647427,11.143234507323903,0.7991258735803692
R225,1015.0,240938.33610288292,364134.3361028829,12.617500305175781,12.257323714958114,0.832621368298603,11.723541997240739,0.8203130252119788,11.186066121974186,0.8072782053693832
R225,1020.0,240941.87163678886,364137.8716367888,12.262499809265137,12.301671729024921,0.8417262865323056,11.766051967819976,0.8292833487045714,11.22837182816777,0.8161059899201506
R225,1025.0,240945.4071706948,364141.4071706948,12.802499771118164,12.345592044086395,0.8515278622496214,11.808068537876778,0.8389400312430251,11.270151625907062,0.8256092272331672
R225,1030.0,240948.94270460072,364144.9427046007,12.609999656677246,12.389084660140085,0.8620260954500277,11.849591707408742,0.849283072826825,11.311405515189673,0.8357879173079267
R225,1035.0,240952.47823850665,364148.47823850665,12.59867000579834,12.434582548775223,0.8753335052254766,11.892807639619033,0.8623937639357636,11.354308842599147,0.8486902788021337
R225,1040.0,240956.01377241258,364152.0137724126,12.523750305175781,12.48019006402451,0.8881710175862855,11.936035199525033,0.8750415039550417,11.397205477188676,0.861137045525372
R225,1045.0,240959.5493063185,364155.5493063185,12.510470390319824,12.52486584929624,0.8998831138909549,11.978339000090287,0.8865804645401573,11.439161448476346,0.8724926513816429
R225,1050.0,240963.08484022444,364159.0848402245,12.545999526977539,12.568793774025737,0.9116399861786595,12.01987599181216,0.8981635392010072,11.480321205917141,0.8838916703385189
R225,1055.0,240966.6203741304,364162.6203741304,12.504170417785645,12.611973838210378,0.923441634448925,12.060646174688072,0.9097907279371248,11.520684749508487,0.8953341023955402
R225,1060.0,240970.15590803634,364166.15590803634,12.57178020477295,12.65454074808171,0.9353810427844454,12.100771599600877,0.9215536402808551,11.560373334338289,0.9069101014044605
R225,1065.0,240973.69144194227,364169.69144194224,12.557820320129395,12.699168828176514,0.9491953472157071,12.14268092764494,0.9351637328037066,11.601800068653079,0.920303928796179
R225,1070.0,240977.2269758482,364173.2269758482,12.617500305175781,12.742370968866481,0.9608402352030789,12.183233964873713,0.9466364785879859,11.641873771517826,0.9315943720084945
R225,1075.0,240980.76250975413,364176.7625097541,12.739509582519531,12.784623029525829,0.9721051703314375,12.22284679114752,0.9577348882201122,11.680982863711968,0.9425164272910428
R225,1080.0,240984.29804366006,364180.29804366006,12.9350004196167,12.825972021366816,0.9831728372863999,12.261560541607302,0.968638945823507,11.719165536829973,0.9532472188094623
R225,1085.0,240987.833577566,364183.83357756597,12.954999923706055,12.86641794438715,0.9940432360675897,12.299375216250821,0.9793486513977998,11.756421790869625,0.9637867465633879
R225,1090.0,240991.36911147193,364187.3691114719,13.012499809265137,12.906913598592253,1.0051463511111682,12.33716750547359,0.9902876330734303,11.793620940068147,0.9745519072085816
R225,1095.0,240994.90464537786,364190.9046453778,13.03499984741211,12.947810425021231,1.0162554431819695,12.375269039726726,1.0012325034200336,11.831101001173572,0.9853228629534369
R225,1100.0,240998.4401792838,364194.4401792838,13.057499885559082,12.987374125984708,1.0259908258092758,12.4120900908426,1.010823971377215,11.867303464500027,0.9947619219485065
R225,1105.0,241001.97571318972,364197.9757131897,13.057499885559082,13.025983691412698,1.0354828818811317,12.447968783134776,1.0201757097881552,11.902537857584703,1.0039650607132282
R225,1110.0,241005.51124709565,364201.51124709565,13.145000457763672,13.063639121307386,1.0447316113978447,12.482905116605409,1.0292877186531575,11.93680418042973,1.0129322792479
R225,1115.0,241009.04678100158,364205.04678100155,13.345000267028809,13.100340415666604,1.0537370143591123,12.516899091252359,1.0381599979719232,11.970102433033,1.0216635775522283
R225,1120.0,241012.58231490751,364208.5823149075,13.582500457763672,13.137560401438249,1.062884988935947,12.551329699647436,1.047172741321194,12.00379688028593,1.0305331079057627
R225,1125.0,241016.11784881345,364212.1178488134,13.904999732971191,13.174070801896672,1.071235495023307,12.58505712607339,1.0553998048716862,12.036784417426945,1.038629442956449
R225,1130.0,241019.65338271938,364215.6533827194,14.079999923706055,13.209448062488908,1.0789047969728935,12.617680178376748,1.062955734280885,12.068661164292342,1.0460653082248705
R225,1135.0,241023.1889166253,364219.1889166253,14.074999809265137,13.24386752120942,1.0863419599383684,12.649357991160386,1.070282956333326,12.099568600307002,1.05327610030922
R225,1140.0,241026.72445053124,364222.72445053124,14.149999618530273,13.277329178060285,1.0935469839199772,12.680090564426337,1.0773814710292513,12.129506725472943,1.0602618192097353
R225,1145.0,241030.25998443717,364226.25998443714,14.177499771118164,13.309959200291104,1.1005357740077057,12.709998055236607,1.0842669483394054,12.158594150992363,1.0670378859004501
R225,1150.0,241033.7955183431,364229.7955183431,14.15999984741211,13.343201497463376,1.10748405897296,12.74045684733117,1.091112519299784,12.188189913099382,1.0737746803555184
R225,1155.0,241037.33105224904,364233.33105224906,14.045000076293945,13.37512289345836,1.1133588622982837,12.769638169219109,1.0969004775143483,12.216532402916684,1.0794706675904364
R225,1160.0,241040.86658615497,364236.86658615497,14.037500381469727,13.406082221559927,1.1189676911613404,12.797869538212026,1.1024263930717382,12.243905482252483,1.0849087760406544
R225,1165.0,241044.4021200609,364240.4021200609,14.092499732971191,13.436101092790787,1.1243621777316513,12.825170736860704,1.10774113488163,12.270326056044961,1.0901390663060286
R225,1170.0,241047.93765396683,364243.93765396683,14.107500076293945,13.465179507148981,1.1295423220090233,12.851541765163217,1.1128447029438326,12.295794124292218,1.0951615383863718
R225,1175.0,241051.47318787276,364247.4731878728,14.050000190734863,13.493931279035156,1.1345200892792144,12.877577612807437,1.1177488856655766,12.320896420444438,1.0999877933704643
R225,1180.0,241055.00872177872,364251.0087217787,14.015000343322754,13.522497791709355,1.139079228980894,12.903421198100336,1.1222406292400282,12.345789127984625,1.1044081628883755
R225,1185.0,241058.54425568465,364254.54425568465,13.887499809265137,13.549912411428753,1.1428851424214814,12.928141300432811,1.1259902812270863,12.369576827503522,1.1080982326957083
R225,1190.0,241062.07978959059,364258.07978959056,13.774999618530273,13.57641438065389,1.1464867346244652,12.951955423338934,1.129538632384123,12.392437924487798,1.1115902003544638
R225,1195.0,241065.61532349652,364261.6153234965,13.800000190734863,13.602003699386644,1.1498840055899968,12.974863566820547,1.1328856827112883,12.414372418939282,1.114884065864789
R225,1200.0,241069.15085740245,364265.1508574024,13.957500457763672,13.62668036762515,1.1530769553179283,12.996865730875822,1.1360314322084357,12.43538031085616,1.1179798292265404
R225,1205.0,241072.68639130838,364268.6863913084,13.930000305175781,13.65142306524979,1.1560002314449433,13.018926828075411,1.1389114945927998,12.456413935904962,1.1208141272585852
R225,1210.0,241076.2219252143,364272.2219252143,13.917499542236328,13.675400975298556,1.158270613414243,13.040243155611542,1.1411483143196437,12.476716615842246,1.1230154037949036
R225,1215.0,241079.75745912024,364275.75745912024,14.022500038146973,13.698403634898241,1.1600851503100778,13.060597887902043,1.1429360275672695,12.496060534437092,1.1247747101790702
R225,1220.0,241083.29299302617,364279.29299302615,13.947500228881836,13.720528098181259,1.1616952062498351,13.080076884714856,1.1445222826274613,12.51450957442087,1.1263357595576653
R225,1225.0,241086.8285269321,364282.8285269321,13.887499809265137,13.741774365149404,1.1631007812336236,13.098680146051729,1.1459070795003259,12.532063735795317,1.1276985519307945
R225,1230.0,241090.36406083804,364286.364060838,13.922499656677246,13.762260503584221,1.1642851140633632,13.116526073592194,1.1470739047625633,12.548840203853063,1.1288468362743773
R225,1235.0,241093.89959474397,364289.89959474397,14.0024995803833,13.782891733359408,1.1651153318300773,13.134522066746998,1.1478918497177588,12.565737766932052,1.1296517840385045
R225,1240.0,241097.4351286499,364293.4351286499,14.130000114440918,13.802489438769944,1.1651408347896373,13.151516620799725,1.14791697567621,12.581676922078046,1.1296765107440725
R225,1245.0,241100.97066255583,364296.97066255583,14.215999603271484,13.821244072301939,1.1649346885603595,13.16766698193057,1.1477138768327093,12.596755542475437,1.1294766391525526
R225,1250.0,241104.50619646176,364300.50619646173,14.544249534606934,13.839160600333452,1.1645141986313245,13.18297717563317,1.1472996028554978,12.61097587175901,1.129068948012004
R225,1255.0,241108.0417303677,364304.0417303677,14.824999809265137,13.856239022866175,1.1638793650026005,13.197447201909188,1.1466741537446428,12.624337909930407,1.1284534373224928
R225,1260.0,241111.57726427363,364307.5772642736,15.052499771118164,13.87293800619196,1.1629302665937942,13.211545082246442,1.1457390855172491,12.63730780303799,1.127533227381516
R225,1265.0,241115.11279817956,364311.11279817956,14.845000267028809,13.889340810445926,1.161461524620857,13.225367662911584,1.1442920554301803,12.650003560714401,1.1261091906834388
R225,1270.0,241118.6483320855,364314.6483320855,15.207500457763672,13.904882639141611,1.159382126695705,13.238350280424001,1.1422433964988468,12.661886960444647,1.124093085057071
R225,1275.0,241122.18386599142,364318.1838659914,15.5024995803833,13.919632211046451,1.157068789371618,13.25053376276508,1.1399642564108179,12.672953433639599,1.1218501606324747
R225,1280.0,241125.71939989735,364321.7193998974,15.407500267028809,13.93358952616206,1.1545215126486266,13.261918109936408,1.137454635166124,12.68320298030082,1.1193804174096802
R225,1285.0,241129.25493380328,364325.2549338033,15.350000381469727,13.946754584486829,1.1517402965267038,13.272503321936405,1.1347145327647383,12.692635600426751,1.1166838553886609
R225,1290.0,241132.79046770922,364328.79046770924,15.612500190734863,13.959866803290568,1.1485093136065192,13.283058030129533,1.131531312306375,12.702024257087897,1.1135512164813652
R225,1295.0,241136.32600161515,364332.32600161515,16.002500534057617,13.972407328612146,1.1446406186996452,13.293071604368407,1.1277198069289271,12.710901300536705,1.1098002761374772
R225,1300.0,241139.86153552108,364335.8615355211,15.850000381469727,13.984211228217553,1.1403353882894727,13.302353213882844,1.1234782191959778,12.719051812345846,1.1056260874707629
R225,1305.0,241143.39706942704,364339.397069427,16.850000381469727,13.99527487664381,1.135764769070465,13.310882410012834,1.1189751658017815,12.726431528001008,1.1011945878467784
R225,1310.0,241146.93260333297,364342.93260333297,17.00749969482422,14.005598273893057,1.1309287610426833,13.318659192760519,1.1142106467463986,12.733040447504322,1.096505777265582
R225,1315.0,241150.4681372389,364346.4681372389,17.34749984741211,14.01529714962067,1.1257872546247365,13.325806468705789,1.1091451453739958,12.739003731843225,1.0915207669932123
R225,1320.0,241154.00367114483,364350.00367114483,16.65999984741211,14.025015954348383,1.1201084035880824,13.333007364638577,1.1035502427556834,12.745017396040927,1.0860147676903318
R225,1325.0,241157.53920505077,364353.53920505074,16.291400909423828,14.034152467123178,1.1136731549405865,13.339670365959748,1.0972101240811538,12.750547950007382,1.0797753938560346
R225,1330.0,241161.0747389567,364357.0747389567,15.941410064697266,14.042606872759391,1.1069233534451124,13.345632981801145,1.0905601024805935,12.75535793460008,1.0732310414705286
R225,1335.0,241164.61027286263,364360.6102728626,15.467499732971191,14.050379171255521,1.0998589991017067,13.350895212161296,1.0836001779540494,12.759447349817563,1.066381710533859
R225,1340.0,241168.14580676856,364364.14580676856,15.390000343322754,14.05746936261306,1.0924800919103173,13.355457057041658,1.0763303505014692,12.762816195661273,1.0592274010459752
R225,1345.0,241171.6813406745,364367.68134067446,15.612500190734863,14.064280685208676,1.0846349806716897,13.359756198240222,1.0686012107288942,12.765917165103502,1.0516210777365416
R225,1350.0,241175.21687458042,364371.2168745804,15.192500114440918,14.0709441464265,1.0761447070003647,13.363951452056648,1.0602364457284996,12.768938162278035,1.0433892293196974
R225,1355.0,241178.75240848635,364374.7524084863,15.375,14.077128809457445,1.0669977242179751,13.367693782482014,1.0512246795123248,12.771536382027186,1.034520660572566
R225,1360.0,241182.2879423923,364378.2879423923,15.017499923706055,14.08269430903788,1.0574563254645148,13.370791091340307,1.041824327834935,12.773465971257684,1.0252696810089255
R225,1365.0,241185.82347629822,364381.8234762982,15.069999694824219,14.087640645166363,1.04752051074008,13.373243378630114,1.032035390696426,12.77472692996814,1.0156362906288696
R225,1370.0,241189.35901020415,364385.35901020415,14.859999656677246,14.091967817844331,1.0371902800445691,13.375050644352843,1.021857868096697,12.77531925815994,1.005620489432299
R225,1375.0,241192.89454411008,364388.89454411005,14.5625,14.096390139194886,1.026218692284845,13.37700495548057,1.0110484693842359,12.776075604276775,0.9949828526697547
R225,1380.0,241196.430078016,364392.430078016,14.824999809265137,14.100598684892793,1.0144828381560629,13.378801120875874,0.9994861021783756,12.776720685511314,0.9836042121252677
R225,1385.0,241199.96561192194,364395.965611922,14.732500076293945,14.104350252936774,1.0021003443479624,13.380136059345652,0.987286654335684,12.776904317806693,0.9715986141908877
R225,1390.0,241203.50114582788,364399.5011458279,14.654999732971191,14.107546347344297,0.9891843091555913,13.380879491454397,0.9745615522596693,12.776467066548381,0.9590757146983431
R225,1395.0,241207.0366797338,364403.03667973384,14.977499961853027,14.110186968116748,0.9757347325787975,13.381031417203483,0.9613107959501827,12.77540893173773,0.9460355136474863
R225,1400.0,241210.57221363974,364406.57221363974,15.082500457763672,14.112426654092388,0.9617202352328715,13.380767200855644,0.9475034698927057,12.773917355261036,0.932447586773054
R225,1405.0,241214.10774754567,364410.1077475457,14.947500228881836,14.114935626288784,0.9469648019062205,13.380845186638373,0.9329661608453995,12.772803171634875,0.9181412763793119
R225,1410.0,241217.6432814516,364413.6432814516,14.770000457763672,14.117309015846072,0.9312012684344189,13.380872856046015,0.9174356540358773,12.771712315813073,0.9028575501913194
R225,1415.0,241221.17881535753,364417.17881535756,14.515000343322754,14.119182325029856,0.9146371733036406,13.380349326564637,0.9011164199832924,12.770031267079922,0.8867976296802533
R225,1420.0,241224.71434926346,364420.71434926346,14.380000114440918,14.120555553838788,0.8972725165141016,13.37927459819291,0.8840084586878573,12.76776002543411,0.8699615148463238
R225,1425.0,241228.2498831694,364424.2498831694,14.532500267028809,14.121428702274212,0.8791072980655718,13.377648670932153,0.8661117701493453,12.764898590876939,0.8523492056893074
R225,1430.0,241231.78541707536,364427.7854170753,14.595000267028809,14.122377233552204,0.8601622506414064,13.376137480355114,0.8474467805672925,12.762169253209775,0.8339808038352841
R225,1435.0,241235.3209509813,364431.3209509813,14.702500343322754,14.123575780084746,0.8402536805515779,13.374979661019259,0.8278325117296217,12.759861330887725,0.8146782068260816
R225,1440.0,241238.85648488722,364434.8564848872,14.6875,14.124583197430855,0.818951702879721,13.373679565468926,0.8068454335545273,12.757451324290397,0.7940246144965708
R225,1445.0,241242.39201879315,364438.39201879315,14.657500267028809,14.125118800835704,0.7962547403589799,13.371830715252528,0.7844839920913165,12.754436199237226,0.7720184975884281
R225,1450.0,241245.92755269908,364441.92755269905,14.657500267028809,14.125182590297975,0.7721627929896757,13.369433110368778,0.7607481873403057,12.750815955726924,0.7486598561019645
R225,1455.0,241249.463086605,364445.463086605,14.552499771118164,14.124774565818978,0.7466758607714634,13.366486750818952,0.7356380193011545,12.746590593760766,0.7239486900368455
R225,1460.0,241252.99862051095,364448.9986205109,14.5024995803833,14.12514360653934,0.7203881380465206,13.364476550399305,0.7097388985541893,12.743399032300117,0.6984611077665297
R225,1465.0,241256.53415441688,364452.5341544169,14.505000114440918,14.125666044719638,0.6924946716522877,13.36278908619127,0.6822577712708076,12.74065187502401,0.6714166571320754
R225,1470.0,241260.0696883228,364456.0696883228,14.462499618530273,14.125831427392445,0.6616347515210741,13.360702404332901,0.6518540422722789,12.73747700057788,0.6414960450870968
R225,1475.0,241263.60522222874,364459.60522222874,14.432499885559082,14.12547840414441,0.6276132324108534,13.357963876215052,0.6183354510786985,12.73355514192924,0.6085100661814706
R225,1480.0,241267.14075613467,364463.14075613464,14.367500305175781,14.124606974974238,0.5904301143221333,13.35457350183645,0.5817019976905662,12.72888629907684,0.5724587204156889
R225,1485.0,241270.6762900406,364466.6762900406,14.432499885559082,14.123648347523636,0.5510387421447693,13.351077763821106,0.5428929340421293,12.724094697995202,0.5342663349582387
R225,1490.0,241274.21182394653,364470.21182394656,14.462499618530273,14.124087857422506,0.5125031363980523,13.349378957765856,0.5049269863362446,12.721365515579025,0.4969036682837632
R225,1495.0,241277.74735785247,364473.74735785247,14.505000114440918,14.125002163601312,0.4697294229762106,13.348628000307333,0.462785581382131,12.719918560682995,0.4554318926095086
R225,1500.0,241281.2828917584,364477.2828917584,14.602499961853027,14.12516432376187,0.41456972229831524,13.34684997358691,0.40844128678069713,12.717251793707522,0.4019511318860679
R225,1505.0,241284.81842566433,364480.8184256643,14.654000282287598,14.124574337902889,0.3470240343652298,13.34404487760331,0.3418941025327943,12.713365214651335,0.3364613861142786
R225,1510.0,241288.35395957026,364484.3539595703,14.680489540100098,14.123232206025643,0.2670923591758876,13.340212712357793,0.2631440286373712,12.70825882351568,0.25896265529310636
R225,1515.0,241291.8894934762,364487.8894934762,14.705719947814941,14.124843403321016,0.2240134912466248,13.340634774974841,0.22070198016644627,12.708298295450943,0.21719501334366917
