<?xml version="1.0" encoding="UTF-8"?>
<kml xmlns="http://www.opengis.net/kml/2.2"><Document><name>Groundwater flow arrows, dry state (Script 01b)</name>
<Placemark><name>114 deg</name><LineString><coordinates>-4.3606197,53.1656214,0 -4.3597192,53.1653996,0 -4.3600111,53.1653977,0 -4.3597192,53.1653996,0 -4.3599249,53.1655241,0</coordinates></LineString></Placemark>
<Placemark><name>115 deg</name><LineString><coordinates>-4.3620648,53.1646936,0 -4.3611556,53.1644640,0 -4.3614514,53.1644636,0 -4.3611556,53.1644640,0 -4.3613622,53.1645913,0</coordinates></LineString></Placemark>
<Placemark><name>116 deg</name><LineString><coordinates>-4.3605703,53.1647232,0 -4.3596804,53.1644807,0 -4.3599734,53.1644852,0 -4.3596804,53.1644807,0 -4.3598791,53.1646102,0</coordinates></LineString></Placemark>
<Placemark><name>118 deg</name><LineString><coordinates>-4.3590759,53.1647529,0 -4.3582046,53.1644999,0 -4.3584946,53.1645086,0 -4.3582046,53.1644999,0 -4.3583962,53.1646309,0</coordinates></LineString></Placemark>
<Placemark><name>117 deg</name><LineString><coordinates>-4.3620155,53.1637955,0 -4.3611165,53.1635450,0 -4.3614136,53.1635511,0 -4.3611165,53.1635450,0 -4.3613162,53.1636773,0</coordinates></LineString></Placemark>
<Placemark><name>118 deg</name><LineString><coordinates>-4.3605210,53.1638251,0 -4.3596435,53.1635620,0 -4.3599371,53.1635731,0 -4.3596435,53.1635620,0 -4.3598348,53.1636963,0</coordinates></LineString></Placemark>
<Placemark><name>120 deg</name><LineString><coordinates>-4.3590266,53.1638547,0 -4.3581695,53.1635820,0 -4.3584594,53.1635972,0 -4.3581695,53.1635820,0 -4.3583533,53.1637175,0</coordinates></LineString></Placemark>
<Placemark><name>121 deg</name><LineString><coordinates>-4.3575322,53.1638843,0 -4.3566933,53.1636056,0 -4.3569793,53.1636237,0 -4.3566933,53.1636056,0 -4.3568709,53.1637415,0</coordinates></LineString></Placemark>
<Placemark><name>117 deg</name><LineString><coordinates>-4.3634605,53.1628677,0 -4.3625498,53.1626124,0 -4.3628511,53.1626190,0 -4.3625498,53.1626124,0 -4.3627518,53.1627469,0</coordinates></LineString></Placemark>
<Placemark><name>119 deg</name><LineString><coordinates>-4.3619661,53.1628973,0 -4.3610788,53.1626268,0 -4.3613766,53.1626393,0 -4.3610788,53.1626268,0 -4.3612714,53.1627639,0</coordinates></LineString></Placemark>
<Placemark><name>121 deg</name><LineString><coordinates>-4.3604717,53.1629270,0 -4.3596086,53.1626436,0 -4.3599022,53.1626613,0 -4.3596086,53.1626436,0 -4.3597920,53.1627825,0</coordinates></LineString></Placemark>
<Placemark><name>122 deg</name><LineString><coordinates>-4.3589773,53.1629566,0 -4.3581371,53.1626642,0 -4.3584261,53.1626860,0 -4.3581371,53.1626642,0 -4.3583125,53.1628040,0</coordinates></LineString></Placemark>
<Placemark><name>123 deg</name><LineString><coordinates>-4.3574829,53.1629862,0 -4.3566620,53.1626898,0 -4.3569465,53.1627140,0 -4.3566620,53.1626898,0 -4.3568312,53.1628293,0</coordinates></LineString></Placemark>
<Placemark><name>115 deg</name><LineString><coordinates>-4.3663999,53.1619102,0 -4.3654550,53.1616689,0 -4.3657630,53.1616693,0 -4.3654550,53.1616689,0 -4.3656692,53.1618019,0</coordinates></LineString></Placemark>
<Placemark><name>117 deg</name><LineString><coordinates>-4.3649055,53.1619399,0 -4.3639809,53.1616830,0 -4.3642863,53.1616891,0 -4.3639809,53.1616830,0 -4.3641865,53.1618189,0</coordinates></LineString></Placemark>
<Placemark><name>119 deg</name><LineString><coordinates>-4.3634112,53.1619695,0 -4.3625098,53.1616965,0 -4.3628120,53.1617087,0 -4.3625098,53.1616965,0 -4.3627058,53.1618352,0</coordinates></LineString></Placemark>
<Placemark><name>121 deg</name><LineString><coordinates>-4.3619168,53.1619992,0 -4.3610418,53.1617101,0 -4.3613398,53.1617286,0 -4.3610418,53.1617101,0 -4.3612274,53.1618515,0</coordinates></LineString></Placemark>
<Placemark><name>123 deg</name><LineString><coordinates>-4.3604224,53.1620288,0 -4.3595757,53.1617258,0 -4.3598686,53.1617501,0 -4.3595757,53.1617258,0 -4.3597507,53.1618690,0</coordinates></LineString></Placemark>
<Placemark><name>124 deg</name><LineString><coordinates>-4.3589280,53.1620585,0 -4.3581083,53.1617462,0 -4.3583955,53.1617749,0 -4.3581083,53.1617462,0 -4.3582741,53.1618900,0</coordinates></LineString></Placemark>
<Placemark><name>125 deg</name><LineString><coordinates>-4.3574337,53.1620881,0 -4.3566350,53.1617739,0 -4.3569168,53.1618046,0 -4.3566350,53.1617739,0 -4.3567946,53.1619168,0</coordinates></LineString></Placemark>
<Placemark><name>125 deg</name><LineString><coordinates>-4.3559393,53.1621177,0 -4.3551522,53.1618096,0 -4.3554296,53.1618395,0 -4.3551522,53.1618096,0 -4.3553098,53.1619500,0</coordinates></LineString></Placemark>
<Placemark><name>115 deg</name><LineString><coordinates>-4.3678448,53.1609823,0 -4.3668905,53.1607364,0 -4.3672020,53.1607374,0 -4.3668905,53.1607364,0 -4.3671064,53.1608714,0</coordinates></LineString></Placemark>
<Placemark><name>116 deg</name><LineString><coordinates>-4.3663505,53.1610120,0 -4.3654132,53.1607545,0 -4.3657222,53.1607598,0 -4.3654132,53.1607545,0 -4.3656221,53.1608914,0</coordinates></LineString></Placemark>
<Placemark><name>118 deg</name><LineString><coordinates>-4.3648561,53.1610417,0 -4.3639385,53.1607706,0 -4.3642448,53.1607811,0 -4.3639385,53.1607706,0 -4.3641394,53.1609100,0</coordinates></LineString></Placemark>
<Placemark><name>120 deg</name><LineString><coordinates>-4.3633618,53.1610714,0 -4.3624685,53.1607843,0 -4.3627711,53.1608009,0 -4.3624685,53.1607843,0 -4.3626595,53.1609264,0</coordinates></LineString></Placemark>
<Placemark><name>122 deg</name><LineString><coordinates>-4.3618675,53.1611011,0 -4.3610040,53.1607962,0 -4.3613018,53.1608198,0 -4.3610040,53.1607962,0 -4.3611833,53.1609411,0</coordinates></LineString></Placemark>
<Placemark><name>125 deg</name><LineString><coordinates>-4.3603731,53.1611307,0 -4.3595441,53.1608091,0 -4.3598357,53.1608398,0 -4.3595441,53.1608091,0 -4.3597107,53.1609562,0</coordinates></LineString></Placemark>
<Placemark><name>127 deg</name><LineString><coordinates>-4.3588788,53.1611603,0 -4.3580841,53.1608276,0 -4.3583683,53.1608637,0 -4.3580841,53.1608276,0 -4.3582390,53.1609753,0</coordinates></LineString></Placemark>
<Placemark><name>128 deg</name><LineString><coordinates>-4.3573844,53.1611899,0 -4.3566151,53.1608570,0 -4.3568924,53.1608950,0 -4.3566151,53.1608570,0 -4.3567629,53.1610031,0</coordinates></LineString></Placemark>
<Placemark><name>127 deg</name><LineString><coordinates>-4.3558901,53.1612195,0 -4.3551281,53.1609007,0 -4.3554006,53.1609353,0 -4.3551281,53.1609007,0 -4.3552767,53.1610423,0</coordinates></LineString></Placemark>
<Placemark><name>124 deg</name><LineString><coordinates>-4.3543957,53.1612491,0 -4.3536241,53.1609540,0 -4.3538947,53.1609814,0 -4.3536241,53.1609540,0 -4.3537800,53.1610897,0</coordinates></LineString></Placemark>
<Placemark><name>116 deg</name><LineString><coordinates>-4.3692896,53.1600545,0 -4.3683324,53.1597963,0 -4.3686471,53.1598005,0 -4.3683324,53.1597963,0 -4.3685467,53.1599349,0</coordinates></LineString></Placemark>
<Placemark><name>117 deg</name><LineString><coordinates>-4.3677953,53.1600842,0 -4.3668514,53.1598208,0 -4.3671634,53.1598273,0 -4.3668514,53.1598208,0 -4.3670611,53.1599599,0</coordinates></LineString></Placemark>
<Placemark><name>118 deg</name><LineString><coordinates>-4.3663010,53.1601139,0 -4.3653708,53.1598443,0 -4.3656803,53.1598535,0 -4.3653708,53.1598443,0 -4.3655754,53.1599841,0</coordinates></LineString></Placemark>
<Placemark><name>119 deg</name><LineString><coordinates>-4.3648067,53.1601436,0 -4.3638935,53.1598641,0 -4.3642002,53.1598772,0 -4.3638935,53.1598641,0 -4.3640915,53.1600054,0</coordinates></LineString></Placemark>
<Placemark><name>121 deg</name><LineString><coordinates>-4.3633124,53.1601733,0 -4.3624231,53.1598784,0 -4.3627262,53.1598974,0 -4.3624231,53.1598784,0 -4.3626115,53.1600223,0</coordinates></LineString></Placemark>
<Placemark><name>123 deg</name><LineString><coordinates>-4.3618181,53.1602030,0 -4.3609625,53.1598875,0 -4.3612602,53.1599146,0 -4.3609625,53.1598875,0 -4.3611376,53.1600347,0</coordinates></LineString></Placemark>
<Placemark><name>127 deg</name><LineString><coordinates>-4.3603238,53.1602326,0 -4.3595120,53.1598950,0 -4.3598019,53.1599313,0 -4.3595120,53.1598950,0 -4.3596707,53.1600453,0</coordinates></LineString></Placemark>
<Placemark><name>130 deg</name><LineString><coordinates>-4.3588295,53.1602622,0 -4.3580658,53.1599080,0 -4.3583456,53.1599523,0 -4.3580658,53.1599080,0 -4.3582080,53.1600595,0</coordinates></LineString></Placemark>
<Placemark><name>131 deg</name><LineString><coordinates>-4.3573352,53.1602918,0 -4.3566079,53.1599373,0 -4.3568778,53.1599842,0 -4.3566079,53.1599373,0 -4.3567400,53.1600863,0</coordinates></LineString></Placemark>
<Placemark><name>129 deg</name><LineString><coordinates>-4.3558409,53.1603214,0 -4.3551139,53.1599942,0 -4.3553784,53.1600335,0 -4.3551139,53.1599942,0 -4.3552511,53.1601356,0</coordinates></LineString></Placemark>
<Placemark><name>123 deg</name><LineString><coordinates>-4.3543465,53.1603510,0 -4.3535839,53.1600716,0 -4.3538489,53.1600953,0 -4.3535839,53.1600716,0 -4.3537403,53.1602024,0</coordinates></LineString></Placemark>
<Placemark><name>119 deg</name><LineString><coordinates>-4.3528522,53.1603805,0 -4.3520550,53.1601383,0 -4.3523224,53.1601492,0 -4.3520550,53.1601383,0 -4.3522282,53.1602612,0</coordinates></LineString></Placemark>
<Placemark><name>103 deg</name><LineString><coordinates>-4.3796999,53.1589477,0 -4.3786071,53.1588166,0 -4.3789345,53.1587761,0 -4.3786071,53.1588166,0 -4.3788836,53.1589295,0</coordinates></LineString></Placemark>
<Placemark><name>107 deg</name><LineString><coordinates>-4.3782057,53.1589776,0 -4.3771347,53.1588001,0 -4.3774651,53.1587739,0 -4.3771347,53.1588001,0 -4.3773962,53.1589243,0</coordinates></LineString></Placemark>
<Placemark><name>114 deg</name><LineString><coordinates>-4.3752172,53.1590372,0 -4.3742002,53.1587926,0 -4.3745288,53.1587888,0 -4.3742002,53.1587926,0 -4.3744337,53.1589316,0</coordinates></LineString></Placemark>
<Placemark><name>116 deg</name><LineString><coordinates>-4.3737229,53.1590670,0 -4.3727324,53.1588016,0 -4.3730577,53.1588054,0 -4.3727324,53.1588016,0 -4.3729545,53.1589445,0</coordinates></LineString></Placemark>
<Placemark><name>117 deg</name><LineString><coordinates>-4.3722287,53.1590968,0 -4.3712608,53.1588190,0 -4.3715822,53.1588278,0 -4.3712608,53.1588190,0 -4.3714742,53.1589638,0</coordinates></LineString></Placemark>
<Placemark><name>118 deg</name><LineString><coordinates>-4.3707344,53.1591266,0 -4.3697836,53.1588441,0 -4.3701012,53.1588554,0 -4.3697836,53.1588441,0 -4.3699914,53.1589889,0</coordinates></LineString></Placemark>
<Placemark><name>118 deg</name><LineString><coordinates>-4.3692401,53.1591563,0 -4.3683009,53.1588749,0 -4.3686151,53.1588867,0 -4.3683009,53.1588749,0 -4.3685057,53.1590187,0</coordinates></LineString></Placemark>
<Placemark><name>118 deg</name><LineString><coordinates>-4.3677459,53.1591861,0 -4.3668143,53.1589083,0 -4.3671257,53.1589197,0 -4.3668143,53.1589083,0 -4.3670177,53.1590505,0</coordinates></LineString></Placemark>
<Placemark><name>118 deg</name><LineString><coordinates>-4.3662516,53.1592158,0 -4.3653271,53.1589403,0 -4.3656361,53.1589515,0 -4.3653271,53.1589403,0 -4.3655290,53.1590813,0</coordinates></LineString></Placemark>
<Placemark><name>119 deg</name><LineString><coordinates>-4.3647573,53.1592455,0 -4.3638438,53.1589665,0 -4.3641504,53.1589794,0 -4.3638438,53.1589665,0 -4.3640420,53.1591077,0</coordinates></LineString></Placemark>
<Placemark><name>120 deg</name><LineString><coordinates>-4.3632631,53.1592752,0 -4.3623699,53.1589831,0 -4.3626734,53.1590011,0 -4.3623699,53.1589831,0 -4.3625599,53.1591265,0</coordinates></LineString></Placemark>
<Placemark><name>123 deg</name><LineString><coordinates>-4.3617688,53.1593048,0 -4.3609120,53.1589885,0 -4.3612102,53.1590158,0 -4.3609120,53.1589885,0 -4.3610873,53.1591361,0</coordinates></LineString></Placemark>
<Placemark><name>128 deg</name><LineString><coordinates>-4.3602745,53.1593345,0 -4.3594747,53.1589869,0 -4.3597633,53.1590268,0 -4.3594747,53.1589869,0 -4.3596281,53.1591391,0</coordinates></LineString></Placemark>
<Placemark><name>132 deg</name><LineString><coordinates>-4.3587802,53.1593641,0 -4.3580526,53.1589893,0 -4.3583265,53.1590418,0 -4.3580526,53.1589893,0 -4.3581808,53.1591440,0</coordinates></LineString></Placemark>
<Placemark><name>136 deg</name><LineString><coordinates>-4.3572859,53.1593937,0 -4.3566258,53.1590110,0 -4.3568826,53.1590704,0 -4.3566258,53.1590110,0 -4.3567339,53.1591631,0</coordinates></LineString></Placemark>
<Placemark><name>132 deg</name><LineString><coordinates>-4.3557917,53.1594233,0 -4.3551252,53.1590899,0 -4.3553741,53.1591352,0 -4.3551252,53.1590899,0 -4.3552446,53.1592288,0</coordinates></LineString></Placemark>
<Placemark><name>118 deg</name><LineString><coordinates>-4.3542974,53.1594528,0 -4.3535288,53.1592264,0 -4.3537852,53.1592350,0 -4.3535288,53.1592264,0 -4.3536972,53.1593430,0</coordinates></LineString></Placemark>
<Placemark><name>111 deg</name><LineString><coordinates>-4.3528031,53.1594824,0 -4.3519767,53.1593071,0 -4.3522391,53.1592975,0 -4.3519767,53.1593071,0 -4.3521709,53.1594136,0</coordinates></LineString></Placemark>
<Placemark><name>110 deg</name><LineString><coordinates>-4.3513088,53.1595119,0 -4.3504609,53.1593405,0 -4.3507285,53.1593283,0 -4.3504609,53.1593405,0 -4.3506619,53.1594474,0</coordinates></LineString></Placemark>
<Placemark><name>103 deg</name><LineString><coordinates>-4.3811444,53.1580197,0 -4.3800318,53.1578861,0 -4.3803652,53.1578449,0 -4.3800318,53.1578861,0 -4.3803133,53.1580011,0</coordinates></LineString></Placemark>
<Placemark><name>108 deg</name><LineString><coordinates>-4.3796502,53.1580496,0 -4.3785614,53.1578628,0 -4.3788986,53.1578379,0 -4.3785614,53.1578628,0 -4.3788259,53.1579908,0</coordinates></LineString></Placemark>
<Placemark><name>112 deg</name><LineString><coordinates>-4.3781560,53.1580794,0 -4.3770970,53.1578487,0 -4.3774345,53.1578381,0 -4.3770970,53.1578487,0 -4.3773448,53.1579868,0</coordinates></LineString></Placemark>
<Placemark><name>115 deg</name><LineString><coordinates>-4.3766618,53.1581093,0 -4.3756364,53.1578426,0 -4.3759715,53.1578443,0 -4.3756364,53.1578426,0 -4.3758679,53.1579883,0</coordinates></LineString></Placemark>
<Placemark><name>118 deg</name><LineString><coordinates>-4.3751676,53.1581391,0 -4.3741765,53.1578449,0 -4.3745076,53.1578566,0 -4.3741765,53.1578449,0 -4.3743932,53.1579958,0</coordinates></LineString></Placemark>
<Placemark><name>120 deg</name><LineString><coordinates>-4.3736734,53.1581689,0 -4.3727139,53.1578567,0 -4.3730397,53.1578756,0 -4.3727139,53.1578567,0 -4.3729183,53.1580104,0</coordinates></LineString></Placemark>
<Placemark><name>122 deg</name><LineString><coordinates>-4.3721791,53.1581987,0 -4.3712443,53.1578792,0 -4.3715647,53.1579018,0 -4.3712443,53.1578792,0 -4.3714405,53.1580331,0</coordinates></LineString></Placemark>
<Placemark><name>122 deg</name><LineString><coordinates>-4.3706849,53.1582285,0 -4.3697651,53.1579120,0 -4.3700807,53.1579349,0 -4.3697651,53.1579120,0 -4.3699577,53.1580641,0</coordinates></LineString></Placemark>
<Placemark><name>121 deg</name><LineString><coordinates>-4.3691907,53.1582582,0 -4.3682760,53.1579534,0 -4.3685880,53.1579734,0 -4.3682760,53.1579534,0 -4.3684695,53.1581018,0</coordinates></LineString></Placemark>
<Placemark><name>120 deg</name><LineString><coordinates>-4.3676964,53.1582880,0 -4.3667800,53.1579994,0 -4.3670893,53.1580148,0 -4.3667800,53.1579994,0 -4.3669771,53.1581435,0</coordinates></LineString></Placemark>
<Placemark><name>118 deg</name><LineString><coordinates>-4.3662022,53.1583177,0 -4.3652818,53.1580445,0 -4.3655892,53.1580554,0 -4.3652818,53.1580445,0 -4.3654830,53.1581846,0</coordinates></LineString></Placemark>
<Placemark><name>117 deg</name><LineString><coordinates>-4.3647080,53.1583474,0 -4.3637874,53.1580823,0 -4.3640933,53.1580909,0 -4.3637874,53.1580823,0 -4.3639902,53.1582202,0</coordinates></LineString></Placemark>
<Placemark><name>118 deg</name><LineString><coordinates>-4.3632137,53.1583770,0 -4.3623042,53.1581058,0 -4.3626083,53.1581169,0 -4.3623042,53.1581058,0 -4.3625028,53.1582446,0</coordinates></LineString></Placemark>
<Placemark><name>121 deg</name><LineString><coordinates>-4.3617195,53.1584067,0 -4.3608443,53.1581085,0 -4.3611441,53.1581295,0 -4.3608443,53.1581085,0 -4.3610282,53.1582524,0</coordinates></LineString></Placemark>
<Placemark><name>127 deg</name><LineString><coordinates>-4.3602252,53.1584363,0 -4.3594237,53.1580921,0 -4.3597121,53.1581309,0 -4.3594237,53.1580921,0 -4.3595782,53.1582435,0</coordinates></LineString></Placemark>
<Placemark><name>135 deg</name><LineString><coordinates>-4.3587310,53.1584660,0 -4.3580378,53.1580801,0 -4.3583044,53.1581380,0 -4.3580378,53.1580801,0 -4.3581544,53.1582354,0</coordinates></LineString></Placemark>
<Placemark><name>142 deg</name><LineString><coordinates>-4.3572367,53.1584956,0 -4.3566694,53.1580892,0 -4.3569051,53.1581616,0 -4.3566694,53.1580892,0 -4.3567472,53.1582413,0</coordinates></LineString></Placemark>
<Placemark><name>143 deg</name><LineString><coordinates>-4.3557425,53.1585251,0 -4.3552807,53.1581791,0 -4.3554755,53.1582423,0 -4.3552807,53.1581791,0 -4.3553410,53.1583071,0</coordinates></LineString></Placemark>
<Placemark><name>100 deg</name><LineString><coordinates>-4.3542482,53.1585547,0 -4.3534415,53.1584833,0 -4.3536783,53.1584464,0 -4.3534415,53.1584833,0 -4.3536506,53.1585597,0</coordinates></LineString></Placemark>
<Placemark><name>99 deg</name><LineString><coordinates>-4.3527539,53.1585842,0 -4.3518924,53.1585186,0 -4.3521432,53.1584762,0 -4.3518924,53.1585186,0 -4.3521177,53.1585972,0</coordinates></LineString></Placemark>
<Placemark><name>101 deg</name><LineString><coordinates>-4.3512597,53.1586138,0 -4.3503730,53.1585276,0 -4.3506347,53.1584891,0 -4.3503730,53.1585276,0 -4.3506012,53.1586136,0</coordinates></LineString></Placemark>
<Placemark><name>104 deg</name><LineString><coordinates>-4.3825889,53.1570917,0 -4.3814565,53.1569513,0 -4.3817967,53.1569106,0 -4.3814565,53.1569513,0 -4.3817421,53.1570696,0</coordinates></LineString></Placemark>
<Placemark><name>109 deg</name><LineString><coordinates>-4.3810947,53.1571216,0 -4.3799881,53.1569223,0 -4.3803326,53.1568997,0 -4.3799881,53.1569223,0 -4.3802552,53.1570551,0</coordinates></LineString></Placemark>
<Placemark><name>113 deg</name><LineString><coordinates>-4.3796005,53.1571515,0 -4.3785262,53.1569047,0 -4.3788710,53.1568974,0 -4.3785262,53.1569047,0 -4.3787751,53.1570483,0</coordinates></LineString></Placemark>
<Placemark><name>117 deg</name><LineString><coordinates>-4.3781063,53.1571813,0 -4.3770691,53.1568946,0 -4.3774114,53.1569010,0 -4.3770691,53.1568946,0 -4.3773000,53.1570466,0</coordinates></LineString></Placemark>
<Placemark><name>120 deg</name><LineString><coordinates>-4.3766122,53.1572112,0 -4.3756160,53.1568905,0 -4.3759536,53.1569092,0 -4.3756160,53.1568905,0 -4.3758290,53.1570490,0</coordinates></LineString></Placemark>
<Placemark><name>123 deg</name><LineString><coordinates>-4.3751180,53.1572410,0 -4.3741647,53.1568937,0 -4.3744956,53.1569227,0 -4.3741647,53.1568937,0 -4.3743606,53.1570566,0</coordinates></LineString></Placemark>
<Placemark><name>125 deg</name><LineString><coordinates>-4.3736238,53.1572708,0 -4.3727095,53.1569074,0 -4.3730327,53.1569436,0 -4.3727095,53.1569074,0 -4.3728915,53.1570720,0</coordinates></LineString></Placemark>
<Placemark><name>126 deg</name><LineString><coordinates>-4.3721296,53.1573006,0 -4.3712432,53.1569344,0 -4.3715593,53.1569734,0 -4.3712432,53.1569344,0 -4.3714170,53.1570978,0</coordinates></LineString></Placemark>
<Placemark><name>126 deg</name><LineString><coordinates>-4.3706354,53.1573304,0 -4.3697607,53.1569759,0 -4.3700713,53.1570125,0 -4.3697607,53.1569759,0 -4.3699335,53.1571353,0</coordinates></LineString></Placemark>
<Placemark><name>124 deg</name><LineString><coordinates>-4.3691412,53.1573601,0 -4.3682614,53.1570306,0 -4.3685686,53.1570599,0 -4.3682614,53.1570306,0 -4.3684405,53.1571834,0</coordinates></LineString></Placemark>
<Placemark><name>121 deg</name><LineString><coordinates>-4.3676470,53.1573898,0 -4.3667504,53.1570940,0 -4.3670557,53.1571128,0 -4.3667504,53.1570940,0 -4.3669407,53.1572387,0</coordinates></LineString></Placemark>
<Placemark><name>117 deg</name><LineString><coordinates>-4.3661528,53.1574195,0 -4.3652358,53.1571589,0 -4.3655398,53.1571665,0 -4.3652358,53.1571589,0 -4.3654385,53.1572953,0</coordinates></LineString></Placemark>
<Placemark><name>114 deg</name><LineString><coordinates>-4.3646586,53.1574492,0 -4.3637250,53.1572166,0 -4.3640282,53.1572154,0 -4.3637250,53.1572166,0 -4.3639378,53.1573465,0</coordinates></LineString></Placemark>
<Placemark><name>113 deg</name><LineString><coordinates>-4.3631644,53.1574789,0 -4.3622250,53.1572578,0 -4.3625275,53.1572529,0 -4.3622250,53.1572578,0 -4.3624416,53.1573849,0</coordinates></LineString></Placemark>
<Placemark><name>115 deg</name><LineString><coordinates>-4.3616701,53.1575086,0 -4.3607488,53.1572684,0 -4.3610501,53.1572701,0 -4.3607488,53.1572684,0 -4.3609567,53.1573994,0</coordinates></LineString></Placemark>
<Placemark><name>124 deg</name><LineString><coordinates>-4.3601759,53.1575382,0 -4.3593443,53.1572253,0 -4.3596349,53.1572533,0 -4.3593443,53.1572253,0 -4.3595133,53.1573701,0</coordinates></LineString></Placemark>
<Placemark><name>136 deg</name><LineString><coordinates>-4.3586817,53.1575678,0 -4.3580373,53.1571920,0 -4.3582884,53.1572506,0 -4.3580373,53.1571920,0 -4.3581423,53.1573411,0</coordinates></LineString></Placemark>
<Placemark><name>141 deg</name><LineString><coordinates>-4.3571875,53.1575974,0 -4.3567853,53.1573199,0 -4.3569504,53.1573684,0 -4.3567853,53.1573199,0 -4.3568425,53.1574249,0</coordinates></LineString></Placemark>
<Placemark><name>87 deg</name><LineString><coordinates>-4.3541990,53.1576566,0 -4.3533911,53.1576974,0 -4.3536064,53.1576294,0 -4.3533911,53.1576974,0 -4.3536223,53.1577429,0</coordinates></LineString></Placemark>
<Placemark><name>85 deg</name><LineString><coordinates>-4.3527048,53.1576861,0 -4.3518368,53.1577450,0 -4.3520652,53.1576678,0 -4.3518368,53.1577450,0 -4.3520881,53.1577897,0</coordinates></LineString></Placemark>
<Placemark><name>90 deg</name><LineString><coordinates>-4.3512106,53.1577156,0 -4.3502986,53.1577356,0 -4.3505467,53.1576660,0 -4.3502986,53.1577356,0 -4.3505544,53.1577941,0</coordinates></LineString></Placemark>
<Placemark><name>97 deg</name><LineString><coordinates>-4.3497163,53.1577451,0 -4.3487840,53.1576959,0 -4.3490512,53.1576440,0 -4.3487840,53.1576959,0 -4.3490320,53.1577749,0</coordinates></LineString></Placemark>
<Placemark><name>98 deg</name><LineString><coordinates>-4.3855274,53.1561337,0 -4.3843605,53.1560641,0 -4.3846965,53.1560014,0 -4.3843605,53.1560641,0 -4.3846694,53.1561653,0</coordinates></LineString></Placemark>
<Placemark><name>105 deg</name><LineString><coordinates>-4.3840333,53.1561636,0 -4.3828841,53.1560018,0 -4.3832331,53.1559658,0 -4.3828841,53.1560018,0 -4.3831702,53.1561272,0</coordinates></LineString></Placemark>
<Placemark><name>110 deg</name><LineString><coordinates>-4.3825391,53.1561936,0 -4.3814199,53.1559693,0 -4.3817728,53.1559526,0 -4.3814199,53.1559693,0 -4.3816856,53.1561098,0</coordinates></LineString></Placemark>
<Placemark><name>114 deg</name><LineString><coordinates>-4.3810450,53.1562235,0 -4.3799600,53.1559527,0 -4.3803124,53.1559513,0 -4.3799600,53.1559527,0 -4.3802072,53.1561037,0</coordinates></LineString></Placemark>
<Placemark><name>118 deg</name><LineString><coordinates>-4.3795508,53.1562533,0 -4.3785031,53.1559447,0 -4.3788526,53.1559564,0 -4.3785031,53.1559447,0 -4.3787326,53.1561036,0</coordinates></LineString></Placemark>
<Placemark><name>121 deg</name><LineString><coordinates>-4.3780567,53.1562832,0 -4.3770507,53.1559408,0 -4.3773952,53.1559648,0 -4.3770507,53.1559408,0 -4.3772621,53.1561060,0</coordinates></LineString></Placemark>
<Placemark><name>125 deg</name><LineString><coordinates>-4.3765625,53.1563130,0 -4.3756052,53.1559387,0 -4.3759425,53.1559749,0 -4.3756052,53.1559387,0 -4.3757970,53.1561094,0</coordinates></LineString></Placemark>
<Placemark><name>128 deg</name><LineString><coordinates>-4.3750684,53.1563429,0 -4.3741659,53.1559407,0 -4.3744934,53.1559885,0 -4.3741659,53.1559407,0 -4.3743371,53.1561152,0</coordinates></LineString></Placemark>
<Placemark><name>131 deg</name><LineString><coordinates>-4.3735742,53.1563727,0 -4.3727236,53.1559538,0 -4.3730401,53.1560098,0 -4.3727236,53.1559538,0 -4.3728772,53.1561293,0</coordinates></LineString></Placemark>
<Placemark><name>132 deg</name><LineString><coordinates>-4.3720800,53.1564025,0 -4.3712645,53.1559840,0 -4.3715711,53.1560424,0 -4.3712645,53.1559840,0 -4.3714085,53.1561569,0</coordinates></LineString></Placemark>
<Placemark><name>131 deg</name><LineString><coordinates>-4.3705859,53.1564322,0 -4.3697782,53.1560344,0 -4.3700787,53.1560876,0 -4.3697782,53.1560344,0 -4.3699240,53.1562011,0</coordinates></LineString></Placemark>
<Placemark><name>128 deg</name><LineString><coordinates>-4.3690917,53.1564620,0 -4.3682630,53.1561051,0 -4.3685614,53.1561455,0 -4.3682630,53.1561051,0 -4.3684227,53.1562619,0</coordinates></LineString></Placemark>
<Placemark><name>122 deg</name><LineString><coordinates>-4.3675975,53.1564917,0 -4.3667290,53.1561917,0 -4.3670273,53.1562136,0 -4.3667290,53.1561917,0 -4.3669107,53.1563356,0</coordinates></LineString></Placemark>
<Placemark><name>115 deg</name><LineString><coordinates>-4.3661034,53.1565214,0 -4.3651921,53.1562846,0 -4.3654899,53.1562861,0 -4.3651921,53.1562846,0 -4.3653979,53.1564140,0</coordinates></LineString></Placemark>
<Placemark><name>109 deg</name><LineString><coordinates>-4.3646092,53.1565511,0 -4.3636632,53.1563730,0 -4.3639592,53.1563558,0 -4.3636632,53.1563730,0 -4.3638900,53.1564886,0</coordinates></LineString></Placemark>
<Placemark><name>105 deg</name><LineString><coordinates>-4.3631150,53.1565808,0 -4.3621459,53.1564488,0 -4.3624393,53.1564172,0 -4.3621459,53.1564488,0 -4.3623880,53.1565534,0</coordinates></LineString></Placemark>
<Placemark><name>102 deg</name><LineString><coordinates>-4.3616208,53.1566104,0 -4.3606410,53.1565075,0 -4.3609317,53.1564671,0 -4.3606410,53.1565075,0 -4.3608917,53.1566047,0</coordinates></LineString></Placemark>
<Placemark><name>103 deg</name><LineString><coordinates>-4.3601266,53.1566401,0 -4.3591615,53.1565247,0 -4.3594506,53.1564888,0 -4.3591615,53.1565247,0 -4.3594058,53.1566244,0</coordinates></LineString></Placemark>
<Placemark><name>339 deg</name><LineString><coordinates>-4.3571383,53.1566993,0 -4.3574197,53.1570963,0 -4.3572648,53.1570063,0 -4.3574197,53.1570963,0 -4.3574191,53.1569668,0</coordinates></LineString></Placemark>
<Placemark><name>20 deg</name><LineString><coordinates>-4.3556441,53.1567289,0 -4.3554286,53.1571305,0 -4.3554101,53.1570044,0 -4.3554286,53.1571305,0 -4.3555662,53.1570347,0</coordinates></LineString></Placemark>
<Placemark><name>59 deg</name><LineString><coordinates>-4.3541499,53.1567584,0 -4.3534683,53.1570190,0 -4.3536060,53.1568991,0 -4.3534683,53.1570190,0 -4.3537073,53.1569948,0</coordinates></LineString></Placemark>
<Placemark><name>70 deg</name><LineString><coordinates>-4.3526557,53.1567880,0 -4.3518330,53.1569903,0 -4.3520210,53.1568766,0 -4.3518330,53.1569903,0 -4.3520997,53.1569922,0</coordinates></LineString></Placemark>
<Placemark><name>78 deg</name><LineString><coordinates>-4.3511615,53.1568175,0 -4.3502535,53.1569553,0 -4.3504776,53.1568535,0 -4.3502535,53.1569553,0 -4.3505312,53.1569810,0</coordinates></LineString></Placemark>
<Placemark><name>86 deg</name><LineString><coordinates>-4.3496673,53.1568470,0 -4.3487067,53.1569044,0 -4.3489609,53.1568211,0 -4.3487067,53.1569044,0 -4.3489833,53.1569560,0</coordinates></LineString></Placemark>
<Placemark><name>101 deg</name><LineString><coordinates>-4.3869717,53.1552056,0 -4.3857858,53.1550888,0 -4.3861362,53.1550378,0 -4.3857858,53.1550888,0 -4.3860908,53.1552043,0</coordinates></LineString></Placemark>
<Placemark><name>110 deg</name><LineString><coordinates>-4.3854776,53.1552356,0 -4.3843253,53.1550129,0 -4.3846870,53.1549935,0 -4.3843253,53.1550129,0 -4.3846004,53.1551554,0</coordinates></LineString></Placemark>
<Placemark><name>115 deg</name><LineString><coordinates>-4.3839835,53.1552655,0 -4.3828683,53.1549865,0 -4.3832307,53.1549853,0 -4.3828683,53.1549865,0 -4.3831222,53.1551419,0</coordinates></LineString></Placemark>
<Placemark><name>118 deg</name><LineString><coordinates>-4.3824894,53.1552954,0 -4.3814099,53.1549788,0 -4.3817698,53.1549905,0 -4.3814099,53.1549788,0 -4.3816467,53.1551421,0</coordinates></LineString></Placemark>
<Placemark><name>121 deg</name><LineString><coordinates>-4.3809953,53.1553253,0 -4.3799508,53.1549802,0 -4.3803065,53.1550022,0 -4.3799508,53.1549802,0 -4.3801724,53.1551489,0</coordinates></LineString></Placemark>
<Placemark><name>123 deg</name><LineString><coordinates>-4.3795011,53.1553552,0 -4.3784927,53.1549860,0 -4.3788431,53.1550172,0 -4.3784927,53.1549860,0 -4.3786996,53.1551588,0</coordinates></LineString></Placemark>
<Placemark><name>126 deg</name><LineString><coordinates>-4.3780070,53.1553851,0 -4.3770391,53.1549918,0 -4.3773830,53.1550325,0 -4.3770391,53.1549918,0 -4.3772301,53.1551684,0</coordinates></LineString></Placemark>
<Placemark><name>129 deg</name><LineString><coordinates>-4.3765129,53.1554149,0 -4.3755987,53.1549925,0 -4.3759334,53.1550450,0 -4.3755987,53.1549925,0 -4.3757692,53.1551734,0</coordinates></LineString></Placemark>
<Placemark><name>134 deg</name><LineString><coordinates>-4.3750188,53.1554447,0 -4.3741791,53.1549890,0 -4.3744997,53.1550559,0 -4.3741791,53.1549890,0 -4.3743225,53.1551739,0</coordinates></LineString></Placemark>
<Placemark><name>138 deg</name><LineString><coordinates>-4.3735246,53.1554746,0 -4.3727617,53.1549976,0 -4.3730652,53.1550758,0 -4.3727617,53.1549976,0 -4.3728798,53.1551829,0</coordinates></LineString></Placemark>
<Placemark><name>140 deg</name><LineString><coordinates>-4.3720305,53.1555043,0 -4.3713184,53.1550287,0 -4.3716076,53.1551101,0 -4.3713184,53.1550287,0 -4.3714227,53.1552101,0</coordinates></LineString></Placemark>
<Placemark><name>138 deg</name><LineString><coordinates>-4.3705364,53.1555341,0 -4.3698308,53.1550864,0 -4.3701128,53.1551606,0 -4.3698308,53.1550864,0 -4.3699388,53.1552597,0</coordinates></LineString></Placemark>
<Placemark><name>133 deg</name><LineString><coordinates>-4.3690422,53.1555639,0 -4.3682911,53.1551754,0 -4.3685742,53.1552300,0 -4.3682911,53.1551754,0 -4.3684232,53.1553355,0</coordinates></LineString></Placemark>
<Placemark><name>123 deg</name><LineString><coordinates>-4.3675481,53.1555936,0 -4.3667202,53.1552929,0 -4.3670074,53.1553178,0 -4.3667202,53.1552929,0 -4.3668905,53.1554341,0</coordinates></LineString></Placemark>
<Placemark><name>112 deg</name><LineString><coordinates>-4.3660539,53.1556233,0 -4.3651550,53.1554230,0 -4.3654423,53.1554153,0 -4.3651550,53.1554230,0 -4.3653645,53.1555415,0</coordinates></LineString></Placemark>
<Placemark><name>102 deg</name><LineString><coordinates>-4.3645598,53.1556530,0 -4.3636143,53.1555502,0 -4.3638956,53.1555122,0 -4.3636143,53.1555502,0 -4.3638556,53.1556450,0</coordinates></LineString></Placemark>
<Placemark><name>93 deg</name><LineString><coordinates>-4.3630657,53.1556827,0 -4.3620983,53.1556707,0 -4.3623679,53.1556061,0 -4.3620983,53.1556707,0 -4.3623633,53.1557420,0</coordinates></LineString></Placemark>
<Placemark><name>84 deg</name><LineString><coordinates>-4.3615715,53.1557123,0 -4.3606121,53.1557917,0 -4.3608618,53.1557024,0 -4.3606121,53.1557917,0 -4.3608926,53.1558372,0</coordinates></LineString></Placemark>
<Placemark><name>63 deg</name><LineString><coordinates>-4.3600773,53.1557419,0 -4.3592697,53.1560065,0 -4.3594414,53.1558767,0 -4.3592697,53.1560065,0 -4.3595443,53.1559901,0</coordinates></LineString></Placemark>
<Placemark><name>356 deg</name><LineString><coordinates>-4.3585832,53.1557716,0 -4.3586682,53.1562771,0 -4.3585465,53.1561434,0 -4.3586682,53.1562771,0 -4.3587430,53.1561315,0</coordinates></LineString></Placemark>
<Placemark><name>343 deg</name><LineString><coordinates>-4.3570890,53.1558012,0 -4.3573666,53.1562925,0 -4.3571944,53.1561762,0 -4.3573666,53.1562925,0 -4.3573854,53.1561373,0</coordinates></LineString></Placemark>
<Placemark><name>21 deg</name><LineString><coordinates>-4.3555949,53.1558307,0 -4.3553279,53.1563002,0 -4.3553104,53.1561517,0 -4.3553279,53.1563002,0 -4.3554929,53.1561892,0</coordinates></LineString></Placemark>
<Placemark><name>40 deg</name><LineString><coordinates>-4.3541007,53.1558603,0 -4.3535662,53.1562633,0 -4.3536356,53.1561144,0 -4.3535662,53.1562633,0 -4.3537922,53.1561895,0</coordinates></LineString></Placemark>
<Placemark><name>56 deg</name><LineString><coordinates>-4.3526065,53.1558898,0 -4.3518663,53.1562167,0 -4.3520073,53.1560744,0 -4.3518663,53.1562167,0 -4.3521344,53.1561784,0</coordinates></LineString></Placemark>
<Placemark><name>67 deg</name><LineString><coordinates>-4.3511124,53.1559194,0 -4.3502336,53.1561603,0 -4.3504296,53.1560320,0 -4.3502336,53.1561603,0 -4.3505233,53.1561554,0</coordinates></LineString></Placemark>
<Placemark><name>76 deg</name><LineString><coordinates>-4.3496182,53.1559489,0 -4.3486623,53.1561115,0 -4.3488948,53.1559994,0 -4.3486623,53.1561115,0 -4.3489580,53.1561337,0</coordinates></LineString></Placemark>
<Placemark><name>80 deg</name><LineString><coordinates>-4.3481240,53.1559784,0 -4.3471408,53.1561013,0 -4.3473886,53.1559983,0 -4.3471408,53.1561013,0 -4.3474364,53.1561364,0</coordinates></LineString></Placemark>
<Placemark><name>70 deg</name><LineString><coordinates>-4.3466298,53.1560078,0 -4.3457632,53.1562125,0 -4.3459629,53.1560951,0 -4.3457632,53.1562125,0 -4.3460425,53.1562168,0</coordinates></LineString></Placemark>
<Placemark><name>124 deg</name><LineString><coordinates>-4.3869219,53.1543075,0 -4.3858585,53.1539079,0 -4.3862300,53.1539436,0 -4.3858585,53.1539079,0 -4.3860747,53.1540930,0</coordinates></LineString></Placemark>
<Placemark><name>124 deg</name><LineString><coordinates>-4.3854278,53.1543375,0 -4.3843738,53.1539423,0 -4.3847418,53.1539775,0 -4.3843738,53.1539423,0 -4.3845882,53.1541255,0</coordinates></LineString></Placemark>
<Placemark><name>125 deg</name><LineString><coordinates>-4.3839337,53.1543674,0 -4.3828999,53.1539663,0 -4.3832635,53.1540045,0 -4.3828999,53.1539663,0 -4.3831076,53.1541497,0</coordinates></LineString></Placemark>
<Placemark><name>126 deg</name><LineString><coordinates>-4.3824396,53.1543973,0 -4.3814302,53.1539875,0 -4.3817888,53.1540299,0 -4.3814302,53.1539875,0 -4.3816295,53.1541717,0</coordinates></LineString></Placemark>
<Placemark><name>127 deg</name><LineString><coordinates>-4.3809455,53.1544272,0 -4.3799625,53.1540088,0 -4.3803154,53.1540554,0 -4.3799625,53.1540088,0 -4.3801528,53.1541934,0</coordinates></LineString></Placemark>
<Placemark><name>128 deg</name><LineString><coordinates>-4.3794515,53.1544571,0 -4.3784954,53.1540309,0 -4.3788424,53.1540815,0 -4.3784954,53.1540309,0 -4.3786768,53.1542158,0</coordinates></LineString></Placemark>
<Placemark><name>130 deg</name><LineString><coordinates>-4.3779574,53.1544870,0 -4.3770308,53.1540521,0 -4.3773713,53.1541072,0 -4.3770308,53.1540521,0 -4.3772023,53.1542373,0</coordinates></LineString></Placemark>
<Placemark><name>132 deg</name><LineString><coordinates>-4.3764633,53.1545168,0 -4.3755812,53.1540634,0 -4.3759130,53.1541267,0 -4.3755812,53.1540634,0 -4.3757368,53.1542506,0</coordinates></LineString></Placemark>
<Placemark><name>139 deg</name><LineString><coordinates>-4.3749692,53.1545466,0 -4.3741970,53.1540439,0 -4.3745080,53.1541286,0 -4.3741970,53.1540439,0 -4.3743126,53.1542371,0</coordinates></LineString></Placemark>
<Placemark><name>146 deg</name><LineString><coordinates>-4.3734751,53.1545764,0 -4.3728267,53.1540446,0 -4.3731093,53.1541460,0 -4.3728267,53.1540446,0 -4.3729025,53.1542371,0</coordinates></LineString></Placemark>
<Placemark><name>150 deg</name><LineString><coordinates>-4.3719810,53.1546062,0 -4.3714185,53.1540725,0 -4.3716776,53.1541805,0 -4.3714185,53.1540725,0 -4.3714702,53.1542595,0</coordinates></LineString></Placemark>
<Placemark><name>149 deg</name><LineString><coordinates>-4.3704869,53.1546360,0 -4.3699443,53.1541333,0 -4.3701919,53.1542341,0 -4.3699443,53.1541333,0 -4.3699965,53.1543103,0</coordinates></LineString></Placemark>
<Placemark><name>140 deg</name><LineString><coordinates>-4.3689928,53.1546657,0 -4.3683655,53.1542413,0 -4.3686213,53.1543145,0 -4.3683655,53.1542413,0 -4.3684563,53.1544026,0</coordinates></LineString></Placemark>
<Placemark><name>124 deg</name><LineString><coordinates>-4.3674987,53.1546955,0 -4.3667273,53.1544016,0 -4.3669976,53.1544286,0 -4.3667273,53.1544016,0 -4.3668833,53.1545369,0</coordinates></LineString></Placemark>
<Placemark><name>107 deg</name><LineString><coordinates>-4.3660045,53.1547252,0 -4.3651280,53.1545783,0 -4.3653987,53.1545573,0 -4.3651280,53.1545783,0 -4.3653416,53.1546804,0</coordinates></LineString></Placemark>
<Placemark><name>93 deg</name><LineString><coordinates>-4.3645104,53.1547549,0 -4.3635914,53.1547415,0 -4.3638479,53.1546806,0 -4.3635914,53.1547415,0 -4.3638427,53.1548097,0</coordinates></LineString></Placemark>
<Placemark><name>80 deg</name><LineString><coordinates>-4.3630163,53.1547845,0 -4.3621049,53.1549027,0 -4.3623338,53.1548061,0 -4.3621049,53.1549027,0 -4.3623797,53.1549341,0</coordinates></LineString></Placemark>
<Placemark><name>66 deg</name><LineString><coordinates>-4.3615222,53.1548142,0 -4.3606701,53.1550641,0 -4.3608570,53.1549352,0 -4.3606701,53.1550641,0 -4.3609541,53.1550549,0</coordinates></LineString></Placemark>
<Placemark><name>53 deg</name><LineString><coordinates>-4.3600281,53.1548438,0 -4.3593194,53.1551927,0 -4.3594474,53.1550466,0 -4.3593194,53.1551927,0 -4.3595830,53.1551461,0</coordinates></LineString></Placemark>
<Placemark><name>356 deg</name><LineString><coordinates>-4.3585339,53.1548734,0 -4.3586219,53.1553939,0 -4.3584964,53.1552563,0 -4.3586219,53.1553939,0 -4.3586988,53.1552439,0</coordinates></LineString></Placemark>
<Placemark><name>353 deg</name><LineString><coordinates>-4.3570398,53.1549030,0 -4.3571584,53.1553779,0 -4.3570333,53.1552550,0 -4.3571584,53.1553779,0 -4.3572179,53.1552383,0</coordinates></LineString></Placemark>
<Placemark><name>17 deg</name><LineString><coordinates>-4.3555457,53.1549326,0 -4.3553359,53.1554042,0 -4.3553022,53.1552591,0 -4.3553359,53.1554042,0 -4.3554855,53.1552886,0</coordinates></LineString></Placemark>
<Placemark><name>29 deg</name><LineString><coordinates>-4.3540515,53.1549622,0 -4.3536505,53.1554293,0 -4.3536705,53.1552721,0 -4.3536505,53.1554293,0 -4.3538521,53.1553284,0</coordinates></LineString></Placemark>
<Placemark><name>46 deg</name><LineString><coordinates>-4.3525574,53.1549917,0 -4.3519028,53.1554023,0 -4.3520039,53.1552429,0 -4.3519028,53.1554023,0 -4.3521635,53.1553348,0</coordinates></LineString></Placemark>
<Placemark><name>62 deg</name><LineString><coordinates>-4.3510633,53.1550212,0 -4.3501980,53.1553180,0 -4.3503794,53.1551753,0 -4.3501980,53.1553180,0 -4.3504948,53.1552968,0</coordinates></LineString></Placemark>
<Placemark><name>72 deg</name><LineString><coordinates>-4.3495691,53.1550507,0 -4.3486123,53.1552539,0 -4.3488372,53.1551306,0 -4.3486123,53.1552539,0 -4.3489162,53.1552650,0</coordinates></LineString></Placemark>
<Placemark><name>76 deg</name><LineString><coordinates>-4.3480750,53.1550802,0 -4.3471029,53.1552429,0 -4.3473399,53.1551297,0 -4.3471029,53.1552429,0 -4.3474032,53.1552662,0</coordinates></LineString></Placemark>
<Placemark><name>79 deg</name><LineString><coordinates>-4.3465808,53.1551097,0 -4.3456360,53.1552443,0 -4.3458709,53.1551407,0 -4.3456360,53.1552443,0 -4.3459232,53.1552734,0</coordinates></LineString></Placemark>
<Placemark><name>90 deg</name><LineString><coordinates>-4.3450867,53.1551391,0 -4.3441790,53.1551582,0 -4.3444261,53.1550892,0 -4.3441790,53.1551582,0 -4.3444335,53.1552166,0</coordinates></LineString></Placemark>
<Placemark><name>124 deg</name><LineString><coordinates>-4.3435925,53.1551686,0 -4.3428602,53.1548931,0 -4.3431161,53.1549178,0 -4.3428602,53.1548931,0 -4.3430090,53.1550207,0</coordinates></LineString></Placemark>
<Placemark><name>133 deg</name><LineString><coordinates>-4.3420984,53.1551980,0 -4.3413285,53.1547900,0 -4.3416205,53.1548487,0 -4.3413285,53.1547900,0 -4.3414619,53.1549568,0</coordinates></LineString></Placemark>
<Placemark><name>183 deg</name><LineString><coordinates>-4.3898601,53.1533495,0 -4.3898940,53.1525834,0 -4.3900335,53.1527975,0 -4.3898940,53.1525834,0 -4.3897358,53.1527927,0</coordinates></LineString></Placemark>
<Placemark><name>158 deg</name><LineString><coordinates>-4.3883661,53.1533795,0 -4.3878474,53.1526703,0 -4.3881285,53.1528298,0 -4.3878474,53.1526703,0 -4.3878529,53.1529027,0</coordinates></LineString></Placemark>
<Placemark><name>143 deg</name><LineString><coordinates>-4.3868720,53.1534094,0 -4.3860669,53.1528142,0 -4.3864051,53.1529222,0 -4.3860669,53.1528142,0 -4.3861737,53.1530352,0</coordinates></LineString></Placemark>
<Placemark><name>137 deg</name><LineString><coordinates>-4.3853780,53.1534394,0 -4.3844849,53.1529046,0 -4.3848356,53.1529897,0 -4.3844849,53.1529046,0 -4.3846278,53.1531151,0</coordinates></LineString></Placemark>
<Placemark><name>135 deg</name><LineString><coordinates>-4.3838839,53.1534693,0 -4.3829680,53.1529623,0 -4.3833196,53.1530381,0 -4.3829680,53.1529623,0 -4.3831226,53.1531667,0</coordinates></LineString></Placemark>
<Placemark><name>134 deg</name><LineString><coordinates>-4.3823899,53.1534992,0 -4.3814761,53.1530050,0 -4.3818247,53.1530774,0 -4.3814761,53.1530050,0 -4.3816326,53.1532057,0</coordinates></LineString></Placemark>
<Placemark><name>134 deg</name><LineString><coordinates>-4.3808958,53.1535291,0 -4.3799949,53.1530417,0 -4.3803386,53.1531131,0 -4.3799949,53.1530417,0 -4.3801491,53.1532397,0</coordinates></LineString></Placemark>
<Placemark><name>134 deg</name><LineString><coordinates>-4.3794018,53.1535590,0 -4.3785157,53.1530784,0 -4.3788540,53.1531490,0 -4.3785157,53.1530784,0 -4.3786672,53.1532734,0</coordinates></LineString></Placemark>
<Placemark><name>134 deg</name><LineString><coordinates>-4.3779077,53.1535889,0 -4.3770322,53.1531189,0 -4.3773654,53.1531872,0 -4.3770322,53.1531189,0 -4.3771827,53.1533102,0</coordinates></LineString></Placemark>
<Placemark><name>133 deg</name><LineString><coordinates>-4.3764136,53.1536187,0 -4.3755435,53.1531630,0 -4.3758725,53.1532278,0 -4.3755435,53.1531630,0 -4.3756954,53.1533500,0</coordinates></LineString></Placemark>
<Placemark><name>134 deg</name><LineString><coordinates>-4.3749196,53.1536485,0 -4.3741016,53.1531971,0 -4.3744153,53.1532644,0 -4.3741016,53.1531971,0 -4.3742399,53.1533793,0</coordinates></LineString></Placemark>
<Placemark><name>151 deg</name><LineString><coordinates>-4.3734255,53.1536783,0 -4.3728638,53.1531226,0 -4.3731270,53.1532367,0 -4.3728638,53.1531226,0 -4.3729110,53.1533156,0</coordinates></LineString></Placemark>
<Placemark><name>162 deg</name><LineString><coordinates>-4.3719314,53.1537081,0 -4.3715844,53.1531241,0 -4.3717938,53.1532611,0 -4.3715844,53.1531241,0 -4.3715668,53.1533098,0</coordinates></LineString></Placemark>
<Placemark><name>166 deg</name><LineString><coordinates>-4.3704374,53.1537379,0 -4.3701775,53.1531870,0 -4.3703564,53.1533209,0 -4.3701775,53.1531870,0 -4.3701422,53.1533574,0</coordinates></LineString></Placemark>
<Placemark><name>154 deg</name><LineString><coordinates>-4.3689433,53.1537676,0 -4.3685370,53.1533076,0 -4.3687386,53.1534062,0 -4.3685370,53.1533076,0 -4.3685599,53.1534632,0</coordinates></LineString></Placemark>
<Placemark><name>123 deg</name><LineString><coordinates>-4.3674492,53.1537973,0 -4.3667452,53.1535370,0 -4.3669903,53.1535595,0 -4.3667452,53.1535370,0 -4.3668891,53.1536583,0</coordinates></LineString></Placemark>
<Placemark><name>99 deg</name><LineString><coordinates>-4.3659551,53.1538270,0 -4.3651113,53.1537603,0 -4.3653575,53.1537195,0 -4.3651113,53.1537603,0 -4.3653315,53.1538380,0</coordinates></LineString></Placemark>
<Placemark><name>85 deg</name><LineString><coordinates>-4.3644610,53.1538567,0 -4.3635970,53.1539235,0 -4.3638228,53.1538444,0 -4.3635970,53.1539235,0 -4.3638487,53.1539657,0</coordinates></LineString></Placemark>
<Placemark><name>67 deg</name><LineString><coordinates>-4.3629670,53.1538864,0 -4.3621633,53.1541077,0 -4.3623423,53.1539901,0 -4.3621633,53.1541077,0 -4.3624284,53.1541030,0</coordinates></LineString></Placemark>
<Placemark><name>47 deg</name><LineString><coordinates>-4.3614729,53.1539161,0 -4.3608332,53.1543038,0 -4.3609346,53.1541517,0 -4.3608332,53.1543038,0 -4.3610853,53.1542416,0</coordinates></LineString></Placemark>
<Placemark><name>20 deg</name><LineString><coordinates>-4.3599788,53.1539457,0 -4.3596855,53.1544847,0 -4.3596618,53.1543152,0 -4.3596855,53.1544847,0 -4.3598713,53.1543563,0</coordinates></LineString></Placemark>
<Placemark><name>18 deg</name><LineString><coordinates>-4.3584847,53.1539753,0 -4.3582326,53.1544976,0 -4.3582007,53.1543356,0 -4.3582326,53.1544976,0 -4.3584037,53.1543710,0</coordinates></LineString></Placemark>
<Placemark><name>18 deg</name><LineString><coordinates>-4.3569906,53.1540049,0 -4.3567669,53.1544843,0 -4.3567355,53.1543362,0 -4.3567669,53.1544843,0 -4.3569219,53.1543676,0</coordinates></LineString></Placemark>
<Placemark><name>7 deg</name><LineString><coordinates>-4.3554965,53.1540345,0 -4.3554207,53.1545089,0 -4.3553494,53.1543725,0 -4.3554207,53.1545089,0 -4.3555339,53.1543831,0</coordinates></LineString></Placemark>
<Placemark><name>16 deg</name><LineString><coordinates>-4.3540024,53.1540640,0 -4.3538019,53.1545516,0 -4.3537626,53.1544028,0 -4.3538019,53.1545516,0 -4.3539521,53.1544309,0</coordinates></LineString></Placemark>
<Placemark><name>36 deg</name><LineString><coordinates>-4.3525083,53.1540936,0 -4.3519668,53.1545677,0 -4.3520242,53.1543987,0 -4.3519668,53.1545677,0 -4.3522085,53.1544747,0</coordinates></LineString></Placemark>
<Placemark><name>67 deg</name><LineString><coordinates>-4.3510142,53.1541231,0 -4.3500797,53.1543817,0 -4.3502877,53.1542446,0 -4.3500797,53.1543817,0 -4.3503882,53.1543758,0</coordinates></LineString></Placemark>
<Placemark><name>78 deg</name><LineString><coordinates>-4.3495201,53.1541526,0 -4.3485192,53.1543044,0 -4.3487663,53.1541921,0 -4.3485192,53.1543044,0 -4.3488253,53.1543327,0</coordinates></LineString></Placemark>
<Placemark><name>82 deg</name><LineString><coordinates>-4.3480260,53.1541821,0 -4.3470225,53.1542896,0 -4.3472789,53.1541894,0 -4.3470225,53.1542896,0 -4.3473207,53.1543303,0</coordinates></LineString></Placemark>
<Placemark><name>86 deg</name><LineString><coordinates>-4.3465318,53.1542115,0 -4.3455430,53.1542714,0 -4.3458046,53.1541854,0 -4.3455430,53.1542714,0 -4.3458278,53.1543243,0</coordinates></LineString></Placemark>
<Placemark><name>96 deg</name><LineString><coordinates>-4.3450377,53.1542410,0 -4.3440740,53.1541990,0 -4.3443485,53.1541429,0 -4.3440740,53.1541990,0 -4.3443321,53.1542783,0</coordinates></LineString></Placemark>
<Placemark><name>112 deg</name><LineString><coordinates>-4.3435436,53.1542704,0 -4.3426290,53.1540691,0 -4.3429208,53.1540605,0 -4.3426290,53.1540691,0 -4.3428426,53.1541890,0</coordinates></LineString></Placemark>
<Placemark><name>116 deg</name><LineString><coordinates>-4.3420495,53.1542998,0 -4.3411042,53.1540511,0 -4.3414137,53.1540535,0 -4.3411042,53.1540511,0 -4.3413170,53.1541862,0</coordinates></LineString></Placemark>
<Placemark><name>195 deg</name><LineString><coordinates>-4.3927982,53.1523913,0 -4.3930789,53.1516681,0 -4.3931419,53.1518877,0 -4.3930789,53.1516681,0 -4.3928608,53.1518483,0</coordinates></LineString></Placemark>
<Placemark><name>188 deg</name><LineString><coordinates>-4.3913042,53.1524213,0 -4.3914415,53.1516701,0 -4.3915495,53.1518873,0 -4.3914415,53.1516701,0 -4.3912576,53.1518681,0</coordinates></LineString></Placemark>
<Placemark><name>177 deg</name><LineString><coordinates>-4.3898102,53.1524514,0 -4.3897033,53.1516868,0 -4.3898814,53.1518905,0 -4.3897033,53.1516868,0 -4.3895843,53.1519056,0</coordinates></LineString></Placemark>
<Placemark><name>164 deg</name><LineString><coordinates>-4.3883162,53.1524813,0 -4.3879161,53.1517477,0 -4.3881692,53.1519223,0 -4.3879161,53.1517477,0 -4.3878841,53.1519785,0</coordinates></LineString></Placemark>
<Placemark><name>153 deg</name><LineString><coordinates>-4.3868222,53.1525113,0 -4.3862023,53.1518388,0 -4.3865043,53.1519811,0 -4.3862023,53.1518388,0 -4.3862429,53.1520681,0</coordinates></LineString></Placemark>
<Placemark><name>146 deg</name><LineString><coordinates>-4.3853282,53.1525413,0 -4.3845912,53.1519218,0 -4.3849153,53.1520412,0 -4.3845912,53.1519218,0 -4.3846745,53.1521447,0</coordinates></LineString></Placemark>
<Placemark><name>143 deg</name><LineString><coordinates>-4.3838342,53.1525712,0 -4.3830457,53.1519868,0 -4.3833771,53.1520929,0 -4.3830457,53.1519868,0 -4.3831500,53.1522037,0</coordinates></LineString></Placemark>
<Placemark><name>141 deg</name><LineString><coordinates>-4.3823401,53.1526011,0 -4.3815361,53.1520380,0 -4.3818677,53.1521371,0 -4.3815361,53.1520380,0 -4.3816489,53.1522501,0</coordinates></LineString></Placemark>
<Placemark><name>141 deg</name><LineString><coordinates>-4.3808461,53.1526310,0 -4.3800466,53.1520815,0 -4.3803743,53.1521772,0 -4.3800466,53.1520815,0 -4.3801607,53.1522895,0</coordinates></LineString></Placemark>
<Placemark><name>140 deg</name><LineString><coordinates>-4.3793521,53.1526609,0 -4.3785630,53.1521251,0 -4.3788851,53.1522177,0 -4.3785630,53.1521251,0 -4.3786769,53.1523285,0</coordinates></LineString></Placemark>
<Placemark><name>139 deg</name><LineString><coordinates>-4.3778581,53.1526907,0 -4.3770684,53.1521781,0 -4.3773862,53.1522643,0 -4.3770684,53.1521781,0 -4.3771869,53.1523752,0</coordinates></LineString></Placemark>
<Placemark><name>136 deg</name><LineString><coordinates>-4.3763640,53.1527206,0 -4.3755573,53.1522449,0 -4.3758727,53.1523197,0 -4.3755573,53.1522449,0 -4.3756878,53.1524330,0</coordinates></LineString></Placemark>
<Placemark><name>135 deg</name><LineString><coordinates>-4.3748700,53.1527504,0 -4.3740690,53.1523031,0 -4.3743773,53.1523704,0 -4.3740690,53.1523031,0 -4.3742034,53.1524829,0</coordinates></LineString></Placemark>
<Placemark><name>145 deg</name><LineString><coordinates>-4.3733760,53.1527802,0 -4.3727246,53.1522680,0 -4.3730041,53.1523638,0 -4.3727246,53.1522680,0 -4.3728050,53.1524552,0</coordinates></LineString></Placemark>
<Placemark><name>186 deg</name><LineString><coordinates>-4.3718819,53.1528100,0 -4.3719564,53.1522142,0 -4.3720516,53.1523840,0 -4.3719564,53.1522142,0 -4.3718200,53.1523736,0</coordinates></LineString></Placemark>
<Placemark><name>197 deg</name><LineString><coordinates>-4.3703879,53.1528397,0 -4.3706253,53.1523228,0 -4.3706601,53.1524823,0 -4.3706253,53.1523228,0 -4.3704592,53.1524490,0</coordinates></LineString></Placemark>
<Placemark><name>190 deg</name><LineString><coordinates>-4.3688938,53.1528695,0 -4.3690023,53.1524270,0 -4.3690583,53.1525569,0 -4.3690023,53.1524270,0 -4.3688864,53.1525417,0</coordinates></LineString></Placemark>
<Placemark><name>109 deg</name><LineString><coordinates>-4.3673998,53.1528992,0 -4.3667471,53.1527809,0 -4.3669504,53.1527678,0 -4.3667471,53.1527809,0 -4.3669044,53.1528594,0</coordinates></LineString></Placemark>
<Placemark><name>87 deg</name><LineString><coordinates>-4.3659057,53.1529289,0 -4.3651016,53.1529687,0 -4.3653161,53.1529012,0 -4.3651016,53.1529687,0 -4.3653315,53.1530142,0</coordinates></LineString></Placemark>
<Placemark><name>82 deg</name><LineString><coordinates>-4.3644117,53.1529586,0 -4.3635948,53.1530451,0 -4.3638037,53.1529638,0 -4.3635948,53.1530451,0 -4.3638373,53.1530785,0</coordinates></LineString></Placemark>
<Placemark><name>62 deg</name><LineString><coordinates>-4.3629176,53.1529883,0 -4.3622143,53.1532362,0 -4.3623604,53.1531183,0 -4.3622143,53.1532362,0 -4.3624568,53.1532171,0</coordinates></LineString></Placemark>
<Placemark><name>46 deg</name><LineString><coordinates>-4.3614236,53.1530179,0 -4.3608437,53.1533813,0 -4.3609333,53.1532402,0 -4.3608437,53.1533813,0 -4.3610746,53.1533216,0</coordinates></LineString></Placemark>
<Placemark><name>37 deg</name><LineString><coordinates>-4.3599295,53.1530476,0 -4.3594670,53.1534492,0 -4.3595168,53.1533057,0 -4.3594670,53.1534492,0 -4.3596729,53.1533707,0</coordinates></LineString></Placemark>
<Placemark><name>42 deg</name><LineString><coordinates>-4.3584354,53.1530772,0 -4.3579042,53.1534627,0 -4.3579760,53.1533189,0 -4.3579042,53.1534627,0 -4.3581259,53.1533935,0</coordinates></LineString></Placemark>
<Placemark><name>34 deg</name><LineString><coordinates>-4.3569414,53.1531068,0 -4.3565239,53.1535124,0 -4.3565605,53.1533710,0 -4.3565239,53.1535124,0 -4.3567181,53.1534296,0</coordinates></LineString></Placemark>
<Placemark><name>30 deg</name><LineString><coordinates>-4.3554473,53.1531363,0 -4.3551198,53.1535126,0 -4.3551371,53.1533856,0 -4.3551198,53.1535126,0 -4.3552834,53.1534316,0</coordinates></LineString></Placemark>
<Placemark><name>48 deg</name><LineString><coordinates>-4.3539532,53.1531659,0 -4.3535353,53.1534038,0 -4.3536045,53.1533087,0 -4.3535353,53.1534038,0 -4.3536970,53.1533674,0</coordinates></LineString></Placemark>
<Placemark><name>132 deg</name><LineString><coordinates>-4.3524592,53.1531954,0 -4.3518232,53.1528763,0 -4.3520609,53.1529198,0 -4.3518232,53.1528763,0 -4.3519369,53.1530092,0</coordinates></LineString></Placemark>
<Placemark><name>93 deg</name><LineString><coordinates>-4.3509651,53.1532250,0 -4.3499241,53.1532176,0 -4.3502132,53.1531465,0 -4.3499241,53.1532176,0 -4.3502103,53.1532927,0</coordinates></LineString></Placemark>
<Placemark><name>89 deg</name><LineString><coordinates>-4.3494710,53.1532545,0 -4.3484341,53.1532830,0 -4.3487150,53.1532023,0 -4.3484341,53.1532830,0 -4.3487261,53.1533479,0</coordinates></LineString></Placemark>
<Placemark><name>89 deg</name><LineString><coordinates>-4.3479769,53.1532839,0 -4.3469509,53.1533098,0 -4.3472294,53.1532306,0 -4.3469509,53.1533098,0 -4.3472395,53.1533747,0</coordinates></LineString></Placemark>
<Placemark><name>92 deg</name><LineString><coordinates>-4.3464828,53.1533134,0 -4.3454720,53.1533143,0 -4.3457511,53.1532430,0 -4.3454720,53.1533143,0 -4.3457515,53.1533850,0</coordinates></LineString></Placemark>
<Placemark><name>96 deg</name><LineString><coordinates>-4.3449887,53.1533428,0 -4.3439959,53.1532948,0 -4.3442796,53.1532384,0 -4.3439959,53.1532948,0 -4.3442609,53.1533778,0</coordinates></LineString></Placemark>
<Placemark><name>101 deg</name><LineString><coordinates>-4.3434947,53.1533723,0 -4.3425155,53.1532794,0 -4.3428041,53.1532363,0 -4.3425155,53.1532794,0 -4.3427680,53.1533739,0</coordinates></LineString></Placemark>
<Placemark><name>97 deg</name><LineString><coordinates>-4.3420006,53.1534017,0 -4.3410202,53.1533460,0 -4.3413019,53.1532925,0 -4.3410202,53.1533460,0 -4.3412803,53.1534302,0</coordinates></LineString></Placemark>
<Placemark><name>80 deg</name><LineString><coordinates>-4.3405065,53.1534311,0 -4.3396037,53.1535490,0 -4.3398303,53.1534530,0 -4.3396037,53.1535490,0 -4.3398761,53.1535798,0</coordinates></LineString></Placemark>
<Placemark><name>188 deg</name><LineString><coordinates>-4.3927483,53.1514932,0 -4.3928730,53.1507496,0 -4.3929830,53.1509638,0 -4.3928730,53.1507496,0 -4.3926940,53.1509463,0</coordinates></LineString></Placemark>
<Placemark><name>182 deg</name><LineString><coordinates>-4.3912543,53.1515232,0 -4.3912554,53.1507658,0 -4.3914022,53.1509752,0 -4.3912554,53.1507658,0 -4.3911079,53.1509750,0</coordinates></LineString></Placemark>
<Placemark><name>174 deg</name><LineString><coordinates>-4.3897603,53.1515532,0 -4.3895907,53.1507951,0 -4.3897849,53.1509926,0 -4.3895907,53.1507951,0 -4.3894902,53.1510165,0</coordinates></LineString></Placemark>
<Placemark><name>166 deg</name><LineString><coordinates>-4.3882663,53.1515832,0 -4.3879098,53.1508454,0 -4.3881517,53.1510242,0 -4.3879098,53.1508454,0 -4.3878649,53.1510743,0</coordinates></LineString></Placemark>
<Placemark><name>158 deg</name><LineString><coordinates>-4.3867724,53.1516132,0 -4.3862596,53.1509112,0 -4.3865377,53.1510692,0 -4.3862596,53.1509112,0 -4.3862649,53.1511412,0</coordinates></LineString></Placemark>
<Placemark><name>153 deg</name><LineString><coordinates>-4.3852784,53.1516431,0 -4.3846626,53.1509783,0 -4.3849619,53.1511187,0 -4.3846626,53.1509783,0 -4.3847035,53.1512052,0</coordinates></LineString></Placemark>
<Placemark><name>149 deg</name><LineString><coordinates>-4.3837844,53.1516731,0 -4.3831123,53.1510381,0 -4.3834214,53.1511664,0 -4.3831123,53.1510381,0 -4.3831746,53.1512608,0</coordinates></LineString></Placemark>
<Placemark><name>148 deg</name><LineString><coordinates>-4.3822904,53.1517030,0 -4.3815967,53.1510891,0 -4.3819077,53.1512100,0 -4.3815967,53.1510891,0 -4.3816691,53.1513074,0</coordinates></LineString></Placemark>
<Placemark><name>148 deg</name><LineString><coordinates>-4.3807964,53.1517329,0 -4.3801116,53.1511310,0 -4.3804178,53.1512492,0 -4.3801116,53.1511310,0 -4.3801838,53.1513454,0</coordinates></LineString></Placemark>
<Placemark><name>148 deg</name><LineString><coordinates>-4.3793024,53.1517628,0 -4.3786468,53.1511705,0 -4.3789431,53.1512881,0 -4.3786468,53.1511705,0 -4.3787129,53.1513802,0</coordinates></LineString></Placemark>
<Placemark><name>148 deg</name><LineString><coordinates>-4.3778084,53.1517926,0 -4.3771645,53.1512243,0 -4.3774529,53.1513361,0 -4.3771645,53.1512243,0 -4.3772320,53.1514265,0</coordinates></LineString></Placemark>
<Placemark><name>144 deg</name><LineString><coordinates>-4.3763144,53.1518225,0 -4.3756433,53.1513015,0 -4.3759299,53.1513983,0 -4.3756433,53.1513015,0 -4.3757275,53.1514926,0</coordinates></LineString></Placemark>
<Placemark><name>137 deg</name><LineString><coordinates>-4.3748204,53.1518523,0 -4.3740841,53.1514126,0 -4.3743730,53.1514824,0 -4.3740841,53.1514126,0 -4.3742021,53.1515858,0</coordinates></LineString></Placemark>
<Placemark><name>120 deg</name><LineString><coordinates>-4.3733264,53.1518821,0 -4.3725074,53.1516192,0 -4.3727847,53.1516343,0 -4.3725074,53.1516192,0 -4.3726826,53.1517494,0</coordinates></LineString></Placemark>
<Placemark><name>230 deg</name><LineString><coordinates>-4.3718324,53.1519119,0 -4.3724128,53.1516012,0 -4.3723128,53.1517278,0 -4.3724128,53.1516012,0 -4.3721921,53.1516463,0</coordinates></LineString></Placemark>
<Placemark><name>231 deg</name><LineString><coordinates>-4.3703384,53.1519416,0 -4.3709824,53.1516072,0 -4.3708694,53.1517448,0 -4.3709824,53.1516072,0 -4.3707394,53.1516544,0</coordinates></LineString></Placemark>
<Placemark><name>247 deg</name><LineString><coordinates>-4.3688444,53.1519714,0 -4.3695594,53.1517746,0 -4.3694001,53.1518792,0 -4.3695594,53.1517746,0 -4.3693236,53.1517788,0</coordinates></LineString></Placemark>
<Placemark><name>50 deg</name><LineString><coordinates>-4.3673503,53.1520011,0 -4.3668900,53.1522464,0 -4.3669696,53.1521463,0 -4.3668900,53.1522464,0 -4.3670649,53.1522109,0</coordinates></LineString></Placemark>
<Placemark><name>87 deg</name><LineString><coordinates>-4.3658563,53.1520308,0 -4.3650606,53.1520745,0 -4.3652719,53.1520065,0 -4.3650606,53.1520745,0 -4.3652889,53.1521183,0</coordinates></LineString></Placemark>
<Placemark><name>79 deg</name><LineString><coordinates>-4.3643623,53.1520605,0 -4.3635836,53.1521647,0 -4.3637785,53.1520812,0 -4.3635836,53.1521647,0 -4.3638190,53.1521906,0</coordinates></LineString></Placemark>
<Placemark><name>69 deg</name><LineString><coordinates>-4.3628683,53.1520901,0 -4.3621663,53.1522652,0 -4.3623263,53.1521676,0 -4.3621663,53.1522652,0 -4.3623943,53.1522662,0</coordinates></LineString></Placemark>
<Placemark><name>59 deg</name><LineString><coordinates>-4.3613743,53.1521198,0 -4.3607385,53.1523633,0 -4.3608669,53.1522514,0 -4.3607385,53.1523633,0 -4.3609615,53.1523407,0</coordinates></LineString></Placemark>
<Placemark><name>54 deg</name><LineString><coordinates>-4.3598802,53.1521494,0 -4.3592716,53.1524307,0 -4.3593851,53.1523102,0 -4.3592716,53.1524307,0 -4.3594944,53.1523957,0</coordinates></LineString></Placemark>
<Placemark><name>59 deg</name><LineString><coordinates>-4.3583862,53.1521790,0 -4.3577248,53.1524315,0 -4.3578585,53.1523153,0 -4.3577248,53.1524315,0 -4.3579566,53.1524082,0</coordinates></LineString></Placemark>
<Placemark><name>69 deg</name><LineString><coordinates>-4.3568922,53.1522086,0 -4.3561924,53.1523878,0 -4.3563509,53.1522891,0 -4.3561924,53.1523878,0 -4.3564206,53.1523874,0</coordinates></LineString></Placemark>
<Placemark><name>93 deg</name><LineString><coordinates>-4.3553981,53.1522382,0 -4.3546723,53.1522260,0 -4.3548752,53.1521784,0 -4.3546723,53.1522260,0 -4.3548705,53.1522804,0</coordinates></LineString></Placemark>
<Placemark><name>122 deg</name><LineString><coordinates>-4.3539041,53.1522678,0 -4.3532137,53.1520306,0 -4.3534506,53.1520477,0 -4.3532137,53.1520306,0 -4.3533584,53.1521446,0</coordinates></LineString></Placemark>
<Placemark><name>122 deg</name><LineString><coordinates>-4.3524100,53.1522973,0 -4.3516018,53.1520183,0 -4.3518793,53.1520386,0 -4.3516018,53.1520183,0 -4.3517709,53.1521522,0</coordinates></LineString></Placemark>
<Placemark><name>107 deg</name><LineString><coordinates>-4.3509160,53.1523268,0 -4.3499420,53.1521656,0 -4.3502425,53.1521418,0 -4.3499420,53.1521656,0 -4.3501798,53.1522786,0</coordinates></LineString></Placemark>
<Placemark><name>99 deg</name><LineString><coordinates>-4.3494219,53.1523563,0 -4.3484010,53.1522807,0 -4.3486978,53.1522299,0 -4.3484010,53.1522807,0 -4.3486684,53.1523733,0</coordinates></LineString></Placemark>
<Placemark><name>96 deg</name><LineString><coordinates>-4.3479279,53.1523858,0 -4.3469037,53.1523419,0 -4.3471952,53.1522821,0 -4.3469037,53.1523419,0 -4.3471782,53.1524260,0</coordinates></LineString></Placemark>
<Placemark><name>96 deg</name><LineString><coordinates>-4.3464338,53.1524153,0 -4.3454187,53.1523741,0 -4.3457072,53.1523142,0 -4.3454187,53.1523741,0 -4.3456912,53.1524568,0</coordinates></LineString></Placemark>
<Placemark><name>97 deg</name><LineString><coordinates>-4.3449398,53.1524447,0 -4.3439390,53.1523919,0 -4.3442258,53.1523362,0 -4.3439390,53.1523919,0 -4.3442053,53.1524767,0</coordinates></LineString></Placemark>
<Placemark><name>97 deg</name><LineString><coordinates>-4.3434457,53.1524741,0 -4.3424633,53.1524174,0 -4.3427458,53.1523641,0 -4.3424633,53.1524174,0 -4.3427237,53.1525021,0</coordinates></LineString></Placemark>
<Placemark><name>94 deg</name><LineString><coordinates>-4.3419517,53.1525035,0 -4.3410018,53.1524855,0 -4.3412678,53.1524238,0 -4.3410018,53.1524855,0 -4.3412608,53.1525572,0</coordinates></LineString></Placemark>
<Placemark><name>82 deg</name><LineString><coordinates>-4.3404576,53.1525329,0 -4.3396192,53.1526212,0 -4.3398337,53.1525380,0 -4.3396192,53.1526212,0 -4.3398680,53.1526557,0</coordinates></LineString></Placemark>
<Placemark><name>183 deg</name><LineString><coordinates>-4.3926983,53.1505951,0 -4.3927112,53.1498469,0 -4.3928530,53.1500546,0 -4.3927112,53.1498469,0 -4.3925622,53.1500527,0</coordinates></LineString></Placemark>
<Placemark><name>178 deg</name><LineString><coordinates>-4.3912044,53.1506251,0 -4.3911196,53.1498710,0 -4.3912896,53.1500734,0 -4.3911196,53.1498710,0 -4.3909965,53.1500854,0</coordinates></LineString></Placemark>
<Placemark><name>172 deg</name><LineString><coordinates>-4.3897104,53.1506551,0 -4.3895021,53.1499043,0 -4.3897056,53.1500971,0 -4.3895021,53.1499043,0 -4.3894137,53.1501264,0</coordinates></LineString></Placemark>
<Placemark><name>166 deg</name><LineString><coordinates>-4.3882165,53.1506851,0 -4.3878783,53.1499490,0 -4.3881148,53.1501287,0 -4.3878783,53.1499490,0 -4.3878287,53.1501762,0</coordinates></LineString></Placemark>
<Placemark><name>161 deg</name><LineString><coordinates>-4.3867225,53.1507151,0 -4.3862735,53.1500019,0 -4.3865362,53.1501674,0 -4.3862735,53.1500019,0 -4.3862590,53.1502305,0</coordinates></LineString></Placemark>
<Placemark><name>157 deg</name><LineString><coordinates>-4.3852286,53.1507450,0 -4.3847027,53.1500563,0 -4.3849818,53.1502097,0 -4.3847027,53.1500563,0 -4.3847142,53.1502836,0</coordinates></LineString></Placemark>
<Placemark><name>155 deg</name><LineString><coordinates>-4.3837346,53.1507750,0 -4.3831637,53.1501086,0 -4.3834509,53.1502527,0 -4.3831637,53.1501086,0 -4.3831919,53.1503328,0</coordinates></LineString></Placemark>
<Placemark><name>153 deg</name><LineString><coordinates>-4.3822406,53.1508049,0 -4.3816476,53.1501580,0 -4.3819372,53.1502951,0 -4.3816476,53.1501580,0 -4.3816857,53.1503784,0</coordinates></LineString></Placemark>
<Placemark><name>153 deg</name><LineString><coordinates>-4.3807467,53.1508348,0 -4.3801691,53.1501970,0 -4.3804526,53.1503326,0 -4.3801691,53.1501970,0 -4.3802047,53.1504138,0</coordinates></LineString></Placemark>
<Placemark><name>158 deg</name><LineString><coordinates>-4.3792527,53.1508646,0 -4.3787764,53.1502192,0 -4.3790335,53.1503641,0 -4.3787764,53.1502192,0 -4.3787826,53.1504310,0</coordinates></LineString></Placemark>
<Placemark><name>160 deg</name><LineString><coordinates>-4.3777588,53.1508945,0 -4.3773446,53.1502684,0 -4.3775807,53.1504123,0 -4.3773446,53.1502684,0 -4.3773373,53.1504705,0</coordinates></LineString></Placemark>
<Placemark><name>159 deg</name><LineString><coordinates>-4.3762648,53.1509243,0 -4.3758565,53.1503381,0 -4.3760833,53.1504714,0 -4.3758565,53.1503381,0 -4.3758554,53.1505287,0</coordinates></LineString></Placemark>
<Placemark><name>156 deg</name><LineString><coordinates>-4.3747708,53.1509541,0 -4.3743552,53.1504309,0 -4.3745717,53.1505463,0 -4.3743552,53.1504309,0 -4.3743683,53.1506047,0</coordinates></LineString></Placemark>
<Placemark><name>156 deg</name><LineString><coordinates>-4.3732768,53.1509839,0 -4.3729334,53.1505561,0 -4.3731115,53.1506502,0 -4.3729334,53.1505561,0 -4.3729452,53.1506985,0</coordinates></LineString></Placemark>
<Placemark><name>219 deg</name><LineString><coordinates>-4.3717829,53.1510137,0 -4.3721970,53.1506799,0 -4.3721475,53.1508012,0 -4.3721970,53.1506799,0 -4.3720177,53.1507430,0</coordinates></LineString></Placemark>
<Placemark><name>225 deg</name><LineString><coordinates>-4.3702889,53.1510435,0 -4.3708451,53.1506829,0 -4.3707615,53.1508216,0 -4.3708451,53.1506829,0 -4.3706213,53.1507435,0</coordinates></LineString></Placemark>
<Placemark><name>214 deg</name><LineString><coordinates>-4.3687949,53.1510732,0 -4.3692849,53.1506050,0 -4.3692405,53.1507688,0 -4.3692849,53.1506050,0 -4.3690585,53.1507000,0</coordinates></LineString></Placemark>
<Placemark><name>149 deg</name><LineString><coordinates>-4.3673009,53.1511030,0 -4.3668078,53.1506434,0 -4.3670334,53.1507358,0 -4.3668078,53.1506434,0 -4.3668548,53.1508050,0</coordinates></LineString></Placemark>
<Placemark><name>127 deg</name><LineString><coordinates>-4.3658069,53.1511327,0 -4.3651350,53.1508523,0 -4.3653751,53.1508826,0 -4.3651350,53.1508523,0 -4.3652662,53.1509770,0</coordinates></LineString></Placemark>
<Placemark><name>111 deg</name><LineString><coordinates>-4.3643129,53.1511623,0 -4.3635928,53.1510126,0 -4.3638209,53.1510034,0 -4.3635928,53.1510126,0 -4.3637627,53.1511045,0</coordinates></LineString></Placemark>
<Placemark><name>99 deg</name><LineString><coordinates>-4.3628189,53.1511920,0 -4.3621046,53.1511392,0 -4.3623123,53.1511036,0 -4.3621046,53.1511392,0 -4.3622917,53.1512040,0</coordinates></LineString></Placemark>
<Placemark><name>88 deg</name><LineString><coordinates>-4.3613249,53.1512217,0 -4.3606393,53.1512466,0 -4.3608239,53.1511916,0 -4.3606393,53.1512466,0 -4.3608336,53.1512879,0</coordinates></LineString></Placemark>
<Placemark><name>74 deg</name><LineString><coordinates>-4.3598309,53.1512513,0 -4.3591596,53.1513810,0 -4.3593199,53.1512980,0 -4.3591596,53.1513810,0 -4.3593703,53.1513923,0</coordinates></LineString></Placemark>
<Placemark><name>84 deg</name><LineString><coordinates>-4.3583369,53.1512809,0 -4.3575517,53.1513476,0 -4.3577557,53.1512740,0 -4.3575517,53.1513476,0 -4.3577816,53.1513843,0</coordinates></LineString></Placemark>
<Placemark><name>96 deg</name><LineString><coordinates>-4.3568429,53.1513105,0 -4.3560398,53.1512791,0 -4.3562678,53.1512314,0 -4.3560398,53.1512791,0 -4.3562556,53.1513442,0</coordinates></LineString></Placemark>
<Placemark><name>112 deg</name><LineString><coordinates>-4.3553489,53.1513401,0 -4.3545735,53.1511702,0 -4.3548208,53.1511627,0 -4.3545735,53.1511702,0 -4.3547547,53.1512716,0</coordinates></LineString></Placemark>
<Placemark><name>117 deg</name><LineString><coordinates>-4.3538549,53.1513696,0 -4.3530809,53.1511469,0 -4.3533380,53.1511541,0 -4.3530809,53.1511469,0 -4.3532515,53.1512628,0</coordinates></LineString></Placemark>
<Placemark><name>114 deg</name><LineString><coordinates>-4.3523609,53.1513992,0 -4.3514908,53.1511835,0 -4.3517731,53.1511820,0 -4.3514908,53.1511835,0 -4.3516893,53.1513042,0</coordinates></LineString></Placemark>
<Placemark><name>109 deg</name><LineString><coordinates>-4.3508669,53.1514287,0 -4.3499144,53.1512561,0 -4.3502111,53.1512369,0 -4.3499144,53.1512561,0 -4.3501440,53.1513707,0</coordinates></LineString></Placemark>
<Placemark><name>103 deg</name><LineString><coordinates>-4.3493729,53.1514582,0 -4.3483760,53.1513370,0 -4.3486750,53.1513005,0 -4.3483760,53.1513370,0 -4.3486279,53.1514405,0</coordinates></LineString></Placemark>
<Placemark><name>100 deg</name><LineString><coordinates>-4.3478789,53.1514877,0 -4.3468674,53.1514017,0 -4.3471636,53.1513544,0 -4.3468674,53.1514017,0 -4.3471301,53.1514965,0</coordinates></LineString></Placemark>
<Placemark><name>98 deg</name><LineString><coordinates>-4.3463848,53.1515171,0 -4.3453746,53.1514479,0 -4.3456672,53.1513961,0 -4.3453746,53.1514479,0 -4.3456403,53.1515380,0</coordinates></LineString></Placemark>
<Placemark><name>98 deg</name><LineString><coordinates>-4.3448908,53.1515466,0 -4.3438919,53.1514807,0 -4.3441807,53.1514288,0 -4.3438919,53.1514807,0 -4.3441551,53.1515691,0</coordinates></LineString></Placemark>
<Placemark><name>99 deg</name><LineString><coordinates>-4.3433968,53.1515760,0 -4.3424214,53.1515078,0 -4.3427041,53.1514582,0 -4.3424214,53.1515078,0 -4.3426777,53.1515952,0</coordinates></LineString></Placemark>
<Placemark><name>99 deg</name><LineString><coordinates>-4.3419028,53.1516054,0 -4.3409756,53.1515375,0 -4.3412450,53.1514911,0 -4.3409756,53.1515375,0 -4.3412186,53.1516213,0</coordinates></LineString></Placemark>
<Placemark><name>99 deg</name><LineString><coordinates>-4.3404087,53.1516348,0 -4.3395842,53.1515744,0 -4.3398238,53.1515332,0 -4.3395842,53.1515744,0 -4.3398003,53.1516490,0</coordinates></LineString></Placemark>
<Placemark><name>179 deg</name><LineString><coordinates>-4.3926483,53.1496970,0 -4.3925801,53.1489516,0 -4.3927438,53.1491528,0 -4.3925801,53.1489516,0 -4.3924541,53.1491623,0</coordinates></LineString></Placemark>
<Placemark><name>175 deg</name><LineString><coordinates>-4.3911544,53.1497270,0 -4.3910120,53.1489799,0 -4.3911965,53.1491763,0 -4.3910120,53.1489799,0 -4.3909062,53.1491963,0</coordinates></LineString></Placemark>
<Placemark><name>171 deg</name><LineString><coordinates>-4.3896605,53.1497570,0 -4.3894244,53.1490147,0 -4.3896339,53.1492032,0 -4.3894244,53.1490147,0 -4.3893454,53.1492364,0</coordinates></LineString></Placemark>
<Placemark><name>167 deg</name><LineString><coordinates>-4.3881666,53.1497870,0 -4.3878333,53.1490564,0 -4.3880674,53.1492349,0 -4.3878333,53.1490564,0 -4.3877835,53.1492817,0</coordinates></LineString></Placemark>
<Placemark><name>163 deg</name><LineString><coordinates>-4.3866727,53.1498170,0 -4.3862603,53.1491018,0 -4.3865133,53.1492705,0 -4.3862603,53.1491018,0 -4.3862353,53.1493284,0</coordinates></LineString></Placemark>
<Placemark><name>160 deg</name><LineString><coordinates>-4.3851788,53.1498469,0 -4.3847214,53.1491461,0 -4.3849840,53.1493077,0 -4.3847214,53.1491461,0 -4.3847116,53.1493719,0</coordinates></LineString></Placemark>
<Placemark><name>159 deg</name><LineString><coordinates>-4.3836848,53.1498768,0 -4.3832122,53.1491896,0 -4.3834764,53.1493463,0 -4.3832122,53.1491896,0 -4.3832093,53.1494127,0</coordinates></LineString></Placemark>
<Placemark><name>158 deg</name><LineString><coordinates>-4.3821909,53.1499068,0 -4.3817049,53.1492387,0 -4.3819690,53.1493891,0 -4.3817049,53.1492387,0 -4.3817093,53.1494574,0</coordinates></LineString></Placemark>
<Placemark><name>156 deg</name><LineString><coordinates>-4.3806970,53.1499366,0 -4.3801745,53.1492978,0 -4.3804430,53.1494376,0 -4.3801745,53.1492978,0 -4.3801947,53.1495110,0</coordinates></LineString></Placemark>
<Placemark><name>174 deg</name><LineString><coordinates>-4.3792030,53.1499665,0 -4.3790386,53.1492918,0 -4.3792151,53.1494667,0 -4.3790386,53.1492918,0 -4.3789529,53.1494898,0</coordinates></LineString></Placemark>
<Placemark><name>175 deg</name><LineString><coordinates>-4.3777091,53.1499964,0 -4.3775780,53.1493454,0 -4.3777407,53.1495161,0 -4.3775780,53.1493454,0 -4.3774877,53.1495345,0</coordinates></LineString></Placemark>
<Placemark><name>179 deg</name><LineString><coordinates>-4.3762152,53.1500262,0 -4.3761662,53.1494042,0 -4.3763006,53.1495726,0 -4.3761662,53.1494042,0 -4.3760589,53.1495795,0</coordinates></LineString></Placemark>
<Placemark><name>191 deg</name><LineString><coordinates>-4.3747212,53.1500560,0 -4.3748670,53.1494868,0 -4.3749373,53.1496544,0 -4.3748670,53.1494868,0 -4.3747161,53.1496339,0</coordinates></LineString></Placemark>
<Placemark><name>211 deg</name><LineString><coordinates>-4.3732273,53.1500858,0 -4.3736228,53.1496526,0 -4.3735977,53.1498001,0 -4.3736228,53.1496526,0 -4.3734294,53.1497446,0</coordinates></LineString></Placemark>
<Placemark><name>196 deg</name><LineString><coordinates>-4.3717333,53.1501156,0 -4.3719170,53.1496812,0 -4.3719507,53.1498141,0 -4.3719170,53.1496812,0 -4.3717818,53.1497883,0</coordinates></LineString></Placemark>
<Placemark><name>201 deg</name><LineString><coordinates>-4.3702394,53.1501454,0 -4.3705016,53.1496805,0 -4.3705195,53.1498273,0 -4.3705016,53.1496805,0 -4.3703388,53.1497905,0</coordinates></LineString></Placemark>
<Placemark><name>202 deg</name><LineString><coordinates>-4.3687454,53.1501751,0 -4.3690386,53.1496905,0 -4.3690517,53.1498450,0 -4.3690386,53.1496905,0 -4.3688634,53.1498038,0</coordinates></LineString></Placemark>
<Placemark><name>193 deg</name><LineString><coordinates>-4.3672515,53.1502048,0 -4.3674191,53.1496738,0 -4.3674760,53.1498323,0 -4.3674191,53.1496738,0 -4.3672696,53.1498087,0</coordinates></LineString></Placemark>
<Placemark><name>169 deg</name><LineString><coordinates>-4.3657575,53.1502345,0 -4.3655631,53.1497402,0 -4.3657129,53.1498632,0 -4.3655631,53.1497402,0 -4.3655208,53.1498905,0</coordinates></LineString></Placemark>
<Placemark><name>151 deg</name><LineString><coordinates>-4.3642636,53.1502642,0 -4.3638716,53.1498690,0 -4.3640567,53.1499506,0 -4.3638716,53.1498690,0 -4.3639031,53.1500057,0</coordinates></LineString></Placemark>
<Placemark><name>131 deg</name><LineString><coordinates>-4.3627696,53.1502939,0 -4.3621950,53.1500125,0 -4.3624084,53.1500499,0 -4.3621950,53.1500125,0 -4.3622991,53.1501306,0</coordinates></LineString></Placemark>
<Placemark><name>130 deg</name><LineString><coordinates>-4.3612756,53.1503235,0 -4.3607195,53.1500571,0 -4.3609249,53.1500917,0 -4.3607195,53.1500571,0 -4.3608214,53.1501698,0</coordinates></LineString></Placemark>
<Placemark><name>131 deg</name><LineString><coordinates>-4.3597817,53.1503532,0 -4.3591977,53.1500657,0 -4.3594149,53.1501042,0 -4.3591977,53.1500657,0 -4.3593032,53.1501862,0</coordinates></LineString></Placemark>
<Placemark><name>117 deg</name><LineString><coordinates>-4.3582877,53.1503828,0 -4.3575431,53.1501777,0 -4.3577887,53.1501821,0 -4.3575431,53.1501777,0 -4.3577090,53.1502867,0</coordinates></LineString></Placemark>
<Placemark><name>110 deg</name><LineString><coordinates>-4.3567937,53.1504124,0 -4.3560052,53.1502540,0 -4.3562539,53.1502424,0 -4.3560052,53.1502540,0 -4.3561923,53.1503531,0</coordinates></LineString></Placemark>
<Placemark><name>104 deg</name><LineString><coordinates>-4.3552998,53.1504419,0 -4.3544806,53.1503346,0 -4.3547278,53.1503068,0 -4.3544806,53.1503346,0 -4.3546861,53.1504218,0</coordinates></LineString></Placemark>
<Placemark><name>106 deg</name><LineString><coordinates>-4.3538058,53.1504715,0 -4.3529551,53.1503411,0 -4.3532155,53.1503174,0 -4.3529551,53.1503411,0 -4.3531648,53.1504369,0</coordinates></LineString></Placemark>
<Placemark><name>109 deg</name><LineString><coordinates>-4.3523118,53.1505010,0 -4.3514010,53.1503320,0 -4.3516855,53.1503147,0 -4.3514010,53.1503320,0 -4.3516198,53.1504427,0</coordinates></LineString></Placemark>
<Placemark><name>108 deg</name><LineString><coordinates>-4.3508178,53.1505305,0 -4.3498660,53.1503631,0 -4.3501615,53.1503426,0 -4.3498660,53.1503631,0 -4.3500965,53.1504763,0</coordinates></LineString></Placemark>
<Placemark><name>105 deg</name><LineString><coordinates>-4.3493238,53.1505600,0 -4.3483418,53.1504209,0 -4.3486402,53.1503904,0 -4.3483418,53.1504209,0 -4.3485861,53.1505283,0</coordinates></LineString></Placemark>
<Placemark><name>102 deg</name><LineString><coordinates>-4.3478298,53.1505895,0 -4.3468311,53.1504830,0 -4.3471278,53.1504423,0 -4.3468311,53.1504830,0 -4.3470864,53.1505826,0</coordinates></LineString></Placemark>
<Placemark><name>100 deg</name><LineString><coordinates>-4.3463359,53.1506190,0 -4.3453329,53.1505363,0 -4.3456261,53.1504887,0 -4.3453329,53.1505363,0 -4.3455940,53.1506296,0</coordinates></LineString></Placemark>
<Placemark><name>99 deg</name><LineString><coordinates>-4.3448419,53.1506484,0 -4.3438460,53.1505754,0 -4.3441354,53.1505257,0 -4.3438460,53.1505754,0 -4.3441070,53.1506656,0</coordinates></LineString></Placemark>
<Placemark><name>100 deg</name><LineString><coordinates>-4.3433479,53.1506779,0 -4.3423750,53.1505952,0 -4.3426599,53.1505497,0 -4.3423750,53.1505952,0 -4.3426278,53.1506864,0</coordinates></LineString></Placemark>
<Placemark><name>104 deg</name><LineString><coordinates>-4.3418539,53.1507073,0 -4.3409408,53.1505845,0 -4.3412170,53.1505543,0 -4.3409408,53.1505845,0 -4.3411692,53.1506825,0</coordinates></LineString></Placemark>
<Placemark><name>116 deg</name><LineString><coordinates>-4.3403599,53.1507366,0 -4.3396163,53.1505381,0 -4.3398603,53.1505407,0 -4.3396163,53.1505381,0 -4.3397832,53.1506452,0</coordinates></LineString></Placemark>
<Placemark><name>176 deg</name><LineString><coordinates>-4.3925984,53.1487989,0 -4.3924730,53.1480598,0 -4.3926513,53.1482552,0 -4.3924730,53.1480598,0 -4.3923641,53.1482729,0</coordinates></LineString></Placemark>
<Placemark><name>174 deg</name><LineString><coordinates>-4.3911045,53.1488289,0 -4.3909255,53.1480905,0 -4.3911185,53.1482820,0 -4.3909255,53.1480905,0 -4.3908315,53.1483071,0</coordinates></LineString></Placemark>
<Placemark><name>170 deg</name><LineString><coordinates>-4.3896106,53.1488589,0 -4.3893556,53.1481268,0 -4.3895683,53.1483112,0 -4.3893556,53.1481268,0 -4.3892838,53.1483470,0</coordinates></LineString></Placemark>
<Placemark><name>166 deg</name><LineString><coordinates>-4.3881167,53.1488889,0 -4.3877783,53.1481682,0 -4.3880119,53.1483436,0 -4.3877783,53.1481682,0 -4.3877318,53.1483911,0</coordinates></LineString></Placemark>
<Placemark><name>163 deg</name><LineString><coordinates>-4.3866229,53.1489189,0 -4.3862211,53.1482099,0 -4.3864699,53.1483776,0 -4.3862211,53.1482099,0 -4.3861943,53.1484340,0</coordinates></LineString></Placemark>
<Placemark><name>163 deg</name><LineString><coordinates>-4.3851290,53.1489488,0 -4.3847179,53.1482444,0 -4.3849683,53.1484102,0 -4.3847179,53.1482444,0 -4.3846946,53.1484679,0</coordinates></LineString></Placemark>
<Placemark><name>165 deg</name><LineString><coordinates>-4.3836351,53.1489787,0 -4.3832781,53.1482741,0 -4.3835137,53.1484438,0 -4.3832781,53.1482741,0 -4.3832398,53.1484939,0</coordinates></LineString></Placemark>
<Placemark><name>167 deg</name><LineString><coordinates>-4.3821412,53.1490086,0 -4.3818400,53.1483169,0 -4.3820576,53.1484869,0 -4.3818400,53.1483169,0 -4.3817888,53.1485292,0</coordinates></LineString></Placemark>
<Placemark><name>167 deg</name><LineString><coordinates>-4.3806473,53.1490385,0 -4.3803575,53.1483788,0 -4.3805657,53.1485408,0 -4.3803575,53.1483788,0 -4.3803094,53.1485815,0</coordinates></LineString></Placemark>
<Placemark><name>173 deg</name><LineString><coordinates>-4.3791534,53.1490684,0 -4.3789887,53.1484270,0 -4.3791589,53.1485927,0 -4.3789887,53.1484270,0 -4.3789096,53.1486158,0</coordinates></LineString></Placemark>
<Placemark><name>183 deg</name><LineString><coordinates>-4.3776595,53.1490983,0 -4.3776806,53.1484563,0 -4.3777995,53.1486352,0 -4.3776806,53.1484563,0 -4.3775500,53.1486322,0</coordinates></LineString></Placemark>
<Placemark><name>194 deg</name><LineString><coordinates>-4.3761656,53.1491281,0 -4.3763851,53.1485107,0 -4.3764444,53.1486967,0 -4.3763851,53.1485107,0 -4.3762044,53.1486659,0</coordinates></LineString></Placemark>
<Placemark><name>208 deg</name><LineString><coordinates>-4.3746717,53.1491579,0 -4.3751245,53.1486112,0 -4.3751056,53.1487941,0 -4.3751245,53.1486112,0 -4.3748931,53.1487305,0</coordinates></LineString></Placemark>
<Placemark><name>219 deg</name><LineString><coordinates>-4.3731777,53.1491877,0 -4.3737864,53.1487001,0 -4.3737130,53.1488776,0 -4.3737864,53.1487001,0 -4.3735235,53.1487921,0</coordinates></LineString></Placemark>
<Placemark><name>179 deg</name><LineString><coordinates>-4.3716838,53.1492175,0 -4.3716348,53.1486616,0 -4.3717564,53.1488118,0 -4.3716348,53.1486616,0 -4.3715403,53.1488187,0</coordinates></LineString></Placemark>
<Placemark><name>191 deg</name><LineString><coordinates>-4.3701899,53.1492472,0 -4.3703248,53.1487170,0 -4.3703906,53.1488730,0 -4.3703248,53.1487170,0 -4.3701845,53.1488540,0</coordinates></LineString></Placemark>
<Placemark><name>192 deg</name><LineString><coordinates>-4.3686960,53.1492770,0 -4.3688574,53.1487451,0 -4.3689162,53.1489034,0 -4.3688574,53.1487451,0 -4.3687094,53.1488807,0</coordinates></LineString></Placemark>
<Placemark><name>191 deg</name><LineString><coordinates>-4.3672021,53.1493067,0 -4.3673489,53.1487728,0 -4.3674121,53.1489306,0 -4.3673489,53.1487728,0 -4.3672046,53.1489100,0</coordinates></LineString></Placemark>
<Placemark><name>186 deg</name><LineString><coordinates>-4.3657081,53.1493364,0 -4.3657639,53.1488095,0 -4.3658509,53.1489590,0 -4.3657639,53.1488095,0 -4.3656461,53.1489512,0</coordinates></LineString></Placemark>
<Placemark><name>184 deg</name><LineString><coordinates>-4.3642142,53.1493661,0 -4.3642451,53.1488636,0 -4.3643342,53.1490046,0 -4.3642451,53.1488636,0 -4.3641389,53.1490003,0</coordinates></LineString></Placemark>
<Placemark><name>127 deg</name><LineString><coordinates>-4.3627203,53.1493958,0 -4.3622187,53.1491827,0 -4.3623987,53.1492063,0 -4.3622187,53.1491827,0 -4.3623159,53.1492768,0</coordinates></LineString></Placemark>
<Placemark><name>141 deg</name><LineString><coordinates>-4.3612263,53.1494254,0 -4.3606932,53.1490582,0 -4.3609119,53.1491222,0 -4.3606932,53.1490582,0 -4.3607692,53.1491971,0</coordinates></LineString></Placemark>
<Placemark><name>142 deg</name><LineString><coordinates>-4.3597324,53.1494550,0 -4.3592076,53.1490750,0 -4.3594264,53.1491431,0 -4.3592076,53.1490750,0 -4.3592787,53.1492169,0</coordinates></LineString></Placemark>
<Placemark><name>134 deg</name><LineString><coordinates>-4.3582385,53.1494846,0 -4.3576149,53.1491491,0 -4.3578524,53.1491980,0 -4.3576149,53.1491491,0 -4.3577220,53.1492856,0</coordinates></LineString></Placemark>
<Placemark><name>127 deg</name><LineString><coordinates>-4.3567445,53.1495142,0 -4.3560496,53.1492209,0 -4.3562986,53.1492532,0 -4.3560496,53.1492209,0 -4.3561846,53.1493508,0</coordinates></LineString></Placemark>
<Placemark><name>124 deg</name><LineString><coordinates>-4.3552506,53.1495438,0 -4.3545289,53.1492680,0 -4.3547819,53.1492935,0 -4.3545289,53.1492680,0 -4.3546747,53.1493949,0</coordinates></LineString></Placemark>
<Placemark><name>112 deg</name><LineString><coordinates>-4.3537566,53.1495734,0 -4.3529142,53.1493866,0 -4.3531833,53.1493791,0 -4.3529142,53.1493866,0 -4.3531107,53.1494974,0</coordinates></LineString></Placemark>
<Placemark><name>110 deg</name><LineString><coordinates>-4.3522627,53.1496029,0 -4.3513352,53.1494183,0 -4.3516274,53.1494042,0 -4.3513352,53.1494183,0 -4.3515556,53.1495345,0</coordinates></LineString></Placemark>
<Placemark><name>110 deg</name><LineString><coordinates>-4.3507687,53.1496324,0 -4.3498255,53.1494432,0 -4.3501229,53.1494293,0 -4.3498255,53.1494432,0 -4.3500494,53.1495618,0</coordinates></LineString></Placemark>
<Placemark><name>107 deg</name><LineString><coordinates>-4.3492748,53.1496619,0 -4.3483082,53.1495048,0 -4.3486058,53.1494803,0 -4.3483082,53.1495048,0 -4.3485448,53.1496161,0</coordinates></LineString></Placemark>
<Placemark><name>103 deg</name><LineString><coordinates>-4.3477808,53.1496914,0 -4.3467949,53.1495755,0 -4.3470899,53.1495383,0 -4.3467949,53.1495755,0 -4.3470448,53.1496767,0</coordinates></LineString></Placemark>
<Placemark><name>100 deg</name><LineString><coordinates>-4.3462869,53.1497208,0 -4.3452914,53.1496401,0 -4.3455821,53.1495925,0 -4.3452914,53.1496401,0 -4.3455507,53.1497324,0</coordinates></LineString></Placemark>
<Placemark><name>98 deg</name><LineString><coordinates>-4.3447929,53.1497503,0 -4.3437982,53.1496905,0 -4.3440847,53.1496371,0 -4.3437982,53.1496905,0 -4.3440615,53.1497768,0</coordinates></LineString></Placemark>
<Placemark><name>98 deg</name><LineString><coordinates>-4.3432989,53.1497797,0 -4.3423188,53.1497174,0 -4.3426018,53.1496658,0 -4.3423188,53.1497174,0 -4.3425776,53.1498035,0</coordinates></LineString></Placemark>
<Placemark><name>103 deg</name><LineString><coordinates>-4.3418050,53.1498091,0 -4.3408765,53.1497003,0 -4.3411542,53.1496652,0 -4.3408765,53.1497003,0 -4.3411119,53.1497956,0</coordinates></LineString></Placemark>
<Placemark><name>174 deg</name><LineString><coordinates>-4.3925484,53.1479008,0 -4.3923895,53.1471695,0 -4.3925755,53.1473604,0 -4.3923895,53.1471695,0 -4.3922913,53.1473827,0</coordinates></LineString></Placemark>
<Placemark><name>173 deg</name><LineString><coordinates>-4.3910546,53.1479308,0 -4.3908634,53.1472020,0 -4.3910579,53.1473900,0 -4.3908634,53.1472020,0 -4.3907746,53.1474168,0</coordinates></LineString></Placemark>
<Placemark><name>170 deg</name><LineString><coordinates>-4.3895607,53.1479608,0 -4.3893016,53.1472408,0 -4.3895131,53.1474216,0 -4.3893016,53.1472408,0 -4.3892333,53.1474580,0</coordinates></LineString></Placemark>
<Placemark><name>165 deg</name><LineString><coordinates>-4.3880669,53.1479908,0 -4.3877183,53.1472857,0 -4.3879516,53.1474561,0 -4.3877183,53.1472857,0 -4.3876776,53.1475050,0</coordinates></LineString></Placemark>
<Placemark><name>161 deg</name><LineString><coordinates>-4.3865730,53.1480207,0 -4.3861460,53.1473312,0 -4.3863980,53.1474917,0 -4.3861460,53.1473312,0 -4.3861300,53.1475517,0</coordinates></LineString></Placemark>
<Placemark><name>162 deg</name><LineString><coordinates>-4.3850792,53.1480507,0 -4.3846552,53.1473586,0 -4.3849069,53.1475200,0 -4.3846552,53.1473586,0 -4.3846379,53.1475796,0</coordinates></LineString></Placemark>
<Placemark><name>172 deg</name><LineString><coordinates>-4.3835853,53.1480806,0 -4.3833669,53.1473615,0 -4.3835670,53.1475449,0 -4.3833669,53.1473615,0 -4.3832876,53.1475756,0</coordinates></LineString></Placemark>
<Placemark><name>182 deg</name><LineString><coordinates>-4.3820914,53.1481105,0 -4.3820964,53.1474087,0 -4.3822314,53.1476030,0 -4.3820964,53.1474087,0 -4.3819587,53.1476023,0</coordinates></LineString></Placemark>
<Placemark><name>187 deg</name><LineString><coordinates>-4.3805976,53.1481404,0 -4.3806907,53.1474809,0 -4.3807931,53.1476697,0 -4.3806907,53.1474809,0 -4.3805368,53.1476566,0</coordinates></LineString></Placemark>
<Placemark><name>181 deg</name><LineString><coordinates>-4.3791037,53.1481703,0 -4.3790811,53.1475423,0 -4.3792094,53.1477142,0 -4.3790811,53.1475423,0 -4.3789653,53.1477174,0</coordinates></LineString></Placemark>
<Placemark><name>182 deg</name><LineString><coordinates>-4.3776098,53.1482001,0 -4.3776043,53.1475793,0 -4.3777265,53.1477505,0 -4.3776043,53.1475793,0 -4.3774852,53.1477512,0</coordinates></LineString></Placemark>
<Placemark><name>211 deg</name><LineString><coordinates>-4.3761160,53.1482300,0 -4.3766342,53.1476801,0 -4.3765979,53.1478684,0 -4.3766342,53.1476801,0 -4.3763841,53.1477956,0</coordinates></LineString></Placemark>
<Placemark><name>214 deg</name><LineString><coordinates>-4.3746221,53.1482598,0 -4.3751633,53.1477433,0 -4.3751141,53.1479240,0 -4.3751633,53.1477433,0 -4.3749134,53.1478480,0</coordinates></LineString></Placemark>
<Placemark><name>203 deg</name><LineString><coordinates>-4.3731282,53.1482896,0 -4.3734915,53.1477138,0 -4.3735030,53.1478984,0 -4.3734915,53.1477138,0 -4.3732793,53.1478474,0</coordinates></LineString></Placemark>
<Placemark><name>195 deg</name><LineString><coordinates>-4.3716343,53.1483194,0 -4.3718536,53.1477317,0 -4.3719072,53.1479095,0 -4.3718536,53.1477317,0 -4.3716788,53.1478787,0</coordinates></LineString></Placemark>
<Placemark><name>194 deg</name><LineString><coordinates>-4.3701404,53.1483491,0 -4.3703402,53.1477808,0 -4.3703955,53.1479519,0 -4.3703402,53.1477808,0 -4.3701746,53.1479238,0</coordinates></LineString></Placemark>
<Placemark><name>194 deg</name><LineString><coordinates>-4.3686465,53.1483789,0 -4.3688366,53.1478261,0 -4.3688915,53.1479922,0 -4.3688366,53.1478261,0 -4.3686767,53.1479655,0</coordinates></LineString></Placemark>
<Placemark><name>193 deg</name><LineString><coordinates>-4.3671526,53.1484086,0 -4.3673265,53.1478635,0 -4.3673844,53.1480263,0 -4.3673265,53.1478635,0 -4.3671725,53.1480019,0</coordinates></LineString></Placemark>
<Placemark><name>190 deg</name><LineString><coordinates>-4.3656587,53.1484383,0 -4.3657812,53.1478959,0 -4.3658527,53.1480544,0 -4.3657812,53.1478959,0 -4.3656419,53.1480372,0</coordinates></LineString></Placemark>
<Placemark><name>183 deg</name><LineString><coordinates>-4.3641648,53.1484680,0 -4.3641763,53.1479234,0 -4.3642789,53.1480747,0 -4.3641763,53.1479234,0 -4.3640673,53.1480731,0</coordinates></LineString></Placemark>
<Placemark><name>178 deg</name><LineString><coordinates>-4.3626709,53.1484976,0 -4.3626095,53.1479648,0 -4.3627300,53.1481077,0 -4.3626095,53.1479648,0 -4.3625230,53.1481164,0</coordinates></LineString></Placemark>
<Placemark><name>163 deg</name><LineString><coordinates>-4.3611770,53.1485273,0 -4.3608984,53.1480236,0 -4.3610733,53.1481432,0 -4.3608984,53.1480236,0 -4.3608775,53.1481823,0</coordinates></LineString></Placemark>
<Placemark><name>155 deg</name><LineString><coordinates>-4.3596831,53.1485569,0 -4.3592884,53.1480951,0 -4.3594872,53.1481950,0 -4.3592884,53.1480951,0 -4.3593077,53.1482504,0</coordinates></LineString></Placemark>
<Placemark><name>145 deg</name><LineString><coordinates>-4.3581892,53.1485865,0 -4.3576675,53.1481734,0 -4.3578919,53.1482509,0 -4.3576675,53.1481734,0 -4.3577314,53.1483242,0</coordinates></LineString></Placemark>
<Placemark><name>137 deg</name><LineString><coordinates>-4.3566953,53.1486161,0 -4.3560691,53.1482379,0 -4.3563157,53.1482984,0 -4.3560691,53.1482379,0 -4.3561687,53.1483863,0</coordinates></LineString></Placemark>
<Placemark><name>138 deg</name><LineString><coordinates>-4.3552014,53.1486457,0 -4.3545712,53.1482466,0 -4.3548229,53.1483126,0 -4.3545712,53.1482466,0 -4.3546678,53.1484012,0</coordinates></LineString></Placemark>
<Placemark><name>139 deg</name><LineString><coordinates>-4.3537075,53.1486752,0 -4.3530554,53.1482460,0 -4.3533190,53.1483188,0 -4.3530554,53.1482460,0 -4.3531522,53.1484104,0</coordinates></LineString></Placemark>
<Placemark><name>123 deg</name><LineString><coordinates>-4.3522136,53.1487048,0 -4.3513593,53.1483954,0 -4.3516554,53.1484209,0 -4.3513593,53.1483954,0 -4.3515352,53.1485409,0</coordinates></LineString></Placemark>
<Placemark><name>116 deg</name><LineString><coordinates>-4.3507197,53.1487343,0 -4.3498190,53.1484866,0 -4.3501160,53.1484918,0 -4.3498190,53.1484866,0 -4.3500198,53.1486183,0</coordinates></LineString></Placemark>
<Placemark><name>110 deg</name><LineString><coordinates>-4.3492257,53.1487638,0 -4.3482860,53.1485808,0 -4.3485812,53.1485653,0 -4.3482860,53.1485808,0 -4.3485101,53.1486974,0</coordinates></LineString></Placemark>
<Placemark><name>103 deg</name><LineString><coordinates>-4.3477318,53.1487933,0 -4.3467624,53.1486744,0 -4.3470534,53.1486391,0 -4.3467624,53.1486744,0 -4.3470072,53.1487753,0</coordinates></LineString></Placemark>
<Placemark><name>98 deg</name><LineString><coordinates>-4.3462379,53.1488227,0 -4.3452521,53.1487581,0 -4.3455371,53.1487067,0 -4.3452521,53.1487581,0 -4.3455120,53.1488452,0</coordinates></LineString></Placemark>
<Placemark><name>94 deg</name><LineString><coordinates>-4.3447439,53.1488521,0 -4.3437538,53.1488284,0 -4.3440320,53.1487655,0 -4.3437538,53.1488284,0 -4.3440228,53.1489045,0</coordinates></LineString></Placemark>
<Placemark><name>91 deg</name><LineString><coordinates>-4.3432500,53.1488816,0 -4.3422670,53.1488862,0 -4.3425377,53.1488158,0 -4.3422670,53.1488862,0 -4.3425395,53.1489539,0</coordinates></LineString></Placemark>
<Placemark><name>90 deg</name><LineString><coordinates>-4.3417561,53.1489110,0 -4.3408043,53.1489267,0 -4.3410642,53.1488555,0 -4.3408043,53.1489267,0 -4.3410703,53.1489892,0</coordinates></LineString></Placemark>
<Placemark><name>174 deg</name><LineString><coordinates>-4.3924985,53.1470027,0 -4.3923364,53.1462788,0 -4.3925218,53.1464674,0 -4.3923364,53.1462788,0 -4.3922405,53.1464902,0</coordinates></LineString></Placemark>
<Placemark><name>174 deg</name><LineString><coordinates>-4.3910047,53.1470327,0 -4.3908383,53.1463135,0 -4.3910240,53.1465005,0 -4.3908383,53.1463135,0 -4.3907445,53.1465239,0</coordinates></LineString></Placemark>
<Placemark><name>171 deg</name><LineString><coordinates>-4.3895109,53.1470627,0 -4.3892793,53.1463561,0 -4.3894805,53.1465351,0 -4.3892793,53.1463561,0 -4.3892060,53.1465676,0</coordinates></LineString></Placemark>
<Placemark><name>165 deg</name><LineString><coordinates>-4.3880170,53.1470927,0 -4.3876752,53.1464085,0 -4.3879026,53.1465735,0 -4.3876752,53.1464085,0 -4.3876367,53.1466215,0</coordinates></LineString></Placemark>
<Placemark><name>158 deg</name><LineString><coordinates>-4.3865232,53.1471226,0 -4.3860500,53.1464718,0 -4.3863072,53.1466184,0 -4.3860500,53.1464718,0 -4.3860543,53.1466849,0</coordinates></LineString></Placemark>
<Placemark><name>152 deg</name><LineString><coordinates>-4.3850294,53.1471526,0 -4.3844386,53.1465380,0 -4.3847213,53.1466663,0 -4.3844386,53.1465380,0 -4.3844824,53.1467493,0</coordinates></LineString></Placemark>
<Placemark><name>184 deg</name><LineString><coordinates>-4.3835355,53.1471825,0 -4.3835732,53.1464712,0 -4.3837010,53.1466704,0 -4.3835732,53.1464712,0 -4.3834246,53.1466651,0</coordinates></LineString></Placemark>
<Placemark><name>202 deg</name><LineString><coordinates>-4.3820417,53.1472124,0 -4.3824369,53.1465776,0 -4.3824510,53.1467808,0 -4.3824369,53.1465776,0 -4.3822043,53.1467253,0</coordinates></LineString></Placemark>
<Placemark><name>204 deg</name><LineString><coordinates>-4.3805479,53.1472423,0 -4.3809639,53.1466281,0 -4.3809683,53.1468270,0 -4.3809639,53.1466281,0 -4.3807296,53.1467686,0</coordinates></LineString></Placemark>
<Placemark><name>198 deg</name><LineString><coordinates>-4.3790540,53.1472722,0 -4.3793339,53.1466703,0 -4.3793735,53.1468563,0 -4.3793339,53.1466703,0 -4.3791396,53.1468170,0</coordinates></LineString></Placemark>
<Placemark><name>220 deg</name><LineString><coordinates>-4.3775602,53.1473020,0 -4.3781360,53.1468669,0 -4.3780614,53.1470276,0 -4.3781360,53.1468669,0 -4.3778923,53.1469467,0</coordinates></LineString></Placemark>
<Placemark><name>262 deg</name><LineString><coordinates>-4.3760663,53.1473319,0 -4.3769888,53.1472395,0 -4.3767519,53.1473298,0 -4.3769888,53.1472395,0 -4.3767160,53.1472003,0</coordinates></LineString></Placemark>
<Placemark><name>217 deg</name><LineString><coordinates>-4.3745725,53.1473617,0 -4.3750857,53.1469156,0 -4.3750305,53.1470749,0 -4.3750857,53.1469156,0 -4.3748572,53.1470028,0</coordinates></LineString></Placemark>
<Placemark><name>193 deg</name><LineString><coordinates>-4.3730786,53.1473915,0 -4.3732735,53.1468041,0 -4.3733338,53.1469801,0 -4.3732735,53.1468041,0 -4.3731055,53.1469527,0</coordinates></LineString></Placemark>
<Placemark><name>205 deg</name><LineString><coordinates>-4.3715848,53.1474212,0 -4.3719684,53.1468673,0 -4.3719700,53.1470473,0 -4.3719684,53.1468673,0 -4.3717547,53.1469934,0</coordinates></LineString></Placemark>
<Placemark><name>201 deg</name><LineString><coordinates>-4.3700909,53.1474510,0 -4.3704138,53.1469000,0 -4.3704317,53.1470749,0 -4.3704138,53.1469000,0 -4.3702175,53.1470296,0</coordinates></LineString></Placemark>
<Placemark><name>198 deg</name><LineString><coordinates>-4.3685971,53.1474807,0 -4.3688628,53.1469314,0 -4.3688961,53.1471018,0 -4.3688628,53.1469314,0 -4.3686826,53.1470645,0</coordinates></LineString></Placemark>
<Placemark><name>195 deg</name><LineString><coordinates>-4.3671032,53.1475105,0 -4.3673188,53.1469625,0 -4.3673657,53.1471290,0 -4.3673188,53.1469625,0 -4.3671527,53.1470987,0</coordinates></LineString></Placemark>
<Placemark><name>191 deg</name><LineString><coordinates>-4.3656094,53.1475402,0 -4.3657559,53.1469910,0 -4.3658221,53.1471530,0 -4.3657559,53.1469910,0 -4.3656087,53.1471325,0</coordinates></LineString></Placemark>
<Placemark><name>185 deg</name><LineString><coordinates>-4.3641155,53.1475698,0 -4.3641628,53.1470203,0 -4.3642565,53.1471755,0 -4.3641628,53.1470203,0 -4.3640429,53.1471688,0</coordinates></LineString></Placemark>
<Placemark><name>178 deg</name><LineString><coordinates>-4.3626216,53.1475995,0 -4.3625679,53.1470559,0 -4.3626883,53.1472023,0 -4.3625679,53.1470559,0 -4.3624771,53.1472099,0</coordinates></LineString></Placemark>
<Placemark><name>171 deg</name><LineString><coordinates>-4.3611277,53.1476291,0 -4.3609601,53.1470966,0 -4.3611099,53.1472320,0 -4.3609601,53.1470966,0 -4.3609030,53.1472555,0</coordinates></LineString></Placemark>
<Placemark><name>164 deg</name><LineString><coordinates>-4.3596339,53.1476588,0 -4.3593595,53.1471458,0 -4.3595350,53.1472683,0 -4.3593595,53.1471458,0 -4.3593356,53.1473068,0</coordinates></LineString></Placemark>
<Placemark><name>157 deg</name><LineString><coordinates>-4.3581400,53.1476884,0 -4.3577600,53.1472044,0 -4.3579590,53.1473114,0 -4.3577600,53.1472044,0 -4.3577709,53.1473648,0</coordinates></LineString></Placemark>
<Placemark><name>139 deg</name><LineString><coordinates>-4.3566461,53.1477180,0 -4.3560135,53.1473037,0 -4.3562688,53.1473737,0 -4.3560135,53.1473037,0 -4.3561078,53.1474626,0</coordinates></LineString></Placemark>
<Placemark><name>139 deg</name><LineString><coordinates>-4.3551522,53.1477475,0 -4.3545038,53.1473214,0 -4.3547658,53.1473936,0 -4.3545038,53.1473214,0 -4.3546002,53.1474847,0</coordinates></LineString></Placemark>
<Placemark><name>138 deg</name><LineString><coordinates>-4.3536584,53.1477771,0 -4.3529740,53.1473501,0 -4.3532461,53.1474200,0 -4.3529740,53.1473501,0 -4.3530801,53.1475161,0</coordinates></LineString></Placemark>
<Placemark><name>133 deg</name><LineString><coordinates>-4.3521645,53.1478066,0 -4.3514231,53.1474142,0 -4.3517042,53.1474706,0 -4.3514231,53.1474142,0 -4.3515517,53.1475747,0</coordinates></LineString></Placemark>
<Placemark><name>124 deg</name><LineString><coordinates>-4.3506706,53.1478361,0 -4.3498473,53.1475281,0 -4.3501346,53.1475554,0 -4.3498473,53.1475281,0 -4.3500149,53.1476711,0</coordinates></LineString></Placemark>
<Placemark><name>113 deg</name><LineString><coordinates>-4.3491767,53.1478656,0 -4.3482775,53.1476586,0 -4.3485662,53.1476526,0 -4.3482775,53.1476586,0 -4.3484858,53.1477789,0</coordinates></LineString></Placemark>
<Placemark><name>103 deg</name><LineString><coordinates>-4.3476828,53.1478951,0 -4.3467356,53.1477814,0 -4.3470194,53.1477463,0 -4.3467356,53.1477814,0 -4.3469752,53.1478793,0</coordinates></LineString></Placemark>
<Placemark><name>96 deg</name><LineString><coordinates>-4.3461889,53.1479246,0 -4.3452186,53.1478864,0 -4.3454941,53.1478288,0 -4.3452186,53.1478864,0 -4.3454793,53.1479651,0</coordinates></LineString></Placemark>
<Placemark><name>90 deg</name><LineString><coordinates>-4.3446950,53.1479540,0 -4.3437204,53.1479760,0 -4.3439854,53.1479014,0 -4.3437204,53.1479760,0 -4.3439940,53.1480384,0</coordinates></LineString></Placemark>
<Placemark><name>84 deg</name><LineString><coordinates>-4.3432011,53.1479834,0 -4.3422423,53.1480661,0 -4.3424911,53.1479759,0 -4.3422423,53.1480661,0 -4.3425233,53.1481106,0</coordinates></LineString></Placemark>
<Placemark><name>73 deg</name><LineString><coordinates>-4.3417072,53.1480128,0 -4.3408162,53.1481915,0 -4.3410277,53.1480795,0 -4.3408162,53.1481915,0 -4.3410971,53.1482047,0</coordinates></LineString></Placemark>
<Placemark><name>176 deg</name><LineString><coordinates>-4.3924485,53.1461046,0 -4.3923338,53.1453869,0 -4.3925049,53.1455771,0 -4.3923338,53.1453869,0 -4.3922261,53.1455933,0</coordinates></LineString></Placemark>
<Placemark><name>178 deg</name><LineString><coordinates>-4.3909548,53.1461346,0 -4.3908731,53.1454268,0 -4.3910332,53.1456166,0 -4.3908731,53.1454268,0 -4.3907582,53.1456281,0</coordinates></LineString></Placemark>
<Placemark><name>175 deg</name><LineString><coordinates>-4.3894610,53.1461646,0 -4.3893130,53.1454734,0 -4.3894882,53.1456540,0 -4.3893130,53.1454734,0 -4.3892196,53.1456748,0</coordinates></LineString></Placemark>
<Placemark><name>168 deg</name><LineString><coordinates>-4.3879672,53.1461946,0 -4.3876917,53.1455312,0 -4.3878967,53.1456952,0 -4.3876917,53.1455312,0 -4.3876389,53.1457339,0</coordinates></LineString></Placemark>
<Placemark><name>159 deg</name><LineString><coordinates>-4.3864734,53.1462245,0 -4.3860369,53.1456108,0 -4.3862768,53.1457497,0 -4.3860369,53.1456108,0 -4.3860383,53.1458110,0</coordinates></LineString></Placemark>
<Placemark><name>148 deg</name><LineString><coordinates>-4.3849796,53.1462545,0 -4.3843975,53.1457251,0 -4.3846612,53.1458305,0 -4.3843975,53.1457251,0 -4.3844555,53.1459122,0</coordinates></LineString></Placemark>
<Placemark><name>183 deg</name><LineString><coordinates>-4.3834858,53.1462844,0 -4.3834994,53.1457414,0 -4.3836012,53.1458924,0 -4.3834994,53.1457414,0 -4.3833902,53.1458905,0</coordinates></LineString></Placemark>
<Placemark><name>213 deg</name><LineString><coordinates>-4.3819920,53.1463143,0 -4.3825177,53.1457841,0 -4.3824754,53.1459676,0 -4.3825177,53.1457841,0 -4.3822694,53.1458937,0</coordinates></LineString></Placemark>
<Placemark><name>211 deg</name><LineString><coordinates>-4.3804982,53.1463442,0 -4.3810168,53.1457835,0 -4.3809825,53.1459748,0 -4.3810168,53.1457835,0 -4.3807646,53.1459020,0</coordinates></LineString></Placemark>
<Placemark><name>219 deg</name><LineString><coordinates>-4.3790044,53.1463740,0 -4.3796422,53.1458619,0 -4.3795655,53.1460482,0 -4.3796422,53.1458619,0 -4.3793665,53.1459586,0</coordinates></LineString></Placemark>
<Placemark><name>246 deg</name><LineString><coordinates>-4.3775106,53.1464039,0 -4.3784619,53.1461299,0 -4.3782523,53.1462724,0 -4.3784619,53.1461299,0 -4.3781458,53.1461388,0</coordinates></LineString></Placemark>
<Placemark><name>269 deg</name><LineString><coordinates>-4.3760167,53.1464337,0 -4.3769353,53.1464063,0 -4.3766868,53.1464784,0 -4.3769353,53.1464063,0 -4.3766761,53.1463494,0</coordinates></LineString></Placemark>
<Placemark><name>164 deg</name><LineString><coordinates>-4.3745229,53.1464635,0 -4.3742779,53.1459995,0 -4.3744358,53.1461105,0 -4.3742779,53.1459995,0 -4.3742554,53.1461449,0</coordinates></LineString></Placemark>
<Placemark><name>186 deg</name><LineString><coordinates>-4.3730291,53.1464933,0 -4.3730927,53.1459855,0 -4.3731738,53.1461303,0 -4.3730927,53.1459855,0 -4.3729764,53.1461214,0</coordinates></LineString></Placemark>
<Placemark><name>211 deg</name><LineString><coordinates>-4.3715353,53.1465231,0 -4.3720006,53.1460289,0 -4.3719681,53.1461981,0 -4.3720006,53.1460289,0 -4.3717760,53.1461327,0</coordinates></LineString></Placemark>
<Placemark><name>206 deg</name><LineString><coordinates>-4.3700415,53.1465529,0 -4.3704234,53.1460276,0 -4.3704199,53.1461996,0 -4.3704234,53.1460276,0 -4.3702158,53.1461459,0</coordinates></LineString></Placemark>
<Placemark><name>201 deg</name><LineString><coordinates>-4.3685476,53.1465826,0 -4.3688572,53.1460435,0 -4.3688764,53.1462142,0 -4.3688572,53.1460435,0 -4.3686669,53.1461707,0</coordinates></LineString></Placemark>
<Placemark><name>197 deg</name><LineString><coordinates>-4.3670538,53.1466123,0 -4.3673042,53.1460678,0 -4.3673408,53.1462359,0 -4.3673042,53.1460678,0 -4.3671292,53.1462007,0</coordinates></LineString></Placemark>
<Placemark><name>192 deg</name><LineString><coordinates>-4.3655600,53.1466420,0 -4.3657298,53.1460921,0 -4.3657898,53.1462560,0 -4.3657298,53.1460921,0 -4.3655760,53.1462321,0</coordinates></LineString></Placemark>
<Placemark><name>186 deg</name><LineString><coordinates>-4.3640661,53.1466717,0 -4.3641392,53.1461182,0 -4.3642266,53.1462763,0 -4.3641392,53.1461182,0 -4.3640115,53.1462660,0</coordinates></LineString></Placemark>
<Placemark><name>180 deg</name><LineString><coordinates>-4.3625723,53.1467014,0 -4.3625402,53.1461491,0 -4.3626564,53.1462995,0 -4.3625402,53.1461491,0 -4.3624418,53.1463040,0</coordinates></LineString></Placemark>
<Placemark><name>173 deg</name><LineString><coordinates>-4.3610785,53.1467310,0 -4.3609377,53.1461848,0 -4.3610827,53.1463258,0 -4.3609377,53.1461848,0 -4.3608704,53.1463456,0</coordinates></LineString></Placemark>
<Placemark><name>167 deg</name><LineString><coordinates>-4.3595846,53.1467606,0 -4.3593394,53.1462240,0 -4.3595114,53.1463551,0 -4.3593394,53.1462240,0 -4.3593029,53.1463895,0</coordinates></LineString></Placemark>
<Placemark><name>159 deg</name><LineString><coordinates>-4.3580908,53.1467902,0 -4.3577287,53.1462655,0 -4.3579307,53.1463851,0 -4.3577287,53.1462655,0 -4.3577268,53.1464359,0</coordinates></LineString></Placemark>
<Placemark><name>147 deg</name><LineString><coordinates>-4.3565969,53.1468198,0 -4.3560465,53.1463428,0 -4.3562913,53.1464359,0 -4.3560465,53.1463428,0 -4.3561059,53.1465133,0</coordinates></LineString></Placemark>
<Placemark><name>140 deg</name><LineString><coordinates>-4.3551031,53.1468494,0 -4.3544543,53.1464128,0 -4.3547184,53.1464878,0 -4.3544543,53.1464128,0 -4.3545487,53.1465790,0</coordinates></LineString></Placemark>
<Placemark><name>135 deg</name><LineString><coordinates>-4.3536092,53.1468790,0 -4.3528856,53.1464760,0 -4.3531638,53.1465365,0 -4.3528856,53.1464760,0 -4.3530072,53.1466382,0</coordinates></LineString></Placemark>
<Placemark><name>142 deg</name><LineString><coordinates>-4.3521154,53.1469085,0 -4.3515000,53.1464656,0 -4.3517561,53.1465448,0 -4.3515000,53.1464656,0 -4.3515839,53.1466312,0</coordinates></LineString></Placemark>
<Placemark><name>129 deg</name><LineString><coordinates>-4.3506215,53.1469380,0 -4.3498817,53.1466002,0 -4.3501518,53.1466416,0 -4.3498817,53.1466002,0 -4.3500205,53.1467455,0</coordinates></LineString></Placemark>
<Placemark><name>115 deg</name><LineString><coordinates>-4.3491276,53.1469675,0 -4.3482763,53.1467497,0 -4.3485539,53.1467501,0 -4.3482763,53.1467497,0 -4.3484692,53.1468697,0</coordinates></LineString></Placemark>
<Placemark><name>102 deg</name><LineString><coordinates>-4.3476338,53.1469970,0 -4.3467144,53.1468994,0 -4.3469874,53.1468618,0 -4.3467144,53.1468994,0 -4.3469494,53.1469909,0</coordinates></LineString></Placemark>
<Placemark><name>92 deg</name><LineString><coordinates>-4.3461399,53.1470264,0 -4.3451913,53.1470207,0 -4.3454546,53.1469557,0 -4.3451913,53.1470207,0 -4.3454523,53.1470889,0</coordinates></LineString></Placemark>
<Placemark><name>86 deg</name><LineString><coordinates>-4.3446460,53.1470559,0 -4.3436946,53.1471129,0 -4.3439464,53.1470303,0 -4.3436946,53.1471129,0 -4.3439686,53.1471640,0</coordinates></LineString></Placemark>
<Placemark><name>80 deg</name><LineString><coordinates>-4.3431522,53.1470853,0 -4.3422257,53.1472042,0 -4.3424586,53.1471063,0 -4.3422257,53.1472042,0 -4.3425048,53.1472364,0</coordinates></LineString></Placemark>
<Placemark><name>70 deg</name><LineString><coordinates>-4.3416583,53.1471147,0 -4.3408120,53.1473199,0 -4.3410060,53.1472037,0 -4.3408120,53.1473199,0 -4.3410857,53.1473226,0</coordinates></LineString></Placemark>
<Placemark><name>54 deg</name><LineString><coordinates>-4.3401644,53.1471441,0 -4.3395119,53.1474470,0 -4.3396334,53.1473175,0 -4.3395119,53.1474470,0 -4.3397511,53.1474091,0</coordinates></LineString></Placemark>
<Placemark><name>40 deg</name><LineString><coordinates>-4.3386705,53.1471734,0 -4.3382648,53.1474793,0 -4.3383175,53.1473663,0 -4.3382648,53.1474793,0 -4.3384364,53.1474232,0</coordinates></LineString></Placemark>
<Placemark><name>185 deg</name><LineString><coordinates>-4.3923986,53.1452064,0 -4.3924515,53.1445047,0 -4.3925733,53.1447023,0 -4.3924515,53.1445047,0 -4.3923006,53.1446949,0</coordinates></LineString></Placemark>
<Placemark><name>186 deg</name><LineString><coordinates>-4.3909048,53.1452365,0 -4.3909906,53.1445557,0 -4.3910992,53.1447498,0 -4.3909906,53.1445557,0 -4.3908346,53.1447378,0</coordinates></LineString></Placemark>
<Placemark><name>182 deg</name><LineString><coordinates>-4.3894111,53.1452665,0 -4.3894172,53.1446013,0 -4.3895448,53.1447855,0 -4.3894172,53.1446013,0 -4.3892863,53.1447847,0</coordinates></LineString></Placemark>
<Placemark><name>175 deg</name><LineString><coordinates>-4.3879173,53.1452964,0 -4.3877974,53.1446552,0 -4.3879552,53.1448240,0 -4.3877974,53.1446552,0 -4.3877060,53.1448408,0</coordinates></LineString></Placemark>
<Placemark><name>168 deg</name><LineString><coordinates>-4.3864236,53.1453264,0 -4.3861805,53.1447264,0 -4.3863642,53.1448751,0 -4.3861805,53.1447264,0 -4.3861311,53.1449092,0</coordinates></LineString></Placemark>
<Placemark><name>166 deg</name><LineString><coordinates>-4.3849298,53.1453563,0 -4.3846729,53.1448099,0 -4.3848501,53.1449428,0 -4.3846729,53.1448099,0 -4.3846377,53.1449789,0</coordinates></LineString></Placemark>
<Placemark><name>191 deg</name><LineString><coordinates>-4.3834360,53.1453863,0 -4.3835671,53.1448836,0 -4.3836285,53.1450317,0 -4.3835671,53.1448836,0 -4.3834332,53.1450133,0</coordinates></LineString></Placemark>
<Placemark><name>205 deg</name><LineString><coordinates>-4.3819423,53.1454162,0 -4.3823052,53.1449126,0 -4.3823028,53.1450772,0 -4.3823052,53.1449126,0 -4.3821071,53.1450263,0</coordinates></LineString></Placemark>
<Placemark><name>209 deg</name><LineString><coordinates>-4.3804485,53.1454461,0 -4.3808960,53.1449109,0 -4.3808763,53.1450902,0 -4.3808960,53.1449109,0 -4.3806683,53.1450273,0</coordinates></LineString></Placemark>
<Placemark><name>212 deg</name><LineString><coordinates>-4.3789547,53.1454759,0 -4.3794864,53.1449176,0 -4.3794480,53.1451092,0 -4.3794864,53.1449176,0 -4.3792310,53.1450345,0</coordinates></LineString></Placemark>
<Placemark><name>229 deg</name><LineString><coordinates>-4.3774609,53.1455058,0 -4.3783443,53.1450101,0 -4.3781965,53.1452091,0 -4.3783443,53.1450101,0 -4.3780039,53.1450850,0</coordinates></LineString></Placemark>
<Placemark><name>227 deg</name><LineString><coordinates>-4.3759671,53.1455356,0 -4.3767441,53.1450647,0 -4.3766209,53.1452494,0 -4.3767441,53.1450647,0 -4.3764379,53.1451403,0</coordinates></LineString></Placemark>
<Placemark><name>163 deg</name><LineString><coordinates>-4.3744734,53.1455654,0 -4.3741358,53.1449735,0 -4.3743441,53.1451134,0 -4.3741358,53.1449735,0 -4.3741141,53.1451608,0</coordinates></LineString></Placemark>
<Placemark><name>193 deg</name><LineString><coordinates>-4.3729796,53.1455952,0 -4.3731595,53.1450391,0 -4.3732178,53.1452054,0 -4.3731595,53.1450391,0 -4.3730017,53.1451801,0</coordinates></LineString></Placemark>
<Placemark><name>207 deg</name><LineString><coordinates>-4.3714858,53.1456250,0 -4.3718827,53.1451217,0 -4.3718708,53.1452886,0 -4.3718827,53.1451217,0 -4.3716753,53.1452329,0</coordinates></LineString></Placemark>
<Placemark><name>205 deg</name><LineString><coordinates>-4.3699920,53.1456547,0 -4.3703555,53.1451391,0 -4.3703552,53.1453071,0 -4.3703555,53.1451391,0 -4.3701549,53.1452561,0</coordinates></LineString></Placemark>
<Placemark><name>201 deg</name><LineString><coordinates>-4.3684982,53.1456845,0 -4.3688057,53.1451496,0 -4.3688247,53.1453190,0 -4.3688057,53.1451496,0 -4.3686168,53.1452758,0</coordinates></LineString></Placemark>
<Placemark><name>199 deg</name><LineString><coordinates>-4.3670044,53.1457142,0 -4.3672834,53.1451778,0 -4.3673105,53.1453456,0 -4.3672834,53.1451778,0 -4.3671021,53.1453064,0</coordinates></LineString></Placemark>
<Placemark><name>192 deg</name><LineString><coordinates>-4.3655106,53.1457439,0 -4.3656800,53.1451932,0 -4.3657402,53.1453573,0 -4.3656800,53.1451932,0 -4.3655262,53.1453335,0</coordinates></LineString></Placemark>
<Placemark><name>187 deg</name><LineString><coordinates>-4.3640168,53.1457736,0 -4.3640930,53.1452156,0 -4.3641803,53.1453751,0 -4.3640930,53.1452156,0 -4.3639635,53.1453644,0</coordinates></LineString></Placemark>
<Placemark><name>180 deg</name><LineString><coordinates>-4.3625230,53.1458032,0 -4.3624916,53.1452441,0 -4.3626089,53.1453964,0 -4.3624916,53.1452441,0 -4.3623916,53.1454008,0</coordinates></LineString></Placemark>
<Placemark><name>173 deg</name><LineString><coordinates>-4.3610292,53.1458329,0 -4.3608865,53.1452780,0 -4.3610338,53.1454213,0 -4.3608865,53.1452780,0 -4.3608181,53.1454413,0</coordinates></LineString></Placemark>
<Placemark><name>166 deg</name><LineString><coordinates>-4.3595354,53.1458625,0 -4.3592722,53.1453184,0 -4.3594507,53.1454503,0 -4.3592722,53.1453184,0 -4.3592392,53.1454872,0</coordinates></LineString></Placemark>
<Placemark><name>159 deg</name><LineString><coordinates>-4.3580415,53.1458921,0 -4.3576621,53.1453634,0 -4.3578696,53.1454829,0 -4.3576621,53.1453634,0 -4.3576642,53.1455362,0</coordinates></LineString></Placemark>
<Placemark><name>150 deg</name><LineString><coordinates>-4.3565477,53.1459217,0 -4.3560395,53.1454246,0 -4.3562765,53.1455263,0 -4.3560395,53.1454246,0 -4.3560833,53.1455977,0</coordinates></LineString></Placemark>
<Placemark><name>144 deg</name><LineString><coordinates>-4.3550539,53.1459513,0 -4.3544618,53.1454922,0 -4.3547146,53.1455774,0 -4.3544618,53.1454922,0 -4.3545362,53.1456606,0</coordinates></LineString></Placemark>
<Placemark><name>135 deg</name><LineString><coordinates>-4.3535601,53.1459808,0 -4.3528639,53.1455928,0 -4.3531316,53.1456511,0 -4.3528639,53.1455928,0 -4.3529808,53.1457489,0</coordinates></LineString></Placemark>
<Placemark><name>131 deg</name><LineString><coordinates>-4.3520663,53.1460104,0 -4.3513692,53.1456647,0 -4.3516289,53.1457113,0 -4.3513692,53.1456647,0 -4.3514946,53.1458092,0</coordinates></LineString></Placemark>
<Placemark><name>130 deg</name><LineString><coordinates>-4.3505724,53.1460399,0 -4.3498744,53.1457090,0 -4.3501316,53.1457514,0 -4.3498744,53.1457090,0 -4.3500030,53.1458494,0</coordinates></LineString></Placemark>
<Placemark><name>118 deg</name><LineString><coordinates>-4.3490786,53.1460694,0 -4.3482877,53.1458374,0 -4.3485513,53.1458459,0 -4.3482877,53.1458374,0 -4.3484611,53.1459571,0</coordinates></LineString></Placemark>
<Placemark><name>100 deg</name><LineString><coordinates>-4.3475848,53.1460988,0 -4.3467023,53.1460239,0 -4.3469607,53.1459826,0 -4.3467023,53.1460239,0 -4.3469316,53.1461066,0</coordinates></LineString></Placemark>
<Placemark><name>89 deg</name><LineString><coordinates>-4.3460909,53.1461283,0 -4.3451665,53.1461568,0 -4.3454164,53.1460840,0 -4.3451665,53.1461568,0 -4.3454275,53.1462138,0</coordinates></LineString></Placemark>
<Placemark><name>85 deg</name><LineString><coordinates>-4.3445971,53.1461577,0 -4.3436626,53.1462235,0 -4.3439080,53.1461397,0 -4.3436626,53.1462235,0 -4.3439336,53.1462710,0</coordinates></LineString></Placemark>
<Placemark><name>81 deg</name><LineString><coordinates>-4.3431033,53.1461871,0 -4.3421897,53.1462896,0 -4.3424222,53.1461971,0 -4.3421897,53.1462896,0 -4.3424620,53.1463254,0</coordinates></LineString></Placemark>
<Placemark><name>75 deg</name><LineString><coordinates>-4.3416094,53.1462165,0 -4.3407541,53.1463692,0 -4.3409608,53.1462669,0 -4.3407541,53.1463692,0 -4.3410201,53.1463871,0</coordinates></LineString></Placemark>
<Placemark><name>68 deg</name><LineString><coordinates>-4.3401156,53.1462459,0 -4.3393614,53.1464422,0 -4.3395317,53.1463350,0 -4.3393614,53.1464422,0 -4.3396080,53.1464410,0</coordinates></LineString></Placemark>
<Placemark><name>65 deg</name><LineString><coordinates>-4.3386217,53.1462753,0 -4.3379912,53.1464675,0 -4.3381281,53.1463701,0 -4.3379912,53.1464675,0 -4.3382027,53.1464587,0</coordinates></LineString></Placemark>
<Placemark><name>71 deg</name><LineString><coordinates>-4.3371279,53.1463046,0 -4.3366316,53.1464195,0 -4.3367464,53.1463529,0 -4.3366316,53.1464195,0 -4.3367910,53.1464227,0</coordinates></LineString></Placemark>
<Placemark><name>188 deg</name><LineString><coordinates>-4.3878675,53.1443983,0 -4.3879701,53.1437977,0 -4.3880585,53.1439709,0 -4.3879701,53.1437977,0 -4.3878251,53.1439564,0</coordinates></LineString></Placemark>
<Placemark><name>185 deg</name><LineString><coordinates>-4.3863737,53.1444283,0 -4.3864248,53.1438521,0 -4.3865226,53.1440149,0 -4.3864248,53.1438521,0 -4.3862987,53.1440077,0</coordinates></LineString></Placemark>
<Placemark><name>195 deg</name><LineString><coordinates>-4.3848800,53.1444582,0 -4.3850907,53.1439340,0 -4.3851343,53.1440937,0 -4.3850907,53.1439340,0 -4.3849306,53.1440641,0</coordinates></LineString></Placemark>
<Placemark><name>225 deg</name><LineString><coordinates>-4.3833863,53.1444882,0 -4.3839438,53.1441325,0 -4.3838588,53.1442699,0 -4.3839438,53.1441325,0 -4.3837206,53.1441916,0</coordinates></LineString></Placemark>
<Placemark><name>208 deg</name><LineString><coordinates>-4.3818925,53.1445181,0 -4.3822016,53.1441451,0 -4.3821887,53.1442699,0 -4.3822016,53.1441451,0 -4.3820437,53.1442265,0</coordinates></LineString></Placemark>
<Placemark><name>225 deg</name><LineString><coordinates>-4.3803988,53.1445479,0 -4.3809723,53.1441743,0 -4.3808864,53.1443179,0 -4.3809723,53.1441743,0 -4.3807412,53.1442373,0</coordinates></LineString></Placemark>
<Placemark><name>235 deg</name><LineString><coordinates>-4.3789050,53.1445778,0 -4.3796461,53.1442450,0 -4.3795060,53.1443890,0 -4.3796461,53.1442450,0 -4.3793767,53.1442849,0</coordinates></LineString></Placemark>
<Placemark><name>250 deg</name><LineString><coordinates>-4.3774113,53.1446077,0 -4.3783934,53.1443711,0 -4.3781680,53.1445054,0 -4.3783934,53.1443711,0 -4.3780761,53.1443675,0</coordinates></LineString></Placemark>
<Placemark><name>205 deg</name><LineString><coordinates>-4.3759175,53.1446375,0 -4.3763419,53.1440485,0 -4.3763391,53.1442411,0 -4.3763419,53.1440485,0 -4.3761102,53.1441815,0</coordinates></LineString></Placemark>
<Placemark><name>224 deg</name><LineString><coordinates>-4.3744238,53.1446673,0 -4.3750742,53.1442394,0 -4.3749776,53.1444033,0 -4.3750742,53.1442394,0 -4.3748113,53.1443120,0</coordinates></LineString></Placemark>
<Placemark><name>214 deg</name><LineString><coordinates>-4.3729300,53.1446971,0 -4.3734403,53.1442065,0 -4.3733946,53.1443779,0 -4.3734403,53.1442065,0 -4.3732040,53.1443062,0</coordinates></LineString></Placemark>
<Placemark><name>211 deg</name><LineString><coordinates>-4.3714363,53.1447269,0 -4.3718864,53.1442403,0 -4.3718566,53.1444064,0 -4.3718864,53.1442403,0 -4.3716675,53.1443431,0</coordinates></LineString></Placemark>
<Placemark><name>206 deg</name><LineString><coordinates>-4.3699425,53.1447566,0 -4.3703157,53.1442568,0 -4.3703097,53.1444212,0 -4.3703157,53.1442568,0 -4.3701154,53.1443687,0</coordinates></LineString></Placemark>
<Placemark><name>195 deg</name><LineString><coordinates>-4.3684487,53.1447864,0 -4.3686400,53.1442824,0 -4.3686851,53.1444351,0 -4.3686400,53.1442824,0 -4.3684892,53.1444082,0</coordinates></LineString></Placemark>
<Placemark><name>197 deg</name><LineString><coordinates>-4.3669550,53.1448161,0 -4.3671909,53.1442936,0 -4.3672273,53.1444545,0 -4.3671909,53.1442936,0 -4.3670242,53.1444214,0</coordinates></LineString></Placemark>
<Placemark><name>188 deg</name><LineString><coordinates>-4.3654612,53.1448458,0 -4.3655562,53.1442851,0 -4.3656389,53.1444467,0 -4.3655562,53.1442851,0 -4.3654210,53.1444333,0</coordinates></LineString></Placemark>
<Placemark><name>186 deg</name><LineString><coordinates>-4.3639674,53.1448755,0 -4.3640345,53.1443066,0 -4.3641265,53.1444685,0 -4.3640345,53.1443066,0 -4.3639054,53.1444591,0</coordinates></LineString></Placemark>
<Placemark><name>178 deg</name><LineString><coordinates>-4.3624737,53.1449051,0 -4.3624149,53.1443365,0 -4.3625416,53.1444895,0 -4.3624149,53.1443365,0 -4.3623207,53.1444978,0</coordinates></LineString></Placemark>
<Placemark><name>174 deg</name><LineString><coordinates>-4.3609799,53.1449348,0 -4.3608506,53.1443674,0 -4.3609965,53.1445151,0 -4.3608506,53.1443674,0 -4.3607761,53.1445332,0</coordinates></LineString></Placemark>
<Placemark><name>164 deg</name><LineString><coordinates>-4.3594861,53.1449644,0 -4.3592014,53.1444178,0 -4.3593862,53.1445488,0 -4.3592014,53.1444178,0 -4.3591738,53.1445888,0</coordinates></LineString></Placemark>
<Placemark><name>157 deg</name><LineString><coordinates>-4.3579923,53.1449940,0 -4.3575872,53.1444593,0 -4.3578030,53.1445786,0 -4.3575872,53.1444593,0 -4.3575952,53.1446355,0</coordinates></LineString></Placemark>
<Placemark><name>155 deg</name><LineString><coordinates>-4.3564985,53.1450236,0 -4.3560590,53.1444922,0 -4.3562837,53.1446082,0 -4.3560590,53.1444922,0 -4.3560772,53.1446699,0</coordinates></LineString></Placemark>
<Placemark><name>155 deg</name><LineString><coordinates>-4.3550047,53.1450531,0 -4.3545678,53.1445344,0 -4.3547893,53.1446470,0 -4.3545678,53.1445344,0 -4.3545877,53.1447084,0</coordinates></LineString></Placemark>
<Placemark><name>145 deg</name><LineString><coordinates>-4.3535110,53.1450827,0 -4.3529552,53.1446297,0 -4.3531968,53.1447159,0 -4.3529552,53.1446297,0 -4.3530207,53.1447939,0</coordinates></LineString></Placemark>
<Placemark><name>143 deg</name><LineString><coordinates>-4.3520172,53.1451122,0 -4.3514506,53.1446889,0 -4.3516894,53.1447661,0 -4.3514506,53.1446889,0 -4.3515249,53.1448456,0</coordinates></LineString></Placemark>
<Placemark><name>136 deg</name><LineString><coordinates>-4.3505234,53.1451417,0 -4.3498949,53.1447771,0 -4.3501394,53.1448337,0 -4.3498949,53.1447771,0 -4.3499977,53.1449220,0</coordinates></LineString></Placemark>
<Placemark><name>131 deg</name><LineString><coordinates>-4.3490296,53.1451712,0 -4.3483828,53.1448522,0 -4.3486235,53.1448949,0 -4.3483828,53.1448522,0 -4.3484995,53.1449858,0</coordinates></LineString></Placemark>
<Placemark><name>101 deg</name><LineString><coordinates>-4.3475358,53.1452007,0 -4.3467262,53.1451182,0 -4.3469659,53.1450842,0 -4.3467262,53.1451182,0 -4.3469338,53.1451979,0</coordinates></LineString></Placemark>
<Placemark><name>87 deg</name><LineString><coordinates>-4.3460420,53.1452302,0 -4.3451296,53.1452794,0 -4.3453722,53.1452017,0 -4.3451296,53.1452794,0 -4.3453913,53.1453299,0</coordinates></LineString></Placemark>
<Placemark><name>90 deg</name><LineString><coordinates>-4.3445481,53.1452596,0 -4.3436129,53.1452825,0 -4.3438669,53.1452105,0 -4.3436129,53.1452825,0 -4.3438758,53.1453419,0</coordinates></LineString></Placemark>
<Placemark><name>88 deg</name><LineString><coordinates>-4.3430543,53.1452890,0 -4.3421389,53.1453276,0 -4.3423843,53.1452526,0 -4.3421389,53.1453276,0 -4.3423993,53.1453813,0</coordinates></LineString></Placemark>
<Placemark><name>85 deg</name><LineString><coordinates>-4.3415605,53.1453184,0 -4.3406878,53.1453857,0 -4.3409159,53.1453058,0 -4.3406878,53.1453857,0 -4.3409421,53.1454284,0</coordinates></LineString></Placemark>
<Placemark><name>82 deg</name><LineString><coordinates>-4.3400667,53.1453478,0 -4.3392588,53.1454332,0 -4.3394655,53.1453528,0 -4.3392588,53.1454332,0 -4.3394987,53.1454663,0</coordinates></LineString></Placemark>
<Placemark><name>83 deg</name><LineString><coordinates>-4.3385729,53.1453771,0 -4.3378477,53.1454453,0 -4.3380349,53.1453756,0 -4.3378477,53.1454453,0 -4.3380614,53.1454774,0</coordinates></LineString></Placemark>
<Placemark><name>95 deg</name><LineString><coordinates>-4.3370791,53.1454065,0 -4.3364746,53.1453837,0 -4.3366461,53.1453476,0 -4.3364746,53.1453837,0 -4.3366372,53.1454325,0</coordinates></LineString></Placemark>
<Placemark><name>201 deg</name><LineString><coordinates>-4.3878176,53.1435002,0 -4.3881283,53.1429621,0 -4.3881470,53.1431326,0 -4.3881283,53.1429621,0 -4.3879379,53.1430890,0</coordinates></LineString></Placemark>
<Placemark><name>197 deg</name><LineString><coordinates>-4.3863239,53.1435302,0 -4.3865626,53.1429927,0 -4.3866011,53.1431580,0 -4.3865626,53.1429927,0 -4.3863922,53.1431244,0</coordinates></LineString></Placemark>
<Placemark><name>208 deg</name><LineString><coordinates>-4.3848302,53.1435601,0 -4.3852409,53.1430591,0 -4.3852248,53.1432264,0 -4.3852409,53.1430591,0 -4.3850301,53.1431687,0</coordinates></LineString></Placemark>
<Placemark><name>222 deg</name><LineString><coordinates>-4.3833365,53.1435900,0 -4.3839573,53.1431487,0 -4.3838715,53.1433143,0 -4.3839573,53.1431487,0 -4.3837000,53.1432271,0</coordinates></LineString></Placemark>
<Placemark><name>177 deg</name><LineString><coordinates>-4.3818428,53.1436199,0 -4.3817744,53.1430907,0 -4.3818961,53.1432321,0 -4.3817744,53.1430907,0 -4.3816905,53.1432418,0</coordinates></LineString></Placemark>
<Placemark><name>215 deg</name><LineString><coordinates>-4.3803491,53.1436498,0 -4.3808145,53.1432172,0 -4.3807700,53.1433694,0 -4.3808145,53.1432172,0 -4.3806018,53.1433040,0</coordinates></LineString></Placemark>
<Placemark><name>239 deg</name><LineString><coordinates>-4.3788554,53.1436797,0 -4.3796298,53.1433746,0 -4.3794751,53.1435133,0 -4.3796298,53.1433746,0 -4.3793565,53.1434045,0</coordinates></LineString></Placemark>
<Placemark><name>242 deg</name><LineString><coordinates>-4.3773617,53.1437095,0 -4.3782229,53.1434072,0 -4.3780437,53.1435513,0 -4.3782229,53.1434072,0 -4.3779262,53.1434303,0</coordinates></LineString></Placemark>
<Placemark><name>226 deg</name><LineString><coordinates>-4.3758679,53.1437394,0 -4.3765312,53.1433272,0 -4.3764280,53.1434877,0 -4.3765312,53.1433272,0 -4.3762679,53.1433945,0</coordinates></LineString></Placemark>
<Placemark><name>217 deg</name><LineString><coordinates>-4.3743742,53.1437692,0 -4.3749252,53.1432952,0 -4.3748651,53.1434649,0 -4.3749252,53.1432952,0 -4.3746809,53.1433875,0</coordinates></LineString></Placemark>
<Placemark><name>222 deg</name><LineString><coordinates>-4.3728805,53.1437990,0 -4.3735050,53.1433576,0 -4.3734182,53.1435234,0 -4.3735050,53.1433576,0 -4.3732467,53.1434357,0</coordinates></LineString></Placemark>
<Placemark><name>210 deg</name><LineString><coordinates>-4.3713868,53.1438287,0 -4.3718161,53.1433377,0 -4.3717929,53.1435036,0 -4.3718161,53.1433377,0 -4.3716021,53.1434432,0</coordinates></LineString></Placemark>
<Placemark><name>205 deg</name><LineString><coordinates>-4.3698930,53.1438585,0 -4.3702635,53.1433449,0 -4.3702609,53.1435129,0 -4.3702635,53.1433449,0 -4.3700614,53.1434608,0</coordinates></LineString></Placemark>
<Placemark><name>201 deg</name><LineString><coordinates>-4.3683993,53.1438882,0 -4.3687125,53.1433479,0 -4.3687310,53.1435192,0 -4.3687125,53.1433479,0 -4.3685210,53.1434752,0</coordinates></LineString></Placemark>
<Placemark><name>182 deg</name><LineString><coordinates>-4.3669056,53.1439179,0 -4.3669092,53.1433496,0 -4.3670186,53.1435069,0 -4.3669092,53.1433496,0 -4.3667977,53.1435064,0</coordinates></LineString></Placemark>
<Placemark><name>180 deg</name><LineString><coordinates>-4.3654118,53.1439476,0 -4.3653720,53.1433713,0 -4.3654949,53.1435278,0 -4.3653720,53.1433713,0 -4.3652710,53.1435334,0</coordinates></LineString></Placemark>
<Placemark><name>181 deg</name><LineString><coordinates>-4.3639181,53.1439773,0 -4.3638971,53.1433808,0 -4.3640188,53.1435442,0 -4.3638971,53.1433808,0 -4.3637870,53.1435471,0</coordinates></LineString></Placemark>
<Placemark><name>177 deg</name><LineString><coordinates>-4.3624243,53.1440070,0 -4.3623377,53.1433978,0 -4.3624800,53.1435600,0 -4.3623377,53.1433978,0 -4.3622433,53.1435722,0</coordinates></LineString></Placemark>
<Placemark><name>181 deg</name><LineString><coordinates>-4.3609306,53.1440366,0 -4.3609184,53.1434399,0 -4.3610377,53.1436039,0 -4.3609184,53.1434399,0 -4.3608059,53.1436057,0</coordinates></LineString></Placemark>
<Placemark><name>163 deg</name><LineString><coordinates>-4.3594368,53.1440662,0 -4.3591218,53.1435251,0 -4.3593140,53.1436525,0 -4.3591218,53.1435251,0 -4.3591037,53.1436967,0</coordinates></LineString></Placemark>
<Placemark><name>155 deg</name><LineString><coordinates>-4.3579431,53.1440959,0 -4.3574859,53.1435564,0 -4.3577171,53.1436734,0 -4.3574859,53.1435564,0 -4.3575074,53.1437376,0</coordinates></LineString></Placemark>
<Placemark><name>159 deg</name><LineString><coordinates>-4.3564493,53.1441254,0 -4.3560552,53.1435667,0 -4.3562727,53.1436934,0 -4.3560552,53.1435667,0 -4.3560555,53.1437488,0</coordinates></LineString></Placemark>
<Placemark><name>165 deg</name><LineString><coordinates>-4.3549556,53.1441550,0 -4.3546620,53.1435816,0 -4.3548545,53.1437194,0 -4.3546620,53.1435816,0 -4.3546317,53.1437607,0</coordinates></LineString></Placemark>
<Placemark><name>165 deg</name><LineString><coordinates>-4.3534618,53.1441846,0 -4.3531831,53.1436240,0 -4.3533691,53.1437593,0 -4.3531831,53.1436240,0 -4.3531512,53.1437985,0</coordinates></LineString></Placemark>
<Placemark><name>167 deg</name><LineString><coordinates>-4.3519681,53.1442141,0 -4.3517320,53.1436693,0 -4.3519030,53.1438033,0 -4.3517320,53.1436693,0 -4.3516914,53.1438364,0</coordinates></LineString></Placemark>
<Placemark><name>129 deg</name><LineString><coordinates>-4.3504743,53.1442436,0 -4.3498302,53.1439458,0 -4.3500660,53.1439829,0 -4.3498302,53.1439458,0 -4.3499503,53.1440733,0</coordinates></LineString></Placemark>
<Placemark><name>148 deg</name><LineString><coordinates>-4.3489805,53.1442731,0 -4.3485239,53.1438661,0 -4.3487292,53.1439465,0 -4.3485239,53.1438661,0 -4.3485710,53.1440106,0</coordinates></LineString></Placemark>
<Placemark><name>151 deg</name><LineString><coordinates>-4.3474868,53.1443026,0 -4.3470711,53.1438857,0 -4.3472669,53.1439717,0 -4.3470711,53.1438857,0 -4.3471049,53.1440301,0</coordinates></LineString></Placemark>
<Placemark><name>111 deg</name><LineString><coordinates>-4.3459930,53.1443320,0 -4.3450915,53.1441477,0 -4.3453764,53.1441353,0 -4.3450915,53.1441477,0 -4.3453048,53.1442619,0</coordinates></LineString></Placemark>
<Placemark><name>103 deg</name><LineString><coordinates>-4.3444992,53.1443614,0 -4.3435818,53.1442562,0 -4.3438558,53.1442209,0 -4.3435818,53.1442562,0 -4.3438149,53.1443497,0</coordinates></LineString></Placemark>
<Placemark><name>98 deg</name><LineString><coordinates>-4.3430054,53.1443909,0 -4.3421033,53.1443297,0 -4.3423644,53.1442832,0 -4.3421033,53.1443297,0 -4.3423407,53.1444100,0</coordinates></LineString></Placemark>
<Placemark><name>95 deg</name><LineString><coordinates>-4.3415116,53.1444203,0 -4.3406422,53.1443904,0 -4.3408882,53.1443375,0 -4.3406422,53.1443904,0 -4.3408766,53.1444597,0</coordinates></LineString></Placemark>
<Placemark><name>94 deg</name><LineString><coordinates>-4.3400179,53.1444496,0 -4.3391992,53.1444336,0 -4.3394285,53.1443805,0 -4.3391992,53.1444336,0 -4.3394223,53.1444956,0</coordinates></LineString></Placemark>
<Placemark><name>95 deg</name><LineString><coordinates>-4.3385241,53.1444790,0 -4.3377784,53.1444554,0 -4.3379890,53.1444095,0 -4.3377784,53.1444554,0 -4.3379798,53.1445143,0</coordinates></LineString></Placemark>
<Placemark><name>96 deg</name><LineString><coordinates>-4.3370303,53.1445083,0 -4.3364032,53.1444823,0 -4.3365815,53.1444455,0 -4.3364032,53.1444823,0 -4.3365714,53.1445336,0</coordinates></LineString></Placemark>
<Placemark><name>206 deg</name><LineString><coordinates>-4.3832868,53.1426919,0 -4.3836837,53.1421640,0 -4.3836766,53.1423378,0 -4.3836837,53.1421640,0 -4.3834715,53.1422820,0</coordinates></LineString></Placemark>
<Placemark><name>202 deg</name><LineString><coordinates>-4.3817931,53.1427218,0 -4.3821173,53.1421849,0 -4.3821320,53.1423560,0 -4.3821173,53.1421849,0 -4.3819234,53.1423105,0</coordinates></LineString></Placemark>
<Placemark><name>214 deg</name><LineString><coordinates>-4.3802994,53.1427517,0 -4.3807991,53.1422811,0 -4.3807525,53.1424463,0 -4.3807991,53.1422811,0 -4.3805696,53.1423761,0</coordinates></LineString></Placemark>
<Placemark><name>231 deg</name><LineString><coordinates>-4.3788057,53.1427816,0 -4.3795219,53.1424093,0 -4.3793964,53.1425624,0 -4.3795219,53.1424093,0 -4.3792517,53.1424618,0</coordinates></LineString></Placemark>
<Placemark><name>209 deg</name><LineString><coordinates>-4.3773120,53.1428114,0 -4.3777379,53.1423209,0 -4.3777155,53.1424863,0 -4.3777379,53.1423209,0 -4.3775249,53.1424265,0</coordinates></LineString></Placemark>
<Placemark><name>208 deg</name><LineString><coordinates>-4.3758184,53.1428412,0 -4.3762796,53.1422813,0 -4.3762610,53.1424684,0 -4.3762796,53.1422813,0 -4.3760434,53.1424036,0</coordinates></LineString></Placemark>
<Placemark><name>211 deg</name><LineString><coordinates>-4.3743247,53.1428711,0 -4.3748069,53.1423435,0 -4.3747761,53.1425232,0 -4.3748069,53.1423435,0 -4.3745711,53.1424554,0</coordinates></LineString></Placemark>
<Placemark><name>214 deg</name><LineString><coordinates>-4.3728310,53.1429008,0 -4.3733650,53.1423864,0 -4.3733174,53.1425660,0 -4.3733650,53.1423864,0 -4.3731175,53.1424910,0</coordinates></LineString></Placemark>
<Placemark><name>202 deg</name><LineString><coordinates>-4.3713373,53.1429306,0 -4.3716765,53.1423749,0 -4.3716907,53.1425523,0 -4.3716765,53.1423749,0 -4.3714748,53.1425047,0</coordinates></LineString></Placemark>
<Placemark><name>201 deg</name><LineString><coordinates>-4.3698436,53.1429604,0 -4.3701644,53.1424166,0 -4.3701814,53.1425894,0 -4.3701644,53.1424166,0 -4.3699701,53.1425443,0</coordinates></LineString></Placemark>
<Placemark><name>195 deg</name><LineString><coordinates>-4.3683499,53.1429901,0 -4.3685589,53.1424327,0 -4.3686094,53.1426014,0 -4.3685589,53.1424327,0 -4.3683928,53.1425720,0</coordinates></LineString></Placemark>
<Placemark><name>182 deg</name><LineString><coordinates>-4.3668562,53.1430198,0 -4.3668517,53.1424489,0 -4.3669638,53.1426063,0 -4.3668517,53.1424489,0 -4.3667420,53.1426069,0</coordinates></LineString></Placemark>
<Placemark><name>173 deg</name><LineString><coordinates>-4.3653625,53.1430495,0 -4.3652100,53.1424777,0 -4.3653632,53.1426250,0 -4.3652100,53.1424777,0 -4.3651410,53.1426464,0</coordinates></LineString></Placemark>
<Placemark><name>168 deg</name><LineString><coordinates>-4.3638687,53.1430792,0 -4.3636239,53.1425047,0 -4.3638032,53.1426462,0 -4.3636239,53.1425047,0 -4.3635799,53.1426806,0</coordinates></LineString></Placemark>
<Placemark><name>180 deg</name><LineString><coordinates>-4.3623750,53.1431089,0 -4.3623412,53.1425060,0 -4.3624677,53.1426702,0 -4.3623412,53.1425060,0 -4.3622334,53.1426749,0</coordinates></LineString></Placemark>
<Placemark><name>181 deg</name><LineString><coordinates>-4.3608813,53.1431385,0 -4.3608603,53.1425160,0 -4.3609870,53.1426865,0 -4.3608603,53.1425160,0 -4.3607452,53.1426895,0</coordinates></LineString></Placemark>
<Placemark><name>172 deg</name><LineString><coordinates>-4.3593876,53.1431681,0 -4.3592105,53.1425411,0 -4.3593813,53.1427019,0 -4.3592105,53.1425411,0 -4.3591376,53.1427268,0</coordinates></LineString></Placemark>
<Placemark><name>159 deg</name><LineString><coordinates>-4.3578939,53.1431977,0 -4.3574976,53.1426258,0 -4.3577182,53.1427560,0 -4.3574976,53.1426258,0 -4.3574960,53.1428117,0</coordinates></LineString></Placemark>
<Placemark><name>160 deg</name><LineString><coordinates>-4.3564002,53.1432273,0 -4.3560224,53.1426559,0 -4.3562378,53.1427873,0 -4.3560224,53.1426559,0 -4.3560158,53.1428403,0</coordinates></LineString></Placemark>
<Placemark><name>169 deg</name><LineString><coordinates>-4.3549064,53.1432569,0 -4.3546771,53.1426684,0 -4.3548548,53.1428149,0 -4.3546771,53.1426684,0 -4.3546261,53.1428471,0</coordinates></LineString></Placemark>
<Placemark><name>166 deg</name><LineString><coordinates>-4.3534127,53.1432864,0 -4.3531450,53.1427103,0 -4.3533309,53.1428507,0 -4.3531450,53.1427103,0 -4.3531070,53.1428883,0</coordinates></LineString></Placemark>
<Placemark><name>180 deg</name><LineString><coordinates>-4.3519190,53.1433159,0 -4.3518858,53.1427532,0 -4.3520043,53.1429064,0 -4.3518858,53.1427532,0 -4.3517856,53.1429110,0</coordinates></LineString></Placemark>
<Placemark><name>177 deg</name><LineString><coordinates>-4.3504252,53.1433455,0 -4.3503493,53.1427945,0 -4.3504773,53.1429414,0 -4.3503493,53.1427945,0 -4.3502633,53.1429521,0</coordinates></LineString></Placemark>
<Placemark><name>159 deg</name><LineString><coordinates>-4.3489315,53.1433749,0 -4.3485981,53.1428893,0 -4.3487846,53.1430000,0 -4.3485981,53.1428893,0 -4.3485958,53.1430469,0</coordinates></LineString></Placemark>
<Placemark><name>151 deg</name><LineString><coordinates>-4.3474378,53.1434044,0 -4.3469797,53.1429490,0 -4.3471948,53.1430427,0 -4.3469797,53.1429490,0 -4.3470178,53.1431070,0</coordinates></LineString></Placemark>
<Placemark><name>132 deg</name><LineString><coordinates>-4.3459440,53.1434339,0 -4.3452430,53.1430777,0 -4.3455059,53.1431269,0 -4.3452430,53.1430777,0 -4.3453675,53.1432254,0</coordinates></LineString></Placemark>
<Placemark><name>117 deg</name><LineString><coordinates>-4.3444503,53.1434633,0 -4.3436211,53.1432307,0 -4.3438954,53.1432367,0 -4.3436211,53.1432307,0 -4.3438050,53.1433532,0</coordinates></LineString></Placemark>
<Placemark><name>109 deg</name><LineString><coordinates>-4.3429565,53.1434927,0 -4.3421034,53.1433328,0 -4.3423702,53.1433171,0 -4.3421034,53.1433328,0 -4.3423080,53.1434370,0</coordinates></LineString></Placemark>
<Placemark><name>105 deg</name><LineString><coordinates>-4.3414628,53.1435221,0 -4.3406247,53.1434039,0 -4.3408792,53.1433777,0 -4.3406247,53.1434039,0 -4.3408333,53.1434954,0</coordinates></LineString></Placemark>
<Placemark><name>104 deg</name><LineString><coordinates>-4.3399690,53.1435515,0 -4.3391711,53.1434521,0 -4.3394109,53.1434235,0 -4.3391711,53.1434521,0 -4.3393723,53.1435356,0</coordinates></LineString></Placemark>
<Placemark><name>106 deg</name><LineString><coordinates>-4.3384753,53.1435809,0 -4.3377510,53.1434744,0 -4.3379718,53.1434530,0 -4.3377510,53.1434744,0 -4.3379305,53.1435547,0</coordinates></LineString></Placemark>
<Placemark><name>213 deg</name><LineString><coordinates>-4.3802497,53.1418536,0 -4.3807493,53.1413652,0 -4.3807061,53.1415353,0 -4.3807493,53.1413652,0 -4.3805163,53.1414651,0</coordinates></LineString></Placemark>
<Placemark><name>222 deg</name><LineString><coordinates>-4.3787561,53.1418835,0 -4.3793868,53.1414279,0 -4.3793011,53.1415981,0 -4.3793868,53.1414279,0 -4.3791240,53.1415095,0</coordinates></LineString></Placemark>
<Placemark><name>202 deg</name><LineString><coordinates>-4.3772624,53.1419133,0 -4.3775983,53.1413566,0 -4.3776137,53.1415340,0 -4.3775983,53.1413566,0 -4.3773973,53.1414868,0</coordinates></LineString></Placemark>
<Placemark><name>211 deg</name><LineString><coordinates>-4.3757688,53.1419431,0 -4.3762451,53.1414383,0 -4.3762116,53.1416113,0 -4.3762451,53.1414383,0 -4.3760154,53.1415444,0</coordinates></LineString></Placemark>
<Placemark><name>214 deg</name><LineString><coordinates>-4.3742751,53.1419729,0 -4.3747959,53.1414675,0 -4.3747502,53.1416437,0 -4.3747959,53.1414675,0 -4.3745538,53.1415706,0</coordinates></LineString></Placemark>
<Placemark><name>210 deg</name><LineString><coordinates>-4.3727814,53.1420027,0 -4.3732599,53.1414714,0 -4.3732309,53.1416519,0 -4.3732599,53.1414714,0 -4.3730245,53.1415846,0</coordinates></LineString></Placemark>
<Placemark><name>207 deg</name><LineString><coordinates>-4.3712878,53.1420325,0 -4.3717152,53.1414897,0 -4.3717025,53.1416697,0 -4.3717152,53.1414897,0 -4.3714916,53.1416097,0</coordinates></LineString></Placemark>
<Placemark><name>206 deg</name><LineString><coordinates>-4.3697941,53.1420622,0 -4.3701904,53.1415277,0 -4.3701848,53.1417033,0 -4.3701904,53.1415277,0 -4.3699771,53.1416476,0</coordinates></LineString></Placemark>
<Placemark><name>197 deg</name><LineString><coordinates>-4.3683004,53.1420920,0 -4.3685484,53.1415486,0 -4.3685855,53.1417162,0 -4.3685484,53.1415486,0 -4.3683743,53.1416814,0</coordinates></LineString></Placemark>
<Placemark><name>179 deg</name><LineString><coordinates>-4.3668068,53.1421217,0 -4.3667550,53.1415627,0 -4.3668779,53.1417135,0 -4.3667550,53.1415627,0 -4.3666607,53.1417208,0</coordinates></LineString></Placemark>
<Placemark><name>168 deg</name><LineString><coordinates>-4.3653131,53.1421514,0 -4.3650834,53.1415976,0 -4.3652544,53.1417345,0 -4.3650834,53.1415976,0 -4.3650393,53.1417668,0</coordinates></LineString></Placemark>
<Placemark><name>163 deg</name><LineString><coordinates>-4.3638194,53.1421811,0 -4.3635137,53.1416331,0 -4.3637046,53.1417630,0 -4.3635137,53.1416331,0 -4.3634917,53.1418060,0</coordinates></LineString></Placemark>
<Placemark><name>164 deg</name><LineString><coordinates>-4.3623257,53.1422107,0 -4.3620231,53.1416516,0 -4.3622154,53.1417848,0 -4.3620231,53.1416516,0 -4.3619981,53.1418273,0</coordinates></LineString></Placemark>
<Placemark><name>167 deg</name><LineString><coordinates>-4.3608320,53.1422404,0 -4.3605679,53.1416454,0 -4.3607565,53.1417912,0 -4.3605679,53.1416454,0 -4.3605253,53.1418283,0</coordinates></LineString></Placemark>
<Placemark><name>179 deg</name><LineString><coordinates>-4.3593383,53.1422700,0 -4.3592795,53.1416645,0 -4.3594134,53.1418277,0 -4.3592795,53.1416645,0 -4.3591781,53.1418360,0</coordinates></LineString></Placemark>
<Placemark><name>163 deg</name><LineString><coordinates>-4.3578447,53.1422996,0 -4.3575323,53.1417356,0 -4.3577282,53.1418695,0 -4.3575323,53.1417356,0 -4.3575091,53.1419134,0</coordinates></LineString></Placemark>
<Placemark><name>150 deg</name><LineString><coordinates>-4.3563510,53.1423292,0 -4.3558419,53.1418297,0 -4.3560796,53.1419319,0 -4.3558419,53.1418297,0 -4.3558855,53.1420034,0</coordinates></LineString></Placemark>
<Placemark><name>180 deg</name><LineString><coordinates>-4.3548573,53.1423587,0 -4.3548265,53.1418036,0 -4.3549429,53.1419548,0 -4.3548265,53.1418036,0 -4.3547272,53.1419592,0</coordinates></LineString></Placemark>
<Placemark><name>181 deg</name><LineString><coordinates>-4.3533636,53.1423883,0 -4.3533532,53.1418418,0 -4.3534623,53.1419921,0 -4.3533532,53.1418418,0 -4.3532499,53.1419935,0</coordinates></LineString></Placemark>
<Placemark><name>194 deg</name><LineString><coordinates>-4.3518699,53.1424178,0 -4.3520477,53.1418981,0 -4.3520996,53.1420542,0 -4.3520477,53.1418981,0 -4.3518976,53.1420292,0</coordinates></LineString></Placemark>
<Placemark><name>184 deg</name><LineString><coordinates>-4.3503762,53.1424473,0 -4.3504021,53.1419313,0 -4.3504952,53.1420757,0 -4.3504021,53.1419313,0 -4.3502947,53.1420720,0</coordinates></LineString></Placemark>
<Placemark><name>164 deg</name><LineString><coordinates>-4.3488825,53.1424768,0 -4.3486236,53.1419869,0 -4.3487903,53.1421041,0 -4.3486236,53.1419869,0 -4.3485999,53.1421405,0</coordinates></LineString></Placemark>
<Placemark><name>149 deg</name><LineString><coordinates>-4.3473888,53.1425063,0 -4.3469150,53.1420664,0 -4.3471314,53.1421547,0 -4.3469150,53.1420664,0 -4.3469604,53.1422212,0</coordinates></LineString></Placemark>
<Placemark><name>136 deg</name><LineString><coordinates>-4.3458950,53.1425357,0 -4.3452525,53.1421661,0 -4.3455019,53.1422231,0 -4.3452525,53.1421661,0 -4.3453582,53.1423133,0</coordinates></LineString></Placemark>
<Placemark><name>125 deg</name><LineString><coordinates>-4.3444013,53.1425652,0 -4.3436527,53.1422751,0 -4.3439159,53.1423027,0 -4.3436527,53.1422751,0 -4.3438032,53.1424079,0</coordinates></LineString></Placemark>
<Placemark><name>117 deg</name><LineString><coordinates>-4.3429076,53.1425946,0 -4.3421173,53.1423682,0 -4.3423796,53.1423752,0 -4.3421173,53.1423682,0 -4.3422917,53.1424863,0</coordinates></LineString></Placemark>
<Placemark><name>113 deg</name><LineString><coordinates>-4.3414139,53.1426240,0 -4.3406234,53.1424412,0 -4.3408773,53.1424362,0 -4.3406234,53.1424412,0 -4.3408063,53.1425472,0</coordinates></LineString></Placemark>
<Placemark><name>111 deg</name><LineString><coordinates>-4.3399202,53.1426534,0 -4.3391600,53.1424962,0 -4.3394006,53.1424862,0 -4.3391600,53.1424962,0 -4.3393396,53.1425930,0</coordinates></LineString></Placemark>
<Placemark><name>219 deg</name><LineString><coordinates>-4.3787064,53.1409853,0 -4.3792845,53.1405246,0 -4.3792143,53.1406925,0 -4.3792845,53.1405246,0 -4.3790353,53.1406113,0</coordinates></LineString></Placemark>
<Placemark><name>213 deg</name><LineString><coordinates>-4.3772128,53.1410152,0 -4.3777062,53.1405177,0 -4.3776665,53.1406898,0 -4.3777062,53.1405177,0 -4.3774733,53.1406205,0</coordinates></LineString></Placemark>
<Placemark><name>211 deg</name><LineString><coordinates>-4.3757192,53.1410450,0 -4.3761768,53.1405417,0 -4.3761481,53.1407129,0 -4.3761768,53.1405417,0 -4.3759525,53.1406486,0</coordinates></LineString></Placemark>
<Placemark><name>209 deg</name><LineString><coordinates>-4.3742255,53.1410748,0 -4.3746735,53.1405592,0 -4.3746499,53.1407332,0 -4.3746735,53.1405592,0 -4.3744495,53.1406702,0</coordinates></LineString></Placemark>
<Placemark><name>208 deg</name><LineString><coordinates>-4.3727319,53.1411046,0 -4.3731616,53.1405680,0 -4.3731471,53.1407464,0 -4.3731616,53.1405680,0 -4.3729386,53.1406861,0</coordinates></LineString></Placemark>
<Placemark><name>210 deg</name><LineString><coordinates>-4.3712383,53.1411344,0 -4.3717070,53.1406009,0 -4.3716811,53.1407812,0 -4.3717070,53.1406009,0 -4.3714738,53.1407154,0</coordinates></LineString></Placemark>
<Placemark><name>213 deg</name><LineString><coordinates>-4.3697446,53.1411641,0 -4.3702584,53.1406562,0 -4.3702151,53.1408326,0 -4.3702584,53.1406562,0 -4.3700178,53.1407605,0</coordinates></LineString></Placemark>
<Placemark><name>209 deg</name><LineString><coordinates>-4.3682510,53.1411939,0 -4.3686669,53.1406985,0 -4.3686482,53.1408646,0 -4.3686669,53.1406985,0 -4.3684557,53.1408062,0</coordinates></LineString></Placemark>
<Placemark><name>171 deg</name><LineString><coordinates>-4.3667574,53.1412236,0 -4.3665902,53.1406772,0 -4.3667426,53.1408165,0 -4.3665902,53.1406772,0 -4.3665303,53.1408399,0</coordinates></LineString></Placemark>
<Placemark><name>165 deg</name><LineString><coordinates>-4.3652637,53.1412533,0 -4.3649882,53.1407128,0 -4.3651693,53.1408428,0 -4.3649882,53.1407128,0 -4.3649593,53.1408815,0</coordinates></LineString></Placemark>
<Placemark><name>161 deg</name><LineString><coordinates>-4.3637701,53.1412829,0 -4.3634317,53.1407548,0 -4.3636278,53.1408769,0 -4.3634317,53.1407548,0 -4.3634226,53.1409245,0</coordinates></LineString></Placemark>
<Placemark><name>158 deg</name><LineString><coordinates>-4.3622764,53.1413126,0 -4.3618903,53.1408002,0 -4.3620965,53.1409147,0 -4.3618903,53.1408002,0 -4.3618975,53.1409689,0</coordinates></LineString></Placemark>
<Placemark><name>159 deg</name><LineString><coordinates>-4.3607828,53.1413422,0 -4.3604371,53.1408428,0 -4.3606297,53.1409565,0 -4.3604371,53.1408428,0 -4.3604356,53.1410051,0</coordinates></LineString></Placemark>
<Placemark><name>175 deg</name><LineString><coordinates>-4.3592891,53.1413719,0 -4.3591830,53.1408312,0 -4.3593174,53.1409731,0 -4.3591830,53.1408312,0 -4.3591073,53.1409880,0</coordinates></LineString></Placemark>
<Placemark><name>167 deg</name><LineString><coordinates>-4.3577954,53.1414015,0 -4.3575662,53.1408766,0 -4.3577315,53.1410055,0 -4.3575662,53.1408766,0 -4.3575276,53.1410377,0</coordinates></LineString></Placemark>
<Placemark><name>159 deg</name><LineString><coordinates>-4.3563018,53.1414310,0 -4.3559717,53.1409645,0 -4.3561536,53.1410702,0 -4.3559717,53.1409645,0 -4.3559723,53.1411166,0</coordinates></LineString></Placemark>
<Placemark><name>167 deg</name><LineString><coordinates>-4.3548081,53.1414606,0 -4.3546185,53.1410193,0 -4.3547567,53.1411279,0 -4.3546185,53.1410193,0 -4.3545852,53.1411546,0</coordinates></LineString></Placemark>
<Placemark><name>150 deg</name><LineString><coordinates>-4.3533144,53.1414901,0 -4.3529216,53.1411099,0 -4.3531040,53.1411874,0 -4.3529216,53.1411099,0 -4.3529563,53.1412426,0</coordinates></LineString></Placemark>
<Placemark><name>224 deg</name><LineString><coordinates>-4.3518208,53.1415197,0 -4.3523359,53.1411752,0 -4.3522605,53.1413066,0 -4.3523359,53.1411752,0 -4.3521266,53.1412342,0</coordinates></LineString></Placemark>
<Placemark><name>183 deg</name><LineString><coordinates>-4.3503271,53.1415492,0 -4.3503434,53.1410952,0 -4.3504271,53.1412218,0 -4.3503434,53.1410952,0 -4.3502507,53.1412195,0</coordinates></LineString></Placemark>
<Placemark><name>157 deg</name><LineString><coordinates>-4.3488334,53.1415787,0 -4.3484988,53.1411372,0 -4.3486771,53.1412357,0 -4.3484988,53.1411372,0 -4.3485055,53.1412827,0</coordinates></LineString></Placemark>
<Placemark><name>144 deg</name><LineString><coordinates>-4.3473398,53.1416081,0 -4.3468260,53.1412045,0 -4.3470464,53.1412800,0 -4.3468260,53.1412045,0 -4.3468896,53.1413521,0</coordinates></LineString></Placemark>
<Placemark><name>135 deg</name><LineString><coordinates>-4.3458461,53.1416376,0 -4.3452174,53.1412801,0 -4.3454605,53.1413347,0 -4.3452174,53.1412801,0 -4.3453216,53.1414230,0</coordinates></LineString></Placemark>
<Placemark><name>128 deg</name><LineString><coordinates>-4.3443524,53.1416670,0 -4.3436503,53.1413596,0 -4.3439041,53.1413952,0 -4.3436503,53.1413596,0 -4.3437846,53.1414939,0</coordinates></LineString></Placemark>
<Placemark><name>122 deg</name><LineString><coordinates>-4.3428587,53.1416964,0 -4.3421223,53.1414343,0 -4.3423767,53.1414550,0 -4.3421223,53.1414343,0 -4.3422748,53.1415585,0</coordinates></LineString></Placemark>
<Placemark><name>119 deg</name><LineString><coordinates>-4.3413650,53.1417258,0 -4.3406252,53.1415027,0 -4.3408730,53.1415124,0 -4.3406252,53.1415027,0 -4.3407863,53.1416163,0</coordinates></LineString></Placemark>
<Placemark><name>214 deg</name><LineString><coordinates>-4.3756696,53.1401469,0 -4.3761572,53.1396755,0 -4.3761140,53.1398400,0 -4.3761572,53.1396755,0 -4.3759309,53.1397715,0</coordinates></LineString></Placemark>
<Placemark><name>208 deg</name><LineString><coordinates>-4.3741760,53.1401767,0 -4.3745781,53.1396725,0 -4.3745649,53.1398401,0 -4.3745781,53.1396725,0 -4.3743690,53.1397836,0</coordinates></LineString></Placemark>
<Placemark><name>203 deg</name><LineString><coordinates>-4.3726824,53.1402065,0 -4.3730288,53.1396714,0 -4.3730370,53.1398436,0 -4.3730288,53.1396714,0 -4.3728291,53.1397949,0</coordinates></LineString></Placemark>
<Placemark><name>214 deg</name><LineString><coordinates>-4.3711888,53.1402362,0 -4.3717162,53.1397219,0 -4.3716704,53.1399011,0 -4.3717162,53.1397219,0 -4.3714706,53.1398270,0</coordinates></LineString></Placemark>
<Placemark><name>216 deg</name><LineString><coordinates>-4.3696952,53.1402660,0 -4.3702581,53.1397731,0 -4.3701984,53.1399488,0 -4.3702581,53.1397731,0 -4.3700068,53.1398697,0</coordinates></LineString></Placemark>
<Placemark><name>201 deg</name><LineString><coordinates>-4.3682016,53.1402957,0 -4.3685196,53.1397299,0 -4.3685417,53.1399086,0 -4.3685196,53.1397299,0 -4.3683218,53.1398639,0</coordinates></LineString></Placemark>
<Placemark><name>175 deg</name><LineString><coordinates>-4.3667080,53.1403254,0 -4.3665966,53.1397548,0 -4.3667382,53.1399047,0 -4.3665966,53.1397548,0 -4.3665165,53.1399203,0</coordinates></LineString></Placemark>
<Placemark><name>167 deg</name><LineString><coordinates>-4.3652143,53.1403551,0 -4.3649792,53.1398110,0 -4.3651499,53.1399448,0 -4.3649792,53.1398110,0 -4.3649384,53.1399779,0</coordinates></LineString></Placemark>
<Placemark><name>163 deg</name><LineString><coordinates>-4.3637207,53.1403848,0 -4.3634207,53.1398623,0 -4.3636051,53.1399856,0 -4.3634207,53.1398623,0 -4.3634021,53.1400277,0</coordinates></LineString></Placemark>
<Placemark><name>160 deg</name><LineString><coordinates>-4.3622271,53.1404145,0 -4.3618974,53.1399112,0 -4.3620862,53.1400271,0 -4.3618974,53.1399112,0 -4.3618907,53.1400735,0</coordinates></LineString></Placemark>
<Placemark><name>163 deg</name><LineString><coordinates>-4.3607335,53.1404441,0 -4.3604571,53.1399476,0 -4.3606299,53.1400654,0 -4.3604571,53.1399476,0 -4.3604370,53.1401042,0</coordinates></LineString></Placemark>
<Placemark><name>171 deg</name><LineString><coordinates>-4.3592399,53.1404737,0 -4.3590765,53.1399699,0 -4.3592195,53.1400976,0 -4.3590765,53.1399699,0 -4.3590237,53.1401206,0</coordinates></LineString></Placemark>
<Placemark><name>174 deg</name><LineString><coordinates>-4.3577462,53.1405033,0 -4.3576344,53.1400055,0 -4.3577620,53.1401352,0 -4.3576344,53.1400055,0 -4.3575686,53.1401509,0</coordinates></LineString></Placemark>
<Placemark><name>182 deg</name><LineString><coordinates>-4.3562526,53.1405329,0 -4.3562585,53.1400652,0 -4.3563478,53.1401948,0 -4.3562585,53.1400652,0 -4.3561660,53.1401940,0</coordinates></LineString></Placemark>
<Placemark><name>219 deg</name><LineString><coordinates>-4.3547590,53.1405625,0 -4.3551581,53.1402440,0 -4.3551097,53.1403600,0 -4.3551581,53.1402440,0 -4.3549860,53.1403039,0</coordinates></LineString></Placemark>
<Placemark><name>307 deg</name><LineString><coordinates>-4.3532653,53.1405920,0 -4.3538241,53.1408263,0 -4.3536242,53.1408008,0 -4.3538241,53.1408263,0 -4.3537152,53.1407223,0</coordinates></LineString></Placemark>
<Placemark><name>329 deg</name><LineString><coordinates>-4.3517717,53.1406215,0 -4.3520631,53.1408952,0 -4.3519294,53.1408401,0 -4.3520631,53.1408952,0 -4.3520357,53.1407991,0</coordinates></LineString></Placemark>
<Placemark><name>139 deg</name><LineString><coordinates>-4.3502781,53.1406510,0 -4.3498264,53.1403595,0 -4.3500079,53.1404083,0 -4.3498264,53.1403595,0 -4.3498946,53.1404718,0</coordinates></LineString></Placemark>
<Placemark><name>140 deg</name><LineString><coordinates>-4.3487844,53.1406805,0 -4.3482647,53.1403260,0 -4.3484772,53.1403874,0 -4.3482647,53.1403260,0 -4.3483394,53.1404605,0</coordinates></LineString></Placemark>
<Placemark><name>137 deg</name><LineString><coordinates>-4.3472908,53.1407100,0 -4.3467094,53.1403542,0 -4.3469392,53.1404116,0 -4.3467094,53.1403542,0 -4.3468009,53.1404933,0</coordinates></LineString></Placemark>
<Placemark><name>133 deg</name><LineString><coordinates>-4.3457971,53.1407394,0 -4.3451578,53.1404048,0 -4.3453995,53.1404523,0 -4.3451578,53.1404048,0 -4.3452694,53.1405422,0</coordinates></LineString></Placemark>
<Placemark><name>129 deg</name><LineString><coordinates>-4.3443035,53.1407689,0 -4.3436228,53.1404629,0 -4.3438703,53.1404997,0 -4.3436228,53.1404629,0 -4.3437514,53.1405953,0</coordinates></LineString></Placemark>
<Placemark><name>126 deg</name><LineString><coordinates>-4.3428098,53.1407983,0 -4.3421140,53.1405193,0 -4.3423605,53.1405475,0 -4.3421140,53.1405193,0 -4.3422521,53.1406453,0</coordinates></LineString></Placemark>
<Placemark><name>213 deg</name><LineString><coordinates>-4.3741264,53.1392786,0 -4.3745783,53.1388325,0 -4.3745401,53.1389875,0 -4.3745783,53.1388325,0 -4.3743668,53.1389240,0</coordinates></LineString></Placemark>
<Placemark><name>217 deg</name><LineString><coordinates>-4.3726329,53.1393084,0 -4.3731308,53.1388845,0 -4.3730755,53.1390366,0 -4.3731308,53.1388845,0 -4.3729109,53.1389667,0</coordinates></LineString></Placemark>
<Placemark><name>228 deg</name><LineString><coordinates>-4.3711393,53.1393381,0 -4.3717932,53.1389585,0 -4.3716863,53.1391094,0 -4.3717932,53.1389585,0 -4.3715388,53.1390175,0</coordinates></LineString></Placemark>
<Placemark><name>218 deg</name><LineString><coordinates>-4.3696457,53.1393679,0 -4.3701984,53.1389048,0 -4.3701357,53.1390716,0 -4.3701984,53.1389048,0 -4.3699557,53.1389939,0</coordinates></LineString></Placemark>
<Placemark><name>201 deg</name><LineString><coordinates>-4.3681521,53.1393976,0 -4.3684627,53.1388593,0 -4.3684814,53.1390299,0 -4.3684627,53.1388593,0 -4.3682723,53.1389862,0</coordinates></LineString></Placemark>
<Placemark><name>183 deg</name><LineString><coordinates>-4.3666586,53.1394273,0 -4.3666817,53.1388682,0 -4.3667839,53.1390243,0 -4.3666817,53.1388682,0 -4.3665667,53.1390211,0</coordinates></LineString></Placemark>
<Placemark><name>173 deg</name><LineString><coordinates>-4.3651650,53.1394570,0 -4.3650294,53.1389141,0 -4.3651723,53.1390546,0 -4.3650294,53.1389141,0 -4.3649614,53.1390736,0</coordinates></LineString></Placemark>
<Placemark><name>167 deg</name><LineString><coordinates>-4.3636714,53.1394867,0 -4.3634478,53.1389683,0 -4.3636103,53.1390958,0 -4.3634478,53.1389683,0 -4.3634089,53.1391272,0</coordinates></LineString></Placemark>
<Placemark><name>165 deg</name><LineString><coordinates>-4.3621778,53.1395163,0 -4.3619243,53.1390142,0 -4.3620919,53.1391352,0 -4.3619243,53.1390142,0 -4.3618968,53.1391708,0</coordinates></LineString></Placemark>
<Placemark><name>168 deg</name><LineString><coordinates>-4.3606842,53.1395460,0 -4.3604833,53.1390512,0 -4.3606349,53.1391738,0 -4.3604833,53.1390512,0 -4.3604427,53.1392020,0</coordinates></LineString></Placemark>
<Placemark><name>173 deg</name><LineString><coordinates>-4.3591906,53.1395756,0 -4.3590690,53.1390849,0 -4.3591980,53.1392119,0 -4.3590690,53.1390849,0 -4.3590073,53.1392290,0</coordinates></LineString></Placemark>
<Placemark><name>181 deg</name><LineString><coordinates>-4.3576970,53.1396052,0 -4.3576865,53.1391174,0 -4.3577842,53.1392514,0 -4.3576865,53.1391174,0 -4.3575946,53.1392529,0</coordinates></LineString></Placemark>
<Placemark><name>198 deg</name><LineString><coordinates>-4.3562034,53.1396348,0 -4.3564260,53.1391693,0 -4.3564550,53.1393135,0 -4.3564260,53.1391693,0 -4.3562741,53.1392823,0</coordinates></LineString></Placemark>
<Placemark><name>229 deg</name><LineString><coordinates>-4.3547098,53.1396643,0 -4.3553218,53.1393264,0 -4.3552183,53.1394627,0 -4.3553218,53.1393264,0 -4.3550870,53.1393768,0</coordinates></LineString></Placemark>
<Placemark><name>273 deg</name><LineString><coordinates>-4.3532162,53.1396939,0 -4.3540645,53.1397034,0 -4.3538283,53.1397604,0 -4.3540645,53.1397034,0 -4.3538320,53.1396412,0</coordinates></LineString></Placemark>
<Placemark><name>77 deg</name><LineString><coordinates>-4.3517226,53.1397234,0 -4.3510212,53.1398369,0 -4.3511929,53.1397563,0 -4.3510212,53.1398369,0 -4.3512370,53.1398548,0</coordinates></LineString></Placemark>
<Placemark><name>123 deg</name><LineString><coordinates>-4.3502290,53.1397529,0 -4.3495514,53.1395089,0 -4.3497860,53.1395287,0 -4.3495514,53.1395089,0 -4.3496912,53.1396239,0</coordinates></LineString></Placemark>
<Placemark><name>133 deg</name><LineString><coordinates>-4.3487354,53.1397824,0 -4.3481184,53.1394638,0 -4.3483508,53.1395085,0 -4.3481184,53.1394638,0 -4.3482270,53.1395952,0</coordinates></LineString></Placemark>
<Placemark><name>133 deg</name><LineString><coordinates>-4.3472418,53.1398119,0 -4.3466191,53.1394838,0 -4.3468549,53.1395307,0 -4.3466191,53.1394838,0 -4.3467274,53.1396182,0</coordinates></LineString></Placemark>
<Placemark><name>131 deg</name><LineString><coordinates>-4.3457482,53.1398413,0 -4.3450964,53.1395277,0 -4.3453374,53.1395686,0 -4.3450964,53.1395277,0 -4.3452155,53.1396602,0</coordinates></LineString></Placemark>
<Placemark><name>128 deg</name><LineString><coordinates>-4.3442545,53.1398707,0 -4.3435789,53.1395777,0 -4.3438225,53.1396112,0 -4.3435789,53.1395777,0 -4.3437087,53.1397062,0</coordinates></LineString></Placemark>
<Placemark><name>223 deg</name><LineString><coordinates>-4.3725834,53.1384102,0 -4.3731350,53.1380316,0 -4.3730562,53.1381750,0 -4.3731350,53.1380316,0 -4.3729090,53.1380975,0</coordinates></LineString></Placemark>
<Placemark><name>224 deg</name><LineString><coordinates>-4.3710898,53.1384400,0 -4.3716697,53.1380522,0 -4.3715848,53.1382001,0 -4.3716697,53.1380522,0 -4.3714342,53.1381186,0</coordinates></LineString></Placemark>
<Placemark><name>216 deg</name><LineString><coordinates>-4.3695963,53.1384697,0 -4.3701003,53.1380270,0 -4.3700470,53.1381847,0 -4.3701003,53.1380270,0 -4.3698750,53.1381139,0</coordinates></LineString></Placemark>
<Placemark><name>203 deg</name><LineString><coordinates>-4.3681027,53.1384995,0 -4.3684294,53.1379984,0 -4.3684365,53.1381598,0 -4.3684294,53.1379984,0 -4.3682418,53.1381139,0</coordinates></LineString></Placemark>
<Placemark><name>189 deg</name><LineString><coordinates>-4.3666092,53.1385292,0 -4.3667206,53.1380030,0 -4.3667920,53.1381562,0 -4.3667206,53.1380030,0 -4.3665876,53.1381405,0</coordinates></LineString></Placemark>
<Placemark><name>178 deg</name><LineString><coordinates>-4.3651156,53.1385589,0 -4.3650582,53.1380414,0 -4.3651746,53.1381803,0 -4.3650582,53.1380414,0 -4.3649736,53.1381884,0</coordinates></LineString></Placemark>
<Placemark><name>170 deg</name><LineString><coordinates>-4.3636221,53.1385885,0 -4.3634481,53.1380891,0 -4.3635932,53.1382149,0 -4.3634481,53.1380891,0 -4.3633991,53.1382393,0</coordinates></LineString></Placemark>
<Placemark><name>166 deg</name><LineString><coordinates>-4.3621285,53.1386182,0 -4.3618993,53.1381320,0 -4.3620571,53.1382503,0 -4.3618993,53.1381320,0 -4.3618682,53.1382825,0</coordinates></LineString></Placemark>
<Placemark><name>175 deg</name><LineString><coordinates>-4.3606349,53.1386478,0 -4.3605328,53.1381639,0 -4.3606550,53.1382905,0 -4.3605328,53.1381639,0 -4.3604670,53.1383048,0</coordinates></LineString></Placemark>
<Placemark><name>176 deg</name><LineString><coordinates>-4.3591414,53.1386775,0 -4.3590619,53.1382017,0 -4.3591763,53.1383276,0 -4.3590619,53.1382017,0 -4.3589914,53.1383387,0</coordinates></LineString></Placemark>
<Placemark><name>181 deg</name><LineString><coordinates>-4.3576478,53.1387071,0 -4.3576341,53.1382282,0 -4.3577309,53.1383596,0 -4.3576341,53.1382282,0 -4.3575449,53.1383615,0</coordinates></LineString></Placemark>
<Placemark><name>190 deg</name><LineString><coordinates>-4.3561542,53.1387366,0 -4.3562733,53.1382437,0 -4.3563362,53.1383883,0 -4.3562733,53.1382437,0 -4.3561446,53.1383715,0</coordinates></LineString></Placemark>
<Placemark><name>206 deg</name><LineString><coordinates>-4.3546607,53.1387662,0 -4.3550409,53.1382646,0 -4.3550333,53.1384299,0 -4.3550409,53.1382646,0 -4.3548384,53.1383765,0</coordinates></LineString></Placemark>
<Placemark><name>215 deg</name><LineString><coordinates>-4.3531671,53.1387957,0 -4.3537061,53.1383026,0 -4.3536530,53.1384767,0 -4.3537061,53.1383026,0 -4.3534614,53.1384010,0</coordinates></LineString></Placemark>
<Placemark><name>165 deg</name><LineString><coordinates>-4.3516735,53.1388253,0 -4.3514083,53.1382949,0 -4.3515846,53.1384228,0 -4.3514083,53.1382949,0 -4.3513785,53.1384601,0</coordinates></LineString></Placemark>
<Placemark><name>145 deg</name><LineString><coordinates>-4.3501799,53.1388548,0 -4.3496618,53.1384450,0 -4.3498845,53.1385218,0 -4.3496618,53.1384450,0 -4.3497253,53.1385946,0</coordinates></LineString></Placemark>
<Placemark><name>138 deg</name><LineString><coordinates>-4.3486864,53.1388843,0 -4.3481147,53.1385208,0 -4.3483433,53.1385811,0 -4.3481147,53.1385208,0 -4.3482020,53.1386614,0</coordinates></LineString></Placemark>
<Placemark><name>134 deg</name><LineString><coordinates>-4.3471928,53.1389137,0 -4.3465820,53.1385820,0 -4.3468152,53.1386307,0 -4.3465820,53.1385820,0 -4.3466863,53.1387165,0</coordinates></LineString></Placemark>
<Placemark><name>222 deg</name><LineString><coordinates>-4.3710403,53.1375419,0 -4.3715802,53.1371561,0 -4.3715060,53.1373006,0 -4.3715802,53.1371561,0 -4.3713561,53.1372248,0</coordinates></LineString></Placemark>
<Placemark><name>216 deg</name><LineString><coordinates>-4.3695468,53.1375716,0 -4.3700273,53.1371513,0 -4.3699762,53.1373012,0 -4.3700273,53.1371513,0 -4.3698129,53.1372337,0</coordinates></LineString></Placemark>
<Placemark><name>206 deg</name><LineString><coordinates>-4.3680533,53.1376013,0 -4.3684045,53.1371387,0 -4.3683973,53.1372912,0 -4.3684045,53.1371387,0 -4.3682176,53.1372419,0</coordinates></LineString></Placemark>
<Placemark><name>195 deg</name><LineString><coordinates>-4.3665598,53.1376311,0 -4.3667438,53.1371425,0 -4.3667879,53.1372904,0 -4.3667438,53.1371425,0 -4.3665980,53.1372646,0</coordinates></LineString></Placemark>
<Placemark><name>184 deg</name><LineString><coordinates>-4.3650663,53.1376607,0 -4.3650899,53.1371708,0 -4.3651785,53.1373079,0 -4.3650899,53.1371708,0 -4.3649882,53.1373045,0</coordinates></LineString></Placemark>
<Placemark><name>174 deg</name><LineString><coordinates>-4.3635727,53.1376904,0 -4.3634672,53.1372168,0 -4.3635884,53.1373402,0 -4.3634672,53.1372168,0 -4.3634043,53.1373551,0</coordinates></LineString></Placemark>
<Placemark><name>170 deg</name><LineString><coordinates>-4.3620792,53.1377201,0 -4.3619195,53.1372707,0 -4.3620510,53.1373836,0 -4.3619195,53.1372707,0 -4.3618764,53.1374061,0</coordinates></LineString></Placemark>
<Placemark><name>175 deg</name><LineString><coordinates>-4.3605857,53.1377497,0 -4.3605007,53.1373014,0 -4.3606113,53.1374193,0 -4.3605007,53.1373014,0 -4.3604371,53.1374313,0</coordinates></LineString></Placemark>
<Placemark><name>176 deg</name><LineString><coordinates>-4.3590921,53.1377793,0 -4.3590148,53.1373305,0 -4.3591234,53.1374491,0 -4.3590148,53.1373305,0 -4.3589490,53.1374600,0</coordinates></LineString></Placemark>
<Placemark><name>176 deg</name><LineString><coordinates>-4.3575986,53.1378089,0 -4.3575251,53.1373573,0 -4.3576332,53.1374769,0 -4.3575251,53.1373573,0 -4.3574577,53.1374872,0</coordinates></LineString></Placemark>
<Placemark><name>176 deg</name><LineString><coordinates>-4.3561051,53.1378385,0 -4.3560239,53.1373780,0 -4.3561358,53.1374995,0 -4.3560239,53.1373780,0 -4.3559569,53.1375109,0</coordinates></LineString></Placemark>
<Placemark><name>179 deg</name><LineString><coordinates>-4.3546115,53.1378681,0 -4.3545748,53.1374135,0 -4.3546733,53.1375366,0 -4.3545748,53.1374135,0 -4.3544967,53.1375417,0</coordinates></LineString></Placemark>
<Placemark><name>219 deg</name><LineString><coordinates>-4.3531180,53.1378976,0 -4.3536702,53.1374587,0 -4.3536029,53.1376188,0 -4.3536702,53.1374587,0 -4.3534324,53.1375412,0</coordinates></LineString></Placemark>
<Placemark><name>188 deg</name><LineString><coordinates>-4.3516244,53.1379271,0 -4.3517167,53.1373967,0 -4.3517943,53.1375497,0 -4.3517167,53.1373967,0 -4.3515882,53.1375368,0</coordinates></LineString></Placemark>
<Placemark><name>163 deg</name><LineString><coordinates>-4.3501309,53.1379566,0 -4.3498577,53.1374752,0 -4.3500267,53.1375891,0 -4.3498577,53.1374752,0 -4.3498397,53.1376275,0</coordinates></LineString></Placemark>
<Placemark><name>148 deg</name><LineString><coordinates>-4.3486373,53.1379861,0 -4.3481791,53.1375780,0 -4.3483850,53.1376586,0 -4.3481791,53.1375780,0 -4.3482265,53.1377230,0</coordinates></LineString></Placemark>
<Placemark><name>220 deg</name><LineString><coordinates>-4.3694974,53.1366735,0 -4.3699950,53.1362871,0 -4.3699325,53.1364288,0 -4.3699950,53.1362871,0 -4.3697824,53.1363589,0</coordinates></LineString></Placemark>
<Placemark><name>211 deg</name><LineString><coordinates>-4.3680039,53.1367032,0 -4.3683973,53.1362832,0 -4.3683702,53.1364269,0 -4.3683973,53.1362832,0 -4.3682070,53.1363716,0</coordinates></LineString></Placemark>
<Placemark><name>201 deg</name><LineString><coordinates>-4.3665104,53.1367329,0 -4.3667651,53.1362862,0 -4.3667815,53.1364275,0 -4.3667651,53.1362862,0 -4.3666079,53.1363917,0</coordinates></LineString></Placemark>
<Placemark><name>190 deg</name><LineString><coordinates>-4.3650169,53.1367626,0 -4.3651287,53.1363075,0 -4.3651862,53.1364411,0 -4.3651287,53.1363075,0 -4.3650094,53.1364254,0</coordinates></LineString></Placemark>
<Placemark><name>181 deg</name><LineString><coordinates>-4.3635234,53.1367923,0 -4.3635153,53.1363462,0 -4.3636042,53.1364689,0 -4.3635153,53.1363462,0 -4.3634309,53.1364701,0</coordinates></LineString></Placemark>
<Placemark><name>176 deg</name><LineString><coordinates>-4.3620299,53.1368219,0 -4.3619580,53.1363927,0 -4.3620613,53.1365062,0 -4.3619580,53.1363927,0 -4.3618945,53.1365163,0</coordinates></LineString></Placemark>
<Placemark><name>175 deg</name><LineString><coordinates>-4.3605364,53.1368516,0 -4.3604572,53.1364321,0 -4.3605605,53.1365425,0 -4.3604572,53.1364321,0 -4.3603976,53.1365536,0</coordinates></LineString></Placemark>
<Placemark><name>175 deg</name><LineString><coordinates>-4.3590429,53.1368812,0 -4.3589602,53.1364656,0 -4.3590638,53.1365746,0 -4.3589602,53.1364656,0 -4.3589023,53.1365862,0</coordinates></LineString></Placemark>
<Placemark><name>175 deg</name><LineString><coordinates>-4.3575494,53.1369108,0 -4.3574641,53.1364992,0 -4.3575676,53.1366069,0 -4.3574641,53.1364992,0 -4.3574077,53.1366189,0</coordinates></LineString></Placemark>
<Placemark><name>179 deg</name><LineString><coordinates>-4.3560559,53.1369404,0 -4.3560187,53.1365378,0 -4.3561072,53.1366464,0 -4.3560187,53.1365378,0 -4.3559508,53.1366516,0</coordinates></LineString></Placemark>
<Placemark><name>209 deg</name><LineString><coordinates>-4.3545624,53.1369699,0 -4.3548635,53.1366124,0 -4.3548498,53.1367323,0 -4.3548635,53.1366124,0 -4.3547108,53.1366900,0</coordinates></LineString></Placemark>
<Placemark><name>215 deg</name><LineString><coordinates>-4.3530689,53.1369995,0 -4.3534939,53.1366057,0 -4.3534530,53.1367444,0 -4.3534939,53.1366057,0 -4.3533000,53.1366847,0</coordinates></LineString></Placemark>
<Placemark><name>193 deg</name><LineString><coordinates>-4.3515754,53.1370290,0 -4.3517333,53.1365521,0 -4.3517823,53.1366950,0 -4.3517333,53.1365521,0 -4.3515970,53.1366728,0</coordinates></LineString></Placemark>
<Placemark><name>217 deg</name><LineString><coordinates>-4.3679545,53.1358051,0 -4.3683979,53.1354295,0 -4.3683484,53.1355644,0 -4.3683979,53.1354295,0 -4.3682024,53.1355021,0</coordinates></LineString></Placemark>
<Placemark><name>208 deg</name><LineString><coordinates>-4.3664610,53.1358348,0 -4.3667911,53.1354339,0 -4.3667778,53.1355679,0 -4.3667911,53.1354339,0 -4.3666220,53.1355215,0</coordinates></LineString></Placemark>
<Placemark><name>199 deg</name><LineString><coordinates>-4.3649675,53.1358645,0 -4.3651735,53.1354508,0 -4.3651969,53.1355796,0 -4.3651735,53.1354508,0 -4.3650362,53.1355506,0</coordinates></LineString></Placemark>
<Placemark><name>189 deg</name><LineString><coordinates>-4.3634741,53.1358942,0 -4.3635630,53.1354815,0 -4.3636186,53.1356018,0 -4.3635630,53.1354815,0 -4.3634583,53.1355893,0</coordinates></LineString></Placemark>
<Placemark><name>182 deg</name><LineString><coordinates>-4.3619806,53.1359238,0 -4.3619845,53.1355217,0 -4.3620615,53.1356331,0 -4.3619845,53.1355217,0 -4.3619053,53.1356325,0</coordinates></LineString></Placemark>
<Placemark><name>178 deg</name><LineString><coordinates>-4.3604872,53.1359534,0 -4.3604445,53.1355625,0 -4.3605322,53.1356675,0 -4.3604445,53.1355625,0 -4.3603803,53.1356735,0</coordinates></LineString></Placemark>
<Placemark><name>176 deg</name><LineString><coordinates>-4.3589937,53.1359831,0 -4.3589318,53.1356003,0 -4.3590233,53.1357017,0 -4.3589318,53.1356003,0 -4.3588745,53.1357104,0</coordinates></LineString></Placemark>
<Placemark><name>177 deg</name><LineString><coordinates>-4.3575002,53.1360127,0 -4.3574516,53.1356368,0 -4.3575381,53.1357372,0 -4.3574516,53.1356368,0 -4.3573920,53.1357441,0</coordinates></LineString></Placemark>
<Placemark><name>186 deg</name><LineString><coordinates>-4.3560067,53.1360422,0 -4.3560489,53.1356738,0 -4.3561088,53.1357786,0 -4.3560489,53.1356738,0 -4.3559657,53.1357726,0</coordinates></LineString></Placemark>
<Placemark><name>202 deg</name><LineString><coordinates>-4.3545133,53.1360718,0 -4.3547332,53.1357117,0 -4.3547424,53.1358266,0 -4.3547332,53.1357117,0 -4.3546025,53.1357957,0</coordinates></LineString></Placemark>
<Placemark><name>204 deg</name><LineString><coordinates>-4.3530198,53.1361013,0 -4.3532820,53.1357118,0 -4.3532852,53.1358379,0 -4.3532820,53.1357118,0 -4.3531339,53.1358010,0</coordinates></LineString></Placemark>
<Placemark><name>217 deg</name><LineString><coordinates>-4.3664116,53.1349367,0 -4.3668240,53.1345825,0 -4.3667789,53.1347093,0 -4.3668240,53.1345825,0 -4.3666413,53.1346514,0</coordinates></LineString></Placemark>
<Placemark><name>208 deg</name><LineString><coordinates>-4.3649182,53.1349664,0 -4.3652222,53.1345996,0 -4.3652095,53.1347223,0 -4.3652222,53.1345996,0 -4.3650670,53.1346796,0</coordinates></LineString></Placemark>
<Placemark><name>199 deg</name><LineString><coordinates>-4.3634248,53.1349960,0 -4.3636119,53.1346235,0 -4.3636326,53.1347396,0 -4.3636119,53.1346235,0 -4.3634878,53.1347133,0</coordinates></LineString></Placemark>
<Placemark><name>190 deg</name><LineString><coordinates>-4.3619313,53.1350257,0 -4.3620143,53.1346566,0 -4.3620631,53.1347644,0 -4.3620143,53.1346566,0 -4.3619197,53.1347528,0</coordinates></LineString></Placemark>
<Placemark><name>183 deg</name><LineString><coordinates>-4.3604379,53.1350553,0 -4.3604479,53.1346951,0 -4.3605151,53.1347954,0 -4.3604479,53.1346951,0 -4.3603752,53.1347939,0</coordinates></LineString></Placemark>
<Placemark><name>179 deg</name><LineString><coordinates>-4.3589445,53.1350849,0 -4.3589198,53.1347338,0 -4.3589948,53.1348291,0 -4.3589198,53.1347338,0 -4.3588584,53.1348325,0</coordinates></LineString></Placemark>
<Placemark><name>181 deg</name><LineString><coordinates>-4.3574510,53.1351145,0 -4.3574379,53.1347696,0 -4.3575086,53.1348640,0 -4.3574379,53.1347696,0 -4.3573746,53.1348659,0</coordinates></LineString></Placemark>
<Placemark><name>187 deg</name><LineString><coordinates>-4.3559576,53.1351441,0 -4.3560122,53.1348011,0 -4.3560637,53.1348997,0 -4.3560122,53.1348011,0 -4.3559305,53.1348920,0</coordinates></LineString></Placemark>
<Placemark><name>195 deg</name><LineString><coordinates>-4.3544641,53.1351737,0 -4.3546043,53.1348243,0 -4.3546334,53.1349307,0 -4.3546043,53.1348243,0 -4.3544977,53.1349110,0</coordinates></LineString></Placemark>
<Placemark><name>209 deg</name><LineString><coordinates>-4.3633754,53.1340979,0 -4.3636615,53.1337681,0 -4.3636465,53.1338793,0 -4.3636615,53.1337681,0 -4.3635184,53.1338391,0</coordinates></LineString></Placemark>
<Placemark><name>199 deg</name><LineString><coordinates>-4.3618820,53.1341275,0 -4.3620500,53.1337949,0 -4.3620682,53.1338986,0 -4.3620500,53.1337949,0 -4.3619389,53.1338750,0</coordinates></LineString></Placemark>
<Placemark><name>189 deg</name><LineString><coordinates>-4.3603886,53.1341572,0 -4.3604606,53.1338292,0 -4.3605045,53.1339249,0 -4.3604606,53.1338292,0 -4.3603770,53.1339147,0</coordinates></LineString></Placemark>
<Placemark><name>184 deg</name><LineString><coordinates>-4.3588952,53.1341868,0 -4.3589108,53.1338665,0 -4.3589688,53.1339561,0 -4.3589108,53.1338665,0 -4.3588443,53.1339539,0</coordinates></LineString></Placemark>
<Placemark><name>183 deg</name><LineString><coordinates>-4.3574018,53.1342164,0 -4.3574082,53.1339008,0 -4.3574677,53.1339884,0 -4.3574082,53.1339008,0 -4.3573451,53.1339875,0</coordinates></LineString></Placemark>
<Placemark><name>186 deg</name><LineString><coordinates>-4.3559084,53.1342460,0 -4.3559465,53.1339283,0 -4.3559977,53.1340188,0 -4.3559465,53.1339283,0 -4.3558743,53.1340134,0</coordinates></LineString></Placemark>
<Placemark><name>209 deg</name><LineString><coordinates>-4.3618328,53.1332294,0 -4.3620887,53.1329268,0 -4.3620767,53.1330284,0 -4.3620887,53.1329268,0 -4.3619592,53.1329924,0</coordinates></LineString></Placemark>
<Placemark><name>198 deg</name><LineString><coordinates>-4.3603394,53.1332590,0 -4.3604827,53.1329596,0 -4.3605013,53.1330524,0 -4.3604827,53.1329596,0 -4.3603849,53.1330323,0</coordinates></LineString></Placemark>
<Placemark><name>189 deg</name><LineString><coordinates>-4.3588460,53.1332887,0 -4.3589055,53.1329963,0 -4.3589458,53.1330813,0 -4.3589055,53.1329963,0 -4.3588323,53.1330729,0</coordinates></LineString></Placemark>
<Placemark><name>209 deg</name><LineString><coordinates>-4.3602901,53.1323609,0 -4.3605287,53.1320766,0 -4.3605180,53.1321719,0 -4.3605287,53.1320766,0 -4.3604076,53.1321384,0</coordinates></LineString></Placemark>
</Document></kml>
