Cluster,Label,Best_Lambda,b1,b2,b3,Mean_Upstand_m,R2_OneStep,NSE_Iterative,SSM_b1,SSM_b2,SSM_b3,SSM_NSE
C1,C1 (Lake Edge),1.9,4.413048525190544,5.86306761490583,0.062243239823461034,0.05714285714285715,0.8353307257898096,0.8961516056691493,5.005846643814322,0.6238117928753879,0.10310967819053032,0.7138669591345581
C2,C2 (Dune),0.8,3.7356728102870926,4.117958003690843,0.04691302658704295,0.07307692307692307,0.8183127616343739,0.880961880780887,4.113055311008823,1.6877003075030892,0.06753546204551208,0.8079295946720887
C3,C3 (Western Residual),0.35,3.3801424058382983,2.811769425898282,0.049900242224824094,0.09526315789473684,0.832278308418233,0.8797489043539036,3.525363149220939,1.7252789638179886,0.05832315561981515,0.8550215286932195
C4,C4 (Main Forest),0.2,2.212560410033684,3.9162073877899948,0.0007893437970980747,0.14,0.7434579911617522,0.7563386684120159,2.3809168158908314,2.680133164745481,0.010668490177484776,0.6523346720202323
C5,C5 (Coastal Forest),0.45,2.179264377637858,2.7717951764964353,0.03618779169870777,0.1022,0.7705716603023931,0.8502369739255826,2.282088757149624,1.2173837037711173,0.04363040255195158,0.8178089503917507
