Cluster,Label,Best_Lambda,b1,b2,b3,Mean_Upstand_m,R2_OneStep,NSE_Iterative,SSM_b1,SSM_b2,SSM_b3,SSM_NSE
C1,C1 (Lake Edge),0.0,0.7488095994997517,3.9790207623661793,0.3414617474851087,0.05714285714285715,0.49397532771236097,0.6876056932795599,0.7488095994997517,3.9790207623661793,0.3414617474851087,0.6876056932795599
C2,C2 (Dune),0.0,0.4594946712231809,3.506547264911541,0.24032033430906768,0.07307692307692307,0.4775695078040819,0.5946837763251338,0.4594946712231809,3.506547264911541,0.24032033430906768,0.5946837763251338
C3,C3 (Western Residual),0.15,0.01679455767626245,3.677990228913319,0.18331298729621517,0.09526315789473684,0.44398591376689855,0.4871596538098829,-0.06455720147425231,3.351801081926708,0.2024603515429532,0.49155321837574895
C4,C4 (Main Forest),0.8,0.00736093892484313,5.70801250026717,0.05803058474074488,0.14,0.2708239045243668,0.2572960939488741,-0.3196558424578739,2.8940323903426863,0.1187104159156068,0.27477454360887543
C5,C5 (Coastal Forest),0.9,0.012047308586001976,7.883488405242993,0.07971442513811831,0.1022,0.40940047707757166,0.4472236845202945,-0.16711614820010903,2.707465461639332,0.11689251626285327,0.4360960189806584
