Cluster,Label,Best_Lambda,b1,b2,b3,Mean_Upstand_m,R2_OneStep,NSE_Iterative,SSM_b1,SSM_b2,SSM_b3,SSM_NSE
C1,C1: Eastern Block Lake-buffer,0.45,2.1810936147163043,6.086589943063842,0.22330809826989773,0.05625000000000001,0.7100961225271114,0.7614396055608229,1.870293909893211,5.125302500017343,0.32986378896553104,0.7529341189919895
C2,C2: Eastern Block Mature Dune,0.05,1.8084898247213013,4.836629614674884,0.19854040292986336,0.07107142857142858,0.6289516732060092,0.6832608548604845,1.7732500421215014,4.722582718015293,0.2087176079916504,0.683046616442295
C3,C3: Western Block Mature Dune,0.45,1.473914533314702,5.546013278149785,0.07433515044365624,0.10140909090909091,0.5660464305992478,0.61965405947822,1.2471839323932405,3.8063882152895916,0.11992476936792792,0.582405039283977
C4,C4: Forest,0.0,0.8337047823282564,3.6945270088115416,0.09298365661525052,0.14,0.4919022970324435,0.4103755118041883,0.8337047823282564,3.6945270088115416,0.09298365661525052,0.4103755118041883
C5,C5: Coastal,3.0,1.1915288372324668,49.09087583373382,3.108241230387332e-05,0.01,0.3912752214135724,0.4318860693441511,1.0516163689504996,1.2511669383313044,0.002146782557620311,-9.835650770535343
C6,C6: Lake,0.0,0.9513652317572643,0.10901154998789388,0.18772169405781447,0.05,0.42420531594862654,0.23092437546527123,0.9513652317572643,0.10901154998789388,0.18772169405781447,0.23092437546527123
