Cluster,Label,Best_Lambda,b1,b2,b3,Mean_Upstand_m,R2_OneStep,NSE_Iterative,SSM_b1,SSM_b2,SSM_b3,SSM_NSE
C1,C1 (Lake Edge),1.9,4.413048525190544,5.86306761490583,0.062243239823461034,0.05714285714285715,0.8353307257898096,0.8961516056691493,5.005846643814322,0.6238117928753879,0.10310967819053032,0.7138669591345581
C2,C2 (Dune),0.8,3.8546012422967917,4.218078660962758,0.0490468090261605,0.07458333333333333,0.8165486404164648,0.881427629628373,4.2437333780875015,1.7076431694834673,0.07042083117785264,0.8109270980677941
C3,C3 (Western Residual),0.4,3.3401150039518486,3.0456809743883246,0.046607113170727306,0.09142857142857143,0.8393937442649505,0.8861616654809883,3.5134636158120927,1.7850189427509595,0.056170259914608126,0.8585159175272773
C4,C4 (Main Forest),0.15,2.2807837174430365,3.656759590109443,0.0023642702182167,0.14,0.7552161267975706,0.7569249033836928,2.409481465378278,2.747404294430108,0.009947279716049985,0.6531402267898727
C5,C5 (Coastal Forest),0.5,2.110757090063984,2.870496092463809,0.035249561134894955,0.1022,0.7342175895740372,0.8454908607056655,2.2206829528116963,1.1272620091803196,0.04376802366267369,0.8066437923412091
