Cluster,Label,beta_1_recharge,beta_2_atmospheric_draw,beta_3_drainage,LCSC_pct,P_mean_m_month,PET_mean_m_month,h_disp_mean_m,Recharge_m_month,ET_draw_m_month,Drainage_m_month,Total_loss_m_month,Residual_m_month,Drainage_pct,ET_pct
1,C1 (Lake Edge),4.583658,0.963512,0.089695,21.816636,0.074378,0.055080,3.253103,0.340924,0.053070,0.291786,0.344856,-0.003932,84.610943,15.389057
2,C2 (Dune),3.977381,1.766783,0.065620,25.142170,0.074373,0.054640,3.092061,0.295810,0.096537,0.202901,0.299437,-0.003627,67.760658,32.239342
3,C3 (Western Residual),3.572337,1.847728,0.058318,27.992879,0.074289,0.054715,2.818471,0.265384,0.101098,0.164367,0.265465,-0.000081,61.916497,38.083503
4,C4 (Main Forest),2.518374,2.547982,0.020454,39.708157,0.074378,0.055080,2.223036,0.187312,0.140342,0.045469,0.185812,0.001500,24.470628,75.529372
5,C5 (Coastal Forest),2.411957,1.323821,0.045209,41.460105,0.074321,0.054783,2.453414,0.179260,0.072522,0.110916,0.183439,-0.004179,60.465107,39.534893
