Cluster,Label,beta_1,beta_2,beta_3,LCSC_pct,P_mean_m_month,PET_mean_m_month,h_disp_mean_m,Recharge_m_month,ET_draw_m_month,Drainage_m_month,Total_loss_m_month,Residual_m_month,Drainage_pct,ET_pct
1,C1 (Lake Edge),4.327412,1.477053,0.074912,23.108499,0.074507,0.055113,3.251203,0.322422,0.081405,0.243553,0.324958,-0.002536,74.948983,25.051017
2,C2 (Dune),3.534527,2.071104,0.048614,28.292328,0.074346,0.054736,3.092625,0.262779,0.113365,0.150345,0.263710,-0.000930,57.011547,42.988453
3,C3 (Western Residual),3.286870,1.879510,0.049564,30.424082,0.074346,0.054736,2.802279,0.244367,0.102878,0.138891,0.241769,0.002598,57.447973,42.552027
4,C4 (Main Forest),2.197161,2.195322,0.017328,45.513282,0.074507,0.055113,2.224882,0.163703,0.120991,0.038554,0.159545,0.004158,24.164806,75.835194
5,C5 (Coastal Forest),2.233208,1.455161,0.036255,44.778634,0.074488,0.054923,2.450745,0.166348,0.079922,0.088852,0.168774,-0.002426,52.645405,47.354595
