document,kind,key,page,pdf,pdf_built,n_matches
academic_Summary,para,newboroughwarrengroundwa,1,docs/academic_summaries/academic_summary.pdf,2026-10-04T11:43Z,1
academic_Summary,para,evidencesummaryhydrogeol,1,docs/academic_summaries/academic_summary.pdf,2026-10-04T11:43Z,1
academic_Summary,para,hollinghamm2026draftsumm,1,docs/academic_summaries/academic_summary.pdf,2026-10-04T11:43Z,1
academic_Summary,para,fullreportmethodssupplem,1,docs/academic_summaries/academic_summary.pdf,2026-10-04T11:43Z,1
academic_Summary,para,a21yeardipwellmonitoring,1,docs/academic_summaries/academic_summary.pdf,2026-10-04T11:43Z,1
academic_Summary,para,clusteranalysishierarchi,1,docs/academic_summaries/academic_summary.pdf,2026-10-04T11:43Z,1
academic_Summary,para,figure1thefivehydrogeolo,1,docs/academic_summaries/academic_summary.pdf,2026-10-04T11:43Z,1
academic_Summary,para,thek5partitionyieldsfive,2,docs/academic_summaries/academic_summary.pdf,2026-10-04T11:43Z,1
academic_Summary,para,table1ssmmechanisticcoef,2,docs/academic_summaries/academic_summary.pdf,2026-10-04T11:43Z,1
academic_Summary,para,climateforcingandthresho,2,docs/academic_summaries/academic_summary.pdf,2026-10-04T11:43Z,1
academic_Summary,para,summermaximumtemperature,2,docs/academic_summaries/academic_summary.pdf,2026-10-04T11:43Z,1
academic_Summary,para,thevanwillegenetal2025fi,2,docs/academic_summaries/academic_summary.pdf,2026-10-04T11:43Z,1
academic_Summary,para,ukcp18rcp8550thpercentil,2,docs/academic_summaries/academic_summary.pdf,2026-10-04T11:43Z,1
academic_Summary,para,figure2projectedsummermi,3,docs/academic_summaries/academic_summary.pdf,2026-10-04T11:43Z,1
academic_Summary,para,figure3projectedsustaine,3,docs/academic_summaries/academic_summary.pdf,2026-10-04T11:43Z,1
academic_Summary,para,managementinterventionan,4,docs/academic_summaries/academic_summary.pdf,2026-10-04T11:43Z,2
academic_Summary,para,dunescrapingceh36april20,4,docs/academic_summaries/academic_summary.pdf,2026-10-04T11:43Z,1
academic_Summary,para,ceh36threeindependentest,4,docs/academic_summaries/academic_summary.pdf,2026-10-04T11:43Z,1
academic_Summary,para,ceh18ceh21october2023bot,4,docs/academic_summaries/academic_summary.pdf,2026-10-04T11:43Z,1
academic_Summary,para,fivetierancovabacidesign,4,docs/academic_summaries/academic_summary.pdf,2026-10-04T11:43Z,1
academic_Summary,para,thefelledwellitselfshows,4,docs/academic_summaries/academic_summary.pdf,2026-10-04T11:43Z,1
academic_Summary,para,forestryscenariosd239are,4,docs/academic_summaries/academic_summary.pdf,2026-10-04T11:43Z,1
academic_Summary,para,observedspringbaselinech,5,docs/academic_summaries/academic_summary.pdf,2026-10-04T11:43Z,1
academic_Summary,para,msl5comparisonwindowend2,5,docs/academic_summaries/academic_summary.pdf,2026-10-04T11:43Z,1
academic_Summary,para,figure4msl5change2017202,5,docs/academic_summaries/academic_summary.pdf,2026-10-04T11:43Z,1
academic_Summary,para,differentialspringmoveme,5,docs/academic_summaries/academic_summary.pdf,2026-10-04T11:43Z,1
academic_Summary,para,figure5differentialsprin,6,docs/academic_summaries/academic_summary.pdf,2026-10-04T11:43Z,1
academic_Summary,para,anetworkscaleregressiono,6,docs/academic_summaries/academic_summary.pdf,2026-10-04T11:43Z,1
academic_Summary,para,thescaleofobservedchange,6,docs/academic_summaries/academic_summary.pdf,2026-10-04T11:43Z,1
academic_Summary,para,themanagementinterventio,6,docs/academic_summaries/academic_summary.pdf,2026-10-04T11:43Z,1
academic_Summary,para,table2headlinequantitati,7,docs/academic_summaries/academic_summary.pdf,2026-10-04T11:43Z,1
academic_Summary,para,thesummerminimumwatertab,7,docs/academic_summaries/academic_summary.pdf,2026-10-04T11:43Z,1
academic_Summary,para,dunescrapingatwellchosen,7,docs/academic_summaries/academic_summary.pdf,2026-10-04T11:43Z,1
academic_Summary,para,afterclearfellthefelledw,7,docs/academic_summaries/academic_summary.pdf,2026-10-04T11:43Z,1
academic_Summary,para,anetworkwidedeclineinrec,7,docs/academic_summaries/academic_summary.pdf,2026-10-04T11:43Z,1
academic_Summary,para,thecoastalretreatboundar,7,docs/academic_summaries/academic_summary.pdf,2026-10-04T11:43Z,1
academic_Summary,para,thehydraulicpositionofth,7,docs/academic_summaries/academic_summary.pdf,2026-10-04T11:43Z,1
academic_Summary,para,climateandcoastalforcesa,7,docs/academic_summaries/academic_summary.pdf,2026-10-04T11:43Z,1
crynodeb_academaidd,para,astudiaethdrdaearcwninga,1,docs/academic_summaries/crynodeb_academaidd.pdf,2026-10-04T11:43Z,1
crynodeb_academaidd,para,crynodebtystiolaethdynam,1,docs/academic_summaries/crynodeb_academaidd.pdf,2026-10-04T11:43Z,1
crynodeb_academaidd,para,hollinghamm2026drafftcry,1,docs/academic_summaries/crynodeb_academaidd.pdf,2026-10-04T11:43Z,1
crynodeb_academaidd,para,fullreportmethodssupplem,1,docs/academic_summaries/crynodeb_academaidd.pdf,2026-10-04T11:43Z,1
crynodeb_academaidd,para,dadansoddwydsetddatamoni,1,docs/academic_summaries/crynodeb_academaidd.pdf,2026-10-04T11:43Z,1
crynodeb_academaidd,para,rhannodddadansoddiadclys,1,docs/academic_summaries/crynodeb_academaidd.pdf,2026-10-04T11:43Z,1
crynodeb_academaidd,para,ffigur1ypumparthhydrodda,1,docs/academic_summaries/crynodeb_academaidd.pdf,2026-10-04T11:43Z,1
crynodeb_academaidd,para,maerrhaniadk5yncynhyrchu,2,docs/academic_summaries/crynodeb_academaidd.pdf,2026-10-04T11:43Z,1
crynodeb_academaidd,para,tabl1cyfernodaumecanisti,2,docs/academic_summaries/crynodeb_academaidd.pdf,2026-10-04T11:43Z,1
crynodeb_academaidd,para,gorfodaethhinsawddadadan,2,docs/academic_summaries/crynodeb_academaidd.pdf,2026-10-04T11:43Z,1
crynodeb_academaidd,para,maetymheredduchafswmyrha,2,docs/academic_summaries/crynodeb_academaidd.pdf,2026-10-04T11:43Z,1
crynodeb_academaidd,para,maecanfyddiadvanwillegen,2,docs/academic_summaries/crynodeb_academaidd.pdf,2026-10-04T11:43Z,1
crynodeb_academaidd,para,gwerthuswydrhagamcanionc,2,docs/academic_summaries/crynodeb_academaidd.pdf,2026-10-04T11:43Z,1
crynodeb_academaidd,para,ffigur2llwybrisafswmhafr,3,docs/academic_summaries/crynodeb_academaidd.pdf,2026-10-04T11:43Z,1
crynodeb_academaidd,para,ffigur3symudiadparhausrh,4,docs/academic_summaries/crynodeb_academaidd.pdf,2026-10-04T11:43Z,1
crynodeb_academaidd,para,crafutwyniceh36ebrill201,4,docs/academic_summaries/crynodeb_academaidd.pdf,2026-10-04T11:43Z,1
crynodeb_academaidd,para,ceh36maetriamcangyfrifwr,4,docs/academic_summaries/crynodeb_academaidd.pdf,2026-10-04T11:43Z,1
crynodeb_academaidd,para,ceh18ceh21hydref2023dang,4,docs/academic_summaries/crynodeb_academaidd.pdf,2026-10-04T11:43Z,1
crynodeb_academaidd,para,cynllunancovabacipumhaen,4,docs/academic_summaries/crynodeb_academaidd.pdf,2026-10-04T11:43Z,1
crynodeb_academaidd,para,nidywrffynnonagwympwydei,5,docs/academic_summaries/crynodeb_academaidd.pdf,2026-10-04T11:43Z,1
crynodeb_academaidd,para,maersenarioscoedwigaethd,5,docs/academic_summaries/crynodeb_academaidd.pdf,2026-10-04T11:43Z,1
crynodeb_academaidd,para,newidsylfaenolygwanwynaa,6,docs/academic_summaries/crynodeb_academaidd.pdf,2026-10-04T11:43Z,1
crynodeb_academaidd,para,cymhariaethmsl5diweddffe,6,docs/academic_summaries/crynodeb_academaidd.pdf,2026-10-04T11:43Z,1
crynodeb_academaidd,para,ffigur4newidmsl520172023,6,docs/academic_summaries/crynodeb_academaidd.pdf,2026-10-04T11:43Z,1
crynodeb_academaidd,para,maedadansoddiadsymudiadg,6,docs/academic_summaries/crynodeb_academaidd.pdf,2026-10-04T11:43Z,1
crynodeb_academaidd,para,ffigur5symudiadgwanwyngw,7,docs/academic_summaries/crynodeb_academaidd.pdf,2026-10-04T11:43Z,1
crynodeb_academaidd,para,maeatchweliadarraddfarhw,7,docs/academic_summaries/crynodeb_academaidd.pdf,2026-10-04T11:43Z,1
crynodeb_academaidd,para,graddfarnewidaarsylwydyn,7,docs/academic_summaries/crynodeb_academaidd.pdf,2026-10-04T11:43Z,1
crynodeb_academaidd,para,maerymyriadaurheoliaastu,7,docs/academic_summaries/crynodeb_academaidd.pdf,2026-10-04T11:43Z,1
crynodeb_academaidd,para,tabl2prifganlyniadaumein,9,docs/academic_summaries/crynodeb_academaidd.pdf,2026-10-04T11:43Z,1
crynodeb_academaidd,para,ylefelddrisafswmhafywrne,9,docs/academic_summaries/crynodeb_academaidd.pdf,2026-10-04T11:43Z,1
crynodeb_academaidd,para,crafutwynimewnsafleoeddm,9,docs/academic_summaries/crynodeb_academaidd.pdf,2026-10-04T11:43Z,1
crynodeb_academaidd,para,arlclirdorricododdyffynn,9,docs/academic_summaries/crynodeb_academaidd.pdf,2026-10-04T11:43Z,1
crynodeb_academaidd,para,maegostyngiadardrawsyrhw,9,docs/academic_summaries/crynodeb_academaidd.pdf,2026-10-04T11:43Z,1
crynodeb_academaidd,para,maesignalffinciliorarfor,9,docs/academic_summaries/crynodeb_academaidd.pdf,2026-10-04T11:43Z,1
crynodeb_academaidd,para,maesaflehydroligygoedwig,9,docs/academic_summaries/crynodeb_academaidd.pdf,2026-10-04T11:43Z,1
crynodeb_academaidd,para,maegrymoeddhinsawddacarf,9,docs/academic_summaries/crynodeb_academaidd.pdf,2026-10-04T11:43Z,1
crynodeb_academaidd,para,drafftcyfieithiaddraffta,9,docs/academic_summaries/crynodeb_academaidd.pdf,2026-10-04T11:43Z,1
PAPER1_SI_methods,para,thissupportinginformatio,1,docs/papers/paper_1/PAPER1_SI_methods.pdf,2026-10-08T17:02Z,1
PAPER1_SI_methods,heading,Supporting Information,1,docs/papers/paper_1/PAPER1_SI_methods.pdf,2026-10-08T17:02Z,1
PAPER1_SI_methods,heading,"Hollingham (2026a), Paper 1 --- *A parameter-sparse state-space framework for characterizing coastal dune-aquifer architecture from manual dipwell records*",1,docs/papers/paper_1/PAPER1_SI_methods.pdf,2026-10-08T17:02Z,1
PAPER1_SI_methods,para,thepipelineandoutputsare,1,docs/papers/paper_1/PAPER1_SI_methods.pdf,2026-10-08T17:02Z,1
PAPER1_SI_methods,para,thegradientregressionabo,1,docs/papers/paper_1/PAPER1_SI_methods.pdf,2026-10-08T17:02Z,1
PAPER1_SI_methods,heading,S12.6 Seasonal robustness (spring mean),1,docs/papers/paper_1/PAPER1_SI_methods.pdf,2026-10-08T17:02Z,1
PAPER1_SI_methods,para,thegradientisitselfseaso,1,docs/papers/paper_1/PAPER1_SI_methods.pdf,2026-10-08T17:02Z,1
PAPER1_SI_methods,para,becausetheforestfreepane,2,docs/papers/paper_1/PAPER1_SI_methods.pdf,2026-10-08T17:02Z,1
PAPER1_SI_methods,heading,S12.7 Single-well leverage of δ₀,2,docs/papers/paper_1/PAPER1_SI_methods.pdf,2026-10-08T17:02Z,1
PAPER1_SI_methods,para,s1fieldprotocoldataprepa,2,docs/papers/paper_1/PAPER1_SI_methods.pdf,2026-10-08T17:02Z,1
PAPER1_SI_methods,heading,Contents,2,docs/papers/paper_1/PAPER1_SI_methods.pdf,2026-10-08T17:02Z,1
PAPER1_SI_methods,para,the88wellmanualdipwellne,3,docs/papers/paper_1/PAPER1_SI_methods.pdf,2026-10-08T17:02Z,1
PAPER1_SI_methods,heading,"S1. Field protocol, data preparation, and date semantics",3,docs/papers/paper_1/PAPER1_SI_methods.pdf,2026-10-08T17:02Z,1
PAPER1_SI_methods,para,thornthwaite1948definest,3,docs/papers/paper_1/PAPER1_SI_methods.pdf,2026-10-08T17:02Z,1
PAPER1_SI_methods,para,bucketingreadingsonphysi,3,docs/papers/paper_1/PAPER1_SI_methods.pdf,2026-10-08T17:02Z,1
PAPER1_SI_methods,para,datesemanticseverymonthl,3,docs/papers/paper_1/PAPER1_SI_methods.pdf,2026-10-08T17:02Z,1
PAPER1_SI_methods,para,aconcreteexampleforwellc,3,docs/papers/paper_1/PAPER1_SI_methods.pdf,2026-10-08T17:02Z,1
PAPER1_SI_methods,para,ht0610mendofjulyreadingh,3,docs/papers/paper_1/PAPER1_SI_methods.pdf,2026-10-08T17:02Z,1
PAPER1_SI_methods,para,thestatespacemodelsectio,4,docs/papers/paper_1/PAPER1_SI_methods.pdf,2026-10-08T17:02Z,1
PAPER1_SI_methods,para,aboveordnancedatuminvari,4,docs/papers/paper_1/PAPER1_SI_methods.pdf,2026-10-08T17:02Z,1
PAPER1_SI_methods,para,thedatapreparationstep01,4,docs/papers/paper_1/PAPER1_SI_methods.pdf,2026-10-08T17:02Z,1
PAPER1_SI_methods,para,watertablerecordsarescre,4,docs/papers/paper_1/PAPER1_SI_methods.pdf,2026-10-08T17:02Z,1
PAPER1_SI_methods,heading,S1.3 Cleaning and gap rules,4,docs/papers/paper_1/PAPER1_SI_methods.pdf,2026-10-08T17:02Z,1
PAPER1_SI_methods,para,thereferencenetwork66wel,4,docs/papers/paper_1/PAPER1_SI_methods.pdf,2026-10-08T17:02Z,1
PAPER1_SI_methods,heading,S1.4 Reference-network selection,4,docs/papers/paper_1/PAPER1_SI_methods.pdf,2026-10-08T17:02Z,1
PAPER1_SI_methods,para,theextendednetworkaddsth,4,docs/papers/paper_1/PAPER1_SI_methods.pdf,2026-10-08T17:02Z,1
PAPER1_SI_methods,para,cleanedmonthlyperwellfra,4,docs/papers/paper_1/PAPER1_SI_methods.pdf,2026-10-08T17:02Z,1
PAPER1_SI_methods,heading,S1.5 Output,4,docs/papers/paper_1/PAPER1_SI_methods.pdf,2026-10-08T17:02Z,1
PAPER1_SI_methods,para,allpipelineconstantsandt,4,docs/papers/paper_1/PAPER1_SI_methods.pdf,2026-10-08T17:02Z,1
PAPER1_SI_methods,heading,S2. Constants and configuration,4,docs/papers/paper_1/PAPER1_SI_methods.pdf,2026-10-08T17:02Z,1
PAPER1_SI_methods,para,allvaluesthatareconstant,5,docs/papers/paper_1/PAPER1_SI_methods.pdf,2026-10-08T17:02Z,1
PAPER1_SI_methods,heading,S2.1 Constants,5,docs/papers/paper_1/PAPER1_SI_methods.pdf,2026-10-08T17:02Z,1
PAPER1_SI_methods,para,drainagedatum37msensitiv,5,docs/papers/paper_1/PAPER1_SI_methods.pdf,2026-10-08T17:02Z,1
PAPER1_SI_methods,para,the24corsicanpinecanopyi,5,docs/papers/paper_1/PAPER1_SI_methods.pdf,2026-10-08T17:02Z,1
PAPER1_SI_methods,para,asinglecanonicaltableofp,5,docs/papers/paper_1/PAPER1_SI_methods.pdf,2026-10-08T17:02Z,1
PAPER1_SI_methods,heading,S2.2 Canonical pipeline parameters file,5,docs/papers/paper_1/PAPER1_SI_methods.pdf,2026-10-08T17:02Z,1
PAPER1_SI_methods,para,clusteridentification02c,5,docs/papers/paper_1/PAPER1_SI_methods.pdf,2026-10-08T17:02Z,1
PAPER1_SI_methods,heading,S3. Behavioural clustering and the *k* = 5 partition,5,docs/papers/paper_1/PAPER1_SI_methods.pdf,2026-10-08T17:02Z,1
PAPER1_SI_methods,heading,S3.1 Distance metric and linkage,5,docs/papers/paper_1/PAPER1_SI_methods.pdf,2026-10-08T17:02Z,1
PAPER1_SI_methods,para,wardshierarchicallinkage,5,docs/papers/paper_1/PAPER1_SI_methods.pdf,2026-10-08T17:02Z,1
PAPER1_SI_methods,para,theclusteringliteratureo,6,docs/papers/paper_1/PAPER1_SI_methods.pdf,2026-10-08T17:02Z,1
PAPER1_SI_methods,heading,S3.2 Cluster-count selection,6,docs/papers/paper_1/PAPER1_SI_methods.pdf,2026-10-08T17:02Z,1
PAPER1_SI_methods,para,fornewboroughthesilhouet,6,docs/papers/paper_1/PAPER1_SI_methods.pdf,2026-10-08T17:02Z,1
PAPER1_SI_methods,para,thiswasnotadoptedtheinte,6,docs/papers/paper_1/PAPER1_SI_methods.pdf,2026-10-08T17:02Z,1
PAPER1_SI_methods,para,thisstudythereforeselect,6,docs/papers/paper_1/PAPER1_SI_methods.pdf,2026-10-08T17:02Z,1
PAPER1_SI_methods,para,thereferencenetworkispar,6,docs/papers/paper_1/PAPER1_SI_methods.pdf,2026-10-08T17:02Z,1
PAPER1_SI_methods,heading,S3.3 The k = 5 partition table,6,docs/papers/paper_1/PAPER1_SI_methods.pdf,2026-10-08T17:02Z,1
PAPER1_SI_methods,para,1c1lakeedge7lakeadjacent,6,docs/papers/paper_1/PAPER1_SI_methods.pdf,2026-10-08T17:02Z,1
PAPER1_SI_methods,para,membershipcountscanonica,7,docs/papers/paper_1/PAPER1_SI_methods.pdf,2026-10-08T17:02Z,1
PAPER1_SI_methods,para,wardslinkageproducesclus,7,docs/papers/paper_1/PAPER1_SI_methods.pdf,2026-10-08T17:02Z,1
PAPER1_SI_methods,heading,S3.4 Canonical ID anchoring,7,docs/papers/paper_1/PAPER1_SI_methods.pdf,2026-10-08T17:02Z,1
PAPER1_SI_methods,para,bootstrapresamplingofthe,7,docs/papers/paper_1/PAPER1_SI_methods.pdf,2026-10-08T17:02Z,1
PAPER1_SI_methods,heading,S3.5 Stability,7,docs/papers/paper_1/PAPER1_SI_methods.pdf,2026-10-08T17:02Z,1
PAPER1_SI_methods,para,theclusteringalgorithmas,7,docs/papers/paper_1/PAPER1_SI_methods.pdf,2026-10-08T17:02Z,1
PAPER1_SI_methods,heading,S4. Pearson affinity audit and spatial confidence,7,docs/papers/paper_1/PAPER1_SI_methods.pdf,2026-10-08T17:02Z,1
PAPER1_SI_methods,para,awellwithahighprimaryaff,7,docs/papers/paper_1/PAPER1_SI_methods.pdf,2026-10-08T17:02Z,1
PAPER1_SI_methods,para,theauditshowsthreepatter,8,docs/papers/paper_1/PAPER1_SI_methods.pdf,2026-10-08T17:02Z,1
PAPER1_SI_methods,para,thec2c3gradationisdiscus,8,docs/papers/paper_1/PAPER1_SI_methods.pdf,2026-10-08T17:02Z,1
PAPER1_SI_methods,para,theoutput05pear01spatial,8,docs/papers/paper_1/PAPER1_SI_methods.pdf,2026-10-08T17:02Z,1
PAPER1_SI_methods,para,acrossthe66referencenetw,8,docs/papers/paper_1/PAPER1_SI_methods.pdf,2026-10-08T17:02Z,1
PAPER1_SI_methods,para,thestatespacemodelssmist,8,docs/papers/paper_1/PAPER1_SI_methods.pdf,2026-10-08T17:02Z,1
PAPER1_SI_methods,heading,S5. The state-space model --- displacement formulation,8,docs/papers/paper_1/PAPER1_SI_methods.pdf,2026-10-08T17:02Z,1
PAPER1_SI_methods,para,wherehtisthechangeinwate,8,docs/papers/paper_1/PAPER1_SI_methods.pdf,2026-10-08T17:02Z,1
PAPER1_SI_methods,heading,S5.1 Equation,8,docs/papers/paper_1/PAPER1_SI_methods.pdf,2026-10-08T17:02Z,1
PAPER1_SI_methods,para,thequantityzht1isthedisp,9,docs/papers/paper_1/PAPER1_SI_methods.pdf,2026-10-08T17:02Z,1
PAPER1_SI_methods,para,theequationisamultipleli,9,docs/papers/paper_1/PAPER1_SI_methods.pdf,2026-10-08T17:02Z,1
PAPER1_SI_methods,para,allthreevaluesarereporte,9,docs/papers/paper_1/PAPER1_SI_methods.pdf,2026-10-08T17:02Z,1
PAPER1_SI_methods,heading,S5.2 Sign conventions,9,docs/papers/paper_1/PAPER1_SI_methods.pdf,2026-10-08T17:02Z,1
PAPER1_SI_methods,para,thedrainagetermusesthewa,9,docs/papers/paper_1/PAPER1_SI_methods.pdf,2026-10-08T17:02Z,1
PAPER1_SI_methods,heading,S5.3 Why *h*(*t*−1) rather than *h*(*t*),9,docs/papers/paper_1/PAPER1_SI_methods.pdf,2026-10-08T17:02Z,1
PAPER1_SI_methods,para,the37mdrainagedatumwasse,10,docs/papers/paper_1/PAPER1_SI_methods.pdf,2026-10-08T17:02Z,1
PAPER1_SI_methods,heading,S5.4 Drainage datum,10,docs/papers/paper_1/PAPER1_SI_methods.pdf,2026-10-08T17:02Z,1
PAPER1_SI_methods,para,theroleofthedatumistoshi,10,docs/papers/paper_1/PAPER1_SI_methods.pdf,2026-10-08T17:02Z,1
PAPER1_SI_methods,para,hisinvariantunderthechoi,10,docs/papers/paper_1/PAPER1_SI_methods.pdf,2026-10-08T17:02Z,1
PAPER1_SI_methods,para,thessmisfittedattwodisti,10,docs/papers/paper_1/PAPER1_SI_methods.pdf,2026-10-08T17:02Z,1
PAPER1_SI_methods,heading,S5.5 Implementation: two levels of fit,10,docs/papers/paper_1/PAPER1_SI_methods.pdf,2026-10-08T17:02Z,1
PAPER1_SI_methods,para,clustermeanfittheprimary,10,docs/papers/paper_1/PAPER1_SI_methods.pdf,2026-10-08T17:02Z,1
PAPER1_SI_methods,para,perwellfitthespatialprod,11,docs/papers/paper_1/PAPER1_SI_methods.pdf,2026-10-08T17:02Z,1
PAPER1_SI_methods,para,commondesignmatrixconstr,11,docs/papers/paper_1/PAPER1_SI_methods.pdf,2026-10-08T17:02Z,1
PAPER1_SI_methods,para,becausethessmisamonthlyt,11,docs/papers/paper_1/PAPER1_SI_methods.pdf,2026-10-08T17:02Z,1
PAPER1_SI_methods,heading,S5.6 Residual serial correlation and inference validity,11,docs/papers/paper_1/PAPER1_SI_methods.pdf,2026-10-08T17:02Z,1
PAPER1_SI_methods,para,asarobustnesscheckthecoe,11,docs/papers/paper_1/PAPER1_SI_methods.pdf,2026-10-08T17:02Z,1
PAPER1_SI_methods,para,therechargetermusesthecu,12,docs/papers/paper_1/PAPER1_SI_methods.pdf,2026-10-08T17:02Z,1
PAPER1_SI_methods,heading,S5.7 Rainfall enters contemporaneously,12,docs/papers/paper_1/PAPER1_SI_methods.pdf,2026-10-08T17:02Z,1
PAPER1_SI_methods,para,sections55introducedthet,12,docs/papers/paper_1/PAPER1_SI_methods.pdf,2026-10-08T17:02Z,1
PAPER1_SI_methods,heading,S6. State-space regression and the Lumped Catchment Storage Coefficient,12,docs/papers/paper_1/PAPER1_SI_methods.pdf,2026-10-08T17:02Z,1
PAPER1_SI_methods,heading,"S6.1 Per-well and cluster-mean fits, and where each is used",12,docs/papers/paper_1/PAPER1_SI_methods.pdf,2026-10-08T17:02Z,1
PAPER1_SI_methods,para,table1clustermechanistic,12,docs/papers/paper_1/PAPER1_SI_methods.pdf,2026-10-08T17:02Z,1
PAPER1_SI_methods,para,theclustermeanfitisthepr,13,docs/papers/paper_1/PAPER1_SI_methods.pdf,2026-10-08T17:02Z,1
PAPER1_SI_methods,para,threeofthepaper1outputsa,13,docs/papers/paper_1/PAPER1_SI_methods.pdf,2026-10-08T17:02Z,1
PAPER1_SI_methods,para,thefullperclustervaluest,14,docs/papers/paper_1/PAPER1_SI_methods.pdf,2026-10-08T17:02Z,1
PAPER1_SI_methods,heading,S6.2 Cluster-mean coefficients,14,docs/papers/paper_1/PAPER1_SI_methods.pdf,2026-10-08T17:02Z,1
PAPER1_SI_methods,para,theclustermeancoefficien,14,docs/papers/paper_1/PAPER1_SI_methods.pdf,2026-10-08T17:02Z,1
PAPER1_SI_methods,heading,S6.3 Caveats on OLS coefficient values,14,docs/papers/paper_1/PAPER1_SI_methods.pdf,2026-10-08T17:02Z,1
PAPER1_SI_methods,para,firstthecoefficientsarel,14,docs/papers/paper_1/PAPER1_SI_methods.pdf,2026-10-08T17:02Z,1
PAPER1_SI_methods,para,secondthessmislinearised,14,docs/papers/paper_1/PAPER1_SI_methods.pdf,2026-10-08T17:02Z,1
PAPER1_SI_methods,para,thirdatmonthlytimesteppp,14,docs/papers/paper_1/PAPER1_SI_methods.pdf,2026-10-08T17:02Z,1
PAPER1_SI_methods,para,thepracticalimplicationi,14,docs/papers/paper_1/PAPER1_SI_methods.pdf,2026-10-08T17:02Z,1
PAPER1_SI_methods,para,thelumpedcatchmentstorag,15,docs/papers/paper_1/PAPER1_SI_methods.pdf,2026-10-08T17:02Z,1
PAPER1_SI_methods,heading,S6.4 Lumped Catchment Storage Coefficient,15,docs/papers/paper_1/PAPER1_SI_methods.pdf,2026-10-08T17:02Z,1
PAPER1_SI_methods,para,becauseisthewatertableri,15,docs/papers/paper_1/PAPER1_SI_methods.pdf,2026-10-08T17:02Z,1
PAPER1_SI_methods,para,thecoefficientislumpedin,15,docs/papers/paper_1/PAPER1_SI_methods.pdf,2026-10-08T17:02Z,1
PAPER1_SI_methods,para,thecontrastacrossthecano,15,docs/papers/paper_1/PAPER1_SI_methods.pdf,2026-10-08T17:02Z,1
PAPER1_SI_methods,para,perclusterlcscvaluesarer,15,docs/papers/paper_1/PAPER1_SI_methods.pdf,2026-10-08T17:02Z,1
PAPER1_SI_methods,para,theperwellvaluessections,16,docs/papers/paper_1/PAPER1_SI_methods.pdf,2026-10-08T17:02Z,1
PAPER1_SI_methods,heading,S7. Spatial interpolation of SSM coefficients,16,docs/papers/paper_1/PAPER1_SI_methods.pdf,2026-10-08T17:02Z,1
PAPER1_SI_methods,para,eachsurfaceispiecewiseli,16,docs/papers/paper_1/PAPER1_SI_methods.pdf,2026-10-08T17:02Z,1
PAPER1_SI_methods,heading,S7.1 Interpolation configuration,16,docs/papers/paper_1/PAPER1_SI_methods.pdf,2026-10-08T17:02Z,1
PAPER1_SI_methods,para,onlyonemonitoringwellceh,16,docs/papers/paper_1/PAPER1_SI_methods.pdf,2026-10-08T17:02Z,1
PAPER1_SI_methods,heading,S7.2 Masking,16,docs/papers/paper_1/PAPER1_SI_methods.pdf,2026-10-08T17:02Z,1
PAPER1_SI_methods,para,apiecewiselinearsurfaceh,16,docs/papers/paper_1/PAPER1_SI_methods.pdf,2026-10-08T17:02Z,1
PAPER1_SI_methods,heading,S7.3 Bandwidth and edge effects,16,docs/papers/paper_1/PAPER1_SI_methods.pdf,2026-10-08T17:02Z,1
PAPER1_SI_methods,para,thethreeinterpolatedcoef,16,docs/papers/paper_1/PAPER1_SI_methods.pdf,2026-10-08T17:02Z,1
PAPER1_SI_methods,heading,S7.4 Coefficient atlas,16,docs/papers/paper_1/PAPER1_SI_methods.pdf,2026-10-08T17:02Z,1
PAPER1_SI_methods,para,thestatespaceregressions,17,docs/papers/paper_1/PAPER1_SI_methods.pdf,2026-10-08T17:02Z,1
PAPER1_SI_methods,heading,S8. Residual-field diagnostics,17,docs/papers/paper_1/PAPER1_SI_methods.pdf,2026-10-08T17:02Z,1
PAPER1_SI_methods,para,theresidualfieldcarriesn,17,docs/papers/paper_1/PAPER1_SI_methods.pdf,2026-10-08T17:02Z,1
PAPER1_SI_methods,para,ifaridgederivedlateralin,17,docs/papers/paper_1/PAPER1_SI_methods.pdf,2026-10-08T17:02Z,1
PAPER1_SI_methods,heading,S8.1 Cross-correlation lag test (23_ridge_recharge_lag_test.py),17,docs/papers/paper_1/PAPER1_SI_methods.pdf,2026-10-08T17:02Z,1
PAPER1_SI_methods,para,thetestreturnsanullresul,18,docs/papers/paper_1/PAPER1_SI_methods.pdf,2026-10-08T17:02Z,1
PAPER1_SI_methods,para,thisnullresultmustbequal,18,docs/papers/paper_1/PAPER1_SI_methods.pdf,2026-10-08T17:02Z,1
PAPER1_SI_methods,para,iftheresidualfieldreflec,18,docs/papers/paper_1/PAPER1_SI_methods.pdf,2026-10-08T17:02Z,1
PAPER1_SI_methods,heading,S8.2 Seasonal climatology test (24_residual_seasonality.py),18,docs/papers/paper_1/PAPER1_SI_methods.pdf,2026-10-08T17:02Z,1
PAPER1_SI_methods,para,thetestdiscriminatesamon,18,docs/papers/paper_1/PAPER1_SI_methods.pdf,2026-10-08T17:02Z,1
PAPER1_SI_methods,para,aclusterstratifiedanalys,18,docs/papers/paper_1/PAPER1_SI_methods.pdf,2026-10-08T17:02Z,1
PAPER1_SI_methods,para,thefullseasonalclimatolo,19,docs/papers/paper_1/PAPER1_SI_methods.pdf,2026-10-08T17:02Z,1
PAPER1_SI_methods,para,theresidualsinfigure16ar,19,docs/papers/paper_1/PAPER1_SI_methods.pdf,2026-10-08T17:02Z,1
PAPER1_SI_methods,heading,S8.3 Ridge zone,19,docs/papers/paper_1/PAPER1_SI_methods.pdf,2026-10-08T17:02Z,1
PAPER1_SI_methods,para,thespatiallystructuredre,19,docs/papers/paper_1/PAPER1_SI_methods.pdf,2026-10-08T17:02Z,1
PAPER1_SI_methods,heading,S8.4 Status of the residual field,19,docs/papers/paper_1/PAPER1_SI_methods.pdf,2026-10-08T17:02Z,1
PAPER1_SI_methods,para,thessmequationsections51,19,docs/papers/paper_1/PAPER1_SI_methods.pdf,2026-10-08T17:02Z,1
PAPER1_SI_methods,heading,S9. Water-balance decomposition,19,docs/papers/paper_1/PAPER1_SI_methods.pdf,2026-10-08T17:02Z,1
PAPER1_SI_methods,para,theclusterwaterbalancede,19,docs/papers/paper_1/PAPER1_SI_methods.pdf,2026-10-08T17:02Z,1
PAPER1_SI_methods,heading,S9.1 Cluster water balance (primary analysis),19,docs/papers/paper_1/PAPER1_SI_methods.pdf,2026-10-08T17:02Z,1
PAPER1_SI_methods,para,foreachclusterthepartiti,20,docs/papers/paper_1/PAPER1_SI_methods.pdf,2026-10-08T17:02Z,1
PAPER1_SI_methods,para,wherepandpetarethelongte,20,docs/papers/paper_1/PAPER1_SI_methods.pdf,2026-10-08T17:02Z,1
PAPER1_SI_methods,para,thewaterbalanceclosurefo,20,docs/papers/paper_1/PAPER1_SI_methods.pdf,2026-10-08T17:02Z,1
PAPER1_SI_methods,para,themeanresidualiswhatthe,20,docs/papers/paper_1/PAPER1_SI_methods.pdf,2026-10-08T17:02Z,1
PAPER1_SI_methods,para,forc4mainforestandc5coas,20,docs/papers/paper_1/PAPER1_SI_methods.pdf,2026-10-08T17:02Z,1
PAPER1_SI_methods,heading,S9.2 Canopy interception at the forest clusters,20,docs/papers/paper_1/PAPER1_SI_methods.pdf,2026-10-08T17:02Z,1
PAPER1_SI_methods,para,wherei024isthecanopyinte,20,docs/papers/paper_1/PAPER1_SI_methods.pdf,2026-10-08T17:02Z,1
PAPER1_SI_methods,para,specificyieldsythedraina,21,docs/papers/paper_1/PAPER1_SI_methods.pdf,2026-10-08T17:02Z,1
PAPER1_SI_methods,heading,S10. Water-table-fluctuation specific yield,21,docs/papers/paper_1/PAPER1_SI_methods.pdf,2026-10-08T17:02Z,1
PAPER1_SI_methods,para,thewatertablefluctuation,21,docs/papers/paper_1/PAPER1_SI_methods.pdf,2026-10-08T17:02Z,1
PAPER1_SI_methods,heading,S10.1 The water-table-fluctuation method,21,docs/papers/paper_1/PAPER1_SI_methods.pdf,2026-10-08T17:02Z,1
PAPER1_SI_methods,para,whereristhenetrechargera,21,docs/papers/paper_1/PAPER1_SI_methods.pdf,2026-10-08T17:02Z,1
PAPER1_SI_methods,para,approachawinterolstherat,21,docs/papers/paper_1/PAPER1_SI_methods.pdf,2026-10-08T17:02Z,1
PAPER1_SI_methods,para,approachbeventmediananev,21,docs/papers/paper_1/PAPER1_SI_methods.pdf,2026-10-08T17:02Z,1
PAPER1_SI_methods,para,approachcrapidrechargeev,22,docs/papers/paper_1/PAPER1_SI_methods.pdf,2026-10-08T17:02Z,1
PAPER1_SI_methods,para,clusterleveleventmedians,22,docs/papers/paper_1/PAPER1_SI_methods.pdf,2026-10-08T17:02Z,1
PAPER1_SI_methods,heading,S10.2 Cluster-level estimates,22,docs/papers/paper_1/PAPER1_SI_methods.pdf,2026-10-08T17:02Z,1
PAPER1_SI_methods,para,fortheforestedclustersc4,22,docs/papers/paper_1/PAPER1_SI_methods.pdf,2026-10-08T17:02Z,1
PAPER1_SI_methods,para,monthlyresolutionprevent,22,docs/papers/paper_1/PAPER1_SI_methods.pdf,2026-10-08T17:02Z,1
PAPER1_SI_methods,heading,S10.3 Caveats,22,docs/papers/paper_1/PAPER1_SI_methods.pdf,2026-10-08T17:02Z,1
PAPER1_SI_methods,para,aperwellsyfield18wtfspat,23,docs/papers/paper_1/PAPER1_SI_methods.pdf,2026-10-08T17:02Z,1
PAPER1_SI_methods,heading,S10.4 Spatial Sy surface,23,docs/papers/paper_1/PAPER1_SI_methods.pdf,2026-10-08T17:02Z,1
PAPER1_SI_methods,para,alongtermmeanwatertablee,23,docs/papers/paper_1/PAPER1_SI_methods.pdf,2026-10-08T17:02Z,1
PAPER1_SI_methods,heading,S11. Mean water-table surface and the Darcy flow field,23,docs/papers/paper_1/PAPER1_SI_methods.pdf,2026-10-08T17:02Z,1
PAPER1_SI_methods,heading,S11.1 Mean head per well,23,docs/papers/paper_1/PAPER1_SI_methods.pdf,2026-10-08T17:02Z,1
PAPER1_SI_methods,para,takingeachwellswholereco,24,docs/papers/paper_1/PAPER1_SI_methods.pdf,2026-10-08T17:02Z,1
PAPER1_SI_methods,para,theperwellmeanheadsarekr,24,docs/papers/paper_1/PAPER1_SI_methods.pdf,2026-10-08T17:02Z,1
PAPER1_SI_methods,heading,S11.2 Spatial head surface,24,docs/papers/paper_1/PAPER1_SI_methods.pdf,2026-10-08T17:02Z,1
PAPER1_SI_methods,para,theflowdirectionfieldfig,24,docs/papers/paper_1/PAPER1_SI_methods.pdf,2026-10-08T17:02Z,1
PAPER1_SI_methods,heading,S11.3 Darcy flow field,24,docs/papers/paper_1/PAPER1_SI_methods.pdf,2026-10-08T17:02Z,1
PAPER1_SI_methods,para,wherehisevaluatedbyfinit,24,docs/papers/paper_1/PAPER1_SI_methods.pdf,2026-10-08T17:02Z,1
PAPER1_SI_methods,para,flowrunsoutwardfromthewa,25,docs/papers/paper_1/PAPER1_SI_methods.pdf,2026-10-08T17:02Z,1
PAPER1_SI_methods,para,thenewboroughcoastlineat,25,docs/papers/paper_1/PAPER1_SI_methods.pdf,2026-10-08T17:02Z,1
PAPER1_SI_methods,heading,S12. Coastal-retreat gradient regression,25,docs/papers/paper_1/PAPER1_SI_methods.pdf,2026-10-08T17:02Z,1
PAPER1_SI_methods,para,thetest25coastalgradient,25,docs/papers/paper_1/PAPER1_SI_methods.pdf,2026-10-08T17:02Z,1
PAPER1_SI_methods,heading,S12.1 Panel regression specification,25,docs/papers/paper_1/PAPER1_SI_methods.pdf,2026-10-08T17:02Z,1
PAPER1_SI_methods,para,wheretijisthemonthlywate,25,docs/papers/paper_1/PAPER1_SI_methods.pdf,2026-10-08T17:02Z,1
PAPER1_SI_methods,para,twofunctionalformsaretes,25,docs/papers/paper_1/PAPER1_SI_methods.pdf,2026-10-08T17:02Z,1
PAPER1_SI_methods,para,linearcappeddcfarmindlcg,25,docs/papers/paper_1/PAPER1_SI_methods.pdf,2026-10-08T17:02Z,1
PAPER1_SI_methods,para,bothformsarefittedbynonl,26,docs/papers/paper_1/PAPER1_SI_methods.pdf,2026-10-08T17:02Z,1
PAPER1_SI_methods,para,fourspecificationsarefit,26,docs/papers/paper_1/PAPER1_SI_methods.pdf,2026-10-08T17:02Z,1
PAPER1_SI_methods,heading,S12.2 Nested specifications,26,docs/papers/paper_1/PAPER1_SI_methods.pdf,2026-10-08T17:02Z,1
PAPER1_SI_methods,para,fullnetworkallopendunean,26,docs/papers/paper_1/PAPER1_SI_methods.pdf,2026-10-08T17:02Z,1
PAPER1_SI_methods,para,fittedparametersreadlive,26,docs/papers/paper_1/PAPER1_SI_methods.pdf,2026-10-08T17:02Z,1
PAPER1_SI_methods,heading,S12.3 Parameter values,26,docs/papers/paper_1/PAPER1_SI_methods.pdf,2026-10-08T17:02Z,1
PAPER1_SI_methods,para,fulllinearcapped12006336,26,docs/papers/paper_1/PAPER1_SI_methods.pdf,2026-10-08T17:02Z,1
PAPER1_SI_methods,para,confidenceintervalsare95,27,docs/papers/paper_1/PAPER1_SI_methods.pdf,2026-10-08T17:02Z,1
PAPER1_SI_methods,para,modelselectionbyaicfavou,27,docs/papers/paper_1/PAPER1_SI_methods.pdf,2026-10-08T17:02Z,1
PAPER1_SI_methods,heading,S12.4 Model selection,27,docs/papers/paper_1/PAPER1_SI_methods.pdf,2026-10-08T17:02Z,1
PAPER1_SI_methods,para,theheadlinevaluesreporte,27,docs/papers/paper_1/PAPER1_SI_methods.pdf,2026-10-08T17:02Z,1
PAPER1_SI_methods,para,thec5coastalforestwellnw,28,docs/papers/paper_1/PAPER1_SI_methods.pdf,2026-10-08T17:02Z,1
PAPER1_SI_methods,heading,S12.5 C5 out-of-sample sentinel,28,docs/papers/paper_1/PAPER1_SI_methods.pdf,2026-10-08T17:02Z,1
PAPER1_SI_methods,para,section411ofthemainmanus,28,docs/papers/paper_1/PAPER1_SI_methods.pdf,2026-10-08T17:02Z,1
PAPER1_SI_methods,heading,S13. Forest-interception drawdown reach (Figure 18),28,docs/papers/paper_1/PAPER1_SI_methods.pdf,2026-10-08T17:02Z,1
PAPER1_SI_methods,para,whereistheinlanddecaylen,28,docs/papers/paper_1/PAPER1_SI_methods.pdf,2026-10-08T17:02Z,1
PAPER1_SI_methods,para,theparametersusedinfigur,28,docs/papers/paper_1/PAPER1_SI_methods.pdf,2026-10-08T17:02Z,1
PAPER1_SI_methods,para,withtheseinputs220mdrawd,29,docs/papers/paper_1/PAPER1_SI_methods.pdf,2026-10-08T17:02Z,1
PAPER1_SI_methods,para,thisistheonlyoutputofthe,29,docs/papers/paper_1/PAPER1_SI_methods.pdf,2026-10-08T17:02Z,1
PAPER1_SI_methods,para,theempiricallyfittedcoas,29,docs/papers/paper_1/PAPER1_SI_methods.pdf,2026-10-08T17:02Z,1
PAPER1_SI_methods,para,thefullanalysispipelinei,29,docs/papers/paper_1/PAPER1_SI_methods.pdf,2026-10-08T17:02Z,1
PAPER1_SI_methods,heading,"S14. Software, parameters and reproducibility",29,docs/papers/paper_1/PAPER1_SI_methods.pdf,2026-10-08T17:02Z,1
PAPER1_SI_methods,para,softwareenvironmentpytho,29,docs/papers/paper_1/PAPER1_SI_methods.pdf,2026-10-08T17:02Z,1
PAPER1_SI_methods,para,cartographiccontextoverl,29,docs/papers/paper_1/PAPER1_SI_methods.pdf,2026-10-08T17:02Z,1
PAPER1_SI_methods,para,pipelineorchestrationthe,30,docs/papers/paper_1/PAPER1_SI_methods.pdf,2026-10-08T17:02Z,1
PAPER1_SI_methods,para,pipelineparameterstableh,30,docs/papers/paper_1/PAPER1_SI_methods.pdf,2026-10-08T17:02Z,1
PAPER1_SI_methods,para,dataavailabilitythedipwe,30,docs/papers/paper_1/PAPER1_SI_methods.pdf,2026-10-08T17:02Z,1
PAPER1_SI_methods,para,codeavailabilityallscrip,31,docs/papers/paper_1/PAPER1_SI_methods.pdf,2026-10-08T17:02Z,1
PAPER1_SI_methods,para,referencescitedonlyinthi,31,docs/papers/paper_1/PAPER1_SI_methods.pdf,2026-10-08T17:02Z,1
PAPER1_SI_methods,heading,S15. Supplementary references,31,docs/papers/paper_1/PAPER1_SI_methods.pdf,2026-10-08T17:02Z,1
PAPER1_SI_methods,para,calinskitandharabaszj197,31,docs/papers/paper_1/PAPER1_SI_methods.pdf,2026-10-08T17:02Z,1
PAPER1_SI_methods,para,crosbiersbinningpandkalm,31,docs/papers/paper_1/PAPER1_SI_methods.pdf,2026-10-08T17:02Z,1
PAPER1_SI_methods,para,liaotw2005clusteringofti,31,docs/papers/paper_1/PAPER1_SI_methods.pdf,2026-10-08T17:02Z,1
PAPER1_SI_methods,para,milligangwandcoopermc198,31,docs/papers/paper_1/PAPER1_SI_methods.pdf,2026-10-08T17:02Z,1
PAPER1_SI_methods,para,allotherreferencesakaike,31,docs/papers/paper_1/PAPER1_SI_methods.pdf,2026-10-08T17:02Z,1
Paper1,para,aparametersparsestatespa,1,docs/papers/paper_1/Paper1.pdf,2026-10-08T17:02Z,1
Paper1,para,studyregionnewboroughwar,1,docs/papers/paper_1/Paper1.pdf,2026-10-08T17:02Z,1
Paper1,heading,Abstract,1,docs/papers/paper_1/Paper1.pdf,2026-10-08T17:02Z,1
Paper1,para,studyfocusduneslackveget,1,docs/papers/paper_1/Paper1.pdf,2026-10-08T17:02Z,1
Paper1,para,newhydrologicalinsightsf,1,docs/papers/paper_1/Paper1.pdf,2026-10-08T17:02Z,1
Paper1,para,keywordscoastalduneaquif,1,docs/papers/paper_1/Paper1.pdf,2026-10-08T17:02Z,1
Paper1,para,duneaquiferarchitecturer,1,docs/papers/paper_1/Paper1.pdf,2026-10-08T17:02Z,1
Paper1,para,coastalduneslacksareamon,2,docs/papers/paper_1/Paper1.pdf,2026-10-08T17:02Z,1
Paper1,heading,1. Introduction,2,docs/papers/paper_1/Paper1.pdf,2026-10-08T17:02Z,1
Paper1,para,characterizingthatarchit,2,docs/papers/paper_1/Paper1.pdf,2026-10-08T17:02Z,1
Paper1,para,wedevelopanddemonstrates,2,docs/papers/paper_1/Paper1.pdf,2026-10-08T17:02Z,1
Paper1,para,aroundthiscoreweassemble,3,docs/papers/paper_1/Paper1.pdf,2026-10-08T17:02Z,1
Paper1,para,wealsoresolveanexternalf,3,docs/papers/paper_1/Paper1.pdf,2026-10-08T17:02Z,1
Paper1,para,theframeworkisdemonstrat,3,docs/papers/paper_1/Paper1.pdf,2026-10-08T17:02Z,1
Paper1,para,theobjectivesofthispaper,3,docs/papers/paper_1/Paper1.pdf,2026-10-08T17:02Z,1
Paper1,para,newboroughwarrenoccupies,4,docs/papers/paper_1/Paper1.pdf,2026-10-08T17:02Z,1
Paper1,heading,2. Study site,4,docs/papers/paper_1/Paper1.pdf,2026-10-08T17:02Z,1
Paper1,para,theaquifersoutheastofthe,4,docs/papers/paper_1/Paper1.pdf,2026-10-08T17:02Z,1
Paper1,para,thenorthernpartofthestud,4,docs/papers/paper_1/Paper1.pdf,2026-10-08T17:02Z,1
Paper1,para,figure1sitetopographygeo,5,docs/papers/paper_1/Paper1.pdf,2026-10-08T17:02Z,1
Paper1,para,theprimaryobservationald,5,docs/papers/paper_1/Paper1.pdf,2026-10-08T17:02Z,1
Paper1,heading,3. Data and methods,5,docs/papers/paper_1/Paper1.pdf,2026-10-08T17:02Z,1
Paper1,heading,3.1 Groundwater and climate records,5,docs/papers/paper_1/Paper1.pdf,2026-10-08T17:02Z,1
Paper1,para,climateforcingistakenfro,6,docs/papers/paper_1/Paper1.pdf,2026-10-08T17:02Z,1
Paper1,para,thereferencenetworkispar,6,docs/papers/paper_1/Paper1.pdf,2026-10-08T17:02Z,1
Paper1,heading,3.2 Hierarchical clustering of hydrograph dynamics,6,docs/papers/paper_1/Paper1.pdf,2026-10-08T17:02Z,1
Paper1,para,thenumberofclustersissel,6,docs/papers/paper_1/Paper1.pdf,2026-10-08T17:02Z,1
Paper1,para,theprimaryclassification,6,docs/papers/paper_1/Paper1.pdf,2026-10-08T17:02Z,1
Paper1,heading,3.3 Network extension by Pearson affinity analysis,6,docs/papers/paper_1/Paper1.pdf,2026-10-08T17:02Z,1
Paper1,para,themechanisticcoreofthef,7,docs/papers/paper_1/Paper1.pdf,2026-10-08T17:02Z,1
Paper1,heading,3.4 State-space model and the displacement formulation,7,docs/papers/paper_1/Paper1.pdf,2026-10-08T17:02Z,1
Paper1,para,wherehtisthechangeinwate,7,docs/papers/paper_1/Paper1.pdf,2026-10-08T17:02Z,1
Paper1,para,thedrainagetermisdrivenb,7,docs/papers/paper_1/Paper1.pdf,2026-10-08T17:02Z,1
Paper1,para,wherehisthewatertablepos,7,docs/papers/paper_1/Paper1.pdf,2026-10-08T17:02Z,1
Paper1,para,therechargesensitivityof,7,docs/papers/paper_1/Paper1.pdf,2026-10-08T17:02Z,1
Paper1,para,adepthdependentextension,8,docs/papers/paper_1/Paper1.pdf,2026-10-08T17:02Z,1
Paper1,para,themodelisfittedattwosca,8,docs/papers/paper_1/Paper1.pdf,2026-10-08T17:02Z,1
Paper1,para,thepredictivevalueoftheh,8,docs/papers/paper_1/Paper1.pdf,2026-10-08T17:02Z,1
Paper1,heading,3.5 Model benchmarking against a traditional linear model,8,docs/papers/paper_1/Paper1.pdf,2026-10-08T17:02Z,1
Paper1,para,theperwellssmcoefficient,8,docs/papers/paper_1/Paper1.pdf,2026-10-08T17:02Z,1
Paper1,heading,3.6 Spatial coefficient mapping and within-forest regression,8,docs/papers/paper_1/Paper1.pdf,2026-10-08T17:02Z,1
Paper1,para,withintheforestedzonewhe,8,docs/papers/paper_1/Paper1.pdf,2026-10-08T17:02Z,1
Paper1,para,thefittedclustercoeffici,9,docs/papers/paper_1/Paper1.pdf,2026-10-08T17:02Z,1
Paper1,heading,3.7 Mean monthly water-balance decomposition,9,docs/papers/paper_1/Paper1.pdf,2026-10-08T17:02Z,1
Paper1,para,anindicativevolumetricco,9,docs/papers/paper_1/Paper1.pdf,2026-10-08T17:02Z,1
Paper1,para,anindependentestimateofs,9,docs/papers/paper_1/Paper1.pdf,2026-10-08T17:02Z,1
Paper1,heading,3.8 Specific-yield estimation by the water-table-fluctuation method,9,docs/papers/paper_1/Paper1.pdf,2026-10-08T17:02Z,1
Paper1,para,fortheforestedclustersac,9,docs/papers/paper_1/Paper1.pdf,2026-10-08T17:02Z,1
Paper1,para,whereashorelineisactivel,10,docs/papers/paper_1/Paper1.pdf,2026-10-08T17:02Z,1
Paper1,heading,3.9 Network-scale coastal-retreat gradient regression,10,docs/papers/paper_1/Paper1.pdf,2026-10-08T17:02Z,1
Paper1,para,twofunctionalformsarefit,10,docs/papers/paper_1/Paper1.pdf,2026-10-08T17:02Z,1
Paper1,para,themeanwatertablesurface,11,docs/papers/paper_1/Paper1.pdf,2026-10-08T17:02Z,1
Paper1,heading,"3.10 Spatial interpolation, flow field and water-balance residual",11,docs/papers/paper_1/Paper1.pdf,2026-10-08T17:02Z,1
Paper1,para,thewaterbalanceresidualq,11,docs/papers/paper_1/Paper1.pdf,2026-10-08T17:02Z,1
Paper1,para,alldatapreprocessingstat,11,docs/papers/paper_1/Paper1.pdf,2026-10-08T17:02Z,1
Paper1,heading,3.11 Computational implementation,11,docs/papers/paper_1/Paper1.pdf,2026-10-08T17:02Z,1
Paper1,para,therafvalleyrecordestabl,12,docs/papers/paper_1/Paper1.pdf,2026-10-08T17:02Z,1
Paper1,heading,4. Results,12,docs/papers/paper_1/Paper1.pdf,2026-10-08T17:02Z,1
Paper1,heading,4.1 Climate and well-network characterization,12,docs/papers/paper_1/Paper1.pdf,2026-10-08T17:02Z,1
Paper1,para,thereferencenetworkcompr,12,docs/papers/paper_1/Paper1.pdf,2026-10-08T17:02Z,1
Paper1,para,figure2climateforcingove,13,docs/papers/paper_1/Paper1.pdf,2026-10-08T17:02Z,1
Paper1,para,figure3summertemperature,14,docs/papers/paper_1/Paper1.pdf,2026-10-08T17:02Z,1
Paper1,para,hierarchicalclusteringof,14,docs/papers/paper_1/Paper1.pdf,2026-10-08T17:02Z,1
Paper1,heading,4.2 Network clustering and spatial architecture,14,docs/papers/paper_1/Paper1.pdf,2026-10-08T17:02Z,1
Paper1,para,figure4hierarchicalclust,15,docs/papers/paper_1/Paper1.pdf,2026-10-08T17:02Z,1
Paper1,para,figure5spatialdistributi,16,docs/papers/paper_1/Paper1.pdf,2026-10-08T17:02Z,1
Paper1,para,figure6clustercentroidhy,17,docs/papers/paper_1/Paper1.pdf,2026-10-08T17:02Z,1
Paper1,para,thepearsonaffinityanalys,17,docs/papers/paper_1/Paper1.pdf,2026-10-08T17:02Z,1
Paper1,heading,4.3 Affinity validation of the cluster structure,17,docs/papers/paper_1/Paper1.pdf,2026-10-08T17:02Z,1
Paper1,para,thefiveclustersarecharac,17,docs/papers/paper_1/Paper1.pdf,2026-10-08T17:02Z,1
Paper1,heading,4.4 Cluster mechanistic coefficients,17,docs/papers/paper_1/Paper1.pdf,2026-10-08T17:02Z,1
Paper1,para,table1clustermechanistic,17,docs/papers/paper_1/Paper1.pdf,2026-10-08T17:02Z,1
Paper1,para,rechargesensitivityishig,18,docs/papers/paper_1/Paper1.pdf,2026-10-08T17:02Z,1
Paper1,para,atmosphericdrawishighest,18,docs/papers/paper_1/Paper1.pdf,2026-10-08T17:02Z,1
Paper1,para,thedrainagedecayshowsthe,18,docs/papers/paper_1/Paper1.pdf,2026-10-08T17:02Z,1
Paper1,para,theheadspacewaterbalance,18,docs/papers/paper_1/Paper1.pdf,2026-10-08T17:02Z,1
Paper1,heading,4.5 Water balance and specific yield,18,docs/papers/paper_1/Paper1.pdf,2026-10-08T17:02Z,1
Paper1,para,table2meanmonthlyheadspa,19,docs/papers/paper_1/Paper1.pdf,2026-10-08T17:02Z,1
Paper1,para,theindicativevolumetricc,19,docs/papers/paper_1/Paper1.pdf,2026-10-08T17:02Z,1
Paper1,para,table3indicativeannualvo,19,docs/papers/paper_1/Paper1.pdf,2026-10-08T17:02Z,1
Paper1,para,clusterpipnetetmiddraina,19,docs/papers/paper_1/Paper1.pdf,2026-10-08T17:02Z,1
Paper1,para,figure7waterbalancedecom,20,docs/papers/paper_1/Paper1.pdf,2026-10-08T17:02Z,1
Paper1,para,thewatertablefluctuation,20,docs/papers/paper_1/Paper1.pdf,2026-10-08T17:02Z,1
Paper1,para,table4specificyieldbyclu,21,docs/papers/paper_1/Paper1.pdf,2026-10-08T17:02Z,1
Paper1,para,figure8interpolatedwater,22,docs/papers/paper_1/Paper1.pdf,2026-10-08T17:02Z,1
Paper1,para,runfreelyoverthecomparis,22,docs/papers/paper_1/Paper1.pdf,2026-10-08T17:02Z,1
Paper1,heading,4.6 Model benchmarking: SSM versus traditional linear model,22,docs/papers/paper_1/Paper1.pdf,2026-10-08T17:02Z,1
Paper1,para,figure9spatialpatternoft,23,docs/papers/paper_1/Paper1.pdf,2026-10-08T17:02Z,1
Paper1,para,optimizedwellbywelltherm,23,docs/papers/paper_1/Paper1.pdf,2026-10-08T17:02Z,1
Paper1,heading,4.7 Spatial coefficient structure and drainage half-life,23,docs/papers/paper_1/Paper1.pdf,2026-10-08T17:02Z,1
Paper1,para,figure10perwelloptimaldr,25,docs/papers/paper_1/Paper1.pdf,2026-10-08T17:02Z,1
Paper1,para,table5perwellssmcoeffici,54,docs/papers/paper_1/Paper1.pdf,2026-10-08T17:02Z,2
Paper1,para,figure11spatialssmcoeffi,26,docs/papers/paper_1/Paper1.pdf,2026-10-08T17:02Z,1
Paper1,para,figure12spatialssmcoeffi,27,docs/papers/paper_1/Paper1.pdf,2026-10-08T17:02Z,1
Paper1,para,figure13spatialssmcoeffi,28,docs/papers/paper_1/Paper1.pdf,2026-10-08T17:02Z,1
Paper1,para,thedrainagedecayhalflife,28,docs/papers/paper_1/Paper1.pdf,2026-10-08T17:02Z,1
Paper1,para,table6drainagedecayhalfl,29,docs/papers/paper_1/Paper1.pdf,2026-10-08T17:02Z,1
Paper1,para,clustertmintmediantmaxnc,29,docs/papers/paper_1/Paper1.pdf,2026-10-08T17:02Z,1
Paper1,para,figure14drainagedecayhal,30,docs/papers/paper_1/Paper1.pdf,2026-10-08T17:02Z,1
Paper1,para,wherethecanopyisuniformb,30,docs/papers/paper_1/Paper1.pdf,2026-10-08T17:02Z,1
Paper1,heading,4.8 Substrate control within the forested zone,30,docs/papers/paper_1/Paper1.pdf,2026-10-08T17:02Z,1
Paper1,para,doesvarysubstantiallyacr,30,docs/papers/paper_1/Paper1.pdf,2026-10-08T17:02Z,1
Paper1,para,table7withinforestspatia,31,docs/papers/paper_1/Paper1.pdf,2026-10-08T17:02Z,1
Paper1,para,leftoutoneatatimethewell,31,docs/papers/paper_1/Paper1.pdf,2026-10-08T17:02Z,1
Paper1,heading,4.9 Mean water-table surface and flow field,31,docs/papers/paper_1/Paper1.pdf,2026-10-08T17:02Z,1
Paper1,para,figure15thewatertablekri,32,docs/papers/paper_1/Paper1.pdf,2026-10-08T17:02Z,1
Paper1,para,thewaterbalanceresidualm,32,docs/papers/paper_1/Paper1.pdf,2026-10-08T17:02Z,1
Paper1,heading,4.10 Water-balance residual at the wells,32,docs/papers/paper_1/Paper1.pdf,2026-10-08T17:02Z,1
Paper1,para,figure16ssmwaterbalancer,33,docs/papers/paper_1/Paper1.pdf,2026-10-08T17:02Z,1
Paper1,para,thenetworkscaleregressio,34,docs/papers/paper_1/Paper1.pdf,2026-10-08T17:02Z,1
Paper1,heading,4.11 Coastal-retreat gradient and the partition of long-term decline,34,docs/papers/paper_1/Paper1.pdf,2026-10-08T17:02Z,1
Paper1,para,applyingtheheadlinefitto,35,docs/papers/paper_1/Paper1.pdf,2026-10-08T17:02Z,1
Paper1,para,anorthogonallongitudinal,35,docs/papers/paper_1/Paper1.pdf,2026-10-08T17:02Z,1
Paper1,para,thec5coastalforestrowisr,36,docs/papers/paper_1/Paper1.pdf,2026-10-08T17:02Z,1
Paper1,para,table8decompositionofclu,37,docs/papers/paper_1/Paper1.pdf,2026-10-08T17:02Z,1
Paper1,para,c5restsonfourwellsintheg,37,docs/papers/paper_1/Paper1.pdf,2026-10-08T17:02Z,1
Paper1,para,figure17coastalretreatgr,38,docs/papers/paper_1/Paper1.pdf,2026-10-08T17:02Z,1
Paper1,para,thefivehydrogeologicalcl,39,docs/papers/paper_1/Paper1.pdf,2026-10-08T17:02Z,1
Paper1,heading,5. Discussion,39,docs/papers/paper_1/Paper1.pdf,2026-10-08T17:02Z,1
Paper1,heading,"5.1 Geology, land cover and the cluster structure",39,docs/papers/paper_1/Paper1.pdf,2026-10-08T17:02Z,1
Paper1,para,thisgradientalsobearsonh,39,docs/papers/paper_1/Paper1.pdf,2026-10-08T17:02Z,1
Paper1,para,figure18illustrativefore,41,docs/papers/paper_1/Paper1.pdf,2026-10-08T17:02Z,1
Paper1,para,figure19episodiccoastalr,42,docs/papers/paper_1/Paper1.pdf,2026-10-08T17:02Z,1
Paper1,para,thattheclusteringfigures,42,docs/papers/paper_1/Paper1.pdf,2026-10-08T17:02Z,1
Paper1,para,thetwoforestedclustersar,42,docs/papers/paper_1/Paper1.pdf,2026-10-08T17:02Z,1
Paper1,heading,5.2 Substrate versus surface control: interpreting the coefficients,42,docs/papers/paper_1/Paper1.pdf,2026-10-08T17:02Z,1
Paper1,para,thisfindingclarifiesapot,43,docs/papers/paper_1/Paper1.pdf,2026-10-08T17:02Z,1
Paper1,para,adepthdependentextension,44,docs/papers/paper_1/Paper1.pdf,2026-10-08T17:02Z,1
Paper1,para,decomposedunderidentical,44,docs/papers/paper_1/Paper1.pdf,2026-10-08T17:02Z,1
Paper1,heading,"5.3 Recharge, loss and the water balance",44,docs/papers/paper_1/Paper1.pdf,2026-10-08T17:02Z,1
Paper1,para,twocautionsattachtothere,44,docs/papers/paper_1/Paper1.pdf,2026-10-08T17:02Z,1
Paper1,para,thenearclosureofthewater,45,docs/papers/paper_1/Paper1.pdf,2026-10-08T17:02Z,1
Paper1,heading,5.4 Boundary conditions and the water-balance residual field,45,docs/papers/paper_1/Paper1.pdf,2026-10-08T17:02Z,1
Paper1,para,twofurtherdiagnosticscon,45,docs/papers/paper_1/Paper1.pdf,2026-10-08T17:02Z,1
Paper1,para,thenetworkscalegradientr,45,docs/papers/paper_1/Paper1.pdf,2026-10-08T17:02Z,1
Paper1,heading,5.5 Long-term forcing: coastal retreat and the partition of decline,45,docs/papers/paper_1/Paper1.pdf,2026-10-08T17:02Z,1
Paper1,para,thetimethewatertabletake,46,docs/papers/paper_1/Paper1.pdf,2026-10-08T17:02Z,1
Paper1,para,figure20conceptualreacho,48,docs/papers/paper_1/Paper1.pdf,2026-10-08T17:02Z,1
Paper1,para,thisforcingalsoreframest,48,docs/papers/paper_1/Paper1.pdf,2026-10-08T17:02Z,1
Paper1,para,oneboundarymechanismoper,49,docs/papers/paper_1/Paper1.pdf,2026-10-08T17:02Z,1
Paper1,para,thedeclineobservedawayfr,49,docs/papers/paper_1/Paper1.pdf,2026-10-08T17:02Z,1
Paper1,para,thepracticalcontribution,50,docs/papers/paper_1/Paper1.pdf,2026-10-08T17:02Z,1
Paper1,heading,5.6 Predictive skill and transferability,50,docs/papers/paper_1/Paper1.pdf,2026-10-08T17:02Z,1
Paper1,para,thisisthebasisfortransfe,50,docs/papers/paper_1/Paper1.pdf,2026-10-08T17:02Z,1
Paper1,para,theframeworksstrengthsan,51,docs/papers/paper_1/Paper1.pdf,2026-10-08T17:02Z,1
Paper1,heading,5.7 Framework limitations,51,docs/papers/paper_1/Paper1.pdf,2026-10-08T17:02Z,1
Paper1,para,severalfurtherlimitation,51,docs/papers/paper_1/Paper1.pdf,2026-10-08T17:02Z,1
Paper1,para,thisstudysetsoutaparamet,52,docs/papers/paper_1/Paper1.pdf,2026-10-08T17:02Z,1
Paper1,heading,6. Conclusions,52,docs/papers/paper_1/Paper1.pdf,2026-10-08T17:02Z,1
Paper1,para,1fivehydrogeologicalclus,52,docs/papers/paper_1/Paper1.pdf,2026-10-08T17:02Z,1
Paper1,para,thehydrologicalconsequen,53,docs/papers/paper_1/Paper1.pdf,2026-10-08T17:02Z,1
Paper1,para,forreviewonlyeveryfigure,54,docs/papers/paper_1/Paper1.pdf,2026-10-08T17:02Z,1
Paper1,heading,Source data,54,docs/papers/paper_1/Paper1.pdf,2026-10-08T17:02Z,1
Paper1,para,itemcommittedsourcetable,54,docs/papers/paper_1/Paper1.pdf,2026-10-08T17:02Z,1
Paper1,para,duringthepreparationofth,55,docs/papers/paper_1/Paper1.pdf,2026-10-08T17:02Z,1
Paper1,heading,Declaration of generative AI and AI-assisted technologies in the manuscript preparation process,55,docs/papers/paper_1/Paper1.pdf,2026-10-08T17:02Z,1
Paper1,para,akaikeh1974anewlookatthe,56,docs/papers/paper_1/Paper1.pdf,2026-10-08T17:02Z,1
Paper1,heading,References,56,docs/papers/paper_1/Paper1.pdf,2026-10-08T17:02Z,1
Paper1,para,bearj1972dynamicsoffluid,56,docs/papers/paper_1/Paper1.pdf,2026-10-08T17:02Z,1
Paper1,para,betsonmconnelllandbristo,56,docs/papers/paper_1/Paper1.pdf,2026-10-08T17:02Z,1
Paper1,para,curreliawallacehfreemanc,56,docs/papers/paper_1/Paper1.pdf,2026-10-08T17:02Z,1
Paper1,para,davyajgrootjansaphiscock,56,docs/papers/paper_1/Paper1.pdf,2026-10-08T17:02Z,1
Paper1,para,desbaratsajlogancehinton,56,docs/papers/paper_1/Paper1.pdf,2026-10-08T17:02Z,1
Paper1,para,fettercw2001appliedhydro,56,docs/papers/paper_1/Paper1.pdf,2026-10-08T17:02Z,1
Paper1,para,forgravea2020dramaticpic,56,docs/papers/paper_1/Paper1.pdf,2026-10-08T17:02Z,1
Paper1,para,freemans2008thehydrologi,56,docs/papers/paper_1/Paper1.pdf,2026-10-08T17:02Z,1
Paper1,para,freezeraandcherryja1979g,56,docs/papers/paper_1/Paper1.pdf,2026-10-08T17:02Z,1
Paper1,para,gerlapj2019monitoringand,56,docs/papers/paper_1/Paper1.pdf,2026-10-08T17:02Z,1
Paper1,para,healyrwandcookpg2002usin,56,docs/papers/paper_1/Paper1.pdf,2026-10-08T17:02Z,1
Paper1,para,hollinghamm2026bhydrolog,56,docs/papers/paper_1/Paper1.pdf,2026-10-08T17:02Z,1
Paper1,para,hollinghamm2026cwhichqua,56,docs/papers/paper_1/Paper1.pdf,2026-10-08T17:02Z,1
Paper1,para,hollinghamm2026dhydrogeo,56,docs/papers/paper_1/Paper1.pdf,2026-10-08T17:02Z,1
Paper1,para,knottersmandvanwalsumpev,57,docs/papers/paper_1/Paper1.pdf,2026-10-08T17:02Z,1
Paper1,para,pyekandblottsj2024dunere,57,docs/papers/paper_1/Paper1.pdf,2026-10-08T17:02Z,1
Paper1,para,ranwellds1958movementofv,57,docs/papers/paper_1/Paper1.pdf,2026-10-08T17:02Z,1
Paper1,para,ranwellds1959newboroughw,57,docs/papers/paper_1/Paper1.pdf,2026-10-08T17:02Z,1
Paper1,para,raoarandsrinivasvv2006re,57,docs/papers/paper_1/Paper1.pdf,2026-10-08T17:02Z,1
Paper1,para,raopwangyliuywangxhouypa,57,docs/papers/paper_1/Paper1.pdf,2026-10-08T17:02Z,1
Paper1,para,rhindpmblackstockthhardy,57,docs/papers/paper_1/Paper1.pdf,2026-10-08T17:02Z,1
Paper1,para,robinsnspyekandwallaceh2,57,docs/papers/paper_1/Paper1.pdf,2026-10-08T17:02Z,1
Paper1,para,rousseeuwpj1987silhouett,57,docs/papers/paper_1/Paper1.pdf,2026-10-08T17:02Z,1
Paper1,para,scanlonbrhealyrwandcookp,57,docs/papers/paper_1/Paper1.pdf,2026-10-08T17:02Z,1
Paper1,para,stratfordcratcliffejhugh,57,docs/papers/paper_1/Paper1.pdf,2026-10-08T17:02Z,1
Paper1,para,ukho2026admiraltytidetab,57,docs/papers/paper_1/Paper1.pdf,2026-10-08T17:02Z,1
Paper1,para,varouchakiseaandhristopu,57,docs/papers/paper_1/Paper1.pdf,2026-10-08T17:02Z,1
Paper1,para,wardjh1963hierarchicalgr,58,docs/papers/paper_1/Paper1.pdf,2026-10-08T17:02Z,1
Paper1,para,youngpc2011recursiveesti,58,docs/papers/paper_1/Paper1.pdf,2026-10-08T17:02Z,1
Hollingham_2026_Paper2_amended,para,hydrologicalresponseofac,1,docs/papers/paper_2/Hollingham_2026_Paper2_amended.pdf,2026-10-07T20:12Z,1
Hollingham_2026_Paper2_amended,para,studyregionnewboroughwar,1,docs/papers/paper_2/Hollingham_2026_Paper2_amended.pdf,2026-10-07T20:12Z,1
Hollingham_2026_Paper2_amended,para,studyfocustworestoration,1,docs/papers/paper_2/Hollingham_2026_Paper2_amended.pdf,2026-10-07T20:12Z,1
Hollingham_2026_Paper2_amended,para,newhydrologicalinsightsf,1,docs/papers/paper_2/Hollingham_2026_Paper2_amended.pdf,2026-10-07T20:12Z,1
Hollingham_2026_Paper2_amended,para,fellingwasfollowedbya012,1,docs/papers/paper_2/Hollingham_2026_Paper2_amended.pdf,2026-10-07T20:12Z,1
Hollingham_2026_Paper2_amended,para,keywordsduneslackgroundw,2,docs/papers/paper_2/Hollingham_2026_Paper2_amended.pdf,2026-10-07T20:12Z,1
Hollingham_2026_Paper2_amended,para,coastalduneslacksareamon,2,docs/papers/paper_2/Hollingham_2026_Paper2_amended.pdf,2026-10-07T20:12Z,1
Hollingham_2026_Paper2_amended,heading,1. Introduction,2,docs/papers/paper_2/Hollingham_2026_Paper2_amended.pdf,2026-10-07T20:12Z,1
Hollingham_2026_Paper2_amended,para,thehydrologicalrationale,2,docs/papers/paper_2/Hollingham_2026_Paper2_amended.pdf,2026-10-07T20:12Z,1
Hollingham_2026_Paper2_amended,para,newboroughwarrenonthesou,2,docs/papers/paper_2/Hollingham_2026_Paper2_amended.pdf,2026-10-07T20:12Z,1
Hollingham_2026_Paper2_amended,para,thispaperanalysesbothint,2,docs/papers/paper_2/Hollingham_2026_Paper2_amended.pdf,2026-10-07T20:12Z,1
Hollingham_2026_Paper2_amended,para,newboroughwarrenisacalca,3,docs/papers/paper_2/Hollingham_2026_Paper2_amended.pdf,2026-10-07T20:12Z,1
Hollingham_2026_Paper2_amended,heading,2. Study site and interventions,3,docs/papers/paper_2/Hollingham_2026_Paper2_amended.pdf,2026-10-07T20:12Z,1
Hollingham_2026_Paper2_amended,heading,2.1 Site,3,docs/papers/paper_2/Hollingham_2026_Paper2_amended.pdf,2026-10-07T20:12Z,1
Hollingham_2026_Paper2_amended,para,themonitoringrecordcompr,3,docs/papers/paper_2/Hollingham_2026_Paper2_amended.pdf,2026-10-07T20:12Z,1
Hollingham_2026_Paper2_amended,para,inapril2015thegroundsurf,3,docs/papers/paper_2/Hollingham_2026_Paper2_amended.pdf,2026-10-07T20:12Z,1
Hollingham_2026_Paper2_amended,heading,2.2 The scraping intervention,3,docs/papers/paper_2/Hollingham_2026_Paper2_amended.pdf,2026-10-07T20:12Z,1
Hollingham_2026_Paper2_amended,para,indecember2017approximat,4,docs/papers/paper_2/Hollingham_2026_Paper2_amended.pdf,2026-10-07T20:12Z,1
Hollingham_2026_Paper2_amended,heading,2.3 The clearfell intervention,4,docs/papers/paper_2/Hollingham_2026_Paper2_amended.pdf,2026-10-07T20:12Z,1
Hollingham_2026_Paper2_amended,para,bothinterventionsareeval,4,docs/papers/paper_2/Hollingham_2026_Paper2_amended.pdf,2026-10-07T20:12Z,1
Hollingham_2026_Paper2_amended,heading,3. Methods,4,docs/papers/paper_2/Hollingham_2026_Paper2_amended.pdf,2026-10-07T20:12Z,1
Hollingham_2026_Paper2_amended,heading,3.1 BACI design and control tiers,4,docs/papers/paper_2/Hollingham_2026_Paper2_amended.pdf,2026-10-07T20:12Z,1
Hollingham_2026_Paper2_amended,para,theclearfellstepisestima,4,docs/papers/paper_2/Hollingham_2026_Paper2_amended.pdf,2026-10-07T20:12Z,1
Hollingham_2026_Paper2_amended,heading,3.2 ANCOVA specification,4,docs/papers/paper_2/Hollingham_2026_Paper2_amended.pdf,2026-10-07T20:12Z,1
Hollingham_2026_Paper2_amended,para,tointerpretthebacistepsm,5,docs/papers/paper_2/Hollingham_2026_Paper2_amended.pdf,2026-10-07T20:12Z,1
Hollingham_2026_Paper2_amended,heading,3.3 Coefficient decomposition and the shared SSM,5,docs/papers/paper_2/Hollingham_2026_Paper2_amended.pdf,2026-10-07T20:12Z,1
Hollingham_2026_Paper2_amended,para,forwardscenariosfullclea,5,docs/papers/paper_2/Hollingham_2026_Paper2_amended.pdf,2026-10-07T20:12Z,1
Hollingham_2026_Paper2_amended,heading,3.4 Scenario framework,5,docs/papers/paper_2/Hollingham_2026_Paper2_amended.pdf,2026-10-07T20:12Z,1
Hollingham_2026_Paper2_amended,para,bothscrapingcontrolsshow,6,docs/papers/paper_2/Hollingham_2026_Paper2_amended.pdf,2026-10-07T20:12Z,1
Hollingham_2026_Paper2_amended,heading,4. Results,6,docs/papers/paper_2/Hollingham_2026_Paper2_amended.pdf,2026-10-07T20:12Z,1
Hollingham_2026_Paper2_amended,heading,4.1 Dune scraping,6,docs/papers/paper_2/Hollingham_2026_Paper2_amended.pdf,2026-10-07T20:12Z,1
Hollingham_2026_Paper2_amended,heading,4.1.1 Background drift,6,docs/papers/paper_2/Hollingham_2026_Paper2_amended.pdf,2026-10-07T20:12Z,1
Hollingham_2026_Paper2_amended,para,threeindependentmethodsa,6,docs/papers/paper_2/Hollingham_2026_Paper2_amended.pdf,2026-10-07T20:12Z,1
Hollingham_2026_Paper2_amended,heading,4.1.2 The CEH36 benefit,6,docs/papers/paper_2/Hollingham_2026_Paper2_amended.pdf,2026-10-07T20:12Z,1
Hollingham_2026_Paper2_amended,para,figure1threemethodrobust,7,docs/papers/paper_2/Hollingham_2026_Paper2_amended.pdf,2026-10-07T20:12Z,1
Hollingham_2026_Paper2_amended,para,theecologicallydecisiver,7,docs/papers/paper_2/Hollingham_2026_Paper2_amended.pdf,2026-10-07T20:12Z,1
Hollingham_2026_Paper2_amended,para,figure2pairedbacisummerm,8,docs/papers/paper_2/Hollingham_2026_Paper2_amended.pdf,2026-10-07T20:12Z,1
Hollingham_2026_Paper2_amended,para,eraspecificdrainagecoeff,8,docs/papers/paper_2/Hollingham_2026_Paper2_amended.pdf,2026-10-07T20:12Z,1
Hollingham_2026_Paper2_amended,heading,4.1.3 Drainage coefficient and propagation,8,docs/papers/paper_2/Hollingham_2026_Paper2_amended.pdf,2026-10-07T20:12Z,1
Hollingham_2026_Paper2_amended,para,toplacethemeasuredbenefi,9,docs/papers/paper_2/Hollingham_2026_Paper2_amended.pdf,2026-10-07T20:12Z,1
Hollingham_2026_Paper2_amended,heading,4.1.4 Scenario context at the scraped well,9,docs/papers/paper_2/Hollingham_2026_Paper2_amended.pdf,2026-10-07T20:12Z,1
Hollingham_2026_Paper2_amended,para,againsttheforestcontrolt,9,docs/papers/paper_2/Hollingham_2026_Paper2_amended.pdf,2026-10-07T20:12Z,1
Hollingham_2026_Paper2_amended,heading,4.2 The December 2017 clearfell,9,docs/papers/paper_2/Hollingham_2026_Paper2_amended.pdf,2026-10-07T20:12Z,1
Hollingham_2026_Paper2_amended,heading,4.2.1 ANCOVA-BACI results,9,docs/papers/paper_2/Hollingham_2026_Paper2_amended.pdf,2026-10-07T20:12Z,1
Hollingham_2026_Paper2_amended,para,theclimateandcombinedcon,9,docs/papers/paper_2/Hollingham_2026_Paper2_amended.pdf,2026-10-07T20:12Z,1
Hollingham_2026_Paper2_amended,para,thecwbclearfellinteracti,10,docs/papers/paper_2/Hollingham_2026_Paper2_amended.pdf,2026-10-07T20:12Z,1
Hollingham_2026_Paper2_amended,para,figure3forestcontrolbaci,10,docs/papers/paper_2/Hollingham_2026_Paper2_amended.pdf,2026-10-07T20:12Z,1
Hollingham_2026_Paper2_amended,para,theabsorbeddifferentiali,10,docs/papers/paper_2/Hollingham_2026_Paper2_amended.pdf,2026-10-07T20:12Z,1
Hollingham_2026_Paper2_amended,para,nosignificantclearfellef,10,docs/papers/paper_2/Hollingham_2026_Paper2_amended.pdf,2026-10-07T20:12Z,1
Hollingham_2026_Paper2_amended,heading,4.2.2 Summer minima,10,docs/papers/paper_2/Hollingham_2026_Paper2_amended.pdf,2026-10-07T20:12Z,1
Hollingham_2026_Paper2_amended,para,figure4summerminimumdept,11,docs/papers/paper_2/Hollingham_2026_Paper2_amended.pdf,2026-10-07T20:12Z,1
Hollingham_2026_Paper2_amended,para,fittingthessmseparatelyt,11,docs/papers/paper_2/Hollingham_2026_Paper2_amended.pdf,2026-10-07T20:12Z,1
Hollingham_2026_Paper2_amended,heading,4.2.3 Coefficient decomposition,11,docs/papers/paper_2/Hollingham_2026_Paper2_amended.pdf,2026-10-07T20:12Z,1
Hollingham_2026_Paper2_amended,para,thetwoanalysesarereconci,12,docs/papers/paper_2/Hollingham_2026_Paper2_amended.pdf,2026-10-07T20:12Z,1
Hollingham_2026_Paper2_amended,para,figure5beforeandaftercle,14,docs/papers/paper_2/Hollingham_2026_Paper2_amended.pdf,2026-10-07T20:12Z,1
Hollingham_2026_Paper2_amended,para,fourindependentmethodsre,14,docs/papers/paper_2/Hollingham_2026_Paper2_amended.pdf,2026-10-07T20:12Z,1
Hollingham_2026_Paper2_amended,heading,4.2.4 Robustness,14,docs/papers/paper_2/Hollingham_2026_Paper2_amended.pdf,2026-10-07T20:12Z,1
Hollingham_2026_Paper2_amended,para,thescenarioframeworkeval,15,docs/papers/paper_2/Hollingham_2026_Paper2_amended.pdf,2026-10-07T20:12Z,1
Hollingham_2026_Paper2_amended,heading,4.3 Forest-management scenarios,15,docs/papers/paper_2/Hollingham_2026_Paper2_amended.pdf,2026-10-07T20:12Z,1
Hollingham_2026_Paper2_amended,para,c4capturesalargerperarea,15,docs/papers/paper_2/Hollingham_2026_Paper2_amended.pdf,2026-10-07T20:12Z,1
Hollingham_2026_Paper2_amended,para,figure6forestmanagementa,15,docs/papers/paper_2/Hollingham_2026_Paper2_amended.pdf,2026-10-07T20:12Z,1
Hollingham_2026_Paper2_amended,para,table1threecounterfactua,16,docs/papers/paper_2/Hollingham_2026_Paper2_amended.pdf,2026-10-07T20:12Z,1
Hollingham_2026_Paper2_amended,para,forestimpact010800210237,16,docs/papers/paper_2/Hollingham_2026_Paper2_amended.pdf,2026-10-07T20:12Z,1
Hollingham_2026_Paper2_amended,para,scrapingcreatesatopograp,16,docs/papers/paper_2/Hollingham_2026_Paper2_amended.pdf,2026-10-07T20:12Z,1
Hollingham_2026_Paper2_amended,heading,5. Discussion,16,docs/papers/paper_2/Hollingham_2026_Paper2_amended.pdf,2026-10-07T20:12Z,1
Hollingham_2026_Paper2_amended,heading,5.1 Dune scraping,16,docs/papers/paper_2/Hollingham_2026_Paper2_amended.pdf,2026-10-07T20:12Z,1
Hollingham_2026_Paper2_amended,heading,5.1.1 Measured benefit and durability,16,docs/papers/paper_2/Hollingham_2026_Paper2_amended.pdf,2026-10-07T20:12Z,1
Hollingham_2026_Paper2_amended,para,themechanismbywhichscrap,17,docs/papers/paper_2/Hollingham_2026_Paper2_amended.pdf,2026-10-07T20:12Z,1
Hollingham_2026_Paper2_amended,heading,5.1.2 Coastal-erosion analogy and the cascade risk,17,docs/papers/paper_2/Hollingham_2026_Paper2_amended.pdf,2026-10-07T20:12Z,1
Hollingham_2026_Paper2_amended,para,thiscarriesamanagementim,17,docs/papers/paper_2/Hollingham_2026_Paper2_amended.pdf,2026-10-07T20:12Z,1
Hollingham_2026_Paper2_amended,para,placingtheinterventionso,17,docs/papers/paper_2/Hollingham_2026_Paper2_amended.pdf,2026-10-07T20:12Z,1
Hollingham_2026_Paper2_amended,para,thepropagationtimescalei,18,docs/papers/paper_2/Hollingham_2026_Paper2_amended.pdf,2026-10-07T20:12Z,1
Hollingham_2026_Paper2_amended,heading,5.1.3 Timescale,18,docs/papers/paper_2/Hollingham_2026_Paper2_amended.pdf,2026-10-07T20:12Z,1
Hollingham_2026_Paper2_amended,para,theclearfellismostdirect,18,docs/papers/paper_2/Hollingham_2026_Paper2_amended.pdf,2026-10-07T20:12Z,1
Hollingham_2026_Paper2_amended,heading,5.2 The clearfell experiment,18,docs/papers/paper_2/Hollingham_2026_Paper2_amended.pdf,2026-10-07T20:12Z,1
Hollingham_2026_Paper2_amended,heading,5.2.1 A winter-recharge intervention,18,docs/papers/paper_2/Hollingham_2026_Paper2_amended.pdf,2026-10-07T20:12Z,1
Hollingham_2026_Paper2_amended,para,onesensitivitybearsonhow,18,docs/papers/paper_2/Hollingham_2026_Paper2_amended.pdf,2026-10-07T20:12Z,1
Hollingham_2026_Paper2_amended,para,therobustnesssetdoesnota,19,docs/papers/paper_2/Hollingham_2026_Paper2_amended.pdf,2026-10-07T20:12Z,1
Hollingham_2026_Paper2_amended,para,thefelledwellscoefficien,19,docs/papers/paper_2/Hollingham_2026_Paper2_amended.pdf,2026-10-07T20:12Z,1
Hollingham_2026_Paper2_amended,para,anempiricalcomparisonoff,19,docs/papers/paper_2/Hollingham_2026_Paper2_amended.pdf,2026-10-07T20:12Z,1
Hollingham_2026_Paper2_amended,para,earlierattributionsofwat,19,docs/papers/paper_2/Hollingham_2026_Paper2_amended.pdf,2026-10-07T20:12Z,1
Hollingham_2026_Paper2_amended,heading,5.2.2 Reinterpreting the historical baseline,19,docs/papers/paper_2/Hollingham_2026_Paper2_amended.pdf,2026-10-07T20:12Z,1
Hollingham_2026_Paper2_amended,para,thescenarioframeworkpred,20,docs/papers/paper_2/Hollingham_2026_Paper2_amended.pdf,2026-10-07T20:12Z,1
Hollingham_2026_Paper2_amended,heading,5.2.3 The C5 model--observation discrepancy,20,docs/papers/paper_2/Hollingham_2026_Paper2_amended.pdf,2026-10-07T20:12Z,1
Hollingham_2026_Paper2_amended,para,theforestfunctionsasboth,20,docs/papers/paper_2/Hollingham_2026_Paper2_amended.pdf,2026-10-07T20:12Z,1
Hollingham_2026_Paper2_amended,heading,5.3 Hydrological role of the plantation,20,docs/papers/paper_2/Hollingham_2026_Paper2_amended.pdf,2026-10-07T20:12Z,1
Hollingham_2026_Paper2_amended,para,thefellingtestsbothroles,21,docs/papers/paper_2/Hollingham_2026_Paper2_amended.pdf,2026-10-07T20:12Z,1
Hollingham_2026_Paper2_amended,para,thatcontroltierbehaveddi,21,docs/papers/paper_2/Hollingham_2026_Paper2_amended.pdf,2026-10-07T20:12Z,1
Hollingham_2026_Paper2_amended,para,awarmerwinterincreaseinc,21,docs/papers/paper_2/Hollingham_2026_Paper2_amended.pdf,2026-10-07T20:12Z,1
Hollingham_2026_Paper2_amended,para,adirectobservationaltest,22,docs/papers/paper_2/Hollingham_2026_Paper2_amended.pdf,2026-10-07T20:12Z,1
Hollingham_2026_Paper2_amended,para,wealsonoteaslowerprocess,22,docs/papers/paper_2/Hollingham_2026_Paper2_amended.pdf,2026-10-07T20:12Z,1
Hollingham_2026_Paper2_amended,para,acentralmanagementquesti,22,docs/papers/paper_2/Hollingham_2026_Paper2_amended.pdf,2026-10-07T20:12Z,1
Hollingham_2026_Paper2_amended,heading,5.4 The reach of forest management,22,docs/papers/paper_2/Hollingham_2026_Paper2_amended.pdf,2026-10-07T20:12Z,1
Hollingham_2026_Paper2_amended,para,figure7steadystatedrawdo,23,docs/papers/paper_2/Hollingham_2026_Paper2_amended.pdf,2026-10-07T20:12Z,1
Hollingham_2026_Paper2_amended,para,theclusterswherethestake,23,docs/papers/paper_2/Hollingham_2026_Paper2_amended.pdf,2026-10-07T20:12Z,1
Hollingham_2026_Paper2_amended,para,threeconclusionsformanag,24,docs/papers/paper_2/Hollingham_2026_Paper2_amended.pdf,2026-10-07T20:12Z,1
Hollingham_2026_Paper2_amended,heading,5.5 Implications for restoration and monitoring,24,docs/papers/paper_2/Hollingham_2026_Paper2_amended.pdf,2026-10-07T20:12Z,1
Hollingham_2026_Paper2_amended,para,twopointsfollowformonito,24,docs/papers/paper_2/Hollingham_2026_Paper2_amended.pdf,2026-10-07T20:12Z,1
Hollingham_2026_Paper2_amended,para,figure8modelledsteadysta,25,docs/papers/paper_2/Hollingham_2026_Paper2_amended.pdf,2026-10-07T20:12Z,1
Hollingham_2026_Paper2_amended,para,underlyingallthreeistheb,25,docs/papers/paper_2/Hollingham_2026_Paper2_amended.pdf,2026-10-07T20:12Z,1
Hollingham_2026_Paper2_amended,para,newboroughisaparticulars,26,docs/papers/paper_2/Hollingham_2026_Paper2_amended.pdf,2026-10-07T20:12Z,1
Hollingham_2026_Paper2_amended,heading,5.6 Transferability to other dune systems,26,docs/papers/paper_2/Hollingham_2026_Paper2_amended.pdf,2026-10-07T20:12Z,1
Hollingham_2026_Paper2_amended,para,theseasonalpartitionofth,26,docs/papers/paper_2/Hollingham_2026_Paper2_amended.pdf,2026-10-07T20:12Z,1
Hollingham_2026_Paper2_amended,para,thesecondisscrapingasrel,26,docs/papers/paper_2/Hollingham_2026_Paper2_amended.pdf,2026-10-07T20:12Z,1
Hollingham_2026_Paper2_amended,para,thethirdistheerosionanal,27,docs/papers/paper_2/Hollingham_2026_Paper2_amended.pdf,2026-10-07T20:12Z,1
Hollingham_2026_Paper2_amended,para,whatismostportablefinall,27,docs/papers/paper_2/Hollingham_2026_Paper2_amended.pdf,2026-10-07T20:12Z,1
Hollingham_2026_Paper2_amended,para,neitherinterventionwasra,27,docs/papers/paper_2/Hollingham_2026_Paper2_amended.pdf,2026-10-07T20:12Z,1
Hollingham_2026_Paper2_amended,heading,6. Limitations,27,docs/papers/paper_2/Hollingham_2026_Paper2_amended.pdf,2026-10-07T20:12Z,1
Hollingham_2026_Paper2_amended,para,a21yearmanualrecordandaf,28,docs/papers/paper_2/Hollingham_2026_Paper2_amended.pdf,2026-10-07T20:12Z,1
Hollingham_2026_Paper2_amended,heading,7. Conclusions,28,docs/papers/paper_2/Hollingham_2026_Paper2_amended.pdf,2026-10-07T20:12Z,1
Hollingham_2026_Paper2_amended,para,duringthepreparationofth,29,docs/papers/paper_2/Hollingham_2026_Paper2_amended.pdf,2026-10-07T20:12Z,1
Hollingham_2026_Paper2_amended,heading,Declaration of generative AI and AI-assisted technologies in the manuscript preparation process,29,docs/papers/paper_2/Hollingham_2026_Paper2_amended.pdf,2026-10-07T20:12Z,1
Hollingham_2026_Paper2_amended,para,betsonmrobinsnshulmepj20,29,docs/papers/paper_2/Hollingham_2026_Paper2_amended.pdf,2026-10-07T20:12Z,1
Hollingham_2026_Paper2_amended,heading,References,29,docs/papers/paper_2/Hollingham_2026_Paper2_amended.pdf,2026-10-07T20:12Z,1
Hollingham_2026_Paper2_amended,para,buglife2019coastalsanddu,29,docs/papers/paper_2/Hollingham_2026_Paper2_amended.pdf,2026-10-07T20:12Z,1
Hollingham_2026_Paper2_amended,para,clarkedsanitwongnaayutth,29,docs/papers/paper_2/Hollingham_2026_Paper2_amended.pdf,2026-10-07T20:12Z,1
Hollingham_2026_Paper2_amended,para,curreliawallacehfreemanc,29,docs/papers/paper_2/Hollingham_2026_Paper2_amended.pdf,2026-10-07T20:12Z,1
Hollingham_2026_Paper2_amended,para,freemans2008thehydrologi,29,docs/papers/paper_2/Hollingham_2026_Paper2_amended.pdf,2026-10-07T20:12Z,1
Hollingham_2026_Paper2_amended,para,gebhardtthberlekhmatysse,29,docs/papers/paper_2/Hollingham_2026_Paper2_amended.pdf,2026-10-07T20:12Z,1
Hollingham_2026_Paper2_amended,para,grootjansapgeelenhwtjans,29,docs/papers/paper_2/Hollingham_2026_Paper2_amended.pdf,2026-10-07T20:12Z,1
Hollingham_2026_Paper2_amended,para,hollinghamm2026aaparamet,29,docs/papers/paper_2/Hollingham_2026_Paper2_amended.pdf,2026-10-07T20:12Z,1
Hollingham_2026_Paper2_amended,para,hollinghamm2026cwhichqua,30,docs/papers/paper_2/Hollingham_2026_Paper2_amended.pdf,2026-10-07T20:12Z,1
Hollingham_2026_Paper2_amended,para,hollinghamm2026dhydrogeo,30,docs/papers/paper_2/Hollingham_2026_Paper2_amended.pdf,2026-10-07T20:12Z,1
Hollingham_2026_Paper2_amended,para,hollinghamm2026enewborou,30,docs/papers/paper_2/Hollingham_2026_Paper2_amended.pdf,2026-10-07T20:12Z,1
Hollingham_2026_Paper2_amended,para,denninglpughmpittsvdynam,30,docs/papers/paper_2/Hollingham_2026_Paper2_amended.pdf,2026-10-07T20:12Z,1
Hollingham_2026_Paper2_amended,para,komatsuhkumetotsukik2011,30,docs/papers/paper_2/Hollingham_2026_Paper2_amended.pdf,2026-10-07T20:12Z,1
Hollingham_2026_Paper2_amended,para,robinsnspyekwallaceh2013,30,docs/papers/paper_2/Hollingham_2026_Paper2_amended.pdf,2026-10-07T20:12Z,1
Hollingham_2026_Paper2_amended,para,royvplamondonapbernierpy,30,docs/papers/paper_2/Hollingham_2026_Paper2_amended.pdf,2026-10-07T20:12Z,1
Hollingham_2026_Paper2_amended,para,sungriekerkhkornhaklv200,30,docs/papers/paper_2/Hollingham_2026_Paper2_amended.pdf,2026-10-07T20:12Z,1
Hollingham_2026_Paper2_amended,para,vanwillegenletal2025dune,30,docs/papers/paper_2/Hollingham_2026_Paper2_amended.pdf,2026-10-07T20:12Z,1
public_summary_CY,para,crynodebmewniaithgliroas,1,docs/public_summaries/Niwbwrch_Crynodeb_Cyhoeddus.pdf,2026-10-04T11:43Z,1
public_summary_CY,heading,Cwningar Niwbwrch: beth sy'n digwydd i lefel y dŵr yn y twyni,1,docs/public_summaries/Niwbwrch_Crynodeb_Cyhoeddus.pdf,2026-10-04T11:43Z,1
public_summary_CY,para,ymmhantiaullaithytwyniyl,1,docs/public_summaries/Niwbwrch_Crynodeb_Cyhoeddus.pdf,2026-10-04T11:43Z,1
public_summary_CY,heading,Pam mae lefel y dŵr yn bwysig,1,docs/public_summaries/Niwbwrch_Crynodeb_Cyhoeddus.pdf,2026-10-04T11:43Z,1
public_summary_CY,para,am21mlyneddmaerastudiaet,1,docs/public_summaries/Niwbwrch_Crynodeb_Cyhoeddus.pdf,2026-10-04T11:43Z,1
public_summary_CY,para,maedaurymyntynnulefelydr,1,docs/public_summaries/Niwbwrch_Crynodeb_Cyhoeddus.pdf,2026-10-04T11:43Z,1
public_summary_CY,heading,"Y prif neges: dau bwysau mawr, y ddau'n fwy na dim y gall rheolaeth ei wneud",1,docs/public_summaries/Niwbwrch_Crynodeb_Cyhoeddus.pdf,2026-10-04T11:43Z,1
public_summary_CY,para,hinsawddyruncysonardraws,1,docs/public_summaries/Niwbwrch_Crynodeb_Cyhoeddus.pdf,2026-10-04T11:43Z,1
public_summary_CY,para,erydiadarfordirolyruncud,1,docs/public_summaries/Niwbwrch_Crynodeb_Cyhoeddus.pdf,2026-10-04T11:43Z,1
public_summary_CY,para,llemaerddauncwrddwrthyla,1,docs/public_summaries/Niwbwrch_Crynodeb_Cyhoeddus.pdf,2026-10-04T11:43Z,1
public_summary_CY,para,nodynamsicrwyddmaemainty,2,docs/public_summaries/Niwbwrch_Crynodeb_Cyhoeddus.pdf,2026-10-04T11:43Z,1
public_summary_CY,para,ffigur1arfordirahinsawdd,2,docs/public_summaries/Niwbwrch_Crynodeb_Cyhoeddus.pdf,2026-10-04T11:43Z,1
public_summary_CY,para,cliriorgoedwigcododdcwym,2,docs/public_summaries/Niwbwrch_Crynodeb_Cyhoeddus.pdf,2026-10-04T11:43Z,1
public_summary_CY,heading,"Mae rheolaeth yn helpu --- ond mae'n gyfyngedig, a gall un offeryn wneud niwed",2,docs/public_summaries/Niwbwrch_Crynodeb_Cyhoeddus.pdf,2026-10-04T11:43Z,1
public_summary_CY,para,crafullaciaumaecrafutynn,2,docs/public_summaries/Niwbwrch_Crynodeb_Cyhoeddus.pdf,2026-10-04T11:43Z,1
public_summary_CY,para,maerddauymyriadynlleolma,2,docs/public_summaries/Niwbwrch_Crynodeb_Cyhoeddus.pdf,2026-10-04T11:43Z,1
public_summary_CY,para,ffigur2bethmaerheolaethy,3,docs/public_summaries/Niwbwrch_Crynodeb_Cyhoeddus.pdf,2026-10-04T11:43Z,1
public_summary_CY,para,wrthilefelydrostwngmaeri,3,docs/public_summaries/Niwbwrch_Crynodeb_Cyhoeddus.pdf,2026-10-04T11:43Z,1
public_summary_CY,heading,Mae'r broblem yn mynd yn anos ei gweld,3,docs/public_summaries/Niwbwrch_Crynodeb_Cyhoeddus.pdf,2026-10-04T11:43Z,1
public_summary_CY,para,maerllaciaubregusarochrd,3,docs/public_summaries/Niwbwrch_Crynodeb_Cyhoeddus.pdf,2026-10-04T11:43Z,1
public_summary_CY,heading,Mae'r ffenestr yn cau,3,docs/public_summaries/Niwbwrch_Crynodeb_Cyhoeddus.pdf,2026-10-04T11:43Z,1
public_summary_CY,para,maerastudiaethynrhoiseto,3,docs/public_summaries/Niwbwrch_Crynodeb_Cyhoeddus.pdf,2026-10-04T11:43Z,1
public_summary_CY,heading,Beth mae hyn yn ei adael i'r rhai sy'n rheoli'r twyni,3,docs/public_summaries/Niwbwrch_Crynodeb_Cyhoeddus.pdf,2026-10-04T11:43Z,1
public_summary_CY,para,mapcyraeddadwyeddffynnon,3,docs/public_summaries/Niwbwrch_Crynodeb_Cyhoeddus.pdf,2026-10-04T11:43Z,1
public_summary_CY,para,maellaciauniwbwrchdandda,4,docs/public_summaries/Niwbwrch_Crynodeb_Cyhoeddus.pdf,2026-10-04T11:43Z,1
public_summary_CY,heading,Y llinell waelod,4,docs/public_summaries/Niwbwrch_Crynodeb_Cyhoeddus.pdf,2026-10-04T11:43Z,1
public_summary_CY,para,maercrynodebhwnynseilied,4,docs/public_summaries/Niwbwrch_Crynodeb_Cyhoeddus.pdf,2026-10-04T11:43Z,1
public_summary_CY,heading,Rhagor o wybodaeth,4,docs/public_summaries/Niwbwrch_Crynodeb_Cyhoeddus.pdf,2026-10-04T11:43Z,1
public_summary_CY,para,hollinghamm2026hydrogeol,4,docs/public_summaries/Niwbwrch_Crynodeb_Cyhoeddus.pdf,2026-10-04T11:43Z,1
public_summary_CY,para,maeradroddiadeihunynghyd,4,docs/public_summaries/Niwbwrch_Crynodeb_Cyhoeddus.pdf,2026-10-04T11:43Z,1
public_summary_CY,para,httpsnewbromangithubione,4,docs/public_summaries/Niwbwrch_Crynodeb_Cyhoeddus.pdf,2026-10-04T11:43Z,1
public_summary_CY,para,amyrastudiaethrhaglenmon,4,docs/public_summaries/Niwbwrch_Crynodeb_Cyhoeddus.pdf,2026-10-04T11:43Z,1
public_summary_CY,para,drafftynarosamadolygiadi,4,docs/public_summaries/Niwbwrch_Crynodeb_Cyhoeddus.pdf,2026-10-04T11:43Z,1
public_summary_EN,para,newboroughwarrenwhatisha,1,docs/public_summaries/Newborough_Warren_Public_Summary.pdf,2026-10-04T11:43Z,1
public_summary_EN,para,aplainlanguagesummaryofa,1,docs/public_summaries/Newborough_Warren_Public_Summary.pdf,2026-10-04T11:43Z,1
public_summary_EN,heading,Newborough Warren: what is happening to the dune water table,1,docs/public_summaries/Newborough_Warren_Public_Summary.pdf,2026-10-04T11:43Z,1
public_summary_EN,para,newboroughwarrenswildlif,1,docs/public_summaries/Newborough_Warren_Public_Summary.pdf,2026-10-04T11:43Z,1
public_summary_EN,heading,Why the water table matters,1,docs/public_summaries/Newborough_Warren_Public_Summary.pdf,2026-10-04T11:43Z,1
public_summary_EN,para,for21yearsthisstudyhasfo,1,docs/public_summaries/Newborough_Warren_Public_Summary.pdf,2026-10-04T11:43Z,1
public_summary_EN,para,twoforcesarepullingthewa,1,docs/public_summaries/Newborough_Warren_Public_Summary.pdf,2026-10-04T11:43Z,1
public_summary_EN,heading,"The headline: two big pressures, both larger than anything management can do",1,docs/public_summaries/Newborough_Warren_Public_Summary.pdf,2026-10-04T11:43Z,1
public_summary_EN,para,climatethesteadyoneright,1,docs/public_summaries/Newborough_Warren_Public_Summary.pdf,2026-10-04T11:43Z,1
public_summary_EN,para,coastalerosionthesleeper,1,docs/public_summaries/Newborough_Warren_Public_Summary.pdf,2026-10-04T11:43Z,1
public_summary_EN,para,wherethetwomeetneartheco,1,docs/public_summaries/Newborough_Warren_Public_Summary.pdf,2026-10-04T11:43Z,1
public_summary_EN,para,anoteoncertaintythesizeo,2,docs/public_summaries/Newborough_Warren_Public_Summary.pdf,2026-10-04T11:43Z,1
public_summary_EN,para,figure1coastandclimateth,2,docs/public_summaries/Newborough_Warren_Public_Summary.pdf,2026-10-04T11:43Z,1
public_summary_EN,para,clearingtheforestfelling,2,docs/public_summaries/Newborough_Warren_Public_Summary.pdf,2026-10-04T11:43Z,1
public_summary_EN,heading,"Management helps --- but it is limited, and one tool can backfire",2,docs/public_summaries/Newborough_Warren_Public_Summary.pdf,2026-10-04T11:43Z,1
public_summary_EN,para,scrapingslacksscrapingst,2,docs/public_summaries/Newborough_Warren_Public_Summary.pdf,2026-10-04T11:43Z,1
public_summary_EN,para,bothinterventionsareloca,2,docs/public_summaries/Newborough_Warren_Public_Summary.pdf,2026-10-04T11:43Z,1
public_summary_EN,para,figure2whatmanagementdoe,3,docs/public_summaries/Newborough_Warren_Public_Summary.pdf,2026-10-04T11:43Z,1
public_summary_EN,para,asthewatertablefallsthes,3,docs/public_summaries/Newborough_Warren_Public_Summary.pdf,2026-10-04T11:43Z,1
public_summary_EN,heading,The problem is getting harder to see,3,docs/public_summaries/Newborough_Warren_Public_Summary.pdf,2026-10-04T11:43Z,1
public_summary_EN,para,thevulnerableslacksonthe,3,docs/public_summaries/Newborough_Warren_Public_Summary.pdf,2026-10-04T11:43Z,1
public_summary_EN,heading,The window is closing,3,docs/public_summaries/Newborough_Warren_Public_Summary.pdf,2026-10-04T11:43Z,1
public_summary_EN,para,thestudyhandsthepeoplewh,3,docs/public_summaries/Newborough_Warren_Public_Summary.pdf,2026-10-04T11:43Z,1
public_summary_EN,heading,What this leaves for the people managing the dunes,3,docs/public_summaries/Newborough_Warren_Public_Summary.pdf,2026-10-04T11:43Z,1
public_summary_EN,para,anachievabilitymapwellby,3,docs/public_summaries/Newborough_Warren_Public_Summary.pdf,2026-10-04T11:43Z,1
public_summary_EN,para,newboroughsslacksareunde,4,docs/public_summaries/Newborough_Warren_Public_Summary.pdf,2026-10-04T11:43Z,1
public_summary_EN,heading,The bottom line,4,docs/public_summaries/Newborough_Warren_Public_Summary.pdf,2026-10-04T11:43Z,1
public_summary_EN,para,thissummarydrawsontheful,4,docs/public_summaries/Newborough_Warren_Public_Summary.pdf,2026-10-04T11:43Z,1
public_summary_EN,heading,Further information,4,docs/public_summaries/Newborough_Warren_Public_Summary.pdf,2026-10-04T11:43Z,1
public_summary_EN,para,hollinghamm2026hydrogeol,4,docs/public_summaries/Newborough_Warren_Public_Summary.pdf,2026-10-04T11:43Z,1
public_summary_EN,para,thereportitselftogetherw,4,docs/public_summaries/Newborough_Warren_Public_Summary.pdf,2026-10-04T11:43Z,1
public_summary_EN,para,httpsnewbromangithubione,4,docs/public_summaries/Newborough_Warren_Public_Summary.pdf,2026-10-04T11:43Z,1
public_summary_EN,para,aboutthisstudyanindepend,4,docs/public_summaries/Newborough_Warren_Public_Summary.pdf,2026-10-04T11:43Z,1
public_summary_PL,para,przystpnepodsumowanie21l,1,docs/public_summaries/Newborough_Warren_Podsumowanie.pdf,2026-10-04T11:43Z,1
public_summary_PL,heading,Newborough Warren: co dzieje się z poziomem wód gruntowych w wydmach,1,docs/public_summaries/Newborough_Warren_Podsumowanie.pdf,2026-10-04T11:43Z,1
public_summary_PL,para,bogactwoprzyrodniczenewb,1,docs/public_summaries/Newborough_Warren_Podsumowanie.pdf,2026-10-04T11:43Z,1
public_summary_PL,heading,Dlaczego poziom wód gruntowych ma znaczenie,1,docs/public_summaries/Newborough_Warren_Podsumowanie.pdf,2026-10-04T11:43Z,1
public_summary_PL,para,przez21latbadanieledziop,1,docs/public_summaries/Newborough_Warren_Podsumowanie.pdf,2026-10-04T11:43Z,1
public_summary_PL,para,dwiesiyobniajpoziomwdgru,1,docs/public_summaries/Newborough_Warren_Podsumowanie.pdf,2026-10-04T11:43Z,1
public_summary_PL,heading,"Najważniejsze: dwie duże presje, obie większe niż cokolwiek, co może zrobić zarządzanie",1,docs/public_summaries/Newborough_Warren_Podsumowanie.pdf,2026-10-04T11:43Z,1
public_summary_PL,para,klimattenstaywcaymtereni,1,docs/public_summaries/Newborough_Warren_Podsumowanie.pdf,2026-10-04T11:43Z,1
public_summary_PL,para,erozjawybrzeataukrytatam,1,docs/public_summaries/Newborough_Warren_Podsumowanie.pdf,2026-10-04T11:43Z,1
public_summary_PL,para,gdziesispotykajprzybrzeg,1,docs/public_summaries/Newborough_Warren_Podsumowanie.pdf,2026-10-04T11:43Z,1
public_summary_PL,para,uwagaopewnociwielkoefekt,1,docs/public_summaries/Newborough_Warren_Podsumowanie.pdf,2026-10-04T11:43Z,1
public_summary_PL,para,rycina1wybrzeeiklimatdwa,2,docs/public_summaries/Newborough_Warren_Podsumowanie.pdf,2026-10-04T11:43Z,1
public_summary_PL,para,wycinkalasuwycicieplanta,2,docs/public_summaries/Newborough_Warren_Podsumowanie.pdf,2026-10-04T11:43Z,1
public_summary_PL,heading,"Zarządzanie pomaga --- ale jest ograniczone, a jedno narzędzie może przynieść odwrotny skutek",2,docs/public_summaries/Newborough_Warren_Podsumowanie.pdf,2026-10-04T11:43Z,1
public_summary_PL,para,zdzieranieniecekscraping,2,docs/public_summaries/Newborough_Warren_Podsumowanie.pdf,2026-10-04T11:43Z,1
public_summary_PL,para,obieinterwencjeslokalnez,2,docs/public_summaries/Newborough_Warren_Podsumowanie.pdf,2026-10-04T11:43Z,1
public_summary_PL,para,rycina2corobizarzdzaniez,3,docs/public_summaries/Newborough_Warren_Podsumowanie.pdf,2026-10-04T11:43Z,1
public_summary_PL,para,wmiarobnianiasipoziomuwo,3,docs/public_summaries/Newborough_Warren_Podsumowanie.pdf,2026-10-04T11:43Z,1
public_summary_PL,heading,Problem staje się coraz trudniejszy do zaobserwowania,3,docs/public_summaries/Newborough_Warren_Podsumowanie.pdf,2026-10-04T11:43Z,1
public_summary_PL,para,wraliwenieckipowschodnie,3,docs/public_summaries/Newborough_Warren_Podsumowanie.pdf,2026-10-04T11:43Z,1
public_summary_PL,heading,Okno możliwości się zamyka,3,docs/public_summaries/Newborough_Warren_Podsumowanie.pdf,2026-10-04T11:43Z,1
public_summary_PL,para,badaniepozostawiaosobomo,3,docs/public_summaries/Newborough_Warren_Podsumowanie.pdf,2026-10-04T11:43Z,1
public_summary_PL,heading,Co to daje osobom zarządzającym wydmami,3,docs/public_summaries/Newborough_Warren_Podsumowanie.pdf,2026-10-04T11:43Z,1
public_summary_PL,para,mapaosigalnocistudzienka,3,docs/public_summaries/Newborough_Warren_Podsumowanie.pdf,2026-10-04T11:43Z,1
public_summary_PL,para,nieckinewboroughznajdujs,4,docs/public_summaries/Newborough_Warren_Podsumowanie.pdf,2026-10-04T11:43Z,1
public_summary_PL,heading,Podsumowanie,4,docs/public_summaries/Newborough_Warren_Podsumowanie.pdf,2026-10-04T11:43Z,1
public_summary_PL,para,niniejszepodsumowanieopi,4,docs/public_summaries/Newborough_Warren_Podsumowanie.pdf,2026-10-04T11:43Z,1
public_summary_PL,heading,Więcej informacji,4,docs/public_summaries/Newborough_Warren_Podsumowanie.pdf,2026-10-04T11:43Z,1
public_summary_PL,para,hollinghamm2026hydrogeol,4,docs/public_summaries/Newborough_Warren_Podsumowanie.pdf,2026-10-04T11:43Z,1
public_summary_PL,para,samraportwrazzinteraktyw,4,docs/public_summaries/Newborough_Warren_Podsumowanie.pdf,2026-10-04T11:43Z,1
public_summary_PL,para,httpsnewbromangithubione,4,docs/public_summaries/Newborough_Warren_Podsumowanie.pdf,2026-10-04T11:43Z,1
public_summary_PL,para,obadaniuniezaleny21letni,4,docs/public_summaries/Newborough_Warren_Podsumowanie.pdf,2026-10-04T11:43Z,1
public_summary_PL,para,wersjaroboczaoczekujenas,4,docs/public_summaries/Newborough_Warren_Podsumowanie.pdf,2026-10-04T11:43Z,1
Newborough_Methods_Supplement,para,hollingham2026hydrogeolo,8,docs/report/Newborough_Methods_Supplement.pdf,2026-10-09T06:39Z,1
Newborough_Methods_Supplement,heading,Newborough Warren Methods Supplement,8,docs/report/Newborough_Methods_Supplement.pdf,2026-10-09T06:39Z,1
Newborough_Methods_Supplement,para,thisdocumentaccompaniesr,8,docs/report/Newborough_Methods_Supplement.pdf,2026-10-09T06:39Z,1
Newborough_Methods_Supplement,para,documentversion2094octob,8,docs/report/Newborough_Methods_Supplement.pdf,2026-10-09T06:39Z,1
Newborough_Methods_Supplement,para,runanalysispy60registere,8,docs/report/Newborough_Methods_Supplement.pdf,2026-10-09T06:39Z,1
Newborough_Methods_Supplement,heading,Pipeline at a glance,8,docs/report/Newborough_Methods_Supplement.pdf,2026-10-09T06:39Z,1
Newborough_Methods_Supplement,para,displayutilitystepsalsod,9,docs/report/Newborough_Methods_Supplement.pdf,2026-10-09T06:39Z,1
Newborough_Methods_Supplement,para,subrunnersrun09scrapingp,9,docs/report/Newborough_Methods_Supplement.pdf,2026-10-09T06:39Z,1
Newborough_Methods_Supplement,para,themainreports3methodsis,9,docs/report/Newborough_Methods_Supplement.pdf,2026-10-09T06:39Z,1
Newborough_Methods_Supplement,heading,F.1 Scope and audience,9,docs/report/Newborough_Methods_Supplement.pdf,2026-10-09T06:39Z,1
Newborough_Methods_Supplement,para,thissupplementisforthose,9,docs/report/Newborough_Methods_Supplement.pdf,2026-10-09T06:39Z,1
Newborough_Methods_Supplement,para,thesupplementcoversthere,9,docs/report/Newborough_Methods_Supplement.pdf,2026-10-09T06:39Z,1
Newborough_Methods_Supplement,para,thisdocumentisnotatutori,10,docs/report/Newborough_Methods_Supplement.pdf,2026-10-09T06:39Z,1
Newborough_Methods_Supplement,para,therelationshipbetweenth,10,docs/report/Newborough_Methods_Supplement.pdf,2026-10-09T06:39Z,1
Newborough_Methods_Supplement,para,docsreportreportpdfthepr,10,docs/report/Newborough_Methods_Supplement.pdf,2026-10-09T06:39Z,1
Newborough_Methods_Supplement,para,crossreferencesworkinbot,10,docs/report/Newborough_Methods_Supplement.pdf,2026-10-09T06:39Z,1
Newborough_Methods_Supplement,para,wherethissupplementandth,10,docs/report/Newborough_Methods_Supplement.pdf,2026-10-09T06:39Z,1
Newborough_Methods_Supplement,para,the88welldipwellnetworki,10,docs/report/Newborough_Methods_Supplement.pdf,2026-10-09T06:39Z,1
Newborough_Methods_Supplement,heading,"F.2 Field protocol, bucketing convention, and date semantics",10,docs/report/Newborough_Methods_Supplement.pdf,2026-10-09T06:39Z,1
Newborough_Methods_Supplement,para,climatedatafromrafvalley,10,docs/report/Newborough_Methods_Supplement.pdf,2026-10-09T06:39Z,1
Newborough_Methods_Supplement,para,readingsonphysicaldatesd,11,docs/report/Newborough_Methods_Supplement.pdf,2026-10-09T06:39Z,1
Newborough_Methods_Supplement,heading,Bucketing,11,docs/report/Newborough_Methods_Supplement.pdf,2026-10-09T06:39Z,1
Newborough_Methods_Supplement,para,thisbucketingisimplement,11,docs/report/Newborough_Methods_Supplement.pdf,2026-10-09T06:39Z,1
Newborough_Methods_Supplement,para,beforeapril2026script01b,11,docs/report/Newborough_Methods_Supplement.pdf,2026-10-09T06:39Z,1
Newborough_Methods_Supplement,heading,History: why HEADLINE_LAG was 1 and is now 0,11,docs/report/Newborough_Methods_Supplement.pdf,2026-10-09T06:39Z,1
Newborough_Methods_Supplement,para,theapril2026bucketingfix,11,docs/report/Newborough_Methods_Supplement.pdf,2026-10-09T06:39Z,1
Newborough_Methods_Supplement,para,thetworegimesdonotagreee,11,docs/report/Newborough_Methods_Supplement.pdf,2026-10-09T06:39Z,1
Newborough_Methods_Supplement,para,themaodaboveordnancedatu,12,docs/report/Newborough_Methods_Supplement.pdf,2026-10-09T06:39Z,1
Newborough_Methods_Supplement,heading,Note on maOD invariance to ground-surface change,12,docs/report/Newborough_Methods_Supplement.pdf,2026-10-09T06:39Z,1
Newborough_Methods_Supplement,para,pipelineoutputcsvsretain,12,docs/report/Newborough_Methods_Supplement.pdf,2026-10-09T06:39Z,1
Newborough_Methods_Supplement,heading,Reporting dates in the report and supplement,12,docs/report/Newborough_Methods_Supplement.pdf,2026-10-09T06:39Z,1
Newborough_Methods_Supplement,para,mostofthesupplementrepor,12,docs/report/Newborough_Methods_Supplement.pdf,2026-10-09T06:39Z,1
Newborough_Methods_Supplement,heading,Hydrology year conventions,12,docs/report/Newborough_Methods_Supplement.pdf,2026-10-09T06:39Z,1
Newborough_Methods_Supplement,para,therowlabelled20070701fo,12,docs/report/Newborough_Methods_Supplement.pdf,2026-10-09T06:39Z,1
Newborough_Methods_Supplement,heading,Concrete example,12,docs/report/Newborough_Methods_Supplement.pdf,2026-10-09T06:39Z,1
Newborough_Methods_Supplement,para,thessmusesthisrowtoexpla,13,docs/report/Newborough_Methods_Supplement.pdf,2026-10-09T06:39Z,1
Newborough_Methods_Supplement,para,thestatespacemodelssmist,13,docs/report/Newborough_Methods_Supplement.pdf,2026-10-09T06:39Z,1
Newborough_Methods_Supplement,heading,F.3 The state-space model --- displacement formulation,13,docs/report/Newborough_Methods_Supplement.pdf,2026-10-09T06:39Z,1
Newborough_Methods_Supplement,para,htisthechangeinwatertabl,13,docs/report/Newborough_Methods_Supplement.pdf,2026-10-09T06:39Z,1
Newborough_Methods_Supplement,heading,Equation,13,docs/report/Newborough_Methods_Supplement.pdf,2026-10-09T06:39Z,1
Newborough_Methods_Supplement,para,thequantityzht1isthedisp,13,docs/report/Newborough_Methods_Supplement.pdf,2026-10-09T06:39Z,1
Newborough_Methods_Supplement,para,allthreevaluesarereporte,14,docs/report/Newborough_Methods_Supplement.pdf,2026-10-09T06:39Z,1
Newborough_Methods_Supplement,heading,Sign conventions,14,docs/report/Newborough_Methods_Supplement.pdf,2026-10-09T06:39Z,1
Newborough_Methods_Supplement,para,inthedesignmatrixconstru,14,docs/report/Newborough_Methods_Supplement.pdf,2026-10-09T06:39Z,1
Newborough_Methods_Supplement,para,thecolumnispapositivemea,14,docs/report/Newborough_Methods_Supplement.pdf,2026-10-09T06:39Z,1
Newborough_Methods_Supplement,para,twoofthesesignsarehardas,14,docs/report/Newborough_Methods_Supplement.pdf,2026-10-09T06:39Z,1
Newborough_Methods_Supplement,para,thedrainagetermusesthewa,14,docs/report/Newborough_Methods_Supplement.pdf,2026-10-09T06:39Z,1
Newborough_Methods_Supplement,heading,"Why *h(t−1)*, not *h(t)*",14,docs/report/Newborough_Methods_Supplement.pdf,2026-10-09T06:39Z,1
Newborough_Methods_Supplement,para,firsthtisthedependentvar,14,docs/report/Newborough_Methods_Supplement.pdf,2026-10-09T06:39Z,1
Newborough_Methods_Supplement,para,secondandphysicallydrain,14,docs/report/Newborough_Methods_Supplement.pdf,2026-10-09T06:39Z,1
Newborough_Methods_Supplement,para,whynotthewithinmonthmean,14,docs/report/Newborough_Methods_Supplement.pdf,2026-10-09T06:39Z,1
Newborough_Methods_Supplement,para,darcyinterpretationguard,15,docs/report/Newborough_Methods_Supplement.pdf,2026-10-09T06:39Z,1
Newborough_Methods_Supplement,para,theimplementationinmodel,15,docs/report/Newborough_Methods_Supplement.pdf,2026-10-09T06:39Z,1
Newborough_Methods_Supplement,para,whichproducesdisplacemen,15,docs/report/Newborough_Methods_Supplement.pdf,2026-10-09T06:39Z,1
Newborough_Methods_Supplement,para,drainagedatum37misthedep,15,docs/report/Newborough_Methods_Supplement.pdf,2026-10-09T06:39Z,1
Newborough_Methods_Supplement,heading,Drainage datum (3.7 m),15,docs/report/Newborough_Methods_Supplement.pdf,2026-10-09T06:39Z,1
Newborough_Methods_Supplement,para,theroleofthedatumistoshi,15,docs/report/Newborough_Methods_Supplement.pdf,2026-10-09T06:39Z,1
Newborough_Methods_Supplement,para,thedatumconventionisnoti,16,docs/report/Newborough_Methods_Supplement.pdf,2026-10-09T06:39Z,1
Newborough_Methods_Supplement,para,hisinvariantunderthechoi,16,docs/report/Newborough_Methods_Supplement.pdf,2026-10-09T06:39Z,1
Newborough_Methods_Supplement,para,perwelloptimaldatumswher,16,docs/report/Newborough_Methods_Supplement.pdf,2026-10-09T06:39Z,1
Newborough_Methods_Supplement,para,absoluteversussurfacefol,16,docs/report/Newborough_Methods_Supplement.pdf,2026-10-09T06:39Z,1
Newborough_Methods_Supplement,para,theauthoritativeimplemen,17,docs/report/Newborough_Methods_Supplement.pdf,2026-10-09T06:39Z,1
Newborough_Methods_Supplement,heading,Implementation: *model_utils.fit_ssm()*,17,docs/report/Newborough_Methods_Supplement.pdf,2026-10-09T06:39Z,1
Newborough_Methods_Supplement,para,fitssmhseriesclimatelagn,17,docs/report/Newborough_Methods_Supplement.pdf,2026-10-09T06:39Z,1
Newborough_Methods_Supplement,para,drainagedatumdrainagedat,17,docs/report/Newborough_Methods_Supplement.pdf,2026-10-09T06:39Z,1
Newborough_Methods_Supplement,para,provenancenoneexcludeint,17,docs/report/Newborough_Methods_Supplement.pdf,2026-10-09T06:39Z,1
Newborough_Methods_Supplement,para,fitssmintercepthseriescl,17,docs/report/Newborough_Methods_Supplement.pdf,2026-10-09T06:39Z,1
Newborough_Methods_Supplement,para,drainagedatumdrainagedat,17,docs/report/Newborough_Methods_Supplement.pdf,2026-10-09T06:39Z,1
Newborough_Methods_Supplement,para,provenancenoneexcludeint,17,docs/report/Newborough_Methods_Supplement.pdf,2026-10-09T06:39Z,1
Newborough_Methods_Supplement,para,withdefaultsthatproducet,17,docs/report/Newborough_Methods_Supplement.pdf,2026-10-09T06:39Z,1
Newborough_Methods_Supplement,para,theprovenanceandexcludei,18,docs/report/Newborough_Methods_Supplement.pdf,2026-10-09T06:39Z,1
Newborough_Methods_Supplement,para,theheadlinessmismodelano,18,docs/report/Newborough_Methods_Supplement.pdf,2026-10-09T06:39Z,1
Newborough_Methods_Supplement,heading,Two regimes: no-intercept (A) and with-intercept (B),18,docs/report/Newborough_Methods_Supplement.pdf,2026-10-09T06:39Z,1
Newborough_Methods_Supplement,para,modelbwithinterceptbisfi,18,docs/report/Newborough_Methods_Supplement.pdf,2026-10-09T06:39Z,1
Newborough_Methods_Supplement,para,assertphysicalsignsiscal,18,docs/report/Newborough_Methods_Supplement.pdf,2026-10-09T06:39Z,1
Newborough_Methods_Supplement,heading,Sanity-check assertions,18,docs/report/Newborough_Methods_Supplement.pdf,2026-10-09T06:39Z,1
Newborough_Methods_Supplement,para,theprincipleisthatthepip,18,docs/report/Newborough_Methods_Supplement.pdf,2026-10-09T06:39Z,1
Newborough_Methods_Supplement,para,allvaluesthatareconstant,18,docs/report/Newborough_Methods_Supplement.pdf,2026-10-09T06:39Z,1
Newborough_Methods_Supplement,heading,"F.4 Configuration, constants, and the cluster partition",18,docs/report/Newborough_Methods_Supplement.pdf,2026-10-09T06:39Z,1
Newborough_Methods_Supplement,para,thebwrenderingmodebwmode,20,docs/report/Newborough_Methods_Supplement.pdf,2026-10-09T06:39Z,1
Newborough_Methods_Supplement,heading,What is in *config.py*,20,docs/report/Newborough_Methods_Supplement.pdf,2026-10-09T06:39Z,1
Newborough_Methods_Supplement,para,thereferencenetworkispar,20,docs/report/Newborough_Methods_Supplement.pdf,2026-10-09T06:39Z,1
Newborough_Methods_Supplement,heading,The k=5 partition,20,docs/report/Newborough_Methods_Supplement.pdf,2026-10-09T06:39Z,1
Newborough_Methods_Supplement,para,02clusteringpycarriesacl,20,docs/report/Newborough_Methods_Supplement.pdf,2026-10-09T06:39Z,1
Newborough_Methods_Supplement,para,thek5partitionsupersedes,20,docs/report/Newborough_Methods_Supplement.pdf,2026-10-09T06:39Z,1
Newborough_Methods_Supplement,heading,Partition history,20,docs/report/Newborough_Methods_Supplement.pdf,2026-10-09T06:39Z,1
Newborough_Methods_Supplement,para,referencestoc6lakeortida,20,docs/report/Newborough_Methods_Supplement.pdf,2026-10-09T06:39Z,1
Newborough_Methods_Supplement,para,thisprinciplewarrantsits,21,docs/report/Newborough_Methods_Supplement.pdf,2026-10-09T06:39Z,1
Newborough_Methods_Supplement,heading,The identity-vs-integer keying principle,21,docs/report/Newborough_Methods_Supplement.pdf,2026-10-09T06:39Z,1
Newborough_Methods_Supplement,para,thingskeyedonclusteriden,21,docs/report/Newborough_Methods_Supplement.pdf,2026-10-09T06:39Z,1
Newborough_Methods_Supplement,para,thingskeyedonclusterinte,21,docs/report/Newborough_Methods_Supplement.pdf,2026-10-09T06:39Z,1
Newborough_Methods_Supplement,para,theconventiongoingforwar,21,docs/report/Newborough_Methods_Supplement.pdf,2026-10-09T06:39Z,1
Newborough_Methods_Supplement,para,severaldictsinthecodebas,21,docs/report/Newborough_Methods_Supplement.pdf,2026-10-09T06:39Z,1
Newborough_Methods_Supplement,para,twoperclusterspecificyie,21,docs/report/Newborough_Methods_Supplement.pdf,2026-10-09T06:39Z,1
Newborough_Methods_Supplement,heading,Specific yield: two values per cluster,21,docs/report/Newborough_Methods_Supplement.pdf,2026-10-09T06:39Z,1
Newborough_Methods_Supplement,para,thefettervaluesarelitera,21,docs/report/Newborough_Methods_Supplement.pdf,2026-10-09T06:39Z,1
Newborough_Methods_Supplement,para,thescriptsinthepostphase,22,docs/report/Newborough_Methods_Supplement.pdf,2026-10-09T06:39Z,1
Newborough_Methods_Supplement,heading,Scripts in the post-Phase-2 region --- naming and step assignment,22,docs/report/Newborough_Methods_Supplement.pdf,2026-10-09T06:39Z,1
Newborough_Methods_Supplement,para,script11c11cpfloodachiev,22,docs/report/Newborough_Methods_Supplement.pdf,2026-10-09T06:39Z,1
Newborough_Methods_Supplement,para,anewfamilyofconstantsinu,24,docs/report/Newborough_Methods_Supplement.pdf,2026-10-09T06:39Z,1
Newborough_Methods_Supplement,heading,MSL aggregation --- constants and conventions,24,docs/report/Newborough_Methods_Supplement.pdf,2026-10-09T06:39Z,1
Newborough_Methods_Supplement,para,mslspringmonths345marcha,24,docs/report/Newborough_Methods_Supplement.pdf,2026-10-09T06:39Z,1
Newborough_Methods_Supplement,para,apairofinterventionlinec,24,docs/report/Newborough_Methods_Supplement.pdf,2026-10-09T06:39Z,1
Newborough_Methods_Supplement,para,interventioncolourscrape,24,docs/report/Newborough_Methods_Supplement.pdf,2026-10-09T06:39Z,1
Newborough_Methods_Supplement,para,ukcp18multipliersusedbyt,24,docs/report/Newborough_Methods_Supplement.pdf,2026-10-09T06:39Z,1
Newborough_Methods_Supplement,para,themultipliersscaletheob,24,docs/report/Newborough_Methods_Supplement.pdf,2026-10-09T06:39Z,1
Newborough_Methods_Supplement,para,asubsetofconfigpyconstan,25,docs/report/Newborough_Methods_Supplement.pdf,2026-10-09T06:39Z,1
Newborough_Methods_Supplement,heading,*pipeline_params.py* --- the consolidated scenario parameter file,25,docs/report/Newborough_Methods_Supplement.pdf,2026-10-09T06:39Z,1
Newborough_Methods_Supplement,para,thearchitectureisproduce,25,docs/report/Newborough_Methods_Supplement.pdf,2026-10-09T06:39Z,1
Newborough_Methods_Supplement,para,script01writestheinitial,25,docs/report/Newborough_Methods_Supplement.pdf,2026-10-09T06:39Z,1
Newborough_Methods_Supplement,para,eachvaluecarriesasourcec,25,docs/report/Newborough_Methods_Supplement.pdf,2026-10-09T06:39Z,1
Newborough_Methods_Supplement,para,eightmodulesinsrcutilsca,25,docs/report/Newborough_Methods_Supplement.pdf,2026-10-09T06:39Z,1
Newborough_Methods_Supplement,heading,F.5 Shared utility modules,25,docs/report/Newborough_Methods_Supplement.pdf,2026-10-09T06:39Z,1
Newborough_Methods_Supplement,para,constantsandpalettef4cov,25,docs/report/Newborough_Methods_Supplement.pdf,2026-10-09T06:39Z,1
Newborough_Methods_Supplement,heading,config.py,25,docs/report/Newborough_Methods_Supplement.pdf,2026-10-09T06:39Z,1
Newborough_Methods_Supplement,para,singlesourceoftruthforev,25,docs/report/Newborough_Methods_Supplement.pdf,2026-10-09T06:39Z,1
Newborough_Methods_Supplement,heading,paths.py,25,docs/report/Newborough_Methods_Supplement.pdf,2026-10-09T06:39Z,1
Newborough_Methods_Supplement,para,1rootdirectoriesrootdird,26,docs/report/Newborough_Methods_Supplement.pdf,2026-10-09T06:39Z,1
Newborough_Methods_Supplement,para,thenamingconventionisrig,26,docs/report/Newborough_Methods_Supplement.pdf,2026-10-09T06:39Z,1
Newborough_Methods_Supplement,para,thessmspecificationf3cov,26,docs/report/Newborough_Methods_Supplement.pdf,2026-10-09T06:39Z,1
Newborough_Methods_Supplement,heading,model_utils.py,26,docs/report/Newborough_Methods_Supplement.pdf,2026-10-09T06:39Z,1
Newborough_Methods_Supplement,para,buildssmframehseriesclim,26,docs/report/Newborough_Methods_Supplement.pdf,2026-10-09T06:39Z,1
Newborough_Methods_Supplement,para,aformercomputeintercepta,27,docs/report/Newborough_Methods_Supplement.pdf,2026-10-09T06:39Z,1
Newborough_Methods_Supplement,para,twonamedthresholdsminobs,27,docs/report/Newborough_Methods_Supplement.pdf,2026-10-09T06:39Z,1
Newborough_Methods_Supplement,para,threeshorthelpersshareda,27,docs/report/Newborough_Methods_Supplement.pdf,2026-10-09T06:39Z,1
Newborough_Methods_Supplement,heading,data_utils.py,27,docs/report/Newborough_Methods_Supplement.pdf,2026-10-09T06:39Z,1
Newborough_Methods_Supplement,para,normalizewellnamevaluelo,27,docs/report/Newborough_Methods_Supplement.pdf,2026-10-09T06:39Z,1
Newborough_Methods_Supplement,para,sharedmoduleforthescript,27,docs/report/Newborough_Methods_Supplement.pdf,2026-10-09T06:39Z,1
Newborough_Methods_Supplement,heading,clearfell_common.py,27,docs/report/Newborough_Methods_Supplement.pdf,2026-10-09T06:39Z,1
Newborough_Methods_Supplement,para,welltierdefinitionsimpac,27,docs/report/Newborough_Methods_Supplement.pdf,2026-10-09T06:39Z,1
Newborough_Methods_Supplement,para,thesuitesharedmodulemake,28,docs/report/Newborough_Methods_Supplement.pdf,2026-10-09T06:39Z,1
Newborough_Methods_Supplement,para,analogoussharedmodulefor,28,docs/report/Newborough_Methods_Supplement.pdf,2026-10-09T06:39Z,1
Newborough_Methods_Supplement,heading,scraping_common.py,28,docs/report/Newborough_Methods_Supplement.pdf,2026-10-09T06:39Z,1
Newborough_Methods_Supplement,para,interventiondatessharedw,28,docs/report/Newborough_Methods_Supplement.pdf,2026-10-09T06:39Z,1
Newborough_Methods_Supplement,para,consolidatedscenariopara,29,docs/report/Newborough_Methods_Supplement.pdf,2026-10-09T06:39Z,1
Newborough_Methods_Supplement,heading,pipeline_params.py,29,docs/report/Newborough_Methods_Supplement.pdf,2026-10-09T06:39Z,1
Newborough_Methods_Supplement,para,writeinitialparamswellsc,29,docs/report/Newborough_Methods_Supplement.pdf,2026-10-09T06:39Z,1
Newborough_Methods_Supplement,para,thedefaultsdictatthetopo,29,docs/report/Newborough_Methods_Supplement.pdf,2026-10-09T06:39Z,1
Newborough_Methods_Supplement,para,gisandmapplottinghelpers,29,docs/report/Newborough_Methods_Supplement.pdf,2026-10-09T06:39Z,1
Newborough_Methods_Supplement,heading,map_utils.py,29,docs/report/Newborough_Methods_Supplement.pdf,2026-10-09T06:39Z,1
Newborough_Methods_Supplement,para,loaddemlayeraxdatadircol,29,docs/report/Newborough_Methods_Supplement.pdf,2026-10-09T06:39Z,1
Newborough_Methods_Supplement,para,themoduleroutesthroughbw,30,docs/report/Newborough_Methods_Supplement.pdf,2026-10-09T06:39Z,1
Newborough_Methods_Supplement,para,atypicalanalyticalscript,30,docs/report/Newborough_Methods_Supplement.pdf,2026-10-09T06:39Z,1
Newborough_Methods_Supplement,heading,How the modules compose,30,docs/report/Newborough_Methods_Supplement.pdf,2026-10-09T06:39Z,1
Newborough_Methods_Supplement,para,fromutilsconfigimportdra,30,docs/report/Newborough_Methods_Supplement.pdf,2026-10-09T06:39Z,1
Newborough_Methods_Supplement,para,intwellscleanintclimatei,30,docs/report/Newborough_Methods_Supplement.pdf,2026-10-09T06:39Z,1
Newborough_Methods_Supplement,para,fromutilsmodelutilsimpor,30,docs/report/Newborough_Methods_Supplement.pdf,2026-10-09T06:39Z,1
Newborough_Methods_Supplement,para,fromutilsdatautilsimport,30,docs/report/Newborough_Methods_Supplement.pdf,2026-10-09T06:39Z,1
Newborough_Methods_Supplement,para,thepatternisintentionalc,30,docs/report/Newborough_Methods_Supplement.pdf,2026-10-09T06:39Z,1
Newborough_Methods_Supplement,para,thereferencenetworkadmit,30,docs/report/Newborough_Methods_Supplement.pdf,2026-10-09T06:39Z,1
Newborough_Methods_Supplement,heading,F.6 Which record does each analysis use,30,docs/report/Newborough_Methods_Supplement.pdf,2026-10-09T06:39Z,1
Newborough_Methods_Supplement,para,twoconsequencesfollowand,30,docs/report/Newborough_Methods_Supplement.pdf,2026-10-09T06:39Z,1
Newborough_Methods_Supplement,para,everywindowinthetableisa,32,docs/report/Newborough_Methods_Supplement.pdf,2026-10-09T06:39Z,1
Newborough_Methods_Supplement,para,script01isthegatewaytoev,32,docs/report/Newborough_Methods_Supplement.pdf,2026-10-09T06:39Z,1
Newborough_Methods_Supplement,heading,Phase 1 --- Core LCSC Chain,32,docs/report/Newborough_Methods_Supplement.pdf,2026-10-09T06:39Z,1
Newborough_Methods_Supplement,heading,S.1 Script 01 --- Data preparation,32,docs/report/Newborough_Methods_Supplement.pdf,2026-10-09T06:39Z,1
Newborough_Methods_Supplement,heading,Motivation,32,docs/report/Newborough_Methods_Supplement.pdf,2026-10-09T06:39Z,1
Newborough_Methods_Supplement,para,thescriptrunsfourblocksi,33,docs/report/Newborough_Methods_Supplement.pdf,2026-10-09T06:39Z,1
Newborough_Methods_Supplement,heading,Inputs,33,docs/report/Newborough_Methods_Supplement.pdf,2026-10-09T06:39Z,1
Newborough_Methods_Supplement,heading,Methodology,33,docs/report/Newborough_Methods_Supplement.pdf,2026-10-09T06:39Z,1
Newborough_Methods_Supplement,para,thesanitycheckpassesboth,33,docs/report/Newborough_Methods_Supplement.pdf,2026-10-09T06:39Z,1
Newborough_Methods_Supplement,para,climateprocessingthemeto,33,docs/report/Newborough_Methods_Supplement.pdf,2026-10-09T06:39Z,1
Newborough_Methods_Supplement,para,potentialevapotranspirat,34,docs/report/Newborough_Methods_Supplement.pdf,2026-10-09T06:39Z,1
Newborough_Methods_Supplement,para,bucketingtherawwellcsvis,34,docs/report/Newborough_Methods_Supplement.pdf,2026-10-09T06:39Z,1
Newborough_Methods_Supplement,para,thecanonicalimplementati,34,docs/report/Newborough_Methods_Supplement.pdf,2026-10-09T06:39Z,1
Newborough_Methods_Supplement,para,dpdtodatetimewellsindexd,34,docs/report/Newborough_Methods_Supplement.pdf,2026-10-09T06:39Z,1
Newborough_Methods_Supplement,para,wellsindexnpwheredday15p,34,docs/report/Newborough_Methods_Supplement.pdf,2026-10-09T06:39Z,1
Newborough_Methods_Supplement,para,dtoperiodm1totimestampco,34,docs/report/Newborough_Methods_Supplement.pdf,2026-10-09T06:39Z,1
Newborough_Methods_Supplement,para,asinglewellmergerhandles,34,docs/report/Newborough_Methods_Supplement.pdf,2026-10-09T06:39Z,1
Newborough_Methods_Supplement,para,wellcleaningeachwellcolu,34,docs/report/Newborough_Methods_Supplement.pdf,2026-10-09T06:39Z,1
Newborough_Methods_Supplement,para,thelimit1rulepermitsinte,35,docs/report/Newborough_Methods_Supplement.pdf,2026-10-09T06:39Z,1
Newborough_Methods_Supplement,para,positivereadingsarenotma,35,docs/report/Newborough_Methods_Supplement.pdf,2026-10-09T06:39Z,1
Newborough_Methods_Supplement,para,provenancetrackingalongs,35,docs/report/Newborough_Methods_Supplement.pdf,2026-10-09T06:39Z,1
Newborough_Methods_Supplement,para,theprovenancefileisconsu,35,docs/report/Newborough_Methods_Supplement.pdf,2026-10-09T06:39Z,1
Newborough_Methods_Supplement,para,networkpartitioningthecl,36,docs/report/Newborough_Methods_Supplement.pdf,2026-10-09T06:39Z,1
Newborough_Methods_Supplement,para,thereferencenetwork01wel,36,docs/report/Newborough_Methods_Supplement.pdf,2026-10-09T06:39Z,1
Newborough_Methods_Supplement,para,settingreferencenetworkw,36,docs/report/Newborough_Methods_Supplement.pdf,2026-10-09T06:39Z,1
Newborough_Methods_Supplement,para,thefourcategoriesofexclu,36,docs/report/Newborough_Methods_Supplement.pdf,2026-10-09T06:39Z,1
Newborough_Methods_Supplement,para,1fe1fe4andlis1thesewells,36,docs/report/Newborough_Methods_Supplement.pdf,2026-10-09T06:39Z,1
Newborough_Methods_Supplement,para,elevationconversionthecl,37,docs/report/Newborough_Methods_Supplement.pdf,2026-10-09T06:39Z,1
Newborough_Methods_Supplement,para,acondensedelevationlooku,37,docs/report/Newborough_Methods_Supplement.pdf,2026-10-09T06:39Z,1
Newborough_Methods_Supplement,para,thornthwaitepetthornthwa,37,docs/report/Newborough_Methods_Supplement.pdf,2026-10-09T06:39Z,1
Newborough_Methods_Supplement,para,theheatindexiisatwelvemo,37,docs/report/Newborough_Methods_Supplement.pdf,2026-10-09T06:39Z,1
Newborough_Methods_Supplement,para,thedepartureisrequiredbe,37,docs/report/Newborough_Methods_Supplement.pdf,2026-10-09T06:39Z,1
Newborough_Methods_Supplement,para,withtheboundarycondition,38,docs/report/Newborough_Methods_Supplement.pdf,2026-10-09T06:39Z,1
Newborough_Methods_Supplement,para,wherenisthemeanmonthlyda,38,docs/report/Newborough_Methods_Supplement.pdf,2026-10-09T06:39Z,1
Newborough_Methods_Supplement,para,scenarioparameterseedfin,38,docs/report/Newborough_Methods_Supplement.pdf,2026-10-09T06:39Z,1
Newborough_Methods_Supplement,para,allpathsresolvethroughut,39,docs/report/Newborough_Methods_Supplement.pdf,2026-10-09T06:39Z,1
Newborough_Methods_Supplement,heading,Outputs,39,docs/report/Newborough_Methods_Supplement.pdf,2026-10-09T06:39Z,1
Newborough_Methods_Supplement,para,thereferencenetworkwhite,40,docs/report/Newborough_Methods_Supplement.pdf,2026-10-09T06:39Z,1
Newborough_Methods_Supplement,heading,Limitations and known caveats,40,docs/report/Newborough_Methods_Supplement.pdf,2026-10-09T06:39Z,1
Newborough_Methods_Supplement,para,31datapreparationbucketi,40,docs/report/Newborough_Methods_Supplement.pdf,2026-10-09T06:39Z,1
Newborough_Methods_Supplement,heading,Where the result appears in the report,40,docs/report/Newborough_Methods_Supplement.pdf,2026-10-09T06:39Z,1
Newborough_Methods_Supplement,para,f2bucketingconventiondat,40,docs/report/Newborough_Methods_Supplement.pdf,2026-10-09T06:39Z,1
Newborough_Methods_Supplement,heading,Cross-references,40,docs/report/Newborough_Methods_Supplement.pdf,2026-10-09T06:39Z,1
Newborough_Methods_Supplement,para,script02producestheclust,41,docs/report/Newborough_Methods_Supplement.pdf,2026-10-09T06:39Z,1
Newborough_Methods_Supplement,heading,S.2 Script 02 --- Behavioural clustering,41,docs/report/Newborough_Methods_Supplement.pdf,2026-10-09T06:39Z,1
Newborough_Methods_Supplement,heading,Motivation,41,docs/report/Newborough_Methods_Supplement.pdf,2026-10-09T06:39Z,1
Newborough_Methods_Supplement,para,alongsidetheclusteringit,41,docs/report/Newborough_Methods_Supplement.pdf,2026-10-09T06:39Z,1
Newborough_Methods_Supplement,para,thescriptproceedsinseven,41,docs/report/Newborough_Methods_Supplement.pdf,2026-10-09T06:39Z,1
Newborough_Methods_Supplement,heading,Inputs,41,docs/report/Newborough_Methods_Supplement.pdf,2026-10-09T06:39Z,1
Newborough_Methods_Supplement,heading,Methodology,41,docs/report/Newborough_Methods_Supplement.pdf,2026-10-09T06:39Z,1
Newborough_Methods_Supplement,para,1loadandpreparereference,41,docs/report/Newborough_Methods_Supplement.pdf,2026-10-09T06:39Z,1
Newborough_Methods_Supplement,para,2buildthecorrelationdist,41,docs/report/Newborough_Methods_Supplement.pdf,2026-10-09T06:39Z,1
Newborough_Methods_Supplement,para,thematrixiscomputedbycor,42,docs/report/Newborough_Methods_Supplement.pdf,2026-10-09T06:39Z,1
Newborough_Methods_Supplement,para,3wardslinkageandthekswee,42,docs/report/Newborough_Methods_Supplement.pdf,2026-10-09T06:39Z,1
Newborough_Methods_Supplement,para,4bootstrapstabilitydiagn,42,docs/report/Newborough_Methods_Supplement.pdf,2026-10-09T06:39Z,1
Newborough_Methods_Supplement,para,monthwisepartitionstabil,42,docs/report/Newborough_Methods_Supplement.pdf,2026-10-09T06:39Z,1
Newborough_Methods_Supplement,para,5canonicalidremapremapcl,43,docs/report/Newborough_Methods_Supplement.pdf,2026-10-09T06:39Z,1
Newborough_Methods_Supplement,para,theseanchorsareinteriorw,43,docs/report/Newborough_Methods_Supplement.pdf,2026-10-09T06:39Z,1
Newborough_Methods_Supplement,para,6clusterassignmentwriteo,43,docs/report/Newborough_Methods_Supplement.pdf,2026-10-09T06:39Z,1
Newborough_Methods_Supplement,para,7dendrogramandclusterhyd,43,docs/report/Newborough_Methods_Supplement.pdf,2026-10-09T06:39Z,1
Newborough_Methods_Supplement,para,amplitudedescriptorscomp,43,docs/report/Newborough_Methods_Supplement.pdf,2026-10-09T06:39Z,1
Newborough_Methods_Supplement,para,twoparallelclimatenormal,44,docs/report/Newborough_Methods_Supplement.pdf,2026-10-09T06:39Z,1
Newborough_Methods_Supplement,para,perwelldescriptorsarewri,44,docs/report/Newborough_Methods_Supplement.pdf,2026-10-09T06:39Z,1
Newborough_Methods_Supplement,para,wardslinkagesinglelinkag,44,docs/report/Newborough_Methods_Supplement.pdf,2026-10-09T06:39Z,1
Newborough_Methods_Supplement,heading,Site-specific choices and rationale,44,docs/report/Newborough_Methods_Supplement.pdf,2026-10-09T06:39Z,1
Newborough_Methods_Supplement,para,c3westernresidualisthelo,46,docs/report/Newborough_Methods_Supplement.pdf,2026-10-09T06:39Z,1
Newborough_Methods_Supplement,heading,Outputs,46,docs/report/Newborough_Methods_Supplement.pdf,2026-10-09T06:39Z,1
Newborough_Methods_Supplement,heading,Limitations and known caveats,46,docs/report/Newborough_Methods_Supplement.pdf,2026-10-09T06:39Z,1
Newborough_Methods_Supplement,para,32clusterdefinitionwards,47,docs/report/Newborough_Methods_Supplement.pdf,2026-10-09T06:39Z,1
Newborough_Methods_Supplement,heading,Where the result appears in the report,47,docs/report/Newborough_Methods_Supplement.pdf,2026-10-09T06:39Z,1
Newborough_Methods_Supplement,para,f4k5partitiontablewithan,47,docs/report/Newborough_Methods_Supplement.pdf,2026-10-09T06:39Z,1
Newborough_Methods_Supplement,heading,Cross-references,47,docs/report/Newborough_Methods_Supplement.pdf,2026-10-09T06:39Z,1
Newborough_Methods_Supplement,para,script03iswherethestates,47,docs/report/Newborough_Methods_Supplement.pdf,2026-10-09T06:39Z,1
Newborough_Methods_Supplement,heading,S.3 Script 03 --- State-space regression and LCSC,47,docs/report/Newborough_Methods_Supplement.pdf,2026-10-09T06:39Z,1
Newborough_Methods_Supplement,heading,Motivation,47,docs/report/Newborough_Methods_Supplement.pdf,2026-10-09T06:39Z,1
Newborough_Methods_Supplement,para,thescriptrunselevenblock,48,docs/report/Newborough_Methods_Supplement.pdf,2026-10-09T06:39Z,1
Newborough_Methods_Supplement,heading,Inputs,48,docs/report/Newborough_Methods_Supplement.pdf,2026-10-09T06:39Z,1
Newborough_Methods_Supplement,heading,Methodology,48,docs/report/Newborough_Methods_Supplement.pdf,2026-10-09T06:39Z,1
Newborough_Methods_Supplement,para,centroidconstructionbuil,48,docs/report/Newborough_Methods_Supplement.pdf,2026-10-09T06:39Z,1
Newborough_Methods_Supplement,para,perwellfitsperwellfitsea,49,docs/report/Newborough_Methods_Supplement.pdf,2026-10-09T06:39Z,1
Newborough_Methods_Supplement,para,theperwellmastertable03m,49,docs/report/Newborough_Methods_Supplement.pdf,2026-10-09T06:39Z,1
Newborough_Methods_Supplement,para,centroidheadlinefitscent,49,docs/report/Newborough_Methods_Supplement.pdf,2026-10-09T06:39Z,1
Newborough_Methods_Supplement,para,theclustercentroidcoeffi,49,docs/report/Newborough_Methods_Supplement.pdf,2026-10-09T06:39Z,1
Newborough_Methods_Supplement,para,thesearereaddirectlyfrom,50,docs/report/Newborough_Methods_Supplement.pdf,2026-10-09T06:39Z,1
Newborough_Methods_Supplement,para,interpolatedrowhandlingb,50,docs/report/Newborough_Methods_Supplement.pdf,2026-10-09T06:39Z,1
Newborough_Methods_Supplement,para,theexcludeinterpolatedtr,50,docs/report/Newborough_Methods_Supplement.pdf,2026-10-09T06:39Z,1
Newborough_Methods_Supplement,para,thelcsclcsc100interprete,50,docs/report/Newborough_Methods_Supplement.pdf,2026-10-09T06:39Z,1
Newborough_Methods_Supplement,para,lagdiagnosticlagdiagnost,50,docs/report/Newborough_Methods_Supplement.pdf,2026-10-09T06:39Z,1
Newborough_Methods_Supplement,para,bootstrapbootstrapcentro,51,docs/report/Newborough_Methods_Supplement.pdf,2026-10-09T06:39Z,1
Newborough_Methods_Supplement,para,leaveoneoutleaveoneoutfi,51,docs/report/Newborough_Methods_Supplement.pdf,2026-10-09T06:39Z,1
Newborough_Methods_Supplement,para,c1splitwindowc1splitwind,51,docs/report/Newborough_Methods_Supplement.pdf,2026-10-09T06:39Z,1
Newborough_Methods_Supplement,para,datumsensitivityclusterc,51,docs/report/Newborough_Methods_Supplement.pdf,2026-10-09T06:39Z,1
Newborough_Methods_Supplement,para,37mthereforereflectsadel,52,docs/report/Newborough_Methods_Supplement.pdf,2026-10-09T06:39Z,1
Newborough_Methods_Supplement,para,datumsensitivityperwellw,52,docs/report/Newborough_Methods_Supplement.pdf,2026-10-09T06:39Z,1
Newborough_Methods_Supplement,para,underthelivedatatheperwe,52,docs/report/Newborough_Methods_Supplement.pdf,2026-10-09T06:39Z,1
Newborough_Methods_Supplement,para,sixof66wellsneverachieve,53,docs/report/Newborough_Methods_Supplement.pdf,2026-10-09T06:39Z,1
Newborough_Methods_Supplement,para,spatialdatummapsmakewell,53,docs/report/Newborough_Methods_Supplement.pdf,2026-10-09T06:39Z,1
Newborough_Methods_Supplement,para,modelbpersistencemodelbp,53,docs/report/Newborough_Methods_Supplement.pdf,2026-10-09T06:39Z,1
Newborough_Methods_Supplement,para,summarytableandsignature,53,docs/report/Newborough_Methods_Supplement.pdf,2026-10-09T06:39Z,1
Newborough_Methods_Supplement,para,regionalaverageexportsex,53,docs/report/Newborough_Methods_Supplement.pdf,2026-10-09T06:39Z,1
Newborough_Methods_Supplement,para,clustercentroidasarithme,54,docs/report/Newborough_Methods_Supplement.pdf,2026-10-09T06:39Z,1
Newborough_Methods_Supplement,heading,Site-specific choices and rationale,54,docs/report/Newborough_Methods_Supplement.pdf,2026-10-09T06:39Z,1
Newborough_Methods_Supplement,para,allpathsresolvethroughut,56,docs/report/Newborough_Methods_Supplement.pdf,2026-10-09T06:39Z,1
Newborough_Methods_Supplement,heading,Outputs,56,docs/report/Newborough_Methods_Supplement.pdf,2026-10-09T06:39Z,1
Newborough_Methods_Supplement,para,thefittedvaluesarereliab,56,docs/report/Newborough_Methods_Supplement.pdf,2026-10-09T06:39Z,1
Newborough_Methods_Supplement,heading,Limitations and known caveats,56,docs/report/Newborough_Methods_Supplement.pdf,2026-10-09T06:39Z,1
Newborough_Methods_Supplement,para,33statespaceregressionme,58,docs/report/Newborough_Methods_Supplement.pdf,2026-10-09T06:39Z,1
Newborough_Methods_Supplement,heading,Where the result appears in the report,58,docs/report/Newborough_Methods_Supplement.pdf,2026-10-09T06:39Z,1
Newborough_Methods_Supplement,para,f3thefullssmspecificatio,58,docs/report/Newborough_Methods_Supplement.pdf,2026-10-09T06:39Z,1
Newborough_Methods_Supplement,heading,Cross-references,58,docs/report/Newborough_Methods_Supplement.pdf,2026-10-09T06:39Z,1
Newborough_Methods_Supplement,para,phase2answerstworelatedq,59,docs/report/Newborough_Methods_Supplement.pdf,2026-10-09T06:39Z,1
Newborough_Methods_Supplement,heading,Phase 2 --- Pearson Membership Audit,59,docs/report/Newborough_Methods_Supplement.pdf,2026-10-09T06:39Z,1
Newborough_Methods_Supplement,heading,"S.4 Scripts 04, 05, 06 --- Cluster visualization and Pearson affinity audits",59,docs/report/Newborough_Methods_Supplement.pdf,2026-10-09T06:39Z,1
Newborough_Methods_Supplement,heading,Motivation (chapter-level),59,docs/report/Newborough_Methods_Supplement.pdf,2026-10-09T06:39Z,1
Newborough_Methods_Supplement,para,themethodologysharedbysc,59,docs/report/Newborough_Methods_Supplement.pdf,2026-10-09T06:39Z,1
Newborough_Methods_Supplement,para,asinglepublicationqualit,59,docs/report/Newborough_Methods_Supplement.pdf,2026-10-09T06:39Z,1
Newborough_Methods_Supplement,heading,Sub-script 04 --- Cluster orientation map (*04_cluster_visualisations.py*),59,docs/report/Newborough_Methods_Supplement.pdf,2026-10-09T06:39Z,1
Newborough_Methods_Supplement,heading,Motivation,59,docs/report/Newborough_Methods_Supplement.pdf,2026-10-09T06:39Z,1
Newborough_Methods_Supplement,para,thescriptis77linesanddoe,60,docs/report/Newborough_Methods_Supplement.pdf,2026-10-09T06:39Z,1
Newborough_Methods_Supplement,heading,Inputs,60,docs/report/Newborough_Methods_Supplement.pdf,2026-10-09T06:39Z,1
Newborough_Methods_Supplement,heading,Methodology,60,docs/report/Newborough_Methods_Supplement.pdf,2026-10-09T06:39Z,1
Newborough_Methods_Supplement,para,thereferencenetworkonly6,60,docs/report/Newborough_Methods_Supplement.pdf,2026-10-09T06:39Z,1
Newborough_Methods_Supplement,para,foreachofthe66referencen,60,docs/report/Newborough_Methods_Supplement.pdf,2026-10-09T06:39Z,1
Newborough_Methods_Supplement,heading,Outputs,60,docs/report/Newborough_Methods_Supplement.pdf,2026-10-09T06:39Z,1
Newborough_Methods_Supplement,heading,"Sub-script 05 --- Pearson affinity (reference network, *05_pearson_affinity.py*)",60,docs/report/Newborough_Methods_Supplement.pdf,2026-10-09T06:39Z,1
Newborough_Methods_Supplement,heading,Motivation,60,docs/report/Newborough_Methods_Supplement.pdf,2026-10-09T06:39Z,1
Newborough_Methods_Supplement,para,thescriptis259linesafter,61,docs/report/Newborough_Methods_Supplement.pdf,2026-10-09T06:39Z,1
Newborough_Methods_Supplement,heading,Inputs,61,docs/report/Newborough_Methods_Supplement.pdf,2026-10-09T06:39Z,1
Newborough_Methods_Supplement,heading,Methodology,61,docs/report/Newborough_Methods_Supplement.pdf,2026-10-09T06:39Z,1
Newborough_Methods_Supplement,para,foreverywellthescriptthe,61,docs/report/Newborough_Methods_Supplement.pdf,2026-10-09T06:39Z,1
Newborough_Methods_Supplement,para,theclassificationstepisi,61,docs/report/Newborough_Methods_Supplement.pdf,2026-10-09T06:39Z,1
Newborough_Methods_Supplement,para,asecondarydiagnosticthem,61,docs/report/Newborough_Methods_Supplement.pdf,2026-10-09T06:39Z,1
Newborough_Methods_Supplement,para,underthelivepartitionthe,62,docs/report/Newborough_Methods_Supplement.pdf,2026-10-09T06:39Z,1
Newborough_Methods_Supplement,para,thescriptwritesonecsv05p,62,docs/report/Newborough_Methods_Supplement.pdf,2026-10-09T06:39Z,1
Newborough_Methods_Supplement,para,pearsonnotspearmanorkend,62,docs/report/Newborough_Methods_Supplement.pdf,2026-10-09T06:39Z,1
Newborough_Methods_Supplement,heading,Site-specific choices and rationale,62,docs/report/Newborough_Methods_Supplement.pdf,2026-10-09T06:39Z,1
Newborough_Methods_Supplement,para,pearsonsimilaritycapture,63,docs/report/Newborough_Methods_Supplement.pdf,2026-10-09T06:39Z,1
Newborough_Methods_Supplement,heading,Outputs,63,docs/report/Newborough_Methods_Supplement.pdf,2026-10-09T06:39Z,1
Newborough_Methods_Supplement,heading,Limitations,63,docs/report/Newborough_Methods_Supplement.pdf,2026-10-09T06:39Z,1
Newborough_Methods_Supplement,para,script05auditsthe66refer,64,docs/report/Newborough_Methods_Supplement.pdf,2026-10-09T06:39Z,1
Newborough_Methods_Supplement,heading,"Sub-script 06 --- Pearson affinity (sitewide / extended, *06_pearson_extended.py*)",64,docs/report/Newborough_Methods_Supplement.pdf,2026-10-09T06:39Z,1
Newborough_Methods_Supplement,heading,Motivation,64,docs/report/Newborough_Methods_Supplement.pdf,2026-10-09T06:39Z,1
Newborough_Methods_Supplement,para,thescriptis363linesandfo,64,docs/report/Newborough_Methods_Supplement.pdf,2026-10-09T06:39Z,1
Newborough_Methods_Supplement,heading,Inputs,64,docs/report/Newborough_Methods_Supplement.pdf,2026-10-09T06:39Z,1
Newborough_Methods_Supplement,heading,Methodology,64,docs/report/Newborough_Methods_Supplement.pdf,2026-10-09T06:39Z,1
Newborough_Methods_Supplement,para,firstthezscoringisapplie,64,docs/report/Newborough_Methods_Supplement.pdf,2026-10-09T06:39Z,1
Newborough_Methods_Supplement,para,secondtheclassificationh,64,docs/report/Newborough_Methods_Supplement.pdf,2026-10-09T06:39Z,1
Newborough_Methods_Supplement,para,thirdthespatialoutputisa,65,docs/report/Newborough_Methods_Supplement.pdf,2026-10-09T06:39Z,1
Newborough_Methods_Supplement,para,underthelivedataall22ext,65,docs/report/Newborough_Methods_Supplement.pdf,2026-10-09T06:39Z,1
Newborough_Methods_Supplement,para,referencecentroidsdrivet,65,docs/report/Newborough_Methods_Supplement.pdf,2026-10-09T06:39Z,1
Newborough_Methods_Supplement,heading,Site-specific choices and rationale,65,docs/report/Newborough_Methods_Supplement.pdf,2026-10-09T06:39Z,1
Newborough_Methods_Supplement,para,shortoverlapwindowscanpr,66,docs/report/Newborough_Methods_Supplement.pdf,2026-10-09T06:39Z,1
Newborough_Methods_Supplement,heading,Outputs,66,docs/report/Newborough_Methods_Supplement.pdf,2026-10-09T06:39Z,1
Newborough_Methods_Supplement,heading,Limitations,66,docs/report/Newborough_Methods_Supplement.pdf,2026-10-09T06:39Z,1
Newborough_Methods_Supplement,para,threescriptsoneanalytica,67,docs/report/Newborough_Methods_Supplement.pdf,2026-10-09T06:39Z,1
Newborough_Methods_Supplement,heading,Site-specific choices and rationale (chapter-level),67,docs/report/Newborough_Methods_Supplement.pdf,2026-10-09T06:39Z,1
Newborough_Methods_Supplement,para,thepearsonauditistheproj,67,docs/report/Newborough_Methods_Supplement.pdf,2026-10-09T06:39Z,1
Newborough_Methods_Supplement,heading,Limitations and known caveats (chapter-level),67,docs/report/Newborough_Methods_Supplement.pdf,2026-10-09T06:39Z,1
Newborough_Methods_Supplement,para,42clusterorientationfigu,68,docs/report/Newborough_Methods_Supplement.pdf,2026-10-09T06:39Z,1
Newborough_Methods_Supplement,heading,Where the result appears in the report,68,docs/report/Newborough_Methods_Supplement.pdf,2026-10-09T06:39Z,1
Newborough_Methods_Supplement,para,f4k5partitionclusteridsl,68,docs/report/Newborough_Methods_Supplement.pdf,2026-10-09T06:39Z,1
Newborough_Methods_Supplement,heading,Cross-references,68,docs/report/Newborough_Methods_Supplement.pdf,2026-10-09T06:39Z,1
Newborough_Methods_Supplement,para,steps7and827phase2pearso,68,docs/report/Newborough_Methods_Supplement.pdf,2026-10-09T06:39Z,1
Newborough_Methods_Supplement,heading,"S.5 Scripts 07, 08 --- Spatial coefficient maps and LCSC model benchmarking",68,docs/report/Newborough_Methods_Supplement.pdf,2026-10-09T06:39Z,1
Newborough_Methods_Supplement,para,scripts07and08sitimmedia,68,docs/report/Newborough_Methods_Supplement.pdf,2026-10-09T06:39Z,1
Newborough_Methods_Supplement,para,thegroupingistightbothsc,68,docs/report/Newborough_Methods_Supplement.pdf,2026-10-09T06:39Z,1
Newborough_Methods_Supplement,para,pathresolutionforbothscr,69,docs/report/Newborough_Methods_Supplement.pdf,2026-10-09T06:39Z,1
Newborough_Methods_Supplement,heading,Inputs (shared),69,docs/report/Newborough_Methods_Supplement.pdf,2026-10-09T06:39Z,1
Newborough_Methods_Supplement,para,namingandpathingconventi,69,docs/report/Newborough_Methods_Supplement.pdf,2026-10-09T06:39Z,1
Newborough_Methods_Supplement,para,motivationthessmproduces,69,docs/report/Newborough_Methods_Supplement.pdf,2026-10-09T06:39Z,1
Newborough_Methods_Supplement,heading,Sub-script 07 --- Spatial coefficient mapping,69,docs/report/Newborough_Methods_Supplement.pdf,2026-10-09T06:39Z,1
Newborough_Methods_Supplement,para,thescriptreplacesaformer,69,docs/report/Newborough_Methods_Supplement.pdf,2026-10-09T06:39Z,1
Newborough_Methods_Supplement,para,methodologypermetricaspe,69,docs/report/Newborough_Methods_Supplement.pdf,2026-10-09T06:39Z,1
Newborough_Methods_Supplement,para,1loadsintmasterdataandme,69,docs/report/Newborough_Methods_Supplement.pdf,2026-10-09T06:39Z,1
Newborough_Methods_Supplement,para,allfourpanelsrfollowthes,70,docs/report/Newborough_Methods_Supplement.pdf,2026-10-09T06:39Z,1
Newborough_Methods_Supplement,para,usesalogscalebecausethen,70,docs/report/Newborough_Methods_Supplement.pdf,2026-10-09T06:39Z,1
Newborough_Methods_Supplement,para,aclustersummarytableisal,70,docs/report/Newborough_Methods_Supplement.pdf,2026-10-09T06:39Z,1
Newborough_Methods_Supplement,para,sitespecificchoicesandra,282,docs/report/Newborough_Methods_Supplement.pdf,2026-10-09T06:39Z,31
Newborough_Methods_Supplement,para,lineardelaunayinterpolat,70,docs/report/Newborough_Methods_Supplement.pdf,2026-10-09T06:39Z,1
Newborough_Methods_Supplement,para,perwellcoefficientvalues,71,docs/report/Newborough_Methods_Supplement.pdf,2026-10-09T06:39Z,1
Newborough_Methods_Supplement,para,wheretheresultappearsint,229,docs/report/Newborough_Methods_Supplement.pdf,2026-10-09T06:39Z,24
Newborough_Methods_Supplement,para,492spatialcoefficientstr,72,docs/report/Newborough_Methods_Supplement.pdf,2026-10-09T06:39Z,1
Newborough_Methods_Supplement,para,motivationtheheadlinessm,72,docs/report/Newborough_Methods_Supplement.pdf,2026-10-09T06:39Z,1
Newborough_Methods_Supplement,heading,Sub-script 08 --- LCSC model benchmarking,72,docs/report/Newborough_Methods_Supplement.pdf,2026-10-09T06:39Z,1
Newborough_Methods_Supplement,para,thetlmisthesimplestunphy,75,docs/report/Newborough_Methods_Supplement.pdf,2026-10-09T06:39Z,2
Newborough_Methods_Supplement,para,cruciallythetlmhasaninte,72,docs/report/Newborough_Methods_Supplement.pdf,2026-10-09T06:39Z,1
Newborough_Methods_Supplement,para,thetlmisnotputforwardast,72,docs/report/Newborough_Methods_Supplement.pdf,2026-10-09T06:39Z,1
Newborough_Methods_Supplement,para,methodologyforeachwellin,73,docs/report/Newborough_Methods_Supplement.pdf,2026-10-09T06:39Z,1
Newborough_Methods_Supplement,para,1thescriptalignsthewells,73,docs/report/Newborough_Methods_Supplement.pdf,2026-10-09T06:39Z,1
Newborough_Methods_Supplement,para,adualpanelshowdownforceh,73,docs/report/Newborough_Methods_Supplement.pdf,2026-10-09T06:39Z,1
Newborough_Methods_Supplement,para,asummarytableiswrittenfo,73,docs/report/Newborough_Methods_Supplement.pdf,2026-10-09T06:39Z,1
Newborough_Methods_Supplement,para,sitespecificchoicesandra,282,docs/report/Newborough_Methods_Supplement.pdf,2026-10-09T06:39Z,31
Newborough_Methods_Supplement,para,100monthwindowratherthan,73,docs/report/Newborough_Methods_Supplement.pdf,2026-10-09T06:39Z,1
Newborough_Methods_Supplement,para,thelivetable9summaryreco,74,docs/report/Newborough_Methods_Supplement.pdf,2026-10-09T06:39Z,1
Newborough_Methods_Supplement,para,thetlmisthesimplestunphy,75,docs/report/Newborough_Methods_Supplement.pdf,2026-10-09T06:39Z,1
Newborough_Methods_Supplement,para,wheretheresultappearsint,229,docs/report/Newborough_Methods_Supplement.pdf,2026-10-09T06:39Z,24
Newborough_Methods_Supplement,para,44modelbenchmarkingtable,75,docs/report/Newborough_Methods_Supplement.pdf,2026-10-09T06:39Z,1
Newborough_Methods_Supplement,para,bothscriptsconsume03mast,75,docs/report/Newborough_Methods_Supplement.pdf,2026-10-09T06:39Z,1
Newborough_Methods_Supplement,heading,Site-specific choices and rationale (chapter-level),75,docs/report/Newborough_Methods_Supplement.pdf,2026-10-09T06:39Z,1
Newborough_Methods_Supplement,para,bothspatialmapsinheritth,76,docs/report/Newborough_Methods_Supplement.pdf,2026-10-09T06:39Z,1
Newborough_Methods_Supplement,heading,Limitations and known caveats (chapter-level),76,docs/report/Newborough_Methods_Supplement.pdf,2026-10-09T06:39Z,1
Newborough_Methods_Supplement,para,f3ssmequationformsigncon,76,docs/report/Newborough_Methods_Supplement.pdf,2026-10-09T06:39Z,1
Newborough_Methods_Supplement,heading,Cross-references,76,docs/report/Newborough_Methods_Supplement.pdf,2026-10-09T06:39Z,1
Newborough_Methods_Supplement,para,step927subscripts9a9epha,77,docs/report/Newborough_Methods_Supplement.pdf,2026-10-09T06:39Z,1
Newborough_Methods_Supplement,heading,Phase 3 --- Model Diagnostics and Intervention Analysis,77,docs/report/Newborough_Methods_Supplement.pdf,2026-10-09T06:39Z,1
Newborough_Methods_Supplement,heading,S.6 Script 09 suite (a--e) --- Scraping intervention,77,docs/report/Newborough_Methods_Supplement.pdf,2026-10-09T06:39Z,1
Newborough_Methods_Supplement,para,inapril2015surfacesoilwa,77,docs/report/Newborough_Methods_Supplement.pdf,2026-10-09T06:39Z,1
Newborough_Methods_Supplement,para,thesuiteisfivesubscripts,77,docs/report/Newborough_Methods_Supplement.pdf,2026-10-09T06:39Z,1
Newborough_Methods_Supplement,para,thesuitesprincipalresult,77,docs/report/Newborough_Methods_Supplement.pdf,2026-10-09T06:39Z,1
Newborough_Methods_Supplement,para,motivationthecorescrapin,77,docs/report/Newborough_Methods_Supplement.pdf,2026-10-09T06:39Z,1
Newborough_Methods_Supplement,heading,Sub-script 09a --- Hierarchical paired BACI,77,docs/report/Newborough_Methods_Supplement.pdf,2026-10-09T06:39Z,1
Newborough_Methods_Supplement,para,methodologytier1evaluate,77,docs/report/Newborough_Methods_Supplement.pdf,2026-10-09T06:39Z,1
Newborough_Methods_Supplement,para,withineachtierperwellana,78,docs/report/Newborough_Methods_Supplement.pdf,2026-10-09T06:39Z,1
Newborough_Methods_Supplement,para,thelivenumberstellthesto,78,docs/report/Newborough_Methods_Supplement.pdf,2026-10-09T06:39Z,1
Newborough_Methods_Supplement,para,twotierratherthandirecti,78,docs/report/Newborough_Methods_Supplement.pdf,2026-10-09T06:39Z,1
Newborough_Methods_Supplement,para,motivationdidthegroundsc,79,docs/report/Newborough_Methods_Supplement.pdf,2026-10-09T06:39Z,1
Newborough_Methods_Supplement,heading,Sub-script 09b --- Scraping propagation,79,docs/report/Newborough_Methods_Supplement.pdf,2026-10-09T06:39Z,1
Newborough_Methods_Supplement,para,methodologysplitwindowss,79,docs/report/Newborough_Methods_Supplement.pdf,2026-10-09T06:39Z,1
Newborough_Methods_Supplement,para,tenuphillwellsnorthandno,79,docs/report/Newborough_Methods_Supplement.pdf,2026-10-09T06:39Z,1
Newborough_Methods_Supplement,para,afterperwellfittingwells,79,docs/report/Newborough_Methods_Supplement.pdf,2026-10-09T06:39Z,1
Newborough_Methods_Supplement,para,thelivecentroidsummarygi,80,docs/report/Newborough_Methods_Supplement.pdf,2026-10-09T06:39Z,1
Newborough_Methods_Supplement,para,the8521070mcontroldistan,80,docs/report/Newborough_Methods_Supplement.pdf,2026-10-09T06:39Z,1
Newborough_Methods_Supplement,para,scenariofiguresarevolume,80,docs/report/Newborough_Methods_Supplement.pdf,2026-10-09T06:39Z,1
Newborough_Methods_Supplement,para,convertingavolumetricbar,80,docs/report/Newborough_Methods_Supplement.pdf,2026-10-09T06:39Z,1
Newborough_Methods_Supplement,para,thescrapingbarremainsane,81,docs/report/Newborough_Methods_Supplement.pdf,2026-10-09T06:39Z,1
Newborough_Methods_Supplement,para,implementationthescenari,81,docs/report/Newborough_Methods_Supplement.pdf,2026-10-09T06:39Z,1
Newborough_Methods_Supplement,para,motivationannualmeanshif,81,docs/report/Newborough_Methods_Supplement.pdf,2026-10-09T06:39Z,1
Newborough_Methods_Supplement,heading,Sub-script 09c --- Summer minima,81,docs/report/Newborough_Methods_Supplement.pdf,2026-10-09T06:39Z,1
Newborough_Methods_Supplement,para,methodologyperwellannual,81,docs/report/Newborough_Methods_Supplement.pdf,2026-10-09T06:39Z,1
Newborough_Methods_Supplement,para,thedualcontroldesignnowp,82,docs/report/Newborough_Methods_Supplement.pdf,2026-10-09T06:39Z,1
Newborough_Methods_Supplement,para,theinterpolationpolicyma,82,docs/report/Newborough_Methods_Supplement.pdf,2026-10-09T06:39Z,1
Newborough_Methods_Supplement,para,equilibrationdecaycharac,82,docs/report/Newborough_Methods_Supplement.pdf,2026-10-09T06:39Z,1
Newborough_Methods_Supplement,para,motivationwasscrapingago,83,docs/report/Newborough_Methods_Supplement.pdf,2026-10-09T06:39Z,1
Newborough_Methods_Supplement,heading,Sub-script 09d --- Scenario comparison,83,docs/report/Newborough_Methods_Supplement.pdf,2026-10-09T06:39Z,1
Newborough_Methods_Supplement,para,methodologyperwellparame,83,docs/report/Newborough_Methods_Supplement.pdf,2026-10-09T06:39Z,1
Newborough_Methods_Supplement,para,theobservedscrapingvalue,83,docs/report/Newborough_Methods_Supplement.pdf,2026-10-09T06:39Z,1
Newborough_Methods_Supplement,para,thelivemonthlyscenarioba,83,docs/report/Newborough_Methods_Supplement.pdf,2026-10-09T06:39Z,1
Newborough_Methods_Supplement,para,twoforcingsandtheoffsite,84,docs/report/Newborough_Methods_Supplement.pdf,2026-10-09T06:39Z,1
Newborough_Methods_Supplement,para,ceh36sownwelllevelsyrath,84,docs/report/Newborough_Methods_Supplement.pdf,2026-10-09T06:39Z,1
Newborough_Methods_Supplement,para,motivationthreeindepende,84,docs/report/Newborough_Methods_Supplement.pdf,2026-10-09T06:39Z,1
Newborough_Methods_Supplement,heading,Sub-script 09e --- Robustness,84,docs/report/Newborough_Methods_Supplement.pdf,2026-10-09T06:39Z,1
Newborough_Methods_Supplement,para,methodologythreeestimato,84,docs/report/Newborough_Methods_Supplement.pdf,2026-10-09T06:39Z,1
Newborough_Methods_Supplement,para,1rawpairedbaciceh36minus,84,docs/report/Newborough_Methods_Supplement.pdf,2026-10-09T06:39Z,1
Newborough_Methods_Supplement,para,theliveestimatesrawbaci0,85,docs/report/Newborough_Methods_Supplement.pdf,2026-10-09T06:39Z,1
Newborough_Methods_Supplement,para,theerasystemtwointervent,85,docs/report/Newborough_Methods_Supplement.pdf,2026-10-09T06:39Z,1
Newborough_Methods_Supplement,heading,Suite-level methodology,85,docs/report/Newborough_Methods_Supplement.pdf,2026-10-09T06:39Z,1
Newborough_Methods_Supplement,para,scrapingcommonastheshare,85,docs/report/Newborough_Methods_Supplement.pdf,2026-10-09T06:39Z,1
Newborough_Methods_Supplement,para,ceh36isthesinglescrapedw,86,docs/report/Newborough_Methods_Supplement.pdf,2026-10-09T06:39Z,1
Newborough_Methods_Supplement,heading,Site-specific choices and rationale (suite-level),86,docs/report/Newborough_Methods_Supplement.pdf,2026-10-09T06:39Z,1
Newborough_Methods_Supplement,para,singlescrapedwellinthehe,86,docs/report/Newborough_Methods_Supplement.pdf,2026-10-09T06:39Z,1
Newborough_Methods_Supplement,heading,Limitations and known caveats (suite-level),86,docs/report/Newborough_Methods_Supplement.pdf,2026-10-09T06:39Z,1
Newborough_Methods_Supplement,para,45scrapinginterventionth,88,docs/report/Newborough_Methods_Supplement.pdf,2026-10-09T06:39Z,1
Newborough_Methods_Supplement,heading,Outputs (consolidated),88,docs/report/Newborough_Methods_Supplement.pdf,2026-10-09T06:39Z,1
Newborough_Methods_Supplement,heading,Where the result appears in the report,88,docs/report/Newborough_Methods_Supplement.pdf,2026-10-09T06:39Z,1
Newborough_Methods_Supplement,para,f3ssmequationdisplacemen,89,docs/report/Newborough_Methods_Supplement.pdf,2026-10-09T06:39Z,1
Newborough_Methods_Supplement,heading,Cross-references,89,docs/report/Newborough_Methods_Supplement.pdf,2026-10-09T06:39Z,1
Newborough_Methods_Supplement,para,springmeancompanionmetri,89,docs/report/Newborough_Methods_Supplement.pdf,2026-10-09T06:39Z,1
Newborough_Methods_Supplement,para,step1030subscripts10a10m,89,docs/report/Newborough_Methods_Supplement.pdf,2026-10-09T06:39Z,1
Newborough_Methods_Supplement,heading,S.7 Script 10 suite (a--m) --- Clearfell BACI,89,docs/report/Newborough_Methods_Supplement.pdf,2026-10-09T06:39Z,1
Newborough_Methods_Supplement,para,thescript10suiteisthesec,89,docs/report/Newborough_Methods_Supplement.pdf,2026-10-09T06:39Z,1
Newborough_Methods_Supplement,para,thepublishedbacidesignus,90,docs/report/Newborough_Methods_Supplement.pdf,2026-10-09T06:39Z,1
Newborough_Methods_Supplement,para,thesuiteaskselevenquesti,90,docs/report/Newborough_Methods_Supplement.pdf,2026-10-09T06:39Z,1
Newborough_Methods_Supplement,para,theheadlineancovabacires,91,docs/report/Newborough_Methods_Supplement.pdf,2026-10-09T06:39Z,1
Newborough_Methods_Supplement,para,allloadinggoesthroughcle,91,docs/report/Newborough_Methods_Supplement.pdf,2026-10-09T06:39Z,1
Newborough_Methods_Supplement,heading,Inputs (suite-shared),91,docs/report/Newborough_Methods_Supplement.pdf,2026-10-09T06:39Z,1
Newborough_Methods_Supplement,para,motivationthisistheheadl,92,docs/report/Newborough_Methods_Supplement.pdf,2026-10-09T06:39Z,1
Newborough_Methods_Supplement,heading,Sub-script 10a --- Three-counterfactual ANCOVA-BACI,92,docs/report/Newborough_Methods_Supplement.pdf,2026-10-09T06:39Z,1
Newborough_Methods_Supplement,para,methodology10afitsthesam,92,docs/report/Newborough_Methods_Supplement.pdf,2026-10-09T06:39Z,1
Newborough_Methods_Supplement,para,forestthefivec4mainfores,92,docs/report/Newborough_Methods_Supplement.pdf,2026-10-09T06:39Z,1
Newborough_Methods_Supplement,para,noteastandalonecoastalfo,92,docs/report/Newborough_Methods_Supplement.pdf,2026-10-09T06:39Z,1
Newborough_Methods_Supplement,para,supplementaryfarfieldcon,92,docs/report/Newborough_Methods_Supplement.pdf,2026-10-09T06:39Z,1
Newborough_Methods_Supplement,para,foreachcontrolzonepairin,93,docs/report/Newborough_Methods_Supplement.pdf,2026-10-09T06:39Z,1
Newborough_Methods_Supplement,para,1computesthebacidisplace,93,docs/report/Newborough_Methods_Supplement.pdf,2026-10-09T06:39Z,1
Newborough_Methods_Supplement,para,whichdriftcovariateisfit,93,docs/report/Newborough_Methods_Supplement.pdf,2026-10-09T06:39Z,1
Newborough_Methods_Supplement,para,theeastingformwasreplace,93,docs/report/Newborough_Methods_Supplement.pdf,2026-10-09T06:39Z,1
Newborough_Methods_Supplement,para,sensitivityischeckedbyre,93,docs/report/Newborough_Methods_Supplement.pdf,2026-10-09T06:39Z,1
Newborough_Methods_Supplement,para,theheadlineoutputtablere,93,docs/report/Newborough_Methods_Supplement.pdf,2026-10-09T06:39Z,1
Newborough_Methods_Supplement,para,impactwmc3108mmrobust95c,94,docs/report/Newborough_Methods_Supplement.pdf,2026-10-09T06:39Z,1
Newborough_Methods_Supplement,para,theclimatecontrolrunsgiv,94,docs/report/Newborough_Methods_Supplement.pdf,2026-10-09T06:39Z,1
Newborough_Methods_Supplement,para,theclimatecontroledgeste,94,docs/report/Newborough_Methods_Supplement.pdf,2026-10-09T06:39Z,1
Newborough_Methods_Supplement,para,directlyfittedsummeranco,94,docs/report/Newborough_Methods_Supplement.pdf,2026-10-09T06:39Z,1
Newborough_Methods_Supplement,para,theannualforestimpactste,95,docs/report/Newborough_Methods_Supplement.pdf,2026-10-09T06:39Z,1
Newborough_Methods_Supplement,para,curvaturecwbfellingsensi,95,docs/report/Newborough_Methods_Supplement.pdf,2026-10-09T06:39Z,1
Newborough_Methods_Supplement,para,percontrolwellspreadeach,95,docs/report/Newborough_Methods_Supplement.pdf,2026-10-09T06:39Z,1
Newborough_Methods_Supplement,para,methodologyforeachwellin,96,docs/report/Newborough_Methods_Supplement.pdf,2026-10-09T06:39Z,1
Newborough_Methods_Supplement,heading,Sub-script 10b --- Spatial step-change maps,96,docs/report/Newborough_Methods_Supplement.pdf,2026-10-09T06:39Z,1
Newborough_Methods_Supplement,para,theclimatecorrectionuses,96,docs/report/Newborough_Methods_Supplement.pdf,2026-10-09T06:39Z,1
Newborough_Methods_Supplement,para,theclearfelleracorrected,96,docs/report/Newborough_Methods_Supplement.pdf,2026-10-09T06:39Z,1
Newborough_Methods_Supplement,para,motivationtheannualjunes,96,docs/report/Newborough_Methods_Supplement.pdf,2026-10-09T06:39Z,1
Newborough_Methods_Supplement,heading,Sub-script 10d --- Summer minima (dual-control),96,docs/report/Newborough_Methods_Supplement.pdf,2026-10-09T06:39Z,1
Newborough_Methods_Supplement,para,methodologyforeachwellin,96,docs/report/Newborough_Methods_Supplement.pdf,2026-10-09T06:39Z,1
Newborough_Methods_Supplement,para,annualsummerminimumandfo,97,docs/report/Newborough_Methods_Supplement.pdf,2026-10-09T06:39Z,1
Newborough_Methods_Supplement,para,apooledmixedeffectsmodel,97,docs/report/Newborough_Methods_Supplement.pdf,2026-10-09T06:39Z,1
Newborough_Methods_Supplement,para,theresultisreportedwithc,97,docs/report/Newborough_Methods_Supplement.pdf,2026-10-09T06:39Z,1
Newborough_Methods_Supplement,para,forestcontrolmixedmodeli,97,docs/report/Newborough_Methods_Supplement.pdf,2026-10-09T06:39Z,1
Newborough_Methods_Supplement,para,theclimatecontrolmixedmo,97,docs/report/Newborough_Methods_Supplement.pdf,2026-10-09T06:39Z,1
Newborough_Methods_Supplement,para,clearfellnodecaycomparat,97,docs/report/Newborough_Methods_Supplement.pdf,2026-10-09T06:39Z,1
Newborough_Methods_Supplement,para,motivationtheancovain10a,98,docs/report/Newborough_Methods_Supplement.pdf,2026-10-09T06:39Z,1
Newborough_Methods_Supplement,heading,Sub-script 10e --- SSM coefficient shift diagnostic,98,docs/report/Newborough_Methods_Supplement.pdf,2026-10-09T06:39Z,1
Newborough_Methods_Supplement,para,methodologyforeachofthe1,98,docs/report/Newborough_Methods_Supplement.pdf,2026-10-09T06:39Z,1
Newborough_Methods_Supplement,para,thescriptdoesnotattemptt,98,docs/report/Newborough_Methods_Supplement.pdf,2026-10-09T06:39Z,1
Newborough_Methods_Supplement,para,onthecurrentfitstheperti,98,docs/report/Newborough_Methods_Supplement.pdf,2026-10-09T06:39Z,1
Newborough_Methods_Supplement,para,themultiplierexportedvia,98,docs/report/Newborough_Methods_Supplement.pdf,2026-10-09T06:39Z,1
Newborough_Methods_Supplement,para,clearfellmultiplieredger,111,docs/report/Newborough_Methods_Supplement.pdf,2026-10-09T06:39Z,2
Newborough_Methods_Supplement,para,whereeachratioisthetierm,98,docs/report/Newborough_Methods_Supplement.pdf,2026-10-09T06:39Z,1
Newborough_Methods_Supplement,para,twoindependentestimators,99,docs/report/Newborough_Methods_Supplement.pdf,2026-10-09T06:39Z,1
Newborough_Methods_Supplement,heading,Sub-script 10f --- Robustness,99,docs/report/Newborough_Methods_Supplement.pdf,2026-10-09T06:39Z,1
Newborough_Methods_Supplement,para,ssmforwardresidualforeac,99,docs/report/Newborough_Methods_Supplement.pdf,2026-10-09T06:39Z,1
Newborough_Methods_Supplement,para,syntheticcontroladonorpo,99,docs/report/Newborough_Methods_Supplement.pdf,2026-10-09T06:39Z,1
Newborough_Methods_Supplement,para,twoindependentestimators,99,docs/report/Newborough_Methods_Supplement.pdf,2026-10-09T06:39Z,1
Newborough_Methods_Supplement,para,threeshortdiagnosticstha,100,docs/report/Newborough_Methods_Supplement.pdf,2026-10-09T06:39Z,1
Newborough_Methods_Supplement,heading,Sub-script 10g --- Diagnostics,100,docs/report/Newborough_Methods_Supplement.pdf,2026-10-09T06:39Z,1
Newborough_Methods_Supplement,para,nw10broadleaftrendnw10si,100,docs/report/Newborough_Methods_Supplement.pdf,2026-10-09T06:39Z,1
Newborough_Methods_Supplement,para,radialtransectathreepane,100,docs/report/Newborough_Methods_Supplement.pdf,2026-10-09T06:39Z,1
Newborough_Methods_Supplement,para,rollingssmcoefficients48,100,docs/report/Newborough_Methods_Supplement.pdf,2026-10-09T06:39Z,1
Newborough_Methods_Supplement,para,motivationwmc3istheonlyi,100,docs/report/Newborough_Methods_Supplement.pdf,2026-10-09T06:39Z,1
Newborough_Methods_Supplement,heading,Sub-script 10h --- Synthetic FE-well extension BACI,100,docs/report/Newborough_Methods_Supplement.pdf,2026-10-09T06:39Z,1
Newborough_Methods_Supplement,para,fe3andfe4arenotsynthesis,101,docs/report/Newborough_Methods_Supplement.pdf,2026-10-09T06:39Z,1
Newborough_Methods_Supplement,para,methodologythreedonorcan,101,docs/report/Newborough_Methods_Supplement.pdf,2026-10-09T06:39Z,1
Newborough_Methods_Supplement,para,threeimpactcentroidvaria,101,docs/report/Newborough_Methods_Supplement.pdf,2026-10-09T06:39Z,1
Newborough_Methods_Supplement,para,variantawmc3fe1fe2threew,101,docs/report/Newborough_Methods_Supplement.pdf,2026-10-09T06:39Z,1
Newborough_Methods_Supplement,para,thereasonforvariantbisth,101,docs/report/Newborough_Methods_Supplement.pdf,2026-10-09T06:39Z,1
Newborough_Methods_Supplement,para,variantcwmc3onlyisthehea,101,docs/report/Newborough_Methods_Supplement.pdf,2026-10-09T06:39Z,1
Newborough_Methods_Supplement,para,thethreeimpacttiervarian,101,docs/report/Newborough_Methods_Supplement.pdf,2026-10-09T06:39Z,1
Newborough_Methods_Supplement,para,motivationceh34isaforest,102,docs/report/Newborough_Methods_Supplement.pdf,2026-10-09T06:39Z,1
Newborough_Methods_Supplement,heading,Sub-script 10i --- CEH34 donor-regression hindcast,102,docs/report/Newborough_Methods_Supplement.pdf,2026-10-09T06:39Z,1
Newborough_Methods_Supplement,para,methodologythedonorwelli,102,docs/report/Newborough_Methods_Supplement.pdf,2026-10-09T06:39Z,1
Newborough_Methods_Supplement,para,thepreclearfellwindowisu,102,docs/report/Newborough_Methods_Supplement.pdf,2026-10-09T06:39Z,1
Newborough_Methods_Supplement,para,downstreamconsumptionthe,102,docs/report/Newborough_Methods_Supplement.pdf,2026-10-09T06:39Z,1
Newborough_Methods_Supplement,para,script10iv100ceh34donorr,103,docs/report/Newborough_Methods_Supplement.pdf,2026-10-09T06:39Z,1
Newborough_Methods_Supplement,para,motivationthethreecounte,103,docs/report/Newborough_Methods_Supplement.pdf,2026-10-09T06:39Z,1
Newborough_Methods_Supplement,heading,Sub-script 10j --- Direct Impact-vs-Edge contrast,103,docs/report/Newborough_Methods_Supplement.pdf,2026-10-09T06:39Z,1
Newborough_Methods_Supplement,para,theedgetierprovidesthate,103,docs/report/Newborough_Methods_Supplement.pdf,2026-10-09T06:39Z,1
Newborough_Methods_Supplement,para,conceptuallythecontrasti,103,docs/report/Newborough_Methods_Supplement.pdf,2026-10-09T06:39Z,1
Newborough_Methods_Supplement,para,methodology10jrunstwopar,103,docs/report/Newborough_Methods_Supplement.pdf,2026-10-09T06:39Z,1
Newborough_Methods_Supplement,para,themonthlymeancontrastpo,103,docs/report/Newborough_Methods_Supplement.pdf,2026-10-09T06:39Z,1
Newborough_Methods_Supplement,para,hitcwbcwbtsscraped1tppos,103,docs/report/Newborough_Methods_Supplement.pdf,2026-10-09T06:39Z,1
Newborough_Methods_Supplement,para,wherehitisthemonthlywate,104,docs/report/Newborough_Methods_Supplement.pdf,2026-10-09T06:39Z,1
Newborough_Methods_Supplement,para,theheadlinecoefficientis,104,docs/report/Newborough_Methods_Supplement.pdf,2026-10-09T06:39Z,1
Newborough_Methods_Supplement,para,theannualsummerminimumco,104,docs/report/Newborough_Methods_Supplement.pdf,2026-10-09T06:39Z,1
Newborough_Methods_Supplement,para,wheremiyisthejunsepminim,104,docs/report/Newborough_Methods_Supplement.pdf,2026-10-09T06:39Z,1
Newborough_Methods_Supplement,para,thetwocoefficientestimat,104,docs/report/Newborough_Methods_Supplement.pdf,2026-10-09T06:39Z,1
Newborough_Methods_Supplement,para,eastingtermsensitivityin,104,docs/report/Newborough_Methods_Supplement.pdf,2026-10-09T06:39Z,1
Newborough_Methods_Supplement,para,script10nsuppliesthenorm,105,docs/report/Newborough_Methods_Supplement.pdf,2026-10-09T06:39Z,1
Newborough_Methods_Supplement,para,10ndoesestablishareasont,105,docs/report/Newborough_Methods_Supplement.pdf,2026-10-09T06:39Z,1
Newborough_Methods_Supplement,para,relationshiptotheother10,105,docs/report/Newborough_Methods_Supplement.pdf,2026-10-09T06:39Z,1
Newborough_Methods_Supplement,para,themonthlycontrastislarg,105,docs/report/Newborough_Methods_Supplement.pdf,2026-10-09T06:39Z,1
Newborough_Methods_Supplement,para,inputswellsclimatemaster,105,docs/report/Newborough_Methods_Supplement.pdf,2026-10-09T06:39Z,1
Newborough_Methods_Supplement,para,outputsperresolutionresu,106,docs/report/Newborough_Methods_Supplement.pdf,2026-10-09T06:39Z,1
Newborough_Methods_Supplement,para,script10jv100directimpac,106,docs/report/Newborough_Methods_Supplement.pdf,2026-10-09T06:39Z,1
Newborough_Methods_Supplement,para,motivationthethreecounte,106,docs/report/Newborough_Methods_Supplement.pdf,2026-10-09T06:39Z,1
Newborough_Methods_Supplement,heading,Sub-scripts 10k and 10l --- Four-zone pooled-panel BACI,106,docs/report/Newborough_Methods_Supplement.pdf,2026-10-09T06:39Z,1
Newborough_Methods_Supplement,para,10kisthemonthlymeanfourz,106,docs/report/Newborough_Methods_Supplement.pdf,2026-10-09T06:39Z,1
Newborough_Methods_Supplement,para,thefourzonesallwellsfrom,106,docs/report/Newborough_Methods_Supplement.pdf,2026-10-09T06:39Z,1
Newborough_Methods_Supplement,para,theforestcontrolreferenc,107,docs/report/Newborough_Methods_Supplement.pdf,2026-10-09T06:39Z,1
Newborough_Methods_Supplement,para,c3warrenisdesignatedasec,107,docs/report/Newborough_Methods_Supplement.pdf,2026-10-09T06:39Z,1
Newborough_Methods_Supplement,para,methodology10kfitsalongf,107,docs/report/Newborough_Methods_Supplement.pdf,2026-10-09T06:39Z,1
Newborough_Methods_Supplement,para,10lfitsthesamefourzoneso,107,docs/report/Newborough_Methods_Supplement.pdf,2026-10-09T06:39Z,1
Newborough_Methods_Supplement,para,primaryandderivedcontras,108,docs/report/Newborough_Methods_Supplement.pdf,2026-10-09T06:39Z,1
Newborough_Methods_Supplement,para,monthlyresult10kthefourz,108,docs/report/Newborough_Methods_Supplement.pdf,2026-10-09T06:39Z,1
Newborough_Methods_Supplement,para,thefourzonejointimpactmi,108,docs/report/Newborough_Methods_Supplement.pdf,2026-10-09T06:39Z,1
Newborough_Methods_Supplement,para,summerresult10lthefourzo,109,docs/report/Newborough_Methods_Supplement.pdf,2026-10-09T06:39Z,1
Newborough_Methods_Supplement,para,inputswellsclimatemaster,109,docs/report/Newborough_Methods_Supplement.pdf,2026-10-09T06:39Z,1
Newborough_Methods_Supplement,para,outputs10kwritesthethree,109,docs/report/Newborough_Methods_Supplement.pdf,2026-10-09T06:39Z,1
Newborough_Methods_Supplement,para,script10kv100fourzonemon,109,docs/report/Newborough_Methods_Supplement.pdf,2026-10-09T06:39Z,1
Newborough_Methods_Supplement,para,markedsupplementaryinrun,109,docs/report/Newborough_Methods_Supplement.pdf,2026-10-09T06:39Z,1
Newborough_Methods_Supplement,heading,Supplementary --- Sub-script 10c --- Forest zone analysis,109,docs/report/Newborough_Methods_Supplement.pdf,2026-10-09T06:39Z,1
Newborough_Methods_Supplement,para,thesuitesharedmodulesits,110,docs/report/Newborough_Methods_Supplement.pdf,2026-10-09T06:39Z,1
Newborough_Methods_Supplement,heading,Methodology (suite-level) --- *clearfell_common.py*,110,docs/report/Newborough_Methods_Supplement.pdf,2026-10-09T06:39Z,1
Newborough_Methods_Supplement,para,welltierdefinitionsfivem,110,docs/report/Newborough_Methods_Supplement.pdf,2026-10-09T06:39Z,1
Newborough_Methods_Supplement,para,interventiondatesinterve,110,docs/report/Newborough_Methods_Supplement.pdf,2026-10-09T06:39Z,1
Newborough_Methods_Supplement,para,dataloadingloadclearfell,110,docs/report/Newborough_Methods_Supplement.pdf,2026-10-09T06:39Z,1
Newborough_Methods_Supplement,para,bacihelperscomputebacidi,110,docs/report/Newborough_Methods_Supplement.pdf,2026-10-09T06:39Z,1
Newborough_Methods_Supplement,para,distanceweightedscraping,110,docs/report/Newborough_Methods_Supplement.pdf,2026-10-09T06:39Z,1
Newborough_Methods_Supplement,para,summerminimumextractiona,110,docs/report/Newborough_Methods_Supplement.pdf,2026-10-09T06:39Z,1
Newborough_Methods_Supplement,para,bacicorrectedmultiplierl,111,docs/report/Newborough_Methods_Supplement.pdf,2026-10-09T06:39Z,1
Newborough_Methods_Supplement,para,reportingutilityreportnu,111,docs/report/Newborough_Methods_Supplement.pdf,2026-10-09T06:39Z,1
Newborough_Methods_Supplement,para,the17wellbacinetworkexcl,111,docs/report/Newborough_Methods_Supplement.pdf,2026-10-09T06:39Z,1
Newborough_Methods_Supplement,heading,Site-specific choices and rationale (suite-level),111,docs/report/Newborough_Methods_Supplement.pdf,2026-10-09T06:39Z,1
Newborough_Methods_Supplement,para,singleimpactwellinthepub,113,docs/report/Newborough_Methods_Supplement.pdf,2026-10-09T06:39Z,1
Newborough_Methods_Supplement,heading,Limitations and known caveats (suite-level),113,docs/report/Newborough_Methods_Supplement.pdf,2026-10-09T06:39Z,1
Newborough_Methods_Supplement,para,motivationtheheadlineanc,114,docs/report/Newborough_Methods_Supplement.pdf,2026-10-09T06:39Z,1
Newborough_Methods_Supplement,heading,Sub-script 10m --- WMC3 BACI dual-panel display figure (v1.0.0),114,docs/report/Newborough_Methods_Supplement.pdf,2026-10-09T06:39Z,1
Newborough_Methods_Supplement,para,methodology10mreads01wel,114,docs/report/Newborough_Methods_Supplement.pdf,2026-10-09T06:39Z,1
Newborough_Methods_Supplement,para,outputs10m01wmc3bacieras,114,docs/report/Newborough_Methods_Supplement.pdf,2026-10-09T06:39Z,1
Newborough_Methods_Supplement,para,reportlocationmainreport,114,docs/report/Newborough_Methods_Supplement.pdf,2026-10-09T06:39Z,1
Newborough_Methods_Supplement,para,46clearfellinterventione,118,docs/report/Newborough_Methods_Supplement.pdf,2026-10-09T06:39Z,1
Newborough_Methods_Supplement,heading,Outputs (consolidated),118,docs/report/Newborough_Methods_Supplement.pdf,2026-10-09T06:39Z,1
Newborough_Methods_Supplement,heading,Where the result appears in the report,118,docs/report/Newborough_Methods_Supplement.pdf,2026-10-09T06:39Z,1
Newborough_Methods_Supplement,para,f3ssmequationdisplacemen,118,docs/report/Newborough_Methods_Supplement.pdf,2026-10-09T06:39Z,1
Newborough_Methods_Supplement,heading,Cross-references,118,docs/report/Newborough_Methods_Supplement.pdf,2026-10-09T06:39Z,1
Newborough_Methods_Supplement,para,springmeancompanionmetri,119,docs/report/Newborough_Methods_Supplement.pdf,2026-10-09T06:39Z,1
Newborough_Methods_Supplement,para,steps131627phase4inrunan,119,docs/report/Newborough_Methods_Supplement.pdf,2026-10-09T06:39Z,1
Newborough_Methods_Supplement,heading,Phase 4 --- Climate and Spatial Context,119,docs/report/Newborough_Methods_Supplement.pdf,2026-10-09T06:39Z,1
Newborough_Methods_Supplement,heading,"S.8 Scripts 00, 12, 13, 14 --- Climate baseline and site-overview figures",119,docs/report/Newborough_Methods_Supplement.pdf,2026-10-09T06:39Z,1
Newborough_Methods_Supplement,para,thefourscriptsinthischap,119,docs/report/Newborough_Methods_Supplement.pdf,2026-10-09T06:39Z,1
Newborough_Methods_Supplement,heading,Motivation,119,docs/report/Newborough_Methods_Supplement.pdf,2026-10-09T06:39Z,1
Newborough_Methods_Supplement,para,threeofthefourscripts001,120,docs/report/Newborough_Methods_Supplement.pdf,2026-10-09T06:39Z,1
Newborough_Methods_Supplement,para,scripts12and13arethetwop,120,docs/report/Newborough_Methods_Supplement.pdf,2026-10-09T06:39Z,1
Newborough_Methods_Supplement,heading,Inputs,120,docs/report/Newborough_Methods_Supplement.pdf,2026-10-09T06:39Z,1
Newborough_Methods_Supplement,para,script00generatestwocomp,120,docs/report/Newborough_Methods_Supplement.pdf,2026-10-09T06:39Z,1
Newborough_Methods_Supplement,heading,Sub-script 00 --- Climate summary,120,docs/report/Newborough_Methods_Supplement.pdf,2026-10-09T06:39Z,1
Newborough_Methods_Supplement,para,thewellfilterretainswell,121,docs/report/Newborough_Methods_Supplement.pdf,2026-10-09T06:39Z,1
Newborough_Methods_Supplement,para,themonitoringperiodtimes,121,docs/report/Newborough_Methods_Supplement.pdf,2026-10-09T06:39Z,1
Newborough_Methods_Supplement,para,thesummerwarmingtrendfig,121,docs/report/Newborough_Methods_Supplement.pdf,2026-10-09T06:39Z,1
Newborough_Methods_Supplement,para,script12producesfigure1o,121,docs/report/Newborough_Methods_Supplement.pdf,2026-10-09T06:39Z,1
Newborough_Methods_Supplement,heading,Sub-script 12 --- Site overview map,121,docs/report/Newborough_Methods_Supplement.pdf,2026-10-09T06:39Z,1
Newborough_Methods_Supplement,para,ifthelocaldemisabsentorr,122,docs/report/Newborough_Methods_Supplement.pdf,2026-10-09T06:39Z,1
Newborough_Methods_Supplement,para,script13producesthebacis,122,docs/report/Newborough_Methods_Supplement.pdf,2026-10-09T06:39Z,1
Newborough_Methods_Supplement,heading,Sub-script 13 --- Experimental design map,122,docs/report/Newborough_Methods_Supplement.pdf,2026-10-09T06:39Z,1
Newborough_Methods_Supplement,para,eachwellsexperimentalrol,122,docs/report/Newborough_Methods_Supplement.pdf,2026-10-09T06:39Z,1
Newborough_Methods_Supplement,para,thedemhillshadeunderlayu,122,docs/report/Newborough_Methods_Supplement.pdf,2026-10-09T06:39Z,1
Newborough_Methods_Supplement,para,script14reads03regionala,122,docs/report/Newborough_Methods_Supplement.pdf,2026-10-09T06:39Z,1
Newborough_Methods_Supplement,heading,Sub-script 14 --- Climate projections,122,docs/report/Newborough_Methods_Supplement.pdf,2026-10-09T06:39Z,1
Newborough_Methods_Supplement,para,thefourfigureoutputsare1,123,docs/report/Newborough_Methods_Supplement.pdf,2026-10-09T06:39Z,1
Newborough_Methods_Supplement,para,theframinginthereportisd,123,docs/report/Newborough_Methods_Supplement.pdf,2026-10-09T06:39Z,1
Newborough_Methods_Supplement,para,twoprofilesinscript00ful,123,docs/report/Newborough_Methods_Supplement.pdf,2026-10-09T06:39Z,1
Newborough_Methods_Supplement,heading,Site-specific choices (suite-level),123,docs/report/Newborough_Methods_Supplement.pdf,2026-10-09T06:39Z,1
Newborough_Methods_Supplement,para,allpathsresolvethroughut,125,docs/report/Newborough_Methods_Supplement.pdf,2026-10-09T06:39Z,1
Newborough_Methods_Supplement,heading,Outputs,125,docs/report/Newborough_Methods_Supplement.pdf,2026-10-09T06:39Z,1
Newborough_Methods_Supplement,para,2sitesettingfigure1froms,125,docs/report/Newborough_Methods_Supplement.pdf,2026-10-09T06:39Z,1
Newborough_Methods_Supplement,heading,Where the result appears in the report,125,docs/report/Newborough_Methods_Supplement.pdf,2026-10-09T06:39Z,1
Newborough_Methods_Supplement,para,f3ssmformulationthatdriv,125,docs/report/Newborough_Methods_Supplement.pdf,2026-10-09T06:39Z,1
Newborough_Methods_Supplement,heading,Cross-references,125,docs/report/Newborough_Methods_Supplement.pdf,2026-10-09T06:39Z,1
Newborough_Methods_Supplement,para,script14bwasaddedon20260,125,docs/report/Newborough_Methods_Supplement.pdf,2026-10-09T06:39Z,1
Newborough_Methods_Supplement,heading,"S.8.5 Script 14b --- Bootstrap year-of-crossing (post-review addition, Phase 4 step 16)",125,docs/report/Newborough_Methods_Supplement.pdf,2026-10-09T06:39Z,1
Newborough_Methods_Supplement,para,procedureforeachofthefiv,126,docs/report/Newborough_Methods_Supplement.pdf,2026-10-09T06:39Z,1
Newborough_Methods_Supplement,para,headlineresult20260529va,126,docs/report/Newborough_Methods_Supplement.pdf,2026-10-09T06:39Z,1
Newborough_Methods_Supplement,para,inputsoutputs14climatepr,126,docs/report/Newborough_Methods_Supplement.pdf,2026-10-09T06:39Z,1
Newborough_Methods_Supplement,para,outputssharingpathsdir14,126,docs/report/Newborough_Methods_Supplement.pdf,2026-10-09T06:39Z,1
Newborough_Methods_Supplement,para,nonewpathconstantsweread,126,docs/report/Newborough_Methods_Supplement.pdf,2026-10-09T06:39Z,1
Newborough_Methods_Supplement,para,limitationslinearextrapo,126,docs/report/Newborough_Methods_Supplement.pdf,2026-10-09T06:39Z,1
Newborough_Methods_Supplement,para,7conclusion11ofthemainre,127,docs/report/Newborough_Methods_Supplement.pdf,2026-10-09T06:39Z,1
Newborough_Methods_Supplement,para,springmeancentroidtrends,127,docs/report/Newborough_Methods_Supplement.pdf,2026-10-09T06:39Z,1
Newborough_Methods_Supplement,para,steps11and1227phase4clim,127,docs/report/Newborough_Methods_Supplement.pdf,2026-10-09T06:39Z,1
Newborough_Methods_Supplement,heading,"S.9 Scripts 11, 11b --- Forecasting and spatial thresholds",127,docs/report/Newborough_Methods_Supplement.pdf,2026-10-09T06:39Z,1
Newborough_Methods_Supplement,para,thepairimplementsthe36fo,127,docs/report/Newborough_Methods_Supplement.pdf,2026-10-09T06:39Z,1
Newborough_Methods_Supplement,para,script11takesscript03scl,128,docs/report/Newborough_Methods_Supplement.pdf,2026-10-09T06:39Z,1
Newborough_Methods_Supplement,heading,Inputs (suite-level),128,docs/report/Newborough_Methods_Supplement.pdf,2026-10-09T06:39Z,1
Newborough_Methods_Supplement,heading,Sub-script 11 --- Cluster-level temporal forecasting,128,docs/report/Newborough_Methods_Supplement.pdf,2026-10-09T06:39Z,1
Newborough_Methods_Supplement,heading,Motivation,128,docs/report/Newborough_Methods_Supplement.pdf,2026-10-09T06:39Z,1
Newborough_Methods_Supplement,para,sharedinfrastructureallf,128,docs/report/Newborough_Methods_Supplement.pdf,2026-10-09T06:39Z,1
Newborough_Methods_Supplement,heading,Methodology,128,docs/report/Newborough_Methods_Supplement.pdf,2026-10-09T06:39Z,1
Newborough_Methods_Supplement,para,section1mechanisticstate,128,docs/report/Newborough_Methods_Supplement.pdf,2026-10-09T06:39Z,1
Newborough_Methods_Supplement,para,section2peakfloodtransfe,129,docs/report/Newborough_Methods_Supplement.pdf,2026-10-09T06:39Z,1
Newborough_Methods_Supplement,para,apistheregressionslopeon,129,docs/report/Newborough_Methods_Supplement.pdf,2026-10-09T06:39Z,1
Newborough_Methods_Supplement,para,section3criticalrainfall,129,docs/report/Newborough_Methods_Supplement.pdf,2026-10-09T06:39Z,1
Newborough_Methods_Supplement,para,whereptandpttarethelongt,129,docs/report/Newborough_Methods_Supplement.pdf,2026-10-09T06:39Z,1
Newborough_Methods_Supplement,para,withthedrainageweightedc,129,docs/report/Newborough_Methods_Supplement.pdf,2026-10-09T06:39Z,1
Newborough_Methods_Supplement,para,settinghhtarget0theslack,129,docs/report/Newborough_Methods_Supplement.pdf,2026-10-09T06:39Z,1
Newborough_Methods_Supplement,para,thez1hterminthenumerator,129,docs/report/Newborough_Methods_Supplement.pdf,2026-10-09T06:39Z,1
Newborough_Methods_Supplement,para,wheredwisthewellsdepthbe,130,docs/report/Newborough_Methods_Supplement.pdf,2026-10-09T06:39Z,1
Newborough_Methods_Supplement,para,theimplementationcallsmo,130,docs/report/Newborough_Methods_Supplement.pdf,2026-10-09T06:39Z,1
Newborough_Methods_Supplement,para,section4summerdroughttra,130,docs/report/Newborough_Methods_Supplement.pdf,2026-10-09T06:39Z,1
Newborough_Methods_Supplement,para,hminsummerappsummerahhma,130,docs/report/Newborough_Methods_Supplement.pdf,2026-10-09T06:39Z,1
Newborough_Methods_Supplement,para,overthesamehydrologicaly,130,docs/report/Newborough_Methods_Supplement.pdf,2026-10-09T06:39Z,1
Newborough_Methods_Supplement,para,section5springmsltransfe,130,docs/report/Newborough_Methods_Supplement.pdf,2026-10-09T06:39Z,1
Newborough_Methods_Supplement,para,blockcolumnsunderk5areon,130,docs/report/Newborough_Methods_Supplement.pdf,2026-10-09T06:39Z,1
Newborough_Methods_Supplement,heading,Site-specific choices (Script 11),130,docs/report/Newborough_Methods_Supplement.pdf,2026-10-09T06:39Z,1
Newborough_Methods_Supplement,para,transferfunctionforecast,131,docs/report/Newborough_Methods_Supplement.pdf,2026-10-09T06:39Z,1
Newborough_Methods_Supplement,heading,Outputs (Script 11),131,docs/report/Newborough_Methods_Supplement.pdf,2026-10-09T06:39Z,1
Newborough_Methods_Supplement,heading,Limitations (Script 11),131,docs/report/Newborough_Methods_Supplement.pdf,2026-10-09T06:39Z,1
Newborough_Methods_Supplement,para,script11bappliesthethres,132,docs/report/Newborough_Methods_Supplement.pdf,2026-10-09T06:39Z,1
Newborough_Methods_Supplement,heading,Sub-script 11b --- Per-well spatial threshold maps,132,docs/report/Newborough_Methods_Supplement.pdf,2026-10-09T06:39Z,1
Newborough_Methods_Supplement,heading,Motivation,132,docs/report/Newborough_Methods_Supplement.pdf,2026-10-09T06:39Z,1
Newborough_Methods_Supplement,para,sharedinfrastructureload,132,docs/report/Newborough_Methods_Supplement.pdf,2026-10-09T06:39Z,1
Newborough_Methods_Supplement,heading,Methodology,132,docs/report/Newborough_Methods_Supplement.pdf,2026-10-09T06:39Z,1
Newborough_Methods_Supplement,para,summerminimadepthmapplot,132,docs/report/Newborough_Methods_Supplement.pdf,2026-10-09T06:39Z,1
Newborough_Methods_Supplement,para,wintermaximadepthmapplot,132,docs/report/Newborough_Methods_Supplement.pdf,2026-10-09T06:39Z,1
Newborough_Methods_Supplement,para,pfloodspatialmapplotpflo,133,docs/report/Newborough_Methods_Supplement.pdf,2026-10-09T06:39Z,1
Newborough_Methods_Supplement,para,floodfrequencymapandpflo,133,docs/report/Newborough_Methods_Supplement.pdf,2026-10-09T06:39Z,1
Newborough_Methods_Supplement,para,thedatabundlethatbacksth,133,docs/report/Newborough_Methods_Supplement.pdf,2026-10-09T06:39Z,1
Newborough_Methods_Supplement,para,augustseptembersummermin,134,docs/report/Newborough_Methods_Supplement.pdf,2026-10-09T06:39Z,1
Newborough_Methods_Supplement,heading,Site-specific choices (Script 11b),134,docs/report/Newborough_Methods_Supplement.pdf,2026-10-09T06:39Z,1
Newborough_Methods_Supplement,para,perwelldemelevationscarr,135,docs/report/Newborough_Methods_Supplement.pdf,2026-10-09T06:39Z,1
Newborough_Methods_Supplement,heading,Outputs (Script 11b),135,docs/report/Newborough_Methods_Supplement.pdf,2026-10-09T06:39Z,1
Newborough_Methods_Supplement,heading,Limitations (Script 11b),135,docs/report/Newborough_Methods_Supplement.pdf,2026-10-09T06:39Z,1
Newborough_Methods_Supplement,para,onethresholdframeworktwo,136,docs/report/Newborough_Methods_Supplement.pdf,2026-10-09T06:39Z,1
Newborough_Methods_Supplement,heading,Site-specific choices and limitations (suite-level),136,docs/report/Newborough_Methods_Supplement.pdf,2026-10-09T06:39Z,1
Newborough_Methods_Supplement,para,36forecastingscript11met,137,docs/report/Newborough_Methods_Supplement.pdf,2026-10-09T06:39Z,1
Newborough_Methods_Supplement,heading,Outputs (consolidated),137,docs/report/Newborough_Methods_Supplement.pdf,2026-10-09T06:39Z,1
Newborough_Methods_Supplement,heading,Where the result appears in the report,137,docs/report/Newborough_Methods_Supplement.pdf,2026-10-09T06:39Z,1
Newborough_Methods_Supplement,para,f3ssmequationformdrainag,137,docs/report/Newborough_Methods_Supplement.pdf,2026-10-09T06:39Z,1
Newborough_Methods_Supplement,heading,Cross-references,137,docs/report/Newborough_Methods_Supplement.pdf,2026-10-09T06:39Z,1
Newborough_Methods_Supplement,para,script11cwasaddedon20260,138,docs/report/Newborough_Methods_Supplement.pdf,2026-10-09T06:39Z,1
Newborough_Methods_Supplement,heading,"S.9.3 Script 11c --- P_flood achievability map (post-review addition, Phase 3 step 13)",138,docs/report/Newborough_Methods_Supplement.pdf,2026-10-09T06:39Z,1
Newborough_Methods_Supplement,para,procedureeachofthe88well,138,docs/report/Newborough_Methods_Supplement.pdf,2026-10-09T06:39Z,1
Newborough_Methods_Supplement,para,achievablemp15reachablei,138,docs/report/Newborough_Methods_Supplement.pdf,2026-10-09T06:39Z,1
Newborough_Methods_Supplement,para,thebinedgesfollowconclus,138,docs/report/Newborough_Methods_Supplement.pdf,2026-10-09T06:39Z,1
Newborough_Methods_Supplement,para,headlineresultrerun20260,138,docs/report/Newborough_Methods_Supplement.pdf,2026-10-09T06:39Z,1
Newborough_Methods_Supplement,para,outputs11bspatialthresho,139,docs/report/Newborough_Methods_Supplement.pdf,2026-10-09T06:39Z,1
Newborough_Methods_Supplement,para,outputssharingpathsdir11,139,docs/report/Newborough_Methods_Supplement.pdf,2026-10-09T06:39Z,1
Newborough_Methods_Supplement,para,11cpfloodachievabilitypn,139,docs/report/Newborough_Methods_Supplement.pdf,2026-10-09T06:39Z,1
Newborough_Methods_Supplement,para,pathconstantsnewpathsout,139,docs/report/Newborough_Methods_Supplement.pdf,2026-10-09T06:39Z,1
Newborough_Methods_Supplement,para,limitationsthempvaluesco,139,docs/report/Newborough_Methods_Supplement.pdf,2026-10-09T06:39Z,1
Newborough_Methods_Supplement,para,59ofthemainreportthefigu,139,docs/report/Newborough_Methods_Supplement.pdf,2026-10-09T06:39Z,1
Newborough_Methods_Supplement,para,step1727phase5inrunanaly,139,docs/report/Newborough_Methods_Supplement.pdf,2026-10-09T06:39Z,1
Newborough_Methods_Supplement,heading,S.10 Script 15 --- Depth-dependent PET sensitivity,139,docs/report/Newborough_Methods_Supplement.pdf,2026-10-09T06:39Z,1
Newborough_Methods_Supplement,para,thecanonicalssmf3script0,140,docs/report/Newborough_Methods_Supplement.pdf,2026-10-09T06:39Z,1
Newborough_Methods_Supplement,heading,Motivation,140,docs/report/Newborough_Methods_Supplement.pdf,2026-10-09T06:39Z,1
Newborough_Methods_Supplement,para,script15teststhisbyrepla,140,docs/report/Newborough_Methods_Supplement.pdf,2026-10-09T06:39Z,1
Newborough_Methods_Supplement,para,modifiedssmthedepthcoupl,140,docs/report/Newborough_Methods_Supplement.pdf,2026-10-09T06:39Z,1
Newborough_Methods_Supplement,heading,Inputs,140,docs/report/Newborough_Methods_Supplement.pdf,2026-10-09T06:39Z,1
Newborough_Methods_Supplement,heading,Methodology,140,docs/report/Newborough_Methods_Supplement.pdf,2026-10-09T06:39Z,1
Newborough_Methods_Supplement,para,therainfallanddrainagete,140,docs/report/Newborough_Methods_Supplement.pdf,2026-10-09T06:39Z,1
Newborough_Methods_Supplement,para,twousesofdepthonetermthe,140,docs/report/Newborough_Methods_Supplement.pdf,2026-10-09T06:39Z,1
Newborough_Methods_Supplement,para,clustercentroidconstruct,141,docs/report/Newborough_Methods_Supplement.pdf,2026-10-09T06:39Z,1
Newborough_Methods_Supplement,para,gridsearchgridsearchlamb,141,docs/report/Newborough_Methods_Supplement.pdf,2026-10-09T06:39Z,1
Newborough_Methods_Supplement,para,whyiterativenserathertha,141,docs/report/Newborough_Methods_Supplement.pdf,2026-10-09T06:39Z,1
Newborough_Methods_Supplement,para,fitwindowthescriptusesth,141,docs/report/Newborough_Methods_Supplement.pdf,2026-10-09T06:39Z,1
Newborough_Methods_Supplement,para,gridrange06mthelowerboun,142,docs/report/Newborough_Methods_Supplement.pdf,2026-10-09T06:39Z,1
Newborough_Methods_Supplement,heading,Site-specific choices and rationale,142,docs/report/Newborough_Methods_Supplement.pdf,2026-10-09T06:39Z,1
Newborough_Methods_Supplement,para,theprincipaldownstreamco,143,docs/report/Newborough_Methods_Supplement.pdf,2026-10-09T06:39Z,1
Newborough_Methods_Supplement,heading,Outputs,143,docs/report/Newborough_Methods_Supplement.pdf,2026-10-09T06:39Z,1
Newborough_Methods_Supplement,para,thedepthcoupledmodelimpr,143,docs/report/Newborough_Methods_Supplement.pdf,2026-10-09T06:39Z,1
Newborough_Methods_Supplement,heading,Results to describe at the methodological level,143,docs/report/Newborough_Methods_Supplement.pdf,2026-10-09T06:39Z,1
Newborough_Methods_Supplement,para,threeobservationsonthepa,143,docs/report/Newborough_Methods_Supplement.pdf,2026-10-09T06:39Z,1
Newborough_Methods_Supplement,para,thecrossclusterpatternis,143,docs/report/Newborough_Methods_Supplement.pdf,2026-10-09T06:39Z,1
Newborough_Methods_Supplement,para,script25addsthespringmea,144,docs/report/Newborough_Methods_Supplement.pdf,2026-10-09T06:39Z,1
Newborough_Methods_Supplement,heading,Spring-mean branch and the season × gradient interaction test (v1.5.x),144,docs/report/Newborough_Methods_Supplement.pdf,2026-10-09T06:39Z,1
Newborough_Methods_Supplement,para,twodiagnosticsaccompanyt,144,docs/report/Newborough_Methods_Supplement.pdf,2026-10-09T06:39Z,1
Newborough_Methods_Supplement,para,clustercentroidfittingon,145,docs/report/Newborough_Methods_Supplement.pdf,2026-10-09T06:39Z,1
Newborough_Methods_Supplement,heading,Limitations and known caveats,145,docs/report/Newborough_Methods_Supplement.pdf,2026-10-09T06:39Z,1
Newborough_Methods_Supplement,para,522displacementformulati,145,docs/report/Newborough_Methods_Supplement.pdf,2026-10-09T06:39Z,1
Newborough_Methods_Supplement,heading,Where the result appears in the report,145,docs/report/Newborough_Methods_Supplement.pdf,2026-10-09T06:39Z,1
Newborough_Methods_Supplement,para,step1927phase7waterbalan,146,docs/report/Newborough_Methods_Supplement.pdf,2026-10-09T06:39Z,1
Newborough_Methods_Supplement,heading,Cross-references,146,docs/report/Newborough_Methods_Supplement.pdf,2026-10-09T06:39Z,1
Newborough_Methods_Supplement,heading,S.11 Script 16 --- Water balance decomposition,146,docs/report/Newborough_Methods_Supplement.pdf,2026-10-09T06:39Z,1
Newborough_Methods_Supplement,para,thestatespacemodelfitted,146,docs/report/Newborough_Methods_Supplement.pdf,2026-10-09T06:39Z,1
Newborough_Methods_Supplement,heading,Motivation,146,docs/report/Newborough_Methods_Supplement.pdf,2026-10-09T06:39Z,1
Newborough_Methods_Supplement,para,withthethreetermsinheade,147,docs/report/Newborough_Methods_Supplement.pdf,2026-10-09T06:39Z,1
Newborough_Methods_Supplement,heading,Inputs,147,docs/report/Newborough_Methods_Supplement.pdf,2026-10-09T06:39Z,1
Newborough_Methods_Supplement,heading,Methodology,147,docs/report/Newborough_Methods_Supplement.pdf,2026-10-09T06:39Z,1
Newborough_Methods_Supplement,heading,The head-space decomposition,147,docs/report/Newborough_Methods_Supplement.pdf,2026-10-09T06:39Z,1
Newborough_Methods_Supplement,para,thefunctioncomputeheadsp,147,docs/report/Newborough_Methods_Supplement.pdf,2026-10-09T06:39Z,1
Newborough_Methods_Supplement,para,eachclusterreceivesthesa,147,docs/report/Newborough_Methods_Supplement.pdf,2026-10-09T06:39Z,1
Newborough_Methods_Supplement,para,theheadspacecomponentsar,147,docs/report/Newborough_Methods_Supplement.pdf,2026-10-09T06:39Z,1
Newborough_Methods_Supplement,heading,From head-space to volume,147,docs/report/Newborough_Methods_Supplement.pdf,2026-10-09T06:39Z,1
Newborough_Methods_Supplement,para,savevolumetrictableimple,147,docs/report/Newborough_Methods_Supplement.pdf,2026-10-09T06:39Z,1
Newborough_Methods_Supplement,para,theheadspacepartitioniso,148,docs/report/Newborough_Methods_Supplement.pdf,2026-10-09T06:39Z,1
Newborough_Methods_Supplement,heading,Recession as an independent check,148,docs/report/Newborough_Methods_Supplement.pdf,2026-10-09T06:39Z,1
Newborough_Methods_Supplement,para,thereasoningisthatetisst,148,docs/report/Newborough_Methods_Supplement.pdf,2026-10-09T06:39Z,1
Newborough_Methods_Supplement,para,twoindependentconstraint,148,docs/report/Newborough_Methods_Supplement.pdf,2026-10-09T06:39Z,1
Newborough_Methods_Supplement,para,forestinterceptionf4fore,148,docs/report/Newborough_Methods_Supplement.pdf,2026-10-09T06:39Z,1
Newborough_Methods_Supplement,heading,Interception and the energy budget,148,docs/report/Newborough_Methods_Supplement.pdf,2026-10-09T06:39Z,1
Newborough_Methods_Supplement,para,thecancellationmattersbe,148,docs/report/Newborough_Methods_Supplement.pdf,2026-10-09T06:39Z,1
Newborough_Methods_Supplement,para,longtermmeansratherthanm,149,docs/report/Newborough_Methods_Supplement.pdf,2026-10-09T06:39Z,1
Newborough_Methods_Supplement,heading,Site-specific choices and rationale,149,docs/report/Newborough_Methods_Supplement.pdf,2026-10-09T06:39Z,1
Newborough_Methods_Supplement,para,theclosureissteadystatey,150,docs/report/Newborough_Methods_Supplement.pdf,2026-10-09T06:39Z,1
Newborough_Methods_Supplement,heading,Outputs,150,docs/report/Newborough_Methods_Supplement.pdf,2026-10-09T06:39Z,1
Newborough_Methods_Supplement,heading,Limitations and known caveats,150,docs/report/Newborough_Methods_Supplement.pdf,2026-10-09T06:39Z,1
Newborough_Methods_Supplement,para,423waterbalancethesectio,151,docs/report/Newborough_Methods_Supplement.pdf,2026-10-09T06:39Z,1
Newborough_Methods_Supplement,heading,Where the result appears in the report,151,docs/report/Newborough_Methods_Supplement.pdf,2026-10-09T06:39Z,1
Newborough_Methods_Supplement,para,f3ssmdisplacementformula,151,docs/report/Newborough_Methods_Supplement.pdf,2026-10-09T06:39Z,1
Newborough_Methods_Supplement,heading,Cross-references,151,docs/report/Newborough_Methods_Supplement.pdf,2026-10-09T06:39Z,1
Newborough_Methods_Supplement,para,steps18and2027phase6scri,151,docs/report/Newborough_Methods_Supplement.pdf,2026-10-09T06:39Z,1
Newborough_Methods_Supplement,heading,"S.12 Scripts 17, 18 --- WTF Specific Yield (cluster and spatial)",151,docs/report/Newborough_Methods_Supplement.pdf,2026-10-09T06:39Z,1
Newborough_Methods_Supplement,para,thewatertablefluctuation,151,docs/report/Newborough_Methods_Supplement.pdf,2026-10-09T06:39Z,1
Newborough_Methods_Supplement,para,aclusterlevelsyisthenatu,152,docs/report/Newborough_Methods_Supplement.pdf,2026-10-09T06:39Z,1
Newborough_Methods_Supplement,heading,Sub-script 17 --- *17_wtf_specific_yield.py* (cluster-level Sy),152,docs/report/Newborough_Methods_Supplement.pdf,2026-10-09T06:39Z,1
Newborough_Methods_Supplement,heading,Motivation,152,docs/report/Newborough_Methods_Supplement.pdf,2026-10-09T06:39Z,1
Newborough_Methods_Supplement,para,script17readstheregional,152,docs/report/Newborough_Methods_Supplement.pdf,2026-10-09T06:39Z,1
Newborough_Methods_Supplement,heading,Methodology,152,docs/report/Newborough_Methods_Supplement.pdf,2026-10-09T06:39Z,1
Newborough_Methods_Supplement,para,approachadrainagecorrect,152,docs/report/Newborough_Methods_Supplement.pdf,2026-10-09T06:39Z,1
Newborough_Methods_Supplement,para,rearrangingtoestimatesyg,152,docs/report/Newborough_Methods_Supplement.pdf,2026-10-09T06:39Z,1
Newborough_Methods_Supplement,para,approachbeventmedianfore,153,docs/report/Newborough_Methods_Supplement.pdf,2026-10-09T06:39Z,1
Newborough_Methods_Supplement,para,approachcrapidrechargeev,153,docs/report/Newborough_Methods_Supplement.pdf,2026-10-09T06:39Z,1
Newborough_Methods_Supplement,para,interceptioncorrectionfo,153,docs/report/Newborough_Methods_Supplement.pdf,2026-10-09T06:39Z,1
Newborough_Methods_Supplement,para,headlinevaluesapproachbi,153,docs/report/Newborough_Methods_Supplement.pdf,2026-10-09T06:39Z,1
Newborough_Methods_Supplement,para,threecrossapproachobserv,154,docs/report/Newborough_Methods_Supplement.pdf,2026-10-09T06:39Z,1
Newborough_Methods_Supplement,para,winterrestrictionforappr,154,docs/report/Newborough_Methods_Supplement.pdf,2026-10-09T06:39Z,1
Newborough_Methods_Supplement,heading,Site-specific choices,154,docs/report/Newborough_Methods_Supplement.pdf,2026-10-09T06:39Z,1
Newborough_Methods_Supplement,para,script18bringsthewtfesti,156,docs/report/Newborough_Methods_Supplement.pdf,2026-10-09T06:39Z,1
Newborough_Methods_Supplement,heading,Outputs,156,docs/report/Newborough_Methods_Supplement.pdf,2026-10-09T06:39Z,1
Newborough_Methods_Supplement,heading,Sub-script 18 --- *18_wtf_spatial.py* (per-well Sy and the drainage half-life map),156,docs/report/Newborough_Methods_Supplement.pdf,2026-10-09T06:39Z,1
Newborough_Methods_Supplement,heading,Motivation,156,docs/report/Newborough_Methods_Supplement.pdf,2026-10-09T06:39Z,1
Newborough_Methods_Supplement,para,whatefoldingtimemeansinp,156,docs/report/Newborough_Methods_Supplement.pdf,2026-10-09T06:39Z,1
Newborough_Methods_Supplement,para,whatsyaddsbeyondtrtheefo,156,docs/report/Newborough_Methods_Supplement.pdf,2026-10-09T06:39Z,1
Newborough_Methods_Supplement,para,script18readsthecleanedr,157,docs/report/Newborough_Methods_Supplement.pdf,2026-10-09T06:39Z,1
Newborough_Methods_Supplement,heading,Methodology,157,docs/report/Newborough_Methods_Supplement.pdf,2026-10-09T06:39Z,1
Newborough_Methods_Supplement,para,extendednetworkhandlingt,157,docs/report/Newborough_Methods_Supplement.pdf,2026-10-09T06:39Z,1
Newborough_Methods_Supplement,para,spatialinterpolationthep,157,docs/report/Newborough_Methods_Supplement.pdf,2026-10-09T06:39Z,1
Newborough_Methods_Supplement,para,storagedrainageindexsyth,157,docs/report/Newborough_Methods_Supplement.pdf,2026-10-09T06:39Z,1
Newborough_Methods_Supplement,para,headspacerecessiontimetr,157,docs/report/Newborough_Methods_Supplement.pdf,2026-10-09T06:39Z,1
Newborough_Methods_Supplement,para,aquiferdiagnosticsynthes,158,docs/report/Newborough_Methods_Supplement.pdf,2026-10-09T06:39Z,1
Newborough_Methods_Supplement,para,thestoragedrainageindexi,158,docs/report/Newborough_Methods_Supplement.pdf,2026-10-09T06:39Z,1
Newborough_Methods_Supplement,heading,Site-specific choices,158,docs/report/Newborough_Methods_Supplement.pdf,2026-10-09T06:39Z,1
Newborough_Methods_Supplement,para,wtfasacomplementtothessm,159,docs/report/Newborough_Methods_Supplement.pdf,2026-10-09T06:39Z,1
Newborough_Methods_Supplement,heading,Outputs,159,docs/report/Newborough_Methods_Supplement.pdf,2026-10-09T06:39Z,1
Newborough_Methods_Supplement,heading,Site-specific choices and rationale (suite-level),159,docs/report/Newborough_Methods_Supplement.pdf,2026-10-09T06:39Z,1
Newborough_Methods_Supplement,para,syestimatesfromthewtfmet,160,docs/report/Newborough_Methods_Supplement.pdf,2026-10-09T06:39Z,1
Newborough_Methods_Supplement,heading,Limitations and known caveats,160,docs/report/Newborough_Methods_Supplement.pdf,2026-10-09T06:39Z,1
Newborough_Methods_Supplement,para,424ortheequivalentverify,161,docs/report/Newborough_Methods_Supplement.pdf,2026-10-09T06:39Z,1
Newborough_Methods_Supplement,heading,Where the result appears in the report,161,docs/report/Newborough_Methods_Supplement.pdf,2026-10-09T06:39Z,1
Newborough_Methods_Supplement,para,f3ssmdisplacementformula,161,docs/report/Newborough_Methods_Supplement.pdf,2026-10-09T06:39Z,1
Newborough_Methods_Supplement,heading,Cross-references,161,docs/report/Newborough_Methods_Supplement.pdf,2026-10-09T06:39Z,1
Newborough_Methods_Supplement,para,steps21and2227phase9spat,162,docs/report/Newborough_Methods_Supplement.pdf,2026-10-09T06:39Z,1
Newborough_Methods_Supplement,heading,"S.13 Scripts 19, 20 --- Spatial groundwater analysis",162,docs/report/Newborough_Methods_Supplement.pdf,2026-10-09T06:39Z,1
Newborough_Methods_Supplement,para,scripts19and20togetherco,162,docs/report/Newborough_Methods_Supplement.pdf,2026-10-09T06:39Z,1
Newborough_Methods_Supplement,para,motivationthemechanistic,162,docs/report/Newborough_Methods_Supplement.pdf,2026-10-09T06:39Z,1
Newborough_Methods_Supplement,heading,Sub-script 19 --- Scenario viewer (interactive HTML),162,docs/report/Newborough_Methods_Supplement.pdf,2026-10-09T06:39Z,1
Newborough_Methods_Supplement,para,methodologytheengineisth,162,docs/report/Newborough_Methods_Supplement.pdf,2026-10-09T06:39Z,1
Newborough_Methods_Supplement,para,hpeffscenarioscenariopet,162,docs/report/Newborough_Methods_Supplement.pdf,2026-10-09T06:39Z,1
Newborough_Methods_Supplement,para,thehtermscancelexactlyle,162,docs/report/Newborough_Methods_Supplement.pdf,2026-10-09T06:39Z,1
Newborough_Methods_Supplement,para,hpeffscenariopeffbaselin,163,docs/report/Newborough_Methods_Supplement.pdf,2026-10-09T06:39Z,1
Newborough_Methods_Supplement,para,fornonforestclusterspeff,163,docs/report/Newborough_Methods_Supplement.pdf,2026-10-09T06:39Z,1
Newborough_Methods_Supplement,para,thepythonfunctionwelldha,163,docs/report/Newborough_Methods_Supplement.pdf,2026-10-09T06:39Z,1
Newborough_Methods_Supplement,para,thescenariossixpresetsce,163,docs/report/Newborough_Methods_Supplement.pdf,2026-10-09T06:39Z,1
Newborough_Methods_Supplement,para,theclearfellandthinningf,163,docs/report/Newborough_Methods_Supplement.pdf,2026-10-09T06:39Z,1
Newborough_Methods_Supplement,para,slidersbeneaththepresetb,164,docs/report/Newborough_Methods_Supplement.pdf,2026-10-09T06:39Z,1
Newborough_Methods_Supplement,para,theseasonalsplitforbroad,164,docs/report/Newborough_Methods_Supplement.pdf,2026-10-09T06:39Z,1
Newborough_Methods_Supplement,para,wellexclusionsandridgema,164,docs/report/Newborough_Methods_Supplement.pdf,2026-10-09T06:39Z,1
Newborough_Methods_Supplement,para,outputsasingleselfcontai,164,docs/report/Newborough_Methods_Supplement.pdf,2026-10-09T06:39Z,1
Newborough_Methods_Supplement,para,msl5rowv28020260527anewt,165,docs/report/Newborough_Methods_Supplement.pdf,2026-10-09T06:39Z,1
Newborough_Methods_Supplement,para,whyperwellaggregationand,165,docs/report/Newborough_Methods_Supplement.pdf,2026-10-09T06:39Z,1
Newborough_Methods_Supplement,para,motivationscript20genera,165,docs/report/Newborough_Methods_Supplement.pdf,2026-10-09T06:39Z,1
Newborough_Methods_Supplement,heading,Sub-script 20 --- Publication spatial figures,165,docs/report/Newborough_Methods_Supplement.pdf,2026-10-09T06:39Z,1
Newborough_Methods_Supplement,para,methodologythesefiguress,166,docs/report/Newborough_Methods_Supplement.pdf,2026-10-09T06:39Z,1
Newborough_Methods_Supplement,para,watertablescript20builds,166,docs/report/Newborough_Methods_Supplement.pdf,2026-10-09T06:39Z,1
Newborough_Methods_Supplement,para,perwellmeanheadallrecord,166,docs/report/Newborough_Methods_Supplement.pdf,2026-10-09T06:39Z,1
Newborough_Methods_Supplement,para,awindowedcrosscheckwater,166,docs/report/Newborough_Methods_Supplement.pdf,2026-10-09T06:39Z,1
Newborough_Methods_Supplement,para,ssmwaterbalanceresidual2,167,docs/report/Newborough_Methods_Supplement.pdf,2026-10-09T06:39Z,1
Newborough_Methods_Supplement,para,ridgehillslopegradientsu,167,docs/report/Newborough_Methods_Supplement.pdf,2026-10-09T06:39Z,1
Newborough_Methods_Supplement,para,forestdrawdownpropagatio,167,docs/report/Newborough_Methods_Supplement.pdf,2026-10-09T06:39Z,1
Newborough_Methods_Supplement,para,theforestdrawdownfigure2,167,docs/report/Newborough_Methods_Supplement.pdf,2026-10-09T06:39Z,1
Newborough_Methods_Supplement,heading,"Coastal-process figures (erosion, sea-level-rise, and net coastal change)",167,docs/report/Newborough_Methods_Supplement.pdf,2026-10-09T06:39Z,1
Newborough_Methods_Supplement,para,erosiondrawdownappliesth,168,docs/report/Newborough_Methods_Supplement.pdf,2026-10-09T06:39Z,1
Newborough_Methods_Supplement,para,sealevelriseheadresponse,168,docs/report/Newborough_Methods_Supplement.pdf,2026-10-09T06:39Z,1
Newborough_Methods_Supplement,para,netcoastalchangethecellb,168,docs/report/Newborough_Methods_Supplement.pdf,2026-10-09T06:39Z,1
Newborough_Methods_Supplement,para,parametertableallcontrol,168,docs/report/Newborough_Methods_Supplement.pdf,2026-10-09T06:39Z,1
Newborough_Methods_Supplement,para,matchingtheperiodsisadee,170,docs/report/Newborough_Methods_Supplement.pdf,2026-10-09T06:39Z,1
Newborough_Methods_Supplement,para,caveatsspecifictothecoas,170,docs/report/Newborough_Methods_Supplement.pdf,2026-10-09T06:39Z,1
Newborough_Methods_Supplement,para,equationformsthemodelfor,170,docs/report/Newborough_Methods_Supplement.pdf,2026-10-09T06:39Z,1
Newborough_Methods_Supplement,para,script20v1230v1240202606,170,docs/report/Newborough_Methods_Supplement.pdf,2026-10-09T06:39Z,1
Newborough_Methods_Supplement,heading,Dune-scrape topographic-drain drawdown (*20_scrape_drawdown_nohead.png*),170,docs/report/Newborough_Methods_Supplement.pdf,2026-10-09T06:39Z,1
Newborough_Methods_Supplement,para,thescrapedraindrawdownfi,170,docs/report/Newborough_Methods_Supplement.pdf,2026-10-09T06:39Z,1
Newborough_Methods_Supplement,para,wheredistheeuclideandist,171,docs/report/Newborough_Methods_Supplement.pdf,2026-10-09T06:39Z,1
Newborough_Methods_Supplement,para,theimagetermenforcesthep,171,docs/report/Newborough_Methods_Supplement.pdf,2026-10-09T06:39Z,1
Newborough_Methods_Supplement,para,theedgedrawdownhissettot,171,docs/report/Newborough_Methods_Supplement.pdf,2026-10-09T06:39Z,1
Newborough_Methods_Supplement,para,thescrapeinteriorfootpri,171,docs/report/Newborough_Methods_Supplement.pdf,2026-10-09T06:39Z,1
Newborough_Methods_Supplement,para,thespatialreachofthedraw,171,docs/report/Newborough_Methods_Supplement.pdf,2026-10-09T06:39Z,1
Newborough_Methods_Supplement,para,script20v125020260630epo,171,docs/report/Newborough_Methods_Supplement.pdf,2026-10-09T06:39Z,1
Newborough_Methods_Supplement,heading,Clearfell pre-fell baseline drawdown composite (*20_clearfell_baseline_drawdown.png*),171,docs/report/Newborough_Methods_Supplement.pdf,2026-10-09T06:39Z,1
Newborough_Methods_Supplement,para,theclearfellbacidocument,171,docs/report/Newborough_Methods_Supplement.pdf,2026-10-09T06:39Z,1
Newborough_Methods_Supplement,para,thescrapecomponentofthis,172,docs/report/Newborough_Methods_Supplement.pdf,2026-10-09T06:39Z,1
Newborough_Methods_Supplement,para,thisfigureisnotaclosedwa,172,docs/report/Newborough_Methods_Supplement.pdf,2026-10-09T06:39Z,1
Newborough_Methods_Supplement,para,adisplayonlycompanionfig,172,docs/report/Newborough_Methods_Supplement.pdf,2026-10-09T06:39Z,1
Newborough_Methods_Supplement,heading,Public summary three-driver comparison panel (*20_public_drivers_panel.png*),172,docs/report/Newborough_Methods_Supplement.pdf,2026-10-09T06:39Z,1
Newborough_Methods_Supplement,para,script20v126020260630scr,173,docs/report/Newborough_Methods_Supplement.pdf,2026-10-09T06:39Z,1
Newborough_Methods_Supplement,heading,Net water-table state map (*20_net_state_map.png*),173,docs/report/Newborough_Methods_Supplement.pdf,2026-10-09T06:39Z,1
Newborough_Methods_Supplement,para,thenetwatertablestatemap,173,docs/report/Newborough_Methods_Supplement.pdf,2026-10-09T06:39Z,1
Newborough_Methods_Supplement,para,netxyslrgainclearfellgai,173,docs/report/Newborough_Methods_Supplement.pdf,2026-10-09T06:39Z,1
Newborough_Methods_Supplement,para,wherescraperiseishatrise,173,docs/report/Newborough_Methods_Supplement.pdf,2026-10-09T06:39Z,1
Newborough_Methods_Supplement,para,script20v129020260705new,173,docs/report/Newborough_Methods_Supplement.pdf,2026-10-09T06:39Z,1
Newborough_Methods_Supplement,heading,Modelled 2005→2025 driver-change map (*20_driver_change_2005_2025.png*),173,docs/report/Newborough_Methods_Supplement.pdf,2026-10-09T06:39Z,1
Newborough_Methods_Supplement,para,thisfigureisamodelledrea,173,docs/report/Newborough_Methods_Supplement.pdf,2026-10-09T06:39Z,1
Newborough_Methods_Supplement,para,script20v140introducedas,174,docs/report/Newborough_Methods_Supplement.pdf,2026-10-09T06:39Z,1
Newborough_Methods_Supplement,heading,Shared drawdown scale across the four drivers,174,docs/report/Newborough_Methods_Supplement.pdf,2026-10-09T06:39Z,1
Newborough_Methods_Supplement,para,updatedparametertableadd,174,docs/report/Newborough_Methods_Supplement.pdf,2026-10-09T06:39Z,1
Newborough_Methods_Supplement,para,threezeroheadseaboundari,175,docs/report/Newborough_Methods_Supplement.pdf,2026-10-09T06:39Z,1
Newborough_Methods_Supplement,para,50mgridasthespatialresol,176,docs/report/Newborough_Methods_Supplement.pdf,2026-10-09T06:39Z,1
Newborough_Methods_Supplement,heading,Site-specific choices and rationale (suite-level),176,docs/report/Newborough_Methods_Supplement.pdf,2026-10-09T06:39Z,1
Newborough_Methods_Supplement,para,theresidualmapsflowvecto,176,docs/report/Newborough_Methods_Supplement.pdf,2026-10-09T06:39Z,1
Newborough_Methods_Supplement,heading,Limitations and known caveats,176,docs/report/Newborough_Methods_Supplement.pdf,2026-10-09T06:39Z,1
Newborough_Methods_Supplement,para,382drawdownfieldvisualis,179,docs/report/Newborough_Methods_Supplement.pdf,2026-10-09T06:39Z,1
Newborough_Methods_Supplement,heading,Outputs,179,docs/report/Newborough_Methods_Supplement.pdf,2026-10-09T06:39Z,1
Newborough_Methods_Supplement,heading,Where the result appears in the report,179,docs/report/Newborough_Methods_Supplement.pdf,2026-10-09T06:39Z,1
Newborough_Methods_Supplement,para,f3ssmdisplacementformula,180,docs/report/Newborough_Methods_Supplement.pdf,2026-10-09T06:39Z,1
Newborough_Methods_Supplement,heading,Cross-references,180,docs/report/Newborough_Methods_Supplement.pdf,2026-10-09T06:39Z,1
Newborough_Methods_Supplement,para,step2327phase10forestrys,180,docs/report/Newborough_Methods_Supplement.pdf,2026-10-09T06:39Z,1
Newborough_Methods_Supplement,heading,S.14 Script 21 --- Forestry scenarios,180,docs/report/Newborough_Methods_Supplement.pdf,2026-10-09T06:39Z,1
Newborough_Methods_Supplement,para,section4132ofthemainrepo,180,docs/report/Newborough_Methods_Supplement.pdf,2026-10-09T06:39Z,1
Newborough_Methods_Supplement,heading,Motivation,180,docs/report/Newborough_Methods_Supplement.pdf,2026-10-09T06:39Z,1
Newborough_Methods_Supplement,para,thescriptispairedwithscr,180,docs/report/Newborough_Methods_Supplement.pdf,2026-10-09T06:39Z,1
Newborough_Methods_Supplement,para,script21isalsothecanonic,181,docs/report/Newborough_Methods_Supplement.pdf,2026-10-09T06:39Z,1
Newborough_Methods_Supplement,para,thescriptdoesnotrefitthe,181,docs/report/Newborough_Methods_Supplement.pdf,2026-10-09T06:39Z,1
Newborough_Methods_Supplement,heading,Inputs,181,docs/report/Newborough_Methods_Supplement.pdf,2026-10-09T06:39Z,1
Newborough_Methods_Supplement,para,theoption3monthlyperturb,181,docs/report/Newborough_Methods_Supplement.pdf,2026-10-09T06:39Z,1
Newborough_Methods_Supplement,heading,Methodology,181,docs/report/Newborough_Methods_Supplement.pdf,2026-10-09T06:39Z,1
Newborough_Methods_Supplement,para,hmpeffscenmpeffbasemscen,181,docs/report/Newborough_Methods_Supplement.pdf,2026-10-09T06:39Z,1
Newborough_Methods_Supplement,para,thisisimplementedinmodel,182,docs/report/Newborough_Methods_Supplement.pdf,2026-10-09T06:39Z,1
Newborough_Methods_Supplement,para,thedrainagetermdoesnotap,182,docs/report/Newborough_Methods_Supplement.pdf,2026-10-09T06:39Z,1
Newborough_Methods_Supplement,para,thesyntheticmeanyearhydr,182,docs/report/Newborough_Methods_Supplement.pdf,2026-10-09T06:39Z,1
Newborough_Methods_Supplement,para,thebaciobservedclearfell,182,docs/report/Newborough_Methods_Supplement.pdf,2026-10-09T06:39Z,1
Newborough_Methods_Supplement,para,thebroadleafmonthlyprofi,183,docs/report/Newborough_Methods_Supplement.pdf,2026-10-09T06:39Z,1
Newborough_Methods_Supplement,para,theseasonalmeansconsumed,183,docs/report/Newborough_Methods_Supplement.pdf,2026-10-09T06:39Z,1
Newborough_Methods_Supplement,para,broadleafinterceptionist,183,docs/report/Newborough_Methods_Supplement.pdf,2026-10-09T06:39Z,1
Newborough_Methods_Supplement,para,thebacicorrectedmultipli,183,docs/report/Newborough_Methods_Supplement.pdf,2026-10-09T06:39Z,1
Newborough_Methods_Supplement,para,clearfellmultedgeratiocl,184,docs/report/Newborough_Methods_Supplement.pdf,2026-10-09T06:39Z,1
Newborough_Methods_Supplement,para,whereeachratioisthetierm,184,docs/report/Newborough_Methods_Supplement.pdf,2026-10-09T06:39Z,1
Newborough_Methods_Supplement,para,sinced239script211130the,184,docs/report/Newborough_Methods_Supplement.pdf,2026-10-09T06:39Z,1
Newborough_Methods_Supplement,para,thesummerminimumdistribu,184,docs/report/Newborough_Methods_Supplement.pdf,2026-10-09T06:39Z,1
Newborough_Methods_Supplement,para,thescrapingerabaciviolin,184,docs/report/Newborough_Methods_Supplement.pdf,2026-10-09T06:39Z,1
Newborough_Methods_Supplement,para,volumetriccompanion21for,185,docs/report/Newborough_Methods_Supplement.pdf,2026-10-09T06:39Z,1
Newborough_Methods_Supplement,para,monthlyperturbationnotfo,185,docs/report/Newborough_Methods_Supplement.pdf,2026-10-09T06:39Z,1
Newborough_Methods_Supplement,heading,Site-specific choices and rationale,185,docs/report/Newborough_Methods_Supplement.pdf,2026-10-09T06:39Z,1
Newborough_Methods_Supplement,para,firstyearadjustmentnotst,188,docs/report/Newborough_Methods_Supplement.pdf,2026-10-09T06:39Z,1
Newborough_Methods_Supplement,heading,Outputs,188,docs/report/Newborough_Methods_Supplement.pdf,2026-10-09T06:39Z,1
Newborough_Methods_Supplement,heading,Limitations and known caveats,188,docs/report/Newborough_Methods_Supplement.pdf,2026-10-09T06:39Z,1
Newborough_Methods_Supplement,para,574forestscenariopredict,189,docs/report/Newborough_Methods_Supplement.pdf,2026-10-09T06:39Z,1
Newborough_Methods_Supplement,heading,Where the result appears in the report,189,docs/report/Newborough_Methods_Supplement.pdf,2026-10-09T06:39Z,1
Newborough_Methods_Supplement,para,f3ssmdisplacementformula,189,docs/report/Newborough_Methods_Supplement.pdf,2026-10-09T06:39Z,1
Newborough_Methods_Supplement,heading,Cross-references,189,docs/report/Newborough_Methods_Supplement.pdf,2026-10-09T06:39Z,1
Newborough_Methods_Supplement,para,theelevenphase4chapterss,189,docs/report/Newborough_Methods_Supplement.pdf,2026-10-09T06:39Z,1
Newborough_Methods_Supplement,heading,Phase 5 --- Post-pipeline supplementary analyses,189,docs/report/Newborough_Methods_Supplement.pdf,2026-10-09T06:39Z,1
Newborough_Methods_Supplement,para,step2430phase11coastalre,190,docs/report/Newborough_Methods_Supplement.pdf,2026-10-09T06:39Z,1
Newborough_Methods_Supplement,heading,S.15 Script 25 --- Coastal-retreat gradient,190,docs/report/Newborough_Methods_Supplement.pdf,2026-10-09T06:39Z,1
Newborough_Methods_Supplement,para,thebaciancovains7script1,190,docs/report/Newborough_Methods_Supplement.pdf,2026-10-09T06:39Z,1
Newborough_Methods_Supplement,heading,Motivation,190,docs/report/Newborough_Methods_Supplement.pdf,2026-10-09T06:39Z,1
Newborough_Methods_Supplement,para,script25teststhathypothe,190,docs/report/Newborough_Methods_Supplement.pdf,2026-10-09T06:39Z,1
Newborough_Methods_Supplement,para,onefurthersensitivityiss,191,docs/report/Newborough_Methods_Supplement.pdf,2026-10-09T06:39Z,1
Newborough_Methods_Supplement,para,functionalformstwocandid,192,docs/report/Newborough_Methods_Supplement.pdf,2026-10-09T06:39Z,1
Newborough_Methods_Supplement,heading,Inputs,192,docs/report/Newborough_Methods_Supplement.pdf,2026-10-09T06:39Z,1
Newborough_Methods_Supplement,heading,Methodology,192,docs/report/Newborough_Methods_Supplement.pdf,2026-10-09T06:39Z,1
Newborough_Methods_Supplement,para,whatcfarisandwhatitisnot,192,docs/report/Newborough_Methods_Supplement.pdf,2026-10-09T06:39Z,1
Newborough_Methods_Supplement,para,thelinearwithcutoffformf,192,docs/report/Newborough_Methods_Supplement.pdf,2026-10-09T06:39Z,1
Newborough_Methods_Supplement,para,for0thephysicallyexpecte,193,docs/report/Newborough_Methods_Supplement.pdf,2026-10-09T06:39Z,1
Newborough_Methods_Supplement,para,theexponentialdecayformf,193,docs/report/Newborough_Methods_Supplement.pdf,2026-10-09T06:39Z,1
Newborough_Methods_Supplement,para,bothformsaretriedateachs,193,docs/report/Newborough_Methods_Supplement.pdf,2026-10-09T06:39Z,1
Newborough_Methods_Supplement,para,controllingforforestcove,193,docs/report/Newborough_Methods_Supplement.pdf,2026-10-09T06:39Z,1
Newborough_Methods_Supplement,para,1fullnetworkallclustersw,193,docs/report/Newborough_Methods_Supplement.pdf,2026-10-09T06:39Z,1
Newborough_Methods_Supplement,para,namingthefamilyunqualifi,193,docs/report/Newborough_Methods_Supplement.pdf,2026-10-09T06:39Z,1
Newborough_Methods_Supplement,para,perwellsummerminimumslop,194,docs/report/Newborough_Methods_Supplement.pdf,2026-10-09T06:39Z,1
Newborough_Methods_Supplement,para,thepanelfitmethodnonline,194,docs/report/Newborough_Methods_Supplement.pdf,2026-10-09T06:39Z,1
Newborough_Methods_Supplement,para,clusterattributionthehea,194,docs/report/Newborough_Methods_Supplement.pdf,2026-10-09T06:39Z,1
Newborough_Methods_Supplement,para,baciabsorptionandwhatthe,195,docs/report/Newborough_Methods_Supplement.pdf,2026-10-09T06:39Z,1
Newborough_Methods_Supplement,para,caernarfonbaywestfacingc,195,docs/report/Newborough_Methods_Supplement.pdf,2026-10-09T06:39Z,1
Newborough_Methods_Supplement,heading,Site-specific choices and rationale,195,docs/report/Newborough_Methods_Supplement.pdf,2026-10-09T06:39Z,1
Newborough_Methods_Supplement,para,allfitseachspecification,196,docs/report/Newborough_Methods_Supplement.pdf,2026-10-09T06:39Z,1
Newborough_Methods_Supplement,heading,Results to describe at the methodological level,196,docs/report/Newborough_Methods_Supplement.pdf,2026-10-09T06:39Z,1
Newborough_Methods_Supplement,para,modelselectionbyaicfavou,196,docs/report/Newborough_Methods_Supplement.pdf,2026-10-09T06:39Z,1
Newborough_Methods_Supplement,para,thethreeallseasonlinearc,196,docs/report/Newborough_Methods_Supplement.pdf,2026-10-09T06:39Z,1
Newborough_Methods_Supplement,para,thec3onlyreferencedistan,197,docs/report/Newborough_Methods_Supplement.pdf,2026-10-09T06:39Z,1
Newborough_Methods_Supplement,para,theperclusterattribution,197,docs/report/Newborough_Methods_Supplement.pdf,2026-10-09T06:39Z,1
Newborough_Methods_Supplement,para,thebacicorroborationin25,197,docs/report/Newborough_Methods_Supplement.pdf,2026-10-09T06:39Z,1
Newborough_Methods_Supplement,para,thecoastalretreatrateits,198,docs/report/Newborough_Methods_Supplement.pdf,2026-10-09T06:39Z,1
Newborough_Methods_Supplement,heading,Limitations and known caveats,198,docs/report/Newborough_Methods_Supplement.pdf,2026-10-09T06:39Z,1
Newborough_Methods_Supplement,para,allpathsresolvethroughut,199,docs/report/Newborough_Methods_Supplement.pdf,2026-10-09T06:39Z,1
Newborough_Methods_Supplement,heading,Outputs,199,docs/report/Newborough_Methods_Supplement.pdf,2026-10-09T06:39Z,1
Newborough_Methods_Supplement,para,update20260529script25v1,199,docs/report/Newborough_Methods_Supplement.pdf,2026-10-09T06:39Z,1
Newborough_Methods_Supplement,para,543coastalretreatgradien,200,docs/report/Newborough_Methods_Supplement.pdf,2026-10-09T06:39Z,1
Newborough_Methods_Supplement,heading,Where the result appears in the report,200,docs/report/Newborough_Methods_Supplement.pdf,2026-10-09T06:39Z,1
Newborough_Methods_Supplement,para,theacknowledgementeditst,200,docs/report/Newborough_Methods_Supplement.pdf,2026-10-09T06:39Z,1
Newborough_Methods_Supplement,para,f3ssmdisplacementformula,200,docs/report/Newborough_Methods_Supplement.pdf,2026-10-09T06:39Z,1
Newborough_Methods_Supplement,heading,Cross-references,200,docs/report/Newborough_Methods_Supplement.pdf,2026-10-09T06:39Z,1
Newborough_Methods_Supplement,para,step5160phase17displayut,201,docs/report/Newborough_Methods_Supplement.pdf,2026-10-09T06:39Z,1
Newborough_Methods_Supplement,heading,S.15c Script 09f --- Management-interventions-versus-coastal-retreat spatial reach,201,docs/report/Newborough_Methods_Supplement.pdf,2026-10-09T06:39Z,1
Newborough_Methods_Supplement,para,thescenariofiguresscript,201,docs/report/Newborough_Methods_Supplement.pdf,2026-10-09T06:39Z,1
Newborough_Methods_Supplement,heading,Motivation,201,docs/report/Newborough_Methods_Supplement.pdf,2026-10-09T06:39Z,1
Newborough_Methods_Supplement,para,allreadlivefromcommitted,201,docs/report/Newborough_Methods_Supplement.pdf,2026-10-09T06:39Z,1
Newborough_Methods_Supplement,heading,Inputs,201,docs/report/Newborough_Methods_Supplement.pdf,2026-10-09T06:39Z,1
Newborough_Methods_Supplement,para,themeasuredscrapebaciedg,201,docs/report/Newborough_Methods_Supplement.pdf,2026-10-09T06:39Z,1
Newborough_Methods_Supplement,para,eachinterventionanddrive,202,docs/report/Newborough_Methods_Supplement.pdf,2026-10-09T06:39Z,1
Newborough_Methods_Supplement,heading,Method,202,docs/report/Newborough_Methods_Supplement.pdf,2026-10-09T06:39Z,1
Newborough_Methods_Supplement,para,fiveyearsnotadecadeforth,202,docs/report/Newborough_Methods_Supplement.pdf,2026-10-09T06:39Z,1
Newborough_Methods_Supplement,heading,Site-specific choices,202,docs/report/Newborough_Methods_Supplement.pdf,2026-10-09T06:39Z,1
Newborough_Methods_Supplement,para,script09frunsinphase17st,202,docs/report/Newborough_Methods_Supplement.pdf,2026-10-09T06:39Z,1
Newborough_Methods_Supplement,heading,Two-pass execution and defaults,202,docs/report/Newborough_Methods_Supplement.pdf,2026-10-09T06:39Z,1
Newborough_Methods_Supplement,para,thefigurecaptionissuppli,202,docs/report/Newborough_Methods_Supplement.pdf,2026-10-09T06:39Z,1
Newborough_Methods_Supplement,heading,Outputs,202,docs/report/Newborough_Methods_Supplement.pdf,2026-10-09T06:39Z,1
Newborough_Methods_Supplement,para,everycurveisasinglemecha,203,docs/report/Newborough_Methods_Supplement.pdf,2026-10-09T06:39Z,1
Newborough_Methods_Supplement,heading,Limitations,203,docs/report/Newborough_Methods_Supplement.pdf,2026-10-09T06:39Z,1
Newborough_Methods_Supplement,para,s15script25produces2501p,203,docs/report/Newborough_Methods_Supplement.pdf,2026-10-09T06:39Z,1
Newborough_Methods_Supplement,heading,Cross-references,203,docs/report/Newborough_Methods_Supplement.pdf,2026-10-09T06:39Z,1
Newborough_Methods_Supplement,para,step5260phase17displayut,203,docs/report/Newborough_Methods_Supplement.pdf,2026-10-09T06:39Z,1
Newborough_Methods_Supplement,heading,S.15d Script 09g --- Mechanism diagrams (§5.8 schematic figure),203,docs/report/Newborough_Methods_Supplement.pdf,2026-10-09T06:39Z,1
Newborough_Methods_Supplement,para,script09fs15cplacesthema,203,docs/report/Newborough_Methods_Supplement.pdf,2026-10-09T06:39Z,1
Newborough_Methods_Supplement,heading,Motivation,203,docs/report/Newborough_Methods_Supplement.pdf,2026-10-09T06:39Z,1
Newborough_Methods_Supplement,para,allphysicalamplitudesare,203,docs/report/Newborough_Methods_Supplement.pdf,2026-10-09T06:39Z,1
Newborough_Methods_Supplement,heading,Inputs,203,docs/report/Newborough_Methods_Supplement.pdf,2026-10-09T06:39Z,1
Newborough_Methods_Supplement,para,figuredesigngeometrythes,204,docs/report/Newborough_Methods_Supplement.pdf,2026-10-09T06:39Z,1
Newborough_Methods_Supplement,para,achainedshortdupuitsegme,204,docs/report/Newborough_Methods_Supplement.pdf,2026-10-09T06:39Z,1
Newborough_Methods_Supplement,heading,Methodology,204,docs/report/Newborough_Methods_Supplement.pdf,2026-10-09T06:39Z,1
Newborough_Methods_Supplement,para,thecoastalvsclimatereach,204,docs/report/Newborough_Methods_Supplement.pdf,2026-10-09T06:39Z,1
Newborough_Methods_Supplement,para,scrapephysicsfollowsscra,204,docs/report/Newborough_Methods_Supplement.pdf,2026-10-09T06:39Z,1
Newborough_Methods_Supplement,heading,Site-specific choices and rationale,204,docs/report/Newborough_Methods_Supplement.pdf,2026-10-09T06:39Z,1
Newborough_Methods_Supplement,para,script09grunsattheendofp,205,docs/report/Newborough_Methods_Supplement.pdf,2026-10-09T06:39Z,1
Newborough_Methods_Supplement,heading,Two-pass execution and defaults,205,docs/report/Newborough_Methods_Supplement.pdf,2026-10-09T06:39Z,1
Newborough_Methods_Supplement,para,schematicnottoscaleverti,205,docs/report/Newborough_Methods_Supplement.pdf,2026-10-09T06:39Z,1
Newborough_Methods_Supplement,heading,Outputs,205,docs/report/Newborough_Methods_Supplement.pdf,2026-10-09T06:39Z,1
Newborough_Methods_Supplement,heading,Limitations and known caveats,205,docs/report/Newborough_Methods_Supplement.pdf,2026-10-09T06:39Z,1
Newborough_Methods_Supplement,para,thecombinedgridisthe58co,206,docs/report/Newborough_Methods_Supplement.pdf,2026-10-09T06:39Z,1
Newborough_Methods_Supplement,heading,Where the result appears,206,docs/report/Newborough_Methods_Supplement.pdf,2026-10-09T06:39Z,1
Newborough_Methods_Supplement,para,steps272960intheorchestr,206,docs/report/Newborough_Methods_Supplement.pdf,2026-10-09T06:39Z,1
Newborough_Methods_Supplement,heading,"S.16 Scripts 22, 23, 24 --- Residual diagnostics",206,docs/report/Newborough_Methods_Supplement.pdf,2026-10-09T06:39Z,1
Newborough_Methods_Supplement,para,earlierrevisionsofthemai,206,docs/report/Newborough_Methods_Supplement.pdf,2026-10-09T06:39Z,1
Newborough_Methods_Supplement,heading,Motivation,206,docs/report/Newborough_Methods_Supplement.pdf,2026-10-09T06:39Z,1
Newborough_Methods_Supplement,para,onequalificationattaches,206,docs/report/Newborough_Methods_Supplement.pdf,2026-10-09T06:39Z,1
Newborough_Methods_Supplement,para,scripts2223and24werebuil,207,docs/report/Newborough_Methods_Supplement.pdf,2026-10-09T06:39Z,1
Newborough_Methods_Supplement,para,sunshinehoursareloadedfr,207,docs/report/Newborough_Methods_Supplement.pdf,2026-10-09T06:39Z,1
Newborough_Methods_Supplement,heading,Inputs,207,docs/report/Newborough_Methods_Supplement.pdf,2026-10-09T06:39Z,1
Newborough_Methods_Supplement,para,script22refitsmodelbthes,207,docs/report/Newborough_Methods_Supplement.pdf,2026-10-09T06:39Z,1
Newborough_Methods_Supplement,heading,Methodology --- Script 22 (residual lag analysis),207,docs/report/Newborough_Methods_Supplement.pdf,2026-10-09T06:39Z,1
Newborough_Methods_Supplement,para,thefitisperformedviathes,208,docs/report/Newborough_Methods_Supplement.pdf,2026-10-09T06:39Z,1
Newborough_Methods_Supplement,para,choosingthefullrecordove,208,docs/report/Newborough_Methods_Supplement.pdf,2026-10-09T06:39Z,1
Newborough_Methods_Supplement,para,foreachwellsresidualseri,208,docs/report/Newborough_Methods_Supplement.pdf,2026-10-09T06:39Z,1
Newborough_Methods_Supplement,para,thescript22outputsareeig,208,docs/report/Newborough_Methods_Supplement.pdf,2026-10-09T06:39Z,1
Newborough_Methods_Supplement,para,alongsidethemodelbar1app,208,docs/report/Newborough_Methods_Supplement.pdf,2026-10-09T06:39Z,1
Newborough_Methods_Supplement,heading,Methodology --- Script 22 (headline-SSM residual inference),208,docs/report/Newborough_Methods_Supplement.pdf,2026-10-09T06:39Z,1
Newborough_Methods_Supplement,para,twofindingsfirsttheresid,209,docs/report/Newborough_Methods_Supplement.pdf,2026-10-09T06:39Z,1
Newborough_Methods_Supplement,para,thecheckrunsattwolevelsa,209,docs/report/Newborough_Methods_Supplement.pdf,2026-10-09T06:39Z,1
Newborough_Methods_Supplement,para,script23istheprincipalme,209,docs/report/Newborough_Methods_Supplement.pdf,2026-10-09T06:39Z,1
Newborough_Methods_Supplement,heading,Methodology --- Script 23 (ridge recharge lag test),209,docs/report/Newborough_Methods_Supplement.pdf,2026-10-09T06:39Z,1
Newborough_Methods_Supplement,para,themethodologicalsubtlet,209,docs/report/Newborough_Methods_Supplement.pdf,2026-10-09T06:39Z,1
Newborough_Methods_Supplement,para,thept1termabsorbsthegene,210,docs/report/Newborough_Methods_Supplement.pdf,2026-10-09T06:39Z,1
Newborough_Methods_Supplement,para,theridgereferencepointis,210,docs/report/Newborough_Methods_Supplement.pdf,2026-10-09T06:39Z,1
Newborough_Methods_Supplement,para,foreachwellscript23thenc,210,docs/report/Newborough_Methods_Supplement.pdf,2026-10-09T06:39Z,1
Newborough_Methods_Supplement,para,thehypothesistestitselfi,210,docs/report/Newborough_Methods_Supplement.pdf,2026-10-09T06:39Z,1
Newborough_Methods_Supplement,para,astructuralcaveatonthete,210,docs/report/Newborough_Methods_Supplement.pdf,2026-10-09T06:39Z,1
Newborough_Methods_Supplement,para,script24isthethirddiagno,211,docs/report/Newborough_Methods_Supplement.pdf,2026-10-09T06:39Z,1
Newborough_Methods_Supplement,heading,Methodology --- Script 24 (residual seasonality),211,docs/report/Newborough_Methods_Supplement.pdf,2026-10-09T06:39Z,1
Newborough_Methods_Supplement,para,thediagnosticcomputesamo,211,docs/report/Newborough_Methods_Supplement.pdf,2026-10-09T06:39Z,1
Newborough_Methods_Supplement,para,thefittedoffsetaamplitud,211,docs/report/Newborough_Methods_Supplement.pdf,2026-10-09T06:39Z,1
Newborough_Methods_Supplement,para,thechapterdefiningmethod,212,docs/report/Newborough_Methods_Supplement.pdf,2026-10-09T06:39Z,1
Newborough_Methods_Supplement,para,ac3splitdiagnosticpartit,212,docs/report/Newborough_Methods_Supplement.pdf,2026-10-09T06:39Z,1
Newborough_Methods_Supplement,para,thephaseanalysisusesacir,212,docs/report/Newborough_Methods_Supplement.pdf,2026-10-09T06:39Z,1
Newborough_Methods_Supplement,para,script24b24bresidualclim,212,docs/report/Newborough_Methods_Supplement.pdf,2026-10-09T06:39Z,1
Newborough_Methods_Supplement,heading,"Diagnostic --- cluster-stratified residual climatology (Script 24b, non-pipeline)",212,docs/report/Newborough_Methods_Supplement.pdf,2026-10-09T06:39Z,1
Newborough_Methods_Supplement,para,themethodreadsscript22sp,212,docs/report/Newborough_Methods_Supplement.pdf,2026-10-09T06:39Z,1
Newborough_Methods_Supplement,para,theclusterstratifiedresu,213,docs/report/Newborough_Methods_Supplement.pdf,2026-10-09T06:39Z,1
Newborough_Methods_Supplement,para,withinthe14forestwellsc4,213,docs/report/Newborough_Methods_Supplement.pdf,2026-10-09T06:39Z,1
Newborough_Methods_Supplement,para,theresultisconservativea,213,docs/report/Newborough_Methods_Supplement.pdf,2026-10-09T06:39Z,1
Newborough_Methods_Supplement,para,takenwithscript24snetwor,213,docs/report/Newborough_Methods_Supplement.pdf,2026-10-09T06:39Z,1
Newborough_Methods_Supplement,para,thediagnosticemitsthreec,213,docs/report/Newborough_Methods_Supplement.pdf,2026-10-09T06:39Z,1
Newborough_Methods_Supplement,para,fullrecordvstheperwell10,214,docs/report/Newborough_Methods_Supplement.pdf,2026-10-09T06:39Z,1
Newborough_Methods_Supplement,heading,Site-specific choices,214,docs/report/Newborough_Methods_Supplement.pdf,2026-10-09T06:39Z,1
Newborough_Methods_Supplement,para,script22sperwellar1diagn,215,docs/report/Newborough_Methods_Supplement.pdf,2026-10-09T06:39Z,1
Newborough_Methods_Supplement,heading,Results to describe at the methodological level,215,docs/report/Newborough_Methods_Supplement.pdf,2026-10-09T06:39Z,1
Newborough_Methods_Supplement,para,script23shypothesistestr,215,docs/report/Newborough_Methods_Supplement.pdf,2026-10-09T06:39Z,1
Newborough_Methods_Supplement,para,thereisnolongeraridgerec,215,docs/report/Newborough_Methods_Supplement.pdf,2026-10-09T06:39Z,1
Newborough_Methods_Supplement,para,script24sseasonaldiagnos,216,docs/report/Newborough_Methods_Supplement.pdf,2026-10-09T06:39Z,1
Newborough_Methods_Supplement,para,takentogetherthethreedia,216,docs/report/Newborough_Methods_Supplement.pdf,2026-10-09T06:39Z,1
Newborough_Methods_Supplement,para,singlestationclimatethed,216,docs/report/Newborough_Methods_Supplement.pdf,2026-10-09T06:39Z,1
Newborough_Methods_Supplement,heading,Limitations,216,docs/report/Newborough_Methods_Supplement.pdf,2026-10-09T06:39Z,1
Newborough_Methods_Supplement,para,496waterbalanceresidualf,218,docs/report/Newborough_Methods_Supplement.pdf,2026-10-09T06:39Z,1
Newborough_Methods_Supplement,heading,Outputs,218,docs/report/Newborough_Methods_Supplement.pdf,2026-10-09T06:39Z,1
Newborough_Methods_Supplement,heading,Where the result appears in the report,218,docs/report/Newborough_Methods_Supplement.pdf,2026-10-09T06:39Z,1
Newborough_Methods_Supplement,para,f3ssmformulationthedispl,218,docs/report/Newborough_Methods_Supplement.pdf,2026-10-09T06:39Z,1
Newborough_Methods_Supplement,heading,Cross-references,218,docs/report/Newborough_Methods_Supplement.pdf,2026-10-09T06:39Z,1
Newborough_Methods_Supplement,para,step3052phase13vanwilleg,219,docs/report/Newborough_Methods_Supplement.pdf,2026-10-09T06:39Z,1
Newborough_Methods_Supplement,heading,S.18 Script 26 --- Van Willegen MSL aggregation and Equilibrium Wetness Index,219,docs/report/Newborough_Methods_Supplement.pdf,2026-10-09T06:39Z,1
Newborough_Methods_Supplement,para,currelietal2013isthefoun,219,docs/report/Newborough_Methods_Supplement.pdf,2026-10-09T06:39Z,1
Newborough_Methods_Supplement,heading,Motivation,219,docs/report/Newborough_Methods_Supplement.pdf,2026-10-09T06:39Z,1
Newborough_Methods_Supplement,para,vanwillegenetal2025revis,219,docs/report/Newborough_Methods_Supplement.pdf,2026-10-09T06:39Z,1
Newborough_Methods_Supplement,para,thenewboroughconnectionr,220,docs/report/Newborough_Methods_Supplement.pdf,2026-10-09T06:39Z,1
Newborough_Methods_Supplement,para,thechaptersitsasacomplem,220,docs/report/Newborough_Methods_Supplement.pdf,2026-10-09T06:39Z,1
Newborough_Methods_Supplement,para,springwindowandhydrology,221,docs/report/Newborough_Methods_Supplement.pdf,2026-10-09T06:39Z,1
Newborough_Methods_Supplement,heading,Inputs,221,docs/report/Newborough_Methods_Supplement.pdf,2026-10-09T06:39Z,1
Newborough_Methods_Supplement,heading,Methodology,221,docs/report/Newborough_Methods_Supplement.pdf,2026-10-09T06:39Z,1
Newborough_Methods_Supplement,para,strictnessrulestwocomple,221,docs/report/Newborough_Methods_Supplement.pdf,2026-10-09T06:39Z,1
Newborough_Methods_Supplement,para,signconventionsthepipeli,221,docs/report/Newborough_Methods_Supplement.pdf,2026-10-09T06:39Z,1
Newborough_Methods_Supplement,para,annualmaximaasasecondary,222,docs/report/Newborough_Methods_Supplement.pdf,2026-10-09T06:39Z,1
Newborough_Methods_Supplement,para,clusteraggregationperclu,222,docs/report/Newborough_Methods_Supplement.pdf,2026-10-09T06:39Z,1
Newborough_Methods_Supplement,para,networkcoveragethescript,222,docs/report/Newborough_Methods_Supplement.pdf,2026-10-09T06:39Z,1
Newborough_Methods_Supplement,para,threeeditorialdecisionsw,222,docs/report/Newborough_Methods_Supplement.pdf,2026-10-09T06:39Z,1
Newborough_Methods_Supplement,heading,Site-specific choices,222,docs/report/Newborough_Methods_Supplement.pdf,2026-10-09T06:39Z,1
Newborough_Methods_Supplement,para,trajectoryrestrictiontow,222,docs/report/Newborough_Methods_Supplement.pdf,2026-10-09T06:39Z,1
Newborough_Methods_Supplement,para,poolingreferenceandexten,223,docs/report/Newborough_Methods_Supplement.pdf,2026-10-09T06:39Z,1
Newborough_Methods_Supplement,para,currelisd15bsd16referenc,223,docs/report/Newborough_Methods_Supplement.pdf,2026-10-09T06:39Z,1
Newborough_Methods_Supplement,para,analysisspecificexclusio,223,docs/report/Newborough_Methods_Supplement.pdf,2026-10-09T06:39Z,1
Newborough_Methods_Supplement,para,script26crosschecksmsl5a,223,docs/report/Newborough_Methods_Supplement.pdf,2026-10-09T06:39Z,1
Newborough_Methods_Supplement,heading,Empirical relationship to summer minima,223,docs/report/Newborough_Methods_Supplement.pdf,2026-10-09T06:39Z,1
Newborough_Methods_Supplement,para,theoffsetisapproximately,224,docs/report/Newborough_Methods_Supplement.pdf,2026-10-09T06:39Z,1
Newborough_Methods_Supplement,para,thetwometricsmeasureesse,224,docs/report/Newborough_Methods_Supplement.pdf,2026-10-09T06:39Z,1
Newborough_Methods_Supplement,para,thiscomplementarityisnot,224,docs/report/Newborough_Methods_Supplement.pdf,2026-10-09T06:39Z,1
Newborough_Methods_Supplement,para,theclustermsl5trajectory,224,docs/report/Newborough_Methods_Supplement.pdf,2026-10-09T06:39Z,1
Newborough_Methods_Supplement,heading,Climate context for the post-2024 trajectory lift,224,docs/report/Newborough_Methods_Supplement.pdf,2026-10-09T06:39Z,1
Newborough_Methods_Supplement,para,becausemsl5atwindowend20,225,docs/report/Newborough_Methods_Supplement.pdf,2026-10-09T06:39Z,1
Newborough_Methods_Supplement,para,thisisexactlythekindofsi,225,docs/report/Newborough_Methods_Supplement.pdf,2026-10-09T06:39Z,1
Newborough_Methods_Supplement,para,theclustertrajectoryandp,225,docs/report/Newborough_Methods_Supplement.pdf,2026-10-09T06:39Z,1
Newborough_Methods_Supplement,heading,Intervention markers and the management-response horizon,225,docs/report/Newborough_Methods_Supplement.pdf,2026-10-09T06:39Z,1
Newborough_Methods_Supplement,para,thesolidverticallinemark,225,docs/report/Newborough_Methods_Supplement.pdf,2026-10-09T06:39Z,1
Newborough_Methods_Supplement,para,forthedecember2017clearf,225,docs/report/Newborough_Methods_Supplement.pdf,2026-10-09T06:39Z,1
Newborough_Methods_Supplement,para,interventiondatesareimpo,225,docs/report/Newborough_Methods_Supplement.pdf,2026-10-09T06:39Z,1
Newborough_Methods_Supplement,para,script26producestwopercl,226,docs/report/Newborough_Methods_Supplement.pdf,2026-10-09T06:39Z,1
Newborough_Methods_Supplement,heading,Method A and Method B aggregation,226,docs/report/Newborough_Methods_Supplement.pdf,2026-10-09T06:39Z,1
Newborough_Methods_Supplement,para,theterminologyusedinthec,226,docs/report/Newborough_Methods_Supplement.pdf,2026-10-09T06:39Z,1
Newborough_Methods_Supplement,para,methodaperwellmsl5fixede,226,docs/report/Newborough_Methods_Supplement.pdf,2026-10-09T06:39Z,1
Newborough_Methods_Supplement,para,thetwomethodscandifferby,226,docs/report/Newborough_Methods_Supplement.pdf,2026-10-09T06:39Z,1
Newborough_Methods_Supplement,para,bothmethodsaremathematic,226,docs/report/Newborough_Methods_Supplement.pdf,2026-10-09T06:39Z,1
Newborough_Methods_Supplement,para,asmallsetoflimitationssh,227,docs/report/Newborough_Methods_Supplement.pdf,2026-10-09T06:39Z,1
Newborough_Methods_Supplement,heading,Limitations,227,docs/report/Newborough_Methods_Supplement.pdf,2026-10-09T06:39Z,1
Newborough_Methods_Supplement,para,msl5isanaggregationnotam,227,docs/report/Newborough_Methods_Supplement.pdf,2026-10-09T06:39Z,1
Newborough_Methods_Supplement,para,directecologicalcalibrat,227,docs/report/Newborough_Methods_Supplement.pdf,2026-10-09T06:39Z,1
Newborough_Methods_Supplement,para,the5yearwindowlagstheund,227,docs/report/Newborough_Methods_Supplement.pdf,2026-10-09T06:39Z,1
Newborough_Methods_Supplement,para,thepost2024trajectorylif,227,docs/report/Newborough_Methods_Supplement.pdf,2026-10-09T06:39Z,1
Newborough_Methods_Supplement,para,thecurrelisd15bandsd16re,227,docs/report/Newborough_Methods_Supplement.pdf,2026-10-09T06:39Z,1
Newborough_Methods_Supplement,para,noukcp18forwardprojectio,227,docs/report/Newborough_Methods_Supplement.pdf,2026-10-09T06:39Z,1
Newborough_Methods_Supplement,para,f4currelisd15bsd16consta,229,docs/report/Newborough_Methods_Supplement.pdf,2026-10-09T06:39Z,1
Newborough_Methods_Supplement,heading,Outputs,229,docs/report/Newborough_Methods_Supplement.pdf,2026-10-09T06:39Z,1
Newborough_Methods_Supplement,heading,Where the result appears in the report,229,docs/report/Newborough_Methods_Supplement.pdf,2026-10-09T06:39Z,1
Newborough_Methods_Supplement,heading,Cross-references,229,docs/report/Newborough_Methods_Supplement.pdf,2026-10-09T06:39Z,1
Newborough_Methods_Supplement,para,added20260703extendsscri,229,docs/report/Newborough_Methods_Supplement.pdf,2026-10-09T06:39Z,1
Newborough_Methods_Supplement,heading,Equilibrium wetness index and vegetation cross-validation (v1.3.2),229,docs/report/Newborough_Methods_Supplement.pdf,2026-10-09T06:39Z,1
Newborough_Methods_Supplement,para,fromv132thescriptcompute,230,docs/report/Newborough_Methods_Supplement.pdf,2026-10-09T06:39Z,1
Newborough_Methods_Supplement,para,consistencywiththewithdr,230,docs/report/Newborough_Methods_Supplement.pdf,2026-10-09T06:39Z,1
Newborough_Methods_Supplement,para,ewicalibrationprecisiont,230,docs/report/Newborough_Methods_Supplement.pdf,2026-10-09T06:39Z,1
Newborough_Methods_Supplement,para,vegetationcrossvalidatio,230,docs/report/Newborough_Methods_Supplement.pdf,2026-10-09T06:39Z,1
Newborough_Methods_Supplement,para,hillmomountfordjoroydbbu,231,docs/report/Newborough_Methods_Supplement.pdf,2026-10-09T06:39Z,1
Newborough_Methods_Supplement,para,step3260forscript26bphas,231,docs/report/Newborough_Methods_Supplement.pdf,2026-10-09T06:39Z,1
Newborough_Methods_Supplement,heading,"S.18b --- Spring MSL forecasting tools (Script 11 Section 5, Script 26b)",231,docs/report/Newborough_Methods_Supplement.pdf,2026-10-09T06:39Z,1
Newborough_Methods_Supplement,para,thischapterdocumentstwoc,231,docs/report/Newborough_Methods_Supplement.pdf,2026-10-09T06:39Z,1
Newborough_Methods_Supplement,heading,S.18b.1 Purpose and editorial weighting,231,docs/report/Newborough_Methods_Supplement.pdf,2026-10-09T06:39Z,1
Newborough_Methods_Supplement,para,thetwotoolssitatdifferen,232,docs/report/Newborough_Methods_Supplement.pdf,2026-10-09T06:39Z,1
Newborough_Methods_Supplement,para,foreachofthefiveclusters,232,docs/report/Newborough_Methods_Supplement.pdf,2026-10-09T06:39Z,1
Newborough_Methods_Supplement,heading,S.18b.2 Tool A: empirical spring MSL transfer function,232,docs/report/Newborough_Methods_Supplement.pdf,2026-10-09T06:39Z,1
Newborough_Methods_Supplement,heading,S.18b.2.1 Specification,232,docs/report/Newborough_Methods_Supplement.pdf,2026-10-09T06:39Z,1
Newborough_Methods_Supplement,para,mslywhmaxwinterappwintos,232,docs/report/Newborough_Methods_Supplement.pdf,2026-10-09T06:39Z,2
Newborough_Methods_Supplement,para,wheremslyisthemeanofmarc,232,docs/report/Newborough_Methods_Supplement.pdf,2026-10-09T06:39Z,1
Newborough_Methods_Supplement,para,thefitusesscript03sclust,232,docs/report/Newborough_Methods_Supplement.pdf,2026-10-09T06:39Z,1
Newborough_Methods_Supplement,heading,S.18b.2.2 Data source,232,docs/report/Newborough_Methods_Supplement.pdf,2026-10-09T06:39Z,1
Newborough_Methods_Supplement,para,theannualaggregationstri,232,docs/report/Newborough_Methods_Supplement.pdf,2026-10-09T06:39Z,1
Newborough_Methods_Supplement,para,thefiveclustertableoffit,233,docs/report/Newborough_Methods_Supplement.pdf,2026-10-09T06:39Z,1
Newborough_Methods_Supplement,heading,S.18b.2.3 Results,233,docs/report/Newborough_Methods_Supplement.pdf,2026-10-09T06:39Z,1
Newborough_Methods_Supplement,para,coefficientsonhmaxwinter,233,docs/report/Newborough_Methods_Supplement.pdf,2026-10-09T06:39Z,1
Newborough_Methods_Supplement,para,fiveclusterrvaluesrangef,233,docs/report/Newborough_Methods_Supplement.pdf,2026-10-09T06:39Z,1
Newborough_Methods_Supplement,para,anearliertwovariantimple,233,docs/report/Newborough_Methods_Supplement.pdf,2026-10-09T06:39Z,1
Newborough_Methods_Supplement,heading,S.18b.2.4 A rejected variant,233,docs/report/Newborough_Methods_Supplement.pdf,2026-10-09T06:39Z,1
Newborough_Methods_Supplement,para,theintendedusecaseisillu,234,docs/report/Newborough_Methods_Supplement.pdf,2026-10-09T06:39Z,1
Newborough_Methods_Supplement,heading,S.18b.2.5 Manager workflow,234,docs/report/Newborough_Methods_Supplement.pdf,2026-10-09T06:39Z,1
Newborough_Methods_Supplement,para,theworkflowismostoperati,234,docs/report/Newborough_Methods_Supplement.pdf,2026-10-09T06:39Z,1
Newborough_Methods_Supplement,para,script26bvanwillegenmslp,234,docs/report/Newborough_Methods_Supplement.pdf,2026-10-09T06:39Z,1
Newborough_Methods_Supplement,heading,S.18b.3 Tool B: UKCP18 RCP8.5 MSL5 climate projection,234,docs/report/Newborough_Methods_Supplement.pdf,2026-10-09T06:39Z,1
Newborough_Methods_Supplement,heading,S.18b.3.1 Specification,234,docs/report/Newborough_Methods_Supplement.pdf,2026-10-09T06:39Z,1
Newborough_Methods_Supplement,para,foreachclusterandeachsce,234,docs/report/Newborough_Methods_Supplement.pdf,2026-10-09T06:39Z,1
Newborough_Methods_Supplement,heading,S.18b.3.2 Method,234,docs/report/Newborough_Methods_Supplement.pdf,2026-10-09T06:39Z,1
Newborough_Methods_Supplement,para,whereandaretheclustersmo,234,docs/report/Newborough_Methods_Supplement.pdf,2026-10-09T06:39Z,1
Newborough_Methods_Supplement,para,theukcp18multipliersused,235,docs/report/Newborough_Methods_Supplement.pdf,2026-10-09T06:39Z,1
Newborough_Methods_Supplement,para,winteristakenasnovembert,235,docs/report/Newborough_Methods_Supplement.pdf,2026-10-09T06:39Z,1
Newborough_Methods_Supplement,para,eachfiveyearwindowsmsl5i,235,docs/report/Newborough_Methods_Supplement.pdf,2026-10-09T06:39Z,1
Newborough_Methods_Supplement,para,theprojectedmsl5trajecto,235,docs/report/Newborough_Methods_Supplement.pdf,2026-10-09T06:39Z,1
Newborough_Methods_Supplement,para,toolbisaperturbationover,235,docs/report/Newborough_Methods_Supplement.pdf,2026-10-09T06:39Z,1
Newborough_Methods_Supplement,heading,S.18b.3.3 What the projection is and is not,235,docs/report/Newborough_Methods_Supplement.pdf,2026-10-09T06:39Z,1
Newborough_Methods_Supplement,para,toolbisnotaforwardintime,235,docs/report/Newborough_Methods_Supplement.pdf,2026-10-09T06:39Z,1
Newborough_Methods_Supplement,para,toolbalsoavoidsthessmfor,235,docs/report/Newborough_Methods_Supplement.pdf,2026-10-09T06:39Z,1
Newborough_Methods_Supplement,para,astandardukcp18caveatapp,236,docs/report/Newborough_Methods_Supplement.pdf,2026-10-09T06:39Z,1
Newborough_Methods_Supplement,para,perclusterprojectedmsl5v,236,docs/report/Newborough_Methods_Supplement.pdf,2026-10-09T06:39Z,1
Newborough_Methods_Supplement,heading,S.18b.3.4 Results,236,docs/report/Newborough_Methods_Supplement.pdf,2026-10-09T06:39Z,1
Newborough_Methods_Supplement,para,thetablegivesthecentroid,236,docs/report/Newborough_Methods_Supplement.pdf,2026-10-09T06:39Z,1
Newborough_Methods_Supplement,para,afeatureoftheprojectioni,236,docs/report/Newborough_Methods_Supplement.pdf,2026-10-09T06:39Z,1
Newborough_Methods_Supplement,heading,S.18b.3.5 The spring-window structural cancellation,236,docs/report/Newborough_Methods_Supplement.pdf,2026-10-09T06:39Z,1
Newborough_Methods_Supplement,para,thisstructuralcancellati,236,docs/report/Newborough_Methods_Supplement.pdf,2026-10-09T06:39Z,1
Newborough_Methods_Supplement,para,theprojectedmsl5magnitud,237,docs/report/Newborough_Methods_Supplement.pdf,2026-10-09T06:39Z,1
Newborough_Methods_Supplement,heading,S.18b.3.6 Climate signal in context,237,docs/report/Newborough_Methods_Supplement.pdf,2026-10-09T06:39Z,1
Newborough_Methods_Supplement,para,theforestmanagementbacic,237,docs/report/Newborough_Methods_Supplement.pdf,2026-10-09T06:39Z,1
Newborough_Methods_Supplement,para,theobservedinterannualva,237,docs/report/Newborough_Methods_Supplement.pdf,2026-10-09T06:39Z,1
Newborough_Methods_Supplement,para,theaggregationmethoddiff,237,docs/report/Newborough_Methods_Supplement.pdf,2026-10-09T06:39Z,1
Newborough_Methods_Supplement,para,thesethreequantitiesmana,237,docs/report/Newborough_Methods_Supplement.pdf,2026-10-09T06:39Z,1
Newborough_Methods_Supplement,para,thereportsprincipalclima,237,docs/report/Newborough_Methods_Supplement.pdf,2026-10-09T06:39Z,1
Newborough_Methods_Supplement,heading,S.18b.3.7 Relationship to the Curreli summer-minimum predictions,237,docs/report/Newborough_Methods_Supplement.pdf,2026-10-09T06:39Z,1
Newborough_Methods_Supplement,para,thetwofindingsarenotcont,238,docs/report/Newborough_Methods_Supplement.pdf,2026-10-09T06:39Z,1
Newborough_Methods_Supplement,para,fordirectcomparisononthe,238,docs/report/Newborough_Methods_Supplement.pdf,2026-10-09T06:39Z,1
Newborough_Methods_Supplement,para,theimplicationformonitor,238,docs/report/Newborough_Methods_Supplement.pdf,2026-10-09T06:39Z,1
Newborough_Methods_Supplement,para,forthereportsmaintextdis,238,docs/report/Newborough_Methods_Supplement.pdf,2026-10-09T06:39Z,1
Newborough_Methods_Supplement,para,toolbrunstwoaggregations,239,docs/report/Newborough_Methods_Supplement.pdf,2026-10-09T06:39Z,1
Newborough_Methods_Supplement,heading,S.18b.3.8 A parallel per-well aggregation pathway,239,docs/report/Newborough_Methods_Supplement.pdf,2026-10-09T06:39Z,1
Newborough_Methods_Supplement,para,thetwoaggregationsdiffer,239,docs/report/Newborough_Methods_Supplement.pdf,2026-10-09T06:39Z,1
Newborough_Methods_Supplement,para,thereportquotestheperwel,239,docs/report/Newborough_Methods_Supplement.pdf,2026-10-09T06:39Z,1
Newborough_Methods_Supplement,para,theewiisdocumentedinfull,239,docs/report/Newborough_Methods_Supplement.pdf,2026-10-09T06:39Z,1
Newborough_Methods_Supplement,heading,S.18b.4 Tool C: Equilibrium Wetness Index (EWI) MSL5 prediction,239,docs/report/Newborough_Methods_Supplement.pdf,2026-10-09T06:39Z,1
Newborough_Methods_Supplement,para,theewianswersadifferentq,239,docs/report/Newborough_Methods_Supplement.pdf,2026-10-09T06:39Z,1
Newborough_Methods_Supplement,para,toolciscomplementarynota,239,docs/report/Newborough_Methods_Supplement.pdf,2026-10-09T06:39Z,1
Newborough_Methods_Supplement,para,crossreferences18fullewi,239,docs/report/Newborough_Methods_Supplement.pdf,2026-10-09T06:39Z,1
Newborough_Methods_Supplement,para,aconsequenceofpairedtool,240,docs/report/Newborough_Methods_Supplement.pdf,2026-10-09T06:39Z,1
Newborough_Methods_Supplement,heading,S.18b.5 Method A and Method B aggregation,240,docs/report/Newborough_Methods_Supplement.pdf,2026-10-09T06:39Z,1
Newborough_Methods_Supplement,para,26msl5yrperclustercsvist,240,docs/report/Newborough_Methods_Supplement.pdf,2026-10-09T06:39Z,1
Newborough_Methods_Supplement,para,26msl5yrperclustercentro,240,docs/report/Newborough_Methods_Supplement.pdf,2026-10-09T06:39Z,1
Newborough_Methods_Supplement,para,thetwomethodsarebothvali,240,docs/report/Newborough_Methods_Supplement.pdf,2026-10-09T06:39Z,1
Newborough_Methods_Supplement,para,thechapters18ofthissuppl,240,docs/report/Newborough_Methods_Supplement.pdf,2026-10-09T06:39Z,1
Newborough_Methods_Supplement,para,toolaandtoolbareintegrat,241,docs/report/Newborough_Methods_Supplement.pdf,2026-10-09T06:39Z,1
Newborough_Methods_Supplement,heading,S.18b.6 Pipeline integration,241,docs/report/Newborough_Methods_Supplement.pdf,2026-10-09T06:39Z,1
Newborough_Methods_Supplement,para,toolaissection5ofscript1,241,docs/report/Newborough_Methods_Supplement.pdf,2026-10-09T06:39Z,1
Newborough_Methods_Supplement,para,toolbisscript26bvanwille,241,docs/report/Newborough_Methods_Supplement.pdf,2026-10-09T06:39Z,1
Newborough_Methods_Supplement,para,script26cmsl5reportfigur,241,docs/report/Newborough_Methods_Supplement.pdf,2026-10-09T06:39Z,1
Newborough_Methods_Supplement,para,thegreyscalefigureconver,241,docs/report/Newborough_Methods_Supplement.pdf,2026-10-09T06:39Z,1
Newborough_Methods_Supplement,para,ukcp18rcp85multipliersus,241,docs/report/Newborough_Methods_Supplement.pdf,2026-10-09T06:39Z,1
Newborough_Methods_Supplement,heading,S.18b.7 Data sources and reproducibility,241,docs/report/Newborough_Methods_Supplement.pdf,2026-10-09T06:39Z,1
Newborough_Methods_Supplement,para,sourcevanwillegenetal202,241,docs/report/Newborough_Methods_Supplement.pdf,2026-10-09T06:39Z,1
Newborough_Methods_Supplement,para,step3235phase13vanwilleg,242,docs/report/Newborough_Methods_Supplement.pdf,2026-10-09T06:39Z,1
Newborough_Methods_Supplement,heading,S.18c Script 26c --- Report-format MSL5 figures,242,docs/report/Newborough_Methods_Supplement.pdf,2026-10-09T06:39Z,1
Newborough_Methods_Supplement,para,script26cisadisplayonlyc,242,docs/report/Newborough_Methods_Supplement.pdf,2026-10-09T06:39Z,1
Newborough_Methods_Supplement,para,thefirstoutputisfigmsl5t,242,docs/report/Newborough_Methods_Supplement.pdf,2026-10-09T06:39Z,1
Newborough_Methods_Supplement,para,thesecondoutputisfigmsl5,242,docs/report/Newborough_Methods_Supplement.pdf,2026-10-09T06:39Z,1
Newborough_Methods_Supplement,para,steps3334and3536phase14c,242,docs/report/Newborough_Methods_Supplement.pdf,2026-10-09T06:39Z,1
Newborough_Methods_Supplement,heading,"S.19 Scripts 28, 29, 30 --- Cluster framework diagnostics (Phase 14)",242,docs/report/Newborough_Methods_Supplement.pdf,2026-10-09T06:39Z,1
Newborough_Methods_Supplement,para,thetwoscriptsinthischapt,242,docs/report/Newborough_Methods_Supplement.pdf,2026-10-09T06:39Z,1
Newborough_Methods_Supplement,para,themethodologicalmotivat,243,docs/report/Newborough_Methods_Supplement.pdf,2026-10-09T06:39Z,1
Newborough_Methods_Supplement,para,motivationtestwhetherthe,243,docs/report/Newborough_Methods_Supplement.pdf,2026-10-09T06:39Z,1
Newborough_Methods_Supplement,heading,S.19.1 Script 28 --- C3 detrend check,243,docs/report/Newborough_Methods_Supplement.pdf,2026-10-09T06:39Z,1
Newborough_Methods_Supplement,para,methodologyforeachwellth,243,docs/report/Newborough_Methods_Supplement.pdf,2026-10-09T06:39Z,1
Newborough_Methods_Supplement,para,thediagnosticruleofdecis,244,docs/report/Newborough_Methods_Supplement.pdf,2026-10-09T06:39Z,1
Newborough_Methods_Supplement,para,fivesensitivityvariantsa,244,docs/report/Newborough_Methods_Supplement.pdf,2026-10-09T06:39Z,1
Newborough_Methods_Supplement,para,pathconstantsnewpathsdir,244,docs/report/Newborough_Methods_Supplement.pdf,2026-10-09T06:39Z,1
Newborough_Methods_Supplement,para,headlineresultrerun20260,244,docs/report/Newborough_Methods_Supplement.pdf,2026-10-09T06:39Z,1
Newborough_Methods_Supplement,para,implicationforthereportt,245,docs/report/Newborough_Methods_Supplement.pdf,2026-10-09T06:39Z,1
Newborough_Methods_Supplement,para,limitationsthedetrending,245,docs/report/Newborough_Methods_Supplement.pdf,2026-10-09T06:39Z,1
Newborough_Methods_Supplement,para,motivationgiventhatscrip,245,docs/report/Newborough_Methods_Supplement.pdf,2026-10-09T06:39Z,1
Newborough_Methods_Supplement,heading,S.19.2 Script 29 --- Within-C3 variance attribution,245,docs/report/Newborough_Methods_Supplement.pdf,2026-10-09T06:39Z,1
Newborough_Methods_Supplement,para,methodologytwopanelsarec,246,docs/report/Newborough_Methods_Supplement.pdf,2026-10-09T06:39Z,1
Newborough_Methods_Supplement,para,behaviouralmetricsn9annu,246,docs/report/Newborough_Methods_Supplement.pdf,2026-10-09T06:39Z,1
Newborough_Methods_Supplement,para,thepredictorspacehassubs,246,docs/report/Newborough_Methods_Supplement.pdf,2026-10-09T06:39Z,1
Newborough_Methods_Supplement,para,pathconstantsnewpathsdir,247,docs/report/Newborough_Methods_Supplement.pdf,2026-10-09T06:39Z,1
Newborough_Methods_Supplement,para,headlineresultwithinc3va,247,docs/report/Newborough_Methods_Supplement.pdf,2026-10-09T06:39Z,1
Newborough_Methods_Supplement,para,thesummerwinterdepthandm,247,docs/report/Newborough_Methods_Supplement.pdf,2026-10-09T06:39Z,1
Newborough_Methods_Supplement,para,distancetoceh36emergesas,247,docs/report/Newborough_Methods_Supplement.pdf,2026-10-09T06:39Z,1
Newborough_Methods_Supplement,para,amethodologicalasideemer,247,docs/report/Newborough_Methods_Supplement.pdf,2026-10-09T06:39Z,1
Newborough_Methods_Supplement,para,implicationforthereportw,247,docs/report/Newborough_Methods_Supplement.pdf,2026-10-09T06:39Z,1
Newborough_Methods_Supplement,para,limitationstheregression,248,docs/report/Newborough_Methods_Supplement.pdf,2026-10-09T06:39Z,1
Newborough_Methods_Supplement,para,f4clusterpartitionconsta,248,docs/report/Newborough_Methods_Supplement.pdf,2026-10-09T06:39Z,1
Newborough_Methods_Supplement,heading,Cross-references,248,docs/report/Newborough_Methods_Supplement.pdf,2026-10-09T06:39Z,1
Newborough_Methods_Supplement,para,step3660phase14tierxbute,248,docs/report/Newborough_Methods_Supplement.pdf,2026-10-09T06:39Z,1
Newborough_Methods_Supplement,heading,S.19.3 Script 30 --- C4 drainage identifiability diagnostic and reported sensitivities,248,docs/report/Newborough_Methods_Supplement.pdf,2026-10-09T06:39Z,1
Newborough_Methods_Supplement,para,motivationc4mainforestre,249,docs/report/Newborough_Methods_Supplement.pdf,2026-10-09T06:39Z,1
Newborough_Methods_Supplement,para,methodologycentroidfitsu,249,docs/report/Newborough_Methods_Supplement.pdf,2026-10-09T06:39Z,1
Newborough_Methods_Supplement,para,perwellpaneltwobaseseach,249,docs/report/Newborough_Methods_Supplement.pdf,2026-10-09T06:39Z,1
Newborough_Methods_Supplement,para,centroidexclusionsensiti,250,docs/report/Newborough_Methods_Supplement.pdf,2026-10-09T06:39Z,1
Newborough_Methods_Supplement,para,tracemap523citationrepor,250,docs/report/Newborough_Methods_Supplement.pdf,2026-10-09T06:39Z,1
Newborough_Methods_Supplement,para,limitationsthediagnostic,250,docs/report/Newborough_Methods_Supplement.pdf,2026-10-09T06:39Z,1
Newborough_Methods_Supplement,para,s3canonicalssmfits03mast,251,docs/report/Newborough_Methods_Supplement.pdf,2026-10-09T06:39Z,1
Newborough_Methods_Supplement,para,phase15steps364160323335,251,docs/report/Newborough_Methods_Supplement.pdf,2026-10-09T06:39Z,1
Newborough_Methods_Supplement,heading,"S.20 Scripts 32, 33, 35, 36, 37, 37b --- Observed differential change and the climate-response envelope",251,docs/report/Newborough_Methods_Supplement.pdf,2026-10-09T06:39Z,1
Newborough_Methods_Supplement,para,motivationthetwowindowms,251,docs/report/Newborough_Methods_Supplement.pdf,2026-10-09T06:39Z,1
Newborough_Methods_Supplement,heading,S.20.1 Script 32 --- Secular differential water-table movement (Figure 73),251,docs/report/Newborough_Methods_Supplement.pdf,2026-10-09T06:39Z,1
Newborough_Methods_Supplement,para,inputsoutputs01wellsclea,251,docs/report/Newborough_Methods_Supplement.pdf,2026-10-09T06:39Z,1
Newborough_Methods_Supplement,para,methodologyaspringvaluei,255,docs/report/Newborough_Methods_Supplement.pdf,2026-10-09T06:39Z,2
Newborough_Methods_Supplement,para,headlineresultover201120,252,docs/report/Newborough_Methods_Supplement.pdf,2026-10-09T06:39Z,1
Newborough_Methods_Supplement,para,outputsoutputs32differen,252,docs/report/Newborough_Methods_Supplement.pdf,2026-10-09T06:39Z,1
Newborough_Methods_Supplement,para,limitationsthedifferenti,252,docs/report/Newborough_Methods_Supplement.pdf,2026-10-09T06:39Z,1
Newborough_Methods_Supplement,para,reportlocationfigure73ma,252,docs/report/Newborough_Methods_Supplement.pdf,2026-10-09T06:39Z,1
Newborough_Methods_Supplement,para,motivationawindowindepen,252,docs/report/Newborough_Methods_Supplement.pdf,2026-10-09T06:39Z,1
Newborough_Methods_Supplement,heading,S.20.2 Script 33 --- Climate-swing amplification and dry-year spring floor (Figures 75 and 76),252,docs/report/Newborough_Methods_Supplement.pdf,2026-10-09T06:39Z,1
Newborough_Methods_Supplement,para,inputsoutputs01wellsclea,254,docs/report/Newborough_Methods_Supplement.pdf,2026-10-09T06:39Z,2
Newborough_Methods_Supplement,para,methodologyspringvaluesa,253,docs/report/Newborough_Methods_Supplement.pdf,2026-10-09T06:39Z,1
Newborough_Methods_Supplement,para,headlineresultthesitemea,253,docs/report/Newborough_Methods_Supplement.pdf,2026-10-09T06:39Z,1
Newborough_Methods_Supplement,para,outputsoutputs33envelope,253,docs/report/Newborough_Methods_Supplement.pdf,2026-10-09T06:39Z,1
Newborough_Methods_Supplement,para,limitationstheamplificat,253,docs/report/Newborough_Methods_Supplement.pdf,2026-10-09T06:39Z,1
Newborough_Methods_Supplement,para,reportlocationfigures75a,254,docs/report/Newborough_Methods_Supplement.pdf,2026-10-09T06:39Z,1
Newborough_Methods_Supplement,para,motivationadiscreteframe,254,docs/report/Newborough_Methods_Supplement.pdf,2026-10-09T06:39Z,1
Newborough_Methods_Supplement,heading,S.20.3 Script 35 --- Per-well climate-sensitivity coefficient,254,docs/report/Newborough_Methods_Supplement.pdf,2026-10-09T06:39Z,1
Newborough_Methods_Supplement,para,inputsoutputs01wellsclea,254,docs/report/Newborough_Methods_Supplement.pdf,2026-10-09T06:39Z,2
Newborough_Methods_Supplement,para,methodologyeachwellsdryt,254,docs/report/Newborough_Methods_Supplement.pdf,2026-10-09T06:39Z,1
Newborough_Methods_Supplement,para,honestynotethecoefficien,254,docs/report/Newborough_Methods_Supplement.pdf,2026-10-09T06:39Z,1
Newborough_Methods_Supplement,para,outputsoutputs35amplific,254,docs/report/Newborough_Methods_Supplement.pdf,2026-10-09T06:39Z,1
Newborough_Methods_Supplement,para,reportlocationmainreport,254,docs/report/Newborough_Methods_Supplement.pdf,2026-10-09T06:39Z,1
Newborough_Methods_Supplement,para,step4060phase15added2026,254,docs/report/Newborough_Methods_Supplement.pdf,2026-10-09T06:39Z,1
Newborough_Methods_Supplement,heading,S.20.4 Script 36 --- Absolute climate-removed secular trend (Phase 15),254,docs/report/Newborough_Methods_Supplement.pdf,2026-10-09T06:39Z,1
Newborough_Methods_Supplement,para,motivationscript32sdiffe,254,docs/report/Newborough_Methods_Supplement.pdf,2026-10-09T06:39Z,1
Newborough_Methods_Supplement,para,inputsoutputs01wellsclea,255,docs/report/Newborough_Methods_Supplement.pdf,2026-10-09T06:39Z,1
Newborough_Methods_Supplement,para,methodologyaspringvaluei,255,docs/report/Newborough_Methods_Supplement.pdf,2026-10-09T06:39Z,2
Newborough_Methods_Supplement,para,andtheseculartrendisthef,255,docs/report/Newborough_Methods_Supplement.pdf,2026-10-09T06:39Z,1
Newborough_Methods_Supplement,para,acoveragefilterremoveswe,255,docs/report/Newborough_Methods_Supplement.pdf,2026-10-09T06:39Z,1
Newborough_Methods_Supplement,para,headlineresultover200520,255,docs/report/Newborough_Methods_Supplement.pdf,2026-10-09T06:39Z,1
Newborough_Methods_Supplement,para,allatoutputs36absolutecl,256,docs/report/Newborough_Methods_Supplement.pdf,2026-10-09T06:39Z,1
Newborough_Methods_Supplement,para,limitationsthemetricisab,256,docs/report/Newborough_Methods_Supplement.pdf,2026-10-09T06:39Z,1
Newborough_Methods_Supplement,para,reportlocationfigurenumb,256,docs/report/Newborough_Methods_Supplement.pdf,2026-10-09T06:39Z,1
Newborough_Methods_Supplement,para,step4160phase15analytica,256,docs/report/Newborough_Methods_Supplement.pdf,2026-10-09T06:39Z,1
Newborough_Methods_Supplement,heading,S.20.5 Script 37 --- Driver validation (per-driver scale-factor regression),256,docs/report/Newborough_Methods_Supplement.pdf,2026-10-09T06:39Z,1
Newborough_Methods_Supplement,para,motivationsectionss19s20,256,docs/report/Newborough_Methods_Supplement.pdf,2026-10-09T06:39Z,1
Newborough_Methods_Supplement,para,norawinputsnohardcodedam,257,docs/report/Newborough_Methods_Supplement.pdf,2026-10-09T06:39Z,1
Newborough_Methods_Supplement,para,methodologyforeachanalys,257,docs/report/Newborough_Methods_Supplement.pdf,2026-10-09T06:39Z,1
Newborough_Methods_Supplement,para,dhcorriscoastcoastiscfcl,257,docs/report/Newborough_Methods_Supplement.pdf,2026-10-09T06:39Z,1
Newborough_Methods_Supplement,para,eachfieldiscorrectedperw,257,docs/report/Newborough_Methods_Supplement.pdf,2026-10-09T06:39Z,1
Newborough_Methods_Supplement,para,sitespecificchoicesandra,257,docs/report/Newborough_Methods_Supplement.pdf,2026-10-09T06:39Z,1
Newborough_Methods_Supplement,para,outputsoutputs37driverva,257,docs/report/Newborough_Methods_Supplement.pdf,2026-10-09T06:39Z,1
Newborough_Methods_Supplement,para,limitationsandknowncavea,257,docs/report/Newborough_Methods_Supplement.pdf,2026-10-09T06:39Z,1
Newborough_Methods_Supplement,para,whereitappearsintherepor,258,docs/report/Newborough_Methods_Supplement.pdf,2026-10-09T06:39Z,1
Newborough_Methods_Supplement,para,step4260phase15v10120260,258,docs/report/Newborough_Methods_Supplement.pdf,2026-10-09T06:39Z,1
Newborough_Methods_Supplement,heading,S.20.6 Script 37b --- Comparative driver footing (Part B),258,docs/report/Newborough_Methods_Supplement.pdf,2026-10-09T06:39Z,1
Newborough_Methods_Supplement,para,motivationthereportweigh,258,docs/report/Newborough_Methods_Supplement.pdf,2026-10-09T06:39Z,1
Newborough_Methods_Supplement,para,inputsthescript20unitfie,258,docs/report/Newborough_Methods_Supplement.pdf,2026-10-09T06:39Z,1
Newborough_Methods_Supplement,para,methodologyeachdriverent,258,docs/report/Newborough_Methods_Supplement.pdf,2026-10-09T06:39Z,1
Newborough_Methods_Supplement,para,sitespecificchoicesandra,258,docs/report/Newborough_Methods_Supplement.pdf,2026-10-09T06:39Z,1
Newborough_Methods_Supplement,para,outputsoutputs37bdriverf,259,docs/report/Newborough_Methods_Supplement.pdf,2026-10-09T06:39Z,1
Newborough_Methods_Supplement,para,limitationsandknowncavea,259,docs/report/Newborough_Methods_Supplement.pdf,2026-10-09T06:39Z,1
Newborough_Methods_Supplement,para,whereitappearsintherepor,259,docs/report/Newborough_Methods_Supplement.pdf,2026-10-09T06:39Z,1
Newborough_Methods_Supplement,para,phase16steps424660thefir,259,docs/report/Newborough_Methods_Supplement.pdf,2026-10-09T06:39Z,1
Newborough_Methods_Supplement,heading,"S.21 Scripts 24b, 31, 31b, 34, 38 --- Supplementary standalone diagnostics",259,docs/report/Newborough_Methods_Supplement.pdf,2026-10-09T06:39Z,1
Newborough_Methods_Supplement,para,motivationscript24report,259,docs/report/Newborough_Methods_Supplement.pdf,2026-10-09T06:39Z,1
Newborough_Methods_Supplement,heading,S.21.1 Script 24b --- Cluster-stratified residual climatology,259,docs/report/Newborough_Methods_Supplement.pdf,2026-10-09T06:39Z,1
Newborough_Methods_Supplement,para,inputstheperwellpermonth,260,docs/report/Newborough_Methods_Supplement.pdf,2026-10-09T06:39Z,1
Newborough_Methods_Supplement,para,methodologytheresidualcl,260,docs/report/Newborough_Methods_Supplement.pdf,2026-10-09T06:39Z,1
Newborough_Methods_Supplement,para,outputsoutputs24bresidua,260,docs/report/Newborough_Methods_Supplement.pdf,2026-10-09T06:39Z,1
Newborough_Methods_Supplement,para,reportlocationsupportsth,260,docs/report/Newborough_Methods_Supplement.pdf,2026-10-09T06:39Z,1
Newborough_Methods_Supplement,para,motivationthecanonicalcl,260,docs/report/Newborough_Methods_Supplement.pdf,2026-10-09T06:39Z,1
Newborough_Methods_Supplement,heading,S.21.2 Script 31 --- Independent k=5 partition validation,260,docs/report/Newborough_Methods_Supplement.pdf,2026-10-09T06:39Z,1
Newborough_Methods_Supplement,para,methodologyfourtierstier,260,docs/report/Newborough_Methods_Supplement.pdf,2026-10-09T06:39Z,1
Newborough_Methods_Supplement,para,outputsoutputs31clusterv,260,docs/report/Newborough_Methods_Supplement.pdf,2026-10-09T06:39Z,1
Newborough_Methods_Supplement,para,reportlocationsupportsth,260,docs/report/Newborough_Methods_Supplement.pdf,2026-10-09T06:39Z,1
Newborough_Methods_Supplement,para,motivationastandalonecom,261,docs/report/Newborough_Methods_Supplement.pdf,2026-10-09T06:39Z,1
Newborough_Methods_Supplement,heading,S.21.3 Script 31b --- Cluster separation versus recoverability,261,docs/report/Newborough_Methods_Supplement.pdf,2026-10-09T06:39Z,1
Newborough_Methods_Supplement,para,methodologyforeachindepe,261,docs/report/Newborough_Methods_Supplement.pdf,2026-10-09T06:39Z,1
Newborough_Methods_Supplement,para,outputsoutputs31clusterv,261,docs/report/Newborough_Methods_Supplement.pdf,2026-10-09T06:39Z,1
Newborough_Methods_Supplement,para,reportlocationcompaniont,261,docs/report/Newborough_Methods_Supplement.pdf,2026-10-09T06:39Z,1
Newborough_Methods_Supplement,para,step4660phase16analytica,261,docs/report/Newborough_Methods_Supplement.pdf,2026-10-09T06:39Z,1
Newborough_Methods_Supplement,heading,S.21.4 Script 34 --- MSL5 two-window sensitivity demonstration,261,docs/report/Newborough_Methods_Supplement.pdf,2026-10-09T06:39Z,1
Newborough_Methods_Supplement,para,motivationadeliberatecau,261,docs/report/Newborough_Methods_Supplement.pdf,2026-10-09T06:39Z,1
Newborough_Methods_Supplement,para,inputsthecommittedperwel,261,docs/report/Newborough_Methods_Supplement.pdf,2026-10-09T06:39Z,1
Newborough_Methods_Supplement,para,methodologyperwellmsl5fo,261,docs/report/Newborough_Methods_Supplement.pdf,2026-10-09T06:39Z,1
Newborough_Methods_Supplement,para,headlineresultthesitemea,262,docs/report/Newborough_Methods_Supplement.pdf,2026-10-09T06:39Z,1
Newborough_Methods_Supplement,para,outputsoutputs34windowse,262,docs/report/Newborough_Methods_Supplement.pdf,2026-10-09T06:39Z,1
Newborough_Methods_Supplement,para,limitationspanelbsownpan,262,docs/report/Newborough_Methods_Supplement.pdf,2026-10-09T06:39Z,1
Newborough_Methods_Supplement,para,reportlocationmainreport,262,docs/report/Newborough_Methods_Supplement.pdf,2026-10-09T06:39Z,1
Newborough_Methods_Supplement,para,step4760phase16v13020260,262,docs/report/Newborough_Methods_Supplement.pdf,2026-10-09T06:39Z,1
Newborough_Methods_Supplement,heading,S.21.5 Script 38 --- Coast-to-inland MAM transect (observational δ₀),262,docs/report/Newborough_Methods_Supplement.pdf,2026-10-09T06:39Z,1
Newborough_Methods_Supplement,para,motivationscript37couldn,262,docs/report/Newborough_Methods_Supplement.pdf,2026-10-09T06:39Z,1
Newborough_Methods_Supplement,para,inputsmamspringmeanwater,262,docs/report/Newborough_Methods_Supplement.pdf,2026-10-09T06:39Z,1
Newborough_Methods_Supplement,para,methodologyalinerunningc,262,docs/report/Newborough_Methods_Supplement.pdf,2026-10-09T06:39Z,1
Newborough_Methods_Supplement,para,sitespecificchoicesandra,262,docs/report/Newborough_Methods_Supplement.pdf,2026-10-09T06:39Z,1
Newborough_Methods_Supplement,para,outputsoutputs38coastalt,263,docs/report/Newborough_Methods_Supplement.pdf,2026-10-09T06:39Z,1
Newborough_Methods_Supplement,para,limitationsandknowncavea,263,docs/report/Newborough_Methods_Supplement.pdf,2026-10-09T06:39Z,1
Newborough_Methods_Supplement,para,whereitappearsintherepor,263,docs/report/Newborough_Methods_Supplement.pdf,2026-10-09T06:39Z,1
Newborough_Methods_Supplement,para,step4860phase16inrunanal,263,docs/report/Newborough_Methods_Supplement.pdf,2026-10-09T06:39Z,1
Newborough_Methods_Supplement,heading,S.22 Script 39 --- SSM hindcast against the 1989--96 CCW record,263,docs/report/Newborough_Methods_Supplement.pdf,2026-10-09T06:39Z,1
Newborough_Methods_Supplement,para,everyothertestofthestate,263,docs/report/Newborough_Methods_Supplement.pdf,2026-10-09T06:39Z,1
Newborough_Methods_Supplement,heading,Motivation,263,docs/report/Newborough_Methods_Supplement.pdf,2026-10-09T06:39Z,1
Newborough_Methods_Supplement,para,asecondquestionisolderth,263,docs/report/Newborough_Methods_Supplement.pdf,2026-10-09T06:39Z,1
Newborough_Methods_Supplement,para,the198996dipwellrecordsa,264,docs/report/Newborough_Methods_Supplement.pdf,2026-10-09T06:39Z,1
Newborough_Methods_Supplement,heading,Data provenance and permission,264,docs/report/Newborough_Methods_Supplement.pdf,2026-10-09T06:39Z,1
Newborough_Methods_Supplement,para,readviautilspathsdataccw,264,docs/report/Newborough_Methods_Supplement.pdf,2026-10-09T06:39Z,1
Newborough_Methods_Supplement,heading,Inputs,264,docs/report/Newborough_Methods_Supplement.pdf,2026-10-09T06:39Z,1
Newborough_Methods_Supplement,para,therawinputexceptionthet,264,docs/report/Newborough_Methods_Supplement.pdf,2026-10-09T06:39Z,1
Newborough_Methods_Supplement,para,historicdepthsarecarried,264,docs/report/Newborough_Methods_Supplement.pdf,2026-10-09T06:39Z,1
Newborough_Methods_Supplement,heading,Datum,264,docs/report/Newborough_Methods_Supplement.pdf,2026-10-09T06:39Z,1
Newborough_Methods_Supplement,para,readingsatthepipebasecon,264,docs/report/Newborough_Methods_Supplement.pdf,2026-10-09T06:39Z,1
Newborough_Methods_Supplement,heading,Censoring,264,docs/report/Newborough_Methods_Supplement.pdf,2026-10-09T06:39Z,1
Newborough_Methods_Supplement,para,codesaremappedtowellsthr,265,docs/report/Newborough_Methods_Supplement.pdf,2026-10-09T06:39Z,1
Newborough_Methods_Supplement,heading,The admission gate,265,docs/report/Newborough_Methods_Supplement.pdf,2026-10-09T06:39Z,1
Newborough_Methods_Supplement,para,forcingandspinuptherecur,265,docs/report/Newborough_Methods_Supplement.pdf,2026-10-09T06:39Z,1
Newborough_Methods_Supplement,heading,Methodology,265,docs/report/Newborough_Methods_Supplement.pdf,2026-10-09T06:39Z,1
Newborough_Methods_Supplement,para,recurrenceutilsmodelutil,265,docs/report/Newborough_Methods_Supplement.pdf,2026-10-09T06:39Z,1
Newborough_Methods_Supplement,para,bucketinghistoricreading,265,docs/report/Newborough_Methods_Supplement.pdf,2026-10-09T06:39Z,1
Newborough_Methods_Supplement,para,canopyeachwells1989canop,265,docs/report/Newborough_Methods_Supplement.pdf,2026-10-09T06:39Z,1
Newborough_Methods_Supplement,para,readingragainstnsethecor,265,docs/report/Newborough_Methods_Supplement.pdf,2026-10-09T06:39Z,1
Newborough_Methods_Supplement,para,thecoefficientsarefitted,266,docs/report/Newborough_Methods_Supplement.pdf,2026-10-09T06:39Z,1
Newborough_Methods_Supplement,heading,Sensitivity to β₁,266,docs/report/Newborough_Methods_Supplement.pdf,2026-10-09T06:39Z,1
Newborough_Methods_Supplement,para,outputs39ccwhindcast3901,266,docs/report/Newborough_Methods_Supplement.pdf,2026-10-09T06:39Z,1
Newborough_Methods_Supplement,heading,Outputs,266,docs/report/Newborough_Methods_Supplement.pdf,2026-10-09T06:39Z,1
Newborough_Methods_Supplement,para,themodelreproducesthesha,266,docs/report/Newborough_Methods_Supplement.pdf,2026-10-09T06:39Z,1
Newborough_Methods_Supplement,heading,Headline results,266,docs/report/Newborough_Methods_Supplement.pdf,2026-10-09T06:39Z,1
Newborough_Methods_Supplement,para,theepochshiftisthelevelc,266,docs/report/Newborough_Methods_Supplement.pdf,2026-10-09T06:39Z,1
Newborough_Methods_Supplement,para,sixoftheninewellswereope,266,docs/report/Newborough_Methods_Supplement.pdf,2026-10-09T06:39Z,1
Newborough_Methods_Supplement,para,thatcontrastisverylargel,267,docs/report/Newborough_Methods_Supplement.pdf,2026-10-09T06:39Z,1
Newborough_Methods_Supplement,para,coefficientstationarityi,267,docs/report/Newborough_Methods_Supplement.pdf,2026-10-09T06:39Z,1
Newborough_Methods_Supplement,heading,Limitations,267,docs/report/Newborough_Methods_Supplement.pdf,2026-10-09T06:39Z,1
Newborough_Methods_Supplement,para,mainreport578outofsample,267,docs/report/Newborough_Methods_Supplement.pdf,2026-10-09T06:39Z,1
Newborough_Methods_Supplement,heading,Report location,267,docs/report/Newborough_Methods_Supplement.pdf,2026-10-09T06:39Z,1
Newborough_Methods_Supplement,para,step4960phase16inrunanal,267,docs/report/Newborough_Methods_Supplement.pdf,2026-10-09T06:39Z,1
Newborough_Methods_Supplement,heading,S.22b Script 40 --- Shoreline retreat from the digitised coastline epochs,267,docs/report/Newborough_Methods_Supplement.pdf,2026-10-09T06:39Z,1
Newborough_Methods_Supplement,para,motivationthecoastalretr,267,docs/report/Newborough_Methods_Supplement.pdf,2026-10-09T06:39Z,1
Newborough_Methods_Supplement,para,theestimatorandthedefect,268,docs/report/Newborough_Methods_Supplement.pdf,2026-10-09T06:39Z,1
Newborough_Methods_Supplement,para,inputsreadviautilspathsf,268,docs/report/Newborough_Methods_Supplement.pdf,2026-10-09T06:39Z,1
Newborough_Methods_Supplement,para,methodologyandthegated08,268,docs/report/Newborough_Methods_Supplement.pdf,2026-10-09T06:39Z,1
Newborough_Methods_Supplement,para,outputsoutputs40shorelin,268,docs/report/Newborough_Methods_Supplement.pdf,2026-10-09T06:39Z,1
Newborough_Methods_Supplement,para,sitespecificchoicesandli,268,docs/report/Newborough_Methods_Supplement.pdf,2026-10-09T06:39Z,1
Newborough_Methods_Supplement,para,whereitappearsthemeasure,269,docs/report/Newborough_Methods_Supplement.pdf,2026-10-09T06:39Z,1
Newborough_Methods_Supplement,para,step5060phase16inrunanal,269,docs/report/Newborough_Methods_Supplement.pdf,2026-10-09T06:39Z,1
Newborough_Methods_Supplement,heading,S.23 Script 41 --- canopy and forest cover from the dated aerial series,269,docs/report/Newborough_Methods_Supplement.pdf,2026-10-09T06:39Z,1
Newborough_Methods_Supplement,para,everyotherlineofevidence,269,docs/report/Newborough_Methods_Supplement.pdf,2026-10-09T06:39Z,1
Newborough_Methods_Supplement,heading,Motivation,269,docs/report/Newborough_Methods_Supplement.pdf,2026-10-09T06:39Z,1
Newborough_Methods_Supplement,para,italsoaddressesaquestion,269,docs/report/Newborough_Methods_Supplement.pdf,2026-10-09T06:39Z,1
Newborough_Methods_Supplement,para,theframesarescreencaptur,269,docs/report/Newborough_Methods_Supplement.pdf,2026-10-09T06:39Z,1
Newborough_Methods_Supplement,heading,Data provenance and permission,269,docs/report/Newborough_Methods_Supplement.pdf,2026-10-09T06:39Z,1
Newborough_Methods_Supplement,para,datageoaerialmanifestcsv,269,docs/report/Newborough_Methods_Supplement.pdf,2026-10-09T06:39Z,1
Newborough_Methods_Supplement,heading,Inputs,269,docs/report/Newborough_Methods_Supplement.pdf,2026-10-09T06:39Z,1
Newborough_Methods_Supplement,para,themeasureisatextureinde,270,docs/report/Newborough_Methods_Supplement.pdf,2026-10-09T06:39Z,1
Newborough_Methods_Supplement,heading,Methodology,270,docs/report/Newborough_Methods_Supplement.pdf,2026-10-09T06:39Z,1
Newborough_Methods_Supplement,para,theinframenormalisationc,270,docs/report/Newborough_Methods_Supplement.pdf,2026-10-09T06:39Z,1
Newborough_Methods_Supplement,para,registrationthesearepers,270,docs/report/Newborough_Methods_Supplement.pdf,2026-10-09T06:39Z,1
Newborough_Methods_Supplement,para,framesaregroupedbyconste,270,docs/report/Newborough_Methods_Supplement.pdf,2026-10-09T06:39Z,1
Newborough_Methods_Supplement,para,the2026groupsits49pxfrom,270,docs/report/Newborough_Methods_Supplement.pdf,2026-10-09T06:39Z,1
Newborough_Methods_Supplement,para,thecomparisonbasisisfull,270,docs/report/Newborough_Methods_Supplement.pdf,2026-10-09T06:39Z,1
Newborough_Methods_Supplement,heading,Site-specific choices and rationale,270,docs/report/Newborough_Methods_Supplement.pdf,2026-10-09T06:39Z,1
Newborough_Methods_Supplement,para,thecontrolexcludeswhatit,271,docs/report/Newborough_Methods_Supplement.pdf,2026-10-09T06:39Z,1
Newborough_Methods_Supplement,para,onlyviewpointsthatcanres,271,docs/report/Newborough_Methods_Supplement.pdf,2026-10-09T06:39Z,1
Newborough_Methods_Supplement,para,changeisdifferencedonthe,271,docs/report/Newborough_Methods_Supplement.pdf,2026-10-09T06:39Z,1
Newborough_Methods_Supplement,para,outputs41canopycover4101,271,docs/report/Newborough_Methods_Supplement.pdf,2026-10-09T06:39Z,1
Newborough_Methods_Supplement,heading,Outputs,271,docs/report/Newborough_Methods_Supplement.pdf,2026-10-09T06:39Z,1
Newborough_Methods_Supplement,para,reportnumbersarecomputed,271,docs/report/Newborough_Methods_Supplement.pdf,2026-10-09T06:39Z,1
Newborough_Methods_Supplement,para,theindexmeasurescanopyan,271,docs/report/Newborough_Methods_Supplement.pdf,2026-10-09T06:39Z,1
Newborough_Methods_Supplement,heading,Limitations and known caveats,271,docs/report/Newborough_Methods_Supplement.pdf,2026-10-09T06:39Z,1
Newborough_Methods_Supplement,para,itisnotcomparablebetween,271,docs/report/Newborough_Methods_Supplement.pdf,2026-10-09T06:39Z,1
Newborough_Methods_Supplement,para,2021isnotmeasurableandth,271,docs/report/Newborough_Methods_Supplement.pdf,2026-10-09T06:39Z,1
Newborough_Methods_Supplement,para,nogrowthnumberisemittedb,272,docs/report/Newborough_Methods_Supplement.pdf,2026-10-09T06:39Z,1
Newborough_Methods_Supplement,para,absoluteareascarrytheper,272,docs/report/Newborough_Methods_Supplement.pdf,2026-10-09T06:39Z,1
Newborough_Methods_Supplement,para,mainreport55intheclearfe,272,docs/report/Newborough_Methods_Supplement.pdf,2026-10-09T06:39Z,1
Newborough_Methods_Supplement,heading,Where it appears in the report,272,docs/report/Newborough_Methods_Supplement.pdf,2026-10-09T06:39Z,1
Newborough_Methods_Supplement,para,thesecondisthattheclearf,272,docs/report/Newborough_Methods_Supplement.pdf,2026-10-09T06:39Z,1
Newborough_Methods_Supplement,para,therestockseriesisreport,272,docs/report/Newborough_Methods_Supplement.pdf,2026-10-09T06:39Z,1
Newborough_Methods_Supplement,para,step5460phase17inrunanal,272,docs/report/Newborough_Methods_Supplement.pdf,2026-10-09T06:39Z,1
Newborough_Methods_Supplement,heading,"S.23b Script 43 --- Ranwell (1959) water-table sites: hand placement over a georeferenced sketch, height-checked and basin-tested",272,docs/report/Newborough_Methods_Supplement.pdf,2026-10-09T06:39Z,1
Newborough_Methods_Supplement,para,motivationranwell1959ins,272,docs/report/Newborough_Methods_Supplement.pdf,2026-10-09T06:39Z,1
Newborough_Methods_Supplement,para,inputsreadviautilspathst,273,docs/report/Newborough_Methods_Supplement.pdf,2026-10-09T06:39Z,1
Newborough_Methods_Supplement,para,methodologyfourroutesino,273,docs/report/Newborough_Methods_Supplement.pdf,2026-10-09T06:39Z,1
Newborough_Methods_Supplement,para,sitespecificchoicesandra,273,docs/report/Newborough_Methods_Supplement.pdf,2026-10-09T06:39Z,1
Newborough_Methods_Supplement,para,outputsoutputs43ranwellc,274,docs/report/Newborough_Methods_Supplement.pdf,2026-10-09T06:39Z,1
Newborough_Methods_Supplement,para,limitationsandknowncavea,274,docs/report/Newborough_Methods_Supplement.pdf,2026-10-09T06:39Z,1
Newborough_Methods_Supplement,para,whereitappearsthroughscr,274,docs/report/Newborough_Methods_Supplement.pdf,2026-10-09T06:39Z,1
Newborough_Methods_Supplement,para,step5560phase17inrunanal,274,docs/report/Newborough_Methods_Supplement.pdf,2026-10-09T06:39Z,1
Newborough_Methods_Supplement,heading,S.23c Script 44 --- Ranwell's 1951--53 readings against the SSM hindcast and the modern water-table surface,274,docs/report/Newborough_Methods_Supplement.pdf,2026-10-09T06:39Z,1
Newborough_Methods_Supplement,para,motivationeverytestofthe,275,docs/report/Newborough_Methods_Supplement.pdf,2026-10-09T06:39Z,1
Newborough_Methods_Supplement,para,inputsranwell1959printed,275,docs/report/Newborough_Methods_Supplement.pdf,2026-10-09T06:39Z,1
Newborough_Methods_Supplement,para,methodologythreequestion,275,docs/report/Newborough_Methods_Supplement.pdf,2026-10-09T06:39Z,1
Newborough_Methods_Supplement,para,sitespecificchoicesandra,276,docs/report/Newborough_Methods_Supplement.pdf,2026-10-09T06:39Z,1
Newborough_Methods_Supplement,para,outputsoutputs44ranwellh,276,docs/report/Newborough_Methods_Supplement.pdf,2026-10-09T06:39Z,1
Newborough_Methods_Supplement,para,limitationsandknowncavea,277,docs/report/Newborough_Methods_Supplement.pdf,2026-10-09T06:39Z,1
Newborough_Methods_Supplement,para,whereitappearsreport1the,277,docs/report/Newborough_Methods_Supplement.pdf,2026-10-09T06:39Z,1
Newborough_Methods_Supplement,para,step5960phase19inrunanal,277,docs/report/Newborough_Methods_Supplement.pdf,2026-10-09T06:39Z,1
Newborough_Methods_Supplement,heading,S.23d Script 48 --- The Pastas cross-check of the per-well SSM,277,docs/report/Newborough_Methods_Supplement.pdf,2026-10-09T06:39Z,1
Newborough_Methods_Supplement,para,motivationthestatespacem,277,docs/report/Newborough_Methods_Supplement.pdf,2026-10-09T06:39Z,1
Newborough_Methods_Supplement,para,inputs01wellsallcsvmonth,277,docs/report/Newborough_Methods_Supplement.pdf,2026-10-09T06:39Z,1
Newborough_Methods_Supplement,para,methodologypastasisadail,278,docs/report/Newborough_Methods_Supplement.pdf,2026-10-09T06:39Z,1
Newborough_Methods_Supplement,para,sitespecificchoicesandra,278,docs/report/Newborough_Methods_Supplement.pdf,2026-10-09T06:39Z,1
Newborough_Methods_Supplement,para,outputsoutputs48pastascr,278,docs/report/Newborough_Methods_Supplement.pdf,2026-10-09T06:39Z,1
Newborough_Methods_Supplement,para,limitationsandknowncavea,278,docs/report/Newborough_Methods_Supplement.pdf,2026-10-09T06:39Z,1
Newborough_Methods_Supplement,para,whereitappearsreport341t,279,docs/report/Newborough_Methods_Supplement.pdf,2026-10-09T06:39Z,1
Newborough_Methods_Supplement,para,step260phase1inrunanalys,279,docs/report/Newborough_Methods_Supplement.pdf,2026-10-09T06:39Z,1
Newborough_Methods_Supplement,heading,S.23e Script 01b --- The water table and groundwater flow between the slacks,279,docs/report/Newborough_Methods_Supplement.pdf,2026-10-09T06:39Z,1
Newborough_Methods_Supplement,para,motivationthesurfacerout,279,docs/report/Newborough_Methods_Supplement.pdf,2026-10-09T06:39Z,1
Newborough_Methods_Supplement,para,inputs01wellsallcsvand01,279,docs/report/Newborough_Methods_Supplement.pdf,2026-10-09T06:39Z,1
Newborough_Methods_Supplement,para,methodologystatestheweta,279,docs/report/Newborough_Methods_Supplement.pdf,2026-10-09T06:39Z,1
Newborough_Methods_Supplement,para,sitespecificchoicesandra,280,docs/report/Newborough_Methods_Supplement.pdf,2026-10-09T06:39Z,1
Newborough_Methods_Supplement,para,outputsoutputs01bwaterta,280,docs/report/Newborough_Methods_Supplement.pdf,2026-10-09T06:39Z,1
Newborough_Methods_Supplement,para,limitationsandknowncavea,281,docs/report/Newborough_Methods_Supplement.pdf,2026-10-09T06:39Z,1
Newborough_Methods_Supplement,para,whereitappearsreport495f,281,docs/report/Newborough_Methods_Supplement.pdf,2026-10-09T06:39Z,1
Newborough_Methods_Supplement,para,step6060phase19inrunanal,281,docs/report/Newborough_Methods_Supplement.pdf,2026-10-09T06:39Z,1
Newborough_Methods_Supplement,heading,S.23f Script 50 --- What the record length decides,281,docs/report/Newborough_Methods_Supplement.pdf,2026-10-09T06:39Z,1
Newborough_Methods_Supplement,para,motivationeverycoefficie,281,docs/report/Newborough_Methods_Supplement.pdf,2026-10-09T06:39Z,1
Newborough_Methods_Supplement,para,inputs01wellscleancsvmon,281,docs/report/Newborough_Methods_Supplement.pdf,2026-10-09T06:39Z,1
Newborough_Methods_Supplement,para,methodologyateachreferen,281,docs/report/Newborough_Methods_Supplement.pdf,2026-10-09T06:39Z,1
Newborough_Methods_Supplement,para,sitespecificchoicesandra,282,docs/report/Newborough_Methods_Supplement.pdf,2026-10-09T06:39Z,1
Newborough_Methods_Supplement,para,outputsoutputs50recordle,284,docs/report/Newborough_Methods_Supplement.pdf,2026-10-09T06:39Z,1
Newborough_Methods_Supplement,para,limitationsandknowncavea,284,docs/report/Newborough_Methods_Supplement.pdf,2026-10-09T06:39Z,1
Newborough_Methods_Supplement,para,whereitappearspapermsect,284,docs/report/Newborough_Methods_Supplement.pdf,2026-10-09T06:39Z,1
Newborough_Methods_Supplement,para,referenceandpostpipeline,285,docs/report/Newborough_Methods_Supplement.pdf,2026-10-09T06:39Z,1
Newborough_Methods_Supplement,heading,S.24 Appendices,285,docs/report/Newborough_Methods_Supplement.pdf,2026-10-09T06:39Z,1
Newborough_Methods_Supplement,para,thischapterclosesthemeth,285,docs/report/Newborough_Methods_Supplement.pdf,2026-10-09T06:39Z,1
Newborough_Methods_Supplement,para,27greyscalefigurespyisap,285,docs/report/Newborough_Methods_Supplement.pdf,2026-10-09T06:39Z,1
Newborough_Methods_Supplement,heading,A. Greyscale figure post-processing --- Script 27,285,docs/report/Newborough_Methods_Supplement.pdf,2026-10-09T06:39Z,1
Newborough_Methods_Supplement,para,thescriptofferstwoconver,285,docs/report/Newborough_Methods_Supplement.pdf,2026-10-09T06:39Z,1
Newborough_Methods_Supplement,para,twoclassesoffiguredonots,285,docs/report/Newborough_Methods_Supplement.pdf,2026-10-09T06:39Z,1
Newborough_Methods_Supplement,para,pythonsrc27greyscalefigu,285,docs/report/Newborough_Methods_Supplement.pdf,2026-10-09T06:39Z,1
Newborough_Methods_Supplement,para,withdpioverridingthesour,286,docs/report/Newborough_Methods_Supplement.pdf,2026-10-09T06:39Z,1
Newborough_Methods_Supplement,para,script27sfilenameprefix2,286,docs/report/Newborough_Methods_Supplement.pdf,2026-10-09T06:39Z,1
Newborough_Methods_Supplement,para,thesupplementislongenoug,286,docs/report/Newborough_Methods_Supplement.pdf,2026-10-09T06:39Z,1
Newborough_Methods_Supplement,heading,B. Canonical sources of truth --- reference table,286,docs/report/Newborough_Methods_Supplement.pdf,2026-10-09T06:39Z,1
Newborough_Methods_Supplement,para,theconventionthroughoutt,286,docs/report/Newborough_Methods_Supplement.pdf,2026-10-09T06:39Z,1
Newborough_Methods_Supplement,para,thisappendixgivesthecomp,294,docs/report/Newborough_Methods_Supplement.pdf,2026-10-09T06:39Z,1
Newborough_Methods_Supplement,heading,Model formulation,294,docs/report/Newborough_Methods_Supplement.pdf,2026-10-09T06:39Z,1
Newborough_Methods_Supplement,heading,Partition and cluster constants,294,docs/report/Newborough_Methods_Supplement.pdf,2026-10-09T06:39Z,1
Newborough_Methods_Supplement,heading,Specific yield,294,docs/report/Newborough_Methods_Supplement.pdf,2026-10-09T06:39Z,1
Newborough_Methods_Supplement,heading,Forest and forest scenarios,294,docs/report/Newborough_Methods_Supplement.pdf,2026-10-09T06:39Z,1
Newborough_Methods_Supplement,heading,Intervention machinery,294,docs/report/Newborough_Methods_Supplement.pdf,2026-10-09T06:39Z,1
Newborough_Methods_Supplement,heading,Scenario engine,294,docs/report/Newborough_Methods_Supplement.pdf,2026-10-09T06:39Z,1
Newborough_Methods_Supplement,heading,Ecological thresholds,294,docs/report/Newborough_Methods_Supplement.pdf,2026-10-09T06:39Z,1
Newborough_Methods_Supplement,heading,Coastal and spatial,294,docs/report/Newborough_Methods_Supplement.pdf,2026-10-09T06:39Z,1
Newborough_Methods_Supplement,heading,MSL aggregation,294,docs/report/Newborough_Methods_Supplement.pdf,2026-10-09T06:39Z,1
Newborough_Methods_Supplement,heading,Residuals and diagnostics,294,docs/report/Newborough_Methods_Supplement.pdf,2026-10-09T06:39Z,1
Newborough_Methods_Supplement,heading,Climate and field data,294,docs/report/Newborough_Methods_Supplement.pdf,2026-10-09T06:39Z,1
Newborough_Methods_Supplement,heading,Orchestration and rendering,294,docs/report/Newborough_Methods_Supplement.pdf,2026-10-09T06:39Z,1
Newborough_Methods_Supplement,heading,C. Notation and abbreviations,294,docs/report/Newborough_Methods_Supplement.pdf,2026-10-09T06:39Z,1
Newborough_Methods_Supplement,para,thesentinelwetarealineru,315,docs/report/Newborough_Methods_Supplement.pdf,2026-10-09T06:39Z,1
Newborough_Methods_Supplement,heading,"D. The Sentinel wet-area model, its feed, and the century hindcast film --- Scripts 45, 46, 47",315,docs/report/Newborough_Methods_Supplement.pdf,2026-10-09T06:39Z,1
Newborough_Methods_Supplement,para,whatitproducesamonthbymo,315,docs/report/Newborough_Methods_Supplement.pdf,2026-10-09T06:39Z,1
Newborough_Methods_Supplement,para,therecurrenceeachreferen,316,docs/report/Newborough_Methods_Supplement.pdf,2026-10-09T06:39Z,1
Newborough_Methods_Supplement,para,thecalibrationthefreerun,316,docs/report/Newborough_Methods_Supplement.pdf,2026-10-09T06:39Z,1
Newborough_Methods_Supplement,para,theareasandtheirlimitsth,316,docs/report/Newborough_Methods_Supplement.pdf,2026-10-09T06:39Z,1
Newborough_Methods_Supplement,para,provenanceoftheimageryth,316,docs/report/Newborough_Methods_Supplement.pdf,2026-10-09T06:39Z,1
Newborough_Methods_Supplement,para,thepresentationcut4703hi,316,docs/report/Newborough_Methods_Supplement.pdf,2026-10-09T06:39Z,1
Newborough_Methods_Supplement,para,thesoundtrackthepresenta,316,docs/report/Newborough_Methods_Supplement.pdf,2026-10-09T06:39Z,1
Newborough_Methods_Supplement,para,outputs4701hindcastlevel,317,docs/report/Newborough_Methods_Supplement.pdf,2026-10-09T06:39Z,1
Newborough_Methods_Supplement,para,thesentinelwetareainputs,317,docs/report/Newborough_Methods_Supplement.pdf,2026-10-09T06:39Z,1
Newborough_Methods_Supplement,para,ontheslackfloormaskinsid,317,docs/report/Newborough_Methods_Supplement.pdf,2026-10-09T06:39Z,1
Newborough_Methods_Supplement,para,themethodssupplementclos,318,docs/report/Newborough_Methods_Supplement.pdf,2026-10-09T06:39Z,1
Newborough_Methods_Supplement,heading,Closing remarks,318,docs/report/Newborough_Methods_Supplement.pdf,2026-10-09T06:39Z,1
Newborough_Methods_Supplement,para,duringthepreparationofth,318,docs/report/Newborough_Methods_Supplement.pdf,2026-10-09T06:39Z,1
Newborough_Methods_Supplement,heading,Declaration of generative AI and AI-assisted technologies in the manuscript preparation process,318,docs/report/Newborough_Methods_Supplement.pdf,2026-10-09T06:39Z,1
Supplementary_Material,para,hollingham2026newborough,1,docs/report/Supplementary_Material.pdf,2026-10-07T20:12Z,1
Supplementary_Material,para,supplementaryfiles1inter,1,docs/report/Supplementary_Material.pdf,2026-10-07T20:12Z,1
Supplementary_Material,heading,Supplementary Note S1: Interactive Map,1,docs/report/Supplementary_Material.pdf,2026-10-07T20:12Z,1
Supplementary_Material,para,darcyslawandanyspatially,1,docs/report/Supplementary_Material.pdf,2026-10-07T20:12Z,1
Supplementary_Material,heading,"Supplementary Note S2: Aquifer Geometry, Hydraulic Parameterisation and the Basis of the Spatial Flow Model",1,docs/report/Supplementary_Material.pdf,2026-10-07T20:12Z,1
Supplementary_Material,heading,S2.1 The Borehole Data Problem,1,docs/report/Supplementary_Material.pdf,2026-10-07T20:12Z,1
Supplementary_Material,para,theavailableboreholeevid,1,docs/report/Supplementary_Material.pdf,2026-10-07T20:12Z,1
Supplementary_Material,para,boreholeeastingosgb36nor,1,docs/report/Supplementary_Material.pdf,2026-10-07T20:12Z,1
Supplementary_Material,para,tables21boreholeconstrai,1,docs/report/Supplementary_Material.pdf,2026-10-07T20:12Z,1
Supplementary_Material,para,thetracertestreportedbyb,2,docs/report/Supplementary_Material.pdf,2026-10-07T20:12Z,1
Supplementary_Material,para,thephysicalinterpretatio,2,docs/report/Supplementary_Material.pdf,2026-10-07T20:12Z,1
Supplementary_Material,heading,S2.2 The β₁ Proxy for Relative Aquifer Thickness,2,docs/report/Supplementary_Material.pdf,2026-10-07T20:12Z,1
Supplementary_Material,para,theeasternblockc14578c23,2,docs/report/Supplementary_Material.pdf,2026-10-07T20:12Z,1
Supplementary_Material,para,clusterlabelgeologicalco,2,docs/report/Supplementary_Material.pdf,2026-10-07T20:12Z,1
Supplementary_Material,para,tables22clustermechanist,2,docs/report/Supplementary_Material.pdf,2026-10-07T20:12Z,1
Supplementary_Material,para,duringdevelopmentatwodim,3,docs/report/Supplementary_Material.pdf,2026-10-07T20:12Z,1
Supplementary_Material,heading,*S2.2.1 Aquifer Thickness Surface (Developed for the PDE Model)*,3,docs/report/Supplementary_Material.pdf,2026-10-07T20:12Z,1
Supplementary_Material,para,thepdemodelwassubsequent,3,docs/report/Supplementary_Material.pdf,2026-10-07T20:12Z,1
Supplementary_Material,para,theboreholeconstraintsin,3,docs/report/Supplementary_Material.pdf,2026-10-07T20:12Z,1
Supplementary_Material,para,severalwellsoccupygeolog,3,docs/report/Supplementary_Material.pdf,2026-10-07T20:12Z,1
Supplementary_Material,heading,S2.2.2 Per-Well Geological Constraints,3,docs/report/Supplementary_Material.pdf,2026-10-07T20:12Z,1
Supplementary_Material,para,ceh14241292e364488nclass,3,docs/report/Supplementary_Material.pdf,2026-10-07T20:12Z,1
Supplementary_Material,para,wellsceh7243386e363613na,3,docs/report/Supplementary_Material.pdf,2026-10-07T20:12Z,1
Supplementary_Material,para,akeyquestionforthescenar,4,docs/report/Supplementary_Material.pdf,2026-10-07T20:12Z,1
Supplementary_Material,heading,S2.3 Why C4 Retains Its Cluster Identity After Clearfell,4,docs/report/Supplementary_Material.pdf,2026-10-07T20:12Z,1
Supplementary_Material,para,thispersistenceisconsist,4,docs/report/Supplementary_Material.pdf,2026-10-07T20:12Z,1
Supplementary_Material,para,thespatialmodelparameter,4,docs/report/Supplementary_Material.pdf,2026-10-07T20:12Z,1
Supplementary_Material,heading,S2.4 Reproducibility,4,docs/report/Supplementary_Material.pdf,2026-10-07T20:12Z,1
Supplementary_Material,para,anexploratoryscenarioana,4,docs/report/Supplementary_Material.pdf,2026-10-07T20:12Z,1
Supplementary_Material,heading,Supplementary Note S3: Scenario Modelling Framework and Limitations,4,docs/report/Supplementary_Material.pdf,2026-10-07T20:12Z,1
Supplementary_Material,heading,S3.1 Purpose and Scope of the Scenario Analysis,4,docs/report/Supplementary_Material.pdf,2026-10-07T20:12Z,1
Supplementary_Material,para,thescenarioframeworkadop,4,docs/report/Supplementary_Material.pdf,2026-10-07T20:12Z,1
Supplementary_Material,heading,S3.2 The Per-Well Equilibrium Framework,4,docs/report/Supplementary_Material.pdf,2026-10-07T20:12Z,1
Supplementary_Material,para,thescenarioheadchangefor,5,docs/report/Supplementary_Material.pdf,2026-10-07T20:12Z,1
Supplementary_Material,para,hpeffscscpetschdisppeff0,5,docs/report/Supplementary_Material.pdf,2026-10-07T20:12Z,1
Supplementary_Material,para,wherethehdisptermcancels,5,docs/report/Supplementary_Material.pdf,2026-10-07T20:12Z,1
Supplementary_Material,para,theperwellframeworkhastw,5,docs/report/Supplementary_Material.pdf,2026-10-07T20:12Z,1
Supplementary_Material,para,duringdevelopmentanalter,5,docs/report/Supplementary_Material.pdf,2026-10-07T20:12Z,1
Supplementary_Material,heading,S3.3 Evaluated-and-Rejected: The 2D Steady-State PDE Model,5,docs/report/Supplementary_Material.pdf,2026-10-07T20:12Z,1
Supplementary_Material,para,withtransmissivitytkbk60,5,docs/report/Supplementary_Material.pdf,2026-10-07T20:12Z,1
Supplementary_Material,para,thisapproachiswellposedm,5,docs/report/Supplementary_Material.pdf,2026-10-07T20:12Z,1
Supplementary_Material,para,howeverthepdesolverprodu,6,docs/report/Supplementary_Material.pdf,2026-10-07T20:12Z,1
Supplementary_Material,para,firsttheforestmanagement,6,docs/report/Supplementary_Material.pdf,2026-10-07T20:12Z,1
Supplementary_Material,para,secondtheinternaldrainag,6,docs/report/Supplementary_Material.pdf,2026-10-07T20:12Z,1
Supplementary_Material,para,thirdandmostfundamentall,6,docs/report/Supplementary_Material.pdf,2026-10-07T20:12Z,1
Supplementary_Material,para,afullycalibratedcontinuo,6,docs/report/Supplementary_Material.pdf,2026-10-07T20:12Z,1
Supplementary_Material,para,forthesereasonsthepdeapp,6,docs/report/Supplementary_Material.pdf,2026-10-07T20:12Z,1
Supplementary_Material,para,climatescenariosappliedu,6,docs/report/Supplementary_Material.pdf,2026-10-07T20:12Z,1
Supplementary_Material,heading,S3.4 Climate Scenarios in the Per-Well Framework,6,docs/report/Supplementary_Material.pdf,2026-10-07T20:12Z,1
Supplementary_Material,para,threelimitationsontheint,7,docs/report/Supplementary_Material.pdf,2026-10-07T20:12Z,1
Supplementary_Material,para,forestmanagementscenario,7,docs/report/Supplementary_Material.pdf,2026-10-07T20:12Z,1
Supplementary_Material,heading,S3.5 Forest Management Scenarios in the Per-Well Framework,7,docs/report/Supplementary_Material.pdf,2026-10-07T20:12Z,1
Supplementary_Material,para,theclearfellscenarioappl,7,docs/report/Supplementary_Material.pdf,2026-10-07T20:12Z,1
Supplementary_Material,para,thethinningscenarioappli,8,docs/report/Supplementary_Material.pdf,2026-10-07T20:12Z,1
Supplementary_Material,para,thebroadleafconversionsc,8,docs/report/Supplementary_Material.pdf,2026-10-07T20:12Z,1
Supplementary_Material,para,forthefigure82hydrograph,8,docs/report/Supplementary_Material.pdf,2026-10-07T20:12Z,1
Supplementary_Material,para,theperwellequilibriumfra,8,docs/report/Supplementary_Material.pdf,2026-10-07T20:12Z,1
Supplementary_Material,heading,S3.6 Implications and Future Work,8,docs/report/Supplementary_Material.pdf,2026-10-07T20:12Z,1
Supplementary_Material,para,answeringadifferentclass,8,docs/report/Supplementary_Material.pdf,2026-10-07T20:12Z,1
Supplementary_Material,para,summaryofscenariomodelli,8,docs/report/Supplementary_Material.pdf,2026-10-07T20:12Z,1
Supplementary_Material,para,primaryframeworkperwelle,8,docs/report/Supplementary_Material.pdf,2026-10-07T20:12Z,1
Supplementary_Material,para,evaluatedandrejected2dst,9,docs/report/Supplementary_Material.pdf,2026-10-07T20:12Z,1
Supplementary_Material,para,visualisationdevicefigur,9,docs/report/Supplementary_Material.pdf,2026-10-07T20:12Z,1
Supplementary_Material,para,empiricalcorroborationba,9,docs/report/Supplementary_Material.pdf,2026-10-07T20:12Z,1
Supplementary_Material,para,thecompanioninteractives,9,docs/report/Supplementary_Material.pdf,2026-10-07T20:12Z,1
Supplementary_Material,heading,S3.7 Interactive Viewer: Rendering Conventions and Depth-Mode Visualisation,9,docs/report/Supplementary_Material.pdf,2026-10-07T20:12Z,1
Supplementary_Material,para,thevieweroffersthreecomp,9,docs/report/Supplementary_Material.pdf,2026-10-07T20:12Z,1
Supplementary_Material,para,aduneridgemaskisappliede,9,docs/report/Supplementary_Material.pdf,2026-10-07T20:12Z,1
Supplementary_Material,para,additionalviewerconventi,10,docs/report/Supplementary_Material.pdf,2026-10-07T20:12Z,1
Supplementary_Material,para,theperwellequilibriumfra,11,docs/report/Supplementary_Material.pdf,2026-10-07T20:12Z,1
Supplementary_Material,heading,S3.8 Reproducibility,11,docs/report/Supplementary_Material.pdf,2026-10-07T20:12Z,1
Supplementary_Material,para,tables41individualwellwt,12,docs/report/Supplementary_Material.pdf,2026-10-07T20:12Z,1
Supplementary_Material,heading,Supplementary Note S4: Specific Yield Mapping,12,docs/report/Supplementary_Material.pdf,2026-10-07T20:12Z,1
Supplementary_Material,heading,S4.1 Per-Well Estimates,12,docs/report/Supplementary_Material.pdf,2026-10-07T20:12Z,1
Supplementary_Material,para,ceh11c156023601640311ceh,12,docs/report/Supplementary_Material.pdf,2026-10-07T20:12Z,1
Supplementary_Material,para,theperwellwtfspecificyie,14,docs/report/Supplementary_Material.pdf,2026-10-07T20:12Z,1
Supplementary_Material,heading,S4.2 Reproducibility,14,docs/report/Supplementary_Material.pdf,2026-10-07T20:12Z,1
Supplementary_Material,para,anearlierboundarysubsidy,15,docs/report/Supplementary_Material.pdf,2026-10-07T20:12Z,1
Supplementary_Material,heading,Supplementary Note S5: Residual-Lag Test for Ridge-Derived Recharge,15,docs/report/Supplementary_Material.pdf,2026-10-07T20:12Z,1
Supplementary_Material,heading,S5.1 Purpose,15,docs/report/Supplementary_Material.pdf,2026-10-07T20:12Z,1
Supplementary_Material,para,thesingleperiodssmfitted,15,docs/report/Supplementary_Material.pdf,2026-10-07T20:12Z,1
Supplementary_Material,heading,S5.2 Extended State-Space Model,15,docs/report/Supplementary_Material.pdf,2026-10-07T20:12Z,1
Supplementary_Material,para,apreliminaryanalysisscri,15,docs/report/Supplementary_Material.pdf,2026-10-07T20:12Z,1
Supplementary_Material,para,toremovethisconfoundther,15,docs/report/Supplementary_Material.pdf,2026-10-07T20:12Z,1
Supplementary_Material,para,theandcoefficientsabsorb,15,docs/report/Supplementary_Material.pdf,2026-10-07T20:12Z,1
Supplementary_Material,para,foreachwellwithatleast14,16,docs/report/Supplementary_Material.pdf,2026-10-07T20:12Z,1
Supplementary_Material,heading,S5.3 Cross-Correlation and Pre-Whitening,16,docs/report/Supplementary_Material.pdf,2026-10-07T20:12Z,1
Supplementary_Material,para,wellsexcludedfromthetest,16,docs/report/Supplementary_Material.pdf,2026-10-07T20:12Z,1
Supplementary_Material,para,thetestmetricisthespearm,16,docs/report/Supplementary_Material.pdf,2026-10-07T20:12Z,1
Supplementary_Material,heading,S5.4 Hypothesis Test,16,docs/report/Supplementary_Material.pdf,2026-10-07T20:12Z,1
Supplementary_Material,para,of66wellsfitted49hadapea,16,docs/report/Supplementary_Material.pdf,2026-10-07T20:12Z,1
Supplementary_Material,para,themagnitudeofcouplingdo,16,docs/report/Supplementary_Material.pdf,2026-10-07T20:12Z,1
Supplementary_Material,para,thenulldistancelagresult,17,docs/report/Supplementary_Material.pdf,2026-10-07T20:12Z,1
Supplementary_Material,heading,S5.5 Interpretation,17,docs/report/Supplementary_Material.pdf,2026-10-07T20:12Z,1
Supplementary_Material,para,themainreportstreatmento,17,docs/report/Supplementary_Material.pdf,2026-10-07T20:12Z,1
Supplementary_Material,para,theresiduallagtestisimpl,17,docs/report/Supplementary_Material.pdf,2026-10-07T20:12Z,1
Supplementary_Material,heading,S5.6 Reproducibility,17,docs/report/Supplementary_Material.pdf,2026-10-07T20:12Z,1
Supplementary_Material,para,supplementarynotes5repor,18,docs/report/Supplementary_Material.pdf,2026-10-07T20:12Z,1
Supplementary_Material,heading,Supplementary Note S6: Seasonal Climatology Diagnostic of the Residual,18,docs/report/Supplementary_Material.pdf,2026-10-07T20:12Z,1
Supplementary_Material,heading,S6.1 Purpose,18,docs/report/Supplementary_Material.pdf,2026-10-07T20:12Z,1
Supplementary_Material,para,threecomplementarytestsa,18,docs/report/Supplementary_Material.pdf,2026-10-07T20:12Z,1
Supplementary_Material,heading,S6.2 Diagnostics,18,docs/report/Supplementary_Material.pdf,2026-10-07T20:12Z,1
Supplementary_Material,para,iseasonalclimatologyfore,18,docs/report/Supplementary_Material.pdf,2026-10-07T20:12Z,1
Supplementary_Material,para,iiindependentetproxyacor,18,docs/report/Supplementary_Material.pdf,2026-10-07T20:12Z,1
Supplementary_Material,para,iiispatialpatternwithinc,18,docs/report/Supplementary_Material.pdf,2026-10-07T20:12Z,1
Supplementary_Material,para,thesunshinehourscorrelat,18,docs/report/Supplementary_Material.pdf,2026-10-07T20:12Z,1
Supplementary_Material,heading,S6.3 Result: the ET Hypothesis Is Not Supported,18,docs/report/Supplementary_Material.pdf,2026-10-07T20:12Z,1
Supplementary_Material,para,summerminuswinterresidua,19,docs/report/Supplementary_Material.pdf,2026-10-07T20:12Z,1
Supplementary_Material,para,thec3withinclustersplita,19,docs/report/Supplementary_Material.pdf,2026-10-07T20:12Z,1
Supplementary_Material,para,theperclusterseasonalcli,19,docs/report/Supplementary_Material.pdf,2026-10-07T20:12Z,1
Supplementary_Material,heading,S6.4 What the Residuals Actually Look Like,19,docs/report/Supplementary_Material.pdf,2026-10-07T20:12Z,1
Supplementary_Material,para,thisbimodalstructureisno,19,docs/report/Supplementary_Material.pdf,2026-10-07T20:12Z,1
Supplementary_Material,para,thespatialpatternofseaso,19,docs/report/Supplementary_Material.pdf,2026-10-07T20:12Z,1
Supplementary_Material,para,takentogethersupplementa,20,docs/report/Supplementary_Material.pdf,2026-10-07T20:12Z,1
Supplementary_Material,heading,S6.5 Combined Conclusion from S5 and S6,20,docs/report/Supplementary_Material.pdf,2026-10-07T20:12Z,1
Supplementary_Material,para,theresidualdoesnotshowth,20,docs/report/Supplementary_Material.pdf,2026-10-07T20:12Z,1
Supplementary_Material,para,theresidualdoesnotshowth,20,docs/report/Supplementary_Material.pdf,2026-10-07T20:12Z,1
Supplementary_Material,para,themaintextof521hasbeenf,20,docs/report/Supplementary_Material.pdf,2026-10-07T20:12Z,1
Supplementary_Material,para,thisanalysisisimplemente,20,docs/report/Supplementary_Material.pdf,2026-10-07T20:12Z,1
Supplementary_Material,heading,S6.6 Reproducibility,20,docs/report/Supplementary_Material.pdf,2026-10-07T20:12Z,1
Supplementary_Material,para,theequilibriumwetnessind,21,docs/report/Supplementary_Material.pdf,2026-10-07T20:12Z,1
Supplementary_Material,heading,Supplementary Note S7: Equilibrium Wetness Index --- Per-Well Reconstruction,21,docs/report/Supplementary_Material.pdf,2026-10-07T20:12Z,1
Supplementary_Material,heading,S7.1 Per-Well Reconstruction,21,docs/report/Supplementary_Material.pdf,2026-10-07T20:12Z,1
Supplementary_Material,para,thecalibrationisscopedto,21,docs/report/Supplementary_Material.pdf,2026-10-07T20:12Z,1
Supplementary_Material,para,standarderrorspropagateu,21,docs/report/Supplementary_Material.pdf,2026-10-07T20:12Z,1
Supplementary_Material,para,tables71equilibriumwetne,21,docs/report/Supplementary_Material.pdf,2026-10-07T20:12Z,1
Supplementary_Material,para,ceh11referencec1lakeedge,22,docs/report/Supplementary_Material.pdf,2026-10-07T20:12Z,1
Supplementary_Material,para,vanwillegenetal2025publi,23,docs/report/Supplementary_Material.pdf,2026-10-07T20:12Z,1
Supplementary_Material,heading,S7.2 Datum offsets against the van Willegen quadrats,23,docs/report/Supplementary_Material.pdf,2026-10-07T20:12Z,1
Supplementary_Material,para,tables72fixeddatumoffset,23,docs/report/Supplementary_Material.pdf,2026-10-07T20:12Z,1
Supplementary_Material,para,quadratpiezometercluster,24,docs/report/Supplementary_Material.pdf,2026-10-07T20:12Z,1
Supplementary_Material,para,theequilibriumwetnessind,31,docs/report/Supplementary_Material.pdf,2026-10-07T20:12Z,1
Supplementary_Material,heading,S7.3 Reproducibility,31,docs/report/Supplementary_Material.pdf,2026-10-07T20:12Z,1
Supplementary_Material,para,thesitesecologicallyfram,32,docs/report/Supplementary_Material.pdf,2026-10-07T20:12Z,1
Supplementary_Material,heading,Supplementary Note S8: Spring-Mean (MAM) Seasonal Robustness Analysis,32,docs/report/Supplementary_Material.pdf,2026-10-07T20:12Z,1
Supplementary_Material,heading,S8.1 Purpose,32,docs/report/Supplementary_Material.pdf,2026-10-07T20:12Z,1
Supplementary_Material,para,atthescrapedwellceh36the,32,docs/report/Supplementary_Material.pdf,2026-10-07T20:12Z,1
Supplementary_Material,heading,S8.2 Scraping Intervention (Script 09c),32,docs/report/Supplementary_Material.pdf,2026-10-07T20:12Z,1
Supplementary_Material,para,theclearfelltiermeanspri,32,docs/report/Supplementary_Material.pdf,2026-10-07T20:12Z,1
Supplementary_Material,heading,"S8.3 Clearfell BACI (Scripts 10d, 10l)",32,docs/report/Supplementary_Material.pdf,2026-10-07T20:12Z,1
Supplementary_Material,para,tables81fourzonedifferen,32,docs/report/Supplementary_Material.pdf,2026-10-07T20:12Z,1
Supplementary_Material,para,zonespringstepsemmspring,32,docs/report/Supplementary_Material.pdf,2026-10-07T20:12Z,1
Supplementary_Material,para,thespringmeanclustercent,33,docs/report/Supplementary_Material.pdf,2026-10-07T20:12Z,1
Supplementary_Material,heading,"S8.4 Cluster Trends and the Coastal Gradient (Scripts 14, 25)",33,docs/report/Supplementary_Material.pdf,2026-10-07T20:12Z,1
Supplementary_Material,para,thefullpanelseasondtinte,33,docs/report/Supplementary_Material.pdf,2026-10-07T20:12Z,1
Supplementary_Material,para,tables82observedclusters,34,docs/report/Supplementary_Material.pdf,2026-10-07T20:12Z,1
Supplementary_Material,para,clustersummerobsbasisspr,34,docs/report/Supplementary_Material.pdf,2026-10-07T20:12Z,1
Supplementary_Material,para,figures812508springvssum,34,docs/report/Supplementary_Material.pdf,2026-10-07T20:12Z,1
Supplementary_Material,para,thespringmeananalysiscon,34,docs/report/Supplementary_Material.pdf,2026-10-07T20:12Z,1
Supplementary_Material,heading,S8.5 Conclusion,34,docs/report/Supplementary_Material.pdf,2026-10-07T20:12Z,1
Supplementary_Material,para,scripts09cv15010dv17010l,34,docs/report/Supplementary_Material.pdf,2026-10-07T20:12Z,1
Supplementary_Material,heading,S8.6 Reproducibility,34,docs/report/Supplementary_Material.pdf,2026-10-07T20:12Z,1
Supplementary_Material,para,thessmdrainagetermiszhwh,36,docs/report/Supplementary_Material.pdf,2026-10-07T20:12Z,1
Supplementary_Material,heading,Supplementary Note S9: Drainage-Datum Regime and the Loss Partition,36,docs/report/Supplementary_Material.pdf,2026-10-07T20:12Z,1
Supplementary_Material,heading,S9.1 Purpose,36,docs/report/Supplementary_Material.pdf,2026-10-07T20:12Z,1
Supplementary_Material,para,fromthecommittedclusterc,36,docs/report/Supplementary_Material.pdf,2026-10-07T20:12Z,1
Supplementary_Material,heading,S9.2 Construction,36,docs/report/Supplementary_Material.pdf,2026-10-07T20:12Z,1
Supplementary_Material,para,intheshadedshallowregime,36,docs/report/Supplementary_Material.pdf,2026-10-07T20:12Z,1
Supplementary_Material,heading,S9.3 Reading,36,docs/report/Supplementary_Material.pdf,2026-10-07T20:12Z,1
Supplementary_Material,para,figures910312datumregime,36,docs/report/Supplementary_Material.pdf,2026-10-07T20:12Z,1
Supplementary_Material,para,script03v150outputs0312p,36,docs/report/Supplementary_Material.pdf,2026-10-07T20:12Z,1
Supplementary_Material,heading,S9.4 Reproducibility,36,docs/report/Supplementary_Material.pdf,2026-10-07T20:12Z,1
Supplementary_Material,para,thefournetworkchangeprod,37,docs/report/Supplementary_Material.pdf,2026-10-07T20:12Z,1
Supplementary_Material,heading,Supplementary Note S10: Reading the Network-Change Maps (Figures 73--76),37,docs/report/Supplementary_Material.pdf,2026-10-07T20:12Z,1
Supplementary_Material,heading,S10.1 Purpose,37,docs/report/Supplementary_Material.pdf,2026-10-07T20:12Z,1
Supplementary_Material,para,tables101constructionoft,37,docs/report/Supplementary_Material.pdf,2026-10-07T20:12Z,1
Supplementary_Material,para,mapquestionitanswerswind,37,docs/report/Supplementary_Material.pdf,2026-10-07T20:12Z,1
Supplementary_Material,para,figures101s10networkchan,38,docs/report/Supplementary_Material.pdf,2026-10-07T20:12Z,1
Supplementary_Material,para,scripts32differentialmov,38,docs/report/Supplementary_Material.pdf,2026-10-07T20:12Z,1
Supplementary_Material,heading,S10.2 Sources,38,docs/report/Supplementary_Material.pdf,2026-10-07T20:12Z,1
Supplementary_Material,para,theobservedmsl5changemap,39,docs/report/Supplementary_Material.pdf,2026-10-07T20:12Z,1
Supplementary_Material,heading,Supplementary Note S11: Two-Window MSL5 Sensitivity (Script 34),39,docs/report/Supplementary_Material.pdf,2026-10-07T20:12Z,1
Supplementary_Material,heading,S11.1 Purpose,39,docs/report/Supplementary_Material.pdf,2026-10-07T20:12Z,1
Supplementary_Material,para,perwellmsl5forawindowend,39,docs/report/Supplementary_Material.pdf,2026-10-07T20:12Z,1
Supplementary_Material,heading,S11.2 Method,39,docs/report/Supplementary_Material.pdf,2026-10-07T20:12Z,1
Supplementary_Material,para,the20172023pairgives105m,39,docs/report/Supplementary_Material.pdf,2026-10-07T20:12Z,1
Supplementary_Material,heading,S11.3 Result,39,docs/report/Supplementary_Material.pdf,2026-10-07T20:12Z,1
Supplementary_Material,para,figures11134windowsensit,39,docs/report/Supplementary_Material.pdf,2026-10-07T20:12Z,1
Supplementary_Material,para,script34twowindowsensiti,39,docs/report/Supplementary_Material.pdf,2026-10-07T20:12Z,1
Supplementary_Material,heading,S11.4 Sources,39,docs/report/Supplementary_Material.pdf,2026-10-07T20:12Z,1
Supplementary_Material,para,vanwillegenetal2025estab,40,docs/report/Supplementary_Material.pdf,2026-10-07T20:12Z,1
Supplementary_Material,heading,Supplementary Note S12: Community Reference Values for MSL5 --- Specification for Further Work,40,docs/report/Supplementary_Material.pdf,2026-10-07T20:12Z,1
Supplementary_Material,heading,S12.1 Why the values do not yet exist,40,docs/report/Supplementary_Material.pdf,2026-10-07T20:12Z,1
Supplementary_Material,para,thecounterpartofcurrelis,40,docs/report/Supplementary_Material.pdf,2026-10-07T20:12Z,1
Supplementary_Material,heading,S12.2 What would be computed,40,docs/report/Supplementary_Material.pdf,2026-10-07T20:12Z,1
Supplementary_Material,para,threeofthefourinputsexis,40,docs/report/Supplementary_Material.pdf,2026-10-07T20:12Z,1
Supplementary_Material,heading,S12.3 Data in hand,40,docs/report/Supplementary_Material.pdf,2026-10-07T20:12Z,1
Supplementary_Material,para,thedepositeddatasetcarri,40,docs/report/Supplementary_Material.pdf,2026-10-07T20:12Z,1
Supplementary_Material,heading,S12.4 The missing input,40,docs/report/Supplementary_Material.pdf,2026-10-07T20:12Z,1
Supplementary_Material,para,periodstwoareneededforth,41,docs/report/Supplementary_Material.pdf,2026-10-07T20:12Z,1
Supplementary_Material,heading,S12.5 Method,41,docs/report/Supplementary_Material.pdf,2026-10-07T20:12Z,1
Supplementary_Material,para,quadratvalueseachquadrat,41,docs/report/Supplementary_Material.pdf,2026-10-07T20:12Z,1
Supplementary_Material,para,communitystatisticsforea,41,docs/report/Supplementary_Material.pdf,2026-10-07T20:12Z,1
Supplementary_Material,para,reproductiontestthefoury,41,docs/report/Supplementary_Material.pdf,2026-10-07T20:12Z,1
Supplementary_Material,para,outputsacommittedtableon,41,docs/report/Supplementary_Material.pdf,2026-10-07T20:12Z,1
Supplementary_Material,para,itwouldgivemsl5therefere,41,docs/report/Supplementary_Material.pdf,2026-10-07T20:12Z,1
Supplementary_Material,heading,S12.6 What it would and would not settle,41,docs/report/Supplementary_Material.pdf,2026-10-07T20:12Z,1
Supplementary_Material,para,specified20260921underde,42,docs/report/Supplementary_Material.pdf,2026-10-07T20:12Z,1
Supplementary_Material,heading,S12.7 Status,42,docs/report/Supplementary_Material.pdf,2026-10-07T20:12Z,1
NRG_Web_Tools_Technical_Note,para,modelequationsdataarchit,1,docs/web_tools/NRG_Web_Tools_Technical_Note.pdf,2026-10-04T11:43Z,1
NRG_Web_Tools_Technical_Note,para,documentversionupdated20,2,docs/web_tools/NRG_Web_Tools_Technical_Note.pdf,2026-10-04T11:43Z,1
NRG_Web_Tools_Technical_Note,heading,A1. Overview,2,docs/web_tools/NRG_Web_Tools_Technical_Note.pdf,2026-10-04T11:43Z,1
NRG_Web_Tools_Technical_Note,para,thegroundwaterfloodingfo,2,docs/web_tools/NRG_Web_Tools_Technical_Note.pdf,2026-10-04T11:43Z,1
NRG_Web_Tools_Technical_Note,para,keycontentsclustercoeffs,2,docs/web_tools/NRG_Web_Tools_Technical_Note.pdf,2026-10-04T11:43Z,1
NRG_Web_Tools_Technical_Note,heading,A2. Data Bundle Structure,2,docs/web_tools/NRG_Web_Tools_Technical_Note.pdf,2026-10-04T11:43Z,1
NRG_Web_Tools_Technical_Note,para,theforecasternowpresents,2,docs/web_tools/NRG_Web_Tools_Technical_Note.pdf,2026-10-04T11:43Z,1
NRG_Web_Tools_Technical_Note,heading,A3. Model Equations,2,docs/web_tools/NRG_Web_Tools_Technical_Note.pdf,2026-10-04T11:43Z,1
NRG_Web_Tools_Technical_Note,para,hpeakappwinterahhminsumm,2,docs/web_tools/NRG_Web_Tools_Technical_Note.pdf,2026-10-04T11:43Z,1
NRG_Web_Tools_Technical_Note,heading,A3.1 Block transfer functions (Tables 6 and 7),2,docs/web_tools/NRG_Web_Tools_Technical_Note.pdf,2026-10-04T11:43Z,1
NRG_Web_Tools_Technical_Note,para,hminappsummerahhmaxwinte,3,docs/web_tools/NRG_Web_Tools_Technical_Note.pdf,2026-10-04T11:43Z,1
NRG_Web_Tools_Technical_Note,para,rvaluesrangefrom044lakee,3,docs/web_tools/NRG_Web_Tools_Technical_Note.pdf,2026-10-04T11:43Z,1
NRG_Web_Tools_Technical_Note,para,forecast3cumulativerainf,3,docs/web_tools/NRG_Web_Tools_Technical_Note.pdf,2026-10-04T11:43Z,1
NRG_Web_Tools_Technical_Note,heading,A3.2 P_flood linear form (Table 10),3,docs/web_tools/NRG_Web_Tools_Technical_Note.pdf,2026-10-04T11:43Z,1
NRG_Web_Tools_Technical_Note,para,wheredwisdepthbelowgroun,3,docs/web_tools/NRG_Web_Tools_Technical_Note.pdf,2026-10-04T11:43Z,1
NRG_Web_Tools_Technical_Note,para,clusterlabelblocktfpeakh,3,docs/web_tools/NRG_Web_Tools_Technical_Note.pdf,2026-10-04T11:43Z,1
NRG_Web_Tools_Technical_Note,heading,A4. Cluster and Block Mapping,3,docs/web_tools/NRG_Web_Tools_Technical_Note.pdf,2026-10-04T11:43Z,1
NRG_Web_Tools_Technical_Note,para,script11breads01wellscle,3,docs/web_tools/NRG_Web_Tools_Technical_Note.pdf,2026-10-04T11:43Z,1
NRG_Web_Tools_Technical_Note,heading,A5. Per-Well Monthly Climatology,3,docs/web_tools/NRG_Web_Tools_Technical_Note.pdf,2026-10-04T11:43Z,1
NRG_Web_Tools_Technical_Note,para,thesidebarcontainstwosep,3,docs/web_tools/NRG_Web_Tools_Technical_Note.pdf,2026-10-04T11:43Z,1
NRG_Web_Tools_Technical_Note,heading,A6. Two-Input Architecture,3,docs/web_tools/NRG_Web_Tools_Technical_Note.pdf,2026-10-04T11:43Z,1
NRG_Web_Tools_Technical_Note,para,currentdepthinputfeedsfo,3,docs/web_tools/NRG_Web_Tools_Technical_Note.pdf,2026-10-04T11:43Z,1
NRG_Web_Tools_Technical_Note,para,bothinputsfireasharedond,4,docs/web_tools/NRG_Web_Tools_Technical_Note.pdf,2026-10-04T11:43Z,1
NRG_Web_Tools_Technical_Note,para,forecast1includesanamber,4,docs/web_tools/NRG_Web_Tools_Technical_Note.pdf,2026-10-04T11:43Z,1
NRG_Web_Tools_Technical_Note,heading,A7. Timing Note Logic,4,docs/web_tools/NRG_Web_Tools_Technical_Note.pdf,2026-10-04T11:43Z,1
NRG_Web_Tools_Technical_Note,para,oninitialisationloadlive,4,docs/web_tools/NRG_Web_Tools_Technical_Note.pdf,2026-10-04T11:43Z,1
NRG_Web_Tools_Technical_Note,heading,A8. Live Met Office Integration,4,docs/web_tools/NRG_Web_Tools_Technical_Note.pdf,2026-10-04T11:43Z,1
NRG_Web_Tools_Technical_Note,para,ifthefetchfailsamanualfa,4,docs/web_tools/NRG_Web_Tools_Technical_Note.pdf,2026-10-04T11:43Z,1
NRG_Web_Tools_Technical_Note,para,themapusesasquaresvgview,4,docs/web_tools/NRG_Web_Tools_Technical_Note.pdf,2026-10-04T11:43Z,1
NRG_Web_Tools_Technical_Note,heading,A9. Map Rendering,4,docs/web_tools/NRG_Web_Tools_Technical_Note.pdf,2026-10-04T11:43Z,1
NRG_Web_Tools_Technical_Note,para,renderinglayers1base64hi,4,docs/web_tools/NRG_Web_Tools_Technical_Note.pdf,2026-10-04T11:43Z,1
NRG_Web_Tools_Technical_Note,para,noteformaintainersmapwan,4,docs/web_tools/NRG_Web_Tools_Technical_Note.pdf,2026-10-04T11:43Z,1
NRG_Web_Tools_Technical_Note,para,themainlayoutusescssflex,4,docs/web_tools/NRG_Web_Tools_Technical_Note.pdf,2026-10-04T11:43Z,1
NRG_Web_Tools_Technical_Note,heading,A10. Resizable Panels,4,docs/web_tools/NRG_Web_Tools_Technical_Note.pdf,2026-10-04T11:43Z,1
NRG_Web_Tools_Technical_Note,para,fromforecasterv120thewel,5,docs/web_tools/NRG_Web_Tools_Technical_Note.pdf,2026-10-04T11:43Z,1
NRG_Web_Tools_Technical_Note,heading,"A11. Ecohydrology Block (EWI, EbF, MSL5)",5,docs/web_tools/NRG_Web_Tools_Technical_Note.pdf,2026-10-04T11:43Z,1
NRG_Web_Tools_Technical_Note,para,equilibriumwetnessindexe,5,docs/web_tools/NRG_Web_Tools_Technical_Note.pdf,2026-10-04T11:43Z,1
NRG_Web_Tools_Technical_Note,para,ellenbergfebftieredaproj,5,docs/web_tools/NRG_Web_Tools_Technical_Note.pdf,2026-10-04T11:43Z,1
NRG_Web_Tools_Technical_Note,para,fiveyearmeanspringlevelm,5,docs/web_tools/NRG_Web_Tools_Technical_Note.pdf,2026-10-04T11:43Z,1
NRG_Web_Tools_Technical_Note,para,feedsareoptionaliftheydo,5,docs/web_tools/NRG_Web_Tools_Technical_Note.pdf,2026-10-04T11:43Z,1
NRG_Web_Tools_Technical_Note,para,script11bassemblesblockt,5,docs/web_tools/NRG_Web_Tools_Technical_Note.pdf,2026-10-04T11:43Z,1
NRG_Web_Tools_Technical_Note,heading,A12. Build Provenance,5,docs/web_tools/NRG_Web_Tools_Technical_Note.pdf,2026-10-04T11:43Z,1
NRG_Web_Tools_Technical_Note,para,thescenarioviewerscenari,5,docs/web_tools/NRG_Web_Tools_Technical_Note.pdf,2026-10-04T11:43Z,1
NRG_Web_Tools_Technical_Note,heading,B1. Overview,5,docs/web_tools/NRG_Web_Tools_Technical_Note.pdf,2026-10-04T11:43Z,1
NRG_Web_Tools_Technical_Note,para,parametervalueandsourceh,5,docs/web_tools/NRG_Web_Tools_Technical_Note.pdf,2026-10-04T11:43Z,1
NRG_Web_Tools_Technical_Note,heading,B2. Physical Constants,5,docs/web_tools/NRG_Web_Tools_Technical_Note.pdf,2026-10-04T11:43Z,1
NRG_Web_Tools_Technical_Note,para,foreachwellbaselineequil,6,docs/web_tools/NRG_Web_Tools_Technical_Note.pdf,2026-10-04T11:43Z,1
NRG_Web_Tools_Technical_Note,heading,B3. Δh Model Equation,6,docs/web_tools/NRG_Web_Tools_Technical_Note.pdf,2026-10-04T11:43Z,1
NRG_Web_Tools_Technical_Note,para,wherepeffscpsppspiiscena,6,docs/web_tools/NRG_Web_Tools_Technical_Note.pdf,2026-10-04T11:43Z,1
NRG_Web_Tools_Technical_Note,para,fromv260thescalingisseas,7,docs/web_tools/NRG_Web_Tools_Technical_Note.pdf,2026-10-04T11:43Z,1
NRG_Web_Tools_Technical_Note,heading,B4. Scenario Parameter Sets,7,docs/web_tools/NRG_Web_Tools_Technical_Note.pdf,2026-10-04T11:43Z,1
NRG_Web_Tools_Technical_Note,para,scenariospwspsspetwspets,7,docs/web_tools/NRG_Web_Tools_Technical_Note.pdf,2026-10-04T11:43Z,1
NRG_Web_Tools_Technical_Note,para,clearfellandthinningsb2v,7,docs/web_tools/NRG_Web_Tools_Technical_Note.pdf,2026-10-04T11:43Z,1
NRG_Web_Tools_Technical_Note,para,broadleafsb2valuesderive,7,docs/web_tools/NRG_Web_Tools_Technical_Note.pdf,2026-10-04T11:43Z,1
NRG_Web_Tools_Technical_Note,para,themapsurfaceusesinverse,7,docs/web_tools/NRG_Web_Tools_Technical_Note.pdf,2026-10-04T11:43Z,1
NRG_Web_Tools_Technical_Note,heading,B5. Spatial Interpolation,7,docs/web_tools/NRG_Web_Tools_Technical_Note.pdf,2026-10-04T11:43Z,1
NRG_Web_Tools_Technical_Note,para,indepthmodeademgrid16011,7,docs/web_tools/NRG_Web_Tools_Technical_Note.pdf,2026-10-04T11:43Z,1
NRG_Web_Tools_Technical_Note,para,wellswellobjectswithname,7,docs/web_tools/NRG_Web_Tools_Technical_Note.pdf,2026-10-04T11:43Z,1
NRG_Web_Tools_Technical_Note,heading,B6. Data Bundle,7,docs/web_tools/NRG_Web_Tools_Technical_Note.pdf,2026-10-04T11:43Z,1
NRG_Web_Tools_Technical_Note,para,fixedate240200243700n362,8,docs/web_tools/NRG_Web_Tools_Technical_Note.pdf,2026-10-04T11:43Z,1
NRG_Web_Tools_Technical_Note,heading,B7. Viewer Extent,8,docs/web_tools/NRG_Web_Tools_Technical_Note.pdf,2026-10-04T11:43Z,1
NRG_Web_Tools_Technical_Note,para,script19assemblesdatafro,8,docs/web_tools/NRG_Web_Tools_Technical_Note.pdf,2026-10-04T11:43Z,1
NRG_Web_Tools_Technical_Note,heading,B8. Build Provenance,8,docs/web_tools/NRG_Web_Tools_Technical_Note.pdf,2026-10-04T11:43Z,1
NRG_Web_Tools_Technical_Note,para,coefficientbasistoggleth,8,docs/web_tools/NRG_Web_Tools_Technical_Note.pdf,2026-10-04T11:43Z,1
NRG_Web_Tools_Technical_Note,para,basemapstrengthfromv2120,8,docs/web_tools/NRG_Web_Tools_Technical_Note.pdf,2026-10-04T11:43Z,1
NRG_Web_Tools_Technical_Note,para,linearfeatureskmltobngal,8,docs/web_tools/NRG_Web_Tools_Technical_Note.pdf,2026-10-04T11:43Z,1
NRG_Web_Tools_Technical_Note,para,theseasonalextremesscatt,9,docs/web_tools/NRG_Web_Tools_Technical_Note.pdf,2026-10-04T11:43Z,1
NRG_Web_Tools_Technical_Note,heading,C1. Overview,9,docs/web_tools/NRG_Web_Tools_Technical_Note.pdf,2026-10-04T11:43Z,1
NRG_Web_Tools_Technical_Note,para,meansummerminmmeanofannu,9,docs/web_tools/NRG_Web_Tools_Technical_Note.pdf,2026-10-04T11:43Z,1
NRG_Web_Tools_Technical_Note,heading,C2. Data Sources,9,docs/web_tools/NRG_Web_Tools_Technical_Note.pdf,2026-10-04T11:43Z,1
NRG_Web_Tools_Technical_Note,para,ecologicalthresholdsfrom,9,docs/web_tools/NRG_Web_Tools_Technical_Note.pdf,2026-10-04T11:43Z,1
NRG_Web_Tools_Technical_Note,heading,C3. Threshold Definitions,9,docs/web_tools/NRG_Web_Tools_Technical_Note.pdf,2026-10-04T11:43Z,1
NRG_Web_Tools_Technical_Note,para,constantvaluemmeaningsd1,9,docs/web_tools/NRG_Web_Tools_Technical_Note.pdf,2026-10-04T11:43Z,1
NRG_Web_Tools_Technical_Note,para,useschartjs441fromcdnjsw,9,docs/web_tools/NRG_Web_Tools_Technical_Note.pdf,2026-10-04T11:43Z,1
NRG_Web_Tools_Technical_Note,heading,C4. Chart Implementation,9,docs/web_tools/NRG_Web_Tools_Technical_Note.pdf,2026-10-04T11:43Z,1
NRG_Web_Tools_Technical_Note,para,colourslabelsandmarkersd,9,docs/web_tools/NRG_Web_Tools_Technical_Note.pdf,2026-10-04T11:43Z,1
NRG_Web_Tools_Technical_Note,heading,C5. Cluster Styling,9,docs/web_tools/NRG_Web_Tools_Technical_Note.pdf,2026-10-04T11:43Z,1
NRG_Web_Tools_Technical_Note,para,script14alsoproducesstat,9,docs/web_tools/NRG_Web_Tools_Technical_Note.pdf,2026-10-04T11:43Z,1
NRG_Web_Tools_Technical_Note,heading,C6. Build Provenance,9,docs/web_tools/NRG_Web_Tools_Technical_Note.pdf,2026-10-04T11:43Z,1
NRG_Web_Tools_User_Manual,para,forecasterscenarioviewer,1,docs/web_tools/NRG_Web_Tools_User_Manual.pdf,2026-10-04T11:43Z,1
NRG_Web_Tools_User_Manual,para,documentversionupdated20,2,docs/web_tools/NRG_Web_Tools_User_Manual.pdf,2026-10-04T11:43Z,1
NRG_Web_Tools_User_Manual,heading,A1. Introduction,2,docs/web_tools/NRG_Web_Tools_User_Manual.pdf,2026-10-04T11:43Z,1
NRG_Web_Tools_User_Manual,para,thegroundwaterfloodingfo,2,docs/web_tools/NRG_Web_Tools_User_Manual.pdf,2026-10-04T11:43Z,1
NRG_Web_Tools_User_Manual,para,theforecasterpresentsthe,2,docs/web_tools/NRG_Web_Tools_User_Manual.pdf,2026-10-04T11:43Z,1
NRG_Web_Tools_User_Manual,para,1whatwinterpeakwaterleve,2,docs/web_tools/NRG_Web_Tools_User_Manual.pdf,2026-10-04T11:43Z,1
NRG_Web_Tools_User_Manual,para,openforecasterhtmlinaweb,2,docs/web_tools/NRG_Web_Tools_User_Manual.pdf,2026-10-04T11:43Z,1
NRG_Web_Tools_User_Manual,heading,A2. Opening the Forecaster,2,docs/web_tools/NRG_Web_Tools_User_Manual.pdf,2026-10-04T11:43Z,1
NRG_Web_Tools_User_Manual,para,onfirstloadthetoolwillat,2,docs/web_tools/NRG_Web_Tools_User_Manual.pdf,2026-10-04T11:43Z,1
NRG_Web_Tools_User_Manual,para,theinterfaceisarrangedin,2,docs/web_tools/NRG_Web_Tools_User_Manual.pdf,2026-10-04T11:43Z,1
NRG_Web_Tools_User_Manual,heading,A3. Interface Layout,2,docs/web_tools/NRG_Web_Tools_User_Manual.pdf,2026-10-04T11:43Z,1
NRG_Web_Tools_User_Manual,para,panelpurposeleftsidebarw,2,docs/web_tools/NRG_Web_Tools_User_Manual.pdf,2026-10-04T11:43Z,1
NRG_Web_Tools_User_Manual,para,allthreepanelsareseparat,3,docs/web_tools/NRG_Web_Tools_User_Manual.pdf,2026-10-04T11:43Z,1
NRG_Web_Tools_User_Manual,para,dropdownmenuleftsidebarw,3,docs/web_tools/NRG_Web_Tools_User_Manual.pdf,2026-10-04T11:43Z,1
NRG_Web_Tools_User_Manual,heading,A4. Selecting a Well and Entering Depths,3,docs/web_tools/NRG_Web_Tools_User_Manual.pdf,2026-10-04T11:43Z,1
NRG_Web_Tools_User_Manual,para,whenawellisselectedtwode,3,docs/web_tools/NRG_Web_Tools_User_Manual.pdf,2026-10-04T11:43Z,1
NRG_Web_Tools_User_Manual,para,inputpurposeanddefaultcu,3,docs/web_tools/NRG_Web_Tools_User_Manual.pdf,2026-10-04T11:43Z,1
NRG_Web_Tools_User_Manual,para,editingeitherinputimmedi,3,docs/web_tools/NRG_Web_Tools_User_Manual.pdf,2026-10-04T11:43Z,1
NRG_Web_Tools_User_Manual,para,belowthedepthinputawelld,3,docs/web_tools/NRG_Web_Tools_User_Manual.pdf,2026-10-04T11:43Z,1
NRG_Web_Tools_User_Manual,heading,A4.1 Well details panel,3,docs/web_tools/NRG_Web_Tools_User_Manual.pdf,2026-10-04T11:43Z,1
NRG_Web_Tools_User_Manual,para,welllongtermdepthsthesel,3,docs/web_tools/NRG_Web_Tools_User_Manual.pdf,2026-10-04T11:43Z,1
NRG_Web_Tools_User_Manual,para,thisletsyoucomparetheind,3,docs/web_tools/NRG_Web_Tools_User_Manual.pdf,2026-10-04T11:43Z,1
NRG_Web_Tools_User_Manual,para,onloadtheforecasterfetch,4,docs/web_tools/NRG_Web_Tools_User_Manual.pdf,2026-10-04T11:43Z,1
NRG_Web_Tools_User_Manual,heading,A5. Live Met Office Data,4,docs/web_tools/NRG_Web_Tools_User_Manual.pdf,2026-10-04T11:43Z,1
NRG_Web_Tools_User_Manual,para,cumulativewinterrainfall,4,docs/web_tools/NRG_Web_Tools_User_Manual.pdf,2026-10-04T11:43Z,1
NRG_Web_Tools_User_Manual,para,twopresetlinksappearabov,4,docs/web_tools/NRG_Web_Tools_User_Manual.pdf,2026-10-04T11:43Z,1
NRG_Web_Tools_User_Manual,para,ifthelivefetchfailscorsr,4,docs/web_tools/NRG_Web_Tools_User_Manual.pdf,2026-10-04T11:43Z,1
NRG_Web_Tools_User_Manual,heading,A5.1 Manual fallback,4,docs/web_tools/NRG_Web_Tools_User_Manual.pdf,2026-10-04T11:43Z,1
NRG_Web_Tools_User_Manual,para,theslideratthetoprightof,4,docs/web_tools/NRG_Web_Tools_User_Manual.pdf,2026-10-04T11:43Z,1
NRG_Web_Tools_User_Manual,heading,A6. The Rainfall Multiplier (m_P),4,docs/web_tools/NRG_Web_Tools_User_Manual.pdf,2026-10-04T11:43Z,1
NRG_Web_Tools_User_Manual,para,themapdotsrecolourinreal,4,docs/web_tools/NRG_Web_Tools_User_Manual.pdf,2026-10-04T11:43Z,1
NRG_Web_Tools_User_Manual,para,therightpaneldisplaysthr,4,docs/web_tools/NRG_Web_Tools_User_Manual.pdf,2026-10-04T11:43Z,1
NRG_Web_Tools_User_Manual,heading,A7. Understanding the Forecasts,4,docs/web_tools/NRG_Web_Tools_User_Manual.pdf,2026-10-04T11:43Z,1
NRG_Web_Tools_User_Manual,para,usestheblocktransferfunc,4,docs/web_tools/NRG_Web_Tools_User_Manual.pdf,2026-10-04T11:43Z,1
NRG_Web_Tools_User_Manual,heading,A7.1 Forecast 1 --- Next winter peak (Table 6),4,docs/web_tools/NRG_Web_Tools_User_Manual.pdf,2026-10-04T11:43Z,1
NRG_Web_Tools_User_Manual,para,anambertimingnoteappears,4,docs/web_tools/NRG_Web_Tools_User_Manual.pdf,2026-10-04T11:43Z,1
NRG_Web_Tools_User_Manual,para,sd15bmetgreenpeakfloodst,5,docs/web_tools/NRG_Web_Tools_User_Manual.pdf,2026-10-04T11:43Z,1
NRG_Web_Tools_User_Manual,para,projectsthedeepestsummer,5,docs/web_tools/NRG_Web_Tools_User_Manual.pdf,2026-10-04T11:43Z,1
NRG_Web_Tools_User_Manual,heading,A7.2 Forecast 2 --- Following summer minimum (Table 7),5,docs/web_tools/NRG_Web_Tools_User_Manual.pdf,2026-10-04T11:43Z,1
NRG_Web_Tools_User_Manual,para,hminappsummerahhmaxwinte,5,docs/web_tools/NRG_Web_Tools_User_Manual.pdf,2026-10-04T11:43Z,1
NRG_Web_Tools_User_Manual,para,sd15bviablegreenminimum0,5,docs/web_tools/NRG_Web_Tools_User_Manual.pdf,2026-10-04T11:43Z,1
NRG_Web_Tools_User_Manual,para,calculatesthecumulativer,5,docs/web_tools/NRG_Web_Tools_User_Manual.pdf,2026-10-04T11:43Z,1
NRG_Web_Tools_User_Manual,heading,A7.3 Forecast 3 --- P_flood to slack floor (Table 10),5,docs/web_tools/NRG_Web_Tools_User_Manual.pdf,2026-10-04T11:43Z,1
NRG_Web_Tools_User_Manual,para,theresultisalsoexpressed,5,docs/web_tools/NRG_Web_Tools_User_Manual.pdf,2026-10-04T11:43Z,1
NRG_Web_Tools_User_Manual,para,achievablegreenmp15reach,5,docs/web_tools/NRG_Web_Tools_User_Manual.pdf,2026-10-04T11:43Z,1
NRG_Web_Tools_User_Manual,para,belowthethreeforecaststh,5,docs/web_tools/NRG_Web_Tools_User_Manual.pdf,2026-10-04T11:43Z,1
NRG_Web_Tools_User_Manual,heading,"A7.4 Ecohydrology indices (EWI, EbF, MSL5)",5,docs/web_tools/NRG_Web_Tools_User_Manual.pdf,2026-10-04T11:43Z,1
NRG_Web_Tools_User_Manual,para,equilibriumwetnessindexe,5,docs/web_tools/NRG_Web_Tools_User_Manual.pdf,2026-10-04T11:43Z,1
NRG_Web_Tools_User_Manual,para,ellenbergfebfaprojectedv,5,docs/web_tools/NRG_Web_Tools_User_Manual.pdf,2026-10-04T11:43Z,1
NRG_Web_Tools_User_Manual,para,fiveyearmeanspringlevelm,6,docs/web_tools/NRG_Web_Tools_User_Manual.pdf,2026-10-04T11:43Z,1
NRG_Web_Tools_User_Manual,para,thesevaluesupdateautomat,6,docs/web_tools/NRG_Web_Tools_User_Manual.pdf,2026-10-04T11:43Z,1
NRG_Web_Tools_User_Manual,para,themapusesasquareviewbox,6,docs/web_tools/NRG_Web_Tools_User_Manual.pdf,2026-10-04T11:43Z,1
NRG_Web_Tools_User_Manual,heading,A8. Reading the Map,6,docs/web_tools/NRG_Web_Tools_User_Manual.pdf,2026-10-04T11:43Z,1
NRG_Web_Tools_User_Manual,para,colourcategorymprangegre,6,docs/web_tools/NRG_Web_Tools_User_Manual.pdf,2026-10-04T11:43Z,1
NRG_Web_Tools_User_Manual,para,thelegendandrainfallslid,6,docs/web_tools/NRG_Web_Tools_User_Manual.pdf,2026-10-04T11:43Z,1
NRG_Web_Tools_User_Manual,para,somewellsareflaggedwitha,6,docs/web_tools/NRG_Web_Tools_User_Manual.pdf,2026-10-04T11:43Z,1
NRG_Web_Tools_User_Manual,heading,A9. Nearest-Type Assignments,6,docs/web_tools/NRG_Web_Tools_User_Manual.pdf,2026-10-04T11:43Z,1
NRG_Web_Tools_User_Manual,para,afterselectingawellcheck,6,docs/web_tools/NRG_Web_Tools_User_Manual.pdf,2026-10-04T11:43Z,1
NRG_Web_Tools_User_Manual,heading,A10. Practical Tips,6,docs/web_tools/NRG_Web_Tools_User_Manual.pdf,2026-10-04T11:43Z,1
NRG_Web_Tools_User_Manual,para,forthescenarioyouhaveset,7,docs/web_tools/NRG_Web_Tools_User_Manual.pdf,2026-10-04T11:43Z,1
NRG_Web_Tools_User_Manual,heading,A11. The Wet-Area Panel and Cell Layer,7,docs/web_tools/NRG_Web_Tools_User_Manual.pdf,2026-10-04T11:43Z,1
NRG_Web_Tools_User_Manual,heading,A11.1 What the panel shows,7,docs/web_tools/NRG_Web_Tools_User_Manual.pdf,2026-10-04T11:43Z,1
NRG_Web_Tools_User_Manual,para,thelevelisthemedianovere,7,docs/web_tools/NRG_Web_Tools_User_Manual.pdf,2026-10-04T11:43Z,1
NRG_Web_Tools_User_Manual,para,bothcomefromsentinel2sne,7,docs/web_tools/NRG_Web_Tools_User_Manual.pdf,2026-10-04T11:43Z,1
NRG_Web_Tools_User_Manual,heading,A11.2 How the two areas are derived,7,docs/web_tools/NRG_Web_Tools_User_Manual.pdf,2026-10-04T11:43Z,1
NRG_Web_Tools_User_Manual,para,eachclassisscaleduptothe,7,docs/web_tools/NRG_Web_Tools_User_Manual.pdf,2026-10-04T11:43Z,1
NRG_Web_Tools_User_Manual,para,thetwohandvettedfloodext,7,docs/web_tools/NRG_Web_Tools_User_Manual.pdf,2026-10-04T11:43Z,1
NRG_Web_Tools_User_Manual,para,everythinginthispaneland,7,docs/web_tools/NRG_Web_Tools_User_Manual.pdf,2026-10-04T11:43Z,1
NRG_Web_Tools_User_Manual,heading,A11.3 Where the data applies --- the warren only,7,docs/web_tools/NRG_Web_Tools_User_Manual.pdf,2026-10-04T11:43Z,1
NRG_Web_Tools_User_Manual,para,twoconsequencesareworths,7,docs/web_tools/NRG_Web_Tools_User_Manual.pdf,2026-10-04T11:43Z,1
NRG_Web_Tools_User_Manual,para,tickingwetareacellsdraws,7,docs/web_tools/NRG_Web_Tools_User_Manual.pdf,2026-10-04T11:43Z,1
NRG_Web_Tools_User_Manual,heading,"A11.4 The map layer, and what it is not",7,docs/web_tools/NRG_Web_Tools_User_Manual.pdf,2026-10-04T11:43Z,1
NRG_Web_Tools_User_Manual,para,itisanillustrationofthea,7,docs/web_tools/NRG_Web_Tools_User_Manual.pdf,2026-10-04T11:43Z,1
NRG_Web_Tools_User_Manual,para,thelayershectaresandthep,8,docs/web_tools/NRG_Web_Tools_User_Manual.pdf,2026-10-04T11:43Z,1
NRG_Web_Tools_User_Manual,para,thelayerisafunctionofthe,8,docs/web_tools/NRG_Web_Tools_User_Manual.pdf,2026-10-04T11:43Z,1
NRG_Web_Tools_User_Manual,heading,"A11.5 Choosing the level: Forecast, History and Level",8,docs/web_tools/NRG_Web_Tools_User_Manual.pdf,2026-10-04T11:43Z,1
NRG_Web_Tools_User_Manual,para,inhistoryyoualsochoosebe,8,docs/web_tools/NRG_Web_Tools_User_Manual.pdf,2026-10-04T11:43Z,1
NRG_Web_Tools_User_Manual,para,moderisthebetterfitbycon,8,docs/web_tools/NRG_Web_Tools_User_Manual.pdf,2026-10-04T11:43Z,1
NRG_Web_Tools_User_Manual,para,thecurveswerefittedovera,8,docs/web_tools/NRG_Web_Tools_User_Manual.pdf,2026-10-04T11:43Z,1
NRG_Web_Tools_User_Manual,heading,A11.6 Held --- the fitted range,8,docs/web_tools/NRG_Web_Tools_User_Manual.pdf,2026-10-04T11:43Z,1
NRG_Web_Tools_User_Manual,para,thismattersmostatthewete,8,docs/web_tools/NRG_Web_Tools_User_Manual.pdf,2026-10-04T11:43Z,1
NRG_Web_Tools_User_Manual,para,thepanelandthelayerbothr,8,docs/web_tools/NRG_Web_Tools_User_Manual.pdf,2026-10-04T11:43Z,1
NRG_Web_Tools_User_Manual,heading,A11.7 Provenance,8,docs/web_tools/NRG_Web_Tools_User_Manual.pdf,2026-10-04T11:43Z,1
NRG_Web_Tools_User_Manual,para,thehydrologicalscenariov,9,docs/web_tools/NRG_Web_Tools_User_Manual.pdf,2026-10-04T11:43Z,1
NRG_Web_Tools_User_Manual,heading,B1. Introduction,9,docs/web_tools/NRG_Web_Tools_User_Manual.pdf,2026-10-04T11:43Z,1
NRG_Web_Tools_User_Manual,para,theviewerisgeneratedbysc,9,docs/web_tools/NRG_Web_Tools_User_Manual.pdf,2026-10-04T11:43Z,1
NRG_Web_Tools_User_Manual,para,panelpurposeleftsidebars,9,docs/web_tools/NRG_Web_Tools_User_Manual.pdf,2026-10-04T11:43Z,1
NRG_Web_Tools_User_Manual,heading,B2. Interface Layout,9,docs/web_tools/NRG_Web_Tools_User_Manual.pdf,2026-10-04T11:43Z,1
NRG_Web_Tools_User_Manual,para,onnarrowscreens640pxthel,9,docs/web_tools/NRG_Web_Tools_User_Manual.pdf,2026-10-04T11:43Z,1
NRG_Web_Tools_User_Manual,para,sixpresetbuttonsconfigur,9,docs/web_tools/NRG_Web_Tools_User_Manual.pdf,2026-10-04T11:43Z,1
NRG_Web_Tools_User_Manual,heading,B3. Scenario Presets,9,docs/web_tools/NRG_Web_Tools_User_Manual.pdf,2026-10-04T11:43Z,1
NRG_Web_Tools_User_Manual,para,presetdescriptionbaselin,9,docs/web_tools/NRG_Web_Tools_User_Manual.pdf,2026-10-04T11:43Z,1
NRG_Web_Tools_User_Manual,para,youcanalsoadjustanyslide,10,docs/web_tools/NRG_Web_Tools_User_Manual.pdf,2026-10-04T11:43Z,1
NRG_Web_Tools_User_Manual,para,foursliderscontrolthecli,10,docs/web_tools/NRG_Web_Tools_User_Manual.pdf,2026-10-04T11:43Z,1
NRG_Web_Tools_User_Manual,heading,B4. Climate Sliders,10,docs/web_tools/NRG_Web_Tools_User_Manual.pdf,2026-10-04T11:43Z,1
NRG_Web_Tools_User_Manual,para,winterpscalesnovembermar,10,docs/web_tools/NRG_Web_Tools_User_Manual.pdf,2026-10-04T11:43Z,1
NRG_Web_Tools_User_Manual,para,summerpscalesmayseptembe,10,docs/web_tools/NRG_Web_Tools_User_Manual.pdf,2026-10-04T11:43Z,1
NRG_Web_Tools_User_Manual,para,winterpetscaleswinterpot,10,docs/web_tools/NRG_Web_Tools_User_Manual.pdf,2026-10-04T11:43Z,1
NRG_Web_Tools_User_Manual,para,allfourslidersrunfrom050,11,docs/web_tools/NRG_Web_Tools_User_Manual.pdf,2026-10-04T11:43Z,1
NRG_Web_Tools_User_Manual,para,awarningbannerappearsifs,11,docs/web_tools/NRG_Web_Tools_User_Manual.pdf,2026-10-04T11:43Z,1
NRG_Web_Tools_User_Manual,para,separateinterceptionslid,11,docs/web_tools/NRG_Web_Tools_User_Manual.pdf,2026-10-04T11:43Z,1
NRG_Web_Tools_User_Manual,heading,B5. Forestry Controls,11,docs/web_tools/NRG_Web_Tools_User_Manual.pdf,2026-10-04T11:43Z,1
NRG_Web_Tools_User_Manual,para,interceptionfractionthep,11,docs/web_tools/NRG_Web_Tools_User_Manual.pdf,2026-10-04T11:43Z,1
NRG_Web_Tools_User_Manual,para,belowtheinterceptionslid,11,docs/web_tools/NRG_Web_Tools_User_Manual.pdf,2026-10-04T11:43Z,1
NRG_Web_Tools_User_Manual,para,winterscalestheevapotran,11,docs/web_tools/NRG_Web_Tools_User_Manual.pdf,2026-10-04T11:43Z,1
NRG_Web_Tools_User_Manual,para,theseasonalsplitcaptures,11,docs/web_tools/NRG_Web_Tools_User_Manual.pdf,2026-10-04T11:43Z,1
NRG_Web_Tools_User_Manual,para,threetabsabovethemapswit,12,docs/web_tools/NRG_Web_Tools_User_Manual.pdf,2026-10-04T11:43Z,1
NRG_Web_Tools_User_Manual,heading,B6. Map Rendering Modes,12,docs/web_tools/NRG_Web_Tools_User_Manual.pdf,2026-10-04T11:43Z,1
NRG_Web_Tools_User_Manual,para,hvsbaselinedefaultchange,12,docs/web_tools/NRG_Web_Tools_User_Manual.pdf,2026-10-04T11:43Z,1
NRG_Web_Tools_User_Manual,para,indepthmodearidgemasktog,12,docs/web_tools/NRG_Web_Tools_User_Manual.pdf,2026-10-04T11:43Z,1
NRG_Web_Tools_User_Manual,para,kmloverlaysshowshidesthe,12,docs/web_tools/NRG_Web_Tools_User_Manual.pdf,2026-10-04T11:43Z,1
NRG_Web_Tools_User_Manual,heading,B7. Display Toggles and Tooltips,12,docs/web_tools/NRG_Web_Tools_User_Manual.pdf,2026-10-04T11:43Z,1
NRG_Web_Tools_User_Manual,para,welllabelstoggleswellide,12,docs/web_tools/NRG_Web_Tools_User_Manual.pdf,2026-10-04T11:43Z,1
NRG_Web_Tools_User_Manual,para,maskduneridgesindepthvie,12,docs/web_tools/NRG_Web_Tools_User_Manual.pdf,2026-10-04T11:43Z,1
NRG_Web_Tools_User_Manual,para,pathsandlinesdrawstheeig,12,docs/web_tools/NRG_Web_Tools_User_Manual.pdf,2026-10-04T11:43Z,1
NRG_Web_Tools_User_Manual,para,whichcoefficientstheview,12,docs/web_tools/NRG_Web_Tools_User_Manual.pdf,2026-10-04T11:43Z,1
NRG_Web_Tools_User_Manual,para,choosingtherecentbasisbr,12,docs/web_tools/NRG_Web_Tools_User_Manual.pdf,2026-10-04T11:43Z,1
NRG_Web_Tools_User_Manual,para,basemapslideraslideratth,12,docs/web_tools/NRG_Web_Tools_User_Manual.pdf,2026-10-04T11:43Z,1
NRG_Web_Tools_User_Manual,para,hoveringoveranywelldotsh,12,docs/web_tools/NRG_Web_Tools_User_Manual.pdf,2026-10-04T11:43Z,1
NRG_Web_Tools_User_Manual,para,startwithapresettoseeasc,13,docs/web_tools/NRG_Web_Tools_User_Manual.pdf,2026-10-04T11:43Z,1
NRG_Web_Tools_User_Manual,heading,B8. Practical Tips,13,docs/web_tools/NRG_Web_Tools_User_Manual.pdf,2026-10-04T11:43Z,1
NRG_Web_Tools_User_Manual,para,theseasonalextremesscatt,14,docs/web_tools/NRG_Web_Tools_User_Manual.pdf,2026-10-04T11:43Z,1
NRG_Web_Tools_User_Manual,heading,C1. Introduction,14,docs/web_tools/NRG_Web_Tools_User_Manual.pdf,2026-10-04T11:43Z,1
NRG_Web_Tools_User_Manual,para,thepageisgeneratedbyscri,14,docs/web_tools/NRG_Web_Tools_User_Manual.pdf,2026-10-04T11:43Z,1
NRG_Web_Tools_User_Manual,para,open14seasonalextremessc,14,docs/web_tools/NRG_Web_Tools_User_Manual.pdf,2026-10-04T11:43Z,1
NRG_Web_Tools_User_Manual,heading,C2. Opening the Page,14,docs/web_tools/NRG_Web_Tools_User_Manual.pdf,2026-10-04T11:43Z,1
NRG_Web_Tools_User_Manual,para,eachdotrepresentsonewell,14,docs/web_tools/NRG_Web_Tools_User_Manual.pdf,2026-10-04T11:43Z,1
NRG_Web_Tools_User_Manual,heading,C3. Reading the Chart,14,docs/web_tools/NRG_Web_Tools_User_Manual.pdf,2026-10-04T11:43Z,1
NRG_Web_Tools_User_Manual,para,xaxismeanannualsummermin,14,docs/web_tools/NRG_Web_Tools_User_Manual.pdf,2026-10-04T11:43Z,1
NRG_Web_Tools_User_Manual,para,wellsintheupperrightquad,14,docs/web_tools/NRG_Web_Tools_User_Manual.pdf,2026-10-04T11:43Z,1
NRG_Web_Tools_User_Manual,para,fourdashedlinesmarkthecu,14,docs/web_tools/NRG_Web_Tools_User_Manual.pdf,2026-10-04T11:43Z,1
NRG_Web_Tools_User_Manual,heading,C4. Threshold Lines,14,docs/web_tools/NRG_Web_Tools_User_Manual.pdf,2026-10-04T11:43Z,1
NRG_Web_Tools_User_Manual,para,linethresholdmeaningvert,14,docs/web_tools/NRG_Web_Tools_User_Manual.pdf,2026-10-04T11:43Z,1
NRG_Web_Tools_User_Manual,para,awellmeetingboththesumme,15,docs/web_tools/NRG_Web_Tools_User_Manual.pdf,2026-10-04T11:43Z,1
NRG_Web_Tools_User_Manual,para,thelegendshowsthecolourf,15,docs/web_tools/NRG_Web_Tools_User_Manual.pdf,2026-10-04T11:43Z,1
NRG_Web_Tools_User_Manual,heading,C5. Cluster Legend,15,docs/web_tools/NRG_Web_Tools_User_Manual.pdf,2026-10-04T11:43Z,1
NRG_Web_Tools_User_Manual,para,asearchboxabovethechartl,15,docs/web_tools/NRG_Web_Tools_User_Manual.pdf,2026-10-04T11:43Z,1
NRG_Web_Tools_User_Manual,heading,C6. Search and Highlight,15,docs/web_tools/NRG_Web_Tools_User_Manual.pdf,2026-10-04T11:43Z,1
NRG_Web_Tools_User_Manual,para,usethesearchtolocatespec,15,docs/web_tools/NRG_Web_Tools_User_Manual.pdf,2026-10-04T11:43Z,1
NRG_Web_Tools_User_Manual,heading,C7. Practical Tips,15,docs/web_tools/NRG_Web_Tools_User_Manual.pdf,2026-10-04T11:43Z,1
report,para,statespacegroundwatermod,1,docs/report/report.pdf,2026-10-10T08:38Z,1
report,para,atwentyoneyearanalysisof,1,docs/report/report.pdf,2026-10-10T08:38Z,1
report,para,coastalsandduneaquifersa,1,docs/report/report.pdf,2026-10-10T08:38Z,1
report,para,hierarchicalclusteringwa,1,docs/report/report.pdf,2026-10-10T08:38Z,1
report,para,thessmoutperformsthetrad,2,docs/report/report.pdf,2026-10-10T08:38Z,1
report,para,dunescrapingatceh36produ,3,docs/report/report.pdf,2026-10-10T08:38Z,1
report,para,afivetier17wellbaciexper,3,docs/report/report.pdf,2026-10-10T08:38Z,1
report,para,thescenarioframeworkeval,3,docs/report/report.pdf,2026-10-10T08:38Z,1
report,para,networkwidesummerminimum,4,docs/report/report.pdf,2026-10-10T08:38Z,1
report,para,thedeteriorationisconcen,4,docs/report/report.pdf,2026-10-10T08:38Z,1
report,para,thetwoecologicallyrefere,4,docs/report/report.pdf,2026-10-10T08:38Z,1
report,para,independentlymsl5asimple,5,docs/report/report.pdf,2026-10-10T08:38Z,1
report,para,thepfloodthresholdequati,5,docs/report/report.pdf,2026-10-10T08:38Z,1
report,figure,1,17,docs/report/report.pdf,2026-10-10T08:38Z,1
report,figure,2,18,docs/report/report.pdf,2026-10-10T08:38Z,1
report,figure,3,23,docs/report/report.pdf,2026-10-10T08:38Z,1
report,figure,4,98,docs/report/report.pdf,2026-10-10T08:38Z,1
report,figure,5,100,docs/report/report.pdf,2026-10-10T08:38Z,1
report,figure,6,101,docs/report/report.pdf,2026-10-10T08:38Z,1
report,figure,9,105,docs/report/report.pdf,2026-10-10T08:38Z,1
report,figure,10,106,docs/report/report.pdf,2026-10-10T08:38Z,1
report,figure,11,114,docs/report/report.pdf,2026-10-10T08:38Z,1
report,figure,12,117,docs/report/report.pdf,2026-10-10T08:38Z,1
report,figure,13,120,docs/report/report.pdf,2026-10-10T08:38Z,1
report,figure,14,122,docs/report/report.pdf,2026-10-10T08:38Z,1
report,figure,16,127,docs/report/report.pdf,2026-10-10T08:38Z,1
report,figure,18,130,docs/report/report.pdf,2026-10-10T08:38Z,1
report,figure,19,132,docs/report/report.pdf,2026-10-10T08:38Z,1
report,figure,20,133,docs/report/report.pdf,2026-10-10T08:38Z,1
report,figure,21,135,docs/report/report.pdf,2026-10-10T08:38Z,1
report,figure,22,136,docs/report/report.pdf,2026-10-10T08:38Z,1
report,figure,23,138,docs/report/report.pdf,2026-10-10T08:38Z,1
report,figure,24,139,docs/report/report.pdf,2026-10-10T08:38Z,1
report,figure,25,140,docs/report/report.pdf,2026-10-10T08:38Z,1
report,figure,26,141,docs/report/report.pdf,2026-10-10T08:38Z,1
report,figure,27,143,docs/report/report.pdf,2026-10-10T08:38Z,1
report,figure,28,144,docs/report/report.pdf,2026-10-10T08:38Z,1
report,figure,29,146,docs/report/report.pdf,2026-10-10T08:38Z,1
report,figure,30,149,docs/report/report.pdf,2026-10-10T08:38Z,1
report,figure,31,150,docs/report/report.pdf,2026-10-10T08:38Z,1
report,figure,32,150,docs/report/report.pdf,2026-10-10T08:38Z,1
report,figure,33,155,docs/report/report.pdf,2026-10-10T08:38Z,1
report,figure,34,156,docs/report/report.pdf,2026-10-10T08:38Z,1
report,figure,35,157,docs/report/report.pdf,2026-10-10T08:38Z,1
report,figure,36,160,docs/report/report.pdf,2026-10-10T08:38Z,1
report,figure,37,163,docs/report/report.pdf,2026-10-10T08:38Z,1
report,figure,38,165,docs/report/report.pdf,2026-10-10T08:38Z,1
report,figure,39,165,docs/report/report.pdf,2026-10-10T08:38Z,1
report,figure,41,172,docs/report/report.pdf,2026-10-10T08:38Z,1
report,figure,42,173,docs/report/report.pdf,2026-10-10T08:38Z,1
report,figure,43,174,docs/report/report.pdf,2026-10-10T08:38Z,1
report,figure,44,182,docs/report/report.pdf,2026-10-10T08:38Z,1
report,figure,45,183,docs/report/report.pdf,2026-10-10T08:38Z,1
report,figure,46,184,docs/report/report.pdf,2026-10-10T08:38Z,1
report,figure,47,185,docs/report/report.pdf,2026-10-10T08:38Z,1
report,figure,48,187,docs/report/report.pdf,2026-10-10T08:38Z,1
report,figure,49,191,docs/report/report.pdf,2026-10-10T08:38Z,1
report,figure,50,192,docs/report/report.pdf,2026-10-10T08:38Z,1
report,figure,51,193,docs/report/report.pdf,2026-10-10T08:38Z,1
report,figure,52,195,docs/report/report.pdf,2026-10-10T08:38Z,1
report,figure,53,198,docs/report/report.pdf,2026-10-10T08:38Z,2
report,figure,54,200,docs/report/report.pdf,2026-10-10T08:38Z,1
report,figure,55,203,docs/report/report.pdf,2026-10-10T08:38Z,1
report,figure,56,206,docs/report/report.pdf,2026-10-10T08:38Z,1
report,figure,57,207,docs/report/report.pdf,2026-10-10T08:38Z,1
report,figure,58,208,docs/report/report.pdf,2026-10-10T08:38Z,1
report,figure,59,210,docs/report/report.pdf,2026-10-10T08:38Z,1
report,figure,61,217,docs/report/report.pdf,2026-10-10T08:38Z,1
report,figure,62,219,docs/report/report.pdf,2026-10-10T08:38Z,1
report,figure,63,221,docs/report/report.pdf,2026-10-10T08:38Z,1
report,figure,64,222,docs/report/report.pdf,2026-10-10T08:38Z,1
report,figure,65,223,docs/report/report.pdf,2026-10-10T08:38Z,1
report,figure,66,225,docs/report/report.pdf,2026-10-10T08:38Z,1
report,figure,67,226,docs/report/report.pdf,2026-10-10T08:38Z,1
report,figure,68,227,docs/report/report.pdf,2026-10-10T08:38Z,1
report,figure,69,229,docs/report/report.pdf,2026-10-10T08:38Z,1
report,figure,70,230,docs/report/report.pdf,2026-10-10T08:38Z,1
report,figure,71,232,docs/report/report.pdf,2026-10-10T08:38Z,1
report,figure,72,235,docs/report/report.pdf,2026-10-10T08:38Z,1
report,figure,73,237,docs/report/report.pdf,2026-10-10T08:38Z,1
report,figure,74,239,docs/report/report.pdf,2026-10-10T08:38Z,1
report,figure,75,241,docs/report/report.pdf,2026-10-10T08:38Z,1
report,figure,76,242,docs/report/report.pdf,2026-10-10T08:38Z,1
report,figure,77,245,docs/report/report.pdf,2026-10-10T08:38Z,1
report,figure,78,246,docs/report/report.pdf,2026-10-10T08:38Z,1
report,figure,81,256,docs/report/report.pdf,2026-10-10T08:38Z,1
report,figure,82,303,docs/report/report.pdf,2026-10-10T08:38Z,1
report,figure,83,323,docs/report/report.pdf,2026-10-10T08:38Z,1
report,figure,84,326,docs/report/report.pdf,2026-10-10T08:38Z,1
report,figure,85,329,docs/report/report.pdf,2026-10-10T08:38Z,1
report,table,1,99,docs/report/report.pdf,2026-10-10T08:38Z,1
report,table,2,107,docs/report/report.pdf,2026-10-10T08:38Z,1
report,table,3,110,docs/report/report.pdf,2026-10-10T08:38Z,1
report,table,4,110,docs/report/report.pdf,2026-10-10T08:38Z,1
report,table,5,111,docs/report/report.pdf,2026-10-10T08:38Z,1
report,table,6,112,docs/report/report.pdf,2026-10-10T08:38Z,1
report,table,7,113,docs/report/report.pdf,2026-10-10T08:38Z,1
report,table,8,119,docs/report/report.pdf,2026-10-10T08:38Z,1
report,table,9,127,docs/report/report.pdf,2026-10-10T08:38Z,1
report,table,10,134,docs/report/report.pdf,2026-10-10T08:38Z,1
report,table,11,147,docs/report/report.pdf,2026-10-10T08:38Z,1
report,table,12,151,docs/report/report.pdf,2026-10-10T08:38Z,1
report,table,13,153,docs/report/report.pdf,2026-10-10T08:38Z,1
report,table,14,153,docs/report/report.pdf,2026-10-10T08:38Z,1
report,table,15,161,docs/report/report.pdf,2026-10-10T08:38Z,1
report,table,16,167,docs/report/report.pdf,2026-10-10T08:38Z,1
report,table,17,167,docs/report/report.pdf,2026-10-10T08:38Z,1
report,table,18,169,docs/report/report.pdf,2026-10-10T08:38Z,1
report,table,19,176,docs/report/report.pdf,2026-10-10T08:38Z,1
report,table,20,181,docs/report/report.pdf,2026-10-10T08:38Z,1
report,table,21,187,docs/report/report.pdf,2026-10-10T08:38Z,1
report,table,22,187,docs/report/report.pdf,2026-10-10T08:38Z,1
report,table,23,205,docs/report/report.pdf,2026-10-10T08:38Z,1
report,table,24,213,docs/report/report.pdf,2026-10-10T08:38Z,1
report,table,25,247,docs/report/report.pdf,2026-10-10T08:38Z,1
report10,para,theanalyticalpipelineapp,257,docs/report/report.pdf,2026-10-10T08:38Z,1
report10,heading,Discussion,257,docs/report/report.pdf,2026-10-10T08:38Z,1
report10,para,theclusterstructurelinks,257,docs/report/report.pdf,2026-10-10T08:38Z,1
report10,para,dunescrapingproducedmeas,257,docs/report/report.pdf,2026-10-10T08:38Z,1
report10,para,thediscussionbringsthese,258,docs/report/report.pdf,2026-10-10T08:38Z,1
report10,para,theanalyticalframeworkre,258,docs/report/report.pdf,2026-10-10T08:38Z,1
report10,heading,Linking Groundwater Behaviour to Geology and Land Cover,258,docs/report/report.pdf,2026-10-10T08:38Z,1
report10,para,thehierarchicalclusterin,258,docs/report/report.pdf,2026-10-10T08:38Z,1
report10,para,lcsciscloselyrelatedtosp,259,docs/report/report.pdf,2026-10-10T08:38Z,1
report10,para,theplantationcoveredfore,259,docs/report/report.pdf,2026-10-10T08:38Z,1
report10,para,theclusterlevelcontrasts,259,docs/report/report.pdf,2026-10-10T08:38Z,1
report10,para,theimplicationforconserv,260,docs/report/report.pdf,2026-10-10T08:38Z,1
report10,para,twodiagnosticcheckssuppo,260,docs/report/report.pdf,2026-10-10T08:38Z,1
report10,heading,Cluster Classification and Validation,260,docs/report/report.pdf,2026-10-10T08:38Z,1
report10,para,withinc3thevariancefollo,260,docs/report/report.pdf,2026-10-10T08:38Z,1
report10,para,thesetwostrandsagenuinen,261,docs/report/report.pdf,2026-10-10T08:38Z,1
report10,para,thepartitionisalsorecove,261,docs/report/report.pdf,2026-10-10T08:38Z,1
report10,para,thegradationalnatureofth,261,docs/report/report.pdf,2026-10-10T08:38Z,1
report10,para,thepersistenceofforestcl,262,docs/report/report.pdf,2026-10-10T08:38Z,1
report10,para,thessmisalumpedmassbalan,262,docs/report/report.pdf,2026-10-10T08:38Z,1
report10,heading,"Boundary Conditions, Model Limitations and Forecasting",262,docs/report/report.pdf,2026-10-10T08:38Z,1
report10,para,thewaterbalanceresidualf,262,docs/report/report.pdf,2026-10-10T08:38Z,1
report10,heading,Water Balance Residuals as a Model-Adequacy Diagnostic,262,docs/report/report.pdf,2026-10-10T08:38Z,1
report10,para,thefieldisthereforeadiag,262,docs/report/report.pdf,2026-10-10T08:38Z,1
report10,para,thekrigedwatertablesecti,262,docs/report/report.pdf,2026-10-10T08:38Z,1
report10,para,twoindependentdiagnostic,263,docs/report/report.pdf,2026-10-10T08:38Z,1
report10,para,theseasonalresidualdiagn,263,docs/report/report.pdf,2026-10-10T08:38Z,1
report10,para,thedisplacementformulati,267,docs/report/report.pdf,2026-10-10T08:38Z,3
report10,heading,Displacement Formulation and Depth-Dependent PET,267,docs/report/report.pdf,2026-10-10T08:38Z,3
report10,para,adepthdependentextension,263,docs/report/report.pdf,2026-10-10T08:38Z,1
report10,para,thedrainagecoefficientis,264,docs/report/report.pdf,2026-10-10T08:38Z,1
report10,heading,The C4 Main Forest Drainage Coefficient: Identifiability and Sensitivity,264,docs/report/report.pdf,2026-10-10T08:38Z,1
report10,para,thediagnosticdoesnotsupp,264,docs/report/report.pdf,2026-10-10T08:38Z,1
report10,para,theperwellscatterthatfir,264,docs/report/report.pdf,2026-10-10T08:38Z,1
report10,para,thishasadirectandreassur,264,docs/report/report.pdf,2026-10-10T08:38Z,1
report10,para,oneconsequencefollowsdir,265,docs/report/report.pdf,2026-10-10T08:38Z,1
report10,para,ceh14istreatedseparately,265,docs/report/report.pdf,2026-10-10T08:38Z,1
report10,para,acrossthereferencenetwor,265,docs/report/report.pdf,2026-10-10T08:38Z,1
report10,para,thephysicaldistinctionbe,266,docs/report/report.pdf,2026-10-10T08:38Z,1
report10,heading,Predictive Skill and Operational Forecasting,266,docs/report/report.pdf,2026-10-10T08:38Z,1
report10,para,thispredictivecapacityha,266,docs/report/report.pdf,2026-10-10T08:38Z,1
report10,para,secondthespatialpatterno,266,docs/report/report.pdf,2026-10-10T08:38Z,1
report10,para,thirdthessmframeworkisop,267,docs/report/report.pdf,2026-10-10T08:38Z,1
report10,para,thefindingthatantecedent,267,docs/report/report.pdf,2026-10-10T08:38Z,1
report10,heading,Seasonal Prediction and the Intervention Window,267,docs/report/report.pdf,2026-10-10T08:38Z,1
report10,para,thesummerminimumtrajecto,268,docs/report/report.pdf,2026-10-10T08:38Z,1
report10,para,theforestc4predictionequ,268,docs/report/report.pdf,2026-10-10T08:38Z,1
report10,para,theeasternblockc1c2bycon,269,docs/report/report.pdf,2026-10-10T08:38Z,1
report10,para,theprimacyofsummerminimu,269,docs/report/report.pdf,2026-10-10T08:38Z,1
report10,para,theclusterlevelwaterbala,269,docs/report/report.pdf,2026-10-10T08:38Z,1
report10,heading,"Recharge, Loss and the Water Balance",269,docs/report/report.pdf,2026-10-10T08:38Z,1
report10,para,rechargeintothewatertabl,270,docs/report/report.pdf,2026-10-10T08:38Z,1
report10,heading,Recharge Partitioning and Atmospheric Draw,270,docs/report/report.pdf,2026-10-10T08:38Z,1
report10,para,itshouldbenotedthatinope,270,docs/report/report.pdf,2026-10-10T08:38Z,1
report10,para,thornthwaitepetisanempir,270,docs/report/report.pdf,2026-10-10T08:38Z,1
report10,para,afurtherquestiontheevide,271,docs/report/report.pdf,2026-10-10T08:38Z,1
report10,para,onecoefficientlevelobser,271,docs/report/report.pdf,2026-10-10T08:38Z,1
report10,para,theannualcoefficientisin,271,docs/report/report.pdf,2026-10-10T08:38Z,1
report10,para,thereisalsoareasontoexpe,272,docs/report/report.pdf,2026-10-10T08:38Z,1
report10,para,oneconfoundattachestothe,272,docs/report/report.pdf,2026-10-10T08:38Z,1
report10,para,theclearfellrecordbearso,272,docs/report/report.pdf,2026-10-10T08:38Z,1
report10,para,thedrainagedecaycoeffici,272,docs/report/report.pdf,2026-10-10T08:38Z,1
report10,heading,Drainage Decay and the Volumetric Water Balance,272,docs/report/report.pdf,2026-10-10T08:38Z,1
report10,para,theindicativevolumetricw,273,docs/report/report.pdf,2026-10-10T08:38Z,1
report10,para,thewatertablefluctuation,273,docs/report/report.pdf,2026-10-10T08:38Z,1
report10,para,theimplicationformanagem,273,docs/report/report.pdf,2026-10-10T08:38Z,1
report10,para,theslowdrainageandthinaq,274,docs/report/report.pdf,2026-10-10T08:38Z,1
report10,para,thisamplificationresultr,274,docs/report/report.pdf,2026-10-10T08:38Z,1
report10,para,theamplificationresultdo,274,docs/report/report.pdf,2026-10-10T08:38Z,1
report10,para,insummarythecleanerandle,275,docs/report/report.pdf,2026-10-10T08:38Z,1
report10,para,threedipwellsceh36ceh18a,275,docs/report/report.pdf,2026-10-10T08:38Z,1
report10,heading,Dune Scraping,275,docs/report/report.pdf,2026-10-10T08:38Z,1
report10,para,atceh36threeindependentm,276,docs/report/report.pdf,2026-10-10T08:38Z,1
report10,heading,Measured Benefit and Durability,276,docs/report/report.pdf,2026-10-10T08:38Z,1
report10,para,scrapingcreatesatopograp,276,docs/report/report.pdf,2026-10-10T08:38Z,1
report10,para,theshapeofthisdiminishin,276,docs/report/report.pdf,2026-10-10T08:38Z,1
report10,para,theinteractionbetweenscr,278,docs/report/report.pdf,2026-10-10T08:38Z,1
report10,heading,Interaction with the Clearfell,278,docs/report/report.pdf,2026-10-10T08:38Z,1
report10,para,thereverseinteractionals,278,docs/report/report.pdf,2026-10-10T08:38Z,1
report10,para,scrapingatceh36produceda,278,docs/report/report.pdf,2026-10-10T08:38Z,1
report10,para,themechanismbywhichscrap,279,docs/report/report.pdf,2026-10-10T08:38Z,1
report10,heading,Coastal Erosion Analogy and Cascade Risk,279,docs/report/report.pdf,2026-10-10T08:38Z,1
report10,para,thisanalogycarriesamanag,279,docs/report/report.pdf,2026-10-10T08:38Z,1
report10,para,theriskofacascadefollows,279,docs/report/report.pdf,2026-10-10T08:38Z,1
report10,para,mostofthewesternresidual,280,docs/report/report.pdf,2026-10-10T08:38Z,1
report10,para,thegeometryofthescrapesr,281,docs/report/report.pdf,2026-10-10T08:38Z,1
report10,para,thetimescaleoverwhichthe,281,docs/report/report.pdf,2026-10-10T08:38Z,1
report10,para,sealevelriseistheopposin,282,docs/report/report.pdf,2026-10-10T08:38Z,1
report10,para,thedirectionofthiscoasta,282,docs/report/report.pdf,2026-10-10T08:38Z,1
report10,para,thedecember2017clearfell,282,docs/report/report.pdf,2026-10-10T08:38Z,1
report10,heading,The Clearfell Experiment,282,docs/report/report.pdf,2026-10-10T08:38Z,1
report10,para,thethreecounterfactualan,283,docs/report/report.pdf,2026-10-10T08:38Z,1
report10,para,theclearfellsdateandexte,283,docs/report/report.pdf,2026-10-10T08:38Z,1
report10,para,thefelledareaisdeliberat,284,docs/report/report.pdf,2026-10-10T08:38Z,1
report10,para,foursupplementaryanalyse,284,docs/report/report.pdf,2026-10-10T08:38Z,1
report10,para,thetwoimplementationsdif,284,docs/report/report.pdf,2026-10-10T08:38Z,1
report10,para,themagnitudeofthatpaired,285,docs/report/report.pdf,2026-10-10T08:38Z,1
report10,para,thecoefficientdecomposit,285,docs/report/report.pdf,2026-10-10T08:38Z,1
report10,para,thenetworkwidedeclineisr,285,docs/report/report.pdf,2026-10-10T08:38Z,1
report10,heading,"Seasonal Asymmetry, the β₁ Decline, and the Confounded Baseline",285,docs/report/report.pdf,2026-10-10T08:38Z,1
report10,para,themagnitudeofthisnetwor,286,docs/report/report.pdf,2026-10-10T08:38Z,1
report10,para,againstthisbackgroundthe,286,docs/report/report.pdf,2026-10-10T08:38Z,1
report10,para,thecwbclearfellinteracti,286,docs/report/report.pdf,2026-10-10T08:38Z,1
report10,para,theedgetierresultmeritsa,287,docs/report/report.pdf,2026-10-10T08:38Z,1
report10,para,thedevelopingcanopysetti,287,docs/report/report.pdf,2026-10-10T08:38Z,1
report10,para,thesummerminimarecordmak,288,docs/report/report.pdf,2026-10-10T08:38Z,1
report10,para,theancovaadditionallyinc,288,docs/report/report.pdf,2026-10-10T08:38Z,1
report10,para,thewesternmarginsignalth,288,docs/report/report.pdf,2026-10-10T08:38Z,1
report10,para,the1990seraattributionof,289,docs/report/report.pdf,2026-10-10T08:38Z,1
report10,para,themonitoringevidencethe,289,docs/report/report.pdf,2026-10-10T08:38Z,1
report10,para,thescenarioframeworksect,289,docs/report/report.pdf,2026-10-10T08:38Z,1
report10,heading,Forest Management Scenario Responses,289,docs/report/report.pdf,2026-10-10T08:38Z,1
report10,para,broadleafconversionisrep,289,docs/report/report.pdf,2026-10-10T08:38Z,1
report10,para,atthelowerendsoftheirran,290,docs/report/report.pdf,2026-10-10T08:38Z,1
report10,para,thecorsicanpineplantatio,290,docs/report/report.pdf,2026-10-10T08:38Z,1
report10,heading,Hydrological Effects of the Plantation,290,docs/report/report.pdf,2026-10-10T08:38Z,1
report10,para,thecanopyhasfurtherhydro,290,docs/report/report.pdf,2026-10-10T08:38Z,1
report10,para,thistemporalredistributi,291,docs/report/report.pdf,2026-10-10T08:38Z,1
report10,para,theseeffectsandtheirinte,292,docs/report/report.pdf,2026-10-10T08:38Z,1
report10,para,thecompoundnatureofandth,292,docs/report/report.pdf,2026-10-10T08:38Z,1
report10,heading,"Atmospheric Draw, Specific Yield and the β₂ Coefficient",292,docs/report/report.pdf,2026-10-10T08:38Z,1
report10,para,c4mainforesthasthehighes,292,docs/report/report.pdf,2026-10-10T08:38Z,1
report10,para,c5coastalforesthasthesec,293,docs/report/report.pdf,2026-10-10T08:38Z,1
report10,para,acrosstheforestwellselev,293,docs/report/report.pdf,2026-10-10T08:38Z,1
report10,para,althoughpositionandthesu,293,docs/report/report.pdf,2026-10-10T08:38Z,1
report10,para,thedepthdependentpetdiag,293,docs/report/report.pdf,2026-10-10T08:38Z,1
report10,para,thepracticalconsequencec,294,docs/report/report.pdf,2026-10-10T08:38Z,1
report10,para,therelativelyshallowsumm,294,docs/report/report.pdf,2026-10-10T08:38Z,1
report10,heading,Summer Minimum Depths at the Forest Margin,294,docs/report/report.pdf,2026-10-10T08:38Z,1
report10,para,thesummerminimumdepthmap,295,docs/report/report.pdf,2026-10-10T08:38Z,1
report10,para,themonitoringnetworkcont,295,docs/report/report.pdf,2026-10-10T08:38Z,1
report10,heading,Broadleaf Conversion: The NW10 Natural Experiment,295,docs/report/report.pdf,2026-10-10T08:38Z,1
report10,para,theperwellssmcoefficient,295,docs/report/report.pdf,2026-10-10T08:38Z,1
report10,para,theatmosphericdrawcoeffi,295,docs/report/report.pdf,2026-10-10T08:38Z,1
report10,para,nw10sbehaviourrelativeto,295,docs/report/report.pdf,2026-10-10T08:38Z,1
report10,para,thescenarioframeworksect,296,docs/report/report.pdf,2026-10-10T08:38Z,1
report10,para,nw10isasingledipwellandt,296,docs/report/report.pdf,2026-10-10T08:38Z,1
report10,para,arelatedobservationsugge,296,docs/report/report.pdf,2026-10-10T08:38Z,1
report10,para,theprecedingsectionschar,297,docs/report/report.pdf,2026-10-10T08:38Z,1
report10,heading,"Stand Density, Thinning and the Dothistroma Natural Experiment",297,docs/report/report.pdf,2026-10-10T08:38Z,1
report10,para,nothinningexperimenthasb,297,docs/report/report.pdf,2026-10-10T08:38Z,1
report10,para,onprogradingatlanticshor,297,docs/report/report.pdf,2026-10-10T08:38Z,1
report10,para,progressivedothistromane,297,docs/report/report.pdf,2026-10-10T08:38Z,1
report10,para,afurthergeochemicalconse,298,docs/report/report.pdf,2026-10-10T08:38Z,1
report10,heading,Canopy Salt Interception and Post-Felling Geochemistry,298,docs/report/report.pdf,2026-10-10T08:38Z,1
report10,para,ifthismechanismoperatesa,298,docs/report/report.pdf,2026-10-10T08:38Z,1
report10,para,acountervailingprocesssh,298,docs/report/report.pdf,2026-10-10T08:38Z,1
report10,para,awelllevelscenarioframew,298,docs/report/report.pdf,2026-10-10T08:38Z,1
report10,heading,Spatial Groundwater Modelling: Findings and Limitations,298,docs/report/report.pdf,2026-10-10T08:38Z,1
report10,para,theannualresponsesconcea,299,docs/report/report.pdf,2026-10-10T08:38Z,1
report10,heading,Seasonal Asymmetry under Climate Projections,299,docs/report/report.pdf,2026-10-10T08:38Z,1
report10,para,forforestmanagementscena,299,docs/report/report.pdf,2026-10-10T08:38Z,1
report10,heading,Forest Management Scenarios and Structural Isolation,299,docs/report/report.pdf,2026-10-10T08:38Z,1
report10,para,clearfellispredictedtora,299,docs/report/report.pdf,2026-10-10T08:38Z,1
report10,para,thespatialcoefficientatl,300,docs/report/report.pdf,2026-10-10T08:38Z,1
report10,para,theconclusionthatforestm,301,docs/report/report.pdf,2026-10-10T08:38Z,1
report10,heading,Framework Limitations and Continuous-Flow Modelling,301,docs/report/report.pdf,2026-10-10T08:38Z,1
report10,para,thedunescrapeandclearfel,301,docs/report/report.pdf,2026-10-10T08:38Z,1
report10,para,thepracticallimitsofthes,302,docs/report/report.pdf,2026-10-10T08:38Z,1
report10,para,thescenarioframeworkspre,302,docs/report/report.pdf,2026-10-10T08:38Z,1
report10,heading,Forest Scenario Predictions Against the Observed Record,302,docs/report/report.pdf,2026-10-10T08:38Z,1
report10,para,broadleafconversionwitho,303,docs/report/report.pdf,2026-10-10T08:38Z,1
report10,para,syntheticmeanyearhydrogr,303,docs/report/report.pdf,2026-10-10T08:38Z,1
report10,para,theparametricnetstatemap,305,docs/report/report.pdf,2026-10-10T08:38Z,1
report10,heading,Parametric Prediction and Observed Network Change,305,docs/report/report.pdf,2026-10-10T08:38Z,1
report10,para,thestandingcanopyeffecti,305,docs/report/report.pdf,2026-10-10T08:38Z,1
report10,para,theparametricmappredicts,305,docs/report/report.pdf,2026-10-10T08:38Z,1
report10,para,the20172023msl5compariso,305,docs/report/report.pdf,2026-10-10T08:38Z,1
report10,para,windowselectionandthespr,306,docs/report/report.pdf,2026-10-10T08:38Z,1
report10,para,thechoiceofthe2023curren,306,docs/report/report.pdf,2026-10-10T08:38Z,1
report10,para,check1springgapstability,306,docs/report/report.pdf,2026-10-10T08:38Z,1
report10,para,thegapvariessystematical,306,docs/report/report.pdf,2026-10-10T08:38Z,1
report10,para,thismechanismaccountsfor,307,docs/report/report.pdf,2026-10-10T08:38Z,1
report10,para,check2independentmetrica,307,docs/report/report.pdf,2026-10-10T08:38Z,1
report10,para,check3climateseasonality,307,docs/report/report.pdf,2026-10-10T08:38Z,1
report10,para,togetherthesethreechecks,308,docs/report/report.pdf,2026-10-10T08:38Z,1
report10,para,independenceofspringread,308,docs/report/report.pdf,2026-10-10T08:38Z,1
report10,para,thetwowindowcomparisonas,308,docs/report/report.pdf,2026-10-10T08:38Z,1
report10,para,matchedwindowsensitivity,308,docs/report/report.pdf,2026-10-10T08:38Z,1
report10,para,thethreechecksaboveestab,308,docs/report/report.pdf,2026-10-10T08:38Z,1
report10,para,absenceofadetectablemana,309,docs/report/report.pdf,2026-10-10T08:38Z,1
report10,para,themsl520172023mapshowsn,309,docs/report/report.pdf,2026-10-10T08:38Z,1
report10,para,thecoastalmargindeclinei,309,docs/report/report.pdf,2026-10-10T08:38Z,1
report10,para,differentialmovementwith,310,docs/report/report.pdf,2026-10-10T08:38Z,1
report10,para,thedifferentialmovementm,310,docs/report/report.pdf,2026-10-10T08:38Z,1
report10,para,reconcilingtheparametric,310,docs/report/report.pdf,2026-10-10T08:38Z,1
report10,para,theforestinteriorbehaves,310,docs/report/report.pdf,2026-10-10T08:38Z,1
report10,para,theabsoluteclimateremove,310,docs/report/report.pdf,2026-10-10T08:38Z,1
report10,para,theforestspredictedsensi,311,docs/report/report.pdf,2026-10-10T08:38Z,1
report10,para,thedryyearspringenvelope,311,docs/report/report.pdf,2026-10-10T08:38Z,1
report10,para,theenvelopeanalysisalsob,311,docs/report/report.pdf,2026-10-10T08:38Z,1
report10,para,robustnessofthebaciclear,311,docs/report/report.pdf,2026-10-10T08:38Z,1
report10,para,thefindingthatnomanageme,312,docs/report/report.pdf,2026-10-10T08:38Z,1
report10,para,theprimaryancovabacimont,312,docs/report/report.pdf,2026-10-10T08:38Z,1
report10,para,theerasplitcoefficientsh,312,docs/report/report.pdf,2026-10-10T08:38Z,1
report10,para,thesummerminimumanalysis,312,docs/report/report.pdf,2026-10-10T08:38Z,1
report10,para,prioritymeasurementstore,312,docs/report/report.pdf,2026-10-10T08:38Z,1
report10,para,thedriverscalefactortest,312,docs/report/report.pdf,2026-10-10T08:38Z,1
report10,para,threefieldmeasurementswo,313,docs/report/report.pdf,2026-10-10T08:38Z,1
report10,para,msl5section483followsvan,313,docs/report/report.pdf,2026-10-10T08:38Z,1
report10,heading,"External Validation Against Dune-Slack Vegetation, and a Structural Wetness Index",313,docs/report/report.pdf,2026-10-10T08:38Z,1
report10,para,thestatespacecoefficient,313,docs/report/report.pdf,2026-10-10T08:38Z,2
report10,para,calibratedontothemsl5sca,313,docs/report/report.pdf,2026-10-10T08:38Z,1
report10,para,itspracticalvalueshouldb,313,docs/report/report.pdf,2026-10-10T08:38Z,1
report10,para,thisrecorddoesnotresolve,314,docs/report/report.pdf,2026-10-10T08:38Z,1
report10,heading,"What the Record Cannot Resolve: Rates Through Time, and the Length of Record They Would Require",314,docs/report/report.pdf,2026-10-10T08:38Z,1
report10,para,overthefullrecordthesite,334,docs/report/report.pdf,2026-10-10T08:38Z,2
report10,para,thatthresholdexplainswhi,314,docs/report/report.pdf,2026-10-10T08:38Z,1
report10,para,aresolvedcoastalgradient,315,docs/report/report.pdf,2026-10-10T08:38Z,1
report10,para,threethingspreventittheg,315,docs/report/report.pdf,2026-10-10T08:38Z,1
report10,para,thedirectionoftheomissio,316,docs/report/report.pdf,2026-10-10T08:38Z,1
report10,para,thepracticalconsequencei,316,docs/report/report.pdf,2026-10-10T08:38Z,1
report10,para,the198996hindcastsection,316,docs/report/report.pdf,2026-10-10T08:38Z,1
report10,heading,Out-of-Sample Test Against the 1989--96 Record,316,docs/report/report.pdf,2026-10-10T08:38Z,1
report10,para,thethreewellsthathavecha,316,docs/report/report.pdf,2026-10-10T08:38Z,1
report10,para,thecontrastbetweenepochs,316,docs/report/report.pdf,2026-10-10T08:38Z,1
report10,para,theepochshiftisalevelcon,316,docs/report/report.pdf,2026-10-10T08:38Z,1
report10,para,thetestthereforedoeswhat,317,docs/report/report.pdf,2026-10-10T08:38Z,1
report10,para,ranwells195153readingsse,317,docs/report/report.pdf,2026-10-10T08:38Z,1
report10,heading,The 1951--53 Record: Fifty-Four Years Before Calibration,317,docs/report/report.pdf,2026-10-10T08:38Z,1
report10,para,therecordthereforesuppor,317,docs/report/report.pdf,2026-10-10T08:38Z,1
report10,para,thefloorsthemselvescarry,317,docs/report/report.pdf,2026-10-10T08:38Z,1
report10,para,theforestfloorsaretheexc,318,docs/report/report.pdf,2026-10-10T08:38Z,1
report10,para,theprecedingsectionshave,319,docs/report/report.pdf,2026-10-10T08:38Z,1
report10,heading,The Reach of Forest Management Interventions,319,docs/report/report.pdf,2026-10-10T08:38Z,1
report10,para,theavailableevidenceindi,319,docs/report/report.pdf,2026-10-10T08:38Z,1
report10,para,thisstructuralisolationi,319,docs/report/report.pdf,2026-10-10T08:38Z,1
report10,para,theclusterswheretheecolo,320,docs/report/report.pdf,2026-10-10T08:38Z,1
report10,para,thepfloodthresholdmappin,320,docs/report/report.pdf,2026-10-10T08:38Z,1
report10,heading,P_flood Recoverability and the Operational Boundary,320,docs/report/report.pdf,2026-10-10T08:38Z,1
report10,para,afurther24wells27require,320,docs/report/report.pdf,2026-10-10T08:38Z,1
report10,para,c3westernresidualoccupie,320,docs/report/report.pdf,2026-10-10T08:38Z,1
report10,para,therecoverabilitymapdeli,321,docs/report/report.pdf,2026-10-10T08:38Z,1
report10,para,therecessiontimetr1addsa,321,docs/report/report.pdf,2026-10-10T08:38Z,1
report10,para,aftertheclearfellthefell,321,docs/report/report.pdf,2026-10-10T08:38Z,2
report10,heading,Climate Trajectory as the Binding Constraint,321,docs/report/report.pdf,2026-10-10T08:38Z,2
report10,para,whetherthisseasonalasymm,321,docs/report/report.pdf,2026-10-10T08:38Z,1
report10,para,atnewboroughspecifically,322,docs/report/report.pdf,2026-10-10T08:38Z,1
report10,para,thesereachescanbeconsoli,322,docs/report/report.pdf,2026-10-10T08:38Z,1
report10,para,wmc3srawscrapingstepat26,322,docs/report/report.pdf,2026-10-10T08:38Z,1
report10,para,readwiththecaveatthateve,322,docs/report/report.pdf,2026-10-10T08:38Z,1
report10,para,spatialreachanddevelopme,323,docs/report/report.pdf,2026-10-10T08:38Z,1
report10,para,thefourdriversactonthewa,324,docs/report/report.pdf,2026-10-10T08:38Z,1
report10,para,aclearfellliftspartofthe,324,docs/report/report.pdf,2026-10-10T08:38Z,1
report10,para,coastalretreatlowersthes,324,docs/report/report.pdf,2026-10-10T08:38Z,1
report10,para,climateisrepresentedhere,324,docs/report/report.pdf,2026-10-10T08:38Z,1
report10,para,thatmagnitudeisacentrale,325,docs/report/report.pdf,2026-10-10T08:38Z,1
report10,para,thetermiscarriedonthecom,325,docs/report/report.pdf,2026-10-10T08:38Z,1
report10,para,expressedasanequivalentd,325,docs/report/report.pdf,2026-10-10T08:38Z,1
report10,para,thatsitewiderankingdiffe,325,docs/report/report.pdf,2026-10-10T08:38Z,1
report10,para,thetwostatementsarecompl,325,docs/report/report.pdf,2026-10-10T08:38Z,1
report10,para,thefigureshowsonlytermst,325,docs/report/report.pdf,2026-10-10T08:38Z,1
report10,para,themanagementchallengeat,325,docs/report/report.pdf,2026-10-10T08:38Z,1
report10,para,summerminimaaretherestor,327,docs/report/report.pdf,2026-10-10T08:38Z,1
report10,heading,Implications for Restoration and Monitoring,327,docs/report/report.pdf,2026-10-10T08:38Z,1
report10,para,topographicscrapingisthe,327,docs/report/report.pdf,2026-10-10T08:38Z,1
report10,para,scrapingisthereforenotah,327,docs/report/report.pdf,2026-10-10T08:38Z,1
report10,para,thebackgroundclimatedryi,327,docs/report/report.pdf,2026-10-10T08:38Z,1
report10,para,perwellcategorizationaga,327,docs/report/report.pdf,2026-10-10T08:38Z,1
report10,para,plantationclearanceasimp,328,docs/report/report.pdf,2026-10-10T08:38Z,1
report10,para,theevidencedoesnotsuppor,328,docs/report/report.pdf,2026-10-10T08:38Z,1
report10,para,removingtheforestwouldth,328,docs/report/report.pdf,2026-10-10T08:38Z,1
report10,para,thescenarioprojectionsan,328,docs/report/report.pdf,2026-10-10T08:38Z,1
report10,para,thepredictionequationspf,329,docs/report/report.pdf,2026-10-10T08:38Z,1
report10,para,perwellachievabilitycate,329,docs/report/report.pdf,2026-10-10T08:38Z,1
report10,para,fourprioritiesforfuturer,331,docs/report/report.pdf,2026-10-10T08:38Z,1
report10,para,secondthec5coastalforest,331,docs/report/report.pdf,2026-10-10T08:38Z,1
report10,para,thirdtherelationshipbetw,331,docs/report/report.pdf,2026-10-10T08:38Z,1
report10,para,fourththeinternalstructu,331,docs/report/report.pdf,2026-10-10T08:38Z,1
report10,para,theframeworkneedsfourthi,332,docs/report/report.pdf,2026-10-10T08:38Z,1
report10,heading,Transferability: Requirements and Limits,332,docs/report/report.pdf,2026-10-10T08:38Z,1
report10,para,themonitoringrequirement,332,docs/report/report.pdf,2026-10-10T08:38Z,1
report10,para,whattransfersunchangedis,332,docs/report/report.pdf,2026-10-10T08:38Z,1
report10,para,thestatespacemodelisthep,332,docs/report/report.pdf,2026-10-10T08:38Z,1
report10,para,thenetworkneednotbeunifo,332,docs/report/report.pdf,2026-10-10T08:38Z,1
report10,para,thederivedproductstransf,333,docs/report/report.pdf,2026-10-10T08:38Z,1
report10,para,whatmustberederivediseve,333,docs/report/report.pdf,2026-10-10T08:38Z,1
report10,para,recordlengthgovernswhich,333,docs/report/report.pdf,2026-10-10T08:38Z,1
report11,para,therelianceonmonthlyaver,334,docs/report/report.pdf,2026-10-10T08:38Z,1
report11,heading,Limitations,334,docs/report/report.pdf,2026-10-10T08:38Z,1
report11,heading,Temporal resolution and conservative volatility estimates,334,docs/report/report.pdf,2026-10-10T08:38Z,1
report11,para,thebindingconstraintonth,334,docs/report/report.pdf,2026-10-10T08:38Z,1
report11,heading,Record length --- the difference between a level and a rate,334,docs/report/report.pdf,2026-10-10T08:38Z,1
report11,para,theconsequenceisadivisio,334,docs/report/report.pdf,2026-10-10T08:38Z,1
report11,para,thedifferenceindifferenc,335,docs/report/report.pdf,2026-10-10T08:38Z,1
report11,heading,Parallel trends --- unverifiable rather than violated,335,docs/report/report.pdf,2026-10-10T08:38Z,1
report11,para,thestepestimatesarerepor,335,docs/report/report.pdf,2026-10-10T08:38Z,1
report11,para,thethornthwaitemethodwas,335,docs/report/report.pdf,2026-10-10T08:38Z,1
report11,heading,Thornthwaite PET and sensitivity of absolute thresholds,335,docs/report/report.pdf,2026-10-10T08:38Z,1
report11,para,thebiasisnotonlyinlevelb,336,docs/report/report.pdf,2026-10-10T08:38Z,1
report11,para,asecondlimitontheclimate,336,docs/report/report.pdf,2026-10-10T08:38Z,1
report11,para,thecomparisonofnw10broad,336,docs/report/report.pdf,2026-10-10T08:38Z,1
report11,heading,The NW10 broadleaf comparison --- a single uncontrolled well,336,docs/report/report.pdf,2026-10-10T08:38Z,1
report11,para,thespatialframeworkusedi,337,docs/report/report.pdf,2026-10-10T08:38Z,1
report11,heading,Spatial analysis --- absence of calibrated continuous-flow modelling,337,docs/report/report.pdf,2026-10-10T08:38Z,1
report11,para,theclearfellzoneandscrap,337,docs/report/report.pdf,2026-10-10T08:38Z,1
report11,heading,BACI experiment --- network design limitations,337,docs/report/report.pdf,2026-10-10T08:38Z,1
report11,para,bothinterventionanalyses,338,docs/report/report.pdf,2026-10-10T08:38Z,1
report11,heading,Coastal-erosion confound --- first-order spatial control rather than time-lagged propagation,338,docs/report/report.pdf,2026-10-10T08:38Z,1
report11,para,adirecttestofthespatialc,338,docs/report/report.pdf,2026-10-10T08:38Z,1
report11,para,theclusterlevelwaterbala,338,docs/report/report.pdf,2026-10-10T08:38Z,1
report11,heading,Water balance closure as weak validation,338,docs/report/report.pdf,2026-10-10T08:38Z,1
report11,para,theresidualisasinglescal,339,docs/report/report.pdf,2026-10-10T08:38Z,1
report11,para,interpretationofthefield,339,docs/report/report.pdf,2026-10-10T08:38Z,1
report11,para,atthescaleofthedunefield,339,docs/report/report.pdf,2026-10-10T08:38Z,1
report11,heading,"Topographic proxies, aeolian deflation, and bedrock causation",339,docs/report/report.pdf,2026-10-10T08:38Z,1
report11,para,thefiveyearmeanspringwat,340,docs/report/report.pdf,2026-10-10T08:38Z,1
report11,heading,MSL5 metric: application beyond its intended domain,340,docs/report/report.pdf,2026-10-10T08:38Z,1
report11,para,becausethisextendsthemet,340,docs/report/report.pdf,2026-10-10T08:38Z,1
report11,para,thecheckthatremainsgener,340,docs/report/report.pdf,2026-10-10T08:38Z,1
report11,para,oneconsequenceofthemetri,340,docs/report/report.pdf,2026-10-10T08:38Z,1
report12,para,thisstudyprovidesthefirs,342,docs/report/report.pdf,2026-10-10T08:38Z,1
report12,heading,Conclusions,342,docs/report/report.pdf,2026-10-10T08:38Z,1
report12,para,8rechargesensitivityhasd,345,docs/report/report.pdf,2026-10-10T08:38Z,1
report12,para,9modelledforestdrawdownr,345,docs/report/report.pdf,2026-10-10T08:38Z,1
report12,para,10wtfderivedspecificyiel,345,docs/report/report.pdf,2026-10-10T08:38Z,1
report12,para,11thewaterbalanceclosest,346,docs/report/report.pdf,2026-10-10T08:38Z,1
report12,para,12c5coastalforestshowsth,346,docs/report/report.pdf,2026-10-10T08:38Z,1
report12,para,13theinterventionwindowi,347,docs/report/report.pdf,2026-10-10T08:38Z,1
report12,para,14progressivecoastalboun,347,docs/report/report.pdf,2026-10-10T08:38Z,1
report13,para,duringthepreparationofth,348,docs/report/report.pdf,2026-10-10T08:38Z,1
report13,heading,Declaration of generative AI and AI-assisted technologies in the manuscript preparation process,348,docs/report/report.pdf,2026-10-10T08:38Z,1
report13,para,arribasbeldfleischmannmo,349,docs/report/report.pdf,2026-10-10T08:38Z,1
report13,heading,References,349,docs/report/report.pdf,2026-10-10T08:38Z,1
report13,para,bakkermandschaarsf2019so,349,docs/report/report.pdf,2026-10-10T08:38Z,1
report13,para,bearj1972dynamicsoffluid,349,docs/report/report.pdf,2026-10-10T08:38Z,1
report13,para,betsonmconnelllandbristo,349,docs/report/report.pdf,2026-10-10T08:38Z,1
report13,para,betsonmandscholefieldp20,349,docs/report/report.pdf,2026-10-10T08:38Z,1
report13,para,bevenk2012rainfallrunoff,349,docs/report/report.pdf,2026-10-10T08:38Z,1
report13,para,bristowcs2003theimpactof,349,docs/report/report.pdf,2026-10-10T08:38Z,1
report13,para,bristowcsandbaileysd2001,349,docs/report/report.pdf,2026-10-10T08:38Z,1
report13,para,buglife2019coastalsanddu,349,docs/report/report.pdf,2026-10-10T08:38Z,1
report13,para,burnhamkpandandersondr20,349,docs/report/report.pdf,2026-10-10T08:38Z,1
report13,para,calderir2007forestsandwa,349,docs/report/report.pdf,2026-10-10T08:38Z,1
report13,para,calderirandnewsonmd1979l,349,docs/report/report.pdf,2026-10-10T08:38Z,1
report13,para,caliskitandharabaszj1974,350,docs/report/report.pdf,2026-10-10T08:38Z,1
report13,para,callaghandavanwillegenlw,350,docs/report/report.pdf,2026-10-10T08:38Z,1
report13,para,clarkedandsanitwongnaayu,350,docs/report/report.pdf,2026-10-10T08:38Z,1
report13,para,collenteurrabakkermcaljr,350,docs/report/report.pdf,2026-10-10T08:38Z,1
report13,para,cottinghamp1994theeffect,350,docs/report/report.pdf,2026-10-10T08:38Z,1
report13,para,crosbiersbinningpandkalm,350,docs/report/report.pdf,2026-10-10T08:38Z,1
report13,para,curreliawallacehfreemanc,350,docs/report/report.pdf,2026-10-10T08:38Z,1
report13,para,dargietcd1995sandduneveg,350,docs/report/report.pdf,2026-10-10T08:38Z,1
report13,para,davyajgrootjansaphiscock,350,docs/report/report.pdf,2026-10-10T08:38Z,1
report13,para,davyajhiscockkmjonesmlml,350,docs/report/report.pdf,2026-10-10T08:38Z,1
report13,para,dengzpriestleyscguanhlov,350,docs/report/report.pdf,2026-10-10T08:38Z,1
report13,para,denninglpughmpittsvanddy,351,docs/report/report.pdf,2026-10-10T08:38Z,1
report13,para,desbaratsajlogancehinton,351,docs/report/report.pdf,2026-10-10T08:38Z,1
report13,para,donohuerjmcvicartrandrod,351,docs/report/report.pdf,2026-10-10T08:38Z,1
report13,para,fergusongandgleesont2012,351,docs/report/report.pdf,2026-10-10T08:38Z,1
report13,para,fettercw2001appliedhydro,351,docs/report/report.pdf,2026-10-10T08:38Z,1
report13,para,flyamerimillingworthrsot,351,docs/report/report.pdf,2026-10-10T08:38Z,1
report13,para,forgravea2020dramaticpic,351,docs/report/report.pdf,2026-10-10T08:38Z,1
report13,para,freemans2008thehydrologi,351,docs/report/report.pdf,2026-10-10T08:38Z,1
report13,para,freezeraandcherryja1979g,351,docs/report/report.pdf,2026-10-10T08:38Z,1
report13,para,gashjhc1979ananalyticalm,351,docs/report/report.pdf,2026-10-10T08:38Z,1
report13,para,gashjhcwrightirandlloydc,351,docs/report/report.pdf,2026-10-10T08:38Z,1
report13,para,gebhardtthberlekhmatysse,351,docs/report/report.pdf,2026-10-10T08:38Z,1
report13,para,gerlapj2019monitoringand,351,docs/report/report.pdf,2026-10-10T08:38Z,1
report13,para,giddenskmparfittrlandper,352,docs/report/report.pdf,2026-10-10T08:38Z,1
report13,para,gilliessothers2013raster,352,docs/report/report.pdf,2026-10-10T08:38Z,1
report13,para,gotellinjandellisonam200,352,docs/report/report.pdf,2026-10-10T08:38Z,1
report13,para,grootjansapgeelenhwtjans,352,docs/report/report.pdf,2026-10-10T08:38Z,1
report13,para,grootjansapademaebbekker,352,docs/report/report.pdf,2026-10-10T08:38Z,1
report13,para,grootjansapshahrudinrvan,352,docs/report/report.pdf,2026-10-10T08:38Z,1
report13,para,gumuakawckaajaworskaszul,352,docs/report/report.pdf,2026-10-10T08:38Z,1
report13,para,gumuakawckaajaworskaszul,352,docs/report/report.pdf,2026-10-10T08:38Z,1
report13,para,guptahvwagenertliuy2008r,352,docs/report/report.pdf,2026-10-10T08:38Z,1
report13,para,haitjemahmandmitchellbru,352,docs/report/report.pdf,2026-10-10T08:38Z,1
report13,para,hannahdmsmithbpggurnella,352,docs/report/report.pdf,2026-10-10T08:38Z,1
report13,para,harriscrmillmankjvanderw,353,docs/report/report.pdf,2026-10-10T08:38Z,1
report13,para,healyrwandcookpg2002usin,353,docs/report/report.pdf,2026-10-10T08:38Z,1
report13,para,hennigc2007clusterwiseas,353,docs/report/report.pdf,2026-10-10T08:38Z,1
report13,para,hesppaandthombg1990geomo,353,docs/report/report.pdf,2026-10-10T08:38Z,1
report13,para,hillmomountfordjoroydbbu,353,docs/report/report.pdf,2026-10-10T08:38Z,1
report13,para,hollinghamm2026newboroug,353,docs/report/report.pdf,2026-10-10T08:38Z,1
report13,para,hooghoudtsb1940bijdragen,353,docs/report/report.pdf,2026-10-10T08:38Z,1
report13,para,huizersradermachermdevri,353,docs/report/report.pdf,2026-10-10T08:38Z,1
report13,para,hunterjd2007matplotliba2,353,docs/report/report.pdf,2026-10-10T08:38Z,1
report13,para,hypolitejarvordbertrandg,353,docs/report/report.pdf,2026-10-10T08:38Z,1
report13,para,jenningstah1990thechangi,353,docs/report/report.pdf,2026-10-10T08:38Z,1
report13,para,jncc2026ytwynioabermenai,354,docs/report/report.pdf,2026-10-10T08:38Z,1
report13,para,jordahlkvandenbosschejfl,354,docs/report/report.pdf,2026-10-10T08:38Z,1
report13,para,kiflaimeandwhitmand2023m,354,docs/report/report.pdf,2026-10-10T08:38Z,1
report13,para,knottersmandbierkensmfp2,354,docs/report/report.pdf,2026-10-10T08:38Z,1
report13,para,knottersmandvanwalsumpev,354,docs/report/report.pdf,2026-10-10T08:38Z,1
report13,para,komatsuhkumetandotsukik2,354,docs/report/report.pdf,2026-10-10T08:38Z,1
report13,para,krausepboyledpbsef2005co,354,docs/report/report.pdf,2026-10-10T08:38Z,1
report13,para,manisjshanafieldmcookpga,354,docs/report/report.pdf,2026-10-10T08:38Z,1
report13,para,mckinneyw2010datastructu,354,docs/report/report.pdf,2026-10-10T08:38Z,1
report13,para,metoffice2018ukcp18regio,354,docs/report/report.pdf,2026-10-10T08:38Z,1
report13,para,michaelharussoniellocjan,354,docs/report/report.pdf,2026-10-10T08:38Z,1
report13,para,nashjeandsutcliffejv1970,355,docs/report/report.pdf,2026-10-10T08:38Z,1
report13,para,obergfellcbakkermandmaas,355,docs/report/report.pdf,2026-10-10T08:38Z,1
report13,para,osenbergcwschmittrjholbr,355,docs/report/report.pdf,2026-10-10T08:38Z,1
report13,para,pagees1954continuousinsp,355,docs/report/report.pdf,2026-10-10T08:38Z,1
report13,para,pedregosafvaroquauxggram,355,docs/report/report.pdf,2026-10-10T08:38Z,1
report13,para,petersetorfspjjfvanlanen,355,docs/report/report.pdf,2026-10-10T08:38Z,1
report13,para,petersontjandwesternaw20,355,docs/report/report.pdf,2026-10-10T08:38Z,1
report13,para,pyekandblottsj2024dunere,355,docs/report/report.pdf,2026-10-10T08:38Z,1
report13,para,pyekandsayes2005thegeomo,355,docs/report/report.pdf,2026-10-10T08:38Z,1
report13,para,ranwellds1959newboroughw,355,docs/report/report.pdf,2026-10-10T08:38Z,1
report13,para,ranwellds1972ecologyofsa,355,docs/report/report.pdf,2026-10-10T08:38Z,1
report13,para,raoarsrinivasvv2006regio,355,docs/report/report.pdf,2026-10-10T08:38Z,1
report13,para,raopwangyliuywangxhouypa,355,docs/report/report.pdf,2026-10-10T08:38Z,1
report13,para,robinsnsjonesmlmfarrg201,356,docs/report/report.pdf,2026-10-10T08:38Z,1
report13,para,robinsnspyekandwallaceh2,356,docs/report/report.pdf,2026-10-10T08:38Z,1
report13,para,robinsonelhuntingfordcse,356,docs/report/report.pdf,2026-10-10T08:38Z,1
report13,para,robinsonmanddupeyrata200,356,docs/report/report.pdf,2026-10-10T08:38Z,1
report13,para,royvplamondonapandbernie,356,docs/report/report.pdf,2026-10-10T08:38Z,1
report13,para,rutterajkershawkarobinsp,356,docs/report/report.pdf,2026-10-10T08:38Z,1
report13,para,scanlonbrhealyrwandcookp,356,docs/report/report.pdf,2026-10-10T08:38Z,1
report13,para,seaboldsperktoldj2010sta,356,docs/report/report.pdf,2026-10-10T08:38Z,1
report13,para,imnekjejnamsaitohsakaima,356,docs/report/report.pdf,2026-10-10T08:38Z,1
report13,para,sivalfpandgrootjansap199,356,docs/report/report.pdf,2026-10-10T08:38Z,1
report13,para,smokorowskikeandrandallr,357,docs/report/report.pdf,2026-10-10T08:38Z,1
report13,para,sonnenborgtochristiansen,357,docs/report/report.pdf,2026-10-10T08:38Z,1
report13,para,stewartoatenamurdochwwan,357,docs/report/report.pdf,2026-10-10T08:38Z,1
report13,para,stratfordc2006reviewofhy,357,docs/report/report.pdf,2026-10-10T08:38Z,1
report13,para,stratfordcratcliffejhugh,357,docs/report/report.pdf,2026-10-10T08:38Z,1
report13,para,stuyfzandpj1993hydrochem,357,docs/report/report.pdf,2026-10-10T08:38Z,1
report13,para,sungriekerkhandkornhaklv,357,docs/report/report.pdf,2026-10-10T08:38Z,1
report13,para,sungcaldwellpvandmcnulty,357,docs/report/report.pdf,2026-10-10T08:38Z,1
report13,para,taylorcjandalleywm2001gr,357,docs/report/report.pdf,2026-10-10T08:38Z,1
report13,para,thornthwaitecwandmatherj,357,docs/report/report.pdf,2026-10-10T08:38Z,1
report13,para,ukho2026admiraltytidetab,357,docs/report/report.pdf,2026-10-10T08:38Z,1
report13,para,underwoodaj1992beyondbac,358,docs/report/report.pdf,2026-10-10T08:38Z,1
report13,para,vanschilfgaardej1963desi,358,docs/report/report.pdf,2026-10-10T08:38Z,1
report13,para,vanwillegenlwallacehcurr,358,docs/report/report.pdf,2026-10-10T08:38Z,1
report13,para,vanwillegenlwallacehcurr,358,docs/report/report.pdf,2026-10-10T08:38Z,1
report13,para,varouchakiseaandhristopu,358,docs/report/report.pdf,2026-10-10T08:38Z,1
report13,para,virtanenpgommersroliphan,358,docs/report/report.pdf,2026-10-10T08:38Z,1
report13,para,vonasmuthjrbierkensmfpan,358,docs/report/report.pdf,2026-10-10T08:38Z,1
report13,para,wardjh1963hierarchicalgr,358,docs/report/report.pdf,2026-10-10T08:38Z,1
report13,para,waskomml2021seabornstati,358,docs/report/report.pdf,2026-10-10T08:38Z,1
report13,para,williamsej1959thecompari,358,docs/report/report.pdf,2026-10-10T08:38Z,1
report13,para,wuxkochmandxuy2021unsupe,358,docs/report/report.pdf,2026-10-10T08:38Z,1
report13,para,youngpc2011recursiveesti,358,docs/report/report.pdf,2026-10-10T08:38Z,1
report13,para,yuancandyangh2019researc,358,docs/report/report.pdf,2026-10-10T08:38Z,1
report14,para,theauthorwouldliketoackn,360,docs/report/report.pdf,2026-10-10T08:38Z,1
report14,heading,Acknowledgements,360,docs/report/report.pdf,2026-10-10T08:38Z,1
report15,para,thecompletemonitoringnet,361,docs/report/report.pdf,2026-10-10T08:38Z,1
report15,heading,Data Availability,361,docs/report/report.pdf,2026-10-10T08:38Z,1
report15,heading,Data Availability and Software,361,docs/report/report.pdf,2026-10-10T08:38Z,1
report15,para,theanalyticalpipelineund,361,docs/report/report.pdf,2026-10-10T08:38Z,1
report15,para,fulldiagnosticoutputsfor,361,docs/report/report.pdf,2026-10-10T08:38Z,1
report15,para,climatedatameteorologica,361,docs/report/report.pdf,2026-10-10T08:38Z,1
report15,para,topographicdataterrainan,361,docs/report/report.pdf,2026-10-10T08:38Z,1
report15,para,groundwaterdatatheprimar,362,docs/report/report.pdf,2026-10-10T08:38Z,1
report15,para,historicmappingtheninete,362,docs/report/report.pdf,2026-10-10T08:38Z,1
report15,para,shorelinedatathemeanhigh,362,docs/report/report.pdf,2026-10-10T08:38Z,1
report15,para,methodssupplementnewboro,362,docs/report/report.pdf,2026-10-10T08:38Z,1
report16,para,thischapterliststhemathe,362,docs/report/report.pdf,2026-10-10T08:38Z,1
report16,heading,Notation,362,docs/report/report.pdf,2026-10-10T08:38Z,1
report6,para,sanddunesystemsareamongt,10,docs/report/report.pdf,2026-10-10T08:38Z,1
report6,heading,Introduction,10,docs/report/report.pdf,2026-10-10T08:38Z,1
report6,para,newboroughwarrenontheisl,10,docs/report/report.pdf,2026-10-10T08:38Z,1
report6,para,adeclineofthewatertables,10,docs/report/report.pdf,2026-10-10T08:38Z,1
report6,para,setagainstthemodernnetwo,10,docs/report/report.pdf,2026-10-10T08:38Z,1
report6,para,conservationmanagementha,10,docs/report/report.pdf,2026-10-10T08:38Z,1
report6,para,restorationofduneslackhy,11,docs/report/report.pdf,2026-10-10T08:38Z,1
report6,para,thisstudypresentssuchana,11,docs/report/report.pdf,2026-10-10T08:38Z,1
report6,para,toachievearigorouscharac,11,docs/report/report.pdf,2026-10-10T08:38Z,1
report6,heading,The Newborough Warren Analytical Architecture,11,docs/report/report.pdf,2026-10-10T08:38Z,1
report6,para,hydrogeologicalclusterin,12,docs/report/report.pdf,2026-10-10T08:38Z,1
report6,para,extendednetworkclassific,12,docs/report/report.pdf,2026-10-10T08:38Z,1
report6,para,mechanisticmodellingands,12,docs/report/report.pdf,2026-10-10T08:38Z,1
report6,para,predictivevalidationandm,12,docs/report/report.pdf,2026-10-10T08:38Z,1
report6,para,interventionanalysestheh,13,docs/report/report.pdf,2026-10-10T08:38Z,1
report6,para,dunescrapingatwotierhier,13,docs/report/report.pdf,2026-10-10T08:38Z,1
report6,para,robustnessandconfoundass,13,docs/report/report.pdf,2026-10-10T08:38Z,1
report6,para,climatetrajectoryandthre,13,docs/report/report.pdf,2026-10-10T08:38Z,1
report6,para,watertablefluctuationspe,14,docs/report/report.pdf,2026-10-10T08:38Z,1
report6,para,waterbalancedecompositio,14,docs/report/report.pdf,2026-10-10T08:38Z,1
report6,para,ecohydrologicalstateindi,14,docs/report/report.pdf,2026-10-10T08:38Z,1
report6,para,independentspatialvalida,14,docs/report/report.pdf,2026-10-10T08:38Z,1
report6,para,climateandmanagementscen,14,docs/report/report.pdf,2026-10-10T08:38Z,1
report7,para,newboroughwarrenoccupies,15,docs/report/report.pdf,2026-10-10T08:38Z,1
report7,heading,Study Site,15,docs/report/report.pdf,2026-10-10T08:38Z,1
report7,para,lateralrechargefromthero,15,docs/report/report.pdf,2026-10-10T08:38Z,1
report7,para,theaquiferdischargesprin,15,docs/report/report.pdf,2026-10-10T08:38Z,1
report7,para,thenorthern700hectaresar,15,docs/report/report.pdf,2026-10-10T08:38Z,1
report7,para,theduneslackcommunitiesa,16,docs/report/report.pdf,2026-10-10T08:38Z,1
report8,para,allanalyseswereimplement,19,docs/report/report.pdf,2026-10-10T08:38Z,1
report8,heading,Methods,19,docs/report/report.pdf,2026-10-10T08:38Z,1
report8,heading,Data Sources and Preparation,19,docs/report/report.pdf,2026-10-10T08:38Z,1
report8,para,phases111producetheanaly,19,docs/report/report.pdf,2026-10-10T08:38Z,1
report8,para,twofurtherpostreviewscri,20,docs/report/report.pdf,2026-10-10T08:38Z,1
report8,para,groundwaterleveldatawere,20,docs/report/report.pdf,2026-10-10T08:38Z,1
report8,heading,Groundwater Records,20,docs/report/report.pdf,2026-10-10T08:38Z,1
report8,para,areferencenetworkof66wel,21,docs/report/report.pdf,2026-10-10T08:38Z,1
report8,para,oneadditionalwellpdfswas,22,docs/report/report.pdf,2026-10-10T08:38Z,1
report8,para,thetemporalcompletenesso,22,docs/report/report.pdf,2026-10-10T08:38Z,1
report8,para,ceh36whichreceivedscrapi,24,docs/report/report.pdf,2026-10-10T08:38Z,1
report8,para,groundsurfaceelevationsa,24,docs/report/report.pdf,2026-10-10T08:38Z,1
report8,para,fieldreadingsaredipsfrom,25,docs/report/report.pdf,2026-10-10T08:38Z,1
report8,para,fortheclusteraveragehydr,25,docs/report/report.pdf,2026-10-10T08:38Z,1
report8,para,monthlytotalprecipitatio,25,docs/report/report.pdf,2026-10-10T08:38Z,1
report8,heading,Climate Data,25,docs/report/report.pdf,2026-10-10T08:38Z,1
report8,para,potentialevapotranspirat,26,docs/report/report.pdf,2026-10-10T08:38Z,1
report8,para,wheretismeanmonthlytempe,26,docs/report/report.pdf,2026-10-10T08:38Z,1
report8,para,wherenisthemaximumpossib,26,docs/report/report.pdf,2026-10-10T08:38Z,1
report8,para,thornthwaitesumsthetwelv,26,docs/report/report.pdf,2026-10-10T08:38Z,1
report8,para,thornthwaitepetisknownto,27,docs/report/report.pdf,2026-10-10T08:38Z,1
report8,para,acentredcumulativewaterb,27,docs/report/report.pdf,2026-10-10T08:38Z,1
report8,para,alongsidetheprecipitatio,27,docs/report/report.pdf,2026-10-10T08:38Z,1
report8,para,baselineclimatefiguresan,27,docs/report/report.pdf,2026-10-10T08:38Z,1
report8,para,tocharacterizethespatial,28,docs/report/report.pdf,2026-10-10T08:38Z,1
report8,heading,Hierarchical Clustering,28,docs/report/report.pdf,2026-10-10T08:38Z,1
report8,para,whyclusteratallapartitio,28,docs/report/report.pdf,2026-10-10T08:38Z,1
report8,para,becausetheabsoluteelevat,28,docs/report/report.pdf,2026-10-10T08:38Z,1
report8,heading,Data Pre-processing and the Pearson Correlation Distance,28,docs/report/report.pdf,2026-10-10T08:38Z,1
report8,para,synchronizedslacksr1wher,29,docs/report/report.pdf,2026-10-10T08:38Z,1
report8,para,byutilizingthepearsoncor,29,docs/report/report.pdf,2026-10-10T08:38Z,1
report8,para,thedissimilaritymatrixwa,29,docs/report/report.pdf,2026-10-10T08:38Z,1
report8,heading,Agglomeration Strategy,29,docs/report/report.pdf,2026-10-10T08:38Z,1
report8,para,whenevaluatingthepotenti,29,docs/report/report.pdf,2026-10-10T08:38Z,1
report8,para,whichsimplifiestotheobje,29,docs/report/report.pdf,2026-10-10T08:38Z,1
report8,para,wherenaandnbrepresentthe,30,docs/report/report.pdf,2026-10-10T08:38Z,1
report8,para,thisspecificalgebraicfor,30,docs/report/report.pdf,2026-10-10T08:38Z,1
report8,para,theoptimalnumberofcluste,30,docs/report/report.pdf,2026-10-10T08:38Z,1
report8,heading,Cluster Determination and Robustness Assessment,30,docs/report/report.pdf,2026-10-10T08:38Z,1
report8,para,atk5fourofthefivecluster,31,docs/report/report.pdf,2026-10-10T08:38Z,1
report8,para,thesilhouettecoefficient,31,docs/report/report.pdf,2026-10-10T08:38Z,1
report8,para,twowellsceh3andceh22were,31,docs/report/report.pdf,2026-10-10T08:38Z,1
report8,para,aconversecaseisceh11whic,31,docs/report/report.pdf,2026-10-10T08:38Z,1
report8,para,thepearsoncorrelationdis,32,docs/report/report.pdf,2026-10-10T08:38Z,1
report8,heading,Seasonal Amplitude as a Secondary Cluster Descriptor,32,docs/report/report.pdf,2026-10-10T08:38Z,1
report8,para,theprimaryamplitudemetri,32,docs/report/report.pdf,2026-10-10T08:38Z,1
report8,para,becausethepost2018window,32,docs/report/report.pdf,2026-10-10T08:38Z,1
report8,para,amplituderesultsareprese,32,docs/report/report.pdf,2026-10-10T08:38Z,1
report8,para,clusteringsilhouettevali,33,docs/report/report.pdf,2026-10-10T08:38Z,1
report8,para,whilehierarchicalcluster,33,docs/report/report.pdf,2026-10-10T08:38Z,1
report8,heading,Checking Cluster Allocation with Pearson Affinity Analysis,33,docs/report/report.pdf,2026-10-10T08:38Z,1
report8,para,thetemporalaffinityofeve,33,docs/report/report.pdf,2026-10-10T08:38Z,1
report8,heading,Cluster Membership and Affinity Scoring,33,docs/report/report.pdf,2026-10-10T08:38Z,1
report8,para,clustercentroidconstruct,33,docs/report/report.pdf,2026-10-10T08:38Z,1
report8,para,tocategorizethespatialtr,33,docs/report/report.pdf,2026-10-10T08:38Z,1
report8,heading,Classification Criteria,33,docs/report/report.pdf,2026-10-10T08:38Z,1
report8,para,corer005thewellexhibitsa,34,docs/report/report.pdf,2026-10-10T08:38Z,1
report8,para,fuzzyr005thewellexhibits,34,docs/report/report.pdf,2026-10-10T08:38Z,1
report8,para,unclassifiedthetemporalr,34,docs/report/report.pdf,2026-10-10T08:38Z,1
report8,para,ther005thresholddistingu,34,docs/report/report.pdf,2026-10-10T08:38Z,1
report8,para,afifthdiagnosticflagmult,34,docs/report/report.pdf,2026-10-10T08:38Z,1
report8,para,toextendthehydrogeologic,34,docs/report/report.pdf,2026-10-10T08:38Z,1
report8,heading,Extended Network Classification,34,docs/report/report.pdf,2026-10-10T08:38Z,1
report8,para,extendedwellswereclassif,35,docs/report/report.pdf,2026-10-10T08:38Z,1
report8,para,extensionoftheaffinitycl,35,docs/report/report.pdf,2026-10-10T08:38Z,1
report8,para,predictinghowaduneaquife,35,docs/report/report.pdf,2026-10-10T08:38Z,1
report8,heading,Using Models to derive the Aquifer Architecture,35,docs/report/report.pdf,2026-10-10T08:38Z,1
report8,para,thebaselineformulationwo,35,docs/report/report.pdf,2026-10-10T08:38Z,1
report8,para,wherehtisthechangeinwate,35,docs/report/report.pdf,2026-10-10T08:38Z,1
report8,para,wherezisthedrainagedatum,36,docs/report/report.pdf,2026-10-10T08:38Z,1
report8,para,thedrainagedatumzwassele,36,docs/report/report.pdf,2026-10-10T08:38Z,1
report8,para,arelatedquestioniswhethe,36,docs/report/report.pdf,2026-10-10T08:38Z,1
report8,para,whatthesweepprefersandwh,37,docs/report/report.pdf,2026-10-10T08:38Z,1
report8,para,noconclusionthereportdra,37,docs/report/report.pdf,2026-10-10T08:38Z,1
report8,para,choosingadrainagedatumap,38,docs/report/report.pdf,2026-10-10T08:38Z,1
report8,para,thessmformulationadopted,38,docs/report/report.pdf,2026-10-10T08:38Z,1
report8,para,thecorrespondenceisteste,39,docs/report/report.pdf,2026-10-10T08:38Z,1
report8,para,thestatespacemodeldefine,39,docs/report/report.pdf,2026-10-10T08:38Z,1
report8,heading,Modelling the Cluster water levels,39,docs/report/report.pdf,2026-10-10T08:38Z,1
report8,para,clusterscaleversusperwel,40,docs/report/report.pdf,2026-10-10T08:38Z,1
report8,para,thetradeoffrunsinbothdir,40,docs/report/report.pdf,2026-10-10T08:38Z,1
report8,para,whichformisusedwherethet,41,docs/report/report.pdf,2026-10-10T08:38Z,1
report8,para,thenointerceptformmodela,41,docs/report/report.pdf,2026-10-10T08:38Z,1
report8,para,thesplitdependsonthedatu,41,docs/report/report.pdf,2026-10-10T08:38Z,1
report8,para,adatumfixedinelevationin,41,docs/report/report.pdf,2026-10-10T08:38Z,1
report8,para,aphysicallyanchoreddatum,41,docs/report/report.pdf,2026-10-10T08:38Z,1
report8,para,theinterceptformmodelble,42,docs/report/report.pdf,2026-10-10T08:38Z,1
report8,para,1modelascarriesthedatumi,42,docs/report/report.pdf,2026-10-10T08:38Z,1
report8,para,2themeanreversiontimecan,42,docs/report/report.pdf,2026-10-10T08:38Z,1
report8,para,3theyeartoyearcorrelatio,42,docs/report/report.pdf,2026-10-10T08:38Z,1
report8,para,4outofsamplemodelbforeca,42,docs/report/report.pdf,2026-10-10T08:38Z,1
report8,para,modelbhasamatchingweakne,42,docs/report/report.pdf,2026-10-10T08:38Z,1
report8,para,thisiswhymodelbisnotused,43,docs/report/report.pdf,2026-10-10T08:38Z,1
report8,para,neitherformidentifiesthe,43,docs/report/report.pdf,2026-10-10T08:38Z,1
report8,para,physicalinterpretationof,43,docs/report/report.pdf,2026-10-10T08:38Z,1
report8,para,lumpedcatchmentstorageco,43,docs/report/report.pdf,2026-10-10T08:38Z,1
report8,para,modelconfigurationsbothm,43,docs/report/report.pdf,2026-10-10T08:38Z,1
report8,heading,State-Space vs. Traditional Linear Model Benchmark,43,docs/report/report.pdf,2026-10-10T08:38Z,1
report8,para,1traditionallinearmodelt,43,docs/report/report.pdf,2026-10-10T08:38Z,1
report8,para,2statespacemodelssmtheph,44,docs/report/report.pdf,2026-10-10T08:38Z,1
report8,para,forecastingmodesdiagnost,44,docs/report/report.pdf,2026-10-10T08:38Z,1
report8,para,onestepdiagnosticfitthem,44,docs/report/report.pdf,2026-10-10T08:38Z,1
report8,para,iterativeforecastingstab,44,docs/report/report.pdf,2026-10-10T08:38Z,1
report8,para,1performancemetricsdiagn,44,docs/report/report.pdf,2026-10-10T08:38Z,1
report8,para,thecoefficientofdetermin,44,docs/report/report.pdf,2026-10-10T08:38Z,1
report8,para,thermseismathematicallyd,44,docs/report/report.pdf,2026-10-10T08:38Z,1
report8,para,thenseismathematicallyde,44,docs/report/report.pdf,2026-10-10T08:38Z,1
report8,para,wherehobstandhsimtarethe,44,docs/report/report.pdf,2026-10-10T08:38Z,1
report8,para,2spatialdiagnosticsofsub,45,docs/report/report.pdf,2026-10-10T08:38Z,1
report8,para,andtheimprovementinitera,45,docs/report/report.pdf,2026-10-10T08:38Z,1
report8,para,wherethessmandtlmsubscri,45,docs/report/report.pdf,2026-10-10T08:38Z,1
report8,para,highrandnsezonesregionsw,45,docs/report/report.pdf,2026-10-10T08:38Z,1
report8,para,lowrandnsezonesconversel,45,docs/report/report.pdf,2026-10-10T08:38Z,1
report8,para,bymappingthesuccessorfai,46,docs/report/report.pdf,2026-10-10T08:38Z,1
report8,para,tovisualizethespatialstr,46,docs/report/report.pdf,2026-10-10T08:38Z,1
report8,heading,Spatial Coefficient Mapping,46,docs/report/report.pdf,2026-10-10T08:38Z,1
report8,para,summaryofssmfittingwindo,46,docs/report/report.pdf,2026-10-10T08:38Z,1
report8,para,totestwhetherwithinfores,46,docs/report/report.pdf,2026-10-10T08:38Z,1
report8,heading,Within-Forest Spatial Coefficient Analysis,46,docs/report/report.pdf,2026-10-10T08:38Z,1
report8,para,thestoragedrainageindexs,47,docs/report/report.pdf,2026-10-10T08:38Z,1
report8,heading,Drainage Timescales,47,docs/report/report.pdf,2026-10-10T08:38Z,1
report8,para,plottingtagainstnsedefin,48,docs/report/report.pdf,2026-10-10T08:38Z,1
report8,para,toevaluatethehydrologica,48,docs/report/report.pdf,2026-10-10T08:38Z,1
report8,heading,Anthropogenic Interventions,48,docs/report/report.pdf,2026-10-10T08:38Z,1
report8,heading,The Before-After Control-Impact (BACI) Design,48,docs/report/report.pdf,2026-10-10T08:38Z,1
report8,para,thefundamentalmechanismo,48,docs/report/report.pdf,2026-10-10T08:38Z,1
report8,para,forhighlycomplexenvironm,48,docs/report/report.pdf,2026-10-10T08:38Z,1
report8,para,generalbeforeaftercontro,48,docs/report/report.pdf,2026-10-10T08:38Z,1
report8,para,iaisthemeanwaterlevelatt,48,docs/report/report.pdf,2026-10-10T08:38Z,1
report8,para,caisthemeanwaterlevelatt,48,docs/report/report.pdf,2026-10-10T08:38Z,1
report8,para,ibandcbrepresenttherespe,49,docs/report/report.pdf,2026-10-10T08:38Z,1
report8,para,cumulativesumcusumstatis,49,docs/report/report.pdf,2026-10-10T08:38Z,1
report8,para,mathematicalframeworkthe,49,docs/report/report.pdf,2026-10-10T08:38Z,1
report8,para,interpretationofthecusum,49,docs/report/report.pdf,2026-10-10T08:38Z,1
report8,para,baselinestabilityastable,49,docs/report/report.pdf,2026-10-10T08:38Z,1
report8,para,structuralbreakdetection,49,docs/report/report.pdf,2026-10-10T08:38Z,1
report8,para,temporalverificationthee,49,docs/report/report.pdf,2026-10-10T08:38Z,1
report8,para,byaligningtheseinflectio,49,docs/report/report.pdf,2026-10-10T08:38Z,1
report8,para,whereanimpactsitehasexpe,50,docs/report/report.pdf,2026-10-10T08:38Z,1
report8,para,thisframeworkoperatesacr,50,docs/report/report.pdf,2026-10-10T08:38Z,1
report8,heading,Hierarchical Nested Control Application,50,docs/report/report.pdf,2026-10-10T08:38Z,1
report8,para,tier1backgrounddriftvali,50,docs/report/report.pdf,2026-10-10T08:38Z,1
report8,para,whereclocaltisthewaterta,50,docs/report/report.pdf,2026-10-10T08:38Z,1
report8,para,astructurallystabledrift,50,docs/report/report.pdf,2026-10-10T08:38Z,1
report8,para,tier2interventionsignali,50,docs/report/report.pdf,2026-10-10T08:38Z,1
report8,para,whereiistheimpactwellclo,50,docs/report/report.pdf,2026-10-10T08:38Z,1
report8,para,atwotierhierarchicalbaci,51,docs/report/report.pdf,2026-10-10T08:38Z,1
report8,heading,Dune Scraping Intervention Analysis,51,docs/report/report.pdf,2026-10-10T08:38Z,1
report8,para,thescrapingprogrammeexte,51,docs/report/report.pdf,2026-10-10T08:38Z,1
report8,para,becausethethreetreatment,51,docs/report/report.pdf,2026-10-10T08:38Z,1
report8,para,ceh36anditspairedcontrol,51,docs/report/report.pdf,2026-10-10T08:38Z,1
report8,para,ceh18andceh21weredecompo,51,docs/report/report.pdf,2026-10-10T08:38Z,1
report8,para,fivelimitationsofthecont,52,docs/report/report.pdf,2026-10-10T08:38Z,1
report8,para,firstthewatertableatceh4,52,docs/report/report.pdf,2026-10-10T08:38Z,1
report8,para,secondceh22experiencedac,52,docs/report/report.pdf,2026-10-10T08:38Z,1
report8,para,thirdceh18andceh21weresc,52,docs/report/report.pdf,2026-10-10T08:38Z,1
report8,para,fourththeprescrapingbase,52,docs/report/report.pdf,2026-10-10T08:38Z,1
report8,para,fifththescrapinganalysis,53,docs/report/report.pdf,2026-10-10T08:38Z,1
report8,para,1pairedcontrolbacidesign,53,docs/report/report.pdf,2026-10-10T08:38Z,1
report8,para,fouranalyticalprocedures,53,docs/report/report.pdf,2026-10-10T08:38Z,1
report8,para,pairedbaciandnetbenefite,53,docs/report/report.pdf,2026-10-10T08:38Z,1
report8,para,scrapingpropagationanaly,53,docs/report/report.pdf,2026-10-10T08:38Z,1
report8,para,summerminimaanalysisthea,54,docs/report/report.pdf,2026-10-10T08:38Z,1
report8,para,scenariocomparisontocont,54,docs/report/report.pdf,2026-10-10T08:38Z,1
report8,para,2eraspecificanalysisonth,54,docs/report/report.pdf,2026-10-10T08:38Z,1
report8,para,beyondthepereracusumandb,54,docs/report/report.pdf,2026-10-10T08:38Z,1
report8,para,firstandareestimatedbyfi,54,docs/report/report.pdf,2026-10-10T08:38Z,1
report8,para,secondforeachmanagemente,55,docs/report/report.pdf,2026-10-10T08:38Z,1
report8,para,with95confidenceinterval,55,docs/report/report.pdf,2026-10-10T08:38Z,1
report8,para,thisprocedurereducesthei,55,docs/report/report.pdf,2026-10-10T08:38Z,1
report8,para,3robustnesstriangulation,55,docs/report/report.pdf,2026-10-10T08:38Z,1
report8,para,theceh36purescrapingeras,55,docs/report/report.pdf,2026-10-10T08:38Z,1
report8,para,thefirstmethodisthepaire,55,docs/report/report.pdf,2026-10-10T08:38Z,1
report8,para,thesecondmethodisasynthe,55,docs/report/report.pdf,2026-10-10T08:38Z,1
report8,para,thethirdmethodisanssmfor,56,docs/report/report.pdf,2026-10-10T08:38Z,1
report8,para,convergencebetweenthethr,56,docs/report/report.pdf,2026-10-10T08:38Z,1
report8,para,afivetierhierarchicalbac,56,docs/report/report.pdf,2026-10-10T08:38Z,1
report8,heading,Clearfell BACI experiment,56,docs/report/report.pdf,2026-10-10T08:38Z,1
report8,para,impactwmc345mfromfelling,56,docs/report/report.pdf,2026-10-10T08:38Z,1
report8,para,edgeceh31ceh20ceh30ceh16,56,docs/report/report.pdf,2026-10-10T08:38Z,1
report8,para,forestcontrolceh32ceh34c,56,docs/report/report.pdf,2026-10-10T08:38Z,1
report8,para,coastalcontrolceh19ceh17,57,docs/report/report.pdf,2026-10-10T08:38Z,1
report8,para,climatecontrolceh9nw7nw6,57,docs/report/report.pdf,2026-10-10T08:38Z,1
report8,para,wellswithinsufficientpre,57,docs/report/report.pdf,2026-10-10T08:38Z,1
report8,para,theclearfellbaciopensits,57,docs/report/report.pdf,2026-10-10T08:38Z,1
report8,para,theseparationofcontrolsi,58,docs/report/report.pdf,2026-10-10T08:38Z,1
report8,para,theclearfelleffectisquan,58,docs/report/report.pdf,2026-10-10T08:38Z,1
report8,para,1networkstructureandanco,58,docs/report/report.pdf,2026-10-10T08:38Z,1
report8,para,thebacigapforeachtargett,58,docs/report/report.pdf,2026-10-10T08:38Z,1
report8,para,toseparatetheinterventio,58,docs/report/report.pdf,2026-10-10T08:38Z,1
report8,para,wherebistheinterceptthem,58,docs/report/report.pdf,2026-10-10T08:38Z,1
report8,para,thebacidisplacementserie,59,docs/report/report.pdf,2026-10-10T08:38Z,1
report8,para,anadditionalsteptermfort,59,docs/report/report.pdf,2026-10-10T08:38Z,1
report8,para,anonlinearextensionofthi,60,docs/report/report.pdf,2026-10-10T08:38Z,1
report8,para,thisthreecounterfactuald,60,docs/report/report.pdf,2026-10-10T08:38Z,1
report8,para,thethreecounterfactualan,60,docs/report/report.pdf,2026-10-10T08:38Z,1
report8,para,thepooledpanelmodelisasi,60,docs/report/report.pdf,2026-10-10T08:38Z,1
report8,para,thefourzonesaretheforest,61,docs/report/report.pdf,2026-10-10T08:38Z,1
report8,para,withtheforestcontrolasth,61,docs/report/report.pdf,2026-10-10T08:38Z,1
report8,para,1baselinewaterlevelcommo,61,docs/report/report.pdf,2026-10-10T08:38Z,1
report8,para,2zonedifferentialclimate,61,docs/report/report.pdf,2026-10-10T08:38Z,1
report8,para,3scrapingstepforthefores,61,docs/report/report.pdf,2026-10-10T08:38Z,1
report8,para,4additionalscrapingrespo,61,docs/report/report.pdf,2026-10-10T08:38Z,1
report8,para,5clearfellstepforthefore,61,docs/report/report.pdf,2026-10-10T08:38Z,1
report8,para,6additionalclearfellresp,61,docs/report/report.pdf,2026-10-10T08:38Z,1
report8,para,7threehousekeepingtermse,62,docs/report/report.pdf,2026-10-10T08:38Z,1
report8,para,thescrapingandfellingind,62,docs/report/report.pdf,2026-10-10T08:38Z,1
report8,para,becauseeachfellingstepis,62,docs/report/report.pdf,2026-10-10T08:38Z,1
report8,para,thesamefourzonestructure,62,docs/report/report.pdf,2026-10-10T08:38Z,1
report8,para,spatialstepchangemapping,62,docs/report/report.pdf,2026-10-10T08:38Z,1
report8,para,withinforestpositionmatc,62,docs/report/report.pdf,2026-10-10T08:38Z,1
report8,para,2summerwindowanalysisand,63,docs/report/report.pdf,2026-10-10T08:38Z,1
report8,para,theannualbacistepestimat,63,docs/report/report.pdf,2026-10-10T08:38Z,1
report8,para,asensitivityvariantofthe,63,docs/report/report.pdf,2026-10-10T08:38Z,1
report8,para,aseparateannualsummermin,63,docs/report/report.pdf,2026-10-10T08:38Z,1
report8,para,wheregapistheannualdiffe,63,docs/report/report.pdf,2026-10-10T08:38Z,1
report8,para,thedirectlyfittedsummera,64,docs/report/report.pdf,2026-10-10T08:38Z,1
report8,para,thedirectlyfittedsummerw,64,docs/report/report.pdf,2026-10-10T08:38Z,1
report8,para,3pererassmcoefficientdec,64,docs/report/report.pdf,2026-10-10T08:38Z,1
report8,para,theclearfellintervention,64,docs/report/report.pdf,2026-10-10T08:38Z,1
report8,para,botheraspecificssmsarefi,64,docs/report/report.pdf,2026-10-10T08:38Z,1
report8,para,theshiftsarereportedperw,64,docs/report/report.pdf,2026-10-10T08:38Z,1
report8,para,wherebarpafterbarpetafte,64,docs/report/report.pdf,2026-10-10T08:38Z,1
report8,para,hpredictediscomparedtoth,64,docs/report/report.pdf,2026-10-10T08:38Z,1
report8,para,twoadditionalsupplementa,65,docs/report/report.pdf,2026-10-10T08:38Z,1
report8,para,aseparatesyntheticextens,65,docs/report/report.pdf,2026-10-10T08:38Z,1
report8,para,thepererassmcoefficientd,66,docs/report/report.pdf,2026-10-10T08:38Z,1
report8,para,theclearfellancovabacist,66,docs/report/report.pdf,2026-10-10T08:38Z,1
report8,heading,"Temporal decomposition, drift-treatment robustness, and the canopy setting",66,docs/report/report.pdf,2026-10-10T08:38Z,1
report8,para,thesensitivityofthestept,66,docs/report/report.pdf,2026-10-10T08:38Z,1
report8,para,thecanopysettingofthefel,66,docs/report/report.pdf,2026-10-10T08:38Z,1
report8,para,totranslatetheobservedsp,67,docs/report/report.pdf,2026-10-10T08:38Z,1
report8,heading,Threshold Forecasting,67,docs/report/report.pdf,2026-10-10T08:38Z,1
report8,para,theclusterlevelssmcoeffi,67,docs/report/report.pdf,2026-10-10T08:38Z,1
report8,heading,Cluster-Level Mechanistic State-Space Equations,67,docs/report/report.pdf,2026-10-10T08:38Z,1
report8,para,whilethessmoperatesonaco,67,docs/report/report.pdf,2026-10-10T08:38Z,1
report8,heading,Seasonal Prediction Equations,67,docs/report/report.pdf,2026-10-10T08:38Z,1
report8,para,twoequationsarefittedfor,67,docs/report/report.pdf,2026-10-10T08:38Z,1
report8,para,thesummerpredictionequat,67,docs/report/report.pdf,2026-10-10T08:38Z,1
report8,para,wherepwinteriscumulative,67,docs/report/report.pdf,2026-10-10T08:38Z,1
report8,para,headdependentdrainagethe,68,docs/report/report.pdf,2026-10-10T08:38Z,1
report8,para,theantecedentstatetermsh,68,docs/report/report.pdf,2026-10-10T08:38Z,1
report8,para,themostoperationallysign,68,docs/report/report.pdf,2026-10-10T08:38Z,1
report8,heading,Algebraic Derivation of the Critical Rainfall Threshold (P_flood),68,docs/report/report.pdf,2026-10-10T08:38Z,1
report8,para,thisthresholdwasderivedb,68,docs/report/report.pdf,2026-10-10T08:38Z,1
report8,para,themonthlyrecurrenceequa,68,docs/report/report.pdf,2026-10-10T08:38Z,1
report8,para,lettingh1iteratingtherec,68,docs/report/report.pdf,2026-10-10T08:38Z,1
report8,para,2hnisthewaterlevelaftern,69,docs/report/report.pdf,2026-10-10T08:38Z,1
report8,para,settinghnhtargetandsolvi,69,docs/report/report.pdf,2026-10-10T08:38Z,1
report8,para,3mpistherainfallmultipli,69,docs/report/report.pdf,2026-10-10T08:38Z,1
report8,para,thecriticalrainfallthres,69,docs/report/report.pdf,2026-10-10T08:38Z,1
report8,para,4pfloodismpconvertedfrom,69,docs/report/report.pdf,2026-10-10T08:38Z,1
report8,para,thisalgebraicinversionpr,70,docs/report/report.pdf,2026-10-10T08:38Z,1
report8,para,toassessthelongtermtraje,70,docs/report/report.pdf,2026-10-10T08:38Z,1
report8,heading,Long-Term Climate Trajectory and Threshold Exceedance Analysis,70,docs/report/report.pdf,2026-10-10T08:38Z,1
report8,para,forsummerminimaordinaryl,70,docs/report/report.pdf,2026-10-10T08:38Z,1
report8,para,theuncertaintyintheproje,70,docs/report/report.pdf,2026-10-10T08:38Z,1
report8,para,forwintermaximalineartre,71,docs/report/report.pdf,2026-10-10T08:38Z,1
report8,para,criticalrainfallthreshol,71,docs/report/report.pdf,2026-10-10T08:38Z,1
report8,para,theclusterlevelthreshold,71,docs/report/report.pdf,2026-10-10T08:38Z,1
report8,heading,Spatial Distribution of Threshold Metrics,71,docs/report/report.pdf,2026-10-10T08:38Z,1
report8,para,aggregatingonaboveordnan,72,docs/report/report.pdf,2026-10-10T08:38Z,1
report8,para,totestwhethertheatmosphe,72,docs/report/report.pdf,2026-10-10T08:38Z,1
report8,heading,Characterizing Water Table Losses and Long-Term Trajectories,72,docs/report/report.pdf,2026-10-10T08:38Z,1
report8,heading,Depth-Dependent Evapotranspiration Model,72,docs/report/report.pdf,2026-10-10T08:38Z,1
report8,para,despitethestatisticalimp,72,docs/report/report.pdf,2026-10-10T08:38Z,1
report8,para,waterbalancedecompositio,73,docs/report/report.pdf,2026-10-10T08:38Z,1
report8,heading,Mean Monthly Water Balance Decomposition,73,docs/report/report.pdf,2026-10-10T08:38Z,1
report8,para,toquantifyandcomparetheh,73,docs/report/report.pdf,2026-10-10T08:38Z,1
report8,para,thedecompositionisolates,73,docs/report/report.pdf,2026-10-10T08:38Z,1
report8,para,meanmonthlyrechargewasco,73,docs/report/report.pdf,2026-10-10T08:38Z,1
report8,para,acompanionvolumetricpart,74,docs/report/report.pdf,2026-10-10T08:38Z,1
report8,para,thesecondofthosetwoestim,74,docs/report/report.pdf,2026-10-10T08:38Z,1
report8,para,tocharacterizethesubstra,75,docs/report/report.pdf,2026-10-10T08:38Z,1
report8,heading,Specific Yield Estimation: Water Table Fluctuation Method,75,docs/report/report.pdf,2026-10-10T08:38Z,1
report8,para,whereristhenetrechargere,75,docs/report/report.pdf,2026-10-10T08:38Z,1
report8,para,threecomplementaryderiva,75,docs/report/report.pdf,2026-10-10T08:38Z,1
report8,para,allthreeapproachesareapp,76,docs/report/report.pdf,2026-10-10T08:38Z,1
report8,para,fortheforestclustersc4an,76,docs/report/report.pdf,2026-10-10T08:38Z,1
report8,para,followingthesitespecific,76,docs/report/report.pdf,2026-10-10T08:38Z,1
report8,para,resultsoftheclusterlevel,76,docs/report/report.pdf,2026-10-10T08:38Z,1
report8,para,topartitioneachclusterso,77,docs/report/report.pdf,2026-10-10T08:38Z,1
report8,heading,Network-Scale Coastal-Retreat Gradient Regression,77,docs/report/report.pdf,2026-10-10T08:38Z,1
report8,para,twofunctionalformswerefi,77,docs/report/report.pdf,2026-10-10T08:38Z,1
report8,para,wheredisdistancefromthec,77,docs/report/report.pdf,2026-10-10T08:38Z,1
report8,para,theheadlinefitisthenappl,77,docs/report/report.pdf,2026-10-10T08:38Z,1
report8,para,theseasonalpredictionequ,78,docs/report/report.pdf,2026-10-10T08:38Z,1
report8,heading,Five-Year Mean Spring Water Level (MSL5) and Associated Forecasting Tools,78,docs/report/report.pdf,2026-10-10T08:38Z,1
report8,para,themsl5metricforeachwell,78,docs/report/report.pdf,2026-10-10T08:38Z,1
report8,para,thecurrelietal2013refere,78,docs/report/report.pdf,2026-10-10T08:38Z,1
report8,para,thespringmsltransferfunc,79,docs/report/report.pdf,2026-10-10T08:38Z,1
report8,para,climatescenarioprojectio,79,docs/report/report.pdf,2026-10-10T08:38Z,1
report8,para,wherespmandspetmarethese,79,docs/report/report.pdf,2026-10-10T08:38Z,1
report8,para,inwhichtheinterceptandth,79,docs/report/report.pdf,2026-10-10T08:38Z,1
report8,para,themsl5metricanditsforec,80,docs/report/report.pdf,2026-10-10T08:38Z,1
report8,para,themsl5metricofsection37,80,docs/report/report.pdf,2026-10-10T08:38Z,1
report8,heading,Equilibrium Wetness Index and Vegetation Cross-Validation,80,docs/report/report.pdf,2026-10-10T08:38Z,1
report8,para,theequilibriumwetnessind,80,docs/report/report.pdf,2026-10-10T08:38Z,1
report8,para,uncertaintyintheindexthe,81,docs/report/report.pdf,2026-10-10T08:38Z,1
report8,para,calibrationontothespring,81,docs/report/report.pdf,2026-10-10T08:38Z,1
report8,para,vegetationcrossvalidatio,81,docs/report/report.pdf,2026-10-10T08:38Z,1
report8,para,theequilibriumwetnessind,81,docs/report/report.pdf,2026-10-10T08:38Z,1
report8,para,anindependentsatellitede,81,docs/report/report.pdf,2026-10-10T08:38Z,1
report8,heading,Wet Area from Sentinel-2,81,docs/report/report.pdf,2026-10-10T08:38Z,1
report8,para,eachclasssareaisregresse,82,docs/report/report.pdf,2026-10-10T08:38Z,1
report8,para,thissubsectionpresentsth,82,docs/report/report.pdf,2026-10-10T08:38Z,1
report8,heading,Spatial Analysis,82,docs/report/report.pdf,2026-10-10T08:38Z,1
report8,heading,"Baseline Fields, Combined Drivers and Network Change",82,docs/report/report.pdf,2026-10-10T08:38Z,1
report8,para,bear1972freezeandcherry1,83,docs/report/report.pdf,2026-10-10T08:38Z,1
report8,para,thestatespacewaterbalanc,83,docs/report/report.pdf,2026-10-10T08:38Z,1
report8,para,wheretheoverbarsdenotelo,83,docs/report/report.pdf,2026-10-10T08:38Z,1
report8,para,theremainingfiguresexten,84,docs/report/report.pdf,2026-10-10T08:38Z,1
report8,para,theclearfellstepchangema,84,docs/report/report.pdf,2026-10-10T08:38Z,1
report8,para,theparametricnetstatemap,84,docs/report/report.pdf,2026-10-10T08:38Z,1
report8,para,the20052025driverchangem,85,docs/report/report.pdf,2026-10-10T08:38Z,1
report8,para,theempiricalmsl5changema,85,docs/report/report.pdf,2026-10-10T08:38Z,1
report8,para,thefourfollowingnetworkc,86,docs/report/report.pdf,2026-10-10T08:38Z,1
report8,para,thedifferentialmovementm,86,docs/report/report.pdf,2026-10-10T08:38Z,1
report8,para,theabsoluteclimateremove,87,docs/report/report.pdf,2026-10-10T08:38Z,1
report8,para,theclimateresponseenvelo,87,docs/report/report.pdf,2026-10-10T08:38Z,1
report8,para,theshortcoveragewellstha,88,docs/report/report.pdf,2026-10-10T08:38Z,1
report8,para,thetwowindowsensitivityd,88,docs/report/report.pdf,2026-10-10T08:38Z,1
report8,para,drivervalidationscript37,88,docs/report/report.pdf,2026-10-10T08:38Z,1
report8,para,comparativedriverfooting,89,docs/report/report.pdf,2026-10-10T08:38Z,1
report8,para,sixspatialfieldsvisualiz,89,docs/report/report.pdf,2026-10-10T08:38Z,1
report8,heading,Drawdown-Field visualization,89,docs/report/report.pdf,2026-10-10T08:38Z,1
report8,para,theforestdrawdownispropa,90,docs/report/report.pdf,2026-10-10T08:38Z,1
report8,para,thecoastalerosionfieldvi,90,docs/report/report.pdf,2026-10-10T08:38Z,1
report8,para,theretreatrateismeasured,90,docs/report/report.pdf,2026-10-10T08:38Z,1
report8,para,thesealevelrisefieldmode,91,docs/report/report.pdf,2026-10-10T08:38Z,1
report8,para,thenetcoastalfieldisthec,91,docs/report/report.pdf,2026-10-10T08:38Z,1
report8,para,thedunescrapedrawdownfie,91,docs/report/report.pdf,2026-10-10T08:38Z,1
report8,para,theclearfellprefellbasel,91,docs/report/report.pdf,2026-10-10T08:38Z,1
report8,para,awelllevelscenarioframew,92,docs/report/report.pdf,2026-10-10T08:38Z,1
report8,heading,Drainage Half-life Field,92,docs/report/report.pdf,2026-10-10T08:38Z,1
report8,heading,Scenario Framework and Interactive Viewer,92,docs/report/report.pdf,2026-10-10T08:38Z,1
report8,para,wherepeffappliesthecanop,92,docs/report/report.pdf,2026-10-10T08:38Z,1
report8,para,underbroadleafconversion,92,docs/report/report.pdf,2026-10-10T08:38Z,1
report8,para,thehdisptermisidenticali,93,docs/report/report.pdf,2026-10-10T08:38Z,1
report8,para,sixscenarioswereevaluate,93,docs/report/report.pdf,2026-10-10T08:38Z,1
report8,para,theperwellhfieldwasinter,93,docs/report/report.pdf,2026-10-10T08:38Z,1
report8,para,theaccompanyinginteracti,93,docs/report/report.pdf,2026-10-10T08:38Z,1
report8,para,atwodimensionalsteadysta,94,docs/report/report.pdf,2026-10-10T08:38Z,1
report8,para,theformsolvesdirectlyfor,94,docs/report/report.pdf,2026-10-10T08:38Z,1
report8,para,allscenariooutputsarepro,94,docs/report/report.pdf,2026-10-10T08:38Z,1
report8,para,thespatialgroundwaterana,94,docs/report/report.pdf,2026-10-10T08:38Z,1
report8,para,alldatapreprocessingstat,94,docs/report/report.pdf,2026-10-10T08:38Z,1
report8,heading,Computational Implementation,94,docs/report/report.pdf,2026-10-10T08:38Z,1
report8,heading,Data Pre-processing and Time-Series Management,94,docs/report/report.pdf,2026-10-10T08:38Z,1
report8,para,datapreparationincluding,94,docs/report/report.pdf,2026-10-10T08:38Z,1
report8,para,thecoreparameterizationo,95,docs/report/report.pdf,2026-10-10T08:38Z,1
report8,heading,Statistical and Predictive Modelling,95,docs/report/report.pdf,2026-10-10T08:38Z,1
report8,para,statespacemodelfittingan,95,docs/report/report.pdf,2026-10-10T08:38Z,1
report8,para,theintegrationofthetopog,95,docs/report/report.pdf,2026-10-10T08:38Z,1
report8,heading,Geospatial Processing and Cartographic Visualization,95,docs/report/report.pdf,2026-10-10T08:38Z,1
report8,para,thehighresolutiondigital,95,docs/report/report.pdf,2026-10-10T08:38Z,1
report8,para,spatialcoefficientmappin,95,docs/report/report.pdf,2026-10-10T08:38Z,1
report8,para,adeliberateobjectiveofth,95,docs/report/report.pdf,2026-10-10T08:38Z,1
report8,heading,Data requirements and Replicability,95,docs/report/report.pdf,2026-10-10T08:38Z,1
report8,para,theanalyticalframeworkpr,96,docs/report/report.pdf,2026-10-10T08:38Z,1
report9,para,therafvalleyclimatestati,97,docs/report/report.pdf,2026-10-10T08:38Z,1
report9,heading,Results,97,docs/report/report.pdf,2026-10-10T08:38Z,1
report9,heading,Climate and Well Network Characterization,97,docs/report/report.pdf,2026-10-10T08:38Z,1
report9,heading,Climate Record,97,docs/report/report.pdf,2026-10-10T08:38Z,1
report9,para,petshowsstrongseasonalit,97,docs/report/report.pdf,2026-10-10T08:38Z,1
report9,para,thelevelledcumulativewat,97,docs/report/report.pdf,2026-10-10T08:38Z,1
report9,para,meanmonthlyrainfallpeaks,97,docs/report/report.pdf,2026-10-10T08:38Z,1
report9,para,yearannualpmmannualpetmm,99,docs/report/report.pdf,2026-10-10T08:38Z,1
report9,para,annualclimatesummaryforr,99,docs/report/report.pdf,2026-10-10T08:38Z,1
report9,para,therafvalleyrecordalsosh,100,docs/report/report.pdf,2026-10-10T08:38Z,1
report9,para,the66wellreferencenetwor,100,docs/report/report.pdf,2026-10-10T08:38Z,1
report9,heading,Well Network,100,docs/report/report.pdf,2026-10-10T08:38Z,1
report9,para,setagainstthesd15bsd16co,101,docs/report/report.pdf,2026-10-10T08:38Z,1
report9,para,theclusteringanalysissec,102,docs/report/report.pdf,2026-10-10T08:38Z,1
report9,heading,Network Clustering and Spatial Architecture,102,docs/report/report.pdf,2026-10-10T08:38Z,1
report9,para,thetopmergeofthedendrogr,102,docs/report/report.pdf,2026-10-10T08:38Z,1
report9,para,thefiveclusteraveragehyd,104,docs/report/report.pdf,2026-10-10T08:38Z,1
report9,heading,Cluster Hydrographs and Seasonal Amplitudes,104,docs/report/report.pdf,2026-10-10T08:38Z,1
report9,para,thenetworkmeanwatertable,104,docs/report/report.pdf,2026-10-10T08:38Z,1
report9,para,separatingthereferencewe,105,docs/report/report.pdf,2026-10-10T08:38Z,1
report9,para,perwellseasonalamplitude,107,docs/report/report.pdf,2026-10-10T08:38Z,1
report9,para,c1lakeedge70831002015c2d,107,docs/report/report.pdf,2026-10-10T08:38Z,1
report9,para,negativevaluesindicateam,107,docs/report/report.pdf,2026-10-10T08:38Z,1
report9,para,threepatternsemergefirst,107,docs/report/report.pdf,2026-10-10T08:38Z,1
report9,para,theamplitudeanalysisshow,107,docs/report/report.pdf,2026-10-10T08:38Z,1
report9,para,thefiveclustersarecharac,107,docs/report/report.pdf,2026-10-10T08:38Z,1
report9,heading,Cluster Mechanistic Characterization,107,docs/report/report.pdf,2026-10-10T08:38Z,1
report9,para,therechargesensitivityco,108,docs/report/report.pdf,2026-10-10T08:38Z,1
report9,para,thec1clustermeancoeffici,108,docs/report/report.pdf,2026-10-10T08:38Z,1
report9,para,anextendedformofthestate,109,docs/report/report.pdf,2026-10-10T08:38Z,1
report9,para,theelevatedc4atmospheric,109,docs/report/report.pdf,2026-10-10T08:38Z,1
report9,para,theidentifiabilityofthec,109,docs/report/report.pdf,2026-10-10T08:38Z,1
report9,para,clustermechanisticcharac,110,docs/report/report.pdf,2026-10-10T08:38Z,1
report9,para,c1lakeedge74267623704001,110,docs/report/report.pdf,2026-10-10T08:38Z,1
report9,heading,Recharge and Losses: A Cluster-Level Water Balance,110,docs/report/report.pdf,2026-10-10T08:38Z,1
report9,para,withinclusterrangeofthep,110,docs/report/report.pdf,2026-10-10T08:38Z,1
report9,para,waterbalancedecompositio,111,docs/report/report.pdf,2026-10-10T08:38Z,1
report9,para,rechargeintothewatertabl,111,docs/report/report.pdf,2026-10-10T08:38Z,1
report9,para,meanmonthlyheadspacewate,111,docs/report/report.pdf,2026-10-10T08:38Z,1
report9,para,theheadspacedecompositio,111,docs/report/report.pdf,2026-10-10T08:38Z,1
report9,para,seasonalrecessionpartiti,112,docs/report/report.pdf,2026-10-10T08:38Z,1
report9,para,anindicativevolumetricex,112,docs/report/report.pdf,2026-10-10T08:38Z,1
report9,para,clusterlabelpipnetetmidd,113,docs/report/report.pdf,2026-10-10T08:38Z,1
report9,para,indicativeannualvolumetr,113,docs/report/report.pdf,2026-10-10T08:38Z,1
report9,para,waterbalancedecompositio,114,docs/report/report.pdf,2026-10-10T08:38Z,2
report9,para,wtfeventbasedmediansyest,116,docs/report/report.pdf,2026-10-10T08:38Z,1
report9,heading,Specific Yield Estimation,116,docs/report/report.pdf,2026-10-10T08:38Z,1
report9,para,distributionofeventlevel,117,docs/report/report.pdf,2026-10-10T08:38Z,1
report9,para,anindependentcrosschecko,117,docs/report/report.pdf,2026-10-10T08:38Z,1
report9,para,athirdindependentwtfesti,117,docs/report/report.pdf,2026-10-10T08:38Z,1
report9,para,individualwellsyvaluesun,118,docs/report/report.pdf,2026-10-10T08:38Z,1
report9,para,c1lakeedge00802105803524,119,docs/report/report.pdf,2026-10-10T08:38Z,1
report9,para,specificyieldsyestimates,119,docs/report/report.pdf,2026-10-10T08:38Z,1
report9,para,individualwellwtfsyestim,119,docs/report/report.pdf,2026-10-10T08:38Z,1
report9,para,ofthe66wellsinthereferen,121,docs/report/report.pdf,2026-10-10T08:38Z,1
report9,heading,Checking the Clusters: Pearson Affinity Analysis,121,docs/report/report.pdf,2026-10-10T08:38Z,1
report9,para,classificationconfidence,121,docs/report/report.pdf,2026-10-10T08:38Z,1
report9,para,theextendednetworkanalys,121,docs/report/report.pdf,2026-10-10T08:38Z,1
report9,para,withintheextendednetwork,121,docs/report/report.pdf,2026-10-10T08:38Z,1
report9,para,threefurthercheckstestth,124,docs/report/report.pdf,2026-10-10T08:38Z,1
report9,para,thesecondexaminesthevari,125,docs/report/report.pdf,2026-10-10T08:38Z,1
report9,para,thethirdaskswhetherthepa,125,docs/report/report.pdf,2026-10-10T08:38Z,1
report9,para,thessmwascomparedtoatlma,126,docs/report/report.pdf,2026-10-10T08:38Z,1
report9,heading,Model Benchmarking: State-Space Model Comparison with Traditional Linear Models,126,docs/report/report.pdf,2026-10-10T08:38Z,1
report9,para,thedepthdependentpetgrid,126,docs/report/report.pdf,2026-10-10T08:38Z,1
report9,para,dualmodelperformancecomp,127,docs/report/report.pdf,2026-10-10T08:38Z,1
report9,para,metrictlmssmimprovementm,127,docs/report/report.pdf,2026-10-10T08:38Z,1
report9,para,modelbenchmarkingsummary,127,docs/report/report.pdf,2026-10-10T08:38Z,1
report9,para,ssmgainovertlmacrossall6,129,docs/report/report.pdf,2026-10-10T08:38Z,1
report9,para,threedipwellswithinthedu,129,docs/report/report.pdf,2026-10-10T08:38Z,1
report9,heading,Dune Scraping Intervention Analysis,129,docs/report/report.pdf,2026-10-10T08:38Z,1
report9,heading,Background Environmental Drift,129,docs/report/report.pdf,2026-10-10T08:38Z,1
report9,para,ceh4sitsontheerodingcoas,130,docs/report/report.pdf,2026-10-10T08:38Z,1
report9,para,inthiscontexttier2paired,131,docs/report/report.pdf,2026-10-10T08:38Z,1
report9,heading,Paired BACI and Robustness,131,docs/report/report.pdf,2026-10-10T08:38Z,1
report9,para,aftertier1correctionforb,131,docs/report/report.pdf,2026-10-10T08:38Z,1
report9,para,theannualsummerminimumre,131,docs/report/report.pdf,2026-10-10T08:38Z,1
report9,para,eraspecificestimatesshow,134,docs/report/report.pdf,2026-10-10T08:38Z,1
report9,heading,Drainage Coefficient Response,134,docs/report/report.pdf,2026-10-10T08:38Z,1
report9,para,wellroleera95cipvaluesig,134,docs/report/report.pdf,2026-10-10T08:38Z,1
report9,para,eraspecificstoragedecayc,134,docs/report/report.pdf,2026-10-10T08:38Z,1
report9,para,theannualsummerminimumde,135,docs/report/report.pdf,2026-10-10T08:38Z,1
report9,heading,Summer Minima,135,docs/report/report.pdf,2026-10-10T08:38Z,1
report9,para,thepairedbacisummerminim,136,docs/report/report.pdf,2026-10-10T08:38Z,1
report9,para,thesamepairedcomparisono,137,docs/report/report.pdf,2026-10-10T08:38Z,1
report9,para,summerminimaanalysisfort,138,docs/report/report.pdf,2026-10-10T08:38Z,1
report9,para,pairedbacisummerminimuma,139,docs/report/report.pdf,2026-10-10T08:38Z,1
report9,para,climatecorrectedanomalyt,140,docs/report/report.pdf,2026-10-10T08:38Z,1
report9,para,asupplementaryanalysiste,140,docs/report/report.pdf,2026-10-10T08:38Z,1
report9,heading,Scraping Propagation into the Surrounding Aquifer,140,docs/report/report.pdf,2026-10-10T08:38Z,1
report9,para,theuphillwellstraversepr,140,docs/report/report.pdf,2026-10-10T08:38Z,1
report9,para,theaquiferdiffusivitytim,140,docs/report/report.pdf,2026-10-10T08:38Z,1
report9,para,tocontextualizetheobserv,142,docs/report/report.pdf,2026-10-10T08:38Z,2
report9,heading,Scenario Contextualization,142,docs/report/report.pdf,2026-10-10T08:38Z,2
report9,para,scenariocomparisonatceh3,143,docs/report/report.pdf,2026-10-10T08:38Z,1
report9,para,scenariocomparisonatceh3,144,docs/report/report.pdf,2026-10-10T08:38Z,1
report9,para,threefeaturesofthemonito,145,docs/report/report.pdf,2026-10-10T08:38Z,1
report9,heading,The December 2017 Experimental Clearfell: Monitoring and Retrospective Analysis,145,docs/report/report.pdf,2026-10-10T08:38Z,1
report9,heading,Interpretive Context,145,docs/report/report.pdf,2026-10-10T08:38Z,1
report9,para,thecwbclearfellinteracti,145,docs/report/report.pdf,2026-10-10T08:38Z,1
report9,heading,Climate Sensitivity,145,docs/report/report.pdf,2026-10-10T08:38Z,1
report9,para,anonlinearextensionofthe,145,docs/report/report.pdf,2026-10-10T08:38Z,1
report9,para,thisisreportedasaprelimi,146,docs/report/report.pdf,2026-10-10T08:38Z,1
report9,para,theclimatecontrolmodelsw,146,docs/report/report.pdf,2026-10-10T08:38Z,1
report9,para,climatesensitivitycumula,146,docs/report/report.pdf,2026-10-10T08:38Z,1
report9,para,theancovabacimodelsectio,146,docs/report/report.pdf,2026-10-10T08:38Z,1
report9,heading,ANCOVA-BACI Results,146,docs/report/report.pdf,2026-10-10T08:38Z,1
report9,para,forestimpact010800210237,147,docs/report/report.pdf,2026-10-10T08:38Z,1
report9,para,threecounterfactualancov,147,docs/report/report.pdf,2026-10-10T08:38Z,1
report9,para,againsttheforestcontrolt,147,docs/report/report.pdf,2026-10-10T08:38Z,1
report9,para,thescrapingcovariatewass,147,docs/report/report.pdf,2026-10-10T08:38Z,1
report9,para,therawbeforeandafterevid,148,docs/report/report.pdf,2026-10-10T08:38Z,1
report9,para,thecoastaldriftcovariate,151,docs/report/report.pdf,2026-10-10T08:38Z,1
report9,para,thecoastaldrifttermfitte,151,docs/report/report.pdf,2026-10-10T08:38Z,1
report9,para,fourzonepooledpanelcross,151,docs/report/report.pdf,2026-10-10T08:38Z,2
report9,para,thejointfitreturnsthreep,152,docs/report/report.pdf,2026-10-10T08:38Z,1
report9,para,theimpactedgedifferenceo,152,docs/report/report.pdf,2026-10-10T08:38Z,1
report9,para,theannualsummerminimumde,152,docs/report/report.pdf,2026-10-10T08:38Z,1
report9,heading,Summer Minima,152,docs/report/report.pdf,2026-10-10T08:38Z,1
report9,para,perwellsummerminimumshif,152,docs/report/report.pdf,2026-10-10T08:38Z,1
report9,para,wmc3impactforest67012701,153,docs/report/report.pdf,2026-10-10T08:38Z,1
report9,para,perwellprevspostfellings,153,docs/report/report.pdf,2026-10-10T08:38Z,1
report9,para,pooledmixedeffectsmodela,153,docs/report/report.pdf,2026-10-10T08:38Z,1
report9,para,forestimpactolssinglewel,153,docs/report/report.pdf,2026-10-10T08:38Z,1
report9,para,mixedeffectsmodelresults,153,docs/report/report.pdf,2026-10-10T08:38Z,1
report9,para,directlyfittedjunsepanco,153,docs/report/report.pdf,2026-10-10T08:38Z,1
report9,para,distributionalcomparison,154,docs/report/report.pdf,2026-10-10T08:38Z,1
report9,para,fourzonepooledpanelcross,154,docs/report/report.pdf,2026-10-10T08:38Z,1
report9,para,thefoursummerwindowanaly,154,docs/report/report.pdf,2026-10-10T08:38Z,1
report9,para,fiveyearmeanspringwaterl,154,docs/report/report.pdf,2026-10-10T08:38Z,1
report9,para,summerminimumdepthdistri,156,docs/report/report.pdf,2026-10-10T08:38Z,1
report9,para,climatecorrectedstepchan,156,docs/report/report.pdf,2026-10-10T08:38Z,1
report9,heading,Spatial Step-Change Maps,156,docs/report/report.pdf,2026-10-10T08:38Z,1
report9,para,thessmwasfittedindepende,157,docs/report/report.pdf,2026-10-10T08:38Z,1
report9,heading,Coefficient Decomposition,157,docs/report/report.pdf,2026-10-10T08:38Z,1
report9,para,rechargedeclinedatmostwe,157,docs/report/report.pdf,2026-10-10T08:38Z,1
report9,para,atmosphericdrawincreased,158,docs/report/report.pdf,2026-10-10T08:38Z,1
report9,para,drainageshiftsweresmalla,158,docs/report/report.pdf,2026-10-10T08:38Z,1
report9,para,individualwellsdepartedf,158,docs/report/report.pdf,2026-10-10T08:38Z,1
report9,para,thedecompositiontherefor,158,docs/report/report.pdf,2026-10-10T08:38Z,1
report9,para,beforeandafterclearfells,160,docs/report/report.pdf,2026-10-10T08:38Z,1
report9,para,welltierbeforeafterbefor,161,docs/report/report.pdf,2026-10-10T08:38Z,1
report9,para,beforeandafterclearfells,161,docs/report/report.pdf,2026-10-10T08:38Z,1
report9,para,fourmethodswereappliedto,161,docs/report/report.pdf,2026-10-10T08:38Z,1
report9,heading,Robustness,161,docs/report/report.pdf,2026-10-10T08:38Z,1
report9,para,ssmresidualnormalization,161,docs/report/report.pdf,2026-10-10T08:38Z,1
report9,para,syntheticcontrolasynthet,162,docs/report/report.pdf,2026-10-10T08:38Z,1
report9,para,clearfelltransectstepcha,162,docs/report/report.pdf,2026-10-10T08:38Z,1
report9,para,syntheticfewellextension,162,docs/report/report.pdf,2026-10-10T08:38Z,1
report9,para,theforestcontrolclearfel,163,docs/report/report.pdf,2026-10-10T08:38Z,1
report9,heading,Temporal decay of the clearfell step and the canopy setting,163,docs/report/report.pdf,2026-10-10T08:38Z,1
report9,para,thestepisrobusttothecomp,164,docs/report/report.pdf,2026-10-10T08:38Z,1
report9,para,thecanopytrajectoriesgiv,164,docs/report/report.pdf,2026-10-10T08:38Z,1
report9,para,theclusterlevelstatespac,166,docs/report/report.pdf,2026-10-10T08:38Z,1
report9,heading,Critical Rainfall Threshold Forecasting: Predicting Winter Flooding and Summer Droughts,166,docs/report/report.pdf,2026-10-10T08:38Z,1
report9,heading,Mechanistic State-Space Equations,166,docs/report/report.pdf,2026-10-10T08:38Z,1
report9,para,thepredictionequationswe,166,docs/report/report.pdf,2026-10-10T08:38Z,1
report9,heading,Seasonal Prediction Equations,166,docs/report/report.pdf,2026-10-10T08:38Z,1
report9,para,intheeasternblockwinterr,166,docs/report/report.pdf,2026-10-10T08:38Z,1
report9,para,intheforestclustersthepa,166,docs/report/report.pdf,2026-10-10T08:38Z,1
report9,para,twoindividualcoefficient,166,docs/report/report.pdf,2026-10-10T08:38Z,1
report9,para,blockequationrnppwinterp,167,docs/report/report.pdf,2026-10-10T08:38Z,1
report9,para,winterpeakpredictionequa,167,docs/report/report.pdf,2026-10-10T08:38Z,1
report9,para,thesummerdroughtpredicti,167,docs/report/report.pdf,2026-10-10T08:38Z,1
report9,heading,Summer Drought Prediction Equations,167,docs/report/report.pdf,2026-10-10T08:38Z,1
report9,para,blockequationrppsummerph,167,docs/report/report.pdf,2026-10-10T08:38Z,1
report9,para,summerdroughtpredictione,167,docs/report/report.pdf,2026-10-10T08:38Z,1
report9,para,applicationoftheclusterl,168,docs/report/report.pdf,2026-10-10T08:38Z,1
report9,heading,Spatial Distribution of P_flood and Flooding Status Across the Well Network,168,docs/report/report.pdf,2026-10-10T08:38Z,1
report9,para,thesummerminimumdepthmap,168,docs/report/report.pdf,2026-10-10T08:38Z,1
report9,para,thepfloodmapfigure41quan,168,docs/report/report.pdf,2026-10-10T08:38Z,1
report9,para,c1lakeedge9423574434109c,169,docs/report/report.pdf,2026-10-10T08:38Z,1
report9,para,perclusterpfloodsummarya,169,docs/report/report.pdf,2026-10-10T08:38Z,1
report9,para,thewintermaximumdepthmap,169,docs/report/report.pdf,2026-10-10T08:38Z,1
report9,para,spatialdistributionofmea,170,docs/report/report.pdf,2026-10-10T08:38Z,1
report9,para,onthesebandstheeasternbl,172,docs/report/report.pdf,2026-10-10T08:38Z,1
report9,para,spatialdistributionofmea,173,docs/report/report.pdf,2026-10-10T08:38Z,1
report9,para,thestructuraldifferenceb,174,docs/report/report.pdf,2026-10-10T08:38Z,1
report9,heading,Critical Rainfall Threshold Equations (P_flood),174,docs/report/report.pdf,2026-10-10T08:38Z,1
report9,para,theiteratedderivationred,175,docs/report/report.pdf,2026-10-10T08:38Z,1
report9,para,asaworkedexampleatatypic,175,docs/report/report.pdf,2026-10-10T08:38Z,1
report9,para,clusterlabelhorizonpfloo,176,docs/report/report.pdf,2026-10-10T08:38Z,1
report9,para,clusterspecificlinearfor,176,docs/report/report.pdf,2026-10-10T08:38Z,1
report9,para,thespatialdistributionof,176,docs/report/report.pdf,2026-10-10T08:38Z,1
report9,heading,Climate Trajectory and Threshold Exceedance,176,docs/report/report.pdf,2026-10-10T08:38Z,1
report9,para,summerminimumtrendsweref,176,docs/report/report.pdf,2026-10-10T08:38Z,1
report9,heading,Summer and Winter Trajectories,176,docs/report/report.pdf,2026-10-10T08:38Z,1
report9,para,abootstrapofthec1summerm,176,docs/report/report.pdf,2026-10-10T08:38Z,1
report9,para,thesetrendsarereflectedi,177,docs/report/report.pdf,2026-10-10T08:38Z,1
report9,para,wintermaximumtrendsweref,177,docs/report/report.pdf,2026-10-10T08:38Z,1
report9,para,thec5coastalforesttrajec,177,docs/report/report.pdf,2026-10-10T08:38Z,1
report9,para,thepost2018collapseinc5s,177,docs/report/report.pdf,2026-10-10T08:38Z,1
report9,para,theobservedwinterfloodin,177,docs/report/report.pdf,2026-10-10T08:38Z,1
report9,heading,Observed Winter Maximum Flooding Record,177,docs/report/report.pdf,2026-10-10T08:38Z,1
report9,para,theclusterlevelsummermin,178,docs/report/report.pdf,2026-10-10T08:38Z,1
report9,heading,Five-Year Mean Spring Water Level (MSL5),178,docs/report/report.pdf,2026-10-10T08:38Z,1
report9,para,theclustermeanmsl5trajec,178,docs/report/report.pdf,2026-10-10T08:38Z,1
report9,para,onthequantitythereferenc,178,docs/report/report.pdf,2026-10-10T08:38Z,1
report9,para,twothingsqualifyitfirsta,178,docs/report/report.pdf,2026-10-10T08:38Z,1
report9,para,msl5orderstheclustersast,179,docs/report/report.pdf,2026-10-10T08:38Z,1
report9,para,theforestclusterssitapar,179,docs/report/report.pdf,2026-10-10T08:38Z,1
report9,para,thespatialpatternofthems,179,docs/report/report.pdf,2026-10-10T08:38Z,1
report9,para,themostrecentwindowendsc,179,docs/report/report.pdf,2026-10-10T08:38Z,1
report9,para,themsl5metricrequiresafi,180,docs/report/report.pdf,2026-10-10T08:38Z,1
report9,para,theheadlinereadingoffigu,180,docs/report/report.pdf,2026-10-10T08:38Z,1
report9,para,clustermeanfouryearmeana,181,docs/report/report.pdf,2026-10-10T08:38Z,1
report9,para,clustermeanfiveyearmeans,182,docs/report/report.pdf,2026-10-10T08:38Z,1
report9,para,climatetrajectoryandthre,184,docs/report/report.pdf,2026-10-10T08:38Z,1
report9,para,msl5section483definedsec,186,docs/report/report.pdf,2026-10-10T08:38Z,1
report9,heading,Equilibrium Wetness Index and Vegetation Cross-Validation,186,docs/report/report.pdf,2026-10-10T08:38Z,1
report9,para,thestatespacecoefficient,313,docs/report/report.pdf,2026-10-10T08:38Z,2
report9,para,msl5equilibriumwetnessin,187,docs/report/report.pdf,2026-10-10T08:38Z,1
report9,para,betweenwellpredictionofm,187,docs/report/report.pdf,2026-10-10T08:38Z,1
report9,para,matchbandabsoluteerrorel,187,docs/report/report.pdf,2026-10-10T08:38Z,1
report9,para,ellenbergfpredictionaccu,187,docs/report/report.pdf,2026-10-10T08:38Z,1
report9,para,beyondpredictingvegetati,187,docs/report/report.pdf,2026-10-10T08:38Z,1
report9,para,thetwoindicesdifferinwha,188,docs/report/report.pdf,2026-10-10T08:38Z,1
report9,para,theequilibriumindexisthe,188,docs/report/report.pdf,2026-10-10T08:38Z,1
report9,para,thevegetationcrossvalida,189,docs/report/report.pdf,2026-10-10T08:38Z,1
report9,heading,Slack-floor wet area: an independent spatial check on the modelled water table,189,docs/report/report.pdf,2026-10-10T08:38Z,1
report9,para,closedcanopyisexcludedfr,189,docs/report/report.pdf,2026-10-10T08:38Z,1
report9,para,acrossthe43sceneseachcla,189,docs/report/report.pdf,2026-10-10T08:38Z,1
report9,para,thattestiswhetherthemode,189,docs/report/report.pdf,2026-10-10T08:38Z,1
report9,para,thisisthereportsonlyspat,190,docs/report/report.pdf,2026-10-10T08:38Z,1
report9,para,thesamescenestackreadcel,190,docs/report/report.pdf,2026-10-10T08:38Z,1
report9,para,readtheotherwaytheswitch,194,docs/report/report.pdf,2026-10-10T08:38Z,1
report9,para,sentinel2switchinglevels,195,docs/report/report.pdf,2026-10-10T08:38Z,1
report9,para,theperwellssmreparametri,195,docs/report/report.pdf,2026-10-10T08:38Z,1
report9,heading,Spatial Groundwater Analysis,195,docs/report/report.pdf,2026-10-10T08:38Z,1
report9,para,perwelldrainagedatumopti,196,docs/report/report.pdf,2026-10-10T08:38Z,1
report9,heading,Datum Sensitivity,196,docs/report/report.pdf,2026-10-10T08:38Z,1
report9,para,perwellssmcoefficientsin,196,docs/report/report.pdf,2026-10-10T08:38Z,1
report9,para,thermapfigure54ashowseac,198,docs/report/report.pdf,2026-10-10T08:38Z,1
report9,heading,Spatial Coefficient Structure,198,docs/report/report.pdf,2026-10-10T08:38Z,1
report9,para,thethreecoefficientsurfa,199,docs/report/report.pdf,2026-10-10T08:38Z,1
report9,para,withinthec3westernresidu,199,docs/report/report.pdf,2026-10-10T08:38Z,1
report9,para,thecombinedpictureisofan,199,docs/report/report.pdf,2026-10-10T08:38Z,1
report9,para,thedrainagedecayhalflife,202,docs/report/report.pdf,2026-10-10T08:38Z,1
report9,heading,Drainage Decay Half-Life,202,docs/report/report.pdf,2026-10-10T08:38Z,1
report9,para,themodelbenchmarkingdiag,202,docs/report/report.pdf,2026-10-10T08:38Z,1
report9,para,thespatialcoefficientatl,204,docs/report/report.pdf,2026-10-10T08:38Z,1
report9,heading,Per-Well Forest Zone Analysis,204,docs/report/report.pdf,2026-10-10T08:38Z,1
report9,para,elevationisoverwhelmingl,204,docs/report/report.pdf,2026-10-10T08:38Z,1
report9,para,c4andc5formtwoclearlydis,204,docs/report/report.pdf,2026-10-10T08:38Z,1
report9,para,twoindividualwellsmeritc,204,docs/report/report.pdf,2026-10-10T08:38Z,1
report9,para,coefficientvselevationrp,205,docs/report/report.pdf,2026-10-10T08:38Z,1
report9,para,perwellspatialpredictors,205,docs/report/report.pdf,2026-10-10T08:38Z,1
report9,para,theperwellanalysisplaces,205,docs/report/report.pdf,2026-10-10T08:38Z,1
report9,para,thewatertablewaskrigedfr,205,docs/report/report.pdf,2026-10-10T08:38Z,1
report9,heading,Mean Water Table Surface and Groundwater Flow Direction,205,docs/report/report.pdf,2026-10-10T08:38Z,1
report9,para,thetransectsfigure58cutt,205,docs/report/report.pdf,2026-10-10T08:38Z,1
report9,para,thewatertableofnewboroug,206,docs/report/report.pdf,2026-10-10T08:38Z,1
report9,para,howcloselythewatertablef,206,docs/report/report.pdf,2026-10-10T08:38Z,1
report9,para,watertabletransectsacros,208,docs/report/report.pdf,2026-10-10T08:38Z,1
report9,para,thessmwaterbalanceresidu,209,docs/report/report.pdf,2026-10-10T08:38Z,1
report9,heading,Water Balance Residual Field,209,docs/report/report.pdf,2026-10-10T08:38Z,1
report9,para,grossratherthanintercept,209,docs/report/report.pdf,2026-10-10T08:38Z,1
report9,para,positivevaluesindicatelo,209,docs/report/report.pdf,2026-10-10T08:38Z,1
report9,para,nowellexceeds002mmonthan,209,docs/report/report.pdf,2026-10-10T08:38Z,1
report9,para,theresidualfieldisreadin,209,docs/report/report.pdf,2026-10-10T08:38Z,1
report9,para,ssmwaterbalanceresiduala,210,docs/report/report.pdf,2026-10-10T08:38Z,1
report9,para,thespatialanalysisofsect,210,docs/report/report.pdf,2026-10-10T08:38Z,1
report9,heading,Coastal erosion and the cross-shore section,210,docs/report/report.pdf,2026-10-10T08:38Z,1
report9,para,everyquantityinthissecti,211,docs/report/report.pdf,2026-10-10T08:38Z,1
report9,heading,The cross-shore coordinate and what it replaces,211,docs/report/report.pdf,2026-10-10T08:38Z,1
report9,para,thatrestrictionisthesubs,211,docs/report/report.pdf,2026-10-10T08:38Z,1
report9,para,thecoordinatereplaceseas,211,docs/report/report.pdf,2026-10-10T08:38Z,1
report9,para,thethirdcandidatemechani,211,docs/report/report.pdf,2026-10-10T08:38Z,1
report9,heading,Network-scale partition of the summer-minimum decline,211,docs/report/report.pdf,2026-10-10T08:38Z,1
report9,para,appliedtoc5sfourwellseac,212,docs/report/report.pdf,2026-10-10T08:38Z,1
report9,para,c1lakeedge71819m10972650,213,docs/report/report.pdf,2026-10-10T08:38Z,1
report9,para,perclusterdecompositiono,213,docs/report/report.pdf,2026-10-10T08:38Z,1
report9,para,thedecaymodelcarriesathi,214,docs/report/report.pdf,2026-10-10T08:38Z,1
report9,heading,What the fit cannot resolve: the far-field level,214,docs/report/report.pdf,2026-10-10T08:38Z,1
report9,para,theconstantisseparatelyi,215,docs/report/report.pdf,2026-10-10T08:38Z,1
report9,para,theconstantandtheclimate,215,docs/report/report.pdf,2026-10-10T08:38Z,1
report9,para,nofarfieldrateistherefor,215,docs/report/report.pdf,2026-10-10T08:38Z,1
report9,para,overthewellrecordpotenti,215,docs/report/report.pdf,2026-10-10T08:38Z,1
report9,para,whatdoesnotchangeistheba,215,docs/report/report.pdf,2026-10-10T08:38Z,1
report9,para,therollingwindowoutputsh,216,docs/report/report.pdf,2026-10-10T08:38Z,1
report9,para,theofthepanelregressiona,218,docs/report/report.pdf,2026-10-10T08:38Z,1
report9,heading,Independent transect estimate of the coastal drawdown rate,218,docs/report/report.pdf,2026-10-10T08:38Z,1
report9,para,theforestdrawdownpropaga,220,docs/report/report.pdf,2026-10-10T08:38Z,1
report9,heading,Coastal-Margin Processes and the Easting Gradient,220,docs/report/report.pdf,2026-10-10T08:38Z,1
report9,para,thenetmapfigure65showsth,220,docs/report/report.pdf,2026-10-10T08:38Z,1
report9,para,thecoastaldriftcovariate,220,docs/report/report.pdf,2026-10-10T08:38Z,1
report9,para,thesethreefiguresareillu,220,docs/report/report.pdf,2026-10-10T08:38Z,1
report9,para,thegradientfittedaboveis,223,docs/report/report.pdf,2026-10-10T08:38Z,1
report9,heading,"Episodicity, retreat rates and sea-level counteraction",223,docs/report/report.pdf,2026-10-10T08:38Z,1
report9,para,noristheretreatuniformal,224,docs/report/report.pdf,2026-10-10T08:38Z,1
report9,para,actingagainstretreatisse,224,docs/report/report.pdf,2026-10-10T08:38Z,1
report9,para,noneofthischangesthefitt,224,docs/report/report.pdf,2026-10-10T08:38Z,1
report9,para,thespatialreachofforestm,224,docs/report/report.pdf,2026-10-10T08:38Z,1
report9,heading,Management influence on the water table,224,docs/report/report.pdf,2026-10-10T08:38Z,1
report9,para,thedunescrapingofsection,225,docs/report/report.pdf,2026-10-10T08:38Z,1
report9,para,figure68combinesthetwono,226,docs/report/report.pdf,2026-10-10T08:38Z,1
report9,heading,Combined Driver Assessment and Observed Network Change,226,docs/report/report.pdf,2026-10-10T08:38Z,1
report9,para,fourfurtherspatialfigure,227,docs/report/report.pdf,2026-10-10T08:38Z,1
report9,para,measuredclearfellspatial,227,docs/report/report.pdf,2026-10-10T08:38Z,1
report9,para,theclearfellstepchangema,227,docs/report/report.pdf,2026-10-10T08:38Z,1
report9,para,clearfellstepchangemapcl,229,docs/report/report.pdf,2026-10-10T08:38Z,1
report9,para,figure70methodsection381,230,docs/report/report.pdf,2026-10-10T08:38Z,1
report9,para,netwatertablestateparame,230,docs/report/report.pdf,2026-10-10T08:38Z,1
report9,para,the20052025driverchangem,231,docs/report/report.pdf,2026-10-10T08:38Z,1
report9,para,figure72presentstheconve,233,docs/report/report.pdf,2026-10-10T08:38Z,1
report9,para,themsl5changemapfigure72,233,docs/report/report.pdf,2026-10-10T08:38Z,1
report9,para,theperwellpatternisnotan,233,docs/report/report.pdf,2026-10-10T08:38Z,1
report9,para,theeasternc1c2dunewellsd,233,docs/report/report.pdf,2026-10-10T08:38Z,1
report9,para,thec4forestcontrolwellsd,233,docs/report/report.pdf,2026-10-10T08:38Z,1
report9,para,theinterannualstandardde,233,docs/report/report.pdf,2026-10-10T08:38Z,1
report9,para,theseresultsarerobustwit,234,docs/report/report.pdf,2026-10-10T08:38Z,1
report9,para,figure73showstheseculard,235,docs/report/report.pdf,2026-10-10T08:38Z,1
report9,para,thedifferentialsignaliss,236,docs/report/report.pdf,2026-10-10T08:38Z,1
report9,para,absolutemovementwiththec,238,docs/report/report.pdf,2026-10-10T08:38Z,1
report9,para,figure73measureseachwell,238,docs/report/report.pdf,2026-10-10T08:38Z,1
report9,para,theabsolutemapismorespat,238,docs/report/report.pdf,2026-10-10T08:38Z,1
report9,para,absoluteclimateremovedse,239,docs/report/report.pdf,2026-10-10T08:38Z,1
report9,para,wherefigure73measuresslo,240,docs/report/report.pdf,2026-10-10T08:38Z,1
report9,para,thesecondmapfigure76maps,240,docs/report/report.pdf,2026-10-10T08:38Z,1
report9,para,theclimateresponseenvelo,241,docs/report/report.pdf,2026-10-10T08:38Z,1
report9,para,theclimateresponseenvelo,242,docs/report/report.pdf,2026-10-10T08:38Z,1
report9,para,figure70predictsalargene,310,docs/report/report.pdf,2026-10-10T08:38Z,2
report9,para,figure75showstheforestam,243,docs/report/report.pdf,2026-10-10T08:38Z,1
report9,para,thefelledwellfe2insideth,243,docs/report/report.pdf,2026-10-10T08:38Z,1
report9,para,thereconciliationofthepa,243,docs/report/report.pdf,2026-10-10T08:38Z,1
report9,para,thedifferentialpatternab,243,docs/report/report.pdf,2026-10-10T08:38Z,1
report9,heading,Driver validation and comparative footing,243,docs/report/report.pdf,2026-10-10T08:38Z,1
report9,para,aperdriverscalefactorreg,243,docs/report/report.pdf,2026-10-10T08:38Z,1
report9,para,theintervalsarewideafact,244,docs/report/report.pdf,2026-10-10T08:38Z,1
report9,para,acomplementaryanalysisse,244,docs/report/report.pdf,2026-10-10T08:38Z,1
report9,para,sitewidefootingofeachwat,247,docs/report/report.pdf,2026-10-10T08:38Z,1
report9,para,theperwellssmcoefficient,247,docs/report/report.pdf,2026-10-10T08:38Z,1
report9,heading,Scenario Analysis,247,docs/report/report.pdf,2026-10-10T08:38Z,1
report9,para,climatescenarioresponses,247,docs/report/report.pdf,2026-10-10T08:38Z,1
report9,heading,Climate Scenario Projections,247,docs/report/report.pdf,2026-10-10T08:38Z,1
report9,para,thesameprojectionapplied,248,docs/report/report.pdf,2026-10-10T08:38Z,1
report9,para,forestmanagementscenario,249,docs/report/report.pdf,2026-10-10T08:38Z,1
report9,heading,Forest Management Scenarios,249,docs/report/report.pdf,2026-10-10T08:38Z,1
report9,para,atwmc3thesustainedclearf,250,docs/report/report.pdf,2026-10-10T08:38Z,1
report9,para,broadleafconversionisrep,250,docs/report/report.pdf,2026-10-10T08:38Z,1
report9,para,earlierversionsofthisrep,250,docs/report/report.pdf,2026-10-10T08:38Z,1
report9,para,afellingwiderthanthedraw,251,docs/report/report.pdf,2026-10-10T08:38Z,1
report9,para,fellinghasnotundonethepl,251,docs/report/report.pdf,2026-10-10T08:38Z,1
report9,para,everyresultinthisstudyis,251,docs/report/report.pdf,2026-10-10T08:38Z,1
report9,heading,Out-of-sample tests against earlier records,251,docs/report/report.pdf,2026-10-10T08:38Z,1
report9,para,thenaturalresourceswales,252,docs/report/report.pdf,2026-10-10T08:38Z,1
report9,heading,The 1989--96 record,252,docs/report/report.pdf,2026-10-10T08:38Z,1
report9,para,thetestuseseachwellsownc,252,docs/report/report.pdf,2026-10-10T08:38Z,1
report9,para,thereductioncanbechecked,252,docs/report/report.pdf,2026-10-10T08:38Z,1
report9,para,acrosstheninewellsthecor,252,docs/report/report.pdf,2026-10-10T08:38Z,1
report9,para,theepochshiftcompareseac,252,docs/report/report.pdf,2026-10-10T08:38Z,1
report9,para,thecomparisonwindowisthe,253,docs/report/report.pdf,2026-10-10T08:38Z,1
report9,para,theonlyobservationofthis,253,docs/report/report.pdf,2026-10-10T08:38Z,1
report9,heading,The 1951--53 record,253,docs/report/report.pdf,2026-10-10T08:38Z,1
report9,para,twotestsfollowthefirstis,253,docs/report/report.pdf,2026-10-10T08:38Z,1
report9,para,thesecondtestaskswhether,254,docs/report/report.pdf,2026-10-10T08:38Z,1
report9,para,theslackfloorscanbereada,255,docs/report/report.pdf,2026-10-10T08:38Z,1
report9,para,undertheplantationtheflo,255,docs/report/report.pdf,2026-10-10T08:38Z,1
