id,verdict,reason,better,batch,attribution_read
report:910bc25f4e,confirm,pipeline_steps_registered matches '57 steps'.,,"report, report6, report7",pipeline_steps_registered = 57 [pipeline_manifest.json]
report:cfffa1dd50,confirm,pipeline_phases_total matches '18 phases'.,,"report, report6, report7",pipeline_phases_total = 18 [pipeline_manifest.json]
report:f85daaf7e2,confirm,88 = 66+22 dipwell count matches 'network of 88 wells' (legitimate derived count).,,"report, report6, report7",66 reference + 22 extended well columns = 88 dipwells = 88 [01_wells_reference.csv]
report:09efc56c83,confirm,k=5 cluster count matches 'identifies five hydrogeological units'.,,"report, report6, report7",distinct clusters in cluster_k5 (k = 5) · cluster_k5 = 5 [02_07_cluster_membership_k5.csv]
report:1dc3a4c913,confirm,C1 LCSC_percent matches 'lcsc = 21.8%'.,,"report, report6, report7",C1 (Lake Edge) · LCSC_percent = 21.8413 [03_03_cluster_mechanistic_coefficients.csv]
report:291f84f061,confirm,C2 LCSC_percent matches 'lcsc = 25.2%'.,,"report, report6, report7",C2 (Dune) · LCSC_percent = 25.1758 [03_03_cluster_mechanistic_coefficients.csv]
report:bf57d41860,confirm,C3 LCSC_percent matches 'lcsc = 28.0%'.,,"report, report6, report7",C3 (Western Residual) · LCSC_percent = 27.9889 [03_03_cluster_mechanistic_coefficients.csv]
report:458dd16739,confirm,C4 LCSC_percent matches '40.4%'.,,"report, report6, report7",C4 (Main Forest) · LCSC_percent = 40.3703 [03_03_cluster_mechanistic_coefficients.csv]
report:f165eecb18,confirm,C5 LCSC_percent matches '41.2%'.,,"report, report6, report7",C5 (Coastal Forest) · LCSC_percent = 41.1871 [03_03_cluster_mechanistic_coefficients.csv]
report:e69ae428c8,deny,"24% interception reduction attributed to alpha_B persistence parameter, not the interception fraction the sentence names.",FOREST_INTERCEPTION = 0.24 [config.py],"report, report6, report7",C4 (Main Forest) · SSM_drain_frac = 0.2388 [16_water_bal_rec_table.csv] as %
report:4f4fd655d5,confirm,C4 beta_2_atmospheric_draw matches 'β₂ = 2.56'.,,"report, report6, report7",C4 (Main Forest) · beta_2_atmospheric_draw · 03_03_cluster_mechanistic_coefficients.csv · committed 2.5625958969997766 · index proposed
report:9728cbb022,confirm,C5 beta_2_atmospheric_draw matches 'β₂ = 1.27'.,,"report, report6, report7",C5 (Coastal Forest) · beta_2_atmospheric_draw · 03_03_cluster_mechanistic_coefficients.csv · committed 1.2743092283961304 · index proposed
report:468b331cc8,confirm,C4 mean amp_coefficient (script 35 per-well amplification) matches 'spring swing 1.65 times the network mean'.,,"report, report6, report7",C4 mean of amp_coefficient · amp_coefficient = 1.64532 [35_per_well_amplification.csv]
report:377cb2209c,confirm,Delta_B_minus_A (Model B minus A median NSE) matches 'median per-well nse improvement +0.82'.,,"report, report6, report7",Median iterative NSE · Delta_B_minus_A = 0.82444 [08_lcsc_04_table3_benchmark_summary.csv]
report:c63ddfd650,confirm,benchmark_positive_NSE_SSM matches '65 of 66 wells with positive nse'.,,"report, report6, report7",benchmark_positive_NSE_SSM · Value = 65 [08_report_numbers.csv]
report:eed6ad8f47,confirm,benchmark_n_wells matches the '66' denominator.,,"report, report6, report7",benchmark_n_wells = 66 [08_report_numbers.csv]
report:ab253b00cb,confirm,benchmark_positive_NSE_TLM matches '30 of 66 for tlm'.,,"report, report6, report7",benchmark_positive_NSE_TLM · Value = 30 [08_report_numbers.csv]
report:a724fac776,confirm,benchmark_n_wells matches the second '66' denominator (same row as neighbour).,,"report, report6, report7",benchmark_n_wells = 66 [08_report_numbers.csv]
report:1fafbe3fe2,deny,"1.8% water-balance closure attributed to C4's beta_3_drainage; digit coincidence, wrong quantity entirely.",C5 Residual_m_month / Total_loss_m_month ~1.79% [16_water_bal_table.csv],"report, report6, report7",min of Coastal_Forest · Coastal_Forest = -1.8078 [03_regional_averages.csv]
report:e37fd15e19,confirm,"SD15b-SD16 band width (0.98-0.61=0.37m) matches 'spans only 37cm', both terms named in the sentence.",,"report, report6, report7",
report:1264f4b68b,confirm,CEH36 Paired Shift_mm=194.5 matches 'paired summer minimum shift of +195mm'.,,"report, report6, report7",CEH36 / Paired · Shift_m = 0.1945 [09c_02_summer_minima_shifts.csv] as mm
report:e2ac360e32,deny,p=0.004 for the CEH36 paired shift attributed to an unrelated Western_Block spring-transfer p-value.,CEH36 · Paired · p_value = 0.004454 [09c_02_summer_minima_shifts.csv],"report, report6, report7",CEH36 / Paired · p_value = 0.00445384 [09c_02_summer_minima_shifts.csv]
report:929ff3a030,confirm,CEH36_raw_BACI_step matches 'raw baci +129mm' (key explicitly named 'raw').,,"report, report6, report7",CEH36_raw_BACI_step = 0.1294 [09e_report_numbers.csv] as mm
report:9a66390827,confirm,CEH36_synthetic_control_step matches 'synthetic control +137mm'.,,"report, report6, report7",CEH36_synthetic_control_step = 0.1368 [09e_report_numbers.csv] as mm
report:d673fb638c,deny,sentence explicitly says 'ssm forward residual +73mm' but primary key is Gap_paired_m from a spring-means file.,CEH36_SSM_forward_residual_step = 0.0734 [09e_report_numbers.csv],"report, report6, report7",CEH36_SSM_forward_residual_step = 0.0734 [09e_report_numbers.csv] as mm
report:6b7a5e5455,confirm,WMC3_BACI_DiD_step_2015_scraping matches '-55mm ... at the 2015 ... scrape'.,,"report, report6, report7",WMC3_BACI_DiD_step_2015_scraping = -0.0552146 [10_consolidated_report_numbers.csv] as mm
report:107b581260,confirm,WMC3_BACI_DiD_step_2023_scraping matches '-54mm ... at the ... 2023 scrapes'.,,"report, report6, report7",WMC3_BACI_DiD_step_2023_scraping · Value = -0.0538282 [10_consolidated_report_numbers.csv] as mm
report:122432c2c8,confirm,clearfell.kml polygon area matches '4.4 ha of corsican pine'.,,"report, report6, report7",clearfell.kml polygon area = 4.41 ha · area_ha = 4.40791 [clearfell.kml]
report:5e6139fc22,confirm,ANCOVA_C_WMC3_only_Forest_clearfell_step matches 'single in-compartment impact well wmc3' +113mm.,,"report, report6, report7",ANCOVA_C_WMC3_only_Forest_clearfell_step = 0.113095 [10_consolidated_report_numbers.csv] as mm
report:cbcb926d80,deny,p=0.002 pairs with the WMC3-only step (Model/ANCOVA_C) but attribution is Model B (WMC3+FE2).,ANCOVA_C_WMC3_only_Forest_clearfell_p = 0.00209 [10_consolidated_report_numbers.csv],"report, report6, report7",ANCOVA_C_WMC3_only_Forest_clearfell_p = 0.00208622 [10_consolidated_report_numbers.csv]
report:ee075163b7,confirm,ANCOVA_Forest_Edge_clearfell_step matches 'edge-tier step of +30mm'.,,"report, report6, report7",ANCOVA_Forest_Edge_clearfell_step = 0.0296701 [10_consolidated_report_numbers.csv] as mm
report:6b747a9f14,confirm,Forest/Edge Clearfell_p matches 'not statistically significant (p=0.25)' paired with the edge-tier step.,,"report, report6, report7",Forest / Edge · Clearfell_p = 0.248589 [10a_01_ancova_comparison_table.csv]
report:f0ab876abb,confirm,ANCOVA_A_WMC3+FE1+FE2 step matches 'synthetic extension of within-compartment fe wells ... +80mm'.,,"report, report6, report7",ANCOVA_A_WMC3+FE1+FE2_Forest_clearfell_step = 0.0803304 [10_consolidated_report_numbers.csv] as mm
report:8f8961aec5,confirm,"ANCOVA_A p=0.000879 satisfies 'p<0.001', consistent with the +80mm Model A pairing.",,"report, report6, report7","p < 0.001: the row its neighbours cite (10_consolidated_report_numbers.csv · ANCOVA_A_WMC3+FE1+FE2_Forest_clearfell_p) has Value = 0.000879, which satisfies the"
report:bfa0d981e6,confirm,clearfell/annual/C4 we_mean_mm matches 'c4 +10.0mm w.e./month'.,,"report, report6, report7",clearfell / annual / C4 · we_mean_mm = 9.96443 [19_scenario_summary.csv]
report:2954cd48d5,confirm,clearfell/annual/C5 we_mean_mm matches 'c5 +12.2mm'.,,"report, report6, report7",clearfell / annual / C5 · we_mean_mm = 12.1961 [19_scenario_summary.csv]
report:4aeba1ba28,confirm,thinning/annual/C4 we_mean_mm matches 'thinning: +5.0'.,,"report, report6, report7",thinning / annual / C4 · we_mean_mm = 4.98222 [19_scenario_summary.csv]
report:a9a607cdaf,confirm,thinning/annual/C5 we_mean_mm matches '+6.1 respectively'.,,"report, report6, report7",thinning / annual / C5 · we_mean_mm = 6.09805 [19_scenario_summary.csv]
report:38dc83c247,deny,sentence's +2.8mm is broadleaf/C4 but attribution is thinning/C3.,broadleaf / annual / C4 · we_mean_mm = 2.762 [19_scenario_summary.csv],"report, report6, report7",broadleaf / annual / C4 · we_mean_mm = 2.76182 [19_scenario_summary.csv]
report:f951b067a7,confirm,"broadleaf/C5/annual we_mean_mm=4.03 matches 'c5 +4.0mm', correct subject/cluster.",,"report, report6, report7",ukcp18_2050s / winter / C5 · we_median_mm = 3.98106 [19_scenario_summary.csv]
report:5842294dcd,deny,"interception fraction 24% attributed to a well count (n_wells), not a percentage.",FOREST_INTERCEPTION = 0.24 [config.py],"report, report6, report7",
report:f40c27d4f1,deny,interception fraction 15% attributed to an unrelated canopy-index ratio from aerial imagery.,BROADLEAF_INTERCEPTION = 0.15 [config.py],"report, report6, report7",clearfell / 2020-04-24 / aerial24-4-2020.png · ratio_to_conifer = 0.149153 [41_01_canopy_index.csv] as %
report:57c2d2fa4a,confirm,ukcp18_2050s/C4 we_mean_mm matches '-6.2mm w.e./month by the 2050s'.,,"report, report6, report7",ukcp18_2050s / annual / C4 · we_mean_mm = -6.15176 [19_scenario_summary.csv]
report:9a98ee2700,confirm,ukcp18_2080s/C4 we_mean_mm matches '-10.9mm by the 2080s'.,,"report, report6, report7",ukcp18_2080s / annual / C4 · we_mean_mm = -10.9338 [19_scenario_summary.csv]
report:5dea4c6c83,confirm,Headline_reference_distance matches '150m from the shoreline'.,,"report, report6, report7",Headline_reference_distance = 150 [25_report_numbers.csv]
report:421c0a1c00,confirm,C5_gradient_pct_of_basis matches 'accounts for 113% of its observed decline'.,,"report, report6, report7",C5_gradient_pct_of_basis = 113.312 [25_report_numbers.csv]
report:7af3db5545,confirm,post_2013_anomaly summer_max_mean matches 'post-2013 period +0.94°c above baseline'.,,"report, report6, report7",post_2013_anomaly · summer_max_mean = 0.941995 [00_03_summer_warming_stats.csv]
report:a74129c6d2,confirm,full_record/May slope matches 'may (+0.068 ...)'.,,"report, report6, report7",full_record / 5 · slope_mm_per_yr = 0.0677768 [00_06_pet_monthly_trends.csv]
report:981d416a37,deny,May's p=0.002 attributed to a beta2-vs-tR Spearman p-value from a different script; the May row in the same trends file has p=0.0016.,"full_record, month=5, p_value = 0.001641 [00_06_pet_monthly_trends.csv]","report, report6, report7",full_record / 5 · p_value = 0.00164144 [00_06_pet_monthly_trends.csv]
report:ad41b8691d,confirm,full_record/June slope matches 'june (+0.048 ...)'.,,"report, report6, report7",full_record / 6 · slope_mm_per_yr = 0.0480474 [00_06_pet_monthly_trends.csv]
report:d28d211d30,confirm,"full_record/June p_value=0.0328 matches 'p = 0.033' for june, same row as its neighbour.",,"report, report6, report7",full_record / 6 · p_value = 0.0328232 [00_06_pet_monthly_trends.csv]
report:4b78753662,confirm,full_record/July slope matches 'july (+0.063 ...)'.,,"report, report6, report7",full_record / 7 · slope_mm_per_yr = 0.0629461 [00_06_pet_monthly_trends.csv]
report:8a8a7750cd,confirm,full_record/July p_value=0.00952 rounds to 'p = 0.010'.,,"report, report6, report7",full_record / 7 · p_value = 0.00951504 [00_06_pet_monthly_trends.csv]
report:709245b7ec,deny,90% CI attributed to an unrelated Ranwell hindcast z-score; the CI is the 5th/95th percentile span in the crossing-year bootstrap.,C1/SD16 year_crossing_5 & year_crossing_95 [14b_year_of_crossing.csv],"report, report6, report7",
report:d320f191c0,confirm,"C1 2080s spring_delta_h_mean_m (~21mm) is the smallest across clusters, matching the low end of '21--39mm'.",,"report, report6, report7",C1 (Lake Edge) / 2080s · spring_delta_h_mean_m = -0.0209654 [26b_msl5_ukcp18_projection_summary.csv] as mm
report:d81aa3ccaf,confirm,"C4 2080s spring_delta_h_mean_m (~39mm) is the largest across clusters, matching the high end of the range.",,"report, report6, report7",C4 (Main Forest) / 2080s · spring_delta_h_mean_m = -0.0387296 [26b_msl5_ukcp18_projection_summary.csv] as mm
report:d1794b5289,confirm,msl5_deepening=-96.8mm matches 'site-wide secular deepening of 97mm'.,,"report, report6, report7",
report:1cf4ed939d,confirm,msl5_change_ceh22 matches 'ceh22 -229mm'.,,"report, report6, report7",msl5_change_ceh22 = -228.667 [20_msl5_report_numbers.csv]
report:b166ceb14d,confirm,nw9 raw_change_mm=-150 matches the low end 'c5 coastal members -150'.,,"report, report6, report7",nw9 · C5 · raw_change_mm = -150 [20_msl5_change_perwell.csv]
report:572000d57a,confirm,"ceh19 raw_change_mm=-152.7 rounds to '-153mm', the other end of the range.",,"report, report6, report7",ceh19 · C5 · raw_change_mm = -152.667 [20_msl5_change_perwell.csv]
report:5fc8f0ce70,deny,"MSL5 five-year-window SE by cluster (78mm) attributed to L_se, the coastal decay-length standard error in metres.",C1 (Lake Edge) msl5_window_se_mm_median ~78.2mm [26_index_precision_by_cluster.csv],"report, report6, report7",
report:ff55ec8f7b,deny,"the range's upper bound (181mm) attributed to well d8's absolute MSL5 level, not a standard error.",C4 (Main Forest) msl5_window_se_mm_median ~180.6mm [26_index_precision_by_cluster.csv],"report, report6, report7",d8 · MSL5_bg_2017_m = -0.181333 [20_msl5_change_perwell.csv] as mm
report:a32afbfa1f,deny,"'to within ~11mm' is a spring-level reproduction accuracy; attribution is a count of Ranwell sites within 0.3m positional tolerance (a count, not a distance in mm).",,"report, report6, report7",FourZoneSpring_Impact_clearfell_step_se = 0.0113739 [10_consolidated_report_numbers.csv] as mm
report:365ca9c0e9,confirm,MSL5 pearson_r matches 'r = 0.83'.,,"report, report6, report7",MSL5 · pearson_r = 0.828958 [26_ebf_prediction_summary.csv]
report:a34786bb3d,confirm,n=18 in the same MSL5 row matches the sentence's 'n = 18'.,,"report, report6, report7",MSL5 · n = 18 [26_ebf_prediction_summary.csv]
report:c6be422639,confirm,MSL5 williams_p_vs_ewi_annual matches 'williams p = 0.45'.,,"report, report6, report7",MSL5 · williams_p_vs_ewi_annual = 0.445204 [26_ebf_prediction_summary.csv]
report:c222fb95b6,confirm,ewi_msl5_rmse_mm_open_dune matches 'reconstructs ... to 61mm rmse'.,,"report, report6, report7",
report:31571c4e9f,confirm,fit_open_water_n_scenes matches '43 cloud-free winter scenes'.,,"report, report6, report7",fit_open_water_n_scenes = 43 [45_report_numbers.csv]
report:7093929603,confirm,"study_area_ha (45_report_numbers) is explicitly noted as the wet-area scaling area, matching '306.97 ha, forest excluded'.",,"report, report6, report7",study_area_ha = 306.97 [45_report_numbers.csv]
report:3992f92e67,confirm,fit_wet_floor_r2_log matches 'wet floor r² = 0.77'.,,"report, report6, report7",fit_wet_floor_r2_log = 0.767452 [45_report_numbers.csv]
report:3d9ba3adf4,confirm,fit_open_water_r2_log matches 'open water r² = 0.71'.,,"report, report6, report7",fit_open_water_r2_log = 0.711666 [45_report_numbers.csv]
report:5228132d97,confirm,oos_C_open_water_n_months matches 'n = 238 well-months'.,,"report, report6, report7",oos_C_open_water_n_months = 238 [45_report_numbers.csv]
report:ffed5fdd99,confirm,oos_C_wet_floor_r2 matches 'wet-floor area r² = 0.80'.,,"report, report6, report7",oos_C_wet_floor_r2 = 0.802125 [45_report_numbers.csv]
report:b9acec2859,confirm,"oos_C_wet_floor_median_ratio=0.955 rounds to 'median modelled:observed ratio 0.96', consistent (mode C) with the paragraph's other mode-C figures.",,"report, report6, report7",oos_C_wet_floor_median_ratio = 0.955233 [45_report_numbers.csv]
report6:e7fb4cc98f,confirm,ranwell_delta_m_combined_all (8 sites) matches '-0.09 ... over eight sites'.,,"report, report6, report7",ranwell_delta_m_combined_all = -0.0926463 [44_report_numbers.csv]
report6:5918c6b1df,confirm,"ranwell_sigma_m_combined_all matches the paired '± 0.10 m', same 8-site basis as the delta.",,"report, report6, report7",ranwell_sigma_m_combined_all = 0.102779 [44_report_numbers.csv]
report6:7737280a4e,confirm,hindcast r for site 1 (lowest) matches the low end of 'r 0.74--0.91'.,,"report, report6, report7",1 · r = 0.743831 [44_04_hindcast_metrics.csv]
report6:defc58a3bb,confirm,hindcast r for site 8 (highest) matches the high end of the range.,,"report, report6, report7",8 · r = 0.914107 [44_04_hindcast_metrics.csv]
report6:15c4a160e2,confirm,nse_after_offset for site 1 matches the low end of 'bias-removed efficiency 0.32--0.80'.,,"report, report6, report7",1 · nse_after_offset = 0.319806 [44_04_hindcast_metrics.csv]
report6:b4c9ab3ce0,confirm,nse_after_offset for site 8 matches the high end of the range.,,"report, report6, report7",8 · nse_after_offset = 0.798308 [44_04_hindcast_metrics.csv]
report6:fa2388d36d,confirm,clearfell.kml polygon area matches '4.4 ha within the plantation'.,,"report, report6, report7",clearfell.kml polygon area = 4.41 ha · area_ha = 4.40791 [clearfell.kml]
report6:21afe9b1eb,confirm,66-well reference network column count matches '66-well reference network'.,,"report, report6, report7",66 well columns in reference (lake excluded) = 66 [01_wells_reference.csv]
report6:dc6c6e53d2,confirm,k=5 matches 'the optimal cluster number (k = 5)'.,,"report, report6, report7",distinct clusters in cluster_k5 (k = 5) · cluster_k5 = 5 [02_07_cluster_membership_k5.csv]
report6:4c3f943a6b,confirm,66-well reference count matches 'extended from the 66-well reference network'.,,"report, report6, report7",66 well columns in reference (lake excluded) = 66 [01_wells_reference.csv]
report6:427b0d23a9,confirm,88-well count matches 'to the full 88-well monitoring array'.,,"report, report6, report7",66 reference + 22 extended well columns = 88 dipwells = 88 [01_wells_reference.csv]
report6:b5a040fb5d,confirm,k=5 matches 'at the cluster scale (n = 5)'.,,"report, report6, report7",distinct clusters in cluster_k5 (k = 5) · cluster_k5 = 5 [02_07_cluster_membership_k5.csv]
report6:9c17b665f8,confirm,66-well reference count matches 'at every individual well (n = 66)'.,,"report, report6, report7",66 well columns in reference (lake excluded) = 66 [01_wells_reference.csv]
report6:89d39dc78b,confirm,CEH36_synthetic_control_n_donors matches '11 donor wells'.,,"report, report6, report7",CEH36_synthetic_control_n_donors = 11 [09e_report_numbers.csv]
report7:0c3cba47c0,confirm,study_area_ha (845.6) matches 'covers approximately 846 ha'.,,"report, report6, report7",study_area_ha = 845.605 [12_report_numbers.csv]
report7:2a0162dd8b,confirm,study_area_envelope_e_km matches '4.3 km'.,,"report, report6, report7",study_area_envelope_e_km = 4.29359 [12_report_numbers.csv]
report7:68aab72304,confirm,study_area_envelope_n_km matches '3.5 km'.,,"report, report6, report7",study_area_envelope_n_km = 3.53304 [12_report_numbers.csv]
report7:1e94ac13bb,confirm,site_overview_points_plotted matches '89 measuring points'.,,"report, report6, report7",site_overview_points_plotted = 89 [12_report_numbers.csv]
report7:82f676b312,confirm,88 dipwell count matches '88 dipwells plus the ... lake gauge'.,,"report, report6, report7",66 reference + 22 extended well columns = 88 dipwells = 88 [01_wells_reference.csv]
report7:6aed243650,confirm,network_envelope_e_km matches 'spans ~3.0 km'.,,"report, report6, report7",network_envelope_e_km = 3.0468 [12_report_numbers.csv]
report7:0ce05acf42,confirm,network_envelope_n_km matches '... x 2.1 km'.,,"report, report6, report7",network_envelope_n_km = 2.13259 [12_report_numbers.csv]
report7:c2629512c4,confirm,site_overview_points_plotted matches '89 measuring points' (second instance).,,"report, report6, report7",site_overview_points_plotted = 89 [12_report_numbers.csv]
report7:6d5a531488,confirm,88 dipwell count matches '88 are dipwells forming the analytical network'.,,"report, report6, report7",66 reference + 22 extended well columns = 88 dipwells = 88 [01_wells_reference.csv]
report7:f2bb37baf8,confirm,66-well reference count matches '66 reference-network wells'.,,"report, report6, report7",66 well columns in reference (lake excluded) = 66 [01_wells_reference.csv]
report7:0c7c8fd769,confirm,22-well extended count matches '22 extended-network wells'.,,"report, report6, report7",22 well columns in extended (lake excluded) = 22 [01_wells_extended.csv]
report7:8d5128e65b,confirm,clearfell.kml area matches 'approximately 4.4 ha'.,,"report, report6, report7",clearfell.kml polygon area = 4.41 ha · area_ha = 4.40791 [clearfell.kml]
report7:32076fcc05,deny,"0.6% of plantation felled attributed to SD15b (0.61m water-table threshold); unrelated quantity, digit coincidence only.",,"report, report6, report7",
report7:00aafa1ded,confirm,SD15b threshold matches 'sd15b viability requires ... shallower than 0.61 m'.,,"report, report6, report7",C2 / SD15b · Threshold_m = -0.61 [14b_year_of_crossing.csv]
report7:3c29bbb3b7,confirm,SD15b_WINTER matches 'winter maximum to reach within 0.10 m'.,,"report, report6, report7",SD15b_WINTER = 0.1 [config.py]
report7:c2b7d439af,confirm,SD16 threshold matches 'sd16 communities tolerate summer minima to 0.98 m'.,,"report, report6, report7",C2 / SD16 · Threshold_m = -0.98 [14b_year_of_crossing.csv]
report7:fdf746fdc3,confirm,SD16_WINTER matches 'winter maxima within 0.25 m'.,,"report, report6, report7",SD16_WINTER = 0.25 [config.py]
report7:5f9de18164,confirm,SD16 threshold matches 'mean summer minimum exceeds 0.98 m'.,,"report, report6, report7",C1 / SD16 · Threshold_m = -0.98 [14b_year_of_crossing.csv]
report7:264a40e9dc,confirm,SD15b threshold matches 'wells between 0.61 m and 0.75 m'.,,"report, report6, report7",C2 / SD15b · Threshold_m = -0.61 [14b_year_of_crossing.csv]
report7:10e200ab2c,confirm,SD15b_REC matches the '0.75 m' recovery boundary.,,"report, report6, report7",SD15b_REC = 0.75 [config.py]
report7:3b4c7bb486,confirm,Martin 2026-09-21: the 0.14 m BACI-measured benefit at CEH36 is Net_benefit in 09_scrape_report_numbers.csv (the matcher's own choice; the reader's denial overruled),Net_benefit [09_scrape_report_numbers.csv],martin,Net_benefit = 0.143532 [09_scrape_report_numbers.csv]
report7:e86f93f39a,confirm,SD16 threshold matches 'wells between 0.98 m and 1.20 m'.,,"report, report6, report7",C2 / SD16 · Threshold_m = -0.98 [14b_year_of_crossing.csv]
report7:0be1098da5,confirm,SD16_REC matches '1.20 m being a practical limit'.,,"report, report6, report7",SD16_REC · config.py · committed 1.2 · index proposed
report7:5fda928044,confirm,SD16_REC matches the '1.20 m' recovery boundary (same row as neighbour).,,"report, report6, report7",SD16_REC = 1.2 [config.py]
report7:951ece99a0,confirm,SD16_REC matches 'wells deeper than 1.20 m'.,,"report, report6, report7",SD16_REC = 1.2 [config.py]
report13:46107aba71,deny,"bibliographic reference number (volume/issue/page/year), not a pipeline quantity",,report10-16,full / linear_capped · L_se = 57 [25_01_panel_fit_parameters.csv]
report13:b85dd1847e,deny,"bibliographic reference number (volume/issue/page/year), not a pipeline quantity",,report10-16,COAST_RETREAT_M = 6 [config.py]
report13:ed0c3c3c47,deny,"bibliographic reference number (volume/issue/page/year), not a pipeline quantity",,report10-16,COAST_CHRONIC_YEARS = 5 [config.py]
report13:d16eaed55a,deny,"bibliographic reference number (volume/issue/page/year), not a pipeline quantity",,report10-16,COAST_CHRONIC_YEARS = 5 [config.py]
report13:e6d3d41b9d,deny,"bibliographic reference number (volume/issue/page/year), not a pipeline quantity",,report10-16,RANWELL_LOO_MIN_WELLS = 3 [config.py]
report13:60635d12f0,deny,"bibliographic reference number (volume/issue/page/year), not a pipeline quantity",,report10-16,SLACK_MIN_FLOOR_M = 2 [config.py]
report13:894841df3e,deny,"bibliographic reference number (volume/issue/page/year), not a pipeline quantity",,report10-16,SLACK_MIN_FLOOR_M = 2 [config.py]
report13:8092b5f7b6,deny,"bibliographic reference number (volume/issue/page/year), not a pipeline quantity",,report10-16,full / linear_capped · L_se = 57 [25_01_panel_fit_parameters.csv]
report13:bc64c418f8,deny,"bibliographic reference number (volume/issue/page/year), not a pipeline quantity",,report10-16,COAST_RETREAT_M = 6 [config.py]
report13:4908842159,deny,"bibliographic reference number (volume/issue/page/year), not a pipeline quantity",,report10-16,DIFF_PER_WELL_MIN_YEARS = 8 [config.py]
report13:178972cdfe,deny,"bibliographic reference number (volume/issue/page/year), not a pipeline quantity",,report10-16,CANOPY_CHANGE_GRID_M = 2 [config.py]
report13:097ea4a7e9,deny,"bibliographic reference number (volume/issue/page/year), not a pipeline quantity",,report10-16,C5 (Coastal Forest) (corrected) · C5 · Sy_event_n_pass_R = 105 [17_wtf_01_sy_estimates.csv]
report13:4d3910a5d2,deny,"bibliographic reference number (volume/issue/page/year), not a pipeline quantity",,report10-16,RANWELL_POS_SIGMA_M = 40 [config.py]
report13:cbb16cb300,deny,"bibliographic reference number (volume/issue/page/year), not a pipeline quantity",,report10-16,C2 · n_years = 21 [14_spring_trend_stats.csv]
report13:aaaa337ac1,deny,"bibliographic reference number (volume/issue/page/year), not a pipeline quantity",,report10-16,MSL_HYDRO_YEAR_START_MONTH = 6 [config.py]
report13:27eadf4fa5,deny,"bibliographic reference number (volume/issue/page/year), not a pipeline quantity",,report10-16,p2 · DEM_Ground_Elev = 9 [01_locations.csv]
report13:3a7f7a20da,deny,"bibliographic reference number (volume/issue/page/year), not a pipeline quantity",,report10-16,forest_free_mam / exponential · L_se = 109 [25_01_panel_fit_parameters.csv]
report13:556ec77123,deny,"bibliographic reference number (volume/issue/page/year), not a pipeline quantity",,report10-16,ENVELOPE_MIN_YEARS_PER_EXTREME = 2 [config.py]
report13:fc7aef3101,deny,"bibliographic reference number (volume/issue/page/year), not a pipeline quantity",,report10-16,p2 · DEM_Ground_Elev = 9 [01_locations.csv]
report13:e05fe7dadb,deny,"bibliographic reference number (volume/issue/page/year), not a pipeline quantity",,report10-16,benchmark_wells_SSM_worse = 2 [08_report_numbers.csv]
report13:0b2db06187,deny,"bibliographic reference number (volume/issue/page/year), not a pipeline quantity",,report10-16,CANOPY_MATCH_MAX_ITER = 5 [config.py]
report13:cdd0aa62f7,deny,"bibliographic reference number (volume/issue/page/year), not a pipeline quantity",,report10-16,SCRAPE_RISE_BUFFER_M = 10 [config.py]
report13:298de7ce2d,deny,"bibliographic reference number (volume/issue/page/year), not a pipeline quantity",,report10-16,full / linear_capped · L_se = 57 [25_01_panel_fit_parameters.csv]
report13:bd1b053f45,deny,"bibliographic reference number (volume/issue/page/year), not a pipeline quantity",,report10-16,MSL_HYDRO_YEAR_START_MONTH = 6 [config.py]
report13:6585a060c2,deny,"bibliographic reference number (volume/issue/page/year), not a pipeline quantity",,report10-16,RANWELL_IDW_POWER = 2 [config.py]
report13:b89198eb0d,deny,"bibliographic reference number (volume/issue/page/year), not a pipeline quantity",,report10-16,SCRAPE_RISE_BUFFER_M = 10 [config.py]
report13:40fee379dd,deny,"bibliographic reference number (volume/issue/page/year), not a pipeline quantity",,report10-16,full / linear_capped · L_se = 57 [25_01_panel_fit_parameters.csv]
report13:33b0e5992c,deny,"bibliographic reference number (volume/issue/page/year), not a pipeline quantity",,report10-16,C2 · Dry_Slack_Exceedances = 17 [14_winter_exceedance.csv]
report13:0a8e8027c9,deny,"bibliographic reference number (volume/issue/page/year), not a pipeline quantity",,report10-16,Lake_Edge · n_hydrological_years = 19 [11_forecast_spring_transfer_functions.csv]
report13:93b53cbcde,deny,"bibliographic reference number (volume/issue/page/year), not a pipeline quantity",,report10-16,MSL_HYDRO_YEAR_START_MONTH = 6 [config.py]
report13:ce1c0ed96b,deny,"bibliographic reference number (volume/issue/page/year), not a pipeline quantity",,report10-16,p2 · DEM_Ground_Elev = 9 [01_locations.csv]
report13:4d0d828c8f,deny,"bibliographic reference number (volume/issue/page/year), not a pipeline quantity",,report10-16,ENVELOPE_METRIC_REF_MIN_WET = 2 [config.py]
report13:672bd7bd30,deny,"bibliographic reference number (volume/issue/page/year), not a pipeline quantity",,report10-16,full / linear_capped · L_se = 57 [25_01_panel_fit_parameters.csv]
report13:c89fc30a2a,deny,"bibliographic reference number (volume/issue/page/year), not a pipeline quantity",,report10-16,benchmark_wells_SSM_worse = 2 [08_report_numbers.csv]
report13:2d923806c5,deny,"bibliographic reference number (volume/issue/page/year), not a pipeline quantity",,report10-16,CANOPY_CONSTELLATION_TOL_PX = 3 [config.py]
report13:2ebd142677,deny,"bibliographic reference number (volume/issue/page/year), not a pipeline quantity",,report10-16,1 external / forest recovery (edge excluded) / canopy polygon vs forest clusters · statistic = 0.955 [31_validation_summary.csv]
report13:e76a05c5a4,deny,"bibliographic reference number (volume/issue/page/year), not a pipeline quantity",,report10-16,MSL_HYDRO_YEAR_START_MONTH = 6 [config.py]
report13:36a79520ef,deny,"bibliographic reference number (volume/issue/page/year), not a pipeline quantity",,report10-16,C2 · n_years = 21 [14_spring_trend_stats.csv]
report13:436475e8cb,deny,"bibliographic reference number (volume/issue/page/year), not a pipeline quantity",,report10-16,SLACK_MIN_FLOOR_M = 2 [config.py]
report15:4d11795584,confirm,comprises 57 steps matches pipeline_steps_registered,,report10-16,pipeline_steps_registered = 57 [pipeline_manifest.json]
report15:8d01bae992,confirm,across 18 phases matches pipeline_phases_total,,report10-16,pipeline_phases_total = 18 [pipeline_manifest.json]
report15:216b9ed122,confirm,66 reference network wells is the legitimate derived reference-network count,,report10-16,66 well columns in reference (lake excluded) = 66 [01_wells_reference.csv]
report15:12e2d60b93,deny,sentence states the NRW LiDAR DTM's 2 m resolution; CCW_PIPE_BASE_M is an unrelated dipwell base-depth constant,(no pipeline key needed; external DTM spec),report10-16,CCW_PIPE_BASE_M = -2 [config.py]
report15:0ddb6d1696,deny,"the 4.0 is the Creative Commons licence version (CC-BY-NC-SA 4.0), not a scale factor",(no pipeline key needed; licence version),report10-16,2005_2025 / primary · s_cf_ci_hi = 4.0242 [37_scale_factors_by_window.csv]
report15:04c59f5b3c,deny,"5.95 m is the georeferencing RMSE of the 1899 OS sheet, not the coastal transect diff_coast_inland_m",(no pipeline key needed; external georeferencing stat),report10-16,2012.0 · diff_coast_inland_m = -5.94567 [38_transect.csv]
report15:001c63aeac,deny,"3.27 m is the same georeferencing RMSE excluding two outliers, not C4's forest-zone mean",(no pipeline key needed; external georeferencing stat),report10-16,mean of C4_mean · C4_mean = 3.2706 [10c_forest_zone_cluster_summary.csv]
report16:b341a28071,confirm,z0 datum row directly states config.drainage_datum = 3.7,,report10-16,DRAINAGE_DATUM = 3.7 [config.py]
report16:f0eb011e1e,deny,"the 2 is the constant in ln(2) from the t1/2 formula quoted, not WTF_C_DRY_BASELINE",,report10-16,WTF_C_DRY_BASELINE = 2 [config.py]
report16:f81f11b296,confirm,h0 row directly states config.drawdown_h0_mm = 150.0,,report10-16,DRAWDOWN_H0_MM = 150 [config.py]
report16:7d51c6bcd9,confirm,k row directly states config.drawdown_k_mday = 6.0,,report10-16,DRAWDOWN_K_MDAY = 6 [config.py]
report16:281e4fc23a,confirm,b row directly states config.drawdown_b_m = 5.0,,report10-16,DRAWDOWN_B_M = 5 [config.py]
report16:e1abc57671,confirm,alpha row directly states config.detectability_alpha = 0.05,,report10-16,DETECTABILITY_ALPHA = 0.05 [config.py]
report16:3a31b81405,deny,"LCSC_DATA_LIMIT is the comparison-window record length in months, not the formula's 100/beta1 percentage-conversion constant (same name origin, different quantity)",,report10-16,LCSC_DATA_LIMIT = 100 [config.py]
report16:86717d556f,deny,"8.5 is the RCP8.5 scenario pathway label, not C2's winter we_mean_mm from 19_scenario_summary.csv",,report10-16,ukcp18_2050s · C2 · winter · we_mean_mm = 8.50707 [19_scenario_summary.csv]
report16:3dd5fee697,confirm,88 = 66 reference + 22 extended is the legitimate derived dipwell count,,report10-16,66 reference + 22 extended well columns = 88 dipwells = 88 [01_wells_reference.csv]
report16:a2fe66f531,deny,"sentence explicitly says these VIF thresholds are 'rules of thumb, not pipeline outputs'; RANWELL_IDW_MIN_DIST_M is an unrelated IDW distance constant",,report10-16,RANWELL_IDW_MIN_DIST_M = 5 [config.py]
report16:ed10d1f6ef,deny,same VIF rule-of-thumb sentence; SCRAPE_RISE_BUFFER_M is an unrelated coastal/scrape geometry constant,,report10-16,SCRAPE_RISE_BUFFER_M = 10 [config.py]
report16:5d966407e9,deny,"the ~2 t-stat threshold is a generic rule of thumb, not benchmark_wells_SSM_worse (a count)",,report10-16,benchmark_wells_SSM_worse = 2 [08_report_numbers.csv]
report16:61ff6ca514,confirm,directly states values below detectability_alpha = 0.05,,report10-16,DETECTABILITY_ALPHA = 0.05 [config.py]
report16:802ca0cabe,confirm,directly states computed at detectability_alpha = 0.05,,report10-16,DETECTABILITY_ALPHA = 0.05 [config.py]
report16:6cea47bac7,confirm,"directly states diff_power_target = 0.80, an alias of DETECTABILITY_POWER",,report10-16,DETECTABILITY_POWER = 0.8 [config.py]
report11:cec56dbe06,confirm,spring resid_sd_mm matches 286 mm spring basis,,report10-16,spring_mam / 2005_2025 · resid_sd_mm = 285.694 [32_site_mean_trend.csv]
report11:25a311c704,confirm,annual resid_sd_mm matches 213 mm annual basis,,report10-16,annual_all_month / 2005_2025 · resid_sd_mm = 213.334 [32_site_mean_trend.csv]
report11:8353be5c15,confirm,power_target=0.8 as % matches '80% power',,report10-16,spring_mam · power_target = 0.8 [32_site_mean_trend.csv] as %
report11:f6f932666d,deny,sentence is the minimum-detectable rate (MDE) at 80% power; Clearfell_SE_m is an unrelated BACI standard error,min_detectable_mm_yr [32_site_mean_trend.csv],report10-16,Climate / Impact · Clearfell_SE_m = 0.0305 [10d_08_spring_mixed_model_results.csv] as mm
report11:90cea82ef2,deny,"'order of 7 mm/yr...five decades' is an extrapolated MDE threshold; neither candidate (PET monthly trend, forest-impact shift) is that quantity",,report10-16,full_record / 12 · slope_mm_per_yr = -0.00663913 [00_06_pet_monthly_trends.csv] as mm
report11:a4cdbebc5d,confirm,pet_warming_dT matches 0.73 degC rise,,report10-16,pet_warming_dT = 0.728889 [00_report_numbers.csv]
report11:87450057d2,confirm,pet_warming_pct_T matches 7.2%,,report10-16,pet_warming_pct_T = 7.20404 [00_report_numbers.csv]
report11:66000cdc12,confirm,pet_warming_pct_PET matches 3.0%,,report10-16,pet_warming_pct_PET = 3.00296 [00_report_numbers.csv]
report11:a126068756,deny,"sentence states the 1931-1960 30-year mean PET (~631); attribution is the single year 1961, not the mean",30-year mean of Annual_PET_mm 1931-1960 [00_01_annual_climate_summary.csv],report10-16,1961 · Annual_PET_mm = 631.213 [00_01_annual_climate_summary.csv]
report11:196a0f0275,deny,"sentence states the 1996-2025 30-year mean PET (~650); attribution is a single year (1975/1988 tie), not the mean",30-year mean of Annual_PET_mm 1996-2025 [00_01_annual_climate_summary.csv],report10-16,1975 · Annual_PET_mm = 650.18 [00_01_annual_climate_summary.csv]
report11:db03f1f5d0,confirm,pet_warming_elasticity matches 0.42,,report10-16,pet_warming_elasticity = 0.416844 [00_report_numbers.csv]
report11:ae0767f292,confirm,CoeffShift_NW10_b3_after matches NW10 beta_3=0.043,,report10-16,CoeffShift_NW10_b3_after = 0.0432 [10_consolidated_report_numbers.csv]
report11:21295f14ac,deny,sentence states C4's median beta_3 (0.019); Sy_OLS_SE is an unrelated specific-yield standard error,C4 (Main Forest) · beta_3_median = 0.018984 [03_05_bootstrap_ci.csv],report10-16,C4 (Main Forest) / False · Sy_OLS_SE = 0.0186692 [17_wtf_01_sy_estimates.csv]
report11:f431798422,confirm,Forest/Impact s_coast_fitted matches 1.59,,report10-16,Forest / Impact · s_coast_fitted = 1.59224 [10a_10_coastal_fixed1_sensitivity.csv]
report11:878f85f953,confirm,Forest/Impact s_coast_se matches ±0.44,,report10-16,Forest / Impact · s_coast_se = 0.442077 [10a_09_coastal_scale_factor.csv]
report11:b390641359,confirm,Combined/Impact s_coast_fitted matches 1.34,,report10-16,Combined / Impact · s_coast_fitted = 1.33808 [10a_10_coastal_fixed1_sensitivity.csv]
report11:5ae62317ab,confirm,Combined/Impact s_coast_se pairs with the 1.34 combined estimate,,report10-16,Combined / Impact · s_coast_se = 0.608444 [10a_09_coastal_scale_factor.csv]
report11:162d929a36,confirm,FarField/Impact s_coast matches -1.51,,report10-16,FarField / Impact · s_coast = -1.50833 [10a_09_coastal_scale_factor.csv]
report11:c69c76a9d6,confirm,"FarField/Impact s_coast_se is the same row's SE, correctly paired",,report10-16,FarField / Impact · s_coast_se = 0.612817 [10a_09_coastal_scale_factor.csv]
report11:9a3bdb6dea,deny,"PUBLISHED_MAX_PROFILE_RATE is a Pye & Blott shoreline-retreat-rate constant, not the water-balance closure percentage",water-balance closure % [16_water_balance / 16_water_bal_table.csv],report10-16,PUBLISHED_MAX_PROFILE_RATE = 1.8 [config.py]
report11:32ba7e4f26,confirm,66 reference wells is the legitimate derived count,,report10-16,66 well columns in reference (lake excluded) = 66 [01_wells_reference.csv]
report11:5445abe941,deny,"+-0.01 m/month is a residual threshold, not a clearfell mixed-model standard error",,report10-16,Forest / Forest Ctrl · Clearfell_SE_m = 0.0147 [10d_08_spring_mixed_model_results.csv]
report11:cfd6d65535,deny,"oos_R_open_water_ratio_p16 is a modelled:observed area-ratio percentile (Script 45), not the r=0.47 MSL5-vs-summer-min-slope correlation",,report10-16,oos_R_open_water_ratio_p16 = 0.466532 [45_report_numbers.csv]
report11:0be565a493,deny,sentence's 'forest control gain' is a C4/C5 forest-cluster quantity; C2's driver-validation residual is the wrong cluster/subject,,report10-16,C2 max of residual_2018_2025 · residual_2018_2025 = 126.719 [37_driver_validation_per_well.csv]
report11:1231c34460,deny,'+90 mm...climate control gain' needs the open-dune Climate group's value; Forest/Impact Clearfell_SE_m is a standard error for the wrong subject (Forest),,report10-16,Forest / Impact · Clearfell_SE_m = 0.0903 [10d_08_spring_mixed_model_results.csv] as mm
report11:eed09e0213,deny,"Spread_Climate_Edge_step_range is a BACI single-control-well sensitivity spread, not the MSL5-window forest-vs-climate excess figure",,report10-16,Spread_Climate_Edge_step_range = 0.0764291 [10_consolidated_report_numbers.csv] as mm
report10:63ec2540f6,confirm,C2's n_years coincides with the site's reference-record length (21 years),,report10-16,C2 · n_years = 21 [14_spring_trend_stats.csv]
report10:bb1c666f18,deny,sentence is the mean recovery against the forest control; clearfell.peak_mm is a different (peak) statistic,ANCOVA_Forest_Impact_clearfell_step [10_consolidated_report_numbers.csv],report10-16,clearfell · peak_mm = 113.1 [37b_driver_footing.csv]
report10:6572188bd0,confirm,legitimate derived 88-well network count,,report10-16,66 reference + 22 extended well columns = 88 dipwells = 88 [01_wells_reference.csv]
report10:7452eba45d,deny,"sentence states the long-run mean P/PET (1.36); attribution is a single year (1939), not the mean",Long-term mean · P_PET_ratio [00_01_annual_climate_summary_short.csv],report10-16,1939 · P_PET_ratio = 1.35826 [00_01_annual_climate_summary.csv]
report10:03ebe08a23,confirm,matches 66 reference wells,,report10-16,climate · n_wells_evaluated = 66 [37b_driver_footing.csv]
report10:13853a0ef3,confirm,legitimate derived 22-well extended-network count,,report10-16,22 well columns in extended (lake excluded) = 22 [01_wells_extended.csv]
report10:0d13c42246,deny,24% is Freeman (2008)'s cited canopy interception figure = FOREST_INTERCEPTION; SSM_drain_frac is a different quantity (drainage share of losses),FOREST_INTERCEPTION = 0.24 [config.py],report10-16,C4 (Main Forest) · SSM_drain_frac = 0.2388 [16_water_bal_rec_table.csv] as %
report10:899d6425f0,confirm,directly states the 3.7 m drainage datum,,report10-16,DRAINAGE_DATUM = 3.7 [config.py]
report10:5957abfe33,deny,"the 2 is the constant in ln(2) from the t1/2 formula quoted, not benchmark_wells_SSM_worse",,report10-16,benchmark_wells_SSM_worse = 2 [08_report_numbers.csv]
report10:ac3f9f8aac,confirm,matches the coastal reach L_cg = 900 m,,report10-16,c3_only_mam / linear_capped_cfix · L_m = 900 [25_01_panel_fit_parameters.csv]
report10:2aa4e3ef5a,deny,"sentence states r-squared for the t1/2 regression; depth_bg is point p2's flood depth in metres, a different quantity",,report10-16,p2 · depth_bg = 0.7 [11b_03_pflood_per_well.csv]
report10:c3c40edca9,unsure,neither candidate is a regression coefficient of per-well slopes on the coastal predictor; both are unrelated per-well diagnostic values,,report10-16,ceh36 · depth_bg = 0.974667 [11b_03_pflood_per_well.csv]
report10:1410c605d1,confirm,k=5 is the legitimate derived partition size,,report10-16,distinct clusters in cluster_k5 (k = 5) · cluster_k5 = 5 [02_07_cluster_membership_k5.csv]
report10:40e1aac341,deny,sentence's r=+0.58 is beta_3 vs distance-to-coast within C3 (Script 29); Mid_drain_frac is an unrelated C2 water-balance fraction,C3_beta3_vs_inland_r [29_report_numbers.csv],report10-16,C2 (Dune) · Mid_drain_frac = 0.5761 [16_water_bal_rec_table.csv]
report10:8cefc4aec3,deny,"sentence's r=-0.83 is specific yield vs distance-to-coast within C3, not C4-forest-zone beta_3 vs elevation",C3_Sy_vs_inland_r [29_report_numbers.csv],report10-16,β₃_drainage · r_vs_Elevation = -0.831 [10c_forest_zone_correlations.csv]
report10:31446b74cb,confirm,matches 66 reference wells,,report10-16,coast_erosion · n_wells_evaluated = 66 [37b_driver_footing.csv]
report10:f00d1af913,deny,"+0.02 m/month is a residual threshold, not a clearfell mixed-model coefficient",,report10-16,MixedModelSpring_Climate_Far-field Ctrl_clearfell = 0.0167 [10_consolidated_report_numbers.csv]
report10:632fd01cb3,unsure,plausible cluster-median match but the source file is unregistered and the margin is close,,report10-16,C2 median of mean_residual_m · mean_residual_m = 0.00528138 [24b_01_cluster_climatology.csv]
report10:50a6470ff0,deny,p=0.07 is for the west-to-east residual gradient test; Climate/Coastal Ctrl Clearfell_p is an unrelated BACI p-value,,report10-16,Climate / Coastal Ctrl · Clearfell_p = 0.0651533 [10d_08_spring_mixed_model_results.csv]
report10:2687fdf07e,deny,p=0.17 is for the ridge-to-dune (northing) gradient test; full_record/8 p_value is an unrelated August PET-trend p-value,,report10-16,full_record / 8 · p_value = 0.174324 [00_06_pet_monthly_trends.csv]
report10:58bd003e38,deny,p=0.97 is for the ridge cross-correlation lag test (n=50); well_record/1 p_value is unrelated,,report10-16,well_record / 1 · p_value = 0.972929 [00_06_pet_monthly_trends.csv]
report10:506e854a0e,confirm,matches n=50 in the cross-correlation test,,report10-16,min of N_summer · N_summer = 50 [16_water_bal_rec_table.csv]
report10:178aea47e1,confirm,directly states the 3.7 m datum,,report10-16,DRAINAGE_DATUM = 3.7 [config.py]
report10:fa6ecf7312,confirm,directly states the 3.7 m datum,,report10-16,DRAINAGE_DATUM = 3.7 [config.py]
report10:7b37c079b5,confirm,min of Delta_NSE is the same benchmark-table column as the confirmed +0.184 maximum,,report10-16,min of Delta_NSE · Delta_NSE = 0.033 [15_03_benchmark_table.csv]
report10:eb73c9dd71,confirm,C1 Delta_NSE matches the range's upper end +0.184,,report10-16,C1 · Delta_NSE = 0.184 [15_03_benchmark_table.csv]
report10:c6dfa46c29,deny,"kappa=2.25 is C1's depth-coupling coefficient; h_disp_eq_m is ceh32's equilibrium wetness index, a different quantity",,report10-16,ceh32 · C4 · h_disp_eq_m = 2.25026 [26_equilibrium_wetness_index_per_well.csv]
report10:f2866a28dd,confirm,C1 Delta_NSE matches +0.184,,report10-16,C1 · Delta_NSE = 0.184 [15_03_benchmark_table.csv]
report10:09dcce0730,confirm,min of Best_Kappa_m-1 matches C4's kappa=0.20,,report10-16,min of Best_Kappa_m-1 · Best_Kappa_m-1 = 0.2 [15_03_benchmark_table.csv]
report10:87c87329bf,confirm,C4 Delta_NSE matches +0.134,,report10-16,C4 · Delta_NSE = 0.134 [15_03_benchmark_table.csv]
report10:c79243743a,confirm,matches the C4 centroid beta_3=0.018,,report10-16,c4_centroid_beta3 · Value = 0.0184551 [30_c4_report_numbers.csv]
report10:9f94e3bb11,confirm,directly states the 3.7 m datum,,report10-16,DRAINAGE_DATUM = 3.7 [config.py]
report10:b188d40823,confirm,ceh32 VIF_full matches 1.09 at C4,,report10-16,Ceh32 · VIF_full = 1.09447 [30_c4_perwell_beta3.csv]
report10:b135dd0acf,confirm,C4 corr_PET_hd matches -0.04,,report10-16,C4 (Main Forest) · corr_PET_hd = -0.0421877 [30_c4_identifiability_by_cluster.csv]
report10:ea0f6e5177,deny,1.75 is C1's VIF in the same cross-cluster comparison; delta_ref_se is an unrelated coastal panel-fit SE,C1 (Lake Edge) VIF [30_c4_identifiability_by_cluster.csv],report10-16,full / exponential · delta_ref_se = 1.74627 [25_01_panel_fit_parameters.csv]
report10:35e5a721d3,deny,1.37 is C2's VIF; a long-term P/PET ratio is unrelated,C2 (Dune) VIF [30_c4_identifiability_by_cluster.csv],report10-16,Long-term mean · P_PET_ratio = 1.3657 [00_01_annual_climate_summary_short.csv]
report10:3909ca2953,deny,1.25 is C3's VIF; a single year's (1983) P/PET ratio is unrelated,C3 (Western Residual) VIF [30_c4_identifiability_by_cluster.csv],report10-16,1983 · P_PET_ratio = 1.24967 [00_01_annual_climate_summary.csv]
report10:52789afbc1,deny,1.07 is C5's VIF; a single year's (1976) P/PET ratio is unrelated,C5 (Coastal Forest) VIF [30_c4_identifiability_by_cluster.csv],report10-16,1976 · P_PET_ratio = 1.06776 [00_01_annual_climate_summary.csv]
report10:77246e3ae9,confirm,C5 corr_PET_hd matches -0.17,,report10-16,C5 (Coastal Forest) · corr_PET_hd = -0.174621 [30_c4_identifiability_by_cluster.csv]
report10:fb46b7d320,confirm,c4_hd_sd matches 0.48,,report10-16,c4_hd_sd = 0.476656 [30_c4_report_numbers.csv]
report10:5cffe22783,confirm,c4_centroid_beta3_p matches p=0.002,,report10-16,c4_centroid_beta3_p = 0.00163115 [30_c4_report_numbers.csv]
report10:315dcbda6d,confirm,ceh2 VIF_full matches the median 1.18,,report10-16,ceh2 · VIF_full = 1.17682 [30_c4_perwell_beta3.csv]
report10:b97554b2df,unsure,"0.02 is described as an order-of-magnitude figure, not a specific well's coefficient; the tied candidates are two different wells",,report10-16,Ceh32 · C4 · beta3 = 0.0151881 [30_c4_perwell_beta3.csv]
report10:e9f5b47497,deny,"'p3' is very likely a p-value column, not beta_3; the tied CoeffShift_after value is the correct beta_3 quantity",CoeffShift_CEH30_b3_after [10_consolidated_report_numbers.csv],report10-16,ceh30 · p3 = 0.0245936 [30_c4_perwell_beta3.csv]
report10:23076fde21,confirm,ceh20 beta3 matches the upper end 0.030,,report10-16,ceh20 · beta3 = 0.0299278 [30_c4_perwell_beta3.csv]
report10:cf7f9d5e14,confirm,matches the fitted centroid 0.018,,report10-16,c4_centroid_beta3 · Value = 0.0184551 [30_c4_report_numbers.csv]
report10:06e35eb295,deny,24% is the drainage share of the C4 loss budget; ceh17 hd_sd is an unrelated per-well displacement SD,C4 (Main Forest) SSM_drain_frac = 0.2388 [16_water_bal_rec_table.csv],report10-16,ceh17 · hd_sd = 0.241305 [30_c4_perwell_beta3.csv] as %
report10:00ac454248,confirm,C4 Residual_m_month matches -0.00004,,report10-16,C4 (Main Forest) · Residual_m_month = -3.7e-05 [16_water_bal_table.csv]
report10:142aa3379b,confirm,C4 Total_loss_m_month matches 0.184,,report10-16,C4 (Main Forest) · Total_loss_m_month = 0.184206 [16_water_bal_table.csv]
report10:a9607c685f,confirm,c4_closure_min_beta3 matches 0.019,,report10-16,c4_closure_min_beta3 · Value = 0.019 [30_c4_report_numbers.csv]
report10:50f798a676,confirm,C4_max matches the upper well value 0.040,,report10-16,β₃_drainage · C4_max = 0.04 [10c_forest_zone_cluster_summary.csv]
report10:a02ad71276,confirm,matches the centroid 0.018,,report10-16,c4_centroid_beta3 · Value = 0.0184551 [30_c4_report_numbers.csv]
report10:26ed27a810,confirm,c4_centroid_beta3_excl matches 0.029,,report10-16,c4_centroid_beta3_excl · Value = 0.02902 [30_c4_report_numbers.csv]
report10:9a2459dff7,confirm,matches beta_3=0.018 at the centroid,,report10-16,all_members · beta_3_drainage = 0.0184551 [30_c4_centroid_sensitivity.csv]
report10:2e92808306,confirm,C4 beta_2 matches 2.56,,report10-16,C4 (Main Forest) · beta_2_atmospheric_draw · 03_03_cluster_mechanistic_coefficients.csv · committed 2.5625958969997766 · index confirmed
report10:2e18d08da5,confirm,C2 beta_2 matches 1.74,,report10-16,C2 (Dune) · beta_2_atmospheric_draw · 03_03_cluster_mechanistic_coefficients.csv · committed 1.7419270206912956 · index confirmed
report10:137b6d51bc,confirm,C3 beta_2 matches 1.81,,report10-16,C3 (Western Residual) · beta_2_atmospheric_draw · 03_03_cluster_mechanistic_coefficients.csv · committed 1.807279573206616 · index confirmed
report10:c776c87001,deny,"2.56 is C4's beta_2, already sourced correctly elsewhere in this same passage; delta_ref_se is an unrelated coastal panel-fit SE",C4 (Main Forest) beta_2_atmospheric_draw = 2.5626 [03_03_cluster_mechanistic_coefficients.csv],report10-16,forest_free_mam / linear_capped · delta_ref_se = 2.56004 [25_01_panel_fit_parameters.csv]
report10:2ec9d06598,confirm,C5 beta_2 matches 1.27,,report10-16,C5 (Coastal Forest) · beta_2_atmospheric_draw · 03_03_cluster_mechanistic_coefficients.csv · committed 1.2743092283961304 · index confirmed
report10:4991b9e861,confirm,ceh6 beta_2 matches -0.39,,report10-16,ceh6 · beta_2_atmospheric_draw = -0.387968 [07_coeff_maps_data.csv]
report10:c46fb6b1d8,confirm,ceh6 beta_1 matches 5.33,,report10-16,ceh6 · beta_1_recharge = 5.3331 [07_coeff_maps_data.csv]
report10:1845f400f9,confirm,ceh6 beta_3 matches 0.12,,report10-16,ceh6 · beta_3_drainage = 0.121652 [07_coeff_maps_data.csv]
report10:62ada15e41,deny,0.57 is the C1 centroid beta_2 bootstrap CI lower bound; a canopy-index ratio is an unrelated quantity,C1 (Lake Edge) beta_2_lo = 0.5663 [03_05_bootstrap_ci.csv],report10-16,broadleaf_restock / 2006-01-01 / aerial 1-1-2006.png · ratio_to_conifer = 0.567656 [41_01_canopy_index.csv]
report10:b6de631b18,deny,1.19 is the same CI's upper bound; a single-year P/PET ratio is an unrelated quantity,C1 (Lake Edge) beta_2_hi = 1.1935 [03_05_bootstrap_ci.csv],report10-16,2005 · P_PET_ratio = 1.19377 [00_01_annual_climate_summary.csv]
report10:85d464b04c,confirm,Traditional Model A one-step R2 matches 0.91,,report10-16,Median one-step R2 · Traditional_Model_A = 0.914272 [08_lcsc_04_table3_benchmark_summary.csv]
report10:2c5ece31f8,confirm,StateSpace Model B one-step R2 matches 0.92,,report10-16,Median one-step R2 · StateSpace_Model_B = 0.918602 [08_lcsc_04_table3_benchmark_summary.csv]
report10:4d19d03676,confirm,Traditional Model A iterative NSE matches -0.03,,report10-16,Median iterative NSE · Traditional_Model_A = -0.0254394 [08_lcsc_04_table3_benchmark_summary.csv]
report10:d90a02e979,confirm,StateSpace Model B iterative NSE matches 0.72,,report10-16,Median iterative NSE · StateSpace_Model_B = 0.71941 [08_lcsc_04_table3_benchmark_summary.csv]
report10:d6e08b79db,confirm,Delta B minus A matches +0.82,,report10-16,Median iterative NSE · Delta_B_minus_A = 0.82444 [08_lcsc_04_table3_benchmark_summary.csv]
report10:8a4c4cdfa3,confirm,matches 65 of 66 wells,,report10-16,benchmark_positive_NSE_SSM · Value = 65 [08_report_numbers.csv]
report10:cdd59f78e3,confirm,matches n=66,,report10-16,benchmark_n_wells = 66 [08_report_numbers.csv]
report10:b29bb736c2,confirm,matches 30 of 66 for the TLM,,report10-16,benchmark_positive_NSE_TLM · Value = 30 [08_report_numbers.csv]
report10:4f56a0d2d2,confirm,matches n=66 (second mention),,report10-16,benchmark_n_wells = 66 [08_report_numbers.csv]
report10:7968a3261f,confirm,C4 median dNSE matches +0.410,,report10-16,C4 · C4 · median_dNSE = 0.410435 [08_cluster_nse_medians.csv]
report10:7082c068af,confirm,k=5 is the legitimate derived partition size,,report10-16,distinct clusters in cluster_k5 (k = 5) · cluster_k5 = 5 [02_07_cluster_membership_k5.csv]
report10:96664ba3ae,deny,"sentence names 'lake edge p=0.002' specifically; Eastern_Block is a different block and a_P_winter is a coefficient, not a p-value",Lake_Edge p_value_P_winter = 0.00186 [11_forecast_winter_transfer_functions.csv],report10-16,Eastern_Block · a_P_winter = 0.00170746 [11_forecast_winter_transfer_functions.csv]
report10:6f21102c22,deny,sentence is the WINTER peak-vs-summer-min equation for the eastern block (dune); the SPRING transfer function file is a different regression,Eastern_Block p_value_P_winter [11_forecast_winter_transfer_functions.csv],report10-16,Western_Block · p_value_P_win_to_spr = 0.00379665 [11_forecast_spring_transfer_functions.csv]
report10:71be5f7654,confirm,C1 p_value matches 0.031,,report10-16,C1 · p_value = 0.0307 [14_summer_trend_stats.csv]
report10:54c9c28748,confirm,C5 p_value matches 0.003,,report10-16,C5 · p_value = 0.003 [14_summer_trend_stats.csv]
report10:79b485ca18,confirm,C2 p_value matches 0.071,,report10-16,C2 · p_value = 0.0706 [14_summer_trend_stats.csv]
report10:a9e58b7ed8,confirm,C3 p_value matches 0.188,,report10-16,C3 · p_value = 0.1882 [14_summer_trend_stats.csv]
report10:88375171b4,confirm,C4 p_value matches 0.232,,report10-16,C4 · p_value = 0.232 [14_summer_trend_stats.csv]
report10:d584891696,deny,"WTF_C_BOOTSTRAP_N is the WTF specific-yield episode bootstrap count, a different bootstrap from the summer-minimum trend resample the sentence describes",,report10-16,WTF_C_BOOTSTRAP_N = 1000 [config.py]
report10:86681c52d2,confirm,C1 summer-trend slope matches -10.9 mm/yr,,report10-16,C1 · Slope_m_per_yr = -0.0109 [14_summer_trend_stats.csv] as mm
report10:47e7485066,deny,deltaNSE=+0.184 is C1's depth-dependent-PET benchmark gain; a winter-trend p-value is an unrelated statistic,C1 (Lake Edge) Delta_NSE = 0.184 [15_03_benchmark_table.csv],report10-16,C1 · p_value = 0.1844 [14_winter_trend_stats.csv]
report10:33556113cc,confirm,Forest R2 matches 0.885,,report10-16,Forest · R2 = 0.884536 [11_forecast_winter_transfer_functions.csv]
report10:ff0aa38741,confirm,Forest p_value_P_winter matches 0.924,,report10-16,Forest · p_value_P_winter = 0.923608 [11_forecast_winter_transfer_functions.csv]
report10:2eca43dba6,confirm,C4 current_depth_2025 matches ~1.8 m below ground,,report10-16,C4 · C4 · current_depth_2025 = -1.834 [14b_year_of_crossing.csv]
report10:81aa7d674b,deny,-39 mm is the UKCP18 2080s cluster-mean MSL5 shift; a clearfell BACI coefficient is an unrelated intervention,,report10-16,MixedModel_Climate_Coastal Ctrl_clearfell = -0.0386 [10_consolidated_report_numbers.csv] as mm
report10:83d50cb085,deny,1.8% is the water-balance closure residual; a BACI corroboration z-test statistic is a different quantity,water-balance closure % [16_water_bal_table.csv],report10-16,Climate · z_test_baci_vs_model = 1.8286 [25_04b_baci_corroboration_spread.csv]
report10:0f36b0f7c2,confirm,C1 Recharge_m_month matches 0.340,,report10-16,C1 (Lake Edge) · Recharge_m_month · 16_water_bal_table.csv · committed 0.340408 · index proposed
report10:a6510f267f,deny,"0.296 is C2's recharge (not C3's), and Recharge_m_month is the right column, not an MSL5 5-year median",C2 (Dune) Recharge_m_month [16_water_bal_table.csv],report10-16,C3 (Western Residual) / 2022 · MAX5_m_bg_median = -0.296 [26_msl_5yr_per_cluster.csv]
report10:556106b5ed,confirm,C3 Total_loss_m_month coincides with Recharge_m_month at displayed precision (water balance closes tightly),,report10-16,C3 (Western Residual) · Total_loss_m_month · 16_water_bal_table.csv · committed 0.265114 · index proposed
report10:069c52ea2a,confirm,C5 Recharge_m_month matches 0.180,,report10-16,C5 (Coastal Forest) · Recharge_m_month · 16_water_bal_table.csv · committed 0.18038 · index proposed
report10:c174cf6b67,deny,0.185 is C4's recharge; a per-well beta_1 standard error is a different quantity,C4 (Main Forest) Recharge_m_month = 0.184 [16_water_bal_table.csv],report10-16,ceh34 · C4 · se_beta_1 = 0.185254 [26_equilibrium_wetness_index_per_well.csv]
report10:98547adf65,confirm,C1 Total_loss_m_month matches 0.345,,report10-16,C1 (Lake Edge) · Total_loss_m_month · 16_water_bal_table.csv · committed 0.344544 · index proposed
report10:96e29c1164,confirm,C1 SSM_drain_frac matches 85%,,report10-16,C1 (Lake Edge) · SSM_drain_frac = 0.8534 [16_water_bal_rec_table.csv] as %
report10:06924510da,confirm,C4 SSM_drain_frac matches 24%,,report10-16,C4 (Main Forest) · SSM_drain_frac = 0.2388 [16_water_bal_rec_table.csv] as %
report10:cf6dc0833e,confirm,C2 SSM_drain_frac matches 68%,,report10-16,C2 (Dune) · SSM_drain_frac = 0.6829 [16_water_bal_rec_table.csv] as %
report10:3f8a929f9d,confirm,C2 SSM_ET_frac matches 32%,,report10-16,C2 (Dune) · SSM_ET_frac = 0.3171 [16_water_bal_rec_table.csv] as %
report10:134a65437c,deny,"sentence's 62%/38% pair is explicitly C3's, not C5's",C3 (Western Residual) SSM_drain_frac [16_water_bal_rec_table.csv],report10-16,C5 (Coastal Forest) · SSM_drain_frac = 0.6223 [16_water_bal_rec_table.csv] as %
report10:3e75dd76ec,deny,"the 38% is C3's ET fraction, not C5's",C3 (Western Residual) SSM_ET_frac [16_water_bal_rec_table.csv],report10-16,C5 (Coastal Forest) · SSM_ET_frac = 0.3777 [16_water_bal_rec_table.csv] as %
report10:5a04d1cdbf,deny,"'mean of Mid_drain_frac' is an aggregate across all clusters, not C5's own value",,report10-16,mean of Mid_drain_frac · Mid_drain_frac = 0.59704 [16_water_bal_rec_table.csv] as %
report10:29d0984db9,deny,"'min of Mid_drain_frac' is an aggregate across all clusters, not C5's own value",,report10-16,min of Mid_drain_frac · Mid_drain_frac = 0.4 [16_water_bal_vol_table.csv] as %
report10:b000c7635a,confirm,legitimate derived 66-well reference count,,report10-16,66 well columns in reference (lake excluded) = 66 [01_wells_reference.csv]
report10:5f08f7587a,deny,1.27 is C5's beta_2; a coastal-scale-factor CI bound is an unrelated quantity,C5 (Coastal Forest) beta_2_atmospheric_draw = 1.2743 [03_03_cluster_mechanistic_coefficients.csv],report10-16,2006_2012 / primary · s_coast_ci_lo = -1.2738 [37_scale_factors_by_window.csv]
report10:fee87708e8,deny,1.74 is C2's beta_2; a single year's P/PET ratio is unrelated,C2 (Dune) beta_2_atmospheric_draw = 1.7419 [03_03_cluster_mechanistic_coefficients.csv],report10-16,1954 · P_PET_ratio = 1.73828 [00_01_annual_climate_summary.csv]
report10:40ed639b44,deny,1.81 is C3's beta_2; a coastal panel-fit SE is unrelated,C3 (Western Residual) beta_2_atmospheric_draw = 1.8073 [03_03_cluster_mechanistic_coefficients.csv],report10-16,full_canopy / exponential · delta_ref_se = 1.8108 [25_01_panel_fit_parameters.csv]
report10:57a1fa7404,deny,2.56 is C4's beta_2; a coastal panel-fit SE is unrelated,C4 (Main Forest) beta_2_atmospheric_draw = 2.5626 [03_03_cluster_mechanistic_coefficients.csv],report10-16,forest_free_mam / linear_capped · delta_ref_se = 2.56004 [25_01_panel_fit_parameters.csv]
report10:fcf3b6ce9b,deny,kappa=0.20 is C4's depth coupling in the same benchmark table used elsewhere; a distribution-mean depth or a z-score is unrelated,C4 (Main Forest) Best_Kappa_m-1 = 0.2 [15_03_benchmark_table.csv],report10-16,mean of SD_depth_m · SD_depth_m = 0.20068 [21_forestry_02_distributions_means.csv]
report10:d68f41f5a0,deny,48 of 63 is a count of wells peaking in winter/spring; a coastal panel-fit length SE is a different quantity,,report10-16,forest_free / linear_capped · L_se = 48 [25_01_panel_fit_parameters.csv]
report10:349cc5c1be,confirm,directly states the 3.7 m datum,,report10-16,DRAINAGE_DATUM = 3.7 [config.py]
report10:84a78dc4ae,deny,1.36 is the amplification-factor range minimum; a BACI t-statistic is a different quantity,min of amp_coefficient ~1.36 [35_per_well_amplification.csv],report10-16,CEH6 / Far-field Ctrl / Climate · t_stat = -1.361 [10d_02_summer_minima_shifts.csv]
report10:1dac393b67,confirm,ceh14 amp_coefficient matches the range maximum 2.20,,report10-16,ceh14 · amp_coefficient = 2.2044 [35_per_well_amplification.csv]
report10:68545c9cf7,confirm,ceh5 (C1) amplification matches 0.66x,,report10-16,ceh5 · C1 · amplification = 0.663202 [33_envelope_per_well.csv]
report10:e458789cc9,deny,"MECH_FIG_PX_PER_MM is a figure-rendering pixel-scale constant, not the 100 mm cwb bin size in the interaction term",,report10-16,MECH_FIG_PX_PER_MM = 0.1 [config.py] as mm
report10:aac9df2740,unsure,neither candidate is clearly the cwb-squared x clearfell interaction p-value for the impact zone,,report10-16,full_record / 8 · p_value = 0.174324 [00_06_pet_monthly_trends.csv]
report10:a73646c754,deny,same figure-rendering constant issue as the edge-zone occurrence,,report10-16,MECH_FIG_PX_PER_MM = 0.1 [config.py] as mm
report10:ca7c4f3157,deny,"sentence is about the WMC3 SCRAPING era; MixedModel_Forest_Climate Ctrl_clearfell is a CLEARFELL-intervention key, the wrong intervention",,report10-16,MixedModel_Forest_Climate Ctrl_clearfell = -0.0459 [10_consolidated_report_numbers.csv] as mm
report10:37143e154f,confirm,WMC3 2015-scraping step matches 55 mm,,report10-16,WMC3_BACI_DiD_step_2015_scraping · Value = -0.0552146 [10_consolidated_report_numbers.csv] as mm
report10:d3110496e4,confirm,WMC3 2023-scraping step matches 54 mm,,report10-16,WMC3_BACI_DiD_step_2023_scraping · Value = -0.0538282 [10_consolidated_report_numbers.csv] as mm
report10:9ddf4b5483,confirm,CEH36 2017 Gap_climate_m matches the +422 mm peak,,report10-16,CEH36 / 2017 · Gap_climate_m = 0.4225 [09c_01_summer_minima.csv] as mm
report10:e62ba26851,confirm,Scrape_equilibration_slope_from_peak matches -17 mm/yr,,report10-16,Scrape_equilibration_slope_from_peak · Value = -0.01689 [09c_report_numbers.csv] as mm
report10:3ecf1f5a58,confirm,Scrape_equilibration_slope_from_scrape matches -14 mm/yr,,report10-16,Scrape_equilibration_slope_from_scrape · Value = -0.01394 [09c_report_numbers.csv] as mm
report10:7da3bfb5a2,confirm,Scrape_equilibration_residual matches +187 mm,,report10-16,Scrape_equilibration_residual · Value = 0.1868 [09c_report_numbers.csv] as mm
report10:624c3300be,deny,the felled-well post-felling trend is a clearfell-specific quantity; a PET monthly trend slope is unrelated,,report10-16,well_record / 9 · slope_mm_per_yr = 0.00141783 [00_06_pet_monthly_trends.csv] as mm
report10:dab9be3952,deny,sentence is the ceh4-paired trend at the NW10 comparison; SummerMin_Climate_Edge_mean_shift is the wrong control pairing,,report10-16,SummerMin_Climate_Edge_mean_shift = 0.00655 [10_consolidated_report_numbers.csv] as mm
report10:cc286a242c,confirm,wmc3 dist_ceh36_m matches 262 m,,report10-16,wmc3 · dist_ceh36_m = 262.439 [29_within_c3_variance.csv]
report10:345de217c2,confirm,matches the 2015-scraping step 55 mm,,report10-16,WMC3_BACI_DiD_step_2015_scraping = -0.0552146 [10_consolidated_report_numbers.csv] as mm
report10:0cd159811f,confirm,matches the 2023-scraping step 54 mm,,report10-16,WMC3_BACI_DiD_step_2023_scraping · Value = -0.0538282 [10_consolidated_report_numbers.csv] as mm
report10:23d0b35420,deny,"this is Pye & Blott's cited retreat rate, documented in config as sourced from that paper; a Script 40 pipeline rate is a different (coincidentally similar) source",PUBLISHED_MAX_PROFILE_RATE = 1.8 [config.py],report10-16,2006 / 2017 / modern_common_frontage · rate_m_yr = 1.80899 [40_01_epoch_series.csv]
report10:00f78bbb9d,confirm,wmc3 dist_m matches 262 m,,report10-16,wmc3 · dist_m = 262.439 [09b_01_individual_well_baci.csv]
report10:f7de259d92,deny,"55 mm is the WMC3 2015-scraping step, already sourced correctly elsewhere; median of pre_b3 is an unrelated aggregate",WMC3_BACI_DiD_step_2015_scraping [10_consolidated_report_numbers.csv],report10-16,median of pre_b3 · pre_b3 = 0.0554 [09b_01_individual_well_baci.csv] as mm
report10:e6607aa909,confirm,matches 262 m,,report10-16,wmc3 · C3 · dist_m = 262.439 [09b_01_individual_well_baci.csv]
report10:128f5536eb,confirm,L_well_basis_se_m matches +-128 m,,report10-16,L_well_basis_se_m = 127.776 [25_report_numbers.csv]
report10:3bc78ec6fb,confirm,transect_trend_mm_yr matches -28.2 mm/yr,,report10-16,transect_trend_mm_yr · 38_report_numbers.csv · committed -28.16117216117173 · index confirmed
report10:1ca67e1a75,deny,-31.3 is the delta_0 gradient from the coastal panel fit cited elsewhere; the 09f reach-profile file is a different (forest-drawdown) model,full/linear_capped or forest_free delta_0 [25_01_panel_fit_parameters.csv],report10-16,197.77 · thinned_forest_head_mm = -31.31 [09f_01_reach_profile.csv]
report10:08ffe2e505,deny,"2.3 mm/yr is the Holyhead tide-gauge rate cited from Pye & Blott (2024), a literature figure, not the 34_window_matrix change_mm",,report10-16,2024 / 2025 · change_mm = -2.3416 [34_window_matrix.csv]
report10:e09da201cb,deny,"3 mm/yr is a cited satellite-altimetry figure (literature), not Scraping_distance_weight, which does not even round to 3",,report10-16,Scraping_distance_weight = 0.00258463 [10_consolidated_report_numbers.csv] as mm
report10:15e6b26d1f,confirm,legitimate derived KML clearfell-polygon area 4.4 ha,,report10-16,clearfell.kml polygon area = 4.41 ha · area_ha = 4.40791 [clearfell.kml]
report10:29f023bc88,confirm,ANCOVA_C_WMC3_only_Forest_clearfell_step matches +113 mm at WMC3 against the forest control,,report10-16,ANCOVA_C_WMC3_only_Forest_clearfell_step = 0.113095 [10_consolidated_report_numbers.csv] as mm
report10:3bd871cc47,confirm,matching WMC3-only ANCOVA p=0.002,,report10-16,ANCOVA_C_WMC3_only_Forest_clearfell_p = 0.00208622 [10_consolidated_report_numbers.csv]
report10:896db16910,confirm,ANCOVA_Forest_Edge_clearfell_step matches the edge-tier +30 mm,,report10-16,ANCOVA_Forest_Edge_clearfell_step = 0.0296701 [10_consolidated_report_numbers.csv] as mm
report10:0b3a435f74,confirm,Forest/Edge Clearfell_p matches 0.25,,report10-16,Forest / Edge · Clearfell_p = 0.248589 [10a_01_ancova_comparison_table.csv]
report10:ffa227c111,confirm,Forest/Impact s_coast_fitted matches 1.59,,report10-16,Forest / Impact · s_coast_fitted = 1.59224 [10a_10_coastal_fixed1_sensitivity.csv]
report10:c433264782,confirm,Forest/Impact s_coast_se matches 0.44,,report10-16,Forest / Impact · s_coast_se = 0.442077 [10a_09_coastal_scale_factor.csv]
report10:493e823ca1,confirm,clearfell_step_fixed1_m matches +77 mm,,report10-16,Forest / Impact · clearfell_step_fixed1_m = 0.0772475 [10a_10_coastal_fixed1_sensitivity.csv] as mm
report10:622bc9e18a,confirm,"clearfell_step_free_m matches +113 mm, the free-fit counterpart to the fixed +77 mm",,report10-16,Forest / Impact · clearfell_step_free_m = 0.113095 [10a_10_coastal_fixed1_sensitivity.csv] as mm
report10:c86188f82c,confirm,free_trend p-value pairs with the free-fit +113 mm estimate,,report10-16,all5 / free_trend · p = 0.00208622 [10a_12_control_subset_sensitivity.csv]
report10:4a23b17ea1,confirm,Canopy_era_Impact_early_step matches +154 mm,,report10-16,Canopy_era_Impact_early_step = 0.153735 [10a_report_numbers.csv] as mm
report10:a3103545d4,confirm,Canopy_era_Impact_late_step matches +36 mm,,report10-16,Canopy_era_Impact_late_step = 0.0361435 [10a_report_numbers.csv] as mm
report10:592e0e58fa,confirm,Canopy_era_Edge_early_step matches +64 mm,,report10-16,Canopy_era_Edge_early_step = 0.063814 [10a_report_numbers.csv] as mm
report10:4faf939560,confirm,Canopy_era_Edge_late_step matches -11 mm,,report10-16,Canopy_era_Edge_late_step = -0.0109983 [10a_report_numbers.csv] as mm
report10:0dee2c9263,confirm,ANCOVA_Forest_Impact_clearfell_step matches the +113 mm record-mean,,report10-16,ANCOVA_Forest_Impact_clearfell_step = 0.113095 [10a_report_numbers.csv] as mm
report10:ddb8a8657a,confirm,matches the canopy texture index 1.235,,report10-16,clearfell / 2017-04-22 / aerial22-4-2017.png · index = 1.23527 [41_01_canopy_index.csv]
report10:d894530606,confirm,matches the canopy texture index 0.141,,report10-16,clearfell / 2018-06-28 / aerial28-6-2018.png · index = 0.14085 [41_01_canopy_index.csv]
report10:4f4b73de2c,confirm,matches the canopy texture index 1.248,,report10-16,felling_experiment / 2017-04-22 / aerial22-4-2017.png · index = 1.24764 [41_01_canopy_index.csv]
report10:875af91bcb,confirm,matches the canopy texture index 0.123 on the stated date,,report10-16,felling_experiment / 2018-06-28 / aerial28-6-2018.png · index = 0.122667 [41_01_canopy_index.csv]
report10:324347694e,confirm,ANCOVA_Forest_Impact_clearfell_step_summer matches +50 mm,,report10-16,ANCOVA_Forest_Impact_clearfell_step_summer = 0.0500747 [10_consolidated_report_numbers.csv] as mm
report10:7b269e437b,confirm,ANCOVA_Forest_Impact_clearfell_step matches the +113 mm headline,,report10-16,ANCOVA_Forest_Impact_clearfell_step = 0.113095 [10_consolidated_report_numbers.csv] as mm
report10:fdaee4cbb1,deny,+17 mm is the paired-design ANCOVA step; MixedModelSpring is a different (seasonal) analysis family,,report10-16,MixedModelSpring_Climate_Climate Ctrl_clearfell = 0.0168 [10_consolidated_report_numbers.csv] as mm
report10:cb9330681a,deny,the established +113/p=0.002 headline uses the WMC3-only variant; the B (WMC3+FE2) variant is a different specification,ANCOVA_C_WMC3_only_Forest_clearfell_p [10_consolidated_report_numbers.csv],report10-16,ANCOVA_B_WMC3+FE2_Forest_clearfell_p = 0.00161722 [10_consolidated_report_numbers.csv]
report10:2622266a54,confirm,all5/no_trend p matches 0.51 in the same 10a control-subset-sensitivity family,,report10-16,all5 / no_trend · p = 0.5079 [10a_12_control_subset_sensitivity.csv]
report10:e3122bac8b,deny,"'mean lift' matches the ANCOVA step, not clearfell.peak_mm (a peak statistic)",ANCOVA_Forest_Impact_clearfell_step [10_consolidated_report_numbers.csv],report10-16,clearfell · peak_mm = 113.1 [37b_driver_footing.csv]
report10:9ccd31dc13,confirm,Forest/Impact coastal_differential_mm_yr matches -10.7,,report10-16,Forest / Impact · coastal_differential_mm_yr = -10.7025 [10a_09_coastal_scale_factor.csv]
report10:c448950da3,confirm,Forest/Impact s_coast matches 1.59,,report10-16,Forest / Impact · s_coast = 1.59224 [10a_09_coastal_scale_factor.csv]
report10:dcebc4d6da,confirm,Forest/Impact s_coast_se matches 0.44,,report10-16,Forest / Impact · s_coast_se = 0.442077 [10a_09_coastal_scale_factor.csv]
report10:9f244a2b37,deny,0.7 residual standard deviations is a coastal-gradient regression statistic; a canopy-index ratio is unrelated,,report10-16,felling_1998_1 / 2017-03-24 / aerial24-3-2017.png · index = 0.682361 [41_01_canopy_index.csv]
report10:3fb059bc19,confirm,ANCOVA_Forest_Impact_clearfell_step matches the +113 mm headline,,report10-16,ANCOVA_Forest_Impact_clearfell_step = 0.113095 [10_consolidated_report_numbers.csv] as mm
report10:2999c3d5a4,deny,5.8% is the network-mean beta_1 pct reduction; Scraping_distance_weight is an unrelated scraping-model term,,report10-16,Scraping_distance_weight = 0.0582981 [10_consolidated_report_numbers.csv] as %
report10:0b65a49507,deny,"-2.0% is the FOREST control tier's decline, not the Edge tier's",,report10-16,ANCOVA_Combined_Edge_clearfell_step = -0.0202173 [10_consolidated_report_numbers.csv] as %
report10:40e9f4614d,confirm,Canopy_era_Impact_early_step matches +154 mm,,report10-16,Canopy_era_Impact_early_step = 0.153735 [10_consolidated_report_numbers.csv] as mm
report10:655c142f85,confirm,Canopy_era_Impact_late_step matches +36 mm,,report10-16,Canopy_era_Impact_late_step = 0.0361435 [10_consolidated_report_numbers.csv] as mm
report10:1febf6b74a,confirm,outside_only/free_trend step_mm matches +114 mm using only the two outside controls,,report10-16,outside_only / free_trend · step_mm = 113.918 [10a_12_control_subset_sensitivity.csv]
report10:246ee9b7f9,confirm,ANCOVA_Forest_Impact_clearfell_step matches +113 mm,,report10-16,ANCOVA_Forest_Impact_clearfell_step = 0.113095 [10a_report_numbers.csv] as mm
report10:ed117fc63f,confirm,N_summers matches n=3 for the scraping-era period,,report10-16,C3 Warren interior / Scraping era 2015–17 · N_summers = 3 [21_forestry_02_distributions_means.csv]
report10:7bd3eed514,confirm,N_summers matches n=3 (second occurrence),,report10-16,C3 Warren interior / Scraping era 2015–17 · N_summers = 3 [21_forestry_02_distributions_means.csv]
report10:f3a0bf4939,confirm,ANCOVA_Forest_Impact_clearfell_step matches +113 mm,,report10-16,ANCOVA_Forest_Impact_clearfell_step = 0.113095 [10_consolidated_report_numbers.csv] as mm
report10:27ae72b3b6,confirm,FourZone_contrast_Impact_vs_Forest matches the four-zone +24 mm,,report10-16,FourZone_contrast_Impact_vs_Forest = 0.0241 [10_consolidated_report_numbers.csv] as mm
report10:df5449f99e,confirm,driest_decade_mean_rain matches 793 mm,,report10-16,driest_decade_mean_rain = 793.38 [00_report_numbers.csv]
report10:91c5b4e354,confirm,clearfell_b2_mult matches x1.019,,report10-16,C2 · clearfell_b2_mult = 1.01885 [pipeline_scenario_params.csv]
report10:669ad03e96,confirm,clearfell/annual/C4 we_mean_mm matches +10.0 mm,,report10-16,clearfell / annual / C4 · we_mean_mm = 9.96443 [19_scenario_summary.csv]
report10:5e8d3f669e,confirm,clearfell/annual/C5 we_mean_mm matches +12.2 mm,,report10-16,clearfell / annual / C5 · we_mean_mm = 12.1961 [19_scenario_summary.csv]
report10:ef3977648f,confirm,thinning/annual/C4 we_mean_mm matches +5.0 mm,,report10-16,thinning / annual / C4 · we_mean_mm = 4.98222 [19_scenario_summary.csv]
report10:5372932172,confirm,thinning/annual/C5 we_mean_mm matches +6.1 mm,,report10-16,thinning / annual / C5 · we_mean_mm = 6.09805 [19_scenario_summary.csv]
report10:5c0ea85391,confirm,C4 broadleaf_b2_summer matches x1.075,,report10-16,C4 · broadleaf_b2_summer = 1.075 [pipeline_scenario_params.csv]
report10:1587eb4830,deny,15% is the broadleaf interception figure paired with the 24% pine figure; a canopy-index ratio for one aerial frame is unrelated,,report10-16,clearfell / 2020-04-24 / aerial24-4-2020.png · ratio_to_conifer = 0.149153 [41_01_canopy_index.csv] as %
report10:967d468ad2,deny,+2.8 mm w.e./month is C4's net volumetric scenario effect; C5_max beta_1_recharge is the wrong cluster and the wrong quantity,,report10-16,β₁_recharge · C5_max = 2.753 [10c_forest_zone_cluster_summary.csv]
report10:9f411cc7d7,deny,"25% is the low end of a cited UK conifer-plantation interception range (literature), not ari_recoverability",,report10-16,Forest (canopy flag) / forest · ari_recoverability = 0.246 [31b_separation_vs_recoverability.csv] as %
report10:9327e4b944,deny,"45% is the high end of the same cited literature range, not a coastal scale-factor",,report10-16,2018_2025 / with_broadleaf_covariate · s_coast = -0.4492 [37_scale_factors_by_window.csv] as %
report10:a7ca8074e1,deny,5 cm is Freeman (2008)'s cited soil-profile depth (literature); CANOPY_TEXTURE_WINDOW is an unrelated image-analysis constant,,report10-16,CANOPY_TEXTURE_WINDOW = 5 [config.py]
report10:817b72311b,deny,1.07 m is Freeman's cited water-table depth difference (literature); BROADLEAF_B2_SUMMER is an unrelated scenario multiplier,,report10-16,BROADLEAF_B2_SUMMER = 1.075 [config.py]
report10:ef280b72e6,confirm,C5 lag-0 R2 matches 0.683,,report10-16,C5 (Coastal Forest) / full_record · R2 · 03_14_centroid_window_sensitivity.csv · committed 0.6828076966269476 · index proposed
report10:780e34ea10,confirm,C4 lag-0 R2 matches 0.722,,report10-16,C4 (Main Forest) / full_record · R2 · 03_14_centroid_window_sensitivity.csv · committed 0.7215300155336086 · index proposed
report10:de099ddf94,deny,0.384 is C4's lag-1 R2; a min-of-maxs aggregate with the wrong sign is unrelated,C4 (Main Forest) lag-1 R2 [03_14_centroid_window_sensitivity.csv],report10-16,min of per-column maxs = -0.3836 [03_12_partition_vs_datum.csv]
report10:47e4e2d9c4,deny,the runner-up explicitly names C1 (Lake Edge) R2 matching the sentence's subject; the primary well t41b is unrelated,C1 (Lake Edge) R2 [03_04_lag_diagnostic.csv],report10-16,t41b · R2_gain_max_vs_uniform = 0.0372757 [03_09_well_optimal_datums.csv]
report10:9f5f899c7d,confirm,C4 beta_1_recharge matches 2.477,,report10-16,C4 (Main Forest) · beta_1_recharge · 03_03_cluster_mechanistic_coefficients.csv · committed 2.477069614609544 · index confirmed
report10:1b8f42f5e5,confirm,C3 beta_1_recharge matches 3.573,,report10-16,C3 (Western Residual) · beta_1_recharge · 03_03_cluster_mechanistic_coefficients.csv · committed 3.5728399687984083 · index confirmed
report10:9d6cce4265,confirm,C1 beta_1_recharge matches 4.578,,report10-16,C1 (Lake Edge) · beta_1_recharge · 03_03_cluster_mechanistic_coefficients.csv · committed 4.5784848694019455 · index confirmed
report10:6db4f1d3b9,deny,1.8 m is C4's summer-minimum depth below ground; PUBLISHED_MAX_PROFILE_RATE is an unrelated shoreline-rate constant,C4 (Main Forest) current_depth_2025 ~= -1.834 [14b_year_of_crossing.csv],report10-16,PUBLISHED_MAX_PROFILE_RATE = 1.8 [config.py]
report10:702818b214,deny,p=0.17 is the cwb-squared x clearfell interaction at the impact zone; a PET monthly trend p-value is unrelated,,report10-16,full_record / 8 · p_value = 0.174324 [00_06_pet_monthly_trends.csv]
report10:1dc0152c66,deny,p=0.28 is the same interaction at the edge zone; a per-well beta_3 p-value is unrelated,,report10-16,ceh34 · C4 · pvalue_beta_3 = 0.282858 [03_15_per_well_window_sensitivity.csv]
report10:6c1e890242,deny,"+0.02 m/month is a residual threshold, not a clearfell ANCOVA step",,report10-16,ANCOVA_Forest_Edge_clearfell_step_s_fixed1 = 0.0177536 [10_consolidated_report_numbers.csv]
report10:9e74e48a1f,confirm,ceh34 beta_1_recharge matches the C4 per-well median 2.339,,report10-16,ceh34 · beta_1_recharge = 2.33936 [07_coeff_maps_data.csv]
report10:7a1eee92e2,confirm,CoeffShift_NW10_b3_after matches 0.043,,report10-16,CoeffShift_NW10_b3_after = 0.0432 [10_consolidated_report_numbers.csv]
report10:c79f29591a,deny,"0.019 is C4's median beta_3, already sourced elsewhere as beta_3_median; a clearfell summer-min mean shift is unrelated",C4 (Main Forest) beta_3_median = 0.018984 [03_05_bootstrap_ci.csv],report10-16,SummerMin_Climate_Impact_mean_shift = -0.0186 [10_consolidated_report_numbers.csv]
report10:5646a1a63d,deny,"-46 mm/yr is NW10's trend rate; MixedModel_Forest_Climate Ctrl_clearfell is a level-step statistic in mm, a different unit and quantity",,report10-16,MixedModel_Forest_Climate Ctrl_clearfell = -0.0459 [10_consolidated_report_numbers.csv] as mm
report10:4cd08c2968,deny,100 m is a geographic distance (NW10 to ceh2); LCSC_DATA_LIMIT is an unrelated 100-month record-length constant,,report10-16,LCSC_DATA_LIMIT = 100 [config.py]
report10:555a013ba2,confirm,broadleaf_b2_summer matches x1.075,,report10-16,C4 · broadleaf_b2_summer = 1.075 [pipeline_scenario_params.csv]
report10:0d9aebc8ed,confirm,Broadleaf/C4 Delta_vol_mm_per_month matches -0.7 exactly,,report10-16,Broadleaf / C4 · Delta_vol_mm_per_month = -0.7 [09b_04_scenario_comparison.csv]
report10:f87e377dca,deny,+1.6 mm is the broadleaf/C5 scenario effect; a canopy texture index is unrelated,Broadleaf/C5 Delta_vol_mm_per_month [09b_04_scenario_comparison.csv],report10-16,felling_experiment / 2006-01-01 / aerial 1-1-2006.png · index = 1.57177 [41_01_canopy_index.csv]
report10:7e3312a26c,deny,6-7 years is an extrapolation horizon; MSL_HYDRO_YEAR_START_MONTH is an unrelated calendar-month constant,,report10-16,MSL_HYDRO_YEAR_START_MONTH = 6 [config.py]
report10:05b2b06007,deny,same NW10 trend-vs-level-step mismatch as the earlier -46 mm/yr occurrence,,report10-16,MixedModel_Forest_Climate Ctrl_clearfell = -0.0459 [10_consolidated_report_numbers.csv] as mm
report10:9e27239855,deny,"25% is the low end of the cited UK conifer literature range, not ari_recoverability",,report10-16,Forest (canopy flag) / forest · ari_recoverability = 0.246 [31b_separation_vs_recoverability.csv] as %
report10:39990c81d2,deny,"45% is the high end of the same cited literature range, not a coastal scale-factor",,report10-16,2018_2025 / with_broadleaf_covariate · s_coast = -0.4492 [37_scale_factors_by_window.csv] as %
report10:31a34861f0,deny,"89% is a cited chloride-deposition figure (Deng et al. 2013, literature), not a canopy-index ratio",,report10-16,felling_1998_1 / 2020-04-24 / aerial24-4-2020.png · ratio_to_conifer = 0.892784 [41_01_canopy_index.csv] as %
report10:f6b0281fb2,unsure,"sentence states a SITE-WIDE mean; the attribution is C2's own cluster value, which may or may not equal the site-wide figure",,report10-16,C2 (Dune) / 2050s · msl5_shift_mean_m = -0.0167669 [26b_msl5_ukcp18_projection_summary.csv]
report10:827f77f827,deny,-0.030 m/month is the UKCP18 2080s site-wide delta-h; a BACI placebo-test statistic is an unrelated analysis,,report10-16,max of post_mean_m · post_mean_m = -0.0296391 [10n_03_placebo.csv]
report10:b30b22cc6d,deny,-0.059 m/month is the UKCP18 2050s summer site-wide delta-h; a clearfell CoeffShift statistic is unrelated,,report10-16,CoeffShift_Forest Ctrl_mean_db1 · Value = -0.05896 [10_consolidated_report_numbers.csv]
report10:a082134942,confirm,matches 66 reference wells,,report10-16,66 well columns in reference (lake excluded) = 66 [01_wells_reference.csv]
report10:1d2c5f4385,deny,3.3x is a ratio of decline rates (C5 vs C1); a mean head or a datum-sensitivity mean is a different quantity,,report10-16,C1 (Lake Edge) · hd_mean = 3.31642 [30_c4_identifiability_by_cluster.csv]
report10:d57dd60336,deny,"p=0.0009 is a correlation p-value; a_P_win_to_spr is a regression coefficient, a different quantity",,report10-16,Forest · a_P_win_to_spr = 0.000892358 [11_forecast_spring_transfer_functions.csv]
report10:c72f5472ea,confirm,n_common=46 plausibly matches the stated n=46,,report10-16,2014 / 2015 · n_common = 46 [34_window_matrix.csv]
report10:36cdc4c720,confirm,C5 summer-trend slope matches -36 mm/yr,,report10-16,C5 · Slope_m_per_yr = -0.0359 [14_summer_trend_stats.csv] as mm
report10:062466bece,confirm,C5 spring-trend slope matches -38 mm/yr,,report10-16,C5 · Slope_m_per_yr = -0.0379 [14_spring_trend_stats.csv] as mm
report10:b3d896a703,deny,gamma=+0.06 is a season x distance-decay interaction coefficient; a PET monthly trend slope is unrelated,,report10-16,full_record / 7 · slope_mm_per_yr = 0.0629461 [00_06_pet_monthly_trends.csv]
report10:38dddf538b,deny,"p=0.23 is for the same interaction; C4's own summer-trend p-value is a different, coincidentally similar quantity",,report10-16,C4 · p_value = 0.232 [14_summer_trend_stats.csv]
report10:7b8055289a,confirm,CEH36 Gap_paired_m matches -0.0067 m/month directly,,report10-16,CEH36 · Gap_paired_m = -0.0067 [09c_05_spring_means.csv]
report10:2518be77e9,deny,50 mm is a forest-drawdown-propagation threshold (Script 20); a clearfell ANCOVA summer step is a different analysis,,report10-16,ANCOVA_Forest_Impact_clearfell_step_summer = 0.0500747 [10_consolidated_report_numbers.csv] as mm
report10:0d2afd0ae1,deny,100 m is a spatial distance from the forest edge; LCSC_DATA_LIMIT is an unrelated 100-month record-length constant,,report10-16,LCSC_DATA_LIMIT = 100 [config.py]
report10:bd66f6d844,deny,"44 mm is the clearfell scenario's point estimate; Clearfell_SE_m is its standard error, a different statistic",,report10-16,Forest / Climate Ctrl · Clearfell_SE_m = 0.0436 [10d_08_spring_mixed_model_results.csv] as mm
report10:9510f2ee02,deny,22 mm is the 50%-thinning scenario prediction; NW10's own observed shift is a different (real-well) quantity,thinning scenario September-trough shift [09d_02_summer_scenario_comparison.csv],report10-16,NW10 / Forest Ctrl / Forest · Shift_m = 0.022 [10d_02_summer_minima_shifts.csv] as mm
report10:a37b249312,confirm,Clearfell (hypothetical) Delta_vol_summer_mm_per_month matches +14.9 mm,,report10-16,Clearfell (hypothetical) · Delta_vol_summer_mm_per_month = 14.9 [09d_02_summer_scenario_comparison.csv]
report10:4159a4ad23,deny,21 mm is the broadleaf August departure; a clearfell four-zone SE is a different analysis,,report10-16,FourZone_Edge_clearfell_step_se = 0.0207742 [10_consolidated_report_numbers.csv] as mm
report10:3cc87ddc42,deny,the runner-up FourZoneSummer_Impact_clearfell_step (~-7.3 mm) fits the WMC3 summer-minimum context; a PET monthly trend slope does not,FourZoneSummer_Impact_clearfell_step [10_consolidated_report_numbers.csv],report10-16,full_record / 12 · slope_mm_per_yr = -0.00663913 [00_06_pet_monthly_trends.csv] as mm
report10:c74e54bf16,unsure,neither candidate is clearly the FourZoneSummer_Impact_clearfell p-value companion to the -7 mm step,,report10-16,well_record / 11 · p_value = 0.906048 [00_06_pet_monthly_trends.csv]
report10:28788524b0,confirm,ANCOVA_Forest_Impact_clearfell_step matches +113 mm,,report10-16,ANCOVA_Forest_Impact_clearfell_step = 0.113095 [10_consolidated_report_numbers.csv] as mm
report10:d4cebc0512,deny,"the established +113/p=0.002 headline uses the WMC3-only variant, not the B (WMC3+FE2) variant",ANCOVA_C_WMC3_only_Forest_clearfell_p [10_consolidated_report_numbers.csv],report10-16,ANCOVA_B_WMC3+FE2_Forest_clearfell_p = 0.00161722 [10_consolidated_report_numbers.csv]
report10:cbe7317d43,confirm,broadleaf_b2_summer matches x1.075,,report10-16,C1 · broadleaf_b2_summer = 1.075 [pipeline_scenario_params.csv]
report10:52d4edc681,confirm,msl5_mean_2017 matches -588 mm,,report10-16,msl5_mean_2017 = -587.8 [20_msl5_report_numbers.csv]
report10:1f59a580f2,confirm,msl5_mean_2023 matches -685 mm,,report10-16,msl5_mean_2023 = -684.614 [20_msl5_report_numbers.csv]
report10:b73f002ec8,confirm,nw9 raw_change_mm matches the extreme -150 mm,,report10-16,nw9 · raw_change_mm = -150 [20_msl5_change_perwell.csv]
report10:5440ed075a,confirm,n_slopes_used matches n=59 wells,,report10-16,full_lincap_canopy / Impact · n_slopes_used = 59 [25_14_correction_diagnostic_spring.csv]
report10:cd5815a321,confirm,msl5_mean_2017 matches -588 mm,,report10-16,msl5_mean_2017 = -587.8 [20_msl5_report_numbers.csv]
report10:bb18158457,confirm,msl5_mean_2023 matches -685 mm,,report10-16,msl5_mean_2023 = -684.614 [20_msl5_report_numbers.csv]
report10:88aca16146,confirm,msl5_n_significant matches 56,,report10-16,msl5_n_significant = 56 [20_msl5_report_numbers.csv]
report10:7a5a27bc0b,confirm,n_slopes_used matches n=59,,report10-16,full_lincap_canopy / Impact · n_slopes_used = 59 [25_14_correction_diagnostic_spring.csv]
report10:32dfceff4b,deny,+-25 mm is a fixed significance threshold; a leave-one-out abs_rank statistic is unrelated,,report10-16,d6 · C2 · abs_rank = 25 [25_16_delta0_leave_one_out.csv]
report10:cc7c1314da,deny,-158 mm is ceh18's own MSL5 change; a clearfell far-field-edge ANCOVA step is a different analysis,ceh18 raw_change_mm [20_msl5_change_perwell.csv],report10-16,ANCOVA_FarField_Edge_clearfell_step = -0.158222 [10_consolidated_report_numbers.csv] as mm
report10:cecf2ee610,deny,+107 mm is the MSL5-window forest-control gain; a clearfell-family mixed-model coefficient is a different analysis,,report10-16,MixedModelSpring_Climate_Forest Ctrl_clearfell = 0.1067 [10_consolidated_report_numbers.csv] as mm
report10:64616e8097,deny,+17 mm is the MSL5-window climate-control gain; the clearfell-family key is a different analysis,,report10-16,MixedModelSpring_Climate_Climate Ctrl_clearfell = 0.0168 [10_consolidated_report_numbers.csv] as mm
report10:9109d2ff85,deny,+90 mm is the MSL5-window forest-control excess; Clearfell_SE_m is an unrelated standard error from a different analysis,,report10-16,Forest / Impact · Clearfell_SE_m = 0.0903 [10d_08_spring_mixed_model_results.csv] as mm
report10:45cc814168,deny,-13 mm is an April-May group-mean-gap change; a clearfell-family coefficient is a different analysis,,report10-16,MixedModel_Climate_Far-field Ctrl_clearfell = -0.0127 [10_consolidated_report_numbers.csv] as mm
report10:ee55342cdd,deny,same +90 mm MSL5-window vs clearfell-SE mismatch as above,,report10-16,Forest / Impact · Clearfell_SE_m = 0.0903 [10d_08_spring_mixed_model_results.csv] as mm
report10:c99c054fb0,deny,-21 mm is the 2023-window MSL5 collapse; a clearfell ANCOVA CI bound is a different analysis,,report10-16,Forest / Edge · Clearfell_CI_lo_m = -0.0205402 [10a_01_ancova_comparison_table.csv] as mm
report10:a1ae1253a8,deny,+42 mm is one spring's contribution to the MSL5 excess; RESIDUAL_CLIM_BOOT_SEED is an unrelated bootstrap-seed integer,,report10-16,RESIDUAL_CLIM_BOOT_SEED = 42 [config.py]
report10:810700dc2c,deny,+28 mm is a spring's MSL5 contribution; a clearfell/scraping ANCOVA step is a different analysis,,report10-16,ANCOVA_Climate_Impact_scraping_step = 0.0280939 [10a_report_numbers.csv] as mm
report10:6c3d97866d,deny,same +90 mm MSL5-window vs clearfell mismatch,,report10-16,WMC3-Forest5 / none / 2021-01..2026-02 · p = 0.089827 [10a_13_era_split.csv] as mm
report10:44c17fa4a6,deny,the 2024 spring's +28 mm MSL5 contribution is an observed value; a UKCP18 2080s projected shift is a different (and wrong-signed) quantity,,report10-16,ukcp18_2080s / msl5 / SITE · dh_mean_m = -0.0284 [19_scenario_summary.csv] as mm
report10:673ad9899b,unsure,a regression carry-over coefficient; the aggregate 'mean of far_field_observed_mm_yr' may or may not be the same quantity,,report10-16,mean of far_field_observed_mm_yr · far_field_observed_mm_yr = 0.351617 [25_12_window_sweep.csv]
report10:3ca068a5bd,deny,p=0.008 is for the spring-level carry-over regression; Western_Block winter h_min p-value is a different regression,,report10-16,Western_Block · p_value_h_min = 0.0079183 [11_forecast_winter_transfer_functions.csv]
report10:d2150f43d5,deny,"+0.24 is a regression coefficient (mm per mm); the candidates are R-squared values, a different statistic",,report10-16,ANCOVA_Forest_Impact_R2 = 0.240599 [10_consolidated_report_numbers.csv]
report10:6bae01d0c2,deny,r2=0.57 n=13 is a small-sample year-level regression; FourZoneSpring_R2 is a different (larger-sample) analysis,,report10-16,FourZoneSpring_R2 = 0.572417 [10_consolidated_report_numbers.csv]
report10:ed523400e3,deny,"5 months is a half-life at the median C3 well; EQUIL_RESIDUAL_WINDOW_YEARS is a 5-YEAR window constant, wrong units",,report10-16,EQUIL_RESIDUAL_WINDOW_YEARS = 5 [config.py]
report10:ed40c7770a,deny,same +90 mm MSL5-window vs clearfell-SE mismatch,,report10-16,Forest / Impact · Clearfell_SE_m = 0.0903 [10d_08_spring_mixed_model_results.csv] as mm
report10:e6dd3c3427,deny,same +90 mm MSL5-window vs clearfell-SE mismatch,,report10-16,Forest / Impact · Clearfell_SE_m = 0.0903 [10d_08_spring_mixed_model_results.csv] as mm
report10:39d8be5097,deny,'1.2 standard errors' is a derived ratio; neither candidate is that ratio,,report10-16,L7 · abs_diff_m = 1.16004 [01_dist_coast_validation.csv]
report10:81a01c57f4,deny,same -21 mm MSL5-window vs clearfell-CI mismatch,,report10-16,Forest / Edge · Clearfell_CI_lo_m = -0.0205402 [10a_01_ancova_comparison_table.csv] as mm
report10:43f31678aa,deny,'0.3' is the SE-ratio for the -21 mm figure; neither candidate is that derived ratio,,report10-16,2019 / 2020 · change_mm = 0.297436 [34_window_matrix.csv]
report10:09f1de3c4c,deny,59 wells is a well count; SD15b-SD16_REC=59 cm is an unrelated depth-difference constant with different units,,report10-16,SD15b − SD16_REC = 59 cm = 59 [config.py]
report10:b99dca6a40,confirm,msl5_n_significant matches 56,,report10-16,msl5_n_significant = 56 [20_msl5_report_numbers.csv]
report10:316303ccb2,deny,"p=0.0009 is a correlation p-value; a_P_win_to_spr is a regression coefficient, a different quantity",,report10-16,Forest · a_P_win_to_spr = 0.000892358 [11_forecast_spring_transfer_functions.csv]
report10:c1aef26293,confirm,Check2_msl5raw_vs_summermin_spearman_r matches 0.43 directly by key name,,report10-16,Check2_msl5raw_vs_summermin_spearman_r = 0.433 [25_report_numbers.csv]
report10:3678d56b41,confirm,Check2_msl5raw_vs_summermin_spearman_p matches 0.003 directly by key name,,report10-16,Check2_msl5raw_vs_summermin_spearman_p = 0.0027 [25_report_numbers.csv]
report10:4d9d0c9110,deny,"r~=0.47 is a Pearson correlation; c_mm_yr is a panel-fit intercept (negative sign), a different quantity",Check2_msl5raw_vs_summermin_pearson_r [25_report_numbers.csv],report10-16,full / linear_capped · c_mm_yr = -0.47 [25_01_panel_fit_parameters.csv]
report10:3f622db811,confirm,May full_record slope matches +0.068,,report10-16,full_record / 5 · slope_mm_per_yr = 0.0677768 [00_06_pet_monthly_trends.csv]
report10:63622f202c,confirm,May full_record p_value matches p=0.002,,report10-16,full_record / 5 · p_value = 0.00164144 [00_06_pet_monthly_trends.csv]
report10:bd669b7060,confirm,June full_record slope matches +0.048,,report10-16,full_record / 6 · slope_mm_per_yr = 0.0480474 [00_06_pet_monthly_trends.csv]
report10:29d960bc2d,confirm,June full_record p_value matches p=0.033,,report10-16,full_record / 6 · p_value = 0.0328232 [00_06_pet_monthly_trends.csv]
report10:a5ddfa0e08,confirm,July full_record slope matches +0.063,,report10-16,full_record / 7 · slope_mm_per_yr = 0.0629461 [00_06_pet_monthly_trends.csv]
report10:07e70122ed,confirm,July full_record p_value matches p=0.010,,report10-16,full_record / 7 · p_value = 0.00951504 [00_06_pet_monthly_trends.csv]
report10:ab4bd27ecc,deny,"n=20 years is a record-length span (2006-2025); min of n_wells is a well-count aggregate, a different quantity",,report10-16,min of n_wells · n_wells = 20 [25_01_panel_fit_parameters.csv]
report10:4e247eba96,deny,+0.22 m is one end of the MSL5 window-pair spread; SD16-SD16_REC is an unrelated ecological-threshold difference,,report10-16,SD16 − SD16_REC = 0.22 m = 0.22 [config.py]
report10:ddd6dbab64,confirm,2017/2020 change_mm matches -136 mm,,report10-16,2017 / 2020 · change_mm = -136.192 [34_window_matrix.csv]
report10:601a52e14f,confirm,2015/2024 change_mm matches +221 mm,,report10-16,2015 / 2024 · change_mm = 221.17 [34_window_matrix.csv]
report10:5388824d97,confirm,matches 66 admissible-pair reference-well basis,,report10-16,66 well columns in reference (lake excluded) = 66 [01_wells_reference.csv]
report10:09e525c66a,deny,"19 falling is a count of window-pairs, not long_record's n_wells",,report10-16,long_record · n_wells = 19 [25_11_matched_window_sensitivity.csv]
report10:c6385e1ab4,confirm,2017/2020 change_mm matches -136 mm,,report10-16,2017 / 2020 · change_mm = -136.192 [34_window_matrix.csv]
report10:323f53fd65,confirm,2015/2024 change_mm matches +221 mm,,report10-16,2015 / 2024 · change_mm = 221.17 [34_window_matrix.csv]
report10:390903a033,confirm,spring_mam 2005-2025 slope matches -7.0 mm/yr,,report10-16,spring_mam / 2005_2025 · slope_mm_yr = -7.03 [32_site_mean_trend.csv]
report10:490df3c02b,confirm,CEH36_raw_BACI_step matches +129 mm,,report10-16,CEH36_raw_BACI_step = 0.1294 [09e_report_numbers.csv] as mm
report10:093a9fa204,confirm,msl5_change_ceh22 matches -229 mm,,report10-16,msl5_change_ceh22 = -228.667 [20_msl5_report_numbers.csv]
report10:8baf0aa880,confirm,msl5_change_ceh21 matches -194 mm,,report10-16,msl5_change_ceh21 = -194 [20_msl5_report_numbers.csv]
report10:bc434ee846,confirm,msl5_change_ceh18 matches -158 mm,,report10-16,msl5_change_ceh18 = -158 [20_msl5_report_numbers.csv]
report10:a0a71caf3f,confirm,nw9 raw_change_mm matches -150 mm,,report10-16,nw9 · raw_change_mm = -150 [20_msl5_change_perwell.csv]
report10:0ac41e6453,confirm,ceh19 raw_change_mm matches -153 mm at the other end of the range,,report10-16,ceh19 · raw_change_mm = -152.667 [20_msl5_change_perwell.csv]
report10:bfa60219ce,deny,'74 mapped wells' is a movement-significance network count; n_common between two specific years is a different quantity,,report10-16,2024 / 2025 · n_common = 74 [34_window_matrix.csv]
report10:e2d2f22506,confirm,ceh22 slope_mm_yr_2011_2025 matches -26.5,,report10-16,ceh22 · slope_mm_yr_2011_2025 = -26.5012 [32_differential_movement_per_well.csv]
report10:f0673585ff,confirm,ceh21 slope_mm_yr_2011_2025 matches -15.1,,report10-16,ceh21 · slope_mm_yr_2011_2025 = -15.127 [32_differential_movement_per_well.csv]
report10:085976419e,deny,-13.3 mm/yr is ceh11's slope in the same 32_differential_movement family; nw1's C3 slope is the wrong well,ceh11 slope_mm_yr_2011_2025 [32_differential_movement_per_well.csv],report10-16,nw1 · C3 · slope_m_yr = -0.0132857 [25_02_per_well_summer_min_slopes.csv] as mm
report10:dface0b6c3,deny,'13 of 77 wells' is a significant-movers count; ceh21's own n_years is a different (single-well) quantity,,report10-16,ceh21 · C3 · n_years = 13 [25_02_per_well_spring_mean_slopes.csv]
report10:3317c87e5c,deny,+2.7 mm/yr is C4's own trend in the referencing-removed figure; a PET annual trend t-statistic is unrelated,,report10-16,trend_annual_pet_t = 2.67324 [00_report_numbers.csv]
report10:0902fec7f7,deny,+2.1 mm/yr is C1's own trend; network_envelope_n_km is an unrelated spatial-envelope distance,,report10-16,network_envelope_n_km = 2.13259 [12_report_numbers.csv]
report10:0a666eba30,deny,+4.6 mm/yr is C2's own trend; trend_winter_rainfall is an unrelated climate trend,,report10-16,trend_winter_rainfall = 4.63024 [00_report_numbers.csv]
report10:3f52bfa76d,deny,1.7x is the C4 amplification factor; FIG_MAX_FONT_SCALE is an unrelated figure-rendering constant,,report10-16,FIG_MAX_FONT_SCALE = 1.7 [config.py]
report10:b8e8cbaa9a,deny,0.75 m is the network-mean amplitude swing; SD15b_REC is an unrelated ecological-threshold constant,,report10-16,SD15b_REC = 0.75 [config.py]
report10:3395f4cd84,deny,r~=0.8 is the beta_2-vs-amplification correlation; a Script 45 open-water ratio is an unrelated analysis,,report10-16,oos_C_open_water_median_ratio = 0.808341 [45_report_numbers.csv]
report10:ec8de2c08b,deny,sd15b=0.61 m is directly named as the config constant elsewhere in the same table; the C3-specific negated threshold is a less direct match,SD15b = 0.61 [config.py],report10-16,C3 / SD15b · Threshold_m = -0.61 [14b_year_of_crossing.csv]
report10:c8a2f5f50d,deny,sd16=0.98 m is directly named as the config constant; the C3-specific negated threshold is a less direct match,SD16 = 0.98 [config.py],report10-16,C3 / SD16 · Threshold_m = -0.98 [14b_year_of_crossing.csv]
report10:0318f2edeb,confirm,ANCOVA_C_WMC3_only_Forest_clearfell_step matches +113 mm at WMC3 against the forest control,,report10-16,ANCOVA_C_WMC3_only_Forest_clearfell_step = 0.113095 [10_consolidated_report_numbers.csv] as mm
report10:0abb1a73e1,confirm,matching WMC3-only ANCOVA p=0.002,,report10-16,ANCOVA_C_WMC3_only_Forest_clearfell_p = 0.00208622 [10_consolidated_report_numbers.csv]
report10:927bb259ea,deny,-27 mm/month is specifically nw7's own value; a Climate Ctrl aggregate mean step is a different (multi-well) quantity,,report10-16,SSM_Resid_Climate_Ctrl_mean_step = -0.0269 [10_consolidated_report_numbers.csv] as mm
report10:68fd81ccf7,deny,-23 mm/month is specifically nw5's own value; an Impact-well CI bound is a different quantity,,report10-16,Impact · clearfell_ci_lo_m = -0.0228 [10l_01_four_zone_summer_results.csv] as mm
report10:80d762d6f5,deny,~11 mm is the EBF/MSL5 reproduction RMSE; a clearfell four-zone SE is an unrelated analysis,,report10-16,FourZoneSpring_Impact_clearfell_step_se = 0.0113739 [10_consolidated_report_numbers.csv] as mm
report10:e265d5583b,confirm,MSL5 pearson_r matches r=+0.83,,report10-16,MSL5 · pearson_r = 0.828958 [26_ebf_prediction_summary.csv]
report10:a01edb0975,confirm,MSL5 n matches n=18,,report10-16,MSL5 · n = 18 [26_ebf_prediction_summary.csv]
report10:df552f5b38,deny,0.35 is the EBF-vs-MSL5 RMSE; a cluster-validation ANOVA statistic is unrelated,min of nse_bias_removed [39_01_hindcast_per_well.csv],report10-16,2 metric-indep / ANOVA / seasonal amplitude · statistic = 0.35 [31_validation_summary.csv]
report10:2404ef964f,deny,0.34 is the same RMSE comparison; a scraping p-value is unrelated,,report10-16,Climate / Climate Ctrl · Scraping_p = 0.339106 [10d_08_spring_mixed_model_results.csv]
report10:83d158ecdc,confirm,MSL5 williams_p_vs_ewi_annual matches 0.45,,report10-16,MSL5 · williams_p_vs_ewi_annual = 0.445204 [26_ebf_prediction_summary.csv]
report10:395bd41551,confirm,MSL5 n matches n=18,,report10-16,MSL5 · n = 18 [26_ebf_prediction_summary.csv]
report10:aa6d71fcc5,deny,61 mm is an RMSE figure; a specific cluster-year MSL5 median is a different quantity,,report10-16,C1 (Lake Edge) / 2021 · MAX5_m_bg_median = 0.061 [26_msl_5yr_per_cluster.csv] as mm
report10:d95ddf60c8,deny,60 mm is an RMSE figure (generalisation to unstudied wells); a standard deviation or a specific well value is a different quantity,,report10-16,1 · C1 · MSL5_m_bg_std = 0.0596105 [26_msl_5yr_per_cluster.csv] as mm
report10:a36f3f69b4,deny,152 mm is the forest-prediction RMSE; a window-spread aggregate is a different quantity,,report10-16,C5 min of msl5_window_spread_mm · msl5_window_spread_mm = 152.197 [26_metric_diagnostics_per_well.csv]
report10:aa8d5e9d6a,confirm,spring resid_sd_mm matches 286 mm,,report10-16,spring_mam / 2005_2025 · resid_sd_mm = 285.694 [32_site_mean_trend.csv]
report10:b691492054,confirm,annual resid_sd_mm matches 213 mm,,report10-16,annual_all_month / 2005_2025 · resid_sd_mm = 213.334 [32_site_mean_trend.csv]
report10:f681247106,confirm,spring_mam n_years matches 21,,report10-16,spring_mam · n_years = 21 [32_site_mean_trend.csv]
report10:cd188dd1c2,confirm,power_target=0.8 as % matches 80% power,,report10-16,spring_mam · power_target = 0.8 [32_site_mean_trend.csv] as %
report10:8eb87203c8,deny,+-30 mm/yr is the minimum-detectable rate at 80% power; Clearfell_SE_m is an unrelated standard error,min_detectable_mm_yr [32_site_mean_trend.csv],report10-16,Climate / Impact · Clearfell_SE_m = 0.0305 [10d_08_spring_mixed_model_results.csv] as mm
report10:d0859d154d,confirm,spring_mam 2005-2025 slope matches -7.03 mm/yr,,report10-16,spring_mam / 2005_2025 · slope_mm_yr = -7.03 [32_site_mean_trend.csv]
report10:b955f61a6d,confirm,spring_mam 2011-2025 slope matches +19.66 mm/yr,,report10-16,spring_mam / 2011_2025 · slope_mm_yr = 19.663 [32_site_mean_trend.csv]
report10:2b3e928379,deny,'order of 7 mm/yr' is an extrapolated MDE threshold; a PET monthly trend slope is an unrelated quantity,,report10-16,full_record / 12 · slope_mm_per_yr = -0.00663913 [00_06_pet_monthly_trends.csv] as mm
report10:151f708ef5,confirm,Forest/Impact Clearfell_p matches the established p=0.002 headline,,report10-16,Forest / Impact · Clearfell_p = 0.00208622 [10a_01_ancova_comparison_table.csv]
report10:2ed80c7254,confirm,Headline_coastal_rate_at_ref matches -26.2 mm/yr,,report10-16,Headline_coastal_rate_at_ref · Value = -26.1896 [25_report_numbers.csv]
report10:f0c79aef10,confirm,delta_ref_well_basis_se_mm_yr matches 3.6 mm/yr,,report10-16,delta_ref_well_basis_se_mm_yr = 3.57067 [25_report_numbers.csv]
report10:adfc6cbaca,confirm,delta_ref_well_basis_ci_lo_mm_yr matches -33.2,,report10-16,delta_ref_well_basis_ci_lo_mm_yr = -33.1881 [25_report_numbers.csv]
report10:52d3cfd164,confirm,delta_ref_well_basis_ci_hi_mm_yr matches -19.2,,report10-16,delta_ref_well_basis_ci_hi_mm_yr = -19.1911 [25_report_numbers.csv]
report10:a51552cb52,deny,18% is the R-squared of the distance-vs-trend regression; a clearfell mixed-model percentage is an unrelated analysis,,report10-16,MixedModel_Forest_Coastal Ctrl_clearfell = -0.1757 [10_consolidated_report_numbers.csv] as %
report10:bc372e1a7d,unsure,"14.9 mm/yr is a population standard deviation; neither candidate (a scraping shift, a specific well's slope) is clearly that statistic",,report10-16,Tier2_BACI_shift = -0.0149447 [09_scrape_report_numbers.csv] as mm
report10:199f6f7ebd,confirm,predicted_diff_vs_impact_mm_yr matches the predicted differential 10.1 mm/yr,,report10-16,ff_lincap / Forest · predicted_diff_vs_impact_mm_yr = -10.1441 [25_14_correction_diagnostic_spring.csv]
report10:15a9a1458b,deny,0.75 m is Davy et al. (2010)'s cited literature figure; SD15b_REC is an unrelated Curreli et al. (2013) ecological-threshold constant,,report10-16,SD15b_REC = 0.75 [config.py]
report10:2a2de6c68f,deny,"0.025 m is simple arithmetic (0.75-0.725) from the two figures quoted just above, not a stored benchmark statistic",,report10-16,Median iterative NSE · Traditional_Model_A = -0.0254394 [08_lcsc_04_table3_benchmark_summary.csv]
report10:e57fe3ab9f,confirm,median of pearson_r matches 0.859,,report10-16,median of pearson_r · pearson_r = 0.859205 [39_01_hindcast_per_well.csv]
report10:911ed88f7b,confirm,min of pearson_r matches 0.660,,report10-16,min of pearson_r · pearson_r = 0.659824 [39_01_hindcast_per_well.csv]
report10:a30422666a,confirm,max of pearson_r matches 0.945,,report10-16,max of pearson_r · pearson_r = 0.944681 [39_01_hindcast_per_well.csv]
report10:477f600d0b,deny,0.35 is the hindcast bias-removed efficiency lower bound; a cluster-validation ANOVA statistic is unrelated,min of nse_bias_removed [39_01_hindcast_per_well.csv],report10-16,2 metric-indep / ANOVA / seasonal amplitude · statistic = 0.35 [31_validation_summary.csv]
report10:ad20ce0980,deny,the runner-up (max of nse_bias_removed) matches the hindcast efficiency range; a BACI shift p-value is unrelated,max of nse_bias_removed [39_01_hindcast_per_well.csv],report10-16,L7 / Far-field Ctrl / Climate · p_value = 0.874669 [10d_02_summer_minima_shifts.csv]
report10:77c1536414,confirm,mean of residual_mean_m matches -0.057 m,,report10-16,mean of residual_mean_m · residual_mean_m = -0.0574258 [39_01_hindcast_per_well.csv]
report10:af51abbedc,deny,+0.07 m is the six-cleanest-wells hindcast residual; a clearfell spring-mean shift is an unrelated analysis,,report10-16,SpringMean_Climate_Forest Ctrl_mean_shift = 0.07382 [10_consolidated_report_numbers.csv]
report10:7cc886ca55,confirm,wmc2 epoch_shift_m matches -0.132 m,,report10-16,wmc2 · epoch_shift_m = -0.131861 [39_01_hindcast_per_well.csv]
report10:e0e80a0f17,confirm,nw11 epoch_shift_m matches -0.835 m,,report10-16,nw11 · epoch_shift_m = -0.834901 [39_01_hindcast_per_well.csv]
report10:861c4bc224,confirm,wmc3 epoch_shift_m matches -0.582 m median,,report10-16,wmc3 · epoch_shift_m = -0.581607 [39_01_hindcast_per_well.csv]
report10:dd20ddb482,deny,"0.910 is a positive median correlation for the six cleanest wells; the candidate is a negative-signed, wrong-file aggregate",,report10-16,min of per-column medians = -0.91 [47_01_hindcast_level_monthly.csv]
report10:00eb6603a3,deny,0.818 is a positive median bias-removed efficiency; the candidate is a negative-signed aggregate from an unrelated raw-wells file,,report10-16,mean of per-column medians = -0.818469 [01_wells_all.csv]
report10:70868646a0,deny,0.770 m/yr is the 1989-96 rainfall mean; a spring-means climate gap is an unrelated analysis,,report10-16,max of Gap_climate_m · Gap_climate_m = 0.77 [10d_06_spring_means.csv]
report10:bd32d09ee7,deny,+0.237 m/yr is the modern-record P-PET surplus; a specific well/year scraping gap is an unrelated analysis,,report10-16,CEH22 / 2015 · Gap_climate_m = 0.2373 [09c_05_spring_means.csv]
report10:dabf87848b,deny,14.7 mm/yr is simple arithmetic (median shift / 23 years); a clearfell contrast or SE is an unrelated analysis,,report10-16,FourZoneSpring_contrast_Impact_vs_Forest = -0.0147 [10_consolidated_report_numbers.csv] as mm
report10:ef5b8e0f43,deny,"'8' is Ranwell's site LABEL in the list 'sites 1, 4 and 8', not the total sites-compared count, though both happen to equal 8",,report10-16,ranwell_sites_compared = 8 [44_report_numbers.csv]
report10:0a400b3a89,confirm,ranwell_datum_offset_m matches the median offset 0.16 m,,report10-16,ranwell_datum_offset_m = 0.161875 [43_report_numbers.csv]
report10:80d60a2cac,deny,0.14 m is Ranwell's placement spread; a clearfell far-field-impact step range is an unrelated analysis,,report10-16,Spread_FarField_Impact_step_range = 0.142292 [10_consolidated_report_numbers.csv]
report10:03877ab872,confirm,directly states RANWELL_SLACK_REACH_M = 300,,report10-16,RANWELL_SLACK_REACH_M = 300 [config.py]
report10:00fba49038,confirm,ranwell_hindcast_r_min matches 0.74,,report10-16,ranwell_hindcast_r_min = 0.743831 [44_report_numbers.csv]
report10:617e2712cc,confirm,ranwell_hindcast_r_median matches 0.75,,report10-16,ranwell_hindcast_r_median = 0.747153 [44_report_numbers.csv]
report10:34c69a2d3f,confirm,max of r matches 0.91,,report10-16,max of r · r = 0.914107 [44_04_hindcast_metrics.csv]
report10:f50419897a,confirm,min of r matches 0.70,,report10-16,min of r · r = 0.697261 [44_04_hindcast_metrics.csv]
report10:7c37d1d0ad,confirm,max of r matches 0.91 (second mention),,report10-16,max of r · r = 0.914107 [44_04_hindcast_metrics.csv]
report10:a399ad472c,confirm,ceh25 nse_after_offset matches 0.32 at Penlon,,report10-16,1 / ceh25 · nse_after_offset = 0.319806 [44_04_hindcast_metrics.csv]
report10:adae1cde17,confirm,nw5 nse_after_offset matches 0.80 at the range's other end,,report10-16,8 / nw5 · nse_after_offset = 0.798308 [44_04_hindcast_metrics.csv]
report10:34e5be36ba,confirm,ranwell_forcing_ratio_1951_53 matches 0.97,,report10-16,ranwell_forcing_ratio_1951_53 = 0.966359 [44_report_numbers.csv]
report10:a5116ea52e,confirm,ranwell_forcing_r_1951_53 matches 0.92,,report10-16,ranwell_forcing_r_1951_53 = 0.920586 [44_report_numbers.csv]
report10:f80d0540aa,deny,"'4' is Ranwell's site LABEL (clwt gwlyb), not max of n_at_surface",,report10-16,max of n_at_surface · n_at_surface = 4 [44_04_hindcast_metrics.csv]
report10:3a87b9e841,deny,"'8' is Ranwell's site LABEL (coastal slack), not ranwell_sites_compared",,report10-16,ranwell_sites_compared = 8 [44_report_numbers.csv]
report10:3f2a9f5be7,deny,"RANWELL_SURFACE_CENSOR_M is a data-censoring threshold for readings at the ground surface, a different purpose from the stated bias check",,report10-16,RANWELL_SURFACE_CENSOR_M = 0.05 [config.py]
report10:67fbd00abd,confirm,ranwell_sigma_m_site4 matches the range's lower end 0.23,,report10-16,ranwell_sigma_m_site4 = 0.228593 [44_report_numbers.csv]
report10:203199cdf6,confirm,ranwell_sigma_m_site1 matches the range's upper end 0.37,,report10-16,ranwell_sigma_m_site1 = 0.372421 [44_report_numbers.csv]
report10:62a6f57a6b,deny,~0.7 m is a per-site sigma for the coastal-slack sites; a monthly climate-check forcing ratio is an unrelated analysis,,report10-16,1951-08 · ratio = 0.748247 [44_06_climate_check.csv]
report10:01802ab612,confirm,ranwell_delta_m_site4 matches the 0.3 m figure,,report10-16,ranwell_delta_m_site4 = -0.294936 [44_report_numbers.csv]
report10:dc07138362,confirm,ranwell_delta_m_site4 matches the 0.3 m figure (second mention),,report10-16,ranwell_delta_m_site4 = -0.294936 [44_report_numbers.csv]
report10:80d535b160,deny,"0.4 m is a DELTA (level difference); the candidate is a SIGMA (uncertainty), the wrong statistic type",ranwell_delta_m_site11 [44_report_numbers.csv],report10-16,ranwell_sigma_m_site1 = 0.372421 [44_report_numbers.csv]
report10:e4c7b20312,confirm,ranwell_delta_m_site8 matches 1.3 m lower,,report10-16,ranwell_delta_m_site8 = -1.29685 [44_report_numbers.csv]
report10:a493f0b3fa,deny,'1.9 standard errors' needs a z-score/SE-ratio statistic; a coastal epoch rate is unrelated,site 8 z-score [44_05_level_change.csv],report10-16,2006 / 2017 / modern_common_frontage · min_rate_m_yr = -1.86661 [40_01_epoch_series.csv]
report10:4a01c25c40,confirm,ranwell_delta_m_site8 matches 1.3 m (second mention),,report10-16,ranwell_delta_m_site8 = -1.29685 [44_report_numbers.csv]
report10:024c63047d,confirm,site nearest_well_m matches 118 m,,report10-16,site · nearest_well_m = 118.093 [44_05_level_change.csv]
report10:31dc53bdd7,confirm,ranwell_delta_m_combined_all matches -0.09,,report10-16,ranwell_delta_m_combined_all = -0.0926463 [44_report_numbers.csv]
report10:ba90d5231b,confirm,ranwell_sigma_m_combined_all matches +-0.10,,report10-16,ranwell_sigma_m_combined_all = 0.102779 [44_report_numbers.csv]
report10:3dc29cbbb1,confirm,ranwell_chi2_dof_combined_all matches the 1.4x scatter figure,,report10-16,ranwell_chi2_dof_combined_all = 1.37919 [44_report_numbers.csv]
report10:97d7d0f1ec,confirm,ranwell_delta_m_combined_constrained matches -0.07,,report10-16,ranwell_delta_m_combined_constrained = -0.0678551 [44_report_numbers.csv]
report10:7e92f65c19,deny,+-0.11 m is the constrained-sites sigma; a clearfell ANCOVA step is an unrelated analysis,ranwell_sigma_m_combined_constrained [44_report_numbers.csv],report10-16,ANCOVA_Climate_Edge_clearfell_step = -0.106793 [10_consolidated_report_numbers.csv]
report10:f3915c1f66,deny,0.3 m is a Ranwell change-exclusion bound; a clearfell/scraping ANCOVA step is an unrelated analysis,,report10-16,ANCOVA_Climate_Edge_scraping_step = 0.289181 [10_consolidated_report_numbers.csv]
report10:c42b9469b7,deny,0.1 m is the same bound's other side; a clearfell ANCOVA step is an unrelated analysis,,report10-16,ANCOVA_Climate_Impact_Oct2023_step = 0.124517 [10_consolidated_report_numbers.csv]
report10:6cc6b8066f,deny,60-80 mm is a forest drawdown-propagation estimate; CANOPY_FLOOD_MIN_PATCH_PX is an unrelated pixel-count threshold,,report10-16,CANOPY_FLOOD_MIN_PATCH_PX = 60 [config.py]
report10:6d3c640ec9,deny,the drawdown range's other end (80 mm); RANWELL_H_SEARCH_M is an unrelated spatial search-radius constant with different units,,report10-16,RANWELL_H_SEARCH_M = 80 [config.py]
report10:d43e3cbdde,confirm,C4 current_depth_2025 matches ~1.8 m below ground,,report10-16,C4 / SD15b · current_depth_2025 = -1.834 [14b_year_of_crossing.csv]
report10:f1d80d5643,deny,0.2 m is the C1/C2 margin to the sd15b/sd16 thresholds; neither candidate is that depth-margin quantity,,report10-16,L7 / Far-field Ctrl / Climate · t_stat = -0.161 [10d_02_summer_minima_shifts.csv]
report10:ebd5e6420a,deny,0.4 m is the same C1/C2 margin; WMC3's own gap values are the wrong subject,,report10-16,WMC3 / Impact / Climate · Pre_mean_gap_m = -0.421 [10d_02_summer_minima_shifts.csv]
report10:2569a753d2,confirm,legitimate derived 88-well classified network,,report10-16,66 reference + 22 extended well columns = 88 dipwells = 88 [01_wells_reference.csv]
report10:550f966bdd,unsure,n_slopes_used=59 is plausible but this file/column is reused elsewhere for a different (MSL5-window) count,,report10-16,full_lincap_canopy / Climate · n_slopes_used = 59 [25_14_correction_diagnostic_spring.csv]
report10:c1bed4411d,deny,67% is simple arithmetic (59/88); neither a canopy-index ratio nor an unrelated well count is that computation,,report10-16,felling_1998_1 / 2018-06-28 / aerial28-6-2018.png · ratio_to_conifer = 0.674355 [41_01_canopy_index.csv] as %
report10:a2c9df8d6d,deny,1.0 is the m_p band-boundary constant; a canopy-index ratio and a scraping-era depth are both unrelated,,report10-16,forest_in_view / 2006-01-01 / aerial 1-1-2006.png · ratio_to_conifer = 1 [41_01_canopy_index.csv]
report10:5d4cae944c,deny,'24 wells' is a P_flood reachability count; a record-length-composition well-count for C2 is a different analysis,,report10-16,2 · C2 · n_wells_short = 24 [25_10_record_length_composition.csv]
report10:21f11dcf45,deny,27% is simple arithmetic (24/88); neither candidate is that computation,,report10-16,Scraping_distance_weight = 0.273974 [10_consolidated_report_numbers.csv] as %
report10:cbbaea89ed,deny,1.5 is the m_p band-boundary constant; both candidates are unrelated coastal/coefficient values,,report10-16,ANCOVA_FarField_Impact_s_coast = -1.50833 [10_consolidated_report_numbers.csv]
report10:6a63577232,deny,'4 wells' is a P_flood reachability count; a record-length-composition well-count is a different analysis,,report10-16,2 · C2 · n_wells_long = 4 [25_10_record_length_composition.csv]
report10:eb1b671cd5,deny,5% is simple arithmetic (4/88); a scraping step percentage is unrelated,,report10-16,WMC3_BACI_DiD_step_2023_scraping · Value = -0.0538282 [10_consolidated_report_numbers.csv] as %
report10:41afce5065,confirm,ceh31 dry_m matches the ~1.8 m depth figure for the unreachable forest wells,,report10-16,ceh31 · dry_m = -1.83778 [33_envelope_per_well.csv]
report10:3d7724ed16,deny,1.51x is a climatological-mean ratio for the wettest winter; a coastal ANCOVA scale factor is unrelated,,report10-16,ANCOVA_FarField_Impact_s_coast = -1.50833 [10_consolidated_report_numbers.csv]
report10:d5aa37ae97,deny,2.5 is the m_p band-boundary constant; a coastal panel-fit SE is unrelated,,report10-16,full_canopy / linear_capped · beta_forest_se_mm_yr = 2.52077 [25_01_panel_fit_parameters.csv]
report10:30c7ea11d0,deny,1.27 is C3's median m_p; a canopy-index ratio is unrelated,,report10-16,clearfell / 2009-04-20 / aerial20-4-2009.png · ratio_to_conifer = 1.2689 [41_01_canopy_index.csv]
report10:87df83b9e8,deny,"1.9 is a C3 m_p value; both candidates (coastal SE, open-water ratio) are unrelated",,report10-16,full / linear_capped · delta_0_se = 1.95 [25_01_panel_fit_parameters.csv]
report10:be5e2e6148,deny,1.97 is the deepest C3 well's m_p; both candidates are unrelated coastal/window statistics,,report10-16,C3 (Western Residual) / comparison_window · beta_3_pct_vs_full_record = -1.9746 [03_14_centroid_window_sensitivity.csv]
report10:6509a41c7f,deny,'m_p values cluster close to 1.0' needs an m_p statistic; Script 45 open-water ratios are unrelated,,report10-16,oos_C_wet_floor_median_ratio = 0.955233 [45_report_numbers.csv]
report10:c9d7192bc3,deny,"50 months is a recession-time threshold; SD15b_REC-SD16_WINTER=50 cm is unrelated (different units, cm vs months)",,report10-16,SD15b_REC − SD16_WINTER = 50 cm = 50 [config.py]
report10:ed3eb0d4a8,deny,m_p=1.4 is an illustrative threshold value; a Ranwell chi2-per-dof statistic is unrelated,,report10-16,COMBINED_ALL / nan · chi2_per_dof = 1.37919 [44_05_level_change.csv]
report10:43b8030115,deny,1.0 is the m_p band-boundary constant; a canopy-index ratio is unrelated,,report10-16,forest_in_view / 2006-01-01 / aerial 1-1-2006.png · ratio_to_conifer = 1 [41_01_canopy_index.csv]
report10:bc6e5d0edb,deny,1.5 is the m_p band-boundary constant; a canopy-index ratio is unrelated,,report10-16,clearfell / 2006-01-01 / aerial 1-1-2006.png · ratio_to_conifer = 1.51281 [41_01_canopy_index.csv]
report10:cf4f9e5f9b,confirm,WMC3_BACI_DiD_step_2015_scraping matches -55 mm,,report10-16,WMC3_BACI_DiD_step_2015_scraping = -0.0552146 [10_consolidated_report_numbers.csv] as mm
report10:3d915ad119,confirm,wmc3 dist_m matches 262 m,,report10-16,wmc3 · C3 · dist_m = 262.439 [09b_01_individual_well_baci.csv]
report10:7c2a69a10f,confirm,COAST_RETREAT_M plausibly matches the 6 m single storm event used in the coastal geometry,,report10-16,COAST_RETREAT_M = 6 [config.py]
report10:e77135a88d,confirm,WMC3_BACI_DiD_step_2015_scraping matches -55 mm,,report10-16,WMC3_BACI_DiD_step_2015_scraping = -0.0552146 [10_consolidated_report_numbers.csv] as mm
report10:3c68681a7c,confirm,wmc3 dist_m matches 262 m,,report10-16,wmc3 · dist_m = 262.439 [09b_01_individual_well_baci.csv]
report10:14caf71975,confirm,ceh31 dist_m matches the nearest-well 247 m,,report10-16,ceh31 · dist_m = 247.427 [09b_01_individual_well_baci.csv]
report10:83771b994e,deny,C3's own drainage half-life is a computed physical quantity; BACI_DETECT_MIN_ERA_MONTHS is an unrelated detection-window constant,,report10-16,BACI_DETECT_MIN_ERA_MONTHS = 12 [config.py]
report10:50ef9f8990,unsure,"~120 mm is described as the observed CLEARFELL response; the candidate is a SCRAPING-family quantity, the wrong intervention",,report10-16,Scrape_equilibration_residual_spring · Value = 0.12 [09c_report_numbers.csv] as mm
report10:f81b2ec57c,deny,"150 mm is the drawdown model's equilibrium deficit, directly named elsewhere as DRAWDOWN_H0_MM; a canopy-index value is unrelated",DRAWDOWN_H0_MM = 150 [config.py],report10-16,clearfell / 2020-04-24 / aerial24-4-2020.png · index = 0.149533 [41_01_canopy_index.csv] as mm
report10:356eceaccb,confirm,scrape_onsite peak_mm matches ceh36's +129 mm cut-wetting figure,,report10-16,scrape_onsite · peak_mm = 129.4 [37b_driver_footing.csv]
report10:22006e5af3,confirm,WMC3_BACI_DiD_step_2015_scraping matches the wmc3 -55 mm 2015 fall,,report10-16,WMC3_BACI_DiD_step_2015_scraping = -0.0552146 [10_consolidated_report_numbers.csv] as mm
report10:fd8bd50913,confirm,WMC3_BACI_DiD_step_2023_scraping matches -54 mm,,report10-16,WMC3_BACI_DiD_step_2023_scraping = -0.0538282 [10_consolidated_report_numbers.csv] as mm
report10:c71f3f0b5e,deny,"150 mm under standing pine is the drawdown model's h0, directly named as DRAWDOWN_H0_MM; a canopy-index value is unrelated",DRAWDOWN_H0_MM = 150 [config.py],report10-16,clearfell / 2020-04-24 / aerial24-4-2020.png · index = 0.149533 [41_01_canopy_index.csv] as mm
report10:da8b888616,deny,+0.12 m is an annual-mean water-table recovery; a canopy texture index is a different (unitless) quantity,,report10-16,felling_experiment / 2018-06-28 / aerial28-6-2018.png · index = 0.122667 [41_01_canopy_index.csv]
report10:28a86a8333,deny,the runner-up ANCOVA_Forest_Impact_clearfell_step_summer (~50 mm) is the established summer-step figure; a canopy-index value is unrelated,ANCOVA_Forest_Impact_clearfell_step_summer [10_consolidated_report_numbers.csv],report10-16,felling_experiment / 2019-07-29 / aerial29-7-2019.png · index = 0.051983 [41_01_canopy_index.csv]
report10:f7ba65e6a4,confirm,coast_erosion peak_mm matches -627 mm,,report10-16,coast_erosion · peak_mm = -627 [37b_driver_footing.csv]
report10:655a74125e,deny,"-28 mm/yr is the coast-to-inland transect trend, already sourced correctly elsewhere; a clearfell/UKCP18 key is unrelated",transect_trend_mm_yr [38_report_numbers.csv],report10-16,MixedModel_Climate_Impact_clearfell = -0.0275 [10_consolidated_report_numbers.csv] as mm
report10:86b2805825,deny,-11.0 mm/yr is a site-wide secular-rate agreement figure; a specific-distance storm/5yr reach-profile head is a different (and unregistered) quantity,,report10-16,772.32 · coastal_6m_storm_head_mm = -11.03 [09f_01_reach_profile.csv]
report10:1dd8f68747,deny,0.18 mm/yr is a spread across three open-dune clusters; a clearfell Combined-Edge step-range is an unrelated analysis,,report10-16,Spread_Combined_Edge_step_range = 0.179605 [10_consolidated_report_numbers.csv]
report10:d4bcac63f7,deny,-13.1 mm/yr is a site-mean trend; a specific-distance reach-profile head is an unrelated (and unregistered) quantity,,report10-16,749.79 · coastal_6m_storm_head_mm = -13.07 [09f_01_reach_profile.csv]
report10:14628f1af8,deny,+-28.8 mm/yr is the minimum-detectable rate; a February PET monthly trend slope is unrelated,min_detectable_mm_yr [32_site_mean_trend.csv],report10-16,full_record / 2 · slope_mm_per_yr = 0.0288289 [00_06_pet_monthly_trends.csv] as mm
report10:870e8d8c9b,confirm,max of pct_of_coast matches 261%,,report10-16,max of pct_of_coast · pct_of_coast = 260.54 [37b_driver_footing.csv]
report10:7ae7202525,deny,"this is a driver-attribution table row (clearfell relief, +6 mm); a clearfell ANCOVA CI bound or a UKCP18 scenario value is a different analysis",clearfell relief row [37b_driver_footing.csv],report10-16,Combined / Edge · Clearfell_CI_hi_m = 0.00572312 [10a_01_ancova_comparison_table.csv] as mm
report10:3f4f580228,deny,the companion +7% for the same table row; ANCOVA percentage keys are a different analysis,clearfell relief row [37b_driver_footing.csv],report10-16,ANCOVA_Combined_Impact_clearfell_step = 0.0696927 [10a_report_numbers.csv] as %
report10:7a1bc62a11,deny,-4 mm is a broadleaf-restock driver-attribution row; a scraping trend-test statistic is unrelated,broadleaf restock row [37b_driver_footing.csv],report10-16,"CEH18 vs CEH4, 2023 re-scrape · pre_trend_m_per_yr = -0.00399774 [09_scrape_09_monthly_step_trend.csv] as mm"
report10:2ebfa5d932,deny,the file (37b_driver_footing.csv) is right but sd16_crossings_worsen (a count) is the wrong column for a 5% figure,,report10-16,scrape_offsite · sd16_crossings_worsen = 5 [37b_driver_footing.csv]
report10:1404f6f3cd,deny,-11.0 mm/yr is the site-wide secular-rate figure; a specific-distance reach-profile head is an unrelated quantity,,report10-16,568.29 · scrape_head_mm = -11 [09f_01_reach_profile.csv]
report10:f48bf70203,confirm,coast_erosion peak_mm matches -627 mm,,report10-16,coast_erosion · peak_mm = -627 [37b_driver_footing.csv]
report10:35024e1596,deny,1.5 is the m_p band-boundary constant; a canopy-index ratio is unrelated,,report10-16,clearfell / 2006-01-01 / aerial 1-1-2006.png · ratio_to_conifer = 1.51281 [41_01_canopy_index.csv]
report10:8908e61cba,deny,1.5 is the same m_p band-boundary constant; a climate-year P/PET ratio is unrelated,,report10-16,1935 · P_PET_ratio = 1.45038 [00_01_annual_climate_summary.csv]
report10:d25bdda132,deny,"'conclusion 4' is a cross-reference to the Conclusions section's item 4, not NW10's cluster ID (coincidentally also 4)",,report10-16,nw10 · C4 · cluster = 4 [11b_03_pflood_per_well.csv]
report10:5b22881877,deny,"this is Pye & Blott's cited retreat rate, documented in config as sourced from that paper; a Script 40 pipeline rate is a coincidentally similar source",PUBLISHED_MAX_PROFILE_RATE = 1.8 [config.py],report10-16,2006 / 2017 / modern_common_frontage · rate_m_yr = 1.80899 [40_01_epoch_series.csv]
report10:324edb1d8c,confirm,cluster_stability_months_median matches 0.986,,report10-16,cluster_stability_months_median · 02_report_numbers.csv · committed 0.9855 · index proposed
report10:d69e8a964b,confirm,cluster_stability_wells_median matches 0.938,,report10-16,cluster_stability_wells_median = 0.93812 [02_report_numbers.csv]
report10:9f15876df9,deny,"0.52 is a cluster-stability adjusted Rand index; both candidates (an ANCOVA coefficient, a coastal-generalisation sagitta) are unrelated",,report10-16,C (WMC3 only) · Value = -0.523369 [10h_03_ancova_full_coefficients.csv]
report10:153363beb7,deny,0.36 is the ARI 5th-percentile; a coastal scale-factor SE is unrelated,,report10-16,Forest / Edge · s_coast_se = 0.35999 [10a_09_coastal_scale_factor.csv]
report10:f0e5e4bdfa,deny,"0.73 is the ARI 95th-percentile; both candidates (a forecast intercept, an unrelated R2) are unrelated",,report10-16,Eastern_Block · intercept = -0.732503 [11_forecast_spring_transfer_functions.csv]
report12:0e43038c8b,confirm,legitimate derived 88-well network count (66 reference + 22 extended),,report10-16,66 reference + 22 extended well columns = 88 dipwells = 88 [01_wells_reference.csv]
report12:770c440f3d,confirm,legitimate: pipeline_steps_registered=57 matches committed pipeline_manifest.json,,report10-16,C2 · n_years = 21 [14_spring_trend_stats.csv]
report12:1929466625,confirm,pipeline_steps_registered=57 matches committed manifest,,report10-16,pipeline_steps_registered = 57 [pipeline_manifest.json]
report12:b47032693f,confirm,pipeline_phases_total=18 matches committed manifest,,report10-16,pipeline_phases_total = 18 [pipeline_manifest.json]
report12:dccf5b9e23,confirm,C1 beta_1_recharge=4.58 [03_03_cluster_mechanistic_coefficients.csv],,report10-16,C1 (Lake Edge) · beta_1_recharge · 03_03_cluster_mechanistic_coefficients.csv · committed 4.5784848694019455 · index confirmed
report12:c894fc9c4a,confirm,C2 beta_1_recharge=3.97,,report10-16,C2 (Dune) · beta_1_recharge · 03_03_cluster_mechanistic_coefficients.csv · committed 3.972063123608186 · index proposed
report12:7d5e7dd60e,confirm,"C1 beta_3_drainage=0.089, canonical 03_03 file",,report10-16,C1 (Lake Edge) · beta_3_drainage = 0.0886103 [03_03_cluster_mechanistic_coefficients.csv]
report12:d50feb25b0,confirm,"C2 beta_3_drainage=0.064, canonical 03_03 file",,report10-16,C2 (Dune) · beta_3_drainage = 0.0643252 [03_03_cluster_mechanistic_coefficients.csv]
report12:db5dc30363,confirm,sentence explicitly names C3; 03_03 C3 LCSC=27.99 is correct despite a near-tie with C2's value in a different (per-well sensitivity) file,,report10-16,C3 (Western Residual) · LCSC_percent = 27.9889 [03_03_cluster_mechanistic_coefficients.csv]
report12:319fb2bba6,confirm,C4 LCSC=40.4,,report10-16,C4 (Main Forest) · LCSC_percent = 40.3703 [03_03_cluster_mechanistic_coefficients.csv]
report12:cb9e97588c,confirm,"C5 LCSC=41.2, same-row canonical file",,report10-16,C5 (Coastal Forest) · LCSC_percent = 41.1871 [03_03_cluster_mechanistic_coefficients.csv]
report12:938e8ef09c,confirm,C4 beta_2_atmospheric_draw=2.56,,report10-16,C4 (Main Forest) · beta_2_atmospheric_draw · 03_03_cluster_mechanistic_coefficients.csv · committed 2.5625958969997766 · index confirmed
report12:9d7c1a391d,confirm,"C4 beta_3_drainage=0.018, canonical 03_03 file (sentence names C4, not a well)",,report10-16,C4 (Main Forest) · beta_3_drainage = 0.0184551 [03_03_cluster_mechanistic_coefficients.csv]
report12:e027803b9e,confirm,C5 beta_2_atmospheric_draw=1.27,,report10-16,C5 (Coastal Forest) · beta_2_atmospheric_draw · 03_03_cluster_mechanistic_coefficients.csv · committed 1.2743092283961304 · index confirmed
report12:0380578d47,confirm,C5 beta_3_drainage=0.045,,report10-16,C5 (Coastal Forest) · beta_3_drainage = 0.0448501 [03_03_cluster_mechanistic_coefficients.csv]
report12:8718b21076,deny,the '2' is the MATHEMATICAL CONSTANT inside ln(2) in t1/2=ln(2)/beta3 -- not a pipeline quantity at all; tying it to a cluster ID that happens to equal 2 is a category error,not a pipeline value -- ln(2) is a fixed mathematical constant,report10-16,centroid · C2 · Cluster = 2 [03_16_model_b_persistence.csv]
report12:5ba4995e76,confirm,C4 mean of amp_coefficient=1.65 [35_per_well_amplification.csv],,report10-16,C4 mean of amp_coefficient · amp_coefficient = 1.64532 [35_per_well_amplification.csv]
report12:2d67fa4131,confirm,"C4 max of amp_coefficient=2.20, the other end of the range from the same file/cluster",,report10-16,C4 max of amp_coefficient · amp_coefficient = 2.2044 [35_per_well_amplification.csv]
report12:f3f95fc5a8,deny,"the sentence gives the RANGE of C4's own amplification (paired with the confirmed 2.20 max from the same file/cluster); 1.36 is C4's own min (well ceh30), not C3 well nw8b's ci_hi from a coincidentally similar number",ceh30 (C4) amp_coefficient=1.360244 [35_per_well_amplification.csv],report10-16,nw8b · C3 · ci_hi = 1.36495 [35_per_well_amplification.csv]
report12:66099d6102,deny,"'the lake-edge cluster' is C1; the mean of C1's amp_coefficient is 0.6595, matching the paired C4-mean sentence structure -- ceh7 is in C2 (wrong cluster) and its ci_lo is the wrong statistic anyway",mean of C1 (Lake Edge) amp_coefficient = 0.6595 [35_per_well_amplification.csv],report10-16,ceh7 · ci_lo = 0.663033 [35_per_well_amplification.csv]
report12:32b0739087,deny,"this is C5's beta_2_atmospheric_draw (already correctly given as 1.2743 for the same cluster elsewhere in this sentence family), not well nw8b's unrelated amp_coefficient from a different analysis (amplification, not beta_2) that happens to round the same",C5 (Coastal Forest) beta_2_atmospheric_draw = 1.2743 [03_03_cluster_mechanistic_coefficients.csv],report10-16,nw8b · amp_coefficient · 35_per_well_amplification.csv · committed 1.2746684811684843 · index proposed
report12:086eb03216,confirm,C2 beta_2_atmospheric_draw=1.74,,report10-16,C2 (Dune) · beta_2_atmospheric_draw · 03_03_cluster_mechanistic_coefficients.csv · committed 1.7419270206912956 · index confirmed
report12:f8867bca03,confirm,C3 beta_2_atmospheric_draw=1.81,,report10-16,C3 (Western Residual) · beta_2_atmospheric_draw · 03_03_cluster_mechanistic_coefficients.csv · committed 1.807279573206616 · index confirmed
report12:7aa4f84e74,confirm,"C4 beta_2_atmospheric_draw=2.56, canonical file, same row as neighbours",,report10-16,C4 (Main Forest) · beta_2_atmospheric_draw = 2.5626 [03_03_cluster_mechanistic_coefficients.csv]
report12:a59fadfdc2,confirm,"sentence explicitly says 'median... nse improvement... over the traditional linear model', matching Delta_B_minus_A in the TLM-benchmark summary table",,report10-16,Median iterative NSE · Delta_B_minus_A = 0.82444 [08_lcsc_04_table3_benchmark_summary.csv]
report12:9d5e9270fd,confirm,legitimate derived 66-well reference-network count,,report10-16,66 well columns in reference (lake excluded) = 66 [01_wells_reference.csv]
report12:4aa1e84422,confirm,same derived 66-well count,,report10-16,66 well columns in reference (lake excluded) = 66 [01_wells_reference.csv]
report12:4b049fcd65,unsure,"sentence fragment is truncated ('(2025) to within ~11mm and predicts...'); no antecedent subject survives in the extracted text, and neither tied clearfell-ANCOVA SE candidate has any evident connection to an Ellenberg-F/spring-level prediction accuracy",,report10-16,FourZoneSpring_Impact_clearfell_step_se = 0.0113739 [10_consolidated_report_numbers.csv] as mm
report12:4d3140717b,confirm,"sentence says 'predicts...ellenberg-f...(r=0.83, n=18)' -- MSL5 pearson_r=0.828958 with n=18 in the same row is an exact contextual and numeric match; the tied -0.831 forest-zone-elevation correlation has no ellenberg-f connection and the wrong sign",,report10-16,MSL5 · pearson_r = 0.828958 [26_ebf_prediction_summary.csv]
report12:2caef98551,confirm,n=18 matches the same MSL5 EBF-prediction row,,report10-16,MSL5 · n = 18 [26_ebf_prediction_summary.csv]
report12:7efef9ef21,confirm,"sentence explicitly says 'williams p=0.45', matching the file's own williams_p_vs_ewi_annual column name and MSL5 row",,report10-16,MSL5 · williams_p_vs_ewi_annual = 0.445204 [26_ebf_prediction_summary.csv]
report12:112647b4a7,unsure,"sentence says '119mm rmse' but the file's own registered open-dune RMSE is 60.8mm (ewi_msl5_rmse_mm_open_dune), and no subset tested (open-dune, forest-free, per-cluster) reproduces 119mm; the given ATTR (a single well's raw observed MSL5 level) is definitely not an RMSE, but the true source could n",,report10-16,CEH37 · C2 · MSL5_obs_m_bg = -0.119344 [26_ewi_msl5_comparison.csv] as mm
report12:c0c07aaee0,confirm,43 winter Sentinel-2 scenes matches fit_open_water_n_scenes,,report10-16,fit_open_water_n_scenes = 43 [45_report_numbers.csv]
report12:63feb2639b,confirm,"sentence explicitly says 'wet floor r2', matching fit_wet_floor_r2_log",,report10-16,fit_wet_floor_r2_log = 0.767452 [45_report_numbers.csv]
report12:7bacc9fd5c,confirm,"sentence explicitly says 'open water r2', matching fit_open_water_r2_log",,report10-16,fit_open_water_r2_log = 0.711666 [45_report_numbers.csv]
report12:3f6a96b175,confirm,"n=238 well-months; all four oos_*_n_months keys in this file equal 238 regardless of mode, so the attribution is correct under any of them",,report10-16,oos_C_open_water_n_months = 238 [45_report_numbers.csv]
report12:d27090e792,confirm,wet-floor r2=0.80 matches oos_C_wet_floor_r2,,report10-16,oos_C_wet_floor_r2 = 0.802125 [45_report_numbers.csv]
report12:ab2db3e215,confirm,"0.96 median ratio; both the C-mode and R-mode values round to 0.96, and the sentence's sibling figures (238, 0.80) are consistently C-mode, so C-mode is the coherent reading",,report10-16,oos_C_wet_floor_median_ratio = 0.955233 [45_report_numbers.csv]
report12:7bf4c3bfc5,confirm,"sentence says 'raw baci +0.129m', matching CEH36_raw_BACI_step by name",,report10-16,CEH36_raw_BACI_step = 0.1294 [09e_report_numbers.csv]
report12:edba633b7f,confirm,"sentence says 'synthetic control +0.137m', matching CEH36_synthetic_control_step by name",,report10-16,CEH36_synthetic_control_step = 0.1368 [09e_report_numbers.csv]
report12:a394fe9227,deny,"sentence says 'ssm forward residual +0.081m' for CEH36's scraping analysis; the file used (43_01_ranwell_sites.csv) is the unrelated 1951-53 Ranwell historic-record hindcast, not scraping BACI. The correct companion value, CEH36_SSM_forward_residual_step=0.0734 [09e_report_numbers.csv], sits alongsi","CEH36_SSM_forward_residual_step ~0.073 [09e_report_numbers.csv], not 43_01_ranwell_sites.csv",report10-16,max of refined_resid_m · refined_resid_m = 0.080625 [43_01_ranwell_sites.csv]
report12:e9c3fe7476,confirm,+195mm paired summer minimum shift for CEH36,,report10-16,CEH36 / Paired · Shift_m = 0.1945 [09c_02_summer_minima_shifts.csv] as mm
report12:de6565fef9,confirm,p=0.004 for the same CEH36 paired shift,,report10-16,CEH36 / Paired · p_value = 0.00445384 [09c_02_summer_minima_shifts.csv]
report12:32677ee4a3,confirm,established headline: the WMC3-only ANCOVA variant is the correct match for the +113mm/p=0.002 clearfell figure,,report10-16,ANCOVA_C_WMC3_only_Forest_clearfell_step = 0.113095 [10_consolidated_report_numbers.csv] as mm
report12:207b0e4d5d,confirm,"p=0.002, same WMC3-only ANCOVA row",,report10-16,ANCOVA_C_WMC3_only_Forest_clearfell_p = 0.00208622 [10_consolidated_report_numbers.csv]
report12:b6fe053af2,confirm,"sentence says 'at the edge tier', matching ANCOVA_Forest_Edge_clearfell_step; the tied scraping Tier2_BACI_shift figure is an unrelated intervention (scraping, not clearfell edge tier)",,report10-16,ANCOVA_Forest_Edge_clearfell_step = 0.0296701 [10_consolidated_report_numbers.csv] as mm
report12:df874e6eb0,confirm,p=0.25 for the same Forest/Edge clearfell row,,report10-16,Forest / Edge · Clearfell_p = 0.248589 [10a_01_ancova_comparison_table.csv]
report12:4429ba9d76,deny,"the sentence's own stated p<0.001 contradicts this row's actual p-value (0.249, Forest/Edge); a CI upper bound (Clearfell_CI_hi_m) is also being misused as if it were the point estimate. No row in the ANCOVA comparison table combines a ~+80mm step with p<0.001, so the true source of this figure (lik",,report10-16,Forest / Edge · Clearfell_CI_hi_m = 0.0798804 [10a_01_ancova_comparison_table.csv] as mm
report12:a72914f08f,deny,"the file used (19_scenario_summary.csv) gives the SITE-wide (all-cluster) mean, not C5 specifically; the C5-specific clearfell scenario value used by the sibling broadleaf rows in the same sentence is in a different file","Clearfell / C5 (Coastal Forest) Delta_vol_mm_per_month = 10.9 [09b_04_scenario_comparison.csv], the file used by the sentence's other three scenario figures",report10-16,clearfell / annual / SITE · dh_mean_m = 0.0104 [19_scenario_summary.csv] as mm
report12:f04ce7ff58,confirm,"Broadleaf/C4 Delta_vol_mm_per_month=-0.7, correct file for this scenario-comparison sentence",,report10-16,Broadleaf / C4 · Delta_vol_mm_per_month = -0.7 [09b_04_scenario_comparison.csv]
report12:d59b4f3c64,deny,"sentence is the Broadleaf/C5 scenario figure (+1.6mm), companion to the confirmed Broadleaf/C4 figure in the same sentence; both tied candidates are unrelated ANCOVA diagnostic coefficients from a different (clearfell) analysis",Broadleaf / C5 (Coastal Forest) Delta_vol_mm_per_month = 1.7 [09b_04_scenario_comparison.csv],report10-16,ANCOVA_Forest_Impact_s_coast = 1.59224 [10_consolidated_report_numbers.csv]
report12:cf02faf089,confirm,"+113mm WMC3-only headline, consistent with the established pattern",,report10-16,ANCOVA_Forest_Impact_clearfell_step = 0.113095 [10_consolidated_report_numbers.csv] as mm
report12:e7231206f7,deny,"'±25mm noise threshold' is a detection-limit constant for the msl5-window clearfell comparison; CoeffShift_CEH30_b3_after is an unrelated beta3 drainage-coefficient value (different units, different well-specific quantity, not a noise threshold)",,report10-16,CoeffShift_CEH30_b3_after = 0.0253 [10_consolidated_report_numbers.csv] as mm
report12:027e2a242c,confirm,"+113mm WMC3-only headline, consistent pattern",,report10-16,ANCOVA_Forest_Impact_clearfell_step = 0.113095 [10_consolidated_report_numbers.csv] as mm
report12:43aeadc05b,confirm,"p=0.002, WMC3-only Forest/Impact row (same underlying value as the ANCOVA_C_WMC3_only key), consistent with the established headline pattern",,report10-16,Forest / Impact · Clearfell_p = 0.00208622 [10a_01_ancova_comparison_table.csv]
report12:2690b0952c,deny,"'network-mean beta1' is a network-wide aggregate across many wells; ceh40's individual beta_1_recharge is a single well's coefficient, an unrelated (per-well) quantity",,report10-16,ceh40 · beta_1_recharge = 2.81271 [07_coeff_maps_data.csv]
report12:c955da85fe,deny,"this is a secular site-wide LEVEL-CHANGE rate in mm/yr (44_05_level_change.csv), a completely different quantity and unit from a network-mean beta_1 recharge coefficient",,report10-16,site · rate_mm_per_year = 2.65114 [44_05_level_change.csv]
report12:df00a22bcb,deny,"'5.8%' describes a percentage change in network-mean beta1 pre/post clearfell; both tied candidates (a clearfell monthly step-in-metres percentage, and an unrelated clustering margin metric) are different quantities. The nearest coherent match is the Impact+Edge+Forest-Ctrl tier mean beta_1 pre/post",,report10-16,ANCOVA_A_WMC3+FE1+FE2_Climate_clearfell_step · Value = -0.0583066 [10_consolidated_report_numbers.csv] as %
report12:1765039570,deny,"this is described as 'five wells distant from both the clearfell footprint and the coastal margin' -- exactly the 5-well Climate Ctrl tier (CEH9, NW7, NW6, NW5, WMC2); their beta_1 declines by ~3.7-3.9%% with 4 of 5 wells declining, an exact match for 'four of five wells declining'. The attributed c","Climate Ctrl tier before/after beta_1_recharge means [10e_01_coefficient_shifts.csv]: ~3.7-3.9% decline, 4 of 5 wells declining",report10-16,warren_control / 2012-05-26 / aerial26-5-2012.png · ratio_to_conifer = -0.0377229 [41_01_canopy_index.csv] as %
report12:a78ed65a36,confirm,"C4 corrected Sy_event_median=0.260, same row as its neighbours",,report10-16,C4 (Main Forest) (corrected) / True · Sy_event_median = 0.260305 [17_wtf_01_sy_estimates.csv]
report12:8d86b3113e,confirm,"the file's own open_dune_min/open_dune_max columns are purpose-built for exactly this range statement, confirmed by the paired 0.328 max in the same row",,report10-16,C4 min of open_dune_min · open_dune_min = 0.210147 [17_wtf_06_interception_sweep.csv]
report12:0ee82eec07,confirm,"open_dune_max=0.328, same row as its neighbour",,report10-16,C4 min of open_dune_max · open_dune_max = 0.327797 [17_wtf_06_interception_sweep.csv]
report12:ff74454ee0,confirm,C5 corrected Sy_event_median=0.326,,report10-16,C5 (Coastal Forest) (corrected) / True · Sy_event_median · 17_wtf_01_sy_estimates.csv · committed 0.325808381145103 · index proposed
report12:c82ab77a77,deny,"'the water balance closes to within 1.8%' is a water-balance closure diagnostic; collinearity_inflation is an unrelated regression VIF-style diagnostic from a scraping monthly-step-trend analysis, a different topic entirely. The true closure-percentage source could not be located in the water-balanc",,report10-16,"CEH18 vs CEH4, 2023 re-scrape · collinearity_inflation = 1.75193 [09_scrape_09_monthly_step_trend.csv]"
report12:5d856534d0,deny,"'no well exceeds +0.02 m/month' describes the per-well water-balance residual field (same file as the two confirmed neighbouring rows, 20_residual_perwell.csv, whose max is 0.0044m); both tied candidates are unrelated clearfell mixed-model coefficients/SEs",,report10-16,MixedModelSpring_Climate_Far-field Ctrl_clearfell = 0.0167 [10_consolidated_report_numbers.csv]
report12:bd0b0cc52a,confirm,"ceh4 residual_wb=0.0044, matches exactly",,report10-16,ceh4 · residual_wb = 0.00435625 [20_residual_perwell.csv]
report12:311bc7b7d3,confirm,"median residual_wb=-0.0046, matches exactly",,report10-16,median of residual_wb · residual_wb = -0.004602 [20_residual_perwell.csv]
report12:6b2cdfed1e,deny,'54 of 66 wells negative' is a direct count from the same per-well residual file as the two confirmed neighbouring rows: 54 of 66 rows in 20_residual_perwell.csv have residual_wb<0. C2's unrelated N_summer=54 in a different water-balance table is a coincidental digit match,54 of 66 wells with residual_wb<0 [20_residual_perwell.csv],report10-16,C2 (Dune) · N_summer = 54 [16_water_bal_rec_table.csv]
report12:049e9ee8d8,confirm,"66, legitimate derived reference-well count (also matches the row count of 20_residual_perwell.csv)",,report10-16,66 well columns in reference (lake excluded) = 66 [01_wells_reference.csv]
report12:acdc6224c4,confirm,"sentence explicitly says 'summer', matching C5's own Slope_m_per_yr in 14_summer_trend_stats.csv, not the SD15b threshold-crossing slope in a different file",,report10-16,C5 · Slope_m_per_yr = -0.0359 [14_summer_trend_stats.csv]
report12:ce7a765cbe,deny,"the sentence's p=0.003 is the SAME summer-trend row's own p_value column (0.0030 exactly), not either unrelated tied candidate (a msl5/summer-min correlation p-value, or a clearfell mixed-model p-value)","C5 p_value = 0.0030 [14_summer_trend_stats.csv], same row as the -0.036 m/yr slope",report10-16,Check2_msl5raw_vs_summermin_spearman_p = 0.0027 [25_report_numbers.csv]
report12:9f70e08130,deny,"'3.3 times the summer decline rate of c1' is the ratio of C5's summer slope to C1's summer slope (0.0359/0.0109 = 3.29), both already established in 14_summer_trend_stats.csv; the tied coastal-gradient panel-fit parameters are an unrelated analysis",C5_slope / C1_slope = 0.0359/0.0109 ~= 3.29 [14_summer_trend_stats.csv],report10-16,full / exponential · c_mm_yr = 3.28 [25_01_panel_fit_parameters.csv]
report12:1a53abc9b8,confirm,"forest_free/linear_capped delta_ref_mm_yr=-26.19, matches the retained (linear-capped) model form named in the same sentence",,report10-16,forest_free / linear_capped · delta_ref_mm_yr = -26.1896 [25_01_panel_fit_parameters.csv]
report12:8a16070f3c,confirm,"150m reference distance, uniform across all panel-fit rows",,report10-16,c3_only · ref_distance_m = 150 [25_01_panel_fit_parameters.csv]
report12:6f5dd6e500,deny,"the retained model in this sentence is forest_free/linear_capped (named explicitly: 'the linear-capped form is retained on physical grounds', matching the confirmed -26.2 companion figure); its OWN delta_0_mm_yr=-31.35 matches -31.3 exactly, in the SAME row/file as the -26.2 figure. Both tied candid","forest_free / linear_capped delta_0_mm_yr = -31.35 [25_01_panel_fit_parameters.csv], same row as the confirmed -26.2 figure",report10-16,full_panel · delta_0_mm_yr = -31.3462 [25_11_matched_window_sensitivity.csv]
report12:a83a4dca19,confirm,C5 unexplained_mm_yr=-0.68,,report10-16,C5 (Coastal Forest) · unexplained_mm_yr = -0.679849 [25_03_cluster_partition.csv]
report12:08a1f65a3d,confirm,May PET-trend p-value=0.00164 rounds to 0.002; file and month context (monthly PET decomposition) both match despite a near-numeric tie with an unrelated correlation p-value,,report10-16,full_record / 5 · p_value = 0.00164144 [00_06_pet_monthly_trends.csv]
report12:e4a50acde6,deny,"June's PET monthly-trend slope (companion to the confirmed May/July trend figures in the same sentence) is slope_mm_per_yr=0.048 for month=6 in 00_06_pet_monthly_trends.csv; the attributed C1 et_flux_m_month is a water-balance ET flux in different units, an unrelated quantity",month=6 slope_mm_per_yr = 0.048 [00_06_pet_monthly_trends.csv],report10-16,C1 median of et_flux_m_month · et_flux_m_month = 0.0473313 [03_12_partition_vs_datum.csv]
report12:65e216a7a2,deny,"June's PET-trend p-value should be the same file/row as the slope (month=6, p_value=0.033); the attributed Forest p_value_intercept is an unrelated winter-transfer-function regression intercept p-value that happens to round to 0.030","month=6 p_value ~ 0.033 [00_06_pet_monthly_trends.csv], not 11_forecast_winter_transfer_functions.csv",report10-16,Forest · p_value_intercept = 0.0300708 [11_forecast_winter_transfer_functions.csv]
report12:ef976c259d,deny,"July's PET-trend slope should be month=7 in the same monthly-trends file (0.063); the attributed value is an unrelated spring-transfer-function p_value_intercept, not even the same kind of statistic (p-value vs slope)",month=7 slope_mm_per_yr = 0.063 [00_06_pet_monthly_trends.csv],report10-16,Forest · p_value_intercept = 0.0617949 [11_forecast_spring_transfer_functions.csv]
report12:e9e60ad787,deny,July's PET-trend p-value should be month=7 in the same monthly-trends file (p=0.010); both tied candidates are unrelated clearfell/validation p-values from different analyses,month=7 p_value ~ 0.010 [00_06_pet_monthly_trends.csv],report10-16,Forest / Climate Ctrl · Clearfell_p = 0.00637796 [10d_08_spring_mixed_model_results.csv]
report12:c618105137,deny,"'21 years of monitoring' is the network record span, not C2's per-cluster n_years in a spring-trend-stat table (which varies 19-21 by cluster and ties with C3 as well as C2)",,report10-16,C2 · n_years = 21 [14_spring_trend_stats.csv]
report12:45f9706ef0,confirm,"Headline_coastal_rate_at_ref is purpose-built for exactly this 'at the reference distance' headline figure, not an individual well's unrelated absolute climate trend",,report10-16,Headline_coastal_rate_at_ref · Value = -26.1896 [25_report_numbers.csv]
report12:d157ba09eb,confirm,Headline_reference_distance=150,,report10-16,Headline_reference_distance = 150 [25_report_numbers.csv]
report12:904d1e3f94,deny,"'an inland reach of about 900m' is the network headline decay length, not well ceh4's individual leave-one-out sensitivity value","c3_only_mam / linear_capped_cfix L_m ~= 900 [25_01_panel_fit_parameters.csv], or a Headline_reach_m style key in 25_report_numbers.csv",report10-16,ceh4 · C3 · L_loo_m = 899.803 [25_16_delta0_leave_one_out.csv]
report8:2bd30f3d1d,confirm,matches pipeline_steps_registered = 57 (manifest headline),,report8 part 1,pipeline_steps_registered = 57 [pipeline_manifest.json]
report8:b5cd00f6b9,confirm,matches pipeline_phases_total = 18,,report8 part 1,pipeline_phases_total = 18 [pipeline_manifest.json]
report8:7b959899fb,confirm,matches tier breakdown's analytical count,,report8 part 1,pipeline_steps_analytical = 43 [pipeline_manifest.json]
report8:35decb03a4,confirm,matches exec breakdown's default-pass count,,report8 part 1,pipeline_steps_default = 52 [pipeline_manifest.json]
report8:cb7d3ecfb5,confirm,"same 57 registered steps, matches 'not additive' sentence",,report8 part 1,pipeline_steps_registered = 57 [pipeline_manifest.json]
report8:1743eb99e4,confirm,cluster_k5=5 matches the stated 'k = 5' partition validation,,report8 part 1,distinct clusters in cluster_k5 (k = 5) · cluster_k5 = 5 [02_07_cluster_membership_k5.csv]
report8:a3715eae2e,confirm,88 = 66 reference + 22 extended per CLAUDE.md convention,,report8 part 1,66 reference + 22 extended well columns = 88 dipwells = 88 [01_wells_reference.csv]
report8:7ba28c57c9,confirm,66 reference wells,,report8 part 1,66 well columns in reference (lake excluded) = 66 [01_wells_reference.csv]
report8:36af8949dc,confirm,22 extended wells,,report8 part 1,22 well columns in extended (lake excluded) = 22 [01_wells_extended.csv]
report8:c57ca57af1,deny,"sentence states a QC depth threshold (4.0 m below standpipe top); both candidates are a well's climate-trend slope, wrong quantity","a config.py QC-depth threshold, not registered here",report8 part 1,d10 · C2 · bhat_m_per_cwb_2005_2013 = 3.96162 [36_absolute_climate_trend_per_well.csv]
report8:de2a4d1a6e,deny,value is a hindcast-level column max (unrelated file); sentence is the reference-network well count,01_wells_reference.csv (66 well columns),report8 part 1,max of per-column means = 66 [47_01_hindcast_level_monthly.csv]
report8:eabd6faf82,confirm,88 monitored dipwells,,report8 part 1,66 reference + 22 extended well columns = 88 dipwells = 88 [01_wells_reference.csv]
report8:2823184aa2,deny,attribution is a per-well SE in mm; sentence states a record-length range in months,"a months-of-record column for admitted wells, not registered",report8 part 1,
report8:c5b09a60db,confirm,88 = 66+22,,report8 part 1,66 reference + 22 extended well columns = 88 dipwells = 88 [01_wells_reference.csv]
report8:fcde58e412,confirm,n_wells=66 in the robustness table matches the reference network size,,report8 part 1,Pearson / complete / 5 · n_wells = 66 [31_method_robustness_ari.csv]
report8:b6be82775b,confirm,22 extended wells,,report8 part 1,22 well columns in extended (lake excluded) = 22 [01_wells_extended.csv]
report8:a9c6d02961,confirm,66 reference wells (figure 3a),,report8 part 1,min of n_wells · n_wells = 66 [31_method_robustness_ari.csv]
report8:1d93f928c2,confirm,22 extended-network wells (figure 3b),,report8 part 1,22 well columns in extended (lake excluded) = 22 [01_wells_extended.csv]
report8:aeab8c8575,confirm,66-well reference network caption,,report8 part 1,66 well columns in reference (lake excluded) = 66 [01_wells_reference.csv]
report8:8d01b366b0,confirm,22 extended-network wells,,report8 part 1,22 well columns in extended (lake excluded) = 22 [01_wells_extended.csv]
report8:fd08949fa2,deny,"sentence states the LiDAR DTM's 2 m ground resolution; neither candidate (an SD, a well's dry depth) is that","a LiDAR-resolution constant, not registered",report8 part 1,SLACK_MIN_FLOOR_M = 2 [config.py]
report8:29d1bb4920,deny,"Pre_mean_gap_m is a spring water-level shift metric, unrelated to the DEM-vs-DGPS elevation bias stated","a DEM/DGPS elevation-bias column, not registered",report8 part 1,mean of Pre_mean_gap_m · Pre_mean_gap_m = -0.0775 [09c_06_spring_means_shifts.csv]
report8:72ad807562,deny,"0.5 m is the stated discrepancy threshold, not ceh2's wet_m or an ANOVA p-value","a threshold value, not registered",report8 part 1,ceh2 · wet_m = -0.534167 [33_envelope_per_well.csv]
report8:208816c8b3,deny,"MAX5_m_bg is a per-well seasonal maximum, not the aggregate elevation-validation RMSE","the RMSE from the elevation-validation output, not registered",report8 part 1,nw2 · C3 · MAX5_m_bg = -0.102 [26_msl_5yr_per_well.csv]
report8:a310eca4e9,deny,"L_se is a drawdown panel-fit SE, unrelated to the 78-well elevation-validation count","the elevation-validation well count, not registered",report8 part 1,full_mam / linear_capped · L_se = 78 [25_01_panel_fit_parameters.csv]
report8:2cf9d3f53c,deny,"rho_lag1 is an autocorrelation coefficient, not the elevation mean bias","the elevation-validation mean-bias column, not registered",report8 part 1,t41d · C2 · rho_lag1 = -0.0718813 [26_metric_diagnostics_per_well.csv]
report8:fa3bf3def5,deny,"0.15 m is NRW's cited external DTM accuracy spec, not the FLOOD_NEAR_GROUND_M config constant","external NRW citation, no CSV needed",report8 part 1,FLOOD_NEAR_GROUND_M = 0.15 [config.py]
report8:ec769208e3,deny,wells_clean's 77+1 geometry count is coincidental; sentence is the DGPS-sourced elevation count among 99 wells,"a DGPS-coverage well count, not this file's geometry",report8 part 1,77 wells + 1 lake column in clean = measuring points = 78 [01_wells_clean.csv]
report8:0a5521973a,deny,panel-fit L_se is unrelated to the total well count resolved in Script 01,"the total measuring-point count from Script 01, not registered",report8 part 1,full / exponential · L_se = 99 [25_01_panel_fit_parameters.csv]
report8:a6cb1aa3be,confirm,ceh28 upstand matches,,report8 part 1,ceh28 · Upstand_m = -0.14 [01_locations.csv]
report8:7e4c254d92,confirm,ceh2 upstand matches,,report8 part 1,ceh2 · Upstand_m = 0.71 [01_locations.csv]
report8:6b2cf05f95,confirm,matches the 66 reference wells,,report8 part 1,Pearson · n_wells = 66 [31_method_robustness_ari.csv]
report8:c59807c238,deny,"1 is the Thornthwaite sum's lower bound (m=1), a formula index not a data value",,report8 part 1,
report8:a21598cb20,deny,"12 is the formula's upper summation bound (months in a year), not the BACI config constant",,report8 part 1,
report8:b0aa6100ff,deny,"5 is the formula's t_m/5 divisor, not a scrape re-detection extra-years value",,report8 part 1,
report8:3799e04619,deny,"0 is the 'clipped to zero' prose definition, not a data value",,report8 part 1,BACI_step_below_floor = 0 [09_scrape_report_numbers.csv]
report8:0d9e4ad7b3,deny,"10 is a PET-adjustment formula coefficient exponent, not scrape extra-years",,report8 part 1,
report8:8569add33b,deny,"same formula coefficient exponent, not data",,report8 part 1,
report8:b7fd9f24e9,deny,"2 is a formula coefficient digit (7.71e-5), not data",,report8 part 1,
report8:16bdcb8bfc,deny,"10 is a formula coefficient exponent, not data",,report8 part 1,
report8:4d0d0dd658,deny,"2 is the exponent in -0.43t^2, a formula constant not data",,report8 part 1,
report8:36d3386313,deny,"0 is the definitional 'PET = 0' rule, not the unrelated BACI clearfell metric",,report8 part 1,
report8:96f97daf3b,deny,"12 is the months-per-year formula constant (n/12), not the BACI config value",,report8 part 1,
report8:be79a6dd91,confirm,RAF_VALLEY_LAT_DEG=53.25 matches the stated site latitude,,report8 part 1,RAF_VALLEY_LAT_DEG · config.py · committed 53.25 · index proposed
report8:a765335b2a,deny,"a_PET_win_to_spr is a forecast transfer-function coefficient, unrelated to the median %-difference between PET formulas","the PET-formula-comparison median value, not registered",report8 part 1,Lake_Edge · a_PET_win_to_spr = -0.00149007 [11_forecast_spring_transfer_functions.csv]
report8:3113a8e494,deny,"delta_0_se is a drawdown-propagation SE parameter, unrelated to the Thornthwaite heat-index result","the heat-index calculation output, not registered",report8 part 1,forest_free / exponential · delta_0_se = 3.15 [25_01_panel_fit_parameters.csv]
report8:99df6fa997,deny,"100-200 mm yr-1 is the Stratford (2006) literature range, not a pipeline scrape-trend value","external citation, no CSV needed",report8 part 1,
report8:ded2d8756b,deny,"same Stratford (2006) literature figure, not a per-well climate-trend slope","external citation, no CSV needed",report8 part 1,
report8:15ceaf5dc1,deny,"1 is the Pearson-distance formula's constant (d=1-r), not the ARI value",,report8 part 1,
report8:338e688a4f,deny,"r=1 is an illustrative synchronized-slack example, not PEARSON_MCA_THRESH or an actual pearson_r",,report8 part 1,
report8:829fd9cfbb,deny,"d=0 is the formula's illustrative result, not a Kruskal p-value",,report8 part 1,
report8:99d7954e45,deny,"d=1 is the same illustrative result, not the p-value",,report8 part 1,
report8:c726223456,deny,"d=1 illustrative value, not the ARI figure",,report8 part 1,
report8:3fb7407beb,deny,"r=-1 is the illustrative opposing-slack example, not the forest-zone elevation correlation",,report8 part 1,
report8:c1232ea2cc,deny,"d=2 is the formula's illustrative maximum, a different quantity from SLACK_MIN_FLOOR_M",,report8 part 1,SLACK_MIN_FLOOR_M = 2 [config.py]
report8:48f6db59a5,deny,"5 is one of the listed candidate k values {4,5,6,7}, not RANWELL_IDW_MIN_DIST_M",,report8 part 1,RANWELL_IDW_MIN_DIST_M = 5 [config.py]
report8:b1c89737c7,deny,"6 is a candidate k value; CV_MIN_YEAR_OBS is a min-observations-per-year parameter, unrelated topic",,report8 part 1,CV_MIN_YEAR_OBS = 6 [pipeline_params.py]
report8:9cca8f4812,confirm,matches the 66-well reference network,,report8 part 1,66 well columns in reference (lake excluded) = 66 [01_wells_reference.csv]
report8:80a72ae3c3,deny,"WTF_C_BOOTSTRAP_N is the Water-Table-Fluctuation Method C Sy bootstrap count, a different procedure from the cluster-stability resampling described here","the cluster-stability bootstrap N, not registered",report8 part 1,WTF_C_BOOTSTRAP_N = 1000 [config.py]
report8:e4261345e4,deny,"1.0 is the illustrative 'well scoring perfect stability' definition, not cluster_stability_months_median or a canopy-fraction constant",,report8 part 1,cluster_stability_months_median = 0.9855 [02_report_numbers.csv]
report8:9929f2b3e6,confirm,k=5 matches the five-cluster partition,,report8 part 1,distinct clusters in cluster_k5 (k = 5) · cluster_k5 = 5 [02_07_cluster_membership_k5.csv]
report8:b915f43554,deny,sentence's 0.98 here is the Lake Edge (C1) cluster; attribution is C2 (Dune),"C1 median of stability_wells, not registered",report8 part 1,C2 median of stability_wells · stability_wells = 0.97531 [02_11_month_stability.csv]
report8:3a2d85b100,deny,sentence's 1.00 is the Main Forest (C4) cluster; attribution is C3 (Western Residual),"C4 median of stability_wells, not registered",report8 part 1,C3 median of stability_wells · stability_wells = 1 [02_11_month_stability.csv]
report8:4d4c9f9c9d,deny,sentence's 0.99 is the Coastal Forest (C5) cluster; attribution is C4 (Main Forest),"C5 median of stability_wells, not registered",report8 part 1,C4 median of stability_wells · stability_wells = 0.991566 [02_11_month_stability.csv]
report8:666ac432b1,confirm,0.98 matches the Dune (C2) cluster named in the sentence,,report8 part 1,C2 median of stability_wells · stability_wells = 0.97531 [02_11_month_stability.csv]
report8:78c3c0741c,confirm,0.98 matches the Dune (C2) cluster named in the sentence,,report8 part 1,C2 median of stability_wells · stability_wells = 0.97531 [02_11_month_stability.csv]
report8:eb0bc3f6ba,deny,"0.49 is claimed for C5; sentence is about Western Residual (C3); runner-up C3 is the wrong statistic (Sy, not stability)","C3 median of stability_wells, not currently a candidate",report8 part 1,C3 (Western Residual) · C3 · Sy_event_median_unclipped = 0.485836 [17_wtf_01_sy_estimates.csv]
report8:34db2e15c4,confirm,'the fifth cluster' references the k=5 partition size,,report8 part 1,distinct clusters in cluster_k5 (k = 5) · cluster_k5 = 5 [02_07_cluster_membership_k5.csv]
report8:f380cf9578,confirm,k=5 selection,,report8 part 1,distinct clusters in cluster_k5 (k = 5) · cluster_k5 = 5 [02_07_cluster_membership_k5.csv]
report8:c5b3303572,confirm,silhouette 'at k=5' references the partition size,,report8 part 1,distinct clusters in cluster_k5 (k = 5) · cluster_k5 = 5 [02_07_cluster_membership_k5.csv]
report8:687a274265,confirm,silhouette_k5=0.396089 rounds to the stated 0.40,,report8 part 1,silhouette_k5 = 0.396089 [02_report_numbers.csv]
report8:2f6b34efa5,deny,"9 is the upper bound of the k=4-to-9 sweep tested, not p2's DEM ground elevation","the k-sweep upper bound, not registered",report8 part 1,p2 · DEM_Ground_Elev = 9 [01_locations.csv]
report8:3318e794ac,confirm,ceh22's ground elevation matches the range's low end,,report8 part 1,ceh22 · DGPS_Ground_Elev = 3.231 [01_locations.csv]
report8:09e3b823ff,confirm,ceh3's ground elevation matches the range's high end,,report8 part 1,ceh3 · DEM_Ground_Elev = 4.372 [01_locations.csv]
report8:ca291480bd,confirm,'from k = 5 onward' references the partition size,,report8 part 1,distinct clusters in cluster_k5 (k = 5) · cluster_k5 = 5 [02_07_cluster_membership_k5.csv]
report8:86d8ea3c80,confirm,ceh6 dem matches the C1 range's low end,,report8 part 1,ceh6 · C1 · dem = 8.461 [07_coeff_maps_data.csv]
report8:4721cf5825,deny,"L7 is C2 (Dune); the sentence's range is for C1 wells; runner-up ceh27 (C1, dem=10.9) is correct",runner-up ceh27 . C1 . dem = 10.9 [07_coeff_maps_data.csv],report8 part 1,L7 · C2 · dem = 10.86 [07_coeff_maps_data.csv]
report8:b4b00b4c49,deny,"beta_1_mean is a recharge-coefficient statistic, not ceh11's ground elevation",ceh11's dem elevation (matched correctly at id 6c7c6e8e00 for the same sentence),report8 part 1,median of beta_1_mean · beta_1_mean = 3.50974 [07_coefficient_summary.csv]
report8:efddb03e90,deny,C3_beta2_mean is unrelated to a well-to-well distance in km,"a computed inter-well distance, not registered",report8 part 1,C3_beta2_mean = 1.68255 [07_report_numbers.csv]
report8:a27aa5f259,confirm,ceh6 dem matches the C1 range's low end (repeat mention),,report8 part 1,ceh6 · C1 · dem = 8.461 [07_coeff_maps_data.csv]
report8:7bd5b3968e,deny,"L7 is C2, not the C1 well the range describes; runner-up ceh27 (C1) is correct",runner-up ceh27 . C1 . dem = 10.9 [07_coeff_maps_data.csv],report8 part 1,L7 · C2 · dem = 10.86 [07_coeff_maps_data.csv]
report8:6c7c6e8e00,confirm,ceh11's own dem elevation matches the 3.5 m figure,,report8 part 1,ceh11 · dem = 3.534 [07_coeff_maps_data.csv]
report8:6284dc75cf,deny,"0.5 m is an illustrative example seasonal range, not l7's optimal_datum_secondary",,report8 part 1,l7 · optimal_datum_secondary = 0.5 [03_09_well_optimal_datums.csv]
report8:d6b119d61b,deny,"2.0 m is the same illustrative example, not CANOPY_CHANGE_GRID_M or a well's beta_1_at_max",,report8 part 1,CANOPY_CHANGE_GRID_M = 2 [config.py]
report8:3b2aac100d,deny,"2x is a stated amplitude-heterogeneity threshold, not a canopy aerial-image ratio_to_conifer","a threshold constant, not this canopy-index file",report8 part 1,
report8:f683ce02bd,deny,"1 is the formula's 1/n_k normalisation constant, not an epoch-series 'years' value",,report8 part 1,
report8:eafba19e18,confirm,REQUESTED_N_CLUSTERS=5 matches 'five identified clusters',,report8 part 1,
report8:99352e1558,deny,"1 is a formula summation index, not the ARI value",,report8 part 1,
report8:87e346f0e2,deny,"same formula index, repeated",,report8 part 1,
report8:47e828f9f6,deny,"same formula index, repeated",,report8 part 1,
report8:c197ffb1ab,confirm,matches the 66-well reference network,,report8 part 1,66 well columns in reference (lake excluded) = 66 [01_wells_reference.csv]
report8:1a70984c92,deny,"0.03 is the stated lowered delta-r threshold, not a canopy aerial ratio_to_conifer","a threshold constant, not this canopy file",report8 part 1,warren_control / 2026-03-31 / aerial31-3-2026.png · ratio_to_conifer = -0.032106 [41_01_canopy_index.csv]
report8:5494478b4e,deny,"0.10 is the stated raised delta-r threshold, not sigma_total_m or an r2","a threshold constant, not either candidate",report8 part 1,COMBINED_ALL / nan · sigma_total_m = 0.102779 [44_05_level_change.csv]
report8:69af307436,deny,"n_common is a window-overlap count from an unrelated analysis, not the classification-flag well count","the classification-flag well count, not registered",report8 part 1,2014 / 2015 · n_common = 46 [34_window_matrix.csv]
report8:9300c11bf9,confirm,matches the 66 reference wells,,report8 part 1,66 well columns in reference (lake excluded) = 66 [01_wells_reference.csv]
report8:2e2f39a027,confirm,matches the 66-well reference network,,report8 part 1,66 well columns in reference (lake excluded) = 66 [01_wells_reference.csv]
report8:466ae35e93,confirm,PEARSON_DELTA_THRESH=0.05 matches the stated affinity threshold,,report8 part 1,PEARSON_DELTA_THRESH = 0.05 [config.py]
report8:9b9dde5de4,deny,"1 is the formula's t-1 subscript, not a canopy ratio",,report8 part 1,
report8:ceee14bf78,deny,"same formula (t-1 subscript), repeated in section 3.4.2",,report8 part 1,
report8:b18b48d745,deny,"2 is the beta_2 subscript, not benchmark_wells_SSM_worse",,report8 part 1,
report8:5cfa6c83e1,deny,"1 is the t-1 subscript in the prose description, not a canopy ratio",,report8 part 1,
report8:f01eb6beea,deny,"1 is the t-1 subscript, not the BACI clearfell metric",,report8 part 1,
report8:e58801b2c2,deny,"0 is the z-nought (z0) subscript notation, not the BACI Value",,report8 part 1,
report8:d7a17a9240,deny,"1 is the t-1 subscript, not the BACI clearfell metric",,report8 part 1,
report8:effc7b29bc,deny,"0.5 m is the sweep range's lower bound (methodology parameter), not l7's own optimal_datum_primary","a datum-sweep-range constant, not registered",report8 part 1,l7 · optimal_datum_primary = 0.5 [03_09_well_optimal_datums.csv]
report8:cbe08b1e5c,deny,"8.0 m is the sweep range's upper bound, not either candidate's aggregate elevation stat","a datum-sweep-range constant, not registered",report8 part 1,
report8:990b0c6077,deny,"0.1 m is the sweep step size, not summer_P or beta_3_drainage","a datum-sweep-step constant, not registered",report8 part 1,mean of beta_3_drainage · beta_3_drainage = 0.0631299 [03_12_partition_vs_datum.csv]
report8:b396f4eed0,confirm,DRAINAGE_DATUM=3.7 matches the adopted network-wide datum,,report8 part 1,DRAINAGE_DATUM = 3.7 [config.py]
report8:835e4ea13e,confirm,"DRAINAGE_DATUM=3.7 matches, repeated mention",,report8 part 1,DRAINAGE_DATUM = 3.7 [config.py]
report8:2148935d4a,deny,"s_coast_fitted is an unrelated BACI coastal-scaling factor, not the datum-sweep empirical minimum","the datum-sensitivity empirical minimum, not registered",report8 part 1,FarField / Impact · s_coast_fitted = -1.50833 [10a_10_coastal_fixed1_sensitivity.csv]
report8:0d767d3400,deny,shift_mm is from an unrelated coastal-sensitivity file; the datum here is DRAINAGE_DATUM=3.7,DRAINAGE_DATUM = 3.7 [config.py],report8 part 1,median of shift_mm · shift_mm = 3.66164 [10a_10_coastal_fixed1_sensitivity.csv]
report8:f090f49a6c,deny,"this p-value is from BACI control-subset sensitivity, unrelated to C4's SSM beta_3 significance at the adopted datum","the C4 beta_3 p-value at z0=3.7m, not registered",report8 part 1,outside_only / free_trend · p = 0.00202792 [10a_12_control_subset_sensitivity.csv]
report8:ebdf24344e,deny,shift_mm is from an unrelated coastal-sensitivity file; the datum is DRAINAGE_DATUM=3.7,DRAINAGE_DATUM = 3.7 [config.py],report8 part 1,median of shift_mm · shift_mm = 3.66164 [10a_10_coastal_fixed1_sensitivity.csv]
report8:fe370b67b3,deny,"Spread_Climate_Impact_step_range is a BACI coastal/clearfell spread metric, not the datum-sensitivity r2 spread","the datum-sensitivity r2 spread, not registered",report8 part 1,Spread_Climate_Impact_step_range = 0.0909405 [10a_report_numbers.csv]
report8:0941e8cdb8,confirm,DRAINAGE_DATUM=3.7 matches the stated z0,,report8 part 1,DRAINAGE_DATUM = 3.7 [config.py]
report8:a9937cf862,confirm,ground-elevation topic and value (~10.9 m) match the stated network elevation spread,,report8 part 1,L7 · DEM_Ground_Elev = 10.86 [01_locations.csv]
report8:706b702965,deny,"0 is the illustrative fixed-elevation-base slope, not the forest scenario-parameter flag",,report8 part 1,
report8:d079267e5a,deny,"+1 is the illustrative surface-following-base slope, not peak_month",,report8 part 1,
report8:f0aa67f5f0,confirm,matches the 66 reference wells,,report8 part 1,66 well columns in reference (lake excluded) = 66 [01_wells_reference.csv]
report8:3432d165b3,deny,"p_ar_2011_2025 is a single well's AR parameter, unrelated to the network-wide datum-vs-elevation regression slope","the regression slope from the datum-vs-elevation test, not registered",report8 part 1,t41a · C2 · p_ar_2011_2025 = 0.864157 [32_differential_movement_per_well.csv]
report8:0fc336a430,confirm,C3 min beta_1_recharge (~2.3) matches the Western Residual range's low end,,report8 part 1,C3 min of beta_1_recharge · beta_1_recharge = 2.2962 [03_08_datum_sensitivity.csv]
report8:05af2c19e8,deny,ceh6 is C1 (Lake Edge); the range is stated for C3 (Western Residual),"a C3 well's beta_1_recharge (~4.8), not this C1 well",report8 part 1,ceh6 · C1 · beta_1_recharge = 4.81748 [03_15_per_well_window_sensitivity.csv]
report8:bb1057a707,deny,"t_half_A_months is for C3, but the sentence's 17-82 month range is the forest interior (C4/C5)","a C4/C5 t_half_A_months value, not this C3 one",report8 part 1,
report8:662145eb96,deny,"p=0 in the sentence means rainfall P=0 (a hypothetical condition), not a BACI control-subset p-value",,report8 part 1,
report8:01c874d715,deny,"PET=0 is the same hypothetical condition, not the Kruskal p-value",,report8 part 1,
report8:14f5170d5b,deny,the formula's 100 is a percentage-conversion constant (LCSC=100/beta1); a different role from LCSC_DATA_LIMIT's 100-month window used elsewhere in this doc,,report8 part 1,LCSC_DATA_LIMIT = 100 [config.py]
report8:9a17477d3a,confirm,LCSC_DATA_LIMIT=100 matches the stated 100-month fitting window,,report8 part 1,LCSC_DATA_LIMIT = 100 [config.py]
report8:e635fad4b8,deny,"2 is the beta_2 subscript in the TLM formula, not benchmark_wells_SSM_worse",,report8 part 1,
report8:9b8e710535,deny,"c=0 is the stated 'fitted through the origin' constraint, not the ranwell metric",,report8 part 1,
report8:12b2788ca4,deny,"1 is a formula subscript, not a canopy ratio",,report8 part 1,
report8:c7712c1076,deny,"3 is the beta_3 subscript, not a ranwell monthly-range month value",,report8 part 1,
report8:d12ff449e5,deny,"1 is the t-1 subscript, not a canopy ratio",,report8 part 1,
report8:b1f9f9e9c9,deny,"'1)' is a list-item marker, not the ARI value",,report8 part 1,
report8:dd69550a26,deny,"2 is the exponent in r-squared notation, not ENVELOPE_METRIC_REF_MIN_WET",,report8 part 1,ENVELOPE_METRIC_REF_MIN_WET = 2 [config.py]
report8:11ab3cdaae,deny,"same r-squared exponent notation, repeated",,report8 part 1,ENVELOPE_METRIC_REF_MIN_WET = 2 [config.py]
report8:4496241e06,deny,same r-squared exponent notation in the formula itself,,report8 part 1,
report8:763d172ac1,deny,"2 is the squared-term exponent in the NSE formula, not the config value",,report8 part 1,
report8:bce88b9cac,confirm,window_months=100 matches the stated evaluation-window length,,report8 part 1,mean of window_months · window_months = 100 [03_14_centroid_window_sensitivity.csv]
report8:e95aba904b,deny,"NSE=1 is the illustrative 'perfect agreement' definition, not the ARI value",,report8 part 1,
report8:e955dffd64,deny,"NSE=0 is the illustrative definition, not the ANOVA p-value",,report8 part 1,
report8:127f460f42,deny,"'2)' is a list-item marker, not benchmark_wells_SSM_worse",,report8 part 1,
report8:1cb2724f6b,deny,"2 is the exponent in r-squared notation, not the config value",,report8 part 1,
report8:d6aa05d7ba,deny,"same r-squared exponent, repeated",,report8 part 1,
report8:d8ae4ee07e,deny,"same r-squared exponent, repeated",,report8 part 1,
report8:79cdbbc0f2,deny,"1 is the t-1 subscript, not the ARI value",,report8 part 1,
report8:c445121435,confirm,benchmark_n_wells=66 matches the stated 66 reference wells,,report8 part 1,benchmark_n_wells = 66 [08_report_numbers.csv]
report8:662d6e9d6f,confirm,DIFF_IDW_GRID_M=50 matches the stated 50 m grid,,report8 part 1,DIFF_IDW_GRID_M = 50 [config.py]
report8:d905049578,deny,"RANWELL_IDW_POWER is the Ranwell historical-reconstruction IDW exponent (config.py comment: 'wells behind the modern surface'), a different script from this cluster-coefficient map; DIFF_IDW_POWER=2 applies here",DIFF_IDW_POWER = 2 [config.py],report8 part 1,RANWELL_IDW_POWER = 2 [config.py]
report8:3cc299b25b,deny,"same Ranwell-vs-coefficient-map constant mismatch, repeated",DIFF_IDW_POWER = 2 [config.py],report8 part 1,RANWELL_IDW_POWER = 2 [config.py]
report8:dcb3a5ea32,confirm,matches the 66 reference wells,,report8 part 1,66 well columns in reference (lake excluded) = 66 [01_wells_reference.csv]
report8:fed6118624,confirm,LCSC_DATA_LIMIT=100 matches the stated 100-month per-well fitting window,,report8 part 1,LCSC_DATA_LIMIT = 100 [config.py]
report8:6e730e741b,deny,p2's DEM elevation is unrelated to the stated count of 9 C4 wells,"the C4 well count (9, per CLAUDE.md partition table), not registered",report8 part 1,p2 · DEM_Ground_Elev = 9 [01_locations.csv]
report8:6ac281ee64,deny,"COAST_CHRONIC_YEARS is a years-based config constant, unrelated to the stated count of 5 C5 wells","the C5 well count (5, per CLAUDE.md partition table), not registered",report8 part 1,COAST_CHRONIC_YEARS = 5 [config.py]
report8:63d7fe7b16,confirm,RIDGE_REF_E matches the stated easting,,report8 part 1,RIDGE_REF_E = 241750 [config.py]
report8:a3bcab6a38,confirm,RIDGE_REF_N matches the stated northing,,report8 part 1,RIDGE_REF_N = 364500 [config.py]
report8:5355770328,deny,"2 is the '2' in the t-half-life fraction notation, not WTF_C_DRY_BASELINE",,report8 part 1,
report8:d41e57ffd2,deny,"same half-life notation, repeated",,report8 part 1,
report8:6de9776428,deny,"1 is the numerator in '1/beta_3', not a canopy ratio",,report8 part 1,
report8:d04fff267a,deny,"r_vs_Elevation is an elevation-vs-coefficient correlation, unrelated to the stated tau-vs-t_half per-well correlation","the tau-vs-t_half correlation output, not registered",report8 part 1,max of r_vs_Elevation · r_vs_Elevation = 0.983 [10c_forest_zone_correlations.csv]
report8:8071b6893e,deny,"1 is the CUSUM formula's summation lower bound, not the ARI value",,report8 part 1,
report8:bda8092509,deny,"42 is part of the well name 'ceh42', not RESIDUAL_CLIM_BOOT_SEED",,report8 part 1,RESIDUAL_CLIM_BOOT_SEED = 42 [config.py]
report8:548e9cd529,confirm,ceh4 dist_coast_m matches,,report8 part 1,ceh4 · dist_coast_m = 220.7 [01_dist_coast_validation.csv]
report8:0d9abaf844,confirm,ceh36 dist_coast_m matches,,report8 part 1,ceh36 · dist_coast_m = 312.9 [01_dist_coast_validation.csv]
report8:b3a7b1aeff,confirm,ceh22 dist_coast_m matches,,report8 part 1,ceh22 · dist_coast_m = 146.7 [01_dist_coast_validation.csv]
report8:b21c17bc88,deny,"rain_pre_post_felling_diff is a rainfall metric, unrelated to ceh4's years of pre-scraping baseline record","a well-installation/baseline-duration figure, not registered",report8 part 1,rain_pre_post_felling_diff · Value = 8.925 [00_report_numbers.csv]
report8:511cca9c3b,deny,ceh21's dem elevation is unrelated to ceh36's years of baseline record,"a baseline-duration figure for ceh36, not registered",report8 part 1,ceh21 · dem = 4.172 [07_coeff_maps_data.csv]
report8:88f342bc95,deny,a t-statistic for CEH36 is unrelated to ceh21's years of pre-2015 baseline,"a baseline-duration figure for ceh21, not registered",report8 part 1,CEH36 / Paired · t_stat = 4.848 [09c_02_summer_minima_shifts.csv]
report8:885761c432,confirm,"ceh4 dist_coast_m matches, repeated mention",,report8 part 1,ceh4 · dist_coast_m = 220.7 [01_dist_coast_validation.csv]
report8:b91cf94ba0,deny,"'1)' is a list-item marker, not the BACI metric",,report8 part 1,
report8:9b57eff596,deny,"N_summers is a pre-scrape-period summer count, not the stated count of 10 wells on the transect","the transect well count, not registered",report8 part 1,C3 Warren interior / Pre-scrape 2005–14 · N_summers = 10 [21_forestry_02_distributions_means.csv]
report8:6b60f94be1,deny,"'2)' is a list-item marker, not the config value",,report8 part 1,ENVELOPE_METRIC_REF_MIN_WET = 2 [config.py]
report8:5e5727a086,deny,"1 is the formula's t subscript, not an unrelated 1930 climate-summary row",,report8 part 1,
report8:1275d3e3de,deny,"2 is the beta_2 subscript, not a PET-trend month value",,report8 part 1,
report8:fad346757b,confirm,clearfell canopy index (22 Apr 2017) matches,,report8 part 1,clearfell / 2017-04-22 / aerial22-4-2017.png · index = 1.23527 [41_01_canopy_index.csv]
report8:bf178a54fd,confirm,clearfell canopy index (28 Jun 2018) matches,,report8 part 1,clearfell / 2018-06-28 / aerial28-6-2018.png · index = 0.14085 [41_01_canopy_index.csv]
report8:12a465194a,confirm,wmc3 distance matches,,report8 part 1,WMC3 · Distance_m = 45 [10g_03_clearfell_transect_steps.csv]
report8:de840d6d50,confirm,ceh31 distance matches the range's low end,,report8 part 1,CEH31 · Distance_m = 152 [10g_03_clearfell_transect_steps.csv]
report8:78df3b27cc,confirm,ceh20 distance matches the range's high end,,report8 part 1,CEH20 · Distance_m = 229 [10g_03_clearfell_transect_steps.csv]
report8:8081df35c8,confirm,ceh34 distance matches the range's low end,,report8 part 1,CEH34 · Distance_m = 306 [10g_03_clearfell_transect_steps.csv]
report8:21506695d4,confirm,ceh2 distance matches the range's high end,,report8 part 1,CEH2 · Distance_m = 428 [10g_03_clearfell_transect_steps.csv]
report8:8fb4619628,confirm,ceh9 dist_m matches the climate-control range's low end,,report8 part 1,ceh9 · dist_m = 571.091 [09b_01_individual_well_baci.csv]
report8:6bc1831384,deny,CEH34_hindcast_r2 is for a different well; the sentence's r2=0.91 is specifically for the ceh9-donor regression,"the ceh9-donor regression r2, not registered",report8 part 1,CEH34_hindcast_r2 = 0.911456 [10_consolidated_report_numbers.csv]
report8:12c0848890,deny,"CANOPY_MARKER_MIN_PX is an image-processing pixel threshold, unrelated to the stated count of 12 control wells","the summed control-well count (4+5+3), not registered",report8 part 1,CANOPY_MARKER_MIN_PX = 12 [config.py]
report8:ffe9b72708,deny,"'1)' is a list-item marker, not the BACI metric",,report8 part 1,
report8:2ef60541a2,deny,"0 is the illustrative 'cwb=0, d_scrape=0' condition, not the BACI metric value",,report8 part 1,
report8:f5162886ec,deny,"same illustrative zero-condition, repeated",,report8 part 1,
report8:298da018ee,deny,"xi=1 is the stated reference/unity value, not either candidate's actual fitted s_coast",,report8 part 1,BACI_step_below_floor = 1 [09_scrape_report_numbers.csv]
report8:8a4e68d55e,confirm,ranwell_shoreline_retreat_1899_2026_m matches the stated 127 m retreat,,report8 part 1,ranwell_shoreline_retreat_1899_2026_m = 126.923 [44_report_numbers.csv]
report8:5d730fa811,confirm,epoch rate 1899-2006 matches the stated 0.64 m/yr,,report8 part 1,1899 / 2006 / pair_extent · rate_m_yr = 0.639168 [40_01_epoch_series.csv]
report8:2422c0b935,confirm,epoch rate 2006-2026 matches the stated 2.32 m/yr,,report8 part 1,2006 / 2026 / pair_extent · rate_m_yr = 2.32071 [40_01_epoch_series.csv]
report8:4763571052,deny,"2 is the coefficient in the diffusion formula 2*sqrt(dt), not WTF_C_MAX_DURATION",,report8 part 1,WTF_C_MAX_DURATION = 2 [config.py]
report8:8daaaafc80,deny,"step_mm is a millimetre BACI step value; the sentence states a diffusivity in m2/day, a different physical quantity","the computed diffusivity D=Kb/Sy, not registered",report8 part 1,
report8:d66ad9803b,confirm,Forest/Impact s_coast_fitted matches the stated 1.59,,report8 part 1,Forest / Impact · s_coast_fitted = 1.59224 [10a_10_coastal_fixed1_sensitivity.csv]
report8:8ea04b34f6,confirm,Forest/Impact SE matches 'against the forest controls ... ± 0.44'.,,report8 part 2,Forest / Impact · s_coast_se = 0.442077 [10a_09_coastal_scale_factor.csv]
report8:907d1143c9,confirm,Combined/Impact fitted value matches 'combined controls 1.34'.,,report8 part 2,Combined / Impact · s_coast_fitted = 1.33808 [10a_10_coastal_fixed1_sensitivity.csv]
report8:2288b05144,confirm,Combined/Impact SE matches 'combined controls 1.34 ± 0.61' (not the FarField runner-up).,,report8 part 2,Combined / Impact · s_coast_se = 0.608444 [10a_09_coastal_scale_factor.csv]
report8:b6979ab11e,confirm,FarField/Impact s_coast matches the far-field xi = -1.51.,,report8 part 2,FarField / Impact · s_coast = -1.50833 [10a_09_coastal_scale_factor.csv]
report8:a7b7a3029e,deny,"Sentence is the far-field xi's SE (±0.61); attribution is Combined SE, not FarField SE.",FarField / Impact · s_coast_se = 0.612817 [10a_09_coastal_scale_factor.csv],report8 part 2,Combined / Impact · s_coast_se = 0.608444 [10a_09_coastal_scale_factor.csv]
report8:ca69e7d25a,deny,"'(1)' is a list-item marker, not N_wells",,report8 part 1,
report8:f396a079d3,deny,"'(2)' is a list-item marker in an enumerated description, not ENVELOPE_METRIC_REF_MIN_WET.",,report8 part 2,ENVELOPE_METRIC_REF_MIN_WET = 2 [config.py]
report8:8034e3a96c,deny,"'(3)' is a list-item marker, not N_summers for C3 scraping era.",,report8 part 2,C3 Warren interior / Scraping era 2015–17 · N_summers = 3 [21_forestry_02_distributions_means.csv]
report8:043864d500,deny,"'2)' is a list-item marker, not Canopy_n_controls_in_block.",,report8 part 2,Canopy_n_controls_in_block = 2 [10_consolidated_report_numbers.csv]
report8:6ee748a42b,deny,"'17-well network' is a well count for this analysis, not the 1981 summer_max_mean climate stat.",,report8 part 2,1981 · summer_max_mean = 17 [00_03_summer_warming_stats.csv]
report8:34bac7891f,confirm,FE1 N_cal=29 matches the 29-month pre-clearfell calibration window.,,report8 part 2,FE1 · N_cal = 29 [10h_01_synthetic_calibration.csv]
report8:04f0c00521,confirm,nw10's distance to the 1998 replant block matches '240 m'.,,report8 part 2,nw10 · dist_1998_replant_m = 240.399 [01_locations.csv]
report8:d85958f949,deny,"'2' is the block label in '1998 blocks 1 and 2', not Canopy_n_controls_in_block.",,report8 part 2,Canopy_n_controls_in_block = 2 [10_consolidated_report_numbers.csv]
report8:179dbd6f54,deny,"'3' is the block label in '1998 block 3', not DIFF_BOOT_BLOCK.",,report8 part 2,DIFF_BOOT_BLOCK = 3 [config.py]
report8:81217e47e0,confirm,C2 cluster-level alpha (decay parameter) matches rho_h = 0.936 in the h0*rho_h^n term.,,report8 part 2,C2 · alpha · 11_forecast_pflood_summary.csv · committed 0.9356748240899904 · index proposed
report8:4171fd04d6,confirm,Sentence explicitly names 'the drainage datum ... 3.7 m below ground surface'.,,report8 part 2,DRAINAGE_DATUM = 3.7 [config.py]
report8:04db561985,deny,"'(3)' is a list-item marker for the p_flood formula terms, not RANWELL_LOO_MIN_WELLS.",,report8 part 2,RANWELL_LOO_MIN_WELLS = 3 [config.py]
report8:646db429ce,deny,"'m_p of 1.0' is a definitional statement (average winter), not a trend t-statistic.",,report8 part 2,trend_winter_rainfall_t = 1.04804 [00_report_numbers.csv]
report8:ce44c51413,deny,"'m_p = 1.5 means 50% wetter' is definitional, not a specific year's P/PET ratio.",,report8 part 2,1935 · P_PET_ratio = 1.45038 [00_01_annual_climate_summary.csv]
report8:75d8221782,deny,"'50%' is part of the definitional 'winter 50% wetter than average', not ceh33's seasonal amplitude.",,report8 part 2,ceh33 · Seasonal_amplitude_m = -0.5025 [00_02_well_network_summary.csv] as %
report8:283d6f1b50,deny,"'(4)' is a list-item marker for the p_flood formula terms, not horizon_n_months.",,report8 part 2,C2 · horizon_n_months = 4 [11_forecast_pflood_summary.csv]
report8:e340d13c77,deny,"'0.5 m below ground' is an illustrative example depth for a hypothetical well, not RANWELL_LOO_MAX_M.",,report8 part 2,RANWELL_LOO_MAX_M = 0.5 [config.py]
report8:95e12bc0dd,deny,"m_p=1.05 is a computed example value for the worked C2 well, not the UKCP18 dry-winter P multiplier (different script/purpose).",,report8 part 2,UKCP18_DRY_P_WINTER · config.py · committed 1.05 · index proposed
report8:c5266336ac,deny,"'m_p = 2.5' is the classification threshold, not a forest coastal-gradient SE.",,report8 part 2,full_canopy / linear_capped · beta_forest_se_mm_yr = 2.52077 [25_01_panel_fit_parameters.csv]
report8:f564899788,deny,"'1.0' is the lower boundary of the m_p classification, not a cluster-partition month-merge rate.",,report8 part 2,cluster_month_merge_rate = 0.993 [02_report_numbers.csv]
report8:f8d7957d4a,deny,"'30' is the day-of-month in '30 September' (hydrological year definition), not SSM_MIN_OBS.",,report8 part 2,SSM_MIN_OBS = 30 [config.py]
report8:9960349eae,deny,"Sentence describes the year-of-crossing bootstrap (script 14b_year_of_crossing.py, its own N_BOOT=1000), a different purpose from WTF_C_BOOTSTRAP_N (Sy median-CI bootstrap, section 3.7.3).",script 14b_year_of_crossing.py's own N_BOOT (not a config.py constant),report8 part 2,WTF_C_BOOTSTRAP_N = 1000 [config.py]
report8:45ca8fee14,deny,"'below 0.03' is the r² threshold for winter-maxima linear regression, not a BACI SynthDiD SE.",,report8 part 2,SynthDiD_Impact_se = 0.0315987 [10_consolidated_report_numbers.csv]
report8:d7e64b924f,deny,"'6' is the upper bound of the kappa grid-search range [0,6] m⁻¹, not a ranwell surface-constrained site count.",,report8 part 2,ranwell_sites_surface_constrained = 6 [44_report_numbers.csv]
report8:ea827d93eb,deny,"'0.05' is the kappa grid-search step size (m⁻¹), a different quantity/units from RANWELL_SURFACE_CENSOR_M (a depth in m).",,report8 part 2,RANWELL_SURFACE_CENSOR_M = 0.05 [config.py]
report8:6d8f08eb4d,confirm,z0 = 3.7 m is the drainage datum.,,report8 part 2,DRAINAGE_DATUM = 3.7 [config.py]
report8:d2ba760ce8,confirm,'3.7 m datum' matches DRAINAGE_DATUM.,,report8 part 2,DRAINAGE_DATUM = 3.7 [config.py]
report8:46bab587cb,confirm,c4_vif = 1.09524 matches 'vif ≈ 1.1' for C4.,,report8 part 2,c4_vif = 1.09524 [30_c4_report_numbers.csv]
report8:640d9f5688,confirm,"Sy_assumed=0.08 for C1 in 17_wtf_01_sy_estimates.csv is exactly the literature comparison value used (verified: C1=0.08, others=0.12), matching 'c1 = 0.08 over glacial till'.",,report8 part 2,C1 (Lake Edge) / False · Sy_assumed = 0.08 [17_wtf_01_sy_estimates.csv]
report8:79929f4ffc,confirm,Sy_assumed=0.12 for C2 matches 'c2--c5 = 0.12'.,,report8 part 2,C2 (Dune) / False · Sy_assumed = 0.12 [17_wtf_01_sy_estimates.csv]
report8:8a335f51f6,confirm,WTF_C_SY_MIN=0.01 matches the 0.01 lower plausibility bound.,,report8 part 2,WTF_C_SY_MIN = 0.01 [config.py]
report8:49f41ba61b,confirm,WTF_C_MIN_RISE_M=0.05 m = 50 mm matches the minimum cumulative rise.,,report8 part 2,WTF_C_MIN_RISE_M = 0.05 [config.py] as mm
report8:bc6f05eca3,confirm,WTF_C_SY_MIN=0.01 matches the 0.01 lower bound of the 0.01--0.50 range.,,report8 part 2,WTF_C_SY_MIN = 0.01 [config.py]
report8:ca2c2bebb8,confirm,WTF_C_SY_MAX=0.5 matches the upper bound of the range.,,report8 part 2,WTF_C_SY_MAX = 0.5 [config.py]
report8:cf78ffea66,deny,"'20' is script number 20 named in the list of downstream consumer scripts ('09d, 19, 19b, 20, 29, 31, 37b'), not a scrape-detectability extra_years value.",,report8 part 2,"CEH21 vs CEH22, 2023 re-scrape · extra_years = 20 [09_scrape_10_detectability.csv]"
report8:b93e7b79c8,confirm,full_canopy/linear_capped n_wells=67 matches 'the full network (67 wells...)'.,,report8 part 2,full_canopy / linear_capped · n_wells = 67 [25_01_panel_fit_parameters.csv]
report8:9acc9bee5b,confirm,forest_free n_wells=61 matches '(61 wells)'.,,report8 part 2,forest_free · n_wells = 61 [25_01_panel_fit_parameters.csv]
report8:3bf287543e,confirm,c3_only n_wells=20 matches 'the 20 c3 wells'.,,report8 part 2,c3_only · n_wells = 20 [25_01_panel_fit_parameters.csv]
report8:dfa89dbfcd,confirm,full_canopy/linear_capped beta_forest_mm_yr=-9.01325 matches '-9.0 mm yr-1 deepening'.,,report8 part 2,full_canopy / linear_capped · beta_forest_mm_yr = -9.01325 [25_01_panel_fit_parameters.csv]
report8:effd1c5d5d,deny,"The -9.0 mm/yr value confirmed belongs to full_canopy/linear_capped; its paired SE should come from the same specification, not forest_free's delta_0_se.",full_canopy / linear_capped · beta_forest_se_mm_yr = 2.52077 [25_01_panel_fit_parameters.csv],report8 part 2,forest_free · delta_0_se = 2.48552 [25_12_window_sweep.csv]
report8:73c33c6ec7,confirm,msl5_n_annual_valid_with_interp=13 matches '13 of 1302'.,,report8 part 2,msl5_n_annual_valid_with_interp = 13 [26_report_numbers.csv]
report8:4964166693,confirm,msl5_n_annual_valid=1302 matches '1302 admitted annual spring means'.,,report8 part 2,msl5_n_annual_valid = 1302 [26_report_numbers.csv]
report8:361fdb6617,deny,"'1.0%' is the derived ratio 13/1302, not a survey-vs-cluster validation statistic from an unrelated Script 31 file.",,report8 part 2,1 external / forest recovery (edge excluded) / canopy polygon vs forest clusters · statistic = 0.955 [31_validation_summary.csv]
report8:3d64df5b6e,confirm,msl5_n_windows_with_interp=28 matches '28 of 895'.,,report8 part 2,msl5_n_windows_with_interp = 28 [26_report_numbers.csv]
report8:32ca0b8d8b,confirm,msl5_n_windows_admitted=895 matches '895 admitted five-year windows'.,,report8 part 2,msl5_n_windows_admitted = 895 [26_report_numbers.csv]
report8:4a7752707f,confirm,DRAINAGE_DATUM=3.7 matches 'z0 is the drainage datum (3.7 m)'.,,report8 part 2,DRAINAGE_DATUM = 3.7 [config.py]
report8:a56715c920,deny,"'10 m' is the Sentinel-2 pixel resolution, not CELL_MIN_SCENES (a minimum-scenes-per-cell count, different concept).",,report8 part 2,CELL_MIN_SCENES = 10 [config.py]
report8:8b636cf25a,confirm,fit_open_water_n_scenes=43 matches '43 winter scenes'.,,report8 part 2,fit_open_water_n_scenes = 43 [45_report_numbers.csv]
report8:8eddd13027,confirm,study_area_ha=306.97 matches 'a fixed 306.97 ha mask'.,,report8 part 2,study_area_ha · Value = 306.97 [45_report_numbers.csv]
report8:96e17d9f5f,confirm,"study_area_cells=30697 matches '30,697 cells'.",,report8 part 2,study_area_cells = 30697 [45_report_numbers.csv]
report8:a42641c494,deny,"'0.50' is the open-water NIR ratio threshold (config NIR_BLACK_RATIO), not SLACK_LAKE_OVERLAP_FRAC (a lake/shore-exclusion fraction, different purpose).",NIR_BLACK_RATIO = 0.50 [config.py],report8 part 2,SLACK_LAKE_OVERLAP_FRAC = 0.5 [config.py]
report8:cbebb50727,deny,"Same as the neighbouring row: the 0.50 open-water threshold is NIR_BLACK_RATIO, not SLACK_LAKE_OVERLAP_FRAC.",NIR_BLACK_RATIO = 0.50 [config.py],report8 part 2,SLACK_LAKE_OVERLAP_FRAC = 0.5 [config.py]
report8:7d0fc6d9ad,deny,"'0.80' is the wet-floor NIR ratio threshold (config NIR_DARK_RATIO), not an out-of-sample R² statistic.",NIR_DARK_RATIO = 0.80 [config.py],report8 part 2,oos_C_wet_floor_r2 = 0.802125 [45_report_numbers.csv]
report8:dec997af1f,confirm,"DIFF_IDW_GRID_M=50 is the project's standard site grid, matching 'the standard 50 m ... site grid'.",,report8 part 2,DIFF_IDW_GRID_M = 50 [config.py]
report8:c55bb0f77b,confirm,DIFF_IDW_GRID_M=50 matches 'interpolation ... to the 50 m grid'.,,report8 part 2,DIFF_IDW_GRID_M = 50 [config.py]
report8:3a9ee36bdc,deny,"'1.5' is the IDW power exponent used for this map, not a canopy-index ratio_to_conifer value.",,report8 part 2,clearfell / 2006-01-01 / aerial 1-1-2006.png · ratio_to_conifer = 1.51281 [41_01_canopy_index.csv]
report8:7877914dd0,deny,"'100 m' is the Gaussian blur radius for this map, not LCSC_DATA_LIMIT (the comparison-window sample-count parameter, unrelated concept).",,report8 part 2,LCSC_DATA_LIMIT = 100 [config.py]
report8:ef52519988,deny,"'150 mm' is the symmetric colour-scale limit for the driver map, not a canopy-index value from an aerial photo.",,report8 part 2,clearfell / 2020-04-24 / aerial24-4-2020.png · index = 0.149533 [41_01_canopy_index.csv] as mm
report8:15f6d0fa60,deny,"'14' is the number of colour bands on the map legend, not transect_n_points.",,report8 part 2,transect_n_points = 14 [38_report_numbers.csv]
report8:c38945bb5b,deny,"'40 m' is Figure 35's interpolation grid resolution, not RANWELL_POS_SIGMA_M (a positional-uncertainty parameter for a different method).",,report8 part 2,RANWELL_POS_SIGMA_M = 40 [config.py]
report8:393167cc17,deny,"'20 m' is an illustrative order-of-magnitude bound ('order 20 m or 2 km'), not a leave-one-out abs_rank value.",,report8 part 2,d7 · C2 · abs_rank = 20 [25_16_delta0_leave_one_out.csv]
report8:7cfe8fd641,deny,"'2' is part of the illustrative bound '2 km', not a cluster ID.",,report8 part 2,ceh10 · C2 · cluster = 2 [25_02_per_well_spring_mean_slopes.csv]
report8:3435c9b9eb,deny,"'h0 = 150 mm' is the forest canopy drawdown edge magnitude (DRAWDOWN_H0_MM), not a per-well spring-slope r² value.",DRAWDOWN_H0_MM = 150 [config.py],report8 part 2,d25 · C3 · r2 = 0.149919 [25_02_per_well_spring_mean_slopes.csv] as mm
report8:07173a540d,confirm,scrape_onsite peak_mm=129.4 matches the scrape-drain h0=129 mm anchored to ceh36.,,report8 part 2,scrape_onsite · peak_mm = 129.4 [37b_driver_footing.csv]
report8:9997adebcc,deny,"'81 mm' is the coastal-erosion drawdown component (a script 20/25 result), not a BACI far-field clearfell ANCOVA step.",,report8 part 2,ANCOVA_FarField_Impact_clearfell_step = -0.0814223 [10_consolidated_report_numbers.csv] as mm
report8:63452945ae,confirm,COAST_RETREAT_M=6 matches the 6 m storm-Brendan exemplar retreat.,,report8 part 2,COAST_RETREAT_M = 6 [config.py]
report8:f51254c42c,deny,"'+20 mm' is the sea-level-rise head gain, matching SLR_RISE_M=0.02 m (the runner-up), not a BACI SynthDiD edge SE.",SLR_RISE_M = 0.02 [config.py],report8 part 2,SynthDiD_Edge_se = 0.0196153 [10_consolidated_report_numbers.csv] as mm
report8:74fcc5e291,deny,"'0.15' is the broadleaf interception fraction (Komatsu et al.), matching BROADLEAF_INTERCEPTION, not a canopy-index ratio.",BROADLEAF_INTERCEPTION = 0.15 [config.py],report8 part 2,clearfell / 2020-04-24 / aerial24-4-2020.png · ratio_to_conifer = 0.149153 [41_01_canopy_index.csv]
report8:6240221be7,deny,"'0.24' is the pine interception fraction, matching FOREST_INTERCEPTION, not a BACI mixed-model p-value.",FOREST_INTERCEPTION = 0.24 [config.py],report8 part 2,Climate / Climate Ctrl · Clearfell_p = 0.242414 [10d_08_spring_mixed_model_results.csv]
report8:f6a2db84e5,deny,"'56 mm' is the broadleaf-restock added drawdown at source, not a BACI mixed-model Forest-Control clearfell step (different topic).",,report8 part 2,MixedModel_Climate_Forest Ctrl_clearfell = 0.0563 [10d_report_numbers.csv] as mm
report8:35c9512fef,deny,'power 2' is this map's own IDW exponent (script 20_spatial_figures.py hardcodes IDW_POWER=2.0 locally); RANWELL_IDW_POWER is a different script/purpose (the Ranwell historical reconstruction).,,report8 part 2,RANWELL_IDW_POWER = 2 [config.py]
report8:95a4598702,deny,"'78 mm' is the low end of the MSL5 five-year window SE range by cluster; the confirmed high end (181) comes from 26_index_precision_by_cluster.csv, not a BACI spring-mean shift.",min of msl5_window_se_mm_median [26_index_precision_by_cluster.csv],report8 part 2,SpringMean_Forest_Climate Ctrl_mean_shift = -0.07832 [10_consolidated_report_numbers.csv] as mm
report8:d772836aa3,confirm,"max of msl5_window_se_mm_median = 180.58 rounds to '181 mm', the high end of the SE range.",,report8 part 2,max of msl5_window_se_mm_median · msl5_window_se_mm_median = 180.58 [26_index_precision_by_cluster.csv]
report8:3292cb6c91,confirm,DIFF_IDW_GRID_M=50 matches 'interpolated to the 50 m grid'.,,report8 part 2,DIFF_IDW_GRID_M = 50 [config.py]
report8:94bedd38f6,deny,"'power 2' is the IDW exponent (DIFF_IDW_POWER), not CANOPY_CHANGE_GRID_M (a 2 m ground-resolution grid for a different, canopy-change purpose).",DIFF_IDW_POWER = 2 [config.py],report8 part 2,CANOPY_CHANGE_GRID_M = 2 [config.py]
report8:cef69f8f85,confirm,DIFF_IDW_MASK_M=450 matches 'masked beyond 450 m'.,,report8 part 2,DIFF_IDW_MASK_M = 450 [config.py]
report8:8003803af9,confirm,ACT_COVERAGE_FRACTION=0.80 ('well must span >=80% of window') matches 'spans at least 80% of the window'.,,report8 part 2,ACT_COVERAGE_FRACTION = 0.8 [config.py] as %
report8:1c7b1f2a75,deny,"'50 m' is the interpolation grid resolution here too (DIFF_IDW_GRID_M), not COAST_RETREAT_2005_2025_M (a 2005-2025 shoreline retreat distance, unrelated concept).",DIFF_IDW_GRID_M = 50 [config.py],report8 part 2,COAST_RETREAT_2005_2025_M = 50 [config.py]
report8:c176a51ed0,confirm,SD15b=0.61 matches 'sd15b (0.61 m)'.,,report8 part 2,SD15b = 0.61 [config.py]
report8:57199391e4,confirm,SD16=0.98 matches 'sd16 (0.98 m)'.,,report8 part 2,SD16 = 0.98 [config.py]
report8:40683f8c3e,confirm,DIFF_IDW_GRID_M=50 matches 'interpolated to the 50 m grid'.,,report8 part 2,DIFF_IDW_GRID_M = 50 [config.py]
report8:ece1760461,confirm,DIFF_IDW_MASK_M=450 matches 'masked beyond 450 m'.,,report8 part 2,DIFF_IDW_MASK_M = 450 [config.py]
report8:cf7bbf3ce3,deny,"'r ≈ 0.99' is a validation correlation coefficient for the amplification field, not a 1991 P/PET ratio.",,report8 part 2,1991 · P_PET_ratio = 0.985367 [00_01_annual_climate_summary.csv]
report8:9c93faf369,deny,"'4' is the offset in the window definition 'years y-4 to y' (a 5-year window), not a well count from an unrelated diagnostic file.",,report8 part 2,spring_mean · n_wells = 4 [25_14_correction_diagnostic_spring.csv]
report8:52de9a525b,confirm,"Verified in 34_window_matrix.csv: 2017/2020 change_mm=-136.192 is exactly the minimum admissible-pair value, matching the '-136' envelope end.",,report8 part 2,2017 / 2020 · change_mm = -136.192 [34_window_matrix.csv]
report8:1a897f8460,confirm,"Verified in 34_window_matrix.csv: 2015/2024 change_mm=221.17 is exactly the maximum admissible-pair value, matching the '+221' envelope end.",,report8 part 2,2015 / 2024 · change_mm = 221.17 [34_window_matrix.csv]
report8:276c24b9d0,deny,"'2 m lidar digital elevation model' is the DEM resolution, not WTF_C_DRY_BASELINE (a dry-antecedent-months threshold for Sy estimation, unrelated purpose).",,report8 part 2,WTF_C_DRY_BASELINE = 2 [config.py]
report8:024ccfd635,confirm,DRAWDOWN_H0_MM=150 matches 'edge magnitude h0 = 150 mm'.,,report8 part 2,DRAWDOWN_H0_MM = 150 [config.py]
report8:93d56b5dea,deny,"'b = 5 m' is the saturated aquifer thickness (DRAWDOWN_B_M), not CANOPY_TEXTURE_WINDOW (an image-processing pixel window, unrelated purpose).",DRAWDOWN_B_M = 5.0 [config.py],report8 part 2,CANOPY_TEXTURE_WINDOW = 5 [config.py]
report8:b7561a19c2,deny,"Sentence states this Sy is the C3 cluster-level value used for the drawdown propagation, not a single well's (ceh41) per-well Sy_median.","C3 cluster-level Sy (17_wtf_01_sy_estimates.csv or 18 cluster median), not a single well",report8 part 2,ceh41 · C3 · Sy_median = 0.308282 [18_wtf_05_storage_drainage_index.csv]
report8:6ed008d815,confirm,C3 beta_3_drainage=0.0569350... matches 'beta_3 = 0.0569 month-1' exactly.,,report8 part 2,C3 (Western Residual) · beta_3_drainage · 03_03_cluster_mechanistic_coefficients.csv · committed 0.0569350524671474 · index confirmed
report8:3b500f6c2c,deny,"'180' is the lower bound of the lambda sensitivity range across aquifer thickness 3-8 m, not a C2 driver-validation residual from an unrelated file.",,report8 part 2,C2 max of residual_2006_2012 · residual_2006_2012 = 180.47 [37_driver_validation_per_well.csv]
report8:f123821d90,confirm,REACH_QUOTE_NEAREST_M=10 matches 'quoted here to the nearest 10 m'.,,report8 part 2,REACH_QUOTE_NEAREST_M = 10 [config.py]
report8:14696bc65a,confirm,COAST_RETREAT_M=6 matches 'a single discrete shoreline-retreat event of 6 m'.,,report8 part 2,COAST_RETREAT_M = 6 [config.py]
report8:e047f2a39c,confirm,COAST_RETREAT_M=6 matches 'multiplying by the 6 m event'.,,report8 part 2,COAST_RETREAT_M = 6 [config.py]
report8:4704e3b01b,confirm,coastal_retreat_rate=2.32071 matches 'the retreat rate is e_c = 2.32 m yr-1'.,,report8 part 2,coastal_retreat_rate = 2.32071 [20_report_numbers.csv]
report8:0041890aa5,deny,"'3.27 m' is the georeferencing RMSE of the 1899 survey control points excluding two outliers, not an equilibrium-wetness-index head displacement (h_disp_eq_m) for any well.",,report8 part 2,ceh24 · C2 · h_disp_eq_m = 3.26502 [26_equilibrium_wetness_index_per_well.csv]
report8:c7d1fc5d15,deny,"'0.06 m yr-1' is the uncertainty on the long-run (1899-2006) coastal-retreat rate, not a BACI FourZone contrast.",,report8 part 2,FourZone_contrast_Impact_vs_Edge = 0.0626 [10_consolidated_report_numbers.csv]
report8:399834ebd7,deny,"'0.64 m yr-1' is the long-run coastal-retreat rate itself; the runner-up (min of rate_m_yr in 40_01_epoch_series.csv, the same file used for every other epoch rate in this passage) fits the subject far better than a forest-zone correlation coefficient.",min of rate_m_yr [40_01_epoch_series.csv],report8 part 2,max of r_vs_Dist_from_ridge · r_vs_Dist_from_ridge = 0.644 [10c_forest_zone_correlations.csv]
report8:86b4887c93,deny,The SE paired with the 0.64 long-run rate is not a BACI FourZone contrast (same wrong-topic issue as its neighbour).,,report8 part 2,FourZone_contrast_Impact_vs_Edge = 0.0626 [10_consolidated_report_numbers.csv]
report8:ac4e42e835,confirm,2006/2026 rate_m_yr=2.32071 matches '2.32 m yr-1 for 2006--2026'.,,report8 part 2,2006 / 2026 / modern_common_frontage · rate_m_yr = 2.32071 [40_01_epoch_series.csv]
report8:ef8e39accc,confirm,median_abs_m=2.34117 matches the 2.34 m median offset in the blind repeat-tracing control.,,report8 part 2,coast2006 vs coast2006B_blind · median_abs_m = 2.34117 [40_03_control.csv]
report8:9e2281ccd3,confirm,p95_abs_m=5.53159 matches the 5.53 m 95th percentile.,,report8 part 2,coast2006 vs coast2006B_blind · p95_abs_m = 5.53159 [40_03_control.csv]
report8:e51ad3e202,confirm,2006/2017 rate_m_yr=1.80899 matches '1.81'.,,report8 part 2,2006 / 2017 / modern_common_frontage · rate_m_yr = 1.80899 [40_01_epoch_series.csv]
report8:aafb19a6b5,confirm,2017/2021 rate_m_yr=2.37119 matches '2.37'.,,report8 part 2,2017 / 2021 / modern_common_frontage · rate_m_yr = 2.37119 [40_01_epoch_series.csv]
report8:4b8ab5faf7,confirm,2021/2026 rate_m_yr=2.14312 matches '2.14'.,,report8 part 2,2021 / 2026 / modern_common_frontage · rate_m_yr = 2.14312 [40_01_epoch_series.csv]
report8:44b4072ea7,confirm,1899 years=106.998 rounds to '107 years'.,,report8 part 2,1899 · years = 106.998 [40_01_epoch_series.csv]
report8:9847962f3d,deny,"'2' is the coefficient inside the formula 2*sqrt(D*t), not ENVELOPE_METRIC_REF_MIN_WET.",,report8 part 2,ENVELOPE_METRIC_REF_MIN_WET = 2 [config.py]
report8:186a1c170d,confirm,SLR_RISE_M=0.02 matches 'delta_slr=0.02 m'.,,report8 part 2,SLR_RISE_M = 0.02 [config.py]
report8:f4e1de3a1b,deny,"'2' is again the formula coefficient in 2*sqrt(D*t) (the diffusive length-scale), not ENVELOPE_METRIC_REF_MIN_WET.",,report8 part 2,ENVELOPE_METRIC_REF_MIN_WET = 2 [config.py]
report8:515bdfe7b7,confirm,SLR_SHORE_LEVEL_M=0 matches 'referenced to mean sea level (0 m aod)'.,,report8 part 2,SLR_SHORE_LEVEL_M = 0 [config.py]
report8:c08f82d129,deny,"'2' is from 'ln 2' in the half-life formula t1/2=ln(2)/beta3, a mathematical constant, not ENVELOPE_METRIC_REF_MIN_WET.",,report8 part 2,ENVELOPE_METRIC_REF_MIN_WET = 2 [config.py]
report8:a751767052,deny,"'power = 2' is the IDW exponent (DIFF_IDW_POWER), not CANOPY_CHANGE_GRID_M (a different, 2 m grid-resolution parameter).",DIFF_IDW_POWER = 2 [config.py],report8 part 2,CANOPY_CHANGE_GRID_M = 2 [config.py]
report8:9d914a30ac,deny,"'24%' is the pine canopy interception factor (Freeman 2008), matching FOREST_INTERCEPTION exactly (same literature citation), not a C4 SSM drainage fraction.",FOREST_INTERCEPTION = 0.24 [config.py],report8 part 2,C4 (Main Forest) · SSM_drain_frac = 0.2388 [16_water_bal_rec_table.csv] as %
report8:1f37cffa58,deny,"'15%' is the broadleaf interception factor (Komatsu et al.), matching BROADLEAF_INTERCEPTION, not a BACI canopy-era impact step.",BROADLEAF_INTERCEPTION = 0.15 [config.py],report8 part 2,Canopy_era_Impact_early_step = 0.153735 [10_consolidated_report_numbers.csv] as %
report8:ade34eb31e,deny,"'12%' is the interception factor under 50% thinning, not a BACI ANCOVA Oct-2023 step.",,report8 part 2,ANCOVA_Climate_Impact_Oct2023_step = 0.124517 [10_consolidated_report_numbers.csv] as %
report8:207677a5b1,deny,"'plus 1.0' is an additive offset in the multiplier-derivation formula, not L7's Post_mean_gap_m.",,report8 part 2,L7 / Far-field Ctrl / Climate · Post_mean_gap_m = -0.9722 [10d_02_summer_minima_shifts.csv]
report8:9e9f8fc74b,deny,"'+5%' is the UKCP18 2050s winter PET scaling factor, matching UKCP18_SCENARIOS['2050s']['sPET_w']=1.05 exactly, not a BACI Forest-Impact clearfell step.",UKCP18_SCENARIOS['2050s']['sPET_w'] = 1.05 [config.py],report8 part 2,ANCOVA_Forest_Impact_clearfell_step_summer = 0.0500747 [10_consolidated_report_numbers.csv] as %
report8:ad35437b6d,deny,"'+20%' is the UKCP18 2050s summer PET scaling factor, matching UKCP18_SCENARIOS['2050s']['sPET_s']=1.20 exactly, not an ANCOVA R².",UKCP18_SCENARIOS['2050s']['sPET_s'] = 1.20 [config.py],report8 part 2,ANCOVA_B_WMC3+FE2_Climate_R2 · Value = 0.19704 [10_consolidated_report_numbers.csv] as %
report8:dbd09f1f99,deny,"'+20%' here is the UKCP18 2080s winter P scaling factor, matching UKCP18_SCENARIOS['2080s']['sP_w']=1.20 exactly, not a Lake Edge p-value.",UKCP18_SCENARIOS['2080s']['sP_w'] = 1.20 [config.py],report8 part 2,Lake_Edge · p_value_PET_win_to_spr = 0.195234 [11_forecast_spring_transfer_functions.csv] as %
report8:5304cffb49,deny,"'+10%' is the UKCP18 2080s winter PET scaling factor, matching UKCP18_SCENARIOS['2080s']['sPET_w']=1.10 exactly, not a BACI FarField clearfell step.",UKCP18_SCENARIOS['2080s']['sPET_w'] = 1.10 [config.py],report8 part 2,ANCOVA_FarField_Impact_clearfell_step_s_fixed1 · Value = 0.104239 [10_consolidated_report_numbers.csv] as %
report8:c24f36897c,confirm,DIFF_IDW_GRID_M=50 matches 'interpolated to a site-wide 50 m grid'.,,report8 part 2,DIFF_IDW_GRID_M = 50 [config.py]
report8:4ca7bd241f,deny,"'1.0 m' is the ridge-mask elevation-excess threshold in the scenario viewer, not a VIF diagnostic.",,report8 part 2,far_field_c_vif_vs_cwb = 1.00916 [25_report_numbers.csv]
report8:e7d06b09ca,deny,"Sentence states the range is 'for full clearfell and thinning'; attribution is the broadleaf scenario, wrong scenario.",,report8 part 2,broadleaf · C4 · summer · dh_mean_m = -0.0028 [19_scenario_summary.csv]
report8:856324e855,deny,"Sentence is a PDE-solver scenario result for clearfell/thinning; attribution is a BACI mixed-model real-world clearfell step, a different quantity/topic.",,report8 part 2,MixedModel_Forest_Forest Ctrl_clearfell = -0.0079 [10_consolidated_report_numbers.csv]
report9:e057f552c9,deny,"sentence is the well-record long-term mean rainfall; key is the 2000s decade mean, which happens to round the same.","Long-term mean row, Annual_P_mm=890.87 [00_01_annual_climate_summary_short.csv]",report9 part 1,mean_annual_rain_2000s · Value = 890.56 [00_report_numbers.csv]
report9:08e5054bc2,deny,"sentence is the well-record long-term mean PET; tied candidates are single years (2009/2013), not the mean.","Long-term mean row, Annual_PET_mm=652.885 [00_01_annual_climate_summary_short.csv]",report9 part 1,2009 · Annual_PET_mm = 653.223 [00_01_annual_climate_summary.csv]
report9:3913a89af6,deny,sentence is the well-record long-term mean P/PET ratio; tied candidates are single pre-record years (1931/1969).,"Long-term mean row, P_PET_ratio=1.3657 [00_01_annual_climate_summary_short.csv]",report9 part 1,1931 · P_PET_ratio = 1.36631 [00_01_annual_climate_summary.csv]
report9:f7041f9734,confirm,matches the stated cluster/well/era and statistic in the attributed key/column.,,report9 part 1,2012 · Annual_P_mm = 1021.7 [00_01_annual_climate_summary.csv]
report9:4dfb039453,deny,"SD16_REC is a dry-slack recovery depth threshold in metres, unrelated to a P/PET ratio.",descriptive round threshold in the prose; not SD16_REC,report9 part 1,SD16_REC = 1.2 [config.py]
report9:37e0ed65d1,confirm,matches the stated cluster/well/era and statistic in the attributed key/column.,,report9 part 1,2022 · P_PET_ratio = 1.11248 [00_01_annual_climate_summary.csv]
report9:ba4760bac0,deny,"sentence states 2010's actual P/PET ratio, not the SD16_REC config constant (which is a different domain and only coincidentally 1.2).",2010 · P_PET_ratio=1.20214 [00_01_annual_climate_summary.csv],report9 part 1,SD16_REC · config.py · committed 1.2 · index proposed
report9:adb139cac6,confirm,matches the stated cluster/well/era and statistic in the attributed key/column.,,report9 part 1,2007 · P_PET_ratio = 1.21633 [00_01_annual_climate_summary.csv]
report9:910fcddbec,confirm,matches the stated cluster/well/era and statistic in the attributed key/column.,,report9 part 1,mean_annual_rain_pre_felling = 887.3 [00_report_numbers.csv]
report9:62e5cded82,confirm,matches the stated cluster/well/era and statistic in the attributed key/column.,,report9 part 1,mean_annual_rain_post_felling = 896.225 [00_report_numbers.csv]
report9:05b12cb690,deny,"RANWELL_GENTLE_SLOPE is a DEM slope threshold (m/m), unrelated to a PET rolling mean; unit-converted only to match digits.","00_04_climatology.csv PET_mm values, Nov-Mar ~50-55mm",report9 part 1,RANWELL_GENTLE_SLOPE = 0.05 [config.py] as mm
report9:3f2293fd6f,confirm,matches the stated cluster/well/era and statistic in the attributed key/column.,,report9 part 1,cumbal_wl_r2 · 00_report_numbers.csv · committed 0.5265382628551603 · index proposed
report9:3907733663,deny,sentence is October-December rainfall climatology; key is one arbitrary 1950-07 PET value from the raw monthly series.,"month=11, P_mm=100.71 [00_04_climatology.csv]",report9 part 1,1950-07-01 · PET = 0.100667 [01_climate.csv] as mm
report9:14c742cd3b,deny,sentence is the December rainfall climatology peak; key is an arbitrary 1933-07 PET value.,"month=12, P_mm=108.6 [00_04_climatology.csv] = rain_peak_mm [00_report_numbers.csv]",report9 part 1,1933-07-01 · PET = 0.108606 [01_climate.csv] as mm
report9:cb770a0cf7,deny,sentence is the April rainfall climatology trough (already a registered key); key is an arbitrary 1933-11 raw value unit-converted to match.,rain_trough_mm=45.66 [00_report_numbers.csv],report9 part 1,1933-11-01 · P_m = 0.046 [01_climate.csv] as mm
report9:19670e79a4,confirm,matches the stated cluster/well/era and statistic in the attributed key/column.,,report9 part 1,7.0 · PET_mm = 106.928 [00_04_climatology.csv]
report9:90292a3cdb,confirm,matches the stated cluster/well/era and statistic in the attributed key/column.,,report9 part 1,winter_rainfall = 517.725 [00_report_numbers.csv]
report9:fdb0bdcdc2,confirm,matches the stated cluster/well/era and statistic in the attributed key/column.,,report9 part 1,summer_rainfall = 373.145 [00_report_numbers.csv]
report9:9af4061e49,confirm,matches the stated cluster/well/era and statistic in the attributed key/column.,,report9 part 1,mean_annual_rain_2000s · Value = 890.56 [00_report_numbers.csv]
report9:31e6fcd708,confirm,matches the stated cluster/well/era and statistic in the attributed key/column.,,report9 part 1,2005 · Annual_P_mm = 693.1 [00_01_annual_climate_summary_short.csv]
report9:d4d1e6ca11,confirm,matches the stated cluster/well/era and statistic in the attributed key/column.,,report9 part 1,2005 · Annual_PET_mm = 611.994 [00_01_annual_climate_summary_short.csv]
report9:f8b72adf87,confirm,matches the stated cluster/well/era and statistic in the attributed key/column.,,report9 part 1,2005 · Months_complete = 10 [00_01_annual_climate_summary_short.csv]
report9:41c459f034,confirm,matches the stated cluster/well/era and statistic in the attributed key/column.,,report9 part 1,2006 · Annual_P_mm = 954 [00_01_annual_climate_summary_short.csv]
report9:d333963200,confirm,matches the stated cluster/well/era and statistic in the attributed key/column.,,report9 part 1,2006 · Annual_PET_mm = 669.811 [00_01_annual_climate_summary_short.csv]
report9:b4dce3dbb7,confirm,matches the stated cluster/well/era and statistic in the attributed key/column.,,report9 part 1,2006 · Months_complete = 12 [00_01_annual_climate_summary_short.csv]
report9:08149d9f80,confirm,matches the stated cluster/well/era and statistic in the attributed key/column.,,report9 part 1,2006 · P_PET_ratio = 1.42428 [00_01_annual_climate_summary_short.csv]
report9:d56aa143fa,confirm,matches the stated cluster/well/era and statistic in the attributed key/column.,,report9 part 1,2007 · Annual_P_mm = 773.7 [00_01_annual_climate_summary_short.csv]
report9:cc98800c3d,confirm,matches the stated cluster/well/era and statistic in the attributed key/column.,,report9 part 1,2007 · Annual_PET_mm = 636.093 [00_01_annual_climate_summary_short.csv]
report9:15286902a2,deny,"Months_complete cited from 2006's row; sentence's table row is 2007 (value is 12 either way, so the digit matches by coincidence).",2007 · Months_complete=12 [00_01_annual_climate_summary.csv],report9 part 1,2006 · Months_complete = 12 [00_01_annual_climate_summary_short.csv]
report9:c763b06d69,confirm,matches the stated cluster/well/era and statistic in the attributed key/column.,,report9 part 1,2007 · P_PET_ratio = 1.21633 [00_01_annual_climate_summary_short.csv]
report9:7a8de8300c,confirm,matches the stated cluster/well/era and statistic in the attributed key/column.,,report9 part 1,2008 · Annual_P_mm = 1039.7 [00_01_annual_climate_summary_short.csv]
report9:2577144e44,confirm,matches the stated cluster/well/era and statistic in the attributed key/column.,,report9 part 1,2008 · Annual_PET_mm = 639.054 [00_01_annual_climate_summary_short.csv]
report9:4285013565,deny,"Months_complete cited from 2006's row; sentence's table row is 2008 (value is 12 either way, so the digit matches by coincidence).",2008 · Months_complete=12 [00_01_annual_climate_summary.csv],report9 part 1,2006 · Months_complete = 12 [00_01_annual_climate_summary_short.csv]
report9:a78fbcff86,confirm,matches the stated cluster/well/era and statistic in the attributed key/column.,,report9 part 1,2008 · P_PET_ratio = 1.62694 [00_01_annual_climate_summary_short.csv]
report9:ebe19d33a0,confirm,matches the stated cluster/well/era and statistic in the attributed key/column.,,report9 part 1,2009 · Annual_P_mm = 871.3 [00_01_annual_climate_summary.csv]
report9:fc9683fc6e,confirm,matches the stated cluster/well/era and statistic in the attributed key/column.,,report9 part 1,2009 · Annual_PET_mm = 653.223 [00_01_annual_climate_summary.csv]
report9:7eefd0679e,deny,"Months_complete cited from 2005's row; sentence's table row is 2009 (value is 12 either way, so the digit matches by coincidence).",2009 · Months_complete=12 [00_01_annual_climate_summary.csv],report9 part 1,2005 · Months_complete = 12 [00_01_annual_climate_summary.csv]
report9:f211177e92,confirm,matches the stated cluster/well/era and statistic in the attributed key/column.,,report9 part 1,2009 · P_PET_ratio = 1.33385 [00_01_annual_climate_summary.csv]
report9:9e3995b06f,confirm,matches the stated cluster/well/era and statistic in the attributed key/column.,,report9 part 1,2010 · Annual_P_mm = 736.2 [00_01_annual_climate_summary.csv]
report9:5a29e14b43,confirm,matches the stated cluster/well/era and statistic in the attributed key/column.,,report9 part 1,2010 · Annual_PET_mm = 612.41 [00_01_annual_climate_summary.csv]
report9:671b67d206,deny,"Months_complete cited from 2006's row; sentence's table row is 2010 (value is 12 either way, so the digit matches by coincidence).",2010 · Months_complete=12 [00_01_annual_climate_summary.csv],report9 part 1,2006 · Months_complete = 12 [00_01_annual_climate_summary.csv]
report9:90e389353d,confirm,matches the stated cluster/well/era and statistic in the attributed key/column.,,report9 part 1,2010 · P_PET_ratio = 1.20214 [00_01_annual_climate_summary.csv]
report9:cc7e6e2e1f,confirm,matches the stated cluster/well/era and statistic in the attributed key/column.,,report9 part 1,2011 · Annual_P_mm = 760.6 [00_01_annual_climate_summary.csv]
report9:e553111468,confirm,matches the stated cluster/well/era and statistic in the attributed key/column.,,report9 part 1,2011 · Annual_PET_mm = 673.783 [00_01_annual_climate_summary.csv]
report9:27d2b706e6,deny,"Months_complete cited from 2007's row; sentence's table row is 2011 (value is 12 either way, so the digit matches by coincidence).",2011 · Months_complete=12 [00_01_annual_climate_summary.csv],report9 part 1,2007 · Months_complete = 12 [00_01_annual_climate_summary.csv]
report9:ce400e34eb,confirm,matches the stated cluster/well/era and statistic in the attributed key/column.,,report9 part 1,2011 · P_PET_ratio = 1.12885 [00_01_annual_climate_summary.csv]
report9:4e4fc6bb42,confirm,matches the stated cluster/well/era and statistic in the attributed key/column.,,report9 part 1,2012 · Annual_P_mm = 1021.7 [00_01_annual_climate_summary.csv]
report9:c2c2580f7e,confirm,matches the stated cluster/well/era and statistic in the attributed key/column.,,report9 part 1,2012 · Annual_PET_mm = 615.961 [00_01_annual_climate_summary.csv]
report9:9623490871,deny,"Months_complete cited from 2008's row; sentence's table row is 2012 (value is 12 either way, so the digit matches by coincidence).",2012 · Months_complete=12 [00_01_annual_climate_summary.csv],report9 part 1,2008 · Months_complete = 12 [00_01_annual_climate_summary.csv]
report9:a5f190f9c8,confirm,matches the stated cluster/well/era and statistic in the attributed key/column.,,report9 part 1,2012 · P_PET_ratio = 1.65871 [00_01_annual_climate_summary.csv]
report9:d72dd0235d,confirm,matches the stated cluster/well/era and statistic in the attributed key/column.,,report9 part 1,2013 · Annual_P_mm = 844 [00_01_annual_climate_summary.csv]
report9:3ed0d4acdd,confirm,matches the stated cluster/well/era and statistic in the attributed key/column.,,report9 part 1,2013 · Annual_PET_mm = 653.005 [00_01_annual_climate_summary.csv]
report9:4c13a1a89b,deny,"Months_complete cited from 2009's row; sentence's table row is 2013 (value is 12 either way, so the digit matches by coincidence).",2013 · Months_complete=12 [00_01_annual_climate_summary.csv],report9 part 1,2009 · Months_complete = 12 [00_01_annual_climate_summary.csv]
report9:14eb351979,confirm,matches the stated cluster/well/era and statistic in the attributed key/column.,,report9 part 1,2013 · P_PET_ratio = 1.29249 [00_01_annual_climate_summary.csv]
report9:0a8bca2426,confirm,matches the stated cluster/well/era and statistic in the attributed key/column.,,report9 part 1,2014 · Annual_P_mm = 943 [00_01_annual_climate_summary.csv]
report9:2be90cb004,confirm,matches the stated cluster/well/era and statistic in the attributed key/column.,,report9 part 1,2014 · Annual_PET_mm = 667.757 [00_01_annual_climate_summary.csv]
report9:3a8726b94c,deny,"Months_complete cited from 2010's row; sentence's table row is 2014 (value is 12 either way, so the digit matches by coincidence).",2014 · Months_complete=12 [00_01_annual_climate_summary.csv],report9 part 1,2010 · Months_complete = 12 [00_01_annual_climate_summary.csv]
report9:f0c83defa2,confirm,matches the stated cluster/well/era and statistic in the attributed key/column.,,report9 part 1,2014 · P_PET_ratio = 1.41219 [00_01_annual_climate_summary.csv]
report9:ec0de2e36e,confirm,matches the stated cluster/well/era and statistic in the attributed key/column.,,report9 part 1,2015 · Annual_P_mm = 974 [00_01_annual_climate_summary.csv]
report9:f333db2c69,confirm,matches the stated cluster/well/era and statistic in the attributed key/column.,,report9 part 1,2015 · Annual_PET_mm = 623.003 [00_01_annual_climate_summary.csv]
report9:7fb0a822ff,deny,"Months_complete cited from 2011's row; sentence's table row is 2015 (value is 12 either way, so the digit matches by coincidence).",2015 · Months_complete=12 [00_01_annual_climate_summary.csv],report9 part 1,2011 · Months_complete = 12 [00_01_annual_climate_summary.csv]
report9:1e9845eddf,confirm,matches the stated cluster/well/era and statistic in the attributed key/column.,,report9 part 1,2015 · P_PET_ratio = 1.56339 [00_01_annual_climate_summary.csv]
report9:16f164881f,confirm,matches the stated cluster/well/era and statistic in the attributed key/column.,,report9 part 1,2016 · Annual_P_mm = 858.4 [00_01_annual_climate_summary.csv]
report9:c248285b3d,deny,attribution reuses 2013's PET cell; sentence's table row is 2016 (both round to 653.0 by coincidence).,2016 · Annual_PET_mm=652.965 [00_01_annual_climate_summary.csv],report9 part 1,2013 · Annual_PET_mm = 653.005 [00_01_annual_climate_summary.csv]
report9:6664a2f7e7,deny,"Months_complete cited from 2012's row; sentence's table row is 2016 (value is 12 either way, so the digit matches by coincidence).",2016 · Months_complete=12 [00_01_annual_climate_summary.csv],report9 part 1,2012 · Months_complete = 12 [00_01_annual_climate_summary.csv]
report9:87e6426096,confirm,matches the stated cluster/well/era and statistic in the attributed key/column.,,report9 part 1,2016 · P_PET_ratio = 1.31462 [00_01_annual_climate_summary.csv]
report9:0aea10bb74,confirm,matches the stated cluster/well/era and statistic in the attributed key/column.,,report9 part 1,2017 · Annual_P_mm = 871 [00_01_annual_climate_summary.csv]
report9:3f727ecf19,confirm,matches the stated cluster/well/era and statistic in the attributed key/column.,,report9 part 1,2017 · Annual_PET_mm = 658.72 [00_01_annual_climate_summary.csv]
report9:decd42f64c,deny,"Months_complete cited from 2013's row; sentence's table row is 2017 (value is 12 either way, so the digit matches by coincidence).",2017 · Months_complete=12 [00_01_annual_climate_summary.csv],report9 part 1,2013 · Months_complete = 12 [00_01_annual_climate_summary.csv]
report9:bc3cfc0337,confirm,matches the stated cluster/well/era and statistic in the attributed key/column.,,report9 part 1,2017 · P_PET_ratio = 1.32226 [00_01_annual_climate_summary.csv]
report9:bc4f5d53be,confirm,matches the stated cluster/well/era and statistic in the attributed key/column.,,report9 part 1,2018 · Annual_P_mm = 873.2 [00_01_annual_climate_summary.csv]
report9:d882a9788c,confirm,matches the stated cluster/well/era and statistic in the attributed key/column.,,report9 part 1,2018 · Annual_PET_mm = 655.776 [00_01_annual_climate_summary.csv]
report9:c46b9f975d,deny,"Months_complete cited from 2014's row; sentence's table row is 2018 (value is 12 either way, so the digit matches by coincidence).",2018 · Months_complete=12 [00_01_annual_climate_summary.csv],report9 part 1,2014 · Months_complete = 12 [00_01_annual_climate_summary.csv]
report9:4ea8c125a0,confirm,matches the stated cluster/well/era and statistic in the attributed key/column.,,report9 part 1,2018 · P_PET_ratio = 1.33155 [00_01_annual_climate_summary.csv]
report9:f175de55b1,confirm,matches the stated cluster/well/era and statistic in the attributed key/column.,,report9 part 1,2019 · Annual_P_mm = 832 [00_01_annual_climate_summary.csv]
report9:3113af0ae8,confirm,matches the stated cluster/well/era and statistic in the attributed key/column.,,report9 part 1,2019 · Annual_PET_mm = 648.113 [00_01_annual_climate_summary.csv]
report9:65d10d6b42,deny,"Months_complete cited from 2015's row; sentence's table row is 2019 (value is 12 either way, so the digit matches by coincidence).",2019 · Months_complete=12 [00_01_annual_climate_summary.csv],report9 part 1,2015 · Months_complete = 12 [00_01_annual_climate_summary.csv]
report9:b98e2d5467,confirm,matches the stated cluster/well/era and statistic in the attributed key/column.,,report9 part 1,2019 · P_PET_ratio = 1.28373 [00_01_annual_climate_summary.csv]
report9:6036b25066,confirm,matches the stated cluster/well/era and statistic in the attributed key/column.,,report9 part 1,2020 · Annual_P_mm = 944.2 [00_01_annual_climate_summary.csv]
report9:55ee54d7e0,confirm,matches the stated cluster/well/era and statistic in the attributed key/column.,,report9 part 1,2020 · Annual_PET_mm = 658.19 [00_01_annual_climate_summary.csv]
report9:9e86c0e811,confirm,matches the stated cluster/well/era and statistic in the attributed key/column.,,report9 part 1,2016 · Months_complete = 12 [00_01_annual_climate_summary.csv]
report9:85ae725098,confirm,matches the stated cluster/well/era and statistic in the attributed key/column.,,report9 part 1,2020 · P_PET_ratio = 1.43454 [00_01_annual_climate_summary.csv]
report9:2b2c37670c,confirm,matches the stated cluster/well/era and statistic in the attributed key/column.,,report9 part 1,2021 · Annual_P_mm = 906.6 [00_01_annual_climate_summary.csv]
report9:22c3d0fc7d,confirm,matches the stated cluster/well/era and statistic in the attributed key/column.,,report9 part 1,2021 · Annual_PET_mm = 660.505 [00_01_annual_climate_summary.csv]
report9:5ce17b30a0,confirm,matches the stated cluster/well/era and statistic in the attributed key/column.,,report9 part 1,2017 · Months_complete = 12 [00_01_annual_climate_summary.csv]
report9:e6a98262f1,confirm,matches the stated cluster/well/era and statistic in the attributed key/column.,,report9 part 1,2021 · P_PET_ratio = 1.37259 [00_01_annual_climate_summary.csv]
report9:0d4e94f66a,confirm,matches the stated cluster/well/era and statistic in the attributed key/column.,,report9 part 1,2022 · Annual_P_mm = 747.2 [00_01_annual_climate_summary.csv]
report9:ec1cf42ed9,confirm,matches the stated cluster/well/era and statistic in the attributed key/column.,,report9 part 1,2022 · Annual_PET_mm = 671.651 [00_01_annual_climate_summary.csv]
report9:b4639a70de,confirm,matches the stated cluster/well/era and statistic in the attributed key/column.,,report9 part 1,Long-term mean · Months_complete = 12 [00_01_annual_climate_summary.csv]
report9:d736d5583e,confirm,matches the stated cluster/well/era and statistic in the attributed key/column.,,report9 part 1,2022 · P_PET_ratio = 1.11248 [00_01_annual_climate_summary.csv]
report9:aca69a8158,confirm,matches the stated cluster/well/era and statistic in the attributed key/column.,,report9 part 1,2023 · Annual_P_mm = 986.2 [00_01_annual_climate_summary.csv]
report9:97d0a1c1ab,confirm,matches the stated cluster/well/era and statistic in the attributed key/column.,,report9 part 1,2023 · Annual_PET_mm = 677.986 [00_01_annual_climate_summary.csv]
report9:e5a1727982,confirm,matches the stated cluster/well/era and statistic in the attributed key/column.,,report9 part 1,Long-term mean · Months_complete = 12 [00_01_annual_climate_summary.csv]
report9:567a834e75,confirm,matches the stated cluster/well/era and statistic in the attributed key/column.,,report9 part 1,2023 · P_PET_ratio = 1.4546 [00_01_annual_climate_summary.csv]
report9:f7fe5e2efb,confirm,matches the stated cluster/well/era and statistic in the attributed key/column.,,report9 part 1,2024 · Annual_P_mm = 911.2 [00_01_annual_climate_summary.csv]
report9:a139456775,confirm,matches the stated cluster/well/era and statistic in the attributed key/column.,,report9 part 1,2024 · Annual_PET_mm = 643.146 [00_01_annual_climate_summary.csv]
report9:025c4f71cc,confirm,matches the stated cluster/well/era and statistic in the attributed key/column.,,report9 part 1,2021 · Months_complete = 12 [00_01_annual_climate_summary.csv]
report9:74726d6bda,confirm,matches the stated cluster/well/era and statistic in the attributed key/column.,,report9 part 1,2024 · P_PET_ratio = 1.41679 [00_01_annual_climate_summary.csv]
report9:1dd8f04f29,confirm,matches the stated cluster/well/era and statistic in the attributed key/column.,,report9 part 1,2025 · Annual_P_mm = 969.2 [00_01_annual_climate_summary.csv]
report9:035b7624c4,confirm,matches the stated cluster/well/era and statistic in the attributed key/column.,,report9 part 1,2025 · Annual_PET_mm = 686.544 [00_01_annual_climate_summary.csv]
report9:bae4eaf771,confirm,matches the stated cluster/well/era and statistic in the attributed key/column.,,report9 part 1,2021 · Months_complete = 12 [00_01_annual_climate_summary.csv]
report9:3db6da9915,confirm,matches the stated cluster/well/era and statistic in the attributed key/column.,,report9 part 1,2025 · P_PET_ratio = 1.41171 [00_01_annual_climate_summary.csv]
report9:d526db8b4b,confirm,matches the stated cluster/well/era and statistic in the attributed key/column.,,report9 part 1,2026 · Annual_P_mm = 165.6 [00_01_annual_climate_summary.csv]
report9:721d9438cd,confirm,matches the stated cluster/well/era and statistic in the attributed key/column.,,report9 part 1,2026 · Annual_PET_mm = 36.1398 [00_01_annual_climate_summary.csv]
report9:bd617b3a5c,confirm,matches the stated cluster/well/era and statistic in the attributed key/column.,,report9 part 1,2026 · Months_complete = 2 [00_01_annual_climate_summary.csv]
report9:ba85e11645,confirm,matches the stated cluster/well/era and statistic in the attributed key/column.,,report9 part 1,Long-term mean · Annual_P_mm = 890.87 [00_01_annual_climate_summary_short.csv]
report9:7fa244778e,confirm,matches the stated cluster/well/era and statistic in the attributed key/column.,,report9 part 1,Long-term mean · Annual_PET_mm = 652.885 [00_01_annual_climate_summary_short.csv]
report9:a318f8e699,confirm,matches the stated cluster/well/era and statistic in the attributed key/column.,,report9 part 1,Long-term mean · P_PET_ratio = 1.3657 [00_01_annual_climate_summary_short.csv]
report9:b2e5b7859d,confirm,matches the stated cluster/well/era and statistic in the attributed key/column.,,report9 part 1,1949 · P_PET_ratio = 1.04866 [00_01_annual_climate_summary.csv]
report9:1ba97d3633,confirm,matches the stated cluster/well/era and statistic in the attributed key/column.,,report9 part 1,slope_C_per_yr · summer_max_mean = 0.0139632 [00_03_summer_warming_stats.csv]
report9:4cc0fb311d,confirm,matches the stated cluster/well/era and statistic in the attributed key/column.,,report9 part 1,r_squared · summer_max_mean = 0.141616 [00_03_summer_warming_stats.csv]
report9:aad9fb4a32,confirm,matches the stated cluster/well/era and statistic in the attributed key/column.,,report9 part 1,post_2013_anomaly · summer_max_mean = 0.941995 [00_03_summer_warming_stats.csv]
report9:b5b81e38a6,confirm,matches the stated cluster/well/era and statistic in the attributed key/column.,,report9 part 1,pre_2013_mean_C · summer_max_mean = 17.8939 [00_03_summer_warming_stats.csv]
report9:60af600113,confirm,matches the stated cluster/well/era and statistic in the attributed key/column.,,report9 part 1,n_years_annual_rain_incomplete = 1 [00_report_numbers.csv]
report9:02f6c2687b,confirm,matches the stated cluster/well/era and statistic in the attributed key/column.,,report9 part 1,2022 · anomaly_vs_pre2013 = 1.77276 [00_03_summer_warming_stats.csv]
report9:b101f4cd8a,confirm,matches the stated cluster/well/era and statistic in the attributed key/column.,,report9 part 1,1965 · P_PET_ratio = 1.63662 [00_01_annual_climate_summary.csv]
report9:6f61d17808,confirm,matches the stated cluster/well/era and statistic in the attributed key/column.,,report9 part 1,2022 · anomaly_vs_pre2013 = 1.77276 [00_03_summer_warming_stats.csv]
report9:8e6b7feabf,confirm,matches the stated cluster/well/era and statistic in the attributed key/column.,,report9 part 1,2022 · Annual_P_mm = 747.2 [00_01_annual_climate_summary.csv]
report9:3c7f8c2e8b,confirm,matches the stated cluster/well/era and statistic in the attributed key/column.,,report9 part 1,66 well columns in reference (lake excluded) = 66 [01_wells_reference.csv]
report9:97ec6f7316,confirm,matches the stated cluster/well/era and statistic in the attributed key/column.,,report9 part 1,median of N_months · N_months = 191 [00_02_well_network_summary.csv]
report9:d718bb8837,confirm,matches the stated cluster/well/era and statistic in the attributed key/column.,,report9 part 1,min of N_months · N_months = 139 [00_02_well_network_summary.csv]
report9:4c02a86aa2,confirm,matches the stated cluster/well/era and statistic in the attributed key/column.,,report9 part 1,max of N_months · N_months = 250 [00_02_well_network_summary.csv]
report9:0f4965773b,confirm,matches the stated cluster/well/era and statistic in the attributed key/column.,,report9 part 1,max of Mean_WL_m · Mean_WL_m = -0.262953 [00_02_well_network_summary.csv]
report9:f63567b17a,confirm,matches the stated cluster/well/era and statistic in the attributed key/column.,,report9 part 1,min of Mean_WL_m · Mean_WL_m = -2.0745 [00_02_well_network_summary.csv]
report9:e0aad7d9ee,confirm,matches the stated cluster/well/era and statistic in the attributed key/column.,,report9 part 1,median of Seasonal_amplitude_m · Seasonal_amplitude_m = -0.688299 [00_02_well_network_summary.csv]
report9:236670f540,confirm,matches the stated cluster/well/era and statistic in the attributed key/column.,,report9 part 1,mean of Mean_Summer_Min_m · Mean_Summer_Min_m = -1.17994 [00_02_well_network_summary.csv]
report9:b284e4d51e,confirm,matches the stated cluster/well/era and statistic in the attributed key/column.,,report9 part 1,max of Mean_Summer_Min_m · Mean_Summer_Min_m = -0.714 [00_02_well_network_summary.csv]
report9:29a427b4a4,confirm,matches the stated cluster/well/era and statistic in the attributed key/column.,,report9 part 1,min of Mean_Summer_Min_m · Mean_Summer_Min_m = -2.31526 [00_02_well_network_summary.csv]
report9:f1203522d5,deny,sentence is a count of wells below the SD16 recovery threshold; key is an unrelated 1983 summer-temperature value.,"derived count, Mean_Summer_Min_m < -1.20 in 00_02_well_network_summary.csv = 20 (verified)",report9 part 1,1983 · summer_max_mean = 20 [00_03_summer_warming_stats.csv]
report9:30f54f7b40,deny,"sentence explicitly names the 'SD16 recovery limit', i.e. the config threshold, not a well-data derived min/max.",SD16_REC=1.20 [config.py],report9 part 1,min of per-column maxs = -1.2 [01_wells_reference.csv]
report9:d05c3c2d65,confirm,matches the stated cluster/well/era and statistic in the attributed key/column.,,report9 part 1,distinct clusters in cluster_k5 (k = 5) · cluster_k5 = 5 [02_07_cluster_membership_k5.csv]
report9:0e957324f1,confirm,matches the stated cluster/well/era and statistic in the attributed key/column.,,report9 part 1,silhouette_k5 = 0.396089 [02_report_numbers.csv]
report9:0d74367e20,unsure,both candidates are well-depth statistics from an unrelated forestry file; a dendrogram linkage distance likely isn't in any registered table.,,report9 part 1,C1 Eastern lake-buffer / Pre-scrape 2005–14 · Max_depth_m = 1.0286 [21_forestry_02_distributions_means.csv]
report9:814683764d,confirm,matches the stated cluster/well/era and statistic in the attributed key/column.,,report9 part 1,mean of Lake_Edge · Lake_Edge = -0.381562 [03_regional_averages.csv]
report9:c42342d37e,deny,sentence is C3's depth offset vs C1/C2 (~0.3m); key is an unrelated scraping-distance weight parameter.,derived from 03_regional_averages.csv: C3 mean minus C1/C2 mean (~0.3m),report9 part 1,Scraping_distance_weight = 0.307342 [10_consolidated_report_numbers.csv]
report9:1f3b529fdf,deny,sentence is C4's depth offset vs C3 (~0.6m); key is an unrelated forecast/SSM t-statistic.,derived from 03_regional_averages.csv: C4 mean minus C3 mean (~0.6m),report9 part 1,Western_Block · a_h_max_winter = 0.563066 [11_forecast_summer_transfer_functions.csv]
report9:2a0f5e48c0,deny,sentence is C4's cluster mean depth; key is a single C3 well's post-2018 summer minimum.,03_regional_averages.csv mean of C4 (Main_Forest) column,report9 part 1,ceh18 · C3 · summer_min_post2018 = -1.47 [02_08_cluster_amplitude_per_well.csv]
report9:35b94d1b30,deny,"sentence is C5's cluster mean depth; key is a single well (ceh2), not the cluster mean.",03_regional_averages.csv mean of C5 (Coastal_Forest) column,report9 part 1,mean of ceh2 · ceh2 = -1.2511 [01_wells_reference.csv]
report9:245f9f2289,confirm,matches the stated cluster/well/era and statistic in the attributed key/column.,,report9 part 1,66 well columns in reference (lake excluded) = 66 [01_wells_reference.csv]
report9:fb408129a2,deny,sentence's '2' is the NRW 2m LiDAR resolution; key is an unrelated envelope-metric threshold.,"no config match found; descriptive of the NRW 2m LiDAR product, not a pipeline constant",report9 part 1,ENVELOPE_METRIC_REF_MIN_WET = 2 [config.py]
report9:deb07d4940,confirm,matches the stated cluster/well/era and statistic in the attributed key/column.,,report9 part 1,C1 median of p90_p10_pre2018 · p90_p10_pre2018 = 0.836 [02_08_cluster_amplitude_per_well.csv]
report9:40c5d143f5,deny,table row is C1 (Lake Edge); key is C3's post-2018 value.,C1 median_p90_p10_post2018=0.998 [02_09_cluster_amplitude_summary.csv],report9 part 1,C3 mean of p90_p10_post2018 · p90_p10_post2018 = 0.995672 [02_08_cluster_amplitude_per_well.csv]
report9:8a90ef1807,deny,table row is C1's raw amplitude % change; key is an unrelated scrape-equilibration residual.,C1 amplitude_damping_pct=-19.378 (sign convention: report % = -1x column) [02_09_cluster_amplitude_summary.csv],report9 part 1,Scrape_equilibration_residual = 0.1868 [09c_report_numbers.csv] as %
report9:6126b1e80c,confirm,matches the stated cluster/well/era and statistic in the attributed key/column.,,report9 part 1,2 · C2 · n_wells = 24 [02_09_cluster_amplitude_summary.csv]
report9:0a00e7faf7,confirm,matches the stated cluster/well/era and statistic in the attributed key/column.,,report9 part 1,C2 median of p90_p10_pre2018 · p90_p10_pre2018 = 1.0235 [02_08_cluster_amplitude_per_well.csv]
report9:6427e88bf5,deny,reuses the pre-2018 cell already used for the first '1.02'; sentence's second value is C2's post-2018 figure.,C2 median_p90_p10_post2018=1.025 [02_09_cluster_amplitude_summary.csv],report9 part 1,C2 median of p90_p10_pre2018 · p90_p10_pre2018 = 1.0235 [02_08_cluster_amplitude_per_well.csv]
report9:eb4d3ddbfa,deny,table row is C3; key is C2's post-2018 value.,C3 median_p90_p10_pre2018=1.026 [02_09_cluster_amplitude_summary.csv],report9 part 1,C2 mean of p90_p10_post2018 · p90_p10_post2018 = 1.03229 [02_08_cluster_amplitude_per_well.csv]
report9:2b0992ba37,deny,table row is C3; key is a single C4 well's climate-normalised value.,C3 median_p90_p10_post2018=1.012 [02_09_cluster_amplitude_summary.csv],report9 part 1,ceh20 · C4 · p90_p10_post2018_climnorm = 1.015 [02_08_cluster_amplitude_per_well.csv]
report9:561e4d8c43,deny,sentence's '-1%' is C3's amplitude % change; key is a well's summer-minimum depth in metres (digit-only match).,"C3 amplitude_damping_pct=1.365, sign-flipped [02_09_cluster_amplitude_summary.csv]",report9 part 1,nw6 · C3 · summer_min_post2018 = -1 [02_08_cluster_amplitude_per_well.csv]
report9:f9a2ab2c4b,deny,sentence is C3's climate-normalised amplitude change; key is an unrelated forest climate-shift coefficient (C3 isn't a forest cluster).,"C3 amplitude_damping_pct_climnorm=8.090, sign-flipped [02_09_cluster_amplitude_summary.csv]",report9 part 1,SpringMean_Forest_Climate Ctrl_mean_shift = -0.07832 [10_consolidated_report_numbers.csv] as %
report9:57b22760a0,deny,"sentence's '9' is C4's well count (matches the table pattern, cf. C2's 24); key is an unrelated pre-scrape summer count sharing the digit.",C4 n_wells=9 [02_09_cluster_amplitude_summary.csv],report9 part 1,C4 Main forest / Pre-scrape 2005–14 · N_summers = 9 [21_forestry_02_distributions_means.csv]
report9:dd5910bb14,deny,table row is C4's cluster-level pre-2018 value; key is a single well (ceh20).,C4 median_p90_p10_pre2018=1.155 [02_09_cluster_amplitude_summary.csv],report9 part 1,ceh20 · C4 · p90_p10_pre2018 = 1.155 [02_08_cluster_amplitude_per_well.csv]
report9:dd25f91991,deny,table row is C4's cluster-level post-2018 value; key is a single well (Ceh32).,C4 median_p90_p10_post2018=1.088 [02_09_cluster_amplitude_summary.csv],report9 part 1,Ceh32 · C4 · p90_p10_post2018_climnorm = 1.088 [02_08_cluster_amplitude_per_well.csv]
report9:9154d2d609,deny,sentence is C4's raw amplitude % change; key is an unrelated BACI/ANCOVA clearfell-step coefficient.,"C4 amplitude_damping_pct=5.801, sign-flipped [02_09_cluster_amplitude_summary.csv]",report9 part 1,ANCOVA_A_WMC3+FE1+FE2_Climate_clearfell_step = -0.0583066 [10_consolidated_report_numbers.csv] as %
report9:5df2554c3a,deny,"duplicate of the same C4 % column, same wrong ANCOVA key.","C4 amplitude_damping_pct=5.801, sign-flipped [02_09_cluster_amplitude_summary.csv]",report9 part 1,ANCOVA_A_WMC3+FE1+FE2_Climate_clearfell_step = -0.0583066 [10_consolidated_report_numbers.csv] as %
report9:26821a833e,confirm,matches the stated cluster/well/era and statistic in the attributed key/column.,,report9 part 1,distinct clusters in cluster_k5 (k = 5) · cluster_k5 = 5 [02_07_cluster_membership_k5.csv]
report9:701e7e0164,confirm,matches the stated cluster/well/era and statistic in the attributed key/column.,,report9 part 1,5 · C5 · median_p90_p10_pre2018 = 0.885 [02_09_cluster_amplitude_summary.csv]
report9:ed588706d4,confirm,matches the stated cluster/well/era and statistic in the attributed key/column.,,report9 part 1,5 · C5 · median_p90_p10_post2018 = 0.728 [02_09_cluster_amplitude_summary.csv]
report9:ac854b0c76,deny,sentence is C2/C3's climate-normalised damping (~8-9%); key is an unrelated BACI edge-step range.,C3 amplitude_damping_pct_climnorm=8.090 [02_09_cluster_amplitude_summary.csv],report9 part 1,Spread_Climate_Edge_step_range = 0.0764291 [10_consolidated_report_numbers.csv] as %
report9:4bed9523dc,deny,"same context, C2's side of the ~8-9% range; key is an unrelated BACI impact-step range.",C2 amplitude_damping_pct_climnorm=8.745 [02_09_cluster_amplitude_summary.csv],report9 part 1,Spread_Climate_Impact_step_range = 0.0909405 [10_consolidated_report_numbers.csv] as %
report9:0cd2254d9c,deny,sentence is C5's raw amplitude collapse; key is an unrelated BACI edge-step range.,C5 amplitude_damping_pct=17.740 [02_09_cluster_amplitude_summary.csv],report9 part 1,Spread_Combined_Edge_step_range = 0.179605 [10_consolidated_report_numbers.csv] as %
report9:290e30a158,deny,sentence is C5's climate-normalised collapse; key is an unrelated coastal scale-factor.,C5 amplitude_damping_pct_climnorm=20.678 [02_09_cluster_amplitude_summary.csv],report9 part 1,2018_2025 / primary · s_coast = 0.2089 [37_scale_factors_by_window.csv] as %
report9:1f54083c85,deny,sentence is C1's climate-normalised amplitude increase; key is an unrelated canopy-index ratio from aerial imagery.,C1 amplitude_damping_pct_climnorm=-15.072 [02_09_cluster_amplitude_summary.csv],report9 part 1,clearfell / 2020-04-24 / aerial24-4-2020.png · ratio_to_conifer = 0.149153 [41_01_canopy_index.csv] as %
report9:ba7dd47fa3,deny,sentence is C1's raw amplitude increase; key is an unrelated BACI impact-step range.,C1 amplitude_damping_pct=-19.378 [02_09_cluster_amplitude_summary.csv],report9 part 1,Spread_Combined_Impact_step_range = 0.192602 [10_consolidated_report_numbers.csv] as %
report9:2c57507f1f,confirm,matches the stated cluster/well/era and statistic in the attributed key/column.,,report9 part 1,C1 median of summer_min_post2018 · summer_min_post2018 = -1.04 [02_08_cluster_amplitude_per_well.csv]
report9:14d893665f,confirm,matches the stated cluster/well/era and statistic in the attributed key/column.,,report9 part 1,C3 median of summer_min_post2018 · summer_min_post2018 = -1.42 [02_08_cluster_amplitude_per_well.csv]
report9:56ec2bc932,deny,sentence is a derived post-2018 max:min spread ratio for C3; key is an unrelated coastal ANCOVA coefficient.,derived: C3 post2018_p90_p10_max/min = 1.280/0.644 ~= 1.99 [02_09_cluster_amplitude_summary.csv],report9 part 1,ANCOVA_FarField_Edge_s_coast = -1.98362 [10_consolidated_report_numbers.csv]
report9:62430a2a4c,confirm,matches the stated cluster/well/era and statistic in the attributed key/column.,,report9 part 1,C1 (Lake Edge) · beta_1_recharge · 03_03_cluster_mechanistic_coefficients.csv · committed 4.5784848694019455 · index confirmed
report9:977ddeed44,confirm,matches the stated cluster/well/era and statistic in the attributed key/column.,,report9 part 1,C2 (Dune) · beta_1_recharge · 03_03_cluster_mechanistic_coefficients.csv · committed 3.972063123608186 · index confirmed
report9:e2221ebb85,confirm,matches the stated cluster/well/era and statistic in the attributed key/column.,,report9 part 1,C3 (Western Residual) · beta_1_recharge = 3.57284 [03_03_cluster_mechanistic_coefficients.csv]
report9:125c3741c2,confirm,matches the stated cluster/well/era and statistic in the attributed key/column.,,report9 part 1,C4 (Main Forest) · beta_1_recharge · 03_03_cluster_mechanistic_coefficients.csv · committed 2.477069614609544 · index confirmed
report9:6de6ae0061,confirm,matches the stated cluster/well/era and statistic in the attributed key/column.,,report9 part 1,C5 (Coastal Forest) · beta_1_recharge · 03_03_cluster_mechanistic_coefficients.csv · committed 2.4279466911633154 · index confirmed
report9:0c441f94ee,confirm,matches the stated cluster/well/era and statistic in the attributed key/column.,,report9 part 1,C4 (Main Forest) · beta_2_atmospheric_draw · 03_03_cluster_mechanistic_coefficients.csv · committed 2.5625958969997766 · index confirmed
report9:d5a3fb31ae,confirm,matches the stated cluster/well/era and statistic in the attributed key/column.,,report9 part 1,C3 (Western Residual) · beta_2_atmospheric_draw · 03_03_cluster_mechanistic_coefficients.csv · committed 1.807279573206616 · index confirmed
report9:81e557197b,confirm,matches the stated cluster/well/era and statistic in the attributed key/column.,,report9 part 1,C2 (Dune) · beta_2_atmospheric_draw · 03_03_cluster_mechanistic_coefficients.csv · committed 1.7419270206912956 · index confirmed
report9:e744a10782,confirm,matches the stated cluster/well/era and statistic in the attributed key/column.,,report9 part 1,C5 (Coastal Forest) · beta_2_atmospheric_draw = 1.27431 [03_03_cluster_mechanistic_coefficients.csv]
report9:df36e21d16,confirm,matches the stated cluster/well/era and statistic in the attributed key/column.,,report9 part 1,C1 (Lake Edge) · beta_2_atmospheric_draw = 0.922837 [03_03_cluster_mechanistic_coefficients.csv]
report9:e81baae9d1,confirm,matches the stated cluster/well/era and statistic in the attributed key/column.,,report9 part 1,C4 (Main Forest) · beta_2_atmospheric_draw = 2.5626 [03_03_cluster_mechanistic_coefficients.csv]
report9:b7d9c80a0d,deny,sentence explicitly states C4's beta_1; primary key is a C3 beta_2 (Model B) value.,C4 beta_1_recharge=2.47707 [03_03_cluster_mechanistic_coefficients.csv] (the tool's own runner-up),report9 part 1,well · C3 · beta_2_B = 2.47535 [03_16_model_b_persistence.csv]
report9:2b9740bd1f,confirm,matches the stated cluster/well/era and statistic in the attributed key/column.,,report9 part 1,C1 (Lake Edge) · beta_2_atmospheric_draw = 0.922837 [03_03_cluster_mechanistic_coefficients.csv]
report9:b005e5fdd5,confirm,matches the stated cluster/well/era and statistic in the attributed key/column.,,report9 part 1,C1 (Lake Edge) · beta_3_drainage = 0.0886103 [03_03_cluster_mechanistic_coefficients.csv]
report9:6c27bb515f,confirm,matches the stated cluster/well/era and statistic in the attributed key/column.,,report9 part 1,C2 (Dune) · beta_3_drainage = 0.0643252 [03_03_cluster_mechanistic_coefficients.csv]
report9:fb3b483336,confirm,matches the stated cluster/well/era and statistic in the attributed key/column.,,report9 part 1,C3 (Western Residual) · beta_3_drainage = 0.0569351 [03_03_cluster_mechanistic_coefficients.csv]
report9:171818f186,confirm,matches the stated cluster/well/era and statistic in the attributed key/column.,,report9 part 1,C5 (Coastal Forest) · beta_3_drainage = 0.0448501 [03_03_cluster_mechanistic_coefficients.csv]
report9:5e83331153,confirm,matches the stated cluster/well/era and statistic in the attributed key/column.,,report9 part 1,C4 (Main Forest) · beta_3_drainage = 0.0184551 [03_03_cluster_mechanistic_coefficients.csv]
report9:f0b986c3da,deny,sentence is C4's centroid VIF; both candidates are wrong (a C5 coefficient / a single well's per-well VIF).,c4_vif=1.095 [30_c4_report_numbers.csv],report9 part 1,well · C5 · beta_2_B = 1.1377 [03_16_model_b_persistence.csv]
report9:0ca63e7da4,deny,sentence is C4's centroid significance; key is a C5 well's p-value (tool's own runner-up is correct).,c4_centroid_beta3_p=0.001631 [30_c4_report_numbers.csv],report9 part 1,well · C5 · pvalue_beta_3_A = 0.00178541 [03_16_model_b_persistence.csv]
report9:268648f872,confirm,matches the stated cluster/well/era and statistic in the attributed key/column.,,report9 part 1,FourZoneSummer_contrast_Edge_vs_Forest = -0.0286 [10_consolidated_report_numbers.csv]
report9:08a8f522ca,confirm,matches the stated cluster/well/era and statistic in the attributed key/column.,,report9 part 1,LCSC_DATA_LIMIT = 100 [config.py]
report9:2ccdee02b8,confirm,matches the stated cluster/well/era and statistic in the attributed key/column.,,report9 part 1,FourZoneSummer_contrast_Edge_vs_C3Warren = -0.0406 [10_consolidated_report_numbers.csv] as mm
report9:f63d4e1207,confirm,matches the stated cluster/well/era and statistic in the attributed key/column.,,report9 part 1,ceh42 · C3 · dem = 3.62 [07_coeff_maps_data.csv]
report9:f094d1c866,confirm,matches the stated cluster/well/era and statistic in the attributed key/column.,,report9 part 1,ANCOVA_Forest_Impact_s_coast = 1.59224 [10_consolidated_report_numbers.csv]
report9:5181ba6b06,confirm,matches the stated cluster/well/era and statistic in the attributed key/column.,,report9 part 1,C4 max of Model_R2 · Model_R2 = 0.771787 [07_coeff_maps_data.csv]
report9:767c3a97d4,confirm,matches the stated cluster/well/era and statistic in the attributed key/column.,,report9 part 1,Forest / Impact · Scraping_p = 0.961815 [10d_08_spring_mixed_model_results.csv]
report9:0e28f03550,confirm,matches the stated cluster/well/era and statistic in the attributed key/column.,,report9 part 1,L7 · C2 · dem = 10.86 [07_coeff_maps_data.csv]
report9:bee89dad19,confirm,matches the stated cluster/well/era and statistic in the attributed key/column.,,report9 part 1,ceh6 · beta_2_atmospheric_draw = -0.387968 [07_coeff_maps_data.csv]
report9:6be4196755,confirm,matches the stated cluster/well/era and statistic in the attributed key/column.,,report9 part 1,ceh34 · C4 · pvalue_beta_3 = 0.282858 [07_coeff_maps_data.csv]
report9:e5cf9f017b,confirm,matches the stated cluster/well/era and statistic in the attributed key/column.,,report9 part 1,D9 · C2 · dem = 9.136 [07_coeff_maps_data.csv]
report9:a0b790ca8c,confirm,matches the stated cluster/well/era and statistic in the attributed key/column.,,report9 part 1,L7 · dem = 10.86 [07_coeff_maps_data.csv]
report9:a79a432ab3,confirm,matches the stated cluster/well/era and statistic in the attributed key/column.,,report9 part 1,pe · abs_diff_m = 4.46078 [01_dist_coast_validation.csv]
report9:e3033a6c31,confirm,matches the stated cluster/well/era and statistic in the attributed key/column.,,report9 part 1,ceh11 · beta_3_drainage = 0.0919377 [07_coeff_maps_data.csv]
report9:96e340895f,confirm,matches the stated cluster/well/era and statistic in the attributed key/column.,,report9 part 1,β₂_atm_draw · C5_min = 0.797 [10c_forest_zone_cluster_summary.csv]
report9:ca551a2f7a,confirm,matches the stated cluster/well/era and statistic in the attributed key/column.,,report9 part 1,β₂_atm_draw · C4_max = 3.828 [10c_forest_zone_cluster_summary.csv]
report9:27274cdad5,confirm,matches the stated cluster/well/era and statistic in the attributed key/column.,,report9 part 1,C4 (Main Forest) · beta_2_atmospheric_draw = 2.5626 [03_03_cluster_mechanistic_coefficients.csv]
report9:65dc87e58f,confirm,matches the stated cluster/well/era and statistic in the attributed key/column.,,report9 part 1,c4_centroid_beta3 · Value = 0.0184551 [30_c4_report_numbers.csv]
report9:e4bf513ccc,confirm,matches the stated cluster/well/era and statistic in the attributed key/column.,,report9 part 1,well / C2 (Dune) / D44 · alpha_B = 0.759773 [03_16_model_b_persistence.csv] as %
report9:c7d55d9ec5,confirm,matches the stated cluster/well/era and statistic in the attributed key/column.,,report9 part 1,C4 (Main Forest) · SSM_drain_frac = 0.2388 [16_water_bal_rec_table.csv] as %
report9:d312d86dc4,confirm,matches the stated cluster/well/era and statistic in the attributed key/column.,,report9 part 1,centroid · C4 · n = 237 [03_16_model_b_persistence.csv]
report9:c111494837,confirm,matches the stated cluster/well/era and statistic in the attributed key/column.,,report9 part 1,1 · C1 · n_wells = 7 [03_02_cluster_summary_table.csv]
report9:6b2cea312b,confirm,matches the stated cluster/well/era and statistic in the attributed key/column.,,report9 part 1,C1 (Lake Edge) · beta_1_recharge · 03_03_cluster_mechanistic_coefficients.csv · committed 4.5784848694019455 · index confirmed
report9:94396dc775,confirm,matches the stated cluster/well/era and statistic in the attributed key/column.,,report9 part 1,C1 (Lake Edge) · beta_2_atmospheric_draw · 03_03_cluster_mechanistic_coefficients.csv · committed 0.9228366519805586 · index confirmed
report9:04d2279204,confirm,matches the stated cluster/well/era and statistic in the attributed key/column.,,report9 part 1,centroid · C1 · beta_3_A = 0.0886103 [03_16_model_b_persistence.csv]
report9:3c15cc803f,confirm,matches the stated cluster/well/era and statistic in the attributed key/column.,,report9 part 1,C1 (Lake Edge) / full_record · LCSC_percent · 03_14_centroid_window_sensitivity.csv · committed 21.84128655055756 · index proposed
report9:ed20c5cc66,confirm,matches the stated cluster/well/era and statistic in the attributed key/column.,,report9 part 1,C1 (Lake Edge) / full_record · R2 · 03_14_centroid_window_sensitivity.csv · committed 0.7322206815373192 · index proposed
report9:aa14324f50,confirm,matches the stated cluster/well/era and statistic in the attributed key/column.,,report9 part 1,nw1 · C3 · window_months = 100 [03_15_per_well_window_sensitivity.csv]
report9:b98d2720fe,confirm,matches the stated cluster/well/era and statistic in the attributed key/column.,,report9 part 1,1 · C1 · n_wells = 7 [03_02_cluster_summary_table.csv]
report9:e66e5e3932,confirm,matches the stated cluster/well/era and statistic in the attributed key/column.,,report9 part 1,1 · C1 · beta_1_recharge = 4.99836 [03_14_centroid_window_sensitivity.csv]
report9:dd594c99c2,confirm,matches the stated cluster/well/era and statistic in the attributed key/column.,,report9 part 1,1 · C1 · beta_2_atmospheric_draw = 0.542802 [03_14_centroid_window_sensitivity.csv]
report9:3d648e62bd,confirm,matches the stated cluster/well/era and statistic in the attributed key/column.,,report9 part 1,1 · C1 · beta_3_drainage = 0.102602 [03_14_centroid_window_sensitivity.csv]
report9:143a8e5aa0,confirm,matches the stated cluster/well/era and statistic in the attributed key/column.,,report9 part 1,C1 (Lake Edge) / comparison_window · LCSC_percent · 03_14_centroid_window_sensitivity.csv · committed 20.00655432697443 · index proposed
report9:12e539011b,confirm,matches the stated cluster/well/era and statistic in the attributed key/column.,,report9 part 1,C1 (Lake Edge) / comparison_window · R2 · 03_14_centroid_window_sensitivity.csv · committed 0.7833347464125966 · index proposed
report9:c9b785ef71,confirm,matches the stated cluster/well/era and statistic in the attributed key/column.,,report9 part 1,3 · C3 · n = 248 [03_04_lag_diagnostic.csv]
report9:837123a9c8,confirm,matches the stated cluster/well/era and statistic in the attributed key/column.,,report9 part 1,2 · C2 · n_wells = 24 [03_02_cluster_summary_table.csv]
report9:705de0f5ee,confirm,matches the stated cluster/well/era and statistic in the attributed key/column.,,report9 part 1,C2 (Dune) · beta_1_recharge · 03_03_cluster_mechanistic_coefficients.csv · committed 3.972063123608186 · index confirmed
report9:d80236abf9,confirm,matches the stated cluster/well/era and statistic in the attributed key/column.,,report9 part 1,C2 (Dune) · beta_2_atmospheric_draw · 03_03_cluster_mechanistic_coefficients.csv · committed 1.7419270206912956 · index confirmed
report9:436511fe6e,confirm,matches the stated cluster/well/era and statistic in the attributed key/column.,,report9 part 1,C2 (Dune) · beta_3_drainage = 0.0643252 [03_03_cluster_mechanistic_coefficients.csv]
report9:f6392fdb0d,confirm,matches the stated cluster/well/era and statistic in the attributed key/column.,,report9 part 1,C2 (Dune) / full_record · LCSC_percent · 03_14_centroid_window_sensitivity.csv · committed 25.1758335373988 · index proposed
report9:31dede4f2c,confirm,matches the stated cluster/well/era and statistic in the attributed key/column.,,report9 part 1,C2 (Dune) / full_record · R2 = 0.746992 [03_14_centroid_window_sensitivity.csv]
report9:94223a5ba3,confirm,matches the stated cluster/well/era and statistic in the attributed key/column.,,report9 part 1,nw1 · C3 · window_months = 100 [03_15_per_well_window_sensitivity.csv]
report9:52d786cf3f,confirm,matches the stated cluster/well/era and statistic in the attributed key/column.,,report9 part 1,2 · C2 · n_wells = 24 [03_02_cluster_summary_table.csv]
report9:09a7da83b4,confirm,matches the stated cluster/well/era and statistic in the attributed key/column.,,report9 part 1,2 · C2 · beta_1_recharge = 4.23963 [03_14_centroid_window_sensitivity.csv]
report9:cc3884462c,confirm,matches the stated cluster/well/era and statistic in the attributed key/column.,,report9 part 1,2 · C2 · beta_2_atmospheric_draw = 1.63017 [03_14_centroid_window_sensitivity.csv]
report9:8d9e6f5adc,confirm,matches the stated cluster/well/era and statistic in the attributed key/column.,,report9 part 1,2 · C2 · beta_3_drainage = 0.0700298 [03_14_centroid_window_sensitivity.csv]
report9:5ffab70086,confirm,matches the stated cluster/well/era and statistic in the attributed key/column.,,report9 part 1,C2 (Dune) / comparison_window · LCSC_percent · 03_14_centroid_window_sensitivity.csv · committed 23.586965796473045 · index proposed
report9:dc6aa6e304,confirm,matches the stated cluster/well/era and statistic in the attributed key/column.,,report9 part 1,C2 (Dune) / comparison_window · R2 · 03_14_centroid_window_sensitivity.csv · committed 0.8013068913711956 · index proposed
report9:4e39c34512,confirm,matches the stated cluster/well/era and statistic in the attributed key/column.,,report9 part 1,nw1 · C3 · n = 249 [03_15_per_well_window_sensitivity.csv]
report9:f570eabd9d,confirm,matches the stated cluster/well/era and statistic in the attributed key/column.,,report9 part 1,C3 (Western Residual) · beta_1_recharge · 03_03_cluster_mechanistic_coefficients.csv · committed 3.5728399687984083 · index confirmed
report9:ae05be0e11,confirm,matches the stated cluster/well/era and statistic in the attributed key/column.,,report9 part 1,C3 (Western Residual) · beta_2_atmospheric_draw · 03_03_cluster_mechanistic_coefficients.csv · committed 1.807279573206616 · index confirmed
report9:684c20cffd,confirm,matches the stated cluster/well/era and statistic in the attributed key/column.,,report9 part 1,C3 (Western Residual) · beta_3_drainage = 0.0569351 [03_03_cluster_mechanistic_coefficients.csv]
report9:83464d59bf,confirm,matches the stated cluster/well/era and statistic in the attributed key/column.,,report9 part 1,C3 (Western Residual) / full_record · LCSC_percent · 03_14_centroid_window_sensitivity.csv · committed 27.98893901582479 · index proposed
report9:e7a88829c4,confirm,matches the stated cluster/well/era and statistic in the attributed key/column.,,report9 part 1,C3 (Western Residual) / full_record · R2 · 03_14_centroid_window_sensitivity.csv · committed 0.8121709148349237 · index proposed
report9:ca7c8cf200,confirm,matches the stated cluster/well/era and statistic in the attributed key/column.,,report9 part 1,nw1 · C3 · window_months = 100 [03_15_per_well_window_sensitivity.csv]
report9:2e1362dfb9,confirm,matches the stated cluster/well/era and statistic in the attributed key/column.,,report9 part 1,3 · C3 · beta_1_recharge = 3.51673 [03_14_centroid_window_sensitivity.csv]
report9:01b2bfb2e5,confirm,matches the stated cluster/well/era and statistic in the attributed key/column.,,report9 part 1,3 · C3 · beta_2_atmospheric_draw = 1.69709 [03_14_centroid_window_sensitivity.csv]
report9:fb4e4764dc,confirm,matches the stated cluster/well/era and statistic in the attributed key/column.,,report9 part 1,3 · C3 · beta_3_drainage = 0.0558108 [03_14_centroid_window_sensitivity.csv]
report9:29b74a804e,confirm,matches the stated cluster/well/era and statistic in the attributed key/column.,,report9 part 1,C3 (Western Residual) / comparison_window · LCSC_percent · 03_14_centroid_window_sensitivity.csv · committed 28.43549738259531 · index proposed
report9:d4933bfc01,confirm,matches the stated cluster/well/era and statistic in the attributed key/column.,,report9 part 1,C3 (Western Residual) / comparison_window · R2 · 03_14_centroid_window_sensitivity.csv · committed 0.8297690581925671 · index proposed
report9:df17a8a2af,confirm,matches the stated cluster/well/era and statistic in the attributed key/column.,,report9 part 1,C1 max of n · n = 237 [03_15_per_well_window_sensitivity.csv]
report9:78a6c7c792,confirm,matches the stated cluster/well/era and statistic in the attributed key/column.,,report9 part 1,4 · C4 · n_wells = 9 [03_02_cluster_summary_table.csv]
report9:27951644ba,confirm,matches the stated cluster/well/era and statistic in the attributed key/column.,,report9 part 1,C4 (Main Forest) · beta_1_recharge · 03_03_cluster_mechanistic_coefficients.csv · committed 2.477069614609544 · index confirmed
report9:58ed619025,confirm,matches the stated cluster/well/era and statistic in the attributed key/column.,,report9 part 1,C4 (Main Forest) · beta_2_atmospheric_draw · 03_03_cluster_mechanistic_coefficients.csv · committed 2.5625958969997766 · index confirmed
report9:a4c2082db1,confirm,matches the stated cluster/well/era and statistic in the attributed key/column.,,report9 part 1,C4 (Main Forest) · beta_3_drainage = 0.0184551 [03_03_cluster_mechanistic_coefficients.csv]
report9:284d3a8a62,deny,table row is C4's full-record p-value; both candidates are other clusters (C5/C3).,c4_centroid_beta3_p=0.001631 [30_c4_report_numbers.csv],report9 part 1,well · C5 · pvalue_beta_3_A = 0.00178541 [03_16_model_b_persistence.csv]
report9:9938aa184b,confirm,matches the stated cluster/well/era and statistic in the attributed key/column.,,report9 part 1,C4 (Main Forest) / full_record · LCSC_percent · 03_14_centroid_window_sensitivity.csv · committed 40.37028245399669 · index proposed
report9:91b6d5ef4c,confirm,matches the stated cluster/well/era and statistic in the attributed key/column.,,report9 part 1,C4 (Main Forest) / full_record · R2 · 03_14_centroid_window_sensitivity.csv · committed 0.7215300155336086 · index proposed
report9:2268103655,confirm,matches the stated cluster/well/era and statistic in the attributed key/column.,,report9 part 1,nw1 · C3 · window_months = 100 [03_15_per_well_window_sensitivity.csv]
report9:0b56fa57e8,confirm,matches the stated cluster/well/era and statistic in the attributed key/column.,,report9 part 1,4 · C4 · n_wells = 9 [03_02_cluster_summary_table.csv]
report9:a851504b77,confirm,matches the stated cluster/well/era and statistic in the attributed key/column.,,report9 part 1,4 · C4 · beta_1_recharge = 2.40747 [03_14_centroid_window_sensitivity.csv]
report9:e3c9d9d419,confirm,matches the stated cluster/well/era and statistic in the attributed key/column.,,report9 part 1,4 · C4 · beta_2_atmospheric_draw = 2.66686 [03_14_centroid_window_sensitivity.csv]
report9:a8f3012831,confirm,matches the stated cluster/well/era and statistic in the attributed key/column.,,report9 part 1,4 · C4 · beta_3_drainage = 0.0109706 [03_14_centroid_window_sensitivity.csv]
report9:3589e3df35,confirm,matches the stated cluster/well/era and statistic in the attributed key/column.,,report9 part 1,4 · C4 · pvalue_beta_3 = 0.251229 [03_14_centroid_window_sensitivity.csv]
report9:01f23898ae,confirm,matches the stated cluster/well/era and statistic in the attributed key/column.,,report9 part 1,C4 (Main Forest) / comparison_window · LCSC_percent · 03_14_centroid_window_sensitivity.csv · committed 41.53732975844503 · index proposed
report9:89847f01e5,confirm,matches the stated cluster/well/era and statistic in the attributed key/column.,,report9 part 1,C4 (Main Forest) / comparison_window · R2 = 0.747245 [03_14_centroid_window_sensitivity.csv]
report9:e9233fc6ee,confirm,matches the stated cluster/well/era and statistic in the attributed key/column.,,report9 part 1,nw9 · C5 · n = 239 [03_15_per_well_window_sensitivity.csv]
report9:3214fd4a6e,confirm,matches the stated cluster/well/era and statistic in the attributed key/column.,,report9 part 1,nw9 · C5 · Cluster = 5 [03_15_per_well_window_sensitivity.csv]
report9:8d9b360647,confirm,matches the stated cluster/well/era and statistic in the attributed key/column.,,report9 part 1,C5 (Coastal Forest) · beta_1_recharge · 03_03_cluster_mechanistic_coefficients.csv · committed 2.4279466911633154 · index confirmed
report9:191bc68c09,confirm,matches the stated cluster/well/era and statistic in the attributed key/column.,,report9 part 1,C5 (Coastal Forest) · beta_2_atmospheric_draw · 03_03_cluster_mechanistic_coefficients.csv · committed 1.2743092283961304 · index confirmed
report9:fd15c0ba54,confirm,matches the stated cluster/well/era and statistic in the attributed key/column.,,report9 part 1,well · C4 · beta_3_B = 0.0454642 [03_16_model_b_persistence.csv]
report9:627b809ee8,confirm,matches the stated cluster/well/era and statistic in the attributed key/column.,,report9 part 1,C5 (Coastal Forest) / full_record · LCSC_percent · 03_14_centroid_window_sensitivity.csv · committed 41.18706574734821 · index proposed
report9:5676289008,confirm,matches the stated cluster/well/era and statistic in the attributed key/column.,,report9 part 1,C5 (Coastal Forest) / full_record · R2 · 03_14_centroid_window_sensitivity.csv · committed 0.6828076966269476 · index proposed
report9:0b00601e27,confirm,matches the stated cluster/well/era and statistic in the attributed key/column.,,report9 part 1,nw9 · C5 · window_months = 100 [03_15_per_well_window_sensitivity.csv]
report9:3721c12d48,confirm,matches the stated cluster/well/era and statistic in the attributed key/column.,,report9 part 1,nw9 · C5 · Cluster = 5 [03_15_per_well_window_sensitivity.csv]
report9:6dc092d777,confirm,matches the stated cluster/well/era and statistic in the attributed key/column.,,report9 part 1,min of beta_1_recharge · beta_1_recharge = 2.25013 [03_14_centroid_window_sensitivity.csv]
report9:7d1edd4ea1,confirm,matches the stated cluster/well/era and statistic in the attributed key/column.,,report9 part 1,5 · C5 · beta_2_atmospheric_draw = 1.05593 [03_14_centroid_window_sensitivity.csv]
report9:e7d9818f3b,confirm,matches the stated cluster/well/era and statistic in the attributed key/column.,,report9 part 1,well · C5 · beta_3_A = 0.0437813 [03_16_model_b_persistence.csv]
report9:fba53a91d3,confirm,matches the stated cluster/well/era and statistic in the attributed key/column.,,report9 part 1,C5 (Coastal Forest) / comparison_window · LCSC_percent · 03_14_centroid_window_sensitivity.csv · committed 44.44190533557744 · index proposed
report9:9c314d6aca,confirm,matches the stated cluster/well/era and statistic in the attributed key/column.,,report9 part 1,C5 (Coastal Forest) / comparison_window · R2 · 03_14_centroid_window_sensitivity.csv · committed 0.7151566823377857 · index proposed
report9:b202555229,confirm,matches the stated cluster/well/era and statistic in the attributed key/column.,,report9 part 1,DRAINAGE_DATUM = 3.7 [config.py]
report9:827531a08e,confirm,matches the stated cluster/well/era and statistic in the attributed key/column.,,report9 part 1,LCSC_DATA_LIMIT = 100 [config.py]
report9:0f2af61a78,deny,sentence's '10 cm' is the LCSC reporting convention; key is an unrelated map-figure point count.,no specific CSV cell; editorial convention of the LCSC definition (100/beta_1 mm per 10cm rise),report9 part 1,located_points_not_shown = 10 [12_report_numbers.csv]
report9:717dfb705f,confirm,matches the stated cluster/well/era and statistic in the attributed key/column.,,report9 part 1,4 · C4 · pvalue_beta_3 = 0.251229 [03_14_centroid_window_sensitivity.csv]
report9:dba6312a37,confirm,matches the stated cluster/well/era and statistic in the attributed key/column.,,report9 part 1,ceh26 · C1 · beta_1_recharge = 4.2687 [03_15_per_well_window_sensitivity.csv]
report9:bd1339bdf6,confirm,matches the stated cluster/well/era and statistic in the attributed key/column.,,report9 part 1,C1 max of beta_1_recharge · beta_1_recharge = 6.2395 [03_15_per_well_window_sensitivity.csv]
report9:15ca99bdf9,confirm,matches the stated cluster/well/era and statistic in the attributed key/column.,,report9 part 1,ceh6 · C1 · beta_2_atmospheric_draw = -0.387968 [03_15_per_well_window_sensitivity.csv]
report9:3c4381ada2,confirm,matches the stated cluster/well/era and statistic in the attributed key/column.,,report9 part 1,ceh5 · C1 · beta_2_atmospheric_draw = 1.27589 [03_15_per_well_window_sensitivity.csv]
report9:96ebd23421,confirm,matches the stated cluster/well/era and statistic in the attributed key/column.,,report9 part 1,ceh26 · C1 · beta_3_drainage = 0.0871743 [03_15_per_well_window_sensitivity.csv]
report9:29130f8b62,confirm,matches the stated cluster/well/era and statistic in the attributed key/column.,,report9 part 1,ceh25 · C1 · beta_3_drainage = 0.133793 [03_15_per_well_window_sensitivity.csv]
report9:972bb4ca28,confirm,matches the stated cluster/well/era and statistic in the attributed key/column.,,report9 part 1,2 · C2 · n_wells = 24 [03_02_cluster_summary_table.csv]
report9:62c047f47e,confirm,matches the stated cluster/well/era and statistic in the attributed key/column.,,report9 part 1,C2 min of beta_1_recharge · beta_1_recharge = 3.35443 [03_15_per_well_window_sensitivity.csv]
report9:36095d58da,confirm,matches the stated cluster/well/era and statistic in the attributed key/column.,,report9 part 1,T41a · C2 · beta_1_recharge = 5.52478 [03_15_per_well_window_sensitivity.csv]
report9:4adb5662f0,confirm,matches the stated cluster/well/era and statistic in the attributed key/column.,,report9 part 1,nw4b · C2 · beta_2_atmospheric_draw = 1.1295 [03_15_per_well_window_sensitivity.csv]
report9:000ae3d46d,confirm,matches the stated cluster/well/era and statistic in the attributed key/column.,,report9 part 1,L7 · C2 · beta_2_atmospheric_draw = 2.56093 [03_15_per_well_window_sensitivity.csv]
report9:3e19ef86dd,confirm,matches the stated cluster/well/era and statistic in the attributed key/column.,,report9 part 1,ceh14 · C4 · pvalue_beta_3_at_max = 0.0545312 [03_09_well_optimal_datums.csv]
report9:e8db7af713,confirm,matches the stated cluster/well/era and statistic in the attributed key/column.,,report9 part 1,d38 · C2 · beta_3_at_uniform = 0.108089 [03_09_well_optimal_datums.csv]
report9:2224872a16,confirm,matches the stated cluster/well/era and statistic in the attributed key/column.,,report9 part 1,C3 min of beta_1_recharge · beta_1_recharge = 2.33478 [03_15_per_well_window_sensitivity.csv]
report9:70cca59291,confirm,matches the stated cluster/well/era and statistic in the attributed key/column.,,report9 part 1,C3 max of beta_1_recharge · beta_1_recharge = 4.8415 [03_15_per_well_window_sensitivity.csv]
report9:148d453b0c,confirm,matches the stated cluster/well/era and statistic in the attributed key/column.,,report9 part 1,ceh36 · C3 · beta_2_atmospheric_draw = 0.907807 [03_15_per_well_window_sensitivity.csv]
report9:e11a3ea47e,confirm,matches the stated cluster/well/era and statistic in the attributed key/column.,,report9 part 1,ceh1 · C3 · beta_2_atmospheric_draw = 2.2302 [03_15_per_well_window_sensitivity.csv]
report9:4cf684bc3b,confirm,matches the stated cluster/well/era and statistic in the attributed key/column.,,report9 part 1,ceh24 · C2 · R2_gain_max_vs_uniform = 0.033264 [03_09_well_optimal_datums.csv]
report9:6877762c2e,confirm,matches the stated cluster/well/era and statistic in the attributed key/column.,,report9 part 1,ceh21 · C3 · beta_3_at_max = 0.1008 [03_09_well_optimal_datums.csv]
report9:1762613ecc,confirm,matches the stated cluster/well/era and statistic in the attributed key/column.,,report9 part 1,4 · C4 · n_wells = 9 [03_05_bootstrap_ci.csv]
report9:ddc3b962bd,confirm,matches the stated cluster/well/era and statistic in the attributed key/column.,,report9 part 1,β₁_recharge · C4_min = 2.069 [10c_forest_zone_cluster_summary.csv]
report9:73c4ff1de9,confirm,matches the stated cluster/well/era and statistic in the attributed key/column.,,report9 part 1,β₁_recharge · C4_max = 3.481 [10c_forest_zone_cluster_summary.csv]
report9:bd14015e83,confirm,matches the stated cluster/well/era and statistic in the attributed key/column.,,report9 part 1,ceh20 · C4 · beta_2_atmospheric_draw = 2.0382 [03_15_per_well_window_sensitivity.csv]
report9:ecb7506166,confirm,matches the stated cluster/well/era and statistic in the attributed key/column.,,report9 part 1,ceh14 · C4 · beta_2_atmospheric_draw = 3.82751 [03_15_per_well_window_sensitivity.csv]
report9:bc62e99121,confirm,matches the stated cluster/well/era and statistic in the attributed key/column.,,report9 part 1,ceh14 · C4 · beta_3_at_uniform = -0.0206693 [03_09_well_optimal_datums.csv]
report9:c51c2588a2,confirm,matches the stated cluster/well/era and statistic in the attributed key/column.,,report9 part 1,ceh1 · C3 · upstand_m = 0.04 [03_09_well_optimal_datums.csv]
report9:365af7ebf6,confirm,matches the stated cluster/well/era and statistic in the attributed key/column.,,report9 part 1,min of n_wells · n_wells = 5 [03_05_bootstrap_ci.csv]
report9:9fced4ef57,confirm,matches the stated cluster/well/era and statistic in the attributed key/column.,,report9 part 1,ceh17 · C5 · beta_1_recharge = 2.06201 [03_15_per_well_window_sensitivity.csv]
report9:9b7e8a1bdd,confirm,matches the stated cluster/well/era and statistic in the attributed key/column.,,report9 part 1,nw9 · C5 · beta_1_recharge = 2.75349 [03_15_per_well_window_sensitivity.csv]
report9:b70e3d2d39,confirm,matches the stated cluster/well/era and statistic in the attributed key/column.,,report9 part 1,ceh27 · C1 · beta_2_atmospheric_draw = 0.7972 [03_15_per_well_window_sensitivity.csv]
report9:52e5cdceb5,confirm,matches the stated cluster/well/era and statistic in the attributed key/column.,,report9 part 1,ceh16 · C5 · beta_2_atmospheric_draw = 1.38445 [03_15_per_well_window_sensitivity.csv]
report9:bf987f6cc8,confirm,matches the stated cluster/well/era and statistic in the attributed key/column.,,report9 part 1,ceh16 · C5 · beta_3_drainage = 0.0382279 [03_15_per_well_window_sensitivity.csv]
report9:75703988ba,confirm,matches the stated cluster/well/era and statistic in the attributed key/column.,,report9 part 1,ceh17 · C5 · beta_3_drainage = 0.0572431 [03_15_per_well_window_sensitivity.csv]
report9:fbbc2ebd13,confirm,matches the stated cluster/well/era and statistic in the attributed key/column.,,report9 part 1,C1 (Lake Edge) · Recharge_m_month · 16_water_bal_table.csv · committed 0.340408 · index proposed
report9:6cc2f3cb74,confirm,matches the stated cluster/well/era and statistic in the attributed key/column.,,report9 part 1,C2 (Dune) · Recharge_m_month = 0.295306 [16_water_bal_table.csv]
report9:213228a7ad,confirm,matches the stated cluster/well/era and statistic in the attributed key/column.,,report9 part 1,C3 (Western Residual) · Total_loss_m_month · 16_water_bal_table.csv · committed 0.265114 · index proposed
report9:3607f2a8ae,confirm,matches the stated cluster/well/era and statistic in the attributed key/column.,,report9 part 1,C5 (Coastal Forest) · Recharge_m_month · 16_water_bal_table.csv · committed 0.18038 · index proposed
report9:7268a15255,confirm,matches the stated cluster/well/era and statistic in the attributed key/column.,,report9 part 1,C5 (Coastal Forest) · Total_loss_m_month · 16_water_bal_table.csv · committed 0.183665 · index proposed
report9:495cdff0dc,confirm,matches the stated cluster/well/era and statistic in the attributed key/column.,,report9 part 1,C1 (Lake Edge) · SSM_drain_frac = 0.8534 [16_water_bal_rec_table.csv] as %
report9:0b92770638,confirm,matches the stated cluster/well/era and statistic in the attributed key/column.,,report9 part 1,C4 (Main Forest) · SSM_drain_frac = 0.2388 [16_water_bal_rec_table.csv] as %
report9:a5acb560e1,confirm,matches the stated cluster/well/era and statistic in the attributed key/column.,,report9 part 1,C2 (Dune) · SSM_drain_frac = 0.6829 [16_water_bal_rec_table.csv] as %
report9:c764fe61b7,confirm,matches the stated cluster/well/era and statistic in the attributed key/column.,,report9 part 1,C2 (Dune) · SSM_ET_frac = 0.3171 [16_water_bal_rec_table.csv] as %
report9:7e76277382,confirm,matches the stated cluster/well/era and statistic in the attributed key/column.,,report9 part 1,C3 (Western Residual) · SSM_drain_frac = 0.6293 [16_water_bal_rec_table.csv] as %
report9:13ffca48b9,confirm,matches the stated cluster/well/era and statistic in the attributed key/column.,,report9 part 1,C3 (Western Residual) · SSM_ET_frac = 0.3707 [16_water_bal_rec_table.csv] as %
report9:1c43aa7853,confirm,matches the stated cluster/well/era and statistic in the attributed key/column.,,report9 part 1,C5 (Coastal Forest) · SSM_drain_frac = 0.6223 [16_water_bal_rec_table.csv] as %
report9:b56948abc6,confirm,matches the stated cluster/well/era and statistic in the attributed key/column.,,report9 part 1,C5 (Coastal Forest) · SSM_ET_frac = 0.3777 [16_water_bal_rec_table.csv] as %
report9:656812d2f5,confirm,matches the stated cluster/well/era and statistic in the attributed key/column.,,report9 part 1,C1 (Lake Edge) · LCSC_percent = 21.8413 [03_03_cluster_mechanistic_coefficients.csv]
report9:790936a82a,confirm,matches the stated cluster/well/era and statistic in the attributed key/column.,,report9 part 1,C1 (Lake Edge) · Recharge_m_month = 0.340408 [16_water_bal_table.csv]
report9:c1f7a159ff,confirm,matches the stated cluster/well/era and statistic in the attributed key/column.,,report9 part 1,C1 (Lake Edge) · ET_draw_m_month = 0.050496 [16_water_bal_table.csv]
report9:3a63a33d15,confirm,matches the stated cluster/well/era and statistic in the attributed key/column.,,report9 part 1,C1 (Lake Edge) · Drainage_m_month · 16_water_bal_table.csv · committed 0.294048 · index proposed
report9:57cc67ed45,confirm,matches the stated cluster/well/era and statistic in the attributed key/column.,,report9 part 1,C1 (Lake Edge) · Total_loss_m_month · 16_water_bal_table.csv · committed 0.344544 · index proposed
report9:70dbd2a3cd,confirm,matches the stated cluster/well/era and statistic in the attributed key/column.,,report9 part 1,C1 (Lake Edge) · Residual_m_month = -0.004135 [16_water_bal_table.csv]
report9:e0598651d2,confirm,matches the stated cluster/well/era and statistic in the attributed key/column.,,report9 part 1,C2 (Dune) · LCSC_percent = 25.1758 [03_03_cluster_mechanistic_coefficients.csv]
report9:e52ebfc8c6,confirm,matches the stated cluster/well/era and statistic in the attributed key/column.,,report9 part 1,C2 (Dune) · Recharge_m_month · 16_water_bal_table.csv · committed 0.295306 · index proposed
report9:c7d252f93d,confirm,matches the stated cluster/well/era and statistic in the attributed key/column.,,report9 part 1,C2 (Dune) · ET_draw_m_month = 0.094601 [16_water_bal_table.csv]
report9:f3a9307af2,confirm,matches the stated cluster/well/era and statistic in the attributed key/column.,,report9 part 1,C2 (Dune) · Drainage_m_month · 16_water_bal_table.csv · committed 0.20371 · index proposed
report9:518340479a,confirm,matches the stated cluster/well/era and statistic in the attributed key/column.,,report9 part 1,C2 (Dune) · Total_loss_m_month = 0.298311 [16_water_bal_table.csv]
report9:d26d2b4e02,confirm,matches the stated cluster/well/era and statistic in the attributed key/column.,,report9 part 1,C2 (Dune) · Residual_m_month = -0.003005 [16_water_bal_table.csv]
report9:69d010131d,confirm,matches the stated cluster/well/era and statistic in the attributed key/column.,,report9 part 1,C3 (Western Residual) · LCSC_percent = 27.9889 [03_03_cluster_mechanistic_coefficients.csv]
report9:005cb89bc2,confirm,matches the stated cluster/well/era and statistic in the attributed key/column.,,report9 part 1,C3 (Western Residual) · Recharge_m_month = 0.265326 [16_water_bal_table.csv]
report9:fec3711b71,confirm,matches the stated cluster/well/era and statistic in the attributed key/column.,,report9 part 1,C3 (Western Residual) · ET_draw_m_month = 0.098289 [16_water_bal_table.csv]
report9:acf03db105,confirm,matches the stated cluster/well/era and statistic in the attributed key/column.,,report9 part 1,C3 (Western Residual) · Drainage_m_month · 16_water_bal_table.csv · committed 0.166825 · index proposed
report9:a5b76a19ed,confirm,matches the stated cluster/well/era and statistic in the attributed key/column.,,report9 part 1,C3 (Western Residual) · Recharge_m_month = 0.265326 [16_water_bal_table.csv]
report9:38ee2dce17,confirm,matches the stated cluster/well/era and statistic in the attributed key/column.,,report9 part 1,C3 (Western Residual) · Residual_m_month = 0.000212 [16_water_bal_table.csv]
report9:dffbfe5c85,confirm,matches the stated cluster/well/era and statistic in the attributed key/column.,,report9 part 1,C4 (Main Forest) · LCSC_percent = 40.3703 [03_03_cluster_mechanistic_coefficients.csv]
report9:ab836f55c3,confirm,matches the stated cluster/well/era and statistic in the attributed key/column.,,report9 part 1,C4 (Main Forest) · Recharge_m_month = 0.184169 [16_water_bal_table.csv]
report9:66dc4204ea,confirm,matches the stated cluster/well/era and statistic in the attributed key/column.,,report9 part 1,C4 (Main Forest) · ET_draw_m_month · 16_water_bal_table.csv · committed 0.14022 · index proposed
report9:fc4ef9751d,confirm,matches the stated cluster/well/era and statistic in the attributed key/column.,,report9 part 1,C4 (Main Forest) · Drainage_m_month = 0.043985 [16_water_bal_table.csv]
report9:9a4651788d,confirm,matches the stated cluster/well/era and statistic in the attributed key/column.,,report9 part 1,C4 (Main Forest) · Recharge_m_month = 0.184169 [16_water_bal_table.csv]
report9:1ec73b3c88,confirm,matches the stated cluster/well/era and statistic in the attributed key/column.,,report9 part 1,C4 (Main Forest) · Residual_m_month = -3.7e-05 [16_water_bal_table.csv]
report9:657e5b33a3,confirm,matches the stated cluster/well/era and statistic in the attributed key/column.,,report9 part 1,C5 (Coastal Forest) · LCSC_percent = 41.1871 [03_03_cluster_mechanistic_coefficients.csv]
report9:95bada9f36,confirm,matches the stated cluster/well/era and statistic in the attributed key/column.,,report9 part 1,C5 (Coastal Forest) · Recharge_m_month = 0.18038 [16_water_bal_table.csv]
report9:f8b79d8f76,confirm,matches the stated cluster/well/era and statistic in the attributed key/column.,,report9 part 1,C5 (Coastal Forest) · ET_draw_m_month = 0.069368 [16_water_bal_table.csv]
report9:b247b2741f,confirm,matches the stated cluster/well/era and statistic in the attributed key/column.,,report9 part 1,C5 (Coastal Forest) · Drainage_m_month · 16_water_bal_table.csv · committed 0.114297 · index proposed
report9:f649d5c734,confirm,matches the stated cluster/well/era and statistic in the attributed key/column.,,report9 part 1,C5 (Coastal Forest) · Total_loss_m_month = 0.183665 [16_water_bal_table.csv]
report9:ad957b65fa,confirm,matches the stated cluster/well/era and statistic in the attributed key/column.,,report9 part 1,C2 (Dune) · Residual_m_month = -0.003005 [16_water_bal_table.csv]
report9:c66a8b3476,confirm,matches the stated cluster/well/era and statistic in the attributed key/column.,,report9 part 1,DRAINAGE_DATUM = 3.7 [config.py]
report9:0cfd744422,confirm,matches the stated cluster/well/era and statistic in the attributed key/column.,,report9 part 1,max of PET_mean_m_month · PET_mean_m_month = 0.054718 [16_water_bal_table.csv] as mm
report9:af38ff7423,confirm,matches the stated cluster/well/era and statistic in the attributed key/column.,,report9 part 1,ceh20 · C4 · optimal_datum_primary = 1.3 [03_09_well_optimal_datums.csv]
report9:5277c44d3e,confirm,matches the stated cluster/well/era and statistic in the attributed key/column.,,report9 part 1,C3 (Western Residual) · Rec_drain_frac = 0.6422 [16_water_bal_rec_table.csv]
report9:d9af862142,confirm,matches the stated cluster/well/era and statistic in the attributed key/column.,,report9 part 1,C3 (Western Residual) · SSM_drain_frac = 0.6293 [16_water_bal_rec_table.csv]
report9:9f0a7511d7,confirm,matches the stated cluster/well/era and statistic in the attributed key/column.,,report9 part 1,C5 (Coastal Forest) · Rec_drain_frac = 0.7363 [16_water_bal_rec_table.csv]
report9:39c5f4030e,confirm,matches the stated cluster/well/era and statistic in the attributed key/column.,,report9 part 1,C5 (Coastal Forest) · SSM_drain_frac = 0.6223 [16_water_bal_rec_table.csv]
report9:8d6e75b17e,confirm,matches the stated cluster/well/era and statistic in the attributed key/column.,,report9 part 1,C4 (Main Forest) · SSM_drain_frac = 0.2388 [16_water_bal_rec_table.csv]
report9:98ae0c93b0,confirm,matches the stated cluster/well/era and statistic in the attributed key/column.,,report9 part 1,C4 (Main Forest) · Rec_drain_frac = 0.4935 [16_water_bal_rec_table.csv]
report9:1e56d5def4,confirm,matches the stated cluster/well/era and statistic in the attributed key/column.,,report9 part 1,C1 (Lake Edge) · Winter_dh_mm_month = -98.0265 [16_water_bal_rec_table.csv]
report9:ffe14fbd6b,confirm,matches the stated cluster/well/era and statistic in the attributed key/column.,,report9 part 1,C1 (Lake Edge) · Summer_dh_mm_month = -162.733 [16_water_bal_rec_table.csv]
report9:ad0b293182,confirm,matches the stated cluster/well/era and statistic in the attributed key/column.,,report9 part 1,C1 (Lake Edge) · ET_mm_month = 64.7065 [16_water_bal_rec_table.csv]
report9:50d0dc7c8e,confirm,matches the stated cluster/well/era and statistic in the attributed key/column.,,report9 part 1,1 · C1 · N_winter = 27 [16_water_bal_rec_table.csv]
report9:986db897f5,confirm,matches the stated cluster/well/era and statistic in the attributed key/column.,,report9 part 1,1 · C1 · N_summer = 50 [16_water_bal_rec_table.csv]
report9:5fb837f1f9,confirm,matches the stated cluster/well/era and statistic in the attributed key/column.,,report9 part 1,1 · C1 · Rec_drain_frac = 0.6024 [16_water_bal_rec_table.csv]
report9:1882ec5b80,confirm,matches the stated cluster/well/era and statistic in the attributed key/column.,,report9 part 1,1 · C1 · SSM_drain_frac = 0.8534 [16_water_bal_rec_table.csv]
report9:cdf83649b0,confirm,matches the stated cluster/well/era and statistic in the attributed key/column.,,report9 part 1,C2 (Dune) · Winter_dh_mm_month = -75.4578 [16_water_bal_rec_table.csv]
report9:74116e0755,confirm,matches the stated cluster/well/era and statistic in the attributed key/column.,,report9 part 1,C2 (Dune) · Summer_dh_mm_month = -160.813 [16_water_bal_rec_table.csv]
report9:19699c5ba3,confirm,matches the stated cluster/well/era and statistic in the attributed key/column.,,report9 part 1,C2 (Dune) · ET_mm_month = 85.3548 [16_water_bal_rec_table.csv]
report9:f2039ce9de,confirm,matches the stated cluster/well/era and statistic in the attributed key/column.,,report9 part 1,2 · C2 · N_winter = 19 [16_water_bal_rec_table.csv]
report9:e02c721d8d,confirm,matches the stated cluster/well/era and statistic in the attributed key/column.,,report9 part 1,2 · C2 · N_summer = 54 [16_water_bal_rec_table.csv]
report9:fa929cba34,confirm,matches the stated cluster/well/era and statistic in the attributed key/column.,,report9 part 1,2 · C2 · Rec_drain_frac = 0.4692 [16_water_bal_rec_table.csv]
report9:a332af1c1e,confirm,matches the stated cluster/well/era and statistic in the attributed key/column.,,report9 part 1,2 · C2 · SSM_drain_frac = 0.6829 [16_water_bal_rec_table.csv]
report9:cb5afdbd91,confirm,matches the stated cluster/well/era and statistic in the attributed key/column.,,report9 part 1,C3 (Western Residual) · Winter_dh_mm_month = -84.7656 [16_water_bal_rec_table.csv]
report9:fbfd2ee613,confirm,matches the stated cluster/well/era and statistic in the attributed key/column.,,report9 part 1,C3 (Western Residual) · Summer_dh_mm_month = -131.993 [16_water_bal_rec_table.csv]
report9:13ceac0b4e,confirm,matches the stated cluster/well/era and statistic in the attributed key/column.,,report9 part 1,C3 (Western Residual) · ET_mm_month = 47.2268 [16_water_bal_rec_table.csv]
report9:b5cd22708c,confirm,matches the stated cluster/well/era and statistic in the attributed key/column.,,report9 part 1,3 · C3 · N_winter = 18 [16_water_bal_rec_table.csv]
report9:8ca1782a1c,confirm,matches the stated cluster/well/era and statistic in the attributed key/column.,,report9 part 1,3 · C3 · N_summer = 61 [16_water_bal_rec_table.csv]
report9:a1c80f7b20,confirm,matches the stated cluster/well/era and statistic in the attributed key/column.,,report9 part 1,C3 (Western Residual) · Rec_drain_frac = 0.6422 [16_water_bal_rec_table.csv]
report9:dad46964ed,confirm,matches the stated cluster/well/era and statistic in the attributed key/column.,,report9 part 1,1 external / ANOVA / Kruskal / distance to coast · statistic = 0.629 [31_validation_summary.csv]
report9:1961038d2e,deny,table row repeats C3's drainage fraction; primary key is an unrelated ANOVA/Kruskal statistic (tool's own runner-up is correct).,C3 SSM_drain_frac=0.6293 [16_water_bal_rec_table.csv],report9 part 1,C4 (Main Forest) · Winter_dh_mm_month = -62.4016 [16_water_bal_rec_table.csv]
report9:6fb6ea3abf,confirm,matches the stated cluster/well/era and statistic in the attributed key/column.,,report9 part 1,C4 (Main Forest) · Summer_dh_mm_month = -126.439 [16_water_bal_rec_table.csv]
report9:d523f171c4,confirm,matches the stated cluster/well/era and statistic in the attributed key/column.,,report9 part 1,C4 (Main Forest) · ET_mm_month = 64.0377 [16_water_bal_rec_table.csv]
report9:25e95138a4,confirm,matches the stated cluster/well/era and statistic in the attributed key/column.,,report9 part 1,C4 (Main Forest) · N_winter = 16 [16_water_bal_rec_table.csv]
report9:c29032718a,confirm,matches the stated cluster/well/era and statistic in the attributed key/column.,,report9 part 1,C4 (Main Forest) · N_summer = 72 [16_water_bal_rec_table.csv]
report9:ad3580226b,confirm,matches the stated cluster/well/era and statistic in the attributed key/column.,,report9 part 1,C4 (Main Forest) · Rec_drain_frac = 0.4935 [16_water_bal_rec_table.csv]
report9:0b91efd59f,confirm,matches the stated cluster/well/era and statistic in the attributed key/column.,,report9 part 1,C4 (Main Forest) · SSM_drain_frac = 0.2388 [16_water_bal_rec_table.csv]
report9:62995fb77d,confirm,matches the stated cluster/well/era and statistic in the attributed key/column.,,report9 part 1,C5 (Coastal Forest) · Winter_dh_mm_month = -68.2826 [16_water_bal_rec_table.csv]
report9:dd7e5d7323,confirm,matches the stated cluster/well/era and statistic in the attributed key/column.,,report9 part 1,C5 (Coastal Forest) · Summer_dh_mm_month = -92.7371 [16_water_bal_rec_table.csv]
report9:17608ce26f,confirm,matches the stated cluster/well/era and statistic in the attributed key/column.,,report9 part 1,C5 (Coastal Forest) · ET_mm_month = 24.4545 [16_water_bal_rec_table.csv]
report9:3485a9c3f7,confirm,matches the stated cluster/well/era and statistic in the attributed key/column.,,report9 part 1,C5 (Coastal Forest) · N_winter = 22 [16_water_bal_rec_table.csv]
report9:86f4f132e1,confirm,matches the stated cluster/well/era and statistic in the attributed key/column.,,report9 part 1,C5 (Coastal Forest) · N_summer = 67 [16_water_bal_rec_table.csv]
report9:82ac0b0b3b,confirm,matches the stated cluster/well/era and statistic in the attributed key/column.,,report9 part 1,C5 (Coastal Forest) · Rec_drain_frac = 0.7363 [16_water_bal_rec_table.csv]
report9:f09a88cc75,confirm,matches the stated cluster/well/era and statistic in the attributed key/column.,,report9 part 1,C5 (Coastal Forest) · SSM_drain_frac = 0.6223 [16_water_bal_rec_table.csv]
report9:2e7e9e1ce3,confirm,matches the stated cluster/well/era and statistic in the attributed key/column.,,report9 part 1,max of N_winter · N_winter = 27 [16_water_bal_rec_table.csv]
report9:06524bd56e,confirm,matches the stated cluster/well/era and statistic in the attributed key/column.,,report9 part 1,C1 (Lake Edge) · N_summer = 50 [16_water_bal_rec_table.csv]
report9:689cef82af,confirm,matches the stated cluster/well/era and statistic in the attributed key/column.,,report9 part 1,C4 (Main Forest) · N_summer = 72 [16_water_bal_rec_table.csv]
report9:e7bf004ab1,confirm,matches the stated cluster/well/era and statistic in the attributed key/column.,,report9 part 1,C4 (Main Forest) · I_mm_yr = 214.1 [16_water_bal_vol_table.csv]
report9:80c2dad0c1,deny,"sentence names canopy interception (Freeman 2008), the FOREST_INTERCEPTION constant; key is C4's drainage-loss fraction, which happens to round the same (both ~24%).",FOREST_INTERCEPTION=0.24 [config.py],report9 part 1,C4 (Main Forest) · SSM_drain_frac = 0.2388 [16_water_bal_rec_table.csv] as %
report9:5867751a24,confirm,matches the stated cluster/well/era and statistic in the attributed key/column.,,report9 part 1,1 · C1 · P_net_mm_yr = 892.2 [16_water_bal_vol_table.csv]
report9:7fb03aafc1,confirm,matches the stated cluster/well/era and statistic in the attributed key/column.,,report9 part 1,1 · C1 · P_net_mm_yr = 892.2 [16_water_bal_vol_table.csv]
report9:ae87ae9a8c,confirm,matches the stated cluster/well/era and statistic in the attributed key/column.,,report9 part 1,1 · C1 · ET_mid_mm_yr = 242.8 [16_water_bal_vol_table.csv]
report9:7804b45cd7,confirm,matches the stated cluster/well/era and statistic in the attributed key/column.,,report9 part 1,1 · C1 · Drain_mid_mm_yr = 649.4 [16_water_bal_vol_table.csv]
report9:5d263cb1cb,confirm,matches the stated cluster/well/era and statistic in the attributed key/column.,,report9 part 1,C2 (Dune) · P_mm_yr = 892.2 [16_water_bal_vol_table.csv]
report9:30bb719bc8,confirm,matches the stated cluster/well/era and statistic in the attributed key/column.,,report9 part 1,C2 (Dune) · P_mm_yr = 892.2 [16_water_bal_vol_table.csv]
report9:103cfe9ebe,confirm,matches the stated cluster/well/era and statistic in the attributed key/column.,,report9 part 1,C2 (Dune) · ET_mid_mm_yr = 378.2 [16_water_bal_vol_table.csv]
report9:cd6b4e8cd2,confirm,matches the stated cluster/well/era and statistic in the attributed key/column.,,report9 part 1,C2 (Dune) · Drain_mid_mm_yr = 514 [16_water_bal_vol_table.csv]
report9:d213498dfe,confirm,matches the stated cluster/well/era and statistic in the attributed key/column.,,report9 part 1,C3 (Western Residual) · P_mm_yr = 892.2 [16_water_bal_vol_table.csv]
report9:3064d3d8aa,confirm,matches the stated cluster/well/era and statistic in the attributed key/column.,,report9 part 1,C3 (Western Residual) · P_mm_yr = 892.2 [16_water_bal_vol_table.csv]
report9:0e68bb3a47,confirm,matches the stated cluster/well/era and statistic in the attributed key/column.,,report9 part 1,C3 (Western Residual) · ET_mid_mm_yr = 325 [16_water_bal_vol_table.csv]
report9:238476755c,confirm,matches the stated cluster/well/era and statistic in the attributed key/column.,,report9 part 1,C3 (Western Residual) · Drain_mid_mm_yr = 567.2 [16_water_bal_vol_table.csv]
report9:d556dc1e91,confirm,matches the stated cluster/well/era and statistic in the attributed key/column.,,report9 part 1,C4 (Main Forest) · P_mm_yr = 892.2 [16_water_bal_vol_table.csv]
report9:0387dfb25d,confirm,matches the stated cluster/well/era and statistic in the attributed key/column.,,report9 part 1,5 · C5 · I_mm_yr = 214.1 [16_water_bal_vol_table.csv]
report9:2108951845,confirm,matches the stated cluster/well/era and statistic in the attributed key/column.,,report9 part 1,5 · C5 · P_net_mm_yr = 678.1 [16_water_bal_vol_table.csv]
report9:8c37b53881,confirm,matches the stated cluster/well/era and statistic in the attributed key/column.,,report9 part 1,C4 (Main Forest) · ET_mid_mm_yr = 429.8 [16_water_bal_vol_table.csv]
report9:d6d279c228,confirm,matches the stated cluster/well/era and statistic in the attributed key/column.,,report9 part 1,C4 (Main Forest) · Drain_mid_mm_yr = 248.3 [16_water_bal_vol_table.csv]
report9:44e672e73b,confirm,matches the stated cluster/well/era and statistic in the attributed key/column.,,report9 part 1,C5 (Coastal Forest) · P_mm_yr = 892.2 [16_water_bal_vol_table.csv]
report9:cd2a296d35,confirm,matches the stated cluster/well/era and statistic in the attributed key/column.,,report9 part 1,5 · C5 · I_mm_yr = 214.1 [16_water_bal_vol_table.csv]
report9:6f02130189,confirm,matches the stated cluster/well/era and statistic in the attributed key/column.,,report9 part 1,5 · C5 · P_net_mm_yr = 678.1 [16_water_bal_vol_table.csv]
report9:11e78b10d3,confirm,matches the stated cluster/well/era and statistic in the attributed key/column.,,report9 part 1,C5 (Coastal Forest) · ET_mid_mm_yr = 217.5 [16_water_bal_vol_table.csv]
report9:42d3fc3583,confirm,matches the stated cluster/well/era and statistic in the attributed key/column.,,report9 part 1,C5 (Coastal Forest) · Drain_mid_mm_yr = 460.6 [16_water_bal_vol_table.csv]
report9:a256e95f9d,deny,"sentence names canopy interception (Freeman 2008), the FOREST_INTERCEPTION constant; key is C4's drainage-loss fraction, which happens to round the same (both ~24%).",FOREST_INTERCEPTION=0.24 [config.py],report9 part 1,C4 (Main Forest) · SSM_drain_frac = 0.2388 [16_water_bal_rec_table.csv] as %
report9:4830f570a3,confirm,matches the stated cluster/well/era and statistic in the attributed key/column.,,report9 part 1,4 · C4 · PET_mean_m_month = 0.054718 [16_water_bal_table.csv] as mm
report9:50b8012d6e,confirm,matches the stated cluster/well/era and statistic in the attributed key/column.,,report9 part 1,DRAINAGE_DATUM = 3.7 [config.py]
report9:7ca3e9eb61,confirm,matches the stated cluster/well/era and statistic in the attributed key/column.,,report9 part 1,C4 (Main Forest) · P_mm_yr = 892.2 [16_water_bal_vol_table.csv]
report9:4c5fb2bace,confirm,matches the stated cluster/well/era and statistic in the attributed key/column.,,report9 part 1,C4 (Main Forest) · I_mm_yr = 214.1 [16_water_bal_vol_table.csv]
report9:4a4237150e,confirm,matches the stated cluster/well/era and statistic in the attributed key/column.,,report9 part 1,min of Sy_event_n · Sy_event_n = 35 [17_wtf_01_sy_estimates.csv]
report9:cfb2d3a1b0,deny,sentence's range sits within the registered Sy table; key is drawn from the unregistered interception-sweep file instead.,C4 (Main Forest) (corrected) Sy_event_n=62 [17_wtf_01_sy_estimates.csv],report9 part 1,0.24 · C4 · Sy_event_n = 62 [17_wtf_06_interception_sweep.csv]
report9:88803acb80,confirm,matches the stated cluster/well/era and statistic in the attributed key/column.,,report9 part 1,CANOPY_TEXTURE_WINDOW = 5 [config.py]
report9:2bf2a8ef4c,confirm,matches the stated cluster/well/era and statistic in the attributed key/column.,,report9 part 1,WTF_C_SY_MIN = 0.01 [config.py]
report9:a3912c057b,confirm,matches the stated cluster/well/era and statistic in the attributed key/column.,,report9 part 1,WTF_C_SY_MAX = 0.5 [config.py]
report9:e53d3ce006,confirm,matches the stated cluster/well/era and statistic in the attributed key/column.,,report9 part 1,CANOPY_GROUP_MIN_FRACTION = 0.6 [config.py] as %
report9:10ff22cacf,confirm,matches the stated cluster/well/era and statistic in the attributed key/column.,,report9 part 1,CANOPY_GROUP_MIN_FRACTION = 0.6 [config.py] as %
report9:513a530a30,confirm,matches the stated cluster/well/era and statistic in the attributed key/column.,,report9 part 1,ANCOVA_Climate_Impact_clearfell_step = -0.0146071 [10_consolidated_report_numbers.csv]
report9:824ac78ceb,deny,sentence is C1's unclipped-minus-clipped Sy shift; key is an unrelated BACI edge-step range.,derived: C1 Sy_event_median_unclipped minus Sy_event_median [17_wtf_01_sy_estimates.csv],report9 part 1,Spread_Climate_Edge_step_range = 0.0764291 [10_consolidated_report_numbers.csv]
report9:e322881738,deny,"sentence is C5's unclipped-minus-clipped Sy shift (0.605-0.355=+0.25); key is C5's Q25, a different statistic that happens to round close.",derived: C5 Sy_event_median_unclipped(0.605132) minus Sy_event_median(0.354758) [17_wtf_01_sy_estimates.csv],report9 part 1,C5 (Coastal Forest) (corrected) / True · Sy_event_Q25 = 0.247018 [17_wtf_01_sy_estimates.csv]
report9:c562edab77,confirm,matches the stated cluster/well/era and statistic in the attributed key/column.,,report9 part 1,C3 (Western Residual) · C3 · Sy_event_Q25 = 0.286085 [17_wtf_01_sy_estimates.csv]
report9:295b597596,confirm,matches the stated cluster/well/era and statistic in the attributed key/column.,,report9 part 1,C5 (Coastal Forest) · C5 · Sy_event_median_unclipped = 0.605132 [17_wtf_01_sy_estimates.csv]
report9:9c75c48364,confirm,matches the stated cluster/well/era and statistic in the attributed key/column.,,report9 part 1,C5 (Coastal Forest) · C5 · Sy_event_median_unclipped = 0.605132 [17_wtf_01_sy_estimates.csv]
report9:5aa2ba0d54,confirm,matches the stated cluster/well/era and statistic in the attributed key/column.,,report9 part 1,C1 (Lake Edge) / False · Sy_event_median · 17_wtf_01_sy_estimates.csv · committed 0.2101473195186863 · index confirmed
report9:171278d172,deny,"key is a Q75 value from an unrelated interception-fraction sweep row (F=0.38), not C5's own uncorrected median.",C5 Sy_event_median=0.357947 [17_wtf_01_sy_estimates.csv]; report's 0.355 is close (0.003 off) but this is not the right cell,report9 part 1,0.38 · C5 · Sy_event_Q75 = 0.354758 [17_wtf_06_interception_sweep.csv]
report9:414f01e6ba,deny,same wrong cell reused in the c4/c5 comparison sentence.,C5 Sy_event_median=0.357947 [17_wtf_01_sy_estimates.csv],report9 part 1,0.38 · C5 · Sy_event_Q75 = 0.354758 [17_wtf_06_interception_sweep.csv]
report9:c04c998103,confirm,matches the stated cluster/well/era and statistic in the attributed key/column.,,report9 part 1,0.38 · C5 · open_dune_min = 0.210147 [17_wtf_06_interception_sweep.csv]
report9:c9758d42b1,confirm,matches the stated cluster/well/era and statistic in the attributed key/column.,,report9 part 1,0.38 · C5 · open_dune_max = 0.327797 [17_wtf_06_interception_sweep.csv]
report9:9a1a88a9f6,deny,"sentence names canopy interception (Freeman 2008), the FOREST_INTERCEPTION constant; key is C4's drainage-loss fraction, which happens to round the same (both ~24%).",FOREST_INTERCEPTION=0.24 [config.py],report9 part 1,C4 (Main Forest) / False · Sy_rapid_CI_lo = 0.24487 [17_wtf_01_sy_estimates.csv] as %
report9:a3b71b6c6a,deny,"sentence names canopy interception (Freeman 2008), the FOREST_INTERCEPTION constant; key is C4's drainage-loss fraction, which happens to round the same (both ~24%).",FOREST_INTERCEPTION=0.24 [config.py],report9 part 1,C4 (Main Forest) / False · Sy_rapid_CI_lo = 0.24487 [17_wtf_01_sy_estimates.csv] as %
report9:79e9464b6c,confirm,matches the stated cluster/well/era and statistic in the attributed key/column.,,report9 part 1,C4 (Main Forest) (corrected) / True · Sy_event_median · 17_wtf_01_sy_estimates.csv · committed 0.2603047792679754 · index proposed
report9:725ececa2f,confirm,matches the stated cluster/well/era and statistic in the attributed key/column.,,report9 part 1,C5 (Coastal Forest) (corrected) / True · Sy_event_median · 17_wtf_01_sy_estimates.csv · committed 0.325808381145103 · index proposed
report9:72e02c64b8,confirm,matches the stated cluster/well/era and statistic in the attributed key/column.,,report9 part 1,C1 (Lake Edge) · C1 · Sy_event_median = 0.210147 [17_wtf_01_sy_estimates.csv]
report9:9559da1d87,confirm,matches the stated cluster/well/era and statistic in the attributed key/column.,,report9 part 1,C4 median of open_dune_max · open_dune_max = 0.327797 [17_wtf_06_interception_sweep.csv]
report9:b8554d3472,confirm,matches the stated cluster/well/era and statistic in the attributed key/column.,,report9 part 1,WTF_C_SY_MAX = 0.5 [config.py]
report9:8a45fd28a2,confirm,matches the stated cluster/well/era and statistic in the attributed key/column.,,report9 part 1,C1 (Lake Edge) / False · Sy_event_median = 0.210147 [17_wtf_01_sy_estimates.csv]
report9:1c4e9bf364,confirm,matches the stated cluster/well/era and statistic in the attributed key/column.,,report9 part 1,C2 (Dune) / False · Sy_rapid_median · 17_wtf_01_sy_estimates.csv · committed 0.2595266930014224 · index proposed
report9:6c708278a6,confirm,matches the stated cluster/well/era and statistic in the attributed key/column.,,report9 part 1,C3 (Western Residual) / False · Sy_event_median · 17_wtf_01_sy_estimates.csv · committed 0.3277971519067931 · index proposed
report9:c999bb1c86,confirm,matches the stated cluster/well/era and statistic in the attributed key/column.,,report9 part 1,C5 (Coastal Forest) (corrected) / True · Sy_event_median = 0.325808 [17_wtf_01_sy_estimates.csv]
report9:c0eb8bb055,confirm,matches the stated cluster/well/era and statistic in the attributed key/column.,,report9 part 1,C2 (Dune) / False · Sy_event_median · 17_wtf_01_sy_estimates.csv · committed 0.2687025619934025 · index proposed
report9:7feb588f17,confirm,matches the stated cluster/well/era and statistic in the attributed key/column.,,report9 part 1,WTF_C_SY_MIN = 0.01 [config.py]
report9:c827c8455d,confirm,sentence's figure matches WTF_C_SY_MAX = 0.5 [config.py],,report9 part 2,WTF_C_SY_MAX = 0.5 [config.py]
report9:c65866543f,deny,sentence is the Sy-ceiling censored fraction (39% c1 to 60% c5); key is an unrelated canopy-grouping constant that happens to equal 0.6,C5 (Coastal Forest) Sy_event_pct_censored = 59.77 [17_wtf_01_sy_estimates.csv],report9 part 2,CANOPY_GROUP_MIN_FRACTION = 0.6 [config.py] as %
report9:59da77c11b,deny,"sentence is the mean OLS/event-median Sy ratio across clusters; key is a 1990 annual P/PET climate ratio, a different quantity by digit coincidence",,report9 part 2,1990 · P_PET_ratio = 1.18489 [00_01_annual_climate_summary.csv]
report9:f4f8c27afd,confirm,sentence's figure matches Sy_OLS_R2 = 0.590185 [17_wtf_01_sy_estimates.csv],,report9 part 2,C1 (Lake Edge) / False · Sy_OLS_R2 = 0.590185 [17_wtf_01_sy_estimates.csv]
report9:f7572c265c,deny,"sentence is C2's OLS R2 (next-weakest fit); both candidates (Western_Block R2, coastal scale-factor SE) are wrong file/subject","C2 (Dune) Sy_OLS_R2 [17_wtf_01_sy_estimates.csv] (note: file value 0.690, not 0.67)",report9 part 2,Western_Block · R2 = 0.670185 [11_forecast_winter_transfer_functions.csv]
report9:8deb39c270,confirm,sentence's figure matches Sy_OLS_R2 = 0.864258 [17_wtf_01_sy_estimates.csv],,report9 part 2,C3 (Western Residual) / False · Sy_OLS_R2 = 0.864258 [17_wtf_01_sy_estimates.csv]
report9:326228c847,confirm,attributed key/column names the same subject and statistic the sentence states,,report9 part 2,C1 (Lake Edge) / False · Sy_rapid_median · 17_wtf_01_sy_estimates.csv · committed 0.1804109639545531 · index proposed
report9:3c34a1f870,confirm,sentence's figure matches Sy_rapid_CI_lo = 0.0974457 [17_wtf_01_sy_estimates.csv],,report9 part 2,C1 (Lake Edge) / False · Sy_rapid_CI_lo = 0.0974457 [17_wtf_01_sy_estimates.csv]
report9:ebef7d3e07,confirm,attributed key/column names the same subject and statistic the sentence states,,report9 part 2,C1 (Lake Edge) / False · Sy_rapid_CI_hi · 17_wtf_01_sy_estimates.csv · committed 0.2201130664442488 · index proposed
report9:aec1ffad77,confirm,sentence's figure matches Sy_rapid_median = 0.259527 [17_wtf_01_sy_estimates.csv],,report9 part 2,C2 (Dune) / False · Sy_rapid_median = 0.259527 [17_wtf_01_sy_estimates.csv]
report9:0b9e42e22f,confirm,sentence's figure matches Sy_rapid_CI_lo = 0.179636 [17_wtf_01_sy_estimates.csv],,report9 part 2,C2 (Dune) / False · Sy_rapid_CI_lo = 0.179636 [17_wtf_01_sy_estimates.csv]
report9:09c86e4418,confirm,attributed key/column names the same subject and statistic the sentence states,,report9 part 2,C2 (Dune) / False · Sy_rapid_CI_hi · 17_wtf_01_sy_estimates.csv · committed 0.3329420445203825 · index proposed
report9:c19da20605,confirm,attributed key/column names the same subject and statistic the sentence states,,report9 part 2,C5 (Coastal Forest) / False · Sy_event_Q25 · 17_wtf_01_sy_estimates.csv · committed 0.3190283332764297 · index proposed
report9:9a344a180b,confirm,attributed key/column names the same subject and statistic the sentence states,,report9 part 2,C3 (Western Residual) / False · Sy_rapid_CI_lo · 17_wtf_01_sy_estimates.csv · committed 0.2736252587907549 · index proposed
report9:ee04048f38,confirm,attributed key/column names the same subject and statistic the sentence states,,report9 part 2,C3 (Western Residual) / False · Sy_rapid_CI_hi · 17_wtf_01_sy_estimates.csv · committed 0.4091593665871496 · index proposed
report9:898d16498d,confirm,sentence's figure matches Sy_rapid_median = 0.305884 [17_wtf_01_sy_estimates.csv],,report9 part 2,C4 (Main Forest) / False · Sy_rapid_median = 0.305884 [17_wtf_01_sy_estimates.csv]
report9:da1501a0cb,confirm,sentence's figure matches Sy_rapid_CI_lo = 0.24487 [17_wtf_01_sy_estimates.csv],,report9 part 2,C4 (Main Forest) / False · Sy_rapid_CI_lo = 0.24487 [17_wtf_01_sy_estimates.csv]
report9:90bf7595f8,confirm,sentence's figure matches Sy_rapid_CI_hi = 0.359587 [17_wtf_01_sy_estimates.csv],,report9 part 2,C4 (Main Forest) / False · Sy_rapid_CI_hi = 0.359587 [17_wtf_01_sy_estimates.csv]
report9:d3bfeae53c,confirm,attributed key/column names the same subject and statistic the sentence states,,report9 part 2,C5 (Coastal Forest) / False · Sy_rapid_median · 17_wtf_01_sy_estimates.csv · committed 0.3113453607235679 · index proposed
report9:1e15bd5872,confirm,attributed key/column names the same subject and statistic the sentence states,,report9 part 2,C5 (Coastal Forest) / False · Sy_rapid_CI_lo · 17_wtf_01_sy_estimates.csv · committed 0.270070677972184 · index proposed
report9:1fb926b10b,confirm,attributed key/column names the same subject and statistic the sentence states,,report9 part 2,C5 (Coastal Forest) / False · Sy_rapid_CI_hi · 17_wtf_01_sy_estimates.csv · committed 0.375855983889077 · index proposed
report9:446810cd58,confirm,sentence's figure matches Sy_event_median = 0.327797 [17_wtf_01_sy_estimates.csv],,report9 part 2,C3 (Western Residual) / False · Sy_event_median = 0.327797 [17_wtf_01_sy_estimates.csv]
report9:3dbc85870d,confirm,sentence's figure matches Sy_rapid_median = 0.319365 [17_wtf_01_sy_estimates.csv],,report9 part 2,C3 (Western Residual) / False · Sy_rapid_median = 0.319365 [17_wtf_01_sy_estimates.csv]
report9:08933bb844,confirm,attributed key/column names the same subject and statistic the sentence states,,report9 part 2,C3 (Western Residual) / False · Sy_OLS_winter · 17_wtf_01_sy_estimates.csv · committed 0.3726347264677557 · index proposed
report9:b539fd4a96,confirm,sentence's figure matches Sy_rapid_median = 0.180411 [17_wtf_01_sy_estimates.csv],,report9 part 2,C1 (Lake Edge) / False · Sy_rapid_median = 0.180411 [17_wtf_01_sy_estimates.csv]
report9:8c96b79568,confirm,sentence's figure matches Sy_event_median = 0.210147 [17_wtf_01_sy_estimates.csv],,report9 part 2,C1 (Lake Edge) / False · Sy_event_median = 0.210147 [17_wtf_01_sy_estimates.csv]
report9:1c3d7e32d3,confirm,attributed key/column names the same subject and statistic the sentence states,,report9 part 2,C1 (Lake Edge) / False · Sy_OLS_winter · 17_wtf_01_sy_estimates.csv · committed 0.3476626989262411 · index proposed
report9:dce4eb9daf,confirm,sentence's figure matches Sy_assumed = 0.08 [17_wtf_01_sy_estimates.csv],,report9 part 2,C1 (Lake Edge) / False · Sy_assumed = 0.08 [17_wtf_01_sy_estimates.csv]
report9:0312946c2a,confirm,sentence's figure matches Sy_assumed = 0.12 [17_wtf_01_sy_estimates.csv],,report9 part 2,C2 (Dune) / False · Sy_assumed = 0.12 [17_wtf_01_sy_estimates.csv]
report9:e3ecb3ba32,confirm,sentence's figure matches Sy_assumed = 0.08 [17_wtf_01_sy_estimates.csv],,report9 part 2,C1 (Lake Edge) / False · Sy_assumed = 0.08 [17_wtf_01_sy_estimates.csv]
report9:323a290181,confirm,sentence's figure matches Sy_event_median = 0.210147 [17_wtf_01_sy_estimates.csv],,report9 part 2,C1 (Lake Edge) · C1 · Sy_event_median = 0.210147 [17_wtf_01_sy_estimates.csv]
report9:f6b87b50c5,confirm,sentence's figure matches Sy_event_n = 57 [17_wtf_01_sy_estimates.csv],,report9 part 2,C1 (Lake Edge) · C1 · Sy_event_n = 57 [17_wtf_01_sy_estimates.csv]
report9:cccab7c4c7,confirm,sentence's figure matches Sy_OLS_winter = 0.347663 [17_wtf_01_sy_estimates.csv],,report9 part 2,C1 (Lake Edge) · C1 · Sy_OLS_winter = 0.347663 [17_wtf_01_sy_estimates.csv]
report9:554ffcc5f6,confirm,sentence's figure matches Sy_OLS_n = 39 [17_wtf_01_sy_estimates.csv],,report9 part 2,C1 (Lake Edge) · C1 · Sy_OLS_n = 39 [17_wtf_01_sy_estimates.csv]
report9:9557130695,deny,"table row is C1's rapid-event median (value 0.180); key gives C2's Sy_rapid_CI_lo, wrong cluster and statistic",C1 (Lake Edge) Sy_rapid_median = 0.180411 [17_wtf_01_sy_estimates.csv],report9 part 2,C2 (Dune) · C2 · Sy_rapid_CI_lo = 0.179636 [17_wtf_01_sy_estimates.csv]
report9:bbc28ca088,confirm,sentence's figure matches Sy_assumed = 0.12 [17_wtf_01_sy_estimates.csv],,report9 part 2,C2 (Dune) / False · Sy_assumed = 0.12 [17_wtf_01_sy_estimates.csv]
report9:2985ac3e90,confirm,sentence's figure matches Sy_event_median = 0.268703 [17_wtf_01_sy_estimates.csv],,report9 part 2,C2 (Dune) / False · Sy_event_median = 0.268703 [17_wtf_01_sy_estimates.csv]
report9:ee05807e10,confirm,sentence's figure matches Sy_event_n = 61 [17_wtf_01_sy_estimates.csv],,report9 part 2,C2 (Dune) · C2 · Sy_event_n = 61 [17_wtf_01_sy_estimates.csv]
report9:79b9c08b51,confirm,attributed key/column names the same subject and statistic the sentence states,,report9 part 2,C2 (Dune) / False · Sy_OLS_winter · 17_wtf_01_sy_estimates.csv · committed 0.3620803661625159 · index proposed
report9:49d85ebd4e,confirm,sentence's figure matches Sy_OLS_n = 50 [17_wtf_01_sy_estimates.csv],,report9 part 2,C2 (Dune) · C2 · Sy_OLS_n = 50 [17_wtf_01_sy_estimates.csv]
report9:ad4bd394a8,deny,"table row is C2's rapid-event median (position 6, value 0.260); key gives C4 (corrected) Sy_event_median, wrong cluster and statistic",C2 (Dune) Sy_rapid_median = 0.259527 [17_wtf_01_sy_estimates.csv],report9 part 2,C4 (Main Forest) (corrected) · C4 · Sy_event_median = 0.260305 [17_wtf_01_sy_estimates.csv]
report9:26667b0635,confirm,sentence's figure matches Sy_rapid_n = 20 [17_wtf_01_sy_estimates.csv],,report9 part 2,C2 (Dune) · C2 · Sy_rapid_n = 20 [17_wtf_01_sy_estimates.csv]
report9:d3dd10f32d,deny,"table row is C3 (Western Residual); key names C4's Sy_assumed row instead of C3's own (same value, wrong cluster)",C3 (Western Residual) Sy_assumed = 0.12 [17_wtf_01_sy_estimates.csv],report9 part 2,C4 (Main Forest) · C4 · Sy_assumed = 0.12 [17_wtf_01_sy_estimates.csv]
report9:0bdff3ee7c,confirm,sentence's figure matches Sy_event_median = 0.327797 [17_wtf_01_sy_estimates.csv],,report9 part 2,C3 (Western Residual) / False · Sy_event_median = 0.327797 [17_wtf_01_sy_estimates.csv]
report9:202a0cb3c5,confirm,sentence's figure matches Sy_event_n = 55 [17_wtf_01_sy_estimates.csv],,report9 part 2,C3 (Western Residual) · C3 · Sy_event_n = 55 [17_wtf_01_sy_estimates.csv]
report9:83e552a19f,confirm,sentence's figure matches Sy_OLS_winter = 0.372635 [17_wtf_01_sy_estimates.csv],,report9 part 2,C3 (Western Residual) / False · Sy_OLS_winter = 0.372635 [17_wtf_01_sy_estimates.csv]
report9:03088cfe57,confirm,sentence's figure matches Sy_OLS_n = 52 [17_wtf_01_sy_estimates.csv],,report9 part 2,C3 (Western Residual) · C3 · Sy_OLS_n = 52 [17_wtf_01_sy_estimates.csv]
report9:d40bd0e4e9,deny,"table row is C3's rapid-event median (position 6); key gives C5's Sy_event_Q25, wrong cluster and wrong statistic",C3 (Western Residual) Sy_rapid_median = 0.319365 [17_wtf_01_sy_estimates.csv],report9 part 2,C5 (Coastal Forest) · C5 · Sy_event_Q25 = 0.319028 [17_wtf_01_sy_estimates.csv]
report9:d92ebe9698,confirm,sentence's figure matches Sy_rapid_n = 16 [17_wtf_01_sy_estimates.csv],,report9 part 2,C3 (Western Residual) · C3 · Sy_rapid_n = 16 [17_wtf_01_sy_estimates.csv]
report9:51b2b06112,deny,"table row is C4 (Main Forest); key names C5's Sy_assumed row instead of C4's own (same value, wrong cluster)",C4 (Main Forest) Sy_assumed = 0.12 [17_wtf_01_sy_estimates.csv],report9 part 2,C5 (Coastal Forest) · C5 · Sy_assumed = 0.12 [17_wtf_01_sy_estimates.csv]
report9:1811b0fdf5,confirm,attributed key/column names the same subject and statistic the sentence states,,report9 part 2,C4 (Main Forest) / False · Sy_event_median · 17_wtf_01_sy_estimates.csv · committed 0.3132300648479537 · index proposed
report9:c367cf7724,confirm,sentence's figure matches Sy_event_n = 50 [17_wtf_01_sy_estimates.csv],,report9 part 2,C4 (Main Forest) · C4 · Sy_event_n = 50 [17_wtf_01_sy_estimates.csv]
report9:74f072e418,confirm,attributed key/column names the same subject and statistic the sentence states,,report9 part 2,C4 (Main Forest) / False · Sy_OLS_winter · 17_wtf_01_sy_estimates.csv · committed 0.3048601379836923 · index proposed
report9:94ed32458b,confirm,sentence's figure matches Sy_OLS_n = 47 [17_wtf_01_sy_estimates.csv],,report9 part 2,C4 (Main Forest) · C4 · Sy_OLS_n = 47 [17_wtf_01_sy_estimates.csv]
report9:7487bd59ef,confirm,sentence's figure matches Sy_rapid_median = 0.305884 [17_wtf_01_sy_estimates.csv],,report9 part 2,C4 (Main Forest) · C4 · Sy_rapid_median = 0.305884 [17_wtf_01_sy_estimates.csv]
report9:f7ba4852d0,confirm,sentence's figure matches Sy_rapid_n = 13 [17_wtf_01_sy_estimates.csv],,report9 part 2,C4 (Main Forest) · C4 · Sy_rapid_n = 13 [17_wtf_01_sy_estimates.csv]
report9:0f3173b54e,confirm,sentence's figure matches Sy_assumed = 0.12 [17_wtf_01_sy_estimates.csv],,report9 part 2,C5 (Coastal Forest) · C5 · Sy_assumed = 0.12 [17_wtf_01_sy_estimates.csv]
report9:92e1676074,confirm,attributed key/column names the same subject and statistic the sentence states,,report9 part 2,C5 (Coastal Forest) / False · Sy_event_median · 17_wtf_01_sy_estimates.csv · committed 0.35794695415422 · index proposed
report9:231f95ddbb,confirm,sentence's figure matches Sy_event_n = 35 [17_wtf_01_sy_estimates.csv],,report9 part 2,C5 (Coastal Forest) · C5 · Sy_event_n = 35 [17_wtf_01_sy_estimates.csv]
report9:e5ed51ba92,confirm,attributed key/column names the same subject and statistic the sentence states,,report9 part 2,C5 (Coastal Forest) / False · Sy_OLS_winter · 17_wtf_01_sy_estimates.csv · committed 0.4175438271198669 · index proposed
report9:0876db8b82,confirm,sentence's figure matches Sy_OLS_n = 49 [17_wtf_01_sy_estimates.csv],,report9 part 2,C5 (Coastal Forest) · C5 · Sy_OLS_n = 49 [17_wtf_01_sy_estimates.csv]
report9:5f182b5bca,confirm,sentence's figure matches Sy_rapid_median = 0.311345 [17_wtf_01_sy_estimates.csv],,report9 part 2,C5 (Coastal Forest) · C5 · Sy_rapid_median = 0.311345 [17_wtf_01_sy_estimates.csv]
report9:54d85414ae,confirm,sentence's figure matches Sy_rapid_n = 13 [17_wtf_01_sy_estimates.csv],,report9 part 2,C5 (Coastal Forest) · C5 · Sy_rapid_n = 13 [17_wtf_01_sy_estimates.csv]
report9:b63ff91122,deny,"table row is C4 (corrected); key names C5's Sy_assumed row instead of C4 (corrected)'s own (same value, wrong cluster)",C4 (Main Forest) (corrected) Sy_assumed = 0.12 [17_wtf_01_sy_estimates.csv],report9 part 2,C5 (Coastal Forest) · C5 · Sy_assumed = 0.12 [17_wtf_01_sy_estimates.csv]
report9:94e2797d42,confirm,sentence's figure matches Sy_event_median = 0.260305 [17_wtf_01_sy_estimates.csv],,report9 part 2,C4 (Main Forest) (corrected) / True · Sy_event_median = 0.260305 [17_wtf_01_sy_estimates.csv]
report9:be574ea0e0,confirm,sentence's figure matches Sy_event_n = 62 [17_wtf_06_interception_sweep.csv],,report9 part 2,0.24 · C4 · Sy_event_n = 62 [17_wtf_06_interception_sweep.csv]
report9:f9a677c9c4,deny,"table row is C5 (corrected); key uses the plain C5 row's Sy_assumed rather than the C5 (corrected) row's own (same value, wrong row)",C5 (Coastal Forest) (corrected) Sy_assumed = 0.12 [17_wtf_01_sy_estimates.csv],report9 part 2,C5 (Coastal Forest) · C5 · Sy_assumed = 0.12 [17_wtf_01_sy_estimates.csv]
report9:a2c7d3f2c7,confirm,sentence's figure matches Sy_event_median = 0.325808 [17_wtf_01_sy_estimates.csv],,report9 part 2,C5 (Coastal Forest) (corrected) / True · Sy_event_median = 0.325808 [17_wtf_01_sy_estimates.csv]
report9:703aa4755f,confirm,sentence's figure matches Sy_event_n = 50 [17_wtf_06_interception_sweep.csv],,report9 part 2,C4 min of Sy_event_n · Sy_event_n = 50 [17_wtf_06_interception_sweep.csv]
report9:db71e9c0b7,confirm,sentence's figure matches WTF_C_SY_MIN = 0.01 [config.py],,report9 part 2,WTF_C_SY_MIN = 0.01 [config.py]
report9:adba66c197,confirm,sentence's figure matches WTF_C_SY_MAX = 0.5 [config.py],,report9 part 2,WTF_C_SY_MAX = 0.5 [config.py]
report9:05597de98d,confirm,sentence's figure matches Sy_event_median = 0.260305 [17_wtf_01_sy_estimates.csv],,report9 part 2,C4 (Main Forest) (corrected) / True · Sy_event_median = 0.260305 [17_wtf_01_sy_estimates.csv]
report9:a67bda0037,confirm,sentence's figure matches open_dune_min = 0.210147 [17_wtf_06_interception_sweep.csv],,report9 part 2,C4 median of open_dune_min · open_dune_min = 0.210147 [17_wtf_06_interception_sweep.csv]
report9:15f694c1a6,confirm,sentence's figure matches open_dune_max = 0.327797 [17_wtf_06_interception_sweep.csv],,report9 part 2,C4 median of open_dune_max · open_dune_max = 0.327797 [17_wtf_06_interception_sweep.csv]
report9:26af9130c8,confirm,sentence's figure matches Sy_event_median = 0.325808 [17_wtf_01_sy_estimates.csv],,report9 part 2,C5 (Coastal Forest) (corrected) / True · Sy_event_median = 0.325808 [17_wtf_01_sy_estimates.csv]
report9:1792c85904,confirm,sentence's figure matches WTF_C_SY_MAX = 0.5 [config.py],,report9 part 2,WTF_C_SY_MAX = 0.5 [config.py]
report9:32494d3c1d,confirm,sentence's figure matches n_events = 27 [18_wtf_01_well_sy_estimates.csv],,report9 part 2,C3 min of n_events · n_events = 27 [18_wtf_01_well_sy_estimates.csv]
report9:b1b109bdaf,confirm,sentence's figure matches n_events = 72 [18_wtf_01_well_sy_estimates.csv],,report9 part 2,C3 max of n_events · n_events = 72 [18_wtf_01_well_sy_estimates.csv]
report9:4c5e9e9e8a,confirm,sentence's figure matches n_events = 51 [18_wtf_01_well_sy_estimates.csv],,report9 part 2,median of n_events · n_events = 51 [18_wtf_01_well_sy_estimates.csv]
report9:3fa5d697ee,confirm,sentence's figure matches benchmark_n_wells = 66 [08_report_numbers.csv],,report9 part 2,benchmark_n_wells = 66 [08_report_numbers.csv]
report9:08eb241d8d,deny,"sentence's first figure is C1's per-well cluster-mean Sy (0.208); key is C2's Sy_event_Q25 from the cluster-level file, wrong cluster and wrong file",C1 mean of Sy_median = 0.2075 [18_wtf_01_well_sy_estimates.csv],report9 part 2,C2 (Dune) / False · Sy_event_Q25 = 0.195421 [17_wtf_01_sy_estimates.csv]
report9:3aea4b8400,deny,"sentence's figure is C2's per-well cluster-mean Sy (0.256); key is C4's Sy_event_Q25 from the cluster-level file, wrong cluster and wrong file",C2 mean of Sy_median = 0.2555 [18_wtf_01_well_sy_estimates.csv],report9 part 2,C4 (Main Forest) / False · Sy_event_Q25 · 17_wtf_01_sy_estimates.csv · committed 0.2556970251053226 · index proposed
report9:88390f5ca2,deny,"sentence's figure is C3's per-well cluster-mean Sy (0.312, printed as '0.31 2'); both tied candidates are C4 medians from the cluster-level file, wrong cluster and wrong file",C3 mean of Sy_median = 0.3117 [18_wtf_01_well_sy_estimates.csv],report9 part 2,C4 (Main Forest) / False · Sy_event_median = 0.31323 [17_wtf_01_sy_estimates.csv]
report9:bdaff78d20,deny,"this '2' is the split-off tail of '0.31 2' (i.e. 0.312, C3's per-well cluster mean), not a standalone benchmark count","part of C3 mean of Sy_median = 0.3117 [18_wtf_01_well_sy_estimates.csv], see id 88390f5ca2",report9 part 2,benchmark_wells_SSM_worse = 2 [08_report_numbers.csv]
report9:feecea752d,confirm,sentence's figure matches Sy_median = 0.243515 [18_wtf_01_well_sy_estimates.csv],,report9 part 2,C4 mean of Sy_median · Sy_median = 0.243515 [18_wtf_01_well_sy_estimates.csv]
report9:c77243a52e,confirm,sentence's figure matches Sy_median = 0.306004 [18_wtf_01_well_sy_estimates.csv],,report9 part 2,C5 mean of Sy_median · Sy_median = 0.306004 [18_wtf_01_well_sy_estimates.csv]
report9:978e0a9e7e,confirm,sentence's figure matches 66 well columns in reference (lake excluded) = 66 [01_wells_reference.csv],,report9 part 2,66 well columns in reference (lake excluded) = 66 [01_wells_reference.csv]
report9:a5e7995bc2,confirm,sentence's figure matches N_summers = 9 [21_forestry_02_distributions_means.csv],,report9 part 2,C1 Eastern lake-buffer / Pre-scrape 2005–14 · N_summers = 9 [21_forestry_02_distributions_means.csv]
report9:159271691b,confirm,sentence's figure matches RANWELL_ROUTE_B_FLAG_M = 2 [config.py],,report9 part 2,RANWELL_ROUTE_B_FLAG_M = 2 [config.py]
report9:0dae91a041,confirm,sentence's figure matches 22 well columns in extended (lake excluded) = 22 [01_wells_extended.csv],,report9 part 2,22 well columns in extended (lake excluded) = 22 [01_wells_extended.csv]
report9:48c28c7d72,deny,sentence's 0.006 is a Pearson-affinity r-value gap between FE2/FE4's C5 and C4 affinities (section 4.3); key is an unrelated SSM persistence coefficient alpha_B,,report9 part 2,centroid / C5 (Coastal Forest) / nan · alpha_B = 0.00593863 [03_16_model_b_persistence.csv]
report9:0c48628a29,deny,"sentence's 0.037 is the top of the Pearson-affinity delta-r range (0.003-0.037, section 4.3); key is an unrelated ANCOVA clearfell-step coefficient",,report9 part 2,ANCOVA_B_WMC3+FE2_Climate_clearfell_step = -0.0366336 [10_consolidated_report_numbers.csv]
report9:08be9de69c,confirm,sentence's figure matches 88 dipwells = 88 [01_wells_reference.csv],,report9 part 2,66 reference + 22 extended well columns = 88 dipwells = 88 [01_wells_reference.csv]
report9:2c2e9e240d,confirm,sentence's figure matches Traditional_Model_A = 0.914272 [08_lcsc_04_table3_benchmark_summary.csv],,report9 part 2,Median one-step R2 · Traditional_Model_A = 0.914272 [08_lcsc_04_table3_benchmark_summary.csv]
report9:1663fd7644,confirm,sentence's figure matches StateSpace_Model_B = 0.918602 [08_lcsc_04_table3_benchmark_summary.csv],,report9 part 2,Median one-step R2 · StateSpace_Model_B = 0.918602 [08_lcsc_04_table3_benchmark_summary.csv]
report9:c15ef8a231,confirm,sentence's figure matches TLM_NSE = -1.88503 [08_perwell_nse.csv],,report9 part 2,CEH6 · TLM_NSE = -1.88503 [08_perwell_nse.csv]
report9:dd19249a50,confirm,sentence's figure matches SSM_NSE = 0.672456 [08_perwell_nse.csv],,report9 part 2,D17 · C2 · SSM_NSE = 0.672456 [08_perwell_nse.csv]
report9:96de8c62ce,confirm,sentence's figure matches 66 well columns in reference (lake excluded) = 66 [01_wells_reference.csv],,report9 part 2,66 well columns in reference (lake excluded) = 66 [01_wells_reference.csv]
report9:a955d5fd07,confirm,attributed key/column names the same subject and statistic the sentence states,,report9 part 2,benchmark_median_NSE_SSM · 08_report_numbers.csv · committed 0.7194104323777889 · index confirmed
report9:d580fbdf65,confirm,attributed key/column names the same subject and statistic the sentence states,,report9 part 2,benchmark_median_NSE_TLM · 08_report_numbers.csv · committed -0.0254394148183433 · index confirmed
report9:74bd2c14c6,confirm,attributed key/column names the same subject and statistic the sentence states,,report9 part 2,benchmark_median_dNSE · 08_report_numbers.csv · committed 0.8244402285272857 · index confirmed
report9:21c69d3878,confirm,attributed key/column names the same subject and statistic the sentence states,,report9 part 2,benchmark_positive_NSE_SSM · 08_report_numbers.csv · committed 65.0 · index confirmed
report9:0845fc9600,confirm,sentence's figure matches 66 well columns in reference (lake excluded) = 66 [01_wells_reference.csv],,report9 part 2,66 well columns in reference (lake excluded) = 66 [01_wells_reference.csv]
report9:00590555b3,confirm,attributed key/column names the same subject and statistic the sentence states,,report9 part 2,benchmark_positive_NSE_TLM · 08_report_numbers.csv · committed 30.0 · index confirmed
report9:1cdaca8418,confirm,sentence's figure matches 66 well columns in reference (lake excluded) = 66 [01_wells_reference.csv],,report9 part 2,66 well columns in reference (lake excluded) = 66 [01_wells_reference.csv]
report9:c012117976,confirm,sentence's figure matches median_dNSE = 1.52435 [08_cluster_nse_medians.csv],,report9 part 2,C1 · C1 · median_dNSE = 1.52435 [08_cluster_nse_medians.csv]
report9:8e2371b536,confirm,sentence's figure matches median_dNSE = 0.909267 [08_cluster_nse_medians.csv],,report9 part 2,C2 · C2 · median_dNSE = 0.909267 [08_cluster_nse_medians.csv]
report9:fca3bdc072,confirm,sentence's figure matches median_dNSE = 0.622502 [08_cluster_nse_medians.csv],,report9 part 2,C3 · C3 · median_dNSE = 0.622502 [08_cluster_nse_medians.csv]
report9:2eb0a73145,confirm,sentence's figure matches median_dNSE = 0.498571 [08_cluster_nse_medians.csv],,report9 part 2,C5 · C5 · median_dNSE = 0.498571 [08_cluster_nse_medians.csv]
report9:9b98f60c1a,confirm,sentence's figure matches median_dNSE = 0.410435 [08_cluster_nse_medians.csv],,report9 part 2,C4 · C4 · median_dNSE = 0.410435 [08_cluster_nse_medians.csv]
report9:482292f1b5,confirm,sentence's figure matches beta_3_drainage = 0.0184551 [03_03_cluster_mechanistic_coefficients.csv],,report9 part 2,C4 (Main Forest) · beta_3_drainage = 0.0184551 [03_03_cluster_mechanistic_coefficients.csv]
report9:5ee1adfde1,confirm,sentence's figure matches StateSpace_Model_B = -6.41858 [08_lcsc_04_table3_benchmark_summary.csv],,report9 part 2,CEH14 iterative NSE · StateSpace_Model_B = -6.41858 [08_lcsc_04_table3_benchmark_summary.csv]
report9:fb6599c65f,confirm,sentence's figure matches Delta_NSE = 0.184 [15_03_benchmark_table.csv],,report9 part 2,C1 · Delta_NSE = 0.184 [15_03_benchmark_table.csv]
report9:223525a978,confirm,sentence's figure matches Delta_NSE = 0.134 [15_03_benchmark_table.csv],,report9 part 2,C4 · Delta_NSE = 0.134 [15_03_benchmark_table.csv]
report9:944b47e079,deny,"sentence states kappa (decay rate, m^-1) for C4 = 0.20; key is an unrelated p-value that happens to equal 0.20","C4 Best_Kappa_m-1 = 0.20 [15_03_benchmark_table.csv], same file already used for the row's Delta_NSE",report9 part 2,Lake_Edge · p_value_PET_win_to_spr = 0.195234 [11_forecast_spring_transfer_functions.csv]
report9:2af76a6cba,confirm,sentence's figure matches Delta_NSE = 0.094 [15_03_benchmark_table.csv],,report9 part 2,C2 · Delta_NSE = 0.094 [15_03_benchmark_table.csv]
report9:4e4032f549,deny,sentence states kappa for C2 = 0.95; key is an external validation statistic unrelated to the kappa decay parameter,C2 Best_Kappa_m-1 = 0.95 [15_03_benchmark_table.csv],report9 part 2,1 external / forest recovery (edge excluded) / canopy polygon vs forest clusters · statistic = 0.955 [31_validation_summary.csv]
report9:1941c9d178,confirm,sentence's figure matches Delta_NSE = 0.043 [15_03_benchmark_table.csv],,report9 part 2,C3 · Delta_NSE = 0.043 [15_03_benchmark_table.csv]
report9:b6b28d363c,deny,"sentence states kappa for C3 = 0.45; key is a Moran's I spatial-autocorrelation statistic, not kappa",C3 Best_Kappa_m-1 = 0.45 [15_03_benchmark_table.csv],report9 part 2,1 external / Moran's I (C1 indicator) / C1 spatial autocorr · statistic = 0.452 [31_validation_summary.csv]
report9:ebb0ec9bf8,confirm,sentence's figure matches Delta_NSE = 0.033 [15_03_benchmark_table.csv],,report9 part 2,C5 · Delta_NSE = 0.033 [15_03_benchmark_table.csv]
report9:03d8e107dd,deny,"sentence states kappa for C5 = 0.50; key is a Moran's I spatial-autocorrelation statistic, not kappa",C5 Best_Kappa_m-1 = 0.50 [15_03_benchmark_table.csv],report9 part 2,1 external / Moran's I (C5 indicator) / C5 spatial autocorr · statistic = 0.497 [31_validation_summary.csv]
report9:64941faf08,confirm,sentence's figure matches Traditional_Model_A = -1.88503 [08_lcsc_04_table3_benchmark_summary.csv],,report9 part 2,CEH6 iterative NSE · Traditional_Model_A = -1.88503 [08_lcsc_04_table3_benchmark_summary.csv]
report9:fb72c0b1dc,confirm,sentence's figure matches StateSpace_Model_B = 0.673556 [08_lcsc_04_table3_benchmark_summary.csv],,report9 part 2,CEH6 iterative NSE · StateSpace_Model_B = 0.673556 [08_lcsc_04_table3_benchmark_summary.csv]
report9:629528b1dd,confirm,sentence's figure matches Delta_B_minus_A = 2.55858 [08_lcsc_04_table3_benchmark_summary.csv],,report9 part 2,CEH6 iterative NSE · Delta_B_minus_A = 2.55858 [08_lcsc_04_table3_benchmark_summary.csv]
report9:193f816585,confirm,sentence's figure matches 66 well columns in reference (lake excluded) = 66 [01_wells_reference.csv],,report9 part 2,66 well columns in reference (lake excluded) = 66 [01_wells_reference.csv]
report9:4cb3b537ac,confirm,sentence's figure matches Traditional_Model_A = 0.914272 [08_lcsc_04_table3_benchmark_summary.csv],,report9 part 2,Median one-step R2 · Traditional_Model_A = 0.914272 [08_lcsc_04_table3_benchmark_summary.csv]
report9:df8da3de0b,confirm,sentence's figure matches StateSpace_Model_B = 0.918602 [08_lcsc_04_table3_benchmark_summary.csv],,report9 part 2,Median one-step R2 · StateSpace_Model_B = 0.918602 [08_lcsc_04_table3_benchmark_summary.csv]
report9:0378404f31,confirm,sentence's figure matches Delta_B_minus_A = 0.00315007 [08_lcsc_04_table3_benchmark_summary.csv],,report9 part 2,Median one-step R2 · Delta_B_minus_A = 0.00315007 [08_lcsc_04_table3_benchmark_summary.csv]
report9:ac1ad4986d,confirm,sentence's figure matches Traditional_Model_A = 0.638349 [08_lcsc_04_table3_benchmark_summary.csv],,report9 part 2,Median iterative R2 · Traditional_Model_A = 0.638349 [08_lcsc_04_table3_benchmark_summary.csv]
report9:58a628a6ed,confirm,sentence's figure matches StateSpace_Model_B = 0.773059 [08_lcsc_04_table3_benchmark_summary.csv],,report9 part 2,Median iterative R2 · StateSpace_Model_B = 0.773059 [08_lcsc_04_table3_benchmark_summary.csv]
report9:a53abb231b,confirm,sentence's figure matches Delta_B_minus_A = 0.137441 [08_lcsc_04_table3_benchmark_summary.csv],,report9 part 2,Median iterative R2 · Delta_B_minus_A = 0.137441 [08_lcsc_04_table3_benchmark_summary.csv]
report9:8115d3ec9f,confirm,sentence's figure matches Traditional_Model_A = -0.0254394 [08_lcsc_04_table3_benchmark_summary.csv],,report9 part 2,Median iterative NSE · Traditional_Model_A = -0.0254394 [08_lcsc_04_table3_benchmark_summary.csv]
report9:a3bab8e236,confirm,attributed key/column names the same subject and statistic the sentence states,,report9 part 2,benchmark_median_NSE_SSM · 08_report_numbers.csv · committed 0.7194104323777889 · index proposed
report9:83b4e02581,confirm,sentence's figure matches benchmark_median_dNSE = 0.82444 [08_report_numbers.csv],,report9 part 2,benchmark_median_dNSE = 0.82444 [08_report_numbers.csv]
report9:b716f04107,confirm,sentence's figure matches benchmark_positive_NSE_TLM = 30 [08_report_numbers.csv],,report9 part 2,benchmark_positive_NSE_TLM = 30 [08_report_numbers.csv]
report9:4958736476,confirm,sentence's figure matches benchmark_n_wells = 66 [08_report_numbers.csv],,report9 part 2,benchmark_n_wells = 66 [08_report_numbers.csv]
report9:a20e3890ee,confirm,sentence's figure matches benchmark_positive_NSE_SSM = 65 [08_report_numbers.csv],,report9 part 2,benchmark_positive_NSE_SSM = 65 [08_report_numbers.csv]
report9:f48ef1fb1f,confirm,sentence's figure matches benchmark_n_wells = 66 [08_report_numbers.csv],,report9 part 2,benchmark_n_wells = 66 [08_report_numbers.csv]
report9:9a78da46cb,confirm,sentence's figure matches Traditional_Model_A = -2.18438 [08_lcsc_04_table3_benchmark_summary.csv],,report9 part 2,Max NSE improvement (CEH27) · Traditional_Model_A = -2.18438 [08_lcsc_04_table3_benchmark_summary.csv]
report9:af3d9d8b8d,confirm,sentence's figure matches StateSpace_Model_B = 0.680403 [08_lcsc_04_table3_benchmark_summary.csv],,report9 part 2,Max NSE improvement (CEH27) · StateSpace_Model_B = 0.680403 [08_lcsc_04_table3_benchmark_summary.csv]
report9:edf034b1c9,confirm,sentence's figure matches Delta_B_minus_A = 2.86478 [08_lcsc_04_table3_benchmark_summary.csv],,report9 part 2,Max NSE improvement (CEH27) · Delta_B_minus_A = 2.86478 [08_lcsc_04_table3_benchmark_summary.csv]
report9:057fa62b40,confirm,sentence's figure matches Traditional_Model_A = -1.88503 [08_lcsc_04_table3_benchmark_summary.csv],,report9 part 2,CEH6 iterative NSE · Traditional_Model_A = -1.88503 [08_lcsc_04_table3_benchmark_summary.csv]
report9:2904c9166f,confirm,sentence's figure matches StateSpace_Model_B = 0.673556 [08_lcsc_04_table3_benchmark_summary.csv],,report9 part 2,CEH6 iterative NSE · StateSpace_Model_B = 0.673556 [08_lcsc_04_table3_benchmark_summary.csv]
report9:d4b7539a4e,confirm,sentence's figure matches Delta_B_minus_A = 2.55858 [08_lcsc_04_table3_benchmark_summary.csv],,report9 part 2,CEH6 iterative NSE · Delta_B_minus_A = 2.55858 [08_lcsc_04_table3_benchmark_summary.csv]
report9:ad6cbc395d,confirm,sentence's figure matches Traditional_Model_A = 0.398298 [08_lcsc_04_table3_benchmark_summary.csv],,report9 part 2,CEH14 iterative NSE · Traditional_Model_A = 0.398298 [08_lcsc_04_table3_benchmark_summary.csv]
report9:b87016dd9d,confirm,sentence's figure matches StateSpace_Model_B = -6.41858 [08_lcsc_04_table3_benchmark_summary.csv],,report9 part 2,CEH14 iterative NSE · StateSpace_Model_B = -6.41858 [08_lcsc_04_table3_benchmark_summary.csv]
report9:04121b7e86,confirm,sentence's figure matches Delta_B_minus_A = -6.81688 [08_lcsc_04_table3_benchmark_summary.csv],,report9 part 2,CEH14 iterative NSE · Delta_B_minus_A = -6.81688 [08_lcsc_04_table3_benchmark_summary.csv]
report9:adaa2409f9,confirm,sentence's figure matches benchmark_n_wells = 66 [08_report_numbers.csv],,report9 part 2,benchmark_n_wells = 66 [08_report_numbers.csv]
report9:b0bb169f1b,confirm,sentence's figure matches Tier1_CUSUM_terminal = -10.5527 [09_scrape_report_numbers.csv],,report9 part 2,Tier1_CUSUM_terminal = -10.5527 [09_scrape_report_numbers.csv]
report9:67a7c3cb48,confirm,attributed key/column names the same subject and statistic the sentence states,,report9 part 2,Tier1_CUSUM_terminal · 09_scrape_report_numbers.csv · committed -19.021958174480663 · index proposed
report9:8eb83d712d,confirm,sentence's figure matches CEH36_raw_BACI_step = 0.1294 [09e_report_numbers.csv],,report9 part 2,CEH36_raw_BACI_step = 0.1294 [09e_report_numbers.csv]
report9:5fce9cf671,confirm,sentence's figure matches CEH36_synthetic_control_n_donors = 11 [09e_report_numbers.csv],,report9 part 2,CEH36_synthetic_control_n_donors = 11 [09e_report_numbers.csv]
report9:d12fbc8f33,confirm,sentence's figure matches CEH36_synthetic_control_step = 0.1368 [09e_report_numbers.csv],,report9 part 2,CEH36_synthetic_control_step = 0.1368 [09e_report_numbers.csv]
report9:d9410a1df1,confirm,sentence's figure matches Net_benefit = -0.0489412 [09_scrape_report_numbers.csv],,report9 part 2,Net_benefit = -0.0489412 [09_scrape_report_numbers.csv]
report9:536fb1932e,confirm,sentence's figure matches Net_benefit = -0.0725279 [09_scrape_report_numbers.csv],,report9 part 2,Net_benefit = -0.0725279 [09_scrape_report_numbers.csv]
report9:0fb602933a,confirm,sentence's figure matches Summer_min_m = -1.16 [09c_01_summer_minima.csv],,report9 part 2,CEH4 / 2011 · Summer_min_m = -1.16 [09c_01_summer_minima.csv]
report9:c5de6af5b2,confirm,sentence's figure matches Summer_min_m = -1.18 [09c_01_summer_minima.csv],,report9 part 2,CEH4 / 2015 · Summer_min_m = -1.18 [09c_01_summer_minima.csv]
report9:68572064c2,confirm,sentence's figure matches Summer_min_m = -1.4 [09c_01_summer_minima.csv],,report9 part 2,CEH4 / 2025 · Summer_min_m = -1.4 [09c_01_summer_minima.csv]
report9:d3616faa57,confirm,sentence's figure matches beta_3_drainage = 0.084434 [09_scrape_02_beta3_significance.csv],,report9 part 2,CEH36 / 1_Baseline · beta_3_drainage = 0.084434 [09_scrape_02_beta3_significance.csv]
report9:4d95e9ae4f,confirm,sentence's figure matches beta_3_drainage = 0.139043 [09_scrape_02_beta3_significance.csv],,report9 part 2,CEH36 / 2_Pure_Scraping · beta_3_drainage = 0.139043 [09_scrape_02_beta3_significance.csv]
report9:8db7ef88cf,confirm,sentence's figure matches beta_3_drainage = 0.070438 [09_scrape_02_beta3_significance.csv],,report9 part 2,CEH4 / 1_Baseline · beta_3_drainage = 0.070438 [09_scrape_02_beta3_significance.csv]
report9:f6037345d5,confirm,sentence's figure matches beta_3_drainage = 0.161719 [09_scrape_02_beta3_significance.csv],,report9 part 2,CEH4 / 2_Pure_Scraping · beta_3_drainage = 0.161719 [09_scrape_02_beta3_significance.csv]
report9:022ea31218,confirm,sentence's figure matches beta_3_drainage = 0.084434 [09_scrape_02_beta3_significance.csv],,report9 part 2,CEH36 / 1_Baseline · beta_3_drainage = 0.084434 [09_scrape_02_beta3_significance.csv]
report9:1389b225e8,confirm,sentence's figure matches Conf_Low = 0.00761515 [09_scrape_02_beta3_significance.csv],,report9 part 2,CEH36 / 1_Baseline · Conf_Low = 0.00761515 [09_scrape_02_beta3_significance.csv]
report9:c259cf4c9e,confirm,sentence's figure matches Conf_High = 0.161253 [09_scrape_02_beta3_significance.csv],,report9 part 2,CEH36 / 1_Baseline · Conf_High = 0.161253 [09_scrape_02_beta3_significance.csv]
report9:87bfe83981,confirm,sentence's figure matches P_Value = 0.0319402 [09_scrape_02_beta3_significance.csv],,report9 part 2,CEH36 / 1_Baseline · P_Value = 0.0319402 [09_scrape_02_beta3_significance.csv]
report9:83b91e62cc,confirm,sentence's figure matches beta_3_drainage = 0.139043 [09_scrape_02_beta3_significance.csv],,report9 part 2,CEH36 / 2_Pure_Scraping · beta_3_drainage = 0.139043 [09_scrape_02_beta3_significance.csv]
report9:acd60e7563,confirm,sentence's figure matches Conf_Low = 0.0576669 [09_scrape_02_beta3_significance.csv],,report9 part 2,CEH36 / 2_Pure_Scraping · Conf_Low = 0.0576669 [09_scrape_02_beta3_significance.csv]
report9:d189454477,confirm,sentence's figure matches Conf_High = 0.220418 [09_scrape_02_beta3_significance.csv],,report9 part 2,CEH36 / 2_Pure_Scraping · Conf_High = 0.220418 [09_scrape_02_beta3_significance.csv]
report9:f7fa2c6fe3,confirm,sentence's figure matches P_Value = 0.00151842 [09_scrape_02_beta3_significance.csv],,report9 part 2,CEH36 / 2_Pure_Scraping · P_Value = 0.00151842 [09_scrape_02_beta3_significance.csv]
report9:f6679d94fa,confirm,sentence's figure matches beta_3_drainage = 0.112846 [09_scrape_02_beta3_significance.csv],,report9 part 2,CEH36 / 3_Felling_Pulse · beta_3_drainage = 0.112846 [09_scrape_02_beta3_significance.csv]
report9:7a04d04844,confirm,sentence's figure matches Conf_Low = 0.0546818 [09_scrape_02_beta3_significance.csv],,report9 part 2,CEH36 / 3_Felling_Pulse · Conf_Low = 0.0546818 [09_scrape_02_beta3_significance.csv]
report9:5de518db06,confirm,sentence's figure matches Conf_High = 0.17101 [09_scrape_02_beta3_significance.csv],,report9 part 2,CEH36 / 3_Felling_Pulse · Conf_High = 0.17101 [09_scrape_02_beta3_significance.csv]
report9:9ac0caa2b0,confirm,sentence's figure matches beta_3_drainage = 0.0742877 [09_scrape_02_beta3_significance.csv],,report9 part 2,CEH18 / 1_Baseline · beta_3_drainage = 0.0742877 [09_scrape_02_beta3_significance.csv]
report9:1ed60bd8b7,confirm,sentence's figure matches Conf_Low = 0.0355799 [09_scrape_02_beta3_significance.csv],,report9 part 2,CEH18 / 1_Baseline · Conf_Low = 0.0355799 [09_scrape_02_beta3_significance.csv]
report9:37018359e8,confirm,sentence's figure matches beta_3_drainage = 0.112846 [09_scrape_02_beta3_significance.csv],,report9 part 2,CEH36 / 3_Felling_Pulse · beta_3_drainage = 0.112846 [09_scrape_02_beta3_significance.csv]
report9:85d1b9a348,confirm,sentence's figure matches beta_3_drainage = 0.103418 [09_scrape_02_beta3_significance.csv],,report9 part 2,CEH18 / 2_Felling_Pulse · beta_3_drainage = 0.103418 [09_scrape_02_beta3_significance.csv]
report9:dd6d0fcc16,confirm,sentence's figure matches Conf_Low = 0.0212365 [09_scrape_02_beta3_significance.csv],,report9 part 2,CEH18 / 2_Felling_Pulse · Conf_Low = 0.0212365 [09_scrape_02_beta3_significance.csv]
report9:55d8611c62,confirm,sentence's figure matches Conf_High = 0.185599 [09_scrape_02_beta3_significance.csv],,report9 part 2,CEH18 / 2_Felling_Pulse · Conf_High = 0.185599 [09_scrape_02_beta3_significance.csv]
report9:56d28453ed,confirm,sentence's figure matches P_Value = 0.0144281 [09_scrape_02_beta3_significance.csv],,report9 part 2,CEH18 / 2_Felling_Pulse · P_Value = 0.0144281 [09_scrape_02_beta3_significance.csv]
report9:6ca8fbbc7d,confirm,sentence's figure matches beta_3_drainage = 0.17667 [09_scrape_02_beta3_significance.csv],,report9 part 2,CEH18 / 3_After_Scraping · beta_3_drainage = 0.17667 [09_scrape_02_beta3_significance.csv]
report9:90a02f6c10,confirm,sentence's figure matches Conf_Low = 0.0426087 [09_scrape_02_beta3_significance.csv],,report9 part 2,CEH18 / 3_After_Scraping · Conf_Low = 0.0426087 [09_scrape_02_beta3_significance.csv]
report9:35abfcd7c8,confirm,sentence's figure matches Conf_High = 0.310731 [09_scrape_02_beta3_significance.csv],,report9 part 2,CEH18 / 3_After_Scraping · Conf_High = 0.310731 [09_scrape_02_beta3_significance.csv]
report9:436f835057,confirm,sentence's figure matches P_Value = 0.0118636 [09_scrape_02_beta3_significance.csv],,report9 part 2,CEH18 / 3_After_Scraping · P_Value = 0.0118636 [09_scrape_02_beta3_significance.csv]
report9:7c4d4db873,confirm,sentence's figure matches beta_3_drainage = 0.103418 [09_scrape_02_beta3_significance.csv],,report9 part 2,CEH18 / 2_Felling_Pulse · beta_3_drainage = 0.103418 [09_scrape_02_beta3_significance.csv]
report9:cc2abd040c,confirm,sentence's figure matches Conf_Low = 0.052154 [09_scrape_02_beta3_significance.csv],,report9 part 2,CEH21 / 1_Baseline · Conf_Low = 0.052154 [09_scrape_02_beta3_significance.csv]
report9:d146d4111f,confirm,sentence's figure matches Conf_High = 0.153668 [09_scrape_02_beta3_significance.csv],,report9 part 2,CEH21 / 1_Baseline · Conf_High = 0.153668 [09_scrape_02_beta3_significance.csv]
report9:75c4eeb9f1,confirm,sentence's figure matches beta_3_drainage = 0.0559774 [09_scrape_02_beta3_significance.csv],,report9 part 2,CEH21 / 2_Coastal_Drawdown · beta_3_drainage = 0.0559774 [09_scrape_02_beta3_significance.csv]
report9:bde3f77005,confirm,sentence's figure matches Conf_Low = -0.00511446 [09_scrape_02_beta3_significance.csv],,report9 part 2,CEH21 / 2_Coastal_Drawdown · Conf_Low = -0.00511446 [09_scrape_02_beta3_significance.csv]
report9:4886e2a2d0,confirm,sentence's figure matches Conf_High = 0.117069 [09_scrape_02_beta3_significance.csv],,report9 part 2,CEH21 / 2_Coastal_Drawdown · Conf_High = 0.117069 [09_scrape_02_beta3_significance.csv]
report9:06fd197601,confirm,sentence's figure matches P_Value = 0.0718642 [09_scrape_02_beta3_significance.csv],,report9 part 2,CEH21 / 2_Coastal_Drawdown · P_Value = 0.0718642 [09_scrape_02_beta3_significance.csv]
report9:8916d87ecd,confirm,sentence's figure matches beta_3_drainage = 0.09567 [09_scrape_02_beta3_significance.csv],,report9 part 2,CEH21 / 3_After_Scraping · beta_3_drainage = 0.09567 [09_scrape_02_beta3_significance.csv]
report9:2e21a757e3,confirm,sentence's figure matches Conf_Low = -0.0174054 [09_scrape_02_beta3_significance.csv],,report9 part 2,CEH21 / 3_After_Scraping · Conf_Low = -0.0174054 [09_scrape_02_beta3_significance.csv]
report9:b71d852eb0,confirm,sentence's figure matches Conf_High = 0.208745 [09_scrape_02_beta3_significance.csv],,report9 part 2,CEH21 / 3_After_Scraping · Conf_High = 0.208745 [09_scrape_02_beta3_significance.csv]
report9:328e90288f,confirm,sentence's figure matches P_Value = 0.0939647 [09_scrape_02_beta3_significance.csv],,report9 part 2,CEH21 / 3_After_Scraping · P_Value = 0.0939647 [09_scrape_02_beta3_significance.csv]
report9:ac8f7f2cda,confirm,sentence's figure matches beta_3_drainage = 0.070438 [09_scrape_02_beta3_significance.csv],,report9 part 2,CEH4 / 1_Baseline · beta_3_drainage = 0.070438 [09_scrape_02_beta3_significance.csv]
report9:eeced58be3,confirm,sentence's figure matches Conf_Low = 0.0267032 [09_scrape_02_beta3_significance.csv],,report9 part 2,CEH4 / 1_Baseline · Conf_Low = 0.0267032 [09_scrape_02_beta3_significance.csv]
report9:328900d258,confirm,sentence's figure matches Conf_High = 0.114173 [09_scrape_02_beta3_significance.csv],,report9 part 2,CEH4 / 1_Baseline · Conf_High = 0.114173 [09_scrape_02_beta3_significance.csv]
report9:0829a21ec4,confirm,sentence's figure matches P_Value = 0.00185837 [09_scrape_02_beta3_significance.csv],,report9 part 2,CEH4 / 1_Baseline · P_Value = 0.00185837 [09_scrape_02_beta3_significance.csv]
report9:a07ee83074,confirm,sentence's figure matches beta_3_drainage = 0.161719 [09_scrape_02_beta3_significance.csv],,report9 part 2,CEH4 / 2_Pure_Scraping · beta_3_drainage = 0.161719 [09_scrape_02_beta3_significance.csv]
report9:fd2bc95440,confirm,sentence's figure matches Conf_Low = 0.078964 [09_scrape_02_beta3_significance.csv],,report9 part 2,CEH4 / 2_Pure_Scraping · Conf_Low = 0.078964 [09_scrape_02_beta3_significance.csv]
report9:4b463856f8,confirm,sentence's figure matches Conf_High = 0.244474 [09_scrape_02_beta3_significance.csv],,report9 part 2,CEH4 / 2_Pure_Scraping · Conf_High = 0.244474 [09_scrape_02_beta3_significance.csv]
report9:1abb13834a,confirm,sentence's figure matches beta_3_drainage = 0.115475 [09_scrape_02_beta3_significance.csv],,report9 part 2,CEH4 / 3_Felling_Pulse · beta_3_drainage = 0.115475 [09_scrape_02_beta3_significance.csv]
report9:f4226ff166,confirm,sentence's figure matches Conf_Low = 0.064978 [09_scrape_02_beta3_significance.csv],,report9 part 2,CEH4 / 3_Felling_Pulse · Conf_Low = 0.064978 [09_scrape_02_beta3_significance.csv]
report9:e697f6312a,confirm,sentence's figure matches Conf_High = 0.165971 [09_scrape_02_beta3_significance.csv],,report9 part 2,CEH4 / 3_Felling_Pulse · Conf_High = 0.165971 [09_scrape_02_beta3_significance.csv]
report9:9131617f5e,confirm,sentence's figure matches beta_3_drainage = 0.136032 [09_scrape_02_beta3_significance.csv],,report9 part 2,CEH22 / 1_Baseline · beta_3_drainage = 0.136032 [09_scrape_02_beta3_significance.csv]
report9:8f6e7aa435,confirm,sentence's figure matches Conf_Low = 0.082825 [09_scrape_02_beta3_significance.csv],,report9 part 2,CEH22 / 1_Baseline · Conf_Low = 0.082825 [09_scrape_02_beta3_significance.csv]
report9:d06310395a,confirm,sentence's figure matches Conf_High = 0.189239 [09_scrape_02_beta3_significance.csv],,report9 part 2,CEH22 / 1_Baseline · Conf_High = 0.189239 [09_scrape_02_beta3_significance.csv]
report9:7ed15a62d7,confirm,sentence's figure matches beta_3_drainage = 0.151551 [09_scrape_02_beta3_significance.csv],,report9 part 2,CEH22 / 2_Coastal_Drawdown · beta_3_drainage = 0.151551 [09_scrape_02_beta3_significance.csv]
report9:a75d2891ac,confirm,sentence's figure matches Conf_Low = 0.0733012 [09_scrape_02_beta3_significance.csv],,report9 part 2,CEH22 / 2_Coastal_Drawdown · Conf_Low = 0.0733012 [09_scrape_02_beta3_significance.csv]
report9:bf83572a19,confirm,sentence's figure matches Conf_High = 0.229801 [09_scrape_02_beta3_significance.csv],,report9 part 2,CEH22 / 2_Coastal_Drawdown · Conf_High = 0.229801 [09_scrape_02_beta3_significance.csv]
report9:edf5f4456f,confirm,sentence's figure matches beta_3_drainage = 0.239029 [09_scrape_02_beta3_significance.csv],,report9 part 2,CEH22 / 3_After_Scraping · beta_3_drainage = 0.239029 [09_scrape_02_beta3_significance.csv]
report9:bb11f7210d,confirm,sentence's figure matches Conf_Low = 0.0792884 [09_scrape_02_beta3_significance.csv],,report9 part 2,CEH22 / 3_After_Scraping · Conf_Low = 0.0792884 [09_scrape_02_beta3_significance.csv]
report9:f89fb26737,confirm,sentence's figure matches Conf_High = 0.39877 [09_scrape_02_beta3_significance.csv],,report9 part 2,CEH22 / 3_After_Scraping · Conf_High = 0.39877 [09_scrape_02_beta3_significance.csv]
report9:81cc090c56,confirm,sentence's figure matches P_Value = 0.00502627 [09_scrape_02_beta3_significance.csv],,report9 part 2,CEH22 / 3_After_Scraping · P_Value = 0.00502627 [09_scrape_02_beta3_significance.csv]
report9:dcdd98070c,confirm,sentence's figure matches N_summers = 4 [21_forestry_03_scraping_era_means.csv],,report9 part 2,CEH36 / Pre-2015 · N_summers = 4 [21_forestry_03_scraping_era_means.csv]
report9:1e3ad4501d,confirm,sentence's figure matches Climate_ctrl_centroid_m = -0.9167 [09c_05_spring_means.csv],,report9 part 2,CEH36 / 2017 · Climate_ctrl_centroid_m = -0.9167 [09c_05_spring_means.csv]
report9:a225956710,confirm,sentence's figure matches N_summers = 3 [21_forestry_03_scraping_era_means.csv],,report9 part 2,CEH36 / 2015–17 · N_summers = 3 [21_forestry_03_scraping_era_means.csv]
report9:c0e14ad1be,confirm,sentence's figure matches Gap_climate_m = -0.1975 [09c_01_summer_minima.csv],,report9 part 2,CEH21 / 2012 · Gap_climate_m = -0.1975 [09c_01_summer_minima.csv] as mm
report9:b58b4430ce,confirm,sentence's figure matches Summer_min_m = -1.14 [09c_01_summer_minima.csv],,report9 part 2,CEH18 / 2021 · Summer_min_m = -1.14 [09c_01_summer_minima.csv]
report9:361ad6383c,confirm,sentence's figure matches Shift_m = 0.1945 [09c_02_summer_minima_shifts.csv],,report9 part 2,CEH36 / Paired · Shift_m = 0.1945 [09c_02_summer_minima_shifts.csv] as mm
report9:5f80e709cb,confirm,sentence's figure matches N_pre = 4 [09c_02_summer_minima_shifts.csv],,report9 part 2,CEH18 · N_pre = 4 [09c_02_summer_minima_shifts.csv]
report9:daabd83ac3,confirm,sentence's figure matches Shift_mm = 161 [09c_02_summer_minima_shifts.csv],,report9 part 2,CEH36 / Climate · Shift_mm = 161 [09c_02_summer_minima_shifts.csv]
report9:120eb37dd7,confirm,sentence's figure matches p_value = 0.00620452 [09c_02_summer_minima_shifts.csv],,report9 part 2,CEH36 / Climate · p_value = 0.00620452 [09c_02_summer_minima_shifts.csv]
report9:2a383f8f17,confirm,sentence's figure matches Shift_m = 0.0557 [09c_02_summer_minima_shifts.csv],,report9 part 2,CEH18 · Shift_m = 0.0557 [09c_02_summer_minima_shifts.csv] as mm
report9:cf459f508f,confirm,sentence's figure matches p_value = 0.203664 [09c_02_summer_minima_shifts.csv],,report9 part 2,CEH18 · p_value = 0.203664 [09c_02_summer_minima_shifts.csv]
report9:ce496c6e34,confirm,sentence's figure matches Shift_mm = -8 [09c_02_summer_minima_shifts.csv],,report9 part 2,CEH21 / Paired · Shift_mm = -8 [09c_02_summer_minima_shifts.csv]
report9:215535d948,confirm,sentence's figure matches p_value = 0.886521 [09c_02_summer_minima_shifts.csv],,report9 part 2,CEH21 / Paired · p_value = 0.886521 [09c_02_summer_minima_shifts.csv]
report9:3d38b61cb6,confirm,sentence's figure matches Shift_m = -0.0335 [09c_02_summer_minima_shifts.csv],,report9 part 2,CEH4 / Climate · Shift_m = -0.0335 [09c_02_summer_minima_shifts.csv] as mm
report9:bab61afcf6,confirm,sentence's figure matches p_value = 0.332136 [09c_02_summer_minima_shifts.csv],,report9 part 2,CEH4 / Climate · p_value = 0.332136 [09c_02_summer_minima_shifts.csv]
report9:bdfa30746e,confirm,sentence's figure matches Spring_mean_m = -0.7167 [09c_05_spring_means.csv],,report9 part 2,CEH36 / 2020 · Spring_mean_m = -0.7167 [09c_05_spring_means.csv]
report9:3cebcf5c29,confirm,sentence's figure matches Gap_paired_m = -0.5 [09c_01_summer_minima.csv],,report9 part 2,CEH21 / 2025 · Gap_paired_m = -0.5 [09c_01_summer_minima.csv]
report9:f961e18f20,confirm,sentence's figure matches Gap_climate_m = 0.046 [09c_01_summer_minima.csv],,report9 part 2,CEH4 / 2013 · Gap_climate_m = 0.046 [09c_01_summer_minima.csv]
report9:036e3358fb,confirm,sentence's figure matches Gap_paired_m = 0.1 [09c_01_summer_minima.csv],,report9 part 2,CEH36 / 2023 · Gap_paired_m = 0.1 [09c_01_summer_minima.csv]
report9:48971e5923,confirm,sentence's figure matches MSL5_bg_2023_m = -0.604 [20_msl5_change_perwell.csv],,report9 part 2,ceh36 · MSL5_bg_2023_m = -0.604 [20_msl5_change_perwell.csv]
report9:2f885eefe9,confirm,sentence's figure matches Shift_m = 0.1945 [09c_02_summer_minima_shifts.csv],,report9 part 2,CEH36 / Paired · Shift_m = 0.1945 [09c_02_summer_minima_shifts.csv] as mm
report9:18d81c11b2,confirm,sentence's figure matches CEH36_raw_BACI_step = 0.1294 [09e_report_numbers.csv],,report9 part 2,CEH36_raw_BACI_step = 0.1294 [09e_report_numbers.csv] as mm
report9:204ad92f2a,confirm,sentence's figure matches Summer_min_BACI_shift = 0.1945 [09c_report_numbers.csv],,report9 part 2,Summer_min_BACI_shift = 0.1945 [09c_report_numbers.csv] as mm
report9:55d35f94f2,confirm,sentence's figure matches p_value = 0.00445384 [09c_02_summer_minima_shifts.csv],,report9 part 2,CEH36 / Paired · p_value = 0.00445384 [09c_02_summer_minima_shifts.csv]
report9:d19c1efc48,deny,"the '10' is the base of the scientific-notation exponent '5.0 x 10^-3' in the sentence, not a standalone quantity; N_summers is unrelated",,report9 part 2,C3 Warren interior / Pre-scrape 2005–14 · N_summers = 10 [21_forestry_02_distributions_means.csv]
report9:e66007e8b9,confirm,sentence's figure matches p = 0.00208622 [10a_12_control_subset_sensitivity.csv],,report9 part 2,all5 / free_trend · p = 0.00208622 [10a_12_control_subset_sensitivity.csv]
report9:8b8c23ac21,confirm,sentence's figure matches Clearfell_p = 0.00637796 [10d_08_spring_mixed_model_results.csv],,report9 part 2,Forest / Climate Ctrl · Clearfell_p = 0.00637796 [10d_08_spring_mixed_model_results.csv]
report9:bb8fce8b51,confirm,sentence's figure matches p = 0.000697106 [10a_12_control_subset_sensitivity.csv],,report9 part 2,outside_only / fixed_s1 · p = 0.000697106 [10a_12_control_subset_sensitivity.csv]
report9:7c02e5ae24,deny,"sentence's 0.42 m is the back-calculated ground-surface lowering d_ex = h0/Sy; key is an unrelated 'Scraping_distance_weight' parameter, coincidental digit match",,report9 part 2,Scraping_distance_weight = 0.416947 [10_consolidated_report_numbers.csv]
report9:56b3b7d7a0,deny,sentence's 0.13 m is the measured BACI step h0 at CEH36; key is the same unrelated 'Scraping_distance_weight' parameter as the neighbouring 0.42 and 0.31 rows,CEH36_raw_BACI_step ~ 0.129 [09e_report_numbers.csv / 09_scrape_report_numbers.csv],report9 part 2,Scraping_distance_weight = 0.132563 [10_consolidated_report_numbers.csv]
report9:e0dd5cb5c6,deny,"sentence's 0.31 is the open-dune specific yield; key is again 'Scraping_distance_weight', an unrelated parameter reused a third time in this sentence",,report9 part 2,Scraping_distance_weight = 0.307342 [10_consolidated_report_numbers.csv]
report9:5af8457659,confirm,sentence's figure matches CEH36_raw_BACI_step = 0.1294 [09e_report_numbers.csv],,report9 part 2,CEH36_raw_BACI_step = 0.1294 [09e_report_numbers.csv] as mm
report9:fe72d0c8b1,confirm,sentence's figure matches Delta_vol_mm_per_month = 46.4 [09d_01_scenario_comparison.csv],,report9 part 2,Scraping (observed) · Delta_vol_mm_per_month = 46.4 [09d_01_scenario_comparison.csv]
report9:b197a99060,confirm,sentence's figure matches Delta_vol_mm_per_month = 16.7 [09d_01_scenario_comparison.csv],,report9 part 2,Clearfell (hypothetical) · Delta_vol_mm_per_month = 16.7 [09d_01_scenario_comparison.csv]
report9:5461b1decf,confirm,sentence's figure matches Delta_vol_mm_per_month = 8.3 [09d_01_scenario_comparison.csv],,report9 part 2,Thinning 50% (hypothetical) · Delta_vol_mm_per_month = 8.3 [09d_01_scenario_comparison.csv]
report9:6a884633d4,confirm,sentence's figure matches Delta_vol_mm_per_month = 5.1 [09d_01_scenario_comparison.csv],,report9 part 2,Broadleaf (hypothetical) · Delta_vol_mm_per_month = 5.1 [09d_01_scenario_comparison.csv]
report9:e1a6736266,confirm,sentence's figure matches Delta_vol_summer_mm_per_month = 7.9 [09d_02_summer_scenario_comparison.csv],,report9 part 2,Climate wet · Delta_vol_summer_mm_per_month = 7.9 [09d_02_summer_scenario_comparison.csv]
report9:c2ad2eb570,confirm,sentence's figure matches change_mm = -14.08 [34_window_matrix.csv],,report9 part 2,2022 / 2023 · change_mm = -14.08 [34_window_matrix.csv]
report9:3fff7fe928,confirm,sentence's figure matches Delta_vol_summer_mm_per_month = 14.9 [09d_02_summer_scenario_comparison.csv],,report9 part 2,Clearfell (hypothetical) · Delta_vol_summer_mm_per_month = 14.9 [09d_02_summer_scenario_comparison.csv]
report9:378d20e374,confirm,sentence's figure matches Delta_vol_summer_mm_per_month = 7.4 [09d_02_summer_scenario_comparison.csv],,report9 part 2,Thinning 50% (hypothetical) · Delta_vol_summer_mm_per_month = 7.4 [09d_02_summer_scenario_comparison.csv]
report9:c809011d42,confirm,sentence's figure matches Delta_vol_summer_mm_per_month = 3.6 [09d_02_summer_scenario_comparison.csv],,report9 part 2,Broadleaf (hypothetical) · Delta_vol_summer_mm_per_month = 3.6 [09d_02_summer_scenario_comparison.csv]
report9:f4c29daa9a,confirm,sentence's figure matches Delta_vol_summer_mm_per_month = -14.4 [09d_02_summer_scenario_comparison.csv],,report9 part 2,Climate dry · Delta_vol_summer_mm_per_month = -14.4 [09d_02_summer_scenario_comparison.csv]
report9:40b622d0c9,confirm,sentence's figure matches Delta_vol_summer_mm_per_month = -31.2 [09d_02_summer_scenario_comparison.csv],,report9 part 2,Scraping (off-site 100 m) · Delta_vol_summer_mm_per_month = -31.2 [09d_02_summer_scenario_comparison.csv]
report9:e5e4d8195a,confirm,sentence's figure matches Delta_vol_summer_mm_per_month = -16.1 [09d_02_summer_scenario_comparison.csv],,report9 part 2,Scraping (off-site 250 m) · Delta_vol_summer_mm_per_month = -16.1 [09d_02_summer_scenario_comparison.csv]
report9:e26b2a5b12,confirm,sentence's figure matches Shift_m = 0.1945 [09c_02_summer_minima_shifts.csv],,report9 part 2,CEH36 / Paired · Shift_m = 0.1945 [09c_02_summer_minima_shifts.csv] as mm
report9:1cadecc998,confirm,sentence's figure matches Delta_vol_mm_per_month = 46.4 [09d_01_scenario_comparison.csv],,report9 part 2,Scraping (observed) · Delta_vol_mm_per_month = 46.4 [09d_01_scenario_comparison.csv]
report9:8b20026d55,confirm,sentence's figure matches Delta_vol_mm_per_month = 16.7 [09d_01_scenario_comparison.csv],,report9 part 2,Clearfell (hypothetical) · Delta_vol_mm_per_month = 16.7 [09d_01_scenario_comparison.csv]
report9:f684e9177b,confirm,sentence's figure matches Delta_vol_mm_per_month = 8.3 [09d_01_scenario_comparison.csv],,report9 part 2,Thinning 50% (hypothetical) · Delta_vol_mm_per_month = 8.3 [09d_01_scenario_comparison.csv]
report9:77fa2e7de9,confirm,sentence's figure matches Delta_vol_mm_per_month = 5.1 [09d_01_scenario_comparison.csv],,report9 part 2,Broadleaf (hypothetical) · Delta_vol_mm_per_month = 5.1 [09d_01_scenario_comparison.csv]
report9:bbdaa3797a,confirm,sentence's figure matches Delta_vol_summer_mm_per_month = 7.9 [09d_02_summer_scenario_comparison.csv],,report9 part 2,Climate wet · Delta_vol_summer_mm_per_month = 7.9 [09d_02_summer_scenario_comparison.csv]
report9:73d8fbcee4,confirm,sentence's figure matches Delta_vol_mm_per_month = -14.1 [09d_01_scenario_comparison.csv],,report9 part 2,Climate dry · Delta_vol_mm_per_month = -14.1 [09d_01_scenario_comparison.csv]
report9:5575ff571d,confirm,sentence's figure matches Delta_vol_summer_mm_per_month = -31.2 [09d_02_summer_scenario_comparison.csv],,report9 part 2,min of Delta_vol_summer_mm_per_month · Delta_vol_summer_mm_per_month = -31.2 [09d_02_summer_scenario_comparison.csv]
report9:0858328e9f,confirm,sentence's figure matches Delta_vol_summer_mm_per_month = -16.1 [09d_02_summer_scenario_comparison.csv],,report9 part 2,Scraping (off-site 250 m) · Delta_vol_summer_mm_per_month = -16.1 [09d_02_summer_scenario_comparison.csv]
report9:44ae1539ad,confirm,sentence's figure matches BROADLEAF_B2_WINTER = 0.8817 [config.py],,report9 part 2,BROADLEAF_B2_WINTER = 0.8817 [config.py]
report9:f02c7878e7,confirm,sentence's figure matches BROADLEAF_B2_SUMMER = 1.075 [config.py],,report9 part 2,BROADLEAF_B2_SUMMER = 1.075 [config.py]
report9:16a8ddc47e,confirm,sentence's figure matches beta_3_drainage = 0.0500894 [09_scrape_01_full_parameters.csv],,report9 part 2,CEH36 · beta_3_drainage = 0.0500894 [09_scrape_01_full_parameters.csv]
report9:d97ea03ad0,deny,"sentence states CEH36's own Sy = 0.36; the per-well Sy for CEH36 is registered directly, not a validation-summary or scale-factor statistic",CEH36 Sy_median = 0.358203 [18_wtf_01_well_sy_estimates.csv],report9 part 2,2 metric-indep / ANOVA / dry depth · statistic = 0.356 [31_validation_summary.csv]
report9:0ba86002c8,confirm,sentence's figure matches Delta_vol_summer_mm_per_month = 46.4 [09d_02_summer_scenario_comparison.csv],,report9 part 2,Scraping (observed) · Delta_vol_summer_mm_per_month = 46.4 [09d_02_summer_scenario_comparison.csv]
report9:ca79d0b29a,confirm,sentence's figure matches Delta_vol_summer_mm_per_month = -31.2 [09d_02_summer_scenario_comparison.csv],,report9 part 2,Scraping (off-site 100 m) · Delta_vol_summer_mm_per_month = -31.2 [09d_02_summer_scenario_comparison.csv]
report9:2381706f07,confirm,sentence's figure matches Delta_vol_summer_mm_per_month = -16.1 [09d_02_summer_scenario_comparison.csv],,report9 part 2,Scraping (off-site 250 m) · Delta_vol_summer_mm_per_month = -16.1 [09d_02_summer_scenario_comparison.csv]
report9:3d4505a656,confirm,sentence's figure matches Delta_vol_summer_mm_per_month = 14.9 [09d_02_summer_scenario_comparison.csv],,report9 part 2,Clearfell (hypothetical) · Delta_vol_summer_mm_per_month = 14.9 [09d_02_summer_scenario_comparison.csv]
report9:7a749119d5,confirm,sentence's figure matches Delta_vol_summer_mm_per_month = 7.4 [09d_02_summer_scenario_comparison.csv],,report9 part 2,Thinning 50% (hypothetical) · Delta_vol_summer_mm_per_month = 7.4 [09d_02_summer_scenario_comparison.csv]
report9:eba170f35f,confirm,sentence's figure matches Delta_vol_summer_mm_per_month = 3.6 [09d_02_summer_scenario_comparison.csv],,report9 part 2,Broadleaf (hypothetical) · Delta_vol_summer_mm_per_month = 3.6 [09d_02_summer_scenario_comparison.csv]
report9:36b9a501bc,confirm,sentence's figure matches Delta_vol_summer_mm_per_month = -14.4 [09d_02_summer_scenario_comparison.csv],,report9 part 2,Climate dry · Delta_vol_summer_mm_per_month = -14.4 [09d_02_summer_scenario_comparison.csv]
report9:47f95b7ecc,confirm,sentence's figure matches Delta_vol_summer_mm_per_month = 7.9 [09d_02_summer_scenario_comparison.csv],,report9 part 2,Climate wet · Delta_vol_summer_mm_per_month = 7.9 [09d_02_summer_scenario_comparison.csv]
report9:46e178f223,confirm,sentence's figure matches Shift_m = 0.1945 [09c_02_summer_minima_shifts.csv],,report9 part 2,CEH36 / Paired · Shift_m = 0.1945 [09c_02_summer_minima_shifts.csv] as mm
report9:47804c5b6b,confirm,sentence's figure matches clearfell_p = 0.162246 [10l_01_four_zone_summer_results.csv],,report9 part 2,Edge · clearfell_p = 0.162246 [10l_01_four_zone_summer_results.csv]
report9:5d626c20fa,confirm,sentence's figure matches Value = -15.5068 [10_consolidated_report_numbers.csv],,report9 part 2,ANCOVA_Forest_Impact_coeff_cwb2_x_fell · Value = -15.5068 [10_consolidated_report_numbers.csv]
report9:b0347a2c80,confirm,sentence's figure matches c_mm_yr = -0.1 [25_01_panel_fit_parameters.csv],,report9 part 2,forest_free / linear_capped · c_mm_yr = -0.1 [25_01_panel_fit_parameters.csv] as mm
report9:3d08cbb17e,confirm,sentence's figure matches p_value = 0.174324 [00_06_pet_monthly_trends.csv],,report9 part 2,full_record / 8 · p_value = 0.174324 [00_06_pet_monthly_trends.csv]
report9:fd5a7f8852,confirm,sentence's figure matches Value = -9.11614 [10_consolidated_report_numbers.csv],,report9 part 2,ANCOVA_Forest_Edge_coeff_cwb2_x_fell · Value = -9.11614 [10_consolidated_report_numbers.csv]
report9:877a1c1254,confirm,sentence's figure matches c_mm_yr = -0.1 [25_01_panel_fit_parameters.csv],,report9 part 2,forest_free / linear_capped · c_mm_yr = -0.1 [25_01_panel_fit_parameters.csv] as mm
report9:c0a1b1a839,confirm,sentence's figure matches clearfell_p = 0.196411 [10l_06_four_zone_spring_results.csv],,report9 part 2,Impact · clearfell_p = 0.196411 [10l_06_four_zone_spring_results.csv]
report9:2d19bf6e6a,confirm,sentence's figure matches p_value = 0.634808 [00_06_pet_monthly_trends.csv],,report9 part 2,full_record / 9 · p_value = 0.634808 [00_06_pet_monthly_trends.csv]
report9:c59fcd3f4f,confirm,sentence's figure matches ANCOVA_Forest_Impact_clearfell_step = 0.113095 [10_consolidated_report_numbers.csv],,report9 part 2,ANCOVA_Forest_Impact_clearfell_step = 0.113095 [10_consolidated_report_numbers.csv]
report9:44077bab01,confirm,sentence's figure matches SpringMean_Climate_CEH30_shift = 0.0418 [10_consolidated_report_numbers.csv],,report9 part 2,SpringMean_Climate_CEH30_shift = 0.0418 [10_consolidated_report_numbers.csv]
report9:29d57b77c7,confirm,sentence's figure matches Scraping_p = 0.183631 [10d_08_spring_mixed_model_results.csv],,report9 part 2,Climate / Forest Ctrl · Scraping_p = 0.183631 [10d_08_spring_mixed_model_results.csv]
report9:51fc1cedb3,confirm,sentence's figure matches FE2_Forest_clearfell_p = 0.00161722 [10_consolidated_report_numbers.csv],,report9 part 2,ANCOVA_B_WMC3+FE2_Forest_clearfell_p = 0.00161722 [10_consolidated_report_numbers.csv]
report9:50d61a493a,confirm,sentence's figure matches ANCOVA_Forest_Impact_scraping_step = 0.324177 [10_consolidated_report_numbers.csv],,report9 part 2,ANCOVA_Forest_Impact_scraping_step = 0.324177 [10_consolidated_report_numbers.csv]
report9:c00c65ebc8,confirm,sentence's figure matches SummerMin_Climate_WMC1_shift = 0.004 [10_consolidated_report_numbers.csv],,report9 part 2,SummerMin_Climate_WMC1_shift = 0.004 [10_consolidated_report_numbers.csv]
report9:ec77ede021,confirm,sentence's figure matches ANCOVA_Forest_Impact_R2 = 0.240599 [10_consolidated_report_numbers.csv],,report9 part 2,ANCOVA_Forest_Impact_R2 = 0.240599 [10_consolidated_report_numbers.csv]
report9:a8e292ae07,confirm,sentence's figure matches ANCOVA_Forest_Impact_N = 163 [10_consolidated_report_numbers.csv],,report9 part 2,ANCOVA_Forest_Impact_N = 163 [10_consolidated_report_numbers.csv]
report9:14e4b4ec54,confirm,sentence's figure matches ANCOVA_Forest_Edge_clearfell_step = 0.0296701 [10_consolidated_report_numbers.csv],,report9 part 2,ANCOVA_Forest_Edge_clearfell_step = 0.0296701 [10_consolidated_report_numbers.csv]
report9:d0f4c228a6,confirm,sentence's figure matches FE2_Forest_clearfell_step = 0.0803304 [10_consolidated_report_numbers.csv],,report9 part 2,ANCOVA_A_WMC3+FE1+FE2_Forest_clearfell_step = 0.0803304 [10_consolidated_report_numbers.csv]
report9:edf792c029,confirm,sentence's figure matches R2 = 0.248572 [10a_09_control_well_spread.csv],,report9 part 2,Climate · R2 = 0.248572 [10a_09_control_well_spread.csv]
report9:2f3407e6db,confirm,sentence's figure matches ANCOVA_Forest_Edge_scraping_step = 0.568729 [10_consolidated_report_numbers.csv],,report9 part 2,ANCOVA_Forest_Edge_scraping_step = 0.568729 [10_consolidated_report_numbers.csv]
report9:6983020e4e,confirm,sentence's figure matches ANCOVA_Forest_Edge_R2 = 0.456846 [10_consolidated_report_numbers.csv],,report9 part 2,ANCOVA_Forest_Edge_R2 = 0.456846 [10_consolidated_report_numbers.csv]
report9:b6d54e98e4,confirm,sentence's figure matches N = 159 [10a_09_control_well_spread.csv],,report9 part 2,Climate · N = 159 [10a_09_control_well_spread.csv]
report9:6adbe9e17c,confirm,sentence's figure matches Tier_clearfell_step_m = -0.0146071 [10a_09_control_well_spread.csv],,report9 part 2,Climate · Tier_clearfell_step_m = -0.0146071 [10a_09_control_well_spread.csv]
report9:4ad540b75a,confirm,sentence's figure matches Scraping_coef_m = -0.0626 [10d_08_spring_mixed_model_results.csv],,report9 part 2,Climate / Coastal Ctrl · Scraping_coef_m = -0.0626 [10d_08_spring_mixed_model_results.csv]
report9:500208926f,confirm,sentence's figure matches Spread_step_sd_m = 0.0337526 [10a_09_control_well_spread.csv],,report9 part 2,Climate · Spread_step_sd_m = 0.0337526 [10a_09_control_well_spread.csv]
report9:9cf1dd6825,confirm,sentence's figure matches Clearfell_p = 0.555145 [10a_01_ancova_comparison_table.csv],,report9 part 2,Climate / Impact · Clearfell_p = 0.555145 [10a_01_ancova_comparison_table.csv]
report9:f00a6618bc,confirm,sentence's figure matches ANCOVA_Climate_Impact_scraping_step = 0.0280939 [10_consolidated_report_numbers.csv],,report9 part 2,ANCOVA_Climate_Impact_scraping_step = 0.0280939 [10_consolidated_report_numbers.csv]
report9:16e18daf5e,confirm,sentence's figure matches Scraping_p = 0.813549 [10a_01_ancova_comparison_table.csv],,report9 part 2,Climate · Scraping_p = 0.813549 [10a_01_ancova_comparison_table.csv]
report9:db8a996a81,confirm,attributed key/column names the same subject and statistic the sentence states,,report9 part 2,ANCOVA_C_WMC3_only_Climate_R2 · 10_consolidated_report_numbers.csv · committed 0.2061576155827327 · index proposed
report9:43f9520d98,confirm,sentence's figure matches ANCOVA_C_WMC3_only_Climate_N = 147 [10_consolidated_report_numbers.csv],,report9 part 2,ANCOVA_C_WMC3_only_Climate_N = 147 [10_consolidated_report_numbers.csv]
report9:508a70d2e6,confirm,sentence's figure matches Climate_background_m = -0.106793 [10a_01_ancova_comparison_table.csv],,report9 part 2,Climate · Climate_background_m = -0.106793 [10a_01_ancova_comparison_table.csv]
report9:7e19bdeff4,confirm,sentence's figure matches Clearfell_CI_lo_m = -0.167432 [10a_01_ancova_comparison_table.csv],,report9 part 2,Climate · Clearfell_CI_lo_m = -0.167432 [10a_01_ancova_comparison_table.csv]
report9:d0bdd76beb,confirm,sentence's figure matches Clearfell_CI_hi_m = -0.0461534 [10a_01_ancova_comparison_table.csv],,report9 part 2,Climate · Clearfell_CI_hi_m = -0.0461534 [10a_01_ancova_comparison_table.csv]
report9:df2fba6148,confirm,sentence's figure matches Scraping_step_m = 0.289181 [10a_01_ancova_comparison_table.csv],,report9 part 2,Climate · Scraping_step_m = 0.289181 [10a_01_ancova_comparison_table.csv]
report9:bdd9f7af5b,confirm,sentence's figure matches Scraping_p = 0.456457 [10a_01_ancova_comparison_table.csv],,report9 part 2,Climate · Scraping_p = 0.456457 [10a_01_ancova_comparison_table.csv]
report9:706c0eb83f,confirm,attributed key/column names the same subject and statistic the sentence states,,report9 part 2,ANCOVA_Climate_Edge_R2 · 10_consolidated_report_numbers.csv · committed 0.2408326688316461 · index proposed
report9:16eeb30fe6,confirm,sentence's figure matches ANCOVA_Climate_Edge_N = 144 [10_consolidated_report_numbers.csv],,report9 part 2,ANCOVA_Climate_Edge_N = 144 [10_consolidated_report_numbers.csv]
report9:c803b3d923,confirm,sentence's figure matches ANCOVA_Combined_Impact_clearfell_step = 0.0696927 [10_consolidated_report_numbers.csv],,report9 part 2,ANCOVA_Combined_Impact_clearfell_step = 0.0696927 [10_consolidated_report_numbers.csv]
report9:43e8774608,confirm,sentence's figure matches Clearfell_CI_hi_m = 0.0337966 [10a_01_ancova_comparison_table.csv],,report9 part 2,Climate · Clearfell_CI_hi_m = 0.0337966 [10a_01_ancova_comparison_table.csv]
report9:cc9e902e53,confirm,sentence's figure matches Clearfell_CI_hi_m = 0.105 [10a_01_ancova_comparison_table.csv],,report9 part 2,Combined / Impact · Clearfell_CI_hi_m = 0.105 [10a_01_ancova_comparison_table.csv]
report9:79e6718b20,confirm,sentence's figure matches ANCOVA_Combined_Impact_scraping_step = 0.0767192 [10_consolidated_report_numbers.csv],,report9 part 2,ANCOVA_Combined_Impact_scraping_step = 0.0767192 [10_consolidated_report_numbers.csv]
report9:19203954de,confirm,sentence's figure matches Scraping_p = 0.304911 [10a_01_ancova_comparison_table.csv],,report9 part 2,Combined · Scraping_p = 0.304911 [10a_01_ancova_comparison_table.csv]
report9:bffadaf34a,confirm,attributed key/column names the same subject and statistic the sentence states,,report9 part 2,ANCOVA_C_WMC3_only_Combined_R2 · 10_consolidated_report_numbers.csv · committed 0.2562629185572002 · index proposed
report9:44aebbb7e3,confirm,sentence's figure matches ANCOVA_C_WMC3_only_Combined_N = 145 [10_consolidated_report_numbers.csv],,report9 part 2,ANCOVA_C_WMC3_only_Combined_N = 145 [10_consolidated_report_numbers.csv]
report9:36cc6150e2,confirm,sentence's figure matches Clearfell_step_m = -0.0202173 [10a_01_ancova_comparison_table.csv],,report9 part 2,Combined · Clearfell_step_m = -0.0202173 [10a_01_ancova_comparison_table.csv]
report9:b60661792b,confirm,sentence's figure matches Clearfell_CI_hi_m = -0.0461534 [10a_01_ancova_comparison_table.csv],,report9 part 2,Climate · Clearfell_CI_hi_m = -0.0461534 [10a_01_ancova_comparison_table.csv]
report9:1c0a0993bc,confirm,sentence's figure matches Clearfell_CI_hi_m = 0.00572312 [10a_01_ancova_comparison_table.csv],,report9 part 2,Combined · Clearfell_CI_hi_m = 0.00572312 [10a_01_ancova_comparison_table.csv]
report9:10f09ef7f2,confirm,sentence's figure matches Clearfell_p = 0.128941 [10a_01_ancova_comparison_table.csv],,report9 part 2,Combined · Clearfell_p = 0.128941 [10a_01_ancova_comparison_table.csv]
report9:cc1e726dce,confirm,sentence's figure matches Scraping_step_m = 0.3115 [10a_01_ancova_comparison_table.csv],,report9 part 2,Combined · Scraping_step_m = 0.3115 [10a_01_ancova_comparison_table.csv]
report9:f7b84de157,confirm,sentence's figure matches Scraping_p = 0.00902028 [10a_01_ancova_comparison_table.csv],,report9 part 2,Combined · Scraping_p = 0.00902028 [10a_01_ancova_comparison_table.csv]
report9:a8c8fd45ea,confirm,attributed key/column names the same subject and statistic the sentence states,,report9 part 2,ANCOVA_Combined_Edge_R2 · 10_consolidated_report_numbers.csv · committed 0.4838353386200638 · index proposed
report9:7014717b25,confirm,sentence's figure matches ANCOVA_Combined_Edge_N = 142 [10_consolidated_report_numbers.csv],,report9 part 2,ANCOVA_Combined_Edge_N = 142 [10_consolidated_report_numbers.csv]
report9:dfee601421,confirm,sentence's figure matches FIG_TARGET_PRINT_DPI = 300 [config.py],,report9 part 2,FIG_TARGET_PRINT_DPI = 300 [config.py]
report9:0c5bb38edb,confirm,sentence's figure matches ANCOVA_Forest_Impact_clearfell_step = 0.113095 [10_consolidated_report_numbers.csv],,report9 part 2,ANCOVA_Forest_Impact_clearfell_step = 0.113095 [10_consolidated_report_numbers.csv] as mm
report9:57aeccfd05,confirm,sentence's figure matches Clearfell_p = 0.00208622 [10a_01_ancova_comparison_table.csv],,report9 part 2,Forest / Impact · Clearfell_p = 0.00208622 [10a_01_ancova_comparison_table.csv]
report9:b0b1d1e4b8,confirm,sentence's figure matches ANCOVA_Forest_Edge_clearfell_step = 0.0296701 [10_consolidated_report_numbers.csv],,report9 part 2,ANCOVA_Forest_Edge_clearfell_step = 0.0296701 [10_consolidated_report_numbers.csv] as mm
report9:c2a12ccb5c,confirm,sentence's figure matches Clearfell_p = 0.248589 [10a_01_ancova_comparison_table.csv],,report9 part 2,Forest / Edge · Clearfell_p = 0.248589 [10a_01_ancova_comparison_table.csv]
report9:fcb49a8921,confirm,sentence's figure matches ANCOVA_Climate_Impact_clearfell_step = -0.0146071 [10_consolidated_report_numbers.csv],,report9 part 2,ANCOVA_Climate_Impact_clearfell_step = -0.0146071 [10_consolidated_report_numbers.csv] as mm
report9:0cee042335,confirm,sentence's figure matches Clearfell_p = 0.555145 [10a_01_ancova_comparison_table.csv],,report9 part 2,Climate / Impact · Clearfell_p = 0.555145 [10a_01_ancova_comparison_table.csv]
report9:9872d6130b,confirm,sentence's figure matches ANCOVA_Climate_Edge_clearfell_step = -0.106793 [10_consolidated_report_numbers.csv],,report9 part 2,ANCOVA_Climate_Edge_clearfell_step = -0.106793 [10_consolidated_report_numbers.csv] as mm
report9:061f4d7617,confirm,sentence's figure matches Easting_p = 0.0696211 [10a_09_control_well_spread.csv],,report9 part 2,Combined · Easting_p = 0.0696211 [10a_09_control_well_spread.csv] as mm
report9:4fcb631d1d,confirm,sentence's figure matches Tier_clearfell_step_m = -0.0202173 [10a_09_control_well_spread.csv],,report9 part 2,Combined · Tier_clearfell_step_m = -0.0202173 [10a_09_control_well_spread.csv] as mm
report9:6bc1ab4ee6,confirm,sentence's figure matches Clearfell_p = 0.128941 [10a_01_ancova_comparison_table.csv],,report9 part 2,Combined / Edge · Clearfell_p = 0.128941 [10a_01_ancova_comparison_table.csv]
report9:a6ce881bf0,confirm,sentence's figure matches ANCOVA_Forest_Impact_scraping_step = 0.324177 [10a_report_numbers.csv],,report9 part 2,ANCOVA_Forest_Impact_scraping_step = 0.324177 [10a_report_numbers.csv] as mm
report9:d5266b096b,confirm,sentence's figure matches Easting_p = 0.00359423 [10a_09_control_well_spread.csv],,report9 part 2,Combined · Easting_p = 0.00359423 [10a_09_control_well_spread.csv]
report9:e65cb5a9eb,confirm,sentence's figure matches LABEL_ADJUST_ITER_LIM = 500 [config.py],,report9 part 2,LABEL_ADJUST_ITER_LIM = 500 [config.py]
report9:646c3c06ce,confirm,sentence's figure matches WMC3_BACI_DiD_step_2017_clearfell = 0.0408179 [10_consolidated_report_numbers.csv],,report9 part 2,WMC3_BACI_DiD_step_2017_clearfell = 0.0408179 [10_consolidated_report_numbers.csv] as mm
report9:1f75c33a4e,confirm,sentence's figure matches ANCOVA_C_WMC3_only_Forest_clearfell_step = 0.113095 [10_consolidated_report_numbers.csv],,report9 part 2,ANCOVA_C_WMC3_only_Forest_clearfell_step = 0.113095 [10_consolidated_report_numbers.csv] as mm
report9:fea26e15d4,confirm,sentence's figure matches WMC3_BACI_DiD_step_2015_scraping = -0.0552146 [10_consolidated_report_numbers.csv],,report9 part 2,WMC3_BACI_DiD_step_2015_scraping = -0.0552146 [10_consolidated_report_numbers.csv] as mm
report9:e0e37c7b12,confirm,sentence's figure matches WMC3_BACI_DiD_step_2023_scraping = -0.0538282 [10_consolidated_report_numbers.csv],,report9 part 2,WMC3_BACI_DiD_step_2023_scraping = -0.0538282 [10_consolidated_report_numbers.csv] as mm
report9:6e1e5afce1,confirm,sentence's figure matches dist_ceh36_m = 262.439 [29_within_c3_variance.csv],,report9 part 2,wmc3 · dist_ceh36_m = 262.439 [29_within_c3_variance.csv]
report9:aa78e68baa,deny,"sentence's '2' is the word 'twice' (31-month window / ~13-21 month half-life), an arithmetic statement, not either tied config constant",,report9 part 2,WTF_C_DRY_BASELINE = 2 [config.py]
report9:e00b42d9bb,deny,sentence's 13 is the low end of the fitted drainage half-life in months (ln2/beta3) at nearby wells; key is an unrelated record-length-composition break year,,report9 part 2,min of record_length_break_years · record_length_break_years = 13 [25_10_record_length_composition.csv]
report9:54a2d4a6ba,confirm,sentence's figure matches drift_scale = -10.7021 [25_04_baci_corroboration.csv],,report9 part 2,Forest / Impact · drift_scale = -10.7021 [25_04_baci_corroboration.csv]
report9:66a0bf69ee,confirm,sentence's figure matches ANCOVA_Forest_Impact_s_coast = 1.59224 [10_consolidated_report_numbers.csv],,report9 part 2,ANCOVA_Forest_Impact_s_coast = 1.59224 [10_consolidated_report_numbers.csv]
report9:cff8fad7dd,confirm,sentence's figure matches s_coast_se = 0.442077 [10a_09_coastal_scale_factor.csv],,report9 part 2,Forest / Impact · s_coast_se = 0.442077 [10a_09_coastal_scale_factor.csv]
report9:93a0bf19c5,confirm,sentence's figure matches absorbed_drift_mm_yr = -17.0409 [10a_09_coastal_scale_factor.csv],,report9 part 2,min of absorbed_drift_mm_yr · absorbed_drift_mm_yr = -17.0409 [10a_09_coastal_scale_factor.csv]
report9:9f771a5a32,confirm,sentence's figure matches drift_scale = -9.49587 [25_04_baci_corroboration.csv],,report9 part 2,Forest / Edge · drift_scale = -9.49587 [25_04_baci_corroboration.csv]
report9:35c0bb96fe,confirm,sentence's figure matches ANCOVA_Forest_Edge_s_coast = 1.22832 [10_consolidated_report_numbers.csv],,report9 part 2,ANCOVA_Forest_Edge_s_coast = 1.22832 [10_consolidated_report_numbers.csv]
report9:cc90cf404a,confirm,sentence's figure matches s_coast_se = 0.35999 [10a_09_coastal_scale_factor.csv],,report9 part 2,Forest / Edge · s_coast_se = 0.35999 [10a_09_coastal_scale_factor.csv]
report9:66702b9d00,confirm,sentence's figure matches Shift_mm = -11.7 [10d_02_summer_minima_shifts.csv],,report9 part 2,L7 / Far-field Ctrl / Climate · Shift_mm = -11.7 [10d_02_summer_minima_shifts.csv]
report9:31c66ed27c,confirm,sentence's figure matches drift_scale = -0.944762 [25_04_baci_corroboration.csv],,report9 part 2,Climate / Impact · drift_scale = -0.944762 [25_04_baci_corroboration.csv]
report9:44abeae880,confirm,sentence's figure matches ANCOVA_Climate_Impact_coeff_coastal_x_time = -7.71443 [10_consolidated_report_numbers.csv],,report9 part 2,ANCOVA_Climate_Impact_coeff_coastal_x_time = -7.71443 [10_consolidated_report_numbers.csv]
report9:1e5038d28f,confirm,sentence's figure matches s_coast_se = 3.30727 [10a_09_coastal_scale_factor.csv],,report9 part 2,Climate / Impact · s_coast_se = 3.30727 [10a_09_coastal_scale_factor.csv]
report9:0e0680309d,confirm,sentence's figure matches SummerMin_Climate_Forest Ctrl_mean_shift = 0.02128 [10_consolidated_report_numbers.csv],,report9 part 2,SummerMin_Climate_Forest Ctrl_mean_shift = 0.02128 [10_consolidated_report_numbers.csv]
report9:aa1d9dbad8,confirm,sentence's figure matches absorbed_drift_mm_yr = 7.28834 [10a_09_coastal_scale_factor.csv],,report9 part 2,Climate · absorbed_drift_mm_yr = 7.28834 [10a_09_coastal_scale_factor.csv]
report9:1494f94afd,confirm,sentence's figure matches absorbed_drift_se_mm_yr = 3.1246 [10a_09_coastal_scale_factor.csv],,report9 part 2,Climate · absorbed_drift_se_mm_yr = 3.1246 [10a_09_coastal_scale_factor.csv]
report9:7c8af57d2c,confirm,sentence's figure matches coastal_differential_mm_yr = 0.261504 [10a_09_coastal_scale_factor.csv],,report9 part 2,Climate · coastal_differential_mm_yr = 0.261504 [10a_09_coastal_scale_factor.csv]
report9:be15cf5cbf,confirm,sentence's figure matches s_coast = 45.6708 [10a_09_coastal_scale_factor.csv],,report9 part 2,Climate · s_coast = 45.6708 [10a_09_coastal_scale_factor.csv]
report9:a152c0cd66,confirm,sentence's figure matches s_coast_se = 15.2081 [10a_09_coastal_scale_factor.csv],,report9 part 2,Climate · s_coast_se = 15.2081 [10a_09_coastal_scale_factor.csv]
report9:6bf2e8ac4b,confirm,sentence's figure matches p_vs_zero = 0.00317424 [10a_09_coastal_scale_factor.csv],,report9 part 2,Climate · p_vs_zero = 0.00317424 [10a_09_coastal_scale_factor.csv]
report9:e6f12fa04f,confirm,sentence's figure matches absorbed_drift_mm_yr = 11.9431 [10a_09_coastal_scale_factor.csv],,report9 part 2,Climate · absorbed_drift_mm_yr = 11.9431 [10a_09_coastal_scale_factor.csv]
report9:3689c64107,confirm,sentence's figure matches absorbed_drift_se_mm_yr = 3.97698 [10a_09_coastal_scale_factor.csv],,report9 part 2,Climate · absorbed_drift_se_mm_yr = 3.97698 [10a_09_coastal_scale_factor.csv]
report9:11e8d3fa3e,confirm,sentence's figure matches drift_scale = -13.0989 [25_04_baci_corroboration.csv],,report9 part 2,FarField / Impact · drift_scale = -13.0989 [25_04_baci_corroboration.csv]
report9:8ac3ede711,confirm,sentence's figure matches ANCOVA_FarField_Impact_coeff_coastal_x_time = -1.50833 [10_consolidated_report_numbers.csv],,report9 part 2,ANCOVA_FarField_Impact_coeff_coastal_x_time = -1.50833 [10_consolidated_report_numbers.csv]
report9:bb41137c40,confirm,sentence's figure matches s_coast_se = 0.612817 [10a_09_coastal_scale_factor.csv],,report9 part 2,FarField / Impact · s_coast_se = 0.612817 [10a_09_coastal_scale_factor.csv]
report9:04345d2400,confirm,sentence's figure matches ANCOVA_Climate_Impact_clearfell_step = -0.0146071 [10_consolidated_report_numbers.csv],,report9 part 2,ANCOVA_Climate_Impact_clearfell_step = -0.0146071 [10_consolidated_report_numbers.csv]
report9:75171bd38c,confirm,sentence's figure matches drift_scale = -11.8926 [25_04_baci_corroboration.csv],,report9 part 2,FarField / Edge · drift_scale = -11.8926 [25_04_baci_corroboration.csv]
report9:afe53b100e,confirm,sentence's figure matches ANCOVA_FarField_Edge_coeff_coastal_x_time = -1.98362 [10_consolidated_report_numbers.csv],,report9 part 2,ANCOVA_FarField_Edge_coeff_coastal_x_time = -1.98362 [10_consolidated_report_numbers.csv]
report9:ee871e6d2d,confirm,sentence's figure matches s_coast_se = 0.755755 [10a_09_coastal_scale_factor.csv],,report9 part 2,FarField / Edge · s_coast_se = 0.755755 [10a_09_coastal_scale_factor.csv]
report9:f26ac61113,confirm,sentence's figure matches p_vs_one = 0.00935669 [10a_09_coastal_scale_factor.csv],,report9 part 2,Climate · p_vs_one = 0.00935669 [10a_09_coastal_scale_factor.csv]
report9:8bbba91845,confirm,sentence's figure matches Canopy_extra_drift = -9.01325 [25_report_numbers.csv],,report9 part 2,Canopy_extra_drift = -9.01325 [25_report_numbers.csv]
report9:ab39358778,deny,"sentence's '1' is the null-hypothesis identity value in 'whether xi = 1', not a value drawn from the named CSV field",,report9 part 2,BACI_step_below_floor = 1 [09_scrape_report_numbers.csv]
report9:573f96d36f,confirm,sentence's figure matches FourZone_contrast_Impact_vs_Forest = 0.0241 [10k_report_numbers.csv],,report9 part 2,FourZone_contrast_Impact_vs_Forest = 0.0241 [10k_report_numbers.csv]
report9:5099f4527d,confirm,sentence's figure matches clearfell_ci_lo_m = 0.0008 [10k_01_four_zone_results.csv],,report9 part 2,Impact · clearfell_ci_lo_m = 0.0008 [10k_01_four_zone_results.csv]
report9:b551a7962e,confirm,sentence's figure matches clearfell_ci_hi_m = 0.0474 [10k_01_four_zone_results.csv],,report9 part 2,Impact · clearfell_ci_hi_m = 0.0474 [10k_01_four_zone_results.csv]
report9:251379afaa,confirm,sentence's figure matches clearfell_p = 0.042731 [10k_01_four_zone_results.csv],,report9 part 2,Impact · clearfell_p = 0.042731 [10k_01_four_zone_results.csv]
report9:eee7367908,confirm,sentence's figure matches FourZone_Edge_clearfell_step = -0.0385078 [10k_report_numbers.csv],,report9 part 2,FourZone_Edge_clearfell_step = -0.0385078 [10k_report_numbers.csv]
report9:fb6795bd1a,confirm,sentence's figure matches clearfell_p = 0.0637906 [10k_01_four_zone_results.csv],,report9 part 2,Edge · clearfell_p = 0.0637906 [10k_01_four_zone_results.csv]
report9:790ebdd4b4,confirm,sentence's figure matches FourZone_contrast_C3Warren_vs_Forest = 0.0085 [10k_report_numbers.csv],,report9 part 2,FourZone_contrast_C3Warren_vs_Forest = 0.0085 [10k_report_numbers.csv]
report9:ff5d2bc418,confirm,attributed key/column names the same subject and statistic the sentence states,,report9 part 2,C3/Warren · clearfell_p · 10k_01_four_zone_results.csv · committed 0.48543158024238 · index proposed
report9:ba1650ace3,confirm,sentence's figure matches FourZone_R2 = 0.847846 [10k_report_numbers.csv],,report9 part 2,FourZone_R2 = 0.847846 [10k_report_numbers.csv]
report9:48497161a3,confirm,sentence's figure matches N = 2489 [10k_01_four_zone_results.csv],,report9 part 2,min of N · N = 2489 [10k_01_four_zone_results.csv]
report9:75bd4dbed6,confirm,sentence's figure matches FourZone_Impact_clearfell_step = 0.0241178 [10k_report_numbers.csv],,report9 part 2,FourZone_Impact_clearfell_step = 0.0241178 [10k_report_numbers.csv]
report9:589f079748,confirm,sentence's figure matches ANCOVA_Forest_Impact_clearfell_step = 0.113095 [10_consolidated_report_numbers.csv],,report9 part 2,ANCOVA_Forest_Impact_clearfell_step = 0.113095 [10_consolidated_report_numbers.csv]
report9:5fdeac26f2,confirm,sentence's figure matches clearfell_step_m = 0.0241 [10k_03_easting_sensitivity.csv],,report9 part 2,Impact / with_easting · clearfell_step_m = 0.0241 [10k_03_easting_sensitivity.csv]
report9:33f32666a3,confirm,sentence's figure matches Value = 0.0256 [10_consolidated_report_numbers.csv],,report9 part 2,SpringMean_Climate_WMC1_shift · Value = 0.0256 [10_consolidated_report_numbers.csv]
report9:1e46a773cb,confirm,sentence's figure matches FourZone_contrast_Impact_vs_Edge = 0.0626 [10_consolidated_report_numbers.csv],,report9 part 2,FourZone_contrast_Impact_vs_Edge = 0.0626 [10_consolidated_report_numbers.csv]
report9:69006826a7,confirm,sentence's figure matches p = 0.000280667 [10a_12_control_subset_sensitivity.csv],,report9 part 2,in_block_only / free_trend · p = 0.000280667 [10a_12_control_subset_sensitivity.csv]
report9:61ee63aa9b,deny,sentence states the well count of the '17-well network' analysed; key is an unrelated 1981 summer_max_mean statistic,,report9 part 2,1981 · summer_max_mean = 17 [00_03_summer_warming_stats.csv]
report9:ae9cac8d22,confirm,sentence's figure matches Shift_m = -0.0073 [10d_02_summer_minima_shifts.csv],,report9 part 2,WMC3 / Impact / Forest · Shift_m = -0.0073 [10d_02_summer_minima_shifts.csv] as mm
report9:2aa07700eb,confirm,sentence's figure matches p_value = 0.905232 [10d_02_summer_minima_shifts.csv],,report9 part 2,WMC3 / Impact / Forest · p_value = 0.905232 [10d_02_summer_minima_shifts.csv]
report9:bc71863c0d,confirm,sentence's figure matches Shift_m = -0.0091 [10d_02_summer_minima_shifts.csv],,report9 part 2,CEH30 / Edge / Forest · Shift_m = -0.0091 [10d_02_summer_minima_shifts.csv] as mm
report9:5ba8b670c5,confirm,sentence's figure matches Shift_m = -0.0971 [10d_02_summer_minima_shifts.csv],,report9 part 2,CEH16 / Edge / Forest · Shift_m = -0.0971 [10d_02_summer_minima_shifts.csv] as mm
report9:9386360cc7,confirm,sentence's figure matches N_pre = 6 [10d_02_summer_minima_shifts.csv],,report9 part 2,WMC3 · N_pre = 6 [10d_02_summer_minima_shifts.csv]
report9:3a4b9ef66b,confirm,sentence's figure matches N_post = 7 [10d_02_summer_minima_shifts.csv],,report9 part 2,WMC3 · N_post = 7 [10d_02_summer_minima_shifts.csv]
report9:a5c453cd59,confirm,sentence's figure matches Pre_mean_gap_m = 0.127 [10d_02_summer_minima_shifts.csv],,report9 part 2,WMC3 · Pre_mean_gap_m = 0.127 [10d_02_summer_minima_shifts.csv]
report9:540985f96e,confirm,sentence's figure matches Post_mean_gap_m = 0.1197 [10d_02_summer_minima_shifts.csv],,report9 part 2,WMC3 · Post_mean_gap_m = 0.1197 [10d_02_summer_minima_shifts.csv]
report9:1b20f5ec6d,confirm,sentence's figure matches p_value = 0.905232 [10d_02_summer_minima_shifts.csv],,report9 part 2,WMC3 / Impact / Forest · p_value = 0.905232 [10d_02_summer_minima_shifts.csv]
report9:621b655b25,confirm,sentence's figure matches N_post = 7 [10d_02_summer_minima_shifts.csv],,report9 part 2,WMC3 · N_post = 7 [10d_02_summer_minima_shifts.csv]
report9:8b8eadd40b,confirm,sentence's figure matches N_summers = 8 [21_forestry_02_distributions_means.csv],,report9 part 2,C3 Warren interior / Post-felling 2018+ · N_summers = 8 [21_forestry_02_distributions_means.csv]
report9:44149b9c13,confirm,sentence's figure matches Pre_mean_gap_m = -0.0754 [10d_02_summer_minima_shifts.csv],,report9 part 2,CEH31 / Edge / Forest · Pre_mean_gap_m = -0.0754 [10d_02_summer_minima_shifts.csv]
report9:e4484f914c,confirm,sentence's figure matches Post_mean_gap_m = -0.1315 [10d_02_summer_minima_shifts.csv],,report9 part 2,CEH31 / Edge / Forest · Post_mean_gap_m = -0.1315 [10d_02_summer_minima_shifts.csv]
report9:88f48e659c,confirm,sentence's figure matches p_value = 0.580957 [10d_02_summer_minima_shifts.csv],,report9 part 2,CEH31 / Edge / Forest · p_value = 0.580957 [10d_02_summer_minima_shifts.csv]
report9:2dab75841e,confirm,sentence's figure matches N_post = 7 [10d_02_summer_minima_shifts.csv],,report9 part 2,WMC3 · N_post = 7 [10d_02_summer_minima_shifts.csv]
report9:f737043760,confirm,sentence's figure matches N_post = 7 [10d_02_summer_minima_shifts.csv],,report9 part 2,WMC3 · N_post = 7 [10d_02_summer_minima_shifts.csv]
report9:10d8c44635,confirm,sentence's figure matches Pre_mean_gap_m = 0.1217 [10d_02_summer_minima_shifts.csv],,report9 part 2,CEH20 / Edge / Forest · Pre_mean_gap_m = 0.1217 [10d_02_summer_minima_shifts.csv]
report9:c27dde959b,confirm,sentence's figure matches Post_mean_gap_m = 0.1114 [10d_02_summer_minima_shifts.csv],,report9 part 2,CEH20 / Edge / Forest · Post_mean_gap_m = 0.1114 [10d_02_summer_minima_shifts.csv]
report9:48e2089192,confirm,sentence's figure matches p_value = 0.73943 [10d_02_summer_minima_shifts.csv],,report9 part 2,CEH20 / Edge / Forest · p_value = 0.73943 [10d_02_summer_minima_shifts.csv]
report9:fade8ba6e5,confirm,sentence's figure matches N_post = 7 [10d_02_summer_minima_shifts.csv],,report9 part 2,WMC3 · N_post = 7 [10d_02_summer_minima_shifts.csv]
report9:be1e6c16fe,confirm,sentence's figure matches N_summers = 8 [21_forestry_02_distributions_means.csv],,report9 part 2,C3 Warren interior / Post-felling 2018+ · N_summers = 8 [21_forestry_02_distributions_means.csv]
report9:8b0eec18fb,confirm,sentence's figure matches Pre_mean_gap_m = -0.3111 [10d_02_summer_minima_shifts.csv],,report9 part 2,CEH30 / Edge / Forest · Pre_mean_gap_m = -0.3111 [10d_02_summer_minima_shifts.csv]
report9:3c2b2795ec,confirm,sentence's figure matches Post_mean_gap_m = -0.3203 [10d_02_summer_minima_shifts.csv],,report9 part 2,CEH30 / Edge / Forest · Post_mean_gap_m = -0.3203 [10d_02_summer_minima_shifts.csv]
report9:7d3ecb4c56,confirm,sentence's figure matches p_value = 0.858565 [10d_02_summer_minima_shifts.csv],,report9 part 2,CEH30 / Edge / Forest · p_value = 0.858565 [10d_02_summer_minima_shifts.csv]
report9:024d0920e7,confirm,sentence's figure matches N_post = 7 [10d_02_summer_minima_shifts.csv],,report9 part 2,WMC3 · N_post = 7 [10d_02_summer_minima_shifts.csv]
report9:c694da6233,confirm,sentence's figure matches N_summers = 8 [21_forestry_02_distributions_means.csv],,report9 part 2,C3 Warren interior / Post-felling 2018+ · N_summers = 8 [21_forestry_02_distributions_means.csv]
report9:ce5a515600,confirm,sentence's figure matches Pre_mean_gap_m = 0.6031 [10d_02_summer_minima_shifts.csv],,report9 part 2,CEH16 / Edge / Forest · Pre_mean_gap_m = 0.6031 [10d_02_summer_minima_shifts.csv]
report9:081563d8fc,confirm,sentence's figure matches Post_mean_gap_m = 0.506 [10d_02_summer_minima_shifts.csv],,report9 part 2,CEH16 / Edge / Forest · Post_mean_gap_m = 0.506 [10d_02_summer_minima_shifts.csv]
report9:9aa4f16d01,confirm,sentence's figure matches p_value = 0.296722 [10d_02_summer_minima_shifts.csv],,report9 part 2,CEH16 / Edge / Forest · p_value = 0.296722 [10d_02_summer_minima_shifts.csv]
report9:deeec829b8,confirm,sentence's figure matches MixedModel_Forest_Edge_clearfell = -0.064 [10_consolidated_report_numbers.csv],,report9 part 2,MixedModel_Forest_Edge_clearfell = -0.064 [10_consolidated_report_numbers.csv] as mm
report9:8c6f7cfd15,confirm,sentence's figure matches Scraping_p = 0.118739 [10d_08_spring_mixed_model_results.csv],,report9 part 2,Forest / Climate Ctrl · Scraping_p = 0.118739 [10d_08_spring_mixed_model_results.csv]
report9:cb2e6fe0ee,confirm,sentence's figure matches Clearfell_coef_m = -0.1757 [10d_03_mixed_model_results.csv],,report9 part 2,min of Clearfell_coef_m · Clearfell_coef_m = -0.1757 [10d_03_mixed_model_results.csv] as mm
report9:84bf1a56bf,confirm,sentence's figure matches FE2_Climate_clearfell_p = 0.0604952 [10_consolidated_report_numbers.csv],,report9 part 2,ANCOVA_A_WMC3+FE1+FE2_Climate_clearfell_p = 0.0604952 [10_consolidated_report_numbers.csv]
report9:b3ca8f8d18,confirm,sentence's figure matches ANCOVA_Climate_Edge_coeff_cwb = -0.000520204 [10_consolidated_report_numbers.csv],,report9 part 2,ANCOVA_Climate_Edge_coeff_cwb = -0.000520204 [10_consolidated_report_numbers.csv]
report9:d61d939f68,confirm,sentence's figure matches SpringMean_Forest_Climate Ctrl_mean_shift = -0.07832 [10_consolidated_report_numbers.csv],,report9 part 2,SpringMean_Forest_Climate Ctrl_mean_shift = -0.07832 [10_consolidated_report_numbers.csv]
report9:efa4d3ff37,confirm,sentence's figure matches t_stat = -0.991 [10d_02_summer_minima_shifts.csv],,report9 part 2,CEH19 / Coastal Ctrl / Climate · t_stat = -0.991 [10d_02_summer_minima_shifts.csv]
report9:ed8f93887b,confirm,sentence's figure matches N = 13 [10d_03_mixed_model_results.csv],,report9 part 2,Climate · N = 13 [10d_03_mixed_model_results.csv]
report9:eae01b2052,confirm,sentence's figure matches MixedModel_Forest_Edge_clearfell = -0.064 [10_consolidated_report_numbers.csv],,report9 part 2,MixedModel_Forest_Edge_clearfell = -0.064 [10_consolidated_report_numbers.csv]
report9:23b2af67b9,confirm,sentence's figure matches Clearfell_SE_m = 0.0422 [10d_03_mixed_model_results.csv],,report9 part 2,Climate · Clearfell_SE_m = 0.0422 [10d_03_mixed_model_results.csv]
report9:59dba19913,confirm,sentence's figure matches ANCOVA_Forest_Impact_clearfell_step_summer_noCWB = 0.122867 [10_consolidated_report_numbers.csv],,report9 part 2,ANCOVA_Forest_Impact_clearfell_step_summer_noCWB = 0.122867 [10_consolidated_report_numbers.csv]
report9:28b29b14d8,confirm,sentence's figure matches N = 59 [10d_03_mixed_model_results.csv],,report9 part 2,Climate · N = 59 [10d_03_mixed_model_results.csv]
report9:afe9785cb3,confirm,sentence's figure matches MixedModel_Forest_Forest Ctrl_clearfell = -0.0079 [10_consolidated_report_numbers.csv],,report9 part 2,MixedModel_Forest_Forest Ctrl_clearfell = -0.0079 [10_consolidated_report_numbers.csv]
report9:003b8d6bec,confirm,sentence's figure matches scraping_step_se_m = 0.0158 [10j_01_monthly_contrast_results.csv],,report9 part 2,OLS_well_FE_cluster_robust · scraping_step_se_m = 0.0158 [10j_01_monthly_contrast_results.csv]
report9:c5f34fb5fd,confirm,sentence's figure matches N = 72 [10d_03_mixed_model_results.csv],,report9 part 2,Climate · N = 72 [10d_03_mixed_model_results.csv]
report9:46786684e4,confirm,sentence's figure matches MixedModel_Forest_Coastal Ctrl_clearfell = -0.1757 [10_consolidated_report_numbers.csv],,report9 part 2,MixedModel_Forest_Coastal Ctrl_clearfell = -0.1757 [10_consolidated_report_numbers.csv]
report9:948cc717e4,confirm,sentence's figure matches Scraping_coef_m = 0.059 [10d_03_mixed_model_results.csv],,report9 part 2,Climate · Scraping_coef_m = 0.059 [10d_03_mixed_model_results.csv]
report9:094cd0f48a,confirm,sentence's figure matches N = 29 [10d_03_mixed_model_results.csv],,report9 part 2,Climate · N = 29 [10d_03_mixed_model_results.csv]
report9:745cf4a681,confirm,sentence's figure matches MixedModel_Forest_Climate Ctrl_clearfell = -0.0459 [10_consolidated_report_numbers.csv],,report9 part 2,MixedModel_Forest_Climate Ctrl_clearfell = -0.0459 [10_consolidated_report_numbers.csv]
report9:b8e41679c9,confirm,sentence's figure matches Scraping_p = 0.058211 [10d_03_mixed_model_results.csv],,report9 part 2,Climate · Scraping_p = 0.058211 [10d_03_mixed_model_results.csv]
report9:212f51b510,confirm,sentence's figure matches N = 69 [10d_03_mixed_model_results.csv],,report9 part 2,Climate · N = 69 [10d_03_mixed_model_results.csv]
report9:d4b1b287f2,confirm,sentence's figure matches ANCOVA_Forest_Impact_summer_N = 52 [10_consolidated_report_numbers.csv],,report9 part 2,ANCOVA_Forest_Impact_summer_N = 52 [10_consolidated_report_numbers.csv]
report9:873c566529,confirm,sentence's figure matches p = 0.4399 [10a_12_control_subset_sensitivity.csv],,report9 part 2,in_block_only / no_trend · p = 0.4399 [10a_12_control_subset_sensitivity.csv]
report9:957f4ac358,confirm,sentence's figure matches ANCOVA_Forest_Impact_clearfell_step_summer_noCWB = 0.122867 [10a_report_numbers.csv],,report9 part 2,ANCOVA_Forest_Impact_clearfell_step_summer_noCWB = 0.122867 [10a_report_numbers.csv] as mm
report9:54e91c0aaf,confirm,sentence's figure matches FIG_TARGET_HEIGHT_MM = 247 [config.py],,report9 part 2,FIG_TARGET_HEIGHT_MM = 247 [config.py]
report9:3b0fd88f34,confirm,sentence's figure matches p = 0.0576452 [10a_13_era_split.csv],,report9 part 2,Edge-Forest5 / none / 2017-12..2020-12 · p = 0.0576452 [10a_13_era_split.csv]
report9:a88863a7d5,confirm,sentence's figure matches ANCOVA_Forest_Impact_summer_noCWB_R2 = 0.0978297 [10a_report_numbers.csv],,report9 part 2,ANCOVA_Forest_Impact_summer_noCWB_R2 = 0.0978297 [10a_report_numbers.csv]
report9:7258ea7086,confirm,sentence's figure matches FourZoneSummer_contrast_Impact_vs_Forest = -0.0073 [10_consolidated_report_numbers.csv],,report9 part 2,FourZoneSummer_contrast_Impact_vs_Forest = -0.0073 [10_consolidated_report_numbers.csv] as mm
report9:4622c7ff1d,confirm,sentence's figure matches N_summers = 8 [21_forestry_02_distributions_means.csv],,report9 part 2,C3 Warren interior / Post-felling 2018+ · N_summers = 8 [21_forestry_02_distributions_means.csv]
report9:3091f216da,confirm,sentence's figure matches Clearfell_p = 0.359196 [10d_08_spring_mixed_model_results.csv],,report9 part 2,Climate / Edge · Clearfell_p = 0.359196 [10d_08_spring_mixed_model_results.csv]
report9:8e729cbca6,confirm,sentence's figure matches FourZoneSummer_contrast_Edge_vs_Forest = -0.0286 [10_consolidated_report_numbers.csv],,report9 part 2,FourZoneSummer_contrast_Edge_vs_Forest = -0.0286 [10_consolidated_report_numbers.csv] as mm
report9:851fc46b96,confirm,sentence's figure matches clearfell_p = 0.162246 [10l_01_four_zone_summer_results.csv],,report9 part 2,Edge · clearfell_p = 0.162246 [10l_01_four_zone_summer_results.csv]
report9:de5e39e9c7,confirm,sentence's figure matches FourZoneSummer_contrast_C3Warren_vs_Forest = 0.012 [10_consolidated_report_numbers.csv],,report9 part 2,FourZoneSummer_contrast_C3Warren_vs_Forest = 0.012 [10_consolidated_report_numbers.csv] as mm
report9:50df23d075,confirm,sentence's figure matches clearfell_p = 0.257214 [10l_01_four_zone_summer_results.csv],,report9 part 2,C3/Warren · clearfell_p = 0.257214 [10l_01_four_zone_summer_results.csv]
report9:2434bd28b9,confirm,joint four-zone summer model R2; N=181 in the same file row confirms it's the joint model,,report9 part 3,FourZoneSummer_R2 · 10_consolidated_report_numbers.csv · committed 0.7241872391214368 · index proposed
report9:b77927542e,confirm,"joint model N=181, same file/row as the R2 (0.7242,181 both in 10l_01)",,report9 part 3,Edge · N = 181 [10l_01_four_zone_summer_results.csv]
report9:893ec04ac6,deny,"CEH20 spring mean, wrong well and wrong metric; sentence is WMC3's MSL5 window-end 2018",,report9 part 3,CEH20 · Spring_mean_m = -1 [10d_06_spring_means.csv]
report9:7d3789c7fe,deny,"CEH1 dry_m, wrong well; sentence is WMC3's window-end 2019 value",,report9 part 3,ceh1 · dry_m = -1.11889 [33_envelope_per_well.csv]
report9:e9442e671f,deny,"CEH3's 2017 value, wrong well and wrong year (sentence says holding near 2019-2023)",,report9 part 3,ceh3 · MSL5_bg_2017_m = -1.046 [20_msl5_change_perwell.csv]
report9:47d25be18b,deny,"derived max of Post_fell_mean_m across all wells, not WMC3's own 2024 window-end value",,report9 part 3,max of Post_fell_mean_m · Post_fell_mean_m = -0.8987 [10g_03_clearfell_transect_steps.csv]
report9:719c9d920b,confirm,CoeffShift_Impact_mean_db1 matches the impact-tier mean deltabeta1,,report9 part 3,CoeffShift_Impact_mean_db1 · Value = -0.0959 [10_consolidated_report_numbers.csv]
report9:bf79699209,confirm,CoeffShift_Edge_mean_db1 matches the edge-tier mean deltabeta1,,report9 part 3,CoeffShift_Edge_mean_db1 · Value = -0.269425 [10_consolidated_report_numbers.csv]
report9:335e9e4751,confirm,CoeffShift_Forest Ctrl_mean_db1=-0.059 rounds to the forest-control tier mean stated,,report9 part 3,MixedModel_Forest_Climate Ctrl_clearfell = -0.0459 [10_consolidated_report_numbers.csv]
report9:ed4cd74d00,deny,"Gap_climate_m is a spring-means gap, not a coefficient shift; no CoeffShift key registered for the Coastal-Ctrl tier",unclear -- CoeffShift_Coastal Ctrl_mean_db1 is not present in 10_consolidated_report_numbers.csv,report9 part 3,mean of Gap_climate_m · Gap_climate_m = -0.315692 [10d_06_spring_means.csv]
report9:8e6baa8994,deny,MixedModel Far-field-Ctrl clearfell step is a different quantity than the climate-control tier's mean deltabeta1,CoeffShift_Climate Ctrl_mean_db1=-0.12374 [10_consolidated_report_numbers.csv],report9 part 3,MixedModel_Forest_Far-field Ctrl_clearfell = -0.1335 [10_consolidated_report_numbers.csv]
report9:7a6120a3c4,deny,"a single-well ANCOVA clearfell step converted to % coincides digit-wise; sentence states a network-mean percentage reduction, not this model's step",unclear -- no registered network-mean-reduction key found,report9 part 3,ANCOVA_A_WMC3+FE1+FE2_Climate_clearfell_step = -0.0583066 [10_consolidated_report_numbers.csv] as %
report9:a126991cb7,deny,"SummerMin_Climate_CEH2 shift is a water-level metric, not the edge-tier mean deltabeta2",CoeffShift_Edge_mean_db2 [10_consolidated_report_numbers.csv] (value does not exactly match either; needs a registration check),report9 part 3,SummerMin_Climate_CEH2_shift = -0.0304 [10_consolidated_report_numbers.csv]
report9:cb3a6293af,deny,scrape equilibration slope (a different script/purpose) is not a beta3 coefficient-shift tier mean,CoeffShift_<tier>_mean_db3 values (range -0.0097 to +0.0003) [10_consolidated_report_numbers.csv],report9 part 3,Scrape_equilibration_slope_from_scrape = -0.01394 [09c_report_numbers.csv]
report9:e231e1758e,deny,"beta3_drainage p-value, not a coefficient-shift mean near 0.00",CoeffShift_Impact_mean_db3=0.0003 [10_consolidated_report_numbers.csv],report9 part 3,β₃_drainage · p_value = 0.0039 [10c_forest_zone_cluster_summary.csv]
report9:ba62349f9a,unsure,neither CoeffShift_CEH2_db1 (+0.091) nor the tied candidate clearly matches the stated +0.12 for CEH2's beta1 increase,,report9 part 3,ANCOVA_Forest_Impact_clearfell_step_summer_noCWB = 0.122867 [10_consolidated_report_numbers.csv]
report9:61f5579aa0,deny,"ranwell_sites_basin_consistent is an unrelated hindcast-validation count that happens to equal 17, not the BACI network well count",unclear -- the 17-well BACI count is not found under a registered key,report9 part 3,ranwell_sites_basin_consistent = 17 [43_report_numbers.csv]
report9:96d0436b44,confirm,matches WMC3's before/after/delta coefficient table position,,report9 part 3,CoeffShift_WMC3_b1_before · 10_consolidated_report_numbers.csv · committed 2.521 · index confirmed
report9:da0e98f16d,confirm,matches WMC3's before/after/delta coefficient table position,,report9 part 3,CoeffShift_WMC3_b1_after · 10_consolidated_report_numbers.csv · committed 2.4251 · index confirmed
report9:b1e51a5a85,confirm,matches WMC3's before/after/delta coefficient table position,,report9 part 3,WMC3 · db1 = -0.0959 [10e_01_coefficient_shifts.csv]
report9:74b5d32a74,confirm,matches WMC3's before/after/delta coefficient table position,,report9 part 3,CoeffShift_WMC3_b2_before · 10_consolidated_report_numbers.csv · committed 1.9959 · index confirmed
report9:126be0cf96,confirm,matches WMC3's before/after/delta coefficient table position,,report9 part 3,CoeffShift_WMC3_b2_after · 10_consolidated_report_numbers.csv · committed 1.6898 · index confirmed
report9:dcd4860245,confirm,matches WMC3's before/after/delta coefficient table position,,report9 part 3,WMC3 · db2 · 10e_01_coefficient_shifts.csv · committed -0.3062 · index proposed
report9:2b37b9f5b8,confirm,matches WMC3's before/after/delta coefficient table position,,report9 part 3,CoeffShift_WMC3_b3_before · 10_consolidated_report_numbers.csv · committed 0.0343 · index proposed
report9:0e4eedab12,confirm,matches WMC3's before/after/delta coefficient table position,,report9 part 3,CoeffShift_WMC3_b3_after = 0.0346 [10_consolidated_report_numbers.csv]
report9:3184dd7c0f,confirm,matches WMC3's before/after/delta coefficient table position,,report9 part 3,WMC3 · db3 = 0.0003 [10e_01_coefficient_shifts.csv]
report9:f93d73b964,confirm,matches CEH31's before/after/delta coefficient table position,,report9 part 3,CoeffShift_CEH31_b1_before · 10_consolidated_report_numbers.csv · committed 2.6757 · index confirmed
report9:f3333a8327,confirm,matches CEH31's before/after/delta coefficient table position,,report9 part 3,CoeffShift_CEH31_b1_after · 10_consolidated_report_numbers.csv · committed 2.0943 · index confirmed
report9:ed2b8ccdb8,confirm,matches CEH31's before/after/delta coefficient table position,,report9 part 3,CEH31 · db1 · 10e_01_coefficient_shifts.csv · committed -0.5813 · index proposed
report9:41ecbedcca,confirm,matches CEH31's before/after/delta coefficient table position,,report9 part 3,CoeffShift_CEH31_b2_before · 10_consolidated_report_numbers.csv · committed 1.4874 · index confirmed
report9:462241f650,confirm,matches CEH31's before/after/delta coefficient table position,,report9 part 3,CoeffShift_CEH31_b2_after · 10_consolidated_report_numbers.csv · committed 1.2318 · index confirmed
report9:4a6853a76a,confirm,matches CEH31's before/after/delta coefficient table position,,report9 part 3,CEH31 · db2 · 10e_01_coefficient_shifts.csv · committed -0.2556 · index proposed
report9:fd26b47513,confirm,matches CEH31's before/after/delta coefficient table position,,report9 part 3,CoeffShift_CEH31_b3_before · 10_consolidated_report_numbers.csv · committed 0.0568 · index proposed
report9:5fb3b1c053,confirm,matches CEH31's before/after/delta coefficient table position,,report9 part 3,CoeffShift_CEH31_b3_after = 0.04 [10_consolidated_report_numbers.csv]
report9:51ea67d4cc,confirm,matches CEH31's before/after/delta coefficient table position,,report9 part 3,CEH31 · db3 = -0.0168 [10e_01_coefficient_shifts.csv]
report9:b19b9becb2,confirm,matches CEH20's before/after/delta coefficient table position,,report9 part 3,CoeffShift_CEH20_b1_before · 10_consolidated_report_numbers.csv · committed 2.57 · index confirmed
report9:59c82db235,confirm,matches CEH20's before/after/delta coefficient table position,,report9 part 3,CoeffShift_CEH20_b1_after · 10_consolidated_report_numbers.csv · committed 2.5146 · index confirmed
report9:a10c2797d2,confirm,matches CEH20's before/after/delta coefficient table position,,report9 part 3,CEH20 · db1 = -0.0553 [10e_01_coefficient_shifts.csv]
report9:4edc0ab280,confirm,matches CEH20's before/after/delta coefficient table position,,report9 part 3,CoeffShift_CEH20_b2_before · 10_consolidated_report_numbers.csv · committed 2.1594 · index confirmed
report9:a82409e55a,confirm,matches CEH20's before/after/delta coefficient table position,,report9 part 3,CoeffShift_CEH20_b2_after · 10_consolidated_report_numbers.csv · committed 1.9769 · index confirmed
report9:18e5b54f9f,confirm,matches CEH20's before/after/delta coefficient table position,,report9 part 3,CEH20 · db2 · 10e_01_coefficient_shifts.csv · committed -0.1825 · index proposed
report9:3171cf3cb7,confirm,matches CEH20's before/after/delta coefficient table position,,report9 part 3,CoeffShift_CEH20_b3_before · 10_consolidated_report_numbers.csv · committed 0.0309 · index proposed
report9:bf8a9250ec,confirm,matches CEH20's before/after/delta coefficient table position,,report9 part 3,CoeffShift_CEH20_b3_after = 0.0307 [10_consolidated_report_numbers.csv]
report9:c188b0f87d,confirm,matches CEH20's before/after/delta coefficient table position,,report9 part 3,CEH20 · db3 = -0.0002 [10e_01_coefficient_shifts.csv]
report9:667e65ab58,confirm,matches CEH30's before/after/delta coefficient table position,,report9 part 3,CoeffShift_CEH30_b1_before · 10_consolidated_report_numbers.csv · committed 2.5212 · index confirmed
report9:4769edd554,confirm,matches CEH30's before/after/delta coefficient table position,,report9 part 3,CoeffShift_CEH30_b1_after · 10_consolidated_report_numbers.csv · committed 2.2594 · index confirmed
report9:564156a224,confirm,matches CEH30's before/after/delta coefficient table position,,report9 part 3,CEH30 · db1 · 10e_01_coefficient_shifts.csv · committed -0.2619 · index proposed
report9:46ec663c26,confirm,matches CEH30's before/after/delta coefficient table position,,report9 part 3,CoeffShift_CEH30_b2_before · 10_consolidated_report_numbers.csv · committed 2.0865 · index confirmed
report9:caa8d26f48,confirm,matches CEH30's before/after/delta coefficient table position,,report9 part 3,CoeffShift_CEH30_b2_after · 10_consolidated_report_numbers.csv · committed 2.0743 · index confirmed
report9:5ccbcdcfa7,confirm,matches CEH30's before/after/delta coefficient table position,,report9 part 3,CEH30 · db2 = -0.0122 [10e_01_coefficient_shifts.csv]
report9:e6ec20e666,confirm,matches CEH30's before/after/delta coefficient table position,,report9 part 3,CoeffShift_CEH30_b3_before · 10_consolidated_report_numbers.csv · committed 0.0389 · index proposed
report9:f492c7374d,confirm,matches CEH30's before/after/delta coefficient table position,,report9 part 3,CoeffShift_CEH30_b3_after = 0.0253 [10_consolidated_report_numbers.csv]
report9:6bdee55b51,confirm,matches CEH30's before/after/delta coefficient table position,,report9 part 3,CEH30 · db3 = -0.0137 [10e_01_coefficient_shifts.csv]
report9:2ad2350c1a,confirm,matches CEH16's before/after/delta coefficient table position,,report9 part 3,CoeffShift_CEH16_b1_before · 10_consolidated_report_numbers.csv · committed 2.6595 · index confirmed
report9:157fcf7f76,confirm,matches CEH16's before/after/delta coefficient table position,,report9 part 3,CoeffShift_CEH16_b1_after · 10_consolidated_report_numbers.csv · committed 2.4803 · index confirmed
report9:a2825e552c,confirm,matches CEH16's before/after/delta coefficient table position,,report9 part 3,CEH16 · db1 · 10e_01_coefficient_shifts.csv · committed -0.1792 · index proposed
report9:a30a5ec90c,confirm,matches CEH16's before/after/delta coefficient table position,,report9 part 3,CoeffShift_CEH16_b2_before · 10_consolidated_report_numbers.csv · committed 1.3165 · index confirmed
report9:f9ad3e205e,confirm,matches CEH16's before/after/delta coefficient table position,,report9 part 3,CoeffShift_CEH16_b2_after · 10_consolidated_report_numbers.csv · committed 1.3688 · index confirmed
report9:1a8e890e37,confirm,matches CEH16's before/after/delta coefficient table position,,report9 part 3,CEH16 · db2 = 0.0524 [10e_01_coefficient_shifts.csv]
report9:6b7f0df7e5,confirm,matches CEH16's before/after/delta coefficient table position,,report9 part 3,CoeffShift_CEH16_b3_before · 10_consolidated_report_numbers.csv · committed 0.0463 · index proposed
report9:d6c9804303,confirm,matches CEH16's before/after/delta coefficient table position,,report9 part 3,CoeffShift_CEH16_b3_after = 0.0382 [10_consolidated_report_numbers.csv]
report9:e9cf4c412c,confirm,matches CEH16's before/after/delta coefficient table position,,report9 part 3,CEH16 · db3 = -0.0081 [10e_01_coefficient_shifts.csv]
report9:5e5aad68e2,confirm,matches CEH32's before/after/delta coefficient table position,,report9 part 3,CoeffShift_CEH32_b1_before · 10_consolidated_report_numbers.csv · committed 2.4682 · index confirmed
report9:6400f57b0f,confirm,matches CEH32's before/after/delta coefficient table position,,report9 part 3,CoeffShift_CEH32_b1_after · 10_consolidated_report_numbers.csv · committed 2.3196 · index confirmed
report9:5eaf58f903,confirm,matches CEH32's before/after/delta coefficient table position,,report9 part 3,CEH32 · db1 · 10e_01_coefficient_shifts.csv · committed -0.1486 · index proposed
report9:f2441c6d36,confirm,matches CEH32's before/after/delta coefficient table position,,report9 part 3,CoeffShift_CEH32_b2_before · 10_consolidated_report_numbers.csv · committed 2.3704 · index confirmed
report9:444752b44c,confirm,matches CEH32's before/after/delta coefficient table position,,report9 part 3,CoeffShift_CEH32_b2_after · 10_consolidated_report_numbers.csv · committed 2.4999 · index confirmed
report9:fca0402d2c,confirm,matches CEH32's before/after/delta coefficient table position,,report9 part 3,CEH32 · db2 = 0.1295 [10e_01_coefficient_shifts.csv]
report9:e4d96e8362,confirm,matches CEH32's before/after/delta coefficient table position,,report9 part 3,CoeffShift_CEH32_b3_before · 10_consolidated_report_numbers.csv · committed 0.0265 · index proposed
report9:be206af2b7,confirm,matches CEH32's before/after/delta coefficient table position,,report9 part 3,CoeffShift_CEH32_b3_after = 0.0149 [10_consolidated_report_numbers.csv]
report9:d2ab07dd80,confirm,matches CEH32's before/after/delta coefficient table position,,report9 part 3,CEH32 · db3 = -0.0116 [10e_01_coefficient_shifts.csv]
report9:d59c6eca3e,confirm,matches CEH34's before/after/delta coefficient table position,,report9 part 3,CoeffShift_CEH34_b1_before · 10_consolidated_report_numbers.csv · committed 2.5762 · index proposed
report9:5ce51143ab,confirm,matches CEH34's before/after/delta coefficient table position,,report9 part 3,CoeffShift_CEH34_b1_after · 10_consolidated_report_numbers.csv · committed 2.3202 · index confirmed
report9:4b95c9632c,confirm,matches CEH34's before/after/delta coefficient table position,,report9 part 3,CEH34 · db1 · 10e_01_coefficient_shifts.csv · committed -0.256 · index proposed
report9:f3739328ed,confirm,matches CEH34's before/after/delta coefficient table position,,report9 part 3,CoeffShift_CEH34_b2_before · 10_consolidated_report_numbers.csv · committed 2.3418 · index confirmed
report9:cfa6fda15b,confirm,matches CEH34's before/after/delta coefficient table position,,report9 part 3,CoeffShift_CEH34_b2_after · 10_consolidated_report_numbers.csv · committed 2.6078 · index confirmed
report9:27eeff1dc0,confirm,matches CEH34's before/after/delta coefficient table position,,report9 part 3,CEH34 · db2 = 0.266 [10e_01_coefficient_shifts.csv]
report9:8350a2c60b,confirm,matches CEH34's before/after/delta coefficient table position,,report9 part 3,CoeffShift_CEH34_b3_before · 10_consolidated_report_numbers.csv · committed 0.0231 · index proposed
report9:0f9b0df516,confirm,matches CEH34's before/after/delta coefficient table position,,report9 part 3,CoeffShift_CEH34_b3_after = 0.0084 [10_consolidated_report_numbers.csv]
report9:d304792818,confirm,matches CEH34's before/after/delta coefficient table position,,report9 part 3,CEH34 · db3 = -0.0147 [10e_01_coefficient_shifts.csv]
report9:0b5eb7ae99,confirm,matches CEH33's before/after/delta coefficient table position,,report9 part 3,CoeffShift_CEH33_b1_before · 10_consolidated_report_numbers.csv · committed 2.4466 · index confirmed
report9:2719d12723,confirm,matches CEH33's before/after/delta coefficient table position,,report9 part 3,CoeffShift_CEH33_b1_after · 10_consolidated_report_numbers.csv · committed 2.2011 · index confirmed
report9:314055ca7f,confirm,matches CEH33's before/after/delta coefficient table position,,report9 part 3,CEH33 · db1 · 10e_01_coefficient_shifts.csv · committed -0.2455 · index proposed
report9:13c115dfdf,confirm,matches CEH33's before/after/delta coefficient table position,,report9 part 3,CoeffShift_CEH33_b2_before · 10_consolidated_report_numbers.csv · committed 2.0763 · index proposed
report9:13b24acfa5,confirm,matches CEH33's before/after/delta coefficient table position,,report9 part 3,CoeffShift_CEH33_b2_after · 10_consolidated_report_numbers.csv · committed 2.1388 · index confirmed
report9:dc32464093,confirm,matches CEH33's before/after/delta coefficient table position,,report9 part 3,CEH33 · db2 = 0.0625 [10e_01_coefficient_shifts.csv]
report9:ccda9b1ad9,confirm,matches CEH33's before/after/delta coefficient table position,,report9 part 3,CoeffShift_CEH33_b3_before · 10_consolidated_report_numbers.csv · committed 0.0355 · index proposed
report9:78f2f676f9,confirm,matches CEH33's before/after/delta coefficient table position,,report9 part 3,CoeffShift_CEH33_b3_after = 0.0212 [10_consolidated_report_numbers.csv]
report9:c2e3f38641,confirm,matches CEH33's before/after/delta coefficient table position,,report9 part 3,CEH33 · db3 = -0.0143 [10e_01_coefficient_shifts.csv]
report9:be53c45c1a,confirm,matches NW10's before/after/delta coefficient table position,,report9 part 3,CoeffShift_NW10_b1_before · 10_consolidated_report_numbers.csv · committed 3.2349 · index confirmed
report9:5767d81c7f,confirm,matches NW10's before/after/delta coefficient table position,,report9 part 3,CoeffShift_NW10_b1_after · 10_consolidated_report_numbers.csv · committed 3.4993 · index confirmed
report9:63bbf2c22a,confirm,matches NW10's before/after/delta coefficient table position,,report9 part 3,NW10 · db1 = 0.2644 [10e_01_coefficient_shifts.csv]
report9:351a9cb2c7,confirm,matches NW10's before/after/delta coefficient table position,,report9 part 3,CoeffShift_NW10_b2_before · 10_consolidated_report_numbers.csv · committed 2.6055 · index confirmed
report9:1e9e6b9a80,confirm,matches NW10's before/after/delta coefficient table position,,report9 part 3,CoeffShift_NW10_b2_after · 10_consolidated_report_numbers.csv · committed 2.4809 · index confirmed
report9:1d664a86ce,confirm,matches NW10's before/after/delta coefficient table position,,report9 part 3,NW10 · db2 · 10e_01_coefficient_shifts.csv · committed -0.1246 · index proposed
report9:14f32c69f2,confirm,matches NW10's before/after/delta coefficient table position,,report9 part 3,CoeffShift_NW10_b3_before · 10_consolidated_report_numbers.csv · committed 0.0366 · index proposed
report9:d3da86c8da,confirm,matches NW10's before/after/delta coefficient table position,,report9 part 3,CoeffShift_NW10_b3_after = 0.0432 [10_consolidated_report_numbers.csv]
report9:ab3b7fa495,confirm,matches NW10's before/after/delta coefficient table position,,report9 part 3,NW10 · db3 = 0.0066 [10e_01_coefficient_shifts.csv]
report9:739a5ad202,confirm,matches CEH2's before/after/delta coefficient table position,,report9 part 3,CoeffShift_CEH2_b1_before · 10_consolidated_report_numbers.csv · committed 2.6272 · index confirmed
report9:9345b00f0c,confirm,matches CEH2's before/after/delta coefficient table position,,report9 part 3,CoeffShift_CEH2_b1_after · 10_consolidated_report_numbers.csv · committed 2.7182 · index confirmed
report9:4f0ad8bf9b,confirm,matches CEH2's before/after/delta coefficient table position,,report9 part 3,CEH2 · db1 = 0.0909 [10e_01_coefficient_shifts.csv]
report9:3a56091aef,confirm,matches CEH2's before/after/delta coefficient table position,,report9 part 3,CoeffShift_CEH2_b2_before · 10_consolidated_report_numbers.csv · committed 2.5822 · index confirmed
report9:8c6c0c1948,confirm,matches CEH2's before/after/delta coefficient table position,,report9 part 3,CoeffShift_CEH2_b2_after · 10_consolidated_report_numbers.csv · committed 2.8014 · index confirmed
report9:c12dcbb407,confirm,matches CEH2's before/after/delta coefficient table position,,report9 part 3,CEH2 · db2 = 0.2192 [10e_01_coefficient_shifts.csv]
report9:0a7570577b,confirm,matches CEH2's before/after/delta coefficient table position,,report9 part 3,CoeffShift_CEH2_b3_before · 10_consolidated_report_numbers.csv · committed 0.0228 · index proposed
report9:b18ff513d1,confirm,matches CEH2's before/after/delta coefficient table position,,report9 part 3,CoeffShift_CEH2_b3_after = 0.0181 [10_consolidated_report_numbers.csv]
report9:c3e46b0f6a,confirm,matches CEH2's before/after/delta coefficient table position,,report9 part 3,CEH2 · db3 = -0.0047 [10e_01_coefficient_shifts.csv]
report9:3a917732a2,confirm,matches CEH19's before/after/delta coefficient table position,,report9 part 3,CoeffShift_CEH19_b1_before · 10_consolidated_report_numbers.csv · committed 2.3815 · index confirmed
report9:135d011e8c,confirm,matches CEH19's before/after/delta coefficient table position,,report9 part 3,CoeffShift_CEH19_b1_after · 10_consolidated_report_numbers.csv · committed 2.2087 · index confirmed
report9:46c10b574d,confirm,matches CEH19's before/after/delta coefficient table position,,report9 part 3,CEH19 · db1 · 10e_01_coefficient_shifts.csv · committed -0.1727 · index proposed
report9:57e443ec3d,confirm,matches CEH19's before/after/delta coefficient table position,,report9 part 3,CoeffShift_CEH19_b2_before · 10_consolidated_report_numbers.csv · committed 0.9657 · index confirmed
report9:82449dbbd6,confirm,matches CEH19's before/after/delta coefficient table position,,report9 part 3,CoeffShift_CEH19_b2_after · 10_consolidated_report_numbers.csv · committed 0.7761 · index confirmed
report9:f843f45018,confirm,matches CEH19's before/after/delta coefficient table position,,report9 part 3,CEH19 · db2 · 10e_01_coefficient_shifts.csv · committed -0.1896 · index proposed
report9:6c8aa12c13,confirm,matches CEH19's before/after/delta coefficient table position,,report9 part 3,CoeffShift_CEH19_b3_before · 10_consolidated_report_numbers.csv · committed 0.0462 · index proposed
report9:92da5ecf22,confirm,matches CEH19's before/after/delta coefficient table position,,report9 part 3,CoeffShift_CEH19_b3_after = 0.0439 [10_consolidated_report_numbers.csv]
report9:d41d58ed93,confirm,matches CEH19's before/after/delta coefficient table position,,report9 part 3,CEH19 · db3 = -0.0023 [10e_01_coefficient_shifts.csv]
report9:5f7d878b6a,confirm,matches CEH17's before/after/delta coefficient table position,,report9 part 3,CoeffShift_CEH17_b1_before · 10_consolidated_report_numbers.csv · committed 2.4396 · index confirmed
report9:99660ba176,confirm,matches CEH17's before/after/delta coefficient table position,,report9 part 3,CoeffShift_CEH17_b1_after · 10_consolidated_report_numbers.csv · committed 2.0397 · index confirmed
report9:5e774d20c8,confirm,matches CEH17's before/after/delta coefficient table position,,report9 part 3,CEH17 · db1 · 10e_01_coefficient_shifts.csv · committed -0.3999 · index proposed
report9:1b09f443d1,confirm,matches CEH17's before/after/delta coefficient table position,,report9 part 3,CoeffShift_CEH17_b2_before · 10_consolidated_report_numbers.csv · committed 1.2067 · index confirmed
report9:4d392bbc4b,confirm,matches CEH17's before/after/delta coefficient table position,,report9 part 3,CoeffShift_CEH17_b2_after · 10_consolidated_report_numbers.csv · committed 1.0856 · index confirmed
report9:aeac857183,confirm,matches CEH17's before/after/delta coefficient table position,,report9 part 3,CEH17 · db2 · 10e_01_coefficient_shifts.csv · committed -0.1212 · index proposed
report9:d2dc262b60,confirm,matches CEH17's before/after/delta coefficient table position,,report9 part 3,CoeffShift_CEH17_b3_before · 10_consolidated_report_numbers.csv · committed 0.0771 · index proposed
report9:1d82726042,confirm,matches CEH17's before/after/delta coefficient table position,,report9 part 3,CoeffShift_CEH17_b3_after = 0.058 [10_consolidated_report_numbers.csv]
report9:6baa4e26c4,confirm,matches CEH17's before/after/delta coefficient table position,,report9 part 3,CEH17 · db3 = -0.0191 [10e_01_coefficient_shifts.csv]
report9:8b4a96f995,confirm,matches CEH9's before/after/delta coefficient table position,,report9 part 3,CoeffShift_CEH9_b1_before · 10_consolidated_report_numbers.csv · committed 3.2119 · index confirmed
report9:2cc58d71eb,confirm,matches CEH9's before/after/delta coefficient table position,,report9 part 3,CoeffShift_CEH9_b1_after · 10_consolidated_report_numbers.csv · committed 3.0262 · index proposed
report9:656a4435ac,confirm,matches CEH9's before/after/delta coefficient table position,,report9 part 3,CEH9 · db1 · 10e_01_coefficient_shifts.csv · committed -0.1858 · index proposed
report9:1d3d094bf4,confirm,matches CEH9's before/after/delta coefficient table position,,report9 part 3,CoeffShift_CEH9_b2_before · 10_consolidated_report_numbers.csv · committed 2.0897 · index confirmed
report9:db73bce29c,confirm,matches CEH9's before/after/delta coefficient table position,,report9 part 3,CoeffShift_CEH9_b2_after · 10_consolidated_report_numbers.csv · committed 2.1579 · index confirmed
report9:015e27e721,confirm,matches CEH9's before/after/delta coefficient table position,,report9 part 3,CEH9 · db2 = 0.0683 [10e_01_coefficient_shifts.csv]
report9:94cad490b2,confirm,matches CEH9's before/after/delta coefficient table position,,report9 part 3,CoeffShift_CEH9_b3_before · 10_consolidated_report_numbers.csv · committed 0.0365 · index proposed
report9:8960feb762,confirm,matches CEH9's before/after/delta coefficient table position,,report9 part 3,CoeffShift_CEH9_b3_after = 0.0342 [10_consolidated_report_numbers.csv]
report9:c433b2c230,confirm,matches CEH9's before/after/delta coefficient table position,,report9 part 3,CEH9 · db3 = -0.0024 [10e_01_coefficient_shifts.csv]
report9:612b482cf1,confirm,matches NW7's before/after/delta coefficient table position,,report9 part 3,CoeffShift_NW7_b1_before · 10_consolidated_report_numbers.csv · committed 3.1197 · index confirmed
report9:f30a074d78,confirm,matches NW7's before/after/delta coefficient table position,,report9 part 3,CoeffShift_NW7_b1_after · 10_consolidated_report_numbers.csv · committed 2.8179 · index confirmed
report9:ca49915ba5,confirm,matches NW7's before/after/delta coefficient table position,,report9 part 3,NW7 · db1 · 10e_01_coefficient_shifts.csv · committed -0.3018 · index proposed
report9:7dfab18418,confirm,matches NW7's before/after/delta coefficient table position,,report9 part 3,CoeffShift_NW7_b2_before · 10_consolidated_report_numbers.csv · committed 1.9885 · index confirmed
report9:ad1df2bc74,confirm,matches NW7's before/after/delta coefficient table position,,report9 part 3,CoeffShift_NW7_b2_after · 10_consolidated_report_numbers.csv · committed 1.9093 · index confirmed
report9:c3a918c3aa,confirm,matches NW7's before/after/delta coefficient table position,,report9 part 3,NW7 · db2 = -0.0792 [10e_01_coefficient_shifts.csv]
report9:87817136fd,confirm,matches NW7's before/after/delta coefficient table position,,report9 part 3,CoeffShift_NW7_b3_before · 10_consolidated_report_numbers.csv · committed 0.0538 · index proposed
report9:13c58dc627,confirm,matches NW7's before/after/delta coefficient table position,,report9 part 3,CoeffShift_NW7_b3_after = 0.0428 [10_consolidated_report_numbers.csv]
report9:71b668e37b,confirm,matches NW7's before/after/delta coefficient table position,,report9 part 3,NW7 · db3 = -0.011 [10e_01_coefficient_shifts.csv]
report9:811e9149b8,confirm,matches NW6 b1_before,,report9 part 3,CoeffShift_NW6_b1_before · 10_consolidated_report_numbers.csv · committed 3.3673 · index proposed
report9:9a05c8ddd2,confirm,matches NW6 b1_after,,report9 part 3,CoeffShift_NW6_b1_after · 10_consolidated_report_numbers.csv · committed 3.3044 · index confirmed
report9:08091b56a3,confirm,matches NW6 db1 (-0.0628 rounds to -0.063),,report9 part 3,NW6 · db1 = -0.0628 [10e_01_coefficient_shifts.csv]
report9:302661fe32,confirm,matches NW6 b2_before,,report9 part 3,CoeffShift_NW6_b2_before · 10_consolidated_report_numbers.csv · committed 1.3589 · index confirmed
report9:0ab4f93cfd,confirm,matches NW6 b2_after,,report9 part 3,CoeffShift_NW6_b2_after · 10_consolidated_report_numbers.csv · committed 1.1228 · index confirmed
report9:d8173bdf82,confirm,matches NW6 db2,,report9 part 3,NW6 · db2 · 10e_01_coefficient_shifts.csv · committed -0.2361 · index proposed
report9:1a51495d4c,confirm,matches NW6 b3_before,,report9 part 3,CoeffShift_NW6_b3_before · 10_consolidated_report_numbers.csv · committed 0.0562 · index proposed
report9:80caeb632d,confirm,matches NW6 b3_after,,report9 part 3,CoeffShift_NW6_b3_after = 0.0564 [10_consolidated_report_numbers.csv]
report9:2ec2519301,deny,ANCOVA_Climate_Edge coefficient is unrelated; the table row's value is NW6's own db3,NW6 . db3 = 0.0002 [10e_01_coefficient_shifts.csv],report9 part 3,ANCOVA_Climate_Edge_coeff_cwb_x_fell = 0.00017673 [10_consolidated_report_numbers.csv]
report9:8378f5d97a,confirm,matches NW5 b1_before,,report9 part 3,CoeffShift_NW5_b1_before · 10_consolidated_report_numbers.csv · committed 3.4829 · index confirmed
report9:2bc672c0e7,confirm,matches NW5 b1_after,,report9 part 3,CoeffShift_NW5_b1_after · 10_consolidated_report_numbers.csv · committed 3.4965 · index proposed
report9:326151533d,deny,SpringMean_Climate_Edge shift is unrelated; the table row's value is NW5's own db1 (3.497-3.483=0.0136),CoeffShift_NW5_db1=0.0136 [10_consolidated_report_numbers.csv / 10e_01_coefficient_shifts.csv],report9 part 3,SpringMean_Climate_Edge_mean_shift = 0.0144 [10_consolidated_report_numbers.csv]
report9:8bdbcd8aab,confirm,matches NW5 b2_before,,report9 part 3,CoeffShift_NW5_b2_before · 10_consolidated_report_numbers.csv · committed 2.0581 · index confirmed
report9:8232ac43b2,confirm,matches NW5 b2_after,,report9 part 3,CoeffShift_NW5_b2_after · 10_consolidated_report_numbers.csv · committed 1.9378 · index confirmed
report9:40c6a34fae,confirm,matches NW5 db2,,report9 part 3,NW5 · db2 · 10e_01_coefficient_shifts.csv · committed -0.1204 · index proposed
report9:a7b88e7fc4,confirm,matches NW5 b3_before,,report9 part 3,CoeffShift_NW5_b3_before · 10_consolidated_report_numbers.csv · committed 0.0507 · index proposed
report9:8dab4ad41b,confirm,matches NW5 b3_after,,report9 part 3,NW5 · b3_after = 0.0496 [10e_01_coefficient_shifts.csv]
report9:a7b7bc8923,confirm,matches NW5 db3,,report9 part 3,NW5 · db3 = -0.0011 [10e_01_coefficient_shifts.csv]
report9:b89c3804b8,confirm,matches WMC2's before/after/delta coefficient table position,,report9 part 3,CoeffShift_WMC2_b1_before · 10_consolidated_report_numbers.csv · committed 3.3794 · index confirmed
report9:ccd0e59718,confirm,matches WMC2's before/after/delta coefficient table position,,report9 part 3,CoeffShift_WMC2_b1_after · 10_consolidated_report_numbers.csv · committed 3.2975 · index confirmed
report9:82f3f88c40,confirm,matches WMC2's before/after/delta coefficient table position,,report9 part 3,WMC2 · db1 = -0.0819 [10e_01_coefficient_shifts.csv]
report9:9479d0f42d,confirm,matches WMC2's before/after/delta coefficient table position,,report9 part 3,CoeffShift_WMC2_b2_before · 10_consolidated_report_numbers.csv · committed 2.1215 · index confirmed
report9:15907384f1,confirm,matches WMC2's before/after/delta coefficient table position,,report9 part 3,CoeffShift_WMC2_b2_after · 10_consolidated_report_numbers.csv · committed 1.7647 · index confirmed
report9:07c80f9e4b,confirm,matches WMC2's before/after/delta coefficient table position,,report9 part 3,WMC2 · db2 · 10e_01_coefficient_shifts.csv · committed -0.3568 · index proposed
report9:14f3d881db,confirm,matches WMC2's before/after/delta coefficient table position,,report9 part 3,CoeffShift_WMC2_b3_before · 10_consolidated_report_numbers.csv · committed 0.0457 · index proposed
report9:373a0bdf1f,confirm,matches WMC2's before/after/delta coefficient table position,,report9 part 3,WMC2 · b3_after = 0.0468 [10e_01_coefficient_shifts.csv]
report9:0a67525b58,confirm,matches WMC2's before/after/delta coefficient table position,,report9 part 3,WMC2 · db3 = 0.0011 [10e_01_coefficient_shifts.csv]
report9:aba9b5f64d,confirm,SSM_Resid_Impact_mean_step matches the impact well's normalized SSM-residual step,,report9 part 3,SSM_Resid_Impact_mean_step = 0.0561 [10_consolidated_report_numbers.csv] as mm
report9:d2e96e13f1,confirm,SSM_Resid_Forest_Ctrl_mean_step matches the forest-control mean drift,,report9 part 3,SSM_Resid_Forest_Ctrl_mean_step = 0.078 [10_consolidated_report_numbers.csv] as mm
report9:440b9d1d07,deny,"unrelated rolling-coefficients column min; -22mm is the in-text subtraction 56mm-78mm, not a single CSV cell",,report9 part 3,min of per-column mins = -0.0223 [10g_04_rolling_coefficients.csv] as mm
report9:d577a9b561,confirm,Synth_Impact_step matches the synthetic-counterfactual impact step,,report9 part 3,Synth_Impact_step = 0.0993 [10_consolidated_report_numbers.csv] as mm
report9:6d3128e2c2,deny,"an ANCOVA p-value, not the synthetic-control p; the true p=0.001 is stated in Synth_Impact_step's own Note field","Synth_Impact_step Note (p=0.001, n_donors=6) [10_consolidated_report_numbers.csv]",report9 part 3,ANCOVA_A_WMC3+FE1+FE2_Forest_clearfell_p = 0.000879461 [10_consolidated_report_numbers.csv]
report9:fb901c0bf5,deny,WMC3 BACI DiD step is a different well/method; sentence is the edge synthetic-control step,Synth_Edge_step=0.0402 [10_consolidated_report_numbers.csv],report9 part 3,WMC3_BACI_DiD_step_2017_clearfell = 0.0408179 [10_consolidated_report_numbers.csv] as mm
report9:8eb8eae731,deny,"spring mixed-model forest clearfell p, not the edge synthetic-control p",Synth_Edge_step Note (p=0.233) [10_consolidated_report_numbers.csv],report9 part 3,Forest / Forest Ctrl · Clearfell_p = 0.217078 [10d_08_spring_mixed_model_results.csv]
report9:98714cb393,unsure,order-of-magnitude restatement of the earlier +56/+99 figures; not clearly tied to this specific ANCOVA cell,,report9 part 3,ANCOVA_Forest_Impact_clearfell_step_summer = 0.0500747 [10_consolidated_report_numbers.csv] as mm
report9:1d62171efa,unsure,same order-of-magnitude restatement; the C4 scrape-step max is a plausible but unconfirmed match,,report9 part 3,C4 max of scrape_step · scrape_step = 0.1 [10b_spatial_step_data.csv] as mm
report9:d373bf1fc0,confirm,Transect_gradient_mm_per_100m matches exactly,,report9 part 3,Transect_gradient_mm_per_100m = -0.4 [10_consolidated_report_numbers.csv]
report9:d37cbee806,deny,neither candidate is the transect gradient's own p-value; that row's own Note gives p=0.171,Transect_gradient_mm_per_100m Note (p=0.171) [10_consolidated_report_numbers.csv],report9 part 3,FarField / Impact · Clearfell_p = 0.189492 [10a_01_ancova_comparison_table.csv]
report9:30c0676072,deny,"an ANCOVA clearfell-step coefficient, not the donor-regression calibration RMSE",synth_FE1_RMSE_mm=18.17 [10_consolidated_report_numbers.csv],report9 part 3,ANCOVA_Forest_Edge_clearfell_step_s_fixed1 = 0.0177536 [10_consolidated_report_numbers.csv] as mm
report9:49da87546d,deny,"an ANCOVA CI bound, not the donor-regression calibration RMSE",synth_FE2_RMSE_mm=24.63 [10_consolidated_report_numbers.csv],report9 part 3,FarField / Edge · Clearfell_CI_hi_m = -0.025097 [10a_01_ancova_comparison_table.csv] as mm
report9:9aa810b466,confirm,ANCOVA_B_WMC3+FE2_Forest_clearfell_step matches exactly,,report9 part 3,ANCOVA_B_WMC3+FE2_Forest_clearfell_step = 0.0971629 [10_consolidated_report_numbers.csv] as mm
report9:dc6c89195b,confirm,same row's p-value as the +97mm step,,report9 part 3,ANCOVA_B_WMC3+FE2_Forest_clearfell_p = 0.00161722 [10_consolidated_report_numbers.csv]
report9:4501a66cee,confirm,same row's R2 as the +97mm step,,report9 part 3,ANCOVA_B_WMC3+FE2_Forest_R2 = 0.310631 [10_consolidated_report_numbers.csv]
report9:727edb4e0c,confirm,ANCOVA_C_WMC3_only_Forest_clearfell_step matches the wmc3-only headline,,report9 part 3,ANCOVA_C_WMC3_only_Forest_clearfell_step = 0.113095 [10_consolidated_report_numbers.csv] as mm
report9:cc3558cfcc,deny,ANCOVA_Climate_Impact scraping step is unrelated; sentence is FE2's donor-counterfactual divergence,synth_FE2_postfell_divergence_mm=28.26 [10_consolidated_report_numbers.csv],report9 part 3,ANCOVA_Climate_Impact_scraping_step = 0.0280939 [10_consolidated_report_numbers.csv] as mm
report9:45dbb2d4ea,confirm,ANCOVA_A_WMC3+FE1+FE2_Forest_clearfell_step matches the extended-centroid step,,report9 part 3,ANCOVA_A_WMC3+FE1+FE2_Forest_clearfell_step = 0.0803304 [10_consolidated_report_numbers.csv] as mm
report9:5695203d7c,confirm,inequality bound satisfied by the cited row's value,,report9 part 3,"p < 0.001: the row its neighbours cite (10_consolidated_report_numbers.csv · ANCOVA_A_WMC3+FE1+FE2_Forest_clearfell_p) has Value = 0.000879, which satisfies the"
report9:980017511a,confirm,ANCOVA_C_WMC3_only_Forest_clearfell_step matches the wmc3-alone figure,,report9 part 3,ANCOVA_C_WMC3_only_Forest_clearfell_step = 0.113095 [10_consolidated_report_numbers.csv] as mm
report9:9525767cf7,confirm,ANCOVA_B_WMC3+FE2_Forest_clearfell_step matches the wmc3+FE2 figure,,report9 part 3,ANCOVA_B_WMC3+FE2_Forest_clearfell_step = 0.0971629 [10_consolidated_report_numbers.csv] as mm
report9:038208a543,confirm,ANCOVA_A_WMC3+FE1+FE2_Forest_clearfell_step matches the extended figure,,report9 part 3,ANCOVA_A_WMC3+FE1+FE2_Forest_clearfell_step · Value = 0.0803304 [10_consolidated_report_numbers.csv] as mm
report9:d260abaee9,confirm,Canopy_era_Impact_early_step matches the early-era impact recovery,,report9 part 3,Canopy_era_Impact_early_step = 0.153735 [10_consolidated_report_numbers.csv] as mm
report9:d062d3644b,confirm,Canopy_era_Impact_late_step matches the late-era impact recovery,,report9 part 3,Canopy_era_Impact_late_step = 0.0361435 [10_consolidated_report_numbers.csv] as mm
report9:f2dc1afc73,confirm,Canopy_era_Edge_early_step matches the early-era edge contrast,,report9 part 3,Canopy_era_Edge_early_step = 0.063814 [10_consolidated_report_numbers.csv] as mm
report9:c9d3ef613a,confirm,Canopy_era_Edge_late_step matches the late-era edge contrast,,report9 part 3,Canopy_era_Edge_late_step = -0.0109983 [10_consolidated_report_numbers.csv] as mm
report9:c22036c8d2,deny,"in_block_only/free_trend is a control-subset variant, not the baseline 'script 25 field' figure already used for +154",era-split baseline impact-early step ~153.7 [10a_13_era_split.csv],report9 part 3,in_block_only / free_trend · step_mm = 153.993 [10a_12_control_subset_sensitivity.csv]
report9:06733469d7,deny,"coastal-gradient-percent-of-basis is an unrelated Script-25 metric, not a no-drift era-split step",unclear -- the no-drift impact-early step was not located,report9 part 3,max of coastal_gradient_pct_of_basis · coastal_gradient_pct_of_basis = 122.112 [25_03_cluster_partition_spring.csv]
report9:1060175650,deny,"same wrong file (coastal-gradient % of basis), not a no-drift step estimate",unclear -- the no-drift impact-early step was not located,report9 part 3,max of coastal_gradient_pct_of_basis · coastal_gradient_pct_of_basis = 122.112 [25_03_cluster_partition_spring.csv]
report9:7c7a729658,confirm,outside_only/free_trend step matches the two-outside-control-wells estimate exactly,,report9 part 3,outside_only / free_trend · step_mm = 113.918 [10a_12_control_subset_sensitivity.csv]
report9:f21793c526,confirm,ANCOVA_Forest_Impact_clearfell_step matches the wmc3-only headline figure being referenced,,report9 part 3,ANCOVA_Forest_Impact_clearfell_step = 0.113095 [10a_report_numbers.csv] as mm
report9:15dd30a6ce,deny,"four-zone summer Impact-vs-C3/Warren contrast, not the in-block-vs-outside-block control comparison",unclear -- likely in 10a_12_control_subset_sensitivity.csv,report9 part 3,FourZoneSummer_contrast_Impact_vs_C3Warren = -0.0193 [10_consolidated_report_numbers.csv] as mm
report9:14546cbfb4,deny,"mixed-model forest-vs-forest-ctrl clearfell step, not the in-block-vs-outside-block comparison",unclear -- likely in 10a_12_control_subset_sensitivity.csv,report9 part 3,MixedModel_Forest_Forest Ctrl_clearfell = -0.0079 [10_consolidated_report_numbers.csv] as mm
report9:67409c2607,deny,wrong region (felling_experiment) and wrong date (2020); sentence is the clearfell compartment at felling (~2018),clearfell/2018-06-28/aerial28-6-2018.png ratio_to_conifer=0.1399 [41_01_canopy_index.csv],report9 part 3,felling_experiment / 2020-04-24 / aerial24-4-2020.png · ratio_to_conifer = 0.136757 [41_01_canopy_index.csv]
report9:880c9212ee,deny,"wrong region (felling_1998_1, a 1998 replant block) and wrong year (2006); sentence is the clearfell compartment in 2020",clearfell/2020-04-24/aerial24-4-2020.png ratio_to_conifer=0.1492 [41_01_canopy_index.csv],report9 part 3,felling_1998_1 / 2006-01-01 / aerial 1-1-2006.png · ratio_to_conifer = 0.145192 [41_01_canopy_index.csv]
report9:19bf297bda,deny,"an unrelated dipwell summer-minima gap metric, not a canopy index; the clearfell region's actual 2026 ratio is ~0.11, not 0.37",,report9 part 3,CEH32 / Forest Ctrl / Forest · Pre_mean_gap_m = -0.3654 [10d_02_summer_minima_shifts.csv]
report9:b947fb67f8,confirm,felling_1998_1/2006 matches the first of the three 1998 replant-block values,,report9 part 3,felling_1998_1 / 2006-01-01 / aerial 1-1-2006.png · ratio_to_conifer = 0.145192 [41_01_canopy_index.csv]
report9:58cc234eeb,confirm,felling_1998_2/2006 matches the second replant-block value,,report9 part 3,felling_1998_2 / 2006-01-01 / aerial 1-1-2006.png · ratio_to_conifer = 0.355443 [41_01_canopy_index.csv]
report9:c8ef075d86,confirm,felling_1998_3/2006 matches the third (negative) replant-block value,,report9 part 3,felling_1998_3 / 2006-01-01 / aerial 1-1-2006.png · ratio_to_conifer = -0.0467329 [41_01_canopy_index.csv]
report9:7214dc1263,confirm,felling_1998_3/2020 matches the lower end of the 0.77-0.89 range,,report9 part 3,felling_1998_3 / 2020-03-31 / aerial31-3-2020.png · ratio_to_conifer = 0.771338 [41_01_canopy_index.csv]
report9:d35a993a0a,confirm,felling_1998_1/2020 matches the upper end of the 0.77-0.89 range,,report9 part 3,felling_1998_1 / 2020-04-24 / aerial24-4-2020.png · ratio_to_conifer = 0.892784 [41_01_canopy_index.csv]
report9:d7660cf0a8,deny,wrong region (clearfell) and wrong year (2012); sentence is a 1998 replant block by 2026,"felling_1998_2 or felling_1998_3, 2026-03-31, ratio~1.01 [41_01_canopy_index.csv]",report9 part 3,clearfell / 2012-05-26 / aerial26-5-2012.png · ratio_to_conifer = 1.05316 [41_01_canopy_index.csv]
report9:a793608e25,deny,"an unrelated Script-25 panel-fit SE parameter, not a canopy-index ratio; no 2026 replant-block value reaches 1.44",,report9 part 3,full_canopy / linear_capped · delta_ref_se = 1.4437 [25_01_panel_fit_parameters.csv]
report9:4a65b6f567,confirm,forest_control/2006 matches the pooled control's starting value,,report9 part 3,forest_control / 2006-01-01 / aerial 1-1-2006.png · ratio_to_conifer = 1.46742 [41_01_canopy_index.csv]
report9:7702711979,deny,wrong region (broadleaf_restock); sentence is the pooled forest control,"forest_control, 2020-03-31, ratio=1.1649 [41_01_canopy_index.csv]",report9 part 3,broadleaf_restock / 2020-03-31 / aerial31-3-2020.png · ratio_to_conifer = 1.1486 [41_01_canopy_index.csv]
report9:e1d0f6f325,deny,this is C5's beta3 p-value; the sentence explicitly names C4's drainage coefficient,C4's beta3 p-value in the cluster mechanistic-fit table,report9 part 3,well · C5 · pvalue_beta_3_A = 0.00178541 [03_16_model_b_persistence.csv]
report9:9cdcae6973,confirm,C3 R2 matches exactly,,report9 part 3,C3 (Western Residual) · R2 · 03_03_cluster_mechanistic_coefficients.csv · committed 0.8121709148349237 · index confirmed
report9:9d6b1ca5f5,confirm,C5 R2 matches exactly,,report9 part 3,C5 (Coastal Forest) · R2 · 03_03_cluster_mechanistic_coefficients.csv · committed 0.6828076966269476 · index confirmed
report9:1c42957ad9,confirm,C4 R2 matches exactly,,report9 part 3,C4 (Main Forest) · R2 · 03_03_cluster_mechanistic_coefficients.csv · committed 0.7215300155336086 · index confirmed
report9:2a7a328d3a,confirm,k=5 is a legitimate derived cluster-count attribution for the stated partition,,report9 part 3,distinct clusters in cluster_k5 (k = 5) · cluster_k5 = 5 [02_07_cluster_membership_k5.csv]
report9:ae1dc584d9,confirm,Lake_Edge p_value_P_winter matches the stated p=0.002,,report9 part 3,Lake_Edge · p_value_P_winter = 0.00185994 [11_forecast_winter_transfer_functions.csv]
report9:e7c81d9dfe,deny,"an aggregate median of summer p-values, not dune's own winter-rainfall p-value",Eastern_Block p_value_P_winter [11_forecast_winter_transfer_functions.csv],report9 part 3,median of p_value_P_summer · p_value_P_summer = 0.00368816 [11_forecast_summer_transfer_functions.csv]
report9:a9c7323bed,confirm,Lake_Edge p_value_h_min matches exactly,,report9 part 3,Lake_Edge · p_value_h_min · 11_forecast_winter_transfer_functions.csv · committed 0.780119421888906 · index proposed
report9:a82a7e921a,confirm,Eastern_Block (dune) p_value_h_min matches exactly,,report9 part 3,Eastern_Block · p_value_h_min · 11_forecast_winter_transfer_functions.csv · committed 0.575100770077303 · index proposed
report9:db82ada13a,confirm,Western_Block p_value_h_min matches western residual's stated p,,report9 part 3,Western_Block · p_value_h_min = 0.0079183 [11_forecast_winter_transfer_functions.csv]
report9:cf65f45c3c,confirm,Western_Block R2 matches,,report9 part 3,Western_Block · R2 = 0.670185 [11_forecast_winter_transfer_functions.csv]
report9:b07dcecbda,confirm,inequality bound p<0.001 satisfied by the cited row,,report9 part 3,"p < 0.001: the row its neighbours cite (11_forecast_winter_transfer_functions.csv · Forest · R2) has p_value_h_min = 2.27e-07, which satisfies the bound"
report9:cf165ddb8c,confirm,Forest R2 matches,,report9 part 3,Forest · R2 · 11_forecast_winter_transfer_functions.csv · committed 0.8845363135473645 · index proposed
report9:ebaab85887,confirm,inequality bound p<0.001 satisfied by the cited row,,report9 part 3,"p < 0.001: the row its neighbours cite (11_forecast_winter_transfer_functions.csv · Coastal_Forest · R2) has p_value_h_min = 6.17e-08, which satisfies the bound"
report9:8a155c7e48,confirm,Coastal_Forest R2 matches,,report9 part 3,Coastal_Forest · R2 · 11_forecast_winter_transfer_functions.csv · committed 0.8730919024859445 · index proposed
report9:fb543b078a,confirm,Western_Block p_value_P_winter matches,,report9 part 3,Western_Block · p_value_P_winter = 0.0519841 [11_forecast_winter_transfer_functions.csv]
report9:cd8b281675,confirm,Forest p_value_P_winter matches,,report9 part 3,Forest · p_value_P_winter · 11_forecast_winter_transfer_functions.csv · committed 0.9236076118481592 · index proposed
report9:9d42f3d21d,confirm,Coastal_Forest p_value_P_winter matches,,report9 part 3,Coastal_Forest · p_value_P_winter · 11_forecast_winter_transfer_functions.csv · committed 0.3381972133152396 · index proposed
report9:29c51f4674,deny,"an era-split ANCOVA p-value, not the forest-cluster prediction-equation intercept significance",Forest intercept p-value [11_forecast_summer_transfer_functions.csv or winter equivalent],report9 part 3,Edge-Forest5 / free_per_era / 2017-12..2020-12 · p = 0.0350818 [10a_13_era_split.csv]
report9:749d8bff07,deny,"wrong cluster (Forest, not Coastal Forest) and wrong parameter (p_value_P_summer, not intercept p)",Coastal_Forest intercept p-value [11_forecast_summer_transfer_functions.csv],report9 part 3,Forest · p_value_P_summer = 0.00298879 [11_forecast_summer_transfer_functions.csv]
report9:0a8b5cfefc,confirm,Lake_Edge R2 matches the winter equation summary row,,report9 part 3,Lake_Edge · R2 = 0.480528 [11_forecast_winter_transfer_functions.csv]
report9:98ef66ec20,deny,"Eastern_Block coefficient a_P_winter is the wrong cluster and wrong column (a coefficient, not a p-value); row is Lake Edge's p_winter",Lake_Edge . p_value_P_winter = 0.00186 [11_forecast_winter_transfer_functions.csv],report9 part 3,Eastern_Block · a_P_winter = 0.00170746 [11_forecast_winter_transfer_functions.csv]
report9:edf74ef7d5,confirm,"max of p_value_h_min coincides with Lake Edge's own value, the correct row/column",,report9 part 3,max of p_value_h_min · p_value_h_min = 0.780119 [11_forecast_winter_transfer_functions.csv]
report9:29ea4758fc,confirm,Eastern_Block a_P_winter matches the dune equation coefficient,,report9 part 3,Eastern_Block · a_P_winter = 0.00170746 [11_forecast_winter_transfer_functions.csv]
report9:31ac927e3a,confirm,Eastern_Block a_h_min matches,,report9 part 3,Eastern_Block · a_h_min = 0.16503 [11_forecast_winter_transfer_functions.csv]
report9:d9ed6a2802,confirm,Eastern_Block intercept matches,,report9 part 3,Eastern_Block · intercept = -0.82949 [11_forecast_winter_transfer_functions.csv]
report9:dc879a3a2d,confirm,Eastern_Block R2 matches,,report9 part 3,Eastern_Block · R2 = 0.55307 [11_forecast_winter_transfer_functions.csv]
report9:bdff4e6d4b,confirm,Eastern_Block n_hydrological_years matches,,report9 part 3,Eastern_Block · n_hydrological_years = 20 [11_forecast_winter_transfer_functions.csv]
report9:bf7af4b0f7,deny,the coefficient a_P_winter is reused for the p-value slot; wrong column,Eastern_Block . p_value_P_winter = 0.0023 [11_forecast_winter_transfer_functions.csv],report9 part 3,Eastern_Block · a_P_winter = 0.00170746 [11_forecast_winter_transfer_functions.csv]
report9:b1d55a2e80,confirm,Eastern_Block p_value_h_min matches,,report9 part 3,Eastern_Block · p_value_h_min = 0.575101 [11_forecast_winter_transfer_functions.csv]
report9:1a49adfad8,confirm,Western_Block a_P_winter matches,,report9 part 3,Western_Block · a_P_winter = 0.00124395 [11_forecast_winter_transfer_functions.csv]
report9:c9da4047bd,confirm,Western_Block a_h_min matches,,report9 part 3,Western_Block · a_h_min = 0.846686 [11_forecast_winter_transfer_functions.csv]
report9:33eae8a4ca,confirm,Western_Block intercept matches,,report9 part 3,Western_Block · intercept = -0.0402555 [11_forecast_winter_transfer_functions.csv]
report9:b7b9e6fafc,confirm,Western_Block R2 matches,,report9 part 3,Western_Block · R2 = 0.670185 [11_forecast_winter_transfer_functions.csv]
report9:16b0684d4c,deny,"a sea-level-rise driver-footing metric, not the western-block sample size",Western_Block n_hydrological_years [11_forecast_winter_transfer_functions.csv],report9 part 3,slr · peak_mm = 20 [37b_driver_footing.csv]
report9:82919112a7,confirm,Forest a_h_min matches,,report9 part 3,Forest · a_h_min = 1.25274 [11_forecast_winter_transfer_functions.csv]
report9:85b7ba0ca2,deny,"Lake Edge's n, wrong cluster; sentence is the main-forest (C4) equation row",Forest . n_hydrological_years [11_forecast_winter_transfer_functions.csv],report9 part 3,Lake_Edge · n_hydrological_years = 19 [11_forecast_winter_transfer_functions.csv]
report9:14b07a9a05,confirm,max of p_value_P_winter coincides with Forest's own value,,report9 part 3,max of p_value_P_winter · p_value_P_winter = 0.923608 [11_forecast_winter_transfer_functions.csv]
report9:c93d5a35f2,confirm,Coastal_Forest a_h_min matches,,report9 part 3,Coastal_Forest · a_h_min = 1.60922 [11_forecast_winter_transfer_functions.csv]
report9:076ba2695e,deny,"Lake Edge's n, wrong cluster; sentence is the coastal-forest (C5) equation row",Coastal_Forest . n_hydrological_years [11_forecast_winter_transfer_functions.csv],report9 part 3,Lake_Edge · n_hydrological_years = 19 [11_forecast_winter_transfer_functions.csv]
report9:58ed412d94,confirm,k=5 is a legitimate derived cluster-count attribution for the stated table caption,,report9 part 3,distinct clusters in cluster_k5 (k = 5) · cluster_k5 = 5 [02_07_cluster_membership_k5.csv]
report9:1430ce3f46,confirm,inequality bound p<0.05 satisfied by the cited row,,report9 part 3,"p < 0.05: the row its neighbours cite (11_forecast_summer_transfer_functions.csv · Forest · R2) has p_value_h_max_winter = 7.32e-11, which satisfies the bound"
report9:1bae365de5,confirm,Forest R2 matches,,report9 part 3,Forest · R2 · 11_forecast_summer_transfer_functions.csv · committed 0.9345007065433968 · index proposed
report9:dbd35838d1,confirm,Coastal_Forest R2 matches,,report9 part 3,Coastal_Forest · R2 · 11_forecast_summer_transfer_functions.csv · committed 0.8970781134854552 · index proposed
report9:e48232656c,confirm,Western_Block R2 matches,,report9 part 3,Western_Block · R2 · 11_forecast_summer_transfer_functions.csv · committed 0.7331946637763986 · index proposed
report9:b90b4e0c2f,confirm,Eastern_Block R2 matches,,report9 part 3,Eastern_Block · R2 · 11_forecast_summer_transfer_functions.csv · committed 0.6417646011100322 · index proposed
report9:c77347177a,confirm,Lake_Edge R2 matches,,report9 part 3,Lake_Edge · R2 · 11_forecast_summer_transfer_functions.csv · committed 0.4370067252422212 · index proposed
report9:34dce08795,confirm,Lake_Edge a_h_max_winter matches,,report9 part 3,Lake_Edge · a_h_max_winter = 0.458945 [11_forecast_summer_transfer_functions.csv]
report9:bc423544e9,deny,"the 1980 annual P/PET ratio, unrelated to the lake-edge regression intercept",Lake_Edge intercept [11_forecast_summer_transfer_functions.csv],report9 part 3,1980 · P_PET_ratio = 1.42334 [00_01_annual_climate_summary.csv]
report9:b644c6a9f2,confirm,Lake_Edge R2 matches,,report9 part 3,Lake_Edge · R2 = 0.437007 [11_forecast_summer_transfer_functions.csv]
report9:9df5f57dd0,deny,"wrong cluster and wrong season (Western Block spring p, not Lake Edge summer p)",Lake_Edge p_value_P_summer [11_forecast_summer_transfer_functions.csv],report9 part 3,Western_Block · p_value_P_win_to_spr = 0.00379665 [11_forecast_spring_transfer_functions.csv]
report9:a2c1558b08,confirm,Eastern_Block a_P_summer matches,,report9 part 3,Eastern_Block · a_P_summer = 0.00177527 [11_forecast_summer_transfer_functions.csv]
report9:0f84195db1,confirm,Eastern_Block a_h_max_winter matches,,report9 part 3,Eastern_Block · a_h_max_winter = 0.526317 [11_forecast_summer_transfer_functions.csv]
report9:d8fbc15323,confirm,Eastern_Block intercept matches,,report9 part 3,Eastern_Block · intercept = -1.59752 [11_forecast_summer_transfer_functions.csv]
report9:182ff91844,confirm,Eastern_Block R2 matches,,report9 part 3,Eastern_Block · R2 = 0.641765 [11_forecast_summer_transfer_functions.csv]
report9:ae2d75e658,confirm,Western_Block a_P_summer matches,,report9 part 3,Western_Block · a_P_summer = 0.00125493 [11_forecast_summer_transfer_functions.csv]
report9:0d02732a6e,confirm,Western_Block a_h_max_winter matches,,report9 part 3,Western_Block · a_h_max_winter = 0.563066 [11_forecast_summer_transfer_functions.csv]
report9:d2f6e3fc5a,confirm,Western_Block R2 matches,,report9 part 3,Western_Block · R2 = 0.733195 [11_forecast_summer_transfer_functions.csv]
report9:a412879c8a,confirm,Forest a_h_max_winter matches,,report9 part 3,Forest · a_h_max_winter = 0.757568 [11_forecast_summer_transfer_functions.csv]
report9:1251b83f75,deny,"a beta2 atmospheric-draw coefficient, not the forest-cluster summer-equation p-value",Forest p_value_P_summer [11_forecast_summer_transfer_functions.csv],report9 part 3,C4 · C4 · beta_2_atmospheric_draw = 0.0025626 [11_forecast_pflood_threshold_equations.csv]
report9:4b3a017eb7,confirm,Coastal_Forest a_h_max_winter matches,,report9 part 3,Coastal_Forest · a_h_max_winter = 0.521774 [11_forecast_summer_transfer_functions.csv]
report9:e87e91a7a8,confirm,max of p_value_P_summer coincides with coastal forest's own value,,report9 part 3,max of p_value_P_summer · p_value_P_summer = 0.0411718 [11_forecast_summer_transfer_functions.csv]
report9:58d713e904,confirm,88 is a legitimate derived well-count attribution,,report9 part 3,66 reference + 22 extended well columns = 88 dipwells = 88 [01_wells_reference.csv]
report9:cd082388bc,confirm,66 is a legitimate derived well-count attribution,,report9 part 3,66 well columns in reference (lake excluded) = 66 [01_wells_reference.csv]
report9:b7dbd9f1d6,confirm,22 is a legitimate derived well-count attribution,,report9 part 3,22 well columns in extended (lake excluded) = 22 [01_wells_extended.csv]
report9:85846e812b,deny,"unrelated trend statistic; m_p=1.0 is a definitional boundary, not a data value",,report9 part 3,trend_winter_rainfall_t = 1.04804 [00_report_numbers.csv]
report9:4dd6ff61c5,confirm,C1/SD15b threshold row reflects the SD15b viability constant used in the definition,,report9 part 3,C1 / SD15b · Threshold_m = -0.61 [14b_year_of_crossing.csv]
report9:05b92bdd5e,deny,a specific well's observed depth coincides digit-wise; the sentence states the SD15b-recoverable threshold constant,SD15b_REC=0.75 [config.py],report9 part 3,p1 · depth_bg = 0.754951 [11b_03_pflood_per_well.csv]
report9:827eec300d,deny,same wrong well-depth coincidence,SD15b_REC=0.75 [config.py],report9 part 3,p1 · depth_bg = 0.754951 [11b_03_pflood_per_well.csv]
report9:04648a35de,deny,a specific well's observed depth coincides digit-wise; the sentence states the SD16 threshold constant,SD16=0.98 [config.py],report9 part 3,D5 · depth_bg = 0.978125 [11b_03_pflood_per_well.csv]
report9:70c5de19d2,deny,same wrong well-depth coincidence,SD16=0.98 [config.py],report9 part 3,D5 · depth_bg = 0.978125 [11b_03_pflood_per_well.csv]
report9:a51c1aaee5,deny,a specific well's observed depth coincides digit-wise; the sentence states the SD16-recoverable threshold constant,SD16_REC=1.2 [config.py],report9 part 3,nw13 · depth_bg = 1.19589 [11b_03_pflood_per_well.csv]
report9:26b709157b,confirm,C4/SD16 threshold row reflects the SD16 constant used in the definition,,report9 part 3,C4 / SD16 · Threshold_m = -0.98 [14b_year_of_crossing.csv]
report9:23874cce47,confirm,88 is a legitimate derived well-count attribution,,report9 part 3,66 reference + 22 extended well columns = 88 dipwells = 88 [01_wells_reference.csv]
report9:8322b28dbc,confirm,C1/SD16 threshold row reflects the SD16 constant used in the definition,,report9 part 3,C1 / SD16 · Threshold_m = -0.98 [14b_year_of_crossing.csv]
report9:06a23cb709,confirm,SD16_REC matches the stated recovery threshold directly,,report9 part 3,SD16_REC = 1.2 [config.py]
report9:5d3e989bb1,confirm,88 is a legitimate derived well-count attribution,,report9 part 3,66 reference + 22 extended well columns = 88 dipwells = 88 [01_wells_reference.csv]
report9:a99794612b,deny,"a config constant coincidentally equal to this well's m_p; sentence is a specific well's rainfall multiplier, not a config threshold",the exception well's m_P value [11b_03_pflood_per_well.csv],report9 part 3,UKCP18_WET_PET_WINTER = 0.98 [config.py]
report9:a191a27a0a,deny,same wrong config key reused; its value (0.98) also does not match the stated 1.0 boundary,,report9 part 3,UKCP18_WET_PET_WINTER = 0.98 [config.py]
report9:516ccde622,deny,"a canopy-index ratio, unrelated to a well-count percentage",derived: 59/88=67%,report9 part 3,felling_1998_1 / 2018-06-28 / aerial28-6-2018.png · ratio_to_conifer = 0.674355 [41_01_canopy_index.csv] as %
report9:79b684f4af,deny,"the 1935 annual P/PET ratio, unrelated to the m_p range boundary",,report9 part 3,1935 · P_PET_ratio = 1.45038 [00_01_annual_climate_summary.csv]
report9:edceb4858e,deny,RANWELL_FLOOR_PCT is a differently-purposed config parameter that coincidentally equals this computed percentage,derived: 4/88~5%,report9 part 3,RANWELL_FLOOR_PCT = 5 [config.py]
report9:06d491c388,deny,"an unrelated ANCOVA coastal scale factor, coincidental digit match",,report9 part 3,ANCOVA_FarField_Impact_s_coast = -1.50833 [10_consolidated_report_numbers.csv]
report9:b0af58d5de,deny,an unrelated Script-25 panel SE parameter; m_p=2.5 is a definitional boundary,,report9 part 3,full_canopy / linear_capped · beta_forest_se_mm_yr = 2.52077 [25_01_panel_fit_parameters.csv]
report9:7e31f5a826,confirm,matches the C1 (Lake Edge) row of the per-cluster pflood summary table,,report9 part 3,C1 (Lake Edge) · C1 · n = 8 [11b_06_pflood_cluster_summary.csv]
report9:43ac435bc3,confirm,matches the C1 (Lake Edge) row of the per-cluster pflood summary table,,report9 part 3,C1 (Lake Edge) · C1 · pflood_min = 421.822 [11b_06_pflood_cluster_summary.csv]
report9:513fa2b217,confirm,matches the C1 (Lake Edge) row of the per-cluster pflood summary table,,report9 part 3,C1 (Lake Edge) · C1 · pflood_max = 486.482 [11b_06_pflood_cluster_summary.csv]
report9:e37fe422b8,confirm,matches the C1 (Lake Edge) row of the per-cluster pflood summary table,,report9 part 3,C1 (Lake Edge) · C1 · pflood_median = 430.933 [11b_06_pflood_cluster_summary.csv]
report9:6a07fe6fbb,confirm,matches the C1 (Lake Edge) row of the per-cluster pflood summary table,,report9 part 3,C1 (Lake Edge) · C1 · m_P = 1.07841 [11b_06_pflood_cluster_summary.csv]
report9:64a9cc9550,confirm,matches the C2 (Dune) row of the per-cluster pflood summary table,,report9 part 3,C2 (Dune) · C2 · n = 32 [11b_06_pflood_cluster_summary.csv]
report9:05b9165a72,confirm,matches the C2 (Dune) row of the per-cluster pflood summary table,,report9 part 3,C2 (Dune) · C2 · pflood_min = 419.569 [11b_06_pflood_cluster_summary.csv]
report9:969cd1191c,confirm,matches the C2 (Dune) row of the per-cluster pflood summary table,,report9 part 3,C2 (Dune) · C2 · pflood_max = 738.098 [11b_06_pflood_cluster_summary.csv]
report9:048e5aaf29,confirm,matches the C2 (Dune) row of the per-cluster pflood summary table,,report9 part 3,C2 (Dune) · C2 · pflood_median = 468.826 [11b_06_pflood_cluster_summary.csv]
report9:2efe3dd584,confirm,matches the C2 (Dune) row of the per-cluster pflood summary table,,report9 part 3,C2 (Dune) · C2 · m_P = 1.17324 [11b_06_pflood_cluster_summary.csv]
report9:3d9f6ae3dd,confirm,matches the C3 (Western Residual) row of the per-cluster pflood summary table,,report9 part 3,C3 (Western Residual) · C3 · n = 25 [11b_06_pflood_cluster_summary.csv]
report9:a43909ddb8,confirm,matches the C3 (Western Residual) row of the per-cluster pflood summary table,,report9 part 3,C3 (Western Residual) · C3 · pflood_min = 544.845 [11b_06_pflood_cluster_summary.csv]
report9:1d90a2d955,confirm,matches the C3 (Western Residual) row of the per-cluster pflood summary table,,report9 part 3,C3 (Western Residual) · C3 · pflood_max = 933.852 [11b_06_pflood_cluster_summary.csv]
report9:18bf4e2faa,confirm,matches the C3 (Western Residual) row of the per-cluster pflood summary table,,report9 part 3,C3 (Western Residual) · C3 · pflood_median = 590.471 [11b_06_pflood_cluster_summary.csv]
report9:1d1eb447ac,confirm,matches the C3 (Western Residual) row of the per-cluster pflood summary table,,report9 part 3,C3 (Western Residual) · C3 · m_P = 1.28183 [11b_06_pflood_cluster_summary.csv]
report9:1c37d56e83,confirm,matches the C4 (Main Forest) row of the per-cluster pflood summary table,,report9 part 3,C4 (Main Forest) · C4 · n = 13 [11b_06_pflood_cluster_summary.csv]
report9:ea7d8a04d0,confirm,matches the C4 (Main Forest) row of the per-cluster pflood summary table,,report9 part 3,C4 (Main Forest) · C4 · pflood_min = 689.755 [11b_06_pflood_cluster_summary.csv]
report9:7e78532fb7,confirm,matches the C4 (Main Forest) row of the per-cluster pflood summary table,,report9 part 3,C4 (Main Forest) · C4 · pflood_max = 1198.23 [11b_06_pflood_cluster_summary.csv]
report9:47a459e92f,confirm,matches the C4 (Main Forest) row of the per-cluster pflood summary table,,report9 part 3,C4 (Main Forest) · C4 · pflood_median = 821.517 [11b_06_pflood_cluster_summary.csv]
report9:5263839a58,confirm,matches the C4 (Main Forest) row of the per-cluster pflood summary table,,report9 part 3,C4 (Main Forest) · C4 · m_P = 1.78339 [11b_06_pflood_cluster_summary.csv]
report9:40cf26eb19,confirm,matches the C5 (Coastal Forest) row of the per-cluster pflood summary table,,report9 part 3,C5 (Coastal Forest) · C5 · n = 10 [11b_06_pflood_cluster_summary.csv]
report9:d50d4512d9,confirm,matches the C5 (Coastal Forest) row of the per-cluster pflood summary table,,report9 part 3,C5 (Coastal Forest) · C5 · pflood_min = 708.607 [11b_06_pflood_cluster_summary.csv]
report9:4bea88b5c5,confirm,matches the C5 (Coastal Forest) row of the per-cluster pflood summary table,,report9 part 3,C5 (Coastal Forest) · C5 · pflood_max = 1531.98 [11b_06_pflood_cluster_summary.csv]
report9:f50f7505a4,confirm,matches the C5 (Coastal Forest) row of the per-cluster pflood summary table,,report9 part 3,C5 (Coastal Forest) · C5 · pflood_median = 1043.54 [11b_06_pflood_cluster_summary.csv]
report9:4c1eb3d4a2,confirm,matches the C5 (Coastal Forest) row of the per-cluster pflood summary table,,report9 part 3,C5 (Coastal Forest) · C5 · m_P = 2.26538 [11b_06_pflood_cluster_summary.csv]
report9:666ac49d36,confirm,88 is a legitimate derived well-count attribution,,report9 part 3,66 reference + 22 extended well columns = 88 dipwells = 88 [01_wells_reference.csv]
report9:787d4649d0,deny,unrelated trend statistic; 1.0 is a definitional boundary,,report9 part 3,trend_winter_rainfall_t = 1.04804 [00_report_numbers.csv]
report9:0e1e61a6d8,deny,"a single well's boolean flag, not the ecological 0m ground-surface definition",,report9 part 3,nw1 · C3 · unreachable = 0 [11b_03_pflood_per_well.csv]
report9:a0ecf6c4c3,confirm,66 is a legitimate derived well-count attribution,,report9 part 3,66 well columns in reference (lake excluded) = 66 [01_wells_reference.csv]
report9:0dc35c5312,confirm,22 is a legitimate derived well-count attribution,,report9 part 3,22 well columns in extended (lake excluded) = 22 [01_wells_extended.csv]
report9:07264b80ca,deny,"an unrelated BACI scraping metric, coincidental match to the 1m masking threshold",,report9 part 3,BACI_step_below_floor = 1 [09_scrape_report_numbers.csv]
report9:75b7e2b0be,confirm,C2/SD15b threshold row reflects the SD15b constant used in the definition,,report9 part 3,C2 / SD15b · Threshold_m = -0.61 [14b_year_of_crossing.csv]
report9:d7b8a4ef3c,confirm,SD15b_REC matches directly,,report9 part 3,SD15b_REC = 0.75 [config.py]
report9:cbae72c563,confirm,C2/SD16 threshold row reflects the SD16 constant used in the definition,,report9 part 3,C2 / SD16 · Threshold_m = -0.98 [14b_year_of_crossing.csv]
report9:db2d44e7d8,confirm,SD16_REC matches directly,,report9 part 3,SD16_REC = 1.2 [config.py]
report9:56ebd03921,confirm,CEH36_raw_BACI_step matches the named well and quantity,,report9 part 3,CEH36_raw_BACI_step = 0.1294 [09e_report_numbers.csv]
report9:2bbe8a06d2,confirm,66 is a legitimate derived well-count attribution,,report9 part 3,66 well columns in reference (lake excluded) = 66 [01_wells_reference.csv]
report9:e22fc13d36,confirm,22 is a legitimate derived well-count attribution,,report9 part 3,22 well columns in extended (lake excluded) = 22 [01_wells_extended.csv]
report9:37465bf2a6,deny,"a cluster's exceedance COUNT of 0, not the ecological 0m ground-surface definitional threshold",,report9 part 3,C4 · Wet_Slack_Exceedances = 0 [14_winter_exceedance.csv]
report9:03f7691188,confirm,SD15b_WINTER matches directly,,report9 part 3,SD15b_WINTER = 0.1 [config.py]
report9:2e34d88aae,confirm,SD16_WINTER matches directly,,report9 part 3,SD16_WINTER = 0.25 [config.py]
report9:a4fff19e17,confirm,matches the named cluster's slope_A in the pflood summary,,report9 part 3,C1 · slope_A = 173.971 [11_forecast_pflood_summary.csv]
report9:029063ac64,confirm,matches the named cluster's slope_A in the pflood summary,,report9 part 3,C2 · slope_A = 214.113 [11_forecast_pflood_summary.csv]
report9:7a96daf868,confirm,matches the named cluster's slope_A in the pflood summary,,report9 part 3,C3 · slope_A = 237.594 [11_forecast_pflood_summary.csv]
report9:19f82c8a49,confirm,matches the named cluster's slope_A in the pflood summary,,report9 part 3,C5 · slope_A = 362.492 [11_forecast_pflood_summary.csv]
report9:2e27fd98bb,confirm,matches the named cluster's slope_A in the pflood summary,,report9 part 3,C4 · slope_A = 383.485 [11_forecast_pflood_summary.csv]
report9:c7d1c3cd0d,deny,"an unrelated ANCOVA alpha coefficient for C4; 1.0m is the worked example's chosen depth, not a data value",,report9 part 3,C4 · alpha = 0.981545 [11_forecast_pflood_summary.csv]
report9:2021f7caa6,confirm,C3 slope_A matches the worked equation,,report9 part 3,C3 · slope_A · 11_forecast_pflood_summary.csv · committed 237.59410994943187 · index proposed
report9:efaf5d2cb9,deny,same wrong trend statistic reused for the worked-example depth,,report9 part 3,trend_winter_rainfall_t = 1.04804 [00_report_numbers.csv]
report9:845a18a3ac,confirm,C3 intercept_B matches,,report9 part 3,C3 · intercept_B = 365.473 [11_forecast_pflood_summary.csv]
report9:cb16e27d31,confirm,C3 P_clim_mm matches,,report9 part 3,C3 · P_clim_mm = 460.648 [11_forecast_pflood_summary.csv]
report9:30a426d4da,deny,same wrong trend statistic reused for the worked-example depth,,report9 part 3,trend_winter_rainfall_t = 1.04804 [00_report_numbers.csv]
report9:f397481c49,confirm,C2 intercept_B matches,,report9 part 3,C2 · intercept_B = 289.559 [11_forecast_pflood_summary.csv]
report9:62bc471cd4,confirm,C2 P_clim_mm matches,,report9 part 3,C2 · P_clim_mm = 399.6 [11_forecast_pflood_summary.csv]
report9:51a808969f,deny,"the 1952 annual P/PET ratio, unrelated to the in-text computed 503.7/400 ratio",,report9 part 3,1952 · P_PET_ratio = 1.2638 [00_01_annual_climate_summary.csv]
report9:11b932a380,deny,"wrong cluster (C2, not C1); the table row is c1 lake edge",C1 . horizon_n_months [11_forecast_pflood_summary.csv],report9 part 3,C2 · C2 · horizon_n_months = 4 [11_forecast_pflood_summary.csv]
report9:671cc95777,confirm,C1 slope_A matches,,report9 part 3,C1 · slope_A · 11_forecast_pflood_summary.csv · committed 173.9714153040229 · index proposed
report9:24da516b53,confirm,C1 intercept_B matches,,report9 part 3,C1 · intercept_B · 11_forecast_pflood_summary.csv · committed 311.2136583316221 · index proposed
report9:141d72b0d3,deny,cites the C2 row for a C1 table line; a different cluster's identical value is not the source,C1 . C1 . P_clim_mm = 399.6 [11_forecast_pflood_summary.csv],report9 part 3,C2 · C2 · P_clim_mm = 399.6 [11_forecast_pflood_summary.csv]
report9:ed356d3ad6,confirm,C2 horizon_n_months matches (correct cluster),,report9 part 3,C2 · C2 · horizon_n_months = 4 [11_forecast_pflood_summary.csv]
report9:4aa71ddafd,confirm,C2 slope_A matches,,report9 part 3,C2 · slope_A · 11_forecast_pflood_summary.csv · committed 214.11305952096853 · index proposed
report9:4d953287df,confirm,C2 intercept_B matches,,report9 part 3,C2 · intercept_B · 11_forecast_pflood_summary.csv · committed 289.5585243357599 · index proposed
report9:febdb6c26d,deny,cites the C1 row for a C2 table line,C2 . C2 . P_clim_mm = 399.6 [11_forecast_pflood_summary.csv],report9 part 3,C1 · C1 · P_clim_mm = 399.6 [11_forecast_pflood_summary.csv]
report9:50d73ac561,deny,cites C4's row for the C3 table line,C3 . horizon_n_months [11_forecast_pflood_summary.csv],report9 part 3,C4 · C4 · horizon_n_months = 5 [11_forecast_pflood_summary.csv]
report9:14b1bd1fb9,confirm,C3 slope_A matches (correct cluster),,report9 part 3,C3 · C3 · slope_A = 237.594 [11_forecast_pflood_summary.csv]
report9:c4d30e8c55,confirm,C3 intercept_B matches,,report9 part 3,C3 · intercept_B · 11_forecast_pflood_summary.csv · committed 365.4729028524004 · index proposed
report9:c4a6af71fa,deny,cites C4's row for a C3 table line,C3 . C3 . P_clim_mm = 460.648 [11_forecast_pflood_summary.csv],report9 part 3,C4 · C4 · P_clim_mm = 460.648 [11_forecast_pflood_summary.csv]
report9:8ced8731d5,deny,cites C5's row for the C4 table line,C4 . horizon_n_months [11_forecast_pflood_summary.csv],report9 part 3,C5 · C5 · horizon_n_months = 5 [11_forecast_pflood_summary.csv]
report9:9f28aefffc,confirm,C4 slope_A matches,,report9 part 3,C4 · slope_A · 11_forecast_pflood_summary.csv · committed 383.4854932209315 · index proposed
report9:d1a2893355,confirm,C4 intercept_B matches,,report9 part 3,C4 · intercept_B · 11_forecast_pflood_summary.csv · committed 274.9290660860597 · index proposed
report9:cb80b76d25,deny,cites C5's row for a C4 table line,C4 . C4 . P_clim_mm = 460.648 [11_forecast_pflood_summary.csv],report9 part 3,C5 · C5 · P_clim_mm = 460.648 [11_forecast_pflood_summary.csv]
report9:4e4de92b63,confirm,C5 horizon_n_months matches (correct cluster),,report9 part 3,C5 · C5 · horizon_n_months = 5 [11_forecast_pflood_summary.csv]
report9:77bfc255b2,confirm,C5 slope_A matches,,report9 part 3,C5 · slope_A · 11_forecast_pflood_summary.csv · committed 362.4917396055252 · index proposed
report9:9ece2d06dc,confirm,C5 intercept_B matches,,report9 part 3,C5 · intercept_B · 11_forecast_pflood_summary.csv · committed 414.645023508413 · index proposed
report9:0f446b04fd,confirm,C5 P_clim_mm matches (correct cluster),,report9 part 3,C5 · C5 · P_clim_mm = 460.648 [11_forecast_pflood_summary.csv]
report9:ebd7e5f15c,confirm,C3 horizon_n_months=5 supports the caption's stated n=5 for c3/c4/c5,,report9 part 3,C3 · horizon_n_months = 5 [11_forecast_pflood_summary.csv]
report9:191bd01907,deny,"the 1952 annual P/PET ratio, unrelated to the worked-example depth",,report9 part 3,1952 · P_PET_ratio = 1.2638 [00_01_annual_climate_summary.csv]
report9:4c84e574ab,deny,an unrelated BACI scraping metric; h_target=0m is a definitional statement,,report9 part 3,BACI_step_below_floor = 0 [09_scrape_report_numbers.csv]
report9:14423abb39,deny,an unrelated data-quality count (rain months missing); 1.0 is a definitional boundary,,report9 part 3,rain_months_missing_in_source = 1 [00_report_numbers.csv]
report9:d393094ab5,confirm,C1 Slope_m_per_yr matches exactly,,report9 part 3,C1 · Slope_m_per_yr = -0.0109 [14_summer_trend_stats.csv]
report9:6eb2d52210,confirm,C1 R2 matches,,report9 part 3,C1 · R2 = 0.234 [14_summer_trend_stats.csv]
report9:d1f7937e4a,confirm,C1 p_value matches,,report9 part 3,C1 · p_value = 0.0307 [14_summer_trend_stats.csv]
report9:43cea16504,deny,cites C5's n_years for a C1 statement,C1 . n_years [14_summer_trend_stats.csv],report9 part 3,"n = 20: the row its neighbours cite (14_winter_exceedance.csv · C5 · C5) has n_years = 20, which agrees at this precision"
report9:19ebadacf0,confirm,C5 Slope_m_per_yr matches,,report9 part 3,C5 · Slope_m_per_yr = -0.0359 [14_summer_trend_stats.csv]
report9:64b55f2b49,confirm,C5 R2 matches,,report9 part 3,C5 · R2 = 0.394 [14_summer_trend_stats.csv]
report9:fc9b3c26af,confirm,C5 p_value matches,,report9 part 3,C5 · p_value = 0.003 [14_summer_trend_stats.csv]
report9:09ff8ca139,confirm,matches C5's n_years for the C5 statement (correct cluster),,report9 part 3,"n = 20: the row its neighbours cite (14_winter_exceedance.csv · C5 · C5) has n_years = 20, which agrees at this precision"
report9:821cc97836,deny,"unrelated wet-slack percentage metric; the '5' is the stated statistical significance level, not a data value",,report9 part 3,C5 · C5 · Wet_Slack_Pct = 5 [14_winter_exceedance.csv]
report9:e6f2e19ba6,confirm,C2 Slope_m_per_yr matches,,report9 part 3,C2 · Slope_m_per_yr = -0.0112 [14_summer_trend_stats.csv]
report9:e25b732c3c,confirm,C2 p_value matches,,report9 part 3,C2 · p_value = 0.0706 [14_summer_trend_stats.csv]
report9:7dbabb450c,confirm,C3 Slope_m_per_yr matches,,report9 part 3,C3 · Slope_m_per_yr = -0.0094 [14_summer_trend_stats.csv]
report9:0a31040ed5,confirm,C3 p_value matches,,report9 part 3,C3 · p_value = 0.1882 [14_summer_trend_stats.csv]
report9:2aa98f0ea0,confirm,C4 Slope_m_per_yr matches,,report9 part 3,C4 · Slope_m_per_yr = -0.0178 [14_summer_trend_stats.csv]
report9:ad71026b36,confirm,C4 p_value matches,,report9 part 3,C4 · p_value = 0.232 [14_summer_trend_stats.csv]
report9:38cade0f54,confirm,C1/SD15b threshold reflects the wet-slack viability constant,,report9 part 3,C1 / SD15b · Threshold_m = -0.61 [14b_year_of_crossing.csv]
report9:a9bf84b229,confirm,matches the stated 20 monitored years for C1,,report9 part 3,min of n_years_obs · n_years_obs = 20 [14b_year_of_crossing.csv]
report9:bb0113d5cc,confirm,C3/SD16 threshold reflects the dry-slack viability constant,,report9 part 3,C3 / SD16 · Threshold_m = -0.98 [14b_year_of_crossing.csv]
report9:37bba08e48,confirm,"C3 n_years=21 matches, consistent with the stated 21-year record",,report9 part 3,C3 · n_years = 21 [14_spring_trend_stats.csv]
report9:278b0ee269,confirm,C1 Slope_m_per_yr matches the winter trend,,report9 part 3,C1 · Slope_m_per_yr = 0.0075 [14_winter_trend_stats.csv]
report9:62f9703132,deny,spring mixed-model scraping p is the wrong subject; the runner-up (C1's own winter-trend p) is correct,C1 . p_value = 0.1844 [14_winter_trend_stats.csv],report9 part 3,Climate / Forest Ctrl · Scraping_p = 0.183631 [10d_08_spring_mixed_model_results.csv]
report9:c6973474c9,confirm,C2 Slope_m_per_yr matches,,report9 part 3,C2 · Slope_m_per_yr = 0.0069 [14_winter_trend_stats.csv]
report9:78eae793d1,confirm,C2 p_value matches,,report9 part 3,C2 · C2 · p_value = 0.423 [14_winter_trend_stats.csv]
report9:230e6b7656,confirm,C3 Slope_m_per_yr matches,,report9 part 3,C3 · C3 · Slope_m_per_yr = 0.0005 [14_winter_trend_stats.csv]
report9:4b4ee85ab1,confirm,C3 p_value matches,,report9 part 3,C3 · C3 · p_value = 0.9678 [14_winter_trend_stats.csv]
report9:2c4c83c535,confirm,C4 Slope_m_per_yr matches,,report9 part 3,C4 · C4 · Slope_m_per_yr = -0.0073 [14_winter_trend_stats.csv]
report9:c24b54e158,confirm,C4 p_value matches,,report9 part 3,C4 · C4 · p_value = 0.7004 [14_winter_trend_stats.csv]
report9:08cf17275a,confirm,C5 Slope_m_per_yr matches,,report9 part 3,C5 · Slope_m_per_yr = -0.0349 [14_winter_trend_stats.csv]
report9:791b472729,confirm,C5 p_value matches,,report9 part 3,C5 · C5 · p_value = 0.0396 [14_winter_trend_stats.csv]
report9:841f1a0ff8,confirm,C5 summer Slope_m_per_yr matches the -0.036 figure,,report9 part 3,C5 · Slope_m_per_yr = -0.0359 [14_summer_trend_stats.csv]
report9:a51c8a4b1d,confirm,C5 winter Slope_m_per_yr matches the -0.035 figure,,report9 part 3,C5 · Slope_m_per_yr = -0.0349 [14_winter_trend_stats.csv]
report9:862ecd7c78,deny,an unrelated hd_mean identifiability metric; 3.3x is the in-text ratio 0.0359/0.0109,,report9 part 3,C1 (Lake Edge) · hd_mean = 3.31642 [30_c4_identifiability_by_cluster.csv]
report9:cc579cefd6,deny,an unrelated AR1 residual-autocorrelation coefficient; -0.10m is the SD15b winter threshold constant,SD15b_WINTER=0.1 [config.py],report9 part 3,ceh23 · C1 · ar1_phi = -0.100431 [22_05_ssm_residual_autocorrelation.csv]
report9:9c48f5fa33,confirm,C1 n_years=20 matches (consistent with earlier C1 rows),,report9 part 3,C1 · n_years = 20 [14_summer_trend_stats.csv]
report9:62ac35f5aa,deny,an unrelated residuals-wide column max; 70% is the in-text 14/20 computation,,report9 part 3,max of per-column maxs = 0.698616 [22_residuals_wide.csv] as %
report9:9f5311047d,confirm,C2 n_years=21 matches,,report9 part 3,C2 · n_years = 21 [14_summer_trend_stats.csv]
report9:e49c619b96,confirm,C3 n_years=21 matches,,report9 part 3,C3 · n_years = 21 [14_summer_trend_stats.csv]
report9:36677deccd,deny,"a specific well's MSL5 observation, not the SD16 winter threshold constant",SD16_WINTER=0.25 [config.py],report9 part 3,CEH39 · C3 · MSL5_obs_m_bg = -0.25271 [26_ewi_msl5_comparison.csv]
report9:8eaeb84167,deny,an unrelated per-well MSL5-window count; sentence is C3's dry-slack exceedance-year count,C3 dry-slack exceedance count [14_winter_exceedance.csv],report9 part 3,nw8b · C3 · n_msl5_windows = 6 [26_metric_diagnostics_per_well.csv]
report9:e71f670231,confirm,C3 n_years=21 matches,,report9 part 3,C3 · n_years = 21 [14_summer_trend_stats.csv]
report9:ed043532b3,confirm,C5 n_years=20 matches,,report9 part 3,C5 · n_years = 20 [14_spring_trend_stats.csv]
report9:a84e4631af,confirm,C5 Wet_Slack_Pct matches the stated 5%,,report9 part 3,C5 · C5 · Wet_Slack_Pct = 5 [14_winter_exceedance.csv]
report9:7e3e1501fb,confirm,C1/SD15b threshold reflects the wet-slack constant,,report9 part 3,C1 / SD15b · Threshold_m = -0.61 [14b_year_of_crossing.csv]
report9:2f211263c9,confirm,C1/SD16 threshold reflects the dry-slack constant,,report9 part 3,C1 / SD16 · Threshold_m = -0.98 [14b_year_of_crossing.csv]
report9:fd32bb172a,confirm,C3 MSL5_current_m_bg matches exactly,,report9 part 3,C3 (Western Residual) · MSL5_current_m_bg = -0.571751 [26_msl_5yr_cluster_threshold_summary.csv]
report9:1bdbfd4967,deny,"an unrelated forest-impact step-range metric, coincidental digit match",,report9 part 3,Spread_Forest_Impact_step_range = 0.131626 [10_consolidated_report_numbers.csv] as mm
report9:baac50959d,confirm,C5 2024 MSL5_m_bg_mean matches,,report9 part 3,C5 (Coastal Forest) / 2024 · MSL5_m_bg_mean = -1.23959 [26_msl_5yr_per_cluster.csv]
report9:ee8606b36d,confirm,C5 2025 MSL5_m_bg_mean matches,,report9 part 3,C5 (Coastal Forest) / 2025 · MSL5_m_bg_mean = -1.21826 [26_msl_5yr_per_cluster.csv]
report9:5634daa781,deny,"C2's own MSL5 mean, not a well-to-well variability statistic",,report9 part 3,C2 (Dune) · MSL5_current_m_bg = -0.341169 [26_msl_5yr_cluster_threshold_summary.csv]
report9:e6b0781fb4,deny,"C1's MSL5 mean, wrong cluster and wrong statistic (not a variability measure)",,report9 part 3,1 · C1 · MSL5_m_bg_mean = -0.414889 [26_msl_5yr_per_cluster.csv]
report9:3ad028aa12,confirm,C1 MSL5_current_m_bg matches the summary table row,,report9 part 3,C1 (Lake Edge) · MSL5_current_m_bg = -0.289044 [26_msl_5yr_cluster_threshold_summary.csv]
report9:9e19a2ec9c,confirm,C2 n_wells_current matches,,report9 part 3,2 · C2 · n_wells_current = 26 [26_msl_5yr_cluster_threshold_summary.csv]
report9:ad0b815ff2,confirm,C2 MSL5_current_m_bg matches,,report9 part 3,C2 (Dune) · MSL5_current_m_bg = -0.341169 [26_msl_5yr_cluster_threshold_summary.csv]
report9:5e152979c7,confirm,C3 n_wells_current matches,,report9 part 3,3 · C3 · n_wells_current = 22 [26_msl_5yr_cluster_threshold_summary.csv]
report9:db60042b10,confirm,C3 MSL5_current_m_bg matches,,report9 part 3,C3 (Western Residual) · MSL5_current_m_bg = -0.571751 [26_msl_5yr_cluster_threshold_summary.csv]
report9:73e7e76cf0,confirm,C3 n_windows_below_SD15b matches,,report9 part 3,3 · C3 · n_windows_below_SD15b = 10 [26_msl_5yr_cluster_threshold_summary.csv]
report9:ceecf236eb,deny,"a wmc3/C3 per-well metric, not C4's cluster-summary n_wells_current",C4 n_wells_current [26_msl_5yr_cluster_threshold_summary.csv],report9 part 3,wmc3 · C3 · n_msl5_windows = 9 [26_metric_diagnostics_per_well.csv]
report9:ce21186ac8,confirm,C4 MSL5_current_m_bg matches,,report9 part 3,C4 (Main Forest) · MSL5_current_m_bg = -0.883778 [26_msl_5yr_cluster_threshold_summary.csv]
report9:d3839442f5,deny,cites C2's row for the C4 table line,C4 n_windows [26_msl_5yr_cluster_threshold_summary.csv],report9 part 3,2 · C2 · n_windows = 12 [26_msl_5yr_cluster_threshold_summary.csv]
report9:d6f29c3238,deny,"a ceh9/C3 per-well metric, not C4's windows-below-SD16 count",C4 n_windows_below_SD16 [26_msl_5yr_cluster_threshold_summary.csv],report9 part 3,ceh9 · C3 · n_msl5_windows = 10 [26_metric_diagnostics_per_well.csv]
report9:2c149c8322,deny,"FE3's per-well spring count, not C5's cluster-summary n_wells_current",C5 n_wells_current [26_msl_5yr_cluster_threshold_summary.csv],report9 part 3,fe3 · C5 · n_springs = 9 [26_metric_diagnostics_per_well.csv]
report9:3d3dcace6a,confirm,C5 MSL5_current_m_bg matches,,report9 part 3,C5 (Coastal Forest) · MSL5_current_m_bg = -1.21826 [26_msl_5yr_cluster_threshold_summary.csv]
report9:eb511f4a35,deny,cites C2's row for the C5 table line,C5 n_windows [26_msl_5yr_cluster_threshold_summary.csv],report9 part 3,2 · C2 · n_windows = 12 [26_msl_5yr_cluster_threshold_summary.csv]
report9:90a5bc3a87,deny,cites C2's row for the C5 table line (second n_windows value),C5 n_windows_below_SD16 [26_msl_5yr_cluster_threshold_summary.csv],report9 part 3,2 · C2 · n_windows = 12 [26_msl_5yr_cluster_threshold_summary.csv]
report9:502f21c2eb,confirm,C4/SD15b threshold reflects the wet-slack constant,,report9 part 3,C4 / SD15b · Threshold_m = -0.61 [14b_year_of_crossing.csv]
report9:2197a3246b,confirm,C5/SD16 threshold reflects the dry-slack constant,,report9 part 3,C5 / SD16 · Threshold_m = -0.98 [14b_year_of_crossing.csv]
report9:2193cdb815,confirm,C1/SD15b threshold reflects the wet-slack constant,,report9 part 3,C1 / SD15b · Threshold_m = -0.61 [14b_year_of_crossing.csv]
report9:b977b8a52d,confirm,C1/SD16 threshold reflects the dry-slack constant,,report9 part 3,C1 / SD16 · Threshold_m = -0.98 [14b_year_of_crossing.csv]
report9:71dd22ce9d,confirm,max of Threshold_m coincides with the SD15b constant used in the figure caption,,report9 part 3,max of Threshold_m · Threshold_m = -0.61 [14b_year_of_crossing.csv]
report9:4d419c8b4b,confirm,C1/SD16 threshold reflects the dry-slack constant,,report9 part 3,C1 / SD16 · Threshold_m = -0.98 [14b_year_of_crossing.csv]
report9:8b6d081088,deny,"a C1 median MSL5 value, not the SD16 winter threshold constant",SD16_WINTER=0.25 [config.py],report9 part 3,1 · C1 · MSL5_m_bg_median = -0.250444 [26_msl_5yr_per_cluster.csv]
report9:99e19f1201,deny,"a 2050s UKCP18 projection shift, unrelated to the van Willegen reconstruction RMSE",,report9 part 3,C1 (Lake Edge) / 2050s · msl5_shift_mean_m = -0.0112379 [26b_msl5_ukcp18_projection_summary.csv] as mm
report9:3f41ab93dd,deny,an unrelated wet-slack exceedance count; 1-12 is the literature-defined Ellenberg-F scale,,report9 part 3,C2 · Wet_Slack_Exceedances = 12 [14_winter_exceedance.csv]
report9:e34ba00ee2,confirm,MSL5 pearson_r matches the stated r=+0.83,,report9 part 3,MSL5 · pearson_r = 0.828958 [26_ebf_prediction_summary.csv]
report9:46e4544895,confirm,MSL5 n matches the stated n=18,,report9 part 3,MSL5 · n = 18 [26_ebf_prediction_summary.csv]
report9:423d59ed4e,confirm,DRAINAGE_DATUM is explicitly named as z0 in the equilibrium-index formula,,report9 part 3,DRAINAGE_DATUM = 3.7 [config.py]
report9:b330b873d1,confirm,MSL5 williams_p_vs_ewi_annual matches the stated p=0.45,,report9 part 3,MSL5 · williams_p_vs_ewi_annual = 0.445204 [26_ebf_prediction_summary.csv]
report9:639b40d8d8,deny,an unrelated ANCOVA intercept; sentence gives an approximate |r| about 0.5 among SSM coefficients,,report9 part 3,ANCOVA_Climate_Impact_coeff_intercept = -0.523369 [10_consolidated_report_numbers.csv]
report9:5323d4b7cd,confirm,MSL5 pearson_r matches the repeated r=+0.83,,report9 part 3,MSL5 · pearson_r = 0.828958 [26_ebf_prediction_summary.csv]
report9:751ddf2ef3,deny,an unrelated per-cluster-year MSL5 mean; sentence is the MSL5 correlation's CI lower bound,MSL5 CI lower bound [26_ebf_prediction_summary.csv],report9 part 3,C3 (Western Residual) / 2009 · MSL5_m_bg_mean = -0.586746 [26_msl_5yr_per_cluster.csv]
report9:66138c85a5,confirm,EWI_annual pearson_r matches the stated r=+0.79,,report9 part 3,EWI_annual · pearson_r = 0.787803 [26_ebf_prediction_summary.csv]
report9:9bc0f362bb,deny,an unrelated per-cluster-year MAX5 mean; sentence is the EWI_annual correlation's CI lower bound,EWI_annual CI lower bound [26_ebf_prediction_summary.csv],report9 part 3,C3 (Western Residual) / 2015 · MAX5_m_bg_mean = -0.5093 [26_msl_5yr_per_cluster.csv]
report9:bdf0475cff,deny,an unrelated per-cluster-year MSL5 mean; sentence is a correlation CI upper bound,,report9 part 3,C4 (Main Forest) / 2024 · MSL5_m_bg_mean = -0.919259 [26_msl_5yr_per_cluster.csv]
report9:0c3755f328,deny,an unrelated per-cluster-year MSL5 median; sentence is an RMSE CI upper bound,,report9 part 3,C1 (Lake Edge) / 2011 · MSL5_m_bg_median = -0.391333 [26_msl_5yr_per_cluster.csv]
report9:29c0feb7fc,deny,an unrelated scrape-equilibration residual; sentence is an RMSE CI lower bound,,report9 part 3,Scrape_equilibration_residual = 0.1868 [09c_report_numbers.csv]
report9:b018d191a2,confirm,attributed key/column names the same subject and statistic the sentence states,,report9 part 4,MSL5 · n = 18 [26_ebf_prediction_summary.csv]
report9:eed307d868,confirm,attributed key/column names the same subject and statistic the sentence states,,report9 part 4,MSL5 · williams_p_vs_ewi_annual = 0.445204 [26_ebf_prediction_summary.csv]
report9:a36fe538cb,deny,"table cell is n_wells_EWI for band A, not the residual-window-years constant",n_wells_EWI=5 [26_ebf_band_summary.csv] band A,report9 part 4,EQUIL_RESIDUAL_WINDOW_YEARS = 5 [config.py]
report9:c18a93b957,deny,"table cell is the abs-error range boundary for band B, not a partial-correlation p-value",abs_error_ebf_range lower bound 0.15 [26_ebf_band_summary.csv] band B,report9 part 4,partial_springSD_vs_tR_given_beta2_p = 0.148917 [26_report_numbers.csv]
report9:63819d7519,deny,"table cell is band B's range upper bound (0.30), not an MSL5 cluster median",abs_error_ebf_range upper bound 0.30 [26_ebf_band_summary.csv] band B,report9 part 4,C1 (Lake Edge) / 2021 · MSL5_m_bg_median = -0.3005 [26_msl_5yr_per_cluster.csv]
report9:777c31fb65,deny,"table cell is band C's range lower bound (0.30), not an MSL5 cluster median",abs_error_ebf_range lower bound 0.30 [26_ebf_band_summary.csv] band C,report9 part 4,C1 (Lake Edge) / 2021 · MSL5_m_bg_median = -0.3005 [26_msl_5yr_per_cluster.csv]
report9:e63c5eb2d4,deny,"table cell is band C's range upper bound (0.50), not an MSL5 cluster mean",abs_error_ebf_range upper bound 0.50 [26_ebf_band_summary.csv] band C,report9 part 4,C2 (Dune) / 2011 · MSL5_m_bg_mean = -0.500333 [26_msl_5yr_per_cluster.csv]
report9:9fe28336ab,deny,"table cell is n_wells_MSL5 for band C, not the residual-window-years constant",n_wells_MSL5=5 [26_ebf_band_summary.csv] band C,report9 part 4,EQUIL_RESIDUAL_WINDOW_YEARS = 5 [config.py]
report9:9f8edaea45,deny,"table cell is n_wells_EWI for band C, not a config wetness-metric reference constant",n_wells_EWI=2 [26_ebf_band_summary.csv] band C,report9 part 4,ENVELOPE_METRIC_REF_MIN_WET = 2 [config.py]
report9:55b69e3b99,deny,"table cell is n_wells_MSL5 for band D, not a config wetness-metric reference constant",n_wells_MSL5=2 [26_ebf_band_summary.csv] band D,report9 part 4,ENVELOPE_METRIC_REF_MIN_WET = 2 [config.py]
report9:8fac596991,confirm,attributed key/column names the same subject and statistic the sentence states,,report9 part 4,MSL5 · n = 18 [26_ebf_prediction_summary.csv]
report9:c09e83bbac,confirm,attributed key/column names the same subject and statistic the sentence states,,report9 part 4,ewi_msl5_slope_b = 0.959313 [26_report_numbers.csv]
report9:dbb173e04a,confirm,attributed key/column names the same subject and statistic the sentence states,,report9 part 4,ewi_msl5_r = 0.977603 [26_report_numbers.csv]
report9:05e9bf50bf,deny,"sentence's rmse=61mm is the EWI-MSL5 regression RMSE, not a C1/2021 MAX5 cluster median",ewi_msl5_rmse_mm_open_dune=60.8 [26_report_numbers.csv],report9 part 4,C1 (Lake Edge) / 2021 · MAX5_m_bg_median = 0.061 [26_msl_5yr_per_cluster.csv] as mm
report9:b584882eae,deny,150mm is a max-reconstruction-error bound; the C2/2014 MAX5 median is unrelated,max |residual_mm| ≈144mm among open-dune wells [26_ewi_msl5_comparison.csv],report9 part 4,C2 (Dune) / 2014 · MAX5_m_bg_median = -0.15 [26_msl_5yr_per_cluster.csv] as mm
report9:6f1c2c40bb,deny,"63mm is the calibration-well RMSE, not well L7's per-well amplification SE",RMSE of in_van_willegen wells ≈62.8mm [26_ewi_msl5_comparison.csv],report9 part 4,l7 · se = 0.0625174 [35_per_well_amplification.csv] as mm
report9:8ad0a1991f,confirm,attributed key/column names the same subject and statistic the sentence states,,report9 part 4,all / C1 (Lake Edge) · spring_sd_mm_median = 174.814 [26_index_precision_by_cluster.csv]
report9:df9f62e6c1,confirm,attributed key/column names the same subject and statistic the sentence states,,report9 part 4,all / C2 (Dune) · spring_sd_mm_median = 251.451 [26_index_precision_by_cluster.csv]
report9:26cee29273,confirm,attributed key/column names the same subject and statistic the sentence states,,report9 part 4,all / C3 (Western Residual) · spring_sd_mm_median = 315.08 [26_index_precision_by_cluster.csv]
report9:fe659b2c69,confirm,attributed key/column names the same subject and statistic the sentence states,,report9 part 4,reference / C5 (Coastal Forest) · spring_sd_mm_median = 277.357 [26_index_precision_by_cluster.csv]
report9:e6a9afc589,confirm,attributed key/column names the same subject and statistic the sentence states,,report9 part 4,all / C4 (Main Forest) · spring_sd_mm_median = 403.788 [26_index_precision_by_cluster.csv]
report9:be662c255a,confirm,attributed key/column names the same subject and statistic the sentence states,,report9 part 4,all / C2 (Dune) · msl5_window_se_mm_median = 112.452 [26_index_precision_by_cluster.csv]
report9:af0b8267de,confirm,attributed key/column names the same subject and statistic the sentence states,,report9 part 4,all / C3 (Western Residual) · msl5_window_se_mm_median = 140.908 [26_index_precision_by_cluster.csv]
report9:7e24e8779c,confirm,attributed key/column names the same subject and statistic the sentence states,,report9 part 4,reference / C5 (Coastal Forest) · msl5_window_se_mm_median = 124.038 [26_index_precision_by_cluster.csv]
report9:7758ef67f0,confirm,attributed key/column names the same subject and statistic the sentence states,,report9 part 4,all / C4 (Main Forest) · msl5_window_se_mm_median = 180.58 [26_index_precision_by_cluster.csv]
report9:8ca4f36252,deny,"316 is C1's β3-propagated SE, not a C3/2010 MAX5 cluster mean","cluster β3-propagated SE for C1 (≈316mm) [26_index_precision_by_cluster.csv]-type source, not MAX5_m_bg_mean",report9 part 4,C3 (Western Residual) / 2010 · MAX5_m_bg_mean = -0.315717 [26_msl_5yr_per_cluster.csv] as mm
report9:56e2937bbb,deny,"454 is C2's β3-propagated SE, not a C2/2019 MSL5 cluster mean","cluster β3-propagated SE for C2 (≈454mm), not MSL5_m_bg_mean",report9 part 4,C2 (Dune) / 2019 · MSL5_m_bg_mean = -0.453923 [26_msl_5yr_per_cluster.csv] as mm
report9:7160e7ed3f,deny,"430 is C5's β3-propagated SE, not a C4 water-balance ET term","cluster β3-propagated SE for C5 (≈430mm), not ET_mid_mm_yr",report9 part 4,C4 (Main Forest) · ET_mid_mm_yr = 429.8 [16_water_bal_vol_table.csv]
report9:62e3d30fa0,deny,"3.5 is the EWI/MSL5 precision ratio minimum (C5), not a coastal-panel delta_0 SE","ewi_over_msl5_ratio_beta3 min ≈3.47 (C5, reference) [26_index_precision_by_cluster.csv]",report9 part 4,full_mam / linear_capped · delta_0_se = 3.52 [25_01_panel_fit_parameters.csv]
report9:43fa10ac77,deny,"6.0 is the EWI/MSL5 precision ratio maximum (C4), not the hydro-year start month","ewi_over_msl5_ratio_beta3 max ≈6.18 (C4, reference) [26_index_precision_by_cluster.csv]",report9 part 4,MSL_HYDRO_YEAR_START_MONTH = 6 [config.py]
report9:7c01d845c0,deny,"65 is a well count where both metrics can be computed, not a slack-depth config difference","count of wells with both EWI and MSL5 available, not SD15b_REC−SD15b_WINTER",report9 part 4,SD15b_REC − SD15b_WINTER = 65 cm = 65 [config.py]
report9:e0e1f50ac5,deny,"10m is Sentinel-2's native pixel resolution, not the project's reach-quoting rounding constant","Sentinel-2 native resolution (10m), not REACH_QUOTE_NEAREST_M",report9 part 4,REACH_QUOTE_NEAREST_M = 10 [config.py]
report9:893d069018,confirm,attributed key/column names the same subject and statistic the sentence states,,report9 part 4,fit_open_water_n_scenes = 43 [45_report_numbers.csv]
report9:a72a274673,confirm,attributed key/column names the same subject and statistic the sentence states,,report9 part 4,study_area_ha = 306.97 [45_report_numbers.csv]
report9:9f832e1962,confirm,attributed key/column names the same subject and statistic the sentence states,,report9 part 4,study_area_cells = 30697 [45_report_numbers.csv]
report9:34e55852d5,confirm,attributed key/column names the same subject and statistic the sentence states,,report9 part 4,fit_open_water_n_scenes = 43 [45_report_numbers.csv]
report9:11b326aeab,confirm,attributed key/column names the same subject and statistic the sentence states,,report9 part 4,open_water · a = 24.9328 [45_01_wet_area_model.csv]
report9:aa86db735c,confirm,attributed key/column names the same subject and statistic the sentence states,,report9 part 4,open_water · b = 4.43273 [45_01_wet_area_model.csv]
report9:cd19e5508d,deny,"the ρ=+0.80 is open water's Spearman rho, not wet-floor's r²",fit_open_water_rho=0.805 [45_report_numbers.csv],report9 part 4,oos_C_wet_floor_r2 = 0.802125 [45_report_numbers.csv]
report9:73c92446ce,confirm,attributed key/column names the same subject and statistic the sentence states,,report9 part 4,fit_open_water_r2_log = 0.711666 [45_report_numbers.csv]
report9:a87f2d6be3,confirm,attributed key/column names the same subject and statistic the sentence states,,report9 part 4,wet_floor · a = 56.0929 [45_01_wet_area_model.csv]
report9:151dd6ee9e,confirm,attributed key/column names the same subject and statistic the sentence states,,report9 part 4,wet_floor · b = 0.954161 [45_01_wet_area_model.csv]
report9:bf212c12ee,confirm,attributed key/column names the same subject and statistic the sentence states,,report9 part 4,fit_wet_floor_rho = 0.849894 [45_report_numbers.csv]
report9:18e119fe36,confirm,attributed key/column names the same subject and statistic the sentence states,,report9 part 4,fit_wet_floor_r2_log = 0.767452 [45_report_numbers.csv]
report9:5c1747e348,confirm,attributed key/column names the same subject and statistic the sentence states,,report9 part 4,wet_floor · h_min = -0.796 [45_01_wet_area_model.csv]
report9:76dcc61a15,confirm,attributed key/column names the same subject and statistic the sentence states,,report9 part 4,wet_floor · h_max = 0.03 [45_01_wet_area_model.csv]
report9:4a0b3a3c53,confirm,attributed key/column names the same subject and statistic the sentence states,,report9 part 4,wet_floor_ever_cells = 11703 [45_report_numbers.csv]
report9:ca68345797,confirm,attributed key/column names the same subject and statistic the sentence states,,report9 part 4,wet_floor_ever_ha = 117.03 [45_report_numbers.csv]
report9:4906c80cbf,confirm,attributed key/column names the same subject and statistic the sentence states,,report9 part 4,open_water_ever_cells = 4483 [45_report_numbers.csv]
report9:9c9f2b5171,confirm,attributed key/column names the same subject and statistic the sentence states,,report9 part 4,open_water_ever_ha = 44.83 [45_report_numbers.csv]
report9:4179a808c1,confirm,attributed key/column names the same subject and statistic the sentence states,,report9 part 4,oos_C_open_water_n_months · Value = 238 [45_report_numbers.csv]
report9:2e9f7972ea,confirm,attributed key/column names the same subject and statistic the sentence states,,report9 part 4,oos_R_wet_floor_r2 = 0.77827 [45_report_numbers.csv]
report9:41f5cc5314,confirm,attributed key/column names the same subject and statistic the sentence states,,report9 part 4,oos_C_wet_floor_r2 = 0.802125 [45_report_numbers.csv]
report9:da1da09fa2,confirm,attributed key/column names the same subject and statistic the sentence states,,report9 part 4,oos_C_wet_floor_median_ratio = 0.955233 [45_report_numbers.csv]
report9:e1ac080545,confirm,attributed key/column names the same subject and statistic the sentence states,,report9 part 4,oos_R_open_water_r2 = 0.620009 [45_report_numbers.csv]
report9:790a643e10,confirm,attributed key/column names the same subject and statistic the sentence states,,report9 part 4,oos_C_open_water_r2 = 0.637191 [45_report_numbers.csv]
report9:c133b09134,confirm,attributed key/column names the same subject and statistic the sentence states,,report9 part 4,oos_R_open_water_median_ratio = 0.843108 [45_report_numbers.csv]
report9:604c2fdea9,confirm,attributed key/column names the same subject and statistic the sentence states,,report9 part 4,oos_C_open_water_median_ratio = 0.808341 [45_report_numbers.csv]
report9:e9eef240f5,confirm,attributed key/column names the same subject and statistic the sentence states,,report9 part 4,66 reference + 22 extended well columns = 88 dipwells = 88 [01_wells_reference.csv]
report9:3a8bc6df0c,confirm,attributed key/column names the same subject and statistic the sentence states,,report9 part 4,66 well columns in reference (lake excluded) = 66 [01_wells_reference.csv]
report9:ccff9acf5c,confirm,attributed key/column names the same subject and statistic the sentence states,,report9 part 4,22 well columns in extended (lake excluded) = 22 [01_wells_extended.csv]
report9:07767be59b,unsure,cannot confirm the 03_08 cluster-sweep aggregate is the per-well/cluster ‘deep’ datum range cited; needs the actual per-well optimum distribution,,report9 part 4,max of per-column medians = 3.54901 [03_08_datum_sensitivity.csv]
report9:86c035cad8,deny,"‘the uniform 3.7 m value’ names the project drainage datum, not a C2 t_half or beta_1 value",DRAINAGE_DATUM=3.7 [config.py],report9 part 4,centroid · C2 · t_half_B_months = 3.69166 [03_16_model_b_persistence.csv]
report9:d72ec61da3,confirm,attributed key/column names the same subject and statistic the sentence states,,report9 part 4,DIFF_IDW_GRID_M = 50 [config.py]
report9:2fea831425,deny,"the 1 m ridge-mask threshold is a Script 19 module constant, not a 03_12 file-derived minimum",RIDGE_MASK_THRESHOLD=1.0 [src/19_spatial_groundwater.py],report9 part 4,max of per-column mins = 1 [03_12_partition_vs_datum.csv]
report9:8b225e3193,confirm,attributed key/column names the same subject and statistic the sentence states,,report9 part 4,66 well columns in reference (lake excluded) = 66 [01_wells_reference.csv]
report9:2352b3e20e,deny,"0.5 m is the datum sweep's fixed lower bound, not well L7's optimal datum","sweep lower bound 0.5 m (script constant), not L7 optimal_datum_primary",report9 part 4,l7 · optimal_datum_primary = 0.5 [03_09_well_optimal_datums.csv]
report9:84c8f3345f,deny,"0.1 m is the sweep step size, not a beta_3_at_uniform value for ceh5/ceh6",sweep step size 0.1 m (script constant),report9 part 4,ceh5 · C1 · beta_3_at_uniform = 0.0977419 [03_09_well_optimal_datums.csv]
report9:31633add4f,deny,"‘the uniform 3.7 m network datum’ is DRAINAGE_DATUM, not ceh5's beta_1_at_primary",DRAINAGE_DATUM=3.7 [config.py],report9 part 4,ceh5 · C1 · beta_1_at_primary = 3.69402 [03_09_well_optimal_datums.csv]
report9:9bf4199c30,deny,"0.02 is an R2 GAIN value, not a beta_3_at_secondary/uniform coefficient",R2_gain_max_vs_uniform for C1 (0.02–0.04) [03_09_well_optimal_datums.csv],report9 part 4,C4 mean of beta_3_at_secondary · beta_3_at_secondary = 0.016977 [03_09_well_optimal_datums.csv]
report9:ce777e1dcc,confirm,attributed key/column names the same subject and statistic the sentence states,,report9 part 4,ceh5 · C1 · R2_gain_max_vs_uniform = 0.0443795 [03_09_well_optimal_datums.csv]
report9:79f47c0f2c,confirm,attributed key/column names the same subject and statistic the sentence states,,report9 part 4,RANWELL_IDW_POWER = 2 [config.py]
report9:8baa7c011f,deny,"the second ‘2’ is the LiDAR DEM resolution (2 m), not the IDW power","LiDAR DEM resolution 2 m, not RANWELL_IDW_POWER",report9 part 4,RANWELL_IDW_POWER = 2 [config.py]
report9:7500d21273,confirm,attributed key/column names the same subject and statistic the sentence states,,report9 part 4,C5 (Coastal Forest) · Mid_drain_frac = 0.6793 [16_water_bal_rec_table.csv]
report9:83a72c6913,deny,"3 mm/mm is a β1 coefficient range bound, not a PET monthly-trend slope","β1_recharge cluster range lower bound (≈3 mm/mm), not a PET trend slope",report9 part 4,full_record / 11 · slope_mm_per_yr = 0.00327833 [00_06_pet_monthly_trends.csv] as mm
report9:f7f8ea31e7,deny,"5 mm/mm is a β1 coefficient threshold, not a PET monthly-trend slope","β1_recharge C1 threshold (>5 mm/mm), not a PET trend slope",report9 part 4,well_record / 1 · slope_mm_per_yr = 0.0045181 [00_06_pet_monthly_trends.csv] as mm
report9:db6e637dc9,deny,"2 mm/mm is a β1 coefficient lower bound, not ‘cumbal_wl_slope’",β1_recharge lower bound west of forest (≈2 mm/mm),report9 part 4,cumbal_wl_slope = 0.00216439 [00_report_numbers.csv] as mm
report9:16b74aa8dd,deny,"3 mm/mm is a β1 coefficient upper bound, not a PET monthly-trend slope",β1_recharge upper bound (≈3 mm/mm),report9 part 4,full_record / 11 · slope_mm_per_yr = 0.00327833 [00_06_pet_monthly_trends.csv] as mm
report9:c127bf003b,confirm,attributed key/column names the same subject and statistic the sentence states,,report9 part 4,C1_beta2_mean · Value = 0.541888 [07_report_numbers.csv]
report9:e35630fac0,confirm,attributed key/column names the same subject and statistic the sentence states,,report9 part 4,C5_beta2_mean · Value = 1.13385 [07_report_numbers.csv]
report9:f87e08999c,confirm,attributed key/column names the same subject and statistic the sentence states,,report9 part 4,β₃_drainage · C4_mean = 0.016 [10c_forest_zone_cluster_summary.csv] as %
report9:f7de724686,deny,"individual-well threshold ‘below 1%’ is a minimum, not C5's standard deviation","a C4 well's β3 below 1% [10c file], not C5_sd",report9 part 4,β₃_drainage · C5_sd = 0.008 [10c_forest_zone_cluster_summary.csv] as %
report9:9a088e1984,confirm,attributed key/column names the same subject and statistic the sentence states,,report9 part 4,β₃_drainage · C5_mean = 0.046 [10c_forest_zone_cluster_summary.csv] as %
report9:28ac4fe3e1,confirm,attributed key/column names the same subject and statistic the sentence states,,report9 part 4,β₃_drainage · C4_min = -0.021 [10c_forest_zone_cluster_summary.csv] as %
report9:caa253bdb5,confirm,attributed key/column names the same subject and statistic the sentence states,,report9 part 4,full_record / 2 · p_value = 0.141883 [00_06_pet_monthly_trends.csv]
report9:42446347b3,unsure,this is an inequality claim (p<0.001); the cited row satisfies the bound generically but is not the actual β1-vs-easting test for the 21-well C3 projection,,report9 part 4,"p < 0.001: the row its neighbours cite (11_forecast_spring_transfer_functions.csv · Western_Block · p_value_PET_win_to_spr) has p_value_h_max_winter = 9.32e-06,"
report9:73d2882f57,deny,"r=+0.58 belongs to β3 (not β1) increasing inland for the 21 C3 wells, a different analysis from the 14-forest-well β1-vs-easting correlation","β3 vs inland-axis correlation for 21 C3 wells (≈0.58), not 10c_forest_zone_correlations.csv β1",report9 part 4,β₁_recharge · r_vs_Easting = 0.579 [10c_forest_zone_correlations.csv]
report9:808cb4dc93,deny,"0.41 is a specific-yield (Sy) value, not a PET-transfer-function p-value","Sy near the SW margin ≈0.41, not p_value_PET_win_to_spr",report9 part 4,Western_Block · p_value_PET_win_to_spr = 0.407042 [11_forecast_spring_transfer_functions.csv]
report9:9a782640a7,deny,"0.25 is a specific-yield (Sy) value, not a clearfell ANCOVA p-value","Sy near the NE margin ≈0.25, not Clearfell_p",report9 part 4,Forest / Edge · Clearfell_p = 0.248589 [10a_01_ancova_comparison_table.csv]
report9:b443837d82,deny,"r=-0.83 belongs to the Sy-vs-inland-axis correlation for the 21 C3 wells, not the 14-forest-well β3-vs-elevation correlation","Sy vs inland-axis correlation for 21 C3 wells (≈-0.83), not 10c_forest_zone_correlations.csv β3",report9 part 4,β₃_drainage · r_vs_Elevation = -0.831 [10c_forest_zone_correlations.csv]
report9:f252e27817,unsure,"duplicate inequality claim (p<0.001) for the Sy-vs-position correlation; the cited row is a generic bound check, not the actual test",,report9 part 4,"p < 0.001: the row its neighbours cite (11_forecast_spring_transfer_functions.csv · Western_Block · p_value_PET_win_to_spr) has p_value_h_max_winter = 9.32e-06,"
report9:8b232de0f4,confirm,attributed key/column names the same subject and statistic the sentence states,,report9 part 4,66 well columns in reference (lake excluded) = 66 [01_wells_reference.csv]
report9:f1b5a2b8e3,confirm,attributed key/column names the same subject and statistic the sentence states,,report9 part 4,RANWELL_IDW_POWER = 2 [config.py]
report9:fc8eab314b,confirm,attributed key/column names the same subject and statistic the sentence states,,report9 part 4,RANWELL_IDW_POWER = 2 [config.py]
report9:8a5de9957a,confirm,attributed key/column names the same subject and statistic the sentence states,,report9 part 4,β₂_atm_draw · C4_min = 2.038 [10c_forest_zone_cluster_summary.csv]
report9:d8c5fc573e,confirm,attributed key/column names the same subject and statistic the sentence states,,report9 part 4,β₂_atm_draw · C4_max = 3.828 [10c_forest_zone_cluster_summary.csv]
report9:62fc58929a,deny,C1's mean β3 (≈10%) is not the same as a correlation ‘Marginal_gain’ statistic,"C1 mean β3_drainage ≈10%, not Marginal_gain",report9 part 4,β₃_drainage · Marginal_gain = 0.097 [10c_forest_zone_correlations.csv] as %
report9:161308a13c,confirm,attributed key/column names the same subject and statistic the sentence states,,report9 part 4,β₃_drainage · C4_mean = 0.016 [10c_forest_zone_cluster_summary.csv] as %
report9:e9296fbfb9,confirm,attributed key/column names the same subject and statistic the sentence states,,report9 part 4,well / C1 (Lake Edge) / ceh25 · t_half_A_months = 5.18076 [03_16_model_b_persistence.csv]
report9:d6c9e56509,confirm,attributed key/column names the same subject and statistic the sentence states,,report9 part 4,well / C1 (Lake Edge) / ceh26 · t_half_A_months = 7.95128 [03_16_model_b_persistence.csv]
report9:754023ee54,confirm,attributed key/column names the same subject and statistic the sentence states,,report9 part 4,well / C2 (Dune) / ceh10 · t_half_A_months = 6.94272 [03_16_model_b_persistence.csv]
report9:4d41131e84,confirm,attributed key/column names the same subject and statistic the sentence states,,report9 part 4,well / C2 (Dune) / D38 · t_half_A_months = 6.41272 [03_16_model_b_persistence.csv]
report9:0db517d1c4,confirm,attributed key/column names the same subject and statistic the sentence states,,report9 part 4,well / C2 (Dune) / nw4 · t_half_A_months = 12.5047 [03_16_model_b_persistence.csv]
report9:6ce86e609e,confirm,attributed key/column names the same subject and statistic the sentence states,,report9 part 4,well / C2 (Dune) / D5 · t_half_A_months = 9.88044 [03_16_model_b_persistence.csv]
report9:2de552b392,confirm,attributed key/column names the same subject and statistic the sentence states,,report9 part 4,well / C3 (Western Residual) / nw1 · t_half_A_months = 6.83307 [03_16_model_b_persistence.csv]
report9:c970dc1e97,confirm,attributed key/column names the same subject and statistic the sentence states,,report9 part 4,well / C3 (Western Residual) / ceh39 · t_half_A_months = 21.0557 [03_16_model_b_persistence.csv]
report9:da0757030a,confirm,attributed key/column names the same subject and statistic the sentence states,,report9 part 4,well / C3 (Western Residual) / ceh42 · t_half_A_months = 13.5522 [03_16_model_b_persistence.csv]
report9:2f53eead96,confirm,attributed key/column names the same subject and statistic the sentence states,,report9 part 4,well / C5 (Coastal Forest) / ceh17 · t_half_A_months = 12.1088 [03_16_model_b_persistence.csv]
report9:a8cc2405f6,confirm,attributed key/column names the same subject and statistic the sentence states,,report9 part 4,well / C5 (Coastal Forest) / ceh16 · t_half_A_months = 18.132 [03_16_model_b_persistence.csv]
report9:1ac3401317,confirm,attributed key/column names the same subject and statistic the sentence states,,report9 part 4,C5 mean of half_life_months · half_life_months = 15.4613 [18_wtf_05_storage_drainage_index.csv]
report9:c14c9a6a44,confirm,attributed key/column names the same subject and statistic the sentence states,,report9 part 4,well / C4 (Main Forest) / nw10 · t_half_A_months = 17.1193 [03_16_model_b_persistence.csv]
report9:6336491982,confirm,attributed key/column names the same subject and statistic the sentence states,,report9 part 4,well / C4 (Main Forest) / ceh34 · t_half_A_months = 81.9937 [03_16_model_b_persistence.csv]
report9:28450dac45,confirm,attributed key/column names the same subject and statistic the sentence states,,report9 part 4,C4 mean of half_life_months · half_life_months = 37.8683 [18_wtf_05_storage_drainage_index.csv]
report9:b7a3d3d220,confirm,attributed key/column names the same subject and statistic the sentence states,,report9 part 4,dNSE_vs_beta3_r · 08_report_numbers.csv · committed 0.5967953949077905 · index confirmed
report9:f65541a128,confirm,attributed key/column names the same subject and statistic the sentence states,,report9 part 4,dNSE_vs_beta2_r · 08_report_numbers.csv · committed -0.616866215777219 · index confirmed
report9:6b3d302638,confirm,attributed key/column names the same subject and statistic the sentence states,,report9 part 4,C1_median_TLM_NSE = -0.904768 [08_report_numbers.csv]
report9:8f46ed2448,confirm,attributed key/column names the same subject and statistic the sentence states,,report9 part 4,C4_median_TLM_NSE = 0.249275 [08_report_numbers.csv]
report9:11ff748b25,deny,"5 is the count of C5 wells among the 14 forest-zone wells, not the canopy-texture window constant","count of C5 wells = 5 (derived), not CANOPY_TEXTURE_WINDOW",report9 part 4,CANOPY_TEXTURE_WINDOW = 5 [config.py]
report9:d8ecd77845,confirm,attributed key/column names the same subject and statistic the sentence states,,report9 part 4,β₂_atm_draw · r_vs_Elevation · 10c_forest_zone_correlations.csv · committed 0.983 · index proposed
report9:82a31e73a6,confirm,attributed key/column names the same subject and statistic the sentence states,,report9 part 4,β₂_atm_draw · R2_elevation_plus_dist · 10c_forest_zone_correlations.csv · committed 0.967 · index proposed
report9:e9e67e4b7e,confirm,attributed key/column names the same subject and statistic the sentence states,,report9 part 4,β₂_atm_draw · R2_elevation_only_LOO · 10c_forest_zone_correlations.csv · committed 0.9545376038787774 · index proposed
report9:da85972d01,confirm,attributed key/column names the same subject and statistic the sentence states,,report9 part 4,β₂_atm_draw · R2_elevation_plus_dist = 0.967 [10c_forest_zone_correlations.csv]
report9:3fc4adfe17,confirm,attributed key/column names the same subject and statistic the sentence states,,report9 part 4,β₃_drainage · r_vs_Elevation · 10c_forest_zone_correlations.csv · committed -0.831 · index proposed
report9:a0fcf3d74d,confirm,attributed key/column names the same subject and statistic the sentence states,,report9 part 4,β₃_drainage · R2_elevation_only · 10c_forest_zone_correlations.csv · committed 0.691 · index proposed
report9:bd4eaefde6,confirm,attributed key/column names the same subject and statistic the sentence states,,report9 part 4,β₃_drainage · R2_elevation_plus_dist · 10c_forest_zone_correlations.csv · committed 0.788 · index proposed
report9:c295d3253a,confirm,attributed key/column names the same subject and statistic the sentence states,,report9 part 4,β₁_recharge · r_vs_Elevation · 10c_forest_zone_correlations.csv · committed 0.192 · index proposed
report9:79c87a9a51,confirm,attributed key/column names the same subject and statistic the sentence states,,report9 part 4,β₁_recharge · p_vs_Elevation · 10c_forest_zone_correlations.csv · committed 0.5118 · index proposed
report9:6f4305cfe5,confirm,attributed key/column names the same subject and statistic the sentence states,,report9 part 4,β₁_recharge · r_vs_Easting · 10c_forest_zone_correlations.csv · committed 0.579 · index proposed
report9:2cb89a6ca1,confirm,attributed key/column names the same subject and statistic the sentence states,,report9 part 4,β₁_recharge · p_vs_Easting = 0.0301 [10c_forest_zone_correlations.csv]
report9:f4b2acab14,deny,"34% is β1's r² vs easting (0.579²), not an unrelated recoverability metric","r_vs_Easting² ≈ 34% [10c_forest_zone_correlations.csv], not ari_recoverability",report9 part 4,Easting / Easting · ari_recoverability = 0.336 [31b_separation_vs_recoverability.csv] as %
report9:a5ecabd17a,confirm,attributed key/column names the same subject and statistic the sentence states,,report9 part 4,β₂_atm_draw · C4_max = 3.828 [10c_forest_zone_cluster_summary.csv]
report9:60a98be625,confirm,attributed key/column names the same subject and statistic the sentence states,,report9 part 4,β₂_atm_draw · C5_max = 1.384 [10c_forest_zone_cluster_summary.csv]
report9:13ab7e9c1e,confirm,attributed key/column names the same subject and statistic the sentence states,,report9 part 4,Elevation_m · C4_mean · 10c_forest_zone_cluster_summary.csv · committed 10.601 · index proposed
report9:af9fe7e507,confirm,attributed key/column names the same subject and statistic the sentence states,,report9 part 4,Elevation_m · C5_mean = 5.643 [10c_forest_zone_cluster_summary.csv]
report9:a5bbadd130,confirm,attributed key/column names the same subject and statistic the sentence states,,report9 part 4,"p < 0.001: the row its neighbours cite (10c_forest_zone_cluster_summary.csv · Elevation_m · C5_mean) has p_value = 0.0001, which satisfies the bound"
report9:3f4609ded0,deny,"6.4 m is the elevation gap's lower bound (C5_max), not a coastal-transect year difference",Elevation_m C5_max ≈6.3m [10c_forest_zone_cluster_summary.csv],report9 part 4,2022.0 · diff_coast_inland_m = -6.35567 [38_transect.csv]
report9:b8d7352809,confirm,attributed key/column names the same subject and statistic the sentence states,,report9 part 4,Elevation_m · C4_min = 8.61 [10c_forest_zone_cluster_summary.csv]
report9:1eb24786b0,confirm,attributed key/column names the same subject and statistic the sentence states,,report9 part 4,Elevation_m · C4_max · 10c_forest_zone_cluster_summary.csv · committed 14.42 · index proposed
report9:0cd4846e04,confirm,attributed key/column names the same subject and statistic the sentence states,,report9 part 4,β₂_atm_draw · C4_max = 3.828 [10c_forest_zone_cluster_summary.csv]
report9:bbaf296b6b,confirm,attributed key/column names the same subject and statistic the sentence states,,report9 part 4,ceh14 · Model_R2 = 0.585714 [07_coeff_maps_data.csv]
report9:aeabd1e1c3,confirm,attributed key/column names the same subject and statistic the sentence states,,report9 part 4,ceh14 · pvalue_beta_3 = 0.142771 [07_coeff_maps_data.csv]
report9:489804b77a,confirm,attributed key/column names the same subject and statistic the sentence states,,report9 part 4,β₃_drainage · C4_max = 0.04 [10c_forest_zone_cluster_summary.csv]
report9:5ee9b51b6f,deny,"15% is the broadleaf interception fraction constant, not an ANCOVA canopy-era step / pixel-tip count",BROADLEAF_INTERCEPTION=0.15 [config.py],report9 part 4,Canopy_era_Impact_early_step = 0.153735 [10_consolidated_report_numbers.csv] as %
report9:3a2f044b49,deny,"24% is the pine interception fraction constant, not C4's SSM drainage fraction",FOREST_INTERCEPTION=0.24 [config.py],report9 part 4,C4 (Main Forest) · SSM_drain_frac = 0.2388 [16_water_bal_rec_table.csv] as %
report9:21aae16ad6,confirm,attributed key/column names the same subject and statistic the sentence states,,report9 part 4,β₁_recharge · r_vs_Elevation = 0.192 [10c_forest_zone_correlations.csv]
report9:4b6fc34f2d,deny,"the parenthetical (0.512) is β1's p-value vs elevation, not r_vs_Dist_from_ridge",β1_recharge p_vs_Elevation=0.5118 [10c_forest_zone_correlations.csv],report9 part 4,β₁_recharge · r_vs_Dist_from_ridge = -0.512 [10c_forest_zone_correlations.csv]
report9:b1ced4c42d,confirm,attributed key/column names the same subject and statistic the sentence states,,report9 part 4,β₁_recharge · r_vs_Dist_from_ridge · 10c_forest_zone_correlations.csv · committed -0.512 · index proposed
report9:131a0dcc37,confirm,attributed key/column names the same subject and statistic the sentence states,,report9 part 4,β₁_recharge · p_vs_Dist_from_ridge = 0.061 [10c_forest_zone_correlations.csv]
report9:e680625a4d,confirm,attributed key/column names the same subject and statistic the sentence states,,report9 part 4,β₁_recharge · r_vs_Easting = 0.579 [10c_forest_zone_correlations.csv]
report9:78070c1497,confirm,attributed key/column names the same subject and statistic the sentence states,,report9 part 4,β₁_recharge · p_vs_Easting = 0.0301 [10c_forest_zone_correlations.csv]
report9:1fc22416e5,confirm,attributed key/column names the same subject and statistic the sentence states,,report9 part 4,β₂_atm_draw · r_vs_Elevation = 0.983 [10c_forest_zone_correlations.csv]
report9:a4ebf82c66,confirm,attributed key/column names the same subject and statistic the sentence states,,report9 part 4,β₂_atm_draw · r_vs_Dist_from_ridge = -0.905 [10c_forest_zone_correlations.csv]
report9:f88cb8eda9,confirm,attributed key/column names the same subject and statistic the sentence states,,report9 part 4,β₂_atm_draw · r_vs_Easting = 0.75 [10c_forest_zone_correlations.csv]
report9:5c98065ed5,confirm,attributed key/column names the same subject and statistic the sentence states,,report9 part 4,β₂_atm_draw · p_vs_Easting = 0.002 [10c_forest_zone_correlations.csv]
report9:08a4ee08db,confirm,attributed key/column names the same subject and statistic the sentence states,,report9 part 4,β₃_drainage · r_vs_Elevation = -0.831 [10c_forest_zone_correlations.csv]
report9:218ee61d39,confirm,attributed key/column names the same subject and statistic the sentence states,,report9 part 4,β₃_drainage · r_vs_Dist_from_ridge · 10c_forest_zone_correlations.csv · committed 0.644 · index proposed
report9:bb4b4b91e3,confirm,attributed key/column names the same subject and statistic the sentence states,,report9 part 4,β₃_drainage · p_vs_Dist_from_ridge = 0.0129 [10c_forest_zone_correlations.csv]
report9:2e46d61b1f,confirm,attributed key/column names the same subject and statistic the sentence states,,report9 part 4,β₃_drainage · r_vs_Easting · 10c_forest_zone_correlations.csv · committed -0.48 · index proposed
report9:3751c8a7f1,confirm,attributed key/column names the same subject and statistic the sentence states,,report9 part 4,β₃_drainage · p_vs_Easting = 0.0825 [10c_forest_zone_correlations.csv]
report9:6d47945e0c,confirm,attributed key/column names the same subject and statistic the sentence states,,report9 part 4,β₂_atm_draw · R2_elevation_only = 0.967 [10c_forest_zone_correlations.csv]
report9:7ccac576e0,confirm,attributed key/column names the same subject and statistic the sentence states,,report9 part 4,DIFF_IDW_GRID_M = 50 [config.py]
report9:29f3e7a0d6,deny,"9 m aod is a descriptive range bound from the interpolated surface, not well p2's own DEM elevation","descriptive MAOD range bound (≈9m), not p2's DEM_Ground_Elev",report9 part 4,p2 · DEM_Ground_Elev = 9 [01_locations.csv]
report9:55f9b723d9,deny,"2 m aod is a descriptive level-range bound, not the canopy-change grid spacing","descriptive MAOD range bound (2m aod), not CANOPY_CHANGE_GRID_M",report9 part 4,CANOPY_CHANGE_GRID_M = 2 [config.py]
report9:1fc68ed3f5,confirm,attributed key/column names the same subject and statistic the sentence states,,report9 part 4,DIFF_IDW_GRID_M = 50 [config.py]
report9:76ca83ea22,deny,"2 m aod is a descriptive level-range bound, not the canopy-change grid spacing","descriptive MAOD range bound (2m aod), not CANOPY_CHANGE_GRID_M",report9 part 4,CANOPY_CHANGE_GRID_M = 2 [config.py]
report9:f1cf9c4aea,confirm,attributed key/column names the same subject and statistic the sentence states,,report9 part 4,DRAINAGE_DATUM = 3.7 [config.py]
report9:589ae2f6e3,confirm,attributed key/column names the same subject and statistic the sentence states,,report9 part 4,max of per-column means = 74.1115 [03_regional_averages.csv]
report9:a1b2945de8,confirm,attributed key/column names the same subject and statistic the sentence states,,report9 part 4,mean of PET_mm · PET_mm = 54.3882 [03_regional_averages.csv]
report9:c53ad2cce5,confirm,attributed key/column names the same subject and statistic the sentence states,,report9 part 4,d7 · residual_wb = -0.0133053 [20_residual_perwell.csv]
report9:a13399065c,confirm,attributed key/column names the same subject and statistic the sentence states,,report9 part 4,ceh4 · residual_wb = 0.00435625 [20_residual_perwell.csv]
report9:ed26598d36,confirm,attributed key/column names the same subject and statistic the sentence states,,report9 part 4,median of residual_wb · residual_wb = -0.004602 [20_residual_perwell.csv]
report9:481e402d30,confirm,attributed key/column names the same subject and statistic the sentence states,,report9 part 4,mean of residual_wb · residual_wb = -0.00379681 [20_residual_perwell.csv]
report9:35f9474fcd,deny,"±0.01 m/month is a stated threshold band, not a spring-mixed-model SE","±0.01 threshold, not Clearfell_SE_m",report9 part 4,Forest / Forest Ctrl · Clearfell_SE_m = 0.0147 [10d_08_spring_mixed_model_results.csv]
report9:7525c31648,deny,"p=0.66 belongs to the easting-residual Spearman test, not the clearfell/well-AR tests cited",p-value of easting-vs-residual correlation (≈0.66),report9 part 4,Climate / Impact · Clearfell_p = 0.657392 [10d_08_spring_mixed_model_results.csv]
report9:fd7f1a65e3,deny,"the cited value is a p-value; the sentence needs ρ=+0.093, a correlation coefficient",Spearman rho vs northing (≈0.093),report9 part 4,Eastern_Block · p_value_intercept = 0.0932422 [11_forecast_winter_transfer_functions.csv]
report9:259ba9d69e,deny,"p=0.85 belongs to the signed-residual easting test, not the clearfell mixed model",p-value of signed-residual vs easting correlation (≈0.85),report9 part 4,Forest / Impact · Clearfell_p = 0.851025 [10d_08_spring_mixed_model_results.csv]
report9:0d12cdd28c,deny,"p=0.35 belongs to the signed-residual northing test, not the PET monthly-trend test",p-value of signed-residual vs northing correlation (≈0.35),report9 part 4,full_record / 10 · p_value = 0.346111 [00_06_pet_monthly_trends.csv]
report9:edfdf3aea9,deny,"+0.02 m/month is a residual maximum, not a PET-trend r²/slope",max positive residual (+0.02 m/month) [20_residual_perwell.csv variant],report9 part 4,full_record / 2 · r2 = 0.023053 [00_06_pet_monthly_trends.csv]
report9:47ed68c261,confirm,attributed key/column names the same subject and statistic the sentence states,,report9 part 4,ceh4 · residual_wb = 0.00435625 [20_residual_perwell.csv]
report9:a383ea21fa,confirm,attributed key/column names the same subject and statistic the sentence states,,report9 part 4,ceh23 · residual_wb = 0.00245419 [20_residual_perwell.csv]
report9:d18ad68c95,confirm,attributed key/column names the same subject and statistic the sentence states,,report9 part 4,ceh17 · residual_wb = 0.00237882 [20_residual_perwell.csv]
report9:ba7f54d0f0,unsure,genuine near-tie between ceh18 and nw9's near-identical residuals; cannot tell which mention this id targets,,report9 part 4,ceh18 · residual_wb = 0.00193288 [20_residual_perwell.csv]
report9:62fcc18eb8,confirm,attributed key/column names the same subject and statistic the sentence states,,report9 part 4,ceh18 · residual_wb = 0.00193288 [20_residual_perwell.csv]
report9:24a4bffcf0,confirm,attributed key/column names the same subject and statistic the sentence states,,report9 part 4,d7 · residual_wb = -0.0133053 [20_residual_perwell.csv]
report9:45dc5bcdf9,confirm,attributed key/column names the same subject and statistic the sentence states,,report9 part 4,ceh14 · residual_wb = -0.0109697 [20_residual_perwell.csv]
report9:f8c10a21e1,confirm,attributed key/column names the same subject and statistic the sentence states,,report9 part 4,DIFF_IDW_GRID_M = 50 [config.py]
report9:8f2ea2c042,deny,"66 reference wells is the standard derived count, not ‘below_mean_wt n’ from an unrelated diagnostics file",66 reference wells (derived) [01_wells_reference.csv],report9 part 4,below_mean_wt · n = 66 [03_11_datum_confound_diagnostics.csv]
report9:9d6a4303cc,deny,"±0.01 m/month is a stated threshold band, not a lag-diagnostic p-value","±0.01 threshold, not pvalue_beta_1/2",report9 part 4,median of pvalue_beta_1 · pvalue_beta_1 = 0.00527152 [03_04_lag_diagnostic.csv]
report9:9cb0239c4e,deny,"+0.02 m/month is a residual maximum threshold, not a spring mixed-model coefficient",max residual threshold (+0.02 m/month),report9 part 4,MixedModelSpring_Climate_Far-field Ctrl_clearfell = 0.0167 [10_consolidated_report_numbers.csv]
report9:0db15079c4,confirm,attributed key/column names the same subject and statistic the sentence states,,report9 part 4,full / linear_capped · n_obs = 12006 [25_01_panel_fit_parameters.csv]
report9:0bd8daf9b2,confirm,attributed key/column names the same subject and statistic the sentence states,,report9 part 4,full / linear_capped · n_wells = 67 [25_01_panel_fit_parameters.csv]
report9:f7afc2e89e,confirm,attributed key/column names the same subject and statistic the sentence states,,report9 part 4,forest_free · n_wells = 61 [25_01_panel_fit_parameters.csv]
report9:b8e8454452,confirm,attributed key/column names the same subject and statistic the sentence states,,report9 part 4,forest_free · n_obs = 10929 [25_01_panel_fit_parameters.csv]
report9:f094aefa51,confirm,attributed key/column names the same subject and statistic the sentence states,,report9 part 4,forest_free · ref_distance_m = 150 [25_01_panel_fit_parameters.csv]
report9:6733717fed,confirm,attributed key/column names the same subject and statistic the sentence states,,report9 part 4,forest_free · delta_ref_mm_yr = -26.1896 [25_01_panel_fit_parameters.csv]
report9:73d746aca7,confirm,attributed key/column names the same subject and statistic the sentence states,,report9 part 4,delta_ref_well_basis_se_mm_yr = 3.57067 [25_report_numbers.csv]
report9:256e66455e,confirm,attributed key/column names the same subject and statistic the sentence states,,report9 part 4,delta_ref_well_basis_ci_lo_mm_yr = -33.1881 [25_report_numbers.csv]
report9:3536a6545f,confirm,attributed key/column names the same subject and statistic the sentence states,,report9 part 4,delta_ref_well_basis_ci_hi_mm_yr = -19.1911 [25_report_numbers.csv]
report9:a33b03492f,deny,"δ0 headline should come from the primary forest_free/linear_capped fit, not a window-sensitivity variant",forest_free/linear_capped delta_0_mm_yr=-31.35 [25_01_panel_fit_parameters.csv],report9 part 4,full_panel · delta_0_mm_yr = -31.3462 [25_11_matched_window_sensitivity.csv]
report9:d023c24a32,confirm,attributed key/column names the same subject and statistic the sentence states,,report9 part 4,delta0_well_basis_se_mm_yr · Value = 4.9123 [25_report_numbers.csv]
report9:4d8ae365fd,deny,"1.6 mm/yr is the linear-capped vs exponential spread at 150m, not an unrelated clearfell sensitivity factor",|delta_ref linear_capped − exponential| at 150m ≈1.6 [25_01_panel_fit_parameters.csv],report9 part 4,Forest / Impact · s_coast_fitted = 1.59224 [10a_10_coastal_fixed1_sensitivity.csv]
report9:ed7e14c021,confirm,attributed key/column names the same subject and statistic the sentence states,,report9 part 4,full / linear_capped · ref_distance_m = 150 [25_01_panel_fit_parameters.csv]
report9:ffb7c6d08f,confirm,attributed key/column names the same subject and statistic the sentence states,,report9 part 4,delta0_loo_max_well_dist_m = 176 [25_report_numbers.csv]
report9:ba92455c3c,confirm,attributed key/column names the same subject and statistic the sentence states,,report9 part 4,delta0_loo_max_shift_mm_yr = 3.18515 [25_report_numbers.csv]
report9:40f8fead8c,confirm,attributed key/column names the same subject and statistic the sentence states,,report9 part 4,full / linear_capped · ref_distance_m = 150 [25_01_panel_fit_parameters.csv]
report9:a4c2e0bc01,confirm,attributed key/column names the same subject and statistic the sentence states,,report9 part 4,ceh3 · d_delta_ref_mm_yr = 2.42413 [25_16_delta0_leave_one_out.csv]
report9:9acbaf378b,confirm,attributed key/column names the same subject and statistic the sentence states,,report9 part 4,forest_free / linear_capped · n_wells = 61 [25_01_panel_fit_parameters.csv]
report9:d31d27de74,deny,"δ0 headline should come from the primary forest_free/linear_capped fit, not the matched-window-sensitivity file",forest_free/linear_capped delta_0_mm_yr=-31.35 [25_01_panel_fit_parameters.csv],report9 part 4,full_panel · delta_0_mm_yr = -31.3462 [25_11_matched_window_sensitivity.csv]
report9:e320edd413,confirm,attributed key/column names the same subject and statistic the sentence states,,report9 part 4,delta0_well_basis_se_mm_yr · Value = 4.9123 [25_report_numbers.csv]
report9:c34ab2f146,deny,"300m is a descriptive well-density threshold, not the slack flood-reach constant","descriptive distance threshold (300m), not RANWELL_SLACK_REACH_M",report9 part 4,RANWELL_SLACK_REACH_M = 300 [config.py]
report9:5a2ad76ec9,confirm,attributed key/column names the same subject and statistic the sentence states,,report9 part 4,c3_only_mam / linear_capped_cfix · L_m = 900 [25_01_panel_fit_parameters.csv]
report9:0633f7f2f1,confirm,attributed key/column names the same subject and statistic the sentence states,,report9 part 4,L_well_basis_se_m = 127.776 [25_report_numbers.csv]
report9:2b4ac737de,confirm,attributed key/column names the same subject and statistic the sentence states,,report9 part 4,forest_free / linear_capped · c_mm_yr = -0.1 [25_01_panel_fit_parameters.csv]
report9:24a145d657,deny,"0.6 mm/yr is c_far's standard error, not a percent-of-basis metric",forest_free/linear_capped c_se=0.55 [25_01_panel_fit_parameters.csv],report9 part 4,min of far_field_offset_pct_of_basis · far_field_offset_pct_of_basis = 0.643051 [25_03_cluster_partition.csv]
report9:f3149549e8,deny,"ΔAIC between linear_capped and exponential forms, not a C3 cluster-partition mean",AIC(linear_capped) − AIC(exponential) ≈ 4.8 [25_01_panel_fit_parameters.csv],report9 part 4,3 · C3 · observed_balanced_annual_mean_mm_yr = -4.91164 [25_03_cluster_partition_spring.csv]
report9:8dc937c178,confirm,attributed key/column names the same subject and statistic the sentence states,,report9 part 4,C5 (Coastal Forest) · coastal_gradient_mm_yr = -18.2968 [25_03_cluster_partition.csv]
report9:cc16e95776,confirm,attributed key/column names the same subject and statistic the sentence states,,report9 part 4,5 · C5 · observed_balanced_annual_mean_mm_yr = -16.1472 [25_10_record_length_composition.csv]
report9:2015d00402,confirm,attributed key/column names the same subject and statistic the sentence states,,report9 part 4,C5 · Slope_m_per_yr = -0.0359 [14_summer_trend_stats.csv] as mm
report9:82bff640c5,confirm,attributed key/column names the same subject and statistic the sentence states,,report9 part 4,5 · C5 · mean_slope_long_mm_yr = -32.3797 [25_10_record_length_composition.csv]
report9:6b5879a361,confirm,attributed key/column names the same subject and statistic the sentence states,,report9 part 4,5 · C5 · mean_slope_short_mm_yr = -59.1634 [25_10_record_length_composition.csv]
report9:aea502fd3a,confirm,attributed key/column names the same subject and statistic the sentence states,,report9 part 4,C5 (Coastal Forest) · unexplained_mm_yr = -0.679849 [25_03_cluster_partition.csv]
report9:afaa9d09d3,confirm,attributed key/column names the same subject and statistic the sentence states,,report9 part 4,C4 (Main Forest) · climate_cwb_mm_yr = 2.93324 [25_03_cluster_partition.csv]
report9:659c98dba0,confirm,attributed key/column names the same subject and statistic the sentence states,,report9 part 4,C4 (Main Forest) · far_field_offset_mm_yr = -0.103835 [25_03_cluster_partition.csv]
report9:0789fc0278,confirm,attributed key/column names the same subject and statistic the sentence states,,report9 part 4,forest_free · delta_0_se = 2.76603 [25_13_rolling_window.csv]
report9:c0f053aae6,deny,"–17; is the observed-balanced decline for C1/C2/C3, not C2's record-length-composition mean_slope_long",cluster observed_balanced_annual_mean_mm_yr for C1/C2/C3 (≈-11) [25_03_cluster_partition.csv],report9 part 4,2 · C2 · mean_slope_long_mm_yr = -11.0166 [25_10_record_length_composition.csv]
report9:306a0ba73c,deny,"0.18 is the spread among C1/C2/C3's decline rates, not an ANCOVA edge-step range",spread of C1/C2/C3 observed_balanced means (≈0.18),report9 part 4,Spread_Combined_Edge_step_range = 0.179605 [10_consolidated_report_numbers.csv]
report9:29acca5b25,confirm,attributed key/column names the same subject and statistic the sentence states,,report9 part 4,FarField / Impact · drift_scale = -13.0989 [25_04_baci_corroboration.csv]
report9:5e12ffda66,confirm,attributed key/column names the same subject and statistic the sentence states,,report9 part 4,1 · C1 · observed_balanced_annual_mean_mm_yr = -10.9749 [25_10_record_length_composition.csv]
report9:6230656e86,deny,"28.8 mm/yr is a minimum-detectable-rate figure, not a PET monthly-trend slope","minimum detectable rate (≈28.8mm/yr), not PET trend slope",report9 part 4,full_record / 2 · slope_mm_per_yr = 0.0288289 [00_06_pet_monthly_trends.csv] as mm
report9:cc0736f98f,confirm,attributed key/column names the same subject and statistic the sentence states,,report9 part 4,C5 (Coastal Forest) · unexplained_mm_yr = -0.679849 [25_03_cluster_partition.csv]
report9:0e828bc706,confirm,attributed key/column names the same subject and statistic the sentence states,,report9 part 4,1 · C1 · observed_balanced_annual_mean_mm_yr = -10.9749 [25_10_record_length_composition.csv]
report9:b419de1fba,deny,"the table's climate column is climate_plus_far_field_mm_yr (2.829), not the model parameter c_mm_yr from a different fit variant",C1 climate_plus_far_field_mm_yr=2.829 [25_03_cluster_partition.csv],report9 part 4,full_canopy / exponential · c_mm_yr = 2.83 [25_01_panel_fit_parameters.csv]
report9:091b7dacf0,deny,"C1's coastal_gradient is 0.000 in 25_03_cluster_partition.csv; the cited 25_14 diff is a different, coincidentally-zero quantity",coastal_gradient_mm_yr=0.000 [25_03_cluster_partition.csv] C1 row,report9 part 4,full_lincap_canopy / Impact · predicted_diff_vs_impact_mm_yr = 0 [25_14_correction_diagnostic_spring.csv]
report9:61b3b519c3,confirm,attributed key/column names the same subject and statistic the sentence states,,report9 part 4,C1 (Lake Edge) · unexplained_mm_yr = -13.8043 [25_03_cluster_partition.csv]
report9:e962a6057c,confirm,attributed key/column names the same subject and statistic the sentence states,,report9 part 4,2 · C2 · n_wells_summer = 28 [25_08_spring_vs_summer_comparison.csv]
report9:6ea0f2fe5a,confirm,attributed key/column names the same subject and statistic the sentence states,,report9 part 4,2 · C2 · mean_dist_coast_m_summer = 1473.35 [25_08_spring_vs_summer_comparison.csv]
report9:721c635ccd,confirm,attributed key/column names the same subject and statistic the sentence states,,report9 part 4,2 · C2 · observed_balanced_annual_mean_mm_yr_summer = -11.0988 [25_08_spring_vs_summer_comparison.csv]
report9:c9f0904332,deny,"the table's climate column is climate_plus_far_field_mm_yr (2.829), not c_mm_yr from 25_01",C2 climate_plus_far_field_mm_yr=2.829 [25_03_cluster_partition.csv],report9 part 4,full_canopy / exponential · c_mm_yr = 2.83 [25_01_panel_fit_parameters.csv]
report9:95e6cffeba,deny,"C2's coastal_gradient is 0.000 in 25_03_cluster_partition.csv, not the 25_14 correction-diagnostic value",coastal_gradient_mm_yr=0.000 [25_03_cluster_partition.csv] C2 row,report9 part 4,full_lincap_canopy / Impact · predicted_diff_vs_impact_mm_yr = 0 [25_14_correction_diagnostic_spring.csv]
report9:01fc3702a7,confirm,attributed key/column names the same subject and statistic the sentence states,,report9 part 4,C2 (Dune) · unexplained_mm_yr = -13.9282 [25_03_cluster_partition.csv]
report9:102eaa5703,confirm,attributed key/column names the same subject and statistic the sentence states,,report9 part 4,3 · C3 · n_wells_summer = 17 [25_08_spring_vs_summer_comparison.csv]
report9:387a83b90c,confirm,attributed key/column names the same subject and statistic the sentence states,,report9 part 4,3 · C3 · mean_dist_coast_m_summer = 802.747 [25_08_spring_vs_summer_comparison.csv]
report9:9da69620e6,confirm,attributed key/column names the same subject and statistic the sentence states,,report9 part 4,3 · C3 · observed_balanced_annual_mean_mm_yr_summer = -14.1507 [25_08_spring_vs_summer_comparison.csv]
report9:be5cbb11af,deny,"the table's climate column is climate_plus_far_field_mm_yr (2.829), not c_mm_yr from 25_01",C3 climate_plus_far_field_mm_yr=2.829 [25_03_cluster_partition.csv],report9 part 4,full_canopy / exponential · c_mm_yr = 2.83 [25_01_panel_fit_parameters.csv]
report9:a0cf590e0b,confirm,attributed key/column names the same subject and statistic the sentence states,,report9 part 4,3 · C3 · coastal_gradient_mm_yr_summer = -3.1941 [25_08_spring_vs_summer_comparison.csv]
report9:1f97709399,confirm,attributed key/column names the same subject and statistic the sentence states,,report9 part 4,C3 (Western Residual) · unexplained_mm_yr = -13.786 [25_03_cluster_partition.csv]
report9:f2550bd4db,deny,"C4's n_wells=4 is in the 25_03 cluster-partition row, not C1's n_wells_short from the record-length-composition file",n_wells=4 [25_03_cluster_partition.csv] C4 row,report9 part 4,1 · C1 · n_wells_short = 4 [25_10_record_length_composition.csv]
report9:7e78b46ba2,confirm,attributed key/column names the same subject and statistic the sentence states,,report9 part 4,4 · C4 · mean_dist_coast_m = 888.9 [25_03_cluster_partition.csv]
report9:76469f6e06,confirm,attributed key/column names the same subject and statistic the sentence states,,report9 part 4,4 · C4 · observed_balanced_annual_mean_mm_yr = -6.52605 [25_03_cluster_partition.csv]
report9:383e3775da,confirm,attributed key/column names the same subject and statistic the sentence states,,report9 part 4,5 · C5 · climate_plus_far_field_mm_yr = 2.82941 [25_03_cluster_partition.csv]
report9:5b422b7ff0,confirm,attributed key/column names the same subject and statistic the sentence states,,report9 part 4,4 · C4 · coastal_gradient_mm_yr = -0.172746 [25_03_cluster_partition.csv]
report9:82972228c4,confirm,attributed key/column names the same subject and statistic the sentence states,,report9 part 4,C4 (Main Forest) · unexplained_mm_yr = -9.18272 [25_03_cluster_partition.csv]
report9:2abd2c2021,confirm,attributed key/column names the same subject and statistic the sentence states,,report9 part 4,min of n_wells_summer · n_wells_summer = 3 [25_08_spring_vs_summer_comparison.csv]
report9:430cfe9294,confirm,attributed key/column names the same subject and statistic the sentence states,,report9 part 4,5 · C5 · mean_dist_coast_m = 372.1 [25_03_cluster_partition.csv]
report9:c0507ce3cc,confirm,attributed key/column names the same subject and statistic the sentence states,,report9 part 4,5 · C5 · observed_balanced_annual_mean_mm_yr = -16.1472 [25_03_cluster_partition.csv]
report9:c44a6ea7a0,deny,"the table's climate column is climate_plus_far_field_mm_yr (2.829) from the primary file, not the matched-window-sensitivity identified_sum",C5 climate_plus_far_field_mm_yr=2.829 [25_03_cluster_partition.csv],report9 part 4,full_panel · identified_sum_mm_yr = 2.82941 [25_11_matched_window_sensitivity.csv]
report9:4326d2384b,confirm,attributed key/column names the same subject and statistic the sentence states,,report9 part 4,5 · C5 · coastal_gradient_mm_yr = -18.2968 [25_03_cluster_partition.csv]
report9:bd6863da3a,confirm,attributed key/column names the same subject and statistic the sentence states,,report9 part 4,C5 (Coastal Forest) · unexplained_mm_yr = -0.679849 [25_03_cluster_partition.csv]
report9:42cafadd46,deny,"9 mm/yr is C4's |unexplained| magnitude, not C3's summer-trend slope",C4 |unexplained_mm_yr| ≈9.18 [25_03_cluster_partition.csv],report9 part 4,C3 · Slope_m_per_yr = -0.0094 [14_summer_trend_stats.csv] as mm
report9:fb17debb25,deny,"14 mm/yr is C2's |unexplained| magnitude, not a clearfell/spring-slope SE",C2 |unexplained_mm_yr| ≈13.93 [25_03_cluster_partition.csv],report9 part 4,Climate / Climate Ctrl · Clearfell_SE_m = 0.0143 [10d_08_spring_mixed_model_results.csv] as mm
report9:b2ccb08992,confirm,attributed key/column names the same subject and statistic the sentence states,,report9 part 4,C5 (Coastal Forest) · unexplained_mm_yr = -0.679849 [25_03_cluster_partition.csv]
report9:e795f23426,confirm,attributed key/column names the same subject and statistic the sentence states,,report9 part 4,min of far_field_offset_mm_yr · far_field_offset_mm_yr = -0.103835 [25_03_cluster_partition.csv]
report9:82549830ab,deny,"0.55 is c_far's standard error, not a residuals-file minimum or an R2 minimum",forest_free/linear_capped c_se=0.55 [25_01_panel_fit_parameters.csv],report9 part 4,min of per-column mins = -0.548635 [23_residuals_extended_wide.csv]
report9:7a5d45f5ee,confirm,attributed key/column names the same subject and statistic the sentence states,,report9 part 4,far_field_c_vif_vs_cwb = 1.00916 [25_report_numbers.csv]
report9:c377ed2e68,confirm,attributed key/column names the same subject and statistic the sentence states,,report9 part 4,forest_free / linear_capped · c_mm_yr = -0.1 [25_01_panel_fit_parameters.csv]
report9:552273821d,confirm,attributed key/column names the same subject and statistic the sentence states,,report9 part 4,trend_annual_pet = 1.95646 [00_report_numbers.csv]
report9:9b21eee7d8,confirm,attributed key/column names the same subject and statistic the sentence states,,report9 part 4,trend_annual_pet_t = 2.67324 [00_report_numbers.csv]
report9:045f762187,confirm,attributed key/column names the same subject and statistic the sentence states,,report9 part 4,trend_annual_pet_1931_2025 = 0.319879 [00_report_numbers.csv]
report9:193da72c93,confirm,attributed key/column names the same subject and statistic the sentence states,,report9 part 4,trend_annual_pet_1931_2025_t · 00_report_numbers.csv · committed 4.513203464811712 · index proposed
report9:a792273255,confirm,attributed key/column names the same subject and statistic the sentence states,,report9 part 4,trend_annual_pet_1960_2025 = 0.585052 [00_report_numbers.csv]
report9:4efc5561bf,confirm,attributed key/column names the same subject and statistic the sentence states,,report9 part 4,trend_annual_pet_1960_2025_t · 00_report_numbers.csv · committed 5.03105236145866 · index proposed
report9:ef905e17af,deny,"3% is PET's coefficient of variation, not an ANCOVA scraping-step percentage","PET coefficient of variation (≈3%), not ANCOVA_Climate_Impact_scraping_step",report9 part 4,ANCOVA_Climate_Impact_scraping_step = 0.0280939 [10_consolidated_report_numbers.csv] as %
report9:aed0b9fd8d,confirm,attributed key/column names the same subject and statistic the sentence states,,report9 part 4,trend_summer_balance · 00_report_numbers.csv · committed -4.185612555877525 · index proposed
report9:4ee7d1c1ff,confirm,attributed key/column names the same subject and statistic the sentence states,,report9 part 4,trend_winter_balance = 3.73963 [00_report_numbers.csv]
report9:9cd6c208f7,confirm,attributed key/column names the same subject and statistic the sentence states,,report9 part 4,trend_summer_balance_t · 00_report_numbers.csv · committed -1.2816823146577725 · index proposed
report9:98a5c534f4,confirm,attributed key/column names the same subject and statistic the sentence states,,report9 part 4,trend_winter_balance_t = 0.838783 [00_report_numbers.csv]
report9:52d3925e06,confirm,attributed key/column names the same subject and statistic the sentence states,,report9 part 4,trend_annual_balance = 1.10179 [00_report_numbers.csv]
report9:7be64b720e,confirm,attributed key/column names the same subject and statistic the sentence states,,report9 part 4,trend_annual_balance_t = 0.272693 [00_report_numbers.csv]
report9:2dbf35f3dd,confirm,attributed key/column names the same subject and statistic the sentence states,,report9 part 4,transect_trend_mm_yr = -28.1612 [38_report_numbers.csv]
report9:b3cece77ee,confirm,attributed key/column names the same subject and statistic the sentence states,,report9 part 4,transect_trend_ci_lo = -34.2267 [38_report_numbers.csv]
report9:d5b2bf0ef8,confirm,attributed key/column names the same subject and statistic the sentence states,,report9 part 4,transect_trend_ci_hi = -21.9841 [38_report_numbers.csv]
report9:a75524787f,confirm,attributed key/column names the same subject and statistic the sentence states,,report9 part 4,transect_n_eff = 14 [38_report_numbers.csv]
report9:7dfbe0f2ba,deny,"the network-scale δ0 headline is from the primary panel fit, not a single well's leave-one-out value",forest_free/linear_capped delta_0_mm_yr=-31.35 [25_01_panel_fit_parameters.csv],report9 part 4,d38 · C2 · delta_0_loo_mm_yr = -31.2751 [25_16_delta0_leave_one_out.csv]
report9:ad6aa49c95,deny,ceh22's absolute-terms trend is not the ranwell-sites residual minimum,"ceh22's absolute trend (≈-21.9mm/yr), not 43_01_ranwell_sites.csv residual",report9 part 4,min of refined_resid_m · refined_resid_m = -0.0218747 [43_01_ranwell_sites.csv] as mm
report9:95d1926448,confirm,attributed key/column names the same subject and statistic the sentence states,,report9 part 4,transect_coastal_end_spearman_anchored = -0.868132 [38_report_numbers.csv]
report9:43ea671f37,deny,"−0.32 is the transect's raw-level spearman rho, not a ridge-lag phi_resid minimum",transect raw-level spearman rho (≈-0.32) [38_report_numbers.csv],report9 part 4,C5 min of phi_resid · phi_resid = -0.322512 [23_ridge_lag_fits.csv]
report9:e03b44c6b9,confirm,attributed key/column names the same subject and statistic the sentence states,,report9 part 4,COAST_RETREAT_M = 6 [config.py]
report9:777374f471,confirm,attributed key/column names the same subject and statistic the sentence states,,report9 part 4,coastal_retreat_rate · 20_report_numbers.csv · committed 2.3207128967456545 · index proposed
report9:e5948df80f,deny,"50mm is a drawdown-model threshold distance, not C1's water-balance ET_draw term",drawdown threshold (≈50mm) from the Script 20 propagation model,report9 part 4,C1 (Lake Edge) · ET_draw_m_month = 0.050496 [16_water_bal_table.csv] as mm
report9:4dfc5b0890,deny,"8mm is ceh6's modelled drawdown, not ceh23's beta_3 SE",ceh6 dd_mm ≈8 [20_drawdown_perwell.csv],report9 part 4,ceh23 · se3_full = 0.00825887 [30_c4_perwell_beta3.csv] as mm
report9:753f6e7403,deny,"8mm is ceh6's modelled drawdown, not a PET-trend slope",ceh6 dd_mm ≈8 [20_drawdown_perwell.csv],report9 part 4,full_record / 9 · slope_mm_per_yr = 0.00774541 [00_06_pet_monthly_trends.csv] as mm
report9:59e10d72ac,deny,"43mm is ceh26's modelled drawdown, not a clearfell-model SE",ceh26 dd_mm ≈43 [20_drawdown_perwell.csv],report9 part 4,Climate / Forest Ctrl · Clearfell_SE_m = 0.0434 [10d_08_spring_mixed_model_results.csv] as mm
report9:e9b3f00528,deny,"11mm is ceh25/ceh5's modelled drawdown, not a PET-trend slope",ceh25/ceh5 dd_mm ≈11 [20_drawdown_perwell.csv],report9 part 4,full_record / 1 · slope_mm_per_yr = 0.0107113 [00_06_pet_monthly_trends.csv] as mm
report9:1e5da8744b,confirm,attributed key/column names the same subject and statistic the sentence states,,report9 part 4,ceh11 · dist_forest_m = 1600.28 [20_drawdown_perwell.csv]
report9:760dcfe526,deny,the sentence names ceh11 specifically; its own dd_mm is the more direct source than an unrelated PET-warming elasticity,ceh11 dd_mm=0.363 [20_drawdown_perwell.csv],report9 part 4,pet_warming_elasticity = 0.416844 [00_report_numbers.csv]
report9:5560a85b1e,confirm,attributed key/column names the same subject and statistic the sentence states,,report9 part 4,scrape_onsite · peak_mm = 129.4 [37b_driver_footing.csv]
report9:939c98b8e1,deny,"0.42m is an inferred excavation depth, not a Scraping_distance_weight coefficient",inferred excavation depth ≈0.42m [37b_driver_footing.csv],report9 part 4,Scraping_distance_weight = 0.416947 [10_consolidated_report_numbers.csv]
report9:f078d88202,deny,"50mm is a drawdown-model threshold, not a clearfell-step ANCOVA coefficient","drawdown threshold (≈50mm), not ANCOVA_Forest_Impact_clearfell_step_summer",report9 part 4,ANCOVA_Forest_Impact_clearfell_step_summer = 0.0500747 [10_consolidated_report_numbers.csv] as mm
report9:c8c6023141,deny,"b=5m names the DRAWDOWN_B_M aquifer-thickness constant, not the IDW minimum-distance constant",DRAWDOWN_B_M=5.0 [config.py],report9 part 4,RANWELL_IDW_MIN_DIST_M = 5 [config.py]
report9:8fe30548b6,confirm,attributed key/column names the same subject and statistic the sentence states,,report9 part 4,Tier2_BACI_shift = 0.0735465 [09_scrape_report_numbers.csv] as mm
report9:fbc7fd0478,deny,"+9mm is ceh18's measured BACI response, not a CEH36-vs-CEH4 pre-trend SE or ceh1's beta_3 SE",ceh18 measured BACI response ≈+9mm,report9 part 4,"CEH36 vs CEH4, 2015 scrape (positive control) · pre_trend_se_m_per_yr = 0.00947094 [09_scrape_09_monthly_step_trend.csv] as mm"
report9:1d87f5b252,deny,"the 88-well network is the standard 66+22 dipwell count, not a CEH18-vs-CEH4 n_post value",88 = 66 reference + 22 extended dipwells (derived),report9 part 4,"CEH18 vs CEH4, 2023 re-scrape · n_post = 88 [09_scrape_10_detectability.csv]"
report9:db1563750e,deny,the sentence cites script 09b; the attribution is a script-09c spring-means-shift p-value,"a script 09b reach-detectability p-value (≈0.54), not CEH36's 09c p-value",report9 part 4,CEH36 · p_value = 0.53668 [09c_06_spring_means_shifts.csv]
report9:ab70b842a4,unsure,genuine tie on the combined driver map's displayed max; cannot determine whether this is a single-driver component or the combined total,,report9 part 4,C4 max of scrape_step · scrape_step = 0.1 [10b_spatial_step_data.csv] as mm
report9:9660235f1c,deny,"the sentence describes C5/C3's coastal margin, not C1/C2 scrape_step values","combined driver map minimum at C5/C3 coastal margin, not C1/C2 scrape_step",report9 part 4,ceh26 · C1 · scrape_step_cc = -0.0247 [10b_spatial_step_data.csv] as mm
report9:c2e650f619,deny,"1.5 is the figure's IDW power parameter, not a 2006 canopy-index value","figure IDW power = 1.5 (script constant), not 41_01_canopy_index.csv",report9 part 4,clearfell / 2006-01-01 / aerial 1-1-2006.png · index = 1.52142 [41_01_canopy_index.csv]
report9:2795a97e55,confirm,attributed key/column names the same subject and statistic the sentence states,,report9 part 4,drawdown_H0 = 150 [20_report_numbers.csv]
report9:39d790884c,deny,"+130mm is ceh36's measured BACI response, not a WMC3 era-steps mean",ceh36 measured BACI response ≈+130mm,report9 part 4,mean of baci_mean_m · baci_mean_m = 0.130437 [10m_01_wmc3_baci_era_steps.csv] as mm
report9:d707afaeed,confirm,attributed key/column names the same subject and statistic the sentence states,,report9 part 4,FourZone_Edge_scraping_step = 0.0744064 [10_consolidated_report_numbers.csv] as mm
report9:20aad09787,deny,"+9mm is ceh18's direct measured BACI response, not a FourZone/SpringMean ANCOVA coefficient",ceh18 measured BACI response ≈+9mm,report9 part 4,FourZone_C3Warren_clearfell_step = 0.00853723 [10_consolidated_report_numbers.csv] as mm
report9:79c9412aee,deny,"81mm is the coastal-erosion h0 drawdown parameter, not an ANCOVA far-field clearfell-step coefficient","coastal erosion h0 ≈81mm (Script 20/40), not ANCOVA_FarField_Impact_clearfell_step",report9 part 4,ANCOVA_FarField_Impact_clearfell_step = -0.0814223 [10_consolidated_report_numbers.csv] as mm
report9:cf965a8c4d,deny,"+20mm is the sea-level-rise constant, not an ANCOVA edge SE",SLR_RISE_M=0.02 [config.py],report9 part 4,SynthDiD_Edge_se = 0.0196153 [10_consolidated_report_numbers.csv] as mm
report9:11d9896be1,confirm,attributed key/column names the same subject and statistic the sentence states,,report9 part 4,COAST_CHRONIC_YEARS = 5 [config.py]
report9:6158438ed0,confirm,attributed key/column names the same subject and statistic the sentence states,,report9 part 4,DRAWDOWN_H0_MM = 150 [config.py]
report9:dde083a58d,confirm,attributed key/column names the same subject and statistic the sentence states,,report9 part 4,BROADLEAF_INTERCEPTION = 0.15 [config.py]
report9:90bd31d866,confirm,attributed key/column names the same subject and statistic the sentence states,,report9 part 4,FOREST_INTERCEPTION = 0.24 [config.py]
report9:6366a07a9f,deny,"56mm is the broadleaf drawdown-at-source figure, not a clearfell mixed-model coefficient","broadleaf drawdown-at-source (≈56mm), not MixedModel_Climate_Forest Ctrl_clearfell",report9 part 4,MixedModel_Climate_Forest Ctrl_clearfell = 0.0563 [10_consolidated_report_numbers.csv] as mm
report9:d2ede266d1,deny,"31.3 mm/yr is the primary forest_free/linear_capped delta_0 magnitude, not a single well's leave-one-out delta_0",forest_free/linear_capped |delta_0_mm_yr|=31.35 [25_01_panel_fit_parameters.csv],report9 part 4,d38 · C2 · delta_0_loo_mm_yr = -31.2751 [25_16_delta0_leave_one_out.csv]
report9:1c32c48dda,deny,"5 years is the chronic-drawdown horizon constant, not ceh39's leave-one-out abs_rank",5-year horizon (COAST_CHRONIC_YEARS) [config.py],report9 part 4,ceh39 · C3 · abs_rank = 5 [25_16_delta0_leave_one_out.csv]
report9:b56b5b3ffa,confirm,attributed key/column names the same subject and statistic the sentence states,,report9 part 4,msl5_mean_2017 = -587.8 [20_msl5_report_numbers.csv]
report9:54ac4f9546,confirm,attributed key/column names the same subject and statistic the sentence states,,report9 part 4,msl5_mean_2023 = -684.614 [20_msl5_report_numbers.csv]
report9:463bcc67ae,confirm,attributed key/column names the same subject and statistic the sentence states,,report9 part 4,msl5_n_significant = 56 [20_msl5_report_numbers.csv]
report9:9266057b63,deny,"181mm is C4's window SE from the earlier cluster-precision list, not d8's individual 2017 MSL5 level",C4 msl5_window_se_mm_median≈181 [26_index_precision_by_cluster.csv],report9 part 4,d8 · MSL5_bg_2017_m = -0.181333 [20_msl5_change_perwell.csv] as mm
report9:0e89ddb16e,deny,"d7's raw MSL5 change (-25mm) is a per-well value, not an ANCOVA CI or ceh21's coastal exponential trend",d7 raw_change_mm≈-25 [20_msl5_change_perwell.csv],report9 part 4,FarField / Edge · Clearfell_CI_hi_m = -0.025097 [10a_01_ancova_comparison_table.csv] as mm
report9:1913318101,deny,"ceh22's own msl5 change value is the correct source, not an unrelated Oct-2023 ANCOVA step",msl5_change_ceh22=-228.667 [20_msl5_report_numbers.csv],report9 part 4,A (WMC3+FE1+FE2) · Oct2023_step_m = -0.229496 [10h_02_ancova_comparison_table.csv] as mm
report9:820dfd07c4,confirm,attributed key/column names the same subject and statistic the sentence states,,report9 part 4,msl5_change_ceh21 · Value = -194 [20_msl5_report_numbers.csv]
report9:b3d555579b,confirm,attributed key/column names the same subject and statistic the sentence states,,report9 part 4,ceh18 · C3 · raw_change_mm = -158 [20_msl5_change_perwell.csv]
report9:3cab79734c,confirm,attributed key/column names the same subject and statistic the sentence states,,report9 part 4,nw9 · raw_change_mm = -150 [20_msl5_change_perwell.csv]
report9:df09729cc6,confirm,attributed key/column names the same subject and statistic the sentence states,,report9 part 4,ceh19 · raw_change_mm = -152.667 [20_msl5_change_perwell.csv]
report9:a8c10615e5,confirm,attributed key/column names the same subject and statistic the sentence states,,report9 part 4,all / C1 (Lake Edge) · spring_sd_mm_median = 174.814 [26_index_precision_by_cluster.csv]
report9:057aa9b2fd,confirm,attributed key/column names the same subject and statistic the sentence states,,report9 part 4,all / C2 (Dune) · spring_sd_mm_median = 251.451 [26_index_precision_by_cluster.csv]
report9:8a4bda0fa5,confirm,attributed key/column names the same subject and statistic the sentence states,,report9 part 4,all / C3 (Western Residual) · spring_sd_mm_median = 315.08 [26_index_precision_by_cluster.csv]
report9:85060c5888,confirm,attributed key/column names the same subject and statistic the sentence states,,report9 part 4,reference / C5 (Coastal Forest) · spring_sd_mm_median = 277.357 [26_index_precision_by_cluster.csv]
report9:fa0ea46c3a,confirm,attributed key/column names the same subject and statistic the sentence states,,report9 part 4,all / C4 (Main Forest) · spring_sd_mm_median = 403.788 [26_index_precision_by_cluster.csv]
report9:f55304c4e1,confirm,attributed key/column names the same subject and statistic the sentence states,,report9 part 4,all / C2 (Dune) · msl5_window_se_mm_median = 112.452 [26_index_precision_by_cluster.csv]
report9:cd2a7fdd52,confirm,attributed key/column names the same subject and statistic the sentence states,,report9 part 4,all / C3 (Western Residual) · msl5_window_se_mm_median = 140.908 [26_index_precision_by_cluster.csv]
report9:a25938cfe7,confirm,attributed key/column names the same subject and statistic the sentence states,,report9 part 4,reference / C5 (Coastal Forest) · msl5_window_se_mm_median = 124.038 [26_index_precision_by_cluster.csv]
report9:e2916d5eb6,confirm,attributed key/column names the same subject and statistic the sentence states,,report9 part 4,all / C4 (Main Forest) · msl5_window_se_mm_median = 180.58 [26_index_precision_by_cluster.csv]
report9:b6117776fd,deny,"p=0.20 belongs to a partial-correlation test of amplitude vs recession time, not a clearfell/PET p-value",partial-correlation p-value (≈0.20) for amplitude vs recession time controlling β2,report9 part 4,Impact · clearfell_p = 0.196411 [10l_06_four_zone_spring_results.csv]
report9:6b021facc6,deny,"+0.37 is the spearman correlation between amplitude and recession time, not C4's drain fraction","spearman(amplification, recession time)≈+0.37",report9 part 4,C4 (Main Forest) · Mid_drain_frac = 0.3662 [16_water_bal_rec_table.csv]
report9:648b758efb,deny,"−0.14 is the minimum cluster rho_lag1_mean (C3), not an ANCOVA coefficient shift or record-length composition gap","rho_lag1_mean min (C3, ≈-0.14) [26_index_precision_by_cluster.csv]",report9 part 4,CoeffShift_Climate Ctrl_mean_db2 · Value = -0.14484 [10_consolidated_report_numbers.csv]
report9:4576afe575,deny,"+0.05 is the maximum cluster rho_lag1_mean (C5, reference scope), not a clearfell SE","rho_lag1_mean max (C5 reference, ≈+0.05) [26_index_precision_by_cluster.csv]",report9 part 4,Forest / Edge · Clearfell_SE_m = 0.0486 [10d_08_spring_mixed_model_results.csv]
report9:fd06f988d1,deny,"0.30 is C1's theoretical AR(1) expectation from β3, not a CEH16 mixed-model p-value",rho_ar1_expected_mean C1≈0.30 [26_index_precision_by_cluster.csv],report9 part 4,CEH16 / Edge / Forest · p_value = 0.296722 [10d_02_summer_minima_shifts.csv]
report9:2a9cc721fd,deny,"0.77 is C4's theoretical AR(1) expectation from β3, not a spring-means gap",rho_ar1_expected_mean C4≈0.77 (reference) [26_index_precision_by_cluster.csv],report9 part 4,max of Gap_climate_m · Gap_climate_m = 0.77 [10d_06_spring_means.csv]
report9:b2e499afd8,deny,"this +0.05 is the amplitude-vs-recession-time spearman rho, a different stat from the rho_lag1 cluster range above","spearman(rho_lag1, recession time)≈+0.05, not Clearfell_SE_m",report9 part 4,Forest / Edge · Clearfell_SE_m = 0.0486 [10d_08_spring_mixed_model_results.csv]
report9:f47e8d8068,deny,"p=0.70 belongs to the amplitude-vs-recession-time spearman test, not a well-specific mixed-model p-value","p-value of spearman(rho_lag1, recession time)≈0.70",report9 part 4,L7 / Far-field Ctrl / Forest · p_value = 0.699884 [10d_02_summer_minima_shifts.csv]
report9:3f79ff5be7,confirm,attributed key/column names the same subject and statistic the sentence states,,report9 part 4,spring_mam · n_years = 21 [32_site_mean_trend.csv]
report9:e1af1721cb,confirm,attributed key/column names the same subject and statistic the sentence states,,report9 part 4,spring_mam · rho = 0 [32_site_mean_trend.csv]
report9:0bfa53db91,deny,"−0.14m is Script 34's matched-window site-mean-change minimum, not an ANCOVA coefficient shift",Script 34 matched-window site-mean change min (−0.14m),report9 part 4,CoeffShift_Climate Ctrl_mean_db2 · Value = -0.14484 [10_consolidated_report_numbers.csv]
report9:2755544e4b,deny,"+0.22m is Script 34's matched-window site-mean-change maximum, not a slack-depth config difference",Script 34 matched-window site-mean change max (+0.22m),report9 part 4,SD16 − SD16_REC = 0.22 m = 0.22 [config.py]
report9:35d7f78877,confirm,attributed key/column names the same subject and statistic the sentence states,,report9 part 4,66 well columns in reference (lake excluded) = 66 [01_wells_reference.csv]
report9:05a50a8b31,deny,"+0.22m is Script 34's matched-window site-mean-change maximum, not a slack-depth config difference",Script 34 matched-window site-mean change max (+0.22m),report9 part 4,SD16 − SD16_REC = 0.22 m = 0.22 [config.py]
report9:bd08d61c39,deny,"0.98 is a map-to-map correlation (per-well trend vs two-window difference), not a forest-zone elevation r²",correlation between trend map and two-window map (>0.98),report9 part 4,max of r_vs_Elevation · r_vs_Elevation = 0.983 [10c_forest_zone_correlations.csv]
report9:fe1c58e4db,deny,"+2.1 mm/yr is C1's weather-corrected differential trend, not ceh11's coastal delta_0 leave-one-out SE","C1 weather-corrected differential trend (≈+2.1mm/yr), not ceh11's delta_0_loo_se",report9 part 4,ceh11 · C1 · delta_0_loo_se = 2.0884 [25_16_delta0_leave_one_out.csv]
report9:8cf4adc92e,deny,"+4.6 mm/yr is C2's weather-corrected differential trend, not the winter-rainfall trend","C2 weather-corrected differential trend (≈+4.6mm/yr), not trend_winter_rainfall",report9 part 4,trend_winter_rainfall = 4.63024 [00_report_numbers.csv]
report9:5b38816bc7,deny,"+2.7 mm/yr is C4's weather-corrected differential trend, not the annual PET trend t-statistic","C4 weather-corrected differential trend (≈+2.7mm/yr), not trend_annual_pet_t",report9 part 4,trend_annual_pet_t = 2.67324 [00_report_numbers.csv]
report9:147a12d7d9,confirm,attributed key/column names the same subject and statistic the sentence states,,report9 part 4,c3_only · c_mm_yr = -3.39542 [25_12_window_sweep.csv]
report9:a34cbf153d,deny,"−19 mm/yr is ceh4's individual trend, not nw7's","ceh4 individual trend ≈-19mm/yr, not nw7",report9 part 4,nw7 · C3 · slope_m_yr = -0.0185982 [25_02_per_well_summer_min_slopes.csv] as mm
report9:6f5e6bf13f,deny,"0.75m is the network-mean swing computed from the envelope data, not the SD15b_REC threshold constant","site-mean swing ≈0.744m [33_envelope_per_well.csv], not SD15b_REC",report9 part 4,SD15b_REC = 0.75 [config.py]
report9:bf18809587,deny,"1.7× is the forest interior's mean amplification, not a figure font-scaling constant","forest mean amplification ≈1.7× [33_envelope_per_well.csv], not FIG_MAX_FONT_SCALE",report9 part 4,FIG_MAX_FONT_SCALE = 1.7 [config.py]
report9:714f938744,deny,"0.6× is C1's mean amplification, not a 2006 canopy-index ratio",C1 mean amplification ≈0.6× [33_envelope_per_well.csv],report9 part 4,broadleaf_restock / 2006-01-01 / aerial 1-1-2006.png · ratio_to_conifer = 0.567656 [41_01_canopy_index.csv]
report9:d59fcbfab6,deny,"r≈0.8 is the amplification-vs-β2 correlation across the network, not the 14-forest-well β3 elevation+distance r²","correlation(amplification, β2)≈0.8",report9 part 4,β₃_drainage · R2_elevation_plus_dist = 0.788 [10c_forest_zone_correlations.csv]
report9:7a78d115e1,confirm,attributed key/column names the same subject and statistic the sentence states,,report9 part 4,C2 / SD15b · Threshold_m = -0.61 [14b_year_of_crossing.csv]
report9:1b53b163ba,confirm,attributed key/column names the same subject and statistic the sentence states,,report9 part 4,C2 / SD16 · Threshold_m = -0.98 [14b_year_of_crossing.csv]
report9:56420d5802,deny,"0.61m names the SD15b wet-slack threshold constant, not a per-well wet_m or spring mean",SD15b=0.61 [config.py],report9 part 4,ceh10 · wet_m = -0.606667 [33_envelope_per_well_recent.csv]
report9:6c31a2aae6,confirm,attributed key/column names the same subject and statistic the sentence states,,report9 part 4,SD16 = 0.98 [config.py]
report9:d322e37f72,deny,"+14.9 mm/yr is C4's cluster mean, not ceh2's individual well slope",C4 mean slope_mm_yr_2011_2025≈14.4 [32_differential_movement_per_well.csv],report9 part 4,ceh2 · slope_mm_yr_2011_2025 = 14.9208 [32_differential_movement_per_well.csv]
report9:c71f921f4b,deny,"+8.4 mm/yr is C4's range minimum among its nine wells, not wmc2/C3's bootstrap CI high",C4 min individual slope_mm_yr_2011_2025≈8.4,report9 part 4,wmc2 · C3 · boot_hi_mm_yr_2011_2025 = 8.38328 [32_differential_movement_per_well.csv]
report9:5a3df483fc,confirm,attributed key/column names the same subject and statistic the sentence states,,report9 part 4,ceh32 · slope_mm_yr_2011_2025 = 20.4801 [32_differential_movement_per_well.csv]
report9:e03e17cc15,confirm,attributed key/column names the same subject and statistic the sentence states,,report9 part 4,C1 mean of slope_mm_yr_2011_2025 · slope_mm_yr_2011_2025 = -8.00532 [32_differential_movement_per_well.csv]
report9:4793f18f95,confirm,attributed key/column names the same subject and statistic the sentence states,,report9 part 4,ceh11 · p_ar_2011_2025 = 0.0274568 [32_differential_movement_per_well.csv]
report9:284141da07,confirm,attributed key/column names the same subject and statistic the sentence states,,report9 part 4,C5 mean of slope_mm_yr_2011_2025 · slope_mm_yr_2011_2025 = -6.75323 [32_differential_movement_per_well.csv]
report9:fec8c2fb1c,confirm,attributed key/column names the same subject and statistic the sentence states,,report9 part 4,nw9 · p_ar_2011_2025 = 0.0385693 [32_differential_movement_per_well.csv]
report9:67b3720bc9,confirm,attributed key/column names the same subject and statistic the sentence states,,report9 part 4,C2 mean of slope_mm_yr_2011_2025 · slope_mm_yr_2011_2025 = -0.0835989 [32_differential_movement_per_well.csv]
report9:e576baf74c,confirm,attributed key/column names the same subject and statistic the sentence states,,report9 part 4,ceh22 · slope_mm_yr_2011_2025 = -26.5012 [32_differential_movement_per_well.csv]
report9:c4aecbeb62,confirm,attributed key/column names the same subject and statistic the sentence states,,report9 part 4,spring_mam / 2011_2025 · slope_mm_yr = 19.663 [32_site_mean_trend.csv]
report9:330e197031,deny,"p=0.275 belongs to the site-mean spring trend test, not nw3's individual well p-value",spring_mam · p_ar = 0.2752 [32_site_mean_trend.csv],report9 part 4,nw3 · p_ar_2005_2025 = 0.274587 [32_differential_movement_per_well.csv]
report9:1b8050528f,confirm,attributed key/column names the same subject and statistic the sentence states,,report9 part 4,spring_mam · boot_lo_mm_yr = -3.131 [32_site_mean_trend.csv]
report9:c951516789,confirm,attributed key/column names the same subject and statistic the sentence states,,report9 part 4,spring_mam · boot_hi_mm_yr = 42.825 [32_site_mean_trend.csv]
report9:8902401428,deny,"1.36 is C4's amplification range minimum, not CEH6's unrelated t-statistic",C4 min amplification ≈1.36 [33_envelope_per_well.csv],report9 part 4,CEH6 / Far-field Ctrl / Climate · t_stat = -1.361 [10d_02_summer_minima_shifts.csv]
report9:c6c727e26f,confirm,attributed key/column names the same subject and statistic the sentence states,,report9 part 4,ceh5 · C1 · amplification = 0.663202 [33_envelope_per_well.csv]
report9:a8a2a32721,deny,"the sentence needs a correlation coefficient (amplification vs β2, r≈0.74), not a single well's amplification value","correlation(amplification, β2)≈0.74, not a per-well amplification value",report9 part 4,nw4b · amplification = 0.742833 [33_envelope_per_well.csv]
report9:0eedd8700d,confirm,attributed key/column names the same subject and statistic the sentence states,,report9 part 4,fe2 · slope_mm_yr_2011_2025 = 6.70854 [32_differential_movement_per_well.csv]
report9:bc2fe8b2bd,confirm,attributed key/column names the same subject and statistic the sentence states,,report9 part 4,clearfell / 2017-04-22 / aerial22-4-2017.png · ratio_to_conifer = 1.22646 [41_01_canopy_index.csv]
report9:6032ef45e6,deny,"+14.9 mm/yr is C4's cluster mean, not ceh2's individual well slope",C4 mean slope_mm_yr_2011_2025≈14.4 [32_differential_movement_per_well.csv],report9 part 4,ceh2 · slope_mm_yr_2011_2025 = 14.9208 [32_differential_movement_per_well.csv]
report9:dd73b01678,confirm,attributed key/column names the same subject and statistic the sentence states,,report9 part 4,fe2 · wet_m = -1.05889 [33_envelope_per_well.csv]
report9:3e8eeda526,deny,"the sentence needs C4's mean WET-year depth, not a C1/C3 well's DRY-year depth",C4 mean wet_m≈-0.56 [33_envelope_per_well.csv],report9 part 4,ceh27 · C1 · dry_m = -0.561111 [33_envelope_per_well.csv]
report9:2be3403731,confirm,attributed key/column names the same subject and statistic the sentence states,,report9 part 4,fe2 · swing_mm = 640 [35_per_well_amplification.csv]
report9:f1c89da6db,confirm,attributed key/column names the same subject and statistic the sentence states,,report9 part 4,C4 mean of swing_mm · swing_mm = 1119.52 [33_envelope_per_well.csv]
report9:5c48923ca8,confirm,attributed key/column names the same subject and statistic the sentence states,,report9 part 4,fe2 · dry_m = -1.79 [33_envelope_per_well.csv]
report9:d5d1d1aac0,confirm,attributed key/column names the same subject and statistic the sentence states,,report9 part 4,C4 mean of dry_m · dry_m = -1.6762 [33_envelope_per_well.csv]
report9:09b74c7151,deny,"20m is fe1's distance outside the felled boundary, a spatial measurement, not a 1983 summer-temperature statistic",fe1 distance outside felled boundary ≈20m,report9 part 4,1983 · summer_max_mean = 20 [00_03_summer_warming_stats.csv]
report9:8da3c3cf17,confirm,attributed key/column names the same subject and statistic the sentence states,,report9 part 4,fe1 · slope_mm_yr_2011_2025 = 13.3348 [32_differential_movement_per_well.csv]
report9:f6eef50730,deny,"1.53× is fe1's amplification coefficient, not wmc3's dry_m or a 1936 P/PET ratio",fe1 amp_coefficient≈1.53 [35_per_well_amplification.csv],report9 part 4,wmc3 · dry_m = -1.52944 [33_envelope_per_well.csv]
report9:5870e714f0,confirm,attributed key/column names the same subject and statistic the sentence states,,report9 part 4,2005_2025 / primary · s_coast · 37_scale_factors_by_window.csv · committed 0.5075 · index confirmed
report9:20d70e535f,confirm,attributed key/column names the same subject and statistic the sentence states,,report9 part 4,2005_2025 / primary · s_coast_ci_lo · 37_scale_factors_by_window.csv · committed -0.102 · index confirmed
report9:2a36055d9e,confirm,attributed key/column names the same subject and statistic the sentence states,,report9 part 4,2005_2025 / primary · s_coast_ci_hi · 37_scale_factors_by_window.csv · committed 1.1169 · index confirmed
report9:df6aba2733,confirm,attributed key/column names the same subject and statistic the sentence states,,report9 part 4,2006_2012 / primary · s_coast · 37_scale_factors_by_window.csv · committed 1.2468 · index confirmed
report9:14bc585e78,confirm,attributed key/column names the same subject and statistic the sentence states,,report9 part 4,2006_2012 / primary · s_coast_ci_lo · 37_scale_factors_by_window.csv · committed -1.2738 · index confirmed
report9:d311dd2acf,confirm,attributed key/column names the same subject and statistic the sentence states,,report9 part 4,2006_2012 / primary · s_coast_ci_hi · 37_scale_factors_by_window.csv · committed 3.7674 · index confirmed
report9:5d43ef7b0e,confirm,attributed key/column names the same subject and statistic the sentence states,,report9 part 4,2018_2025 / primary · s_cf · 37_scale_factors_by_window.csv · committed 1.6514 · index confirmed
report9:0db588332c,confirm,attributed key/column names the same subject and statistic the sentence states,,report9 part 4,2018_2025 / primary · s_cf_ci_lo · 37_scale_factors_by_window.csv · committed -1.9427 · index confirmed
report9:6458460d87,confirm,attributed key/column names the same subject and statistic the sentence states,,report9 part 4,2018_2025 / primary · s_cf_ci_hi · 37_scale_factors_by_window.csv · committed 5.2455 · index confirmed
report9:e641d0fc1d,deny,"593mm is the fitted intercept c for the 2006–2012 window, not a per-well fitted-value maximum",c=-592.9 [37_scale_factors_by_window.csv] 2006_2012/primary,report9 part 4,max of fitted_2006_2012 · fitted_2006_2012 = -592.949 [37_driver_validation_per_well.csv]
report9:4e87601416,confirm,attributed key/column names the same subject and statistic the sentence states,,report9 part 4,2006_2012 / primary · c_ci_lo · 37_scale_factors_by_window.csv · committed -635.8 · index confirmed
report9:e0cf5d180c,confirm,attributed key/column names the same subject and statistic the sentence states,,report9 part 4,2006_2012 / primary · c_ci_hi · 37_scale_factors_by_window.csv · committed -550.1 · index confirmed
report9:d679ab55ec,confirm,attributed key/column names the same subject and statistic the sentence states,,report9 part 4,2006_2012 / primary · r_squared = 0.038 [37_scale_factors_by_window.csv]
report9:bd4b2980dc,confirm,attributed key/column names the same subject and statistic the sentence states,,report9 part 4,2005_2025 / primary · r_squared = 0.303 [37_scale_factors_by_window.csv]
report9:073c38823e,deny,"0.37 is the r² for the broadleaf-covariate variant, not a slack-depth config difference",r_squared for with_broadleaf_covariate variant≈0.37 [37_scale_factors_by_window.csv],report9 part 4,SD15b − SD16 = 0.37 m = 0.37 [config.py]
report9:70e1bd4511,confirm,attributed key/column names the same subject and statistic the sentence states,,report9 part 4,2018_2025 / with_broadleaf_covariate · s_bl · 37_scale_factors_by_window.csv · committed -4.1643 · index confirmed
report9:d8d9f442ec,confirm,attributed key/column names the same subject and statistic the sentence states,,report9 part 4,2018_2025 / with_broadleaf_covariate · s_bl_ci_lo · 37_scale_factors_by_window.csv · committed -6.4316 · index confirmed
report9:1ea50ac78e,confirm,attributed key/column names the same subject and statistic the sentence states,,report9 part 4,2018_2025 / with_broadleaf_covariate · s_bl_ci_hi · 37_scale_factors_by_window.csv · committed -1.897 · index confirmed
report9:472ea50604,confirm,attributed key/column names the same subject and statistic the sentence states,,report9 part 4,2005_2025 / primary · n · 37_scale_factors_by_window.csv · committed 20.0 · index confirmed
report9:240f0c07ec,confirm,attributed key/column names the same subject and statistic the sentence states,,report9 part 4,2018_2025 / primary · n · 37_scale_factors_by_window.csv · committed 40.0 · index confirmed
report9:cf81c06a6a,confirm,attributed key/column names the same subject and statistic the sentence states,,report9 part 4,c3_only_mam · L_m = 900 [25_01_panel_fit_parameters.csv]
report9:7ee7d557cb,deny,"r≈-0.48 describes the coastal-driver-validation regression's collinearity with easting (40 wells), a different analysis from the 14-forest-well β3 correlation","coastal-driver collinearity with easting (r≈-0.48) from the 37-series driver validation, not 10c_forest_zone_correlations.csv",report9 part 4,β₃_drainage · r_vs_Easting = -0.48 [10c_forest_zone_correlations.csv]
report9:e6147a1e23,deny,"150mm is the per-well residual scatter magnitude, not the FLOOD_NEAR_GROUND_M constant","residual scatter magnitude (≈150-200mm), not FLOOD_NEAR_GROUND_M",report9 part 4,FLOOD_NEAR_GROUND_M = 0.15 [config.py] as mm
report9:5f4ed5a1b6,confirm,attributed key/column names the same subject and statistic the sentence states,,report9 part 4,scrape_onsite · peak_mm = 129.4 [37b_driver_footing.csv]
report9:53f3144733,confirm,attributed key/column names the same subject and statistic the sentence states,,report9 part 4,WMC3_BACI_DiD_step_2015_scraping = -0.0552146 [10_consolidated_report_numbers.csv] as mm
report9:683d90074a,deny,"−11.0 mm/yr is the Script 25 cluster-level uniform-decline figure, not ceh6's individual differential trend",cluster-level unexplained uniform decline (≈-11.0mm/yr) [25_03/25_10],report9 part 4,ceh6 · slope_mm_yr_2011_2025 = -11.0199 [32_differential_movement_per_well.csv]
report9:ef116d5290,confirm,attributed key/column names the same subject and statistic the sentence states,,report9 part 4,c3_only_mam · L_m = 900 [25_01_panel_fit_parameters.csv]
report9:bb6c11ca44,confirm,attributed key/column names the same subject and statistic the sentence states,,report9 part 4,ukcp18_2050s / annual / SITE · dh_mean_m = -0.0176 [19_scenario_summary.csv]
report9:bb0d8cb30f,confirm,attributed key/column names the same subject and statistic the sentence states,,report9 part 4,ukcp18_2050s / annual / C4 · dh_mean_m = -0.0256 [19_scenario_summary.csv]
report9:a9806abff4,confirm,attributed key/column names the same subject and statistic the sentence states,,report9 part 4,ukcp18_2050s / annual / C1 · dh_mean_m = -0.0086 [19_scenario_summary.csv]
report9:29bebd07c7,deny,"the sentence states the SITE-wide mean, but the attributed row is C3",ukcp18_2080s/annual/SITE dh_mean_m [19_scenario_summary.csv],report9 part 4,ukcp18_2080s / annual / C3 · dh_mean_m = -0.0327 [19_scenario_summary.csv]
report9:e2cb0f0001,deny,"the sentence frames this as the annual-response minimum, but the number matches the msl5-scope row, not annual",ukcp18_2080s/annual/C1 dh_mean_m≈-0.016 [19_scenario_summary.csv],report9 part 4,ukcp18_2080s / msl5 / C1 · dh_mean_m = -0.0167 [19_scenario_summary.csv]
report9:d61cc389d8,confirm,attributed key/column names the same subject and statistic the sentence states,,report9 part 4,ukcp18_2050s / winter / SITE · dh_mean_m = 0.0275 [19_scenario_summary.csv]
report9:0b00fb7a76,deny,the sentence says ‘means’ but the cited value is dh_median_m,ukcp18_2050s/summer/SITE dh_mean_m≈-0.063 [19_scenario_summary.csv],report9 part 4,ukcp18_2050s / summer / SITE · dh_median_m = -0.0641 [19_scenario_summary.csv]
report9:783b9283c3,unsure,no exact 19_scenario_summary cluster/season row matches -0.134 precisely (closest is C2 2080 summer dh_mean≈-0.131); cannot confirm the file cited is right without further digging,,report9 part 4,nw4 · C2 · MAX5_m_bg = -0.134 [26_msl_5yr_per_well.csv]
report9:223e3086d6,deny,the msl5 projection shift is a different quantity from the L7 summer-min climate ANCOVA shift,"msl5 shift min at 2050s (≈-12mm), not SummerMin_Climate_L7_shift",report9 part 4,SummerMin_Climate_L7_shift = -0.0117 [10_consolidated_report_numbers.csv] as mm
report9:79acaec14b,deny,the msl5 projection shift at 2080s is a different quantity from either ANCOVA clearfell/edge-forest coefficient,msl5 shift max at 2080s (≈-39mm),report9 part 4,MixedModel_Climate_Coastal Ctrl_clearfell = -0.0386 [10_consolidated_report_numbers.csv] as mm
report9:3354ca13dd,deny,summer δh at 2050s is a different quantity from the FourZone edge-vs-forest ANCOVA contrast,summer δh min at 2050s (≈-38mm) [19_scenario_summary.csv we_mean_mm],report9 part 4,FourZone_contrast_Edge_vs_Forest = -0.0385 [10_consolidated_report_numbers.csv] as mm
report9:f48b975f2e,deny,summer δh at 2080s is a different quantity from an observed MSL5 comparison value,summer δh min at 2080s (≈-71mm) [19_scenario_summary.csv],report9 part 4,max of MSL5_obs_m_bg · MSL5_obs_m_bg = -0.0706667 [26_ewi_msl5_comparison.csv] as mm
report9:e7a0f7a338,unsure,26b's C3 delta_h_m (≈-133.7) is numerically closer than the 19_scenario_summary C2 mean (≈-131.4); cannot confirm which file the report intends without more digging,,report9 part 4,3 · C3 · delta_h_m = -0.133739 [26b_monthly_delta_h_per_cluster.csv] as mm
report9:6d81673427,confirm,attributed key/column names the same subject and statistic the sentence states,,report9 part 4,clearfell / annual / C3 · dh_mean_m = 0.0056 [19_scenario_summary.csv] as mm
report9:c9573cda11,deny,"12% is FOREST_INTERCEPTION halved by the thinning fraction, not a 2018 aerial canopy-index ratio",24%/2=12% derived from FOREST_INTERCEPTION [config.py],report9 part 4,felling_experiment / 2018-06-28 / aerial28-6-2018.png · ratio_to_conifer = 0.121807 [41_01_canopy_index.csv] as %
report9:96f3ea4717,deny,"24% is the pine interception fraction constant, not a felling-experiment change_fraction",FOREST_INTERCEPTION=0.24 [config.py],report9 part 4,felling_experiment · change_fraction = 0.243037 [41_02_change_events.csv] as %
report9:cabac6209a,deny,"15% is the broadleaf interception fraction constant, not a 1998 aerial canopy-index ratio",BROADLEAF_INTERCEPTION=0.15 [config.py],report9 part 4,felling_1998_1 · ratio_to_conifer = 0.145192 [41_01_canopy_index.csv] as %
report9:8ae185ec78,confirm,attributed key/column names the same subject and statistic the sentence states,,report9 part 4,clearfell / annual / C4 · dh_mean_m = 0.0408 [19_scenario_summary.csv]
report9:837d542d5b,confirm,attributed key/column names the same subject and statistic the sentence states,,report9 part 4,clearfell / annual / C4 · we_mean_mm = 9.96443 [19_scenario_summary.csv]
report9:23e91d5880,confirm,attributed key/column names the same subject and statistic the sentence states,,report9 part 4,clearfell / annual / C5 · dh_mean_m = 0.0399 [19_scenario_summary.csv]
report9:175e8a839b,confirm,attributed key/column names the same subject and statistic the sentence states,,report9 part 4,clearfell / annual / C5 · we_mean_mm = 12.1961 [19_scenario_summary.csv]
report9:fe11746f45,confirm,attributed key/column names the same subject and statistic the sentence states,,report9 part 4,clearfell / winter / C4 · dh_mean_m = 0.0478 [19_scenario_summary.csv]
report9:cabc984425,confirm,attributed key/column names the same subject and statistic the sentence states,,report9 part 4,clearfell / winter / C5 · dh_mean_m = 0.0457 [19_scenario_summary.csv]
report9:2539c221a8,confirm,attributed key/column names the same subject and statistic the sentence states,,report9 part 4,clearfell / summer / C4 · dh_mean_m = 0.0338 [19_scenario_summary.csv]
report9:d7c9986803,deny,"the second mention is C5's summer response, but the attribution repeats C4's row",clearfell/summer/C5 dh_mean_m=0.0341 [19_scenario_summary.csv],report9 part 4,clearfell / summer / C4 · dh_mean_m = 0.0338 [19_scenario_summary.csv]
report9:368601212e,confirm,attributed key/column names the same subject and statistic the sentence states,,report9 part 4,thinning / annual / C4 · dh_mean_m = 0.0204 [19_scenario_summary.csv]
report9:451e10e2d7,confirm,attributed key/column names the same subject and statistic the sentence states,,report9 part 4,thinning / annual / C4 · we_mean_mm = 4.98222 [19_scenario_summary.csv]
report9:ad8f6bac51,confirm,attributed key/column names the same subject and statistic the sentence states,,report9 part 4,thinning / annual / C5 · dh_mean_m = 0.02 [19_scenario_summary.csv]
report9:64f00411b8,confirm,attributed key/column names the same subject and statistic the sentence states,,report9 part 4,thinning / annual / C5 · we_mean_mm = 6.09805 [19_scenario_summary.csv]
report9:532856768b,confirm,attributed key/column names the same subject and statistic the sentence states,,report9 part 4,broadleaf / annual / C4 · dh_mean_m = 0.0112 [19_scenario_summary.csv]
report9:d1b5e70d3f,confirm,attributed key/column names the same subject and statistic the sentence states,,report9 part 4,broadleaf / annual / C5 · dh_mean_m = 0.0132 [19_scenario_summary.csv]
report9:3acef24745,confirm,attributed key/column names the same subject and statistic the sentence states,,report9 part 4,broadleaf / winter / C4 · dh_mean_m = 0.0253 [19_scenario_summary.csv]
report9:d1d0e44a12,deny,"this is broadleaf/winter/C5's response, not a clearfell summer-step SE from an unrelated observations file",broadleaf/winter/C5 dh_mean_m [19_scenario_summary.csv],report9 part 4,impact_vs_edge_clearfell_summer_step_se · value = 0.0203292 [pipeline_site_observations.csv]
report9:f50a35ec5f,confirm,attributed key/column names the same subject and statistic the sentence states,,report9 part 4,broadleaf / summer / C4 · dh_mean_m = -0.0028 [19_scenario_summary.csv]
report9:443ea7bdfe,confirm,attributed key/column names the same subject and statistic the sentence states,,report9 part 4,broadleaf / summer / C5 · dh_mean_m = 0.006 [19_scenario_summary.csv]
report9:b3389f9e7b,deny,"+2.8mm w.e./month at C4 should be broadleaf/annual/C4's we_mean_mm, not clearfell/SITE or thinning/C3",broadleaf/annual/C4 we_mean_mm≈2.76 [19_scenario_summary.csv],report9 part 4,clearfell / annual / SITE · we_mean_mm = 2.81511 [19_scenario_summary.csv]
report9:bbcaf7c905,deny,"+4.0mm w.e./month at C5 is broadleaf/annual/C5's we_mean_mm, not thinning/C4/summer",broadleaf/annual/C5 we_mean_mm≈4.03 [19_scenario_summary.csv],report9 part 4,thinning · C4 · summer · we_median_mm = 4.03597 [19_scenario_summary.csv]
report9:8df4e081ad,deny,"the site-wide clearfell mean is from 19_scenario_summary, not an ANCOVA C3Warren clearfell-step coefficient",clearfell/annual/SITE dh_mean_m≈0.010 [19_scenario_summary.csv],report9 part 4,FourZone_C3Warren_clearfell_step = 0.00853723 [10_consolidated_report_numbers.csv]
report9:f9348ded44,deny,"the site-wide thinning mean is from 19_scenario_summary, not 44_05_level_change's surface_gradient",thinning/annual/SITE dh_mean_m≈0.005 [19_scenario_summary.csv],report9 part 4,site · surface_gradient = 0.00364458 [44_05_level_change.csv]
report9:73f7a1e802,confirm,attributed key/column names the same subject and statistic the sentence states,,report9 part 4,66 well columns in reference (lake excluded) = 66 [01_wells_reference.csv]
