Cluster,Cluster_Label,Block,n_wells,beta_1_recharge,beta_1_boot_lo,beta_1_boot_hi,pvalue_beta_1,beta_2_atmospheric_draw,pvalue_beta_2,beta_3_drainage,pvalue_beta_3,R2,LCSC_percent,LCSC_boot_lo,LCSC_boot_hi,beta_1_frac_positive,amplitude_heterogeneous,post2018_amp_lo_m,post2018_amp_hi_m,n
1,C1 (Lake Edge),Lake Edge,7,4.583657996630765,4.252825951177847,4.934676266083154,5.839334003058792e-67,0.9635123929387617,1.916612058820965e-05,0.08969459150487918,3.218545423867195e-35,0.7323367513178416,21.81663642302837,20.26475396762112,23.513776756442233,1.0,False,0.854,1.234,236
2,C2 (Dune),Eastern Block,24,3.9773814290488034,3.814933174555838,4.251569836282693,3.277671812749256e-69,1.7667828896887554,9.579866325886794e-17,0.06561985669361561,8.679922452421329e-26,0.7467687691030952,25.142169988940474,23.520723839761757,26.212778977065867,1.0,True,0.782,1.374,247
3,C3 (Western Residual),Western Block,21,3.5723370375201697,3.244081299382331,3.9111827344150716,1.1732231862606172e-83,1.8477276375763414,7.375104613207706e-27,0.058317720341346524,1.9292813973976135e-28,0.8127892883605613,27.992879437103053,25.567713620143454,30.825370216450594,1.0,True,0.6439999999999999,1.2800000000000002,248
4,C4 (Main Forest),Forest,9,2.5183742397928333,2.201649438472678,2.787423124926597,4.90453047678324e-47,2.547981719800747,5.696824305085687e-31,0.020453671716039325,0.002710400697343284,0.6845137669611306,39.70815711974016,35.87542893716645,45.42049170238126,1.0,True,0.908,1.4580000000000004,236
5,C5 (Coastal Forest),Coastal Forest,5,2.4119572265895135,2.1990093686489547,2.6485606557443417,6.754678262268267e-54,1.323820644208498,3.7946127871764036e-16,0.04520900827279262,4.4058818937034233e-16,0.6799363139894792,41.46010505393544,37.75637519643863,45.475022264884124,1.0,False,0.5800000000000001,0.8020000000000002,238
