window,beta_1_recharge,beta_2_atmospheric_draw,beta_3_drainage,R2,n,beta_1_lo,beta_1_hi,beta_2_lo,beta_2_hi,beta_3_lo,beta_3_hi
pre_2018,4.3648266935005795,1.2286286429963558,0.08034165570680396,0.69292678636459,140,4.076383919471262,4.637810169070943,0.8731443163918888,1.4864120452979457,0.07247629883875563,0.09031651423543997
post_2018,4.930435670950037,0.5539760924878667,0.10422095163780078,0.7919875621514214,95,4.474954327210575,5.401580195416015,0.22155317272006023,0.8655407319889732,0.09259281063114445,0.11800812787728139
