Cluster,Cluster_Label,n_wells,n_boot_success,beta_1_median,beta_1_lo,beta_1_hi,beta_2_median,beta_2_lo,beta_2_hi,beta_3_median,beta_3_lo,beta_3_hi,R2_median,LCSC_median,LCSC_lo,LCSC_hi,beta_1_frac_positive
1,C1 (Lake Edge),7,1000,4.582464832987585,4.25014248329554,4.934623719771425,0.9722605299957829,0.6267333454289915,1.2227258386887392,0.08931348735656588,0.08059611142099676,0.10096520915788286,0.7240096228978233,21.822316950511343,20.264969667156723,23.528622957298804,1.0
2,C2 (Dune),26,1000,3.8816742499582677,3.6794152609453574,4.174667130012543,1.7398028032025064,1.6086669301465413,1.9368326643882088,0.06322015237065762,0.05835750664369961,0.07063040851744398,0.7340896787327159,25.762079340181824,23.95400576379963,27.178232450679957,1.0
3,C3 (Western Residual),19,1000,3.5716335644489208,3.2371094714156365,3.9094094612238615,1.8027498196499185,1.6255081808533354,1.9687699610384184,0.05963874493007545,0.05021309519922011,0.06979430473008068,0.7978374871839521,27.998393312572137,25.579310892644923,30.891757267999015,1.0
4,C4 (Main Forest),9,1000,2.4869242996801204,2.2108754853815955,2.774149049426405,2.509471537993059,2.29505671462096,2.8368768377219906,0.020931519873935343,0.008328626873479704,0.03282807815682451,0.6952985381701202,40.210311226966084,36.04708993642893,45.23095433861344,1.0
5,C5 (Coastal Forest),5,1000,2.436306466020887,2.251768676825116,2.645069755029935,1.3225348330849673,1.0962411863812793,1.4917274204815654,0.04613378845750238,0.044238056114843216,0.055561752542590825,0.716081082010062,41.0457392757019,37.80621813329239,44.40955504285336,1.0
