Cluster,Cluster_Label,n_wells,n_boot_success,beta_1_median,beta_1_lo,beta_1_hi,beta_2_median,beta_2_lo,beta_2_hi,beta_3_median,beta_3_lo,beta_3_hi,R2_median,LCSC_median,LCSC_lo,LCSC_hi,beta_1_frac_positive
1,C1 (Lake Edge),7,1000,4.585805702596369,4.252825951177847,4.934676266083154,0.9699021132619008,0.6289093567155382,1.2256501936141138,0.08935944139419819,0.08064000379963045,0.10096265213069754,0.7242201475928831,21.8064188684188,20.26475396762112,23.513776756442233,1.0
2,C2 (Dune),24,1000,3.9921041583424066,3.814933174555838,4.251569836282693,1.7692882233653595,1.6437917657734462,1.9434407804175409,0.06564535108480468,0.06077888221444462,0.0730149967552623,0.7336624110219502,25.049446621526407,23.520723839761757,26.212778977065867,1.0
3,C3 (Western Residual),21,1000,3.5759915134421254,3.244081299382331,3.9111827344150716,1.8452811971443346,1.6661160995202546,2.01258831799037,0.05820710172608659,0.050017025651799635,0.06874027255866004,0.8005075782637459,27.9642723346328,25.567713620143454,30.825370216450594,1.0
4,C4 (Main Forest),9,1000,2.4877908416339225,2.201649438472678,2.787423124926597,2.555836039038639,2.3341278329325075,2.863471864060811,0.020111049610601322,0.007161037253129849,0.032616488820876366,0.6950604848540214,40.19630522760504,35.87542893716645,45.42049170238126,1.0
5,C5 (Coastal Forest),5,1000,2.4119572265895135,2.1990093686489547,2.6485606557443417,1.2630191353970766,1.0460394695869757,1.4431277841807464,0.046851397194579536,0.044635313578711165,0.056278975021136365,0.6799363139894794,41.460105053935436,37.75637519643863,45.475022264884124,1.0
