Cluster,Cluster_Label,beta_1,pvalue_beta_1,beta_2,pvalue_beta_2,beta_3,pvalue_beta_3,R2,n,LCSC_percent,drainage_datum_m
1,C1 (Lake Edge),4.327412109224749,1.2130745847206935e-63,1.4770528360663118,6.105058688869796e-10,0.07491153667757375,1.0202110274287338e-23,0.7577635286843727,235,23.108499370057658,3.7
2,C2 (Dune),3.5345270585385924,1.1346027016979289e-63,2.0711042604710013,7.211136832370543e-21,0.048614022977628436,2.0423808583357214e-14,0.7727641462948003,247,28.292328321104048,3.7
3,C3 (Western Residual),3.2868698971619703,2.4161135415423273e-73,1.8795101696413696,1.39874349988455e-23,0.04956368000334157,2.922590317642633e-17,0.8097891132616093,247,30.42408222070014,3.7
4,C4 (Main Forest),2.1971608390651287,2.4071193189063267e-32,2.1953219328496827,4.841978923982588e-18,0.01732846442680856,0.04995061493438263,0.5992008173419097,235,45.51328160506859,3.7
5,C5 (Coastal Forest),2.233207930689602,1.5307832395579895e-49,1.4551606504220378,1.5235248430144277e-17,0.03625497807405743,1.0263329473557751e-09,0.7033850581344105,237,44.778633742860016,3.7
