window,beta_1_recharge,beta_2_atmospheric_draw,beta_3_drainage,R2,n,beta_1_lo,beta_1_hi,beta_2_lo,beta_2_hi,beta_3_lo,beta_3_hi
pre_2018,4.360032419309076,1.2267834870295293,0.08025645001257563,0.692395388666715,140,4.069347688903394,4.635020489428845,0.86966644436657,1.480379335215884,0.07235915847649552,0.09034628441894546
post_2018,4.930435670950037,0.5539760924878667,0.10422095163780078,0.7919875621514214,95,4.474954327210575,5.401580195416015,0.22155317272006023,0.8655407319889732,0.09259281063114445,0.11800812787728139
