well,Cluster,Cluster_Label,ref_depth,beta_1_recharge,beta_2_atmospheric_draw,beta_3_drainage,pvalue_beta_3,R2,beta_3_positive,beta_3_sig
nw1,3,C3 (Western Residual),0.5,2.6089291857058603,3.9979260096370357,0.05365656014625435,0.22012625788843,0.6151325499619488,True,False
nw1,3,C3 (Western Residual),0.6,2.5006346074054013,4.1582304790342866,0.07622575902440812,0.08732621631072873,0.6207520198891374,True,False
nw1,3,C3 (Western Residual),0.7,2.4182107019287633,4.288571513496673,0.09940495457880297,0.02738916224225386,0.6283118337796042,True,True
nw1,3,C3 (Western Residual),0.8,2.3680396785338975,4.379919048099957,0.12216463189969148,0.006817571071878349,0.6376452245690708,True,True
nw1,3,C3 (Western Residual),0.9,2.3540974707145375,4.426023162459537,0.14341363676765584,0.0013826375377122408,0.6484022688802182,True,True
nw1,3,C3 (Western Residual),1.0,2.3771414229302072,4.424608439391708,0.16216264714117765,0.00023968030444380503,0.6600888554363816,True,True
nw1,3,C3 (Western Residual),1.1,2.434580702436257,4.3777350013871095,0.17767306488329204,3.7871391698575224e-05,0.6721400788143754,True,True
nw1,3,C3 (Western Residual),1.2,2.521073082802257,4.2912117472002915,0.18954631026201832,5.860638492891066e-06,0.6840061452409947,True,True
nw1,3,C3 (Western Residual),1.3,2.629613123142737,4.173313583370053,0.19773331722870813,9.522405553371983e-07,0.6952251471602748,True,True
nw1,3,C3 (Western Residual),1.4,2.7527357775876573,4.0332659829923525,0.20247545324757496,1.7230790577937038e-07,0.7054654966922947,True,True
nw1,3,C3 (Western Residual),1.5,2.8835079006063866,3.8799305127490014,0.20420824670248233,3.625316494378572e-08,0.7145348427284991,True,True
nw1,3,C3 (Western Residual),1.6,3.0161436354182913,3.7209329507854925,0.20346126789762303,9.100864107178435e-09,0.7223635255588705,True,True
nw1,3,C3 (Western Residual),1.7,3.146244354887928,3.562264458004835,0.20077668034650087,2.7533671583917935e-09,0.728974926930078,True,True
nw1,3,C3 (Western Residual),1.8,3.2707607061137605,3.4082516206238402,0.19665510244971018,1.0013509987101847e-09,0.7344534999171579,True,True
nw1,3,C3 (Western Residual),1.9,3.3877976728916455,3.26174914640733,0.19152718288414128,4.328645430933523e-10,0.7389171145572364,True,True
nw1,3,C3 (Western Residual),2.0,3.4963619144055986,3.1244280650879963,0.1857444506838241,2.1878191663259425e-10,0.7424963615747564,True,True
nw1,3,C3 (Western Residual),2.1,3.596114607784653,2.997074157473185,0.17958225457698512,1.268807739056926e-10,0.7453208105805242,True,True
nw1,3,C3 (Western Residual),2.2,3.687161024118441,2.8798512831022745,0.17324892990589064,8.283159316664048e-11,0.7475109559855632,True,True
nw1,3,C3 (Western Residual),2.3,3.769886413198115,2.7725126693457045,0.16689720723628965,5.977521736314343e-11,0.7491742650669599,True,True
nw1,3,C3 (Western Residual),2.4,3.8448358884225238,2.6745596697816,0.16063552776854312,4.690374189387552e-11,0.7504039076618024,True,True
nw1,3,C3 (Western Residual),2.5,3.9126309597873146,2.5853551467666653,0.15453811238267706,3.9441245868138625e-11,0.7512790801250216,True,True
nw1,3,C3 (Western Residual),2.6,3.973914268563063,2.5042009587340357,0.14865336756580905,3.510138733405373e-11,0.7518661710349833,True,True
nw1,3,C3 (Western Residual),2.7,4.0293148719893495,2.4303886490042412,0.14301061679853294,3.271391908041942e-11,0.7522202871953874,True,True
nw1,3,C3 (Western Residual),2.8,4.079427888820097,2.363230956644054,0.13762533721980535,3.164671272173867e-11,0.7523868539176315,True,True
nw1,3,C3 (Western Residual),2.9,4.1248038270715774,2.302080063769515,0.1325031482255849,3.154425553216242e-11,0.7524031339357831,True,True
nw1,3,C3 (Western Residual),3.0,4.165944215295401,2.246336948086646,0.12764280051354626,3.220148311888856e-11,0.7522995910560897,True,True
nw1,3,C3 (Western Residual),3.1,4.203301179017044,2.1954549562027097,0.12303838662259332,3.3499322431674494e-11,0.7521010729870728,True,True
nw1,3,C3 (Western Residual),3.2,4.237279361308037,2.148939759734115,0.11868095686255681,3.537002406099206e-11,0.7518278145072448,True,True
nw1,3,C3 (Western Residual),3.3,4.268239127809105,2.1063471601179065,0.11455968750089869,3.777762350360276e-11,0.7514962754936204,True,True
nw1,3,C3 (Western Residual),3.4,4.29650037296469,2.06727971436614,0.11066271540765596,4.070644308086044e-11,0.751119833845295,True,True
nw1,3,C3 (Western Residual),3.5,4.322346500320256,2.0313828115183012,0.1069777263518808,4.415404621500021e-11,0.7507093544678343,True,True
nw1,3,C3 (Western Residual),3.6,4.346028320646794,1.9983405961921679,0.10349236267006612,4.812675145329352e-11,0.7502736543532562,True,True
nw1,3,C3 (Western Residual),3.7,4.367767723605577,1.9678719791999897,0.10019449938254221,5.263667062536615e-11,0.7498198816387192,True,True
nw1,3,C3 (Western Residual),3.8,4.387761050513928,1.9397268720257772,0.09707242515071757,5.769968541708075e-11,0.7493538240514409,True,True
nw1,3,C3 (Western Residual),3.9,4.40618214073514,1.9136827151503226,0.09411495491718731,6.333402102258185e-11,0.7488801597157104,True,True
nw1,3,C3 (Western Residual),4.0,4.423185051413517,1.889541327919694,0.09131149393828836,6.955921239407538e-11,0.7484026610854858,True,True
nw1,3,C3 (Western Residual),4.1,4.4389064658929085,1.8671260817015196,0.08865206762376893,7.639533737420227e-11,0.7479243608398112,True,True
nw1,3,C3 (Western Residual),4.2,4.453467814356898,1.8462793828749429,0.08612732768440362,8.386243744539053e-11,0.7474476869466901,True,True
nw1,3,C3 (Western Residual),4.3,4.466977133773291,1.8268604439760854,0.08372854220475981,9.198007482601036e-11,0.746974572743851,True,True
nw1,3,C3 (Western Residual),4.4,4.479530694931835,1.8087433175358307,0.08144757513910458,1.0076699185446222e-10,0.7465065467695926,True,True
nw1,3,C3 (Western Residual),4.5,4.49121442341826,1.7918151661184343,0.07927685917444074,1.1024084937850251e-10,0.7460448061680389,True,True
nw1,3,C3 (Western Residual),4.6,4.5021051395217135,1.7759747426864316,0.07720936476752771,1.2041802773456147e-10,0.7455902767565924,True,True
nw1,3,C3 (Western Residual),4.7,4.512271639810135,1.7611310569615979,0.07523856733249976,1.3131347835943344e-10,0.7451436622486555,True,True
nw1,3,C3 (Western Residual),4.8,4.521775640716577,1.7472022054591174,0.07335841395121517,1.429406170234139e-10,0.7447054846455582,True,True
nw1,3,C3 (Western Residual),4.9,4.530672602135567,1.7341143450553522,0.07156329053972649,1.553112516708883e-10,0.7442761174260663,True,True
nw1,3,C3 (Western Residual),5.0,4.539012446826399,1.72180079213179,0.06984799008729672,1.6843553923694077e-10,0.7438558128516963,True,True
nw1,3,C3 (Western Residual),5.1,4.5468401894079875,1.7102012314179191,0.06820768235660674,1.8232196680176736e-10,0.7434447244565356,True,True
nw1,3,C3 (Western Residual),5.2,4.554196486925852,1.6992610205795773,0.06663788527143406,1.9697735317484452e-10,0.743042925589344,True,True
nw1,3,C3 (Western Residual),5.3,4.561118121373138,1.6889305783431168,0.06513443810344297,2.1240686756716484e-10,0.7426504247138025,True,True
nw1,3,C3 (Western Residual),5.4,4.56763842314633,1.6791648455046988,0.06369347649001576,2.286140624545818e-10,0.7422671780420849,True,True
nw1,3,C3 (Western Residual),5.5,4.573787643194276,1.6699228095531673,0.062311409260630904,2.456009181083772e-10,0.7418930999713187,True,True
nw1,3,C3 (Western Residual),5.6,4.579593280559973,1.6611670848467077,0.06098489701328881,2.6336789657736206e-10,0.7415280717069913,True,True
nw1,3,C3 (Western Residual),5.7,4.585080371099162,1.6528635413425845,0.0597108323596662,2.8191400318195185e-10,0.7411719483880144,True,True
nw1,3,C3 (Western Residual),5.8,4.590271742369033,1.6449809758007292,0.05848632174432704,3.0123685381635183e-10,0.740824564971811,True,True
nw1,3,C3 (Western Residual),5.9,4.595188239001647,1.6374908201830238,0.05730866873665079,3.213327465718146e-10,0.7404857410919254,True,True
nw1,3,C3 (Western Residual),6.0,4.5998489222918355,1.6303668826626603,0.05617535869213674,3.4219673638240673e-10,0.7401552850632428,True,True
nw1,3,C3 (Western Residual),6.1,4.604271247225147,1.6235851172595348,0.05508404468091467,3.638227115722946e-10,0.7398329971793347,True,True
nw1,3,C3 (Western Residual),6.2,4.6084712197425475,1.617123418635516,0.05403253458460321,3.862034713345746e-10,0.7395186724214116,True,True
nw1,3,C3 (Western Residual),6.3,4.612463536662521,1.6109614390336393,0.05301877926729397,4.093308033179809e-10,0.7392121026778313,True,True
nw1,3,C3 (Western Residual),6.4,4.616261710365963,1.6050804247325285,0.05204086173187636,4.3319556061781493e-10,0.7389130785562282,True,True
nw1,3,C3 (Western Residual),6.5,4.619878180071224,1.5994630697236394,0.05109698717873842,4.5778773759005844e-10,0.7386213908564337,True,True
nw1,3,C3 (Western Residual),6.6,4.623324411290644,1.5940933846093492,0.05018547388984496,4.830965439969892e-10,0.7383368317608906,True,True
nw1,3,C3 (Western Residual),6.7,4.626610984855671,1.5889565789713727,0.04930474486707036,5.091104770928499e-10,0.7380591957897846,True,True
nw1,3,C3 (Western Residual),6.8,4.629747676720719,1.5840389556775318,0.04845332015935542,5.358173913339261e-10,0.737788280560278,True,True
nw1,3,C3 (Western Residual),6.9,4.632743529603497,1.5793278157834605,0.04762980981869405,5.632045654638136e-10,0.7375238873827175,True,True
nw1,3,C3 (Western Residual),7.0,4.635606917387738,1.574811372850733,0.04683290743004549,5.91258766795002e-10,0.7372658217212898,True,True
nw1,3,C3 (Western Residual),7.1,4.638345603100479,1.5704786756448645,0.04606138416505535,6.199663125453909e-10,0.7370138935421047,True,True
nw1,3,C3 (Western Residual),7.2,4.640966791174465,1.5663195383021522,0.04531408331385857,6.493131281557737e-10,0.7367679175679329,True,True
nw1,3,C3 (Western Residual),7.3,4.643477174624065,1.5623244771613043,0.044589915253336714,6.792848025322947e-10,0.7365277134557118,True,True
nw1,3,C3 (Western Residual),7.4,4.64588297768376,1.5584846535509893,0.043887852813923975,7.098666402046962e-10,0.7362931059103139,True,True
nw1,3,C3 (Western Residual),7.5,4.6481899943966525,1.5547918219071826,0.04320692701048419,7.410437104173298e-10,0.7360639247458952,True,True
nw1,3,C3 (Western Residual),7.6,4.65040362358047,1.5512382826654108,0.042546223105907985,7.728008931872979e-10,0.7358400049043047,True,True
nw1,3,C3 (Western Residual),7.7,4.652528900551795,1.5478168394373064,0.0419048769789243,8.051229223904974e-10,0.7356211864385154,True,True
nw1,3,C3 (Western Residual),7.8,4.654570525942565,1.5445207600355157,0.041282071770200796,8.37994425949697e-10,0.7354073144677351,True,True
nw1,3,C3 (Western Residual),7.9,4.656532891907319,1.541343740960098,0.0406770347831726,8.713999632100897e-10,0.7351982391097891,True,True
nw1,3,C3 (Western Residual),8.0,4.6584201059850034,1.5382798750019029,0.04008903461816758,9.053240595954593e-10,0.7349938153954452,True,True
nw2,3,C3 (Western Residual),0.5,2.6602132862391272,4.141142945062478,0.19270660296615566,6.1372232144406e-07,0.7156932735902886,True,True
nw2,3,C3 (Western Residual),0.6,2.7790127653679493,4.006341819764189,0.19841061249397562,8.345648179979863e-08,0.726825587696091,True,True
nw2,3,C3 (Western Residual),0.7,2.906731832511756,3.8572896828184766,0.20101700333520536,1.3008332748198547e-08,0.7368421861377101,True,True
nw2,3,C3 (Western Residual),0.8,3.0374166346240297,3.701697920898262,0.20105571147869755,2.4089941083080354e-09,0.7456366916251325,True,True
nw2,3,C3 (Western Residual),0.9,3.1665034975240722,3.545639791244362,0.19907159874212949,5.400795741371871e-10,0.7532043131127287,True,True
nw2,3,C3 (Western Residual),1.0,3.290786941478541,3.393524146062155,0.19556950117048405,1.4723555210651312e-10,0.7596092834544402,True,True
nw2,3,C3 (Western Residual),1.1,3.408228450010549,3.2482893211941852,0.19098532601525203,4.8504740200481073e-11,0.7649560242042769,True,True
nw2,3,C3 (Western Residual),1.2,3.5177061391305715,3.111690130135297,0.18567654667017408,1.9054663534638025e-11,0.7693670795482352,True,True
nw2,3,C3 (Western Residual),1.3,3.6187687838090365,2.984593879180596,0.17992482929704529,8.773857421017425e-12,0.7729680575178235,True,True
nw2,3,C3 (Western Residual),1.4,3.7114255436737755,2.8672412012704918,0.1739449207911942,4.647333833830998e-12,0.7758784333408516,True,True
nw2,3,C3 (Western Residual),1.5,3.795981149191288,2.7594554303927756,0.16789582561208705,2.7792387599747503e-12,0.7782066714922857,True,True
nw2,3,C3 (Western Residual),1.6,3.872914492382465,2.660800242330489,0.16189194703424042,1.843797620090953e-12,0.7800482418682668,True,True
nw2,3,C3 (Western Residual),1.7,3.9427935282131896,2.5706926602964613,0.15601304047547052,1.3354624786520412e-12,0.7814854160504415,True,True
nw2,3,C3 (Western Residual),1.8,4.006218256849035,2.4884807303585514,0.150312555228932,1.041244064567658e-12,0.7825880566809529,True,True
nw2,3,C3 (Western Residual),1.9,4.063784290951684,2.41349476774111,0.14482434244320516,8.632964890349589e-13,0.7834148844784873,True,True
nw2,3,C3 (Western Residual),2.0,4.116060915675515,2.3450796269530723,0.13956789784835785,7.53191891427852e-13,0.7840149071686833,True,True
nw2,3,C3 (Western Residual),2.1,4.163579012215927,2.2826137859141955,0.1345523758428433,6.853877928619273e-13,0.7844288305307425,True,True
nw2,3,C3 (Western Residual),2.2,4.206825482404504,2.2255195303215,0.12977961545025948,6.456714280047273e-13,0.7846903589493062,True,True
nw2,3,C3 (Western Residual),2.3,4.246241811183646,2.1732673046467688,0.12524639329447712,6.257778065469051e-13,0.7848273459109775,True,True
nw2,3,C3 (Western Residual),2.4,4.282225149496391,2.125376366697212,0.12094608341958257,6.207298063104704e-13,0.7848627853947358,True,True
nw2,3,C3 (Western Residual),2.5,4.315130836254612,2.0814132025009804,0.11686986819914011,6.274523867429901e-13,0.7848156514022583,True,True
nw2,3,C3 (Western Residual),2.6,4.345275653278285,2.040988674393213,0.11300761298215346,6.440158046043421e-13,0.7847016005752986,True,True
nw2,3,C3 (Western Residual),2.7,4.372941364267165,2.003754538148807,0.10934849086345441,6.69204470321577e-13,0.7845335555769195,True,True
nw2,3,C3 (Western Residual),2.8,4.398378261994004,1.9693997342573004,0.1058814229926805,7.022617277956715e-13,0.7843221869270174,True,True
nw2,3,C3 (Western Residual),2.9,4.421808562502137,1.9376467028343263,0.10259538350742445,7.42733390679964e-13,0.7840763096378152,True,True
nw2,3,C3 (Western Residual),3.0,4.4434295595950974,1.9082478682974884,0.09947960568018441,7.903686774685264e-13,0.783803209080169,True,True
nw2,3,C3 (Western Residual),3.1,4.4634165003290285,1.8809823723865182,0.09652371641775029,8.450555845102586e-13,0.7835089084640925,True,True
nw2,3,C3 (Western Residual),3.2,4.481925171576767,1.8556530908381836,0.0937178191620398,9.067775363025284e-13,0.7831983883637975,True,True
nw2,3,C3 (Western Residual),3.3,4.499094205196087,1.8320839420375803,0.09105253995374543,9.75583547723971e-13,0.7828757669630908,True,True
nw2,3,C3 (Western Residual),3.4,4.5150471190671,1.8101174797718593,0.08851904749245298,1.0515671932777783e-12,0.7825444481766147,True,True
nw2,3,C3 (Western Residual),3.5,4.529894116072718,1.7896127530827362,0.08610905511802266,1.134851462168775e-12,0.7822072435149527,True,True
nw2,3,C3 (Western Residual),3.6,4.543733664824055,1.770443411634361,0.08381481048832587,1.225577643806027e-12,0.7818664724879965,True,True
nw2,3,C3 (Western Residual),3.7,4.556653885810826,1.7524960333027204,0.08162907714261775,1.3238970396259612e-12,0.7815240454549617,True,True
nw2,3,C3 (Western Residual),3.8,4.568733765471723,1.7356686507354075,0.07954511097182404,1.4299647034653764e-12,0.7811815321034171,True,True
nw2,3,C3 (Western Residual),3.9,4.580044218941643,1.7198694546948587,0.07755663375807091,1.5439346711468408e-12,0.7808402181475905,True,True
nw2,3,C3 (Western Residual),4.0,4.590649020258549,1.7050156536093597,0.07565780531537192,1.6659563071673768e-12,0.7805011523548082,True,True
nw2,3,C3 (Western Residual),4.1,4.6006056168009035,1.69103247061381,0.0738431953016799,1.7961715065089446e-12,0.7801651856182131,True,True
nw2,3,C3 (Western Residual),4.2,4.609965842784353,1.6778522612773958,0.07210775543544767,1.9347125631968336e-12,0.7798330034770934,True,True
nw2,3,C3 (Western Residual),4.3,4.61877654484303,1.6654137370786706,0.07044679260468503,2.0817005673073785e-12,0.7795051532292818,True,True
nw2,3,C3 (Western Residual),4.4,4.627080131078332,1.653661281434861,0.06885594317919605,2.2372442266333573e-12,0.779182066571761,True,True
nw2,3,C3 (Western Residual),4.5,4.634915053490094,1.642544346693179,0.06733114870928741,2.40143903350197e-12,0.7788640785364904,True,True
nw2,3,C3 (Western Residual),4.6,4.6423162324031875,1.632016921933196,0.0658686331036405,2.5743667145154035e-12,0.7785514433510542,True,True
nw2,3,C3 (Western Residual),4.7,4.649315430364263,1.6220370627148535,0.06446488131542358,2.7560949136174744e-12,0.7782443477418931,True,True
nw2,3,C3 (Western Residual),4.8,4.655941581983976,1.6125664750411186,0.06311661952186622,2.946677068179289e-12,0.7779429221067444,True,True
nw2,3,C3 (Western Residual),4.9,4.6622210853365935,1.6035701468012413,0.06182079675310732,3.146152444900206e-12,0.7776472499085039,True,True
nw2,3,C3 (Western Residual),5.0,4.668178059777101,1.5950160208320918,0.06057456790717229,3.3545463077644604e-12,0.7773573755818628,True,True
nw2,3,C3 (Western Residual),5.1,4.6738345743881355,1.5868747044939877,0.05937527807654036,3.5718701945976215e-12,0.77707331119421,True,True
nw2,3,C3 (Western Residual),5.2,4.679210850707223,1.5791192113184074,0.05822044810575614,3.798122282265961e-12,0.7767950420613419,True,True
nw2,3,C3 (Western Residual),5.3,4.684325442903437,1.5717247308576803,0.057107761297351664,4.033287823370211e-12,0.776522531484849,True,True
nw2,3,C3 (Western Residual),5.4,4.68919539815338,1.5646684233645312,0.05603505118376563,4.2773396397028674e-12,0.7762557247502848,True,True
nw2,3,C3 (Western Residual),5.5,4.693836399607354,1.5579292363600712,0.05500029028518226,4.530238659767032e-12,0.7759945525022997,True,True
nw2,3,C3 (Western Residual),5.6,4.698262894026513,1.5514877405227523,0.05400157977659128,4.79193448930964e-12,0.7757389335939467,True,True
nw2,3,C3 (Western Residual),5.7,4.70248820590354,1.5453259826549095,0.053037139991445305,5.0623660054502e-12,0.7754887774916435,True,True
nw2,3,C3 (Western Residual),5.8,4.7065246396474105,1.5394273537640497,0.052105301693776085,5.341461966184214e-12,0.7752439863041977,True,True
nw2,3,C3 (Western Residual),5.9,4.710383571212798,1.5337764705402628,0.051204498055263906,5.629141628230067e-12,0.7750044564934373,True,True
nw2,3,C3 (Western Residual),6.0,4.7140755303822495,1.5283590687228288,0.050333257278353374,5.925315367279148e-12,0.7747700803149092,True,True
nw2,3,C3 (Western Residual),6.1,4.717610274758583,1.5231619070327893,0.04949019581105811,6.2298852954397435e-12,0.7745407470295365,True,True
nw2,3,C3 (Western Residual),6.2,4.720996856393253,1.5181726805086608,0.048674012103384644,6.5427458716904005e-12,0.7743163439207831,True,True
nw2,3,C3 (Western Residual),6.3,4.724243681867604,1.5133799422215515,0.04788348085944827,6.8637845015749695e-12,0.7740967571465578,True,True
nw2,3,C3 (Western Residual),6.4,4.727358566540574,1.5087730324680715,0.04711744774315668,7.192882123346363e-12,0.7738818724506222,True,True
nw2,3,C3 (Western Residual),6.5,4.730348783594729,1.5043420146441866,0.04637482449896806,7.529913777913351e-12,0.7736715757545146,True,True
nw2,3,C3 (Western Residual),6.6,4.733221108436371,1.5000776170975485,0.04565458445251278,7.874749160800745e-12,0.7734657536478338,True,True
nw2,3,C3 (Western Residual),6.7,4.735981858940578,1.495971180335324,0.04495575835895591,8.227253154516701e-12,0.7732642937920569,True,True
nw2,3,C3 (Western Residual),6.8,4.738636931975018,1.49201460903641,0.044277430569782505,8.587286340141885e-12,0.7730670852508089,True,True
nw2,3,C3 (Western Residual),6.9,4.74119183658761,1.4882003283791403,0.0436187354912683,8.954705487390686e-12,0.7728740187575872,True,True
nw2,3,C3 (Western Residual),7.0,4.743651724198045,1.4845212442495885,0.042978854310261175,9.329364022473985e-12,0.7726849869303275,True,True
nw2,3,C3 (Western Residual),7.1,4.746021416096305,1.4809707069446874,0.042357011965043725,9.711112473581365e-12,0.7724998844408245,True,True
nw2,3,C3 (Western Residual),7.2,4.748305428516895,1.4775424780255426,0.04175247434102579,1.0099798893718471e-11,0.7723186081458453,True,True
nw2,3,C3 (Western Residual),7.3,4.750507995528336,1.4742307000146,0.04116454567278131,1.049526926112675e-11,0.7721410571857868,True,True
nw2,3,C3 (Western Residual),7.4,4.752633089950914,1.4710298686625243,0.040592566135592895,1.089736785740114e-11,0.7719671330558774,True,True
nw2,3,C3 (Western Residual),7.5,4.7546844424939785,1.467934807540076,0.04003590961112666,1.130593762365182e-11,0.7717967396541988,True,True
nw2,3,C3 (Western Residual),7.6,4.756665559282075,1.4649406447359814,0.03949398161322252,1.172082049525604e-11,0.7716297833101935,True,True
nw2,3,C3 (Western Residual),7.7,4.758579737922572,1.4620427914643213,0.03896621736098641,1.2141857715615841e-11,0.7714661727967878,True,True
nw2,3,C3 (Western Residual),7.8,4.760430082250999,1.459236922405481,0.03845207998750647,1.2568890129573845e-11,0.7713058193288153,True,True
nw2,3,C3 (Western Residual),7.9,4.762219515876527,1.4565189576225315,0.037951058873496694,1.3001758457185578e-11,0.7711486365500365,True,True
nw2,3,C3 (Western Residual),8.0,4.763950794637624,1.453885045910643,0.03746266809611053,1.3440303548432111e-11,0.7709945405107205,True,True
nw3,2,C2 (Dune),0.5,3.0843291747140835,3.9398568433978576,0.3136352490294163,1.1867503908432684e-16,0.8063225880706171,True,True
nw3,2,C2 (Dune),0.6,3.2796693422695053,3.6979935267565045,0.2996444363734704,3.962336307356543e-17,0.8106142400878691,True,True
nw3,2,C2 (Dune),0.7,3.451434020750053,3.4787224251451114,0.28366408483006395,2.6115323235604222e-17,0.812220633120653,True,True
nw3,2,C2 (Dune),0.8,3.5991561555278784,3.2848526703964334,0.26697121401118684,2.865440401379659e-17,0.811864275679549,True,True
nw3,2,C2 (Dune),0.9,3.7243864371333935,3.116194582265537,0.2504193203177508,4.469541881311657e-17,0.8101476023579759,True,True
nw3,2,C2 (Dune),1.0,3.829621024804739,2.9709132523385353,0.23452963033046315,8.719811167951753e-17,0.8075379327120269,True,True
nw3,2,C2 (Dune),1.1,3.917627441110203,2.8464479879204765,0.21958664795871258,1.9344094409392336e-16,0.8043805123555763,True,True
nw3,2,C2 (Dune),1.2,3.9910743184994866,2.7400654847875536,0.2057174840961682,4.564662509527329e-16,0.8009214972461309,True,True
nw3,2,C2 (Dune),1.3,4.052358783601347,2.649156604367377,0.19295051579863423,1.0958174096163048e-15,0.7973314410881405,True,True
nw3,2,C2 (Dune),1.4,4.103548852544684,2.571372814927859,0.1812558111967228,2.6012130456781977e-15,0.7937254189210728,True,True
nw3,2,C2 (Dune),1.5,4.146386239100417,2.504670668456395,0.1705716599126088,6.0008900958560485e-15,0.7901788403213266,True,True
nw3,2,C2 (Dune),1.6,4.1823169492700405,2.4473078876920513,0.16082131712599304,1.3323562802445135e-14,0.7867392791775221,True,True
nw3,2,C2 (Dune),1.7,4.212531641593822,2.397816839192381,0.15192318255129245,2.833345232159966e-14,0.7834350617036197,True,True
nw3,2,C2 (Dune),1.8,4.238006572360741,2.3549697183199383,0.14379672108964484,5.761533867568835e-14,0.7802813827781152,True,True
nw3,2,C2 (Dune),1.9,4.2595409521391225,2.3177428907924558,0.1363656934130483,1.1206711000284391e-13,0.7772846068673391,True,True
nw3,2,C2 (Dune),2.0,4.27778921481146,2.2852839047215494,0.12955972815128716,2.0882120045354403e-13,0.774445265258034,True,True
nw3,2,C2 (Dune),2.1,4.293288035948084,2.2568825442076714,0.12331489904260104,3.7356861887427253e-13,0.7717601300122907,True,True
nw3,2,C2 (Dune),2.2,4.306478539196577,2.2319461893894084,0.11757372607244745,6.432081771717913e-13,0.7692236397056359,True,True
nw3,2,C2 (Dune),2.3,4.31772434740911,2.2099792214157166,0.11228486104952987,1.068698023594666e-12,0.7668288725617445,True,True
nw3,2,C2 (Dune),2.4,4.327326164120046,2.1905659969248235,0.10740261670967965,1.7179541107298114e-12,0.7645682047258382,True,True
nw3,2,C2 (Dune),2.5,4.3355335152154595,2.1733568636408327,0.10288643441117329,2.6786251464548694e-12,0.7624337501121132,True,True
nw3,2,C2 (Dune),2.6,4.34255419413669,2.158056712898472,0.09870034546672243,4.060576754902307e-12,0.7604176491287878,True,True
nw3,2,C2 (Dune),2.7,4.348561863076084,2.1444156213931955,0.09481245642674915,5.997936872406398e-12,0.7585122531795037,True,True
nw3,2,C2 (Dune),2.8,4.353702179080834,2.1322212001258167,0.09119447355860313,8.650585687879432e-12,0.7567102375986885,True,True
nw3,2,C2 (Dune),2.9,4.358097742025592,2.1212923322006376,0.08782127276010962,1.2205011721699565e-11,0.7550046657539264,True,True
nw3,2,C2 (Dune),3.0,4.361852101660903,2.1114740380658388,0.08467051591766858,1.6874496053839076e-11,0.7533890201330584,True,True
nw3,2,C2 (Dune),3.1,4.365053012394735,2.102633255465811,0.08172231182407104,2.289862517177702e-11,0.7518572114122017,True,True
nw3,2,C2 (Dune),3.2,4.367775085544965,2.094655361920959,0.07895891829882598,3.054216643975504e-11,0.750403573135747,True,True
nw3,2,C2 (Dune),3.3,4.370081957858797,2.08744130077515,0.07636448153357892,4.009336699967122e-11,0.7490228472881892,True,True
nw3,2,C2 (Dune),3.4,4.372028070609814,2.080905198798298,0.07392480856129366,5.1861756266346465e-11,0.7477101643933772,True,True
nw3,2,C2 (Dune),3.5,4.373660134256917,2.0749723850515114,0.07162716890025923,6.617554418087125e-11,0.7464610206262987,True,True
nw3,2,C2 (Dune),3.6,4.375018338406254,2.0695777381651954,0.06946012171820742,8.337871272650793e-11,0.745271253617684,True,True
nw3,2,C2 (Dune),3.7,4.37613735479135,2.0646643031624894,0.06741336521708347,1.0382789793460489e-10,0.7441370180692726,True,True
nw3,2,C2 (Dune),3.8,4.377047171485983,2.060182130165058,0.06547760530806446,1.2788915491087787e-10,0.7430547619054187,True,True
nw3,2,C2 (Dune),3.9,4.377773789048467,2.0560872962988643,0.06364444100289893,1.5593469049522448e-10,0.7420212034143389,True,True
nw3,2,C2 (Dune),4.0,4.378339803331927,2.052341079326335,0.061906264277817716,1.8833963814369518e-10,0.7410333096442541,True,True
nw3,2,C2 (Dune),4.1,4.378764894956139,2.0489092573262035,0.06025617246419919,2.2547893844633854e-10,0.7400882761910237,True,True
nw3,2,C2 (Dune),4.2,4.379066241656784,2.0457615134105156,0.05868789148439989,2.6772437714937855e-10,0.7391835084269868,True,True
nw3,2,C2 (Dune),4.3,4.379258866703783,2.0428709282378064,0.05719570848269535,3.1544182124422873e-10,0.7383166041632059,True,True
nw3,2,C2 (Dune),4.4,4.379355934157735,2.0402135461328434,0.05577441260257672,3.689886830433915e-10,0.737485337700325,True,True
nw3,2,C2 (Dune),4.5,4.379368999782207,2.0377680031002656,0.05441924283559537,4.287116324925135e-10,0.7366876452005872,True,True
nw3,2,C2 (Dune),4.6,4.379308224855161,2.0355152070343228,0.05312584201674771,4.949445694156982e-10,0.7359216113007853,True,True
nw3,2,C2 (Dune),4.7,4.379182558848137,2.0334380620732655,0.051890216170013465,5.680068600538958e-10,0.7351854568799087,True,True
nw3,2,C2 (Dune),4.8,4.378999895906425,2.031521230392601,0.05070869851792029,6.48201836123097e-10,0.734477527893795,True,True
nw3,2,C2 (Dune),4.9,4.378767209221507,2.02975092583734,0.04957791756349082,7.358155496328645e-10,0.7337962851906308,True,True
nw3,2,C2 (Dune),5.0,4.3784906666947965,2.028114734702958,0.048494768733796545,8.311157728060045e-10,0.7331402952245782,True,True
nw3,2,C2 (Dune),5.1,4.378175730730179,2.026601459726206,0.04745638914363217,9.343512294860535e-10,0.7325082215893723,True,True
nw3,2,C2 (Dune),5.2,4.377827244526115,2.0252009839687353,0.046460135097169925,1.0457510423255706e-09,0.7318988172988978,True,True
nw3,2,C2 (Dune),5.3,4.377449506855738,2.023904151792427,0.04550356199634528,1.1655243786820124e-09,0.7313109177471782,True,True
nw3,2,C2 (Dune),5.4,4.377046337007247,2.022702664555642,0.04458440636841497,1.2938602773838144e-09,0.7307434342856145,True,True
nw3,2,C2 (Dune),5.5,4.376621131293654,2.021588989017558,0.04370056976264782,1.4309276382794318e-09,0.730195348360587,True,True
nw3,2,C2 (Dune),5.6,4.376176912323162,2.020556276738602,0.04285010429838558,1.5768753566487314e-09,0.7296657061595355,True,True
nw3,2,C2 (Dune),5.7,4.375716372038681,2.0195982930163883,0.04203119967453007,1.7318325850195118e-09,0.7291536137183476,True,True
nw3,2,C2 (Dune),5.8,4.375241909383988,2.018709354108636,0.04124217147449493,1.895909105645274e-09,0.7286582324472471,True,True
nw3,2,C2 (Dune),5.9,4.374755663325594,2.0178842716730627,0.04048145062137746,2.0691957978023053e-09,0.728178775036409,True,True
nw3,2,C2 (Dune),6.0,4.374259541852378,2.0171183035055145,0.039747573856028215,2.251765185088756e-09,0.7277145017062103,True,True
nw3,2,C2 (Dune),6.1,4.373755247485888,2.016407109785054,0.03903917512624479,2.443672048957237e-09,0.7272647167703962,True,True
nw3,2,C2 (Dune),6.2,4.373244299755791,2.015746714144038,0.038354977788774273,2.6449540958792183e-09,0.7268287654834893,True,True
nw3,2,C2 (Dune),6.3,4.372728055033441,2.0151334689734326,0.03769378753753709,2.855632666663882e-09,0.7264060311465441,True,True
nw3,2,C2 (Dune),6.4,4.372207724059984,2.0145640244520253,0.03705448598168262,3.0757134775454897e-09,0.7259959324478507,True,True
nw3,2,C2 (Dune),6.5,4.371684387458063,2.014035300857031,0.036436024805973924,3.305187383766557e-09,0.7255979210174466,True,True
nw3,2,C2 (Dune),6.6,4.371159009480801,2.013544463769841,0.03583742045376857,3.544031157413804e-09,0.7252114791763433,True,True
nw3,2,C2 (Dune),6.7,4.370632450212138,2.0130889018411886,0.035257749279655165,3.7922082722116394e-09,0.7248361178631975,True,True
nw3,2,C2 (Dune),6.8,4.370105476408101,2.01266620682288,0.034696143124750514,4.049669688949916e-09,0.7244713747228191,True,True
nw3,2,C2 (Dune),6.9,4.369578771144333,2.012274155609463,0.03415178527288419,4.316354636025358e-09,0.7241168123423931,True,True
nw3,2,C2 (Dune),7.0,4.369052942407379,2.0119106940652367,0.03362390675048357,4.592191380388529e-09,0.7237720166226298,True,True
nw3,2,C2 (Dune),7.1,4.368528530759242,2.011573922439541,0.03311178293701252,4.877097984850236e-09,0.7234365952722639,True,True
nw3,2,C2 (Dune),7.2,4.368006016179395,2.0112620821977485,0.03261473045635843,5.170983048469e-09,0.7231101764154111,True,True
nw3,2,C2 (Dune),7.3,4.367485824180335,2.010973544114245,0.03213210432271867,5.4737464271849436e-09,0.7227924073022616,True,True
nw3,2,C2 (Dune),7.4,4.366968331279944,2.0107067974945556,0.031663295317305634,5.78527993247469e-09,0.7224829531144767,True,True
nw3,2,C2 (Dune),7.5,4.366453869902844,2.0104604404063404,0.03120772757463501,6.1054680062797015e-09,0.7221814958574414,True,True
nw3,2,C2 (Dune),7.6,4.365942732774016,2.01023317081543,0.030764856359351958,6.434188370829729e-09,0.7218877333322437,True,True
nw3,2,C2 (Dune),7.7,4.365435176862308,2.010023778533243,0.03033416601647515,6.771312652351864e-09,0.7216013781808978,True,True
nw3,2,C2 (Dune),7.8,4.364931426921308,2.009831137893318,0.029915168079648537,7.116706978065606e-09,0.7213221569989052,True,True
nw3,2,C2 (Dune),7.9,4.364431678673331,2.009654201083459,0.02950739952353481,7.470232545977231e-09,0.7210498095097785,True,True
nw3,2,C2 (Dune),8.0,4.363936101673323,2.0094919920687078,0.029110421147819355,7.831746167449967e-09,0.7207840877966235,True,True
nw4,2,C2 (Dune),0.5,2.4839332130230956,2.608333566380652,0.2516459914839854,9.742673030534713e-12,0.6983863906150141,True,True
nw4,2,C2 (Dune),0.6,2.61579394726175,2.4171843137733138,0.23729607416836498,8.446007553639617e-12,0.6992594669487634,True,True
nw4,2,C2 (Dune),0.7,2.72967904312441,2.248172361135632,0.2230855565091306,9.016429985708053e-12,0.6988602524026992,True,True
nw4,2,C2 (Dune),0.8,2.827274081776398,2.1001776041158364,0.20944423661918293,1.1095967557929438e-11,0.6975891719218417,True,True
nw4,2,C2 (Dune),0.9,2.910586294981986,1.9712633305154565,0.19660456753358105,1.4970531430056145e-11,0.6957457304133747,True,True
nw4,2,C2 (Dune),1.0,2.981624056389746,1.85921181144672,0.18466942477646697,2.1348885853183396e-11,0.6935472668825093,True,True
nw4,2,C2 (Dune),1.1,3.0422379293746173,1.7618229510312307,0.173661020663101,3.136103323962164e-11,0.691147971050357,True,True
nw4,2,C2 (Dune),1.2,3.094057414531237,1.677062815662974,0.16355412531732752,4.6623491802888116e-11,0.6886551828757859,True,True
nw4,2,C2 (Dune),1.3,3.138479723788734,1.6031239163526152,0.15429768165405208,6.9323908417971e-11,0.6861422633557497,True,True
nw4,2,C2 (Dune),1.4,3.176684127233649,1.5384370862422452,0.1458283853776567,1.0230318806231714e-10,0.6836583008179177,True,True
nw4,2,C2 (Dune),1.5,3.2096568997651778,1.4816589660793533,0.1380789287861581,1.4912148239825517e-10,0.6812352323600929,True,True
nw4,2,C2 (Dune),1.6,3.2382189242888493,1.4316488340899114,0.13098280228950399,2.1409871221543107e-10,0.6788929813217225,True,True
nw4,2,C2 (Dune),1.7,3.263052069039892,1.3874422428413125,0.12447692625533542,3.0232400880136734e-10,0.6766431247053244,True,True
nw4,2,C2 (Dune),1.8,3.284722691519348,1.3482252593253166,0.11850294490071317,4.196320432388788e-10,0.6744914937814341,True,True
nw4,2,C2 (Dune),1.9,3.3037017900667793,1.3133110406108768,0.11300771535940089,5.725474609192516e-10,0.6724400100344464,True,True
nw4,2,C2 (Dune),2.0,3.320381893962848,1.2821193609435761,0.10794332848094351,7.682012560542897e-10,0.6704879769669672,True,True
nw4,2,C2 (Dune),2.1,3.3350910287929643,1.2541591333049087,0.10326687084545222,1.014224724968293e-09,0.6686329862284531,True,True
nw4,2,C2 (Dune),2.2,3.348104171569797,1.2290136989397098,0.09894005636825694,1.3186275947973877e-09,0.6668715509346337,True,True
nw4,2,C2 (Dune),2.3,3.359652605897265,1.206328552852185,0.09492880460429463,1.6896671247500386e-09,0.665199546183871,True,True
nw4,2,C2 (Dune),2.4,3.36993154741524,1.185801152619609,0.09120281075165787,2.135714581498472e-09,0.6636125133625002,True,True
nw4,2,C2 (Dune),2.5,3.3791063577423452,1.167172478089836,0.08773513243784367,2.6651246852045027e-09,0.6621058682509235,True,True
nw4,2,C2 (Dune),2.6,3.387317612784078,1.1502200467960837,0.08450180617288867,3.2861125861642168e-09,0.6606750412354971,True,True
nw4,2,C2 (Dune),2.7,3.394685243745001,1.1347521318128937,0.08148149901048843,4.006641812825073e-09,0.6593155696720583,True,True
nw4,2,C2 (Dune),2.8,3.4013119282674356,1.1206029691902257,0.07865519665267859,4.834325541664956e-09,0.6580231566164926,True,True
nw4,2,C2 (Dune),2.9,3.4072858749617163,1.107628778373356,0.07600592681344806,5.776342552552132e-09,0.6567937060157336,True,True
nw4,2,C2 (Dune),3.0,3.412683116609287,1.095704450285568,0.07351851539389964,6.839368391857278e-09,0.655623341532573,True,True
nw4,2,C2 (Dune),3.1,3.4175694046586607,1.0847207840630486,0.07117937245802325,8.029521586834116e-09,0.6545084141044842,True,True
nw4,2,C2 (Dune),3.2,3.4220017794149347,1.074582175237071,0.06897630484683846,9.352324237264289e-09,0.6534455018613696,True,True
nw4,2,C2 (Dune),3.3,3.4260298757362064,1.0652046760565104,0.06689835235080172,1.081267594161595e-08,0.6524314049750136,True,True
nw4,2,C2 (Dune),3.4,3.4296970123953345,1.0565143632455243,0.06493564456607251,1.2414839775280352e-08,0.6514631372613046,True,True
nw4,2,C2 (Dune),3.5,3.4330411039603113,1.0484459603618643,0.06307927582258052,1.4162438906320779e-08,0.6505379158183652,True,True
nw4,2,C2 (Dune),3.6,3.4360954266123844,1.040941671553917,0.06132119585134177,1.605846238718563e-08,0.6496531495984794,True,True
nw4,2,C2 (Dune),3.7,3.438889263378572,1.0339501913264297,0.05965411413253224,1.8105278678780343e-08,0.6488064275356964,True,True
nw4,2,C2 (Dune),3.8,3.4414484494930138,1.0274258612623666,0.05807141612234647,2.0304655528090077e-08,0.6479955066534038,True,True
nw4,2,C2 (Dune),3.9,3.4437958347798983,1.0213279497945638,0.05656708978998838,2.265778491712465e-08,0.6472183004349393,True,True
nw4,2,C2 (Dune),4.0,3.4459516768761045,1.015620035306004,0.055135661104371465,2.516531191706673e-08,0.646472867639702,True,True
nw4,2,C2 (Dune),4.1,3.447933976629895,1.010269476247023,0.053772137293622554,2.7827366407205222e-08,0.6457574016758978,True,True
nw4,2,C2 (Dune),4.2,3.4497587650058525,1.0052469547417013,0.05247195686070776,3.064359674711483e-08,0.645070220590856,True,True
nw4,2,C2 (Dune),4.3,3.4514403491979158,1.0005260824334372,0.05123094547763324,3.361320461584304e-08,0.6444097577049072,True,True
nw4,2,C2 (Dune),4.4,3.452991524327948,0.996083059188549,0.050045277000857126,3.673498035186405e-08,0.6437745528908425,True,True
nw4,2,C2 (Dune),4.5,3.454423756025661,0.9918963768130367,0.048911438954175865,4.000733823781808e-08,0.6431632444849087,True,True
nw4,2,C2 (Dune),4.6,3.4557473383021815,0.9879465612048309,0.047826201914434804,4.342835127510871e-08,0.642574561804893,True,True
nw4,2,C2 (Dune),4.7,3.4569715304024413,0.9842159474112571,0.04678659231199066,4.6995785083303997e-08,0.6420073182444761,True,True
nw4,2,C2 (Dune),4.8,3.458104675724032,0.9806884829292033,0.04578986822359598,5.0707130638688915e-08,0.6414604049095143,True,True
nw4,2,C2 (Dune),4.9,3.45915430539703,0.9773495553074014,0.044833497791847685,5.455963563538447e-08,0.6409327847603926,True,True
nw4,2,C2 (Dune),5.0,3.460127228709807,0.9741858407109615,0.04391513995383666,5.855033431195127e-08,0.6404234872244392,True,True
nw4,2,C2 (Dune),5.1,3.461029612227224,0.9711851706107031,0.04303262720333828,6.267607563618124e-08,0.6399316032431658,True,True
nw4,2,C2 (Dune),5.2,3.4618670491646344,0.968336414180482,0.04218395014674549,6.693354978368306e-08,0.6394562807204819,True,True
nw4,2,C2 (Dune),5.3,3.462644620345192,0.9656293743389484,0.041367243643829016,7.131931288054481e-08,0.6389967203397713,True,True
nw4,2,C2 (Dune),5.4,3.463366947870842,0.9630546956693323,0.04058077435105081,7.582981000838357e-08,0.6385521717196746,True,True
nw4,2,C2 (Dune),5.5,3.464038242471167,0.9606037827023284,0.0398229295081244,8.046139649387161e-08,0.6381219298804617,True,True
nw4,2,C2 (Dune),5.6,3.464662345354979,0.9582687272589043,0.03909220682839257,8.521035752250505e-08,0.6377053319949304,True,True
nw4,2,C2 (Dune),5.7,3.4652427652716282,0.9560422437302816,0.03838720537079301,9.00729261299042e-08,0.637301754399771,True,True
nw4,2,C2 (Dune),5.8,3.4657827113902027,0.9539176113253944,0.03770661728607481,9.504529963531909e-08,0.6369106098452713,True,True
nw4,2,C2 (Dune),5.9,3.4662851225194244,0.9518886224462731,0.0370492203428803,1.0012365458838292e-07,0.6365313449630543,True,True
nw4,2,C2 (Dune),6.0,3.4667526931200117,0.9499495364633704,0.03641387115054716,1.0530416030605373e-07,0.6361634379332646,True,True
nw4,2,C2 (Dune),6.1,3.467187896500051,0.9480950382582167,0.035799499005284494,1.1058299107911509e-07,0.6358063963342094,True,True
nw4,2,C2 (Dune),6.2,3.4675930055321165,0.9463202009821423,0.03520510029491128,1.1595633712963849e-07,0.6354597551589358,True,True
nw4,2,C2 (Dune),6.3,3.4679701111855037,0.9446204525505445,0.034629733404815524,1.214204143994599e-07,0.6351230749845949,True,True
nw4,2,C2 (Dune),6.4,3.4683211391298334,0.9429915454521286,0.03407251407430453,1.2697147325014572e-07,0.6347959402816827,True,True
nw4,2,C2 (Dune),6.5,3.468647864632538,0.941429529505251,0.033532611158238544,1.3260580615231545e-07,0.6344779578514006,True,True
nw4,2,C2 (Dune),6.6,3.4689519259452037,0.9399307272383486,0.03300924275384916,1.3831975444009073e-07,0.6341687553804116,True,True
nw4,2,C2 (Dune),6.7,3.469234836348286,0.9384917116104063,0.03250167265705936,1.4410971420238937e-07,0.6338679801032359,True,True
nw4,2,C2 (Dune),6.8,3.4694979950047067,0.9371092858218405,0.03200920711648489,1.4997214138108915e-07,0.6335752975633779,True,True
nw4,2,C2 (Dune),6.9,3.469742696751924,0.9357804649950574,0.031531191856721694,1.559035561416008e-07,0.6332903904650852,True,True
nw4,2,C2 (Dune),7.0,3.4699701409490187,0.9345024595302871,0.031067009345536113,1.619005465778642e-07,0.6330129576083392,True,True
nw4,2,C2 (Dune),7.1,3.470181439478683,0.9332726599641099,0.030616076282237087,1.6795977181043447e-07,0.6327427129003418,True,True
nw4,2,C2 (Dune),7.2,3.470377623995544,0.9320886231781985,0.03017784128687157,1.7407796453224306e-07,0.6324793844373473,True,True
nw4,2,C2 (Dune),7.3,3.470559652498056,0.9309480598227348,0.02975178277196651,1.8025193305321623e-07,0.6322227136512248,True,True
nw4,2,C2 (Dune),7.4,3.4707284152952136,0.929848822834009,0.029337406980402842,1.8647856289184317e-07,0.6319724545156327,True,True
nw4,2,C2 (Dune),7.5,3.4708847404296232,0.9287888969389979,0.028934246174647515,1.9275481795753354e-07,0.631728372807117,True,True
nw4,2,C2 (Dune),7.6,3.4710293986115914,0.9277663890514487,0.02854185696404055,1.990777413653136e-07,0.6314902454168606,True,True
nw4,2,C2 (Dune),7.7,3.4711631077144376,0.9267795194739354,0.028159818758139273,2.0544445591924566e-07,0.6312578597091659,True,True
nw4,2,C2 (Dune),7.8,3.471286536872539,0.9258266138299018,0.027787732335278974,2.118521643027537e-07,0.6310310129230905,True,True
nw4,2,C2 (Dune),7.9,3.4714003102231348,0.924906095657196,0.027425218516570773,2.1829814900374124e-07,0.6308095116139578,True,True
nw4,2,C2 (Dune),8.0,3.4715050103247593,0.924016479602027,0.027071916936457413,2.2477977200793818e-07,0.6305931711317352,True,True
nw4b,2,C2 (Dune),0.5,2.5638111848808816,2.7543487935627047,0.2726893183128712,2.1622503587298047e-12,0.7051008423526741,True,True
nw4b,2,C2 (Dune),0.6,2.710337517399682,2.5453140275401362,0.25673460705496004,2.0074208965765766e-12,0.7055457278691706,True,True
nw4b,2,C2 (Dune),0.7,2.836201267384802,2.3609553318030736,0.24081144256483564,2.3779891607446593e-12,0.7045304226595044,True,True
nw4b,2,C2 (Dune),0.8,2.9432645804687314,2.200262606198344,0.22547777499171134,3.3094087302784416e-12,0.7025397983485009,True,True
nw4b,2,C2 (Dune),0.9,3.0338631092647765,2.0611162654707953,0.21103948276919654,5.08473857452838e-12,0.6999338490309335,True,True
nw4b,2,C2 (Dune),1.0,3.1103724237959076,1.9409880274352205,0.19763557693817407,8.250806458026155e-12,0.6969703084356642,True,True
nw4b,2,C2 (Dune),1.1,3.174990595279583,1.8373356910691114,0.18530096830557544,1.3715635210216283e-11,0.6938286171210211,True,True
nw4b,2,C2 (Dune),1.2,3.229650219053805,1.7478009071473912,0.17400943464434482,2.2891112131103943e-11,0.6906306882483733,True,True
nw4b,2,C2 (Dune),1.3,3.2760009260965055,1.6702905560938759,0.16370159697644066,3.786578839386889e-11,0.6874572787976254,True,True
nw4b,2,C2 (Dune),1.4,3.315426407219256,1.6029943682885242,0.15430242837583302,6.159310523743578e-11,0.6843602388450094,True,True
nw4b,2,C2 (Dune),1.5,3.3490756267589923,1.5443705900490172,0.1457318065857485,9.807764634837457e-11,0.6813713951232911,True,True
nw4b,2,C2 (Dune),1.6,3.377897533313611,1.493117812588384,0.13791059771271763,1.5254073305181105e-10,0.6785088698362634,True,True
nw4b,2,C2 (Dune),1.7,3.402674116247379,1.448142719140783,0.13076394372865824,2.3154803515597917e-10,0.6757815194935441,True,True
nw4b,2,C2 (Dune),1.8,3.4240496760606836,1.4085286458697923,0.1242228426358731,3.4308569514551136e-10,0.6731920269911102,True,True
nw4b,2,C2 (Dune),1.9,3.442555731553907,1.3735071437590096,0.1182247143222003,4.965768897513854e-10,0.6707390421808879,True,True
nw4b,2,C2 (Dune),2.0,3.4586317281736654,1.3424332838268205,0.11271338554894782,7.028366917707759e-10,0.6684186557557305,True,True
nw4b,2,C2 (Dune),2.1,3.472642019793971,1.314764720647108,0.10763876085198112,9.739685746742141e-10,0.6662254083380592,True,True
nw4b,2,C2 (Dune),2.2,3.484889683676847,1.2900441967444416,0.1029563406929601,1.3232102540169701e-09,0.664152976502498,True,True
nw4b,2,C2 (Dune),2.3,3.495627711422336,1.2678850478514914,0.09862668224259379,1.764739462647122e-09,0.6621946347007421,True,True
nw4b,2,C2 (Dune),2.4,3.5050680583517586,1.247959252544213,0.09461485735055639,2.313451690831257e-09,0.6603435620133798,True,True
nw4b,2,C2 (Dune),2.5,3.5133889607260658,1.229987602680831,0.09088993727092676,2.9847220745472343e-09,0.6585930416813814,True,True
nw4b,2,C2 (Dune),2.6,3.520740859000307,1.213731623249313,0.0874245186418223,3.7941627815364185e-09,0.6569365867761978,True,True
nw4b,2,C2 (Dune),2.7,3.5272512019951905,1.1989869263654511,0.08419429631331277,4.757385750904988e-09,0.6553680152222929,True,True
nw4b,2,C2 (Dune),2.8,3.533028353215759,1.1855777370235396,0.08117768351914409,5.889778788755203e-09,0.6538814903310064,True,True
nw4b,2,C2 (Dune),2.9,3.5381647763497805,1.1733523748400443,0.07835547711665018,7.2063010558053985e-09,0.6524715380930716,True,True
nw4b,2,C2 (Dune),3.0,3.5427396411874046,1.1621795156975305,0.075710564252573,8.721302084789187e-09,0.6511330490524601,True,True
nw4b,2,C2 (Dune),3.1,3.546820962523503,1.151945090193323,0.07322766627684138,1.0448366754978419e-08,0.6498612701923909,True,True
nw4b,2,C2 (Dune),3.2,3.5504673617656857,1.1425497028681693,0.0708931156674272,1.2400187194670582e-08,0.6486517905913431,True,True
nw4b,2,C2 (Dune),3.3,3.5537295228497627,1.1339064782070043,0.06869466193026853,1.4588461405292852e-08,0.6475005234353474,True,True
nw4b,2,C2 (Dune),3.4,3.556651399705281,1.1259392572168925,0.06662130276769346,1.7023817499439817e-08,0.6464036861519216,True,True
nw4b,2,C2 (Dune),3.5,3.559271221141226,1.118581082755015,0.06466313718914042,1.9715761796829244e-08,0.6453577798559275,True,True
nw4b,2,C2 (Dune),3.6,3.5616223300049192,1.111772923354607,0.0628112376244208,2.2672648594773318e-08,0.6443595688952115,True,True
nw4b,2,C2 (Dune),3.7,3.563733886307885,1.1054625946194376,0.06105753846798155,2.5901669186021825e-08,0.6434060610030532,True,True
nw4b,2,C2 (Dune),3.8,3.5656314583177133,1.0996038447715746,0.05939473882042647,2.940885759996253e-08,0.642494488369272,True,True
nw4b,2,C2 (Dune),3.9,3.5673375210716656,1.0941555770013556,0.05781621749616403,3.319911055903089e-08,0.641622289807138,True,True
nw4b,2,C2 (Dune),4.0,3.568871878137693,1.089081186171261,0.056315958632865315,3.7276219240147925e-08,0.6407870941011453,True,True
nw4b,2,C2 (Dune),4.1,3.5702520195344087,1.084347991397364,0.05488848647111287,4.1642910586247857e-08,0.6399867045587193,True,True
nw4b,2,C2 (Dune),4.2,3.57149342638054,1.0799267492574487,0.05352880807410604,4.630089610337258e-08,0.6392190847480563,True,True
nw4b,2,C2 (Dune),4.3,3.572609830954718,1.0757912350007663,0.05223236293079048,5.125092628938946e-08,0.6384823453782682,True,True
nw4b,2,C2 (Dune),4.4,3.5736134393171595,1.071917881277754,0.0509949785347264,5.649284905717987e-08,0.637774732262299,True,True
nw4b,2,C2 (Dune),4.5,3.574515122403541,1.0682854656620124,0.049812831158548086,6.202567072952897e-08,0.6370946152945263,True,True
nw4b,2,C2 (Dune),4.6,3.575324580491431,1.0648748396768861,0.04868241115294967,6.784761838839348e-08,0.6364404783712789,True,True
nw4b,2,C2 (Dune),4.7,3.5760504851128987,1.0616686932236155,0.047600492192354224,7.39562025531854e-08,0.6358109101821048,True,True
nw4b,2,C2 (Dune),4.8,3.576700601812357,1.0586513492859866,0.04656410396910347,8.034827933806184e-08,0.6352045958013617,True,True
nw4b,2,C2 (Dune),4.9,3.5772818965907422,1.0558085845959213,0.04557050790609996,8.702011139756873e-08,0.6346203090127991,True,True
nw4b,2,C2 (Dune),5.0,3.5778006284207793,1.053127472615969,0.044617175516088924,9.396742710994514e-08,0.6340569053036669,True,True
nw4b,2,C2 (Dune),5.1,3.578262429838464,1.0505962457536633,0.04370176908564187,1.0118547757102328e-07,0.633513315469191,True,True
nw4b,2,C2 (Dune),5.2,3.5786723773019835,1.0482041741892578,0.042822124404625496,1.086690910794351e-07,0.6329885397726676,True,True
nw4b,2,C2 (Dune),5.3,3.579035052748625,1.0459414590884486,0.04197623529862571,1.164127248837824e-07,0.6324816426108435,True,True
nw4b,2,C2 (Dune),5.4,3.5793545975618812,1.0437991382992413,0.04116223975328345,1.244105140421017e-07,0.6319917476384933,True,True
nw4b,2,C2 (Dune),5.5,3.5796347599798537,1.041769002907452,0.04037840744661256,1.3265631730718503e-07,0.6315180333101542,True,True
nw4b,2,C2 (Dune),5.6,3.579878936822895,1.0398435232573082,0.03962312852871938,1.4114376000576156e-07,0.6310597288007619,True,True
nw4b,2,C2 (Dune),5.7,3.5800902102904764,1.0380157832399455,0.038894903508494436,1.498662739232214e-07,0.6306161102704494,True,True
nw4b,2,C2 (Dune),5.8,3.580271380469534,1.0362794218192608,0.03819233412426867,1.5881713424094034e-07,0.6301864974420076,True,True
nw4b,2,C2 (Dune),5.9,3.58042499410508,1.0346285809049274,0.03751411509050059,1.6798949360000516e-07,0.6297702504624749,True,True
nw4b,2,C2 (Dune),6.0,3.580553370106533,1.0330578588036166,0.03685902662563535,1.7737641338775718e-07,0.6293667670230285,True,True
nw4b,2,C2 (Dune),6.1,3.580658622198696,1.0315622685812675,0.0362259276776331,1.8697089235800548e-07,0.6289754797138106,True,True
nw4b,2,C2 (Dune),6.2,3.5807426790686616,1.030137200757371,0.0356137497735319,1.967658927087732e-07,0.628595853592557,True,True
nw4b,2,C2 (Dune),6.3,3.580807302314849,1.0287783898273284,0.03502149142803082,2.0675436374641403e-07,0.6282273839479083,True,True
nw4b,2,C2 (Dune),6.4,3.580854102461859,1.0274818841735098,0.03444821305356512,2.169292632732404e-07,0.6278695942401143,True,True
nw4b,2,C2 (Dune),6.5,3.5808845532710194,1.0262440189809958,0.03389303232093946,2.2728357683144715e-07,0.6275220342034892,True,True
nw4b,2,C2 (Dune),6.6,3.5809000045464696,1.0250613918224782,0.033355119925292685,2.3781033494477084e-07,0.6271842780964535,True,True
nw4b,2,C2 (Dune),6.7,3.5809016936114935,1.0239308406172938,0.03283369571724837,2.4850262848658166e-07,0.6268559230863511,True,True
nw4b,2,C2 (Dune),6.8,3.580890755606781,1.0228494237064836,0.03232802516348772,2.59353622310229e-07,0.626536587757422,True,True
nw4b,2,C2 (Dune),6.9,3.5808682327437626,1.0218144018157798,0.03183741610490927,2.703565672659931e-07,0.6262259107314105,True,True
nw4b,2,C2 (Dune),7.0,3.5808350826305033,1.020823221706439,0.03136121578393682,2.815048107280797e-07,0.6259235493912634,True,True
nw4b,2,C2 (Dune),7.1,3.5807921857720943,1.0198735013363536,0.03089880811558418,2.927918057465955e-07,0.6256291786992585,True,True
nw4b,2,C2 (Dune),7.2,3.58074035233546,1.0189630163755672,0.030449611179536394,3.042111189386512e-07,0.6253424901016971,True,True
nw4b,2,C2 (Dune),7.3,3.580680328258586,1.0180896879369377,0.030013074912889598,3.1575643721963417e-07,0.6250631905130177,True,True
nw4b,2,C2 (Dune),7.4,3.5806128007735394,1.0172515713994246,0.029588678985262507,3.274215734769218e-07,0.6247910013728311,True,True
nw4b,2,C2 (Dune),7.5,3.580538403405842,1.0164468462147243,0.029175930839870814,3.3920047127771e-07,0.6245256577699647,True,True
nw4b,2,C2 (Dune),7.6,3.5804577205041,1.015673806599935,0.028774363885796184,3.5108720869628473e-07,0.6242669076281329,True,True
nw4b,2,C2 (Dune),7.7,3.580371291348797,1.0149308530301442,0.028383535828137057,3.63076001346336e-07,0.6240145109483246,True,True
nw4b,2,C2 (Dune),7.8,3.580279613883648,1.014216484453223,0.02800302712406929,3.751612046875913e-07,0.6237682391034365,True,True
nw4b,2,C2 (Dune),7.9,3.580183148106584,1.0135292911584968,0.027632439553963682,3.873373156850187e-07,0.6235278741810635,True,True
nw4b,2,C2 (Dune),8.0,3.5800823191558364,1.0128679482370408,0.027271394897796473,3.995989738760681e-07,0.6232932083707177,True,True
nw5,3,C3 (Western Residual),0.5,2.407241315762138,3.3925097910962174,0.12442056482000437,0.00012362976707497677,0.71950252318431,True,True
nw5,3,C3 (Western Residual),0.6,2.484299049732156,3.3011839438080477,0.12816845856647446,4.00861472943937e-05,0.7256273480462536,True,True
nw5,3,C3 (Western Residual),0.7,2.566994563205935,3.203058417388788,0.12979311340362892,1.4474247069602913e-05,0.7310824362286164,True,True
nw5,3,C3 (Western Residual),0.8,2.6512929883289336,3.102942600987575,0.12965537618273432,5.912524688086563e-06,0.7358068353118021,True,True
nw5,3,C3 (Western Residual),0.9,2.734115742646374,3.004511206569892,0.12813569092108096,2.7444149872819237e-06,0.7398030527182261,True,True
nw5,3,C3 (Western Residual),1.0,2.813334243287455,2.910309565526928,0.1255900481833662,1.441617975904755e-06,0.7431161593387433,True,True
nw5,3,C3 (Western Residual),1.1,2.887637137170792,2.821910127389102,0.12232615803003649,8.487930552457806e-07,0.7458151377237354,True,True
nw5,3,C3 (Western Residual),1.2,2.956349410516067,2.7401268676941797,0.11859512848923837,5.531739253316836e-07,0.7479787264480036,True,True
nw5,3,C3 (Western Residual),1.3,3.019253762696823,2.665227489742449,0.11459295555666082,3.9369213842434e-07,0.7496859678843901,True,True
nw5,3,C3 (Western Residual),1.4,3.076439022347069,2.5971137617689797,0.11046708411331319,3.019528520142638e-07,0.7510106565248538,True,True
nw5,3,C3 (Western Residual),1.5,3.1281830481046438,2.535460992321411,0.10632480992376372,2.4655180767101557e-07,0.7520186046546259,True,True
nw5,3,C3 (Western Residual),1.6,3.174868187007098,2.479818839836904,0.10224164527204418,2.1201349114585467e-07,0.7527667405283125,True,True
nw5,3,C3 (Western Residual),1.7,3.2169235244462477,2.429680259052165,0.09826873556467144,1.902164002818391e-07,0.7533032859543991,True,True
nw5,3,C3 (Western Residual),1.8,3.254787443486486,2.3845262665056675,0.09443900780708611,1.7665490791860752e-07,0.7536684962807552,True,True
nw5,3,C3 (Western Residual),1.9,3.288884733123812,2.343853366003403,0.09077205198651782,1.6870429447416013e-07,0.7538956360386081,True,True
nw5,3,C3 (Western Residual),2.0,3.3196136732060255,2.307189071133101,0.08727788266903203,1.6476844266083276e-07,0.754011999198567,True,True
nw5,3,C3 (Western Residual),2.1,3.3473397045781974,2.274099561933644,0.08395977563485782,1.6383914026574223e-07,0.7540398722260424,True,True
nw5,3,C3 (Western Residual),2.2,3.3723932821833005,2.244192338013429,0.08081637186260407,1.6525748200995675e-07,0.7539973931416057,True,True
nw5,3,C3 (Western Residual),2.3,3.3950702674771467,2.217115828315259,0.07784321715165055,1.6857925305938954e-07,0.7538992916858649,True,True
nw5,3,C3 (Western Residual),2.4,3.4156337676859354,2.192557261690368,0.07503387538215903,1.7349612827283105e-07,0.7537575128748127,True,True
nw5,3,C3 (Western Residual),2.5,3.434316715377957,2.1702396426762203,0.07238072417319288,1.79788005741518e-07,0.7535817345222096,True,True
nw5,3,C3 (Western Residual),2.6,3.4513247447590407,2.149918363377597,0.06987551646448667,1.8729332262038738e-07,0.7533797924756837,True,True
nw5,3,C3 (Western Residual),2.7,3.466839096276285,2.1313777733106996,0.06750977104668048,1.9589009012488484e-07,0.7531580277054055,True,True
nw5,3,C3 (Western Residual),2.8,3.4810193954779103,2.1144278924681714,0.06527503901127771,2.054835034695225e-07,0.7529215683953852,True,True
nw5,3,C3 (Western Residual),2.9,3.4940062252013275,2.098901365418703,0.06316308081616114,2.1599769024442328e-07,0.7526745586177412,True,True
nw5,3,C3 (Western Residual),3.0,3.505923455804519,2.084650699597087,0.061165979425106,2.2737012481082838e-07,0.7524203434559645,True,True
nw5,3,C3 (Western Residual),3.1,3.51688032576297,2.071545797817463,0.059276208104557894,2.3954779614006076e-07,0.7521616188057648,True,True
nw5,3,C3 (Western Residual),3.2,3.5269732809017764,2.059471775853441,0.05748666638307712,2.524845502257713e-07,0.7519005526203908,True,True
nw5,3,C3 (Western Residual),3.3,3.5362875890693393,2.0483270456077736,0.05579069394888009,2.661392319809016e-07,0.7516388831130714,True,True
nw5,3,C3 (Western Residual),3.4,3.5448987509808108,2.038021639603028,0.054182069531772716,2.8047437881426804e-07,0.7513779983794698,True,True
nw5,3,C3 (Western Residual),3.5,3.5528737290837706,2.0284757510903217,0.052654999824887444,2.954552992646859e-07,0.7511190010387089,True,True
nw5,3,C3 (Western Residual),3.6,3.560272015801055,2.019618464593826,0.051204102052783994,3.1104942287169705e-07,0.7508627607876323,True,True
nw5,3,C3 (Western Residual),3.7,3.567146561123723,2.0113866532980813,0.04982438274035147,3.272258424310657e-07,0.7506099571939135,True,True
nw5,3,C3 (Western Residual),3.8,3.573544577724423,2.0037240217875962,0.04851121447460384,3.43954993336887e-07,0.7503611145958151,True,True
nw5,3,C3 (Western Residual),3.9,3.5795082398207096,1.9965802749265376,0.047260311900494054,3.6120843081596776e-07,0.7501166306091878,True,True
nw5,3,C3 (Western Residual),4.0,3.585075290099522,1.9899103959247304,0.046067707794859525,3.7895867703803894e-07,0.7498767994482709,True,True
nw5,3,C3 (Western Residual),4.1,3.5902795672113665,1.9836740187629218,0.044929729777737897,3.971791179288743e-07,0.749641831031586,True,True
nw5,3,C3 (Western Residual),4.2,3.595151464697887,1.9778348820936684,0.04384297801690784,4.1584393509307026e-07,0.7494118666559614,True,True
nw5,3,C3 (Western Residual),4.3,3.599718330746057,1.972360353472939,0.04280430413736136,4.3492806225559256e-07,0.7491869918710222,True,True
nw5,3,C3 (Western Residual),4.4,3.6040048168677545,1.9672210143106987,0.041810791446244173,4.5440715852264317e-07,0.7489672470656881,True,True
nw5,3,C3 (Western Residual),4.5,3.6080331824711243,1.962390297268822,0.04085973651369021,4.742575928765741e-07,0.7487526361813085,True,True
nw5,3,C3 (Western Residual),4.6,3.6118235613115584,1.9578441689958028,0.03994863210233475,4.944564358644734e-07,0.748543133888165,True,True
nw5,3,C3 (Western Residual),4.7,3.6153941949631117,1.9535608520906973,0.03907515140676926,5.149814555807154e-07,0.7483386914993606,True,True
nw5,3,C3 (Western Residual),4.8,3.6187616377267666,1.9495205810493874,0.03823713354422784,5.358111158801225e-07,0.7481392418455333,True,True
nw5,3,C3 (Western Residual),4.9,3.621940936766292,1.9457053876866246,0.03743257022599302,5.569245753826236e-07,0.7479447032929463,True,True
nw5,3,C3 (Western Residual),5.0,3.6249457907334595,1.9420989121589112,0.03665959353296924,5.783016862848211e-07,0.7477549830544088,True,True
nw5,3,C3 (Western Residual),5.1,3.6277886896832436,1.9386862362558643,0.035916464716818565,5.999229923330166e-07,0.7475699799156152,True,True
nw5,3,C3 (Western Residual),5.2,3.630481038693966,1.9354537360898396,0.035201563948693455,6.217697255606151e-07,0.7473895864776443,True,True
nw5,3,C3 (Western Residual),5.3,3.6330332672723458,1.9323889517100459,0.03451338094004787,6.438238015659553e-07,0.7472136909985652,True,True
nw5,3,C3 (Western Residual),5.4,3.635454926337422,1.9294804715060132,0.03385050636356546,6.660678132433348e-07,0.7470421789025616,True,True
nw5,3,C3 (Western Residual),5.5,3.6377547743361642,1.9267178295552516,0.03321162400646097,6.884850229629536e-07,0.746874934013092,True,True
nw5,3,C3 (Western Residual),5.6,3.639940853830252,1.9240914143177756,0.032595503592969595,7.110593532640686e-07,0.7467118395568626,True,True
nw5,3,C3 (Western Residual),5.7,3.642020559719835,1.9215923872943583,0.0320009942174736,7.337753761632021e-07,0.7465527789773744,True,True
nw5,3,C3 (Western Residual),5.8,3.644000700111174,1.9192126104464569,0.03142701833432515,7.566183012058365e-07,0.7463976365902212,True,True
nw5,3,C3 (Western Residual),5.9,3.6458875507066875,1.9169445813345916,0.03087256625485394,7.795739624041453e-07,0.7462462981068798,True,True
nw5,3,C3 (Western Residual),6.0,3.64768690348014,1.9147813750654454,0.030336691106263455,8.026288042114563e-07,0.746098651049245,True,True
nw5,3,C3 (Western Residual),6.1,3.6494041103029895,1.912716592255737,0.0298185042110939,8.257698666752194e-07,0.7459545850734497,True,True
nw5,3,C3 (Western Residual),6.2,3.651044122103084,1.910744312320852,0.0293171708495924,8.489847699260006e-07,0.7458139922184293,True,True
nw5,3,C3 (Western Residual),6.3,3.6526115240635857,1.9088590514824348,0.028831906370775665,8.722616981151566e-07,0.7456767670921401,True,True
nw5,3,C3 (Western Residual),6.4,3.654110567307341,1.907055724965658,0.02836197262104878,8.955893829623293e-07,0.7455428070062073,True,True
nw5,3,C3 (Western Residual),6.5,3.6555451974576814,1.9053296129204185,0.02790667466217161,9.189570869950373e-07,0.7454120120680201,True,True
nw5,3,C3 (Western Residual),6.6,3.656919080417932,1.9036763296581545,0.02746535775292755,9.423545866161654e-07,0.7452842852378068,True,True
nw5,3,C3 (Western Residual),6.7,3.6582356256713107,1.9020917958448949,0.027037404571267326,9.657721550759338e-07,0.7451595323569966,True,True
nw5,3,C3 (Western Residual),6.8,3.6594980073680747,1.9005722133334584,0.026622232655841148,9.89200545447226e-07,0.7450376621531442,True,True
nw5,3,C3 (Western Residual),6.9,3.6607091834335,1.8991140423555857,0.026219292047801886,1.0126309736762398e-06,0.744918586225829,True,True
nw5,3,C3 (Western Residual),7.0,3.6618719129044583,1.8977139808265364,0.025828063115543955,1.0360551017707553e-06,0.744802219017223,True,True
nw5,3,C3 (Western Residual),7.1,3.6629887716782497,1.8963689455438568,0.025448054546640862,1.0594650211909643e-06,0.7446884777704146,True,True
nw5,3,C3 (Western Residual),7.2,3.6640621668359716,1.8950760550863002,0.02507880149269926,1.0828532364892266e-06,0.7445772824780639,True,True
nw5,3,C3 (Western Residual),7.3,3.6650943496846065,1.8938326142409356,0.024719863854176384,1.1062126492403476e-06,0.7444685558235452,True,True
nw5,3,C3 (Western Residual),7.4,3.6660874276467847,1.8926360998056757,0.024370824693374184,1.1295365422989507e-06,0.7443622231163682,True,True
nw5,3,C3 (Western Residual),7.5,3.6670433751111178,1.8914841476310726,0.024031288764920347,1.1528185644092003e-06,0.744258212223371,True,True
nw5,3,C3 (Western Residual),7.6,3.667964043346106,1.8903745407805004,0.023700881153994616,1.1760527152030683e-06,0.7441564534969214,True,True
nw5,3,C3 (Western Residual),7.7,3.6688511695673887,1.8893051986999854,0.023379246013462987,1.1992333305864008e-06,0.7440568797011542,True,True
nw5,3,C3 (Western Residual),7.8,3.6697063852391656,1.8882741673016326,0.023066045391851427,1.2223550685398147e-06,0.7439594259370865,True,True
nw5,3,C3 (Western Residual),7.9,3.670531223683707,1.8872796098740787,0.022760958144822416,1.2454128953467019e-06,0.7438640295673093,True,True
nw5,3,C3 (Western Residual),8.0,3.6713271270621526,1.8863197987423552,0.02246367892346466,1.268402072247433e-06,0.7437706301408185,True,True
nw6,3,C3 (Western Residual),0.5,2.4259437471975818,3.0246525967428517,0.21925933574105538,2.143243802565618e-09,0.7181974818171519,True,True
nw6,3,C3 (Western Residual),0.6,2.577278531664578,2.85744819536691,0.21885368339279831,2.2871268872191746e-10,0.7306578504462822,True,True
nw6,3,C3 (Western Residual),0.7,2.7200005897158004,2.69567702792005,0.2143907698176669,3.813234956375264e-11,0.7402557221795574,True,True
nw6,3,C3 (Western Residual),0.8,2.8492557550490734,2.546025901408511,0.20720646882081395,9.851688979358347e-12,0.7472895472315946,True,True
nw6,3,C3 (Western Residual),0.9,2.963119589127025,2.411723530769724,0.19840778589803512,3.76104865672091e-12,0.7521823610236406,True,True
nw6,3,C3 (Western Residual),1.0,3.0616034874541165,2.2935864012085876,0.18882329660145414,1.9876779376151715e-12,0.7553723889707868,True,True
nw6,3,C3 (Western Residual),1.1,3.1458050470985617,2.1909793276637424,0.17902724248058663,1.35922162086911e-12,0.7572546052212422,True,True
nw6,3,C3 (Western Residual),1.2,3.217311626963426,2.102525063962111,0.1693917253513329,1.13136145711493e-12,0.7581583251168664,True,True
nw6,3,C3 (Western Residual),1.3,3.2778346343767457,2.0265618629723336,0.16014115375007754,1.0891241335356003e-12,0.7583453097891629,True,True
nw6,3,C3 (Western Residual),1.4,3.32901120656968,1.9614079171194514,0.1513980743120838,1.164265056902577e-12,0.7580173437475117,True,True
nw6,3,C3 (Western Residual),1.5,3.3723125041221858,1.9054971447562976,0.14321786114353963,1.3394588524370306e-12,0.7573268612683164,True,True
nw6,3,C3 (Western Residual),1.6,3.409013668816838,1.857436967262771,0.13561336702891721,1.619895080521855e-12,0.7563874397193227,True,True
nw6,3,C3 (Western Residual),1.7,3.4401962785302,1.8160224143070152,0.1285717249080634,2.0237897664066037e-12,0.7552828719418171,True,True
nw6,3,C3 (Western Residual),1.8,3.4667659163108233,1.7802278704688133,0.12206545253294823,2.5789836051841635e-12,0.7540744980316991,True,True
nw6,3,C3 (Western Residual),1.9,3.4894751871607737,1.749188862194384,0.11605960405834184,3.3216702095415038e-12,0.7528069071871609,True,True
nw6,3,C3 (Western Residual),2.0,3.508947185405678,1.722180682951399,0.11051625797307767,4.295861689530766e-12,0.7515122715786382,True,True
nw6,3,C3 (Western Residual),2.1,3.5256970832254186,1.6985973307067281,0.10539724752651257,5.553045294533845e-12,0.7502135953614231,True,True
nw6,3,C3 (Western Residual),2.2,3.5401509579885073,1.6779323479219705,0.10066575097743855,7.151802511190424e-12,0.7489271307198875,True,True
nw6,3,C3 (Western Residual),2.3,3.5526617153924667,1.6597621340372664,0.0962871537924203,9.157297795530232e-12,0.7476641664622338,True,True
nw6,3,C3 (Western Residual),2.4,3.5635223108624747,1.643731778721436,0.09222945405766411,1.1640609779913447e-11,0.7464323492778623,True,True
nw6,3,C3 (Western Residual),2.5,3.57297660664637,1.629543220668134,0.08846338770207626,1.4677912535438745e-11,0.7452366591154637,True,True
nw6,3,C3 (Western Residual),2.6,3.5812282301942466,1.6169454429004952,0.08496238737421569,1.8349533290817457e-11,0.7440801293793934,True,True
nw6,3,C3 (Western Residual),2.7,3.5884477774998684,1.6057263984579886,0.08170244760104392,2.2738922362313114e-11,0.7429643790561833,True,True
nw6,3,C3 (Western Residual),2.8,3.5947786631762058,1.5957063796302724,0.0786619419748191,2.7931574223331038e-11,0.7418900061870205,True,True
nw6,3,C3 (Western Residual),2.9,3.600341872350744,1.5867325779196255,0.0758214206852802,3.4013937665033036e-11,0.7408568789939569,True,True
nw6,3,C3 (Western Residual),3.0,3.605239825153692,1.5786746195168004,0.07316340548215813,4.107234932305369e-11,0.7398643513287209,True,True
nw6,3,C3 (Western Residual),3.1,3.6095595255360893,1.5714208969098007,0.07067219196742881,4.91920195788886e-11,0.7389114220515776,True,True
nw6,3,C3 (Western Residual),3.2,3.6133751331533546,1.5648755490637947,0.06833366456466186,5.845609383898125e-11,0.7379968527815317,True,True
nw6,3,C3 (Western Residual),3.3,3.616750069829162,1.5589559697677255,0.06613512666915432,6.89448060801864e-11,0.737119254678608,True,True
nw6,3,C3 (Western Residual),3.4,3.619738749998467,1.5535907463783873,0.06406514674268722,8.073473576829942e-11,0.7362771521485735,True,True
nw6,3,C3 (Western Residual),3.5,3.6223880067310024,1.5487179497768,0.062113420086214635,9.389817408547118e-11,0.7354690293260688,True,True
nw6,3,C3 (Western Residual),3.6,3.6247382706966818,1.5442837114691064,0.06027064544550655,1.0850260099477799e-10,0.7346933636942704,True,True
nw6,3,C3 (Western Residual),3.7,3.6268245480761676,1.5402410359891803,0.05852841531146149,1.2461027108147083e-10,0.7339486500931933,True,True
nw6,3,C3 (Western Residual),3.8,3.628677234373745,1.5365488066131197,0.05687911866005551,1.422779033226691e-10,0.7332334175495354,True,True
nw6,3,C3 (Western Residual),3.9,3.6303227938876796,1.5331709503245523,0.05531585486656772,1.6155646789542319e-10,0.7325462407522697,True,True
nw6,3,C3 (Western Residual),4.0,3.631784328852933,1.5300757343469535,0.05383235757991424,1.8249106174633125e-10,0.7318857475445057,True,True
nw6,3,C3 (Western Residual),4.1,3.633082057690806,1.527235171691331,0.05242292742703119,2.0512086381758963e-10,0.7312506234629461,True,True
nw6,3,C3 (Western Residual),4.2,3.6342337181398587,1.5246245173025295,0.05108237251638259,2.2947916045593707e-10,0.7306396141019277,True,True
nw6,3,C3 (Western Residual),4.3,3.6352549081071013,1.5222218397240017,0.04980595581287974,2.5559343152375093e-10,0.7300515258878109,True,True
nw6,3,C3 (Western Residual),4.4,3.63615937472333,1.5200076558992257,0.048589348557345105,2.8348548800036013e-10,0.7294852257053311,True,True
nw6,3,C3 (Western Residual),4.5,3.6369592601880583,1.5179646189144214,0.04742858899844765,3.1317165233520973e-10,0.7289396397086301,True,True
nw6,3,C3 (Western Residual),4.6,3.6376653114568027,1.516077250263471,0.04632004579208776,3.4466297341917176e-10,0.728413751567244,True,True
nw6,3,C3 (Western Residual),4.7,3.6382870595823555,1.514331709663141,0.04526038550177459,3.779654687362043e-10,0.7279066003348288,True,True
nw6,3,C3 (Western Residual),4.8,3.6388329735131166,1.5127155966279493,0.04424654370364538,4.130803869921398e-10,0.7274172780809415,True,True
nw6,3,C3 (Western Residual),4.9,3.6393105923298874,1.5112177789818815,0.04327569926185995,4.5000448526554785e-10,0.7269449273901556,True,True
nw6,3,C3 (Western Residual),5.0,3.6397266392316756,1.509828244278534,0.04234525139469768,4.887303154599423e-10,0.7264887388053783,True,True
nw6,3,C3 (Western Residual),5.1,3.6400871200296927,1.5085379707557571,0.04145279919956442,5.292465155389553e-10,0.7260479482714244,True,True
nw6,3,C3 (Western Residual),5.2,3.6403974084589414,1.5073388149907658,0.040596123346919116,5.715381016858506e-10,0.725621834619095,True,True
nw6,3,C3 (Western Residual),5.3,3.6406623202408896,1.5062234138693853,0.039773169689597,6.155867581416513e-10,0.7252097171180376,True,True
nw6,3,C3 (Western Residual),5.4,3.640886177525151,1.505185098854118,0.03898203456575866,6.613711220261855e-10,0.7248109531176079,True,True
nw6,3,C3 (Western Residual),5.5,3.6410728650816346,1.5042178208452444,0.03822095160131875,7.088670609568061e-10,0.7244249357881531,True,True
nw6,3,C3 (Western Residual),5.6,3.641225879402237,1.5033160841869042,0.03748827984175242,7.580479417104636e-10,0.7240510919700263,True,True
nw6,3,C3 (Western Residual),5.7,3.641348371694158,1.5024748885862556,0.036782493064077396,8.088848885781796e-10,0.7236888801338667,True,True
nw6,3,C3 (Western Residual),5.8,3.6414431856000857,1.5016896778951148,0.03610217013800907,8.613470303976493e-10,0.7233377884528844,True,True
nw6,3,C3 (Western Residual),5.9,3.641512890354389,1.5009562948556021,0.03544598632112278,9.154017355470597e-10,0.722997332985878,True,True
nw6,3,C3 (Western Residual),6.0,3.641559809982887,1.5002709410403443,0.03481270538666409,9.710148344333692e-10,0.7226670559682744,True,True
nw6,3,C3 (Western Residual),6.1,3.6415860490641014,1.4996301413257112,0.03420117249468563,1.0281508292133483e-09,0.7223465242074929,True,True
nw6,3,C3 (Western Residual),6.2,3.6415935154971244,1.4990307123295945,0.033610307727665795,1.0867730906997157e-09,0.7220353275782785,True,True
nw6,3,C3 (Western Residual),6.3,3.6415839406579673,1.4984697343224163,0.03303910022099132,1.1468440424922563e-09,0.7217330776132507,True,True
nw6,3,C3 (Western Residual),6.4,3.6415588972738564,1.4979445261874185,0.03248660282665923,1.2083253325569323e-09,0.7214394061837035,True,True
nw6,3,C3 (Western Residual),6.5,3.6415198152983566,1.4974526230626395,0.031951927255617546,1.271177992529792e-09,0.7211539642656215,True,True
nw6,3,C3 (Western Residual),6.6,3.641467996033861,1.496991756345474,0.03143423965031142,1.3353625851282461e-09,0.7208764207859029,True,True
nw6,3,C3 (Western Residual),6.7,3.641404624713397,1.496559835782638,0.030932756544419,1.4008393400728126e-09,0.720606461543899,True,True
nw6,3,C3 (Western Residual),6.8,3.641330781726704,1.4961549334039512,0.03044674117150272,1.467568279017967e-09,0.7203437882035206,True,True
nw6,3,C3 (Western Residual),6.9,3.6412474526498047,1.4957752690886885,0.02997550008849678,1.535509329979969e-09,0.7200881173513668,True,True
nw6,3,C3 (Western Residual),7.0,3.6411555372201443,1.495419197580322,0.029518380083637358,1.6046224317697712e-09,0.7198391796165348,True,True
nw6,3,C3 (Western Residual),7.1,3.6410558573766205,1.4950851967880798,0.029074765341687004,1.6748676289887936e-09,0.7195967188480048,True,True
nw6,3,C3 (Western Residual),7.2,3.6409491644731276,1.494771857233303,0.02864407484218377,1.7462051580934658e-09,0.719360491345715,True,True
nw6,3,C3 (Western Residual),7.3,3.640836145757836,1.4944778725162369,0.028225759968984243,1.8185955250833624e-09,0.7191302651416812,True,True
nw6,3,C3 (Western Residual),7.4,3.640717430200268,1.494202030693342,0.027819302311627294,1.891999575313907e-09,0.7189058193277356,True,True
nw6,3,C3 (Western Residual),7.5,3.640593593739169,1.493943206468483,0.02742421164102801,1.966378555958338e-09,0.7186869434266833,True,True
nw6,3,C3 (Western Residual),7.6,3.640465164012025,1.4937003541124292,0.027040024043802312,2.041694171602635e-09,0.7184734368038868,True,True
nw6,3,C3 (Western Residual),7.7,3.6403326246251497,1.4934725010351833,0.026666300201075632,2.117908633470452e-09,0.718265108116487,True,True
nw6,3,C3 (Western Residual),7.8,3.640196419010552,1.4932587419440477,0.026302623799058553,2.1949847027019574e-09,0.7180617747976638,True,True
nw6,3,C3 (Western Residual),7.9,3.6400569539152468,1.49305823352814,0.025948600059897048,2.27288572816046e-09,0.7178632625735211,True,True
nw6,3,C3 (Western Residual),8.0,3.639914602560189,1.4928701896163576,0.025603854382436377,2.3515756791595142e-09,0.7176694050103467,True,True
nw7,3,C3 (Western Residual),0.5,2.343416893917181,3.049683399834577,0.002600617278747115,0.925304154647047,0.7178285005260492,True,False
nw7,3,C3 (Western Residual),0.6,2.28141715132718,3.1118652988591657,0.014384924174156075,0.6171283392026953,0.7185327009489808,True,False
nw7,3,C3 (Western Residual),0.7,2.228782127610369,3.162471212968269,0.027575301741162375,0.3516088761892489,0.7203286480044836,True,False
nw7,3,C3 (Western Residual),0.8,2.1906713816818177,3.1960420918971844,0.041605903325404564,0.1677201364600495,0.7233137373642929,True,False
nw7,3,C3 (Western Residual),0.9,2.171496062982856,3.2081275240973377,0.05567667450388111,0.0668967541097838,0.7274522972565378,True,False
nw7,3,C3 (Western Residual),1.0,2.1737959275875083,3.196475051484342,0.06887483795728974,0.02283466708975416,0.7325537613147105,True,True
nw7,3,C3 (Western Residual),1.1,2.197491109447082,3.1617537360873804,0.08035629799387176,0.0069896368249101086,0.7382959039731112,True,True
nw7,3,C3 (Western Residual),1.2,2.2398853857718986,3.107432176916659,0.08951821132304211,0.0020416003332387202,0.744289932418887,True,True
nw7,3,C3 (Western Residual),1.3,2.2964245529149636,3.038854722326799,0.09609292208379755,0.0006072534237897213,0.7501614033066926,True,True
nw7,3,C3 (Western Residual),1.4,2.361835149704241,2.9619583282352338,0.10013734522374525,0.00019449453996166918,0.7556146884023804,True,True
nw7,3,C3 (Western Residual),1.5,2.4311652758451134,2.882153432486203,0.10194492419918999,6.976231316382814e-05,0.7604624382464357,True,True
nw7,3,C3 (Western Residual),1.6,2.5004306469892024,2.803669874683848,0.10193177418632804,2.8612590327876774e-05,0.7646216057394937,True,True
nw7,3,C3 (Western Residual),1.7,2.5668299823109626,2.7293796979333425,0.10053910305575783,1.3485835803309914e-05,0.7680897000448037,True,True
nw7,3,C3 (Western Residual),1.8,2.6286570319269975,2.6609401103130965,0.09817008239210233,7.258375469021726e-06,0.770915758030311,True,True
nw7,3,C3 (Western Residual),1.9,2.6850690016910703,2.5990763936986703,0.09515996157657691,4.403672941827074e-06,0.7731751837044928,True,True
nw7,3,C3 (Western Residual),2.0,2.73582915113897,2.5438780381762505,0.09176958633023319,2.964230019573856e-06,0.7749518362894501,True,True
nw7,3,C3 (Western Residual),2.1,2.781084896992084,2.495045765706683,0.08819186605358045,2.1780401375847856e-06,0.7763271222510464,True,True
nw7,3,C3 (Western Residual),2.2,2.821201135994784,2.452072358851563,0.08456352197395124,1.7205925973892665e-06,0.7773743928786263,True,True
nw7,3,C3 (Western Residual),2.3,2.856646249698562,2.4143632565166393,0.08097761292347647,1.4418439052928693e-06,0.778156801440745,True,True
nw7,3,C3 (Western Residual),2.4,2.887919857966527,2.3813107765909365,0.07749469380112925,1.2671180627354518e-06,0.7787271560183614,True,True
nw7,3,C3 (Western Residual),2.5,2.9155103759042253,2.352335999171359,0.07415188146436279,1.1567478484227918e-06,0.7791287771517402,True,True
nw7,3,C3 (Western Residual),2.6,2.939872388770317,2.3269096285801414,0.07096982433326131,1.088418111767766e-06,0.7793967585957194,True,True
nw7,3,C3 (Western Residual),2.7,2.9614164801254197,2.3045599782751336,0.06795787003549253,1.048923288187421e-06,0.7795592991108364,True,True
nw7,3,C3 (Western Residual),2.8,2.980506473533627,2.2848735358909136,0.06511780139309914,1.030089023508547e-06,0.7796389415658246,True,True
nw7,3,C3 (Western Residual),2.9,2.997460814325486,2.267491580742726,0.06244648687307928,1.0266466074443438e-06,0.7796536527149361,True,True
nw7,3,C3 (Western Residual),3.0,3.0125560522023007,2.2521049681542786,0.059937732211144235,1.0350727858676786e-06,0.77961772887343,True,True
nw7,3,C3 (Western Residual),3.1,3.026031203588614,2.2384483116988463,0.057583555950702664,1.0529299806293199e-06,0.7795425378439731,True,True
nw7,3,C3 (Western Residual),3.2,3.038092294769231,2.2262942412774427,0.0553750554424612,1.0784771758097491e-06,0.7794371177032436,True,True
nw7,3,C3 (Western Residual),3.3,3.0489167099252144,2.2154480796939406,0.053302984835590365,1.1104329041814587e-06,0.7793086555531594,True,True
nw7,3,C3 (Western Residual),3.4,3.058657162310096,2.2057430838861607,0.051358132325926356,1.1478266838772466e-06,0.7791628681260833,True,True
nw7,3,C3 (Western Residual),3.5,3.067445219661491,2.1970362864177186,0.04953155863579441,1.189903494535712e-06,0.7790043034072911,True,True
nw7,3,C3 (Western Residual),3.6,3.075394377741012,2.1892049142203707,0.04781474039531447,1.236060945347809e-06,0.77883657932966,True,True
nw7,3,C3 (Western Residual),3.7,3.0826027085300782,2.1821433335575344,0.046199649014951535,1.2858070953536933e-06,0.7786625726387739,True,True
nw7,3,C3 (Western Residual),3.8,3.089155124520159,2.175760459636711,0.04467878637125132,1.338731610494244e-06,0.7784845684377808,True,True
nw7,3,C3 (Western Residual),3.9,3.095125305355504,2.1699775683110563,0.04324519209822778,1.3944857043626065e-06,0.7783043787557122,True,True
nw7,3,C3 (Western Residual),4.0,3.10057733242976,2.1647264511954822,0.0418924326949004,1.452767966646601e-06,0.7781234367204314,True,True
nw7,3,C3 (Western Residual),4.1,3.105567073639745,2.1599478615710677,0.04061457945340684,1.5133142007981223e-06,0.7779428715074193,True,True
nw7,3,C3 (Western Residual),4.2,3.1101433559404903,2.1555902051516855,0.03940617997432521,1.5758900307508855e-06,0.7777635681199913,True,True
nw7,3,C3 (Western Residual),4.3,3.1143489585102166,2.1516084363347305,0.03826222647758282,1.6402854448361385e-06,0.777586215179876,True,True
nw7,3,C3 (Western Residual),4.4,3.1182214546899294,2.1479631265612547,0.03717812303537923,1.7063107108842335e-06,0.777411343221012,True,True
nw7,3,C3 (Western Residual),4.5,3.1217939266332304,2.144619676717589,0.036149653104939665,1.7737932724699983e-06,0.7772393554436613,True,True
nw7,3,C3 (Western Residual),4.6,3.1250955728717607,2.1415476500898523,0.03517294822357347,1.842575354380109e-06,0.777070552467874,True,True
nw7,3,C3 (Western Residual),4.7,3.128152225777881,2.1387202062780317,0.03424445837609444,1.9125120858032515e-06,0.7769051522990418,True,True
nw7,3,C3 (Western Residual),4.8,3.1309867931594106,2.136113619752438,0.03336092430601787,1.983470005103891e-06,0.776743306463354,True,True
nw7,3,C3 (Western Residual),4.9,3.1336196358999,2.1337068694754096,0.03251935188251226,2.055325848596248e-06,0.7765851130715025,True,True
nw7,3,C3 (Western Residual),5.0,3.136068891610059,2.13148128828938,0.0317169885306929,2.1279655528248434e-06,0.7764306274126044,True,True
nw7,3,C3 (Western Residual),5.1,3.1383507526280603,2.129420262664225,0.030951301666503967,2.201283419066698e-06,0.7762798705574542,True,True
nw7,3,C3 (Western Residual),5.2,3.1404797053460234,2.127508974963319,0.030219959037248192,2.2751814025005278e-06,0.7761328363534515,True,True
nw7,3,C3 (Western Residual),5.3,3.1424687367120563,2.1257341816843205,0.029520810846464286,2.3495684983793617e-06,0.7759894971171496,True,True
nw7,3,C3 (Western Residual),5.4,3.144329512813564,2.12408402220518,0.028851873531515478,2.4243602046477478e-06,0.7758498082698815,True,True
nw7,3,C3 (Western Residual),5.5,3.146072533664432,2.1225478534549254,0.02821131505979568,2.4994780457039494e-06,0.775713712113912,True,True
nw7,3,C3 (Western Residual),5.6,3.1477072676671094,2.1211161066664825,0.027597441612157953,2.5748491457823147e-06,0.7755811409083394,True,True
nw7,3,C3 (Western Residual),5.7,3.149242268676641,2.1197801629810105,0.027008685528001338,2.650405843223978e-06,0.7754520193734762,True,True
nw7,3,C3 (Western Residual),5.8,3.1506852781380412,2.1185322451824207,0.026443594394085067,2.7260853390010722e-06,0.7753262667280245,True,True
nw7,3,C3 (Western Residual),5.9,3.15204331439236,2.1173653232644933,0.025900821167712147,2.801829374348652e-06,0.7752037983437774,True,True
nw7,3,C3 (Western Residual),6.0,3.1533227509261783,2.116273031886974,0.02537911523376408,2.8775839335341443e-06,0.7750845270868211,True,True
nw7,3,C3 (Western Residual),6.1,3.154529385074543,2.115249598072528,0.024877314303849048,2.9532989686108457e-06,0.7749683644015034,True,True
nw7,3,C3 (Western Residual),6.2,3.1556684984641006,2.114289777744303,0.024394337074241712,3.028928143676124e-06,0.7748552211831613,True,True
nw7,3,C3 (Western Residual),6.3,3.15674491029403,2.113388799911279,0.023929176567255166,3.104428596569034e-06,0.7747450084772689,True,True
nw7,3,C3 (Western Residual),6.4,3.1577630243931787,2.112542317483933,0.023480894088038027,3.179760716421071e-06,0.7746376380359046,True,True
nw7,3,C3 (Western Residual),6.5,3.1587268708603373,2.111746363849517,0.02304861373562263,3.2548879355864953e-06,0.7745330227569269,True,True
nw7,3,C3 (Western Residual),6.6,3.1596401429774676,2.110997314461422,0.02263151741320486,3.329776534860321e-06,0.7744310770267503,True,True
nw7,3,C3 (Western Residual),6.7,3.1605062299921136,2.1102918528011427,0.02222884028828665,3.4043954609408164e-06,0.7743317169839419,True,True
nw7,3,C3 (Western Residual),6.8,3.1613282462822037,2.1096269401622516,0.021839866658392326,3.4787161552415497e-06,0.7742348607178435,True,True
nw7,3,C3 (Western Residual),6.9,3.1621090573463766,2.1089997887802783,0.021463926182625926,3.5527123933101e-06,0.7741404284139538,True,True
nw7,3,C3 (Western Residual),7.0,3.162851303005306,2.1084078378978868,0.02110039044346094,3.62636013414406e-06,0.7740483424557711,True,True
nw7,3,C3 (Western Residual),7.1,3.1635574181452712,2.107848732409356,0.020748669806837726,3.6996373787325814e-06,0.7739585274911237,True,True
nw7,3,C3 (Western Residual),7.2,3.164229651295646,2.10732030377626,0.02040821055191737,3.77252403732798e-06,0.7738709104696303,True,True
nw7,3,C3 (Western Residual),7.3,3.1648700812906556,2.1068205529454547,0.020078492244821482,3.845001804825725e-06,0.7737854206567933,True,True
nw7,3,C3 (Western Residual),7.4,3.1654806322375206,2.10634763503652,0.019759025333294558,3.917054043804034e-06,0.773701989629282,True,True
nw7,3,C3 (Western Residual),7.5,3.166063086980805,2.1058998455944535,0.019449348941583344,3.988665674784137e-06,0.7736205512551788,True,True
nw7,3,C3 (Western Residual),7.6,3.1666190992332,2.1054756082300847,0.019149028846946015,4.059823073217354e-06,0.7735410416623107,True,True
nw7,3,C3 (Western Residual),7.7,3.1671502045194115,2.1050734634920785,0.01885765562105371,4.130513972869268e-06,0.7734633991972552,True,True
nw7,3,C3 (Western Residual),7.8,3.1676578300635034,2.1046920588339946,0.018574842921252884,4.2007273751441415e-06,0.7733875643771504,True,True
nw7,3,C3 (Western Residual),7.9,3.168143303732328,2.1043301395565948,0.018300225918124687,4.270453464076541e-06,0.7733134798360776,True,True
nw7,3,C3 (Western Residual),8.0,3.1686078621378293,2.1039865406197062,0.0180334598471461,4.3396835265900236e-06,0.7732410902674649,True,True
nw9,5,C5 (Coastal Forest),0.5,1.5067545640019104,2.5733782691033316,0.12709524660436777,0.0018093402360386866,0.6574415272695806,True,True
nw9,5,C5 (Coastal Forest),0.6,1.5502959737843567,2.5351666970396254,0.1484484229110432,0.00015765658421511132,0.6731993515356375,True,True
nw9,5,C5 (Coastal Forest),0.7,1.6302694392531338,2.4488733584072646,0.162455759208667,1.3338793948750804e-05,0.688677201094968,True,True
nw9,5,C5 (Coastal Forest),0.8,1.7321850631282496,2.3319519863452696,0.16942590317641276,1.333356014678582e-06,0.7025909573539209,True,True
nw9,5,C5 (Coastal Forest),0.9,1.8424745289849898,2.2013922451341523,0.1706589464594978,1.793253089090368e-07,0.7142781440918138,True,True
nw9,5,C5 (Coastal Forest),1.0,1.9511963800085503,2.0700686894054074,0.16777464149892093,3.427274573900744e-08,0.7236096787979105,True,True
nw9,5,C5 (Coastal Forest),1.1,2.0524256232420215,1.9459845927937864,0.16225511658200925,9.2724116328113e-09,0.730784616367475,True,True
nw9,5,C5 (Coastal Forest),1.2,2.143410876908318,1.8331536646074111,0.15525383143855698,3.4192995719903346e-09,0.7361438375218685,True,True
nw9,5,C5 (Coastal Forest),1.3,2.2234638973502006,1.7329126491954083,0.14758007996104014,1.6326806194896834e-09,0.7400507278463091,True,True
nw9,5,C5 (Coastal Forest),1.4,2.2930462121988078,1.6450480094239497,0.13975990815666803,9.5843957974933e-10,0.7428323769721918,True,True
nw9,5,C5 (Coastal Forest),1.5,2.35315690188089,1.5685740592768376,0.13211283515232858,6.60582426402035e-10,0.7447593315600302,True,True
nw9,5,C5 (Coastal Forest),1.6,2.404972077823147,1.5022048365330853,0.12481839247097941,5.14558707462152e-10,0.7460450797138285,True,True
nw9,5,C5 (Coastal Forest),1.7,2.449654549526013,1.4446125620548123,0.11796587065478385,4.3948818125838103e-10,0.7468535856427638,True,True
nw9,5,C5 (Coastal Forest),1.8,2.4882658113575684,1.3945544281151183,0.11158870480015853,4.0206020266857623e-10,0.7473088523597625,True,True
nw9,5,C5 (Coastal Forest),1.9,2.5217345867734924,1.3509245452816612,0.1056871450374477,3.8700013422278563e-10,0.7475038834868384,True,True
nw9,5,C5 (Coastal Forest),2.0,2.550854236457736,1.3127662801376445,0.10024273515663591,3.866764524446359e-10,0.7475081564722099,True,True
nw9,5,C5 (Coastal Forest),2.1,2.576293405629939,1.2792653385262556,0.09522733299726766,3.970052118664691e-10,0.7473735046877479,True,True
nw9,5,C5 (Coastal Forest),2.2,2.5986115860364345,1.2497347392673606,0.09060859927633587,4.1567534988710243e-10,0.7471386049307708,True,True
nw9,5,C5 (Coastal Forest),2.3,2.6182754249926634,1.2235974664946823,0.08635324569228833,4.413156069456475e-10,0.7468323429571242,True,True
nw9,5,C5 (Coastal Forest),2.4,2.6356738771329673,1.200369605299503,0.08242888234586707,4.730761431856621e-10,0.7464763152446667,True,True
nw9,5,C5 (Coastal Forest),2.5,2.6511314759356,1.1796451648201065,0.07880500157586273,5.104061595436634e-10,0.7460866815361672,True,True
nw9,5,C5 (Coastal Forest),2.6,2.6649195875995355,1.1610829693420601,0.0754534376821667,5.529300165220195e-10,0.7456755357168703,True,True
nw9,5,C5 (Coastal Forest),2.7,2.6772657771664887,1.1443955986430443,0.07234851527628947,6.003755687977663e-10,0.7452519216309152,True,True
nw9,5,C5 (Coastal Forest),2.8,2.688361519805655,1.1293401847168738,0.06946701854734859,6.52531500382631e-10,0.7448225877769716,True,True
nw9,5,C5 (Coastal Forest),2.9,2.6983685121721264,1.115710813389128,0.06678806297641617,7.092214277711863e-10,0.7443925499166757,True,True
nw9,5,C5 (Coastal Forest),3.0,2.707423823717275,1.103332276869289,0.06429291915110956,7.702880343285659e-10,0.7439655121000062,True,True
nw9,5,C5 (Coastal Forest),3.1,2.715644098370258,1.0920549456233584,0.06196481838465413,8.355833754380117e-10,0.7435441830126954,True,True
nw9,5,C5 (Coastal Forest),3.2,2.7231289842492976,1.0817505590285372,0.05978875742041237,9.049630620494036e-10,0.7431305146401185,True,True
nw9,5,C5 (Coastal Forest),3.3,2.729963938091694,1.0723087662432178,0.05775131181671597,9.78282917942279e-10,0.7427258830403928,True,True
nw9,5,C5 (Coastal Forest),3.4,2.73622252391458,1.0636342780843449,0.05584046289900659,1.0553972262336272e-09,0.7423312257874837,True,True
nw9,5,C5 (Coastal Forest),3.5,2.7419683025099317,1.0556445161715984,0.0540454403274625,1.1361579954318652e-09,0.7419471468383234,True,True
nw9,5,C5 (Coastal Forest),3.6,2.747256389521752,1.0482676669880036,0.05235658065853038,1.2204148714379248e-09,0.741573996800597,True,True
nw9,5,C5 (Coastal Forest),3.7,2.7521347445517454,1.0414410661268523,0.05076520133627614,1.3080154472867779e-09,0.741211934544429,True,True
nw9,5,C5 (Coastal Forest),3.8,2.7566452414310767,1.0351098523380462,0.04926348905532153,1.3988058044985183e-09,0.7408609746064709,True,True
nw9,5,C5 (Coastal Forest),3.9,2.7608245599442798,1.029225842578474,0.04784440121553342,1.4926311746404147e-09,0.7405210237313486,True,True
nw9,5,C5 (Coastal Forest),4.0,2.7647049314247676,1.0237465886003672,0.046501579128963064,1.5893366468254055e-09,0.7401919090770257,True,True
nw9,5,C5 (Coastal Forest),4.1,2.7683147643683306,1.0186345831050712,0.04522927167260157,1.6887678723374302e-09,0.739873400000887,True,True
nw9,5,C5 (Coastal Forest),4.2,2.7716791712034112,1.013856589505072,0.04402226816340441,1.7907717351560993e-09,0.7395652248869582,True,True
nw9,5,C5 (Coastal Forest),4.3,2.774820413357446,1.0093830741684695,0.04287583933837615,1.895196969393982e-09,0.7392670841315119,True,True
nw9,5,C5 (Coastal Forest),4.4,2.777758278558065,1.005187723905545,0.041785685436587464,2.0018947131151495e-09,0.7389786601451206,True,True
nw9,5,C5 (Coastal Forest),4.5,2.780510401738859,1.0012470345867814,0.04074789049261372,2.1107189938389566e-09,0.738699625032594,True,True
nw9,5,C5 (Coastal Forest),4.6,2.78309253885603,0.9975399593090719,0.039758882057043726,2.221527145008923e-09,0.7384296464624445,True,True
nw9,5,C5 (Coastal Forest),4.7,2.7855188012555887,0.9940476065718298,0.0388153956569611,2.334180155331944e-09,0.7381683921229407,True,True
nw9,5,C5 (Coastal Forest),4.8,2.787801856884929,0.9907529805848312,0.03791444339670071,2.4485429545943936e-09,0.7379155330738136,True,True
nw9,5,C5 (Coastal Forest),4.9,2.7899531035497427,0.9876407571801326,0.03705328617675144,2.5644846405704496e-09,0.737670746234846,True,True
nw9,5,C5 (Coastal Forest),5.0,2.791982818527683,0.9846970899030366,0.03622940907688772,2.681878652166464e-09,0.7374337162000959,True,True
nw9,5,C5 (Coastal Forest),5.1,2.7939002881254362,0.9819094417593183,0.035440499509235834,2.8006028941600843e-09,0.73720413652578,True,True
nw9,5,C5 (Coastal Forest),5.2,2.7957139201703103,0.9792664388370407,0.03468442779884355,2.920539818870771e-09,0.7369817106081056,True,True
nw9,5,C5 (Coastal Forest),5.3,2.797431341940533,0.9767577426311502,0.03395922989434478,3.0415764698816432e-09,0.7367661522425744,True,True
nw9,5,C5 (Coastal Forest),5.4,2.7990594856353503,0.9743739384032073,0.033263091950255876,3.1636044927073858e-09,0.7365571859368643,True,True
nw9,5,C5 (Coastal Forest),5.5,2.8006046631540125,0.972106437325575,0.032594336556156386,3.286520116910258e-09,0.7363545470341584,True,True
nw9,5,C5 (Coastal Forest),5.6,2.802072631677252,0.9699473905068275,0.03195141041711943,3.410224113839163e-09,0.7361579816917854,True,True
nw9,5,C5 (Coastal Forest),5.7,2.803468651315482,0.9678896132831971,0.03133287331492565,3.534621733769358e-09,0.735967246750574,True,True
nw9,5,C5 (Coastal Forest),5.8,2.804797535897396,0.9659265184030499,0.03073738820135293,3.6596226258340138e-09,0.7357821095228363,True,True
nw9,5,C5 (Coastal Forest),5.9,2.8060636978122986,0.964052056933034,0.030163712293636843,3.785140743823435e-09,0.7356023475209731,True,True
nw9,5,C5 (Coastal Forest),6.0,2.8072711876860192,0.9622606658847622,0.029610689058481496,3.9110942405109625e-09,0.7354277481439899,True,True
nw9,5,C5 (Coastal Forest),6.1,2.808423729557907,0.960547221703868,0.029077240985095416,4.037405352935044e-09,0.7352581083354892,True,True
nw9,5,C5 (Coastal Forest),6.2,2.809524752130539,0.9589069988843427,0.02856236305995298,4.1640002806997895e-09,0.735093234223732,True,True
nw9,5,C5 (Coastal Forest),6.3,2.8105774165846156,0.9573356330730061,0.028065116866596497,4.290809059120424e-09,0.7349329407520093,True,True
nw9,5,C5 (Coastal Forest),6.4,2.8115846413824683,0.9558290881162967,0.027584625243006342,4.417765428812436e-09,0.7347770513056894,True,True
nw9,5,C5 (Coastal Forest),6.5,2.8125491244270266,0.9543836265751978,0.027120067437105596,4.544806703045931e-09,0.7346253973408122,True,True
nw9,5,C5 (Coastal Forest),6.6,2.813473362892859,0.9529957832972733,0.026670674707944812,4.67187363407089e-09,0.7344778180179254,True,True
nw9,5,C5 (Coastal Forest),6.7,2.8143596710041674,0.9516623416886042,0.02623572632621835,4.798910279393166e-09,0.734334159843905,True,True
nw9,5,C5 (Coastal Forest),6.8,2.8152101959991453,0.950380312374765,0.025814545933102732,4.925863868804281e-09,0.7341942763237708,True,True
nw9,5,C5 (Coastal Forest),6.9,2.81602693248914,0.9491469139794751,0.025406498221057953,5.05268467291146e-09,0.7340580276239079,True,True
nw9,5,C5 (Coastal Forest),7.0,2.816811735393789,0.9479595557837742,0.025010985904331873,5.179325873706885e-09,0.7339252802476471,True,True
nw9,5,C5 (Coastal Forest),7.1,2.8175663316118644,0.9468158220580657,0.024627446950487998,5.3057434376814e-09,0.7337959067237906,True,True
nw9,5,C5 (Coastal Forest),7.2,2.8182923305666625,0.9457134578847327,0.02425535204743265,5.431895991849877e-09,0.7336697853083856,True,True
nw9,5,C5 (Coastal Forest),7.3,2.818991233748667,0.9446503563109523,0.023894202283191713,5.557744702953557e-09,0.7335467996998292,True,True
nw9,5,C5 (Coastal Forest),7.4,2.819664443362869,0.9436245466909703,0.023543527018121686,5.683253160184482e-09,0.7334268387672177,True,True
nw9,5,C5 (Coastal Forest),7.5,2.820313270175416,0.9426341840928063,0.023202881931419127,5.808387261430593e-09,0.7333097962917268,True,True
nw9,5,C5 (Coastal Forest),7.6,2.8209389406435084,0.9416775396599605,0.02287184722566736,5.93311510335818e-09,0.7331955707207134,True,True
nw9,5,C5 (Coastal Forest),7.7,2.8215426034024356,0.9407529918301991,0.022550025974878474,6.057406875249148e-09,0.7330840649341613,True,True
nw9,5,C5 (Coastal Forest),7.8,2.8221253351753526,0.9398590183255189,0.022237042602959965,6.181234756739019e-09,0.7329751860230413,True,True
nw9,5,C5 (Coastal Forest),7.9,2.822688146163116,0.9389941888362806,0.02193254148087455,6.304572819392749e-09,0.7328688450791303,True,True
nw9,5,C5 (Coastal Forest),8.0,2.8232319849673173,0.9381571583316339,0.021636185631932252,6.42739693218954e-09,0.732764956995807,True,True
nw10,4,C4 (Main Forest),0.5,2.713111982824433,3.6502988445149462,0.02900273128128306,0.27612755406717254,0.7558437757337313,True,False
nw10,4,C4 (Main Forest),0.6,2.70016996475218,3.655544194842215,0.03649793927879932,0.16874634409112532,0.7576284802942792,True,False
nw10,4,C4 (Main Forest),0.7,2.698863596177685,3.6476294008932815,0.043427735287931285,0.09806429226931358,0.7597357384163487,True,False
nw10,4,C4 (Main Forest),0.8,2.7086959445949264,3.627425999128363,0.04959000766203212,0.05495587496009732,0.7620811427736208,True,False
nw10,4,C4 (Main Forest),0.9,2.728502642479313,3.596515733746146,0.054847736794663586,0.030178659581801628,0.7645719793035479,True,True
nw10,4,C4 (Main Forest),1.0,2.756650967642017,3.5569440464975486,0.059134926656310566,0.016504925512910905,0.7671176175336001,True,True
nw10,4,C4 (Main Forest),1.1,2.791272984135513,3.5109481137708736,0.062451326017807035,0.009124205410475664,0.7696378622362314,True,True
nw10,4,C4 (Main Forest),1.2,2.830481163851287,3.460716521496843,0.06484935760730594,0.005161718895890137,0.7720681212053265,True,True
nw10,4,C4 (Main Forest),1.3,2.87253272073567,3.4082150496890087,0.06641761601087204,0.0030160039450133217,0.7743613021460909,True,True
nw10,4,C4 (Main Forest),1.4,2.915930725074883,3.355087703409362,0.06726470094228107,0.0018313737258250909,0.7764871027202314,True,True
nw10,4,C4 (Main Forest),1.5,2.959467240977885,3.3026234457810437,0.06750577335756436,0.0011595259900656853,0.7784296639303488,True,True
nw10,4,C4 (Main Forest),1.6,3.0022228450660684,3.2517701201164724,0.06725279895080456,0.0007662885934150395,0.7801845037678463,True,True
nw10,4,C4 (Main Forest),1.7,3.043538868593463,3.203176096875136,0.06660840201657733,0.0005282080470183503,0.7817554080095016,True,True
nw10,4,C4 (Main Forest),1.8,3.0829763486463104,3.1572437718205224,0.065662690713757,0.00037903863396608834,0.7831516785477575,True,True
nw10,4,C4 (Main Forest),1.9,3.1202716614436268,3.1141840894248336,0.06449223740985348,0.00028239762402096276,0.7843859121705122,True,True
nw10,4,C4 (Main Forest),2.0,3.155294883279061,3.0740658933928824,0.06316045282826363,0.00021776745204538656,0.7854723314373306,True,True
nw10,4,C4 (Main Forest),2.1,3.188013867164761,3.036857352703918,0.061718749730083455,0.00017324857412183143,0.7864256071759345,True,True
nw10,4,C4 (Main Forest),2.2,3.218464983672497,3.0024589140357376,0.06020806723709959,0.00014174077916155186,0.787260079391879,True,True
nw10,4,C4 (Main Forest),2.3,3.2467302925362045,2.970728438564791,0.05866047912218843,0.0001188873678182661,0.7879892802094246,True,True
nw10,4,C4 (Main Forest),2.4,3.2729203384078893,2.9414997096530917,0.057100724791667834,0.00010194190691425076,0.7886256739020172,True,True
nw10,4,C4 (Main Forest),2.5,3.2971615717893736,2.9145956193853344,0.05554758130154931,8.912797114244133e-05,0.7891805456743205,True,True
nw10,4,C4 (Main Forest),2.6,3.319587414575585,2.8898372504577345,0.054015045493260985,7.926833753171788e-05,0.789663987488255,True,True
nw10,4,C4 (Main Forest),2.7,3.340332107250558,2.867049888298645,0.05251332515592366,7.156493392736447e-05,0.7900849435790486,True,True
nw10,4,C4 (Main Forest),2.8,3.359526625547356,2.8460667961593753,0.051049653908208766,6.546512966069137e-05,0.7904512897019244,True,True
nw10,4,C4 (Main Forest),2.9,3.3772961032853384,2.826731398078275,0.04962895145906605,6.057862903218686e-05,0.790769928711148,True,True
nw10,4,C4 (Main Forest),3.0,3.393758329187726,2.8088983552074085,0.048254352686133026,5.662469142725881e-05,0.791046891251226,True,True
nw10,4,C4 (Main Forest),3.1,3.409022993614169,2.7924338929131514,0.04692762794103712,5.339792060591402e-05,0.7912874346564414,True,True
nw10,4,C4 (Main Forest),3.2,3.423191446680363,2.777215636866331,0.04564951462647,5.074565928216868e-05,0.7914961360855826,True,True
nw10,4,C4 (Main Forest),3.3,3.4363567949662004,2.763132141503342,0.044419977256237614,4.855277924296942e-05,0.7916769778533047,True,True
nw10,4,C4 (Main Forest),3.4,3.448604213458478,2.750082238898723,0.043238410381580814,4.673127195418709e-05,0.7918334241574513,True,True
nw10,4,C4 (Main Forest),3.5,3.4600113859617707,2.7379742958138635,0.04210379618040045,4.521300990492367e-05,0.7919684891634938,True,True
nw10,4,C4 (Main Forest),3.6,3.4706490139291737,2.726725437771475,0.041014826256191836,4.394463690895058e-05,0.7920847968507755,True,True
nw10,4,C4 (Main Forest),3.7,3.4805813529464764,2.7162607785049273,0.03996999529822565,4.28839101676225e-05,0.792184633260722,True,True
nw10,4,C4 (Main Forest),3.8,3.489866749879002,2.706512678776559,0.03896767269206796,4.1997046848816904e-05,0.7922699918901566,True,True
nw10,4,C4 (Main Forest),3.9,3.4985581634193967,2.6974200486395263,0.03800615690081961,4.1256775334069706e-05,0.7923426129942074,True,True
nw10,4,C4 (Main Forest),4.0,3.5067036575768205,2.6889277004714693,0.03708371641819208,4.064088723229933e-05,0.7924040175367181,True,True
nw10,4,C4 (Main Forest),4.1,3.5143468623307292,2.680985755607227,0.0361986202821086,4.0131149629019684e-05,0.7924555364734505,True,True
nw10,4,C4 (Main Forest),4.2,3.5215273988524762,2.6735491044745254,0.035349160493566234,3.97124794779969e-05,0.7924983359886065,True,True
nw10,4,C4 (Main Forest),4.3,3.5282812688028113,2.666576918308568,0.034533668177113716,3.937231083840451e-05,0.7925334392368756,True,True
nw10,4,C4 (Main Forest),4.4,3.5346412085700196,2.660032209446552,0.03375052491921139,3.9100105442707505e-05,0.792561745076406,True,True
nw10,4,C4 (Main Forest),4.5,3.5406370101416913,2.6538814366386982,0.03299817040640643,3.8886970834140984e-05,0.7925840442156148,True,True
nw10,4,C4 (Main Forest),4.6,3.546295810775802,2.648094151586563,0.03227510723878381,3.872535997974382e-05,0.7926010331399471,True,True
nw10,4,C4 (Main Forest),4.7,3.551642353858873,2.6426426829141323,0.031579903600950726,3.860883313520939e-05,0.792613326134053,True,True
nw10,4,C4 (Main Forest),4.8,3.556699223404949,2.6375018539090975,0.03091119432157129,3.8531867667728045e-05,0.7926214656703137,True,True
nw10,4,C4 (Main Forest),4.9,3.561487054602976,2.6326487305848256,0.030267680734059617,3.8489705115900784e-05,0.7926259313958617,True,True
nw10,4,C4 (Main Forest),5.0,3.5660247227155777,2.6280623968690957,0.029648129658391205,3.847822737898491e-05,0.7926271479166989,True,True
nw10,4,C4 (Main Forest),5.1,3.570329512485341,2.6237237539984135,0.02905137175151931,3.8493855855024884e-05,0.79262549154867,True,True
nw10,4,C4 (Main Forest),5.2,3.574417270041296,2.6196153414706194,0.02847629941721834,3.8533468781047304e-05,0.7926212961803281,True,True
nw10,4,C4 (Main Forest),5.3,3.578302539128466,2.6157211771730204,0.027921864421845223,3.859433310412521e-05,0.792614858371601,True,True
nw10,4,C4 (Main Forest),5.4,3.5819986833146196,2.612026614551568,0.027387075327931228,3.867404802322244e-05,0.7926064417941464,True,True
nw10,4,C4 (Main Forest),5.5,3.58551799566747,2.6085182149173645,0.026870994830467725,3.877049796060472e-05,0.7925962811039282,True,True
nw10,4,C4 (Main Forest),5.6,3.588871797243617,2.605183633196736,0.026372737059707906,3.888181319400025e-05,0.7925845853234716,True,True
nw10,4,C4 (Main Forest),5.7,3.5920705255907386,2.6020115156209886,0.02589146489788701,3.900633674666283e-05,0.7925715408001318,True,True
nw10,4,C4 (Main Forest),5.8,3.5951238143366524,2.598991408023595,0.025426387344536307,3.9142596415031774e-05,0.7925573137972277,True,True
nw10,4,C4 (Main Forest),5.9,3.598040564821975,2.596113673564524,0.024976756955179834,3.928928103561738e-05,0.7925420527668386,True,True
nw10,4,C4 (Main Forest),6.0,3.6008290106283445,2.5933694188375527,0.024541867370593377,3.944522026572906e-05,0.7925258903461756,True,True
nw10,4,C4 (Main Forest),6.1,3.603496775762027,2.590750427437067,0.02412105094793856,3.9609367290362295e-05,0.7925089451135903,True,True
nw10,4,C4 (Main Forest),6.2,3.6060509271652315,2.5882491001674532,0.023713676500598656,3.9780783976452904e-05,0.7924913231352747,True,True
nw10,4,C4 (Main Forest),6.3,3.6084980221565575,2.585858401172252,0.02331914715016662,3.995862808212848e-05,0.7924731193294394,True,True
nw10,4,C4 (Main Forest),6.4,3.6108441513317953,2.5835718093443774,0.022936898291451888,4.0142142199211386e-05,0.7924544186711021,True,True
nw10,4,C4 (Main Forest),6.5,3.613094977400059,2.5813832744506,0.022566395669518735,4.033064416217786e-05,0.79243529725749,True,True
nw10,4,C4 (Main Forest),6.6,3.615255770376271,2.579287177469684,0.022207133566355362,4.052351870329189e-05,0.7924158232513834,True,True
nw10,4,C4 (Main Forest),6.7,3.617331439503886,2.5772782946997728,0.021858633093809452,4.0720210170219833e-05,0.7923960577174223,True,True
nw10,4,C4 (Main Forest),6.8,3.6193265622433377,2.5753517652410625,0.021520440588753124,4.092021615236134e-05,0.7923760553644238,True,True
nw10,4,C4 (Main Forest),6.9,3.621245410621016,2.5735030615040646,0.021192126106000932,4.1123081887265475e-05,0.7923558652050573,True,True
nw10,4,C4 (Main Forest),7.0,3.623091975205094,2.571727962432983,0.020873282004251613,4.132839533871463e-05,0.792335531142756,True,True
nw10,4,C4 (Main Forest),7.1,3.624869986944841,2.5700225291679253,0.02056352162021112,4.153578285476297e-05,0.792315092494484,True,True
nw10,4,C4 (Main Forest),7.2,3.6265829370817224,2.5683830829001355,0.020262478026038217,4.174490532819702e-05,0.7922945844568781,True,True
nw10,4,C4 (Main Forest),7.3,3.6282340953235837,2.5668061847017,0.019969802865312344,4.195545479352224e-05,0.7922740385223488,True,True
nw10,4,C4 (Main Forest),7.4,3.6298265264478804,2.565288617133932,0.019685165262856744,4.216715140385065e-05,0.7922534828508941,True,True
nw10,4,C4 (Main Forest),7.5,3.631363105486444,2.563827367461017,0.019408250803887625,4.237974073990529e-05,0.7922329426026807,True,True
nw10,4,C4 (Main Forest),7.6,3.6328465316247893,2.562419612312434,0.019138760578163938,4.259299140932259e-05,0.7922124402358228,True,True
nw10,4,C4 (Main Forest),7.7,3.634279340938442,2.5610627036558533,0.01887641028498777,4.280669290139493e-05,0.7921919957732549,True,True
nw10,4,C4 (Main Forest),7.8,3.635663918074555,2.5597541559551766,0.01862092939514851,4.302065366566642e-05,0.7921716270421303,True,True
nw10,4,C4 (Main Forest),7.9,3.6370025069754823,2.5584916344025586,0.018372060366079468,4.3234699388750086e-05,0.7921513498887617,True,True
nw10,4,C4 (Main Forest),8.0,3.6382972207322606,2.5572729441242217,0.018129557906745274,4.344867144553587e-05,0.7921311783717752,True,True
nw11,3,C3 (Western Residual),0.5,2.716166979683047,4.213273754469352,0.16785829926603607,4.537357413413412e-06,0.7421934492802373,True,True
nw11,3,C3 (Western Residual),0.6,2.8140838745924075,4.10247502405592,0.17482080976211745,6.544988308907154e-07,0.751944028031128,True,True
nw11,3,C3 (Western Residual),0.7,2.9239349074237566,3.9749551818337725,0.17877945099616283,1.0431146735098295e-07,0.7608954817948126,True,True
nw11,3,C3 (Western Residual),0.8,3.0397248728348742,3.8382237531462575,0.18017687092781698,1.915214780301863e-08,0.7688991055728551,True,True
nw11,3,C3 (Western Residual),0.9,3.1566251794456335,3.698439061131742,0.1795014153258654,4.155531269909918e-09,0.7759031452612251,True,True
nw11,3,C3 (Western Residual),1.0,3.2710620525402088,3.5602523407461852,0.1772262411882243,1.0772375552657052e-09,0.7819269331446758,True,True
nw11,3,C3 (Western Residual),1.1,3.3806079649321736,3.426906914216432,0.17377324231994873,3.3346348525948756e-10,0.7870354481783468,True,True
nw11,3,C3 (Western Residual),1.2,3.483778680466508,3.3004666583552957,0.1694971928575409,1.2221082470064444e-10,0.7913183703841904,True,True
nw11,3,C3 (Western Residual),1.3,3.5798087217377743,3.1820816010126007,0.16468358340471803,5.2312270427046276e-11,0.7948748423969012,True,True
nw11,3,C3 (Western Residual),1.4,3.6684464382631674,3.072236694570108,0.1595542651380184,2.5736245124930642e-11,0.7978034920111329,True,True
nw11,3,C3 (Western Residual),1.5,3.749786005743022,2.9709595435742493,0.15427661073426013,1.4309831767202402e-11,0.8001965918992935,True,True
nw11,3,C3 (Western Residual),1.6,3.8241391983890027,2.8779814550291674,0.14897350137074145,8.846470807401553e-12,0.8021371470604045,True,True
nw11,3,C3 (Western Residual),1.7,3.891942611287109,2.792855741932781,0.1437326813304868,5.988986801974833e-12,0.803697885660504,True,True
nw11,3,C3 (Western Residual),1.8,3.9536934640910797,2.715040922000717,0.1386148356449942,4.3796818696761146e-12,0.8049413887137189,True,True
nw11,3,C3 (Western Residual),1.9,4.009907026413271,2.6439569598523383,0.1336602228807508,3.4182508302527584e-12,0.805920834255444,True,True
nw11,3,C3 (Western Residual),2.0,4.061089676707754,2.579021749622069,0.12889394139042024,2.817734813336431e-12,0.8066810197825313,True,True
nw11,3,C3 (Western Residual),2.1,4.1077228718174705,2.51967361597974,0.12433001273722144,2.431322856155768e-12,0.8072594606926569,True,True
nw11,3,C3 (Western Residual),2.2,4.15025450016757,2.465384210244239,0.11997449334392711,2.1793488978755083e-12,0.8076874517727493,True,True
nw11,3,C3 (Western Residual),2.3,4.189095082465853,2.4156649887627264,0.1158278141138134,2.0163263690528615e-12,0.8079910352763686,True,True
nw11,3,C3 (Western Residual),2.4,4.224617047660498,2.370069528236677,0.11188652052843437,1.9151228599094404e-12,0.80819185312053,True,True
nw11,3,C3 (Western Residual),2.5,4.257155874606889,2.3281932365377487,0.10814455459362952,1.858938128072547e-12,0.8083078800618153,True,True
nw11,3,C3 (Western Residual),2.6,4.287012291617705,2.2896715146865443,0.10459419073043613,1.837035572030415e-12,0.8083540448749625,True,True
nw11,3,C3 (Western Residual),2.7,4.314455006291476,2.2541770709472626,0.10122671256658228,1.842370275637912e-12,0.8083427512113746,True,True
nw11,3,C3 (Western Residual),2.8,4.3397236298974,2.2214168423448077,0.09803289707227802,1.8702186645579508e-12,0.8082843113011211,True,True
nw11,3,C3 (Western Residual),2.9,4.363031589872211,2.1911288114132574,0.0950033562746402,1.9173586022430148e-12,0.8081873054304616,True,True
nw11,3,C3 (Western Residual),3.0,4.384568909726053,2.163078893398236,0.09212877424197052,1.9815630544425496e-12,0.808058879048533,True,True
nw11,3,C3 (Western Residual),3.1,4.404504791560754,2.1370579945653527,0.0894000674602135,2.0612783063795264e-12,0.8079049879363845,True,True
nw11,3,C3 (Western Residual),3.2,4.422989972114477,2.1128792937006162,0.0868084894954664,2.155414077138007e-12,0.8077306003883863,True,True
nw11,3,C3 (Western Residual),3.3,4.440158845447865,2.0903757679215476,0.08434569541312345,2.263203352248262e-12,0.8075398639543899,True,True
nw11,3,C3 (Western Residual),3.4,4.456131358650749,2.0693979647382923,0.08200377737482585,2.384106757790147e-12,0.8073362430362112,True,True
nw11,3,C3 (Western Residual),3.5,4.471014694386549,2.04981201093044,0.0797752798209186,2.5177460595227435e-12,0.8071226325450632,True,True
nw11,3,C3 (Western Residual),3.6,4.484904757787078,2.0314978425357872,0.07765320040899867,2.6638571219981465e-12,0.8069014519049031,True,True
nw11,3,C3 (Western Residual),3.7,4.497887486560673,2.014347637254651,0.07563098122129977,2.822256134505247e-12,0.8066747229162562,True,True
nw11,3,C3 (Western Residual),3.8,4.510040003099576,1.9982644296406096,0.07370249352689319,2.9928150535762004e-12,0.8064441343573554,True,True
nw11,3,C3 (Western Residual),3.9,4.521431626472213,1.9831608897646795,0.07186201847805072,3.175443562003321e-12,0.8062110956750317,True,True
nw11,3,C3 (Western Residual),4.0,4.532124760847516,1.968958247073135,0.070104225451079,3.3700757113972342e-12,0.8059767816884977,True,True
nw11,3,C3 (Western Residual),4.1,4.542175675371589,1.9555853425689587,0.0684241492489161,3.576659982489466e-12,0.8057421698787129,True,True
nw11,3,C3 (Western Residual),4.2,4.551635188947561,1.9429777940102013,0.06681716702041182,3.795151874310188e-12,0.8055080715504234,True,True
nw11,3,C3 (Western Residual),4.3,4.56054927185261,1.9310772604055209,0.06527897548542369,4.025508388343964e-12,0.8052751579213968,True,True
nw11,3,C3 (Western Residual),4.4,4.568959574706726,1.9198307936139893,0.06380556886078868,4.267683948554514e-12,0.8050439820040003,True,True
nw11,3,C3 (Western Residual),4.5,4.576903894013399,1.9091902662815938,0.062393217741128715,4.521627419984576e-12,0.8048149969900167,True,True
nw11,3,C3 (Western Residual),4.6,4.58441658232668,1.899111866647489,0.06103844908660811,4.787279974606894e-12,0.8045885717238306,True,True
nw11,3,C3 (Western Residual),4.7,4.59152891006777,1.889555651924359,0.05973802739685604,5.06457361480591e-12,0.8043650037464807,True,True
nw11,3,C3 (Western Residual),4.8,4.598269385099125,1.88048515299886,0.058488937098792215,5.353430209517058e-12,0.8041445303091865,True,True
nw11,3,C3 (Western Residual),4.9,4.604664035370357,1.8718670241195459,0.05728836614030356,5.653760931025023e-12,0.8039273376862925,True,True
nw11,3,C3 (Western Residual),5.0,4.610736659249622,1.8636707320482009,0.05613369075747264,5.965466004998469e-12,0.8037135690612769,True,True
nw11,3,C3 (Western Residual),5.1,4.616509047552006,1.855868279858557,0.05502246136725367,6.288434704772543e-12,0.8035033312132223,True,True
nw11,3,C3 (Western Residual),5.2,4.622001180749281,1.8484339611837797,0.053952389527746586,6.622545535162885e-12,0.8032967001930978,True,True
nw11,3,C3 (Western Residual),5.3,4.627231404390584,1.8413441412517306,0.05292133590290173,6.967666561994073e-12,0.8030937261478177,True,True
nw11,3,C3 (Western Residual),5.4,4.632216585370462,1.8345770615143593,0.051927299166273186,7.323655852114087e-12,0.8028944374241266,True,True
nw11,3,C3 (Western Residual),5.5,4.636972251338758,1.828112665083359,0.050968405778411954,7.690361995403401e-12,0.802698844062907,True,True
nw11,3,C3 (Western Residual),5.6,4.641512715252197,1.8219324405371746,0.05004290057395145,8.067624685750332e-12,0.8025069407767049,True,True
nw11,3,C3 (Western Residual),5.7,4.6458511868128065,1.8160192819697438,0.049149138096886216,8.45527534236358e-12,0.8023187094884902,True,True
nw11,3,C3 (Western Residual),5.8,4.649999872316856,1.8103573634176349,0.04828557462563317,8.853137756062432e-12,0.802134121497351,True,True
nw11,3,C3 (Western Residual),5.9,4.653970064246634,1.8049320260327273,0.0474507608328668,9.261028748487571e-12,0.8019531393265531,True,True
nw11,3,C3 (Western Residual),6.0,4.6577722217719,1.79972967656816,0.04664333502871769,9.678758834127178e-12,0.8017757183008103,True,True
nw11,3,C3 (Western Residual),6.1,4.6614160431830935,1.7947376959200163,0.04586201693953746,1.0106132877362668e-11,0.8016018078924194,True,True
nw11,3,C3 (Western Residual),6.2,4.664910531154508,1.7899443566186026,0.04510560197798527,1.054295073802733e-11,0.8014313528698904,True,True
nw11,3,C3 (Western Residual),6.3,4.6682640516256555,1.7853387482960097,0.04437295596360703,1.0989007900676343e-11,0.8012642942776214,True,True
nw11,3,C3 (Western Residual),6.4,4.671484386995423,1.7809107102714847,0.043663010256355925,1.144409608352974e-11,0.8011005702709079,True,True
nw11,3,C3 (Western Residual),6.5,4.674578784241096,1.7766507704976184,0.042974757268558574,1.1908003824285782e-11,0.8009401168269756,True,True
nw11,3,C3 (Western Residual),6.6,4.67755399850134,1.7725500901973348,0.042307246323716755,1.238051704048657e-11,0.8007828683496788,True,True
nw11,3,C3 (Western Residual),6.7,4.680416332600792,1.7686004136002702,0.04165957983319014,1.2861419563197024e-11,0.8006287581829353,True,True
nw11,3,C3 (Western Residual),6.8,4.683171672938407,1.7647940222528966,0.041030909764297796,1.3350493642695205e-11,0.8004777190457891,True,True
nw11,3,C3 (Western Residual),6.9,4.685825522113108,1.7611236934372498,0.04042043437562942,1.384752042587831e-11,0.8003296834001353,True,True
nw11,3,C3 (Western Residual),7.0,4.688383028618652,1.7575826622848307,0.03982739519745969,1.4352280405140204e-11,0.8001845837605664,True,True
nw11,3,C3 (Western Residual),7.1,4.690849013902941,1.7541645872172347,0.039251074237082975,1.4864553838812312e-11,0.8000423529544632,True,True
nw11,3,C3 (Western Residual),7.2,4.693227997052782,1.750863518386901,0.03869079139061742,1.5384121143684375e-11,0.7999029243393007,True,True
nw11,3,C3 (Western Residual),7.3,4.695524217338615,1.7476738688247029,0.03814590204446268,1.59107632599023e-11,0.7997662319831715,True,True
nw11,3,C3 (Western Residual),7.4,4.697741654827048,1.7445903880348133,0.03761579485101944,1.644426198935964e-11,0.7996322108136872,True,True
nw11,3,C3 (Western Residual),7.5,4.69988404924689,1.7416081378027077,0.03709988966464879,1.6984400307960676e-11,0.7995007967397061,True,True
nw11,3,C3 (Western Residual),7.6,4.701954917274982,1.7387224700085437,0.03659763562502827,1.7530962653179173e-11,0.7993719267497209,True,True
nw11,3,C3 (Western Residual),7.7,4.703957568390333,1.735929006258475,0.03610850937620408,1.8083735187479482e-11,0.7992455389902162,True,True
nw11,3,C3 (Western Residual),7.8,4.705895119430737,1.733223619166277,0.035632013410612756,1.864250603883504e-11,0.7991215728268483,True,True
nw11,3,C3 (Western Residual),7.9,4.707770507969809,1.7306024151351476,0.035167674528280055,1.9207065519533427e-11,0.7989999688909176,True,True
nw11,3,C3 (Western Residual),8.0,4.709586504623697,1.728061718503723,0.03471504240223519,1.977720632414737e-11,0.7988806691132624,True,True
nw13,3,C3 (Western Residual),0.5,2.7755570192122967,4.346807002811119,0.24272185481597452,5.765064129342862e-10,0.7572003614947667,True,True
nw13,3,C3 (Western Residual),0.6,2.9323918339788912,4.163227464345207,0.24439164801546137,4.4015088666861883e-11,0.7695209085308838,True,True
nw13,3,C3 (Western Residual),0.7,3.0911398208379213,3.971028315045258,0.24275311131767338,4.372865625857933e-12,0.7800701677139863,True,True
nw13,3,C3 (Western Residual),0.8,3.24596063517172,3.778775638166942,0.23864654024523654,5.808871439347638e-13,0.788910315443373,True,True
nw13,3,C3 (Western Residual),0.9,3.393052303484599,3.5924039315522025,0.23280578922660172,1.0353829547187312e-13,0.79618968322387,True,True
nw13,3,C3 (Western Residual),1.0,3.5302469606753433,3.4156424785176,0.22582953516597115,2.4430769159749357e-14,0.8020968955906159,True,True
nw13,3,C3 (Western Residual),1.1,3.6565734917514874,3.250537663822075,0.2181820343013901,7.450108887394706e-15,0.8068296373416287,True,True
nw13,3,C3 (Western Residual),1.2,3.7718735005944226,3.097940790174617,0.2102090140676352,2.8513931570726514e-15,0.8105760193436327,True,True
nw13,3,C3 (Western Residual),1.3,3.8765008463329726,2.9579067683906173,0.20215898944900637,1.3282695049284808e-15,0.8135051270113647,True,True
nw13,3,C3 (Western Residual),1.4,3.971103989543489,2.829994047701239,0.19420450695454614,7.311119046705148e-16,0.8157635233725955,True,True
nw13,3,C3 (Western Residual),1.5,4.05647734096365,2.713477335853928,0.18646076291103758,4.627727386205228e-16,0.8174752329489607,True,True
nw13,3,C3 (Western Residual),1.6,4.13346487222401,2.607491496601406,0.17900078779547823,3.2886811375822565e-16,0.8187435276508859,True,True
nw13,3,C3 (Western Residual),1.7,4.2029009202072025,2.511124732685066,0.1718672814564356,2.5701692627360173e-16,0.8196534725464257,True,True
nw13,3,C3 (Western Residual),1.8,4.265576275096942,2.4234761213593874,0.1650815599511841,2.1705700894259678e-16,0.8202746350569642,True,True
nw13,3,C3 (Western Residual),1.9,4.322220811547601,2.343688983106003,0.15865017286901464,1.952031084248801e-16,0.8206636472868519,True,True
nw13,3,C3 (Western Residual),2.0,4.373496552500285,2.270968369794705,0.15256971760223748,1.8467897285538535e-16,0.8208664829337571,True,True
nw13,3,C3 (Western Residual),2.1,4.4199970421157015,2.2045884354054004,0.14683029520836646,1.8197600366505854e-16,0.8209204068720661,True,True
nw13,3,C3 (Western Residual),2.2,4.462250323677139,2.143893587880468,0.14141796164846768,1.8522894316753543e-16,0.8208556058305327,True,True
nw13,3,C3 (Western Residual),2.3,4.500723795255244,2.0882959993632237,0.13631644583499575,1.934578421308717e-16,0.8206965317869988,True,True
nw13,3,C3 (Western Residual),2.4,4.535829870418629,2.0372711422221084,0.13150833789123006,2.0619129261827758e-16,0.820462997822818,True,True
nw13,3,C3 (Western Residual),2.5,4.567931800388488,1.9903524049108183,0.12697589765044243,2.23268424041116e-16,0.820171066440741,True,True
nw13,3,C3 (Western Residual),2.6,4.597349289995858,1.9471254352990393,0.12270159285122836,2.447294450212344e-16,0.8198337669115539,True,True
nw13,3,C3 (Western Residual),2.7,4.624363713803888,1.9072225939607055,0.11866844626714065,2.707521743783019e-16,0.8194616733703014,True,True
nw13,3,C3 (Western Residual),2.8,4.649222845984791,1.870317729646429,0.11486024880398804,3.0161345057817544e-16,0.8190633703290353,True,True
nw13,3,C3 (Western Residual),2.9,4.672145081652431,1.8361213818226498,0.11126167942960563,3.376644746580258e-16,0.8186458275817369,True,True
nw13,3,C3 (Western Residual),3.0,4.693323164020727,1.8043764490642453,0.10785836110046737,3.793141902110576e-16,0.8182147023778684,True,True
nw13,3,C3 (Western Residual),3.1,4.712927451233465,1.7748543227320905,0.10463687341849706,4.270174184118651e-16,0.8177745832842725,True,True
nw13,3,C3 (Western Residual),3.2,4.731108765631362,1.7473514631355036,0.10158473669460151,4.812658717039705e-16,0.8173291873045659,True,True
nw13,3,C3 (Western Residual),3.3,4.748000870835408,1.7216863839459422,0.09869037775426343,5.425809511510124e-16,0.8168815195083201,True,True
nw13,3,C3 (Western Residual),3.4,4.763722621024195,1.697697005868204,0.09594308471494602,6.1150767969623725e-16,0.8164340025570782,True,True
nw13,3,C3 (Western Residual),3.5,4.778379823849971,1.6752383398190025,0.09333295574775953,6.88609385907137e-16,0.8159885820218145,True,True
nw13,3,C3 (Western Residual),3.6,4.7920668546023,1.65418046140256,0.09085084525618442,7.744629096920211e-16,0.8155468121968426,True,True
nw13,3,C3 (Western Residual),3.7,4.804868055108596,1.634406741228763,0.08848830978246729,8.696541965303132e-16,0.8151099261690228,True,True
nw13,3,C3 (Western Residual),3.8,4.8168589468090905,1.6158122989216368,0.08623755515806199,9.747742046835965e-16,0.8146788931492764,True,True
nw13,3,C3 (Western Residual),3.9,4.82810728365337,1.5983026521093853,0.08409138585523426,1.0904150849642251e-15,0.8142544654760238,True,True
nw13,3,C3 (Western Residual),4.0,4.838673967022158,1.5817925350369837,0.082043157105896,1.217166613525207e-15,0.813837217225175,True,True
nw13,3,C3 (Western Residual),4.1,4.84861384181699,1.5662048645703597,0.08008673008294243,1.3556128700486234e-15,0.8134275759832272,True,True
nw13,3,C3 (Western Residual),4.2,4.8579763901717765,1.5514698342075561,0.07821643025438416,1.5063291599383607e-15,0.8130258490386143,True,True
nw13,3,C3 (Western Residual),4.3,4.866806336904211,1.537524119256915,0.07642700889664553,1.6698791817603752e-15,0.8126322450057577,True,True
nw13,3,C3 (Western Residual),4.4,4.875144178808796,1.5243101785900253,0.0747136076727559,1.84681244161987e-15,0.8122468917036461,True,True
nw13,3,C3 (Western Residual),4.5,4.88302664815846,1.511775640345265,0.07307172613098886,2.037661915264378e-15,0.8118698509563108,True,True
nw13,3,C3 (Western Residual),4.6,4.890487119298483,1.499872760670364,0.07149719195068302,2.242941957111927e-15,0.8115011308584171,True,True
nw13,3,C3 (Western Residual),4.7,4.897555965947049,1.4885579460766716,0.06998613374786893,2.4631464534565637e-15,0.8111406959491703,True,True
nw13,3,C3 (Western Residual),4.8,4.904260875733819,1.4777913312596953,0.06853495624926828,2.6987472151191235e-15,0.8107884756569808,True,True
nw13,3,C3 (Western Residual),4.9,4.910627127584195,1.467536405345551,0.06714031764586431,2.950192602874367e-15,0.8104443713119556,True,True
nw13,3,C3 (Western Residual),5.0,4.916677836769072,1.4577596804744952,0.06579910894416191,3.2179063772895813e-15,0.8101082619702414,True,True
nw13,3,C3 (Western Residual),5.1,4.922434171769126,1.448430397451014,0.06450843514280823,3.502286763125451e-15,0.809780009251112,True,True
nw13,3,C3 (Western Residual),5.2,4.927915546526679,1.4395202638941766,0.06326559807326301,3.8037057172379846e-15,0.8094594613525218,True,True
nw13,3,C3 (Western Residual),5.3,4.933139791171968,1.4310032209270434,0.06206808075483903,4.122508388005459e-15,0.8091464563821184,True,True
nw13,3,C3 (Western Residual),5.4,4.938123303888867,1.4228552349655184,0.06091353312619922,4.459012753632842e-15,0.8088408251171717,True,True
nw13,3,C3 (Western Residual),5.5,4.942881186229257,1.4150541116150572,0.05979975902685415,4.813509426269767e-15,0.8085423932875682,True,True
nw13,3,C3 (Western Residual),5.6,4.947427363876539,1.4075793290708176,0.05872470431320784,5.186261608623758e-15,0.808250983460127,True,True
nw13,3,C3 (Western Residual),5.7,4.951774694596778,1.4004118887498613,0.05768644600402073,5.577505189900915e-15,0.8079664165894065,True,True
nw13,3,C3 (Western Residual),5.8,4.955935064888882,1.393534181171958,0.05668318235983401,5.98744896778627e-15,0.8076885132893461,True,True
nw13,3,C3 (Western Residual),5.9,4.959919476650779,1.386929865354974,0.05571322380977546,6.416274983814225e-15,0.8074170948711421,True,True
nw13,3,C3 (Western Residual),6.0,4.963738125011558,1.3805837602053304,0.054774984647368304,6.8641389595814814e-15,0.8071519841853304,True,True
nw13,3,C3 (Western Residual),6.1,4.967400468332944,1.3744817465717665,0.05386697542443503,7.33117082198987e-15,0.8068930062998796,True,True
nw13,3,C3 (Western Residual),6.2,4.970915291260604,1.368610678791695,0.05298779597897494,7.817475306109064e-15,0.8066399890409703,True,True
nw13,3,C3 (Western Residual),6.3,4.9742907615961816,1.3629583047010145,0.0521361290390869,8.323132624996038e-15,0.806392763418852,True,True
nw13,3,C3 (Western Residual),6.4,4.97753448166684,1.3575131932002926,0.05131073435057262,8.848199196399624e-15,0.8061511639575977,True,True
nw13,3,C3 (Western Residual),6.5,4.9806535347890755,1.3522646685771342,0.05051044328092172,9.39270841695037e-15,0.8059150289445858,True,True
nw13,3,C3 (Western Residual),6.6,4.983654527350236,1.347202750877883,0.04973415385692788,9.956671475141858e-15,0.8056842006130378,True,True
nw13,3,C3 (Western Residual),6.7,4.986543626972312,1.342318101702862,0.04898082619729588,1.0540078195112349e-14,0.8054585252688344,True,True
nw13,3,C3 (Western Residual),6.8,4.989326597166013,1.3376019748711632,0.048249478305295176,1.1142897903818182e-14,0.8052378533710733,True,True
nw13,3,C3 (Western Residual),6.9,4.992008828838211,1.3330461714628952,0.04753918218986354,1.1765080314968302e-14,0.8050220395743448,True,True
nw13,3,C3 (Western Residual),7.0,4.9945953689724805,1.3286429988019213,0.04684906028655063,1.2406556423593016e-14,0.8048109427394496,True,True
nw13,3,C3 (Western Residual),7.1,4.997090946769058,1.324385232990339,0.04617828215240262,1.30672394057697e-14,0.8046044259182357,True,True
nw13,3,C3 (Western Residual),7.2,4.999499997496233,1.32026608464808,0.04552606141132054,1.3747025518688888e-14,0.8044023563173343,True,True
nw13,3,C3 (Western Residual),7.3,5.001826684278541,1.3162791675487466,0.04489165292861764,1.4445794996609316e-14,0.8042046052448275,True,True
nw13,3,C3 (Western Residual),7.4,5.0040749180232424,1.3124184698752566,0.0442743501954716,1.5163412938849913e-14,0.8040110480432459,True,True
nw13,3,C3 (Western Residual),7.5,5.006248375663908,1.3086783278486833,0.04367348290575238,1.5899730186577798e-14,0.803821564011752,True,True
nw13,3,C3 (Western Residual),7.6,5.0083505168806886,1.3050534015088433,0.04308841470930073,1.6654584185215502e-14,0.8036360363199179,True,True
nw13,3,C3 (Western Residual),7.7,5.010384599441367,1.3015386524483095,0.04251854112719411,1.7427799830125938e-14,0.8034543519151112,True,True
nw13,3,C3 (Western Residual),7.8,5.012353693291014,1.2981293233219828,0.04196328761582066,1.821919029342238e-14,0.8032764014251834,True,True
nw13,3,C3 (Western Residual),7.9,5.014260693505506,1.2948209189718407,0.041422107767784586,1.9028557829846177e-14,0.8031020790578748,True,True
nw13,3,C3 (Western Residual),8.0,5.016108332212442,1.2916091890230401,0.04089448163870844,1.9855694560575186e-14,0.8029312824981136,True,True
ceh1,3,C3 (Western Residual),0.5,2.961746707278561,3.948678215642553,0.12299670606736932,5.719882517968731e-05,0.7451353764005477,True,True
ceh1,3,C3 (Western Residual),0.6,3.0374186343411274,3.8596272810056083,0.12790695318356174,1.4590828376067869e-05,0.751901871296168,True,True
ceh1,3,C3 (Western Residual),0.7,3.1198512331516026,3.7621569470299168,0.1311280675031885,3.922199009498941e-06,0.7582761200304612,True,True
ceh1,3,C3 (Western Residual),0.8,3.205839965789207,3.660129345786979,0.1328700469035057,1.1352130511100111e-06,0.7641673583923839,True,True
ceh1,3,C3 (Western Residual),0.9,3.292748273977737,3.556734612556488,0.13336322997335837,3.5895222977662186e-07,0.7695278739413398,True,True
ceh1,3,C3 (Western Residual),1.0,3.378535284504377,3.454453047529097,0.13283605940844354,1.2501733038933493e-07,0.7743442245079781,True,True
ceh1,3,C3 (Western Residual),1.1,3.4617149482508185,3.3551005999301866,0.13150048716877785,4.810051534255271e-08,0.778627989562208,True,True
ceh1,3,C3 (Western Residual),1.2,3.5412782107921927,3.2599198149329203,0.12954397213389188,2.042113657193735e-08,0.7824074278892141,True,True
ceh1,3,C3 (Western Residual),1.3,3.6166021453710613,3.1696873839119735,0.12712641999217877,9.528057772737642e-09,0.7857206809477503,True,True
ceh1,3,C3 (Western Residual),1.4,3.6873613779041943,3.084819681060442,0.12438041079420152,4.8567470828539245e-09,0.7886106516123342,True,True
ceh1,3,C3 (Western Residual),1.5,3.7534499681617177,3.005466266036648,0.1214133487620596,2.6857061372403422e-09,0.7911214005370576,True,True
ceh1,3,C3 (Western Residual),1.6,3.814916900741437,2.9315873804080192,0.11831054040969724,1.59918670635875e-09,0.7932957806605733,True,True
ceh1,3,C3 (Western Residual),1.7,3.87191530616391,2.863015152216755,0.11513854725136144,1.0176870536220236e-09,0.7951740107180788,True,True
ceh1,3,C3 (Western Residual),1.8,3.924663971396433,2.799500139867219,0.11194842478796217,6.871767794635505e-10,0.7967929208243967,True,True
ceh1,3,C3 (Western Residual),1.9,3.9734190920865213,2.74074561005774,0.10877864584652977,4.890156435735963e-10,0.7981856546765458,True,True
ceh1,3,C3 (Western Residual),2.0,4.01845415831593,2.6864320426913424,0.1056576266263779,3.644821846204452e-10,0.7993816656995074,True,True
ceh1,3,C3 (Western Residual),2.1,4.060046075444961,2.6362341214519738,0.10260584525801701,2.8293301091171515e-10,0.800406890311069,True,True
ceh1,3,C3 (Western Residual),2.2,4.098465933835593,2.589832105249232,0.09963758101195089,2.2759070690936684e-10,0.8012840178655285,True,True
ceh1,3,C3 (Western Residual),2.3,4.133973164408839,2.5469190946468676,0.09676231966787746,1.8886158490416007e-10,0.8020328040484781,True,True
ceh1,3,C3 (Western Residual),2.4,4.166812107664501,2.507205362305082,0.0939858755403204,1.6103995058831011e-10,0.802670393986353,True,True
ceh1,3,C3 (Western Residual),2.5,4.197210266195869,2.470420627393827,0.09131127889613488,1.4060977284843204e-10,0.8032116348168594,True,True
ceh1,3,C3 (Western Residual),2.6,4.225377703559966,2.4363149232011887,0.0887394725004216,1.2533366585494104e-10,0.8036693665056795,True,True
ceh1,3,C3 (Western Residual),2.7,4.2515072008965875,2.404658528921996,0.08626985485098558,1.1374591237559943e-10,0.8040546855682434,True,True
ceh1,3,C3 (Western Residual),2.8,4.275774894469492,2.375241302135038,0.08390070143914566,1.0486068504598286e-10,0.8043771800378853,True,True
ceh1,3,C3 (Western Residual),2.9,4.298341199938429,2.3478716488192433,0.08162948966820163,9.799886780303106e-11,0.8046451362258945,True,True
ceh1,3,C3 (Western Residual),3.0,4.319351889397289,2.322375294955525,0.07945314809954301,9.268232682351883e-11,0.8048657190493915,True,True
ceh1,3,C3 (Western Residual),3.1,4.338939230568067,2.29859397121663,0.07736824652573263,8.856766677331771e-11,0.8050451283082323,True,True
ceh1,3,C3 (Western Residual),3.2,4.357223128408957,2.276384084742365,0.07537113994227329,8.540372651727047e-11,0.8051887335082243,True,True
ceh1,3,C3 (Western Residual),3.3,4.37431223112219,2.2556154255141476,0.07345807671677326,8.300370300751962e-11,0.805301189811487,True,True
ceh1,3,C3 (Western Residual),3.4,4.390304977666929,2.23616993635623,0.07162527903583896,8.122649625343424e-11,0.8053865375478152,True,True
ceh1,3,C3 (Western Residual),3.5,4.405290574251682,2.2179405628559516,0.0698690019495813,7.996399049404053e-11,0.805448287508387,True,True
ceh1,3,C3 (Western Residual),3.6,4.419349894276965,2.2008301908626073,0.06818557594481721,7.913223210614403e-11,0.8054894940053794,True,True
ceh1,3,C3 (Western Residual),3.7,4.432556300808093,2.184750673497015,0.06657143688697356,7.866521216654171e-11,0.8055128174420503,True,True
ceh1,3,C3 (Western Residual),3.8,4.444976393599466,2.169621945914416,0.06502314631625893,7.851041953514422e-11,0.805520577911183,True,True
ceh1,3,C3 (Western Residual),3.9,4.456670684477265,2.1553712237921014,0.06353740441593499,7.862561643667117e-11,0.805514801132357,True,True
ceh1,3,C3 (Western Residual),4.0,4.467694205880764,2.1419322802158134,0.062111057449523804,7.89764705477688e-11,0.8054972578531144,True,True
ceh1,3,C3 (Western Residual),4.1,4.47809705782399,2.1292447950022813,0.060741101057763106,7.953479538958659e-11,0.8054694976760607,True,True
ceh1,3,C3 (Western Residual),4.2,4.48792489864682,2.1172537702967382,0.05942468048988535,8.027722827980034e-11,0.80543287813223,True,True
ceh1,3,C3 (Western Residual),4.3,4.497219384809862,2.1059090063690564,0.058159088597708214,8.118422678940718e-11,0.8053885896988919,True,True
ceh1,3,C3 (Western Residual),4.4,4.506018564732588,2.095164631792823,0.05694176222954328,8.223929964009608e-11,0.8053376773553144,True,True
ceh1,3,C3 (Western Residual),4.5,4.514357231343125,2.0849786825535888,0.0557702775121092,8.342841197396368e-11,0.8052810591807131,True,True
ceh1,3,C3 (Western Residual),4.6,4.522267237641092,2.075312725045834,0.05464234439290833,8.473952159523583e-11,0.805219542422695,True,True
ceh1,3,C3 (Western Residual),4.7,4.529777779193731,2.0661315183499873,0.05355580072573635,8.616221449213144e-11,0.8051538374000687,True,True
ceh1,3,C3 (Western Residual),4.8,4.5369156471166425,2.057402711607905,0.05250860611228899,8.768741626817383e-11,0.8050845695493041,True,True
ceh1,3,C3 (Western Residual),4.9,4.543705454732779,2.0490965727266035,0.05149883565883251,8.930716208649208e-11,0.8050122898776922,True,True
ceh1,3,C3 (Western Residual),5.0,4.550169840774894,2.041185745024947,0.05052467376515222,9.101441206210387e-11,0.8049374840471402,True,True
ceh1,3,C3 (Western Residual),5.1,4.556329651688962,2.0336450287947665,0.04958440803074929,9.280290220906205e-11,0.8048605802794151,True,True
ceh1,3,C3 (Western Residual),5.2,4.562204105319719,2.0264511850738476,0.04867642333846304,9.466702339070323e-11,0.80478195624562,True,True
ceh1,3,C3 (Western Residual),5.3,4.5678109380062075,2.0195827592229985,0.04779919615667032,9.660172246705601e-11,0.8047019450789384,True,True
ceh1,3,C3 (Western Residual),5.4,4.573166536892144,2.0130199221663525,0.04695128908671696,9.860242114164448e-11,0.8046208406295445,True,True
ceh1,3,C3 (Western Residual),5.5,4.578286059050347,2.0067443273908805,0.04613134567123634,1.0066494900222835e-10,0.8045389020635065,True,True
ceh1,3,C3 (Western Residual),5.6,4.583183538842089,2.0007389820156036,0.04533808547073258,1.0278548800561654e-10,0.8044563578929902,True,True
ceh1,3,C3 (Western Residual),5.7,4.5878719847739475,1.9949881304287451,0.044570299409664026,1.0496052623495972e-10,0.8043734095127449,True,True
ceh1,3,C3 (Western Residual),5.8,4.592363466967374,1.989477149160886,0.04382684538875003,1.0718681920695702e-10,0.8042902343073446,True,True
ceh1,3,C3 (Western Residual),5.9,4.5966691962360375,1.9841924518099314,0.04310664415698014,1.0946135735372072e-10,0.8042069883847122,True,True
ceh1,3,C3 (Western Residual),6.0,4.600799595651358,1.9791214029673643,0.04240867543453393,1.1178133857721182e-10,0.80412380898381,True,True
ceh1,3,C3 (Western Residual),6.1,4.604764365377623,1.9742522402112521,0.04173197427632089,1.1414414498620799e-10,0.8040408165978559,True,True
ceh1,3,C3 (Western Residual),6.2,4.608572541473684,1.9695740033355493,0.041075627664886226,1.1654732309652974e-10,0.8039581168488308,True,True
ceh1,3,C3 (Western Residual),6.3,4.612232549278094,1.9650764700771284,0.040438771320917416,1.189885669110361e-10,0.8038758021442612,True,True
ceh1,3,C3 (Western Residual),6.4,4.6157522519284075,1.960750097682409,0.03982058671941229,1.2146570339876734e-10,0.8037939531431462,True,True
ceh1,3,C3 (Western Residual),6.5,4.619138994504969,1.956585969727954,0.039220298299603204,1.239766799842428e-10,0.8037126400543682,True,True
ceh1,3,C3 (Western Residual),6.6,4.622399644234282,1.9525757476720473,0.038637170856969126,1.2651955372251335e-10,0.8036319237878887,True,True
ceh1,3,C3 (Western Residual),6.7,4.625540627143116,1.9487116266716553,0.038070507106003265,1.290924818963318e-10,0.8035518569764091,True,True
ceh1,3,C3 (Western Residual),6.8,4.628567961510276,1.9449862952476629,0.03751964540285693,1.316937138128854e-10,0.8034724848829147,True,True
ceh1,3,C3 (Western Residual),6.9,4.631487288426285,1.941392898426634,0.0369839576174541,1.3432158361887784e-10,0.8033938462075709,True,True
ceh1,3,C3 (Western Residual),7.0,4.634303899739585,1.9379250040256562,0.03646284714520273,1.3697450397985844e-10,0.8033159738057449,True,True
ceh1,3,C3 (Western Residual),7.1,4.637022763637791,1.9345765717820749,0.035955747048966424,1.3965096049714146e-10,0.8032388953274615,True,True
ceh1,3,C3 (Western Residual),7.2,4.639648548087253,1.931341925060705,0.03546211832248942,1.4234950675552414e-10,0.8031626337873359,True,True
ceh1,3,C3 (Western Residual),7.3,4.642185642329684,1.9282157248983849,0.034981448267024706,1.450687599113423e-10,0.8030872080729096,True,True
ceh1,3,C3 (Western Residual),7.4,4.64463817661753,1.9251929461706019,0.03451324897341196,1.478073967454671e-10,0.8030126333983681,True,True
ceh1,3,C3 (Western Residual),7.5,4.647010040347657,1.9222688556858776,0.03405705590236843,1.505641501174618e-10,0.8029389217097699,True,True
ceh1,3,C3 (Western Residual),7.6,4.649304898739201,1.9194389920342134,0.03361242655623262,1.5333780576608697e-10,0.8028660820471918,True,True
ceh1,3,C3 (Western Residual),7.7,4.651526208186731,1.9166991470318695,0.033178939235856006,1.561271994122013e-10,0.8027941208685558,True,True
ceh1,3,C3 (Western Residual),7.8,4.653677230405993,1.9140453486212992,0.03275619187677517,1.5893121412184963e-10,0.8027230423393443,True,True
ceh1,3,C3 (Western Residual),7.9,4.655761045478771,1.9114738450979374,0.03234380095920221,1.617487778994421e-10,0.8026528485919214,True,True
ceh1,3,C3 (Western Residual),8.0,4.657780563893007,1.9089810905488869,0.03194140048675588,1.6457886148015828e-10,0.8025835399577506,True,True
ceh2,4,C4 (Main Forest),0.5,2.239896056369949,3.3282741542305097,0.03297118752584733,0.2145158054411728,0.6984516901135635,True,False
ceh2,4,C4 (Main Forest),0.6,2.243078435974347,3.317284542709067,0.03605840909436748,0.17945422355823204,0.699267562294992,True,False
ceh2,4,C4 (Main Forest),0.7,2.2517466033346767,3.300414038220615,0.038865911486895686,0.15030370624328984,0.7000985514134388,True,False
ceh2,4,C4 (Main Forest),0.8,2.2658333271863915,3.2779845664327834,0.041289985114124295,0.1266440066539633,0.7009178615324809,True,False
ceh2,4,C4 (Main Forest),0.9,2.2849150760212127,3.250691395536921,0.04324878421953855,0.10785152635659849,0.7016986329202539,True,False
ceh2,4,C4 (Main Forest),1.0,2.308253312399902,3.2195329917366453,0.04469131704959124,0.09321001320920216,0.7024168117870553,True,False
ceh2,4,C4 (Main Forest),1.1,2.334884070828783,3.18569495297261,0.04560147011750075,0.08200312677804117,0.7030535311522433,True,False
ceh2,4,C4 (Main Forest),1.2,2.363734365941335,3.1504148973466934,0.045996497525699134,0.07357632243218998,0.7035965306865342,True,False
ceh2,4,C4 (Main Forest),1.3,2.393738931643516,3.1148576178162735,0.04592093905120566,0.06736785999358824,0.7040404462621794,True,False
ceh2,4,C4 (Main Forest),1.4,2.423935095122342,3.0800223664687403,0.04543792697379231,0.06291615303474377,0.7043861137543975,True,False
ceh2,4,C4 (Main Forest),1.5,2.453523771661291,3.046691578860078,0.044620024586468895,0.05985266718953462,0.7046392340919044,True,False
ceh2,4,C4 (Main Forest),1.6,2.4818954268980398,3.0154185395937474,0.04354125689264933,0.05788813877233556,0.7048087942043001,True,False
ceh2,4,C4 (Main Forest),1.7,2.508627531202613,2.9865441490321327,0.04227122096084711,0.05679726837040435,0.7049055649079414,True,False
ceh2,4,C4 (Main Forest),1.8,2.5334632955903427,2.9602307304752062,0.040871448363090805,0.05640465260235993,0.7049408695139765,True,False
ceh2,4,C4 (Main Forest),1.9,2.5562811752394037,2.936502280634426,0.03939371948238414,0.05657305855879838,0.7049256948708258,True,False
ceh2,4,C4 (Main Forest),2.0,2.577062399931065,2.915283704735929,0.037879820822919165,0.05719419909792027,0.7048701303914546,True,False
ceh2,4,C4 (Main Forest),2.1,2.5958610890530167,2.896434828651633,0.03636222207357083,0.05818172649769892,0.7047830753823471,True,False
ceh2,4,C4 (Main Forest),2.2,2.6127791904492934,2.8797775321761794,0.034865239421213945,0.05946601857811699,0.7046721415320256,True,False
ceh2,4,C4 (Main Forest),2.3,2.627946859472214,2.865115993779514,0.033406374501216834,0.06099033625850127,0.7045436829141543,True,False
ceh2,4,C4 (Main Forest),2.4,2.6415079425317103,2.8522509038079145,0.031997632948387,0.06270799581259878,0.7044028996372778,True,False
ceh2,4,C4 (Main Forest),2.5,2.6536097834793115,2.8409888264998093,0.030646715580342078,0.06458027691660975,0.7042539765190997,True,False
ceh2,4,C4 (Main Forest),2.6,2.6643964485261318,2.8311478945852935,0.029358036414383903,0.06657485868158061,0.7041002314651692,True,False
ceh2,4,C4 (Main Forest),2.7,2.6740045192038364,2.8225608681750898,0.028133559445372713,0.06866463347816912,0.7039442584320155,True,False
ceh2,4,C4 (Main Forest),2.8,2.68256073407174,2.8150763852624836,0.02697346675346817,0.07082679206604052,0.7037880570047199,True,False
ceh2,4,C4 (Main Forest),2.9,2.690180910174818,2.808559030253731,0.02587667990587312,0.07304210535606508,0.7036331452701912,True,False
ceh2,4,C4 (Main Forest),3.0,2.6969697149994327,2.802888674376061,0.024841259249863128,0.07529435067499582,0.7034806554763227,True,False
ceh2,4,C4 (Main Forest),3.1,2.703020976831633,2.797959404714753,0.023864704653159693,0.07756984608911269,0.7033314135152015,True,False
ceh2,4,C4 (Main Forest),3.2,2.708418313622177,2.7936782552577495,0.02294417848999841,0.07985706713614531,0.703186004005343,True,False
ceh2,4,C4 (Main Forest),3.3,2.7132359299329165,2.789963878343187,0.022076668347025857,0.08214632769703102,0.703044822993534,True,False
ceh2,4,C4 (Main Forest),3.4,2.7175394822065826,2.786745242195238,0.02125910365137839,0.08442951178350877,0.7029081202655172,True,False
ceh2,4,C4 (Main Forest),3.5,2.721386948587874,2.7839604042003065,0.020488437496477135,0.08669984647761027,0.7027760330827351,True,False
ceh2,4,C4 (Main Forest),3.6,2.7248294644979856,2.7815553856124087,0.0197617024637472,0.08895170865380464,0.7026486129321284,True,False
ceh2,4,C4 (Main Forest),3.7,2.7279121021057398,2.779483157917486,0.01907604721511074,0.09118045979333653,0.702525846634676,True,False
ceh2,4,C4 (Main Forest),3.8,2.730674583059188,2.777702741485854,0.018428759018376893,0.0933823044003595,0.7024076729308257,True,False
ceh2,4,C4 (Main Forest),3.9,2.7331519210602027,2.776178411488761,0.017817276104754295,0.0955541684034401,0.7022939954585947,True,False
ceh2,4,C4 (Main Forest),4.0,2.7353749953370965,2.7748790030078214,0.017239192781331264,0.09769359458165573,0.7021846928665738,True,False
ceh2,4,C4 (Main Forest),4.1,2.7373710586837614,2.773777305892072,0.016692259474175703,0.09979865255484581,0.7020796266588125,True,False
ceh2,4,C4 (Main Forest),4.2,2.739164185126644,2.7728495395878587,0.016174379310147327,0.10186786127248404,0.7019786472490164,True,False
ceh2,4,C4 (Main Forest),4.3,2.7407756628705604,2.772074898457343,0.015683602417300074,0.10390012225079946,0.7018815986042791,True,False
ceh2,4,C4 (Main Forest),4.4,2.742224338273462,2.7714351587374617,0.015218118802272737,0.10589466206707865,0.7017883217802122,True,False
ceh2,4,C4 (Main Forest),4.5,2.743526916395135,2.7709143390929984,0.0147762504229975,0.10785098283424968,0.7016986575865618,True,False
ceh2,4,C4 (Main Forest),4.6,2.7446982232947708,2.7704984075748635,0.014356442896555254,0.10976881955915961,0.7016124485723569,True,False
ceh2,4,C4 (Main Forest),4.7,2.7457514348005043,2.7701750286417113,0.013957257149917069,0.11164810344129475,0.701529540479854,True,False
ceh2,4,C4 (Main Forest),4.8,2.7466982759944623,2.769933344699241,0.013577361224119601,0.1134889302985156,0.7014497832850152,True,False
ceh2,4,C4 (Main Forest),4.9,2.7475491951846394,2.769763787341307,0.013215522371279612,0.11529153341845054,0.7013730319172947,True,False
ceh2,4,C4 (Main Forest),5.0,2.74831351568694,2.7696579141302173,0.012870599532181394,0.11705626023047151,0.7012991467317776,True,False
ceh2,4,C4 (Main Forest),5.1,2.748999568329274,2.7696082673303293,0.01254153624499419,0.1187835522753773,0.7012279937911259,True,False
ceh2,4,C4 (Main Forest),5.2,2.7496148072170916,2.7696082515143727,0.012227354009198728,0.12047392802166088,0.7011594450024754,True,False
ceh2,4,C4 (Main Forest),5.3,2.750165910969054,2.769652027399986,0.011927146110259808,0.12212796813900269,0.7010933781447124,True,False
ceh2,4,C4 (Main Forest),5.4,2.750658871337273,2.769734419651786,0.011640071897892113,0.12374630289192676,0.7010296768138834,True,False
ceh2,4,C4 (Main Forest),5.5,2.7510990708722796,2.7698508367099484,0.01136535150228414,0.12532960136365717,0.7009682303084416,True,False
ceh2,4,C4 (Main Forest),5.6,2.7514913510668033,2.7699972009848306,0.011102260967320175,0.12687856225875468,0.7009089334712524,True,False
ceh2,4,C4 (Main Forest),5.7,2.751840072220377,2.7701698879955927,0.010850127776701031,0.1283939060680002,0.7008516865015162,True,False
ceh2,4,C4 (Main Forest),5.8,2.752149166097551,2.770365673234344,0.010608326747337776,0.1298763684082324,0.7007963947467881,True,False
ceh2,4,C4 (Main Forest),5.9,2.752422182308096,2.7705816857120498,0.010376276263974082,0.13132669437541594,0.7007429684829367,True,False
ceh2,4,C4 (Main Forest),6.0,2.7526623292104286,2.7708153672895275,0.010153434829336479,0.13274563377131177,0.700691322688035,True,False
ceh2,4,C4 (Main Forest),6.1,2.752872510035375,2.7710644370247146,0.009939297904980495,0.13413393708286994,0.7006413768147262,True,False
ceh2,4,C4 (Main Forest),6.2,2.7530553548290095,2.7713268598748835,0.009733395019171568,0.13549235211036634,0.7005930545644647,True,False
ceh2,4,C4 (Main Forest),6.3,2.7532132487380205,2.7716008191843073,0.00953528711953509,0.13682162115360488,0.7005462836661429,True,False
ceh2,4,C4 (Main Forest),6.4,2.7533483570896875,2.7718846924678777,0.009344564149658684,0.1381224786788509,0.7005009956609065,True,False
ceh2,4,C4 (Main Forest),6.5,2.7534626476575164,2.77217703006738,0.009160842830345756,0.13939564939895566,0.7004571256944271,True,False
ceh2,4,C4 (Main Forest),6.6,2.753557910457351,2.7724765363152537,0.008983764627706343,0.14064184670813706,0.7004146123174679,True,False
ceh2,4,C4 (Main Forest),6.7,2.753635775367295,2.7727820528904736,0.008812993891684728,0.14186177142162754,0.7003733972952566,True,False
ceh2,4,C4 (Main Forest),6.8,2.7536977278344534,2.7730925440924494,0.008648216150013559,0.14305611077626357,0.700333425425929,True,False
ceh2,4,C4 (Main Forest),6.9,2.7537451228904937,2.773407083796689,0.0084891365438539,0.14422553765458573,0.700294644368117,True,False
ceh2,4,C4 (Main Forest),7.0,2.7537791976767503,2.7737248438856086,0.00833547839259371,0.14537070999957188,0.7002570044776075,True,False
ceh2,4,C4 (Main Forest),7.1,2.7538010826495687,2.774045083976542,0.008186981876363927,0.14649227039283544,0.7002204586529017,True,False
ceh2,4,C4 (Main Forest),7.2,2.7538118116170036,2.774367142289936,0.008043402825905974,0.14759084577043052,0.7001849621894184,True,False
ceh2,4,C4 (Main Forest),7.3,2.753812330740822,2.7746904275232183,0.007904511610302263,0.14866704725692875,0.7001504726420396,True,False
ceh2,4,C4 (Main Forest),7.4,2.75380350661833,2.775014411610904,0.007770092114006263,0.14972147009804657,0.7001169496956561,True,False
ceh2,4,C4 (Main Forest),7.5,2.7537861335475977,2.775338623268302,0.007639940795336205,0.15075469367769279,0.7000843550433496,True,False
ceh2,4,C4 (Main Forest),7.6,2.75376094006573,2.7756626422269406,0.007513865819369098,0.15176728160427502,0.7000526522718408,True,False
ceh2,4,C4 (Main Forest),7.7,2.753728594838522,2.775986094083643,0.007391686258767438,0.15275978185611394,0.7000218067538222,True,False
ceh2,4,C4 (Main Forest),7.8,2.753689711973429,2.776308645692691,0.0072732313567097405,0.15373272697466425,0.6999917855468039,True,False
ceh2,4,C4 (Main Forest),7.9,2.753644855815232,2.776630001040317,0.007158339846594973,0.154686634297811,0.6999625572981053,True,False
ceh2,4,C4 (Main Forest),8.0,2.75359454528156,2.7769498975472926,0.007046859323703518,0.15562200622506922,0.6999340921556345,True,False
ceh4,3,C3 (Western Residual),0.5,1.8275329858720726,3.168924728192617,0.2139016634262254,8.704545449290401e-08,0.7250807852894249,True,True
ceh4,3,C3 (Western Residual),0.6,1.9570942197495427,3.0342137621071523,0.2257546254422988,1.681681743718411e-09,0.7460770196440818,True,True
ceh4,3,C3 (Western Residual),0.7,2.1032092600063734,2.8672666113711416,0.23003056737439403,4.234236237956633e-11,0.7643045072701704,True,True
ceh4,3,C3 (Western Residual),0.8,2.2519993478144924,2.6875857985334664,0.22852898595692483,1.6406138703614226e-12,0.7793544535651042,True,True
ceh4,3,C3 (Western Residual),0.9,2.394271272673204,2.5091026274351105,0.22305480257327887,1.0574348025708678e-13,0.7913236081827623,True,True
ceh4,3,C3 (Western Residual),1.0,2.524993345108026,2.3403038059145924,0.21511734429028162,1.1408572637312662e-14,0.800577592838853,True,True
ceh4,3,C3 (Western Residual),1.1,2.6421271921584992,2.185482780014209,0.2058456757022447,1.9792895230451253e-15,0.8075749010496679,True,True
ceh4,3,C3 (Western Residual),1.2,2.745492814296092,2.0461452663772333,0.19602120781095755,5.183222307127613e-16,0.8127647849205505,True,True
ceh4,3,C3 (Western Residual),1.3,2.8359177410716008,1.922145594799511,0.18615215239376848,1.910783788957677e-16,0.8165406886710687,True,True
ceh4,3,C3 (Western Residual),1.4,2.9146844462298596,1.8124707912264337,0.17654976028994765,9.280155273235957e-17,0.8192267252928622,True,True
ceh4,3,C3 (Western Residual),1.5,2.98320660361306,1.7157297001472038,0.16739098937838248,5.602715058789469e-17,0.8210805479760469,True,True
ceh4,3,C3 (Western Residual),1.6,3.042856942799909,1.6304346450327718,0.15876488503542022,4.005833307228684e-17,0.8223027067621546,True,True
ceh4,3,C3 (Western Residual),1.7,3.094886784129433,1.5551506829975352,0.15070490892486316,3.2615650657846326e-17,0.8230474076093044,True,True
ceh4,3,C3 (Western Residual),1.8,3.140397236031653,1.488565759992042,0.14321063413849655,2.9317592594953594e-17,0.8234324335376559,True,True
ceh4,3,C3 (Western Residual),1.9,3.1803375039098745,1.429516154503066,0.1362619227870685,2.8397300960854e-17,0.8235474644797368,True,True
ceh4,3,C3 (Western Residual),2.0,3.2155161030678583,1.3769881123527523,0.12982799582544707,2.908863469562759e-17,0.823460717738264,True,True
ceh4,3,C3 (Western Residual),2.1,3.2466171522089526,1.330107836966235,0.1238731179400909,3.105928334903872e-17,0.823224103412608,True,True
ceh4,3,C3 (Western Residual),2.2,3.2742176677116572,1.2881266431003944,0.11836007699662872,3.418735285384025e-17,0.8228771646872515,True,True
ceh4,3,C3 (Western Residual),2.3,3.2988038905472994,1.2504049186634776,0.11325224512298103,3.8464357026330526e-17,0.8224500639425134,True,True
ceh4,3,C3 (Western Residual),2.4,3.3207858261188914,1.2163967251063688,0.108514738342613,4.394936001103923e-17,0.821965836764551,True,True
ceh4,3,C3 (Western Residual),2.5,3.3405097753021824,1.185635855618139,0.10411501070449687,5.074549141878441e-17,0.8214420915260137,True,True
ceh4,3,C3 (Western Residual),2.6,3.358268926880206,1.1577236256024737,0.10002309958181678,5.898688181341117e-17,0.820892291982249,True,True
ceh4,3,C3 (Western Residual),2.7,3.3743122079680776,1.132318390716622,0.09621166096172228,6.883070033336552e-17,0.8203267271986392,True,True
ceh4,3,C3 (Western Residual),2.8,3.3888516291120476,1.1091266565471258,0.0926558830421117,8.045179210477543e-17,0.8197532471374972,True,True
ceh4,3,C3 (Western Residual),2.9,3.4020683582351987,1.0878955930566772,0.08933333381667892,9.403868704552277e-17,0.8191778223952765,True,True
ceh4,3,C3 (Western Residual),3.0,3.4141177360873494,1.0684067578238934,0.08622377731116267,1.097903603108208e-16,0.8186049716715691,True,True
ceh4,3,C3 (Western Residual),3.1,3.425133417690771,1.0504708433488883,0.08330897964367753,1.2791342876067629e-16,0.8180380894430372,True,True
ceh4,3,C3 (Western Residual),3.2,3.4352307956113615,1.0339232835878382,0.08057251746317064,1.486196249814692e-16,0.8174796980749007,True,True
ceh4,3,C3 (Western Residual),3.3,3.444509834542755,1.0186205772125108,0.07799959584989799,1.7212347318652937e-16,0.8169316424986587,True,True
ceh4,3,C3 (Western Residual),3.4,3.4530574237213116,1.0044372067653158,0.07557687932474638,1.9864013493709737e-16,0.8163952410615168,True,True
ceh4,3,C3 (Western Residual),3.5,3.4609493342652997,0.9912630524996048,0.07329233748748919,2.2838341493062205e-16,0.8158714027953761,True,True
ceh4,3,C3 (Western Residual),3.6,3.4682518524072776,0.9790012167742206,0.07113510551917701,2.6156392757811546e-16,0.8153607188543452,True,True
ceh4,3,C3 (Western Residual),3.7,3.475023146361452,0.9675661893905099,0.06909535903712884,2.9838742895612257e-16,0.814863534003936,True,True
ceh4,3,C3 (Western Residual),3.8,3.4813144137935197,0.9568822964205241,0.06716420238533298,3.39053318970017e-16,0.8143800026469472,True,True
ceh4,3,C3 (Western Residual),3.9,3.4871708481242427,0.9468823851627584,0.06533356925100728,3.8375331692704314e-16,0.8139101328192484,True,True
ceh4,3,C3 (Western Residual),4.0,3.4926324548276,0.9375067061803313,0.06359613443699445,4.3267031125600854e-16,0.813453820794229,True,True
ceh4,3,C3 (Western Residual),4.1,3.4977347431702253,0.9287019602104404,0.06194523563659786,4.859773814007428e-16,0.8130108783321611,True,True
ceh4,3,C3 (Western Residual),4.2,3.502509314217029,0.9204204833386661,0.060374804118390926,5.43836987349255e-16,0.8125810541518594,True,True
ceh4,3,C3 (Western Residual),4.3,3.5069843621877643,0.9126195484236086,0.05887930331202562,6.064003200010335e-16,0.8121640508511376,True,True
ceh4,3,C3 (Western Residual),4.4,3.511185103217926,0.9052607645212154,0.0574536743787675,6.738068037260926e-16,0.8117595382331549,True,True
ceh4,3,C3 (Western Residual),4.5,3.5151341431150804,0.8983095591451058,0.05609328794429734,7.461837410559141e-16,0.8113671637880828,True,True
ceh4,3,C3 (Western Residual),4.6,3.518851793698656,0.8917347307344659,0.05479390126153629,8.23646088455958e-16,0.8109865609188299,True,True
ceh4,3,C3 (Western Residual),4.7,3.52235634567589,0.8855080607867357,0.053551620155331964,9.062963515095867e-16,0.8106173553747508,True,True
ceh4,3,C3 (Western Residual),4.8,3.5256643046707263,0.87960397683104,0.052362865177587446,9.94224587586539e-16,0.8102591702599777,True,True
ceh4,3,C3 (Western Residual),4.9,3.5287905959252575,0.873999258838464,0.051224341470492936,1.0875085040630997e-15,0.8099116299069086,True,True
ceh4,3,C3 (Western Residual),5.0,3.531748742292696,0.8686727828399616,0.05013301189705731,1.1862136404179315e-15,0.8095743628456535,True,True
ceh4,3,C3 (Western Residual),5.1,3.5345510193967664,0.8636052964983342,0.049086073052587255,1.2903936229448402e-15,0.8092470040532184,True,True
ceh4,3,C3 (Western Residual),5.2,3.537208591218923,0.8587792221914687,0.0480809338186947,1.400090481394284e-15,0.8089291966290585,True,True
ceh4,3,C3 (Western Residual),5.3,3.539731628864345,0.8541784838403812,0.047115196163428394,1.515335017505362e-15,0.8086205930142212,True,True
ceh4,3,C3 (Western Residual),5.4,3.542129414834191,0.8497883542809038,0.046186637927904645,1.6361472161322472e-15,0.8083208558479303,True,True
ceh4,3,C3 (Western Residual),5.5,3.5444104347795666,0.8455953204513198,0.045293197371926205,1.762536690411964e-15,0.8080296585368634,True,True
ceh4,3,C3 (Western Residual),5.6,3.5465824584153474,0.8415869640664009,0.04443295927906392,1.8945031532139015e-15,0.80774668559752,True,True
ceh4,3,C3 (Western Residual),5.7,3.548652611026987,0.837751855783023,0.04360414244613713,2.0320369078688587e-15,0.8074716328202028,True,True
ceh4,3,C3 (Western Residual),5.8,3.5506274367933734,0.8340794611454652,0.04280508840328235,2.1751193519157734e-15,0.8072042072936042,True,True
ceh4,3,C3 (Western Residual),5.9,3.552512954975118,0.8305600568380359,0.04203425122938223,2.3237234883626123e-15,0.8069441273213467,True,True
ceh4,3,C3 (Western Residual),6.0,3.554314709869023,0.8271846559751674,0.041290188343808085,2.477814439589855e-15,0.8066911222556651,True,True
ceh4,3,C3 (Western Residual),6.1,3.5560378153040677,0.8239449413320896,0.04057155216956036,2.63734995968871e-15,0.8064449322684601,True,True
ceh4,3,C3 (Western Residual),6.2,3.5576869943483613,0.820833205566203,0.039877082575225584,2.802280941632863e-15,0.8062053080759499,True,True
ceh4,3,C3 (Western Residual),6.3,3.5592666148056766,0.8178422976045756,0.039205600013955386,2.972551916183209e-15,0.8059720106299098,True,True
ceh4,3,C3 (Western Residual),6.4,3.560780721003015,0.8149655744808646,0.03855599928711148,3.148101539973786e-15,0.8057448107858791,True,True
ceh4,3,C3 (Western Residual),6.5,3.562233062304936,0.812196857996875,0.037927243868476776,3.3288630706200767e-15,0.8055234889565945,True,True
ceh4,3,C3 (Western Residual),6.6,3.5636271187336117,0.8095303956635607,0.03731836073218872,3.5147648271610535e-15,0.8053078347571938,True,True
ceh4,3,C3 (Western Residual),6.7,3.5649661240249917,0.8069608254441831,0.03672843563390117,3.705730634431178e-15,0.8050976466473543,True,True
ceh4,3,C3 (Western Residual),6.8,3.5662530864103386,0.8044831438816161,0.03615660880028308,3.901680250336081e-15,0.8048927315743967,True,True
ceh4,3,C3 (Western Residual),6.9,3.567490807374968,0.8020926772427146,0.03560207098686344,4.1025297752852806e-15,0.8046929046204854,True,True
ceh4,3,C3 (Western Residual),7.0,3.5686818986174735,0.7997850553566632,0.035064059868590895,4.308192043219806e-15,0.8044979886563149,True,True
ceh4,3,C3 (Western Residual),7.1,3.5698287974022875,0.7975561878628814,0.034541856731271345,4.518576993964213e-15,0.8043078140030828,True,True
ceh4,3,C3 (Western Residual),7.2,3.5709337804787094,0.7954022426172158,0.03403478343544314,4.7335920267820006e-15,0.8041222181040675,True,True
ceh4,3,C3 (Western Residual),7.3,3.5719989767164724,0.7933196260343656,0.03354219962722638,4.95314233514631e-15,0.8039410452067497,True,True
ceh4,3,C3 (Western Residual),7.4,3.5730263785917757,0.7913049651698747,0.03306350017333035,5.177131222953571e-15,0.8037641460561045,True,True
ceh4,3,C3 (Western Residual),7.5,3.5740178526418953,0.7893550913671787,0.032598112799743145,5.405460402364801e-15,0.8035913775994445,True,True
ceh4,3,C3 (Western Residual),7.6,3.574975148992791,0.7874670253147023,0.03214549591571306,5.638030273759335e-15,0.8034226027030059,True,True
ceh4,3,C3 (Western Residual),7.7,3.575899910052735,0.7856379633752555,0.03170513660647496,5.874740188202989e-15,0.8032576898803047,True,True
ceh4,3,C3 (Western Residual),7.8,3.576793678454309,0.783865265064569,0.031276548779828724,6.11548869291664e-15,0.8030965130321815,True,True
ceh4,3,C3 (Western Residual),7.9,3.5776579043184005,0.7821464415694268,0.030859271453131765,6.360173760347764e-15,0.8029389511983531,True,True
ceh4,3,C3 (Western Residual),8.0,3.5784939519055876,0.7804791452075284,0.030452867168588783,6.6086930014333926e-15,0.8027848883202189,True,True
ceh5,1,C1 (Lake Edge),0.5,3.665264987828928,4.204733183234476,0.33522627274178285,7.544693860594842e-22,0.8319946521506217,True,True
ceh5,1,C1 (Lake Edge),0.6,3.845751609038622,3.923452241172816,0.3198192203334758,2.7808613379157875e-22,0.8353960592059799,True,True
ceh5,1,C1 (Lake Edge),0.7,4.006423691384434,3.6660728579836643,0.30448271498219687,1.556463414334601e-22,0.8373423842895171,True,True
ceh5,1,C1 (Lake Edge),0.8,4.1487380910637315,3.43238271045863,0.28957043050677245,1.2098711053968996e-22,0.8381800872990198,True,True
ceh5,1,C1 (Lake Edge),0.9,4.274461788791379,3.2212010111720204,0.2752968829698579,1.2076158566313023e-22,0.8381862759877328,True,True
ceh5,1,C1 (Lake Edge),1.0,4.385429780470129,3.0308467618569246,0.26177921959977546,1.450087326522956e-22,0.8375782380729142,True,True
ceh5,1,C1 (Lake Edge),1.1,4.48340748705435,2.859438208136453,0.24906871288338372,1.9882664447702706e-22,0.8365240270840506,True,True
ceh5,1,C1 (Lake Edge),1.2,4.570020754433325,2.7050742214050825,0.237173526604703,2.9890328654779094e-22,0.8351523478566818,True,True
ceh5,1,C1 (Lake Edge),1.3,4.646727239382624,2.565937149949336,0.22607468975592238,4.776571201310775e-22,0.8335610470105004,True,True
ceh5,1,C1 (Lake Edge),1.4,4.714811765050661,2.4403454935388273,0.2157370464074509,7.9277648892605405e-22,0.8318240679299053,True,True
ceh5,1,C1 (Lake Edge),1.5,4.775394605811167,2.326775696269805,0.206116609208364,1.343334998381601e-21,0.8299969859970049,True,True
ceh5,1,C1 (Lake Edge),1.6,4.829445977510966,2.2238657135083573,0.1971653961066806,2.2950162257510306e-21,0.8281213347597489,True,True
ceh5,1,C1 (Lake Edge),1.7,4.877802799894754,2.1304084162260253,0.18883453514260867,3.9178955625103996e-21,0.8262279486035711,True,True
ceh5,1,C1 (Lake Edge),1.8,4.9211855417016155,2.045339835481128,0.18107619364152905,6.64095346118162e-21,0.8243395271869034,True,True
ceh5,1,C1 (Lake Edge),1.9,4.960214016815765,1.967725263706198,0.17384471945675087,1.1128006127611963e-20,0.822472594538839,True,True
ceh5,1,C1 (Lake Edge),2.0,4.9954216227544945,1.896744967474217,0.1670972610968216,1.837994758375999e-20,0.8206389923172054,True,True
ceh5,1,C1 (Lake Edge),2.1,5.027267866537494,1.8316804796640773,0.1607940486910454,2.9868015335914114e-20,0.8188470169013375,True,True
ceh5,1,C1 (Lake Edge),2.2,5.05614921382049,1.771901958191565,0.15489845887207798,4.7702168713323564e-20,0.8171022851730704,True,True
ceh5,1,C1 (Lake Edge),2.3,5.082408391584121,1.7168568117707215,0.14937694617764802,7.483760147458986e-20,0.8154083939855357,True,True
ceh5,1,C1 (Lake Edge),2.4,5.1063423135241806,1.666059627854044,0.1441988959239167,1.153209486217253e-19,0.8137674228139701,True,True
ceh5,1,C1 (Lake Edge),2.5,5.128208805323851,1.619083347431794,0.1393364347122758,1.7457598847759853e-19,0.8121803171522208,True,True
ceh5,1,C1 (Lake Edge),2.6,5.148232298897062,1.575551586278717,0.13476422202014915,2.597267153519637e-19,0.8106471811229643,True,True
ceh5,1,C1 (Lake Edge),2.7,5.166608649046848,1.5351319840318305,0.1304592377697798,3.7995371185436216e-19,0.8091675008732832,True,True
ceh5,1,C1 (Lake Edge),2.8,5.183509207620389,1.4975304596926393,0.12640057504221147,5.46877927489035e-19,0.807740315113922,True,True
ceh5,1,C1 (Lake Edge),2.9,5.199084271805757,1.4624862577308473,0.12256924330008451,7.749643984130524e-19,0.8063643452243202,True,True
ceh5,1,C1 (Lake Edge),3.0,5.213466006019434,1.4297676786780298,0.11894798498237866,1.0819372203403858e-18,0.8050380943734705,True,True
ceh5,1,C1 (Lake Edge),3.1,5.22677092146563,1.3991683994304145,0.11552110671453941,1.489196275782734e-18,0.80375992286058,True,True
ceh5,1,C1 (Lake Edge),3.2,5.239101984062039,1.3705042999999288,0.11227432535051728,2.0222258452535993e-18,0.8025281051794964,True,True
ceh5,1,C1 (Lake Edge),3.3,5.250550409965779,1.3436107243900328,0.10919462843334414,2.710985293283918e-18,0.8013408730216136,True,True
ceh5,1,C1 (Lake Edge),3.4,5.261197198230486,1.3183401132529209,0.10627014829476311,3.59027247968278e-18,0.800196447452046,True,True
ceh5,1,C1 (Lake Edge),3.5,5.271114441971311,1.2945599548650266,0.10349004882181587,4.700051349037973e-18,0.7990930627472228,True,True
ceh5,1,C1 (Lake Edge),3.6,5.280366452598891,1.2721510087304198,0.10084442383800833,6.085736228059483e-18,0.798028983811713,True,True
ceh5,1,C1 (Lake Edge),3.7,5.289010726002576,1.2510057628471674,0.09832420603747329,7.798426635914824e-18,0.7970025186553041,True,True
ceh5,1,C1 (Lake Edge),3.8,5.297098774837222,1.2310270914467836,0.09592108544480726,9.895087811469462e-18,0.7960120270759756,True,True
ceh5,1,C1 (Lake Edge),3.9,5.304676847142091,1.2121270849489332,0.09362743643253377,1.2438673612703585e-17,0.7950559264362556,True,True
ceh5,1,C1 (Lake Edge),4.0,5.311786548255895,1.1942260280708894,0.0914362524003401,1.549818988440645e-17,0.794132695221248,True,True
ceh5,1,C1 (Lake Edge),4.1,5.318465380279978,1.1772515055940236,0.08934108729754028,1.9148697767877806e-17,0.7932408749125512,True,True
ceh5,1,C1 (Lake Edge),4.2,5.324747211085719,1.1611376183110358,0.0873360032476424,2.3471257699134865e-17,0.7923790705928816,True,True
ceh5,1,C1 (Lake Edge),4.3,5.330662682980714,1.1458242942371124,0.08541552360845539,2.855281597976168e-17,0.7915459506034696,True,True
ceh5,1,C1 (Lake Edge),4.4,5.336239569582627,1.131256682336266,0.08357459087116925,3.4486036786409625e-17,0.7907402455041472,True,True
ceh5,1,C1 (Lake Edge),4.5,5.341503088138365,1.1173846178522902,0.08180852886635379,4.136908330183687e-17,0.7899607465298134,True,True
ceh5,1,C1 (Lake Edge),4.6,5.346476173430756,1.1041621498916068,0.0801130088036,4.930535229804572e-17,0.7892063036930882,True,True
ceh5,1,C1 (Lake Edge),4.7,5.3511797184960574,1.0915471232282683,0.07848401872456169,5.840316698630681e-17,0.7884758236486967,True,True
ceh5,1,C1 (Lake Edge),4.8,5.355632786603773,1.0795008074252888,0.0769178359966923,6.877543327727118e-17,0.7877682674083266,True,True
ceh5,1,C1 (Lake Edge),4.9,5.35985279829964,1.0679875673228802,0.07541100251739599,8.053926478081076e-17,0.7870826479737522,True,True
ceh5,1,C1 (Lake Edge),5.0,5.3638556967664535,1.0569745697589474,0.07396030233598674,9.381558193492434e-17,0.78641802793963,True,True
ceh5,1,C1 (Lake Edge),5.1,5.36765609429227,1.0464315220826494,0.07256274143427635,1.0872869060029558e-16,0.7857735171045588,True,True
ceh5,1,C1 (Lake Edge),5.2,5.371267402245038,1.0363304386161163,0.071215529436168,1.254058453136517e-16,0.7851482701189918,True,True
ceh5,1,C1 (Lake Edge),5.3,5.374701946618959,1.0266454317281668,0.06991606304274059,1.439768021699662e-16,0.7845414841907891,True,True
ceh5,1,C1 (Lake Edge),5.4,5.377971070935038,1.0173525246202035,0.0686619110123719,1.64573366021079e-16,0.7839523968631246,True,True
ceh5,1,C1 (Lake Edge),5.5,5.381085228037433,1.0084294832991398,0.06745080052578467,1.873289363494384e-16,0.783380283874757,True,True
ceh5,1,C1 (Lake Edge),5.6,5.384054062121169,0.9998556655347464,0.06628060479384404,2.1237805581610342e-16,0.7828244571090377,True,True
ceh5,1,C1 (Lake Edge),5.7,5.3868864821502225,0.9916118848767852,0.065149331781759,2.3985596509793146e-16,0.7822842626352394,True,True
ceh5,1,C1 (Lake Edge),5.8,5.389590727675138,0.9836802880470273,0.06405511393731397,2.6989816723906246e-16,0.7817590788436584,True,True
ceh5,1,C1 (Lake Edge),5.9,5.392174427927838,0.9760442442290403,0.0629961988230837,3.026400043500567e-16,0.781248314674342,True,True
ceh5,1,C1 (Lake Edge),6.0,5.394644654961667,0.9686882449582828,0.061970940563463986,3.382162490971181e-16,0.7807514079380956,True,True
ceh5,1,C1 (Lake Edge),6.1,5.397007971506936,0.9615978134713103,0.06097779202698877,3.767607130580278e-16,0.7802678237275497,True,True
ceh5,1,C1 (Lake Edge),6.2,5.399270474129726,0.9547594225080471,0.06001529767290979,4.1840587365029186e-16,0.7797970529154445,True,True
ceh5,1,C1 (Lake Edge),6.3,5.401437832210059,0.9481604196798985,0.05908208699853562,4.632825210164178e-16,0.7793386107368651,True,True
ceh5,1,C1 (Lake Edge),6.4,5.403515323192498,0.9417889596187292,0.058176868530520565,5.115194259184115e-16,0.7788920354518796,True,True
ceh5,1,C1 (Lake Edge),6.5,5.40550786450844,0.9356339422124951,0.057298424309198855,5.632430294226582e-16,0.7784568870848816,True,True
ceh5,1,C1 (Lake Edge),6.6,5.40742004252248,0.929684956311244,0.056445604820305695,6.185771548729838e-16,0.7780327462368627,True,True
ceh5,1,C1 (Lake Edge),6.7,5.409256138813369,0.9239322283570125,0.055617324333117175,6.776427424248956e-16,0.7776192129668456,True,True
ceh5,1,C1 (Lake Edge),6.8,5.4110201540653025,0.9183665754510104,0.05481255660814823,7.405576061936942e-16,0.7772159057387555,True,True
ceh5,1,C1 (Lake Edge),6.9,5.412715829812975,0.9129793624251988,0.054030330941287404,8.07436213877929e-16,0.7768224604300953,True,True
ceh5,1,C1 (Lake Edge),7.0,5.4143466682567425,0.9077624625320685,0.0532697285145003,8.783894885609475e-16,0.7764385293989055,True,True
ceh5,1,C1 (Lake Edge),7.1,5.415915950340386,0.9027082214076669,0.05252987902619265,9.535246322470714e-16,0.7760637806056214,True,True
ceh5,1,C1 (Lake Edge),7.2,5.417426752262482,0.8978094239995946,0.051809957576928745,1.0329449705649785e-15,0.7756978967865844,True,True
ceh5,1,C1 (Lake Edge),7.3,5.418881960573573,0.8930592641838313,0.05110918178855972,1.1167498179756743e-15,0.7753405746761173,True,True
ceh5,1,C1 (Lake Edge),7.4,5.420284285995847,0.8884513168227887,0.050426809136897746,1.2050343627308903e-15,0.7749915242742276,True,True
ceh5,1,C1 (Lake Edge),7.5,5.4216362760860655,0.8839795120424837,0.04976213447996075,1.297889570764595e-15,0.7746504681571564,True,True
ceh5,1,C1 (Lake Edge),7.6,5.422940326851421,0.8796381115291038,0.04911448776548663,1.3954021076634894e-15,0.7743171408281494,True,True
ceh5,1,C1 (Lake Edge),7.7,5.424198693415065,0.8754216866650802,0.048483231902937934,1.4976542777824446e-15,0.7739912881059665,True,True
ceh5,1,C1 (Lake Edge),7.8,5.4254134998189425,0.8713250983430283,0.04786776078656726,1.6047239796040297e-15,0.7736726665488038,True,True
ceh5,1,C1 (Lake Edge),7.9,5.426586748042881,0.8673434783111589,0.04726749745733265,1.7166846763741218e-15,0.7733610429114297,True,True
ceh5,1,C1 (Lake Edge),8.0,5.427720326309687,0.8634722119186212,0.04668189239257104,1.8336053810665595e-15,0.7730561936334807,True,True
ceh6,1,C1 (Lake Edge),0.5,4.029680120754049,3.26598180377517,0.46842561234245456,2.2887940342325063e-29,0.8272724058669025,True,True
ceh6,1,C1 (Lake Edge),0.6,4.2119709839635835,2.8723435461572504,0.43949211820949247,1.3464572196661346e-29,0.8291447589805174,True,True
ceh6,1,C1 (Lake Edge),0.7,4.365650385930933,2.5240543228411054,0.4124064303929409,1.3758019262031332e-29,0.8290690672202123,True,True
ceh6,1,C1 (Lake Edge),0.8,4.495376791157824,2.2167311457873087,0.3873594714603653,2.0490741902710968e-29,0.8276645313205698,True,True
ceh6,1,C1 (Lake Edge),0.9,4.605200914006604,1.9456236591880098,0.36436333351387334,3.8956295693491696e-29,0.8253750394416293,True,True
ceh6,1,C1 (Lake Edge),1.0,4.698536265287067,1.7061425726334687,0.34333213452887984,8.589809278769788e-29,0.8225156511232163,True,True
ceh6,1,C1 (Lake Edge),1.1,4.778209895686155,1.494100605493827,0.3241314110800452,2.0543702531319673e-28,0.8193083991672547,True,True
ceh6,1,C1 (Lake Edge),1.2,4.846541811466851,1.305796135134869,0.30660732806578694,5.091628006403718e-28,0.8159087856430169,True,True
ceh6,1,C1 (Lake Edge),1.3,4.905428120895318,1.138015773544748,0.29060332974922015,1.2686987074263486e-27,0.8124249670194311,True,True
ceh6,1,C1 (Lake Edge),1.4,4.956417107562574,0.9879987425119617,0.275969149398292,3.1165584877421326e-27,0.8089314842444334,True,True
ceh6,1,C1 (Lake Edge),1.5,5.000774532281845,0.8533862710000423,0.26256526180999123,7.455895076170521e-27,0.805479033479,True,True
ceh6,1,C1 (Lake Edge),1.6,5.0395378027162,0.732168036897771,0.2502646786078845,1.7246562811295435e-26,0.8021014054130283,True,True
ceh6,1,C1 (Lake Edge),1.7,5.073560053570171,0.6226314566087903,0.23895324098840034,3.8425444627505216e-26,0.7988204146662238,True,True
ceh6,1,C1 (Lake Edge),1.8,5.103545635990253,0.52331626741709,0.22852910312737146,8.232981570327036e-26,0.7956494064846064,True,True
ceh6,1,C1 (Lake Edge),1.9,5.130078535001309,0.43297509781180027,0.21890181662972744,1.696139220843351e-25,0.792595756419979,True,True
ceh6,1,C1 (Lake Edge),2.0,5.153645075812525,0.35053985951136213,0.2099912543852754,3.362653539298473e-25,0.7896626560107903,True,True
ceh6,1,C1 (Lake Edge),2.1,5.174652067758895,0.2750934136799412,0.20172650831886804,6.424198775194173e-25,0.7868503908385422,True,True
ceh6,1,C1 (Lake Edge),2.2,5.1934413245182345,0.20584583462268458,0.19404483333446862,1.1847216036652581e-24,0.7841572564999816,True,True
ceh6,1,C1 (Lake Edge),2.3,5.210301313298148,0.14211459123399556,0.1868906729656553,2.1129637619635134e-24,0.781580215407305,True,True
ceh6,1,C1 (Lake Edge),2.4,5.225476530087923,0.0833080214088438,0.18021478087810827,3.651664779148735e-24,0.7791153674403577,True,True
ceh6,1,C1 (Lake Edge),2.5,5.2391750718451515,0.028911551409139313,0.17397344031658407,6.1270843062434064e-24,0.7767582864718771,True,True
ceh6,1,C1 (Lake Edge),2.6,5.251574775931232,-0.0215238075392305,0.1681277771197281,9.99997252646689e-24,0.7745042599789669,True,True
ceh6,1,C1 (Lake Edge),2.7,5.262828217847751,-0.06839107803290151,0.16264315876543195,1.590408905832867e-23,0.7723484584724941,True,True
ceh6,1,C1 (Lake Edge),2.8,5.273066796219348,-0.11203537685453602,0.157488670672966,2.469024546548988e-23,0.7702860540247586,True,True
ceh6,1,C1 (Lake Edge),2.9,5.2824040854442185,-0.15276068623879596,0.15263666083715322,3.747534017047601e-23,0.7683123018546403,True,True
ceh6,1,C1 (Lake Edge),3.0,5.290938598553268,-0.19083555762663196,0.1480623443003281,5.569558797707253e-23,0.7664225951121936,True,True
ceh6,1,C1 (Lake Edge),3.1,5.2987560732300185,-0.22649792990882917,0.14374345968020213,8.116291687396282e-23,0.7646125002540177,True,True
ceh6,1,C1 (Lake Edge),3.2,5.30593137079531,-0.2599592115885674,0.1396599707917219,1.161233261567122e-22,0.7628777784100954,True,True
ceh6,1,C1 (Lake Edge),3.3,5.3125300598098395,-0.29140774961719046,0.1357938072301309,1.633158807022613e-22,0.7612143966962484,True,True
ceh6,1,C1 (Lake Edge),3.4,5.318609741675827,-0.32101178586588275,0.13212863856825718,2.2603095969934683e-22,0.7596185323711848,True,True
ceh6,1,C1 (Lake Edge),3.5,5.324221164362594,-0.3489219844139666,0.12864967753827455,3.0816638277984113e-22,0.7580865719647133,True,True
ceh6,1,C1 (Lake Edge),3.6,5.3294091614729275,-0.3752735983246085,0.1253435082075416,4.1428009696518004e-22,0.756615106936534,True,True
ceh6,1,C1 (Lake Edge),3.7,5.334213446793058,-0.40018833273026966,0.12219793571925666,5.496382160244541e-22,0.7552009270074146,True,True
ceh6,1,C1 (Lake Edge),3.8,5.338669288831346,-0.4237759513622716,0.11920185465600747,7.202573499192653e-22,0.7538410119963916,True,True
ceh6,1,C1 (Lake Edge),3.9,5.342808085341359,-0.4461356657245364,0.11634513350454136,9.329403354677811e-22,0.7525325227698388,True,True
ceh6,1,C1 (Lake Edge),4.0,5.346657854204822,-0.4673573395995866,0.11361851306069903,1.1953046697740416e-21,0.7512727917396589,True,True
ceh6,1,C1 (Lake Edge),4.1,5.35024365413352,-0.48752253621912645,0.11101351692194741,1.5158031456684365e-21,0.7500593132230444,True,True
ceh6,1,C1 (Lake Edge),4.2,5.3535879462903075,-0.5067054310158643,0.10852237247832955,1.9037363848737707e-21,0.7488897338838783,True,True
ceh6,1,C1 (Lake Edge),4.3,5.356710906016154,-0.5249736092235179,0.10613794103722571,2.3692571527702198e-21,0.747761843407567,True,True
ceh6,1,C1 (Lake Edge),4.4,5.359630692291273,-0.5423887645676833,0.10385365590878437,2.923366512891545e-21,0.7466735655107637,True,True
ceh6,1,C1 (Lake Edge),4.5,5.362363681285089,-0.5590073127779024,0.10166346744211725,3.577902035629389e-21,0.74562294935046,True,True
ceh6,1,C1 (Lake Edge),4.6,5.364924669305741,-0.5748809315583269,0.09956179414154145,4.3455184113321685e-21,0.7446081613699366,True,True
ceh6,1,C1 (Lake Edge),4.7,5.36732704960095,-0.590057036906348,0.09754347911101045,5.2396609317088345e-21,0.7436274775994955,True,True
ceh6,1,C1 (Lake Edge),4.8,5.369582966753498,-0.6045792042051502,0.09560375117640973,6.274532394816017e-21,0.7426792764159086,True,True
ceh6,1,C1 (Lake Edge),4.9,5.371703451827498,-0.6184875412872194,0.09373819012227107,7.465054058368681e-21,0.7417620317546383,True,True
ceh6,1,C1 (Lake Edge),5.0,5.373698540934992,-0.6318190196314746,0.09194269555387713,8.826821314941798e-21,0.7408743067621115,True,True
ceh6,1,C1 (Lake Edge),5.1,5.375577379486012,-0.6446077689840671,0.09021345895957625,1.0376054792354424e-20,0.7400147478708087,True,True
ceh6,1,C1 (Lake Edge),5.2,5.377348314047008,-0.6568853399542949,0.0885469386029922,1.2129547595196988e-20,0.7391820792771089,True,True
ceh6,1,C1 (Lake Edge),5.3,5.379018973447938,-0.6686809385111362,0.08693983692202559,1.4104609401158004e-20,0.7383750978002377,True,True
ceh6,1,C1 (Lake Edge),5.4,5.380596340540502,-0.6800216357732308,0.08538908015223365,1.6319008110718158e-20,0.737592668099958,True,True
ceh6,1,C1 (Lake Edge),5.5,5.382086815808632,-0.690932556031966,0.08389179992732859,1.8790909723291003e-20,0.7368337182305896,True,True
ceh6,1,C1 (Lake Edge),5.6,5.383496273862806,-0.70143704555932,0.08244531663992485,2.153881707861621e-20,0.7360972355093289,True,True
ceh6,1,C1 (Lake Edge),5.7,5.384830113706623,-0.7115568244209336,0.0810471243719909,2.4581508061787537e-20,0.7353822626775401,True,True
ceh6,1,C1 (Lake Edge),5.8,5.386093303541679,-0.7213121232299695,0.0796948772273251,2.7937973824892306e-20,0.7346878943345917,True,True
ceh6,1,C1 (Lake Edge),5.9,5.387290420772816,-0.7307218065326126,0.07838637691822752,3.162735752948963e-20,0.7340132736248376,True,True
ceh6,1,C1 (Lake Edge),6.0,5.3884256877886045,-0.7398034843054822,0.07711956147585672,3.5668894064350054e-20,0.7333575891594386,True,True
ceh6,1,C1 (Lake Edge),6.1,5.3895030040148715,-0.748573612862657,0.07589249496882579,4.0081851141348354e-20,0.7327200721558396,True,True
ceh6,1,C1 (Lake Edge),6.2,5.390525974675264,-0.7570475863130945,0.07470335812779319,4.488547212258405e-20,0.7320999937788378,True,True
ceh6,1,C1 (Lake Edge),6.3,5.391497936636901,-0.7652398195718797,0.07355043978533052,5.009892088180499e-20,0.7314966626682701,True,True
ceh6,1,C1 (Lake Edge),6.4,5.392421981671387,-0.7731638238106863,0.07243212905045923,5.574122895646859e-20,0.7309094226393996,True,True
ceh6,1,C1 (Lake Edge),6.5,5.393300977420147,-0.7808322751293691,0.07134690814613266,6.183124520123044e-20,0.7303376505430971,True,True
ceh6,1,C1 (Lake Edge),6.6,5.394137586317757,-0.7882570771402548,0.07029334584573285,6.838758811165518e-20,0.7297807542738557,True,True
ceh6,1,C1 (Lake Edge),6.7,5.394934282695237,-0.7954494180785869,0.06927009145153884,7.542860094751792e-20,0.7292381709145872,True,True
ceh6,1,C1 (Lake Edge),6.8,5.395693368259753,-0.8024198229830888,0.06827586926417772,8.297230974859557e-20,0.7287093650079768,True,True
ceh6,1,C1 (Lake Edge),6.9,5.396416986123041,-0.8091782014309253,0.06730947349741102,9.103638430370412e-20,0.7281938269449693,True,True
ceh6,1,C1 (Lake Edge),7.0,5.397107133530497,-0.8157338912576372,0.06636976359738775,9.963810210280332e-20,0.7276910714616778,True,True
ceh6,1,C1 (Lake Edge),7.1,5.39776567342626,-0.8220956986467476,0.06545565992963456,1.0879431527677362e-19,0.7272006362366903,True,True
ceh6,1,C1 (Lake Edge),7.2,5.398394344973141,-0.8282719349319163,0.06456613980082723,1.1852142050458209e-19,0.7267220805813692,True,True
ceh6,1,C1 (Lake Edge),7.3,5.398994773133047,-0.8342704504189955,0.06370023378566073,1.288353318488403e-19,0.7262549842163197,True,True
ceh6,1,C1 (Lake Edge),7.4,5.399568477402463,-0.8400986655025939,0.0628570223320938,1.3975145645997092e-19,0.7257989461277339,True,True
ceh6,1,C1 (Lake Edge),7.5,5.4001168797856955,-0.8457635993241674,0.06203563262086573,1.5128467307845176e-19,0.725353583497811,True,True
ceh6,1,C1 (Lake Edge),7.6,5.4006413120811345,-0.8512718961927256,0.06123523565750156,1.634493132474737e-19,0.7249185307039036,True,True
ceh6,1,C1 (Lake Edge),7.7,5.401143022546347,-0.8566298499676287,0.06045504357714143,1.7625914514054865e-19,0.7244934383814561,True,True
ceh6,1,C1 (Lake Edge),7.8,5.401623182001736,-0.8618434265827145,0.05969430714436286,1.8972735989971819e-19,0.7240779725461877,True,True
ceh6,1,C1 (Lake Edge),7.9,5.402082889425262,-0.8669182848733269,0.058952313431860796,2.03866560372967e-19,0.7236718137713178,True,True
ceh6,1,C1 (Lake Edge),8.0,5.402523177086644,-0.8718597958524,0.05822838366334171,2.186887521352175e-19,0.7232746564159629,True,True
ceh9,3,C3 (Western Residual),0.5,2.1892121129597046,3.1348445016619113,0.09341547440002464,0.0006632078105649553,0.776878201985363,True,True
ceh9,3,C3 (Western Residual),0.6,2.244112710456389,3.067419741707816,0.09708842401933973,0.00025420123516929285,0.7809811487060024,True,True
ceh9,3,C3 (Western Residual),0.7,2.3055550372392757,2.9932525838685535,0.09887539640389009,0.0001076550439293625,0.784619129374681,True,True
ceh9,3,C3 (Western Residual),0.8,2.369781691135207,2.91666403647881,0.09905309416606739,5.1263457038560474e-05,0.7877281159456545,True,True
ceh9,3,C3 (Western Residual),0.9,2.433773784608531,2.841066553310699,0.0979504464159359,2.75828233513176e-05,0.7903004296124878,True,True
ceh9,3,C3 (Western Residual),1.0,2.4953653534988343,2.768858131187516,0.09589400884575427,1.6692173100460525e-05,0.7923677355903356,True,True
ceh9,3,C3 (Western Residual),1.1,2.5531798100568297,2.7015166437430063,0.09317440708337475,1.1240252708658994e-05,0.7939842641161662,True,True
ceh9,3,C3 (Western Residual),1.2,2.606478620384139,2.639788353068557,0.09003141202846611,8.307444504520193e-06,0.7952135307078838,True,True
ceh9,3,C3 (Western Residual),1.3,2.6549898782616923,2.5838932160937866,0.08665187293704708,6.6420281008651755e-06,0.7961193842490415,True,True
ceh9,3,C3 (Western Residual),1.4,2.698754682830274,2.533705009320766,0.08317480747979503,5.666095244016926e-06,0.796760834630524,True,True
ceh9,3,C3 (Western Residual),1.5,2.7380060165753877,2.488891099211833,0.07969945754525376,5.0938743280478215e-06,0.7971896341512834,True,True
ceh9,3,C3 (Western Residual),1.6,2.773081146476823,2.4490120509714,0.07629377264696934,4.775031128275613e-06,0.7974496191162388,True,True
ceh9,3,C3 (Western Residual),1.7,2.8043624113021646,2.4135879011616757,0.07300204802975957,4.626008248077359e-06,0.7975770462699421,True,True
ceh9,3,C3 (Western Residual),1.8,2.832239603757883,2.3821394455315987,0.0698512436333015,4.598042726623031e-06,0.7976014085236605,True,True
ceh9,3,C3 (Western Residual),1.9,2.857087665589733,2.3542120459972526,0.0668559432676298,4.661405975001272e-06,0.7975464163404047,True,True
ceh9,3,C3 (Western Residual),2.0,2.879254682018098,2.3293878407999227,0.0640221102622021,4.797230985442421e-06,0.7974309719264603,True,True
ceh9,3,C3 (Western Residual),2.1,2.8990564941857837,2.3072906198171057,0.06134985949294766,4.993075838336676e-06,0.7972700524819216,True,True
ceh9,3,C3 (Western Residual),2.2,2.9167753712643796,2.287586290923637,0.05883546334494799,5.240415980721781e-06,0.7970754708829206,True,True
ceh9,3,C3 (Western Residual),2.3,2.932661035490641,2.269980865504268,0.056472779603760855,5.533175846828386e-06,0.7968565102888373,True,True
ceh9,3,C3 (Western Residual),2.4,2.946932939967017,2.2542171892382203,0.054254252577080594,5.866842713175908e-06,0.7966204427785738,True,True
ceh9,3,C3 (Western Residual),2.5,2.9597831132445798,2.2400711702545117,0.05217160412807076,6.2379182875742155e-06,0.7963729474870062,True,True
ceh9,3,C3 (Western Residual),2.6,2.9713791587943588,2.22734794653935,0.05021630215300256,6.643572362590549e-06,0.7961184447034555,True,True
ceh9,3,C3 (Western Residual),2.7,2.98186717419184,2.215878236848562,0.048379870951958906,7.08142067645426e-06,0.7958603612716406,True,True
ceh9,3,C3 (Western Residual),2.8,2.991374466015901,2.205514996766111,0.046654090324706445,7.549380907723242e-06,0.7956013406543062,True,True
ceh9,3,C3 (Western Residual),2.9,3.000012004568173,2.196130427739271,0.04503111709624408,8.04557876972759e-06,0.7953434088561606,True,True
ceh9,3,C3 (Western Residual),3.0,3.007876602871855,2.1876133442150576,0.04350355314906813,8.568286717556965e-06,0.7950881053541669,True,True
ceh9,3,C3 (Western Residual),3.1,3.0150528272082284,2.179866880731627,0.0420644770556185,9.11588411830177e-06,0.794836586395208,True,True
ceh9,3,C3 (Western Residual),3.2,3.0216146583590944,2.172806509428878,0.040707451377631904,9.686831641549276e-06,0.7945897065206466,True,True
ceh9,3,C3 (Western Residual),3.3,3.027626928034504,2.166358334117742,0.03942651410112065,1.027965509113102e-05,0.7943480829513492,True,True
ceh9,3,C3 (Western Residual),3.4,3.033146556398679,2.160457626764648,0.03821616011135374,1.0892935485991878e-05,0.7941121464818948,True,True
ceh9,3,C3 (Western Residual),3.5,3.0382236158712934,2.155047574138186,0.037071316791054014,1.1525303238912122e-05,0.7938821817502253,True,True
ceh9,3,C3 (Western Residual),3.6,3.0429022445181024,2.150078205298218,0.03598731653584436,1.2175434975724689e-05,0.7936583591318221,True,True
ceh9,3,C3 (Western Residual),3.7,3.047221429992746,2.1455054739160313,0.03495986807155019,1.2842052006095306e-05,0.7934407600229019,True,True
ceh9,3,C3 (Western Residual),3.8,3.0512156825133587,2.141290472721159,0.03398502781894738,1.3523919776724913e-05,0.7932293968976541,True,True
ceh9,3,C3 (Western Residual),3.9,3.0549156129580224,2.137398760474304,0.03305917210475533,1.4219847857848747e-05,0.7930242292277964,True,True
ceh9,3,C3 (Western Residual),4.0,3.058348429952591,2.1337997846735606,0.032178970707355106,1.4928690165804766e-05,0.7928251761207252,True,True
ceh9,3,C3 (Western Residual),4.1,3.0615383678404524,2.1304663856809967,0.031341362012006595,1.5649345229876457e-05,0.7926321263511149,True,True
ceh9,3,C3 (Western Residual),4.2,3.064507055681819,2.1273743701124594,0.03054352990498929,1.63807563843237e-05,0.7924449463187784,True,True
ceh9,3,C3 (Western Residual),4.3,3.067273835919723,2.124502143186831,0.02978288243887461,1.7121911816592975e-05,0.7922634863542753,True,True
ceh9,3,C3 (Western Residual),4.4,3.069856040050165,2.1218303913128027,0.02905703223771504,1.787184443682483e-05,0.7920875857063353,True,True
ceh9,3,C3 (Western Residual),4.5,3.0722692275268932,2.119341807533992,0.028363778571111463,1.8629631556720634e-05,0.7919170764764063,True,True
ceh9,3,C3 (Western Residual),4.6,3.074527393186153,2.1170208535885173,0.027701091002656893,1.939439438047354e-05,0.7917517867114356,True,True
ceh9,3,C3 (Western Residual),4.7,3.0766431476806426,2.1148535532980675,0.027067094505964822,2.0165297320205634e-05,0.7915915428231939,True,True
ceh9,3,C3 (Western Residual),4.8,3.078627874733023,2.1128273128086787,0.026460055936824843,2.0941547153411248e-05,0.7914361714685618,True,True
ceh9,3,C3 (Western Residual),4.9,3.080491868450508,2.1109307638859494,0.02587837175032353,2.1722392043029757e-05,0.791285500998333,True,True
ceh9,3,C3 (Western Residual),5.0,3.0822444534576325,2.1091536270401896,0.025320556855320267,2.2507120441368775e-05,0.791139362560717,True,True
ceh9,3,C3 (Western Residual),5.1,3.083894090197867,2.1074865917394225,0.024785234504143376,2.3295059899237225e-05,0.7909975909287092,True,True
ceh9,3,C3 (Western Residual),5.2,3.085448467408789,2.105921211374902,0.02427112712197614,2.4085575800203684e-05,0.7908600251069113,True,True
ceh9,3,C3 (Western Residual),5.3,3.086914583485725,2.1044498109871195,0.02377704798748042,2.487807003864308e-05,0.7907265087625179,True,True
ceh9,3,C3 (Western Residual),5.4,3.0882988182004594,2.103065406049777,0.023301893683410832,2.5671979658486215e-05,0.7905968905164773,True,True
ceh9,3,C3 (Western Residual),5.5,3.089606996033776,2.101761630854946,0.02284463724302368,2.6466775467583736e-05,0.7904710241238451,True,True
ceh9,3,C3 (Western Residual),5.6,3.0908444422020236,2.1005326752492435,0.022404321924829284,2.7261960640781192e-05,0.7903487685667235,True,True
ceh9,3,C3 (Western Residual),5.7,3.092016032308031,2.0993732286484117,0.021980055554554807,2.8057069323337956e-05,0.7902299880786525,True,True
ceh9,3,C3 (Western Residual),5.8,3.0931262364170857,2.098278430405608,0.02157100537909271,2.8851665244001516e-05,0.7901145521156643,True,True
ceh9,3,C3 (Western Residual),5.9,3.094179158251361,2.09724382573777,0.021176393382594277,2.9645340346294846e-05,0.79000233528626,True,True
ceh9,3,C3 (Western Residual),6.0,3.095178570100242,2.096265326521173,0.02079549201983434,3.0437713444398652e-05,0.7898932172501797,True,True
ceh9,3,C3 (Western Residual),6.1,3.0961279439653966,2.095339176361851,0.020427620326445455,3.122842890948396e-05,0.7897870825939067,True,True
ceh9,3,C3 (Western Residual),6.2,3.0970304793913073,2.0944619194240697,0.02007214036970202,3.201715539073939e-05,0.7896838206892766,True,True
ceh9,3,C3 (Western Residual),6.3,3.0978891283727457,2.0936303725691277,0.01972845400720387,3.280358457438042e-05,0.789583325540292,True,True
ceh9,3,C3 (Western Residual),6.4,3.0987066176798304,2.0928416004147175,0.01939599992409822,3.358742998358272e-05,0.7894854956222176,True,True
ceh9,3,C3 (Western Residual),6.5,3.09948546889823,2.092092892974901,0.019074250922468946,3.436842582081448e-05,0.789390233716187,True,True
ceh9,3,C3 (Western Residual),6.6,3.100228016444585,2.0913817455845125,0.018762711439168182,3.514632585406069e-05,0.7892974467418784,True,True
ceh9,3,C3 (Western Residual),6.7,3.100936423785594,2.0907058408486026,0.018460915270766945,3.5920902347468896e-05,0.7892070455902653,True,True
ceh9,3,C3 (Western Residual),6.8,3.1016126980584993,2.0900630323896365,0.01816842348643724,3.669194503664779e-05,0.7891189449580001,True,True
ceh9,3,C3 (Western Residual),6.9,3.1022587032708877,2.0894513301938984,0.017884822511491587,3.7459260148665314e-05,0.7890330631846278,True,True
ceh9,3,C3 (Western Residual),7.0,3.1028761722307188,2.088868887381351,0.017609722366032164,3.8222669466022746e-05,0.7889493220935355,True,True
ceh9,3,C3 (Western Residual),7.1,3.103466717346104,2.0883139882456323,0.01734275504469027,3.8982009434171144e-05,0.788867646837305,True,True
ceh9,3,C3 (Western Residual),7.2,3.1040318404115212,2.087785037427873,0.017083573024824397,3.97371303113278e-05,0.7887879657479475,True,True
ceh9,3,C3 (Western Residual),7.3,3.1045729414884926,2.087280550104947,0.01683184789176336,4.0487895359893615e-05,0.7887102101923462,True,True
ceh9,3,C3 (Western Residual),7.4,3.105091326972957,2.0867991430861896,0.016587269070804017,4.123418007805215e-05,0.7886343144331095,True,True
ceh9,3,C3 (Western Residual),7.5,3.1055882169342994,2.0863395267244567,0.016349542656654767,4.1975871470181965e-05,0.7885602154949428,True,True
ceh9,3,C3 (Western Residual),7.6,3.106064751797212,2.085900497558949,0.016118390331904674,4.271286735492138e-05,0.7884878530365678,True,True
ceh9,3,C3 (Western Residual),7.7,3.1065219984345633,2.085480931615468,0.01589354836689865,4.344507570948536e-05,0.7884171692281582,True,True
ceh9,3,C3 (Western Residual),7.8,3.106960955727442,2.085079778298876,0.015674766694122724,4.4172414048450985e-05,0.7883481086342183,True,True
ceh9,3,C3 (Western Residual),7.9,3.1073825596461067,2.084696054819272,0.0154618080508301,4.489480883605391e-05,0.7882806181017874,True,True
ceh9,3,C3 (Western Residual),8.0,3.107787687896385,2.0843288410993583,0.015254447184239163,4.5612194930140934e-05,0.788214646653834,True,True
ceh10,3,C3 (Western Residual),0.5,2.295335598077455,4.632600448357557,0.1481728212830069,0.002450165870293232,0.5429441399212249,True,True
ceh10,3,C3 (Western Residual),0.6,2.323290126286697,4.658598897621363,0.16623179356478457,0.0006399403596172674,0.5545329612884042,True,True
ceh10,3,C3 (Western Residual),0.7,2.3818303908105047,4.641706507248214,0.1821631297774341,0.00015490450498248926,0.5666230858362575,True,True
ceh10,3,C3 (Western Residual),0.8,2.468068806681523,4.583628290808969,0.19544845761524338,3.631752571118344e-05,0.5787669762657561,True,True
ceh10,3,C3 (Western Residual),0.9,2.5773511430757274,4.488841828821155,0.20578285865461188,8.641710018723026e-06,0.5905385307048197,True,True
ceh10,3,C3 (Western Residual),1.0,2.7039427333803014,4.363834907464145,0.2130884705323186,2.1811800868462274e-06,0.6015784596861719,True,True
ceh10,3,C3 (Western Residual),1.1,2.841789762833968,4.2161312943208085,0.21749016698864196,6.060281828527172e-07,0.6116226985732661,True,True
ceh10,3,C3 (Western Residual),1.2,2.9851820035201566,4.0533487634410506,0.2192655866963913,1.904501414725839e-07,0.6205111168312512,True,True
ceh10,3,C3 (Western Residual),1.3,3.1292108531630234,3.8824664208600153,0.21878554781872514,6.880089799078269e-08,0.6281795994070509,True,True
ceh10,3,C3 (Western Residual),1.4,3.269997679390738,3.709375284149421,0.2164585213903263,2.8743242095066375e-08,0.6346417310372319,True,True
ceh10,3,C3 (Western Residual),1.5,3.404728027165008,3.5386968240928036,0.21268729665556735,1.3853720610810638e-08,0.6399665681568161,True,True
ceh10,3,C3 (Western Residual),1.6,3.5315548052816688,3.3738035267059043,0.20784037139215225,7.638320085772574e-09,0.6442573853811864,True,True
ceh10,3,C3 (Western Residual),1.7,3.649433756786126,3.2169626577033985,0.20223671792914796,4.758570397439077e-09,0.6476341336934033,True,True
ceh10,3,C3 (Western Residual),1.8,3.757939972053748,3.0695355214709705,0.19614073775103472,3.30231839178293e-09,0.6502205233978939,True,True
ceh10,3,C3 (Western Residual),1.9,3.8570960033332513,2.93218492567126,0.18976391799516654,2.515614878667547e-09,0.6521354754358573,True,True
ceh10,3,C3 (Western Residual),2.0,3.947226635892168,2.8050635291832897,0.18327023722167857,2.073974394017813e-09,0.653488127623918,True,True
ceh10,3,C3 (Western Residual),2.1,4.028844710715213,2.6879709319688256,0.1767831805536788,1.8265804923674947e-09,0.6543754472539711,True,True
ceh10,3,C3 (Western Residual),2.2,4.1025662788284665,2.5804770705559528,0.17039299637943467,1.6986830102157109e-09,0.6548815941976474,True,True
ceh10,3,C3 (Western Residual),2.3,4.169050576117749,2.4820147245638697,0.16416342828339256,1.651371173178123e-09,0.6550783595515897,True,True
ceh10,3,C3 (Western Residual),2.4,4.228959569796672,2.3919461515147207,0.15813756839764498,1.6637868803349455e-09,0.655026193756135,True,True
ceh10,3,C3 (Western Residual),2.5,4.28293216942922,2.30960929589364,0.1523427331581207,1.7247426979215698e-09,0.6547754987244047,True,True
ceh10,3,C3 (Western Residual),2.6,4.331568987050796,2.234348547292758,0.1467944034304588,1.8285362300150767e-09,0.6543679805822297,True,True
ceh10,3,C3 (Western Residual),2.7,4.375424417647337,2.165534197596177,0.14149933770924245,1.97274535768966e-09,0.6538379456104961,True,True
ceh10,3,C3 (Western Residual),2.8,4.415003621326121,2.102573867631857,0.13645798942295823,2.157006743550573e-09,0.6532134790388003,True,True
ceh10,3,C3 (Western Residual),2.9,4.450762657743706,2.0449183808981157,0.1316663575109589,2.3823047493458852e-09,0.6525174821737239,True,True
ceh10,3,C3 (Western Residual),3.0,4.48311054357146,1.9920639067040806,0.12711738602758188,2.6505361201333534e-09,0.651768564545113,True,True
ceh10,3,C3 (Western Residual),3.1,4.5124123918028305,1.9435516815720808,0.12280201093681112,2.964229180469342e-09,0.6509817993440938,True,True
ceh10,3,C3 (Western Residual),3.2,4.53899307245716,1.898966229625706,0.11870993444209788,3.3263526397106886e-09,0.6501693559802376,True,True
ceh10,3,C3 (Western Residual),3.3,4.563141032520158,1.857932716924942,0.11483019103904314,3.740178211806376e-09,0.6493410255199976,True,True
ceh10,3,C3 (Western Residual),3.4,4.585112050117008,1.8201138685497127,0.11115155569610764,4.2091768130546496e-09,0.6485046546564049,True,True
ceh10,3,C3 (Western Residual),3.5,4.605132790936646,1.7852067309843778,0.10766283324979116,4.736936664283716e-09,0.647666502687197,True,True
ceh10,3,C3 (Western Residual),3.6,4.623404096733038,1.7529394601569697,0.10435305903760576,5.327096451459193e-09,0.646831534340909,True,True
ceh10,3,C3 (Western Residual),3.7,4.640103975825779,1.723068245108999,0.1012116336618602,5.983289470103398e-09,0.6460036595321892,True,True
ceh10,3,C3 (Western Residual),3.8,4.6553902907521865,1.6953744295570163,0.09822840923787456,6.7090962882342326e-09,0.6451859294353502,True,True
ceh10,3,C3 (Western Residual),3.9,4.669403153421326,1.6696618618426093,0.0953937402162073,7.508004400956676e-09,0.6443806967298857,True,True
ceh10,3,C3 (Western Residual),4.0,4.682267046657923,1.6457544831051525,0.09269850860862652,8.383373894753307e-09,0.6435897465282439,True,True
ceh10,3,C3 (Western Residual),4.1,4.6940926952261535,1.623494150491554,0.09013413096837421,9.338408451364945e-09,0.6428144033481171,True,True
ceh10,3,C3 (Western Residual),4.2,4.704978710867946,1.6027386843980338,0.08769255259737685,1.0376131195236712e-08,0.6420556185262161,True,True
ceh10,3,C3 (Western Residual),4.3,4.715013035643429,1.583360124408398,0.08536623303533442,1.149936498162877e-08,0.6413140416679952,True,True
ceh10,3,C3 (Western Residual),4.4,4.724274206628462,1.5652431765636565,0.08314812581822018,1.2710716769672718e-08,0.6405900790659598,True,True
ceh10,3,C3 (Western Residual),4.5,4.732832463267629,1.5482838340496745,0.0810316546922294,1.4012565746599767e-08,0.6398839414764232,True,True
ceh10,3,C3 (Western Residual),4.6,4.740750716698066,1.5323881537648427,0.07901068786879864,1.5407054879234974e-08,0.6391956832012109,True,True
ceh10,3,C3 (Western Residual),4.7,4.74808539833162,1.517471172150433,0.07707951145784411,1.6896085573844137e-08,0.6385252340595984,True,True
ceh10,3,C3 (Western Residual),4.8,4.754887203025668,1.5034559448804197,0.07523280288238099,1.8481315129811627e-08,0.6378724255419764,True,True
ceh10,3,C3 (Western Residual),4.9,4.761201740340389,1.4902726963525357,0.07346560482986195,2.0164156679124496e-08,0.6372370121980027,True,True
ceh10,3,C3 (Western Residual),5.0,4.767070105710025,1.4778580662896124,0.07177330011259256,2.1945781312171048e-08,0.6366186891180802,True,True
ceh10,3,C3 (Western Residual),5.1,4.772529381853729,1.4661544420891666,0.07015158767519605,2.38271221023454e-08,0.6360171062094677,True,True
ceh10,3,C3 (Western Residual),5.2,4.777613079415618,1.4551093668088808,0.06859645988918289,2.5808879756254667e-08,0.6354318798402958,True,True
ceh10,3,C3 (Western Residual),5.3,4.782351524648615,1.4446750138282787,0.06710418120405204,2.7891529632645382e-08,0.6348626023206341,True,True
ceh10,3,C3 (Western Residual),5.4,4.786772200924754,1.4348077202742993,0.06567126817402147,3.0075329891407606e-08,0.6343088496050018,True,True
ceh10,3,C3 (Western Residual),5.5,4.790900049958047,1.4254675722402341,0.06429447084434295,3.236033055304268e-08,0.6337701875316347,True,True
ceh10,3,C3 (Western Residual),5.6,4.794757737843076,1.4166180356670044,0.06297075545718975,3.474638326850848e-08,0.6332461768574773,True,True
ceh10,3,C3 (Western Residual),5.7,4.798365890337075,1.4082256275010412,0.06169728842143237,3.723315161908507e-08,0.6327363773018329,True,True
ceh10,3,C3 (Western Residual),5.8,4.801743301226478,1.4002596224001276,0.06047142148097549,3.9820121784961775e-08,0.6322403507739593,True,True
ceh10,3,C3 (Western Residual),5.9,4.804907117112238,1.392691790837855,0.05929067801109242,4.250661344030079e-08,0.6317576639290472,True,True
ceh10,3,C3 (Western Residual),6.0,4.807873001509137,1.3854961649648607,0.05815274037011085,4.5291790749606925e-08,0.6312878901717369,True,True
ceh10,3,C3 (Western Residual),6.1,4.810655280779007,1.378648829030638,0.05705543823392563,4.817467335763542e-08,0.6308306112055456,True,True
ceh10,3,C3 (Western Residual),6.2,4.813267074086789,1.3721277315593876,0.05599673784249538,5.11541472797676e-08,0.6303854182094963,True,True
ceh10,3,C3 (Western Residual),6.3,4.815720409288881,1.365912516814346,0.05497473209016114,5.422897561507201e-08,0.6299519127091698,True,True
ceh10,3,C3 (Western Residual),6.4,4.818026326417164,1.359984373383139,0.05398763139497169,5.739780901610606e-08,0.6295297071977954,True,True
ceh10,3,C3 (Western Residual),6.5,4.820194970212245,1.3543258979772301,0.0530337552859227,6.065919586236638e-08,0.629118425553423,True,True
ceh10,3,C3 (Western Residual),6.6,4.822235672974428,1.3489209727665807,0.05211152465089827,6.401159209410423e-08,0.628717703290296,True,True
ceh10,3,C3 (Western Residual),6.7,4.824157028844105,1.3437546547696382,0.05121945459204656,6.745337067284637e-08,0.6283271876759962,True,True
ceh10,3,C3 (Western Residual),6.8,4.825966960485311,1.3388130759936465,0.05035614783917553,7.098283064378774e-08,0.6279465377405018,True,True
ceh10,3,C3 (Western Residual),6.9,4.827672779025064,1.3340833531721392,0.049520288675524354,7.45982057813242e-08,0.6275754241987996,True,True
ceh10,3,C3 (Western Residual),7.0,4.82928123800011,1.3295535060809018,0.04871063733379325,7.829767280645823e-08,0.6272135293049566,True,True
ceh10,3,C3 (Western Residual),7.1,4.830798581969535,1.3252123835308147,0.047926024823732274,8.207935916992174e-08,0.6268605466524519,True,True
ceh10,3,C3 (Western Residual),7.2,4.832230590375117,1.321049596238164,0.047165348155722465,8.594135039864244e-08,0.6265161809329964,True,True
ceh10,3,C3 (Western Residual),7.3,4.833582617161119,1.317055455864764,0.04642756592773503,8.988169700914006e-08,0.6261801476639124,True,True
ceh10,3,C3 (Western Residual),7.4,4.834859626605688,1.3132209195979676,0.04571169424579924,9.389842099189759e-08,0.6258521728923713,True,True
ceh10,3,C3 (Western Residual),7.5,4.836066225764474,1.309537539711998,0.0450168029506097,9.798952187686974e-08,0.6255319928832948,True,True
ceh10,3,C3 (Western Residual),7.6,4.8372066938794305,1.3059974176125726,0.04434201212525642,1.0215298238875264e-07,0.6252193537964912,True,True
ceh10,3,C3 (Western Residual),7.7,4.8382850090669445,1.3025931619217856,0.0436864888611755,1.0638677370583443e-07,0.6249140113575682,True,True
ceh10,3,C3 (Western Residual),7.8,4.839304872563652,1.2993178502076375,0.04304944426137987,1.1068886033545967e-07,0.6246157305263051,True,True
ceh10,3,C3 (Western Residual),7.9,4.840269730776927,1.2961649940051987,0.04243013066183193,1.1505720462115711e-07,0.6243242851654582,True,True
ceh10,3,C3 (Western Residual),8.0,4.8411827953603,1.2931285068136205,0.04182783905345186,1.194897708959185e-07,0.6240394577123756,True,True
ceh11,1,C1 (Lake Edge),0.5,2.790144617161731,3.7170718983559103,0.3563612265506175,8.52949922164641e-18,0.76584235353981,True,True
ceh11,1,C1 (Lake Edge),0.6,2.9976719232005067,3.4097657752850994,0.34127789477079856,1.1339381861900332e-18,0.7753073142502331,True,True
ceh11,1,C1 (Lake Edge),0.7,3.182329346044683,3.1239207455678875,0.32474641032672896,2.7912311676551526e-19,0.7816596564218826,True,True
ceh11,1,C1 (Lake Edge),0.8,3.344329747728512,2.8634593240421014,0.3078138801022172,1.1421503081321711e-19,0.7856161028406805,True,True
ceh11,1,C1 (Lake Edge),0.9,3.485278187525961,2.629151382666957,0.2911526441452589,6.966088107910062e-20,0.7877748380738746,True,True
ceh11,1,C1 (Lake Edge),1.0,3.6073900181233043,2.419959526327559,0.27516412811816393,5.744078214355775e-20,0.7886111350290301,True,True
ceh11,1,C1 (Lake Edge),1.1,3.713027823991993,2.2339338474820662,0.26006491787535907,5.905579403846567e-20,0.7884911136977271,True,True
ceh11,1,C1 (Lake Edge),1.2,3.8044540720867,2.0687627638759976,0.24595101500942348,7.101392288002518e-20,0.7876912522177811,True,True
ceh11,1,C1 (Lake Edge),1.3,3.883716503232553,1.922089333535999,0.23284292632167822,9.511410469690489e-20,0.7864176187379726,True,True
ceh11,1,C1 (Lake Edge),1.4,3.9526093148621255,1.7916786192423488,0.22071603771125128,1.3681537898854824e-19,0.7848224338884096,True,True
ceh11,1,C1 (Lake Edge),1.5,4.012674430287635,1.6754953562708272,0.20952046783043982,2.0578225216818797e-19,0.7830174002102558,True,True
ceh11,1,C1 (Lake Edge),1.6,4.065221834572565,1.5717301765328564,0.19919371626410537,3.174517804038506e-19,0.7810840288925232,True,True
ceh11,1,C1 (Lake Edge),1.7,4.111357250181596,1.4787979536183529,0.1896685130187259,4.954088640757309e-19,0.7790814632814622,True,True
ceh11,1,C1 (Lake Edge),1.8,4.15201098340764,1.3953222621136334,0.18087753588140576,7.745676568533849e-19,0.7770523283601871,True,True
ceh11,1,C1 (Lake Edge),1.9,4.187964956754501,1.3201139768721777,0.17275611670722052,1.2051877177695523e-18,0.7750270716449884,True,True
ceh11,1,C1 (Lake Edge),2.0,4.219876695238613,1.2521484309004198,0.16524367667394257,1.857725147218048e-18,0.7730271721302024,True,True
ceh11,1,C1 (Lake Edge),2.1,4.2482999553082585,1.1905434253024696,0.15828437260830217,2.828466804214645e-18,0.7710675088099068,True,True
ceh11,1,C1 (Lake Edge),2.2,4.2737021366712495,1.134539163810298,0.15182726520550027,4.245835401809613e-18,0.7691581087728525,True,True
ceh11,1,C1 (Lake Edge),2.3,4.296478812446104,1.0834805039973536,0.14582620761893023,6.277195013955098e-18,0.7673054384511037,True,True
ceh11,1,C1 (Lake Edge),2.4,4.3169657732812,1.0368015541250835,0.14023957982556054,9.135937948317321e-18,0.7655133586423563,True,True
ceh11,1,C1 (Lake Edge),2.5,4.335448974359895,0.9940124642300252,0.1350299469446326,1.308860038309892e-17,0.763783831869662,True,True
ceh11,1,C1 (Lake Edge),2.6,4.352172737570346,0.954688182642504,0.13016368933422276,1.8461738517522436e-17,0.7621174470029889,True,True
ceh11,1,C1 (Lake Edge),2.7,4.36734651410374,0.9184589277893402,0.12561063290048818,2.5648299745990264e-17,0.7605138087477553,True,True
ceh11,1,C1 (Lake Edge),2.8,4.381150465162584,0.8850021327808363,0.1213436957628218,3.5113243003437127e-17,0.7589718269555925,True,True
ceh11,1,C1 (Lake Edge),2.9,4.393740074804166,0.8540356415259523,0.11733855970855989,4.7398195933462495e-17,0.7574899314805903,True,True
ceh11,1,C1 (Lake Edge),3.0,4.405249970904078,0.825311961436505,0.11357337010981232,6.312498003348474e-17,0.7560662315616777,True,True
ceh11,1,C1 (Lake Edge),3.1,4.4157970980577455,0.798613404636275,0.11002846510333261,8.299788429477822e-17,0.7546986337784631,True,True
ceh11,1,C1 (Lake Edge),3.2,4.425483359541261,0.7737479747334127,0.10668613316633016,1.0780461914372913e-16,0.7533849290092842,True,True
ceh11,1,C1 (Lake Edge),3.3,4.434397823551965,0.7505458786750347,0.10353039731312771,1.3841593230429796e-16,0.7521228561581328,True,True
ceh11,1,C1 (Lake Edge),3.4,4.44261857111681,0.7288565627087303,0.10054682370319792,1.7578391386260928e-16,0.7509101484523231,True,True
ceh11,1,C1 (Lake Edge),3.5,4.450214248597826,0.7085461881156174,0.09772235230605461,2.2093905743140297e-16,0.7497445666576898,True,True
ceh11,1,C1 (Lake Edge),3.6,4.457245376031825,0.689495476409018,0.09504514729464451,2.749861767559751e-16,0.7486239224767496,True,True
ceh11,1,C1 (Lake Edge),3.7,4.463765453094043,0.6715978654325478,0.09250446496124147,3.3909930190322486e-16,0.7475460945889059,True,True
ceh11,1,C1 (Lake Edge),3.8,4.469821896841026,0.6547579275659091,0.0900905371211925,4.145156964184945e-16,0.7465090391884437,True,True
ceh11,1,C1 (Lake Edge),3.9,4.47545683921488,0.6388900093617276,0.08779446816108491,5.025291469965041e-16,0.7455107964231787,True,True
ceh11,1,C1 (Lake Edge),4.0,4.4807078072920135,0.6239170586622426,0.08560814408145866,6.044826810632023e-16,0.7445494937956396,True,True
ceh11,1,C1 (Lake Edge),4.1,4.485608305203224,0.6097696108159907,0.0835241520699789,7.217608661299033e-16,0.7436233473311802,True,True
ceh11,1,C1 (Lake Edge),4.2,4.490188313355624,0.5963849102294692,0.08153570931365946,8.557818388465316e-16,0.7427306611224929,True,True
ceh11,1,C1 (Lake Edge),4.3,4.494474717899799,0.5837061473148806,0.0796365999158049,1.007989202343485e-15,0.7418698257120614,True,True
ceh11,1,C1 (Lake Edge),4.4,4.498491681191653,0.5716817940701742,0.07782111892419036,1.1798439186373307e-15,0.7410393156616115,True,True
ceh11,1,C1 (Lake Edge),4.5,4.502260962201023,0.5602650241663187,0.07608402260201466,1.372816309424136e-15,0.7402376865719258,True,True
ceh11,1,C1 (Lake Edge),4.6,4.505802194343568,0.5494132056135352,0.07442048418333908,1.5883782642247319e-15,0.7394635717510321,True,True
ceh11,1,C1 (Lake Edge),4.7,4.50913312699776,0.5390874559102858,0.0728260544512821,1.8279957401780673e-15,0.7387156786788731,True,True
ceh11,1,C1 (Lake Edge),4.8,4.512269835965396,0.5292522511096773,0.07129662656162604,2.093121623319276e-15,0.737992785378446,True,True
ceh11,1,C1 (Lake Edge),4.9,4.515226907304113,0.51987508152005,0.06982840460798237,2.385189007262908e-15,0.7372937367742898,True,True
ceh11,1,C1 (Lake Edge),5.0,4.51801759827115,0.5109261478320642,0.06841787548859782,2.7056049321738048e-15,0.7366174410969741,True,True
ceh11,1,C1 (Lake Edge),5.1,4.520653978543615,0.502378092369666,0.06706178369045367,3.055744614889528e-15,0.7359628663753139,True,True
ceh11,1,C1 (Lake Edge),5.2,4.523147054402427,0.4942057609244977,0.06575710865455647,3.4369461902344734e-15,0.7353290370451511,True,True
ceh11,1,C1 (Lake Edge),5.3,4.525506878166008,0.4863859912777482,0.06450104442821981,3.8505059739055796e-15,0.7347150306937933,True,True
ceh11,1,C1 (Lake Edge),5.4,4.527742644823993,0.47889742505864236,0.0632909813465446,4.297674248989513e-15,0.7341199749518418,True,True
ceh11,1,C1 (Lake Edge),5.5,4.529862777538742,0.47172034005145075,0.06212448951692514,4.779651570872615e-15,0.7335430445386235,True,True
ceh11,1,C1 (Lake Edge),5.6,4.531875003443904,0.46483650045642255,0.06099930390791437,5.297585579407607e-15,0.7329834584633602,True,True
ceh11,1,C1 (Lake Edge),5.7,4.533786420968138,0.4582290229454451,0.05991331086771253,5.8525683021078575e-15,0.7324404773811998,True,True
ceh11,1,C1 (Lake Edge),5.8,4.535603559741098,0.45188225663933845,0.05886453591839372,6.445633928278131e-15,0.731913401101069,True,True
ceh11,1,C1 (Lake Edge),5.9,4.537332433994246,0.44578167537907676,0.05785113269016387,7.077757030798074e-15,0.7314015662407916,True,True
ceh11,1,C1 (Lake Edge),6.0,4.538978590245685,0.4399137808732777,0.05687137287580394,7.749851210106954e-15,0.7309043440238724,True,True
ceh11,1,C1 (Lake Edge),6.1,4.540547149952186,0.434266015484956,0.05592363709932202,8.462768133295991e-15,0.7304211382116867,True,True
ceh11,1,C1 (Lake Edge),6.2,4.542042847722916,0.4288266835761963,0.05500640660498415,9.217296940210651e-15,0.7299513831644331,True,True
ceh11,1,C1 (Lake Edge),6.3,4.5434700656110945,0.42358488046358783,0.054118255683496916,1.0014163988112277e-14,0.7294945420240291,True,True
ceh11,1,C1 (Lake Edge),6.4,4.544832863933831,0.41853042815333114,0.05325784476146802,1.085403290638133e-14,0.7290501050121128,True,True
ceh11,1,C1 (Lake Edge),6.5,4.546135009014076,0.41365381712547117,0.052423914088445114,1.1737504933065305e-14,0.7286175878364081,True,True
ceh11,1,C1 (Lake Edge),6.6,4.547379998188518,0.40894615352402797,0.05161527796304108,1.2665119505821812e-14,0.7281965301988833,True,True
ceh11,1,C1 (Lake Edge),6.7,4.548571082383392,0.4043991111855379,0.05083081944600376,1.3637355080633087e-14,0.7277864943993702,True,True
ceh11,1,C1 (Lake Edge),6.8,4.5497112865233,0.4000048880047836,0.05006948551366251,1.465463015277445e-14,0.727387064028572,True,True
ceh11,1,C1 (Lake Edge),6.9,4.5508034280061604,0.39575616619391096,0.049330282610165824,1.5717304455719635e-14,0.7269978427446866,True,True
ceh11,1,C1 (Lake Edge),7.0,4.551850133449777,0.3916460760418096,0.04861227256123584,1.6825680315009853e-14,0.7266184531281713,True,True
ceh11,1,C1 (Lake Edge),7.1,4.552853853891444,0.3876681628246121,0.04791456881608288,1.7980004135478305e-14,0.7262485356094841,True,True
ceh11,1,C1 (Lake Edge),7.2,4.553816878600882,0.3838163565567775,0.04723633298752189,1.9180468001560844e-14,0.7258877474649412,True,True
ceh11,1,C1 (Lake Edge),7.3,4.554741347648488,0.38008494430658607,0.04657677166338425,2.0427211372149658e-14,0.725535761876129,True,True
ceh11,1,C1 (Lake Edge),7.4,4.555629263354919,0.3764685448293226,0.04593513346502327,2.1720322852286745e-14,0.7251922670485993,True,True
ceh11,1,C1 (Lake Edge),7.5,4.556482500733683,0.3729620852982003,0.04531070633111668,2.3059842026063647e-14,0.7248569653858538,True,True
ceh11,1,C1 (Lake Edge),7.6,4.557302817026322,0.36956077993614084,0.04470281500711218,2.4445761335971782e-14,0.7245295727148868,True,True
ceh11,1,C1 (Lake Edge),7.7,4.558091860418692,0.36626011037208883,0.04411081872257518,2.5878027995459463e-14,0.72420981755981,True,True
ceh11,1,C1 (Lake Edge),7.8,4.558851178017599,0.3630558075638669,0.043534109040413715,2.7356545922491434e-14,0.7238974404603169,True,True
ceh11,1,C1 (Lake Edge),7.9,4.559582223157955,0.3599438351456625,0.042972107863464414,2.8881177683545187e-14,0.7235921933319698,True,True
ceh11,1,C1 (Lake Edge),8.0,4.560286362104035,0.3569203740725432,0.04242426558531345,3.045174643807508e-14,0.7232938388654997,True,True
ceh13,4,C4 (Main Forest),0.5,2.0200468692634974,2.7502914433333814,0.006727108275915122,0.8081502495087413,0.581603554959726,True,False
ceh13,4,C4 (Main Forest),0.6,2.0239732677081967,2.7453701033039093,0.0068042639196111135,0.8084971984505162,0.5816026129380234,True,False
ceh13,4,C4 (Main Forest),0.7,2.0283548820614485,2.740202622339573,0.006810314029936577,0.8098485693711794,0.5815989612729805,True,False
ceh13,4,C4 (Main Forest),0.8,2.0330695066381295,2.734947459292023,0.0067415527860743354,0.8122326499068645,0.5815925869104586,True,False
ceh13,4,C4 (Main Forest),0.9,2.0379677549744573,2.729775722135731,0.006599025355286144,0.8156290958825764,0.5815836550027627,True,False
ceh13,4,C4 (Main Forest),1.0,2.0428884205430844,2.7248530826207933,0.0063885416026789165,0.8199691406098313,0.5815724958632813,True,False
ceh13,4,C4 (Main Forest),1.1,2.0476756899336355,2.720322553048509,0.00611994056389914,0.8251420814912929,0.5815595659554049,True,False
ceh13,4,C4 (Main Forest),1.2,2.05219448705655,2.716291751442992,0.005805788718050438,0.8310067061218315,0.58154539213004,True,False
ceh13,4,C4 (Main Forest),1.3,2.0563410227718553,2.7128267836689908,0.005459834162658321,0.8374052439815266,0.5815305121445534,True,False
ceh13,4,C4 (Main Forest),1.4,2.060047288160721,2.7099528561841497,0.005095554076461055,0.8441771808566403,0.5815154235312097,True,False
ceh13,4,C4 (Main Forest),1.5,2.063279961854025,2.7076600765854124,0.004725039917998691,0.8511708074374179,0.5815005483427849,True,False
ceh13,4,C4 (Main Forest),1.6,2.0660353515610628,2.705912119698066,0.004358324139704056,0.8582513368492428,0.5814862157237064,True,False
ceh13,4,C4 (Main Forest),1.7,2.0683323411055268,2.7046555341483405,0.004003126511049771,0.8653053973796828,0.581472659863769,True,False
ceh13,4,C4 (Main Forest),1.8,2.070205038420596,2.703828095732825,0.0036649222490629674,0.8722424024232944,0.5814600286683169,True,False
ceh13,4,C4 (Main Forest),1.9,2.0716962477320915,2.7033653799809123,0.003347210854054483,0.8789936353794774,0.581448398224431,True,False
ceh13,4,C4 (Main Forest),2.0,2.072852306023507,2.703205357617374,0.003051877662911151,0.8855099254949631,0.5814377890808251,True,False
ceh13,4,C4 (Main Forest),2.1,2.0737193843678305,2.703291212753998,0.002779569681436186,0.891758651625643,0.5814281817050604,True,False
ceh13,4,C4 (Main Forest),2.2,2.074341095039336,2.7035727623368233,0.0025300383707629725,0.89772060530163,0.5814195297204525,True,False
ceh13,4,C4 (Main Forest),2.3,2.074757134470305,2.704006884053271,0.0023024270903871276,0.90338704500859,0.5814117704354247,True,False
ceh13,4,C4 (Main Forest),2.4,2.07500267807081,2.7045573080739045,0.0020954977576032874,0.9087571146812383,0.5814048327379857,True,False
ceh13,4,C4 (Main Forest),2.5,2.0751082790104345,2.705194046619158,0.0019078009144543624,0.9138356889475702,0.5813986427092079,True,False
ceh13,4,C4 (Main Forest),2.6,2.075100077082791,2.705892654071997,0.0017377978005263858,0.9186316397191923,0.5813931274052928,True,False
ceh13,4,C4 (Main Forest),2.7,2.075000177524145,2.706633442615467,0.001583944177613478,0.9231564825468164,0.5813882172478915,True,False
ceh13,4,C4 (Main Forest),2.8,2.0748271049669578,2.707400727657472,0.0014447450438919603,0.9274233461429282,0.5813838474027915,True,False
ceh13,4,C4 (Main Forest),2.9,2.0745962723675255,2.7081821421940333,0.0013187880009684662,0.9314462061671203,0.5813799584519953,True,False
ceh13,4,C4 (Main Forest),3.0,2.074320429512377,2.7089680365298587,0.0012047614738567199,0.9352393288295016,0.5813764965916866,True,False
ceh13,4,C4 (Main Forest),3.1,2.074010072453441,2.709750966030473,0.001101462525220068,0.9388168772905612,0.5813734135264816,True,False
ceh13,4,C4 (Main Forest),3.2,2.073673805984882,2.710525261947896,0.001007797771772831,0.9421926419962927,0.5813706661808509,True,False
ceh13,4,C4 (Main Forest),3.3,2.073318657816199,2.7112866766621053,0.0009227799285241953,0.9453798638003671,0.5813682163109319,True,False
ceh13,4,C4 (Main Forest),3.4,2.0729503468017048,2.7120320933768007,0.0008455217554821266,0.9483911254698203,0.5813660300723151,True,False
ceh13,4,C4 (Main Forest),3.5,2.07257350945618,2.7127592903708564,0.000775228624103121,0.9512382927865242,0.5813640775796265,True,False
ceh13,4,C4 (Main Forest),3.6,2.0721918897227836,2.7134667506801495,0.0007111905168189145,0.9539324909838273,0.5813623324799693,True,False
ceh13,4,C4 (Main Forest),3.7,2.0718084970292896,2.714153509166392,0.0006527739859413309,0.9564841058246588,0.5813607715528946,True,False
ceh13,4,C4 (Main Forest),3.8,2.071425737372311,2.7148190300874475,0.0005994143979565856,0.9589028013913904,0.5813593743433353,True,False
ceh13,4,C4 (Main Forest),3.9,2.07104552170002,2.7154631093924744,0.0005506086520406135,0.9611975487669561,0.5813581228298795,True,False
ceh13,4,C4 (Main Forest),4.0,2.070669355329919,2.7160857969631484,0.0005059084694130772,0.9633766613872626,0.5813570011282447,True,False
ceh13,4,C4 (Main Forest),4.1,2.070298411611323,2.7166873348883005,0.0004649142897706002,0.965447834038286,0.5813559952283105,True,False
ceh13,4,C4 (Main Forest),4.2,2.0699335925478763,2.7172681085920196,0.00042726977260060164,0.9674181833644843,0.5813550927622522,True,False
ceh13,4,C4 (Main Forest),4.3,2.0695755786592014,2.717828608245104,0.00039265687789098985,0.9692942884114716,0.5813542828009483,True,False
ceh13,4,C4 (Main Forest),4.4,2.069224869977061,2.7183693983902426,0.00036079148763210837,0.9710822302073753,0.5813535556757401,True,False
ceh13,4,C4 (Main Forest),4.5,2.068881819747353,2.7188910941195075,0.0003314195231261443,0.9727876297374488,0.581352902822704,True,False
ceh13,4,C4 (Main Forest),4.6,2.0685466621343283,2.7193943424729525,0.00030431351109422994,0.9744156839188346,0.5813523166467724,True,False
ceh13,4,C4 (Main Forest),4.7,2.0682195349944195,2.7198798079933937,0.0002792695522772608,0.9759711993616238,0.5813517904032561,True,False
ceh13,4,C4 (Main Forest),4.8,2.067900498596365,2.7203481615857608,0.0002561046485381156,0.9774586238291938,0.5813513180945764,True,False
ceh13,4,C4 (Main Forest),4.9,2.0675895510087425,2.720800072000839,0.0002346543477030321,0.9788820753952114,0.5813508943802426,True,False
ceh13,4,C4 (Main Forest),5.0,2.067286640745315,2.7212361994006216,0.00021477066893595218,0.9802453693566628,0.5813505144983542,True,False
ceh13,4,C4 (Main Forest),5.1,2.066991677154078,2.721657190570866,0.00019632027517463378,0.9815520429959141,0.581350174197107,True,False
ceh13,4,C4 (Main Forest),5.2,2.0667045389467593,2.722063675435665,0.00017918286270802043,0.9828053783108929,0.5813498696749888,True,False
ceh13,4,C4 (Main Forest),5.3,2.066425081198111,2.722456264596781,0.00016324974138888244,0.9840084228414576,0.5813495975285102,True,False
ceh13,4,C4 (Main Forest),5.4,2.0661531410806595,2.722835547677847,0.00014842258205520834,0.9851640087277515,0.581349354706479,True,False
ceh13,4,C4 (Main Forest),5.5,2.06588854255921,2.723202092297434,0.0001346123105767441,0.9862747701340614,0.5813491384699498,True,False
ceh13,4,C4 (Main Forest),5.6,2.06563110022339,2.723556443530636,0.00012173813046278698,0.9873431591688854,0.5813489463571081,True,False
ceh13,4,C4 (Main Forest),5.7,2.065380622411379,2.7238991237475183,0.00010972665821405974,0.9883714604262607,0.5813487761524387,True,False
ceh13,4,C4 (Main Forest),5.8,2.065136913745824,2.7242306327394843,9.851115759953056e-05,0.989361804265052,0.5813486258596253,True,False
ceh13,4,C4 (Main Forest),5.9,2.0648997771851616,2.7245514480628152,8.803086075999215e-05,0.990316178937778,0.5813484936776929,True,False
ceh13,4,C4 (Main Forest),6.0,2.0646690156746397,2.72486202554336,7.823036560558171e-05,0.9912364416688615,0.5813483779799848,True,False
ceh13,4,C4 (Main Forest),6.1,2.0644444334658054,2.725162799897892,6.905910027831495e-05,0.9921243287777738,0.5813482772956053,True,False
ceh13,4,C4 (Main Forest),6.2,2.0642258371630424,2.7254541854370586,6.047084663954403e-05,0.992981464932505,0.5813481902930221,True,False
ceh13,4,C4 (Main Forest),6.3,2.0640130365439973,2.7257365768226705,5.2423315751381e-05,0.9938093716122346,0.5813481157655547,True,False
ceh13,4,C4 (Main Forest),6.4,2.063805845194791,2.7260103498568764,4.487776921502373e-05,0.9946094748501166,0.5813480526185162,True,False
ceh13,4,C4 (Main Forest),6.5,2.0636040809911615,2.7262758622879506,3.7798680967950776e-05,0.9953831123243527,0.5813479998578045,True,False
ceh13,4,C4 (Main Forest),6.6,2.0634075664545866,2.726533454618204,3.115343487072528e-05,0.9961315398528608,0.5813479565797648,True,False
ceh13,4,C4 (Main Forest),6.7,2.0632161290042226,2.726783450905266,2.4912053930923293e-05,0.9968559373491882,0.5813479219621736,True,False
ceh13,4,C4 (Main Forest),6.8,2.0630296011251223,2.7270261595486627,1.9046957573884762e-05,0.9975574142858024,0.5813478952562048,True,False
ceh13,4,C4 (Main Forest),6.9,2.062847820467109,2.727261874056617,1.3532743775629755e-05,0.998237014710675,0.581347875779266,True,False
ceh13,4,C4 (Main Forest),7.0,2.0626706298876876,2.7274908737889167,8.34599327604723e-06,0.9988957218567811,0.5813478629086009,True,False
ceh13,4,C4 (Main Forest),7.1,2.0624978774505243,2.7277134246730212,3.4650934271881e-06,0.9995344623801459,0.5813478560755676,True,False
ceh13,4,C4 (Main Forest),7.2,2.0623294163868495,2.727929779892164,-1.129920489427623e-06,0.9998458897395491,0.5813478547605189,False,False
ceh13,4,C4 (Main Forest),7.3,2.0621651050289795,2.728140180543639,-5.457508372780882e-06,0.9992445096067003,0.5813478584882108,False,False
ceh13,4,C4 (Main Forest),7.4,2.0620048067204158,2.7283448562676496,-9.534754518731627e-06,0.9986606180987461,0.5813478668236848,False,False
ceh13,4,C4 (Main Forest),7.5,2.061848389709017,2.7285440258460785,-1.3377484424542327e-05,0.9980934788120277,0.581347879368566,False,False
ceh13,4,C4 (Main Forest),7.6,2.0616957270274443,2.728737897772026,-1.700037049235867e-05,0.9975423952424631,0.581347895757736,False,False
ceh13,4,C4 (Main Forest),7.7,2.0615466963622158,2.728926670790469,-2.0417027798600232e-05,0.9970067081801044,0.5813479156563357,False,False
ceh13,4,C4 (Main Forest),7.8,2.0614011799175023,2.7291105344108675,-2.3640100948649732e-05,0.9964857933007621,0.5813479387570636,False,False
ceh13,4,C4 (Main Forest),7.9,2.0612590642732433,2.729289669392898,-2.66813429390389e-05,0.9959790589369305,0.5813479647777393,False,False
ceh13,4,C4 (Main Forest),8.0,2.061120240241539,2.7294642482059794,-2.955168683188656e-05,0.9954859440140122,0.5813479934591004,False,False
ceh14,4,C4 (Main Forest),0.5,2.3442945810422957,3.416303482322925,0.02511616538934532,0.3567405737096591,0.5926229649446428,True,False
ceh14,4,C4 (Main Forest),0.6,2.3782049032501336,3.39120045436416,0.022028807554030094,0.42112800661095173,0.5917686237251975,True,False
ceh14,4,C4 (Main Forest),0.7,2.408977123151937,3.3706208345186672,0.018765442120510754,0.4937979534057464,0.5910110144384886,True,False
ceh14,4,C4 (Main Forest),0.8,2.435994005347942,3.3549920964746516,0.015388445173046252,0.5739981965422428,0.5903654512825649,True,False
ceh14,4,C4 (Main Forest),0.9,2.4587857297279716,3.3445492346100525,0.011964261638447028,0.6604262186403175,0.5898428650917393,True,False
ceh14,4,C4 (Main Forest),1.0,2.4770562992325686,3.3393241313002107,0.008559130006462311,0.7513121205113522,0.5894492096199826,True,False
ceh14,4,C4 (Main Forest),1.1,2.4906927309830857,3.3391541536623395,0.005235013869586393,0.8445793377683734,0.5891853536560006,True,False
ceh14,4,C4 (Main Forest),1.2,2.499757093499621,3.3437075387566635,0.0020462370395402767,0.9380517603702818,0.5890474381600812,True,False
ceh14,4,C4 (Main Forest),1.3,2.504464226608655,3.3525206526351545,-0.0009628453786351115,0.9703358601305228,0.5890276043528352,False,False
ceh14,4,C4 (Main Forest),1.4,2.50514981142733,3.3650410544940517,-0.0037590164669036048,0.882364484974341,0.5891149541763046,False,False
ceh14,4,C4 (Main Forest),1.5,2.502234065943199,3.380670515256659,-0.006320279633746235,0.7994199283776562,0.5892965945930759,False,False
ceh14,4,C4 (Main Forest),1.6,2.4961858489545055,3.3988033865729235,-0.008635065707995658,0.7224509845272619,0.589558636685645,False,False
ceh14,4,C4 (Main Forest),1.7,2.487490747328707,3.4188574588128153,-0.01070084536057525,0.6519867967724289,0.5898870577617699,False,False
ceh14,4,C4 (Main Forest),1.8,2.47662525474548,3.440296180494752,-0.012522429665737139,0.5881947434359939,0.5902683768301964,False,False
ceh14,4,C4 (Main Forest),1.9,2.4640377956464112,3.46264249710448,-0.014110198634904302,0.5309585395437308,0.590690131009727,False,False
ceh14,4,C4 (Main Forest),2.0,2.450136321126415,3.4854854638315063,-0.015478432658816647,0.4799597557284927,0.5911411674033615,False,False
ceh14,4,C4 (Main Forest),2.1,2.435281567392917,3.508481212394607,-0.01664385438364751,0.43475158603028013,0.5916117806320544,False,False
ceh14,4,C4 (Main Forest),2.2,2.4197847805469923,3.5313499140250872,-0.017624430854739515,0.39481918902814395,0.5920937322417656,False,False
ceh14,4,C4 (Main Forest),2.3,2.403908681882461,3.553870212018732,-0.018438443088269755,0.3596251070976802,0.5925801874120298,False,False
ceh14,4,C4 (Main Forest),2.4,2.3878705759891963,3.5758723164986224,-0.019103802874457135,0.32864086504842893,0.5930655996738741,False,False
ceh14,4,C4 (Main Forest),2.5,2.371846706444658,3.5972306471028572,-0.019637582102625596,0.30136710409713435,0.5935455679821655,False,False
ceh14,4,C4 (Main Forest),2.6,2.3559771825367397,3.6178566281125404,-0.020055714766497475,0.27734493910665614,0.5940166840202253,False,False
ceh14,4,C4 (Main Forest),2.7,2.340371000885357,3.637692009538034,-0.020372832716778352,0.2561610320108214,0.5944763819015018,False,False
ceh14,4,C4 (Main Forest),2.8,2.325110851968135,3.656702912883568,-0.020602200482843322,0.23744844482277647,0.5949227978312975,False,False
ceh14,4,C4 (Main Forest),2.9,2.310257529452349,3.6748746772249827,-0.020755720168617903,0.22088485345306902,0.5953546438412096,False,False
ceh14,4,C4 (Main Forest),3.0,2.2958538527270167,3.692207500709608,-0.020843983319071578,0.20618926376933858,0.5957710972818282,False,False
ceh14,4,C4 (Main Forest),3.1,2.281928076019399,3.7087128244372263,-0.020876352069461923,0.19311801187911246,0.5961717061601043,False,False
ceh14,4,C4 (Main Forest),3.2,2.268496797592325,3.7244103806292177,-0.020861056515955215,0.18146055715846493,0.596556309434426,False,False
ceh14,4,C4 (Main Forest),3.3,2.2555674058864827,3.739325817450175,-0.020805299000872815,0.1710353793350787,0.5969249708540463,False,False
ceh14,4,C4 (Main Forest),3.4,2.2431401111810123,3.7534888130586914,-0.020715358935553277,0.1616861548843093,0.5972779247057871,False,False
ceh14,4,C4 (Main Forest),3.5,2.2312096153507177,3.766931597306055,-0.020596693996413215,0.15327829794885361,0.597615531800781,False,False
ceh14,4,C4 (Main Forest),3.6,2.2197664715020307,3.779687808172131,-0.02045403515287348,0.1456958939405895,0.5979382441189685,False,False
ceh14,4,C4 (Main Forest),3.7,2.208798181714402,3.791791619715428,-0.020291474143129117,0.13883901971618032,0.5982465766752845,False,False
ceh14,4,C4 (Main Forest),3.8,2.198290076184362,3.8032770879230116,-0.020112542814548343,0.13262142515529482,0.5985410853435758,False,False
ceh14,4,C4 (Main Forest),3.9,2.1882260116412446,3.8141776697627527,-0.019920284280463618,0.12696854171456143,0.5988223495503021,False,False
ceh14,4,C4 (Main Forest),4.0,2.178588921537237,3.824525878673601,-0.019717316186409557,0.12181578036387349,0.5990909589171658,False,False
ceh14,4,C4 (Main Forest),4.1,2.1693612455004647,3.8343530465837894,-0.019505886582340898,0.11710708174216987,0.599347503083324,False,False
ceh14,4,C4 (Main Forest),4.2,2.160525261038427,3.84368916834411,-0.01928792300494891,0.1127936837762871,0.5995925640710498,False,False
ceh14,4,C4 (Main Forest),4.3,2.152063336543135,3.852562809290341,-0.019065075416945628,0.1088330753609359,0.5998267106732373,False,False
ceh14,4,C4 (Main Forest),4.4,2.1439581212719636,3.861001060615808,-0.018838753650476037,0.10518810837414201,0.6000504944380374,False,False
ceh14,4,C4 (Main Forest),4.5,2.136192685118835,3.8690295304652627,-0.01861015997564002,0.10182624393407125,0.6002644469068357,False,False
ceh14,4,C4 (Main Forest),4.6,2.1287506186046197,3.876672361268625,-0.01838031737352374,0.098718912193096,0.6004690778287287,False,False
ceh14,4,C4 (Main Forest),4.7,2.121616101528868,3.8839522659249166,-0.018150094043754998,0.09584096801947196,0.600664874129593,False,False
ceh14,4,C4 (Main Forest),4.8,2.1147739470990428,3.8908905771135327,-0.01792022462443147,0.0931702276060514,0.6008522994586487,False,False
ceh14,4,C4 (Main Forest),4.9,2.108209627010843,3.897507305334562,-0.01769132855061916,0.09068707337415552,0.6010317941717713,False,False
ceh14,4,C4 (Main Forest),5.0,2.101909281868404,3.903821202322904,-0.017463925928337502,0.08837411653614906,0.6012037756401725,False,False
ceh14,4,C4 (Main Forest),5.1,2.0958597204452656,3.9098498273029976,-0.017238451255276004,0.08621590837462567,0.6013686387966926,False,False
ceh14,4,C4 (Main Forest),5.2,2.090048410571965,3.915609614194413,-0.01701526527790495,0.0841986927272069,0.6015267568509101,False,False
ceh14,4,C4 (Main Forest),5.3,2.0844634638575563,3.9211159383784073,-0.01679466523728001,0.08231019336997132,0.6016784821194194,False,False
ceh14,4,C4 (Main Forest),5.4,2.0790936159863262,3.9263831820250834,-0.016576893722643274,0.08053943100240733,0.6018241469297207,False,False
ceh14,4,C4 (Main Forest),5.5,2.0739282039580416,3.9314247972801457,-0.016362146322671012,0.07887656538203737,0.6019640645657638,False,False
ceh14,4,C4 (Main Forest),5.6,2.068957141338092,3.9362533668397024,-0.016150578238556843,0.07731275886428005,0.6020985302308115,False,False
ceh14,4,C4 (Main Forest),5.7,2.064170892346713,3.940880661617667,-0.01594231000077354,0.07584005819404949,0.6022278220093106,False,False
ceh14,4,C4 (Main Forest),5.8,2.0595604454235446,3.945317695340857,-0.015737432411903736,0.07445129189020269,0.6023522018141914,False,False
ceh14,4,C4 (Main Forest),5.9,2.055117286751009,3.949574776006344,-0.015536010821097443,0.07313998097737874,0.6024719163097504,False,False
ceh14,4,C4 (Main Forest),6.0,2.0508333741018756,3.9536615542083346,-0.015338088821180353,0.07190026116557138,0.602587197803171,False,False
ceh14,4,C4 (Main Forest),6.1,2.046701111276384,3.9575870683930825,-0.015143691446827536,0.0707268148685227,0.6026982650999988,False,False
ceh14,4,C4 (Main Forest),6.2,2.0427133233250676,3.961359787138418,-0.014952827941447755,0.06961481169447169,0.6028053243206369,False,False
ceh14,4,C4 (Main Forest),6.3,2.0388632326863783,3.9649876485786413,-0.014765494151046554,0.06855985624794984,0.6029085696762619,False,False
ceh14,4,C4 (Main Forest),6.4,2.0351444363314295,3.9684780971116016,-0.014581674595340637,0.0675579422528487,0.6030081842035739,False,False
ceh14,4,C4 (Main Forest),6.5,2.0315508839626553,3.971838117534446,-0.014401344259482307,0.06660541215197725,0.6031043404585659,False,False
ceh14,4,C4 (Main Forest),6.6,2.028076857295293,3.9750742667568497,-0.014224470143799326,0.06569892146083545,0.603197201170041,False,False
ceh14,4,C4 (Main Forest),6.7,2.024716950420031,3.9781927032435336,-0.01405101260387387,0.06483540725628391,0.603286919854031,False,False
ceh14,4,C4 (Main Forest),6.8,2.0214660512395675,3.981199214332001,-0.013880926508844902,0.06401206026899618,0.6033736413905362,False,False
ceh14,4,C4 (Main Forest),6.9,2.018319323949584,3.984099241569888,-0.01371416224207092,0.06322630012233518,0.603457502564199,False,False
ceh14,4,C4 (Main Forest),7.0,2.015272192537347,3.986897904208636,-0.013550666565008846,0.06247575332378352,0.603538632570644,False,False
ceh14,4,C4 (Main Forest),7.1,2.012320325254026,3.989600020985264,-0.013390383362368613,0.061758233668682314,0.6036171534902643,False,False
ceh14,4,C4 (Main Forest),7.2,2.009459620024103,3.992210130314496,-0.01323325428416062,0.061071724762295346,0.6036931807312615,False,False
ceh14,4,C4 (Main Forest),7.3,2.006686190743142,3.994732509010052,-0.013079219298216852,0.06041436440464288,0.6037668234437241,False,False
ceh14,4,C4 (Main Forest),7.4,2.003996354422334,3.997171189641642,-0.012928217164893346,0.05978443061730862,0.6038381849064924,False,False
ceh14,4,C4 (Main Forest),7.5,2.001386619131422,3.999529976631604,-0.01278018584417553,0.05918032911910637,0.6039073628885059,False,False
ceh14,4,C4 (Main Forest),7.6,1.9988536726967174,4.001812461185754,-0.012635062844023992,0.05860058208299549,0.6039744499862592,False,False
ceh14,4,C4 (Main Forest),7.7,1.9963943721097341,4.0040220351451286,-0.012492785517639068,0.05804381802780437,0.6040395339389213,False,False
ceh14,4,C4 (Main Forest),7.8,1.9940057336038293,4.00616190384315,-0.012353291316350976,0.0575087627162808,0.604102697922593,False,False
ceh14,4,C4 (Main Forest),7.9,1.9916849233595921,4.008235098041235,-0.012216518003908015,0.05699423094786006,0.6041640208250985,False,False
ceh14,4,C4 (Main Forest),8.0,1.989429248795552,4.01024448501466,-0.012082403837263209,0.056499119146962956,0.6042235775026275,False,False
ceh16,5,C5 (Coastal Forest),0.5,1.6213593927493324,2.4056026175314154,0.060168432146914336,0.06438980727185195,0.6948071118022219,True,False
ceh16,5,C5 (Coastal Forest),0.6,1.6156591213462108,2.4101590038971152,0.07693159907934721,0.017001211191281066,0.7019197223507765,True,True
ceh16,5,C5 (Coastal Forest),0.7,1.6375133892245768,2.382278786911038,0.09084821094366027,0.0038780582648262835,0.7099747327875434,True,True
ceh16,5,C5 (Coastal Forest),0.8,1.6825028487231979,2.3273349102125827,0.10109381716586241,0.0008489030661997858,0.7182422399054731,True,True
ceh16,5,C5 (Coastal Forest),0.9,1.7435763785807623,2.2537447419429277,0.10751866979829387,0.00019742575345267112,0.7260843269722742,True,True
ceh16,5,C5 (Coastal Forest),1.0,1.8132538799572204,2.1703644030632487,0.11051469184883972,5.2659271179241164e-05,0.7330731112819586,True,True
ceh16,5,C5 (Coastal Forest),1.1,1.8852423591210155,2.0845974849900557,0.1107649080440907,1.681175418360168e-05,0.7390082375574476,True,True
ceh16,5,C5 (Coastal Forest),1.2,1.9551015354247792,2.001632804311344,0.10901477701237036,6.503234695904719e-06,0.7438673966688116,True,True
ceh16,5,C5 (Coastal Forest),1.3,2.020180383921436,1.9245388740512879,0.10593027971679983,3.020609204462107e-06,0.7477370776765688,True,True
ceh16,5,C5 (Coastal Forest),1.4,2.0792125104194845,1.8547534937642154,0.10204003565480502,1.650128106269287e-06,0.7507536917560459,True,True
ceh16,5,C5 (Coastal Forest),1.5,2.1318572220095806,1.7926308262900135,0.09773138597314951,1.0340290100458429e-06,0.7530646865585819,True,True
ceh16,5,C5 (Coastal Forest),1.6,2.1783213196426194,1.7378889997539018,0.09327155856401051,7.250548849192069e-07,0.7548075210518022,True,True
ceh16,5,C5 (Coastal Forest),1.7,2.2190935731756136,1.6899226160573164,0.0888355617815212,5.563661725592393e-07,0.7561007935696914,True,True
ceh16,5,C5 (Coastal Forest),1.8,2.254777070270741,1.6479989817256646,0.08453194732423833,4.584547400625017e-07,0.7570423227105417,True,True
ceh16,5,C5 (Coastal Forest),1.9,2.28599226949681,1.6113708211209794,0.08042341806107946,3.9944307639637184e-07,0.7577106173858128,True,True
ceh16,5,C5 (Coastal Forest),2.0,2.3133260620018357,1.5793349085378128,0.07654208835433857,3.6345191699822865e-07,0.7581676518097509,True,True
ceh16,5,C5 (Coastal Forest),2.1,2.3373086668375476,1.551258148443887,0.07290026711995903,3.4198887723906384e-07,0.7584618687063076,True,True
ceh16,5,C5 (Coastal Forest),2.2,2.3584063407505327,1.5265852739625925,0.06949784477245968,3.3022465764500104e-07,0.7586309271438856,True,True
ceh16,5,C5 (Coastal Forest),2.3,2.3770224692594946,1.504836888539484,0.06632724146075322,3.252618949977678e-07,0.7587040263957895,True,True
ceh16,5,C5 (Coastal Forest),2.4,2.393502665932873,1.4856029596665214,0.0633766614346829,3.252779148748619e-07,0.7587037886720823,True,True
ceh16,5,C5 (Coastal Forest),2.5,2.408141421577332,1.468534620093666,0.06063219598065082,3.2907619854848973e-07,0.7586477469827021,True,True
ceh16,5,C5 (Coastal Forest),2.6,2.421188992020251,1.4533357875711446,0.0580791552780506,3.358401415550062e-07,0.7585495039223102,True,True
ceh16,5,C5 (Coastal Forest),2.7,2.432857876677641,1.4397553399164733,0.05570288978542182,3.4499206407773935e-07,0.7584196267287158,True,True
ceh16,5,C5 (Coastal Forest),2.8,2.443328611138382,1.4275801515880666,0.05348927711904351,3.5610945311407173e-07,0.7582663357313183,True,True
ceh16,5,C5 (Coastal Forest),2.9,2.45275479619477,1.4166290684787977,0.051424992079506106,3.6887356280773914e-07,0.7580960330730114,True,True
ceh16,5,C5 (Coastal Forest),3.0,2.4612673864750145,1.4067477829499349,0.04949763794447379,3.8303695251591816e-07,0.757913708872175,True,True
ceh16,5,C5 (Coastal Forest),3.1,2.468978307574783,1.3978045201865565,0.04769579059499964,3.984024528076529e-07,0.7577232536950216,True,True
ceh16,5,C5 (Coastal Forest),3.2,2.4759834866093744,1.3896864302313578,0.04600898932087296,4.148092176418028e-07,0.757527699497767,True,True
ceh16,5,C5 (Coastal Forest),3.3,2.4823653818279,1.3822965807654763,0.04442769636870948,4.321232780762636e-07,0.7573294059333018,True,True
ceh16,5,C5 (Coastal Forest),3.4,2.4881950904006684,1.3755514545216636,0.04294323948680518,4.502310180091945e-07,0.7571302048604849,True,True
ceh16,5,C5 (Coastal Forest),3.5,2.4935341040942403,1.369378867094222,0.04154774655807049,4.690345837594697e-07,0.7569315128016716,True,True
ceh16,5,C5 (Coastal Forest),3.6,2.4984357725757382,1.3637162332390758,0.04023407801033538,4.884485960715267e-07,0.756734418750552,True,True
ceh16,5,C5 (Coastal Forest),3.7,2.5029465246624887,1.3585091212811715,0.038995760461258015,5.083977533991135e-07,0.7565397529615636,True,True
ceh16,5,C5 (Coastal Forest),3.8,2.5071068894302915,1.353710045446078,0.03782692359985851,5.288150541599135e-07,0.7563481410151544,True,True
ceh16,5,C5 (Coastal Forest),3.9,2.5109523518550794,1.3492774546790434,0.036722241366815726,5.496404548296452e-07,0.7561600464431117,True,True
ceh16,5,C5 (Coastal Forest),4.0,2.514514071556349,1.345174883866995,0.03567687789704548,5.708198389993471e-07,0.7559758044338123,True,True
ceh16,5,C5 (Coastal Forest),4.1,2.517819488126068,1.341370239483368,0.03468643831484902,5.923042111668761e-07,0.7557956485574749,True,True
ceh16,5,C5 (Coastal Forest),4.2,2.5208928323318904,1.3378351967025477,0.03374692424686282,6.140490550244856e-07,0.7556197320104793,True,True
ceh16,5,C5 (Coastal Forest),4.3,2.523755559038287,1.334544689149732,0.03285469378971227,6.36013813714231e-07,0.7554481445412601,True,True
ceh16,5,C5 (Coastal Forest),4.4,2.526426714871244,1.3314764758179374,0.03200642560344034,6.581614617163984e-07,0.7552809259625934,True,True
ceh16,5,C5 (Coastal Forest),4.5,2.5289232513485516,1.328610772429172,0.03119908677567871,6.804581465276853e-07,0.7551180769570619,True,True
ceh16,5,C5 (Coastal Forest),4.6,2.5312602923190166,1.3259299367568063,0.030429904100075837,7.028728842520781e-07,0.7549595677297719,True,True
ceh16,5,C5 (Coastal Forest),4.7,2.5334513630160957,1.323418199253029,0.029696338425769693,7.253772974516853e-07,0.7548053449441794,True,True
ceh16,5,C5 (Coastal Forest),4.8,2.5355085867781058,1.3210614318177276,0.028996061756184202,7.47945386628092e-07,0.7546553372850505,True,True
ceh16,5,C5 (Coastal Forest),4.9,2.5374428544573036,1.3188469487661556,0.028326936800952194,7.705533288769218e-07,0.7545094599209867,True,True
ceh16,5,C5 (Coastal Forest),5.0,2.5392639706984195,1.3167633350527719,0.027686998711668055,7.931792988379444e-07,0.7543676180829162,True,True
ceh16,5,C5 (Coastal Forest),5.1,2.5409807805746003,1.3148002976300586,0.02707443875880304,8.158033082094255e-07,0.7542297099309813,True,True
ceh16,5,C5 (Coastal Forest),5.2,2.5426012794970125,1.3129485364970006,0.02648758973252603,8.384070609410579e-07,0.7540956288475906,True,True
ceh16,5,C5 (Coastal Forest),5.3,2.544132708845871,1.3111996325493833,0.025924912873800367,8.609738218550428e-07,0.7539652652670249,True,True
ceh16,5,C5 (Coastal Forest),5.4,2.5455816393790127,1.3095459498048831,0.02538498616378789,8.834882968993012e-07,0.7538385081302662,True,True
ceh16,5,C5 (Coastal Forest),5.5,2.546954044152896,1.3079805499578876,0.024866493819165322,9.059365235974662e-07,0.7537152460364541,True,True
ceh16,5,C5 (Coastal Forest),5.6,2.548255362421166,1.3064971175365305,0.024368216858531345,9.283057705178888e-07,0.7535953681485894,True,True
ceh16,5,C5 (Coastal Forest),5.7,2.54949055575311,1.3050898941988183,0.023889024620736308,9.505844447996271e-07,0.7534787649000921,True,True
ceh16,5,C5 (Coastal Forest),5.8,2.5506641574268962,1.3037536209251992,0.023427867129882415,9.727620069109137e-07,0.7533653285399756,True,True
ceh16,5,C5 (Coastal Forest),5.9,2.551780315995739,1.302483487050444,0.022983768214021875,9.948288919606578e-07,0.7532549535472908,True,True
ceh16,5,C5 (Coastal Forest),6.0,2.5528428337939446,1.3012750852322368,0.022555819295451245,1.0167764369585383e-06,0.7531475369397629,True,True
ceh16,5,C5 (Coastal Forest),6.1,2.5538552010394566,1.3001243715847002,0.022143173780045048,1.038596813516444e-06,0.7530429784969117,True,True
ceh16,5,C5 (Coastal Forest),6.2,2.554820626094628,1.2990276303153059,0.021745041981508506,1.0602829655214603e-06,0.7529411809141928,True,True
ceh16,5,C5 (Coastal Forest),6.3,2.555742062370342,1.2979814422964733,0.021360686523807668,1.0818285513939979e-06,0.7528420499016558,True,True
ceh16,5,C5 (Coastal Forest),6.4,2.556622232288836,1.2969826570822889,0.02098941817156979,1.1032278905529889e-06,0.752745494238137,True,True
ceh16,5,C5 (Coastal Forest),6.5,2.557463648666288,1.2960283679475357,0.02063059204395072,1.12447591377465e-06,0.7526514257899859,True,True
ceh16,5,C5 (Coastal Forest),6.6,2.5582686338259037,1.2951158895837187,0.02028360417251452,1.1455681171425577e-06,0.7525597595016835,True,True
ceh16,5,C5 (Coastal Forest),6.7,2.559039336711578,1.2942427381349106,0.019947888368095815,1.1665005193177316e-06,0.752470413364359,True,True
ceh16,5,C5 (Coastal Forest),6.8,2.5597777482368955,1.2934066132984827,0.01962291336550999,1.187269621893825e-06,0.7523833083671143,True,True
ceh16,5,C5 (Coastal Forest),6.9,2.560485715073305,1.2926053822508354,0.019308180218425,1.2078723725967242e-06,0.7522983684351597,True,True
ceh16,5,C5 (Coastal Forest),7.0,2.5611649520564153,1.2918370651896711,0.019003219919723893,1.2283061311351738e-06,0.7522155203580292,True,True
ceh16,5,C5 (Coastal Forest),7.1,2.561817053365069,1.29109982230983,0.018707591225375582,1.2485686374950152e-06,0.7521346937105273,True,True
ceh16,5,C5 (Coastal Forest),7.2,2.562443502610364,1.2903919420534682,0.0184208786621736,1.2686579825217537e-06,0.7520558207685689,True,True
ceh16,5,C5 (Coastal Forest),7.3,2.5630456819537026,1.2897118304939639,0.018142690701813603,1.2885725806010966e-06,0.7519788364216539,True,True
ceh16,5,C5 (Coastal Forest),7.4,2.563624880359512,1.2890580017309539,0.017872658085603763,1.3083111443108408e-06,0.751903678083389,True,True
ceh16,5,C5 (Coastal Forest),7.5,2.5641823010740525,1.2884290691878997,0.017610432285756324,1.3278726608915176e-06,0.7518302856011824,True,True
ceh16,5,C5 (Coastal Forest),7.6,2.56471906841356,1.2878237377168837,0.017355684090655434,1.3472563704027463e-06,0.7517586011660147,True,True
ceh16,5,C5 (Coastal Forest),7.7,2.5652362339317074,1.287240796426297,0.017108102302777744,1.3664617454557715e-06,0.7516885692229992,True,True
ceh16,5,C5 (Coastal Forest),7.8,2.5657347820323437,1.2866791121567882,0.016867392539100183,1.3854884724003256e-06,0.7516201363832881,True,True
ceh16,5,C5 (Coastal Forest),7.9,2.5662156350817673,1.2861376235396729,0.01663327612483748,1.404336433866971e-06,0.7515532513377584,True,True
ceh16,5,C5 (Coastal Forest),8.0,2.566679658072597,1.2856153355789859,0.016405489072266126,1.423005692568226e-06,0.7514878647728034,True,True
ceh17,5,C5 (Coastal Forest),0.5,1.9735335726636416,1.32847374233729,-0.04033705852378855,0.0252696305565715,0.6212056340343939,False,True
ceh17,5,C5 (Coastal Forest),0.6,1.946871713029753,1.3595381412983487,-0.04032819972788603,0.035774403505523716,0.6188531550537152,False,True
ceh17,5,C5 (Coastal Forest),0.7,1.9155483552773642,1.396211391678156,-0.039837291325722717,0.05224916690332536,0.6163168554824274,False,False
ceh17,5,C5 (Coastal Forest),0.8,1.8786368967361926,1.4396498679720975,-0.03865635922059675,0.07876730467623227,0.6136132921126995,False,False
ceh17,5,C5 (Coastal Forest),0.9,1.835092193193832,1.4911774581222832,-0.03649786421354347,0.1223767088142032,0.6107862118768248,False,False
ceh17,5,C5 (Coastal Forest),1.0,1.7838259997847965,1.5522066122355187,-0.032970524546671834,0.19496035836361436,0.6079246663854454,False,False
ceh17,5,C5 (Coastal Forest),1.1,1.723891622852161,1.6240314451858033,-0.027557072898909605,0.315156208595561,0.6051898639318815,False,False
ceh17,5,C5 (Coastal Forest),1.2,1.6548617182559688,1.7073897455125282,-0.019608454496335595,0.5075931753840927,0.602851310290349,False,False
ceh17,5,C5 (Coastal Forest),1.3,1.577502745335651,1.8016617581988403,-0.008385694665403894,0.7924280739886681,0.6013266033142197,False,False
ceh17,5,C5 (Coastal Forest),1.4,1.4947977044117264,1.903625856778775,0.006797169754021989,0.8422242356339379,0.6012041664933071,True,False
ceh17,5,C5 (Coastal Forest),1.5,1.413119573654866,2.0059788663132885,0.026268433307525717,0.4689472868144951,0.6032027379044302,True,False
ceh17,5,C5 (Coastal Forest),1.6,1.3427992818069265,2.0965029959975023,0.04953511634084494,0.19244649080124568,0.6080020911773585,True,False
ceh17,5,C5 (Coastal Forest),1.7,1.2967354101233894,2.1595291510154766,0.0748599086213653,0.05546765955306629,0.6159198596531674,True,False
ceh17,5,C5 (Coastal Forest),1.8,1.2861599825362342,2.1808903258449894,0.0993167055024797,0.011540631135705819,0.626563561872002,True,True
ceh17,5,C5 (Coastal Forest),1.9,1.3151828968543033,2.1545954522264807,0.11965111681978147,0.0019632770484194827,0.6387557645072888,True,True
ceh17,5,C5 (Coastal Forest),2.0,1.378248471025331,2.0862703576324044,0.13357307406921898,0.0003303954319153552,0.650921216996464,True,True
ceh17,5,C5 (Coastal Forest),2.1,1.4629429823360542,1.9901752314435004,0.14053660883809405,6.614654128472868e-05,0.6617041803791025,True,True
ceh17,5,C5 (Coastal Forest),2.2,1.55569683851374,1.8824780906406318,0.1415139914755581,1.7706990705811096e-05,0.6703655203088796,True,True
ceh17,5,C5 (Coastal Forest),2.3,1.6461019745163008,1.7759261901051024,0.13818739242099265,6.55649941871401e-06,0.6767816384900408,True,True
ceh17,5,C5 (Coastal Forest),2.4,1.7281644576802817,1.678119868115396,0.13222696353656246,3.2703395260020154e-06,0.6812134170479434,True,True
ceh17,5,C5 (Coastal Forest),2.5,1.7995001703846762,1.5923188390349878,0.12493716823817214,2.080619168827581e-06,0.6840676875669627,True,True
ceh17,5,C5 (Coastal Forest),2.6,1.8599652992194493,1.5190160402566144,0.11719825217300572,1.5916217969237445e-06,0.6857484691394862,True,True
ceh17,5,C5 (Coastal Forest),2.7,1.910526878374386,1.4572818917786687,0.10954317859268392,1.3903968209565378e-06,0.6865935575591091,True,True
ceh17,5,C5 (Coastal Forest),2.8,1.9525539705295052,1.4056289250261567,0.10226273218720079,1.3319558469381818e-06,0.686861630828445,True,True
ceh17,5,C5 (Coastal Forest),2.9,1.9874450684817986,1.36247861276192,0.09549411864303811,1.357892199537891e-06,0.6867412600624978,True,True
ceh17,5,C5 (Coastal Forest),3.0,2.016463752858942,1.326375965032657,0.08928355357316195,1.4419742466233443e-06,0.6863660142908751,True,True
ceh17,5,C5 (Coastal Forest),3.1,2.0406856952978156,1.2960661840917043,0.08362660602275013,1.5713050389937007e-06,0.6858288756599287,True,True
ceh17,5,C5 (Coastal Forest),3.2,2.060998348157481,1.2705041127316556,0.07849277988954578,1.738968587082925e-06,0.6851938494827097,True,True
ceh17,5,C5 (Coastal Forest),3.3,2.078121908738572,1.2488351236648625,0.07383988576539394,1.9408686393368165e-06,0.6845046212902526,True,True
ceh17,5,C5 (Coastal Forest),3.4,2.092636216806854,1.230366772441807,0.06962212556887998,2.1742660635554905e-06,0.6837907618081605,True,True
ceh17,5,C5 (Coastal Forest),3.5,2.1050068100811132,1.2145400457669426,0.06579442896700846,2.4370677078563293e-06,0.6830720830052123,True,True
ceh17,5,C5 (Coastal Forest),3.6,2.115607611523857,1.2009037280155086,0.062314610093579414,2.727472447439346e-06,0.682361664495468,True,True
ceh17,5,C5 (Coastal Forest),3.7,2.124739686737879,1.1890928887683736,0.059144287149851066,3.043796525077074e-06,0.6816679468891071,True,True
ceh17,5,C5 (Coastal Forest),3.8,2.1326463319178544,1.1788113935213673,0.056249121014938064,3.3843921687161284e-06,0.6809961783984109,True,True
ceh17,5,C5 (Coastal Forest),3.9,2.1395250326988218,1.1698179275764278,0.05359869615252871,3.747615444478518e-06,0.680349415512552,True,True
ceh17,5,C5 (Coastal Forest),4.0,2.1455368730728335,1.1619149267849203,0.05116622886302658,4.131819787056401e-06,0.6797292165418016,True,True
ceh17,5,C5 (Coastal Forest),4.1,2.150813916650209,1.1549398450594743,0.048928206677534225,4.535362238807535e-06,0.6791361233356858,True,True
ceh17,5,C5 (Coastal Forest),4.2,2.155464996911308,1.148758270827416,0.046864015340685364,4.956615171547026e-06,0.6785699964941928,True,True
ceh17,5,C5 (Coastal Forest),4.3,2.159580267493217,1.14325849422393,0.04495558250517693,5.393979495469671e-06,0.6780302488887586,True,True
ceh17,5,C5 (Coastal Forest),4.4,2.1632347887190617,1.13834720825793,0.04318705170635351,5.845897221680268e-06,0.6775160083309835,True,True
ceh17,5,C5 (Coastal Forest),4.5,2.166491365129737,1.1339460955665848,0.04154449151635531,6.310862330132587e-06,0.6770262306914607,True,True
ceh17,5,C5 (Coastal Forest),4.6,2.1694027999839673,1.1299891074941075,0.0400156401126592,6.7874295254481015e-06,0.6765597782498608,True,True
ceh17,5,C5 (Coastal Forest),4.7,2.172013694670989,1.12642028565531,0.038589683138425986,7.274220821842086e-06,0.6761154735804972,True,True
ceh17,5,C5 (Coastal Forest),4.8,2.1743618916597542,1.1231920099145811,0.0372570616845787,7.769930092800357e-06,0.6756921361900754,True,True
ceh17,5,C5 (Coastal Forest),4.9,2.1764796371216772,1.1202635827901934,0.036009306901783035,8.273325816443885e-06,0.6752886069843234,True,True
ceh17,5,C5 (Coastal Forest),5.0,2.1783945221539662,1.117600080365896,0.03483889781445481,8.783252283545204e-06,0.6749037641493358,True,True
ceh17,5,C5 (Coastal Forest),5.1,2.180130248362124,1.115171415228548,0.033739139162639285,9.298629536880653e-06,0.6745365329894892,True,True
ceh17,5,C5 (Coastal Forest),5.2,2.181707253465603,1.1129515688316474,0.032704056430166266,9.818452293556018e-06,0.6741858915291101,True,True
ceh17,5,C5 (Coastal Forest),5.3,2.1831432248390943,1.1109179598469479,0.03172830556790778,1.034178807553689e-05,0.6738508731656363,True,True
ceh17,5,C5 (Coastal Forest),5.4,2.184453522925135,1.1090509221512899,0.030807095257324855,1.0867774743830326e-05,0.6735305672931302,True,True
ceh17,5,C5 (Coastal Forest),5.5,2.1856515318346346,1.1073332715926643,0.029936119866674032,1.1395617601873516e-05,0.6732241185520149,True,True
ceh17,5,C5 (Coastal Forest),5.6,2.186748950864163,1.1057499449587547,0.029111501524550117,1.1924586205613627e-05,0.6729307251727414,True,True
ceh17,5,C5 (Coastal Forest),5.7,2.1877560378623655,1.1042876979167362,0.028329739972313726,1.2454010992541333e-05,0.6726496367460899,True,True
ceh17,5,C5 (Coastal Forest),5.8,2.188681813189976,1.10293485131777,0.02758766906049337,1.298327981978207e-05,0.6723801516557085,True,True
ceh17,5,C5 (Coastal Forest),5.9,2.189534231296773,1.1016810773283305,0.02688241892772791,1.3511834482339515e-05,0.6721216143385466,True,True
ceh17,5,C5 (Coastal Forest),6.0,2.190320325581403,1.1005172184868952,0.026211383047859742,1.4039167266656235e-05,0.6718734124884156,True,True
ceh17,5,C5 (Coastal Forest),6.1,2.191046331122531,1.0994351340848008,0.02557218945504643,1.4564817581245616e-05,0.6716349742815764,True,True
ceh17,5,C5 (Coastal Forest),6.2,2.1917177890135244,1.098427569307023,0.02496267556151201,1.5088368695214726e-05,0.6714057656770855,True,True
ceh17,5,C5 (Coastal Forest),6.3,2.1923396353477065,1.0974880433995797,0.02438086607080815,1.5609444606666085e-05,0.6711852878258724,True,True
ceh17,5,C5 (Coastal Forest),6.4,2.1929162773514377,1.0966107537979526,0.023824953563774825,1.612770705567984e-05,0.6709730746091052,True,True
ceh17,5,C5 (Coastal Forest),6.5,2.19345165871846,1.0957904936901466,0.02329328139700565,1.6642852690948405e-05,0.670768690316897,True,True
ceh17,5,C5 (Coastal Forest),6.6,2.1939493158426804,1.0950225809250815,0.022784328606406994,1.715461039470668e-05,0.6705717274717249,True,True
ceh17,5,C5 (Coastal Forest),6.7,2.1944124263537375,1.0943027965319567,0.022296696553005126,1.7662738766972908e-05,0.6703818047963263,True,True
ceh17,5,C5 (Coastal Forest),6.8,2.1948438511235167,1.0936273314067257,0.021829097085809927,1.8167023767617473e-05,0.6701985653227095,True,True
ceh17,5,C5 (Coastal Forest),6.9,2.1952461707183017,1.0929927399589907,0.021380342028423635,1.8667276512710603e-05,0.6700216746368789,True,True
ceh17,5,C5 (Coastal Forest),7.0,2.1956217171112486,1.092395899708187,0.020949333823109765,1.9163331220178447e-05,0.6698508192526123,True,True
ceh17,5,C5 (Coastal Forest),7.1,2.1959726013399767,1.09183397597897,0.020535057189001407,1.9655043298747424e-05,0.6696857051069163,True,True
ceh17,5,C5 (Coastal Forest),7.2,2.1963007376848194,1.0913043909786984,0.020136571670656633,2.014228757349838e-05,0.6695260561694802,True,True
ceh17,5,C5 (Coastal Forest),7.3,2.1966078648547414,1.090804796651177,0.01975300496982861,2.062495664105919e-05,0.6693716131583949,True,True
ceh17,5,C5 (Coastal Forest),7.4,2.1968955645920487,1.0903330507919056,0.019383546967550035,2.1102959346978182e-05,0.6692221323545644,True,True
ceh17,5,C5 (Coastal Forest),7.5,2.1971652780464233,1.0898871959881715,0.019027444355804553,2.1576219378067888e-05,0.6690773845074995,True,True
ceh17,5,C5 (Coastal Forest),7.6,2.197418320214977,1.0894654410109117,0.018683995808498086,2.204467396253542e-05,0.6689371538255334,True,True
ceh17,5,C5 (Coastal Forest),7.7,2.197655892703751,1.0890661443395162,0.01835254763042534,2.2508272670711512e-05,0.6688012370438958,True,True
ceh17,5,C5 (Coastal Forest),7.8,2.197879095026445,1.0886877995468534,0.018032489830646408,2.2966976309651623e-05,0.6686694425644968,True,True
ceh17,5,C5 (Coastal Forest),7.9,2.1980889346285766,1.0883290223093773,0.01772325257335136,2.3420755905005496e-05,0.6685415896616937,True,True
ceh17,5,C5 (Coastal Forest),8.0,2.1982863357961584,1.0879885388407782,0.01742430296505371,2.3869591763994494e-05,0.6684175077487273,True,True
ceh18,3,C3 (Western Residual),0.5,1.864393176148264,3.416753851935628,0.16622518376997777,0.00010896098210187396,0.6559103646477109,True,True
ceh18,3,C3 (Western Residual),0.6,1.9492999828146833,3.327887151506129,0.178936539614094,1.5635937093795138e-05,0.6687955231552949,True,True
ceh18,3,C3 (Western Residual),0.7,2.057920018144495,3.2070782123317,0.18635690229531054,2.5288179642000893e-06,0.6805446556753514,True,True
ceh18,3,C3 (Western Residual),0.8,2.1793804774142806,3.06749182610615,0.18907391090852677,5.007650931179172e-07,0.6906941559078805,True,True
ceh18,3,C3 (Western Residual),0.9,2.304368457497894,2.920744234699491,0.18801312408039428,1.2697847686518179e-07,0.6990730452687582,True,True
ceh18,3,C3 (Western Residual),1.0,2.426070676112116,2.7755956047878376,0.1841765846248239,4.1649795438646384e-08,0.7057302342011669,True,True
ceh18,3,C3 (Western Residual),1.1,2.5401976327233475,2.6377842877421322,0.17847210844654654,1.7413099970429362e-08,0.7108448308817931,True,True
ceh18,3,C3 (Western Residual),1.2,2.644517400327254,2.510508699602672,0.1716359530728281,9.015606680499869e-09,0.7146513555294915,True,True
ceh18,3,C3 (Western Residual),1.3,2.7382556775122793,2.395117680401719,0.16422048846019519,5.586178164764632e-09,0.7173901918931203,True,True
ceh18,3,C3 (Western Residual),1.4,2.8215594333658274,2.2917539008877195,0.1566157231592439,4.004327329144764e-09,0.719280721420627,True,True
ceh18,3,C3 (Western Residual),1.5,2.8950929760004502,2.1998522077350517,0.14908263509542063,3.221139883158378e-09,0.7205102583806495,True,True
ceh18,3,C3 (Western Residual),1.6,2.95976519992149,2.1184846689282177,0.14178627823042603,2.833517138065061e-09,0.7212322550917314,True,True
ceh18,3,C3 (Western Residual),1.7,3.016560380612175,2.04658053467396,0.13482365340067215,2.6686990039430717e-09,0.721569115399918,True,True
ceh18,3,C3 (Western Residual),1.8,3.066441489446725,1.9830564127430859,0.12824520464755462,2.646148180953521e-09,0.7216167856181875,True,True
ceh18,3,C3 (Western Residual),1.9,3.110300465097878,1.9268869763757812,0.12207053507617302,2.7260637245291873e-09,0.7214496111246216,True,True
ceh18,3,C3 (Western Residual),2.0,3.1489370756892088,1.8771385691588884,0.11629949267899303,2.8881841026036617e-09,0.7211247600425879,True,True
ceh18,3,C3 (Western Residual),2.1,3.183054190648958,1.8329808622631456,0.11091978911456973,3.122271306772088e-09,0.720685964866782,True,True
ceh18,3,C3 (Western Residual),2.2,3.2132618153624417,1.7936862756419794,0.10591212665725147,3.423500274698465e-09,0.7201665569062097,True,True
ceh18,3,C3 (Western Residual),2.3,3.2400852966018068,1.758623126233884,0.10125358173001486,3.790067956450325e-09,0.7195918656316644,True,True
ceh18,3,C3 (Western Residual),2.4,3.263975058162705,1.7272460255989817,0.09691979140415949,4.2218759209270605e-09,0.7189810865131444,True,True
ceh18,3,C3 (Western Residual),2.5,3.285316425672077,1.6990855207207696,0.09288632971260566,4.719764742918394e-09,0.7183487213618178,True,True
ceh18,3,C3 (Western Residual),2.6,3.3044388134400107,1.6737380430411901,0.08912954227722641,5.285048632919806e-09,0.717705682916696,True,True
ceh18,3,C3 (Western Residual),2.7,3.32162395756575,1.6508566824635,0.08562702310389608,5.919222575817311e-09,0.7170601395299643,True,True
ceh18,3,C3 (Western Residual),2.8,3.3371131073798663,1.6301429893839225,0.08235785820818237,6.623773874641535e-09,0.7164181604182218,True,True
ceh18,3,C3 (Western Residual),2.9,3.351113206546671,1.6113398357596975,0.07930271994044574,7.400060023187569e-09,0.7157842086360899,True,True
ceh18,3,C3 (Western Residual),3.0,3.363802151640441,1.5942252778491686,0.07644386803227542,8.24923057894802e-09,0.7151615180594463,True,True
ceh18,3,C3 (Western Residual),3.1,3.3753332373251377,1.578607323161952,0.07376509450258485,9.172179291855034e-09,0.7145523820788251,True,True
ceh18,3,C3 (Western Residual),3.2,3.3858388997086903,1.5643194910432077,0.07125163681891528,1.016951760777691e-08,0.7139583750539873,True,True
ceh18,3,C3 (Western Residual),3.3,3.3954338624444933,1.5512170575839903,0.06889007514597059,1.1241563535595935e-08,0.7133805224938092,True,True
ceh18,3,C3 (Western Residual),3.4,3.4042177790628303,1.5391738838774773,0.06666822378217979,1.2388341635484792e-08,0.7128194320624845,True,True
ceh18,3,C3 (Western Residual),3.5,3.412277452754563,1.5280797378764395,0.06457502306772828,1.3609591028441905e-08,0.7122753945911239,True,True
ceh18,3,C3 (Western Residual),3.6,3.419688702915276,1.5178380319780675,0.0626004355207926,1.4904779100722143e-08,0.7117484620678531,True,True
ceh18,3,C3 (Western Residual),3.7,3.4265179369036884,1.5083639097965094,0.06073534830053991,1.6273119125762116e-08,0.7112385079145391,True,True
ceh18,3,C3 (Western Residual),3.8,3.4328234759404417,1.4995826258386522,0.05897148302060326,1.771359043116853e-08,0.7107452736006168,True,True
ceh18,3,C3 (Western Residual),3.9,3.438656675901152,1.4914281707861128,0.05730131325231895,1.9224960047833998e-08,0.7102684046930007,True,True
ceh18,3,C3 (Western Residual),4.0,3.4440628768530535,1.4838421028045188,0.05571798963294157,2.080580502013142e-08,0.7098074787196988,True,True
ceh18,3,C3 (Western Residual),4.1,3.4490822094078966,1.4767725518407193,0.054215272242403675,2.245453474850317e-08,0.7093620266764731,True,True
ceh18,3,C3 (Western Residual),4.2,3.4537502811621588,1.4701733693628847,0.05278746977376961,2.416941289028295e-08,0.7089315495880308,True,True
ceh18,3,C3 (Western Residual),4.3,3.458098762519434,1.4640034005850384,0.0514293849574811,2.594857846902707e-08,0.7085155312158532,True,True
ceh18,3,C3 (Western Residual),4.4,3.4621558879090526,1.4582258600351308,0.050136265681053345,2.7790065942927324e-08,0.7081134477599137,True,True
ceh18,3,C3 (Western Residual),4.5,3.465946885706325,1.4528077944936493,0.04890376125620647,2.9691824063226942e-08,0.7077247752132725,True,True
ceh18,3,C3 (Western Residual),4.6,3.4694943479278564,1.4477196199575455,0.04772788331263415,3.165173341773599e-08,0.7073489948833193,True,True
ceh18,3,C3 (Western Residual),4.7,3.4728185489346854,1.4429347214622632,0.046604970833952264,3.3667622605106685e-08,0.7069855974811259,True,True
ceh18,3,C3 (Western Residual),4.8,3.4759377208565896,1.4384291064011,0.04553165889178993,3.5737283024567766e-08,0.7066340860932274,True,True
ceh18,3,C3 (Western Residual),4.9,3.4788682921941607,1.4341811034801384,0.0445048506752756,3.785848229628264e-08,0.706293978282372,True,True
ceh18,3,C3 (Western Residual),5.0,3.4816250950170575,1.4301711006928828,0.04352169245337895,4.002897634980284e-08,0.705964807510909,True,True
ceh18,3,C3 (Western Residual),5.1,3.484221545313424,1.4263813167351391,0.04257955114557512,4.2246520234529924e-08,0.7056461240391348,True,True
ceh18,3,C3 (Western Residual),5.2,3.486669800331684,1.422795601144779,0.04167599421146627,4.450887771740952e-08,0.7053374954185201,True,True
ceh18,3,C3 (Western Residual),5.3,3.488980896157841,1.4193992591722968,0.040808771602105456,4.681382974061667e-08,0.705038506674267,True,True
ceh18,3,C3 (Western Residual),5.4,3.4911648682757717,1.4161788979917738,0.0399757995447827,4.915918181617856e-08,0.7047487602516254,True,True
ceh18,3,C3 (Western Residual),5.5,3.4932308574424535,1.4131222913675314,0.039175145959050355,5.154277043611101e-08,0.7044678757845655,True,True
ceh18,3,C3 (Western Residual),5.6,3.495187202861501,1.4102182603169182,0.038405017324969606,5.396246857696063e-08,0.7041954897329441,True,True
ceh18,3,C3 (Western Residual),5.7,3.497041524346019,1.4074565676673758,0.037663746845182214,5.64161903754556e-08,0.7039312549244019,True,True
ceh18,3,C3 (Western Residual),5.8,3.4988007949173263,1.4048278247075299,0.03694978376066591,5.890189505022473e-08,0.7036748400294215,True,True
ceh18,3,C3 (Western Residual),5.9,3.5004714050762455,1.402323408387267,0.036261683696177646,6.1417590140147e-08,0.7034259289917613,True,True
ceh18,3,C3 (Western Residual),6.0,3.502059219810973,1.3999353877379739,0.03559809992562335,6.396133412751264e-08,0.7031842204315679,True,True
ceh18,3,C3 (Western Residual),6.1,3.5035696292549856,1.3976564583671673,0.034957775460171064,6.6531238508172e-08,0.7029494270345615,True,True
ceh18,3,C3 (Western Residual),6.2,3.5050075937836613,1.395479884038524,0.03433953587296742,6.912546936849714e-08,0.7027212749375873,True,True
ceh18,3,C3 (Western Residual),6.3,3.5063776842298644,1.393399444480548,0.03374228278408708,7.17422485233481e-08,0.7024995031183727,True,True
ceh18,3,C3 (Western Residual),6.4,3.507684117809042,1.391409388681614,0.03316498793792409,7.4379854265309e-08,0.7022838627953831,True,True
ceh18,3,C3 (Western Residual),6.5,3.508930790263457,1.38950439302591,0.032606687812808316,7.703662177159573e-08,0.702074116842117,True,True
ceh18,3,C3 (Western Residual),6.6,3.510121304671808,1.3876795237085418,0.03206647870929844,7.971094321076089e-08,0.7018700392189796,True,True
ceh18,3,C3 (Western Residual),6.7,3.5112589973092945,1.385930202939777,0.03154351226949596,8.240126758747177e-08,0.7016714144249021,True,True
ceh18,3,C3 (Western Residual),6.8,3.5123469608973164,1.3842521785102686,0.031036991384907835,8.510610036043792e-08,0.7014780369701297,True,True
ceh18,3,C3 (Western Residual),6.9,3.5133880655360468,1.3826414963422968,0.030546166454985108,8.782400286481396e-08,0.7012897108710094,True,True
ceh18,3,C3 (Western Residual),7.0,3.5143849775804252,1.3810944756982717,0.030070331962515646,9.055359156708832e-08,0.7011062491671582,True,True
ceh18,3,C3 (Western Residual),7.1,3.5153401766836634,1.379607686757755,0.029608823335632105,9.329353717883783e-08,0.7009274734610351,True,True
ceh18,3,C3 (Western Residual),7.2,3.5162559712094104,1.3781779303087964,0.029161014069387536,9.604256365106163e-08,0.7007532134796837,True,True
ceh18,3,C3 (Western Residual),7.3,3.5171345121867494,1.3768022193295104,0.028726313082647795,9.87994470705397e-08,0.7005833066582012,True,True
ceh18,3,C3 (Western Residual),7.4,3.517977805962101,1.3754777622620487,0.028304162288575612,1.015630144751312e-07,0.7004175977443508,True,True
ceh18,3,C3 (Western Residual),7.5,3.5187877256861073,1.374201947804182,0.027894034359176423,1.0433214260520435e-07,0.7002559384236284,True,True
ceh18,3,C3 (Western Residual),7.6,3.519566021753955,1.3729723310634123,0.027495430666360836,1.0710575660485664e-07,0.7000981869640184,True,True
ceh18,3,C3 (Western Residual),7.7,3.5203143313076337,1.371786620936249,0.02710787938374086,1.0988282868559525e-07,0.6999442078796351,True,True
ceh18,3,C3 (Western Residual),7.8,3.521034186894034,1.370642668590599,0.02673093373493221,1.1266237676353394e-07,0.6997938716124134,True,True
ceh18,3,C3 (Western Residual),7.9,3.5217270243636776,1.3695384569425504,0.026364170375537465,1.1544346307964559e-07,0.6996470542310105,True,True
ceh18,3,C3 (Western Residual),8.0,3.5223941900841433,1.3684720910309438,0.02600718789723016,1.1822519281170427e-07,0.699503637146077,True,True
ceh19,5,C5 (Coastal Forest),0.5,1.2397089602612368,1.9853451404811704,0.06768146652350314,0.09197728887651692,0.6206154050994616,True,False
ceh19,5,C5 (Coastal Forest),0.6,1.1903340363942978,2.07688298297342,0.10502109748046494,0.009790092690259553,0.6353895149366723,True,True
ceh19,5,C5 (Coastal Forest),0.7,1.1973870409603042,2.097485758444396,0.13810261429854695,0.0005440729982684524,0.654821101261839,True,True
ceh19,5,C5 (Coastal Forest),0.8,1.2584166327041553,2.0457984418176096,0.16205042569063885,2.1736964612706202e-05,0.6758700376673602,True,True
ceh19,5,C5 (Coastal Forest),0.9,1.3566053675813718,1.9402636123734371,0.17505557795970408,9.455338783391671e-07,0.6954221907405215,True,True
ceh19,5,C5 (Coastal Forest),1.0,1.4707385766614987,1.8072577920848016,0.17838559164234835,6.251419424247961e-08,0.7115395955506565,True,True
ceh19,5,C5 (Coastal Forest),1.1,1.584032946585153,1.6692076094648902,0.17482226629448927,7.361949867984893e-09,0.7236867179760093,True,True
ceh19,5,C5 (Coastal Forest),1.2,1.6869628842158817,1.5399113006564575,0.1671646030074797,1.5475674587456818e-09,0.7322438290803424,True,True
ceh19,5,C5 (Coastal Forest),1.3,1.7758901792128567,1.4255607304067692,0.15753305405314635,5.333049753566122e-10,0.7379457592155003,True,True
ceh19,5,C5 (Coastal Forest),1.4,1.8506506969963739,1.3275480341449424,0.14729258668040257,2.6955033006320915e-10,0.741537442537914,True,True
ceh19,5,C5 (Coastal Forest),1.5,1.9126742517593613,1.2448553370244329,0.13722447582572037,1.801891538454559e-10,0.7436355101575391,True,True
ceh19,5,C5 (Coastal Forest),1.6,1.9638902625760493,1.17553401407169,0.12772702095854585,1.465922143305574e-10,0.744704211524451,True,True
ceh19,5,C5 (Coastal Forest),1.7,2.0062013933931233,1.117467001425878,0.118970047342117,1.364024745070005e-10,0.7450763350442833,True,True
ceh19,5,C5 (Coastal Forest),1.8,2.041277912199061,1.0687025222627453,0.11099621940648408,1.388547849732529e-10,0.7449843459774175,True,True
ceh19,5,C5 (Coastal Forest),1.9,2.0705081313937392,1.0275667039272869,0.10378217347091809,1.4991081133645598e-10,0.744588479841922,True,True
ceh19,5,C5 (Coastal Forest),2.0,2.0950149868117416,0.9926745416317702,0.09727354496470672,1.6800924073664396e-10,0.7439984544508131,True,True
ceh19,5,C5 (Coastal Forest),2.1,2.115694991636693,0.962900400868943,0.09140423848819892,1.9261854149093426e-10,0.743289139477493,True,True
ceh19,5,C5 (Coastal Forest),2.2,2.1332602817893433,0.9373368407053029,0.08610657570113878,2.2366762343128798e-10,0.7425114966021878,True,True
ceh19,5,C5 (Coastal Forest),2.3,2.148276332439247,0.9152540903927349,0.08131630791881356,2.61292959154055e-10,0.7417000994818237,True,True
ceh19,5,C5 (Coastal Forest),2.4,2.161193266732267,0.8960646837137778,0.07697480729712702,3.057144314702323e-10,0.7408782715279512,True,True
ceh19,5,C5 (Coastal Forest),2.5,2.1723708743762518,0.8792942640544068,0.07302975188357794,3.571696036174171e-10,0.740061593743409,True,True
ceh19,5,C5 (Coastal Forest),2.6,2.1820982194287017,0.864558158577349,0.0694350409511174,4.1587735226845256e-10,0.7392603053652862,True,True
ceh19,5,C5 (Coastal Forest),2.7,2.190608864359553,0.8515428544445115,0.06615034682857798,4.820176885729365e-10,0.7384809533397095,True,True
ceh19,5,C5 (Coastal Forest),2.8,2.198092649034042,0.8399914518390754,0.06314052293383628,5.55721218246948e-10,0.7377275310262356,True,True
ceh19,5,C5 (Coastal Forest),2.9,2.204704804613129,0.8296922658542397,0.06037498320723075,6.370646684126744e-10,0.7370022681168944,True,True
ceh19,5,C5 (Coastal Forest),3.0,2.2105730213173618,0.8204698902505425,0.05782711012166042,7.260703519687275e-10,0.7363061811106859,True,True
ceh19,5,C5 (Coastal Forest),3.1,2.215802949469036,0.8121781744036523,0.055473716675577496,8.227082004692642e-10,0.735639458447537,True,True
ceh19,5,C5 (Coastal Forest),3.2,2.220482500482486,0.8046946841290805,0.053294570771783505,9.268994343963207e-10,0.7350017307942232,True,True
ceh19,5,C5 (Coastal Forest),3.3,2.2246852265650467,0.7979163140973164,0.051271981641150335,1.0385212150888106e-09,0.7343922610958158,True,True
ceh19,5,C5 (Coastal Forest),3.4,2.2284729906491876,0.7917557959777448,0.04939044380085075,1.1574118092693973e-09,0.7338100782726767,True,True
ceh19,5,C5 (Coastal Forest),3.5,2.2318980871583207,0.7861389056176529,0.04763633235733149,1.283375930781208e-09,0.7332540711439521,True,True
ceh19,5,C5 (Coastal Forest),3.6,2.2350049358314314,0.7810022179487017,0.04599764310037678,1.4161900231607698e-09,0.7327230541628289,True,True
ceh19,5,C5 (Coastal Forest),3.7,2.237831441942032,0.7762912929764885,0.04446377112887684,1.555607321242193e-09,0.7322158131069043,True,True
ceh19,5,C5 (Coastal Forest),3.8,2.240410094480877,0.771959202648201,0.04302532233827441,1.7013625863185644e-09,0.7317311364798353,True,True
ceh19,5,C5 (Coastal Forest),3.9,2.2427688574320475,0.7679653285748071,0.04167395278817611,1.853176451730117e-09,0.7312678367140231,True,True
ceh19,5,C5 (Coastal Forest),4.0,2.2449318968155256,0.7642743760216228,0.04040223165477012,2.010759347143964e-09,0.7308247640935408,True,True
ceh19,5,C5 (Coastal Forest),4.1,2.2469201766915274,0.760855561424425,0.03920352410776093,2.1738149926532944e-09,0.7304008154893552,True,True
ceh19,5,C5 (Coastal Forest),4.2,2.2487519500807407,0.7576819398075195,0.03807189101578171,2.3420434700029103e-09,0.7299949394111436,True,True
ceh19,5,C5 (Coastal Forest),4.3,2.2504431651947003,0.7547298455298973,0.037002002873385176,2.515143889284556e-09,0.7296061384601832,True,True
ceh19,5,C5 (Coastal Forest),4.4,2.2520078030825337,0.7519784252585744,0.03598906576020458,2.6928166765498846e-09,0.7292334699664913,True,True
ceh19,5,C5 (Coastal Forest),4.5,2.253458159476239,0.7494092463362074,0.03502875749567485,2.8747655119605864e-09,0.7288760453762351,True,True
ceh19,5,C5 (Coastal Forest),4.6,2.254805081028082,0.7470059670529048,0.03411717244896906,3.060698950043899e-09,0.7285330287983163,True,True
ceh19,5,C5 (Coastal Forest),4.7,2.2560581641068373,0.7447540579625458,0.033250773711568454,3.2503317540526027e-09,0.7282036350050031,True,True
ceh19,5,C5 (Coastal Forest),4.8,2.257225922727089,0.7426405654628276,0.03242635154668894,3.443385975727284e-09,0.7278871270985025,True,True
ceh19,5,C5 (Coastal Forest),4.9,2.2583159309259884,0.7406539105085066,0.031640987202166695,3.6395918103255405e-09,0.7275828139948591,True,True
ceh19,5,C5 (Coastal Forest),5.0,2.259334943903741,0.7387837166434204,0.03089202131711874,3.838688254881598e-09,0.7272900478323998,True,True
ceh19,5,C5 (Coastal Forest),5.1,2.2602890014462065,0.7370206625905273,0.03017702627253523,4.0404235955165085e-09,0.7270082213796921,True,True
ceh19,5,C5 (Coastal Forest),5.2,2.2611835165115837,0.7353563554865812,0.029493781936013045,4.244555747328398e-09,0.72673676549445,True,True
ceh19,5,C5 (Coastal Forest),5.3,2.2620233513489314,0.7337832215322826,0.02884025433448448,4.4508524681011914e-09,0.7264751466676767,True,True
ceh19,5,C5 (Coastal Forest),5.4,2.2628128831029914,0.7322944113834483,0.02821457685881744,4.659091464853304e-09,0.7262228646748926,True,True
ceh19,5,C5 (Coastal Forest),5.5,2.2635560605233,0.7308837180601033,0.027615033662909082,4.869060410142902e-09,0.7259794503473123,True,True
ceh19,5,C5 (Coastal Forest),5.6,2.2642564531228193,0.7295455055191842,0.027040044969267766,5.080556883022699e-09,0.7257444634693959,True,True
ceh19,5,C5 (Coastal Forest),5.7,2.2649172939079265,0.7282746463388283,0.026488154034656194,5.293388247765798e-09,0.7255174908046429,True,True
ceh19,5,C5 (Coastal Forest),5.8,2.26554151661805,0.7270664672112597,0.025958015564456823,5.507371481779692e-09,0.7252981442483113,True,True
ceh19,5,C5 (Coastal Forest),5.9,2.2661317882632663,0.7259167011463091,0.02544838539410662,5.722332962666532e-09,0.7250860591035875,True,True
ceh19,5,C5 (Coastal Forest),6.0,2.266690537623491,0.7248214454582154,0.02495811128111381,5.938108222929332e-09,0.7248808924763028,True,True
ceh19,5,C5 (Coastal Forest),6.1,2.267219980269559,0.7237771247497093,0.02448612467252389,6.154541679836378e-09,0.7246823217824152,True,True
ceh19,5,C5 (Coastal Forest),6.2,2.267722140581329,0.7227804582250635,0.02403143333093368,6.371486346593799e-09,0.7244900433619843,True,True
ceh19,5,C5 (Coastal Forest),6.3,2.2681988711661862,0.7218284307630466,0.023593114717649143,6.588803530322059e-09,0.7243037711931597,True,True
ceh19,5,C5 (Coastal Forest),6.4,2.2686518700216265,0.7209182672629001,0.02317031004489084,6.80636252133101e-09,0.7241232356996892,True,True
ceh19,5,C5 (Coastal Forest),6.5,2.2690826957356522,0.7200474098466105,0.022762218920315186,7.024040277490595e-09,0.7239481826455838,True,True
ceh19,5,C5 (Coastal Forest),6.6,2.269492780976328,0.7192134975591624,0.022368094516906314,7.241721106961139e-09,0.7237783721107924,True,True
ceh19,5,C5 (Coastal Forest),6.7,2.269883444486473,0.7184143482582714,0.02198723920970211,7.459296351837157e-09,0.7236135775420185,True,True
ceh19,5,C5 (Coastal Forest),6.8,2.270255901769393,0.7176479424276417,0.021619000628075556,7.676664074993204e-09,0.7234535848731275,True,True
ceh19,5,C5 (Coastal Forest),6.9,2.2706112746256633,0.7169124086829592,0.02126276807856705,7.893728751809393e-09,0.7232981917099204,True,True
ceh19,5,C5 (Coastal Forest),7.0,2.2709505996801225,0.716206010771038,0.020917969298691788,8.110400968202037e-09,0.7231472065743918,True,True
ceh19,5,C5 (Coastal Forest),7.1,2.2712748360185557,0.7155271358885669,0.020584067506855458,8.326597126196353e-09,0.7230004482039216,True,True
ceh19,5,C5 (Coastal Forest),7.2,2.2715848720391136,0.714874284168928,0.020260558717617887,8.542239157696334e-09,0.7228577449011744,True,True
ceh19,5,C5 (Coastal Forest),7.3,2.271881531608683,0.7142460592053782,0.019946969295097386,8.7572542473449e-09,0.7227189339307948,True,True
ceh19,5,C5 (Coastal Forest),7.4,2.272165579603685,0.713641159495038,0.01964285372043799,8.97157456475025e-09,0.7225838609592792,True,True
ceh19,5,C5 (Coastal Forest),7.5,2.2724377269047213,0.7130583707023723,0.019347792551969806,9.185137006453807e-09,0.7224523795346872,True,True
ceh19,5,C5 (Coastal Forest),7.6,2.2726986349051552,0.7124965586536979,0.019061390559084193,9.397882947881682e-09,0.7223243506031133,True,True
ceh19,5,C5 (Coastal Forest),7.7,2.2729489195871295,0.7119546629842297,0.01878327501293317,9.60975800525802e-09,0.7221996420590853,True,True
ceh19,5,C5 (Coastal Forest),7.8,2.273189155211906,0.7114316913691392,0.018513094118899613,9.820711807528576e-09,0.7220781283272818,True,True
ceh19,5,C5 (Coastal Forest),7.9,2.2734198776650634,0.7109267142776725,0.018250515577403235,1.0030697778197885e-08,0.7219596899731677,True,True
ceh19,5,C5 (Coastal Forest),8.0,2.2736415874935787,0.7104388601966122,0.017995225261031277,1.0239672926905521e-08,0.7218442133403431,True,True
ceh20,4,C4 (Main Forest),0.5,2.060197427421942,2.617346725914536,0.005497520999266481,0.8307268075979088,0.7066396486371588,True,False
ceh20,4,C4 (Main Forest),0.6,2.0332472669762627,2.642174654998903,0.011034910029296185,0.6741376071131833,0.7070379253993417,True,False
ceh20,4,C4 (Main Forest),0.7,2.01238619680352,2.6595085562877956,0.016782629141155133,0.5277928858197898,0.7077106166991429,True,False
ceh20,4,C4 (Main Forest),0.8,1.9991384207920095,2.6678823365685815,0.02247552084598897,0.39999326180227907,0.7086471702239681,True,False
ceh20,4,C4 (Main Forest),0.9,1.9944001216638694,2.6665939818297906,0.027833594435676012,0.29549456375215394,0.709810441374441,True,False
ceh20,4,C4 (Main Forest),1.0,1.998263098984944,2.6558582149949874,0.03260587561171464,0.2149190843756714,0.7111411978219719,True,False
ceh20,4,C4 (Main Forest),1.1,2.010021139245202,2.636750145923706,0.03660824780529405,0.15567353622164706,0.7125677872026512,True,False
ceh20,4,C4 (Main Forest),1.2,2.0283509651925256,2.610964305837566,0.03974386826560524,0.11356987093297677,0.7140178240132373,True,False
ceh20,4,C4 (Main Forest),1.3,2.0515931331130415,2.580482316255628,0.042002495962846984,0.08424961233918397,0.7154282617856815,True,False
ceh20,4,C4 (Main Forest),1.4,2.0780363985695915,2.5472577166967376,0.04344332153512497,0.06399381605410215,0.716751478044684,True,False
ceh20,4,C4 (Main Forest),1.5,2.1061338189388588,2.5129916493450173,0.04417013200845102,0.049974299787275425,0.7179569595428392,True,True
ceh20,4,C4 (Main Forest),1.6,2.1346236763005337,2.4790207282486505,0.04430703131284928,0.040184959455431615,0.7190296564253534,True,True
ceh20,4,C4 (Main Forest),1.7,2.162565342848864,2.446298781802261,0.04397960589413504,0.033258821435763426,0.7199665934295496,True,True
ceh20,4,C4 (Main Forest),1.8,2.189317668969286,2.4154379352605186,0.043302945303059524,0.02828282373138505,0.7207730950632052,True,True
ceh20,4,C4 (Main Forest),1.9,2.2144883270976425,2.386776385782574,0.04237568049962312,0.02465077652364039,0.7214594524895518,True,True
ceh20,4,C4 (Main Forest),2.0,2.2378751563040877,2.360450128187864,0.04127831703003895,0.021958894748447127,0.7220383697065782,True,True
ceh20,4,C4 (Main Forest),2.1,2.2594117439346997,2.336456325135461,0.040074150437285,0.019935682900808563,0.7225232080456601,True,True
ceh20,4,C4 (Main Forest),2.2,2.279122581789843,2.314703685339419,0.03881144946805625,0.018396187901204217,0.7229268958144681,True,True
ceh20,4,C4 (Main Forest),2.3,2.297088862616742,2.2950496894177603,0.03752605103155628,0.017212487797877134,0.723261328486737,True,True
ceh20,4,C4 (Main Forest),2.4,2.313423842715597,2.2773265605478414,0.036243883778363094,0.01629467057502333,0.7235370998145758,True,True
ceh20,4,C4 (Main Forest),2.5,2.328255918997228,2.261358471110415,0.03498319170440935,0.015578504047936549,0.7237634393646799,True,True
ceh20,4,C4 (Main Forest),2.6,2.3417175182996117,2.246972338983543,0.033756382321650846,0.015017364500979553,0.7239482683213442,True,True
ceh20,4,C4 (Main Forest),2.7,2.353938160884641,2.234004148555925,0.03257150560271979,0.014576888095135217,0.7240983153899367,True,True
ceh20,4,C4 (Main Forest),2.8,2.3650404115751567,2.222302266738983,0.03143340697614211,0.01423137804869863,0.7242192566923468,True,True
ceh20,4,C4 (Main Forest),2.9,2.375137764271811,2.2117288148075387,0.030344609516292767,0.013961356639814442,0.7243158586178816,True,True
ceh20,4,C4 (Main Forest),3.0,2.384333779488364,2.2021598332248438,0.02930597952425517,0.013751873076108197,0.724392112341348,True,True
ceh20,4,C4 (Main Forest),3.1,2.3927220041078545,2.1934847364416727,0.028317223168708584,0.013591317088151374,0.7244513547319534,True,True
ceh20,4,C4 (Main Forest),3.2,2.4003863555720324,2.185605383745421,0.027377253646332377,0.013470575497635478,0.7244963739074454,True,True
ceh20,4,C4 (Main Forest),3.3,2.40740176089654,2.178434974214275,0.026484460332716335,0.013382424549245691,0.7245294996395879,True,True
ceh20,4,C4 (Main Forest),3.4,2.4138349155807037,2.1718968942416432,0.025636904421516074,0.01332108647331202,0.7245526798005912,True,True
ceh20,4,C4 (Main Forest),3.5,2.4197450780470984,2.165923593516561,0.024832459810468718,0.013281901935257518,0.7245675444523847,True,True
ceh20,4,C4 (Main Forest),3.6,2.4251848489011776,2.160455531299119,0.024068913435465654,0.013261085282667772,0.7245754592711842,True,True
ceh20,4,C4 (Main Forest),3.7,2.4302009063271672,2.1554402132639865,0.023344035717624927,0.013255539659290097,0.7245775699209327,True,True
ceh20,4,C4 (Main Forest),3.8,2.434834683077776,2.150831325894096,0.02265562908654949,0.013262715902639636,0.7245748388310602,True,True
ceh20,4,C4 (Main Forest),3.9,2.4391229793847637,2.146587967519345,0.022001560500500755,0.013280503812602214,0.7245680756480569,True,True
ceh20,4,C4 (Main Forest),4.0,2.4430985115032686,2.1426739706831346,0.021379782351301904,0.013307147601818994,0.7245579624444625,True,True
ceh20,4,C4 (Main Forest),4.1,2.4467903987166815,2.139057308301464,0.020788344997082178,0.013341179588163799,0.7245450745969786,True,True
ceh20,4,C4 (Main Forest),4.2,2.450224593284918,2.1357095752145123,0.020225403314023876,0.013381367777012767,0.7245298980933228,True,True
ceh20,4,C4 (Main Forest),4.3,2.45342425855514,2.1326055366715924,0.019689219025753095,0.013426674112669467,0.7245128438965998,True,True
ceh20,4,C4 (Main Forest),4.4,2.4564101006284917,2.1297227356891186,0.019178160100127642,0.013476220993526418,0.7244942598853873,True,True
ceh20,4,C4 (Main Forest),4.5,2.4592006588190016,2.1270411518546304,0.01869069815605804,0.013529264238228148,0.7244744407954583,True,True
ceh20,4,C4 (Main Forest),4.6,2.461812559801768,2.1245429048838145,0.018225404566224825,0.01358517112535356,0.7244536365126807,True,True
ceh20,4,C4 (Main Forest),4.7,2.4642607399214222,2.122211996987803,0.017780945751883454,0.013643402451156635,0.7244320590037654,True,True
ceh20,4,C4 (Main Forest),4.8,2.466558639673242,2.120034088830484,0.01735607802590555,0.013703497790804021,0.7244098881199985,True,True
ceh20,4,C4 (Main Forest),4.9,2.468718373921537,2.117996304523318,0.01694964223708044,0.013765063329465987,0.7243872764669176,True,True
ceh20,4,C4 (Main Forest),5.0,2.4707508809906495,2.1160870617085203,0.016560558392800524,0.013827761767340194,0.7243643534984435,True,True
ceh20,4,C4 (Main Forest),5.1,2.4726660533744127,2.114295923317645,0.016187820381647663,0.013891303907629186,0.7243412289658419,True,True
ceh20,4,C4 (Main Forest),5.2,2.474472852456735,2.1126134680628526,0.01583049087675699,0.013955441617409284,0.7243179958289063,True,True
ceh20,4,C4 (Main Forest),5.3,2.476179409323098,2.111031177127872,0.015487696471285714,0.014019961914159107,0.7242947327179727,True,True
ceh20,4,C4 (Main Forest),5.4,2.4777931134661877,2.1095413348804803,0.015158623076036867,0.014084681979413372,0.7242715060200073,True,True
ceh20,4,C4 (Main Forest),5.5,2.479320690949325,2.1081369417334748,0.014842511594027392,0.014149444939597376,0.7242483716494261,True,True
ceh20,4,C4 (Main Forest),5.6,2.480768273379171,2.106811637544442,0.014538653876066784,0.014214116284260846,0.7242253765539755,True,True
ceh20,4,C4 (Main Forest),5.7,2.482141458860429,2.1055596341692997,0.014246388953963353,0.014278580816059285,0.7242025599975211,True,True
ceh20,4,C4 (Main Forest),5.8,2.4834453659451023,2.1043756559780222,0.013965099542963474,0.014342740045987325,0.7241799546546097,True,True
ceh20,4,C4 (Main Forest),5.9,2.4846846814548087,2.1032548873057904,0.013694208801777633,0.014406509962811707,0.7241575875459074,True,True
ceh20,4,C4 (Main Forest),6.0,2.4858637029370123,2.102192925955013,0.013433177336591101,0.01446981911801731,0.7241354808388637,True,True
ceh20,4,C4 (Main Forest),6.1,2.4869863764157514,2.10118574198344,0.013181500434403852,0.014532606977716798,0.7241136525340043,True,True
ceh20,4,C4 (Main Forest),6.2,2.4880563300086656,2.100229641118673,0.012938705510678912,0.014594822500996352,0.7240921170540013,True,True
ceh20,4,C4 (Main Forest),6.3,2.489076903909762,2.099321232227174,0.012704349756326838,0.01465642291105777,0.724070885749938,True,True
ceh20,4,C4 (Main Forest),6.4,2.490051177170266,2.0984573983428865,0.01247801796945142,0.014717372630871358,0.724049967336938,True,True
ceh20,4,C4 (Main Forest),6.5,2.4909819916558145,2.0976352708251103,0.012259320557878532,0.014777642359500685,0.7240293682694303,True,True
ceh20,4,C4 (Main Forest),6.6,2.491871973508556,2.096852206272443,0.01204789169918314,0.01483720826921478,0.7240090930647526,True,True
ceh20,4,C4 (Main Forest),6.7,2.4927235524032367,2.0961057658676676,0.011843387645741024,0.014896051306358427,0.7239891445824649,True,True
ceh20,4,C4 (Main Forest),6.8,2.493538978847228,2.095393696869546,0.011645485163136822,0.014954156581668066,0.7239695242656426,True,True
ceh20,4,C4 (Main Forest),6.9,2.49432033974646,2.094713916004658,0.011453880091083632,0.015011512837845747,0.7239502323494793,True,True
ceh20,4,C4 (Main Forest),7.0,2.4950695724294234,2.0940644945424043,0.011268286016819451,0.015068111983933524,0.7239312680417458,True,True
ceh20,4,C4 (Main Forest),7.1,2.495788477300562,2.0934436448637195,0.011088433051709333,0.015123948687673866,0.7239126296789886,True,True
ceh20,4,C4 (Main Forest),7.2,2.496478729270454,2.092849708357624,0.010914066702526842,0.015179020018205019,0.7238943148617841,True,True
ceh20,4,C4 (Main Forest),7.3,2.497141888096552,2.092281144498934,0.010744946829583497,0.015233325132528303,0.7238763205718974,True,True
ceh20,4,C4 (Main Forest),7.4,2.497779407748616,2.091736520979355,0.01058084668451218,0.015286865000180172,0.7238586432737806,True,True
ceh20,4,C4 (Main Forest),7.5,2.4983926449030345,2.09121450477845,0.010421552021123413,0.015339642161234538,0.7238412790025115,True,True
ceh20,4,C4 (Main Forest),7.6,2.4989828666558536,2.090713854074467,0.010266860273310292,0.015391660513398207,0.7238242234399742,True,True
ceh20,4,C4 (Main Forest),7.7,2.4995512575346592,2.090233410907626,0.01011657979447709,0.015442925124725664,0.7238074719808366,True,True
ceh20,4,C4 (Main Forest),7.8,2.5000989258815967,2.089772094516494,0.00997052915347111,0.015493442068546996,0.7237910197896662,True,True
ceh20,4,C4 (Main Forest),7.9,2.5006269096693035,2.089328895279844,0.009828536482384846,0.015543218278190782,0.7237748618503428,True,True
ceh20,4,C4 (Main Forest),8.0,2.50113618180816,2.08890286920136,0.00969043887203935,0.015592261418863985,0.7237589930087698,True,True
ceh21,3,C3 (Western Residual),0.5,1.4379613476926711,2.1116187801882225,0.040079566609164105,0.25394214093012224,0.6709252323034054,True,False
ceh21,3,C3 (Western Residual),0.6,1.3675443381257741,2.212564859424414,0.0693007310262115,0.0545066926945091,0.6789937133506708,True,False
ceh21,3,C3 (Western Residual),0.7,1.3363109083514972,2.2665832153355767,0.0980726867646767,0.006602687522370769,0.6910067921455744,True,True
ceh21,3,C3 (Western Residual),0.8,1.3509410164151752,2.2635110640679503,0.12261982772382866,0.0005129455471197741,0.7056636992768226,True,True
ceh21,3,C3 (Western Residual),0.9,1.4069108818079106,2.207128190870628,0.14019220480372957,3.2984901213208214e-05,0.7210144064794844,True,True
ceh21,3,C3 (Western Residual),1.0,1.4911781382021208,2.1125000333291037,0.14999074688515057,2.345513527949333e-06,0.7352399187203899,True,True
ceh21,3,C3 (Western Residual),1.1,1.5885339329077084,1.9982877980451743,0.1529535483412791,2.3070513952748792e-07,0.7472165800154745,True,True
ceh21,3,C3 (Western Residual),1.2,1.686718991914311,1.880137859237776,0.15087037300134487,3.507318408470923e-08,0.7565900273225867,True,True
ceh21,3,C3 (Western Residual),1.3,1.7781813830958364,1.7681154165249833,0.14557368330257914,8.327377188242763e-09,0.7635313496468188,True,True
ceh21,3,C3 (Western Residual),1.4,1.859435602852718,1.6672277648934113,0.13852810691433806,2.935729329179179e-09,0.7684496496806876,True,True
ceh21,3,C3 (Western Residual),1.5,1.9296537826977742,1.579053188841148,0.13074681806603022,1.4269146059049148e-09,0.7717969992565876,True,True
ceh21,3,C3 (Western Residual),1.6,1.9894276333383183,1.5032573190705505,0.12286322654230272,8.876937201059978e-10,0.7739744756339874,True,True
ceh21,3,C3 (Western Residual),1.7,2.0399530219347293,1.4386278800897596,0.11523981666361796,6.630761120722542e-10,0.7753031463568337,True,True
ceh21,3,C3 (Western Residual),1.8,2.0825765503959515,1.3836701937434706,0.10806309001060133,5.653379944440421e-10,0.7760262975397181,True,True
ceh21,3,C3 (Western Residual),1.9,2.1185771775699322,1.336907402128427,0.10141223814457213,5.294886081926818e-10,0.7763227476829009,True,True
ceh21,3,C3 (Western Residual),2.0,2.1490797559153236,1.2970098850330536,0.09530437561282902,5.29606120924019e-10,0.7763217441310823,True,True
ceh21,3,C3 (Western Residual),2.1,2.175035120246427,1.2628354581316756,0.08972273687525362,5.54261186698456e-10,0.7761158784448997,True,True
ceh21,3,C3 (Western Residual),2.2,2.1972301488677526,1.2334272875601466,0.08463360407672495,5.980856969443572e-10,0.7757711908708806,True,True
ceh21,3,C3 (Western Residual),2.3,2.2163089669668468,1.207994394393356,0.07999615292398285,6.58486958037994e-10,0.775334686815623,True,True
ceh21,3,C3 (Western Residual),2.4,2.232796318427284,1.1858870546890428,0.07576798485457864,7.342242444348807e-10,0.7748397837355263,True,True
ceh21,3,C3 (Western Residual),2.5,2.2471192504674335,1.1665727058889594,0.07190808848693131,8.247355526314062e-10,0.7743102065159388,True,True
ceh21,3,C3 (Western Residual),2.6,2.259625767724252,1.1496145835589826,0.06837829784087185,9.297956430359191e-10,0.7737627573367474,True,True
ceh21,3,C3 (Western Residual),2.7,2.2706002669897023,1.1346536890375578,0.06514388999308719,1.0493326553801084e-09,0.7732092826923703,True,True
ceh21,3,C3 (Western Residual),2.8,2.280276040746369,1.1213939682731915,0.06217370435520837,1.183326235125979e-09,0.7726580722132609,True,True
ceh21,3,C3 (Western Residual),2.9,2.288845291305655,1.1095903071029183,0.05944000834614336,1.3317502513976823e-09,0.7721148563710455,True,True
ceh21,3,C3 (Western Residual),3.0,2.2964671063941546,1.0990388823248982,0.05691823993209923,1.494541216505089e-09,0.7715835208117331,True,True
ceh21,3,C3 (Western Residual),3.1,2.3032737986512037,1.0895694327218186,0.054586701376897875,1.6715821291302588e-09,0.7710666199520303,True,True
ceh21,3,C3 (Western Residual),3.2,2.3093759464861487,1.081039072205127,0.05242624533776766,1.8626958224479444e-09,0.7705657478167873,True,True
ceh21,3,C3 (Western Residual),3.3,2.314866409909305,1.073327331877974,0.05041997495063778,2.067644232528519e-09,0.7700818068814388,True,True
ceh21,3,C3 (Western Residual),3.4,2.3198235390519697,1.0663321777762096,0.048552968243511255,2.2861313228094374e-09,0.7696152036833467,True,True
ceh21,3,C3 (Western Residual),3.5,2.3243137467980155,1.059966802417026,0.04681203078215292,2.51780818793185e-09,0.7691659915901302,True,True
ceh21,3,C3 (Western Residual),3.6,2.3283935797624604,1.0541570304975485,0.04518547690369614,2.7622793534152425e-09,0.7687339752490336,True,True
ceh21,3,C3 (Western Residual),3.7,2.332111392496445,1.0488392129639479,0.04366293804197606,3.019109609756632e-09,0.7683187871187818,True,True
ceh21,3,C3 (Western Residual),3.8,2.3355087068531732,1.0439585104911275,0.04223519578194422,3.2878309371936515e-09,0.7679199435729542,True,True
ceh21,3,C3 (Western Residual),3.9,2.338621320608686,1.039467488481231,0.040894036974588474,3.5679492281500945e-09,0.7675368859956117,True,True
ceh21,3,C3 (Western Residual),4.0,2.3414802155908507,1.0353249621732812,0.03963212824581408,3.858950620415807e-09,0.7671690108130531,True,True
ceh21,3,C3 (Western Residual),4.1,2.34411230483611,1.031495043334165,0.03844290739382693,4.160307329287671e-09,0.7668156913452366,True,True
ceh21,3,C3 (Western Residual),4.2,2.346541049957726,1.0279463500647479,0.03732048940312967,4.4714829201558596e-09,0.7664762935949317,True,True
ceh21,3,C3 (Western Residual),4.3,2.348786973424523,1.024651349128194,0.03625958506008414,4.791937000336205e-09,0.7661501875371348,True,True
ceh21,3,C3 (Western Residual),4.4,2.350868085388513,1.0215858063825007,0.035255430408216534,5.121129334823377e-09,0.7658367550660103,True,True
ceh21,3,C3 (Western Residual),4.5,2.352800240739232,1.0187283257536979,0.0343037255173427,5.458523407857913e-09,0.7655353954595167,True,True
ceh21,3,C3 (Western Residual),4.6,2.354597438951477,1.016059961015614,0.03340058125311792,5.803589463308633e-09,0.7652455290030425,True,True
ceh21,3,C3 (Western Residual),4.7,2.3562720768411722,1.0135638876726378,0.032542472921092816,6.155807063346653e-09,0.7649665992514758,True,True
ceh21,3,C3 (Western Residual),4.8,2.357835162401636,1.0112251246487578,0.03172619982244588,6.514667208142095e-09,0.7646980742888645,True,True
ceh21,3,C3 (Western Residual),4.9,2.3592964963522824,1.0090302974050687,0.030948849899130187,6.879674060190238e-09,0.7644394472551365,True,True
ceh21,3,C3 (Western Residual),5.0,2.36066482680022,1.006967435642834,0.030207768766576066,7.250346316147559e-09,0.7641902363422335,True,True
ceh21,3,C3 (Western Residual),5.1,2.3619479814315465,1.005025799982456,0.029500532534780615,7.626218267314992e-09,0.7639499844116335,True,True
ceh21,3,C3 (Western Residual),5.2,2.363152980856486,1.0031957330022048,0.02882492390600508,8.006840587339508e-09,0.7637182583473127,True,True
ceh21,3,C3 (Western Residual),5.3,2.364286136094835,1.0014685308249969,0.028178911111518965,8.391780882884076e-09,0.7634946482295845,True,True
ceh21,3,C3 (Western Residual),5.4,2.3653531326698927,0.9998363320942762,0.027560629312843483,8.780624039963011e-09,0.7632787663936232,True,True
ceh21,3,C3 (Western Residual),5.5,2.3663591033591387,0.9982920217122071,0.02696836414644685,9.172972395447876e-09,0.763070246420103,True,True
ceh21,3,C3 (Western Residual),5.6,2.367308691306379,0.9968291471487623,0.026400537136257934,9.56844576036868e-09,0.7628687420929717,True,True
ceh21,3,C3 (Western Residual),5.7,2.368206104919209,0.9954418454872405,0.025855692736980716,9.96668131854769e-09,0.7626739263499787,True,True
ceh21,3,C3 (Western Residual),5.8,2.3690551657451735,0.9941247796659756,0.025332486804029695,1.036733342159939e-08,0.76248549024444,True,True
ceh21,3,C3 (Western Residual),5.9,2.36985935032912,0.9928730826189438,0.02482967631388796,1.0770073298604146e-08,0.7623031419313366,True,True
ceh21,3,C3 (Western Residual),6.0,2.3706218268974633,0.9916823082192803,0.02434611018255404,1.117458869659953e-08,0.7621266056867623,True,True
ceh21,3,C3 (Western Residual),6.1,2.371345487584093,0.9905483880973301,0.023880721050127632,1.1580583465935436e-08,0.7619556209666711,True,True
ceh21,3,C3 (Western Residual),6.2,2.372032976803853,0.9894675935442175,0.02343251791703853,1.1987777102524682e-08,0.7617899415085759,True,True
ceh21,3,C3 (Western Residual),6.3,2.3726867162896736,0.9884365018290231,0.023000579532366974,1.2395904257595396e-08,0.7616293344781369,True,True
ceh21,3,C3 (Western Residual),6.4,2.3733089272322556,0.9874519663552966,0.02258404844755585,1.280471422367181e-08,0.7614735796613178,True,True
ceh21,3,C3 (Western Residual),6.5,2.3739016498981287,0.9865110901655123,0.02218212565984633,1.3213970404686068e-08,0.7613224687018658,True,True
ceh21,3,C3 (Western Residual),6.6,2.374466761048228,0.9856112023710417,0.021794065779295543,1.362344977644664e-08,0.7611758043832109,True,True
ceh21,3,C3 (Western Residual),6.7,2.3750059894337703,0.9847498371445949,0.021419172661444854,1.4032942343045325e-08,0.7610333999534231,True,True
ceh21,3,C3 (Western Residual),6.8,2.3755209296066284,0.9839247149615302,0.021056795454811976,1.4442250593697494e-08,0.7608950784915521,True,True
ceh21,3,C3 (Western Residual),6.9,2.3760130542515894,0.9831337258191057,0.02070632501853721,1.4851188963796236e-08,0.7607606723134798,True,True
ceh21,3,C3 (Western Residual),7.0,2.376483725216686,0.982374914198727,0.02036719067085107,1.5259583303253388e-08,0.7606300224153023,True,True
ceh21,3,C3 (Western Residual),7.1,2.376934203397104,0.9816464655672607,0.020038857233679794,1.566727035469224e-08,0.7605029779522141,True,True
ceh21,3,C3 (Western Residual),7.2,2.3773656576058126,0.9809466942397859,0.019720822342744235,1.6074097243414998e-08,0.7603793957508588,True,True
ceh21,3,C3 (Western Residual),7.3,2.3777791725483386,0.9802740324490516,0.019412613996039278,1.6479920980804623e-08,0.7602591398531495,True,True
ceh21,3,C3 (Western Residual),7.4,2.378175756003233,0.9796270204860449,0.019113788316666096,1.688460798230171e-08,0.760142081089615,True,True
ceh21,3,C3 (Western Residual),7.5,2.378556345297124,0.9790042977935797,0.01882392750868151,1.7288033600900518e-08,0.7600280966803965,True,True
ceh21,3,C3 (Western Residual),7.6,2.3789218131524477,0.9784045949084861,0.01854263798700452,1.7690081676731243e-08,0.7599170698621114,True,True
ceh21,3,C3 (Western Residual),7.7,2.3792729729765565,0.977826726161384,0.018269548664492558,1.8090644103189622e-08,0.7598088895388795,True,True
ceh21,3,C3 (Western Residual),7.8,2.379610583651821,0.9772695830534555,0.018004309381131612,1.8489620409793544e-08,0.7597034499559053,True,True
ceh21,3,C3 (Western Residual),7.9,2.379935353880355,0.9767321282391876,0.017746589461891577,1.8886917361768883e-08,0.7596006503941047,True,True
ceh21,3,C3 (Western Residual),8.0,2.380247946129532,0.9762133900525058,0.017496076391224736,1.9282448576480315e-08,0.7595003948843467,True,True
ceh23,1,C1 (Lake Edge),0.5,3.1488808275632607,3.2877765978415985,0.3925259516406254,1.0170808514502607e-22,0.7957987018405417,True,True
ceh23,1,C1 (Lake Edge),0.6,3.332461137383537,2.9586899813922356,0.367929805962524,7.438004049760436e-23,0.7971043906958744,True,True
ceh23,1,C1 (Lake Edge),0.7,3.4883663661916335,2.668343534634275,0.3444497927274529,8.715913081024321e-23,0.7964438698286205,True,True
ceh23,1,C1 (Lake Edge),0.8,3.6203922427507287,2.4137951116074143,0.322498192019264,1.394705614506152e-22,0.7944727757638053,True,True
ceh23,1,C1 (Lake Edge),0.9,3.7322066585441327,2.1911948699428834,0.3022333520032834,2.7065781465765356e-22,0.7916607871627507,True,True
ceh23,1,C1 (Lake Edge),1.0,3.8270926425205074,1.9965409278409543,0.28366444091877124,5.858165350387195e-22,0.788337800303894,True,True
ceh23,1,C1 (Lake Edge),1.1,3.907870335337855,1.8260572712568908,0.266718656089021,1.3359318097077576e-21,0.7847321200548838,True,True
ceh23,1,C1 (Lake Edge),1.2,3.976906910949258,1.6763550597572658,0.2512825951421245,3.091680543309124e-21,0.7809996814917063,True,True
ceh23,1,C1 (Lake Edge),1.3,4.036163955454239,1.5444773400764493,0.2372268192786644,7.088953688909454e-21,0.7772454894550869,True,True
ceh23,1,C1 (Lake Edge),1.4,4.087256240927743,1.4278854956967129,0.22441986833591582,1.5868908618103555e-20,0.7735389802980932,True,True
ceh23,1,C1 (Lake Edge),1.5,4.131509500046768,1.3244198787286157,0.21273582697671933,3.43855804751515e-20,0.769924882575469,True,True
ceh23,1,C1 (Lake Edge),1.6,4.170012040439133,1.2322518612367712,0.20205803743090037,7.180099295825968e-20,0.7664308397644837,True,True
ceh23,1,C1 (Lake Edge),1.7,4.203658659892669,1.1498359421482625,0.1922805663478646,1.442189544141734e-19,0.7630727407761515,True,True
ceh23,1,C1 (Lake Edge),1.8,4.233187009193529,1.0758658379537638,0.183308405424434,2.7861199608804086e-19,0.7598584415281897,True,True
ceh23,1,C1 (Lake Edge),1.9,4.259207237489232,1.0092359977954384,0.17505699426866078,5.181627636127633e-19,0.7567903616168137,True,True
ceh23,1,C1 (Lake Edge),2.0,4.282225952990613,0.9490087309921273,0.16745141339245878,9.29169833223443e-19,0.7538672954026175,True,True
ceh23,1,C1 (Lake Edge),2.1,4.302665505196126,0.8943865533855504,0.16042544872595332,1.609564110455067e-18,0.7510856741871325,True,True
ceh23,1,C1 (Lake Edge),2.2,4.320879478300363,0.8446891314250702,0.15392064062100752,2.698957636454862e-18,0.7484404443032118,True,True
ceh23,1,C1 (Lake Edge),2.3,4.337165144382486,0.7993341549171327,0.14788537747633812,4.390017239054881e-18,0.7459256759665358,True,True
ceh23,1,C1 (Lake Edge),2.4,4.3517734889101956,0.7578215061946013,0.14227406297381331,6.940836781663195e-18,0.7435349830620905,True,True
ceh23,1,C1 (Lake Edge),2.5,4.364917301622297,0.7197201650428335,0.13704636792613428,1.0687887043273521e-17,0.7412618099808891,True,True
ceh23,1,C1 (Lake Edge),2.6,4.376777725912602,0.684657369506606,0.13216656767283544,1.6059060454670194e-17,0.7390996249001818,True,True
ceh23,1,C1 (Lake Edge),2.7,4.387509578515398,0.6523096304339451,0.12760296063272836,2.358630297680583e-17,0.7370420472457604,True,True
ceh23,1,C1 (Lake Edge),2.8,4.3972456861940845,0.6223952670817697,0.12332736108269085,3.3917336614301935e-17,0.7350829289248799,True,True
ceh23,1,C1 (Lake Edge),2.9,4.406100434529432,0.5946681907296016,0.11931465830553145,4.78260189758635e-17,0.7332164031980895,True,True
ceh23,1,C1 (Lake Edge),3.0,4.414172683217535,0.5689127132006101,0.1155424342215895,6.622095405741792e-17,0.7314369110283596,True,True
ceh23,1,C1 (Lake Edge),3.1,4.42154817029877,0.5449391984246436,0.11199063206395334,9.01520530215568e-17,0.7297392118963837,True,True
ceh23,1,C1 (Lake Edge),3.2,4.428301502608029,0.5225804089044137,0.10864126932436566,1.208148371245133e-16,0.7281183840490254,True,True
ceh23,1,C1 (Lake Edge),3.3,4.434497809983233,0.501688426376788,0.10547818894110163,1.595523698149742e-16,0.726569817708713,True,True
ceh23,1,C1 (Lake Edge),3.4,4.440194125220746,0.48213204820206546,0.10248684344058671,2.0785479538808753e-16,0.7250892037443344,True,True
ceh23,1,C1 (Lake Edge),3.5,4.445440539501588,0.46379457902114135,0.09965410743914516,2.6735654291953536e-16,0.7236725195693741,True,True
ceh23,1,C1 (Lake Edge),3.6,4.450281173313311,0.4465719517964579,0.09696811454059884,3.398313235424528e-16,0.7223160135065251,True,True
ceh23,1,C1 (Lake Edge),3.7,4.454754995199478,0.4303711241592453,0.09441811522320451,4.27185104869185e-16,0.7210161884804592,True,True
ceh23,1,C1 (Lake Edge),3.8,4.458896514548489,0.41510870556121854,0.0919943527966334,5.31447288058188e-16,0.7197697856296978,True,True
ceh23,1,C1 (Lake Edge),3.9,4.462736369747731,0.4007097785087177,0.08968795493109308,6.547603411633162e-16,0.7185737682346163,True,True
ceh23,1,C1 (Lake Edge),4.0,4.466301829116377,0.3871068834917135,0.0874908386228078,7.993681580894017e-16,0.7174253062200658,True,True
ceh23,1,C1 (Lake Edge),4.1,4.469617218884922,0.37423914238912753,0.08539562676975532,9.67603417255558e-16,0.7163217613925272,True,True
ceh23,1,C1 (Lake Edge),4.2,4.472704289953919,0.36205149936117187,0.08339557479576033,1.1618742096766472e-15,0.7152606735020381,True,True
ceh23,1,C1 (Lake Edge),4.3,4.475582533111257,0.35049406170850694,0.08148450598590495,1.3846501944389946e-15,0.7142397471703473,True,True
ceh23,1,C1 (Lake Edge),4.4,4.478269450721577,0.33952152603137487,0.07965675438756484,1.6384485221943297e-15,0.7132568396930571,True,True
ceh23,1,C1 (Lake Edge),4.5,4.480780791542575,0.3290926773753944,0.0779071142940207,1.9258197459858405e-15,0.7123099497007208,True,True
ceh23,1,C1 (Lake Edge),4.6,4.483130754213656,0.31916995099721673,0.07623079546601359,2.2493339148328604e-15,0.7113972066488885,True,True
ceh23,1,C1 (Lake Edge),4.7,4.485332164051373,0.3097190479977402,0.0746233833643344,2.6115670203176058e-15,0.7105168610977399,True,True
ceh23,1,C1 (Lake Edge),4.8,4.487396627036987,0.30070859741328815,0.07308080376690076,3.015087940901039e-15,0.7096672757365741,True,True
ceh23,1,C1 (Lake Edge),4.9,4.489334664263333,0.29210985847515386,0.07159929122929337,3.462446003686874e-15,0.7088469171058644,True,True
ceh23,1,C1 (Lake Edge),5.0,4.491155829595586,0.283896457684395,0.0701753609207933,3.9561592594391295e-15,0.7080543479689838,True,True
ceh23,1,C1 (Lake Edge),5.1,4.4928688128759475,0.27604415613408045,0.0688057834304158,4.498703544308057e-15,0.7072882202864235,True,True
ceh23,1,C1 (Lake Edge),5.2,4.494481530647309,0.2685306431715925,0.06748756219093886,5.092502381236152e-15,0.7065472687469332,True,True
ceh23,1,C1 (Lake Edge),5.3,4.496001206075725,0.26133535305015954,0.06621791321480834,5.739917755530258e-15,0.7058303048121626,True,True
ceh23,1,C1 (Lake Edge),5.4,4.49743443950312,0.2544393016890478,0.06499424687521983,6.443241782707834e-15,0.7051362112338667,True,True
ceh23,1,C1 (Lake Edge),5.5,4.498787270853733,0.24782494106074765,0.06381415149961436,7.204689272584226e-15,0.7044639370053702,True,True
ceh23,1,C1 (Lake Edge),5.6,4.500065234942415,0.24147602906152854,0.0626753785720717,8.0263911812312e-15,0.7038124927116698,True,True
ceh23,1,C1 (Lake Edge),5.7,4.501273410584581,0.2353775130104584,0.06157582936634315,8.910388932335705e-15,0.7031809462451961,True,True
ceh23,1,C1 (Lake Edge),5.8,4.502416464282508,0.22951542516737017,0.0605135428531243,9.858629580973624e-15,0.7025684188568229,True,True
ceh23,1,C1 (Lake Edge),5.9,4.503498689156132,0.22387678887118617,0.0594866847440966,1.087296178614388e-14,0.7019740815141389,True,True
ceh23,1,C1 (Lake Edge),6.0,4.5045240396960455,0.21844953407988738,0.05849353755171905,1.1955132553086415e-14,0.7013971515413094,True,True
ceh23,1,C1 (Lake Edge),6.1,4.505496162838984,0.21322242124870114,0.05753249155802595,1.3106784702593347e-14,0.7008368895169965,True,True
ceh23,1,C1 (Lake Edge),6.2,4.506418425800538,0.2081849726163012,0.05660203659816906,1.4329455021735214e-14,0.700292596408806,True,True
ceh23,1,C1 (Lake Edge),6.3,4.507293941042948,0.20332741008401606,0.05570075457526984,1.5624573048730334e-14,0.6997636109245782,True,True
ceh23,1,C1 (Lake Edge),6.4,4.508125588707402,0.19864059897258218,0.05482731263267922,1.6993460444004426e-14,0.699249307062536,True,True
ceh23,1,C1 (Lake Edge),6.5,4.508916036798668,0.19411599702711171,0.05398045691803097,1.8437330899160093e-14,0.6987490918438681,True,True
ceh23,1,C1 (Lake Edge),6.6,4.50966775937376,0.18974560811592572,0.05315900688077367,1.9957290536389888e-14,0.6982624032127521,True,True
ceh23,1,C1 (Lake Edge),6.7,4.510383052955396,0.18552194013390866,0.05236185005126788,2.1554338751704287e-14,0.697788708090131,True,True
ceh23,1,C1 (Lake Edge),6.8,4.5110640513638245,0.18143796667775944,0.05158793725516353,2.322936945694455e-14,0.6973275005687462,True,True
ceh23,1,C1 (Lake Edge),6.9,4.511712739137777,0.17748709211010072,0.05083627822173162,2.4983172677242677e-14,0.6968783002380243,True,True
ceh23,1,C1 (Lake Edge),7.0,4.512330963694469,0.17366311967259734,0.05010593754921275,2.6816436462508458e-14,0.6964406506283956,True,True
ceh23,1,C1 (Lake Edge),7.1,4.512920446361346,0.1699602223462491,0.049396030994092885,2.8729749073964856e-14,0.696014117765533,True,True
ceh23,1,C1 (Lake Edge),7.2,4.513482792396728,0.16637291619031097,0.048705722054664856,3.0723601408712453e-14,0.6955982888258178,True,True
ceh23,1,C1 (Lake Edge),7.3,4.51401950010307,0.16289603592039584,0.04803421882223999,3.279838962787729e-14,0.6951927708850822,True,True
ceh23,1,C1 (Lake Edge),7.4,4.514531969124867,0.1595247125123277,0.04738077107609047,3.4954417956201715e-14,0.6947971897533655,True,True
ceh23,1,C1 (Lake Edge),7.5,4.515021508012918,0.156254352640754,0.04674466760058413,3.719190162323888e-14,0.6944111888890288,True,True
ceh23,1,C1 (Lake Edge),7.6,4.515489341127466,0.15308061978175563,0.04612523370509464,3.951096991877763e-14,0.694034428386147,True,True
ceh23,1,C1 (Lake Edge),7.7,4.515936614945176,0.14999941682638818,0.04552182892919181,4.191166933731746e-14,0.693666584029598,True,True
ceh23,1,C1 (Lake Edge),7.8,4.516364403827403,0.14700687006774057,0.04493384491727877,4.439396678840273e-14,0.6933073464127416,True,True
ceh23,1,C1 (Lake Edge),7.9,4.516773715301423,0.14409931443815086,0.04436070344838145,4.695775285232104e-14,0.692956420113003,True,True
ceh23,1,C1 (Lake Edge),8.0,4.517165494900755,0.14127327988546137,0.04380185460813256,4.960284506173712e-14,0.6926135229210604,True,True
ceh24,2,C2 (Dune),0.5,3.2450538078681515,3.4992903421113386,0.2447589365685268,8.262906181858116e-13,0.7452925131010331,True,True
ceh24,2,C2 (Dune),0.6,3.3828703271645493,3.3095819390262875,0.23526830206724952,4.728627112040035e-13,0.7481672739718517,True,True
ceh24,2,C2 (Dune),0.7,3.507328064185118,3.1348337894536096,0.22542547304090244,3.3240133396754154e-13,0.7499664507850792,True,True
ceh24,2,C2 (Dune),0.8,3.6188583192666246,2.9753825000883074,0.2155459361063607,2.757442849030589e-13,0.750915282615155,True,True
ceh24,2,C2 (Dune),0.9,3.7183019296712576,2.8308129641903452,0.20584722794013738,2.60474015859954e-13,0.7512038579902575,True,True
ceh24,2,C2 (Dune),1.0,3.806701510044646,2.700267329944352,0.19647176968997526,2.71809037684506e-13,0.7509881230205832,True,True
ceh24,2,C2 (Dune),1.1,3.8851651701875665,2.5826602167198125,0.18750650025331136,3.0561635863179567e-13,0.7503934586767254,True,True
ceh24,2,C2 (Dune),1.2,3.954782937961843,2.4768206913013207,0.17899862406985045,3.6292270227517393e-13,0.7495191971005408,True,True
ceh24,2,C2 (Dune),1.3,4.016579617820407,2.3815809399972334,0.17096768120785058,4.4805502463156633e-13,0.7484431658750579,True,True
ceh24,2,C2 (Dune),1.4,4.071491572638088,2.2958280669137,0.16341450704879437,5.680830978044595e-13,0.747225814861155,True,True
ceh24,2,C2 (Dune),1.5,4.120358477556799,2.2185314110282173,0.15632772431287464,7.327826473167249e-13,0.7459137553703836,True,True
ceh24,2,C2 (Dune),1.6,4.163923956199488,2.1487542184112303,0.1496883551574139,9.548212859427262e-13,0.744542690125078,True,True
ceh24,2,C2 (Dune),1.7,4.2028411168140565,2.0856557240515663,0.1434730400263861,1.2500365359831444e-12,0.7431397840114873,True,True
ceh24,2,C2 (Dune),1.8,4.23768047478462,2.028487663425311,0.13765624418782185,1.6377384143017205e-12,0.7417255533970908,True,True
ceh24,2,C2 (Dune),1.9,4.268938733114108,1.9765878097063951,0.13221173977323342,2.140995658006856e-12,0.7403153564966614,True,True
ceh24,2,C2 (Dune),2.0,4.297047533566058,1.9293721657461147,0.12711357570562523,2.7868778301313227e-12,0.7389205610490237,True,True
ceh24,2,C2 (Dune),2.1,4.322381697331173,1.8863267993086996,0.12233668968211081,3.6066336994547725e-12,0.7375494550893674,True,True
ceh24,2,C2 (Dune),2.2,4.345266724536655,1.846999894278558,0.1178572727791323,4.6357925596604015e-12,0.7362079553187963,True,True
ceh24,2,C2 (Dune),2.3,4.3659854714888375,1.8109943261815382,0.11365296524835516,5.9141806191262746e-12,0.7349001570990266,True,True
ceh24,2,C2 (Dune),2.4,4.384784010075299,1.7779609060592154,0.10970293890480126,7.485849527411489e-12,0.7336287610617731,True,True
ceh24,2,C2 (Dune),2.5,4.401876719455334,1.7475923375445603,0.10598790489950041,9.398918483340786e-12,0.7323954038423681,True,True
ceh24,2,C2 (Dune),2.6,4.41745068165373,1.7196178745322344,0.10249007384541049,1.1705335088260702e-11,0.7312009144154729,True,True
ceh24,2,C2 (Dune),2.7,4.431669459872442,1.6937986357041783,0.09919308689483378,1.4460563076523225e-11,0.7300455127277918,True,True
ceh24,2,C2 (Dune),2.8,4.44467633745783,1.6699235173175018,0.09608193046784538,1.7723207231886466e-11,0.7289289635713474,True,True
ceh24,2,C2 (Dune),2.9,4.456597090331697,1.647805640616294,0.093142843192135,2.1554587196725012e-11,0.7278506957196116,True,True
ceh24,2,C2 (Dune),3.0,4.467542358611299,1.6272792708703707,0.09036322072318635,2.6018272560033042e-11,0.7268098940841794,True,True
ceh24,2,C2 (Dune),3.1,4.477609675456547,1.6081971487836437,0.0877315221041086,3.117959166364198e-11,0.7258055708987475,True,True
ceh24,2,C2 (Dune),3.2,4.486885203642037,1.5904281802546967,0.0852371799366349,3.7105126105341457e-11,0.7248366205851893,True,True
ceh24,2,C2 (Dune),3.3,4.495445223348711,1.573855436250267,0.08287051568432353,4.386220206137746e-11,0.7239018619129276,True,True
ceh24,2,C2 (Dune),3.4,4.503357408378954,1.558374420309391,0.08062266078531244,5.151838841404679e-11,0.7230000702569719,True,True
ceh24,2,C2 (Dune),3.5,4.510681922469131,1.543891566626575,0.07848548382282816,6.014101035743058e-11,0.7221300021371564,True,True
ceh24,2,C2 (Dune),3.6,4.517472362578715,1.5303229366159687,0.07645152372190055,6.979668575560673e-11,0.7212904137391505,True,True
ceh24,2,C2 (Dune),3.7,4.523776571926339,1.5175930862805527,0.07451392876448858,8.05508901185404e-11,0.7204800747442486,True,True
ceh24,2,C2 (Dune),3.8,4.529637342037155,1.5056340805983384,0.07266640111010926,9.246755469630403e-11,0.7196977785049357,True,True
ceh24,2,C2 (Dune),3.9,4.535093020099145,1.494384634521999,0.07090314645243018,1.0560870091656908e-10,0.7189423493776614,True,True
ceh24,2,C2 (Dune),4.0,4.540178035413096,1.4837893631127828,0.06921882841810198,1.2003411323236704e-10,0.7182126478484818,True,True
ceh24,2,C2 (Dune),4.1,4.544923356606581,1.4737981258425057,0.06760852731136968,1.3580105141956346e-10,0.7175075739500228,True,True
ceh24,2,C2 (Dune),4.2,4.549356889497339,1.4643654522509766,0.06606770281883344,1.5296400248221177e-10,0.7168260693608957,True,True
ceh24,2,C2 (Dune),4.3,4.5535038239908765,1.4554500379856525,0.06459216030792961,1.7157447157704043e-10,0.7161671184946198,True,True
ceh24,2,C2 (Dune),4.4,4.557386937132935,1.447014301819903,0.0631780203764929,1.9168081076479555e-10,0.7155297488191206,True,True
ceh24,2,C2 (Dune),4.5,4.561026858372545,1.4390239955845545,0.061821691336759854,2.133280839127882e-10,0.7149130305960096,True,True
ceh24,2,C2 (Dune),4.6,4.564442302193915,1.4314478600875855,0.06051984434368797,2.3655796571067816e-10,0.7143160761880266,True,True
ceh24,2,C2 (Dune),4.7,4.567650272518348,1.4242573210687115,0.05926939090348635,2.6140867249694053e-10,0.7137380390508604,True,True
ceh24,2,C2 (Dune),4.8,4.5706662426375315,1.417426220064549,0.05806746252307715,2.879149224235467e-10,0.7131781125001782,True,True
ceh24,2,C2 (Dune),4.9,4.573504313898427,1.4109305757670154,0.0569113922845125,3.161079223872353e-10,0.7126355283246628,True,True
ceh24,2,C2 (Dune),5.0,4.57617735590201,1.404748372061429,0.05579869814991596,3.46015379124854e-10,0.7121095553000287,True,True
ceh24,2,C2 (Dune),5.1,4.5786971305888375,1.3988593694475757,0.0547270678222757,3.77661531891971e-10,0.7115994976464755,True,True
ceh24,2,C2 (Dune),5.2,4.581074402254492,1.3932449369881112,0.05369434500540963,4.1106720420074156e-10,0.7111046934621656,True,True
ceh24,2,C2 (Dune),5.3,4.583319035256345,1.3878879023082353,0.052698516922676734,4.46249872193541e-10,0.7106245131575049,True,True
ceh24,2,C2 (Dune),5.4,4.585440080933827,1.3827724174950111,0.05173770296869107,4.832237473403092e-10,0.7101583579088444,True,True
ceh24,2,C2 (Dune),5.5,4.587445855058759,1.3778838390246104,0.05081014438144908,5.219998712949165e-10,0.7097056581453819,True,True
ceh24,2,C2 (Dune),5.6,4.589344006958506,1.3732086200854852,0.04991419483411676,5.6258622087489e-10,0.7092658720792158,True,True
ceh24,2,C2 (Dune),5.7,4.591141581303198,1.368734213873505,0.049048311856257666,6.049878213061744e-10,0.7088384842855218,True,True
ceh24,2,C2 (Dune),5.8,4.592845073420017,1.3644489866135123,0.04821104900374161,6.49206866007788e-10,0.7084230043374844,True,True
ceh24,2,C2 (Dune),5.9,4.594460478886827,1.3603421392165136,0.04740104870499372,6.952428413638837e-10,0.708018965498799,True,True
ceh24,2,C2 (Dune),6.0,4.595993338062073,1.3564036366161814,0.0466170357187532,7.430926550749582e-10,0.7076259234751572,True,True
ceh24,2,C2 (Dune),6.1,4.597448776124374,1.3526241439436042,0.04585781114522757,7.927507668244765e-10,0.7072434552250568,True,True
ceh24,2,C2 (Dune),6.2,4.598831539125284,1.3489949688013267,0.04512224693849217,8.442093201469918e-10,0.7068711578294594,True,True
ceh24,2,C2 (Dune),6.3,4.600146026496743,1.3455080089846139,0.04440928087332644,8.974582745057454e-10,0.7065086474192108,True,True
ceh24,2,C2 (Dune),6.4,4.601396320400253,1.342155705074834,0.04371791192442879,9.524855367152365e-10,0.7061555581586986,True,True
ceh24,2,C2 (Dune),6.5,4.602586212260182,1.3389309973966652,0.043047196020192094,1.0092770909633944e-09,0.7058115412838966,True,True
ceh24,2,C2 (Dune),6.6,4.603719226780461,1.3358272868890546,0.042396242137014886,1.0678171267898115e-09,0.7054762641927375,True,True
ceh24,2,C2 (Dune),6.7,4.604798643712243,1.3328383994909871,0.04176420870350152,1.128088164470631e-09,0.7051494095856096,True,True
ceh24,2,C2 (Dune),6.8,4.605827517605588,1.3299585536880807,0.041150300286926705,1.1900711773585403e-09,0.7048306746537052,True,True
ceh24,2,C2 (Dune),6.9,4.606808695753816,1.3271823309051323,0.04055376453704359,1.2537457108015937e-09,0.7045197703129131,True,True
ceh24,2,C2 (Dune),7.0,4.607744834515604,1.3245046484644623,0.039973889364737766,1.3190899973309734e-09,0.7042164204809571,True,True
ceh24,2,C2 (Dune),7.1,4.608638414176699,1.3219207348603033,0.039410000335181106,1.3860810678833497e-09,0.7039203613955161,True,True
ceh24,2,C2 (Dune),7.2,4.609491752498823,1.319426107126359,0.03886145825709756,1.4546948588798823e-09,0.7036313409711177,True,True
ceh24,2,C2 (Dune),7.3,4.610307017083679,1.31701655009716,0.03832765695148333,1.5249063150184373e-09,0.7033491181926612,True,True
ceh24,2,C2 (Dune),7.4,4.611086236669024,1.314688097385313,0.03780802118468152,1.5966894877065574e-09,0.7030734625435096,True,True
ceh24,2,C2 (Dune),7.5,4.611831311458249,1.31243701391456,0.03730200475213104,1.6700176290831786e-09,0.7028041534661731,True,True
ceh24,2,C2 (Dune),7.6,4.61254402257728,1.3102597798655622,0.036809088700350906,1.7448632816168331e-09,0.7025409798536963,True,True
ceh24,2,C2 (Dune),7.7,4.613226040740555,1.3081530759058508,0.03632877967587719,1.8211983632973702e-09,0.7022837395699559,True,True
ceh24,2,C2 (Dune),7.8,4.6138789341996045,1.3061137695879732,0.035860608390868916,1.89899424846556e-09,0.7020322389971576,True,True
ceh24,2,C2 (Dune),7.9,4.614504176041068,1.304138902812062,0.03540412819604813,1.978221844347413e-09,0.7017862926089273,True,True
ceh24,2,C2 (Dune),8.0,4.615103150893784,1.3022256802584953,0.03495891375244629,2.058851663361339e-09,0.7015457225674635,True,True
ceh25,1,C1 (Lake Edge),0.5,4.344595717650335,4.717797356868137,0.45630868685307757,4.5909688260107843e-23,0.7817289287695137,True,True
ceh25,1,C1 (Lake Edge),0.6,4.5651676700272725,4.308890694364925,0.43428145952359637,2.2424773749335252e-23,0.7849120409312771,True,True
ceh25,1,C1 (Lake Edge),0.7,4.759203625697912,3.934989025381384,0.4127667774296918,1.6063591369056852e-23,0.7863783709337522,True,True
ceh25,1,C1 (Lake Edge),0.8,4.9294058937788225,3.5952518494326626,0.3921228394247137,1.541494492041178e-23,0.7865588474176687,True,True
ceh25,1,C1 (Lake Edge),0.9,5.078552717330657,3.2876972777740416,0.37254952351568926,1.8363491766511877e-23,0.7857914296538749,True,True
ceh25,1,C1 (Lake Edge),1.0,5.209292282235959,3.0097857696504002,0.35413936714393096,2.554281410869273e-23,0.7843371111345516,True,True
ceh25,1,C1 (Lake Edge),1.1,5.324041823943119,2.758785870415516,0.3369145626127381,3.9549275455239555e-23,0.782395262386971,True,True
ceh25,1,C1 (Lake Edge),1.2,5.4249500231202825,2.5319914491028563,0.3208529362399233,6.573197540760111e-23,0.7801169566770636,True,True
ceh25,1,C1 (Lake Edge),1.3,5.5138951961805835,2.3268419529141173,0.30590573941525956,1.141273577181296e-22,0.7776159333214946,True,True
ceh25,1,C1 (Lake Edge),1.4,5.59250211053981,2.1409815377755006,0.2920095730914126,2.0291144272174788e-22,0.774977329515236,True,True
ceh25,1,C1 (Lake Edge),1.5,5.662167166040144,1.9722810200089564,0.279094212432609,3.6412076094717503e-22,0.7722644958262938,True,True
ceh25,1,C1 (Lake Edge),1.6,5.724086089231285,1.8188381582169313,0.26708761785315643,6.527201388831422e-22,0.7695242487685413,True,True
ceh25,1,C1 (Lake Edge),1.7,5.779280992643629,1.6789660586418018,0.25591904299584056,1.1604226171878929e-21,0.7667908870675949,True,True
ceh25,1,C1 (Lake Edge),1.8,5.828625259138958,1.5511757375925452,0.24552087230562245,2.0359749401769784e-21,0.7640892482291709,True,True
ceh25,1,C1 (Lake Edge),1.9,5.872865634591864,1.4341564551778654,0.2358296220149301,3.513870116477432e-21,0.761437028790052,True,True
ceh25,1,C1 (Lake Edge),2.0,5.912641419383926,1.3267559057813483,0.2267863990519049,5.953589423547449e-21,0.7588465436307461,True,True
ceh25,1,C1 (Lake Edge),2.1,5.948500909911674,1.227961401297183,0.21833701613330467,9.891467605785572e-21,0.7563260596760696,True,True
ceh25,1,C1 (Lake Edge),2.2,5.980915359747866,1.1368826048155576,0.21043189543038282,1.610708808311205e-20,0.7538808072929317,True,True
ceh25,1,C1 (Lake Edge),2.3,6.01029076913105,1.0527360287255942,0.20302584841962132,2.5705740408586947e-20,0.7515137477485927,True,True
ceh25,1,C1 (Lake Edge),2.4,6.036977808318954,0.9748313139875564,0.19607778925738642,4.0217922496919185e-20,0.749226155960566,True,True
ceh25,1,C1 (Lake Edge),2.5,6.0612801566215655,0.9025592003668741,0.18955041864920186,6.171617820491975e-20,0.7470180632382715,True,True
ceh25,1,C1 (Lake Edge),2.6,6.083461506827545,0.8353810451384596,0.1834099015487251,9.294877540156527e-20,0.7448885937437264,True,True
ceh25,1,C1 (Lake Edge),2.7,6.103751450889929,0.7728197278486756,0.17762555294785976,1.374889086590891e-19,0.7428362201384766,True,True
ceh25,1,C1 (Lake Edge),2.8,6.122350430534862,0.7144517773036988,0.17216954002846055,1.998973140705901e-19,0.7408589576739065,True,True
ceh25,1,C1 (Lake Edge),2.9,6.139433907442099,0.6599005655305508,0.16701660503271942,2.858954667805879e-19,0.7389545113131395,True,True
ceh25,1,C1 (Lake Edge),3.0,6.1551558823361034,0.6088304268890278,0.16214381069191564,4.0254594014558057e-19,0.7371203869592181,True,True
ceh25,1,C1 (Lake Edge),3.1,6.169651870694302,0.5609415757647841,0.15753030846993876,5.584360715186604e-19,0.7353539752160352,True,True
ceh25,1,C1 (Lake Edge),3.2,6.183041424538807,0.5159657116138929,0.15315712891637967,7.638608216094756e-19,0.7336526141084325,True,True
ceh25,1,C1 (Lake Edge),3.3,6.195430274532175,0.4736622146269656,0.14900699287280367,1.0310006363647227e-18,0.7320136356738485,True,True
ceh25,1,C1 (Lake Edge),3.4,6.206912153930228,0.43381484848702556,0.14506414199258538,1.3740902142166758e-18,0.7304344001888927,True,True
ceh25,1,C1 (Lake Edge),3.5,6.217570355457451,0.39622889844687775,0.141314186923499,1.809574329431455e-18,0.7289123209199834,True,True
ceh25,1,C1 (Lake Edge),3.6,6.227479063508687,0.36072868324581964,0.13774397149891118,2.356247239323836e-18,0.7274448816202281,True,True
ceh25,1,C1 (Lake Edge),3.7,6.236704496931965,0.32715538830739965,0.13434145134502312,3.035372680392302e-18,0.7260296484845831,True,True
ceh25,1,C1 (Lake Edge),3.8,6.245305891751396,0.29536517533558954,0.13109558540998822,3.870782005626709e-18,0.7246642778841235,True,True
ceh25,1,C1 (Lake Edge),3.9,6.2533363483218665,0.2652275299962971,0.12799623903731322,4.888948602737868e-18,0.7233465208995227,True,True
ceh25,1,C1 (Lake Edge),4.0,6.260843563387956,0.236623814975364,0.12503409732902032,6.1190373335427205e-18,0.7220742254421156,True,True
ceh25,1,C1 (Lake Edge),4.1,6.267870464195122,0.20944600047366424,0.1222005876661458,7.592928324455698e-18,0.7208453365719834,True,True
ceh25,1,C1 (Lake Edge),4.2,6.274455759047768,0.1835955482541775,0.1194878103709314,9.345214997264613e-18,0.719657895484048,True,True
ceh25,1,C1 (Lake Edge),4.3,6.28063441642454,0.15898242879986096,0.11688847660403662,1.141317674284375e-17,0.7185100375258501,True,True
ceh25,1,C1 (Lake Edge),4.4,6.286438082862459,0.13552425406637775,0.11439585269014191,1.3836727097239117e-17,0.7173999895273784,True,True
ceh25,1,C1 (Lake Edge),4.5,6.291895448240007,0.1131455107995179,0.11200371015603114,1.66583386724408e-17,0.7163260666585647,True,True
ceh25,1,C1 (Lake Edge),4.6,6.297032565769653,0.09177688150038571,0.10970628084684679,1.9922946419982406e-17,0.7152866689796824,True,True
ceh25,1,C1 (Lake Edge),4.7,6.301873132906181,0.07135464192012109,0.10749821655910723,2.367783106358727e-17,0.7142802778106594,True,True
ceh25,1,C1 (Lake Edge),4.8,6.306438738452374,0.05182012549814885,0.10537455269392627,2.7972484729235935e-17,0.7133054520147861,True,True
ceh25,1,C1 (Lake Edge),4.9,6.310749080366191,0.03311924646504644,0.10333067549136675,3.285846093170109e-17,0.712360824268509,True,True
ceh25,1,C1 (Lake Edge),5.0,6.314822158119279,0.015202074447772274,0.10136229245765939,3.8389211150131424e-17,0.7114450973705145,True,True
ceh25,1,C1 (Lake Edge),5.1,6.3186744429049835,-0.0019775456299623295,0.09946540564190254,4.4619910247937395e-17,0.710557040628925,True,True
ceh25,1,C1 (Lake Edge),5.2,6.322321028526931,-0.018462333740959125,0.09763628745838601,5.1607272971853015e-17,0.709695486354292,True,True
ceh25,1,C1 (Lake Edge),5.3,6.32577576540384,-0.034291879727894325,0.09587145878552922,5.940936370523549e-17,0.7088593264774501,True,True
ceh25,1,C1 (Lake Edge),5.4,6.329051379790502,-0.04950291713966343,0.09416766910309632,6.80854015621838e-17,0.7080475093046609,True,True
ceh25,1,C1 (Lake Edge),5.5,6.332159580028723,-0.0641295694937925,0.09252187845635657,7.769556279383973e-17,0.7072590364173945,True,True
ceh25,1,C1 (Lake Edge),5.6,6.335111151398559,-0.07820357207982487,0.09093124105965741,8.8300782346692e-17,0.7064929597202231,True,True
ceh25,1,C1 (Lake Edge),5.7,6.337916040931516,-0.09175447203136894,0.08939309037281436,9.996255626447866e-17,0.7057483786373913,True,True
ceh25,1,C1 (Lake Edge),5.8,6.340583433369238,-0.10480980905943482,0.08790492550219475,1.127427464725049e-16,0.7050244374564545,True,True
ceh25,1,C1 (Lake Edge),5.9,6.343121819297957,-0.11739527894934648,0.08646439879465323,1.2670338932195753e-16,0.7043203228157906,True,True
ceh25,1,C1 (Lake Edge),6.0,6.345539056357399,-0.12953488167118998,0.08506930450685024,1.4190650911205337e-16,0.7036352613316497,True,True
ceh25,1,C1 (Lake Edge),6.1,6.3478424243095155,-0.14125105573481173,0.0837175684451642,1.5841393764916043e-16,0.7029685173596303,True,True
ceh25,1,C1 (Lake Edge),6.2,6.350038674654406,-0.15256480022896113,0.0824072384826411,1.7628714074836468e-16,0.7023193908849545,True,True
ceh25,1,C1 (Lake Edge),6.3,6.352134075396313,-0.16349578581790958,0.08113647586933162,1.9558705243449516e-16,0.7016872155356135,True,True
ceh25,1,C1 (Lake Edge),6.4,6.354134451489251,-0.17406245582294938,0.07990354726116375,2.1637391745976424e-16,0.701071356712311,True,True
ceh25,1,C1 (Lake Edge),6.5,6.356045221428044,-0.18428211838891506,0.07870681740028658,2.3870714262408847e-16,0.700471209829116,True,True
ceh25,1,C1 (Lake Edge),6.6,6.357871430395525,-0.1941710306239241,0.07754474238673686,2.62645157263416e-16,0.6998861986587976,True,True
ceh25,1,C1 (Lake Edge),6.7,6.359617780328251,-0.20374447550261293,0.07641586348740625,2.882452831576365e-16,0.6993157737769542,True,True
ceh25,1,C1 (Lake Edge),6.8,6.3612886572211025,-0.21301683223666973,0.07531880143376268,3.1556361401046263e-16,0.6987594110992266,True,True
ceh25,1,C1 (Lake Edge),6.9,6.362888155954532,-0.22200164074067946,0.07425225116463038,3.4465490456195244e-16,0.6982166105061077,True,True
ceh25,1,C1 (Lake Edge),7.0,6.364420102896062,-0.23071166075409077,0.0732149769746599,3.755724693115805e-16,0.6976868945500847,True,True
ceh25,1,C1 (Lake Edge),7.1,6.365888076499248,-0.23915892612107126,0.07220580803299317,4.0836809076040893e-16,0.69716980724011,True,True
ceh25,1,C1 (Lake Edge),7.2,6.367295426099078,-0.24735479467760835,0.07122363424006362,4.430919370160476e-16,0.6966649128986424,True,True
ceh25,1,C1 (Lake Edge),7.3,6.368645289080307,-0.25530999414883243,0.07026740239356577,4.797924885538778e-16,0.6961717950867637,True,True
ceh25,1,C1 (Lake Edge),7.4,6.369940606576938,-0.26303466441846984,0.06933611263738956,5.1851647387818e-16,0.6956900555931171,True,True
ceh25,1,C1 (Lake Edge),7.5,6.371184137843331,-0.2705383964957401,0.06842881516976781,5.593088137912624e-16,0.6952193134826723,True,True
ceh25,1,C1 (Lake Edge),7.6,6.372378473423181,-0.277830268472561,0.06754460718912995,6.022125739490566e-16,0.6947592042015491,True,True
ceh25,1,C1 (Lake Edge),7.7,6.373526047228984,-0.2849188787350086,0.06668263005812378,6.472689253536425e-16,0.6943093787343717,True,True
ceh25,1,C1 (Lake Edge),7.8,6.374629147633113,-0.29181237666724397,0.06584206666806272,6.945171124163635e-16,0.693869502810833,True,True
ceh25,1,C1 (Lake Edge),7.9,6.375689927661113,-0.29851849106292894,0.06502213898767115,7.439944282119603e-16,0.6934392561583702,True,True
ceh25,1,C1 (Lake Edge),8.0,6.376710414369025,-0.30504455643875006,0.06422210578143178,7.957361965333637e-16,0.6930183317980374,True,True
ceh26,1,C1 (Lake Edge),0.5,3.045559788412146,3.183484373804558,0.38293441964115416,1.0031375472112838e-21,0.7906979104719614,True,True
ceh26,1,C1 (Lake Edge),0.6,3.226937114313538,2.8615399093383314,0.35777059997876015,8.428451784236571e-22,0.7914432440531433,True,True
ceh26,1,C1 (Lake Edge),0.7,3.379546017507961,2.578841517389778,0.33379084949683124,1.1287420317668068e-21,0.7901913836678579,True,True
ceh26,1,C1 (Lake Edge),0.8,3.5075238920150937,2.332393083073749,0.3114539145121601,2.0312180845572164e-21,0.787650601980594,True,True
ceh26,1,C1 (Lake Edge),0.9,3.614848912592171,2.118160068574871,0.29092683421943133,4.343590357147806e-21,0.7843184791488665,True,True
ceh26,1,C1 (Lake Edge),1.0,3.705048284939136,1.931939825705309,0.27220913935339214,1.014902517756816e-20,0.7805367428508683,True,True
ceh26,1,C1 (Lake Edge),1.1,3.781118575319814,1.769786155721061,0.2552111632241074,2.4523041967314734e-20,0.7765359595324188,True,True
ceh26,1,C1 (Lake Edge),1.2,3.8455463600102977,1.6281832598675647,0.23980120320210746,5.917872349513165e-20,0.7724691041261355,True,True
ceh26,1,C1 (Lake Edge),1.3,3.9003689479781603,1.5040882511035814,0.22583279687649832,1.3963523321282126e-19,0.7684357056310994,True,True
ceh26,1,C1 (Lake Edge),1.4,3.9472452072659556,1.394910228589663,0.21315978770632305,3.18253240611623e-19,0.7644987994351384,True,True
ceh26,1,C1 (Lake Edge),1.5,3.987522959060909,1.298462764425929,0.2016441040878609,6.962158725151356e-19,0.7606966695605841,True,True
ceh26,1,C1 (Lake Edge),1.6,4.022297790068706,1.212908771729214,0.19115930100018108,1.4580272694816236e-18,0.7570509224260407,True,True
ceh26,1,C1 (Lake Edge),1.7,4.052462147300976,1.1367068738793806,0.18159170920240622,2.9221298050897286e-18,0.7535720168973397,True,True
ceh26,1,C1 (Lake Edge),1.8,4.078745329844188,1.0685631606446908,0.17284028884410108,5.610654853249034e-18,0.7502630444022382,True,True
ceh26,1,C1 (Lake Edge),1.9,4.101745624552836,1.0073895463479774,0.16481582888706084,1.0340101547810608e-17,0.7471223093445076,True,True
ceh26,1,C1 (Lake Edge),2.0,4.121955943973148,0.952268660914463,0.15743986016544584,1.8333010154047498e-17,0.7441450877387441,True,True
ceh26,1,C1 (Lake Edge),2.1,4.139784215845267,0.9024246499572199,0.1506434873286674,3.134870186473791e-17,0.7413248225974709,True,True
ceh26,1,C1 (Lake Edge),2.2,4.155569589736293,0.8571990764326097,0.1443662492995103,5.18291865671197e-17,0.7386539327816988,True,True
ceh26,1,C1 (Lake Edge),2.3,4.169595334104951,0.8160311116964909,0.13855506237660578,8.305466932289945e-17,0.7361243562321025,True,True
ceh26,1,C1 (Lake Edge),2.4,4.182099123588429,0.7784412772818181,0.13316326848212545,1.293019207265838e-16,0.7337279105020288,True,True
ceh26,1,C1 (Lake Edge),2.5,4.193281270060446,0.7440180991752543,0.12814979354752143,1.9599822543787862e-16,0.7314565276132994,True,True
ceh26,1,C1 (Lake Edge),2.6,4.203311332212331,0.7124071390005713,0.12347841180166946,2.898636985414107e-16,0.7293024025586271,True,True
ceh26,1,C1 (Lake Edge),2.7,4.212333443925171,0.6833019603691178,0.11911710729065406,4.1903539163572295e-16,0.7272580826435475,True,True
ceh26,1,C1 (Lake Edge),2.8,4.220470627475546,0.6564366698355996,0.11503752224350255,5.931676763697904e-16,0.7253165165150603,True,True
ceh26,1,C1 (Lake Edge),2.9,4.227828299710151,0.6315797399319375,0.1112144816773353,8.235047437184952e-16,0.723471075960934,True,True
ceh26,1,C1 (Lake Edge),3.0,4.234497134303695,0.6085288777030385,0.10762558418993604,1.1229225428167425e-15,0.7217155595690279,True,True
ceh26,1,C1 (Lake Edge),3.1,4.240555408253625,0.5871067476540569,0.10425084980215696,1.5059389706160297e-15,0.7200441845578085,True,True
ceh26,1,C1 (Lake Edge),3.2,4.246070933604825,0.5671573947414417,0.10107241675209921,1.9886925070441385e-15,0.7184515711512062,True,True
ceh26,1,C1 (Lake Edge),3.3,4.251102654264864,0.5485432425721981,0.0980742801798597,2.5888906949621363e-15,0.7169327225157134,True,True
ceh26,1,C1 (Lake Edge),3.4,4.2557019712906445,0.5311425656824724,0.09524206661080091,3.3257308454562337e-15,0.7154830023282455,True,True
ceh26,1,C1 (Lake Edge),3.5,4.259913847139502,0.5148473537886726,0.0925628390179763,4.219796088817622e-15,0.7140981113776345,True,True
ceh26,1,C1 (Lake Edge),3.6,4.263777729266859,0.4995615011778317,0.0900249280120389,5.2929303927166805e-15,0.712774064136013,True,True
ceh26,1,C1 (Lake Edge),3.7,4.267328325492917,0.4851992666838102,0.08761778537218912,6.568096449666343e-15,0.7115071659097336,True,True
ceh26,1,C1 (Lake Edge),3.8,4.27059625727215,0.47168395958773335,0.08533185670236554,8.069220423459985e-15,0.710293990951603,True,True
ceh26,1,C1 (Lake Edge),3.9,4.27360861201209,0.4589468147675579,0.08315847048315785,9.821027471804706e-15,0.7091313617580715,True,True
ceh26,1,C1 (Lake Edge),4.0,4.27638941161855,0.4469260268858218,0.08108974120243206,1.1848871763821759e-14,0.7080163296662079,True,True
ceh26,1,C1 (Lake Edge),4.1,4.278960011272429,0.43556591865145433,0.07911848459669801,1.417856441978369e-14,0.7069461567913149,True,True
ceh26,1,C1 (Lake Edge),4.2,4.281339439899504,0.424816222461902,0.07723814333003606,1.6836202446125186e-14,0.7059182992967026,True,True
ceh26,1,C1 (Lake Edge),4.3,4.283544691746953,0.41463145821847425,0.0754427216862764,1.9848001347890997e-14,0.7049303919551324,True,True
ceh26,1,C1 (Lake Edge),4.4,4.285590976825765,0.40497039296218956,0.07372672806016144,2.3240133694757955e-14,0.7039802339415957,True,True
ceh26,1,C1 (Lake Edge),4.5,4.287491936636696,0.3957955703222029,0.07208512421060825,2.7038575513357323e-14,0.7030657757857204,True,True
ceh26,1,C1 (Lake Edge),4.6,4.289259830505317,0.3870728997000715,0.07051328038909402,3.126896199060973e-14,0.7021851074065675,True,True
ceh26,1,C1 (Lake Edge),4.7,4.290905696960701,0.37877129670898824,0.06900693558302919,3.595645361016413e-14,0.7013364471510216,True,True
ceh26,1,C1 (Lake Edge),4.8,4.292439493861053,0.3708623677095165,0.06756216222145622,4.1125613512713486e-14,0.7005181317580673,True,True
ceh26,1,C1 (Lake Edge),4.9,4.293870220369635,0.3633201323825125,0.06617533478157608,4.6800296575293744e-14,0.6997286071740323,True,True
ceh26,1,C1 (Lake Edge),5.0,4.295206023388366,0.3561207791961708,0.06484310181211908,5.300355044522535e-14,0.6989664201477124,True,True
ceh26,1,C1 (Lake Edge),5.1,4.296454290647263,0.3492424493899343,0.06356236095554085,5.975752854239542e-14,0.6982302105387088,True,True
ceh26,1,C1 (Lake Edge),5.2,4.29762173230682,0.34266504574015877,0.062330236607300665,6.708341485725075e-14,0.6975187042769813,True,True
ceh26,1,C1 (Lake Edge),5.3,4.2987144526482775,0.33637006291196014,0.061144059898556036,7.500136021765573e-14,0.6968307069163392,True,True
ceh26,1,C1 (Lake Edge),5.4,4.299738013189312,0.33034043665663654,0.060001350729768234,8.35304295771491e-14,0.6961650977292224,True,True
ceh26,1,C1 (Lake Edge),5.5,4.30069748836545,0.32456040949846865,0.05889980161801183,9.268855978092072e-14,0.6955208242945393,True,True
ceh26,1,C1 (Lake Edge),5.6,4.301597514750831,0.31901541088004837,0.057837263151120415,1.024925271970006e-13,0.694896897534536,True,True
ceh26,1,C1 (Lake Edge),5.7,4.3024423346521985,0.31369195001242667,0.05681173086790442,1.1295792455253657e-13,0.6942923871605575,True,True
ceh26,1,C1 (Lake Edge),5.8,4.303235834791979,0.3085775199112593,0.05582133340621698,1.2409914628368653e-13,0.6937064174912071,True,True
ceh26,1,C1 (Lake Edge),5.9,4.30398158069603,0.30366051130156924,0.054864321780100506,1.3592938169527233e-13,0.6931381636097298,True,True
ceh26,1,C1 (Lake Edge),6.0,4.304682847317288,0.29893013524548295,0.053939059664099856,1.4846061522509044e-13,0.6925868478305144,True,True
ceh26,1,C1 (Lake Edge),6.1,4.305342646354006,0.29437635349472857,0.0530440145774479,1.6170363311743734e-13,0.6920517364473926,True,True
ceh26,1,C1 (Lake Edge),6.2,4.305963750660036,0.28998981569642224,0.052177749873537835,1.7566803582845723e-13,0.6915321367389615,True,True
ceh26,1,C1 (Lake Edge),6.3,4.3065487160921245,0.28576180268974394,0.051338917451138645,1.9036225551200376e-13,0.6910273942084566,True,True
ceh26,1,C1 (Lake Edge),6.4,4.307099901094017,0.2816841752252472,0.050526251113470255,2.0579357796342692e-13,0.6905368900378024,True,True
ceh26,1,C1 (Lake Edge),6.5,4.3076194842787,0.27774932751999043,0.04973856050966582,2.2196816843370418e-13,0.6900600387373581,True,True
ceh26,1,C1 (Lake Edge),6.6,4.3081094802369915,0.2739501451322186,0.04897472560052322,2.3889110076205365e-13,0.6895962859745929,True,True
ceh26,1,C1 (Lake Edge),6.7,4.308571753771863,0.2702799667006357,0.048233691596912105,2.565663893109049e-13,0.6891451065664758,True,True
ceh26,1,C1 (Lake Edge),6.8,4.30900803273351,0.2667325491464865,0.04751446432486619,2.7499702322900014e-13,0.6887060026217662,True,True
ceh26,1,C1 (Lake Edge),6.9,4.30941991960831,0.2633020359833191,0.04681610597639241,2.9418500260200524e-13,0.6882785018206576,True,True
ceh26,1,C1 (Lake Edge),7.0,4.30980890199697,0.25998292841960813,0.046137731209402184,3.1413137609128103e-13,0.6878621558203702,True,True
ceh26,1,C1 (Lake Edge),7.1,4.310176362100272,0.2567700589751082,0.04547850356406759,3.34836279695876e-13,0.6874565387763254,True,True
ceh26,1,C1 (Lake Edge),7.2,4.310523585317673,0.2536585673627687,0.04483763216631115,3.5629897630497816e-13,0.6870612459694627,True,True
ceh26,1,C1 (Lake Edge),7.3,4.31085176805115,0.25064387841538455,0.04421436869218001,3.7851789575071477e-13,0.6866758925311143,True,True
ceh26,1,C1 (Lake Edge),7.4,4.311162024796134,0.24772168186012714,0.04360800456952977,4.0149067508944857e-13,0.6863001122576046,True,True
ceh26,1,C1 (Lake Edge),7.5,4.311455394592604,0.24488791376522082,0.043017868395837544,4.252141988813509e-13,0.6859335565074433,True,True
ceh26,1,C1 (Lake Edge),7.6,4.311732846900396,0.24213873950166825,0.04244332355306688,4.4968463925846664e-13,0.6855758931746008,True,True
ceh26,1,C1 (Lake Edge),7.7,4.311995286956427,0.2394705380794224,0.041883766002403705,4.748974956001573e-13,0.6852268057319202,True,True
ceh26,1,C1 (Lake Edge),7.8,4.312243560664577,0.2368798877319317,0.04133862224335351,5.008476336596004e-13,0.6848859923392374,True,True
ceh26,1,C1 (Lake Edge),7.9,4.312478459063838,0.23436355263584968,0.04080734742319063,5.275293240027407e-13,0.6845531650112444,True,True
ceh26,1,C1 (Lake Edge),8.0,4.312700722415507,0.23191847066430812,0.04028942358409056,5.549362796467435e-13,0.684228048840549,True,True
ceh27,1,C1 (Lake Edge),0.5,3.5845241311457863,3.6143957183595097,0.3511684350911512,8.599523049406248e-23,0.8240456767544733,True,True
ceh27,1,C1 (Lake Edge),0.6,3.7617241225521756,3.327728352137517,0.333650616133506,3.168324980462326e-23,0.8276109580217991,True,True
ceh27,1,C1 (Lake Edge),0.7,3.9170930447213417,3.0682045046005904,0.3163977947161418,1.864334622400571e-23,0.8294752435130128,True,True
ceh27,1,C1 (Lake Edge),0.8,4.052752972445262,2.83494059851074,0.299790669086177,1.5701116641148612e-23,0.8300747669819486,True,True
ceh27,1,C1 (Lake Edge),0.9,4.171003500727102,2.626120892399314,0.2840430019265805,1.723450916825425e-23,0.8297497732694488,True,True
ceh27,1,C1 (Lake Edge),1.0,4.274082734833998,2.439519730090172,0.2692566528054629,2.2861078651279336e-23,0.8287606391798782,True,True
ceh27,1,C1 (Lake Edge),1.1,4.364048112848817,2.2728146907474476,0.2554612345260672,3.455465752744526e-23,0.8273040530602908,True,True
ceh27,1,C1 (Lake Edge),1.2,4.442728830842246,2.1237618475620947,0.2426415825773448,5.69298942344887e-23,0.8255272305042838,True,True
ceh27,1,C1 (Lake Edge),1.3,4.511718310910613,1.9902845387728723,0.23075623814518365,9.892894212797602e-23,0.823539584841244,True,True
ceh27,1,C1 (Lake Edge),1.4,4.5723872747602865,1.8705102123310995,0.2197495880306813,1.770404289121023e-22,0.82142194237942,True,True
ceh27,1,C1 (Lake Edge),1.5,4.625906026589954,1.7627775190581407,0.20955965397095838,3.207401661273561e-22,0.8192336501837278,True,True
ceh27,1,C1 (Lake Edge),1.6,4.673269584677476,1.6656273898898286,0.20012295822979612,5.812051966662809e-22,0.8170179802952742,True,True
ceh27,1,C1 (Lake Edge),1.7,4.715322325597079,1.5777863454418042,0.1913774556507699,1.0446793415362395e-21,0.8148062033984859,True,True
ceh27,1,C1 (Lake Edge),1.8,4.752780557565328,1.4981468304050432,0.1832642053964111,1.852156327296891e-21,0.8126206444250075,True,True
ceh27,1,C1 (Lake Edge),1.9,4.786252417556355,1.4257472420818962,0.1757282336421866,3.2272545641102647e-21,0.8104769687846494,True,True
ceh27,1,C1 (Lake Edge),2.0,4.816255007083595,1.3597530465277399,0.168718886496749,5.514237495058276e-21,0.8083858913580304,True,True
ceh27,1,C1 (Lake Edge),2.1,4.8432289382114835,1.2994396270978612,0.16218986981659497,9.228045135313128e-21,0.8063544540789368,True,True
ceh27,1,C1 (Lake Edge),2.2,4.867550570661766,1.2441770838764066,0.15609910399039648,1.511792416624868e-20,0.8043869816202156,True,True
ceh27,1,C1 (Lake Edge),2.3,4.889542250893071,1.1934169701100898,0.1504084762305706,2.4245777693827774e-20,0.8024857969290815,True,True
ceh27,1,C1 (Lake Edge),2.4,4.9094808538286525,1.146680834124033,0.14508354284705885,3.8079727840519165e-20,0.8006517574445376,True,True
ceh27,1,C1 (Lake Edge),2.5,4.927604899397018,1.1035503839167926,0.14009321423666218,5.860264151389984e-20,0.79888465722037,True,True
ceh27,1,C1 (Lake Edge),2.6,4.944120481136828,1.0636590775676198,0.13540944243353886,8.843457216532937e-20,0.797183528585214,True,True
ceh27,1,C1 (Lake Edge),2.7,4.959206208971455,1.0266849483908038,0.13100692271579734,1.3096728313595433e-19,0.7955468683830155,True,True
ceh27,1,C1 (Lake Edge),2.8,4.973017335823242,0.992344489277758,0.12686281540730127,1.9050830287391686e-19,0.793972807478022,True,True
ceh27,1,C1 (Lake Edge),2.9,4.985689209179425,0.960387440061901,0.12295649062884004,2.7243137036152916e-19,0.7924592374964088,True,True
ceh27,1,C1 (Lake Edge),3.0,4.997340164283766,0.9305923418096748,0.11926929665960982,3.8332969751124045e-19,0.791003905279672,True,True
ceh27,1,C1 (Lake Edge),3.1,5.008073955081082,0.9027627410072868,0.11578435131881355,5.311682246997629e-19,0.7896044829240492,True,True
ceh27,1,C1 (Lake Edge),3.2,5.017981801970231,0.8767239438953568,0.11248635507058163,7.254309806147033e-19,0.7882586193408899,True,True
ceh27,1,C1 (Lake Edge),3.3,5.027144121336725,0.8523202364270271,0.10936142419690366,9.77259768741304e-19,0.786963977822763,True,True
ceh27,1,C1 (Lake Edge),3.4,5.035631990276267,0.82941249849056,0.1063969422434466,1.2995806697003716e-18,0.7857182630125592,True,True
ceh27,1,C1 (Lake Edge),3.5,5.0435083904540505,0.8078761522842317,0.10358142793718976,1.7072152433086271e-18,0.7845192398548105,True,True
ceh27,1,C1 (Lake Edge),3.6,5.050829267306849,0.7875993942610705,0.1009044178474369,2.2169738046479335e-18,0.7833647464912776,True,True
ceh27,1,C1 (Lake Edge),3.7,5.0576444344696725,0.7684816680918223,0.09835636217726092,2.8477287015550862e-18,0.782252702595886,True,True
ceh27,1,C1 (Lake Edge),3.8,5.063998348138691,0.7504323428386342,0.09592853220808928,3.620466105152458e-18,0.781181114289758,True,True
ceh27,1,C1 (Lake Edge),3.9,5.0699307718491555,0.733369566182715,0.09361293806175999,4.558315411894276e-18,0.7801480765075233,True,True
ceh27,1,C1 (Lake Edge),4.0,5.0754773486807245,0.717219267279956,0.09140225558340367,5.6865559211772666e-18,0.7791517734804982,True,True
ceh27,1,C1 (Lake Edge),4.1,5.0806700950546,0.7019142877761292,0.08928976128008138,7.032600977486862e-18,0.7781904778451735,True,True
ceh27,1,C1 (Lake Edge),4.2,5.085537827946804,0.6873936228263167,0.08726927437157984,8.62596023665939e-18,0.7772625487650744,True,True
ceh27,1,C1 (Lake Edge),4.3,5.090106535412037,0.6736017567375477,0.08533510512020931,1.0498181122287501e-17,0.7763664293617122,True,True
ceh27,1,C1 (Lake Edge),4.4,5.0943996987186635,0.660488080180032,0.08348200870562324,1.2682770876111486e-17,0.7755006436793692,True,True
ceh27,1,C1 (Lake Edge),4.5,5.098438573076678,0.6480063778648908,0.08170514399902512,1.5215100873576427e-17,0.7746637933538841,True,True
ceh27,1,C1 (Lake Edge),4.6,5.102242432844954,0.6361143772282637,0.08000003666938885,1.8132295074547286e-17,0.7738545541135771,True,True
ceh27,1,C1 (Lake Edge),4.7,5.1058287861938645,0.6247733500439576,0.07836254612329673,2.147310461312368e-17,0.7730716722081116,True,True
ceh27,1,C1 (Lake Edge),4.8,5.109213563439289,0.6139477600532726,0.07678883584064862,2.527777060511063e-17,0.7723139608361786,True,True
ceh27,1,C1 (Lake Edge),4.9,5.112411282630129,0.6036049506861283,0.07527534672166858,2.95878772737095e-17,0.771580296623746,True,True
ceh27,1,C1 (Lake Edge),5.0,5.115435195438462,0.5937148677823021,0.07381877310722032,3.4446197470601476e-17,0.7708696161898998,True,True
ceh27,1,C1 (Lake Edge),5.1,5.1182974159556185,0.5842498129293928,0.07241604117519704,3.9896532606938466e-17,0.770180912826046,True,True
ceh27,1,C1 (Lake Edge),5.2,5.121009034620772,0.5751842236364599,0.07106428945137414,4.5983548917325964e-17,0.7695132333056365,True,True
ceh27,1,C1 (Lake Edge),5.3,5.123580219191226,0.5664944770743155,0.06976085120430403,5.2752611860799103e-17,0.7688656748350486,True,True
ceh27,1,C1 (Lake Edge),5.4,5.126020304395176,0.5581587145513949,0.06850323852104784,6.024962032976083e-17,0.7682373821513144,True,True
ceh27,1,C1 (Lake Edge),5.5,5.12833787168009,0.550156684268079,0.06728912788442205,6.852084218855668e-17,0.7676275447687025,True,True
ceh27,1,C1 (Lake Edge),5.6,5.130540820275938,0.5424696002127526,0.06611634709327222,7.761275250990225e-17,0.7670353943734233,True,True
ceh27,1,C1 (Lake Edge),5.7,5.132636430628381,0.5350800153383419,0.064982863385591,8.757187571931957e-17,0.7664602023637377,True,True
ceh27,1,C1 (Lake Edge),5.8,5.134631421115616,0.5279717073945701,0.06388677264030496,9.844463270029836e-17,0.7659012775313335,True,True
ceh27,1,C1 (Lake Edge),5.9,5.136531998843054,0.5211295759950689,0.06282628954762537,1.102771937591246e-16,0.7653579638788548,True,True
ceh27,1,C1 (Lake Edge),6.0,5.138343905206034,0.5145395496749496,0.06179973865021053,1.2311533820085198e-16,0.7648296385678331,True,True
ceh27,1,C1 (Lake Edge),6.1,5.140072456823161,0.5081885018464921,0.06080554616822352,1.3700432112710293e-16,0.7643157099908838,True,True
ceh27,1,C1 (Lake Edge),6.2,5.141722582365579,0.5020641746928166,0.05984223253094884,1.5198874793564906e-16,0.7638156159618429,True,True
ceh27,1,C1 (Lake Edge),6.3,5.14329885574265,0.4961551101538809,0.05890840554604086,1.6811245687856448e-16,0.7633288220174779,True,True
ceh27,1,C1 (Lake Edge),6.4,5.144805526047238,0.4904505872591847,0.05800275414488808,1.8541840992660946e-16,0.7628548198244666,True,True
ceh27,1,C1 (Lake Edge),6.5,5.146246544614401,0.4849405651480809,0.05712404264916661,2.0394859208633248e-16,0.7623931256854841,True,True
ceh27,1,C1 (Lake Edge),6.6,5.147625589505559,0.4796156311945805,0.05627110550942795,2.2374391922324328e-16,0.7619432791384293,True,True
ceh27,1,C1 (Lake Edge),6.7,5.14894608769195,0.47446695371997993,0.05544284247170948,2.4484415437034073e-16,0.76150484164306,True,True
ceh27,1,C1 (Lake Edge),6.8,5.150211235179814,0.4694862388343666,0.05463821413271253,2.6728783242641692e-16,0.7610773953495654,True,True
ceh27,1,C1 (Lake Edge),6.9,5.151424015291327,0.464665690999292,0.053856237848113615,2.911121930911801e-16,0.7606605419438693,True,True
ceh27,1,C1 (Lake Edge),7.0,5.152587215290642,0.4599979769484178,0.05309598396217869,3.163531218306868e-16,0.760253901564744,True,True
ceh27,1,C1 (Lake Edge),7.1,5.153703441523165,0.45547619264246053,0.05235657233002505,3.4304509862754795e-16,0.7598571117880851,True,True
ceh27,1,C1 (Lake Edge),7.2,5.15477513321699,0.45109383296938443,0.05163716910672407,3.712211542303457e-16,0.7594698266739769,True,True
ceh27,1,C1 (Lake Edge),7.3,5.15580457507936,0.44684476393132827,0.050936983779974014,4.0091283359341454e-16,0.7590917158724396,True,True
ceh27,1,C1 (Lake Edge),7.4,5.156793908806037,0.4427231970870165,0.05025526642532002,4.321501661691257e-16,0.7587224637840104,True,True
ceh27,1,C1 (Lake Edge),7.5,5.157745143609095,0.4387236660421334,0.04959130516493221,4.649616427109284e-16,0.7583617687715545,True,True
ceh27,1,C1 (Lake Edge),7.6,5.158660165856751,0.434841004801505,0.048944423812750645,4.993741982196911e-16,0.7580093424199376,True,True
ceh27,1,C1 (Lake Edge),7.7,5.159540747909977,0.4310703278158824,0.04831397969042861,5.35413200671266e-16,0.7576649088404128,True,True
ceh27,1,C1 (Lake Edge),7.8,5.160388556230399,0.42740701157246075,0.047699361599958884,5.731024451532263e-16,0.7573282040167868,True,True
ceh27,1,C1 (Lake Edge),7.9,5.16120515882743,0.4238466775937938,0.04709998794016161,6.124641530465824e-16,0.7569989751906245,True,True
ceh27,1,C1 (Lake Edge),8.0,5.161992032105088,0.42038517672248976,0.04651530495539842,6.535189758826925e-16,0.7566769802829397,True,True
ceh28,2,C2 (Dune),0.5,3.226031404475573,3.8078333192939673,0.31044619013649355,1.0983591630235022e-16,0.7879295657032112,True,True
ceh28,2,C2 (Dune),0.6,3.394513594896595,3.5550791090181018,0.2976391269208002,4.3544263158985987e-17,0.791899918258573,True,True
ceh28,2,C2 (Dune),0.7,3.5439980285444146,3.323377201993245,0.2836137986992592,2.7964198344599566e-17,0.7937743971420119,True,True
ceh28,2,C2 (Dune),0.8,3.674691913253767,3.1146614595890822,0.2691568701538861,2.616383647824297e-17,0.7940546342475068,True,True
ceh28,2,C2 (Dune),0.9,3.7878391922745562,2.928849597837302,0.2548114587637191,3.2310729013356276e-17,0.7931647071918421,True,True
ceh28,2,C2 (Dune),1.0,3.8851883258248034,2.764671385355771,0.2409282338209136,4.8454212303671894e-17,0.791445185960808,True,True
ceh28,2,C2 (Dune),1.1,3.968647078838523,2.6202541039567637,0.2277158148877021,8.260771301145534e-17,0.7891599528735634,True,True
ceh28,2,C2 (Dune),1.2,4.0400802041025425,2.4935016844245474,0.21528318380949757,1.523354663551262e-16,0.786508170159458,True,True
ceh28,2,C2 (Dune),1.3,4.101204437813382,2.382321359695633,0.20367237742946065,2.9304298114455635e-16,0.7836371031703848,True,True
ceh28,2,C2 (Dune),1.4,4.153544416349745,2.2847470842409323,0.1928823166963265,5.731684421672938e-16,0.7806537588890644,True,True
ceh28,2,C2 (Dune),1.5,4.198423949060982,2.1989974808401223,0.18288550411511242,1.1199624605568931e-15,0.7776346064251403,True,True
ceh28,2,C2 (Dune),1.6,4.236976089159267,2.12349461557778,0.17363937041437721,2.1607066008093955e-15,0.7746333126033973,True,True
ceh28,2,C2 (Dune),1.7,4.27016192173633,2.0568608022945014,0.1650937795197684,4.085009113963802e-15,0.7716867149189229,True,True
ceh28,2,C2 (Dune),1.8,4.298792272043752,1.99790416047056,0.15719585729109137,7.533974002983565e-15,0.7688193439613791,True,True
ceh28,2,C2 (Dune),1.9,4.323549213933501,1.9455993308921091,0.14989299733774006,1.3521341121251796e-14,0.766046803215216,True,True
ceh28,2,C2 (Dune),2.0,4.34500585630701,1.8990669987064814,0.14313464795653041,2.3590054308340604e-14,0.7633782726800649,True,True
ceh28,2,C2 (Dune),2.1,4.3636437985212595,1.8575541771945736,0.13687329812779292,4.000523329626597e-14,0.7608183520283636,True,True
ceh28,2,C2 (Dune),2.2,4.379868141267806,1.820416194043732,0.13106494699650642,6.598148085002355e-14,0.7583684113647768,True,True
ceh28,2,C2 (Dune),2.3,4.394020188975425,1.7871007394299978,0.1256692478988362,1.0593924177027267e-13,0.7560275774750231,True,True
ceh28,2,C2 (Dune),2.4,4.406388089222221,1.7571340147639247,0.1206494538089369,1.657819665455963e-13,0.7537934514451077,True,True
ceh28,2,C2 (Dune),2.5,4.417215687509314,1.730108856684029,0.11597224748714717,2.531834873930258e-13,0.7516626288658002,True,True
ceh28,2,C2 (Dune),2.6,4.426709869189277,1.7056746372593512,0.11160751027339696,3.7787354281353437e-13,0.7496310752121242,True,True
ceh28,2,C2 (Dune),2.7,4.435046635474753,1.683528718573315,0.1075280638779722,5.519089033926989e-13,0.7476943951028459,True,True
ceh28,2,C2 (Dune),2.8,4.44237612889482,1.6634092441604345,0.10370940653396966,7.899180355616847e-13,0.7458480238759144,True,True
ceh28,2,C2 (Dune),2.9,4.448826791405089,1.6450890672827363,0.10012945633445669,1.1093085615255914e-12,0.744087362356791,True,True
ceh28,2,C2 (Dune),3.0,4.454508808532906,1.628370638872544,0.09676830901467393,1.5304287316008006e-12,0.7424078701465866,True,True
ceh28,2,C2 (Dune),3.1,4.459516966649232,1.6130817018112773,0.09360801386326513,2.0766764870478424e-12,0.7408051286863282,True,True
ceh28,2,C2 (Dune),3.2,4.463933027982053,1.5990716608381779,0.09063236918832802,2.7745522264943403e-12,0.7392748823682148,True,True
ceh28,2,C2 (Dune),3.3,4.467827709131028,1.5862085177739225,0.08782673737575439,3.6536538933836974e-12,0.7378130637737609,True,True
ceh28,2,C2 (Dune),3.4,4.471262333228241,1.5743762795614433,0.08517787875882987,4.746615313095724e-12,0.7364158075091063,True,True
ceh28,2,C2 (Dune),3.5,4.474290213057254,1.5634727618896986,0.08267380306905575,6.088990711564103e-12,0.7350794559236937,True,True
ceh28,2,C2 (Dune),3.6,4.476957811959301,1.5534077240720119,0.08030363702546778,7.719089973512158e-12,0.7338005591262964,True,True
ceh28,2,C2 (Dune),3.7,4.479305720810891,1.5441012816685702,0.07805750655498359,9.677770420081177e-12,0.7325758710689951,True,True
ceh28,2,C2 (Dune),3.8,4.481369482410957,1.5354825523576436,0.07592643216139874,1.200819170756661e-11,0.7314023429945828,True,True
ceh28,2,C2 (Dune),3.9,4.483180288968408,1.527488498045542,0.07390223603750162,1.475554090040652e-11,0.7302771151916674,True,True
ceh28,2,C2 (Dune),4.0,4.484765573790762,1.5200629324063304,0.07197745961884405,1.79667348974764e-11,0.7291975077419994,True,True
ceh28,2,C2 (Dune),4.1,4.486149514541405,1.513155668173522,0.0701452903933458,2.169010724482758e-11,0.7281610107524201,True,True
ceh28,2,C2 (Dune),4.2,4.48735346238959,1.506721782751148,0.06839949689844342,2.597508600686905e-11,0.7271652744217882,True,True
ceh28,2,C2 (Dune),4.3,4.4883963088983,1.500720984223777,0.0667343709511334,3.087186884652979e-11,0.7262080991883616,True,True
ceh28,2,C2 (Dune),4.4,4.489294800465785,1.4951170627540376,0.06514467626276321,3.6431100833733834e-11,0.7252874261258271,True,True
ceh28,2,C2 (Dune),4.5,4.490063808476283,1.4898774147678697,0.06362560268817069,4.270355980585804e-11,0.7244013276994186,True,True
ceh28,2,C2 (Dune),4.6,4.49071656195304,1.484972629329715,0.062172725447258936,4.973985337934855e-11,0.7235479989520809,True,True
ceh28,2,C2 (Dune),4.7,4.491264848385397,1.4803761277746703,0.06078196873629864,5.759013099073945e-11,0.7227257491605175,True,True
ceh28,2,C2 (Dune),4.8,4.491719187477898,1.476063849051854,0.05944957321669127,6.630381364978198e-11,0.7219329939792967,True,True
ceh28,2,C2 (Dune),4.9,4.492088981804855,1.4720139743904002,0.05817206693121037,7.592934343417418e-11,0.721168248075811,True,True
ceh28,2,C2 (Dune),5.0,4.492382647722809,1.468206685867833,0.056946239252573,8.651395415853988e-11,0.7204301182481555,True,True
ceh28,2,C2 (Dune),5.1,4.492607729365785,1.4646239542713895,0.055769117517388084,9.810346411212504e-11,0.7197172970107195,True,True
ceh28,2,C2 (Dune),5.2,4.492770998112801,1.4612493523242933,0.05463794604073209,1.107420912902002e-10,0.7190285566275382,True,True
ceh28,2,C2 (Dune),5.3,4.4928785395516195,1.4580678899219377,0.053550167243588624,1.244722911355153e-10,0.71836274357057,True,True
ceh28,2,C2 (Dune),5.4,4.492935829656717,1.4550658685067277,0.052503404657691516,1.3933461646706828e-10,0.717718773378524,True,True
ceh28,2,C2 (Dune),5.5,4.49294780164535,1.45223075211783,0.05149544760061342,1.5536759898671172e-10,0.7170956258912994,True,True
ceh28,2,C2 (Dune),5.6,4.492918904759076,1.4495510529993128,0.05052423733861681,1.726076515308416e-10,0.7164923408352082,True,True
ceh28,2,C2 (Dune),5.7,4.4928531560372,1.4470162299426972,0.0495878545764192,1.9108899005735692e-10,0.7159080137347462,True,True
ceh28,2,C2 (Dune),5.8,4.49275418599769,1.4446165977900436,0.048684508131914044,2.1084357422565055e-10,0.715341792127584,True,True
ceh28,2,C2 (Dune),5.9,4.4926252790080365,1.4423432467362904,0.04781252467043565,2.3190106533682493e-10,0.7147928720605543,True,True
ceh28,2,C2 (Dune),6.0,4.4924694090232835,1.4401879702517286,0.046970339387641113,2.542888003460305e-10,0.7142604948456479,True,True
ceh28,2,C2 (Dune),6.1,4.492289271271551,1.4381432006001078,0.0461564875427861,2.7803178062620094e-10,0.7137439440562988,True,True
ceh28,2,C2 (Dune),6.2,4.492087310390746,1.4362019510619368,0.04536959675531148,3.0315267416336694e-10,0.7132425427455507,True,True
ceh28,2,C2 (Dune),6.3,4.491865745450529,1.4343577640869098,0.0446083799874432,3.2967182987839064e-10,0.7127556508689612,True,True
ceh28,2,C2 (Dune),6.4,4.491626592237183,1.4326046646974304,0.04387162914410818,3.576073028004839e-10,0.7122826628963461,True,True
ceh28,2,C2 (Dune),6.5,4.491371683128351,1.430937118551121,0.043158209229030936,3.8697488886741534e-10,0.7118230055976471,True,True
ceh28,2,C2 (Dune),6.6,4.491102684843165,1.4293499941424685,0.04246705300256804,4.1778816817587735e-10,0.7113761359893291,True,True
ceh28,2,C2 (Dune),6.7,4.4908211143153896,1.4278385286888184,0.041797156092678193,4.5005855557669933e-10,0.7109415394287735,True,True
ceh28,2,C2 (Dune),6.8,4.490528352907001,1.426398297299262,0.041147572515658884,4.837953575653383e-10,0.7105187278451188,True,True
ceh28,2,C2 (Dune),6.9,4.4902256591516005,1.4250251850745834,0.040517410567850645,5.190058344948672e-10,0.7101072380959221,True,True
ceh28,2,C2 (Dune),7.0,4.489914180193244,1.4237153618267766,0.03990582905356935,5.556952672093058e-10,0.7097066304398654,True,True
ceh28,2,C2 (Dune),7.1,4.489594962067187,1.4224652591436886,0.03931203381814139,5.93867027263275e-10,0.709316487116529,True,True
ceh28,2,C2 (Dune),7.2,4.489268958950391,1.4212715495557555,0.038735274558101426,6.335226499648171e-10,0.7089364110249708,True,True
ceh28,2,C2 (Dune),7.3,4.488937041493594,1.4201311275894044,0.038174841883451306,6.746619095466918e-10,0.7085660244935325,True,True
ceh28,2,C2 (Dune),7.4,4.488600004335277,1.4190410925165193,0.037630064609397995,7.172828958418039e-10,0.7082049681339024,True,True
ceh28,2,C2 (Dune),7.5,4.488258572885039,1.4179987326298993,0.03710030725724517,7.613820918906177e-10,0.7078528997730394,True,True
ceh28,2,C2 (Dune),7.6,4.487913409452509,1.4170015108938423,0.03658496774610244,8.069544519746815e-10,0.7075094934570734,True,True
ceh28,2,C2 (Dune),7.7,4.48756511879264,1.4160470518356174,0.03608347525886203,8.53993479638439e-10,0.7071744385217833,True,True
ceh28,2,C2 (Dune),7.8,4.487214253125615,1.4151331295573475,0.03559528826751053,9.024913052842302e-10,0.706847438724687,True,True
ceh28,2,C2 (Dune),7.9,4.486861316686957,1.4142576567614316,0.03511989270423807,9.524387630025764e-10,0.7065282114341747,True,True
ceh28,2,C2 (Dune),8.0,4.486506769855347,1.4134186746935817,0.03465680026610822,1.0038254663375386e-09,0.7062164868714915,True,True
ceh30,4,C4 (Main Forest),0.5,1.96880683652785,2.4777858627493643,0.00032000187319602275,0.988382915290238,0.7007935749257023,True,False
ceh30,4,C4 (Main Forest),0.6,1.9386694908909576,2.5079167042992117,0.0039389187778800065,0.8641543459285166,0.7008836606436064,True,False
ceh30,4,C4 (Main Forest),0.7,1.9080927983758151,2.537512052618201,0.008222927198208524,0.7325114212369437,0.7011548987614302,True,False
ceh30,4,C4 (Main Forest),0.8,1.8783427115906077,2.5650572421281694,0.013176423482702787,0.5989080704810011,0.7016494427241797,True,False
ceh30,4,C4 (Main Forest),0.9,1.8511089614680627,2.5886349193460423,0.018739724800138146,0.4703660598233466,0.702404304951902,True,False
ceh30,4,C4 (Main Forest),1.0,1.8284169228521558,2.6060630677162067,0.024768299312283974,0.35420553763103124,0.7034424120681435,True,False
ceh30,4,C4 (Main Forest),1.1,1.8123986465049609,2.6151822109087863,0.03102364641153965,0.2562560900536386,0.7047625358770506,True,False
ceh30,4,C4 (Main Forest),1.2,1.8049284557518623,2.6142684640247005,0.037186444618001135,0.17934516967716208,0.7063313926590958,True,False
ceh30,4,C4 (Main Forest),1.3,1.80720384982537,2.6024677269859353,0.042897336467969095,0.1228923925064062,0.7080820939098864,True,False
ceh30,4,C4 (Main Forest),1.4,1.819418848297172,2.5800864745644922,0.04781864000250667,0.08377269180110214,0.7099217269041156,True,False
ceh30,4,C4 (Main Forest),1.5,1.8406744664599215,2.5485978929082647,0.05169747116667761,0.057803842786690054,0.7117470037195519,True,False
ceh30,4,C4 (Main Forest),1.6,1.869176436632583,2.5103405909824144,0.05440708896498985,0.041013728432515155,0.7134627860973226,True,True
ceh30,4,C4 (Main Forest),1.7,1.9026375467832137,2.468029535286778,0.05595311849406268,0.030276529415846735,0.714996899747671,True,True
ceh30,4,C4 (Main Forest),1.8,1.938722811554531,2.42426654764878,0.05644800361945056,0.023405431754071247,0.7163070004224559,True,True
ceh30,4,C4 (Main Forest),1.9,1.9753939098133304,2.3811969891750593,0.05606898880619676,0.01897691884205623,0.7173793511312996,True,True
ceh30,4,C4 (Main Forest),2.0,2.0110898679519824,2.340361157163721,0.05501629424716051,0.0160998463848451,0.7182223704887258,True,True
ceh30,4,C4 (Main Forest),2.1,2.044759057655646,2.302705915093633,0.053481870953819635,0.014224642858511294,0.7188584890825452,True,True
ceh30,4,C4 (Main Forest),2.2,2.0757962210307794,2.2686881912252814,0.05163149731046,0.01301169469788294,0.7193168586387899,True,True
ceh30,4,C4 (Main Forest),2.3,2.1039393937113298,2.2384084858274518,0.04959802634038526,0.012248270732925335,0.7196280416790221,True,True
ceh30,4,C4 (Main Forest),2.4,2.1291645579596032,2.2117355286011264,0.04748189070494731,0.011798300297441396,0.7198207594614208,True,True
ceh30,4,C4 (Main Forest),2.5,2.151596999434641,2.188405129951514,0.045355322352264735,0.011572520288219321,0.7199202700522188,True,True
ceh30,4,C4 (Main Forest),2.6,2.171444958924695,2.168090468009052,0.043267836353378095,0.011510746851956648,0.7199478373158822,True,True
ceh30,4,C4 (Main Forest),2.7,2.1889540270609142,2.1504478676131757,0.04125159192242464,0.011571254642675222,0.7199208333743381,True,True
ceh30,4,C4 (Main Forest),2.8,2.2043780129500474,2.1351441536353564,0.03932600355168005,0.01172432000606453,0.7198531525723455,True,True
ceh30,4,C4 (Main Forest),2.9,2.2179617144349484,2.1218713051043405,0.03750142563602812,0.011948223197266208,0.7197557374912702,True,True
ceh30,4,C4 (Main Forest),3.0,2.2299317285963935,2.1103529305347664,0.035781959749090736,0.01222672191243636,0.7196371068125818,True,True
ceh30,4,C4 (Main Forest),3.1,2.240492401552198,2.1003457984293448,0.034167523318732046,0.012547419379078236,0.7195038321441622,True,True
ceh30,4,C4 (Main Forest),3.2,2.2498248899738806,2.0916385884361075,0.032655336270474886,0.012900686089695057,0.7193609443467507,True,True
ceh30,4,C4 (Main Forest),3.3,2.258087988173078,2.0840492401680963,0.031240967717172306,0.013278930701636544,0.7192122676373176,True,True
ceh30,4,C4 (Main Forest),3.4,2.2654198636655964,2.0774217347711006,0.02991905932318479,0.013676095492279662,0.719060688057326,True,True
ceh30,4,C4 (Main Forest),3.5,2.2719401767726533,2.0716227898133437,0.02868381580440341,0.01408729915560654,0.7189083659460151,True,True
ceh30,4,C4 (Main Forest),3.6,2.277752277463879,2.066538725068962,0.027529330284860126,0.01450857827067603,0.7187569024052095,True,True
ceh30,4,C4 (Main Forest),3.7,2.282945310602779,2.0620726214518044,0.026449794024669376,0.014936696225264664,0.7186074688480746,True,True
ceh30,4,C4 (Main Forest),3.8,2.2875961456353067,2.058141816399915,0.025439626131847512,0.015368999214184005,0.7184609073809869,True,True
ceh30,4,C4 (Main Forest),3.9,2.2917710973095478,2.054675735216325,0.024493548565546697,0.015803305764364284,0.7183178083727344,True,True
ceh30,4,C4 (Main Forest),4.0,2.2955274328821074,2.0516140354154584,0.023606624248010993,0.016237820614681105,0.7181785702972063,True,True
ceh30,4,C4 (Main Forest),4.1,2.2989146767506163,2.048905031236264,0.02277427073087662,0.016671066625516137,0.7180434458578682,True,True
ceh30,4,C4 (Main Forest),4.2,2.301975730869026,2.046504362722098,0.021992258045517056,0.017101830275027097,0.717912577521054,True,True
ceh30,4,C4 (Main Forest),4.3,2.304747832007857,2.0443738748325533,0.02125669667525573,0.01752911756359617,0.7177860248817998,True,True
ceh30,4,C4 (Main Forest),4.4,2.3072633669838734,2.042480674983113,0.02056401969870359,0.017952118011665186,0.7176637857333257,True,True
ceh30,4,C4 (Main Forest),4.5,2.3095505656658255,2.040796341077577,0.019910961834735678,0.018370175035872276,0.7175458122814218,True,True
ceh30,4,C4 (Main Forest),4.6,2.311634089612742,2.039296255880367,0.019294537202876404,0.018782761412060468,0.7174320236127913,True,True
ceh30,4,C4 (Main Forest),4.7,2.313535532048593,2.0379590471483318,0.018712016978732544,0.01918945883765046,0.7173223152707036,True,True
ceh30,4,C4 (Main Forest),4.8,2.315273842761907,2.036766116156004,0.018160907687952584,0.019589940827845556,0.7172165665949023,True,True
ceh30,4,C4 (Main Forest),4.9,2.3168656895574165,2.035701240056384,0.017638930584459422,0.01998395834452457,0.7171146463320185,True,True
ceh30,4,C4 (Main Forest),5.0,2.3183257661386447,2.034750235925094,0.017144002357435992,0.020371327680358896,0.7170164169071003,True,True
ceh30,4,C4 (Main Forest),5.1,2.3196670547671383,2.033900676370821,0.016674217277321306,0.02075192021517726,0.7169217376580876,True,True
ceh30,4,C4 (Main Forest),5.2,2.320901050731721,2.0331416483014855,0.016227830803299665,0.02112565373447118,0.7168304672668135,True,True
ceh30,4,C4 (Main Forest),5.3,2.3220379545396055,2.032463547858381,0.015803244618966747,0.02149248505713531,0.7167424655675807,True,True
ceh30,4,C4 (Main Forest),5.4,2.323086836794416,2.0318579057113455,0.015398993028968742,0.02185240376461673,0.7166575948738547,True,True
ceh30,4,C4 (Main Forest),5.5,2.3240557799313755,2.0313172378869897,0.015013730630380983,0.022205426859703784,0.716575720932319,True,True
ceh30,4,C4 (Main Forest),5.6,2.3249520003104145,2.0308349181114873,0.014646221163492873,0.02255159421234557,0.7164967135893257,True,True
ceh30,4,C4 (Main Forest),5.7,2.3257819536105697,2.030405068318875,0.014295327444136483,0.022890964673356252,0.716420447235987,True,True
ceh30,4,C4 (Main Forest),5.8,2.32655142600168,2.030022464529395,0.013960002281341038,0.023223612756228907,0.7163468010835661,True,True
ceh30,4,C4 (Main Forest),5.9,2.327265613178708,2.0296824557605087,0.01363928028831324,0.023549625803153465,0.7162756593094688,True,True
ceh30,4,C4 (Main Forest),6.0,2.3279291890177234,2.029380894012714,0.013332270500457526,0.023869101564308184,0.7162069111052756,True,True
ceh30,4,C4 (Main Forest),6.1,2.328546365341319,2.029114073686869,0.013038149720553848,0.02418214613067683,0.7161404506513461,True,True
ceh30,4,C4 (Main Forest),6.2,2.329120944049948,2.0288786790510627,0.012756156517914927,0.024488872169405738,0.7160761770371087,True,True
ceh30,4,C4 (Main Forest),6.3,2.3296563626878455,2.0286717385923683,0.01248558581492645,0.02478939741857642,0.7160139941419184,True,True
ceh30,4,C4 (Main Forest),6.4,2.3301557343485078,2.0284905852701915,0.01222578400071779,0.025083843404570243,0.7159538104880401,True,True
ceh30,4,C4 (Main Forest),6.5,2.33062188269189,2.0283328218386214,0.011976144517667127,0.02537233435053615,0.7158955390747075,True,True
ceh30,4,C4 (Main Forest),6.6,2.331057372730795,2.028196290532584,0.011736103871945878,0.025654996249230642,0.7158390972001665,True,True
ceh30,4,C4 (Main Forest),6.7,2.331464537948734,2.0280790465173593,0.011505138024379805,0.025931956077042743,0.7157844062769949,True,True
ceh30,4,C4 (Main Forest),6.8,2.3318455042303574,2.027979334591188,0.011282759122469092,0.026203341129679,0.7157313916447391,True,True
ceh30,4,C4 (Main Forest),6.9,2.332202211017021,2.0278955687050644,0.01106851253858771,0.026469278462371716,0.7156799823829091,True,True
ceh30,4,C4 (Main Forest),7.0,2.332536430042759,2.027826313926833,0.01086197418308523,0.02672989442025272,0.715630111126601,True,True
ceh30,4,C4 (Main Forest),7.1,2.332849781954809,2.0277702705303904,0.010662748064388482,0.02698531424614303,0.7155817138864082,True,True
ceh30,4,C4 (Main Forest),7.2,2.333143751084516,2.027726259936058,0.010470464071163692,0.027235661755173786,0.7155347298738022,True,True
ceh30,4,C4 (Main Forest),7.3,2.3334196985935547,2.027693212265787,0.010284775954292454,0.027481059066772874,0.7154891013328037,True,True
ceh30,4,C4 (Main Forest),7.4,2.3336788741950385,2.027670155310508,0.010105359488778668,0.027721626386089493,0.7154447733784677,True,True
ceh30,4,C4 (Main Forest),7.5,2.3339224266193868,2.0276562047336073,0.00993191079783124,0.027957481827813664,0.7154016938424917,True,True
ceh30,4,C4 (Main Forest),7.6,2.3341514129739993,2.0276505553593838,0.0097641448232398,0.028188741276584606,0.7153598131260852,True,True
ceh30,4,C4 (Main Forest),7.7,2.334366807125814,2.0276524734139407,0.009601793927858088,0.02841551827855461,0.7153190840601078,True,True
ceh30,4,C4 (Main Forest),7.8,2.334569507220947,2.0276612896051054,0.009444606617478321,0.028637923959798393,0.7152794617723918,True,True
ceh30,4,C4 (Main Forest),7.9,2.334760342438214,2.027676392941742,0.009292346370713406,0.028856066967751722,0.7152409035620867,True,True
ceh30,4,C4 (Main Forest),8.0,2.3349400790642725,2.027697225205573,0.00914479056669966,0.02907005343205592,0.7152033687808217,True,True
ceh31,5,C5 (Coastal Forest),0.5,1.417833519388667,2.1997946401409894,0.02654439189597911,0.4090223684148545,0.5173638094074923,True,False
ceh31,5,C5 (Coastal Forest),0.6,1.3596295268720135,2.273212017097536,0.037958967448853714,0.26607284141796117,0.5201327648841407,True,False
ceh31,5,C5 (Coastal Forest),0.7,1.3032411064415623,2.3455950542823043,0.05158158121937163,0.153045626494958,0.5241177959916375,True,False
ceh31,5,C5 (Coastal Forest),0.8,1.2537238285223689,2.4109874381737146,0.0672797313208608,0.07628543844753934,0.5295147079453212,True,False
ceh31,5,C5 (Coastal Forest),0.9,1.2177371224197961,2.4613584935590382,0.08450166193121288,0.03267126994511964,0.5363898140187804,True,True
ceh31,5,C5 (Coastal Forest),1.0,1.2026057041243632,2.4876432250463036,0.1021667030739537,0.012196562581983924,0.5445753862317688,True,True
ceh31,5,C5 (Coastal Forest),1.1,1.2143889898785694,2.4820204154656507,0.11872310247135257,0.004158364656537372,0.5535985566212752,True,True
ceh31,5,C5 (Coastal Forest),1.2,1.255495674981038,2.4408452930422673,0.13246013612937718,0.001400744987943968,0.5627157096980959,True,True
ceh31,5,C5 (Coastal Forest),1.3,1.3231576924092394,2.3666702803718973,0.14200305376258218,0.0005124666646981773,0.5710844722545219,True,True
ceh31,5,C5 (Coastal Forest),1.4,1.4099525274786553,2.2678439133501542,0.14673693905351345,0.00022142423170012348,0.5780061989598875,True,True
ceh31,5,C5 (Coastal Forest),1.5,1.506224602919023,2.1557401393345463,0.14691087624699412,0.00011870417718186526,0.5831049021548738,True,True
ceh31,5,C5 (Coastal Forest),1.6,1.6029367702996298,2.041319961689274,0.143402282209727,7.955860264127564e-05,0.5863559449058637,True,True
ceh31,5,C5 (Coastal Forest),1.7,1.693506816044382,1.9328055573434884,0.13733765278655677,6.501926632292593e-05,0.5879889752652494,True,True
ceh31,5,C5 (Coastal Forest),1.8,1.7742326776873107,1.8350315941747504,0.12977982819745543,6.216820683171978e-05,0.5883512006104761,True,True
ceh31,5,C5 (Coastal Forest),1.9,1.8437760942631995,1.7499683002436344,0.12156740432838525,6.656617952327516e-05,0.5877989428982149,True,True
ceh31,5,C5 (Coastal Forest),2.0,1.902342972674723,1.6776607813902702,0.11328241481527206,7.68309318232768e-05,0.5866385658493165,True,True
ceh31,5,C5 (Coastal Forest),2.1,1.9509581177034327,1.6170920260224144,0.10528672497032782,9.279938568489864e-05,0.5851072157665835,True,True
ceh31,5,C5 (Coastal Forest),2.2,1.9909653611759754,1.5667935780529092,0.09777952401368808,0.00011481783965175966,0.5833760099627542,True,True
ceh31,5,C5 (Coastal Forest),2.3,2.0237368454359976,1.5252105928219235,0.09085097307709425,0.0001434214320286707,0.5815621576438237,True,True
ceh31,5,C5 (Coastal Forest),2.4,2.0505295366500436,1.4908892696585272,0.08452349675286105,0.00017916677542039242,0.5797424666337881,True,True
ceh31,5,C5 (Coastal Forest),2.5,2.0724303857970154,1.4625547814821154,0.07878041748290714,0.0002225372650344715,0.5779650343664782,True,True
ceh31,5,C5 (Coastal Forest),2.6,2.0903487517674715,1.439129194329388,0.07358451556995213,0.00027389070744722964,0.5762582812280401,True,True
ceh31,5,C5 (Coastal Forest),2.7,2.1050308485500993,1.4197202282683072,0.06888945662498316,0.0003334352797726882,0.5746375070837084,True,True
ceh31,5,C5 (Coastal Forest),2.8,2.117082301540229,1.4035982570961716,0.06464649955638498,0.00040122526516898395,0.5731094725549815,True,True
ceh31,5,C5 (Coastal Forest),2.9,2.1269918173944067,1.3901705481199045,0.06080821886897357,0.0004771701371687609,0.5716755216501137,True,True
ceh31,5,C5 (Coastal Forest),3.0,2.135152847079722,1.3789569467857068,0.05733040209212684,0.0005610518539518695,0.5703336729987059,True,True
ceh31,5,C5 (Coastal Forest),3.1,2.1418821435583566,1.369568650951769,0.0541728668000986,0.0006525463524922162,0.5690800006719557,True,True
ceh31,5,C5 (Coastal Forest),3.2,2.1474350922293475,1.3616904438932882,0.051299660841544394,0.0007512462942601628,0.5679095337427007,True,True
ceh31,5,C5 (Coastal Forest),3.3,2.1520181126226623,1.3550661763793659,0.04867892793049765,0.0008566830574404392,0.5668168334410266,True,True
ceh31,5,C5 (Coastal Forest),3.4,2.1557985700837694,1.3494870688540692,0.046282606655701226,0.0009683467454348922,0.5657963561044952,True,True
ceh31,5,C5 (Coastal Forest),3.5,2.1589126449708838,1.344782360046667,0.04408606058426935,0.0010857035717259393,0.5648426748288106,True,True
ceh31,5,C5 (Coastal Forest),3.6,2.161471560908203,1.34081186097699,0.04206769437876798,0.0012082103996727876,0.5639506086131898,True,True
ceh31,5,C5 (Coastal Forest),3.7,2.163566510591484,1.3374600342552292,0.040208585248565784,0.0013353264907680585,0.5631152915107336,True,True
ceh31,5,C5 (Coastal Forest),3.8,2.1652725548085368,1.3346312844172878,0.03849214398668465,0.0014665226791513014,0.5623322033692837,True,True
ceh31,5,C5 (Coastal Forest),3.9,2.1666517146787934,1.332246205649498,0.036903811169762844,0.0016012882745877954,0.5615971764457721,True,True
ceh31,5,C5 (Coastal Forest),4.0,2.16775543061427,1.3302385850827791,0.03543078927253081,0.001739136026374515,0.560906387305435,True,True
ceh31,5,C5 (Coastal Forest),4.1,2.168626523905413,1.3285530024081178,0.034061808909516385,0.0018796054765512116,0.560256340170947,True,True
ceh31,5,C5 (Coastal Forest),4.2,2.169300767018239,1.3271429007246716,0.032786926216878114,0.0020222650067610896,0.5596438457252744,True,True
ceh31,5,C5 (Coastal Forest),4.3,2.169808145314518,1.3259690305581442,0.031597347953103164,0.002166712849054728,0.5590659979350258,True,True
ceh31,5,C5 (Coastal Forest),4.4,2.1701738747055397,1.3249981901914916,0.03048528088527214,0.0023125772933063602,0.5585201505077033,True,True
ceh31,5,C5 (Coastal Forest),4.5,2.170419225626752,1.3242022020100508,0.029443802233959496,0.002459516286757065,0.5580038939660403,True,True
ceh31,5,C5 (Coastal Forest),4.6,2.1705621927749865,1.3235570774675014,0.028466748255895475,0.002607216586723718,0.5575150339084529,True,True
ceh31,5,C5 (Coastal Forest),4.7,2.170618041567115,1.3230423333305696,0.02754861838167947,0.002755392596851098,0.5570515707549071,True,True
ceh31,5,C5 (Coastal Forest),4.8,2.1705997556956276,1.3226404296953758,0.026684492659255262,0.0029037849908094284,0.5566116811042461,True,True
ceh31,5,C5 (Coastal Forest),4.9,2.170518405037009,1.32233630638587,0.025869960563826566,0.003052159204973646,0.5561937007200517,True,True
ceh31,5,C5 (Coastal Forest),5.0,2.1703834491789347,1.3221169991312736,0.02510105951325,0.003200303863070364,0.5557961090958226,True,True
ceh31,5,C5 (Coastal Forest),5.1,2.1702029887115692,1.3219713206751391,0.024374221672516568,0.003348029180594333,0.5554175155120986,True,True
ceh31,5,C5 (Coastal Forest),5.2,2.1699839739817737,1.3218895949242804,0.023686227842708504,0.0034951653845820612,0.5550566464784024,True,True
ceh31,5,C5 (Coastal Forest),5.3,2.169732379082807,1.321863434578128,0.023034167411512818,0.003641561174516479,0.5547123344449205,True,True
ceh31,5,C5 (Coastal Forest),5.4,2.1694533473323427,1.3218855545276136,0.022415403497138914,0.0037870822424677718,0.5543835076683467,True,True
ceh31,5,C5 (Coastal Forest),5.5,2.16915131328592,1.321949614780492,0.021827542548854422,0.003931609864525057,0.5540691811203129,True,True
ceh31,5,C5 (Coastal Forest),5.6,2.1688301053750827,1.3220500878415666,0.02126840777847892,0.0040750395709476675,0.5537684483334206,True,True
ceh31,5,C5 (Coastal Forest),5.7,2.168493032494957,1.3221821464132513,0.02073601589106293,0.004217279898922217,0.5534804740877722,True,True
ceh31,5,C5 (Coastal Forest),5.8,2.1681429572528046,1.3223415680344115,0.020228556662238818,0.004358251229166242,0.5532044878492859,True,True
ceh31,5,C5 (Coastal Forest),5.9,2.167782358097524,1.3225246538818685,0.019744374976630362,0.004497884705651237,0.5529397778794479,True,True
ceh31,5,C5 (Coastal Forest),6.0,2.167413382153287,1.3227281594491493,0.01928195499819719,0.004636121236324829,0.5526856859441873,True,True
ceh31,5,C5 (Coastal Forest),6.1,2.1670378902582703,1.3229492352148646,0.01883990619112559,0.004772910571746627,0.5524416025570889,True,True
ceh31,5,C5 (Coastal Forest),6.2,2.1666574954500293,1.32318537573658,0.018416950950269725,0.004908210457870804,0.5522069626991124,True,True
ceh31,5,C5 (Coastal Forest),6.3,2.166273595925292,1.3234343758703033,0.0180119136343466,0.005041985858842867,0.5519812419632916,True,True
ceh31,5,C5 (Coastal Forest),6.4,2.1658874033297835,1.3236942930325317,0.017623710824102683,0.005174208245470033,0.5517639530786114,True,True
ceh31,5,C5 (Coastal Forest),6.5,2.1654999670902995,1.3239634145990764,0.017251342652324544,0.005304854944951903,0.5515546427723632,True,True
ceh31,5,C5 (Coastal Forest),6.6,2.165112195384904,1.324240229681687,0.016893885073546125,0.005433908547488848,0.5513528889348625,True,True
ceh31,5,C5 (Coastal Forest),6.7,2.1647248732506394,1.3245234046449452,0.016550482959171935,0.005561356365555633,0.5511582980544703,True,True
ceh31,5,C5 (Coastal Forest),6.8,2.1643386782487233,1.3248117618253425,0.016220343919035197,0.00568718994169518,0.5509705028944734,True,True
ceh31,5,C5 (Coastal Forest),6.9,2.1639541940396807,1.3251042609989916,0.015902732763447454,0.005811404600991057,0.5507891603865702,True,True
ceh31,5,C5 (Coastal Forest),7.0,2.1635719221686283,1.3253999832132435,0.015596966531011622,0.005933999044536023,0.5506139497185474,True,True
ceh31,5,C5 (Coastal Forest),7.1,2.1631922923117677,1.3256981166556643,0.015302410017086725,0.006054974980450687,0.5504445705962171,True,True
ceh31,5,C5 (Coastal Forest),7.2,2.162815671200115,1.325997944282801,0.015018471746062623,0.006174336789247302,0.5502807416619134,True,True
ceh31,5,C5 (Coastal Forest),7.3,2.162442370401316,1.326298832971695,0.014744600337732878,0.006292091220587439,0.5501221990537848,True,True
ceh31,5,C5 (Coastal Forest),7.4,2.1620726531164185,1.326600223991785,0.01448028122422173,0.006408247118645713,0.5499686950918504,True,True
ceh31,5,C5 (Coastal Forest),7.5,2.161706740123261,1.3269016246237393,0.014225033679237636,0.00652281517357064,0.5498199970783173,True,True
ceh31,5,C5 (Coastal Forest),7.6,2.1613448149809438,1.3272026007763649,0.013978408126050773,0.006635807696700757,0.5496758862009955,True,True
ceh31,5,C5 (Coastal Forest),7.7,2.160987028591786,1.3275027704736586,0.013739983694596607,0.0067472384173948114,0.5495361565298524,True,True
ceh31,5,C5 (Coastal Forest),7.8,2.1606335032055535,1.3278017981015917,0.013509366001598317,0.006857122299522425,0.5494006140977947,True,True
ceh31,5,C5 (Coastal Forest),7.9,2.160284335937084,1.3280993893193744,0.01328618513063409,0.006965475375810176,0.5492690760577095,True,True
ceh31,5,C5 (Coastal Forest),8.0,2.159939601860095,1.328395286553047,0.013070093791732499,0.007072314598422776,0.5491413699086255,True,True
ceh32,4,C4 (Main Forest),0.5,2.1865717880424196,2.71961188359336,-0.0028109916216689512,0.9007531198989475,0.673502845187063,False,False
ceh32,4,C4 (Main Forest),0.6,2.1694778223004834,2.734930015381573,-0.0011291251517455726,0.9614181208829127,0.6734581395535837,False,False
ceh32,4,C4 (Main Forest),0.7,2.152432098253326,2.749430301917042,0.0008065037090412286,0.9733143182018179,0.6734540077981646,True,False
ceh32,4,C4 (Main Forest),0.8,2.136000626693167,2.7624660591869694,0.0029867515359296923,0.9042225462497945,0.6734992130569419,True,False
ceh32,4,C4 (Main Forest),0.9,2.120863141890281,2.773312976962022,0.005383181880995902,0.8325010416186375,0.6736015479162205,True,False
ceh32,4,C4 (Main Forest),1.0,2.1077695486817203,2.781229850739693,0.00794510737792355,0.759727626425382,0.6737665872228282,True,False
ceh32,4,C4 (Main Forest),1.1,2.0974673315695935,2.785544896096283,0.010599635359642676,0.6877451228576413,0.6739963878708405,True,False
ceh32,4,C4 (Main Forest),1.2,2.0906074970345467,2.7857550996517215,0.013255894700339992,0.6184641000872076,0.6742884561920978,True,False
ceh32,4,C4 (Main Forest),1.3,2.087647258815826,2.7816163789517243,0.01581362444921447,0.5536260566069179,0.6746353391578666,True,False
ceh32,4,C4 (Main Forest),1.4,2.088774329993087,2.773198816634639,0.01817483054284348,0.4945891809842106,0.675025084764016,True,False
ceh32,4,C4 (Main Forest),1.5,2.093875194481107,2.7608881361883304,0.02025590365571113,0.44219542647748206,0.6754425666307864,True,False
ceh32,4,C4 (Main Forest),1.6,2.1025572248379576,2.7453307038755455,0.021997182840144756,0.39674704693097046,0.6758713787205299,True,False
ceh32,4,C4 (Main Forest),1.7,2.1142172656174187,2.727337446499168,0.023367762482420954,0.3580802974537167,0.6762958226358935,True,False
ceh32,4,C4 (Main Forest),1.8,2.1281357559912575,2.7077732963324355,0.02436497874803535,0.325695957055351,0.6767025224000378,True,False
ceh32,4,C4 (Main Forest),1.9,2.143571516813771,2.687458612778149,0.02500963500742531,0.29890129940568955,0.6770813845009167,True,False
ceh32,4,C4 (Main Forest),2.0,2.159837859191934,2.6670997250623882,0.02533893251087793,0.27693097511345793,0.6774258624895019,True,False
ceh32,4,C4 (Main Forest),2.1,2.1763509078109697,2.6472535041675265,0.025399087755419762,0.25903264673596954,0.6777326721481851,True,False
ceh32,4,C4 (Main Forest),2.2,2.19265056132334,2.6283212792517907,0.02523903212082214,0.24451762884883213,0.678001183194689,True,False
ceh32,4,C4 (Main Forest),2.3,2.208400286941372,2.6105627873589983,0.02490583813368538,0.2327841258277276,0.6782326999509593,True,False
ceh32,4,C4 (Main Forest),2.4,2.223373713052696,2.5941205502953446,0.02444191298487428,0.22332229417762492,0.6784297807606265,True,False
ceh32,4,C4 (Main Forest),2.5,2.2374350666537106,2.5790471971753552,0.02388365535065498,0.21570895798545422,0.678595675509107,True,False
ceh32,4,C4 (Main Forest),2.6,2.2505184624524164,2.565331031184429,0.023261154562280457,0.2095974885625789,0.6787339055539902,True,False
ceh32,4,C4 (Main Forest),2.7,2.2626089752761835,2.5529175358525107,0.02259853609803633,0.20470623794531242,0.6788479768996176,True,False
ceh32,4,C4 (Main Forest),2.8,2.273726822792411,2.5417261662005686,0.021914644453965237,0.2008073623030531,0.6789412021760337,True,False
ceh32,4,C4 (Main Forest),2.9,2.2839149507667416,2.5316627107630474,0.02122385180348207,0.1977168773171826,0.679016603578722,True,False
ceh32,4,C4 (Main Forest),3.0,2.293229751115554,2.5226279324822984,0.020536863377638444,0.195286215357607,0.6790768717163805,True,False
ceh32,4,C4 (Main Forest),3.1,2.301734404184436,2.514523300307059,0.019861450765244884,0.1933952581211388,0.6791243604425385,True,False
ceh32,4,C4 (Main Forest),3.2,2.3094942883473113,2.507254562384505,0.019203083881154673,0.19194668624326858,0.6791611030643696,True,False
ceh32,4,C4 (Main Forest),3.3,2.3165739476939597,2.5007337843189115,0.01856545592598482,0.19086144488254825,0.6791888398692847,True,False
ceh32,4,C4 (Main Forest),3.4,2.323035193859805,2.4948803366989396,0.017950908242039616,0.19007512644485824,0.6792090504144659,True,False
ceh32,4,C4 (Main Forest),3.5,2.328936009093878,2.48962119077114,0.017360767610111485,0.18953509315458403,0.6792229865465942,True,False
ceh32,4,C4 (Main Forest),3.6,2.3343299995126907,2.4848907788822654,0.01679561012517826,0.18919818979372044,0.679231703842472,True,False
ceh32,4,C4 (Main Forest),3.7,2.3392662148648493,2.480630597735463,0.016255465233676936,0.18902892418773598,0.6792360902878012,True,False
ceh32,4,C4 (Main Forest),3.8,2.3437892036737558,2.476788674554993,0.015739971971698307,0.18899801721255347,0.6792368917161766,True,False
ceh32,4,C4 (Main Forest),3.9,2.3479392121280767,2.473318974805716,0.015248497575998563,0.18908124441947405,0.6792347339496052,True,False
ceh32,4,C4 (Main Forest),4.0,2.3517524640068608,2.47018080119245,0.014780226798461176,0.18925850790708548,0.679230141814533,True,False
ceh32,4,C4 (Main Forest),4.1,2.355261479657417,2.4673382139226283,0.01433422860268315,0.189513090264991,0.6792235553223132,True,False
ceh32,4,C4 (Main Forest),4.2,2.3584954066601735,2.4647594890221853,0.013909505516818695,0.18983105281991206,0.6792153433464339,True,False
ceh32,4,C4 (Main Forest),4.3,2.361480344948493,2.462416622879923,0.013505029762242417,0.19020074856738484,0.6792058151307703,True,False
ceh32,4,C4 (Main Forest),4.4,2.364239656082219,2.4602848857259545,0.013119769349835452,0.1906124265343447,0.6791952299427215,True,False
ceh32,4,C4 (Main Forest),4.5,2.366794251027503,2.458342423404727,0.012752706601835872,0.19105790927542318,0.6791838051541048,True,False
ceh32,4,C4 (Main Forest),4.6,2.369162853861245,2.4565699048713094,0.012402850983149527,0.19153032906962472,0.679171722998092,True,False
ceh32,4,C4 (Main Forest),4.7,2.3713622407890544,2.454950211828698,0.012069247680632136,0.19202391139783687,0.679159136216251,True,False
ceh32,4,C4 (Main Forest),4.8,2.3734074550851245,2.4534681665013687,0.01175098302530098,0.1925337966373788,0.67914617277796,True,False
ceh32,4,C4 (Main Forest),4.9,2.375311999274282,2.4521102934806027,0.011447187588566542,0.19305589275616444,0.6791329398260403,True,False
ceh32,4,C4 (Main Forest),5.0,2.377088006257941,2.4508646117319697,0.011157037581607547,0.1935867532381889,0.6791195269776513,True,False
ceh32,4,C4 (Main Forest),5.1,2.3787463912412377,2.449720453128216,0.010879755032728844,0.1941234756158726,0.6791060090882322,True,False
ceh32,4,C4 (Main Forest),5.2,2.3802969863424224,2.4486683041979314,0.010614607099970792,0.194663616887701,0.6790924485682412,True,False
ceh32,4,C4 (Main Forest),5.3,2.381748659699993,2.4476996681255585,0.010360904786746651,0.19520512281663782,0.679078897327297,True,False
ceh32,4,C4 (Main Forest),5.4,2.383109420780962,2.4468069443745284,0.010118001260278935,0.19574626867489273,0.6790653984076596,True,False
ceh32,4,C4 (Main Forest),5.5,2.3843865134578066,2.445983323623805,0.009885289920984182,0.19628560945675516,0.6790519873584568,True,False
ceh32,4,C4 (Main Forest),5.6,2.3855864982752415,2.44522269599826,0.009662202331859151,0.19682193794554165,0.6790386933933135,True,False
ceh32,4,C4 (Main Forest),5.7,2.386715325182701,2.4445195708348324,0.009448206087325987,0.1973542493148906,0.6790255403668023,True,False
ceh32,4,C4 (Main Forest),5.8,2.387778397869952,2.4438690064587414,0.009242802678678032,0.19788171118091558,0.6790125475991384,True,False
ceh32,4,C4 (Main Forest),5.9,2.388780630714943,2.443266548648501,0.009045525396464214,0.19840363821344636,0.6789997305735878,True,False
ceh32,4,C4 (Main Forest),6.0,2.389726499232281,2.442708176646172,0.008855937297539881,0.19891947057074139,0.6789871015269574,True,False
ceh32,4,C4 (Main Forest),6.1,2.3906200848069457,2.4421902557254356,0.008673629255132998,0.19942875554743317,0.6789746699501447,True,False
ceh32,4,C4 (Main Forest),6.2,2.3914651144014267,2.4417094954635408,0.008498218103267851,0.19993113193067974,0.6789624430129155,True,False
ceh32,4,C4 (Main Forest),6.3,2.3922649958384383,2.4412629129800982,0.008329344881782955,0.20042631664256572,0.6789504259247574,True,False
ceh32,4,C4 (Main Forest),6.4,2.3930228491897787,2.4408478005052014,0.008166673184414011,0.20091409331819604,0.6789386222417144,True,False
ceh32,4,C4 (Main Forest),6.5,2.393741534733681,2.4404616967257637,0.008009887609756895,0.20139430252447207,0.6789270341275222,True,False
ceh32,4,C4 (Main Forest),6.6,2.394423677885841,2.440102361433706,0.007858692313006392,0.20186683337386244,0.6789156625760133,True,False
ceh32,4,C4 (Main Forest),6.7,2.3950716914604753,2.439767753062733,0.007712809655094714,0.20233161632546615,0.6789045076006658,True,False
ceh32,4,C4 (Main Forest),6.8,2.3956877955708467,2.439456008756191,0.007571978945000623,0.20278861699868012,0.6788935683962323,True,False
ceh32,4,C4 (Main Forest),6.9,2.396274035443802,2.439165426655192,0.007435955270478508,0.20323783085225036,0.6788828434766199,True,False
ceh32,4,C4 (Main Forest),7.0,2.3968322973859983,2.4388944501374805,0.007304508412192626,0.20367927860375243,0.6788723307925415,True,False
ceh32,4,C4 (Main Forest),7.1,2.3973643231124013,2.438641653772466,0.007177421836138627,0.20411300228386633,0.6788620278319168,True,False
ceh32,4,C4 (Main Forest),7.2,2.3978717226210087,2.438405730787915,0.00705449175926889,0.20453906183572285,0.6788519317055488,True,False
ceh32,4,C4 (Main Forest),7.3,2.3983559857760453,2.4381854818705007,0.006935526283368768,0.204957532182123,0.678842039220215,True,False
ceh32,4,C4 (Main Forest),7.4,2.3988184927421687,2.4379798051445607,0.006820344592384801,0.20536850069668341,0.6788323469409974,True,False
ceh32,4,C4 (Main Forest),7.5,2.3992605233951,2.4377876871931075,0.006708776208661619,0.2057720650220096,0.6788228512443939,True,False
ceh32,4,C4 (Main Forest),7.6,2.3996832658202916,2.4376081950021913,0.006600660303760638,0.20616833118788075,0.6788135483635376,True,False
ceh32,4,C4 (Main Forest),7.7,2.4000878239954893,2.437440468724329,0.0064958450598015145,0.20655741198846475,0.6788044344266425,True,False
ceh32,4,C4 (Main Forest),7.8,2.400475224746344,2.437283715169193,0.00639418707752414,0.20693942558343859,0.6787955054896438,True,False
ceh32,4,C4 (Main Forest),7.9,2.4008464240488694,2.437137201941969,0.0062955508275176365,0.20731449429339088,0.6787867575638491,True,False
ceh32,4,C4 (Main Forest),8.0,2.4012023127485396,2.4370002521571275,0.006199808141335634,0.20768274356224978,0.6787781866393086,True,False
ceh33,4,C4 (Main Forest),0.5,1.9995572972133022,2.4498142046748326,-0.0031082982543819034,0.8862852208941142,0.6875897715481093,False,False
ceh33,4,C4 (Main Forest),0.6,1.9745778368574978,2.474289209270621,-0.00047070963500417395,0.9834642661047105,0.6875249487319386,False,False
ceh33,4,C4 (Main Forest),0.7,1.9490166307170098,2.498461278199173,0.002664877290583772,0.9103840090451196,0.6875645761976527,True,False
ceh33,4,C4 (Main Forest),0.8,1.923767515231502,2.52124501148225,0.006308914483706261,0.797614419707535,0.6877364172814038,True,False
ceh33,4,C4 (Main Forest),0.9,1.9000295563551606,2.541273814956633,0.010430686844366616,0.6819560986953673,0.6880668581206745,True,False
ceh33,4,C4 (Main Forest),1.0,1.8792580128141663,2.556986069161655,0.01494442421338479,0.5682499566146594,0.6885761529563854,True,False
ceh33,4,C4 (Main Forest),1.1,1.8630268598740667,2.566804060415069,0.019701696632735938,0.4617284380332006,0.6892726984312447,True,False
ceh33,4,C4 (Main Forest),1.2,1.852801409362527,2.569394907506744,0.024496349570035377,0.366979253291961,0.6901478141190324,True,False
ceh33,4,C4 (Main Forest),1.3,1.8496617386571699,2.5639571266926464,0.029085915617665093,0.2869814311442622,0.6911731337379338,True,False
ceh33,4,C4 (Main Forest),1.4,1.8540594464389932,2.550438864477427,0.03322735073722126,0.22264309463803886,0.6923024136366226,True,False
ceh33,4,C4 (Main Forest),1.5,1.86570006536277,2.529596858775735,0.03671758286296055,0.17300910259333394,0.6934780556716071,True,False
ceh33,4,C4 (Main Forest),1.6,1.8836022964133046,2.5028617497900747,0.039425592044805405,0.13593640605553828,0.6946405651109244,True,False
ceh33,4,C4 (Main Forest),1.7,1.9063112847565846,2.472057150334585,0.041305879689997944,0.1088551320320565,0.6957378389802648,True,False
ceh33,4,C4 (Main Forest),1.8,1.9321828977437874,2.43907502529745,0.04239149884603913,0.08932803623321316,0.6967314975641294,True,False
ceh33,4,C4 (Main Forest),1.9,1.9596444326417553,2.405607675329024,0.0427728142703704,0.07532856074316492,0.6975990871764585,True,False
ceh33,4,C4 (Main Forest),2.0,1.9873705709502487,2.372990265594158,0.04257145671442876,0.06530233306450434,0.6983327245459972,True,False
ceh33,4,C4 (Main Forest),2.1,2.0143608903370223,2.3421545774025665,0.04191728573047793,0.058114001507147316,0.6989356930801038,True,False
ceh33,4,C4 (Main Forest),2.2,2.0399392242203316,2.3136620423433896,0.040932250070516304,0.052956382261020576,0.6994185075608927,True,False
ceh33,4,C4 (Main Forest),2.3,2.0637071419523974,2.287776870187234,0.03972152264156717,0.04926232256030996,0.6997954495988788,True,True
ceh33,4,C4 (Main Forest),2.4,2.085479981044666,2.264548527626708,0.038370351108294176,0.046633846304906044,0.7000819978968638,True,True
ceh33,4,C4 (Main Forest),2.5,2.1052239137093487,2.2438856834586645,0.0369445602512304,0.04479012084558377,0.7002931740197511,True,True
ceh33,4,C4 (Main Forest),2.6,2.1230030739196377,2.22561440291492,0.03549293949240946,0.043531003662074345,0.7004426296476116,True,True
ceh33,4,C4 (Main Forest),2.7,2.1389393216564176,2.2095199482570806,0.034050302416821054,0.04271209242611833,0.7005422535848492,True,True
ceh33,4,C4 (Main Forest),2.8,2.153183770228234,2.195374631274398,0.03264051580725948,0.04222780057665874,0.7006021033566103,True,True
ceh33,4,C4 (Main Forest),2.9,2.1658978394870996,2.182955053624922,0.03127916230821429,0.04199987577964549,0.7006305167308569,True,True
ceh33,4,C4 (Main Forest),3.0,2.1772413981285323,2.172051860200387,0.029975725143641753,0.041969564967835965,0.7006343073121921,True,True
ceh33,4,C4 (Main Forest),3.1,2.187365876877324,2.1624745131191423,0.028735302406842585,0.042092216664388706,0.7006189862507197,True,True
ceh33,4,C4 (Main Forest),3.2,2.19641070539032,2.1540529276326392,0.027559911129331604,0.04233351856118055,0.7005889781910404,True,True
ceh33,4,C4 (Main Forest),3.3,2.204501876441091,2.146637243337927,0.02644945688916464,0.042666840820553484,0.7005478160823972,True,True
ceh33,4,C4 (Main Forest),3.4,2.2117518086705985,2.140096571692466,0.02540244195145186,0.04307133477967253,0.700498309177327,True,True
ceh33,4,C4 (Main Forest),3.5,2.218259954748254,2.134317253154342,0.024416474680435382,0.043530553856259445,0.7004426838346544,True,True
ceh33,4,C4 (Main Forest),3.6,2.2241137975591823,2.1292009482904817,0.023488630875374523,0.04403144003367861,0.7003826993341974,True,True
ceh33,4,C4 (Main Forest),3.7,2.229390011018908,2.1246627502320123,0.022615706376002197,0.04456356961418601,0.7003197419478581,True,True
ceh33,4,C4 (Main Forest),3.8,2.2341556512183116,2.12062941883817,0.021794390734368195,0.045118585235258586,0.7002549007087921,True,True
ceh33,4,C4 (Main Forest),3.9,2.238469301400622,2.117037783332452,0.021021384128290257,0.045689763400920076,0.7001890281018122,True,True
ceh33,4,C4 (Main Forest),4.0,2.24238213087578,2.1138333283319017,0.020293473816036686,0.04627168181256599,0.7001227885051472,True,True
ceh33,4,C4 (Main Forest),4.1,2.2459388505402895,2.1109689601726975,0.01960758200392878,0.04685996105204373,0.7000566967757805,True,True
ceh33,4,C4 (Main Forest),4.2,2.249178561111236,2.108403940999902,0.018960793712473965,0.04745106226586051,0.6999911489523376,True,True
ceh33,4,C4 (Main Forest),4.3,2.2521354978003494,2.106102973841017,0.01835037081384178,0.048042127461296984,0.6999264466788735,True,True
ceh33,4,C4 (Main Forest),4.4,2.2548396791259115,2.104035420668359,0.017773756655199507,0.048630852536459775,0.6998628166382894,True,True
ceh33,4,C4 (Main Forest),4.5,2.2573174693074693,2.1021746359239986,0.017228574408283515,0.04921538567784137,0.6998004260240869,True,True
ceh33,4,C4 (Main Forest),4.6,2.2595920641093956,2.1004973993152944,0.016712621365971146,0.049794245577812375,0.6997393948679624,True,True
ceh33,4,C4 (Main Forest),4.7,2.2616839096823007,2.0989834333925943,0.016223860745313193,0.05036625525377515,0.6996798058711834,True,False
ceh33,4,C4 (Main Forest),4.8,2.2636110632381916,2.0976149932139494,0.015760412082278463,0.0509304882337057,0.6996217122525705,True,False
ceh33,4,C4 (Main Forest),4.9,2.2653895035182683,2.096376517128013,0.015320540964523073,0.05148622460599749,0.6995651440188039,True,False
ceh33,4,C4 (Main Forest),5.0,2.2670333980862445,2.0952543292884545,0.014902648607049596,0.052032914983827804,0.699510112978108,True,False
ceh33,4,C4 (Main Forest),5.1,2.268555333588678,2.094236385919907,0.014505261604354548,0.05257015085377224,0.6994566167515819,True,False
ceh33,4,C4 (Main Forest),5.2,2.2699665142945524,2.0933120585826335,0.01412702207181512,0.05309764009978199,0.6994046419837665,True,False
ceh33,4,C4 (Main Forest),5.3,2.271276933484773,2.092471948736814,0.013766678304403306,0.053615186741639155,0.6993541669125174,True,False
ceh33,4,C4 (Main Forest),5.4,2.2724955216054803,2.091707728806494,0.013423076022069314,0.054122674119618915,0.6993051634254773,True,False
ceh33,4,C4 (Main Forest),5.5,2.273630274528709,2.091012005703735,0.013095150230868937,0.05462005090840009,0.6992575987045632,True,False
ceh33,4,C4 (Main Forest),5.6,2.274688364769756,2.0903782034140215,0.012781917701884814,0.05510731946137726,0.6992114365394037,True,False
ceh33,4,C4 (Main Forest),5.7,2.2756762380904805,2.0898004617829185,0.012482470052246123,0.05558452608131639,0.6991666383744451,True,False
ceh33,4,C4 (Main Forest),5.8,2.2765996975547518,2.0892735490956493,0.012195967401456283,0.056051752887831624,0.6991231641415685,True,False
ceh33,4,C4 (Main Forest),5.9,2.2774639767973,2.0887927864192393,0.011921632569727678,0.05650911101227551,0.6990809729198195,True,False
ceh33,4,C4 (Main Forest),6.0,2.278273804005666,2.0883539819942687,0.01165874578171412,0.056956734898897035,0.699040023455703,True,False
ceh33,4,C4 (Main Forest),6.1,2.2790334578939917,2.0879533742284737,0.011406639837901262,0.057394777530054675,0.6990002745709737,True,False
ceh33,4,C4 (Main Forest),6.2,2.2797468167606394,2.0875875820670133,0.011164695716229314,0.05782340642509798,0.6989616854796505,True,False
ceh33,4,C4 (Main Forest),6.3,2.2804174015621976,2.08725356170092,0.010932338567802041,0.05824280028792218,0.698924216031805,True,False
ceh33,4,C4 (Main Forest),6.4,2.281048413801777,2.086948568731585,0.010709034072353678,0.05865314619977856,0.6988878268983179,True,False
ceh33,4,C4 (Main Forest),6.5,2.281642768916111,2.0866701250414113,0.010494285121332684,0.05905463727072711,0.6988524797081042,True,False
ceh33,4,C4 (Main Forest),6.6,2.2822031257474684,2.0864159897313237,0.010287628798766815,0.05944747067756563,0.6988181371471263,True,False
ceh33,4,C4 (Main Forest),6.7,2.2827319126058105,2.0861841335791738,0.010088633632418622,0.059831846027965326,0.6987847630267601,True,False
ceh33,4,C4 (Main Forest),6.8,2.28323135035383,2.0859727165525737,0.009896897090054993,0.06020796399994506,0.6987523223276567,True,False
ceh33,4,C4 (Main Forest),6.9,2.2837034728913284,2.0857800679760667,0.009712043297853962,0.06057602521406066,0.69872078122409,True,False
ceh33,4,C4 (Main Forest),7.0,2.2841501453603845,2.0856046690090775,0.009533720960052658,0.0609362293024592,0.6986901070928464,True,False
ceh33,4,C4 (Main Forest),7.1,2.2845730803526756,2.0854451371400153,0.00936160146087568,0.06128877414462704,0.6986602685099521,True,False
ceh33,4,C4 (Main Forest),7.2,2.2849738523598617,2.0853002124410045,0.009195377131593352,0.06163385524383423,0.6986312352379132,True,False
ceh33,4,C4 (Main Forest),7.3,2.2853539106791443,2.085168745364664,0.009034759667171727,0.06197166522314426,0.6986029782056451,True,False
ceh33,4,C4 (Main Forest),7.4,2.285714590955875,2.0850496858924763,0.008879478678507777,0.06230239342216882,0.6985754694828501,True,False
ceh33,4,C4 (Main Forest),7.5,2.2860571255227105,2.0849420738702005,0.008729280367584875,0.06262622557927097,0.6985486822502736,True,False
ceh33,4,C4 (Main Forest),7.6,2.2863826526752318,2.0848450303877923,0.008583926314128042,0.06294334358594093,0.6985225907669876,True,False
ceh33,4,C4 (Main Forest),7.7,2.286692225004368,2.0847577500793997,0.008443192363465208,0.06325392530183349,0.6984971703356355,True,False
ceh33,4,C4 (Main Forest),7.8,2.2869868168927576,2.0846794942356586,0.008306867606281588,0.06355814442143047,0.6984723972663784,True,False
ceh33,4,C4 (Main Forest),7.9,2.2872673312686,2.084609584634011,0.00817475344189754,0.06385617038367755,0.6984482488401436,True,False
ceh33,4,C4 (Main Forest),8.0,2.287534605696994,2.0845473980040587,0.008046662717497224,0.06414816831778297,0.6984247032716464,True,False
ceh34,4,C4 (Main Forest),0.5,2.103425391881638,2.8321211510717372,0.01787849269210997,0.4103322055890421,0.7727680975472311,True,False
ceh34,4,C4 (Main Forest),0.6,2.1098521024053696,2.8204191708665607,0.019418040778591404,0.3678771354097337,0.7730810193166049,True,False
ceh34,4,C4 (Main Forest),0.7,2.119119639014362,2.806143727968048,0.020649626271372123,0.33184235994155586,0.7733885489623714,True,False
ceh34,4,C4 (Main Forest),0.8,2.1306746541411767,2.790013718160351,0.02155047083384883,0.3019045735549904,0.7736797039090234,True,False
ceh34,4,C4 (Main Forest),0.9,2.1438675146271424,2.7727943174102867,0.0221238051196616,0.2774873450191662,0.7739459481657069,True,False
ceh34,4,C4 (Main Forest),1.0,2.1580404762309833,2.7552043083175874,0.022394177109894865,0.25788718052779686,0.7741817325590364,True,False
ceh34,4,C4 (Main Forest),1.1,2.1725978449074117,2.7378509145357324,0.02240045755310164,0.2423739489488618,0.7743844504424919,True,False
ceh34,4,C4 (Main Forest),1.2,2.1870487232795823,2.7211979467929592,0.022188593510305568,0.230257187273647,0.7745539767396915,True,False
ceh34,4,C4 (Main Forest),1.3,2.201022900285677,2.7055627843586967,0.021805559592198903,0.22092157393106177,0.7746920088075872,True,False
ceh34,4,C4 (Main Forest),1.4,2.2142665008257025,2.6911326316110378,0.02129514585321849,0.213839904248368,0.7748013937438896,True,False
ceh34,4,C4 (Main Forest),1.5,2.2266257237929894,2.67799016248759,0.020695570421191366,0.20857216782385674,0.7748855558596164,True,False
ceh34,4,C4 (Main Forest),1.6,2.2380258185233144,2.6661410079897214,0.02003854781608995,0.2047574161634703,0.7749480697811947,True,False
ceh34,4,C4 (Main Forest),1.7,2.2484501440179065,2.6555385568791294,0.019349341587068955,0.2021028100298545,0.7749923778069758,True,False
ceh34,4,C4 (Main Forest),1.8,2.257921924150434,2.6461040659759867,0.018647379671462863,0.20037235991242908,0.7750216264498067,True,False
ceh34,4,C4 (Main Forest),1.9,2.2664896737115248,2.6377417405500228,0.017947120062687887,0.1993766013515658,0.7750385902590339,True,False
ceh34,4,C4 (Main Forest),2.0,2.274216283426086,2.6303493274281458,0.01725896579791686,0.19896368648328439,0.775045653536289,True,False
ceh34,4,C4 (Main Forest),2.1,2.2811712723031166,2.623825101623178,0.016590116964169826,0.1990119655947563,0.7750448268024318,True,False
ceh34,4,C4 (Main Forest),2.2,2.2874255596461155,2.618072152937707,0.015945308336051546,0.19942394037506117,0.7750377815662042,True,False
ceh34,4,C4 (Main Forest),2.3,2.2930481276775057,2.613000758896956,0.015327418497915926,0.2001213983975336,0.775025892617464,True,False
ceh34,4,C4 (Main Forest),2.4,2.298104040301104,2.608529464636683,0.014737956497084573,0.20104152727310592,0.77501028131482,True,False
ceh34,4,C4 (Main Forest),2.5,2.30265339782187,2.6045853299875974,0.014177441303921344,0.2021338234284068,0.774991856263703,True,False
ceh34,4,C4 (Main Forest),2.6,2.3067509140209017,2.6011036696567746,0.013645692173233028,0.20335763691935987,0.7749713496682048,True,False
ceh34,4,C4 (Main Forest),2.7,2.310445890345477,2.598027508643199,0.013142047442686164,0.2046802214450347,0.7749493487836951,True,False
ceh34,4,C4 (Main Forest),2.8,2.313782430391309,2.595306899025238,0.012665527219206149,0.20607518400604619,0.7749263225425937,True,False
ceh34,4,C4 (Main Forest),2.9,2.3167997884890354,2.5928981907061734,0.012214952837042457,0.20752125017300635,0.774902643754362,True,False
ceh34,4,C4 (Main Forest),3.0,2.3195327824750764,2.590763312120169,0.011789033457486086,0.20900127857660564,0.774878607418091,True,False
ceh34,4,C4 (Main Forest),3.1,2.322012226048578,2.588869092586912,0.01138642795849443,0.21050147238897876,0.7748544457140831,True,False
ceh34,4,C4 (Main Forest),3.2,2.3242653534115862,2.587186642279843,0.011005788408398363,0.21201074677798712,0.7748303402110309,True,False
ceh34,4,C4 (Main Forest),3.3,2.3263162204636822,2.585690795915552,0.01064578992528141,0.2135202201269162,0.7748064317688268,True,False
ceh34,4,C4 (Main Forest),3.4,2.3281860743992366,2.584359620330587,0.010305150550569214,0.21502280370765908,0.7747828285515459,True,False
ceh34,4,C4 (Main Forest),3.5,2.329893688394002,2.5831739827348628,0.009982643858692679,0.21651286988317847,0.774759612500393,True,False
ceh34,4,C4 (Main Forest),3.6,2.331455661055344,2.5821171746929528,0.00967710633224917,0.21798598312241113,0.7747368445571539,True,False
ceh34,4,C4 (Main Forest),3.7,2.3328866820707344,2.5811745861675695,0.009387441007877136,0.21943868139785355,0.7747145688768641,True,False
ceh34,4,C4 (Main Forest),3.8,2.3341997664431813,2.580333423858701,0.009112618503695763,0.22086829811279016,0.7746928162243301,True,False
ceh34,4,C4 (Main Forest),3.9,2.3354064601461797,2.579582468320069,0.008851676244110226,0.22227281672147473,0.774671606712364,True,False
ceh34,4,C4 (Main Forest),4.0,2.3365170201535035,2.5789118647676226,0.008603716477762372,0.22365075179496371,0.7746509520093187,True,False
ceh34,4,C4 (Main Forest),4.1,2.3375405717287614,2.5783129430054514,0.008367903520978062,0.22500105153665972,0.7746308571187901,True,False
ceh34,4,C4 (Main Forest),4.2,2.3384852456872744,2.5777780624226994,0.008143460538035309,0.22632301773937458,0.774611321814326,True,False
ceh34,4,C4 (Main Forest),4.3,2.339358298109029,2.577300478523194,0.00792966608014593,0.2276162399619821,0.7745923417957947,True,False
ceh34,4,C4 (Main Forest),4.4,2.340166214736069,2.5768742279198946,0.007725850539270199,0.2288805413254116,0.7745739096210449,True,False
ceh34,4,C4 (Main Forest),4.5,2.340914802035922,2.576494029149085,0.007531392624606207,0.23011593382551238,0.774556015456021,True,False
ceh34,4,C4 (Main Forest),4.6,2.3416092666777675,2.5761551970340486,0.007345715934354612,0.23132258145783033,0.7745386476780964,True,False
ceh34,4,C4 (Main Forest),4.7,2.3422542849483197,2.5758535686551043,0.007168285669767464,0.2325007697681065,0.7745217933606401,True,False
ceh34,4,C4 (Main Forest),4.8,2.3428540634400656,2.5755854392654385,0.006998605520058716,0.23365088069724368,0.7745054386614181,True,False
ceh34,4,C4 (Main Forest),4.9,2.343412392165269,2.5753475067366898,0.006836214733532509,0.23477337179886765,0.7744895691330878,True,False
ceh34,4,C4 (Main Forest),5.0,2.343932691098669,2.575136823325568,0.006680685381036031,0.2358687590715119,0.7744741699705415,True,False
ceh34,4,C4 (Main Forest),5.1,2.3444180510129478,2.5749507537320477,0.006531619811359312,0.2369376027854183,0.7744592262070529,True,False
ceh34,4,C4 (Main Forest),5.2,2.344871269356644,2.574786938570173,0.00638864829386261,0.23798049579258188,0.7744447228689042,True,False
ceh34,4,C4 (Main Forest),5.3,2.3452948818193358,2.5746432625020033,0.006251426840755524,0.23899805389926615,0.7744306450963585,True,False
ceh34,4,C4 (Main Forest),5.4,2.345691190143044,2.574517826394254,0.006119635199716231,0.23999090795229705,0.7744169782373537,True,False
ceh34,4,C4 (Main Forest),5.5,2.3460622866619785,2.574408922950736,0.005992975006552664,0.24095969735228262,0.7744037079191111,True,False
ceh34,4,C4 (Main Forest),5.6,2.3464100759872775,2.5743150153519383,0.005871168087224769,0.24190506475394669,0.7743908201018815,True,False
ceh34,4,C4 (Main Forest),5.7,2.346736294197359,2.574234718500905,0.005753954898499432,0.24282765175634582,0.7743783011182674,True,False
ceh34,4,C4 (Main Forest),5.8,2.347042525845897,2.5741667825309245,0.005641093096777595,0.24372809541669696,0.7743661377009255,True,False
ceh34,4,C4 (Main Forest),5.9,2.3473302190579366,2.5741100782798374,0.0055323562250067255,0.24460702545252333,0.7743543170009367,True,False
ceh34,4,C4 (Main Forest),6.0,2.3476006989488596,2.5740635844760433,0.005427532508163725,0.24546506201501012,0.774342826598706,True,False
ceh34,4,C4 (Main Forest),6.1,2.3478551795699096,2.5740263764178346,0.005326423748318139,0.2463028139401957,0.7743316545089163,True,False
ceh34,4,C4 (Main Forest),6.2,2.3480947745569045,2.5739976159565883,0.0052288443109328045,0.24712087739675895,0.774320789180774,True,False
ceh34,4,C4 (Main Forest),6.3,2.3483205066374193,2.5739765426204575,0.005134620194655904,0.24791983486325736,0.77431021949456,True,False
ceh34,4,C4 (Main Forest),6.4,2.348533316130032,2.573962465737745,0.005043588177440696,0.2487002543800311,0.7742999347553106,True,False
ceh34,4,C4 (Main Forest),6.5,2.348734068552834,2.5739547574368897,0.004955595032431591,0.2494626890274578,0.7742899246842971,True,False
ceh34,4,C4 (Main Forest),6.6,2.348923561445443,2.573952846417047,0.00487049680758184,0.2502076765915111,0.7742801794088521,True,False
ceh34,4,C4 (Main Forest),6.7,2.3491025304911712,2.5739562123970154,0.0047881581634767805,0.25093573938422575,0.7742706894509825,True,False
ceh34,4,C4 (Main Forest),6.8,2.349271655021953,2.5739643811616,0.004708451764330485,0.25164738419044436,0.7742614457151291,True,False
ceh34,4,C4 (Main Forest),6.9,2.3494315629717626,2.5739769201355798,0.004631257717550596,0.2523431023179115,0.7742524394753594,True,False
ceh34,4,C4 (Main Forest),7.0,2.3495828353405783,2.573993434424087,0.004556463057678598,0.2530233697311647,0.7742436623622261,True,False
ceh34,4,C4 (Main Forest),7.1,2.349726010223492,2.574013563265452,0.004483961270884538,0.2536886472529438,0.7742351063494781,True,False
ceh34,4,C4 (Main Forest),7.2,2.349861586448655,2.574036976850106,0.004413651856539233,0.2543393808192884,0.774226763740768,True,False
ceh34,4,C4 (Main Forest),7.3,2.3499900268705103,2.5740633734637735,0.004345439922702028,0.25497600177642865,0.7742186271564742,True,False
ceh34,4,C4 (Main Forest),7.4,2.3501117613496105,2.574092476919504,0.004279235812636328,0.2555989272106445,0.7742106895207255,True,False
ceh34,4,C4 (Main Forest),7.5,2.350227189455866,2.5741240342461538,0.0042149547597393686,0.2562085603021729,0.7742029440487008,True,False
ceh34,4,C4 (Main Forest),7.6,2.3503366829218533,2.574157813605663,0.004152516568493299,0.25680529069725244,0.774195384234251,True,False
ceh34,4,C4 (Main Forest),7.7,2.350440587871811,2.5741936024144785,0.004091845319272101,0.25738949489208357,0.7741880038378857,True,False
ceh34,4,C4 (Main Forest),7.8,2.3505392268497394,2.574231205646984,0.004032869095023957,0.2579615366243565,0.7741807968751491,True,False
ceh34,4,C4 (Main Forest),7.9,2.350632900665946,2.5742704443020514,0.003975519728026759,0.25852176726874526,0.7741737576054031,True,False
ceh34,4,C4 (Main Forest),8.0,2.3507218900810902,2.5743111540153083,0.0039197325650803085,0.25907052623270727,0.7741668805210282,True,False
ceh36,3,C3 (Western Residual),0.5,1.6011161637263065,2.5161651254864212,0.2098129076346052,2.584823311641147e-08,0.6982633845267556,True,True
ceh36,3,C3 (Western Residual),0.6,1.7374186983257949,2.3571492337242264,0.2119460016430032,1.8557917315994657e-09,0.7138592539869455,True,True
ceh36,3,C3 (Western Residual),0.7,1.872919871202181,2.1899301658778425,0.20818040180447203,2.281290949299725e-10,0.7257294861984449,True,True
ceh36,3,C3 (Western Residual),0.8,1.9986943809401756,2.0283244550285016,0.20056901685065417,4.841174312577792e-11,0.7342064808109883,True,True
ceh36,3,C3 (Western Residual),0.9,2.1104794862770104,1.880045505886276,0.19081027371819181,1.666579013833879e-11,0.7398922369285957,True,True
ceh36,3,C3 (Western Residual),1.0,2.2072060812387786,1.748260648500322,0.1801242244736082,8.490081868774017e-12,0.7434279814876248,True,True
ceh36,3,C3 (Western Residual),1.1,2.2896048174571484,1.6333291323544048,0.16930277362780055,5.829151029465299e-12,0.7453791565405589,True,True
ceh36,3,C3 (Western Residual),1.2,2.359225904665866,1.5341351212142107,0.1588163732479576,4.973489949288978e-12,0.7461986047991562,True,True
ceh36,3,C3 (Western Residual),1.3,2.4178593835108537,1.448938345040263,0.14891723558870096,4.943707606704851e-12,0.7462295583893797,True,True
ceh36,3,C3 (Western Residual),1.4,2.467237259209438,1.3758527290539162,0.13971913470736017,5.453095753396414e-12,0.745723701849405,True,True
ceh36,3,C3 (Western Residual),1.5,2.5089047675577527,1.313085596200387,0.13125273033032217,6.441984387233658e-12,0.7448618414415586,True,True
ceh36,3,C3 (Western Residual),1.6,2.544182512251272,1.2590386119788635,0.12350154461092597,7.946814653721273e-12,0.7437721497200246,True,True
ceh36,3,C3 (Western Residual),1.7,2.574172503086208,1.21233538207481,0.11642437076565226,1.0056644038044872e-11,0.7425446325483243,True,True
ceh36,3,C3 (Western Residual),1.8,2.5997823818903782,1.1718135364815538,0.10996875844181656,1.2896166246372857e-11,0.7412419924762955,True,True
ceh36,3,C3 (Western Residual),1.9,2.621754797552279,1.1365019189857637,0.10407885492192859,1.6617505060467307e-11,0.7399075469857742,True,True
ceh36,3,C3 (Western Residual),2.0,2.640695880483289,1.1055934523236446,0.09869977003173394,2.139492443328828e-11,0.7385709062262453,True,True
ceh36,3,C3 (Western Residual),2.1,2.6571003986933315,1.0784187017536497,0.09377984531322477,2.7420382705085757e-11,0.7372520092709867,True,True
ceh36,3,C3 (Western Residual),2.2,2.671372955452185,1.054422232833574,0.08927168645254006,3.4899222072658065e-11,0.7359639821609738,True,True
ceh36,3,C3 (Western Residual),2.3,2.6838453900594277,1.0331423875765449,0.08513248492327122,4.4045820343469905e-11,0.7347151593707727,True,True
ceh36,3,C3 (Western Residual),2.4,2.694790852659563,1.0141944115973118,0.08132394670392547,5.507924748211931e-11,0.7335105142684201,True,True
ceh36,3,C3 (Western Residual),2.5,2.704435098039379,0.9972565775458049,0.07781201762649807,6.821904626656354e-11,0.7323526726836255,True,True
ceh36,3,C3 (Western Residual),2.6,2.7129655136348623,0.9820588638347139,0.0745665165396611,8.368126858782534e-11,0.7312426322007115,True,True
ceh36,3,C3 (Western Residual),2.7,2.7205383287145644,0.9683737552052731,0.07156073996101808,1.0167488091776062e-10,0.7301802733110361,True,True
ceh36,3,C3 (Western Residual),2.8,2.7272843755439458,0.9560087780293819,0.06877107332517923,1.223986219791012e-10,0.7291647229440338,True,True
ceh36,3,C3 (Western Residual),2.9,2.733313702485774,0.9448004412318631,0.06617662693481932,1.4603836237445675e-10,0.7281946129788189,True,True
ceh36,3,C3 (Western Residual),3.0,2.738719278154075,0.9346093107027693,0.06375890475867536,1.727649851123427e-10,0.7272682638139645,True,True
ceh36,3,C3 (Western Residual),3.1,2.743579975660917,0.9253159958559637,0.06150150851761034,2.027327801811662e-10,0.7263838143061746,True,True
ceh36,3,C3 (Western Residual),3.2,2.747962985760309,0.9168178700330692,0.05938987636010434,2.3607832648357703e-10,0.725539313235168,True,True
ceh36,3,C3 (Western Residual),3.3,2.7519257758239926,0.9090263819030344,0.05741105381579233,2.7291982048016185e-10,0.7247327831177626,True,True
ceh36,3,C3 (Western Residual),3.4,2.755517686546753,0.9018648437115442,0.05555349399887838,3.133568021794988e-10,0.7239622641288356,True,True
ceh36,3,C3 (Western Residual),3.5,2.7587812386983632,0.8952666052384156,0.0538068838294742,3.574702247690031e-10,0.7232258437096801,True,True
ceh36,3,C3 (Western Residual),3.6,2.761753206952018,0.8891735406473822,0.05216199311913305,4.0532281326819785e-10,0.7225216758911946,True,True
ceh36,3,C3 (Western Residual),3.7,2.764465505888695,0.8835347899674417,0.05061054358914847,4.5695965920569256e-10,0.7218479932466588,True,True
ceh36,3,C3 (Western Residual),3.8,2.7669459239532355,0.8783057084906628,0.04914509517550589,5.124090016941788e-10,0.7212031135883457,True,True
ceh36,3,C3 (Western Residual),3.9,2.7692187338404395,0.8734469865316481,0.04775894727626756,5.716831497497327e-10,0.7205854429440504,True,True
ceh36,3,C3 (Western Residual),4.0,2.7713052020609625,0.868923909270362,0.04644605289020694,6.347795057669893e-10,0.7199934759304827,True,True
ceh36,3,C3 (Western Residual),4.1,2.773224015929423,0.8647057321898488,0.04520094386673282,7.016816553159357e-10,0.7194257943356419,True,True
ceh36,3,C3 (Western Residual),4.2,2.774991642656494,0.8607651522389234,0.04401866573103513,7.72360493621958e-10,0.7188810644999387,True,True
ceh36,3,C3 (Western Residual),4.3,2.7766226324067245,0.8570778585427211,0.04289472076365091,8.467753639923614e-10,0.7183580339232467,True,True
ceh36,3,C3 (Western Residual),4.4,2.778129874940932,0.8536221494463911,0.04182501820125511,9.248751879853434e-10,0.7178555274059626,True,True
ceh36,3,C3 (Western Residual),4.5,2.779524817673064,0.85037860506,0.040805830587636004,1.0065995711878704e-09,0.7173724429447899,True,True
ceh36,3,C3 (Western Residual),4.6,2.7808176515370544,0.8473298063958967,0.03983375544313765,1.0918798720608293e-09,0.7169077475398389,True,True
ceh36,3,C3 (Western Residual),4.7,2.782017469908749,0.8444600937468376,0.03890568154012479,1.1806402244172281e-09,0.716460473022587,True,True
ceh36,3,C3 (Western Residual),4.8,2.7831324048974664,0.8417553582179513,0.0380187591738492,1.2727985067650316e-09,0.7160297119797598,True,True
ceh36,3,C3 (Western Residual),4.9,2.7841697445701,0.8392028613565012,0.03717037390492894,1.3682672539766636e-09,0.7156146138229909,True,True
ceh36,3,C3 (Western Residual),5.0,2.7851360340591818,0.8367910786659607,0.03635812332363149,1.4669545085930235e-09,0.7152143810357582,True,True
ceh36,3,C3 (Western Residual),5.1,2.7860371630081433,0.8345095634823504,0.03557979644918452,1.568764610581612e-09,0.7148282656158094,True,True
ceh36,3,C3 (Western Residual),5.2,2.786878441399667,0.8323488282595286,0.03483335543103819,1.6735989255837355e-09,0.7144555657217478,True,True
ceh36,3,C3 (Western Residual),5.3,2.7876646654777693,0.8303002407797566,0.03411691926483285,1.781356512626078e-09,0.7140956225256895,True,True
ceh36,3,C3 (Western Residual),5.4,2.7884001751994645,0.8283559331943924,0.0334287492749111,1.8919347330082428e-09,0.7137478172691772,True,True
ceh36,3,C3 (Western Residual),5.5,2.7890889044242684,0.8265087221228362,0.032767236148640605,2.0052298026300882e-09,0.7134115685163411,True,True
ceh36,3,C3 (Western Residual),5.6,2.7897344248605513,0.8247520383064424,0.03213088833640754,2.1211372903994564e-09,0.7130863295961836,True,True
ceh36,3,C3 (Western Residual),5.7,2.7903399846320647,0.8230798645390086,0.03151832165564197,2.239552565642764e-09,0.7127715862245894,True,True
ceh36,3,C3 (Western Residual),5.8,2.7909085421963065,0.8214866807835411,0.03092824995827209,2.3603711975775815e-09,0.7124668542959507,True,True
ceh36,3,C3 (Western Residual),5.9,2.791442796238151,0.8199674155433028,0.030359476739074562,2.4834893100075936e-09,0.7121716778340192,True,True
ceh36,3,C3 (Western Residual),6.0,2.791945212069588,0.8185174026881051,0.029810887577958044,2.608803894393107e-09,0.711885627091619,True,True
ceh36,3,C3 (Western Residual),6.1,2.7924180449904332,0.8171323430496596,0.029281443322634354,2.7362130844262555e-09,0.7116082967890671,True,True
ceh36,3,C3 (Western Residual),6.2,2.7928633609994455,0.8158082701944618,0.028770173929737027,2.8656163951105656e-09,0.7113393044815244,True,True
ceh36,3,C3 (Western Residual),6.3,2.793283055190263,0.8145415198645284,0.028276172892457686,2.9969149293444866e-09,0.7110782890459375,True,True
ceh36,3,C3 (Western Residual),6.4,2.7936788681208604,0.8133287026438349,0.027798592191505628,3.130011554720419e-09,0.7108249092787494,True,True
ceh36,3,C3 (Western Residual),6.5,2.7940524004051417,0.8121666794683605,0.027336637713704308,3.2648110532834988e-09,0.7105788425960746,True,True
ceh36,3,C3 (Western Residual),6.6,2.794405125741903,0.8110525396466062,0.02688956508914929,3.4012202466565174e-09,0.7103397838285817,True,True
ceh36,3,C3 (Western Residual),6.7,2.794738402567846,0.8099835811015429,0.026456675903535117,3.5391480989775336e-09,0.7101074441038493,True,True
ceh36,3,C3 (Western Residual),6.8,2.795053484496516,0.8089572925808821,0.02603731424728755,3.678505799742804e-09,0.709881549809486,True,True
ceh36,3,C3 (Western Residual),6.9,2.7953515296846394,0.8079713376153279,0.025630863567476247,3.8192068286767305e-09,0.7096618416307872,True,True
ceh36,3,C3 (Western Residual),7.0,2.795633609248426,0.8070235400309962,0.0252367437923251,3.961167004409884e-09,0.7094480736571851,True,True
ceh36,3,C3 (Western Residual),7.1,2.7959007148377704,0.8061118708465529,0.024854408701469228,4.104304518802634e-09,0.7092400125521803,True,True
ceh36,3,C3 (Western Residual),7.2,2.796153765462091,0.8052344364058941,0.024483343518074973,4.24853995843492e-09,0.7090374367818595,True,True
ceh36,3,C3 (Western Residual),7.3,2.796393613650675,0.8043894676147985,0.024123062701505948,4.393796314743149e-09,0.7088401358974938,True,True
ceh36,3,C3 (Western Residual),7.4,2.7966210510195957,0.8035753101660027,0.023773107921519758,4.5399989841497605e-09,0.708647909868066,True,True
ceh36,3,C3 (Western Residual),7.5,2.796836813309409,0.8027904156499486,0.023433046196979848,4.687075759390327e-09,0.7084605684589078,True,True
ceh36,3,C3 (Western Residual),7.6,2.797041584949943,0.8020333334609901,0.02310246818385322,4.834956813158419e-09,0.7082779306529383,True,True
ceh36,3,C3 (Western Residual),7.7,2.797236003201026,0.8013027034182858,0.022780986598839786,4.983574675044047e-09,0.708099824111271,True,True
ceh36,3,C3 (Western Residual),7.8,2.7974206619142423,0.8005972490304236,0.022468234766372976,5.132864202700727e-09,0.707926084670222,True,True
ceh36,3,C3 (Western Residual),7.9,2.7975961149534445,0.7999157713401975,0.022163865277966113,5.282762548080375e-09,0.7077565558719894,True,True
ceh36,3,C3 (Western Residual),8.0,2.7977628793096168,0.7992571432929969,0.02186754875399641,5.433209119398173e-09,0.7075910885264918,True,True
ceh39,3,C3 (Western Residual),0.5,2.259169158220936,2.910448420331785,0.10719570021398282,3.126269989937017e-05,0.7813326469080759,True,True
ceh39,3,C3 (Western Residual),0.6,2.3288908335205045,2.827648690709176,0.1065478288237497,1.491784585718468e-05,0.7845006761311337,True,True
ceh39,3,C3 (Western Residual),0.7,2.3970114074047673,2.7472162764305006,0.10462633236659599,8.206114713167151e-06,0.7870337118960059,True,True
ceh39,3,C3 (Western Residual),0.8,2.461503373148461,2.6714333494200115,0.10179754622050909,5.150418933305609e-06,0.7889912585381615,True,True
ceh39,3,C3 (Western Residual),0.9,2.5211900987005063,2.6015881450577334,0.09837415158537004,3.630256428875271e-06,0.7904515205053231,True,True
ceh39,3,C3 (Western Residual),1.0,2.575544926026831,2.538217985410679,0.09460476647210918,2.822605367098985e-06,0.7914969171912604,True,True
ceh39,3,C3 (Western Residual),1.1,2.624490878227189,2.481346916766589,0.09067643003846029,2.3786996925894544e-06,0.792205253901997,True,True
ceh39,3,C3 (Western Residual),1.2,2.6682341612292895,2.4306808340131614,0.0867233540244007,2.138296588726021e-06,0.7926453000830702,True,True
ceh39,3,C3 (Western Residual),1.3,2.7071402441253243,2.3857512176282487,0.08283755208124294,2.0223239390003268e-06,0.7928752943132445,True,True
ceh39,3,C3 (Western Residual),1.4,2.7416487620107244,2.3460128208918665,0.07907895662245987,1.9893071190347803e-06,0.792943147116091,True,True
ceh39,3,C3 (Western Residual),1.5,2.772218969914821,2.3109055285178934,0.07548399854532695,2.0163525188113273e-06,0.7928874851034756,True,True
ceh39,3,C3 (Western Residual),1.6,2.7992971925060277,2.2798906630541245,0.07207240776278569,2.0902766758750836e-06,0.7927390073993701,True,True
ceh39,3,C3 (Western Residual),1.7,2.8232991416022455,2.2524701786580827,0.06885237100790621,2.2032110879366092e-06,0.7925218611056661,True,True
ceh39,3,C3 (Western Residual),1.8,2.84460177642661,2.228194983682315,0.06582432449299097,2.3503040912445413e-06,0.792254893380993,True,True
ceh39,3,C3 (Western Residual),1.9,2.8635409890880545,2.206666711969962,0.06298367852719904,2.528461028063769e-06,0.7919527257837493,True,True
ceh39,3,C3 (Western Residual),2.0,2.880412642159341,2.1875357927903227,0.06032273795272111,2.7356250750309693e-06,0.7916266436131657,True,True
ceh39,3,C3 (Western Residual),2.1,2.8954753760370617,2.1704976263955706,0.05783203261078179,2.9703528657157763e-06,0.7912853154067697,True,True
ceh39,3,C3 (Western Residual),2.2,2.9089542101305454,2.1552879677841403,0.055501222982979596,3.231557695882434e-06,0.7909353663531761,True,True
ceh39,3,C3 (Western Residual),2.3,2.921044359926917,2.1416781624153023,0.053319704245280874,3.518351607267134e-06,0.7905818307906552,True,True
ceh39,3,C3 (Western Residual),2.4,2.9319149456378364,2.129470587550929,0.05127699872278148,3.829947725631559e-06,0.7902285070077875,True,True
ceh39,3,C3 (Western Residual),2.5,2.9417124254464166,2.1184944746873664,0.049363001468551576,4.165600310136984e-06,0.7898782343239934,True,True
ceh39,3,C3 (Western Residual),2.6,2.950563681106704,2.1086021824711665,0.04756812500886591,4.524568892491726e-06,0.7895331089649215,True,True
ceh39,3,C3 (Western Residual),2.7,2.9585787386352167,2.0996659289125383,0.04588337573092316,4.90609801233434e-06,0.7891946520494664,True,True
ceh39,3,C3 (Western Residual),2.8,2.9658531370855163,2.0915749592014286,0.044300384657934386,5.309407104621152e-06,0.788863940256162,True,True
ceh39,3,C3 (Western Residual),2.9,2.9724699735878533,2.084233109841658,0.042811408436029735,5.7336869680574475e-06,0.7885417074688208,True,True
ceh39,3,C3 (Western Residual),3.0,2.978501659097251,2.077556724129268,0.04140931146691512,6.178100429746165e-06,0.7882284238771791,True,True
ceh39,3,C3 (Western Residual),3.1,2.9840114204487316,2.071472873870034,0.0400875366809174,6.64178559358158e-06,0.7879243575647414,True,True
ceh39,3,C3 (Western Residual),3.2,2.989054582714143,2.0659178450119926,0.03884007003635649,7.123860575102539e-06,0.7876296224855625,True,True
ceh39,3,C3 (Western Residual),3.3,2.993679662902508,2.0608358489925,0.03766140215084122,7.623428976376116e-06,0.7873442158523778,True,True
ceh39,3,C3 (Western Residual),3.4,2.9979293025746343,2.056177926155665,0.036546489302862986,8.139585597157658e-06,0.7870680472773528,True,True
ceh39,3,C3 (Western Residual),3.5,3.001841063418256,2.0519010120847008,0.03549071523531183,8.671422048534495e-06,0.7868009614802819,True,True
ceh39,3,C3 (Western Residual),3.6,3.005448106502623,2.0479671418575136,0.03448985463859401,9.218032054835044e-06,0.7865427559726246,True,True
ceh39,3,C3 (Western Residual),3.7,3.008779772914899,2.0443427709617383,0.03354003881386414,9.778516314176887e-06,0.786293194811946,True,True
ceh39,3,C3 (Western Residual),3.8,3.0118620808197587,2.0409981948667766,0.03263772376316294,1.0351986847389711e-05,0.7860520192788862,True,True
ceh39,3,C3 (Western Residual),3.9,3.0147181516743995,2.0379070520610285,0.03177966078535449,1.093757080655625e-05,0.7858189561412389,True,True
ceh39,3,C3 (Western Residual),4.0,3.017368576351675,2.0350458977595713,0.030962869548371505,1.1534413742731905e-05,0.7855937240244416,True,True
ceh39,3,C3 (Western Residual),4.1,3.0198317302395488,2.0323938375170227,0.030184613540838033,1.214168235146983e-05,0.7853760382950128,True,True
ceh39,3,C3 (Western Residual),4.2,3.0221240449616102,2.029932211691194,0.029442377766731257,1.2758566726905124e-05,0.7851656147757935,True,True
ceh39,3,C3 (Western Residual),4.3,3.0242602431627303,2.0276443231392713,0.028733848526298178,1.3384282162197976e-05,0.7849621725435171,True,True
ceh39,3,C3 (Western Residual),4.4,3.0262535417952487,2.0255152017329956,0.028056895118570395,1.401807053793477e-05,0.7847654360058685,True,True
ceh39,3,C3 (Western Residual),4.5,3.0281158284936507,2.023531400288387,0.02740955330118703,1.4659201341304514e-05,0.7845751364134348,True,True
ceh39,3,C3 (Western Residual),4.6,3.029857814915885,2.0216808173488197,0.02679001034879876,1.5306972358076085e-05,0.7843910129291937,True,True
ceh39,3,C3 (Western Residual),4.7,3.0314891703319886,2.019952542968122,0.026196591559920886,1.5960710078011333e-05,0.7842128133524406,True,True
ceh39,3,C3 (Western Residual),4.8,3.0330186382420687,2.0183367242319936,0.02562774807241832,1.6619769851670434e-05,0.7840402945737919,True,True
ceh39,3,C3 (Western Residual),4.9,3.0344541383837074,2.0168244477526622,0.025082045858785533,1.7283535834004087e-05,0.7838732228218938,True,True
ceh39,3,C3 (Western Residual),5.0,3.0358028561369226,2.0154076367883587,0.02455815578350467,1.795142074675471e-05,0.7837113737498345,True,True
ceh39,3,C3 (Western Residual),5.1,3.037071321037093,2.0140789609892664,0.024054844615524137,1.8622865488895493e-05,0.7835545323992387,True,True
ceh39,3,C3 (Western Residual),5.2,3.0382654758551224,2.0128317570669068,0.023570966899154958,1.9297338621147966e-05,0.7834024930720882,True,True
ceh39,3,C3 (Western Residual),5.3,3.039390737492991,2.0116599589315762,0.023105457596228462,1.9974335747690692e-05,0.7832550591340107,True,True
ceh39,3,C3 (Western Residual),5.4,3.040452050764273,2.0105580360533697,0.022657325421164005,2.065337881557588e-05,0.7831120427677646,True,True
ceh39,3,C3 (Western Residual),5.5,3.041453935976654,2.0095209389789197,0.022225646798652965,2.133401534968863e-05,0.7829732646916632,True,True
ceh39,3,C3 (Western Residual),5.6,3.0424005311065274,2.008544051087133,0.02180956038096033,2.2015817638863677e-05,0.7828385538545083,True,True
ceh39,3,C3 (Western Residual),5.7,3.0432956292439997,2.0076231457943474,0.021408262068449292,2.2698381886676218e-05,0.7827077471160692,True,True
ceh39,3,C3 (Western Residual),5.8,3.0441427118972015,2.0067543485285357,0.021021000482865548,2.338132733840187e-05,0.7825806889201341,True,True
ceh39,3,C3 (Western Residual),5.9,3.0449449786610714,2.0059341028845044,0.02064707284823884,2.4064295394175776e-05,0.7824572309655506,True,True
ceh39,3,C3 (Western Residual),6.0,3.0457053736922806,2.005159140450756,0.02028582123902783,2.4746948716563117e-05,0.7823372318793995,True,True
ceh39,3,C3 (Western Residual),6.1,3.046426609370659,2.004426453867146,0.019936629159380555,2.542897033979849e-05,0.7822205568954217,True,True
ceh39,3,C3 (Western Residual),6.2,3.0471111874795653,2.00373327272926,0.019598918421194718,2.6110062786333288e-05,0.7821070775400212,True,True
ceh39,3,C3 (Western Residual),6.3,3.0477614181935575,2.0030770420064807,0.01927214629202872,2.67899471959015e-05,0.781996671327518,True,True
ceh39,3,C3 (Western Residual),6.4,3.048379437126514,2.002455402681825,0.01895580288696222,2.7468362470570593e-05,0.781889221465825,True,True
ceh39,3,C3 (Western Residual),6.5,3.0489672206596428,2.001866174360554,0.018649408781162165,2.8145064439476334e-05,0.7817846165733213,True,True
ceh39,3,C3 (Western Residual),6.6,3.0495265997431695,2.0013073396242542,0.018352512822334202,2.8819825045341643e-05,0.7816827504073864,True,True
ceh39,3,C3 (Western Residual),6.7,3.0500592723402735,2.0007770299362146,0.01806469012435768,2.94924315550339e-05,0.7815835216048137,True,True
ceh39,3,C3 (Western Residual),6.8,3.050566814662507,2.0002735129267664,0.01778554022532109,3.0162685795302674e-05,0.7814868334341343,True,True
ceh39,3,C3 (Western Residual),6.9,3.0510506913276756,1.9997951809085455,0.017514685394857545,3.0830403414978934e-05,0.7813925935597407,True,True
ceh39,3,C3 (Western Residual),7.0,3.0515122645540105,1.999340540488845,0.017251769077211165,3.14954131740436e-05,0.781300713817592,True,True
ceh39,3,C3 (Western Residual),7.1,3.05195280249419,1.9989082031629004,0.01699645445780137,3.215755626015804e-05,0.7812111100021978,True,True
ceh39,3,C3 (Western Residual),7.2,3.0523734867987042,1.998496876784586,0.01674842314227315,3.2816685632636595e-05,0.7811237016645278,True,True
ceh39,3,C3 (Western Residual),7.3,3.0527754194868058,1.9981053578234758,0.01650737393809782,3.347266539359406e-05,0.7810384119204481,True,True
ceh39,3,C3 (Western Residual),7.4,3.053159629197478,1.9977325243274784,0.016273021729747227,3.4125370186335554e-05,0.7809551672692613,True,True
ceh39,3,C3 (Western Residual),7.5,3.0535270768813865,1.997377329519275,0.016045096439339147,3.4774684620229224e-05,0.780873897421916,True,True
ceh39,3,C3 (Western Residual),7.6,3.053878660991471,1.9970387959631628,0.015823342065419133,3.5420502721783686e-05,0.7807945351384393,True,True
ceh39,3,C3 (Western Residual),7.7,3.0542152222191516,1.9967160102452377,0.0156075157932458,3.606272741098451e-05,0.7807170160741506,True,True
ceh39,3,C3 (Western Residual),7.8,3.0545375478229118,1.9964081181169737,0.015397387170557482,3.670127000257474e-05,0.780641278634219,True,True
ceh39,3,C3 (Western Residual),7.9,3.0548463755872843,1.9961143200567522,0.015192737343373973,3.7336049731120985e-05,0.7805672638361362,True,True
ceh39,3,C3 (Western Residual),8.0,3.0551423974468874,1.9958338672095164,0.01499335834687505,3.796699329942381e-05,0.7804949151796876,True,True
ceh40,3,C3 (Western Residual),0.5,1.9292990489756852,2.7476639408890726,0.1811329821350189,5.32760491274128e-07,0.695086795418717,True,True
ceh40,3,C3 (Western Residual),0.6,2.047621738680104,2.604342116525591,0.17478062968076497,3.4692784215563204e-07,0.6976901789921892,True,True
ceh40,3,C3 (Western Residual),0.7,2.1566174277884462,2.4714058836798682,0.16652230363141768,2.890450424487936e-07,0.6987920696177727,True,True
ceh40,3,C3 (Western Residual),0.8,2.2536788418946445,2.3523078228753724,0.15727498651302216,2.908956051580104e-07,0.6987536041456502,True,True
ceh40,3,C3 (Western Residual),0.9,2.3381331100980742,2.248105093078051,0.14771374532119985,3.348633179535612e-07,0.6979041184622689,True,True
ceh40,3,C3 (Western Residual),1.0,2.410501799506995,2.1583476808843494,0.13829019960453226,4.213269289522103e-07,0.696513416597883,True,True
ceh40,3,C3 (Western Residual),1.1,2.471922709609902,2.081784761895851,0.1292793780027185,5.595707770440643e-07,0.6947875667054226,True,True
ceh40,3,C3 (Western Residual),1.2,2.5237664158492863,2.016840320216834,0.12082971972528597,7.64934118701385e-07,0.6928763072832713,True,True
ceh40,3,C3 (Western Residual),1.3,2.567412414391879,1.9618956834670778,0.1130051333622227,1.0576777801545114e-06,0.690884302064642,True,True
ceh40,3,C3 (Western Residual),1.4,2.6041348841724097,1.9154374747469032,0.10581640507530216,1.4622143632185428e-06,0.6888822399358603,True,True
ceh40,3,C3 (Western Residual),1.5,2.6350556415683153,1.8761219039852486,0.09924300497545267,2.0062780931427676e-06,0.686916184578362,True,True
ceh40,3,C3 (Western Residual),1.6,2.6611345834049507,1.8427916014714345,0.0932474738223702,2.7199382594291966e-06,0.6850148366535178,True,True
ceh40,3,C3 (Western Residual),1.7,2.683178972658294,1.814468010656921,0.08778453111980414,3.6344915176286083e-06,0.6831949123239882,True,True
ceh40,3,C3 (Western Residual),1.8,2.70186074292799,1.7903328793451663,0.08280661599957087,4.781317041784876e-06,0.6814650087454031,True,True
ceh40,3,C3 (Western Residual),1.9,2.717735967403863,1.7697062917086392,0.07826710217185653,6.190784934396112e-06,0.6798283270009199,True,True
ceh40,3,C3 (Western Residual),2.0,2.7312635824403526,1.7520250293454298,0.0741220385888398,7.891292567299618e-06,0.6782845630166566,True,True
ceh40,3,C3 (Western Residual),2.1,2.7428221061161477,1.736822975237088,0.07033097984272933,9.908478474630108e-06,0.6768312061069665,True,True
ceh40,3,C3 (Western Residual),2.2,2.7527239672256796,1.723714156680178,0.06685727071503046,1.2264637406637291e-05,0.6754644218469912,True,True
ceh40,3,C3 (Western Residual),2.3,2.7612274921926323,1.7123784581452632,0.0636680158125424,1.4978337977778329e-05,0.6741796460747026,True,True
ceh40,3,C3 (Western Residual),2.4,2.7685467865292646,1.7025497767492976,0.06073387808167377,1.806422805819008e-05,0.6729719795184812,True,True
ceh40,3,C3 (Western Residual),2.5,2.7748598093371415,1.6940062981428992,0.058028794051253316,2.1533002868498545e-05,0.671836445566135,True,True
ceh40,3,C3 (Western Residual),2.6,2.780314938597062,1.6865625580737844,0.055529658211573324,2.5391505810847574e-05,0.6707681545635655,True,True
ceh40,3,C3 (Western Residual),2.7,2.78503629659885,1.680062980297894,0.05321600674642102,2.9642931145962874e-05,0.6697624046330485,True,True
ceh40,3,C3 (Western Residual),2.8,2.7891280670062084,1.6743766213934395,0.051069717113888746,3.428709941844235e-05,0.6688147396833283,True,True
ceh40,3,C3 (Western Residual),2.9,2.792677996680428,1.6693928955651276,0.049074731617607545,3.932077992669585e-05,0.6679209788302787,True,True
ceh40,3,C3 (Western Residual),3.0,2.7957602404758823,1.665018092215305,0.0472168081299006,4.473803867236669e-05,0.6670772269869149,True,True
ceh40,3,C3 (Western Residual),3.1,2.7984376771733563,1.661172533753064,0.045483298251964066,5.053059450450996e-05,0.6662798733023436,True,True
ceh40,3,C3 (Western Residual),3.2,2.800763799672041,1.657788250340233,0.043862951618378596,5.668817021176521e-05,0.6655255820041721,True,True
ceh40,3,C3 (Western Residual),3.3,2.8027842620927474,1.6548070723535329,0.04234574426600848,6.319882890045016e-05,0.6648112787326284,True,True
ceh40,3,C3 (Western Residual),3.4,2.804538149916927,1.6521790609040847,0.040922728672155524,7.004928903172164e-05,0.6641341344433397,True,True
ceh40,3,C3 (Western Residual),3.5,2.806059026044737,1.6498612125109375,0.03958590302492488,7.722521396630864e-05,0.6634915482588768,True,True
ceh40,3,C3 (Western Residual),3.6,2.8073757950911333,1.6478163866468116,0.038328097397488214,8.471147381508845e-05,0.6628811301698447,True,True
ceh40,3,C3 (Western Residual),3.7,2.8085134198328885,1.6460124149561106,0.037142874682463425,9.249237887757548e-05,0.6623006841576391,True,True
ceh40,3,C3 (Western Residual),3.8,2.8094935170334407,1.64442135898792,0.036024444358162454,0.00010055188503967079,0.6617481920866868,True,True
ceh40,3,C3 (Western Residual),3.9,2.810334854557726,1.6430188897025273,0.03496758737899184,0.00010887377226736896,0.6612217985620586,True,True
ceh40,3,C3 (Western Residual),4.0,2.8110537674536737,1.6417837671312543,0.03396759069345687,0.00011744179783903666,0.6607197968465188,True,True
ceh40,3,C3 (Western Residual),4.1,2.811664507302648,1.6406974026633847,0.03302019008767457,0.00012623982626495679,0.6602406158639231,True,True
ceh40,3,C3 (Western Residual),4.2,2.812179536443363,1.6397434897134198,0.032121520227060885,0.00013525193799687245,0.6597828082726491,True,True
ceh40,3,C3 (Western Residual),4.3,2.812609776512433,1.6389076911528844,0.03126807092336432,0.0001444625190710444,0.6593450395659348,True,True
ceh40,3,C3 (Western Residual),4.4,2.8129648190104177,1.6381773740090988,0.030456648789261038,0.00015385633379253288,0.6589260781403963,True,True
ceh40,3,C3 (Western Residual),4.5,2.8132531042045548,1.637541383641353,0.029684343559902057,0.00016341858247570512,0.6585247862659656,True,True
ceh40,3,C3 (Western Residual),4.6,2.813482073551694,1.6369898509865268,0.028948498461890116,0.00017313494612986732,0.6581401118874933,True,True
ceh40,3,C3 (Western Residual),4.7,2.8136582999109985,1.636514027587667,0.028246684097053658,0.00018299161983335296,0.657771081188548,True,True
ceh40,3,C3 (Western Residual),4.8,2.8137875990743053,1.6361061440302496,0.02757667538292384,0.00019297533638294625,0.6574167918502969,True,True
ceh40,3,C3 (Western Residual),4.9,2.813875125537292,1.6357592881556728,0.026936431155610712,0.00020307338164956182,0.657076406941953,True,True
ceh40,3,C3 (Western Residual),5.0,2.8139254549408173,1.6354673000294855,0.026324076095396214,0.00021327360291687006,0.6567491493835291,True,True
ceh40,3,C3 (Western Residual),5.1,2.813942655207801,1.635224681142172,0.025737884682036305,0.00022356441133547189,0.6564342969261912,True,True
ceh40,3,C3 (Western Residual),5.2,2.813930348067525,1.6350265157308683,0.02517626692674839,0.00023393477948728834,0.6561311776000975,True,True
ceh40,3,C3 (Western Residual),5.3,2.8138917623856674,1.6348684024502398,0.024637755662041443,0.00024437423493112295,0.6558391655840791,True,True
ceh40,3,C3 (Western Residual),5.4,2.8138297804924486,1.6347463949008105,0.02412099519985464,0.0002548728504861125,0.6555576774557557,True,True
ceh40,3,C3 (Western Residual),5.5,2.8137469785123166,1.6346569497570032,0.02362473119359558,0.0002654212319062598,0.6552861687846746,True,True
ceh40,3,C3 (Western Residual),5.6,2.813645661544312,1.6345968814302958,0.0231478015612306,0.0002760105035086831,0.6550241310347216,True,True
ceh40,3,C3 (Western Residual),5.7,2.8135278944103748,1.6345633223650138,0.02268912834511775,0.00028663229223649335,0.6547710887454206,True,True
ceh40,3,C3 (Western Residual),5.8,2.8133955285820997,1.6345536881995824,0.022247710400240192,0.0002972787105636942,0.6545265969648146,True,True
ceh40,3,C3 (Western Residual),5.9,2.813250225804531,1.6345656471396315,0.021822616816226652,0.00030794233858965394,0.6542902389093873,True,True
ceh40,3,C3 (Western Residual),6.0,2.813093478858957,1.6345970929846136,0.0214129809904394,0.00031861620561271335,0.6540616238289947,True,True
ceh40,3,C3 (Western Residual),6.1,2.812926629843866,1.6346461213300274,0.021017995279657732,0.0003292937714250231,0.6538403850570325,True,True
ceh40,3,C3 (Western Residual),6.2,2.8127508862965813,1.6347110085356023,0.020636906166774962,0.0003399689075308845,0.6536261782280874,True,True
ceh40,3,C3 (Western Residual),6.3,2.812567335435329,1.6347901931065605,0.020269009886631287,0.0003506358784531506,0.6534186796471385,True,True
ceh40,3,C3 (Western Residual),6.4,2.812376956759789,1.634882259185087,0.019913648461797398,0.000361289323262471,0.6532175847959959,True,True
ceh40,3,C3 (Western Residual),6.5,2.812180633216613,1.6349859218893146,0.019570206104947557,0.00037192423743661777,0.6530226069641258,True,True
ceh40,3,C3 (Western Residual),6.6,2.8119791611085843,1.6351000142735532,0.019238105949529013,0.00038253595513713267,0.6528334759923056,True,True
ceh40,3,C3 (Western Residual),6.7,2.8117732589007427,1.6352234757134285,0.018916807074865264,0.0003931201319684002,0.6526499371187168,True,True
ceh40,3,C3 (Western Residual),6.8,2.811563575057382,1.6353553415449582,0.0186058017957026,0.00040367272826921966,0.6524717499181298,True,True
ceh40,3,C3 (Western Residual),6.9,2.8113506950269525,1.635494733809868,0.018304613189586566,0.00041418999297538684,0.6522986873257552,True,True
ceh40,3,C3 (Western Residual),7.0,2.8111351474734825,1.635640852977461,0.018012792838439907,0.00042466844807609446,0.6521305347381754,True,True
ceh40,3,C3 (Western Residual),7.1,2.8109174098457643,1.635792970530372,0.01772991876330548,0.00043510487368146795,0.6519670891845131,True,True
ceh40,3,C3 (Western Residual),7.2,2.810697913358397,1.6359504223157106,0.01745559353352285,0.0004454962937092098,0.6518081585616565,True,True
ceh40,3,C3 (Western Residual),7.3,2.810477047453091,1.63611260257486,0.017189442533624047,0.00045583996218936885,0.651653560927965,True,True
ceh40,3,C3 (Western Residual),7.4,2.8102551637992192,1.636278958576718,0.01693111237300892,0.0004661333501868745,0.6515031238504019,True,True
ceh40,3,C3 (Western Residual),7.5,2.8100325798851653,1.6364489857871152,0.01668026942504702,0.0004763741333296316,0.651356683800537,True,True
ceh40,3,C3 (Western Residual),7.6,2.8098095822451508,1.6366222235164725,0.016436598483629473,0.0004865601799338416,0.6512140855952762,True,True
ceh40,3,C3 (Western Residual),7.7,2.8095864293626573,1.636798250993624,0.016199801526442063,0.000496689539709479,0.6510751818785732,True,True
ceh40,3,C3 (Western Residual),7.8,2.809363354284637,1.6369766838204347,0.015969596575312824,0.0005067604330316115,0.6509398326407205,True,True
ceh40,3,C3 (Western Residual),7.9,2.8091405669782654,1.6371571707669657,0.01574571664496789,0.0005167712407569091,0.6508079047721304,True,True
ceh40,3,C3 (Western Residual),8.0,2.808918256456873,1.6373393908714315,0.01552790877238067,0.0005267204945707302,0.6506792716487999,True,True
ceh41,3,C3 (Western Residual),0.5,2.4006461477640855,3.0593962421633174,0.15415295146678876,1.501711921654855e-07,0.7645099587556444,True,True
ceh41,3,C3 (Western Residual),0.6,2.4976194343206948,2.941846728828291,0.14775612694668377,1.1871357817889264e-07,0.7656168644873232,True,True
ceh41,3,C3 (Western Residual),0.7,2.5855156182079293,2.834895728202607,0.14070204043611184,1.0994644684903916e-07,0.7659771303616019,True,True
ceh41,3,C3 (Western Residual),0.8,2.663790450846146,2.7393229237639307,0.1333989656268034,1.1477944753404605e-07,0.7657751811749012,True,True
ceh41,3,C3 (Western Residual),0.9,2.7326610053386373,2.6549619331664243,0.12613292519333846,1.3062256447160015e-07,0.7651672556009542,True,True
ceh41,3,C3 (Western Residual),1.0,2.792780480205283,2.581095079258529,0.11909092153084826,1.5771370615160796e-07,0.764278605104739,True,True
ceh41,3,C3 (Western Residual),1.1,2.8450090405530237,2.51673425197286,0.11238561165902042,1.9784247782344386e-07,0.7632057716932856,True,True
ceh41,3,C3 (Western Residual),1.2,2.890267160051155,2.460802512467352,0.10607686337865538,2.5385330259670753e-07,0.7620209968480975,True,True
ceh41,3,C3 (Western Residual),1.3,2.9294499908854137,2.4122415484781268,0.10018875297186708,3.2941316456840085e-07,0.7607770543174376,True,True
ceh41,3,C3 (Western Residual),1.4,2.9633827937388952,2.370068805205248,0.09472214037853735,4.2886342711283806e-07,0.759511674099287,True,True
ceh41,3,C3 (Western Residual),1.5,2.9928020618382885,2.3334028327520766,0.08966357048075722,5.570893987477638e-07,0.7582512465617652,True,True
ceh41,3,C3 (Western Residual),1.6,3.0183516738612317,2.3014698299576826,0.08499136434356588,7.193852474134227e-07,0.7570137670389384,True,True
ceh41,3,C3 (Western Residual),1.7,3.040587164142978,2.2735998630309124,0.0806796677563011,9.213103794146716e-07,0.7558111014443358,True,True
ceh41,3,C3 (Western Residual),1.8,3.05998386544097,2.2492180100483177,0.07670106505594118,1.1685413030575507e-06,0.7546506923595914,True,True
ceh41,3,C3 (Western Residual),1.9,3.0769464456368167,2.227833528847225,0.07302821038942772,1.4667258047453029e-06,0.7535368250837637,True,True
ceh41,3,C3 (Western Residual),2.0,3.0918184732661125,2.2090287782158753,0.06963479971417785,1.8213464149827779e-06,0.7524715574742837,True,True
ceh41,3,C3 (Western Residual),2.1,3.104891321391449,2.192448787232838,0.0664961086898198,2.2375989333957963e-06,0.751455397647405,True,True
ceh41,3,C3 (Western Residual),2.2,3.1164121127025903,2.177791876166756,0.0635892503273719,2.7202900020520468e-06,0.7504877948851248,True,True
ceh41,3,C3 (Western Residual),2.3,3.1265906281320195,2.164801454864116,0.06089325601007343,3.273755853643502e-06,0.7495674932827113,True,True
ceh41,3,C3 (Western Residual),2.4,3.1356052162351085,2.153258976455086,0.058389048776549934,3.901802699776522e-06,0.7486927850887662,True,True
ceh41,3,C3 (Western Residual),2.5,3.1436077946676075,2.142977952177864,0.05605935409893096,4.607667903161979e-06,0.7478616910216705,True,True
ceh41,3,C3 (Western Residual),2.6,3.1507280548938006,2.1337989044014183,0.05388857743972221,5.394000135049311e-06,0.7470720875759693,True,True
ceh41,3,C3 (Western Residual),2.7,3.157076982660099,2.1255851298255615,0.051862667213425896,6.26285613331434e-06,0.7463217959392576,True,True
ceh41,3,C3 (Western Residual),2.8,3.1627497990310234,2.118219151776631,0.0499689747149263,7.215711391897127e-06,0.7456086431740454,True,True
ceh41,3,C3 (Western Residual),2.9,3.1678284151643705,2.1115997528603785,0.048196117935164845,8.253482061654838e-06,0.7449305034178408,True,True
ceh41,3,C3 (Western Residual),3.0,3.172383481375255,2.105639493299246,0.0465338531664099,9.376555459472092e-06,0.7442853247389256,True,True
ceh41,3,C3 (Western Residual),3.1,3.176476098884649,2.100262634133952,0.04497295636312083,1.0584826808065705e-05,0.7436711457447626,True,True
ceh41,3,C3 (Western Residual),3.2,3.180159251647394,2.0954033971744597,0.043505115005308834,1.1877740115736438e-05,0.7430861049188975,True,True
ceh41,3,C3 (Western Residual),3.3,3.1834790060596774,2.091004504775701,0.04212283046470817,1.3254331417137076e-05,0.742528444846305,True,True
ceh41,3,C3 (Western Residual),3.4,3.1864755181544266,2.0870159521241014,0.040819330436311516,1.471327290716723e-05,0.74199651289302,True,True
ceh41,3,C3 (Western Residual),3.5,3.1891838810127453,2.083393972842024,0.03958849075977779,1.625291679350674e-05,0.7414887594730134,True,True
ceh41,3,C3 (Western Residual),3.6,3.1916348393878824,2.080100165504529,0.038424765844462846,1.7871337958466607e-05,0.7410037347196674,True,True
ceh41,3,C3 (Western Residual),3.7,3.1938553938003604,2.07710075429688,0.03732312688034792,1.9566374753573516e-05,0.740540084148981,True,True
ceh41,3,C3 (Western Residual),3.8,3.1958693124602013,2.074365961694219,0.03627900703357579,2.1335667448119944e-05,0.7400965437336806,True,True
ceh41,3,C3 (Western Residual),3.9,3.1976975661646088,2.07186947487828,0.03528825286903883,2.317669401778922e-05,0.7396719346849062,True,True
ceh41,3,C3 (Western Residual),4.0,3.199358698688616,2.069587990758139,0.03434708130032992,2.5086803093393768e-05,0.7392651581488777,True,True
ceh41,3,C3 (Western Residual),4.1,3.200869143028492,2.067500827053035,0.033452041431035244,2.706324399599895e-05,0.7388751899610108,True,True
ceh41,3,C3 (Western Residual),4.2,3.202243492084999,2.065589589024989,0.03259998071561403,2.9103193867173484e-05,0.7385010755528387,True,True
ceh41,3,C3 (Western Residual),4.3,3.2034947309223063,2.0638378832005078,0.03178801492998778,3.120378196487705e-05,0.7381419250730652,True,True
ceh41,3,C3 (Western Residual),4.4,3.2046344365397577,2.0622310708632945,0.031013501499713946,3.336211124073412e-05,0.737796908759627,True,True
ceh41,3,C3 (Western Residual),4.5,3.2056729501116052,2.0607560552888247,0.030274015786492782,3.557527734534693e-05,0.7374652525822278,True,True
ceh41,3,C3 (Western Residual),4.6,3.2066195258373305,2.0594010976744404,0.029567329981442257,3.784038522855941e-05,0.7371462341625492,True,True
ceh41,3,C3 (Western Residual),4.7,3.2074824598738507,2.0581556575303566,0.02889139429622018,4.015456351226956e-05,0.7368391789708454,True,True
ceh41,3,C3 (Western Residual),4.8,3.2082692022658152,2.057010253971681,0.028244320180844804,4.251497681824451e-05,0.7365434567918843,True,True
ceh41,3,C3 (Western Residual),4.9,3.2089864543301436,2.055956344910287,0.027624365330434216,4.491883623235484e-05,0.7362584784494526,True,True
ceh41,3,C3 (Western Residual),5.0,3.209640253565786,2.0549862216116415,0.027029920272403585,4.736340808190826e-05,0.7359836927763295,True,True
ceh41,3,C3 (Western Residual),5.1,3.2102360478427823,2.054092916470333,0.02645949635134802,4.984602119578682e-05,0.7357185838153665,True,True
ceh41,3,C3 (Western Residual),5.2,3.2107787603560123,2.0532701221825986,0.025911714951332133,5.236407280767832e-05,0.7354626682367663,True,True
ceh41,3,C3 (Western Residual),5.3,3.211272846606116,2.0525121207666004,0.025385297814953692,5.491503325264658e-05,0.735215492956625,True,True
ceh41,3,C3 (Western Residual),5.4,3.211722344484383,2.0518137211101575,0.02487905833571003,5.7496449595979505e-05,0.7349766329421219,True,True
ceh41,3,C3 (Western Residual),5.5,3.2121309183783997,2.0511702039171786,0.024391893715155523,6.010594832315919e-05,0.7347456891892907,True,True
ceh41,3,C3 (Western Residual),5.6,3.212501898084113,2.050577273087282,0.02392277788944053,6.274123720730087e-05,0.7345222868600001,True,True
ceh41,3,C3 (Western Residual),5.7,3.212838313197394,2.0500310126996224,0.02347075514120609,6.540010646124496e-05,0.7343060735655477,True,True
ceh41,3,C3 (Western Residual),5.8,3.2131429235638977,2.049527848888718,0.023034934322790183,6.808042927045395e-05,0.7340967177850908,True,True
ceh41,3,C3 (Western Residual),5.9,3.2134182462838634,2.049064515997935,0.022614483625421872,7.07801617930993e-05,0.7338939074079548,True,True
ceh41,3,C3 (Western Residual),6.0,3.2136665797023376,2.048638026481365,0.02220862583667554,7.349734270562209e-05,0.733697348389672,True,True
ceh41,3,C3 (Western Residual),6.1,3.2138900247548214,2.048245644095295,0.021816634035157528,7.623009236235695e-05,0.733506763512388,True,True
ceh41,3,C3 (Western Residual),6.2,3.214090503990632,2.047884859982337,0.02143782767721415,7.897661163144454e-05,0.7333218912410056,True,True
ceh41,3,C3 (Western Residual),6.3,3.2142697785517584,2.0475533713033265,0.021071569035591618,8.1735180461385e-05,0.7331424846671524,True,True
ceh41,3,C3 (Western Residual),6.4,3.2144294633500063,2.0472490621169497,0.020717259954474217,8.450415622626965e-05,0.7329683105336977,True,True
ceh41,3,C3 (Western Residual),6.5,3.214571040653322,2.046969986245934,0.020374338889279926,8.728197189213497e-05,0.732799148333167,True,True
ceh41,3,C3 (Western Residual),6.6,3.2146958722650636,2.0467143519013016,0.020042278203072823,9.006713404180194e-05,0.7326347894739595,True,True
ceh41,3,C3 (Western Residual),6.7,3.214805210456983,2.0464805078654744,0.01972058169452147,9.285822079009755e-05,0.7324750365087949,True,True
ceh41,3,C3 (Western Residual),6.8,3.2149002077970104,2.046266931059283,0.019408782335029295,9.565387961803297e-05,0.732319702420295,True,True
ceh41,3,C3 (Western Residual),6.9,3.2149819259945636,2.046072215339635,0.019106440195056505,9.845282515037052e-05,0.7321686099590459,True,True
ceh41,3,C3 (Western Residual),7.0,3.2150513438722443,2.0458950613929234,0.01881314054176334,0.00010125383689700874,0.7320215910298813,True,True
ceh41,3,C3 (Western Residual),7.1,3.215109364558968,2.045734267605693,0.018528492091968718,0.00010405575697693096,0.7318784861225038,True,True
ceh41,3,C3 (Western Residual),7.2,3.215156821988434,2.045588721808172,0.01825212540607314,0.00010685748784015964,0.7317391437828848,True,True
ceh41,3,C3 (Western Residual),7.3,3.215194486776736,2.0454573937979372,0.017983691410079293,0.00010965798999961088,0.7316034201222001,True,True
ceh41,3,C3 (Western Residual),7.4,3.215223071545725,2.0453393285624073,0.017722860034120408,0.0001124562797856251,0.7314711783603286,True,True
ceh41,3,C3 (Western Residual),7.5,3.215243235747079,2.045233640127842,0.01746931895709725,0.0001152514271309369,0.7313422884011984,True,True
ceh41,3,C3 (Western Residual),7.6,3.2152555900429167,2.0451395059706643,0.01722277244803832,0.00011804255339407703,0.7312166264374972,True,True
ceh41,3,C3 (Western Residual),7.7,3.215260700283563,2.0450561619342222,0.016982940295724794,0.00012082882922805267,0.7310940745824704,True,True
ceh41,3,C3 (Western Residual),7.8,3.215259091126587,2.0449828976005966,0.01674955681894897,0.00012360947249806682,0.730974520526727,True,True
ceh41,3,C3 (Western Residual),7.9,3.2152512493310352,2.044919052072001,0.01652236995050258,0.00012638374625355704,0.7308578572181423,True,True
ceh41,3,C3 (Western Residual),8.0,3.2152376267598752,2.0448640101219766,0.01630114038865179,0.00012915095675657102,0.7307439825631136,True,True
ceh42,3,C3 (Western Residual),0.5,2.231009163315714,2.63154578840001,0.18510338595988432,6.410119239327632e-09,0.7022456453384768,True,True
ceh42,3,C3 (Western Residual),0.6,2.3445117941404403,2.486504077036085,0.18033966958185774,2.3145886695969737e-09,0.7082999712533296,True,True
ceh42,3,C3 (Western Residual),0.7,2.448727850383574,2.3494478259114784,0.17409179816657097,1.0874999744412263e-09,0.7127150036028322,True,True
ceh42,3,C3 (Western Residual),0.8,2.5424459010830964,2.2230948935761683,0.16697536334549118,6.406054086514365e-10,0.7157708767341164,True,True
ceh42,3,C3 (Western Residual),0.9,2.6255334836938014,2.10855878185502,0.1594517717221356,4.543014263338476e-10,0.7177387991502249,True,True
ceh42,3,C3 (Western Residual),1.0,2.698511336325889,2.0058944119574997,0.1518469350322268,3.732168962925634e-10,0.7188588436666659,True,True
ceh42,3,C3 (Western Residual),1.1,2.762241535151455,1.91452637864985,0.14437871375705263,3.4339144577725216e-10,0.7193320753027218,True,True
ceh42,3,C3 (Western Residual),1.2,2.817721403254942,1.8335507432478342,0.13718412211938338,3.4406892163036506e-10,0.7193208854003299,True,True
ceh42,3,C3 (Western Residual),1.3,2.8659588610228095,1.7619312954156543,0.1303424104058314,3.670714883325772e-10,0.7189532397984406,True,True
ceh42,3,C3 (Western Residual),1.4,2.907904038402583,1.6986182670407266,0.12389305710518854,4.0968338202950696e-10,0.7183282622117989,True,True
ceh42,3,C3 (Western Residual),1.5,2.944416881618558,1.6426144588288007,0.11784906841149281,4.718996605656757e-10,0.7175217951504342,True,True
ceh42,3,C3 (Western Residual),1.6,2.9762563279221963,1.5930077690932722,0.11220645820285736,5.552471761795729e-10,0.716591332240091,True,True
ceh42,3,C3 (Western Residual),1.7,3.00408153443118,1.5489833534566184,0.10695082490389476,6.622240242897971e-10,0.7155801301320424,True,True
ceh42,3,C3 (Western Residual),1.8,3.0284592279379785,1.5098241138279678,0.10206181330826652,7.959993800206343e-10,0.7145205125983511,True,True
ceh42,3,C3 (Western Residual),1.9,3.0498736511365174,1.474904992442441,0.09751607847430732,9.602285388775682e-10,0.7134364652277335,True,True
ceh42,3,C3 (Western Residual),2.0,3.068737116823077,1.443684388342998,0.09328920997483878,1.1589209290572506e-09,0.7123456434711104,True,True
ceh42,3,C3 (Western Residual),2.1,3.0854001223132164,1.4156946262185377,0.08935694579961037,1.396333654670453e-09,0.7112609123259589,True,True
ceh42,3,C3 (Western Residual),2.2,3.100160531787627,1.3905325434672458,0.08569590744090806,1.6768785969288803e-09,0.7101915201266171,True,True
ceh42,3,C3 (Western Residual),2.3,3.1132716496726442,1.367850738298227,0.08228401651130723,2.0050382310057624e-09,0.7091439903585114,True,True
ceh42,3,C3 (Western Residual),2.4,3.124949178315677,1.3473497143686974,0.07910070270966998,2.3852886120749085e-09,0.7081227980018985,True,True
ceh42,3,C3 (Western Residual),2.5,3.1353771379001634,1.3287709835097599,0.07612697766552527,2.8220294243346397e-09,0.7071308820570789,True,True
ceh42,3,C3 (Western Residual),2.6,3.144712862438845,1.3118910948786824,0.07334542482760749,3.3195215029463195e-09,0.7061700338639059,True,True
ceh42,3,C3 (Western Residual),2.7,3.1530911948039537,1.2965165134430614,0.07074013887256729,3.881832297276359e-09,0.7052411913602497,True,True
ceh42,3,C3 (Western Residual),2.8,3.1606279990400745,1.282479252778074,0.06829663674646358,4.5127895898163904e-09,0.7043446621150014,True,True
ceh42,3,C3 (Western Residual),2.9,3.1674230970793076,1.2696331644633152,0.066001754754401,5.215943551588334e-09,0.7034802923939476,True,True
ceh42,3,C3 (Western Residual),3.0,3.1735627235710506,1.2578507915880586,0.06384354092594682,5.9945369730927665e-09,0.7026475952912364,True,True
ceh42,3,C3 (Western Residual),3.1,3.179121579038128,1.247020702750643,0.06181114840716442,6.851483296688546e-09,0.7018458477706906,True,True
ceh42,3,C3 (Western Residual),3.2,3.1841645490515047,1.2370452330534343,0.059894733316250504,7.789351907871453e-09,0.7010741640602297,True,True
ceh42,3,C3 (Western Residual),3.3,3.188748146026227,1.2278385686429796,0.05808535897418053,8.810360023440649e-09,0.700331551035652,True,True
ceh42,3,C3 (Western Residual),3.4,3.19292172068618,1.2193251206676736,0.05637490742892189,9.916370441563481e-09,0.6996169498694408,True,True
ceh42,3,C3 (Western Residual),3.5,3.1967284821569892,1.211438142843241,0.05475599855764148,1.1108894386149853e-08,0.6989292671945952,True,True
ceh42,3,C3 (Western Residual),3.6,3.2002063588838006,1.2041185540564419,0.053221916637591606,1.2389098678421175e-08,0.6982673982589667,True,True
ceh42,3,C3 (Western Residual),3.7,3.2033887269538965,1.1973139336403151,0.05176654404258382,1.3757816494430187e-08,0.6976302439595436,True,True
ceh42,3,C3 (Western Residual),3.8,3.2063050277690257,1.1909776622104005,0.05038430159368461,1.521556101152347e-08,0.6970167232016883,True,True
ceh42,3,C3 (Western Residual),3.9,3.208981293194002,1.1850681853741762,0.04907009503309341,1.6762541303127967e-08,0.6964257816904624,True,True
ceh42,3,C3 (Western Residual),4.0,3.211440593170754,1.1795483813290473,0.04781926707419152,1.839867990490022e-08,0.6958563980037278,True,True
ceh42,3,C3 (Western Residual),4.1,3.2137034182117743,1.1743850164557608,0.04662755449186555,2.0123631541716527e-08,0.6953075876000218,True,True
ceh42,3,C3 (Western Residual),4.2,3.2157880070686895,1.1695482755901236,0.04549104974420229,2.1936802571781587e-08,0.6947784052636212,True,True
ceh42,3,C3 (Western Residual),4.3,3.2177106281349697,1.165011355800679,0.04440616665228565,2.3837370768146273e-08,0.6942679463736247,True,True
ceh42,3,C3 (Western Residual),4.4,3.219485821709469,1.1607501142856975,0.04336960970423864,2.5824305118714276e-08,0.6937753472949931,True,True
ceh42,3,C3 (Western Residual),4.5,3.221126609069646,1.1567427624894222,0.04237834658990413,2.7896385381209945e-08,0.6932997851209897,True,True
ceh42,3,C3 (Western Residual),4.6,3.2226446733308087,1.1529695997771314,0.041429583611713866,3.005222117996039e-08,0.6928404769435677,True,True
ceh42,3,C3 (Western Residual),4.7,3.2240505162632873,1.1494127810427002,0.04052074365429857,3.229027047629127e-08,0.6923966787873703,True,True
ceh42,3,C3 (Western Residual),4.8,3.225353594574372,1.1460561134862348,0.039649446429674766,3.4608857283370644e-08,0.6919676843113411,True,True
ceh42,3,C3 (Western Residual),4.9,3.2265624386077354,1.1428848785226675,0.03881349074614134,3.7006188530577416e-08,0.69155282335741,True,True
ceh42,3,C3 (Western Residual),5.0,3.2276847559549617,1.1398856753883297,0.03801083857732297,3.948037001133781e-08,0.6911514604066915,True,True
ceh42,3,C3 (Western Residual),5.1,3.228727522089075,1.1370462835214856,0.03723960073319277,4.202942137325984e-08,0.6907629929888695,True,True
ceh42,3,C3 (Western Residual),5.2,3.229697059810443,1.1343555412214683,0.03649802395757544,4.46512901295632e-08,0.6903868500789907,True,True
ceh42,3,C3 (Western Residual),5.3,3.2305991090273514,1.1318032384517496,0.03578447929678312,4.7343864687722627e-08,0.6900224905070212,True,True
ceh42,3,C3 (Western Residual),5.4,3.2314388881676246,1.129380021957682,0.0350974516018915,5.0104986405058216e-08,0.6896694013986415,True,True
ceh42,3,C3 (Western Residual),5.5,3.2322211483297654,1.1270773111276244,0.034435530042958004,5.2932460691426114e-08,0.6893270966604533,True,True
ceh42,3,C3 (Western Residual),5.6,3.232950221120932,1.1248872232451166,0.03379739952743141,5.5824067188071916e-08,0.6889951155186802,True,True
ceh42,3,C3 (Western Residual),5.7,3.2336300609952757,1.1228025069662655,0.03318183292730044,5.8777569057811385e-08,0.6886730211173019,True,True
ceh42,3,C3 (Western Residual),5.8,3.2342642827917505,1.1208164830141052,0.03258768403038553,6.179072142584381e-08,0.6883603991791732,True,True
ceh42,3,C3 (Western Residual),5.9,3.2348561950729877,1.1189229912180083,0.03201388114071883,6.486127901516542e-08,0.6880568567318539,True,True
ceh42,3,C3 (Western Residual),6.0,3.2354088297855625,1.1171163431409226,0.031459421261406134,6.798700302044285e-08,0.6877620208985176,True,True
ceh42,3,C3 (Western Residual),6.1,3.23592496869051,1.1153912796367593,0.03092336480077241,7.116566726700915e-08,0.6874755377532923,True,True
ceh42,3,C3 (Western Residual),6.2,3.2364071669535273,1.1137429327650676,0.030404830749155377,7.439506370074521e-08,0.6871970712396477,True,True
ceh42,3,C3 (Western Residual),6.3,3.2368577742336475,1.112166791563277,0.02990299227948261,7.76730072544526e-08,0.6869263021499202,True,True
ceh42,3,C3 (Western Residual),6.4,3.2372789535633766,1.1106586712398059,0.029417072729876235,8.099734013577342e-08,0.6866629271637034,True,True
ceh42,3,C3 (Western Residual),6.5,3.237672698277692,1.1092146854056555,0.028946341931030885,8.436593557928605e-08,0.6864066579425989,True,True
ceh42,3,C3 (Western Residual),6.6,3.2380408472144957,1.10783122100918,0.02849011284510207,8.777670110517122e-08,0.6861572202786855,True,True
ceh42,3,C3 (Western Residual),6.7,3.238385098383363,1.1065049156794173,0.02804773848636458,9.122758132385536e-08,0.6859143532939989,True,True
ceh42,3,C3 (Western Residual),6.8,3.2387070212725906,1.105232637218874,0.027618609097029092,9.47165603248483e-08,0.6856778086883072,True,True
ceh42,3,C3 (Western Residual),6.9,3.2390080679460977,1.1040114650171131,0.027202149554367862,9.824166368504733e-08,0.6854473500325016,True,True
ceh42,3,C3 (Western Residual),7.0,3.2392895830619683,1.1028386731835593,0.026797816987771873,1.0180096013095676e-07,0.6852227521049801,True,True
ceh42,3,C3 (Western Residual),7.1,3.239552812928445,1.1017117152211862,0.026405098586525212,1.0539256288606232e-07,0.685003800268492,True,True
ceh42,3,C3 (Western Residual),7.2,3.2397989137007825,1.1006282100831817,0.026023509581048716,1.0901463073263756e-07,0.6847902898850033,True,True
ceh42,3,C3 (Western Residual),7.3,3.2400289588090447,1.09958592947234,0.02565259138207201,1.1266536881605135e-07,0.6845820257662575,True,True
ceh42,3,C3 (Western Residual),7.4,3.2402439456970438,1.0985827862591555,0.025291909863744973,1.1634302921683753e-07,0.6843788216578129,True,True
ceh42,3,C3 (Western Residual),7.5,3.240444801943502,1.0976168239076145,0.024941053778071112,1.200459113146192e-07,0.6841804997544594,True,True
ceh42,3,C3 (Western Residual),7.6,3.240632390828059,1.0966862068104488,0.024599633289274545,1.2377236196474627e-07,0.6839868902450281,True,True
ceh42,3,C3 (Western Residual),7.7,3.2408075163985757,1.0957892114456116,0.024267278617805494,1.2752077550880194e-07,0.6837978308847265,True,True
ceh42,3,C3 (Western Residual),7.8,3.240970928088905,1.0949242182759682,0.02394363878466845,1.312895936375463e-07,0.683613166593236,True,True
ceh42,3,C3 (Western Residual),7.9,3.2411233249315385,1.0940897043215112,0.02362838044764847,1.3507730512215748e-07,0.6834327490769245,True,True
ceh42,3,C3 (Western Residual),8.0,3.2412653594047116,1.0932842363415576,0.023321186821783954,1.3888244543101233e-07,0.6832564364736218,True,True
wmc1,2,C2 (Dune),0.5,2.425956207593008,3.2121056484053723,0.22604667049033644,5.049411779359121e-10,0.7400909187594695,True,True
wmc1,2,C2 (Dune),0.6,2.5691957780768027,3.033299343812531,0.21884993714333176,1.8363436343132194e-10,0.7453553799465129,True,True
wmc1,2,C2 (Dune),0.7,2.70108604897943,2.8660577477886733,0.20994401198005344,9.20502912771696e-11,0.7488915171868192,True,True
wmc1,2,C2 (Dune),0.8,2.819770224003811,2.713520716419904,0.20014210722538026,6.016965298329706e-11,0.7510452148069772,True,True
wmc1,2,C2 (Dune),0.9,2.924946362748398,2.5767171656765226,0.1900304198931767,4.846886732008833e-11,0.7521338522633958,True,True
wmc1,2,C2 (Dune),1.0,3.017242465742439,2.455350706494671,0.18000439180662098,4.572790276951817e-11,0.7524261339237555,True,True
wmc1,2,C2 (Dune),1.1,3.097765326039868,2.3483881384242453,0.17031355533278061,4.84262999292861e-11,0.7521382662122633,True,True
wmc1,2,C2 (Dune),1.2,3.1678079679802638,2.2544548528779735,0.1611026802526634,5.565469693540788e-11,0.7514384189616726,True,True
wmc1,2,C2 (Dune),1.3,3.2286765262791053,2.1720787380293767,0.15244481709474983,6.763709820170183e-11,0.7504543670747355,True,True
wmc1,2,C2 (Dune),1.4,3.2815977016071436,2.099828472598191,0.1443658891780601,8.525047824209673e-11,0.7492815608736136,True,True
wmc1,2,C2 (Dune),1.5,3.327676507866696,2.036383741701739,0.1368621172584109,1.0985952069271567e-10,0.7479903753543113,True,True
wmc1,2,C2 (Dune),1.6,3.367883373819984,1.980564210299423,0.1299119412520699,1.432590483382623e-10,0.7466321211882789,True,True
wmc1,2,C2 (Dune),1.7,3.4030571664203455,1.9313349806209357,0.12348395328342829,1.8765187250239677e-10,0.7452438066125648,True,True
wmc1,2,C2 (Dune),1.8,3.433915982168479,1.8877996166241935,0.11754204413708533,2.4563385447203824e-10,0.7438518063671706,True,True
wmc1,2,C2 (Dune),1.9,3.4610709959018617,1.849187360396662,0.1120486519725303,3.201744528723805e-10,0.7424746397143627,True,True
wmc1,2,C2 (Dune),2.0,3.485040790970883,1.814838327891467,0.10696674343092763,4.145881687518636e-10,0.7411250508861005,True,True
wmc1,2,C2 (Dune),2.1,3.506264866587139,1.7841887337067042,0.10226096194785649,5.324958510144054e-10,0.739811556453958,True,True
wmc1,2,C2 (Dune),2.2,3.525115748361526,1.7567571648192444,0.09789823783579339,6.777767587354863e-10,0.7385395913815582,True,True
wmc1,2,C2 (Dune),2.3,3.541909529965573,1.7321323329814162,0.09384805700695552,8.545133329126144e-10,0.7373123557101926,True,True
wmc1,2,C2 (Dune),2.4,3.5569148824124985,1.7099624109065064,0.09008251847278795,1.0669311300525967e-09,0.7361314391331826,True,True
wmc1,2,C2 (Dune),2.5,3.5703606653273354,1.6899458894356534,0.08657626576402572,1.3193364895093818e-09,0.7349972812590078,True,True
wmc1,2,C2 (Dune),2.6,3.5824423111600234,1.6718238149959332,0.08330634736312179,1.616054366324907e-09,0.7339095104779625,True,True
wmc1,2,C2 (Dune),2.7,3.5933271574838086,1.6553732389161597,0.0802520413129021,1.9613684554786763e-09,0.7328671931588506,True,True
wmc1,2,C2 (Dune),2.8,3.603158890848426,1.6404017090783793,0.07739466603552267,2.3594653368983695e-09,0.7318690165830042,True,True
wmc1,2,C2 (Dune),2.9,3.6120612473267415,1.6267426464000536,0.07471739080216486,2.8143839413714333e-09,0.7309134228760992,True,True
wmc1,2,C2 (Dune),3.0,3.620141094847586,1.6142514661446006,0.07220505371329605,3.3299712177140792e-09,0.7299987066719104,True,True
wmc1,2,C2 (Dune),3.1,3.6274910031376804,1.6028023229101205,0.06984399146233469,3.909844499190596e-09,0.7291230859136624,True,True
wmc1,2,C2 (Dune),3.2,3.634191389730102,1.5922853762338138,0.06762188288269431,4.557360738463419e-09,0.7282847527510149,True,True
wmc1,2,C2 (Dune),3.3,3.6403123154127,1.582604490101363,0.06552760686772592,5.275592512279144e-09,0.7274819096891237,True,True
wmc1,2,C2 (Dune),3.4,3.64591498968894,1.5736752939291352,0.06355111440533445,6.067310490050276e-09,0.7267127948180491,True,True
wmc1,2,C2 (Dune),3.5,3.65105303611503,1.5654235447871625,0.06168331398553597,6.93497191048181e-09,0.7259756989696453,True,True
wmc1,2,C2 (Dune),3.6,3.6557735585081375,1.557783740908437,0.059915969388824,7.880714510721116e-09,0.7252689769226845,True,True
wmc1,2,C2 (Dune),3.7,3.660118041717662,1.550697945108313,0.0582416087595502,8.906355295396617e-09,0.7245910542378913,True,True
wmc1,2,C2 (Dune),3.8,3.664123114662495,1.5441147838544382,0.056653443854930124,1.0013393510228927e-08,0.7239404309035684,True,True
wmc1,2,C2 (Dune),3.9,3.6678211984370015,1.537988593609438,0.055145298399829644,1.1203017189041673e-08,0.7233156826734908,True,True
wmc1,2,C2 (Dune),4.0,3.671241058282656,1.5322786909179167,0.053711544546371254,1.2476112666850581e-08,0.7227154607553338,True,True
wmc1,2,C2 (Dune),4.1,3.674408274945997,1.5269487467047391,0.05234704652035774,1.3833276489704282e-08,0.7221384903406207,True,True
wmc1,2,C2 (Dune),4.2,3.677345648265896,1.5219662485415029,0.05104711062414184,1.527482919873644e-08,0.7215835683417169,True,True
wmc1,2,C2 (Dune),4.3,3.6800735436406047,1.5173020373483497,0.04980744085207533,1.6800830517729392e-08,0.721049560607173,True,True
wmc1,2,C2 (Dune),4.4,3.6826101902253265,1.512929907234273,0.04862409945676297,1.8411095527405775e-08,0.7205353988158782,True,True
wmc1,2,C2 (Dune),4.5,3.6849719382349164,1.5088262590244472,0.047493471880290905,2.010521146318708e-08,0.7200400771971982,True,True
wmc1,2,C2 (Dune),4.6,3.6871734815107047,1.504969799549606,0.04641223553366058,2.188255482438821e-08,0.719562649184178,True,True
wmc1,2,C2 (Dune),4.7,3.689228050508114,1.5013412800374863,0.04537733196966105,2.3742308531584763e-08,0.7191022240767615,True,True
wmc1,2,C2 (Dune),4.8,3.6911475800317195,1.4979232679959789,0.04438594204966879,2.5683478913021995e-08,0.7186579637693418,True,True
wmc1,2,C2 (Dune),4.9,3.6929428553609336,1.4946999478507452,0.04343546375371886,2.7704912341472406e-08,0.7182290795800157,True,True
wmc1,2,C2 (Dune),5.0,3.6946236398362657,1.4916569463283411,0.04252349232625308,2.980531137894137e-08,0.7178148292062559,True,True
wmc1,2,C2 (Dune),5.1,3.6961987865040653,1.4887811791836647,0.041647802487753724,3.198325031819875e-08,0.7174145138223198,True,True
wmc1,2,C2 (Dune),5.2,3.6976763360210567,1.4860607163797472,0.040806332475577384,3.423719003789106e-08,0.7170274753267764,True,True
wmc1,2,C2 (Dune),5.3,3.6990636026889465,1.4834846632553642,0.03999716970628839,3.656549211137911e-08,0.7166530937434656,True,True
wmc1,2,C2 (Dune),5.4,3.70036725021168,1.4810430555750362,0.03921853787706528,3.8966432130274447e-08,0.7162907847755438,True,True
wmc1,2,C2 (Dune),5.5,3.7015933585361642,1.4787267666589923,0.03846878534590048,4.143821221970152e-08,0.715939997509677,True,True
wmc1,2,C2 (Dune),5.6,3.7027474829381983,1.47652742504668,0.037746374649572936,4.397897273741809e-08,0.7156002122656522,True,True
wmc1,2,C2 (Dune),5.7,3.703834706352757,1.4744373413641085,0.03704987303525829,4.6586803159589814e-08,0.7152709385854875,True,True
wmc1,2,C2 (Dune),5.8,3.704859685804835,1.472449443248766,0.036377943896348755,4.925975216580351e-08,0.714951713355382,True,True
wmc1,2,C2 (Dune),5.9,3.7058266936799447,1.4705572173430723,0.03572933901593468,5.199583694324756e-08,0.7146420990534378,True,True
wmc1,2,C2 (Dune),6.0,3.70673965447042,1.4687546574997987,0.03510289153265324,5.4793051735402614e-08,0.7143416821159227,True,True
wmc1,2,C2 (Dune),6.1,3.7076021775498598,1.467036218457206,0.034497509553463195,5.764937566530025e-08,0.7140500714148567,True,True
wmc1,2,C2 (Dune),6.2,3.7084175864519766,1.465396774339077,0.03391217034654753,6.05627798658649e-08,0.7137668968398397,True,True
wmc1,2,C2 (Dune),6.3,3.7091889450693705,1.4638315814180685,0.033345915055105174,6.353123395270809e-08,0.7134918079772721,True,True
wmc1,2,C2 (Dune),6.4,3.709919081131912,1.4623362446529509,0.03279784387945739,6.65527118751004e-08,0.7132244728803921,True,True
wmc1,2,C2 (Dune),6.5,3.71061060728014,1.4609066875721823,0.032267111680719794,6.962519718249575e-08,0.7129645769238859,True,True
wmc1,2,C2 (Dune),6.6,3.7112659400073316,1.459539125129095,0.03175292396445699,7.274668774221584e-08,0.7127118217371557,True,True
wmc1,2,C2 (Dune),6.7,3.711887316710424,1.4582300392010308,0.03125453320723239,7.59151999461119e-08,0.7124659242106886,True,True
wmc1,2,C2 (Dune),6.8,3.712476811060462,1.456976156443495,0.030771235493000877,7.912877244010969e-08,0.7122266155703081,True,True
wmc1,2,C2 (Dune),6.9,3.7130363468767915,1.4557744282461385,0.030302367429783983,8.238546941185349e-08,0.7119936405144389,True,True
wmc1,2,C2 (Dune),7.0,3.7135677106680314,1.4546220125670535,0.0298473033202053,8.568338346982349e-08,0.7117667564098384,True,True
wmc1,2,C2 (Dune),7.1,3.7140725629817046,1.4535162574477534,0.02940545256222324,8.902063814455427e-08,0.7115457325415724,True,True
wmc1,2,C2 (Dune),7.2,3.7145524486899166,1.452454686034746,0.028976257258833748,9.239539004320367e-08,0.7113303494133001,True,True
wmc1,2,C2 (Dune),7.3,3.7150088063211077,1.4514349829531168,0.028559190017698896,9.580583068547593e-08,0.7111203980942369,True,True
wmc1,2,C2 (Dune),7.4,3.715442976538073,1.4504549818951882,0.028153751923580113,9.925018804808181e-08,0.7109156796094065,True,True
wmc1,2,C2 (Dune),7.5,3.7158562098480123,1.449512654302569,0.027759470668164758,1.0272672784284479e-07,0.7107160043700654,True,True
wmc1,2,C2 (Dune),7.6,3.716249673623463,1.44860609903365,0.02737589882341205,1.0623375455294573e-07,0.7105211916414005,True,True
wmc1,2,C2 (Dune),7.7,3.7166244585017174,1.44773353291973,0.027002612245903095,1.0976961224818376e-07,0.7103310690448229,True,True
wmc1,2,C2 (Dune),7.8,3.7169815842255103,1.4468932821243934,0.026639208600884236,1.1333268520173699e-07,0.7101454720923872,True,True
wmc1,2,C2 (Dune),7.9,3.7173220049782785,1.4460837742290829,0.026285305995798952,1.1692139832615716e-07,0.7099642437510411,True,True
wmc1,2,C2 (Dune),8.0,3.717646614263783,1.4453035309762523,0.02594054171405503,1.2053421744722408e-07,0.7097872340345933,True,True
wmc2,3,C3 (Western Residual),0.5,2.2569194343737644,3.104616385252195,0.14144461790821633,9.995781067249614e-07,0.7589683951902526,True,True
wmc2,3,C3 (Western Residual),0.6,2.348664420508122,2.996138705721875,0.14243238604270894,2.610672165231733e-07,0.7653481848622117,True,True
wmc2,3,C3 (Western Residual),0.7,2.440797114504183,2.8855854333804265,0.14138848343570795,8.31450268255217e-08,0.7706672285506854,True,True
wmc2,3,C3 (Western Residual),0.8,2.5298862856957847,2.777429463603174,0.13879949997260485,3.2399919094086107e-08,0.7749666358329371,True,True
wmc2,3,C3 (Western Residual),0.9,2.613698036631492,2.674686742589121,0.13511299594042542,1.5279094480284854e-08,0.7783430367593988,True,True
wmc2,3,C3 (Western Residual),1.0,2.690994790228106,2.5791310318588656,0.13070649714592864,8.549432299686459e-09,0.7809191948286349,True,True
wmc2,3,C3 (Western Residual),1.1,2.761281476283692,2.4915893487896,0.12587889061776153,5.543715018008391e-09,0.7828232201517901,True,True
wmc2,3,C3 (Western Residual),1.2,2.8245676867991376,2.412229046737326,0.12085523681024035,4.066347934494948e-09,0.784175969341043,True,True
wmc2,3,C3 (Western Residual),1.3,2.8811757163650764,2.340795209813145,0.11579782689094746,3.2987191829470617e-09,0.7850847088324641,True,True
wmc2,3,C3 (Western Residual),1.4,2.9315999149052834,2.2767882401546085,0.11081887932501647,2.9010545212285922e-09,0.7856409270593275,True,True
wmc2,3,C3 (Western Residual),1.5,2.9764109427497596,2.219587318848447,0.10599241743319285,2.719292980546358e-09,0.7859205731787432,True,True
wmc2,3,C3 (Western Residual),1.6,3.0161947332333234,2.1685310653258147,0.10136430000460378,2.6787039271151933e-09,0.78598552287144,True,True
wmc2,3,C3 (Western Residual),1.7,3.0515162519593866,2.1229670260813487,0.09696018800834152,2.7414468982555416e-09,0.7858855231257181,True,True
wmc2,3,C3 (Western Residual),1.8,3.0828999772079513,2.0822797478748516,0.09279162080162988,2.888158472620001e-09,0.7856601935428198,True,True
wmc2,3,C3 (Western Residual),1.9,3.1108211178759584,2.0459048139444205,0.08886051962362415,3.109342289615435e-09,0.7853408722805209,True,True
wmc2,3,C3 (Western Residual),2.0,3.1357033981866334,2.013334077078292,0.08516245417096092,3.4010602021642042e-09,0.784952220006968,True,True
wmc2,3,C3 (Western Residual),2.1,3.15792062880303,1.98411563788654,0.08168897074711272,3.7626358495480195e-09,0.784513563993978,True,True
wmc2,3,C3 (Western Residual),2.2,3.177800278017354,1.9578508892680724,0.07842922569973731,4.195355610899785e-09,0.7840399986180895,True,True
wmc2,3,C3 (Western Residual),2.3,3.195627935166817,1.934190096892228,0.07537111353754396,4.701690714545132e-09,0.7835432727917442,True,True
wmc2,3,C3 (Western Residual),2.4,3.21165200602042,1.912827415318274,0.07250203236062314,5.284805753644913e-09,0.7830324984156376,True,True
wmc2,3,C3 (Western Residual),2.5,3.2260882670071114,1.8934958676833602,0.06980939179488352,5.948232715858745e-09,0.7825147122528313,True,True
wmc2,3,C3 (Western Residual),2.6,3.2391240845770257,1.8759625803838755,0.06728093988320258,6.695645751976843e-09,0.7819953197156344,True,True
wmc2,3,C3 (Western Residual),2.7,3.2509222149599344,1.8600244173390839,0.06490496391507453,7.530700647024267e-09,0.7814784445358646,True,True
wmc2,3,C3 (Western Residual),2.8,3.26162416345377,1.845504069846724,0.06267040441878108,8.456918166979216e-09,0.7809672039439475,True,True
wmc2,3,C3 (Western Residual),2.9,3.2713531179274318,1.8322466066244036,0.060566910115186626,9.477598735736641e-09,0.7804639251459653,True,True
wmc2,3,C3 (Western Residual),3.0,3.280216489367704,1.8201164604968332,0.058584853418984464,1.0595760522064868e-08,0.7799703156569937,True,True
wmc2,3,C3 (Western Residual),3.1,3.288308100011263,1.8089948143435444,0.05671532020483149,1.1814095663883291e-08,0.7794875974056017,True,True
wmc2,3,C3 (Western Residual),3.2,3.295710061271646,1.7987773436193526,0.054950083382240354,1.313494091390269e-08,0.7790166124009796,True,True
wmc2,3,C3 (Western Residual),3.3,3.3024943820187884,1.7893722723776142,0.05328156686600007,1.4560259936930237e-08,0.7785579060689009,True,True
wmc2,3,C3 (Western Residual),3.4,3.308724344454591,1.7806987020164056,0.05170280444087926,1.6091635089395224e-08,0.7781117930356527,True,True
wmc2,3,C3 (Western Residual),3.5,3.3144556808308074,1.7726851755586748,0.050207396550121804,1.773026691443881e-08,0.7776784090992545,True,True
wmc2,3,C3 (Western Residual),3.6,3.3197375801466302,1.7652684443552555,0.04878946700757936,1.9476979873665532e-08,0.777257752314944,True,True
wmc2,3,C3 (Western Residual),3.7,3.3246135500424776,1.7583924081972364,0.04744362091529879,2.1332233056661287e-08,0.7768497154882511,True,True
wmc2,3,C3 (Western Residual),3.8,3.32912215552804,1.752007203691312,0.04616490457088565,2.3296134788058178e-08,0.7764541118749158,True,True
wmc2,3,C3 (Western Residual),3.9,3.333297653003174,1.7460684192667744,0.04494876780731247,2.5368460203171682e-08,0.7760706955015589,True,True
wmc2,3,C3 (Western Residual),4.0,3.337170535256342,1.7405364183019452,0.04379102897598689,2.7548670995390647e-08,0.7756991772201989,True,True
wmc2,3,C3 (Western Residual),4.1,3.340768000734558,1.7353757545829505,0.042687842629198385,2.9835936656293055e-08,0.7753392373745555,True,True
wmc2,3,C3 (Western Residual),4.2,3.344114358334857,1.7305546666605824,0.04163566985740106,3.222915663422482e-08,0.7749905357719731,True,True
wmc2,3,C3 (Western Residual),4.3,3.3472313772329585,1.7260446396881055,0.04063125117371143,3.4726982930823615e-08,0.7746527195103736,True,True
wmc2,3,C3 (Western Residual),4.4,3.350138589794489,1.7218200250427858,0.039671581800876196,3.7327842739007266e-08,0.7743254290961445,True,True
wmc2,3,C3 (Western Residual),4.5,3.3528535543758045,1.7178577094944525,0.038753889196625674,4.0029960799294596e-08,0.7740083031994552,True,True
wmc2,3,C3 (Western Residual),4.6,3.3553920837767666,1.7141368269222133,0.03787561264591126,4.283138121661269e-08,0.7737009823229335,True,True
wmc2,3,C3 (Western Residual),4.7,3.3577684442284923,1.710638506628158,0.03703438474901649,4.572998853605475e-08,0.7734031116038091,True,True
wmc2,3,C3 (Western Residual),4.8,3.359995529058958,1.7073456531821667,0.03622801464003665,4.8723527925075325e-08,0.7731143429253773,True,True
wmc2,3,C3 (Western Residual),4.9,3.3620850105577613,1.7042427534808606,0.035454472778805826,5.180962435057559e-08,0.7728343364784825,True,True
wmc2,3,C3 (Western Residual),5.0,3.3640474730339767,1.701315707336709,0.034711877169596554,5.4985800675431486e-08,0.7725627618857368,True,True
wmc2,3,C3 (Western Residual),5.1,3.365892529621766,1.6985516784487464,0.033998480870966644,5.824949462752199e-08,0.7722992989788617,True,True
wmc2,3,C3 (Western Residual),5.2,3.3676289250127933,1.6959389630601298,0.03331266067229219,6.159807461948343e-08,0.7720436383017053,True,True
wmc2,3,C3 (Western Residual),5.3,3.369264625979982,1.6934668739921044,0.03265290682347264,6.5028854416414e-08,0.7717954813971992,True,True
wmc2,3,C3 (Western Residual),5.4,3.3708069012897686,1.6911256380701065,0.032017813714712684,6.853910666598522e-08,0.7715545409250666,True,True
wmc2,3,C3 (Western Residual),5.5,3.372262392374354,1.6889063052348947,0.031406071413096856,7.212607531591375e-08,0.7713205406478904,True,True
wmc2,3,C3 (Western Residual),5.6,3.373637175942032,1.6868006678681289,0.03081645797172362,7.578698695613008e-08,0.7710932153157447,True,True
wmc2,3,C3 (Western Residual),5.7,3.37493681954278,1.6848011890620662,0.030247832435529823,7.951906112753265e-08,0.7708723104736372,True,True
wmc2,3,C3 (Western Residual),5.8,3.376166430963834,1.682900938735615,0.02969912847551774,8.3319519646915e-08,0.7706575822111918,True,True
wmc2,3,C3 (Western Residual),5.9,3.377330702214649,1.68109353664499,0.02916934859002463,8.718559499853901e-08,0.7704487968701296,True,True
wmc2,3,C3 (Western Residual),6.0,3.3784339487568333,1.6793731014637225,0.028657558817892125,9.111453784785582e-08,0.7702457307219628,True,True
wmc2,3,C3 (Western Residual),6.1,3.3794801445493485,1.677734205214097,0.02816288391403284,9.510362373090061e-08,0.770048169625788,True,True
wmc2,3,C3 (Western Residual),6.2,3.380472953403306,1.6761718324249975,0.027684502942941207,9.915015897500412e-08,0.7698559086740115,True,True
wmc2,3,C3 (Western Residual),6.3,3.381415757078674,1.6746813434708687,0.02722164525022876,1.0325148590495534e-07,0.7696687518321852,True,True
wmc2,3,C3 (Western Residual),6.4,3.382311680497501,1.6732584416158063,0.026773586776344005,1.074049873871861e-07,0.7694865115777925,True,True
wmc2,3,C3 (Western Residual),6.5,3.3831636144041104,1.671899143345112,0.026339646680265706,1.1160809076314867e-07,0.7693090085417372,True,True
wmc2,3,C3 (Western Residual),6.6,3.383974235758328,1.6705997516195263,0.02591918424422776,1.1585827122141893e-07,0.7691360711554217,True,True
wmc2,3,C3 (Western Residual),6.7,3.3847460261146045,1.6693568317304393,0.02551159603344634,1.2015305465488994e-07,0.7689675353055876,True,True
wmc2,3,C3 (Western Residual),6.8,3.385481288208551,1.6681671894745538,0.025116313287435146,1.2449002004731213e-07,0.7688032439985331,True,True
wmc2,3,C3 (Western Residual),6.9,3.3861821609451574,1.6670278513986074,0.024732799521814047,1.2886680143204134e-07,0.7686430470348619,True,True
wmc2,3,C3 (Western Residual),7.0,3.3868506329607015,1.6659360468953137,0.024360548321629958,1.3328108946057432e-07,0.7684868006955536,True,True
wmc2,3,C3 (Western Residual),7.1,3.3874885549092424,1.664889191956513,0.02399908130904542,1.37730632620158e-07,0.7683343674398593,True,True
wmc2,3,C3 (Western Residual),7.2,3.3880976506075733,1.6638848744120667,0.02364794626995774,1.4221323813227213e-07,0.7681856156152916,True,True
wmc2,3,C3 (Western Residual),7.3,3.3886795271573913,1.6629208405023337,0.023306715425582228,1.4672677256534614e-07,0.7680404191798009,True,True
wmc2,3,C3 (Western Residual),7.4,3.389235684148159,1.6619949826499236,0.022974983836392193,1.5126916219154928e-07,0.7678986574360825,True,True
wmc2,3,C3 (Western Residual),7.5,3.389767522035452,1.6611053283101185,0.022652367927009063,1.5583839311375374e-07,0.7677602147778575,True,True
wmc2,3,C3 (Western Residual),7.6,3.390276349776233,1.6602500297939973,0.02233850412171853,1.604325111883547e-07,0.7676249804478793,True,True
wmc2,3,C3 (Western Residual),7.7,3.390763391794429,1.659427354968941,0.02203304758124857,1.6504962176859445e-07,0.7674928483073606,True,True
wmc2,3,C3 (Western Residual),7.8,3.391229794343965,1.6586356787516856,0.021735671032340642,1.696878892861904e-07,0.7673637166164671,True,True
wmc2,3,C3 (Western Residual),7.9,3.391676631325358,1.657873475318278,0.021446063682399343,1.7434553669478373e-07,0.7672374878254938,True,True
wmc2,3,C3 (Western Residual),8.0,3.3921049096101488,1.6571393109632986,0.021163930212238592,1.7902084478971022e-07,0.7671140683763202,True,True
wmc3,3,C3 (Western Residual),0.5,1.636804086793688,2.7906530794674755,0.059887400316867984,0.06897747633436374,0.6347277156791868,True,False
wmc3,3,C3 (Western Residual),0.6,1.6203758039987481,2.810586715561306,0.07237229159424625,0.031697632711884714,0.6396435881908049,True,True
wmc3,3,C3 (Western Residual),0.7,1.622384925477014,2.808972005570408,0.08428937195058152,0.013442863756405793,0.6451833158994995,True,True
wmc3,3,C3 (Western Residual),0.8,1.6445016274961957,2.7838058836561093,0.09475289053134917,0.005487780723359374,0.6510223131939094,True,True
wmc3,3,C3 (Western Residual),0.9,1.685772208287478,2.7361546515422432,0.10300302841881345,0.0022748702663553536,0.6567678241860933,True,True
wmc3,3,C3 (Western Residual),1.0,1.7427110883284052,2.670057257069621,0.10857949740879311,0.0010105924567851078,0.6620426263057158,True,True
wmc3,3,C3 (Western Residual),1.1,1.8101855472488282,2.5914977025035366,0.11139926346005223,0.0005021573062665319,0.6665629149826102,True,True
wmc3,3,C3 (Western Residual),1.2,1.8826682788629845,2.506940925166348,0.11171436543889296,0.00028598458395342693,0.6701790381126906,True,True
wmc3,3,C3 (Western Residual),1.3,1.9553151810148854,2.422067687470132,0.10998946621951669,0.0001876332274766163,0.6728711939747285,True,True
wmc3,3,C3 (Western Residual),1.4,2.024552478288972,2.3410810861203717,0.10676449111148897,0.00014041933634107437,0.6747148125670661,True,True
wmc3,3,C3 (Western Residual),1.5,2.0881732111117977,2.266587567138831,0.10255014082301389,0.00011763777214302771,0.6758374502090385,True,True
wmc3,3,C3 (Western Residual),1.6,2.145124354744067,2.199841859526492,0.09777129114928025,0.00010792971456956312,0.6763827378660332,True,True
wmc3,3,C3 (Western Residual),1.7,2.1951810084131753,2.141126115132136,0.09275015803811001,0.00010616424745223975,0.6764870837437307,True,True
wmc3,3,C3 (Western Residual),1.8,2.2386358958734887,2.090112652278961,0.08771346941544664,0.00010990315943650386,0.6762680751628839,True,True
wmc3,3,C3 (Western Residual),1.9,2.276058753839295,2.0461457859108307,0.08281000521753182,0.00011794432296561376,0.6758209643105568,True,True
wmc3,3,C3 (Western Residual),2.0,2.3081329283468737,2.008433680126612,0.07812996719750798,0.00012968022612606513,0.6752196883409256,True,True
wmc3,3,C3 (Western Residual),2.1,2.3355555733883993,1.9761658469410877,0.07372206503938435,0.0001447963627805904,0.6745198931150767,True,True
wmc3,3,C3 (Western Residual),2.2,2.358983050779504,1.948577680905053,0.0696069873699517,0.00016312093780306434,0.673762470940909,True,True
wmc3,3,C3 (Western Residual),2.3,2.3790054686309974,1.924980776236532,0.06578732401867422,0.00018454662592168875,0.6729768731611476,True,True
wmc3,3,C3 (Western Residual),2.4,2.396138572104242,1.904772816312863,0.062254544638954704,0.00020898895413242824,0.6721839093848105,True,True
wmc3,3,C3 (Western Residual),2.5,2.4108251578067197,1.8874362135488338,0.0589937395518686,0.00023636441120034876,0.6713979807643449,True,True
wmc3,3,C3 (Western Residual),2.6,2.4234411624092833,1.8725311963856401,0.05598674686829397,0.0002665796664405007,0.6706288000695952,True,True
wmc3,3,C3 (Western Residual),2.7,2.4343035937187643,1.8596866776340564,0.053214156101483986,0.0002995272031761143,0.6698826868255585,True,True
wmc3,3,C3 (Western Residual),2.8,2.4436787503039543,1.8485907394359802,0.050656549262835644,0.0003350846562616574,0.6691635279705254,True,True
wmc3,3,C3 (Western Residual),2.9,2.4517899456279144,1.8389816653477697,0.04829523493992547,0.00037311621810684736,0.6684734831827042,True,True
wmc3,3,C3 (Western Residual),3.0,2.4588243962492276,1.830639927567173,0.04611265149973371,0.0004134751005847119,0.667813499025685,True,True
wmc3,3,C3 (Western Residual),3.1,2.4649391771496374,1.8233812497182948,0.044092558603879645,0.000456006422353289,0.6671836817109664,True,True
wmc3,3,C3 (Western Residual),3.2,2.470266272382832,1.8170507171618113,0.04222009652545898,0.0005005501353568235,0.6665835661374597,True,True
wmc3,3,C3 (Western Residual),3.3,2.474916806735802,1.81151783804808,0.04048176562105253,0.0005469437639838197,0.6660123092269273,True,True
wmc3,3,C3 (Western Residual),3.4,2.478984564404524,1.8066724335094015,0.03886536001203462,0.000595024835424067,0.6654688281885275,True,True
wmc3,3,C3 (Western Residual),3.5,2.482548901620491,1.8024212335515388,0.03735987731403791,0.0006446329482043166,0.6649518988106109,True,True
wmc3,3,C3 (Western Residual),3.6,2.4856771518457026,1.7986850644141925,0.0359554181680206,0.0006956114693607389,0.6644602247862632,True,True
wmc3,3,C3 (Western Residual),3.7,2.4884266101705643,1.795396526828607,0.03464308401728839,0.0007478088770826603,0.6639924860799034,True,True
wmc3,3,C3 (Western Residual),3.8,2.4908461708419396,1.7924980792169007,0.033414878118852874,0.0008010797804417605,0.6635473721548928,True,True
wmc3,3,C3 (Western Residual),3.9,2.492977679860835,1.7899404537273504,0.032263612551608985,0.0008552856548621775,0.6631236042911758,True,True
wmc3,3,C3 (Western Residual),4.0,2.4948570539425474,1.7876813453383464,0.03118282257027556,0.0009102953340191086,0.6627199500662069,True,True
wmc3,3,C3 (Western Residual),4.1,2.496515207995847,1.7856843248695156,0.030166688774185282,0.0009659852977669968,0.6623352322328865,True,True
wmc3,3,C3 (Western Residual),4.2,2.497978825608313,1.7839179356544947,0.029209967028497805,0.0010222397928219076,0.6619683336180799,True,True
wmc3,3,C3 (Western Residual),4.3,2.4992710006772425,1.7823549410189856,0.028307925769461513,0.0010789508191174542,0.6616181992214132,True,True
wmc3,3,C3 (Western Residual),4.4,2.50041177311723,1.7809716957745942,0.02745629016378758,0.0011360180106079192,0.661283836370764,True,True
wmc3,3,C3 (Western Residual),4.5,2.50141857732787,1.7797476198908226,0.026651192521550224,0.0011933484351752412,0.6609643135551333,True,True
wmc3,3,C3 (Western Residual),4.6,2.5023066186535665,1.778664756534353,0.025889128347331432,0.0012508563344070236,0.6606587583835013,True,True
wmc3,3,C3 (Western Residual),4.7,2.503089190267282,1.7777073999327972,0.025166917432716356,0.0013084628204875475,0.6603663549925693,True,True
wmc3,3,C3 (Western Residual),4.8,2.503777940641337,1.7768617811701286,0.024481669430089868,0.001366095544310073,0.6600863411343982,True,True
wmc3,3,C3 (Western Residual),4.9,2.5043830999287184,1.7761158021702408,0.023830753393531953,0.0014236883462180232,0.6598180051078013,True,True
wmc3,3,C3 (Western Residual),5.0,2.50491367208641,1.77545880986837,0.023211770821748134,0.001481180898439143,0.6595606826483091,True,True
wmc3,3,C3 (Western Residual),5.1,2.5053775983603366,1.774881403987981,0.02262253178670478,0.0015385183463492201,0.6593137538557525,True,True
wmc3,3,C3 (Western Residual),5.2,2.505781896766666,1.7743752729928128,0.02206103377809552,0.0015956509540458626,0.659076640212497,True,True
wmc3,3,C3 (Western Residual),5.3,2.506132781399319,1.7739330537242242,0.021525442936734543,0.0016525337583758952,0.6588488017265163,True,True
wmc3,3,C3 (Western Residual),5.4,2.5064357647394324,1.773548211001875,0.021014077389041187,0.0017091262344610572,0.6586297342199134,True,True
wmc3,3,C3 (Western Residual),5.5,2.506695745604042,1.7732149340941983,0.020525392429859006,0.0017653919748712413,0.6584189667737925,True,True
wmc3,3,C3 (Western Residual),5.6,2.5069170849312106,1.772928047481185,0.02005796733203014,0.001821298383875051,0.6582160593335308,True,True
wmc3,3,C3 (Western Residual),5.7,2.5071036712369574,1.772682933756386,0.01961049358868863,0.0018768163876445325,0.6580206004737295,True,True
wmc3,3,C3 (Western Residual),5.8,2.507258977280864,1.7724754668646858,0.019181764418471206,0.0019319201608210418,0.6578322053188821,True,True
wmc3,3,C3 (Western Residual),5.9,2.5073861092293535,1.7723019541619736,0.01877066538504247,0.001986586869535184,0.6576505136136712,True,True
wmc3,3,C3 (Western Residual),6.0,2.507487849402348,1.772159086022271,0.018376166000906125,0.0020407964306762712,0.657475187935486,True,True
wmc3,3,C3 (Western Residual),6.1,2.507566693519192,1.7720438919169377,0.017997312201643426,0.0020945312870392263,0.6573059120410132,True,True
wmc3,3,C3 (Western Residual),6.2,2.507624883217478,1.7719537020566718,0.01763321959083387,0.0021477761978200348,0.6571423893384295,True,True
wmc3,3,C3 (Western Residual),6.3,2.5076644345013093,1.771886113824868,0.017283067368223284,0.0022005180438224273,0.6569843414766903,True,True
wmc3,3,C3 (Western Residual),6.4,2.5076871626768455,1.7718389623474418,0.01694609286439044,0.0022527456466985393,0.6568315070435695,True,True
wmc3,3,C3 (Western Residual),6.5,2.5076947042490803,1.7718102946406409,0.016621586614519,0.002304449601475679,0.6566836403644103,True,True
wmc3,3,C3 (Western Residual),6.6,2.507688536186463,1.7717983468606284,0.016308887911998894,0.002355622121624042,0.656540510393922,True,True
wmc3,3,C3 (Western Residual),6.7,2.507669992897877,1.7718015242470058,0.01600738078967764,0.00240625689591309,0.6564018996937927,True,True
wmc3,3,C3 (Western Residual),6.8,2.5076402812220198,1.7718183834110528,0.015716490382774242,0.0024563489563059196,0.6562676034893427,True,True
wmc3,3,C3 (Western Residual),6.9,2.5076004936809593,1.771847616668052,0.015435679632870505,0.002505894556161954,0.656137428798905,True,True
wmc3,3,C3 (Western Residual),7.0,2.5075516202203767,1.771888038155598,0.015164446297113087,0.0025548910580602342,0.6560111936300741,True,True
wmc3,3,C3 (Western Residual),7.1,2.5074945586245074,1.7719385715148146,0.014902320230904348,0.002603336830560425,0.6558887262374058,True,True
wmc3,3,C3 (Western Residual),7.2,2.50743012376946,1.771998238941166,0.014648860915982867,0.002651231153249726,0.6557698644365738,True,True
wmc3,3,C3 (Western Residual),7.3,2.5073590558575747,1.7720661514391611,0.014403655208949392,0.002698574129500438,0.6556544549703844,True,True
wmc3,3,C3 (Western Residual),7.4,2.507282027754735,1.7721415001347465,0.014166315288113396,0.0027453666063347567,0.6555423529224244,True,True
wmc3,3,C3 (Western Residual),7.5,2.507199651537541,1.7722235485206508,0.013936476778962781,0.002791610100877973,0.6554334211744688,True,True
wmc3,3,C3 (Western Residual),7.6,2.507112484345083,1.7723116255244102,0.013713797040726824,0.002837306732890078,0.6553275299040926,True,True
wmc3,3,C3 (Western Residual),7.7,2.5070210336130403,1.7724051193038883,0.013497953598398359,0.0028824591629167742,0.6552245561192322,True,True
wmc3,3,C3 (Western Residual),7.8,2.506925761764703,1.772503471686365,0.013288642706269836,0.0029270705355979127,0.6551243832267172,True,True
wmc3,3,C3 (Western Residual),7.9,2.50682709041781,1.7726061731786746,0.013085578030494842,0.0029711444277682425,0.6550269006320422,True,True
wmc3,3,C3 (Western Residual),8.0,2.506725404163737,1.7727127584837261,0.012888489439531421,0.0030146848009276845,0.6549320033678843,True,True
wmc4,3,C3 (Western Residual),0.5,2.7680958915070857,4.420381505432932,0.23206806674943117,2.0894821634510747e-09,0.7619824799262522,True,True
wmc4,3,C3 (Western Residual),0.6,2.915828479325457,4.251046094016935,0.2357283974397309,1.3632764044976337e-10,0.7747615621436803,True,True
wmc4,3,C3 (Western Residual),0.7,3.0690477026563237,4.068788028531715,0.23584814584597744,1.1127738660511643e-11,0.7859163671848435,True,True
wmc4,3,C3 (Western Residual),0.8,3.2212089341987027,3.8828643002575998,0.23323800316888715,1.185274474695868e-12,0.7954361602276231,True,True
wmc4,3,C3 (Western Residual),0.9,3.3677968095747923,3.69998527136051,0.22863666273954325,1.675989931988585e-13,0.8034159346392931,True,True
wmc4,3,C3 (Western Residual),1.0,3.5060146459047994,3.5246053856768613,0.2226669417430538,3.1385263483450364e-14,0.8100088897846941,True,True
wmc4,3,C3 (Western Residual),1.1,3.6343829988128062,3.3593825796703873,0.21582542756690504,7.66088835201817e-15,0.8153914731586714,True,True
wmc4,3,C3 (Western Residual),1.2,3.752356562167133,3.2056506485560208,0.2084914110336686,2.379760076219303e-15,0.8197407603692597,True,True
wmc4,3,C3 (Western Residual),1.3,3.8600078619080938,3.0638276666725024,0.20094446635800856,9.150911915888714e-16,0.8232216044247141,True,True
wmc4,3,C3 (Western Residual),1.4,3.9577884582561405,2.9337358117584804,0.19338408799812562,4.233987953997639e-16,0.8259805675277969,True,True
wmc4,3,C3 (Western Residual),1.5,4.046359833885432,2.814835702518172,0.18594794459098152,2.294098699273669e-16,0.8281441056299675,True,True
wmc4,3,C3 (Western Residual),1.6,4.126479697427212,2.706389695099633,0.17872733683911585,1.4200226360300176e-16,0.8298191664301914,True,True
wmc4,3,C3 (Western Residual),1.7,4.198929195927522,2.6075709036982504,0.17177957617848022,9.823688083139196e-17,0.8310949895260984,True,True
wmc4,3,C3 (Western Residual),1.8,4.264468813746575,2.5175329664707276,0.16513754192039493,7.452453564092059e-17,0.8320453714499962,True,True
wmc4,3,C3 (Western Residual),1.9,4.323813601885249,2.4354525267122376,0.1588168755097899,6.100057641283844e-17,0.8327309804519886,True,True
wmc4,3,C3 (Western Residual),2.0,4.377620985340869,2.3605533462944717,0.15282129702372674,5.314315545587175e-17,0.8332015093996595,True,True
wmc4,3,C3 (Western Residual),2.1,4.42648646815589,2.2921184092100626,0.14714647834484013,4.871697204053598e-17,0.8334975761535768,True,True
wmc4,3,C3 (Western Residual),2.2,4.470944089841391,2.229494409049429,0.14178283145881643,4.654905434589976e-17,0.8336523483952162,True,True
wmc4,3,C3 (Western Residual),2.3,4.511469572112067,2.1720915839223363,0.13671749392873256,4.599678836179866e-17,0.8336929047957978,True,True
wmc4,3,C3 (Western Residual),2.4,4.548484838978016,2.119380855913085,0.13193572696040012,4.669979833202504e-17,0.8336413602126067,True,True
wmc4,3,C3 (Western Residual),2.5,4.582363091593009,2.0708895410335066,0.12742188737186438,4.845683134045542e-17,0.8335157877731109,True,True
wmc4,3,C3 (Western Residual),2.6,4.613433946606794,2.026196429789156,0.12316009266057971,5.116124101878566e-17,0.8333309703475189,True,True
wmc4,3,C3 (Western Residual),2.7,4.641988357956402,1.9849267293352715,0.11913466642249168,5.4765487823966086e-17,0.8330990109574383,True,True
wmc4,3,C3 (Western Residual),2.8,4.668283175714436,1.9467471560362908,0.11533042757164719,5.926071495681867e-17,0.8328298277509469,True,True
wmc4,3,C3 (Western Residual),2.9,4.692545278341415,1.9113613370713662,0.11173286926908807,6.466449439645812e-17,0.8325315551470331,True,True
wmc4,3,C3 (Western Residual),3.0,4.714975264353473,1.87850559744343,0.10832826064694825,7.101316777516085e-17,0.8322108690255566,True,True
wmc4,3,C3 (Western Residual),3.1,4.735750717916504,1.8479451579832462,0.1051036950888414,7.835685706771234e-17,0.8318732505776218,True,True
wmc4,3,C3 (Western Residual),3.2,4.75502907803669,1.819470739696209,0.10204710207139212,8.675607219183641e-17,0.8315232006709969,True,True
wmc4,3,C3 (Western Residual),3.3,4.772950147928762,1.7928955527585226,0.09914723468902639,9.627929924974566e-17,0.831164414297862,True,True
wmc4,3,C3 (Western Residual),3.4,4.789638283094282,1.7680526397905663,0.09639364146236565,1.0700120614232913e-16,0.8307999228027957,True,True
wmc4,3,C3 (Western Residual),3.5,4.805204295729689,1.7447925395479964,0.09377662849447602,1.1900124672580977e-16,0.8304322100749932,True,True
wmc4,3,C3 (Western Residual),3.6,4.819747110623339,1.7229812368090551,0.09128721621605781,1.3236252935112533e-16,0.830063307669983,True,True
wmc4,3,C3 (Western Residual),3.7,4.833355204515594,1.7024983656725987,0.08891709365247176,1.4717086642079423e-16,0.8296948728486423,True,True
wmc4,3,C3 (Western Residual),3.8,4.846107857469958,1.6832356358694063,0.08665857220917753,1.6351395266387577e-16,0.8293282527390364,True,True
wmc4,3,C3 (Western Residual),3.9,4.858076241430227,1.6650954545026906,0.08450454030421278,1.8148063912705421e-16,0.8289645372011359,True,True
wmc4,3,C3 (Western Residual),4.0,4.86932436796991,1.6479897185514294,0.08244841970201816,2.011602819960309e-16,0.8286046024744191,True,True
wmc4,3,C3 (Western Residual),4.1,4.8799099143531155,1.6318387563040369,0.08048412406817027,2.226421530151928e-16,0.8282491472883695,True,True
wmc4,3,C3 (Western Residual),4.2,4.889884944447107,1.6165703985390298,0.07860602003035772,2.460149031082931e-16,0.8278987227955747,True,True
wmc4,3,C3 (Western Residual),4.3,4.899296538754559,1.6021191626829,0.07680889086903946,2.7136607383061944e-16,0.8275537574302805,True,True
wmc4,3,C3 (Western Residual),4.4,4.908187345851141,1.5884255353385481,0.07508790285113037,2.987816531468514e-16,0.8272145775889307,True,True
wmc4,3,C3 (Western Residual),4.5,4.916596065793493,1.5754353404929138,0.07343857414706978,3.2834567313972216e-16,0.8268814248631834,True,True
wmc4,3,C3 (Western Residual),4.6,4.924557874582655,1.563099182394573,0.07185674622500349,3.601398478782267e-16,0.8265544704219734,True,True
wmc4,3,C3 (Western Residual),4.7,4.932104797489796,1.5513719535592079,0.07033855758780899,3.9424324998478764e-16,0.8262338270309728,True,True
wmc4,3,C3 (Western Residual),4.8,4.939266037960138,1.540212399637038,0.06888041970374506,4.307320245608139e-16,0.8259195591101306,True,True
wmc4,3,C3 (Western Residual),4.9,4.946068267873099,1.5295827339808317,0.06747899497558399,4.696791391310241e-16,0.8256116911587954,True,True
wmc4,3,C3 (Western Residual),5.0,4.952535884134247,1.5194482957086803,0.06613117659324141,5.111541682085285e-16,0.8253102148200101,True,True
wmc4,3,C3 (Western Residual),5.1,4.958691235889297,1.5097772458804526,0.06483407011917047,5.552231109832752e-16,0.8250150948083224,True,True
wmc4,3,C3 (Western Residual),5.2,4.964554826063258,1.500540297118425,0.0635849766625172,6.019482405542271e-16,0.8247262738868314,True,True
wmc4,3,C3 (Western Residual),5.3,4.970145490423992,1.4917104726163597,0.06238137750636533,6.5138798301251e-16,0.8244436770475441,True,True
wmc4,3,C3 (Western Residual),5.4,4.975480556939969,1.4832628910104244,0.061220920061422525,7.035968246280293e-16,0.8241672150231202,True,True
wmc4,3,C3 (Western Residual),5.5,4.980575987831807,1.4751745740423257,0.060101405028851695,7.586252453134358e-16,0.8238967872366901,True,True
wmc4,3,C3 (Western Residual),5.6,4.9854465064007965,1.467424274339034,0.05902077466420117,8.165196765292709e-16,0.8236322842787772,True,True
wmc4,3,C3 (Western Residual),5.7,4.990105710444528,1.4599923209739405,0.05797710204335732,8.773224817502875e-16,0.8233735899857657,True,True
wmc4,3,C3 (Western Residual),5.8,4.9945661738364535,1.452860480769281,0.0569685812399657,9.410719576422663e-16,0.8231205831822654,True,True
wmc4,3,C3 (Western Residual),5.9,4.998839537642683,1.4460118335538683,0.055993518331772615,1.0078023541137993e-15,0.8228731391396866,True,True
wmc4,3,C3 (Western Residual),6.0,5.002936591977371,1.4394306598116489,0.05505032316079328,1.077543911441784e-15,0.82263113079499,True,True
wmc4,3,C3 (Western Residual),6.1,5.0068673496449545,1.4331023393476476,0.05413750177909138,1.1503229127332453e-15,0.822394429766618,True,True
wmc4,3,C3 (Western Residual),6.2,5.010641112490185,1.4270132597648457,0.05325364951826404,1.2261617500466797e-15,0.8221629071988035,True,True
wmc4,3,C3 (Western Residual),6.3,5.014266531261297,1.4211507336897542,0.05239744462652257,1.3050790025659913e-15,0.821936434460586,True,True
wmc4,3,C3 (Western Residual),6.4,5.017751659696497,1.415502923810733,0.05156764242250741,1.387089525302606e-15,0.8217148837217985,True,True
wmc4,3,C3 (Western Residual),6.5,5.021104003456268,1.4100587749031552,0.05076306991975947,1.4722045469025587e-15,0.821498128424859,True,True
wmc4,3,C3 (Western Residual),6.6,5.024330564452738,1.4048079521110066,0.04998262088013715,1.5604317751851014e-15,0.8212860436683315,True,True
wmc4,3,C3 (Western Residual),6.7,5.027437881060143,1.3997407848389636,0.04922525125836088,1.6517755091801974e-15,0.8210785065157922,True,True
wmc4,3,C3 (Western Residual),6.8,5.030432064636408,1.3948482156820985,0.04848997500345278,1.746236756480561e-15,0.8208753962414982,True,True
wmc4,3,C3 (Western Residual),6.9,5.0333188327349445,1.3901217538849342,0.047775860186043094,1.843813354834802e-15,0.8206765945226262,True,True
wmc4,3,C3 (Western Residual),7.0,5.036103539344165,1.3855534328779577,0.04708202542340921,1.944500096993507e-15,0.8204819855863864,True,True
wmc4,3,C3 (Western Residual),7.1,5.038791202452643,1.3811357714898134,0.04640763657675001,2.0482888579029744e-15,0.8202914563190852,True,True
wmc4,3,C3 (Western Residual),7.2,5.041386529206653,1.3768617384765596,0.045751903697550736,2.1551687234222724e-15,0.8201048963431532,True,True
wmc4,3,C3 (Western Residual),7.3,5.043893938896254,1.3727247200485655,0.04511407820203472,2.265126119811833e-15,0.8199221980672693,True,True
wmc4,3,C3 (Western Residual),7.4,5.046317583980592,1.3687184901094278,0.04449345025462292,2.3781449433586005e-15,0.8197432567139508,True,True
wmc4,3,C3 (Western Residual),7.5,5.048661369341556,1.3648371829511246,0.04388934634306902,2.4942066894886846e-15,0.819567970328335,True,True
wmc4,3,C3 (Western Residual),7.6,5.0509289699327455,1.3610752681769671,0.04330112702949515,2.6132905808931122e-15,0.8193962397713274,True,True
wmc4,3,C3 (Western Residual),7.7,5.0531238469758915,1.3574275276466414,0.042728184862995386,2.735373694137633e-15,0.8192279686998245,True,True
wmc4,3,C3 (Western Residual),7.8,5.055249262838236,1.3538890342596266,0.042169942440730385,2.8604310844165987e-15,0.8190630635363176,True,True
wmc4,3,C3 (Western Residual),7.9,5.057308294712957,1.3504551324107594,0.0416258506056186,2.9884359080397667e-15,0.8189014334298403,True,True
wmc4,3,C3 (Western Residual),8.0,5.0593038472107805,1.3471214199691592,0.04109538676977179,3.1193595423582405e-15,0.8187429902099355,True,True
l7,2,C2 (Dune),0.5,2.4941154170329707,4.766086809956615,0.0980006588554554,0.004793666488949585,0.7723208341221649,True,True
l7,2,C2 (Dune),0.6,2.4254179511215153,4.882092706040499,0.11959287689646005,0.0006199727600669965,0.7810191185733184,True,True
l7,2,C2 (Dune),0.7,2.3902187191720072,4.956637453424749,0.14019557072757619,5.603986145410004e-05,0.7910315955285161,True,True
l7,2,C2 (Dune),0.8,2.391745609054108,4.984186572865227,0.15874132341452024,3.7350257559389735e-06,0.8019187711811703,True,True
l7,2,C2 (Dune),0.9,2.4297242778230195,4.963651642018808,0.1743364625547248,2.0057122176873405e-07,0.8131446900451932,True,True
l7,2,C2 (Dune),1.0,2.500451996214178,4.898522452392154,0.1864000551259538,9.733716586369301e-09,0.824162052694001,True,True
l7,2,C2 (Dune),1.1,2.5976383192115318,4.795962466029675,0.19472493655760512,4.841940427737164e-10,0.8344952026091264,True,True
l7,2,C2 (Dune),1.2,2.7136790602815473,4.665249683264937,0.19945124323830146,2.7831451707915582e-11,0.8437966089297935,True,True
l7,2,C2 (Dune),1.3,2.8409268944542028,4.516121533835015,0.20097679991423834,2.0403679780763293e-12,0.8518663833794868,True,True
l7,2,C2 (Dune),1.4,2.9726342630433633,4.35747291053135,0.199844062523904,2.0426673219803476e-13,0.8586396493140995,True,True
l7,2,C2 (Dune),1.5,3.103452271269294,4.196600014629618,0.19663781442326483,2.893072131603827e-14,0.8641551157632748,True,True
l7,2,C2 (Dune),1.6,3.2295411988962215,4.038952484898722,0.19191174760788468,5.830295964815816e-15,0.8685185552202047,True,True
l7,2,C2 (Dune),1.7,3.348426999443192,3.8882383337465436,0.18614680613874018,1.6436452278290702e-15,0.8718704444089063,True,True
l7,2,C2 (Dune),1.8,3.4587382055859113,3.7467120059781642,0.17973522813544518,6.27910254614116e-16,0.8743618225046677,True,True
l7,2,C2 (Dune),1.9,3.559919756475237,3.615516666777908,0.1729814771988887,3.1250157590325093e-16,0.8761386832974886,True,True
l7,2,C2 (Dune),2.0,3.6519772962563954,3.495004514264764,0.16611221306545487,1.9439915243784227e-16,0.8773333514408767,True,True
l7,2,C2 (Dune),2.1,3.7352729675506247,3.385001279720996,0.15928974490105696,1.45276824428055e-16,0.8780607931256184,True,True
l7,2,C2 (Dune),2.2,3.8103743952935654,3.28500764696476,0.15262565219698396,1.2583576827622997e-16,0.8784180261882327,True,True
l7,2,C2 (Dune),2.3,3.8779495102630888,3.1943437333696094,0.1461929239885582,1.2247355515214016e-16,0.8784852542791992,True,True
l7,2,C2 (Dune),2.4,3.9386971270355096,3.112247693002721,0.1400360162026666,1.304903320432651e-16,0.8783278063727161,True,True
l7,2,C2 (Dune),2.5,3.9933036420861074,3.0379398748206716,0.13417880132650378,1.4896649305822351e-16,0.8779983228721602,True,True
l7,2,C2 (Dune),2.6,4.042417909429325,2.970662375071591,0.12863065038385868,1.7907250160322846e-16,0.8775388798339508,True,True
l7,2,C2 (Dune),2.7,4.086638264101948,2.9097016849014983,0.12339097561502499,2.235491494367855e-16,0.8769829022781078,True,True
l7,2,C2 (Dune),2.8,4.1265073554666705,2.8544001163466444,0.11845256027195758,2.866532147911512e-16,0.8763568118684641,True,True
l7,2,C2 (Dune),2.9,4.162511788695691,2.804160033502356,0.11380396098906745,3.743230832382459e-16,0.8756814058149949,True,True
l7,2,C2 (Dune),3.0,4.195084561594959,2.7584436551571443,0.10943121583590337,4.944690849883731e-16,0.8749729891632407,True,True
l7,2,C2 (Dune),3.1,4.224608984728941,2.7167702805361573,0.10531904061325975,6.573459931706551e-16,0.8742442927486472,True,True
l7,2,C2 (Dune),3.2,4.25142325431539,2.6787121475512836,0.10145165250647738,8.759840709337723e-16,0.8735052109639504,True,True
l7,2,C2 (Dune),3.3,4.2758251701993535,2.643889692920239,0.09781332512735083,1.1666614711050583e-15,0.8727633912755014,True,True
l7,2,C2 (Dune),3.4,4.298076703091596,2.6119666880031076,0.0943887517058728,1.549402450197671e-15,0.8720247034996741,True,True
l7,2,C2 (Dune),3.5,4.318408251414679,2.5826455293044974,0.09116327251322609,2.0484858732100342e-15,0.8712936124906713,True,True
l7,2,C2 (Dune),3.6,4.337022513563994,2.5556628363835125,0.08812300717570368,2.692948203843672e-15,0.8705734737328186,True,True
l7,2,C2 (Dune),3.7,4.3540979534777176,2.5307854298853503,0.0852549211720433,3.5170651972293054e-15,0.8698667676495846,True,True
l7,2,C2 (Dune),3.8,4.369791867846903,2.5078067129987396,0.0825468474973948,4.56079708468902e-15,0.869175285320124,True,True
l7,2,C2 (Dune),3.9,4.384243079933952,2.486543450271621,0.07998747844017141,5.870183218617525e-15,0.8685002757171081,True,True
l7,2,C2 (Dune),4.0,4.3975742929758255,2.4668329212673976,0.0775663380523518,7.49767387822281e-15,0.8678425624889342,True,True
l7,2,C2 (Dune),4.1,4.409894138898554,2.448530418287085,0.07527374274868084,9.502389110503088e-15,0.867202636633002,True,True
l7,2,C2 (Dune),4.2,4.421298957740131,2.431507054200823,0.07310075521208882,1.1950296952387444e-14,0.8665807300729251,True,True
l7,2,C2 (Dune),4.3,4.431874341145065,2.415647846294151,0.07103913516673446,1.49143059995263e-14,0.8659768740967457,True,True
l7,2,C2 (Dune),4.4,4.441696470422157,2.4008500436319906,0.0690812894280757,1.8474269912012916e-14,0.8653909457801294,True,True
l7,2,C2 (Dune),4.5,4.450833276467689,2.387021667944134,0.06722022282158388,2.2716903955438518e-14,0.8648227048623761,True,True
l7,2,C2 (Dune),4.6,4.45934544566472,2.3740802409251573,0.06544949098450654,2.7735615967320706e-14,0.8642718230267027,True,True
l7,2,C2 (Dune),4.7,4.467287292843351,2.361951673804124,0.06376315566053618,3.363025614359945e-14,0.863737907129874,True,True
l7,2,C2 (Dune),4.8,4.474707519612492,2.350569297897432,0.06215574281649007,4.050679171190771e-14,0.8632205176062937,True,True
l7,2,C2 (Dune),4.9,4.481649873892112,2.3398730175115174,0.06062220371782764,4.8476913876657696e-14,0.8627191830194748,True,True
l7,2,C2 (Dune),5.0,4.488153724279282,2.3298085689693657,0.05915787897057947,5.765758538570987e-14,0.8622334115348023,True,True
l7,2,C2 (Dune),5.1,4.4942545609702576,2.3203268716808445,0.05775846545277229,6.81705376924942e-14,0.8617626999302122,True,True
l7,2,C2 (Dune),5.2,4.4999844332968895,2.3113834590698694,0.056419986005411954,8.014172700350012e-14,0.8613065406368999,True,True
l7,2,C2 (Dune),5.3,4.505372332509097,2.302937978825928,0.0551387617222132,9.37007585370858e-14,0.8608644272034185,True,True
l7,2,C2 (Dune),5.4,4.51044452720344,2.2949537533862876,0.05391138666158016,1.089802881253396e-13,0.8604358584980767,True,True
l7,2,C2 (Dune),5.5,4.515224857746939,2.2873973928002886,0.052734704799140136,1.2611540989667955e-13,0.8600203419020956,True,True
l7,2,C2 (Dune),5.6,4.519734995144802,2.2802384532017097,0.051605789040802326,1.4524303823760452e-13,0.8596173956961777,True,True
l7,2,C2 (Dune),5.7,4.5239946690308415,2.2734491350409916,0.050521922122534174,1.665012915731046e-13,0.8592265508033532,True,True
l7,2,C2 (Dune),5.8,4.5280218688049985,2.2670040160247886,0.04948057923197305,1.9002888477192581e-13,0.8588473520191234,True,True
l7,2,C2 (Dune),5.9,4.53183302137961,2.260879814395124,0.04847941219746223,2.1596453620622532e-13,0.8584793588343782,True,True
l7,2,C2 (Dune),6.0,4.535443148517273,2.255055178767728,0.047516235101319804,2.4444639468969785e-13,0.8581221459360621,True,True
l7,2,C2 (Dune),6.1,4.538866006336368,2.249510501255564,0.046589011185432266,2.7561149073348524e-13,0.8577753034540629,True,True
l7,2,C2 (Dune),6.2,4.542114209207037,2.244227751036429,0.04569584092840896,3.0959521577301033e-13,0.8574384370095072,True,True
l7,2,C2 (Dune),6.3,4.545199339962821,2.2391903258985244,0.04483495118411303,3.4653083229513545e-13,0.8571111676089218,True,True
l7,2,C2 (Dune),6.4,4.548132048096226,2.2343829196189384,0.044004685281432976,3.8654901709321695e-13,0.8567931314200695,True,True
l7,2,C2 (Dune),6.5,4.550922137385456,2.229791403307261,0.0432034939944614,4.2977743924832195e-13,0.8564839794582533,True,True
l7,2,C2 (Dune),6.6,4.55357864421031,2.225402719085185,0.04242992730087714,4.763403738501907e-13,0.8561833772062242,True,True
l7,2,C2 (Dune),6.7,4.556109907653356,2.221204784680441,0.04168262685420933,5.263583519576261e-13,0.8558910041862359,True,True
l7,2,C2 (Dune),6.8,4.558523632341561,2.2171864076907486,0.04096031910286481,5.799478468448907e-13,0.8556065534990656,True,True
l7,2,C2 (Dune),6.9,4.560826944861369,2.2133372084284364,0.040261808995376513,6.37220996165838e-13,0.8553297313418091,True,True
l7,2,C2 (Dune),7.0,4.563026444479107,2.2096475503905344,0.03958597421722039,6.982853593500052e-13,0.8550602565138083,True,True
l7,2,C2 (Dune),7.1,4.565128248803326,2.2061084775147974,0.03893175990993912,7.632437092484007e-13,0.8547978599180887,True,True
l7,2,C2 (Dune),7.2,4.567138034952066,2.2027116574838024,0.03829817382814118,8.321938568027553e-13,0.854542284064076,True,True
l7,2,C2 (Dune),7.3,4.5690610767160695,2.199449330426358,0.037684281894290406,9.052285073451762e-13,0.8542932825760617,True,True
l7,2,C2 (Dune),7.4,4.570902278152837,2.1963142624429555,0.037089204115139204,9.824351469684556e-13,0.8540506197108313,True,True
l7,2,C2 (Dune),7.5,4.5726662039933315,2.1932997034483086,0.036512110827168764,1.0638959573087207e-12,0.8538140698870205,True,True
l7,2,C2 (Dune),7.6,4.5743571071977565,2.1903993488825293,0.03595221924158476,1.149687757008128e-12,0.8535834172280805,True,True
l7,2,C2 (Dune),7.7,4.575978953960437,2.187607304893672,0.03540879026225913,1.2398819680684027e-12,0.8533584551201807,True,True
l7,2,C2 (Dune),7.8,4.57753544642525,2.1849180566398196,0.03488112555255588,1.3345446053220085e-12,0.8531389857859364,True,True
l7,2,C2 (Dune),7.9,4.579030043348313,2.1823264393967188,0.03436856482931783,1.4337362871852067e-12,0.8529248198744964,True,True
l7,2,C2 (Dune),8.0,4.580465978912873,2.1798276121935283,0.03387048336431576,1.5375122659475772e-12,0.8527157760682521,True,True
d5,2,C2 (Dune),0.5,2.820798570838539,3.6813014260626584,0.24628347208011403,3.007623173906321e-11,0.7516452622337082,True,True
d5,2,C2 (Dune),0.6,2.9754858272588356,3.484745370092134,0.23853992976544017,1.0246203652853855e-11,0.7570116512433673,True,True
d5,2,C2 (Dune),0.7,3.1183182680757797,3.300199131938735,0.22947258534790313,4.675970009580101e-12,0.760850824068724,True,True
d5,2,C2 (Dune),0.8,3.247979076312484,3.130238382787295,0.21971394395362348,2.7321198381041195e-12,0.763446884448638,True,True
d5,2,C2 (Dune),0.9,3.3643349399533884,2.9757520975557705,0.20972246119343615,1.9516812639625974e-12,0.765058171388476,True,True
d5,2,C2 (Dune),1.0,3.46797270559198,2.8365437881821722,0.19981356978385476,1.633704391979011e-12,0.7659057433863538,True,True
d5,2,C2 (Dune),1.1,3.5598657172189876,2.7117817842898035,0.19019289981451687,1.54492799073648e-12,0.766171417209877,True,True
d5,2,C2 (Dune),1.2,3.641152433353625,2.600309808514319,0.1809857387891094,1.6013857825683172e-12,0.7660007846532476,True,True
d5,2,C2 (Dune),1.3,3.7129997435928286,2.5008475157005496,0.17226073772965061,1.7759285326611124e-12,0.7655082864727764,True,True
d5,2,C2 (Dune),1.4,3.7765249696427103,2.4121120236747444,0.16404789197885772,2.0675379894201487e-12,0.7647826996513579,True,True
d5,2,C2 (Dune),1.5,3.832756090293305,2.3328861627180286,0.15635165053670924,2.4901058656171815e-12,0.7638922289919321,True,True
d5,2,C2 (Dune),1.6,3.8826155846174313,2.262052510994461,0.14916020417943132,3.0680939093856035e-12,0.7628888820727727,True,True
d5,2,C2 (Dune),1.7,3.926918094999309,2.198606425151032,0.1424519192159282,3.8348383857603735e-12,0.7618120649060975,True,True
d5,2,C2 (Dune),1.8,3.966375630175113,2.141656802035679,0.13619970613625126,4.8319050069131916e-12,0.7606914568560481,True,True
d5,2,C2 (Dune),1.9,4.0016064370486015,2.090420143802299,0.13037392705879108,6.108831754344201e-12,0.7595492692268304,True,True
d5,2,C2 (Dune),2.0,4.033145246791548,2.044211366704088,0.1249442863075945,7.72296039360257e-12,0.7584019996922726,True,True
d5,2,C2 (Dune),2.1,4.0614535988723555,2.0024334051059816,0.11988102284649135,9.739214818058906e-12,0.7572617853389517,True,True
d5,2,C2 (Dune),2.2,4.086929560540806,1.964566781401264,0.1151556292776381,1.2229760471610984e-11,0.7561374415542158,True,True
d5,2,C2 (Dune),2.3,4.109916526053303,1.9301597670470745,0.11074125387404632,1.52735201531945e-11,0.7550352576817082,True,True
d5,2,C2 (Dune),2.4,4.130710991612913,1.8988194304990715,0.10661289356740122,1.8955545633259994e-11,0.7539596056210834,True,True
d5,2,C2 (Dune),2.5,4.1495693184603715,1.87020367484498,0.10274745173141117,2.336625928488199e-11,0.7529134051450415,True,True
d5,2,C2 (Dune),2.6,4.166713555789855,1.844014259631838,0.09912371089676997,2.8600588786069675e-11,0.7518984796907935,True,True
d5,2,C2 (Dune),2.7,4.182336420888793,1.819990744663417,0.09572225415797832,3.475702266385174e-11,0.7509158284932925,True,True
d5,2,C2 (Dune),2.8,4.196605540657464,1.797905267572792,0.09252535777886822,4.19366161271443e-11,0.749965834808766,True,True
d5,2,C2 (Dune),2.9,4.209667055239818,1.7775580587932143,0.08951686980639978,5.0241976077298254e-11,0.7490484252782226,True,True
d5,2,C2 (Dune),3.0,4.221648676091695,1.75877359921529,0.08668208426200345,5.977625204391028e-11,0.7481631918938865,True,True
d5,2,C2 (Dune),3.1,4.2326622804251315,1.7413973325352203,0.08400761693130347,7.064215661110761e-11,0.7473094853032061,True,True
d5,2,C2 (Dune),3.2,4.242806113272735,1.7252928532367684,0.0814812863864583,8.294103512273858e-11,0.7464864861131777,True,True
d5,2,C2 (Dune),3.3,4.252166658280222,1.710339500685279,0.0790920022845469,9.67720004444698e-11,0.7456932592848919,True,True
d5,2,C2 (Dune),3.4,4.2608202291692745,1.696430299061302,0.07682966193826138,1.1223114458765156e-10,0.7449287955136041,True,True
d5,2,C2 (Dune),3.5,4.268834325754188,1.6834701913786057,0.07468505547808103,1.2941083526146269e-10,0.7441920425812205,True,True
d5,2,C2 (Dune),3.6,4.2762687914457445,1.6713745234325341,0.07264977949876508,1.483991020468203e-10,0.7434819289761571,True,True
d5,2,C2 (Dune),3.7,4.283176803247186,1.6600677401717618,0.07071615882559365,1.6927911394966412e-10,0.7427973815474808,True,True
d5,2,C2 (Dune),3.8,4.289605720240949,1.6494822627193146,0.06887717589104134,1.9212874762707892e-10,0.7421373385563491,True,True
d5,2,C2 (Dune),3.9,4.295597812357208,1.639557519169594,0.06712640714217714,2.1702024358138972e-10,0.7415007591781573,True,True
d5,2,C2 (Dune),4.0,4.301190887688838,1.6302391064484671,0.0654579658767522,2.4401994606697176e-10,0.7408866302708945,True,True
d5,2,C2 (Dune),4.1,4.306418833676329,1.621478064042081,0.06386645091394696,2.731881213029852e-10,0.7402939710419718,True,True
d5,2,C2 (Dune),4.2,4.311312085029202,1.613230243366748,0.06234690053201178,3.0457884779910466e-10,0.7397218361043286,True,True
d5,2,C2 (Dune),4.3,4.3158980292024545,1.6054557590495122,0.06089475114159831,3.382399721144912e-10,0.7391693173031725,True,True
d5,2,C2 (Dune),4.4,4.320201358538694,1.5981185104892146,0.059505800205094515,3.7421312314315913e-10,0.7386355446098448,True,True
d5,2,C2 (Dune),4.5,4.324244376760959,1.5911857638343134,0.058176172955298,4.125337780029303e-10,0.7381196863133701,True,True
d5,2,C2 (Dune),4.6,4.328047266310978,1.584627785998833,0.056902292509184514,4.5323137274260505e-10,0.737620948688932,True,True
d5,2,C2 (Dune),4.7,4.331628322031472,1.5784175235885776,0.05568085301297329,4.963294513575458e-10,0.7371385752825037,True,True
d5,2,C2 (Dune),4.8,4.335004155857339,1.572530320662744,0.054508795492476565,5.418458469592918e-10,0.7366718459196309,True,True
d5,2,C2 (Dune),4.9,4.3381898764808255,1.5669436701445854,0.05338328611748267,5.897928893661527e-10,0.7362200755219406,True,True
d5,2,C2 (Dune),5.0,4.341199247368798,1.5616369944452622,0.052301696620554596,6.401776338437738e-10,0.7357826127958536,True,True
d5,2,C2 (Dune),5.1,4.344044826014144,1.5565914514995183,0.05126158663917951,6.9300210619922e-10,0.7353588388430143,True,True
d5,2,C2 (Dune),5.2,4.3467380868877274,1.5517897629497337,0.05026068777585081,7.482635599152528e-10,0.7349481657302483,True,True
d5,2,C2 (Dune),5.3,4.349289530203286,1.5472160616709116,0.04929688919354569,8.059547414887825e-10,0.7345500350476801,True,True
d5,2,C2 (Dune),5.4,4.351708778310159,1.5428557562175658,0.04836822458449411,8.660641605803477e-10,0.7341639164764766,True,True
d5,2,C2 (Dune),5.5,4.35400466127564,1.5386954101031778,0.04747286036821636,9.285763620340049e-10,0.7337893063820662,True,True
d5,2,C2 (Dune),5.6,4.356185293002834,1.5347226341053548,0.04660908499092256,9.934721972152133e-10,0.733425726444312,True,True
d5,2,C2 (Dune),5.7,4.358258139047048,1.530925990030091,0.04577529921258442,1.0607290924898205e-09,0.7330727223327076,True,True
d5,2,C2 (Dune),5.8,4.360230077138626,1.5272949045755513,0.044970007280590765,1.1303213130314363e-09,0.7327298624320273,True,True
d5,2,C2 (Dune),5.9,4.362107451283528,1.5238195921116393,0.044191808900070836,1.2022202204210818e-09,0.7323967366218186,True,True
d5,2,C2 (Dune),6.0,4.3638961202025035,1.520490985345024,0.04343939192081303,1.2763945228169944e-09,0.7320729551115597,True,True
d5,2,C2 (Dune),6.1,4.365601500766814,1.5173006729688048,0.042711525669446346,1.3528105167000955e-09,0.7317581473321163,True,True
d5,2,C2 (Dune),6.2,4.367228607009133,1.5142408435100339,0.04200705486326975,1.4314323194309985e-09,0.7314519608832307,True,True
d5,2,C2 (Dune),6.3,4.368782085210476,1.511304234685362,0.04132489404894911,1.5122220920516904e-09,0.7311540605361097,True,True
d5,2,C2 (Dune),6.4,4.3702662455047045,1.5084840876594159,0.04066402251535413,1.5951402519327687e-09,0.7308641272896944,True,True
d5,2,C2 (Dune),6.5,4.371685090386581,1.5057741056740999,0.040023479635178986,1.6801456750034414e-09,0.7305818574788481,True,True
d5,2,C2 (Dune),6.6,4.373042340461989,1.5031684165802788,0.039402360594731026,1.7671958874556792e-09,0.7303069619324644,True,True
d5,2,C2 (Dune),6.7,4.374341457738449,1.50066153885888,0.0387998124755214,1.8562472468782671e-09,0.7300391651793527,True,True
d5,2,C2 (Dune),6.8,4.375585666719616,1.4982483507667537,0.03821503065500145,1.947255112926338e-09,0.7297782046996723,True,True
d5,2,C2 (Dune),6.9,4.376777973533636,1.4959240622840397,0.037647255497162226,2.0401740076421985e-09,0.7295238302196553,True,True
d5,2,C2 (Dune),7.0,4.377921183302428,1.4936841895776778,0.03709576930665296,2.1349577656510723e-09,0.7292758030473676,True,True
d5,2,C2 (Dune),7.1,4.3790179159316445,1.4915245317270778,0.036559893522721584,2.2315596744940115e-09,0.729033895447287,True,True
d5,2,C2 (Dune),7.2,4.3800706204828375,1.489441149486661,0.03603898613163744,2.3299326054014386e-09,0.7287978900515386,True,True
d5,2,C2 (Dune),7.3,4.381081588269707,1.4874303458844398,0.0355324392783584,2.430029134817228e-09,0.728567579305692,True,True
d5,2,C2 (Dune),7.4,4.382052964806729,1.485488648478301,0.03503967706007105,2.5318016570533864e-09,0.7283427649471159,True,True
d5,2,C2 (Dune),7.5,4.382986760721307,1.4836127931102525,0.03456015348591702,2.6352024884302683e-09,0.7281232575139558,True,True
d5,2,C2 (Dune),7.6,4.383884861731553,1.4817997090160422,0.03409335058871964,2.7401839632848047e-09,0.7279088758829136,True,True
d5,2,C2 (Dune),7.7,4.384749037778848,1.4800465051631297,0.03363877667586214,2.8466985222510406e-09,0.7276994468340798,True,True
d5,2,C2 (Dune),7.8,4.385580951395712,1.4783504577021875,0.03319596470768521,2.954698793158361e-09,0.7274948046411756,True,True
d5,2,C2 (Dune),7.9,4.38638216538033,1.4767089984303354,0.032764470792836495,3.0641376649894476e-09,0.7272947906856455,True,True
d5,2,C2 (Dune),8.0,4.387154149843807,1.4751197041736357,0.03234387279099983,3.1749683552368603e-09,0.7270992530931374,True,True
d6,2,C2 (Dune),0.5,3.0161778968228345,3.9036316356276144,0.22854767112486357,1.715109899941722e-13,0.8126508293730779,True,True
d6,2,C2 (Dune),0.6,3.1574520675970295,3.7193810029568595,0.22054305243626027,6.296750223706726e-14,0.816434075102603,True,True
d6,2,C2 (Dune),0.7,3.2870820162252166,3.5474151744294353,0.2117467360611868,3.1291987495084346e-14,0.8190300527970387,True,True
d6,2,C2 (Dune),0.8,3.4045051763115417,3.3892909936591256,0.20260234657658013,2.000559132105582e-14,0.8206720419934125,True,True
d6,2,C2 (Dune),0.9,3.509947768161076,3.245371139482025,0.19342606763034292,1.566108999079123e-14,0.821564536356951,True,True
d6,2,C2 (Dune),1.0,3.6041012665854133,3.1152610565856413,0.184432465573301,1.4362241853661356e-14,0.8218790985751468,True,True
d6,2,C2 (Dune),1.1,3.687895069856233,2.998129143933853,0.17575922617291703,1.4859797343949004e-14,0.8217554235052549,True,True
d6,2,C2 (Dune),1.2,3.762347488839067,2.8929261230885692,0.16748811675635333,1.6819300273171132e-14,0.821304898617804,True,True
d6,2,C2 (Dune),1.3,3.828474367927213,2.798526939782029,0.15966153092266452,2.0320207193293448e-14,0.8206150129631552,True,True
d6,2,C2 (Dune),1.4,3.887237324645673,2.713817334338237,0.1522949575385988,2.5705164771035402e-14,0.8197537227963104,True,True
d6,2,C2 (Dune),1.5,3.939517823937512,2.637742904718479,0.14538607829492078,3.354672647234862e-14,0.8187733584552253,True,True
d6,2,C2 (Dune),1.6,3.9861073108398135,2.569333806092009,0.1389212446354985,4.4660375420642506e-14,0.8177139294395583,True,True
d6,2,C2 (Dune),1.7,4.027706816901716,2.5077142529890373,0.13287999643202614,6.013872131721841e-14,0.8166058258378159,True,True
d6,2,C2 (Dune),1.8,4.064931778585032,2.4521029662770673,0.12723815601766594,8.139625910029493e-14,0.8154719781789418,True,True
d6,2,C2 (Dune),1.9,4.098319405022565,2.4018085516474246,0.12196990559348118,1.1021901121540745e-13,0.8143295595029336,True,True
d6,2,C2 (Dune),2.0,4.128336991685923,2.356222322708051,0.11704914988590016,1.4881516153452132e-13,0.8131913139907277,True,True
d6,2,C2 (Dune),2.1,4.155390257363602,2.3148101042437004,0.11245038255270062,1.998635288967552e-13,0.8120665877031926,True,True
d6,2,C2 (Dune),2.2,4.179831208126243,2.2771039180675414,0.10814921207301022,2.6655716413239535e-13,0.8109621251075743,True,True
d6,2,C2 (Dune),2.3,4.201965291781839,2.242694052529617,0.10412265687525474,3.5263975356094757e-13,0.8098826831735881,True,True
d6,2,C2 (Dune),2.4,4.222057759736403,2.211221767892357,0.10034928636735094,4.624329580324455e-13,0.8088315042145251,True,True
d6,2,C2 (Dune),2.5,4.240339239888915,2.182372739489083,0.09680926101128051,6.008533171672558e-13,0.8078106797470477,True,True
d6,2,C2 (Dune),2.6,4.257010569925717,2.1558712529758077,0.09348430800789498,7.734178799002529e-13,0.8068214304330995,True,True
d6,2,C2 (Dune),2.7,4.272246961507582,2.131475117618803,0.09035765755124579,9.86238251329941e-13,0.8058643214549541,True,True
d6,2,C2 (Dune),2.8,4.286201572645291,2.108971239299251,0.08741395652675502,1.2460032397724954e-12,0.8049394282124204,True,True
d6,2,C2 (Dune),2.9,4.299008564372732,2.0881717851185306,0.08463917092104709,1.5599507209384501e-12,0.8040464637775745,True,True
d6,2,C2 (Dune),3.0,4.31078571251877,2.068910870074763,0.08202048434123013,1.935829690900527e-12,0.8031848768844755,True,True
d6,2,C2 (Dune),3.1,4.321636638231139,2.051041699478504,0.07954619738360713,2.3818537474583787e-12,0.8023539271927392,True,True
d6,2,C2 (Dune),3.2,4.331652713247644,2.034434106271734,0.07720563077804685,2.9066474196423625e-12,0.8015527430029814,True,True
d6,2,C2 (Dune),3.3,4.3409146884597885,2.0189724288310194,0.07498903400663733,3.519186862576421e-12,0.8007803654076996,True,True
d6,2,C2 (Dune),3.4,4.349494087444961,2.004553681375286,0.07288750027365908,4.22873645897417e-12,0.8000357819468438,True,True
d6,2,C2 (Dune),3.5,4.357454400504835,1.9910859753258863,0.07089288816261984,5.04478283104319e-12,0.7993179521367745,True,True
d6,2,C2 (Dune),3.6,4.364852109379122,1.9784871556637358,0.06899774996756608,5.976967680255612e-12,0.7986258267038184,True,True
d6,2,C2 (Dune),3.7,4.371737568172486,1.966683621411886,0.06719526646914036,7.0350207500730775e-12,0.7979583619405447,True,True
d6,2,C2 (Dune),3.8,4.378155762071707,1.9556093038317104,0.0654791877985238,8.22869406022998e-12,0.797314530284826,True,True
d6,2,C2 (Dune),3.9,4.384146962072436,1.9452047797878622,0.06384377996516266,9.567698400744475e-12,0.7966933279763481,True,True
d6,2,C2 (Dune),4.0,4.389747291093448,1.9354165010647566,0.062283776596591914,1.1061642908596942e-11,0.7960937804555049,True,True
d6,2,C2 (Dune),4.1,4.394989214463296,1.926196123263161,0.06079433543682841,1.2719978386686246e-11,0.795514946022637,True,True
d6,2,C2 (Dune),4.2,4.399901965752583,1.917499920331246,0.05937099916402347,1.4551944868832916e-11,0.7949559181614506,True,True
d6,2,C2 (Dune),4.3,4.404511917232141,1.9092882728463327,0.058009660111828454,1.656652379003239e-11,0.7944158268417049,True,True
d6,2,C2 (Dune),4.4,4.40884290281762,1.9015252199133683,0.056706528507830666,1.8772394990424557e-11,0.7938938390470655,True,True
d6,2,C2 (Dune),4.5,4.412916500166693,1.8941780660299599,0.05545810387352345,2.1177898665746167e-11,0.79338915872003,True,True
d6,2,C2 (Dune),4.6,4.416752277592403,1.8872170355264446,0.05426114926167382,2.379100227763994e-11,0.792901026273594,True,True
d6,2,C2 (Dune),4.7,4.420368010609474,1.880614968255157,0.05311266803748965,2.6619272352486756e-11,0.7924287177862588,True,True
d6,2,C2 (Dune),4.8,4.423779872221981,1.8743470511091935,0.05200988293886706,2.966985102880723e-11,0.7919715439710603,True,True
d6,2,C2 (Dune),4.9,4.427002600458591,1.8683905807183812,0.05095021717792754,3.2949437157587437e-11,0.79152884898895,True,True
d6,2,C2 (Dune),5.0,4.430049646155256,1.8627247533238707,0.04993127737077008,3.6464271717546035e-11,0.79110000916088,True,True
d6,2,C2 (Dune),5.1,4.432933303557302,1.8573304783877926,0.04895083810488822,4.0220127275931083e-11,0.7906844316203936,True,True
d6,2,C2 (Dune),5.2,4.435664825948278,1.8521902129688725,0.048006827974063526,4.422230120463815e-11,0.7902815529386595,True,True
d6,2,C2 (Dune),5.3,4.438254528205643,1.8472878142973197,0.047097316928885996,4.847561234799722e-11,0.7898908377461394,True,True
d6,2,C2 (Dune),5.4,4.440711877919787,1.8426084083292125,0.04622050480746148,5.298440083360447e-11,0.789511777369003,True,True
d6,2,C2 (Dune),5.5,4.443045576491131,1.8381382723545938,0.04537471092555389,5.775253071831839e-11,0.7891438884936366,True,True
d6,2,C2 (Dune),5.6,4.445263631427914,1.8338647299874067,0.04455836461849663,6.278339516574402e-11,0.7887867118688676,True,True
d6,2,C2 (Dune),5.7,4.447373420905212,1.8297760570829005,0.04376999663885309,6.807992386289737e-11,0.788439811052618,True,True
d6,2,C2 (Dune),5.8,4.449381751505651,1.8258613973143483,0.043008231324184056,7.364459239338667e-11,0.7881027712074435,True,True
d6,2,C2 (Dune),5.9,4.45129490994276,1.8221106863030843,0.042271779458466746,7.947943330132142e-11,0.787775197947667,True,True
d6,2,C2 (Dune),6.0,4.45311870946488,1.8185145833337275,0.04155943175890988,8.558604859446904e-11,0.7874567162394711,True,True
d6,2,C2 (Dune),6.1,4.454858531548646,1.8150644098074256,0.040870052927160005,9.196562345312312e-11,0.7871469693542954,True,True
d6,2,C2 (Dune),6.2,4.456519363415202,1.8117520936893388,0.040202576210355084,9.861894092803029e-11,0.7868456178751118,True,True
d6,2,C2 (Dune),6.3,4.458105831835665,1.8085701192972565,0.039555998423205535,1.0554639742853128e-10,0.786552338754578,True,True
d6,2,C2 (Dune),6.4,4.459622233634853,1.8055114818560063,0.03892937538737719,1.1274801882024606e-10,0.7862668244236564,True,True
d6,2,C2 (Dune),6.5,4.461072563253981,1.8025696463110252,0.03832181774898638,1.2022347696681337e-10,0.78598878194899,True,True
d6,2,C2 (Dune),6.6,4.462460537688228,1.7997385099533343,0.03773248713902759,1.27972106569177e-10,0.7857179322371295,True,True
d6,2,C2 (Dune),6.7,4.46378961907873,1.797012368460475,0.03716059264515839,1.359929221690822e-10,0.7854540092835853,True,True
d6,2,C2 (Dune),6.8,4.46506303520626,1.7943858850026384,0.03660538756644382,1.4428463519994626e-10,0.7851967594646043,True,True
d6,2,C2 (Dune),6.9,4.466283798103122,1.7918540621034937,0.03606616642551148,1.5284567098194085e-10,0.7849459408695604,True,True
d6,2,C2 (Dune),7.0,4.467454720977932,1.7894122159796775,0.03554226221511658,1.6167418556999856e-10,0.7847013226718442,True,True
d6,2,C2 (Dune),7.1,4.468578433623448,1.7870559531135568,0.03503304385836318,1.7076808237794517e-10,0.7844626845361905,True,True
d6,2,C2 (Dune),7.2,4.4696573964607165,1.7847811488403311,0.03453791386387717,1.8012502850874206e-10,0.784229816060417,True,True
d6,2,C2 (Dune),7.3,4.470693913353038,1.7825839277551714,0.034056306159008634,1.8974247073796955e-10,0.7840025162496316,True,True
d6,2,C2 (Dune),7.4,4.471690143312404,1.7804606457656664,0.033587684085795606,1.99617651097695e-10,0.7837805930210309,True,True
d6,2,C2 (Dune),7.5,4.472648111204326,1.7784078736342974,0.03313153854583785,2.0974762202548808e-10,0.783563862737496,True,True
d6,2,C2 (Dune),7.6,4.473569717547466,1.7764223818716558,0.03268738628156122,2.2012926104490934e-10,0.7833521497682812,True,True
d6,2,C2 (Dune),7.7,4.474456747494504,1.774501126855065,0.032254768282506036,2.3075928495165182e-10,0.7831452860751691,True,True
d6,2,C2 (Dune),7.8,4.475310879069875,1.7726412380609275,0.03183324830632554,2.4163426348850936e-10,0.7829431108225581,True,True
d6,2,C2 (Dune),7.9,4.4761336907342635,1.7708400063098786,0.03142241150512787,2.527506324938073e-10,0.7827454700100298,True,True
d6,2,C2 (Dune),8.0,4.4769266683375,1.7690948729339673,0.031021863148641842,2.6410470651500106e-10,0.7825522161260248,True,True
d7,2,C2 (Dune),0.5,3.290351616777091,3.9466046108845187,0.2913587065771459,2.586453875999673e-15,0.7873027231051055,True,True
d7,2,C2 (Dune),0.6,3.4791444813981514,3.723657728340381,0.28290275148733857,3.85078835776468e-16,0.7954105191679928,True,True
d7,2,C2 (Dune),0.7,3.6493739017784024,3.5130346196651043,0.2720955323324962,1.0155123105237534e-16,0.8009035841383442,True,True
d7,2,C2 (Dune),0.8,3.799664215000736,3.319289365790155,0.25997011509457946,4.3984998333052926e-17,0.8042775946934592,True,True
d7,2,C2 (Dune),0.9,3.930446522387048,3.144284212626671,0.24729353559277883,2.8537061040654216e-17,0.8060001135073236,True,True
d7,2,C2 (Dune),1.0,4.0431747323906855,2.988106602516008,0.23459901131043734,2.530989061297085e-17,0.8064752650465762,True,True
d7,2,C2 (Dune),1.1,4.139771388995861,2.849795586875051,0.22223463379795858,2.829721687373937e-17,0.8060335683174614,True,True
d7,2,C2 (Dune),1.2,4.222277842124765,2.727853253737336,0.21041163778300306,3.7301682305699254e-17,0.804935530002139,True,True
d7,2,C2 (Dune),1.3,4.292655809382028,2.620574796215762,0.19924503400806876,5.5009469357811765e-17,0.8033812506152676,True,True
d7,2,C2 (Dune),1.4,4.352689282072002,2.5262454903784333,0.1887849084937943,8.721319229230839e-17,0.8015215765275608,True,True
d7,2,C2 (Dune),1.5,4.403947565332871,2.443248114267092,0.17903922528423,1.4434591011548316e-16,0.7994685890694173,True,True
d7,2,C2 (Dune),1.6,4.447782703941516,2.3701138428992166,0.16998981069108512,2.4417162258130467e-16,0.7973045560785086,True,True
d7,2,C2 (Dune),1.7,4.485344416979597,2.3055394395026996,0.1616032333773686,4.1585335806355486e-16,0.7950891684314847,True,True
d7,2,C2 (Dune),1.8,4.5176025327206855,2.2483855687970324,0.15383802554317247,7.057140217932633e-16,0.792865201068034,True,True
d7,2,C2 (Dune),1.9,4.545371337814621,2.197665426623592,0.14664935686006175,1.184993983941025e-15,0.7906628505585649,True,True
d7,2,C2 (Dune),2.0,4.569332951058739,2.152529155083185,0.13999197258583784,1.9598282240083826e-15,0.7885030145791271,True,True
d7,2,C2 (Dune),2.1,4.590058401828751,2.1122471521448416,0.13382196904824872,3.1835288241206955e-15,0.786399750172484,True,True
d7,2,C2 (Dune),2.2,4.608025965095125,2.0761939389096944,0.12809780262234433,5.071082359981342e-15,0.7843621063023879,True,True
d7,2,C2 (Dune),2.3,4.623636760955804,2.0438333890321845,0.12278080172793725,7.915578361114637e-15,0.7823954851598758,True,True
d7,2,C2 (Dune),2.4,4.637227843337231,2.014705631778134,0.11783536304523559,1.2106099125724734e-14,0.7805026510900941,True,True
d7,2,C2 (Dune),2.5,4.649083086621686,1.9884156693803985,0.11322895251050168,1.8146445636279864e-14,0.7786844771445495,True,True
d7,2,C2 (Dune),2.6,4.659442193076218,1.9646236104651371,0.10893199049359614,2.667396651881766e-14,0.7769404967262363,True,True
d7,2,C2 (Dune),2.7,4.668508123868385,1.943036358775704,0.1049176728516294,3.847770669109018e-14,0.7752693105958156,True,True
d7,2,C2 (Dune),2.8,4.676453221989512,1.9234005765991986,0.1011617610274268,5.4515101292835306e-14,0.7736688865662228,True,True
d7,2,C2 (Dune),2.9,4.683424257116949,1.9054967452281328,0.09764236205330651,7.592650343229267e-14,0.7721367795607276,True,True
d7,2,C2 (Dune),3.0,4.689546585602583,1.889134158829152,0.09433971119868442,1.0404694088705574e-13,0.7706702925466231,True,True
d7,2,C2 (Dune),3.1,4.694927585711309,1.8741467066404103,0.09123596468430342,1.4041463400340035e-13,0.7692665935555407,True,True
d7,2,C2 (Dune),3.2,4.699659499715117,1.860389317865506,0.08831500644442894,1.867759607420595e-13,0.7679228000819733,True,True
d7,2,C2 (Dune),3.3,4.703821790442074,1.8477349621199641,0.08556227072367426,2.4508671214813193e-13,0.7666360392533589,True,True
d7,2,C2 (Dune),3.4,4.707483099985369,1.836072114965556,0.08296458092608863,3.1750963155138764e-13,0.7654034900199458,True,True
d7,2,C2 (Dune),3.5,4.710702881950699,1.825302612650721,0.08051000430848564,4.064083652508199e-13,0.7642224120225785,True,True
d7,2,C2 (Dune),3.6,4.7135327653147705,1.8153398326724712,0.07818772163912775,5.143380657712541e-13,0.7630901646157602,True,True
d7,2,C2 (Dune),3.7,4.716017697161481,1.8061071473464394,0.07598791070080482,6.440329780971937e-13,0.7620042186447279,True,True
d7,2,C2 (Dune),3.8,4.7181969028087245,1.7975366064336287,0.07390164242050093,7.983914038280867e-13,0.7609621629201304,True,True
d7,2,C2 (Dune),3.9,4.720104694754729,1.7895678122612138,0.07192078840072566,9.804584789555179e-13,0.7599617068443723,True,True
d7,2,C2 (Dune),4.0,4.721771156138071,1.782146956910323,0.070037938673809,1.193407220134591e-12,0.759000680277189,True,True
d7,2,C2 (Dune),4.1,4.723222719762296,1.7752259961289059,0.06824632857626542,1.4405182948313902e-12,0.7580770314531174,True,True
d7,2,C2 (Dune),4.2,4.7244826599725025,1.7687619388368316,0.06653977373046127,1.7251589559458428e-12,0.7571888235570143,True,True
d7,2,C2 (Dune),4.3,4.725571511611113,1.762716234573958,0.06491261221562203,2.0507615547698123e-12,0.7563342304084273,True,True
d7,2,C2 (Dune),4.4,4.72650742779615,1.7570542441251487,0.06335965310384867,2.4208020107265655e-12,0.7555115315886505,True,True
d7,2,C2 (Dune),4.5,4.727306486235121,1.7517447809455593,0.061876130625804965,2.8387785751489536e-12,0.7547191072561785,True,True
d7,2,C2 (Dune),4.6,4.727982952132051,1.746759712990733,0.06045766331326799,3.3081911819470805e-12,0.7539554328298868,True,True
d7,2,C2 (Dune),4.7,4.728549504389083,1.7420736162022297,0.05910021754100568,3.832521632535063e-12,0.7532190736692693,True,True
d7,2,C2 (Dune),4.8,4.729017430687594,1.7376634722685678,0.057800074958260846,4.415214817499189e-12,0.7525086798434892,True,True
d7,2,C2 (Dune),4.9,4.729396796121315,1.7335084044229732,0.056553803360722216,5.05966113449955e-12,0.751822981052777,True,True
d7,2,C2 (Dune),5.0,4.729696589293969,1.7295894459922916,0.05535823060765917,5.769180221814006e-12,0.7511607817446284,True,True
d7,2,C2 (Dune),5.1,4.7299248491702315,1.7258893372088961,0.05421042123644562,6.547006090242005e-12,0.7505209564515376,True,True
d7,2,C2 (Dune),5.2,4.730088775450346,1.7223923464664688,0.05310765546857736,7.396273703430825e-12,0.7499024453653964,True,True
d7,2,C2 (Dune),5.3,4.7301948248070085,1.7190841127620726,0.052047410338129374,8.32000702776831e-12,0.7493042501551612,True,True
d7,2,C2 (Dune),5.4,4.730248794963824,1.7159515065400495,0.05102734270585255,9.321108548417124e-12,0.7487254300282242,True,True
d7,2,C2 (Dune),5.5,4.730255898295303,1.7129825065527846,0.0500452739504664,1.0402350227149933e-11,0.7481650980315308,True,True
d7,2,C2 (Dune),5.6,4.730220826376499,1.7101660906907292,0.049099176153471896,1.1566365860439243e-11,0.7476224175854191,True,True
d7,2,C2 (Dune),5.7,4.730147806699062,1.707492139020122,0.04818715961554278,1.2815644782533531e-11,0.7470965992411147,True,True
d7,2,C2 (Dune),5.8,4.730040652594214,1.7049513475102784,0.047307461561557795,1.4152526847608203e-11,0.7465868976515078,True,True
d7,2,C2 (Dune),5.9,4.729902807252527,1.7025351511383682,0.046458435908024336,1.5579198616939155e-11,0.7460926087440984,True,True
d7,2,C2 (Dune),6.0,4.729737382603396,1.7002356552366704,0.04563854398121496,1.7097690671725072e-11,0.7456130670846718,True,True
d7,2,C2 (Dune),6.1,4.7295471937115785,1.698045574097347,0.04484634608716976,1.8709875968555193e-11,0.745147643420226,True,True
d7,2,C2 (Dune),6.2,4.729334789256347,1.6959581759796958,0.044080493845934314,2.041746915311543e-11,0.7446957423898637,True,True
d7,2,C2 (Dune),6.3,4.729102478579801,1.6939672337742997,0.043339723212295955,2.2222026747188795e-11,0.7442568003926908,True,True
d7,2,C2 (Dune),6.4,4.728852355728153,1.6920669806748192,0.042622848113934714,2.412494812536169e-11,0.7438302836021929,True,True
d7,2,C2 (Dune),6.5,4.728586320850803,1.6902520702899555,0.04192875464556572,2.612747719978619e-11,0.743415686117066,True,True
d7,2,C2 (Dune),6.6,4.728306099274233,1.6885175406981143,0.0412563957643397,2.8230704734425934e-11,0.7430125282390001,True,True
d7,2,C2 (Dune),6.7,4.728013258527486,1.6868587820094063,0.04060478643774963,3.043557121298002e-11,0.7426203548684747,True,True
d7,2,C2 (Dune),6.8,4.727709223559183,1.6852715070522004,0.03997299920047434,3.274287018955313e-11,0.7422387340101697,True,True
d7,2,C2 (Dune),6.9,4.727395290355759,1.6837517248474696,0.03936016008125495,3.515325205452755e-11,0.7418672553801413,True,True
d7,2,C2 (Dune),7.0,4.727072638144605,1.6822957165741848,0.038765444864973075,3.766722815276509e-11,0.7415055291074385,True,True
d7,2,C2 (Dune),7.1,4.726742340342329,1.6809000137635786,0.03818807565873344,4.028517519587772e-11,0.7411531845233427,True,True
d7,2,C2 (Dune),7.2,4.726405374388657,1.679561378491281,0.037627317733971155,4.300733991452531e-11,0.7408098690318933,True,True
d7,2,C2 (Dune),7.3,4.726062630590775,1.678276785361596,0.037082476619449,4.583384390105125e-11,0.7404752470558182,True,True
d7,2,C2 (Dune),7.4,4.725714920084674,1.6770434051024699,0.03655289542255526,4.8764688597731916e-11,0.7401489990524188,True,True
d7,2,C2 (Dune),7.5,4.725362982011799,1.6758585896099054,0.03603795235856981,5.179976038920233e-11,0.7398308205943558,True,True
d7,2,C2 (Dune),7.6,4.725007489992773,1.674719858297537,0.035537058469576915,5.493883576227187e-11,0.7395204215106653,True,True
d7,2,C2 (Dune),7.7,4.724649057975697,1.6736248856242848,0.03504965551649268,5.818158649965591e-11,0.739217525083675,True,True
d7,2,C2 (Dune),7.8,4.724288245522224,1.6725714896854518,0.03457521402928983,6.152758487829395e-11,0.7389218672978237,True,True
d7,2,C2 (Dune),7.9,4.723925562592184,1.671557621765813,0.03411323150190868,6.4976308846271e-11,0.7386331961366808,True,True
d7,2,C2 (Dune),8.0,4.723561473876958,1.6705813567633288,0.03366323071966966,6.8527147154018e-11,0.7383512709247493,True,True
d8,2,C2 (Dune),0.5,2.7232809986184234,3.002159457276055,0.21254203029576296,3.316199386204013e-11,0.7666512255149763,True,True
d8,2,C2 (Dune),0.6,2.846527130599654,2.8445670930060785,0.2031739623755062,1.8139601893396305e-11,0.7694889089423225,True,True
d8,2,C2 (Dune),0.7,2.956522140578361,2.702204803519945,0.19332844872171834,1.263591853433504e-11,0.7711736258808658,True,True
d8,2,C2 (Dune),0.8,3.0536098706916652,2.5751717894784925,0.18344615692655952,1.0618649176347748e-11,0.7719798739987388,True,True
d8,2,C2 (Dune),0.9,3.138729249724703,2.462679100963891,0.1738123098148036,1.0273112862209497e-11,0.772132913193237,True,True
d8,2,C2 (Dune),1.0,3.21308469350753,2.3634905253578706,0.16459857504701392,1.101366474698043e-11,0.7718107915995591,True,True
d8,2,C2 (Dune),1.1,3.277944598730376,2.2762025117323588,0.15589766716250691,1.2698405583438063e-11,0.7711507194322967,True,True
d8,2,C2 (Dune),1.2,3.3345288554552024,2.199408424944639,0.14774958592597282,1.5389172697524732e-11,0.7702565802627521,True,True
d8,2,C2 (Dune),1.3,3.3839533554084937,2.1317864009567864,0.14016047359865724,1.9270216629459182e-11,0.7692060135154482,True,True
d8,2,C2 (Dune),1.4,3.4272086672260302,2.0721398192353933,0.13311567485668258,2.4619225237703577e-11,0.768056456030876,True,True
d8,2,C2 (Dune),1.5,3.4651578884774428,2.019410011068568,0.1265885296400104,3.1796897942056834e-11,0.766850020766945,True,True
d8,2,C2 (Dune),1.6,3.4985443823385802,1.972673714248252,0.1205461499354411,4.1242861547396117e-11,0.7656173097573257,True,True
d8,2,C2 (Dune),1.7,3.5280039085312582,1.931132899907875,0.11495312222144648,5.3473020531485815e-11,0.7643803343852914,True,True
d8,2,C2 (Dune),1.8,3.5540780592734533,1.8941014309482682,0.10977381155129377,6.907624215253363e-11,0.7631547237801581,True,True
d8,2,C2 (Dune),1.9,3.5772273672034607,1.8609910405446077,0.1049737382258712,8.870951284322161e-11,0.7619513817990249,True,True
d8,2,C2 (Dune),2.0,3.5978433047723466,1.8312979315632414,0.1005203487003489,1.1309132232187394e-10,0.7607777244263672,True,True
d8,2,C2 (Dune),2.1,3.616258875504286,1.8045906037092596,0.09638339730699584,1.4299337304325665e-10,0.7596386013735039,True,True
d8,2,C2 (Dune),2.2,3.632757756193018,1.7804991236590615,0.09253508303425431,1.7923090446979257e-10,0.7585369815309639,True,True
d8,2,C2 (Dune),2.3,3.6475820783332695,1.7587058428398743,0.08895003649688293,2.226520203621056e-10,0.757474462469066,True,True
d8,2,C2 (Dune),2.4,3.6609389930736715,1.7389374627432819,0.0856052192277848,2.7412644242189697e-10,0.7564516490533957,True,True
d8,2,C2 (Dune),2.5,3.6730061800330964,1.7209583031173654,0.08247977540203175,3.345341044878514e-10,0.755468434733385,True,True
d8,2,C2 (Dune),2.6,3.683936455810743,1.7045646169005049,0.0795548615015378,4.047539627228079e-10,0.7545242104235006,True,True
d8,2,C2 (Dune),2.7,3.693861623933749,1.689579801423473,0.07681346980283282,4.856533405614956e-10,0.7536180194635687,True,True
d8,2,C2 (Dune),2.8,3.7028956903876713,1.6758503690877906,0.0742402552666711,5.780780618816554e-10,0.7527486723757728,True,True
d8,2,C2 (Dune),2.9,3.7111375509612525,1.6632425573379015,0.07182137131451807,6.828435589518732e-10,0.7519148316079277,True,True
d8,2,C2 (Dune),3.0,3.718673239965514,1.6516394745642327,0.06954431734849828,8.007270781744521e-10,0.7511150738440816,True,True
d8,2,C2 (Dune),3.1,3.72557781511034,1.6409386942559745,0.06739779921082324,9.324610497055632e-10,0.7503479355335247,True,True
d8,2,C2 (Dune),3.2,3.731916940601016,1.6310502236898912,0.06537160275462811,1.0787276384647855e-09,0.7496119458593509,True,True
d8,2,C2 (Dune),3.3,3.737748219766707,1.6218947855418655,0.06345648008994158,1.240154454499718e-09,0.7489056503062301,True,True
d8,2,C2 (Dune),3.4,3.7431223195572576,1.6134023611069956,0.0616440477297071,1.4173113700399996e-09,0.7482276271972834,True,True
d8,2,C2 (Dune),3.5,3.748083921809285,1.6055109524762825,0.05992669569425544,1.6107083681880113e-09,0.7475764989808924,True,True
d8,2,C2 (Dune),3.6,3.7526725300538954,1.5981655282496834,0.05829750657425882,1.8207943330863206e-09,0.7469509396078031,True,True
d8,2,C2 (Dune),3.7,3.756923155602344,1.5913171233713133,0.056750183559753024,2.04795668251523e-09,0.7463496790086712,True,True
d8,2,C2 (Dune),3.8,3.7608669025153416,1.5849220686455605,0.05527898648883042,2.2925217400114074e-09,0.7457715054340062,True,True
d8,2,C2 (Dune),3.9,3.764531467674198,1.578941329603389,0.05387867503619343,2.5547557437721537e-09,0.7452152662315229,True,True
d8,2,C2 (Dune),4.0,3.7679415693948517,1.5733399377831203,0.05254445823766164,2.8348663927808385e-09,0.744679867494735,True,True
d8,2,C2 (Dune),4.1,3.7711193157475766,1.568086500294665,0.051271949624839594,3.1330048359692675e-09,0.7441642729098394,True,True
d8,2,C2 (Dune),4.2,3.774084521871239,1.5631527758535821,0.050057127320254344,3.4492680170440294e-09,0.7436675020470116,True,True
d8,2,C2 (Dune),4.3,3.7768549840319636,1.5585133073891355,0.048896298514937514,3.783701295386377e-09,0.74318862828081,True,True
d8,2,C2 (Dune),4.4,3.779446716904748,1.5541451029188902,0.04778606781647089,4.136301271543534e-09,0.742726776477733,True,True
d8,2,C2 (Dune),4.5,3.7818741595093455,1.5500273577009231,0.04672330901537987,4.507018754134678e-09,0.7422811205535004,True,True
d8,2,C2 (Dune),4.6,3.7841503543613904,1.54614121177003,0.04570513987153608,4.895761812992998e-09,0.7418508809756619,True,True
d8,2,C2 (Dune),4.7,3.786287103682725,1.542469537877329,0.04472889957006433,5.302398871114966e-09,0.741435322266641,True,True
d8,2,C2 (Dune),4.8,3.7882951059144006,1.538996755614003,0.04379212853863139,5.726761795124908e-09,0.7410337505467637,True,True
d8,2,C2 (Dune),4.9,3.790184075277372,1.5357086681370187,0.042892550355356,6.168648950580098e-09,0.740645511145031,True,True
d8,2,C2 (Dune),5.0,3.7919628467106765,1.5325923184483745,0.04202805550940786,6.6278281944627195e-09,0.7402699862964837,True,True
d8,2,C2 (Dune),5.1,3.7936394681670706,1.5296358626280373,0.04119668680519201,7.10403978254932e-09,0.7399065929383157,True,True
d8,2,C2 (Dune),5.2,3.7952212819541624,1.5268284577978348,0.04039662622625255,7.596999174074917e-09,0.7395547806118601,True,True
d8,2,C2 (Dune),5.3,3.7967149965633293,1.5241601629124633,0.03962618309711173,8.106399720346696e-09,0.7392140294738676,True,True
d8,2,C2 (Dune),5.4,3.7981267502206713,1.5216218507425332,0.038883783400609974,8.63191522750897e-09,0.7388838484177493,True,True
d8,2,C2 (Dune),5.5,3.799462167219942,1.5192051296430702,0.038167960125216185,9.173202386724112e-09,0.7385637733034816,True,True
d8,2,C2 (Dune),5.6,3.80072640794788,1.5169022738945963,0.03747734453155918,9.729903067835987e-09,0.7382533652934606,True,True
d8,2,C2 (Dune),5.7,3.8019242133883235,1.514706161568601,0.036810658240409994,1.0301646474544263e-08,0.737952209290633,True,True
d8,2,C2 (Dune),5.8,3.803059944781909,1.5126102190101227,0.03616670605565912,1.0888051161221977e-08,0.7376599124745835,True,True
d8,2,C2 (Dune),5.9,3.804137619029582,1.5106083711501253,0.03554436944579233,1.1488726912759997e-08,0.7373761029308779,True,True
d8,2,C2 (Dune),6.0,3.8051609403474105,1.5086949969632792,0.03494260061606983,1.210327649027361e-08,0.737100428368757,True,True
d8,2,C2 (Dune),6.1,3.806133328615812,1.5068648894754981,0.03436041711127719,1.2731297246293355e-08,0.7368325549222089,True,True
d8,2,C2 (Dune),6.2,3.8070579448082627,1.5051132198008346,0.03379689689563829,1.3372382613870984e-08,0.736572166029487,True,True
d8,2,C2 (Dune),6.3,3.8079377138337764,1.503435504753481,0.0332511738623835,1.4026123474688347e-08,0.7363189613862466,True,True
d8,2,C2 (Dune),6.4,3.8087753450881117,1.5018275776363916,0.03272243373069559,1.4692109411343985e-08,0.7360726559676327,True,True
d8,2,C2 (Dune),6.5,3.809573350969041,1.5002855618578044,0.032209910292318164,1.536992984980123e-08,0.7358329791148397,True,True
d8,2,C2 (Dune),6.6,3.8103340635816982,1.4988058470684225,0.03171288197418819,1.6059175097501256e-08,0.735599673681883,True,True
d8,2,C2 (Dune),6.7,3.81105964983139,1.4973850675491156,0.031230668687017283,1.6759437283193897e-08,0.7353724952385388,True,True
d8,2,C2 (Dune),6.8,3.811752125077227,1.4960200826109848,0.030762628932914683,1.7470311204261006e-08,0.7351512113256444,True,True
d8,2,C2 (Dune),6.9,3.8124133655008645,1.4947079587975467,0.030308157147950085,1.8191395087429282e-08,0.7349356007591756,True,True
d8,2,C2 (Dune),7.0,3.813045119325303,1.4934459537029086,0.029866681258041115,1.8922291268435785e-08,0.7347254529797449,True,True
d8,2,C2 (Dune),7.1,3.8136490170022577,1.4922315012407723,0.029437660428754033,1.966260679612372e-08,0.7345205674443784,True,True
d8,2,C2 (Dune),7.2,3.8142265804761353,1.491062198218584,0.029020582991564237,2.0411953966407996e-08,0.7343207530576445,True,True
d8,2,C2 (Dune),7.3,3.8147792316164923,1.4899357920864376,0.02861496453087285,2.1169950791097516e-08,0.7341258276393987,True,True
d8,2,C2 (Dune),7.4,3.815308299903373,1.488850169745219,0.028220346117627082,2.193622140656706e-08,0.7339356174266031,True,True
d8,2,C2 (Dune),7.5,3.815815029439435,1.4878033473110415,0.027836292676779915,2.2710396426682498e-08,0.7337499566068566,True,True
d8,2,C2 (Dune),7.6,3.816300585355349,1.486793460743861,0.027462391477052917,2.3492113244715464e-08,0.7335686868814384,True,True
d8,2,C2 (Dune),7.7,3.8167660596659854,1.4858187572582455,0.027098250732589653,2.4281016288099416e-08,0.7333916570558219,True,True
d8,2,C2 (Dune),7.8,3.817212476631876,1.4848775874427456,0.026743498307057054,2.5076757230075548e-08,0.7332187226557685,True,True
d8,2,C2 (Dune),7.9,3.817640797671513,1.4839683980220792,0.026397780511652702,2.5878995162010405e-08,0.7330497455672389,True,True
d8,2,C2 (Dune),8.0,3.818051925867154,1.4830897252027735,0.026060760989267243,2.6687396729533834e-08,0.7328845936984961,True,True
d9,3,C3 (Western Residual),0.5,2.962053282732489,3.775674594087554,0.1797810783105727,8.64539037521184e-09,0.779919965669377,True,True
d9,3,C3 (Western Residual),0.6,3.0779834155784953,3.635569289843004,0.1774602010307968,2.521270818996374e-09,0.7853202679100921,True,True
d9,3,C3 (Western Residual),0.7,3.189409179802989,3.4995912995575895,0.17373193509401125,9.000505297672712e-10,0.7897393505612053,True,True
d9,3,C3 (Western Residual),0.8,3.294313203808868,3.3705178520913934,0.16902252621211777,3.8833968746720196e-10,0.7932819954350753,True,True
d9,3,C3 (Western Residual),0.9,3.391603889495023,3.249955527032679,0.16368073074007264,1.9869583703792558e-10,0.7960657409929679,True,True
d9,3,C3 (Western Residual),1.0,3.480867069541972,3.1386370470544045,0.15797899011197883,1.179565415070967e-10,0.7982073579644562,True,True
d9,3,C3 (Western Residual),1.1,3.5621496129160373,3.0366866004389066,0.15212208924883802,7.947218593629278e-11,0.7998149976379182,True,True
d9,3,C3 (Western Residual),1.2,3.6357891068317074,2.943832800727476,0.1462586718348176,5.951562849248041e-11,0.8009844332205327,True,True
d9,3,C3 (Western Residual),1.3,3.702289032051172,2.859567569220509,0.14049287215451195,4.862425477828757e-11,0.8017979495591452,True,True
d9,3,C3 (Western Residual),1.4,3.762232327604234,2.783258203817579,0.13489470193004835,4.264077071760777e-11,0.8023247757081824,True,True
d9,3,C3 (Western Residual),1.5,3.8162245590761312,2.7142226592303826,0.1295086934715688,3.958713521975786e-11,0.8026223036046325,True,True
d9,3,C3 (Western Residual),1.6,3.8648585755521063,2.651777679983179,0.12436077306954603,3.846220566279229e-11,0.8027376177268993,True,True
d9,3,C3 (Western Residual),1.7,3.908694069662763,2.595267799905174,0.11946355886659782,3.873782984146387e-11,0.8027090611074622,True,True
d9,3,C3 (Western Residual),1.8,3.9482470817392867,2.5440813507003797,0.11482035254898032,4.0131064569569384e-11,0.8025676942972062,True,True
d9,3,C3 (Western Residual),1.9,3.983985894925101,2.497657948424652,0.11042809477161528,4.249407275215855e-11,0.8023385841591693,True,True
d9,3,C3 (Western Residual),2.0,4.016330866726393,2.4554905900876554,0.10627952214004022,4.575759891482136e-11,0.802041905345982,True,True
d9,3,C3 (Western Residual),2.1,4.045656551115139,2.4171244925143203,0.10236472141580695,4.990030031895758e-11,0.8016938616069663,True,True
d9,3,C3 (Western Residual),2.2,4.072295037158659,2.382154088299825,0.09867223536908336,5.493121365234989e-11,0.8013074453623883,True,True
d9,3,C3 (Western Residual),2.3,4.0965398229607,2.350219094402899,0.09518983889270016,6.087920843752744e-11,0.8008930578856615,True,True
d9,3,C3 (Western Residual),2.4,4.118649807339214,2.3210002292995258,0.09190507481795487,6.77863152521535e-11,0.8004590124065399,True,True
d9,3,C3 (Western Residual),2.5,4.138853155035588,2.2942149280453847,0.08880561600189747,7.570328930365115e-11,0.800011940531361,True,True
d9,3,C3 (Western Residual),2.6,4.157350902968111,2.2696132561724074,0.08587950276715033,8.4686514845141e-11,0.7995571197242413,True,True
d9,3,C3 (Western Residual),2.7,4.174320245418636,2.2469741279719684,0.08311529162429751,9.479574719702556e-11,0.7990987368230098,True,True
d9,3,C3 (Western Residual),2.8,4.189917479120407,2.22610187482102,0.08050214143121914,1.0609240145840499e-10,0.7986400999791452,True,True
d9,3,C3 (Western Residual),2.9,4.204280614535461,2.2068231727158656,0.0780298559359784,1.1863821544458572e-10,0.7981838091389144,True,True
d9,3,C3 (Western Residual),3.0,4.2175316735646815,2.1889843169147727,0.07568889636634366,1.324941820039919e-10,0.7977318932552871,True,True
d9,3,C3 (Western Residual),3.1,4.229778700748765,2.1724488200860246,0.07347037387254154,1.4771968518779686e-10,0.7972859208214458,True,True
d9,3,C3 (Western Residual),3.2,4.241117517458216,2.1570953049833728,0.07136602882434513,1.6437179792969568e-10,0.7968470890104752,True,True
d9,3,C3 (Western Residual),3.3,4.25163324842922,2.1428156610530924,0.0693682019281413,1.825047127209104e-10,0.7964162956492444,True,True
d9,3,C3 (Western Residual),3.4,4.261401648416102,2.129513434969052,0.06746980065669067,2.021692850745794e-10,0.7959941974055913,True,True
d9,3,C3 (Western Residual),3.5,4.270490254420803,2.1171024269091383,0.06566426342116533,2.234126746132189e-10,0.795581256888861,True,True
d9,3,C3 (Western Residual),3.6,4.278959386365241,2.1055054668056785,0.06394552314998242,2.462780717138058e-10,0.7951777808221023,True,True
d9,3,C3 (Western Residual),3.7,4.28686301645152,2.0946533474390554,0.062307971390507824,2.708044995834827e-10,0.7947839510126675,True,True
d9,3,C3 (Western Residual),3.8,4.294249524959951,2.0844838938735086,0.06074642365831537,2.970266829158285e-10,0.7943998495043599,True,True
d9,3,C3 (Western Residual),3.9,4.301162357937314,2.0749411512247056,0.05925608648121479,3.249749751599329e-10,0.7940254790206609,True,True
d9,3,C3 (Western Residual),4.0,4.307640600162889,2.065974675037652,0.05783252639015344,3.546753371057925e-10,0.7936607795905416,True,True
d9,3,C3 (Western Residual),4.1,4.313719474949062,2.0575389106129514,0.05647164097350856,3.8614936004891465e-10,0.793305642074455,True,True
d9,3,C3 (Western Residual),4.2,4.319430780733793,2.0495926494454086,0.05516963201853919,4.194143272963432e-10,0.7929599191691774,True,True
d9,3,C3 (Western Residual),4.3,4.324803273026458,2.0420985525431967,0.053922980701795256,4.5448330824877487e-10,0.7926234343590306,True,True
d9,3,C3 (Western Residual),4.4,4.32986299906875,2.035022731793433,0.052728424750270037,4.913652797572942e-10,0.7922959891919371,True,True
d9,3,C3 (Western Residual),4.5,4.3346335915336915,2.0283343817524098,0.051582937470653,5.300652699036688e-10,0.7919773691872487,True,True
d9,3,C3 (Western Residual),4.6,4.339136526697539,2.0220054552860436,0.05048370853057658,5.705845197999648e-10,0.7916673486247393,True,True
d9,3,C3 (Western Residual),4.7,4.343391351757878,2.016010377388853,0.04942812636990092,6.129206594370481e-10,0.7913656944177822,True,True
d9,3,C3 (Western Residual),4.8,4.34741588531632,2.0103257922859865,0.04841376211942031,6.570678940306756e-10,0.7910721692362653,True,True
d9,3,C3 (Western Residual),4.9,4.351226394489279,2.0049303395905733,0.04743835490717386,7.030171977188551e-10,0.7907865340144782,True,True
d9,3,C3 (Western Residual),5.0,4.354837751629519,1.999804455861334,0.04649979843756455,7.507565118398213e-10,0.7905085499546171,True,True
d9,3,C3 (Western Residual),5.1,4.358263573234411,1.9949301983982146,0.04559612873483168,8.002709453863362e-10,0.7902379801165762,True,True
d9,3,C3 (Western Residual),5.2,4.361516343267122,1.9902910885360945,0.044725512949508384,8.515429755491533e-10,0.789974590668428,True,True
d9,3,C3 (Western Residual),5.3,4.364607522815544,1.9858719720605928,0.043886239133813204,9.045526465871131e-10,0.7897181518587247,True,True
d9,3,C3 (Western Residual),5.4,4.367547647758139,1.9816588946820843,0.043076706899294034,9.592777655273393e-10,0.7894684387609163,True,True
d9,3,C3 (Western Residual),5.5,4.370346415885912,1.977638990773419,0.04229541887716689,1.0156940934497181e-09,0.7892252318313017,True,True
d9,3,C3 (Western Residual),5.6,4.373012764737252,1.9738003838080926,0.04154097290860123,1.073775531353127e-09,0.7889883173146539,True,True
d9,3,C3 (Western Residual),5.7,4.3755549412435375,1.970132097136274,0.04081205489862337,1.1334942997856605e-09,0.7887574875256832,True,True
d9,3,C3 (Western Residual),5.8,4.377980564138213,1.9666239739077302,0.040107432273278676,1.1948211116111278e-09,0.7885325410295834,True,True
d9,3,C3 (Western Residual),5.9,4.380296679965133,1.9632666051011174,0.03942594798522883,1.2577253374384267e-09,0.7883132827408573,True,True
d9,3,C3 (Western Residual),6.0,4.3825098134137175,1.960051264746908,0.03876651501802471,1.3221751633852063e-09,0.7880995239562774,True,True
d9,3,C3 (Western Residual),6.1,4.384626012620202,1.956969851544493,0.038128111343971365,1.3881377409460868e-09,0.7878910823350731,True,True
d9,3,C3 (Western Residual),6.2,4.3866508899951615,1.9540148361703829,0.037509775294709,1.4555793288668198e-09,0.7876877818371619,True,True
d9,3,C3 (Western Residual),6.3,4.38858965906795,1.9511792136593704,0.03691060130751636,1.5244654269919911e-09,0.787489452628341,True,True
d9,3,C3 (Western Residual),6.4,4.390447167782358,1.9484564603136492,0.03632973601381916,1.5947609021335104e-09,0.7872959309598033,True,True
d9,3,C3 (Western Residual),6.5,4.392227928623729,1.9458404946593633,0.0357663746395739,1.6664301060658315e-09,0.7871070590280338,True,True
d9,3,C3 (Western Residual),6.6,4.393936145913549,1.9433256420262373,0.0352197576900352,1.7394369858176995e-09,0.7869226848200691,True,True
d9,3,C3 (Western Residual),6.7,4.395575740569962,1.9409066023735508,0.034689167894038295,1.8137451864392074e-09,0.7867426619482096,True,True
d9,3,C3 (Western Residual),6.8,4.397150372595608,1.938578421030792,0.03417392738523338,1.8893181465042906e-09,0.7865668494775271,True,True
d9,3,C3 (Western Residual),6.9,4.398663461527091,1.9363364620565227,0.03367339509984077,1.9661191865811973e-09,0.7863951117488979,True,True
d9,3,C3 (Western Residual),7.0,4.400118205051744,1.9341763839533122,0.03318696437240121,2.0441115909492296e-09,0.7862273181997743,True,True
d9,3,C3 (Western Residual),7.1,4.401517595976339,1.932094117505447,0.032714060712690875,2.1232586828687623e-09,0.7860633431844853,True,True
d9,3,C3 (Western Residual),7.2,4.40286443770992,1.9300858455312642,0.03225413974855563,2.2035238936809285e-09,0.7859030657955014,True,True
d9,3,C3 (Western Residual),7.3,4.40416135840785,1.9281479843640805,0.031806685320793955,2.2848708260445703e-09,0.7857463696868041,True,True
d9,3,C3 (Western Residual),7.4,4.405410823905346,1.9262771668970227,0.03137120771748676,2.367263311626723e-09,0.7855931429002605,True,True
d9,3,C3 (Western Residual),7.5,4.406615149558311,1.924470227042404,0.030947242036326893,2.45066546351285e-09,0.7854432776956983,True,True
d9,3,C3 (Western Residual),7.6,4.407776511092617,1.92272418547384,0.0305343466645088,2.5350417236828866e-09,0.7852966703852124,True,True
d9,3,C3 (Western Residual),7.7,4.408896954557766,1.9210362365315832,0.030132101866694096,2.6203569057938436e-09,0.7851532211720952,True,True
d9,3,C3 (Western Residual),7.8,4.409978405465663,1.9194037361848264,0.02974010847238966,2.7065762336002076e-09,0.7850128339946705,True,True
d9,3,C3 (Western Residual),7.9,4.411022677190704,1.9178241909544644,0.02935798665485937,2.7936653752322567e-09,0.7848754163752192,True,True
d9,3,C3 (Western Residual),8.0,4.412031478697722,1.9162952477105204,0.028985374794353425,2.8815904736700325e-09,0.7847408792741049,True,True
d10,2,C2 (Dune),0.5,2.974777969912675,3.461747458674898,0.20641213522816226,5.512400390485995e-12,0.804470532292973,True,True
d10,2,C2 (Dune),0.6,3.097660307808229,3.305385550409322,0.19803138364722953,2.710033011136117e-12,0.8072700979395617,True,True
d10,2,C2 (Dune),0.7,3.2088028928467445,3.1625006361885504,0.1892287192386529,1.6867601659417867e-12,0.8091180396666805,True,True
d10,2,C2 (Dune),0.8,3.3083254461781926,3.0333754394878145,0.1803599722627438,1.2683917489510542e-12,0.8102207789085956,True,True
d10,2,C2 (Dune),0.9,3.3968827496318355,2.917514082069842,0.17166268803829754,1.1052552400135833e-12,0.8107511552694595,True,True
d10,2,C2 (Dune),1.0,3.4753991720202184,2.8139942639394904,0.1632862614403492,1.0774625479111914e-12,0.8108491097620776,True,True
d10,2,C2 (Dune),1.1,3.5448980767304827,2.721700557204993,0.15531714465935964,1.1419698854856738e-12,0.8106253938783547,True,True
d10,2,C2 (Dune),1.2,3.6063997810106967,2.6394692803912854,0.14779838336286347,1.2864346985877126e-12,0.810166282917671,True,True
d10,2,C2 (Dune),1.3,3.6608655460281936,2.566172440385738,0.1407440386573101,1.5134275895863496e-12,0.8095382328819664,True,True
d10,2,C2 (Dune),1.4,3.7091707839915946,2.5007619447899776,0.1341494810429384,1.8345235637724726e-12,0.8087920080480153,True,True
d10,2,C2 (Dune),1.5,3.7520958806443296,2.4422890940798547,0.12799855410138233,2.2679749563631375e-12,0.8079661304531425,True,True
d10,2,C2 (Dune),1.6,3.790327043110569,2.3899094060746515,0.12226845567816358,2.837780377360272e-12,0.8070896631073399,True,True
d10,2,C2 (Dune),1.7,3.8244624086581656,2.3428792374737544,0.11693299803693084,3.573305155643363e-12,0.8061844067132934,True,True
d10,2,C2 (Dune),1.8,3.8550205338918615,2.3005482202722307,0.11196473838285428,4.509094871622318e-12,0.8052666093220217,True,True
d10,2,C2 (Dune),1.9,3.8824495927732405,2.262349926912603,0.10733633372974512,5.6847185550066545e-12,0.8043482851287302,True,True
d10,2,C2 (Dune),2.0,3.907136364408914,2.227792157311446,0.10302136993498548,7.144564924786116e-12,0.8034382261967248,True,True
d10,2,C2 (Dune),2.1,3.9294145471891495,2.1964476074220314,0.09899483872494623,8.937558064708707e-12,0.8025427761369545,True,True
d10,2,C2 (Dune),2.2,3.94957220357644,2.167945295436395,0.09523338238252507,1.1116782448024974e-11,0.8016664207844636,True,True
d10,2,C2 (Dune),2.3,3.9678582912383282,2.1419628960309414,0.09171538778682636,1.3739020995836077e-11,0.8008122388856067,True,True
d10,2,C2 (Dune),2.4,3.984488317089827,2.1182200052447726,0.08842098513738753,1.6864218062441466e-11,0.7999822459889387,True,True
d10,2,C2 (Dune),2.5,3.9996491898703166,2.0964722903640416,0.08533198854210311,2.0554883871805964e-11,0.799177656954677,True,True
d10,2,C2 (Dune),2.6,4.01350336184221,2.0765064465091516,0.08243180321662574,2.4875459064748452e-11,0.7983990864528445,True,True
d10,2,C2 (Dune),2.7,4.026192351815365,2.0581358695681997,0.07970531557082414,2.989165835624334e-11,0.7976467021777269,True,True
d10,2,C2 (Dune),2.8,4.037839736397975,2.0411969545680995,0.07713877671060021,3.566981136489716e-11,0.79692034196678,True,True
d10,2,C2 (Dune),2.9,4.0485536879009505,2.02554593402928,0.07471968600453485,4.2276216876486595e-11,0.7962196033250731,True,True
d10,2,C2 (Dune),3.0,4.058429127810358,2.011056179069965,0.07243667876353338,4.977652447724371e-11,0.7955439118208778,True,True
d10,2,C2 (Dune),3.1,4.067549555346268,1.997615895148193,0.07027942035161158,5.823515491099623e-11,0.794892573277191,True,True
d10,2,C2 (Dune),3.2,4.075988601924565,1.9851261533336322,0.06823850790865754,6.771476788431896e-11,0.7942648135171997,True,True
d10,2,C2 (Dune),3.3,4.083811354579069,1.973499206363173,0.0663053801305411,7.827578351917173e-11,0.7936598085371813,True,True
d10,2,C2 (Dune),3.4,4.091075484643112,1.9626570462280455,0.06447223508781301,8.99759613373566e-11,0.7930767073087084,True,True
d10,2,C2 (Dune),3.5,4.097832212194772,1.952530166604174,0.06273195578222102,1.0287003861887261e-10,0.7925146489010481,True,True
d10,2,C2 (Dune),3.6,4.10412713185372,1.9430564991006463,0.06107804297948819,1.170094282387288e-10,0.7919727752250049,True,True
d10,2,C2 (Dune),3.7,4.110000921375088,1.934180497137779,0.059504554775794354,1.3244197465923531e-10,0.7914502404016382,True,True
d10,2,C2 (Dune),3.8,4.1154899510118135,1.9258523453681495,0.05800605232593727,1.4921176563013487e-10,0.7909462175310955,True,True
d10,2,C2 (Dune),3.9,4.120626808712741,1.9180272760164994,0.05657755116427,1.6735899629942162e-10,0.790459903461518,True,True
d10,2,C2 (Dune),4.0,4.125440753800072,1.9106649764281571,0.055214477572304244,1.8691988183684665e-10,0.7899905220230111,True,True
d10,2,C2 (Dune),4.1,4.1299581097478395,1.9037290745637656,0.05391262948085435,2.0792661428730353e-10,0.7895373260874965,True,True
d10,2,C2 (Dune),4.2,4.134202604999415,1.8971866912316773,0.0526681414341164,2.3040735916534236e-10,0.7890995987346741,True,True
d10,2,C2 (Dune),4.3,4.138195669354446,1.891008049573295,0.05147745318450353,2.5438628724559863e-10,0.788676653741843,True,True
d10,2,C2 (Dune),4.4,4.141956692284735,1.885166133762345,0.05033728152811539,2.798836370645839e-10,0.7882678355667951,True,True
d10,2,C2 (Dune),4.5,4.145503248556336,1.8796363900941797,0.04924459502996348,3.0691580380246135e-10,0.7878725189552207,True,True
d10,2,C2 (Dune),4.6,4.1488512957159,1.874396464661082,0.04819659132483091,3.354954504292217e-10,0.787490108274625,True,True
d10,2,C2 (Dune),4.7,4.152015347312236,1.8694259726696711,0.04719067671340709,3.65631637270013e-10,0.7871200366537632,True,True
d10,2,C2 (Dune),4.8,4.155008625145098,1.8647062951793274,0.04622444780411429,3.9732996643404933e-10,0.7867617649886507,True,True
d10,2,C2 (Dune),4.9,4.157843193351067,1.8602203996526727,0.04529567497875678,4.305927378700327e-10,0.7864147808621451,True,True
d10,2,C2 (Dune),5.0,4.160530076724424,1.8559526812244338,0.04440228748502702,4.6541911411878006e-10,0.7860785974131121,True,True
d10,2,C2 (Dune),5.1,4.163079365328751,1.8518888220339615,0.043542359981065565,5.01805291161698e-10,0.7857527521825785,True,True
d10,2,C2 (Dune),5.2,4.165500307160629,1.8480156663360596,0.04271410037706904,5.397446730490756e-10,0.7854368059575436,True,True
d10,2,C2 (Dune),5.3,4.167801390381702,1.8443211094216994,0.04191583883641784,5.792280482974499e-10,0.7851303416278609,True,True
d10,2,C2 (Dune),5.4,4.16999041642436,1.840793998647942,0.04114601781433966,6.202437663126806e-10,0.7848329630674833,True,True
d10,2,C2 (Dune),5.5,4.1720745650975575,1.837424045105405,0.04040318302585312,6.627779123412597e-10,0.7845442940481719,True,True
d10,2,C2 (Dune),5.6,4.174060452667602,1.8342017446482055,0.039685975246858206,7.068144796936499e-10,0.7842639771912745,True,True
d10,2,C2 (Dune),5.7,4.175954183758363,1.8311183071780375,0.03899312286297004,7.523355381895696e-10,0.7839916729612534,True,True
d10,2,C2 (Dune),5.8,4.177761397804931,1.828165593218517,0.038323435090160354,7.993213979665099e-10,0.7837270587031614,True,True
d10,2,C2 (Dune),5.9,4.179487310696571,1.8253360569394843,0.0376757957996369,8.477507679567164e-10,0.7834698277251286,True,True
d10,2,C2 (Dune),6.0,4.1811367521676885,1.822622694897074,0.03704915788677502,8.976009085017512e-10,0.7832196884260609,True,True
d10,2,C2 (Dune),6.1,4.182714199419453,1.8200189998477634,0.036442538130459654,9.488477776940654e-10,0.7829763634681078,True,True
d10,2,C2 (Dune),6.2,4.184223807398142,1.8175189190735357,0.03585501249496862,1.00146617115604e-09,0.7827395889929827,True,True
d10,2,C2 (Dune),6.3,4.185669436101621,1.8151168167241167,0.03528571183163806,1.0554298550687021e-09,0.7825091138808724,True,True
d10,2,C2 (Dune),6.4,4.187054675240315,1.8128074397421416,0.034733817942089726,1.1107116923468465e-09,0.7822846990504373,True,True
d10,2,C2 (Dune),6.5,4.1883828665392,1.81058588698843,0.03419855996880141,1.167283761927534e-09,0.7820661167982406,True,True
d10,2,C2 (Dune),6.6,4.189657123934257,1.8084475812299572,0.033679211082367294,1.225117471216989e-09,0.7818531501758541,True,True
d10,2,C2 (Dune),6.7,4.190880351885726,1.8063882436924315,0.03317508543796091,1.284183661764743e-09,0.7816455924028312,True,True
d10,2,C2 (Dune),6.8,4.192055262004483,1.8044038709133357,0.03268553537630982,1.3444527083074341e-09,0.7814432463137334,True,True
d10,2,C2 (Dune),6.9,4.193184388167145,1.802490713661558,0.032209948847002026,1.4058946113345377e-09,0.7812459238374068,True,True
d10,2,C2 (Dune),7.0,4.194270100272336,1.8006452577163783,0.03174774703415507,1.4684790833817132e-09,0.7810534455067415,True,True
d10,2,C2 (Dune),7.1,4.195314616776557,1.7988642063206386,0.031298382166479344,1.5321756292388052e-09,0.7808656399971972,True,True
d10,2,C2 (Dune),7.2,4.196320016130336,1.7971444641443841,0.030861335495511028,1.5969536203360543e-09,0.7806823436924403,True,True
d10,2,C2 (Dune),7.3,4.197288247223835,1.7954831226122465,0.030436115427396417,1.662782363515225e-09,0.7805034002755006,True,True
d10,2,C2 (Dune),7.4,4.198221138937162,1.7938774464638376,0.030022255794998613,1.7296311644520533e-09,0.7803286603439337,True,True
d10,2,C2 (Dune),7.5,4.1991204088829885,1.792324861430617,0.029619314258370198,1.7974693859892892e-09,0.7801579810475433,True,True
d10,2,C2 (Dune),7.6,4.19998767141699,1.7908229429241427,0.029226870822774118,1.866266501602491e-09,0.7799912257472962,True,True
d10,2,C2 (Dune),7.7,4.200824444986024,1.7893694056426694,0.02884452646443119,1.935992144304628e-09,0.7798282636941348,True,True
d10,2,C2 (Dune),7.8,4.201632158874956,1.7879620940113288,0.028471901855104436,2.0066161511748743e-09,0.7796689697264655,True,True
d10,2,C2 (Dune),7.9,4.202412159408437,1.7865989733808578,0.028108636177431465,2.0781086038168305e-09,0.779513223985172,True,True
d10,2,C2 (Dune),8.0,4.203165715655394,1.7852781219167628,0.027754386023661953,2.150439864949066e-09,0.7793609116450698,True,True
d15,3,C3 (Western Residual),0.5,3.190961661990236,3.563533816012466,0.19370999798611216,1.7717769524566957e-12,0.8157018385777889,True,True
d15,3,C3 (Western Residual),0.6,3.305859501176535,3.4172429925914765,0.18745627451187932,7.025355944354809e-13,0.819135165925015,True,True
d15,3,C3 (Western Residual),0.7,3.4113505461456763,3.281355934061856,0.18067399853712127,3.489612608414606e-13,0.8216910699946871,True,True
d15,3,C3 (Western Residual),0.8,3.5072815162557047,3.156488198180655,0.17364957271619993,2.0998892367597331e-13,0.8235243249726,True,True
d15,3,C3 (Western Residual),0.9,3.5939514025662245,3.042597658522853,0.16659065212900823,1.4817487290947925e-13,0.8247721974264244,True,True
d15,3,C3 (Western Residual),1.0,3.6719245437014862,2.9392310366239065,0.15964196394024652,1.1901616037457248e-13,0.8255520962079013,True,True
d15,3,C3 (Western Residual),1.1,3.7418996100577067,2.8457021031511496,0.15289997104622577,1.0602882490985061e-13,0.8259619744114106,True,True
d15,3,C3 (Western Residual),1.2,3.8046229175173627,2.7612136513035233,0.1464252642588222,1.0249212605581752e-13,0.8260821369619802,True,True
d15,3,C3 (Western Residual),1.3,3.8608343140225543,2.684936903816303,0.14025245812582354,1.055620378001191e-13,0.8259776069149576,True,True
d15,3,C3 (Western Residual),1.4,3.9112357329421554,2.6160604666718665,0.13439779914605923,1.1414106425143081e-13,0.8257005650999976,True,True
d15,3,C3 (Western Residual),1.5,3.9564748409150496,2.553818411079475,0.1288648590415516,1.2803111116102248e-13,0.8252926142062845,True,True
d15,3,C3 (Western Residual),1.6,3.9971383348189766,2.497504566758872,0.12364870860098043,1.4757104028689103e-13,0.8247867614051945,True,True
d15,3,C3 (Western Residual),1.7,4.0337511373908805,2.4464780296688007,0.11873892699401979,1.7347343267733075e-13,0.8242090938438537,True,True
d15,3,C3 (Western Residual),1.8,4.066778994589498,2.400163300806075,0.11412173954628094,2.0674884433291627e-13,0.8235801624234456,True,True
d15,3,C3 (Western Residual),1.9,4.096632861749095,2.358047325270981,0.1097815143316345,2.48670161376225e-13,0.8229161073685791,True,True
d15,3,C3 (Western Residual),2.0,4.123674068207626,2.319674900246341,0.10570179314091036,3.0075543296720773e-13,0.822229564495225,True,True
d15,3,C3 (Western Residual),2.1,4.148219650292582,2.284643376593805,0.10186598785068009,3.647586637764659e-13,0.8215303900037321,True,True
d15,3,C3 (Western Residual),2.2,4.170547502342213,2.2525972169740456,0.09825783855794931,4.426631788665939e-13,0.8208262376278906,True,True
d15,3,C3 (Western Residual),2.3,4.190901160368419,2.2232227373079527,0.0948617036092762,5.366747186084122e-13,0.8201230170075953,True,True
d15,3,C3 (Western Residual),2.4,4.209494135096724,2.196243207286999,0.09166273215165982,6.492127781212968e-13,0.8194252572139019,True,True
d15,3,C3 (Western Residual),2.5,4.22651377237443,2.171414391044932,0.0886469555192581,7.828994822854969e-13,0.8187363948937765,True,True
d15,3,C3 (Western Residual),2.6,4.242124654042861,2.148520551554857,0.0858013233568752,9.405457598509113e-13,0.8180590026779876,True,True
d15,3,C3 (Western Residual),2.7,4.256471571026073,2.1273709087150143,0.08311370285334357,1.1251348798495134e-12,0.8173949703209331,True,True
d15,3,C3 (Western Residual),2.8,4.269682108926126,2.107796522729446,0.08057285404177203,1.3398036059270462e-12,0.8167456484586519,True,True
d15,3,C3 (Western Residual),2.9,4.281868888904374,2.0896475655560627,0.07816839024125644,1.5878213444560087e-12,0.8161119627983605,True,True
d15,3,C3 (Western Residual),3.0,4.293131505654027,2.0727909401613207,0.07589072994096094,1.872567730650179e-12,0.8154945049037168,True,True
d15,3,C3 (Western Residual),3.1,4.303558201447299,2.0571082076939144,0.07373104445193601,2.197509126847276e-12,0.8148936044355674,True,True
d15,3,C3 (Western Residual),3.2,4.313227311564777,2.042493784948363,0.07168120425000041,2.566174508082315e-12,0.8143093866798898,True,True
d15,3,C3 (Western Residual),3.3,4.322208512474997,2.0288533776830775,0.06973372594196844,2.982131189671133e-12,0.8137418183860796,True,True
d15,3,C3 (Western Residual),3.4,4.330563900268119,2.0161026189048052,0.06788172109068273,3.44896081579898e-12,0.8131907443033985,True,True
d15,3,C3 (Western Residual),3.5,4.33834892324017,2.0041658847926183,0.06611884764767602,3.970235982255383e-12,0.8126559163042157,True,True
d15,3,C3 (Western Residual),3.6,4.345613189259142,1.9929752643142444,0.0644392644055952,4.549497814547443e-12,0.8121370165902413,True,True
d15,3,C3 (Western Residual),3.7,4.352401165646064,1.9824696616914022,0.06283758865249622,5.190234768167721e-12,0.8116336761691417,True,True
d15,3,C3 (Western Residual),3.8,4.35875278676657,1.9725940136578002,0.06130885705576282,5.895862863369619e-12,0.8111454895455736,True,True
d15,3,C3 (Western Residual),3.9,4.364703982333335,1.963298605918582,0.05984848970250931,6.669707514579809e-12,0.8106720263786061,True,True
d15,3,C3 (Western Residual),4.0,4.370287137524604,1.9545384753777464,0.05845225715998474,7.5149870657275e-12,0.8102128407056308,True,True
d15,3,C3 (Western Residual),4.1,4.3755314944046555,1.946272886574774,0.05711625038231416,8.434798098675633e-12,0.8097674782125441,True,True
d15,3,C3 (Western Residual),4.2,4.380463502746828,1.93846487239108,0.05583685327081059,9.432102542708428e-12,0.8093354819344855,True,True
d15,3,C3 (Western Residual),4.3,4.385107127181033,1.9310808304816947,0.0546107176882185,1.0509716579227322e-11,0.8089163966954436,True,True
d15,3,C3 (Western Residual),4.4,4.389484116583235,1.9240901680843094,0.05343474072856458,1.1670301307377304e-11,0.8085097725345,True,True
d15,3,C3 (Western Residual),4.5,4.393614240771159,1.9174649888847775,0.05230604405086185,1.2916355112796105e-11,0.8081151673181121,True,True
d15,3,C3 (Western Residual),4.6,4.397515498845152,1.91117981649638,0.05122195509468135,1.4250207663290028e-11,0.8077321486991443,True,True
d15,3,C3 (Western Residual),4.7,4.401204302896914,1.9052113498628058,0.050179990007226324,1.5674015440785485e-11,0.8073602955523171,True,True
d15,3,C3 (Western Residual),4.8,4.4046956402816395,1.8995382465383939,0.049177838123948756,1.7189758708733225e-11,0.806999198990814,True,True
d15,3,C3 (Western Residual),4.9,4.408003217205325,1.894140930350566,0.04821334785736693,1.8799239807287005e-11,0.8066484630487236,True,True
d15,3,C3 (Western Residual),5.0,4.4111395859960325,1.8890014204214434,0.047284513861088596,2.050408266470931e-11,0.8063077050978126,True,True
d15,3,C3 (Western Residual),5.1,4.414116258103631,1.884103178930461,0.046389465347874886,2.230573341186575e-11,0.8059765560540607,True,True
d15,3,C3 (Western Residual),5.2,4.4169438045957605,1.8794309753470602,0.045526455451712425,2.4205461987488865e-11,0.8056546604188273,True,True
d15,3,C3 (Western Residual),5.3,4.41963194567894,1.8749707651609648,0.0446938515342222,2.6204364624463963e-11,0.8053416761909542,True,True
d15,3,C3 (Western Residual),5.4,4.422189630571735,1.870709581394244,0.04389012634529137,2.8303367110619332e-11,0.8050372746791752,True,True
d15,3,C3 (Western Residual),5.5,4.424625108882296,1.8666354373999092,0.043113849956567446,3.0503228722703843e-11,0.8047411402385627,True,True
d15,3,C3 (Western Residual),5.6,4.42694599449151,1.8627372396425588,0.04236368239443573,3.2804546737153874e-11,0.8044529699501666,True,True
d15,3,C3 (Western Residual),5.7,4.429159322816455,1.859004709321202,0.04163836690631925,3.520776142812785e-11,0.8041724732592739,True,True
d15,3,C3 (Western Residual),5.8,4.431271602214997,1.855428311836014,0.04093672380072051,3.7713161468219176e-11,0.8038993715846856,True,True
d15,3,C3 (Western Residual),5.9,4.433288860199307,1.8519991932248754,0.04025764480730046,4.032088965542522e-11,0.8036333979089417,True,True
d15,3,C3 (Western Residual),6.0,4.435216685039693,1.8487091228007908,0.03960008790864654,4.303094889469003e-11,0.8033742963574098,True,True
d15,3,C3 (Western Residual),6.1,4.437060263273693,1.8455504413159876,0.03896307260014832,4.5843208370064454e-11,0.8031218217725228,True,True
d15,3,C3 (Western Residual),6.2,4.43882441356609,1.8425160140570007,0.0383456755387212,4.875740984915432e-11,0.8028757392881114,True,True
d15,3,C3 (Western Residual),6.3,4.440513617318164,1.8395991883471714,0.03774702654497871,5.177317406736605e-11,0.8026358239076964,True,True
d15,3,C3 (Western Residual),6.4,4.442132046373443,1.8367937549927524,0.03716630492693039,5.489000714568547e-11,0.8024018600897228,True,True
d15,3,C3 (Western Residual),6.5,4.443683588127202,1.8340939132633705,0.03660273609639415,5.8107307000809406e-11,0.8021736413420025,True,True
d15,3,C3 (Western Residual),6.6,4.4451718683122845,1.8314942390435327,0.036055588452127134,6.142436971077022e-11,0.8019509698270516,True,True
d15,3,C3 (Western Residual),6.7,4.446600271699937,1.8289896558340715,0.03552417050615213,6.484039580632022e-11,0.8017336559795403,True,True
d15,3,C3 (Western Residual),6.8,4.447971960931101,1.8265754083165424,0.03500782823206655,6.835449645858579e-11,0.8015215181366936,True,True
d15,3,C3 (Western Residual),6.9,4.449289893665311,1.8242470382275413,0.03450594261609013,7.196569954250186e-11,0.8013143821821808,True,True
d15,3,C3 (Western Residual),7.0,4.450556838216244,1.8220003623153378,0.034017927393472536,7.567295555402738e-11,0.801112081203786,True,True
d15,3,C3 (Western Residual),7.1,4.451775387822929,1.8198314521776966,0.033543226954483404,7.947514336721377e-11,0.8009144551649612,True,True
d15,3,C3 (Western Residual),7.2,4.452947973690591,1.8177366158002282,0.033081314405696845,8.33710758169554e-11,0.800721350590211,True,True
d15,3,C3 (Western Residual),7.3,4.4540768769196095,1.815712380633777,0.03263168977360722,8.735950509650532e-11,0.8005326202641403,True,True
d15,3,C3 (Western Residual),7.4,4.455164239428609,1.8137554780669896,0.032193878338791136,9.143912796286751e-11,0.800348122943905,True,True
d15,3,C3 (Western Residual),7.5,4.456212073967302,1.8118628291643635,0.03176742908991306,9.560859074370455e-11,0.8001677230847359,True,True
d15,3,C3 (Western Residual),7.6,4.4572222733041995,1.8100315315536757,0.03135191328783908,9.986649414182149e-11,0.7999912905781568,True,True
d15,3,C3 (Western Residual),7.7,4.458196618664538,1.8082588473586072,0.03094692313099782,1.042113978348834e-10,0.7998187005024793,True,True
d15,3,C3 (Western Residual),7.8,4.459136787488607,1.806542192082431,0.030552070513912684,1.08641824869705e-10,0.7996498328851347,True,True
d15,3,C3 (Western Residual),7.9,4.460044360570741,1.8048791243588367,0.030166985871539438,1.1315626585202799e-10,0.7994845724763864,True,True
d15,3,C3 (Western Residual),8.0,4.460920828634851,1.8032673364927794,0.02979131710269873,1.177531829324733e-10,0.7993228085339583,True,True
d17,2,C2 (Dune),0.5,3.054526517156573,3.1902059539594934,0.25852369364092737,2.337108899595844e-11,0.7102975810814353,True,True
d17,2,C2 (Dune),0.6,3.199378081189127,2.9963724860791716,0.24670200803489142,1.4569740515790335e-11,0.713061362572416,True,True
d17,2,C2 (Dune),0.7,3.3283762979341533,2.821085878939588,0.23469547161494725,1.103361476685078e-11,0.7146754530854456,True,True
d17,2,C2 (Dune),0.8,3.4424016838421085,2.6639834317068924,0.22288434491579373,9.707967678791185e-12,0.7154156952648738,True,True
d17,2,C2 (Dune),0.9,3.542764239427397,2.523933157975654,0.21150597389673909,9.560115852464909e-12,0.7155043262310479,True,True
d17,2,C2 (Dune),1.0,3.6309285623643044,2.399436117261751,0.20069634473911513,1.0225263251434369e-11,0.7151156878356333,True,True
d17,2,C2 (Dune),1.1,3.7083524885692234,2.288876742527198,0.1905223255528924,1.160275819213259e-11,0.7143840756558537,True,True
d17,2,C2 (Dune),1.2,3.7764010230576037,2.1906679771110387,0.18100530133874873,1.3718557811272804e-11,0.7134116138318216,True,True
d17,2,C2 (Dune),1.3,3.8363071143698777,2.103328067129123,0.17213784783248856,1.6673209497841443e-11,0.7122752257139473,True,True
d17,2,C2 (Dune),1.4,3.889159929121053,2.0255151516755134,0.1638951658431505,2.0620393665081323e-11,0.7110324131463996,True,True
d17,2,C2 (Dune),1.5,3.935908234375412,1.9560370525483102,0.15624274144244119,2.5757156116976557e-11,0.7097258680544765,True,True
d17,2,C2 (Dune),1.6,3.9773713067256695,1.8938473366376463,0.1491413654168086,3.231864874375002e-11,0.7083870665826124,True,True
d17,2,C2 (Dune),1.7,4.014252923693879,1.8380344426601436,0.1425503428187501,4.0574420727160926e-11,0.7070390291922177,True,True
d17,2,C2 (Dune),1.8,4.047155954625851,1.7878078919772158,0.13642948182601472,5.082499170155408e-11,0.7056984208365747,True,True
d17,2,C2 (Dune),1.9,4.076596254561123,1.7424838651390744,0.1307402707947383,6.339818178056648e-11,0.7043771401208805,True,True
d17,2,C2 (Dune),2.0,4.103015259633159,1.7014713646474176,0.12544652302397752,7.864502860004444e-11,0.703083517997469,True,True
d17,2,C2 (Dune),2.1,4.126791075354225,1.664259553273331,0.12051467818933928,9.69353003081488e-11,0.7018232205220163,True,True
d17,2,C2 (Dune),2.2,4.148248060437405,1.6304064930861961,0.1159138870157049,1.1865270297190387e-10,0.7005999283634406,True,True
d17,2,C2 (Dune),2.3,4.167665013698599,1.5995293087361417,0.11161596324158016,1.4418992069842137e-10,0.6994158483058461,True,True
d17,2,C2 (Dune),2.4,4.185282115791729,1.571295694012824,0.10759525817377966,1.7394363703731024e-10,0.6982720984172144,True,True
d17,2,C2 (Dune),2.5,4.201306788408271,1.545416632879788,0.10382849380093079,2.0830967858038e-10,0.6971689982005231,True,True
d17,2,C2 (Dune),2.6,4.215918627174603,1.5216401904836259,0.10029457750702653,2.4767840357812517e-10,0.696106287215098,True,True
d17,2,C2 (Dune),2.7,4.229273550035071,1.4997462313291736,0.09697441282725727,2.9243043495394575e-10,0.6950832897781576,True,True
d17,2,C2 (Dune),2.8,4.241507285567206,1.479541932212459,0.09385071500436995,3.429328118580805e-10,0.6940990389580661,True,True
d17,2,C2 (Dune),2.9,4.252738308185942,1.4608579716084265,0.090907836377182,3.995356092688018e-10,0.693152369784204,True,True
d17,2,C2 (Dune),3.0,4.2630703109228465,1.443545292230835,0.0881316042167911,4.62569052658272e-10,0.6922419891427607,True,True
d17,2,C2 (Dune),3.1,4.272594291989073,1.4274723479418718,0.08550917208452961,5.323411352662188e-10,0.6913665279913832,True,True
d17,2,C2 (Dune),3.2,4.281390318797692,1.412522759382989,0.0830288848252727,6.091357294666499e-10,0.6905245801501857,True,True
d17,2,C2 (Dune),3.3,4.28952902246026,1.3985933143547638,0.08068015673318865,6.932111710833457e-10,0.6897147308943448,True,True
d17,2,C2 (Dune),3.4,4.297072866806721,1.385592259064023,0.0784533621017911,7.847992861559893e-10,0.6889355777969572,True,True
d17,2,C2 (Dune),3.5,4.304077228498056,1.373437834972633,0.07633973720773453,8.841048231866552e-10,0.6881857456851902,True,True
d17,2,C2 (Dune),3.6,4.310591318587754,1.3620570232733702,0.0743312927186597,9.913052499731273e-10,0.6874638971299325,True,True
d17,2,C2 (Dune),3.7,4.3166589707479375,1.3513844651512752,0.07242073552037775,1.106550872249784e-09,0.6867687395534388,True,True
d17,2,C2 (Dune),3.8,4.32231931712545,1.3413615311260276,0.0706013990015378,1.229965231173435e-09,0.68609902978428,True,True
d17,2,C2 (Dune),3.9,4.327607369286049,1.3319355170646436,0.06886718089772534,1.3616457377581197e-09,0.6854535766944678,True,True
d17,2,C2 (Dune),4.0,4.332554518807228,1.3230589480366979,0.06721248787063092,1.5016645043906058e-09,0.6848312424050944,True,True
d17,2,C2 (Dune),4.1,4.337188969685894,1.3146889741734331,0.06563218607453208,1.6500693362284574e-09,0.6842309424331302,True,True
d17,2,C2 (Dune),4.2,4.341536112748937,1.3067868451853581,0.06412155703760355,1.8068848483745e-09,0.6836516450647951,True,True
d17,2,C2 (Dune),4.3,4.345618850613724,1.2993174522743178,0.06267625825697448,1.972113678026745e-09,0.6830923701738987,True,True
d17,2,C2 (Dune),4.4,4.349457880386664,1.292248927915153,0.06129228797269157,2.145737764170294e-09,0.682552187651949,True,True
d17,2,C2 (Dune),4.5,4.353071940157115,1.2855522954366863,0.05996595364619142,2.3277196707412397e-09,0.6820302155770692,True,True
d17,2,C2 (Dune),4.6,4.356478024404513,1.2792011615510193,0.05869384372348125,2.5180039323556054e-09,0.6815256182180982,True,True
d17,2,C2 (Dune),4.7,4.359691572649858,1.273171446002273,0.05747280231207459,2.716518404767039e-09,0.6810376039465753,True,True
d17,2,C2 (Dune),4.8,4.362726635028595,1.2674411433663153,0.05629990644426358,2.923175604962268e-09,0.6805654231110396,True,True
d17,2,C2 (Dune),4.9,4.365596017910816,1.2619901127567834,0.055172445637809764,3.1378740284210135e-09,0.6801083659139797,True,True
d17,2,C2 (Dune),5.0,4.368311412234517,1.256799891803622,0.05408790349924422,3.3604994333123445e-09,0.6796657603208989,True,True
d17,2,C2 (Dune),5.1,4.370883506828211,1.2518535317868766,0.053043941144949,3.5909260834871123e-09,0.6792369700225971,True,True
d17,2,C2 (Dune),5.2,4.373322088673081,1.2471354512464026,0.05203838224161927,3.8290179439637684e-09,0.6788213924653582,True,True
d17,2,C2 (Dune),5.3,4.375636131776817,1.242631305758849,0.05106919949093394,4.0746298241227576e-09,0.6784184569588105,True,True
d17,2,C2 (Dune),5.4,4.3778338760983315,1.2383278718898603,0.050134502403661726,4.327608465248988e-09,0.6780276228674975,True,True
d17,2,C2 (Dune),5.5,4.379922897762388,1.2342129435980678,0.049232526226341444,4.587793570232734e-09,0.677648377889367,True,True
d17,2,C2 (Dune),5.6,4.381910171635291,1.2302752395976897,0.04836162189943009,4.855018774197814e-09,0.6772802364222623,True,True
d17,2,C2 (Dune),5.7,4.383802127186985,1.2265043203831918,0.04752024693963655,5.129112555696014e-09,0.6769227380179346,True,True
d17,2,C2 (Dune),5.8,4.3856046984433945,1.2228905137877182,0.04670695715130622,5.409899088787259e-09,0.6765754459219429,True,True
d17,2,C2 (Dune),5.9,4.38732336872638,1.219424848092766,0.045920399082423555,5.697199036887514e-09,0.6762379456969949,True,True
d17,2,C2 (Dune),6.0,4.388963210788201,1.2160989918298066,0.04515930315020168,5.9908302896951065e-09,0.6759098439267148,True,True
d17,2,C2 (Dune),6.1,4.390528922870132,1.2129051995238227,0.044422477369503326,6.2906086449520294e-09,0.6755907669964543,True,True
d17,2,C2 (Dune),6.2,4.39202486114819,1.2098362627199164,0.043708801624662945,6.596348436926736e-09,0.6752803599475419,True,True
d17,2,C2 (Dune),6.3,4.393455068969853,1.2068854657158608,0.04301722243169777,6.907863113879271e-09,0.6749782854012557,True,True
d17,2,C2 (Dune),6.4,4.39482330323743,1.2040465454923033,0.04234674814360506,7.224965766755339e-09,0.6746842225487768,True,True
d17,2,C2 (Dune),6.5,4.396133058249278,1.201313655393328,0.04169644455646418,7.547469611556448e-09,0.6743978662034201,True,True
d17,2,C2 (Dune),6.6,4.397387587273528,1.1986813321625922,0.041065430878512436,7.875188427859425e-09,0.6741189259115205,True,True
d17,2,C2 (Dune),6.7,4.398589922095244,1.1961444659861642,0.0404528760283203,8.207936955903602e-09,0.6738471251184633,True,True
d17,2,C2 (Dune),6.8,4.399742890750524,1.1936982732335468,0.03985799523166729,8.545531254793169e-09,0.6735822003864911,True,True
d17,2,C2 (Dune),6.9,4.400849133636411,1.1913382716229215,0.039280046889850144,8.887789024156937e-09,0.6733239006610598,True,True
d17,2,C2 (Dune),7.0,4.401911118162503,1.1890602575679459,0.038718329694896234,9.234529891696177e-09,0.6730719865826842,True,True
d17,2,C2 (Dune),7.1,4.402931152093335,1.1868602854900627,0.03817217996961924,9.585575668885367e-09,0.6728262298413696,True,True
d17,2,C2 (Dune),7.2,4.403911395711785,1.18473464890386,0.03764096921264548,9.940750577052222e-09,0.6725864125708891,True,True
d17,2,C2 (Dune),7.3,4.404853872921257,1.182679863104308,0.03712410183047808,1.0299881445997806e-08,0.6723523267803297,True,True
d17,2,C2 (Dune),7.4,4.405760481390043,1.1806926493026395,0.03662101304042721,1.0662797887110393e-08,0.6721237738204815,True,True
d17,2,C2 (Dune),7.5,4.406633001830701,1.1787699200740716,0.03613116692976589,1.1029332443045163e-08,0.6719005638827966,True,True
d17,2,C2 (Dune),7.6,4.407473106497664,1.1769087659948396,0.035654054657897054,1.139932071564473e-08,0.6716825155287913,True,True
d17,2,C2 (Dune),7.7,4.408282366976514,1.1751064433587848,0.035189192789531185,1.1772601473971757e-08,0.671469455247898,True,True
d17,2,C2 (Dune),7.8,4.409062261331803,1.1733603628749427,0.034736121748018246,1.2149016744033465e-08,0.6712612170419084,True,True
d17,2,C2 (Dune),7.9,4.409814180672281,1.1716680792575456,0.034294404378968385,1.252841188172938e-08,0.671057642034268,True,True
d17,2,C2 (Dune),8.0,4.410539435187622,1.1700272816286734,0.03386362461520512,1.291063563049007e-08,0.6708585781026025,True,True
d25,3,C3 (Western Residual),0.5,2.6262832514242667,3.5322443923043254,0.1774839740178209,9.411461560446669e-11,0.774599171417848,True,True
d25,3,C3 (Western Residual),0.6,2.744205202374652,3.392750369278555,0.1782629439468029,1.100137532435489e-11,0.7841983306337771,True,True
d25,3,C3 (Western Residual),0.7,2.86020012787546,3.251846202475154,0.17713031436540208,1.6477062424585147e-12,0.7923611313838612,True,True
d25,3,C3 (Western Residual),0.8,2.9713713908743395,3.11378037626473,0.17448996102333328,3.2233945244771316e-13,0.7991368119120971,True,True
d25,3,C3 (Western Residual),0.9,3.0758171409912194,2.981562853254868,0.17072055002485642,8.245045640821891e-14,0.8046341740996822,True,True
d25,3,C3 (Western Residual),1.0,3.1724683852255326,2.8571153743959945,0.16615323826595751,2.7224144550419387e-14,0.8089940969021318,True,True
d25,3,C3 (Western Residual),1.1,3.260895211403066,2.7414860656611983,0.16106287012840423,1.1351923948406756e-14,0.8123686931169405,True,True
d25,3,C3 (Western Residual),1.2,3.3411220743233105,2.6350708200605806,0.15566823817892977,5.819392367267619e-15,0.814907271033269,True,True
d25,3,C3 (Western Residual),1.3,3.4134723552395916,2.5378096352016657,0.15013746957324525,3.5646508666417985e-15,0.8167480025036605,True,True
d25,3,C3 (Western Residual),1.4,3.478448094446599,2.449345246057279,0.14459565330762053,2.537606106214305e-15,0.8180138075645922,True,True
d25,3,C3 (Western Residual),1.5,3.536642767275303,2.3691430463600804,0.13913287968425397,2.046202104149359e-15,0.8188110595551417,True,True
d25,3,C3 (Western Residual),1.6,3.5886815003606802,2.2965770509254857,0.13381168958926187,1.82669902281076e-15,0.8192300041276012,True,True
d25,3,C3 (Western Residual),1.7,3.635182370980188,2.230988635761929,0.12867348847012827,1.7700690511805987e-15,0.8193461030281826,True,True
d25,3,C3 (Western Residual),1.8,3.6767330228240027,2.1717247355042555,0.12374381382767308,1.830775231215108e-15,0.8192217839776296,True,True
d25,3,C3 (Western Residual),1.9,3.7138779174485226,2.118161222492247,0.11903652169482937,1.993067962130908e-15,0.8189082805774026,True,True
d25,3,C3 (Western Residual),2.0,3.747112673597754,2.0697159879934546,0.11455703523697812,2.2575538776449507e-15,0.8184473856784197,True,True
d25,3,C3 (Western Residual),2.1,3.7768829309278518,2.02585511005713,0.1103048197323297,2.6356528154363596e-15,0.8178730316302163,True,True
d25,3,C3 (Western Residual),2.2,3.803585953147083,1.9860945464246114,0.10627524037774143,3.1474109429283876e-15,0.8172126654687375,True,True
d25,3,C3 (Western Residual),2.3,3.8275737664384044,1.949999056922446,0.1024609390736912,3.820861873052799e-15,0.8164884181258154,True,True
d25,3,C3 (Western Residual),2.4,3.8491570453446675,1.9171795158431855,0.09885284261283431,4.692152476682519e-15,0.8157180827899664,True,True
d25,3,C3 (Western Residual),2.5,3.8686092477372656,1.887289384656036,0.09544089202373016,5.806063782133616e-15,0.8149159245438018,True,True
d25,3,C3 (Western Residual),2.6,3.886170696727524,1.8600208424113818,0.0922145630979837,7.216734856762588e-15,0.8140933452141168,True,True
d25,3,C3 (Western Residual),2.7,3.90205243739202,1.8351008841310765,0.08916323186352042,8.988478157810412e-15,0.8132594264154291,True,True
d25,3,C3 (Western Residual),2.8,3.9164397803067805,1.8122875716822968,0.08627642579632396,1.1196613757706977e-14,0.8124213715014688,True,True
d25,3,C3 (Western Residual),2.9,3.9294954968446856,1.7913665386546038,0.08354399145007786,1.3928270284037636e-14,0.811584864400144,True,True
d25,3,C3 (Western Residual),3.0,3.9413626633622156,1.7721477972054496,0.08095620141991747,1.728311255746407e-14,0.8107543605522078,True,True
d25,3,C3 (Western Residual),3.1,3.9521671699481766,1.7544628612086122,0.07850381766268699,2.1373964369634624e-14,0.8099333226296854,True,True
d25,3,C3 (Western Residual),3.2,3.9620199191936827,1.738162179714062,0.07617812375720731,2.6327301704964554e-14,0.8091244114721506,True,True
d25,3,C3 (Western Residual),3.3,3.9710187447224916,1.7231128631508592,0.07397093536473437,3.2283597876827667e-14,0.8083296407690257,True,True
d25,3,C3 (Western Residual),3.4,3.979250080148354,1.7091966787834094,0.07187459567278975,3.939750785238093e-14,0.8075505024183839,True,True
d25,3,C3 (Western Residual),3.5,3.986790408101295,1.696308289582014,0.06988196076590411,4.783788454185067e-14,0.8067880681742713,True,True
d25,3,C3 (Western Residual),3.6,3.993707516885487,1.684353710507411,0.06798637850453056,5.77876249714115e-14,0.8060430721166965,True,True
d25,3,C3 (Western Residual),3.7,4.000061589764864,1.6732489573242915,0.06618166348732991,6.94433489456844e-14,0.8053159776029364,True,True
d25,3,C3 (Western Residual),3.8,4.005906149159192,1.6629188648616542,0.06446206993097489,8.301491694429949e-14,0.8046070316508059,True,True
d25,3,C3 (Western Residual),3.9,4.011288875381885,1.6532960537528925,0.06282226375738621,9.872479751252795e-14,0.8039163091336361,True,True
d25,3,C3 (Western Residual),4.0,4.016252317065385,1.6443200268847211,0.06125729477990818,1.1680729726033426e-13,0.8032437487071444,True,True
d25,3,C3 (Western Residual),4.1,4.020834508161511,1.63593637892155,0.059762569589550334,1.3750766876309446e-13,0.8025891820187966,True,True
d25,3,C3 (Western Residual),4.2,4.025069504384936,1.62809610427617,0.05833382553180679,1.6108111318377311e-13,0.8019523574530716,True,True
d25,3,C3 (Western Residual),4.3,4.0289878501916965,1.6207549907282788,0.05696710601289492,1.877916953470439e-13,0.8013329594270517,True,True
d25,3,C3 (Western Residual),4.4,4.032616985831766,1.6138730875373006,0.05565873726598407,2.1791118935117074e-13,0.8007306240584006,True,True
d25,3,C3 (Western Residual),4.5,4.03598160267062,1.6074142383558843,0.05440530663161465,2.5171787267323984e-13,0.8001449518728545,True,True
d25,3,C3 (Western Residual),4.6,4.039103953814758,1.6013456705342795,0.05320364235354043,2.8949528618154174e-13,0.7995755180934001,True,True
d25,3,C3 (Western Residual),4.7,4.042004126078776,1.5956376335286644,0.05205079485535102,3.315309765917217e-13,0.7990218809524008,True,True
d25,3,C3 (Western Residual),4.8,4.0447002784769825,1.590263080103032,0.05094401943974789,3.7811523676973723e-13,0.7984835883863355,True,True
d25,3,C3 (Western Residual),4.9,4.047208851689857,1.5851973848611132,0.04988076033785871,4.2953985796023027e-13,0.7979601834067216,True,True
d25,3,C3 (Western Residual),5.0,4.049544752331427,1.5804180953780373,0.04885863602788236,4.8609690656386e-13,0.7974512083871761,True,True
d25,3,C3 (Western Residual),5.1,4.051721515306228,1.5759047118335414,0.0478754257388014,5.480775365779428e-13,0.7969562084630102,True,True
d25,3,C3 (Western Residual),5.2,4.053751447089354,1.5716384915956163,0.04692905705452974,6.157708472586168e-13,0.7964747342042939,True,True
d25,3,C3 (Western Residual),5.3,4.055645752371245,1.5676022756735106,0.04601759453560969,6.894627940511291e-13,0.7960063436944299,True,True
d25,3,C3 (Western Residual),5.4,4.057414646173247,1.5637803343659655,0.045139229278751775,7.694351593531889e-13,0.7955506041226781,True,True
d25,3,C3 (Western Residual),5.5,4.059067453256281,1.5601582297798848,0.04429226933857564,8.559645882796154e-13,0.7951070929797798,True,True
d25,3,C3 (Western Residual),5.6,4.060612696397211,1.5567226931976683,0.04347513094045454,9.493216932909697e-13,0.7946753989300211,True,True
d25,3,C3 (Western Residual),5.7,4.062058174898921,1.553461515531413,0.04268633041815714,1.049770230341737e-12,0.7942551224201244,True,True
d25,3,C3 (Western Residual),5.8,4.063411034518204,1.550363449327905,0.04192447681479695,1.1575663481213177e-12,0.793845876074699,True,True
d25,3,C3 (Western Residual),5.9,4.0646778298413455,1.5474181209830251,0.04118826509032961,1.2729579109896577e-12,0.7934472849192411,True,True
d25,3,C3 (Western Residual),6.0,4.065864580004006,1.544615951992574,0.04047646988338997,1.39618389534021e-12,0.7930589864644498,True,True
d25,3,C3 (Western Residual),6.1,4.066976818535601,1.5419480882125245,0.039787939779582025,1.5274738583971633e-12,0.7926806306796942,True,True
d25,3,C3 (Western Residual),6.2,4.068019638009726,1.5394063362285546,0.03912159204239413,1.667047477814076e-12,0.7923118798785537,True,True
d25,3,C3 (Western Residual),6.3,4.068997730097495,1.5369831060444712,0.03847640776669416,1.815114159907402e-12,0.7919524085353056,True,True
d25,3,C3 (Western Residual),6.4,4.069915421544858,1.5346713593947165,0.03785142741826765,1.9718727139336645e-12,0.7916019030478825,True,True
d25,3,C3 (Western Residual),6.5,4.070776706530861,1.5324645630690608,0.037245746726089095,2.1375110894547547e-12,0.7912600614600472,True,True
d25,3,C3 (Western Residual),6.6,4.0715852758094755,1.5303566467109353,0.03665851289698361,2.312206173598571e-12,0.7909265931532437,True,True
d25,3,C3 (Western Residual),6.7,4.072344542986601,1.528341964613118,0.03608892112505413,2.4961236448071505e-12,0.790601218516674,True,True
d25,3,C3 (Western Residual),6.8,4.0730576682446795,1.526415261090248,0.03553621137073146,2.689417879522137e-12,0.7902836686025823,True,True
d25,3,C3 (Western Residual),6.9,4.0737275797877395,1.5245716390560262,0.034999665386555655,2.89223190823918e-12,0.7899736847724163,True,True
d25,3,C3 (Western Residual),7.0,4.0743569932497214,1.5228065314753618,0.034478603968875116,3.1046974172427576e-12,0.7896710183384587,True,True
d25,3,C3 (Western Residual),7.1,4.0749484292794165,1.5211156753984434,0.03397238441649561,3.326934792467964e-12,0.7893754302046216,True,True
d25,3,C3 (Western Residual),7.2,4.075504229492243,1.5194950883169498,0.03348039817904049,3.5590532018524452e-12,0.789086690509357,True,True
d25,3,C3 (Western Residual),7.3,4.076026570955607,1.5179410466110281,0.033002068679294866,3.8011507127639544e-12,0.7888045782730206,True,True
d25,3,C3 (Western Residual),7.4,4.076517479358576,1.5164500658806856,0.03253684929524423,4.0533144410318245e-12,0.7885288810515195,True,True
d25,3,C3 (Western Residual),7.5,4.076978840996629,1.5150188829782572,0.032084221488746456,4.315620728425574e-12,0.7882593945976549,True,True
d25,3,C3 (Western Residual),7.6,4.07741241369099,1.5136444395775097,0.03164369306897108,4.588135345357189e-12,0.787995922531224,True,True
d25,3,C3 (Western Residual),7.7,4.077819836746099,1.512323867132715,0.031214796579749512,4.870913715906109e-12,0.7877382760186646,True,True
d25,3,C3 (Western Residual),7.8,4.078202640040556,1.5110544730964892,0.030797087800957496,5.164001162284191e-12,0.7874862734627892,True,True
d25,3,C3 (Western Residual),7.9,4.0785622523339695,1.5098337282785352,0.03039014435488654,5.467433166151565e-12,0.7872397402029685,True,True
d25,3,C3 (Western Residual),8.0,4.0789000088650536,1.5086592552399827,0.0299935644093616,5.781235644215738e-12,0.7869985082259653,True,True
d38,3,C3 (Western Residual),0.5,3.176972689129455,4.669637197428136,0.3092760043454422,3.835208821948769e-13,0.7434739653271789,True,True
d38,3,C3 (Western Residual),0.6,3.3762776344760166,4.422230660720702,0.3065698445123679,2.789646631335172e-14,0.756802971597407,True,True
d38,3,C3 (Western Residual),0.7,3.5684027306978865,4.172895514910495,0.30104115916863694,2.82742907411561e-15,0.7678909650803318,True,True
d38,3,C3 (Western Residual),0.8,3.749455844452537,3.929341525833098,0.29351803662165105,4.022773172493862e-16,0.7769451399706377,True,True
d38,3,C3 (Western Residual),0.9,3.9173173101311676,3.696623170552967,0.28468193683762255,7.935384321274883e-17,0.7842173206826762,True,True
d38,3,C3 (Western Residual),1.0,4.071160082596343,3.477707397976278,0.2750666931859921,2.1156775334083145e-17,0.7899673399875695,True,True
d38,3,C3 (Western Residual),1.1,4.2110308731646935,3.2740305634109244,0.26507415978671245,7.37860875915761e-18,0.7944410326016625,True,True
d38,3,C3 (Western Residual),1.2,4.337522168632866,3.0859714975478836,0.2549964227768108,3.249399759391685e-18,0.7978590091511584,True,True
d38,3,C3 (Western Residual),1.3,4.451533970729432,2.913219927857029,0.24503860510081837,1.7451015009445975e-18,0.8004125229394821,True,True
d38,3,C3 (Western Residual),1.4,4.554110653424981,2.7550466571863956,0.2353393058571993,1.1065613890022954e-18,0.8022635490376036,True,True
d38,3,C3 (Western Residual),1.5,4.6463351131680035,2.6104926935507713,0.22598758758153015,8.048434001175878e-19,0.8035470824038186,True,True
d38,3,C3 (Western Residual),1.6,4.7292639843784166,2.478496387791666,0.21703643890157065,6.548160904043081e-19,0.8043743931393756,True,True
d38,3,C3 (Western Residual),1.7,4.803890945097869,2.357975490461179,0.20851310549380433,5.833287366247895e-19,0.8048365018464346,True,True
d38,3,C3 (Western Residual),1.8,4.871128487814017,2.247877623733326,0.2004268369336734,5.588655782311019e-19,0.8050074827980204,True,True
d38,3,C3 (Western Residual),1.9,4.931801362198919,2.1472092851644895,0.19277459525822105,5.673431547145682e-19,0.8049474141244087,True,True
d38,3,C3 (Western Residual),2.0,4.9866470679272465,2.0550506599839364,0.1855452026164251,6.028669831922973e-19,0.804704915945954,True,True
d38,3,C3 (Western Residual),2.1,5.036320346557618,1.9705613222724259,0.17872231768982838,6.638944825994002e-19,0.804319282415408,True,True
d38,3,C3 (Western Residual),2.2,5.08139971427633,1.8929802901177089,0.17228654604749413,7.515442764269809e-19,0.8038222446984702,True,True
d38,3,C3 (Western Residual),2.3,5.122394816100433,1.8216227507633262,0.16621691708910963,8.688302071540426e-19,0.8032394136538749,True,True
d38,3,C3 (Western Residual),2.4,5.1597538701867816,1.7558749734808303,0.1604919017694859,1.0203228604115482e-18,0.8025914523567788,True,True
d38,3,C3 (Western Residual),2.5,5.1938707866503115,1.6951883832853007,0.155090099895638,1.2120206052136651e-18,0.8018950249328543,True,True
d38,3,C3 (Western Residual),2.6,5.225091745265182,1.639073402656563,0.14999069136484744,1.4513276505124719e-18,0.8011635624236576,True,True
d38,3,C3 (Western Residual),2.7,5.253721139960762,1.587093425948705,0.14517372002876142,1.7470874771514247e-18,0.800407880189437,True,True
d38,3,C3 (Western Residual),2.8,5.280026871885241,1.538859132832774,0.14062025991431215,2.1096437145607853e-18,0.7996366754701237,True,True
d38,3,C3 (Western Residual),2.9,5.30424501488748,1.494023245463565,0.13631249964955916,2.5509122131065754e-18,0.7988569285121826,True,True
d38,3,C3 (Western Residual),3.0,5.326583899357276,1.4522757702029823,0.13223377082848875,3.084454167280864e-18,0.7980742262280867,True,True
d38,3,C3 (Western Residual),3.1,5.347227670151948,1.4133397258226383,0.1283685387084505,3.725543561952235e-18,0.7972930236635414,True,True
d38,3,C3 (Western Residual),3.2,5.366339376777146,1.376967337481153,0.12470236832202378,4.491224291985293e-18,0.7965168555274915,True,True
d38,3,C3 (Western Residual),3.3,5.38406365223031,1.342936663628609,0.12122187525016831,5.400353693849336e-18,0.7957485075953131,True,True
d38,3,C3 (Western Residual),3.4,5.400529032931438,1.3110486174782077,0.11791466754092031,6.473630245106386e-18,0.7949901558306594,True,True
d38,3,C3 (Western Residual),3.5,5.4158499671717095,1.2811243432612491,0.11476928327235701,7.733603991891827e-18,0.7942434794991656,True,True
d38,3,C3 (Western Residual),3.6,5.430128554229601,1.2530029084864518,0.11177512683536518,9.204668932869468e-18,0.7935097532926451,True,True
d38,3,C3 (Western Residual),3.7,5.443456051154412,1.226539275783698,0.10892240599514555,1.0913037157837073e-17,0.7927899224827535,True,True
d38,3,C3 (Western Residual),3.8,5.45591417941827,1.2016025209428585,0.10620207106747626,1.2886695027033265e-17,0.7920846643269686,True,True
d38,3,C3 (Western Residual),3.9,5.467576259293622,1.1780742670350453,0.10360575703478651,1.515534209110203e-17,0.7913944383155265,True,True
d38,3,C3 (Western Residual),4.0,5.478508195955982,1.1558473077680211,0.10112572906891555,1.7750313794959572e-17,0.7907195273423543,True,True
d38,3,C3 (Western Residual),4.1,5.488769337928648,1.1348243963332556,0.09875483167914578,2.070448928461039e-17,0.7900600714794788,True,True
d38,3,C3 (Western Residual),4.2,5.498413225550964,1.114917178870682,0.09648644153471955,2.4052185846999604e-17,0.7894160957117957,True,True
d38,3,C3 (Western Residual),4.3,5.507488244616312,1.0960452542757653,0.09431442389810843,2.7829041663247504e-17,0.7887875327307674,True,True
d38,3,C3 (Western Residual),4.4,5.516038198150701,1.0781353443947301,0.09223309253251818,3.207188864978366e-17,0.7881742416783694,True,True
d38,3,C3 (Western Residual),4.5,5.524102807439491,1.0611205607084315,0.09023717290278321,3.68186172057602e-17,0.7875760235660105,True,True
d38,3,C3 (Western Residual),4.6,5.531718151817671,1.044939755409851,0.08832176846434563,4.2108034684404113e-17,0.7869926339589373,True,True
d38,3,C3 (Western Residual),4.7,5.538917055381983,1.0295369463581272,0.08648232982440926,4.797971936748839e-17,0.786423793408281,True,True
d38,3,C3 (Western Residual),4.8,5.545729427624571,1.0148608067663607,0.08471462655808124,5.447387165242879e-17,0.7858691960252451,True,True
d38,3,C3 (Western Residual),4.9,5.552182564001029,1.0008642116742419,0.08301472146732544,6.163116406567109e-17,0.7853285165208422,True,True
d38,3,C3 (Western Residual),5.0,5.558301411604953,0.9875038342920378,0.08137894707948465,6.949259160210514e-17,0.7848014159768304,True,True
d38,3,C3 (Western Residual),5.1,5.564108804401876,0.9747397861993325,0.07980388419348636,7.809932376178804e-17,0.7842875465664537,True,True
d38,3,C3 (Western Residual),5.2,5.5696256718643244,0.9625352961585918,0.07828634229445397,8.749255951709097e-17,0.7837865554052021,True,True
d38,3,C3 (Western Residual),5.3,5.574871224325082,0.9508564229757848,0.07682334167053975,9.771338630305776e-17,0.7832980876804058,True,True
d38,3,C3 (Western Residual),5.4,5.57986311791826,0.9396717984218841,0.07541209707888602,1.0880264397769282e-16,0.7828217891827499,True,True
d38,3,C3 (Western Residual),5.5,5.584617601594534,0.9289523967332699,0.0740500028203008,1.2080079456090483e-16,0.7823573083416676,True,True
d38,3,C3 (Western Residual),5.6,5.589149648367844,0.9186713276454445,0.07273461909436203,1.337477984212821e-16,0.7819042978491856,True,True
d38,3,C3 (Western Residual),5.7,5.5934730726681305,0.9088036502929395,0.07146365951803343,1.4768299745094778e-16,0.7814624159424685,True,True
d38,3,C3 (Western Residual),5.8,5.597600635433128,0.8993262056370264,0.07023497970148693,1.6264500564575976e-16,0.7810313274034777,True,True
d38,3,C3 (Western Residual),5.9,5.601544138361387,0.8902174653678094,0.06904656678461563,1.7867160739362093e-16,0.7806107043243719,True,True
d38,3,C3 (Western Residual),6.0,5.605314508570199,0.8814573954758853,0.06789652984672741,1.9579966367098149e-16,0.7802002266791698,True,True
d38,3,C3 (Western Residual),6.1,5.608921874745091,0.8730273329043253,0.06678309111011504,2.1406502625133917e-16,0.7797995827354633,True,True
d38,3,C3 (Western Residual),6.2,5.6123756357331525,0.8649098738801546,0.06570457786571568,2.335024599469099e-16,0.7794084693343771,True,True
d38,3,C3 (Western Residual),6.3,5.615684522416549,0.8570887726890303,0.06465941505586781,2.541455728296884e-16,0.779026592062317,True,True
d38,3,C3 (Western Residual),6.4,5.618856653599673,0.8495488497997256,0.06364611845534404,2.760267543100645e-16,0.7786536653341641,True,True
d38,3,C3 (Western Residual),6.5,5.621899586557316,0.8422759083713356,0.06266328839743217,2.991771209025443e-16,0.7782894124043424,True,True
d38,3,C3 (Western Residual),6.6,5.624820362812912,0.8352566582854708,0.061709603996882294,3.2362646945279814e-16,0.7779335653194709,True,True
d38,3,C3 (Western Residual),6.7,5.627625549650112,0.828478646942566,0.06078381782610211,3.4940323756609558e-16,0.7775858648240603,True,True
d38,3,C3 (Western Residual),6.8,5.63032127780275,0.82193019614593,0.05988475100508668,3.765344709440477e-16,0.7772460602288123,True,True
d38,3,C3 (Western Residual),6.9,5.632913275716307,0.8156003444718355,0.059011288669304246,4.0504579731248704e-16,0.7769139092494926,True,True
d38,3,C3 (Western Residual),7.0,5.6354069007305085,0.8094787945892119,0.05816237578308023,4.3496140660288343e-16,0.7765891778230254,True,True
d38,3,C3 (Western Residual),7.1,5.637807167492699,0.8035558650508055,0.057337013269073436,4.663040370367507e-16,0.7762716399063294,True,True
d38,3,C3 (Western Residual),7.2,5.640118773877824,0.7978224461283556,0.05653425442713127,4.990949667578758e-16,0.7759610772624845,True,True
d38,3,C3 (Western Residual),7.3,5.642346124660189,0.7922699593094614,0.05575320161829363,5.33354010644873e-16,0.7756572792380343,True,True
d38,3,C3 (Western Residual),7.4,5.644493353155947,0.786890320114177,0.05499300319191616,5.690995219489092e-16,0.7753600425345528,True,True
d38,3,C3 (Western Residual),7.5,5.646564341031154,0.7816759039240119,0.054252850635893024,6.063483983857109e-16,0.7750691709770716,True,True
d38,3,C3 (Western Residual),7.6,5.648562736450703,0.7766195145483822,0.053531975931759936,6.451160923446438e-16,0.7747844752814714,True,True
d38,3,C3 (Western Residual),7.7,5.650491970723177,0.7717143552804369,0.052829649098103296,6.854166248468294e-16,0.77450577282257,True,True
d38,3,C3 (Western Residual),7.8,5.652355273582803,0.7669540022198522,0.052145175907151356,7.272626029377379e-16,0.7742328874042982,True,True
d38,3,C3 (Western Residual),7.9,5.654155687233189,0.7623323796617525,0.051477895760790565,7.70665240173938e-16,0.7739656490330815,True,True
d38,3,C3 (Western Residual),8.0,5.655896079265792,0.7578437373708793,0.050827179713429274,8.156343799013623e-16,0.7737038936953167,True,True
d41,2,C2 (Dune),0.5,2.8054638287108205,3.154031298675565,0.26386155409271456,2.0103049319806134e-14,0.7654244802501159,True,True
d41,2,C2 (Dune),0.6,2.9501610434842376,2.945578041450421,0.24992356155655032,1.417248865271438e-14,0.7670896220121699,True,True
d41,2,C2 (Dune),0.7,3.0767698661411083,2.758700506203797,0.23599854051938346,1.319725236995576e-14,0.767427807027296,True,True
d41,2,C2 (Dune),0.8,3.1866919333840142,2.592835476528432,0.2225131927473339,1.5004862821677845e-14,0.7668185554245307,True,True
d41,2,C2 (Dune),0.9,3.2817344650414437,2.446465874053595,0.2097125742803812,1.9566252405312724e-14,0.7655538167314405,True,True
d41,2,C2 (Dune),1.0,3.3637849597097027,2.3176600224566597,0.197718677008129,2.790496079966529e-14,0.7638518529782834,True,True
d41,2,C2 (Dune),1.1,3.4346365915299417,2.204392474727168,0.18657397922348723,4.203634261545658e-14,0.76187252306015,True,True
d41,2,C2 (Dune),1.2,3.4959074787146536,2.1047192319407033,0.17627195126944928,6.524243303167045e-14,0.7597310578915211,True,True
d41,2,C2 (Dune),1.3,3.549014190476367,2.016862450972079,0.16677756275664854,1.0252873372317308e-13,0.7575093713402986,True,True
d41,2,C2 (Dune),1.4,3.5951742458975566,1.9392420747883528,0.15804063338165625,1.6121631610293459e-13,0.7552648817551737,True,True
d41,2,C2 (Dune),1.5,3.63542251561778,1.870478181156264,0.15000427484102724,2.5163945073089517e-13,0.7530371841275594,True,True
d41,2,C2 (Dune),1.6,3.670632988282216,1.8093784633184558,0.14261006163686565,3.8791405765302694e-13,0.750853002119011,True,True
d41,2,C2 (Dune),1.7,3.7015413497657272,1.7549192148779604,0.13580106929168423,5.887335810382376e-13,0.7487298204525303,True,True
d41,2,C2 (Dune),1.8,3.7287661434480253,1.7062244682359295,0.1295235482793169,8.781426431808886e-13,0.7466785299551553,True,True
d41,2,C2 (Dune),1.9,3.7528275763111196,1.6625457176110807,0.12372774184887546,1.2862374061328206e-12,0.7447053449651762,True,True
d41,2,C2 (Dune),2.0,3.774163726801577,1.6232433757324904,0.11836817891894565,1.8497454125809486e-12,0.7428131893354448,True,True
d41,2,C2 (Dune),2.1,3.7931442548466925,1.5877703972064183,0.11340365521417342,2.6124460444782535e-12,0.7410026963514235,True,True
d41,2,C2 (Dune),2.2,3.8100818664248424,1.5556581193615464,0.10879703821017708,3.6254042053236293e-12,0.7392729288988054,True,True
d41,2,C2 (Dune),2.3,3.8252418343087653,1.526504181763848,0.10451498091509934,4.947002742456031e-12,0.7376218971546407,True,True
d41,2,C2 (Dune),2.4,3.8388498738962706,1.4999623041834618,0.10052759686669985,6.642771929389516e-12,0.7360469297544101,True,True
d41,2,C2 (Dune),2.5,3.851098646567867,1.4757336800616083,0.0968081277894671,8.785025797655506e-12,0.7345449388898948,True,True
d41,2,C2 (Dune),2.6,3.862153127855401,1.4535597498926318,0.09333262204554989,1.1452324431459806e-11,0.7331126085862429,True,True
d41,2,C2 (Dune),2.7,3.8721550415781927,1.4332161402555,0.09007963363986249,1.472878811786807e-11,0.7317465273226389,True,True
d41,2,C2 (Dune),2.8,3.8812265276394515,1.4145075806299718,0.08702994634935621,1.8703293429606363e-11,0.7304432803326679,True,True
d41,2,C2 (Dune),2.9,3.8894731818064754,1.397263636947907,0.0841663243980923,2.346858311261026e-11,0.729199512715615,True,True
d41,2,C2 (Dune),3.0,3.8969865808255157,1.381335125784338,0.08147328925316807,2.912032142170248e-11,0.7280119714517608,True,True
d41,2,C2 (Dune),3.1,3.903846385400619,1.3665910952371618,0.07893692109261642,3.575612473690805e-11,0.7268775322151457,True,True
d41,2,C2 (Dune),3.2,3.910122096417149,1.3529162776420172,0.0765446829858703,4.347459435266473e-11,0.7257932152811198,True,True
d41,2,C2 (Dune),3.3,3.9158745257823946,1.3402089354452567,0.07428526563130082,5.237437468206082e-11,0.7247561936649132,True,True
d41,2,C2 (Dune),3.4,3.9211570318650244,1.3283790350994846,0.07214845048639555,6.25532561181795e-11,0.7237637957808323,True,True
d41,2,C2 (Dune),3.5,3.92601656028077,1.3173466950959243,0.07012498922346641,7.410733773398234e-11,0.722813504292918,True,True
d41,2,C2 (Dune),3.6,3.9304945232945108,1.3070408635489872,0.06820649759651308,8.71302610979614e-11,0.7219029523747177,True,True
d41,2,C2 (Dune),3.7,3.9346275450557995,1.2973981884153183,0.06638536198167024,1.0171252288532888e-10,0.72102991826334,True,True
d41,2,C2 (Dune),3.8,3.9384480949820135,1.2883620497400325,0.0646546570355247,1.1794087076920826e-10,0.7201923187486694,True,True
d41,2,C2 (Dune),3.9,3.941985027627503,1.279881728514125,0.06300807309161703,1.3589778432799997e-10,0.7193882020589769,True,True
d41,2,C2 (Dune),4.0,3.945264044148016,1.2719116909985297,0.06143985207965892,1.5566104041885985e-10,0.7186157404720099,True,True
d41,2,C2 (Dune),4.1,3.948308087840987,1.264410970887904,0.05994473090166806,1.7730336062631487e-10,0.7178732228834734,True,True
d41,2,C2 (Dune),4.2,3.9511376841007477,1.2573426345872893,0.05851789133344051,2.0089213697214033e-10,0.7171590474934351,True,True
d41,2,C2 (Dune),4.3,3.95377123337451,1.2506733172696398,0.057154915638865156,2.2648923101843996e-10,0.7164717147189028,True,True
d41,2,C2 (Dune),4.4,3.9562252642702216,1.244372819363453,0.05585174718933452,2.5415084077639174e-10,0.7158098204026331,True,True
d41,2,C2 (Dune),4.5,3.958514652788176,1.2384137547616316,0.05460465547223912,2.839274293829823e-10,0.715172049360506,True,True
d41,2,C2 (Dune),4.6,3.960652812677418,1.2327712434063371,0.05341020495245202,3.158637092946015e-10,0.7145571692898245,True,True
d41,2,C2 (Dune),4.7,3.9626518611145842,1.2274226420404082,0.05226522732020818,3.499986757181755e-10,0.7139640250466386,True,True
d41,2,C2 (Dune),4.8,3.964522763241184,1.2223473078623086,0.05116679671908739,3.8636568311939205e-10,0.7133915332901993,True,True
d41,2,C2 (Dune),4.9,3.9662754585416504,1.217526390613966,0.05011220760008373,4.249925588756884e-10,0.7128386774857651,True,True
d41,2,C2 (Dune),5.0,3.96791897158783,1.2129426492945066,0.04909895489301957,4.6590174845455e-10,0.712304503252407,True,True
d41,2,C2 (Dune),5.1,3.9694615092906513,1.2085802902504343,0.048124716225779726,5.091104868709445e-10,0.7117881140395761,True,True
d41,2,C2 (Dune),5.2,3.970910546481891,1.2044248238621231,0.047187335955828164,5.546309915689809e-10,0.7112886671145258,True,True
d41,2,C2 (Dune),5.3,3.9722729013778295,1.2004629374431952,0.0462848108079032,6.024706723066432e-10,0.7108053698419043,True,True
d41,2,C2 (Dune),5.4,3.9735548022527603,1.1966823823040342,0.04541527693732503,6.526323540398495e-10,0.7103374762366748,True,True
d41,2,C2 (Dune),5.5,3.9747619464584467,1.19307187321524,0.04457699826052514,7.05114509224259e-10,0.7098842837718062,True,True
d41,2,C2 (Dune),5.6,3.975899552765793,1.189620998748023,0.04376835591363665,7.599114963610919e-10,0.709445130422758,True,True
d41,2,C2 (Dune),5.7,3.976972407868106,1.1863201411744906,0.04298783871675967,8.170138019931837e-10,0.7090193919315583,True,True
d41,2,C2 (Dune),5.8,3.977984907770062,1.183160404786114,0.04223403453607229,8.76408283729321e-10,0.7086064792741645,True,True
d41,2,C2 (Dune),5.9,3.9789410946878405,1.1801335516387803,0.04150562244867577,9.380784122054365e-10,0.7082058363157624,True,True
d41,2,C2 (Dune),6.0,3.979844690002187,1.177231943861461,0.040801365626156445,1.0020045101997826e-09,0.7078169376396289,True,True
d41,2,C2 (Dune),6.1,3.980699123734146,1.174448491776586,0.04012010486253234,1.0681639874145667e-09,0.7074392865361714,True,True
d41,2,C2 (Dune),6.2,3.9815075609521555,1.1717766071743851,0.039460752680747266,1.1365315696739533e-09,0.707072413139705,True,True
d41,2,C2 (Dune),6.3,3.9822729254665012,1.1692101611663257,0.03882228795929313,1.2070795215359735e-09,0.7067158727014478,True,True
d41,2,C2 (Dune),6.4,3.9829979211210684,1.1667434461132862,0.03820375102707864,1.2797778615046739e-09,0.7063692439880892,True,True
d41,2,C2 (Dune),6.5,3.983685050954755,1.1643711411856095,0.037604239180379334,1.3545945692217695e-09,0.7060321277961097,True,True
d41,2,C2 (Dune),6.6,3.984336634469257,1.1620882811650257,0.037022902580750916,1.4314957841749043e-09,0.7057041455727981,True,True
d41,2,C2 (Dune),6.7,3.9849548232124326,1.1598902281453796,0.036458940497233326,1.510445995586209e-09,0.7053849381356434,True,True
d41,2,C2 (Dune),6.8,3.985541614860753,1.157772645828697,0.03591159786008236,1.5914082232840527e-09,0.7050741644824333,True,True
d41,2,C2 (Dune),6.9,3.98609886596134,1.1557314761485402,0.035380162096733864,1.6743441894524539e-09,0.7047715006850237,True,True
d41,2,C2 (Dune),7.0,3.9866283034767247,1.1537629179831517,0.03486396022376392,1.759214481234367e-09,0.7044766388603065,True,True
d41,2,C2 (Dune),7.1,3.9871315352575816,1.151863407748043,0.034362356171322016,1.8459787042678068e-09,0.7041892862124322,True,True
d41,2,C2 (Dune),7.2,3.987610059554423,1.1500296016805214,0.033874748318919186,1.934595627257706e-09,0.7039091641408313,True,True
d41,2,C2 (Dune),7.3,3.988065273667088,1.148258359650085,0.03340056722358751,2.025023317760535e-09,0.7036360074090202,True,True
d41,2,C2 (Dune),7.4,3.988498481818911,1.1465467303462615,0.0329392735233259,2.117219269419408e-09,0.7033695633695851,True,True
d41,2,C2 (Dune),7.5,3.98891090233368,1.1448919377115052,0.03249035600044674,2.211140520855817e-09,0.7031095912411166,True,True
d41,2,C2 (Dune),7.6,3.989303674183849,1.1432913685011357,0.03205332979092748,2.3067437665399456e-09,0.7028558614332057,True,True
d41,2,C2 (Dune),7.7,3.989677862972008,1.1417425608643859,0.031627734727235735,2.4039854598963e-09,0.7026081549159293,True,True
d41,2,C2 (Dune),7.8,3.9900344663997913,1.1402431938520432,0.031213133803286358,2.5028219089879965e-09,0.7023662626305427,True,True
d41,2,C2 (Dune),7.9,3.9903744192743913,1.1387910777654386,0.030809111751272038,2.6032093650514173e-09,0.7021299849383524,True,True
d41,2,C2 (Dune),8.0,3.990698598095122,1.1373841452708433,0.030415273721058844,2.705104104267478e-09,0.7018991311049976,True,True
t41a,3,C3 (Western Residual),0.5,3.7456530722378427,4.288976359450174,0.2615402305585701,1.0477922212589571e-12,0.7375436376928515,True,True
t41a,3,C3 (Western Residual),0.6,3.9028366617119916,4.080132463559676,0.2553332465843157,3.428971660181784e-13,0.7434385841767519,True,True
t41a,3,C3 (Western Residual),0.7,4.049628549698496,3.880686200615979,0.24827235947729448,1.3720997927344187e-13,0.7481763501272815,True,True
t41a,3,C3 (Western Residual),0.8,4.185440543013176,3.6924532333462636,0.24067730551100713,6.581720583231266e-14,0.7519148689710649,True,True
t41a,3,C3 (Western Residual),0.9,4.310236780732325,3.5163492266182628,0.23279837634196038,3.7031530589277004e-14,0.7548038730379659,True,True
t41a,3,C3 (Western Residual),1.0,4.424352041197549,3.352639123979645,0.22482584970744154,2.3910268009337395e-14,0.7569794488247791,True,True
t41a,3,C3 (Western Residual),1.1,4.528351724131544,3.201139998575497,0.21690033954628354,1.7352646498878044e-14,0.7585617123539077,True,True
t41a,3,C3 (Western Residual),1.2,4.622929285877353,3.061377595027273,0.20912265732331226,1.3889771367520096e-14,0.7596544902367515,True,True
t41a,3,C3 (Western Residual),1.3,4.708834375641677,2.932702217865587,0.20156250052412444,1.2058257402290121e-14,0.7603461761214636,True,True
t41a,3,C3 (Western Residual),1.4,4.786824655063899,2.8143715177845112,0.19426573713139794,1.1189415450273658e-14,0.7607111907740276,True,True
t41a,3,C3 (Western Residual),1.5,4.857635091319779,2.705607650158246,0.1872603087285068,1.0961199654154394e-14,0.760811677793855,True,True
t41a,3,C3 (Western Residual),1.6,4.921959687751908,2.605635312151798,0.18056089810478498,1.121692470923653e-14,0.7606992139278055,True,True
t41a,3,C3 (Western Residual),1.7,4.980441789005063,2.5137059245517257,0.17417255217758987,1.18860907013019e-14,0.7604164123364048,True,True
t41a,3,C3 (Western Residual),1.8,5.033670111606709,2.429112024508617,0.1680934532341493,1.294751783299664e-14,0.7599983608273021,True,True
t41a,3,C3 (Western Residual),1.9,5.082178461158924,2.351194906296682,0.1623170130999174,1.4411273724264582e-14,0.7594738757121956,True,True
t41a,3,C3 (Western Residual),2.0,5.126447713385287,2.279347722311056,0.15683343869872002,1.630946340555981e-14,0.758866573947844,True,True
t41a,3,C3 (Western Residual),2.1,5.166909088895551,2.2130156232078337,0.15163089043900715,1.8691413097750924e-14,0.7581957776375411,True,True
t41a,3,C3 (Western Residual),2.2,5.203948075634588,2.151694044115742,0.146696330206548,2.1621116789169834e-14,0.7574772699277864,True,True
t41a,3,C3 (Western Residual),2.3,5.237908580341395,2.094925899719703,0.1420161347100021,2.5175874187422453e-14,0.7567239225432654,True,True
t41a,3,C3 (Western Residual),2.4,5.269097047006749,2.0422982043433127,0.13757653269515377,2.944555457553021e-14,0.7559462143744222,True,True
t41a,3,C3 (Western Residual),2.5,5.297786386443796,1.9934384588317964,0.1333639107993155,3.453217486758156e-14,0.7551526587126878,True,True
t41a,3,C3 (Western Residual),2.6,5.3242196316980595,1.9480110243982818,0.12936502205247158,4.054961367347346e-14,0.754350154534448,True,True
t41a,3,C3 (Western Residual),2.7,5.348613280027463,1.9057136197753568,0.1255671227080833,4.762335689264267e-14,0.7535442750102963,True,True
t41a,3,C3 (Western Residual),2.8,5.3711603113656565,1.8662740210215927,0.12195805670989411,5.589021310177678e-14,0.7527395043391125,True,True
t41a,3,C3 (Western Residual),2.9,5.392032891000096,1.8294470051871703,0.11852630224895132,6.549796304990943e-14,0.7519394321566114,True,True
t41a,3,C3 (Western Residual),3.0,5.41138477445582,1.7950115540137124,0.11526099119153646,7.660492421370995e-14,0.7511469131686028,True,True
t41a,3,C3 (Western Residual),3.1,5.429353437880035,1.762768317861633,0.11215190938797873,8.937942243611584e-14,0.7503641983034268,True,True
t41a,3,C3 (Western Residual),3.2,5.44606195935448,1.73253733025388,0.10918948378879717,1.0399917025532005e-13,0.7495930425442385,True,True
t41a,3,C3 (Western Residual),3.3,5.461620676717045,1.7041559577882537,0.10636476073169103,1.2065055679875663e-13,0.7488347936626178,True,True
t41a,3,C3 (Western Residual),3.4,5.476128646454342,1.677477067306453,0.10366937859304803,1.3952785775226583e-13,0.7480904653020786,True,True
t41a,3,C3 (Western Residual),3.5,5.489674926554924,1.6523673911502224,0.10109553712387787,1.6083237634236125e-13,0.7473607972269349,True,True
t41a,3,C3 (Western Residual),3.6,5.502339704233408,1.6287060714229251,0.09863596513893894,1.8477152776938666e-13,0.7466463050349346,True,True
t41a,3,C3 (Western Residual),3.7,5.514195287358484,1.6063833649592811,0.09628388774384142,2.1155788030213907e-13,0.7459473212106607,True,True
t41a,3,C3 (Western Residual),3.8,5.525306976378358,1.5852994918848524,0.09403299392630898,2.4140816643977985e-13,0.7452640290536026,True,True
t41a,3,C3 (Western Residual),3.9,5.535733831608938,1.5653636120205048,0.09187740507312331,2.745422772950116e-13,0.7445964907355911,True,True
t41a,3,C3 (Western Residual),4.0,5.545529348972424,1.546492914825641,0.08981164477993513,3.1118225274581587e-13,0.743944670515054,True,True
t41a,3,C3 (Western Residual),4.1,5.5547420556642315,1.5286118099968837,0.0878306101793335,3.5155127904531e-13,0.7433084539505372,True,True
t41a,3,C3 (Western Residual),4.2,5.563416035786682,1.511651207195407,0.08592954491004123,3.9587270452742975e-13,0.7426876638051731,True,True
t41a,3,C3 (Western Residual),4.3,5.571591394711765,1.4955478746408786,0.08410401377675851,4.443690828863111e-13,0.7420820732108153,True,True
t41a,3,C3 (Western Residual),4.4,5.579304669811049,1.480243867468024,0.08234987909860295,4.97261252271321e-13,0.741491416560144,True,True
t41a,3,C3 (Western Residual),4.5,5.586589194205749,1.4656860177910793,0.08066327870854402,5.547674571931087e-13,0.7409153985129311,True,True
t41a,3,C3 (Western Residual),4.6,5.593475419330783,1.4518254793629848,0.0790406055425862,6.171025189964818e-13,0.7403537014354322,True,True
t41a,3,C3 (Western Residual),4.7,5.599991201357227,1.438617320555796,0.07747848874244148,6.844770594735451e-13,0.7398059915367187,True,True
t41a,3,C3 (Western Residual),4.8,5.606162055865896,1.4260201601340097,0.07597377618679818,7.570967810572429e-13,0.7392719239204879,True,True
t41a,3,C3 (Western Residual),4.9,5.612011384600649,1.4139958409515303,0.0745235183621349,8.351618060029742e-13,0.738751146733631,True,True
t41a,3,C3 (Western Residual),5.0,5.617560677638821,1.4025091372836112,0.07312495348317244,9.188660760029628e-13,0.7382433045621345,True,True
t41a,3,C3 (Western Residual),5.1,5.622829693890332,1.391527492017214,0.07177549377436493,1.0083968128427557e-12,0.7377480411995692,True,True
t41a,3,C3 (Western Residual),5.2,5.627836622469287,1.3810207803716539,0.07047271282673687,1.1039340399309546e-12,0.737265001892469,True,True
t41a,3,C3 (Western Residual),5.3,5.632598227160612,1.370961097217073,0.06921433394819698,1.2056501639065638e-12,0.7367938351495729,True,True
t41a,3,C3 (Western Residual),5.4,5.637129975927024,1.3613225654034937,0.06799821942993023,1.3137096149391022e-12,0.736334194187528,True,True
t41a,3,C3 (Western Residual),5.5,5.641446157161129,1.352081162817981,0.06682236065620487,1.4282685438981846e-12,0.7358857380737096,True,True
t41a,3,C3 (Western Residual),5.6,5.645559984176124,1.3432145661532264,0.06568486898982252,1.5494745741598608e-12,0.7354481326168967,True,True
t41a,3,C3 (Western Residual),5.7,5.64948368924867,1.3347020096051563,0.06458396737025339,1.6774666055332124e-12,0.7350210510482629,True,True
t41a,3,C3 (Western Residual),5.8,5.6532286083669545,1.3265241569224653,0.06351798256622136,1.8123746675413556e-12,0.7346041745282595,True,True
t41a,3,C3 (Western Residual),5.9,5.656805257699451,1.3186629854109897,0.062485338028992164,1.9543198191449224e-12,0.7341971925091997,True,True
t41a,3,C3 (Western Residual),6.0,5.660223402680219,1.3111016806545694,0.06148454729692335,2.1034140918521572e-12,0.7337998029785469,True,True
t41a,3,C3 (Western Residual),6.1,5.663492120499781,1.303824540853255,0.06051420790581937,2.259760473125e-12,0.7334117126038768,True,True
t41a,3,C3 (Western Residual),6.2,5.666619856699457,1.2968168898024033,0.05957299576341333,2.4234529269769918e-12,0.7330326367971076,True,True
t41a,3,C3 (Western Residual),6.3,5.669614476487148,1.2900649976441625,0.05865965994976692,2.594576448631084e-12,0.7326622997127559,True,True
t41a,3,C3 (Western Residual),6.4,5.67248331132096,1.2835560086180378,0.05777301790861042,2.773207150221435e-12,0.7323004341926034,True,True
t41a,3,C3 (Western Residual),6.5,5.675233201245453,1.2772778751214013,0.0569119509976048,2.9594123745477975e-12,0.7319467816671558,True,True
t41a,3,C3 (Western Residual),6.6,5.677870533411697,1.2712192974648786,0.0560754003682528,3.1532508340100743e-12,0.7316010920225903,True,True
t41a,3,C3 (Western Residual),6.7,5.680401277163487,1.2653696687731975,0.05526236314867836,3.3547727719426914e-12,0.7312631234404812,True,True
t41a,3,C3 (Western Residual),6.8,5.682831016031209,1.2597190245402579,0.05447188890479486,3.564020143726439e-12,0.73093264221639,True,True
t41a,3,C3 (Western Residual),6.9,5.685164976936239,1.2542579963986231,0.05370307635747338,3.781026815176836e-12,0.7306094225624113,True,True
t41a,3,C3 (Western Residual),7.0,5.687408056877958,1.248977769709019,0.05295507033525327,4.005818775798882e-12,0.7302932463979094,True,True
t41a,3,C3 (Western Residual),7.1,5.689564847344569,1.2438700446163373,0.05222705894386156,4.238414364747734e-12,0.7299839031319725,True,True
t41a,3,C3 (Western Residual),7.2,5.691639656665177,1.2389270002544541,0.051518270935439044,4.478824507364072e-12,0.7296811894405075,True,True
t41a,3,C3 (Western Residual),7.3,5.6936365304965735,1.2341412618142065,0.050827973261784454,4.727052960398091e-12,0.7293849090403861,True,True
t41a,3,C3 (Western Residual),7.4,5.695559270618679,1.2295058702171908,0.05015546879730023,4.983096564070674e-12,0.7290948724626279,True,True
t41a,3,C3 (Western Residual),7.5,5.6974114521948,1.2250142541642728,0.049500094218487195,5.246945499429279e-12,0.728810896826247,True,True
t41a,3,C3 (Western Residual),7.6,5.699196439636915,1.2206602043492187,0.04886121802798005,5.518583549343723e-12,0.7285328056140752,True,True
t41a,3,C3 (Western Residual),7.7,5.700917401202121,1.2164378496493535,0.04823823871208203,5.797988361918654e-12,0.7282604284516299,True,True
t41a,3,C3 (Western Residual),7.8,5.70257732243377,1.2123416351223124,0.047630583021713704,6.085131714904976e-12,0.7279936008898682,True,True
t41a,3,C3 (Western Residual),7.9,5.704179018549667,1.2083663016549626,0.047037704367478825,6.3799797801655066e-12,0.7277321641924972,True,True
t41a,3,C3 (Western Residual),8.0,5.705725145869826,1.2045068671244537,0.04645908132036374,6.6824933869467e-12,0.7274759651283489,True,True
t41b,2,C2 (Dune),0.5,2.8802268159277657,2.9760391343340697,0.25284355451614554,1.5926622796644765e-13,0.7559015738817072,True,True
t41b,2,C2 (Dune),0.6,3.01435033649682,2.783559170046744,0.23932149497423738,1.0776200317728645e-13,0.7578349966078379,True,True
t41b,2,C2 (Dune),0.7,3.1314744488246733,2.611812295010991,0.22600089781084465,9.226651886521405e-14,0.7585991938093832,True,True
t41b,2,C2 (Dune),0.8,3.233184630375775,2.4597268631819027,0.21321893303018397,9.375101575183575e-14,0.7585207322053413,True,True
t41b,2,C2 (Dune),0.9,3.321295430383497,2.3255838011648464,0.20115808424426218,1.0745485041392688e-13,0.7578490685552918,True,True
t41b,2,C2 (Dune),1.0,3.3976055384249353,2.2074374091684197,0.18989945784360027,1.3367093185330687e-13,0.7567705051560454,True,True
t41b,2,C2 (Dune),1.1,3.463775777962771,2.1033522481080773,0.1794606002280202,1.7538896857924487e-13,0.7554220236829718,True,True
t41b,2,C2 (Dune),1.2,3.5212797269646066,2.011523985182739,0.16982111438632497,2.377479522356428e-13,0.7539031848307292,True,True
t41b,2,C2 (Dune),1.3,3.571394264275945,1.9303312850004861,0.1609394377718356,3.280562352440062e-13,0.752285662116128,True,True
t41b,2,C2 (Dune),1.4,3.615210225681956,1.8583489902470893,0.1527635250447039,4.560051390265148e-13,0.7506205799002021,True,True
t41b,2,C2 (Dune),1.5,3.6536518044896216,1.7943410293864672,0.14523745993357728,6.339350862218768e-13,0.7489440285875759,True,True
t41b,2,C2 (Dune),1.6,3.687498520322131,1.7372438295964778,0.13830540947870645,8.770864163395092e-13,0.7472811510710123,True,True
t41b,2,C2 (Dune),1.7,3.7174066208064054,1.686146279933639,0.1319138749231888,1.2037953473669524e-12,0.7456491451926833,True,True
t41b,2,C2 (Dune),1.8,3.743928493980099,1.6402694654363095,0.12601286977507686,1.635610466378931e-12,0.7440594594000262,True,True
t41b,2,C2 (Dune),1.9,3.767529594946783,1.5989477571543087,0.1205564353665871,2.1973157971996578e-12,0.7425193945921993,True,True
t41b,2,C2 (Dune),2.0,3.7886028637097415,1.5616119246062268,0.11550275777588832,2.9168553780465114e-12,0.7410332716440946,True,True
t41b,2,C2 (Dune),2.1,3.807480832255151,1.52777444125263,0.11081405395348001,3.825161812068427e-12,0.7396032822292642,True,True
t41b,2,C2 (Dune),2.2,3.824445704023137,1.4970169012970356,0.10645633255829054,4.955897309220811e-12,0.738230108937791,True,True
t41b,2,C2 (Dune),2.3,3.8397377038629674,1.4689793510380538,0.10239909484238108,6.345120170966099e-12,0.7369133772778383,True,True
t41b,2,C2 (Dune),2.4,3.853561978026817,1.443351297815648,0.09861501521359801,8.030892459909763e-12,0.7356519850296142,True,True
t41b,2,C2 (Dune),2.5,3.866094291476675,1.4198641584648743,0.09507962476524946,1.0052845868236777e-11,0.7344443419814077,True,True
t41b,2,C2 (Dune),2.6,3.877485734020865,1.3982849268439002,0.09177101076713534,1.2451722781634151e-11,0.7332885440681562,True,True
t41b,2,C2 (Dune),2.7,3.887866612555807,1.3784108652627038,0.088669538703862,1.5268908515249242e-11,0.7321824994138949,True,True
t41b,2,C2 (Dune),2.8,3.8973496761082327,1.3600650515641959,0.08575759952639349,1.8545968972621727e-11,0.7311240190592831,True,True
t41b,2,C2 (Dune),2.9,3.9060327941092376,1.3430926392341807,0.08301938244822174,2.232420582381986e-11,0.730110881732185,True,True
t41b,2,C2 (Dune),3.0,3.914001186302088,1.327357710927982,0.0804406722859966,2.6644238950304962e-11,0.7291408795308576,True,True
t41b,2,C2 (Dune),3.1,3.921329284479628,1.3127406257800378,0.07800866964110187,3.154562354758647e-11,0.7282118495754515,True,True
t41b,2,C2 (Dune),3.2,3.9280822913422435,1.299135777848611,0.07571183190279893,3.7066507047294724e-11,0.7273216953574098,True,True
t41b,2,C2 (Dune),3.3,3.9343174896364554,1.2864496972955592,0.07353973297124591,4.3243329008444034e-11,0.7264684005438219,True,True
t41b,2,C2 (Dune),3.4,3.9400853448943214,1.2745994377492265,0.07148293965204595,5.011056538426845e-11,0.7256500372783448,True,True
t41b,2,C2 (Dune),3.5,3.945430437126141,1.2635112030953293,0.0695329028013158,5.7700517117141286e-11,0.7248647704924005,True,True
t41b,2,C2 (Dune),3.6,3.9503922503709,1.2531191750148827,0.06768186146320637,6.604314184795796e-11,0.7241108593497254,True,True
t41b,2,C2 (Dune),3.7,3.955005843788493,1.2433645092301542,0.0659227584169963,7.516592663231622e-11,0.7233866566575076,True,True
t41b,2,C2 (Dune),3.8,3.959302423745765,1.2341944738788968,0.06424916572454592,8.509379890499346e-11,0.722690606861808,True,True
t41b,2,C2 (Dune),3.9,3.9633098329147276,1.2255617079257646,0.0626552190332725,9.584907249843607e-11,0.7220212430843136,True,True
t41b,2,C2 (Dune),4.0,3.9670529696083423,1.2174235812121916,0.061135559541063866,1.0745142526335368e-10,0.7213771835375646,True,True
t41b,2,C2 (Dune),4.1,3.9705541483021793,1.2097416407873163,0.059685282666034116,1.1991790473092888e-10,0.7207571275661702,True,True
t41b,2,C2 (Dune),4.2,3.973833410432222,1.2024811306714929,0.05829989258565764,1.3326295826326667e-10,0.7201598514944942,True,True
t41b,2,C2 (Dune),4.3,3.9769087930354337,1.1956105742771215,0.056975261917160326,1.4749848423743585e-10,0.7195842044111462,True,True
t41b,2,C2 (Dune),4.4,3.9797965615507134,1.1891014104283761,0.05570759590521847,1.626339009719494e-10,0.7190291039831258,True,True
t41b,2,C2 (Dune),4.5,3.9825114120673692,1.1829276753455957,0.05449340056522067,1.7867623031485067e-10,0.7184935323644827,True,True
t41b,2,C2 (Dune),4.6,3.9850666474616343,1.1770657241449374,0.053329454301880685,1.9563019305345453e-10,0.7179765322435118,True,True
t41b,2,C2 (Dune),4.7,3.987474331155931,1.1714939863910931,0.052212782585116205,2.1349831356047725e-10,0.7174772030570402,True,True
t41b,2,C2 (Dune),4.8,3.9897454216549773,1.1661927510659154,0.051140635318970507,2.3228103135513997e-10,0.7169946973889503,True,True
t41b,2,C2 (Dune),4.9,3.991889890526725,1.161143977006232,0.05011046658603592,2.519768175145847e-10,0.7165282175617258,True,True
t41b,2,C2 (Dune),5.0,3.9939168260908016,1.1563311254444244,0.04911991649024693,2.725822941261654e-10,0.7160770124237467,True,True
t41b,2,C2 (Dune),5.1,3.9958345247404212,1.15173901177284,0.04816679485595265,2.9409235520342864e-10,0.7156403743307291,True,True
t41b,2,C2 (Dune),5.2,3.997650571537995,1.1473536740648105,0.04724906657150636,3.1650028771877545e-10,0.7152176363166762,True,True
t41b,2,C2 (Dune),5.3,3.9993719114875876,1.1431622562325705,0.04636483839192762,3.3979789160425007e-10,0.714808169447644,True,True
t41b,2,C2 (Dune),5.4,4.001004912685572,1.13915290399766,0.045512347038014225,3.63975597765322e-10,0.7144113803502965,True,True
t41b,2,C2 (Dune),5.5,4.002555422381025,1.1353146720990073,0.0446899484491163,3.8902258331693525e-10,0.7140267089064214,True,True
t41b,2,C2 (Dune),5.6,4.004028816833994,1.1316374413773693,0.04389610806401388,4.1492688340726044e-10,0.7136536261041798,True,True
t41b,2,C2 (Dune),5.7,4.005430045737035,1.128111844556439,0.043129392019336424,4.4167549912313544e-10,0.7132916320367446,True,True
t41b,2,C2 (Dune),5.8,4.0067636718624815,1.1247291996963014,0.0423884591680492,4.692545010944372e-10,0.712940254039073,True,True
t41b,2,C2 (Dune),5.9,4.008033906507671,1.121481450428106,0.04167205383190718,4.97649128516628e-10,0.7125990449537914,True,True
t41b,2,C2 (Dune),6.0,4.009244641237008,1.1183611121927797,0.04097899921177227,5.268438833934752e-10,0.7122675815175057,True,True
t41b,2,C2 (Dune),6.1,4.010399476352458,1.1153612238054598,0.040308191388378045,5.568226198871053e-10,0.7119454628592372,True,True
t41b,2,C2 (Dune),6.2,4.011501746470262,1.1124753037517778,0.03965859385376362,5.875686287219655e-10,0.7116323091031285,True,True
t41b,2,C2 (Dune),6.3,4.012554543532364,1.1096973106953123,0.03902923252030073,6.190647166444463e-10,0.7113277600679999,True,True
t41b,2,C2 (Dune),6.4,4.013560737541558,1.1070216077390278,0.03841919116010597,6.512932809856782e-10,0.7110314740568076,True,True
t41b,2,C2 (Dune),6.5,4.0145229952712445,1.104442930038526,0.03782760723280701,6.84236379410901e-10,0.7107431267294926,True,True
t41b,2,C2 (Dune),6.6,4.015443797172671,1.1019563554124052,0.03725366806418107,7.178757949728361e-10,0.7104624100531571,True,True
t41b,2,C2 (Dune),6.7,4.0163254526732235,1.0995572776369735,0.03669660734219969,7.521930966045587e-10,0.7101890313239216,True,True
t41b,2,C2 (Dune),6.8,4.017170114038027,1.0972413821484104,0.03615570190056089,7.871696952107065e-10,0.7099227122552193,True,True
t41b,2,C2 (Dune),6.9,4.017979788945832,1.095004623907252,0.035630268762924605,8.227868955245447e-10,0.7096631881276675,True,True
t41b,2,C2 (Dune),7.0,4.018756351913508,1.0928432072080632,0.03511966242384075,8.590259439174526e-10,0.7094102069960094,True,True
t41b,2,C2 (Dune),7.1,4.019501554686543,1.090753567240681,0.034623272344819295,8.958680723406166e-10,0.7091635289489597,True,True
t41b,2,C2 (Dune),7.2,4.02021703570102,1.0887323532316078,0.03414052064618648,9.332945385937325e-10,0.7089229254180949,True,True
t41b,2,C2 (Dune),7.3,4.020904328710779,1.0867764130122204,0.03367085997729806,9.712866631127945e-10,0.7086881785322292,True,True
t41b,2,C2 (Dune),7.4,4.021564870661278,1.0848827788770954,0.033213771549421636,1.0098258624654647e-09,0.7084590805139783,True,True
t41b,2,C2 (Dune),7.5,4.022200008885272,1.083048654610495,0.032768763317130536,1.0488936797438134e-09,0.7082354331154708,True,True
t41b,2,C2 (Dune),7.6,4.022811007684835,1.0812714035717925,0.03233536829543751,1.0884718120394128e-09,0.708017047090397,True,True
t41b,2,C2 (Dune),7.7,4.023399054359538,1.0795485377417133,0.03191314300110964,1.1285421351828477e-09,0.707803741699798,True,True
t41b,2,C2 (Dune),7.8,4.023965264732476,1.0778777076418053,0.031501666007718795,1.169086725915505e-09,0.7075953442491996,True,True
t41b,2,C2 (Dune),7.9,4.024510688221185,1.0762566930482496,0.03110053660495313,1.210087881672861e-09,0.707391689654874,True,True
t41b,2,C2 (Dune),8.0,4.025036312496023,1.0746833944289018,0.030709373553602613,1.2515281381300504e-09,0.7071926200371832,True,True
t41c,2,C2 (Dune),0.5,3.026963467615091,3.2976176080200954,0.254440446309269,2.367260711963637e-15,0.797417249843708,True,True
t41c,2,C2 (Dune),0.6,3.1683994197221192,3.0988566689267705,0.2428593601810207,9.961194587026975e-16,0.8009635246232005,True,True
t41c,2,C2 (Dune),0.7,3.294079759437116,2.918187619806022,0.23102158729016334,5.791459547606655e-16,0.8031542252057828,True,True
t41c,2,C2 (Dune),0.8,3.4048870135051654,2.7556339031566517,0.2193375371282914,4.338719229921939e-16,0.8043112101788487,True,True
t41c,2,C2 (Dune),0.9,3.5021509389910013,2.6102825966781653,0.20806340446511623,3.9413635662247186e-16,0.8046945277121116,True,True
t41c,2,C2 (Dune),1.0,3.5873581856415875,2.480748426872847,0.1973463327884578,4.129619997305381e-16,0.804508418577867,True,True
t41c,2,C2 (Dune),1.1,3.6619840138332274,2.3654657982858494,0.1872594083244736,4.796326187802656e-16,0.8039102706939335,True,True
t41c,2,C2 (Dune),1.2,3.7274041160605247,2.262860697039207,0.17782720903109084,5.988458026590666e-16,0.8030197899967291,True,True
t41c,2,C2 (Dune),1.3,3.7848556394582085,2.1714440477305583,0.16904373289325864,7.852778251410788e-16,0.8019271743792385,True,True
t41c,2,C2 (Dune),1.4,3.8354266471606664,2.0898562612843588,0.16088461959904427,1.0628750329983299e-15,0.8006999030213187,True,True
t41c,2,C2 (Dune),1.5,3.880060894654023,2.0168828489928736,0.1533152872551128,1.4659415897064436e-15,0.7993881517607041,True,True
t41c,2,C2 (Dune),1.6,3.9195700105126305,1.9514537856162026,0.14629623004748382,2.0410638426342702e-15,0.7980290076102543,True,True
t41c,2,C2 (Dune),1.7,3.9546485215152254,1.8926344256648573,0.13978638341918656,2.849474972848463e-15,0.7966496991867322,True,True
t41c,2,C2 (Dune),1.8,3.9858892267324926,1.8396126152822336,0.1337451948525611,3.969635680789143e-15,0.7952700498385857,True,True
t41c,2,C2 (Dune),1.9,4.0137976544318965,1.7916846582977812,0.12813383976700654,5.499860902196775e-15,0.7939043302733639,True,True
t41c,2,C2 (Dune),2.0,4.038805043500386,1.7482415822169455,0.12291588079495694,7.560842497234648e-15,0.7925626535139288,True,True
t41c,2,C2 (Dune),2.1,4.0612796829443845,1.7087564264831423,0.11805757062848539,1.0297931436164607e-14,0.7912520238628549,True,True
t41c,2,C2 (Dune),2.2,4.08153664812237,1.6727728555829415,0.11352793159188429,1.3883059481550264e-14,0.7899771254967451,True,True
t41c,2,C2 (Dune),2.3,4.099846069854802,1.6398951647438018,0.10929869974897158,1.8516201886357195e-14,0.7887409155542319,True,True
t41c,2,C2 (Dune),2.4,4.1164401099112675,1.6097796217713858,0.10534419090624625,2.442630839215878e-14,0.7875450705100685,True,True
t41c,2,C2 (Dune),2.5,4.131518821547747,1.5821270291964407,0.10164112554621119,3.1871657877515724e-14,0.7863903223979014,True,True
t41c,2,C2 (Dune),2.6,4.145255062890466,1.556676368508958,0.09816843622430746,4.113962017873257e-14,0.7852767122347425,True,True
t41c,2,C2 (Dune),2.7,4.15779861312507,1.5331993861484041,0.09490707204362887,5.254583491600666e-14,0.7842037811072714,True,True
t41c,2,C2 (Dune),2.8,4.169279621603526,1.5114959892283066,0.09183980896693167,6.643284010483938e-14,0.7831707142376425,True,True
t41c,2,C2 (Dune),2.9,4.179811500675095,1.4913903319885224,0.08895107091506524,8.316820195107815e-14,0.7821764495146186,True,True
t41c,2,C2 (Dune),3.0,4.189493355478357,1.4727274884771702,0.08622676415023367,1.031422110787238e-13,0.7812197591201262,True,True
t41c,2,C2 (Dune),3.1,4.198412028539339,1.4553706212390631,0.08365412589326304,1.267652195156127e-13,0.7802993107506652,True,True
t41c,2,C2 (Dune),3.2,4.2066438238499515,1.4391985689738527,0.08122158716966704,1.544646973953919e-13,0.7794137133404778,True,True
t41c,2,C2 (Dune),3.3,4.214255964002681,1.4241037878676694,0.07891864931506376,1.866820890787796e-13,0.7785615510003747,True,True
t41c,2,C2 (Dune),3.4,4.221307824697396,1.4099905915170465,0.0767357732597963,2.238695459258877e-13,0.7777414079901348,True,True
t41c,2,C2 (Dune),3.5,4.227851983259335,1.3967736431177382,0.07466428056450697,2.6648660798519523e-13,0.7769518868676488,True,True
t41c,2,C2 (Dune),3.6,4.233935111471382,1.384376661018039,0.07269626513254548,3.1499690010186554e-13,0.7761916214483918,True,True
t41c,2,C2 (Dune),3.7,4.239598737803874,1.3727313049942877,0.07082451454164118,3.6986490002413183e-13,0.7754592858228859,True,True
t41c,2,C2 (Dune),3.8,4.244879899834309,1.3617762158569293,0.06904243999005952,4.315528275547157e-13,0.7747536003867005,True,True
t41c,2,C2 (Dune),3.9,4.249811704117873,1.3514561853876943,0.06734401392455225,5.005176951118497e-13,0.7740733356143253,True,True
t41c,2,C2 (Dune),4.0,4.254423807866807,1.3417214372774569,0.06572371449795648,5.772085515838012e-13,0.7734173141378193,True,True
t41c,2,C2 (Dune),4.1,4.258742834406567,1.3325270027969465,0.06417647608652315,6.620639433529733e-13,0.7727844115606888,True,True
t41c,2,C2 (Dune),4.2,4.262792732404135,1.3238321774885975,0.06269764517686155,7.555096090161965e-13,0.7721735563373789,True,True
t41c,2,C2 (Dune),4.3,4.266595087238155,1.3156000473024778,0.06128294100749426,8.579564177375564e-13,0.7715837289718346,True,True
t41c,2,C2 (Dune),4.4,4.270169391533057,1.3077970743839797,0.059928420419181574,9.69798555430706e-13,0.7710139607293517,True,True
t41c,2,C2 (Dune),4.5,4.273533280764514,1.3003927342135972,0.05863044643102544,1.0914119580318902e-12,0.7704633320102432,True,True
t41c,2,C2 (Dune),4.6,4.276702738916173,1.2933591970510196,0.057385660115815126,1.2231529870512981e-12,0.7699309704985702,True,True
t41c,2,C2 (Dune),4.7,4.2796922783974685,1.2866710476859562,0.056190955398464894,1.365357339256431e-12,0.7694160491719056,True,True
t41c,2,C2 (Dune),4.8,4.282515097787556,1.280305038381221,0.05504345644608419,1.5183391797427827e-12,0.7689177842370265,True,True
t41c,2,C2 (Dune),4.9,4.285183220433566,1.2742398706377958,0.05394049735772787,1.6823904856726574e-12,0.7684354330401055,True,True
t41c,2,C2 (Dune),5.0,4.287707616480448,1.2684560020393398,0.052879603896671915,1.857780586574854e-12,0.7679682919873824,True,True
t41c,2,C2 (Dune),5.1,4.290098310530961,1.262935474964811,0.05185847703867533,2.044755886196951e-12,0.7675156945025531,True,True
t41c,2,C2 (Dune),5.2,4.292364476815257,1.2576617644073531,0.05087497813656906,2.243539750389142e-12,0.7670770090396175,True,True
t41c,2,C2 (Dune),5.3,4.29451452348205,1.252619642520124,0.049927115525096016,2.4543325454005203e-12,0.7666516371641587,True,True
t41c,2,C2 (Dune),5.4,4.296556167394088,1.2477950578341548,0.04901303241061976,2.6773118110767815e-12,0.7662390117116085,True,True
t41c,2,C2 (Dune),5.5,4.298496500619372,1.2431750273707993,0.048130995908448784,2.912632553860312e-12,0.7658385950276896,True,True
t41c,2,C2 (Dune),5.6,4.3003420496452005,1.2387475401075971,0.04727938710644554,3.160427645025572e-12,0.765449877293676,True,True
t41c,2,C2 (Dune),5.7,4.3020988282030075,1.2345014704590558,0.04645669204754105,3.420808310293873e-12,0.7650723749372019,True,True
t41c,2,C2 (Dune),5.8,4.303772384473158,1.2304265006073845,0.04566149353602814,3.6938646977161265e-12,0.7647056291279303,True,True
t41c,2,C2 (Dune),5.9,4.305367843336523,1.2265130506677175,0.04489246368327168,3.979666511645633e-12,0.7643492043563637,True,True
t41c,2,C2 (Dune),6.0,4.306889944253739,1.222752215800273,0.044148357117934564,4.278263701387008e-12,0.7640026870933394,True,True
t41c,2,C2 (Dune),6.1,4.308343075277721,1.219135709493404,0.04342800479413646,4.589687194138663e-12,0.7636656845272483,True,True
t41c,2,C2 (Dune),6.2,4.309731303639998,1.2156558123367687,0.042730308338292874,4.91394966267166e-12,0.7633378233756825,True,True
t41c,2,C2 (Dune),6.3,4.311058403297633,1.2123053256866156,0.0420542348818493,5.251046319044552e-12,0.7630187487680259,True,True
t41c,2,C2 (Dune),6.4,4.312327879777911,1.2090775296978444,0.04139881233280908,5.600955726590234e-12,0.7627081231954054,True,True
t41c,2,C2 (Dune),6.5,4.31354299261834,1.2059661452590036,0.040763125044006907,5.963640623182039e-12,0.7624056255244045,True,True
t41c,2,C2 (Dune),6.6,4.314706775661474,1.2029652994216242,0.04014630984050945,6.3390487495500834e-12,0.7621109500709813,True,True
t41c,2,C2 (Dune),6.7,4.3158220554355715,1.2000694939621124,0.039547552372493765,6.727113677150968e-12,0.7618238057311133,True,True
t41c,2,C2 (Dune),6.8,4.316891467822126,1.1972735767561493,0.038966083763414885,7.127755630827027e-12,0.7615439151648077,True,True
t41c,2,C2 (Dune),6.9,4.317917473190098,1.1945727156818553,0.0384011775263928,7.540882302077722e-12,0.761271014030235,True,True
t41c,2,C2 (Dune),7.0,4.3189023701550955,1.1919623747992476,0.037852146724503585,7.966389649280055e-12,0.7610048502649023,True,True
t41c,2,C2 (Dune),7.1,4.319848308102571,1.1894382925821474,0.037318341353080355,8.404162681975977e-12,0.760745183410922,True,True
t41c,2,C2 (Dune),7.2,4.320757298601188,1.1869964620025057,0.036799145924348964,8.854076226434401e-12,0.7604917839815915,True,True
t41c,2,C2 (Dune),7.3,4.321631225815419,1.1846331122890885,0.03629397723662135,9.31599567059783e-12,0.7602444328666546,True,True
t41c,2,C2 (Dune),7.4,4.32247185601653,1.1823446922012772,0.035802282312042244,9.789777686460537e-12,0.7600029207737623,True,True
t41c,2,C2 (Dune),7.5,4.32328084627996,1.180127854675825,0.035323536488395535,1.0275270928736606e-11,0.759767047703807,True,True
t41c,2,C2 (Dune),7.6,4.324059752446099,1.1779794427188193,0.03485724165189896,1.0772316708561041e-11,0.7595366224579408,True,True
t41c,2,C2 (Dune),7.7,4.324810036415826,1.1758964764287883,0.034402924599114176,1.1280749641641421e-11,0.7593114621742276,True,True
t41c,2,C2 (Dune),7.8,4.325533072843081,1.173876141048014,0.03396013551724773,1.1800398270173124e-11,0.7590913918920131,True,True
t41c,2,C2 (Dune),7.9,4.326230155279271,1.171915775949908,0.03352844657308793,1.2331085658407096e-11,0.7588762441422173,True,True
t41c,2,C2 (Dune),8.0,4.3269025018221585,1.1700128644795544,0.03310745060173061,1.2872629961609705e-11,0.7586658585618731,True,True
t41d,2,C2 (Dune),0.5,2.5326904767831966,3.625150675967687,0.2888866634225849,2.7401609121115392e-14,0.7738079719261737,True,True
t41d,2,C2 (Dune),0.6,2.71144918721723,3.3810819329735904,0.27571193374744957,1.0208664581498532e-14,0.778313817412448,True,True
t41d,2,C2 (Dune),0.7,2.871521706965744,3.156510532441439,0.2613723488370851,5.9781786386411215e-15,0.7807191275447878,True,True
t41d,2,C2 (Dune),0.8,3.012413656756307,2.954142654675608,0.24676262925725306,4.949690292529177e-15,0.7815616252727268,True,True
t41d,2,C2 (Dune),0.9,3.135114818989999,2.7741608056401397,0.23245798733507286,5.27047198908736e-15,0.7812817485075151,True,True
t41d,2,C2 (Dune),1.0,3.2413385442245755,2.615329766684588,0.21879869404086452,6.68079790167504e-15,0.780221754239915,True,True
t41d,2,C2 (Dune),1.1,3.333047529873723,2.475735354589882,0.20596360071183376,9.500430689266865e-15,0.7786384903081102,True,True
t41d,2,C2 (Dune),1.2,3.412186899879522,2.353235296861122,0.19402633485381499,1.450786463554804e-14,0.7767200798906407,True,True
t41d,2,C2 (Dune),1.3,3.48055098588475,2.24571224416979,0.1829951713557726,2.3058715285115753e-14,0.7746018282643197,True,True
t41d,2,C2 (Dune),1.4,3.5397294960183023,2.151201633215729,0.1728399717944361,3.7322767292861726e-14,0.7723795915422608,True,True
t41d,2,C2 (Dune),1.5,3.5910974202857098,2.0679452557585902,0.16350974032558496,6.061381530916839e-14,0.770120299132903,True,True
t41d,2,C2 (Dune),1.6,3.6358269561296614,1.9944033060651112,0.15494371575596694,9.780151808946956e-14,0.7678699280881985,True,True
t41d,2,C2 (Dune),1.7,3.6749089694063093,1.9292448873504484,0.1470781599166156,1.5579113495272594e-13,0.7656594095083854,True,True
t41d,2,C2 (Dune),1.8,3.7091772051256005,1.871328627191608,0.13985035031260196,2.4404930744739635e-13,0.7635089420317491,True,True
t41d,2,C2 (Dune),1.9,3.7393318108920197,1.8196799000392505,0.1332007932120472,3.751467996998331e-13,0.761431114780256,True,True
t41d,2,C2 (Dune),2.0,3.7659606233079304,1.77346808580119,0.12707432622113143,5.652845564185072e-13,0.7594331563591318,True,True
t41d,2,C2 (Dune),2.1,3.7895576860210802,1.7319855225920202,0.12142054360253093,8.347685394711213e-13,0.7575185491461252,True,True
t41d,2,C2 (Dune),2.2,3.8105389870630377,1.694628823527245,0.11619382118125253,1.2084015959611443e-12,0.755688185440291,True,True
t41d,2,C2 (Dune),2.3,3.829255643785878,1.6608826990658896,0.11135311552321313,1.7157664547285711e-12,0.7539411939895453,True,True
t41d,2,C2 (Dune),2.4,3.8460048546144368,1.6303061619494443,0.10686164607421605,2.3913818182825027e-12,0.7522755296964662,True,True
t41d,2,C2 (Dune),2.5,3.861038950942177,1.602520874942267,0.10268652667508754,3.274722273367407e-12,0.7506883932265689,True,True
t41d,2,C2 (Dune),2.6,3.8745728602121012,1.577201364548358,0.09879838600639511,4.410101346719901e-12,0.7491765284091594,True,True
t41d,2,C2 (Dune),2.7,3.886790254284335,1.5540668278238265,0.0951709995931368,5.8464246772970154e-12,0.7477364317963523,True,True
t41d,2,C2 (Dune),2.8,3.897848616821502,1.5328742825247028,0.0917809454539826,7.636826442079215e-12,0.7463644990608631,True,True
t41d,2,C2 (Dune),2.9,3.9078834250406076,1.5134128412224892,0.08860728900633713,9.838206615590226e-12,0.7450571259826952,True,True
t41d,2,C2 (Dune),3.0,3.917011607065414,1.4954989214509342,0.08563129895255213,1.2510689348240184e-11,0.7438107768122788,True,True
t41d,2,C2 (Dune),3.1,3.9253344069258116,1.4789722333766793,0.08283619361969283,1.5717023866116798e-11,0.7426220292387162,True,True
t41d,2,C2 (Dune),3.2,3.9329397648459965,1.46369241263676,0.0802069159937315,1.9521949076651643e-11,0.7414876026342299,True,True
t41d,2,C2 (Dune),3.3,3.939904300351423,1.4495361885141702,0.07772993508800426,2.3991541807862685e-11,0.740404374403508,True,True
t41d,2,C2 (Dune),3.4,3.9462949693032146,1.4363949966613219,0.07539307106614626,2.9192566616615894e-11,0.7393693879361052,True,True
t41d,2,C2 (Dune),3.5,3.952170452634199,1.4241729614703895,0.07318534154400369,3.51918426496931e-11,0.7383798546967276,True,True
t41d,2,C2 (Dune),3.6,3.9575823237711543,1.4127851863456309,0.07109682662397879,4.2055640368550954e-11,0.7374331522891573,True,True
t41d,2,C2 (Dune),3.7,3.962576033008977,1.4021563009702458,0.06911855040749583,4.9849118242853e-11,0.7365268198211363,True,True
t41d,2,C2 (Dune),3.8,3.967191740062078,1.3922192235614088,0.06724237694919276,5.863580692188611e-11,0.7356585515271277,True,True
t41d,2,C2 (Dune),3.9,3.9714650203298207,1.3829141034058812,0.0654609188378697,6.847714600324166e-11,0.7348261893356303,True,True
t41d,2,C2 (Dune),4.0,3.9754274658102022,1.3741874149515043,0.06376745680148203,7.943207639722812e-11,0.7340277148704216,True,True
t41d,2,C2 (Dune),4.1,3.9791071978691335,1.365991179634209,0.06215586893003542,9.155668946224542e-11,0.733261241231006,True,True
t41d,2,C2 (Dune),4.2,3.9825293060464935,1.3582822956454295,0.06062056828821003,1.0490393256732393e-10,0.7325250047924028,True,True
t41d,2,C2 (Dune),4.3,3.9857162246181224,1.3510219591517387,0.05915644784820914,1.1952336951714225e-10,0.731817357187786,True,True
t41d,2,C2 (Dune),4.4,3.9886880566262137,1.3441751632000747,0.05775883181336315,1.354609933260433e-10,0.7311367575818226,True,True
t41d,2,C2 (Dune),4.5,3.9914628534501846,1.3377102627864934,0.05642343252563674,1.5275908812810891e-10,0.7304817653022964,True,True
t41d,2,C2 (Dune),4.6,3.994056856644094,1.33159859642041,0.05514631225702222,1.714561365258979e-10,0.7298510328686556,True,True
t41d,2,C2 (Dune),4.7,3.99648470766345,1.3258141560518646,0.05392384927755427,1.9158676837988104e-10,0.7292432994355228,True,True
t41d,2,C2 (Dune),4.8,3.9987596301920885,1.3203332985037415,0.05275270767297399,2.131817468939433e-10,0.7286573846547074,True,True
t41d,2,C2 (Dune),4.9,4.000893589028692,1.31513449261112,0.05162981045450178,2.362679878284555e-10,0.7280921829492693,True,True
t41d,2,C2 (Dune),5.0,4.0028974288685735,1.3101980971538527,0.050552315563142755,2.608686077461744e-10,0.7275466581864656,True,True
t41d,2,C2 (Dune),5.1,4.004780995799497,1.3055061654077234,0.04951759442271333,2.870029973458364e-10,0.727019838732097,True,True
t41d,2,C2 (Dune),5.2,4.006553243897978,1.301042272758558,0.0485232127404784,3.146869161419742e-10,0.7265108128661801,True,True
t41d,2,C2 (Dune),5.3,4.008222328953879,1.2967913643440079,0.0475669132928933,3.439326049868131e-10,0.7260187245385364,True,True
t41d,2,C2 (Dune),5.4,4.009795691048234,1.2927396201254813,0.046646600467290994,3.747489132006711e-10,0.7255427694424252,True,True
t41d,2,C2 (Dune),5.5,4.011280127457764,1.288874335162635,0.04576032635921766,4.0714143734827424e-10,0.7250821913845108,True,True
t41d,2,C2 (Dune),5.6,4.0126818571444325,1.285183813175093,0.04490627825007322,4.4111266898485515e-10,0.7246362789300311,True,True
t41d,2,C2 (Dune),5.7,4.0140065779115695,1.2816572717416637,0.0440827673113683,4.766621489669531e-10,0.7242043623028898,True,True
t41d,2,C2 (Dune),5.8,4.0152595171533045,1.278284757712266,0.04328821840066281,5.13786626197272e-10,0.7237858105214192,True,True
t41d,2,C2 (Dune),5.9,4.01644547699746,1.2750570716001333,0.04252116083056665,5.524802189256863e-10,0.723380028751688,True,True
t41d,2,C2 (Dune),6.0,4.017568874531548,1.2719656998852646,0.04178022000636295,5.927345769684693e-10,0.7229864558613819,True,True
t41d,2,C2 (Dune),6.1,4.018633777708457,1.2690027543006437,0.04106410984015185,6.345390434350171e-10,0.7226045621584583,True,True
t41d,2,C2 (Dune),6.2,4.019643937449123,1.266160917292904,0.04037162586019545,6.778808147583086e-10,0.7222338472999115,True,True
t41d,2,C2 (Dune),6.3,4.0206028163916105,1.2634333929520554,0.039701638943540916,7.227450980057161e-10,0.7218738383570928,True,True
t41d,2,C2 (Dune),6.4,4.021513614676969,1.2608138627942773,0.039053089608225594,7.691152646306109e-10,0.7215240880250656,True,True
t41d,2,C2 (Dune),6.5,4.0223792931131035,1.2582964458581112,0.03842498280856206,8.169729999696372e-10,0.7211841729644748,True,True
t41d,2,C2 (Dune),6.6,4.023202594013893,1.2558756626408196,0.03781638318333526,8.662984479322204e-10,0.7208536922653301,True,True
t41d,2,C2 (Dune),6.7,4.023986059974778,1.2535464024589986,0.03722641071227499,9.170703504364222e-10,0.7205322660229649,True,True
t41d,2,C2 (Dune),6.8,4.024732050811972,1.251303893867643,0.036654236741045135,9.692661812889958e-10,0.7202195340172317,True,True
t41d,2,C2 (Dune),6.9,4.025442758867123,1.2491436778145846,0.03609908033930381,1.0228622742475647e-09,0.7199151544867357,True,True
t41d,2,C2 (Dune),7.0,4.026120222853213,1.2470615832455398,0.03556020496015995,1.077833945135366e-09,0.7196188029905883,True,True
t41d,2,C2 (Dune),7.1,4.0267663403966605,1.2450537049075965,0.035036915372710545,1.134155607913399e-09,0.719330171350788,True,True
t41d,2,C2 (Dune),7.2,4.027382879413914,1.2431163831275676,0.03452855484229515,1.191800884695763e-09,0.7190489666689114,True,True
t41d,2,C2 (Dune),7.3,4.027971488442872,1.2412461853671846,0.034034502535734854,1.250742709728073e-09,0.7187749104113228,True,True
t41d,2,C2 (Dune),7.4,4.028533706036936,1.2394398893789353,0.03355417113113242,1.3109534274134648e-09,0.7185077375575978,True,True
t41d,2,C2 (Dune),7.5,4.029070969316945,1.2376944678055,0.033087004613894716,1.3724048844754478e-09,0.7182471958072902,True,True
t41d,2,C2 (Dune),7.6,4.029584621764847,1.2360070740835334,0.03263247624245007,1.435068516413677e-09,0.7179930448405842,True,True
t41d,2,C2 (Dune),7.7,4.030075920335278,1.2343750295264446,0.03219008666879172,1.4989154283888732e-09,0.7177450556287358,True,True
t41d,2,C2 (Dune),7.8,4.0305460419514585,1.2327958114752389,0.03175936220041281,1.5639164707337817e-09,0.7175030097905464,True,True
t41d,2,C2 (Dune),7.9,4.030996089444841,1.231267042417267,0.03133985319151032,1.6300423092710802e-09,0.7172666989914249,True,True
t41d,2,C2 (Dune),8.0,4.0314270969920525,1.2297864799835936,0.030931132552498047,1.6972634906377753e-09,0.7170359243818668,True,True
d43,2,C2 (Dune),0.5,2.9483645749176093,4.072579253287128,0.24025471412893834,1.8135421537165695e-14,0.823051168619461,True,True
d43,2,C2 (Dune),0.6,3.1019479542076533,3.878312965609775,0.23561082382121357,1.9173423107522756e-15,0.8309748969107651,True,True
d43,2,C2 (Dune),0.7,3.2473523590914333,3.689461387859352,0.2291982899209336,3.0301565499031376e-16,0.8372205244690145,True,True
d43,2,C2 (Dune),0.8,3.382288997871866,3.5102758449899953,0.2216408198070341,7.008231488164472e-17,0.8420154739810382,True,True
d43,2,C2 (Dune),0.9,3.505751800897747,3.3431496533273637,0.21342704962601428,2.283892319078425e-17,0.8455933517063859,True,True
d43,2,C2 (Dune),1.0,3.6176143143453965,3.189125999607766,0.204921912621709,1.001647873525315e-17,0.848172639112445,True,True
d43,2,C2 (Dune),1.1,3.7183043214121785,3.048334678518792,0.19638676777316824,5.637283150273941e-18,0.8499463175724514,True,True
d43,2,C2 (Dune),1.2,3.808564422354449,2.92033054173592,0.1880011977153925,3.8920556425840345e-18,0.8510785875092953,True,True
d43,2,C2 (Dune),1.3,3.8892876796174147,2.804337783922321,0.179882858337328,3.166324751206324e-18,0.8517056605964332,True,True
d43,2,C2 (Dune),1.4,3.961411420061645,2.699416787837802,0.17210398417684808,2.9320602626113357e-18,0.8519385643724346,True,True
d43,2,C2 (Dune),1.5,4.025852820836249,2.6045725875252703,0.16470436941441957,3.0024775283545423e-18,0.8518666937601547,True,True
d43,2,C2 (Dune),1.6,4.083472918568282,2.5188217883965045,0.15770120368732202,3.3205195425343665e-18,0.8515614047758102,True,True
d43,2,C2 (Dune),1.7,4.135059098343671,2.441231172035498,0.1510963292765615,3.891141093111437e-18,0.8510793030930599,True,True
d43,2,C2 (Dune),1.8,4.181319083946165,2.3709376878463964,0.14488148843443407,4.758864461561107e-18,0.8504650903404856,True,True
d43,2,C2 (Dune),1.9,4.222881734281668,2.3071566311420395,0.1390420547702551,6.001866091829985e-18,0.8497539452026683,True,True
d43,2,C2 (Dune),2.0,4.260301593354552,2.2491826167427433,0.13355964674124132,7.733128347949293e-18,0.8489734723401834,True,True
d43,2,C2 (Dune),2.1,4.294065270935507,2.196386388623957,0.12841393010432522,1.0105180152183406e-17,0.8481452748962399,True,True
d43,2,C2 (Dune),2.2,4.32459848349551,2.1482094218589474,0.12358383924293784,1.3316991138944338e-17,0.8472862114118087,True,True
d43,2,C2 (Dune),2.3,4.3522730732838335,2.1041575425598174,0.11904838636218579,1.7622321671438105e-17,0.8464093944043561,True,True
d43,2,C2 (Dune),2.4,4.377413632958387,2.0637943093218327,0.11478718111386939,2.3339100410068236e-17,0.845524980734884,True,True
d43,2,C2 (Dune),2.5,4.400303554643255,2.026734587179519,0.11078074867649525,3.085949238021486e-17,0.8446407958541243,True,True
d43,2,C2 (Dune),2.6,4.421190437302798,1.992638546290053,0.10701070904105925,4.066034417499883e-17,0.8437628263712036,True,True
d43,2,C2 (Dune),2.7,4.4402908526952585,1.9612061937714977,0.10345986196125784,5.331369470513918e-17,0.8428956086652692,True,True
d43,2,C2 (Dune),2.8,4.457794506147244,1.9321724721465356,0.10011220889042563,6.949703977956758e-17,0.842042535609382,True,True
d43,2,C2 (Dune),2.9,4.473867845762406,1.9053029142069344,0.0969529338463601,9.000304553176745e-17,0.8412060988542623,True,True
d43,2,C2 (Dune),3.0,4.488657179965798,1.8803898203091727,0.09396835847413049,1.1574842256883025e-16,0.8403880804056401,True,True
d43,2,C2 (Dune),3.1,4.502291363220554,1.8572489126263785,0.09114588184959775,1.4778170003472558e-16,0.8395897042787553,True,True
d43,2,C2 (Dune),3.2,4.5148841062680685,1.8357164168640887,0.08847391222699746,1.872896752303135e-16,0.8388117566873934,True,True
d43,2,C2 (Dune),3.3,4.5265359621233845,1.8156465222951614,0.08594179558299045,2.356023578085596e-16,0.8380546813993368,True,True
d43,2,C2 (Dune),3.4,4.537336033358896,1.7969091737226108,0.08353974416090648,2.941962752841846e-16,0.8373186554614745,True,True
d43,2,C2 (Dune),3.5,4.547363440535089,1.7793881529230007,0.08125876706832846,3.6469605606154484e-16,0.8366036493812606,True,True
d43,2,C2 (Dune),3.6,4.556688586309682,1.7629794115165558,0.07909060418342428,4.488742549793134e-16,0.8359094749788752,True,True
d43,2,C2 (Dune),3.7,4.565374244926636,1.7475896216204547,0.07702766407705552,5.486494324790782e-16,0.8352358234426188,True,True
d43,2,C2 (Dune),3.8,4.573476502507878,1.7331349148271755,0.07506296628528131,6.660825403069833e-16,0.8345822955866177,True,True
d43,2,C2 (Dune),3.9,4.581045569836458,1.7195397838880944,0.07319008801818408,8.033717030446664e-16,0.833948425891985,True,True
d43,2,C2 (Dune),4.0,4.588126486095401,1.7067361249261954,0.0714031152289909,9.62845515016688e-16,0.8333337015845834,True,True
d43,2,C2 (Dune),4.1,4.594759729264632,1.6946624010439586,0.06969659786589155,1.1469549959590254e-15,0.8327375777446356,True,True
d43,2,C2 (Dune),4.2,4.600981746520548,1.683262910852136,0.06806550906917279,1.358264366295355e-15,0.8321594892402298,True,True
d43,2,C2 (Dune),4.3,4.606825415982188,1.6724871477538499,0.06650520804511088,1.5994408142416286e-15,0.8315988601163128,True,True
d43,2,C2 (Dune),4.4,4.612320449449074,1.6622892378101126,0.06501140633615012,1.8732434327675278e-15,0.831055110943798,True,True
d43,2,C2 (Dune),4.5,4.617493744340191,1.6526274457269756,0.0635801372077352,2.1825115052734205e-15,0.8305276645327078,True,True
d43,2,C2 (Dune),4.6,4.622369691826084,1.6434637399743397,0.0622077278811352,2.5301523154576193e-15,0.8300159503332273,True,True
d43,2,C2 (Dune),4.7,4.6269704471195485,1.6347634093053025,0.060890774355520656,2.9191286499141526e-15,0.8295194077847786,True,True
d43,2,C2 (Dune),4.8,4.631316167016951,1.626494724022655,0.05962611857925487,3.352446152291136e-15,0.8290374888223182,True,True
d43,2,C2 (Dune),4.9,4.635425219049225,1.6186286362601106,0.058410827748273775,3.833140675978959e-15,0.8285696597083344,True,True
d43,2,C2 (Dune),5.0,4.639314365973339,1.6111385143346122,0.05724217552765116,4.3642657690312845e-15,0.8281154023263767,True,True
d43,2,C2 (Dune),5.1,4.64299892880798,1.6039999069000694,0.05611762501022472,4.94888041068034e-15,0.827674215045727,True,True
d43,2,C2 (Dune),5.2,4.646492931165901,1.59719033321058,0.05503481324317791,5.590037104236973e-15,0.82724561324573,True,True
d43,2,C2 (Dune),5.3,4.649809227253315,1.590689096295881,0.05399153716942918,6.290770416276313e-15,0.8268291295712873,True,True
d43,2,C2 (Dune),5.4,4.6529596155795,1.584477116276212,0.05298574084549805,7.054086037766158e-15,0.8264243139773051,True,True
d43,2,C2 (Dune),5.5,4.655954940144345,1.5785367814082925,0.05201550381113274,7.88295042873747e-15,0.8260307336087717,True,True
d43,2,C2 (Dune),5.6,4.658805180631391,1.5728518147671706,0.05107903049841733,8.780281095097415e-15,0.8256479725541683,True,True
d43,2,C2 (Dune),5.7,4.661519532931219,1.5674071547388513,0.050174640579359456,9.748937534065076e-15,0.8252756315026255,True,True
d43,2,C2 (Dune),5.8,4.664106481147696,1.5621888477305506,0.04930076016118632,1.0791712873279361e-14,0.8249133273293334,True,True
d43,2,C2 (Dune),5.9,4.666573862087111,1.5571839517067598,0.04845591374777797,1.1911326218745581e-14,0.8245606926289121,True,True
d43,2,C2 (Dune),6.0,4.668928923103496,1.5523804493323283,0.04763871689394764,1.3110415717758232e-14,0.8242173752125501,True,True
d43,2,C2 (Dune),6.1,4.671178374061986,1.547767169654,0.04684786948674445,1.4391532334595695e-14,0.82388303758155,True,True
d43,2,C2 (Dune),6.2,4.67332843408684,1.5433337173827066,0.046082149594597915,1.5757134330394623e-14,0.8235573563873376,True,True
d43,2,C2 (Dune),6.3,4.675384873676908,1.539070408951035,0.04534040783112631,1.7209582432441254e-14,0.8232400218859022,True,True
d43,2,C2 (Dune),6.4,4.6773530527006795,1.5349682146196675,0.044621562185790574,1.875113567291353e-14,0.8229307373929216,True,True
d43,2,C2 (Dune),6.5,4.679237954721739,1.531018705991217,0.04392459327835403,2.038394787339051e-14,0.8226292187444515,True,True
d43,2,C2 (Dune),6.6,4.681044218049178,1.527214008365901,0.043248539998414035,2.211006474811548e-14,0.8223351937669241,True,True
d43,2,C2 (Dune),6.7,4.682776163862773,1.5235467574373458,0.0425924954951139,2.3931421596079723e-14,0.8220484017592988,True,True
d43,2,C2 (Dune),6.8,4.684437821721172,1.5200100598851267,0.04195560348557695,2.5849841550522428e-14,0.8217685929894669,True,True
d43,2,C2 (Dune),6.9,4.686032952724894,1.5165974574699184,0.041337054853694384,2.786703435278097e-14,0.8214955282064164,True,True
d43,2,C2 (Dune),7.0,4.687565070575763,1.5133028942816185,0.040736084513644556,2.9984595616972514e-14,0.8212289781691867,True,True
d43,2,C2 (Dune),7.1,4.689037460746608,1.5101206868287989,0.04015196851500939,3.22040065512915e-14,0.8209687231932605,True,True
d43,2,C2 (Dune),7.2,4.6904531979513635,1.50704549669235,0.039584021368561276,3.45266341019192e-14,0.820714552714731,True,True
d43,2,C2 (Dune),7.3,4.691815162083834,1.5040723054957823,0.039031593573786,3.695373148604354e-14,0.8204662648723422,True,True
d43,2,C2 (Dune),7.4,4.693126052776391,1.5011963919711064,0.038494069330997444,3.948643908059948e-14,0.8202236661073129,True,True
d43,2,C2 (Dune),7.5,4.69438840271173,1.498413310922603,0.03797086442249652,4.212578563496866e-14,0.8199865707807013,True,True
d43,2,C2 (Dune),7.6,4.6956045898082515,1.495718873911546,0.03746142424867918,4.487268977628547e-14,0.8197548008079574,True,True
d43,2,C2 (Dune),7.7,4.696776848385751,1.4931091315027971,0.036965222006284715,4.772796177761832e-14,0.8195281853102254,True,True
d43,2,C2 (Dune),7.8,4.69790727940714,1.4905803569310734,0.03648175699716006,5.069230556000358e-14,0.8193065602818936,True,True
d43,2,C2 (Dune),7.9,4.69899785988169,1.4881290310585893,0.036010553056950265,5.376632090178276e-14,0.8190897682738464,True,True
d43,2,C2 (Dune),8.0,4.700050451508265,1.485751828508644,0.03555115709408871,5.695050582890052e-14,0.8188776580918417,True,True
d44,2,C2 (Dune),0.5,2.740185976559942,4.337708450764852,0.3388548640227729,1.854433561243657e-13,0.7227692938120609,True,True
d44,2,C2 (Dune),0.6,2.9557626356783433,4.048281758438655,0.3280991495459138,4.735665839509317e-14,0.7303681175279066,True,True
d44,2,C2 (Dune),0.7,3.15491778877358,3.7716028618874224,0.3151030030752525,1.8572763322235478e-14,0.7354611069326062,True,True
d44,2,C2 (Dune),0.8,3.335106442353358,3.5138931804266202,0.30091620212640957,1.0457706405674308e-14,0.7385397240734317,True,True
d44,2,C2 (Dune),0.9,3.4958370447192975,3.2780678373335834,0.28630529946020294,7.864919063702883e-15,0.7400539635775221,True,True
d44,2,C2 (Dune),1.0,3.6378823966900615,3.064806975908319,0.27179691127443506,7.385569204622166e-15,0.7403870059178769,True,True
d44,2,C2 (Dune),1.1,3.7626973563287702,2.873412067724984,0.2577312943763139,8.17319071566096e-15,0.7398501376812519,True,True
d44,2,C2 (Dune),1.2,3.872029804856253,2.7024210482863626,0.24431230034775006,1.0170164923671424e-14,0.7386882749733724,True,True
d44,2,C2 (Dune),1.3,3.967681537174675,2.5500175326252954,0.2316483242248934,1.3717288166453205e-14,0.737089810851782,True,True
d44,2,C2 (Dune),1.4,4.051373701560028,2.414285781057079,0.21978346821493247,1.9503904463298164e-14,0.735197270665271,True,True
d44,2,C2 (Dune),1.5,4.124679934878465,2.2933590141140296,0.20872014074499612,2.8635606867531965e-14,0.7331170867683069,True,True
d44,2,C2 (Dune),1.6,4.189000713293507,2.185498085383249,0.19843489154734748,4.276335212769333e-14,0.7309278612310809,True,True
d44,2,C2 (Dune),1.7,4.2455612681710875,2.0891267909927977,0.18888921296349165,6.4256910993567e-14,0.7286870294373848,True,True
d44,2,C2 (Dune),1.8,4.2954219195700745,2.002841429666745,0.1800367347574371,9.641436311815152e-14,0.7264360802428047,True,True
d44,2,C2 (Dune),1.9,4.339494099354884,1.9254059369087133,0.17182790186234917,1.4369978723737628e-13,0.7242045702426052,True,True
d44,2,C2 (Dune),2.0,4.378558186809775,1.8557396248421605,0.16421292938803483,2.1199943479385693e-13,0.7220131739177211,True,True
d44,2,C2 (Dune),2.1,4.413281048247743,1.792901748258783,0.15714359735597228,3.088846056909638e-13,0.719875983318637,True,True
d44,2,C2 (Dune),2.2,4.444232232924954,1.7360753312972514,0.15057427562242393,4.4386805659831553e-13,0.7178022333448115,True,True
d44,2,C2 (Dune),2.3,4.471898392118626,1.684551582686822,0.14446244619392318,6.286404388242096e-13,0.7157975920241679,True,True
d44,2,C2 (Dune),2.4,4.496695829259145,1.6377155588107213,0.13876890375762166,8.772740548563637e-13,0.713865123531696,True,True
d44,2,C2 (Dune),2.5,4.518981266592076,1.5950333410783033,0.13345775560455936,1.2063830087933315e-12,0.7120060059625881,True,True
d44,2,C2 (Dune),2.6,4.539060996325219,1.5560407720047018,0.12849630136849644,1.635231350605135e-12,0.710220065706886,True,True
d44,2,C2 (Dune),2.7,4.557198613140043,1.520333675967838,0.12385484537055548,2.1857837671711056e-12,0.7085061747984929,True,True
d44,2,C2 (Dune),2.8,4.573621525108173,1.4875594338448646,0.11950647574450277,2.8826964458579583e-12,0.706862545898326,True,True
d44,2,C2 (Dune),2.9,4.5885264259346865,1.4574097596572777,0.11542683205128637,3.753248662611805e-12,0.7052869507790108,True,True
d44,2,C2 (Dune),3.0,4.60208389130166,1.4296145261394115,0.1115938747965876,4.827218224216398e-12,0.7037768816111666,True,True
d44,2,C2 (Dune),3.1,4.614442240437414,1.4039364952806763,0.10798766478826813,6.13670599373862e-12,0.7023296694588139,True,True
d44,2,C2 (Dune),3.2,4.625730783240694,1.380166823779796,0.10459015669076775,7.715916287183139e-12,0.7009425707503386,True,True
d44,2,C2 (Dune),3.3,4.636062554436469,1.358121228787319,0.10138500882605612,9.600900943048542e-12,0.6996128297813955,True,True
d44,2,C2 (Dune),3.4,4.645536619729659,1.3376367145471124,0.0983574098130896,1.1829275372209515e-11,0.6983377232872805,True,True
d44,2,C2 (Dune),3.5,4.654240024769733,1.3185687746866566,0.09549392174447632,1.4439914959237055e-11,0.6971145916162024,True,True
d44,2,C2 (Dune),3.6,4.66224944578055,1.300788997565114,0.0927823390779086,1.747263988832873e-11,0.6959408599093512,True,True
d44,2,C2 (Dune),3.7,4.669632590699111,1.2841830131638294,0.09021156214143516,2.0967895893370913e-11,0.6948140518508409,True,True
d44,2,C2 (Dune),3.8,4.676449391338338,1.2686487295498574,0.08777148402914452,2.4966437663922984e-11,0.6937317979182034,True,True
d44,2,C2 (Dune),3.9,4.682753020188842,1.254094815086353,0.08545288963925142,2.950902075222023e-11,0.6926918395885953,True,True
d44,2,C2 (Dune),4.0,4.688590759771374,1.2404393894621797,0.08324736564150378,3.4636106882950316e-11,0.691692030597608,True,True
d44,2,C2 (Dune),4.1,4.694004747742932,1.2276088924301667,0.08114722022984368,4.0387586619514e-11,0.6907303360771366,True,True
d44,2,C2 (Dune),4.2,4.699032617074613,1.2155371040337615,0.0791454116028529,4.680252242661966e-11,0.6898048301942661,True,True
d44,2,C2 (Dune),4.3,4.703708047412166,1.204164294205481,0.07723548420813685,5.391891431719182e-11,0.6889136927582922,True,True
d44,2,C2 (Dune),4.4,4.70806124108163,1.1934364830610333,0.07541151188080833,6.177348950145754e-11,0.6880552051455884,True,True
d44,2,C2 (Dune),4.5,4.712119335011023,1.1833047960969418,0.0736680470967016,7.040151677687982e-11,0.6872277458029605,True,True
d44,2,C2 (Dune),4.6,4.715906758025961,1.1737249009171442,0.07200007564563293,7.98366458142637e-11,0.6864297855225121,True,True
d44,2,C2 (Dune),4.7,4.719445541471552,1.1646565141427638,0.07040297610782989,9.011077100798157e-11,0.6856598826297257,True,True
d44,2,C2 (Dune),4.8,4.722755589862603,1.1560629688629955,0.06887248358722928,1.0125391916055486e-10,0.6849166781875391,True,True
d44,2,C2 (Dune),4.9,4.725854917223412,1.1479108344175093,0.06740465721873903,1.1329415995928683e-10,0.684198891289714,True,True
d44,2,C2 (Dune),5.0,4.728759853909231,1.1401695815072022,0.06599585102313049,1.2625753796603167e-10,0.6835053144945044,True,True
d44,2,C2 (Dune),5.1,4.731485227976051,1.1328112866477094,0.06464268773344292,1.401680246723497e-10,0.682834809432855,True,True
d44,2,C2 (Dune),5.2,4.7340445245559675,1.1258103708392544,0.06334203526120354,1.550474890608732e-10,0.6821863026127659,True,True
d44,2,C2 (Dune),5.3,4.736450026185885,1.1191433680542497,0.062090985509943325,1.7091568505271097e-10,0.6815587814320796,True,True
d44,2,C2 (Dune),5.4,4.738712936606171,1.1127887197605053,0.060886835277985815,1.8779025420107808e-10,0.680951290405023,True,True
d44,2,C2 (Dune),5.5,4.740843490184678,1.1067265922216278,0.0597270690228148,2.056867420040075e-10,0.6803629276027642,True,True
d44,2,C2 (Dune),5.6,4.742851048814382,1.1009387137623183,0.05860934328598413,2.2461862624968288e-10,0.6797928413046197,True,True
d44,2,C2 (Dune),5.7,4.744744187873563,1.0954082295660106,0.057531472600916345,2.445973558688204e-10,0.6792402268539803,True,True
d44,2,C2 (Dune),5.8,4.7465307726179695,1.090119571897098,0.05649141672651841,2.656323988439263e-10,0.6787043237112926,True,True
d44,2,C2 (Dune),5.9,4.748218026186455,1.085058343917765,0.055487269067557105,2.8773129781238206e-10,0.6781844126953187,True,True
d44,2,C2 (Dune),6.0,4.74981259024189,1.0802112155078554,0.054517246158612656,3.1089973209475086e-10,0.6776798134032318,True,True
d44,2,C2 (Dune),6.1,4.751320579134029,1.0755658297007111,0.05357967810235866,3.351415849750173e-10,0.677189881799803,True,True
d44,2,C2 (Dune),6.2,4.752747628352214,1.0711107185242568,0.052672999865168754,3.6045901516332983e-10,0.6767140079658717,True,True
d44,2,C2 (Dune),6.3,4.754098937938354,1.0668352271882635,0.0517957433438478,3.868525314611233e-10,0.6762516139964131,True,True
d44,2,C2 (Dune),6.4,4.755379311442374,1.0627294456904437,0.05094653012676452,4.143210697564189e-10,0.6758021520387798,True,True
d44,2,C2 (Dune),6.5,4.756593190929928,1.0587841470268968,0.05012406488107177,4.428620715571659e-10,0.6753651024620221,True,True
d44,2,C2 (Dune),6.6,4.757744688487426,1.0549907312916875,0.04932712930505499,4.724715633686187e-10,0.6749399721486103,True,True
d44,2,C2 (Dune),6.7,4.758837614614519,1.0513411750350614,0.048554576591217376,5.03144236294424e-10,0.6745262929003004,True,True
d44,2,C2 (Dune),6.8,4.759875503847085,1.0478279853249908,0.04780532635144692,5.348735253288681e-10,0.6741236199503526,True,True
d44,2,C2 (Dune),6.9,4.760861637911148,1.044444158020726,0.047078359960754323,5.676516878670902e-10,0.6737315305747607,True,True
d44,2,C2 (Dune),7.0,4.7617990666733485,1.0411831398245566,0.04637271628057199,6.01469881039906e-10,0.673349622795612,True,True
d44,2,C2 (Dune),7.1,4.762690627121427,1.0380387937265427,0.04568748772664285,6.36318237529643e-10,0.6729775141701353,True,True
d44,2,C2 (Dune),7.2,4.76353896058181,1.0350053675010717,0.04502181665007994,6.721859395826716e-10,0.6726148406594255,True,True
d44,2,C2 (Dune),7.3,4.764346528356048,1.0320774649516766,0.04437489200336345,7.090612909860857e-10,0.6722612555712428,True,True
d44,2,C2 (Dune),7.4,4.765115625939503,1.0292500196339485,0.043745946265848906,7.46931786817097e-10,0.6719164285716712,True,True
d44,2,C2 (Dune),7.5,4.765848395964244,1.026518270816152,0.0431342526058934,7.857841808156858e-10,0.6715800447607907,True,True
d44,2,C2 (Dune),7.6,4.766546839995098,1.0238777414624698,0.04253912225893444,8.256045502695636e-10,0.671251803807863,True,True
d44,2,C2 (Dune),7.7,4.7672128292918075,1.021324218047039,0.04195990210287453,8.66378358321722e-10,0.6709314191418514,True,True
d44,2,C2 (Dune),7.8,4.767848114638448,1.0188537320271063,0.041395972413902346,9.080905136560232e-10,0.6706186171934058,True,True
d44,2,C2 (Dune),7.9,4.768454335330684,1.0164625428213743,0.04084674478749471,9.507254275215202e-10,0.670313136684714,True,True
d44,2,C2 (Dune),8.0,4.769033027401497,1.014147122155293,0.04031166021077539,9.94267068092117e-10,0.6700147279638995,True,True
