Cluster,Cluster_Label,beta_1_recharge,pvalue_beta_1,beta_2_atmospheric_draw,pvalue_beta_2,beta_3_drainage,pvalue_beta_3,R2,n,LCSC_percent,drainage_datum_m
1,C1 (Lake Edge),4.583657996630765,5.839334003058792e-67,0.9635123929387617,1.916612058820965e-05,0.08969459150487918,3.218545423867195e-35,0.7323367513178416,236,21.81663642302837,3.7
2,C2 (Dune),3.9773814290488034,3.277671812749256e-69,1.7667828896887554,9.579866325886794e-17,0.06561985669361561,8.679922452421329e-26,0.7467687691030952,247,25.142169988940474,3.7
3,C3 (Western Residual),3.5723370375201697,1.1732231862606172e-83,1.8477276375763414,7.375104613207706e-27,0.058317720341346524,1.9292813973976135e-28,0.8127892883605613,248,27.992879437103053,3.7
4,C4 (Main Forest),2.5183742397928333,4.90453047678324e-47,2.547981719800747,5.696824305085687e-31,0.020453671716039325,0.002710400697343284,0.6845137669611306,236,39.70815711974016,3.7
5,C5 (Coastal Forest),2.4119572265895135,6.754678262268267e-54,1.323820644208498,3.7946127871764036e-16,0.04520900827279262,4.4058818937034233e-16,0.6799363139894792,238,41.46010505393544,3.7
