Cluster,Cluster_Label,Block,n_wells,beta_1,beta_1_boot_lo,beta_1_boot_hi,pvalue_beta_1,beta_2,pvalue_beta_2,beta_3,pvalue_beta_3,R2,LCSC_percent,LCSC_boot_lo,LCSC_boot_hi,beta_1_frac_positive,amplitude_heterogeneous,post2018_amp_lo_m,post2018_amp_hi_m,n
1,C1 (Lake Edge),Lake Edge,7,4.58099979735894,4.25014248329554,4.934623719771425,6.629171150049928e-67,0.9625442343027788,1.9614746897068704e-05,0.08964633119495212,3.5221770013542044e-35,0.7320485027632199,21.82929587939569,20.264969667156723,23.528622957298804,1.0,False,0.854,1.234,236
2,C2 (Dune),Eastern Block,26,3.870609831640662,3.6794152609453574,4.174667130012543,4.121817399224302e-69,1.7448223732278358,4.613594273967818e-17,0.06319809591421084,3.0613195395053296e-25,0.7461715829875385,25.835722108320155,23.95400576379963,27.178232450679957,1.0,True,0.782,1.374,248
3,C3 (Western Residual),Western Block,19,3.57579752103308,3.2371094714156365,3.9094094612238615,3.345085644979645e-83,1.8059525905683458,9.158835771972589e-26,0.059571488112596084,6.470278619242987e-29,0.8099935110952188,27.96578928526946,25.579310892644923,30.891757267999015,1.0,True,0.6439999999999999,1.2800000000000002,248
4,C4 (Main Forest),Forest,9,2.5178914421465883,2.2108754853815955,2.774149049426405,6.42815956637677e-47,2.5043925999987375,3.669402239653984e-30,0.021457048920433104,0.0017002975782093213,0.6816185572226495,39.71577103210875,36.04708993642893,45.23095433861344,1.0,True,0.908,1.4940000000000002,236
5,C5 (Coastal Forest),Coastal Forest,5,2.436306466020884,2.251768676825116,2.645069755029935,9.849739385421761e-57,1.373835262961292,5.559076865831012e-18,0.04484499319276212,1.0433433409481887e-16,0.6996726668124947,41.04573927570194,37.80621813329239,44.40955504285336,1.0,False,0.5800000000000001,0.8020000000000002,238
