window,beta_1,beta_2,beta_3,R2,n,beta_1_lo,beta_1_hi,beta_2_lo,beta_2_hi,beta_3_lo,beta_3_hi
pre_2018,4.0862181446390204,1.604739458183913,0.06800433804883597,0.7146284666574432,139,3.7708887176219075,4.387193545514978,1.2259101840907196,1.8402389882778973,0.0590154089098698,0.08011206262768457
post_2018,4.720894571856493,1.1544441852032996,0.08866659801617233,0.820027210088721,95,4.268019890347766,5.230675056882525,0.8150724434759938,1.4586576250800511,0.07632240805269022,0.10282025162498051
