Cluster,Label,n_wells,beta_1_mean,beta_1_std,beta_1_min,beta_1_max,beta_2_mean,beta_2_std,beta_2_min,beta_2_max,beta_3_mean,beta_3_std,beta_3_min,beta_3_max,R2_mean,R2_std
1,C1 (Lake Edge),7,5.01759619786992,0.6959056000587319,4.310733648770537,6.267902315750871,0.6253415257562144,0.46651929958216376,-0.1993972056707111,1.3369353862416835,0.10351776957165308,0.01810570825341243,0.087681868170956,0.1351526074018555,0.7366712481622245,0.03298783649326665
2,C2 (Dune),24,4.274140836499661,0.49299240816361767,3.3621126232391134,5.458277790938735,1.6630457234087908,0.34594095851055645,1.204497471843098,2.6135050880893864,0.07296577852914439,0.015866522667651255,0.0551370180664122,0.1117989416182612,0.7248709877461735,0.059112759566686296
3,C3 (Western Residual),21,3.497876197850678,0.7828518015613528,2.320837240791674,4.82598393853691,1.7645293807531104,0.39255737006042685,1.0776325199137138,2.282280663323992,0.05786363348510415,0.023003008104503106,0.0310450602782384,0.1112035919819169,0.7349244714310854,0.059664846116458184
4,C4 (Main Forest),9,2.4817562957511323,0.42294136020218726,2.059327630038925,3.481377463956191,2.6431854656698355,0.47855416606892454,2.1667943119383386,3.723129009579993,0.0159942136798052,0.01733182059862665,-0.0164277619128858,0.0429727918544931,0.6842141401413319,0.07460716981246361
5,C5 (Coastal Forest),5,2.3139017972320595,0.2865159951029739,2.0342465626631343,2.732028587488551,1.2078965522910188,0.22522690287667596,0.8782052306590638,1.4709834361169234,0.046015348060328864,0.007742602467209149,0.0371968463433191,0.0574022940283861,0.6870922396442047,0.08073499773666261
