,nw1,nw2,nw3,nw4,nw4b,nw5,nw6,nw7,nw9,nw10,nw11,nw13,ceh1,ceh2,ceh5,ceh6,ceh9,ceh10,ceh11,ceh13,ceh14,ceh16,ceh17,ceh18,ceh19,ceh20,ceh21,ceh22,ceh23,ceh24,ceh25,ceh26,ceh27,ceh28,ceh30,ceh31,ceh32,ceh33,ceh34,ceh36,ceh39,ceh40,ceh41,ceh42,wmc1,wmc2,wmc3,wmc4,l7,d5,d6,d7,d8,d9,d10,d15,d17,d25,d38,d41,t41a,t41b,t41c,t41d,d43,d44
2005-04-01,-0.17412996942123798,-0.21845409271003124,-0.12411140261046774,-0.026198486831926653,,-0.13446248177135076,-0.06164043888548257,-0.06386704386072439,,,,,,,,,,,,,,,,,,,,,,,,,,,,,,,,,,,,,,,,,,,,,,,,,,,,,,,,,,
2005-05-01,0.24101892782933687,0.3426935469246516,0.36573328646144276,0.25227867895589495,,0.3594238294635053,0.231365958335606,0.27302763714608297,,,,,,,,,,,,,,,,,,,,,,,,,,,,,,,,,,,,,,,,,,,,,,,,,,,,,,,,,,
2005-06-01,0.10389211401621795,0.27324382812521936,0.0672853356972552,0.0742822565816286,,0.13969637778704053,0.07453677166509667,0.03598149048426702,,,,,,,,,,,,,,,,,,,,,,,,,,,,,,,,,,,,,,,,,,,,,,,,,,,,,,,,,,
2005-07-01,-0.016539620354619422,0.16437987491446046,-0.06622971140685913,-0.03198465108935572,,0.06642710522031003,-0.02314909841056656,-0.03183131720095231,,,,,,,,,,,,,,,,,,,,,,,,,,,,,,,,,,,,,,,,,,,,,,,,,,,,,,,,,,
2005-08-01,0.17853791741119007,-0.1684856502189046,,,,-0.031707222045795846,0.10095446045304252,0.37106113079435893,,,,,,,,,,,,,,,,,,,,,,,,,,,,,,,,,,,,,,,,,,,,,,,,,,,,,,,,,,
2005-09-01,0.11769113129409309,0.10480410290499087,,,,-0.1516354803471744,-0.012796471478937754,0.2893703276399624,,,,,,,,,,,,,,,,,,,,,,,,,,,,,,,,,,,,,,,,,,,,,,,,,,,,,,,,,,
2005-10-01,0.39280658603496166,0.4010203020377412,,,,0.07166694809993612,0.3178682943748492,-0.007159532872554553,,,,,,,,,,,,,,,,,,,,,,,,,,,,,,,,,,,,,,,,,,,,,,,,,,,,,,,,,,
2005-11-01,-0.17477435000231267,-0.19276855679489358,-0.09771949164771516,,,0.25838045858291553,-0.1251951157442327,-0.1839654126775216,,,,,,,,,,,,,,,,,,,,,,,,,,,,,,,,,,,,,,,,,,,,,,,,,,,,,,,,,,
2005-12-01,0.11881432720108687,0.12255423560924447,0.058330109967891626,0.06161963615204835,,0.0692577976588924,0.09393078508224104,-0.019256783297103952,,,,,,,,,,,,,,,,,,,,,,,,,,,,,,,,,,,,,,,,,,,,,,,,,,,,,,,,,,
2006-01-01,-0.030878477274424332,-0.04042771686882385,0.014952419238508888,0.011582722775583035,,0.02186474337324351,0.014716452738782318,0.06553963285084052,,,,,,,,,,,,,,,,,,,,,,,,,,,,,,,,,,,,,,,,,,,,,,,,,,,,,,,,,,
2006-02-01,0.119459496440244,0.12179166176234729,0.08710839632225875,0.07097408049762216,,0.08850444161196094,0.08539529389340766,0.03831494177990366,,,,,,,,,,,,,,,,,,,,,,,,,,,,,,,,,,,,,,,,,,,,,,,,,,,,,,,,,,
2006-03-01,-0.059213825659558184,-0.057831215599948194,-0.02525133130817859,-0.05926209506924057,-0.04879849931056568,-0.04608608383822762,-0.02202901218684534,0.016029749103162988,0.07010420619771279,,,,,,,,,,,,,,,,,,,,,,,,,,,,,,,,,,,,,,,,,,,,,,,,,,,,,,,,,
2006-04-01,-0.03162627249263539,-0.02365285645393697,0.07905681473705446,0.06483459622759263,0.06466051572752259,-0.016813235872209897,0.06500817754610613,-0.04321175010451811,0.03585632626729223,,,,,,,,,,,,,,,,,,,,,,,,,,,,,,,,,,,,,,,,,,,,,,,,,,,,,,,,,
2006-05-01,0.01638681538693626,-0.023394301458674133,0.005393031716589017,-0.05819386410592715,-0.06313382860710809,-0.043365705362083715,-0.05080887394381204,0.03094033432551263,0.0883581711934572,,,,0.11711595957625215,0.25500014349419947,,0.2915672755638283,,,,,,,,,,,,,,,,,,,,,,,,,,,,,,,,,,,,,,,,,,,,,,,,,,
2006-06-01,-0.0975176889557301,-0.017478682966334202,0.07741478264610102,0.15410429963817365,0.137157150835781,0.06874689066253092,0.10928613793789477,0.007704948110885956,-0.06760237604011876,,,,-0.07273721715692377,-0.10703174881310978,0.0015460464390257278,-0.17593100596321898,0.07504258424776694,-0.2535609758825075,0.046020987414383985,0.0014536939118904857,0.042285351357923356,,,,,,,,,,,,,,,,,,,,,,,,,,,,,,,,,,,,,,,,,,,,,
2006-07-01,0.20455003063345167,0.15316943900305519,0.12296986628346729,0.03158837154721189,0.06235955975585672,0.26651978174017404,0.16880207269954242,0.11295315386799537,0.1581998613033917,,,,0.1039240529949787,0.08950315603233794,0.13882741406212418,0.10534251264147487,0.1721663300781665,0.16059193386875925,0.1226594248705179,0.12076994827985255,0.08895428453699566,,,,,,,,,,,,,,,,,,,,,,,,,,,,,,,,,,,,,,,,,,,,,
2006-08-01,0.13191999212361974,0.1361792729369909,0.1669119689943539,0.25441423133720387,0.2808023224173019,0.04501686829178503,0.16697531659538473,0.217545916478352,0.09484513527048827,,,,0.22285191626332948,0.11446987079112333,0.07342848312393269,0.11827226636336619,0.09983457812545043,0.11482351970699861,0.18782271440609333,0.03691798276716522,0.13760438861364327,,,,,,,,,,,,,,,,,,,,,,,,,,,,,,,,,,,,,,,,,,,,,
2006-09-01,-0.12472659100675632,-0.13134521633161267,-0.1798816210635975,-0.1716636790899697,-0.17074498265562738,-0.23239088406558767,-0.14373263123333202,-0.1983169459996747,-0.06888224687929506,,,,-0.18748659835565581,-0.11180832757659469,-0.10826115452561946,-0.13282937313545096,-0.20425856559041067,-0.11190278671759946,-0.11132016611397644,-0.05910053423776729,-0.1741881309688077,,,,,,,,,,,,,,,,,,,,,,,,,,,,,,,,,,,,,,,,,,,,,
2006-10-01,0.052978641626297035,0.04417360317777386,-0.0014827757098483385,0.027292570199823285,0.028659452964719223,0.032918238977494546,-0.044188900157490885,-0.0030725518470024193,0.025101477648734966,,,,-0.014431916090896335,-0.03550234049899559,0.042261556936031563,0.06373666110723941,0.016698380657712092,-0.03989719642578993,0.006605413644325542,-0.11222156918883745,-0.11984687367278937,,,,,,,,,,,,,,,,,,,,,,,,,,,,,,,,,,,,,,,,,,,,,
2006-11-01,0.054012366596078776,0.036700679353019294,0.001521551031374413,0.1446093786346881,0.13111303263297786,-0.023088292230953544,0.038686427932201006,-0.036590587044237316,0.09383229141272176,,,,-0.01028940954922436,-0.03332913376845237,0.04609087019827984,0.023231135030688188,0.005628319840492502,-0.12626498987432633,0.08159517566175528,-0.051897712974049465,-0.15123753815548258,,,,,,,,,,,,,,,,,,,,,,,,,,,,,,,,,,,,,,,,,,,,,
2006-12-01,-0.10946053940000638,-0.09253174521114862,0.005345425473217813,-0.1560455342344771,-0.14883331697480198,0.07461308610896017,-0.06292482237707436,0.05998829091065183,0.16576514347133448,,,,0.14624700305347565,0.1487905625558742,-0.05322129314425633,-0.20834892121380696,0.004943443465260877,0.38400367009056274,-0.13408219782231387,0.12622119064497953,0.06709021873712434,,,,,,,,,,,,,,,,,,,,,,,,,,,,,,,,,,,,,,,,,,,,,
2007-01-01,0.10082289357390678,0.08285817819809493,-0.010244374701830393,-0.009198014546719313,0.009118725081332815,0.15139710803348705,0.1760679842790967,0.15597928870880007,0.2630224942510072,,,,0.13040996247813313,0.07308447695988929,-0.06567695023448156,0.2199695321192235,-0.09030221479404056,0.13959157706828004,0.06360225202367813,0.035785405096892875,0.09978259778843743,,,,,,,,,,,,,,,,,,,,,,,,,,,,,,,,,,,,,,,,,,,,,
2007-02-01,0.10540921510952347,0.1319506058674782,0.10528273141748182,0.10021458240580572,0.1221765874803221,-0.06083698681750471,0.09672596640993206,0.08975221862273508,-0.05660178080002329,,,,0.1022252179918463,-0.018105938933416305,0.07682612151123876,0.20728154479334496,0.06131253024082092,0.011988246503968403,0.13096677381957092,-0.10016850920807098,0.0043463201760357145,,,,,,,,,,,,,,,,,,,,,,,,,,,,,,,,,,,,,,,,,,,,,
2007-03-01,-0.12349942101691397,-0.13900839469041854,0.0004914366112082069,-0.029231457875293243,-0.04747242609128052,-0.005626968405412047,-0.00945820375918685,-0.1485792160189624,-0.18671042700555818,,,,-0.05670026531260375,-0.040802978735480694,0.042774240245270975,-0.17699344687811253,0.06166007544244746,-0.1164673981739911,-0.04904623004516334,-0.005369705617325325,-0.04333821405983659,,,,,,,,,,,,,,,,,,,,,,,,,,,,,,,,,,,,,,,,,,,,,
2007-04-01,0.07867634634037773,0.04598011459872842,0.018494882040917315,-0.012889263731731299,0.02808175961083731,0.08176056962917194,0.07553443924532599,0.06280524149887695,0.02147082583440374,,,,-0.1541690640370687,-0.010065846666486966,0.04267775641128191,0.05069065845330353,0.18661817131516056,0.05176350939631991,0.029533230976872105,0.010602431768540144,-0.0607499782390529,,,,,,,,,,,,,,,,,,,,,,,,,,,,,,,,,,,,,,,,,,,,,
2007-05-01,-0.08051446231491985,0.02989868717507621,0.014123110062746802,0.19877814834593846,0.15938175745673117,0.02103014898736355,0.0358390591902254,0.018821059722311156,0.2524172788952763,,,,0.004964345599556469,-0.0303454141694679,-0.019105560565071622,-0.05064440269600595,-0.05028983140934873,-0.0020916799512908646,0.018531626467672924,0.08113363926664813,0.005573421473565654,,,,,,,,,,,,,,,,,,,,,,,,,,,,,,,,,,,,,,,,,,,,,
2007-06-01,0.19149490371446942,0.14723652307416474,0.18677511006136988,0.2683974211586257,0.31236799131843945,0.12359666095865707,0.2581024187586586,0.04664387843734788,-0.16374198219641975,0.031238033199115042,0.10676898054643577,,0.19335272432262263,-0.012321810555752932,0.13810091762805188,0.19927239348228093,0.07306363066086044,0.03165166696050592,0.20926326290315622,-0.039443833630567554,0.011791874369795757,,,,,,,,,,,,,,,,,,,,,,,,,,,,,,,,,,,,,,,,,,,,,
2007-07-01,-0.043028579029947056,-0.09244859972881075,-0.07238951325935666,-0.2923964331166701,-0.3854368192756367,-0.21438322128393794,-0.30877054849355773,-0.07515135024408579,-0.04997211395345652,-0.011347969154492599,-0.04448950181892458,,-0.19155668424192426,0.0383197769397121,-0.011952040945351294,-0.12363971906847893,-0.15032272821581819,-0.02856095821183402,-0.15380110072521758,0.006434793463722013,0.002404465029355915,,,,,,,,,,,,,,,,,,,,,,,,,,,,,,,,,,,,,,,,,,,,,
2007-08-01,0.014580828744618107,0.01614919719776184,0.019973990496574,0.02525784661768954,0.09530175658806084,0.0010174307426342455,0.02932692589679481,0.03487892642390107,0.01562000422247102,0.008639774024349123,0.03347407949153444,,0.059526325005330005,-0.016289538758176084,0.040613486440850055,-0.0021837632116190053,0.026323223929533512,-0.032218774039975584,-0.01377916426264647,-0.03466565542950942,-0.047303683573355265,0.02252755233966358,0.006367249326861446,,,,,,,,,,,,,,,,,,,,,,,,,,,,,,,,,,,,,,,,,,,
2007-09-01,0.09475410075521423,0.11288801235703366,0.048154662606632814,0.08267364710647529,0.09814531485270678,0.05164026773430591,0.09418342886164788,0.022371194072645068,0.0909149124131032,0.07687516663648994,0.09549936139307114,,-0.05965963344259087,0.04522094736389855,0.10104601095725713,0.07135979741676196,0.08220113761416756,0.07302265046934969,0.06297951860826612,0.023680983395268994,-0.02260157072118795,0.09525467162921952,0.08866272248720355,0.08678098734052969,,,,,,,,,,,,,,,,,,,,,,,,,,,,,,,,,,,,,,,,,,
2007-10-01,-0.0024315405208358842,-0.006304483909465974,-0.06438867959785666,-0.032084949592095624,-0.02408841588938021,-0.03906178292896953,-0.04861162227146465,-0.030580638215953443,0.0009636317983677256,-0.07188623229474421,-0.006945217087904243,,0.10694331764789408,-0.06572779848263166,-0.029408547841843602,0.03664546186542289,-0.05721896362396464,-0.016195248046743882,-0.014376038728167506,-0.10691629127440833,-0.14612346137296978,-0.00917763704026861,0.010610436556684755,-0.0025237233904706613,,,,,,,,,,,,,,,,,,,,,,,,,,,,,,,,,,,,,,,,,,
2007-11-01,0.021554858581001507,0.040354289255638276,0.03414152135158699,0.34567949993090796,0.315060949649744,0.03677260637768595,0.08932646234011982,0.018573052657605282,0.04854524410347255,-0.031635097136267165,0.03138715128730518,,0.1280385636334035,-0.014386328303146512,0.254619996888679,-0.08688562282410428,0.0733882649558199,-0.048880153132661974,0.05871901330656426,-0.3040506719377334,0.09974547651289159,0.11149448561053926,0.006553208406484573,0.06858128389520746,,,,,,,,,,,,,,,,,,,,,,,,,,,,,,,,,,,,,,,,,,
2007-12-01,0.05611134487717029,0.04077212667248209,-0.059976075750943214,-0.11231088335742165,-0.12616572894276773,-0.03929582586050373,-0.056033357117598825,0.018671590727310172,0.04940434226006654,-0.023134395256691337,0.032740685515947,,-0.07811852975121988,0.02439084754282117,-0.09567629669528002,-0.017898198790051,-0.042298475206989816,-0.07490445932572987,-0.058394565235137086,0.2684883804014567,-0.24648230393858211,-0.0008084317170215793,0.11009471668676135,0.011923461341906028,,,,,,,,,,,,,,,,,,,,,,,,,,,,,,,,,,,,,,,,,,
2008-01-01,0.05451742081911598,0.05297318355770275,0.10151509657016622,-0.08374961951257326,-0.05292455484065538,0.14793157783223138,0.08628051984965562,0.1247010095774117,-0.08589655890828635,0.152185785604672,0.05667941379364283,,0.3665835998491581,0.18470914314795656,-0.15493694520292217,-0.07522656717000353,0.12128102843279073,0.14722931419046437,0.020790633863487007,0.16562863458445104,0.23401105793141366,0.1301073514699241,0.18858268079579732,0.16230758401302275,,,,,,,,,,,,,,,,,,,,,,,,,,,,,,,,,,,,,,,,,,
2008-02-01,0.05785430152643806,0.0721126147834398,0.0849661283389051,0.12744779187037047,0.15390959374256774,-0.013905307422523133,0.09999673625694075,-0.017671304532673654,0.15141114605660236,-0.05797709168248219,0.031524539274169594,,-0.2009294303505802,-0.10312578300574979,0.19171541340717488,0.14506042768460042,0.004604761833942317,-0.04662924030369253,0.12183652775609405,-0.09892644041723517,-0.023079213806638577,-0.038720821107567915,-0.07701448281403683,-0.0071271124064060665,,,,,,,,,,,,,,,,,,,,,,,,,,,,,,,,,,,,,,,,,,
2008-03-01,0.017924850407675552,0.0024133174701146953,-0.0032976004482880433,0.023473445839479294,0.010276972558017414,0.025304088953188086,-0.06841737765589487,9.283105534829694e-07,-0.031133005038621875,0.04535246919051192,0.02327801693909537,,0.054247196047704616,0.005036260952990229,-0.0022964879461897167,-0.023504034847082023,-0.006653309593535356,0.0249429632285898,-0.002484326280015131,-0.005796184997893611,0.09764786931794206,-0.019591622304624468,0.017391675860636363,0.014357754661252942,,,,,,,,,,,,,,,,,,,,,,,,,,,,,,,,,,,,,,,,,,
2008-04-01,-0.06704227371892268,-0.07206410389052664,-0.06164085998240425,-0.0017336769784001942,-0.015704569767507857,-0.15290195157725703,-0.15240810486458467,-0.001859523607126129,-0.0820588850930617,-0.06493900894614753,-0.07342647491310361,,-0.169175969585782,-0.09195911378739897,-0.17165348015383103,-0.03365136417169441,-0.12230137191539123,-0.16710839652415815,-0.16789378720288559,-0.09034433249004178,-0.047148973908874646,-0.0995192847854599,-0.07497533119087935,-0.07265167277558221,-0.07050806347239974,,,,,,,,,,,,,,,,,,,,,,,,,,,,,,,,,,,,,,,,,
2008-05-01,-0.0716624516252547,-0.06300830151198905,-0.005814822055315638,-0.11738094358553247,-0.0976157743420979,0.02264325435518283,0.0388110001225449,-0.06229340954872947,0.049985218819947996,-0.03795782118409802,-0.03949313861640297,,-0.05533838197741703,1.856644290901266e-05,-0.035195757517776705,0.07961865709302979,0.014198141082899102,0.06929305772042926,0.1249887553759984,0.07242299506852518,-0.011518915114721057,0.03583542764283215,0.07443602518312487,0.0727948550607666,0.062047532222148455,,,,,,,,,,,,,,,,,,,,,,,,,,,,,,,,,,,,,,,,,
2008-06-01,0.0028223022095474892,-0.015024054240450335,-0.015346572735506658,-0.0029790898293052814,-0.00895015759593315,-0.023799611570182844,-0.050880655247168116,-0.012945684904035692,-0.036562378578043425,0.014642159403932667,-0.014593997105699252,,0.012697146993185748,-0.016935476626192908,0.028981281728109043,-0.08068718037252226,-0.05192201662872381,-0.06287371087831939,-0.13303975177310345,-0.005813556775232397,0.07108243247306782,-0.01866548875151966,-0.019758789096946366,-0.015783822948799098,-0.05675526542099146,,,,,,,,,,,,,,,,,,,,,,,,,,,,,,,,,,,,,,,,,
2008-07-01,-0.13544634908875072,-0.1341692241144054,0.019616290291290972,0.11919046382692838,0.14408693996919641,-0.07962789966728215,0.11443795792332373,-0.13214702584606364,-0.021311600359113586,-0.12776232022162234,-0.11636094818229664,,-0.07622234142300441,-0.10268583696999034,-0.02538304108210182,-0.08268621438881807,0.04773711678918306,-0.10170162600631805,0.004896644231564995,-0.08063134661562524,-0.08483809301999487,0.010217014394284213,-0.04427539002020163,0.03373757647427206,-0.040674364693254694,,,,,,,,,,,,,,,,,,,,,,,,,,,,,,,,,,,,,,,,,
2008-08-01,0.10914557222974847,0.1088714917242935,0.0772920585151442,-0.0035022760279622145,-0.026180570037655837,0.019762932868243516,-0.09699230995586988,0.03498551256117083,-0.01746110996001554,0.0729824156704414,0.12392149174351935,,0.031033302646397753,0.03651664794904083,0.1444117497421541,0.08403299725237795,-0.06434671714295637,0.05386663730689645,0.058295595368626496,0.007598788524682459,0.01818755735652773,-0.05770978341065616,0.039814461996495895,-0.0329007794118526,0.02601177556105172,,,,,,,,,,,,,,,,,,,,,,,,,,,,,,,,,,,,,,,,,
2008-09-01,-0.22787439427426068,-0.22852017345941938,-0.15671120274220507,0.0459704681193977,0.035922197290971736,-0.14812084872261047,-0.09345122055638871,-0.18803823253362165,-0.10594213482697684,-0.1942491213912344,-0.24691038533597887,,-0.18660686411617144,-0.15903889133388432,-0.16709308291269476,-0.18828275816914264,-0.1046105126623239,-0.28084421152761657,-0.11868455056934124,-0.12500783159804893,-0.16603242376955998,-0.07853829722967667,-0.1295100441258624,-0.07968145702883833,-0.07570259479402408,,,,,,,,,,,,,,,,,,,,,,,,,,,,,,,,,,,,,,,,,
2008-10-01,0.3962318582867218,0.39781720518353186,0.23335164734493308,0.03845408743751966,0.08337600889580049,0.3647510943629918,0.197622857880491,0.2706823782837887,0.30455264777124713,0.28278121815901924,0.37162215257333664,,0.019866164950279097,0.21691132197585117,0.25820790762007784,0.2547388287663288,0.1972639930677889,0.17586677912262738,0.15604529591549132,0.12994071041087427,0.18408590617952844,0.20417635962497585,0.030034240948349333,-0.021653433274879674,0.08749488661911176,,,,,,,,,,,,,,,,,,,,,,,,,,,,,,,,,,,,,,,,,
2008-11-01,-0.01580795775991528,-0.021642876420401594,0.02126488104478384,0.03140463187416831,0.038567615271039364,-0.04304865288664492,0.014412777439650064,-0.0020743058307073903,-0.1570597717353516,-0.03354528715813601,-0.01779452925254385,,0.39591680543676255,-0.04673778313417731,0.05916092250629168,0.035437797452157055,0.02085158160053946,0.4163769148584664,0.0018485196790922892,-0.00842374255629963,-0.0189364387371877,-0.03734463028249782,0.18591492639292814,0.2021767903593989,0.272350435253624,,,,,,,,,,,,,,,,,,,,,,,,,,,,,,,,,,,,,,,,,
2008-12-01,-0.05630690986125053,-0.02997718128265267,0.016680946188308947,0.010845598461103657,0.026869402587821868,0.011428946194084702,0.014993301283301775,0.06126003527900503,0.0490087772612343,0.029012471602181927,-0.023802796074549826,,0.08427722957597361,0.2150043534082644,-0.005036546995059454,-0.10107672168227949,-0.002224097056068783,0.04259405571962477,0.08722695399450314,0.11959054944887064,0.1926210338452087,0.09335006922758485,0.10362333136112581,0.11771179439307447,-0.018327211080054195,0.08071337650867418,,,,,,,,,,,,,,,,,,,,,,,,,,,,,,,,,,,,,,,,
2009-01-01,0.17805831691175267,0.08609186760589557,-0.02079533398438272,-0.037336280464615235,-0.04165882459244173,-0.019965773026973787,-0.02569996345494719,0.03404329843662071,0.11237477070089794,0.11257694142394814,0.10031282677178893,,-0.012801909057313432,0.04295612253430851,0.07821662586845038,0.1476385507598333,-0.06009070205652556,0.2258229267989263,-0.027813674916784534,0.0018406249891395887,0.09836422236564313,0.033531233639872135,0.06227114939728556,0.03162104421833787,0.11380517879895816,0.08350325048607483,,,,,,,,,,,,,,,,,,,-0.02222988476207112,,,,,,,,,,,,,,,,,,,,,
2009-02-01,-0.06158203527438355,0.020100465150010294,0.12894592438668812,0.1705548991319139,0.16560845668912275,0.062346927603873614,0.17299706543522533,0.0015206603093751714,-0.06636984350469549,-0.07715066470460807,-0.04033697257680724,,0.10260897390761642,-0.09467303681529424,0.0007441402720889667,-0.012257743533258147,0.132336985210313,-0.21278961582791178,0.10706877459826758,0.00030905131277262493,-0.10862273207048366,-0.02410569368675619,-0.04779218298542451,0.020706008270240772,-0.037031662937090426,-0.0916104460248769,,,,,,,,,,,,,,,,,,,0.1201342611481115,,,,,,,,,,,,,,,,,,,,,
2009-03-01,0.02214930406898108,0.008050552429556906,0.005114892280193961,-0.03807016317731465,-0.044150783895163304,0.014424404153535214,-0.06098201958090607,0.016816913758131186,0.04660794716336297,0.008049471607501302,0.03088360644780741,,-0.14954314990344197,-0.009825239117476126,0.012351351172999125,-0.006039827261032804,0.03173439469023498,0.011874023615325413,0.008344966868597231,-0.0253352043085079,-0.06093159281566912,0.026610059169353384,0.056900174125269876,0.047070638332773695,0.0742938266898211,0.00241471998909748,,,,,,,,,,,,,,,,,,,-0.0001384929631620957,0.02293068701430731,,,,,,,,,,,,,,,,,,,,
2009-04-01,0.08611998464293621,0.101609505557132,0.14331594765304675,0.22229666394639888,0.24253929177610553,0.16463493469184726,0.3083036086676162,0.029562541507357487,0.03511646691280415,-0.0011157644189693922,0.07100209661429188,,0.060649693321623566,-0.06540932380551999,0.026787644113857034,0.09288622102802119,0.16642056662087734,0.006513578812891552,0.24309356219141554,-0.024317702517040532,-0.05249947158565252,0.09899628030040444,0.023262592008852015,0.12652990229812128,0.018343378089030693,-0.014808942733368635,,,,,,,,,,,,,,,,,,,0.29312364920472306,0.091493634114479,,,,,,,,,,,,,,,,,,,,
2009-05-01,-0.04691236737400262,-0.05703321594386085,-0.11268708162241137,-0.23103811323228213,-0.15464337816290152,-0.17428463153360219,-0.31092496149332466,-0.019022012591519033,-0.0064282234813070604,0.002755444464898449,-0.025998470267001028,,-0.11039604900317845,0.01675532960048423,0.011122148792492292,-0.05630081497494843,-0.22746858775643314,0.03998243881411212,-0.2293876924981102,0.02436674975176173,-0.024761632553133683,-0.08032264239852333,0.034400698926273926,-0.07232953247896459,0.02686069115526135,0.02642869734256556,,,,,,,,,,,,,,,,,,,-0.2702518778443664,-0.07504387410812541,,,-0.06112975989373093,,,,,,,,,,,,,,,,,
2009-06-01,0.0300481865949338,0.00915739269074034,0.03524082362350023,0.022704249630342843,-0.029875435401218176,-0.027452325745280143,-0.054499057421063035,0.02176365670300373,0.043511764476510256,0.041838917702883505,0.052968724419333646,,0.06807782809448512,0.028091303111893007,0.023556732651925927,-0.024409962967936072,0.05315273050824981,0.08207906630228778,0.01404494503465803,0.05440435717763187,0.020849906494677467,0.03989020275915331,0.08794946745533866,0.07858020109026864,0.04054664172332456,0.04234992465453813,,,,,,,,,,,,,,,,,,,0.03164921463897585,0.042107858901854034,,,0.10199981957318416,,,,,,,,,,,,,,,,,
2009-07-01,-0.06525292020343196,-0.060522147299681306,-0.021922237240590947,0.03565377573501716,0.06439216840648132,-0.004348334141482918,0.025220356676929234,-0.07121256223163094,-0.0278360250188881,-0.04538930160013199,-0.05067795279813492,,-0.06990998335650794,-0.02488021841208396,-0.03789543087294245,-0.014180328381857676,-0.061228230865233435,-0.044511780573868065,-0.05197864845442879,0.012580348349330792,-0.06595814757617335,-0.030752144624615813,-0.11678406462287813,-0.0389547697486321,-0.0018954979751493184,-0.057267397421805734,,,,,,,,,,,,,,,,,,,-0.05140789810039381,-0.0644935203468534,-0.03470621635507265,,0.013379669941952721,,,,,,,,,,,,,,,,,
2009-08-01,-0.025512776442886992,-0.03265275798113004,0.023097259747135168,0.2160821660872877,0.15577443614524533,-0.03750946664766705,0.026491160860305063,-0.08929982344080623,-0.11845853257688244,-0.12746377174690304,-0.06220842833534129,,0.008230857055490343,-0.1106248596774389,0.005010099732629003,0.07828348723304612,0.0011168169476405698,,0.0436409634839251,-0.1548917210334099,-0.10107454286189343,-0.03069235845433338,-0.08387928709629003,-0.04362781801596016,-0.0859300230459829,-0.1285447573641788,,,,,,,,,,,,,,,,,,,0.0440463043472738,-0.04255238016388074,-0.1294106491329469,,,,,,,,,,,,,,,,,,,
2009-09-01,0.05506089555249749,0.05410451673680955,-0.07045052958350784,-0.2164561632877966,-0.1731097868616266,-0.007927176801844543,-0.05797541905007286,0.03600091294524979,0.10092348881248986,0.07174690526865218,0.08030518781834955,,0.0302085050069002,0.0024292620331417825,0.0106274617038159,-0.08522224064142847,-0.018093362307092575,,-0.06188919546264715,-0.0271389433694645,-0.05953825859373951,0.015306553320760113,0.05748650020949009,0.02613169796551551,0.061515500747272384,0.05308602098814258,,,,,,,,,,,,,,,,,,,-0.015840252638993302,-0.0049655297208981986,0.04803220817649276,,,,,,,,,,,,,,,,,,,
2009-10-01,-0.18812472930537777,-0.1795620147539193,-0.23063242220816182,-0.17851964642604212,-0.1919294698606423,-0.12302599996209435,-0.15406767467654575,-0.13749842172271878,-0.06327819172913779,-0.13366505542858198,-0.16013190239942415,,-0.15689057336096665,-0.05515147437274516,-0.2558298334723531,-0.21111284790766294,-0.11721973893031143,,-0.18384535579434202,-0.08958084213617058,-0.1557945911260431,-0.07691485777205062,-0.05027512052952239,-0.08677173721349668,-0.059165769149975955,-0.08673797403153977,,,,,,,,,,,,,,,,,,,-0.17130574703580953,-0.07816337062654904,-0.06509545575020984,,,,,,,,,,,,,,,,,,,
2009-11-01,0.16565125539092662,0.11422204642655609,0.0810822663272438,0.2090726298210117,0.19812762108518822,0.011571895959253786,0.018966064649960312,0.0907860286173961,0.02335340517494061,-0.049835798237309326,0.047557569715284576,,0.023883393622069815,-0.015434495493446887,0.1717310904797561,0.02442510087416716,0.07471931718152092,,0.14600770781195338,0.016128689391528672,-0.0626321962125872,0.04109409773700218,0.0928643037175872,0.05870879015775915,0.10259117186934807,0.04961324160328695,,,,,,,,,,,,,,,,,,,0.1137944230355945,0.08218874807228099,0.07739694956657872,,-0.1624205853674806,,,,,,,,,,,,,,,,,
2009-12-01,-0.1902486576723173,-0.14436003492307226,0.06315039382421533,0.018177241713830488,0.04068239097425372,-0.022379890761423105,0.15224876789845493,-0.12454626608031144,-0.1018919102207462,-0.18481481538704347,-0.15358274964161578,,-0.14603240652971528,-0.13387839798945428,-0.07862959712649294,-0.19212583906561198,0.09310351638102751,-0.21838629954635413,-0.01043061677870763,-0.1558824671864793,-0.2049046892723398,-0.07260998240523919,-0.11604908197000185,-0.03978708136890041,-0.1457339485078969,-0.13748424604723877,,,,,,,,,,,,,,,,,,,0.09409412728780431,-0.04078921769468624,-0.12554674408570166,,-0.139219421185709,,,,,,,,,,,,,,,,,
2010-01-01,0.19972950411192425,0.22178418634918923,0.0871312271315115,0.029716269106607185,0.05717509259514928,0.03670631073334174,-0.03125144080006609,0.009185303045278564,-0.009193796714618258,0.05300542059383567,0.21290308861161095,,0.17944208226340091,0.0230731608932256,0.13725870352640535,0.19632345126899203,-0.052747902046820117,0.07875147369429275,0.07124639259945707,-0.12469642700992578,-0.08194679846277933,0.011076771772007998,-0.06490288132453811,-0.024305554495618942,0.008954479243113711,-0.019094141123569913,,,,,,,,,,,,,,,,,,,0.059631599699726714,-0.0296646753429175,-0.04728899357577915,,0.08572003722803484,,,,,,,,,,,,,,,,,
2010-02-01,-0.1678215966744946,-0.19792580512140084,-0.15726483783366552,-0.036401538984428675,-0.09420620917806882,-0.13929307569410476,-0.19758983283010378,-0.06863267024556441,-0.009932992136104365,-0.08088983688966073,-0.20170957596464684,,-0.21502189671403968,-0.07542043411861044,-0.10031321548158278,-0.10639411016651334,-0.1416615372312633,-0.05083066370095379,-0.11699435320371931,-0.03649080970567347,-0.06171304410797172,-0.036948164954987095,0.038775021240827254,-0.05247973274508566,0.041157892226478976,-0.03901831034584817,,,,,,,,,,,,,,,,,,,-0.13766309046511693,-0.08377982803678924,0.014276122218319615,,-0.07424497849755884,,,,,,,,,,,,,,,,,
2010-03-01,0.14400263240237066,0.19788370220229778,0.23247282546407455,0.08234241356715488,0.13161735213825848,0.14819925581678495,0.29527910080232994,0.025433882659620544,0.05688918449105082,-0.0030201451954394998,0.21269772959195288,,0.27204044331442634,-0.04675150055821864,0.14511503209595006,0.23917859647199435,0.1358110715349781,0.027017185191560766,0.2154457414990385,-0.10318134056309308,-0.03103035708461431,0.12042727918281199,0.008818922893930492,0.10284326267429444,-0.008026006853107504,-0.08109105635622747,,,,,,,,,,,,,,,,,,,0.17107654549061146,0.07753789257017946,-0.03556773924554474,,0.01488461592108814,,,,,,,,,,,,,,,,,
2010-04-01,-0.1134157068123644,-0.15784823534832826,-0.17293707094375627,-0.11382134293250179,-0.1316941561919336,-0.11276255666415524,-0.238582112235951,0.010650973204614778,-0.0067127708526038,0.04123307663283243,-0.132333341678726,,-0.22304092851656088,0.05683898696879486,-0.1180181496302436,-0.24942496788898094,-0.10444237106042545,0.06499813105250996,-0.16682430733383902,0.10892431730441948,0.10826596942890376,-0.07260155659639733,0.04138592331468785,0.010096901226029825,0.05712862065931262,0.10939975133497151,,-0.019354650997532474,-0.1094645336763943,-0.14513152611493413,-0.19332654232408997,,-0.005985439808185555,-0.24619697011461605,,,,,,,,,,,-0.17181658414846712,-0.016806475297029666,0.1053503542424247,,0.0415404575551139,-0.16119073418911872,0.11060775174939119,-0.11378859091037441,,-0.12226138024208899,-0.10731608034535806,-0.06857582186358724,0.09847795307412083,-0.04576250695897671,-0.17558961389748973,-0.04238773408550567,-0.23101545389738615,-0.08643008031161242,-0.10991302923200641,-0.10632832672799764,-0.18568997394074804,-0.26471309229906015
2010-05-01,-0.05576840344534906,-0.040361903638108376,0.04128595913167471,0.13776431612449558,0.12000675546065742,0.06333188952756313,0.08076387934086998,-0.012971400530334742,0.02665873075906028,-0.03416157185500651,-0.043208147540768516,,0.06505969209548304,-0.005121330881498576,0.017593420334225562,-0.0070106003814737194,0.0779325597359102,-0.042577669519771655,0.0270639910370587,0.021255149592016936,-0.015870489773313762,0.031305383043387425,0.009080060026055492,0.09366406971304791,-0.0020005546861971424,0.005000870541353425,,0.056007906288851106,0.08689457342921708,0.1508832224185947,-0.012582392888389027,0.11384410117240451,0.06118412185328437,0.08821714464815233,,,,,,,,,,,0.1040425995252337,0.06658499074702984,0.012050860294902876,,0.0586101578434344,0.06360184400340552,0.05501700710850649,0.03724265161568091,0.11597001704933374,0.04817261567263742,0.02121107270574718,0.011226775255541,0.033505122544702226,0.026531949684245437,0.021426480694253347,-0.021301904535591776,0.06951941735832629,0.08180418852355748,0.06247325650547836,0.04766840143791218,0.03963603323639714,0.06595527287391478
2010-06-01,0.1799961931732597,0.17125656572572773,0.07712800894038085,0.020320029885588398,0.057748889930031244,0.0978285932836741,0.04614898627452185,0.09692145606602598,0.07069187801078172,0.1433763463027341,0.18650512496012983,,0.1253835237505384,0.12654360201816525,0.09869596881671228,0.1743219860217542,0.06091346115666274,0.19754325317453952,0.05967018156931281,0.07858344020616922,0.11972479225095395,0.07557686161008481,0.057244487790307524,0.051004200449510206,0.030058785447040742,0.08013117594052127,,0.09581135630547283,0.091935336924924,0.04894144135006179,0.1714947290878729,0.08176109331294185,0.11492302659259235,0.048012498373610546,,,,,,,,,,,0.0474126610394931,0.06769200564216893,0.08884228801575109,,0.18347370383211165,0.08618613749924764,0.09883335418504285,0.1144765773458129,0.06489530034065044,0.14018716300011724,0.11426068085752933,0.12329202641638398,0.04860840597873484,0.10694039245069675,0.09034373537957507,0.08292318867730519,0.13935998320274423,0.05856714672661123,0.08266934181543162,0.04944613833376832,0.1076711934453754,0.06677064417077339
2010-07-01,0.05011381594543837,0.04285956449382916,0.12377950152989214,0.09224278626229437,0.08027752102070163,0.09261621789568669,0.06301734995283603,0.10061180731388988,0.044013499469594985,0.0980141587438815,0.03968502781988381,,0.08024216463759143,0.10969668828236667,0.13025897986820734,0.0591538062174401,0.10355615760203152,0.05587312892632845,0.1353910649770007,0.08140357231611489,0.137005366857437,0.03838304586797306,0.05957592600894389,0.09865089200840466,0.28259112778017625,0.11070969433900042,0.04970429896856926,0.03282623395754264,0.1753778740276825,0.13245920834410957,0.053530562531804105,0.19117319059259436,0.09778974125687512,0.041347502155186344,0.1333612098730867,0.15590127045903276,,,,,,,,,0.0738212971663273,0.10776835657858941,0.1015451164686757,,0.01463820344158967,0.09842804025914598,0.11949869698384818,0.036165797532530686,0.08225089007667519,0.04472537903546042,0.05638586228581122,0.10061960111240725,0.11474711536767035,0.08254789453782568,0.07909772883407817,0.0967667278239564,0.03518163096611071,0.09876173088944595,0.07440246726344041,0.10865765461156485,0.06828228912797418,0.10148068874163563
2010-08-01,-0.01120946188089983,-0.012798827151647929,-0.061145782236803004,-0.09396286305926055,-0.11599634960774374,-0.0422544643830387,-0.06404950234823328,-0.04871247541584642,-0.03730138682697837,-0.02137467678007332,0.04264107075730511,,-0.01760029865001167,-0.07499517788610563,-0.01684987401866367,-0.042896298261071164,-0.08357826926681733,-0.013555010946039892,-0.06025723355952406,0.05497624834603386,-0.02573849145221585,-0.04557673236930476,-0.028996319953078345,-0.04646648532488801,-0.08386897866519824,-0.08682781710066234,-0.028982524930153103,0.01131066745481113,-0.07259239852541338,-0.09224504971502645,-0.018992407081710905,-0.07884753233031477,-0.022327833303277145,-0.09861262443140273,-0.1176508704088755,-0.1106248364142739,-0.03657007115789125,-0.03518594598046201,,,,,,,-0.034386277882375804,-0.06728311715630525,0.12198797328278546,,-0.04361635191404131,-0.07024179964721233,-0.09957358676533046,-0.03925857508307096,-0.0809648224354339,-0.029753845568584625,-0.012394071020835284,-0.05731642795280467,-0.07343306090877705,-0.06280533616961376,0.011257965197953357,-0.04577780859936259,0.05238092646145537,-0.038612561685301694,-0.026632142932497438,-0.04052889250821867,-0.0030839048713249273,-0.006306722334035397
2010-09-01,-0.03896423765185014,-0.05159095774551731,-0.049900998878558034,0.015278691890796559,0.04579288892521771,-0.04927861812728962,-0.11163887214986995,0.004127767248084613,-0.05153178509495873,-0.09542227801691065,-0.10375823274191581,,-0.066987897127718,-0.05274760507527701,-0.05260681313446469,0.027283795406114975,-0.06166240643328727,0.05031771072688218,0.006124847818401724,-0.1531011641580692,-0.08026866388703369,-0.02990755724934524,-0.0648681348167235,-0.05007128895859431,-0.09653729405864608,-0.10551923473450214,-0.013808598091505586,-0.013079314222072091,0.0647601692808597,0.016531262148394066,-0.006634240432170424,0.03357277069376863,0.03545270066806494,-0.050176685267071974,-0.06568609469055428,-0.0483108805135741,-0.043959884375042516,0.04636898251068102,-0.01022990383045641,,,,,,-0.035969487154457414,-0.04200249027668157,-0.26133947139250446,,-0.07701171639332693,0.009469963231049816,0.03564170938097655,-0.07579100648299619,-0.0251920081511543,-0.07072297853222037,-0.04059912630622353,-0.00955688823564299,-0.007195137643299265,-0.009672758790909564,0.002482896164923143,0.014317054882405866,-0.032143224787205216,0.015781935746030595,0.01542638810447372,0.004302461103279476,0.0006744171780592723,-0.011230770303877868
2010-10-01,-0.06931194891328576,-0.055734510084841205,-0.07436385595763606,-0.0041759008500570904,-0.007802465008016735,-0.010012835464371095,-0.048524794385755576,-0.17391088512539668,-0.023602509250903403,-0.1380573935183513,-0.09813292746422514,,-0.057208881860379784,-0.1138180492743986,0.01750271707011608,0.0658126389407967,-0.036489911130236696,-0.1111971860891442,0.0023715833438006095,-0.13192121293447695,-0.1801934032666127,-0.02267072125524519,0.018424251283566118,-0.018549456985272605,0.016732918594006496,-0.08831867293431697,0.022309729764349917,0.05854390041303753,0.07725729458722236,-0.013022467228342993,0.01419071705117353,0.10318409141249535,0.022567934304389303,-0.06590012127865552,-0.08064919706282814,-0.041706515389073884,-0.10061023772717863,-0.18498758776437105,-0.10258894308875556,,,,,,0.0030120719361852455,0.018465360717732082,-0.09733948912132173,,-0.013655088005573357,0.005019062223220905,-0.030535257778295466,-0.03625479053558578,-0.00215909921160673,-0.018314010900607358,-0.011959867153770953,-0.022852843017423685,-0.010726609278485677,0.0365232466423126,-0.00786857244807615,0.004113607170699751,-0.0289003007518579,-0.01682058218309157,-0.021012039727653642,-0.0034997940244276826,-0.03029495384410641,0.006270930144462672
2010-11-01,-0.047887173841042796,-0.04225998782039647,-0.07150993505437309,-0.07196009692651045,-0.08952072886025347,-0.015501365243165893,-0.05125971366334037,0.048275753765466056,0.05024949902592579,0.013132941586393443,0.016116526115027563,,-0.04823621558591293,0.04428607529935302,-0.05225970376727784,-0.1750136752823203,0.04335534901771251,-0.06864343954954572,-0.023674509947122502,-0.018138655374333526,-0.13359104774983066,0.017135550326931703,0.025650339111292025,0.0433772694075899,0.02006288240755394,0.075931623227841,-0.026045942272623968,-0.07028712810873133,-0.10154244177945104,-0.08929851311791842,-0.1552727749241405,-0.10608210903557191,-0.08881582186888265,0.08240930398915947,0.09726145216353488,0.07857004944848156,0.03828272191878501,0.0705318008304357,0.022456521293096332,,,,,,-0.013027876881575473,0.02179399424765094,0.09312729928738178,,0.034113829586693456,-0.04011140045998429,-0.01082218576573113,-0.05638217657569644,-0.03655937323482367,-0.04004699344936141,-0.009050930038687899,-0.02073801631868749,-0.04165954968367136,-0.0238162374193025,-0.06879859515038056,-0.025150632542896734,-0.08006322192299764,-0.023138667179932737,-0.011071328622676457,7.801697227827198e-05,-0.022262904385516813,-0.042138130722961464
2010-12-01,0.08406300360430127,0.09121312906029339,-0.04960320184027922,0.06444437907717859,0.05650177647150556,-0.018477806462326912,-0.0604440605010928,-0.010786864425406661,-0.07048993274141274,-0.04898982419036059,0.038329032804882646,,0.030235861400297243,-0.10643135703749311,0.1737426279065124,0.023634827720260404,-0.050442861403256184,0.00566757627101222,0.07224897807390718,-0.1850521081244706,-0.1863031844295433,-0.052960096969003084,0.1068465718169877,-0.07062147543205982,-0.06474724335933185,-0.14448649243751158,-0.02390647274117369,0.058753779934117956,0.17714693388009062,0.15968133574920054,0.09859190429823844,0.1175819936223757,0.11677088252908238,-0.011680581341493024,-0.17265412094388713,-0.12014398564913203,-0.17005372072779762,-0.1738369089098639,-0.1087321536727156,,,,,,-0.008816570330637874,-0.04236063472839974,-0.13628237713396213,,-0.011927561619266669,0.009687686735504242,0.02915074589393135,0.019390102162399336,0.04312558442084358,0.01057980758761451,-0.006493833010773942,0.02046849061327166,0.04446960461520605,-0.01655564190848935,0.053717737857389314,0.03458933228531175,0.015345049425711743,0.030405005972648835,0.00845498444755649,0.004659775187785042,0.00834013744943718,-0.09389683792210624
2011-01-01,-0.031226502119224286,-0.039389982595996076,-0.022187368325732926,-0.05865450817191381,-0.055417292041765154,0.10806150350366203,-0.004820445953855335,0.0005659539435312888,0.10569356937388147,0.04938868884891928,0.022663151285029604,,-0.0033763272784921305,0.09884630455330355,-0.08046589418869901,-0.04517523493715034,0.04386057298421489,-0.0036848382931544132,-0.0641150328860765,0.13265771335570864,0.1136606360390144,0.08997833279061224,-0.0639601180076621,0.0814279492459159,0.11026146160973765,0.160464501372313,0.04446360306795083,0.010404805220873892,-0.08708995631712044,-0.14351716233497133,-0.056677220497929726,-0.06581892190128183,-0.03223675063808912,0.01952099578961991,0.17614344989689784,0.12527789064200348,0.15321145749049564,0.17683949683677316,0.07770440663814597,,,,,,-0.015111984950977653,0.015741309106242718,0.1521418962539752,,0.034991783731674775,0.018931540752237297,0.017057917633386432,-0.0104196362620122,-0.05437364945189965,-0.015819160520120834,0.05384506121390248,0.016238974960698094,-0.00459616805211166,0.021274932180523676,-0.04865026982756793,-0.022521534031418877,-0.039259828781543105,-0.009712374568588977,-0.01732682682388753,0.012471135211315154,0.06547275049138457,0.038276996174991806
2011-02-01,-0.053196183924235085,-0.0353762110749003,-0.019654430600776485,0.00920361149082749,0.0019925518803895204,-0.12584531619065673,-0.034339777710253094,-0.02382551835238067,0.027299255722063043,-0.028542151581379974,-0.04805983062509711,,-0.06294117997620324,-0.015379046840157298,-0.0008755834482792879,-0.052434499891683084,-0.004003571148034402,-0.04596787537239766,0.014400234724552097,0.03835524249800479,0.048594893796391064,0.018242369271643633,0.05441110086783832,0.008013924831372699,0.052475056468899384,-0.00293324481621951,0.058336841727164634,0.037870546702452934,0.01928240363609826,0.034530724460911155,-0.0422292632763662,-0.0072289732214008695,-0.019973157999282648,0.005610463717808267,0.009252980864411814,0.05718229365182209,0.003085702660855963,0.008716076401328925,0.02119256854922716,0.0241104386466216,0.00807447799276878,,,,0.013530324288877238,0.003265562241074438,0.01662306078154291,,0.020707584910619525,-0.016523880354206655,0.030357327199909023,-0.0026039568062807827,0.008343408662111113,-0.017899260781098325,-0.021444216742858763,-0.001007895510811152,-0.009878473771864738,-0.013784882160607859,-0.07559324712954385,0.0008948210304266235,-0.061774813498544134,0.001002970838812678,0.0011181285104996663,0.005608476791363004,-0.047906474882097594,-0.023007541310706037
2011-03-01,-0.04466330374032984,-0.03856229139794229,-0.08632977994864577,0.011981865120584023,-0.0110382584648622,-0.054603851428456474,-0.06968924657977643,-0.08652109640600053,-0.06064433195965921,-0.042029340544523036,-0.06120602150506363,,-0.025250856543502453,-0.06491712138087496,-0.06659268418823272,-0.07556872787727742,-0.06663292287457148,-0.06466186332612822,-0.09083330442568865,-0.0642986568176627,0.14673131454063032,-0.06314642850549351,-0.0848349126143602,-0.06121666986739385,-0.05951137742633167,-0.0770247897401683,-0.042898488548171104,0.006758153306702097,-0.012141549638843563,-0.08579836246172456,-0.05361214252790433,-0.01082652074362675,-0.06897860847571735,-0.041572696156071565,-0.09099346463152945,-0.09336870937367422,-0.060484826611830154,-0.0751635158329366,-0.07576498459957386,-0.056569039040357816,-0.07958345714312554,,,,-0.055794396156510884,-0.0976778965435012,-0.10223461932008274,,-0.08227485961530212,-0.04713646697474755,-0.10090089061802326,-0.048621029162791596,-0.02804924279364837,-0.03617150260309088,-0.07405992600474784,-0.074030106592474,-0.05134180406420091,-0.07419441621078687,-0.0034807120846413464,-0.09308252553838917,-0.04152257790389052,-0.08201482185140369,-0.0780830232597626,-0.09180101810923791,-0.07555640206383613,-0.05304393761773418
2011-04-01,0.018189785665001346,0.00878186191689792,-0.04669264489982072,-0.12967666747921136,-0.06107499598397187,0.04002355457372886,-0.028421816706203584,0.029640526584739618,-0.009812750407698134,0.04556203217096494,0.047467774716342864,,0.03924380363500446,0.03505795869048528,-0.030183731878334674,-0.032023938373507366,0.0021157805304404254,0.08504076599200519,-0.05159717963458199,-0.007738691914639911,-0.07317472479572662,0.019637658959954174,0.041356677041931425,0.0290114849341018,0.12747610349024882,0.019968199639557926,0.031311954520416935,0.01689810403789893,-0.11687738523586416,-0.059282004402597066,-0.03942551530291993,-0.1307413179152534,-0.07447449386308846,-0.05058609577745127,0.03336661896094689,0.030684296424099117,0.014750711022932794,0.021848601350252406,0.02444306883528502,0.02122828769241686,0.005477815007569997,,,,-0.03089355691138057,0.04459967188361297,0.05671102769817063,,0.039962614539852226,-0.019441701508407627,-0.05025927163993549,0.005872898940294968,-0.04886033611014784,0.027763533775303495,0.016802107805151456,0.004904099967277753,-0.03763829378564176,0.05665717862343622,0.009645395701115889,-0.024621176370233033,0.03274862651641802,-0.02947036319987484,-0.02829522204007756,-0.028574779435122544,0.01739297788655597,-0.02382621518417294
2011-05-01,-0.18254302026458483,-0.1853864634055702,-0.16213895430701497,-0.13634094391045648,-0.1785363445162309,-0.09859866262994138,-0.12744298059014864,0.005140500495802586,-0.04389385472115287,-0.10310793209658384,-0.16201483844490577,,-0.12686164149873225,-0.06403552958639526,-0.17990963247220348,-0.18982133503645848,-0.06936259759477048,-0.1366812571567929,-0.1403176701252835,-0.022748219528461427,-0.020682272164571733,0.02757250645796483,-0.06410352845180736,-0.07940933714737963,-0.15442652042470012,-0.047478728615692696,-0.024940583469768518,-0.028046020251673243,-0.15327140105247128,-0.12587365052715282,-0.19465190610290362,-0.12924703951710825,-0.15966916059287328,-0.14591720031233513,-0.05033395087729942,-0.057659346812813206,-0.0445609591634559,-0.03910950788355121,-0.040664056332608306,-0.07105408064636931,-0.06833041388384872,,,,-0.13183049623882537,-0.004196827365260225,-0.046669250771886855,,-0.1472273933905497,-0.1360800762423538,-0.11741971219676617,-0.15649684687983745,-0.1419850889623574,-0.13335034176959504,-0.14734112038758457,-0.12877284282124363,-0.14449515450194583,-0.11380128683639856,-0.1815565020168144,-0.1355065933174916,-0.15198380514512355,-0.12666243949591194,-0.13929987232781915,-0.13931372245759,-0.13622360718811571,-0.15196875460917147
2011-06-01,0.029963557919530093,0.03541118653786346,-0.06096757399678876,-0.04331425643506115,-0.039046960041813294,0.02080720445789329,-0.017349033422871585,-0.08925140882095539,-6.538885731544042e-06,0.043611179545049894,0.014693335600435536,,0.06369342249558607,0.028769302635754918,-0.04448599547978127,-0.08403481306930638,0.010997502881663707,0.009215476946456774,-0.016418595142019377,0.03912096804134663,0.02972880844189696,-0.0841103671517658,0.0035790556620685365,0.023776391431886063,0.0068385792195274075,0.018450765804939068,0.015042247039526863,0.00995607294193196,-0.07302504480157157,0.000915563620593085,0.046553890999623926,-0.07641238630736769,-0.02724413709146234,-0.050354540447580476,0.017744756826355235,-0.0006211490053469604,0.02404282391242407,0.018713444499655577,0.003922346058297527,-0.012494465133187083,0.008519073944501035,,,,-0.01348955175158989,-0.06704460370334411,-0.004794138070431331,,-0.05614416833460062,-0.015782814349835583,-0.02989052167029438,-0.07703046900298283,-0.011641731491840057,-0.03610459107306796,-0.027833576440612184,-0.016989349245636054,-0.009001365659384697,-0.0017121016033763148,0.02789980090498595,-0.03306101822569163,0.027474588676367595,-0.021083643443081224,-0.01658626064126778,-0.03116294942785519,-0.001038200675236134,-0.04887062225223737
2011-07-01,-0.009856307932384317,-0.00681499008108713,,-0.06804001649274716,-0.06665084615922967,0.028224232834698326,-0.002926559093173242,,0.034748029859714535,0.08044075781816573,0.03008606960823565,,0.04012653593050736,0.08295047763695185,-0.059968458369172306,-0.10085973700715989,-0.00011474606273445542,0.023315580182547813,-0.0373568037460098,,0.13300410151880793,0.010215158053386728,0.01708494566839419,0.0017585875610849067,0.0021583592911234573,0.053997701619727834,0.0076983712055596065,0.012261452592502886,-0.09130333115193012,-0.0024418528104382387,-0.13297736694407636,-0.07839229764541755,-0.038065219275163265,-0.02731953214596694,0.03791599345025681,-0.0026547349498503986,0.047972225531337453,0.030044605942801672,0.04902407867636405,-0.014532832263422668,0.004665646482268249,,,,-0.024337140228869625,0.022420993036035675,0.02333331428257185,,-0.04046328876457833,-0.028550109446411343,-0.0029099893914837915,,-0.03327274692976151,0.02680774771661193,-0.04870564713946235,-0.0007617211247651634,-0.024100297169506735,-0.0008749850460050557,0.003191909871668286,-0.034126333601692704,0.012542212265467922,-0.027848250473110847,-0.0254459882790411,-0.02977981071234087,-0.012840723653968156,-0.032245756201238485
2011-08-01,-0.09326796374851254,-0.07937657646424537,,-0.1063368613544119,-0.12218563860611664,-0.04452590635142875,,,-0.03111751683450112,,-0.057538376048401146,,-0.047761865098070955,0.10736231586157755,-0.116061731448866,-0.06055652010104351,-0.035023810134374625,-0.05472257038366862,-0.05163612034209064,,,-0.015291046852106749,-0.00893816507180828,0.005318333995544905,0.004956258996691831,-0.020733230070020175,0.03588775617068357,0.03444979673771681,-0.13379065691570102,-0.08843857189967197,-0.08366530340432266,-0.1321895190858592,-0.11386363444572822,,-0.014107712705471315,-0.035831772373308896,-0.006354195177161542,-0.009928283862725443,-0.006199774377029843,-0.09750850524319365,,,,,-0.081795658165561,-0.02502216663737869,-0.03988956038239683,,-0.08104909210234773,-0.09981359331945516,-0.07361836718938486,,-0.08346061839177527,-0.05947073904308925,,-0.07062962561781638,-0.08324054046603307,-0.05398970952216159,,,,-0.21021891957082783,,,-0.06847081632784319,-0.09084587447083448
2011-09-01,-0.07897051850758358,-0.07653172518324525,,-0.05474221509409527,-0.06417640840126626,-0.002812124305733882,,,-0.02172242525350196,,-0.09355767406365237,,-0.06315927591014536,,-0.07445289773937269,-0.013903932995076085,,-0.024515163276695617,,,,-0.051243411516616016,-0.025769352378144678,-0.032769373676814983,-0.02402686491151751,-0.08784297279194303,0.0009013403546098697,0.028584516188429054,-0.04654032534324104,,0.04905820237849068,-0.05352033196692674,-0.06353961721537671,,-0.0804572076905477,,,-0.07905381133029496,,,,,,,,,,,,-0.05227331304611377,-0.05869298824773567,,,,,,-0.03832525615056759,0.007495239203060278,,,,-0.03248337219047026,,,-0.022929039635728787,-0.012893247616914127
2011-10-01,-0.04826049899596127,-0.04222008013143533,,-0.030978273498298403,-0.03730172609029048,-0.000763955851476622,,,-0.009232399506743899,,-0.0744689483795686,,-0.04461148752860103,,-0.03828068960618625,0.08954657008755956,,0.004804827948771628,,,,-0.047799566960402856,-0.02898760847966833,-0.03601595016633119,-0.01795876454564882,-0.10056350374694324,0.0022285756018604053,0.05478548585231846,0.01546150495921339,,0.16475411207149931,0.00016247463225882441,-0.013823925085761357,,-0.0992993236097072,,,-0.09762193653420795,,,,,,,,,,,,-0.03597257680497795,-0.05325704701008882,,,,,,-0.01149010301233755,0.020185948597326364,,,,-0.0081769622031862,,,-0.000998489795390911,0.022604314237425704
2011-11-01,-0.20722129027288155,-0.1966551843755957,,-0.10913583021127193,-0.10117846389049612,-0.09260047864547563,,,-0.06635348605115474,,-0.1509723492328406,,-0.14982816151935896,,-0.057534310119856547,0.03003487494216789,,-0.08667337508902467,,,,-0.026387174021470228,-0.01586325106098993,-0.023306310688051723,-0.001245471248059793,-0.059270663268220815,0.012535113200717485,0.03347983582245473,-0.014610578121541429,,-0.14445030505706707,-0.04095457079231957,-0.08138245609003825,-0.11352114871911578,-0.054846856059342274,,,-0.02769597308124709,,,,,,,,,,,,-0.13116271300079063,-0.07091021970331263,,,,,,-0.08829578780021174,-0.052734479802083956,,,,0.10341440321175432,,,-0.05171047542206403,-0.06053267678854879
2011-12-01,0.08079031498585404,0.08987486472089579,,-0.04362625069636317,-0.06863607601681698,0.05164354353849451,,,0.09614595693979203,,0.05817128622528667,,0.06775519151344961,,0.08088627893766931,0.031763316077813714,,-0.005310351437948502,0.19200203913953756,,,0.06417232829632874,0.03213249502876228,0.025813966998630533,0.027375817938316838,0.07074082813319775,0.0010881350778129129,0.001124270392545812,0.13027089455480584,0.02781956195650037,0.06541476447516992,0.09712046244398509,0.0030983227327905927,-0.06520440228087487,0.0944745389846558,0.08290102272937064,0.03261768870367021,0.064032707100199,0.07270138713221896,-0.00984692864171477,,,,,,,-0.013243136961070462,,0.09724520922836638,-0.002555313036501028,-0.05790562218649109,-0.0694096662729432,,,-0.0010565768861060532,0.004488729514083467,-0.02599166026522115,0.03368394177731504,,0.007380123927950066,-0.051086262379042346,-0.00477490666393543,0.006295956880544962,-0.024533958809615064,-0.02686972682684491,-0.02060084394273498
2012-01-01,-0.12551966963675823,-0.13521008813065005,,-0.10169056557238776,-0.0993292539794074,-0.02018136906614801,,,-0.06354128959820993,,-0.1066756458793921,,-0.09521914057602371,,-0.10513028193326673,-0.08917147147494997,-0.013576398737526973,-0.0943517597978944,-0.15647802808114686,,,-0.04625753113463879,-0.07646781792865157,-0.03137292061915331,-0.07272576503000616,-0.015766741684443343,-0.085391541397981,-0.1317726743047174,-0.18806722318560404,-0.13312036876425237,-0.14758469214139203,-0.17586346153003168,-0.10756990779932257,-0.09962395809346936,-0.039728210704183815,-0.08697327965855228,-0.05438486966068273,-0.055387822781063606,-0.055118893696895044,-0.07915442023322927,,,,,,,-0.041866161920401324,,-0.05878220527769745,-0.06513164326118803,-0.07877007874470704,-0.08511186841413532,,,-0.04274199069491247,-0.07364821803772797,-0.06805306005087886,-0.0540618727062388,-0.11308072988197204,-0.08545647038545823,-0.08709920513796221,-0.09600802108516182,-0.10137032069696994,-0.05722449616777292,-0.045233390520495464,-0.07160020313010307
2012-02-01,0.0454465277665379,0.07262079304120195,,-0.007881665633158397,-0.08261406759423551,0.013642332420108538,,,-0.05558018265227581,,0.04942394202858938,,0.02971665330193285,,0.019666828547295956,0.022637649299124984,0.011821879978135136,0.004475014364336449,-0.09931257744930638,,,-0.047077980941369,-0.03414041730499355,-0.033915635157394375,-0.04720198723440605,-0.029288488725572513,-0.01340058904120725,0.10374333127794283,-0.038107388306080014,-0.004429188079698165,0.01418106021354043,-0.021056060778524843,-0.03300593914511263,-0.027422563273493683,-0.030748532841596517,-0.05986969976242512,-0.04578248570276605,-0.03786276804268273,-0.01652990025783075,-0.05900674984130283,,,,,-0.017518264412969664,-0.06700319119250292,-0.03904954102889943,,0.058603929270599764,-0.02337545159562754,0.004949620607222982,0.007387294469588412,0.0007913946243260916,,-0.007729554513475734,0.02825750831381535,-0.010062764935787394,-0.009070160120674187,-0.01247728338576326,-0.03415988645214263,-0.015798384680576705,-0.024618059082821664,-0.02037925383659911,-0.02637578965312315,0.004353387628336092,-0.03289778676724564
2012-03-01,-0.06166947460850668,-0.06509502840949039,,-0.13868723330761756,-0.12488404992812785,-0.004662877206540822,,,0.035908944702960646,,-0.014249225033398788,-0.02085933031843945,-0.012091427290166379,,-0.0702503136325438,-0.05211565400577681,-0.002767593895233303,0.029687108284526253,-0.014374300682684193,,,0.01793887816737555,0.014452543522600142,0.021742521695003486,0.009960183309729004,0.04312021751435033,0.03619319836711887,-0.05865581128926767,-0.0875345105987671,-0.02955890628390956,-0.03724986016303361,-0.12376104300663388,-0.06460363392930313,-0.05861222859175874,0.031086471294577797,0.0028550520078515496,0.06365800922607397,0.04344363062404295,0.03552136152162025,0.012372717314295512,,,,,-0.054882418892131524,0.03676830152015331,0.019314849566080594,-0.058364355826314385,-0.023901515041441834,-0.06923442496344445,-0.06346340808581635,-0.04578586928218087,-0.061075964504575586,,-0.04199468591693395,-0.07270859847544064,-0.05994499057436575,-0.019770560295928996,-0.006418648679230643,-0.07107284250255674,-0.004491889493486556,-0.05099487674944847,-0.061953261425910955,-0.06982689121121799,-0.03161822614023879,-0.07050965959752664
2012-04-01,-0.2112924140061573,-0.18907768355190713,,-0.161164354130638,-0.18190782890211155,-0.10266960069925052,,,-0.05886493110150362,,-0.1983625835334705,-0.2645078641237397,-0.1387370299831499,,-0.15583392604826574,-0.06814965208056162,-0.12877937894040475,-0.11823748083374075,-0.1297120321655323,,,-0.06682595124241289,-0.05788336258841127,-0.08268348251539975,-0.05920685929170144,-0.08899666181949048,-0.052377096947704815,-0.09099365921217561,-0.13833931605598426,-0.13404510919582213,-0.1407845383483215,-0.15904248211469452,-0.18671407452157718,-0.16733947801927385,-0.07068945343287872,-0.08904937585443023,-0.07002560015113561,-0.05483285489238035,-0.09494435156983559,-0.09563674714585646,,,,,-0.16001695030127422,-0.0743198894794081,,-0.20756353561517932,-0.11533721445275119,-0.17640545718363743,-0.15866185051908538,-0.16460647106931958,-0.15770115740564689,,-0.14765923194885372,-0.1878947836635238,-0.17439433099639368,-0.10376663158888771,-0.1464107783873243,-0.13795046257633214,-0.15651748070562366,-0.14641985534322766,-0.14803597823739345,-0.14362447918191767,-0.1524222699042883,-0.1661844986244323
2012-05-01,-0.006877285268728411,-0.016870177172148726,,-0.09976723416643696,-0.08759840668372909,0.026070297134649534,,,-0.00225645259095017,,0.0016153744994613362,-0.013741491686205809,-0.008129038596935409,,-0.07575193635896094,-0.06370757452763776,0.010572031471000082,0.025663364426431967,-0.05036369701658705,,,-0.0052430042485389905,0.041091229990322053,0.0003049761801056372,-0.0186008520624103,0.024689744113172346,-0.006203717336766196,-0.015901117875172566,-0.08591460031007114,-0.03042889316417019,-0.030070041878952014,-0.09188520483232454,-0.0599802185528403,-0.047127867967736825,0.015149845465442832,-0.027807548543725552,0.031885002040569405,0.010528876860589398,0.026007673284785995,-0.03867231347712896,,,,,-0.0334341501666609,0.01664427874682145,,-0.010595928068577676,0.016551528748242422,-0.03472753400260947,-0.02909174002621573,-0.02939265291892068,-0.033997238195019985,0.009640917766831014,-0.0011583857895740013,0.01449523608364195,-0.033302808129072214,0.0011959681181616943,0.003980856915609565,-0.03771400979662487,-0.004085136925527366,-0.03526672906292461,-0.033197384222773296,-0.037496432775342536,0.005259779318828928,-0.03936450003956504
2012-06-01,-0.16046964362094385,-0.1590151329430904,,0.05482438747595242,-0.04705117678449089,-0.05736912985908363,,,-0.06486299321159425,,-0.16072489231066997,-0.14189615840918135,-0.1381667060420957,,0.018702048321568188,0.11440671782861855,-0.07979997494700627,-0.09842397738534714,0.0306323983748924,,,-0.06290890823181627,-0.05675731702793696,-0.09097548830336832,-0.04932769621605143,-0.07332412156850224,-0.026220336433919633,-0.0027433328680293023,0.0820065422103291,-0.0032491500568628817,0.04298123727469294,0.06433610392394384,-0.04156628051273892,-0.062333759372850905,-0.07172462885163189,-0.08527427100461515,-0.0740870861489783,-0.0535454689648428,-0.03339038105125312,-0.08962715185310366,,,,,-0.06220865237757045,-0.04813660392183272,,-0.13957786846123738,-0.03960240371250473,-0.09289298851892674,-0.0420234228187511,-0.09811026336942552,-0.03295594709590621,-0.08044914747701826,-0.06687618655762262,-0.10859576789713249,-0.08186489012499298,-0.05377416811203062,0.09105020083716953,-0.027561063345114434,-0.06826117324843661,-0.01110246020573491,-0.03622104880559407,-0.044148747596698734,-0.06848203336769554,-0.0350782324788701
2012-07-01,0.10354506328374846,0.13320773545311387,,-0.0828335432125682,-0.02942057127147235,0.08342933283536336,,,0.11031735776069207,,0.14749063773486604,0.09928474121598174,0.16732376026896245,,0.05052445090242619,-0.06757969316747992,0.16201756790536714,0.04111068765562709,-0.03032597157125283,,,0.10918667387490276,0.07602974122807263,0.11753229058360537,0.06605183201171988,0.19268743724946932,0.05294421572023872,-0.013504692948629438,-0.05239335592092742,-0.028530164289058857,-0.04611284657681902,-0.05881778719568609,-0.008765130737823146,0.02096050331034227,0.17321734228741192,0.11695482035516405,0.19043837592240392,0.16974097575030306,0.1474080281574236,0.05538850279940016,,,,,0.1054187204554295,0.11028326045883335,,0.09818044542708854,0.123284655912418,0.10090807844238159,0.060296223615910804,0.04002320293046846,0.05417677880866273,0.11365112425164908,0.09610453621719,0.11707991909660853,0.06283565596109464,0.09508198662357908,-0.09883844455443203,0.011326479493025787,0.036855748722774084,0.008720215896984906,0.012547747457195446,0.03604126756100701,0.05258330217678325,0.020567417744693173
2012-08-01,0.005795427411688009,-0.020028015289896645,,0.07096213909554294,0.08989157276546644,0.002317861311352365,-0.024442648119845145,,4.5806056205910384e-05,,0.0018570831455327341,,-0.030772365478839242,,0.21190709033430505,0.3008267448581786,-0.03870447187940282,-0.07043701561742416,0.04174301959112203,,,0.0006833933809848314,-0.01845031215364598,-0.022038595046705522,-0.013552532671482875,-0.10327734587684496,0.02582923872770898,0.07152432986605006,0.2866554220073518,0.08709192775550045,0.2685045241597333,0.2478471756711199,0.1538767117320794,0.09257010846040026,-0.09623069400384102,-0.07877350870043456,-0.07726401141857138,-0.0799945921724903,-0.015016782174048164,-0.03147732511820761,,,,,0.04174839999313856,-0.03635007508799304,,0.029103513283246285,0.09121347693752951,0.0421739512346041,0.05658298288289981,0.08007151536053048,0.1184086706735688,0.06554637748238196,0.12230305334638925,-0.013247525155304196,0.04032109701295972,-0.05267305981261933,0.022443305713227057,0.06811630716946704,0.011617181016508549,0.033887201129907174,0.03899523113920389,0.042411440218839136,0.03169077389710112,0.07053167118528114
2012-09-01,-0.07069797294198005,-0.055621795524927076,-0.09449206234624186,0.017712369434428,-0.01586050554317331,-0.04869888196226954,-0.09447914793660783,,-0.04430253915300972,,-0.061159449639171526,,-0.06578192063613278,,0.04329130808283216,-0.26767477914822124,-0.04442719681502247,-0.05728015874130987,0.11478542458162505,,,-0.05331119122668038,-0.0655297252213699,-0.06064350162584209,-0.0442073775821471,-0.009177450458385847,-0.004372520869129037,0.0008063332989213245,0.13948020956507406,0.01288357357397335,0.06306291938285788,0.11804369172041113,0.049870943611197316,0.005457974308866742,-0.027777012870180195,-0.03322851728499032,0.014236623500664125,-0.01023532227301685,-0.018164048930599808,-0.06443223812497717,,,,,0.007498515852406185,0.007468381561628268,,-0.0696871405762805,0.026312895933895297,-0.035712913413757263,-0.02814037754868709,-0.0005607120449113712,0.02689099974190967,-0.0005499911232058619,0.030047437141737743,-0.08010985057465553,-0.015281945597632851,-0.03499883832428369,0.07625340310669326,0.008218281944146866,-0.03930898928957027,0.007718144022948847,0.004801909300932938,-0.007512551576983051,-0.05489472710023302,0.022532672136374887
2012-10-01,0.02273145847664987,0.028791074940980876,0.1982156927609423,0.3029006119858372,0.3402256347985322,0.04804203745947824,0.03584173267575613,,0.07157370512365122,,0.08702209887508272,,0.029369720148387207,,0.1930049860133533,0.3608841556950828,0.11101061754095409,0.006329243940240203,0.14976061646620736,,,0.058994415472902184,-0.03951411854312778,0.11417943548610648,0.09998195601975496,0.12117424117522144,0.030876152623393494,0.05300891079008896,0.08199632325107042,0.2074635979865168,0.20377238399945424,0.10945274578749858,0.11883222879162936,0.184334339455,0.13603327413640562,0.08769200914438488,0.12894378379389393,0.11303518453255645,0.07439030468770949,0.06707718419607678,,,,,0.22969583224854834,0.04585917946246193,0.0937593538659442,0.04455340650720102,0.12412718051167498,0.19774823875206027,0.2457244776344355,0.14951151355523312,0.2689571350588262,0.14412087804123364,0.1998183631264383,0.14735005075467605,0.19681748853093206,0.0928362315514128,0.074043888041946,0.2483244917749599,0.21009371702505075,0.23045368054857773,0.22499424772051235,0.24915069192551753,0.21067251045179686,0.2316360885369138
2012-11-01,0.13765470750667252,0.13933418054644475,0.02842965820569876,-0.1608967045246558,-0.15170102096577892,0.03108349555569201,-0.005037002765036103,0.11514312068209731,0.03891180304391517,0.14958408062858675,0.09412616909865773,,0.018856851959729415,-0.005709802196893932,-0.085624000665589,-0.07432163397040453,0.026916141389988657,0.5402113627687748,-0.1349271251905276,,,0.019258982844955752,0.20356697977235172,0.051360560714230064,0.023279592071847266,0.0807632277200348,0.0011711517027517826,0.03700506614402324,-0.1727814192977024,-0.05853409687337108,-0.13199388563971146,-0.15507539437813936,-0.05169342321680012,-0.06971972277171487,0.027208542555262394,0.06919819934883939,0.09451894747557676,0.09130331446233309,0.04192268205154037,0.008395370586864126,,,,,-0.023352232450793764,0.07709514408580864,0.016559700789538223,0.12774370149776915,0.09292874922253486,0.07916983926128274,-0.1172437035911657,0.10506672133667161,-0.0806480816378497,0.2733696957735699,-0.04137789203142725,0.11519495602692276,0.07030237764955061,0.12358312354432832,0.1102038537430155,-0.08069557872970959,0.19817557358947668,-0.018923058395756476,-0.03878943749293748,-0.06956232743200089,0.08638132480952626,-0.07156059462084813
2012-12-01,0.10520589697374255,0.11638301917279337,-0.12347452131673525,-0.11167499513720294,-0.1144053060464162,0.1727029063101937,0.13251320388695764,0.07530093980961017,0.03689545690029475,0.17193518408656927,0.10707222858033122,,0.20335770145935278,0.1290744447908881,-0.08437471973676908,-0.0012452599027011346,0.15124625494877297,-0.035923368264694444,0.042873394542908116,0.2013717247704883,0.5319195250433806,0.13677514682132483,-0.02648875869597242,0.018001634731688865,0.021659612447904153,0.08722840164572573,0.11300331719108891,0.09654886405725577,-0.10190400977529436,0.06772059382159579,-0.023702604453547604,-0.11581376091033002,-0.10503031555336498,-0.14614563453536303,0.08474803234800582,0.03321209377576273,0.06779664339164249,0.055465332426033964,0.10365992091089982,0.0708065465370677,,,,,-0.13410268547316054,0.08782014353610318,0.08308955667277912,0.047758418150718795,0.014246212100267719,-0.13767265082313265,-0.0351055320639731,-0.07659516516696838,-0.09115035329294059,-0.14457401274836607,-0.07096486693252302,-0.032221498661856474,-0.09027545718540106,0.059467884149629835,0.008632823588770544,-0.11314902956397524,-0.14396220133589338,-0.1369517374466657,-0.13208757548609165,-0.14114794622533255,-0.017052930368443853,-0.0893539053678511
2013-01-01,0.1623386527082229,0.07327054653884496,0.029453007066398095,0.024313805681941546,0.06611068391993867,-0.00970928546443206,0.05334284406105194,0.06805163055596908,0.020606479402308753,0.2198598021057223,0.08561388149660132,0.08135772229995059,0.04721655597056664,0.06787263943162379,0.059890911369159555,0.19002658022790803,0.0045679156866669235,0.1662351455460367,0.12319311575754366,0.20227494629580153,0.25348258501362164,0.05741908049633859,0.0018697008637142964,0.05208848954830625,0.015342988604639285,0.014793952067334845,0.059589877319708606,0.08190051024080648,0.10067544663119476,0.10792403099588355,0.2542052203336515,0.08313067997342594,0.1115448496416043,0.06501910221338536,0.010920399444579953,-0.0010585582868317678,0.07900700579779898,0.0339986258723536,0.1351200520569287,0.030845981610543777,,,,,0.0473462330434654,0.05712964606125043,0.02177106516062971,0.07330888280134096,0.007500200807361079,0.05928173513478007,0.03742352533818061,0.04745827081067405,0.025970664955539152,0.05780514288962796,0.03166803425924494,0.03875573396477128,0.0568767860496972,0.039323442863278185,0.2041751880613346,0.06820982861610858,0.13734507363843929,0.127907385875304,0.07026716545298581,0.055084395769913405,0.06570956733376354,0.10801254108878264
2013-02-01,-0.040345523484514034,-0.05730620450731097,0.010616711928618489,0.034935324863425744,0.01745015521506389,0.023457062429792175,0.03179610040772185,-0.01158132465616346,-0.035734653865906824,0.09240761262344604,-0.07362824275288085,-0.10877955678207446,0.1366851793397208,0.17743288885359507,0.037843991784898334,-0.09584632452288355,0.04120171114524279,-0.08530993140287735,0.20004185129621793,0.3199374446433481,0.272671904794094,-0.018318359781663685,0.06532748852262166,0.01068373008496451,0.03597668011141325,0.1540621333559266,-0.011670427631999436,-0.06716678720790442,0.035829500079001465,-0.04949671950758977,0.048758004834095786,0.04038373965751908,-0.025104643434608415,0.027576632406437734,0.15582954664416607,0.08402810372695468,0.23017809370425096,0.1793523994947812,0.09245839200670504,0.012236838901761082,,,,,0.006932218144674613,0.05611761314251146,0.12864039858838067,-0.10165674573483607,-0.05309425716543403,0.008292721671368321,0.008941130619587387,0.022931941220085517,-0.0031089000384406373,0.026656183048487436,-0.0378571719032455,-0.008682628466266606,0.004928805104027406,0.04356795330979871,0.027411118102454446,0.012355907624706758,0.08340984350110187,-0.012015644476745913,0.021513905951984935,0.03256900901404694,-0.008957819441072448,0.06051434729324658
2013-03-01,-0.32924931146751,-0.29764496280139674,-0.1132216568223216,-0.09724059883933453,-0.13510869781974005,-0.22624046838126874,-0.24078846347325084,-0.20431575806446167,-0.1537369186594268,-0.15423602179845278,-0.21805660599114013,-0.20940449163043673,-0.2820163593819873,-0.1637371877475344,-0.24509700750041774,-0.20795709451426578,-0.16491685135046347,-0.30002018711314293,-0.1719676387066094,0.008128455396570922,-0.2013051650169755,-0.16923247153267917,-0.14784786622110246,-0.20118587144048902,-0.1030120197979485,-0.12505044836455803,-0.11031692771982238,-0.08474576886443566,-0.15562331121328843,-0.12378818517261031,-0.33034301282647116,-0.13116403086449913,-0.1731585482107828,-0.1007180658580486,-0.1669320002567629,-0.1465005889504949,-0.04591025885225053,-0.12352162943550629,-0.10213958127226046,-0.14329550513975264,,,,,-0.11164658224687779,-0.24435289564597637,-0.17716545619594315,-0.2111155215020523,-0.24540669451089436,-0.14230976202694395,-0.15389004301220535,-0.28155370288679493,-0.1334223219151744,-0.24233321665566396,-0.16293019939790643,-0.20878601978831157,-0.07282369075847359,-0.20527016594633646,-0.28273748895509865,-0.10406248327506067,-0.09207313409234469,-0.018884800998073215,-0.1187706849048284,-0.0962450832972736,-0.27230516013316464,-0.1705676862906734
2013-04-01,0.01453311120016787,0.040408959619784496,-0.07505992353347679,-0.00501630493049271,0.0022939843902679835,-0.03437600521621781,-0.018577236420143944,-0.021510074670675672,0.010135712016475062,-0.06578417569687581,0.006202899689937619,0.03113343634890947,-0.1652674159143196,-0.08410641135709596,-0.013866967796658303,0.0052644129616378765,-0.038973979868559494,-0.11285834303917186,0.012559025044266509,-0.0758654395606356,-0.27573793536941327,0.013013543243908715,-0.011063342047575198,-0.011846070036344164,-0.004728880479453551,-0.048695931329669914,-0.0223066210086508,0.025706883663202285,-0.014774686236118273,0.08128344340216351,-0.04643119363626336,-0.03200369073883019,-0.024938636907155587,-0.01487054558750911,-0.03191718032834093,-0.008399974346352562,-0.07267334104800818,-0.04891289764415352,-0.0927462440672083,-0.016995059440746974,,,,,0.016283953564348225,-0.049429142693120404,-0.026988472699689126,0.029792555260061526,-0.080633206326094,-0.012063672223075639,-0.07211071259385321,0.021666614213437685,0.03528522763668929,-0.08090410654124408,0.03443541736874317,0.0030750362785919028,-0.0790629471725956,-0.04173313035478113,-0.12151600086366587,0.04389429396142555,-0.2890388240686549,-0.07319591129307068,0.001841295770392104,0.05174320876386576,-0.010531068101427787,0.03482629999231093
2013-05-01,0.08321670337041248,0.08647346950074727,0.09413519358978262,0.06046610995702212,0.0741577587854618,0.010090922017967574,0.03131456966047946,0.03008720041881255,0.021078684910424694,0.029659616003122807,0.0722837955819649,0.0934093224669707,0.05983156694153022,0.03966156585828312,0.08244255854319726,0.1138363697512133,-0.01674601240068152,0.04463945709077288,0.041542325312990375,0.06031351479895214,-0.001678981666736079,0.02667798063628904,0.009551045150246712,0.044477576042873085,0.016264516088946857,0.04595281193373091,0.020098326907415948,0.02165712798352548,0.12245869056799347,0.018223841105487304,0.09533894321612518,0.09642363127622416,0.0859524965314078,0.062486571187112316,0.0426948225721184,0.03254510983121778,0.04980735914028911,0.04725692762940267,0.054356881670124146,0.019713194496319253,,,,,0.034035862712914644,0.01598069175778266,0.0354640188640839,0.09674903276771446,0.05915791319979158,0.05961174385437035,0.05252628309227614,0.0637084056900607,-0.05456839290917875,0.07332336640420611,0.06335199398958899,0.06308563473328457,0.07374382214188469,0.005365639987102017,0.11745429728311979,0.0490531168665827,0.05156426986349866,0.014380804641772188,0.033925723807386954,0.03359989631370314,0.0804647220223218,0.08257091806043348
2013-06-01,0.06104112685172425,0.05654954786812022,0.06946636187978666,0.05912863228083026,0.060716692356620194,0.06262926385958645,0.08180346521361148,0.06503189860368283,0.0718831236600021,0.08603214079239901,0.07155587527550117,0.06938939418429196,0.11118947675639518,0.09065416959284539,0.07899336431673348,0.04665738198063718,0.07437481827580422,0.08769600638078734,0.03830117392568383,0.12008194152087864,0.06004522988142719,0.06884017483626964,0.07008819838988167,0.06378692562564228,0.05062502464594598,0.09176259344492554,0.044858260357847346,0.053535700653324914,0.02876285994103256,-0.06159613676689307,0.06226703883217666,0.04344511107663296,0.062090380113808075,0.06065100850596905,0.09100161159427728,0.0715355632617305,0.10022875488172606,0.09633737493757799,0.09604986419593572,0.04810238508208503,,,,,0.07162129698204145,0.046430346811040524,0.08066767329282865,0.07276559776764274,0.10097994741121341,0.0776193138064894,0.07774445465385144,0.09305363811395773,0.1208372562348019,0.076752557404285,0.06009934020675789,0.06304891067636584,0.06073372204881852,0.07307697567359572,0.08645360401962998,0.026831917734602972,0.0900098907210895,0.03521163427635432,0.03351696796384401,0.027917622474869508,0.06549362960564686,0.05669497003517188
2013-07-01,0.051749978870058666,0.056820919126643665,0.08709420277176905,0.13443251000979678,0.133896173440623,0.07122123720869872,0.0993916523740899,0.0378172637039734,0.03955317539067646,0.08149718053488542,0.08216732949710798,0.0677217614425839,0.12956670488489164,0.08472551597884714,0.12304979668566007,0.1241853509631895,0.10137657926658628,0.09631002566591507,0.13712610970732908,0.10051769227934859,0.05456709536573445,0.05217352465973071,0.05455152845668762,0.08691741190084568,0.05470975780385959,0.07385692186107862,0.01977136654118003,0.025925881648277194,0.08835229934605804,0.1907219277589316,0.1424012679372586,0.0761403849005039,0.09798621030548627,0.10483549424708727,0.07214007816026222,0.05608006057540474,0.08114206024540305,0.08917570145186235,0.09979541486017127,0.029817412222355094,,,,,0.12343038641498172,0.06981252603304439,0.06394049242190991,0.062087079833120895,0.05961521446844864,0.09756686280291982,0.11095303956518787,0.0630080552168149,0.14410352724036984,0.1181475730305705,0.059417491533242106,0.09249338442516114,0.12089211853340981,0.07878771979760496,0.09753537606834334,0.12885742723260418,0.17400383857562668,0.13096801830103094,0.14781693621263753,0.12243488099360483,0.1353781819602995,0.10789942007023356
2013-08-01,0.15104055245826903,0.1301591073308413,0.00767194693966744,-0.018994088210693483,-0.02087279503770756,0.04702059440187831,0.020530789660918203,0.07650864561887395,0.05344859248129652,0.11431653623835092,0.13497942354326034,0.14190858148238034,0.10556119680879814,0.11799636074058675,0.024288221852796,0.007471145247943234,0.03354726368367762,0.14524174342990243,0.026042661331131756,0.0546507239536248,0.09101286844010303,0.06652356837794568,0.05114671976911672,0.037818540399404355,0.025495191117313992,0.08070860858743971,0.005429213917588438,-0.012270073360107159,0.013102522523973592,-0.012843724326442207,0.0334697191145934,0.044908305858993636,0.05592315057765507,0.029014198776689093,0.08180269154180264,0.06010922866276175,0.10531877840160667,0.08281901830263214,0.0712440265607942,0.012073619134610136,,,,,0.03379890127082119,0.05149170895046001,0.06969267442649443,0.13412857236169973,0.13576209888612326,0.07322475645570747,0.06769149068783409,0.05579846268102884,-0.003972503901447211,0.05049522317646349,0.08173279596835498,0.10235848776079476,0.06475120253877031,0.10217906029536239,0.08847574445796319,0.04949791289321559,0.06397044602991003,0.056272439948847786,0.04875857071233636,0.06126942820434478,0.06601654463232437,0.0865198856502376
2013-09-01,-0.08008454145953331,-0.07027378604772971,-0.07319852981778607,-0.0764994884646929,-0.06438091861360462,-0.06271268419290171,-0.09494807666037008,-0.09144395616967671,-0.0460382431930087,-0.056536444220761595,-0.05854066416932635,-0.10249845631336829,-0.03662628224378661,-0.04750620177665055,-0.05510514253263232,-0.051795777948147825,,-0.10626147901755978,-0.08296244172382683,-0.041409870635572554,-0.12043343522099047,-0.04840309970598833,-0.031847894416525746,-0.10655279769717269,-0.02967722105943915,-0.06367185153384972,-0.04363016339352482,-0.060606316684124306,-0.061847821658006286,-0.0698186631095824,-0.05366850489604025,-0.06416588611170271,-0.05376261078654465,-0.11102954971405754,-0.05439929031373024,-0.05334423280308845,-0.008131314572402515,-0.0523853378154628,-0.04745386543975688,-0.09042328586405274,,,,,-0.06391805212471069,-0.09679636583113133,-0.06750547943807994,-0.02412206946220724,-0.09399068361031843,-0.03751411205488314,-0.06867771675063089,-0.11682777152284973,-0.07927630789237017,-0.09108934666929214,-0.07864924329089706,-0.061762518269762035,-0.07962250523980263,0.05773770117033067,-0.0841932463990791,-0.0829795317242259,-0.07166930768581226,-0.08158184786933398,-0.08383422301325771,-0.08062284294941446,-0.07413129595888285,-0.09509734970905404
2013-10-01,-0.1534112521584411,-0.14691236685890563,-0.18971529924044228,0.008878654021700905,-0.011246401230801173,-0.16993922141589946,-0.17277955068174622,-0.0896772364532557,-0.06139705245694216,-0.14497562559573646,-0.16239136023337886,-0.09561387424346335,-0.1638646547349994,-0.1620853108193394,-0.10635000026127106,-0.09305383268614487,,-0.20625878372704065,0.04416572531600349,-0.12278449116254356,-0.17934363411998797,-0.08999192319540417,-0.08048151100857037,-0.15397899341804655,-0.056418899884490725,-0.10489133504677883,0.11597270450220454,-0.03146814943184428,0.04198764995336579,-0.0070683975269317245,-0.15524763248970314,0.021706075812323533,-0.013798921650590823,-0.13367036689041967,-0.09071961550924218,-0.05974438663966458,-0.15370166053499262,-0.06329166286273541,-0.12962281040501739,-0.07928458829103091,,,,,-0.09196579752149786,-0.09695807605570023,-0.1451096323866853,-0.1696238960733898,-0.1175325812754825,-0.1613953882182247,-0.08625072346138518,-0.16558090010712578,-0.06068622760134995,-0.15533784380845667,-0.11795881174844586,-0.10648525665736003,-0.09609664366741738,-0.24720349745457482,-0.04452768442142663,-0.009989687968719796,-0.1809175231225269,-0.015261709210745156,-0.02136347994470983,-0.025561325119844103,-0.15036666689648542,-0.06917780735992363
2013-11-01,0.07416954245270077,0.08013256938963903,0.04016552586001776,-0.011695352255395142,-0.012523352649994601,0.0058198816737091985,0.04437875045622497,0.003488951681423852,-0.0035148820838434014,-0.046220570056187425,0.08197918498444781,0.06921119135875092,0.021554871894186103,-0.0012525935215958323,0.07839576593384595,0.0022194167015806565,,-0.03873462592537785,-0.06711193685248018,-0.1051233788979942,-0.2318000532953935,0.01429506886783155,-0.008314362020710092,0.04672129565316974,-0.020983431722713886,0.0011720879649826377,-0.2286780061738291,-0.05107251808742186,0.02592934228486085,-0.0865609997280466,0.016497671219626198,0.009250172824416869,0.022873081489048014,0.07051607724876208,-0.003939483024150203,-0.03212069768270137,-0.07528149315012189,-0.05420991077071255,-0.017926640818046388,-0.016977426910010474,,,,,0.05599977078502549,0.0024138664344687255,0.017477658638158727,0.060125658485055355,0.029923127527210325,0.11981986582668008,0.030650805874619658,0.04328873356996921,0.04819934776593787,0.04358452989013323,0.10254085582906064,0.04578782677965515,0.04780854025278042,0.014473636946884583,-0.03966495048370178,-0.022115849360306028,0.014521296535839057,-0.031447070860370796,-0.020414468365579586,-0.003269306724638321,0.05636878065991635,0.010652083232550624
2013-12-01,0.010608021608946694,0.014940127374461376,0.1829593982937553,0.1507305354054128,0.18830858690853292,-0.042260921694528886,0.07798873218631752,-0.09664730481541359,0.010138168591731805,-0.07235570217084103,-0.005046989331310869,0.020827537455795075,0.08834246980341104,-0.12684414254648765,0.20930120764318494,-0.047629064622907114,,0.0619207400740317,0.15329000520068947,-0.12054408723768459,-0.09582051959578167,-0.016310584454196253,-0.030765807753417806,0.03163067219042609,0.01671012791653087,-0.1149147816677695,0.04548896964728394,0.15183485343855435,0.09001891980624344,0.12071724659295235,0.10909727939813707,0.09152276686744087,0.026465642763658037,0.056806494039820965,-0.10195395551797917,-0.01935971245803425,-0.10066559045703932,-0.0683957327678903,-0.06890882940291382,-0.09800536571270435,,,,,0.11415339740734481,0.0004508137387455591,-0.0927057617884727,0.019035195626074086,-0.0634591494633372,0.22860890971880088,0.10634335324298844,-0.012145174832745798,0.16580726545933305,-0.007140012780544991,0.00660686991023246,0.04889824583406516,0.20880362798964702,-0.001051921724229965,0.14691316339249016,0.16605416838924097,0.2691199613762698,0.13524968089062422,0.1388854515008408,0.09142022123423355,0.09481435274583683,0.20851008045892128
2014-01-01,0.05335313377939671,0.04287703571520002,-0.17727523521148902,-0.2212718735230934,-0.22702467229335999,0.17502518445215376,0.011967554424730353,0.10392346176553957,0.05725215526216337,0.13319368818193433,0.07459607721232342,0.06791401492245974,0.06757738464268376,0.17250219012711498,-0.27626655784583076,0.008671125872201757,,0.41536231476224905,-0.23849411459626083,0.14287101034046423,0.1565467224124023,0.17135173017908467,0.16970229931494218,0.01679835097571397,0.1420941859552502,0.12120115399336662,0.10396726708187537,0.03684045845365427,-0.21570558702974352,-0.08519198549568219,-0.007591646409948638,-0.1997142234480076,-0.2554066217129251,-0.048931309978639814,0.17752278320033543,0.17847533390365328,0.1301814219092048,0.14150726851810197,0.4108015349942505,0.20717562581118515,,,,,-0.15363525371076492,-0.0021063777921669913,0.17058791819885089,0.0560873924850539,0.12516303274992213,-0.18251564175419788,-0.060086209975303395,0.06703383685057579,-0.17691008704773922,0.17986489493858338,-0.031343471744823104,-0.010380998835647026,-0.1627614260728948,0.16743310337751866,0.039339859923503306,-0.16013520697502526,-0.06319374027108926,-0.10276153802972049,-0.15612655908122275,-0.13865120594396207,-0.0362579450657195,-0.20694183305547026
2014-02-01,-0.07058247402398116,-0.060245932175773405,-0.06114960174762109,-0.030919080042868263,-0.017995707786962477,-0.06879827582924643,-0.06359275236444041,0.09303484632354686,0.05499321967763943,-0.00943835465485976,-0.045141211915239274,-0.07041748401732004,0.05196367563080692,0.05539948179834586,0.02155280178560831,0.036785257392939086,,-0.04058163454173039,0.0975121424307881,0.0010157886090864099,0.09903924019945357,0.002290012051161805,0.03609875358934289,0.04639000100586693,0.061635855620411184,0.05579883072490022,0.10360195625317953,0.08580863881853874,-0.006073015545290383,-0.010224516425281605,0.06950577730982932,-0.005691943790656628,0.09834635424103977,0.059464043694055,0.003427541127616285,0.058686197704316656,0.03090475477318083,0.0073611007263563455,-0.26152868800678386,0.18900811107120885,-0.05486319092237581,,,,-0.04875857802878305,0.13300366013230147,0.051156734594848596,-0.08413769982180784,0.028010117266468793,-0.1077934923292136,-0.08064983660481863,-0.0011595358813699108,0.04536926753632488,-0.06299741093822908,-0.12548371863576885,-0.08475730428906458,-0.02629479201616114,0.018746713988794267,0.029280566100711808,-0.06667461957355214,-0.03300576557124846,-0.05144883090662755,-0.05378115593848798,-0.06009228672245516,0.03844321093820535,-0.020811615460497507
2014-03-01,0.03991836866428364,0.03820274706056728,0.10015449844508931,0.10394162597902767,0.1209250921478704,0.02846715851027446,0.1468174977367996,0.04724731159804524,-0.05584657573347537,0.008848427193516667,0.006185075935323733,0.018745829569406847,-0.03144831774333007,0.003978026156740699,0.08133703415463733,0.0795232365616127,,-0.05781072212460758,0.07234746978439609,0.07057334259278605,0.14984261388222517,-0.0019020062023933637,-0.05554842695144156,0.051468902869430205,-0.04764762708228665,-0.00262498655734264,0.050546072126156805,0.08244511437310657,0.17140683069017282,0.12388273059857424,-0.1626268281358978,0.16326661917090468,0.02990502301155898,0.05905587693902914,-0.030656119034585136,-0.05265656520119344,-0.011812497534781544,-0.040341016915581375,0.050372173962275835,-0.128291015503279,0.024018258159433675,,,,0.09469155781654282,0.06609969275254009,-0.0005211670949767933,0.01132229933159526,-0.07281136221894857,0.11413378238256035,0.05643680227605426,-0.038757699598869016,0.02186035754925994,0.09529012867610051,0.0565033818520914,0.05234341393779379,0.1047906988687525,0.03366960028516633,0.09548910190526827,0.11561572239098251,0.19977232673547152,0.12125364669141103,0.12078199482784724,0.09851605822763035,-0.016051485424239786,0.18982597721549485
2014-04-01,-0.09703729738730452,-0.11239927742971825,0.09618407617579483,0.16449119043180727,0.1428672115284793,0.09082009173641142,-0.009932420373379602,-0.13096803072782517,-0.013116986374855089,-0.11341684313806447,-0.12261649978138683,-0.07308897442441281,0.0007712210135467634,-0.08260423162760766,-0.08518866151551552,-0.05023234905451085,,-0.1118948527978873,0.19441564673115103,-0.005227240278090642,-0.05427193558767676,-0.09045615007128399,-0.010100764433987275,-0.031314184361700165,0.0009707740678920884,-0.008848260938977448,-0.015961935980709913,0.06993999210419333,0.03709506500830348,0.12279638862705514,-0.0011505084387319897,0.052845186493585466,0.1073137512447,0.052239736806770826,0.017891208237776207,0.02786177413218549,-0.02713692087237976,-0.0016787089905277164,-0.010475580956450237,-0.00823784224063695,0.003961511072249929,,,,0.16019692396252813,0.019579608584020525,0.027282121695685974,-0.07555196236210032,-0.03879172725223795,0.10968767948918427,0.012593333448211397,0.05414393471981155,0.07141151752528602,-0.06936327885304766,0.14811659403394162,0.024715214322214962,0.019079774771750213,0.028630890144314636,0.023219585299091183,0.15275595262508507,-0.029001112106461613,0.04046114897067837,0.11962494417215007,0.1460040535277652,0.040181024458661396,0.22927277153736086
2014-05-01,0.013763972820735881,-0.026227773133097654,-0.11872716760273755,-0.17713093270928182,-0.17370926121090238,-0.1643484671521227,-0.1696515145464138,-0.05630707133807478,-0.11728841715560631,-0.012872725798002457,-0.005978111233944705,0.018026909846124095,-0.22150083754997948,-0.058526182484814684,-0.012836238120193133,-0.011941042286759629,-0.07285461747733388,-0.1517188499468054,-0.20592765002071967,-0.051757008080863684,0.03521091010448327,-0.07414175773519868,-0.08662858629428812,-0.09182927819272252,-0.08844593349815588,-0.05221548498658788,-0.09848935089987193,-0.17687579667393108,-0.025575274535356296,-0.050172149193229765,-0.05620560368986455,-0.03314017213071113,-0.07483462855685777,-0.09925814697319588,-0.055516745548545035,-0.04573015533742883,-0.036683594161973865,-0.06172732243156451,-0.1435836400112695,-0.09179944478054874,-0.10906043916794397,,,,-0.15706189403442639,-0.15928029671155916,-0.03707238679107311,0.0059221586477102295,-0.06478571230117663,-0.14774901939875032,0.0021479688838497712,-0.0955185570544542,-0.07030273907166774,-0.1266010240824565,-0.08048312922007328,-0.054505916264995596,-0.10774260764080787,-0.1655051468883512,-0.3163659839540501,-0.08094004325737822,-0.2576833640064547,-0.03423553925072567,-0.0851007625626363,-0.04448456806594836,-0.13303717597237613,-0.22708574798587905
2014-06-01,-0.06275425409929447,-0.06827055458797276,-0.004016844518786866,-0.047011742515364885,-0.051429589595336944,-0.08485463006315117,-0.0012647299076503082,-0.03254562875015199,-0.011808524507909646,-0.06513933202444222,-0.05743319041097228,-0.03495381942997172,-0.1226714296839318,-0.06149799256794103,-0.012637813407482656,-0.06529486332910406,-0.06330079729848978,0.050658807835328,-0.08899760223540243,-0.005595713258909604,-0.08695103484169397,-0.018852705818435234,-0.019301679919171352,0.002235763035236593,-0.008146943145565133,-0.03234612170522261,-0.04649682304212491,-0.031581863236492924,-0.06367029957345316,-0.15303780770908415,-0.059917749254009,-0.0457425471919547,-0.07935696995053382,-0.08089586835889384,-0.010249934956874929,-0.018776692380552074,-0.05510774838163465,-0.00820196450973354,-0.039211428814875965,-0.028519369939291328,0.029480459531719266,,,,-0.024393984396843205,-0.05462033279975384,-0.02431883801347645,-0.04134547839583719,-0.020951639539681488,-0.030655011878657767,-0.1410146558321731,-0.0320562219241346,-0.06582392290436873,-0.03198827222951417,-0.082383357818057,-0.057416993788391435,-0.03648271137247405,-0.05886956640517699,0.009657261359250935,-0.08809764582566393,-0.046057594291206594,-0.1265470068591117,-0.11538264683493193,-0.09589867577522715,-0.056344789960610764,0.008692441779483973
2014-07-01,-0.010877716963910572,0.03149353393851728,0.02775792637984764,0.040826106105752435,0.04566009259784498,0.04136270821441479,0.05243567126048304,0.04514834457010597,0.016208687740165706,0.03517521337545662,0.04171669387178495,0.026034047801860083,0.07677898392344418,0.019521710765598638,-0.0004039679229415061,-0.01926139836301799,0.051601095282506865,-0.026522163035632484,0.025072280548612103,0.0467448095526769,0.046921137614426345,0.03673509899772162,0.012005509293900013,0.0353112981724189,0.019061859875153686,0.02765663957439521,0.026219876892598887,0.046628508879752784,-0.00802563621814445,-0.04964402616221841,0.022698797408051807,-0.010632845267206092,0.026813010355630662,0.04589593755770216,0.017702985126776843,0.03633278593983813,0.03814253739568238,0.01212383865168462,0.06656128791939825,0.02003110706506922,0.056343821576289504,,,,0.0578429693396425,0.034315635161074,0.028012138567636624,0.04438187643465624,0.00042861243625635925,0.04764358867016971,0.0441353595620827,0.026820765742416375,0.006820785213334457,0.053015044678699164,0.08375966781184557,0.03424354236236676,0.0419671478182157,0.05325271452706137,0.050820829003937806,0.023082097571624827,0.08134485450404666,0.04457351134548787,0.060932372920983024,0.057777509491515944,0.04985966072768011,0.02481471094021981
2014-08-01,-0.2039684694685802,-0.20613254087363864,-0.18837941368924305,-0.1317547284422138,-0.12283177327111627,-0.15896957961904595,-0.16091434076795252,-0.17159825102981022,-0.10396052682901064,-0.1354946722986655,-0.19935455333868507,-0.19689827490084066,-0.18617946309649683,-0.11855475105887062,-0.23214198078628223,-0.1796415252720739,-0.14007497358681403,-0.21467268398619754,-0.17763986415529331,-0.10977480927188443,-0.12350045920558397,-0.1352958483052349,-0.08316829340785258,-0.17558237098143642,-0.08453437615984283,-0.14812324485267125,-0.05838710568030153,-0.08041979667635257,-0.15574074231843227,-0.1663046850339509,-0.2095618417827696,-0.13088150321345515,-0.15341002189511077,-0.20771975990754632,-0.1480797268446102,-0.10840968400102807,-0.1258459790100679,-0.11833807286033439,-0.1171167682969344,-0.11222464172212743,-0.18933882974929134,-0.10879874991878469,-0.24436353513708026,-0.1300109129783844,-0.16478226858968487,-0.16803127006860308,-0.11604793621923537,-0.20704549183829424,-0.21474722366678073,-0.17026947676678184,-0.15339135557820505,-0.2523895668656816,-0.20667949983709422,-0.20944259115888364,-0.16917717949322697,-0.17811571179864777,-0.17680101812250648,-0.18286233967203497,-0.06648067697489113,-0.14902479815174263,-0.20947010751506123,-0.17035410341096402,-0.17408495701636328,-0.1858759057242807,-0.18856358869337475,-0.1725759944198899
2014-09-01,0.18712379963925474,0.18056056174321483,0.042019874990326556,0.02486559094691332,0.045002269187176536,0.05700318167733581,0.03794765709598713,0.04567305302247432,0.06498709925055751,0.10777625716431294,0.18910641242946524,0.1285892497386925,0.19283466165920105,0.049267437255516355,0.07839469256297982,0.017018455374491315,0.03785416882439785,0.13690316215069448,0.0784404881926225,-0.017677938145075345,-0.10545072181590343,0.0732744829150877,0.0641514904341679,0.07260712888659748,0.057573667705916015,0.030817008286540937,0.11973481151376447,0.042178783744897586,-0.016084003574292183,0.1039804819066597,0.07293040673037054,-0.0009964130073346622,0.09368095916897223,-0.030275594666821615,0.020207543546865103,0.027598076432274077,-0.017461783980844497,0.04800965048311984,0.008034363248135695,0.026265003751131055,0.10649084063448191,0.002785615157092025,0.0499043056590085,0.07225327461718606,0.08423865817230214,0.05183046997644103,0.007031156584973219,0.14672624168933301,0.04306404858263668,0.10585576784526302,0.08656757878916899,0.10366558947682053,0.06044627830708871,0.118417976277504,0.08752328130825543,0.11353436860997118,0.10725319786130616,0.07612321554245943,0.049104355286113954,0.04178973355952592,0.1568039697646313,0.07630776917256954,0.078771167136728,-0.021523419219519224,0.11800109243325099,0.07356841511015311
2014-10-01,-0.0812180311090458,-0.07897042201208032,-0.02809519068583799,0.18634295404463774,0.1803850131205822,-0.005256938523877763,0.04751773899907785,-0.03332252411530101,0.023555591300385925,-0.1043037393084757,-0.09751179843355162,-0.0336183750567966,-0.08918203101092426,-0.0434207556269702,0.0249599946553124,0.026220469356880938,0.05966497005132271,-0.04810365110587789,0.12863739973692911,-0.02164008577508708,-0.08681229594848133,-0.0008014624141302051,0.02793741012124945,0.03155266192440731,0.031372740925209586,-0.0018435511770732715,-0.07568713965557694,0.04467066221070404,0.16697138631417385,0.13692715623523077,-0.025042727527705644,0.16350681363204445,0.1115969288939479,0.08068787524665577,0.026125891243838573,0.06024780585331521,0.0068409848842925225,-0.005514614889293057,-0.005900889736679182,0.01696842802510562,0.05039537403577968,0.12428449248973983,0.07866573736725768,0.09248304527963269,0.216076528733051,0.07685785252275656,0.09175932089107969,-0.049741444516883726,0.04401390099557362,0.022256096997716357,0.02878292598480192,-0.0735600347012142,0.021572270312579578,-0.06419116191096502,0.09155164218631545,0.005658839473759447,0.054026049196418235,0.0539302112097117,0.02042714687595737,0.11924049360936995,-0.025786735998444776,0.11694503280192153,0.09383586853000814,0.1725700173543574,0.03431693897116478,0.06532312478405644
2014-11-01,0.10103959138591906,0.11445976506522965,0.036394143806171786,-0.029393840476282046,-0.056434566292341226,0.040836173093345,0.02382770903376319,0.059513384744052183,0.05221754023533723,0.03348627020581042,0.11424121394263498,0.11567009171643428,0.05680504350658366,0.05085589950076119,-0.030716422676673294,-0.05390138673751857,0.040543990459579515,0.042577428665048433,0.013483096541845652,-0.002095591987097273,-0.08513763501798399,0.0755063261372248,0.05854795592263551,0.07359011811936655,0.052508959866650384,0.047666922748801424,0.06690498503713538,0.04595485088364076,-0.03022207678934702,-0.02892674163893033,-0.020638891593484088,-0.03483990063760428,0.0008960726976828537,0.05902572359994568,0.050087310890335496,0.04946322489422961,0.014468601481014198,0.0296177151311878,0.005924181449734153,0.05361900196584024,0.05448214862355383,0.05790650677357162,0.08073972355593279,0.019092100026764536,-0.06832306894125117,0.03185966525478512,-0.02868450349648974,0.09719282791945871,0.09162321662206441,0.0906771717201762,0.07573198765055933,0.04310990775485002,0.11698287416492792,0.06736091656996485,-0.030888727098987545,0.09300223207496527,0.07174728943740777,0.05726569200122894,0.044810331136870385,0.060731115301754734,-0.05469780431904686,0.05216625851962681,0.05677669224549492,0.06323968238477728,0.08150187346664928,0.10556894120508697
2014-12-01,0.11714485776862832,0.09903716042766608,0.04028998083779878,0.06061734075764599,0.06997441799464826,-0.011136350324011501,-0.03669004806396081,-0.01309013938526854,-0.06294589401629189,-0.001017926833397742,0.09812097486030769,0.13393010458229004,0.03881852018587048,-0.03579646848677924,0.17770222636079847,0.1320865055723424,-0.036591538680116414,0.01219866360687194,0.0018730543031573732,-0.15462976056086858,-0.16687797341211685,-0.07479712349315076,-0.08533602087766423,-0.06817905174210959,-0.0671984156698171,-0.09297057138724835,-0.039789868935473705,0.012032542390645773,0.18211030529221617,0.12297228408729613,0.09253055990945089,0.14117578628866806,0.14581480258831558,0.06495904354478121,-0.08317191252752763,-0.06254027086071429,-0.08123252859417185,-0.09414804035910515,-0.054706496415442826,-0.06333921902649309,-0.025134239614728826,0.0046354744711864515,-0.0039997862055917155,-0.07838845569900393,0.015465901417587191,-0.03668649524270812,-0.01606847194809538,0.1310439392631576,0.062381161698041365,0.06829974558970614,0.08384374491469421,0.06384362573407854,0.05200342123677426,0.04555350188185642,0.06785800578127571,0.07103706533441864,0.06492211851385168,0.06446280081636796,0.01508572855372603,0.056461205553577476,0.10137287436165215,0.04087681782281963,0.1726849565314834,0.0760067411164933,0.07005909390652082,0.010013895733909206
2015-01-01,0.08315462209272662,0.06121433078077293,0.05290070828589849,0.11357065035967326,0.10930816570493915,0.025279356851079154,0.04468326488542723,0.02653989225365591,0.046453027168446376,0.01605171918202039,0.09734271952292822,0.06616169769565783,0.03633383089943537,0.029878307687855765,-0.11563874239694291,0.03292406555287658,0.06021628903120188,-0.005766792532336917,0.03353397801276636,0.05474801767287309,0.020521068881396515,0.05399886866419204,0.032963174565251635,0.05342164453124926,0.051628405164738045,0.06477709997055772,0.039084291290940876,0.02008061521032989,0.04922080011443736,0.020826766159877455,0.024865192864591004,0.060129379066527294,0.060594335837089966,0.04341909690159948,0.06333702857814368,0.06274525908012207,0.036046268822907984,0.06317457583638961,0.002823029502854152,0.04079169166732699,0.05441405716454162,0.07362682209185994,0.0892113479166021,0.027242138346799838,0.05824740752299806,0.027928458407790846,0.02298193356606079,0.08137469508113654,0.05338523100136011,0.11818076359283863,0.13361989672162705,0.04835161372390839,0.05330235207143394,-0.10498101387820113,0.06875552656325454,0.12265404732118551,0.09487469935241727,0.010303605281553274,-0.0007002530649375394,0.10788204010381772,0.03595177768151836,0.10534261193786684,-0.0035556958611783485,0.09077644131113913,0.0627568255976248,0.05199582727069946
2015-02-01,-0.07138858382416324,-0.03348548257007433,-0.07793257871387155,-0.013234619240103954,-0.007619566391635538,-0.12891812258863294,-0.07506170099276194,-0.08008167014755979,-0.03637956968761494,-0.0662516402128362,-0.09439917885339272,-0.09215203407926859,-0.04849700153320868,-0.06085192578044511,0.04450996298130511,-0.001996632059411224,-0.07056651421699159,-0.05353923919816511,-0.06906674223413228,-0.1141451851228118,-0.1157325398543386,-0.047024452936808445,-0.028193459057227338,-0.08618378111530645,-0.02364614756753497,-0.0850890752996141,-0.015129032595242953,0.009025211315411952,0.02216777534536829,-0.05359676447025513,-0.03065787583299745,0.009907742799313168,-0.12688204918907353,0.010697850977605644,-0.08395033672760643,-0.06391991780400222,-0.10095847189606565,-0.09757679245729674,-0.027472931784627577,-0.054652390227230674,-0.07178368241865762,-0.06497786740782946,-0.1080685475653527,-0.056960743637676114,-0.043076908554247395,-0.06935220255265334,-0.058780665800784254,-0.023623132494530907,-0.05103475786118444,-0.05610818831447967,-0.07724687749493969,-0.011731232490452048,-0.037197215958143515,0.08959323552652909,-0.0190356138480057,-0.07630921754689965,-0.048278577515496995,-0.078074987743803,0.005803312577471853,-0.07968482153909723,-0.07779285863025615,-0.0913502421913564,-0.10031499013162362,-0.06353895198597612,-0.0479662056033176,-0.05296217477445858
2015-03-01,-0.07370804283200105,-0.07619239150832297,-0.021555937777020473,-0.029808887654458632,-0.031337711799083484,-0.005403392171009547,-0.062104058106695115,-0.05957521311466249,-0.06617282118563897,-0.04230050562443752,-0.06292254730279784,-0.027958337047395476,-0.0648442004709689,-0.060705856425169694,-0.03925329652344389,-0.04237243894341608,-0.03897888732201013,-0.03746347273046724,-0.07656753993564508,-0.018111557378427207,-0.009047051272842242,-0.03549663311085169,-0.049337415967390455,-0.009556553687958602,-0.05859136772465984,-0.031161781735517535,-0.020970323625223553,-0.02925591784103221,0.04273307238048263,-0.0530413088985435,-0.03902797005298675,0.06127897422832325,0.07512803827627171,-0.01100484298013843,-0.02913480725865366,0.007038416706071082,-0.023555616246193033,-0.02013615984367101,-0.05392858934023251,-0.027480867999437886,-0.13940903149076184,-0.07051042698392823,-0.05846897166467413,-0.0630840452940244,-0.054046248960592014,-0.04090576005845781,-0.0314188542034948,-0.08615250667255475,-0.018366182516171836,0.028118093271088884,-0.08121817463234976,-0.030987907125657466,-0.03819631914950325,-0.026577958889702158,-0.026926826558764633,-0.01801157569837894,-0.043674302724990344,-0.03486958828974057,-0.061408236412627826,-0.0434112671394806,-0.05883720594782399,-0.04561215852384909,-0.0336342857712697,-0.048829008714463884,-0.03151481381668403,-0.048627818065846595
2015-04-01,-0.02926960067944498,-0.05757793595824395,-0.13192927852847947,-0.1803667013592039,-0.1935120080404047,-0.014599258304463375,-0.05506173015114474,-0.0165241692478562,-0.00783342169453105,-0.013714968936698504,-0.02041137832462514,-0.0315769617106304,-0.0314389633092414,-0.011510424130972738,-0.06158436814587742,-0.09547274103600767,-0.03049694560151406,0.0014038564197277892,-0.11604174390280164,-0.06450305437588665,-0.06654308118663076,-0.01009475178478178,-0.003884767750564788,-0.020402801488358047,-0.005094536764357949,-0.014102920048448805,-0.025003421068427595,-0.010684732551241083,-0.1481996812686805,-0.12305511955191145,-0.08002723635187853,-0.1608841648355412,-0.10431034525972849,-0.0809328134698532,-0.0044152198011739585,-0.03648581059753542,-0.01860875021849792,-0.0059681030044260175,-0.020936077025087665,-0.029875954877435662,0.04896727655578015,-0.09241277781808332,-0.04332707881580211,-0.005514322016081652,-0.07960347786560207,-0.009649360850236988,0.0007593945598616814,-0.04088481231070368,-0.02267374587454815,-0.11241566666252373,-0.02827545339002141,-0.04077367854588243,-0.08742088589014185,-0.040258317121826426,-0.06128691238287118,-0.06633173823832486,-0.08530696793435316,-0.010202877997860904,-0.02573651753684708,-0.08728785646631465,-0.036165712189463295,-0.08024474601788284,-0.0863627714386207,-0.08607380411887727,-0.06548747447165493,-0.06982268985830165
2015-05-01,-0.13438979695761621,-0.11301873614886554,0.0399971506290388,-0.0037074378076780157,0.03427350918166899,-0.10387336178374004,-0.09069028704503412,-0.11716046194021532,-0.07822891722380029,-0.10279791170741555,-0.1370327904132751,-0.10376294282459764,-0.1236518320762808,-0.06116829136807679,-0.023282888127454604,-0.0226198267216548,-0.05955297409835977,-0.15810289398064759,-0.07773292551645505,-0.04345875415715065,0.001980547808810452,-0.07152482678507108,-0.032437682569877335,-0.08212194272445572,-0.07568087935513501,-0.04999077578606721,-0.05799588130405042,-0.08905026228708313,0.09474492811209093,-0.024860144286797836,-0.0642441570967362,0.10759430240724857,-0.01428034258098504,-0.016979103391915384,-0.046169178359660015,-0.0448550649602297,-0.05870335806635695,-0.043497765393885605,-0.03306394837495297,-0.06864364448170457,-0.05169878450928378,-0.02679644501136369,-0.06646401107800864,-0.08970341960814587,-0.05607361545890299,-0.09579629427489372,-0.0547115407401115,-0.09503444797577948,-0.05526331304061144,-0.015657561881117388,-0.027860142010970756,-0.07261026318148533,-0.015850572652518102,-0.07407855613007308,-0.050604169471637206,-0.061018968725674416,-0.03605165978395408,-0.11693321769871035,-0.1450803606812634,-0.06429910508452336,-0.1506761454632951,-0.0808044361149397,0.02127859328913645,-0.058417473308441825,-0.06409957458627846,-0.05640485692420061
2015-06-01,0.04169291527109187,0.05862433214459173,-0.05127622536590787,-0.027404504572231148,-0.051505178378562555,0.07173161093888097,0.021853363597491293,0.051790001476232445,0.04204249662567988,0.06595741613293016,0.07860146599397161,0.05642191213029102,0.09417140589042511,0.03847190548106705,0.005059351239097731,-0.06762535944610859,0.012888576927111983,0.08500807504846042,-0.038391677145955594,0.029504379527608857,0.05356079629450919,0.037554239063001815,0.0046400177032275,0.03768427453786416,0.0290534254404628,0.043425435192521455,0.023334380637093338,0.006512315674200075,-0.12033320211125564,-0.0676169769617434,0.004818690848141183,-0.1330344579523528,-0.056361913611181036,-0.026568842326696707,0.03371163267577318,0.01081769831197052,0.03909271924404842,0.03163748946272768,0.02858051902027353,0.0012383196230650317,0.012896973854577942,0.024122786109521455,0.037202390670200786,0.021765289733503945,0.028706737170045904,0.04619672574142855,0.020421643708893406,0.05363117060083633,0.020574332727274713,-0.024918195964189704,-0.030173933674955355,-0.0005676575105360016,-0.02741985530367491,0.022094277201120283,0.015242647731650849,0.005647599983858498,-0.004659570430240734,0.044040880638580304,0.06817378303300359,-0.02011586603422627,0.07196032919403084,0.0005742551515497962,-0.0723357521718816,-0.010056874783049619,0.005933156561636954,-0.014118102331871496
2015-07-01,-0.0425459772005001,-0.06388428377362923,-0.04049034244011329,-0.021183302535029758,-0.03265928055246059,0.005144813343464602,-0.027462793399614605,-0.025222079458588148,-0.0011107631990950467,-0.0021152616260417534,-0.037502499914757514,-0.052929278537797275,-0.00832676952441054,0.02376807840412376,-0.081570490806266,-0.05836901950511797,0.0116588651534512,-0.02954716028180715,-0.0398416603850591,0.0402289632467317,0.07793380819371423,0.18304606829419207,0.008513102467221284,0.01405378111431102,0.015465940025911007,-0.006586714686553377,0.03386795290419306,0.024822891439251205,-0.03739965458176375,0.005792973502783905,-0.06721105963711904,-0.007957941941756697,-0.016885366492947584,-0.020442792695220757,0.006403429364597812,-0.0005129367754874992,0.02068438222579963,0.007840080360504875,0.016965387424219214,-0.01088811749287849,0.02163379364807197,0.020542285123553994,0.0020008452451772962,0.02516778777298384,-0.017854180624884364,0.0008652327445081986,0.023266645708719294,-0.049846977530561276,-0.049691797147960626,-0.002591999158932601,0.07271254452880888,-0.05420749547006409,-0.02955451536445397,-0.006080200866540986,-0.0381504751092816,-0.019745475459819473,-0.012868340257873034,-0.015999630138747167,-0.0928399375927077,-0.02962191326501684,0.028691203764977857,0.0005503665035438976,-0.03811299949499991,-0.040481947800582674,-0.023572976585855443,-0.07793218687983738
2015-08-01,-0.06065474813421301,-0.048367160189252245,-0.11053656710437954,-0.04870415230167968,-0.08248116554438056,,,-0.05859693731660358,-0.09134008361012155,-0.010845107873619447,-0.0521823219405641,-0.08084177342680232,-0.03390488894797464,-0.025498459142931723,-0.11156306556838835,-0.11474172729880006,-0.05645273039287525,-0.044435492233663276,-0.06706370736590972,-0.05816854282285121,-0.03204438826460548,-0.002149850425915839,-0.013183189198262668,-0.0301204050998089,-0.02698924388346019,-0.025377082380457716,-0.01810688702068647,0.014246159689337623,-0.10877474489681493,-0.07859580702280416,-0.09398657034584701,-0.10353444838444814,-0.08587325631031739,-0.12131485885367665,-0.030876626176943048,-0.03590059043497501,-0.04469367222202776,-0.038027416022900204,-0.03250447978797967,-0.057273645366433756,-0.04566853794921891,-0.07095070219140626,-0.09986778679174824,-0.03526671978575613,-0.07456081653115171,-0.04684664090105958,-0.06168443395028142,-0.07010283712586202,-0.11719543288984438,-0.10224257621768162,-0.1522994525247351,-0.111339102343601,-0.06656341666914961,-0.07012292110524998,-0.08737015305705942,-0.08925285763986074,-0.09700053186273994,-0.06536832019428612,-0.07117134472866427,-0.09135868510394207,-0.11038681595299271,-0.1142408477588539,-0.05929849179584157,-0.08802051315546777,-0.08866103813646131,-0.0797920053521256
2015-09-01,-0.03847515615353893,-0.030275268627548035,,-0.15197223297762796,-0.09639385299253744,,,,0.05446515272918312,-0.022447652417014505,-0.024942318096773386,-0.03899712308400932,-0.008534143637321301,-0.030536730585073238,-0.1053326832740028,-0.10136670576618556,-0.05038606288923565,-0.011251079337083358,-0.07165394065449504,-0.05244311035368866,-0.024607475804351228,0.08987683059151177,0.0024355701303040225,-0.02981078596864145,-0.016892030022111648,-0.027983680725681567,-0.030915981725901376,-0.03423023351689092,-0.14377970588665534,-0.07166422771879538,-0.11703204574837744,-0.14914781127732868,-0.0862672314777585,-0.061672301323461354,-0.02591224134030644,2.5284930073365963e-05,-0.03464421473298794,-0.02249545510615314,-0.05864790396724648,0.13983870638530949,-0.04725673727940863,-0.09684455470065045,-0.04552402662687666,-0.02364453204576683,-0.08692779210018559,-0.019432527894986257,-0.043782572447288504,-0.06527462068905432,-0.10159576974437506,-0.06995133841239043,-0.0746246693493754,,-0.07936012922767438,-0.04955839355611297,-0.08372712036136859,-0.04355554270442252,-0.06557813168238447,-0.044416851894931386,-0.0040635551641328704,-0.0908467599901126,-0.03704532985314568,-0.07115191385507669,-0.09573382131676755,-0.09812390908171009,-0.0398931536090214,-0.107640209527192
2015-10-01,-0.10058639203487274,-0.09366880333199717,,-0.11364579860557777,-0.15235526168488955,,,,0.011351499596438303,0.05950477455649707,-0.10142347857096479,-0.08136708777061041,-0.08023715926436323,0.04382567592353722,-0.08705955837015078,0.006028418891963483,-0.0767870603283776,-0.04734382851403662,-0.018549387385465632,-0.06395596322210073,0.08491312106825129,-0.10876050141561314,-0.0070620010617789,-0.0497279027383013,0.039713313003170825,-0.07076635674569233,0.03401362238834327,0.07187016444291239,-0.039804723115389296,-0.030720704445711178,0.01569408680982154,-0.029100030244538444,-0.01617115751845888,0.06632250856516142,-0.04989004653296793,-0.08889426159115518,-0.08437662286378698,-0.07389988123905408,-0.050057803166221326,0.00022304434615266766,-0.09524231193349533,-0.12450209446926264,-0.11987537482965777,0.006424271571902285,-0.15454440161604044,-0.04205727357673533,0.02898701793910491,-0.06012476762305402,-0.08874586226010209,-0.12700243494976993,-0.09663220307257081,,-0.12833833544641,-0.12297131123747623,-0.12746148081390107,-0.11371163468522644,-0.09236819979402455,-0.033876567853532547,0.15757074616619315,-0.06589490605066328,-0.02847940705292018,-0.05985045833580538,-0.06822016353029459,-0.0934920643619982,-0.08798393611855054,-0.0653140495938902
2015-11-01,0.004609390758980925,-0.0008314192332167791,,0.04386742972413993,0.025922254736013617,,,,-0.009276107420834179,-0.23119012983903076,0.016069798109452305,4.6161287683310626e-05,-0.004987134183975561,-0.19861118905945369,0.05706335398396323,0.13141020581177898,-0.048778392325080244,-0.08908549571762359,0.06287799878526612,0.18769196602767405,0.021387752214823308,-0.1785141007933138,-0.02877335725574276,0.03514315420079506,-0.012341278434644498,-0.059316699335027034,-0.0007002889854671457,0.030548136416075122,0.19426970706782642,0.005017730556442501,0.05731239258261711,0.17014634210132362,0.03517159856564234,-0.20334154731982024,-0.05861883859804218,-0.004794673041865705,-0.06148500215515307,-0.03910437797962704,-0.04441036852273006,0.006907371238612903,0.03318737632700486,0.05517798474605673,0.031913683992298936,0.0066679212842876145,0.06157581058012085,0.04263355452149886,-0.16398700886988107,-0.009708941680182492,0.07348638007935593,0.03222199130649861,0.10623410892841834,,0.051600511894301704,-0.0013884797445400388,0.03952474361673425,0.012830378403688336,0.011028147040068326,0.021550190893896204,-0.11339348142092942,0.015713097438846302,-0.08587751196527726,0.02315073643336807,0.11514583915482435,0.032261214193019305,-0.014295188853068796,0.032182662485056746
2015-12-01,0.1256274871091585,0.143844385936986,0.04678122441957322,-0.05853009738449588,-0.0672459927862783,0.26896776999456196,0.13056444571527315,0.16002710785699126,0.11536966097622114,0.08140102019647155,0.10784882651899497,0.13494010734601436,0.12319995971362574,0.10700954491005499,-0.09401180030650014,-0.3977210913374436,0.23839585256469498,0.4533202714154494,-0.19407928332304358,-0.11997271529317699,-0.27366104484516734,0.15624735045511917,0.1936404614113707,0.16099644787267597,0.14747273654913134,0.19767092576015588,0.11623282295820514,0.12476995867687068,-0.3601343675565091,-0.008024678293337528,-0.26147182132034896,-0.3376349318180266,-0.1638269895406096,0.07042511844420607,0.2223132233218832,0.21533853786668955,0.1702380520820349,0.18481671649116493,0.1040040798589813,0.14973628101397873,0.19537949682788525,0.12875847033157828,0.2128516439165996,0.13642080272170254,0.0768649521391851,0.11347419855592045,0.2154683767639597,0.12153736773411294,0.18323284076585744,0.06520397191995209,0.03115436429801055,0.15559290248677748,0.06839362726762166,0.290939389865544,0.14728038704260138,0.1819967589958329,0.09104424945779677,0.1929302566229576,0.06547382599021712,0.06857143243248331,0.15823498427121763,0.02344479117367393,-0.08659515161566844,-0.0036520197216450834,0.15642939506481024,-0.022207696009944877
2016-01-01,-0.03542900461545179,-0.1426684408392314,-0.09817174357411751,-0.021035724720178894,0.005034401878060138,-0.13513511885487317,-0.07679526735889887,0.006473009693759663,-0.08554260732382393,-0.04158889458208548,-0.1407319659905726,-0.1604155603002515,0.00874815616703703,0.04959605308800247,-0.10256277650537265,0.0026083267351009465,-0.06740533503596302,-0.0865795814483911,0.15321732164159632,0.05161845331339271,0.17731253614392817,-0.055039698197446946,-0.0712929924308221,-0.015006628044565262,-0.07836055314010165,-0.03188559961316334,0.030167613292472584,0.07005758285249454,-0.0042115755618679016,-0.005199810372390201,0.007692244526489589,-0.0006143093013756193,-0.03358537821412902,-0.04789568702341365,-0.04763188804905416,-0.07135696659242236,-0.023005093511514307,-0.003593372789124083,0.03931804830961522,-0.06496213543051184,-0.07022742013774602,-0.13717218505054174,-0.19418883390219843,0.2567730076769785,-0.06763172042397003,0.05756400927112998,-0.01564409542813633,-0.16163301889506312,-0.13667055738392175,-0.05966677053852133,-0.019431397995295252,-0.10921944941289471,-0.039842117743133634,-0.0730199706630722,-0.10929703889283501,-0.11841232023432913,-0.0565009340855781,-0.047300203581058575,-0.0036992253729294378,-0.12443539586863578,-0.054525559158021264,-0.100594853905517,-0.07974498815870523,-0.09583433750342762,-0.05919655520049287,-0.07374024070188907
2016-02-01,0.01631681068600549,0.12249694530027952,0.006295056201913708,0.0011247230065944865,0.019372941958041824,0.023285900203846674,0.006970577515617568,0.1748845281707846,0.023118314486951452,0.221628460730477,0.16442373321429105,0.12967294808436255,0.04763309019806544,0.08182490138210216,0.059822291544923106,0.11482106206972117,-0.012827502300498478,0.040293873646711595,0.11505562774182151,0.08836469520116884,0.2609675926669625,0.12844911104299486,-0.060795951382047714,0.04922094479281251,-0.02465446176441377,0.07449801421748106,0.04271287989725597,-0.016203821595730333,0.05689823313497076,0.04844193910750677,0.07302495440148965,0.049322460434009216,0.037500685746295614,0.029395066641356604,0.02015585358277637,-0.008271248710802703,0.05386965736755228,0.013001539679137558,0.11488852358526884,0.014527029655916013,-0.008881905522228659,-0.014358878174277973,-0.046271665712678274,0.041882465880829,0.0007207646907202298,0.06469789556873742,0.053509161592066146,0.10413220343274165,0.026475983628603872,-0.002076221497367199,-0.10038471131469974,0.019333695782019378,0.0036455477851493334,0.01057594869563866,0.012814422818891197,-0.02228036967320557,0.035970613121767414,0.03124861347430763,0.08804067632540047,0.01187681847748566,0.06430461792966763,0.018480833600873353,0.01922415720625223,0.020413869448634853,0.03188909253713321,0.11402827882807688
2016-03-01,-0.06674663242118689,-0.08948056578868813,0.05122740306682298,0.07214509814885472,0.07546205893398251,-0.007435590541822856,0.07600248289982732,-0.19817298471090153,-0.11929331297024054,-0.05594726868197274,-0.1274838893637679,-0.07516107344529768,0.01033920652201245,-0.02335662497771923,0.05079351802415355,0.013550677337734268,0.014805778436342731,-0.12790278714444892,0.07177019543645946,0.041648271121744816,0.08510948765852919,-0.1969735870294815,-0.05516580377084922,0.0111246594965312,-0.06503163930875627,-0.03701555633266737,-0.07146082067224907,-0.009925446864143983,0.09324528744397491,0.06569133861557103,0.12121545115506349,0.10063126148463855,0.03340383483435891,0.015633403642972388,-0.04017669454521963,-0.042280647071691435,0.015371321171968572,-0.029535058402182207,-0.049730846756132374,0.022938306039075165,0.003735077952860627,0.025091573507446313,0.03784867691255601,-0.1345925410826292,0.03712267244750381,0.0029600194718742145,-0.05147156712348283,-0.08102639066015499,-0.08466793021730451,0.06370037759939509,0.03945603822950777,-0.03658166049030162,0.029375910986171372,0.05009324287664957,0.041773008674175466,0.024582259222900527,0.0633830544272074,0.0019368289223614943,0.048788315383978875,0.0747936940066998,0.15323169828322442,0.07595110728923363,0.07811883732983829,0.05865043919247674,-0.03333608387761272,0.03565618887541698
2016-04-01,-0.1122874833278511,-0.09037200794704175,-0.0006507889731384858,0.012489232228818158,0.02036166534838247,-0.04731183840572989,0.005611183130254341,-0.07645320874540756,-0.05469564058209292,-0.0673897685304076,-0.08656536316924512,-0.08494200532389112,-0.1619490282718565,-0.060669731302611024,-0.06151372208993766,-0.08452528885097563,-0.031115357281402356,-0.1788398079108791,-0.08452847297924332,0.056346822214561346,0.041570016444517584,-0.04799395029605352,-0.055829380610684265,-0.18098355508255282,-0.0394060675642538,-0.04939317967190297,-0.04495465146428501,-0.07852717733860137,0.00662787012506999,-0.01980009204253444,-0.22805404760183257,0.0013610349784117237,-0.04176350059620164,-0.21900167879583532,-0.02555952396694,-0.021195500737798467,-0.006133804462300295,-0.032533016320197825,-0.04841795546877778,-0.07115553891229676,-0.01022193152274662,0.0037714701588789645,0.043529638272439365,-0.06025558865262037,0.07890314587993702,-0.06073555518242851,-0.02025218453459754,-0.07908285878932989,-0.09910483075726123,0.0005278593590861969,-0.029485169663006128,-0.0859058845551911,-0.03098048246690384,-0.18054665904542863,-0.19926842940313216,-0.045033805037321295,-0.09035208302284292,-0.07155386152320442,-0.01998065087871717,-0.007834843966788851,-0.03482990642096895,-0.04923789281979077,-0.05079873308665153,-0.0037810038814680424,-0.09368229068857126,-0.017192051148853943
2016-05-01,-0.02554005858335001,-0.05604134807380204,-0.038899903898679644,-0.1312907979742131,-0.16881753394689825,-0.07134598629757335,-0.14576525113276878,-0.029895200286927187,-0.03163933038384051,-0.06978319518366824,-0.03742863491735848,-0.01086350282395776,-0.18608488863643144,-0.07415254077231592,-0.03505998545516531,-0.03800125754667677,-0.03709729380225435,-0.07067896342720165,-0.033632226282380384,-0.03686220443779942,-0.06880196187566023,-0.03893463085178177,-0.014447019219961832,-0.025615211646909164,-0.021124729723967645,-0.020322919779004495,-0.006721264845694075,-0.007496484661481256,-0.08032761929150534,0.03694468052738792,-0.06501061925889651,-0.0892444684179009,-0.11513854631823722,0.06177755941188581,-0.041880947502318494,-0.009492216761606609,-0.04532922227045988,-0.04094934077769739,-0.06792645058104615,-0.042480436802893234,-0.01748534562832116,0.07183476137512512,0.011582912811165191,-0.2180483379559175,-0.1027792191698163,-0.09189271690824022,-0.022960322873919886,-0.013948056518532065,-0.031024605558223395,-0.11339579064811789,-0.08265305920033178,-0.014205718886995955,-0.06584873829370591,-0.05297311473724314,0.08698616165885054,-0.06164023194730872,-0.06384453061135431,-0.0867100313161202,-0.29598773875021656,-0.013804940201003868,-0.3073760533371574,-0.04606913012314284,-0.03569669546486587,0.021321692758646343,-0.04621618112801901,-0.03548559337187995
2016-06-01,0.09610570946711117,0.12873966285147959,0.20167086839977455,0.42137827820307666,0.46034172182495275,0.11852556626852362,0.13334811552687498,0.009156438180682194,0.0018422525074911766,0.09698559443430915,0.11902883640402939,0.1099322768648126,0.15670445098046465,0.012220723900006392,0.11338817619460134,0.16794512179930987,0.07108227197709116,0.0069560763286558025,0.21246765684405372,0.02647304546248394,0.07399088546632315,0.04536919875696828,-0.035702104621213704,0.043919271016405526,0.002534568042669272,-0.01963214653906248,-0.016968083255650024,0.03599552136557177,,0.09268750728923152,0.09440472851607318,0.2825119978835316,0.20398372831376543,0.2236624951714435,-0.024128653407902267,0.0019602772969943283,0.00889140824407228,-0.009753116897578337,0.049643351792366036,0.06769833117661189,0.13203853938706595,0.1535590694792811,0.08250000214944483,-0.016763811512827576,0.16137242997442286,0.038969750472134385,-0.008840884978796454,0.09949789579866875,0.034230505502504144,0.21836904217605635,0.1566525122414864,0.1325263747245753,0.32585417040546044,0.15776152046449754,0.15644292503599821,0.12926436029053448,0.2264687906470151,0.08848565608380349,0.18760519787292385,0.017084999715036076,0.1177634214994367,0.16178588945537384,0.15676638391058828,0.1350400712653968,0.13569640187103804,0.2250611530540786
2016-07-01,-0.01989962244796012,-0.0701097048748972,-0.040857377611488555,-0.18240910250907716,-0.21437638945983212,-0.1308785968431351,-0.08816875631703469,-0.053067658054312225,-0.042138466480343556,-0.04156948733843671,-0.04882862202342725,-0.028314398743352176,-0.10164160979965109,-0.017597512244838354,0.0067910975430295895,-0.0018603694686308292,-0.09144565909764946,0.00018550239836412352,-0.10181720082450146,0.013761385180076802,-0.012169744537268157,-0.07911424516614438,-0.013039156442970046,-0.049753801565167816,-0.029763316268153928,-0.009416637634500763,-0.04960227371495568,-0.04980884737745761,,-0.16651754279892783,0.12311918422546775,-0.06707916704502503,-0.01604396104185596,-0.08018622023627237,-0.012307736714038689,-0.012675299971401821,-0.012386366495784173,-0.005967967941076624,-0.03245001885360764,-0.014019392695354349,-0.09569427171374423,-0.08695708935854812,-0.035726730380424065,-0.039274475922299434,-0.043617443788473265,-0.08573585094260253,-0.018980836198799367,-0.0220375360856207,0.023598133970007013,-0.055983465435963664,-0.05982021240010721,-0.03546660381625033,-0.1892464119590584,-0.06270653928077902,-0.032472341917640674,-0.03699553723488627,-0.052354379250059535,-0.06862678038042563,-0.05964137512181644,0.06314121518215782,-0.034963239436771376,-0.06962683145114368,-0.05301553006761189,-0.03578110072433188,-0.03248601004695417,-0.04554181362565002
2016-08-01,0.0635080497584426,0.06079219458584967,0.05703493802598392,0.0644744831939203,0.083377146351858,-0.014696135368849894,-0.0010747368148840697,-0.018457822329113693,-0.0002686092393679451,0.0361343053283576,0.07194161405616631,0.08629888482814857,0.0424817576917364,0.0067552442241069766,0.10236224230039681,0.12035536598572899,-0.020838002039541698,0.04539632169048502,0.07501361985702448,-0.013443877490597583,-0.011013408905935496,0.007123013287051894,-0.0062446050074939086,-0.023058683511653633,0.004969634171693688,-0.020779110993570202,-0.010122782852264256,-0.005856547875719154,,0.11561130152572308,0.05238884998111537,0.12432146522866905,0.11362046065935638,0.049408903393383996,-0.0256285822467876,-0.012728700611128102,-0.004923468676033438,-0.027830580125105087,-0.008624727380346586,-0.012866717894801538,-0.0028804519150649743,-0.00010155755196827876,0.017046987663200064,-0.013875973706487077,0.06501750439154186,-0.01350800072307723,-0.02997023682994604,0.09531043357406083,0.05453890692448882,0.06815965907707983,0.06286962359332166,0.029616450307394016,0.08070939587670245,0.043333046014279786,0.04674230573888044,0.05140695285292218,0.053528585751077995,0.0016250843473862853,0.12357287523955224,0.08835747665945554,0.11140687300565577,0.07891261781989162,0.086163872192557,0.09162923685073632,0.07288381650951775,0.09777206876093292
2016-09-01,-0.17817322205213298,-0.15203333008081737,-0.14750193008215817,-0.13104458039751837,-0.1186295385487004,-0.18851362952281275,-0.12365770503177742,-0.13948377893733674,-0.05538658700831303,-0.13696708361290483,-0.13579803523482553,-0.15353307857661058,-0.13849200985168914,-0.09938817844740697,-0.15224173689265308,-0.1334316189070765,-0.10845895933177846,-0.12582089925491702,-0.14430213925449797,-0.07205503280622125,-0.10425805062183958,-0.09391858277954654,-0.059222849620292145,-0.07793001148836026,-0.04655264966913464,-0.09571224129202012,-0.06964981097690826,-0.030167234140830557,,-0.18339796733798774,-0.19800741825224788,-0.14053161639789613,-0.16313120498864742,-0.14107623447532336,-0.09205401770967801,-0.07331605640251018,-0.08826977187997848,-0.0905808125153406,-0.09336928525077644,0.07802200670806536,-0.11897148372327132,-0.08487768182647037,-0.09122939900635835,-0.060017898493276545,-0.11133821665184551,-0.10502048145321935,-0.08581317124426732,-0.1631418429188889,-0.12474700258862531,-0.12855373583710483,-0.1353950791223536,-0.14790716416214822,-0.12516604197160597,-0.14286965097398213,-0.13766612835224346,-0.12115986802255152,-0.1255879279315278,-0.10106296068381576,-0.20275273444326947,-0.1464888823153283,-0.16687000375320604,-0.13419939534628933,-0.14580471376262205,-0.14204889049109515,-0.14856120895364722,-0.14475065384613606
2016-10-01,0.06902262284346938,0.05999801540499203,-0.05563468702178476,0.0017195567893296682,0.003928575905270182,0.03569741032493186,0.02435882553014923,0.007921102367110355,-0.01030524301998488,0.0381438087591669,0.04037603218950492,0.053339034843720046,0.06669608947934375,-0.0013204180141083433,-0.0244103503079125,-0.047115499585025256,0.1764135886064645,0.06703794629295073,-0.007264008941621158,-0.07471347909494697,-0.16687123085778344,0.027696368440910557,0.012475924677189193,-0.004106104283046835,0.009048907217742902,-0.011449744821782654,-0.0030152358068576968,-0.011605294593798499,,0.01832893012757547,0.001072018846484113,-0.0342930249964547,0.035949030992429076,-0.016325182193739463,-0.00402649633431397,0.0027414178022144853,-0.030909598347888978,-0.004087324704855941,-0.03745940898394791,-0.08511711158593749,-0.01001799488392624,-0.010195143748341073,-0.0206593646076208,0.01936276878798121,0.011591897902537007,-0.0003326386040200524,-0.02189360375771726,0.06312913954736205,-0.017243783925418366,0.021607991964125606,0.05171827180403965,-0.020203483144066836,-0.004090536015384505,0.007736245702109346,-5.988420063046673e-05,0.01584926840519718,0.030009344398035598,0.026139847035511254,0.08770639623390153,0.007848484121003585,0.06369587981425506,0.025968236508495224,0.02899772504438536,-0.001210262833710729,0.03944271142108763,0.0031252770618249714
2016-11-01,-0.08014557481331899,0.0296348759339104,-0.07177126073537443,-0.008003336645923731,-0.026847846280133703,0.009100387203334281,-0.035293217362152074,0.04989832574928968,0.021946250268623124,-0.005030124871844274,0.04430920575189795,0.03735811985526888,0.007950041315466644,-0.028645819987728416,0.011001209911288168,-0.013985082412170835,-0.17511045515227797,-0.0018052790089491122,0.006105615736019532,0.054362905483355865,-0.15039261669657752,0.008334467027556497,-0.005942968686271047,0.027824606151404918,-0.02111692652077707,0.032542343394944676,0.020947762750202437,0.00658291912708886,,-0.008702237041595784,-0.004864448204877858,0.00715274111018499,0.07535315492017447,-0.026468246775534054,0.04727269207992399,0.04064969232555002,0.016160669579152243,0.04196980988144435,-0.01719454669817415,0.05330012698665587,-0.010842973194135685,-0.02205583145931478,-0.017895984620436234,-0.0007710630960957032,-0.024492630944715932,0.03197687519603881,0.013933705551820386,0.032418565646462394,0.039016044076760126,-0.023869981193801848,-0.026117407086168887,-0.0185054662683366,-0.008391082484893453,-0.00481966351804064,0.027420085352643064,0.021860667798587363,-0.013324678582436633,0.11976038141345863,-0.009802101071753277,0.0018823976567907685,-0.034155437599932115,-0.004357810686951069,0.010149358967135647,0.015717692886551782,0.009365866647649157,-0.037444005804908476
2016-12-01,-0.050346330901618636,-0.12325959041112888,-0.1714167775238038,-0.15139988581887226,-0.1502864272854656,-0.15219521543860423,-0.1387864376435386,-0.17458515933428898,-0.09052092375142623,-0.19093854914618313,-0.12622152165739198,-0.12685074823282805,-0.14988834858248168,-0.1098747851985807,-0.1491150442969168,-0.13596054874969754,-0.1252738699804961,-0.11740896260020811,-0.15127388796776586,-0.2625697002380649,-0.21855067217519036,-0.08303627134174374,-0.07229335051860719,-0.10229594085867477,-0.04807218981404604,-0.13470788134085246,-0.022079341796193475,-0.0004095852523402499,,-0.14991580718038788,-0.18157168211409336,-0.13653273887741135,-0.17434583019889044,-0.12757056797257393,-0.11305863202443879,-0.09864859015651195,-0.17237811247167695,-0.13063131938056025,-0.09866561975809723,-0.07643607556948051,-0.11589687462707349,-0.12150183787206936,-0.10951450345228864,-0.11378397948547492,-0.12312058715447616,-0.15693937552498877,-0.07309971348006308,-0.12836311454231442,-0.10677657058055806,-0.11446745219945709,-0.10796371444429698,-0.16766935893014334,-0.14855908143709495,-0.1671470610582243,-0.1621889004305217,-0.14035982560088262,-0.1354343099561372,-0.21975193925152708,-0.1363459994211882,-0.12183611267944372,-0.16432535840835105,-0.10833501190097494,-0.1295457568659547,-0.12991647903390313,-0.13345829298141498,-0.13123298454866772
2017-01-01,0.15302391869863793,0.1518075284558974,0.027397375935978685,0.14094867215180068,0.1422501009820708,0.10047916495090548,0.11042282009929738,0.0811707153573383,0.09403062516507954,0.07689116356691413,0.1332711773091831,0.15206575189449906,0.1358745285776869,0.0275327757304996,0.11460666252204832,0.17373768421782593,0.09075084942674821,0.08569253538074245,0.12324963453545978,-0.019161210179380016,-0.07495705334992789,0.08061266435734894,0.04264620701424986,0.08865889634861063,0.0591433765112106,0.02986158864395807,0.08222110375180625,0.12557133904410656,,0.1910262440969217,0.14632232973219472,0.17442858533900124,0.18160391630235623,0.11189794945463372,0.02235555448016153,0.03321759089779716,0.01938656837206314,0.01848420722857459,0.026216199976026422,0.09124923042097893,0.08301585857823424,0.07869581434409856,0.05378475734484289,0.059858722893158856,0.09464659692612237,0.08266908685412538,0.01577153016875507,0.1476259646480932,0.08518667774638211,0.1293850841490557,0.14778433560938087,0.09910822889321891,0.11549285652504654,0.11342575838648977,0.09960102647350377,0.11582511649819016,0.13662688947328416,0.09322682170249302,0.17054453485898835,0.1138833917830217,0.13058797132438105,0.10933806793332312,0.1121862886022238,0.11298103087802014,0.13333956896453214,0.12850010312987836
2017-02-01,-0.12538782615334487,-0.13780410692104117,-0.15764911813999272,-0.020878089404033934,-0.02748717982306631,-0.08973615262373133,-0.09314171634666751,-0.09812398050384591,-0.06593057653275011,-0.13402593939848262,-0.1360366061592302,-0.11555651239135845,-0.14046291205926137,-0.11057453576799187,-0.1129317324830843,0.0001837902824374793,-0.07527805203692406,-0.1780911931610586,-0.06636698473894864,-0.1000178807882196,-0.1417620129920398,-0.06309354313576365,-0.06777653020562951,-0.06599908702843876,-0.05811063758451579,-0.09916882286458086,-0.030073931185605862,-0.01196716547292459,,-0.028211509173737437,-0.09597121051678983,0.028582490390190285,-0.04990240734565898,-0.09254726249431411,-0.08817296233030184,-0.0687147736957229,-0.09695420929572687,-0.08910361232493041,-0.0827597636739247,-0.04324689383655034,-0.07213807101425843,-0.05886918657613077,-0.09167794998881384,-0.08018085327393454,-0.10069636537818849,-0.07961177224860294,-0.08102131992283054,-0.1208990778596763,-0.1124250747051787,-0.08492406184068074,-0.050812952099750675,-0.12720484389971642,-0.07722759341878582,-0.12360666730146486,-0.10704030389707853,-0.11511368826231017,-0.08624276825458554,-0.10056531490550308,-0.13071831001430045,-0.06424515216822035,-0.15445611981203938,-0.07886585574438998,-0.08575073052569343,-0.062123267965554674,-0.09571664353904175,-0.07556363221133089
2017-03-01,0.08498715727860312,0.09825706062890238,0.1672227147658899,0.17906669942589645,0.1948540505568242,0.02220280025173585,0.03149013827578934,-0.013571748159252467,0.049774435680011664,0.029605547042521232,0.09856645436125211,0.10216049369225527,0.06548981707814344,0.05405753552752866,0.13664860528590136,0.11621315155754394,0.05734251364622686,0.0016735174972853928,0.09039824397241658,0.060763333992710084,0.07383444189967817,0.04657838184936511,0.0690755176886793,0.05029735949508307,0.03948618632018697,0.09070290043174534,0.031326707845133195,0.0349814838275343,,0.08385934090522608,0.09837452814428595,0.10677325496134046,0.09319432983229553,0.15932814377228025,0.08559513853729772,0.05954609691628965,0.05216049106314544,0.08723503277031086,0.05880477824246251,0.05515533379621995,0.042063117102444925,0.09190750147971177,0.0710632442602201,0.03247525476931318,0.10261646191592333,0.02156291310610936,0.06474672291194253,0.10650345185514526,0.07560798016421838,0.13946705676571164,0.09297753885625226,0.08305414194619692,0.1263507551920454,0.07143985862096891,0.11336170132853637,0.1091203801596253,0.11481498865158044,0.045227744714244844,0.0734535384666653,0.12295253369257947,0.06294899870226467,0.11466110614838798,0.10715519021085804,0.11060895712492219,0.10474921873657383,0.12093858131896884
2017-04-01,-0.07160825538568721,-0.09774188490594976,-0.11816006320445771,-0.22745799662051797,-0.23806497017472816,-0.018194443819234546,-0.07023038650556385,0.020667028905977353,-0.024964586607759298,-0.003224514984933202,-0.06882395649027667,-0.08129251115236363,-0.03325830626451956,0.01200286134561257,-0.0671146009459127,-0.1268032364997036,-0.03532659478070316,0.03953091957396951,-0.15694717370235423,-0.010470878745027279,0.03836471140413844,-0.014221299164128398,-0.009660113133320714,-0.0401392496598732,0.014887892356384241,-0.0046710372851138104,0.038219013046664446,0.02109251792880279,,-0.1824139511878481,-0.11135113966522758,-0.09677151014182195,-0.1261021268480942,-0.10128836825055887,0.0074506205605044395,-0.017821174523377115,0.006304223451576801,0.0046849332709029,0.002551655938123454,-0.014533491191453418,-0.011315432192789132,-0.08375685247207948,-0.04907605319056585,-0.04395043565414891,-0.07513122869720607,-0.012497542937463635,-0.0011185204937664006,-0.0716917993967845,-0.02412492365233121,-0.09773040335454108,-0.0959767063268675,-0.055904084995946235,-0.10818199379984317,-0.043000129236351325,-0.07081800601145888,-0.05262827608885168,-0.10517438360782316,-0.039270367406964324,-0.07218094853866347,-0.146536676118034,-0.049137056170015014,-0.1416238224887626,-0.12425126990317492,-0.12172909184666941,-0.09592691777422868,-0.1558765158255565
2017-05-01,0.025190283579039907,-0.00992275933370726,-0.01646431168420781,-0.02955653127783725,-0.026051161733319783,0.06659733264632423,0.018505355927952383,0.015044862809135195,0.06042118205193556,0.05561664309537495,0.041071185803742166,0.012521449463090029,0.054009643117668316,0.0562515694768308,-0.0034811710313005784,-0.00219949953054549,0.038780317878395504,0.10166925637913315,-0.03884964758310927,0.04909620290320299,0.058186318659316005,0.037128436197643666,0.05331029219631925,0.05352528553828609,0.03890050178997803,0.03597465252275517,0.06935720688330058,0.07278656707173836,,-0.01734258254620058,0.004672745008197254,-0.04992584526416821,0.007295582666410005,1.558632014064809e-05,0.03916664918003876,0.04648790706840522,0.047851591717810366,0.03843440645327306,0.02106576041076319,0.059417827605351414,0.023830924282452315,0.005311055274024562,0.030964991401655984,0.07012795741521755,0.007544892213550591,0.04920294143920895,0.040010971491182656,-0.001144213857801335,0.04746561881770461,-0.004594205782364691,0.0017711247960908172,0.014461674831322713,-0.03271817165542251,0.04504732395794442,0.01961346170251005,0.025015718162203104,0.00019627487052181758,0.06795667267603009,-0.04392447090550433,-0.005763402225739789,0.050477508221366874,-0.005798056654055639,-0.001181548629062612,-0.038283594780214425,0.023766473477316363,-0.008339707806125807
2017-06-01,-0.18110941745496514,-0.14387511503344297,-0.12276137111485586,-0.09292785710910323,-0.10160900135431095,-0.134809861473531,-0.18543241991538728,-0.11822295960426998,-0.11547734097268852,-0.08739763822524008,-0.14183208163751082,-0.1540487512260859,-0.15274121190081927,-0.06415343288593472,-0.11026973628265335,-0.14457027746553652,-0.09476141074630964,-0.1943423311600012,-0.08381904782267069,-0.03576793883405814,0.07731053673300213,-0.10266844243769482,-0.05999970195983016,-0.10565502291091478,-0.07002304484564076,-0.048285001060918126,-0.07881684908330427,-0.08463417058849398,,-0.06245169972430609,-0.15796053715364822,-0.025635670203045913,-0.0885473084443158,,-0.0563341685125303,-0.06218779725340645,-0.0455183653409119,-0.04143331702902133,-0.03619737646731114,-0.03212853090241452,-0.07407036259721514,-0.028829712929892226,-0.07590947068190917,-0.04791182505470787,-0.11909113077382488,-0.11012500412792608,-0.06409924806802084,-0.14479639207270312,-0.10928730304877926,-0.11171963584155531,-0.0778877355053228,-0.1556611604082967,-0.06466401453483162,-0.14479992153102117,-0.11146334586931589,-0.14499072422559695,-0.11546686611504764,-0.1345932543276186,-0.16345425143666603,-0.1007294950209564,-0.18535822009403102,-0.08044287819671847,-0.09495227016713159,-0.08873336069767623,-0.14529788466111904,-0.2256267736167228
2017-07-01,-0.07061908286760912,-0.0542969775308888,-0.14129418009944683,-0.07104094226185853,-0.061365574888797236,-0.06737119113167589,,-0.09119546300144114,-0.07994720752132661,-0.04845765043122684,-0.051020384192010826,-0.060834854193784926,-0.05074039793264207,-0.061397726972939035,-0.09052232814668748,0.0036471266373254707,-0.06816376435041466,-0.10547578773114069,-0.13110552729315816,0.0581673805515805,-0.00971421532402679,-0.05778234360845294,-0.01510214882523618,-0.0478864682313232,-0.08705875855198614,-0.07994030742020776,-0.0739952953540235,-0.07677780821006774,,-0.1566645940531593,-0.04734658668634373,-0.05698954425492697,-0.09954409835800493,,-0.0799271119940245,-0.09561897179252288,-0.07768992784429024,-0.09775514578468224,-0.07606739533838794,-0.10381523041563534,-0.0297242758345114,-0.09295858737134238,-0.0697615157857121,-0.1371438105423044,-0.057493860571307176,-0.075855279431994,-0.1093447717978401,-0.06592137220850186,-0.11751239529574747,-0.05431217555713419,-0.1094735700987518,-0.10612221839012081,-0.08672469484602013,-0.08044192726316085,-0.07185240243243707,-0.060953486998905126,-0.07209977936843898,-0.05347367485611826,-0.08625664894530521,-0.0915016913329737,-0.07489408897057015,-0.11721661703029129,-0.10597542787641245,-0.07381976112466704,-0.09224019202570893,-0.012112331323268721
2017-08-01,0.006400329794763376,0.002332055174509906,,-0.05180966242346363,-0.05957677791149085,-0.016388629138370664,,0.08329938024523659,-0.024353098178703375,-0.055382786513098234,-0.005090263364967623,0.004766898694014754,0.0011145186950119595,-0.014974519383475882,-0.0648322071207289,-0.14110967130132845,-0.04157306784544357,-0.10650524229070041,-0.052682324898003396,-0.14399297149710125,-0.010411982711845125,-0.03977754684820997,-0.09996993069155284,-0.02235860364374484,-0.055894659970541605,-0.024893887170312823,-0.06207881703739959,-0.013782892462858354,,-0.002657710468436103,0.13994462218832038,-0.10653331829488644,-0.016563053348644163,,-0.025546370861979528,-0.06213763975132136,-0.026626573319118496,-0.012692825705436298,-0.0067128901279646935,-0.02847050365184972,-0.06983155854147244,0.0073132205782943105,-0.031286629851784487,-0.052589344969388996,-0.04380655277038803,-0.07242815513856132,-0.07462271296223819,-0.004934246103221018,-0.04713523761177155,-0.05006595854815743,-0.025065937651158943,0.0938285300600703,-0.03345702609762502,-0.0073373271789721195,-0.03551237841934174,-0.034022255888191355,-0.04171861934570997,0.020267758999874708,-0.011335637139406884,-0.04759690090908342,-0.008931129332725218,-0.057972850816980004,-0.042745968607329266,-0.042887024351975334,-0.023729101295997368,-0.055417922526856955
2017-09-01,-0.008489879338974965,-0.025123786657658465,,0.03173082635483648,0.03904156560474703,0.023619858257371673,,-0.041215654403749025,-0.05242955022491427,-0.04478868045514421,-0.008692444643060293,0.008695647245166416,-0.010092527112432387,-0.04312319061543793,0.1287841493620686,0.0938465792341951,-0.010350181519257512,0.09650874148247479,0.054044773980702954,-0.05907729265859685,-0.07309481188670958,-0.05547346607129838,-0.042454342613925236,-0.012489673608972796,-0.06558879369375331,-0.062303511827072056,0.013158629755027573,-0.00011029608931545365,,0.058193599361317405,-0.042351389573404896,0.12559123028836983,0.09300817702596698,,-0.05247920742368968,-0.055660718901924755,-0.06260269725838799,-0.0661917582498126,-0.06371054646913622,-0.045284806103671305,-0.0018520898985910361,-0.05616200890834011,0.047895323022938974,0.06389723567842992,0.06468976943857518,0.10564042903587889,-0.05055884032590113,0.018557877425633085,0.14874827230951176,0.057718553825866714,0.07941463487512712,-0.07249666351044481,0.0731389790847613,0.045935698044473616,0.09157831273488992,0.06751894322385604,0.05887436702858828,-0.05030853595732443,0.07012504557468191,0.06982758899433528,0.0438360837761983,0.10170559862458095,0.07917089363961805,0.05622369025262164,0.07008121102970966,0.07267920299330899
2017-10-01,-0.05332327940896511,-0.0381285169141416,,-0.13049778828282788,-0.14334156783183005,-0.09328770128521499,,0.09299516568103336,-0.021189125266401293,-0.07515765576229688,-0.07563528957991175,-0.0754780255978802,-0.060125323755619076,-0.0737606165620001,-0.0758903510759098,-0.002081018043427918,-0.07984422356636672,-0.09718927747548983,-0.09378979536594834,0.04779713576636588,-0.08326069238364203,-0.013652645592473173,-0.021512121893430422,-0.06043660470207801,-0.018240414054549348,-0.056430233066601616,-0.057498038762719694,0.03094418102040586,,-0.11652595073926675,-0.03885419374625565,-0.08508270311916866,-0.28668597097440807,-0.12162527570566684,-0.06432330526030453,-0.07265970231789887,-0.08574077606893947,-0.06891567747283835,-0.08196104608121021,-0.055310993350627,-0.0932852114375185,-0.14142408500616238,-0.14070325261824063,-0.07125791832391232,-0.1440805387392104,-0.08841612429347889,-0.08617060620715414,-0.07577702599011887,-0.08065050723709011,-0.10558407316281704,-0.07029539312383942,-0.12460468128393132,-0.12350293820286767,-0.102712578888905,-0.10250874634310914,-0.11010776114984228,-0.12437935285903545,-0.0587696265472093,-0.03191643368763564,-0.1096094365259076,-0.09244929315512562,-0.11221823097192818,-0.11456879570974265,-0.10073103679491213,-0.09819730732007353,-0.10701753065558262
2017-11-01,0.09232590237598248,0.10553763997102594,0.05073455763334134,0.0979789106367358,0.10838061721732056,0.11599576728246036,,-0.06047277651211924,0.17115149050366527,0.19424800750739718,0.12141152644782915,0.08847337689989976,0.09690313250487459,0.12533294711683143,0.19122624149859052,0.16867432727359805,0.1373276571123863,0.06939125489359094,0.19936912950488106,-0.0566203731132153,0.009818280333861645,0.12492830536395588,0.1316181361375668,0.1491019522395169,0.13668487051004136,0.17670462941878523,0.0684657179896469,0.02157005874136131,,0.1515501521472159,0.11562268599532466,0.17203166655372937,0.33015201174736575,0.08054135854850053,0.16209770407447313,0.18603452186155534,0.16874701513528453,0.19030341962111583,0.12238019934630998,0.12327915365507208,0.1353398365766659,0.14632340120867587,0.14316302325863917,0.0995300582612536,0.1528343580951208,0.1494692187043184,0.11898789274953256,0.1286706674076692,0.1518511919275345,0.09586175513720613,0.07964426658183688,0.1043153603574809,0.17281992008377034,0.12271716265224109,0.1462189382662244,0.10744352507186034,0.13246425309864107,0.120323349808658,0.10231491863414832,0.1532602221740832,0.07617783488120067,0.15136274908662267,0.13750910171312114,0.1461032248629327,0.12047629363011825,0.6463712175544092
2017-12-01,0.12276824306750558,0.17922230994462945,0.14847087692905642,0.305017593962874,0.28459450092965605,0.0629049212369919,0.10227213123415319,0.07030785723976204,0.028518197976200588,0.012334255629150914,0.13703000360207607,0.1731721833533404,0.10860969265280537,0.015217685978878653,0.16013907829740615,0.15018904314074477,0.10829872110082733,-0.013154204856641316,0.13039714270742536,0.013163286801537735,-0.027746888400846215,0.0389259511790869,-0.03730536040455866,0.08214829074870128,-0.004692109808130951,-0.012251543298376466,0.06353030633991658,0.07462843449980855,,0.1933769427551802,0.27340737620435934,0.1032308861288912,0.11201459528519717,0.21398522658677632,-0.015732588066323355,-0.031849885446082776,-0.014367996963525254,-0.02215133511712683,0.036795230901372544,0.10384381096036832,0.09915843666095739,0.11207296660798416,0.07173514997298874,-0.009006124881928479,0.13850585290790607,0.033732284041808225,0.018457587007460363,0.1356338560420673,0.061071359806328496,0.19534478002206251,0.18345539682357948,0.11037393794982242,0.16376358985267636,0.10590564879436531,0.14376192230804785,0.11638096828354125,0.08937023697395002,0.05063972081059426,0.1030129976512284,0.15545055578860034,0.17437614948143765,0.13564695212049385,0.16021213307583437,0.14112288090130337,0.133954642472906,-0.21860992622260067
2018-01-01,0.03661659842637305,-0.037407575624203326,-0.03301097025938268,-0.07568895412964237,-0.047207880602368586,-0.03519611876138967,-0.08349502108346085,-0.04122238074941742,-0.025266287657495973,-0.004941888670856626,0.03311213345856334,0.02327211396730061,-0.05104473899092485,0.0015743921982656617,0.00022801339124661757,0.014453018260099038,-0.026401979019304966,-0.07140767976819357,-0.03239571108969422,0.027958690456436175,0.057419513418632884,-0.009192730874275135,0.00936401257516635,0.24849310161047478,0.0011204634463954366,0.011720622809339998,-0.007104042821008849,-0.024955983574785068,,-0.07025198655384049,0.1260478348928015,-0.030430298644533726,-0.05835788851492441,0.04895509707067103,0.016598087291213814,0.013193696190947096,0.003668268937397315,0.009432191781542865,0.009155464348747588,-0.0027711679512985032,-0.02218866539093789,0.021637097231147595,-0.01825272171809661,-0.03141804594120262,-0.009947467931578857,-0.01623781645214295,0.035381282518200996,0.030273212940032934,0.019830897025282068,-0.03402103647001717,-0.015960443383891548,-0.015039996917478343,-0.03281048228689881,-0.024363462940751923,-0.0034100760203754493,0.010938193206354169,0.03857544573576974,-0.009447582394327136,-0.11631739249526885,0.008122066494207797,-0.1382790047834966,0.01026129849276372,-0.011361934438097812,0.0017500522274307706,-0.010754001513452738,-0.05856438094288435
2018-02-01,-0.0810235019166044,-0.06283006062162577,0.009709874701155863,0.012133152529503421,-0.02869661409266861,0.020666401734777295,0.035603995847322545,0.02659226182349192,0.01386111804691259,0.07261737872922883,-0.07281161816314224,-0.076989228330203,-0.04405422574539952,0.09228248264012896,0.006015092768664229,-0.07971162677812862,0.08735200551930211,-0.048621059771972786,-0.10908762712721873,0.1332420182529733,0.25493516209548417,0.014746451703959051,0.042920073755984375,-0.2468921854169056,0.03820930667621242,0.10768293975514644,0.01900180382975275,-0.021099824393021438,,0.043881568960161,0.07175822883508315,0.008272457051090844,0.026727100453272874,0.07186525283585929,0.1279988367197427,0.04908955725545122,0.11359218660152705,0.10781404185455887,0.07778620938813617,0.08361194575723135,0.088919759221331,0.15632966890398198,0.13603746152987944,-0.018689640341515268,0.005163928786221822,0.0026342693722290478,0.12131402922515369,-0.08885925516382792,-0.021591584220450766,0.027651929872380937,0.0769872476493976,0.005203372311098686,0.047884739219439976,0.017334216681862552,0.018716689165010545,0.02539104899416951,0.019113930180817397,-0.0033214280045036904,-0.12186357469149911,-0.024929105497855736,-0.08319640151089985,-0.019726577419116847,-0.021179534748671153,0.006967484062216034,-0.0063319861369973696,-0.06272335183303351
2018-03-01,-0.11069474698964149,-0.09519499424762029,-0.08936236631157424,-0.06155896703855757,-0.07951767628297257,-0.09292888914343955,-0.12926877919065566,-0.08258712391064754,-0.05545019218885497,-0.028225343209134085,-0.10010340559767905,-0.08481779750521884,-0.11751958736322671,-0.047464231286428085,-0.09661723795963881,-0.14943959442228855,-0.13013581661979853,-0.06602681185291837,-0.10048359268244844,-0.0017266766140451445,0.10896673943653243,-0.013640662278082999,-0.04488362322626002,-0.06789117807599215,-0.04672780365861057,-0.0442459625334945,-0.013875663074762123,-0.01580394479324071,-0.04579778858130168,-0.06344503029445407,-0.2926702621138883,-0.07401612501742535,-0.07706633019610866,-0.04412093050287836,-0.04098074141997496,-0.028016337314382134,-0.020416346039505706,-0.04257066329563969,-0.000426602662418174,-0.12276554575563536,-0.08114262296819302,-0.13527530660913417,-0.033659426266193004,-0.11286536947372466,-0.05996723853315747,-0.08855932854031479,-0.061678067956561056,-0.08707293808565986,-0.0812755386764325,-0.0845214018451739,-0.06688477465628898,-0.10664132415664762,-0.07162325357422562,-0.08167362133085573,-0.06876987835913775,-0.07986489763391705,-0.08324096780156799,-0.08321209339484564,-0.14598613240259806,-0.04660134945070495,-0.0897054012662693,-0.052889537589909136,-0.04889538917639606,-0.07349253422536639,-0.10045141268073887,-0.07803711927596058
2018-04-01,-0.016635727049075733,-0.025214294762791134,0.008700433201189822,-0.035399064039255634,-0.022788612343927372,-0.029948578383255875,-0.03400961517649426,-0.05571897807679599,-0.02320853200018244,0.022852782002036373,-0.0009121688339068235,-0.02063320772025068,-0.01060255026584192,-0.01932669686341057,-0.06368508728483072,0.0037902726813284493,-0.003919250161871751,-0.08393927237986992,-0.06107778813443876,0.03770433277646543,0.06934693880524877,-0.014705185781355629,-0.031903773805248725,-0.051156010657884776,-0.03285390784529574,-0.00691916041294785,-0.036567323143749386,-0.05489352473712772,0.018544554018820603,-0.05097767465678746,-0.06648067286506226,6.747874692347722e-08,-0.03905956752147119,0.08928353304766927,-0.0387484762049521,-0.03450950966816735,0.003975934070640112,-0.01305035371954899,-0.015095609145249614,-0.07530715548937134,-0.02323674234770165,-0.03032617797200393,-0.11417073183925802,-0.09770203286106227,-0.06341756174552998,-0.055618763997065224,-0.03214014891791253,-0.02467148280755671,-0.04629660379167716,0.08738881282819533,-0.021787911991826392,-0.004273464025407986,-0.033947344365027235,-0.02278679693248653,-0.01249664702703214,-0.046221739197421466,-0.020283132148815622,-0.048244860623334496,-0.022534505077571376,-0.06404584215512252,-0.08305854985280381,-0.08217711878647435,-0.016454897274353356,-0.049474501677874455,-0.03282866491589509,-0.025029561919120757
2018-05-01,0.008441939011676836,-0.00256209987696171,-0.02423373788199157,-0.061004550867140905,-0.05993394035192373,0.001658930243642387,-0.006946957413050514,0.018458506957882564,-0.02742206265743341,-0.003739800107877389,0.0027727864880842112,0.011463525316686984,0.03525083154775255,0.008479806454711192,0.008600734803743293,-0.0064940739124101365,-0.0035351685951962586,0.042863686425631875,-0.04565672778176527,0.044600098436662156,0.001757010238425477,-0.036973564487873034,-0.029972320235159056,-0.024326933946423906,-0.033339216653328396,0.001405548708892146,-0.01458135782660741,0.0180998869183564,-0.05642855807334646,-0.1535994355461655,-0.016543911708008785,-0.020156016942200705,-0.032216233354524504,-0.14044250800439684,-0.004245205209963493,-0.024655960999174137,0.031174536532903085,0.0009905451799866183,-0.01590125627134753,0.03217808375437836,-0.04115593875378698,-0.04159315570773753,-0.008279250167107455,0.01852287413661774,0.006828888628923557,0.0007069088370507681,-0.004088908296072419,0.011363105806757146,0.03137698250970361,-0.07879411362116656,-0.08193927309057653,0.01609660079796249,-0.04927424002845321,0.024802501309589886,0.0032207263918030415,0.0057105459518103086,-0.021068662097545654,0.04926954119228222,0.06890510765581903,-0.03626764321388881,0.026317595469781685,-0.05385588807453995,-0.08993489666147936,-0.02527171884765833,0.001050186433481315,0.028508985230046746
2018-06-01,0.1057478219355037,0.12257911489616513,0.006742246622743753,0.048154573602020745,0.05633899816472293,0.14818451769504826,0.11471874000492799,0.12827533008009517,0.09062061754116998,0.12352719758824726,0.13169331409652152,0.12404621196218024,0.152178027627771,0.13198162223404258,0.0864255808525014,0.037484812299358294,0.11042234339559448,0.22803790098901833,0.06932711674330827,0.10728279068083973,0.11827039292310537,0.10549031546806178,0.07621176567975765,0.12658130195279538,0.05676502267566336,0.1119598753865132,0.08792933662792896,0.050726370311669045,0.09192411416743296,0.1000129039504486,0.09615328471375195,-0.12940506513051264,-0.12097489848862042,,0.1264545035264364,0.09538576006808713,0.10458731889394596,0.13314942292453974,0.12852474175820922,0.10226436395987587,0.13309016529418682,0.06698479125936863,0.08742909375367358,0.11924778320794727,0.07745726716544588,0.14908089114401457,0.11669278937133126,0.12842329711244932,0.11510969907898916,0.06981469461649054,0.051217552067748584,0.1068616494467356,0.060195170819572597,0.13360675173395786,0.07132698880369792,0.10085473878366019,0.08190131390954758,0.1002225153367941,0.2076497922938202,0.058693263500314785,0.1620570483398714,0.1937730422967634,0.06606314055407092,0.06540564159978024,0.09902957558592607,0.06682145881779317
2018-07-01,-0.016533275907933492,-0.009709113035563932,,0.02398597243090983,0.0529081370088621,,0.05847221263828922,0.013465052518183057,0.03386486523274959,0.02826482172367717,-0.006337154243914123,-0.028718200090278173,0.0878218862835474,0.04840195004673725,-0.05116464322776293,-0.01505885031405263,0.07157733039744776,0.033935450208878976,0.005505389949310047,0.07994075640940004,0.058269273911357056,0.11971582760942873,0.02643256596619542,0.02940833794604092,0.037141746198650266,0.04213241907503271,0.0495335704655506,-0.00784786044797503,-0.07123217546937843,0.08432355044691098,-0.006976229443415027,0.07318675611177672,0.13693852942148543,,0.05471544281494803,0.005523922170685369,0.06464732564147105,0.05517070521353337,0.06201754154456873,0.08690610953282149,0.05953497486843165,0.07630985390433614,0.03262929472164547,0.06740242900591492,0.024320065403357738,0.07489623271415843,0.04323618406965549,-0.03340888929931099,-0.0404253184945067,-0.015742276952625534,0.14336348515122338,-0.040578532253405075,0.0530518205274767,0.003549333767145918,0.04351771637200891,-0.0115437103936126,0.0024191456534276568,0.05143137136831524,-0.09933591569715461,-0.02869402177471414,0.06857309544283541,-0.03490314412625578,0.0023311414537549036,-0.008450341332124078,-0.015081220755614577,-0.06937378197458377
2018-08-01,0.034496433993974285,0.0707985615563946,,-0.079606977407649,-0.08459076956314326,,,,0.04512393899725284,0.07120784997560942,0.06634628220269839,0.01849890697032225,0.05855723993602416,0.053400797914640086,-0.02457639906104292,-0.07633549639860693,-0.003931476901048725,0.0022421217787959302,-0.008728351825096126,0.04034258317721379,-0.022883545073174638,-0.04433123357015087,0.04685196005151028,0.03643177695575461,0.019478981713283355,0.04400752415806897,0.029040110943423486,0.10706288963141442,-0.080660457464654,0.004866085826768063,-0.0263597992983855,-0.08937749021578156,-0.01879430509572022,,0.02702782588584654,0.015857576473148477,0.04617154848713906,0.048968039052901424,0.01638893476735359,-0.008263774185484851,-0.0008269174366123677,-0.06103906073978249,-0.011830785491136697,0.02857755067562845,-0.03735997412717906,-0.018227403113978857,-0.027090594312242727,0.040973866168829226,-0.02262904006522498,0.0011670540096804793,-0.09269976696025961,,-0.06340644920133265,0.03462264392142178,-0.07533792267125222,0.04420745209621285,-0.027086506440057,-0.030497337317241413,0.061008717638678656,-0.017129080599167845,0.04365585631206237,-0.05356211890382062,-0.003160174046836328,0.06355534852881112,0.03493004453808751,-0.00929938787225193
2018-09-01,-0.030865669715674254,-0.07290282174457496,,-0.08473752527984102,-0.11933041792594756,,,,-0.06125149578379907,-0.030041476346326063,-0.05177629121973337,0.010083395531072903,-0.054071732590754984,-0.09009044175662605,-0.09125709642267077,-0.07925586553324848,-0.09435409547785936,-0.032479244794063,-0.0636493509715178,-0.06978861435248469,-0.10353733627572506,-0.00028550157829307365,-0.014797552672285039,-0.06323914299917643,-0.0531208056557097,-0.0803020769837505,-0.041303890782715735,-0.0341359279991863,-0.07012029619959181,-0.0696170586458823,-0.06111115608434803,-0.05771344546113799,-0.027786714508908128,,-0.03527493728258019,-0.054583626995771795,-0.08645759651398717,-0.2582659718875179,-0.05769160731922999,-0.058551343074556284,-0.0978881644084697,-0.08924875295649037,-0.10527679862572448,-0.06116540955879274,-0.12897468479735685,-0.045111173823965234,-0.07866642458820688,0.005249434027135846,-0.035788746118670445,-0.062470612635899536,-0.050102313853960356,,-0.11358377219493593,-0.13746410649117602,-0.08566708217944147,-0.07177610098493686,-0.07605930060753752,-0.04089432906801721,-0.005415175568785235,-0.06678533659962882,-0.07835948373541302,0.09703131484433081,-0.0029231140550260992,-0.11914331810714729,-0.03507354266229379,-0.02279486559690702
2018-10-01,-0.15135483009892947,-0.144404613560367,,-0.16774433575857606,-0.17689305890709806,,,,-0.047225458331808134,-0.12409652753665557,-0.16901542305715936,-0.18499714796466415,-0.14324548686810304,-0.07725228475891927,-0.16952468201472692,-0.21984909987665135,-0.054122305931915,-0.13647810125353488,-0.15484354373018627,-0.1392968286489805,-0.23032321910505107,-0.15016562573010211,-0.08767490602972178,-0.03113237612742281,-0.03525710828894413,-0.036321140312821354,-0.06777636731973657,-0.11106817063717644,-0.2174960088509733,-0.16090581317503372,-0.22478655578945028,-0.23310525056980314,-0.17820617219547752,,-0.06781476865186459,-0.04308189881100191,-0.08402563409292121,0.103810634820454,-0.08951142770803808,-0.03817322795355044,-0.08570023868873056,0.028323292259751165,-0.0442946482980599,-0.03268790862407139,-0.07379223506451249,-0.04555669834955273,0.04179979844289178,-0.18603413275133895,-0.07698393221290872,-0.16204910592410393,-0.14926857635297436,,-0.10420196930192388,-0.11406427365571209,-0.08409187508471971,-0.12063348204349189,-0.11774222179299376,-0.05567088972100881,-0.17892411163827926,-0.1427100083703181,-0.1805119699944171,-0.2508218040113861,-0.167297347187229,-0.03546580011856737,-0.1162600792562693,-0.1586091221732746
2018-11-01,-0.15302715640821862,-0.1374502862725498,,-0.017761259254862494,-0.012393144879451201,-0.0979259869546707,,-0.22177018168554563,-0.027629632703417256,-0.16685001690027396,-0.1341588009419395,-0.13924206647260956,-0.16512514283384416,-0.12493684567384322,-0.07822260722248875,-0.027423808390275584,-0.08246570697780081,-0.22236644840673925,0.018511987357668458,-0.05263419301541672,-0.1715419445875973,-0.01352456260968632,-0.018589978763990767,-0.07554626807100462,-0.02527976470430643,-0.07230683993355852,-0.04929156004573926,-0.010577411808325832,0.03661408071755995,-0.06091554315965608,-0.12828907951659618,0.08471597472907577,-0.062017602087962365,,-0.058019678598520474,-0.050324719056928785,-0.0634317738065533,-0.050202214379557186,-0.08838407511485663,-0.017003012391501093,-0.0385780284694337,-0.15004426567534473,-0.08973252191151165,-0.07367160255510508,-0.0678908202128915,-0.0993560744122366,-0.06710858437898456,-0.14265042349092072,-0.13030458458499716,-0.05889089896136862,-0.10910695771233891,,-0.04440288428646538,-0.1305678790134176,-0.12384424231091185,-0.12582185956505348,-0.08488840663071007,-0.11206837238357364,-0.07903379851983128,-0.033670421379087045,-0.17048945416392625,-0.04548065801352541,-0.08619011118616138,-0.1452787441350727,-0.14941811385499731,-0.0689312136616047
2018-12-01,-0.018239703546055447,0.0021095971109286182,-0.06466756095559045,-0.04998979188184516,-0.06449457044394358,-0.08660340853350673,-0.10576671042373514,0.014154717399323946,-0.038930731299349125,-0.0440419787695725,0.016692429836686784,0.009786882494240534,-0.05548195690303159,-0.059680161489533035,-0.00483930694021395,-0.13636753175082242,-0.047552071897313614,-0.12079144397835395,-0.027877592495985815,-0.07849928847844725,-0.08818873946322964,-0.024663922604763938,-0.04684739048882203,-0.045466727449790245,-0.05013700206949706,-0.037468172556192086,-0.061225295418186165,-0.08628846166504622,-0.000807509972627185,-0.07491043249704393,-0.1003039475834672,-0.05705577238708914,-0.04188526766935988,,-0.034107773874858416,-0.030574895081399156,-0.04065418190058018,-0.05005580413503838,-0.06868851935167958,-0.035406116426403234,-0.03931286322525657,-0.05391169936736928,0.004077160237802968,-0.0923979557857455,-0.006504500400861424,-0.048974106482498614,-0.04187965643916727,0.0030434309217313715,0.013703856909901502,0.042478274085485934,0.004054496296974963,-0.05937507396191133,-0.035651913981860295,-0.05676561041095263,0.00535785484886131,0.015511904506771312,-0.009116138053014644,-0.04401340308255364,-0.1112211635100413,0.020327572376117875,-0.08877909291868763,-0.010954657028519499,0.011208063404022972,0.2538657776619976,-0.002209135827568154,-0.028731249599539432
2019-01-01,-0.016353209079095266,-0.02464167367414455,-0.08486061741261552,0.05938839136739643,0.04184990563992641,-0.024980769662124563,-0.04504858190655042,-0.12538545307152604,-0.07877894434781799,-0.08238583503702886,-0.016022170649927225,-0.011774489135868482,-0.053322438823791174,-0.06771273089048346,-0.03437585110470878,0.06492256826075642,-0.025271689110854367,-0.12010415011040809,-0.006653023463853658,-0.07513838202362932,-0.10186659580623512,-0.09427326072944511,-0.10191109165116218,-0.09388015043296016,-0.10539088067180369,-0.10406479999537575,-0.0839652647041707,-0.04762823182734277,0.031944730344917266,0.06817772351451867,0.008926700243490154,0.04003964348461758,0.030204291293287472,,-0.13367573212411293,-0.14256924141272687,-0.12186921260573642,-0.08514651469606868,-0.04365920889321208,-0.03979196280848696,-0.03892098707925726,-0.025082057658651513,-0.12115849509618654,-0.1286315706982935,-0.014972843927648971,-0.09866237781634335,-0.17729826308976834,-0.014632154603476555,-0.05985869485918782,-0.09659092044549933,-0.051010471120921275,-0.02191632716827696,-0.00028570111058628944,-0.005653038695784929,-0.026215013532560116,-0.08534729625590376,-0.01113253678912457,-0.09592685651915317,0.03211818234430708,-0.00042102625718143383,-0.009293098250514886,-0.012409519162607296,-0.0071887111072529986,-0.20742693842136262,-0.02549151141410444,0.028014562708906787
2019-02-01,-0.029933520257771823,-0.04856117843744884,-0.05323695859036426,-0.03659482491296562,-0.0357898957724434,-0.04394948189319761,-0.053839448035351234,-0.01755411094915993,0.0082738088760195,0.015674337261553387,-0.03248276072017048,-0.05072696323668574,0.019698644326782255,0.01010031632751976,-0.0062465654857597475,-0.05442516193929739,-0.026531507687170497,0.0006674807448737718,-0.06596595195124005,-0.06505658442293392,-0.04935919211834473,-0.10499924151889725,0.024514220076893148,-0.026395595831856133,0.010947808453508734,0.013607330775804852,-0.009623580081793315,-0.019150912352584815,-0.004496020640543524,-0.054591299673978855,-0.07698810793764654,-0.018183399338025596,-0.054527281671227834,,0.02015163760660222,0.000831970118858355,-0.007502398604310127,0.0028616897175169145,-0.012802443747318655,-0.06349001326446796,-0.02312778302245222,-0.01050621001264962,-0.018516662249178473,0.03521794400615963,-0.035035487429373235,0.009319750865131982,0.026331737629335633,-0.03793586606405086,-0.01050678742055522,0.0016835704381705785,-0.02348637503121631,-0.040613006362857584,0.009156513701893909,-0.029202853061168155,-0.023377730825380194,-0.006790552365210589,-0.02888772575665255,-0.02891216670271013,-0.051551503322253334,-0.08720282616757202,-0.06863660211810774,-0.058315148993053845,-0.07182708917971109,-0.053165014411749256,-0.03740965541565755,-0.0842227640697687
2019-03-01,-0.020880766064662798,-0.013965539224325252,-0.025891902946809153,-0.09525840351367365,-0.12584719606969663,0.02180468496683785,-0.1631878555236243,0.06540483756332219,0.03032284035534505,0.021107689724423423,-0.000182797362740017,0.0065377686722563055,-0.032909221720259535,0.039662584984955854,-0.040299675325003975,-0.13819306980266566,0.04844161696993238,-0.02830458745109149,-0.07495685396837765,0.10555342330496648,0.11948166247262226,0.1582294536054594,-0.008748468904812817,0.04439546160093333,-0.014022724243163642,0.09946924590688266,-0.01308558809633037,-0.07054610581836662,-0.06745959483730804,-0.08297163276406211,-0.06173159272749318,-0.09686663364327641,-0.050675687412140014,,0.11940933466078497,0.06472801190338257,0.09173107431678039,0.09332352394343182,0.03998745375832494,-0.0003130521911345885,0.041349288479801516,-0.007747713667666134,0.07169105547756488,0.003172316018800525,-0.00877565665984481,0.05026910317388933,0.10931709162393341,-0.011812351733569648,0.04598454182594108,-0.01016542141148219,0.022180997071062192,-0.0250182396773157,-0.05529638571752965,-0.024621816213045766,0.0038483181230811736,0.032505044700881,-0.032224519330689705,0.048446623578387804,-0.10843559825281102,-0.0027634726302587787,-0.05872994158055728,-0.02265963406562127,-0.031594767368013366,0.021091858705433564,-0.01333320920959391,-0.051610507475289835
2019-04-01,-0.053773743368128624,-0.07160120901565425,-0.01630552701049276,0.0751453842536291,0.08220991212822543,-0.06405887211804484,0.061368061804806806,-0.14352323930016714,-0.10848643750666251,-0.10516045547921579,-0.08350755397788823,-0.06323867860962645,-0.07585644574545305,-0.09415966313715898,0.029340776444979483,0.07995881935915425,-0.0621979528245008,-0.10712739857866588,-0.046708515298448716,-0.057319078400249884,0.0037289687405981653,-0.10116271580511346,-0.07238658322147569,-0.10172463106635293,-0.09041562439999368,-0.12662528568771955,-0.053410958205725056,-0.03644320336172857,0.11911686677386643,0.04545901410597364,0.014875112660121037,0.030617462136027618,0.03079315072939015,,-0.1410644656011761,-0.12254147223790737,-0.10360706957623034,-0.11256168912735946,-0.057056654313198216,-0.0513088309575615,-0.06832807828258808,-0.02506075746099895,-0.12303590273572518,-0.12937629141646756,-0.021292556325883116,-0.12972603845157749,-0.16282134230292955,-0.05778058678083253,-0.05039956469172824,0.005785914817715565,-0.02897201012974565,-0.021171242128496137,0.02832830883148485,0.017936837800902827,0.022494316636790468,-0.051767486379509786,0.005059160128919438,-0.12311969418791785,-0.0064736987489110165,-0.01556201419182951,-0.03810001711661498,-0.024249204252879464,-0.021497135507545007,-0.030912346816906522,-0.0029162409968417347,0.0297251355673126
2019-05-01,-0.0861479428474918,-0.03722322412393281,-0.06735121323581528,-0.046218859048917926,-0.031208602392574558,-0.04864428992152375,-0.06404766343069279,-0.04572390670789599,-0.053738396791437534,-0.01831671959048875,-0.03345429742759837,-0.06922497524098054,-0.0027323507362807253,-0.022053900993934006,-0.03880911170553314,-0.0714930640322819,-0.0962413064735261,-0.013009187094884495,-0.03943151022320346,-0.06490957031704182,-0.02461177250636036,-0.0049581886752544935,-0.05387029619058503,-0.05523427824788901,-0.053462361521317114,-0.03470629835883815,-0.04142430176778422,-0.0437731596865506,-0.050560538291729795,-0.04555170233611194,-0.06299735366691683,0.009167870968634584,-0.05508337832616983,,-0.04084932175559711,-0.04421655356835649,-0.03369270753344533,-0.04101555313151094,-0.05541742324964882,-0.0022668167399070294,-0.03942474063107801,0.001346091926144266,-0.008439466519546301,-0.009973373361116422,-0.025760994032492157,-0.029886454358799663,-0.04372241093299284,-0.06868083462828092,-0.04641663168258431,-0.0413767855610328,-0.02719216908484018,-0.030218749737515482,-0.027905543331251115,-0.05058144892694677,-0.07182215977157075,-0.06184684548718039,-0.06547383230162368,-0.007087784396930197,-0.07879970993211943,-0.08459572652298142,-0.03603230873541785,-0.060594740371450684,-0.04517701058970769,-0.07282185942526986,-0.08273514826338602,-0.0994737880042239
2019-06-01,-0.012029046496705775,-0.030623467051292902,,-0.10274359948660267,-0.09941469584318363,0.00782805075535166,,,-0.02656179645813775,0.01696140823695841,-0.009316682782689628,-0.014498172789053465,-0.02078235390413896,0.024027720489603943,-0.10303995531058019,-0.02721338188902267,0.03913765800059657,0.029894150844969714,-0.10372705400310611,0.029612173510234763,0.07641674883093208,-0.03400782356776613,-0.01646680872053427,-0.006264500123908889,-0.02909522146323812,-0.0005104047229451125,0.010078933463161549,-0.050238009327708055,-0.08919410494532914,-0.09679527992540621,-0.04348625739186318,-0.10664685975169036,-0.07509640317600119,,-0.0013740941435023968,-0.031192215658012334,0.014039689664797378,0.011039258582368594,0.036231681269353416,-0.07634803533424106,-0.008887774505551352,-0.08944103193373815,-0.009663165273600172,-0.025703694650696496,-0.06765546488197366,0.0032499507549920426,,-0.011767884096188341,0.05285135941502339,-0.0635501391044816,-0.065963333655773,-0.01943219345435354,-0.08117430047716889,-0.010152252932993211,-0.03274757647856563,-0.021444806921427695,-0.04201202567580187,-0.01809119319028607,-0.027301156377863678,-0.034008849462167534,-0.03445409386672116,-0.0641315008421367,-0.05967190448532067,-0.056258271842656415,-0.01636095738911758,-0.03906208922856946
2019-07-01,0.06435677092075004,0.07804671642848471,,0.141360475124506,0.14102363270071205,0.0842115861552098,,,0.05921415436438823,,0.12280157798819502,0.09556083163286277,0.13364863410620303,0.10228820140578032,0.12327242653469894,0.06617989076739816,0.06709339903317016,0.17741513630536787,0.1771020895051888,,0.10488467462343282,0.07538361604626428,,0.24557786475793664,0.05097325343185549,0.0928932952689619,0.06294804808205717,0.06012197971872357,0.07116416049141183,0.23919418784513724,0.11657911231354268,0.09144908786542205,0.12934850210884696,,0.06910026457396162,0.002919275536932331,0.09623872338526598,0.08139717842683658,0.07700889122771887,0.1348599977998155,0.06155600387192112,0.1611911458276316,0.1077725577851861,0.15920289038834967,0.167370202387567,0.10163527458895658,,0.0680837564224927,0.07455218684078735,0.08455802373052745,0.10386353581974739,0.03723730468174835,0.16348720123836852,0.10630349462889543,0.18537431256383527,0.07957336185329361,0.11282492804085686,0.09183423660008366,0.12705147215825463,0.1479489056985172,0.18012921400401116,0.2328247166882753,0.17491735906654343,0.13848824682194277,0.12156762682099709,0.11117892618715153
2019-08-01,-0.05380844608905509,-0.04130747655408479,,-0.16987959833447375,-0.1524345305200997,-0.07429291588110837,,,0.03178231244142682,,-0.0013415742729563918,-0.05992166802045551,-0.006475266786298756,0.12675029873920798,-0.05767820421979619,-0.08984075803624036,-0.007494442424302403,,-0.10012598566970499,,0.09339237927042326,-0.024345795508571993,,-0.15436670365488028,0.04668877791968237,0.01988660627782307,0.048895943887324295,0.05602255122256272,-0.13931289925965817,-0.13061291056085655,-0.06479460798600656,-0.12386924579778269,-0.10250376228688152,,-0.023099133228016697,0.03671534076036803,0.029343140725810124,0.02269650684334404,0.030430170593769762,-0.0353109243532333,-0.05323254359864951,-0.13176330415610338,-0.06055007709920529,-0.05654814794993801,-0.07824484194197717,-0.0007640466412482672,,-0.04984714313056454,-0.025967924258943814,-0.05425763717975296,-0.04645065734192266,,-0.10664888507931397,-0.011353386889119244,-0.09970367676466002,-0.028216515095551953,-0.07335322548401008,-0.13418394956789437,-0.001858757208232531,-0.10827353662693207,-0.05060052588004088,-0.17356058070314961,-0.12415621933812682,-0.09755343367749447,-0.05259384090119745,-0.07331646398835256
2019-09-01,-0.18555909277137372,-0.19776453434771893,,0.0012473328386931604,0.0025043380811717864,-0.006216552209950599,,,-0.0381937887389415,,-0.19445999833009256,-0.20906530028191955,-0.11655575737736046,-0.010790856663883887,-0.1056775714694832,0.07460600786188526,-0.06251965128897075,,0.016254694453793128,,,-0.04145235289875118,,-0.03584672557805646,-0.03330287279111421,-0.09313230115716653,-0.04588868089267795,0.0394485225173527,0.036892336725875996,0.03687048636289414,0.029991755642913454,0.01570167843349768,-0.018142096658204432,,-0.027979703732694754,-0.10698784641634304,-0.09159083944492652,-0.08791492130141965,-0.0846591849303682,0.04670965769978869,0.00013439129292364127,0.018134132786392698,-0.03849736031402712,0.029792010851639128,-0.0313471853154102,-0.04155176987883258,,-0.17998725167697893,-0.15674326879271205,-0.0796109730232138,-0.02998002163977903,,0.004086201414454649,-0.10173376387171862,-0.1255232670314359,-0.12032368834407586,-0.1261227290785058,0.02479295816110133,-0.028313352067897868,-0.023866717955582928,-0.02341133771326298,0.008420801055317062,0.004011900986160666,-0.031470109723285344,-0.054582165112580794,-0.01599333389199753
2019-10-01,0.027883763208124357,0.023995605041342016,,-0.11977952405879688,-0.145458180255163,0.00682503810193269,,,0.02030124852697085,,-0.014870982123875665,0.05995871789593521,-0.05217646473193466,-0.2557161905688132,0.029333125408422922,-0.13971265273237732,-0.021759240959680515,,-0.05161356435267839,,,-0.01928169456674092,,-0.02338667329969807,-0.03529363379040834,0.012916231699604208,-0.014647487217457344,-0.10010123536098148,-0.006568504807163256,-0.1704487692203389,-0.12339578982747945,-0.038022665806301315,-0.06512057680261801,,-0.01290124548658711,0.0857605927924909,-0.04948052012660292,-0.021733253564823363,-0.023114796681373312,-0.07876517122536947,-0.053763577447065725,-0.134473812677131,-0.03163236626654348,-0.06886705642213736,-0.11843529867519287,0.0280053855353678,,0.04955664768275431,0.0835889223902253,-0.07089905275552144,-0.11855368217437479,,-0.10775512174643825,-0.04330513175859857,-0.0017815274405937331,-0.05064327888229275,-0.002698082643756594,0.12356538552547919,-0.10030805449308189,-0.04802710716749825,-0.15124485678016863,-0.06484784935904664,-0.07743876895403834,-0.05862765614984389,-0.07830341521154383,-0.0801144788575816
2019-11-01,-0.010528315882642858,0.040739314332665644,,0.0810801437534106,0.0761227267018888,-0.031677964829663785,-0.027450418426609613,-0.05639592587347367,0.005327775434807974,,-0.018117114673178836,-0.02041271461501054,-0.04918225167425633,-0.014577154254623637,0.026195605968535235,-0.03546715967557365,-0.002629671315393739,-0.11013705933662693,0.05451564650682106,,,0.0024145001750928707,-0.020075311985607497,0.02373689525770134,-0.023114706276226082,-0.023055619498826535,-0.029286761877051037,-0.021436406462710167,0.06807446742271611,0.03847224317542908,-0.05098792767007143,0.025861583844787178,0.022287095274856117,,0.012420037595472638,-0.06389544370115216,-0.009255771035038413,0.01766652933213078,-0.05969711772885261,-0.00462722662861903,0.009135368128284665,0.06535036998647775,0.03480692962752957,-0.011324996228819884,0.01639745741088955,-0.03652306422585222,-0.059562126307498964,-0.0369463292387876,0.009048466548447986,0.04888163903202625,0.04297350155465318,0.0032548695516601,0.06100395132820824,-0.0005537497077155451,0.05372562876672127,0.03745101606420509,0.048442043995731876,-0.09899094008611331,0.008180245095356864,0.047784914752096175,-0.0170208959796177,0.04642712218541695,0.04567826056825258,0.06824334011300937,0.039322921144928746,0.042857750409944995
2019-12-01,-0.03030095111247383,-0.03982326297281713,0.011794620880916429,-0.002228564084432616,-0.0038456453388135414,0.0009344034409022595,-0.027703517700064184,0.04471521553965718,-0.01497673667473845,,0.014345567528781633,-0.005868537871283552,0.0016956859840987215,-0.012300864220332539,0.026661487018235758,-0.0632153283231908,0.027255521942560812,-0.019209347434431645,-0.015116140612569606,-0.04568141566342632,,-0.006778296507972181,0.008423102017507844,-0.0183999278332303,-0.001506489983348791,-0.03593778168973283,0.017744597282510266,0.018366702429296944,-0.039646795944897534,-0.005759906846308949,-0.04715675258801916,-0.04208586724306948,-0.021028499973990922,,-0.009401035487996603,-0.013257420692542377,-0.016720172638304845,-0.03738615723035176,0.01341491067615716,-0.024219172921701948,0.023965955925639243,0.0063271876174251784,0.017288045545438446,0.02110630905841865,0.09274722096414967,0.018121480061209283,-0.00330148829672236,0.0010519331282031197,0.014896715545201278,0.015791703861370632,0.017796325724567574,0.08222794771216291,0.021100206949007216,0.013001305710574784,0.0311735322470153,0.010301816167875844,-0.00791358383662144,0.017746002889864387,-0.02747333070633684,-0.004565322503782054,-0.03157724941251683,-0.0032577240409087938,-0.004635231582005517,0.003137473253860157,0.01806770558044113,-0.00448977659361971
2020-01-01,0.10938148954913976,0.10317716202205796,0.11806086135304106,0.18216257689248072,0.19610088796929215,0.07549379393761915,0.04757877420106049,0.020979218492708146,0.029286802025264957,0.03168201868661549,0.09555860111529263,0.12037942594953577,0.05379576159729432,0.04981809152648266,0.19319063286437022,0.1636033028232069,0.06849092011337338,0.06405462828043851,0.13949782060813304,0.0406403298604734,0.10279506076522203,0.014854463437465243,0.013714518376260754,0.06540053539014884,0.04697717383996036,0.09429204375973643,0.044165981009421984,0.004883356415649631,0.1748070077360602,0.23536672560666566,0.31031415717184363,0.1838810450274173,0.16135246439907483,,0.05169609048838661,0.038453897027821454,0.05063846599648706,0.07329912122539621,0.05461098820433,0.12970977583121462,0.06687780703605967,0.08783192398320805,0.0967358569539728,0.019132968211298673,0.10550771259851938,0.05472019964452979,0.03702183279032578,0.11066293177845055,0.09390772192611668,0.10028686117101299,0.1556577819843162,0.10980030627960818,0.12878798213670467,0.12667874873593155,0.1318757089212756,0.12702367543808277,0.1659945192405361,0.0748024548394915,0.0982546400623367,0.20625115326860377,0.10078316058653364,0.18790163006078608,0.18155437176028788,0.1880198617209173,0.17661451010993018,0.164070847697721
2020-02-01,0.2154109800195994,0.20381959444671505,0.08469552024221871,-0.06402508120788492,-0.06434507720362742,0.08297697404706644,0.07932009179830307,0.11578484341035536,0.044061535547558234,0.12420942071743807,0.1977986534528282,0.18458156534308257,0.14921993282543317,0.08390375718522006,0.024780088010498996,0.14218388358730283,0.09782323239600332,0.5535907849210215,-0.021633813496622634,0.4907209734307493,0.1733581980588973,0.08510163916699995,0.03855485590043785,0.38935140502958016,0.03730819511648481,0.056904379012241546,0.04821758588248476,0.19258278439446763,-0.08054112781035339,0.003055706880103315,0.2173843661068039,-0.06134675236320833,0.10017719751358689,,0.03737418065778031,0.08727659005820837,0.06277406173182301,0.05970992281711529,0.040936507336358174,-0.003798157338879282,0.08675213861750919,0.08245551880446289,0.1297587716606628,0.12805325049449723,0.03639608742583014,0.08245410874340531,0.09973198261989,0.19987539722811815,0.1842138753396268,0.13965186428240622,0.08834631546867022,0.1852843570229601,0.04538310023886585,0.3178067969677616,0.1171525137609038,0.1711641468974323,0.13480280642511105,0.15274470805306573,0.20232140016336436,0.0034760512188383164,0.43024195445972035,-0.009037004036370755,0.023068113178766392,-8.095374797101318e-05,0.0969620755466098,0.02781165476117403
2020-03-01,-0.14456321527828456,-0.15271961160595507,0.004136441960464976,0.05339119093576526,0.03126165835722261,0.0006779518100307746,-0.03356242054985742,0.0028675577852967232,0.01589538605077198,0.06758463910884699,-0.13744686147097507,-0.12901011716989336,-0.05290049440948569,0.08094668459164545,-0.005621250680168277,-0.10584534666809864,-0.012339014497736722,-0.24238654436127471,-0.026222205835442325,-0.24034397899747462,0.2468126790489793,0.030685325760085508,-0.0014813558612561256,-0.27943590821809094,-0.041397690285372546,0.10019992964515878,-0.03860205865481198,-0.1390663808083461,0.011186595245697067,0.10959141991224484,-0.1876108670010871,-0.013732156786611327,-0.041502945649407985,,0.09860940737841684,-0.016804832616470533,0.1012656059761394,0.09498126580880487,0.10426779250379033,-0.042818196935344666,0.06846307556592546,0.04843937977848989,0.0751739014546011,-0.08705349487703407,0.06319314689026487,0.019994142029435336,-0.0007229704989545893,-0.14259009681105705,-0.03561324922917636,-0.016338244958752385,0.09377517323834303,-0.11327872758047186,0.0776363325281739,-0.15221287396371358,-0.0011352490939962046,-0.06455527388583959,-0.05225837112194126,-0.017887576791291715,-0.15914874789550587,0.07032120424975297,0.06912226593366316,0.16008246633929857,0.07696074413159093,0.09199181752380656,-0.029990600315030314,0.04500968029856306
2020-04-01,-0.009580067889146504,0.016400064436877138,-0.014230526663786935,0.05279918653962282,0.05881157644360452,0.028247216009842507,0.030702747490626403,-0.005168823839644676,-0.02063864761134468,0.00864831512333672,0.0021511448645170628,-0.006496837075271156,0.008800687378469507,-0.0004566935510970649,-0.05429658270988025,0.017761513745952362,0.06199700449743947,-0.05118375573880807,0.01658762630711269,0.01695232730212573,0.060777888631605465,-0.01393213311689645,-0.0034051918770524325,-0.011421026879062213,-0.01988891264678691,-0.018652261480815002,0.04450069678426638,0.019550729627299313,0.05489284681594861,-0.03608457615803301,-0.03229379714302738,0.048229114150969615,-0.03896698062101178,,-0.016098818683130345,-0.00372129114153838,0.020007826679034002,-0.0009609540635873159,-0.010519487222617696,0.036896951771771186,-0.008306995492549263,0.003538447545134049,-0.05079925245371361,0.05718272127024482,-0.005857976390804265,0.03168834166915138,-0.01646643372882614,-0.013068788583712354,-0.01169978742068084,0.006698589028228952,-0.0986493789598249,0.06152817336606953,0.027743103870828983,0.026783148239265475,0.022176280382251834,-0.008789310249689819,0.03799143961609239,0.008324369069345527,0.09906073120745057,-0.05873916336281437,-0.2791852060476124,-0.10396327398599031,-0.06073276652467208,-0.03562801687455458,0.007168539600163559,0.01695161902234349
2020-05-01,0.06719084229149097,0.05682552510165212,-0.06790749867345347,-0.13116031006249362,-0.07447568234893337,0.10352744589728635,0.04556348022381712,0.06722519761382423,0.061244083450558595,0.08748745327319413,0.07045811975572414,0.07441445678412922,0.1370559617827899,0.11230420004690872,0.03771984651980159,-0.023223138633360507,0.06240146977218075,0.13945566582405317,-0.004447503805455111,0.11769233946343269,0.08065028521711937,0.06292647542903992,0.07002146518403718,0.058050171294866615,0.0702204010970994,0.08892189212045659,0.06595940236292736,0.020228148395098178,-0.06878365061905095,-0.04004187566542139,0.041455717229074374,-0.06165077297931071,-0.003343150805864503,,0.08976217680398349,0.06816165825887383,0.10785474772459563,0.09759947562073065,0.10799829718919202,0.07469936792139809,0.0636254620243884,0.000909813449339214,0.00908668486708214,0.08441985077544611,0.011804915259500837,0.09958188687508551,0.07615455682303829,0.08908900309394019,0.07605477683813666,0.018475341479535334,0.005793852525800169,0.06213423451100536,-0.01889806759594348,0.09175781752624862,0.017821172477369973,0.06088410342237399,-0.0023267824626240774,0.08359249892565135,0.09038193334253941,0.0009593166910714657,0.0954113890258711,-0.012165850123120492,0.01116056499112722,-0.00852496908630529,0.03660329416449554,0.010508010155101832
2020-06-01,-0.1362605505142186,-0.13168674489910515,-0.13025675060453934,0.00019298414025892274,-0.02450073386122753,-0.053058814364551954,-0.06908191543536152,-0.07945797140896237,-0.05325265702465769,-0.06113543795345433,-0.10904840137507588,-0.16809349207852248,-0.08318445738184113,-0.03138252751444215,-0.1320587501441871,-0.07333697422337482,-0.03595808840274836,-0.07543727960337293,-0.034486209640184784,0.029822746734477157,0.04582830791406997,-0.04595809521232075,-0.0215889390490146,-0.050269068544561424,-0.028994524801174093,-0.008769569169013558,-0.04025328418461088,-0.06860396378360656,-0.0762560651566675,-0.004529458969426359,-0.10528198060683347,-0.07197759549191418,-0.10726206025806795,-0.1082649526518743,-0.009473176928568944,-0.026057994541997614,0.0027630757570949738,0.0032391296211742027,0.00902458181102686,-0.01655191924649657,-0.024332630412468276,-0.01411168025487225,-0.028874599376059573,-0.03632248818297534,-0.06760597265148904,-0.04135931475680482,-0.034991259180622375,-0.14339236644052894,-0.08165479768461481,-0.08756890767844977,-0.06746296190181988,-0.11402856910864878,-0.05437571295043753,-0.08182482900064397,-0.08984324454789344,-0.10249847148182922,-0.0743867343687219,-0.05850493671173934,-0.14374594495168103,-0.07660463126935158,-0.08892410881087964,-0.06819833394736396,-0.08879470747858675,-0.08642454494457363,0.010088751877617208,-0.10987329524080236
2020-07-01,-0.004548049826151507,0.02841944335566965,-0.04923845375860825,-0.029775882487664274,-0.03783258618320173,-0.03604154009323035,-0.0957704187880642,0.1221509060541763,-0.18724724960235478,-0.02738906207514402,-0.013066970464403166,0.04040284489659107,-0.04735926670211166,-0.08592504523792761,0.03781775933274423,0.061425923234631585,-0.08883053115483161,-0.06005818798127416,-0.061106518004212074,-0.07472035946099734,-0.05474800450875669,-0.08450595283540496,-0.1041706152285724,-0.07801666057153617,-0.1108323055313617,-0.1095893435173286,-0.09275376636526261,-0.06398787935477684,0.034306227414713786,-0.07327273421574432,0.025644706992497768,0.035198376864139624,0.037565444699324546,-0.042772355925536076,-0.09430506409669313,-0.13648301463490406,-0.14673076942133992,-0.09960988979858765,-0.07290514171344968,-0.09952985539391251,-0.08050324477921267,-0.07179356976309309,-0.06640722170600788,-0.09218877182625906,-0.04748335413119231,-0.0925670173032403,-0.15490707877045656,0.02252783986716217,0.009938480075207257,-0.008413158657639475,-0.025283715575039722,0.18057469371737855,-0.04878278604139619,-0.03969805606333032,-0.22761106698681371,-0.015318508005928322,-0.027306424744391378,0.03513992633775914,-0.0779557855865376,-0.028378797774779252,-0.019919104010367117,-0.012366920763335898,-0.012979627263318583,-0.014837391802836608,0.013762761275127433,0.005737317245994911
2020-08-01,0.2211476752215842,0.17769986006347283,0.20614254604876836,0.2059590331379038,0.2351254351514942,0.1892144292555105,0.1670816190675256,0.07140840979372012,0.25553961625303523,0.24363428715504548,0.19680312388641402,0.20494030207079544,0.20180250773632644,0.1525228050195222,0.28456074077486426,0.2129326520224949,0.1491860783218974,0.18577078154843307,0.3777508719559737,0.0575698813019764,0.10067397961033578,0.12472184837126399,0.08647293691494097,0.1984036931411538,0.12206191505088343,0.20570672732049397,0.15473770107118717,0.14745009010575194,0.31993144533338425,0.5171780064747566,0.2631220919501423,0.25748841793311356,0.30017481788534583,0.20240364093001018,0.07831110973054449,0.15381746989273593,0.17684165226583887,0.10447693494168564,0.15143223520602395,0.10209588915559098,0.1609769078873252,0.14722295954274234,0.21209539972703317,0.17890508299202001,0.2226963466478052,0.2683729520857054,0.2481269479773039,0.21113872593662875,0.24467121807080006,0.20327512381019786,0.20541418643973863,0.2579883162721345,0.2609511381383928,0.23546198976269667,0.24605556449793786,0.2152434487137802,0.28292517841286347,0.1290731938974714,0.22340942117772644,0.31575906803763903,0.26609661791274997,0.2820102594509248,0.29181611571860105,0.29064999074763986,0.15583323602721977,0.3076398635522887
2020-09-01,-0.13965929409413858,-0.13462171810501694,-0.06143442429340085,0.23114527220003467,0.2164296747358233,-0.14298646936014361,-0.06358741753400105,-0.147678157357521,-0.06227225417463833,-0.13231561127467006,-0.08819959150921769,-0.11789659966522681,-0.09335125176924908,-0.019400182965208866,-0.02983820866211706,0.011703359872618113,-0.00395392260907565,-0.11852913355688349,0.02168083872034976,0.07718200084572276,-0.07841809278439142,-0.029481823489323156,0.009201111475587581,-0.06300043660877125,-0.03353187947843933,-0.05919430804170589,-0.06005293097727954,-0.08369745061042488,0.0626948773182888,-0.11551169938425443,-0.043778994041987096,0.10621040254093872,-0.007056366266895098,0.05037914153671941,0.041457133402614685,-0.04608148453779701,0.0033281364145319597,0.014093942033808614,-0.02945733414963897,0.03414457188938769,0.020259265477601818,0.14312511573574926,0.03379241596872945,0.06787152630239429,0.06771382983660762,-0.08550704073740556,-0.08741913211957666,-0.13070584901747756,-0.09027899733581207,-0.03674445063920523,0.04170960091294684,-0.2879169282078605,0.02007104545996996,-0.0920387898638706,0.07746132217861823,-0.05616875996012377,-0.00592316538039539,-0.06563939557569937,0.029415542946956696,0.008848327616051255,0.04914963299891745,0.031039694293494458,0.049867239870015456,0.011867698394995796,-0.029114073299931043,-0.04649279331805167
2020-10-01,0.06699327669040261,0.09584846277067577,0.2097327508341083,0.10050590201170365,0.13306710215794992,0.14291418494799601,0.09984528959342431,-0.049189747509804066,-0.006866683344024016,-0.0339804738306298,0.04169208368604904,0.08184225685977553,0.04203235743805259,-0.0778802928131157,0.15239297635113902,0.2019657259337378,0.0882076371921926,0.036100111111048994,0.18788103991447036,-0.11759728915850018,-0.10620822409158673,-0.017740354511750073,-0.05664282840634016,0.04883384112974026,-0.04155506140431109,-0.09730903763166521,-0.008080307085462701,0.0551454067868028,0.1866944143780968,0.14629093873557641,0.14904903677558617,0.19075664085739147,0.15506812348026577,0.22501373938073677,-0.08789555553449808,-0.06055614314125407,-0.09244216567693492,-0.10309179436129745,-0.052282782639826456,0.04135512593193025,0.07775135032687863,0.12980812077230375,0.08898454218464946,0.019791037441420967,0.19382654910121577,0.0525825837767967,-0.038762497654262484,0.08108738234736806,0.05904683460072291,0.29267494009602435,0.2135035355324143,0.14536215818936854,0.26051186481002836,0.14583509169482262,0.18345813919586906,0.11483558425124557,0.21808434059266324,0.08491976698161519,0.22338141410888956,0.22754397548250227,0.05584939029647584,0.1889316765353558,0.17284233950547634,0.18721046511504125,0.17252059583432505,0.3262164710286283
2020-11-01,0.37913010285355014,0.13661424807864864,0.03879516486654555,-0.003915012940971732,-0.021295231515294742,0.007710997901138383,-0.03658641681243213,0.157794139078636,0.04346803834625304,0.14450115547426345,0.1391684735311361,0.12623800682096686,0.04893316310213294,0.12971237800893098,0.16311144061338206,-0.023125180638233905,0.03940095626089812,0.11267474071597178,-0.012380100036069486,0.12700764137066234,0.17280874184586154,0.07689157303740085,0.07381158258448849,0.021859217120533292,0.045905787743708404,0.15644343669832675,0.052099982259494415,-0.02709855769962899,0.029625255666851053,0.05457285201686049,0.23533087429069766,-0.020668538830296013,0.0696577004030256,0.02184871685633856,0.14028629483773764,0.12882656721582542,0.1354479798623956,0.1326365795577546,0.08019894589915852,0.10420184428028922,0.04801093950003993,0.0082299068421961,0.18061236530610636,0.04040620823696017,0.028166010972213218,0.045839214012678986,0.12590734686999178,0.12108988058649356,0.13407055924063943,0.0019325379612005755,0.05843570336242154,0.11994782030306211,-0.08133260029261163,0.010491722584069663,0.09126236084101058,0.0923672564930989,0.01629559510956865,0.09249294100248351,-0.12087368204307103,0.00643499838894044,0.33568773406484786,-0.12487148035326448,0.01642885569989013,0.07138355016671541,0.09829232564506038,-0.0034707059546527086
2020-12-01,-0.14306315187302499,0.04409108597135314,-0.09366037671715019,-0.2096396763591464,-0.18918124527975216,0.10337343855187586,0.10935150302691882,-0.012241207515198638,-0.04211958252166714,0.07969000517224911,0.07460347258022598,0.054077270693254686,0.18671001952300093,0.05784722007951448,-0.12891397750029293,0.033114497811868815,0.06140954278781685,0.4519852109110781,-0.17650281730719725,0.02061372247705512,0.15040895763871187,-0.012561079906106332,-0.02682963502096619,-0.010025747238712912,-0.028632037897226126,0.03269069938527125,-0.04188014029970988,-0.03217615469220353,-0.17649695337008336,-0.08648682973456612,-0.050985617567219615,-0.1697825428986604,-0.0006402677771217835,0.06997287879551617,0.018353537169997547,0.036682165248598686,0.0070534252669064434,0.010547888790253146,0.00770644749342414,-0.08643273149684566,0.061160991677088716,-0.14896215076430058,-0.18209992837815636,-0.0006240488882592876,-0.16218935068433704,0.005806702485590065,0.07129569084148518,0.047945792011374944,0.10230648658255037,-0.11009388958266614,-0.10307525153981262,0.07600492280961219,-0.10479555558702264,0.15753583666463555,-0.06162621096938492,0.028688923674180633,-0.08173334666149662,0.17771768230810864,0.3212276136973441,-0.13551916617290316,-0.10929758289041389,0.04583765144940832,-0.13768503420821823,-0.16047756106166042,0.013702112182959747,-0.14068131581059484
2021-01-01,-0.04854900077133434,-0.059556447432804596,-0.12542127064074182,-0.08768434057409868,-0.07846008854538633,-0.30140579987396904,-0.007241614920764805,0.19585188319125185,0.07842393785772653,0.23119225402927168,0.034947394780277086,-0.062559104871101,0.08190315973896595,0.29081758492926635,-0.06922561489975876,0.03101164421707403,-0.09247812758378601,-0.0870173973649391,0.009306797225733701,0.20044816740918453,0.41025020706099213,0.0933922073919036,-0.010076178490999593,0.06315893539736264,0.07562152232265112,0.12030535856726843,0.061578126171624614,0.07658097926182181,-0.06124485800189872,-0.05524112884297566,-0.0127197361471314,-0.05721136950870643,-0.026833603378170867,-0.11683700271002934,0.1271791524706778,0.09490793774961342,0.20526358777288808,0.14326509509715024,0.2323514189767035,0.012755143684003795,-0.09157569742199563,0.03343737400721861,-0.27041663772701285,0.12304398075659229,-0.10622594239116412,0.1239195443792005,0.10447955032424644,-0.02405216754685356,0.05275521363769703,-0.12249177246081211,-0.12540981083852942,-0.07440495578974171,-0.10347010317556171,-0.13593722620205617,-0.0899014196318483,-0.12782990914794096,-0.54863941593176,-0.04225981095931872,0.05972350477288174,-0.07437788114076084,-0.07062508649901406,-0.06999164011643133,-0.0816044910328603,-0.10097080152082438,-0.06949274606701977,-0.08226023097291492
2021-02-01,-0.052440949836417616,-0.02864936558703725,-0.03772934538077277,-0.021534967166941595,-0.012032310292852129,0.4391341133715157,0.08593200049287819,0.05895094424896197,0.05674680815891961,0.1298782812480959,-0.0543480637392198,-0.03659198891358239,0.02334024090163006,0.4995459064790753,0.027747853896624042,0.09261696666202429,-0.08407420977864713,0.017121498099231053,0.2327296404398494,0.3737245368982028,0.28107120330305335,0.05462835015496145,0.11475746218697361,0.08489464882286044,0.043831952764076754,0.17681595178663384,0.12174232599291906,0.10893300885015934,0.011801488922936976,-0.00607247717074999,0.10645326285091028,0.004737549675943864,0.0191804085703704,-0.03561875939186618,0.0930708612455758,0.10553853374932437,0.18637525322335696,0.12480007030223844,0.1496705761853398,0.17428504140968049,-0.05860603166198006,-0.16165797545149158,0.04691870439649887,0.1970383051731855,-0.03344487691193866,0.14470305880727152,0.09627150117915517,-0.03721853437615973,0.024121964853862976,-0.03271573077702606,-0.045440361051121814,0.09161890643643894,-0.04231245906815417,-0.04259226143261907,-0.033662881578550685,-0.060712120539890446,0.36785082327446517,-0.016601355347679037,-0.09141439501679915,-0.027020594542283116,0.012496358930502605,-0.009639006484947976,-0.02187781777055897,-0.016369306255176755,-0.0011967126393591654,0.022453748681557445
2021-03-01,0.1074234380583291,0.13505516064737363,0.157612675931172,0.12533492823214154,0.12214669592586393,-0.016513190525225985,0.045707752534580676,0.07189539265252436,0.01934131341568071,0.06346341715261655,0.08695855914581273,0.102209014258384,0.1629230581256787,-0.19909968651724774,0.11751739072508649,0.10920194395300206,0.08967873121830904,0.2171422752677204,0.22619640900348026,0.18153838998347388,-0.001684940327571452,0.07310253853926174,0.07221264470611116,0.07050095071758455,0.0609996747573735,0.09333921467083223,0.10874172869894877,0.056883401748962295,0.18791307964432757,0.15425168619553287,0.21152559911915683,0.17455144186405636,0.07085797313709224,0.09194668791180372,0.11522502431414405,0.0014432462584466343,0.18251902703628628,0.10354045633326964,0.06702550030621708,0.12621795855970028,0.08777703440634924,0.05901051425734702,0.09412153454109795,0.39712817254707145,0.09315004932552844,0.1527730750762596,0.04071785071946793,0.05500674990692683,-0.020469952008952408,0.1543017233761751,0.11178498441196465,-0.008554141345392563,0.11291977304970124,0.1613303518525696,0.05809952876540489,0.12996315329263186,0.12723519772486108,0.11022872864453309,0.23280453588768754,0.1425284385658825,0.23352991247297322,0.1459606180479791,0.13914419486147947,0.10770573106705576,0.05834663226774328,0.14029508486221248
2021-04-01,-0.05277312007965529,-0.09443086971271336,0.007063883402187776,0.06713304215661198,0.1498705092147909,-0.016016889972325143,0.1351908343079232,-0.0718719872210076,-0.023218981828802027,-0.15473738286041672,-0.07716305809657653,-0.040734681292472874,-0.04147163663158954,-0.14683752757511473,-0.12143826642231331,-0.10025122866212632,0.14366225734147864,-0.2421538905176152,0.05056093744467255,-0.08969716727659915,-0.13841059888991872,-0.03392706093479103,-0.04766316506181781,-0.009893360084175323,-0.020896873093867258,-0.06879631596320254,-0.03703104085544151,-0.03169914897028708,-0.07342174936909684,0.1355580758811523,-0.22178221229559447,-0.012223860567413869,-0.090402734974109,0.00961071409897063,-0.0500761925411215,-0.0017886978504770834,-0.09091739279030095,-0.03327810658843017,0.032888918344771825,-0.0060738133415078055,0.15369246523702634,0.1542001902691895,0.1551698887204282,-0.10796566290513532,0.1364190949954761,-0.036321401584607116,-0.020965620167482768,-0.04014125443077082,-0.06917132292512329,0.024983240265865098,0.023170168025912985,-0.04851257465528769,0.09762015106632327,-0.11298605400531969,0.02376884687517991,0.013736208460275179,-0.024087414854797762,-0.012310352352422116,-0.20474251935084603,0.09913776673952282,0.15262887314376192,0.035147551171453406,0.09751779325162807,0.11990127172435039,-0.07292775319944983,0.08955854671105584
2021-05-01,0.09792021498802611,0.09461077326568007,0.09653569183266167,0.03052167060241666,-0.05202519246963542,-0.014935212744863036,-0.03585806979844773,-0.008476017989286544,-0.025710598154770975,0.06943940784736025,0.0755065689473759,0.12233405495455582,0.0704058988995335,-0.008285390197086448,0.2461522858119391,0.027482422888362862,-0.0323864355952973,0.14422619070052634,-0.043560917269788446,0.09877360157829647,-0.08966163708573391,0.006597960101486472,0.008857295167800844,-0.05872461721524913,-0.0008613748377250263,0.08664266644368745,-0.051690745296888885,-0.06798377031284725,0.15697288077329644,-0.016381928777255417,0.1317808579078532,0.047112948726463794,0.15042373964742006,0.10002083190077149,0.08053479626551857,0.09779650278476959,0.09543338477732123,0.0946771858806627,0.011421412562771627,-0.04568750610699293,-0.03429061860952629,-0.03299668379996837,0.039359155142411166,-0.21287248275089476,-0.03673713950178423,-0.08733722265519495,0.10829827512365334,0.1326089546498831,0.042474187415402986,0.07769861942878875,0.08033291281117252,0.07338999227963862,0.018009572709750413,0.08765343707247159,0.07267654936375192,0.09870473108580191,0.09020652335791268,0.015375227314942438,0.06485201421190476,0.02938090660745327,0.039431324429176934,-0.010011921836764026,0.02578514783935445,0.03175786505569997,0.08385149841016734,-0.005156717049689785
2021-06-01,-0.021330610073641565,0.008185251084218581,0.011482559118397129,-0.0009420111132411035,-0.009298016374575502,-0.0332477642293913,-0.036935534741493636,0.010932825904004573,-0.0026217630607463516,-0.05228203412993937,-0.0014755041605036268,-0.04046460450004885,-0.2141758043165638,-0.03688479099437625,-0.0807254958507182,0.0444843537421985,0.00305968200717055,-0.08917428608644046,0.0021770345969909233,-0.10978202842958568,0.04618947472730903,-0.011416116837859536,-0.018033752960838034,0.03477126487161131,-0.025461465445399206,-0.07759936321051059,-0.022340698679972015,-0.015733083193404107,-0.0212017843942629,-0.08554126634056758,-0.02116829118536856,0.01317694314036233,-0.03306769519820152,-0.004662035177450452,-0.04157960337238037,-0.044549472840329396,-0.0967135544262594,-0.06289196451603951,-0.08891933997211704,-0.010162972696690975,0.031960698042623775,0.1364621338735981,0.022879163731166052,-0.09267917784568097,0.0771997065093899,-0.03476695308722838,-0.03750165640910308,0.006220879106768273,0.007066621148132057,-0.005605472688296365,-0.05126990125814407,0.013904726707096637,0.020380793268226338,-0.05590607155566868,0.01755289097496926,-0.03497067052244862,0.0034179220133059296,-0.025622090929175723,-0.02464334190711065,-0.0032871210230204784,-0.23405092657055637,0.044028387286795145,-0.002409101456089302,0.02262523747320666,-0.009574684724194094,0.09416362493595215
2021-07-01,0.0996178456156464,0.0671996486764248,0.103815135399628,0.08360848050937297,0.11813693378560491,0.07194787629036686,0.1157343108231248,0.07304848693922067,0.07522911181812006,0.08710799483347426,0.10715519230243642,0.1329134671186486,0.13990930492038423,0.028666354913049252,0.10878053731929938,0.11856890747337256,0.09056287707185734,0.10731032811990543,0.10447350450306447,0.08270948910961629,0.07933297953161511,0.08917185476213388,0.18478513285084147,0.09051112330929256,0.06265930398809308,0.0893624016311309,0.05365085557912741,0.024496856712688975,0.08095336086066685,0.06495859526921938,0.13824059758117047,0.09245371035185102,0.1206980009306532,0.10618633872209038,0.12086610675877385,0.103221817568311,0.07218716431876016,0.07280472453576359,0.07353201214227278,0.0633981575255691,0.08397561147424093,0.0744678163036942,0.09161005089816365,0.06705409868913303,0.07864825545054221,0.08460632481726371,0.07009153831736903,0.0949336325769411,0.12235802347433056,0.1050612091396621,0.09376314739826319,0.09387189947386809,0.07723890495279073,0.13391456270590074,0.07515181543353094,0.0998017381988131,0.08100491819072064,0.09000368710819706,0.11224173041813351,0.06082489777269573,0.1277024131238752,0.03852338031896407,0.0593071034066579,0.04994056370146743,0.08300774629791635,0.061083429277505985
2021-08-01,0.06644899549516592,0.053693048836375296,0.017031676122064576,-0.021363614796665265,-0.019992060915391074,0.042724999182057466,0.004654113867948451,0.02709985307091964,0.03222688681766239,0.06706561046129739,0.06662451750607959,0.05688905409217404,0.06477425464318715,0.036236481611867766,0.005831747090115025,-0.0006563714583615043,0.006179709218303631,0.06961490175735335,-0.008238088074204897,0.03946322618077286,0.02907426611467151,0.026309797534891488,-0.07009678588220103,0.022930592773672542,0.030342577321529146,0.020500825384891563,0.010711149449413426,0.011500582342886478,-0.025978775117143083,0.03465249711316121,0.010848375733960691,-0.029390122972157817,0.003387490922207581,0.01153458457328116,-0.06388662415871546,0.1591006954019703,0.031531147143248756,0.05016062940925892,0.03897559741229606,0.024684339350134366,0.02645771741224623,0.001600226662827886,0.022092504904875992,0.06292737552956656,0.00548524427547098,0.029188509284877484,0.035519976203115006,0.06194609134551102,0.019792734907514042,0.037968176346136584,0.035608078028249224,0.018912738337347856,0.001954441025102227,0.04077603560723647,0.00652384907033865,0.0610414208211304,0.02246277738855218,0.0454765316803111,0.05449062909758928,0.007110527534190503,0.07734306608568164,0.021219825623634947,0.032609455003295595,0.023269618938181913,0.05404037527270117,0.02630055952603183
2021-09-01,-0.01657818334286812,0.0003013882170872506,-0.031220630268760208,0.09050378212919308,0.08037284507185505,-0.010855329266300201,0.02250889532576439,-0.0960584523655606,-0.09226996329805501,-0.026453189862914492,-0.016225044802513966,-0.010033570244897483,-0.006559267975509708,-0.0876621954866937,-0.07984287890551578,0.05392424301088544,-0.04732394442239121,-0.053340786444836585,0.10208806883790877,-0.10812533217100931,-0.1258429513761269,-0.055141806478067906,-0.10019598219068135,-0.13145582356047558,-0.10667490025279686,-0.12712731318590736,-0.09206862019216128,-0.041415286866090084,0.06195225767297874,0.07332119435871254,0.011237678544155028,0.06384126080569685,0.042278995227329474,-0.021457607602647366,-0.09121259490875826,-0.20095572643406365,-0.09694389037926679,-0.12837100316964445,-0.07054996546147636,0.011577952579670536,-0.020492626251357504,0.0037154334176102144,-0.04057639391862783,-0.06592507050053453,0.0006985530008160601,-0.06441812115908596,-0.09033950551853237,-0.01765438766863542,-0.1300179120948849,0.002730364566986332,0.026222739397347206,-0.04303696188607875,0.03614037495267197,-0.0412667939910043,-0.06871922792140062,-0.01683969468477181,0.0064263415540142255,-0.02210215255956799,0.00298594247608841,0.041056567543504285,-0.014979800710793634,0.04655797349248847,0.03228689582871391,-0.009945845921702112,0.03823387037439813,-0.023188826892944325
2021-10-01,0.17467373245856532,0.1921370008058143,0.28042663611631513,0.12493780581626268,0.1525854067401159,-0.019562240968020228,0.183154270099589,0.03802837881812182,0.08608760303875196,0.12761809797060109,0.2013909842355538,0.20622045838081626,0.16561483635141294,0.057905163561834894,0.16616198204831745,0.133825964009886,0.09085335000719236,-0.10813580655181232,0.13646414201230384,0.02334514379128072,0.11477684633652274,0.0038090493044048435,-0.03605744641360703,0.10333777245921477,0.02683713477419858,0.07421744290936183,0.018941059941034843,0.08392042025915702,0.10859142424755153,0.1348772756532748,0.19291224801178308,0.1362186408235465,0.12441027590071363,0.16091781595990884,0.028395017685191315,0.0508650294080355,0.04130265174888281,0.0960618619378924,0.04930111778044338,0.05154942295729309,0.10786238701168294,0.127541864261091,0.08690482620360279,0.059720224352970364,0.10919488198771216,0.050081772797809565,0.11315783794917911,0.19903951647061358,0.043682776290903336,0.2976261935568061,0.11942838752366414,0.08348699402322945,0.19092590849812419,0.0818135484841912,0.20220787421267816,0.1032409615815909,0.2753039320905255,-0.01257818653167958,0.15225118992967124,0.19276281116413574,0.2108737552441562,0.1466822916697288,0.21935892305853366,0.14774914328663957,0.06985155743304405,0.30773937937787155
2021-11-01,-0.022856564119893924,0.001921649292444011,-0.0014060669193529662,0.12793820952667692,0.10437580987203506,-0.09811360521921586,-0.14951947177358899,-0.03279070495897951,-0.04197006556896177,-0.14494153098976326,-0.07584694841875228,-0.00830446269046528,-0.15374733639990681,-0.04613121707846246,0.0701848343087674,-0.03106211804455422,-0.02279958980736904,-0.012550419552682657,-0.046389446073902996,-0.03908375101514737,-0.17944745885329835,0.025374608120704994,0.10266656656438755,-0.061170741247287,0.02741324338685841,-0.04565542748912238,-0.04954249780532599,-0.04613317008425455,0.15852459711601435,0.07404601939711836,-0.10369365226519134,0.21386722245960454,0.13214711715750915,0.029986677490280472,0.08456159463856315,0.0966518451713872,-0.07025095576508407,-0.08796921009322416,-0.07732015961747989,-0.015663634890305977,-0.0007014504412653499,0.07015208355729549,0.14020577352498878,-0.04008408328485524,0.09583467639493834,-0.05719000596810131,-0.03480218170339455,-0.010834751746752275,0.04839683593911709,0.04325399095475506,0.09839694168575527,0.03453035366535934,-0.04350303022236274,-0.04851050586937089,-0.01991877288728161,0.08237908603127483,-0.036583720333281305,0.015497788737133367,-0.07662165882887861,0.054231417489764414,-0.14509513744495978,0.07097537481278218,0.012991941406823027,0.1071109926250905,0.0549990472811662,-0.005366930752024379
2021-12-01,0.22932899741084212,0.06798638876255098,0.039049953527672016,-0.05794054644259009,-0.028454974213821663,0.3364760877218979,0.169706452479422,0.11254981390467575,0.019244608979231803,0.20082940969777927,0.2578532582308634,0.23430789378461525,0.25816321654783886,0.08357669439099041,0.13352935409852185,0.25250300724185293,0.06414992962127325,0.21634601567008444,0.08701413612984005,-0.0058284429098602875,0.06942274115786132,0.058873941446276196,-0.09993935763158021,0.09841772560363155,-0.05873245525579096,0.006921303941792467,0.0640261846057043,0.033403813700614626,-0.027346633141245122,0.01652959165554868,0.3584549745682497,-0.056891893688523654,0.0718071643576293,0.1765372919678303,-0.10147874037795433,-0.14364756901710035,0.051962074036690384,0.013570783911430295,0.07455157356560185,0.03600158174971102,0.066259627124345,-0.04415247530012925,0.005859731997287801,0.10434738413644579,0.03394723285676868,0.04547961400445677,0.024887302632319308,0.23404430871515308,0.12819527617579757,-0.0016368754079198883,0.07992144023791276,0.2796704073237879,0.04813714838533961,0.21491622420157896,0.1563504301293081,0.1157200055922516,0.1628809417462601,0.23662918114123327,0.19640204412274498,-0.009248479960710959,0.393945821293716,0.04006114987499432,0.00848851566549591,0.01040118409504387,0.1919425100110302,0.14741643569127505
2022-01-01,-0.1230500636704549,-0.015560604664768857,0.0403845406694151,0.07045621591764246,0.04584218595437339,-0.2670668287595819,-0.1392446027805797,-0.05699577038878488,0.01407753152316027,-0.1321796098514549,-0.14584824209220507,-0.10842463024945503,-0.042142630639800976,0.010394453699252466,-0.023385728926799576,-0.12165969509063612,-0.006078887194586796,0.035835262190384964,-0.04605630156635343,0.02505727460553687,-0.010113419000033631,-0.03439822373576801,0.10299286905156768,-0.012577985437075334,0.06829385354891432,0.027232157530887688,-0.02857493072465822,-0.10098920865763006,0.0383462059760146,0.11706984617169941,-0.09088331134911387,0.006970321965709098,0.049430701078466005,-0.10657581219189632,0.10062722793243592,0.24925421919711088,-0.04385675836881211,0.06551089548910687,-0.017080111085209626,0.019218732802130933,-0.0016620953447454567,0.05866383335220568,0.07050408087351198,-0.048952989917625034,0.024003639262021592,-0.0029437830118482777,0.028340859057050527,-0.12158165947933736,0.025557428103360313,0.0719696541679301,0.08397552883237183,-0.17807947117723055,0.056889547534528156,-0.0930792170904341,-0.013699195652824014,0.04386374757170469,-0.0487821560017736,-0.05884352398238099,-0.10595793543842047,0.11505056078369529,0.10040284163757096,0.06723703577289394,0.09722033988357588,0.08378822909631298,-0.07693437789658475,-0.0105623263888448
2022-02-01,0.1448761019045094,0.15697649957256476,0.06663244236895927,-0.006112141355065714,0.043451663256297124,0.03636270710607892,0.08034344487154951,0.014891017860869132,-0.021894979539097248,0.03624385408759011,0.16820396835466161,0.15070217730047955,-0.0680476084979936,0.03265593018181205,0.014691159271702198,0.17335359056009025,0.02860680678076924,0.1136717325842534,0.10352944116512569,-0.019693456605963243,0.08162212254677173,-0.00205724379958816,-0.013868181995812412,-0.052292385540887165,0.0019320438818067887,0.024073831623825023,0.014374214743348157,0.03434714476819711,0.10886340501694108,-0.015327631300379868,0.2853259511726639,0.1099496860888472,0.06370721431933521,0.09507310733389826,-0.003305866229598761,-0.06454741600913211,0.05191139762309851,-0.016511367043686734,0.007132217383914952,-0.003792716850629374,0.008074487519343934,-0.016368942869977615,-0.006198619409792012,-0.0010142566862798852,-0.0015942634472772554,0.0026240561580587185,0.03570917948805474,0.14099858073875637,0.07068521179590903,0.045504636951200564,0.025580404958111147,0.14004879988017674,0.0034262964765338494,0.10452806477092128,0.06375901048307042,0.056365400314781766,0.07390244983020033,0.05976206553770849,0.1423717327356845,0.004430297302568907,0.08242534092919518,-0.01715310594090426,-0.016346736274327617,0.012601436697547153,0.11553564734178706,0.09195710570663845
2022-03-01,-0.15468379216285144,-0.18348507511989515,0.04496930539736024,-0.04282460587105988,-0.08204267123835796,-0.11738808324996897,-0.15554092948630904,-0.05955085443760702,-0.03937270570462917,-0.050179938792541026,-0.1583901107101544,-0.12126331680312241,-0.07126631196238661,-0.080701406783301,-0.04082615261485456,-0.13031201076472515,-0.09073579863500963,-0.11163920620843604,-0.1601007363894158,-0.063185499043392,-0.10423555485264552,-0.034411674839578535,-0.03461132604613518,-0.05345092329342324,-0.006946039286359951,-0.06389486781659641,-0.029410915030327944,-0.045240665199787256,-0.12603092289498646,-0.03638386608945099,-0.2441491253397664,-0.0767072893596949,-0.08182992382054666,0.003933033601456415,-0.03649787162972554,-0.035402237109075974,-0.06926216139905933,-0.04333702722030039,-0.04976099759578896,-0.07746097744873537,-0.18720819901740018,-0.006095861749919496,-0.04486717063896198,-0.038827070574769335,-0.04304180395364898,-0.06409105399067155,-0.02220137137984643,-0.12618496676582153,-0.05735142268722904,-0.07430850100949976,-0.028944648889881658,-0.056121763375092226,-0.04140164945072716,-0.12961177240948157,-0.08445688358195225,-0.08497997577033822,-0.08954189964972198,-0.08545086624747569,-0.13356179295095977,-0.04036274296463652,-0.3350340823631728,-0.0366954746855766,-0.02878510977514706,-0.004621305100643708,-0.10276625801122341,-0.11528608919195382
2022-04-01,-0.04297081909386807,-0.04797285476921603,-0.16161463546978538,-0.05129057603002485,-0.05325312073477714,-0.023490604842238666,-0.03685104689701041,-0.012265051669491364,0.005097085642731675,-0.047546617260400686,-0.04706197915445501,-0.05068254207545875,-0.06591531381430907,-0.054476926366400516,-0.044631444426549594,-0.02785512032730092,-0.05439994675816892,-0.03449945724799208,-0.08956542276960267,-0.04605477130882357,-0.14110947773702204,0.000804014741048048,0.003726224456106625,-0.02698835256633436,0.008639982780299649,-0.024695681114494772,0.004956676959073536,-0.02276366661089707,-0.00017576099686700264,-0.16504228623494815,-0.043882445257607094,-0.05530237826462592,-0.09334851973878935,-0.07201282817860691,-0.10476941324548529,-0.03212558814591393,-0.03571310052223019,-0.019229400777133143,-0.04246338597325179,0.02676082231826382,0.057413191536549446,-0.03103813448326659,-0.05042031821174406,-0.02719620202697204,-0.033070436631664035,0.0013421366690845316,-0.029320992992520722,-0.040455071420484046,-0.0034335327966826257,-0.06048238480300805,-0.11707841104290645,-0.03315822876048374,-0.02384412518583809,-0.017203890808898947,-0.020854252026861003,-0.06637666696359962,-0.02944732809607653,-0.0069061636107854985,-0.0011515348512274315,-0.044049905904690434,-0.02388881664242193,-0.03411679525494346,-0.03312986343411173,-0.04520076793536715,-0.045107498962586534,-0.035901247626131116
2022-05-01,0.08663903492870981,0.09292100098847245,0.0688779338659335,0.07064241575896663,0.07326824198778953,0.04485580729787669,0.039115992746200035,0.008947453429198421,0.053101532471258844,0.06305616307764941,0.08676214195485857,0.10350099035806148,0.087754304084556,0.04346248431946381,0.06645598648516787,0.0653576029801029,0.03405194945146062,0.0596880606296806,0.047662806236206556,0.03741290342480394,0.0906472412701482,0.04128995144680378,0.057289419295971145,0.027890935273629708,0.03714721431075707,0.03911501487945618,0.03395883180893955,0.0143827197491313,0.06502243655366718,0.06464294718486269,0.061577488117342205,0.05386738422124032,0.11614772578544141,0.07772965432252893,0.11818417649121349,0.06424391316951181,0.053594262075647076,0.03827612018781218,0.048534024161776934,0.03960848849527332,0.016246448340350023,-0.0032491372781372485,0.020241940808635228,0.04226439980546948,0.046029187390890514,0.04304106031510127,0.03286824047370562,0.09470968297233218,0.10475288988883263,0.05616583889168686,0.0543709476450866,0.10383923843389781,0.04005844795516755,0.09870130439119601,0.08366981268165691,0.07797299487730111,0.07824525135297283,0.04075894548589326,0.06651019233725952,0.03097893870967061,0.07441224835925392,0.05013822546892288,0.025838095330971145,0.038595553020854934,0.08265919409128086,0.09156047574756143
2022-06-01,0.005808613974603305,-0.004779098341380961,0.002751396558735575,-0.03575163546820126,0.09257882516089261,0.025262364641101875,0.026461390894394088,-0.018735285530945167,0.01897692817456592,0.017494971528280223,0.015570289466907417,-0.018610592857691066,0.04192369275635943,0.004962352264273495,0.02551963913045241,0.035910321089058284,0.0061039890659296825,-0.04202000354844332,0.024126738695632644,-0.0016911681255523392,-0.061739529913583474,0.023571154375249426,0.017838505124778636,0.04007469497151794,0.023450867589852153,0.017550751839658596,0.03271138350654049,0.01675727363316304,0.044432838539802844,0.09332567876706388,0.053824025292244726,0.031409151839579375,0.03919801571614229,0.027908897471015215,0.17271785163478798,0.1841389164203115,0.003922009973908569,-0.0005471852309471004,0.0077949102482167965,0.035442440030308525,0.022036730571157515,0.07782718773220942,0.012781611027513434,0.07756917522141904,0.03283552674493695,0.03078102475773986,0.03303813615057294,0.06208427242310083,0.009294413172279858,0.04333939934583608,0.04168203731502418,0.014399325088025106,0.02678541088020875,0.011997820270358617,-0.026875454209869365,0.014842810100536341,0.09937870949752609,-0.005169170653837318,0.020161267552700646,0.019132385883757097,0.07902538886853483,0.024289037527445545,0.03858606224094535,0.006988926656339656,0.019136224697763105,-0.03497370439800829
2022-07-01,0.12872461704080507,0.13726537107297376,0.06478535288678461,0.11737273588069458,0.05262287410255395,0.14248154007942254,0.019950394371122865,0.12285942178225251,0.08632587709692122,0.1245864199520118,0.1498437969713446,0.12506240500776877,0.22954321140946776,0.15936944087812754,0.062319460432485374,0.0708008846693925,0.13389031203393553,0.27780731600781683,0.0781489536887402,0.0817994400345739,0.09671994679499385,0.09536890313507618,0.0866718818964799,0.16090373688355475,0.06238218814726959,0.1288270352650761,0.07954128303101007,0.016690765301732413,0.010946238914377515,0.11215353310020298,0.10714652125320212,0.057684548693957005,0.12850492941586888,0.2021436992188948,-0.05997920200109097,0.04294586993059618,0.0947351212750639,0.12212338448662197,0.10946318249591325,0.1500451295038252,0.1464681285941024,0.10482365799618265,0.11301586686155796,0.14927710119035278,0.09517532009807805,0.18318499236300612,0.10585603312931205,0.14061615783775638,0.11579791299235831,0.09826561628119312,0.15554600980709465,0.13860689804587556,0.09781291125747543,0.1337151449725814,0.09895713870280032,0.1456123913282144,0.027862456158655124,0.17464663656359247,0.1282767809034685,0.07431560258702169,0.16055148521264295,0.1022698864363899,0.11878733056757029,0.08054467017409994,0.12419185401331878,0.08903089789402957
2022-08-01,0.05289069108401767,0.05284187027245449,,-0.11047381916140742,-0.11696156614713504,0.051487438752770176,,,0.034129357497394874,0.038862888699552095,0.07042041394604365,0.06544050216775193,0.04721657490117015,0.052253810663617534,-0.020320103900294928,-0.0355133842784251,0.03557301751214098,0.039895771832385796,-0.016514285425223596,0.0317041780008227,0.027619646473862336,0.03720031595722936,0.03105491492664464,0.026267684141572878,0.03332850666932835,0.03416278463274966,0.02781314530397122,,-0.029623441525804428,-0.0004177128683170994,-0.010850489477295833,-0.054123396466758456,-0.050961379651023986,,0.08263164529140143,,0.05222685593630089,0.05552614369911124,0.04621730365996912,0.002779554194822037,0.010052574009205062,-0.07482696026923646,0.012286742441874804,0.035270887227719316,-0.04764830522520186,0.004660143155188312,0.08321906195114626,-0.008482915261328883,0.0005097321258303866,0.06754840211488738,-0.009118520043317313,,-0.03654432837928567,0.024995073407104135,-0.005346754933239939,0.0492103473770992,-0.028396753572821565,0.017464811476313902,0.03291852387522093,-0.010714238949863675,0.04048432116423489,-0.03584022031692674,-0.03351384704737942,-0.02265171363483709,0.019131408645249925,-0.025256370284541252
2022-09-01,-0.23935116562833839,-0.2575964153306536,,-0.25648267350749887,-0.2609958107765348,-0.1956681565990979,,,-0.11859757848442457,-0.16622832678036373,-0.21286893703023693,-0.24750359327200422,-0.19847012016768067,-0.13911404451949322,-0.31608131513737914,-0.2475970723990103,-0.17927549183973912,-0.2590060235817409,-0.26339712752163535,-0.1374034370110302,-0.1759037099768088,-0.113649004927322,-0.05755053994815719,-0.1362231046260785,-0.05619209598457742,-0.1310763885325788,-0.07883206964536438,,-0.2956994925265348,-0.2501416079054031,-0.26757928943261544,-0.30423727695117386,-0.26549662116386097,,0.014224224250362377,,-0.1273324375349669,-0.09959152285218295,-0.116269774491961,-0.011975320201364492,-0.17091509023731483,-0.20149577349645742,-0.21767831851725505,-0.11569511549226597,-0.2436826527168201,-0.17295406057449658,-0.17220836531363423,-0.24774100912954655,-0.258727912192239,-0.2904655224206058,-0.24104284959051425,,-0.23284650320542966,-0.2603397846424704,-0.15014857913553992,-0.2618559899777175,-0.23850487303714024,-0.20696538927781855,-0.2803919943608478,-0.2933916085019741,-0.26405550913855047,-0.08996598997888172,-0.2537198713733645,-0.10355170712317086,-0.2531468198320235,-0.26171113988142836
2022-10-01,-0.17700601030910945,-0.17113055770082053,,-0.1432759128244102,-0.15841232907245872,-0.19325432341222618,,,-0.051783867041009624,-0.22132903178243993,-0.19743836480826846,-0.1317612851200377,-0.22203333087407137,-0.23983572173452894,-0.12245528919617599,-0.03050747833113221,-0.20821191116383225,-0.11983203816721799,-0.028574351227543038,-0.17335073255090916,-0.3031364718412885,-0.13257748733409708,-0.052528406320441756,-0.16537706933904392,-0.05747023402887508,-0.19973194224908086,-0.05788800899740437,,-0.09500730313289285,-0.11098051760790706,-0.1313638661025912,-0.06327344400291002,-0.06574975429667529,,-0.08293434284490481,,-0.2060578542897914,-0.20390928313559523,-0.22910488335930487,-0.04576180203718366,-0.2059853576667047,-0.16591134877975722,-0.15063044537517634,-0.03993349401751395,-0.13724301227140534,-0.09161117618470122,-0.1814581794918518,-0.10644220401239696,-0.10489154526816569,-0.17433419866853772,-0.14846959690985945,,-0.20344248625065464,-0.24991087060694633,-0.2913069050130676,-0.16519452344022795,-0.1534041228315251,-0.09253857903660784,-0.06317950406222544,-0.05095420420517227,-0.12380751781487764,-0.19017199696271947,-0.08338220749231573,-0.20501458609254453,-0.12953487524012636,-0.09809533654234148
2022-11-01,-0.4431046005648511,-0.38543700475140713,,0.04158690944298116,0.024747575688034984,0.08153284809497185,,,0.07841991792107605,0.03544718608760322,0.055628245375872964,0.0605027959556691,0.05331766037466529,0.004534873313042254,0.05837970449820257,-0.03734464007376781,0.08699705999865315,-0.0547192204566343,0.08490704973756213,-0.13621392985522865,-0.14491460157515973,0.07833743953019215,0.03774854564176222,0.0495313689416082,0.04283496526031649,0.06358354561151544,-0.013375768579219627,,0.07705953470756471,-0.002337127447921472,-0.049932619516405485,0.05469970109411443,-0.012079508777275816,,-0.15501753890860065,,-0.03945450920152069,0.029214079071310045,0.023221219627735712,-0.09086390657218624,0.08982356329832453,0.06344262122652833,0.07738461085847276,-0.0006484961298364178,0.05003860959525064,0.04709443994471468,0.16226299022535,0.047696982990083625,0.049073087760116985,0.04141622637046416,-0.004747295460318435,,0.08160114007524444,0.08725224892812261,0.08184801331675112,0.043046332496908424,0.03345353809569773,0.04169217676497483,0.051371496309361886,0.04679756403916013,-0.04600346010285661,0.03290608542051965,0.022012878874550057,0.033994129783814664,0.012717158431442388,0.03249246162138675
2022-12-01,0.18553522272184908,0.17490491842229183,-0.01397495786077807,,0.008268428864232402,0.003180685923458354,-0.001727067076930322,0.007074024328415612,-0.020425256997927937,-0.032569363250276595,-0.011635994051535536,-0.0035878710115049284,-0.034100650106867775,0.003945128789109881,-0.0071746680256749296,-0.07688720684881636,0.04675662954374163,-0.08633732572128455,-0.05589160582402247,0.020846557560858597,0.019233617028893674,0.004136718659514649,-0.009523222189142616,0.025489691755419208,-0.03118312494481157,0.01563148980125642,-0.022115750541722712,-0.06587434296834127,-0.05540082619320538,0.049835271188072905,-0.03316003399687498,-0.04171706432868716,0.019963038761536683,0.005694722685509579,0.02947656790644737,-0.09254129852638476,0.00456250412706577,0.008021360292239321,-0.028731816635154145,-0.04999161612845465,0.029269876393966526,0.07052221061939057,0.0537147614387003,-0.0395091890726505,0.043733790809920736,0.02802922561414517,0.0012481472124671045,0.0009611995555086073,-0.00998327325311038,0.004848326453950669,0.08091524119789295,-0.027601553532721756,0.03656560007739651,-0.007908728050698643,0.01645382429362957,0.02905844129271007,0.020403564432152577,-0.0027385710956417952,-0.0699280512318542,0.012990296538098467,-0.04639331846526862,0.013752384956665364,0.007662060820776917,0.023917499282590127,0.013251120568393338,-0.003885423950625966
2023-01-01,0.28833706142609444,0.2654582781803119,0.10689078326280743,,0.08246791065648301,0.08244330705148387,0.06628104995032763,0.0736903166022673,0.029215352465752326,0.027125209267762962,0.054029842853305254,0.06709110335258445,0.032418269855420845,0.08025740186159196,0.10434264799109172,-0.011243600725038203,0.12231288819651331,0.020858263788735176,0.016329267174109152,0.08880931658109942,0.09498212452287569,0.059963340950527494,0.0479311241533459,0.1121010745262479,0.017481776612275624,0.08007711966543266,0.041236716918801986,-0.024782848824590253,0.012350403132804028,0.1569218518066649,0.0856343839886366,0.02889550481237463,0.10850899537889364,0.12346317602158763,0.10298627674268834,-0.03337557798848456,0.07345230094893611,0.0774644635803422,0.04185296934601568,0.013210652984813664,0.103271492860331,0.15246304189988164,0.15057806039756233,0.04756464903483576,0.12263008555267924,0.11652829349555716,0.08486367299431133,0.07562343814091305,0.105862644047302,0.08435517289787364,0.19748420181475812,0.08043377263390467,0.11320896603131816,0.07416574382641561,0.10110873797456124,0.11875946481485711,0.09974251572813914,0.08846821371706237,-0.001436843230356366,0.10496542742236192,0.04643212553320397,0.10435003262507081,0.09784604069938696,0.12132416335843083,0.11188041794254244,0.08915942811936328
2023-02-01,-0.018845183498519547,-0.006594834685663131,-0.09368558938350657,,-0.023756640216202607,-0.046522818028688934,-0.06371135218433066,-0.09748246329134219,-0.06632596268295332,-0.0676561244090338,0.006890144029561285,-0.0010672272425680251,-0.024214047861599114,-0.0736708252596198,-0.10610245298393317,-0.02182058789718891,-0.10125317730631855,-0.14616102685287952,-0.003836155105484129,-0.11642818211772621,-0.14921725221426413,-0.06789237393696854,-0.10257118559495175,-0.11508043205311497,-0.08430407490344943,-0.13258745780990314,-0.06863652816270085,-0.05026953925095162,-0.02674258639818322,-0.11444282119449162,-0.12234129894887064,-0.03045563661509726,-0.07302325851669672,-0.02460171088095292,-0.1247152169442372,0.04102891816981191,-0.09880383967988876,-0.09051132160889672,-0.017282199056664928,0.0368392906806696,-0.0680735440513767,-0.13173821075522696,-0.10930642591880355,-0.08492328085985434,-0.27883694950584653,-0.09837018899217018,-0.13557828854566262,-0.028965647592724464,-0.024155900360475824,-0.011711135431047681,-0.15284827898919218,0.0007052281466571886,-0.023621743866899275,0.007531118812394544,0.010968076096848717,-0.04598972775781007,-0.014903595060463959,-0.0025085214247721477,0.013579395558600715,-0.055669614600045214,-0.04663759971940573,-0.07407812060163044,-0.07260574464130382,-0.04730019652667011,-0.02020982176392838,-0.020431598596958978
2023-03-01,0.16013969000876616,0.16367778897747637,0.26800803595452233,0.17946148696899578,0.19606459249387315,0.043514900785220384,0.07953320663229552,0.03431562554835488,0.007829863952114852,0.07539021517129219,0.12156500671932435,0.1749407589232102,0.14908627829568696,0.04496084768520993,0.2219590767705124,0.15504441485783504,0.11838760491539738,0.1280536913564007,0.14448063082282814,-0.02713945182841576,0.030144048105730042,-0.01192763646344197,0.020557238024839608,0.022744314411600686,0.061220500742290795,0.06247484137663907,0.07503924376810028,0.09947885296959968,0.17771691847931587,0.1327257496089735,0.35340818668489693,0.16947280387370317,0.15898059795490194,0.14441311530327672,0.0027710868107601178,0.0480937717407347,-0.002667379260677935,0.01422917813119267,-0.001455079321490721,0.09221027990218922,0.11141918067859041,0.17964501339011862,0.07567361068524658,0.09419679846124873,0.35134428617580765,0.07385674052068708,-0.014440556280125028,0.15509315328418144,0.09642843035905035,0.33293003132051624,0.20023562818477342,0.18398811268162463,0.1756622911862062,0.0748812564483578,0.12594686222546625,0.17872433095205287,0.15198102992461798,0.012983109256463787,0.13672671376819984,0.17711211306617797,0.06932668055280394,0.17332553898836817,0.1791867380085575,0.15379567046737452,0.17750609618587398,0.22248601402936724
2023-04-01,-0.06921955164954724,-0.06735778450746727,-0.12484156190644496,-0.092482918700593,-0.10382075780544486,-0.016839773536343194,-0.07161656221886259,0.0022695249877171114,0.03549702542372872,0.04808417527390836,-0.03594725809308619,-0.06363498505422693,-0.06605666530613247,0.0345475171957724,-0.12802934701433988,-0.026832928123289468,-0.016683698655201487,-0.0040680125188687355,-0.10275413237916386,0.05157268527444823,0.1215674981538635,0.04642199108039896,0.04811134426143156,0.00823880894330517,0.03734971195089795,0.024081755481473538,0.0457186746805342,-0.0005399425173825412,-0.026512996771076436,-0.04942706663599303,-0.1253248737640238,-0.05709949001050657,-0.022912008480102775,0.0037828056064512505,0.05436099676103266,0.020067800895659543,0.051648507320114195,0.031663049314214056,0.03778567569773631,-0.09373992657427255,-0.025602562619961494,-0.0992309135910257,-0.017075212397606954,-0.0917322783890403,-0.06672793246165926,-0.03633597166520233,0.07779199569051795,-0.04132115923816404,0.03825984533516602,-0.1502004665577425,-0.04839825853435503,-0.014406519988620109,-0.07047863860026524,0.04837931260089462,0.00921634709553798,-0.03200142042043089,-0.02995688070273142,-0.010646216469318404,-0.080345622924473,-0.06445879524941223,0.0005227069858984024,-0.05448486842564107,-0.06473759089050424,-0.040893867319419935,-0.05657246922615683,-0.09796237964926563
2023-05-01,-0.009841651150902131,-0.002689202030787763,-0.02105278788581344,-0.04248095077384473,-0.03349923907183283,0.038104985014756065,-0.011463581556345193,-0.042671003704526395,-0.010909111649294978,-0.11262315257316852,0.017004613141883562,-0.005910843098286711,0.030985765491278516,0.010834301868458851,0.04548762622997188,-0.03544065401128127,-0.011798431943923826,0.0762144101669992,-0.09341841571169107,0.023393970509253487,0.0388227400235335,-0.008297562898777255,-0.0130965989417757,-0.01987702144270387,-0.033103761048254216,-0.03855627498114583,-0.04533422285157879,-0.05507280193444303,-0.02344853623501697,-0.09983544654676924,-0.009340840514367066,-0.0482496019779301,-0.061179227829641025,8.011656077194784e-05,0.06132405692370818,-0.00793080568761989,0.007103200507795615,0.037729481239402146,-0.0007393941982599128,0.04443408826340417,-0.005667082935690737,-0.012797615549571595,0.0034985116564571483,0.06543591534632548,-0.007536230502181496,0.03600763803552237,0.0006564527079442051,-0.0033121652468564577,0.05166992435510215,-0.003857627168262656,-0.023618350253303055,0.06946141232404895,-0.033506532995375427,0.01282303071690527,-0.0049103124238033535,0.0002603576265125529,-0.03260887281683261,,0.02596688026877536,-0.02666083136160724,0.007555040026913762,-0.049230177471901726,-0.01514175470902035,-0.011647924614470118,-0.014088090463399261,-0.021915366799635794
2023-06-01,0.05489345553913971,0.04368911291891553,-0.0299347762569932,-0.024438367736121847,0.01623902465116278,0.13262487467506145,0.011892083389399954,0.15575647991372182,0.07352492749524286,0.20519763574655148,0.06400605632350315,0.04350147692132489,0.11603050134043791,0.10122763303411575,0.0055529358035453225,0.03442980494447534,0.13149067548445348,0.12351237696961948,0.06138543927174256,0.10935876736008734,0.17574701834865614,0.06106116300049036,0.0693417607445655,0.12556929345675275,0.06582817192712725,0.15192201349265502,0.10622143735404735,0.09001588582479197,-0.03407423869268633,0.08127684988825035,0.05818391461880812,0.0006269590929155466,0.03701174145470121,0.026148728949570876,0.101010166773676,0.15407475013822047,0.11857372320456427,0.09778535915394798,0.13265079055278328,0.04713107416779616,0.09612505140023908,0.07638051203504082,0.08600189654105883,0.07088074025263735,0.05127543552650382,0.12188242630668578,0.08483666160353032,0.03782885249291712,0.04830961829108271,0.03736398470308716,0.047098692720185575,0.00250078751253191,0.042483482339869205,0.07583261152089382,0.03776254459155948,0.02891043446445868,0.05651521723346564,,0.04778412150561823,0.004948650485115669,0.11662394121839093,0.028980800704603182,0.021880087288177474,-0.01540533975648073,0.07127143367919725,0.030603370649605832
2023-07-01,-0.06549394395580535,-0.0712216204538757,-0.07183188926363926,0.02746537332903609,0.04645448282700304,-0.11920828272146208,-0.07068619396316217,-0.1954339519538449,-0.16967005066031032,-0.1308613252286469,-0.04374701650905144,-0.05038115624296402,-0.07564531243007808,-0.09601536878094125,-0.014803154868134105,0.11013067749441524,-0.11284208800469148,-0.10487998234452167,0.02273608727241827,-0.049115879094395506,-0.009868197845241983,-0.07813482046109663,-0.06057151398304021,-0.09570333706479522,-0.05650080644897554,-0.09617035470087487,-0.03235088473238057,-0.04114611768269871,0.11232679825379166,0.058508870511584266,0.04117522820498687,0.10559013901888714,0.03495153381665295,-0.011310229558657459,-0.06446126918852321,-0.19236116100982759,-0.08273797626669945,-0.09190400205248273,-0.06413664269926064,-0.004264679882501732,-0.05837672113646919,-0.040728758616061234,-0.07964967355058283,-0.024047957530498043,-0.05662320478038724,-0.07398786263992335,-0.1259802407389844,-0.04950312102562349,-0.03299101420286815,-0.06567296285868873,-0.003343571737050688,-0.07583072869642671,0.04124680637737488,-0.02377935163556122,-0.032984070620963535,-0.05339363315694784,-0.03858019599988738,,-0.08759189388427413,0.0013907849052836596,-0.05370812701839289,-0.0011173995771649459,-0.006181882426988361,-0.001667031544559272,-0.040021029652344775,-0.01794235830864832
2023-08-01,-0.10066473093693576,-0.11735764381916775,-0.0729559415757296,-0.09747933465328884,-0.1247446278841512,-0.10400327993646163,-0.04404637514024934,-0.0012526328961798977,0.08722942295400984,0.051260717061960864,-0.09646569399512483,-0.09963365746664277,-0.086801639562165,0.010312861866097048,-0.06611686534141703,-0.09684542933277718,-0.05893197067377162,-0.1556507204725593,-0.12856233614010426,0.018124239347867423,0.014888416692966321,0.01153935664943423,0.03330641962824654,-0.02208733821148734,0.0061993753170136445,0.025816846093438983,-0.05798270182529891,-0.06472343494570998,-0.0891562629386684,-0.17024135011493213,-0.12909242428744916,-0.0824390027400641,-0.09512209536062732,-0.1339390715155655,-0.021945940915845397,0.034482720919707194,0.003260085528872081,-0.019815022739801957,0.006009786620973956,-0.058200098681651935,-0.0475233497204616,-0.07999466556152207,-0.02404314927503093,-0.10849860903875591,-0.08637256276728539,-0.05098537103308892,0.06607338412354719,-0.0959112730764789,-0.06730869513814619,-0.06620339536222092,-0.09878555084093726,-0.12011021620003182,-0.13774228988301185,-0.14411854558126913,-0.09900578881056837,-0.07262258866222443,-0.1008055532907991,,-0.12284272583932232,-0.11970765684208529,-0.15742055933847465,-0.1177583538858501,-0.11431242240985373,-0.10016745581436881,-0.14099089031967016,-0.12072376341103819
2023-09-01,-0.0031506722808751497,0.01752244702901745,0.013822708165895037,0.14026488965896916,0.1768761730933323,0.03721015940600547,0.0090067289786257,-0.016986916851701284,-0.04175104427777021,-0.05172281608213425,-0.03011114464613751,0.007937161323107955,-0.02173102581132008,-0.09674040437074011,0.13479951336700224,0.23318988299761584,0.0015783014712787702,-0.10484333494477371,0.13556577936679526,-0.12082103306422726,-0.09212099858033986,-0.07178923714642549,-0.056066730887931154,-0.017819431127567897,-0.028895259638017146,-0.09698820175595646,0.016189424381236495,0.009064838286778398,0.3253594690530255,0.12511932273356263,0.154220870572492,0.3059264061514415,0.16943438821668255,0.08934745016549894,-0.06063949147594161,-0.06061336334219822,-0.10282588147209534,-0.07802887853117074,-0.1099672034857005,-0.010215699980727022,0.0056229452497660315,0.05491397396491715,0.018882794268224812,0.02308222756308781,0.06872947506599864,-0.006159948211857558,-0.053967316265314313,0.012326921430195259,-0.010152130354420363,0.052542901449999624,0.0728656571367075,0.049445655160351265,0.14440921844730664,0.0385036012059628,0.07548636513368712,0.20228477908375697,0.07380050349890399,,0.017435093014858127,0.04999289216644831,-0.02862418596896643,0.05490196504235828,0.03352908058317583,0.04410003917741323,-0.004935066214009798,0.06460821514823989
2023-10-01,-0.04199877864521384,-0.04799499939198498,0.057850224144871454,0.0545611544175712,-0.018536380891640225,-0.06295199872017188,-0.05729276908095199,0.010075130362460188,0.020697049098455766,-0.02510856749121812,-0.014307506812439308,-0.00748348629938228,-0.08180436654611051,0.012942614790895035,0.031143201676501142,-0.07124448729576342,0.004059368248339468,-0.08831326538302792,-0.014848840468682623,0.09383860863144228,0.08213543880491456,0.0019440700954898582,0.09119087245537982,0.00829293566831002,0.08337020339425161,0.033338663675279406,-0.013145929373011067,-0.018334085232057096,-0.008773295855717025,-0.06158427459072896,-0.02523985434684703,-0.014713304483090564,0.006991194671678025,0.027954469732338616,-0.008810914802371561,0.07192676602508502,0.0671961378927054,0.07269805975328492,0.015573602492621408,0.029480939479937185,0.01929018546132011,0.06727790547402435,0.050147904506877505,-0.01191497894086041,0.0589200729495305,-0.03474863545321133,0.045537519367228746,-0.03405040914948426,0.005807785278856836,0.07599279902215733,0.07275375726002797,-0.05115873203296056,-0.015285634919390195,-0.06805244896476048,-0.00036099146776669144,-0.12090370369811188,0.0019012292645279871,,-0.10295553389385614,0.08905032623598413,-0.045242888809423676,0.0550209338367042,0.06812978955150761,0.09804039096178407,0.06416117505021568,0.037889588308667455
2023-11-01,0.17330763647538733,0.16943081694905376,0.08090738127326425,0.13441309700012716,0.19038696098354874,-0.0009371115317040601,0.017550291001682372,0.00760236778073517,0.11315663113660368,0.0751008017308328,0.1599932758943951,0.1618511945704808,0.08199681085768665,0.01027606083831216,0.18842469524795985,0.17091279237178028,0.022364354931315944,-0.08227323980064855,0.08249553957507244,0.0026278375222233558,0.04275995219000514,0.048861961971060686,-0.11558131918640024,0.001192458899931359,-0.05109269648197101,-0.00178592369062118,0.005745468539108012,-0.055362427881928744,0.07106070641777551,0.05422891794932763,0.2634341418040238,0.07109750936193748,0.11151009657400107,0.1651083436121586,-0.02031535682272194,-0.02865123454034524,-0.04027869181091308,-0.031428653057186645,0.012325278019796757,-0.042472513972119486,0.039453781836505,0.07573520216690921,0.006085272527149688,0.007570477625310851,0.09169109814088339,0.0368100854612336,-0.03432737791864182,0.1636512366227737,0.05347374228150209,0.11456031321588434,0.13542484775037605,0.11877859273292596,0.15154658605417665,0.1254584014050823,0.14622895811092734,0.1288704225007566,0.13856510952149312,-0.003336412918665821,0.05544810209315815,0.10728451369339409,0.06062931771518221,0.05733232041841353,0.09418693498475895,0.09455497487779049,0.07514638693759035,0.09951497210783677
2023-12-01,-0.05258144834403217,-0.039639953151768825,-0.013002172157376812,-0.1563351280161941,-0.1373146372622044,-0.061396655625342855,-0.023559472807509668,0.03173145747586861,-0.20738895642973706,0.0372386728359822,-0.04565095132700109,-0.02373346844390739,0.07830787502353037,0.08937960357428892,-0.09179991181668354,-0.016947952930591897,0.09190278529711171,0.4698577298065384,-0.11562079257178598,0.039784363510003556,0.22209518138474882,0.0004978648071017611,0.04788395516842761,-0.014702847886586268,-0.02580596131070817,0.07363619268246432,-0.06243393351330834,-0.08812192717568651,-0.10749886317949776,0.00987075026758999,-0.0061458070821190924,-0.09311632540849527,-0.006605846469170007,-0.09818310303924334,0.06799915164355802,0.07470800612860823,0.06757329079358437,0.06843301461758192,0.058200259263575804,0.011594518066001258,0.06630847646890453,-0.027838309547032536,0.09924146223599245,-0.0057382510673487375,-0.05280560870943499,0.0985231885788842,0.05140597537613323,-0.028473610745823746,0.07390398332223674,-0.006635419550079041,-0.10898005663431451,0.13905094796609063,-0.08728951288530115,0.1802448133798964,-0.02534502520282561,0.049971221756987094,0.05336735290133465,-0.27475659633144245,-0.006391800503818268,-0.07709048210272548,0.31579276087487596,-0.10151910074348096,-0.03752090425672838,-0.05835038687833757,0.05233207579198618,-0.04971356778300118
2024-01-01,0.019694052952438923,-0.0012104998649557774,-0.11707472725335745,-0.07179549177834912,-0.0827859756825088,0.18450860447708906,0.07429536535724826,-0.006243280730865053,0.035596737702183245,0.07560940352217066,0.05361017572717605,0.0006292171152601778,0.03789024199394808,-0.0340028641714154,-0.07033337352734018,0.08262992529162816,-0.07304963154287639,0.14638506598242562,-0.04120742653738525,-0.02950143407023037,0.05556404777227916,-0.012572857628274231,-0.0548357231201852,-0.05558275644017069,-0.03309114207697483,-0.058405346242266315,-0.022297846249994313,-0.019016245631065576,-0.06588207528267455,-0.06261021559835708,0.0052822209566691924,-0.06225319562838561,0.029089799584371218,-0.1033565373118397,-0.08438915283255505,-0.08826982639366288,-0.05801108898344565,-0.05799536795197743,-0.038820446333795555,-0.0273369955123981,-0.046439767284489786,-0.12775987627996827,-0.14218270913416303,-0.042718376661451035,-0.07859681760608488,-0.10974682556891441,-0.02916531049770299,-0.018297551132385292,-0.02725982585915554,-0.11685692091916312,-0.03537303032228688,-0.06650826275620073,-0.06713369138432684,-0.039487892197261426,-0.056271119856085294,-0.1019890714588248,-0.08791201282911965,0.06089081413488254,0.11340705220407499,-0.05642759821665005,-0.0618207078690195,-0.08809391486763367,-0.07019999741798238,-0.11686796582235404,-0.053706968425993734,-0.03834478530157688
2024-02-01,0.0946701640949309,0.09008630769346708,0.05561168582511674,0.037288766927676895,0.04733636075781221,0.03323588087354007,0.03680774206119028,0.19072343802124173,0.1320279225998274,0.2570607938681757,0.11946278469729404,0.1137834948428033,0.055816370198794846,0.1823861629662178,0.09230017513792133,0.2898363115706197,0.02797569929754809,0.12988407630095142,0.05085550347094247,0.19459275128638717,0.41653327787452343,0.1271279296926359,0.09891298876252988,0.08847205486011445,0.09994668491424663,0.1408058568552747,0.07131510535798419,0.07046674414362308,0.06230254038411065,0.1222197321148677,0.1915809419957481,0.07138974320443348,0.16926485149049525,0.1127618746957592,0.13151333337410526,0.10715881849956671,0.19105748062413627,0.1260512819778691,0.20124057181928268,0.1187910569648214,0.0011636049629940859,0.007462217515292663,-0.02060977630834366,0.1732856605202457,0.02644052275085161,0.13286492940325503,0.12111963963279476,0.11505739435737042,0.12414628515957415,0.026479499032354907,0.02474863987343534,0.12293571365482286,0.029821913872103728,0.03038935094813494,0.035640845415067374,0.01855036526769649,0.10781272385901725,0.13312399705725578,0.2512344674218091,0.047899887796910984,0.10046978264681022,0.036069454983219756,0.04837883397218312,0.06422201220944151,0.1293507804683122,0.09619528216046365
2024-03-01,-0.10034028022241154,-0.07211767120965215,-0.05709953518195742,-0.059532916496014554,-0.04487699949585467,-0.08915706951540399,-0.07684867662273287,-0.07857512367667646,-0.08019144576044249,0.01175248158902134,-0.1132016703615386,-0.1036236157359017,0.05751266569552915,0.21778620888901618,-0.06388676762333431,-0.020955414324269506,-0.10298870409640978,-0.01271432655161972,-0.04351504601941936,0.16144454780866208,0.10152911078698604,-0.014583548063622581,-0.014383149510613397,-0.03967902523916522,-0.059721895250772095,0.051018997093957005,0.11573930037804858,-0.037422367379839616,0.008021846259483854,-0.03761577871222643,0.04127844026969135,-0.019838066916719077,-0.0015823910812131636,-0.03595301486860969,0.015529897706029194,-0.09293796004755517,-0.20961695532920904,0.028926289440882658,0.08848742615459393,0.038656460817641125,-0.08771140698967306,-0.06895946961148569,-0.044605234013018545,0.10938484289492431,0.08615136365328432,0.01627056342175298,0.03011887867275559,-0.10980320980345468,-0.09473090081201241,-0.07523368210661718,-0.06457488388395849,-0.018724057574725395,-0.07194423159922514,-0.0761091741382458,-0.08747274009465919,0.01586784927970586,-0.5003040134850671,-0.061012891961418236,-0.0032791830614628537,-0.04404384288876251,-0.02921772807362355,-0.05652184583626231,-0.052112917266937786,-0.03865817499262203,-0.03828145683441264,0.14541649475008883
2024-04-01,-0.09199119087033575,-0.08521367526725016,0.04201965188148429,0.043245296039415744,0.059149168593277464,-0.014779340990041454,0.07221741919583899,-0.02748188442886232,-0.09022565816854053,-0.15114532067262199,-0.12153955325140922,-0.14258695177335626,-0.06646370179989564,-0.06983352322087814,-0.025883651215608094,-0.07130118842841687,0.0003633699150141084,-0.3154251803080138,0.03825759242933161,0.13709999704714215,-0.10037465368284007,-0.04701925150546851,-0.02523393612927749,-0.011783169626360335,0.04733728378228763,-0.014565514066388272,-0.07873441257343189,-0.019327004233112566,0.06985063926882167,0.009108278163669381,-0.23180140231603136,0.06912803067379161,-0.15375997061890007,-0.027671670284346472,0.017653869848406736,-0.06726075666430281,0.33433994446396775,0.008656456482342409,-0.0022150194613442323,-0.002691077592475527,-0.005703716104282663,0.032283473522504796,0.0033457079594729766,-0.00632676990853942,-0.1115503844402132,-0.05595667990793801,-0.023366100441748305,-0.0801160904752719,-0.11422369960778234,0.033631917263449954,-0.053658220065933265,-0.19843356667942086,-0.032840501096327884,-0.12476130620150722,-0.06790483039855068,-0.13207995684618395,0.060459878123378774,-0.04878842136817599,-0.016141872479574604,-0.012598758401799165,0.03772565578403447,-0.03449412650032416,-0.004007549721243453,-0.006967389463253981,-0.11994725673774592,-0.038216097093194346
2024-05-01,-0.01710299197659293,-0.029401543726966906,0.03904170711661481,0.08773914813667619,0.04411405333447446,-0.012834606852911518,-0.08505505080876341,-0.06319602160205368,-0.0763032980116991,-0.11104018189295886,-0.04137685923086937,0.05022329925797264,0.032218842236936635,-0.14754932124428077,-0.011784404568251028,0.043756985486519906,0.05924995599410508,-0.08439151123750421,-0.17473424509893049,-0.08372638899121657,-0.19084109500122692,-0.0895541145100946,-0.0744648075206508,-0.09481115318775121,-0.06610456842910653,-0.06387871800426201,-0.044241440724196696,-0.04557674639413717,-0.04570163076978184,0.16734672229880518,0.005320979899533784,0.009974705016534247,-0.014820867830848627,0.022135411536183203,-0.06516848880511714,0.08747391773189123,-0.06055049170848395,-0.07691101855326693,-0.10976782133107824,-0.0763713166047616,0.1269046045025285,0.10167230431389143,0.11856116721483587,-0.1929248008386747,0.08593058884565713,-0.06505828136525793,-0.06705556016164382,-0.023253252884943065,-0.02389686291652171,0.02029355071838701,0.07286610081966469,0.04937805946701823,0.12311285777822543,-0.013658293403849442,0.04981720261162642,0.03509793605143652,0.18594697140691374,-0.04572825899605365,-0.22995229359094294,0.1557966693017517,-0.17856596265507912,0.19466410671204043,0.16460292634409546,0.1550241677304518,-0.00728512614981347,-0.0014693159521890764
2024-06-01,-0.019278786650541058,0.007427393108921099,-0.009727786767120383,-0.011405446254243445,0.004717031282639672,-0.11820656916666417,0.010671898494109155,-0.026795667034367948,0.014222163561508905,-0.030622514753780916,0.0853167755505238,-0.008656593742257968,-0.20951660588378435,-0.05257495925844374,0.006157529024136299,-0.029125889515993986,-0.030607701231203488,-0.009989615193211232,0.13467904418275,-0.13559838118426654,-0.2099095143303583,0.012503997050455545,-0.16351848700344004,0.0736784591680012,-0.13841317741479253,0.027141589179313863,-0.10682164363267044,0.0045720324337620855,0.04586141002306854,-0.14537460719201106,0.014601982591144813,-0.029433056614663944,0.01180919615632281,0.015421717780987887,0.07933226073965191,0.015751703661881666,-0.05079098059543469,-0.10002313972511834,-0.0524335271348908,0.0391396706437378,-0.02462285832042077,0.06084834913854584,-0.02782431875055502,0.015707843665072857,0.03576461285101537,0.028440982560359318,0.015731637647929064,0.000823906159342358,0.0059702914956728526,-0.1521170100030168,-0.07675832335550364,0.014679337436635687,0.017729490044469554,0.01987067181789548,0.019030285268296865,-0.014728601676995912,0.02589675843764347,,0.06705328505771407,-0.05354012715199019,-0.05580135700850969,-0.07760852511479188,-0.10211808584421816,-0.04200303957448659,-0.03012361354275339,0.039861810614034154
2024-07-01,0.014985976282866575,-0.016601662995258004,-0.0802106037965381,-0.04494005199154272,-0.19591014140526247,0.03164435923227371,-0.050624609575122104,-0.014665245324682247,0.008434895354078417,0.025271566092138043,-0.06597668605006685,0.032462950737167484,-0.004648044633851295,-0.03656209917423894,-0.12368512443913726,-0.09604287221452523,-0.041129921577944234,-0.009139752503115273,-0.026979847677867874,0.13982032261290445,0.17562511344532045,0.026942002729149067,0.1540869776201123,-0.07619078580716235,0.1265376119642903,,0.06890507056543144,-0.06067187184415479,-0.19248849659830336,-0.08242544659732365,-0.14533854667861534,-0.16520243010864533,-0.17129535064247825,-0.04634756549382468,-0.029192189036449323,-0.18731958666578952,-0.018839569388894473,0.12014307606027272,0.031764033535325475,-0.03846474258197885,-0.03249850813489846,-0.05895974864451986,-0.026001159020840325,-0.04796611263049444,-0.0501017272210631,-0.21151881291766614,0.008541950311129864,0.03413310648727219,-0.12095321926106395,-0.04818277726054315,-0.1813758553685163,-0.1346588344142634,-0.06175909068412733,-0.14110008840879085,-0.12886093984430758,-0.1396595764957806,-0.15717518833178645,,-0.013260853458415545,-0.15580083782125992,-0.13914708062611625,-0.16272896519653046,-0.16273490229837112,-0.16816636167738652,-0.08231046506893341,-0.1662217177284533
2024-08-01,0.02371162718460096,0.03597808959731244,0.052862753120524686,0.02117677475423274,0.1583843899476194,-0.02511900554350255,-0.046696864306260244,0.006871677651809349,0.03048682878141458,-0.06481959436229545,0.013436452578455937,0.045463965331305534,0.04134833909258315,-0.033035965694229286,0.10635740015585948,0.11871753645140548,-0.020920971659761145,0.15901539654958038,0.00836915386107151,-0.13442303954668855,-0.06774951654949779,-0.010536906977324567,0.019488667629623646,0.01623391643382216,0.02177484199858956,,-0.09180523000526924,0.017842372909692594,0.10991271244484457,0.24190361340189936,0.13216335211543884,0.08773764771826142,0.10226264405883534,0.010208473848072885,-0.036864119064378226,0.18792960288324498,-0.09995242580216598,0.07753658579772427,-0.023806275103374852,0.012275671762443985,-0.007132148129000815,0.006435792389309414,0.004352516772446968,0.049079251066897145,0.015908232674328393,0.16766198596228155,-0.02329197245976372,0.025126269531604795,0.14234664027106542,0.17030489644556318,0.14215730500599,0.10937520209956797,0.034713226635499195,0.1454190060088768,0.13526786441644228,0.14153519729036412,0.13497372225684534,,0.015983837844020354,0.1401704668074535,0.19871549158290758,0.07856764834824936,0.16343746919582836,0.14215723062774577,0.08152732527598056,0.13599594510334945
2024-09-01,-0.07673823414923148,-0.0755696954053025,-0.07399865866424338,0.0935182584621263,0.07525405901930732,-0.08630221414706304,0.05987688664524726,-0.16689986293605674,-0.04850829984269406,0.005002964754816097,-0.04078003645671291,-0.09380611663162142,-0.04951484419290811,-0.10444209981624547,-0.10757587876621433,0.05252473914596062,-0.0194985023868037,-0.23576665737276425,0.03430112560208609,0.0357983385749401,-0.06523716186677823,-0.05541382557625529,-0.07598904013856358,0.01814545370233034,-0.07497553463134504,,0.02397282122673622,-0.08312643572897593,0.025191783431086412,-0.050097208210684196,-0.04079805805066039,0.06574080520541892,0.08194671632333383,-0.031123415245801422,-0.08804250817413048,-0.07989079030626,-0.011466058999363413,-0.1754481275526964,-0.1348904869641207,0.05583754566525834,-0.0037123393580429653,0.06311096522946053,-0.01628428298739687,0.006982553942207537,0.02502919093942918,-0.06312339665106675,-0.0704991784728699,-0.08618382117846773,-0.12445991408902468,-0.01669440289308677,0.004093134027364387,-0.1009809573293109,0.023050342757733655,-0.0793148806146316,-0.08047763365927119,-0.058902808790558425,0.0015869708735414267,,-0.04733402047922952,0.01968795286328051,-0.06623277622040513,0.07670626558765259,0.015902175552208075,-0.006653936867499599,-0.01876814570218177,-0.0325366114504666
2024-10-01,0.08339669240637679,0.09149072799212493,-0.017837393844107097,-0.08494674630240379,-0.08901171382948264,-0.07342599206211839,-0.1464382567839686,-0.016965478497392772,-0.10030799419495465,-0.06983421146356913,0.08930931329339353,0.11757853132645274,-0.08560806821369155,-0.07435336343070566,0.10463107025832952,0.07469378175542221,-0.16061103478968566,0.06653260321059051,-0.03711363063773521,-0.16828380180855013,-0.24858801758461518,-0.06977566802163523,-0.006874763773002904,-0.16937285211446418,-0.004904841145943695,,-0.06406190387450617,0.017759034316855882,0.040607564983481115,-0.10917696916603026,0.08214290936936824,0.034707941454613145,0.03965005885736311,-0.039424028816926526,-0.08766272742697252,0.013978884284636645,-0.08993571400446432,-0.07725604134212008,-0.03268954114292319,-0.12987129985402857,-0.14611643687031406,-0.17384846220224665,-0.07865293179411514,-0.05764933607962819,-0.05293332842525722,-0.08132750996759419,-0.049527665956939665,0.11404878527193518,0.10866914461592136,-0.015797655476599948,0.012466952939975018,0.0054197213695341695,-0.06376495042866137,-0.010818256323925246,0.04189572250359308,0.018871382637781875,-0.01245784914814907,,0.03781936803811192,-0.011007387096871102,0.02032647244299124,-0.019546626926679078,-0.029638467361468912,0.012405905096088521,0.019421100067943786,-0.08764538773997466
2024-11-01,0.0484236266247052,0.05620411161676225,-0.078252547543056,-0.023342539611825863,-0.0011141224428098395,0.035177350082914394,0.020369596377423194,0.007363956643779451,0.037076312575774484,0.045218141962567765,-0.010383314710424474,0.05940487972071523,0.10557739238823663,-0.011333149179206026,0.007305373736012588,0.040949804841583254,0.013366187339765745,0.026887883104016574,0.01277459465605979,-0.07698654682880188,-0.16914375117983346,0.14420593721220326,0.03771497565733471,0.09466317325283097,0.031712721124178944,,0.029694302955455887,0.03580307316734732,0.027035943410281316,8.534356582279301e-05,0.02803860364896149,0.020474874471760163,0.04547080967686051,-0.004873668536805376,-0.0179907813078337,-0.06753290698827888,-0.05483465231400607,-0.016972974550581187,-0.11028540215502697,0.026017302799312747,-0.0010535452585818672,-0.010927851814269085,-0.0160771741975943,-0.005153150876242463,-0.011437346779656354,0.033088931391503096,0.013078370874162526,0.06783745281906944,-0.004738916026522211,0.018197644221421228,-0.009322523964792384,0.0019722661969805433,0.01334928546747527,0.006043921407166808,-0.0036793154814193096,-0.010047897078717394,0.006270338213309579,,0.0301324483403278,0.0155647644502932,0.014945902941788103,0.0214052140395255,0.01723343183202719,0.0050845379171342575,0.02067119624464786,0.08300029027275946
2024-12-01,0.18417695909389475,0.14415307873335215,0.16963728567990022,0.1915882048609926,0.16763158590169963,0.0637681055841284,0.10636079112261687,0.1201831873361219,0.11004013376597582,0.02554031080978178,0.21983172065110868,0.16390092150707064,0.09894044923827638,0.14979286230486474,0.2198208208749668,0.10561196719667387,0.1579026605857107,0.03148236497572404,0.12093879267772945,0.09610590167414863,0.09757252526070781,-0.031120275599448965,0.07233798327351494,0.05883336936222433,0.08062239339919042,0.18091521393199383,0.04841866302085024,0.008637129008127853,0.11987885835206524,0.23722682579259313,0.279829849317648,0.0932263559793417,0.18494438207012354,0.19796389606710207,0.11682691206480308,0.16032692187335376,0.15204569719832378,0.04162085191125378,0.15035580420416123,0.11848572326708146,0.12323824454740967,0.19987079870040242,0.1425247465697086,0.09929734568542903,0.1552257828196849,0.13013749131329921,0.20311754088446718,0.1729559982393447,0.05696866408076323,0.17171747976121432,0.22623546437319497,0.1551495880050801,0.1424637864731667,0.09697769981319954,0.15751507192856995,0.22408919686218792,0.1587797413125453,,-0.003687171827153557,0.21210721960877588,0.08730008049941906,0.2026798223274961,0.21658812192373988,0.222381286689336,0.17507014148210298,0.10840223304358454
2025-01-01,-0.028288936527721187,-0.020693064052224874,-0.0007816411178221683,-0.09893761069087341,-0.0524806084370206,-0.09085053749396804,-0.11128303109734275,-0.034848549939412804,-0.051234974962359986,-0.032935125198749304,-0.040924808326135376,-0.035761162040138406,0.05426385426406549,-0.1289387225116903,-0.09344328717855453,0.0004310918215225945,-0.07744307140893097,-0.07383452564276571,-0.09527425435578815,-0.06897545021221768,-0.14745778021086325,-0.041039168100941936,-0.0200025355065295,-0.09861936618785483,-0.05129933775043849,-0.10784791426888823,-0.050554546356395114,-0.07720181121126762,-0.11605476457332477,-0.14308045220196702,-0.01608088855615264,-0.09584707909899673,-0.05911314236006135,-0.08146250691437773,-0.045686938536174004,-0.07666643210799284,-0.1044487686371792,0.04315499987947344,-0.07677619520930687,0.06914392208547965,-0.03480028465463636,-0.044449699800255676,0.04868279871095932,-0.11528937392249491,-0.05016993161694627,-0.12189965907648298,-0.06513509934882278,-0.002778671729144977,-0.009022227655450743,0.013601303794907121,0.05365962090211923,0.009216979629848576,-0.05096091953466533,-0.037691576448532355,-0.012672403952766004,-0.025175824052128676,0.020157398925644415,,0.01077068163918038,-0.12495807442369493,0.19538719751022005,-0.03801194159002089,-0.14917618128001656,-0.11876990076168664,-0.02337653657305211,-0.021549910714407206
2025-02-01,0.019402441872417853,0.03198070102204681,0.04891317331458496,0.11195271286307763,0.08475227730766871,0.04747822690677603,-0.01865615570533305,-0.010975681300417317,-0.018444491645199956,0.0423985816697314,0.003790091045472177,0.06841258567629346,-0.023458197455968055,0.07202146900203123,0.07146440403639531,0.13835698942729413,0.05428500548692561,0.07901046214465268,0.07572389709423216,-0.051411575450022,-0.1551061830365252,-0.17269392130479333,-0.02716103836965514,0.0204248195579671,0.062107358853461914,0.018747050230529028,0.04400750801768483,0.009504355638858819,0.14760919561975208,0.10779132227998936,0.18184878876881752,0.1413327342310882,0.11767391023703519,0.10588155116047474,0.039267152185376644,0.035729262331189116,0.004421499384074268,-0.02534587046398923,0.04839309380475801,-0.07789790640682326,0.06792253749606034,0.05776590805898324,0.05073260180455047,0.005471386078008816,0.06161584760134012,0.0456492230951544,-0.007118048098505525,0.019309208657742105,0.04741835989277299,0.0735383543025921,0.008677043871699874,0.04193184296536645,0.11234805796846736,0.051710664766446535,0.07215227949562558,0.07850765059578005,0.05911059862016363,,-0.019653014186924028,0.10510074939087734,0.12584401013607047,0.048697396257705056,0.10730748268732729,0.10088557368545037,0.025135425829796665,0.040751957209719136
2025-03-01,-0.08030626222085877,-0.10365541495917732,-0.1063709066992718,-0.07259521605479982,-0.0843843838065883,-0.07851930331167034,-0.01839167799094582,-0.03846729804272406,0.03145598533466462,-0.10264678614559852,-0.13765630325968758,-0.09284949907039602,-0.14626412110967557,-0.07972940601244968,-0.17728892487451348,-0.09117772766407667,-0.04508184131460208,-0.0403790898541051,-0.08400380013024983,-0.03868743582124061,0.1478201607191672,0.18836912369679332,-0.030634584320001018,-0.06599184901593239,-0.003020655735758826,-0.057855810928709006,-0.019754135877334433,0.01528490274322103,-0.07907696802935654,-0.0850106926802453,-0.21597730418734107,-0.002870991229506431,-0.10259334153421651,-0.05929654677652707,-0.0811237459833326,0.0065901709805929465,-0.015210221623785936,-0.02792089525415617,-0.04504150444279978,-0.003529668287327259,-0.04675017033169823,-0.061590213532079635,-0.09528960182209145,0.019384958686508136,-0.046043085251706944,-0.053540612428058215,-0.03388586237337854,-0.10154526099950173,-0.037233528464366644,-0.1292101175990697,-0.1404722313772176,-0.07073567094997774,-0.09041327464428045,-0.018193291809807416,-0.08042042381888198,-0.12661106238694442,-0.07874728013288967,,0.044507990409183906,-0.06888632841460474,-0.29774817846242857,-0.06511398764913101,-0.0469987258988086,-0.04860915458949522,-0.04542842476988568,-0.02425344299321125
2025-04-01,-0.21540900413658826,-0.20371437731088599,-0.1876088676959431,-0.21801109370979563,-0.1729571207327837,-0.11570947521846248,-0.1604918937879412,-0.10894001625002356,-0.18433459889411,-0.13012760653151145,-0.12192585021268898,-0.20406077219430618,-0.18768761444878693,-0.08275908905542885,-0.12787388131512295,-0.1754448661540114,-0.13710264246824488,-0.13554771623454187,-0.2164975729099604,-0.07096901297103797,-0.0992448941166843,-0.11404656281235931,-0.04953959967373975,-0.11119087359401952,-0.12243761954382182,-0.0713493087857847,-0.08967731501481618,-0.1361083229376321,-0.16621794752062186,-0.25415400570022095,-0.20525671314589516,-0.19042806435786286,-0.20864047932637275,-0.17603331766547875,-0.04923592537682693,-0.03961989971780311,-0.1046885774897289,-0.06975999390764517,-0.0801887728748455,-0.14212442789022028,-0.15347401719607995,-0.1602351931560027,-0.13038536654680616,-0.09121089113341518,-0.17470308318108452,-0.110300222217037,-0.06574479798553054,-0.16345663529214366,-0.09691231103034237,-0.10242560141182,-0.05406877988403702,-0.139509792226449,-0.14703703607925725,-0.15673344868543276,-0.13506200858503953,-0.15114496136171712,-0.1652487703007401,,-0.17740120324853137,-0.15920383779264757,-0.18012800901399095,-0.18723898932847596,-0.19101816903260815,-0.170666797553561,-0.1737544187394066,-0.1655320185195911
2025-05-01,0.06495276797929306,0.07793476317665138,0.12357377866902297,0.13260732715446388,0.18956704144755016,0.07421563294858341,0.16207979325765093,0.03775021295353717,0.13525258847259952,0.015198030976684651,0.17381639248664674,0.06565739818697935,0.13464265858316382,0.029443264416383064,0.09583307205933966,-0.0030147298033190717,0.1176155889714271,0.05495022764291346,0.07727663568059095,0.19029199632642577,-0.10430133363463184,0.04022958672304486,0.06814963656983596,0.14311801101736008,0.058981461338630026,0.024398024673457808,0.07159369404922428,0.0451096577133272,0.1645153901709382,0.2269367210206455,0.13193058083611342,0.17351208417393682,0.06323694468943841,0.20782056796049408,-0.023835019294840054,0.028281400509381216,0.005316498315314222,0.054094616854865135,-0.013383257609030419,0.17610725486620094,0.13435484489944674,0.16490518384776376,0.09237039233630778,0.1377941465061065,0.1698767169147538,0.12136108999039227,-0.08357701206737297,0.05076111909488551,0.02452094997204121,0.12352472931532316,0.1144923050482548,0.11127397316065923,0.027271339469905342,0.11990089172741925,-0.004447042585606464,0.10901542046411772,0.12202633878359342,,0.08465546596196061,0.08662364024300506,0.13047600517025965,0.17369865940826584,0.15148155706569083,0.08910726941451425,0.09285728843797719,0.04021245455325795
2025-06-01,-0.05929245571319533,-0.08210795449221442,-0.19052938928016083,-0.20000769671733887,-0.18055603419036376,-0.09219045131045323,-0.15788098586882987,-0.0410891234811131,-0.043912728378963456,-0.007494397683640824,-0.13272928961321379,-0.024757567738587838,-0.046192971270270805,-0.00043140674467773144,-0.11131414505560333,-0.016059345206842268,-0.09329568069073638,-0.018054514338597394,-0.128702868550158,-0.17076434351631686,-0.06406383028540863,-0.018393582830229932,-0.02217398073657581,-0.08206647789789737,0.015580463316425208,-0.12767542936749698,-0.04461566212162241,-0.06872018729247209,-0.13662256461108657,-0.1739344512891572,-0.10131490672707488,-0.15777293858017916,-0.08914197775088162,-0.188561373889778,0.09543537275139798,-0.01927862759951829,0.07965591730910465,-0.01999369855691395,0.05688604005544312,-0.10528280401198431,-0.11731286993896753,-0.1644699604491584,-0.08522580443103406,-0.09837958420393156,-0.15961645532876417,-0.07121367777464724,-0.04954240562508461,-0.041115567870537384,-0.03517341497724416,-0.15508320595704123,-0.1542523506547811,-0.03381183480442651,-0.027692376743994995,-0.07849555341547643,0.007477832831401132,-0.12626369193842918,-0.14732401848378873,,-0.08696907310305457,-0.09342931509550056,-0.07644552314810904,-0.10271683610271609,-0.14839489394080996,-0.11670219666122872,-0.08166405636096719,-0.07039910256064308
2025-07-01,0.12610089169123062,0.1407831074883356,,0.1131710797902602,0.0638379404241809,0.14540250827283785,,,0.05068524746446568,0.12683152425128474,0.1403869501349203,0.10612053552978706,0.15893775005018734,0.08360359403401535,0.07257854508792949,0.07433938020307462,0.06286872330210641,0.20709869193752728,0.10192609426366528,0.1566121837373489,0.23266543389530292,0.022518000590984216,-0.03872081664608029,,-0.008785355543429074,0.19858386949246398,0.03901822037476599,0.023356328669302373,0.017647546339030207,0.10410255527709744,0.1013257314026782,0.016665985627717594,0.060328298159709415,0.07562198250253027,0.005739637270123665,-0.027321091380967444,0.0003400729036275585,0.03372337165919939,0.04179588177514043,0.020190819710377894,0.06794513962225696,0.029267113903048897,0.07183277105994604,0.040117169859271995,0.08737705075909405,0.06512001786370045,0.1532284425230277,0.125096261492269,0.12018502613150583,0.13572476545173812,0.1374358412574247,0.14456768730317204,0.058408642968517555,0.08993231407551061,0.06699966644534522,0.037663867287625497,0.12404509383817475,,0.11349462753188705,0.07025348764190958,0.15238108076606427,0.07981032484585082,0.10915987305876279,0.07743652047165306,0.12660655963672218,0.08907677769667355
2025-08-01,0.06933187409104563,0.032082388743503026,,-0.04942039342377713,-0.05651106789018978,0.03558905753607741,,,-0.008256623627690918,0.04472402399721864,0.02456609403051091,0.034640305866933147,0.0677965129052489,0.10991512299294082,0.0403682435136663,-0.01582447876563664,0.07061004325381687,0.2819508998037915,0.03580005507435258,-0.06062070854468335,0.19252095168473526,0.06670155694253033,0.16199472990859884,,0.10324489148946353,0.041091232766159225,0.07578068192308446,,-0.03633129133153057,0.07564112072387141,0.011007976216060533,-0.015693254191090467,0.059536357305319365,0.22961969476697808,0.044449939948420863,0.17551525701662066,0.06660483573743992,0.10639234211579318,0.03799783058606471,0.08429475440851492,0.0891108382193058,0.05852298180766666,0.15433086280681668,0.15165085033058573,0.046114176849073096,0.10651213155921138,0.18826565590237565,0.04178820382098583,0.01644684263366958,0.22388331027647115,0.043792399330190634,,0.036424036938776105,0.08362898899499968,0.049770001074736836,0.1677466710861598,0.048088463656033476,,0.08983011565981713,0.2359150692079423,0.06819808627177426,0.2434120445946788,-0.09428320397862855,0.04373162657097307,0.062308385322629056,0.22786701380986057
2025-09-01,-0.13730109952905323,-0.12403782963725335,,-0.05836372228677611,-0.06601450856232383,-0.12355636658821856,,,-0.018159009077316074,-0.0860710979693815,-0.07746267077531177,-0.08485599213609935,-0.09516567196144066,-0.10354125377069395,-0.1393912452940569,-0.2137043412063363,-0.11441963276591363,-0.35625758646668604,-0.05953384774314263,-0.1132767054377964,-0.15801697018141692,-0.07170383358076249,-0.07070758904621144,,-0.09981127986430993,-0.051552450044913156,-0.09766229615334993,,-0.06513923830287538,-0.10730650274610559,-0.11345151345864712,-0.07131251429111474,-0.07968225737684165,-0.3219485082228756,-0.005706787922647616,-0.2211585381227862,-0.08047655207057827,-0.0839537336623978,-0.037067329416259315,-0.04592976927884124,-0.08800579525562721,-0.06764123217852708,-0.15852806676206244,-0.013200360341611539,-0.10885154126475971,-0.043694632750854834,-0.12492056753214734,-0.11121494081258321,-0.05227993640890738,-0.31176623209972787,-0.127196551862778,,-0.13454856199819842,-0.1644702404316718,-0.14875225741732562,-0.14896460190017796,-0.16059950385062322,,-0.16603215745136762,-0.2376435866186416,-0.1463895662469229,-0.23962881009442893,0.03246615144097531,-0.07950787355521838,-0.1346566540502851,-0.31163039774201196
2025-10-01,-0.12265647764042262,-0.11074799074426284,0.2842799937184758,-0.10202819111975014,-0.09144869889951834,-0.12415583417823894,0.225674945399085,-0.1473245869368743,-0.1592544993869138,-0.15432817113561254,-0.1351018129453211,-0.14063785203625428,-0.15945003090087198,-0.16006631408303576,-0.0688412320496341,0.0888427542199342,-0.14112785070990094,0.17856277919422814,-0.09897732226164102,-0.1781873685114455,-0.24208103835614825,-0.12856074937570863,-0.13085001142454278,-0.14019184344137064,-0.10229465207739541,-0.17065001306167726,-0.11032042812046294,,-0.02076438050258178,-0.11080604542540706,-0.07829448485825985,-0.01256012669534079,-0.055711540859027964,-0.17983335232109687,-0.2000343096449342,-0.0724818371327014,-0.20335532734266082,-0.18648114943772107,-0.20182693444599248,-0.09416940752693065,-0.1489567133272168,-0.12349125780453546,-0.1400950722129755,-0.1292855570567445,-0.13261147173565774,-0.19705265206944378,0.09398872237408598,-0.13911722261280562,-0.15777317105721378,-0.12256648223942374,-0.12511737661369576,,-0.10559351657183047,-0.15612773379754896,-0.17106285759634982,-0.12962492872495646,-0.06445050643519812,,-0.08885930168275202,-0.11207112726398549,-0.13381596150780672,-0.12371953742511566,-0.10128214821801795,-0.13619441269336185,-0.12395599525200846,-0.09327392139923207
2025-11-01,0.22848675240365113,0.2866260785684115,-0.017242596900601925,0.2827001107640079,0.29837790621646254,0.1362704191612255,-0.1381645974788695,0.12292355561110502,0.13569178374674906,0.11100987375263299,0.21802157160346058,0.2587005475745975,0.15918376844053117,0.14556693346976862,0.20074113500180812,0.10356656223997163,0.19270750345278714,-0.25995021186914846,0.18044083751082152,0.0961292618222877,0.08378685485710191,0.11498647320346173,0.08659541034180362,0.13467802471243462,0.033644028191558484,0.11467670150976511,-0.019443947640216064,,0.07437274789203085,0.2573171911285548,0.21917296838476164,0.0874434030113943,0.14881219173115745,0.26710779193249423,0.09055393335087708,0.12515469256114253,0.08138016533480735,0.08176165981431699,0.12102349224871223,0.13369748486324534,0.18644340502886497,0.29905779967012963,0.22943972614999453,0.14677249943163223,0.35593472570758045,0.20567709569349413,-0.06721787101665488,0.25369691407620587,0.17320421964538313,0.3810531653001855,0.26266883405557906,,0.3610359637632881,0.19152497374784705,0.3371923310423949,0.2632620710305097,0.26464257084755705,,0.22421054673489338,0.2648804664838591,0.35711446358462395,0.2359018020428213,0.23786310711729708,0.2829051955541778,0.30768046267573534,0.3918094290575733
2025-12-01,-0.11888438121330508,-0.1085158122084657,-0.10865565469778427,-0.14565400204071333,-0.1313877872034328,0.0585188450878984,0.026057937670403042,0.015600249781138609,-0.05583958934283781,-0.03616810050147834,-0.1119757384697273,-0.12403284669477871,-0.02559885072751339,-0.05041545475517495,-0.17563753506951543,-0.10088522835747527,0.10515627075071554,-0.008448453958773361,-0.16836114016216688,0.1237635579584116,0.1544273307598802,0.03881728634404158,0.05371518705722039,-0.005559321623776092,0.048138171278840736,0.02770439077039233,0.11338536162794438,-0.121410387963382,-0.14079029267665155,-0.13448990671324845,-0.21472095077423084,-0.12561139734712978,-0.1710392724761498,-0.10479068249830839,0.08608075905093354,-0.027311700431346675,0.16432534753404104,0.08851581333936293,0.03028534292251639,0.08093563485435024,0.1563539713946015,-0.06549074331407134,0.05655892313857408,-0.02587088081810518,-0.10571889734299532,0.016128168543255272,-0.024182327933496672,-0.11960174073988991,-0.058721672454195295,-0.1052542377952269,-0.04778950605880125,-0.09108225971278888,-0.16234704337933195,0.017383423699153522,-0.07816828392643985,-0.027004463977660542,-0.07987318599664006,,-0.10641096122660301,-0.17023259102128066,-0.016299744646378067,0.010469985557811229,0.037173662888825065,-0.12846167334537933,-0.111883886452281,-0.14772733517151318
2026-01-01,-0.06075159219888243,-0.042669140799644706,-0.0824223016182298,-0.029365099880564904,-0.023059755318663548,-0.04939326378750175,-0.18556673774684485,-0.10338162329573067,-0.11865666382897003,-0.07669886573395646,-0.10309169282335334,-0.06575816270135912,-0.17631186985597458,-0.14263524374570852,-0.02492289672583614,-0.02645500736908868,-0.14729133163942754,-0.12791089476932682,-0.05906832204665399,-0.17652964978217664,-0.04930046399459237,-0.1629599672752185,-0.21601380472467166,-0.2367527958924433,-0.1408805538515221,-0.15877619502413196,-0.11947234842178645,-0.07227833698857472,-0.007091110451194585,-0.05194557780313491,0.05267147305813524,0.005758078886635376,-0.005477831091535101,-0.08447772563784069,-0.2017314721077168,-0.1458893406100727,-0.2513230408683159,-0.16603357800432703,-0.12651244913935628,-0.26678774762697244,-0.13834515600694328,-0.05879916107567992,-0.10033087564550691,-0.1734928809890146,-0.08876860268072191,-0.05740891208883807,-0.16190982816295113,-0.08366872891192886,-0.09089646940038171,-0.04692218759889355,-0.0804517191969043,-0.042293643714488204,-0.047680460762566615,-0.04553393552687905,-0.06400366023596815,-0.06716699439386545,-0.04507580176823767,-0.13717433658733452,-0.09851032378347029,-0.00970265511652739,-0.016914844178048005,-0.03199619706147161,-0.018671912612107433,-0.0978020533388025,-0.0811058641620651,-0.050992894937720704
2026-02-01,0.1553183838613288,-0.06041235739208825,0.03958069414314821,-0.002150203713136345,0.029715126599749606,0.07427876679203976,0.21567398175430352,0.1338878472767353,0.12543686995667955,0.20987248588170698,0.23844663759608536,0.1408866003277219,0.3020040436734575,0.10506779867477442,0.09237164111043222,-0.11776779739541635,0.09464016353355828,0.5472481868703606,0.04634002085859054,0.07697296288912414,0.22163143617916597,0.13326233241977803,0.12774672741842313,0.12688817807337227,0.13468486238415084,0.08592327582440355,0.06278951400941302,0.08861145809508741,0.050407115372324444,0.08273662566549483,0.1921623395583966,0.04234485468637472,0.16068313370944654,0.10795952296558188,0.11021535007010808,0.13245923293813106,0.11140701043724666,0.08771388518559278,0.0807522616841883,0.13081087383730614,0.037449124889133587,-0.03256217288297911,-0.017482005041431166,0.19810647843556667,0.006530630293644951,0.048871813835536904,0.15303587245762906,0.1561098023546419,0.07362650395682147,0.0002726153740845172,0.06547289659983119,0.18150693756059308,0.0533989395778422,0.19005703354980424,0.07680306510905824,0.07654203889913885,0.10599414386878464,0.22498215901018495,0.32687991590126775,0.05224983495387499,0.11802861866845621,0.11322364097649812,0.10338789558665556,0.047632655719944086,0.11350965198753728,0.03855018528762087
